"feature"	"metadata"	"value"	"name"	"coef"	"null_hypothesis"	"stderr"	"pval_individual"	"qval_individual"	"pval_joint"	"qval_joint"	"error"	"model"	"N"	"N_not_zero"
"GGB22635_SGB63107"	"Sex"	"M"	"SexM"	-2.25536818746242	-0.197565677367378	0.373932781695419	3.89841018992865e-05	0.0459232720373595	7.79666840383721e-05	0.0613950229835642	NA	"abundance"	50	27
"GGB46159_SGB63927"	"Sex"	"M"	"SexM"	2.14162589154764	-0.197565677367378	0.513872312461145	9.1661663742082e-05	0.0539887199440863	0.000183314925623564	0.0613950229835642	NA	"abundance"	50	42
"GGB22635_SGB63107"	"Sex"	"M"	"SexM"	-3.89049514584125	0	1.03445938350723	0.000169305168994095	0.0565080284092129	7.79666840383721e-05	0.0613950229835642	NA	"prevalence"	50	27
"GGB27876_SGB40310"	"Sex"	"M"	"SexM"	-3.29316202901668	0	0.883009146661884	0.000191877855379331	0.0565080284092129	0.000383718893647276	0.0613950229835642	NA	"prevalence"	50	27
"GGB14001_SGB21428"	"Genotype"	"MUT"	"GenotypeMUT"	2.17846958764011	0.518121331076144	0.400327424430384	0.000279645666723338	0.0612066226630666	0.000279645666723338	0.0613950229835642	NA	"abundance"	50	44
"GGB30045_SGB42945"	"Sex"	"M"	"SexM"	-1.65463995570044	-0.197565677367378	0.322115006137472	0.000311748502528353	0.0612066226630666	0.000311748502528353	0.0613950229835642	NA	"abundance"	50	33
"Caniella_muris"	"Genotype"	"MUT"	"GenotypeMUT"	2.74243913284058	0.518121331076144	0.603770363150108	0.00106110488111688	0.0648146887080187	0.00106110488111688	0.0879778306225503	NA	"abundance"	50	35
"GGB30046_SGB42947"	"Sex"	"M"	"SexM"	-1.32217943837723	-0.197565677367378	0.24181276024254	0.000698088388321416	0.0648146887080187	0.00139568944924492	0.0879778306225503	NA	"abundance"	50	25
"GGB70852_SGB95305"	"Sex"	"M"	"SexM"	2.97860671581295	-0.197565677367378	0.793694308849075	0.000644512308646705	0.0648146887080187	0.00128860922117741	0.0879778306225503	NA	"abundance"	50	28
"Acutalibacter_muris"	"Sequencing_Depth"	"Sequencing_Depth"	"Sequencing_Depth"	1.81730686109471	0	0.545245448511795	0.000859128009265178	0.0648146887080187	0.00171751791759405	0.0879778306225503	NA	"prevalence"	50	11
"Adlercreutzia_caecimuris"	"Sex"	"M"	"SexM"	-5.18533239980436	0	1.60565036731391	0.00124038070433473	0.0648146887080187	0.00247922286437777	0.0879778306225503	NA	"prevalence"	50	32
"Bacteroidales_bacterium"	"Sex"	"M"	"SexM"	-2.43030627500741	0	0.745727863019844	0.00111816676752137	0.0648146887080187	0.00223508323812275	0.0879778306225503	NA	"prevalence"	50	28
"GGB1503_SGB2082"	"Genotype"	"MUT"	"GenotypeMUT"	-3.95625528805965	0	1.19428165159818	0.000924115254589595	0.0648146887080187	0.00184737652017542	0.0879778306225503	NA	"prevalence"	50	29
"GGB24132_SGB35935"	"Sex"	"M"	"SexM"	-5.03288164108679	0	1.5290156526592	0.00099625280429194	0.0648146887080187	0.00199151308893382	0.0879778306225503	NA	"prevalence"	50	33
"GGB24146_SGB35950"	"Sex"	"M"	"SexM"	-2.81554085088232	0	0.857352071088247	0.00102346341582246	0.0648146887080187	0.0020458793542814	0.0879778306225503	NA	"prevalence"	50	30
"GGB27884_SGB40318"	"Sex"	"M"	"SexM"	-3.3213959279304	0	0.971745761144319	0.000630905212588303	0.0648146887080187	0.00126141238378933	0.0879778306225503	NA	"prevalence"	50	30
"GGB27919_SGB40357"	"Genotype"	"MUT"	"GenotypeMUT"	-3.90426305488097	0	1.21111436531624	0.0012654820375929	0.0648146887080187	0.00252936263039832	0.0879778306225503	NA	"prevalence"	50	28
"GGB75725_SGB102612"	"Sex"	"M"	"SexM"	-2.59780689720791	0	0.773847226007093	0.000787924646688793	0.0648146887080187	0.00157522846812873	0.0879778306225503	NA	"prevalence"	50	19
"GGB75879_SGB103683"	"Genotype"	"MUT"	"GenotypeMUT"	-3.2305379244094	0	0.965203639570984	0.000816908004106691	0.0648146887080187	0.00163314866952621	0.0879778306225503	NA	"prevalence"	50	27
"Lactobacillus_intestinalis"	"Sex"	"M"	"SexM"	-3.17693800294074	0	0.912204744818505	0.000496379125893704	0.0648146887080187	0.000992511859550786	0.0879778306225503	NA	"prevalence"	50	21
"Muribaculum_gordoncarteri"	"Sex"	"M"	"SexM"	-5.03288164108679	0	1.5290156526592	0.00099625280429194	0.0648146887080187	0.00199151308893382	0.0879778306225503	NA	"prevalence"	50	33
"Muribaculum_intestinale"	"Sex"	"M"	"SexM"	-4.9596942571752	0	1.52770421389042	0.00116832769187887	0.0648146887080187	0.00233529039416213	0.0879778306225503	NA	"prevalence"	50	34
"Parvibacter_caecicola"	"Sex"	"M"	"SexM"	-2.91406582112079	0	0.83353764769624	0.000472250044835343	0.0648146887080187	0.00094427706956584	0.0879778306225503	NA	"prevalence"	50	22
"GGB70852_SGB95305"	"Genotype"	"MUT"	"GenotypeMUT"	-3.73128415090353	0	1.17809779106989	0.0015390866191074	0.0755435015545217	0.00307580445059369	0.10252681501979	NA	"prevalence"	50	28
"GGB9439_SGB42949"	"Genotype"	"MUT"	"GenotypeMUT"	-0.506628895966713	0.518121331076144	0.276670873711329	0.0018839190306128	0.0792591649307814	0.0037642889103117	0.107551111723191	NA	"abundance"	50	32
"Adlercreutzia_aquisgranensis"	"Sex"	"M"	"SexM"	-2.86857294831262	0	0.921561816085352	0.00185365626377071	0.0792591649307814	0.0037038764859972	0.107551111723191	NA	"prevalence"	50	29
"Bacillota_unclassified_SGB63211"	"Sequencing_Depth"	"Sequencing_Depth"	"Sequencing_Depth"	1.53111100949602	0	0.489629098640325	0.00176549857703956	0.0792591649307814	0.00352788016885359	0.107551111723191	NA	"prevalence"	50	14
"GGB29531_SGB42317"	"Sequencing_Depth"	"Sequencing_Depth"	"Sequencing_Depth"	1.87416698807708	0	0.600419408183798	0.00179975197501394	0.0792591649307814	0.00359626484285631	0.107551111723191	NA	"prevalence"	50	9
"Faecalibaculum_rodentium"	"Sequencing_Depth"	"Sequencing_Depth"	"Sequencing_Depth"	0.0740033514257807	-0.488797967236592	0.161684112299099	0.00235477980549648	0.0868987151504069	0.00235477980549648	0.0879778306225503	NA	"abundance"	50	50
"Coriobacteriaceae_bacterium"	"Sex"	"M"	"SexM"	-4.36967551417659	0	1.4370796952094	0.0023605763028973	0.0868987151504069	0.0047155802853128	0.11788950713282	NA	"prevalence"	50	31
"GGB45514_SGB63186"	"Sequencing_Depth"	"Sequencing_Depth"	"Sequencing_Depth"	1.61001468402246	0	0.525064233518582	0.00216711628374311	0.0868987151504069	0.00432953617449896	0.11788950713282	NA	"prevalence"	50	10
"Muribaculaceae_bacterium"	"Sex"	"M"	"SexM"	-2.28254844280097	0	0.750404206414815	0.00235200441941177	0.0868987151504069	0.0046984769140346	0.11788950713282	NA	"prevalence"	50	29
"Akkermansia_muciniphila"	"Sex"	"M"	"SexM"	2.10605667117854	-0.197565677367378	0.710102632900069	0.00291729365810545	0.104138543310552	0.00582607671392327	0.13927640774611	NA	"abundance"	50	44
"GGB27861_SGB40295"	"Sequencing_Depth"	"Sequencing_Depth"	"Sequencing_Depth"	-1.21995947452299	-0.488797967236592	0.190517313531225	0.00354216712198441	0.111504542428399	0.00707178729604874	0.147041916360904	NA	"abundance"	50	17
"GGB30046_SGB42947"	"Sex"	"M"	"SexM"	-2.47411883966892	0	0.846152891248781	0.00345607014043999	0.111504542428399	0.00139568944924492	0.0879778306225503	NA	"prevalence"	50	25
"GGB75726_SGB102611"	"Sequencing_Depth"	"Sequencing_Depth"	"Sequencing_Depth"	1.40622067751282	0	0.483524556138767	0.00363432683089046	0.111504542428399	0.0072554453302672	0.147041916360904	NA	"prevalence"	50	10
"Lepagella_muris"	"Sex"	"M"	"SexM"	-1.95912413297133	0	0.674773435877704	0.00369157653200981	0.111504542428399	0.00736952532672793	0.147041916360904	NA	"prevalence"	50	26
"Ligilactobacillus_murinus"	"Sequencing_Depth"	"Sequencing_Depth"	"Sequencing_Depth"	2.23328098371286	0	0.766001655217557	0.00355114415309587	0.111504542428399	0.00708967768139567	0.147041916360904	NA	"prevalence"	50	34
"Paramuribaculum_intestinale"	"Genotype"	"MUT"	"GenotypeMUT"	-3.37749972253142	0	1.154890436938	0.003449883495982	0.111504542428399	0.00688786529582816	0.147041916360904	NA	"prevalence"	50	26
"Adlercreutzia_mucosicola"	"Sequencing_Depth"	"Sequencing_Depth"	"Sequencing_Depth"	1.61675784143725	0	0.559666984336319	0.00386732841902404	0.113892821940258	0.00771970060894748	0.147041916360904	NA	"prevalence"	50	23
"GGB28310_SGB40880"	"Sequencing_Depth"	"Sequencing_Depth"	"Sequencing_Depth"	0.18779577488002	-0.488797967236592	0.215173529804655	0.00488130563204836	0.120956588006844	0.00973878411942326	0.151276182377523	NA	"abundance"	50	44
"Adlercreutzia_SGB42953"	"Genotype"	"MUT"	"GenotypeMUT"	-3.52485660182663	0	1.24313260721913	0.00457593048505446	0.120956588006844	0.00457593048505446	0.11788950713282	NA	"prevalence"	50	11
"Clostridia_bacterium"	"Sequencing_Depth"	"Sequencing_Depth"	"Sequencing_Depth"	1.40750479399069	0	0.498532770809016	0.00475328978226795	0.120956588006844	0.00948398580078169	0.151276182377523	NA	"prevalence"	50	23
"GGB27478_SGB39772"	"Sequencing_Depth"	"Sequencing_Depth"	"Sequencing_Depth"	1.42240280892723	0	0.500732596246466	0.00450226078319921	0.120956588006844	0.00898425121423849	0.151276182377523	NA	"prevalence"	50	8
"GGB27849_SGB40283"	"Sex"	"M"	"SexM"	-1.94244027811175	0	0.688290950105311	0.0047707187995875	0.120956588006844	0.00951867784131027	0.151276182377523	NA	"prevalence"	50	28
"GGB27860_SGB40294"	"Sex"	"M"	"SexM"	-1.94244027811175	0	0.688290950105311	0.0047707187995875	0.120956588006844	0.00951867784131027	0.151276182377523	NA	"prevalence"	50	28
"GGB30461_SGB63209"	"Sequencing_Depth"	"Sequencing_Depth"	"Sequencing_Depth"	1.47262731288754	0	0.515767881504145	0.00430079342557116	0.120956588006844	0.00858309002705288	0.151276182377523	NA	"prevalence"	50	10
"Limosilactobacillus_reuteri"	"Sequencing_Depth"	"Sequencing_Depth"	"Sequencing_Depth"	1.72843708171717	0	0.614738501964949	0.00492862158262184	0.120956588006844	0.009832951854539	0.151276182377523	NA	"prevalence"	50	30
"Adlercreutzia_mucosicola"	"Sex"	"M"	"SexM"	-2.21053711043176	0	0.792979691089197	0.00530944988750206	0.124538777959024	0.0105907095168962	0.153890700493724	NA	"prevalence"	50	23
"GGB28317_SGB40889"	"Sequencing_Depth"	"Sequencing_Depth"	"Sequencing_Depth"	1.37967976094028	0	0.496696000578459	0.00547426681126787	0.124538777959024	0.0109185660254148	0.153890700493724	NA	"prevalence"	50	13
"Muribaculum_intestinale"	"Genotype"	"MUT"	"GenotypeMUT"	-3.68694331066937	0	1.32206473014821	0.00529075308918082	0.124538777959024	0.010553514110111	0.153890700493724	NA	"prevalence"	50	34
"Paramuribaculum_intestinale"	"Sex"	"M"	"SexM"	-3.13131456895509	0	1.12785699241477	0.00549746727832706	0.124538777959024	0.0109647124101778	0.153890700493724	NA	"prevalence"	50	26
"GGB27478_SGB39772"	"Sex"	"M"	"SexM"	3.90055158403323	-0.197565677367378	0.555553296172105	0.00563114426501676	0.124716592322702	0.0112305787443001	0.154904534404139	NA	"abundance"	50	8
"Lachnospiraceae_unclassified_SGB41405"	"Genotype"	"MUT"	"GenotypeMUT"	-0.7575915804361	0.518121331076144	0.211673674897392	0.00591924732920968	0.124716592322702	0.00591924732920968	0.13927640774611	NA	"abundance"	50	9
"Adlercreutzia_aquisgranensis"	"Genotype"	"MUT"	"GenotypeMUT"	-2.65023097313119	0	0.96312732292816	0.00592880235150365	0.124716592322702	0.0118224540056841	0.157632720075788	NA	"prevalence"	50	29
"Bacillota_unclassified_SGB43546"	"Sequencing_Depth"	"Sequencing_Depth"	"Sequencing_Depth"	1.27759734424165	0	0.463626148818354	0.00585733423703058	0.124716592322702	0.0116803601096969	0.157632720075788	NA	"prevalence"	50	9
"GGB28949_SGB41655"	"Sequencing_Depth"	"Sequencing_Depth"	"Sequencing_Depth"	1.29230113345093	0	0.473105607866393	0.00630414168451777	0.126304510359672	0.0125685411666571	0.158922180509368	NA	"prevalence"	50	7
"GGB30046_SGB42947"	"Sequencing_Depth"	"Sequencing_Depth"	"Sequencing_Depth"	1.43445441758527	0	0.524557823135444	0.0062456629488511	0.126304510359672	0.0124523175920315	0.158922180509368	NA	"prevalence"	50	25
"GGB30294_SGB43258"	"Sequencing_Depth"	"Sequencing_Depth"	"Sequencing_Depth"	1.38109012041165	0	0.505821590006256	0.00632594746283585	0.126304510359672	0.0126118773143691	0.158922180509368	NA	"prevalence"	50	15
"Parasutterella_muris"	"Sex"	"M"	"SexM"	1.22255802048715	-0.197565677367378	0.452845868318833	0.00655008520071465	0.128600006107364	0.0130572667852927	0.158922180509368	NA	"abundance"	50	29
"Parvibacter_caecicola"	"Genotype"	"MUT"	"GenotypeMUT"	-1.03150285782824	0.518121331076144	0.503118979271538	0.00790879879031492	0.133011874658944	0.0157550484823242	0.159694196754717	NA	"abundance"	50	22
"Sangeribacter_muris"	"Genotype"	"MUT"	"GenotypeMUT"	-0.868425466354122	0.518121331076144	0.417224338424431	0.00739824254874133	0.133011874658944	0.0147417511046726	0.159370282212677	NA	"abundance"	50	17
"Bacillota_unclassified_SGB43549"	"Sequencing_Depth"	"Sequencing_Depth"	"Sequencing_Depth"	1.53571569203592	0	0.575128563719388	0.0075803173246508	0.133011874658944	0.0075803173246508	0.147041916360904	NA	"prevalence"	50	5
"Clostridiaceae_bacterium"	"Sequencing_Depth"	"Sequencing_Depth"	"Sequencing_Depth"	1.18161628324093	0	0.438539094604121	0.00705074996174738	0.133011874658944	0.0140517868484717	0.159370282212677	NA	"prevalence"	50	16
"Coriobacteriaceae_bacterium"	"Sequencing_Depth"	"Sequencing_Depth"	"Sequencing_Depth"	2.24320936126128	0	0.835581744928711	0.00726149380309199	0.133011874658944	0.0144702583139316	0.159370282212677	NA	"prevalence"	50	31
"Duncaniella_dubosii"	"Genotype"	"MUT"	"GenotypeMUT"	-1.99139239120821	0	0.748070687817015	0.00776691732847236	0.133011874658944	0.0154735096521574	0.159694196754717	NA	"prevalence"	50	24
"Duncaniella_dubosii"	"Sex"	"M"	"SexM"	-2.03463818087215	0	0.767187828770615	0.00799992269057894	0.133011874658944	0.0159358466181026	0.159694196754717	NA	"prevalence"	50	24
"GGB24132_SGB35935"	"Genotype"	"MUT"	"GenotypeMUT"	-3.57664859721441	0	1.34898663370506	0.00801684473750852	0.133011874658944	0.0159694196754717	0.159694196754717	NA	"prevalence"	50	33
"GGB28904_SGB41597"	"Sequencing_Depth"	"Sequencing_Depth"	"Sequencing_Depth"	1.14742381676146	0	0.42660148923726	0.00715193973610953	0.133011874658944	0.0142527292302301	0.159370282212677	NA	"prevalence"	50	12
"GGB32371_SGB41694"	"Genotype"	"MUT"	"GenotypeMUT"	-4.27904437606333	0	1.58401156832839	0.00690488272977925	0.133011874658944	0.00690488272977925	0.147041916360904	NA	"prevalence"	50	10
"Muribaculum_gordoncarteri"	"Genotype"	"MUT"	"GenotypeMUT"	-3.57664859721441	0	1.34898663370506	0.00801684473750852	0.133011874658944	0.0159694196754717	0.159694196754717	NA	"prevalence"	50	33
"Muricaecibacterium_torontonense"	"Sequencing_Depth"	"Sequencing_Depth"	"Sequencing_Depth"	0.0357308766433207	-0.488797967236592	0.176645400200414	0.00869995982795313	0.136934433236464	0.0173242303548983	0.169016881511203	NA	"abundance"	50	40
"Bacillota_unclassified_SGB43543"	"Genotype"	"MUT"	"GenotypeMUT"	3.03397405931854	0	1.15672072324818	0.00871823641148967	0.136934433236464	0.00871823641148967	0.151276182377523	NA	"prevalence"	50	10
"GGB30046_SGB42947"	"Genotype"	"MUT"	"GenotypeMUT"	-2.42983499712493	0	0.923706124679649	0.00852522997630016	0.136934433236464	0.0169777804064515	0.167681781792114	NA	"prevalence"	50	25
"GGB75074_SGB102167"	"Sex"	"M"	"SexM"	-2.98972699435763	0	1.13858093246458	0.00864364091981541	0.136934433236464	0.00864364091981541	0.151276182377523	NA	"prevalence"	50	13
"GGB70852_SGB95305"	"Sex"	"M"	"SexM"	-3.00100607227624	0	1.14726415380276	0.00890203871127128	0.137981600024705	0.00128860922117741	0.0879778306225503	NA	"prevalence"	50	28
"Caniella_muris"	"Sex"	"M"	"SexM"	-2.02066485708001	-0.197565677367378	0.645443094059702	0.00974284926578761	0.146975618234777	0.0193907754197594	0.176279776543267	NA	"abundance"	50	35
"Alistipes_timonensis"	"Sequencing_Depth"	"Sequencing_Depth"	"Sequencing_Depth"	1.30481944479935	0	0.50643606669671	0.00998136626382185	0.146975618234777	0.0198631048551511	0.176560932045788	NA	"prevalence"	50	6
"Bacillota_unclassified_SGB63211"	"Genotype"	"MUT"	"GenotypeMUT"	2.39881381916895	0	0.930494301848836	0.0099374149711373	0.146975618234777	0.019776077725966	0.176560932045788	NA	"prevalence"	50	14
"GGB115370_SGB161393"	"Sequencing_Depth"	"Sequencing_Depth"	"Sequencing_Depth"	1.52818612893073	0	0.591820482119085	0.00981787883427684	0.146975618234777	0.00981787883427684	0.151276182377523	NA	"prevalence"	50	7
"GGB27480_SGB39776"	"Sequencing_Depth"	"Sequencing_Depth"	"Sequencing_Depth"	1.22433037403786	0	0.479525650314489	0.0106734681064121	0.15255023054048	0.0212330132914055	0.180053578807789	NA	"prevalence"	50	8
"GGB27919_SGB40357"	"Sex"	"M"	"SexM"	-2.93238273144747	0	1.14960574388459	0.0107484457851102	0.15255023054048	0.021381362483425	0.180053578807789	NA	"prevalence"	50	28
"GGB30461_SGB43529"	"Sequencing_Depth"	"Sequencing_Depth"	"Sequencing_Depth"	1.30806279540555	0	0.511610340763678	0.0105653305526369	0.15255023054048	0.0105653305526369	0.153890700493724	NA	"prevalence"	50	8
"Oscillibacter_sp_CU971"	"Sequencing_Depth"	"Sequencing_Depth"	"Sequencing_Depth"	1.46409076697429	0	0.575573022246643	0.0109682150867106	0.153816159192204	0.0218161284312329	0.181801070260274	NA	"prevalence"	50	7
"GGB27885_SGB40319"	"Sequencing_Depth"	"Sequencing_Depth"	"Sequencing_Depth"	1.15204159608146	0	0.457459295485074	0.0117906839658262	0.161504950136549	0.0234423477032703	0.1894331127537	NA	"prevalence"	50	23
"GGB3171_SGB4185"	"Sequencing_Depth"	"Sequencing_Depth"	"Sequencing_Depth"	1.037307748083	0	0.411799895363492	0.0117701796846153	0.161504950136549	0.0234018222394225	0.1894331127537	NA	"prevalence"	50	9
"GGB27478_SGB39772"	"Sequencing_Depth"	"Sequencing_Depth"	"Sequencing_Depth"	0.766802096412166	-0.488797967236592	0.219815636241148	0.0119976431443123	0.162450846252872	0.00898425121423849	0.151276182377523	NA	"abundance"	50	8
"GGB22635_SGB33556"	"Sex"	"M"	"SexM"	-1.63867503000707	-0.197565677367378	0.386431937109624	0.0130308311073797	0.170937359486348	0.0130308311073797	0.158922180509368	NA	"abundance"	50	10
"Oscillibacter_sp_CU971"	"Sequencing_Depth"	"Sequencing_Depth"	"Sequencing_Depth"	-2.09084848531021	-0.488797967236592	0.170998390637932	0.01307134363244	0.170937359486348	0.0218161284312329	0.181801070260274	NA	"abundance"	50	7
"Coriobacteriaceae_bacterium"	"Genotype"	"MUT"	"GenotypeMUT"	-3.26036694655949	0	1.31562081289207	0.0132048384662629	0.170937359486348	0.0262353091736057	0.207804429097867	NA	"prevalence"	50	31
"Flintibacter_SGB43538"	"Sequencing_Depth"	"Sequencing_Depth"	"Sequencing_Depth"	1.53546790242273	0	0.618956158704111	0.0131110798920229	0.170937359486348	0.0131110798920229	0.158922180509368	NA	"prevalence"	50	4
"GGB30454_SGB43516"	"Sequencing_Depth"	"Sequencing_Depth"	"Sequencing_Depth"	1.09005128429913	0	0.44075954618583	0.0133939130393282	0.17150032130792	0.0133939130393282	0.159370282212677	NA	"prevalence"	50	8
"Adlercreutzia_caecimuris"	"Genotype"	"MUT"	"GenotypeMUT"	-3.37900966330372	0	1.36997708372627	0.0136451522521031	0.171998333250455	0.0271041143242231	0.212581288817436	NA	"prevalence"	50	32
"GGB30461_SGB63208"	"Sequencing_Depth"	"Sequencing_Depth"	"Sequencing_Depth"	1.49220201201462	0	0.606413166059265	0.0138665538238487	0.171998333250455	0.0138665538238487	0.159370282212677	NA	"prevalence"	50	4
"GGB75074_SGB102167"	"Sequencing_Depth"	"Sequencing_Depth"	"Sequencing_Depth"	1.29186242415214	0	0.525824597178044	0.0140168420985091	0.171998333250455	0.0140168420985091	0.159370282212677	NA	"prevalence"	50	13
"Neglectibacter_sp_X4"	"Sequencing_Depth"	"Sequencing_Depth"	"Sequencing_Depth"	1.07938008144017	0	0.438739612477659	0.0138865883118323	0.171998333250455	0.0275803392887222	0.214216227485221	NA	"prevalence"	50	15
"Adlercreutzia_muris"	"Sex"	"M"	"SexM"	-2.76999870232228	0	1.13047416446045	0.0142737985809299	0.172695694196833	0.0283438558359308	0.216469641517123	NA	"prevalence"	50	38
"GGB27884_SGB40318"	"Genotype"	"MUT"	"GenotypeMUT"	-2.2793040537218	0	0.931104558546001	0.0143668743898894	0.172695694196833	0.0285273417000439	0.216469641517123	NA	"prevalence"	50	30
"GGB32371_SGB41694"	"Sex"	"M"	"SexM"	-2.41769909539026	0	0.990219693920587	0.0146232095492231	0.173301962273432	0.0146232095492231	0.159370282212677	NA	"prevalence"	50	10
"Sangeribacter_muris"	"Sequencing_Depth"	"Sequencing_Depth"	"Sequencing_Depth"	1.01057186272305	0	0.414270115417818	0.0147115417889162	0.173301962273432	0.0292066541160253	0.216469641517123	NA	"prevalence"	50	17
"Lactobacillus_johnsonii"	"Sequencing_Depth"	"Sequencing_Depth"	"Sequencing_Depth"	1.46701008148531	0	0.602585066297939	0.0149112353612784	0.173915200550356	0.0296001257825574	0.216469641517123	NA	"prevalence"	50	34
"GGB1503_SGB2082"	"Sex"	"M"	"SexM"	-2.80124720819462	0	1.15286120320521	0.0151062507855132	0.174462386522888	0.0299843027582316	0.216469641517123	NA	"prevalence"	50	29
"GGB28778_SGB41431"	"Sequencing_Depth"	"Sequencing_Depth"	"Sequencing_Depth"	0.956058296035169	0	0.394100623028764	0.0152694530037149	0.174635103285206	0.0303057498123972	0.216469641517123	NA	"prevalence"	50	11
"Caniella_muris"	"Sex"	"M"	"SexM"	-2.03722993241515	0	0.841070958649395	0.0154274705313772	0.174745771980408	0.0193907754197594	0.176279776543267	NA	"prevalence"	50	35
"GGB30298_SGB43262"	"Sex"	"M"	"SexM"	-2.67950314092421	0	1.1102782541486	0.0158061202643891	0.176929131834317	0.0158061202643891	0.159694196754717	NA	"prevalence"	50	11
"GGB30455_SGB43519"	"Sequencing_Depth"	"Sequencing_Depth"	"Sequencing_Depth"	1.00006491141797	0	0.415127242299801	0.015993829126461	0.176929131834317	0.0317318556827957	0.223742834767049	NA	"prevalence"	50	9
"Oscillospiraceae_unclassified_SGB102175"	"Sequencing_Depth"	"Sequencing_Depth"	"Sequencing_Depth"	1.25466951545852	0	0.521192931387271	0.0160708124841018	0.176929131834317	0.0318833539543045	0.223742834767049	NA	"prevalence"	50	6
"GGB18828_SGB27767"	"Genotype"	"MUT"	"GenotypeMUT"	-1.1475999691273	0.518121331076144	0.585662351492683	0.0171448858005636	0.178147873946584	0.0339958244920129	0.22621992158679	NA	"abundance"	50	16
"GGB42598_SGB59794"	"Sequencing_Depth"	"Sequencing_Depth"	"Sequencing_Depth"	-1.27518079518403	-0.488797967236592	0.299614744987717	0.0194967713765006	0.178147873946584	0.0386134186588937	0.23066580816569	NA	"abundance"	50	23
"Acutalibacter_caecimuris"	"Sequencing_Depth"	"Sequencing_Depth"	"Sequencing_Depth"	1.09301637524071	0	0.466576570673144	0.0191483504773534	0.178147873946584	0.0191483504773534	0.176076785998652	NA	"prevalence"	50	6
"bacterium_1xD42_67"	"Sequencing_Depth"	"Sequencing_Depth"	"Sequencing_Depth"	1.34636323954607	0	0.574172398744353	0.0190333940870841	0.178147873946584	0.0190333940870841	0.176076785998652	NA	"prevalence"	50	4
"Clostridiales_bacterium"	"Sequencing_Depth"	"Sequencing_Depth"	"Sequencing_Depth"	1.19981331332409	0	0.506387116508184	0.0178189059466591	0.178147873946584	0.0353202984841824	0.227872893446338	NA	"prevalence"	50	11
"Clostridiales_bacterium"	"Site"	"Jejunum"	"SiteJejunum"	2.29403080699396	0	0.982173339605604	0.0195085532590062	0.178147873946584	0.038636522867753	0.23066580816569	NA	"prevalence"	50	11
"GGB18828_SGB27767"	"Sequencing_Depth"	"Sequencing_Depth"	"Sequencing_Depth"	0.992746463487757	0	0.423443568451122	0.0190546597232309	0.178147873946584	0.0377462393892938	0.23066580816569	NA	"prevalence"	50	16
"GGB27885_SGB40319"	"Genotype"	"MUT"	"GenotypeMUT"	-1.91757433793272	0	0.803368878124735	0.0169903550869145	0.178147873946584	0.0336920380078496	0.22621992158679	NA	"prevalence"	50	23
"GGB27885_SGB40319"	"Sex"	"M"	"SexM"	-1.69208421861443	0	0.72274244825678	0.019221895619344	0.178147873946584	0.0380743099674871	0.23066580816569	NA	"prevalence"	50	23
"GGB28769_SGB41421"	"Sequencing_Depth"	"Sequencing_Depth"	"Sequencing_Depth"	1.200865072349	0	0.501785752566848	0.0167029133300272	0.178147873946584	0.033126839346344	0.226084585457808	NA	"prevalence"	50	6
"GGB30296_SGB43260"	"Sequencing_Depth"	"Sequencing_Depth"	"Sequencing_Depth"	1.14054724426318	0	0.485103128093299	0.0187157959974162	0.178147873946584	0.0187157959974162	0.176076785998652	NA	"prevalence"	50	5
"GGB30475_SGB63182"	"Sex"	"M"	"SexM"	-2.76512547693451	0	1.16529377865758	0.0176490468453114	0.178147873946584	0.0176490468453114	0.170111294894568	NA	"prevalence"	50	10
"GGB42598_SGB59794"	"Sex"	"M"	"SexM"	-1.54030021230981	0	0.648746752584306	0.0175836681765189	0.178147873946584	0.0348581509664958	0.2267196810829	NA	"prevalence"	50	23
"GGB46162_SGB63930"	"Sequencing_Depth"	"Sequencing_Depth"	"Sequencing_Depth"	0.96244786090179	0	0.409264023492403	0.0186900918601747	0.178147873946584	0.0370308641866075	0.23066580816569	NA	"prevalence"	50	18
"GGB75879_SGB103683"	"Sex"	"M"	"SexM"	-2.12138283759548	0	0.885077191809317	0.0165374275623353	0.178147873946584	0.0328013686142911	0.226084585457808	NA	"prevalence"	50	27
"GGB9439_SGB42949"	"Genotype"	"MUT"	"GenotypeMUT"	-1.71689173889016	0	0.725061859420808	0.0178881860063788	0.178147873946584	0.0037642889103117	0.107551111723191	NA	"prevalence"	50	32
"Lactobacillus_intestinalis"	"Genotype"	"MUT"	"GenotypeMUT"	-2.203807217067	0	0.940691085001301	0.0191420314838433	0.178147873946584	0.0379176455983581	0.23066580816569	NA	"prevalence"	50	21
"Lactobacillus_johnsonii"	"Sex"	"M"	"SexM"	-2.00576406844872	0	0.838977094423358	0.0168151121762635	0.178147873946584	0.0333474763550267	0.226084585457808	NA	"prevalence"	50	34
"Oscillospiraceae_unclassified_SGB43526"	"Sequencing_Depth"	"Sequencing_Depth"	"Sequencing_Depth"	1.08738472642374	0	0.463237432199716	0.0189070090457595	0.178147873946584	0.0189070090457595	0.176076785998652	NA	"prevalence"	50	6
"Parvibacter_caecicola"	"Sequencing_Depth"	"Sequencing_Depth"	"Sequencing_Depth"	1.30458120444414	0	0.557520278840121	0.0192852447080836	0.178147873946584	0.0381985687527165	0.23066580816569	NA	"prevalence"	50	22
"Turicimonas_muris"	"Genotype"	"MUT"	"GenotypeMUT"	-1.75455222202669	0	0.733145276349057	0.0167028202892898	0.178147873946584	0.0331266563729634	0.226084585457808	NA	"prevalence"	50	28
"Turicimonas_muris"	"Sex"	"M"	"SexM"	-1.67012971785895	0	0.712916287538068	0.0191461568291566	0.178147873946584	0.0379257383369864	0.23066580816569	NA	"prevalence"	50	28
"GGB27866_SGB40300"	"Sex"	"M"	"SexM"	-1.61238453738053	0	0.692900843210189	0.0199649368601697	0.180913043240615	0.0395312750165089	0.234259407505238	NA	"prevalence"	50	19
"GGB75057_SGB102223"	"Sequencing_Depth"	"Sequencing_Depth"	"Sequencing_Depth"	1.00281547809557	0	0.43201709652976	0.0202738803598017	0.18231016079272	0.0202738803598017	0.178231915251004	NA	"prevalence"	50	8
"Alistipes_muris"	"Sequencing_Depth"	"Sequencing_Depth"	"Sequencing_Depth"	1.30481303732322	0	0.56400861839321	0.0206971999895919	0.184706830210146	0.0206971999895919	0.179975652083408	NA	"prevalence"	50	4
"GGB27482_SGB39778"	"Sex"	"M"	"SexM"	-1.5927152673836	0	0.690733396358837	0.0211200134466727	0.187062976241958	0.0417939719253578	0.242283895219466	NA	"prevalence"	50	19
"GGB42646_SGB59844"	"Sex"	"M"	"SexM"	-2.60990874555657	0	1.13343768676853	0.0212986202220569	0.187237124041664	0.0212986202220569	0.180053578807789	NA	"prevalence"	50	10
"Duncaniella_freteri"	"Sequencing_Depth"	"Sequencing_Depth"	"Sequencing_Depth"	-0.931320874860104	-0.488797967236592	0.101845953561283	0.0223620865451761	0.195129910742352	0.0442241101756983	0.250916937167083	NA	"abundance"	50	9
"GGB30294_SGB43258"	"Sex"	"M"	"SexM"	-1.91217674522338	0	0.838481864415628	0.0225767187660016	0.195554225781984	0.044643729301764	0.251513967897262	NA	"prevalence"	50	15
"Neglectibacter_sp_X4"	"Sex"	"M"	"SexM"	-1.86768725825829	0	0.820240461914166	0.022786245532894	0.195928446990869	0.0450532780803026	0.252046310938756	NA	"prevalence"	50	15
"Adlercreutzia_caecimuris"	"Sex"	"M"	"SexM"	-1.53266373392258	-0.197565677367378	0.537474486956039	0.0233686820680526	0.196968428495152	0.00247922286437777	0.0879778306225503	NA	"abundance"	50	32
"Bacillota_unclassified_SGB43543"	"Sequencing_Depth"	"Sequencing_Depth"	"Sequencing_Depth"	1.03227679689649	0	0.455410368616536	0.0234088115359263	0.196968428495152	0.0234088115359263	0.1894331127537	NA	"prevalence"	50	10
"Lachnospiraceae_unclassified_SGB7275"	"Genotype"	"MUT"	"GenotypeMUT"	1.68624222707491	0	0.742555091401312	0.0231551630661912	0.196968428495152	0.0457741645557605	0.252785730836301	NA	"prevalence"	50	12
"GGB25041_SGB36960"	"Sequencing_Depth"	"Sequencing_Depth"	"Sequencing_Depth"	0.8144238963139	0	0.362908611192128	0.0248223022803154	0.207380653093699	0.0490284578701354	0.265018691189921	NA	"prevalence"	50	14
"GGB28382_SGB40962"	"Sex"	"M"	"SexM"	2.81668298500186	0	1.25762409784652	0.0251113202655914	0.20778559578474	0.0495920621257016	0.266266105372895	NA	"prevalence"	50	8
"GGB74395_SGB43523"	"Sequencing_Depth"	"Sequencing_Depth"	"Sequencing_Depth"	1.15084223582794	0	0.514236772669149	0.0252235485545143	0.20778559578474	0.0252235485545143	0.201788388436115	NA	"prevalence"	50	4
"GGB28898_SGB41580"	"Sequencing_Depth"	"Sequencing_Depth"	"Sequencing_Depth"	-3.03964080969504	-0.488797967236592	0.740822569221456	0.0265524000418924	0.217213383676037	0.0523997701358001	0.279465440724267	NA	"abundance"	50	9
"GGB28382_SGB40962"	"Sequencing_Depth"	"Sequencing_Depth"	"Sequencing_Depth"	-1.69135262275799	-0.488797967236592	0.294909579417721	0.0285004362307961	0.23154147503364	0.0561885975962466	0.28957741529317	NA	"abundance"	50	8
"GGB30475_SGB63182"	"Sequencing_Depth"	"Sequencing_Depth"	"Sequencing_Depth"	1.04580281997721	0	0.479064547323882	0.0290350547651801	0.232675472880151	0.0290350547651801	0.216469641517123	NA	"prevalence"	50	10
"GGB30861_SGB44083"	"Sequencing_Depth"	"Sequencing_Depth"	"Sequencing_Depth"	2.20300211781356	0	1.00840168428447	0.0289147096429291	0.232675472880151	0.0569933588521234	0.290412019628654	NA	"prevalence"	50	40
"Adlercreutzia_mucosicola"	"Genotype"	"MUT"	"GenotypeMUT"	-1.88091767373866	0	0.864216491918791	0.029522173973881	0.232909906004188	0.0581727891916179	0.29401434870667	NA	"prevalence"	50	23
"GGB28317_SGB40889"	"Sex"	"M"	"SexM"	-2.01568178470699	0	0.926905676028413	0.0296574583197183	0.232909906004188	0.0584353518054508	0.29401434870667	NA	"prevalence"	50	13
"Oscillospiraceae_bacterium"	"Sequencing_Depth"	"Sequencing_Depth"	"Sequencing_Depth"	0.967442152691498	0	0.444022156598072	0.0293454112441754	0.232909906004188	0.0293454112441754	0.216469641517123	NA	"prevalence"	50	6
"GGB27478_SGB39772"	"Site"	"Jejunum"	"SiteJejunum"	-0.781585518637023	0.169814988290091	0.208413864011762	0.0302661014869257	0.234562286523674	0.0302661014869257	0.216469641517123	NA	"abundance"	50	8
"Lactobacillus_johnsonii"	"Genotype"	"MUT"	"GenotypeMUT"	-1.82885457305287	0	0.843644260418285	0.0301736771981472	0.234562286523674	0.0594369036006364	0.295251870302402	NA	"prevalence"	50	34
"Muribaculum_gordoncarteri"	"Sex"	"M"	"SexM"	-1.13722456531163	-0.197565677367378	0.388577287889989	0.030951176354799	0.238303828404923	0.00199151308893382	0.0879778306225503	NA	"abundance"	50	33
"Adlercreutzia_caecimuris"	"Sequencing_Depth"	"Sequencing_Depth"	"Sequencing_Depth"	0.0225805805913034	-0.488797967236592	0.215006009168044	0.031614837147538	0.241832975063635	0.0622301763672106	0.301722067234961	NA	"abundance"	50	32
"GGB46162_SGB63930"	"Site"	"Jejunum"	"SiteJejunum"	1.46006528495925	0	0.681497616666201	0.032158383249795	0.244403712698442	0.0632826048863492	0.30450241973672	NA	"prevalence"	50	18
"GGB28310_SGB40880"	"Sex"	"M"	"SexM"	-1.1902578111508	-0.197565677367378	0.425562291954974	0.0329676481695969	0.248948009896058	0.0648484305133594	0.30450241973672	NA	"abundance"	50	44
"GGB27482_SGB39778"	"Sequencing_Depth"	"Sequencing_Depth"	"Sequencing_Depth"	0.848694346729715	0	0.401363252868169	0.0344700873915685	0.252417874617757	0.0677519878583547	0.309723373066764	NA	"prevalence"	50	19
"GGB30468_SGB43552"	"Sequencing_Depth"	"Sequencing_Depth"	"Sequencing_Depth"	1.2029677758611	0	0.568995413347168	0.0344985380419855	0.252417874617757	0.0344985380419855	0.22621992158679	NA	"prevalence"	50	3
"Muricaecibacterium_torontonense"	"Genotype"	"MUT"	"GenotypeMUT"	-1.7057030989221	0	0.805383738500447	0.0341855487539904	0.252417874617757	0.0672024457643694	0.308976762135032	NA	"prevalence"	50	40
"Oscillibacter_SGB94990"	"Sequencing_Depth"	"Sequencing_Depth"	"Sequencing_Depth"	1.2029677758611	0	0.568995413347168	0.0344985380419855	0.252417874617757	0.0344985380419855	0.22621992158679	NA	"prevalence"	50	3
"Turicibacter_sp_1E2"	"Sequencing_Depth"	"Sequencing_Depth"	"Sequencing_Depth"	0.771792733637089	0	0.363462605490966	0.0337166070560701	0.252417874617757	0.0662964045207668	0.306572968882159	NA	"prevalence"	50	16
"GGB18828_SGB27767"	"Site"	"Jejunum"	"SiteJejunum"	1.45409221804726	0	0.692748972001556	0.0358153577555002	0.26043513232086	0.070347975659846	0.317956952134897	NA	"prevalence"	50	16
"GGB28956_SGB41665"	"Sequencing_Depth"	"Sequencing_Depth"	"Sequencing_Depth"	1.15612630382028	0	0.552738720516184	0.0364713977465468	0.262460053679315	0.0364713977465468	0.23066580816569	NA	"prevalence"	50	5
"GGB45514_SGB63186"	"Genotype"	"MUT"	"GenotypeMUT"	2.07526807606207	0	0.99488900897892	0.0369850330312107	0.262460053679315	0.0726021733941018	0.324478987236209	NA	"prevalence"	50	10
"GGB45515_SGB63187"	"Sequencing_Depth"	"Sequencing_Depth"	"Sequencing_Depth"	1.42454989294696	0	0.681744547706983	0.0366568475430447	0.262460053679315	0.0366568475430447	0.23066580816569	NA	"prevalence"	50	4
"Parasutterella_muris"	"Sequencing_Depth"	"Sequencing_Depth"	"Sequencing_Depth"	0.894525373819706	0	0.428426360913297	0.0368039132511866	0.262460053679315	0.0722532984717722	0.324478987236209	NA	"prevalence"	50	29
"Eubacteriaceae_bacterium"	"Sex"	"M"	"SexM"	-1.3976796720709	0	0.674183758280377	0.0381589272891086	0.269168960159101	0.0748617508463617	0.331400269214476	NA	"prevalence"	50	18
"Adlercreutzia_aquisgranensis"	"Genotype"	"MUT"	"GenotypeMUT"	-0.259336991339924	0.518121331076144	0.33962276816498	0.0384930092464452	0.269909314835193	0.0118224540056841	0.157632720075788	NA	"abundance"	50	29
"GGB30046_SGB42947"	"Site"	"Jejunum"	"SiteJejunum"	-0.342359653722947	0.169814988290091	0.197305146637849	0.0405726759912313	0.271560297259491	0.0794992099453731	0.340103571958815	NA	"abundance"	50	25
"Oscillibacter_sp_CU971"	"Sex"	"M"	"SexM"	-2.32626127984174	-0.197565677367378	0.412335429870404	0.0399201514926267	0.271560297259491	0.0782466844900592	0.337035837860786	NA	"abundance"	50	7
"GGB18828_SGB27767"	"Genotype"	"MUT"	"GenotypeMUT"	-1.62027603187398	0	0.788941590407707	0.0400014606497678	0.271560297259491	0.0339958244920129	0.22621992158679	NA	"prevalence"	50	16
"GGB24148_SGB35952"	"Sequencing_Depth"	"Sequencing_Depth"	"Sequencing_Depth"	0.98980977937179	0	0.48051049461442	0.0394068656787836	0.271560297259491	0.0772608302949416	0.337035837860786	NA	"prevalence"	50	35
"GGB28946_SGB41652"	"Sequencing_Depth"	"Sequencing_Depth"	"Sequencing_Depth"	0.998727754436511	0	0.487376681332599	0.0404434727864843	0.271560297259491	0.0404434727864843	0.236166264446624	NA	"prevalence"	50	5
"GGB30045_SGB42945"	"Genotype"	"MUT"	"GenotypeMUT"	-1.43642882695303	0	0.69597653055859	0.0390268083016843	0.271560297259491	0.0765305248371522	0.336397911372098	NA	"prevalence"	50	33
"Limosilactobacillus_reuteri"	"Sex"	"M"	"SexM"	-1.46314466351006	0	0.712353179316114	0.0399796003743632	0.271560297259491	0.0783608323026327	0.337035837860786	NA	"prevalence"	50	30
"Oscillibacter_SGB43499"	"Sequencing_Depth"	"Sequencing_Depth"	"Sequencing_Depth"	0.998727754436511	0	0.487376681332599	0.0404434727864843	0.271560297259491	0.0404434727864843	0.236166264446624	NA	"prevalence"	50	5
"GGB9439_SGB42949"	"Sex"	"M"	"SexM"	-1.46278352924357	0	0.717930514726049	0.04159994723281	0.276862925651131	0.0814693388558475	0.343028795182516	NA	"prevalence"	50	32
"GGB30046_SGB42947"	"Genotype"	"MUT"	"GenotypeMUT"	-0.00881521897088805	0.518121331076144	0.218059987971491	0.0431454982226067	0.279596175772523	0.0169777804064515	0.167681781792114	NA	"abundance"	50	25
"GGB30461_SGB63209"	"Genotype"	"MUT"	"GenotypeMUT"	-0.842716319899821	0.518121331076144	0.495724366374085	0.0432288424679799	0.279596175772523	0.0845889521148383	0.350627780786895	NA	"abundance"	50	10
"GGB22635_SGB63107"	"Genotype"	"MUT"	"GenotypeMUT"	-2.00422347606626	0	0.987727071522647	0.0424453764206581	0.279596175772523	0.0830891428618249	0.34800512746644	NA	"prevalence"	50	27
"GGB28901_SGB41592"	"Sequencing_Depth"	"Sequencing_Depth"	"Sequencing_Depth"	1.03890924055524	0	0.512556681255061	0.0426710234156419	0.279596175772523	0.0835212305919456	0.34800512746644	NA	"prevalence"	50	5
"GGB70518_SGB94950"	"Genotype"	"MUT"	"GenotypeMUT"	-2.37608499342364	0	1.17656780307848	0.0434347200054089	0.279596175772523	0.0434347200054089	0.248198400030908	NA	"prevalence"	50	6
"GGB73359_SGB46611"	"Sequencing_Depth"	"Sequencing_Depth"	"Sequencing_Depth"	1.35925488996264	0	0.671726486001829	0.0430191173828257	0.279596175772523	0.0430191173828257	0.247592042491083	NA	"prevalence"	50	4
"Bacillota_unclassified_SGB43546"	"Site"	"Jejunum"	"SiteJejunum"	-2.47325590403906	0	1.22787386887206	0.0439823556009938	0.281582689662884	0.0860302635977753	0.352183811405231	NA	"prevalence"	50	9
"GGB30454_SGB43514"	"Genotype"	"MUT"	"GenotypeMUT"	-2.56682106417814	0	1.28529250569518	0.0458174137140796	0.291745477595599	0.0458174137140796	0.252785730836301	NA	"prevalence"	50	5
"GGB46162_SGB63930"	"Sex"	"M"	"SexM"	0.893667707160192	-0.197565677367378	0.475213204635401	0.0466012270242921	0.292868413800869	0.0910307796884147	0.36336171471739	NA	"abundance"	50	18
"Paramuribaculum_intestinale"	"Sequencing_Depth"	"Sequencing_Depth"	"Sequencing_Depth"	0.133188382433147	-0.488797967236592	0.285932452311102	0.0464108941617456	0.292868413800869	0.0906678172265984	0.36336171471739	NA	"abundance"	50	26
"Thomasclavelia_cocleata"	"Sex"	"M"	"SexM"	2.27004679353332	0	1.14150018359563	0.0467396110310385	0.292868413800869	0.0912946308227442	0.36336171471739	NA	"prevalence"	50	7
"Bifidobacterium_pseudolongum"	"Site"	"Jejunum"	"SiteJejunum"	-1.15990657833692	0.169814988290091	0.638387173215429	0.0484854637985683	0.297769225350206	0.0946200873973744	0.369249121550729	NA	"abundance"	50	39
"GGB22635_SGB33556"	"Sequencing_Depth"	"Sequencing_Depth"	"Sequencing_Depth"	-0.98485330050674	-0.488797967236592	0.189573107927445	0.0487550209556898	0.297769225350206	0.0951329898429899	0.369448504244621	NA	"abundance"	50	10
"Blautia_pseudococcoides"	"Genotype"	"MUT"	"GenotypeMUT"	2.17801932555342	0	1.10533519895362	0.048785620112555	0.297769225350206	0.048785620112555	0.265018691189921	NA	"prevalence"	50	6
"Eubacteriaceae_bacterium"	"Sequencing_Depth"	"Sequencing_Depth"	"Sequencing_Depth"	0.735539050500916	0	0.37265595733671	0.0484073210324596	0.297769225350206	0.0944713733353797	0.369249121550729	NA	"prevalence"	50	18
"Oscillibacter_SGB43496"	"Genotype"	"MUT"	"GenotypeMUT"	2.27258281756035	0	1.1497818609097	0.0480943409903539	0.297769225350206	0.0480943409903539	0.263530635563583	NA	"prevalence"	50	6
"GGB28769_SGB41421"	"Genotype"	"MUT"	"GenotypeMUT"	1.96044458036666	0.518121331076144	0.0215785901486813	0.0495130379784535	0.299256891489171	0.0965745350270513	0.369919040068338	NA	"abundance"	50	6
"GGB24146_SGB35950"	"Genotype"	"MUT"	"GenotypeMUT"	-1.59952487037107	0	0.815355663293533	0.0497914692121201	0.299256891489171	0.0971037480179388	0.369919040068338	NA	"prevalence"	50	30
"Lachnospiraceae_unclassified_SGB41405"	"Sequencing_Depth"	"Sequencing_Depth"	"Sequencing_Depth"	0.761592492529685	0	0.387942553486166	0.0496278283412373	0.299256891489171	0.0967927353366073	0.369919040068338	NA	"prevalence"	50	9
"Acutalibacter_intestini"	"Sequencing_Depth"	"Sequencing_Depth"	"Sequencing_Depth"	0.713016197730232	0	0.365330541285438	0.0509736439177863	0.304806865660671	0.0993489754613154	0.374761909257124	NA	"prevalence"	50	10
"Adlercreutzia_caecimuris"	"Site"	"Jejunum"	"SiteJejunum"	-0.729150203940587	0.169814988290091	0.424216531374674	0.0519261664167819	0.307382030346579	0.101156006074821	0.376394441208635	NA	"abundance"	50	32
"GGB24132_SGB35935"	"Sequencing_Depth"	"Sequencing_Depth"	"Sequencing_Depth"	0.17316696854443	-0.488797967236592	0.318908369388304	0.0518315713570286	0.307382030346579	0.100976630924719	0.376394441208635	NA	"abundance"	50	33
"Faecalibaculum_rodentium"	"Sex"	"M"	"SexM"	0.484598076334019	-0.197565677367378	0.315219994995206	0.0530663557617408	0.308989532753007	0.0530663557617408	0.279786786873124	NA	"abundance"	50	50
"GGB27478_SGB39772"	"Genotype"	"MUT"	"GenotypeMUT"	1.32634324585863	0.518121331076144	0.239038322374414	0.0532821391132146	0.308989532753007	0.103725291877949	0.381918631481251	NA	"abundance"	50	8
"GGB28769_SGB41421"	"Sequencing_Depth"	"Sequencing_Depth"	"Sequencing_Depth"	-1.30134126474596	-0.488797967236592	0.0106066298279976	0.0534851292391763	0.308989532753007	0.033126839346344	0.226084585457808	NA	"abundance"	50	6
"GGB30461_SGB102216"	"Sequencing_Depth"	"Sequencing_Depth"	"Sequencing_Depth"	0.860458109540583	0	0.445126242194917	0.0532281494669454	0.308989532753007	0.0532281494669454	0.279786786873124	NA	"prevalence"	50	5
"GGB30461_SGB63204"	"Genotype"	"MUT"	"GenotypeMUT"	2.21399215032903	0	1.14667776510076	0.053509222989485	0.308989532753007	0.053509222989485	0.279786786873124	NA	"prevalence"	50	5
"GGB46162_SGB63930"	"Genotype"	"MUT"	"GenotypeMUT"	-0.487738272851169	0.518121331076144	0.462729203955267	0.054181922402437	0.310926958442454	0.10542816408965	0.381918631481251	NA	"abundance"	50	18
"GGB27876_SGB40310"	"Sequencing_Depth"	"Sequencing_Depth"	"Sequencing_Depth"	1.10448686282847	0	0.574100565841172	0.0543726260094614	0.310926958442454	0.105788869559758	0.381918631481251	NA	"prevalence"	50	27
"Clostridia_bacterium"	"Site"	"Jejunum"	"SiteJejunum"	-0.429606287042672	0.169814988290091	0.26652257197791	0.0554159051646594	0.310946465495791	0.1077608877841	0.381918631481251	NA	"abundance"	50	23
"GGB28898_SGB41580"	"Site"	"Jejunum"	"SiteJejunum"	7.4455720417472	0.169814988290091	2.70805723796164	0.0549542366698208	0.310946465495791	0.106888505211679	0.381918631481251	NA	"abundance"	50	9
"Duncaniella_muris"	"Sex"	"M"	"SexM"	-1.25091824818331	0	0.651725993327107	0.0549346280640524	0.310946465495791	0.106851442767569	0.381918631481251	NA	"prevalence"	50	23
"Turicimonas_muris"	"Sequencing_Depth"	"Sequencing_Depth"	"Sequencing_Depth"	0.801439345324258	0	0.418402281225882	0.055431882643562	0.310946465495791	0.107791071673714	0.381918631481251	NA	"prevalence"	50	28
"Bifidobacterium_pseudolongum"	"Genotype"	"MUT"	"GenotypeMUT"	-1.40282458851247	0	0.734635624959221	0.0561909797508668	0.312294967450677	0.109224533296371	0.38341360950311	NA	"prevalence"	50	39
"GGB28870_SGB41546"	"Sequencing_Depth"	"Sequencing_Depth"	"Sequencing_Depth"	0.986577808190141	0	0.517234433145565	0.0564675959821682	0.312294967450677	0.0564675959821682	0.28957741529317	NA	"prevalence"	50	5
"GGB28934_SGB41635"	"Sequencing_Depth"	"Sequencing_Depth"	"Sequencing_Depth"	1.09730408149795	0	0.574970109373939	0.0563325460042683	0.312294967450677	0.0563325460042683	0.28957741529317	NA	"prevalence"	50	3
"GGB27866_SGB40300"	"Sequencing_Depth"	"Sequencing_Depth"	"Sequencing_Depth"	0.742337808896707	0	0.390541670669091	0.0573294886211789	0.315580082223125	0.111372306976792	0.388623057106397	NA	"prevalence"	50	19
"GGB22635_SGB63107"	"Genotype"	"MUT"	"GenotypeMUT"	-0.113113886679553	0.518121331076144	0.297038592782093	0.0597006131369447	0.323587286668068	0.0830891428618249	0.34800512746644	NA	"abundance"	50	27
"GGB28925_SGB41622"	"Sequencing_Depth"	"Sequencing_Depth"	"Sequencing_Depth"	1.2851119505021	0	0.683278322607179	0.059998715656821	0.323587286668068	0.059998715656821	0.295251870302402	NA	"prevalence"	50	4
"GGB42646_SGB59844"	"Sequencing_Depth"	"Sequencing_Depth"	"Sequencing_Depth"	0.735476056449226	0	0.391286222214668	0.0601575685741144	0.323587286668068	0.0601575685741144	0.295251870302402	NA	"prevalence"	50	10
"GGB73359_SGB46611"	"Genotype"	"MUT"	"GenotypeMUT"	-2.75532866980233	0	1.46574919126361	0.0601340996424922	0.323587286668068	0.0601340996424922	0.295251870302402	NA	"prevalence"	50	4
"Muribaculaceae_bacterium"	"Sequencing_Depth"	"Sequencing_Depth"	"Sequencing_Depth"	0.883720333320989	0	0.469555310836184	0.059831031219811	0.323587286668068	0.116082310142796	0.39686259877879	NA	"prevalence"	50	29
"GGB22635_SGB63107"	"Site"	"Jejunum"	"SiteJejunum"	-0.45367951163926	0.169814988290091	0.290528035450166	0.0607994046833609	0.32555317598636	0.117902241756871	0.399668616124985	NA	"abundance"	50	27
"GGB46162_SGB63930"	"Site"	"Jejunum"	"SiteJejunum"	0.972308504960499	0.169814988290091	0.372122168144697	0.0616093197995149	0.327089800824862	0.0632826048863492	0.30450241973672	NA	"abundance"	50	18
"GGB1690_SGB40190"	"Sequencing_Depth"	"Sequencing_Depth"	"Sequencing_Depth"	0.972936923675	0	0.520603330919741	0.0616417111911031	0.327089800824862	0.0616417111911031	0.300691274102942	NA	"prevalence"	50	3
"GGB75879_SGB103683"	"Sex"	"M"	"SexM"	1.62794799784947	-0.197565677367378	0.91716440572268	0.0621719995922663	0.328424284841658	0.0328013686142911	0.226084585457808	NA	"abundance"	50	27
"GGB28803_SGB41457"	"Sequencing_Depth"	"Sequencing_Depth"	"Sequencing_Depth"	0.782425702019494	0	0.420504103072287	0.0627886649443112	0.330201104037494	0.121634913443134	0.408793851333901	NA	"prevalence"	50	6
"Clostridiaceae_bacterium"	"Sex"	"M"	"SexM"	-1.37336643084931	0	0.739597974511376	0.0633240450402126	0.331536555810535	0.12263815540017	0.408793851333901	NA	"prevalence"	50	16
"Parvibacter_caecicola"	"Site"	"Jejunum"	"SiteJejunum"	-0.753308604539708	0.169814988290091	0.449062387268537	0.0638524072228708	0.332032084993398	0.123627684537586	0.41038235531149	NA	"abundance"	50	22
"GGB30298_SGB43262"	"Sequencing_Depth"	"Sequencing_Depth"	"Sequencing_Depth"	0.758842460438236	0	0.410542690145923	0.0645461353679865	0.332032084993398	0.0645461353679865	0.30450241973672	NA	"prevalence"	50	11
"GGB45515_SGB63187"	"Genotype"	"MUT"	"GenotypeMUT"	-2.60686889527513	0	1.41024343488199	0.0645265695808552	0.332032084993398	0.0645265695808552	0.30450241973672	NA	"prevalence"	50	4
"Oscillibacter_SGB43502"	"Sequencing_Depth"	"Sequencing_Depth"	"Sequencing_Depth"	1.00131255036005	0	0.541345624551717	0.0643606503311379	0.332032084993398	0.0643606503311379	0.30450241973672	NA	"prevalence"	50	3
"Caniella_muris"	"Site"	"Jejunum"	"SiteJejunum"	-1.34060184747719	0	0.727477884620616	0.0653570921568871	0.333292876886637	0.12644263481857	0.416161554950795	NA	"prevalence"	50	35
"GGB28439_SGB41022"	"Sequencing_Depth"	"Sequencing_Depth"	"Sequencing_Depth"	1.04929986513612	0	0.568831842742964	0.065087392218724	0.333292876886637	0.065087392218724	0.30450241973672	NA	"prevalence"	50	4
"GGB30461_SGB63204"	"Sex"	"M"	"SexM"	2.36979681258043	0	1.28888864743333	0.0659687716172045	0.33439705236542	0.0659687716172045	0.306572968882159	NA	"prevalence"	50	5
"Bifidobacterium_pseudolongum"	"Sex"	"M"	"SexM"	1.08898010837942	-0.197565677367378	0.665377211344651	0.0667747474308378	0.336156634502252	0.129090627967223	0.419806920218613	NA	"abundance"	50	39
"GGB9439_SGB42949"	"Sequencing_Depth"	"Sequencing_Depth"	"Sequencing_Depth"	-0.194978100540922	-0.488797967236592	0.139582630729558	0.0682111847807652	0.336409327012422	0.131769603832335	0.419982801059234	NA	"abundance"	50	32
"Adlercreutzia_aquisgranensis"	"Sequencing_Depth"	"Sequencing_Depth"	"Sequencing_Depth"	0.85622466578047	0	0.469089510751773	0.06795719074763	0.336409327012422	0.13129620172095	0.419982801059234	NA	"prevalence"	50	29
"GGB28898_SGB41580"	"Sex"	"M"	"SexM"	1.65996900264574	0	0.907716712901282	0.0674400299073609	0.336409327012422	0.130331902180816	0.419982801059234	NA	"prevalence"	50	9
"GGB28925_SGB41622"	"Genotype"	"MUT"	"GenotypeMUT"	-2.43560897427872	0	1.33681348569268	0.0684623860237383	0.336409327012422	0.0684623860237383	0.311192663744265	NA	"prevalence"	50	4
"GGB28949_SGB41656"	"Sex"	"M"	"SexM"	2.16230029725315	0	1.18713096114785	0.0685384027869112	0.336409327012422	0.132379292917242	0.420251723546799	NA	"prevalence"	50	6
"Muricaecibacterium_torontonense"	"Sex"	"M"	"SexM"	-1.64701771856161	0	0.903097661487686	0.0681909883670382	0.336409327012422	0.131731965839603	0.419982801059234	NA	"prevalence"	50	40
"Sangeribacter_muris"	"Site"	"Jejunum"	"SiteJejunum"	1.25450863817516	0	0.689484749384078	0.0688371422671065	0.336473666351251	0.132935732378711	0.420350141908968	NA	"prevalence"	50	17
"GGB28382_SGB40962"	"Sequencing_Depth"	"Sequencing_Depth"	"Sequencing_Depth"	0.933734720528638	0	0.514937346568929	0.0697859135617519	0.339701678412164	0.0561885975962466	0.28957741529317	NA	"prevalence"	50	8
"GGB25041_SGB36960"	"Sequencing_Depth"	"Sequencing_Depth"	"Sequencing_Depth"	-1.03039395026591	-0.488797967236592	0.257143113124224	0.071406532026382	0.346160060605259	0.0490284578701354	0.265018691189921	NA	"abundance"	50	14
"GGB9439_SGB42949"	"Sex"	"M"	"SexM"	-0.786322336766299	-0.197565677367378	0.284015009343969	0.0742251715371418	0.358349393732595	0.0814693388558475	0.343028795182516	NA	"abundance"	50	32
"Thomasclavelia_cocleata"	"Genotype"	"MUT"	"GenotypeMUT"	1.64550901653442	0	0.924136496454749	0.0749793109097753	0.360512768374348	0.0749793109097753	0.331400269214476	NA	"prevalence"	50	7
"Duncaniella_muricolitica"	"Genotype"	"MUT"	"GenotypeMUT"	1.53350564097809	0.518121331076144	0.546507517002898	0.0778612880028396	0.372847956371322	0.149660195836218	0.43856467644313	NA	"abundance"	50	33
"Bacillota_unclassified_SGB43550"	"Sequencing_Depth"	"Sequencing_Depth"	"Sequencing_Depth"	0.95076050225615	0	0.539877886094926	0.0782272601547803	0.373083856122799	0.0782272601547803	0.337035837860786	NA	"prevalence"	50	3
"Hominisplanchenecus_murintestinalis"	"Sequencing_Depth"	"Sequencing_Depth"	"Sequencing_Depth"	0.514123243773784	-0.488797967236592	0.48442195713081	0.0794232268296722	0.377072938462846	0.152538404699307	0.443748086397983	NA	"abundance"	50	11
"GGB22635_SGB63107"	"Site"	"Jejunum"	"SiteJejunum"	-1.72444212194453	0	0.984042096354578	0.0797038723915524	0.377072938462846	0.117902241756871	0.399668616124985	NA	"prevalence"	50	27
"Duncaniella_freteri"	"Sequencing_Depth"	"Sequencing_Depth"	"Sequencing_Depth"	0.717725425696304	0	0.410876666937423	0.0806694757127345	0.377822443073836	0.0442241101756983	0.250916937167083	NA	"prevalence"	50	9
"GGB30454_SGB43516"	"Sex"	"M"	"SexM"	-2.03664107155751	0	1.16465946898006	0.0803427329206389	0.377822443073836	0.0803427329206389	0.341883969875059	NA	"prevalence"	50	8
"Oscillibacter_SGB43496"	"Sex"	"M"	"SexM"	-2.06722877461521	0	1.18501248928754	0.0810756924004616	0.377822443073836	0.0810756924004616	0.343028795182516	NA	"prevalence"	50	6
"Parvibacter_caecicola"	"Genotype"	"MUT"	"GenotypeMUT"	-1.5403930933989	0	0.883212657747879	0.0811452275871651	0.377822443073836	0.0157550484823242	0.159694196754717	NA	"prevalence"	50	22
"Bifidobacterium_pseudolongum"	"Sex"	"M"	"SexM"	-1.40208258571096	0	0.804793836105724	0.0814798085067775	0.377886670948755	0.129090627967223	0.419806920218613	NA	"prevalence"	50	39
"Bacteroidales_bacterium"	"Sequencing_Depth"	"Sequencing_Depth"	"Sequencing_Depth"	0.812462732579229	0	0.467397604614405	0.0821634388870149	0.378336008683398	0.15757604708429	0.453284486768616	NA	"prevalence"	50	28
"GGB75879_SGB103683"	"Sequencing_Depth"	"Sequencing_Depth"	"Sequencing_Depth"	0.734083454812715	0	0.422383861437156	0.082219030749533	0.378336008683398	0.157678092481673	0.453284486768616	NA	"prevalence"	50	27
"GGB24146_SGB35950"	"Sequencing_Depth"	"Sequencing_Depth"	"Sequencing_Depth"	0.87429798916886	0	0.508294357270972	0.0854211076866993	0.388840855702101	0.163545449734976	0.462319292537035	NA	"prevalence"	50	30
"GGB30294_SGB43258"	"Genotype"	"MUT"	"GenotypeMUT"	-1.57752327923366	0	0.915884359387862	0.0849962815143358	0.388840855702101	0.162768195157407	0.461753745127397	NA	"prevalence"	50	15
"GGB75057_SGB102223"	"Sex"	"M"	"SexM"	-2.00989635557724	0	1.16876762634401	0.0854921745558948	0.388840855702101	0.0854921745558948	0.352183811405231	NA	"prevalence"	50	8
"GGB28990_SGB41704"	"Sequencing_Depth"	"Sequencing_Depth"	"Sequencing_Depth"	0.824131574988052	0	0.480451191265191	0.0862850337942816	0.390937576191014	0.0862850337942816	0.352183811405231	NA	"prevalence"	50	4
"Schaedlerella_arabinosiphila"	"Sequencing_Depth"	"Sequencing_Depth"	"Sequencing_Depth"	0.664150427682415	0	0.387831374163792	0.0868096924703456	0.391807730766541	0.166083462233895	0.464371550036205	NA	"prevalence"	50	7
"GGB28870_SGB41546"	"Genotype"	"MUT"	"GenotypeMUT"	1.97796732879166	0	1.16098296042555	0.0884370420302211	0.396558948186892	0.0884370420302211	0.357719824297825	NA	"prevalence"	50	5
"GGB30454_SGB43514"	"Sequencing_Depth"	"Sequencing_Depth"	"Sequencing_Depth"	1.06786213302861	0	0.62698386741471	0.0885356565137118	0.396558948186892	0.0885356565137118	0.357719824297825	NA	"prevalence"	50	5
"Muribaculaceae_bacterium"	"Genotype"	"MUT"	"GenotypeMUT"	-1.27242450901338	0	0.748145674286204	0.0889859862046746	0.397066256625404	0.170053466668531	0.464371550036205	NA	"prevalence"	50	29
"Acutalibacter_muris"	"Genotype"	"MUT"	"GenotypeMUT"	1.59347916999591	0	0.939709920002948	0.0899400755156722	0.399303278627312	0.17179093384758	0.464371550036205	NA	"prevalence"	50	11
"GGB75725_SGB102612"	"Sequencing_Depth"	"Sequencing_Depth"	"Sequencing_Depth"	0.722365044776262	0	0.426293121348328	0.0901652564642318	0.399303278627312	0.172200739455203	0.464371550036205	NA	"prevalence"	50	19
"GGB70852_SGB95305"	"Genotype"	"MUT"	"GenotypeMUT"	2.04791030288368	0.518121331076144	0.863686835832482	0.0912677645890234	0.400470316072152	0.00307580445059369	0.10252681501979	NA	"abundance"	50	28
"Ligilactobacillus_murinus"	"Sequencing_Depth"	"Sequencing_Depth"	"Sequencing_Depth"	-1.21215278062404	-0.488797967236592	0.409088625888836	0.0912239517072906	0.400470316072152	0.00708967768139567	0.147041916360904	NA	"abundance"	50	34
"GGB30861_SGB44083"	"Site"	"Jejunum"	"SiteJejunum"	-1.41667753259382	0	0.841120177876339	0.0921285701660043	0.400470316072152	0.175769466891176	0.46871857837647	NA	"prevalence"	50	40
"GGB46159_SGB63927"	"Genotype"	"MUT"	"GenotypeMUT"	1.56037239362699	0	0.925153034543987	0.0916783607607184	0.400470316072152	0.174951799689664	0.468098460708132	NA	"prevalence"	50	42
"Neglectibacter_caecimuris"	"Sequencing_Depth"	"Sequencing_Depth"	"Sequencing_Depth"	0.760533043994922	0	0.451335276519293	0.0919744216387886	0.400470316072152	0.0919744216387886	0.364255135203123	NA	"prevalence"	50	5
"GGB27929_SGB40368"	"Sex"	"M"	"SexM"	0.780421910750055	-0.197565677367378	0.545237491306217	0.0931304381522015	0.40185954631243	0.177587597793982	0.470430722633065	NA	"abundance"	50	30
"Duncaniella_muris"	"Sequencing_Depth"	"Sequencing_Depth"	"Sequencing_Depth"	0.625503855632101	0	0.37223251988042	0.0928772547304295	0.40185954631243	0.177128325014598	0.470430722633065	NA	"prevalence"	50	23
"GGB28869_SGB41543"	"Sequencing_Depth"	"Sequencing_Depth"	"Sequencing_Depth"	0.884948875690525	0	0.528369488861025	0.0939602349002693	0.403960425958092	0.0939602349002693	0.369249121550729	NA	"prevalence"	50	3
"Acutalibacter_sp_1XD8_33"	"Genotype"	"MUT"	"GenotypeMUT"	1.93841666756164	0	1.16315045603084	0.0956093457926028	0.40807177298437	0.0956093457926028	0.369504718039045	NA	"prevalence"	50	5
"Hominisplanchenecus_murintestinalis"	"Sequencing_Depth"	"Sequencing_Depth"	"Sequencing_Depth"	0.598581164477057	0	0.358970427598951	0.0954161443847809	0.40807177298437	0.152538404699307	0.443748086397983	NA	"prevalence"	50	11
"GGB24146_SGB35950"	"Genotype"	"MUT"	"GenotypeMUT"	-0.31046843345301	0.518121331076144	0.47447108614464	0.0992952036831976	0.414217598343847	0.0971037480179388	0.369919040068338	NA	"abundance"	50	30
"GGB42570_SGB59765"	"Sex"	"M"	"SexM"	1.52397130308607	-0.197565677367378	0.89625150333006	0.098934558977734	0.414217598343847	0.188081070995349	0.48537050579445	NA	"abundance"	50	12
"Lachnospiraceae_unclassified_SGB7275"	"Sequencing_Depth"	"Sequencing_Depth"	"Sequencing_Depth"	-1.29508552067177	-0.488797967236592	0.419942486737542	0.0998623072407916	0.414217598343847	0.189752134074129	0.485638200862592	NA	"abundance"	50	12
"Oscillibacter_sp_CU971"	"Genotype"	"MUT"	"GenotypeMUT"	-0.752120505041499	0.518121331076144	0.418339433101603	0.0986991609131282	0.414217598343847	0.187656797461301	0.48537050579445	NA	"abundance"	50	7
"GGB28380_SGB40960"	"Sequencing_Depth"	"Sequencing_Depth"	"Sequencing_Depth"	0.758933102335304	0	0.460551324092254	0.0993773934748747	0.414217598343847	0.0993773934748747	0.374761909257124	NA	"prevalence"	50	4
"GGB28765_SGB41414"	"Genotype"	"MUT"	"GenotypeMUT"	1.94384074826129	0	1.18100605152197	0.0997803583397093	0.414217598343847	0.0997803583397093	0.374761909257124	NA	"prevalence"	50	4
"GGB9439_SGB42949"	"Sequencing_Depth"	"Sequencing_Depth"	"Sequencing_Depth"	0.675239429830151	0	0.408912801463707	0.0986764734524337	0.414217598343847	0.131769603832335	0.419982801059234	NA	"prevalence"	50	32
"Oscillibacter_sp_CU971"	"Genotype"	"MUT"	"GenotypeMUT"	1.67054988124819	0	1.01244941575947	0.0989412502150644	0.414217598343847	0.187656797461301	0.48537050579445	NA	"prevalence"	50	7
"Bacteroidales_bacterium"	"Sex"	"M"	"SexM"	1.10168787160434	-0.197565677367378	0.751156968745901	0.101854755941552	0.415883252656951	0.00223508323812275	0.0879778306225503	NA	"abundance"	50	28
"GGB70852_SGB95305"	"Site"	"Jejunum"	"SiteJejunum"	1.34354685501804	0.169814988290091	0.678742392029224	0.102029083207011	0.415883252656951	0.193648232593959	0.485638200862592	NA	"abundance"	50	28
"Duncaniella_freteri"	"Sex"	"M"	"SexM"	-1.49110840821767	0	0.909320030535111	0.101045517995527	0.415883252656951	0.19188083928407	0.485638200862592	NA	"prevalence"	50	9
"GGB28904_SGB41597"	"Genotype"	"MUT"	"GenotypeMUT"	1.25695639311617	0	0.76609033191066	0.100851034098511	0.415883252656951	0.191531137118283	0.485638200862592	NA	"prevalence"	50	12
"GGB28904_SGB41597"	"Sex"	"M"	"SexM"	1.49941048620687	0	0.916285717194123	0.101755776257308	0.415883252656951	0.193157314512888	0.485638200862592	NA	"prevalence"	50	12
"Bifidobacterium_pseudolongum"	"Sequencing_Depth"	"Sequencing_Depth"	"Sequencing_Depth"	0.07330559174149	-0.488797967236592	0.329712913676285	0.103321451651602	0.418256598094801	0.195967580931809	0.487412619620602	NA	"abundance"	50	39
"GGB30461_SGB63209"	"Sex"	"M"	"SexM"	-1.59345592010505	0	0.977740505391198	0.103157949777501	0.418256598094801	0.195674336952705	0.487412619620602	NA	"prevalence"	50	10
"GGB28949_SGB41656"	"Sequencing_Depth"	"Sequencing_Depth"	"Sequencing_Depth"	0.836258769806274	0	0.514096279730806	0.103809776889408	0.418794236903159	0.196843084000987	0.487537050157242	NA	"prevalence"	50	6
"GGB18828_SGB27767"	"Sex"	"M"	"SexM"	0.816248884169884	-0.197565677367378	0.556592416679269	0.104328204906274	0.419449233377443	0.197772035473583	0.488326013515019	NA	"abundance"	50	16
"Lachnospiraceae_bacterium_A2"	"Genotype"	"MUT"	"GenotypeMUT"	1.89872362534252	0	1.17147196105043	0.105060195901298	0.420955478815403	0.105060195901298	0.381918631481251	NA	"prevalence"	50	5
"GGB28898_SGB41580"	"Site"	"Jejunum"	"SiteJejunum"	-1.44737289003415	0	0.894882929179677	0.105794559457505	0.42246098657946	0.106888505211679	0.381918631481251	NA	"prevalence"	50	9
"GGB14001_SGB21428"	"Sex"	"M"	"SexM"	0.527559574880126	-0.197565677367378	0.420225757378462	0.106312603941249	0.423095430549969	0.201322838125728	0.494043774541664	NA	"abundance"	50	44
"Parvibacter_caecicola"	"Sex"	"M"	"SexM"	-1.37373791008007	-0.197565677367378	0.682109438384946	0.108296298850273	0.423511026614753	0.00094427706956584	0.0879778306225503	NA	"abundance"	50	22
"GGB141797_SGB41693"	"Sequencing_Depth"	"Sequencing_Depth"	"Sequencing_Depth"	0.815293465718133	0	0.506963203084117	0.107793437820538	0.423511026614753	0.107793437820538	0.381918631481251	NA	"prevalence"	50	3
"GGB27849_SGB40283"	"Sequencing_Depth"	"Sequencing_Depth"	"Sequencing_Depth"	0.672113178721304	0	0.418857335511811	0.108574134157602	0.423511026614753	0.205359925707131	0.500877867578369	NA	"prevalence"	50	28
"GGB27860_SGB40294"	"Sequencing_Depth"	"Sequencing_Depth"	"Sequencing_Depth"	0.672113178721304	0	0.418857335511811	0.108574134157602	0.423511026614753	0.205359925707131	0.500877867578369	NA	"prevalence"	50	28
"GGB28870_SGB41545"	"Sequencing_Depth"	"Sequencing_Depth"	"Sequencing_Depth"	0.89260614412624	0	0.554409666063338	0.107395264623995	0.423511026614753	0.107395264623995	0.381918631481251	NA	"prevalence"	50	3
"GGB30454_SGB43514"	"Sex"	"M"	"SexM"	2.03583357279035	0	1.26626996599106	0.107892013393453	0.423511026614753	0.107892013393453	0.381918631481251	NA	"prevalence"	50	5
"GGB28765_SGB41414"	"Sex"	"M"	"SexM"	-1.96135494046331	0	1.22472169129355	0.109272878708386	0.424829871678149	0.109272878708386	0.38341360950311	NA	"prevalence"	50	4
"GGB75726_SGB102611"	"Sex"	"M"	"SexM"	-1.55871928553819	0	0.974755022389866	0.109800999080743	0.425478871437878	0.207545738762356	0.503141184878438	NA	"prevalence"	50	10
"Clostridia_bacterium"	"Sex"	"M"	"SexM"	-1.079381104749	0	0.677776534520945	0.111265124564311	0.428455756985146	0.210150321184311	0.505000282702897	NA	"prevalence"	50	23
"Oscillibacter_sp_CU971"	"Site"	"Jejunum"	"SiteJejunum"	-1.91824397925409	0	1.20463051886059	0.111296656738077	0.428455756985146	0.210206367675081	0.505000282702897	NA	"prevalence"	50	7
"GGB28927_SGB41625"	"Sex"	"M"	"SexM"	2.52346641104979	0	1.58661779524895	0.111729128918089	0.428719589138466	0.111729128918089	0.388623057106397	NA	"prevalence"	50	3
"Akkermansia_muciniphila"	"Sequencing_Depth"	"Sequencing_Depth"	"Sequencing_Depth"	0.103762884659318	-0.488797967236592	0.359043300906118	0.112447760993914	0.430076176788411	0.212251023035284	0.507806312556181	NA	"abundance"	50	44
"GGB30460_SGB43527"	"Genotype"	"MUT"	"GenotypeMUT"	-2.26917710655449	0	1.4349377445356	0.113791933073319	0.433808728674337	0.113791933073319	0.394084616704136	NA	"prevalence"	50	3
"Anaerostipes_hominis_ex_Lee_et_al_2021"	"Genotype"	"MUT"	"GenotypeMUT"	1.80862405741971	0	1.14580551637568	0.114456788530172	0.434935796414653	0.114456788530172	0.394678581138524	NA	"prevalence"	50	4
"Adlercreutzia_caecimuris"	"Sequencing_Depth"	"Sequencing_Depth"	"Sequencing_Depth"	1.14794924328151	0	0.731145871062624	0.116399130698922	0.437525258024315	0.0622301763672106	0.301722067234961	NA	"prevalence"	50	32
"GGB27894_SGB40329"	"Genotype"	"MUT"	"GenotypeMUT"	1.83494011817546	0	1.16600199719323	0.115556271342354	0.437525258024315	0.115556271342354	0.39675972993083	NA	"prevalence"	50	4
"GGB28793_SGB41446"	"Sequencing_Depth"	"Sequencing_Depth"	"Sequencing_Depth"	0.822459351714297	0	0.524158844560414	0.116623880322271	0.437525258024315	0.116623880322271	0.397017464926879	NA	"prevalence"	50	3
"Turicibacter_sp_1E2"	"Sex"	"M"	"SexM"	-1.07391036118844	0	0.684324829123862	0.116578254195294	0.437525258024315	0.219566019039365	0.518149897438029	NA	"prevalence"	50	16
"Faecalibaculum_rodentium"	"Site"	"Jejunum"	"SiteJejunum"	-0.332102333161293	0.169814988290091	0.296021113487032	0.12244583723029	0.457101379482771	0.12244583723029	0.408793851333901	NA	"abundance"	50	50
"GGB28956_SGB41665"	"Genotype"	"MUT"	"GenotypeMUT"	1.7882212305196	0	1.15826631553212	0.12261802709385	0.457101379482771	0.12261802709385	0.408793851333901	NA	"prevalence"	50	5
"GGB30460_SGB43527"	"Sequencing_Depth"	"Sequencing_Depth"	"Sequencing_Depth"	0.893251133539817	0	0.581862991082016	0.124745229932773	0.4635642929363	0.124745229932773	0.412380925397598	NA	"prevalence"	50	3
"Clostridia_bacterium"	"Sequencing_Depth"	"Sequencing_Depth"	"Sequencing_Depth"	-0.24377177425433	-0.488797967236592	0.138697096683927	0.127434269479993	0.465308527370669	0.00948398580078169	0.151276182377523	NA	"abundance"	50	23
"GGB24148_SGB35952"	"Sex"	"M"	"SexM"	0.667385950820294	-0.197565677367378	0.535727619373351	0.125820994736115	0.465308527370669	0.235811066755844	0.546808270738189	NA	"abundance"	50	35
"Turicibacter_sp_1E2"	"Genotype"	"MUT"	"GenotypeMUT"	-0.903681906754211	0.518121331076144	0.857241883245033	0.127381833808492	0.465308527370669	0.238537536032569	0.548034681822411	NA	"abundance"	50	16
"Bacteroides_caecimuris"	"Genotype"	"MUT"	"GenotypeMUT"	1.7412417419527	0	1.14080765786742	0.126929274259992	0.465308527370669	0.126929274259992	0.416161554950795	NA	"prevalence"	50	4
"Duncaniella_muris"	"Site"	"Jejunum"	"SiteJejunum"	0.986759606338986	0	0.647555873135888	0.127553290106716	0.465308527370669	0.238836738396384	0.548034681822411	NA	"prevalence"	50	23
"GGB27861_SGB40295"	"Sex"	"M"	"SexM"	-1.02312756380946	0	0.671946342559745	0.127850590448273	0.465308527370669	0.239355407418573	0.548034681822411	NA	"prevalence"	50	17
"GGB75104_SGB102231"	"Sequencing_Depth"	"Sequencing_Depth"	"Sequencing_Depth"	0.791059099862492	0	0.519709551091626	0.127979594964428	0.465308527370669	0.127979594964428	0.417892554985889	NA	"prevalence"	50	3
"GGB30461_SGB43529"	"Sex"	"M"	"SexM"	-1.7685546422712	0	1.17159647950074	0.131164569768461	0.475421117499223	0.131164569768461	0.419982801059234	NA	"prevalence"	50	8
"Adlercreutzia_muris"	"Sex"	"M"	"SexM"	-0.759802753119412	-0.197565677367378	0.339508131009749	0.135181364291881	0.479811440623438	0.0283438558359308	0.216469641517123	NA	"abundance"	50	38
"GGB22635_SGB63107"	"Sequencing_Depth"	"Sequencing_Depth"	"Sequencing_Depth"	-0.258660918200414	-0.488797967236592	0.135038937116699	0.138735180365509	0.479811440623438	0.258222910459967	0.565968022925955	NA	"abundance"	50	27
"GGB27860_SGB40294"	"Sex"	"M"	"SexM"	0.806548834989883	-0.197565677367378	0.649335038219505	0.14037206091595	0.479811440623438	0.00951867784131027	0.151276182377523	NA	"abundance"	50	28
"GGB27919_SGB40357"	"Site"	"Jejunum"	"SiteJejunum"	1.22516338946491	0.169814988290091	0.665800244659935	0.133282909842747	0.479811440623438	0.248801485629344	0.556825700711618	NA	"abundance"	50	28
"GGB30045_SGB42945"	"Sequencing_Depth"	"Sequencing_Depth"	"Sequencing_Depth"	-0.226142249909472	-0.488797967236592	0.159549874285056	0.139581449067802	0.479811440623438	0.259679917211736	0.566932959796047	NA	"abundance"	50	33
"GGB9439_SGB42949"	"Site"	"Jejunum"	"SiteJejunum"	-0.283135179378033	0.169814988290091	0.268887722222719	0.135153621422578	0.479811440623438	0.252040741461518	0.556825700711618	NA	"abundance"	50	32
"Turicibacter_sp_1E2"	"Sex"	"M"	"SexM"	1.75181294610858	-0.197565677367378	1.20221460042229	0.134427493646526	0.479811440623438	0.219566019039365	0.518149897438029	NA	"abundance"	50	16
"Acetatifactor_aquisgranensis"	"Sequencing_Depth"	"Sequencing_Depth"	"Sequencing_Depth"	0.814963264718045	0	0.559184885518255	0.145002438762261	0.479811440623438	0.145002438762261	0.428051479740993	NA	"prevalence"	50	2
"Adlercreutzia_muris"	"Sequencing_Depth"	"Sequencing_Depth"	"Sequencing_Depth"	0.88204609886173	0	0.604135256122987	0.144286150324973	0.479811440623438	0.267753807474345	0.574270900749265	NA	"prevalence"	50	38
"Akkermansia_muciniphila"	"Sequencing_Depth"	"Sequencing_Depth"	"Sequencing_Depth"	1.46815406196394	0	0.998367921405579	0.141411738878903	0.479811440623438	0.212251023035284	0.507806312556181	NA	"prevalence"	50	44
"GGB14001_SGB21428"	"Sequencing_Depth"	"Sequencing_Depth"	"Sequencing_Depth"	1.46815406196394	0	0.998367921405579	0.141411738878903	0.479811440623438	0.26282619786505	0.568272860248757	NA	"prevalence"	50	44
"GGB27894_SGB40329"	"Sex"	"M"	"SexM"	-1.78435070906052	0	1.21163401566789	0.140837001968656	0.479811440623438	0.140837001968656	0.428051479740993	NA	"prevalence"	50	4
"GGB27919_SGB40357"	"Sequencing_Depth"	"Sequencing_Depth"	"Sequencing_Depth"	0.643930795875832	0	0.437736484598144	0.141278497272775	0.479811440623438	0.262597380753896	0.568272860248757	NA	"prevalence"	50	28
"GGB28310_SGB40880"	"Sequencing_Depth"	"Sequencing_Depth"	"Sequencing_Depth"	1.46815406196394	0	0.998367921405579	0.141411738878903	0.479811440623438	0.00973878411942326	0.151276182377523	NA	"prevalence"	50	44
"GGB28439_SGB41022"	"Sex"	"M"	"SexM"	1.92052256362663	0	1.30876557632777	0.142258974359842	0.479811440623438	0.142258974359842	0.428051479740993	NA	"prevalence"	50	4
"GGB28865_SGB41537"	"Sequencing_Depth"	"Sequencing_Depth"	"Sequencing_Depth"	0.814963264718045	0	0.559184885518255	0.145002438762261	0.479811440623438	0.145002438762261	0.428051479740993	NA	"prevalence"	50	2
"GGB28928_SGB41627"	"Sequencing_Depth"	"Sequencing_Depth"	"Sequencing_Depth"	0.814963264718045	0	0.559184885518255	0.145002438762261	0.479811440623438	0.145002438762261	0.428051479740993	NA	"prevalence"	50	2
"GGB28942_SGB41646"	"Sequencing_Depth"	"Sequencing_Depth"	"Sequencing_Depth"	0.814963264718045	0	0.559184885518255	0.145002438762261	0.479811440623438	0.145002438762261	0.428051479740993	NA	"prevalence"	50	2
"GGB28948_SGB41654"	"Sequencing_Depth"	"Sequencing_Depth"	"Sequencing_Depth"	0.814963264718045	0	0.559184885518255	0.145002438762261	0.479811440623438	0.145002438762261	0.428051479740993	NA	"prevalence"	50	2
"GGB28957_SGB41666"	"Sequencing_Depth"	"Sequencing_Depth"	"Sequencing_Depth"	0.814963264718045	0	0.559184885518255	0.145002438762261	0.479811440623438	0.145002438762261	0.428051479740993	NA	"prevalence"	50	2
"GGB28961_SGB41670"	"Sequencing_Depth"	"Sequencing_Depth"	"Sequencing_Depth"	0.814963264718045	0	0.559184885518255	0.145002438762261	0.479811440623438	0.145002438762261	0.428051479740993	NA	"prevalence"	50	2
"GGB30147_SGB43074"	"Sequencing_Depth"	"Sequencing_Depth"	"Sequencing_Depth"	0.814963264718045	0	0.559184885518255	0.145002438762261	0.479811440623438	0.145002438762261	0.428051479740993	NA	"prevalence"	50	2
"GGB30472_SGB43556"	"Sequencing_Depth"	"Sequencing_Depth"	"Sequencing_Depth"	0.814963264718045	0	0.559184885518255	0.145002438762261	0.479811440623438	0.145002438762261	0.428051479740993	NA	"prevalence"	50	2
"GGB42322_SGB59489"	"Genotype"	"MUT"	"GenotypeMUT"	1.68872168998817	0	1.15425498419419	0.143456320751992	0.479811440623438	0.143456320751992	0.428051479740993	NA	"prevalence"	50	4
"GGB42322_SGB59489"	"Sequencing_Depth"	"Sequencing_Depth"	"Sequencing_Depth"	0.782449247556389	0	0.52849352821681	0.138732504426986	0.479811440623438	0.138732504426986	0.428051479740993	NA	"prevalence"	50	4
"GGB74408_SGB43542"	"Sequencing_Depth"	"Sequencing_Depth"	"Sequencing_Depth"	0.814963264718045	0	0.559184885518255	0.145002438762261	0.479811440623438	0.145002438762261	0.428051479740993	NA	"prevalence"	50	2
"Lachnospiraceae_bacterium_A2"	"Sequencing_Depth"	"Sequencing_Depth"	"Sequencing_Depth"	0.668520082654077	0	0.455493597291045	0.14219042619984	0.479811440623438	0.14219042619984	0.428051479740993	NA	"prevalence"	50	5
"Lachnospiraceae_unclassified_SGB41405"	"Sex"	"M"	"SexM"	-1.35127305930245	0	0.901662465654261	0.13396543151999	0.479811440623438	0.249984126197643	0.556825700711618	NA	"prevalence"	50	9
"Oscillospiraceae_bacterium"	"Sex"	"M"	"SexM"	-1.78407935140505	0	1.2113300556926	0.140797747997278	0.479811440623438	0.140797747997278	0.428051479740993	NA	"prevalence"	50	6
"Pseudoflavonifractor_sp_524_17"	"Genotype"	"MUT"	"GenotypeMUT"	1.68872168998817	0	1.15425498419419	0.143456320751992	0.479811440623438	0.143456320751992	0.428051479740993	NA	"prevalence"	50	4
"Pseudoflavonifractor_sp_524_17"	"Sequencing_Depth"	"Sequencing_Depth"	"Sequencing_Depth"	0.782449247556389	0	0.52849352821681	0.138732504426986	0.479811440623438	0.138732504426986	0.428051479740993	NA	"prevalence"	50	4
"GGB42570_SGB59765"	"Sequencing_Depth"	"Sequencing_Depth"	"Sequencing_Depth"	0.511853768564454	0	0.351879695839723	0.145772503053186	0.481008427441606	0.270295383459981	0.578171943229906	NA	"prevalence"	50	12
"GGB27929_SGB40368"	"Genotype"	"MUT"	"GenotypeMUT"	1.32014122059019	0.518121331076144	0.526264904323072	0.146311999092708	0.481440041707292	0.146311999092708	0.430329409096201	NA	"abundance"	50	30
"GGB30045_SGB42945"	"Genotype"	"MUT"	"GenotypeMUT"	0.0378248201356473	0.518121331076144	0.306610281487467	0.147928549986721	0.484055088567658	0.0765305248371522	0.336397911372098	NA	"abundance"	50	33
"GGB22635_SGB63107"	"Sequencing_Depth"	"Sequencing_Depth"	"Sequencing_Depth"	0.732693213111357	0	0.505937871481528	0.147564447162562	0.484055088567658	0.258222910459967	0.565968022925955	NA	"prevalence"	50	27
"GGB75725_SGB102612"	"Site"	"Jejunum"	"SiteJejunum"	-0.58961429814013	0.169814988290091	0.485669840898607	0.149495658339892	0.48514018050797	0.276642364817307	0.580876356571773	NA	"abundance"	50	19
"Clostridiales_bacterium"	"Genotype"	"MUT"	"GenotypeMUT"	1.29383857686952	0	0.897135751016303	0.149249293875741	0.48514018050797	0.276223236029075	0.580876356571773	NA	"prevalence"	50	11
"Thomasclavelia_cocleata"	"Sequencing_Depth"	"Sequencing_Depth"	"Sequencing_Depth"	0.723320354467373	0	0.50091707150866	0.14874116361737	0.48514018050797	0.275358393480492	0.580876356571773	NA	"prevalence"	50	7
"GGB28925_SGB41622"	"Sex"	"M"	"SexM"	1.98885953177461	0	1.38946721536394	0.152320523080661	0.491598838874023	0.152320523080661	0.443748086397983	NA	"prevalence"	50	4
"GGB46162_SGB63930"	"Genotype"	"MUT"	"GenotypeMUT"	-1.02531999097624	0	0.716111687461527	0.152204554450329	0.491598838874023	0.10542816408965	0.381918631481251	NA	"prevalence"	50	18
"GGB18828_SGB27767"	"Site"	"Jejunum"	"SiteJejunum"	0.930068198504342	0.169814988290091	0.479650147482742	0.15300929189794	0.492472529660582	0.070347975659846	0.317956952134897	NA	"abundance"	50	16
"Lachnospiraceae_bacterium"	"Sex"	"M"	"SexM"	-1.51664024440156	0	1.06244461527528	0.153435674416991	0.492499249218571	0.283328842650185	0.588716410100707	NA	"prevalence"	50	44
"Duncaniella_freteri"	"Genotype"	"MUT"	"GenotypeMUT"	-1.23624973874015	0	0.866928393809135	0.153865062696021	0.492535445260633	0.284055667873591	0.588716410100707	NA	"prevalence"	50	9
"GGB28949_SGB41656"	"Genotype"	"MUT"	"GenotypeMUT"	1.3204297906736	0	0.927234991655099	0.154431748744233	0.493009756153676	0.154431748744233	0.447628257229661	NA	"prevalence"	50	6
"GGB30045_SGB42945"	"Sequencing_Depth"	"Sequencing_Depth"	"Sequencing_Depth"	0.561583275293715	0	0.395991241770995	0.156140861178596	0.497118741806447	0.259679917211736	0.566932959796047	NA	"prevalence"	50	33
"Muribaculum_gordoncarteri"	"Genotype"	"MUT"	"GenotypeMUT"	1.06559191257134	0.518121331076144	0.363960798449931	0.15682791311971	0.4979603279111	0.0159694196754717	0.159694196754717	NA	"abundance"	50	33
"Limosilactobacillus_reuteri"	"Sequencing_Depth"	"Sequencing_Depth"	"Sequencing_Depth"	-1.00572749166393	-0.488797967236592	0.349303488372318	0.157350166799463	0.498275528198298	0.009832951854539	0.151276182377523	NA	"abundance"	50	30
"GGB28456_SGB41039"	"Sex"	"M"	"SexM"	1.86648549888692	0	1.32476577515139	0.158859605590484	0.498820891759222	0.158859605590484	0.453284486768616	NA	"prevalence"	50	3
"GGB28814_SGB41469"	"Sequencing_Depth"	"Sequencing_Depth"	"Sequencing_Depth"	0.779282339229966	0	0.553580549271299	0.159216175977477	0.498820891759222	0.159216175977477	0.453284486768616	NA	"prevalence"	50	2
"GGB75094_SGB102310"	"Sequencing_Depth"	"Sequencing_Depth"	"Sequencing_Depth"	0.779282339229966	0	0.553580549271299	0.159216175977477	0.498820891759222	0.159216175977477	0.453284486768616	NA	"prevalence"	50	2
"Lachnospiraceae_unclassified_SGB7275"	"Sequencing_Depth"	"Sequencing_Depth"	"Sequencing_Depth"	0.502141737689866	0	0.356130966411615	0.158542108069767	0.498820891759222	0.189752134074129	0.485638200862592	NA	"prevalence"	50	12
"Turicimonas_muris"	"Sex"	"M"	"SexM"	1.04321278029935	-0.197565677367378	0.854477371109232	0.162458291673741	0.504949518711521	0.0379257383369864	0.23066580816569	NA	"abundance"	50	28
"GGB28898_SGB41580"	"Sequencing_Depth"	"Sequencing_Depth"	"Sequencing_Depth"	0.595891344928343	0	0.426456398894499	0.16232068421022	0.504949518711521	0.0523997701358001	0.279465440724267	NA	"prevalence"	50	9
"Oscillibacter_sp_CU971"	"Sex"	"M"	"SexM"	1.65846666411575	0	1.18625109210006	0.16209088334006	0.504949518711521	0.0782466844900592	0.337035837860786	NA	"prevalence"	50	7
"Adlercreutzia_mucosicola"	"Sequencing_Depth"	"Sequencing_Depth"	"Sequencing_Depth"	-0.895829450885945	-0.488797967236592	0.272184570230373	0.163058931424955	0.505482687417359	0.00771970060894748	0.147041916360904	NA	"abundance"	50	23
"Adlercreutzia_muris"	"Sequencing_Depth"	"Sequencing_Depth"	"Sequencing_Depth"	-0.239586232810935	-0.488797967236592	0.164361841714602	0.165650544205465	0.506417992953056	0.267753807474345	0.574270900749265	NA	"abundance"	50	38
"GGB1503_SGB2082"	"Sequencing_Depth"	"Sequencing_Depth"	"Sequencing_Depth"	-0.163869996634358	-0.488797967236592	0.217362010783964	0.163921140453872	0.506417992953056	0.300972140620045	0.611110945421412	NA	"abundance"	50	29
"GGB30455_SGB43519"	"Site"	"Jejunum"	"SiteJejunum"	-1.04118687349652	0.169814988290091	0.714313093427411	0.168596568515047	0.506417992953056	0.308768334115046	0.617536668230092	NA	"abundance"	50	9
"Lactobacillus_johnsonii"	"Site"	"Jejunum"	"SiteJejunum"	-0.886964281463322	0.169814988290091	0.735744898499264	0.16663727762747	0.506417992953056	0.305506572959846	0.617184995878477	NA	"abundance"	50	34
"Paramuribaculum_intestinale"	"Genotype"	"MUT"	"GenotypeMUT"	1.43549848467472	0.518121331076144	0.645175972501701	0.173248260747098	0.506417992953056	0.00688786529582816	0.147041916360904	NA	"abundance"	50	26
"Acutalibacter_sp_1XD8_33"	"Sex"	"M"	"SexM"	-1.6542945020305	0	1.21117291948212	0.171982428055155	0.506417992953056	0.171982428055155	0.464371550036205	NA	"prevalence"	50	5
"Akkermansia_muciniphila"	"Sex"	"M"	"SexM"	-1.64611216510981	0	1.19743392552291	0.169224536596951	0.506417992953056	0.00582607671392327	0.13927640774611	NA	"prevalence"	50	44
"Anaerostipes_hominis"	"Sequencing_Depth"	"Sequencing_Depth"	"Sequencing_Depth"	0.808348444341797	0	0.593037871825612	0.172862410023102	0.506417992953056	0.172862410023102	0.464371550036205	NA	"prevalence"	50	2
"Atopobiaceae_bacterium_FL090493"	"Sequencing_Depth"	"Sequencing_Depth"	"Sequencing_Depth"	0.808348444341797	0	0.593037871825612	0.172862410023102	0.506417992953056	0.172862410023102	0.464371550036205	NA	"prevalence"	50	2
"Bacteroidales_bacterium"	"Genotype"	"MUT"	"GenotypeMUT"	-1.02875405431372	0	0.741329195296405	0.165223678085148	0.506417992953056	0.303148492370312	0.613971630117088	NA	"prevalence"	50	28
"GGB14001_SGB21428"	"Sex"	"M"	"SexM"	-1.64611216510981	0	1.19743392552291	0.169224536596951	0.506417992953056	0.201322838125728	0.494043774541664	NA	"prevalence"	50	44
"GGB143828_SGB43507"	"Sequencing_Depth"	"Sequencing_Depth"	"Sequencing_Depth"	0.594271914278579	0	0.430615343996046	0.167570386285507	0.506417992953056	0.167570386285507	0.464371550036205	NA	"prevalence"	50	5
"GGB143828_SGB43507"	"Sex"	"M"	"SexM"	-1.62886247710109	0	1.17113830220769	0.164274861902293	0.506417992953056	0.164274861902293	0.462746089865613	NA	"prevalence"	50	5
"GGB27480_SGB39776"	"Genotype"	"MUT"	"GenotypeMUT"	-1.2994759266497	0	0.949357705706952	0.171063415039835	0.506417992953056	0.312864138114579	0.622615200228019	NA	"prevalence"	50	8
"GGB27929_SGB40368"	"Sequencing_Depth"	"Sequencing_Depth"	"Sequencing_Depth"	0.481660596361615	0	0.34944410964498	0.168091448513006	0.506417992953056	0.307928161962811	0.617536668230092	NA	"prevalence"	50	30
"GGB28310_SGB40880"	"Sex"	"M"	"SexM"	-1.64611216510981	0	1.19743392552291	0.169224536596951	0.506417992953056	0.0648484305133594	0.30450241973672	NA	"prevalence"	50	44
"GGB28956_SGB41665"	"Sex"	"M"	"SexM"	1.72850394074633	0	1.26844446284858	0.172978402388486	0.506417992953056	0.172978402388486	0.464371550036205	NA	"prevalence"	50	5
"GGB31108_SGB44379"	"Genotype"	"MUT"	"GenotypeMUT"	-1.70720839660266	0	1.23521504820953	0.166936604664682	0.506417992953056	0.166936604664682	0.464371550036205	NA	"prevalence"	50	3
"GGB42598_SGB59794"	"Genotype"	"MUT"	"GenotypeMUT"	-0.859947890634586	0	0.627332031757132	0.170436743571954	0.506417992953056	0.311824803584497	0.622094371240891	NA	"prevalence"	50	23
"GGB79741_SGB1950"	"Sequencing_Depth"	"Sequencing_Depth"	"Sequencing_Depth"	0.808348444341797	0	0.593037871825612	0.172862410023102	0.506417992953056	0.172862410023102	0.464371550036205	NA	"prevalence"	50	2
"GGB80032_SGB42945"	"Sequencing_Depth"	"Sequencing_Depth"	"Sequencing_Depth"	0.808348444341797	0	0.593037871825612	0.172862410023102	0.506417992953056	0.172862410023102	0.464371550036205	NA	"prevalence"	50	2
"Lachnospiraceae_bacterium_MD308"	"Sequencing_Depth"	"Sequencing_Depth"	"Sequencing_Depth"	0.808348444341797	0	0.593037871825612	0.172862410023102	0.506417992953056	0.172862410023102	0.464371550036205	NA	"prevalence"	50	2
"Parasutterella_sp_NM82_D38"	"Sequencing_Depth"	"Sequencing_Depth"	"Sequencing_Depth"	0.808348444341797	0	0.593037871825612	0.172862410023102	0.506417992953056	0.172862410023102	0.464371550036205	NA	"prevalence"	50	2
"Turicibacter_sp_1E2"	"Sequencing_Depth"	"Sequencing_Depth"	"Sequencing_Depth"	-1.13606568236866	-0.488797967236592	0.441989042159191	0.174752435867703	0.508292270252233	0.0662964045207668	0.306572968882159	NA	"abundance"	50	16
"GGB30861_SGB44083"	"Sex"	"M"	"SexM"	-1.29555673003436	0	0.954240094570494	0.174563902225501	0.508292270252233	0.318655248490807	0.624814212727072	NA	"prevalence"	50	40
"GGB30455_SGB43519"	"Sequencing_Depth"	"Sequencing_Depth"	"Sequencing_Depth"	-0.990859413052248	-0.488797967236592	0.299419223871073	0.176413112725509	0.511858735937561	0.0317318556827957	0.223742834767049	NA	"abundance"	50	9
"Acutalibacter_muris"	"Site"	"Jejunum"	"SiteJejunum"	-0.909998755861154	0.169814988290091	0.701088399873266	0.179079144713405	0.515364509380844	0.326088949355525	0.633411367429283	NA	"abundance"	50	11
"Adlercreutzia_aquisgranensis"	"Site"	"Jejunum"	"SiteJejunum"	-0.263476940592204	0.169814988290091	0.291325428890365	0.179150960423344	0.515364509380844	0.326206854226081	0.633411367429283	NA	"abundance"	50	29
"GGB27884_SGB40318"	"Sex"	"M"	"SexM"	0.861436442859515	-0.197565677367378	0.760185320141237	0.180544263123553	0.515364509380844	0.00126141238378933	0.0879778306225503	NA	"abundance"	50	30
"GGB24132_SGB35935"	"Sequencing_Depth"	"Sequencing_Depth"	"Sequencing_Depth"	0.911852300852195	0	0.682539074093522	0.181558804238582	0.515364509380844	0.100976630924719	0.376394441208635	NA	"prevalence"	50	33
"GGB28382_SGB40962"	"Genotype"	"MUT"	"GenotypeMUT"	1.11274238823662	0	0.832670087446903	0.181433442552254	0.515364509380844	0.329948791028145	0.63491155592427	NA	"prevalence"	50	8
"GGB30475_SGB63182"	"Genotype"	"MUT"	"GenotypeMUT"	-1.28688353568974	0	0.962911186321358	0.181401934091192	0.515364509380844	0.181401934091192	0.478949000900836	NA	"prevalence"	50	10
"Lachnospiraceae_bacterium"	"Site"	"Jejunum"	"SiteJejunum"	-1.09995704701748	0	0.819985386235937	0.179779279956142	0.515364509380844	0.327237970410736	0.633875003216922	NA	"prevalence"	50	44
"Muribaculum_gordoncarteri"	"Sequencing_Depth"	"Sequencing_Depth"	"Sequencing_Depth"	0.911852300852195	0	0.682539074093522	0.181558804238582	0.515364509380844	0.330154009080621	0.63491155592427	NA	"prevalence"	50	33
"Oscillospiraceae_unclassified_SGB102175"	"Site"	"Jejunum"	"SiteJejunum"	-1.52629321157831	0	1.14060757232874	0.180850633651097	0.515364509380844	0.32899431561019	0.63491155592427	NA	"prevalence"	50	6
"GGB28990_SGB41704"	"Genotype"	"MUT"	"GenotypeMUT"	1.60560331594696	0	1.20488036528342	0.182668625958051	0.517019981750621	0.182668625958051	0.480706910415923	NA	"prevalence"	50	4
"GGB22635_SGB33556"	"Sequencing_Depth"	"Sequencing_Depth"	"Sequencing_Depth"	0.465169417871935	0	0.350690894187538	0.184694951931838	0.517278828277875	0.0951329898429899	0.369448504244621	NA	"prevalence"	50	10
"GGB27866_SGB40300"	"Site"	"Jejunum"	"SiteJejunum"	0.916542548799286	0	0.690546141991936	0.184418727482958	0.517278828277875	0.334827187919483	0.634983363047822	NA	"prevalence"	50	19
"GGB42322_SGB59489"	"Sex"	"M"	"SexM"	1.61816151922901	0	1.22163155249293	0.185307016581718	0.517278828277875	0.185307016581718	0.484462788448935	NA	"prevalence"	50	4
"GGB46159_SGB63927"	"Sequencing_Depth"	"Sequencing_Depth"	"Sequencing_Depth"	1.02473783126788	0	0.7712717928599	0.183968790219118	0.517278828277875	0.334093064663549	0.634983363047822	NA	"prevalence"	50	42
"Pseudoflavonifractor_sp_524_17"	"Sex"	"M"	"SexM"	1.61816151922901	0	1.22163155249293	0.185307016581718	0.517278828277875	0.185307016581718	0.484462788448935	NA	"prevalence"	50	4
"GGB28456_SGB41039"	"Genotype"	"MUT"	"GenotypeMUT"	1.55567706056482	0	1.17814759688812	0.186687066278995	0.519899205854978	0.186687066278995	0.48537050579445	NA	"prevalence"	50	3
"GGB30475_SGB63182"	"Site"	"Jejunum"	"SiteJejunum"	-1.23337713781783	0	0.935623582816905	0.187423066655357	0.520717859717006	0.187423066655357	0.48537050579445	NA	"prevalence"	50	10
"GGB30046_SGB42947"	"Site"	"Jejunum"	"SiteJejunum"	-1.12995453986061	0	0.858501638988684	0.188109002057055	0.521393892760495	0.0794992099453731	0.340103571958815	NA	"prevalence"	50	25
"GGB46159_SGB63927"	"Sex"	"M"	"SexM"	-1.23555524418873	0	0.94124919900321	0.189292144286442	0.523441657205231	0.000183314925623564	0.0613950229835642	NA	"prevalence"	50	42
"Thomasclavelia_cocleata"	"Sequencing_Depth"	"Sequencing_Depth"	"Sequencing_Depth"	-1.32957676526986	-0.488797967236592	0.495115139216206	0.190070814271211	0.524363979418002	0.275358393480492	0.580876356571773	NA	"abundance"	50	7
"Clostridia_bacterium"	"Genotype"	"MUT"	"GenotypeMUT"	0.891639405716038	0.518121331076144	0.255758829221699	0.192435514310134	0.526828358752784	0.192435514310134	0.485638200862592	NA	"abundance"	50	23
"Alistipes_finegoldii"	"Sequencing_Depth"	"Sequencing_Depth"	"Sequencing_Depth"	0.696091138318534	0	0.535164480547793	0.193359435678434	0.526828358752784	0.193359435678434	0.485638200862592	NA	"prevalence"	50	3
"Enterococcus_gallinarum"	"Genotype"	"MUT"	"GenotypeMUT"	1.49924137056846	0	1.15275725862714	0.193405722136977	0.526828358752784	0.193405722136977	0.485638200862592	NA	"prevalence"	50	3
"GGB28778_SGB41431"	"Sex"	"M"	"SexM"	-1.0570790881215	0	0.810859077594285	0.192351829023592	0.526828358752784	0.347704431918463	0.636841965920325	NA	"prevalence"	50	11
"GGB32371_SGB41694"	"Sequencing_Depth"	"Sequencing_Depth"	"Sequencing_Depth"	0.798486087769132	0	0.614284124626775	0.193647435772458	0.526828358752784	0.193647435772458	0.485638200862592	NA	"prevalence"	50	10
"Lactobacillus_johnsonii"	"Site"	"Jejunum"	"SiteJejunum"	-1.05919194267859	0	0.81247504781501	0.192349230343784	0.526828358752784	0.305506572959846	0.617184995878477	NA	"prevalence"	50	34
"Muribaculum_intestinale"	"Sequencing_Depth"	"Sequencing_Depth"	"Sequencing_Depth"	-0.184938342836841	-0.488797967236592	0.220633039990582	0.194550137643078	0.528064659316927	0.351250519229216	0.636841965920325	NA	"abundance"	50	34
"Acutalibacter_muris"	"Sex"	"M"	"SexM"	1.33491157321949	-0.197565677367378	1.04994164162033	0.196141776569229	0.528497319798343	0.353811956622724	0.636841965920325	NA	"abundance"	50	11
"Bacillota_unclassified_SGB63211"	"Site"	"Jejunum"	"SiteJejunum"	-1.27803625758273	0	0.986744694365255	0.195249661746192	0.528497319798343	0.352376893080382	0.636841965920325	NA	"prevalence"	50	14
"GGB115370_SGB161393"	"Sex"	"M"	"SexM"	-1.5716828298552	0	1.21600092119719	0.196183579397292	0.528497319798343	0.196183579397292	0.487412619620602	NA	"prevalence"	50	7
"GGB27849_SGB40283"	"Genotype"	"MUT"	"GenotypeMUT"	-0.8831177961173	0	0.685012935814799	0.197329011909477	0.528497319798343	0.355719284877783	0.636841965920325	NA	"prevalence"	50	28
"GGB27860_SGB40294"	"Genotype"	"MUT"	"GenotypeMUT"	-0.8831177961173	0	0.685012935814799	0.197329011909477	0.528497319798343	0.355719284877783	0.636841965920325	NA	"prevalence"	50	28
"Oscillospiraceae_unclassified_SGB102175"	"Genotype"	"MUT"	"GenotypeMUT"	1.26702871250241	0	0.982961995750971	0.19740137581602	0.528497319798343	0.355835448457982	0.636841965920325	NA	"prevalence"	50	6
"Neglectibacter_sp_X4"	"Genotype"	"MUT"	"GenotypeMUT"	1.01623786783335	0	0.791959664892008	0.199424127440422	0.532702090985981	0.359078272275471	0.641211200491913	NA	"prevalence"	50	15
"GGB42570_SGB59765"	"Site"	"Jejunum"	"SiteJejunum"	1.02954565124535	0.169814988290091	0.600734032073249	0.202715292865309	0.534475919242666	0.36433709576915	0.64368892943422	NA	"abundance"	50	12
"Lachnospiraceae_unclassified_SGB7275"	"Genotype"	"MUT"	"GenotypeMUT"	2.05064834367566	0.518121331076144	1.08996784482203	0.202667777305463	0.534475919242666	0.0457741645557605	0.252785730836301	NA	"abundance"	50	12
"GGB115370_SGB161393"	"Genotype"	"MUT"	"GenotypeMUT"	-1.51114765861145	0	1.18159945304377	0.200932237452555	0.534475919242666	0.200932237452555	0.494043774541664	NA	"prevalence"	50	7
"GGB1503_SGB2082"	"Sequencing_Depth"	"Sequencing_Depth"	"Sequencing_Depth"	0.554451400744942	0	0.434747404949117	0.202188400428389	0.534475919242666	0.300972140620045	0.611110945421412	NA	"prevalence"	50	29
"GGB30461_SGB63209"	"Site"	"Jejunum"	"SiteJejunum"	-1.25980682438292	0	0.989181451955693	0.202810471902778	0.534475919242666	0.364488856292127	0.64368892943422	NA	"prevalence"	50	10
"Lactobacillus_intestinalis"	"Sequencing_Depth"	"Sequencing_Depth"	"Sequencing_Depth"	0.541977022903276	0	0.424275830365245	0.201455178804698	0.534475919242666	0.362326168542163	0.64368892943422	NA	"prevalence"	50	21
"Lachnospiraceae_bacterium"	"Genotype"	"MUT"	"GenotypeMUT"	1.07578319414559	0.518121331076144	0.424117486547419	0.205650411040208	0.540750411172689	0.369008730519408	0.648791962242222	NA	"abundance"	50	44
"GGB75726_SGB102611"	"Site"	"Jejunum"	"SiteJejunum"	-1.27896037524364	0	1.01291552946695	0.20671407392923	0.541912665611481	0.37069743949804	0.648923307655212	NA	"prevalence"	50	10
"Lachnospiraceae_bacterium_A2"	"Sex"	"M"	"SexM"	-1.53784064300015	0	1.21874512017431	0.207012478374505	0.541912665611481	0.207012478374505	0.503141184878438	NA	"prevalence"	50	5
"Eubacteriaceae_bacterium"	"Sequencing_Depth"	"Sequencing_Depth"	"Sequencing_Depth"	-0.709035973953119	-0.488797967236592	0.152955756062219	0.207920237784949	0.542286082959269	0.0944713733353797	0.369249121550729	NA	"abundance"	50	18
"GGB28904_SGB41597"	"Site"	"Jejunum"	"SiteJejunum"	-1.04338013440089	0	0.828820089600232	0.208075814514083	0.542286082959269	0.372856084442467	0.651277003392955	NA	"prevalence"	50	12
"GGB27861_SGB40295"	"Genotype"	"MUT"	"GenotypeMUT"	1.18152875032633	0.518121331076144	0.491560978694706	0.208756190045396	0.54285826020635	0.373933233208522	0.651735482716379	NA	"abundance"	50	17
"GGB18828_SGB27767"	"Sequencing_Depth"	"Sequencing_Depth"	"Sequencing_Depth"	-0.114104103577978	-0.488797967236592	0.274587993315953	0.209277310914848	0.543014696602843	0.0377462393892938	0.23066580816569	NA	"abundance"	50	16
"Oscillibacter_SGB43502"	"Site"	"Jejunum"	"SiteJejunum"	-1.76221297714222	0	1.40517520978173	0.209810122761727	0.543200713435855	0.209810122761727	0.505000282702897	NA	"prevalence"	50	3
"Clostridiales_bacterium"	"Sex"	"M"	"SexM"	-2.33955024150344	-0.197565677367378	1.53360279084249	0.21216970223683	0.548105064111811	0.379323421926395	0.659692907698078	NA	"abundance"	50	11
"GGB28927_SGB41625"	"Sequencing_Depth"	"Sequencing_Depth"	"Sequencing_Depth"	0.759057292466692	0	0.60912339057058	0.212710428535953	0.548299529136438	0.212710428535953	0.507806312556181	NA	"prevalence"	50	3
"Oscillospiraceae_bacterium"	"Genotype"	"MUT"	"GenotypeMUT"	1.28736179016729	0	1.03435747592565	0.213278651273596	0.548563867249555	0.213278651273596	0.507806312556181	NA	"prevalence"	50	6
"GGB28803_SGB41457"	"Site"	"Jejunum"	"SiteJejunum"	0.897139232592421	0.169814988290091	0.223783305974466	0.215839968388555	0.548808727924966	0.385093044823137	0.668274264335161	NA	"abundance"	50	6
"GGB29531_SGB42317"	"Sequencing_Depth"	"Sequencing_Depth"	"Sequencing_Depth"	0.409503857368067	-0.488797967236592	0.608117218658484	0.215414815163867	0.548808727924966	0.00359626484285631	0.107551111723191	NA	"abundance"	50	9
"GGB30294_SGB43258"	"Genotype"	"MUT"	"GenotypeMUT"	0.0212234489682826	0.518121331076144	0.361175046925075	0.217259732304024	0.548808727924966	0.162768195157407	0.461753745127397	NA	"abundance"	50	15
"GGB30861_SGB44083"	"Genotype"	"MUT"	"GenotypeMUT"	0.890758588870362	0.518121331076144	0.278934182510074	0.217461834714266	0.548808727924966	0.217461834714266	0.514702567371045	NA	"abundance"	50	40
"GGB27482_SGB39778"	"Genotype"	"MUT"	"GenotypeMUT"	-0.885221185295907	0	0.716234386783417	0.216481667829057	0.548808727924966	0.386099023152064	0.668569737059851	NA	"prevalence"	50	19
"GGB27861_SGB40295"	"Sequencing_Depth"	"Sequencing_Depth"	"Sequencing_Depth"	0.424749963233528	0	0.341725179045202	0.213883399131196	0.548808727924966	0.00707178729604874	0.147041916360904	NA	"prevalence"	50	17
"GGB3171_SGB4185"	"Genotype"	"MUT"	"GenotypeMUT"	1.04153676924481	0	0.840954610935758	0.215524340015249	0.548808727924966	0.215524340015249	0.511630480748367	NA	"prevalence"	50	9
"GGB42570_SGB59765"	"Sex"	"M"	"SexM"	-0.906953266932486	0	0.736297076069103	0.218032669498204	0.548808727924966	0.188081070995349	0.48537050579445	NA	"prevalence"	50	12
"Sangeribacter_muris"	"Genotype"	"MUT"	"GenotypeMUT"	-0.895428895810672	0	0.726290302419643	0.217620482907278	0.548808727924966	0.0147417511046726	0.159370282212677	NA	"prevalence"	50	17
"Thomasclavelia_cocleata"	"Site"	"Jejunum"	"SiteJejunum"	-1.19777369036719	0	0.971557535128722	0.217635964236556	0.548808727924966	0.387906515543936	0.670248838952805	NA	"prevalence"	50	7
"Lepagella_muris"	"Sex"	"M"	"SexM"	0.920553473698139	-0.197565677367378	0.878651884574425	0.219182580563015	0.549611293453686	0.00736952532672793	0.147041916360904	NA	"abundance"	50	26
"Lepagella_muris"	"Genotype"	"MUT"	"GenotypeMUT"	-0.820718918548987	0	0.668102559057926	0.219284641700537	0.549611293453686	0.390483529315341	0.671498470220405	NA	"prevalence"	50	26
"Paramuribaculum_intestinale"	"Sequencing_Depth"	"Sequencing_Depth"	"Sequencing_Depth"	0.523676109881406	0	0.426744460909414	0.219769172740643	0.549656232459613	0.0906678172265984	0.36336171471739	NA	"prevalence"	50	26
"Akkermansia_muciniphila"	"Genotype"	"MUT"	"GenotypeMUT"	1.1862362410358	0	0.974703650894236	0.223595668153197	0.552349804347329	0.397196313489519	0.67481169055696	NA	"prevalence"	50	44
"GGB28310_SGB40880"	"Genotype"	"MUT"	"GenotypeMUT"	1.1862362410358	0	0.974703650894236	0.223595668153197	0.552349804347329	0.397196313489519	0.67481169055696	NA	"prevalence"	50	44
"GGB28927_SGB41625"	"Genotype"	"MUT"	"GenotypeMUT"	1.44846531412296	0	1.18965002147856	0.223392809840666	0.552349804347329	0.223392809840666	0.524088703438512	NA	"prevalence"	50	3
"Oscillospiraceae_unclassified_SGB43526"	"Sex"	"M"	"SexM"	-1.49229371735584	0	1.22118753581904	0.221706837774439	0.552349804347329	0.221706837774439	0.521663147704562	NA	"prevalence"	50	6
"Schaedlerella_arabinosiphila"	"Sex"	"M"	"SexM"	-1.14006473688164	0	0.936894648157018	0.223659470860506	0.552349804347329	0.39729538281541	0.67481169055696	NA	"prevalence"	50	7
"GGB28317_SGB40889"	"Site"	"Jejunum"	"SiteJejunum"	-0.233931993661587	0.169814988290091	0.284140983737957	0.224957223809748	0.552709626906875	0.399308695075308	0.676033351541925	NA	"abundance"	50	13
"GGB27876_SGB40310"	"Genotype"	"MUT"	"GenotypeMUT"	-1.02372346700063	0	0.844110914051846	0.225212751201443	0.552709626906875	0.399704719099163	0.676033351541925	NA	"prevalence"	50	27
"Muribaculum_intestinale"	"Sequencing_Depth"	"Sequencing_Depth"	"Sequencing_Depth"	0.839907362512165	0	0.692055228440305	0.22488442219796	0.552709626906875	0.351250519229216	0.636841965920325	NA	"prevalence"	50	34
"GGB27849_SGB40283"	"Genotype"	"MUT"	"GenotypeMUT"	-0.608494606713184	0.518121331076144	0.904396566894909	0.225839959273528	0.55309661543496	0.355719284877783	0.636841965920325	NA	"abundance"	50	28
"GGB30414_SGB43453"	"Sequencing_Depth"	"Sequencing_Depth"	"Sequencing_Depth"	0.69601877620943	0	0.575279262699561	0.226325008142222	0.55313456346792	0.226325008142222	0.529415223724496	NA	"prevalence"	50	2
"Acutalibacter_intestini"	"Sequencing_Depth"	"Sequencing_Depth"	"Sequencing_Depth"	-0.8734559278988	-0.488797967236592	0.273510385241637	0.228071867874227	0.556249814401323	0.0993489754613154	0.374761909257124	NA	"abundance"	50	10
"GGB28796_SGB41449"	"Site"	"Jejunum"	"SiteJejunum"	1.36594550034176	0	1.13614392438392	0.229261068733252	0.557994915222666	0.229261068733252	0.534719693838488	NA	"prevalence"	50	2
"Oscillibacter_sp_CU971"	"Site"	"Jejunum"	"SiteJejunum"	0.937080451222113	0.169814988290091	0.431736790851296	0.230012397497811	0.558669287118395	0.210206367675081	0.505000282702897	NA	"abundance"	50	7
"Parabacteroides_goldsteinii"	"Sex"	"M"	"SexM"	1.71575011513867	0	1.43241026318846	0.230992412899168	0.559895190113621	0.230992412899168	0.537191657905042	NA	"prevalence"	50	2
"GGB28803_SGB41457"	"Sex"	"M"	"SexM"	0.720464272020651	-0.197565677367378	0.325666475627281	0.234831108496857	0.56803089488562	0.414516567475851	0.684617571658239	NA	"abundance"	50	6
"Ligilactobacillus_murinus"	"Genotype"	"MUT"	"GenotypeMUT"	-0.397990851477245	0.518121331076144	0.75639934202061	0.237090675225381	0.57077823882717	0.417969362171934	0.684617571658239	NA	"abundance"	50	34
"GGB27861_SGB40295"	"Site"	"Jejunum"	"SiteJejunum"	0.739380223725068	0	0.625763476775656	0.237378347160717	0.57077823882717	0.41840821462068	0.684617571658239	NA	"prevalence"	50	17
"GGB75879_SGB103683"	"Site"	"Jejunum"	"SiteJejunum"	-0.905016037158902	0	0.766015705329298	0.237420489834731	0.57077823882717	0.418472490676099	0.684617571658239	NA	"prevalence"	50	27
"GGB27873_SGB41457"	"Site"	"Jejunum"	"SiteJejunum"	1.35556218777096	0	1.15310669854269	0.239765173297305	0.574071898667124	0.239765173297305	0.548034681822411	NA	"prevalence"	50	2
"GGB45656_SGB63370"	"Genotype"	"MUT"	"GenotypeMUT"	1.40191354984884	0	1.19183665769011	0.239489733460407	0.574071898667124	0.239489733460407	0.548034681822411	NA	"prevalence"	50	3
"GGB45656_SGB63370"	"Sequencing_Depth"	"Sequencing_Depth"	"Sequencing_Depth"	0.560793309615244	0	0.480251677884281	0.242924918821827	0.580457513939375	0.242924918821827	0.553675028653736	NA	"prevalence"	50	3
"GGB42570_SGB59765"	"Sequencing_Depth"	"Sequencing_Depth"	"Sequencing_Depth"	-0.0704313470973828	-0.488797967236592	0.323215531003553	0.243647378651377	0.581005287553283	0.270295383459981	0.578171943229906	NA	"abundance"	50	12
"Acutalibacter_sp_1XD8_33"	"Sequencing_Depth"	"Sequencing_Depth"	"Sequencing_Depth"	0.520324700925247	0	0.447078429106329	0.244491631033383	0.581840689610757	0.244491631033383	0.555662797803142	NA	"prevalence"	50	5
"Duncaniella_muris"	"Sex"	"M"	"SexM"	0.690544182838563	-0.197565677367378	0.734679672857138	0.246433637561916	0.582929367566139	0.106851442767569	0.381918631481251	NA	"abundance"	50	23
"GGB24148_SGB35952"	"Sequencing_Depth"	"Sequencing_Depth"	"Sequencing_Depth"	-0.806533191819747	-0.488797967236592	0.263100730305303	0.246169952852594	0.582929367566139	0.0772608302949416	0.337035837860786	NA	"abundance"	50	35
"GGB30461_SGB102216"	"Sex"	"M"	"SexM"	-1.38679171060804	0	1.19514924262664	0.245906237352003	0.582929367566139	0.245906237352003	0.556825700711618	NA	"prevalence"	50	5
"GGB27482_SGB39778"	"Sex"	"M"	"SexM"	0.45890399454137	-0.197565677367378	0.539261016034739	0.251814729542018	0.585891892677406	0.0417939719253578	0.242283895219466	NA	"abundance"	50	19
"GGB28904_SGB41597"	"Sequencing_Depth"	"Sequencing_Depth"	"Sequencing_Depth"	-1.12398345984139	-0.488797967236592	0.505581835461609	0.251896399109162	0.585891892677406	0.0142527292302301	0.159370282212677	NA	"abundance"	50	12
"Acutalibacter_caecimuris"	"Sex"	"M"	"SexM"	-1.38832618763898	0	1.20381687864859	0.248799478770928	0.585891892677406	0.248799478770928	0.556825700711618	NA	"prevalence"	50	6
"Alistipes_finegoldii"	"Genotype"	"MUT"	"GenotypeMUT"	1.34556508901081	0	1.17260061037723	0.251172958832256	0.585891892677406	0.251172958832256	0.556825700711618	NA	"prevalence"	50	3
"Bacillota_unclassified_SGB43549"	"Site"	"Jejunum"	"SiteJejunum"	-1.4096297537532	0	1.22870765183542	0.251280027123582	0.585891892677406	0.251280027123582	0.556825700711618	NA	"prevalence"	50	5
"GGB27884_SGB40318"	"Site"	"Jejunum"	"SiteJejunum"	-0.905907908403724	0	0.789254033658257	0.251050023727916	0.585891892677406	0.439073933042045	0.71394135453991	NA	"prevalence"	50	30
"GGB28394_SGB40975"	"Sex"	"M"	"SexM"	1.59094443209645	0	1.39079129218498	0.252659661697897	0.585891892677406	0.252659661697897	0.556825700711618	NA	"prevalence"	50	2
"GGB28419_SGB41002"	"Sex"	"M"	"SexM"	1.59094443209645	0	1.39079129218498	0.252659661697897	0.585891892677406	0.252659661697897	0.556825700711618	NA	"prevalence"	50	2
"GGB28421_SGB41004"	"Sex"	"M"	"SexM"	1.59094443209645	0	1.39079129218498	0.252659661697897	0.585891892677406	0.252659661697897	0.556825700711618	NA	"prevalence"	50	2
"GGB30667_SGB43809"	"Site"	"Jejunum"	"SiteJejunum"	-1.49478731376503	0	1.29678100552708	0.249037388888661	0.585891892677406	0.249037388888661	0.556825700711618	NA	"prevalence"	50	3
"Clostridiales_bacterium"	"Sex"	"M"	"SexM"	-1.06198828451602	0	0.931896098746864	0.254453213288315	0.588891719555275	0.379323421926395	0.659692907698078	NA	"prevalence"	50	11
"GGB24148_SGB35952"	"Genotype"	"MUT"	"GenotypeMUT"	-0.0588187446313399	0.518121331076144	0.491906437559068	0.256543187877295	0.591404844069381	0.447271968508345	0.722523612481172	NA	"abundance"	50	35
"Bacteroides_caecimuris"	"Sex"	"M"	"SexM"	1.27038242735515	0	1.1189245125103	0.256224402524172	0.591404844069381	0.256224402524172	0.56313055499818	NA	"prevalence"	50	4
"Lactobacillus_intestinalis"	"Site"	"Jejunum"	"SiteJejunum"	-0.464866657812705	0.169814988290091	0.529667827235888	0.2570604502723	0.591439864103066	0.448040825450403	0.722523612481172	NA	"abundance"	50	21
"Turicimonas_muris"	"Genotype"	"MUT"	"GenotypeMUT"	1.4451645397864	0.518121331076144	0.797672515126796	0.258187333347499	0.592874617316479	0.0331266563729634	0.226084585457808	NA	"abundance"	50	28
"GGB141797_SGB41693"	"Genotype"	"MUT"	"GenotypeMUT"	1.38982956991511	0	1.23408672254484	0.260080495306437	0.596059967842378	0.260080495306437	0.566932959796047	NA	"prevalence"	50	3
"GGB22635_SGB33556"	"Genotype"	"MUT"	"GenotypeMUT"	0.807383007188858	0	0.720182515740012	0.262253342724247	0.599872694619734	0.262253342724247	0.568272860248757	NA	"prevalence"	50	10
"GGB25041_SGB36960"	"Sex"	"M"	"SexM"	-0.8464618129607	-0.197565677367378	0.531039229937305	0.263795582014722	0.602230999250663	0.458003054938957	0.731342203495341	NA	"abundance"	50	14
"GGB28845_SGB41512"	"Genotype"	"MUT"	"GenotypeMUT"	-1.46526268540883	0	1.31268102440894	0.264320845081197	0.60226297003027	0.264320845081197	0.569964086428456	NA	"prevalence"	50	2
"Lactobacillus_intestinalis"	"Sex"	"M"	"SexM"	-1.09437725782036	-0.197565677367378	0.768294072828774	0.264843959020669	0.602289929973646	0.000992511859550786	0.0879778306225503	NA	"abundance"	50	21
"GGB28870_SGB41546"	"Sex"	"M"	"SexM"	1.25434465219834	0	1.13062093829432	0.267244778123506	0.606578706415201	0.267244778123506	0.574270900749265	NA	"prevalence"	50	5
"GGB27919_SGB40357"	"Sequencing_Depth"	"Sequencing_Depth"	"Sequencing_Depth"	-0.0704882694518828	-0.488797967236592	0.36910449057922	0.272749439046831	0.615515017619093	0.262597380753896	0.568272860248757	NA	"abundance"	50	28
"GGB28946_SGB41652"	"Sex"	"M"	"SexM"	-1.32820046174518	0	1.21044704618224	0.272518604125238	0.615515017619093	0.272518604125238	0.579826817287741	NA	"prevalence"	50	5
"Oscillibacter_SGB43499"	"Sex"	"M"	"SexM"	-1.32820046174518	0	1.21044704618224	0.272518604125238	0.615515017619093	0.272518604125238	0.579826817287741	NA	"prevalence"	50	5
"GGB27770_SGB40184"	"Sequencing_Depth"	"Sequencing_Depth"	"Sequencing_Depth"	0.613914627825614	0	0.560556341744733	0.273434243504952	0.615880571412684	0.273434243504952	0.580231816456132	NA	"prevalence"	50	2
"Adlercreutzia_SGB42953"	"Sequencing_Depth"	"Sequencing_Depth"	"Sequencing_Depth"	0.554316798381602	0	0.5092068964722	0.27633536713686	0.621227218487063	0.27633536713686	0.580876356571773	NA	"prevalence"	50	11
"Adlercreutzia_aquisgranensis"	"Sex"	"M"	"SexM"	-0.618224115184324	-0.197565677367378	0.356138800134027	0.277729622937209	0.621999043579746	0.0037038764859972	0.107551111723191	NA	"abundance"	50	29
"GGB75074_SGB102167"	"Genotype"	"MUT"	"GenotypeMUT"	-1.03350596190576	0	0.952169570236384	0.277734717252077	0.621999043579746	0.277734717252077	0.581643386915344	NA	"prevalence"	50	13
"GGB29003_SGB41719"	"Sequencing_Depth"	"Sequencing_Depth"	"Sequencing_Depth"	0.631551237318921	0	0.586492951875451	0.281557719567959	0.628613926988557	0.281557719567959	0.588110119202003	NA	"prevalence"	50	2
"Lepagella_muris"	"Sequencing_Depth"	"Sequencing_Depth"	"Sequencing_Depth"	0.405534193359732	0	0.376756131421618	0.281755648089947	0.628613926988557	0.484125050949308	0.743185309022383	NA	"prevalence"	50	26
"GGB42646_SGB59844"	"Genotype"	"MUT"	"GenotypeMUT"	0.893869916948497	0	0.832510358868719	0.282955252465117	0.630096951614192	0.282955252465117	0.588716410100707	NA	"prevalence"	50	10
"GGB27885_SGB40319"	"Sex"	"M"	"SexM"	0.401871535585941	-0.197565677367378	0.531466748432681	0.284035870164942	0.630656972008961	0.0380743099674871	0.23066580816569	NA	"abundance"	50	23
"Ligilactobacillus_murinus"	"Sex"	"M"	"SexM"	0.721413168032513	-0.197565677367378	0.837704392335875	0.284277463613547	0.630656972008961	0.487741250908542	0.743185309022383	NA	"abundance"	50	34
"Limosilactobacillus_reuteri"	"Genotype"	"MUT"	"GenotypeMUT"	-0.224021871459018	0.518121331076144	0.678871987008167	0.28647376521849	0.630777748462394	0.490880312278521	0.743185309022383	NA	"abundance"	50	30
"GGB28869_SGB41543"	"Genotype"	"MUT"	"GenotypeMUT"	1.27993158658617	0	1.19753338086591	0.285156822721221	0.630777748462394	0.285156822721221	0.589471468157562	NA	"prevalence"	50	3
"GGB29531_SGB42317"	"Site"	"Jejunum"	"SiteJejunum"	1.03923531334689	0	0.974593560941584	0.286275901522814	0.630777748462394	0.490597911252929	0.743185309022383	NA	"prevalence"	50	9
"Oscillospiraceae_unclassified_SGB43526"	"Genotype"	"MUT"	"GenotypeMUT"	1.09044636217222	0	1.0228216139213	0.286371263200977	0.630777748462394	0.286371263200977	0.59045621278552	NA	"prevalence"	50	6
"Parabacteroides_SGB1950"	"Genotype"	"MUT"	"GenotypeMUT"	1.27196070484483	0	1.19748610892218	0.288148326284004	0.633281209631636	0.288148326284004	0.592592958938826	NA	"prevalence"	50	2
"Alistipes_timonensis"	"Genotype"	"MUT"	"GenotypeMUT"	1.05119996033765	0	0.993118850876272	0.289835049474937	0.635802026594927	0.495665743045735	0.743185309022383	NA	"prevalence"	50	6
"GGB27860_SGB40294"	"Genotype"	"MUT"	"GenotypeMUT"	-0.109457065537851	0.518121331076144	0.577763690675783	0.29352230702615	0.641501442814109	0.355719284877783	0.636841965920325	NA	"abundance"	50	28
"Bacillota_unclassified_SGB43550"	"Genotype"	"MUT"	"GenotypeMUT"	1.2675071719597	0	1.2060158603183	0.293264491620317	0.641501442814109	0.293264491620317	0.601568187939112	NA	"prevalence"	50	3
"Eubacteriaceae_bacterium"	"Sex"	"M"	"SexM"	-0.624515047817154	-0.197565677367378	0.368358098712514	0.294566631819645	0.642591652376929	0.0748617508463617	0.331400269214476	NA	"abundance"	50	18
"GGB74395_SGB43523"	"Site"	"Jejunum"	"SiteJejunum"	-1.29502197154218	0	1.23834184759733	0.29566678110124	0.643799386575342	0.29566678110124	0.604944820667498	NA	"prevalence"	50	4
"Bacillota_unclassified_SGB43543"	"Site"	"Jejunum"	"SiteJejunum"	-0.984877060556386	0	0.94326569367748	0.296432578691453	0.644275973613527	0.296432578691453	0.604964446309088	NA	"prevalence"	50	10
"GGB1503_SGB2082"	"Genotype"	"MUT"	"GenotypeMUT"	-0.0289386723019547	0.518121331076144	0.500111432475683	0.297789035955581	0.646032199550046	0.00184737652017542	0.0879778306225503	NA	"abundance"	50	29
"Adlercreutzia_SGB42953"	"Site"	"Jejunum"	"SiteJejunum"	-0.831516524239085	0	0.800196680436457	0.298739545506583	0.646902912880064	0.298739545506583	0.608121212227141	NA	"prevalence"	50	11
"GGB28310_SGB40880"	"Genotype"	"MUT"	"GenotypeMUT"	0.0855098817481552	0.518121331076144	0.405411265924837	0.302270990537129	0.650960195343213	0.397196313489519	0.67481169055696	NA	"abundance"	50	44
"Muribaculum_intestinale"	"Site"	"Jejunum"	"SiteJejunum"	0.63519000258752	0.169814988290091	0.427058213418044	0.301208059180481	0.650960195343213	0.51168982344569	0.751104327993673	NA	"abundance"	50	34
"Paramuribaculum_intestinale"	"Sex"	"M"	"SexM"	-0.871390178813965	-0.197565677367378	0.625239556053088	0.301898349402053	0.650960195343213	0.0109647124101778	0.153890700493724	NA	"abundance"	50	26
"Ligilactobacillus_murinus"	"Site"	"Jejunum"	"SiteJejunum"	1.02602547678691	0.169814988290091	0.811099517776086	0.303114672846645	0.651585920827277	0.514350840798361	0.753581135400675	NA	"abundance"	50	34
"GGB28769_SGB41421"	"Site"	"Jejunum"	"SiteJejunum"	-0.0762026284863206	0.169814988290091	0.0154146297701096	0.303985189054133	0.65206558351432	0.515563382943989	0.753581135400675	NA	"abundance"	50	6
"GGB30045_SGB42945"	"Site"	"Jejunum"	"SiteJejunum"	-0.690245267133938	0	0.672132541692693	0.304444881946414	0.65206558351432	0.516203077749462	0.753581135400675	NA	"prevalence"	50	33
"Muribaculaceae_bacterium"	"Genotype"	"MUT"	"GenotypeMUT"	-0.0346256507040106	0.518121331076144	0.524141543306492	0.305858393642691	0.653703847562658	0.170053466668531	0.464371550036205	NA	"abundance"	50	29
"GGB29003_SGB41719"	"Site"	"Jejunum"	"SiteJejunum"	1.21326563451613	0	1.18601680675695	0.306319629757714	0.653703847562658	0.306319629757714	0.617268775330406	NA	"prevalence"	50	2
"GGB28870_SGB41546"	"Site"	"Jejunum"	"SiteJejunum"	-1.11491121450422	0	1.09514925089637	0.308656573158587	0.65708395685434	0.308656573158587	0.617536668230092	NA	"prevalence"	50	5
"GGB70852_SGB95305"	"Sequencing_Depth"	"Sequencing_Depth"	"Sequencing_Depth"	0.428402374181592	0	0.421124338210882	0.309019110439138	0.65708395685434	0.52254541026168	0.761450506756546	NA	"prevalence"	50	28
"Cutibacterium_acnes"	"Site"	"Jejunum"	"SiteJejunum"	-1.35093896939441	0	1.34253568407189	0.314290870516766	0.667089451295045	0.314290870516766	0.623902472489857	NA	"prevalence"	50	2
"GGB75057_SGB102223"	"Genotype"	"MUT"	"GenotypeMUT"	0.91808006212381	0	0.914277603146928	0.315301992172206	0.668031918667011	0.315301992172206	0.624360380539021	NA	"prevalence"	50	8
"Bacteroides_caecimuris"	"Sequencing_Depth"	"Sequencing_Depth"	"Sequencing_Depth"	0.495196273014171	0	0.495120033046527	0.3172359949422	0.668635568308705	0.3172359949422	0.624780965118699	NA	"prevalence"	50	4
"GGB24148_SGB35952"	"Genotype"	"MUT"	"GenotypeMUT"	0.649735990938931	0	0.648567998157704	0.316439772402277	0.668635568308705	0.447271968508345	0.722523612481172	NA	"prevalence"	50	35
"GGB30296_SGB43260"	"Sex"	"M"	"SexM"	-1.25052611343267	0	1.25123336861381	0.31758413134456	0.668635568308705	0.31758413134456	0.624780965118699	NA	"prevalence"	50	5
"Parabacteroides_goldsteinii"	"Sequencing_Depth"	"Sequencing_Depth"	"Sequencing_Depth"	0.619151750240007	0	0.61985172893251	0.317857316004138	0.668635568308705	0.317857316004138	0.624780965118699	NA	"prevalence"	50	2
"Acutalibacter_intestini"	"Genotype"	"MUT"	"GenotypeMUT"	0.732918114844288	0	0.738047790561321	0.320685749452168	0.67333918042291	0.538532149002638	0.773475258890683	NA	"prevalence"	50	10
"GGB45515_SGB63187"	"Site"	"Jejunum"	"SiteJejunum"	-1.32000958481209	0	1.3307620522225	0.321236519013307	0.67333918042291	0.321236519013307	0.628335489512581	NA	"prevalence"	50	4
"GGB46162_SGB63930"	"Sequencing_Depth"	"Sequencing_Depth"	"Sequencing_Depth"	-0.26202818329198	-0.488797967236592	0.211374941308456	0.322629038947845	0.673356941319587	0.0370308641866075	0.23066580816569	NA	"abundance"	50	18
"Duncaniella_muricolitica"	"Sequencing_Depth"	"Sequencing_Depth"	"Sequencing_Depth"	0.339644175425487	0	0.343272795832445	0.3224531259699	0.673356941319587	0.540930233492039	0.775122145448194	NA	"prevalence"	50	33
"GGB28949_SGB41656"	"Site"	"Jejunum"	"SiteJejunum"	-0.970387917343305	0	0.981782684596331	0.322959823298444	0.673356941319587	0.541616599131925	0.775122145448194	NA	"prevalence"	50	6
"Muribaculum_gordoncarteri"	"Sequencing_Depth"	"Sequencing_Depth"	"Sequencing_Depth"	-0.317823186599842	-0.488797967236592	0.158855133863585	0.323687466163548	0.673681687527666	0.330154009080621	0.63491155592427	NA	"abundance"	50	33
"Clostridiaceae_bacterium"	"Sex"	"M"	"SexM"	-0.777367529082232	-0.197565677367378	0.55107268806285	0.325116258443889	0.674772002421066	0.12263815540017	0.408793851333901	NA	"abundance"	50	16
"GGB28456_SGB41039"	"Site"	"Jejunum"	"SiteJejunum"	-1.27403225243961	0	1.29692916290644	0.325929770269598	0.674772002421066	0.325929770269598	0.633411367429283	NA	"prevalence"	50	3
"Oscillospiraceae_unclassified_SGB102175"	"Sex"	"M"	"SexM"	1.07315071128271	0	1.09962398779225	0.32910155516252	0.680143214002542	0.549895276714651	0.784164387471873	NA	"prevalence"	50	6
"Adlercreutzia_muris"	"Site"	"Jejunum"	"SiteJejunum"	-0.169171371794246	0.169814988290091	0.332444026998437	0.338227300746891	0.681847954970091	0.562056894523254	0.794786359978132	NA	"abundance"	50	38
"Bacteroidales_bacterium"	"Site"	"Jejunum"	"SiteJejunum"	0.712374839279977	0.169814988290091	0.551839946301622	0.345421569811705	0.681847954970091	0.571527078732228	0.794786359978132	NA	"abundance"	50	28
"GGB28317_SGB40889"	"Sequencing_Depth"	"Sequencing_Depth"	"Sequencing_Depth"	-0.652445586750725	-0.488797967236592	0.145106782605436	0.331274925084516	0.681847954970091	0.0109185660254148	0.153890700493724	NA	"abundance"	50	13
"GGB28898_SGB41580"	"Sex"	"M"	"SexM"	1.17364298795113	-0.197565677367378	1.30414852369507	0.351658006408772	0.681847954970091	0.130331902180816	0.419982801059234	NA	"abundance"	50	9
"GGB28949_SGB41655"	"Site"	"Jejunum"	"SiteJejunum"	-0.460199960416076	0.169814988290091	0.513899398628541	0.352500343443791	0.681847954970091	0.5742331450842	0.794786359978132	NA	"abundance"	50	7
"GGB30455_SGB43519"	"Genotype"	"MUT"	"GenotypeMUT"	1.51715283293003	0.518121331076144	0.943400479826798	0.350116610972701	0.681847954970091	0.577651580666393	0.796760800919163	NA	"abundance"	50	9
"GGB30861_SGB44083"	"Sex"	"M"	"SexM"	-0.508626084637589	-0.197565677367378	0.291064301323373	0.339052240756033	0.681847954970091	0.318655248490807	0.624814212727072	NA	"abundance"	50	40
"GGB3171_SGB4185"	"Sex"	"M"	"SexM"	0.244816407403893	-0.197565677367378	0.405031647594274	0.341526552033586	0.681847954970091	0.566412718323222	0.794786359978132	NA	"abundance"	50	9
"GGB42598_SGB59794"	"Genotype"	"MUT"	"GenotypeMUT"	-0.103586345924041	0.518121331076144	0.622659059361687	0.333698076650741	0.681847954970091	0.311824803584497	0.622094371240891	NA	"abundance"	50	23
"Hominisplanchenecus_murintestinalis"	"Sex"	"M"	"SexM"	-1.1486706488335	-0.197565677367378	0.938289813943638	0.345994082972511	0.681847954970091	0.572276260493033	0.794786359978132	NA	"abundance"	50	11
"Muribaculaceae_bacterium"	"Sex"	"M"	"SexM"	0.382118894007382	-0.197565677367378	0.59792768464459	0.347075577228521	0.681847954970091	0.0046984769140346	0.11788950713282	NA	"abundance"	50	29
"Adlercreutzia_aquisgranensis"	"Site"	"Jejunum"	"SiteJejunum"	-0.768077770248492	0	0.795294329778708	0.334155277416272	0.681847954970091	0.326206854226081	0.633411367429283	NA	"prevalence"	50	29
"Adlercreutzia_SGB42953"	"Sex"	"M"	"SexM"	-0.768766491706774	0	0.819430467594669	0.348156168822812	0.681847954970091	0.348156168822812	0.636841965920325	NA	"prevalence"	50	11
"Alistipes_finegoldii"	"Sex"	"M"	"SexM"	1.17874082031012	0	1.22982999968277	0.337831688966623	0.681847954970091	0.337831688966623	0.636841965920325	NA	"prevalence"	50	3
"Bacillota_unclassified_SGB43543"	"Sex"	"M"	"SexM"	0.926223761905206	0	0.954790973820885	0.332006547288681	0.681847954970091	0.332006547288681	0.634983363047822	NA	"prevalence"	50	10
"Bacteroides_intestinalis"	"Genotype"	"MUT"	"GenotypeMUT"	1.12520599324838	0	1.20252345593162	0.34942561680707	0.681847954970091	0.34942561680707	0.636841965920325	NA	"prevalence"	50	2
"Cutibacterium_acnes"	"Genotype"	"MUT"	"GenotypeMUT"	-1.19521830262444	0	1.23787474668051	0.334274120084747	0.681847954970091	0.334274120084747	0.634983363047822	NA	"prevalence"	50	2
"GGB27861_SGB40295"	"Genotype"	"MUT"	"GenotypeMUT"	-0.627996933253043	0	0.647957617670211	0.332448174764597	0.681847954970091	0.373933233208522	0.651735482716379	NA	"prevalence"	50	17
"GGB27873_SGB41457"	"Sex"	"M"	"SexM"	-1.23117940041745	0	1.32297785934942	0.352054176283489	0.681847954970091	0.352054176283489	0.636841965920325	NA	"prevalence"	50	2
"GGB28394_SGB40975"	"Genotype"	"MUT"	"GenotypeMUT"	1.13553539714214	0	1.20821433462056	0.347296564815859	0.681847954970091	0.347296564815859	0.636841965920325	NA	"prevalence"	50	2
"GGB28419_SGB41002"	"Genotype"	"MUT"	"GenotypeMUT"	1.13553539714214	0	1.20821433462056	0.347296564815859	0.681847954970091	0.347296564815859	0.636841965920325	NA	"prevalence"	50	2
"GGB28421_SGB41004"	"Genotype"	"MUT"	"GenotypeMUT"	1.13553539714214	0	1.20821433462056	0.347296564815859	0.681847954970091	0.347296564815859	0.636841965920325	NA	"prevalence"	50	2
"GGB28793_SGB41446"	"Genotype"	"MUT"	"GenotypeMUT"	1.14171931469247	0	1.22539552784417	0.351483865950859	0.681847954970091	0.351483865950859	0.636841965920325	NA	"prevalence"	50	3
"GGB28925_SGB41622"	"Site"	"Jejunum"	"SiteJejunum"	-1.26150328287112	0	1.31752380763764	0.338324811447903	0.681847954970091	0.338324811447903	0.636841965920325	NA	"prevalence"	50	4
"GGB28946_SGB41652"	"Genotype"	"MUT"	"GenotypeMUT"	-1.0043222378206	0	1.04162931527409	0.334953724007726	0.681847954970091	0.334953724007726	0.634983363047822	NA	"prevalence"	50	5
"GGB28949_SGB41655"	"Site"	"Jejunum"	"SiteJejunum"	-0.949944544374125	0	1.01115442209916	0.347491873678343	0.681847954970091	0.5742331450842	0.794786359978132	NA	"prevalence"	50	7
"GGB28990_SGB41704"	"Sex"	"M"	"SexM"	-1.16641508893869	0	1.25196257680351	0.351507460399378	0.681847954970091	0.351507460399378	0.636841965920325	NA	"prevalence"	50	4
"GGB45514_SGB63186"	"Sex"	"M"	"SexM"	0.996690611355413	0	1.05408768996937	0.344379126981571	0.681847954970091	0.570161270862553	0.794786359978132	NA	"prevalence"	50	10
"GGB46159_SGB63927"	"Site"	"Jejunum"	"SiteJejunum"	-0.77025141304585	0	0.809265277105094	0.341202983753858	0.681847954970091	0.565986491385181	0.794786359978132	NA	"prevalence"	50	42
"GGB75104_SGB102231"	"Genotype"	"MUT"	"GenotypeMUT"	1.15538321823414	0	1.22163408212685	0.344266598209913	0.681847954970091	0.344266598209913	0.636841965920325	NA	"prevalence"	50	3
"Muricaecibacterium_torontonense"	"Site"	"Jejunum"	"SiteJejunum"	-0.708581293031291	0	0.742104168513354	0.339665057302894	0.681847954970091	0.563957763453209	0.794786359978132	NA	"prevalence"	50	40
"Oscillibacter_SGB43496"	"Sequencing_Depth"	"Sequencing_Depth"	"Sequencing_Depth"	0.408833878557462	0	0.428537343231109	0.340072712744575	0.681847954970091	0.340072712744575	0.636841965920325	NA	"prevalence"	50	6
"Oscillibacter_SGB43499"	"Genotype"	"MUT"	"GenotypeMUT"	-1.0043222378206	0	1.04162931527409	0.334953724007726	0.681847954970091	0.334953724007726	0.634983363047822	NA	"prevalence"	50	5
"Oscillospiraceae_bacterium"	"Site"	"Jejunum"	"SiteJejunum"	-1.0216085614334	0	1.09859731807069	0.352412062262064	0.681847954970091	0.352412062262064	0.636841965920325	NA	"prevalence"	50	6
"Parabacteroides_distasonis"	"Genotype"	"MUT"	"GenotypeMUT"	1.12520599324838	0	1.20252345593162	0.34942561680707	0.681847954970091	0.34942561680707	0.636841965920325	NA	"prevalence"	50	2
"Pseudomonas_aeruginosa"	"Genotype"	"MUT"	"GenotypeMUT"	-1.16950837769282	0	1.2422290389532	0.346469414831941	0.681847954970091	0.346469414831941	0.636841965920325	NA	"prevalence"	50	2
"Pseudomonas_aeruginosa"	"Sex"	"M"	"SexM"	1.26627157304746	0	1.36067819650905	0.352051218659604	0.681847954970091	0.352051218659604	0.636841965920325	NA	"prevalence"	50	2
"Sangeribacter_muris"	"Sex"	"M"	"SexM"	-0.677390381201502	0	0.712615286962824	0.341822940399808	0.681847954970091	0.566802958216046	0.794786359978132	NA	"prevalence"	50	17
"Schaedlerella_arabinosiphila"	"Site"	"Jejunum"	"SiteJejunum"	-0.855822656993799	0	0.915886422561787	0.35008724783968	0.681847954970091	0.577613414579399	0.796760800919163	NA	"prevalence"	50	7
"GGB28901_SGB41592"	"Site"	"Jejunum"	"SiteJejunum"	-0.908378530396598	0.169814988290091	0.664143804769693	0.355259394753911	0.684489388849598	0.584309551946906	0.800424043762885	NA	"abundance"	50	5
"GGB28380_SGB40960"	"Sex"	"M"	"SexM"	-1.13725661416759	0	1.22895682011104	0.354766352441715	0.684489388849598	0.354766352441715	0.636841965920325	NA	"prevalence"	50	4
"GGB45656_SGB63370"	"Sex"	"M"	"SexM"	-1.14748802478218	0	1.24218713078669	0.355609088264817	0.684489388849598	0.355609088264817	0.636841965920325	NA	"prevalence"	50	3
"GGB75726_SGB102611"	"Sequencing_Depth"	"Sequencing_Depth"	"Sequencing_Depth"	-1.06588506335487	-0.488797967236592	0.566981922239508	0.356749953677564	0.685565163837145	0.0072554453302672	0.147041916360904	NA	"abundance"	50	10
"Lachnospiraceae_unclassified_SGB41405"	"Sex"	"M"	"SexM"	-0.58872800161555	-0.197565677367378	0.353126036523488	0.357861575213441	0.686581328341097	0.249984126197643	0.556825700711618	NA	"abundance"	50	9
"Parabacteroides_goldsteinii"	"Genotype"	"MUT"	"GenotypeMUT"	1.11036657170288	0	1.21381082093524	0.360308560024961	0.690152006031552	0.360308560024961	0.641975162627994	NA	"prevalence"	50	2
"Neglectibacter_sp_X4"	"Site"	"Jejunum"	"SiteJejunum"	-0.379964314362353	0.169814988290091	0.568432211282975	0.362392031191965	0.692791069532032	0.593456078112492	0.803324640423001	NA	"abundance"	50	15
"GGB28870_SGB41545"	"Genotype"	"MUT"	"GenotypeMUT"	1.10170082738149	0	1.21127047480999	0.36306433479947	0.692791069532032	0.36306433479947	0.64368892943422	NA	"prevalence"	50	3
"GGB30461_SGB63209"	"Genotype"	"MUT"	"GenotypeMUT"	-0.875332484309393	0	0.963163823690186	0.363450662963324	0.692791069532032	0.0845889521148383	0.350627780786895	NA	"prevalence"	50	10
"GGB27482_SGB39778"	"Site"	"Jejunum"	"SiteJejunum"	-0.198440891036974	0.169814988290091	0.381123161055173	0.366402983264303	0.696165668202176	0.598554820383625	0.803838921802618	NA	"abundance"	50	19
"Duncaniella_muris"	"Genotype"	"MUT"	"GenotypeMUT"	-0.580094919387821	0	0.64162941630434	0.365944226014514	0.696165668202176	0.597973275475666	0.803838921802618	NA	"prevalence"	50	23
"Clostridia_bacterium"	"Sex"	"M"	"SexM"	-0.494927021537135	-0.197565677367378	0.296056412601124	0.369382446094389	0.698137581678145	0.210150321184311	0.505000282702897	NA	"abundance"	50	23
"Parasutterella_muris"	"Site"	"Jejunum"	"SiteJejunum"	-0.217877031118484	0.169814988290091	0.409441155227095	0.368441786993216	0.698137581678145	0.601134223583678	0.804463449147174	NA	"abundance"	50	29
"GGB31108_SGB44379"	"Sequencing_Depth"	"Sequencing_Depth"	"Sequencing_Depth"	0.533528323217185	0	0.594906848472444	0.369811418478067	0.698137581678145	0.369811418478067	0.648791962242222	NA	"prevalence"	50	3
"GGB73359_SGB46611"	"Sex"	"M"	"SexM"	1.11016812592351	0	1.23779599206324	0.369777065427485	0.698137581678145	0.369777065427485	0.648791962242222	NA	"prevalence"	50	4
"GGB25041_SGB36960"	"Sex"	"M"	"SexM"	-0.629720868686522	0	0.707276895979117	0.373280345789521	0.703558795744089	0.458003054938957	0.731342203495341	NA	"prevalence"	50	14
"Duncaniella_dubosii"	"Sequencing_Depth"	"Sequencing_Depth"	"Sequencing_Depth"	-0.136064037319469	-0.488797967236592	0.386822744408755	0.376935973080797	0.708490542759843	0.611791218359227	0.814364350561367	NA	"abundance"	50	24
"GGB27919_SGB40357"	"Sex"	"M"	"SexM"	-0.89262037998027	-0.197565677367378	0.767346410367484	0.377099805017336	0.708490542759843	0.021381362483425	0.180053578807789	NA	"abundance"	50	28
"Clostridiaceae_bacterium"	"Genotype"	"MUT"	"GenotypeMUT"	0.906232285186487	0.518121331076144	0.416419318211822	0.378860052283727	0.710664238201004	0.614185165351026	0.814839357016286	NA	"abundance"	50	16
"Sangeribacter_muris"	"Sequencing_Depth"	"Sequencing_Depth"	"Sequencing_Depth"	-0.306416744882019	-0.488797967236592	0.192057778264433	0.380953555446423	0.713455148355941	0.0292066541160253	0.216469641517123	NA	"abundance"	50	17
"Ligilactobacillus_murinus"	"Sex"	"M"	"SexM"	-0.640347472366309	0	0.733261098463314	0.382506599537757	0.715226625802345	0.487741250908542	0.743185309022383	NA	"prevalence"	50	34
"GGB28898_SGB41580"	"Genotype"	"MUT"	"GenotypeMUT"	-0.185541070654586	0.518121331076144	0.718764173565484	0.383729085006198	0.716375375811888	0.620210159332702	0.820422194663893	NA	"abundance"	50	9
"GGB27876_SGB40310"	"Genotype"	"MUT"	"GenotypeMUT"	-0.0107702480995851	0.518121331076144	0.586981074929535	0.385576262445875	0.718684868926014	0.399704719099163	0.676033351541925	NA	"abundance"	50	27
"Coriobacteriaceae_bacterium"	"Sequencing_Depth"	"Sequencing_Depth"	"Sequencing_Depth"	-0.121259934283089	-0.488797967236592	0.420222723937618	0.392330169747662	0.721882599179386	0.0144702583139316	0.159370282212677	NA	"abundance"	50	31
"GGB28769_SGB41421"	"Sex"	"M"	"SexM"	-0.404217128018762	-0.197565677367378	0.0221431330244365	0.392773746071444	0.721882599179386	0.392773746071444	0.672467195212195	NA	"abundance"	50	6
"Flintibacter_SGB43538"	"Site"	"Jejunum"	"SiteJejunum"	-1.06809749782831	0	1.24417628672104	0.390628783035075	0.721882599179386	0.390628783035075	0.671498470220405	NA	"prevalence"	50	4
"GGB27884_SGB40318"	"Sequencing_Depth"	"Sequencing_Depth"	"Sequencing_Depth"	0.385148924133884	0	0.449777367512727	0.391826249572629	0.721882599179386	0.630124689291106	0.827964460522181	NA	"prevalence"	50	30
"GGB27919_SGB40357"	"Site"	"Jejunum"	"SiteJejunum"	-0.681000737703519	0	0.794644940915036	0.39145182320704	0.721882599179386	0.248801485629344	0.556825700711618	NA	"prevalence"	50	28
"GGB30461_SGB63208"	"Site"	"Jejunum"	"SiteJejunum"	-1.05612639569342	0	1.23158031633377	0.391147858903386	0.721882599179386	0.391147858903386	0.671498470220405	NA	"prevalence"	50	4
"GGB74395_SGB43523"	"Sex"	"M"	"SexM"	-1.09003161241317	0	1.27716164854875	0.393393309199134	0.721882599179386	0.393393309199134	0.672467195212195	NA	"prevalence"	50	4
"GGB9439_SGB42949"	"Site"	"Jejunum"	"SiteJejunum"	-0.588926628375957	0	0.690068758583544	0.393419888517119	0.721882599179386	0.252040741461518	0.556825700711618	NA	"prevalence"	50	32
"Ligilactobacillus_murinus"	"Site"	"Jejunum"	"SiteJejunum"	-0.646347143648571	0	0.754503547915793	0.391637113503438	0.721882599179386	0.514350840798361	0.753581135400675	NA	"prevalence"	50	34
"Schaedlerella_arabinosiphila"	"Genotype"	"MUT"	"GenotypeMUT"	0.722231394622596	0	0.843661806634496	0.391960482840556	0.721882599179386	0.630287945572511	0.827964460522181	NA	"prevalence"	50	7
"Sangeribacter_muris"	"Site"	"Jejunum"	"SiteJejunum"	0.489009044419021	0.169814988290091	0.342908803364738	0.394884832771317	0.723443752728789	0.132935732378711	0.420350141908968	NA	"abundance"	50	17
"GGB28901_SGB41592"	"Site"	"Jejunum"	"SiteJejunum"	0.763141174346902	0	0.901349070852931	0.397181585949895	0.7265215966599	0.584309551946906	0.800424043762885	NA	"prevalence"	50	5
"Bacillota_unclassified_SGB63211"	"Sex"	"M"	"SexM"	0.767843557594441	0	0.912393227324222	0.400028203128783	0.730594144629002	0.640033842959123	0.835008053141514	NA	"prevalence"	50	14
"GGB30461_SGB43529"	"Genotype"	"MUT"	"GenotypeMUT"	-0.848853640964185	0	1.0101906486747	0.400745506833978	0.730771218344312	0.400745506833978	0.676363724614308	NA	"prevalence"	50	8
"GGB27478_SGB39772"	"Genotype"	"MUT"	"GenotypeMUT"	-0.77984656486769	0	0.933091594734448	0.403286355282414	0.733243269603977	0.103725291877949	0.381918631481251	NA	"prevalence"	50	8
"GGB30667_SGB43809"	"Sequencing_Depth"	"Sequencing_Depth"	"Sequencing_Depth"	0.402522359560419	0	0.481681810417014	0.403346043041916	0.733243269603977	0.403346043041916	0.679319651439016	NA	"prevalence"	50	3
"Akkermansia_muciniphila"	"Site"	"Jejunum"	"SiteJejunum"	-0.734425085917796	0	0.894261254451199	0.41149558330849	0.734457268390002	0.653662551534586	0.844798127993003	NA	"prevalence"	50	44
"Caniella_muris"	"Sequencing_Depth"	"Sequencing_Depth"	"Sequencing_Depth"	0.398853141915703	0	0.484312438771886	0.410198074061761	0.734457268390002	0.652133688159545	0.844798127993003	NA	"prevalence"	50	35
"GGB14001_SGB21428"	"Site"	"Jejunum"	"SiteJejunum"	-0.734425085917796	0	0.894261254451199	0.41149558330849	0.734457268390002	0.653662551534586	0.844798127993003	NA	"prevalence"	50	44
"GGB27770_SGB40184"	"Site"	"Jejunum"	"SiteJejunum"	-1.08059573714164	0	1.31539769101694	0.411363024369	0.734457268390002	0.411363024369	0.682760206421577	NA	"prevalence"	50	2
"GGB28310_SGB40880"	"Site"	"Jejunum"	"SiteJejunum"	-0.734425085917796	0	0.894261254451199	0.41149558330849	0.734457268390002	0.653662551534586	0.844798127993003	NA	"prevalence"	50	44
"GGB28394_SGB40975"	"Sequencing_Depth"	"Sequencing_Depth"	"Sequencing_Depth"	0.502690995572685	0	0.610403428384588	0.410201579688606	0.734457268390002	0.410201579688606	0.682247949586039	NA	"prevalence"	50	2
"GGB28419_SGB41002"	"Sequencing_Depth"	"Sequencing_Depth"	"Sequencing_Depth"	0.502690995572685	0	0.610403428384588	0.410201579688606	0.734457268390002	0.410201579688606	0.682247949586039	NA	"prevalence"	50	2
"GGB28421_SGB41004"	"Sequencing_Depth"	"Sequencing_Depth"	"Sequencing_Depth"	0.502690995572685	0	0.610403428384588	0.410201579688606	0.734457268390002	0.410201579688606	0.682247949586039	NA	"prevalence"	50	2
"GGB30298_SGB43262"	"Genotype"	"MUT"	"GenotypeMUT"	-0.695197007545319	0	0.838518158849436	0.407060238355357	0.734457268390002	0.407060238355357	0.682247949586039	NA	"prevalence"	50	11
"GGB45515_SGB63187"	"Sex"	"M"	"SexM"	1.0384733340518	0	1.24927151725162	0.405825006271012	0.734457268390002	0.405825006271012	0.682058834068928	NA	"prevalence"	50	4
"Lactobacillus_intestinalis"	"Site"	"Jejunum"	"SiteJejunum"	-0.669176678664754	0	0.809296240227104	0.408315024013911	0.734457268390002	0.448040825450403	0.722523612481172	NA	"prevalence"	50	21
"Parabacteroides_SGB1950"	"Sex"	"M"	"SexM"	1.03657117051259	0	1.25564465880214	0.409071284304775	0.734457268390002	0.409071284304775	0.682247949586039	NA	"prevalence"	50	2
"Lactobacillus_intestinalis"	"Genotype"	"MUT"	"GenotypeMUT"	1.01399013700946	0.518121331076144	0.589247807019725	0.41433385508752	0.738404358991072	0.0379176455983581	0.23066580816569	NA	"abundance"	50	21
"Parasutterella_muris"	"Genotype"	"MUT"	"GenotypeMUT"	0.85473602939954	0.518121331076144	0.398511991374159	0.415028059859401	0.738524251532287	0.415028059859401	0.684617571658239	NA	"abundance"	50	29
"GGB28934_SGB41635"	"Genotype"	"MUT"	"GenotypeMUT"	1.02989673257472	0	1.26814966310628	0.416719598331853	0.740415817247244	0.416719598331853	0.684617571658239	NA	"prevalence"	50	3
"GGB25041_SGB36960"	"Site"	"Jejunum"	"SiteJejunum"	0.571707495972017	0.169814988290091	0.460118792458879	0.417420432140821	0.740544079912481	0.660601047113013	0.851939125254062	NA	"abundance"	50	14
"Cutibacterium_acnes"	"Sequencing_Depth"	"Sequencing_Depth"	"Sequencing_Depth"	-0.73352860615903	0	0.906110687374912	0.418207294588395	0.740824350413729	0.418207294588395	0.684617571658239	NA	"prevalence"	50	2
"GGB75879_SGB103683"	"Genotype"	"MUT"	"GenotypeMUT"	-0.297736250104454	0.518121331076144	0.999876758644167	0.422530189951301	0.744006821767762	0.00163314866952621	0.0879778306225503	NA	"abundance"	50	27
"Neglectibacter_sp_X4"	"Genotype"	"MUT"	"GenotypeMUT"	-0.00333754044576289	0.518121331076144	0.612686654634156	0.422085652613574	0.744006821767762	0.359078272275471	0.641211200491913	NA	"abundance"	50	15
"Acutalibacter_muris"	"Sex"	"M"	"SexM"	0.821226974468018	0	1.02198910465183	0.421652596415281	0.744006821767762	0.353811956622724	0.636841965920325	NA	"prevalence"	50	11
"Lepagella_muris"	"Genotype"	"MUT"	"GenotypeMUT"	-0.106288757423732	0.518121331076144	0.769706789490306	0.425507409342815	0.748130937620651	0.390483529315341	0.671498470220405	NA	"abundance"	50	26
"GGB27866_SGB40300"	"Sex"	"M"	"SexM"	0.291186204106621	-0.197565677367378	0.595231478289431	0.428567924040828	0.75238899332354	0.0395312750165089	0.234259407505238	NA	"abundance"	50	19
"GGB28803_SGB41457"	"Sex"	"M"	"SexM"	-0.761223280155514	0	0.964479930304346	0.429961362628332	0.753712031512166	0.414516567475851	0.684617571658239	NA	"prevalence"	50	6
"Turicibacter_sp_1E2"	"Site"	"Jejunum"	"SiteJejunum"	0.899331851418872	0.169814988290091	0.888014533947378	0.430672876852143	0.753837516986366	0.675866626848185	0.860174948244711	NA	"abundance"	50	16
"Bacillota_unclassified_SGB43546"	"Genotype"	"MUT"	"GenotypeMUT"	0.681012333151435	0	0.868569466685165	0.433003717855912	0.755053047562743	0.678515216034782	0.860174948244711	NA	"prevalence"	50	9
"Neglectibacter_caecimuris"	"Genotype"	"MUT"	"GenotypeMUT"	-0.734489441856133	0	0.93495028846617	0.432106568545042	0.755053047562743	0.432106568545042	0.705480111910273	NA	"prevalence"	50	5
"Oscillibacter_SGB43502"	"Sex"	"M"	"SexM"	-0.997217181358085	0	1.27442773178974	0.433931165704565	0.755053047562743	0.433931165704565	0.707016155934118	NA	"prevalence"	50	3
"GGB27919_SGB40357"	"Genotype"	"MUT"	"GenotypeMUT"	-0.149735806974464	0.518121331076144	0.845736347969066	0.436678220574032	0.756480799759132	0.00252936263039832	0.0879778306225503	NA	"abundance"	50	28
"Clostridia_bacterium"	"Site"	"Jejunum"	"SiteJejunum"	-0.56291926913955	0	0.723251116568833	0.436381642673538	0.756480799759132	0.1077608877841	0.381918631481251	NA	"prevalence"	50	23
"GGB30455_SGB43519"	"Sex"	"M"	"SexM"	0.68552740299798	0	0.881080829425572	0.436537889034234	0.756480799759132	0.682510449506003	0.862572448032863	NA	"prevalence"	50	9
"Bacillota_unclassified_SGB63211"	"Sex"	"M"	"SexM"	0.233307986858679	-0.197565677367378	0.523061433817564	0.439667507337222	0.759769770093369	0.640033842959123	0.835008053141514	NA	"abundance"	50	14
"GGB27866_SGB40300"	"Genotype"	"MUT"	"GenotypeMUT"	0.0896943627272198	0.518121331076144	0.538294898910743	0.440929623438691	0.759769770093369	0.687440314051596	0.867377262845843	NA	"abundance"	50	19
"Lepagella_muris"	"Sequencing_Depth"	"Sequencing_Depth"	"Sequencing_Depth"	-0.231546648323633	-0.488797967236592	0.32384452486139	0.441049250729379	0.759769770093369	0.484125050949308	0.743185309022383	NA	"abundance"	50	26
"Oscillospiraceae_unclassified_SGB102175"	"Sequencing_Depth"	"Sequencing_Depth"	"Sequencing_Depth"	-1.24270401778792	-0.488797967236592	0.625638324750732	0.441745737498839	0.759769770093369	0.0318833539543045	0.223742834767049	NA	"abundance"	50	6
"GGB30296_SGB43260"	"Genotype"	"MUT"	"GenotypeMUT"	0.817672545737597	0	1.06340557341387	0.441941511462826	0.759769770093369	0.441941511462826	0.717146468905194	NA	"prevalence"	50	5
"Parasutterella_muris"	"Sex"	"M"	"SexM"	-0.48885294861082	0	0.636470623325963	0.442446572397327	0.759769770093369	0.0130572667852927	0.158922180509368	NA	"prevalence"	50	29
"GGB30460_SGB43527"	"Sex"	"M"	"SexM"	-0.984867638541715	0	1.29048625693894	0.445358671421557	0.76365722697903	0.445358671421557	0.721228617686731	NA	"prevalence"	50	3
"GGB28803_SGB41457"	"Genotype"	"MUT"	"GenotypeMUT"	0.810576797481948	0.518121331076144	0.227903994425508	0.449735113698602	0.764069971132933	0.69720855490371	0.874807780337465	NA	"abundance"	50	6
"GGB30294_SGB43258"	"Site"	"Jejunum"	"SiteJejunum"	-0.090143742916941	0.169814988290091	0.311184576214955	0.448794185399553	0.764069971132933	0.696172149950657	0.874807780337465	NA	"abundance"	50	15
"Lachnospiraceae_bacterium"	"Sex"	"M"	"SexM"	0.156309998792294	-0.197565677367378	0.452747665021804	0.449759623602984	0.764069971132933	0.283328842650185	0.588716410100707	NA	"abundance"	50	44
"Lactobacillus_intestinalis"	"Sequencing_Depth"	"Sequencing_Depth"	"Sequencing_Depth"	-0.276870220482696	-0.488797967236592	0.269703758322321	0.450788310642944	0.764069971132933	0.362326168542163	0.64368892943422	NA	"abundance"	50	21
"GGB141797_SGB41693"	"Sex"	"M"	"SexM"	-0.964721142980589	0	1.27819093204527	0.450395930436635	0.764069971132933	0.450395930436635	0.723527599094996	NA	"prevalence"	50	3
"GGB27876_SGB40310"	"Site"	"Jejunum"	"SiteJejunum"	0.651977236083089	0	0.863347350335401	0.450144750701722	0.764069971132933	0.697659204819129	0.874807780337465	NA	"prevalence"	50	27
"GGB70852_SGB95305"	"Site"	"Jejunum"	"SiteJejunum"	-0.586034579108534	0	0.775427305513403	0.449794929234154	0.764069971132933	0.193648232593959	0.485638200862592	NA	"prevalence"	50	28
"Parabacteroides_SGB1950"	"Site"	"Jejunum"	"SiteJejunum"	-0.995647986387538	0	1.31472707457398	0.448867794253928	0.764069971132933	0.448867794253928	0.722523612481172	NA	"prevalence"	50	2
"GGB27849_SGB40283"	"Sex"	"M"	"SexM"	0.577326031429879	-0.197565677367378	1.01643005403024	0.454099253503196	0.768576035383284	0.00951867784131027	0.151276182377523	NA	"abundance"	50	28
"GGB28769_SGB41421"	"Genotype"	"MUT"	"GenotypeMUT"	-0.731058618916389	0	0.980638266791416	0.455973953592188	0.769537703913463	0.0965745350270513	0.369919040068338	NA	"prevalence"	50	6
"GGB30414_SGB43453"	"Genotype"	"MUT"	"GenotypeMUT"	0.915243083730235	0	1.22700593643387	0.455718295373006	0.769537703913463	0.455718295373006	0.730610493583977	NA	"prevalence"	50	2
"GGB24146_SGB35950"	"Sequencing_Depth"	"Sequencing_Depth"	"Sequencing_Depth"	-0.326006798633933	-0.488797967236592	0.208046888118105	0.457553000755234	0.769996335556666	0.163545449734976	0.462319292537035	NA	"abundance"	50	30
"Anaerostipes_hominis_ex_Lee_et_al_2021"	"Sex"	"M"	"SexM"	-0.762296119669141	0	1.02518835505791	0.457138538670233	0.769996335556666	0.457138538670233	0.731342203495341	NA	"prevalence"	50	4
"GGB28845_SGB41512"	"Sex"	"M"	"SexM"	-0.958132880693072	0	1.29369463641628	0.458925397318988	0.771204162684405	0.458925397318988	0.731355214850977	NA	"prevalence"	50	2
"Bacillota_unclassified_SGB43546"	"Sex"	"M"	"SexM"	0.268874347128027	-0.197565677367378	0.564985699362394	0.460276866951713	0.772373432007291	0.708698939652542	0.87930417403993	NA	"abundance"	50	9
"GGB143828_SGB43507"	"Genotype"	"MUT"	"GenotypeMUT"	-0.686478180055928	0	0.93666710320559	0.46362277022901	0.776881398762125	0.46362277022901	0.737372199171388	NA	"prevalence"	50	5
"GGB42570_SGB59765"	"Genotype"	"MUT"	"GenotypeMUT"	1.07301477440954	0.518121331076144	0.719825771402355	0.466873156661396	0.777764895322295	0.715775768911815	0.885039590617391	NA	"abundance"	50	12
"Bifidobacterium_pseudolongum"	"Sequencing_Depth"	"Sequencing_Depth"	"Sequencing_Depth"	0.307907635227711	0	0.423901942227507	0.467614895585754	0.777764895322295	0.195967580931809	0.487412619620602	NA	"prevalence"	50	39
"GGB28394_SGB40975"	"Site"	"Jejunum"	"SiteJejunum"	-0.959555351952322	0	1.32251178054797	0.468111469255948	0.777764895322295	0.468111469255948	0.738637426833843	NA	"prevalence"	50	2
"GGB28419_SGB41002"	"Site"	"Jejunum"	"SiteJejunum"	-0.959555351952322	0	1.32251178054797	0.468111469255948	0.777764895322295	0.468111469255948	0.738637426833843	NA	"prevalence"	50	2
"GGB28421_SGB41004"	"Site"	"Jejunum"	"SiteJejunum"	-0.959555351952322	0	1.32251178054797	0.468111469255948	0.777764895322295	0.468111469255948	0.738637426833843	NA	"prevalence"	50	2
"GGB28456_SGB41039"	"Sequencing_Depth"	"Sequencing_Depth"	"Sequencing_Depth"	0.423126076852836	0	0.582071578595145	0.467268012902454	0.777764895322295	0.467268012902454	0.738637426833843	NA	"prevalence"	50	3
"Bifidobacterium_pseudolongum"	"Genotype"	"MUT"	"GenotypeMUT"	0.0344692200753952	0.518121331076144	0.651525905303257	0.469023999670702	0.778183481143784	0.109224533296371	0.38341360950311	NA	"abundance"	50	39
"Parabacteroides_goldsteinii"	"Site"	"Jejunum"	"SiteJejunum"	-0.96426215548191	0	1.33387611626721	0.469739890535055	0.778275092897742	0.469739890535055	0.739747859110322	NA	"prevalence"	50	2
"Acutalibacter_muris"	"Genotype"	"MUT"	"GenotypeMUT"	1.12573032446697	0.518121331076144	0.840228490662926	0.496714785940522	0.78601431160285	0.17179093384758	0.464371550036205	NA	"abundance"	50	11
"Clostridiales_bacterium"	"Sequencing_Depth"	"Sequencing_Depth"	"Sequencing_Depth"	0.0850106586535515	-0.488797967236592	0.763344855479909	0.480635491551254	0.78601431160285	0.0353202984841824	0.227872893446338	NA	"abundance"	50	11
"Coriobacteriaceae_bacterium"	"Genotype"	"MUT"	"GenotypeMUT"	1.16015192601276	0.518121331076144	0.9063484624056	0.484355863594727	0.78601431160285	0.0262353091736057	0.207804429097867	NA	"abundance"	50	31
"Duncaniella_muricolitica"	"Sequencing_Depth"	"Sequencing_Depth"	"Sequencing_Depth"	-0.714057518522007	-0.488797967236592	0.318892837325977	0.49082376478091	0.78601431160285	0.540930233492039	0.775122145448194	NA	"abundance"	50	33
"GGB27849_SGB40283"	"Site"	"Jejunum"	"SiteJejunum"	0.705565813769412	0.169814988290091	0.760711732617892	0.49033553422694	0.78601431160285	0.740242132328262	0.905494963092675	NA	"abundance"	50	28
"GGB30294_SGB43258"	"Sequencing_Depth"	"Sequencing_Depth"	"Sequencing_Depth"	-0.613623909671703	-0.488797967236592	0.168369594183924	0.499062970375154	0.78601431160285	0.0126118773143691	0.158922180509368	NA	"abundance"	50	15
"GGB30455_SGB43519"	"Sex"	"M"	"SexM"	-1.06029982574652	-0.197565677367378	1.1177769071577	0.483879634504027	0.78601431160285	0.682510449506003	0.862572448032863	NA	"abundance"	50	9
"GGB70852_SGB95305"	"Sequencing_Depth"	"Sequencing_Depth"	"Sequencing_Depth"	-0.231916273757529	-0.488797967236592	0.374037819650776	0.502129318393707	0.78601431160285	0.52254541026168	0.761450506756546	NA	"abundance"	50	28
"Schaedlerella_arabinosiphila"	"Genotype"	"MUT"	"GenotypeMUT"	2.0430357412193	0.518121331076144	1.88856725040781	0.503296820729337	0.78601431160285	0.630287945572511	0.827964460522181	NA	"abundance"	50	7
"Schaedlerella_arabinosiphila"	"Sequencing_Depth"	"Sequencing_Depth"	"Sequencing_Depth"	-0.993379653734209	-0.488797967236592	0.61301406242522	0.49785807043476	0.78601431160285	0.166083462233895	0.464371550036205	NA	"abundance"	50	7
"Acetatifactor_aquisgranensis"	"Genotype"	"MUT"	"GenotypeMUT"	0.847290872335404	0	1.25845528445223	0.500770135253338	0.78601431160285	0.500770135253338	0.743185309022383	NA	"prevalence"	50	2
"Adlercreutzia_mucosicola"	"Site"	"Jejunum"	"SiteJejunum"	-0.586348044099729	0	0.823808898741341	0.476618050596643	0.78601431160285	0.726071335038742	0.895003186488434	NA	"prevalence"	50	23
"Adlercreutzia_muris"	"Site"	"Jejunum"	"SiteJejunum"	-0.546616572408933	0	0.784764239206321	0.486093197695931	0.78601431160285	0.562056894523254	0.794786359978132	NA	"prevalence"	50	38
"Alistipes_timonensis"	"Site"	"Jejunum"	"SiteJejunum"	-0.694718855011275	0	1.03193561149041	0.500807855337221	0.78601431160285	0.750807202706975	0.913285925585991	NA	"prevalence"	50	6
"Anaerostipes_hominis"	"Genotype"	"MUT"	"GenotypeMUT"	0.862051527179047	0	1.23730232426284	0.485978924306989	0.78601431160285	0.485978924306989	0.743185309022383	NA	"prevalence"	50	2
"Anaerostipes_hominis"	"Sex"	"M"	"SexM"	0.908439678506351	0	1.36090793132178	0.504437028498943	0.78601431160285	0.504437028498943	0.743185309022383	NA	"prevalence"	50	2
"Atopobiaceae_bacterium_FL090493"	"Genotype"	"MUT"	"GenotypeMUT"	0.862051527179047	0	1.23730232426284	0.485978924306989	0.78601431160285	0.485978924306989	0.743185309022383	NA	"prevalence"	50	2
"Atopobiaceae_bacterium_FL090493"	"Sex"	"M"	"SexM"	0.908439678506351	0	1.36090793132178	0.504437028498943	0.78601431160285	0.504437028498943	0.743185309022383	NA	"prevalence"	50	2
"Cutibacterium_acnes"	"Sex"	"M"	"SexM"	0.870146990815813	0	1.24928868070364	0.486107025554152	0.78601431160285	0.486107025554152	0.743185309022383	NA	"prevalence"	50	2
"GGB28814_SGB41469"	"Genotype"	"MUT"	"GenotypeMUT"	0.86037575818443	0	1.25315780892502	0.492356152568222	0.78601431160285	0.492356152568222	0.743185309022383	NA	"prevalence"	50	2
"GGB28845_SGB41512"	"Sequencing_Depth"	"Sequencing_Depth"	"Sequencing_Depth"	0.400737461148038	0	0.567467680461528	0.480072771627908	0.78601431160285	0.480072771627908	0.743185309022383	NA	"prevalence"	50	2
"GGB28865_SGB41537"	"Genotype"	"MUT"	"GenotypeMUT"	0.847290872335404	0	1.25845528445223	0.500770135253338	0.78601431160285	0.500770135253338	0.743185309022383	NA	"prevalence"	50	2
"GGB28901_SGB41592"	"Sex"	"M"	"SexM"	0.774522754232248	0	1.09759039027606	0.480401234251656	0.78601431160285	0.730017122632797	0.898482612471135	NA	"prevalence"	50	5
"GGB28928_SGB41627"	"Genotype"	"MUT"	"GenotypeMUT"	0.847290872335404	0	1.25845528445223	0.500770135253338	0.78601431160285	0.500770135253338	0.743185309022383	NA	"prevalence"	50	2
"GGB28942_SGB41646"	"Genotype"	"MUT"	"GenotypeMUT"	0.847290872335404	0	1.25845528445223	0.500770135253338	0.78601431160285	0.500770135253338	0.743185309022383	NA	"prevalence"	50	2
"GGB28948_SGB41654"	"Genotype"	"MUT"	"GenotypeMUT"	0.847290872335404	0	1.25845528445223	0.500770135253338	0.78601431160285	0.500770135253338	0.743185309022383	NA	"prevalence"	50	2
"GGB28957_SGB41666"	"Genotype"	"MUT"	"GenotypeMUT"	0.847290872335404	0	1.25845528445223	0.500770135253338	0.78601431160285	0.500770135253338	0.743185309022383	NA	"prevalence"	50	2
"GGB28961_SGB41670"	"Genotype"	"MUT"	"GenotypeMUT"	0.847290872335404	0	1.25845528445223	0.500770135253338	0.78601431160285	0.500770135253338	0.743185309022383	NA	"prevalence"	50	2
"GGB30147_SGB43074"	"Genotype"	"MUT"	"GenotypeMUT"	0.847290872335404	0	1.25845528445223	0.500770135253338	0.78601431160285	0.500770135253338	0.743185309022383	NA	"prevalence"	50	2
"GGB30454_SGB43516"	"Site"	"Jejunum"	"SiteJejunum"	-0.6567387677908	0	0.950315124014864	0.489518579711902	0.78601431160285	0.489518579711902	0.743185309022383	NA	"prevalence"	50	8
"GGB30472_SGB43556"	"Genotype"	"MUT"	"GenotypeMUT"	0.847290872335404	0	1.25845528445223	0.500770135253338	0.78601431160285	0.500770135253338	0.743185309022383	NA	"prevalence"	50	2
"GGB31108_SGB44379"	"Sex"	"M"	"SexM"	0.801588362006269	0	1.15435469044308	0.487428968732304	0.78601431160285	0.487428968732304	0.743185309022383	NA	"prevalence"	50	3
"GGB46162_SGB63930"	"Sex"	"M"	"SexM"	-0.503088378908564	0	0.711025282029411	0.479222619954162	0.78601431160285	0.0910307796884147	0.36336171471739	NA	"prevalence"	50	18
"GGB70518_SGB94950"	"Sex"	"M"	"SexM"	-0.617012256864555	0	0.898763681098019	0.492390156270538	0.78601431160285	0.492390156270538	0.743185309022383	NA	"prevalence"	50	6
"GGB74408_SGB43542"	"Genotype"	"MUT"	"GenotypeMUT"	0.847290872335404	0	1.25845528445223	0.500770135253338	0.78601431160285	0.500770135253338	0.743185309022383	NA	"prevalence"	50	2
"GGB75094_SGB102310"	"Genotype"	"MUT"	"GenotypeMUT"	0.86037575818443	0	1.25315780892502	0.492356152568222	0.78601431160285	0.492356152568222	0.743185309022383	NA	"prevalence"	50	2
"GGB79741_SGB1950"	"Genotype"	"MUT"	"GenotypeMUT"	0.862051527179047	0	1.23730232426284	0.485978924306989	0.78601431160285	0.485978924306989	0.743185309022383	NA	"prevalence"	50	2
"GGB79741_SGB1950"	"Sex"	"M"	"SexM"	0.908439678506351	0	1.36090793132178	0.504437028498943	0.78601431160285	0.504437028498943	0.743185309022383	NA	"prevalence"	50	2
"GGB80032_SGB42945"	"Genotype"	"MUT"	"GenotypeMUT"	0.862051527179047	0	1.23730232426284	0.485978924306989	0.78601431160285	0.485978924306989	0.743185309022383	NA	"prevalence"	50	2
"GGB80032_SGB42945"	"Sex"	"M"	"SexM"	0.908439678506351	0	1.36090793132178	0.504437028498943	0.78601431160285	0.504437028498943	0.743185309022383	NA	"prevalence"	50	2
"Lachnospiraceae_bacterium_MD308"	"Genotype"	"MUT"	"GenotypeMUT"	0.862051527179047	0	1.23730232426284	0.485978924306989	0.78601431160285	0.485978924306989	0.743185309022383	NA	"prevalence"	50	2
"Lachnospiraceae_bacterium_MD308"	"Sex"	"M"	"SexM"	0.908439678506351	0	1.36090793132178	0.504437028498943	0.78601431160285	0.504437028498943	0.743185309022383	NA	"prevalence"	50	2
"Oscillibacter_SGB43502"	"Genotype"	"MUT"	"GenotypeMUT"	-0.759062372765146	0	1.12200339119995	0.498707928433685	0.78601431160285	0.498707928433685	0.743185309022383	NA	"prevalence"	50	3
"Parasutterella_sp_NM82_D38"	"Genotype"	"MUT"	"GenotypeMUT"	0.862051527179047	0	1.23730232426284	0.485978924306989	0.78601431160285	0.485978924306989	0.743185309022383	NA	"prevalence"	50	2
"Parasutterella_sp_NM82_D38"	"Sex"	"M"	"SexM"	0.908439678506351	0	1.36090793132178	0.504437028498943	0.78601431160285	0.504437028498943	0.743185309022383	NA	"prevalence"	50	2
"GGB141797_SGB41693"	"Site"	"Jejunum"	"SiteJejunum"	-0.800646388595674	0	1.20279066724615	0.505630172039829	0.786832685155771	0.505630172039829	0.743573782411514	NA	"prevalence"	50	3
"Clostridiales_bacterium"	"Genotype"	"MUT"	"GenotypeMUT"	-0.868079464582975	0.518121331076144	1.97275212354455	0.507518249532636	0.788728889115363	0.276223236029075	0.580876356571773	NA	"abundance"	50	11
"GGB24148_SGB35952"	"Site"	"Jejunum"	"SiteJejunum"	0.504407790126513	0.169814988290091	0.496660215883236	0.515373905768671	0.799641346649155	0.765137548790087	0.914962689136128	NA	"abundance"	50	35
"GGB30461_SGB63209"	"Sex"	"M"	"SexM"	-0.787032209285259	-0.197565677367378	0.842342115392725	0.515897642999455	0.799641346649155	0.195674336952705	0.487412619620602	NA	"abundance"	50	10
"GGB28382_SGB40962"	"Site"	"Jejunum"	"SiteJejunum"	-0.554875882600316	0	0.85602853662336	0.516856972972082	0.800075577084248	0.766572815434301	0.915310824399165	NA	"prevalence"	50	8
"GGB28904_SGB41597"	"Sex"	"M"	"SexM"	0.725387080871078	-0.197565677367378	1.37103002104035	0.520837072707893	0.804123291808516	0.193157314512888	0.485638200862592	NA	"abundance"	50	12
"Neglectibacter_sp_X4"	"Sequencing_Depth"	"Sequencing_Depth"	"Sequencing_Depth"	-0.667856751345469	-0.488797967236592	0.263762863473928	0.520836144263459	0.804123291808516	0.0275803392887222	0.214216227485221	NA	"abundance"	50	15
"GGB42570_SGB59765"	"Site"	"Jejunum"	"SiteJejunum"	0.429348632429222	0	0.672399439966788	0.523127359452403	0.806602132768234	0.36433709576915	0.64368892943422	NA	"prevalence"	50	12
"GGB28317_SGB40889"	"Genotype"	"MUT"	"GenotypeMUT"	0.306218836903147	0.518121331076144	0.307490333880343	0.524994287967035	0.807834126788721	0.774369573536056	0.917396986066842	NA	"abundance"	50	13
"Flintibacter_SGB43538"	"Genotype"	"MUT"	"GenotypeMUT"	-0.766418619676803	0	1.2075054195763	0.525616028210145	0.807834126788721	0.525616028210145	0.764532404669302	NA	"prevalence"	50	4
"GGB30294_SGB43258"	"Site"	"Jejunum"	"SiteJejunum"	-0.52507751248104	0	0.828003561371826	0.525983680175679	0.807834126788721	0.696172149950657	0.874807780337465	NA	"prevalence"	50	15
"Faecalibaculum_rodentium"	"Genotype"	"MUT"	"GenotypeMUT"	0.324259443170152	0.518121331076144	0.295396417294234	0.529024869036263	0.808091197622633	0.529024869036263	0.765843155863574	NA	"abundance"	50	50
"GGB1503_SGB2082"	"Site"	"Jejunum"	"SiteJejunum"	-0.0833863780712228	0.169814988290091	0.383461811835766	0.529580988594799	0.808091197622633	0.778705953708553	0.919160391494962	NA	"abundance"	50	29
"Alistipes_muris"	"Site"	"Jejunum"	"SiteJejunum"	-0.697547832265217	0	1.10908686422569	0.529389081490696	0.808091197622633	0.529389081490696	0.765843155863574	NA	"prevalence"	50	4
"GGB30461_SGB63204"	"Site"	"Jejunum"	"SiteJejunum"	-0.631348464401327	0	1.00279827619551	0.528965023030025	0.808091197622633	0.528965023030025	0.765843155863574	NA	"prevalence"	50	5
"GGB75725_SGB102612"	"Site"	"Jejunum"	"SiteJejunum"	0.483614499092682	0	0.765135600048303	0.527345202025507	0.808091197622633	0.276642364817307	0.580876356571773	NA	"prevalence"	50	19
"Adlercreutzia_aquisgranensis"	"Sequencing_Depth"	"Sequencing_Depth"	"Sequencing_Depth"	-0.387116341536746	-0.488797967236592	0.148700877018838	0.53049508057799	0.808322439972597	0.13129620172095	0.419982801059234	NA	"abundance"	50	29
"Adlercreutzia_muris"	"Genotype"	"MUT"	"GenotypeMUT"	-0.479378206404772	0	0.765388305645433	0.531104896892012	0.808322439972597	0.780137382281349	0.919160391494962	NA	"prevalence"	50	38
"bacterium_1xD42_67"	"Site"	"Jejunum"	"SiteJejunum"	-0.699027963748854	0	1.11809661995867	0.531843348742812	0.808401890089074	0.531843348742812	0.768004835729692	NA	"prevalence"	50	4
"GGB30461_SGB63208"	"Genotype"	"MUT"	"GenotypeMUT"	-0.735710304160757	0	1.19170278506452	0.536996927171988	0.813199738048174	0.536996927171988	0.772763733436112	NA	"prevalence"	50	4
"GGB70518_SGB94950"	"Sequencing_Depth"	"Sequencing_Depth"	"Sequencing_Depth"	0.296327208427838	0	0.480077606914491	0.537070794738098	0.813199738048174	0.537070794738098	0.772763733436112	NA	"prevalence"	50	6
"GGB28949_SGB41656"	"Site"	"Jejunum"	"SiteJejunum"	-1.16611080983395	0.169814988290091	1.82726811069096	0.54053658357027	0.817396784911141	0.541616599131925	0.775122145448194	NA	"abundance"	50	6
"Duncaniella_muricolitica"	"Sex"	"M"	"SexM"	0.180184067279719	-0.197565677367378	0.607080540548222	0.541883150633628	0.818382501854376	0.790128952326629	0.928198475567258	NA	"abundance"	50	33
"Blautia_pseudococcoides"	"Sequencing_Depth"	"Sequencing_Depth"	"Sequencing_Depth"	0.247109212300492	0	0.406614976602236	0.543371305646683	0.819579254867853	0.543371305646683	0.776244722352405	NA	"prevalence"	50	6
"GGB28949_SGB41655"	"Genotype"	"MUT"	"GenotypeMUT"	0.548719460797014	0	0.914301918775565	0.548405424058899	0.825469094805032	0.796062338980577	0.932430265277396	NA	"prevalence"	50	7
"Neglectibacter_sp_X4"	"Site"	"Jejunum"	"SiteJejunum"	0.481029499270268	0	0.802059679670585	0.548677675069898	0.825469094805032	0.593456078112492	0.803324640423001	NA	"prevalence"	50	15
"Akkermansia_muciniphila"	"Site"	"Jejunum"	"SiteJejunum"	-0.255619303276662	0.169814988290091	0.700789152657494	0.550005935220962	0.826411979196802	0.653662551534586	0.844798127993003	NA	"abundance"	50	44
"Duncaniella_dubosii"	"Sequencing_Depth"	"Sequencing_Depth"	"Sequencing_Depth"	0.216066271634477	0	0.365699720193175	0.554634504214727	0.830582085245863	0.611791218359227	0.814364350561367	NA	"prevalence"	50	24
"GGB28778_SGB41431"	"Site"	"Jejunum"	"SiteJejunum"	-0.464565402598386	0	0.786775145567981	0.55487705599536	0.830582085245863	0.801865564720642	0.937854461661569	NA	"prevalence"	50	11
"GGB29003_SGB41719"	"Genotype"	"MUT"	"GenotypeMUT"	0.770842747958502	0	1.30554221545608	0.554896520448636	0.830582085245863	0.554896520448636	0.789888285336137	NA	"prevalence"	50	2
"Duncaniella_dubosii"	"Sex"	"M"	"SexM"	0.322077120291396	-0.197565677367378	0.883500366162262	0.562519136208614	0.833518921325468	0.0159358466181026	0.159694196754717	NA	"abundance"	50	24
"GGB27884_SGB40318"	"Site"	"Jejunum"	"SiteJejunum"	0.538347476265492	0.169814988290091	0.61475961063604	0.558820896520451	0.833518921325468	0.439073933042045	0.71394135453991	NA	"abundance"	50	30
"GGB27929_SGB40368"	"Sequencing_Depth"	"Sequencing_Depth"	"Sequencing_Depth"	-0.645217845661435	-0.488797967236592	0.260410939089921	0.561485083550739	0.833518921325468	0.307928161962811	0.617536668230092	NA	"abundance"	50	30
"Duncaniella_dubosii"	"Site"	"Jejunum"	"SiteJejunum"	0.388080226184356	0	0.666925396025283	0.560637739012143	0.833518921325468	0.806960803619638	0.941766997464422	NA	"prevalence"	50	24
"GGB27482_SGB39778"	"Site"	"Jejunum"	"SiteJejunum"	0.401927789337923	0	0.687839373035512	0.558995761207494	0.833518921325468	0.598554820383625	0.803838921802618	NA	"prevalence"	50	19
"GGB28870_SGB41545"	"Site"	"Jejunum"	"SiteJejunum"	0.609752337821574	0	1.04912941415146	0.561106745304884	0.833518921325468	0.561106745304884	0.794786359978132	NA	"prevalence"	50	3
"GGB30414_SGB43453"	"Sex"	"M"	"SexM"	0.764408401033122	0	1.3195887722622	0.562401783313417	0.833518921325468	0.562401783313417	0.794786359978132	NA	"prevalence"	50	2
"GGB30461_SGB63208"	"Sex"	"M"	"SexM"	-0.771818296663338	0	1.32932323365301	0.561503364535919	0.833518921325468	0.561503364535919	0.794786359978132	NA	"prevalence"	50	4
"GGB3171_SGB4185"	"Sex"	"M"	"SexM"	-0.512739746540605	0	0.888523450688132	0.563892535084191	0.834504279308011	0.566412718323222	0.794786359978132	NA	"prevalence"	50	9
"GGB14001_SGB21428"	"Site"	"Jejunum"	"SiteJejunum"	0.415320972418257	0.169814988290091	0.414714210022579	0.570532395886852	0.834772642025663	0.653662551534586	0.844798127993003	NA	"abundance"	50	44
"GGB24146_SGB35950"	"Site"	"Jejunum"	"SiteJejunum"	-0.0705814428671238	0.169814988290091	0.406935238129781	0.571028021993111	0.834772642025663	0.815983042084857	0.941766997464422	NA	"abundance"	50	30
"GGB27876_SGB40310"	"Sequencing_Depth"	"Sequencing_Depth"	"Sequencing_Depth"	-0.334465865351201	-0.488797967236592	0.26280671458516	0.570719627409006	0.834772642025663	0.105788869559758	0.381918631481251	NA	"abundance"	50	27
"Lachnospiraceae_unclassified_SGB41405"	"Site"	"Jejunum"	"SiteJejunum"	0.0274298747609826	0.169814988290091	0.202982061578831	0.573571925304361	0.834772642025663	0.818159097111371	0.941766997464422	NA	"abundance"	50	9
"Muribaculum_intestinale"	"Sex"	"M"	"SexM"	0.109164484996344	-0.197565677367378	0.529973669685087	0.57061535656649	0.834772642025663	0.00233529039416213	0.0879778306225503	NA	"abundance"	50	34
"bacterium_1xD42_67"	"Genotype"	"MUT"	"GenotypeMUT"	-0.603479327068795	0	1.07346669815172	0.573994770832587	0.834772642025663	0.573994770832587	0.794786359978132	NA	"prevalence"	50	4
"GGB1690_SGB40190"	"Sex"	"M"	"SexM"	-0.733051787136529	0	1.29815962347368	0.572287766063019	0.834772642025663	0.572287766063019	0.794786359978132	NA	"prevalence"	50	3
"GGB24132_SGB35935"	"Site"	"Jejunum"	"SiteJejunum"	-0.536702189116173	0	0.95240027745373	0.57307685333269	0.834772642025663	0.817736626839682	0.941766997464422	NA	"prevalence"	50	33
"GGB28439_SGB41022"	"Genotype"	"MUT"	"GenotypeMUT"	0.553807736904236	0	0.98248254056365	0.572970560278657	0.834772642025663	0.572970560278657	0.794786359978132	NA	"prevalence"	50	4
"GGB30296_SGB43260"	"Site"	"Jejunum"	"SiteJejunum"	-0.623671236691376	0	1.09492345114433	0.568947269502601	0.834772642025663	0.568947269502601	0.794786359978132	NA	"prevalence"	50	5
"GGB75725_SGB102612"	"Genotype"	"MUT"	"GenotypeMUT"	-0.435710474672511	0	0.758794423750001	0.565822913360974	0.834772642025663	0.811490257437648	0.941766997464422	NA	"prevalence"	50	19
"Lachnospiraceae_unclassified_SGB7275"	"Site"	"Jejunum"	"SiteJejunum"	-0.409672492572442	0	0.726003449247498	0.572560529105297	0.834772642025663	0.817295498721256	0.941766997464422	NA	"prevalence"	50	12
"Limosilactobacillus_reuteri"	"Site"	"Jejunum"	"SiteJejunum"	-0.420943237703646	0	0.742892311040202	0.570967264588082	0.834772642025663	0.815930911944967	0.941766997464422	NA	"prevalence"	50	30
"Muribaculum_gordoncarteri"	"Site"	"Jejunum"	"SiteJejunum"	-0.536702189116173	0	0.95240027745373	0.57307685333269	0.834772642025663	0.817736626839682	0.941766997464422	NA	"prevalence"	50	33
"Flintibacter_SGB43538"	"Sex"	"M"	"SexM"	-0.740389650554217	0	1.33860188129894	0.580190358615079	0.842154207480303	0.580190358615079	0.797938396926477	NA	"prevalence"	50	4
"GGB74395_SGB43523"	"Genotype"	"MUT"	"GenotypeMUT"	0.611479889868173	0	1.10644202146898	0.580500183764012	0.842154207480303	0.580500183764012	0.797938396926477	NA	"prevalence"	50	4
"Lactobacillus_johnsonii"	"Genotype"	"MUT"	"GenotypeMUT"	0.919017758028334	0.518121331076144	0.721211619394091	0.582088752182554	0.843334535519635	0.0594369036006364	0.295251870302402	NA	"abundance"	50	34
"GGB75104_SGB102231"	"Sex"	"M"	"SexM"	-0.722855767054376	0	1.31576957996602	0.582745595851429	0.843334535519635	0.582745595851429	0.799650903398187	NA	"prevalence"	50	3
"Duncaniella_freteri"	"Site"	"Jejunum"	"SiteJejunum"	0.00519252217477008	0.169814988290091	0.247504707335166	0.586847569488991	0.845117893469475	0.829305069162846	0.942080886515162	NA	"abundance"	50	9
"GGB28778_SGB41431"	"Sex"	"M"	"SexM"	0.297883807414857	-0.197565677367378	0.863252963154144	0.585845967434592	0.845117893469475	0.347704431918463	0.636841965920325	NA	"abundance"	50	11
"Oscillospiraceae_unclassified_SGB102175"	"Genotype"	"MUT"	"GenotypeMUT"	0.0386266400272475	0.518121331076144	0.621306503319364	0.586545172065892	0.845117893469475	0.355835448457982	0.636841965920325	NA	"abundance"	50	6
"Alistipes_muris"	"Genotype"	"MUT"	"GenotypeMUT"	-0.577521186938408	0	1.06274023825849	0.586836197811288	0.845117893469475	0.586836197811288	0.800608945588933	NA	"prevalence"	50	4
"Blautia_pseudococcoides"	"Sex"	"M"	"SexM"	-0.486142359861071	0	0.902252048755932	0.590018013701938	0.845138562216313	0.590018013701938	0.800608945588933	NA	"prevalence"	50	6
"GGB28772_SGB41425"	"Sequencing_Depth"	"Sequencing_Depth"	"Sequencing_Depth"	0.303146689227279	0	0.56327563122405	0.590449097371838	0.845138562216313	0.590449097371838	0.800608945588933	NA	"prevalence"	50	2
"GGB28879_SGB43526"	"Sequencing_Depth"	"Sequencing_Depth"	"Sequencing_Depth"	0.303146689227279	0	0.56327563122405	0.590449097371838	0.845138562216313	0.590449097371838	0.800608945588933	NA	"prevalence"	50	2
"GGB28988_SGB41701"	"Sequencing_Depth"	"Sequencing_Depth"	"Sequencing_Depth"	0.303146689227279	0	0.56327563122405	0.590449097371838	0.845138562216313	0.590449097371838	0.800608945588933	NA	"prevalence"	50	2
"GGB45656_SGB63370"	"Site"	"Jejunum"	"SiteJejunum"	-0.616991719132735	0	1.13974310140341	0.588271326755621	0.845138562216313	0.588271326755621	0.800608945588933	NA	"prevalence"	50	3
"Bacillota_unclassified_SGB63211"	"Site"	"Jejunum"	"SiteJejunum"	-0.11884296857102	0.169814988290091	0.512128563894583	0.592662046777806	0.846249564974855	0.352376893080382	0.636841965920325	NA	"abundance"	50	14
"Clostridiaceae_bacterium"	"Sequencing_Depth"	"Sequencing_Depth"	"Sequencing_Depth"	-0.60191547255308	-0.488797967236592	0.196649902295799	0.592204490712419	0.846249564974855	0.0140517868484717	0.159370282212677	NA	"abundance"	50	16
"GGB27884_SGB40318"	"Sequencing_Depth"	"Sequencing_Depth"	"Sequencing_Depth"	-0.32508959353614	-0.488797967236592	0.301494171146088	0.596179107760815	0.847164039737322	0.630124689291106	0.827964460522181	NA	"abundance"	50	30
"Escherichia_coli"	"Site"	"Jejunum"	"SiteJejunum"	-0.500587207282668	0	0.941315071678461	0.594867574992221	0.847164039737322	0.594867574992221	0.803838921802618	NA	"prevalence"	50	4
"GGB28803_SGB41457"	"Site"	"Jejunum"	"SiteJejunum"	-0.469050511551703	0	0.88507253206484	0.596141644534064	0.847164039737322	0.385093044823137	0.668274264335161	NA	"prevalence"	50	6
"GGB30455_SGB43519"	"Genotype"	"MUT"	"GenotypeMUT"	0.407986270481946	0	0.766459617110974	0.594518398210597	0.847164039737322	0.577651580666393	0.796760800919163	NA	"prevalence"	50	9
"GGB30468_SGB43552"	"Site"	"Jejunum"	"SiteJejunum"	-0.628990697362281	0	1.19570750738782	0.59885999674295	0.848925482747528	0.59885999674295	0.803838921802618	NA	"prevalence"	50	3
"Oscillibacter_SGB94990"	"Site"	"Jejunum"	"SiteJejunum"	-0.628990697362281	0	1.19570750738782	0.59885999674295	0.848925482747528	0.59885999674295	0.803838921802618	NA	"prevalence"	50	3
"GGB28793_SGB41446"	"Sex"	"M"	"SexM"	-0.690440519224516	0	1.3214687894813	0.601336428237512	0.851411433249747	0.601336428237512	0.804463449147174	NA	"prevalence"	50	3
"GGB42322_SGB59489"	"Site"	"Jejunum"	"SiteJejunum"	-0.537176578077362	0	1.03876015188136	0.605063705454954	0.85463434655388	0.605063705454954	0.806751607273272	NA	"prevalence"	50	4
"Pseudoflavonifractor_sp_524_17"	"Site"	"Jejunum"	"SiteJejunum"	-0.537176578077362	0	1.03876015188136	0.605063705454954	0.85463434655388	0.605063705454954	0.806751607273272	NA	"prevalence"	50	4
"GGB27876_SGB40310"	"Site"	"Jejunum"	"SiteJejunum"	-0.107944576610049	0.169814988290091	0.52904351872215	0.609830458470194	0.857646133367887	0.697659204819129	0.874807780337465	NA	"abundance"	50	27
"Oscillospiraceae_unclassified_SGB102175"	"Sex"	"M"	"SexM"	-0.951618472900245	-0.197565677367378	1.0734081409586	0.610108200137767	0.857646133367887	0.549895276714651	0.784164387471873	NA	"abundance"	50	6
"Acutalibacter_intestini"	"Sex"	"M"	"SexM"	-0.40247234922602	0	0.788157419565931	0.609596368519294	0.857646133367887	0.847585004526677	0.948346858211666	NA	"prevalence"	50	10
"Acutalibacter_muris"	"Site"	"Jejunum"	"SiteJejunum"	-0.511806456069868	0	1.00186430712054	0.609453246556568	0.857646133367887	0.326088949355525	0.633411367429283	NA	"prevalence"	50	11
"GGB1690_SGB40190"	"Site"	"Jejunum"	"SiteJejunum"	-0.574041426339017	0	1.13746360089508	0.613792073757643	0.86166269125812	0.613792073757643	0.814839357016286	NA	"prevalence"	50	3
"Lachnospiraceae_unclassified_SGB7275"	"Sex"	"M"	"SexM"	0.383557336371575	0	0.761385511313932	0.614428404632275	0.86166269125812	0.851334544845588	0.949885126745426	NA	"prevalence"	50	12
"GGB30861_SGB44083"	"Sequencing_Depth"	"Sequencing_Depth"	"Sequencing_Depth"	-0.408406793031172	-0.488797967236592	0.148304286268361	0.617780820130263	0.865333895497563	0.0569933588521234	0.290412019628654	NA	"abundance"	50	40
"Alistipes_timonensis"	"Sex"	"M"	"SexM"	0.538400820816224	0	1.08479468248331	0.619671568430048	0.86695143421686	0.85535028413954	0.951711025468195	NA	"prevalence"	50	6
"Acutalibacter_sp_1XD8_33"	"Site"	"Jejunum"	"SiteJejunum"	0.484181473649082	0	0.97770831589345	0.620444284714569	0.867002808296278	0.620444284714569	0.820422194663893	NA	"prevalence"	50	5
"Clostridiaceae_bacterium"	"Site"	"Jejunum"	"SiteJejunum"	0.353212284008962	0.169814988290091	0.34446970270033	0.623304589305604	0.869967779860191	0.85810056756178	0.953445075068645	NA	"abundance"	50	16
"GGB30294_SGB43258"	"Sex"	"M"	"SexM"	-0.443336504923107	-0.197565677367378	0.477367569588576	0.626429009464716	0.871413311271652	0.044643729301764	0.251513967897262	NA	"abundance"	50	15
"GGB24146_SGB35950"	"Site"	"Jejunum"	"SiteJejunum"	0.379523470120184	0	0.780365628755645	0.626725714361547	0.871413311271652	0.815983042084857	0.941766997464422	NA	"prevalence"	50	30
"Neglectibacter_caecimuris"	"Sex"	"M"	"SexM"	-0.489844538345388	0	1.0063640010131	0.626437718161526	0.871413311271652	0.626437718161526	0.826980486021817	NA	"prevalence"	50	5
"Turicibacter_sp_1E2"	"Site"	"Jejunum"	"SiteJejunum"	-0.331529886114403	0	0.682818197540465	0.627299225771105	0.871413311271652	0.675866626848185	0.860174948244711	NA	"prevalence"	50	16
"Bacillota_unclassified_SGB43550"	"Site"	"Jejunum"	"SiteJejunum"	-0.553373444060754	0	1.14258223667354	0.628160016806156	0.871581271846468	0.628160016806156	0.82788799579065	NA	"prevalence"	50	3
"Limosilactobacillus_reuteri"	"Sex"	"M"	"SexM"	0.182034833965373	-0.197565677367378	0.776681754300357	0.630262624979427	0.873469849677371	0.0783608323026327	0.337035837860786	NA	"abundance"	50	30
"Bacteroides_caecimuris"	"Site"	"Jejunum"	"SiteJejunum"	-0.4805868462606	0	1.00292153135067	0.631805682233688	0.873801547646079	0.631805682233688	0.828597616044181	NA	"prevalence"	50	4
"GGB27866_SGB40300"	"Genotype"	"MUT"	"GenotypeMUT"	-0.329304567131592	0	0.687578011492899	0.631985499655738	0.873801547646079	0.687440314051596	0.867377262845843	NA	"prevalence"	50	19
"Bacillota_unclassified_SGB63211"	"Genotype"	"MUT"	"GenotypeMUT"	0.212886664210604	0.518121331076144	0.621051854754111	0.634284222353218	0.873902706353322	0.019776077725966	0.176560932045788	NA	"abundance"	50	14
"Thomasclavelia_cocleata"	"Site"	"Jejunum"	"SiteJejunum"	0.531604139095374	0.169814988290091	0.680428479992415	0.634048198299456	0.873902706353322	0.387906515543936	0.670248838952805	NA	"abundance"	50	7
"GGB28870_SGB41545"	"Sex"	"M"	"SexM"	0.607854826884412	0	1.27254561251648	0.632886238780458	0.873902706353322	0.632886238780458	0.828656286455592	NA	"prevalence"	50	3
"Parvibacter_caecicola"	"Sequencing_Depth"	"Sequencing_Depth"	"Sequencing_Depth"	-0.601023422739855	-0.488797967236592	0.230037024791082	0.640304582475358	0.879887302990722	0.0381985687527165	0.23066580816569	NA	"abundance"	50	22
"GGB28380_SGB40960"	"Genotype"	"MUT"	"GenotypeMUT"	0.470538594033893	0	1.00869055861905	0.640868680786112	0.879887302990722	0.640868680786112	0.835008053141514	NA	"prevalence"	50	4
"GGB28869_SGB41543"	"Site"	"Jejunum"	"SiteJejunum"	-0.528640719677302	0	1.12847328996065	0.639458126230902	0.879887302990722	0.639458126230902	0.835008053141514	NA	"prevalence"	50	3
"Caniella_muris"	"Site"	"Jejunum"	"SiteJejunum"	-0.141455322884292	0.169814988290091	0.660527035452506	0.64254579812337	0.881162922222735	0.12644263481857	0.416161554950795	NA	"abundance"	50	35
"GGB42598_SGB59794"	"Sequencing_Depth"	"Sequencing_Depth"	"Sequencing_Depth"	0.154478562477254	0	0.333619480019612	0.64333698828903	0.881222060702881	0.0386134186588937	0.23066580816569	NA	"prevalence"	50	23
"Duncaniella_freteri"	"Sex"	"M"	"SexM"	-0.409676189448817	-0.197565677367378	0.412518716440938	0.646808938281243	0.881351999191241	0.19188083928407	0.485638200862592	NA	"abundance"	50	9
"GGB24146_SGB35950"	"Sex"	"M"	"SexM"	-0.449218321197636	-0.197565677367378	0.536538846003422	0.646821206656035	0.881351999191241	0.0020458793542814	0.0879778306225503	NA	"abundance"	50	30
"GGB30045_SGB42945"	"Site"	"Jejunum"	"SiteJejunum"	0.0153339304783831	0.169814988290091	0.309072804940514	0.647340649894954	0.881351999191241	0.516203077749462	0.753581135400675	NA	"abundance"	50	33
"Lachnospiraceae_bacterium"	"Sequencing_Depth"	"Sequencing_Depth"	"Sequencing_Depth"	-0.377336937912724	-0.488797967236592	0.237153929807907	0.647920909422424	0.881351999191241	0.876040313978067	0.958841908406484	NA	"abundance"	50	44
"Lactobacillus_johnsonii"	"Sequencing_Depth"	"Sequencing_Depth"	"Sequencing_Depth"	-0.658704913797423	-0.488797967236592	0.362330799684088	0.644449673933418	0.881351999191241	0.0296001257825574	0.216469641517123	NA	"abundance"	50	34
"Parabacteroides_SGB1950"	"Sequencing_Depth"	"Sequencing_Depth"	"Sequencing_Depth"	-0.31643774762455	0	0.692237502271998	0.647582573136274	0.881351999191241	0.647582573136274	0.842383834974015	NA	"prevalence"	50	2
"GGB27885_SGB40319"	"Genotype"	"MUT"	"GenotypeMUT"	0.746189050539153	0.518121331076144	0.489550011891098	0.649204272282781	0.882079161186985	0.0336920380078496	0.22621992158679	NA	"abundance"	50	23
"Bacillota_unclassified_SGB63211"	"Sequencing_Depth"	"Sequencing_Depth"	"Sequencing_Depth"	-0.636786373561733	-0.488797967236592	0.312829485899054	0.650969154643606	0.883458138444893	0.00352788016885359	0.107551111723191	NA	"abundance"	50	14
"Acutalibacter_intestini"	"Genotype"	"MUT"	"GenotypeMUT"	0.829314952415301	0.518121331076144	0.651913236701793	0.653817187124103	0.885687754697511	0.538532149002638	0.773475258890683	NA	"abundance"	50	10
"GGB27929_SGB40368"	"Site"	"Jejunum"	"SiteJejunum"	-0.0766579899269255	0.169814988290091	0.53525721590586	0.654115744131438	0.885687754697511	0.880364081542251	0.958841908406484	NA	"abundance"	50	30
"Adlercreutzia_mucosicola"	"Sex"	"M"	"SexM"	0.107457722162348	-0.197565677367378	0.685634850338045	0.662051730431813	0.892776642018958	0.0105907095168962	0.153890700493724	NA	"abundance"	50	23
"GGB29531_SGB42317"	"Genotype"	"MUT"	"GenotypeMUT"	1.10327511704072	0.518121331076144	1.23856418430652	0.660172262076024	0.892776642018958	0.884517108537474	0.958841908406484	NA	"abundance"	50	9
"Bacteroides_intestinalis"	"Sequencing_Depth"	"Sequencing_Depth"	"Sequencing_Depth"	0.237362599414708	0	0.543629213666788	0.662382669885033	0.892776642018958	0.662382669885033	0.851939125254062	NA	"prevalence"	50	2
"Parabacteroides_distasonis"	"Sequencing_Depth"	"Sequencing_Depth"	"Sequencing_Depth"	0.237362599414708	0	0.543629213666788	0.662382669885033	0.892776642018958	0.662382669885033	0.851939125254062	NA	"prevalence"	50	2
"GGB75879_SGB103683"	"Site"	"Jejunum"	"SiteJejunum"	-0.181937887853882	0.169814988290091	0.799640354197744	0.665326384105545	0.895125137380824	0.418472490676099	0.684617571658239	NA	"abundance"	50	27
"GGB42646_SGB59844"	"Site"	"Jejunum"	"SiteJejunum"	-0.374888296150829	0	0.867530136829532	0.665644839003057	0.895125137380824	0.665644839003057	0.8547606279333	NA	"prevalence"	50	10
"GGB28439_SGB41022"	"Site"	"Jejunum"	"SiteJejunum"	-0.440260406101961	0	1.02826099770303	0.668534510576247	0.896963158836924	0.668534510576247	0.855724173537596	NA	"prevalence"	50	4
"GGB28765_SGB41414"	"Site"	"Jejunum"	"SiteJejunum"	0.43208374437655	0	1.00789060899221	0.66814080940707	0.896963158836924	0.66814080940707	0.855724173537596	NA	"prevalence"	50	4
"Lachnospiraceae_bacterium_A2"	"Site"	"Jejunum"	"SiteJejunum"	0.419896612079881	0	0.993698866002653	0.672616889230475	0.90141376053868	0.672616889230475	0.85957429933607	NA	"prevalence"	50	5
"GGB30454_SGB43514"	"Site"	"Jejunum"	"SiteJejunum"	-0.43255160880517	0	1.02966379686426	0.674419605227022	0.901777860337608	0.674419605227022	0.860174948244711	NA	"prevalence"	50	5
"Lachnospiraceae_bacterium"	"Sequencing_Depth"	"Sequencing_Depth"	"Sequencing_Depth"	-0.208755045195757	0	0.496894096807326	0.674397943925323	0.901777860337608	0.876040313978067	0.958841908406484	NA	"prevalence"	50	44
"GGB1503_SGB2082"	"Site"	"Jejunum"	"SiteJejunum"	-0.33211468460451	0	0.79287778589034	0.675309330436181	0.901943754256033	0.778705953708553	0.919160391494962	NA	"prevalence"	50	29
"GGB28949_SGB41655"	"Sequencing_Depth"	"Sequencing_Depth"	"Sequencing_Depth"	-0.708840979241973	-0.488797967236592	0.459875831641886	0.679858308896791	0.90290088825301	0.0125685411666571	0.158922180509368	NA	"abundance"	50	7
"GGB28796_SGB41449"	"Sequencing_Depth"	"Sequencing_Depth"	"Sequencing_Depth"	0.252028240544344	0	0.610099945470895	0.679538209113321	0.90290088825301	0.679538209113321	0.860174948244711	NA	"prevalence"	50	2
"GGB30461_SGB63204"	"Sequencing_Depth"	"Sequencing_Depth"	"Sequencing_Depth"	0.224719333504359	0	0.540316567022128	0.677480913311497	0.90290088825301	0.677480913311497	0.860174948244711	NA	"prevalence"	50	5
"GGB30667_SGB43809"	"Genotype"	"MUT"	"GenotypeMUT"	0.406126411259846	0	0.982316674850681	0.67928620835168	0.90290088825301	0.67928620835168	0.860174948244711	NA	"prevalence"	50	3
"Turicibacter_sp_1E2"	"Genotype"	"MUT"	"GenotypeMUT"	-0.280692852131373	0	0.675573680060503	0.677784595110286	0.90290088825301	0.238537536032569	0.548034681822411	NA	"prevalence"	50	16
"GGB27885_SGB40319"	"Site"	"Jejunum"	"SiteJejunum"	0.343129370181422	0.169814988290091	0.410216158024133	0.686292721854201	0.909226757184103	0.901587743638354	0.958841908406484	NA	"abundance"	50	23
"GGB45514_SGB63186"	"Site"	"Jejunum"	"SiteJejunum"	-0.864363314515569	0.169814988290091	2.42719214892731	0.687063837005875	0.909226757184103	0.902070957890515	0.958841908406484	NA	"abundance"	50	10
"Blautia_pseudococcoides"	"Site"	"Jejunum"	"SiteJejunum"	-0.359704928563126	0	0.897203864166003	0.688480702383888	0.909226757184103	0.688480702383888	0.867377262845843	NA	"prevalence"	50	6
"Coriobacteriaceae_bacterium"	"Site"	"Jejunum"	"SiteJejunum"	-0.401628263703349	0	1.00031775801918	0.688051534922628	0.909226757184103	0.902688155135872	0.958841908406484	NA	"prevalence"	50	31
"GGB28317_SGB40889"	"Genotype"	"MUT"	"GenotypeMUT"	0.343730417891831	0	0.855234088402483	0.68774743567002	0.909226757184103	0.774369573536056	0.917396986066842	NA	"prevalence"	50	13
"GGB42598_SGB59794"	"Site"	"Jejunum"	"SiteJejunum"	0.41574426903215	0.169814988290091	0.598675218958827	0.689393945554662	0.909413289880617	0.903523878941899	0.958841908406484	NA	"abundance"	50	23
"Lachnospiraceae_bacterium"	"Site"	"Jejunum"	"SiteJejunum"	0.350428536830591	0.169814988290091	0.439263570779595	0.690747688656391	0.9101798403101	0.327237970410736	0.633875003216922	NA	"abundance"	50	44
"GGB28904_SGB41597"	"Site"	"Jejunum"	"SiteJejunum"	-0.165446192591387	0.169814988290091	0.809653346839624	0.691876708192691	0.910648896369822	0.372856084442467	0.651277003392955	NA	"abundance"	50	12
"GGB29531_SGB42317"	"Site"	"Jejunum"	"SiteJejunum"	-0.269049052182672	0.169814988290091	1.03689911883874	0.694075451074426	0.911505999292836	0.490597911252929	0.743185309022383	NA	"abundance"	50	9
"GGB28803_SGB41457"	"Genotype"	"MUT"	"GenotypeMUT"	-0.342450736883374	0	0.870238041968714	0.693939984227299	0.911505999292836	0.69720855490371	0.874807780337465	NA	"prevalence"	50	6
"Adlercreutzia_caecimuris"	"Genotype"	"MUT"	"GenotypeMUT"	0.323292780335996	0.518121331076144	0.489337161292459	0.695185550730582	0.91194719238377	0.0271041143242231	0.212581288817436	NA	"abundance"	50	32
"Muribaculaceae_bacterium"	"Sequencing_Depth"	"Sequencing_Depth"	"Sequencing_Depth"	-0.581722193213039	-0.488797967236592	0.229455520620906	0.696209228044118	0.912274160885396	0.116082310142796	0.39686259877879	NA	"abundance"	50	29
"GGB28949_SGB41656"	"Sex"	"M"	"SexM"	1.50169928446338	-0.197565677367378	3.81709907689297	0.699068686919543	0.913292338102349	0.132379292917242	0.420251723546799	NA	"abundance"	50	6
"Enterococcus_gallinarum"	"Sex"	"M"	"SexM"	-0.406378925763017	0	1.05211594201452	0.699312129854261	0.913292338102349	0.699312129854261	0.875508143792502	NA	"prevalence"	50	3
"GGB27480_SGB39776"	"Site"	"Jejunum"	"SiteJejunum"	0.409766646392252	0.169814988290091	0.564181386240854	0.703169736792935	0.913812167087256	0.911891794844425	0.962678650544246	NA	"abundance"	50	8
"GGB75725_SGB102612"	"Sequencing_Depth"	"Sequencing_Depth"	"Sequencing_Depth"	-0.398121373582101	-0.488797967236592	0.229058090497777	0.705140288524886	0.913812167087256	0.172200739455203	0.464371550036205	NA	"abundance"	50	19
"Muribaculum_intestinale"	"Genotype"	"MUT"	"GenotypeMUT"	0.715611819720898	0.518121331076144	0.509365833815221	0.702209597169321	0.913812167087256	0.010553514110111	0.153890700493724	NA	"abundance"	50	34
"Escherichia_coli"	"Sequencing_Depth"	"Sequencing_Depth"	"Sequencing_Depth"	0.175979297898043	0	0.464618807406261	0.704865648422887	0.913812167087256	0.704865648422887	0.876971257757868	NA	"prevalence"	50	4
"GGB30468_SGB43552"	"Sex"	"M"	"SexM"	-0.513835002276585	0	1.3518855814706	0.703880359249003	0.913812167087256	0.703880359249003	0.876971257757868	NA	"prevalence"	50	3
"GGB75104_SGB102231"	"Site"	"Jejunum"	"SiteJejunum"	0.411288049016039	0	1.07704033057917	0.7025587178098	0.913812167087256	0.7025587178098	0.876971257757868	NA	"prevalence"	50	3
"Oscillibacter_SGB94990"	"Sex"	"M"	"SexM"	-0.513835002276585	0	1.3518855814706	0.703880359249003	0.913812167087256	0.703880359249003	0.876971257757868	NA	"prevalence"	50	3
"GGB27480_SGB39776"	"Genotype"	"MUT"	"GenotypeMUT"	0.781985694468984	0.518121331076144	0.637574514937199	0.706382531373003	0.913996902893482	0.312864138114579	0.622615200228019	NA	"abundance"	50	8
"Hominisplanchenecus_murintestinalis"	"Site"	"Jejunum"	"SiteJejunum"	0.252299991255714	0	0.670813158049967	0.706834616753788	0.913996902893482	0.914054058066102	0.962678650544246	NA	"prevalence"	50	11
"GGB22635_SGB33556"	"Site"	"Jejunum"	"SiteJejunum"	0.0178577722634641	0.169814988290091	0.36440337628929	0.707672645852348	0.914077167559283	0.914544718017033	0.962678650544246	NA	"abundance"	50	10
"GGB28793_SGB41446"	"Site"	"Jejunum"	"SiteJejunum"	0.403877199802047	0	1.08196432801581	0.708938990319694	0.914709891124424	0.708938990319694	0.87930417403993	NA	"prevalence"	50	3
"Muricaecibacterium_torontonense"	"Site"	"Jejunum"	"SiteJejunum"	0.0411455864372291	0.169814988290091	0.328713659452775	0.710901937570899	0.916239039888971	0.563957763453209	0.794786359978132	NA	"abundance"	50	40
"Anaerostipes_hominis_ex_Lee_et_al_2021"	"Site"	"Jejunum"	"SiteJejunum"	0.345016172972435	0	0.941899401171899	0.714142479330567	0.919409661914107	0.714142479330567	0.884386971307204	NA	"prevalence"	50	4
"GGB45514_SGB63186"	"Sequencing_Depth"	"Sequencing_Depth"	"Sequencing_Depth"	-1.10193094149466	-0.488797967236592	1.60262024894333	0.717041903274281	0.921416833497204	0.00432953617449896	0.11788950713282	NA	"abundance"	50	10
"GGB28769_SGB41421"	"Site"	"Jejunum"	"SiteJejunum"	0.327592828792919	0	0.904664537979835	0.717265905192645	0.921416833497204	0.515563382943989	0.753581135400675	NA	"prevalence"	50	6
"GGB27861_SGB40295"	"Site"	"Jejunum"	"SiteJejunum"	0.323220035421369	0.169814988290091	0.405992374546624	0.721187580152936	0.92544550045769	0.41840821462068	0.684617571658239	NA	"abundance"	50	17
"Duncaniella_dubosii"	"Site"	"Jejunum"	"SiteJejunum"	0.429632735878558	0.169814988290091	0.725376164049428	0.725432745276993	0.92641683997907	0.806960803619638	0.941766997464422	NA	"abundance"	50	24
"GGB24132_SGB35935"	"Genotype"	"MUT"	"GenotypeMUT"	0.259239885463148	0.518121331076144	0.73066662645355	0.724854057303308	0.92641683997907	0.0159694196754717	0.159694196754717	NA	"abundance"	50	33
"Turicimonas_muris"	"Site"	"Jejunum"	"SiteJejunum"	0.408369079661087	0.169814988290091	0.667495804109648	0.725750338389194	0.92641683997907	0.924787123106359	0.970371220017378	NA	"abundance"	50	28
"GGB30461_SGB102216"	"Site"	"Jejunum"	"SiteJejunum"	-0.339898987112408	0	0.961503069042614	0.723707663355643	0.92641683997907	0.723707663355643	0.89346625105635	NA	"prevalence"	50	5
"Parvibacter_caecicola"	"Site"	"Jejunum"	"SiteJejunum"	0.296258457508391	0	0.844966369403478	0.725876692105841	0.92641683997907	0.123627684537586	0.41038235531149	NA	"prevalence"	50	22
"Alistipes_timonensis"	"Site"	"Jejunum"	"SiteJejunum"	-1.77760235971439	0.169814988290091	4.27225827305769	0.727404751483953	0.92707438584502	0.750807202706975	0.913285925585991	NA	"abundance"	50	6
"GGB28803_SGB41457"	"Sequencing_Depth"	"Sequencing_Depth"	"Sequencing_Depth"	-0.548987432357996	-0.488797967236592	0.11735325810791	0.727965880226352	0.92707438584502	0.121634913443134	0.408793851333901	NA	"abundance"	50	6
"Bacteroidales_bacterium"	"Site"	"Jejunum"	"SiteJejunum"	0.254109226094121	0	0.73784939367074	0.730551710559736	0.92936275922178	0.571527078732228	0.794786359978132	NA	"prevalence"	50	28
"GGB27861_SGB40295"	"Sex"	"M"	"SexM"	-0.0100963229694184	-0.197565677367378	0.518714673498018	0.733499205162245	0.93118006698033	0.239355407418573	0.548034681822411	NA	"abundance"	50	17
"Bacillota_unclassified_SGB43550"	"Sex"	"M"	"SexM"	0.412501333265497	0	1.21184139363286	0.73356120726464	0.93118006698033	0.73356120726464	0.901135163029695	NA	"prevalence"	50	3
"GGB27770_SGB40184"	"Sex"	"M"	"SexM"	0.408677871613668	0	1.20466874695824	0.734425157869202	0.931273235704973	0.734425157869202	0.901135163029695	NA	"prevalence"	50	2
"Coriobacteriaceae_bacterium"	"Sex"	"M"	"SexM"	0.126737811563519	-0.197565677367378	0.95738063792009	0.737047519437043	0.931499245126639	0.0047155802853128	0.11788950713282	NA	"abundance"	50	31
"Duncaniella_muris"	"Sequencing_Depth"	"Sequencing_Depth"	"Sequencing_Depth"	-0.388038235425213	-0.488797967236592	0.292589317014312	0.7371658446747	0.931499245126639	0.177128325014598	0.470430722633065	NA	"abundance"	50	23
"GGB70518_SGB94950"	"Site"	"Jejunum"	"SiteJejunum"	-0.290218054113768	0	0.860478240198672	0.735909379912918	0.931499245126639	0.735909379912918	0.90157351291016	NA	"prevalence"	50	6
"Hominisplanchenecus_murintestinalis"	"Sex"	"M"	"SexM"	0.249409040040361	0	0.744921086909107	0.737766380053612	0.931499245126639	0.572276260493033	0.794786359978132	NA	"prevalence"	50	11
"Adlercreutzia_muris"	"Genotype"	"MUT"	"GenotypeMUT"	0.62636771860659	0.518121331076144	0.320020608781397	0.743417567764508	0.933631017938796	0.780137382281349	0.919160391494962	NA	"abundance"	50	38
"Thomasclavelia_cocleata"	"Sex"	"M"	"SexM"	-0.653186202987814	-0.197565677367378	1.27600450435806	0.743312949286496	0.933631017938796	0.0912946308227442	0.36336171471739	NA	"abundance"	50	7
"Turicimonas_muris"	"Sequencing_Depth"	"Sequencing_Depth"	"Sequencing_Depth"	-0.601937829601481	-0.488797967236592	0.337860300060943	0.742290788153583	0.933631017938796	0.107791071673714	0.381918631481251	NA	"abundance"	50	28
"GGB28814_SGB41469"	"Sex"	"M"	"SexM"	-0.446460877571991	0	1.36145574355871	0.742965314576485	0.933631017938796	0.742965314576485	0.90605526167864	NA	"prevalence"	50	2
"GGB75094_SGB102310"	"Sex"	"M"	"SexM"	-0.446460877571991	0	1.36145574355871	0.742965314576485	0.933631017938796	0.742965314576485	0.90605526167864	NA	"prevalence"	50	2
"GGB27849_SGB40283"	"Site"	"Jejunum"	"SiteJejunum"	0.221141670227776	0	0.6841801191871	0.746527559367469	0.935541983973275	0.740242132328262	0.905494963092675	NA	"prevalence"	50	28
"GGB27860_SGB40294"	"Site"	"Jejunum"	"SiteJejunum"	0.221141670227776	0	0.6841801191871	0.746527559367469	0.935541983973275	0.935751721839788	0.977792639155679	NA	"prevalence"	50	28
"Acutalibacter_intestini"	"Sex"	"M"	"SexM"	-0.435900601415166	-0.197565677367378	0.770117939986795	0.769819704836273	0.940135359248638	0.847585004526677	0.948346858211666	NA	"abundance"	50	10
"Coriobacteriaceae_bacterium"	"Site"	"Jejunum"	"SiteJejunum"	0.411264350212926	0.169814988290091	0.820225866753806	0.771195775827722	0.940135359248638	0.902688155135872	0.958841908406484	NA	"abundance"	50	31
"GGB28382_SGB40962"	"Sex"	"M"	"SexM"	0.080363307757211	-0.197565677367378	0.85966279212709	0.767638692927066	0.940135359248638	0.0495920621257016	0.266266105372895	NA	"abundance"	50	8
"GGB28778_SGB41431"	"Site"	"Jejunum"	"SiteJejunum"	0.354126275165826	0.169814988290091	0.588515856314877	0.767387661573251	0.940135359248638	0.801865564720642	0.937854461661569	NA	"abundance"	50	11
"GGB28904_SGB41597"	"Genotype"	"MUT"	"GenotypeMUT"	0.881208944649552	0.518121331076144	1.21599451191475	0.773000264680878	0.940135359248638	0.191531137118283	0.485638200862592	NA	"abundance"	50	12
"GGB30461_SGB63209"	"Site"	"Jejunum"	"SiteJejunum"	-0.008836130764973	0.169814988290091	0.519642274068872	0.751886622495612	0.940135359248638	0.364488856292127	0.64368892943422	NA	"abundance"	50	10
"GGB46159_SGB63927"	"Genotype"	"MUT"	"GenotypeMUT"	0.660711860612258	0.518121331076144	0.487669628036338	0.773337150349686	0.940135359248638	0.174951799689664	0.468098460708132	NA	"abundance"	50	42
"Limosilactobacillus_reuteri"	"Site"	"Jejunum"	"SiteJejunum"	0.386167129523114	0.169814988290091	0.73079099884171	0.770407140090079	0.940135359248638	0.815930911944967	0.941766997464422	NA	"abundance"	50	30
"Paramuribaculum_intestinale"	"Site"	"Jejunum"	"SiteJejunum"	0.00830787934225632	0.169814988290091	0.519221637019093	0.765008136409697	0.940135359248638	0.944778824046356	0.977792639155679	NA	"abundance"	50	26
"Acetatifactor_aquisgranensis"	"Sex"	"M"	"SexM"	-0.409602283689465	0	1.36973713588004	0.764911703268378	0.940135359248638	0.764911703268378	0.914962689136128	NA	"prevalence"	50	2
"bacterium_1xD42_67"	"Sex"	"M"	"SexM"	0.35160186341377	0	1.19734442304901	0.769024296585853	0.940135359248638	0.769024296585853	0.916869504126204	NA	"prevalence"	50	4
"Eubacteriaceae_bacterium"	"Genotype"	"MUT"	"GenotypeMUT"	-0.203750695760074	0	0.670753855385966	0.761307897934563	0.940135359248638	0.943026080411583	0.977792639155679	NA	"prevalence"	50	18
"Eubacteriaceae_bacterium"	"Site"	"Jejunum"	"SiteJejunum"	0.20048788075206	0	0.670811535346758	0.765036465774314	0.940135359248638	0.944792137584175	0.977792639155679	NA	"prevalence"	50	18
"GGB27894_SGB40329"	"Site"	"Jejunum"	"SiteJejunum"	0.28821965012447	0	0.998015217138331	0.772739910701825	0.940135359248638	0.772739910701825	0.917396986066842	NA	"prevalence"	50	4
"GGB28865_SGB41537"	"Sex"	"M"	"SexM"	-0.409602283689465	0	1.36973713588004	0.764911703268378	0.940135359248638	0.764911703268378	0.914962689136128	NA	"prevalence"	50	2
"GGB28898_SGB41580"	"Genotype"	"MUT"	"GenotypeMUT"	0.226178329242212	0	0.740238201441097	0.75994878986978	0.940135359248638	0.620210159332702	0.820422194663893	NA	"prevalence"	50	9
"GGB28928_SGB41627"	"Sex"	"M"	"SexM"	-0.409602283689465	0	1.36973713588004	0.764911703268378	0.940135359248638	0.764911703268378	0.914962689136128	NA	"prevalence"	50	2
"GGB28934_SGB41635"	"Sex"	"M"	"SexM"	-0.401402113282607	0	1.38281740925661	0.771603213280385	0.940135359248638	0.771603213280385	0.917396986066842	NA	"prevalence"	50	3
"GGB28934_SGB41635"	"Site"	"Jejunum"	"SiteJejunum"	0.359820506191266	0	1.13476942698847	0.751177673794478	0.940135359248638	0.751177673794478	0.913285925585991	NA	"prevalence"	50	3
"GGB28942_SGB41646"	"Sex"	"M"	"SexM"	-0.409602283689465	0	1.36973713588004	0.764911703268378	0.940135359248638	0.764911703268378	0.914962689136128	NA	"prevalence"	50	2
"GGB28948_SGB41654"	"Sex"	"M"	"SexM"	-0.409602283689465	0	1.36973713588004	0.764911703268378	0.940135359248638	0.764911703268378	0.914962689136128	NA	"prevalence"	50	2
"GGB28957_SGB41666"	"Sex"	"M"	"SexM"	-0.409602283689465	0	1.36973713588004	0.764911703268378	0.940135359248638	0.764911703268378	0.914962689136128	NA	"prevalence"	50	2
"GGB28961_SGB41670"	"Sex"	"M"	"SexM"	-0.409602283689465	0	1.36973713588004	0.764911703268378	0.940135359248638	0.764911703268378	0.914962689136128	NA	"prevalence"	50	2
"GGB30147_SGB43074"	"Sex"	"M"	"SexM"	-0.409602283689465	0	1.36973713588004	0.764911703268378	0.940135359248638	0.764911703268378	0.914962689136128	NA	"prevalence"	50	2
"GGB30472_SGB43556"	"Sex"	"M"	"SexM"	-0.409602283689465	0	1.36973713588004	0.764911703268378	0.940135359248638	0.764911703268378	0.914962689136128	NA	"prevalence"	50	2
"GGB42598_SGB59794"	"Site"	"Jejunum"	"SiteJejunum"	-0.190386022053195	0	0.615175221453835	0.75695445223117	0.940135359248638	0.903523878941899	0.958841908406484	NA	"prevalence"	50	23
"GGB74408_SGB43542"	"Sex"	"M"	"SexM"	-0.409602283689465	0	1.36973713588004	0.764911703268378	0.940135359248638	0.764911703268378	0.914962689136128	NA	"prevalence"	50	2
"Limosilactobacillus_reuteri"	"Genotype"	"MUT"	"GenotypeMUT"	-0.210195530981941	0	0.715292555865461	0.768865247309471	0.940135359248638	0.490880312278521	0.743185309022383	NA	"prevalence"	50	30
"Duncaniella_muricolitica"	"Site"	"Jejunum"	"SiteJejunum"	0.329516572515793	0.169814988290091	0.550252933516756	0.776715593468884	0.940360708228516	0.950144073800048	0.980793882632307	NA	"abundance"	50	33
"GGB24132_SGB35935"	"Site"	"Jejunum"	"SiteJejunum"	-0.0136087096292597	0.169814988290091	0.629692646114912	0.776669432274114	0.940360708228516	0.817736626839682	0.941766997464422	NA	"abundance"	50	33
"GGB28765_SGB41414"	"Sequencing_Depth"	"Sequencing_Depth"	"Sequencing_Depth"	-0.133915071732883	0	0.468924494891708	0.775200453226482	0.940360708228516	0.775200453226482	0.917396986066842	NA	"prevalence"	50	4
"GGB28869_SGB41543"	"Sex"	"M"	"SexM"	0.341527026368557	0	1.19156682697366	0.774403207357962	0.940360708228516	0.774403207357962	0.917396986066842	NA	"prevalence"	50	3
"GGB27866_SGB40300"	"Sequencing_Depth"	"Sequencing_Depth"	"Sequencing_Depth"	-0.557383498728804	-0.488797967236592	0.233892160519112	0.779132941641005	0.941500566916115	0.111372306976792	0.388623057106397	NA	"abundance"	50	19
"GGB75725_SGB102612"	"Genotype"	"MUT"	"GenotypeMUT"	0.666186820257315	0.518121331076144	0.516083960622747	0.780054799074811	0.941500566916115	0.811490257437648	0.941766997464422	NA	"abundance"	50	19
"GGB30667_SGB43809"	"Sex"	"M"	"SexM"	-0.290907621795989	0	1.04099308421638	0.77989795309061	0.941500566916115	0.77989795309061	0.919160391494962	NA	"prevalence"	50	3
"GGB29003_SGB41719"	"Sex"	"M"	"SexM"	-0.393033628646975	0	1.42921238430521	0.783316118452694	0.943503463739543	0.783316118452694	0.921548374650228	NA	"prevalence"	50	2
"GGB45514_SGB63186"	"Site"	"Jejunum"	"SiteJejunum"	-0.267581136457618	0	0.971209226948563	0.782921847966244	0.943503463739543	0.902070957890515	0.958841908406484	NA	"prevalence"	50	10
"Alistipes_timonensis"	"Sex"	"M"	"SexM"	-1.95861066810374	-0.197565677367378	5.01342284697382	0.784540554360359	0.944013047024007	0.85535028413954	0.951711025468195	NA	"abundance"	50	6
"GGB3171_SGB4185"	"Sequencing_Depth"	"Sequencing_Depth"	"Sequencing_Depth"	-0.419832950318336	-0.488797967236592	0.23714255276722	0.786614568208152	0.945542817703268	0.0234018222394225	0.1894331127537	NA	"abundance"	50	9
"GGB75726_SGB102611"	"Site"	"Jejunum"	"SiteJejunum"	0.550262906073749	0.169814988290091	1.34395297460315	0.78809812299648	0.946360437196589	0.37069743949804	0.648923307655212	NA	"abundance"	50	10
"GGB24132_SGB35935"	"Sex"	"M"	"SexM"	-0.407222143348869	-0.197565677367378	0.780085265413842	0.790180071483793	0.946929933070099	0.00199151308893382	0.0879778306225503	NA	"abundance"	50	33
"GGB75725_SGB102612"	"Sex"	"M"	"SexM"	0.0336292615490092	-0.197565677367378	0.839970923439081	0.789867067606799	0.946929933070099	0.00157522846812873	0.0879778306225503	NA	"abundance"	50	19
"Bacillota_unclassified_SGB43546"	"Sequencing_Depth"	"Sequencing_Depth"	"Sequencing_Depth"	-0.389317072947599	-0.488797967236592	0.351001690655263	0.792059034317399	0.947254357792788	0.0116803601096969	0.157632720075788	NA	"abundance"	50	9
"GGB27480_SGB39776"	"Sex"	"M"	"SexM"	-0.240121683621067	0	0.910169412660866	0.79191795447099	0.947254357792788	0.956701862328463	0.981232679311244	NA	"prevalence"	50	8
"GGB27929_SGB40368"	"Sex"	"M"	"SexM"	-0.159517506684894	0	0.610695378292358	0.793933386576363	0.948532991264661	0.177587597793982	0.470430722633065	NA	"prevalence"	50	30
"Alistipes_muris"	"Sex"	"M"	"SexM"	0.307152230171174	0	1.18433889494717	0.795369153347427	0.949285575119827	0.795369153347427	0.932430265277396	NA	"prevalence"	50	4
"GGB27482_SGB39778"	"Sequencing_Depth"	"Sequencing_Depth"	"Sequencing_Depth"	-0.540664191580177	-0.488797967236592	0.191991743885546	0.798625412527723	0.949324657878565	0.0677519878583547	0.309723373066764	NA	"abundance"	50	19
"GGB28317_SGB40889"	"Sex"	"M"	"SexM"	-0.350542798547299	-0.197565677367378	0.573183240518862	0.798235036245055	0.949324657878565	0.0584353518054508	0.29401434870667	NA	"abundance"	50	13
"GGB29531_SGB42317"	"Sex"	"M"	"SexM"	-0.547716007301617	-0.197565677367378	1.27661099213508	0.796816090455376	0.949324657878565	0.958716298902162	0.981942727959168	NA	"abundance"	50	9
"GGB28317_SGB40889"	"Site"	"Jejunum"	"SiteJejunum"	0.218325394133943	0	0.868105304597929	0.801430313805552	0.950740090295005	0.399308695075308	0.676033351541925	NA	"prevalence"	50	13
"GGB30455_SGB43519"	"Site"	"Jejunum"	"SiteJejunum"	0.193299267254743	0	0.767276203306439	0.801095801934434	0.950740090295005	0.308768334115046	0.617536668230092	NA	"prevalence"	50	9
"GGB27480_SGB39776"	"Site"	"Jejunum"	"SiteJejunum"	-0.210389500870153	0	0.840083113557875	0.802247940786283	0.950752589784951	0.911891794844425	0.962678650544246	NA	"prevalence"	50	8
"Alistipes_timonensis"	"Sequencing_Depth"	"Sequencing_Depth"	"Sequencing_Depth"	-1.17755771087613	-0.488797967236592	2.3618872296179	0.819095643420402	0.954867003502009	0.0198631048551511	0.176560932045788	NA	"abundance"	50	6
"Clostridiales_bacterium"	"Site"	"Jejunum"	"SiteJejunum"	0.504350365702895	0.169814988290091	1.37998931221098	0.816205271266062	0.954867003502009	0.038636522867753	0.23066580816569	NA	"abundance"	50	11
"Duncaniella_muris"	"Site"	"Jejunum"	"SiteJejunum"	0.298831886001141	0.169814988290091	0.545942343776091	0.818033519459727	0.954867003502009	0.238836738396384	0.548034681822411	NA	"abundance"	50	23
"GGB27480_SGB39776"	"Sex"	"M"	"SexM"	0.0155167526498603	-0.197565677367378	0.819673136749629	0.814128796788802	0.954867003502009	0.956701862328463	0.981232679311244	NA	"abundance"	50	8
"GGB27482_SGB39778"	"Genotype"	"MUT"	"GenotypeMUT"	0.420814472659415	0.518121331076144	0.43801365890307	0.828588548927643	0.954867003502009	0.386099023152064	0.668569737059851	NA	"abundance"	50	19
"GGB27849_SGB40283"	"Sequencing_Depth"	"Sequencing_Depth"	"Sequencing_Depth"	-0.402596719050119	-0.488797967236592	0.38261450702537	0.824052300818595	0.954867003502009	0.205359925707131	0.500877867578369	NA	"abundance"	50	28
"GGB27866_SGB40300"	"Site"	"Jejunum"	"SiteJejunum"	0.0674922490817688	0.169814988290091	0.439802907237653	0.82314097454851	0.954867003502009	0.334827187919483	0.634983363047822	NA	"abundance"	50	19
"GGB27876_SGB40310"	"Sex"	"M"	"SexM"	-0.368214664299846	-0.197565677367378	0.750264640160147	0.822158286987295	0.954867003502009	0.000383718893647276	0.0613950229835642	NA	"abundance"	50	27
"GGB28382_SGB40962"	"Genotype"	"MUT"	"GenotypeMUT"	0.389914199664865	0.518121331076144	0.522184253680828	0.822441682471907	0.954867003502009	0.329948791028145	0.63491155592427	NA	"abundance"	50	8
"GGB45514_SGB63186"	"Genotype"	"MUT"	"GenotypeMUT"	-0.446337156522733	0.518121331076144	3.81368708048137	0.809995952361781	0.954867003502009	0.0726021733941018	0.324478987236209	NA	"abundance"	50	10
"GGB75726_SGB102611"	"Genotype"	"MUT"	"GenotypeMUT"	0.789119947168058	0.518121331076144	1.18316522968634	0.826945715717953	0.954867003502009	0.970052214691629	0.984365937885811	NA	"abundance"	50	10
"Lachnospiraceae_unclassified_SGB7275"	"Sex"	"M"	"SexM"	-0.389957787046827	-0.197565677367378	0.819105467211903	0.82118679917005	0.954867003502009	0.851334544845588	0.949885126745426	NA	"abundance"	50	12
"Muricaecibacterium_torontonense"	"Sex"	"M"	"SexM"	-0.285330394597439	-0.197565677367378	0.355372707741334	0.814643436428555	0.954867003502009	0.131731965839603	0.419982801059234	NA	"abundance"	50	40
"Neglectibacter_sp_X4"	"Sex"	"M"	"SexM"	0.0221733227649762	-0.197565677367378	0.933095239277348	0.820775734719742	0.954867003502009	0.0450532780803026	0.252046310938756	NA	"abundance"	50	15
"Bacteroides_intestinalis"	"Site"	"Jejunum"	"SiteJejunum"	0.228684043148745	0	1.0757797698432	0.831658357888847	0.954867003502009	0.831658357888847	0.942080886515162	NA	"prevalence"	50	2
"Duncaniella_muricolitica"	"Sex"	"M"	"SexM"	-0.141446150694549	0	0.621544544199539	0.819978969956223	0.954867003502009	0.790128952326629	0.928198475567258	NA	"prevalence"	50	33
"GGB115370_SGB161393"	"Site"	"Jejunum"	"SiteJejunum"	-0.237562397404343	0	0.981456010105362	0.808740654550331	0.954867003502009	0.808740654550331	0.941766997464422	NA	"prevalence"	50	7
"GGB24148_SGB35952"	"Site"	"Jejunum"	"SiteJejunum"	0.142824997516648	0	0.652704597365236	0.826790054783478	0.954867003502009	0.765137548790087	0.914962689136128	NA	"prevalence"	50	35
"GGB25041_SGB36960"	"Genotype"	"MUT"	"GenotypeMUT"	0.146654677099233	0	0.677844937099336	0.82871157416042	0.954867003502009	0.970660275173399	0.984365937885811	NA	"prevalence"	50	14
"GGB28772_SGB41425"	"Site"	"Jejunum"	"SiteJejunum"	0.224007065264785	0	1.05368351043143	0.831643449636	0.954867003502009	0.831643449636	0.942080886515162	NA	"prevalence"	50	2
"GGB28778_SGB41431"	"Genotype"	"MUT"	"GenotypeMUT"	-0.179201907598434	0	0.768935643499597	0.815721109890816	0.954867003502009	0.966041290660127	0.984365937885811	NA	"prevalence"	50	11
"GGB28796_SGB41449"	"Sex"	"M"	"SexM"	0.279321428593972	0	1.27264319919213	0.826275117776493	0.954867003502009	0.826275117776493	0.942080886515162	NA	"prevalence"	50	2
"GGB28845_SGB41512"	"Site"	"Jejunum"	"SiteJejunum"	0.234905763957475	0	1.09352180648935	0.829910932216014	0.954867003502009	0.829910932216014	0.942080886515162	NA	"prevalence"	50	2
"GGB28879_SGB43526"	"Site"	"Jejunum"	"SiteJejunum"	0.224007065264785	0	1.05368351043143	0.831643449636	0.954867003502009	0.831643449636	0.942080886515162	NA	"prevalence"	50	2
"GGB28946_SGB41652"	"Site"	"Jejunum"	"SiteJejunum"	-0.219050015553595	0	0.959712552813147	0.819455436233226	0.954867003502009	0.819455436233226	0.941766997464422	NA	"prevalence"	50	5
"GGB28988_SGB41701"	"Site"	"Jejunum"	"SiteJejunum"	0.224007065264785	0	1.05368351043143	0.831643449636	0.954867003502009	0.831643449636	0.942080886515162	NA	"prevalence"	50	2
"GGB29531_SGB42317"	"Sex"	"M"	"SexM"	0.249611581978877	0	1.02847097221872	0.808236544183174	0.954867003502009	0.958716298902162	0.981942727959168	NA	"prevalence"	50	9
"GGB42570_SGB59765"	"Genotype"	"MUT"	"GenotypeMUT"	-0.162797077709262	0	0.689693085890776	0.813399469361615	0.954867003502009	0.715775768911815	0.885039590617391	NA	"prevalence"	50	12
"Oscillibacter_SGB43499"	"Site"	"Jejunum"	"SiteJejunum"	-0.219050015553595	0	0.959712552813147	0.819455436233226	0.954867003502009	0.819455436233226	0.941766997464422	NA	"prevalence"	50	5
"Parabacteroides_distasonis"	"Site"	"Jejunum"	"SiteJejunum"	0.228684043148745	0	1.0757797698432	0.831658357888847	0.954867003502009	0.831658357888847	0.942080886515162	NA	"prevalence"	50	2
"Pseudomonas_aeruginosa"	"Sequencing_Depth"	"Sequencing_Depth"	"Sequencing_Depth"	0.171773154479117	0	0.723344475337283	0.812291609020943	0.954867003502009	0.812291609020943	0.941766997464422	NA	"prevalence"	50	2
"Pseudomonas_aeruginosa"	"Site"	"Jejunum"	"SiteJejunum"	0.249690643101539	0	1.10052460895274	0.820514496540877	0.954867003502009	0.820514496540877	0.941766997464422	NA	"prevalence"	50	2
"GGB3171_SGB4185"	"Site"	"Jejunum"	"SiteJejunum"	0.25408972860498	0.169814988290091	0.378643764556238	0.838152462909402	0.95513102338574	0.973805374737708	0.986132025050843	NA	"abundance"	50	9
"Alistipes_finegoldii"	"Site"	"Jejunum"	"SiteJejunum"	-0.2176835785693	0	1.05589338716829	0.836665489742607	0.95513102338574	0.836665489742607	0.942080886515162	NA	"prevalence"	50	3
"Bacteroides_intestinalis"	"Sex"	"M"	"SexM"	0.243379473279264	0	1.19875184365384	0.83911361398421	0.95513102338574	0.83911361398421	0.942080886515162	NA	"prevalence"	50	2
"GGB143828_SGB43507"	"Site"	"Jejunum"	"SiteJejunum"	-0.184436510332894	0	0.901454215457866	0.83788554137517	0.95513102338574	0.83788554137517	0.942080886515162	NA	"prevalence"	50	5
"GGB24148_SGB35952"	"Sex"	"M"	"SexM"	0.138449087070264	0	0.660626271427516	0.834001359220685	0.95513102338574	0.235811066755844	0.546808270738189	NA	"prevalence"	50	35
"GGB28772_SGB41425"	"Sex"	"M"	"SexM"	0.238968948692401	0	1.18972243724769	0.840807191214782	0.95513102338574	0.840807191214782	0.942080886515162	NA	"prevalence"	50	2
"GGB28879_SGB43526"	"Sex"	"M"	"SexM"	0.238968948692401	0	1.18972243724769	0.840807191214782	0.95513102338574	0.840807191214782	0.942080886515162	NA	"prevalence"	50	2
"GGB28901_SGB41592"	"Genotype"	"MUT"	"GenotypeMUT"	-0.193611739400992	0	0.947701585542562	0.838122116210212	0.95513102338574	0.838122116210212	0.942080886515162	NA	"prevalence"	50	5
"GGB28988_SGB41701"	"Sex"	"M"	"SexM"	0.238968948692401	0	1.18972243724769	0.840807191214782	0.95513102338574	0.840807191214782	0.942080886515162	NA	"prevalence"	50	2
"GGB30461_SGB43529"	"Site"	"Jejunum"	"SiteJejunum"	0.185738129544789	0	0.912015751352766	0.838621771697965	0.95513102338574	0.838621771697965	0.942080886515162	NA	"prevalence"	50	8
"Parabacteroides_distasonis"	"Sex"	"M"	"SexM"	0.243379473279264	0	1.19875184365384	0.83911361398421	0.95513102338574	0.83911361398421	0.942080886515162	NA	"prevalence"	50	2
"Bacteroidales_bacterium"	"Sequencing_Depth"	"Sequencing_Depth"	"Sequencing_Depth"	-0.432699041944515	-0.488797967236592	0.278336760320576	0.844310758291741	0.958186968465964	0.15757604708429	0.453284486768616	NA	"abundance"	50	28
"Lepagella_muris"	"Site"	"Jejunum"	"SiteJejunum"	0.29768505700135	0.169814988290091	0.659194245413397	0.849249396311646	0.962864089369701	0.977274255487597	0.988393684437519	NA	"abundance"	50	26
"GGB30461_SGB63209"	"Sequencing_Depth"	"Sequencing_Depth"	"Sequencing_Depth"	-0.437465079716734	-0.488797967236592	0.255416668810832	0.850941136552606	0.963039637855675	0.00858309002705288	0.151276182377523	NA	"abundance"	50	10
"GGB75057_SGB102223"	"Site"	"Jejunum"	"SiteJejunum"	0.17266036733723	0	0.919420728401589	0.851039272502341	0.963039637855675	0.851039272502341	0.949885126745426	NA	"prevalence"	50	8
"Enterococcus_gallinarum"	"Site"	"Jejunum"	"SiteJejunum"	-0.190819576038325	0	1.02649535926353	0.852527698246005	0.963798107997883	0.852527698246005	0.949891585789421	NA	"prevalence"	50	3
"Clostridiaceae_bacterium"	"Site"	"Jejunum"	"SiteJejunum"	0.136913637458998	0	0.750457788630764	0.85523731314395	0.965850744076528	0.85810056756178	0.953445075068645	NA	"prevalence"	50	16
"Muricaecibacterium_torontonense"	"Sequencing_Depth"	"Sequencing_Depth"	"Sequencing_Depth"	-0.0750380752457982	0	0.413456254369451	0.85598317216969	0.965850744076528	0.0173242303548983	0.169016881511203	NA	"prevalence"	50	40
"Adlercreutzia_mucosicola"	"Genotype"	"MUT"	"GenotypeMUT"	0.601421533720669	0.518121331076144	0.583824968116689	0.887716544228195	0.966437448909386	0.0581727891916179	0.29401434870667	NA	"abundance"	50	23
"Adlercreutzia_mucosicola"	"Site"	"Jejunum"	"SiteJejunum"	0.257133449459023	0.169814988290091	0.518409388889001	0.870066781681937	0.966437448909386	0.726071335038742	0.895003186488434	NA	"abundance"	50	23
"Bacillota_unclassified_SGB43546"	"Genotype"	"MUT"	"GenotypeMUT"	0.600200042282081	0.518121331076144	0.488910444961584	0.87477464860387	0.966437448909386	0.678515216034782	0.860174948244711	NA	"abundance"	50	9
"Bacillota_unclassified_SGB43546"	"Site"	"Jejunum"	"SiteJejunum"	0.0583532667248539	0.169814988290091	0.821085460188547	0.898680712896787	0.966437448909386	0.0860302635977753	0.352183811405231	NA	"abundance"	50	9
"Bacteroidales_bacterium"	"Genotype"	"MUT"	"GenotypeMUT"	0.622595979720818	0.518121331076144	0.634516771052958	0.869819694678605	0.966437448909386	0.303148492370312	0.613971630117088	NA	"abundance"	50	28
"Duncaniella_dubosii"	"Genotype"	"MUT"	"GenotypeMUT"	0.36055195191761	0.518121331076144	0.911847040415356	0.864116664099051	0.966437448909386	0.0154735096521574	0.159694196754717	NA	"abundance"	50	24
"Duncaniella_freteri"	"Genotype"	"MUT"	"GenotypeMUT"	0.553487589452559	0.518121331076144	0.249643167387513	0.899354816446355	0.966437448909386	0.284055667873591	0.588716410100707	NA	"abundance"	50	9
"Eubacteriaceae_bacterium"	"Site"	"Jejunum"	"SiteJejunum"	0.127277497062972	0.169814988290091	0.277670383013857	0.889159723199634	0.966437448909386	0.944792137584175	0.977792639155679	NA	"abundance"	50	18
"GGB14001_SGB21428"	"Sequencing_Depth"	"Sequencing_Depth"	"Sequencing_Depth"	-0.517437153190943	-0.488797967236592	0.212475262116327	0.896278794965477	0.966437448909386	0.26282619786505	0.568272860248757	NA	"abundance"	50	44
"GGB27860_SGB40294"	"Site"	"Jejunum"	"SiteJejunum"	0.245280564984074	0.169814988290091	0.485972231945408	0.879734747606003	0.966437448909386	0.935751721839788	0.977792639155679	NA	"abundance"	50	28
"GGB28949_SGB41655"	"Genotype"	"MUT"	"GenotypeMUT"	0.415673412524103	0.518121331076144	0.514780903749939	0.860677265205066	0.966437448909386	0.796062338980577	0.932430265277396	NA	"abundance"	50	7
"GGB28949_SGB41656"	"Sequencing_Depth"	"Sequencing_Depth"	"Sequencing_Depth"	-0.809185428039477	-0.488797967236592	1.61743756165669	0.861029658621417	0.966437448909386	0.196843084000987	0.487537050157242	NA	"abundance"	50	6
"GGB30861_SGB44083"	"Site"	"Jejunum"	"SiteJejunum"	0.128362756194533	0.169814988290091	0.3017960247574	0.897768557227997	0.966437448909386	0.175769466891176	0.46871857837647	NA	"abundance"	50	40
"GGB42598_SGB59794"	"Sex"	"M"	"SexM"	-0.299303632844633	-0.197565677367378	0.662517217228017	0.880422865626247	0.966437448909386	0.0348581509664958	0.2267196810829	NA	"abundance"	50	23
"GGB46159_SGB63927"	"Site"	"Jejunum"	"SiteJejunum"	0.0914942528171386	0.169814988290091	0.505142888946493	0.879405107234645	0.966437448909386	0.565986491385181	0.794786359978132	NA	"abundance"	50	42
"GGB75879_SGB103683"	"Sequencing_Depth"	"Sequencing_Depth"	"Sequencing_Depth"	-0.425916478932553	-0.488797967236592	0.436140864284982	0.88675491535045	0.966437448909386	0.157678092481673	0.453284486768616	NA	"abundance"	50	27
"Muricaecibacterium_torontonense"	"Genotype"	"MUT"	"GenotypeMUT"	0.47612745083667	0.518121331076144	0.332314524509557	0.90231479098272	0.966437448909386	0.0672024457643694	0.308976762135032	NA	"abundance"	50	40
"Oscillospiraceae_unclassified_SGB102175"	"Site"	"Jejunum"	"SiteJejunum"	0.299753962182183	0.169814988290091	0.733809285207133	0.888777409643946	0.966437448909386	0.32899431561019	0.63491155592427	NA	"abundance"	50	6
"Acetatifactor_aquisgranensis"	"Site"	"Jejunum"	"SiteJejunum"	-0.141463270693393	0	1.18414092651112	0.904907051058619	0.966437448909386	0.904907051058619	0.958841908406484	NA	"prevalence"	50	2
"Acutalibacter_caecimuris"	"Genotype"	"MUT"	"GenotypeMUT"	0.145691507316395	0	0.966903524049593	0.880229387391354	0.966437448909386	0.880229387391354	0.958841908406484	NA	"prevalence"	50	6
"Acutalibacter_intestini"	"Site"	"Jejunum"	"SiteJejunum"	-0.128927294148584	0	0.750133189405125	0.863537737782349	0.966437448909386	0.981378050990441	0.989812103403423	NA	"prevalence"	50	10
"Anaerostipes_hominis"	"Site"	"Jejunum"	"SiteJejunum"	0.154808750777618	0	1.13091432043813	0.891119218419311	0.966437448909386	0.891119218419311	0.958841908406484	NA	"prevalence"	50	2
"Atopobiaceae_bacterium_FL090493"	"Site"	"Jejunum"	"SiteJejunum"	0.154808750777618	0	1.13091432043813	0.891119218419311	0.966437448909386	0.891119218419311	0.958841908406484	NA	"prevalence"	50	2
"Bacillota_unclassified_SGB43546"	"Sex"	"M"	"SexM"	-0.141716395566743	0	0.898591681942814	0.874685757496551	0.966437448909386	0.708698939652542	0.87930417403993	NA	"prevalence"	50	9
"Bacillota_unclassified_SGB43549"	"Genotype"	"MUT"	"GenotypeMUT"	-0.146413312672429	0	1.06453059243419	0.890605629713741	0.966437448909386	0.890605629713741	0.958841908406484	NA	"prevalence"	50	5
"Duncaniella_muricolitica"	"Genotype"	"MUT"	"GenotypeMUT"	-0.0704406612057917	0	0.588690760156742	0.904755280498435	0.966437448909386	0.149660195836218	0.43856467644313	NA	"prevalence"	50	33
"Duncaniella_muricolitica"	"Site"	"Jejunum"	"SiteJejunum"	-0.0773152982780136	0	0.591254530257987	0.895961345446375	0.966437448909386	0.950144073800048	0.980793882632307	NA	"prevalence"	50	33
"Enterococcus_gallinarum"	"Sequencing_Depth"	"Sequencing_Depth"	"Sequencing_Depth"	0.0837652545236117	0	0.483537300829474	0.862467249578449	0.966437448909386	0.862467249578449	0.956967822001053	NA	"prevalence"	50	3
"GGB22635_SGB33556"	"Site"	"Jejunum"	"SiteJejunum"	-0.0956959653811838	0	0.724259246964499	0.894881913939836	0.966437448909386	0.914544718017033	0.962678650544246	NA	"prevalence"	50	10
"GGB25041_SGB36960"	"Site"	"Jejunum"	"SiteJejunum"	0.0823649015804366	0	0.684346994364671	0.90420156767877	0.966437448909386	0.660601047113013	0.851939125254062	NA	"prevalence"	50	14
"GGB27770_SGB40184"	"Genotype"	"MUT"	"GenotypeMUT"	-0.138356734450287	0	1.08079844990223	0.898138331895233	0.966437448909386	0.898138331895233	0.958841908406484	NA	"prevalence"	50	2
"GGB27894_SGB40329"	"Sequencing_Depth"	"Sequencing_Depth"	"Sequencing_Depth"	0.0606766213572289	0	0.455179824678706	0.893954128332659	0.966437448909386	0.893954128332659	0.958841908406484	NA	"prevalence"	50	4
"GGB28865_SGB41537"	"Site"	"Jejunum"	"SiteJejunum"	-0.141463270693393	0	1.18414092651112	0.904907051058619	0.966437448909386	0.904907051058619	0.958841908406484	NA	"prevalence"	50	2
"GGB28928_SGB41627"	"Site"	"Jejunum"	"SiteJejunum"	-0.141463270693393	0	1.18414092651112	0.904907051058619	0.966437448909386	0.904907051058619	0.958841908406484	NA	"prevalence"	50	2
"GGB28942_SGB41646"	"Site"	"Jejunum"	"SiteJejunum"	-0.141463270693393	0	1.18414092651112	0.904907051058619	0.966437448909386	0.904907051058619	0.958841908406484	NA	"prevalence"	50	2
"GGB28948_SGB41654"	"Site"	"Jejunum"	"SiteJejunum"	-0.141463270693393	0	1.18414092651112	0.904907051058619	0.966437448909386	0.904907051058619	0.958841908406484	NA	"prevalence"	50	2
"GGB28949_SGB41655"	"Sex"	"M"	"SexM"	0.127251265941974	0	0.996912882402271	0.898429662656611	0.966437448909386	0.98968346657195	0.991660742855046	NA	"prevalence"	50	7
"GGB28956_SGB41665"	"Site"	"Jejunum"	"SiteJejunum"	-0.133058533868633	0	0.994941492050293	0.893612101185221	0.966437448909386	0.893612101185221	0.958841908406484	NA	"prevalence"	50	5
"GGB28957_SGB41666"	"Site"	"Jejunum"	"SiteJejunum"	-0.141463270693393	0	1.18414092651112	0.904907051058619	0.966437448909386	0.904907051058619	0.958841908406484	NA	"prevalence"	50	2
"GGB28961_SGB41670"	"Site"	"Jejunum"	"SiteJejunum"	-0.141463270693393	0	1.18414092651112	0.904907051058619	0.966437448909386	0.904907051058619	0.958841908406484	NA	"prevalence"	50	2
"GGB28990_SGB41704"	"Site"	"Jejunum"	"SiteJejunum"	-0.182491339524158	0	1.07823913029718	0.865600464674581	0.966437448909386	0.865600464674581	0.958841908406484	NA	"prevalence"	50	4
"GGB30147_SGB43074"	"Site"	"Jejunum"	"SiteJejunum"	-0.141463270693393	0	1.18414092651112	0.904907051058619	0.966437448909386	0.904907051058619	0.958841908406484	NA	"prevalence"	50	2
"GGB30414_SGB43453"	"Site"	"Jejunum"	"SiteJejunum"	0.160695158578944	0	1.11540647948275	0.885446222665172	0.966437448909386	0.885446222665172	0.958841908406484	NA	"prevalence"	50	2
"GGB30454_SGB43516"	"Genotype"	"MUT"	"GenotypeMUT"	0.131243724921687	0	0.911365313461076	0.885494300685303	0.966437448909386	0.885494300685303	0.958841908406484	NA	"prevalence"	50	8
"GGB30472_SGB43556"	"Site"	"Jejunum"	"SiteJejunum"	-0.141463270693393	0	1.18414092651112	0.904907051058619	0.966437448909386	0.904907051058619	0.958841908406484	NA	"prevalence"	50	2
"GGB32371_SGB41694"	"Site"	"Jejunum"	"SiteJejunum"	-0.115851788437764	0	0.907654380911019	0.898434935509864	0.966437448909386	0.898434935509864	0.958841908406484	NA	"prevalence"	50	10
"GGB74408_SGB43542"	"Site"	"Jejunum"	"SiteJejunum"	-0.141463270693393	0	1.18414092651112	0.904907051058619	0.966437448909386	0.904907051058619	0.958841908406484	NA	"prevalence"	50	2
"GGB75074_SGB102167"	"Site"	"Jejunum"	"SiteJejunum"	-0.120118573766123	0	0.894238798848156	0.893145632007665	0.966437448909386	0.893145632007665	0.958841908406484	NA	"prevalence"	50	13
"GGB79741_SGB1950"	"Site"	"Jejunum"	"SiteJejunum"	0.154808750777618	0	1.13091432043813	0.891119218419311	0.966437448909386	0.891119218419311	0.958841908406484	NA	"prevalence"	50	2
"GGB80032_SGB42945"	"Site"	"Jejunum"	"SiteJejunum"	0.154808750777618	0	1.13091432043813	0.891119218419311	0.966437448909386	0.891119218419311	0.958841908406484	NA	"prevalence"	50	2
"Lachnospiraceae_bacterium"	"Genotype"	"MUT"	"GenotypeMUT"	-0.11288241868642	0	0.832604803769631	0.892155349704822	0.966437448909386	0.369008730519408	0.648791962242222	NA	"prevalence"	50	44
"Lachnospiraceae_bacterium_MD308"	"Site"	"Jejunum"	"SiteJejunum"	0.154808750777618	0	1.13091432043813	0.891119218419311	0.966437448909386	0.891119218419311	0.958841908406484	NA	"prevalence"	50	2
"Lepagella_muris"	"Site"	"Jejunum"	"SiteJejunum"	0.101662129292368	0	0.65834872304013	0.877278681502495	0.966437448909386	0.977274255487597	0.988393684437519	NA	"prevalence"	50	26
"Ligilactobacillus_murinus"	"Genotype"	"MUT"	"GenotypeMUT"	-0.118026703305249	0	0.742264698476547	0.873661851149488	0.966437448909386	0.417969362171934	0.684617571658239	NA	"prevalence"	50	34
"Oscillibacter_SGB43496"	"Site"	"Jejunum"	"SiteJejunum"	0.157472298578352	0	0.970510501245276	0.871103331978309	0.966437448909386	0.871103331978309	0.958841908406484	NA	"prevalence"	50	6
"Paramuribaculum_intestinale"	"Site"	"Jejunum"	"SiteJejunum"	-0.129926515821478	0	0.757642109442251	0.86384008007118	0.966437448909386	0.944778824046356	0.977792639155679	NA	"prevalence"	50	26
"Parasutterella_muris"	"Site"	"Jejunum"	"SiteJejunum"	-0.0935282457172249	0	0.63507168410556	0.882917371190347	0.966437448909386	0.601134223583678	0.804463449147174	NA	"prevalence"	50	29
"Parasutterella_sp_NM82_D38"	"Site"	"Jejunum"	"SiteJejunum"	0.154808750777618	0	1.13091432043813	0.891119218419311	0.966437448909386	0.891119218419311	0.958841908406484	NA	"prevalence"	50	2
"Turicimonas_muris"	"Site"	"Jejunum"	"SiteJejunum"	0.0996316767159416	0	0.687933681688371	0.884847113535763	0.966437448909386	0.924787123106359	0.970371220017378	NA	"prevalence"	50	28
"GGB28901_SGB41592"	"Sequencing_Depth"	"Sequencing_Depth"	"Sequencing_Depth"	-0.35325504920954	-0.488797967236592	0.938087000869265	0.908421873269426	0.969312469847268	0.0835212305919456	0.34800512746644	NA	"abundance"	50	5
"Hominisplanchenecus_murintestinalis"	"Site"	"Jejunum"	"SiteJejunum"	0.258014917046175	0.169814988290091	0.74354442025182	0.909391601845766	0.969469056085351	0.914054058066102	0.962678650544246	NA	"abundance"	50	11
"GGB28814_SGB41469"	"Site"	"Jejunum"	"SiteJejunum"	-0.129738877562137	0	1.17727075303525	0.912248309843246	0.970757460700401	0.912248309843246	0.962678650544246	NA	"prevalence"	50	2
"GGB75094_SGB102310"	"Site"	"Jejunum"	"SiteJejunum"	-0.129738877562137	0	1.17727075303525	0.912248309843246	0.970757460700401	0.912248309843246	0.962678650544246	NA	"prevalence"	50	2
"GGB28949_SGB41655"	"Sex"	"M"	"SexM"	-0.313162592295964	-0.197565677367378	0.942132158137747	0.913237390063475	0.970932893045824	0.98968346657195	0.991660742855046	NA	"abundance"	50	7
"Akkermansia_muciniphila"	"Genotype"	"MUT"	"GenotypeMUT"	0.591350639389354	0.518121331076144	0.676478186114845	0.914140555591142	0.971016748860564	0.397196313489519	0.67481169055696	NA	"abundance"	50	44
"Acutalibacter_muris"	"Sequencing_Depth"	"Sequencing_Depth"	"Sequencing_Depth"	-0.416835272410639	-0.488797967236592	0.663759732093983	0.917042329233268	0.971851239417264	0.00171751791759405	0.0879778306225503	NA	"abundance"	50	11
"GGB18828_SGB27767"	"Sex"	"M"	"SexM"	-0.0780524394237951	0	0.752618185955658	0.917401169976229	0.971851239417264	0.197772035473583	0.488326013515019	NA	"prevalence"	50	16
"GGB75726_SGB102611"	"Genotype"	"MUT"	"GenotypeMUT"	-0.094139868920327	0	0.906573257048027	0.91729518296464	0.971851239417264	0.970052214691629	0.984365937885811	NA	"prevalence"	50	10
"Acutalibacter_intestini"	"Site"	"Jejunum"	"SiteJejunum"	0.219960294214875	0.169814988290091	0.470124589361824	0.92068336628021	0.97357720419936	0.981378050990441	0.989812103403423	NA	"abundance"	50	10
"Neglectibacter_caecimuris"	"Site"	"Jejunum"	"SiteJejunum"	-0.0843644827276287	0	0.889051984559939	0.92440010898771	0.9766307877915	0.92440010898771	0.970371220017378	NA	"prevalence"	50	5
"Anaerostipes_hominis_ex_Lee_et_al_2021"	"Sequencing_Depth"	"Sequencing_Depth"	"Sequencing_Depth"	0.0423257699136056	0	0.452591858568767	0.925491551091575	0.97690774837444	0.925491551091575	0.970371220017378	NA	"prevalence"	50	4
"Clostridiaceae_bacterium"	"Genotype"	"MUT"	"GenotypeMUT"	0.0658953016845049	0	0.738513856980896	0.928901587937448	0.979629427565187	0.614185165351026	0.814839357016286	NA	"prevalence"	50	16
"GGB25041_SGB36960"	"Genotype"	"MUT"	"GenotypeMUT"	0.47712933581787	0.518121331076144	0.4551144435513	0.930555081550258	0.980495425819503	0.970660275173399	0.984365937885811	NA	"abundance"	50	14
"Sangeribacter_muris"	"Sex"	"M"	"SexM"	-0.157842379588764	-0.197565677367378	0.445420051348592	0.932114136314191	0.981260458068022	0.566802958216046	0.794786359978132	NA	"abundance"	50	17
"Acutalibacter_caecimuris"	"Site"	"Jejunum"	"SiteJejunum"	0.0790036302797419	0	0.951634664434996	0.933836538838122	0.982195931027954	0.933836538838122	0.977792639155679	NA	"prevalence"	50	6
"GGB27860_SGB40294"	"Sequencing_Depth"	"Sequencing_Depth"	"Sequencing_Depth"	-0.508891291721977	-0.488797967236592	0.244429023480316	0.936627250527005	0.982809719761373	0.205359925707131	0.500877867578369	NA	"abundance"	50	28
"Adlercreutzia_caecimuris"	"Site"	"Jejunum"	"SiteJejunum"	-0.0763617680744094	0	0.969870716606647	0.937244228328434	0.982809719761373	0.101156006074821	0.376394441208635	NA	"prevalence"	50	32
"Bifidobacterium_pseudolongum"	"Site"	"Jejunum"	"SiteJejunum"	0.0541392770183759	0	0.722408103747138	0.940260232742842	0.982809719761373	0.0946200873973744	0.369249121550729	NA	"prevalence"	50	39
"GGB28772_SGB41425"	"Genotype"	"MUT"	"GenotypeMUT"	-0.0822221927636253	0	1.08307730404721	0.939486444457248	0.982809719761373	0.939486444457248	0.977792639155679	NA	"prevalence"	50	2
"GGB28879_SGB43526"	"Genotype"	"MUT"	"GenotypeMUT"	-0.0822221927636253	0	1.08307730404721	0.939486444457248	0.982809719761373	0.939486444457248	0.977792639155679	NA	"prevalence"	50	2
"GGB28988_SGB41701"	"Genotype"	"MUT"	"GenotypeMUT"	-0.0822221927636253	0	1.08307730404721	0.939486444457248	0.982809719761373	0.939486444457248	0.977792639155679	NA	"prevalence"	50	2
"Muribaculum_intestinale"	"Site"	"Jejunum"	"SiteJejunum"	-0.0767225812107728	0	0.964089514499287	0.936571023892206	0.982809719761373	0.51168982344569	0.751104327993673	NA	"prevalence"	50	34
"GGB1690_SGB40190"	"Genotype"	"MUT"	"GenotypeMUT"	0.0807186730148096	0	1.09408729144629	0.941187686722259	0.982906999076969	0.941187686722259	0.977792639155679	NA	"prevalence"	50	3
"Hominisplanchenecus_murintestinalis"	"Genotype"	"MUT"	"GenotypeMUT"	0.0491257988199255	0	0.679421894261886	0.942358952888827	0.983258500002691	0.942358952888827	0.977792639155679	NA	"prevalence"	50	11
"GGB1503_SGB2082"	"Sex"	"M"	"SexM"	-0.228125851784339	-0.197565677367378	0.442040925674416	0.946584910934773	0.986793827505453	0.0299843027582316	0.216469641517123	NA	"abundance"	50	29
"GGB31108_SGB44379"	"Site"	"Jejunum"	"SiteJejunum"	-0.065693438005431	0	1.03196303428214	0.949241980763551	0.988688818160445	0.949241980763551	0.980793882632307	NA	"prevalence"	50	3
"GGB27480_SGB39776"	"Sequencing_Depth"	"Sequencing_Depth"	"Sequencing_Depth"	-0.511793840982711	-0.488797967236592	0.354890932683415	0.952746655034845	0.990157531112118	0.0212330132914055	0.180053578807789	NA	"abundance"	50	8
"Escherichia_coli"	"Sex"	"M"	"SexM"	0.054466851498024	0	0.944879877762282	0.954032035902924	0.990157531112118	0.954032035902924	0.981232679311244	NA	"prevalence"	50	4
"GGB27873_SGB41457"	"Sequencing_Depth"	"Sequencing_Depth"	"Sequencing_Depth"	-0.0343696304351254	0	0.583017472333414	0.952990907796647	0.990157531112118	0.952990907796647	0.981232679311244	NA	"prevalence"	50	2
"GGB27929_SGB40368"	"Site"	"Jejunum"	"SiteJejunum"	0.034584805322034	0	0.589189974418576	0.953191932889263	0.990157531112118	0.880364081542251	0.958841908406484	NA	"prevalence"	50	30
"GGB30460_SGB43527"	"Site"	"Jejunum"	"SiteJejunum"	-0.0623991942068342	0	1.10223841908231	0.95485480080082	0.990157531112118	0.95485480080082	0.981232679311244	NA	"prevalence"	50	3
"GGB27873_SGB41457"	"Genotype"	"MUT"	"GenotypeMUT"	0.0637617797401439	0	1.16207093435266	0.956242753907762	0.990724682588693	0.956242753907762	0.981232679311244	NA	"prevalence"	50	2
"Caniella_muris"	"Sequencing_Depth"	"Sequencing_Depth"	"Sequencing_Depth"	-0.471462016833291	-0.488797967236592	0.32170555987844	0.957600277299296	0.991259338012804	0.652133688159545	0.844798127993003	NA	"abundance"	50	35
"Schaedlerella_arabinosiphila"	"Site"	"Jejunum"	"SiteJejunum"	0.281350414261513	0.169814988290091	1.92054043040203	0.95887724475602	0.991709740406138	0.577613414579399	0.796760800919163	NA	"abundance"	50	7
"GGB28927_SGB41625"	"Site"	"Jejunum"	"SiteJejunum"	0.0541127849917274	0	1.07488089551305	0.959849016580087	0.991843983799423	0.959849016580087	0.981942727959168	NA	"prevalence"	50	3
"Eubacteriaceae_bacterium"	"Genotype"	"MUT"	"GenotypeMUT"	0.531702541134676	0.518121331076144	0.286508071635608	0.964343340865215	0.992173252559636	0.943026080411583	0.977792639155679	NA	"abundance"	50	18
"GGB28778_SGB41431"	"Sequencing_Depth"	"Sequencing_Depth"	"Sequencing_Depth"	-0.475614640819763	-0.488797967236592	0.286683574752906	0.965221177787218	0.992173252559636	0.0303057498123972	0.216469641517123	NA	"abundance"	50	11
"GGB30046_SGB42947"	"Sequencing_Depth"	"Sequencing_Depth"	"Sequencing_Depth"	-0.494620134024222	-0.488797967236592	0.100942233533859	0.961047555072065	0.992173252559636	0.0124523175920315	0.158922180509368	NA	"abundance"	50	25
"Duncaniella_freteri"	"Site"	"Jejunum"	"SiteJejunum"	0.0343865292434075	0	0.774386481731401	0.964581681641749	0.992173252559636	0.829305069162846	0.942080886515162	NA	"prevalence"	50	9
"GGB28796_SGB41449"	"Genotype"	"MUT"	"GenotypeMUT"	-0.0545837136339691	0	1.14942738186322	0.962124497925948	0.992173252559636	0.962124497925948	0.983013535556524	NA	"prevalence"	50	2
"GGB30461_SGB102216"	"Genotype"	"MUT"	"GenotypeMUT"	-0.0421333711356474	0	0.953403967431408	0.964750904912495	0.992173252559636	0.964750904912495	0.984365937885811	NA	"prevalence"	50	5
"Muribaculaceae_bacterium"	"Site"	"Jejunum"	"SiteJejunum"	0.189303221804096	0.169814988290091	0.450144844418195	0.96657351912618	0.992335695974259	0.998882670376392	0.998882670376392	NA	"abundance"	50	29
"GGB73359_SGB46611"	"Site"	"Jejunum"	"SiteJejunum"	-0.0445315207384775	0	1.08547414650383	0.96727600673623	0.992335695974259	0.96727600673623	0.984365937885811	NA	"prevalence"	50	4
"Muribaculaceae_bacterium"	"Site"	"Jejunum"	"SiteJejunum"	0.0294552743869912	0	0.732094690931552	0.967906379180326	0.992335695974259	0.998882670376392	0.998882670376392	NA	"prevalence"	50	29
"GGB27885_SGB40319"	"Site"	"Jejunum"	"SiteJejunum"	0.0278145938304989	0	0.719940199948179	0.969181724724034	0.992779192804271	0.901587743638354	0.958841908406484	NA	"prevalence"	50	23
"GGB46159_SGB63927"	"Sequencing_Depth"	"Sequencing_Depth"	"Sequencing_Depth"	-0.498267498465453	-0.488797967236592	0.256439064985543	0.971245593627011	0.993166067094287	0.334093064663549	0.634983363047822	NA	"abundance"	50	42
"Oscillospiraceae_unclassified_SGB43526"	"Site"	"Jejunum"	"SiteJejunum"	-0.0368615724621671	0	1.00807816918464	0.970830906239881	0.993166067094287	0.970830906239881	0.984365937885811	NA	"prevalence"	50	6
"GGB28901_SGB41592"	"Sex"	"M"	"SexM"	-0.119935552303557	-0.197565677367378	1.8204452842754	0.97295065518257	0.994046723161377	0.730017122632797	0.898482612471135	NA	"abundance"	50	5
"GGB27884_SGB40318"	"Genotype"	"MUT"	"GenotypeMUT"	0.539852735496413	0.518121331076144	0.692901516929114	0.975170087911374	0.995450921628769	0.0285273417000439	0.216469641517123	NA	"abundance"	50	30
"Duncaniella_muris"	"Genotype"	"MUT"	"GenotypeMUT"	0.497720792054741	0.518121331076144	0.701567862042185	0.977044909130225	0.996341640515247	0.597973275475666	0.803838921802618	NA	"abundance"	50	23
"GGB28382_SGB40962"	"Site"	"Jejunum"	"SiteJejunum"	0.155865773417225	0.169814988290091	0.525914210233316	0.980772494561762	0.996341640515247	0.766572815434301	0.915310824399165	NA	"abundance"	50	8
"GGB28778_SGB41431"	"Genotype"	"MUT"	"GenotypeMUT"	0.504540121017612	0.518121331076144	0.60666823603502	0.982808986654259	0.996341640515247	0.966041290660127	0.984365937885811	NA	"abundance"	50	11
"Muribaculum_gordoncarteri"	"Site"	"Jejunum"	"SiteJejunum"	0.17741267675107	0.169814988290091	0.313663482032052	0.981836585097707	0.996341640515247	0.817736626839682	0.941766997464422	NA	"abundance"	50	33
"Parasutterella_muris"	"Sequencing_Depth"	"Sequencing_Depth"	"Sequencing_Depth"	-0.495087989795705	-0.488797967236592	0.222160566028127	0.978149792560294	0.996341640515247	0.0722532984717722	0.324478987236209	NA	"abundance"	50	29
"Bacillota_unclassified_SGB43549"	"Sex"	"M"	"SexM"	0.0257146639593238	0	1.16490258611892	0.982388512627897	0.996341640515247	0.982388512627897	0.989812103403423	NA	"prevalence"	50	5
"GGB30298_SGB43262"	"Site"	"Jejunum"	"SiteJejunum"	-0.021105861715402	0	0.805581307752675	0.97909818078478	0.996341640515247	0.97909818078478	0.988988061398768	NA	"prevalence"	50	11
"GGB3171_SGB4185"	"Site"	"Jejunum"	"SiteJejunum"	0.0214655191063894	0	0.84551211451889	0.979745805699412	0.996341640515247	0.973805374737708	0.986132025050843	NA	"prevalence"	50	9
"Alistipes_timonensis"	"Genotype"	"MUT"	"GenotypeMUT"	0.416835379515231	0.518121331076144	4.88442037026441	0.986772013819568	0.996479542872072	0.495665743045735	0.743185309022383	NA	"abundance"	50	6
"GGB45514_SGB63186"	"Sex"	"M"	"SexM"	-0.246477372089986	-0.197565677367378	3.08975684825445	0.987928981731922	0.996479542872072	0.570161270862553	0.794786359978132	NA	"abundance"	50	10
"GGB75726_SGB102611"	"Sex"	"M"	"SexM"	-0.231206591389118	-0.197565677367378	1.8116590721552	0.985840303844815	0.996479542872072	0.207545738762356	0.503141184878438	NA	"abundance"	50	10
"Escherichia_coli"	"Genotype"	"MUT"	"GenotypeMUT"	-0.01323683861743	0	0.881592739639451	0.988020463560764	0.996479542872072	0.988020463560764	0.991660742855046	NA	"prevalence"	50	4
"GGB30468_SGB43552"	"Genotype"	"MUT"	"GenotypeMUT"	-0.0189459237945696	0	1.15031258196739	0.986859244257383	0.996479542872072	0.986859244257383	0.991660742855046	NA	"prevalence"	50	3
"Oscillibacter_SGB94990"	"Genotype"	"MUT"	"GenotypeMUT"	-0.0189459237945696	0	1.15031258196739	0.986859244257383	0.996479542872072	0.986859244257383	0.991660742855046	NA	"prevalence"	50	3
"GGB27478_SGB39772"	"Sex"	"M"	"SexM"	-0.0121438458493186	0	0.950973707852043	0.989811365239502	0.997193277469565	0.0112305787443001	0.154904534404139	NA	"prevalence"	50	8
"GGB28380_SGB40960"	"Site"	"Jejunum"	"SiteJejunum"	0.0118465986176811	0	0.986758094995115	0.990421166926478	0.997193277469565	0.990421166926478	0.991660742855046	NA	"prevalence"	50	4
"GGB27885_SGB40319"	"Sequencing_Depth"	"Sequencing_Depth"	"Sequencing_Depth"	-0.489036448205129	-0.488797967236592	0.22151977368219	0.999174803122274	1	0.0234423477032703	0.1894331127537	NA	"abundance"	50	23
"GGB28310_SGB40880"	"Site"	"Jejunum"	"SiteJejunum"	0.169814988290091	0.169814988290091	0.419980752309189	1	1	0.653662551534586	0.844798127993003	NA	"abundance"	50	44
"Lachnospiraceae_unclassified_SGB41405"	"Sequencing_Depth"	"Sequencing_Depth"	"Sequencing_Depth"	-0.488797967236592	-0.488797967236592	0.105082788873044	1	1	0.0967927353366073	0.369919040068338	NA	"abundance"	50	9
"Lachnospiraceae_unclassified_SGB7275"	"Site"	"Jejunum"	"SiteJejunum"	0.16987176348334	0.169814988290091	1.02670529551299	0.99995739439931	1	0.817295498721256	0.941766997464422	NA	"abundance"	50	12
"Lactobacillus_johnsonii"	"Sex"	"M"	"SexM"	-0.198757749931176	-0.197565677367378	0.758755872113752	0.998759221127889	1	0.0333474763550267	0.226084585457808	NA	"abundance"	50	34
"Schaedlerella_arabinosiphila"	"Sex"	"M"	"SexM"	-0.19637360480358	-0.197565677367378	2.10064353933685	0.999596612164726	1	0.39729538281541	0.67481169055696	NA	"abundance"	50	7
"GGB29531_SGB42317"	"Genotype"	"MUT"	"GenotypeMUT"	0.00596654656699984	0	0.962327288784349	0.995053050098544	1	0.884517108537474	0.958841908406484	NA	"prevalence"	50	9
"Lachnospiraceae_unclassified_SGB41405"	"Site"	"Jejunum"	"SiteJejunum"	-0.00569998211321049	0	0.786070070435178	0.994214398892688	1	0.818159097111371	0.941766997464422	NA	"prevalence"	50	9
"GGB30045_SGB42945"	"Sex"	"M"	"SexM"	-1.29312593460287	0	0.703755601392686	0.0661413524627698	0.33439705236542	0.000311748502528353	0.0613950229835642	"Prevalence association possibly induced by stronger abundance association"	"prevalence"	50	33
"Parasutterella_muris"	"Genotype"	"MUT"	"GenotypeMUT"	0.828438656252463	0	0.622177762529769	0.18301980678269	0.517019981750621	0.415028059859401	0.684617571658239	"Prevalence association possibly induced by stronger abundance association"	"prevalence"	50	29
"GGB14001_SGB21428"	"Genotype"	"MUT"	"GenotypeMUT"	1.1862362410358	0	0.974703650894236	0.223595668153197	0.552349804347329	0.000279645666723338	0.0613950229835642	"Prevalence association possibly induced by stronger abundance association"	"prevalence"	50	44
"Caniella_muris"	"Genotype"	"MUT"	"GenotypeMUT"	0.705679591597131	0	0.718071672247003	0.325734159598705	0.674772002421066	0.00106110488111688	0.0879778306225503	"Prevalence association possibly induced by stronger abundance association"	"prevalence"	50	35
"GGB30861_SGB44083"	"Genotype"	"MUT"	"GenotypeMUT"	0.71439447483305	0	0.88570024400081	0.419904353939845	0.742713707118826	0.217461834714266	0.514702567371045	"Prevalence association possibly induced by stronger abundance association"	"prevalence"	50	40
"GGB22635_SGB33556"	"Sex"	"M"	"SexM"	-0.600274853606856	0	0.766165990169994	0.433345965261817	0.755053047562743	0.0130308311073797	0.158922180509368	"Prevalence association possibly induced by stronger abundance association"	"prevalence"	50	10
"GGB27929_SGB40368"	"Genotype"	"MUT"	"GenotypeMUT"	0.360102057225146	0	0.581360349450088	0.53564443353557	0.813130338537245	0.146311999092708	0.430329409096201	"Prevalence association possibly induced by stronger abundance association"	"prevalence"	50	30
"Clostridia_bacterium"	"Genotype"	"MUT"	"GenotypeMUT"	0.265922299357169	0	0.683204807994894	0.697107645719048	0.912436451841154	0.192435514310134	0.485638200862592	"Prevalence association possibly induced by stronger abundance association"	"prevalence"	50	23
"GGB27478_SGB39772"	"Site"	"Jejunum"	"SiteJejunum"	-0.26356603023461	0	0.887232167780205	0.766416535156438	0.940135359248638	0.0302661014869257	0.216469641517123	"Prevalence association possibly induced by stronger abundance association"	"prevalence"	50	8
"GGB28769_SGB41421"	"Sex"	"M"	"SexM"	-0.267723198480381	0	1.04499151014766	0.79779908812047	0.949324657878565	0.392773746071444	0.672467195212195	"Prevalence association possibly induced by stronger abundance association"	"prevalence"	50	6
"Lachnospiraceae_unclassified_SGB41405"	"Genotype"	"MUT"	"GenotypeMUT"	-0.0797992603842651	0	0.793321430924072	0.91987687827469	0.97357720419936	0.00591924732920968	0.13927640774611	"Prevalence association possibly induced by stronger abundance association"	"prevalence"	50	9
"Acetatifactor_aquisgranensis"	"Genotype"	"MUT"	"GenotypeMUT"	NA	NA	NA	NA	NA	0.500770135253338	0.743185309022383	"No data points have the baseline factor level"	"abundance"	50	2
"Acetatifactor_aquisgranensis"	"Sequencing_Depth"	"Sequencing_Depth"	"Sequencing_Depth"	NA	NA	NA	NA	NA	0.145002438762261	0.428051479740993	"No data points have the baseline factor level"	"abundance"	50	2
"Acetatifactor_aquisgranensis"	"Sex"	"M"	"SexM"	NA	NA	NA	NA	NA	0.764911703268378	0.914962689136128	"No data points have the baseline factor level"	"abundance"	50	2
"Acetatifactor_aquisgranensis"	"Site"	"Jejunum"	"SiteJejunum"	NA	NA	NA	NA	NA	0.904907051058619	0.958841908406484	"No data points have the baseline factor level"	"abundance"	50	2
"Acutalibacter_caecimuris"	"Genotype"	"MUT"	"GenotypeMUT"	NA	NA	NA	NA	NA	0.880229387391354	0.958841908406484	"contrasts can be applied only to factors with 2 or more levels"	"abundance"	50	6
"Acutalibacter_caecimuris"	"Sequencing_Depth"	"Sequencing_Depth"	"Sequencing_Depth"	NA	NA	NA	NA	NA	0.0191483504773534	0.176076785998652	"contrasts can be applied only to factors with 2 or more levels"	"abundance"	50	6
"Acutalibacter_caecimuris"	"Sex"	"M"	"SexM"	NA	NA	NA	NA	NA	0.248799478770928	0.556825700711618	"contrasts can be applied only to factors with 2 or more levels"	"abundance"	50	6
"Acutalibacter_caecimuris"	"Site"	"Jejunum"	"SiteJejunum"	NA	NA	NA	NA	NA	0.933836538838122	0.977792639155679	"contrasts can be applied only to factors with 2 or more levels"	"abundance"	50	6
"Acutalibacter_sp_1XD8_33"	"Genotype"	"MUT"	"GenotypeMUT"	NA	NA	NA	NA	NA	0.0956093457926028	0.369504718039045	"No data points have the baseline factor level"	"abundance"	50	5
"Acutalibacter_sp_1XD8_33"	"Sequencing_Depth"	"Sequencing_Depth"	"Sequencing_Depth"	NA	NA	NA	NA	NA	0.244491631033383	0.555662797803142	"No data points have the baseline factor level"	"abundance"	50	5
"Acutalibacter_sp_1XD8_33"	"Sex"	"M"	"SexM"	NA	NA	NA	NA	NA	0.171982428055155	0.464371550036205	"No data points have the baseline factor level"	"abundance"	50	5
"Acutalibacter_sp_1XD8_33"	"Site"	"Jejunum"	"SiteJejunum"	NA	NA	NA	NA	NA	0.620444284714569	0.820422194663893	"No data points have the baseline factor level"	"abundance"	50	5
"Adlercreutzia_SGB42953"	"Genotype"	"MUT"	"GenotypeMUT"	NA	NA	NA	NA	NA	0.00457593048505446	0.11788950713282	"contrasts can be applied only to factors with 2 or more levels"	"abundance"	50	11
"Adlercreutzia_SGB42953"	"Sequencing_Depth"	"Sequencing_Depth"	"Sequencing_Depth"	NA	NA	NA	NA	NA	0.27633536713686	0.580876356571773	"contrasts can be applied only to factors with 2 or more levels"	"abundance"	50	11
"Adlercreutzia_SGB42953"	"Sex"	"M"	"SexM"	NA	NA	NA	NA	NA	0.348156168822812	0.636841965920325	"contrasts can be applied only to factors with 2 or more levels"	"abundance"	50	11
"Adlercreutzia_SGB42953"	"Site"	"Jejunum"	"SiteJejunum"	NA	NA	NA	NA	NA	0.298739545506583	0.608121212227141	"contrasts can be applied only to factors with 2 or more levels"	"abundance"	50	11
"Alistipes_finegoldii"	"Genotype"	"MUT"	"GenotypeMUT"	NA	NA	NA	NA	NA	0.251172958832256	0.556825700711618	"No data points have the baseline factor level"	"abundance"	50	3
"Alistipes_finegoldii"	"Sequencing_Depth"	"Sequencing_Depth"	"Sequencing_Depth"	NA	NA	NA	NA	NA	0.193359435678434	0.485638200862592	"No data points have the baseline factor level"	"abundance"	50	3
"Alistipes_finegoldii"	"Sex"	"M"	"SexM"	NA	NA	NA	NA	NA	0.337831688966623	0.636841965920325	"No data points have the baseline factor level"	"abundance"	50	3
"Alistipes_finegoldii"	"Site"	"Jejunum"	"SiteJejunum"	NA	NA	NA	NA	NA	0.836665489742607	0.942080886515162	"No data points have the baseline factor level"	"abundance"	50	3
"Alistipes_muris"	"Genotype"	"MUT"	"GenotypeMUT"	NA	NA	NA	NA	NA	0.586836197811288	0.800608945588933	"Fitting error (NA p-value returned from fitting procedure)"	"abundance"	50	4
"Alistipes_muris"	"Sequencing_Depth"	"Sequencing_Depth"	"Sequencing_Depth"	0.647752121634362	NA	NA	NA	NA	0.0206971999895919	0.179975652083408	"Fitting error (NA p-value returned from fitting procedure)"	"abundance"	50	4
"Alistipes_muris"	"Sex"	"M"	"SexM"	2.13419819059596	NA	NA	NA	NA	0.795369153347427	0.932430265277396	"Fitting error (NA p-value returned from fitting procedure)"	"abundance"	50	4
"Alistipes_muris"	"Site"	"Jejunum"	"SiteJejunum"	-0.509071202053067	NA	NA	NA	NA	0.529389081490696	0.765843155863574	"Fitting error (NA p-value returned from fitting procedure)"	"abundance"	50	4
"Anaerostipes_hominis"	"Genotype"	"MUT"	"GenotypeMUT"	NA	NA	NA	NA	NA	0.485978924306989	0.743185309022383	"No data points have the baseline factor level"	"abundance"	50	2
"Anaerostipes_hominis"	"Sequencing_Depth"	"Sequencing_Depth"	"Sequencing_Depth"	NA	NA	NA	NA	NA	0.172862410023102	0.464371550036205	"No data points have the baseline factor level"	"abundance"	50	2
"Anaerostipes_hominis"	"Sex"	"M"	"SexM"	NA	NA	NA	NA	NA	0.504437028498943	0.743185309022383	"No data points have the baseline factor level"	"abundance"	50	2
"Anaerostipes_hominis"	"Site"	"Jejunum"	"SiteJejunum"	NA	NA	NA	NA	NA	0.891119218419311	0.958841908406484	"No data points have the baseline factor level"	"abundance"	50	2
"Anaerostipes_hominis_ex_Lee_et_al_2021"	"Genotype"	"MUT"	"GenotypeMUT"	NA	NA	NA	NA	NA	0.114456788530172	0.394678581138524	"No data points have the baseline factor level"	"abundance"	50	4
"Anaerostipes_hominis_ex_Lee_et_al_2021"	"Sequencing_Depth"	"Sequencing_Depth"	"Sequencing_Depth"	NA	NA	NA	NA	NA	0.925491551091575	0.970371220017378	"No data points have the baseline factor level"	"abundance"	50	4
"Anaerostipes_hominis_ex_Lee_et_al_2021"	"Sex"	"M"	"SexM"	NA	NA	NA	NA	NA	0.457138538670233	0.731342203495341	"No data points have the baseline factor level"	"abundance"	50	4
"Anaerostipes_hominis_ex_Lee_et_al_2021"	"Site"	"Jejunum"	"SiteJejunum"	NA	NA	NA	NA	NA	0.714142479330567	0.884386971307204	"No data points have the baseline factor level"	"abundance"	50	4
"Atopobiaceae_bacterium_FL090493"	"Genotype"	"MUT"	"GenotypeMUT"	NA	NA	NA	NA	NA	0.485978924306989	0.743185309022383	"No data points have the baseline factor level"	"abundance"	50	2
"Atopobiaceae_bacterium_FL090493"	"Sequencing_Depth"	"Sequencing_Depth"	"Sequencing_Depth"	NA	NA	NA	NA	NA	0.172862410023102	0.464371550036205	"No data points have the baseline factor level"	"abundance"	50	2
"Atopobiaceae_bacterium_FL090493"	"Sex"	"M"	"SexM"	NA	NA	NA	NA	NA	0.504437028498943	0.743185309022383	"No data points have the baseline factor level"	"abundance"	50	2
"Atopobiaceae_bacterium_FL090493"	"Site"	"Jejunum"	"SiteJejunum"	NA	NA	NA	NA	NA	0.891119218419311	0.958841908406484	"No data points have the baseline factor level"	"abundance"	50	2
"Bacillota_unclassified_SGB43543"	"Genotype"	"MUT"	"GenotypeMUT"	NA	NA	NA	NA	NA	0.00871823641148967	0.151276182377523	"No data points have the baseline factor level"	"abundance"	50	10
"Bacillota_unclassified_SGB43543"	"Sequencing_Depth"	"Sequencing_Depth"	"Sequencing_Depth"	NA	NA	NA	NA	NA	0.0234088115359263	0.1894331127537	"No data points have the baseline factor level"	"abundance"	50	10
"Bacillota_unclassified_SGB43543"	"Sex"	"M"	"SexM"	NA	NA	NA	NA	NA	0.332006547288681	0.634983363047822	"No data points have the baseline factor level"	"abundance"	50	10
"Bacillota_unclassified_SGB43543"	"Site"	"Jejunum"	"SiteJejunum"	NA	NA	NA	NA	NA	0.296432578691453	0.604964446309088	"No data points have the baseline factor level"	"abundance"	50	10
"Bacillota_unclassified_SGB43549"	"Genotype"	"MUT"	"GenotypeMUT"	-0.240619227098397	NA	NA	NA	NA	0.890605629713741	0.958841908406484	"Fitting error (NA p-value returned from fitting procedure)"	"abundance"	50	5
"Bacillota_unclassified_SGB43549"	"Sequencing_Depth"	"Sequencing_Depth"	"Sequencing_Depth"	-0.917909733209483	NA	NA	NA	NA	0.0075803173246508	0.147041916360904	"Fitting error (NA p-value returned from fitting procedure)"	"abundance"	50	5
"Bacillota_unclassified_SGB43549"	"Sex"	"M"	"SexM"	-0.438478380041003	NA	NA	NA	NA	0.982388512627897	0.989812103403423	"Fitting error (NA p-value returned from fitting procedure)"	"abundance"	50	5
"Bacillota_unclassified_SGB43549"	"Site"	"Jejunum"	"SiteJejunum"	-0.0351980261437249	NA	NA	NA	NA	0.251280027123582	0.556825700711618	"Fitting error (NA p-value returned from fitting procedure)"	"abundance"	50	5
"Bacillota_unclassified_SGB43550"	"Genotype"	"MUT"	"GenotypeMUT"	NA	NA	NA	NA	NA	0.293264491620317	0.601568187939112	"No data points have the baseline factor level"	"abundance"	50	3
"Bacillota_unclassified_SGB43550"	"Sequencing_Depth"	"Sequencing_Depth"	"Sequencing_Depth"	NA	NA	NA	NA	NA	0.0782272601547803	0.337035837860786	"No data points have the baseline factor level"	"abundance"	50	3
"Bacillota_unclassified_SGB43550"	"Sex"	"M"	"SexM"	NA	NA	NA	NA	NA	0.73356120726464	0.901135163029695	"No data points have the baseline factor level"	"abundance"	50	3
"Bacillota_unclassified_SGB43550"	"Site"	"Jejunum"	"SiteJejunum"	NA	NA	NA	NA	NA	0.628160016806156	0.82788799579065	"No data points have the baseline factor level"	"abundance"	50	3
"bacterium_1xD42_67"	"Genotype"	"MUT"	"GenotypeMUT"	NA	NA	NA	NA	NA	0.573994770832587	0.794786359978132	"Fitting error (NA p-value returned from fitting procedure)"	"abundance"	50	4
"bacterium_1xD42_67"	"Sequencing_Depth"	"Sequencing_Depth"	"Sequencing_Depth"	-1.25223973174184	NA	NA	NA	NA	0.0190333940870841	0.176076785998652	"Fitting error (NA p-value returned from fitting procedure)"	"abundance"	50	4
"bacterium_1xD42_67"	"Sex"	"M"	"SexM"	-1.12868422239071	NA	NA	NA	NA	0.769024296585853	0.916869504126204	"Fitting error (NA p-value returned from fitting procedure)"	"abundance"	50	4
"bacterium_1xD42_67"	"Site"	"Jejunum"	"SiteJejunum"	0.55509449271013	NA	NA	NA	NA	0.531843348742812	0.768004835729692	"Fitting error (NA p-value returned from fitting procedure)"	"abundance"	50	4
"Bacteroides_caecimuris"	"Genotype"	"MUT"	"GenotypeMUT"	NA	NA	NA	NA	NA	0.126929274259992	0.416161554950795	"No data points have the baseline factor level"	"abundance"	50	4
"Bacteroides_caecimuris"	"Sequencing_Depth"	"Sequencing_Depth"	"Sequencing_Depth"	NA	NA	NA	NA	NA	0.3172359949422	0.624780965118699	"No data points have the baseline factor level"	"abundance"	50	4
"Bacteroides_caecimuris"	"Sex"	"M"	"SexM"	NA	NA	NA	NA	NA	0.256224402524172	0.56313055499818	"No data points have the baseline factor level"	"abundance"	50	4
"Bacteroides_caecimuris"	"Site"	"Jejunum"	"SiteJejunum"	NA	NA	NA	NA	NA	0.631805682233688	0.828597616044181	"No data points have the baseline factor level"	"abundance"	50	4
"Bacteroides_intestinalis"	"Genotype"	"MUT"	"GenotypeMUT"	NA	NA	NA	NA	NA	0.34942561680707	0.636841965920325	"No data points have the baseline factor level"	"abundance"	50	2
"Bacteroides_intestinalis"	"Sequencing_Depth"	"Sequencing_Depth"	"Sequencing_Depth"	NA	NA	NA	NA	NA	0.662382669885033	0.851939125254062	"No data points have the baseline factor level"	"abundance"	50	2
"Bacteroides_intestinalis"	"Sex"	"M"	"SexM"	NA	NA	NA	NA	NA	0.83911361398421	0.942080886515162	"No data points have the baseline factor level"	"abundance"	50	2
"Bacteroides_intestinalis"	"Site"	"Jejunum"	"SiteJejunum"	NA	NA	NA	NA	NA	0.831658357888847	0.942080886515162	"No data points have the baseline factor level"	"abundance"	50	2
"Blautia_pseudococcoides"	"Genotype"	"MUT"	"GenotypeMUT"	NA	NA	NA	NA	NA	0.048785620112555	0.265018691189921	"No data points have the baseline factor level"	"abundance"	50	6
"Blautia_pseudococcoides"	"Sequencing_Depth"	"Sequencing_Depth"	"Sequencing_Depth"	NA	NA	NA	NA	NA	0.543371305646683	0.776244722352405	"No data points have the baseline factor level"	"abundance"	50	6
"Blautia_pseudococcoides"	"Sex"	"M"	"SexM"	NA	NA	NA	NA	NA	0.590018013701938	0.800608945588933	"No data points have the baseline factor level"	"abundance"	50	6
"Blautia_pseudococcoides"	"Site"	"Jejunum"	"SiteJejunum"	NA	NA	NA	NA	NA	0.688480702383888	0.867377262845843	"No data points have the baseline factor level"	"abundance"	50	6
"Cutibacterium_acnes"	"Genotype"	"MUT"	"GenotypeMUT"	NA	NA	NA	NA	NA	0.334274120084747	0.634983363047822	"No data points have the baseline factor level"	"abundance"	50	2
"Cutibacterium_acnes"	"Sequencing_Depth"	"Sequencing_Depth"	"Sequencing_Depth"	NA	NA	NA	NA	NA	0.418207294588395	0.684617571658239	"No data points have the baseline factor level"	"abundance"	50	2
"Cutibacterium_acnes"	"Sex"	"M"	"SexM"	NA	NA	NA	NA	NA	0.486107025554152	0.743185309022383	"No data points have the baseline factor level"	"abundance"	50	2
"Cutibacterium_acnes"	"Site"	"Jejunum"	"SiteJejunum"	NA	NA	NA	NA	NA	0.314290870516766	0.623902472489857	"No data points have the baseline factor level"	"abundance"	50	2
"Enterococcus_gallinarum"	"Genotype"	"MUT"	"GenotypeMUT"	NA	NA	NA	NA	NA	0.193405722136977	0.485638200862592	"No data points have the baseline factor level"	"abundance"	50	3
"Enterococcus_gallinarum"	"Sequencing_Depth"	"Sequencing_Depth"	"Sequencing_Depth"	NA	NA	NA	NA	NA	0.862467249578449	0.956967822001053	"No data points have the baseline factor level"	"abundance"	50	3
"Enterococcus_gallinarum"	"Sex"	"M"	"SexM"	NA	NA	NA	NA	NA	0.699312129854261	0.875508143792502	"No data points have the baseline factor level"	"abundance"	50	3
"Enterococcus_gallinarum"	"Site"	"Jejunum"	"SiteJejunum"	NA	NA	NA	NA	NA	0.852527698246005	0.949891585789421	"No data points have the baseline factor level"	"abundance"	50	3
"Escherichia_coli"	"Genotype"	"MUT"	"GenotypeMUT"	NA	NA	NA	NA	NA	0.988020463560764	0.991660742855046	"Fitting error (NA p-value returned from fitting procedure)"	"abundance"	50	4
"Escherichia_coli"	"Sequencing_Depth"	"Sequencing_Depth"	"Sequencing_Depth"	-6.94625481630314	NA	NA	NA	NA	0.704865648422887	0.876971257757868	"Fitting error (NA p-value returned from fitting procedure)"	"abundance"	50	4
"Escherichia_coli"	"Sex"	"M"	"SexM"	0.0616907288726994	NA	NA	NA	NA	0.954032035902924	0.981232679311244	"Fitting error (NA p-value returned from fitting procedure)"	"abundance"	50	4
"Escherichia_coli"	"Site"	"Jejunum"	"SiteJejunum"	8.02020583754872	NA	NA	NA	NA	0.594867574992221	0.803838921802618	"Fitting error (NA p-value returned from fitting procedure)"	"abundance"	50	4
"Flintibacter_SGB43538"	"Genotype"	"MUT"	"GenotypeMUT"	NA	NA	NA	NA	NA	0.525616028210145	0.764532404669302	"contrasts can be applied only to factors with 2 or more levels"	"abundance"	50	4
"Flintibacter_SGB43538"	"Sequencing_Depth"	"Sequencing_Depth"	"Sequencing_Depth"	NA	NA	NA	NA	NA	0.0131110798920229	0.158922180509368	"contrasts can be applied only to factors with 2 or more levels"	"abundance"	50	4
"Flintibacter_SGB43538"	"Sex"	"M"	"SexM"	NA	NA	NA	NA	NA	0.580190358615079	0.797938396926477	"contrasts can be applied only to factors with 2 or more levels"	"abundance"	50	4
"Flintibacter_SGB43538"	"Site"	"Jejunum"	"SiteJejunum"	NA	NA	NA	NA	NA	0.390628783035075	0.671498470220405	"contrasts can be applied only to factors with 2 or more levels"	"abundance"	50	4
"GGB115370_SGB161393"	"Genotype"	"MUT"	"GenotypeMUT"	NA	NA	NA	NA	NA	0.200932237452555	0.494043774541664	"contrasts can be applied only to factors with 2 or more levels"	"abundance"	50	7
"GGB115370_SGB161393"	"Sequencing_Depth"	"Sequencing_Depth"	"Sequencing_Depth"	NA	NA	NA	NA	NA	0.00981787883427684	0.151276182377523	"contrasts can be applied only to factors with 2 or more levels"	"abundance"	50	7
"GGB115370_SGB161393"	"Sex"	"M"	"SexM"	NA	NA	NA	NA	NA	0.196183579397292	0.487412619620602	"contrasts can be applied only to factors with 2 or more levels"	"abundance"	50	7
"GGB115370_SGB161393"	"Site"	"Jejunum"	"SiteJejunum"	NA	NA	NA	NA	NA	0.808740654550331	0.941766997464422	"contrasts can be applied only to factors with 2 or more levels"	"abundance"	50	7
"GGB141797_SGB41693"	"Genotype"	"MUT"	"GenotypeMUT"	NA	NA	NA	NA	NA	0.260080495306437	0.566932959796047	"No data points have the baseline factor level"	"abundance"	50	3
"GGB141797_SGB41693"	"Sequencing_Depth"	"Sequencing_Depth"	"Sequencing_Depth"	NA	NA	NA	NA	NA	0.107793437820538	0.381918631481251	"No data points have the baseline factor level"	"abundance"	50	3
"GGB141797_SGB41693"	"Sex"	"M"	"SexM"	NA	NA	NA	NA	NA	0.450395930436635	0.723527599094996	"No data points have the baseline factor level"	"abundance"	50	3
"GGB141797_SGB41693"	"Site"	"Jejunum"	"SiteJejunum"	NA	NA	NA	NA	NA	0.505630172039829	0.743573782411514	"No data points have the baseline factor level"	"abundance"	50	3
"GGB143828_SGB43507"	"Genotype"	"MUT"	"GenotypeMUT"	NA	NA	NA	NA	NA	0.46362277022901	0.737372199171388	"contrasts can be applied only to factors with 2 or more levels"	"abundance"	50	5
"GGB143828_SGB43507"	"Sequencing_Depth"	"Sequencing_Depth"	"Sequencing_Depth"	NA	NA	NA	NA	NA	0.167570386285507	0.464371550036205	"contrasts can be applied only to factors with 2 or more levels"	"abundance"	50	5
"GGB143828_SGB43507"	"Sex"	"M"	"SexM"	NA	NA	NA	NA	NA	0.164274861902293	0.462746089865613	"contrasts can be applied only to factors with 2 or more levels"	"abundance"	50	5
"GGB143828_SGB43507"	"Site"	"Jejunum"	"SiteJejunum"	NA	NA	NA	NA	NA	0.83788554137517	0.942080886515162	"contrasts can be applied only to factors with 2 or more levels"	"abundance"	50	5
"GGB1690_SGB40190"	"Genotype"	"MUT"	"GenotypeMUT"	NA	NA	NA	NA	NA	0.941187686722259	0.977792639155679	"contrasts can be applied only to factors with 2 or more levels"	"abundance"	50	3
"GGB1690_SGB40190"	"Sequencing_Depth"	"Sequencing_Depth"	"Sequencing_Depth"	NA	NA	NA	NA	NA	0.0616417111911031	0.300691274102942	"contrasts can be applied only to factors with 2 or more levels"	"abundance"	50	3
"GGB1690_SGB40190"	"Sex"	"M"	"SexM"	NA	NA	NA	NA	NA	0.572287766063019	0.794786359978132	"contrasts can be applied only to factors with 2 or more levels"	"abundance"	50	3
"GGB1690_SGB40190"	"Site"	"Jejunum"	"SiteJejunum"	NA	NA	NA	NA	NA	0.613792073757643	0.814839357016286	"contrasts can be applied only to factors with 2 or more levels"	"abundance"	50	3
"GGB22635_SGB33556"	"Genotype"	"MUT"	"GenotypeMUT"	NA	NA	NA	NA	NA	0.262253342724247	0.568272860248757	"Fitting error (NA p-value returned from fitting procedure)"	"abundance"	50	10
"GGB27770_SGB40184"	"Genotype"	"MUT"	"GenotypeMUT"	NA	NA	NA	NA	NA	0.898138331895233	0.958841908406484	"contrasts can be applied only to factors with 2 or more levels"	"abundance"	50	2
"GGB27770_SGB40184"	"Sequencing_Depth"	"Sequencing_Depth"	"Sequencing_Depth"	NA	NA	NA	NA	NA	0.273434243504952	0.580231816456132	"contrasts can be applied only to factors with 2 or more levels"	"abundance"	50	2
"GGB27770_SGB40184"	"Sex"	"M"	"SexM"	NA	NA	NA	NA	NA	0.734425157869202	0.901135163029695	"contrasts can be applied only to factors with 2 or more levels"	"abundance"	50	2
"GGB27770_SGB40184"	"Site"	"Jejunum"	"SiteJejunum"	NA	NA	NA	NA	NA	0.411363024369	0.682760206421577	"contrasts can be applied only to factors with 2 or more levels"	"abundance"	50	2
"GGB27873_SGB41457"	"Genotype"	"MUT"	"GenotypeMUT"	NA	NA	NA	NA	NA	0.956242753907762	0.981232679311244	"No data points have the baseline factor level"	"abundance"	50	2
"GGB27873_SGB41457"	"Sequencing_Depth"	"Sequencing_Depth"	"Sequencing_Depth"	NA	NA	NA	NA	NA	0.952990907796647	0.981232679311244	"No data points have the baseline factor level"	"abundance"	50	2
"GGB27873_SGB41457"	"Sex"	"M"	"SexM"	NA	NA	NA	NA	NA	0.352054176283489	0.636841965920325	"No data points have the baseline factor level"	"abundance"	50	2
"GGB27873_SGB41457"	"Site"	"Jejunum"	"SiteJejunum"	NA	NA	NA	NA	NA	0.239765173297305	0.548034681822411	"No data points have the baseline factor level"	"abundance"	50	2
"GGB27894_SGB40329"	"Genotype"	"MUT"	"GenotypeMUT"	NA	NA	NA	NA	NA	0.115556271342354	0.39675972993083	"No data points have the baseline factor level"	"abundance"	50	4
"GGB27894_SGB40329"	"Sequencing_Depth"	"Sequencing_Depth"	"Sequencing_Depth"	NA	NA	NA	NA	NA	0.893954128332659	0.958841908406484	"No data points have the baseline factor level"	"abundance"	50	4
"GGB27894_SGB40329"	"Sex"	"M"	"SexM"	NA	NA	NA	NA	NA	0.140837001968656	0.428051479740993	"No data points have the baseline factor level"	"abundance"	50	4
"GGB27894_SGB40329"	"Site"	"Jejunum"	"SiteJejunum"	NA	NA	NA	NA	NA	0.772739910701825	0.917396986066842	"No data points have the baseline factor level"	"abundance"	50	4
"GGB28380_SGB40960"	"Genotype"	"MUT"	"GenotypeMUT"	NA	NA	NA	NA	NA	0.640868680786112	0.835008053141514	"contrasts can be applied only to factors with 2 or more levels"	"abundance"	50	4
"GGB28380_SGB40960"	"Sequencing_Depth"	"Sequencing_Depth"	"Sequencing_Depth"	NA	NA	NA	NA	NA	0.0993773934748747	0.374761909257124	"contrasts can be applied only to factors with 2 or more levels"	"abundance"	50	4
"GGB28380_SGB40960"	"Sex"	"M"	"SexM"	NA	NA	NA	NA	NA	0.354766352441715	0.636841965920325	"contrasts can be applied only to factors with 2 or more levels"	"abundance"	50	4
"GGB28380_SGB40960"	"Site"	"Jejunum"	"SiteJejunum"	NA	NA	NA	NA	NA	0.990421166926478	0.991660742855046	"contrasts can be applied only to factors with 2 or more levels"	"abundance"	50	4
"GGB28394_SGB40975"	"Genotype"	"MUT"	"GenotypeMUT"	NA	NA	NA	NA	NA	0.347296564815859	0.636841965920325	"No data points have the baseline factor level"	"abundance"	50	2
"GGB28394_SGB40975"	"Sequencing_Depth"	"Sequencing_Depth"	"Sequencing_Depth"	NA	NA	NA	NA	NA	0.410201579688606	0.682247949586039	"No data points have the baseline factor level"	"abundance"	50	2
"GGB28394_SGB40975"	"Sex"	"M"	"SexM"	NA	NA	NA	NA	NA	0.252659661697897	0.556825700711618	"No data points have the baseline factor level"	"abundance"	50	2
"GGB28394_SGB40975"	"Site"	"Jejunum"	"SiteJejunum"	NA	NA	NA	NA	NA	0.468111469255948	0.738637426833843	"No data points have the baseline factor level"	"abundance"	50	2
"GGB28419_SGB41002"	"Genotype"	"MUT"	"GenotypeMUT"	NA	NA	NA	NA	NA	0.347296564815859	0.636841965920325	"No data points have the baseline factor level"	"abundance"	50	2
"GGB28419_SGB41002"	"Sequencing_Depth"	"Sequencing_Depth"	"Sequencing_Depth"	NA	NA	NA	NA	NA	0.410201579688606	0.682247949586039	"No data points have the baseline factor level"	"abundance"	50	2
"GGB28419_SGB41002"	"Sex"	"M"	"SexM"	NA	NA	NA	NA	NA	0.252659661697897	0.556825700711618	"No data points have the baseline factor level"	"abundance"	50	2
"GGB28419_SGB41002"	"Site"	"Jejunum"	"SiteJejunum"	NA	NA	NA	NA	NA	0.468111469255948	0.738637426833843	"No data points have the baseline factor level"	"abundance"	50	2
"GGB28421_SGB41004"	"Genotype"	"MUT"	"GenotypeMUT"	NA	NA	NA	NA	NA	0.347296564815859	0.636841965920325	"No data points have the baseline factor level"	"abundance"	50	2
"GGB28421_SGB41004"	"Sequencing_Depth"	"Sequencing_Depth"	"Sequencing_Depth"	NA	NA	NA	NA	NA	0.410201579688606	0.682247949586039	"No data points have the baseline factor level"	"abundance"	50	2
"GGB28421_SGB41004"	"Sex"	"M"	"SexM"	NA	NA	NA	NA	NA	0.252659661697897	0.556825700711618	"No data points have the baseline factor level"	"abundance"	50	2
"GGB28421_SGB41004"	"Site"	"Jejunum"	"SiteJejunum"	NA	NA	NA	NA	NA	0.468111469255948	0.738637426833843	"No data points have the baseline factor level"	"abundance"	50	2
"GGB28439_SGB41022"	"Genotype"	"MUT"	"GenotypeMUT"	-0.206131365843755	NA	NA	NA	NA	0.572970560278657	0.794786359978132	"Fitting error (NA p-value returned from fitting procedure)"	"abundance"	50	4
"GGB28439_SGB41022"	"Sequencing_Depth"	"Sequencing_Depth"	"Sequencing_Depth"	-1.24332759013057	NA	NA	NA	NA	0.065087392218724	0.30450241973672	"Fitting error (NA p-value returned from fitting procedure)"	"abundance"	50	4
"GGB28439_SGB41022"	"Sex"	"M"	"SexM"	NA	NA	NA	NA	NA	0.142258974359842	0.428051479740993	"Fitting error (NA p-value returned from fitting procedure)"	"abundance"	50	4
"GGB28439_SGB41022"	"Site"	"Jejunum"	"SiteJejunum"	1.39508504332366	NA	NA	NA	NA	0.668534510576247	0.855724173537596	"Fitting error (NA p-value returned from fitting procedure)"	"abundance"	50	4
"GGB28456_SGB41039"	"Genotype"	"MUT"	"GenotypeMUT"	NA	NA	NA	NA	NA	0.186687066278995	0.48537050579445	"No data points have the baseline factor level"	"abundance"	50	3
"GGB28456_SGB41039"	"Sequencing_Depth"	"Sequencing_Depth"	"Sequencing_Depth"	NA	NA	NA	NA	NA	0.467268012902454	0.738637426833843	"No data points have the baseline factor level"	"abundance"	50	3
"GGB28456_SGB41039"	"Sex"	"M"	"SexM"	NA	NA	NA	NA	NA	0.158859605590484	0.453284486768616	"No data points have the baseline factor level"	"abundance"	50	3
"GGB28456_SGB41039"	"Site"	"Jejunum"	"SiteJejunum"	NA	NA	NA	NA	NA	0.325929770269598	0.633411367429283	"No data points have the baseline factor level"	"abundance"	50	3
"GGB28765_SGB41414"	"Genotype"	"MUT"	"GenotypeMUT"	NA	NA	NA	NA	NA	0.0997803583397093	0.374761909257124	"No data points have the baseline factor level"	"abundance"	50	4
"GGB28765_SGB41414"	"Sequencing_Depth"	"Sequencing_Depth"	"Sequencing_Depth"	NA	NA	NA	NA	NA	0.775200453226482	0.917396986066842	"No data points have the baseline factor level"	"abundance"	50	4
"GGB28765_SGB41414"	"Sex"	"M"	"SexM"	NA	NA	NA	NA	NA	0.109272878708386	0.38341360950311	"No data points have the baseline factor level"	"abundance"	50	4
"GGB28765_SGB41414"	"Site"	"Jejunum"	"SiteJejunum"	NA	NA	NA	NA	NA	0.66814080940707	0.855724173537596	"No data points have the baseline factor level"	"abundance"	50	4
"GGB28772_SGB41425"	"Genotype"	"MUT"	"GenotypeMUT"	NA	NA	NA	NA	NA	0.939486444457248	0.977792639155679	"Fitting error (NA p-value returned from fitting procedure)"	"abundance"	50	2
"GGB28772_SGB41425"	"Sequencing_Depth"	"Sequencing_Depth"	"Sequencing_Depth"	-1.38720886800738	NA	NA	NA	NA	0.590449097371838	0.800608945588933	"Fitting error (NA p-value returned from fitting procedure)"	"abundance"	50	2
"GGB28772_SGB41425"	"Sex"	"M"	"SexM"	NA	NA	NA	NA	NA	0.840807191214782	0.942080886515162	"Fitting error (NA p-value returned from fitting procedure)"	"abundance"	50	2
"GGB28772_SGB41425"	"Site"	"Jejunum"	"SiteJejunum"	NA	NA	NA	NA	NA	0.831643449636	0.942080886515162	"Fitting error (NA p-value returned from fitting procedure)"	"abundance"	50	2
"GGB28793_SGB41446"	"Genotype"	"MUT"	"GenotypeMUT"	NA	NA	NA	NA	NA	0.351483865950859	0.636841965920325	"No data points have the baseline factor level"	"abundance"	50	3
"GGB28793_SGB41446"	"Sequencing_Depth"	"Sequencing_Depth"	"Sequencing_Depth"	NA	NA	NA	NA	NA	0.116623880322271	0.397017464926879	"No data points have the baseline factor level"	"abundance"	50	3
"GGB28793_SGB41446"	"Sex"	"M"	"SexM"	NA	NA	NA	NA	NA	0.601336428237512	0.804463449147174	"No data points have the baseline factor level"	"abundance"	50	3
"GGB28793_SGB41446"	"Site"	"Jejunum"	"SiteJejunum"	NA	NA	NA	NA	NA	0.708938990319694	0.87930417403993	"No data points have the baseline factor level"	"abundance"	50	3
"GGB28796_SGB41449"	"Genotype"	"MUT"	"GenotypeMUT"	NA	NA	NA	NA	NA	0.962124497925948	0.983013535556524	"No data points have the baseline factor level"	"abundance"	50	2
"GGB28796_SGB41449"	"Sequencing_Depth"	"Sequencing_Depth"	"Sequencing_Depth"	NA	NA	NA	NA	NA	0.679538209113321	0.860174948244711	"No data points have the baseline factor level"	"abundance"	50	2
"GGB28796_SGB41449"	"Sex"	"M"	"SexM"	NA	NA	NA	NA	NA	0.826275117776493	0.942080886515162	"No data points have the baseline factor level"	"abundance"	50	2
"GGB28796_SGB41449"	"Site"	"Jejunum"	"SiteJejunum"	NA	NA	NA	NA	NA	0.229261068733252	0.534719693838488	"No data points have the baseline factor level"	"abundance"	50	2
"GGB28814_SGB41469"	"Genotype"	"MUT"	"GenotypeMUT"	NA	NA	NA	NA	NA	0.492356152568222	0.743185309022383	"No data points have the baseline factor level"	"abundance"	50	2
"GGB28814_SGB41469"	"Sequencing_Depth"	"Sequencing_Depth"	"Sequencing_Depth"	NA	NA	NA	NA	NA	0.159216175977477	0.453284486768616	"No data points have the baseline factor level"	"abundance"	50	2
"GGB28814_SGB41469"	"Sex"	"M"	"SexM"	NA	NA	NA	NA	NA	0.742965314576485	0.90605526167864	"No data points have the baseline factor level"	"abundance"	50	2
"GGB28814_SGB41469"	"Site"	"Jejunum"	"SiteJejunum"	NA	NA	NA	NA	NA	0.912248309843246	0.962678650544246	"No data points have the baseline factor level"	"abundance"	50	2
"GGB28845_SGB41512"	"Genotype"	"MUT"	"GenotypeMUT"	NA	NA	NA	NA	NA	0.264320845081197	0.569964086428456	"contrasts can be applied only to factors with 2 or more levels"	"abundance"	50	2
"GGB28845_SGB41512"	"Sequencing_Depth"	"Sequencing_Depth"	"Sequencing_Depth"	NA	NA	NA	NA	NA	0.480072771627908	0.743185309022383	"contrasts can be applied only to factors with 2 or more levels"	"abundance"	50	2
"GGB28845_SGB41512"	"Sex"	"M"	"SexM"	NA	NA	NA	NA	NA	0.458925397318988	0.731355214850977	"contrasts can be applied only to factors with 2 or more levels"	"abundance"	50	2
"GGB28845_SGB41512"	"Site"	"Jejunum"	"SiteJejunum"	NA	NA	NA	NA	NA	0.829910932216014	0.942080886515162	"contrasts can be applied only to factors with 2 or more levels"	"abundance"	50	2
"GGB28865_SGB41537"	"Genotype"	"MUT"	"GenotypeMUT"	NA	NA	NA	NA	NA	0.500770135253338	0.743185309022383	"No data points have the baseline factor level"	"abundance"	50	2
"GGB28865_SGB41537"	"Sequencing_Depth"	"Sequencing_Depth"	"Sequencing_Depth"	NA	NA	NA	NA	NA	0.145002438762261	0.428051479740993	"No data points have the baseline factor level"	"abundance"	50	2
"GGB28865_SGB41537"	"Sex"	"M"	"SexM"	NA	NA	NA	NA	NA	0.764911703268378	0.914962689136128	"No data points have the baseline factor level"	"abundance"	50	2
"GGB28865_SGB41537"	"Site"	"Jejunum"	"SiteJejunum"	NA	NA	NA	NA	NA	0.904907051058619	0.958841908406484	"No data points have the baseline factor level"	"abundance"	50	2
"GGB28869_SGB41543"	"Genotype"	"MUT"	"GenotypeMUT"	NA	NA	NA	NA	NA	0.285156822721221	0.589471468157562	"No data points have the baseline factor level"	"abundance"	50	3
"GGB28869_SGB41543"	"Sequencing_Depth"	"Sequencing_Depth"	"Sequencing_Depth"	NA	NA	NA	NA	NA	0.0939602349002693	0.369249121550729	"No data points have the baseline factor level"	"abundance"	50	3
"GGB28869_SGB41543"	"Sex"	"M"	"SexM"	NA	NA	NA	NA	NA	0.774403207357962	0.917396986066842	"No data points have the baseline factor level"	"abundance"	50	3
"GGB28869_SGB41543"	"Site"	"Jejunum"	"SiteJejunum"	NA	NA	NA	NA	NA	0.639458126230902	0.835008053141514	"No data points have the baseline factor level"	"abundance"	50	3
"GGB28870_SGB41545"	"Genotype"	"MUT"	"GenotypeMUT"	NA	NA	NA	NA	NA	0.36306433479947	0.64368892943422	"No data points have the baseline factor level"	"abundance"	50	3
"GGB28870_SGB41545"	"Sequencing_Depth"	"Sequencing_Depth"	"Sequencing_Depth"	NA	NA	NA	NA	NA	0.107395264623995	0.381918631481251	"No data points have the baseline factor level"	"abundance"	50	3
"GGB28870_SGB41545"	"Sex"	"M"	"SexM"	NA	NA	NA	NA	NA	0.632886238780458	0.828656286455592	"No data points have the baseline factor level"	"abundance"	50	3
"GGB28870_SGB41545"	"Site"	"Jejunum"	"SiteJejunum"	NA	NA	NA	NA	NA	0.561106745304884	0.794786359978132	"No data points have the baseline factor level"	"abundance"	50	3
"GGB28870_SGB41546"	"Genotype"	"MUT"	"GenotypeMUT"	NA	NA	NA	NA	NA	0.0884370420302211	0.357719824297825	"No data points have the baseline factor level"	"abundance"	50	5
"GGB28870_SGB41546"	"Sequencing_Depth"	"Sequencing_Depth"	"Sequencing_Depth"	NA	NA	NA	NA	NA	0.0564675959821682	0.28957741529317	"No data points have the baseline factor level"	"abundance"	50	5
"GGB28870_SGB41546"	"Sex"	"M"	"SexM"	NA	NA	NA	NA	NA	0.267244778123506	0.574270900749265	"No data points have the baseline factor level"	"abundance"	50	5
"GGB28870_SGB41546"	"Site"	"Jejunum"	"SiteJejunum"	NA	NA	NA	NA	NA	0.308656573158587	0.617536668230092	"No data points have the baseline factor level"	"abundance"	50	5
"GGB28879_SGB43526"	"Genotype"	"MUT"	"GenotypeMUT"	NA	NA	NA	NA	NA	0.939486444457248	0.977792639155679	"Fitting error (NA p-value returned from fitting procedure)"	"abundance"	50	2
"GGB28879_SGB43526"	"Sequencing_Depth"	"Sequencing_Depth"	"Sequencing_Depth"	-1.33637002464455	NA	NA	NA	NA	0.590449097371838	0.800608945588933	"Fitting error (NA p-value returned from fitting procedure)"	"abundance"	50	2
"GGB28879_SGB43526"	"Sex"	"M"	"SexM"	NA	NA	NA	NA	NA	0.840807191214782	0.942080886515162	"Fitting error (NA p-value returned from fitting procedure)"	"abundance"	50	2
"GGB28879_SGB43526"	"Site"	"Jejunum"	"SiteJejunum"	NA	NA	NA	NA	NA	0.831643449636	0.942080886515162	"Fitting error (NA p-value returned from fitting procedure)"	"abundance"	50	2
"GGB28901_SGB41592"	"Genotype"	"MUT"	"GenotypeMUT"	NA	NA	NA	NA	NA	0.838122116210212	0.942080886515162	"Fitting error (NA p-value returned from fitting procedure)"	"abundance"	50	5
"GGB28925_SGB41622"	"Genotype"	"MUT"	"GenotypeMUT"	NA	NA	NA	NA	NA	0.0684623860237383	0.311192663744265	"contrasts can be applied only to factors with 2 or more levels"	"abundance"	50	4
"GGB28925_SGB41622"	"Sequencing_Depth"	"Sequencing_Depth"	"Sequencing_Depth"	NA	NA	NA	NA	NA	0.059998715656821	0.295251870302402	"contrasts can be applied only to factors with 2 or more levels"	"abundance"	50	4
"GGB28925_SGB41622"	"Sex"	"M"	"SexM"	NA	NA	NA	NA	NA	0.152320523080661	0.443748086397983	"contrasts can be applied only to factors with 2 or more levels"	"abundance"	50	4
"GGB28925_SGB41622"	"Site"	"Jejunum"	"SiteJejunum"	NA	NA	NA	NA	NA	0.338324811447903	0.636841965920325	"contrasts can be applied only to factors with 2 or more levels"	"abundance"	50	4
"GGB28927_SGB41625"	"Genotype"	"MUT"	"GenotypeMUT"	NA	NA	NA	NA	NA	0.223392809840666	0.524088703438512	"No data points have the baseline factor level"	"abundance"	50	3
"GGB28927_SGB41625"	"Sequencing_Depth"	"Sequencing_Depth"	"Sequencing_Depth"	NA	NA	NA	NA	NA	0.212710428535953	0.507806312556181	"No data points have the baseline factor level"	"abundance"	50	3
"GGB28927_SGB41625"	"Sex"	"M"	"SexM"	NA	NA	NA	NA	NA	0.111729128918089	0.388623057106397	"No data points have the baseline factor level"	"abundance"	50	3
"GGB28927_SGB41625"	"Site"	"Jejunum"	"SiteJejunum"	NA	NA	NA	NA	NA	0.959849016580087	0.981942727959168	"No data points have the baseline factor level"	"abundance"	50	3
"GGB28928_SGB41627"	"Genotype"	"MUT"	"GenotypeMUT"	NA	NA	NA	NA	NA	0.500770135253338	0.743185309022383	"No data points have the baseline factor level"	"abundance"	50	2
"GGB28928_SGB41627"	"Sequencing_Depth"	"Sequencing_Depth"	"Sequencing_Depth"	NA	NA	NA	NA	NA	0.145002438762261	0.428051479740993	"No data points have the baseline factor level"	"abundance"	50	2
"GGB28928_SGB41627"	"Sex"	"M"	"SexM"	NA	NA	NA	NA	NA	0.764911703268378	0.914962689136128	"No data points have the baseline factor level"	"abundance"	50	2
"GGB28928_SGB41627"	"Site"	"Jejunum"	"SiteJejunum"	NA	NA	NA	NA	NA	0.904907051058619	0.958841908406484	"No data points have the baseline factor level"	"abundance"	50	2
"GGB28934_SGB41635"	"Genotype"	"MUT"	"GenotypeMUT"	NA	NA	NA	NA	NA	0.416719598331853	0.684617571658239	"No data points have the baseline factor level"	"abundance"	50	3
"GGB28934_SGB41635"	"Sequencing_Depth"	"Sequencing_Depth"	"Sequencing_Depth"	NA	NA	NA	NA	NA	0.0563325460042683	0.28957741529317	"No data points have the baseline factor level"	"abundance"	50	3
"GGB28934_SGB41635"	"Sex"	"M"	"SexM"	NA	NA	NA	NA	NA	0.771603213280385	0.917396986066842	"No data points have the baseline factor level"	"abundance"	50	3
"GGB28934_SGB41635"	"Site"	"Jejunum"	"SiteJejunum"	NA	NA	NA	NA	NA	0.751177673794478	0.913285925585991	"No data points have the baseline factor level"	"abundance"	50	3
"GGB28942_SGB41646"	"Genotype"	"MUT"	"GenotypeMUT"	NA	NA	NA	NA	NA	0.500770135253338	0.743185309022383	"No data points have the baseline factor level"	"abundance"	50	2
"GGB28942_SGB41646"	"Sequencing_Depth"	"Sequencing_Depth"	"Sequencing_Depth"	NA	NA	NA	NA	NA	0.145002438762261	0.428051479740993	"No data points have the baseline factor level"	"abundance"	50	2
"GGB28942_SGB41646"	"Sex"	"M"	"SexM"	NA	NA	NA	NA	NA	0.764911703268378	0.914962689136128	"No data points have the baseline factor level"	"abundance"	50	2
"GGB28942_SGB41646"	"Site"	"Jejunum"	"SiteJejunum"	NA	NA	NA	NA	NA	0.904907051058619	0.958841908406484	"No data points have the baseline factor level"	"abundance"	50	2
"GGB28946_SGB41652"	"Genotype"	"MUT"	"GenotypeMUT"	NA	NA	NA	NA	NA	0.334953724007726	0.634983363047822	"contrasts can be applied only to factors with 2 or more levels"	"abundance"	50	5
"GGB28946_SGB41652"	"Sequencing_Depth"	"Sequencing_Depth"	"Sequencing_Depth"	NA	NA	NA	NA	NA	0.0404434727864843	0.236166264446624	"contrasts can be applied only to factors with 2 or more levels"	"abundance"	50	5
"GGB28946_SGB41652"	"Sex"	"M"	"SexM"	NA	NA	NA	NA	NA	0.272518604125238	0.579826817287741	"contrasts can be applied only to factors with 2 or more levels"	"abundance"	50	5
"GGB28946_SGB41652"	"Site"	"Jejunum"	"SiteJejunum"	NA	NA	NA	NA	NA	0.819455436233226	0.941766997464422	"contrasts can be applied only to factors with 2 or more levels"	"abundance"	50	5
"GGB28948_SGB41654"	"Genotype"	"MUT"	"GenotypeMUT"	NA	NA	NA	NA	NA	0.500770135253338	0.743185309022383	"No data points have the baseline factor level"	"abundance"	50	2
"GGB28948_SGB41654"	"Sequencing_Depth"	"Sequencing_Depth"	"Sequencing_Depth"	NA	NA	NA	NA	NA	0.145002438762261	0.428051479740993	"No data points have the baseline factor level"	"abundance"	50	2
"GGB28948_SGB41654"	"Sex"	"M"	"SexM"	NA	NA	NA	NA	NA	0.764911703268378	0.914962689136128	"No data points have the baseline factor level"	"abundance"	50	2
"GGB28948_SGB41654"	"Site"	"Jejunum"	"SiteJejunum"	NA	NA	NA	NA	NA	0.904907051058619	0.958841908406484	"No data points have the baseline factor level"	"abundance"	50	2
"GGB28949_SGB41656"	"Genotype"	"MUT"	"GenotypeMUT"	NA	NA	NA	NA	NA	0.154431748744233	0.447628257229661	"Fitting error (NA p-value returned from fitting procedure)"	"abundance"	50	6
"GGB28956_SGB41665"	"Genotype"	"MUT"	"GenotypeMUT"	NA	NA	NA	NA	NA	0.12261802709385	0.408793851333901	"No data points have the baseline factor level"	"abundance"	50	5
"GGB28956_SGB41665"	"Sequencing_Depth"	"Sequencing_Depth"	"Sequencing_Depth"	NA	NA	NA	NA	NA	0.0364713977465468	0.23066580816569	"No data points have the baseline factor level"	"abundance"	50	5
"GGB28956_SGB41665"	"Sex"	"M"	"SexM"	NA	NA	NA	NA	NA	0.172978402388486	0.464371550036205	"No data points have the baseline factor level"	"abundance"	50	5
"GGB28956_SGB41665"	"Site"	"Jejunum"	"SiteJejunum"	NA	NA	NA	NA	NA	0.893612101185221	0.958841908406484	"No data points have the baseline factor level"	"abundance"	50	5
"GGB28957_SGB41666"	"Genotype"	"MUT"	"GenotypeMUT"	NA	NA	NA	NA	NA	0.500770135253338	0.743185309022383	"No data points have the baseline factor level"	"abundance"	50	2
"GGB28957_SGB41666"	"Sequencing_Depth"	"Sequencing_Depth"	"Sequencing_Depth"	NA	NA	NA	NA	NA	0.145002438762261	0.428051479740993	"No data points have the baseline factor level"	"abundance"	50	2
"GGB28957_SGB41666"	"Sex"	"M"	"SexM"	NA	NA	NA	NA	NA	0.764911703268378	0.914962689136128	"No data points have the baseline factor level"	"abundance"	50	2
"GGB28957_SGB41666"	"Site"	"Jejunum"	"SiteJejunum"	NA	NA	NA	NA	NA	0.904907051058619	0.958841908406484	"No data points have the baseline factor level"	"abundance"	50	2
"GGB28961_SGB41670"	"Genotype"	"MUT"	"GenotypeMUT"	NA	NA	NA	NA	NA	0.500770135253338	0.743185309022383	"No data points have the baseline factor level"	"abundance"	50	2
"GGB28961_SGB41670"	"Sequencing_Depth"	"Sequencing_Depth"	"Sequencing_Depth"	NA	NA	NA	NA	NA	0.145002438762261	0.428051479740993	"No data points have the baseline factor level"	"abundance"	50	2
"GGB28961_SGB41670"	"Sex"	"M"	"SexM"	NA	NA	NA	NA	NA	0.764911703268378	0.914962689136128	"No data points have the baseline factor level"	"abundance"	50	2
"GGB28961_SGB41670"	"Site"	"Jejunum"	"SiteJejunum"	NA	NA	NA	NA	NA	0.904907051058619	0.958841908406484	"No data points have the baseline factor level"	"abundance"	50	2
"GGB28988_SGB41701"	"Genotype"	"MUT"	"GenotypeMUT"	NA	NA	NA	NA	NA	0.939486444457248	0.977792639155679	"Fitting error (NA p-value returned from fitting procedure)"	"abundance"	50	2
"GGB28988_SGB41701"	"Sequencing_Depth"	"Sequencing_Depth"	"Sequencing_Depth"	1.62885702492209	NA	NA	NA	NA	0.590449097371838	0.800608945588933	"Fitting error (NA p-value returned from fitting procedure)"	"abundance"	50	2
"GGB28988_SGB41701"	"Sex"	"M"	"SexM"	NA	NA	NA	NA	NA	0.840807191214782	0.942080886515162	"Fitting error (NA p-value returned from fitting procedure)"	"abundance"	50	2
"GGB28988_SGB41701"	"Site"	"Jejunum"	"SiteJejunum"	NA	NA	NA	NA	NA	0.831643449636	0.942080886515162	"Fitting error (NA p-value returned from fitting procedure)"	"abundance"	50	2
"GGB28990_SGB41704"	"Genotype"	"MUT"	"GenotypeMUT"	NA	NA	NA	NA	NA	0.182668625958051	0.480706910415923	"No data points have the baseline factor level"	"abundance"	50	4
"GGB28990_SGB41704"	"Sequencing_Depth"	"Sequencing_Depth"	"Sequencing_Depth"	NA	NA	NA	NA	NA	0.0862850337942816	0.352183811405231	"No data points have the baseline factor level"	"abundance"	50	4
"GGB28990_SGB41704"	"Sex"	"M"	"SexM"	NA	NA	NA	NA	NA	0.351507460399378	0.636841965920325	"No data points have the baseline factor level"	"abundance"	50	4
"GGB28990_SGB41704"	"Site"	"Jejunum"	"SiteJejunum"	NA	NA	NA	NA	NA	0.865600464674581	0.958841908406484	"No data points have the baseline factor level"	"abundance"	50	4
"GGB29003_SGB41719"	"Genotype"	"MUT"	"GenotypeMUT"	NA	NA	NA	NA	NA	0.554896520448636	0.789888285336137	"No data points have the baseline factor level"	"abundance"	50	2
"GGB29003_SGB41719"	"Sequencing_Depth"	"Sequencing_Depth"	"Sequencing_Depth"	NA	NA	NA	NA	NA	0.281557719567959	0.588110119202003	"No data points have the baseline factor level"	"abundance"	50	2
"GGB29003_SGB41719"	"Sex"	"M"	"SexM"	NA	NA	NA	NA	NA	0.783316118452694	0.921548374650228	"No data points have the baseline factor level"	"abundance"	50	2
"GGB29003_SGB41719"	"Site"	"Jejunum"	"SiteJejunum"	NA	NA	NA	NA	NA	0.306319629757714	0.617268775330406	"No data points have the baseline factor level"	"abundance"	50	2
"GGB30147_SGB43074"	"Genotype"	"MUT"	"GenotypeMUT"	NA	NA	NA	NA	NA	0.500770135253338	0.743185309022383	"No data points have the baseline factor level"	"abundance"	50	2
"GGB30147_SGB43074"	"Sequencing_Depth"	"Sequencing_Depth"	"Sequencing_Depth"	NA	NA	NA	NA	NA	0.145002438762261	0.428051479740993	"No data points have the baseline factor level"	"abundance"	50	2
"GGB30147_SGB43074"	"Sex"	"M"	"SexM"	NA	NA	NA	NA	NA	0.764911703268378	0.914962689136128	"No data points have the baseline factor level"	"abundance"	50	2
"GGB30147_SGB43074"	"Site"	"Jejunum"	"SiteJejunum"	NA	NA	NA	NA	NA	0.904907051058619	0.958841908406484	"No data points have the baseline factor level"	"abundance"	50	2
"GGB30296_SGB43260"	"Genotype"	"MUT"	"GenotypeMUT"	NA	NA	NA	NA	NA	0.441941511462826	0.717146468905194	"contrasts can be applied only to factors with 2 or more levels"	"abundance"	50	5
"GGB30296_SGB43260"	"Sequencing_Depth"	"Sequencing_Depth"	"Sequencing_Depth"	NA	NA	NA	NA	NA	0.0187157959974162	0.176076785998652	"contrasts can be applied only to factors with 2 or more levels"	"abundance"	50	5
"GGB30296_SGB43260"	"Sex"	"M"	"SexM"	NA	NA	NA	NA	NA	0.31758413134456	0.624780965118699	"contrasts can be applied only to factors with 2 or more levels"	"abundance"	50	5
"GGB30296_SGB43260"	"Site"	"Jejunum"	"SiteJejunum"	NA	NA	NA	NA	NA	0.568947269502601	0.794786359978132	"contrasts can be applied only to factors with 2 or more levels"	"abundance"	50	5
"GGB30298_SGB43262"	"Genotype"	"MUT"	"GenotypeMUT"	NA	NA	NA	NA	NA	0.407060238355357	0.682247949586039	"contrasts can be applied only to factors with 2 or more levels"	"abundance"	50	11
"GGB30298_SGB43262"	"Sequencing_Depth"	"Sequencing_Depth"	"Sequencing_Depth"	NA	NA	NA	NA	NA	0.0645461353679865	0.30450241973672	"contrasts can be applied only to factors with 2 or more levels"	"abundance"	50	11
"GGB30298_SGB43262"	"Sex"	"M"	"SexM"	NA	NA	NA	NA	NA	0.0158061202643891	0.159694196754717	"contrasts can be applied only to factors with 2 or more levels"	"abundance"	50	11
"GGB30298_SGB43262"	"Site"	"Jejunum"	"SiteJejunum"	NA	NA	NA	NA	NA	0.97909818078478	0.988988061398768	"contrasts can be applied only to factors with 2 or more levels"	"abundance"	50	11
"GGB30414_SGB43453"	"Genotype"	"MUT"	"GenotypeMUT"	NA	NA	NA	NA	NA	0.455718295373006	0.730610493583977	"No data points have the baseline factor level"	"abundance"	50	2
"GGB30414_SGB43453"	"Sequencing_Depth"	"Sequencing_Depth"	"Sequencing_Depth"	NA	NA	NA	NA	NA	0.226325008142222	0.529415223724496	"No data points have the baseline factor level"	"abundance"	50	2
"GGB30414_SGB43453"	"Sex"	"M"	"SexM"	NA	NA	NA	NA	NA	0.562401783313417	0.794786359978132	"No data points have the baseline factor level"	"abundance"	50	2
"GGB30414_SGB43453"	"Site"	"Jejunum"	"SiteJejunum"	NA	NA	NA	NA	NA	0.885446222665172	0.958841908406484	"No data points have the baseline factor level"	"abundance"	50	2
"GGB30454_SGB43514"	"Genotype"	"MUT"	"GenotypeMUT"	NA	NA	NA	NA	NA	0.0458174137140796	0.252785730836301	"contrasts can be applied only to factors with 2 or more levels"	"abundance"	50	5
"GGB30454_SGB43514"	"Sequencing_Depth"	"Sequencing_Depth"	"Sequencing_Depth"	NA	NA	NA	NA	NA	0.0885356565137118	0.357719824297825	"contrasts can be applied only to factors with 2 or more levels"	"abundance"	50	5
"GGB30454_SGB43514"	"Sex"	"M"	"SexM"	NA	NA	NA	NA	NA	0.107892013393453	0.381918631481251	"contrasts can be applied only to factors with 2 or more levels"	"abundance"	50	5
"GGB30454_SGB43514"	"Site"	"Jejunum"	"SiteJejunum"	NA	NA	NA	NA	NA	0.674419605227022	0.860174948244711	"contrasts can be applied only to factors with 2 or more levels"	"abundance"	50	5
"GGB30454_SGB43516"	"Genotype"	"MUT"	"GenotypeMUT"	NA	NA	NA	NA	NA	0.885494300685303	0.958841908406484	"contrasts can be applied only to factors with 2 or more levels"	"abundance"	50	8
"GGB30454_SGB43516"	"Sequencing_Depth"	"Sequencing_Depth"	"Sequencing_Depth"	NA	NA	NA	NA	NA	0.0133939130393282	0.159370282212677	"contrasts can be applied only to factors with 2 or more levels"	"abundance"	50	8
"GGB30454_SGB43516"	"Sex"	"M"	"SexM"	NA	NA	NA	NA	NA	0.0803427329206389	0.341883969875059	"contrasts can be applied only to factors with 2 or more levels"	"abundance"	50	8
"GGB30454_SGB43516"	"Site"	"Jejunum"	"SiteJejunum"	NA	NA	NA	NA	NA	0.489518579711902	0.743185309022383	"contrasts can be applied only to factors with 2 or more levels"	"abundance"	50	8
"GGB30460_SGB43527"	"Genotype"	"MUT"	"GenotypeMUT"	NA	NA	NA	NA	NA	0.113791933073319	0.394084616704136	"contrasts can be applied only to factors with 2 or more levels"	"abundance"	50	3
"GGB30460_SGB43527"	"Sequencing_Depth"	"Sequencing_Depth"	"Sequencing_Depth"	NA	NA	NA	NA	NA	0.124745229932773	0.412380925397598	"contrasts can be applied only to factors with 2 or more levels"	"abundance"	50	3
"GGB30460_SGB43527"	"Sex"	"M"	"SexM"	NA	NA	NA	NA	NA	0.445358671421557	0.721228617686731	"contrasts can be applied only to factors with 2 or more levels"	"abundance"	50	3
"GGB30460_SGB43527"	"Site"	"Jejunum"	"SiteJejunum"	NA	NA	NA	NA	NA	0.95485480080082	0.981232679311244	"contrasts can be applied only to factors with 2 or more levels"	"abundance"	50	3
"GGB30461_SGB102216"	"Genotype"	"MUT"	"GenotypeMUT"	NA	NA	NA	NA	NA	0.964750904912495	0.984365937885811	"contrasts can be applied only to factors with 2 or more levels"	"abundance"	50	5
"GGB30461_SGB102216"	"Sequencing_Depth"	"Sequencing_Depth"	"Sequencing_Depth"	NA	NA	NA	NA	NA	0.0532281494669454	0.279786786873124	"contrasts can be applied only to factors with 2 or more levels"	"abundance"	50	5
"GGB30461_SGB102216"	"Sex"	"M"	"SexM"	NA	NA	NA	NA	NA	0.245906237352003	0.556825700711618	"contrasts can be applied only to factors with 2 or more levels"	"abundance"	50	5
"GGB30461_SGB102216"	"Site"	"Jejunum"	"SiteJejunum"	NA	NA	NA	NA	NA	0.723707663355643	0.89346625105635	"contrasts can be applied only to factors with 2 or more levels"	"abundance"	50	5
"GGB30461_SGB43529"	"Genotype"	"MUT"	"GenotypeMUT"	NA	NA	NA	NA	NA	0.400745506833978	0.676363724614308	"contrasts can be applied only to factors with 2 or more levels"	"abundance"	50	8
"GGB30461_SGB43529"	"Sequencing_Depth"	"Sequencing_Depth"	"Sequencing_Depth"	NA	NA	NA	NA	NA	0.0105653305526369	0.153890700493724	"contrasts can be applied only to factors with 2 or more levels"	"abundance"	50	8
"GGB30461_SGB43529"	"Sex"	"M"	"SexM"	NA	NA	NA	NA	NA	0.131164569768461	0.419982801059234	"contrasts can be applied only to factors with 2 or more levels"	"abundance"	50	8
"GGB30461_SGB43529"	"Site"	"Jejunum"	"SiteJejunum"	NA	NA	NA	NA	NA	0.838621771697965	0.942080886515162	"contrasts can be applied only to factors with 2 or more levels"	"abundance"	50	8
"GGB30461_SGB63204"	"Genotype"	"MUT"	"GenotypeMUT"	NA	NA	NA	NA	NA	0.053509222989485	0.279786786873124	"No data points have the baseline factor level"	"abundance"	50	5
"GGB30461_SGB63204"	"Sequencing_Depth"	"Sequencing_Depth"	"Sequencing_Depth"	NA	NA	NA	NA	NA	0.677480913311497	0.860174948244711	"No data points have the baseline factor level"	"abundance"	50	5
"GGB30461_SGB63204"	"Sex"	"M"	"SexM"	NA	NA	NA	NA	NA	0.0659687716172045	0.306572968882159	"No data points have the baseline factor level"	"abundance"	50	5
"GGB30461_SGB63204"	"Site"	"Jejunum"	"SiteJejunum"	NA	NA	NA	NA	NA	0.528965023030025	0.765843155863574	"No data points have the baseline factor level"	"abundance"	50	5
"GGB30461_SGB63208"	"Genotype"	"MUT"	"GenotypeMUT"	NA	NA	NA	NA	NA	0.536996927171988	0.772763733436112	"contrasts can be applied only to factors with 2 or more levels"	"abundance"	50	4
"GGB30461_SGB63208"	"Sequencing_Depth"	"Sequencing_Depth"	"Sequencing_Depth"	NA	NA	NA	NA	NA	0.0138665538238487	0.159370282212677	"contrasts can be applied only to factors with 2 or more levels"	"abundance"	50	4
"GGB30461_SGB63208"	"Sex"	"M"	"SexM"	NA	NA	NA	NA	NA	0.561503364535919	0.794786359978132	"contrasts can be applied only to factors with 2 or more levels"	"abundance"	50	4
"GGB30461_SGB63208"	"Site"	"Jejunum"	"SiteJejunum"	NA	NA	NA	NA	NA	0.391147858903386	0.671498470220405	"contrasts can be applied only to factors with 2 or more levels"	"abundance"	50	4
"GGB30468_SGB43552"	"Genotype"	"MUT"	"GenotypeMUT"	NA	NA	NA	NA	NA	0.986859244257383	0.991660742855046	"contrasts can be applied only to factors with 2 or more levels"	"abundance"	50	3
"GGB30468_SGB43552"	"Sequencing_Depth"	"Sequencing_Depth"	"Sequencing_Depth"	NA	NA	NA	NA	NA	0.0344985380419855	0.22621992158679	"contrasts can be applied only to factors with 2 or more levels"	"abundance"	50	3
"GGB30468_SGB43552"	"Sex"	"M"	"SexM"	NA	NA	NA	NA	NA	0.703880359249003	0.876971257757868	"contrasts can be applied only to factors with 2 or more levels"	"abundance"	50	3
"GGB30468_SGB43552"	"Site"	"Jejunum"	"SiteJejunum"	NA	NA	NA	NA	NA	0.59885999674295	0.803838921802618	"contrasts can be applied only to factors with 2 or more levels"	"abundance"	50	3
"GGB30472_SGB43556"	"Genotype"	"MUT"	"GenotypeMUT"	NA	NA	NA	NA	NA	0.500770135253338	0.743185309022383	"No data points have the baseline factor level"	"abundance"	50	2
"GGB30472_SGB43556"	"Sequencing_Depth"	"Sequencing_Depth"	"Sequencing_Depth"	NA	NA	NA	NA	NA	0.145002438762261	0.428051479740993	"No data points have the baseline factor level"	"abundance"	50	2
"GGB30472_SGB43556"	"Sex"	"M"	"SexM"	NA	NA	NA	NA	NA	0.764911703268378	0.914962689136128	"No data points have the baseline factor level"	"abundance"	50	2
"GGB30472_SGB43556"	"Site"	"Jejunum"	"SiteJejunum"	NA	NA	NA	NA	NA	0.904907051058619	0.958841908406484	"No data points have the baseline factor level"	"abundance"	50	2
"GGB30475_SGB63182"	"Genotype"	"MUT"	"GenotypeMUT"	NA	NA	NA	NA	NA	0.181401934091192	0.478949000900836	"contrasts can be applied only to factors with 2 or more levels"	"abundance"	50	10
"GGB30475_SGB63182"	"Sequencing_Depth"	"Sequencing_Depth"	"Sequencing_Depth"	NA	NA	NA	NA	NA	0.0290350547651801	0.216469641517123	"contrasts can be applied only to factors with 2 or more levels"	"abundance"	50	10
"GGB30475_SGB63182"	"Sex"	"M"	"SexM"	NA	NA	NA	NA	NA	0.0176490468453114	0.170111294894568	"contrasts can be applied only to factors with 2 or more levels"	"abundance"	50	10
"GGB30475_SGB63182"	"Site"	"Jejunum"	"SiteJejunum"	NA	NA	NA	NA	NA	0.187423066655357	0.48537050579445	"contrasts can be applied only to factors with 2 or more levels"	"abundance"	50	10
"GGB30667_SGB43809"	"Genotype"	"MUT"	"GenotypeMUT"	NA	NA	NA	NA	NA	0.67928620835168	0.860174948244711	"contrasts can be applied only to factors with 2 or more levels"	"abundance"	50	3
"GGB30667_SGB43809"	"Sequencing_Depth"	"Sequencing_Depth"	"Sequencing_Depth"	NA	NA	NA	NA	NA	0.403346043041916	0.679319651439016	"contrasts can be applied only to factors with 2 or more levels"	"abundance"	50	3
"GGB30667_SGB43809"	"Sex"	"M"	"SexM"	NA	NA	NA	NA	NA	0.77989795309061	0.919160391494962	"contrasts can be applied only to factors with 2 or more levels"	"abundance"	50	3
"GGB30667_SGB43809"	"Site"	"Jejunum"	"SiteJejunum"	NA	NA	NA	NA	NA	0.249037388888661	0.556825700711618	"contrasts can be applied only to factors with 2 or more levels"	"abundance"	50	3
"GGB31108_SGB44379"	"Genotype"	"MUT"	"GenotypeMUT"	NA	NA	NA	NA	NA	0.166936604664682	0.464371550036205	"contrasts can be applied only to factors with 2 or more levels"	"abundance"	50	3
"GGB31108_SGB44379"	"Sequencing_Depth"	"Sequencing_Depth"	"Sequencing_Depth"	NA	NA	NA	NA	NA	0.369811418478067	0.648791962242222	"contrasts can be applied only to factors with 2 or more levels"	"abundance"	50	3
"GGB31108_SGB44379"	"Sex"	"M"	"SexM"	NA	NA	NA	NA	NA	0.487428968732304	0.743185309022383	"contrasts can be applied only to factors with 2 or more levels"	"abundance"	50	3
"GGB31108_SGB44379"	"Site"	"Jejunum"	"SiteJejunum"	NA	NA	NA	NA	NA	0.949241980763551	0.980793882632307	"contrasts can be applied only to factors with 2 or more levels"	"abundance"	50	3
"GGB3171_SGB4185"	"Genotype"	"MUT"	"GenotypeMUT"	NA	NA	NA	NA	NA	0.215524340015249	0.511630480748367	"Fitting error (NA p-value returned from fitting procedure)"	"abundance"	50	9
"GGB32371_SGB41694"	"Genotype"	"MUT"	"GenotypeMUT"	NA	NA	NA	NA	NA	0.00690488272977925	0.147041916360904	"contrasts can be applied only to factors with 2 or more levels"	"abundance"	50	10
"GGB32371_SGB41694"	"Sequencing_Depth"	"Sequencing_Depth"	"Sequencing_Depth"	NA	NA	NA	NA	NA	0.193647435772458	0.485638200862592	"contrasts can be applied only to factors with 2 or more levels"	"abundance"	50	10
"GGB32371_SGB41694"	"Sex"	"M"	"SexM"	NA	NA	NA	NA	NA	0.0146232095492231	0.159370282212677	"contrasts can be applied only to factors with 2 or more levels"	"abundance"	50	10
"GGB32371_SGB41694"	"Site"	"Jejunum"	"SiteJejunum"	NA	NA	NA	NA	NA	0.898434935509864	0.958841908406484	"contrasts can be applied only to factors with 2 or more levels"	"abundance"	50	10
"GGB42322_SGB59489"	"Genotype"	"MUT"	"GenotypeMUT"	NA	NA	NA	NA	NA	0.143456320751992	0.428051479740993	"No data points have the baseline factor level"	"abundance"	50	4
"GGB42322_SGB59489"	"Sequencing_Depth"	"Sequencing_Depth"	"Sequencing_Depth"	NA	NA	NA	NA	NA	0.138732504426986	0.428051479740993	"No data points have the baseline factor level"	"abundance"	50	4
"GGB42322_SGB59489"	"Sex"	"M"	"SexM"	NA	NA	NA	NA	NA	0.185307016581718	0.484462788448935	"No data points have the baseline factor level"	"abundance"	50	4
"GGB42322_SGB59489"	"Site"	"Jejunum"	"SiteJejunum"	NA	NA	NA	NA	NA	0.605063705454954	0.806751607273272	"No data points have the baseline factor level"	"abundance"	50	4
"GGB42646_SGB59844"	"Genotype"	"MUT"	"GenotypeMUT"	NA	NA	NA	NA	NA	0.282955252465117	0.588716410100707	"contrasts can be applied only to factors with 2 or more levels"	"abundance"	50	10
"GGB42646_SGB59844"	"Sequencing_Depth"	"Sequencing_Depth"	"Sequencing_Depth"	NA	NA	NA	NA	NA	0.0601575685741144	0.295251870302402	"contrasts can be applied only to factors with 2 or more levels"	"abundance"	50	10
"GGB42646_SGB59844"	"Sex"	"M"	"SexM"	NA	NA	NA	NA	NA	0.0212986202220569	0.180053578807789	"contrasts can be applied only to factors with 2 or more levels"	"abundance"	50	10
"GGB42646_SGB59844"	"Site"	"Jejunum"	"SiteJejunum"	NA	NA	NA	NA	NA	0.665644839003057	0.8547606279333	"contrasts can be applied only to factors with 2 or more levels"	"abundance"	50	10
"GGB45515_SGB63187"	"Genotype"	"MUT"	"GenotypeMUT"	NA	NA	NA	NA	NA	0.0645265695808552	0.30450241973672	"contrasts can be applied only to factors with 2 or more levels"	"abundance"	50	4
"GGB45515_SGB63187"	"Sequencing_Depth"	"Sequencing_Depth"	"Sequencing_Depth"	NA	NA	NA	NA	NA	0.0366568475430447	0.23066580816569	"contrasts can be applied only to factors with 2 or more levels"	"abundance"	50	4
"GGB45515_SGB63187"	"Sex"	"M"	"SexM"	NA	NA	NA	NA	NA	0.405825006271012	0.682058834068928	"contrasts can be applied only to factors with 2 or more levels"	"abundance"	50	4
"GGB45515_SGB63187"	"Site"	"Jejunum"	"SiteJejunum"	NA	NA	NA	NA	NA	0.321236519013307	0.628335489512581	"contrasts can be applied only to factors with 2 or more levels"	"abundance"	50	4
"GGB45656_SGB63370"	"Genotype"	"MUT"	"GenotypeMUT"	NA	NA	NA	NA	NA	0.239489733460407	0.548034681822411	"No data points have the baseline factor level"	"abundance"	50	3
"GGB45656_SGB63370"	"Sequencing_Depth"	"Sequencing_Depth"	"Sequencing_Depth"	NA	NA	NA	NA	NA	0.242924918821827	0.553675028653736	"No data points have the baseline factor level"	"abundance"	50	3
"GGB45656_SGB63370"	"Sex"	"M"	"SexM"	NA	NA	NA	NA	NA	0.355609088264817	0.636841965920325	"No data points have the baseline factor level"	"abundance"	50	3
"GGB45656_SGB63370"	"Site"	"Jejunum"	"SiteJejunum"	NA	NA	NA	NA	NA	0.588271326755621	0.800608945588933	"No data points have the baseline factor level"	"abundance"	50	3
"GGB70518_SGB94950"	"Genotype"	"MUT"	"GenotypeMUT"	NA	NA	NA	NA	NA	0.0434347200054089	0.248198400030908	"contrasts can be applied only to factors with 2 or more levels"	"abundance"	50	6
"GGB70518_SGB94950"	"Sequencing_Depth"	"Sequencing_Depth"	"Sequencing_Depth"	NA	NA	NA	NA	NA	0.537070794738098	0.772763733436112	"contrasts can be applied only to factors with 2 or more levels"	"abundance"	50	6
"GGB70518_SGB94950"	"Sex"	"M"	"SexM"	NA	NA	NA	NA	NA	0.492390156270538	0.743185309022383	"contrasts can be applied only to factors with 2 or more levels"	"abundance"	50	6
"GGB70518_SGB94950"	"Site"	"Jejunum"	"SiteJejunum"	NA	NA	NA	NA	NA	0.735909379912918	0.90157351291016	"contrasts can be applied only to factors with 2 or more levels"	"abundance"	50	6
"GGB73359_SGB46611"	"Genotype"	"MUT"	"GenotypeMUT"	NA	NA	NA	NA	NA	0.0601340996424922	0.295251870302402	"contrasts can be applied only to factors with 2 or more levels"	"abundance"	50	4
"GGB73359_SGB46611"	"Sequencing_Depth"	"Sequencing_Depth"	"Sequencing_Depth"	NA	NA	NA	NA	NA	0.0430191173828257	0.247592042491083	"contrasts can be applied only to factors with 2 or more levels"	"abundance"	50	4
"GGB73359_SGB46611"	"Sex"	"M"	"SexM"	NA	NA	NA	NA	NA	0.369777065427485	0.648791962242222	"contrasts can be applied only to factors with 2 or more levels"	"abundance"	50	4
"GGB73359_SGB46611"	"Site"	"Jejunum"	"SiteJejunum"	NA	NA	NA	NA	NA	0.96727600673623	0.984365937885811	"contrasts can be applied only to factors with 2 or more levels"	"abundance"	50	4
"GGB74395_SGB43523"	"Genotype"	"MUT"	"GenotypeMUT"	NA	NA	NA	NA	NA	0.580500183764012	0.797938396926477	"contrasts can be applied only to factors with 2 or more levels"	"abundance"	50	4
"GGB74395_SGB43523"	"Sequencing_Depth"	"Sequencing_Depth"	"Sequencing_Depth"	NA	NA	NA	NA	NA	0.0252235485545143	0.201788388436115	"contrasts can be applied only to factors with 2 or more levels"	"abundance"	50	4
"GGB74395_SGB43523"	"Sex"	"M"	"SexM"	NA	NA	NA	NA	NA	0.393393309199134	0.672467195212195	"contrasts can be applied only to factors with 2 or more levels"	"abundance"	50	4
"GGB74395_SGB43523"	"Site"	"Jejunum"	"SiteJejunum"	NA	NA	NA	NA	NA	0.29566678110124	0.604944820667498	"contrasts can be applied only to factors with 2 or more levels"	"abundance"	50	4
"GGB74408_SGB43542"	"Genotype"	"MUT"	"GenotypeMUT"	NA	NA	NA	NA	NA	0.500770135253338	0.743185309022383	"No data points have the baseline factor level"	"abundance"	50	2
"GGB74408_SGB43542"	"Sequencing_Depth"	"Sequencing_Depth"	"Sequencing_Depth"	NA	NA	NA	NA	NA	0.145002438762261	0.428051479740993	"No data points have the baseline factor level"	"abundance"	50	2
"GGB74408_SGB43542"	"Sex"	"M"	"SexM"	NA	NA	NA	NA	NA	0.764911703268378	0.914962689136128	"No data points have the baseline factor level"	"abundance"	50	2
"GGB74408_SGB43542"	"Site"	"Jejunum"	"SiteJejunum"	NA	NA	NA	NA	NA	0.904907051058619	0.958841908406484	"No data points have the baseline factor level"	"abundance"	50	2
"GGB75057_SGB102223"	"Genotype"	"MUT"	"GenotypeMUT"	NA	NA	NA	NA	NA	0.315301992172206	0.624360380539021	"contrasts can be applied only to factors with 2 or more levels"	"abundance"	50	8
"GGB75057_SGB102223"	"Sequencing_Depth"	"Sequencing_Depth"	"Sequencing_Depth"	NA	NA	NA	NA	NA	0.0202738803598017	0.178231915251004	"contrasts can be applied only to factors with 2 or more levels"	"abundance"	50	8
"GGB75057_SGB102223"	"Sex"	"M"	"SexM"	NA	NA	NA	NA	NA	0.0854921745558948	0.352183811405231	"contrasts can be applied only to factors with 2 or more levels"	"abundance"	50	8
"GGB75057_SGB102223"	"Site"	"Jejunum"	"SiteJejunum"	NA	NA	NA	NA	NA	0.851039272502341	0.949885126745426	"contrasts can be applied only to factors with 2 or more levels"	"abundance"	50	8
"GGB75074_SGB102167"	"Genotype"	"MUT"	"GenotypeMUT"	NA	NA	NA	NA	NA	0.277734717252077	0.581643386915344	"contrasts can be applied only to factors with 2 or more levels"	"abundance"	50	13
"GGB75074_SGB102167"	"Sequencing_Depth"	"Sequencing_Depth"	"Sequencing_Depth"	NA	NA	NA	NA	NA	0.0140168420985091	0.159370282212677	"contrasts can be applied only to factors with 2 or more levels"	"abundance"	50	13
"GGB75074_SGB102167"	"Sex"	"M"	"SexM"	NA	NA	NA	NA	NA	0.00864364091981541	0.151276182377523	"contrasts can be applied only to factors with 2 or more levels"	"abundance"	50	13
"GGB75074_SGB102167"	"Site"	"Jejunum"	"SiteJejunum"	NA	NA	NA	NA	NA	0.893145632007665	0.958841908406484	"contrasts can be applied only to factors with 2 or more levels"	"abundance"	50	13
"GGB75094_SGB102310"	"Genotype"	"MUT"	"GenotypeMUT"	NA	NA	NA	NA	NA	0.492356152568222	0.743185309022383	"No data points have the baseline factor level"	"abundance"	50	2
"GGB75094_SGB102310"	"Sequencing_Depth"	"Sequencing_Depth"	"Sequencing_Depth"	NA	NA	NA	NA	NA	0.159216175977477	0.453284486768616	"No data points have the baseline factor level"	"abundance"	50	2
"GGB75094_SGB102310"	"Sex"	"M"	"SexM"	NA	NA	NA	NA	NA	0.742965314576485	0.90605526167864	"No data points have the baseline factor level"	"abundance"	50	2
"GGB75094_SGB102310"	"Site"	"Jejunum"	"SiteJejunum"	NA	NA	NA	NA	NA	0.912248309843246	0.962678650544246	"No data points have the baseline factor level"	"abundance"	50	2
"GGB75104_SGB102231"	"Genotype"	"MUT"	"GenotypeMUT"	NA	NA	NA	NA	NA	0.344266598209913	0.636841965920325	"No data points have the baseline factor level"	"abundance"	50	3
"GGB75104_SGB102231"	"Sequencing_Depth"	"Sequencing_Depth"	"Sequencing_Depth"	NA	NA	NA	NA	NA	0.127979594964428	0.417892554985889	"No data points have the baseline factor level"	"abundance"	50	3
"GGB75104_SGB102231"	"Sex"	"M"	"SexM"	NA	NA	NA	NA	NA	0.582745595851429	0.799650903398187	"No data points have the baseline factor level"	"abundance"	50	3
"GGB75104_SGB102231"	"Site"	"Jejunum"	"SiteJejunum"	NA	NA	NA	NA	NA	0.7025587178098	0.876971257757868	"No data points have the baseline factor level"	"abundance"	50	3
"GGB79741_SGB1950"	"Genotype"	"MUT"	"GenotypeMUT"	NA	NA	NA	NA	NA	0.485978924306989	0.743185309022383	"No data points have the baseline factor level"	"abundance"	50	2
"GGB79741_SGB1950"	"Sequencing_Depth"	"Sequencing_Depth"	"Sequencing_Depth"	NA	NA	NA	NA	NA	0.172862410023102	0.464371550036205	"No data points have the baseline factor level"	"abundance"	50	2
"GGB79741_SGB1950"	"Sex"	"M"	"SexM"	NA	NA	NA	NA	NA	0.504437028498943	0.743185309022383	"No data points have the baseline factor level"	"abundance"	50	2
"GGB79741_SGB1950"	"Site"	"Jejunum"	"SiteJejunum"	NA	NA	NA	NA	NA	0.891119218419311	0.958841908406484	"No data points have the baseline factor level"	"abundance"	50	2
"GGB80032_SGB42945"	"Genotype"	"MUT"	"GenotypeMUT"	NA	NA	NA	NA	NA	0.485978924306989	0.743185309022383	"No data points have the baseline factor level"	"abundance"	50	2
"GGB80032_SGB42945"	"Sequencing_Depth"	"Sequencing_Depth"	"Sequencing_Depth"	NA	NA	NA	NA	NA	0.172862410023102	0.464371550036205	"No data points have the baseline factor level"	"abundance"	50	2
"GGB80032_SGB42945"	"Sex"	"M"	"SexM"	NA	NA	NA	NA	NA	0.504437028498943	0.743185309022383	"No data points have the baseline factor level"	"abundance"	50	2
"GGB80032_SGB42945"	"Site"	"Jejunum"	"SiteJejunum"	NA	NA	NA	NA	NA	0.891119218419311	0.958841908406484	"No data points have the baseline factor level"	"abundance"	50	2
"Hominisplanchenecus_murintestinalis"	"Genotype"	"MUT"	"GenotypeMUT"	NA	NA	NA	NA	NA	0.942358952888827	0.977792639155679	"Fitting error (NA p-value returned from fitting procedure)"	"abundance"	50	11
"Lachnospiraceae_bacterium_A2"	"Genotype"	"MUT"	"GenotypeMUT"	NA	NA	NA	NA	NA	0.105060195901298	0.381918631481251	"No data points have the baseline factor level"	"abundance"	50	5
"Lachnospiraceae_bacterium_A2"	"Sequencing_Depth"	"Sequencing_Depth"	"Sequencing_Depth"	NA	NA	NA	NA	NA	0.14219042619984	0.428051479740993	"No data points have the baseline factor level"	"abundance"	50	5
"Lachnospiraceae_bacterium_A2"	"Sex"	"M"	"SexM"	NA	NA	NA	NA	NA	0.207012478374505	0.503141184878438	"No data points have the baseline factor level"	"abundance"	50	5
"Lachnospiraceae_bacterium_A2"	"Site"	"Jejunum"	"SiteJejunum"	NA	NA	NA	NA	NA	0.672616889230475	0.85957429933607	"No data points have the baseline factor level"	"abundance"	50	5
"Lachnospiraceae_bacterium_MD308"	"Genotype"	"MUT"	"GenotypeMUT"	NA	NA	NA	NA	NA	0.485978924306989	0.743185309022383	"No data points have the baseline factor level"	"abundance"	50	2
"Lachnospiraceae_bacterium_MD308"	"Sequencing_Depth"	"Sequencing_Depth"	"Sequencing_Depth"	NA	NA	NA	NA	NA	0.172862410023102	0.464371550036205	"No data points have the baseline factor level"	"abundance"	50	2
"Lachnospiraceae_bacterium_MD308"	"Sex"	"M"	"SexM"	NA	NA	NA	NA	NA	0.504437028498943	0.743185309022383	"No data points have the baseline factor level"	"abundance"	50	2
"Lachnospiraceae_bacterium_MD308"	"Site"	"Jejunum"	"SiteJejunum"	NA	NA	NA	NA	NA	0.891119218419311	0.958841908406484	"No data points have the baseline factor level"	"abundance"	50	2
"Neglectibacter_caecimuris"	"Genotype"	"MUT"	"GenotypeMUT"	-0.757457912917344	NA	NA	NA	NA	0.432106568545042	0.705480111910273	"Fitting error (NA p-value returned from fitting procedure)"	"abundance"	50	5
"Neglectibacter_caecimuris"	"Sequencing_Depth"	"Sequencing_Depth"	"Sequencing_Depth"	-0.640775420407321	NA	NA	NA	NA	0.0919744216387886	0.364255135203123	"Fitting error (NA p-value returned from fitting procedure)"	"abundance"	50	5
"Neglectibacter_caecimuris"	"Sex"	"M"	"SexM"	-0.085950295246215	NA	NA	NA	NA	0.626437718161526	0.826980486021817	"Fitting error (NA p-value returned from fitting procedure)"	"abundance"	50	5
"Neglectibacter_caecimuris"	"Site"	"Jejunum"	"SiteJejunum"	0.0756801551957175	NA	NA	NA	NA	0.92440010898771	0.970371220017378	"Fitting error (NA p-value returned from fitting procedure)"	"abundance"	50	5
"Oscillibacter_SGB43496"	"Genotype"	"MUT"	"GenotypeMUT"	NA	NA	NA	NA	NA	0.0480943409903539	0.263530635563583	"No data points have the baseline factor level"	"abundance"	50	6
"Oscillibacter_SGB43496"	"Sequencing_Depth"	"Sequencing_Depth"	"Sequencing_Depth"	NA	NA	NA	NA	NA	0.340072712744575	0.636841965920325	"No data points have the baseline factor level"	"abundance"	50	6
"Oscillibacter_SGB43496"	"Sex"	"M"	"SexM"	NA	NA	NA	NA	NA	0.0810756924004616	0.343028795182516	"No data points have the baseline factor level"	"abundance"	50	6
"Oscillibacter_SGB43496"	"Site"	"Jejunum"	"SiteJejunum"	NA	NA	NA	NA	NA	0.871103331978309	0.958841908406484	"No data points have the baseline factor level"	"abundance"	50	6
"Oscillibacter_SGB43499"	"Genotype"	"MUT"	"GenotypeMUT"	NA	NA	NA	NA	NA	0.334953724007726	0.634983363047822	"contrasts can be applied only to factors with 2 or more levels"	"abundance"	50	5
"Oscillibacter_SGB43499"	"Sequencing_Depth"	"Sequencing_Depth"	"Sequencing_Depth"	NA	NA	NA	NA	NA	0.0404434727864843	0.236166264446624	"contrasts can be applied only to factors with 2 or more levels"	"abundance"	50	5
"Oscillibacter_SGB43499"	"Sex"	"M"	"SexM"	NA	NA	NA	NA	NA	0.272518604125238	0.579826817287741	"contrasts can be applied only to factors with 2 or more levels"	"abundance"	50	5
"Oscillibacter_SGB43499"	"Site"	"Jejunum"	"SiteJejunum"	NA	NA	NA	NA	NA	0.819455436233226	0.941766997464422	"contrasts can be applied only to factors with 2 or more levels"	"abundance"	50	5
"Oscillibacter_SGB43502"	"Genotype"	"MUT"	"GenotypeMUT"	NA	NA	NA	NA	NA	0.498707928433685	0.743185309022383	"contrasts can be applied only to factors with 2 or more levels"	"abundance"	50	3
"Oscillibacter_SGB43502"	"Sequencing_Depth"	"Sequencing_Depth"	"Sequencing_Depth"	NA	NA	NA	NA	NA	0.0643606503311379	0.30450241973672	"contrasts can be applied only to factors with 2 or more levels"	"abundance"	50	3
"Oscillibacter_SGB43502"	"Sex"	"M"	"SexM"	NA	NA	NA	NA	NA	0.433931165704565	0.707016155934118	"contrasts can be applied only to factors with 2 or more levels"	"abundance"	50	3
"Oscillibacter_SGB43502"	"Site"	"Jejunum"	"SiteJejunum"	NA	NA	NA	NA	NA	0.209810122761727	0.505000282702897	"contrasts can be applied only to factors with 2 or more levels"	"abundance"	50	3
"Oscillibacter_SGB94990"	"Genotype"	"MUT"	"GenotypeMUT"	NA	NA	NA	NA	NA	0.986859244257383	0.991660742855046	"contrasts can be applied only to factors with 2 or more levels"	"abundance"	50	3
"Oscillibacter_SGB94990"	"Sequencing_Depth"	"Sequencing_Depth"	"Sequencing_Depth"	NA	NA	NA	NA	NA	0.0344985380419855	0.22621992158679	"contrasts can be applied only to factors with 2 or more levels"	"abundance"	50	3
"Oscillibacter_SGB94990"	"Sex"	"M"	"SexM"	NA	NA	NA	NA	NA	0.703880359249003	0.876971257757868	"contrasts can be applied only to factors with 2 or more levels"	"abundance"	50	3
"Oscillibacter_SGB94990"	"Site"	"Jejunum"	"SiteJejunum"	NA	NA	NA	NA	NA	0.59885999674295	0.803838921802618	"contrasts can be applied only to factors with 2 or more levels"	"abundance"	50	3
"Oscillospiraceae_bacterium"	"Genotype"	"MUT"	"GenotypeMUT"	NA	NA	NA	NA	NA	0.213278651273596	0.507806312556181	"contrasts can be applied only to factors with 2 or more levels"	"abundance"	50	6
"Oscillospiraceae_bacterium"	"Sequencing_Depth"	"Sequencing_Depth"	"Sequencing_Depth"	NA	NA	NA	NA	NA	0.0293454112441754	0.216469641517123	"contrasts can be applied only to factors with 2 or more levels"	"abundance"	50	6
"Oscillospiraceae_bacterium"	"Sex"	"M"	"SexM"	NA	NA	NA	NA	NA	0.140797747997278	0.428051479740993	"contrasts can be applied only to factors with 2 or more levels"	"abundance"	50	6
"Oscillospiraceae_bacterium"	"Site"	"Jejunum"	"SiteJejunum"	NA	NA	NA	NA	NA	0.352412062262064	0.636841965920325	"contrasts can be applied only to factors with 2 or more levels"	"abundance"	50	6
"Oscillospiraceae_unclassified_SGB43526"	"Genotype"	"MUT"	"GenotypeMUT"	NA	NA	NA	NA	NA	0.286371263200977	0.59045621278552	"contrasts can be applied only to factors with 2 or more levels"	"abundance"	50	6
"Oscillospiraceae_unclassified_SGB43526"	"Sequencing_Depth"	"Sequencing_Depth"	"Sequencing_Depth"	NA	NA	NA	NA	NA	0.0189070090457595	0.176076785998652	"contrasts can be applied only to factors with 2 or more levels"	"abundance"	50	6
"Oscillospiraceae_unclassified_SGB43526"	"Sex"	"M"	"SexM"	NA	NA	NA	NA	NA	0.221706837774439	0.521663147704562	"contrasts can be applied only to factors with 2 or more levels"	"abundance"	50	6
"Oscillospiraceae_unclassified_SGB43526"	"Site"	"Jejunum"	"SiteJejunum"	NA	NA	NA	NA	NA	0.970830906239881	0.984365937885811	"contrasts can be applied only to factors with 2 or more levels"	"abundance"	50	6
"Parabacteroides_distasonis"	"Genotype"	"MUT"	"GenotypeMUT"	NA	NA	NA	NA	NA	0.34942561680707	0.636841965920325	"No data points have the baseline factor level"	"abundance"	50	2
"Parabacteroides_distasonis"	"Sequencing_Depth"	"Sequencing_Depth"	"Sequencing_Depth"	NA	NA	NA	NA	NA	0.662382669885033	0.851939125254062	"No data points have the baseline factor level"	"abundance"	50	2
"Parabacteroides_distasonis"	"Sex"	"M"	"SexM"	NA	NA	NA	NA	NA	0.83911361398421	0.942080886515162	"No data points have the baseline factor level"	"abundance"	50	2
"Parabacteroides_distasonis"	"Site"	"Jejunum"	"SiteJejunum"	NA	NA	NA	NA	NA	0.831658357888847	0.942080886515162	"No data points have the baseline factor level"	"abundance"	50	2
"Parabacteroides_goldsteinii"	"Genotype"	"MUT"	"GenotypeMUT"	NA	NA	NA	NA	NA	0.360308560024961	0.641975162627994	"No data points have the baseline factor level"	"abundance"	50	2
"Parabacteroides_goldsteinii"	"Sequencing_Depth"	"Sequencing_Depth"	"Sequencing_Depth"	NA	NA	NA	NA	NA	0.317857316004138	0.624780965118699	"No data points have the baseline factor level"	"abundance"	50	2
"Parabacteroides_goldsteinii"	"Sex"	"M"	"SexM"	NA	NA	NA	NA	NA	0.230992412899168	0.537191657905042	"No data points have the baseline factor level"	"abundance"	50	2
"Parabacteroides_goldsteinii"	"Site"	"Jejunum"	"SiteJejunum"	NA	NA	NA	NA	NA	0.469739890535055	0.739747859110322	"No data points have the baseline factor level"	"abundance"	50	2
"Parabacteroides_SGB1950"	"Genotype"	"MUT"	"GenotypeMUT"	NA	NA	NA	NA	NA	0.288148326284004	0.592592958938826	"No data points have the baseline factor level"	"abundance"	50	2
"Parabacteroides_SGB1950"	"Sequencing_Depth"	"Sequencing_Depth"	"Sequencing_Depth"	NA	NA	NA	NA	NA	0.647582573136274	0.842383834974015	"No data points have the baseline factor level"	"abundance"	50	2
"Parabacteroides_SGB1950"	"Sex"	"M"	"SexM"	NA	NA	NA	NA	NA	0.409071284304775	0.682247949586039	"No data points have the baseline factor level"	"abundance"	50	2
"Parabacteroides_SGB1950"	"Site"	"Jejunum"	"SiteJejunum"	NA	NA	NA	NA	NA	0.448867794253928	0.722523612481172	"No data points have the baseline factor level"	"abundance"	50	2
"Parasutterella_sp_NM82_D38"	"Genotype"	"MUT"	"GenotypeMUT"	NA	NA	NA	NA	NA	0.485978924306989	0.743185309022383	"No data points have the baseline factor level"	"abundance"	50	2
"Parasutterella_sp_NM82_D38"	"Sequencing_Depth"	"Sequencing_Depth"	"Sequencing_Depth"	NA	NA	NA	NA	NA	0.172862410023102	0.464371550036205	"No data points have the baseline factor level"	"abundance"	50	2
"Parasutterella_sp_NM82_D38"	"Sex"	"M"	"SexM"	NA	NA	NA	NA	NA	0.504437028498943	0.743185309022383	"No data points have the baseline factor level"	"abundance"	50	2
"Parasutterella_sp_NM82_D38"	"Site"	"Jejunum"	"SiteJejunum"	NA	NA	NA	NA	NA	0.891119218419311	0.958841908406484	"No data points have the baseline factor level"	"abundance"	50	2
"Pseudoflavonifractor_sp_524_17"	"Genotype"	"MUT"	"GenotypeMUT"	NA	NA	NA	NA	NA	0.143456320751992	0.428051479740993	"No data points have the baseline factor level"	"abundance"	50	4
"Pseudoflavonifractor_sp_524_17"	"Sequencing_Depth"	"Sequencing_Depth"	"Sequencing_Depth"	NA	NA	NA	NA	NA	0.138732504426986	0.428051479740993	"No data points have the baseline factor level"	"abundance"	50	4
"Pseudoflavonifractor_sp_524_17"	"Sex"	"M"	"SexM"	NA	NA	NA	NA	NA	0.185307016581718	0.484462788448935	"No data points have the baseline factor level"	"abundance"	50	4
"Pseudoflavonifractor_sp_524_17"	"Site"	"Jejunum"	"SiteJejunum"	NA	NA	NA	NA	NA	0.605063705454954	0.806751607273272	"No data points have the baseline factor level"	"abundance"	50	4
"Pseudomonas_aeruginosa"	"Genotype"	"MUT"	"GenotypeMUT"	NA	NA	NA	NA	NA	0.346469414831941	0.636841965920325	"No data points have the baseline factor level"	"abundance"	50	2
"Pseudomonas_aeruginosa"	"Sequencing_Depth"	"Sequencing_Depth"	"Sequencing_Depth"	NA	NA	NA	NA	NA	0.812291609020943	0.941766997464422	"No data points have the baseline factor level"	"abundance"	50	2
"Pseudomonas_aeruginosa"	"Sex"	"M"	"SexM"	NA	NA	NA	NA	NA	0.352051218659604	0.636841965920325	"No data points have the baseline factor level"	"abundance"	50	2
"Pseudomonas_aeruginosa"	"Site"	"Jejunum"	"SiteJejunum"	NA	NA	NA	NA	NA	0.820514496540877	0.941766997464422	"No data points have the baseline factor level"	"abundance"	50	2
"Thomasclavelia_cocleata"	"Genotype"	"MUT"	"GenotypeMUT"	NA	NA	NA	NA	NA	0.0749793109097753	0.331400269214476	"Fitting error (NA p-value returned from fitting procedure)"	"abundance"	50	7
"Faecalibaculum_rodentium"	"Genotype"	"MUT"	"GenotypeMUT"	NA	0	NA	NA	NA	0.529024869036263	0.765843155863574	"All logistic values are the same"	"prevalence"	50	50
"Faecalibaculum_rodentium"	"Sequencing_Depth"	"Sequencing_Depth"	"Sequencing_Depth"	NA	0	NA	NA	NA	0.00235477980549648	0.0879778306225503	"All logistic values are the same"	"prevalence"	50	50
"Faecalibaculum_rodentium"	"Sex"	"M"	"SexM"	NA	0	NA	NA	NA	0.0530663557617408	0.279786786873124	"All logistic values are the same"	"prevalence"	50	50
"Faecalibaculum_rodentium"	"Site"	"Jejunum"	"SiteJejunum"	NA	0	NA	NA	NA	0.12244583723029	0.408793851333901	"All logistic values are the same"	"prevalence"	50	50
