"","SLC_SMT_NEG_91J","SLC_SMT_NEG_142J","SLC_SMT_NEG_152I","SLC_SMT_NEG_90I","SLC_SMT_NEG_109I","SLC_SMT_NEG_160I","SLC_SMT_NEG_144I","SLC_SMT_NEG_156I","SLC_SMT_NEG_191I","SLC_SMT_NEG_152J","SLC_SMT_NEG_109J","SLC_SMT_NEG_153I","SLC_SMT_NEG_110I","SLC_SMT_NEG_158I","SLC_SMT_NEG_192I","SLC_SMT_NEG_160J","SLC_SMT_NEG_191J","SLC_SMT_NEG_155I","SLC_SMT_NEG_103I","SLC_SMT_NEG_159I","SLC_SMT_NEG_193I","SLC_SMT_NEG_153J","SLC_SMT_NEG_110J","SLC_SMT_NEG_17I","SLC_SMT_NEG_101I","SLC_SMT_NEG_137I","SLC_SMT_NEG_103J","SLC_SMT_NEG_159J","SLC_SMT_NEG_193J","SLC_SMT_NEG_88I","SLC_SMT_NEG_18I","SLC_SMT_NEG_141I","SLC_SMT_NEG_17J","SLC_SMT_NEG_101J","SLC_SMT_NEG_197I","SLC_SMT_NEG_91I","SLC_SMT_NEG_15I","SLC_SMT_NEG_142I","SLC_SMT_NEG_18J","SLC_SMT_NEG_194I","SLC_SMT_NEG_89I","SLC_SMT_NEG_16I","SLC_SMT_NEG_143I","SLC_SMT_NEG_141J","SLC_SMT_NEG_194J","SLC_SMT_NEG_75I","SLC_SMT_NEG_89J"
"Akkermansia muciniphila_A",2983,64899,436,227,449,34050,215,8652,309,332,468,2182,30168,40702,315,3267,818,23,7913,1005,3439,12176,5375,865,2129,20327,4081,462,4942,8857,7535,31611,2251,2762,3314,23698,4979,4943,27575,814,6623,2708,1191,104121,574,47775,52
"Akkermansia muciniphila",101484,2595760,16073,5748,15827,1217877,4848,364378,11411,63,19948,84651,1093127,1612365,7175,93687,1531,107,277671,22655,127245,443106,191939,27560,79041,784944,144479,9593,178512,322547,293009,1253193,78697,84110,127462,879943,159051,161696,1079351,108,228980,104323,28004,3465674,16,1679655,1647
"Faecalibaculum rodentium",1225331,10024610,6351356,334306,2260317,1266162,169880,7556082,4496586,1131697,7758187,3350339,3910724,7374174,268565,28234,1852929,279881,2924903,68645,4806204,1282591,1488430,200014,363155,2122734,1579036,38570,5751444,1594254,1258250,1386428,297238,320188,5012623,4108828,139944,311214,2720161,13147,1822115,650034,52895,3308095,3606,4716645,1804025
"Pelethenecus sp910579215",0,90,17,0,0,21,0,0,0,12,0,0,0,0,0,32,0,0,0,0,0,0,0,0,0,0,0,0,0,0,0,0,0,0,43,0,0,0,0,0,0,0,0,0,18,0,0
"MGYG000325581",0,0,0,0,0,10,0,0,12,0,0,0,0,0,0,0,11,0,0,0,0,0,0,0,0,0,0,0,25,0,0,0,0,15,0,15,0,0,0,0,0,0,0,0,0,0,0
"Alistipes finegoldii",237,339,37,194,304,1317,205,154,880,822,180,255,761,269,275,469,531,61,150,368,561,688,86,81,270,4061,296,150,897,260,364,754,213,487,205,775,916,167,1661,1160,187,630,496,9873,757,3237,66
"MGYG000325477",26,19,0,0,17,68,0,13,41,31,21,21,19,19,25,53,81,0,0,14,79,67,21,0,16,53,30,20,106,0,0,19,22,64,11,138,27,0,0,108,23,0,19,26,107,46,0
"Paramuribaculum sp001689535",125745,982,37154,14234,138668,251834,15903,83,151736,1628,64405,25567,377399,107,33929,17399,51703,22,68350,0,435136,251281,109268,9469,46148,375,229119,0,377878,94367,20,322,31755,77176,158451,543986,54,56,78,745,95027,28,29,563,58,508,38736
"Paramuribaculum sp910587425",347884,230,933,15625,269217,557253,23018,27,823332,17,497909,238937,842306,16,91171,26570,158076,12,270361,0,2874149,1260352,1785910,58259,174254,81,2077744,0,3650374,761591,0,56,131143,1097499,80891,1410826,17,0,31,118,1173172,0,13,132,32,29,441385
"Muribaculum intestinale",53630,1016427,35178,14961,27989,106663,7719,111,104498,10388,69533,35948,33291,169,31897,9707,65593,35,17193,0,496270,121365,118495,7641,19838,762,221401,18,551679,38892,38,202608,26813,57906,155275,577412,139,5116,193,292,133552,63,15871,456197,13,924,99595
"NM07-P-09 sp004793925",1614793,4108664,1140672,360100,1458887,1303653,176788,2892,3012317,56410,3329807,1510000,2828521,3934,92187,28794,1234261,2984,3619908,64,2764974,1250350,1546686,100890,640970,846,1523899,33,4134945,1155196,1503862,1198897,186878,713477,1940389,3906074,222892,271267,5702922,1070,1301189,524111,47501,3219733,513,8420885,917163
"ZJ304 sp910584145",9659,399,117,1319,754,558,851,0,1515,38,766,596,1219,32,122,29,652,0,903,0,459,1127,235,87,189,19,297,0,613,1132,52,38,220,284,395,27869,25,62,176,74,39279,177,13,102,756,698,489
"Bifidobacterium globosum",607571,150073,67490,88402,186936,539540,77788,59,389247,1152,320433,156766,611056,318,22526,9566,150011,255,224098,0,55497,188610,60590,17589,28840,0,47768,0,84908,213556,74065,291,41910,33229,181772,1701361,19554,8544,157361,180,49674,188300,1358,516,361,1473485,1037
"MGYG000333678",154,457,54,102,423,543,64,21,442,281,472,141,888,94,110,181,364,19,617,73,518,296,214,13,238,27,283,50,587,82,21,508,105,420,105,659,60,76,89,549,661,81,101,891,546,349,28
"Schaedlerella sp910575475",2795,4515,21886,224,3260,56289,1316,650,101603,2444,5899,19394,312085,236,799,7650,31157,17477,360899,35,695611,4319,83398,6530,84448,149,157486,97,415590,14211,152934,184,1095,147177,83113,16243,42796,332,349565,57,5129,60719,185,583,0,204197,1769
"Lawsonibacter sp910588635",185,3223,25,29,105,297,25,643,142,129,103,80,1215,2222,27,66,63,21,342,71,721,151,240,22,162,952,246,33,613,55,396,2197,35,180,48,1256,232,224,1307,118,322,184,74,5196,131,2082,53
"MGBC122484 sp910587055",0,0,0,0,0,26,0,73,0,11,0,16,0,93,0,102,0,0,0,20,0,0,0,0,0,53,0,0,0,0,46,0,13,0,0,19,15,0,111,15,0,16,0,0,35,154,24
"Desulfovibrio sp009773975",338711,536554,18634,18697,310240,226591,37286,28516,448993,277,582520,14148,3849898,632235,15779,11655,133219,36,3422463,2163,654887,52751,212084,4419,48206,178516,528403,6926,1081921,23960,66713,161537,10394,442682,292372,1151220,6370,22459,305853,349,945436,69204,5275,751738,85,347036,50873
"NM07-P-09 sp004793665",25602,1298171,2007,4825,74224,3547,3066,256726,176767,149,206012,4916,224058,312619,5937,109,75962,0,201652,13191,105011,5178,73317,399,29618,245660,111706,3515,141888,3222,3296,898493,911,26182,2879,55768,1442,64093,11510,40,14381,21926,14045,3410758,13,151175,1497
"MGBC105563 sp910579165",892,1493,1163,565,1331,1530,285,0,3143,92,1610,2108,1570,0,155,55,1745,0,1684,0,1510,1829,777,172,1094,0,839,0,2156,660,667,782,311,994,1371,2337,374,423,2638,0,1307,643,95,1910,0,4665,489
"MGYG000327895",41,78,19,12,33,46,0,0,88,0,53,45,48,13,10,0,45,0,60,0,55,46,19,0,30,0,31,0,79,20,21,46,10,30,32,76,0,15,73,0,30,14,0,129,0,134,10
"Paratractidigestivibacter faecalis",14,149,13,11,17,21,0,20,53,0,24,13,38,65,0,0,22,0,27,0,16,12,11,0,0,25,14,0,15,0,0,111,0,12,35,27,0,31,0,0,0,0,0,317,0,38,0
"Paratractidigestivibacter sp900540955",11,37,0,0,23,15,0,0,41,0,14,0,38,0,0,0,18,0,19,0,25,0,0,0,0,0,0,0,33,0,0,23,0,0,0,25,0,10,0,0,23,0,0,41,0,11,0
"MGYG000330582",17,30,13,0,21,22,0,0,37,0,25,14,28,12,0,0,19,0,19,0,35,19,12,0,12,0,0,0,26,15,11,26,0,23,23,34,0,0,31,0,25,0,0,71,0,58,0
"MGYG000329032",58125,1404,67,9693,1246,736,6195,0,1574,0,1089,3291,4896,10,110,36,413,0,3315,0,1091,3742,853,484,759,0,826,0,1438,6695,58,743,989,987,209,170727,48,225,326,0,11753,190,46,1341,0,1069,889
"Adlercreutzia muris",51313,110360,3795,12930,96043,29173,7424,17,118139,60,104216,15401,185518,66,7800,788,28093,0,163387,0,140167,22757,58511,2364,35797,19,58659,0,159514,29598,13716,40192,5211,40187,8614,169819,6385,10409,71792,0,94108,27591,1816,74943,0,225323,7040
"Adlercreutzia caecimuris",29037,186015,6855,4884,94919,66996,4262,0,121006,67,116970,3577,268335,26,6388,1753,27491,0,192571,0,122039,5193,42692,574,26099,15,40431,0,163649,6306,1108,29964,1270,37432,26279,90829,618,16124,5681,0,110814,2516,2274,60009,0,18423,2667
"Adlercreutzia mucosicola",4048,20786,1977,961,8018,16486,637,0,8765,24,8486,969,19908,0,568,650,2248,0,16405,0,8791,1599,5520,170,3604,0,6885,0,10334,2166,421,35469,383,4641,4371,13620,217,1627,2184,0,17019,889,529,65717,0,6418,490
"MGYG000329825",2482,5848,298,738,5076,2421,528,0,6192,0,4581,741,9430,10,480,103,1583,0,7593,0,6026,1064,2407,113,1897,0,2364,0,6849,1243,446,2439,236,2259,728,7855,288,675,2290,0,5380,1170,136,4301,0,7557,262
"Adlercreutzia hattorii",1280,1058,78,330,760,571,246,0,1075,0,753,219,1493,0,74,15,309,0,1181,0,822,310,349,34,337,0,364,0,1081,290,56,519,79,385,170,3926,42,146,314,0,1158,164,33,942,0,1026,57
"Adlercreutzia sp910589165",506,723,41,186,668,432,106,0,789,0,517,118,1078,0,48,16,220,0,885,0,631,157,291,17,258,11,287,0,784,175,46,366,36,297,116,1495,21,89,248,0,807,132,16,717,0,784,36
"MGYG000329537",473,1841,159,135,923,1527,76,11,1136,0,923,140,1768,21,84,74,297,0,1288,0,1357,214,469,23,300,0,538,0,1823,223,36,1868,42,418,386,1384,33,209,216,0,1397,74,43,3400,0,531,35
"MGYG000327852",375,836,49,119,640,389,88,0,889,0,589,99,1226,0,54,25,227,0,986,0,722,151,286,23,258,0,307,0,845,145,45,384,31,339,134,1181,30,114,203,0,796,148,20,656,0,709,33
"Adlercreutzia sp910585575",318,516,49,118,358,417,78,0,522,0,326,76,820,54,28,0,161,0,606,0,408,120,194,13,197,25,166,0,511,99,21,387,17,295,103,999,10,64,81,0,566,30,11,748,0,245,20
"MGBC163016 sp910588205",44620,43978,3578,6219,66807,22379,4953,77,95839,15,72773,6213,256645,275,4962,797,27601,0,266854,0,135330,12326,63357,969,32115,144,70503,0,227931,11976,10205,445,1804,51460,13481,135729,2658,2814,48474,0,38078,8156,496,1108,0,129955,487
"MGBC163016 sp910589135",37786,34435,6346,5083,27006,51872,3691,28,36715,61,36747,8282,64765,57,2187,2092,11972,0,51598,0,46127,16260,11800,1274,6050,19,20026,0,59642,13658,1477,102,2415,10174,16921,88915,454,2279,7934,0,44622,6601,347,198,0,32342,360
"MGBC163016 sp910588945",15509,37503,2434,1780,26761,6314,2440,20223,41212,41,36996,6603,37872,83187,3420,430,10977,0,19559,918,38293,12718,14249,1002,10434,55288,15562,1227,51458,8260,4728,28975,1956,16765,11065,67719,1048,4137,27498,0,53868,4339,1363,102130,0,34138,309
"MGBC163016 sp910588905",10161,9072,998,1646,17377,6415,1237,0,24587,11,18588,1805,47134,28,1296,226,7277,0,46141,0,30238,3445,11432,266,6791,10,12208,0,50552,3104,1887,355,550,10273,3399,29653,567,646,8717,0,11170,1858,123,826,0,24511,181
"MGYG000329984",3706,3159,594,814,7212,1041,431,34,10028,20,8672,1618,14133,137,640,53,3369,0,8129,0,7666,1918,5511,184,2291,70,2109,0,10499,1419,58,3494,325,2815,1717,9753,15,172,190,0,5495,61,83,12292,0,525,548
"MGYG000328464",392,405,59,154,1423,380,97,0,2052,0,1123,154,2693,11,140,26,735,0,2407,0,1914,276,577,14,749,0,641,0,3091,132,79,22,41,1096,175,1353,55,56,355,0,730,176,17,87,0,1119,0
"MGYG000366993",159,209,43,42,224,342,47,0,335,0,180,65,367,23,24,12,139,0,304,0,246,128,70,12,84,0,118,0,314,60,10,27,21,119,80,419,0,33,33,0,336,48,0,52,0,129,0
"MGBC163016 sp910585565",156,241,30,30,262,259,36,11,378,0,242,57,450,37,29,15,128,0,336,0,273,118,104,0,110,28,124,0,389,37,0,33,16,155,75,402,0,32,33,0,302,32,0,114,0,114,0
"MGBC163016 sp910589125",118,110,27,24,249,110,24,0,392,0,211,40,517,19,27,0,151,0,517,0,248,69,147,0,135,18,121,0,426,36,13,42,18,223,49,393,0,0,51,0,167,34,0,144,0,184,0
"MGYG000328353",107,127,15,37,496,82,23,0,746,0,551,57,668,18,41,0,239,0,550,0,738,64,165,0,150,20,157,0,1235,50,0,52,14,248,67,323,0,17,48,0,239,20,0,197,0,123,0
"MGBC163016 sp910580205",67,73,15,18,125,90,19,0,189,0,99,27,312,0,13,0,71,0,266,0,118,51,86,0,99,0,81,0,194,22,0,14,0,100,27,193,0,13,34,0,128,13,0,42,0,111,0
"MGBC163016 sp910588985",50,64,0,14,93,53,10,0,136,0,74,18,166,38,14,0,47,0,126,0,92,40,33,0,68,17,38,0,107,13,0,21,0,90,23,110,0,14,13,0,97,0,0,57,0,31,0
"MGBC163016 sp910588435",43,56,0,11,81,29,13,0,102,0,58,17,172,25,0,0,44,0,136,0,63,23,48,0,38,13,39,0,109,18,0,13,0,75,20,94,0,0,14,0,67,0,0,61,0,59,0
"D16-63 sp910588095",14857,40854,934,2092,25425,3563,1908,46,35814,23,33263,2132,49075,223,2309,204,10693,0,38150,0,23005,2300,11501,300,9235,84,6515,0,31659,3071,226,2094,490,10873,3709,37423,111,2088,909,0,18802,344,696,5828,0,2115,184
"MGYG000328321",285,642,445,65,10392,859,54,0,16131,0,10995,667,1054,0,1129,32,4648,0,827,0,3984,1283,269,122,239,0,216,0,5264,895,13,89,175,273,1245,751,10,51,55,0,459,42,10,242,0,228,0
"MGYG000410711",113,356,24,36,357,163,23,46,455,0,339,56,545,209,36,0,135,0,353,0,322,83,121,0,119,104,109,0,418,50,17,119,14,193,61,465,0,43,71,0,356,22,0,299,0,133,0
"Enterorhabdus sp009911695",10523,42043,1526,1633,20294,26588,1305,83,29505,37,22831,4711,44539,194,1558,710,7563,0,26959,0,41144,6493,10874,755,5418,71,15165,0,55326,7910,62,8138,1172,8829,8018,31221,21,4319,343,0,19973,111,468,17809,0,873,219
"MGYG000329834",749,2964,97,149,1624,1960,97,0,2237,0,1667,345,3074,0,134,43,596,0,1814,0,3076,500,752,41,472,0,933,0,4146,506,0,538,75,690,556,2246,0,330,22,0,1438,17,35,1016,0,91,16
"Enterorhabdus sp910589695",274,794,43,58,472,680,42,0,690,0,418,136,817,0,39,15,190,0,498,0,738,159,191,27,148,0,273,0,938,143,0,177,27,279,179,690,0,100,0,0,454,0,10,368,0,34,0
"D16-34 sp910575165",9714,17292,1370,1566,13258,19910,1179,26,20292,18,15921,4597,39678,105,1371,599,5081,0,28126,0,21271,4539,8664,608,4583,60,6807,0,25872,6438,79,2506,1007,4992,6236,32111,24,1369,368,0,11666,108,276,6684,0,734,113
"D16-34 sp003612515",21,23,0,13,47,43,0,0,61,0,33,18,39,0,0,0,24,0,37,0,45,23,17,0,31,0,24,0,52,13,0,12,0,30,22,64,0,0,0,0,39,0,0,24,0,33,0
"D16-34 sp910577495",15,29,16,12,50,78,0,0,58,0,33,32,35,0,0,0,27,0,26,0,47,39,23,0,28,0,11,0,64,14,0,0,0,37,32,64,0,0,0,0,41,0,0,11,0,0,0
"ZJ304 sp943192905",60,204,0,13,175,86,11,0,234,0,170,18,262,45,13,0,65,0,166,0,183,38,62,0,48,29,56,0,237,26,0,55,11,90,31,167,0,21,14,0,167,10,0,133,0,33,0
"MGYG000401219",48,94,0,11,102,60,12,16,110,0,101,14,154,67,0,0,35,0,106,0,93,25,43,0,38,36,31,0,96,14,0,30,0,61,25,89,0,14,18,0,114,0,0,89,0,30,0
"Parvibacter caecicola",5637,18878,44,993,4725,332,725,20,5358,0,4560,1189,28066,57,222,18,1579,0,28324,0,6577,1680,7098,208,3630,38,11366,0,9040,2297,10,760,308,4881,118,15197,14,1887,76,0,14631,36,202,1463,0,218,95
"Parvibacter sp910587945",223,748,177,73,597,354,48,0,931,0,804,254,952,23,80,11,332,0,775,0,634,208,260,17,167,10,294,0,961,129,122,199,39,292,279,753,31,95,455,0,538,75,10,474,0,775,121
"MGYG000329896",51,110,0,26,112,110,13,0,139,0,77,30,191,0,11,0,53,0,145,0,99,47,45,0,55,0,59,0,119,30,0,42,12,83,36,176,0,17,15,0,128,14,0,62,0,59,0
"Parvibacter sp910588725",44,88,0,17,104,69,12,0,173,0,69,29,177,0,12,0,40,0,137,0,85,36,31,0,45,0,32,0,102,15,0,30,0,86,24,116,0,13,0,0,103,0,0,43,0,15,0
"MGYG000328306",848,2671,75,378,2662,1279,239,13,4318,0,1823,641,6188,40,230,68,1697,0,3751,0,1837,926,1289,95,2242,20,1277,0,2644,407,0,57,176,3708,173,2086,0,506,11,0,2385,0,133,198,0,14,0
"MGYG000328451",157,255,24,37,214,219,23,0,337,0,236,66,477,0,21,12,113,0,306,0,248,96,109,11,104,0,122,0,345,69,12,16,18,198,70,424,0,33,22,0,249,24,0,52,0,106,0
"Anaerotardibacter sp000435675",122,12,17,30,316,143,31,0,434,0,208,43,236,0,82,0,125,0,123,0,376,119,88,0,225,0,92,0,462,41,0,0,27,195,101,492,0,0,0,0,289,0,0,0,0,0,0
"Anaerotardibacter sp900753095",17,33,0,0,44,54,0,0,74,0,30,13,49,0,0,0,16,0,37,0,46,30,23,0,28,0,19,0,66,0,0,10,0,44,12,76,0,0,0,0,27,0,0,27,0,0,0
"Gordonibacter pamelaeae",39,55,0,22,98,67,14,0,139,0,53,21,161,0,0,0,58,0,120,0,61,47,36,0,62,0,34,0,84,30,0,24,10,81,18,129,0,13,0,0,103,0,0,50,0,19,0
"Eggerthella lenta",28,59,10,13,71,77,12,0,107,0,64,31,118,0,0,0,41,0,85,0,61,32,22,0,47,0,35,0,73,17,0,43,0,50,25,85,0,12,0,0,63,0,0,89,0,17,0
"Ellagibacter isourolithinifaciens",18,53,0,0,57,56,0,22,77,0,41,22,82,57,0,0,28,0,60,0,51,27,19,0,18,24,23,0,55,11,0,21,0,32,23,79,0,0,24,0,76,0,0,77,0,31,0
"Senegalimassilia faecalis",14,36,0,0,28,39,0,0,54,0,35,14,60,0,0,0,22,0,36,0,30,23,11,0,24,0,20,0,43,11,0,20,0,25,16,56,0,0,0,0,38,0,0,76,0,0,0
"Slackia_A isoflavoniconvertens",10,0,0,0,14,18,0,0,27,0,17,0,22,0,0,0,12,0,19,0,13,0,12,0,0,0,0,0,17,0,0,0,0,0,0,23,0,0,0,0,25,0,0,0,0,15,0
"Collinsella aerofaciens_J",15,31,0,0,24,14,0,0,26,0,0,0,38,0,0,0,0,0,30,0,0,0,0,0,0,0,0,0,24,0,0,18,0,0,0,43,0,0,0,0,25,0,0,32,0,0,0
"Enorma burkinafasonensis",26,33,0,13,26,51,0,0,48,0,36,16,59,0,0,0,21,0,34,0,15,31,0,0,19,0,0,0,18,18,0,14,0,19,0,85,0,0,20,0,20,28,0,40,0,74,0
"MGYG000410812",15,38,0,0,48,29,0,0,35,0,34,0,65,0,0,0,19,0,38,0,29,0,14,0,16,0,21,0,43,0,0,13,0,21,0,46,0,0,0,0,35,0,0,27,0,0,0
"UMGS124 sp900555105",13,34,0,0,44,16,0,0,44,0,23,0,57,0,0,0,23,0,23,0,18,0,10,0,13,0,0,0,32,0,0,0,0,28,0,15,0,0,0,0,35,0,0,19,0,16,0
"Bifidobacterium animalis",3536,1532,641,858,1692,4223,795,0,4458,16,2006,1448,4125,0,340,98,2082,0,1249,0,350,1920,378,185,352,0,314,0,575,1381,583,0,486,348,2282,10793,203,253,1326,0,385,1608,37,0,0,7997,0
"Bifidobacterium adolescentis",139,23,31,28,50,163,35,0,94,0,66,35,126,0,0,0,43,0,48,0,12,48,16,0,0,0,13,0,15,56,17,0,0,0,46,389,0,0,30,0,17,54,0,0,0,260,0
"Bifidobacterium pseudocatenulatum",78,13,13,20,22,85,16,0,38,0,20,23,81,0,0,0,29,0,24,0,0,27,0,0,0,0,0,0,0,39,13,0,0,0,23,177,0,0,13,0,0,29,0,0,0,175,0
"Bifidobacterium bifidum",55,0,0,15,32,54,11,0,21,0,16,0,36,0,0,0,16,0,22,0,0,10,0,0,0,0,0,0,0,10,11,0,0,0,19,91,0,0,0,0,0,23,0,0,0,76,0
"Bifidobacterium longum",52,18,0,15,27,43,14,0,61,0,25,15,102,0,0,0,19,0,75,0,16,20,16,0,20,0,15,0,22,25,0,0,0,23,17,144,0,0,14,0,22,14,0,0,0,97,0
"MGYG000329693",21,22,0,0,14,36,0,0,24,0,13,17,21,0,0,0,14,0,0,0,0,20,0,0,0,0,0,0,0,0,0,19,0,0,12,51,0,0,0,0,0,16,0,0,102,61,0
"Paramuribaculum intestinale",83676,293,720,2661,87419,52601,3536,47,136650,39,139893,4358,84338,75,28420,4348,35691,0,37772,0,521169,36843,66040,1855,21909,357,92199,0,703715,19130,18,257,5621,70547,28445,325806,74,20,72,28,44451,22,40,383,14,374,6736
"Paramuribaculum sp001689565",17884,4169,267,955,11959,31977,1652,582,53173,29,26284,10415,36746,543,7156,2242,10540,0,12311,13,197852,78690,98195,3495,11745,2210,143075,56,237342,42960,94,1322,9047,72607,7401,80569,506,86,532,15,64361,116,163,2989,0,2725,28795
"Paramuribaculum sp910579675",300,699,40,26,200,1049,49,121,857,0,275,162,223,45,203,181,261,0,77,0,1455,1857,838,94,236,364,1456,17,2296,634,18,301,384,1372,351,2143,108,34,45,0,609,14,78,430,0,263,221
"MGYG000329858",269,395,0,0,71,494,15,101,369,0,279,40,92,161,77,70,148,0,25,0,888,628,558,43,127,404,914,0,1258,268,51,25,128,628,208,1555,95,15,204,0,226,53,0,50,0,817,80
"Paramuribaculum sp910578805",261,572,21,26,226,962,34,44,529,0,290,83,496,118,160,85,217,0,149,0,1232,1316,596,56,174,322,746,0,1436,339,12,288,306,1056,232,1517,70,37,109,0,383,21,37,631,0,382,161
"MGYG000325717",227,110,81,29,234,669,39,14,324,0,208,66,524,10,93,54,158,0,93,0,713,677,184,19,85,142,329,0,751,172,0,66,93,218,313,1065,28,0,19,0,153,0,0,91,0,128,73
"Paramuribaculum sp910579185",229,286,10,23,139,692,40,42,632,0,199,113,202,18,145,78,231,0,60,0,1103,1461,645,70,230,130,1145,0,1710,445,0,86,241,1051,165,1110,29,14,15,0,471,0,27,218,0,92,144
"MGYG000329300",186,203,18,27,149,590,29,55,667,10,224,215,199,21,137,72,206,0,117,0,1164,1474,830,62,184,114,1539,0,2035,535,0,41,204,1188,114,977,19,0,10,0,849,0,14,75,0,92,352
"Paramuribaculum sp009775605",174,157,60,54,323,555,48,11,341,0,138,77,574,0,131,70,145,0,137,0,719,694,186,34,170,38,408,0,661,144,0,128,116,326,263,869,11,0,0,0,245,0,19,178,0,35,48
"Paramuribaculum sp910586475",113,160,43,19,141,403,41,12,206,0,73,35,258,42,88,41,104,0,48,0,316,371,109,15,77,120,268,0,352,106,0,63,63,167,162,626,17,0,25,0,155,0,0,113,0,113,33
"MGYG000325727",92,158,13,12,78,227,19,23,143,0,73,33,157,0,48,18,60,0,24,0,298,294,113,15,49,64,207,0,347,94,0,88,48,168,100,583,17,11,0,0,111,0,20,110,0,53,30
"Paramuribaculum sp910588065",83,131,0,0,60,324,22,81,343,0,83,56,90,88,85,51,102,0,41,0,855,828,454,49,124,316,880,0,1266,354,22,112,163,786,101,626,49,17,92,0,282,20,12,234,0,355,125
"Paramuribaculum sp910578305",77,242,18,0,80,244,13,18,142,0,63,17,140,26,33,19,57,0,37,0,306,260,106,0,52,110,188,0,413,90,0,182,52,215,91,508,29,16,43,0,63,0,22,485,0,145,19
"Paramuribaculum sp910587185",73,358,13,12,114,275,11,18,228,0,109,59,204,28,56,34,74,0,94,0,403,341,184,18,97,102,273,0,594,119,0,222,62,289,97,554,19,27,27,0,168,0,34,316,0,151,68
"Paramuribaculum sp910577465",43,349,18,0,58,183,0,19,129,0,72,39,59,0,33,22,74,0,11,0,194,315,90,11,22,36,186,0,346,71,0,78,69,170,87,300,15,0,0,0,112,0,15,134,0,32,46
"Paramuribaculum sp910586895",27,77,0,0,22,133,0,102,37,0,20,13,29,40,0,18,12,0,10,0,92,103,26,0,0,176,32,0,115,48,0,19,23,35,60,261,55,0,13,0,28,0,0,37,0,151,10
"Paramuribaculum sp910589095",26,13,0,0,22,95,0,0,76,0,17,10,26,0,19,14,24,0,0,0,112,152,52,17,16,14,111,0,164,42,0,0,32,113,25,98,0,0,0,0,55,0,0,0,0,0,0
"Paramuribaculum sp014800945",20,74,0,0,12,66,0,0,30,0,14,0,28,0,14,10,21,0,0,0,66,55,29,0,13,29,52,0,99,20,0,45,13,44,33,131,0,0,0,0,16,0,0,55,0,28,10
"MGYG000325457",16,100,0,0,0,32,0,0,23,0,19,0,14,0,0,0,14,0,0,0,57,45,16,0,0,0,32,0,69,0,0,20,0,22,21,97,0,0,0,0,20,0,0,27,0,0,14
"Paramuribaculum sp014802045",15,16,0,0,18,59,15,0,43,0,14,0,33,0,11,0,19,0,0,0,86,100,11,0,15,0,50,0,68,0,0,0,13,40,29,108,0,0,0,0,25,0,0,0,0,10,0
"MGYG000325750",14,12,0,0,13,35,0,0,31,0,0,0,0,0,0,0,16,0,0,0,24,52,11,0,0,0,10,0,51,11,0,0,0,17,0,58,0,0,0,0,0,0,0,0,0,0,0
"MGYG000325361",13,14,0,0,32,35,0,0,45,0,24,0,17,0,20,0,13,0,0,0,89,53,25,0,10,0,53,0,107,0,0,13,0,49,0,67,0,0,0,0,36,0,0,18,0,0,0
"Paramuribaculum sp014801865",11,24,0,0,0,40,0,11,18,0,10,0,0,0,0,0,14,0,0,0,30,20,0,0,0,35,0,0,29,0,0,13,0,17,12,53,14,0,11,0,0,0,0,33,0,52,0
"Paramuribaculum sp014801655",11,27,0,0,0,34,0,0,22,0,0,0,0,0,0,0,16,0,0,0,38,37,21,0,11,0,11,0,46,19,0,0,15,28,0,74,0,0,0,0,0,0,0,12,0,0,0
"MGYG000325540",10,15,0,0,0,24,0,0,10,0,0,0,12,0,0,0,0,0,0,0,26,13,10,0,0,0,13,0,33,14,0,0,0,0,11,29,0,0,0,0,0,0,0,14,0,0,0
"Duncaniella sp910576785",220562,942,573,2530,38673,524592,6663,332,333819,18,152310,22172,10710,163,34652,59676,124426,28,1703,0,467735,596427,139509,39085,22281,762,62143,21,788910,364989,27,292,120661,121846,163069,717082,148,40,139,1147,7906,21,66,635,146,808,6936
"Duncaniella dubosii",69467,1293,534,906,10625,27825,3126,20,38617,33,66215,819,3120,23,6345,3000,27235,0,216,0,96747,24954,57464,1461,8051,88,113684,0,141866,22438,0,333,6271,34498,19026,315274,30,27,22,80,977,11,38,632,0,111,1133
"Duncaniella sp910589485",49493,167854,115,1150,2997,125132,3924,125157,8656,21,4630,7911,14580,53025,2709,14104,2638,0,1520,2501,43334,46338,14132,6401,3567,308663,8772,9962,38906,63662,11328,13554,15562,9215,51486,310531,60704,6203,48570,222,8754,11438,12781,40796,44,346141,712
"Duncaniella sp001689575",55678,7665,245,1134,31594,16899,2356,25642,50858,44,38233,1754,24771,7750,15459,2379,17699,0,2999,1618,199329,27644,21327,2705,12609,280285,20729,6709,184018,26930,15212,4451,6859,18066,13407,305053,41466,405,42127,29,8071,15785,476,7742,0,461365,1587
"Duncaniella muris",14120,111320,472,288,3761,34609,369,596,10339,65,16555,1128,4510,885,2029,4052,8126,0,1161,0,41177,25663,17556,1777,3595,3460,16683,90,69642,20885,190,31632,6568,15659,7632,67513,669,956,840,62,1958,210,6702,100106,0,4611,1166
"Duncaniella sp910578445",1522,972,55,52,443,1609,130,183,1325,0,1575,73,395,373,353,207,939,0,213,0,2746,1860,1481,70,382,1124,2586,16,3855,725,86,564,405,1591,757,7835,169,45,403,0,246,50,64,1407,0,1297,150
"Duncaniella freteri",1211,2252,71,75,1274,2124,99,101,2040,13,1255,187,2440,59,908,268,615,0,655,0,7276,1823,4375,118,764,550,5865,26,10909,1328,20,929,529,2948,697,7721,154,100,75,107,801,45,121,1722,2272,786,208
"Duncaniella sp910578515",1088,3447,133,88,460,3630,127,630,2951,20,1025,717,859,214,652,545,1091,0,344,13,6272,7626,3888,368,751,1413,7868,42,11038,2801,19,1064,1241,5082,1597,7108,300,61,148,11,3008,30,141,1898,0,974,1458
"Duncaniella sp910577255",895,1516,46,54,847,2728,117,377,2650,0,1237,480,866,178,562,396,827,0,706,0,5595,5666,3478,261,726,983,6159,38,8699,2204,24,1258,979,4212,843,5548,227,61,137,0,2443,41,210,2354,0,741,1026
"Duncaniella sp910577345",822,2407,27,36,218,2629,64,1859,1167,0,413,323,396,723,224,309,482,0,122,17,2393,3294,1240,190,301,3999,1914,108,3812,1712,122,485,658,1714,959,5941,673,75,585,0,889,92,155,1154,0,3668,349
"Duncaniella sp910577335",779,2098,119,101,864,1977,117,266,2146,26,893,289,1086,285,715,228,829,0,437,0,5237,2675,1640,121,546,1170,3226,38,7702,909,66,1277,461,2120,997,5196,187,77,280,0,1501,46,155,2173,0,1189,580
"MGYG000325799",567,4833,24,17,105,1495,24,66,327,0,609,48,123,36,92,199,379,0,20,0,1613,948,708,79,185,386,573,20,2350,778,12,1382,246,705,258,2738,117,38,41,0,56,25,372,4099,0,407,34
"Duncaniella sp014802345",477,509,36,23,620,938,45,110,1120,0,688,70,633,88,332,123,398,0,952,0,3277,911,1030,48,396,274,1428,0,4680,407,12,173,205,958,357,2745,70,39,60,0,589,22,46,343,0,330,210
"Duncaniella sp910578615",239,5846,0,0,90,148,0,10,209,0,156,14,148,0,30,16,68,0,35,0,436,178,351,0,79,51,384,0,778,113,0,27747,36,228,53,871,14,94,10,0,57,0,1219,127697,0,83,10
"MGYG000325465",238,761,37,17,183,519,23,36,376,10,192,60,229,55,109,69,186,0,64,0,828,621,296,28,108,290,586,11,1168,227,15,207,139,385,279,1653,59,18,55,0,181,16,25,420,0,393,70
"Duncaniella sp910586305",213,290,20,10,174,718,14,51,473,0,205,45,207,55,99,72,191,0,39,0,666,777,183,53,79,342,272,15,890,214,21,120,161,332,204,960,50,11,53,0,125,17,25,285,0,403,39
"Duncaniella sp001689495",148,362,0,0,143,559,15,100,364,0,155,40,268,144,79,88,153,0,49,0,497,640,178,29,106,704,369,11,737,178,28,238,160,492,184,664,95,57,200,0,160,21,41,381,0,758,27
"MGYG000327170",150,346,0,13,61,459,18,41,220,0,104,32,64,28,67,47,112,0,24,0,376,515,193,27,58,162,260,0,636,194,0,189,121,226,149,972,25,20,24,0,105,0,20,219,0,138,52
"Duncaniella sp910584825",122,120,0,0,61,160,10,76,125,0,56,0,37,35,40,21,44,0,0,0,276,107,52,19,25,559,21,21,259,82,25,22,21,50,64,596,125,0,65,0,21,42,13,58,0,656,0
"Duncaniella sp910587165",119,75,0,0,63,347,11,22,216,0,90,28,35,17,46,36,80,0,18,0,310,396,84,20,40,108,157,0,481,204,0,52,83,227,87,486,18,0,0,0,88,0,0,102,0,130,23
"MGYG000325518",113,363,0,0,52,195,0,23,125,0,102,11,40,81,37,21,102,0,18,0,248,183,90,11,36,211,121,0,339,97,17,134,41,129,68,442,49,0,54,0,42,26,34,353,0,310,14
"Duncaniella sp002494015",89,242,0,0,56,158,0,56,133,0,88,11,42,112,43,16,88,0,23,0,364,217,86,0,31,473,162,11,474,45,20,121,40,85,81,548,93,0,97,0,57,30,12,313,0,647,43
"Duncaniella sp910587515",83,201,20,14,99,322,14,0,196,0,65,33,168,0,75,29,109,0,24,0,347,397,131,16,62,46,255,0,495,93,0,54,63,233,115,548,11,13,10,0,110,0,10,118,0,52,23
"Duncaniella sp910586665",80,87,0,0,36,149,0,25,113,0,77,11,46,20,24,19,60,0,27,0,175,164,80,11,37,126,130,0,268,62,0,47,33,114,41,361,16,0,25,0,54,0,11,81,0,165,11
"Duncaniella sp014801945",72,84,0,0,29,86,0,13,55,0,51,0,14,10,13,0,36,0,0,0,103,47,44,0,17,63,58,0,144,20,0,16,0,49,24,247,17,0,11,0,12,0,0,36,0,92,0
"Duncaniella sp910588795",56,113,0,0,54,202,10,49,98,0,46,22,155,38,24,21,39,0,22,0,244,196,129,0,38,156,197,11,312,101,11,26,41,156,47,358,49,11,25,0,65,0,12,46,0,154,34
"Duncaniella sp001701225",41,28,0,0,25,44,0,0,61,0,20,0,14,0,14,0,29,0,0,0,83,67,26,0,14,64,34,0,112,33,0,19,14,43,20,186,12,0,0,0,12,0,0,35,0,75,0
"Duncaniella sp014802325",40,62,0,0,19,89,0,0,63,0,37,0,17,0,12,15,16,0,0,0,83,91,35,0,13,44,30,0,128,27,0,68,15,50,28,110,13,10,11,0,21,0,0,93,0,24,11
"Duncaniella sp014802015",34,75,0,0,11,59,0,24,23,0,12,0,15,13,11,0,14,0,0,0,65,36,17,0,0,105,20,0,61,40,0,0,13,14,17,152,30,0,17,0,0,0,0,19,0,119,0
"MGYG000325456",28,64,0,0,21,92,0,13,53,0,25,0,21,19,24,0,27,0,0,0,83,63,30,0,14,82,44,0,139,41,0,25,13,52,19,180,19,0,11,0,10,0,0,47,0,103,0
"MGYG000325723",21,17,0,0,11,48,0,10,26,0,11,0,11,0,0,0,0,0,0,0,30,29,13,0,0,25,12,0,31,23,0,0,0,17,23,79,0,0,0,0,0,0,0,11,0,28,0
"MGYG000325575",11,41,0,0,10,38,0,0,26,0,0,0,0,14,16,0,20,0,0,0,63,42,14,0,0,91,20,0,75,12,0,13,12,24,15,102,33,0,14,0,0,0,0,27,0,121,0
"MGYG000325671",10,14,0,0,0,64,0,0,20,0,13,0,0,0,0,0,13,0,0,0,29,43,15,0,0,29,0,0,38,14,0,0,15,23,0,64,0,0,0,0,0,0,0,17,0,36,0
"CAG-873 sp009775135",99992,330065,44,1279,21867,111339,2624,35,34482,0,9081,8159,32069,0,30474,13568,8313,0,1849,0,293484,103346,127812,7478,6641,51,51396,0,279312,86566,0,23369,24194,28638,35222,614742,13,9083,0,0,13931,0,13215,54266,0,48,666
"CAG-873 sp002490635",92990,913154,956,1621,136901,223543,2201,52,248722,13,182195,15040,786869,72,25334,9340,43625,0,101134,0,480236,139863,274360,7088,68654,270,296527,0,611958,83597,17,18836,15572,192644,119394,445339,35,36686,83,24,121488,22,14140,70321,0,293,2444
"MGYG000328238",27285,95,601,962,4946,253233,2691,51,6442,0,1875,1760,8715,20,7989,20084,647,18,2373,0,39427,33055,6302,3787,910,67,1810,11,26756,29715,0,20,10984,4202,42319,326381,12,0,0,0,10674,0,0,39,22,49,189
"CAG-873 sp009775265",8924,48315,95,434,6654,14793,422,11,17113,0,4690,471,28050,0,3193,749,4706,0,12880,0,29331,15163,40159,477,3253,27,53538,0,41746,5453,0,2149,1629,16468,4220,21005,0,1089,0,11,11542,0,1818,6329,0,46,901
"CAG-873 sp011959565",8087,257,19,129,10739,13801,349,48,23303,0,8258,587,6293,27,3428,714,6914,0,2272,0,35421,15651,13414,635,3305,190,22221,0,43330,5460,13,58,2175,10916,1351,27693,64,10,25,0,5917,15,10,128,0,310,191
"CAG-873 sp910578365",3658,14395,108,47,499,7086,85,684,1352,0,640,354,1945,328,961,889,1033,0,569,0,20328,7041,3493,560,1567,1514,3267,78,24406,9272,58,2095,1804,4489,4669,27054,366,258,320,0,1904,97,235,3361,0,1933,185
"CAG-873 sp910587235",1570,10367,152,60,2114,10723,80,0,4347,28,647,505,17039,18,1592,885,856,0,2807,0,39464,6399,7112,395,1232,41,4082,0,38078,4788,0,11109,1311,5403,1326,12374,0,380,10,0,1824,0,513,11292,0,67,373
"CAG-873 sp009775225",1442,4955,44,31,402,3072,38,1187,1417,0,679,153,1616,1758,403,445,492,0,258,85,5152,2653,2849,173,850,7110,3093,107,7011,1701,892,383,590,2626,1545,9936,1424,226,2908,0,772,672,150,1248,0,15949,218
"CAG-873 sp009775535",833,21731,0,28,386,10649,28,5463,1412,0,203,293,8864,334,2092,1243,440,0,352,82,9734,3055,2208,228,670,32990,3473,278,18410,2116,5300,52,1393,5784,1125,20635,13824,976,3786,0,976,5958,1110,117,0,132723,0
"CAG-873 sp910577315",761,935,70,69,652,2407,145,339,2817,0,1025,604,1149,124,656,307,732,0,434,0,6619,6459,4249,322,994,1302,10574,29,10582,2626,33,1576,1049,6417,876,5717,194,80,117,0,2947,35,137,1915,0,908,1392
"CAG-873 sp910584905",452,1040,38,33,261,950,45,91,1257,0,488,207,459,163,238,114,345,0,230,0,2956,2728,2175,103,384,385,4597,11,5262,1274,27,256,448,2221,387,2937,90,22,115,0,1277,40,33,490,0,661,580
"CAG-873 sp910587545",388,75,0,14,105,176,20,0,273,0,430,14,64,11,51,17,163,0,11,0,444,156,207,0,54,19,359,0,600,99,0,24,41,174,101,1124,0,0,0,0,29,0,0,42,0,33,11
"CAG-873 sp910586455",291,1111,30,18,132,865,27,226,408,0,159,91,295,110,148,114,227,0,114,0,1709,1261,537,75,221,555,881,46,2408,791,0,224,316,886,492,2513,136,43,83,0,359,42,39,369,0,358,153
"MGYG000324412",263,422,0,13,156,937,25,381,562,0,228,121,232,130,128,146,208,0,86,0,883,1309,598,65,145,636,901,0,1566,466,0,116,231,856,241,1549,112,27,85,0,424,0,52,240,0,493,178
"CAG-873 sp910587915",182,65,0,0,60,949,17,49,400,0,177,75,95,0,84,238,186,0,22,0,595,1465,297,71,80,117,614,0,1254,680,0,24,440,682,286,1463,29,0,0,0,215,0,12,37,0,82,73
"CAG-873 sp001689665",158,236,13,15,136,598,30,66,392,0,185,69,184,27,121,95,159,0,66,0,929,901,250,35,125,187,540,0,1282,246,0,85,165,444,243,1160,32,23,22,0,219,0,26,124,0,96,60
"CAG-873 sp017624155",126,886,0,0,138,280,0,0,268,0,166,17,679,0,54,23,43,0,97,0,599,209,289,12,70,18,250,0,681,121,0,56,28,229,121,576,12,39,0,0,130,0,16,161,0,24,0
"MGYG000329414",110,213,10,0,186,270,14,0,622,0,313,49,122,0,96,42,181,0,114,0,1020,621,371,32,89,24,715,0,1417,281,0,329,116,396,90,502,0,0,0,0,272,0,13,463,0,31,116
"CAG-873 sp910578095",107,120,13,0,55,333,14,63,193,0,72,46,73,24,42,59,83,0,27,0,350,603,179,30,58,108,302,0,575,163,0,46,112,392,147,586,23,0,13,0,149,0,14,107,0,93,44
"CAG-873 sp910586975",109,48,0,0,37,787,12,57,269,0,109,39,42,34,58,150,128,0,13,0,363,791,128,49,42,130,167,0,678,315,0,28,253,312,228,852,28,0,0,0,54,0,14,30,0,101,22
"CAG-873 sp001689415",101,370,0,0,84,186,0,0,158,0,92,14,103,0,59,25,69,0,45,0,578,214,159,22,47,68,196,0,654,132,0,137,59,145,68,550,25,15,0,0,71,0,20,256,0,75,16
"MGYG000325453",96,320,31,12,48,226,12,18,137,0,72,30,96,40,52,25,74,0,20,0,247,234,109,0,41,223,162,0,370,60,11,93,34,131,110,614,44,10,33,0,73,10,15,183,0,192,40
"CAG-873 sp910587475",80,192,19,13,66,287,30,96,191,0,121,40,91,29,57,34,72,0,46,0,453,392,129,21,55,194,297,0,593,177,0,351,64,208,182,543,35,13,26,0,118,0,0,292,0,165,44
"CAG-873 sp900550395",79,92,0,0,142,291,11,29,189,0,149,12,125,22,55,35,68,0,54,0,489,162,74,0,39,150,121,0,704,55,0,43,35,140,78,551,17,0,18,0,67,0,0,103,0,133,13
"MGYG000325639",77,132,0,0,19,112,0,0,85,0,57,0,38,0,15,13,40,0,0,0,134,140,88,13,20,50,131,0,253,48,0,40,24,111,28,462,0,0,0,0,25,0,0,51,0,28,0
"CAG-873 sp910576935",70,119,0,0,54,138,0,0,140,0,64,14,23,0,26,14,54,0,21,0,232,158,68,0,20,22,96,0,280,79,0,195,38,94,45,320,0,0,0,0,52,0,12,224,0,35,13
"MGYG000328998",66,44,0,0,30,242,0,22,122,0,40,19,29,0,26,34,53,0,0,0,216,323,128,15,34,36,151,0,298,99,0,0,56,167,77,291,11,0,0,0,68,0,0,19,0,52,22
"CAG-873 sp910578035",64,654,36,10,52,187,12,31,133,16,109,29,72,31,57,17,100,0,24,0,380,262,104,13,39,172,199,0,575,46,11,156,52,146,104,526,32,12,21,0,112,17,12,252,0,167,66
"MGYG000322997",63,74,0,0,26,475,0,18,82,0,25,20,73,37,37,39,39,0,12,0,135,173,57,11,20,131,96,0,218,74,0,30,31,106,67,498,26,0,29,0,57,0,14,70,0,147,11
"MGYG000325431",59,101,0,0,77,224,10,0,260,0,83,84,132,0,54,19,90,0,51,0,364,486,221,25,83,14,241,0,496,121,0,36,67,401,40,299,0,12,0,0,303,0,0,52,0,16,41
"CAG-873 sp905202215",57,92,0,0,16,110,0,0,70,0,52,0,32,0,22,17,37,0,10,0,127,143,64,0,25,37,114,0,262,55,0,60,24,104,43,290,0,0,0,0,31,0,0,69,0,42,0
"CAG-873 sp009775195",49,64,0,0,46,150,0,0,95,0,26,38,69,16,46,19,23,0,14,0,210,212,117,12,37,35,113,0,268,68,0,21,34,183,35,226,0,0,13,0,128,0,0,40,0,57,24
"CAG-873 sp910586995",48,149,0,0,30,116,0,43,90,0,46,25,51,15,24,22,39,0,13,0,182,230,92,10,22,64,168,0,236,78,0,32,48,151,53,228,24,0,0,0,104,0,0,53,0,80,33
"CAG-873 sp910577355",47,173,0,0,51,191,0,0,113,0,36,20,112,0,15,15,29,0,20,0,261,192,114,11,31,0,136,0,292,71,0,24,22,175,30,282,0,11,0,0,54,0,0,54,0,0,12
"MGYG000325570",44,40,0,0,33,121,0,0,108,0,30,35,38,0,25,16,41,0,17,0,226,339,157,15,44,0,330,0,387,91,0,25,39,256,20,176,0,0,0,0,133,0,0,32,0,0,47
"MGYG000325620",43,93,0,0,32,68,0,0,74,0,16,0,29,13,33,0,25,0,10,0,133,94,36,0,18,69,78,0,203,43,0,52,19,48,36,216,20,0,0,0,35,0,0,53,0,89,0
"CAG-873 sp001701165",42,155,0,0,14,175,0,0,51,0,23,0,26,0,23,59,32,0,0,0,110,129,86,0,40,25,60,0,163,49,0,47,44,118,62,328,0,0,0,0,20,0,25,80,0,22,0
"MGYG000325469",41,283,18,11,38,85,0,23,87,0,45,15,42,42,35,0,46,0,20,0,274,93,57,0,18,134,101,0,320,28,0,106,31,74,50,237,30,0,33,0,62,0,0,206,0,101,32
"CAG-873 sp003979155",35,131,0,0,29,94,0,0,69,0,33,0,84,12,0,12,42,0,0,0,115,85,44,0,21,40,73,0,143,23,0,25,15,79,40,235,14,0,12,0,20,0,0,65,0,39,0
"MGYG000325729",34,93,0,0,45,93,0,0,46,0,22,0,25,0,13,0,24,0,13,0,151,89,30,0,15,14,47,0,195,48,0,16,15,46,29,201,13,0,0,0,19,0,0,27,0,28,0
"CAG-873 sp910576775",32,133,0,0,26,143,0,25,80,0,37,12,66,31,31,25,46,0,12,0,211,168,78,0,39,124,85,0,300,57,12,61,27,122,71,314,19,17,29,0,36,0,14,134,0,162,0
"MGYG000325342",31,16,0,0,19,48,0,18,50,0,42,0,0,0,23,0,29,0,0,0,102,46,19,0,15,152,17,0,94,24,0,0,0,25,21,170,25,0,22,0,0,0,0,0,0,280,0
"MGYG000325463",30,135,0,0,29,69,0,0,68,0,25,10,26,0,17,0,27,0,0,0,134,83,41,0,22,69,74,0,193,33,0,39,14,64,41,185,16,0,0,0,43,0,0,84,0,24,16
"CAG-873 sp910587355",28,71,0,0,28,33,0,0,53,0,36,0,28,0,16,0,20,0,15,0,99,39,34,0,21,10,39,0,113,23,0,44,0,42,19,124,0,0,0,0,23,0,0,42,0,0,0
"CAG-873 sp910583525",29,41,0,0,23,85,0,0,56,0,23,0,40,0,13,18,29,0,0,0,124,114,31,0,16,26,55,0,155,20,0,24,27,45,14,106,0,0,0,0,17,0,0,37,0,30,0
"MGYG000328958",27,102,0,0,68,80,0,0,77,0,42,14,45,0,28,10,34,0,28,0,183,66,49,0,24,16,77,0,239,41,0,156,14,61,28,122,0,10,0,0,53,0,13,178,0,10,19
"MGYG000325379",26,110,0,0,16,19,0,0,31,0,22,0,17,0,14,0,0,0,13,0,128,40,16,0,18,76,26,0,86,18,0,18,11,20,25,166,21,0,0,0,18,0,0,29,0,92,0
"CAG-873 sp910584495",24,61,0,0,51,84,0,0,96,0,49,0,37,0,20,0,38,0,24,0,132,128,54,0,18,61,96,0,184,30,0,64,23,87,28,198,0,0,0,0,46,0,0,70,0,34,0
"CAG-873 sp910589055",23,82,0,0,21,107,0,12,44,0,25,11,0,0,15,16,27,0,0,0,134,101,46,0,14,15,58,0,141,32,0,32,13,56,23,133,11,0,0,0,29,0,0,51,0,30,20
"CAG-873 sp910586595",20,43,0,0,11,69,0,12,44,0,12,14,12,0,16,0,13,0,13,0,70,123,41,10,14,24,66,0,103,39,0,11,27,85,27,140,10,0,0,0,32,0,0,19,0,11,0
"MGYG000325473",20,10,0,0,48,104,0,0,100,0,30,50,39,0,37,12,52,0,17,0,184,271,74,11,50,0,120,0,217,47,0,14,39,212,11,98,0,0,0,0,151,0,0,0,0,0,33
"CAG-873 sp910587925",20,10,0,0,19,122,0,11,96,0,35,13,11,0,22,19,45,0,0,0,117,174,28,12,29,21,45,0,168,54,0,11,42,94,31,140,0,0,0,0,22,0,0,16,0,11,0
"CAG-873 sp900555715",17,63,0,0,50,59,0,0,46,0,60,0,56,0,24,0,24,0,33,0,113,56,54,0,20,15,72,0,147,24,0,91,17,57,23,120,0,0,0,0,36,0,0,93,0,26,10
"CAG-873 sp002493945",12,36,0,0,29,35,0,0,31,0,14,0,29,0,12,0,0,0,18,0,61,58,20,0,0,24,36,0,79,18,0,40,15,53,0,73,0,0,0,0,22,0,0,53,0,11,11
"CAG-873 sp002491245",11,25,0,0,0,36,0,0,27,0,12,0,0,0,0,0,17,0,0,0,37,45,0,0,0,20,13,0,53,27,0,0,11,18,13,69,0,0,0,0,0,0,0,0,0,27,0
"MGYG000329571",11,11,0,0,0,41,0,0,11,0,0,0,0,0,0,0,0,0,0,0,18,19,0,0,0,15,10,0,22,0,0,0,0,0,0,61,0,0,0,0,0,0,0,0,0,19,0
"MGYG000325537",10,21,0,0,10,10,0,0,12,0,0,0,0,0,15,0,11,0,0,0,27,12,0,0,0,21,0,0,65,0,0,0,0,19,0,68,0,0,0,0,0,0,0,0,0,17,0
"CAG-485 sp009775365",68691,204841,190,642,7179,97534,591,26,56336,0,7381,2666,4959,75,6744,7666,13491,0,820,0,88939,104227,96491,4461,15688,159,42519,0,240288,84337,16,1058,17012,59281,29872,453345,47,5072,78,32,2638,36,2223,3920,24,429,493
"CAG-485 sp002493045",49680,136424,297,612,4259,53904,649,144,25579,25,17349,998,7535,275,4644,8051,4909,11,922,0,161289,47230,39329,2865,11568,1196,22819,24,152479,48108,79,4373,12675,49654,26843,688399,246,2391,356,61,2477,77,8849,22123,30,1954,556
"CAG-485 sp009775355",20150,26851,506,260,1090,28504,162,0,4079,0,2921,744,2655,31,1402,4744,1530,0,782,0,24419,22109,13695,1534,4460,122,7966,0,39467,18608,0,4913,4743,6555,17596,121858,24,764,33,0,3309,0,1431,18257,0,123,135
"CAG-485 sp002362485",21620,50909,1003,944,12467,47093,1444,3065,37961,49,24873,3843,30044,6522,6762,4830,13657,0,12221,66,124563,75307,59444,3000,10901,20588,77921,273,150738,28980,1720,34610,13728,57777,20353,128220,3224,2246,7418,79,19694,946,3375,79687,0,24408,11795
"CAG-485 sp002361215",14316,47730,360,265,4323,35237,303,169,18099,20,4425,1958,15418,385,6379,5108,4067,0,4642,0,68500,23640,14812,1721,11784,1196,18726,29,78126,23158,98,11618,5674,17169,16020,128960,236,2855,450,14,5336,86,2720,36289,0,1791,1419
"CAG-485 sp002491945",8427,11263,104,161,1508,11234,278,2843,5522,15,1561,492,10226,11802,2931,882,1505,0,3296,330,22359,10890,21720,1183,12518,38694,21536,782,31862,10920,3466,569,4334,33719,7675,150794,9348,1429,21095,0,4219,4472,589,1136,0,62508,421
"CAG-485 sp002361155",8148,59334,508,685,3330,22730,345,210,10411,16,4007,3361,50807,543,3590,1637,2631,0,21135,0,34711,13922,29073,1154,11310,1732,26420,20,78568,12351,126,16479,2749,28852,5303,50639,189,2519,588,13,11910,84,1581,37430,0,2352,4057
"MGYG000410771",1359,5765,100,58,997,3474,123,216,2877,16,1520,260,2811,224,689,400,1078,0,576,0,6932,3797,2630,163,812,1738,5298,62,10977,1524,48,1356,805,3534,1853,10018,268,303,231,0,1200,81,291,3119,0,1522,358
"MGYG000325582",944,1395,45,18,145,1769,22,77,422,0,215,46,355,106,142,339,189,0,65,0,1516,1549,692,129,379,548,713,14,2243,909,25,406,373,698,942,5649,53,101,100,0,255,22,114,1052,0,421,22
"CAG-485 sp002493515",482,1536,59,31,221,654,54,19,460,18,282,78,257,23,152,68,242,0,125,0,1410,727,678,28,108,245,756,0,1836,266,0,515,168,384,391,3567,55,19,28,0,308,10,40,876,0,174,148
"CAG-485 sp003979075",406,7701,10,17,197,1975,24,10,617,0,274,89,556,11,342,637,207,0,113,0,1465,3103,2684,107,566,58,2292,0,1676,1556,0,5906,969,3952,574,7452,17,517,0,0,206,0,688,15034,0,83,110
"CAG-485 sp001701295",322,173,0,22,267,798,34,0,802,0,339,263,584,0,151,71,199,0,195,0,1836,1632,1181,77,233,37,1606,0,2615,627,0,37,210,1459,177,1676,11,10,0,0,1150,0,17,124,0,18,377
"MGYG000325475",278,1074,48,36,245,863,37,105,674,16,301,108,223,88,180,115,288,0,145,0,1383,1152,548,60,200,323,886,13,2169,415,19,310,267,784,375,1969,81,27,78,0,395,19,45,563,0,352,170
"MGYG000327930",276,712,0,10,36,440,0,0,215,0,36,15,122,21,39,59,44,0,37,0,324,522,511,20,59,64,409,0,1309,424,0,46,97,510,189,2077,11,22,10,0,58,10,13,145,0,89,19
"CAG-485 sp910584055",293,674,45,46,373,937,61,55,803,0,303,75,363,92,254,115,321,0,127,0,1390,1159,446,49,229,302,818,0,2133,340,17,300,242,851,315,2239,79,39,71,0,374,23,74,604,0,306,110
"MGYG000325569",255,489,12,15,96,541,27,70,326,0,97,44,248,418,170,51,116,0,104,27,765,656,526,50,570,1108,557,33,1033,311,83,125,205,1332,251,3547,469,62,522,0,241,152,28,182,0,1624,39
"CAG-485 sp910579845",215,385,48,40,335,728,55,71,976,0,361,212,276,112,275,63,313,0,112,0,1593,2008,834,75,325,457,1777,0,2759,475,30,578,281,1814,264,1143,55,26,133,0,978,25,25,771,0,330,300
"CAG-485 sp910584125",202,224,10,27,154,785,39,38,658,0,173,162,192,30,173,95,182,0,120,0,1260,1564,908,58,226,169,1646,0,2187,464,0,218,222,1297,182,1326,44,14,24,0,735,0,40,268,0,103,263
"CAG-485 sp910578385",175,243,0,0,113,599,13,156,363,0,162,57,128,50,106,105,153,0,54,0,584,792,295,47,73,407,421,11,932,322,12,75,161,416,187,1106,90,15,56,0,193,15,36,144,0,265,47
"MGYG000325346",168,282,19,30,162,661,42,13,375,0,206,51,273,10,144,75,190,0,60,0,837,981,237,29,180,71,443,0,1002,155,0,81,189,558,174,931,52,13,17,0,174,15,16,206,0,140,63
"MGYG000324474",156,710,18,0,114,362,12,0,260,0,134,25,147,0,61,47,81,0,51,0,467,365,238,16,88,20,230,0,778,214,0,148,65,256,148,1214,0,30,10,0,86,0,21,281,0,38,24
"CAG-485 sp910586175",148,238,0,0,93,579,28,0,532,0,112,162,163,0,127,83,162,0,62,0,837,1480,674,52,210,40,1446,0,1508,364,0,61,256,1456,96,784,0,0,0,0,724,0,30,139,0,36,194
"MGYG000329437",145,332,0,0,37,370,13,13,235,0,53,40,49,25,54,34,83,0,14,0,323,626,329,31,62,60,443,0,714,198,0,20,109,501,67,805,0,0,15,0,173,0,0,48,0,72,55
"MGYG000325442",138,300,0,0,90,396,18,0,242,0,110,44,116,20,86,70,123,0,31,0,441,721,222,33,86,66,287,0,607,129,0,104,179,534,131,838,15,16,16,0,119,0,11,168,0,72,51
"CAG-485 sp910577585",135,288,0,11,56,286,19,31,275,0,85,55,91,33,85,39,90,0,29,0,719,542,297,22,64,186,651,0,1051,247,0,90,101,431,120,858,31,20,37,0,194,11,22,217,0,131,83
"CAG-485 sp009775375",110,368,27,20,139,376,25,46,301,0,114,38,260,114,84,38,103,0,57,0,500,388,147,19,80,244,340,0,620,121,27,190,68,231,147,683,45,0,101,0,144,25,18,362,0,407,44
"MGYG000347897",109,274,10,0,53,182,0,0,132,0,88,11,60,0,40,20,82,0,34,0,266,240,163,10,70,40,206,0,435,99,0,77,52,202,84,760,13,19,0,0,26,0,23,199,0,40,25
"CAG-485 sp910578075",98,164,0,14,78,386,26,87,301,0,92,63,111,13,84,60,113,0,66,0,457,647,290,27,67,154,652,0,874,217,0,69,117,429,170,829,48,0,17,0,315,0,15,122,0,82,118
"CAG-485 sp900554845",99,304,14,13,205,275,31,14,256,0,196,27,102,17,91,33,116,0,154,0,700,291,198,13,107,87,262,0,857,123,0,509,70,248,106,641,21,27,0,0,163,0,39,597,0,74,66
"CAG-485 sp910583775",94,143,0,0,41,144,0,0,123,0,86,10,50,10,34,24,73,0,13,0,243,174,112,0,53,15,205,0,331,63,0,61,30,128,84,643,0,12,0,0,45,0,0,119,0,16,12
"MGYG000325760",87,135,12,15,109,346,19,0,201,0,92,21,122,25,67,45,83,0,37,0,398,391,145,27,45,116,231,0,486,86,0,110,75,248,98,574,32,0,23,0,111,12,0,132,0,101,38
"MGYG000325660",80,196,25,16,103,211,14,0,123,0,68,11,84,0,40,18,73,0,59,0,238,247,118,10,49,16,149,0,309,95,0,131,40,158,71,497,0,0,0,0,82,0,0,139,0,30,26
"CAG-485 sp910584545",79,239,0,10,48,230,0,0,141,0,57,22,203,0,66,31,59,0,73,0,302,254,140,18,65,28,190,0,507,83,0,70,56,272,83,462,14,25,0,0,131,0,18,131,0,61,34
"MGYG000325658",77,276,0,0,33,210,0,54,152,0,37,11,42,129,42,33,67,0,11,0,197,299,146,11,66,386,190,12,391,95,20,151,65,257,72,649,77,24,78,0,47,18,21,302,0,326,0
"CAG-485 sp910584525",73,256,0,0,102,274,0,16,255,0,111,32,204,20,75,32,97,0,67,0,447,333,164,23,77,90,292,0,580,101,0,257,53,288,133,512,22,42,23,0,141,10,34,312,0,95,40
"CAG-485 sp910583795",66,366,13,11,109,391,13,0,287,0,173,37,205,14,90,55,118,0,39,0,446,736,131,23,144,21,262,0,518,76,0,172,174,543,90,419,22,36,10,0,158,0,28,192,0,49,47
"CAG-485 sp910585275",64,245,0,0,80,187,13,0,144,0,85,13,129,0,47,25,77,0,35,0,306,186,133,0,57,84,179,0,373,93,0,94,51,170,76,612,14,14,18,0,52,0,17,94,0,115,0
"MGYG000325481",56,158,0,0,60,154,0,14,132,0,59,13,124,30,36,27,47,0,33,0,189,158,73,0,51,111,123,0,298,60,0,47,36,119,64,379,23,0,22,0,51,15,11,118,0,102,0
"CAG-485 sp910589425",51,112,0,0,27,152,0,25,135,0,62,37,40,0,20,14,45,0,23,0,229,344,186,10,38,45,415,0,496,110,0,19,59,281,53,259,0,0,0,0,185,0,0,56,0,44,75
"CAG-485 sp910588245",50,161,0,12,119,135,14,0,203,0,102,24,104,0,68,15,82,0,73,0,559,200,166,13,72,21,262,0,627,80,0,428,32,176,57,318,11,22,0,0,138,0,36,448,0,23,58
"CAG-485 sp014801815",50,99,0,0,18,122,0,0,70,0,24,0,17,13,18,15,31,0,0,0,81,136,63,0,18,27,86,0,170,51,0,41,25,82,55,400,0,0,11,0,17,0,0,66,0,26,0
"MGYG000329106",43,47,0,0,25,121,0,20,116,0,31,32,38,24,30,20,43,0,14,0,159,270,143,15,43,78,282,0,308,81,0,21,49,288,39,235,22,0,19,0,130,0,0,63,0,60,51
"MGYG000325458",41,156,0,0,0,71,0,0,37,0,22,0,28,21,0,0,37,0,0,0,49,83,87,0,13,60,154,0,264,34,0,24,14,74,52,298,17,0,22,0,0,0,11,167,0,90,0
"MGYG000325710",40,151,0,0,36,92,0,0,84,0,29,11,23,0,32,11,35,0,0,0,181,132,54,0,19,26,107,0,239,41,0,99,33,100,58,271,0,0,0,0,45,0,18,141,0,14,23
"MGYG000325738",37,211,0,0,0,71,0,0,40,0,26,14,25,0,23,0,22,0,0,0,124,102,52,0,15,25,64,0,159,27,0,48,24,56,43,247,0,0,0,0,45,0,0,72,0,27,24
"MGYG000325560",34,101,0,0,16,172,0,0,57,0,30,0,36,0,12,39,25,0,18,0,121,166,127,0,15,0,210,0,214,51,0,14,47,119,70,255,0,0,0,0,21,0,0,29,0,0,10
"CAG-485 sp910579305",32,77,0,0,11,56,0,17,23,0,24,0,29,43,17,11,27,0,14,0,61,58,32,0,20,95,48,0,118,18,15,44,18,61,27,140,11,0,36,0,19,0,0,114,0,182,0
"MGYG000325644",32,151,0,0,45,152,0,23,104,0,41,11,29,45,27,20,37,0,21,0,196,239,87,10,39,179,164,0,264,66,0,110,42,185,49,381,28,14,32,0,49,0,12,198,0,134,14
"CAG-485 sp900760815",30,96,0,0,46,150,0,0,94,0,53,0,42,13,38,21,28,0,36,0,195,144,50,0,35,42,80,0,216,41,0,115,35,113,52,295,22,11,12,0,36,0,18,149,0,60,11
"MGYG000325315",28,89,0,0,27,104,0,0,42,0,21,0,83,39,21,12,0,0,20,0,85,106,54,0,45,66,95,0,145,25,0,0,38,182,34,433,26,11,35,0,45,12,0,22,0,122,0
"MGYG000325633",26,25,0,0,27,118,0,0,109,0,52,20,38,0,41,14,53,0,19,0,188,254,100,10,34,20,218,0,327,51,0,13,37,235,35,179,0,0,0,0,122,0,0,16,0,19,44
"MGYG000325436",24,101,0,0,45,91,0,15,69,0,40,0,33,45,33,12,37,0,15,0,116,98,49,0,31,79,73,0,153,32,0,103,24,70,32,213,17,10,26,0,39,0,0,145,0,134,10
"MGYG000325715",23,47,0,0,14,87,0,11,45,0,16,0,12,13,18,0,22,0,0,0,77,110,36,0,29,30,62,0,77,30,0,10,25,107,19,182,0,0,0,0,22,0,0,29,0,24,0
"MGYG000325350",20,12,0,0,19,72,15,0,84,0,19,25,27,0,24,0,39,0,0,0,112,249,91,0,28,0,199,0,228,53,0,0,36,214,14,98,0,0,0,0,114,0,0,0,0,0,41
"MGYG000325747",20,29,0,0,0,65,0,0,37,0,0,12,15,16,0,12,13,0,0,0,49,97,33,0,13,32,50,0,76,25,0,21,31,81,15,121,0,0,0,0,23,0,0,38,0,37,0
"MGYG000325437",19,54,0,0,10,94,0,0,28,0,0,0,0,0,0,0,20,0,0,0,42,57,30,0,0,11,27,0,69,25,0,0,12,28,14,153,0,0,0,0,15,0,0,19,0,0,0
"CAG-485 sp014800895",18,23,0,0,18,103,0,0,49,0,25,10,33,0,13,13,18,0,0,0,83,174,31,10,24,15,59,0,89,25,0,20,40,136,16,131,0,0,0,0,23,0,0,35,0,20,11
"MGYG000325541",17,21,0,0,17,46,0,0,45,0,50,0,14,0,17,0,15,0,0,0,92,54,42,0,11,24,109,0,132,19,0,28,16,47,23,204,0,0,0,0,27,0,0,33,0,21,0
"MGYG000325479",17,56,0,0,18,52,0,0,33,0,21,0,17,0,11,0,19,0,12,0,56,41,22,0,18,11,35,0,91,17,0,10,23,40,21,128,0,11,0,0,11,0,11,41,0,0,0
"CAG-485 sp910585285",16,42,0,0,17,73,0,0,56,0,14,0,36,0,17,12,20,0,0,0,92,144,51,0,17,35,88,0,133,28,0,26,16,102,26,124,0,0,0,0,48,0,0,55,0,25,16
"CAG-485 sp910584185",15,27,0,0,10,91,0,0,54,0,13,10,16,0,13,22,31,0,0,0,109,169,38,0,20,17,80,0,163,52,0,10,35,112,37,132,0,0,0,0,34,0,0,17,0,32,0
"MGYG000325680",15,15,0,0,0,24,0,0,0,0,0,0,0,0,0,0,0,0,11,0,27,12,16,0,0,30,0,0,28,0,0,0,0,13,0,93,12,0,11,0,0,0,0,0,0,28,0
"MGYG000325622",13,53,0,0,23,149,0,0,73,0,31,13,49,0,26,10,35,0,14,0,111,234,54,10,29,0,73,0,139,42,0,39,53,177,25,176,10,0,0,0,47,0,13,77,0,17,23
"MGYG000325425",12,23,0,0,0,45,0,0,12,0,18,0,13,0,0,0,0,0,0,0,53,36,17,0,13,38,38,0,59,18,0,16,0,47,27,103,0,0,15,0,10,0,0,25,0,46,0
"MGYG000325415",11,110,0,0,16,89,0,0,30,0,0,10,16,0,0,0,19,0,0,0,57,59,17,0,16,37,29,0,95,19,0,23,27,28,38,114,10,0,0,0,20,0,0,38,0,30,0
"CAG-485 sp900550645",11,222,11,0,37,34,0,0,67,0,26,0,17,10,22,0,39,0,22,0,165,47,23,0,25,17,61,0,205,22,0,122,23,39,42,136,0,14,0,0,45,0,0,165,0,0,14
"MGYG000325597",10,32,0,0,0,26,0,0,29,0,0,0,0,0,0,0,0,0,0,0,37,46,14,0,0,0,11,0,53,18,0,10,0,26,10,71,0,0,0,0,0,0,0,0,0,0,0
"MGYG000325446",10,29,0,0,18,50,0,13,41,0,10,0,0,0,0,0,17,0,0,0,69,89,33,0,13,23,33,0,94,21,0,12,13,73,16,148,0,0,0,0,30,0,0,25,0,32,0
"MGYG000325721",10,0,0,0,0,0,0,0,16,0,0,0,0,0,0,0,0,0,0,0,27,36,19,0,0,0,27,0,31,15,0,0,0,56,0,17,0,0,0,0,19,0,0,0,0,0,0
"Muribaculum gordoncarteri",69789,304187,11241,10873,232146,100638,13820,180,242876,154,238441,10134,93094,318,60806,5020,62873,14,218065,0,721595,109246,187954,4878,55446,1443,200535,39,780931,71439,87,555009,17752,92991,60121,307016,294,17205,404,77,145399,79,23963,825462,31,1709,59699
"Muribaculum sp009775095",6044,19070,264,291,4569,12347,392,590,10104,41,6277,728,10361,1434,2038,1139,3036,0,5339,15,22559,12648,9450,547,2793,3661,12304,68,34351,6732,269,8280,2486,10184,4978,36496,542,869,1326,288,5124,269,804,16994,25,5770,1492
"Muribaculum sp002473395",2629,4656,231,148,3409,3449,183,769,8055,47,4774,308,2340,766,2993,315,2004,0,864,19,131584,3527,5075,175,1066,7030,4747,147,118069,1559,256,3134,714,4603,1372,18795,880,203,1049,0,2429,265,289,5281,0,7184,600
"Muribaculum faecis",2074,4618,283,210,2888,4565,306,1842,5454,22,3515,601,3098,3043,1362,534,1709,0,1985,34,14466,6138,4010,309,1423,9727,7803,114,19543,2500,670,8253,1042,5018,2676,11563,1111,388,3400,12,3141,361,467,13493,0,10699,1093
"MGYG000325310",920,18396,746,364,530,2074,195,0,1815,254,1183,787,600,0,683,189,1394,0,281,0,8046,2252,1846,144,394,13,3378,0,8533,605,0,3299,540,1118,2624,9746,0,94,0,10,2439,0,338,6454,0,14,1583
"Muribaculum sp910587665",802,3290,119,118,2880,1319,123,43,3354,0,3141,151,2341,86,742,94,792,0,3730,0,8153,1573,2729,79,1061,269,2920,0,8787,854,15,3469,287,1843,679,3316,63,188,76,0,1617,19,209,5905,0,237,635
"Muribaculum sp001701195",615,1681,141,81,591,1303,93,224,1203,32,594,150,678,255,360,137,573,0,238,0,2857,1412,732,77,339,1799,1433,48,3415,518,87,779,291,1029,644,4092,319,66,278,0,684,101,97,1421,0,2086,288
"Muribaculum sp910578785",521,1056,35,19,96,416,18,0,311,0,409,16,62,0,65,46,159,0,23,0,1160,362,477,19,133,18,598,0,1244,326,0,112,88,383,243,3202,0,16,0,0,81,0,38,237,0,29,48
"Muribaculum sp910589555",267,140,11,13,147,840,31,63,603,0,291,127,150,18,104,106,238,0,75,0,956,1548,617,63,114,118,1155,0,1919,651,0,122,300,873,303,1373,21,0,11,0,513,0,12,144,0,86,238
"Muribaculum arabinoxylanisolvens",194,532,14,15,203,379,28,89,474,0,221,55,210,161,148,47,194,0,90,0,1347,652,374,31,130,480,642,0,1685,201,34,272,130,546,210,1188,73,30,130,0,286,35,36,503,0,686,103
"Muribaculum sp003150235",148,636,25,20,275,342,31,33,353,0,293,27,157,45,122,45,155,0,131,0,804,331,192,14,97,204,336,0,998,130,0,858,70,297,147,671,32,43,44,0,175,0,41,1294,0,182,80
"MGYG000328540",61,82,0,0,27,246,0,56,112,0,40,15,49,0,25,32,62,0,18,0,204,302,74,14,14,104,64,0,336,116,0,69,56,94,65,337,21,0,0,0,22,0,12,80,0,59,13
"Muribaculum sp910583865",46,498,20,0,35,114,13,14,87,0,68,25,32,17,33,0,64,0,0,0,285,116,55,0,20,71,120,0,311,45,0,117,28,56,99,330,21,0,12,0,83,0,13,230,0,92,34
"Muribaculum sp910578835",41,239,22,0,65,168,11,11,149,0,61,20,73,39,38,0,69,0,40,0,245,123,79,10,52,100,92,0,270,22,0,164,21,115,68,246,22,19,32,0,87,0,21,279,0,129,22
"Muribaculum sp001701065",32,140,0,0,50,94,0,0,86,0,42,10,59,0,16,0,27,0,31,0,134,142,72,0,22,27,95,0,198,45,0,62,34,111,28,158,16,0,0,0,65,0,10,82,0,32,19
"MGYG000328957",25,144,0,0,11,109,0,52,46,0,21,24,13,25,18,23,41,0,0,0,161,131,47,17,12,121,74,0,148,58,0,41,34,77,46,219,23,0,10,0,72,0,16,78,0,78,23
"UBA7173 sp001689485",20465,162428,855,693,12514,21369,1419,83322,48192,0,23157,1511,23811,169794,9025,1650,15508,0,23581,1969,95115,16610,53594,1405,14575,577120,87400,5072,128609,15874,48746,159425,3819,40682,24466,74154,65286,8339,209472,56,29698,27068,6968,449102,0,773958,6951
"UBA7173 sp001689685",21661,137111,520,277,5675,91970,457,359,29487,32,15888,994,15632,767,5388,13471,9219,0,3031,0,102283,37310,60073,2303,11247,2089,35979,35,112343,22587,146,2391,9096,43645,45651,123181,354,5297,715,35,3440,116,2005,4360,0,2713,1200
"UBA7173 sp002491305",7148,6923,10,36,269,5380,31,18,1881,0,637,104,751,11,486,1481,1340,0,81,0,2583,13541,8101,496,462,158,1864,0,13168,5738,0,18,2645,7548,5363,39973,38,175,18,0,382,0,150,25,0,97,65
"UBA7173 sp013316675",3495,14365,138,85,1602,6002,165,504,5443,0,4052,229,1816,861,1270,466,2422,0,1105,13,18713,3730,5479,150,1445,4002,17489,100,41664,1964,188,4563,684,5771,2309,14129,718,704,962,0,1858,260,805,12350,0,5145,751
"MGYG000329847",2113,8323,167,11,140,4179,42,10,964,0,1994,25,333,13,345,487,1348,0,99,0,2451,5125,2451,183,158,60,5189,0,16522,3191,0,1190,1325,3382,1198,11465,13,211,14,0,303,0,300,4629,0,72,572
"UBA7173 sp013316535",1796,676,17,43,746,3742,55,78,2518,0,1686,285,682,210,407,504,1014,0,274,0,4845,4874,1594,231,393,596,1430,0,8560,2552,41,534,1044,1956,1480,7232,127,50,210,0,653,64,56,931,0,876,179
"UBA7173 sp910584365",866,2446,82,71,520,2285,99,166,1422,20,628,250,821,223,424,319,606,0,378,0,3795,2422,1444,130,578,876,1979,38,5206,927,48,869,630,1945,832,5606,229,103,195,0,843,68,142,2014,0,1090,272
"UBA7173 sp910583675",229,816,0,0,141,269,0,43,568,0,301,28,481,171,91,26,187,0,79,0,794,447,269,22,75,299,292,0,1131,235,31,117,78,259,112,914,50,36,116,0,122,24,22,383,0,519,16
"MGYG000325674",190,201,0,0,108,344,10,107,256,0,125,0,112,35,116,54,100,0,23,0,870,232,126,19,75,975,122,27,803,136,33,23,70,187,114,1262,176,0,89,0,53,54,11,33,0,1317,10
"UBA7173 sp910584735",181,872,10,10,163,659,0,68,395,0,104,39,450,147,83,61,137,0,87,0,498,521,284,25,102,360,364,0,876,229,42,205,113,416,133,1242,36,55,171,0,182,24,25,600,0,764,22
"UBA7173 sp900548705",56,392,0,0,95,208,0,12,167,0,64,0,276,30,31,18,44,0,64,0,226,153,138,0,52,77,179,0,325,46,0,67,34,151,75,322,19,21,25,0,100,0,0,128,0,89,13
"UBA7173 sp910585755",53,115,0,0,90,151,0,10,151,0,83,0,40,28,51,13,60,0,61,0,318,111,85,0,32,61,106,0,410,44,0,152,30,80,55,236,17,0,13,0,65,0,0,224,0,90,19
"UBA7173 sp910579105",48,58,0,0,33,84,0,0,93,0,40,0,30,0,26,10,37,0,19,0,244,140,69,0,18,51,102,0,266,69,0,39,19,90,33,178,0,0,12,0,48,0,0,53,0,53,25
"UBA7173 sp910586565",26,80,0,0,25,170,0,31,123,0,41,30,43,43,46,25,49,0,16,0,204,361,121,25,69,130,297,0,302,84,14,49,71,436,48,223,17,0,38,0,113,12,0,103,0,150,30
"UBA7173 sp900555165",25,56,0,0,24,25,0,0,32,0,10,0,26,0,0,0,14,0,10,0,66,40,18,0,0,27,41,0,72,20,0,0,0,39,12,85,0,0,0,0,18,0,0,16,0,29,0
"UBA7173 sp910587075",19,54,0,0,10,48,0,0,23,0,12,0,0,23,14,0,13,0,0,0,44,38,0,0,0,39,16,0,73,15,0,22,0,22,20,101,17,0,13,0,17,0,0,70,0,43,0
"MGYG000410332",19,54,0,0,15,40,0,15,27,0,0,0,21,35,0,0,10,0,0,0,45,32,27,0,12,105,37,0,77,12,0,40,0,39,21,105,20,0,31,0,14,0,0,79,0,137,0
"MGYG000325632",13,59,0,0,0,14,0,13,14,0,15,0,0,22,0,0,0,0,0,0,28,14,0,0,0,59,18,0,35,0,0,25,0,24,13,59,13,0,18,0,0,0,0,48,0,41,0
"MGYG000325803",13,60,0,0,14,51,0,10,24,0,17,0,33,14,0,10,0,0,0,0,74,40,24,0,13,37,16,0,90,15,0,0,11,37,26,115,0,0,15,0,13,0,0,0,0,93,0
"JAFLTL01 sp910578395",1395,7132,0,21,1427,2863,48,0,2847,0,1260,204,186,0,929,390,330,0,229,0,14731,7588,3531,309,1123,14,3121,0,27084,4072,0,3256,1319,6547,96,8646,0,322,0,0,624,0,201,5300,0,25,79
"MGYG000325590",135,817,23,18,177,218,14,26,345,11,227,34,75,0,104,43,162,0,96,0,1326,270,281,16,94,187,345,0,1629,92,0,209,73,243,226,1071,41,11,16,0,187,11,39,424,0,226,102
"UBA3263 sp001689615",1074,16833,30,64,580,2494,33,49,648,10,502,236,1268,116,1077,1013,189,0,174,0,6947,12633,2885,1692,1744,229,10106,0,9639,18888,14,1658,6082,1300,822,10221,42,580,97,0,693,14,856,10020,0,379,508
"MGYG000325470",182,395,46,25,172,489,32,116,374,0,133,53,269,220,97,51,159,0,66,0,760,559,254,17,101,964,534,12,908,184,45,373,127,380,251,1234,173,36,218,0,211,36,49,737,0,639,72
"UBA3263 sp002490725",145,414,40,0,80,298,0,32,239,0,122,27,304,54,39,44,107,0,41,0,388,308,184,18,73,41,220,0,592,153,0,37,56,238,153,759,12,25,20,0,95,0,14,59,0,104,12
"MGYG000331010",36,46,0,0,16,46,0,0,44,0,27,0,35,0,0,0,20,0,0,0,60,45,27,0,15,16,54,0,108,27,0,15,14,45,19,141,0,0,0,0,13,0,0,25,0,18,0
"UBA3263 sp014801955",28,27,0,0,16,56,0,24,45,0,18,0,17,24,12,0,15,0,0,0,101,68,32,0,11,218,62,0,117,25,0,45,19,52,20,121,32,0,43,0,24,0,0,102,0,125,0
"MGYG000325619",12,56,0,0,14,44,0,0,28,0,15,0,13,0,0,0,14,0,0,0,63,30,16,0,0,12,20,0,83,17,0,25,0,15,19,75,0,0,0,0,16,0,0,61,0,21,0
"MGYG000325600",11,38,0,0,15,43,0,0,18,0,0,0,42,0,0,0,12,0,0,0,37,38,13,0,12,0,32,0,46,0,0,0,0,48,16,43,0,0,0,0,10,0,0,10,0,0,0
"MGYG000325598",10,32,0,0,0,19,0,0,33,0,0,11,15,0,0,0,0,0,0,0,46,62,19,0,0,0,43,0,68,10,0,0,14,41,0,36,0,0,0,0,39,0,0,0,0,10,0
"JAGBWK01 sp001915385",671,3916,6673,615,2218,1769,299,4252,4515,1846,3763,4788,2177,5448,507,96,2559,385,1428,113,2185,2128,853,264,729,1088,1124,65,3056,956,455,946,602,833,3274,2541,227,397,1005,21,1839,724,105,1755,10,2167,1031
"JAGBWK01 sp004102805",444,1552,20,27,173,910,21,60,598,0,199,62,245,200,134,90,240,0,76,0,1068,950,555,52,159,449,650,0,1768,425,40,271,201,678,376,2948,79,50,173,0,192,43,45,564,0,667,69
"MGYG000325382",133,208,11,0,67,237,12,25,203,0,114,18,85,34,71,44,98,0,23,0,416,317,157,0,64,313,236,12,517,104,0,63,57,266,112,792,80,10,41,0,75,28,12,110,0,344,31
"MGYG000327564",477,230,84,29,468,695,36,86,536,0,292,55,988,27,121,60,169,0,195,0,1640,656,288,30,145,971,459,26,1452,301,71,34,126,244,357,2202,151,12,152,0,242,45,10,49,0,1598,60
"MGYG000328504",134,147,0,0,55,462,29,219,474,0,143,107,209,68,84,43,102,0,66,0,1073,1212,888,55,200,441,2566,10,2038,563,15,36,209,1389,123,995,84,10,69,0,591,23,17,78,0,343,312
"JAAVFS01 sp910584665",42,116,0,0,29,71,0,0,72,0,25,0,20,0,20,0,32,0,0,0,127,77,35,0,22,25,63,0,162,27,0,68,12,46,27,139,0,0,0,0,38,0,0,82,0,36,13
"MGYG000325322",20,18,0,0,22,70,0,0,33,0,14,0,36,10,12,0,17,0,10,0,51,50,18,0,12,37,31,0,83,19,0,0,11,35,17,64,0,0,0,0,10,0,0,21,0,14,0
"MGYG000325435",12,36,0,0,16,25,0,0,24,0,20,0,15,0,0,0,0,0,0,0,46,34,15,0,0,0,26,0,60,20,0,0,0,17,16,60,0,0,0,0,11,0,0,28,0,0,0
"CAJUPY01 sp910588035",105,188,10,0,45,296,48,0,395,0,141,91,131,0,127,39,121,0,63,0,1193,1029,774,97,119,21,1922,0,1864,491,0,58,187,932,119,903,0,0,0,0,389,0,15,125,0,24,203
"MGYG000325343",328,619,32,0,194,632,0,39,436,0,354,149,622,95,230,131,212,0,258,0,1089,960,347,0,142,222,575,0,1017,360,0,538,293,473,364,1407,52,0,96,0,344,0,57,763,0,319,271
"CAJUPY01 sp014802535",152,44,0,0,0,280,0,0,211,0,199,0,308,0,0,0,100,0,0,0,449,686,215,0,124,77,235,0,541,174,0,0,195,429,0,582,36,0,0,0,198,0,0,0,0,94,0
"MGYG000325663",18,57,0,0,19,57,0,0,53,0,18,0,0,32,0,0,16,0,0,0,75,89,29,0,0,116,42,0,115,18,0,46,0,57,25,156,11,0,17,0,0,0,0,99,0,65,0
"M3 sp001689445",519,552,20,26,670,624,57,61,1016,0,886,44,610,84,272,71,337,0,333,0,3165,439,470,31,240,280,654,0,4194,181,20,545,89,635,313,2098,53,29,86,0,326,23,48,724,0,374,70
"MGYG000328741",77,228,0,0,70,202,0,11,147,0,69,22,64,0,61,18,24,0,23,0,492,342,236,18,61,20,279,0,913,151,0,78,53,295,20,377,0,0,0,0,133,0,0,149,0,15,48
"CAG-1031 sp000431215",34,60,0,0,26,84,0,21,61,0,31,11,58,46,14,10,49,0,26,0,119,81,53,0,20,103,97,0,181,37,0,29,22,80,48,229,36,10,37,0,29,11,0,79,0,149,0
"Amulumruptor sp001689515",33,94,0,0,18,50,0,0,50,0,42,0,23,20,17,0,25,0,14,0,115,64,44,0,12,60,60,0,138,20,0,46,10,50,34,144,0,0,20,0,27,0,0,86,0,57,0
"Amulumruptor sp900539915",12,49,0,0,15,35,0,0,33,0,16,0,34,0,14,0,13,0,0,0,45,36,24,0,0,23,29,0,47,17,0,19,0,35,17,64,0,0,0,0,13,0,0,25,0,14,0
"Sodaliphilus sp004557565",28,0,0,0,13,58,0,0,34,0,22,0,0,0,0,0,16,0,0,0,43,70,13,0,0,0,0,0,63,33,0,0,0,14,24,88,0,0,0,0,0,0,0,0,0,0,0
"Limisoma sp000437795",10,46,0,0,34,36,0,0,58,0,32,0,24,0,21,0,18,0,15,0,55,29,21,0,16,21,23,0,76,12,0,39,0,23,0,61,0,0,0,0,18,0,0,52,0,15,0
"Bacteroides sp002491635",916,3405,75,47,616,1860,48,98,1702,22,972,257,1561,135,348,191,640,0,341,0,3291,2250,1487,109,380,734,2482,12,4896,1022,62,837,451,1570,816,5072,147,185,149,0,1034,54,135,1732,0,1176,395
"Bacteroides sp910578895",382,520,17,37,358,745,35,137,979,0,521,244,422,219,278,86,328,0,185,10,2068,1749,1021,78,333,1244,1912,40,2735,546,122,464,272,1719,195,1796,277,20,260,0,1143,75,29,1036,0,1700,415
"Bacteroides acidifaciens",376,802,0,63,272,726,24,24,786,0,419,168,736,54,142,66,183,0,137,0,1854,1288,981,87,291,389,2139,0,2741,696,0,277,205,1532,207,1858,36,55,34,0,781,0,81,1724,0,125,356
"Bacteroides caecimuris",300,1729,38,37,458,559,42,1047,721,0,616,52,332,1591,160,41,232,0,189,970,1387,502,404,33,171,72490,588,145,1675,222,1335,2965,108,441,266,1327,3615,102,2090,0,320,967,321,12987,0,7849,91
"Bacteroides sp910586915",92,207,0,14,112,292,19,0,252,0,101,53,195,16,73,21,98,0,42,0,367,406,201,11,72,106,366,0,509,136,0,124,68,331,134,499,21,18,22,0,214,0,12,218,0,86,69
"Bacteroides uniformis",67,205,0,0,41,165,0,0,91,0,37,12,145,10,10,16,24,0,55,0,138,79,139,0,42,19,103,0,386,74,0,115,20,116,51,284,0,34,0,0,39,0,54,853,0,19,14
"Bacteroides sp910585845",60,101,39,21,80,197,16,0,83,0,45,19,164,16,44,14,45,0,27,0,159,211,50,12,23,54,114,0,229,66,0,28,36,83,97,368,10,0,0,0,55,0,0,70,0,75,26
"Bacteroides sp900765785",65,45,0,0,65,100,0,0,152,0,77,0,63,0,53,13,51,0,20,0,705,29,72,0,13,323,145,0,988,19,0,37,0,79,37,291,10,0,22,0,39,11,0,117,0,50,0
"Bacteroides stercoris",54,43,0,12,19,88,12,10,58,0,44,10,49,20,0,0,26,0,14,0,39,37,14,0,0,85,34,0,41,23,0,50,0,17,24,181,15,0,24,0,0,25,0,212,0,175,0
"MGYG000325585",43,118,0,0,25,100,0,0,52,0,15,0,80,0,10,15,18,0,15,0,81,107,64,0,14,0,39,0,175,75,0,0,27,71,43,306,0,0,0,0,24,0,0,0,0,0,11
"Bacteroides nordii",38,194,0,0,74,47,0,21,72,0,68,0,18,68,15,0,25,0,38,0,163,31,36,0,14,277,46,0,143,11,20,182,0,34,20,146,40,12,64,0,45,13,11,416,0,300,11
"Bacteroides congonensis",30,177,0,0,24,70,0,0,58,0,29,21,65,23,10,0,21,0,17,0,109,88,39,0,11,57,49,0,123,38,0,120,15,75,18,166,0,0,0,0,33,0,0,216,0,16,0
"Bacteroides xylanisolvens",20,182,0,0,12,41,0,12,38,0,19,13,15,0,0,0,17,0,0,0,86,47,38,0,15,236,50,0,103,12,0,77,0,48,15,118,11,0,0,0,37,0,0,217,0,47,20
"Bacteroides intestinalis",86,1040,0,0,222,124,0,259,261,0,308,0,79,234,0,0,0,0,0,342,551,107,0,0,0,13354,0,39,935,187,87,3775,0,88,0,309,191,0,324,0,0,243,402,16248,0,1272,0
"Bacteroides cellulosilyticus",10,180,0,0,14,27,0,0,41,0,24,11,11,12,12,13,22,0,13,0,45,73,34,0,14,54,61,0,78,16,0,238,12,72,0,56,0,10,13,0,53,0,24,315,0,46,13
"Prevotella sp002933775",1016,1681,0,107,57,630,35,72,133,0,52,57,1072,151,32,45,54,0,80,0,176,258,167,63,235,446,188,0,338,284,19,1308,50,320,385,3572,64,50,187,0,81,29,54,2197,0,623,20
"Prevotella muris",114,670,44,14,45,185,14,11,129,12,70,51,70,28,33,30,99,0,20,0,309,280,146,11,34,100,203,0,471,63,0,147,57,147,167,776,16,11,31,0,128,13,14,281,0,160,63
"MGYG000325010",42,93,0,0,32,88,0,0,67,0,39,20,37,0,28,16,29,0,20,0,136,101,48,0,0,95,59,0,138,53,0,50,17,103,30,243,0,0,26,0,51,0,17,98,0,176,0
"MGYG000325676",22,70,0,0,64,100,20,0,145,0,29,0,37,0,61,11,72,0,16,0,214,148,34,0,33,0,74,0,280,24,0,230,16,80,51,173,0,26,0,0,59,0,27,263,0,12,10
"Prevotella sp013166515",22,90,0,0,0,65,0,0,22,0,38,0,0,0,0,0,17,0,0,0,56,50,30,0,15,35,51,0,83,30,0,28,0,49,15,137,0,0,0,0,0,0,0,78,0,12,0
"Prevotella rodentium",18,76,0,0,11,32,0,0,23,0,13,0,16,0,0,0,0,0,0,0,39,24,23,0,0,20,26,0,32,12,0,18,0,12,0,97,0,0,0,0,0,0,0,37,0,0,0
"Prevotella sp900545525",15,105,0,0,0,32,0,0,0,0,0,0,16,0,0,0,0,0,0,0,31,19,14,0,0,36,19,0,56,17,0,25,0,25,0,68,0,0,0,0,0,0,0,70,0,0,0
"MGYG000325400",12,0,0,0,22,45,0,0,19,0,0,0,27,0,11,0,18,0,0,0,32,52,0,0,10,0,11,0,24,0,0,0,10,17,0,44,0,0,0,0,22,0,0,0,0,0,0
"Prevotella intestinalis",10,192,0,0,0,38,0,0,30,0,16,0,0,0,0,0,14,0,0,0,79,29,23,0,0,37,38,0,74,15,0,109,0,29,18,121,0,0,0,0,19,0,12,175,0,25,15
"Phocaeicola vulgatus",281,1060,22,0,144,471,26,34,360,0,297,32,245,68,97,52,178,0,91,12,795,455,390,29,128,347,644,0,1180,207,35,458,128,461,210,1401,55,45,76,0,184,30,65,1410,0,396,81
"Phocaeicola sartorii",118,82,0,0,99,258,22,0,400,0,160,115,109,0,87,17,103,0,63,0,620,820,460,33,97,44,853,0,1093,246,0,134,103,681,42,434,0,0,0,0,570,0,11,160,0,18,245
"Phocaeicola sp011959205",85,218,0,0,27,166,0,0,105,0,112,30,130,58,34,25,49,0,49,0,385,209,192,0,28,148,327,0,530,106,0,206,48,163,30,395,33,16,28,0,164,17,11,319,0,82,55
"Phocaeicola faecalis",18,70,0,0,30,69,0,16,37,0,30,0,35,15,15,0,25,0,0,0,65,52,19,0,17,54,45,0,102,20,0,22,13,54,26,180,0,0,0,0,23,0,0,59,0,24,0
"Phocaeicola plebeius_A",12,32,0,0,0,70,0,0,27,0,0,0,18,0,16,0,15,0,0,0,32,46,0,0,0,429,21,0,40,15,11,21,16,24,20,103,25,0,15,0,29,0,0,56,0,48,0
"Phocaeicola massiliensis",10,120,0,0,10,31,0,0,20,0,0,0,36,0,0,0,0,0,12,0,54,28,33,0,0,17,33,0,112,21,0,33,0,36,0,79,0,0,0,0,17,0,0,56,0,0,0
"UBA4372 sp023665805",383,632,0,0,207,1291,12,92,1060,0,980,98,56,30,97,182,475,0,36,0,1960,3007,183,167,23,137,281,0,5206,2548,0,195,816,271,867,2041,36,0,19,0,30,0,41,516,0,86,24
"MGYG000325572",16,41,0,0,13,0,0,0,24,0,0,0,13,0,0,0,12,0,0,0,71,12,18,0,0,107,14,0,83,0,0,0,0,13,11,59,13,0,0,0,0,0,0,18,0,136,0
"Alloprevotella sp009775705",134,606,0,0,63,336,0,36,173,0,100,29,189,63,61,41,101,0,65,0,499,242,221,28,179,211,164,0,665,136,32,161,72,345,139,906,117,20,155,0,83,34,34,534,0,546,35
"Alloprevotella sp002933955",26,131,0,0,27,82,0,0,58,0,20,0,120,0,11,11,15,0,11,0,67,71,33,0,23,0,60,0,87,27,0,14,25,76,17,139,0,17,0,0,33,0,11,63,0,0,0
"Paraprevotella sp900548345",33,29,0,0,10,32,0,0,0,0,0,0,13,0,0,0,0,0,0,0,21,60,33,0,0,0,18,0,57,14,0,35,12,44,29,190,0,0,0,0,0,0,0,92,0,0,0
"Paraprevotella sp910586505",29,52,0,0,21,47,0,0,39,0,37,0,25,0,11,0,11,0,0,0,55,50,31,0,13,16,42,0,88,38,0,45,21,37,20,171,0,0,0,0,18,0,0,33,0,23,0
"Alistipes sp002428825",793,263,0,21,140,1558,0,0,358,0,71,17,472,0,23,270,36,0,46,0,928,143,44,32,120,0,0,0,1724,155,0,14,23,143,646,2665,0,0,0,0,15,0,103,20,0,0,0
"Alistipes sp910587675",507,225,0,15,949,486,14,0,2362,0,574,59,442,0,44,120,127,0,56,0,1387,59,78,73,145,0,20,0,1994,414,0,0,15,287,450,1984,0,42,0,0,0,0,174,75,0,0,0
"Alistipes timonensis",296,988,0,14,315,1174,0,50,840,0,144,28,1766,84,67,108,31,0,263,95,4601,332,81,82,88,2782,97,0,3801,894,233,448,61,195,325,1310,541,119,663,0,184,496,235,3226,0,3432,0
"Alistipes sp910576555",128,0,30,55,0,33,22,1454,47,11,56,0,120,222,0,0,162,35,36,42,694,27,610,0,24,1252,10998,96,83,0,0,0,0,34,31,66,0,0,13,0,32,0,0,0,0,0,593
"Alistipes sp009774895",48,239,0,0,63,75,0,0,103,0,24,12,369,0,11,68,0,0,21,0,207,24,22,29,69,0,0,0,402,67,0,0,0,94,260,204,0,16,0,0,0,0,55,0,0,0,0
"Alistipes sp002362235",45,76,0,0,12,123,0,17,40,0,19,0,99,50,10,0,10,0,16,0,141,55,64,0,37,167,154,0,145,22,0,0,23,184,67,818,16,0,51,0,30,17,0,24,0,220,0
"Alistipes sp900552955",31,0,0,0,0,53,0,0,0,0,0,14,170,0,0,21,0,0,56,0,0,44,20,0,26,0,0,0,0,36,0,0,0,29,52,94,0,0,0,0,0,0,0,0,0,0,0
"Alistipes sp910575495",24,74,0,0,52,126,0,0,108,0,37,21,53,0,12,12,31,0,13,0,216,188,113,0,31,10,171,0,277,70,0,13,45,127,27,166,0,0,0,0,94,0,0,26,0,0,40
"Alistipes sp910577475",19,417,21,0,14,65,0,0,44,0,31,15,11,0,19,0,23,0,0,0,183,59,42,0,18,0,90,0,148,20,0,70,15,28,85,191,0,0,0,0,49,0,10,185,0,0,46
"Alistipes sp002358415",13,174,0,0,34,99,0,0,92,0,42,0,116,0,24,15,28,0,10,0,181,101,74,0,39,0,182,0,251,36,0,0,14,154,33,176,0,34,0,0,40,0,18,20,0,0,0
"Avirikenella sp910588925",309,1208,54,20,264,5037,20,0,437,0,182,119,469,0,66,306,125,0,79,0,4230,1392,348,89,155,38,368,0,1486,744,0,95,330,459,711,2152,0,160,0,0,103,0,96,264,0,48,31
"MGYG000325667",135,137,0,0,42,228,10,0,163,0,65,0,64,11,48,33,91,0,11,0,304,246,152,20,81,21,164,0,348,71,0,14,43,163,92,758,0,0,0,0,38,0,12,41,0,24,0
"Rikenella sp910577885",76,204,0,0,33,150,0,0,107,0,80,0,85,12,19,22,38,0,20,0,206,151,86,0,24,41,93,0,300,107,0,66,36,114,56,485,13,0,0,0,24,0,11,84,0,57,0
"Parabacteroides distasonis",268,13832,19,20,340,589,49,234,610,0,413,63,416,202,164,73,153,0,130,206,1742,681,420,31,148,7746,769,22,1972,404,705,18282,108,530,297,1337,1274,391,666,0,444,342,1234,50604,0,2050,158
"Parabacteroides goldsteinii",57,910,0,0,322,164,0,330,201,0,656,0,105,314,20,21,49,0,20,135,920,93,27,0,27,21773,54,15,921,157,306,99,12,48,68,252,780,346,812,0,17,409,155,430,0,2898,0
"Parabacteroides sp900760525",44,972,0,0,93,159,0,90,82,0,74,0,86,151,20,17,30,0,40,106,206,64,38,0,19,17748,27,27,181,87,358,800,14,39,46,178,1347,242,391,0,28,230,148,4674,0,1887,12
"Parabacteroides merdae",19,70,0,0,0,35,0,0,23,0,0,0,0,0,0,0,0,0,0,0,16,37,24,0,0,123,18,0,40,20,0,18,0,19,0,111,22,0,0,0,0,0,0,71,0,17,0
"Odoribacter sp021771575",69,593,729,53,168,162,32,1064,558,122,397,485,207,986,43,0,273,44,155,15,457,231,108,29,57,387,150,0,537,177,82,174,66,70,557,346,44,60,206,0,157,90,0,339,0,337,145
"Odoribacter sp910578105",70,22,0,0,48,103,0,0,190,0,50,49,85,0,35,13,38,0,16,0,564,312,186,21,45,0,337,0,616,98,0,14,42,282,13,203,0,0,0,0,186,0,0,0,0,13,83
"Odoribacter sp910589025",18,25,18,0,14,41,0,0,13,0,11,0,17,0,0,0,0,0,0,0,49,21,16,0,0,11,29,0,48,12,0,0,10,18,21,58,0,0,0,0,0,0,0,13,0,29,0
"Butyricimonas virosa",92,12,0,0,96,277,13,0,310,0,130,130,164,0,69,15,68,0,64,0,464,737,417,36,115,21,790,0,850,246,0,23,116,748,27,352,0,0,0,0,524,0,0,65,0,0,171
"Pullibacteroides sp910586395",66,30,0,0,16,28,0,0,50,0,68,0,0,0,0,0,23,0,0,0,65,29,50,0,10,0,48,0,89,17,0,0,0,41,13,177,0,0,0,0,0,0,0,16,0,0,0
"Cryptobacteroides sp009774765",31,332,0,0,35,81,0,0,42,0,35,0,19,0,0,0,0,0,0,0,48,0,0,0,0,11,0,0,99,26,0,33,0,19,20,117,0,18,0,0,0,0,35,71,0,32,0
"Cryptobacteroides sp910585445",20,25,0,0,18,477,0,48,57,0,29,0,12,11,0,33,14,0,0,0,65,46,0,0,14,97,0,0,124,147,0,13,0,25,69,137,22,0,0,0,0,0,0,17,0,67,0
"Imtechella halotolerans",11,44,0,0,61,26,0,0,44,0,36,0,20,0,15,0,15,0,20,0,65,19,20,0,0,0,17,0,76,0,0,61,0,20,0,30,0,0,0,0,28,0,0,70,0,0,0
"Faecalibaculum sp910588395",257,1483,1006,106,499,228,79,1003,929,260,969,717,658,1344,97,0,521,64,577,23,733,262,288,40,96,352,276,10,775,231,141,222,49,99,634,826,31,104,282,0,397,146,0,485,0,605,295
"C-19 sp910576855",136,327,23,12,44,1526,0,28,93,0,129,20,767,29,0,191,45,0,420,0,58,64,344,0,509,32,340,0,58,230,0,22,27,495,123,76,0,13,0,0,76,0,0,182,0,0,33
"MGYG000329824",17,24,0,0,0,131,0,0,0,0,0,0,67,0,0,20,0,0,37,0,0,0,21,0,57,0,26,0,0,14,0,0,0,44,12,0,0,0,0,0,0,0,0,0,0,0,0
"Ileibacterium valens",47,272,166,28,43,46,16,233,180,42,145,191,110,312,19,0,82,11,98,0,165,97,52,10,38,103,73,0,241,83,35,59,28,39,150,196,10,25,82,0,89,40,0,152,0,132,61
"Dubosiella sp004793885",18,97,58,27,0,0,13,124,15,11,24,120,44,154,0,0,16,16,35,0,13,42,19,0,31,25,27,0,15,22,0,36,16,28,24,48,11,10,0,0,33,18,0,38,0,37,21
"CAJTFG01 sp910575705",10,133,0,0,22,25,0,0,25,0,50,0,83,0,0,0,22,0,54,0,97,0,0,0,11,0,15,0,61,0,0,0,0,10,0,16,0,0,0,0,0,0,0,17,0,0,0
"Thomasclavelia cocleata",892,0,108,39,0,265,22,2961,0,0,0,121,0,6207,0,46,0,25,0,276,0,36,0,15,0,1997,0,147,0,70,3003,0,22,0,193,1210,298,0,6579,0,334,927,0,0,37,7300,1680
"Thomasclavelia ramosa",43,222,0,0,10,99,0,36,52,0,13,0,11,56,0,0,12,0,0,0,57,105,93,0,0,22,47,0,233,93,17,11,15,59,33,445,0,0,42,0,0,15,0,34,0,57,10
"MGBC113645 sp910579135",28,20,15,0,0,287,0,27,13,0,10,73,318,21,0,52,13,0,159,0,12,106,51,20,109,0,72,0,0,37,0,0,22,45,30,100,0,0,0,0,34,0,0,41,18,0,35
"Fimiplasma sp910588165",27,459,116,0,0,0,0,0,0,0,0,42,99,25,0,0,0,0,37,0,0,97,20,0,16,22,17,0,0,16,0,0,18,0,123,49,0,0,0,0,18,0,0,0,0,0,14
"Lactobacillus intestinalis",8138,71,26,1740,13163,27,1896,861,25079,0,84384,1696,29513,20,2068,0,9555,72,6232,10,12268,1153,3220,200,937,0,1035,11,21205,2222,0,12,430,1188,25,51651,0,0,0,25,1193,54,0,0,16,287,584
"Lactobacillus sp910589675",8947,7718,1522,3385,21202,2214,2004,75632,34604,139,117053,2031,87171,90,3157,151,16078,248,21145,527,36918,829,7863,90,2346,83,3540,398,53782,680,138,908,173,2367,2541,47047,501,373,187,578,3656,4148,169,1035,1350,27633,2606
"MGYG000329195",1353,1201,222,475,3168,350,302,12300,5206,0,16453,311,11480,0,407,23,2465,39,2716,69,5290,113,1159,0,344,0,448,61,7855,141,0,155,23,337,399,7171,74,33,27,104,437,676,16,121,233,3806,263
"Lactobacillus taiwanensis",422,336,76,168,1115,105,99,3282,1559,0,5084,113,3627,0,170,16,858,0,851,21,1333,45,301,0,139,0,165,29,2213,21,0,64,0,110,144,1902,41,19,0,74,187,207,0,52,85,1081,155
"Lactobacillus amylovorus",151,289,47,40,202,57,19,480,483,0,883,40,336,61,47,0,328,15,106,0,271,16,73,0,32,52,61,0,460,32,26,99,0,32,141,845,18,10,33,203,130,26,0,99,146,207,320
"MGYG000325525",137,151,37,93,501,60,44,1430,739,0,2126,47,1471,0,80,0,418,0,354,14,625,15,137,0,62,0,63,10,871,11,0,19,0,70,49,812,20,0,0,43,82,106,0,23,63,444,61
"MGYG000326943",46,48,0,22,100,0,13,260,186,0,357,12,230,0,18,0,106,0,57,0,72,0,22,0,13,0,27,0,158,0,0,0,0,0,17,201,0,0,0,25,26,15,0,10,38,87,46
"Lactobacillus hominis",45,77,21,39,147,19,15,375,209,0,622,25,413,10,16,0,131,0,101,0,137,10,36,0,13,0,18,0,239,0,0,16,0,18,28,287,0,0,10,36,31,24,0,12,35,130,81
"Lactobacillus acidophilus",34,38,0,22,62,0,16,140,128,0,267,0,168,0,20,0,77,0,44,0,63,0,14,0,0,0,19,0,119,0,0,13,0,11,0,144,0,0,0,43,19,13,0,18,56,41,36
"MGYG000326944",36,15,0,0,50,0,12,64,108,0,310,11,158,0,12,0,47,0,24,0,49,0,0,0,0,0,0,0,89,0,0,0,0,0,0,187,0,0,0,0,0,0,0,0,0,0,20
"Lactobacillus delbrueckii",15,195,0,0,0,184,0,46,0,0,0,15,121,283,0,27,0,0,13,0,16,112,25,10,34,134,19,0,18,35,27,205,20,23,12,119,51,61,87,0,50,27,15,526,0,200,0
"Limosilactobacillus reuteri",5372,8727,2380,1625,7836,2031,1172,14682,18170,200,28116,1758,10933,2510,2012,236,12614,569,3581,298,7919,1044,2114,170,939,1771,3024,252,13849,833,664,3052,359,1198,5113,29086,359,685,1353,9558,5126,1334,250,4595,6469,6464,13818
"Limosilactobacillus sp009663775",1143,1981,383,307,1557,463,184,2752,3545,35,5405,270,1997,459,312,34,2073,104,741,43,1687,140,388,22,111,314,452,31,2432,160,163,577,52,161,878,6300,70,92,326,1122,926,228,47,893,1029,1676,2682
"Limosilactobacillus fermentum",112,215,57,45,223,79,35,285,585,10,615,37,206,80,61,0,370,0,65,13,184,32,32,0,17,41,47,10,282,17,10,58,13,36,122,493,13,0,25,175,99,45,0,93,151,181,186
"Limosilactobacillus equigenerosi",21,29,11,0,36,0,0,64,68,0,101,0,34,0,0,0,37,0,17,0,53,0,0,0,0,17,10,0,79,0,0,10,0,0,21,112,0,0,0,16,25,0,0,25,17,38,42
"Limosilactobacillus portuensis",26,42,0,0,31,25,0,35,51,0,61,0,0,13,0,0,27,0,13,0,52,29,21,0,0,0,33,0,87,0,0,0,13,36,18,127,0,0,0,22,0,0,0,0,23,0,13
"Ligilactobacillus murinus",4723,20788,2223,886,5040,3056,800,35898,15041,585,18832,803,21178,4648,1346,177,8675,2005,9446,253,14049,878,3789,75,1419,4148,18100,421,12144,1344,1495,6179,266,1543,1647,15181,352,840,3304,32773,1523,1111,663,16355,68731,6884,21140
"Ligilactobacillus animalis",240,1194,144,64,309,220,43,3096,869,51,998,44,992,312,116,0,571,116,473,15,984,60,186,0,100,323,998,25,728,81,96,466,33,133,104,912,20,60,150,2016,83,70,58,731,4605,324,1001
"Ligilactobacillus sp910587695",115,509,88,49,218,125,44,1207,607,27,465,18,563,194,80,0,422,100,207,16,332,47,102,0,72,128,426,22,300,44,40,195,13,65,54,379,24,31,73,1610,51,50,34,308,3661,168,458
"Ligilactobacillus agilis",17,56,0,0,23,0,0,235,74,0,61,0,76,19,0,0,36,0,23,0,71,0,13,0,0,29,69,0,51,0,0,29,0,0,0,83,0,0,16,110,0,0,0,47,215,24,67
"Pediococcus pentosaceus",138,374,0,31,377,208,22,86,583,0,613,18,764,0,89,20,192,0,480,0,812,226,308,0,166,0,531,0,1132,104,24,48,32,415,86,759,13,38,110,0,305,32,12,107,15,438,37
"Enterococcus faecalis",22,21,0,0,0,289,0,14,0,0,0,0,10,29,0,0,0,698,0,0,0,17,0,0,0,18,179,0,0,40,0,372,0,0,0,58,0,0,15,372,0,0,0,740,110,73,0
"Turicibacter sp002311155",2988,0,566,849,122,600,154,28927,749,228,1264,97,4999,4883,29,53,2574,1138,1031,481,8493,273,11882,0,191,13807,169491,720,1652,46,144,0,22,148,624,880,72,0,334,12,590,75,0,0,0,127,25308
"MGYG000380869",135,265,28,14,152,127,19,87,279,0,404,17,1697,279,16,0,120,0,1413,0,374,35,98,0,30,85,542,0,557,16,30,111,0,226,117,628,14,16,134,21,419,39,0,428,21,189,155
"CAG-582 sp910577075",47,204,30,0,73,35,0,123,144,0,342,20,178,19,11,0,82,0,67,0,80,16,35,0,0,0,54,0,191,13,12,43,0,21,42,302,0,0,15,49,53,10,0,68,36,43,134
"UBA5026 sp910576795",122,23,24,50,62,231,47,0,138,0,52,100,130,0,28,0,56,0,35,0,14,108,15,0,21,0,0,0,27,43,10,0,36,18,42,413,0,0,36,0,18,98,0,0,0,362,0
"UBA5026 sp910586425",21,61,0,0,57,20,0,13,96,0,202,0,263,30,0,0,35,0,43,0,146,21,32,0,17,52,94,0,181,0,0,0,0,25,0,86,14,0,0,0,22,0,0,58,0,75,28
"MGYG000330354",13,55,0,0,0,0,0,89,27,0,0,0,0,96,0,0,0,0,0,0,67,21,86,0,0,462,367,0,83,14,38,119,0,35,16,50,38,0,155,0,0,12,0,483,0,471,0
"MGYG000338472",59,38,0,0,96,0,0,275,140,0,514,0,369,0,0,0,69,0,94,0,145,0,30,0,13,0,28,0,211,0,0,0,0,10,0,222,0,0,0,0,24,11,0,0,0,105,15
"MGYG000329046",51,17,0,0,0,16,0,89,0,0,0,0,21,153,0,0,0,0,0,0,0,0,0,0,0,59,0,0,15,0,57,0,0,0,0,45,0,0,194,0,17,20,0,0,0,278,81
"MGYG000331189",50,245,17,10,177,85,0,0,153,0,178,0,42,0,38,0,55,0,110,0,476,82,126,0,40,20,199,0,611,41,0,499,12,67,42,271,0,0,0,0,99,0,16,371,0,10,43
"Mammaliicoccus lentus",18,0,0,10,0,0,0,204,0,0,0,0,35,41,0,0,36,0,0,0,79,0,84,0,0,132,1566,0,0,0,0,0,0,0,0,0,0,0,0,0,0,0,0,0,0,0,169
"Staphylococcus xylosus",13,0,0,0,71,0,0,25,41,0,607,0,0,0,78,0,27,12,0,0,45,0,0,0,0,0,34,0,34,0,0,16,0,0,0,37,0,0,0,0,0,0,0,88,14,38,0
"MGYG000410805",15,0,17,0,0,12,0,124,11,0,0,12,11,29,0,0,30,0,0,0,44,10,29,0,0,79,693,0,13,0,0,0,0,0,11,11,0,0,0,0,0,0,0,0,0,0,35
"Desulfovibrio sp910575755",2259,3691,144,264,3220,2609,541,212,5241,0,4729,185,30702,5731,247,202,1775,0,24019,10,5677,741,1454,68,726,1347,4423,86,9257,195,373,1769,178,6049,2201,9306,84,310,2130,0,8916,684,102,6748,0,2575,500
"Desulfovibrio sp910587035",421,513,20,61,684,516,177,28,1157,0,557,39,4038,1116,71,66,458,0,3236,0,902,208,229,15,194,308,623,33,1380,42,48,291,48,1644,454,1533,19,107,317,0,1987,195,29,1298,0,382,73
"Desulfovibrio sp910584445",137,216,0,15,215,145,37,14,301,0,259,16,1715,389,10,0,114,0,1387,0,252,33,93,0,44,80,196,0,466,0,30,82,0,361,157,491,0,11,121,0,551,75,10,327,0,183,19
"MGYG000325668",18,17,0,0,19,0,0,0,22,0,24,0,86,22,0,0,0,0,83,0,25,0,0,0,0,0,14,0,24,0,0,0,0,23,0,41,0,0,0,0,66,0,0,22,0,10,0
"Desulfovibrio sp900556755",17,21,0,0,29,23,0,0,43,0,26,0,176,61,0,0,15,0,148,0,16,0,0,0,0,0,15,0,40,0,0,0,0,48,18,37,0,0,17,0,71,13,0,23,0,17,0
"Desulfovibrio sp905215675",15,23,0,0,29,28,0,0,33,0,22,0,181,36,0,0,19,0,120,0,20,0,0,0,10,0,13,0,22,0,0,0,0,54,11,39,0,0,0,0,109,0,0,19,0,14,0
"MGYG000325515",13,14,0,0,20,21,0,0,30,0,35,0,146,42,0,0,17,0,108,0,37,0,0,0,0,12,19,0,46,0,0,0,0,33,13,38,0,0,10,0,60,0,0,30,0,14,0
"Bilophila sp910585945",2091,3631,11,41,8438,2646,74,40,6258,0,3151,32,7450,508,437,373,561,0,2638,0,11027,269,185,72,318,135,361,0,10099,285,31,5443,209,1844,887,8083,0,227,205,0,1087,73,350,15518,0,251,37
"Bilophila faecipullorum",42,75,0,0,62,42,0,0,102,0,76,0,525,131,0,0,36,0,442,0,94,11,22,0,15,24,74,0,149,0,0,28,0,93,49,142,0,0,59,0,168,0,0,116,0,55,0
"Bilophila sp902373525",15,37,0,0,37,35,0,0,84,0,26,0,229,73,0,0,32,0,207,0,68,14,12,0,12,18,42,0,118,0,0,27,0,106,27,86,0,10,29,0,108,17,0,69,0,30,11
"Mailhella sp910579055",833,1261,77,97,1316,899,195,80,1692,0,1366,69,10100,2044,86,66,585,0,8558,13,1582,266,545,26,261,434,1210,35,2492,51,125,488,48,1964,743,2896,29,117,653,0,3609,289,34,2126,0,838,121
"Mailhella excrementigallinarum",59,135,0,0,82,82,16,17,96,0,96,0,693,218,0,0,35,0,564,0,101,15,39,0,27,64,94,0,177,12,17,78,0,150,58,229,0,15,67,0,225,25,0,233,0,89,13
"MGYG000399267",329,525,26,27,459,304,57,21,568,0,534,33,3887,698,31,14,172,0,3108,0,562,68,175,0,94,162,395,12,887,30,54,141,15,631,280,1017,0,33,247,0,1120,102,0,677,0,313,45
"MGYG000410288",35,50,0,0,51,41,13,0,78,0,66,0,383,89,0,0,31,0,272,0,48,18,0,0,0,14,36,0,91,0,0,20,0,80,14,141,0,0,19,0,189,15,0,88,0,32,0
"Schaedlerella sp910589385",22345,215,429,3157,38972,217,7680,4132,12700,91,80858,1286,2935,101,7044,22,4540,268,1357,75,7513,25750,909,2055,3118,118,742,2122,5031,25245,104,18,6088,10248,2860,92453,45,18,199,0,154999,52,24,81,0,133,75242
"Schaedlerella arabinosiphila",1114,72319,288,197,2982,4434,392,611,4605,46,4469,299,4761,1671,583,622,1367,327,2664,25,41112,1200,1096,174,1093,1002,1541,121,19926,1333,1060,85,370,2244,722,5023,600,4118,2166,35,7160,403,1421,190,33,1378,1548
"Schaedlerella sp009911175",1079,4824,1762,143,1624,3800,348,1114,5709,199,3005,1617,19137,467,274,500,1949,1029,21366,23,33488,1092,4982,535,5356,332,8738,45,20394,1651,8483,60,313,9492,5572,4771,2606,264,19370,0,5527,3980,109,222,0,12252,2329
"MGYG000410694",650,448,24,101,1100,48,196,130,453,0,1961,52,415,66,205,0,177,22,228,0,1239,558,67,42,153,43,100,31,734,579,54,22,136,412,99,2790,28,25,120,0,3651,41,65,63,0,94,1204
"Schaedlerella sp000403295",664,5923,174,107,1253,792,322,1221,1301,15,2444,177,1947,118,260,106,571,172,1994,42,6192,943,487,107,827,86,973,84,3061,876,804,18,231,1599,559,2640,413,288,1749,0,4745,472,135,57,0,1017,2139
"Schaedlerella sp910574865",530,31327,40,30,3143,1612,52,194,8175,0,3711,545,1767,647,208,515,1799,50,301,12,197814,830,572,110,775,405,323,11,130333,346,17163,220,191,1603,82,1655,1090,834,38271,368,541,11973,364,929,28,30769,163
"Schaedlerella sp910574195",248,227,54,21,453,63,59,285,487,0,1153,37,246,172,59,17,223,17,237,0,1452,78,68,18,94,117,146,17,1274,59,36,37,29,156,173,760,0,12,77,0,474,47,33,129,0,87,140
"Schaedlerella sp943193195",149,326,0,0,96,43,42,2177,166,0,242,12,236,77,11,0,55,0,180,57,873,57,109,0,109,47,135,144,573,13,47,18,14,281,27,360,15,16,52,0,197,18,23,51,0,66,177
"Schaedlerella sp009774255",98,840,87,16,211,293,40,531,368,14,402,119,1106,74,41,45,181,56,1092,20,1488,136,230,26,407,71,407,40,848,121,400,0,40,691,249,309,181,56,824,0,539,266,46,22,0,623,301
"MGYG000328305",83,221,23,22,198,38,37,1453,280,0,562,38,239,363,44,0,116,18,205,19,601,111,56,15,84,446,388,41,475,54,89,18,39,176,47,237,17,0,217,0,391,64,14,52,0,195,276
"MD308 sp910575105",20951,579,1552,1678,5240,5700,2188,297,13669,205,13489,1542,22076,302,525,843,2677,283,11690,11,49787,5419,7308,436,13230,251,8401,41,37464,3368,2658,200,1549,35548,3335,17551,2304,26,4078,0,18478,1911,49,615,0,6580,21477
"MD308 sp010206225",3224,75389,3079,183,12777,3992,282,4134,13536,96,32203,2088,9748,40569,1224,660,2770,129,1222,745,53146,2893,2353,509,2716,40493,665,1088,53779,3930,11958,74095,1123,6941,7134,7129,1738,3802,28211,17,3891,5288,3691,241620,0,17195,391
"MGYG000323047",119,2069,61,11,469,150,13,294,477,0,1058,47,386,1143,55,37,116,0,110,38,1862,86,97,13,141,1140,66,56,1685,108,336,2072,39,349,189,224,81,131,769,0,105,213,167,6807,0,540,17
"MD308 sp000403475",83,350,0,0,125,34,15,207,163,0,286,19,166,259,17,0,55,0,91,12,823,38,49,0,112,188,75,19,520,40,36,45,24,254,12,164,19,20,96,0,89,14,32,132,0,67,106
"MGYG000326632",79,70,0,0,62,47,21,38,108,0,82,13,151,38,0,0,17,0,55,0,252,44,26,0,129,39,56,0,188,26,12,30,13,331,13,99,12,0,32,0,158,15,0,72,0,30,140
"MD308 sp910578455",78,195,18,0,102,32,0,545,98,0,181,115,84,83,22,0,29,0,20,0,335,402,21,56,35,75,35,36,235,365,29,99,166,96,35,227,0,0,53,0,221,13,11,327,0,32,90
"MD308 sp910586965",54,116,0,0,77,14,0,242,84,0,118,13,64,148,13,0,20,0,26,0,198,58,18,0,29,133,20,14,203,40,25,95,14,79,16,158,0,0,60,0,218,12,12,272,0,36,69
"MD308 sp910584615",30,327,0,0,76,18,0,55,69,0,167,0,71,137,0,0,28,0,21,0,217,16,15,0,29,158,14,0,228,18,59,279,0,86,24,19,15,16,98,0,43,34,19,853,0,70,38
"MGYG000410877",25,58,0,0,23,16,10,58,44,0,44,0,32,40,0,0,13,0,26,0,150,0,23,0,27,25,17,0,83,0,15,42,0,73,15,25,0,0,28,0,31,17,0,122,0,17,34
"MGYG000324148",2054,7527,0,255,868,27,916,733,1416,0,1363,13,240,174,265,0,516,0,189,37,10291,33,274,0,430,131,122,75,4966,16,20,0,15,760,0,10357,0,491,22,0,2502,17,1731,16,0,461,938
"Sporofaciens sp910574715",3240,25942,319,355,15917,1977,712,107746,5627,0,34953,398,20720,2237,2439,309,2169,40,16784,3634,94917,620,8026,139,9312,1273,9119,7945,50115,616,5944,207,199,16324,493,11657,1148,1933,11942,0,4955,7322,3077,600,0,26677,1941
"Sporofaciens sp910579015",1246,3836,109,126,6122,1489,350,797,1254,0,10110,477,3732,794,846,401,311,23,3324,22,31133,2095,3558,323,3080,695,2411,83,14844,3922,64,10,738,5307,169,3570,0,241,119,0,2965,20,277,17,0,77,1342
"MGYG000353267",974,15261,86,138,4112,173,288,30579,1396,0,7639,97,6855,134,665,22,483,18,6194,1326,17263,163,2832,44,3378,81,2954,3077,9496,153,196,47,70,4878,132,3390,51,1595,503,0,2050,291,867,88,0,818,456
"Sporofaciens sp910575835",880,5619,158,176,3257,342,360,41684,1515,0,5948,215,3049,3464,616,68,629,94,2423,1228,14423,641,1024,99,1440,1947,1173,2680,7845,754,525,140,205,2593,184,3441,104,390,1222,0,4469,417,510,422,0,1642,930
"Sporofaciens musculi",415,1936,94,60,858,120,110,1991,506,0,1565,92,823,825,122,19,176,29,546,59,1927,322,267,38,297,524,374,136,1362,277,218,274,92,534,91,1300,51,92,399,0,1762,116,65,796,0,433,688
"Sporofaciens sp009774295",350,1234,29,69,896,82,134,1002,1335,0,1730,65,623,495,143,14,630,33,409,41,1956,215,227,27,301,241,263,84,1186,262,78,63,79,565,66,1211,27,82,124,0,1415,65,101,278,0,195,507
"Sporofaciens sp910574885",186,1481,64,40,488,85,42,1406,722,37,1100,107,398,627,68,26,234,38,293,44,2912,235,115,14,173,333,218,114,2504,182,77,116,67,345,64,746,24,148,164,28,731,49,149,402,0,172,493
"Sporofaciens sp000403455",84,35191,37,19,685,840,47,4602,214,0,1182,167,1223,44101,96,249,91,144,963,182,2847,151,643,54,933,40064,756,374,1617,304,3529,242,85,1987,41,311,291,1943,8340,0,168,439,1405,456,0,3032,91
"Sporofaciens sp910577685",67,216,29,0,109,76,15,544,121,0,298,30,308,107,16,0,64,0,283,10,448,66,84,12,137,73,125,35,278,57,111,0,22,258,87,162,31,20,226,0,186,67,22,28,0,172,126
"Sporofaciens sp910587575",57,223,17,0,97,34,11,323,82,0,164,16,139,104,19,0,30,0,105,0,408,24,42,0,86,60,73,33,272,0,28,31,0,168,20,130,19,16,64,0,92,17,28,109,0,50,82
"Sporofaciens sp910585725",40,257,0,0,4179,0,0,565,29204,0,11917,0,359,96,777,0,9673,0,236,17,2261,13,114,0,136,75,145,51,1479,0,0,0,0,274,0,154,0,17,24,0,51,0,54,26,0,18,28
"Sporofaciens sp910579925",23,134,0,0,59,0,0,311,42,0,77,0,40,109,0,0,10,0,28,0,185,17,30,0,29,63,25,28,122,0,12,0,0,51,0,28,0,17,31,0,72,0,18,0,0,27,34
"MGYG000402809",10,65,0,0,32,0,0,263,37,0,58,0,22,80,0,0,10,0,21,0,205,0,19,0,20,80,17,15,157,0,10,0,0,31,0,35,0,0,16,0,20,0,15,0,0,19,11
"UBA11957 sp910588295",8431,53,161,328,35,355,324,76,119,38,79,566,7502,88,0,37,59,21,3956,0,241,514,2547,152,5294,21,3560,0,189,3166,0,13,406,9636,198,13238,11,0,16,0,2966,13,0,18,0,22,1881
"MGYG000410400",71,56,0,0,192,10,11,75,3331,0,545,0,77,19,15,0,530,0,46,0,20033,0,37,0,55,0,46,0,12788,36,0,10,0,142,0,124,0,0,0,0,44,0,0,32,0,0,25
"Choladocola sp009774135",5021,275,856,418,232,39,254,164,216,146,282,29,109,229,49,0,72,19,31,13,915,87,18,20,82,141,43,14,482,83,29,149,28,169,745,16388,10,19,70,0,842,26,13,488,0,71,752
"Choladocola sp910583615",697,3006,3809,424,1346,717,221,3484,2517,876,2993,3119,1668,2595,213,37,1302,229,1177,72,2543,1044,479,124,442,631,654,49,2674,691,388,629,305,382,2001,2713,128,233,728,11,1251,427,81,1234,0,1230,830
"Choladocola sp910585995",315,13,76,64,84,105,32,16,97,17,113,35,61,0,0,15,14,70,81,0,569,21,14,12,12,0,196,0,331,24,0,0,0,12,150,1531,0,0,0,0,892,0,0,11,0,0,2766
"Choladocola sp009774145",272,590,71,36,327,546,30,138,495,36,645,69,681,193,92,94,178,17,204,0,1226,673,308,23,296,279,539,0,999,133,65,50,169,829,296,1853,59,43,136,0,219,66,83,171,0,385,168
"Choladocola sp910584945",123,49,0,14,84,94,0,93,132,12,214,14,16,35,13,22,48,0,15,0,1200,32,0,0,13,43,0,0,667,36,0,0,14,24,15,587,0,0,10,0,93,0,0,0,0,13,106
"Choladocola sp910579225",97,214,0,0,36,0,0,0,29,0,53,0,0,0,0,0,0,0,0,0,153,0,0,0,10,10,0,0,91,0,0,0,0,11,10,314,0,13,0,0,0,0,0,35,0,0,0
"Choladocola sp910584205",102,279,161,18,185,33,0,117,119,34,343,87,126,175,16,0,71,15,93,0,1235,40,29,0,51,61,57,0,475,63,12,30,23,69,93,384,14,16,42,0,92,25,0,88,0,62,38
"Choladocola sp910574965",70,2461,81,22,1475,36,0,6131,974,21,3530,60,177,3998,103,0,431,11,57,320,5707,34,0,0,33,8696,50,260,2596,67,2021,52,16,63,87,267,374,117,3090,0,88,1214,199,269,0,3573,104
"Choladocola sp910575445",55,2042,30,0,408,23,0,102,195,0,1144,29,154,229,20,0,92,0,56,0,867,31,36,14,65,129,72,0,738,36,26,0,0,82,42,226,0,67,66,0,100,18,50,36,0,52,104
"Choladocola sp910583895",29,35,0,0,29,12,0,132,16,0,43,0,30,59,0,0,0,0,25,0,72,10,0,0,12,41,20,0,56,0,18,0,0,13,0,79,0,0,26,0,43,0,0,0,0,24,15
"Choladocola sp009774155",24,116,0,0,47,42,10,70,41,0,86,0,42,13,0,0,17,0,40,0,140,18,0,0,22,0,31,0,102,11,0,0,0,56,0,73,0,0,0,0,98,0,0,0,0,0,51
"Choladocola sp910587495",17,34,12,0,20,48,0,27,33,0,47,13,156,14,0,10,11,0,184,0,84,13,34,0,71,17,76,0,39,18,55,0,0,135,31,52,32,0,155,0,61,20,0,0,0,106,37
"Choladocola sp910585465",16,28,0,0,41,43,0,41,29,0,48,0,20,27,0,0,16,0,0,0,76,29,0,0,24,13,15,0,55,20,0,0,0,28,0,52,0,0,0,0,91,10,0,10,0,15,40
"Choladocola sp910587765",12,15,0,0,0,10,0,0,0,0,12,0,0,0,0,0,0,0,0,0,24,0,0,0,0,0,0,0,16,0,0,0,0,0,0,39,0,0,0,0,0,0,0,0,0,0,0
"MGYG000392954",3089,651,422,139,2083,44,431,153,2369,37,4482,218,384,11,166,0,765,22,262,0,3666,1651,111,152,131,11,152,15,3393,672,25,0,396,202,747,11574,19,29,81,0,4336,12,87,17,0,146,605
"Lachnoclostridium_B sp910584095",895,1917,86,58,609,1572,99,423,1943,0,962,153,548,548,341,163,830,46,199,41,3295,2041,842,112,473,366,680,41,3749,704,106,633,365,1220,591,4918,142,135,198,50,443,128,75,1869,24,468,275
"Lachnoclostridium_B sp910574185",331,12918,160,21,2727,303,99,567,4801,0,6311,229,13086,136,221,53,1820,0,8131,19,44141,263,3717,74,3569,82,4252,45,38813,303,1657,14,61,4733,504,1542,726,660,3889,0,595,1005,757,40,0,7373,141
"MGYG000331109",246,125,66,13,211,11,51,39,271,0,414,36,94,12,28,0,101,0,38,0,440,183,41,20,38,0,24,0,399,56,16,0,45,53,68,895,0,0,13,0,428,0,19,18,0,49,67
"Lachnoclostridium_B sp910584265",108,60,0,14,185,0,31,58,63,0,216,0,71,17,24,0,28,0,53,0,258,69,24,0,22,14,45,11,154,68,0,16,21,57,22,398,0,0,27,0,435,0,0,26,0,28,55
"Lachnoclostridium_B sp910588745",11,169,0,0,40,11,0,38,59,0,92,0,169,0,0,0,20,0,95,0,357,0,33,0,39,0,33,0,332,0,12,0,0,61,0,44,10,0,20,0,20,13,10,0,0,93,13
"Lachnoclostridium_B sp910589275",11,47,0,0,14,0,0,49,36,0,40,0,30,16,0,0,20,0,0,0,117,0,0,0,16,0,0,0,96,0,0,0,0,28,0,31,0,0,0,0,19,0,0,0,0,0,19
"MGYG000328855",1842,0,161,135,2883,1462,179,0,4033,13,12567,53,17,0,60,390,1685,89,0,0,20180,375,0,48,0,0,0,0,23953,275,0,0,435,12,267,1283,0,0,0,0,1340,0,0,0,0,0,1784
"MGBC164599 sp910588825",892,13,1081,95,1127,2153,116,49,3562,121,3677,132,2064,12,113,390,1627,118,583,0,19482,207,308,42,1149,0,1131,0,14014,194,0,0,266,2612,958,2049,0,0,0,0,728,0,0,12,0,0,1197
"MGBC164599 sp910575625",843,939,689,37,1046,340,89,245,3034,84,2943,264,353,827,116,62,863,385,235,15,3001,458,107,102,150,651,196,20,3565,321,147,373,557,330,599,2741,49,87,341,0,3491,95,54,1074,0,273,2196
"MGBC164599 sp910587105",68,44,71,12,91,196,0,147,325,12,234,0,166,0,0,36,127,0,38,0,1206,16,24,0,103,0,81,17,893,10,0,0,21,223,57,138,0,0,0,0,50,0,0,0,0,0,104
"MGBC164599 sp910588775",29,0,0,0,0,0,0,0,0,0,45,0,2553,0,0,0,0,0,662,0,26,47,229,0,256,0,740,0,33,23,0,0,21,730,0,51,0,0,0,0,291,0,0,0,0,0,267
"MGYG000330030",21,0,23,0,32,63,0,0,79,0,103,0,47,0,0,10,48,0,15,0,471,0,0,0,44,0,32,0,316,0,0,0,11,87,19,37,0,0,0,0,20,0,0,0,0,0,28
"MGYG000330180",10,28,0,0,18,0,0,17,27,0,28,0,17,15,0,0,0,0,14,0,85,0,0,0,15,13,0,0,52,0,0,0,0,37,0,17,0,0,0,0,12,0,0,0,0,0,0
"14-2 sp910588845",1237,20678,881,104,351,1694,27,42,369,156,1536,52,1928,137,23,544,186,13,841,0,2076,451,309,26,127,193,3244,0,1473,209,50,2677,154,259,1216,953,0,222,136,14,723,13,338,9647,0,70,4780
"14-2 sp910577785",389,12,0,39,598,0,11,17,512,0,1562,75,747,15,14,0,207,37,247,0,2100,113,110,16,256,0,560,0,4915,132,0,0,120,244,12,448,0,0,0,0,168,0,0,0,0,0,1575
"14-2 sp910576385",407,749,79,93,877,76,169,214,657,0,1174,79,270,211,170,0,256,71,171,0,2566,365,92,43,128,147,151,26,1669,465,37,123,134,265,117,1773,22,42,87,0,2664,38,51,391,0,121,493
"14-2 sp910575155",181,710,26,24,280,76,62,188,285,0,594,25,160,121,80,16,135,36,82,0,765,180,26,16,75,120,118,23,637,261,33,59,74,126,78,844,14,27,77,0,1051,17,31,168,0,94,277
"14-2 sp910575035",181,975,75,31,424,110,49,350,690,0,848,56,488,209,73,18,245,42,312,0,1597,158,154,21,187,170,226,30,1188,128,85,121,59,360,52,586,21,62,179,0,619,43,36,393,0,155,405
"14-2 sp011960065",170,781,91,20,315,238,39,444,479,0,654,74,683,624,43,35,192,34,468,21,1405,178,149,14,181,370,255,30,1186,109,155,184,46,332,149,434,65,53,345,0,461,113,40,444,0,398,285
"MGYG000409996",102,11,0,0,205,0,0,0,89,0,203,0,88,0,0,0,14,0,33,0,1344,21,14,0,51,0,13,0,608,20,0,0,0,102,0,301,0,0,0,0,37,0,0,0,0,11,21
"14-2 sp910588285",101,56,18,15,82,65,12,43,71,0,70,0,29,37,12,24,18,15,12,0,1122,29,12,15,12,29,11,0,451,69,0,13,21,25,18,667,0,0,18,0,85,0,0,26,0,20,85
"14-2 sp910575005",118,307,24,13,230,56,44,267,175,0,360,15,85,209,42,0,86,19,44,0,557,118,28,0,44,131,48,20,515,102,38,150,41,112,43,412,0,12,83,0,566,20,25,509,0,68,202
"14-2 sp910584585",69,113,0,18,139,14,40,82,91,0,167,0,86,24,29,0,49,18,55,0,246,62,24,0,67,19,32,0,155,44,0,0,25,102,13,224,0,14,13,0,404,12,0,39,0,16,111
"14-2 sp000403255",71,160,0,0,137,0,31,36,99,0,270,15,75,21,21,0,36,0,55,0,517,47,26,0,31,0,73,0,389,56,0,0,17,72,11,237,0,0,0,0,323,0,25,0,0,27,93
"MGYG000411355",52,73,0,0,51,30,0,97,186,0,153,17,64,24,0,0,63,671,111,0,659,29,11,0,16,18,701,0,586,26,385,0,10,33,10,170,98,0,763,0,45,64,0,0,0,366,479
"14-2 sp910583835",52,188,16,0,85,31,14,76,88,0,176,0,76,33,14,14,41,23,55,0,234,36,13,0,40,34,70,0,185,25,48,17,17,74,31,169,10,14,92,0,199,18,0,54,0,62,87
"14-2 sp910575075",48,199,0,0,94,25,13,37,192,0,207,0,61,13,19,0,62,16,58,0,367,36,30,0,41,18,41,0,307,34,0,15,0,85,13,128,0,15,17,0,104,0,11,78,0,10,44
"14-2 sp000403315",36,3442,13,0,1128,12,0,12,702,0,2495,0,95,18,112,0,239,0,56,0,12614,25,16,0,28,15,34,0,9435,36,24,21,0,54,11,69,11,0,38,0,22,12,1030,61,0,35,28
"14-2 sp009774455",34,300,15,0,33,77,0,144,33,0,78,0,84,147,0,0,14,10,41,0,153,38,13,0,30,71,57,0,122,23,19,80,11,39,17,60,0,18,84,0,76,12,11,204,0,80,85
"14-2 sp910589635",35,301,60,0,66,38,0,94,78,12,139,35,64,117,11,18,44,0,46,0,157,28,16,0,19,35,34,0,116,17,20,65,0,26,57,73,0,0,29,0,70,21,13,156,0,55,75
"14-2 sp910576975",26,93,0,0,42,23,0,65,69,0,57,10,55,0,0,0,30,0,27,0,514,11,0,0,15,0,16,0,275,0,0,0,0,44,0,68,0,0,12,0,27,0,0,10,0,22,15
"MGYG000411595",23,58,0,0,49,23,0,79,42,0,80,0,59,19,10,0,17,0,31,0,152,30,13,0,25,23,36,0,85,0,0,21,22,46,0,67,0,0,15,0,78,0,0,41,0,16,51
"MGYG000328404",16,209,10,0,11,23,0,0,16,0,47,0,23,0,0,11,15,0,14,0,16,0,0,0,0,0,42,0,20,0,0,16,0,0,12,20,0,0,0,0,16,0,0,119,0,0,62
"14-2 sp910578825",15,168,0,0,0,0,0,49,11,0,25,0,18,10,0,0,11,0,0,0,57,0,0,0,11,24,147,0,17,0,0,15,0,0,0,0,0,0,0,0,19,0,0,55,0,0,40
"MGYG000410992",16,267,0,0,30,17,0,26,34,0,51,0,29,11,0,0,0,12,23,0,150,15,0,0,0,11,34,0,76,0,0,17,0,28,0,46,0,11,0,0,63,0,10,34,0,0,37
"MGYG000324849",13,70,77,0,30,25,0,54,69,23,57,46,27,90,0,0,29,0,32,0,42,21,0,0,14,14,20,0,45,0,0,0,0,22,47,27,0,0,20,0,27,10,0,14,0,31,23
"14-2 sp000403845",12,31,0,0,25,0,0,26,10,0,50,0,13,0,0,0,0,0,0,0,29,14,0,0,0,0,13,0,24,10,0,0,0,16,0,21,0,0,0,0,66,0,0,18,0,0,42
"Eubacterium_F sp910574015",2785,322,33,226,4256,136,99,2466,7699,0,23299,1288,5222,134,505,42,4455,355,3394,47,11500,642,2175,114,939,83,13129,96,8666,1055,818,114,234,1956,73,4399,407,11,1414,0,908,1614,14,367,0,10110,1604
"MGYG000330978",89,27,0,0,165,0,24,81,104,0,311,0,42,28,27,0,49,0,24,0,267,96,11,0,27,21,65,0,188,66,0,0,36,77,0,271,0,0,0,0,613,10,0,0,0,49,162
"Eubacterium_F sp910575665",42,224,51,0,92,1041,0,94,112,0,227,81,107,169,0,227,46,44,50,0,306,896,23,30,36,108,107,0,241,62,26,59,254,105,66,120,20,15,54,0,108,22,0,138,0,74,95
"Eubacterium_F sp910585745",36,552,12,0,52,68,0,804,124,0,142,0,106,361,0,0,48,22,96,0,504,25,21,0,24,318,108,0,398,15,80,110,14,61,22,114,20,21,186,0,45,31,35,357,0,116,32
"MGYG000329322",26,274,29,0,223,106,0,66,479,0,607,53,113,129,21,18,182,0,52,0,1670,98,19,12,28,77,97,0,1565,104,37,92,45,61,17,122,17,20,68,0,76,18,16,254,0,138,51
"Eubacterium_F sp910579145",12,38,0,0,0,0,0,0,24,0,33,0,50,0,0,0,0,0,34,0,70,0,13,0,15,0,30,0,34,0,0,0,0,59,0,21,0,0,11,0,15,0,0,0,0,12,44
"Caccovicinus sp910585635",737,15,10,0,401,880,0,25,568,0,414,0,6575,12,12,319,91,0,7913,0,7565,0,688,0,330,12,6793,0,7633,0,0,0,0,433,56,1303,0,0,0,0,11,0,0,0,0,0,49
"Caccovicinus sp009774615",736,163,35,31,1262,218,0,2109,529,17,2214,79,5452,1378,31,118,98,134,245,166,5894,190,330,28,151,3901,297,115,3059,203,25,11,88,174,80,2294,0,14,33,0,66,0,0,11,0,41,51
"Caccovicinus sp910584785",291,0,0,16,208,20,18,2808,38,0,394,39,631,30305,0,0,16,14,55,26,960,37,57,0,0,31111,140,22,689,96,1956,0,18,31,0,1518,228,0,3187,0,175,593,0,17,0,3551,543
"MGYG000411451",261,17,111,14,0,477,11,23,15,14,16,95,218,13,0,80,0,74,18,0,33,103,0,11,0,13,12,0,18,76,0,0,23,16,100,939,0,0,0,0,62,0,0,10,0,0,292
"Caccovicinus sp910575565",192,200,76,23,1165,102,23,146,568,0,2100,32,1209,239,50,18,270,51,453,0,12707,127,178,19,122,181,450,13,7117,75,75,0,56,260,100,620,13,18,99,0,350,30,0,46,0,112,240
"MGYG000322995",47,56,0,0,95,27,0,110,39,0,187,0,407,133,0,10,0,12,30,18,349,24,24,0,18,232,27,0,219,18,11,0,0,36,0,169,0,0,24,0,14,0,0,0,0,17,15
"Caccovicinus sp910588895",25,14,0,0,19,21,0,12,24,0,24,0,70,0,0,0,0,0,81,0,86,0,0,0,11,0,58,0,97,0,0,0,0,30,0,30,0,0,0,0,11,0,0,20,0,0,0
"Acetatifactor sp910576125",379,701,94,37,893,242,53,2590,667,38,1087,99,343,808,108,181,236,104,233,62,6136,208,92,34,187,536,479,48,4203,266,106,72,113,296,115,1675,35,55,241,0,1000,65,96,192,0,279,383
"Acetatifactor sp910589035",236,483,21,45,421,93,84,189,215,0,448,33,165,258,89,10,68,13,131,11,638,177,65,27,108,328,125,28,475,160,66,279,60,219,66,739,20,47,164,0,1117,59,26,883,0,203,209
"Acetatifactor sp910579755",142,31,0,13,76,0,0,145,240,0,166,24,31,21,0,0,115,11,19,0,81,19,12,0,12,39,36,0,50,28,0,0,0,38,0,443,0,0,16,0,100,0,0,0,0,16,576
"Acetatifactor sp910584865",141,77,0,17,66,15,15,675,62,0,113,18,46,177,11,0,30,59,26,23,340,29,18,0,22,107,52,13,178,0,23,0,11,33,17,558,0,0,44,0,154,0,14,0,0,58,725
"Acetatifactor sp910585805",167,362,0,17,308,0,16,168,353,0,418,0,0,38,19,0,153,0,0,0,5119,0,0,0,0,25,0,14,2276,0,0,0,0,13,0,585,0,20,0,0,21,0,126,0,0,0,18
"Acetatifactor sp910585425",128,169,15,0,443,122,12,43565,329,0,180,0,249,10373,32,44,43,0,145,1058,8245,15,68,15,265,8118,648,798,5176,62,161,0,17,371,21,692,69,35,540,0,90,108,71,0,0,537,408
"Acetatifactor sp910585615",75,201,53,0,346,104,0,9360,227,0,161,18,323,2355,22,92,32,26,165,232,7108,24,37,17,204,1989,151,183,5107,46,747,0,42,286,90,351,266,21,2489,0,146,465,92,0,0,2600,157
"Acetatifactor sp910586775",66,3147,0,0,163,0,0,384,138,0,185,0,47,136,16,0,41,0,0,0,1491,0,0,0,69,63,0,0,738,0,0,0,0,78,0,237,0,149,35,0,38,0,73,0,0,25,15
"Acetatifactor sp910589655",50,101,20,0,428,30,0,399,737,0,820,26,182,91,34,0,172,11,60,0,2875,42,24,11,60,50,52,0,2805,65,21,0,14,130,26,210,0,0,42,0,63,10,0,35,0,19,46
"Acetatifactor sp910586835",42,0,0,0,54,11,10,32,24,0,89,0,19,16,15,0,17,0,21,0,72,43,11,0,19,0,18,0,59,23,0,0,0,57,0,129,0,0,0,0,187,0,0,10,0,0,62
"Acetatifactor sp003612485",41,0,54,0,0,22,0,12,0,16,0,0,46,10,0,42,0,89,16,0,0,14,14,11,67,0,30,0,11,0,303,0,0,205,90,179,0,0,1109,0,0,0,0,0,0,0,0
"MGYG000329336",37,44,0,0,51,0,0,122,32,0,124,0,18,22,0,0,0,0,15,0,76,28,0,0,0,10,0,10,46,26,0,0,0,23,0,81,0,0,0,0,195,0,0,16,0,0,96
"Acetatifactor sp910577185",39,67,0,0,91,31,16,89,29,0,172,0,31,65,24,0,17,0,18,0,136,69,12,0,17,46,23,0,83,25,0,0,14,53,0,150,0,0,11,0,257,0,0,0,0,20,110
"MGYG000325587",32,233,0,0,31,143,0,99,57,0,104,18,164,228,0,12,17,0,75,0,161,81,49,0,30,102,54,0,121,36,27,135,27,71,16,130,11,30,141,0,85,14,10,378,0,148,39
"Acetatifactor sp910584235",31,88,0,0,35,89,0,1807,243,0,46,0,37,344,0,135,52,10,11,22,1902,0,10,0,36,440,11,18,1442,0,102,0,0,93,0,132,10,0,196,0,0,0,53,0,0,27,33
"MGYG000325385",17,22,0,0,47,0,0,15,14,0,43,0,17,0,11,0,0,0,17,0,39,26,0,0,12,0,0,0,23,14,0,0,0,19,0,89,0,0,0,0,104,0,0,0,0,0,0
"Acetatifactor sp910580225",19,18,0,0,19,0,0,413,18,0,35,0,14,91,0,0,0,0,0,0,140,0,0,0,0,64,0,20,73,0,0,0,0,14,0,44,0,0,0,0,24,0,0,0,0,16,37
"Acetatifactor sp910577035",16,43,0,0,51,12,0,35,55,0,40,0,12,0,12,0,17,0,21,0,42,18,0,0,13,0,12,0,28,15,0,0,0,19,0,55,0,0,0,0,104,0,0,0,0,0,11
"Acetatifactor sp910578995",17,29,0,0,25,0,0,69,30,0,55,0,26,47,0,0,15,0,24,0,165,11,0,0,24,29,29,0,89,13,0,0,0,40,0,81,0,0,11,0,61,0,0,0,0,12,51
"Acetatifactor sp910578185",14,26,0,0,24,0,0,74,30,0,57,0,15,20,0,0,16,0,0,0,85,11,0,0,0,12,20,0,75,0,0,0,0,11,0,52,0,0,0,0,53,0,0,0,0,0,38
"MGYG000327004",15,98,0,0,15,0,0,113,12,0,22,0,32,91,0,0,0,0,21,0,70,0,0,0,0,43,0,0,33,0,0,0,0,18,0,15,0,0,29,0,35,0,0,0,0,11,0
"Acetatifactor sp910586485",13,0,0,0,19,0,0,34,36,0,42,0,0,0,0,0,12,0,0,0,34,13,0,0,0,0,0,0,14,0,0,0,0,11,0,26,0,0,0,0,43,0,0,0,0,0,18
"MGYG000331015",11,26,0,0,12,25,0,35,11,0,24,0,39,28,0,0,0,0,25,0,31,19,0,0,19,0,20,0,32,0,0,21,0,36,12,29,16,0,22,0,43,0,0,49,0,28,0
"Acetatifactor sp910587555",12,50,0,0,22,14,0,300,26,0,38,0,18,65,0,0,0,0,18,0,111,0,0,0,0,41,20,0,74,0,0,0,0,19,0,18,0,0,18,0,19,0,0,0,0,16,24
"1XD8-76 sp910578085",1601,12107,10742,803,2474,1227,375,10906,4923,2686,6985,8413,5051,14143,378,68,2318,500,3387,134,5754,2467,1533,323,711,3457,1813,77,5533,1967,1003,1844,632,633,4818,5860,268,555,2211,21,3360,1111,210,4092,0,5025,2713
"1XD8-76 sp910573755",464,2180,43,45,880,606,19,465,1270,0,1332,45,434,443,66,154,367,33,228,12,11114,114,149,15,366,316,206,10,4889,236,111,118,37,412,80,1837,50,187,266,0,157,70,196,351,0,237,170
"1XD8-76 sp910577955",11,84,0,0,0,34,0,20,20,0,20,0,56,19,0,0,0,0,20,0,68,13,33,0,24,0,47,0,134,13,0,18,0,62,0,82,0,0,0,0,25,0,0,49,0,0,16
"UBA3282 sp009774175",682,82,18,37,1145,60,30,201,966,0,3506,1249,46,74,90,12,314,404,22,0,21173,2114,11,221,27,81,34,0,5388,1464,21,0,293,55,26,1970,0,12,53,33,163,11,0,25,18,62,202
"UBA3282 sp910575245",174,867,2377,64,208,958,54,1833,262,650,501,91,546,1360,45,77,136,56,262,32,797,361,137,0,142,894,442,29,596,205,178,420,62,242,3190,762,72,83,453,0,638,74,36,988,0,677,452
"UBA3282 sp009774655",156,277,103,15,513,409,0,105752,161,33,1101,17,1082,49745,32,138,75,60,1208,900,5537,19,341,0,107,39054,7246,798,2306,48,7017,0,0,297,116,686,838,28,14188,155,72,1919,13,0,52,11952,273
"UBA3282 sp910577735",155,24076,3707,18,189,6687,18,15684,540,722,355,435,1038,3529,30,375,176,4706,396,68,1200,470,292,56,229,4388,1160,58,946,581,438,196,101,575,4631,689,354,1663,899,19,193,217,337,459,0,1586,206
"UBA3282 sp910588215",75,146,0,0,138,34,12,1078,126,0,176,12,100,441,23,0,41,0,43,0,936,47,25,0,51,426,81,10,504,39,78,0,16,101,15,217,14,0,131,0,251,37,24,36,0,155,116
"UBA3282 sp910584725",64,195,23,0,112,54,16,147,94,0,203,16,86,87,11,0,42,0,47,0,283,60,16,0,41,59,39,0,189,39,14,34,19,76,27,241,0,11,22,0,210,11,0,106,0,31,93
"MGYG000329173",62,39,0,0,134,16,21,2400,59,0,124,12,50,1139,26,0,24,10,50,29,399,31,20,0,11,919,147,27,178,43,162,0,12,38,0,252,20,0,350,0,311,65,0,0,0,274,32
"MGYG000325371",44,33,0,0,77,11,10,52,59,0,126,0,27,30,17,0,19,0,19,0,117,42,0,0,14,18,36,0,93,37,0,0,10,29,0,150,0,0,0,0,240,0,0,0,0,13,64
"MGYG000324467",45,190,18,0,65,43,0,303,144,0,152,0,129,290,0,0,69,0,70,0,280,21,38,0,47,212,114,0,272,17,26,0,0,87,25,81,0,23,54,0,71,22,0,13,0,70,64
"UBA3282 sp910587095",31,32,0,0,11,10,0,30,16,0,41,0,37,0,0,0,0,0,16,0,79,0,0,0,0,10,13,0,59,0,0,0,0,39,0,22,0,0,0,0,17,0,0,0,0,13,17
"UBA3282 sp009774585",32,39,16,0,96,28,0,200,117,0,292,43,55,73,16,0,58,0,62,0,494,61,0,0,15,83,174,0,210,36,17,13,16,26,11,84,0,0,27,0,51,17,0,31,0,50,46
"UBA3282 sp910576815",31,152,0,0,61,103,12,366,106,0,101,0,73,284,0,17,48,13,25,0,200,75,16,0,23,180,40,0,180,42,31,114,16,37,19,130,21,27,91,0,156,19,0,286,0,120,58
"UBA3282 sp910575775",40,137,32,0,73,50,0,227,256,0,206,38,65,157,18,12,88,28,33,0,297,24,0,0,18,71,80,0,214,19,32,40,0,52,23,87,0,0,48,0,66,15,0,90,0,71,98
"UBA3282 sp003611805",39,171,53,0,73,70,0,319,75,19,138,19,234,110,14,0,33,39,165,0,179,38,49,0,49,110,129,0,143,20,73,0,0,101,58,102,19,0,147,0,86,30,0,0,0,101,56
"UBA3282 sp910579285",20,33,21,0,30,16,0,368,32,0,72,0,15,99,0,0,0,0,0,0,109,19,0,0,0,80,21,0,87,16,0,0,0,12,14,69,0,0,0,0,134,0,0,0,0,10,56
"UBA3282 sp910579505",19,64,0,0,18,19,0,87,22,0,21,0,0,18,0,0,11,0,0,0,54,10,0,0,0,21,0,0,46,0,0,0,0,15,0,23,0,0,14,0,53,0,0,0,0,0,14
"MGYG000328328",16,32,0,0,0,0,0,286,21,0,22,0,15,103,0,0,0,0,0,0,67,0,0,0,10,105,19,0,37,0,31,0,0,19,0,49,0,0,28,0,27,0,0,0,0,31,0
"MGYG000325448",15,16,0,0,11,46,0,39,47,0,62,12,27,15,0,0,23,0,12,0,31,24,0,0,11,11,20,0,32,0,0,0,0,15,11,67,0,0,0,0,29,13,0,0,0,49,18
"MGYG000328360",14,48,0,0,17,26,0,61,24,0,24,0,34,46,0,0,0,0,13,0,62,11,0,0,0,31,11,0,30,11,0,23,0,15,0,27,0,0,29,0,23,0,0,38,0,33,21
"MGYG000323430",10,49,0,0,19,0,0,45,16,0,37,0,0,25,0,0,15,0,0,0,55,0,0,0,0,21,18,0,75,0,0,0,0,0,0,16,0,0,11,0,34,0,0,11,0,15,28
"UBA3282 sp003612405",13,16,0,0,28,0,0,130,88,0,100,0,18,41,0,0,31,0,16,0,75,0,0,0,0,44,32,0,76,0,0,0,0,18,0,34,0,0,32,0,40,0,0,0,0,45,15
"UBA3282 sp009774215",12,125,737,0,14,1412,0,98,25,194,54,0,85,108,0,350,26,0,69,0,98,36,16,0,20,125,41,0,49,30,37,0,0,55,347,30,11,0,63,0,0,28,0,0,0,80,0
"MGYG000324289",1107,0,87,119,244,107,128,0,112,16,381,199,45,0,24,52,52,54,44,0,654,345,24,61,32,0,19,0,263,193,0,0,148,84,370,3081,0,0,0,0,611,0,0,0,0,0,580
"Paralachnospira sp910588815",439,0,0,38,324,61,38,0,682,0,964,16,1385,0,32,30,225,0,1058,0,3455,21,328,0,323,0,1303,0,2110,0,0,0,0,826,26,1232,0,0,0,0,117,0,0,0,0,0,316
"Paralachnospira sp022800815",49,20,13,0,50,11,13,0,25,0,68,12,33,0,0,0,14,0,28,0,145,25,0,0,11,0,0,0,44,15,0,0,12,45,23,155,0,0,17,0,77,0,0,34,0,0,58
"Paralachnospira sp910587905",22,0,0,0,26,74,0,0,24,0,45,14,24,0,0,11,0,0,26,0,101,45,0,0,0,0,19,0,50,19,0,0,14,45,15,119,0,0,0,0,61,0,0,0,0,0,25
"COE1 sp002490665",831,24,0,92,6255,0,41,22,15181,0,41193,1792,7149,21,702,0,9607,145,9450,0,5524,2260,2372,152,717,19,26595,0,8012,1698,61,0,468,1335,0,2156,0,0,15,0,23,2391,0,0,0,6631,120
"COE1 sp009774395",396,180,60,44,513,106,33,169,779,0,2003,61,124,110,72,14,346,17,108,0,634,65,49,0,38,73,129,0,1034,84,30,57,24,64,108,1718,0,0,63,0,346,24,0,185,0,106,776
"COE1 sp000403335",265,241,37,71,137,54,39,570,170,0,308,507,759,377,15,0,69,52,136,0,978,351,435,44,196,276,464,14,679,105,57,43,54,317,51,859,18,20,101,0,136,23,0,103,0,112,114
"MGYG000410938",81,391,12,0,198,80,25,87,234,0,280,15,74,204,53,16,63,0,25,0,347,105,11,0,34,104,19,19,253,83,19,210,37,101,28,289,13,29,70,0,385,33,18,591,0,68,111
"MGYG000325626",44,107,18,11,127,17,19,106,82,11,170,22,36,64,29,0,32,0,34,0,110,32,16,0,23,65,31,0,81,33,0,12,18,32,17,201,0,0,28,0,259,15,0,36,0,27,54
"COE1 sp002358575",26,287,14,0,126,282,0,159,325,0,355,37,196,320,0,26,115,17,49,0,1294,152,25,0,29,120,59,0,1249,89,20,126,31,52,23,165,36,48,102,0,116,27,0,361,0,188,54
"MGYG000325712",16,38,0,0,48,17,0,39,61,0,133,0,21,25,0,0,27,10,25,0,139,24,0,0,17,31,33,0,130,20,0,11,0,27,0,61,0,0,16,0,95,10,0,33,0,24,37
"COE1 sp910586585",15,30,0,0,22,49,0,81,45,0,67,11,37,26,0,0,18,0,25,0,102,10,11,0,21,13,27,0,82,0,21,0,0,37,11,40,0,0,16,0,53,0,0,11,0,26,38
"COE1 sp910586715",14,0,0,0,0,0,0,0,0,0,12,33,54,0,0,0,0,0,0,0,13,23,21,0,0,0,35,0,0,0,0,0,0,23,0,22,0,0,0,0,0,0,0,0,0,0,0
"COE1 sp910579275",11,28,0,0,47,30,0,11,87,0,186,20,45,19,0,0,63,0,53,0,52,13,13,0,10,15,170,0,61,0,0,14,0,24,12,22,0,0,0,0,0,21,0,16,0,38,10
"CAG-95 sp910585005",492,115,1344,41,10,1652,36,57,13,362,17,89,33,20,0,118,0,228,10,0,30,328,0,0,0,18,12,0,19,37,0,0,33,11,1979,1832,0,0,0,52,32,0,0,0,11,13,38
"CAG-95 sp009917455",378,1298,1840,21,476,520,32,910,479,460,1384,257,319,462,49,56,194,638,294,0,2723,166,82,21,86,338,796,12,2091,88,102,0,42,244,1042,1249,16,51,143,0,337,45,121,40,0,158,660
"CAG-95 sp910579685",75,164,18,0,113,256,0,43,222,0,254,0,105,16,0,36,53,14,61,0,463,0,18,0,12,0,184,0,203,10,0,0,0,31,22,218,0,24,0,0,18,0,37,0,0,13,83
"CAG-95 sp910579425",66,502,399,18,146,0,0,80,165,73,362,0,113,17,17,0,48,260,27,0,243,17,26,0,12,0,146,0,202,15,1259,0,0,34,353,159,155,32,2661,39,37,165,33,13,0,2617,323
"CAG-95 sp910579495",55,161,15,0,129,22,28,352,113,0,233,12,61,218,32,0,54,24,45,0,292,53,21,0,32,122,78,14,179,52,25,0,21,55,24,303,0,0,63,0,351,16,0,23,0,75,102
"CAG-95 sp003612395",39,48,20,0,34,29,0,44,78,0,149,0,25,35,0,0,33,20,0,0,171,22,0,0,0,12,33,0,146,0,0,14,0,11,52,137,0,0,17,0,27,0,0,30,0,19,147
"CAG-95 sp910586025",35,19,0,0,21,0,0,50,44,0,87,13,28,10,0,0,31,0,18,0,105,11,0,0,14,0,64,0,112,0,0,0,0,11,0,69,0,0,0,0,22,0,0,0,0,16,25
"CAG-95 sp910577275",32,76,85,0,31,36,0,35,27,20,61,13,11,19,0,0,0,59,10,0,208,0,0,0,10,15,38,0,114,0,0,0,0,25,54,49,0,0,19,0,18,0,11,0,0,24,40
"CAG-95 sp009911035",14,23,0,0,31,18,0,64,27,0,44,0,23,22,0,0,17,11,0,0,74,32,0,0,16,17,27,0,53,13,0,0,0,26,10,50,0,0,0,0,57,0,0,0,0,0,39
"CAG-95 sp910585075",13,21,0,0,15,11,0,30,24,0,39,0,0,14,0,0,0,0,17,0,35,10,0,0,0,13,11,0,33,0,0,0,0,18,0,36,0,0,0,0,25,0,0,0,0,0,15
"MGYG000410775",13,14,0,0,24,0,0,105,20,0,31,0,0,31,0,0,0,0,0,0,34,0,0,0,0,34,0,0,35,0,0,0,0,0,0,42,0,0,16,0,60,0,0,0,0,15,0
"MGYG000325648",11,27,0,0,22,0,0,144,26,0,41,0,26,23,0,0,0,0,20,0,69,0,0,0,10,15,10,0,62,0,0,0,0,21,0,29,0,0,10,0,35,0,0,12,0,13,21
"CAG-95 sp011959285",12,30,0,0,0,12,0,28,0,0,30,0,0,0,0,0,0,0,0,0,21,0,0,0,0,0,0,0,34,0,0,0,0,0,0,13,0,0,0,0,0,0,0,0,0,0,0
"UBA7109 sp910576335",892,15678,383,152,1586,2769,299,771,1202,64,2912,177,2189,312,290,287,427,56,1005,27,17534,790,548,80,1081,224,1172,90,9992,715,266,122,228,3115,801,3169,106,788,565,14,4588,211,241,394,0,801,2033
"UBA7109 sp910575605",283,4276,17,17,551,56,57,383,522,0,1198,120,789,328,60,0,208,0,643,0,3512,176,405,29,279,202,317,28,2878,172,24,23,48,444,33,950,0,168,52,0,647,11,71,77,0,41,159
"MGYG000323043",63,77,0,17,134,0,30,90,59,0,126,0,55,14,40,0,25,0,50,0,100,60,18,0,36,0,34,11,78,56,0,0,22,40,10,244,0,0,19,0,457,0,0,28,0,20,52
"MGYG000405682",36,118,0,0,36,0,13,206,33,0,86,0,50,19,0,0,17,0,23,0,145,17,0,0,28,20,10,15,123,0,0,12,0,49,0,131,0,0,0,0,62,0,12,51,0,12,41
"MGYG000368546",33,183,0,0,58,93,0,117,144,0,80,14,218,41,18,0,42,0,33,0,176,68,58,0,52,54,381,0,196,14,0,25,15,111,30,122,0,14,0,0,60,0,0,43,0,0,65
"Ventrimonas sp910575255",387,31375,273,24,1082,165,23,237,413,45,1847,180,3802,1009,43,23,143,38,1415,0,5239,210,754,0,225,724,1461,11,3045,223,126,57,60,418,204,1414,36,1497,301,0,352,57,148,150,0,244,324
"Ventrimonas sp910577765",149,17,72,14,239,372,0,0,195,22,485,70,119,12,0,68,64,48,29,0,1778,56,11,0,13,0,17,0,886,41,696,0,0,19,48,643,144,0,1481,0,17,435,0,11,0,2704,33
"Ventrimonas sp910586255",145,145,569,0,520,477,0,648,250,147,1003,358,1079,103,37,87,132,114,350,15,5323,157,98,25,66,500,467,12,2346,214,0,0,56,126,456,812,0,0,18,0,100,14,0,0,0,18,259
"Ventrimonas sp003611875",134,495,47,29,202,130,20,306,239,0,648,67,312,340,30,24,109,23,153,0,819,158,69,18,85,273,243,15,577,118,51,53,24,172,82,327,23,27,145,0,411,42,16,191,0,172,318
"Ventrimonas sp009911065",124,531,61,0,139,63,20,609,204,0,384,33,191,510,20,16,68,21,95,0,818,81,46,0,56,359,91,12,643,52,55,55,38,110,76,296,14,30,126,0,201,41,21,166,0,109,179
"MGYG000410706",65,207,22,0,117,34,31,93,141,0,175,16,80,161,26,0,42,18,55,0,491,52,23,0,59,92,41,12,372,24,27,74,15,95,37,142,0,22,54,0,234,24,13,212,0,46,98
"MGYG000327273",62,183,15,0,86,66,12,295,103,0,203,17,89,127,13,0,45,13,59,0,536,34,30,0,21,118,111,0,325,23,26,11,0,56,27,156,11,13,67,0,82,11,0,32,0,63,75
"Ventrimonas sp910577655",55,78,106,0,980,293,0,136,1181,25,2791,102,147,127,39,40,642,38,55,0,1666,66,21,13,41,138,45,0,716,63,43,0,16,80,101,187,14,0,123,0,147,31,0,12,0,101,223
"Ventrimonas sp022799175",37,0,0,0,237,0,0,11,181,0,418,0,375,0,0,0,72,0,58,0,252,0,24,0,0,0,126,0,176,12,0,0,0,29,0,257,0,0,0,0,48,0,0,0,0,0,90
"MGYG000324149",11,68,0,0,35,19,0,161,14,0,21,0,60,26,0,0,0,0,81,0,59,0,23,0,26,22,32,30,42,0,38,0,0,36,21,35,0,0,71,0,25,19,0,0,0,47,0
"UBA3402 sp910574345",234,323,59,19,348,147,37,207,367,19,538,35,315,226,29,35,134,29,165,0,1726,87,41,15,63,202,178,0,897,99,54,75,24,143,59,1255,18,15,101,0,402,24,29,224,0,101,446
"UBA3402 sp910575585",188,3427,83,32,421,125,38,276,320,26,695,88,513,542,56,33,112,30,217,13,2212,102,150,23,107,399,248,25,1463,146,66,110,43,184,77,761,0,177,147,0,556,31,44,370,0,166,209
"MGYG000410803",113,108,17,26,298,31,52,248,112,0,417,28,128,111,45,0,36,14,87,0,224,144,21,0,45,70,49,26,155,119,29,0,23,130,52,447,17,0,67,0,736,25,10,0,0,83,340
"UBA3402 sp910588325",98,0,0,0,90,124,0,14,51,0,109,23,187,0,0,14,17,13,55,0,864,26,31,0,41,0,91,0,452,30,0,0,11,100,33,424,0,0,0,0,64,0,0,0,0,0,121
"UBA3402 sp022798105",98,21,11,0,104,129,0,15,24,0,115,0,159,11,0,22,12,0,0,0,1161,0,0,0,0,13,13,0,425,0,0,0,0,0,51,563,0,0,0,0,16,0,0,0,0,11,69
"UBA3402 sp022795805",93,32,13,28,52,112,11,0,23,0,44,0,58,0,0,17,0,11,12,0,1725,21,0,0,0,0,0,0,618,14,0,0,0,11,19,533,0,0,0,0,62,0,0,0,0,10,187
"UBA3402 sp002358555",82,51,0,0,0,0,0,17,12,0,14,0,26,64,0,0,0,0,18,0,34,0,0,0,0,17,14,0,25,0,0,33,0,0,0,440,0,0,12,0,22,0,0,45,0,40,0
"UBA3402 sp910588865",46,48,13,11,466,103,10,15,221,0,865,267,574,20,25,11,125,74,237,0,4619,60,93,15,97,20,214,0,2138,68,1507,0,12,165,15,247,230,0,2459,0,48,486,0,0,0,3018,66
"UBA3402 sp022796015",40,16,17,0,36,21,0,11,88,0,64,0,15,13,0,0,26,13,12,0,271,0,0,0,15,0,0,0,270,0,0,0,0,26,24,110,0,0,19,0,112,0,0,25,0,0,182
"UBA3402 sp910586845",37,11,866,0,34,20,0,0,27,183,146,0,0,0,0,0,0,69,0,0,350,0,0,0,0,0,0,0,206,0,0,0,0,0,1026,165,0,0,0,0,14,0,0,0,0,0,21
"UBA3402 sp910585435",18,12,0,0,14,31,0,15,0,0,24,0,20,0,0,0,0,12,11,0,79,12,0,0,0,0,16,0,37,23,0,0,10,22,14,45,0,0,0,0,10,0,0,0,0,0,32
"UBA3402 sp910577935",18,122,228,20,251,57,0,131,236,84,355,196,486,183,23,0,112,15,68,0,2887,67,46,16,43,40,49,0,1383,77,16,15,25,79,111,51,0,10,35,0,53,23,0,25,0,67,22
"UBA3402 sp910585645",11,54,0,0,10,0,0,26,16,0,41,0,23,26,0,0,0,0,15,0,102,0,0,0,10,23,15,0,45,0,13,0,0,21,12,60,0,0,20,0,19,0,0,0,0,14,22
"UBA3402 sp021769025",10,44,0,0,14,0,0,11,13,0,22,0,0,12,0,0,0,0,0,0,33,0,0,0,0,0,10,0,17,0,0,0,0,0,0,21,0,0,0,0,16,0,0,0,0,0,14
"1XD42-69 sp011959925",387,3980,976,90,56,85,0,97,965,93,280,17,232,24,21,76,516,27,29,0,109,23,40,0,99,14,45,0,232,22,18,23,0,70,1016,589,0,37,12,15,524,0,230,43,0,17,4358
"1XD42-69 sp009911505",381,587,124,86,689,94,127,341,530,0,1279,114,372,340,137,19,204,38,166,0,1273,365,99,43,140,221,281,19,1139,330,59,80,82,350,120,1402,20,20,123,0,1966,24,39,299,0,162,851
"1XD42-69 sp022794015",53,89,81,23,125,87,0,37,121,0,271,0,25,0,0,0,33,0,0,0,100,0,0,0,0,41,0,0,176,19,0,0,0,20,71,136,0,0,24,0,121,0,0,0,0,26,676
"1XD42-69 sp910588565",18,20,0,0,14,0,0,52,17,0,24,0,19,0,0,0,0,0,0,0,329,14,0,0,10,10,0,0,243,14,0,0,0,13,10,34,0,0,0,0,18,0,0,0,0,10,15
"1XD42-69 sp910577065",12,43,19,0,15,21,0,80,33,0,27,34,26,56,0,0,15,0,20,0,45,21,0,0,0,22,0,0,46,13,0,13,0,14,0,40,0,0,24,0,34,21,0,21,0,24,19
"1XD42-69 sp910586645",11,20,0,0,0,0,0,63,0,0,17,0,18,0,0,0,0,0,0,0,18,0,0,0,0,0,10,0,22,0,0,0,0,0,0,12,0,0,0,0,20,0,0,0,0,0,22
"Merdisoma sp009917555",171,0,39,12,222,70,13,21,227,14,587,63,322,0,25,21,76,12,60,0,1926,32,68,0,108,0,105,0,1330,49,0,0,14,103,42,621,0,0,10,0,25,0,0,0,0,0,69
"Merdisoma sp910574255",151,98,0,26,189,33,24,150,210,0,408,24,268,64,18,0,64,16,187,0,1310,71,47,0,69,40,221,0,700,66,40,17,19,129,40,357,25,0,115,0,404,22,0,41,0,91,322
"Merdisoma sp011959465",107,520,36,0,172,177,32,153,181,0,375,27,277,363,29,22,80,19,101,0,1348,108,61,0,67,231,124,0,642,96,37,186,31,115,35,473,29,32,161,0,356,31,20,433,0,219,212
"Merdisoma sp910574835",64,511,31,0,130,36,0,189,168,0,291,20,150,213,16,0,105,30,53,0,735,46,33,0,49,134,70,0,429,31,28,52,0,97,26,194,14,23,84,0,108,0,0,183,0,62,115
"Merdisoma sp910574475",48,233,0,0,95,68,12,211,198,0,280,29,55,72,0,0,52,15,32,0,356,48,25,0,26,53,57,0,334,37,20,35,13,58,70,132,0,17,28,0,148,0,0,78,0,22,113
"MGYG000330323",21,0,0,0,72,15,0,0,46,0,112,0,13,0,0,0,15,20,0,0,700,0,0,0,0,0,0,0,474,0,0,0,0,0,0,75,0,0,0,0,19,0,0,0,0,0,34
"Merdisoma sp022791635",17,0,0,0,42,12,0,0,28,0,76,0,24,0,0,0,11,0,11,0,363,0,0,0,0,0,20,0,226,10,0,0,0,0,0,66,0,0,0,0,0,0,0,0,0,0,0
"Kineothrix sp011958945",175,341,244,17,1785,178,0,79,1219,24,5464,616,2208,0,161,28,501,218,1537,0,6586,674,1267,62,1167,24,3815,0,4274,379,111,0,128,2177,507,757,52,15,205,0,3493,90,55,0,0,422,7626
"Kineothrix sp910579935",130,180,41,15,145,52,30,256,191,0,255,26,71,214,41,0,53,21,35,0,710,96,30,0,38,148,70,0,535,80,32,84,37,101,50,496,10,17,75,0,337,27,18,239,0,72,152
"Kineothrix sp910576535",82,45,12,22,263,21,72,113,90,0,265,20,88,15,74,0,37,11,50,0,281,195,29,17,40,14,88,11,159,126,0,0,49,127,28,461,0,0,0,0,1145,0,0,0,0,18,415
"MGYG000327499",27,45,0,0,57,0,0,28,49,0,161,0,67,12,18,0,17,0,50,0,449,13,43,0,39,14,39,0,262,0,0,0,0,70,0,60,0,0,0,0,45,0,12,21,0,10,19
"Kineothrix sp000403275",37,108,0,0,65,42,14,154,86,0,152,0,65,72,0,12,20,0,41,0,307,35,26,0,34,60,71,0,294,0,15,17,0,55,17,90,0,0,43,0,110,0,0,43,0,28,48
"Kineothrix sp910588855",18,58,0,0,21,16,0,162,23,0,62,11,28,36,0,0,0,15,14,0,110,0,0,0,17,44,37,0,75,0,18,0,0,21,0,43,0,0,51,0,25,14,0,0,0,37,42
"Kineothrix sp910587275",15,15,0,0,0,30,0,32,13,0,28,0,38,0,0,0,0,0,26,0,32,0,12,0,17,13,15,0,22,0,14,0,0,27,0,23,0,0,15,0,0,10,0,0,0,14,14
"MGYG000326008",13,35,0,0,24,0,0,14,19,0,70,0,12,15,0,0,13,0,0,0,65,26,0,0,0,0,0,0,35,12,0,0,0,17,0,47,0,0,0,0,103,0,0,25,0,0,36
"Kineothrix sp910585965",11,16,0,0,15,17,0,205,40,0,47,0,11,100,0,0,17,0,0,0,61,20,0,0,0,63,41,0,53,0,15,0,0,18,12,51,0,0,26,0,31,0,0,0,0,36,25
"Kineothrix sp009911195",10,13,0,0,26,0,0,0,12,0,52,0,34,0,0,0,0,0,19,0,45,0,15,0,24,0,38,0,50,0,0,0,0,62,10,11,0,0,0,0,41,0,0,0,0,0,90
"RGIG4057 sp910587085",429,43,17,48,658,16,166,74,299,0,907,21,74,0,163,0,76,0,28,0,233,418,12,50,66,0,11,28,165,463,0,0,96,156,50,1853,0,0,11,0,2472,0,0,0,0,13,675
"RGIG4057 sp910579615",11,10,0,0,22,0,0,25,19,0,43,0,13,0,0,0,0,0,0,0,44,15,0,0,0,0,0,0,30,0,0,0,0,17,0,29,0,0,0,0,50,0,0,0,0,0,16
"UMGS1370 sp910577645",400,36,0,25,12,15,26,34,17,0,27,67,188,26,0,0,11,69,52,0,52,45,13,0,44,26,58,0,52,42,431,0,13,57,0,1700,238,0,811,0,204,619,0,0,0,1851,414
"UMGS1370 sp910586755",13,0,0,0,0,0,0,17,0,0,11,0,11,73,0,0,0,0,0,0,26,0,0,0,0,73,0,0,29,0,10,0,0,0,0,53,0,0,31,0,14,36,0,0,0,56,15
"UBA2882 sp910574745",457,57,0,56,871,19,22,86,2618,0,1000,0,219,47,34,0,446,0,33,0,6261,14,22,0,132,37,23,0,4950,0,0,0,0,191,0,2000,0,0,13,0,168,0,0,15,0,11,261
"Eubacterium_J sp910574915",279,762,52,33,316,362,50,682,514,0,741,76,504,711,55,56,162,32,193,30,1732,261,114,30,157,427,195,51,1516,182,101,344,70,313,120,717,62,78,232,0,696,57,37,885,0,374,401
"Eubacterium_J sp910579075",28,73,88,17,58,173,0,76,179,15,84,67,59,128,0,14,43,0,33,0,181,29,29,13,21,27,32,0,92,22,0,11,21,35,51,103,0,12,34,0,94,15,0,22,0,38,41
"Eubacterium_J sp910580075",21,58,12,0,42,15,0,59,56,0,98,0,71,34,0,0,20,0,42,0,123,11,22,0,46,25,32,0,109,15,13,0,0,101,0,42,0,0,27,0,106,0,0,13,0,25,99
"Eubacterium_J sp910584595",17,43,0,0,49,16,0,40,52,0,81,0,24,20,0,0,26,0,0,0,204,22,0,0,14,24,48,0,135,16,0,0,10,29,13,52,0,0,0,0,67,0,0,25,0,16,52
"MGYG000330231",16,0,0,18,61,18,14,161,129,0,124,0,112,0,23,0,60,0,49,0,66,0,0,0,19,0,16,0,64,0,0,0,0,16,0,44,0,0,14,0,17,10,0,0,0,52,0
"MGYG000327453",13,23,0,0,21,0,0,39,23,0,24,0,26,11,0,0,0,0,24,0,40,11,0,0,13,0,12,0,33,10,0,0,0,17,0,26,0,0,0,0,37,0,0,0,0,13,0
"Butyribacter sp910575435",246,11818,41,74,4673,202,158,8679,3483,13,16097,207,1273,1230,228,62,874,21,948,179,11584,204,636,35,544,1183,2799,144,18497,490,2054,0,137,2133,24,205,179,276,3779,0,76,1190,98,17,0,4503,89
"Butyribacter sp910585905",24,48,0,0,0,11,0,11,16,0,25,0,45,15,0,0,14,0,29,0,32,0,19,0,20,17,26,0,29,0,13,0,0,40,10,22,0,0,22,0,13,13,0,0,0,30,21
"MGYG000330019",17,142,12,0,63,22,0,37,67,0,194,0,43,41,0,0,33,0,34,0,292,17,13,0,12,31,28,0,248,11,17,26,0,24,0,52,0,0,18,0,65,0,0,139,0,29,42
"Butyribacter sp009774235",13,802,0,0,13,0,0,22,31,0,33,0,0,0,0,0,15,0,0,0,86,0,0,0,0,0,14,0,99,0,34,0,0,0,0,15,0,27,84,0,10,0,53,0,0,16,0
"VSOB01 sp009774625",300,1261,3126,231,1011,515,142,1913,2526,910,2304,2494,835,2632,272,34,1360,205,574,51,5558,965,251,125,301,509,335,29,4827,526,204,319,326,282,1383,1218,78,153,444,18,1462,324,43,516,0,788,552
"VSOB01 sp910587155",14,52,0,0,24,0,0,105,20,0,67,0,30,51,0,0,17,0,15,0,88,15,0,0,10,30,20,0,48,24,0,23,0,28,10,38,0,0,12,0,74,0,0,80,0,15,24
"VSOB01 sp910587635",13,10,0,0,0,20,0,11,10,0,16,0,21,49,0,0,0,89,11,0,69,10,0,0,0,40,104,0,58,11,0,0,0,10,15,25,0,0,0,0,10,0,0,0,0,0,34
"Copromonas sp009917545",252,227,100,44,562,517,33,269,870,33,1729,74,1582,282,72,87,344,61,723,0,1541,65,396,0,84,187,1100,0,899,113,54,0,18,134,89,1142,13,13,100,0,172,33,12,0,0,141,86
"Copromonas sp910575275",90,158,47,0,178,33,19,85,147,0,263,61,94,115,44,11,56,66,61,0,565,73,27,0,30,78,64,0,402,60,0,0,35,56,39,513,0,0,42,0,424,30,0,0,0,89,114
"Copromonas sp022792295",11,0,114,0,10,27,0,0,0,19,0,0,0,0,0,0,0,0,0,0,101,0,0,0,0,0,0,0,55,0,0,0,0,13,106,29,0,0,0,0,0,0,0,0,0,0,0
"Copromonas sp910586315",12,82,0,0,13,0,0,317,16,0,51,0,24,88,0,0,0,25,0,0,63,0,14,0,15,45,20,30,61,0,13,0,0,16,12,59,0,0,23,0,47,0,0,0,0,20,31
"Bariatricus sp022793995",241,10,0,13,14,12,93,12,43,0,35,61,206,0,0,0,13,0,309,0,109,135,116,10,122,0,98,0,56,116,12,0,44,218,0,908,0,0,0,0,545,0,0,0,0,11,168
"Clostridium_Q sp910575795",273,208,48,17,192,62,20,159,212,0,334,47,168,104,23,19,79,20,92,0,735,127,58,44,59,105,69,12,480,156,20,56,69,135,64,991,0,17,36,0,331,29,18,163,0,70,173
"RGIG4284 sp910576205",170,790,27,23,446,24,35,120,255,0,595,31,177,123,68,0,58,56,92,0,3254,127,39,15,56,86,94,0,1866,128,41,0,34,131,30,785,0,51,95,0,819,24,42,21,0,97,257
"RGIG4284 sp022796795",30,3961,110,0,77,225,0,28,58,40,83,13,57,10,0,80,17,16,0,0,1183,46,0,0,16,0,13,0,697,25,0,0,17,28,160,113,0,122,0,33,0,0,31,0,13,0,0
"RGIG7193 sp022793375",107,30,0,0,288,0,0,11,366,0,499,32,430,14,16,0,116,126,113,0,4343,101,188,16,277,0,283,0,2067,79,0,0,42,605,16,423,0,0,0,0,33,0,0,0,0,0,44
"RGIG7193 sp022791755",48,0,0,0,48,24,0,0,249,0,107,24,95,0,0,17,102,0,0,0,1197,0,34,0,31,0,37,0,624,0,0,0,0,43,0,159,0,0,0,0,36,0,0,0,0,0,67
"Roseburia sp910587865",64,12889,0,11,368,68,0,52,385,0,376,12,94,27,26,16,87,0,14,0,3472,30,10,10,113,29,22,0,1881,68,0,10,12,126,0,339,0,294,15,0,40,0,40,14,0,15,38
"Roseburia sp910584215",24,101,0,0,50,137,0,23,43,0,72,0,27,11,11,20,14,0,0,0,61,102,34,0,0,0,28,0,54,31,0,0,24,56,61,165,0,0,0,0,152,0,0,0,0,0,33
"MGYG000329248",11,129,0,0,12,10,0,25,11,0,24,0,14,50,0,0,0,0,14,0,56,0,0,0,16,30,0,0,29,0,0,0,0,17,11,31,0,0,11,0,21,0,0,0,0,15,0
"Lachnospira sp910589305",81,4427,0,0,661,0,0,0,663,0,3255,0,50,0,46,0,379,0,29,0,1259,0,0,0,12,0,85,0,1640,22,17,0,0,0,0,301,0,87,24,0,30,0,39,0,0,240,37
"Eubacterium_G sp910584795",80,256,0,0,84,92,0,168,103,0,103,32,38,329,29,0,31,0,42,0,400,170,88,0,29,120,97,0,552,124,115,547,30,25,71,358,15,21,279,0,118,52,0,629,0,415,95
"Eubacterium_G sp910574895",19,71,0,0,33,25,0,59,29,0,52,0,0,22,0,0,0,0,0,0,109,0,11,0,11,25,0,0,85,16,0,0,0,17,18,73,0,0,15,0,70,0,0,51,0,15,32
"Paralachnospira_A sp910588405",55,3650,0,0,262,0,0,21,210,0,350,0,178,0,22,0,48,0,60,0,4863,10,22,0,66,20,25,0,1833,32,0,0,21,97,0,347,0,282,0,0,0,0,215,0,0,0,28
"Paralachnospira_A sp910579325",25,269,0,0,30,0,0,76,21,0,39,0,11,29,0,0,0,0,0,0,474,0,0,0,0,29,0,0,187,0,0,0,0,18,0,53,0,24,0,0,10,0,25,0,0,12,12
"CAG-317 sp910578495",57,34,0,0,28,15,0,114,35,0,67,0,53,38,0,0,15,0,23,0,126,17,11,0,20,50,22,0,92,0,14,0,0,65,0,60,0,0,26,0,59,0,0,35,0,31,67
"CAG-317 sp011960265",34,240,0,0,28,33,0,236,53,0,78,0,55,283,0,0,29,0,42,0,176,21,16,0,23,283,30,26,136,20,49,78,0,50,15,61,22,23,138,0,38,44,0,204,0,143,21
"JAAWJJ01 sp022796875",84,627,28,10,122,215,15,10,185,0,595,13,45,0,0,32,124,0,10,0,1240,24,0,0,0,0,0,0,450,25,0,0,0,19,51,317,0,58,0,0,115,0,14,0,0,0,190
"Blautia_A sp900551075",76,835,39,0,105,567,14,221,172,0,286,177,340,699,21,45,92,0,119,14,149,466,73,36,41,256,73,0,206,254,84,381,104,58,85,484,82,75,289,33,181,47,23,944,31,476,110
"Blautia_A massiliensis",11,0,0,0,32,0,0,0,16,0,11,0,48,25,0,0,0,0,32,0,18,0,0,0,0,0,0,0,18,0,0,0,0,18,0,19,0,0,0,0,27,0,0,23,0,10,0
"CAG-56 sp004793585",98,607,583,0,11004,783,31,128,36810,103,34229,2449,637,383,340,147,10653,154,613,0,205217,3041,134,440,191,475,224,0,177974,7147,218,96,1541,348,559,267,76,50,494,0,230,126,34,317,0,412,100
"Enterocloster aldenensis",32,55,0,0,63,11,0,61,51,0,60,0,30,34,0,0,17,0,22,0,179,13,0,0,16,22,0,0,103,15,0,72,13,22,0,121,0,0,10,0,91,13,0,163,0,33,16
"Enterocloster clostridioformis",31,62,0,0,54,53,0,66,88,0,94,13,31,38,0,0,44,0,25,0,206,26,0,0,25,38,26,0,210,13,0,13,12,49,18,99,0,0,12,0,60,0,0,39,0,20,28
"Choladousia sp003612585",56,1689,29,0,70,107,0,17,71,0,166,71,139,18,0,13,36,13,38,0,387,99,110,11,205,10,227,0,491,136,0,19,42,127,48,158,0,117,10,0,33,0,70,46,0,0,15
"CAG-510 sp910577105",29,200,0,0,259,17,0,79,561,0,340,32,51,101,16,0,135,0,46,0,2074,45,26,0,32,57,30,0,2055,58,12,0,18,37,0,156,0,20,62,0,133,0,0,0,0,14,36
"MGYG000325650",14,30,28,14,30,18,0,0,41,0,44,47,24,0,0,0,24,0,31,0,30,47,10,0,18,0,17,0,34,13,14,14,11,22,30,41,0,13,40,0,28,13,0,22,0,76,15
"CAG-590 sp910585605",43,32,20,0,73,35,10,37,101,0,288,12,110,40,0,0,50,0,88,0,202,31,27,0,19,19,147,0,173,13,14,17,11,52,19,78,10,0,42,0,76,15,0,39,0,105,72
"Blautia pseudococcoides",18,13467,0,0,38,0,0,1886,13,0,50,0,12,8678,0,0,0,0,0,194,49,0,63,0,11,19833,12,119,42,17,178,339282,0,23,0,59,148,518,576,0,52,78,5415,938185,229,781,17
"Eisenbergiella sp910585455",16,26,0,0,43,15,0,38,65,0,60,0,32,32,11,0,34,0,11,0,63,16,0,0,0,21,12,0,50,0,0,0,0,15,0,42,0,0,0,0,29,0,0,19,0,24,0
"MGYG000392808",14,197,0,0,18,0,0,20,20,0,35,0,106,19,0,0,0,38,80,0,273,14,25,0,10,0,50,0,180,0,0,0,0,14,0,33,0,38,0,0,34,0,15,0,0,0,64
"W0P33-017 sp910589045",12,0,0,0,18,0,0,17,0,0,19,0,11,0,0,0,0,0,12,0,23,15,0,0,0,0,0,0,14,0,0,0,0,0,0,31,0,0,0,0,44,0,0,0,0,10,0
"SIG307 sp910579465",23,227,42,10,84,52,12,82,102,0,111,92,92,216,14,0,23,0,79,0,150,48,21,0,33,90,56,0,157,29,50,141,24,70,37,119,20,27,81,0,136,50,12,351,0,117,38
"MGYG000326869",23,100,0,0,28,33,0,14,80,0,71,0,102,0,0,0,54,0,82,0,43,0,21,0,29,0,39,0,52,0,17,0,0,60,17,20,11,0,71,0,21,13,0,0,0,54,16
"CAG-603 sp910583605",16,82,0,0,115,0,0,49,199,0,121,0,27,63,0,0,57,0,16,0,786,18,0,0,14,38,18,0,752,20,0,13,12,26,0,68,0,0,31,0,24,0,10,46,0,12,22
"Marvinbryantia sp900550755",20,40,0,0,29,0,0,28,31,0,45,0,30,0,0,0,11,0,12,0,91,0,12,0,0,0,13,0,74,0,0,0,0,12,0,41,0,0,0,0,24,0,0,0,0,0,0
"RGIG8607 sp910577045",10,62,0,0,0,38,0,17,17,0,11,0,16,0,0,0,0,0,0,0,33,10,0,0,0,0,0,0,23,0,0,0,0,0,0,28,0,0,0,0,16,0,0,0,0,0,64
"MGYG000326584",14,0,0,0,31,0,0,144,37,0,77,0,50,0,0,0,0,0,11,0,26,0,10,0,0,0,0,0,36,0,0,0,0,0,0,38,0,0,0,0,0,0,0,0,0,15,0
"MGBC114844 sp910585255",14,15,0,0,19,0,0,28,14,0,37,0,20,23,0,0,0,0,24,0,38,0,0,0,13,16,11,0,21,0,0,0,0,28,0,25,0,0,0,0,45,0,0,26,0,0,18
"MGYG000325493",13,12,0,0,35,0,0,0,0,0,41,0,11,0,0,0,0,0,0,0,13,10,0,0,0,0,0,0,0,16,0,0,0,0,0,50,0,0,0,0,98,0,0,0,0,0,11
"MGYG000329929",11,18,0,0,16,0,0,28,0,0,17,0,0,0,0,0,0,0,0,0,17,0,0,0,0,0,0,0,20,0,0,0,0,0,0,30,0,0,0,0,48,0,0,0,0,0,0
"UBA2821 sp014799465",13,127,0,0,22,54,0,65,28,0,45,0,39,96,0,0,15,0,15,0,87,38,0,0,10,27,11,10,63,10,13,66,0,28,11,36,19,10,31,0,32,0,0,166,0,45,25
"MGBC100174 sp910576895",12,0,0,0,29,0,0,0,11,0,35,0,0,0,0,0,10,0,0,0,19,20,0,0,0,0,0,0,14,0,0,0,0,10,0,35,0,0,0,0,98,0,0,0,0,0,36
"Muricomes contortus_B",10,150,0,0,27,20,0,51,27,0,61,0,22,82,0,0,0,0,0,0,139,0,0,0,13,95,14,0,142,0,26,128,0,24,19,28,11,13,42,0,15,0,15,360,0,34,0
"Extibacter muris",11,15,0,0,15,0,0,0,0,0,20,0,22,17,0,0,0,0,13,0,48,0,0,0,10,0,0,0,49,0,0,20,0,39,0,25,0,0,0,0,33,0,0,41,0,14,16
"Anaerotignum sp910576545",306,89,40,25,69,80,0,58,113,0,115,0,177,49,0,17,43,17,74,0,402,0,26,0,13,38,89,0,300,16,15,0,0,37,50,758,0,0,28,0,275,13,0,27,0,34,670
"Anaerotignum sp910578425",13,108,0,0,10,59,0,32,0,0,0,0,69,82,0,0,0,0,16,0,22,32,12,0,0,46,18,0,24,21,12,83,0,0,0,69,10,11,54,0,34,0,0,164,0,78,14
"Coprocola sp910575055",49,40,0,0,143,0,23,26,98,0,338,0,78,0,16,0,41,16,53,0,528,38,23,0,28,0,52,0,387,57,0,0,12,40,0,240,0,0,0,0,265,0,10,0,0,13,65
"Enterenecus sp910588495",4240,6032,766,230,2802,1983,49,40,1550,236,806,126,15801,43,156,719,197,85,2322,0,3958,22,270,84,907,58,319,0,3231,577,25,0,93,869,1445,17603,0,687,39,52,267,24,646,25,0,70,713
"Enterenecus sp910587285",1791,122,12,56,57,23,42,39,58,0,46,37,2877,34,0,0,13,55,889,0,274,21,280,37,213,22,1345,0,207,196,11,0,13,319,18,9730,0,15,20,0,366,17,29,23,0,12,1737
"MGYG000327450",1590,420,53,75,1318,653,92,129,2851,12,796,27,381,85,150,274,285,20,138,0,22175,18,22,23,62,107,156,0,17356,70,29,0,71,85,59,9384,0,37,63,0,68,57,49,32,0,120,182
"Enterenecus sp910588625",1457,3587,309,144,1440,1467,181,618,2236,61,2585,158,14160,3658,187,137,677,35,11405,76,3684,901,1113,63,438,2670,1889,66,4491,321,544,2081,134,1928,1453,5161,559,201,2085,0,4401,538,144,6494,0,4711,412
"Enterenecus sp910575695",1491,1276,262,172,4048,487,58,553,2915,109,2600,174,1430,537,162,159,391,109,486,16,13896,130,245,46,290,420,764,0,16592,330,141,146,104,434,205,5807,61,109,289,0,780,149,67,430,0,423,4654
"MGYG000326888",553,3075,67,44,1669,66,0,145,724,0,1370,103,7292,366,169,24,147,68,2032,0,1117,31,230,53,532,124,2077,0,1437,108,18,0,21,579,59,2353,19,149,35,0,56,26,380,51,0,64,191
"Enterenecus sp910585155",310,2489,78,21,313,365,15,163,203,29,123,31,1097,328,52,95,29,0,216,16,1583,55,140,14,343,320,181,0,1139,68,117,320,28,618,178,1569,193,260,309,0,159,114,148,751,0,1023,215
"MGYG000331159",346,298,81,17,624,118,0,166,518,40,465,59,756,67,27,43,119,83,163,0,3807,34,75,21,91,77,270,0,3135,77,117,0,15,125,299,1660,0,24,134,14,126,71,35,60,0,233,621
"Enterenecus sp910579595",294,5119,248,34,2837,219,0,52,984,76,3118,324,2983,62,130,91,272,154,1165,0,2727,169,314,112,557,44,796,0,2485,584,126,0,90,1113,277,1206,286,193,509,0,570,811,217,20,0,2785,2932
"MGYG000410353",105,457,0,0,34,11,0,16,141,0,40,14,85,11,0,0,27,0,13,0,265,0,20,14,53,0,25,0,314,35,205,0,0,57,15,361,27,43,521,0,12,298,91,0,0,851,37
"Enterenecus sp910577525",71,223,35,0,147,87,0,98,137,20,126,21,299,69,11,25,26,16,207,0,904,20,65,17,91,93,122,0,608,34,92,0,13,139,77,342,21,19,184,0,46,90,23,44,0,150,88
"Enterenecus sp910587395",64,143,26,0,92,46,0,60,105,0,81,0,191,76,0,25,37,0,56,0,556,0,16,0,32,103,63,0,418,11,32,0,0,52,31,256,13,16,91,0,41,45,18,49,0,47,98
"MGYG000328307",54,102,0,12,62,25,0,55,94,0,32,0,137,43,0,11,23,0,47,0,573,0,0,0,26,58,40,0,420,18,0,0,0,42,0,258,0,0,15,0,0,20,12,0,0,42,81
"Enterenecus sp910587255",53,346,41,0,82,41,0,64,116,0,121,16,180,69,0,22,31,0,74,0,477,0,23,0,26,72,73,0,356,25,32,0,0,53,26,266,0,0,53,0,28,19,19,20,0,31,90
"Enterenecus sp910588105",47,125,47,0,54,35,0,44,79,18,92,0,151,31,0,13,22,12,41,0,307,0,0,0,29,48,49,0,222,0,25,0,0,42,29,218,0,0,44,0,25,23,15,36,0,35,80
"MGYG000410945",38,115,23,0,46,42,0,19,57,0,35,0,99,14,0,24,15,0,32,0,263,0,0,0,16,19,24,0,167,0,0,0,0,29,26,187,0,14,13,0,15,0,20,15,0,17,27
"Enterenecus sp910579155",39,555,18,0,209,44,0,660,102,0,100,20,213,1605,12,22,0,0,60,294,643,0,0,0,24,3509,65,97,401,28,1365,81,15,26,68,194,423,38,3246,0,18,1273,112,1720,0,2318,57
"MGYG000322966",34,120,12,0,66,42,0,48,84,0,48,0,99,36,0,16,20,0,43,0,354,0,12,0,21,36,16,0,248,14,0,0,0,37,10,172,0,0,17,0,22,16,17,34,0,31,38
"MGYG000410761",34,111,20,0,49,47,0,57,71,0,60,12,98,60,0,18,32,0,35,0,310,0,0,0,13,67,43,0,205,13,15,0,0,39,13,160,0,11,34,0,12,21,17,20,0,41,36
"Enterenecus sp910587205",32,117,0,0,62,15,0,33,94,0,84,0,97,54,0,0,30,0,35,0,613,0,0,0,16,58,53,0,479,24,37,0,0,24,20,117,0,14,43,0,14,36,19,39,0,63,25
"MGYG000410914",28,39,0,0,25,22,0,0,71,0,16,0,61,0,0,14,14,0,12,0,323,0,0,0,10,0,0,0,293,0,0,0,0,15,0,153,0,0,0,0,0,0,0,0,0,12,13
"Enterenecus sp910584285",26,92,0,0,28,14,0,56,54,0,22,0,68,51,0,0,0,0,43,0,178,0,0,0,22,59,20,0,145,11,0,0,0,16,12,79,0,0,37,0,0,17,0,40,0,27,22
"MGYG000327286",22,47,11,0,25,14,0,15,24,0,12,0,58,0,0,11,0,0,13,0,85,0,0,0,0,0,10,0,70,0,0,0,0,22,0,75,0,0,0,0,0,12,12,0,0,0,14
"Enterenecus sp910585265",26,129,17,0,46,28,0,16,41,0,35,0,99,30,0,0,0,0,19,0,201,24,0,0,19,41,21,0,148,0,26,0,0,22,33,144,0,18,43,0,0,15,17,44,0,48,37
"Enterenecus sp910584835",21,92,0,0,34,38,0,40,57,0,31,0,128,59,0,16,16,0,31,0,229,0,0,0,11,50,35,0,201,0,11,0,0,25,15,154,0,17,17,0,14,20,13,14,0,40,34
"Enterenecus sp910588135",21,73,0,0,50,20,0,26,37,0,26,0,80,16,0,15,0,0,23,0,119,0,15,0,11,17,24,0,80,0,0,0,0,14,0,92,0,0,15,0,0,11,13,0,0,16,18
"MGYG000329348",16,50,0,0,20,0,0,13,50,0,18,0,58,0,0,0,0,0,14,0,161,0,0,0,13,11,18,0,146,0,0,0,0,35,12,105,0,13,12,0,21,10,0,0,0,10,15
"MGYG000325584",13,43,0,0,16,0,0,0,29,0,13,0,40,10,0,0,0,0,13,0,72,0,0,0,0,0,0,0,42,0,0,0,0,13,0,45,0,0,0,0,0,0,11,0,0,0,0
"MGYG000410874",10,60,0,0,30,10,0,19,44,0,19,0,51,0,0,11,0,0,38,0,102,0,0,0,16,0,11,0,103,0,0,0,0,26,0,69,0,11,17,0,0,0,12,0,0,27,10
"MGYG000360698",10,30,0,0,15,0,0,16,24,0,22,0,43,19,0,0,0,0,0,0,84,0,0,0,0,20,13,0,88,0,0,0,0,10,0,68,0,0,19,0,0,10,0,0,0,29,24
"Lawsonibacter sp003612335",555,866,206,35,803,74,10,87,934,64,368,106,715,65,58,56,125,10,186,16,4439,17,45,36,173,205,70,11,3691,132,63,36,25,204,1721,2308,14,69,172,0,41,72,97,414,0,161,47
"Lawsonibacter sp910585815",664,164,122,24,568,1613,36,904,930,32,294,108,2771,3870,27,651,103,0,607,175,6248,14,169,51,287,6059,235,69,4019,329,77,0,51,362,377,3430,34,15,251,0,150,170,183,43,0,491,130
"Lawsonibacter sp910584605",592,12931,686,27,2062,218,25,5860,1575,163,1400,146,2356,3681,116,124,257,41,751,347,6703,57,98,42,462,3390,428,143,5735,251,1190,85,49,617,486,3066,228,556,3205,0,381,2409,263,843,0,4778,674
"Lawsonibacter sp910575265",642,660,114,38,158,100,25,631,340,30,267,57,264,335,18,30,88,51,143,18,1525,33,47,0,71,192,183,14,958,226,62,0,29,121,76,3993,0,45,127,0,108,112,47,101,0,201,215
"MGYG000432202",429,214,39,27,334,43,30,189,290,0,206,137,1592,104,20,12,33,39,633,0,3101,58,40,64,92,86,356,0,1890,291,20,0,49,121,27,2486,0,15,45,0,122,48,15,51,0,84,253
"Lawsonibacter sp022799835",268,607,46,17,98,127,0,387,173,14,69,41,168,151,0,64,23,0,52,47,2233,0,0,27,84,141,13,21,1381,45,65,238,36,136,243,1678,0,75,166,0,17,60,82,2774,0,102,31
"MGYG000433528",326,328,44,19,842,535,31,317,1690,0,488,128,754,950,81,202,219,14,166,48,9165,31,45,76,138,1425,70,21,7240,109,36,0,66,224,154,1710,16,0,98,0,129,87,54,89,0,244,200
"Lawsonibacter sp022794495",223,431,10,0,297,43,0,590,309,0,133,20,496,1312,20,22,40,0,167,82,1913,0,24,15,145,1172,69,24,1868,55,175,0,17,226,24,1025,59,60,492,0,28,238,71,58,0,367,23
"MGYG000410681",201,32,10,0,157,15,0,32,149,0,85,41,17,16,16,12,18,12,0,0,1774,0,0,19,0,14,0,0,1132,32,0,0,17,0,33,963,0,0,0,0,33,0,0,15,0,0,29
"Lawsonibacter sp910578735",240,670,57,16,249,264,0,305,287,0,124,35,807,1328,16,137,42,0,195,49,1664,0,39,40,150,774,66,0,1263,49,171,281,22,339,203,1176,85,40,380,0,79,274,179,2197,0,445,174
"MGYG000325175",232,324,73,18,189,153,20,204,197,22,328,40,422,218,19,44,66,14,158,0,1064,57,67,14,149,132,95,0,894,91,28,80,24,406,105,1148,22,32,86,0,130,42,17,285,0,132,309
"Lawsonibacter sp022801435",192,925,54,18,339,147,13,77,548,12,243,24,269,47,19,62,62,0,47,0,3394,15,0,27,45,31,20,0,2485,72,0,24,0,132,166,1155,0,173,13,0,78,19,106,183,0,23,98
"Lawsonibacter sp009911645",137,116,10,0,123,35,0,80,113,0,197,42,263,34,12,11,30,16,73,0,673,15,15,0,30,27,60,0,671,114,0,0,0,80,14,651,0,0,14,0,73,15,42,28,0,23,156
"Lawsonibacter sp943192995",139,218,21,0,51,40,0,146,54,0,38,14,202,90,0,0,0,0,89,0,276,0,30,0,117,72,46,0,181,31,15,0,0,145,22,771,0,0,60,0,68,40,0,28,0,83,112
"MGYG000329509",87,99,0,0,231,20,0,84,220,0,292,29,152,43,31,0,45,0,23,0,934,0,14,0,14,51,21,0,515,56,0,0,0,36,24,481,0,0,28,0,32,26,0,64,0,36,43
"Lawsonibacter sp022798855",74,159,0,0,119,55,0,81,128,0,93,14,179,48,0,45,28,0,74,10,685,0,0,11,43,61,45,0,618,40,58,0,0,57,35,353,15,12,197,0,23,97,11,58,0,221,35
"Lawsonibacter sp910588455",71,35,0,0,74,0,0,11,97,0,104,25,32,0,0,0,28,157,0,0,183,30,0,0,0,12,0,0,171,11,0,0,0,21,0,299,0,0,0,0,14,0,0,15,0,0,45
"Lawsonibacter sp910589085",73,4675,36,0,1582,136,0,3159,3006,0,622,13,130,2019,83,55,234,0,23,130,8238,0,0,0,32,2105,28,45,5476,47,261,60,0,41,92,540,109,289,759,0,22,1483,82,446,0,2346,57
"Lawsonibacter sp022793355",72,466,21,0,85,214,0,118,115,0,43,20,93,56,0,68,0,0,28,0,1432,0,0,0,20,45,30,0,860,33,11,0,0,48,39,440,0,47,15,0,21,19,20,42,0,25,38
"MGYG000328991",72,231,30,0,109,62,0,141,208,0,69,25,175,274,0,30,29,0,47,0,795,0,0,0,38,186,31,0,641,22,25,0,0,51,35,272,0,21,82,0,39,57,20,101,0,83,41
"Lawsonibacter sp022795855",52,13,65,0,21,211,0,21,98,17,20,0,27,10,0,41,0,11,0,0,457,0,0,0,0,0,0,0,274,21,0,0,0,0,121,261,0,0,0,0,21,0,0,0,0,0,44
"Lawsonibacter sp022791995",48,22,0,0,14,0,0,24,78,0,50,0,0,0,0,0,21,22,0,0,217,0,0,0,0,10,0,0,195,0,0,0,0,0,0,257,0,0,0,0,13,0,0,0,0,0,31
"MGYG000323117",44,130,30,0,55,55,0,135,85,0,51,0,132,104,0,22,20,11,36,11,311,0,11,0,37,74,32,0,229,12,0,0,0,45,31,211,0,12,27,0,31,20,24,85,0,39,62
"Lawsonibacter sp000492175",48,80,0,0,67,16,0,63,86,0,66,15,77,31,0,0,16,0,12,0,370,0,11,0,18,37,17,0,191,20,0,0,0,33,27,194,0,12,0,0,193,19,0,31,0,26,198
"MGYG000324476",38,124,20,0,37,32,0,122,70,0,33,12,72,62,0,11,22,0,28,0,295,0,0,0,17,58,28,0,213,12,10,0,0,10,15,147,0,0,26,0,16,31,0,43,0,48,19
"MGYG000411366",33,143,12,0,60,33,0,163,89,0,42,33,71,104,0,18,0,0,26,0,348,0,18,0,24,101,44,11,246,0,17,0,0,36,11,173,0,0,51,0,14,33,24,42,0,49,25
"MGYG000345714",28,72,18,0,53,32,0,67,65,0,49,0,77,43,0,15,19,0,18,0,207,0,0,0,19,58,19,0,164,12,0,0,0,17,25,116,0,0,19,0,14,22,10,0,0,39,27
"MGYG000329989",29,65,0,0,32,62,0,68,66,0,26,0,103,135,0,33,15,0,0,0,320,0,0,0,12,171,0,0,254,14,0,0,0,33,22,160,0,0,21,0,10,23,12,20,0,29,0
"Lawsonibacter sp910577805",25,57,11,0,47,32,0,37,171,0,45,0,557,74,0,14,41,17,242,0,142,0,174,0,45,65,39,0,114,0,0,0,0,86,15,124,0,0,0,0,10,0,0,0,0,14,17
"MGYG000410703",23,140,0,0,37,19,0,171,71,0,24,15,45,70,0,12,17,0,0,0,186,0,0,0,13,37,20,0,140,10,0,0,0,30,25,117,0,0,18,0,0,23,19,32,0,21,23
"MGYG000329873",23,93,0,0,26,14,0,110,65,0,21,0,24,36,0,12,13,0,14,0,216,0,0,0,14,38,0,0,146,0,0,0,0,14,18,140,0,0,13,0,0,14,13,22,0,13,12
"Lawsonibacter sp022796195",22,128,0,0,33,0,0,42,44,0,31,0,28,43,0,0,10,0,22,0,162,0,0,0,0,29,29,0,129,13,16,0,0,17,15,87,0,0,23,0,12,18,0,16,0,20,25
"MGYG000411569",19,94,0,0,28,0,0,68,53,0,24,0,42,37,0,11,0,0,12,0,173,0,0,0,18,31,22,0,133,0,0,0,0,15,0,117,0,0,0,0,0,20,0,27,0,20,12
"MGYG000327081",11,43,0,0,12,0,0,32,15,0,0,0,10,17,0,0,0,0,0,0,85,0,0,0,0,16,0,0,55,0,0,0,0,18,13,49,0,0,0,0,0,0,0,14,0,19,0
"Dysosmobacter sp009774015",1140,238,168,94,841,133,72,758,1134,41,920,172,1725,5693,38,41,195,94,597,210,5705,94,233,33,151,10701,1261,40,4029,137,359,0,41,293,117,5635,128,22,668,34,198,1914,24,26,0,4563,781
"Dysosmobacter sp910583785",527,117,15,25,251,21,28,95,1145,0,365,201,1995,71,51,12,247,40,238,0,1051,104,345,30,475,80,455,0,1018,66,20,0,21,750,0,2094,13,0,26,0,44,36,11,0,0,85,108
"Dysosmobacter sp910575815",537,760,725,40,515,496,31,5303,659,155,1131,395,439,2617,33,117,174,571,149,102,3639,193,52,41,68,3048,268,40,2531,259,369,57,52,130,452,2434,60,97,599,0,180,211,56,136,0,1071,733
"Dysosmobacter sp910579365",434,69,27,25,79,20,11,73,454,0,130,22,319,71,19,0,80,25,63,0,5295,34,23,0,42,66,78,0,5559,101,11,0,0,102,16,1493,0,0,36,0,40,31,0,0,0,46,136
"Dysosmobacter sp910587705",360,6962,153,46,150,6808,30,1229,136,0,141,641,3388,5639,41,583,37,17,799,200,703,2479,552,150,427,2157,506,64,683,1076,764,3542,463,403,635,2788,788,746,2656,0,889,575,165,9157,0,4410,87
"Dysosmobacter sp910586735",321,90,27,36,1110,29,23,97,1042,0,1044,17,3560,77,63,13,200,64,1462,0,4255,32,331,11,316,41,3170,0,3495,39,0,44,12,467,27,1483,0,0,25,0,217,21,12,75,0,49,1392
"Dysosmobacter sp910585385",209,450,0,10,1430,14,0,18,3273,0,4439,158,366,17,79,0,1036,98,159,0,2332,127,32,25,46,27,268,0,2017,332,0,0,37,73,0,808,0,35,0,0,100,0,232,0,0,13,606
"Dysosmobacter sp022791875",187,64,94,10,99,84,12,34,201,32,119,23,134,0,10,45,31,114,15,0,785,27,0,10,25,12,18,0,541,49,33,0,11,66,82,934,18,0,42,0,27,106,0,23,0,139,167
"Dysosmobacter sp910583695",167,103,113,11,118,75,14,30,216,17,100,12,210,28,0,14,30,22,50,0,749,12,14,0,38,42,54,0,532,36,0,0,0,77,42,735,0,27,12,0,38,12,31,0,0,19,234
"Dysosmobacter sp000403435",185,3072,116,16,184,110,0,227,530,30,346,46,332,197,26,38,81,39,100,0,1685,55,35,0,59,194,130,0,1446,36,51,0,0,120,60,794,0,393,96,0,57,68,97,83,0,108,257
"Dysosmobacter sp022791135",119,450,0,11,243,59,0,66,393,0,275,15,983,14,12,27,63,15,213,0,1470,0,60,0,53,18,290,0,794,22,15,0,0,91,0,592,0,64,19,0,56,11,77,0,0,29,255
"Dysosmobacter sp910588175",113,40,0,18,158,12,0,41,180,0,121,30,743,38,0,0,31,283,303,0,642,46,112,19,59,55,866,0,540,104,0,0,12,105,13,604,0,0,0,0,186,14,26,15,0,34,1135
"Dysosmobacter sp022795445",94,58,0,0,53,16,0,50,124,0,98,0,51,28,0,0,24,27,19,0,1462,16,0,0,12,19,31,0,723,20,11,0,0,36,12,378,0,0,24,0,98,17,0,0,0,20,458
"Dysosmobacter sp910575505",106,326,70,0,203,67,0,318,280,16,349,51,221,146,16,21,99,38,81,0,743,37,21,0,55,122,171,0,594,23,41,0,14,74,41,426,14,30,67,0,67,34,21,39,0,119,254
"Dysosmobacter sp009773995",96,248,26,16,141,73,0,195,206,0,306,53,207,116,27,16,64,16,140,0,1150,159,101,0,104,97,138,0,924,50,22,0,26,206,28,468,0,23,36,0,110,54,21,38,0,137,110
"Dysosmobacter sp022801815",98,25,102,12,60,180,0,32,83,21,66,48,78,69,0,40,17,52,0,0,472,48,0,16,0,126,56,0,362,152,0,0,18,23,56,531,0,0,26,0,18,28,0,0,0,56,68
"Dysosmobacter sp910577405",79,104,10,14,705,13,0,89,271,0,1226,0,121,50,17,0,71,0,61,0,726,0,16,0,75,42,50,0,592,27,0,33,0,163,11,472,11,16,39,0,64,24,10,99,0,37,310
"Dysosmobacter sp910578935",95,258,38,0,117,133,0,115,182,0,174,32,199,128,14,34,33,18,130,0,822,48,51,0,67,147,121,0,600,42,58,32,20,94,55,379,0,21,163,0,79,62,0,90,0,127,117
"Dysosmobacter sp910576865",80,320,77,0,102,74,0,201,177,20,128,23,249,146,0,19,35,36,104,0,629,25,40,0,55,106,149,0,486,21,28,0,14,66,37,359,0,16,76,0,46,32,19,78,0,83,138
"MGYG000330291",75,47,11,0,233,14,0,68,217,0,362,0,135,29,16,0,71,0,37,0,264,0,18,0,20,32,74,0,266,11,0,0,0,41,0,275,0,0,16,0,20,11,0,32,0,24,162
"MGYG000409008",69,52,24,0,56,30,0,52,111,0,79,0,73,75,0,0,21,12,20,0,431,0,0,0,0,93,51,0,276,0,29,0,0,31,0,336,0,0,38,0,17,43,0,0,0,71,72
"Dysosmobacter sp910589315",52,1797,0,0,35,12,0,986,103,0,55,0,141,712,0,13,14,0,50,32,334,0,0,0,52,862,82,11,260,0,147,0,0,124,0,270,38,55,230,0,10,124,11,81,0,189,32
"Dysosmobacter sp910587525",42,222,42,0,66,50,0,87,94,0,131,33,122,80,0,13,24,18,40,0,317,0,0,0,22,72,74,0,236,18,31,0,0,45,27,176,0,17,94,0,35,41,16,49,0,101,107
"Dysosmobacter sp910587875",36,41,12,0,49,13,0,49,74,0,43,19,127,31,0,0,27,10,29,0,151,0,20,0,14,37,71,0,120,11,0,0,0,28,0,120,0,0,25,0,0,15,0,15,0,35,61
"Dysosmobacter sp910584995",30,32,40,0,43,162,0,59,132,0,56,12,38,44,0,52,24,42,25,0,207,15,0,0,0,82,49,0,129,0,0,0,0,20,114,108,0,0,13,0,16,17,0,0,0,37,27
"Dysosmobacter sp910579435",32,82,19,0,46,17,0,67,101,0,56,0,71,65,0,0,13,16,24,0,370,0,12,0,17,94,42,0,269,0,17,0,0,26,0,277,0,0,29,0,0,30,12,0,0,40,39
"MGYG000411389",27,69,0,0,20,18,0,25,50,0,49,0,26,12,0,0,19,14,10,0,290,0,0,0,12,20,13,0,183,0,0,0,0,14,18,104,0,0,14,0,0,14,0,0,0,23,39
"MGYG000325877",24,0,0,0,13,0,0,22,28,0,21,0,25,12,0,0,0,0,0,0,85,0,0,0,0,13,11,0,77,0,0,0,0,10,0,60,0,0,17,0,0,0,0,0,0,17,15
"Dysosmobacter sp910584075",23,33,0,0,39,14,0,26,80,0,95,0,48,21,0,0,29,0,20,0,165,0,0,0,0,0,19,0,131,0,0,0,0,17,0,75,0,0,15,0,0,10,0,0,0,0,16
"Dysosmobacter sp910585245",20,25,0,0,27,11,0,36,108,0,60,11,28,26,0,0,31,18,15,0,315,0,12,0,11,39,29,0,173,0,0,0,0,23,0,94,0,0,14,0,17,0,0,10,0,34,44
"MGYG000373829",27,14,0,0,30,0,0,34,29,0,17,0,25,0,0,0,0,0,0,0,99,0,0,0,0,0,0,0,55,0,0,0,0,17,0,94,0,0,0,0,32,14,0,0,0,0,0
"Dysosmobacter sp910584465",17,68,12,0,29,0,0,65,55,0,37,0,36,22,0,0,16,0,28,0,144,0,0,0,15,21,17,0,89,0,0,32,0,11,0,65,0,18,19,0,10,17,16,114,0,28,20
"MGYG000330443",18,26,0,0,18,0,0,91,22,0,39,10,22,29,0,0,18,23,0,0,121,0,0,0,0,55,0,0,70,0,0,0,0,0,0,64,0,0,0,0,0,0,0,0,0,10,30
"MGYG000326793",16,37,0,0,33,16,0,145,57,0,64,0,29,21,0,0,24,11,0,0,137,0,0,0,11,23,16,15,110,0,0,0,0,0,15,61,0,0,0,0,0,13,10,0,0,21,15
"Dysosmobacter sp910576845",12,33,0,0,18,0,0,53,35,0,20,0,21,42,0,0,10,0,0,0,103,0,0,0,0,24,22,0,79,10,0,0,0,19,0,34,0,0,0,0,11,0,0,0,0,21,38
"MGYG000329180",15,63,0,0,16,20,0,57,48,0,26,0,29,23,0,0,15,0,16,0,156,0,0,0,0,32,20,0,107,0,0,0,0,26,0,75,0,0,11,0,0,15,0,13,0,19,25
"Pelethomonas sp910578505",1326,52,529,288,1314,90,110,39,935,132,2031,456,2236,27,241,44,339,141,876,0,491,95,312,56,184,21,493,0,952,164,0,0,45,292,569,3167,0,0,14,0,987,0,10,0,0,16,1200
"Pelethomonas sp910579965",610,1533,39,62,309,587,15,52,1375,0,534,110,543,44,27,153,453,25,249,0,1535,139,71,42,97,19,214,0,2777,54,0,0,46,123,67,1720,0,240,25,0,120,22,26,0,0,35,113
"Pelethomonas sp910579485",390,938,355,28,2193,671,21,25,2402,139,903,20,1704,31,280,179,271,21,294,0,13972,16,98,25,385,35,1509,0,9506,307,0,0,34,1116,171,2156,0,83,21,0,67,15,240,27,0,31,160
"Pelethomonas sp910587785",401,588,31,48,490,151,26,57,868,12,946,76,1520,43,43,67,205,184,288,0,1179,61,224,23,168,51,941,0,2105,51,1790,0,27,178,26,1525,239,44,3584,18,258,1744,72,29,0,4385,1936
"Pelethomonas sp022800665",200,84,50,31,344,268,0,20,887,0,401,298,423,0,16,223,139,107,162,0,817,122,65,23,112,17,66,0,1868,39,0,0,37,182,69,466,0,0,0,0,49,0,17,0,0,11,59
"Pelethomonas sp009774055",214,42,23,13,42,13,0,12,44,0,15,33,41,0,0,0,0,0,18,0,211,0,0,0,0,0,28,0,153,114,0,0,17,36,0,1163,0,0,0,0,25,0,0,0,0,0,38
"Pelethomonas sp022804995",199,198,16,16,238,15,0,0,390,0,253,30,391,22,29,14,96,0,197,0,1443,31,80,18,101,0,254,0,1866,54,0,0,21,129,0,680,0,14,0,0,49,0,15,0,0,12,80
"Pelethomonas sp014237695",140,236,4232,15,322,4495,0,87,427,1493,187,22,1461,46,45,607,41,81,104,0,2167,0,398,0,146,30,444,0,1401,62,0,0,0,293,2227,729,0,21,33,0,48,14,46,42,0,41,90
"Pelethomonas sp022795905",99,1312,12,11,85,0,0,14,130,0,64,22,191,13,14,0,23,0,59,0,876,15,27,0,40,0,41,0,997,43,0,0,0,66,13,361,0,50,0,0,0,0,30,0,0,0,22
"MGYG000326866",74,203,39,15,87,71,0,94,204,0,129,28,129,112,0,21,65,11,67,0,352,25,14,0,39,77,81,0,394,17,18,0,0,41,39,232,0,18,34,0,46,34,12,0,0,62,115
"Pelethomonas sp910583885",42,122,28,0,111,233,0,83,144,13,115,46,187,86,0,53,33,18,128,0,636,73,30,17,52,133,111,0,441,60,55,0,16,90,43,198,27,29,137,0,33,79,24,26,0,145,79
"Pelethomonas sp910588365",30,2288,35,0,59,113,0,20,92,17,81,32,184,18,0,53,23,38,94,0,247,0,14,0,48,13,43,0,194,0,0,0,0,55,36,125,0,273,15,0,29,10,182,17,0,21,39
"MGYG000410776",28,77,0,0,42,16,0,37,61,0,55,0,52,27,0,0,15,0,15,0,188,13,0,0,14,33,20,0,135,0,0,0,0,21,12,125,0,0,20,0,34,0,0,15,0,21,32
"Pelethomonas sp910587645",31,169,44,0,51,51,0,203,80,22,59,0,108,280,0,20,19,0,57,0,334,15,19,0,13,263,47,0,256,14,16,0,0,41,21,184,0,0,44,0,34,24,17,23,0,73,53
"Pelethomonas sp022800525",18,50,28,0,35,20,0,50,38,10,27,0,34,30,0,0,0,0,16,0,104,0,0,0,12,14,14,0,126,0,11,0,0,17,11,37,0,0,16,0,0,0,0,0,0,13,19
"Pelethomonas sp910588045",18,39,12,0,26,17,0,23,33,0,27,0,37,14,0,0,10,0,13,0,161,0,0,0,0,23,20,0,120,0,0,0,0,20,0,60,0,0,15,0,10,11,0,0,0,14,17
"MGYG000325557",16,41,16,0,22,14,0,15,35,0,24,0,36,27,0,0,20,0,16,0,98,0,0,0,15,14,15,0,76,0,0,0,0,23,0,41,0,0,11,0,23,0,0,10,0,11,22
"Pelethomonas sp910579725",18,123,34,0,75,47,0,58,100,14,87,0,95,40,13,11,24,19,29,0,444,0,0,0,18,45,69,0,325,14,0,0,0,45,28,171,0,0,18,0,14,0,0,34,0,27,41
"Pelethomonas sp910577915",15,60,13,0,28,19,0,16,36,0,20,0,33,14,0,0,15,0,10,0,135,0,0,0,0,0,11,0,83,0,0,0,0,12,16,61,0,0,0,0,0,0,0,0,0,0,14
"Pelethomonas sp910587505",14,52,0,0,38,24,0,18,47,0,35,0,32,20,0,0,18,0,11,0,227,0,0,0,14,50,28,0,134,0,12,0,0,33,12,50,0,0,12,0,0,12,0,0,0,31,16
"MGYG000325617",11,47,13,0,26,11,0,24,45,0,29,0,21,31,0,0,14,0,16,0,139,0,0,0,12,23,21,0,117,0,0,0,0,17,10,42,0,0,11,0,0,0,0,0,0,12,18
"Evtepia sp910584805",1028,415,0,69,936,0,198,0,1136,0,603,50,853,0,49,0,213,0,1202,0,6271,203,174,33,348,0,233,0,7432,203,0,0,127,1731,0,2695,0,0,13,0,954,0,67,0,0,0,417
"Evtepia sp022792035",338,2433,0,12,685,17,18,12,1302,0,663,73,129,0,15,0,169,15,123,0,4150,121,27,19,89,0,14,0,5875,65,0,0,110,1123,0,622,0,181,0,0,104,0,49,0,0,20,81
"Evtepia sp910578575",18,36,0,0,27,0,0,0,55,0,16,0,25,10,0,0,14,0,22,0,164,10,0,0,15,0,0,0,237,0,0,0,0,76,0,69,0,0,0,0,23,0,0,0,0,0,0
"Marseille-P3106 sp022799035",412,138,80,139,242,794,152,17,438,0,262,288,525,23,45,36,207,0,267,0,357,362,117,32,125,41,103,0,304,221,106,0,83,163,196,1283,53,14,226,0,81,254,0,25,0,1064,32
"Marseille-P3106 sp910587345",149,355,51,15,241,82,35,140,224,20,213,26,204,152,45,33,54,13,84,0,945,79,22,18,58,131,92,0,745,135,41,21,20,118,46,695,22,40,93,0,437,59,19,77,0,157,93
"Marseille-P3106 sp910588975",107,23,0,0,91,368,0,11,324,0,25,31,336,0,0,108,17,11,11,0,1672,18,32,85,194,0,18,0,888,520,0,0,12,349,74,669,0,0,0,0,0,0,0,0,0,13,14
"MGYG000410458",92,225,21,0,21,164,0,0,41,0,0,14,222,0,0,30,0,0,40,0,877,13,12,26,52,0,13,0,544,147,0,458,35,74,32,527,0,37,0,0,0,0,20,1710,75,0,0
"Marseille-P3106 sp910585735",14,42,0,0,0,0,0,0,19,0,0,0,37,0,0,0,0,19,0,0,32,0,0,0,25,0,0,0,33,13,0,0,0,20,0,65,0,0,0,0,0,0,0,0,0,0,0
"Marseille-P3106 sp022792495",13,44,12,0,0,35,0,0,15,0,0,0,33,0,0,0,0,0,0,0,125,0,0,0,11,0,0,0,85,47,0,72,0,18,16,63,0,17,0,0,0,0,0,185,0,0,0
"Marseille-P3106 sp022794215",13,30,90,0,11,240,0,0,15,12,0,13,89,0,0,63,0,39,27,0,542,0,10,0,33,0,15,0,254,94,0,44,13,21,67,169,0,10,0,0,0,0,0,208,0,0,0
"Marseille-P3106 sp022800215",10,0,16,0,10,13,0,0,37,0,28,0,74,0,0,0,0,0,0,0,317,0,0,0,39,0,19,0,184,46,0,0,0,38,24,147,0,0,0,0,0,0,0,0,0,0,0
"MGYG000326975",737,6489,5223,390,1519,894,224,6169,3338,1159,4033,3631,2738,6788,271,32,1690,279,2038,77,2575,1377,940,187,471,1672,1148,36,3177,1064,583,1126,394,394,3332,2965,184,322,1423,16,1699,658,76,2360,0,2934,1532
"NSJ-51 sp910585415",274,3226,245,17,654,255,0,556,1109,63,446,27,722,602,48,74,166,91,266,120,9552,14,34,21,156,4039,107,95,5117,65,471,284,20,205,398,1222,175,145,1409,0,118,1210,55,1164,0,1365,275
"MGYG000326314",90,122,586,11,35,1489,0,62,39,195,47,92,1322,66,0,284,17,22,256,0,135,39,66,30,345,58,80,0,86,160,20,0,97,386,262,580,0,0,33,0,96,26,0,15,0,41,279
"MGYG000325278",188,206,19,22,55,71,10,22,135,0,50,55,212,0,15,156,29,14,103,0,375,58,40,11,35,0,46,0,531,72,0,0,15,32,146,540,0,0,0,0,29,0,10,0,0,0,17
"CAJFPI01 sp022801715",60,154,11,18,65,15,0,487,160,0,132,14,97,872,0,0,43,0,44,29,167,0,0,0,13,614,16,16,190,16,222,0,0,43,13,234,17,0,418,0,41,267,26,14,0,524,10
"MGYG000327336",22,36,0,13,27,0,0,0,56,0,37,0,36,12,0,0,25,0,20,0,37,0,0,0,11,0,19,0,39,0,0,0,0,13,0,50,0,0,0,0,12,0,0,12,0,0,0
"MGYG000328896",18,515,16,0,44,0,0,34,117,0,55,11,72,71,0,0,27,0,32,0,181,0,0,0,13,36,20,0,179,0,18,0,0,31,10,130,0,26,46,0,13,19,17,0,0,40,13
"MGYG000329428",61,112,0,0,53,15,0,54,158,0,94,76,444,31,0,0,55,11,96,0,1174,32,86,21,108,34,50,0,614,180,0,0,19,123,0,291,0,0,29,0,18,22,0,24,0,40,19
"MGYG000329835",43,135,0,0,0,11,0,0,12,0,0,0,91,15,0,0,0,0,33,0,30,0,0,0,25,0,27,0,22,11,0,343,0,22,0,208,0,0,0,0,28,0,0,1279,0,0,71
"MGYG000410456",28,0,0,0,19,0,0,0,53,0,24,0,62,0,0,0,0,0,25,0,510,0,0,0,17,0,0,0,283,18,0,0,0,36,0,141,0,0,0,0,0,0,0,0,0,12,0
"CAKUEI01 sp022793685",22,0,0,0,40,144,0,0,43,0,25,0,59,0,0,23,0,0,0,0,707,14,0,0,33,0,0,0,452,30,0,0,11,30,0,144,0,0,0,0,0,0,0,0,0,0,0
"Avoscillospira_A sp022792945",16,76,0,0,40,14,0,30,81,0,41,0,124,41,0,0,20,0,69,0,119,14,13,0,16,26,38,0,137,0,0,60,0,40,13,86,0,12,22,0,38,0,10,160,0,20,17
"JAAWCD01 sp022793095",15,1128,59,0,64,71,0,26,119,15,146,0,90,19,0,45,45,0,29,0,124,0,15,0,19,24,27,0,221,0,0,0,0,25,52,46,0,22,0,0,50,10,0,15,0,24,362
"Acutalibacter sp910588935",4192,92,0,244,2551,154,778,96,2292,0,5644,13,1373,160,38,86,644,0,915,0,9974,56,492,13,367,187,634,0,9139,80,10,0,43,777,29,7928,0,0,26,0,2871,0,35,0,0,11,5113
"Acutalibacter sp009936035",2615,15225,35,98,3941,36,156,3483,10321,0,5634,345,2986,2271,221,24,2551,0,1670,524,13679,927,451,139,1416,10409,423,1032,12632,911,31,501,373,2778,248,5049,0,652,57,0,706,19,448,2199,0,73,341
"Acutalibacter sp910589395",1736,243,0,12,292,0,68,29,1108,0,481,321,416,16,84,0,305,51,415,0,1052,287,62,126,94,20,63,0,1163,2210,12,0,166,147,0,6654,0,0,23,0,47,0,0,12,0,18,18
"Acutalibacter sp910574935",1651,15001,95,74,688,122,147,802,3726,0,1490,57,1800,797,29,67,1019,23,931,23,12774,72,581,30,1285,664,395,28,14888,334,2493,153,71,2501,76,2312,378,378,5247,0,857,2172,391,563,0,4734,655
"Acutalibacter sp009917445",1170,1349,27,82,1447,67,140,26,2245,0,1672,115,3229,26,107,33,599,0,1321,0,7263,630,392,61,1018,76,177,0,6543,538,0,0,240,2268,249,2891,0,39,0,0,1950,0,50,22,0,15,276
"Acutalibacter muris",1290,3701,29,86,1069,592,65,16253,3824,0,2749,129,1465,28246,17,207,723,40,971,298,5611,661,357,74,185,39902,789,247,8261,739,886,22,405,388,53,2183,730,78,2153,26,688,515,90,36,0,1760,883
"Acutalibacter sp910587835",713,90,0,39,953,16,14,32,3478,0,2413,39,772,71,116,11,780,0,178,0,4379,253,128,28,198,89,184,10,7377,226,0,0,265,442,30,1061,0,0,12,0,111,0,0,0,0,0,152
"MGYG000406378",285,399,0,0,187,17,0,0,617,0,185,24,173,0,0,0,139,0,36,0,1080,67,17,21,135,10,0,0,1447,62,0,0,64,444,104,666,0,0,0,0,100,0,59,0,0,0,95
"Acutalibacter sp009917525",268,44,0,0,27,776,0,111,71,0,42,15,96,115,0,298,22,0,65,0,149,144,16,15,37,162,25,0,125,58,14,0,90,127,0,302,0,0,15,0,581,0,0,0,0,0,561
"MGYG000328916",125,82,0,0,21,237,0,271,84,0,68,0,45,472,0,105,21,0,27,0,154,44,10,10,10,722,21,0,182,28,27,0,29,61,0,114,0,0,40,0,164,13,0,0,0,23,187
"Acutalibacter sp910574995",109,344,30,0,169,30,25,164,436,0,282,21,199,200,22,15,99,0,106,11,889,95,32,0,94,311,68,24,700,55,12,14,27,198,33,287,10,19,36,0,173,16,27,55,0,30,102
"Acutalibacter sp910580045",37,56,0,0,32,11,0,30,115,0,41,0,28,69,0,0,28,0,22,0,179,18,0,0,18,73,12,0,176,0,0,0,0,41,0,85,0,0,24,0,21,0,0,17,0,0,24
"Acutalibacter sp003612555",35,43,0,0,950,129,12,31,5479,0,1806,57,986,45,47,26,1260,0,319,0,14317,308,172,45,286,47,58,0,12932,299,0,0,262,754,72,48,0,0,0,0,40,0,0,0,0,18,11
"Acutalibacter sp910587995",35,106,0,0,34,22,0,40,112,0,65,0,33,105,0,10,28,0,34,0,241,0,0,0,24,139,14,0,221,0,15,0,0,52,0,56,0,0,17,0,31,11,0,0,0,33,30
"Acutalibacter sp910588415",25,16,0,0,30,0,0,13,150,0,44,0,32,18,0,0,41,0,20,0,204,13,0,0,14,14,0,0,269,16,0,0,15,53,0,56,0,0,0,0,22,0,0,0,0,0,20
"Acutalibacter sp910584745",26,92,0,0,52,33,0,164,195,0,130,0,71,365,11,14,48,0,47,0,405,29,16,0,36,411,46,0,333,16,0,0,17,101,0,66,11,0,29,0,47,20,13,28,0,25,55
"MGYG000330157",22,60,0,0,22,0,0,21,83,0,48,0,38,18,0,0,22,0,13,0,117,0,0,0,32,40,0,0,97,0,0,0,0,44,0,40,0,0,0,0,19,0,0,14,0,0,25
"MGYG000331301",23,16,0,0,12,0,11,11,60,0,22,0,24,17,0,0,20,0,0,0,119,0,0,0,14,28,0,0,89,0,0,0,0,18,0,63,0,0,0,0,18,0,0,0,0,0,26
"MGYG000410931",15,0,0,0,24,11,0,0,45,0,28,0,0,0,0,0,18,0,0,0,36,0,0,0,0,0,0,0,32,10,0,0,0,0,0,22,0,0,0,0,0,0,0,0,0,15,0
"MGYG000328573",14,11,0,0,0,0,0,22,20,0,0,0,12,34,0,0,0,0,0,0,43,0,0,0,0,63,0,0,35,0,0,0,0,12,0,15,0,0,0,0,0,0,0,0,0,0,0
"Acutalibacter stercorigallinarum",11,10,0,0,0,0,0,0,21,0,0,0,12,0,0,0,0,0,0,0,0,0,0,0,0,0,0,0,11,0,0,0,0,0,17,11,0,0,13,0,0,0,0,0,0,23,0
"Eubacterium_R sp011958665",168,80,29,0,724,13,0,25,5737,0,3488,700,0,17,93,0,1642,29,0,0,6061,1554,0,164,298,0,23,0,13310,722,0,11,496,423,34,729,0,0,0,0,211,0,0,34,0,0,139
"MGYG000337810",61,109,16,13,122,306,23,0,266,0,67,53,208,0,73,28,92,0,50,0,329,457,156,21,116,0,233,0,393,101,0,0,67,320,91,320,0,0,0,0,183,0,11,25,0,0,45
"MGYG000379997",25,15,0,0,0,42,0,26,41,0,21,0,0,19,0,22,15,0,0,0,43,79,31,0,20,73,35,0,43,27,0,0,12,59,24,144,24,0,21,0,0,0,0,0,0,71,0
"MGYG000351739",48,244,28,0,62,145,0,287,227,0,115,14,247,86,42,16,81,15,133,0,251,166,92,11,75,41,134,0,310,62,0,51,31,144,49,367,14,19,43,212,65,28,0,111,606,109,112
"MGYG000410251",26,92,0,0,64,26,0,412,66,0,66,0,69,374,0,10,15,11,12,0,1121,0,10,0,16,477,15,0,463,12,58,16,0,21,10,173,26,12,123,0,0,42,0,84,0,185,12
"MGYG000373138",3538,9379,385,277,5013,664,144,0,3273,79,3770,450,16115,0,141,198,652,94,3917,0,12776,356,910,195,1284,0,1471,0,11516,664,0,0,278,1384,762,11942,0,391,0,41,497,0,176,0,0,0,335
"MGYG000327182",32,102,16,0,42,0,0,0,48,0,56,0,120,0,0,0,12,0,55,0,279,0,17,0,15,0,43,0,191,0,0,0,0,20,16,139,0,0,0,0,0,0,0,0,0,0,14
"Ruthenibacterium sp013316265",13,50,0,0,27,0,0,0,34,0,38,0,51,0,0,0,16,0,12,0,118,0,0,0,15,0,0,0,98,0,0,0,0,15,14,62,0,0,0,0,17,0,0,0,0,10,0
"Ruminococcus sp910584195",1190,2185,478,115,819,1399,96,734,1249,76,2440,287,1356,1645,479,157,850,34,1140,25,3428,2610,1855,71,609,2673,2885,95,3776,647,196,1266,529,1913,961,3887,559,70,1115,148,867,154,50,4756,438,5065,833
"Angelakisella sp910585525",200,0,0,0,148,0,0,0,411,0,95,0,112,0,0,0,31,0,33,0,236,0,0,0,10,0,17,0,390,25,0,0,0,11,0,644,0,0,0,0,10,0,0,0,0,0,10
"Angelakisella sp022795575",158,974,48,0,327,257,13,204,558,30,223,0,498,187,0,63,70,30,238,0,837,17,34,0,45,389,55,0,1147,11,47,24,0,156,136,446,23,55,103,0,139,93,58,178,0,174,53
"Angelakisella sp910585535",106,180,0,0,99,57,0,14,185,0,114,0,192,14,0,16,39,0,75,0,680,0,20,0,23,10,86,0,806,38,0,27,0,53,24,359,0,0,0,0,32,0,25,163,0,0,55
"Angelakisella sp013316495",28,30,11,0,85,47,0,10,296,0,187,0,134,0,0,17,22,0,89,0,318,0,26,0,37,10,22,0,252,10,0,0,0,154,0,149,0,0,0,0,15,0,0,0,0,13,10
"Ruminiclostridium_E sp910588335",262,1575,116,16,110,149,0,0,876,68,333,0,291,0,0,42,398,270,147,0,409,0,62,0,73,0,544,0,417,0,449,0,0,84,870,882,128,46,818,52,86,50,40,0,0,1069,725
"MGYG000410125",143,125,22,0,76,235,21,32,154,0,144,26,161,18,44,25,107,0,29,0,391,216,162,0,34,18,285,0,515,91,0,39,47,145,92,786,0,0,0,0,55,0,0,59,0,0,15
"Ruminiclostridium_E sp910585505",43,255,40,0,23,31,0,118,138,0,40,0,44,101,0,13,91,51,15,0,63,0,0,0,15,49,88,0,51,0,78,258,0,16,152,172,18,0,121,0,13,0,25,602,0,133,103
"UBA1405 sp022800935",129,1041,75,11,110,25,0,718,171,35,190,55,137,880,0,0,45,0,86,45,165,21,42,10,23,490,52,18,447,26,175,11,0,22,86,294,28,13,693,0,12,81,17,42,0,317,35
"MGYG000331296",11,38,0,0,0,0,0,11,0,0,0,0,0,0,0,0,0,0,0,0,16,0,0,0,0,0,0,0,13,0,0,0,0,0,0,0,0,0,10,0,14,0,0,11,0,0,0
"MGYG000410015",10,71,0,0,31,0,0,20,41,0,48,0,16,14,0,0,0,0,0,0,98,0,0,0,0,17,0,0,82,0,0,0,0,15,0,23,0,0,0,0,0,0,0,0,0,0,18
"UBA1394 sp910588145",157,3685,0,35,484,502,0,0,1407,0,1650,0,99,0,23,115,877,0,46,0,669,0,37,0,264,0,41,0,2696,422,0,921,83,170,0,176,0,22,0,0,29,0,35,3065,0,0,138
"Anaerotruncus sp000403395",146,515,118,26,175,64,0,117,216,0,343,91,326,276,21,23,69,28,136,0,719,79,77,0,90,210,161,0,602,98,45,35,36,157,66,504,15,34,71,0,126,41,18,160,0,192,162
"Anaerotruncus sp003612625",55,199,48,0,91,108,0,99,121,0,147,0,162,128,0,19,38,0,46,0,426,45,30,0,36,62,84,0,338,29,18,24,0,56,44,172,0,0,37,0,102,25,0,94,0,67,148
"Anaerotruncus colihominis_A",15,77,0,0,22,0,0,42,29,0,44,0,33,18,0,0,11,0,17,0,120,0,0,0,10,21,20,0,75,0,0,19,0,18,0,42,0,0,11,0,39,0,0,60,0,12,17
"Anaerotruncus sp910586875",11,0,17,0,12,14,0,0,13,0,14,0,14,0,0,0,0,0,14,0,23,0,0,0,0,0,15,0,39,0,0,0,0,0,21,38,0,0,0,0,0,0,0,0,0,0,0
"MGYG000410574",119,262,17,21,256,212,31,18,308,0,276,11,1451,309,44,13,120,0,1162,0,340,97,74,0,55,56,176,0,488,25,17,299,17,324,121,474,0,35,94,0,497,27,48,546,0,144,27
"UBA3818 sp910583935",66,0,0,0,103,0,0,0,133,0,69,0,211,0,0,0,24,0,54,0,847,0,27,0,28,0,111,0,316,0,0,0,0,26,0,321,0,0,0,0,10,0,0,0,0,0,0
"JAAVYW01 sp022791315",48,0,0,0,0,0,0,0,0,0,0,0,105,0,0,0,0,35,47,0,15,0,26,0,18,0,81,0,17,0,0,0,0,18,0,156,0,0,0,0,46,0,0,0,0,0,84
"Faecivivens sp022793675",43,140,0,0,74,12,0,0,91,0,150,0,53,0,0,0,49,0,42,0,132,0,0,0,0,0,35,0,135,0,0,0,0,0,0,86,0,11,0,0,0,0,0,0,0,0,37
"RGIG8773 sp910584715",19,89,0,0,47,32,0,33,49,0,92,0,34,81,15,0,0,0,15,0,89,25,19,0,23,39,17,0,73,26,0,67,0,25,25,122,0,0,31,0,80,14,10,199,0,25,27
"QXXE01 sp009911355",966,2474,52,40,1254,663,35,37,2510,11,660,82,7401,73,302,107,453,0,2169,0,14924,482,1716,71,1072,217,4742,0,10691,280,27,194,137,2099,202,5144,94,433,130,0,283,47,105,1198,0,399,266
"QXXE01 sp910586575",226,11,0,23,109,0,13,0,192,0,98,117,32,0,14,0,48,51,0,0,3230,25,0,0,13,0,17,0,1999,75,0,0,16,14,0,1479,0,0,0,0,12,0,0,0,0,0,23
"MGYG000327912",777,1898,0,24,255,1021,40,18,442,0,122,70,273,51,297,136,214,0,106,0,1918,1020,804,76,176,96,409,0,1937,575,0,223,274,582,313,4530,20,95,31,0,163,12,170,787,0,117,12
"Butyricicoccus sp910584935",117,128,148,24,44,349,0,0,40,77,64,143,55,0,0,180,23,342,37,0,222,120,0,31,301,0,44,0,189,71,0,0,91,593,136,358,0,0,0,0,68,0,136,0,0,0,134
"Pseudobutyricicoccus sp910579575",42,275,18,0,52,0,0,15,116,0,24,32,176,0,0,0,19,53,53,0,477,0,10,12,77,11,17,0,350,32,0,114,0,138,10,246,0,30,0,0,17,0,21,621,0,0,11
"MGYG000349368",18,0,0,0,43,34,0,0,135,0,34,18,18,0,0,0,50,0,0,0,18,14,0,0,0,0,0,0,26,11,0,0,10,0,0,55,0,0,0,0,0,0,0,0,0,40,0
"Avispirillum sp011957885",362,5898,27,0,120,670,0,0,1347,0,975,120,540,19,0,383,854,0,391,0,1094,322,234,20,490,13,159,0,2335,241,0,0,125,908,69,360,0,46,0,0,119,0,58,34,0,0,113
"MGYG000401352",13,222,0,0,10,42,0,0,66,0,49,0,27,0,0,16,46,0,14,0,39,11,0,0,35,0,0,0,95,0,0,0,0,33,0,18,0,0,0,0,0,0,0,17,0,0,0
"Zhenpiania sp009911365",1451,3153,179,132,1156,544,368,1151,2181,0,3692,140,3121,2920,128,106,736,0,4271,49,2780,276,746,59,699,4398,1492,63,2503,319,673,1751,145,1420,705,4264,148,103,1795,0,5136,314,274,3358,0,1141,1644
"Zhenpiania sp910575405",633,11836,252,36,988,815,26,4089,2483,31,6316,94,2135,7950,98,117,1483,47,1660,390,5308,315,350,36,186,6267,986,254,5005,403,611,1649,129,415,563,814,290,256,1232,0,679,285,104,4819,0,1113,813
"Emergencia sp009936045",59,0,0,0,161,0,0,0,198,0,581,52,144,0,0,0,73,0,137,0,272,195,78,0,82,0,42,0,419,118,0,0,99,149,0,87,0,0,0,0,74,0,0,0,0,0,151
"JAAVYD01 sp022790955",27,0,20,0,57,22,0,0,63,0,64,0,35,0,0,0,14,0,0,0,363,16,11,0,25,0,10,0,299,10,0,0,0,75,20,52,0,0,0,0,47,0,0,0,0,0,78
"Fimisoma sp910588185",22,0,0,0,18,31,0,0,32,0,91,0,33,0,0,0,24,0,12,0,11,24,0,0,0,0,0,0,35,0,0,0,0,0,17,19,0,0,0,0,15,0,0,0,0,0,20
"MGYG000410140",20,0,36,0,36,78,0,15,80,10,75,29,80,0,0,27,29,0,45,0,482,0,17,0,0,0,18,0,207,21,0,0,0,17,48,113,0,0,0,0,42,0,0,0,0,0,66
"MGYG000323026",12,0,0,0,51,0,0,0,13,0,69,0,0,0,0,0,0,0,0,0,0,22,0,0,0,0,0,0,0,10,0,0,0,11,0,68,0,0,0,0,113,0,0,0,0,0,36
"Coproplasma sp910579525",525,964,59,53,558,1512,70,65,1644,0,484,437,906,65,343,153,478,0,365,0,2937,2607,1578,125,572,97,1758,0,3664,823,42,158,384,2213,362,2635,26,84,120,0,1545,16,74,352,0,238,370
"Coproplasma sp003979335",258,14,0,40,441,11,64,53,123,0,1003,12,44,0,68,0,51,0,15,0,82,284,12,13,32,26,13,21,104,270,0,0,51,109,37,1149,0,0,0,0,1820,0,0,15,0,14,854
"Coproplasma sp013316055",88,520,0,0,16,0,0,48,32,0,72,0,0,20,0,0,17,0,18,0,85,0,0,0,0,30,17,0,125,0,0,0,0,0,0,504,0,0,0,0,29,0,0,0,0,25,79
"Coproplasma sp910577375",26,55,0,0,37,0,0,996,43,0,132,68,34,438,0,0,13,17,0,17,25,0,0,0,0,132,0,0,50,22,15,26,0,0,10,70,0,0,17,0,0,71,0,91,0,300,28
"Coproplasma sp910586065",28,239,0,0,92,183,0,0,139,0,120,13,182,14,27,16,56,0,15,0,258,123,37,0,46,0,84,0,299,53,0,140,34,108,53,191,0,22,0,0,57,0,11,355,0,0,0
"MGYG000328913",17,59,0,0,0,0,0,41,0,0,0,0,20,89,0,0,0,0,0,0,11,0,0,0,0,20,0,0,10,0,0,0,0,0,0,65,0,0,27,0,0,0,0,11,0,35,14
"Coproplasma stercorigallinarum",10,0,0,0,0,34,0,0,20,0,0,11,11,0,0,0,10,0,0,0,0,13,0,0,0,0,0,0,0,0,0,0,0,0,0,52,0,0,0,0,0,10,0,0,0,44,0
"MGBC120929 sp910583735",108,13647,0,0,54,58,12,0,18,0,131,0,24,0,0,0,0,51,0,0,0,19,11,0,23,0,0,0,17,0,0,1587,0,25,32,550,0,328,0,0,0,0,149,4047,0,0,0
"RACS-045 sp910579785",75,0,236,16,35,208,10,2540,17,56,120,129,431,3208,0,10,0,0,288,39,25,45,212,13,37,1735,786,36,55,145,640,0,20,29,713,283,110,0,2128,0,43,287,0,0,0,1591,78
"QANA01 sp910588425",172,2810,0,0,132,576,0,0,323,0,208,77,186,0,10,103,98,0,414,0,851,173,34,41,83,0,48,0,567,214,0,1424,72,42,16,624,0,135,0,0,57,0,226,4834,0,0,32
"MGYG000324257",41,960,0,0,0,0,0,2992,0,0,16,15,59,6398,0,0,0,0,76,30,20,13,30,0,0,1239,32,27,31,19,69,35,0,0,0,124,0,12,169,0,0,37,0,131,0,287,0
"HGM11386 sp022791055",12,121,0,0,0,16,0,0,17,0,0,0,27,0,0,0,0,0,21,0,0,0,0,0,0,0,10,0,0,0,0,0,0,0,19,17,0,0,0,0,0,0,0,0,0,0,0
"RACS-047 sp013316045",11,0,0,0,0,0,0,0,0,0,0,0,10,0,0,0,0,0,0,0,0,0,0,0,0,0,0,0,0,0,0,0,0,0,0,37,0,0,0,0,20,0,0,0,0,0,48
"CAG-475 sp910577815",48,316,0,0,92,196,0,969,190,0,54,34,227,722,20,12,68,0,78,21,123,83,72,0,53,737,103,0,188,21,39,178,11,106,65,177,79,23,116,0,82,41,19,544,0,426,0
"MGYG000328446",23,0,0,0,0,0,0,0,0,0,0,0,0,0,0,0,0,0,0,0,0,34,0,0,0,0,0,0,0,55,0,0,16,0,0,206,0,0,0,0,0,0,0,0,0,0,0
"Caccovivens sp910587225",19,13,0,0,30,0,0,150,57,0,138,0,97,0,0,0,40,0,21,0,37,0,14,0,0,0,0,0,59,0,0,0,0,0,0,63,0,0,0,0,0,0,0,0,0,33,0
"CAG-41 sp910578235",453,0,0,44,0,0,79,0,0,0,0,0,0,0,0,0,0,0,0,0,0,0,0,0,0,0,0,0,0,0,0,0,0,0,0,1688,0,0,0,0,165,0,0,0,0,0,104
"MGYG000410260",21,19,26,13,34,34,0,0,43,0,23,52,17,0,0,0,28,0,23,0,23,37,11,0,11,0,0,0,32,17,10,0,0,32,17,42,10,0,45,0,15,17,0,28,0,50,0
"MGYG000335786",134,20,532,53,56,349,49,0,162,110,57,98,163,0,21,13,76,0,38,0,13,126,17,0,28,0,27,0,26,68,0,0,39,18,433,484,23,0,31,0,19,110,0,0,0,379,0
"MGYG000349464",39,0,528,0,0,1175,0,0,0,112,28,53,0,0,0,87,0,0,0,0,0,20,0,0,0,0,0,0,13,24,0,0,0,0,209,87,0,0,0,0,60,0,0,0,0,0,110
"CAG-269 sp022792395",78,0,20,24,0,14,0,620,22,13,69,0,212,66,0,0,72,18,45,0,144,0,275,0,0,116,3196,0,27,0,0,0,0,0,19,31,0,0,0,0,23,0,0,0,0,0,747
"MGYG000328872",11,0,0,0,0,0,0,0,0,0,0,13,233,0,0,0,0,0,113,0,0,0,22,0,25,0,41,0,0,0,0,0,0,19,22,41,0,0,0,0,0,0,0,0,0,0,0
"MGYG000327552",50,23,106,0,22,0,0,52,41,32,110,21,44,0,0,0,35,15,17,0,12,0,0,0,0,0,19,0,13,24,0,0,0,0,167,175,0,0,0,116,0,0,0,0,274,0,25
"RGIG8482 sp022796855",54,206,62,0,111,37,0,195,211,0,320,31,162,49,22,0,138,0,61,0,213,32,32,0,13,21,103,0,180,0,0,28,0,35,56,231,0,0,15,73,100,0,0,56,57,70,209
"JAAWPK01 sp022791735",20,0,17,0,0,14,0,0,22,0,18,18,40,0,0,0,0,0,12,0,41,11,13,0,0,0,0,0,30,0,0,0,0,47,21,17,0,0,0,0,23,0,0,0,0,0,39
"MGYG000375192",18,0,42,0,0,58,0,0,18,10,23,0,0,0,0,0,20,0,0,0,0,0,0,0,0,0,0,0,15,0,0,0,0,0,26,37,0,0,0,0,0,0,0,0,0,0,0
"MGYG000323824",13,0,0,0,0,0,0,0,12,0,10,0,46,0,0,0,0,0,14,0,10,0,0,0,0,0,0,0,22,0,0,0,0,0,0,0,0,0,0,0,10,0,0,0,0,0,0
"Akkermansia muciniphila_B",344,7800,50,21,50,4403,26,1037,48,0,71,274,3412,5285,32,358,0,0,872,130,461,1613,590,111,295,2767,507,52,620,1028,926,4100,318,384,403,2819,724,752,3250,0,796,352,131,10583,0,4967,0
"Akkermansia sp001580195",95,1950,14,0,12,1102,0,273,15,0,17,55,827,1465,0,104,0,0,209,23,97,393,168,25,67,759,141,0,160,261,199,1009,59,83,87,784,179,186,897,0,205,94,39,2640,0,1257,0
"Parasutterella sp009767915",2871,12842,38,271,5763,73,65,113849,13639,0,3890,9237,50301,35917,4111,0,9727,0,16270,1209,20205,9901,14809,543,297,32824,22502,1294,51684,5952,11444,8323,1348,3052,717,23421,7505,541,76705,0,1601,8280,149,28007,0,303735,68
"Turicimonas muris",1916,114482,1764,241,340,9727,164,288,1497,57,450,16811,7736,85,2437,1875,2685,0,2352,0,7523,11459,35653,1174,281,66,74139,0,18080,3364,19,65042,1918,9479,49853,30812,14,6418,119,35,1453,20,1821,69347,0,417,1616
"MGYG000326933",14,0,0,0,14,42,0,0,28,0,0,18,26,0,0,0,14,0,0,0,0,30,0,0,0,0,0,0,0,11,0,0,0,0,14,48,0,0,0,0,0,25,0,0,0,48,0
"Enterobacter hormaechei_A",18,434,0,0,0,533,0,129,0,0,0,26,209,497,0,81,0,0,46,14,34,310,53,16,64,433,54,0,61,132,65,536,73,57,37,231,84,117,247,30,89,45,15,1246,0,341,0
"Methylobacterium persicinum",474,191,86,120,273,669,144,14,504,0,286,232,584,0,57,14,211,0,199,0,82,304,78,26,52,0,78,0,121,182,49,11,83,89,165,1286,24,23,115,0,105,286,0,26,16,1104,0
"MGYG000329730",13,12,0,0,27,12,0,35,47,0,16,0,191,46,0,0,21,0,128,0,11,0,0,0,0,0,19,0,23,0,0,0,0,43,0,41,0,0,10,0,86,0,0,23,0,0,13
"MGYG000360301",46,148,0,0,0,109,0,0,73,0,0,0,10,0,13,13,25,0,0,0,115,125,62,12,37,0,23,0,173,64,0,0,14,63,21,273,0,0,0,0,0,0,0,19,0,0,0
"Enterousia sp013316395",33,0,0,0,37,63,0,0,102,0,19,29,59,0,15,0,22,0,15,0,284,170,88,24,38,0,93,0,400,102,0,0,12,184,0,117,0,0,0,0,110,0,0,0,0,0,23
"MGYG000410936",21,0,0,0,0,26,0,0,43,0,0,13,0,0,0,0,0,0,0,0,130,0,0,23,0,0,0,0,397,21,0,195,0,0,138,137,0,0,0,0,0,0,0,636,0,0,0
"Scatocola sp910577205",27,27,0,0,93,818,0,0,15,0,115,0,60,0,73,25,0,0,40,0,1433,0,0,0,0,0,13,0,559,0,0,746,0,0,47,127,0,0,0,0,178,0,13,490,0,0,0
"MGYG000327352",15,0,0,0,43,117,0,0,10,0,41,0,20,0,23,0,0,0,0,0,655,29,0,0,0,0,0,0,228,26,0,103,0,0,0,70,0,0,0,0,23,0,0,101,0,0,0
"MGBC118957 sp910584385",22,144,24,0,33,28,0,66,68,0,45,25,56,180,11,0,22,0,33,0,86,28,44,0,15,430,67,0,89,18,38,97,0,28,28,65,42,11,151,0,46,22,0,328,0,699,13
"MGYG000391024",690,629,0,86,1029,0,84,0,1120,0,2087,379,2990,0,238,0,363,0,925,0,7651,2544,458,161,386,0,179,0,4369,1253,0,0,445,622,15,3255,0,26,0,0,116,0,36,0,0,0,0
"MGYG000323059",366,2681,0,40,401,0,26,0,980,0,545,77,2009,0,182,0,248,0,467,0,8223,783,490,66,521,0,171,0,5847,479,0,0,197,980,0,3006,0,842,0,0,54,0,66,0,0,0,0
"MGYG000328709",574,829,0,40,100,500,0,0,235,0,132,91,209,0,52,44,63,0,80,0,701,432,361,32,67,0,395,0,1161,617,0,176,88,322,185,4893,0,34,0,0,76,0,17,329,0,0,67
"MGYG000411523",140,0,0,0,92,0,0,0,285,0,200,87,330,0,35,0,62,0,209,0,2317,914,38,63,18,0,21,0,1772,583,0,0,187,31,0,810,0,0,0,0,17,0,0,0,0,0,0
"MGYG000331169",96,11499,0,11,245,0,0,0,388,0,553,48,1059,0,37,0,74,0,773,0,2860,140,131,26,92,0,194,0,2319,872,0,0,72,161,0,486,0,1621,0,0,58,0,153,0,0,0,0
"Nanosyncoccus sp003979185",95,24,0,10,82,0,0,0,543,0,202,34,410,0,39,0,138,0,77,0,3598,279,143,20,165,0,25,0,2688,291,0,0,66,322,0,707,0,0,0,13,19,0,0,0,49,0,0
"MGYG000344322",115,303,0,0,68,287,0,49,181,0,33,32,145,80,34,30,51,0,38,0,382,392,265,0,47,215,300,0,733,197,56,32,66,282,95,967,33,22,97,0,143,17,0,79,0,376,79
"Nanosyncoccus sp013316435",78,15,0,45,47,0,64,0,69,0,71,76,864,0,14,0,23,0,155,0,100,360,166,52,42,0,52,0,64,1186,0,0,154,69,0,437,0,0,0,0,0,0,0,0,0,0,0
"MGYG000348936",71,111,28,0,124,369,0,60,242,0,134,18,191,75,85,48,89,0,142,0,634,279,169,0,60,384,409,0,965,89,19,162,57,194,177,504,35,0,212,0,108,12,0,448,0,447,44
"MGYG000341210",32,69,0,0,44,0,0,0,49,0,66,19,153,0,10,0,22,0,56,0,376,93,34,0,29,0,0,0,223,63,0,0,20,39,0,159,0,16,0,0,0,0,0,0,0,0,0
"MGYG000331839",22,61,0,0,13,36,0,24,27,0,26,0,38,21,0,0,0,0,21,0,111,21,12,0,12,49,0,0,75,0,0,10,0,23,0,79,16,11,11,0,0,0,0,34,0,56,0
"MGYG000328091",18,15,11,0,0,12,0,0,23,0,39,0,57,0,0,0,0,0,21,0,168,0,0,0,17,0,18,0,104,41,0,0,0,22,0,51,0,12,0,0,0,0,0,0,0,0,0
"Avidehalobacter sp022797295",263,8149,277,46,492,385,20,0,334,64,1211,103,1333,0,33,72,109,69,549,0,6384,37,125,24,123,0,510,0,1705,170,425,0,14,218,312,1336,157,227,879,0,201,405,40,0,0,1901,738
"Avidehalobacter sp021771915",10,292,17,0,26,29,0,0,50,0,58,0,63,0,0,0,19,0,31,0,107,0,0,0,0,0,28,0,34,10,20,0,0,0,23,48,0,12,44,0,21,15,0,0,0,82,41
"MGYG000410378",21,0,0,0,24,18,0,0,53,0,44,0,28,0,0,0,18,12,20,0,50,0,0,0,0,0,42,0,110,0,0,0,0,10,0,46,0,0,0,0,11,0,0,0,0,0,32
"MGYG000411020",176,123,0,0,108,87,0,88,145,0,251,44,111,86,81,0,72,0,18,0,716,134,118,12,30,913,185,35,678,85,62,110,41,105,46,935,241,0,195,0,33,55,0,501,0,1673,15
"MGBC122484 sp910587245",42,0,18,0,0,0,0,28,14,0,42,0,67,53,0,0,0,0,101,0,22,0,0,0,0,16,198,0,26,0,21,0,0,0,52,156,0,0,67,0,12,0,0,0,0,65,57
"MGBC122484 sp910586855",29,0,93,0,28,25,0,36,50,0,40,0,184,0,0,0,31,0,89,0,22,14,29,0,0,0,298,0,16,0,0,0,0,0,204,167,0,0,0,0,11,0,0,0,0,0,14
"MGBC122484 sp910578465",23,0,503,0,44,21,0,0,19,34,139,15,195,0,0,0,0,0,177,0,18,0,20,0,11,0,431,0,28,15,0,0,0,11,1705,149,0,0,0,0,0,0,0,0,0,0,0
"MGBC122484 sp910587815",11,0,21,0,0,10,0,0,0,0,11,0,0,0,0,0,0,0,0,0,0,0,0,0,0,0,0,0,0,0,0,0,0,0,43,28,0,0,0,0,0,0,0,0,0,0,0
"Megamonas funiformis",24,33,0,20,63,0,0,373,140,0,350,20,283,25,11,0,74,0,64,0,134,0,31,0,17,0,21,0,171,0,0,11,0,12,11,131,0,0,0,0,17,23,0,0,11,65,0
"MGYG000325548",11,0,0,0,0,28,0,0,11,0,0,0,11,0,0,0,0,0,16,0,0,38,13,0,0,0,0,0,39,0,0,0,15,29,20,141,0,0,0,0,0,0,0,0,0,0,0
"UBA1436 sp910576915",12,0,0,0,0,0,0,0,0,0,0,0,0,0,0,0,0,0,0,0,0,0,0,0,0,0,0,0,0,0,0,0,0,0,0,0,0,0,0,0,0,0,0,0,0,12,0
"MGYG000331077",0,187,0,0,16,221,0,45,36,0,17,15,129,234,0,23,14,0,25,0,576,126,15,0,27,55,18,0,330,35,60,128,14,30,0,95,43,50,186,0,54,87,0,247,0,244,0
"MGYG000324324",0,43,0,0,31,0,0,1443,28,0,41,0,58,326,0,0,0,0,49,60,454,0,14,0,42,289,30,45,313,0,37,0,0,41,0,30,16,0,85,0,0,39,0,0,0,91,14
"MGYG000333766",0,0,0,0,11,0,0,562,0,0,0,0,10,134,0,0,0,0,0,0,221,0,0,0,11,111,14,17,142,0,0,0,0,14,0,19,0,0,41,0,0,10,0,0,0,26,0
"UBA3282 sp910578115",0,34,17,0,70,44,0,5846,81,0,114,0,68,2726,0,15,34,0,92,62,860,0,25,0,13,2101,388,41,347,0,403,0,0,19,20,48,41,0,770,0,13,116,0,0,0,690,29
"Anaerostipes hominis",0,4055,0,0,0,0,0,39,0,0,19,0,0,0,0,0,0,0,0,0,18,0,0,0,0,0,0,0,13,0,1106,43435,0,0,0,0,407,250,3715,0,0,487,2200,127111,0,2222,0
"Bacteroides thetaiotaomicron",0,0,0,0,0,0,0,218,0,0,0,0,27,216,0,0,0,0,0,276,0,0,0,0,0,6037,0,16,0,0,154,0,0,0,14,19,100,0,672,0,0,310,0,15,0,1481,0
"C-19 sp910576345",0,27,23,0,25,17,0,0,24,0,62,0,22,20,0,0,30,0,0,0,28,0,0,0,14,0,18,0,51,0,0,0,0,15,21,22,0,0,0,0,0,0,0,16,0,0,0
"MGYG000327462",0,14,0,0,0,0,0,0,0,0,0,0,0,0,0,0,0,0,0,0,0,0,0,0,0,0,0,0,0,0,0,0,0,0,0,0,0,0,0,0,0,0,0,11,0,0,0
"MGYG000410493",0,82,0,0,0,0,0,0,17,0,20,0,76,0,0,0,0,0,12,0,14,0,0,0,0,0,0,0,33,0,0,0,0,11,0,16,0,0,0,0,0,0,0,0,0,0,0
"Allobaculum sp910579655",0,52,51,0,0,0,0,37,39,0,28,0,0,50,0,0,22,0,0,0,0,0,0,0,0,0,0,0,29,0,0,0,0,0,0,0,0,0,0,0,0,0,0,0,0,0,0
"MGBC163490 sp910588075",0,902,0,0,15,10,0,0,12,0,83,0,16,0,0,0,22,0,0,0,32,0,0,0,0,0,0,0,24,0,0,352,0,0,17,23,0,0,10,0,0,0,15,4430,0,0,0
"Limosilactobacillus urinaemulieris",0,23,15,0,36,0,0,58,79,0,104,0,37,0,15,0,57,0,13,0,26,0,0,0,0,0,0,0,43,0,0,0,0,0,16,108,0,0,0,46,29,0,0,0,40,17,54
"Lactiplantibacillus plantarum",0,46,0,0,0,26,0,25,24,0,20,0,16,0,10,10,13,0,0,0,78,63,64,0,13,0,81,0,156,36,0,39,15,49,28,176,0,0,0,0,0,0,0,68,0,22,0
"Enterococcus_D gallinarum",0,191,0,0,0,10,0,310,16,0,26,0,116,864,0,0,0,0,26,77,82,0,154,0,30,3546,0,34,27,0,0,1445,0,20,0,0,90,0,23,73,27,105,17,4472,272,838,0
"Lactococcus lactis",0,12,0,0,0,0,0,42,0,0,0,0,0,0,0,0,0,0,0,0,0,0,0,0,0,0,0,0,0,0,0,0,0,0,0,0,0,0,0,0,0,0,0,0,19,0,0
"Granulicatella adiacens",0,13,0,0,0,0,0,59,21,0,0,0,22,13,0,0,19,0,10,0,25,0,20,0,0,42,283,0,15,0,0,0,0,11,0,12,0,0,0,19,13,0,0,0,26,0,26
"Scybalousia sp910584255",0,74,0,0,19,18,0,22,63,0,83,0,23,0,0,0,39,0,0,0,27,0,0,0,0,0,0,0,63,15,0,21,0,0,0,22,0,0,0,12,0,0,0,89,0,0,26
"CAG-710 sp000432595",0,14,0,0,0,0,0,0,0,0,0,0,0,0,0,0,0,0,0,0,0,0,0,0,0,0,29,0,0,0,0,0,0,0,0,0,0,0,0,0,0,0,0,0,0,11,0
"MGYG000325543",0,22,0,0,0,0,0,17,16,0,11,0,27,0,0,0,11,0,0,0,11,0,0,0,0,0,13,0,0,0,0,0,0,0,0,14,0,0,0,29,0,0,0,14,89,0,17
"MGYG000326942",0,10,0,0,0,0,0,0,0,0,0,0,0,0,0,0,0,0,0,0,0,0,0,0,0,0,0,0,19,0,0,0,0,0,0,0,0,0,0,0,0,0,0,0,0,0,0
"Paratractidigestivibacter sp003150175",0,85,0,0,15,0,0,27,32,0,10,0,34,50,0,0,15,0,27,0,11,0,0,0,0,18,0,0,16,0,0,65,0,0,0,11,0,0,0,0,16,0,0,212,0,11,0
"Collinsella stercoris",0,25,0,0,0,0,0,0,15,0,0,0,13,12,0,0,0,0,13,0,0,0,0,0,0,0,0,0,0,0,0,0,0,0,0,0,0,0,0,0,0,0,0,49,0,0,0
"Collinsella sp900545445",0,27,0,0,15,22,0,0,33,0,23,0,22,0,0,0,0,0,23,0,22,0,0,0,15,0,0,0,21,0,0,21,0,16,0,18,0,0,0,0,16,0,0,62,0,0,0
"Collinsella sp002232035",0,27,0,0,0,0,0,0,0,0,0,0,0,23,0,0,0,0,0,0,0,0,0,0,0,0,0,0,0,0,0,22,0,0,0,0,0,0,0,0,14,0,0,50,0,0,0
"MGYG000330890",0,21,0,0,27,0,0,0,50,0,19,0,72,0,0,0,16,0,56,0,24,16,13,0,17,0,0,0,39,0,0,0,0,27,0,51,0,0,0,0,31,0,0,0,0,18,0
"Cutibacterium acnes",0,44,90,32,40,27,16,114,23,24,132,66,208,71,144,0,21,2859,122,0,34,0,0,0,30,11,49,0,37,0,0,12,0,0,171,91,0,0,0,811,52,14,0,22,42,0,341
"MGYG000325467",0,38,0,0,10,29,0,0,14,0,0,0,13,0,0,0,13,0,0,0,45,36,17,0,0,0,18,0,40,12,0,14,0,14,0,47,0,0,0,0,0,0,0,21,0,13,0
"MGYG000325647",0,22,0,0,0,18,0,0,14,0,0,0,0,0,0,0,0,0,0,0,15,10,10,0,0,15,0,0,21,10,0,0,0,10,0,40,0,0,0,0,0,0,0,15,0,23,0
"MGYG000325468",0,17,0,0,0,12,0,0,16,0,0,0,11,0,0,0,0,0,0,0,26,13,0,0,0,0,11,0,39,0,0,17,0,11,0,40,0,0,0,0,0,0,0,18,0,0,0
"MGYG000325561",0,14,0,0,12,15,0,0,28,0,0,0,10,0,11,0,10,0,0,0,46,24,15,0,20,0,11,0,53,0,0,0,0,18,0,28,0,0,0,0,0,0,0,0,0,0,0
"CAG-873 sp014801485",0,13,0,0,0,11,0,0,10,0,0,0,0,0,0,0,0,0,0,0,18,0,13,0,0,0,0,0,17,0,0,0,0,10,0,21,0,0,0,0,0,0,0,12,0,0,0
"MGYG000325408",0,10,0,0,0,11,0,0,0,0,0,0,13,0,0,0,0,0,0,0,18,0,0,0,0,0,0,0,29,0,0,0,0,0,0,29,0,0,0,0,0,0,0,0,0,0,0
"CAG-873 sp910579605",0,10,0,0,0,24,0,0,0,0,0,0,13,0,0,0,0,0,0,0,17,18,0,0,0,0,0,0,24,0,0,0,0,0,0,44,0,0,0,0,0,0,0,0,0,18,0
"CAG-485 sp014802175",0,42,0,0,0,24,0,0,10,0,0,0,0,16,0,0,0,0,0,0,16,22,0,0,0,25,0,0,34,0,0,11,0,0,14,56,0,0,0,0,0,0,0,30,0,32,0
"CAG-485 sp014801875",0,34,0,0,0,19,0,0,10,0,10,0,0,15,0,0,10,0,0,0,33,16,0,0,0,24,19,0,63,0,0,13,0,15,11,42,0,0,0,0,12,0,0,13,0,22,0
"CAG-485 sp014803765",0,32,0,0,0,31,0,0,26,0,11,0,11,0,0,0,17,0,0,0,59,48,19,0,0,0,42,0,71,13,0,0,12,38,0,61,0,0,0,0,27,0,0,18,0,0,0
"MGYG000325797",0,29,0,0,0,14,0,0,15,0,0,0,0,0,0,0,0,0,0,0,26,34,13,0,0,16,19,0,20,0,0,0,12,24,0,58,0,0,0,0,11,0,0,16,0,12,0
"MGYG000325348",0,25,0,0,0,22,0,0,23,0,0,0,0,0,0,0,11,0,0,0,84,22,11,0,0,0,37,0,80,0,0,19,10,29,18,82,0,0,0,0,0,0,0,32,0,0,0
"MGYG000325391",0,23,0,0,0,44,0,0,35,0,0,0,21,0,0,0,0,0,0,0,42,35,14,0,0,0,22,0,61,12,0,10,0,35,12,73,0,0,0,0,10,0,0,18,0,0,0
"MGYG000325606",0,21,0,0,0,12,0,0,16,0,0,0,0,0,0,0,11,0,0,0,26,19,17,0,0,15,24,0,43,12,0,0,0,25,0,63,0,0,0,0,0,0,0,0,0,27,0
"MGYG000325480",0,20,0,0,0,19,0,0,0,0,0,0,0,0,0,0,0,0,0,0,22,17,0,0,0,0,21,0,32,0,0,0,0,17,11,53,0,0,0,0,0,0,0,12,0,0,0
"CAG-485 sp014800535",0,19,0,0,0,24,0,0,0,0,0,0,0,0,0,0,0,0,0,0,29,13,0,0,0,0,14,0,34,0,0,0,0,17,0,28,0,0,0,0,0,0,0,10,0,16,0
"CAG-485 sp014801585",0,14,0,0,0,22,0,0,15,0,11,0,0,10,0,0,0,0,0,0,19,17,12,0,0,23,13,0,25,0,0,0,0,15,0,45,0,0,0,0,0,0,0,15,0,15,0
"MGYG000325583",0,13,0,0,0,11,0,0,0,0,0,0,10,0,0,0,0,0,0,0,18,24,0,0,0,0,13,0,17,0,0,0,0,26,0,45,0,0,0,0,10,0,0,0,0,0,0
"MGYG000325430",0,19,0,0,0,12,0,0,0,0,0,0,0,0,0,0,0,0,0,0,24,0,13,0,0,0,0,0,35,0,0,0,0,0,0,20,0,0,0,0,0,0,0,0,0,12,0
"MGYG000325719",0,33,0,0,0,23,0,0,29,0,0,0,16,11,0,0,0,0,0,0,54,15,19,0,11,25,24,0,53,0,0,10,0,22,13,42,11,0,0,0,0,0,0,21,0,29,0
"MGYG000325338",0,29,0,0,0,12,0,0,18,0,0,0,0,0,0,0,12,0,0,0,52,17,0,0,0,34,0,0,35,12,0,17,0,17,10,69,0,0,0,0,0,0,0,32,0,33,0
"MGYG000325306",0,10,0,0,0,13,0,0,0,0,0,0,0,0,0,0,0,0,0,0,12,11,0,0,0,0,0,0,13,0,0,0,0,0,0,28,0,0,0,0,0,0,0,0,0,0,0
"MGYG000325603",0,27,0,0,16,35,0,0,23,0,0,0,21,0,13,0,0,0,0,0,48,49,16,0,0,14,23,0,54,12,0,0,15,20,10,91,0,0,0,0,21,0,0,0,0,20,0
"UBA3263 sp014802435",0,10,0,0,0,0,0,0,12,0,0,0,0,0,0,0,0,0,0,0,13,16,0,0,0,0,0,0,14,0,0,17,0,12,0,0,0,0,0,0,0,0,0,25,0,0,0
"MGYG000325316",0,32,0,0,11,15,0,10,0,0,11,0,0,12,0,0,0,0,0,0,43,10,10,0,0,49,20,0,51,0,0,13,0,21,0,43,15,0,15,0,0,0,0,27,0,77,0
"MGYG000325659",0,17,0,0,0,19,0,0,0,0,0,0,0,0,0,0,0,0,0,0,32,29,0,0,0,0,0,0,35,12,0,19,0,11,0,24,0,0,0,0,0,0,0,24,0,0,0
"MGYG000325628",0,18,0,0,0,26,0,0,14,0,0,0,0,0,10,0,0,0,0,0,16,40,12,0,0,0,11,0,36,11,0,0,11,15,11,45,0,0,0,0,0,0,0,0,0,0,0
"MGYG000325657",0,18,0,0,0,19,0,0,0,0,0,0,0,0,0,0,0,0,0,0,12,16,0,0,0,19,0,0,24,0,0,0,0,0,0,29,0,0,0,0,0,0,0,0,0,20,0
"MGYG000325523",0,26,0,0,11,18,0,0,18,0,0,0,0,0,0,0,0,0,0,0,54,17,13,0,0,29,0,0,47,0,0,30,0,0,10,36,0,0,0,0,0,0,0,35,0,22,0
"MGYG000325354",0,163,0,0,142,285,0,0,0,0,0,0,0,0,0,0,0,0,0,0,0,404,273,0,0,51,149,0,207,0,0,0,0,250,0,339,0,0,0,0,0,0,0,179,0,125,0
"MGYG000325392",0,106,0,0,0,202,0,0,185,0,0,0,0,0,0,0,0,0,0,0,376,334,0,0,0,0,173,0,522,0,0,0,0,471,0,359,0,0,0,0,0,0,0,0,0,0,0
"JAAVFS01 sp014802385",0,13,0,0,0,30,0,0,20,0,0,0,0,0,11,0,11,0,0,0,35,55,13,0,0,10,0,0,52,11,0,0,13,21,10,54,10,0,0,0,0,0,0,14,0,12,0
"MGYG000327349",0,16,0,0,0,12,0,0,0,0,0,0,0,0,0,0,0,0,0,0,15,16,0,0,0,12,0,0,31,0,0,16,0,14,12,28,0,0,0,0,0,0,0,21,0,23,0
"Parabacteroides johnsonii",0,22,0,0,0,10,0,0,0,0,0,0,0,0,0,0,0,0,0,0,0,0,0,0,0,226,0,0,14,0,0,13,0,0,0,0,33,11,0,0,0,0,0,75,0,21,0
"Parabacteroides sp910577325",0,15,0,0,0,10,0,0,0,0,0,0,10,0,0,0,0,0,0,0,0,0,0,0,0,79,0,0,21,0,0,0,0,0,0,20,13,0,0,0,0,0,0,39,0,85,0
"Bacteroides faecis",0,130,0,0,19,16,0,16,14,0,0,0,0,24,0,0,0,0,0,17,25,12,0,0,0,237,12,0,32,0,12,175,0,11,0,12,11,0,30,0,0,23,0,275,0,87,0
"Bacteroides bouchesdurhonensis",0,35,0,0,0,17,0,0,13,0,0,0,0,11,0,0,10,0,0,0,119,12,0,0,0,27,17,0,80,0,0,34,0,0,0,21,11,0,32,0,0,11,0,61,0,64,0
"Bacteroides ovatus",0,27,0,0,0,28,0,0,0,0,12,0,0,0,0,0,0,0,0,0,36,18,21,0,12,77,32,0,53,0,0,12,0,14,18,51,0,0,0,0,0,0,0,37,0,13,0
"Bacteroides caccae",0,27,0,0,32,68,0,0,32,0,11,0,58,0,13,0,15,0,0,0,50,78,13,0,12,114,29,0,78,20,0,16,12,34,11,59,10,0,0,0,12,0,0,65,0,97,0
"MGYG000325504",0,19,0,0,0,0,0,0,10,0,0,0,0,0,0,0,0,0,0,0,14,11,0,0,0,29,0,0,17,0,0,15,0,0,0,24,0,0,0,0,0,0,10,89,0,10,0
"Bacteroides salyersiae",0,16,0,0,10,0,0,0,0,0,0,0,0,0,0,0,0,0,0,0,17,0,0,0,0,41,0,0,23,0,0,18,0,0,0,21,0,0,0,0,0,0,0,32,0,0,0
"Bacteroides stercorirosoris",0,13,0,0,0,0,0,0,11,0,12,0,0,0,0,0,10,0,0,0,15,14,12,0,0,34,22,0,27,0,0,0,0,14,0,28,0,0,0,0,0,0,0,26,0,0,0
"MGYG000325502",0,51,0,0,0,47,0,0,17,0,0,0,0,0,0,10,16,0,0,0,59,41,0,0,0,12,11,0,82,12,0,0,0,27,25,78,0,0,0,0,0,0,0,23,0,12,0
"Prevotella pectinovora",0,45,0,0,0,28,0,0,23,0,0,0,0,0,10,0,0,0,0,0,40,29,0,0,13,35,19,0,40,0,0,53,0,14,16,82,0,0,0,0,0,0,0,119,0,37,0
"Prevotella sp000436915",0,17,0,0,0,0,0,0,0,0,0,0,0,0,0,0,0,0,0,0,0,13,0,0,0,0,0,0,10,0,0,0,0,0,0,21,0,0,0,0,0,0,0,0,0,0,0
"MGYG000325596",0,18,0,0,10,18,0,0,19,0,12,0,0,14,0,0,12,0,0,0,29,15,15,0,0,43,16,0,42,0,0,19,0,13,0,52,0,0,13,0,0,0,0,49,0,29,0
"Tidjanibacter sp910577285",0,44,0,0,0,51,0,0,0,0,11,0,22,39,0,0,0,0,0,0,10,19,0,0,0,17,0,0,12,0,0,25,0,0,0,23,0,0,22,0,0,0,0,44,0,28,0
"Odoribacter sp910588375",0,98,0,0,0,12,0,0,0,0,0,0,0,0,0,0,0,0,0,0,32,27,0,0,0,14,13,0,41,0,0,21,0,0,15,35,0,0,0,0,16,0,0,30,0,13,0
"Odoribacter sp910578985",0,53,0,0,0,63,0,12,0,0,0,0,19,16,0,0,0,0,0,0,56,11,11,0,0,42,29,0,38,0,0,41,0,20,0,34,0,0,14,0,0,0,0,82,0,35,0
"Odoribacter sp009935865",0,19,0,0,0,13,0,16,0,0,0,0,0,0,0,0,0,0,0,0,15,12,0,0,0,16,0,0,17,0,0,0,0,0,0,41,0,0,0,0,0,0,0,0,0,83,0
"Cryptobacteroides sp000431015",0,19,0,0,0,16,0,0,0,0,0,0,0,0,0,0,0,0,0,0,17,0,0,0,0,0,0,0,18,0,0,0,0,14,0,52,0,0,0,0,0,0,0,0,0,24,0
"MGYG000325795",0,17,0,0,0,0,0,0,0,0,0,0,0,0,0,0,0,0,0,0,16,0,0,0,0,0,0,0,17,0,0,0,0,0,0,0,0,0,0,0,0,0,0,12,0,0,0
"MGYG000326972",0,14,0,0,0,0,0,0,0,0,0,0,0,0,0,0,0,0,0,0,0,0,0,0,0,0,0,0,0,0,0,11,0,0,0,0,0,0,0,0,0,0,0,17,0,0,0
"Pullibacteroides sp910578275",0,25,0,0,0,60,0,0,0,0,0,0,0,15,0,0,0,0,0,0,15,25,0,0,0,29,0,0,11,0,0,0,0,12,0,45,0,0,0,0,0,0,0,16,0,31,0
"Barnesiella intestinihominis",0,10,0,0,0,0,0,0,0,0,0,0,0,0,0,0,0,0,0,0,0,0,0,0,0,0,0,0,0,0,0,0,0,0,0,0,0,0,0,0,0,0,0,0,0,0,0
"MGYG000376875",0,26,0,0,0,0,0,11,26,0,0,0,12,0,0,0,0,0,0,0,228,0,0,0,0,0,0,0,153,0,32,0,0,10,0,0,0,0,120,0,0,72,0,0,0,95,0
"MGYG000410984",0,79,0,0,17,0,0,103,28,0,39,0,19,38,0,0,0,0,29,0,119,0,20,0,20,50,22,0,75,0,0,16,0,45,0,57,0,0,22,0,25,0,11,35,0,39,25
"MGYG000329711",0,66,0,0,15,10,0,138,23,0,36,0,39,86,0,0,0,0,16,0,117,0,13,0,20,43,15,17,47,0,11,0,0,30,0,29,0,0,14,0,0,0,0,0,0,11,0
"Sporofaciens sp910584575",0,52,0,0,34,0,0,108,34,0,54,0,43,19,0,0,11,0,39,10,127,0,12,0,17,11,12,17,65,0,0,0,0,39,0,22,0,0,0,0,28,0,14,0,0,12,0
"Sporofaciens sp011960625",0,44,0,0,59,0,0,147,91,0,151,13,16,24,0,0,30,0,14,0,531,14,0,0,12,14,0,12,407,22,0,0,0,26,0,22,0,0,0,0,25,0,0,0,0,12,0
"MD308 sp910579335",0,14,0,0,14,0,0,17,20,0,27,0,21,21,0,0,14,0,0,0,73,0,0,0,20,0,0,0,48,0,0,19,0,25,0,29,0,0,10,0,20,0,0,45,0,11,0
"14-2 sp910585625",0,141,0,0,0,12,0,46,11,0,10,0,0,67,0,0,0,16,0,0,14,0,0,0,0,32,0,0,26,0,0,0,0,0,0,0,0,0,13,0,0,0,0,0,0,0,0
"14-2 sp910585895",0,135,0,0,0,14,0,10,0,0,17,0,23,0,0,0,0,0,13,0,31,0,0,0,0,0,17,0,23,0,0,0,0,11,0,0,0,0,0,0,0,0,0,28,0,0,29
"14-2 sp004793545",0,61,14,0,20,21,0,44,39,0,58,0,124,18,0,0,21,0,100,0,96,11,15,0,29,10,73,0,82,0,42,0,0,43,20,17,23,0,87,0,14,24,0,15,0,59,14
"14-2 sp910580195",0,54,15,0,15,0,0,83,47,0,42,0,17,38,0,0,10,0,0,0,105,0,0,0,0,25,25,0,77,0,0,20,0,16,0,12,0,0,13,0,12,0,0,38,0,13,12
"14-2 sp910580015",0,49,0,0,13,0,0,26,13,0,28,0,0,16,0,0,0,0,0,0,53,0,0,0,0,18,11,0,48,0,0,0,0,10,0,20,0,0,0,0,14,0,0,0,0,0,15
"14-2 sp910585395",0,45,0,0,0,0,0,0,16,0,12,0,0,0,0,0,0,0,0,0,30,0,0,0,0,0,0,0,27,0,0,0,0,0,0,0,0,0,0,0,0,0,0,0,0,0,0
"14-2 sp910587895",0,47,0,0,0,0,0,27,26,0,14,0,0,0,0,0,12,0,0,0,64,0,0,0,0,0,0,0,70,0,0,0,0,0,0,11,0,0,0,0,0,0,0,0,0,0,0
"MGYG000327388",0,42,0,0,11,0,0,0,10,0,12,0,0,0,0,0,0,0,0,0,28,0,0,0,0,0,0,0,15,0,0,0,0,0,0,0,0,0,0,0,0,0,0,0,0,0,0
"MGYG000410811",0,39,0,0,23,11,0,37,20,0,43,0,11,0,0,0,12,0,0,0,24,25,0,0,0,0,11,0,31,0,0,0,0,21,0,31,0,0,12,0,70,0,0,19,0,10,41
"MGYG000352925",0,37,0,0,66,17,0,149,176,0,218,14,20,20,0,0,53,0,0,0,587,20,0,0,0,23,0,11,581,35,0,0,0,21,0,27,0,0,0,0,28,0,0,11,0,0,16
"MGYG000331207",0,25,0,0,14,0,0,0,40,0,51,0,10,0,0,0,15,0,0,0,67,11,0,0,0,0,0,0,94,0,0,0,0,0,0,16,0,0,0,0,0,0,0,21,0,0,11
"MGYG000328397",0,21,0,13,57,15,0,120,141,0,100,0,102,0,23,0,72,0,18,0,36,0,0,0,22,0,12,0,38,0,0,0,0,16,0,60,0,0,0,0,13,31,0,0,13,39,0
"14-2 sp910588965",0,18,0,0,0,0,0,23,12,0,25,0,12,0,0,0,0,0,0,0,50,0,0,0,0,0,0,0,35,0,0,0,0,0,0,11,0,0,0,0,12,0,0,0,0,0,22
"14-2 sp910586005",0,14,0,0,18,0,0,0,29,0,84,0,23,0,0,0,10,0,27,0,85,0,0,0,0,0,17,0,91,0,0,0,0,14,0,13,0,0,10,0,0,0,0,0,0,0,0
"14-2 sp022790855",0,12,0,0,0,0,0,0,0,0,10,0,0,0,0,0,0,0,0,0,0,0,0,0,0,0,0,0,0,0,0,0,0,0,0,0,0,0,0,0,13,0,0,0,0,0,0
"Ventrimonas sp910588875",0,214,0,0,16,0,0,0,11,0,24,13,34,0,0,0,0,0,41,0,75,0,0,0,0,0,17,0,44,0,0,0,0,13,0,19,0,14,0,0,0,0,0,0,0,0,0
"Ventrimonas sp910586205",0,38,0,0,0,0,0,0,0,0,15,0,27,15,0,0,0,0,24,0,24,0,0,0,0,19,0,0,18,0,0,22,0,21,0,19,0,0,0,0,14,0,0,58,0,13,0
"Ventrimonas sp910588125",0,31,22,0,12,0,0,24,19,0,18,15,14,48,0,0,12,0,12,0,25,0,0,0,0,0,11,0,20,0,0,0,0,0,0,0,0,0,11,0,10,0,0,12,0,17,0
"MGYG000329105",0,25,0,0,0,53,0,0,0,0,10,0,0,25,0,0,0,0,0,0,28,30,0,0,0,20,0,0,19,11,0,0,0,0,0,11,0,0,0,0,18,0,0,0,0,0,10
"Ventrimonas sp022794255",0,24,0,0,0,0,0,0,0,0,0,0,0,10,0,0,0,0,0,0,19,0,0,0,0,0,0,0,14,0,0,0,0,0,0,0,0,0,0,0,0,0,0,0,0,0,0
"MGYG000432287",0,13,0,0,12,0,0,0,24,0,56,0,16,0,0,0,0,0,0,0,70,0,0,0,0,0,16,0,67,0,0,0,0,11,0,22,0,0,0,0,0,0,0,0,0,34,10
"Ventrimonas sp910584845",0,12,0,0,12,0,0,28,19,0,15,0,0,23,0,0,0,0,12,0,56,0,0,0,0,17,0,0,68,0,0,0,0,13,0,15,0,0,10,0,0,0,0,0,0,10,0
"UBA3282 sp910587715",0,112,0,0,10,14,0,22,15,0,24,0,0,58,0,0,0,0,0,0,12,0,0,0,0,96,0,0,12,0,0,1706,0,0,0,0,0,0,13,0,0,0,30,4348,0,22,0
"MGYG000411593",0,49,0,0,12,0,0,71,30,0,35,0,65,38,0,0,0,0,39,0,72,0,17,0,0,34,56,0,73,0,0,0,0,19,0,45,0,0,0,0,26,0,0,0,0,13,26
"MGYG000323128",0,35,0,0,0,0,0,30,0,0,10,0,0,0,0,0,0,0,0,0,13,0,0,0,0,0,0,0,0,0,0,0,0,0,0,10,0,0,0,0,0,0,0,0,0,0,10
"UBA3282 sp910578645",0,31,13,0,0,17,0,189,0,0,25,0,0,61,0,0,0,0,0,0,47,0,0,0,0,72,16,15,51,0,12,0,0,10,12,20,0,0,15,0,0,0,0,0,0,11,0
"UBA3282 sp910579735",0,28,0,0,14,0,0,18,14,0,27,0,19,12,0,0,0,0,12,0,41,0,0,0,0,0,12,0,58,0,0,0,0,0,0,0,0,0,13,0,0,0,0,0,0,12,0
"MGYG000325815",0,22,0,0,0,24,0,51,0,0,0,0,0,15,0,0,0,14,0,0,10,0,0,0,0,10,0,0,0,0,0,0,0,0,0,0,0,0,0,0,0,0,0,0,0,0,0
"UBA3282 sp910579395",0,20,0,0,10,0,0,24,23,0,59,0,12,15,0,0,23,0,14,0,38,0,0,0,0,0,10,0,19,0,0,0,0,13,0,30,0,0,0,0,50,11,0,20,0,0,18
"UBA3282 sp009774575",0,16,0,0,0,0,0,99,0,0,13,0,12,45,0,0,0,0,0,0,22,0,0,0,0,39,10,0,0,0,0,0,0,0,0,10,0,0,13,0,0,0,0,0,0,19,0
"MGYG000329420",0,16,0,0,27,17,0,1361,22,0,31,0,24,587,0,0,0,0,12,13,159,0,0,0,0,533,90,18,70,0,86,0,0,14,0,16,10,0,174,0,0,28,0,0,0,139,11
"MGYG000323012",0,16,0,0,39,0,0,163,47,0,45,13,15,84,0,0,14,0,0,0,124,22,11,0,0,45,20,0,75,0,13,0,0,14,0,28,0,0,15,0,16,0,0,36,0,23,27
"MGYG000325709",0,15,0,0,11,0,0,19,45,0,38,0,0,11,0,0,25,0,0,0,0,0,0,0,0,0,0,0,0,0,12,0,0,0,0,0,0,0,0,0,15,0,0,0,0,13,0
"MGYG000325198",0,15,0,0,0,0,0,45,0,0,11,0,0,33,0,0,0,0,0,0,31,0,0,0,0,12,0,0,27,0,0,0,0,0,0,0,0,0,11,0,0,0,0,10,0,0,0
"UBA3282 sp910578845",0,15,0,0,15,0,0,47,13,0,22,0,0,0,0,0,0,0,0,0,16,0,0,0,0,11,0,0,17,0,0,0,0,0,0,10,0,0,0,0,26,0,0,0,0,18,16
"MGYG000325513",0,14,0,0,0,0,0,10,0,0,0,0,0,0,0,0,0,0,0,0,0,0,0,0,0,0,0,0,0,0,0,0,0,0,0,0,0,0,0,0,0,0,0,0,0,0,0
"UBA3282 sp910588955",0,15,0,0,0,0,0,11,0,0,11,0,0,0,0,0,0,0,0,0,35,0,0,0,0,0,0,0,27,0,0,0,0,0,0,0,0,0,0,0,11,0,0,0,0,0,0
"MGYG000325450",0,12,0,0,23,11,0,35,30,0,20,0,73,36,0,0,12,0,44,0,52,0,0,0,0,14,14,0,41,0,0,12,0,23,0,29,0,0,0,0,38,0,0,23,0,11,0
"MGYG000325999",0,12,0,0,0,0,0,17,0,0,11,0,15,20,0,0,0,0,21,0,24,0,0,0,0,0,10,0,16,0,0,0,0,0,0,0,0,0,0,0,0,0,0,0,0,12,0
"MGYG000411525",0,11,0,0,0,0,0,11,0,0,0,0,0,11,0,0,0,0,0,0,23,0,0,0,0,0,0,0,19,0,0,0,0,15,0,0,0,0,0,0,0,0,0,0,0,0,0
"MGYG000325558",0,11,0,0,18,10,0,70,31,0,67,0,20,30,0,0,19,0,24,0,38,0,0,0,0,26,24,0,35,0,0,0,0,13,0,18,0,0,19,0,21,0,0,0,0,22,10
"MGYG000322990",0,56,0,0,17,0,0,41,16,0,13,0,17,15,0,0,12,0,13,0,66,15,0,0,0,0,0,0,57,0,0,30,0,19,0,14,0,0,11,0,15,0,0,100,0,10,13
"MGYG000330673",0,29,0,0,0,0,0,0,0,0,17,0,0,0,0,0,0,0,0,0,35,0,0,0,0,0,0,0,12,0,0,0,0,16,0,14,0,0,0,0,18,0,0,20,0,0,0
"MGYG000368565",0,28,0,0,12,0,0,75,0,0,17,0,12,0,0,0,0,0,0,0,46,0,0,0,0,0,0,0,38,0,0,0,0,0,0,0,0,0,0,0,0,0,0,0,0,0,0
"UBA7109 sp910580235",0,17,0,0,0,0,0,58,15,0,11,0,0,0,0,0,0,0,0,0,22,0,0,0,0,0,0,0,0,0,0,0,0,0,0,0,0,0,0,0,0,0,0,0,0,0,0
"MGYG000324764",0,33,0,0,0,0,0,10,0,0,17,0,0,13,0,0,0,0,0,0,55,0,0,0,0,20,0,0,56,0,0,34,0,0,0,0,0,0,0,0,0,0,0,98,0,0,0
"MGYG000324065",0,26,0,0,0,14,0,11,0,0,0,0,11,17,0,0,0,0,0,0,0,0,0,0,0,15,0,0,10,0,0,13,0,0,0,17,0,0,12,0,0,0,0,37,0,18,0
"Roseburia sp910577925",0,21,0,0,0,0,0,0,11,0,18,0,14,10,0,0,0,0,13,0,26,0,0,0,0,0,0,0,14,0,0,14,0,0,0,18,0,0,0,0,22,0,0,39,0,0,10
"Roseburia intestinalis",0,20,0,0,0,0,0,0,0,0,0,0,0,0,0,0,0,0,0,0,16,0,0,0,0,0,0,0,0,0,0,0,0,0,0,0,0,0,0,0,0,0,0,0,0,0,0
"MGYG000328589",0,12,0,0,0,0,0,0,0,0,0,0,0,0,0,0,0,0,0,0,0,0,0,0,0,0,0,0,0,0,0,0,0,0,0,0,0,0,0,0,0,0,0,18,0,0,0
"MGYG000393816",0,59,0,0,32,0,0,93,31,0,72,0,0,20,0,0,0,0,0,0,58,0,0,0,0,10,13,0,91,0,13,0,0,18,0,0,0,0,13,0,0,0,0,0,0,20,0
"Butyribacter sp910579085",0,32,0,0,0,0,0,80,0,0,21,0,11,0,0,0,0,0,10,0,52,0,0,0,0,0,0,0,23,0,0,0,0,0,0,0,0,0,0,0,0,0,0,0,0,0,0
"MGYG000329302",0,31,0,0,17,0,0,20,16,0,63,0,0,0,0,0,18,0,10,0,37,15,0,0,10,0,43,0,46,0,0,0,0,15,0,35,0,0,0,0,47,0,0,0,0,26,28
"MGYG000348373",0,21,0,0,18,18,0,18,24,0,36,0,0,0,0,0,0,0,0,0,43,0,0,0,0,0,10,0,64,0,0,0,0,18,0,0,0,0,0,0,0,10,0,0,0,13,0
"MGYG000325401",0,17,0,0,10,0,0,0,10,0,0,0,13,0,0,0,0,0,0,0,16,0,0,0,0,0,0,0,16,0,0,0,0,0,0,0,0,0,0,0,0,0,0,0,0,0,0
"Butyribacter sp910586555",0,12,0,0,0,0,0,0,13,0,16,0,15,0,0,0,0,0,0,0,21,0,0,0,0,0,0,0,14,0,0,0,0,0,0,0,0,0,0,0,0,0,0,0,0,0,0
"Butyribacter sp910586605",0,10,0,0,10,0,0,19,13,0,14,0,0,11,0,0,0,0,0,0,15,0,0,0,0,0,0,0,15,0,0,0,0,0,0,11,0,0,0,0,21,0,0,0,0,0,11
"1XD8-76 sp003611955",0,17,0,0,34,11,0,0,32,0,22,0,30,0,0,0,12,0,29,0,40,0,0,0,0,0,0,0,15,0,0,0,0,12,0,39,0,0,10,0,43,0,0,0,0,0,0
"1XD8-76 sp910584915",0,11,0,0,0,0,0,13,0,0,23,0,0,0,0,0,0,0,0,0,32,0,0,0,0,0,0,0,21,0,0,0,0,10,0,13,0,0,0,0,0,0,0,0,0,12,0
"1XD8-76 sp022799355",0,10,0,0,10,0,0,12,12,0,18,0,0,0,0,0,0,0,11,0,45,0,0,0,0,0,0,0,18,0,0,0,0,10,0,17,0,0,0,0,0,0,0,0,0,0,0
"Blautia coccoides",0,33,0,0,0,0,0,15,0,0,12,0,0,22,0,0,0,0,0,0,25,0,0,0,0,14,0,0,27,0,0,80,0,0,0,0,0,0,0,0,0,0,0,195,0,0,0
"Blautia hominis",0,29,0,0,0,0,0,0,12,0,0,0,0,0,0,0,0,0,11,0,10,0,0,0,0,13,0,0,14,0,0,262,0,0,0,36,0,0,17,0,13,13,0,676,0,48,11
"MGYG000330300",0,22,0,0,29,0,0,13,26,0,28,0,0,0,0,0,14,0,0,0,58,0,0,0,0,10,0,0,51,0,0,12,0,13,0,22,0,0,0,0,20,0,0,18,0,0,14
"Blautia sp001304935",0,16,0,0,0,0,0,0,0,0,0,0,0,0,0,0,0,0,0,0,0,0,0,0,0,0,0,0,13,0,0,96,0,0,0,0,0,0,0,0,0,0,0,269,0,0,0
"MGYG000411610",0,30,0,0,11,0,0,17,15,0,35,0,10,20,0,0,11,0,22,0,66,0,0,0,0,14,0,0,88,0,0,0,0,12,0,49,0,0,11,0,0,0,0,0,0,10,10
"Acetatifactor sp910578215",0,53,0,0,0,0,0,28,17,0,30,0,17,29,0,0,0,0,0,0,36,0,0,0,0,20,0,0,41,0,11,45,0,0,0,10,0,0,26,0,0,0,0,105,0,13,0
"MGYG000403847",0,48,0,0,22,0,0,24,0,0,22,0,23,0,0,0,0,0,0,0,85,0,22,0,17,0,13,0,47,10,0,0,0,23,0,16,0,0,0,0,0,0,0,0,0,0,0
"Acetatifactor sp910585665",0,44,0,0,25,11,0,837,27,0,26,0,22,224,0,0,0,0,0,10,366,0,0,0,0,122,20,11,199,0,17,14,0,19,0,34,0,0,27,0,0,0,0,37,0,34,0
"MGYG000410724",0,37,0,0,0,0,0,329,29,0,18,0,10,96,0,0,10,0,0,0,155,0,0,0,0,62,0,0,124,0,11,0,0,17,0,26,0,0,28,0,11,0,0,0,0,26,15
"MGYG000329148",0,35,0,0,13,0,0,32,17,0,25,0,10,32,0,0,0,0,0,0,21,0,0,0,0,0,0,0,31,0,0,16,0,0,0,11,0,0,0,0,0,0,0,79,0,13,0
"MGYG000331408",0,36,0,0,26,0,0,27,15,0,31,0,20,42,0,0,0,0,0,0,78,0,0,0,0,25,17,0,43,0,0,0,0,25,0,14,0,0,0,0,16,0,0,0,0,11,0
"MGYG000331279",0,30,0,0,0,0,0,13,0,0,0,0,0,14,0,0,0,0,0,0,19,0,0,0,0,0,0,0,16,0,0,0,0,11,0,0,0,0,0,0,0,0,0,15,0,0,0
"Acetatifactor sp910584375",0,31,0,0,24,0,0,14,23,0,34,0,0,13,0,0,11,0,0,0,137,10,0,0,0,0,0,0,125,11,0,0,0,18,0,16,0,0,0,0,20,0,0,0,0,0,0
"MGYG000345025",0,30,0,0,0,0,0,12,0,0,13,0,11,0,0,0,0,0,11,0,26,0,0,0,0,0,0,0,28,0,0,12,0,0,0,11,0,0,0,0,0,0,0,22,0,0,0
"Acetatifactor sp910586435",0,19,0,0,0,0,0,42,37,0,19,0,18,20,0,0,13,0,0,0,135,0,0,0,0,15,0,0,67,0,0,0,0,26,0,16,0,0,0,0,11,0,0,0,0,12,10
"MGYG000330154",0,16,0,0,0,0,0,11,15,0,0,0,0,0,0,0,0,0,14,0,24,0,0,0,0,0,0,0,13,0,0,0,0,0,0,10,0,0,0,0,0,0,0,0,0,0,0
"MGYG000327196",0,16,0,0,0,0,0,11,0,0,0,0,0,0,0,0,0,0,0,0,0,0,0,0,0,0,0,0,0,0,0,0,0,0,0,10,0,0,0,0,0,0,0,0,0,0,0
"Acetatifactor sp910586215",0,17,0,0,12,0,0,21,15,0,11,0,0,11,0,0,0,0,0,0,91,0,0,0,0,0,11,0,39,0,0,0,0,0,0,16,0,0,0,0,0,0,0,0,0,0,0
"Acetatifactor sp011959105",0,14,0,0,0,12,0,75,0,0,11,0,0,38,0,0,0,0,0,0,30,0,0,0,0,31,10,0,11,0,0,0,0,0,0,10,0,0,0,0,0,0,0,0,0,12,0
"Acetatifactor sp910586515",0,16,0,0,49,12,0,180,127,0,73,0,14,54,0,0,23,0,0,0,578,0,0,0,0,25,0,0,588,0,0,0,0,0,0,21,0,0,0,0,0,0,0,0,0,0,0
"MGYG000325688",0,14,0,0,20,0,0,47,0,0,12,0,0,10,0,0,0,0,0,0,32,11,0,0,0,12,0,0,15,0,0,0,0,0,0,20,0,0,0,0,38,0,0,0,0,0,16
"MGYG000325419",0,13,0,0,0,0,0,21,14,0,14,0,15,0,0,0,0,0,0,0,49,0,13,0,0,0,23,0,28,0,0,0,0,17,0,19,0,0,20,0,0,0,0,0,0,0,0
"Acetatifactor sp910585015",0,12,0,0,0,0,0,19,0,0,0,0,10,0,0,0,0,0,0,0,16,0,0,0,0,0,0,0,12,0,0,0,0,0,0,0,0,0,0,0,0,0,0,0,0,0,0
"Acetatifactor sp910577665",0,12,0,0,0,0,0,61,12,0,20,0,0,31,0,0,0,0,0,0,34,11,0,0,0,13,13,0,27,0,0,0,0,11,0,20,0,0,0,0,14,0,0,0,0,0,11
"MGYG000329799",0,11,0,0,0,0,0,0,10,0,12,0,0,0,0,0,0,0,13,0,21,0,0,0,0,0,0,0,26,0,0,0,0,0,0,0,0,0,0,0,10,0,0,0,0,17,0
"Acetatifactor sp910588225",0,11,0,0,0,0,0,11,0,0,0,0,63,0,0,0,0,0,0,0,32,0,0,0,0,0,14,0,29,11,0,0,0,0,0,14,0,0,0,0,0,0,0,0,0,0,0
"MGYG000410939",0,10,0,0,0,0,0,17,0,0,0,0,0,0,0,0,0,0,0,0,25,0,0,0,0,0,0,0,21,0,0,0,0,0,0,14,0,0,0,0,0,0,0,0,0,0,0
"MGYG000327533",0,10,0,0,131,13,0,31,514,0,332,23,11,14,0,0,101,0,0,0,2906,53,0,0,0,18,0,0,2576,95,0,0,13,0,0,28,0,0,0,0,11,0,0,0,0,0,0
"Acetatifactor sp022797535",0,10,0,0,0,0,0,12,0,0,0,0,0,10,0,0,0,0,0,0,0,0,0,0,0,0,0,0,0,0,0,0,0,0,0,0,0,0,0,0,0,0,0,19,0,0,0
"Acetatifactor sp022793065",0,10,0,0,0,23,0,0,0,0,0,0,0,0,0,0,0,0,0,0,0,0,0,0,0,0,0,0,0,0,0,0,0,0,0,0,0,0,0,0,0,0,0,0,0,0,0
"MGYG000329051",0,19,0,0,0,0,0,0,0,0,0,29,47,0,0,0,0,34,11,0,16,14,0,0,22,0,30,0,0,19,0,0,0,26,21,30,0,0,0,0,0,0,0,0,0,0,0
"MGYG000324774",0,17,0,0,14,0,0,12,19,0,25,0,12,0,0,0,0,0,0,0,42,37,11,0,0,0,29,0,40,0,0,0,13,37,0,22,0,0,0,0,18,0,0,0,0,0,0
"Lachnospira sp910587485",0,10,0,0,12,0,0,0,0,0,40,0,0,0,0,0,0,0,16,0,18,0,0,0,0,0,25,0,22,0,0,0,0,0,0,15,0,0,0,0,0,0,0,0,0,0,0
"Anaerostipes caccae",0,110,0,0,30,19,0,0,39,0,16,0,0,0,0,0,14,0,0,0,0,0,0,0,0,0,0,0,13,0,24,1356,0,0,0,17,19,0,111,0,0,21,100,3688,0,92,0
"1XD42-69 sp910585825",0,22,0,0,21,0,0,25,33,0,48,0,16,14,0,0,18,0,10,0,63,0,0,0,0,0,12,0,61,0,0,0,0,13,0,12,0,0,11,0,23,0,0,18,0,0,26
"1XD42-69 sp910586725",0,22,0,0,0,0,0,0,10,0,17,0,13,0,0,0,0,0,0,0,38,0,0,0,0,0,11,0,15,0,0,0,0,0,0,0,0,0,0,0,0,0,0,14,0,0,14
"MGYG000325395",0,17,0,0,0,0,0,17,0,0,0,0,0,0,0,0,0,0,0,0,0,0,0,0,0,0,0,0,0,0,0,0,0,0,0,0,0,0,0,0,0,0,0,12,0,0,0
"1XD42-69 sp910586355",0,15,0,0,0,0,0,0,0,0,13,0,0,0,0,0,0,0,0,0,17,0,0,0,0,0,0,0,17,0,0,0,0,0,0,14,0,0,0,0,15,0,0,0,0,0,17
"MGYG000330490",0,14,0,0,0,0,0,0,0,0,0,0,0,0,0,0,0,0,0,0,20,0,0,0,0,0,0,0,23,0,0,0,0,0,0,0,0,0,0,0,0,0,0,0,0,0,12
"1XD42-69 sp910589105",0,10,0,0,0,0,0,11,0,0,16,0,0,0,0,0,0,0,0,0,12,0,0,0,0,0,0,0,21,0,0,0,0,0,0,0,0,0,0,0,0,0,0,16,0,0,0
"MGYG000327486",0,10,0,0,0,0,0,18,0,0,0,0,0,0,0,0,0,0,0,0,0,0,0,0,0,0,0,0,11,0,0,0,0,0,0,0,0,0,0,0,10,0,0,0,0,0,0
"MGYG000331229",0,49,0,0,16,0,0,99,10,0,17,0,0,46,0,0,0,0,0,0,104,0,0,0,0,46,15,0,51,0,0,0,0,14,0,25,0,0,22,0,0,0,0,0,0,14,0
"UBA3402 sp910588505",0,63,0,0,22,12,0,49,32,0,61,0,47,0,0,0,30,0,15,0,42,0,0,0,0,0,0,0,43,0,0,0,0,0,15,27,0,0,0,0,0,0,0,0,0,0,0
"UBA3402 sp022792815",0,51,0,0,17,70,0,13,20,0,29,0,19,34,0,0,0,0,0,0,87,0,0,0,0,26,0,0,55,0,15,14,0,15,10,26,0,0,32,0,11,11,0,48,0,19,13
"UBA3402 sp910579515",0,32,0,0,11,0,0,18,11,0,25,0,16,36,0,0,11,0,18,0,35,0,0,0,0,11,12,0,23,0,0,0,0,10,0,34,0,0,20,0,52,0,0,0,0,20,134
"MGYG000410806",0,20,22,0,0,0,0,0,0,0,20,0,0,0,0,0,0,0,0,0,35,0,0,0,0,0,0,0,21,0,0,0,0,0,18,0,0,0,13,0,0,0,0,0,0,13,0
"MGYG000324300",0,17,0,0,11,0,0,16,16,0,12,0,21,0,0,0,0,0,16,0,53,0,0,0,0,0,16,0,22,0,11,0,0,11,0,0,0,0,23,0,0,0,0,0,0,30,13
"MGYG000324807",0,14,0,0,17,0,0,14,19,0,18,0,16,12,0,0,14,0,0,0,39,0,0,0,10,23,0,0,18,0,0,0,0,0,0,13,0,0,13,0,0,0,0,0,0,0,0
"MGYG000327237",0,96,0,0,12,14,0,19,10,0,13,0,16,0,0,0,0,0,0,0,48,0,0,0,0,0,0,0,21,0,0,0,0,0,0,18,0,0,11,0,15,0,0,0,0,16,0
"MGYG000327181",0,84,0,0,23,0,0,67,10,0,32,0,31,98,0,0,0,0,10,0,28,17,10,0,21,72,26,0,32,0,0,0,0,19,0,43,0,0,43,0,46,0,0,0,0,19,20
"CAG-95 sp910577445",0,36,59,0,19,25,0,19,13,12,37,0,0,0,0,0,0,34,0,0,119,0,0,0,0,0,25,0,90,0,0,0,0,10,48,33,0,0,0,0,0,0,0,0,0,0,32
"CAG-95 sp002492465",0,34,0,0,0,0,0,216,19,0,42,0,13,0,0,0,0,0,15,0,58,0,0,0,0,0,12,13,45,0,0,0,0,11,0,18,0,0,10,0,33,0,0,0,0,0,14
"CAG-95 sp910587305",0,34,13,0,21,14,0,263,33,0,35,11,76,81,0,0,17,12,56,0,229,0,13,0,14,92,51,0,135,0,39,0,0,33,18,26,0,0,60,0,21,0,0,0,0,30,18
"CAG-95 sp910587295",0,30,0,0,17,19,0,89,16,0,29,0,18,37,0,0,0,0,12,0,35,12,0,0,0,19,13,0,27,0,0,0,0,0,13,32,0,0,13,0,42,0,0,0,0,13,16
"MGYG000410955",0,18,19,0,13,0,0,19,12,0,15,0,0,0,0,0,0,10,0,0,31,0,0,0,0,0,10,0,13,0,35,0,0,0,12,16,0,0,86,0,0,0,0,0,0,64,17
"MGYG000325519",0,16,0,0,12,0,0,17,19,0,53,0,15,0,0,0,15,0,0,0,50,15,0,0,0,10,18,0,41,0,0,0,0,22,0,19,0,0,0,0,33,0,0,0,0,0,21
"MGYG000325286",0,16,0,0,0,0,0,33,15,0,30,0,25,15,0,0,0,0,13,0,30,0,0,0,0,0,14,0,23,0,0,0,0,14,0,10,0,0,15,0,15,0,0,0,0,10,13
"CAG-95 sp000403495",0,17,0,0,21,29,0,17,51,0,85,0,37,0,0,0,23,0,19,0,38,0,13,0,12,0,66,0,46,0,0,0,0,10,0,16,0,0,0,0,0,11,0,12,0,20,0
"CAG-95 sp014804245",0,12,0,0,23,0,0,17,15,0,29,0,0,12,0,0,0,0,0,0,21,13,0,0,0,0,0,0,21,0,0,0,0,20,0,17,0,0,0,0,37,0,0,0,0,0,24
"MGYG000324752",0,11,0,0,0,0,0,0,0,0,19,0,0,0,0,0,0,0,0,0,15,0,0,0,0,0,0,0,12,0,0,0,0,0,0,0,0,0,0,0,0,0,0,0,0,0,0
"MGYG000330445",0,265,220,0,0,479,0,0,21,27,11,131,15,0,0,54,0,66,0,0,321,29,0,0,0,0,0,0,315,14,0,0,0,0,267,50,0,0,0,0,0,0,0,0,0,0,0
"COE1 sp014239155",0,38,0,0,15,17,0,15,18,0,20,0,0,27,0,0,11,0,0,0,128,0,0,0,0,12,0,0,76,0,0,14,0,0,0,21,0,0,14,0,19,0,0,31,0,13,0
"MGYG000325661",0,26,0,0,32,11,10,51,47,0,101,0,62,30,0,0,21,0,50,0,47,25,16,0,18,30,43,0,47,14,15,0,0,36,10,41,0,0,41,0,46,10,0,0,0,54,30
"COE1 sp011959805",0,27,0,0,14,12,0,10,65,0,42,0,0,0,0,0,19,0,0,0,50,0,0,0,0,0,0,0,53,0,0,0,0,0,0,14,0,0,0,0,0,0,0,26,0,0,0
"COE1 sp009774245",0,18,0,0,10,16,0,0,12,0,31,0,21,0,0,0,0,0,19,0,14,0,0,0,0,0,17,0,18,0,0,0,0,19,0,0,0,0,13,0,10,0,0,0,0,0,0
"MGYG000325434",0,17,0,0,24,0,0,11,21,0,28,0,0,0,0,0,13,0,0,0,20,20,0,0,19,0,0,0,25,14,0,0,0,34,0,41,0,0,0,0,88,0,0,32,0,0,36
"COE1 sp910577115",0,16,56,0,0,103,0,28,28,11,50,14,30,0,0,11,20,499,15,0,22,24,0,0,0,17,23,0,50,0,0,0,0,0,125,23,0,0,0,0,0,0,0,0,0,10,11
"COE1 sp000403215",0,15,56,0,15,2400,0,36,35,44,69,0,37,16,0,131,24,38,25,0,45,28,0,0,0,0,62,0,37,0,0,0,0,0,241,17,0,0,0,60,0,0,13,0,0,0,0
"COE1 sp910588595",0,14,0,0,0,16,0,44,21,0,17,0,11,16,0,0,0,0,0,0,27,0,0,0,0,10,0,0,21,0,0,0,0,0,0,0,0,0,0,0,0,0,0,0,0,0,0
"COE1 sp910586095",0,13,0,0,0,0,0,0,0,0,13,0,0,0,0,0,0,0,0,0,14,0,0,0,0,0,0,0,12,0,0,0,0,0,0,0,0,0,0,0,0,0,0,0,0,0,0
"MGYG000325380",0,12,16,0,15,40,0,50,31,0,57,0,14,17,0,0,19,0,0,0,43,0,0,0,0,17,14,0,55,0,0,0,0,11,12,0,0,0,0,0,0,0,0,0,0,12,0
"MGYG000328561",0,11,0,0,24,0,0,11,40,0,60,12,37,0,0,0,32,0,11,0,24,12,12,0,0,0,31,0,14,10,0,0,0,15,0,20,0,0,0,0,0,0,0,0,0,12,0
"COE1 sp910578795",0,10,0,0,10,0,0,0,0,0,26,0,24,0,0,0,10,0,0,0,15,0,11,0,0,0,0,0,12,0,0,0,0,0,0,13,0,0,0,0,0,0,0,0,0,0,0
"COE1 sp003513705",0,11,0,0,24,0,0,27,61,0,116,0,18,15,0,0,29,0,21,0,30,0,0,0,0,12,35,0,39,11,0,0,0,16,0,17,0,0,0,0,11,0,0,0,0,15,14
"Eubacterium_F sp910577295",0,49,0,0,0,0,0,39,11,0,37,0,0,11,0,0,0,0,0,0,15,0,0,0,0,0,11,0,15,0,0,0,0,0,0,0,0,0,18,0,0,0,0,0,0,23,0
"Eubacterium_F sp910584065",0,22,0,0,0,13,0,11,12,0,32,0,21,0,0,0,0,0,14,0,29,0,0,0,0,0,0,0,27,0,0,10,0,16,0,20,0,0,24,0,30,0,0,25,0,17,0
"Eubacterium_F sp910584245",0,16,0,0,811,0,0,13,3119,0,3872,20,11,0,69,0,548,0,0,0,11310,56,0,10,0,0,11,0,8285,186,0,0,39,0,0,11,0,0,0,0,0,0,0,0,0,11,0
"Eubacterium_F sp910589665",0,14,0,0,0,0,0,0,0,0,22,0,0,0,0,0,0,0,0,0,12,0,0,0,0,0,13,0,14,0,0,0,0,0,0,0,0,0,0,0,0,0,0,0,0,0,0
"Eubacterium_F sp910584645",0,11,0,0,18,20,0,30,12,0,37,0,13,12,0,0,0,0,0,0,33,17,0,0,0,0,14,0,24,0,0,0,0,0,0,0,0,0,0,0,0,0,0,0,0,14,0
"MGYG000327551",0,37,40,0,11,17,0,35,32,0,25,28,18,144,0,0,17,0,15,0,22,0,0,0,0,36,29,0,37,0,0,0,0,0,28,0,0,0,0,0,15,0,0,0,0,26,26
"VSOB01 sp910585345",0,30,12,0,0,15,0,90,18,0,30,0,12,24,0,0,10,0,0,0,96,0,0,0,0,15,13,0,49,0,0,0,0,12,0,13,0,0,13,0,12,0,0,0,0,17,18
"VSOB01 sp910589075",0,29,0,0,0,17,0,0,13,0,17,0,12,15,0,0,0,0,0,0,24,0,0,0,0,20,0,0,21,0,0,0,0,0,0,0,0,0,0,0,13,0,0,14,0,0,0
"Merdisoma sp910586955",0,14,0,0,0,0,0,0,0,0,0,0,0,0,0,0,0,0,0,0,0,0,0,0,0,0,0,0,0,0,0,0,0,0,0,0,0,0,0,0,0,0,0,0,0,0,0
"Merdisoma sp910587955",0,13,0,0,0,0,0,15,27,0,18,0,10,0,0,0,0,0,0,0,24,0,0,0,0,11,0,0,15,0,0,0,0,0,0,0,0,0,0,0,0,0,0,26,0,0,0
"MGYG000331110",0,38,0,0,0,0,0,18,0,0,20,0,20,10,0,0,0,0,0,0,43,0,0,0,0,0,0,0,21,0,0,0,0,12,0,17,0,0,12,0,11,0,0,0,0,0,0
"Eubacterium_J plexicaudatum",0,31,0,0,0,0,0,23,11,0,14,0,0,19,0,0,0,0,0,0,32,0,0,0,0,22,0,0,23,0,0,0,0,10,0,12,0,0,0,0,12,0,0,17,0,0,0
"Eubacterium_J sp910586445",0,27,0,0,31,0,0,23,30,0,58,0,15,24,0,0,0,0,0,0,65,0,0,0,0,20,0,0,67,0,0,0,0,19,0,0,0,0,0,0,0,0,0,0,0,17,13
"Eubacterium_J sp910577225",0,23,0,0,0,0,0,54,18,0,28,0,16,16,0,0,0,0,0,0,75,0,0,0,0,17,10,0,47,0,0,0,0,16,0,21,0,0,10,0,20,0,0,0,0,11,0
"Eubacterium_J sp009774535",0,23,0,0,0,0,0,46,0,0,0,0,0,29,0,0,0,0,0,0,24,0,0,0,0,10,0,0,22,0,0,0,0,0,0,0,0,0,11,0,0,0,0,0,0,0,0
"Eubacterium_J sp910586225",0,20,0,0,10,0,0,0,0,0,25,0,18,0,0,0,0,0,0,0,35,0,0,0,12,10,12,0,17,0,0,0,0,21,0,0,0,0,0,0,0,0,0,0,0,0,0
"Eubacterium_J sp910584345",0,19,0,0,0,0,0,17,11,0,34,0,12,12,0,0,0,0,0,0,22,0,0,0,0,0,0,0,17,0,0,0,0,0,0,0,0,0,18,0,0,0,0,17,0,20,0
"MGYG000327547",0,17,0,0,24,0,0,24,15,0,64,0,0,0,0,0,12,0,0,0,34,15,0,0,0,0,0,0,22,10,0,0,0,11,0,25,0,0,0,0,81,0,0,13,0,12,55
"MGYG000325711",0,15,0,0,0,0,0,0,14,0,21,0,17,0,0,0,13,0,0,0,26,0,0,0,11,0,14,0,16,0,0,0,0,19,0,14,0,0,0,0,36,0,0,0,0,0,13
"MGYG000324920",0,11,0,0,12,0,0,14,14,0,21,0,0,0,0,0,0,0,10,0,14,0,0,0,0,0,18,0,15,0,0,0,0,0,0,0,0,0,0,0,0,0,0,0,0,0,0
"Eubacterium_J sp910586045",0,11,0,0,0,0,0,20,12,0,16,0,0,0,0,0,0,0,0,0,26,0,0,0,0,0,0,0,16,0,0,0,0,10,0,0,0,0,0,0,0,0,0,0,0,0,12
"MGYG000331263",0,35,0,0,0,12,0,17,24,0,19,0,0,22,0,0,0,0,0,0,60,31,12,0,11,18,20,0,49,0,0,39,0,45,0,13,0,0,15,0,21,0,0,101,0,0,0
"Kineothrix sp910579645",0,33,12,0,21,45,0,673,45,0,48,0,17,292,0,0,13,0,17,0,86,0,0,0,10,240,65,0,72,0,50,0,0,16,0,16,0,0,84,0,31,21,0,0,0,74,39
"Kineothrix sp023399455",0,29,0,0,18,0,0,1694,14,0,42,0,10,24,0,0,0,0,10,36,166,0,0,0,0,13,0,93,107,0,0,0,0,11,0,0,0,0,0,0,17,0,0,0,0,0,13
"Kineothrix sp910578405",0,18,0,0,11,0,0,32,12,0,21,0,11,0,0,0,0,0,0,0,39,0,0,0,13,0,0,0,34,0,0,0,0,10,0,10,0,0,0,0,0,0,0,0,0,0,0
"MGBC164599 sp910584115",0,10,0,0,0,0,0,16,0,0,20,0,0,0,0,0,0,0,0,0,26,0,0,0,0,0,0,0,17,0,0,0,0,0,0,0,0,0,0,0,21,0,0,0,0,0,0
"MGYG000330773",0,10,0,0,0,0,0,0,14,0,21,0,0,0,0,0,10,0,0,0,42,0,0,0,0,0,0,0,45,0,0,0,0,0,0,0,0,0,11,0,13,0,0,0,0,0,0
"MGYG000323038",0,32,0,0,0,0,0,44,0,0,12,0,0,20,0,0,0,0,0,0,38,0,0,0,0,20,0,0,19,0,0,15,0,0,0,0,0,0,0,0,0,0,0,51,0,13,0
"Caccovicinus sp910589195",0,18,0,0,14,0,0,10,13,0,22,0,16,40,0,0,0,0,0,0,31,0,0,0,0,29,0,0,22,0,0,0,0,15,0,24,0,0,0,0,21,0,0,0,0,0,14
"Copromonas sp910585355",0,16,0,0,12,0,0,19,26,0,29,0,11,15,0,0,0,0,16,0,52,0,0,0,0,0,18,0,43,0,0,0,0,0,0,19,0,0,0,0,15,0,0,0,0,0,12
"MGYG000329350",0,13,0,0,0,16,0,0,0,0,0,0,0,0,0,0,0,0,0,0,14,13,0,0,0,0,0,0,17,0,0,0,0,11,0,22,0,0,0,0,0,0,0,0,0,0,0
"Copromonas sp900066535",0,10,0,0,0,0,0,0,0,0,0,0,0,16,0,0,0,0,0,0,0,0,0,0,0,0,0,0,0,0,0,12,0,0,0,0,0,0,0,0,0,0,0,58,0,0,0
"MGYG000346909",0,319,13,0,114,66,0,34,210,0,128,17,154,239,12,0,53,11,104,0,743,11,22,13,50,177,24,0,548,31,67,351,0,64,52,72,16,29,171,0,32,61,0,1021,0,168,0
"Eisenbergiella porci",0,39,0,0,0,0,0,13,12,0,0,0,0,12,0,0,0,0,12,0,0,0,0,0,0,0,0,0,12,0,0,35,0,0,0,0,0,0,0,0,10,0,0,126,0,0,0
"MGYG000379181",0,24,0,0,0,39,0,12,12,0,22,0,13,22,0,0,0,0,0,0,28,16,0,0,0,0,0,0,36,0,0,14,0,10,0,19,0,0,10,0,0,0,0,33,0,19,0
"CAG-510 sp910578335",0,59,0,0,17,0,0,88,45,0,24,0,16,67,0,0,0,0,0,0,73,11,0,0,0,46,0,0,68,0,12,51,0,13,0,0,0,0,15,0,0,0,0,159,0,14,11
"CAG-510 sp910577015",0,28,0,0,37,0,0,24,201,0,75,0,13,0,10,0,57,0,15,0,106,0,0,0,0,0,19,0,84,0,0,0,0,0,0,30,0,0,0,0,11,0,0,0,0,0,0
"MGYG000325414",0,28,0,0,12,15,0,0,14,0,35,0,0,10,0,10,0,0,0,0,38,33,0,0,0,0,11,0,39,0,0,0,12,38,0,47,0,0,0,0,39,0,0,0,0,0,0
"MGYG000328974",0,15,0,0,25,0,0,0,53,0,98,0,10,0,0,0,31,0,0,0,67,0,0,0,0,0,0,0,153,0,0,0,0,0,0,0,0,0,0,0,0,0,0,0,0,0,0
"MGYG000329478",0,59,0,0,20,0,0,56,19,0,30,0,12,37,0,0,0,0,0,0,65,0,0,0,10,12,0,0,33,0,0,29,0,32,0,24,0,0,0,0,19,0,0,49,0,0,14
"SIG307 sp910577175",0,12,0,0,12,0,0,10,0,0,14,0,0,0,0,0,0,0,0,0,12,0,0,0,0,0,0,0,13,0,0,0,0,0,0,0,0,0,0,0,21,0,0,0,0,0,12
"Clostridium_Q symbiosum",0,47,0,0,0,0,0,0,0,0,12,0,0,0,0,0,0,0,0,0,17,0,0,0,0,0,0,0,21,0,0,0,0,0,0,14,0,0,0,0,0,0,0,0,0,0,0
"Clostridium_Q sp009911305",0,25,0,0,13,0,0,12,0,0,11,0,0,22,0,0,0,0,0,0,26,0,0,0,0,58,0,0,0,0,0,18,0,0,0,0,0,0,0,0,11,0,0,63,0,0,0
"Enterocloster bolteae",0,11,0,0,0,0,0,0,12,0,0,0,0,12,0,0,0,0,0,0,16,0,0,0,0,0,0,0,13,0,0,11,0,0,0,11,0,0,0,0,0,0,0,21,0,0,0
"MGYG000330164",0,105,0,0,0,0,0,11,0,0,20,0,0,0,0,0,0,0,0,0,27,0,0,0,0,0,0,0,0,0,0,0,0,0,0,0,0,0,0,0,0,0,0,0,0,0,0
"MGYG000325314",0,12,0,0,0,0,0,0,0,0,0,0,0,0,0,0,0,0,0,0,0,0,0,0,0,0,0,0,0,0,0,0,0,0,0,0,0,0,0,0,0,0,0,0,0,0,0
"MGYG000323607",0,30,0,0,0,0,0,15,22,0,22,0,14,15,0,0,17,0,0,0,191,0,0,0,0,11,0,0,96,0,0,0,0,14,0,10,0,0,0,0,0,0,0,0,0,0,12
"RGIG4057 sp910577675",0,22,0,0,11,0,0,59,12,0,22,0,10,25,0,0,0,0,0,0,21,0,0,0,0,27,0,0,18,0,0,0,0,0,0,0,0,0,10,0,0,0,0,18,0,0,0
"RGIG8607 sp910588535",0,38,0,0,0,0,0,11,13,0,16,0,0,11,0,0,0,0,0,0,25,0,0,0,0,0,10,0,19,0,0,0,0,0,0,38,0,0,0,0,10,0,0,0,0,0,0
"MGYG000325404",0,15,0,0,0,0,0,0,0,0,0,0,0,0,0,0,0,0,0,0,0,0,0,0,0,0,0,0,0,0,0,0,0,0,0,0,0,0,0,0,19,0,0,0,0,0,0
"MGBC131033 sp910585655",0,69,0,0,0,0,0,18,15,0,11,0,0,80,0,0,0,0,0,0,18,0,0,0,0,67,0,0,14,0,0,0,0,0,0,0,0,0,13,0,0,0,0,0,0,0,0
"MGYG000409986",0,30,0,0,0,0,0,11,0,0,0,0,0,13,0,0,0,13,0,0,0,0,0,0,0,0,0,0,0,0,0,381,0,0,0,0,0,0,0,0,0,0,28,986,0,0,0
"MGYG000323124",0,75,0,0,16,0,0,13,11,0,29,0,31,0,0,0,0,0,35,0,32,0,12,0,10,0,13,0,29,0,0,0,0,16,0,42,0,0,0,0,35,0,0,19,0,0,0
"MGYG000327294",0,46,0,0,26,0,0,0,80,0,122,0,0,0,0,0,24,0,0,0,557,0,0,0,0,10,0,0,448,23,0,0,0,0,0,0,0,0,0,0,0,0,0,0,0,0,0
"RUG115 sp910578885",0,16,0,0,0,0,0,0,11,0,34,0,0,11,0,0,0,0,0,0,35,0,0,0,0,0,0,0,21,0,0,0,0,0,0,18,0,0,0,0,23,0,0,0,0,0,26
"MGYG000328329",0,11,0,0,0,0,0,0,0,0,0,0,0,0,0,0,0,0,0,0,25,0,0,0,0,0,0,0,30,0,0,0,0,0,0,0,0,0,0,0,0,0,0,25,0,0,0
"MGYG000410396",0,73,0,0,0,0,0,0,0,0,16,0,0,0,0,0,0,0,0,0,30,0,0,0,0,0,0,0,15,0,0,0,0,0,0,0,0,0,0,0,11,0,0,0,0,13,0
"RGIG7193 sp910586125",0,26,0,0,0,0,0,24,0,0,10,0,0,0,0,0,0,0,0,0,24,0,0,0,0,0,0,0,0,0,0,0,0,0,0,0,0,0,0,0,0,0,0,0,0,0,0
"MGYG000325636",0,13,0,0,0,0,0,0,0,0,10,0,0,0,0,0,0,0,0,0,0,0,0,0,0,0,0,0,11,0,0,0,0,0,0,0,0,0,0,0,0,0,0,15,0,0,0
"Agathobacter sp910587655",0,17,0,0,12,0,0,11,18,0,34,0,13,0,0,0,11,0,0,0,58,0,0,0,0,0,19,0,34,0,0,0,0,16,0,0,0,0,0,0,0,0,0,0,0,0,0
"MGYG000410161",0,15,0,0,0,0,0,0,0,0,19,0,27,0,0,0,0,0,16,0,30,0,0,0,0,0,0,0,20,0,0,0,0,0,0,0,0,0,0,0,0,0,0,0,0,0,0
"MGYG000327199",0,25,0,0,16,0,0,19,20,0,26,0,10,12,0,0,0,0,11,0,33,0,0,0,0,0,12,0,36,0,0,0,0,15,0,47,0,0,0,0,46,0,0,0,0,0,15
"RGIG3040 sp910585715",0,14,0,0,10,0,0,0,0,0,21,0,0,10,0,0,0,0,0,0,25,0,0,0,0,0,13,0,15,0,0,0,0,13,0,21,0,0,0,0,20,0,0,0,0,0,15
"Butyrivibrio_A sp000431815",0,28,0,0,18,0,0,0,21,0,19,0,0,22,0,0,0,0,0,0,24,0,0,0,0,24,0,0,32,0,0,37,0,18,0,0,0,0,15,0,0,0,0,115,0,0,0
"Butyrivibrio_A sp910577605",0,15,0,0,0,0,0,0,0,0,0,0,0,0,0,0,0,0,0,0,13,0,0,0,0,0,0,0,0,0,0,0,0,0,0,0,0,0,0,0,0,0,0,0,0,0,0
"MGYG000325389",0,36,19,0,11,0,0,31,22,0,28,0,17,33,0,0,11,0,13,0,17,0,0,0,0,0,0,0,21,14,0,0,0,0,24,21,0,0,0,0,11,0,0,13,0,18,0
"MGBC114844 sp910579865",0,21,0,0,0,0,0,0,0,0,0,0,12,0,0,0,0,0,0,0,0,0,0,0,0,0,0,0,0,0,0,0,0,0,0,0,0,0,0,0,0,0,0,0,0,0,0
"CAG-303 sp910577835",0,12,0,0,28,12,0,18,45,0,55,0,31,29,0,0,13,33,40,0,178,21,0,0,0,12,0,0,181,11,0,0,0,21,0,31,0,0,13,0,54,0,0,15,0,10,21
"CAG-303 sp910584685",0,11,0,0,11,0,0,0,0,0,20,0,0,0,0,0,0,0,0,0,13,13,0,0,0,0,0,0,21,0,0,0,0,0,0,18,0,0,0,0,32,0,0,0,0,0,0
"MGYG000327534",0,30,0,0,0,0,0,13,11,0,22,0,20,0,0,0,0,0,14,0,41,0,0,0,0,0,0,0,30,0,0,0,0,23,0,13,0,0,0,0,22,0,0,0,0,0,14
"An181 sp910585545",0,30,0,0,11,0,0,0,16,0,22,0,0,24,0,0,0,0,0,0,30,0,0,0,0,17,0,0,21,0,0,18,0,0,0,0,0,0,0,0,0,0,0,44,0,0,0
"RGIG3002 sp910579805",0,12,0,0,0,0,0,13,16,0,35,0,21,0,0,0,12,0,13,0,52,0,0,0,13,0,18,0,35,0,0,0,0,13,0,15,0,0,0,0,15,0,0,0,0,0,0
"MGYG000323516",0,30,18,0,24,14,0,16,23,0,62,0,22,10,0,0,0,0,16,0,70,12,0,0,11,0,0,0,49,0,10,40,0,23,14,39,0,0,13,0,56,0,0,96,0,14,22
"MGBC120314 sp910584325",0,28,0,0,0,0,0,17,11,0,13,0,0,28,0,0,11,0,0,0,50,0,0,0,0,11,0,0,39,0,0,0,0,0,0,0,0,0,0,0,0,0,0,0,0,0,0
"MGYG000328392",0,16,0,0,0,0,0,0,0,0,0,0,0,0,0,0,0,0,0,0,0,0,0,0,0,0,0,0,15,0,0,0,0,0,0,0,0,0,0,0,0,0,0,0,0,0,11
"CAG-632 sp910587045",0,12,0,0,0,0,0,0,0,0,16,0,0,0,0,0,0,0,0,0,13,0,0,0,0,0,0,0,0,0,0,0,0,0,0,0,0,0,0,0,21,0,0,20,0,0,12
"MGBC136627 sp910585935",0,13,0,0,0,0,0,0,15,0,14,0,12,0,0,0,0,0,12,0,24,0,0,0,0,0,0,0,24,0,0,0,0,0,0,0,0,0,0,0,0,0,0,0,0,0,0
"MGBC165282 sp910589265",0,18,0,0,0,19,0,0,0,0,0,0,0,16,0,0,0,0,0,0,0,0,0,0,0,0,0,0,10,0,0,0,0,0,0,0,0,0,0,0,0,0,0,20,15,0,0
"Mediterraneibacter_A sp022790755",0,16,30,0,0,58,0,14,0,0,0,44,10,13,0,13,0,0,0,0,11,108,0,17,0,0,0,0,0,98,0,0,37,0,118,0,0,0,0,17,0,0,0,0,28,0,0
"Hungatella effluvii",0,16,0,0,0,0,0,0,0,0,0,0,0,10,0,0,0,0,0,0,13,0,0,0,0,12,0,0,12,0,0,0,0,12,0,0,0,0,0,0,0,0,0,11,0,11,0
"Mobilitalea sp023395555",0,15,0,0,0,11,0,10,0,0,0,0,0,25,0,0,0,0,0,0,15,0,0,0,0,0,0,0,0,0,0,12,0,0,0,0,0,0,0,0,0,0,0,15,0,0,0
"Fusicatenibacter saccharivorans",0,14,0,0,0,0,0,0,0,0,0,0,0,12,0,0,0,0,0,0,15,0,0,0,0,0,0,0,14,0,0,0,0,0,0,0,0,0,0,0,0,0,0,23,0,0,0
"CAG-411 sp014799595",0,13,0,0,11,0,0,15,13,0,15,0,0,12,0,0,0,0,0,0,28,0,0,0,0,0,0,0,21,0,0,0,0,0,0,0,0,0,0,0,10,0,0,0,0,0,0
"MGYG000323744",0,13,0,0,0,0,0,14,16,0,16,0,13,0,0,0,0,0,0,0,44,0,0,0,0,0,0,0,21,0,0,0,0,10,0,16,0,0,0,0,0,0,0,0,0,0,11
"MGBC143606 sp910587935",0,13,0,0,0,0,0,0,0,0,12,0,0,13,0,0,0,0,0,0,10,0,0,0,0,13,0,0,0,0,0,0,0,0,0,0,0,0,0,0,0,0,0,0,0,0,0
"C-53 sp003612525",0,13,0,0,0,0,0,0,0,0,0,0,0,0,0,0,0,0,0,0,0,0,0,0,0,0,0,0,0,0,0,0,0,10,0,0,0,0,0,0,0,0,0,10,0,0,0
"Ruminococcus_B gnavus",0,13,0,0,0,0,0,0,0,0,44,0,16,0,0,0,0,0,10,0,31,0,0,0,0,0,13,0,21,0,0,0,0,13,0,0,0,0,0,0,0,0,0,0,0,0,10
"Frisingicoccus caecimuris",0,12,0,0,0,0,0,0,0,0,0,0,14,0,0,0,0,0,0,0,0,0,0,0,0,0,0,0,19,0,0,17,0,12,0,17,0,0,0,0,0,0,0,27,0,0,0
"MGYG000326088",0,14,0,0,0,0,0,0,0,0,0,0,0,0,0,0,0,0,0,0,0,0,0,0,0,0,0,0,0,0,0,0,0,0,0,0,0,0,0,0,0,0,0,14,0,0,0
"Lawsonibacter sp900066645",0,16,0,0,0,0,0,0,0,0,0,0,0,0,0,0,0,0,0,0,23,0,0,0,0,0,0,0,16,0,0,0,0,0,0,21,0,0,0,0,0,0,0,11,0,0,0
"MGYG000327494",0,15,0,0,0,0,0,12,14,0,0,0,0,0,0,0,0,0,0,0,50,0,0,0,0,0,10,0,18,0,0,0,0,0,0,20,0,0,0,0,0,0,0,0,0,0,0
"MGYG000325423",0,22,0,0,0,0,0,0,0,0,0,0,11,0,0,0,0,0,0,0,35,0,0,0,0,12,0,0,28,0,0,0,0,0,0,19,0,0,11,0,0,0,0,0,0,0,0
"Dysosmobacter sp022797935",0,68,0,0,34,0,0,43,57,0,38,0,34,34,0,0,14,0,16,0,188,18,0,0,0,19,15,0,135,0,0,0,0,0,10,43,10,26,19,0,0,11,18,24,0,16,29
"MGYG000327261",0,25,0,0,0,0,0,21,0,0,0,0,0,0,0,0,0,0,0,0,26,0,0,0,0,12,0,0,11,0,0,0,0,0,0,0,0,0,0,0,0,0,0,0,0,0,0
"Dysosmobacter sp910588005",0,31,349,0,18,1043,0,23,30,85,43,44,29,0,0,183,16,93,0,0,75,63,0,15,0,11,18,0,56,0,0,0,12,0,163,26,0,0,0,0,0,14,0,0,0,13,18
"Dysosmobacter sp001916835",0,19,0,0,0,0,0,15,24,0,0,0,11,14,0,0,0,0,12,0,23,0,0,0,0,11,0,0,12,0,0,17,0,0,0,0,0,0,0,0,0,0,0,112,0,0,0
"Dysosmobacter sp910585165",0,18,0,0,0,0,0,29,24,0,16,0,15,12,0,0,0,0,0,0,62,0,0,0,0,14,0,0,43,0,0,0,0,13,0,40,0,0,0,0,0,0,0,0,0,12,16
"MGYG000329398",0,15,0,0,15,0,0,14,34,0,29,0,14,0,0,0,0,0,0,0,58,0,0,0,0,0,10,0,48,0,0,0,0,0,0,27,0,0,0,0,0,0,0,0,0,0,13
"MGYG000322989",0,13,0,0,28,0,0,16,61,0,63,0,23,0,0,0,14,0,10,0,75,0,0,0,0,0,11,0,55,0,0,0,0,0,0,42,0,0,0,0,0,0,0,0,0,11,18
"MGYG000323872",0,64,21,0,13,15,0,26,0,0,18,0,20,0,0,0,0,0,0,0,50,0,0,0,0,16,0,0,46,0,0,0,0,0,0,20,0,0,21,0,0,12,0,0,0,11,0
"Pelethomonas sp022797115",0,43,13,0,21,0,0,15,26,0,20,0,29,0,0,11,13,0,0,0,115,0,0,0,0,12,22,0,83,0,0,0,0,10,0,39,0,0,0,0,0,0,0,0,0,0,23
"Pelethomonas sp910584045",0,44,22,0,42,28,0,31,52,0,59,0,65,11,0,0,0,11,11,0,270,0,0,0,19,14,79,0,154,0,0,0,0,35,0,59,0,0,0,0,11,0,14,0,0,14,22
"MGYG000325682",0,30,0,0,30,14,0,26,20,0,0,0,16,0,0,0,0,0,0,0,81,0,0,0,0,0,17,0,43,0,0,0,0,0,0,16,0,0,0,0,0,0,0,0,0,12,17
"MGYG000329870",0,29,0,0,22,11,0,21,32,0,19,0,25,22,0,0,0,0,0,0,123,0,0,0,0,18,21,0,65,0,0,0,0,14,0,54,0,0,12,0,0,0,0,0,0,0,10
"MGYG000409933",0,22,11,0,18,14,0,12,31,0,16,0,13,12,0,0,0,0,10,0,52,0,0,0,0,13,0,0,48,0,0,0,0,15,0,22,0,0,0,0,12,0,0,0,0,0,0
"MGYG000325610",0,19,0,0,10,0,0,0,22,0,13,0,11,0,0,0,0,0,0,0,35,0,0,0,0,0,0,0,29,0,0,0,0,12,0,15,0,0,0,0,0,0,0,0,0,0,14
"Faecousia sp900544705",0,45,0,0,0,0,0,0,13,0,0,0,0,13,0,0,0,0,0,0,12,0,0,0,0,0,0,0,12,0,0,32,0,0,0,0,0,0,0,0,0,0,0,84,0,0,0
"MGYG000327369",0,22,0,0,0,0,0,22,19,0,0,0,18,0,0,0,0,0,10,0,54,0,0,0,0,0,0,0,26,0,0,0,0,12,0,24,0,0,21,0,0,10,0,0,0,0,17
"MGYG000327333",0,44,0,0,10,23,0,15,23,0,20,0,19,100,0,0,0,0,13,0,145,0,0,0,0,106,13,0,84,0,10,0,0,0,0,40,0,0,30,0,10,0,0,12,0,26,12
"Marseille-P3106 sp905219705",0,12,0,0,15,0,0,0,20,0,0,0,18,0,0,0,16,0,0,0,73,0,0,0,0,0,0,0,43,0,0,0,0,0,0,35,0,0,0,0,0,0,0,19,0,0,0
"Marseille-P3106 sp910577415",0,10,0,0,0,0,0,0,0,0,0,0,0,0,0,0,0,0,0,0,19,0,0,0,0,0,0,0,14,0,0,14,0,0,0,0,0,0,0,0,0,0,0,49,0,0,0
"MGYG000329177",0,10,0,0,10,19,0,0,14,0,0,0,27,12,0,0,0,0,11,0,50,0,0,0,10,0,0,0,62,30,0,0,0,10,0,30,0,0,0,0,0,0,0,31,0,0,0
"HGM13010 sp022800755",0,29,0,0,0,49,0,0,11,0,13,0,11,0,0,0,0,0,0,0,72,29,0,0,0,0,0,0,41,11,0,0,0,0,12,19,0,0,0,0,0,0,0,0,0,0,0
"Flavonifractor plautii",0,40,0,0,11,16,0,12,13,0,0,0,18,15,0,0,0,0,0,0,51,0,0,0,0,11,0,0,31,0,0,113,0,13,0,20,0,0,0,0,15,0,0,371,0,0,0
"Intestinimonas butyriciproducens",0,30,0,0,0,0,0,0,16,0,0,0,11,0,0,0,0,0,0,0,29,0,0,0,0,0,0,0,29,0,0,0,0,0,0,26,0,0,0,0,0,0,0,0,0,0,0
"MGBC124762 sp910579775",0,16,0,0,0,0,0,0,14,0,0,0,0,0,0,0,0,0,0,0,13,0,0,0,0,0,0,0,14,0,0,15,0,0,0,0,0,0,0,0,0,0,0,36,0,0,0
"MGYG000329700",0,11,0,0,19,11,0,0,16,0,22,0,17,0,0,0,0,0,0,0,66,11,0,0,0,19,0,0,47,0,0,0,0,13,0,45,0,0,0,0,14,0,0,0,0,14,0
"MGYG000323009",0,83,0,0,20,12,0,13,33,0,73,0,31,64,0,0,12,0,20,0,195,13,15,0,0,59,14,0,86,11,0,0,0,15,0,28,0,0,23,0,10,11,0,0,0,19,0
"MGYG000326780",0,18,0,0,12,0,0,0,32,0,11,0,0,0,0,0,0,0,0,0,33,0,0,0,0,23,0,0,36,0,0,0,0,12,0,24,0,0,0,0,0,0,0,0,0,0,0
"MGYG000329402",0,17,0,0,0,0,0,10,27,0,11,0,16,15,0,0,0,0,0,0,36,0,0,0,15,13,0,0,39,0,0,0,0,16,0,10,0,0,0,0,11,0,0,0,0,0,0
"MGYG000411571",0,938,0,0,20,0,0,0,128,0,47,0,0,0,0,0,37,0,0,0,128,0,0,0,0,0,0,0,94,0,0,12494,0,0,0,0,0,22,0,0,0,0,254,34207,0,0,0
"MGYG000356933",0,43,0,0,0,28,0,0,26,0,0,0,0,0,12,0,11,0,0,0,23,46,11,0,0,0,22,0,37,0,0,0,0,20,12,47,0,0,0,0,18,0,0,26,0,0,0
"MGYG000376485",0,16,0,0,0,0,0,18,0,0,11,0,14,0,0,0,11,0,0,0,0,0,0,0,0,0,0,0,0,0,0,0,0,0,0,0,0,0,0,44,0,0,0,12,58,0,10
"Fimivicinus sp900544375",0,14,34,0,11,0,0,25,27,0,13,24,0,139,0,0,0,0,0,0,16,0,0,0,0,30,10,0,16,0,0,11,0,0,29,16,0,0,0,0,17,0,0,15,0,12,0
"Ruminococcus_E sp910585865",0,16,0,0,0,10,0,0,0,0,16,0,0,0,0,0,12,0,0,0,25,0,0,0,0,0,0,0,48,0,0,11,0,0,0,0,0,0,0,0,0,0,0,32,0,0,0
"UBA1417 sp900549945",0,14,0,0,0,0,0,0,0,0,0,0,0,0,0,0,0,0,0,0,0,0,0,0,0,0,0,0,0,0,0,0,0,0,0,0,0,0,0,0,0,0,0,20,0,0,0
"MGYG000360413",0,17,0,0,15,0,0,0,14,0,0,0,23,0,0,0,0,0,0,0,23,0,0,0,0,0,0,0,17,0,0,0,0,0,0,0,0,0,0,0,0,0,0,0,0,0,0
"Ruthenibacterium lactatiformans",0,10,0,0,12,0,0,0,0,0,0,0,18,0,0,0,0,0,0,0,13,0,0,0,0,0,0,0,11,0,0,0,0,0,0,12,0,0,0,0,0,0,0,0,0,0,0
"MGYG000410556",0,40,0,0,0,13,0,0,15,0,13,0,0,0,0,0,17,0,0,0,0,0,0,0,0,0,0,0,32,0,0,0,0,0,0,0,0,0,0,0,0,0,0,30,0,0,0
"UBA1394 sp900066845",0,32,0,0,0,0,0,0,0,0,0,0,0,0,0,0,0,0,0,0,0,0,0,0,0,0,0,0,11,0,0,0,0,0,0,0,0,0,0,0,0,0,0,18,0,0,0
"MGYG000410798",0,34,0,0,22,10,0,17,33,0,12,0,22,0,0,0,26,10,16,0,44,0,0,0,0,0,10,0,26,0,0,0,0,14,23,43,0,0,14,0,36,0,0,0,0,25,25
"MGYG000327515",0,11,0,0,0,0,0,0,0,0,0,0,0,0,0,0,0,0,0,0,0,0,0,0,0,0,0,0,0,0,0,27,0,0,0,0,0,0,0,0,0,0,0,47,0,10,0
"MGYG000325568",0,48,92,17,0,0,0,101,0,0,0,114,33,124,0,0,0,0,20,0,0,33,0,0,16,24,15,0,0,12,0,18,14,0,32,25,0,0,0,0,29,13,0,23,0,17,18
"MGYG000325411",0,14,0,0,0,10,0,0,0,0,0,0,0,10,0,0,0,0,0,0,0,0,0,0,0,0,0,0,0,0,0,0,0,0,0,0,0,0,0,0,0,0,0,20,0,0,0
"MGYG000328314",0,14,0,0,0,0,0,0,0,0,0,0,0,13,0,0,0,0,0,0,24,0,0,0,0,0,0,0,17,0,0,13,0,0,0,11,0,0,0,0,0,0,0,39,0,0,0
"UBA1405 sp910589145",0,11,0,0,0,0,0,0,0,0,12,0,0,0,0,0,0,0,0,0,18,0,0,0,0,0,0,0,20,0,0,0,0,0,0,0,0,0,0,0,0,0,0,0,0,0,0
"CAG-115 sp910587135",0,41,0,0,0,15,0,42,14,0,28,0,0,15,0,0,0,0,0,0,85,15,0,0,0,20,17,0,84,11,0,0,0,17,13,65,0,0,23,0,12,0,0,0,0,32,0
"CAG-115 sp910577365",0,21,0,0,0,0,0,0,11,0,0,0,0,0,0,0,0,0,0,0,11,0,0,0,0,0,0,0,0,0,0,0,0,0,11,18,0,0,11,0,0,0,0,0,0,0,0
"CAG-115 sp910587465",0,14,0,0,0,33,0,0,0,0,0,0,0,0,0,0,0,0,0,0,0,18,0,0,0,0,12,0,0,0,0,0,0,0,0,14,0,0,0,0,0,0,0,0,0,0,0
"Faecalibacterium sp900539945",0,25,0,0,0,0,0,0,0,0,0,0,12,15,0,0,0,0,0,0,0,0,0,0,0,0,0,0,0,0,0,13,0,0,0,0,0,0,0,0,0,0,0,70,0,0,0
"Faecalibacterium longum",0,20,0,0,0,0,0,12,15,0,0,0,0,19,0,0,0,0,0,0,0,0,0,0,0,12,0,0,0,0,0,31,0,0,0,0,0,0,0,0,0,0,0,83,0,0,0
"Faecalibacterium prausnitzii_F",0,12,0,0,0,0,0,0,0,0,0,0,0,0,0,0,0,0,0,0,0,0,0,0,0,0,0,0,0,0,0,0,0,0,0,0,0,0,0,0,0,0,0,31,0,0,0
"MGYG000325416",0,57,56,0,26,0,0,19,29,13,27,30,0,77,0,0,22,0,17,0,12,12,0,0,0,0,0,0,0,0,0,0,0,0,29,19,0,0,15,0,13,0,0,13,0,11,0
"UBA7177 sp910579545",0,23,0,0,17,0,0,0,18,0,0,0,32,0,0,0,0,0,13,0,48,0,0,0,11,0,0,0,44,0,0,0,0,0,0,31,0,0,0,0,0,0,0,0,0,0,0
"UBA7177 sp910578965",0,12,0,0,0,21,0,0,12,0,10,0,0,0,0,0,0,0,0,0,15,0,0,0,0,0,0,0,0,0,0,0,0,11,0,0,0,0,0,0,0,0,0,0,0,0,0
"Neobittarella massiliensis",0,24,0,0,10,0,0,10,10,0,0,0,11,15,0,0,0,0,0,0,0,0,0,0,0,12,0,0,0,0,0,47,0,0,0,0,0,0,0,0,0,0,0,106,0,0,0
"Gemmiger formicilis",0,16,0,0,0,20,0,0,0,0,0,0,14,29,0,0,0,0,0,0,10,0,0,0,0,0,0,0,14,0,0,23,0,0,0,12,0,0,13,0,17,0,0,30,0,15,0
"MGYG000328468",0,13,0,0,0,0,0,0,0,0,0,0,0,0,0,0,0,0,0,0,0,0,0,0,0,13,0,0,0,0,0,0,0,0,0,0,0,0,0,0,0,0,0,0,0,0,0
"UBA866 sp022791945",0,10,0,0,11,0,0,0,14,0,13,0,0,0,0,0,0,0,0,0,42,0,0,0,0,0,0,0,29,0,0,0,0,16,0,20,0,0,0,0,13,0,0,0,0,0,0
"UMGS1601 sp900545345",0,14,0,0,0,0,0,0,10,0,16,0,0,0,0,0,0,0,0,0,0,0,0,0,0,0,0,0,11,0,0,0,0,0,0,0,0,0,0,0,0,0,0,12,0,0,0
"MGYG000410783",0,49,0,0,0,0,0,0,13,0,0,0,0,0,0,0,0,0,0,0,0,0,0,0,10,0,0,0,15,0,0,0,0,0,0,0,0,0,0,0,0,0,0,0,0,0,0
"MGYG000330170",0,19,0,0,0,0,0,0,14,0,0,0,0,0,0,0,0,0,0,0,14,0,0,0,0,0,0,0,12,0,0,0,0,0,0,0,0,0,0,0,0,0,0,0,0,0,0
"MGYG000330888",0,17,0,0,0,0,0,0,0,0,0,0,0,0,0,0,0,0,0,0,21,0,0,0,0,0,0,0,14,0,0,0,0,0,0,0,0,0,0,0,0,0,0,10,0,0,0
"MGYG000329160",0,10,0,0,0,0,0,0,0,0,0,0,0,0,0,0,0,0,0,0,0,0,0,0,0,0,0,0,0,0,0,0,0,0,0,0,0,0,0,0,0,0,0,0,0,0,0
"QXXE01 sp910586105",0,10,0,0,0,0,0,0,12,0,0,0,0,0,0,0,0,0,0,0,22,0,0,0,0,0,0,0,17,0,0,0,0,0,0,13,0,0,0,0,0,0,0,0,0,0,0
"MGYG000330847",0,23,0,0,0,0,0,0,15,0,0,0,0,0,0,0,0,0,0,0,148,0,0,0,0,10,0,0,84,0,0,0,0,0,0,0,0,0,0,0,0,0,0,0,0,11,0
"MGYG000325472",0,22,0,0,0,0,0,0,0,0,0,0,0,0,0,0,0,0,0,0,0,0,0,0,0,0,0,0,0,0,0,0,0,0,0,0,0,0,0,0,0,0,0,0,0,0,0
"RACS-045 sp013316135",0,22,0,0,0,0,0,0,0,0,0,0,0,0,0,0,0,0,0,0,0,0,0,0,0,0,0,0,0,0,0,0,0,0,0,0,0,0,0,0,0,0,0,0,0,0,0
"MGBC161649 sp910587685",0,19,0,0,0,0,0,0,0,0,0,0,0,0,0,0,0,0,0,0,0,0,0,0,0,0,0,0,0,0,0,0,0,11,0,0,0,0,0,0,0,0,0,0,0,0,0
"Coproplasma sp910586035",0,52,0,0,0,0,0,499,17,0,12,10,0,818,0,0,0,0,0,0,0,0,0,0,0,152,0,0,28,0,0,0,0,0,0,45,0,0,0,0,0,0,0,0,0,0,0
"Coproplasma sp910579295",0,38,0,0,0,0,0,21,0,0,0,0,0,17,0,0,0,0,0,0,0,0,0,0,0,0,0,0,0,0,0,16,0,0,0,0,0,0,0,0,0,0,0,56,0,0,0
"Coproplasma sp910587825",0,32,0,0,0,56,0,0,0,0,0,0,0,0,0,0,0,0,0,0,0,0,0,0,0,0,0,0,0,0,0,0,0,0,33,17,0,0,0,0,0,0,0,0,0,0,0
"Coproplasma sp910585705",0,24,0,0,18,27,0,0,19,0,0,0,11,0,0,0,11,0,0,0,32,42,0,0,0,0,13,0,31,0,0,32,0,17,12,38,0,0,0,0,18,0,0,32,0,0,0
"Coproplasma sp910576655",0,21,0,0,23,0,0,0,36,0,0,0,0,0,0,0,13,0,0,0,0,0,0,0,0,0,0,0,0,0,0,0,0,0,0,11,0,0,0,0,0,0,0,0,0,13,0
"MGYG000410549",0,20,0,0,0,0,0,0,0,0,14,0,0,17,0,0,0,0,0,0,15,0,0,0,0,11,0,0,11,0,0,0,0,0,0,29,0,0,0,0,0,0,0,0,0,0,19
"MGYG000410782",0,17,0,0,0,0,0,0,0,0,0,0,0,0,0,0,0,0,0,0,0,0,0,0,0,0,0,0,0,0,0,0,0,0,0,0,0,0,0,0,0,0,0,0,0,0,0
"Coproplasma sp910577555",0,10,0,0,0,0,0,20,13,0,16,0,41,29,0,0,0,0,0,0,0,0,11,0,0,39,14,0,0,0,0,0,0,0,0,26,0,0,0,0,0,0,0,33,0,0,0
"Gallimonas sp910586985",0,193,0,0,0,52,0,22,0,0,0,0,0,21,0,0,0,0,0,0,0,0,0,0,0,0,0,0,0,0,0,34,0,0,34,0,0,0,16,0,0,0,0,204,0,13,0
"Gallimonas sp910586365",0,41,17,0,0,0,0,837,0,0,0,0,0,601,0,0,0,0,0,37,0,0,0,0,0,76,0,10,0,0,49,0,0,0,26,0,0,0,104,0,0,0,0,0,0,58,0
"Gallimonas sp910589015",0,43,0,0,0,0,0,39,0,0,0,0,24,38,0,0,0,0,0,0,0,0,0,0,0,18,0,0,0,0,0,0,0,0,0,0,0,0,0,0,0,0,0,30,0,0,0
"Gallimonas sp910586825",0,33,0,0,0,0,0,0,0,0,0,0,11,0,0,0,0,0,0,0,0,0,0,0,0,0,0,0,14,0,0,0,0,0,11,27,0,0,0,0,0,0,0,0,0,0,0
"Gallimonas sp910586675",0,25,0,0,0,0,0,0,0,0,0,0,0,0,0,0,0,0,0,0,0,0,0,0,0,0,0,0,10,0,0,0,0,0,0,0,0,0,0,0,0,0,0,0,0,0,0
"Gallimonas sp910578065",0,14,0,0,0,0,0,0,0,0,0,0,0,0,0,0,0,0,0,0,0,0,0,0,0,0,0,0,0,0,0,0,0,0,0,0,0,0,0,0,0,0,0,0,0,0,0
"Anaerocaecibacter sp910578545",0,15,0,0,0,0,0,0,0,0,0,0,0,0,0,0,0,0,0,0,11,0,0,0,0,0,0,0,0,0,0,0,0,0,0,0,0,0,0,0,0,0,0,0,0,0,0
"Anaerocaecibacter sp910579205",0,15,0,0,13,31,0,0,17,0,0,0,16,0,0,0,0,0,0,0,22,29,0,0,0,0,0,0,16,0,0,0,0,0,0,14,0,0,0,0,0,0,0,0,0,0,0
"Anaerocaecibacter sp910585055",0,12,0,0,0,0,0,0,0,0,0,0,0,25,0,0,0,0,0,0,0,0,0,0,0,0,0,0,0,0,0,0,0,0,11,0,0,0,0,0,0,0,0,10,0,0,0
"MGYG000327384",0,10,0,0,0,0,0,68,0,0,0,0,0,147,0,0,0,0,0,0,0,0,0,0,0,30,0,0,0,0,0,0,0,0,0,0,0,0,0,0,0,0,0,0,0,0,0
"MGBC157735 sp910588155",0,503,326,0,0,349,0,553,12,78,43,10,42,651,0,15,11,0,0,0,0,14,0,0,0,221,0,0,25,0,0,0,0,0,480,0,0,20,0,0,0,0,0,72,0,126,0
"Pumilibacter sp910579245",0,34,10,0,14,19,0,48,47,0,36,0,79,133,0,0,29,0,31,0,27,0,21,0,0,27,17,0,57,0,0,0,0,0,18,26,0,0,0,0,0,0,0,0,0,0,0
"UBA11524 sp000437595",0,155,0,0,0,108,0,18,15,0,0,0,84,134,0,14,0,0,16,0,27,57,11,0,10,63,14,0,29,29,16,100,0,11,0,81,12,14,55,0,34,10,0,290,0,115,0
"MGYG000388556",0,17,0,0,0,0,0,128,16,0,12,0,17,0,0,0,0,0,0,0,19,0,0,0,0,15,31,0,16,0,0,0,0,0,0,47,0,0,0,52,0,0,0,11,228,0,21
"Zhenpiania sp910583765",0,12,0,0,0,0,0,0,0,0,0,0,11,0,0,0,0,0,14,0,13,0,0,0,0,15,0,0,12,0,0,0,0,12,0,0,0,0,0,0,19,0,0,0,0,0,0
"RGIG7179 sp022793795",0,142,0,0,0,0,0,0,0,0,0,0,0,0,0,0,0,0,0,0,0,0,0,0,0,0,0,0,18,0,0,0,0,0,0,15,0,0,0,0,0,0,0,0,0,0,0
"VUNA01 sp002299625",0,35,50,0,23,0,0,0,50,0,31,0,15,24,0,0,31,0,0,0,23,0,0,0,0,0,0,0,24,0,0,12,0,0,29,0,0,0,10,0,0,0,0,32,0,16,0
"MGYG000327020",0,19,0,0,0,0,0,0,0,0,0,0,0,0,0,0,0,0,0,0,11,0,0,0,0,0,0,0,0,0,0,0,0,0,0,0,0,0,0,0,0,0,0,0,0,0,0
"Clostridioides difficile",0,65,0,0,15,26,0,52,25,0,21,0,0,98,0,0,0,0,0,0,45,0,0,0,0,81,0,0,74,0,35,62,0,11,0,21,18,0,87,0,0,19,0,188,0,76,11
"MGYG000369796",0,65,0,0,17,38,0,0,36,0,0,0,48,0,0,0,16,0,0,0,43,29,17,0,14,0,24,0,32,0,0,0,0,36,0,31,0,0,0,0,16,0,0,0,0,0,0
"MGYG000411069",0,19,0,0,0,0,0,0,0,0,0,0,0,0,0,0,0,0,0,0,56,0,0,0,0,0,0,0,33,0,0,0,0,0,0,0,0,0,0,0,0,0,0,0,0,0,0
"MGYG000328055",0,35,0,0,14,0,0,41,36,0,39,0,39,21,0,0,26,0,19,0,12,0,0,0,0,0,0,0,17,0,0,0,0,0,0,16,0,0,0,0,0,0,0,0,93,16,29
"MGYG000411369",0,12,0,0,0,0,0,0,0,0,0,0,0,11,0,0,0,0,0,0,11,0,0,0,0,43,0,0,0,0,0,11,0,0,0,0,0,0,15,0,0,0,0,26,0,52,0
"Clostridium sp910588715",0,65,0,0,0,0,0,6320,0,0,18,0,0,0,0,0,0,0,0,91,0,0,0,0,0,0,0,28,16,0,0,0,0,0,0,0,0,0,0,0,0,0,0,0,0,0,0
"CAG-41 sp010206265",0,28,0,0,0,0,0,0,17,0,17,0,0,0,0,0,0,0,0,0,16,0,0,0,0,0,0,0,37,0,0,0,0,0,0,10,0,0,0,0,0,0,0,20,0,0,0
"Parasutterella excrementihominis",0,14,0,0,0,0,0,66,18,0,0,21,24,51,12,0,18,0,0,0,14,18,10,0,0,29,19,0,26,0,0,0,0,0,0,23,19,0,40,0,0,11,0,11,0,134,0
"Comamonas acidovorans",0,10,0,0,0,0,0,0,0,0,0,0,0,0,0,0,0,0,0,0,0,0,0,0,0,0,0,0,0,0,0,0,0,0,0,0,0,0,0,0,0,0,0,0,0,0,0
"Escherichia coli",0,206,0,0,0,6639,0,974,0,0,0,0,0,1503,0,0,0,354,0,25,15,19,0,15,0,3561,0,14,23,42,14,31989,13,0,0,0,144,14,130,67680,0,0,907,63508,1132,173,0
"Klebsiella michiganensis",0,11,0,0,0,0,0,0,0,0,0,0,10,13,0,0,0,0,14,0,0,0,0,0,0,15,0,0,0,0,0,37,0,0,0,0,0,0,0,16,0,0,0,76,0,0,0
"MGYG000408998",0,120,0,0,0,79,0,33,0,0,0,0,73,165,0,0,0,0,21,0,0,33,15,0,14,70,16,0,10,0,20,118,0,12,0,65,23,17,54,0,27,0,0,221,0,94,0
"MGYG000324409",0,14,0,0,14,39,0,0,26,0,0,0,30,0,0,0,16,0,0,0,25,48,18,0,10,0,12,0,40,12,0,0,0,29,15,50,0,0,0,0,0,0,0,0,0,0,0
"MGYG000366359",0,78,0,0,0,0,0,197,45,0,19,28,111,66,18,0,23,0,20,0,47,30,46,0,0,60,75,0,135,19,11,37,0,18,65,77,14,0,126,0,0,20,0,82,14,442,0
"MGYG000411437",0,65,0,0,20,17,0,78,37,0,31,0,34,14,0,0,17,0,22,0,31,13,14,0,0,0,31,0,39,0,0,11,0,0,0,40,12,0,13,51,0,0,0,17,117,37,19
"MGYG000350430",0,52,0,0,0,0,0,0,10,0,12,0,32,0,0,0,0,0,0,0,56,22,0,0,0,0,0,0,27,0,0,0,0,15,0,19,0,0,0,0,0,0,0,0,0,0,0
"MGYG000346441",0,17,0,0,0,0,0,0,0,0,0,0,11,0,0,0,0,0,0,0,44,0,0,0,11,0,0,0,22,0,0,0,0,0,0,12,0,0,0,0,0,0,0,0,0,0,0
"MGYG000330427",0,12,0,0,0,0,0,0,0,0,0,0,0,0,0,0,0,0,0,0,0,0,0,0,0,0,0,0,0,0,0,0,0,0,0,0,0,0,0,0,0,0,0,0,0,0,0
"MGYG000322940",0,18,0,0,0,34,0,0,0,0,0,0,0,33,0,0,0,0,0,0,0,14,0,0,0,0,0,0,0,0,0,10,0,0,0,10,0,0,0,0,0,0,0,33,0,0,0
"MGYG000410841",0,763,0,0,0,11,0,0,0,0,10,10,24,0,11,0,11,0,0,0,29,14,157,0,0,0,269,0,96,0,0,347,0,30,34,25,0,28,0,0,0,0,0,326,0,0,0
"Zag111 sp910584405",0,30,0,0,0,18,0,59,22,0,37,0,21,0,0,0,19,0,0,0,75,29,37,0,0,34,590,0,85,0,0,44,0,13,0,36,0,0,0,0,17,0,0,112,0,0,86
"Avigastranaerophilus sp910583875",0,53,0,0,0,0,0,0,13,0,21,0,0,0,0,0,13,0,0,0,31,0,0,0,0,0,0,0,66,0,0,18,0,0,0,0,0,0,0,0,0,0,0,73,0,0,0
"MGBC122484 sp910583725",0,12,0,0,0,0,0,16,0,0,0,0,0,28,0,0,0,0,0,0,0,0,0,0,0,0,0,0,0,0,0,0,0,0,0,0,0,0,0,0,0,0,0,0,0,0,0
"MGYG000326931",0,10,0,0,0,14,0,0,0,0,0,0,12,0,0,0,0,0,0,0,0,0,0,0,0,0,0,0,0,0,0,0,0,0,0,0,0,0,0,0,0,0,0,0,0,0,0
"MGYG000405972",0,0,62,0,11,52,0,0,11,0,52,30,24,0,0,0,14,0,0,0,125,0,0,0,0,0,0,0,69,14,0,0,0,0,53,39,0,0,0,0,0,0,0,0,0,0,13
"MGYG000328795",0,0,22,0,0,0,0,0,0,0,0,0,18,0,0,0,0,0,0,0,0,0,0,0,0,0,0,0,0,0,0,0,0,0,18,0,0,0,0,0,0,0,0,0,0,0,0
"HGM10857 sp910578745",0,0,16,0,0,0,0,19,16,0,0,0,0,27,0,0,12,0,0,0,16,0,0,0,0,0,0,0,0,0,0,0,0,0,12,0,0,0,0,0,0,0,0,0,0,0,0
"MGYG000410710",0,0,26,0,0,18,0,118,11,0,21,0,17,10,0,0,0,0,12,0,0,0,0,0,0,0,0,0,11,0,0,0,0,0,0,13,0,0,11,0,0,0,0,0,0,29,0
"Acetatifactor muris",0,0,15,0,24,0,0,20,64,0,30,0,21,0,0,0,22,11,0,0,271,0,0,0,0,0,12,0,158,0,0,0,0,16,11,25,0,0,0,0,0,0,0,0,0,0,0
"MGYG000325356",0,0,15,0,0,0,0,10,0,0,12,0,0,18,0,0,0,0,0,0,11,0,0,0,0,0,0,0,0,0,0,0,0,0,0,0,0,0,0,0,0,0,0,0,0,0,0
"MGYG000329400",0,0,15,0,0,21,0,0,0,0,0,0,0,0,0,0,0,0,0,0,0,0,0,0,0,0,0,0,0,0,0,0,0,0,0,0,0,0,0,0,0,0,0,0,0,0,0
"Coprocola sp910587735",0,0,13,0,0,24,0,0,33,0,15,0,53,0,0,0,0,0,0,0,120,0,0,0,0,0,0,0,98,0,0,0,0,0,24,0,0,0,0,0,0,0,0,0,0,0,0
"MGYG000324401",0,0,11,0,0,0,0,0,0,0,0,0,0,0,0,0,0,0,0,0,0,0,0,0,0,0,0,0,0,0,0,0,0,0,0,0,0,0,0,0,0,0,0,0,0,0,0
"MGYG000387050",0,0,12,0,0,0,0,11,28,0,22,12,0,20,0,0,0,0,0,0,25,0,0,0,0,16,29,0,20,0,0,0,0,0,0,16,0,0,15,0,0,10,0,0,0,14,0
"MGYG000326286",0,0,70,0,0,0,0,94,0,14,0,36,0,0,0,0,0,0,0,0,0,19,0,0,0,0,0,0,0,0,0,0,0,0,79,0,0,0,0,0,0,0,0,0,0,0,0
"Ruminococcus sp910576995",0,0,26,0,0,0,0,0,0,0,0,13,0,0,0,0,0,0,0,0,0,0,0,0,0,0,0,0,0,0,0,0,0,0,14,0,0,0,0,0,0,0,0,0,0,0,0
"Ruminococcus sp910579835",0,0,21,0,0,0,0,0,0,0,0,15,0,0,0,0,0,0,0,0,0,0,0,0,0,0,0,0,0,0,0,0,0,0,19,0,0,0,0,0,0,0,0,0,0,0,0
"Ruminococcus sp900540005",0,0,19,0,15,13,0,0,24,0,11,25,12,0,0,0,14,0,23,0,12,16,0,0,0,0,10,0,25,0,0,0,0,11,0,17,0,0,23,0,13,12,0,14,0,37,0
"Ruminococcus sp002362175",0,0,17,0,0,0,0,0,0,0,0,0,0,0,0,0,0,0,0,0,0,10,0,0,0,0,0,0,0,0,0,0,0,0,16,0,0,0,0,0,0,0,0,0,0,0,0
"Ruminococcus sp910577575",0,0,11,0,0,0,0,0,0,0,0,0,0,0,0,0,0,0,0,0,0,0,0,0,0,0,0,0,0,0,0,0,0,0,13,0,0,0,0,0,0,0,0,0,0,0,0
"MGYG000410441",0,0,20,0,0,85,0,0,0,0,0,75,0,0,0,0,0,0,0,0,0,23,0,0,0,0,0,0,0,16,0,0,0,0,23,0,0,0,0,0,0,0,0,0,0,0,0
"MGYG000365643",0,0,11,0,0,0,0,15,0,0,10,11,10,0,0,0,0,0,0,0,0,0,0,0,0,0,0,0,0,0,0,0,0,0,0,0,0,0,0,0,0,0,0,0,0,0,0
"MGYG000369368",0,0,303,0,0,147,0,0,0,50,0,110,0,0,0,16,0,24,0,0,0,14,0,18,0,0,0,0,0,0,0,0,0,0,276,0,0,0,0,0,0,0,0,0,0,0,0
"MGYG000330830",0,0,231,0,0,395,0,0,0,43,0,261,55,0,0,43,0,11,0,0,0,119,0,30,0,0,0,0,0,57,0,0,15,0,205,0,0,0,0,0,0,0,0,0,0,0,0
"MGYG000324069",0,0,23,0,0,117,0,0,0,0,0,79,0,0,0,0,0,0,0,0,0,0,0,0,0,0,0,0,0,0,0,0,0,0,16,0,0,0,0,0,0,0,0,0,0,0,0
"MGYG000392389",0,0,20,0,0,0,0,0,0,0,0,12,0,0,0,0,0,0,0,0,0,0,0,0,0,0,0,0,0,0,0,0,0,0,0,0,0,0,0,0,0,0,0,0,0,0,0
"Coproplasma sp910578195",0,0,16,0,0,43,0,101,13,0,0,0,14,128,0,0,0,0,0,0,0,0,0,0,0,63,14,0,0,0,12,0,0,0,36,42,0,0,55,0,0,10,0,0,0,25,0
"Gallimonas sp910588615",0,0,11,0,0,15,0,0,0,0,0,0,0,0,0,0,0,0,0,0,0,0,0,0,0,0,0,0,0,0,0,0,0,0,58,0,0,0,0,0,0,0,0,0,0,0,0
"Fimimonas sp910586905",0,0,49,0,0,0,0,0,0,0,0,0,0,0,0,0,0,0,0,0,0,0,0,0,0,0,0,0,0,0,0,0,0,0,82,0,0,0,0,0,0,0,0,0,0,0,0
"MGYG000329863",0,0,20,0,0,0,0,0,24,0,27,0,0,0,0,0,12,0,0,0,11,0,0,0,0,0,0,0,0,0,0,0,0,0,47,0,0,0,0,0,0,0,0,0,0,0,0
"Pseudomonas aeruginosa",0,0,41,0,0,2368,0,26,0,0,0,0,58,0,59,0,0,0,0,0,0,0,0,16,0,0,19,0,13,0,0,0,0,0,66,17,11,0,0,1043,0,0,0,0,4218,53,0
"C-19 sp022799495",0,0,0,0,12,12,0,0,11,0,0,0,55,18,0,0,0,0,44,0,0,0,0,0,0,0,10,0,12,0,0,0,0,27,0,10,0,0,0,0,43,0,0,18,0,0,0
"MGBC140090 sp910586805",0,0,0,0,11,0,0,13,0,0,0,0,26,42,0,0,0,0,33,0,0,0,0,0,0,44,0,0,19,0,0,0,0,15,0,19,0,0,31,0,15,0,0,21,0,25,0
"MGYG000337677",0,0,0,0,27,0,0,114,43,0,73,0,70,0,0,0,25,0,22,0,39,0,0,0,0,0,0,0,31,0,0,0,0,0,0,39,0,0,0,0,0,0,0,0,0,18,0
"Staphylococcus nepalensis",0,0,0,0,11,0,0,88,22,0,51,0,0,0,0,0,11,0,0,0,62,0,0,0,0,0,0,0,153,0,0,0,0,0,0,0,0,0,0,0,0,0,0,0,0,0,0
"D16-34 sp910588485",0,0,0,0,27,52,0,0,39,0,15,0,15,0,0,0,23,0,17,0,26,19,0,0,24,0,0,0,33,14,0,0,0,25,14,41,0,0,0,0,29,0,0,0,0,0,0
"UMGS1502 sp900552365",0,0,0,0,15,12,0,0,21,0,10,0,25,0,0,0,0,0,13,0,13,0,10,0,0,0,0,0,14,0,0,0,0,14,0,17,0,0,0,0,20,0,0,0,0,0,0
"CACZQA01 sp900758075",0,0,0,0,13,11,0,0,25,0,0,0,19,0,0,0,0,0,0,0,14,0,0,0,0,0,0,0,0,0,0,0,0,15,0,13,0,0,0,0,0,0,0,0,0,0,0
"MGYG000325313",0,0,0,0,13,18,0,0,22,0,0,0,12,0,0,0,0,0,0,0,32,32,21,0,0,0,26,0,60,0,0,16,10,16,0,34,0,0,0,0,17,0,0,51,0,0,0
"Schaedlerella glycyrrhizinilytica_A",0,0,0,0,13,0,0,16,0,0,15,0,17,0,0,0,0,0,23,0,42,0,0,0,0,0,11,0,27,0,0,13,0,20,0,14,0,0,13,0,22,0,0,22,0,0,0
"MGYG000322968",0,0,0,0,11,0,0,18,0,0,21,0,15,0,0,0,0,0,0,0,21,0,0,0,0,0,0,0,15,0,0,0,0,0,0,15,0,0,0,0,13,0,0,15,0,0,0
"Butyribacter sp003612285",0,0,0,0,16,0,0,0,26,0,23,0,0,0,0,0,14,0,0,0,58,0,0,0,0,0,0,0,48,0,0,0,0,12,0,0,0,0,0,0,0,0,0,0,0,0,10
"Butyribacter sp910580005",0,0,0,0,14,0,0,17,0,0,20,0,0,0,0,0,0,0,0,0,15,0,0,0,0,0,0,0,11,0,0,0,0,0,0,18,0,0,0,0,34,0,0,26,0,0,17
"MGYG000325492",0,0,0,0,10,0,0,22,27,0,35,0,11,0,0,0,12,0,0,0,44,0,0,0,0,0,30,0,30,0,0,0,0,0,0,0,0,0,0,0,0,0,0,0,0,24,0
"Acetatifactor sp910578815",0,0,0,0,121,0,0,29,340,0,305,20,19,0,0,0,122,0,0,0,1265,30,0,0,0,13,0,0,1247,52,0,0,15,0,0,0,0,0,0,0,0,0,0,0,0,0,0
"Acetatifactor sp910583845",0,0,0,0,14,0,0,78,19,0,13,0,20,30,0,0,0,0,0,0,62,0,0,0,0,23,10,0,34,0,0,0,0,0,0,26,0,0,0,0,22,0,0,0,0,10,0
"MGYG000328399",0,0,0,0,10,0,0,18,0,0,0,0,10,10,0,0,0,0,0,0,27,0,0,0,0,0,0,0,31,0,0,0,0,0,0,20,0,0,0,0,0,0,0,0,0,0,0
"Acetatifactor sp910587755",0,0,0,0,10,0,0,21,12,0,13,0,0,10,0,0,0,0,0,0,35,0,0,0,0,0,0,0,20,0,0,0,0,0,0,10,0,0,13,0,12,0,0,0,0,0,25
"MGYG000329698",0,0,0,0,19,0,0,0,30,0,44,0,12,0,0,0,18,0,20,0,19,10,0,0,0,0,69,0,22,0,0,0,0,14,0,17,0,0,0,0,19,0,0,0,0,16,10
"CAG-95 sp009774465",0,0,0,0,10,0,0,20,0,0,25,0,10,10,0,0,0,0,0,0,33,0,0,0,0,0,0,0,18,0,0,0,0,22,0,14,0,0,0,0,12,0,0,0,0,0,0
"MGYG000410124",0,0,0,0,17,0,0,0,12,0,23,0,0,0,0,0,0,46,0,0,148,0,0,0,0,0,0,0,56,0,0,0,0,0,0,41,0,0,0,0,0,0,0,0,0,0,25
"UBA2882 sp002362385",0,0,0,0,13,0,0,18,40,0,14,0,0,0,0,0,0,0,0,0,44,0,0,0,0,0,0,0,42,0,0,0,0,0,0,0,0,0,0,0,0,0,0,0,0,0,10
"MGYG000350270",0,0,0,0,14,0,0,0,48,0,48,0,0,0,0,0,16,0,0,0,249,0,0,0,0,0,0,0,180,0,0,0,0,0,0,0,0,0,0,0,0,0,0,0,0,0,0
"MGYG000411484",0,0,0,0,12,0,0,0,33,0,43,0,0,0,0,0,16,0,0,0,153,0,0,0,0,0,0,0,135,0,0,0,0,0,0,0,0,0,0,0,10,0,0,0,0,0,0
"1XD42-69 sp003612565",0,0,0,0,10,0,0,32,30,0,72,0,20,21,0,0,22,0,18,0,24,0,0,0,0,0,40,0,14,0,0,0,0,0,0,0,0,0,0,0,0,0,0,0,0,10,0
"MGYG000324730",0,0,0,0,30,0,0,13,0,0,29,0,0,0,0,0,0,0,0,0,12,0,0,0,0,0,0,0,12,0,0,0,0,10,0,51,0,0,0,0,66,0,0,0,0,0,12
"Blautia_A wexlerae",0,0,0,0,17,0,0,0,37,0,24,0,0,0,0,0,14,0,0,0,119,0,0,0,0,0,0,0,110,0,0,0,0,0,0,0,0,0,0,0,0,0,0,10,0,0,0
"Bariatricus comes",0,0,0,0,17,0,0,0,14,0,13,0,0,0,0,0,0,0,0,0,31,0,0,0,0,0,0,0,44,0,0,0,0,0,0,0,0,0,0,0,0,0,0,0,0,0,0
"Wujia sp002493625",0,0,0,0,18,0,0,0,0,0,26,0,0,0,0,0,0,0,0,0,0,0,0,0,0,0,0,0,0,0,0,0,0,0,0,0,0,0,0,0,43,0,0,0,0,0,26
"MGYG000322947",0,0,0,0,18,0,0,109,21,0,57,0,0,24,0,0,17,0,17,0,11,0,0,0,0,43,15,0,12,0,0,0,0,11,0,0,0,0,0,0,0,10,0,0,0,0,11
"MGYG000322925",0,0,0,0,14,0,0,0,17,0,37,0,20,0,0,0,0,0,14,0,67,0,0,0,0,0,0,0,27,0,0,0,0,0,0,0,0,0,0,0,0,0,0,0,0,0,0
"MGYG000330643",0,0,0,0,13,0,0,0,0,0,11,0,0,0,0,0,0,0,0,0,0,0,0,0,0,0,0,0,0,0,0,0,0,0,0,28,0,0,0,0,52,0,0,0,0,0,0
"MGYG000325949",0,0,0,0,13,0,0,22,10,0,10,0,12,0,0,0,0,0,0,0,37,0,0,0,0,0,0,0,31,0,0,0,0,0,0,29,0,0,0,0,0,0,0,0,0,0,0
"Acutalibacter ornithocaccae",0,0,0,0,29,15,0,0,54,0,14,0,0,0,0,0,24,0,0,0,21,0,0,0,0,0,0,0,17,0,0,0,0,0,0,13,0,0,0,0,10,0,0,0,0,23,0
"Eubacterium_R sp910577195",0,0,0,0,11,0,0,0,39,0,38,0,0,0,0,0,12,0,0,0,32,0,0,0,0,0,0,0,44,0,0,0,0,0,0,0,0,0,0,0,0,0,0,0,0,0,0
"Avimonas_A sp022800315",0,0,0,0,13,0,0,26,13,0,0,0,15,19,0,0,0,0,0,0,10,0,0,0,0,0,0,0,10,0,0,0,0,12,0,0,0,0,0,0,0,0,0,0,0,0,0
"UBA3818 sp904397845",0,0,0,0,12,25,0,0,17,0,0,0,12,0,0,0,0,0,0,0,14,23,0,0,0,14,0,0,20,0,0,0,0,0,0,28,0,0,0,0,10,0,0,0,0,16,0
"MGYG000354216",0,0,0,0,12,0,0,16,16,0,27,0,14,0,0,0,16,0,0,0,0,0,0,0,0,0,18,0,0,0,0,0,0,0,0,15,0,0,0,0,0,0,0,0,13,0,17
"MGYG000350425",0,0,0,0,33,0,0,0,46,0,187,0,23,0,0,0,40,0,37,0,23,0,0,0,0,0,64,0,52,0,0,0,0,0,0,12,0,0,0,0,0,0,0,0,0,21,0
"MGYG000340095",0,0,0,0,37,0,0,0,47,0,73,0,0,0,0,0,33,0,0,0,106,0,0,0,0,0,0,0,142,0,0,0,0,0,0,0,0,0,0,0,0,0,0,0,0,0,0
"MGYG000336507",0,0,0,0,39,0,0,27,55,0,33,0,31,0,0,0,18,0,0,0,19,0,0,0,0,0,0,0,26,0,0,0,0,0,0,27,0,0,0,0,0,0,0,0,0,39,0
"Agrobacterium pusense",0,0,0,0,11,0,0,41,13,0,11,0,0,25,0,0,0,0,0,0,10,0,0,0,0,20,0,0,0,0,0,0,0,0,0,0,0,0,0,0,0,0,0,0,16,0,0
"Brachyspira sp910578695",0,0,0,0,0,0,0,0,0,0,0,0,0,0,0,0,0,0,0,0,0,0,0,0,0,0,0,0,0,0,0,0,0,0,0,0,0,0,0,0,0,0,0,0,0,0,0
"MGYG000325577",0,0,0,0,0,16,0,0,14,0,0,0,0,0,0,0,0,0,0,0,17,19,0,0,0,21,14,0,36,0,0,0,10,22,0,44,0,0,0,0,0,0,0,10,0,39,0
"MGYG000325533",0,0,0,0,0,12,0,0,0,0,0,0,0,0,0,0,0,0,0,0,21,22,0,0,0,10,10,0,0,0,0,0,0,0,0,19,0,0,0,0,0,0,0,0,0,0,0
"MGYG000325757",0,0,0,0,0,12,0,0,0,0,0,0,0,0,0,0,0,0,0,0,0,0,0,0,0,0,0,0,0,0,0,0,0,0,0,24,0,0,0,0,0,0,0,0,0,0,0
"MGYG000325642",0,0,0,0,0,14,0,0,14,0,0,0,0,0,0,0,0,0,0,0,16,32,11,0,0,0,15,0,28,0,0,0,0,22,0,15,0,0,0,0,0,0,0,0,0,0,0
"Limisoma sp900544305",0,0,0,0,0,17,0,0,14,0,0,0,12,0,0,0,0,0,0,0,21,15,10,0,0,0,16,0,17,0,0,0,0,21,0,17,0,0,0,0,0,0,0,0,0,0,0
"MGYG000325491",0,0,0,0,0,39,0,0,0,0,0,0,0,0,0,0,0,0,0,0,13,0,0,0,0,0,0,0,0,0,0,0,0,0,0,12,0,0,0,0,0,0,0,15,0,0,0
"MGYG000325376",0,0,0,0,0,253,0,0,0,0,0,11,0,0,0,23,0,0,0,0,0,143,0,12,0,0,0,0,0,28,0,0,22,0,12,0,0,0,0,0,0,0,0,0,0,0,0
"Alistipes putredinis",0,0,0,0,0,176,0,0,0,0,0,0,0,0,0,15,0,0,0,0,14,82,0,0,0,0,0,0,10,35,0,0,23,24,0,13,0,0,0,0,0,0,0,0,0,0,0
"MGYG000325739",0,0,0,0,0,113,0,0,0,0,0,10,0,0,0,14,0,0,0,0,0,59,0,0,0,0,0,0,0,18,0,0,0,0,0,0,0,0,0,0,0,0,0,0,0,0,0
"MGYG000325349",0,0,0,0,0,58,0,0,31,0,0,10,14,0,0,0,0,0,0,0,62,100,49,0,21,0,84,0,94,37,0,0,13,74,0,31,0,0,0,0,58,0,0,0,0,0,14
"MGYG000325640",0,0,0,0,0,18,0,0,0,0,0,0,0,0,0,0,0,0,0,0,0,0,0,0,0,0,0,0,0,0,0,0,0,0,0,11,0,0,0,0,0,0,0,0,0,0,0
"Alistipes onderdonkii",0,0,0,0,0,14,0,0,0,0,0,0,0,0,0,0,0,0,0,0,17,0,0,0,0,58,11,0,19,0,0,0,0,11,0,16,12,0,12,0,0,0,0,75,0,15,0
"Alistipes sp003979135",0,0,0,0,0,13,0,0,0,0,0,0,0,0,0,0,0,0,0,0,10,10,0,0,0,0,0,0,11,0,0,0,0,0,0,0,0,0,0,0,0,0,0,0,0,0,0
"Alistipes communis",0,0,0,0,0,13,0,0,0,0,0,0,0,0,0,0,0,0,0,0,0,0,0,0,0,0,0,0,0,0,0,0,0,0,0,0,0,0,0,0,0,0,0,0,0,0,0
"MGYG000330701",0,0,0,0,0,13,0,0,0,0,0,0,0,0,0,0,0,0,0,0,0,0,0,0,0,0,0,0,0,0,0,0,0,0,0,0,0,0,0,0,0,0,0,0,0,0,0
"Alistipes sp900541585",0,0,0,0,0,11,0,0,0,0,0,0,13,0,0,0,0,0,0,0,0,0,0,0,0,12,0,0,18,0,0,0,0,0,0,0,0,0,0,0,0,0,0,0,0,18,0
"MGYG000325578",0,0,0,0,0,16,0,0,0,0,0,0,0,0,0,0,0,0,0,0,0,0,0,0,0,0,0,0,0,0,0,0,0,0,0,0,0,0,0,0,0,0,0,0,0,0,0
"Alistipes_A ihumii",0,0,0,0,0,510,0,0,0,0,0,30,0,0,0,44,0,0,0,0,0,252,0,0,0,0,0,0,0,94,0,0,37,0,24,0,0,0,0,0,0,0,0,0,0,0,0
"Bacteroides eggerthii",0,0,0,0,0,19,0,0,0,0,0,0,0,10,0,0,0,0,0,0,0,0,0,0,0,0,0,0,0,0,0,0,0,0,0,0,0,0,0,0,0,0,0,18,0,10,0
"Prevotella faecis",0,0,0,0,0,13,0,0,0,0,0,0,0,0,0,0,0,0,0,0,0,0,0,0,0,17,0,0,0,0,0,0,0,0,0,16,0,0,0,0,0,0,0,0,0,21,0
"Prevotella sp900557405",0,0,0,0,0,14,0,0,0,0,0,0,0,0,0,0,0,0,0,0,0,0,0,0,0,0,0,0,0,0,0,0,0,0,0,11,0,0,0,0,0,0,0,0,0,0,0
"MGYG000325643",0,0,0,0,0,17,0,11,0,0,0,0,0,0,0,0,0,0,0,0,10,17,0,0,0,0,0,0,0,0,0,0,0,0,0,12,0,0,0,0,0,0,0,0,0,0,0
"Paraprevotella stercorigallinarum",0,0,0,0,0,13,0,0,0,0,0,0,0,0,0,0,0,0,0,0,17,14,0,0,0,0,0,0,15,0,0,22,0,11,0,0,0,0,0,0,0,0,0,14,0,0,0
"MGYG000325375",0,0,0,0,0,11,0,0,11,0,0,0,0,0,0,0,0,0,0,0,18,16,15,0,0,0,0,0,29,0,0,10,0,12,0,14,0,0,0,0,12,0,0,0,0,0,0
"C-19 sp009917405",0,0,0,0,0,25,0,0,0,0,0,0,11,0,0,0,0,0,0,0,0,0,0,0,17,0,0,0,0,0,0,0,0,0,0,0,0,0,0,0,0,0,0,0,0,0,0
"MGYG000328692",0,0,0,0,0,18,0,0,0,0,0,0,0,0,0,0,0,0,0,0,0,0,0,0,11,0,0,0,0,0,0,0,0,0,0,0,0,0,0,0,0,0,0,0,0,0,0
"MGYG000331358",0,0,0,0,0,14,0,0,0,0,0,0,0,0,0,0,0,0,0,0,0,0,0,0,0,0,0,0,0,0,0,0,0,0,0,0,0,0,0,0,0,0,0,0,0,0,0
"UBA2730 sp022793235",0,0,0,0,0,11,0,0,0,0,0,0,0,0,0,0,0,0,0,0,11,16,0,0,0,0,0,0,11,0,0,0,0,10,0,30,0,0,0,0,11,0,0,0,0,0,0
"Bacillus licheniformis",0,0,0,0,0,24,0,123,0,0,0,0,12,16,0,0,14,0,0,0,37,10,32,0,0,66,573,0,0,0,0,0,0,0,0,17,0,0,0,0,0,0,0,0,0,0,40
"Mailhella sp910577155",0,0,0,0,0,15,0,0,18,0,0,0,0,0,0,0,0,0,0,0,15,51,27,0,11,0,82,0,57,12,0,0,0,59,0,12,0,0,0,0,23,0,0,0,0,0,12
"MGYG000403150",0,0,0,0,0,30,0,32,0,0,0,0,0,0,0,0,0,0,0,0,12,0,0,0,0,0,0,0,0,0,0,0,0,0,0,0,0,0,0,0,11,0,0,0,0,0,0
"COE1 sp910586405",0,0,0,0,0,306,0,17,23,0,25,0,0,0,0,18,11,0,0,0,24,0,0,0,0,0,13,0,17,0,0,0,0,0,35,0,0,0,0,0,0,0,0,0,0,0,0
"COE1 sp009774345",0,0,0,0,0,54,0,0,0,0,13,0,0,0,0,0,0,0,0,0,0,0,0,0,0,0,0,0,0,0,0,0,0,0,0,0,0,0,0,0,0,0,0,0,0,0,0
"MGYG000329391",0,0,0,0,0,79,0,21,0,0,0,0,0,0,0,17,0,0,0,0,0,63,0,0,0,0,0,0,16,0,0,0,22,0,0,0,0,0,0,0,0,0,0,0,0,0,0
"MGYG000327122",0,0,0,0,0,50,0,10,0,0,11,0,0,0,0,0,12,0,0,0,37,42,0,0,0,0,0,0,22,0,0,17,11,23,0,17,0,0,0,0,15,0,0,16,0,14,11
"MGYG000326060",0,0,0,0,0,25,0,0,0,0,0,0,0,0,0,0,0,0,0,0,0,13,0,0,0,0,0,0,0,0,0,0,0,0,0,0,0,0,0,0,0,0,0,0,0,0,0
"MGYG000324350",0,0,0,0,0,14,0,0,0,0,0,0,0,0,0,0,0,0,0,0,0,16,0,0,0,0,0,0,10,0,0,0,0,0,0,0,0,0,0,0,0,0,0,0,0,0,0
"Copromonas sp000435795",0,0,0,0,0,10,0,0,13,0,12,10,49,0,0,0,0,0,44,0,35,0,0,0,15,0,0,0,28,0,0,0,0,12,0,0,0,0,11,0,0,11,0,0,0,11,0
"Kineothrix sp910586275",0,0,0,0,0,21,0,0,0,0,15,0,52,0,0,0,0,0,64,0,18,0,15,0,15,0,28,0,14,0,29,0,0,29,10,17,12,0,65,0,13,0,0,0,0,35,0
"MGYG000327375",0,0,0,0,0,16,0,0,0,0,0,0,83,0,0,0,0,0,102,0,0,0,27,0,17,0,26,0,0,0,41,0,0,21,17,0,0,0,55,0,0,26,0,0,0,61,0
"MGYG000331235",0,0,0,0,0,10,0,47,0,0,11,0,0,0,0,0,0,0,0,0,13,0,0,0,0,0,0,0,0,0,0,0,0,15,0,0,0,0,0,0,0,0,0,0,0,0,0
"MGBC111451 sp910578605",0,0,0,0,0,10,0,0,0,0,0,0,0,0,0,0,0,0,0,0,22,0,0,0,0,0,0,0,23,0,0,0,0,0,0,15,0,0,0,0,0,0,0,0,0,0,0
"MGYG000411179",0,0,0,0,0,11,0,10,0,0,13,0,22,13,0,0,0,0,0,0,60,0,0,0,0,14,11,0,59,0,0,0,0,0,0,42,0,0,0,0,0,0,0,0,0,16,0
"MGYG000325311",0,0,0,0,0,25,0,0,0,0,0,0,0,0,0,0,0,0,0,0,0,0,0,0,0,0,0,0,0,0,0,0,0,0,0,0,0,0,0,0,0,0,0,0,0,0,0
"Faecalibacterium prausnitzii",0,0,0,0,0,69,0,0,0,0,0,0,0,0,0,0,0,0,0,0,20,29,0,0,0,0,0,0,0,0,0,0,0,0,0,0,0,0,0,0,0,0,0,0,0,0,0
"MGYG000325383",0,0,0,0,0,51,0,0,0,0,0,0,0,0,0,0,0,0,0,0,0,25,0,0,0,0,0,0,0,11,0,0,0,0,0,0,0,0,0,0,0,0,0,0,0,0,0
"MGYG000323634",0,0,0,0,0,18,0,0,28,0,35,0,0,0,0,0,0,0,0,0,113,0,0,0,0,0,0,0,55,0,0,0,0,0,0,15,0,0,0,0,0,0,0,0,0,0,22
"Pumilibacter muris",0,0,0,0,0,11,0,13,0,0,0,0,27,60,0,0,0,0,18,0,0,0,0,0,0,19,16,0,0,0,0,0,0,0,0,45,0,0,0,0,0,16,0,0,0,51,0
"SFMI01 sp004556155",0,0,0,0,0,13,0,0,0,0,0,0,10,0,0,0,0,0,0,0,0,0,0,0,0,0,0,0,0,0,0,0,0,0,0,14,0,0,0,0,0,0,0,0,0,0,0
"MGYG000329762",0,0,0,0,0,11,0,0,0,0,0,0,0,0,0,0,0,0,0,0,0,0,0,0,0,0,0,0,0,0,0,0,0,0,0,0,0,0,0,0,0,0,0,0,0,0,0
"Escherichia ruysiae",0,0,0,0,0,173,0,19,0,0,0,0,0,31,0,0,0,0,0,0,0,0,0,0,0,74,0,0,0,0,0,742,0,0,0,0,0,0,0,1587,0,0,36,1384,38,0,0
"Klebsiella variicola",0,0,0,0,0,54,0,0,0,0,0,0,0,14,0,0,0,0,0,0,0,0,0,0,0,26,0,0,0,0,0,334,0,0,0,0,0,0,0,579,0,0,0,548,14,0,0
"Citrobacter_A rodentium",0,0,0,0,0,55,0,0,0,0,0,0,0,0,0,0,0,0,0,0,0,0,0,0,0,19,0,0,0,0,0,148,0,0,0,0,0,0,0,415,0,0,10,293,0,0,0
"Citrobacter_A amalonaticus",0,0,0,0,0,12,0,0,0,0,0,0,0,10,0,0,0,0,0,0,0,0,0,0,0,0,0,0,0,0,0,19,0,0,0,0,0,0,0,96,0,0,0,39,0,0,0
"MGYG000339089",0,0,0,0,0,10,0,0,0,0,0,0,0,0,0,0,0,0,0,0,0,0,0,0,0,0,0,0,0,0,0,0,0,0,0,17,0,0,0,0,0,0,0,0,0,14,0
"UBA7185 sp910585405",0,0,0,0,0,350,0,10,0,0,0,23,0,24,0,42,0,0,0,0,0,184,0,10,0,16,0,0,0,47,0,0,37,0,16,0,0,0,0,0,0,0,0,0,0,0,0
"Helicobacter_D ganmani",0,0,0,0,0,10,0,0,0,0,0,0,0,13,0,0,0,0,0,0,0,0,0,0,0,0,0,0,0,0,0,0,0,12,0,11,0,0,0,0,0,0,0,0,0,0,0
"URXU01 sp900541915",0,0,0,0,0,36,0,0,0,0,0,0,0,0,0,0,0,0,0,0,0,17,0,0,0,0,0,0,0,0,0,0,0,0,0,0,0,0,0,0,0,0,0,0,0,0,0
"Dielma sp001305055",0,0,0,0,0,0,0,12,0,0,0,0,0,0,0,0,0,0,0,0,0,0,0,0,0,0,0,0,0,0,0,0,0,0,0,0,0,0,0,0,0,0,0,0,0,0,0
"Streptococcus danieliae",0,0,0,0,0,0,0,48,0,0,0,0,0,0,0,0,11,0,0,0,25,0,12,0,0,35,310,0,0,0,0,0,0,0,0,0,0,0,0,0,0,0,0,0,0,0,12
"Streptococcus alactolyticus",0,0,0,0,0,0,0,20,0,0,0,0,0,11,0,0,0,0,0,0,0,0,0,0,0,12,0,0,0,0,0,0,0,0,0,0,0,0,10,0,0,0,0,0,0,36,0
"MGYG000325510",0,0,0,0,0,0,0,49,0,0,0,0,0,0,0,0,12,12,0,0,11,0,14,0,0,22,230,0,0,0,0,0,0,0,0,0,0,0,0,0,0,0,0,0,0,0,34
"CAG-582 sp910587065",0,0,0,0,0,0,0,19,0,0,0,0,0,0,0,0,0,0,0,0,0,0,0,0,0,0,0,0,0,0,0,0,0,0,0,0,0,0,0,0,0,0,0,0,0,0,0
"MGBC119817 sp910586195",0,0,0,0,0,0,0,60,0,0,0,0,0,0,0,0,0,0,0,0,0,0,0,0,0,0,0,0,0,0,0,0,0,0,0,0,0,0,0,0,0,0,0,0,0,0,0
"MGBC107952 sp910578855",0,0,0,0,0,0,0,61,0,0,0,0,0,17,0,0,0,0,0,0,16,0,0,0,0,33,276,0,0,0,0,0,0,0,0,0,0,0,0,0,0,0,0,0,0,18,14
"MGYG000322996",0,0,0,0,0,0,0,34,0,0,0,0,0,0,0,0,0,0,0,0,11,0,12,0,0,14,257,0,0,0,0,0,0,0,0,0,0,0,0,0,0,0,0,0,0,0,62
"MGYG000329305",0,0,0,0,0,0,0,11,0,0,0,0,0,0,0,0,0,0,0,0,0,0,0,0,0,0,0,0,0,0,0,0,0,0,0,0,0,0,0,0,0,0,0,0,0,0,0
"Niallia sp001076885",0,0,0,0,0,0,0,106,13,0,0,0,0,0,0,0,16,0,12,0,17,0,24,0,0,56,408,0,0,0,0,0,0,0,0,0,0,0,0,0,0,0,0,0,11,0,27
"MGYG000387335",0,0,0,0,0,0,0,286,0,0,0,0,0,121,0,0,0,0,0,0,16,0,0,0,0,88,13,0,0,0,14,0,0,0,0,0,0,0,41,0,0,0,0,0,0,38,11
"UBA3282 sp910586615",0,0,0,0,0,0,0,93,0,0,0,0,0,37,0,0,0,0,0,0,14,0,0,0,0,27,11,0,18,0,0,0,0,0,0,0,0,0,11,0,0,0,0,0,0,11,0
"MGYG000325700",0,0,0,0,0,0,0,31,0,0,22,0,0,10,0,0,0,0,0,0,12,0,0,0,0,0,0,0,0,0,0,0,0,0,0,0,0,0,0,0,18,0,0,0,0,0,0
"UBA3282 sp910584965",0,0,0,0,0,0,0,29,0,0,0,0,0,13,0,0,0,0,0,0,32,0,0,0,10,14,0,0,22,0,0,0,0,12,0,13,0,0,0,0,0,0,0,0,0,0,0
"MGYG000325483",0,0,0,0,0,0,0,27,11,0,16,0,0,0,0,0,10,0,0,0,30,0,0,0,0,0,0,0,17,0,0,0,0,0,0,0,0,0,10,0,0,0,0,10,0,0,12
"MGYG000325802",0,0,0,0,0,0,0,25,0,0,11,0,0,0,0,0,0,0,0,0,0,0,0,0,0,0,0,0,13,0,0,0,0,0,0,14,0,0,0,0,12,0,0,0,0,0,0
"MGYG000329183",0,0,0,0,0,0,0,22,0,0,0,0,0,0,0,0,0,0,0,0,0,0,0,0,0,0,0,0,10,0,0,0,0,0,0,0,0,0,0,0,0,0,0,0,0,0,0
"UBA3282 sp910586705",0,0,0,0,0,0,0,26,0,0,0,0,0,0,0,0,0,0,0,0,23,0,0,0,0,0,0,0,0,0,0,0,0,0,0,0,0,0,0,0,0,0,0,0,0,0,0
"UBA3282 sp910578715",0,0,0,0,0,0,0,21,0,0,15,0,17,0,0,0,0,0,0,0,25,0,0,0,0,0,0,0,17,0,0,0,0,0,0,0,0,0,0,0,0,0,0,0,0,0,0
"UBA3282 sp910585555",0,0,0,0,0,0,0,16,0,0,0,0,0,0,0,0,0,0,0,0,0,0,0,0,0,0,0,0,0,0,0,0,0,0,0,0,0,0,0,0,0,0,0,0,0,0,0
"MGYG000325820",0,0,0,0,0,0,0,15,0,0,0,0,0,0,0,0,0,0,0,0,27,0,0,0,0,0,0,0,0,0,0,0,0,0,0,0,0,0,0,0,0,0,0,0,0,0,0
"UBA3282 sp910578475",0,0,0,0,0,0,0,10,0,0,12,0,0,0,0,0,0,0,0,0,29,0,0,0,0,0,0,0,25,0,0,0,0,0,0,0,0,0,0,0,0,0,0,0,0,0,0
"MGYG000325646",0,0,0,0,0,0,0,68,0,0,12,0,0,28,0,0,0,0,0,0,20,0,0,0,0,23,0,0,0,0,0,0,0,0,0,0,0,0,0,0,11,0,0,0,0,0,0
"MGYG000373306",0,0,0,0,0,0,0,32,0,0,0,0,0,15,0,0,0,0,0,0,0,0,0,0,0,0,0,0,0,0,0,0,0,0,0,0,0,0,0,0,11,0,0,0,0,0,0
"MGYG000329401",0,0,0,0,0,0,0,25,0,0,0,0,0,10,0,0,0,0,0,0,14,0,0,0,0,0,0,0,18,0,0,0,0,0,0,0,0,0,0,0,0,0,0,0,0,0,0
"MGYG000327529",0,0,0,0,0,0,0,17,0,0,13,0,0,0,0,0,0,0,0,0,11,0,0,0,0,0,0,0,0,0,0,0,0,0,0,0,0,0,0,0,0,0,0,0,0,0,0
"Acetatifactor sp910577235",0,0,0,0,0,0,0,11,0,0,0,0,0,0,0,0,0,0,0,0,0,0,0,0,0,0,0,0,0,0,0,0,0,0,0,0,0,0,0,0,0,0,0,0,0,0,0
"MGYG000410713",0,0,0,0,0,0,0,10,0,0,0,0,14,0,0,0,0,0,19,0,11,0,0,0,0,0,0,0,0,0,0,0,0,0,0,0,0,0,0,0,11,0,0,0,0,0,0
"MGYG000325455",0,0,0,0,0,0,0,10,0,0,13,0,0,0,0,0,0,0,0,0,25,0,0,0,0,0,0,0,12,0,0,0,0,0,0,0,0,0,0,0,16,0,0,0,0,0,0
"Butyribacter sp910588655",0,0,0,0,0,0,0,12,0,0,13,0,0,12,0,0,0,0,0,0,0,0,0,0,0,0,0,0,0,0,0,0,0,0,0,0,0,0,0,0,0,0,0,0,0,0,0
"MGYG000330215",0,0,0,0,0,0,0,18,0,0,0,0,11,0,0,0,0,0,11,0,15,0,0,0,15,0,0,0,10,0,0,0,0,18,0,0,0,0,11,0,0,0,0,0,0,23,0
"Eubacterium_F sp910583555",0,0,0,0,0,0,0,10,25,0,41,0,0,0,0,0,15,0,0,0,42,0,0,0,0,0,18,0,26,0,0,0,0,0,0,0,0,0,0,0,0,0,0,0,0,13,0
"14-2 sp910588885",0,0,0,0,0,0,0,21,0,0,0,0,23,0,0,0,0,0,18,0,24,0,0,0,0,0,19,0,23,0,0,0,0,0,0,0,0,0,14,0,0,0,0,0,0,0,0
"MGYG000325200",0,0,0,0,0,0,0,15,0,0,26,0,0,0,0,0,0,0,0,0,19,0,0,0,0,0,0,0,24,0,0,0,0,10,0,0,0,0,0,0,0,0,0,0,0,0,0
"MGYG000410031",0,0,0,0,0,0,0,13,0,0,0,0,0,0,0,0,0,0,0,0,18,0,0,0,0,0,0,0,0,0,0,0,0,0,0,0,0,0,0,0,0,0,0,0,0,0,0
"COE1 sp910588755",0,0,0,0,0,0,0,17,12,0,28,0,0,0,0,0,23,0,0,0,14,0,0,0,0,0,0,0,15,0,0,0,0,0,0,0,0,0,0,0,13,0,0,0,0,11,0
"MGYG000325498",0,0,0,0,0,0,0,15,0,0,0,0,0,0,0,0,0,0,0,0,0,0,0,0,0,0,0,0,0,0,0,0,0,0,0,0,0,0,0,0,0,0,0,0,0,0,0
"COE1 sp910585765",0,0,0,0,0,0,0,13,0,0,0,0,0,0,0,0,0,0,0,0,0,0,0,0,0,0,0,0,0,0,0,0,0,0,0,0,0,0,0,0,15,0,0,0,0,0,0
"COE1 sp009774375",0,0,0,0,0,0,0,12,19,0,31,0,0,0,0,0,12,0,0,0,26,0,0,0,0,0,13,0,10,0,0,0,0,0,0,0,0,0,0,0,11,0,0,0,0,0,0
"MGYG000324875",0,0,0,0,0,0,0,14,0,0,16,0,0,0,0,0,0,0,0,0,25,0,0,0,0,0,0,0,19,0,0,0,0,0,0,11,0,0,0,0,22,0,0,0,0,0,13
"MGYG000328347",0,0,0,0,0,0,0,25,0,0,0,0,0,0,0,0,0,0,0,0,26,0,0,0,0,0,0,0,15,0,0,0,0,0,0,0,0,0,0,0,0,0,0,0,0,0,0
"MGYG000331069",0,0,0,0,0,0,0,14,0,0,0,0,0,0,0,0,0,0,0,0,21,0,0,0,0,0,0,0,18,0,0,0,0,0,0,0,0,0,0,0,0,0,0,0,0,0,0
"MGYG000330172",0,0,0,0,0,0,0,12,0,0,0,0,0,0,0,0,0,0,0,0,23,0,0,0,0,0,0,0,14,0,0,0,0,0,0,0,0,0,0,0,0,0,0,0,0,0,0
"CAG-317 sp000433535",0,0,0,0,0,0,0,46,0,0,0,0,0,0,0,0,0,0,0,0,0,0,0,0,0,0,0,0,0,0,0,0,0,0,0,0,0,0,0,0,0,0,0,0,0,0,0
"CAG-510 sp003979355",0,0,0,0,0,0,0,26,0,0,11,0,0,0,0,0,0,0,0,0,29,0,0,0,0,10,0,0,15,0,0,0,0,0,0,0,0,0,0,0,0,0,0,0,0,0,0
"MGYG000325599",0,0,0,0,0,0,0,11,0,0,0,0,0,0,0,0,0,0,0,0,0,0,0,0,0,0,0,0,0,0,0,0,0,0,0,0,0,0,0,0,0,0,0,0,0,0,0
"RGIG4057 sp910585065",0,0,0,0,0,0,0,10,0,0,0,0,0,0,0,0,0,0,0,0,15,0,0,0,0,0,0,0,10,0,0,0,0,0,0,0,0,0,0,0,0,0,0,18,0,0,0
"CAG-603 sp022794265",0,0,0,0,0,0,0,23,0,0,0,0,0,0,0,0,0,0,0,0,0,0,0,0,0,18,143,0,0,0,0,0,0,0,0,0,0,0,0,0,0,0,0,0,0,0,10
"CAG-603 sp910578175",0,0,0,0,0,0,0,14,0,0,0,0,0,0,0,0,0,0,0,0,0,0,0,0,0,0,0,0,0,0,0,0,0,0,0,0,0,0,0,0,0,0,0,0,0,0,0
"MGYG000325692",0,0,0,0,0,0,0,17,13,0,19,0,0,14,0,0,0,0,0,0,51,0,0,0,0,0,0,0,26,0,0,0,0,0,0,0,0,0,0,0,0,0,0,0,0,0,0
"MGYG000328520",0,0,0,0,0,0,0,22,0,0,13,0,11,0,0,0,0,0,0,0,13,0,0,0,10,0,0,0,11,0,0,0,0,12,0,0,0,0,0,0,0,0,0,0,0,0,0
"MGYG000325327",0,0,0,0,0,0,0,35,0,0,14,0,0,0,0,0,0,0,0,0,18,0,0,0,0,0,0,0,22,0,0,0,0,0,0,11,0,0,0,0,0,0,0,0,0,0,0
"UBA7050 sp003979345",0,0,0,0,0,0,0,16,0,0,0,0,0,0,0,0,0,0,0,0,17,0,0,0,0,0,0,0,13,0,0,0,0,0,0,0,0,0,0,0,0,0,0,0,0,0,0
"MGYG000325605",0,0,0,0,0,0,0,10,0,0,0,0,0,0,0,0,0,0,0,0,17,0,0,0,0,0,0,0,19,0,0,0,0,0,0,16,0,0,0,0,16,0,0,13,0,0,0
"MGBC140009 sp910586015",0,0,0,0,0,0,0,14,0,0,12,0,0,0,0,0,0,0,0,0,10,0,0,0,0,0,0,0,0,0,0,0,0,0,0,0,0,0,0,0,13,0,0,0,0,0,0
"MGYG000327466",0,0,0,0,0,0,0,12,13,0,0,0,0,0,0,0,0,0,0,0,11,0,0,0,0,0,0,0,0,0,0,0,0,0,0,11,0,0,0,0,17,0,0,0,0,0,0
"Clostridium_AP sp000509125",0,0,0,0,0,0,0,11,0,0,0,0,0,11,0,0,0,0,0,0,16,0,0,0,0,0,0,0,0,0,0,0,0,0,0,10,0,0,0,0,12,0,0,0,0,0,0
"MGYG000329308",0,0,0,0,0,0,0,10,0,0,0,0,0,27,0,0,0,0,0,0,0,0,0,0,0,11,0,0,0,0,0,0,0,0,0,0,0,0,0,0,0,0,0,0,0,0,0
"Coprocola sp910583755",0,0,0,0,0,0,0,24,0,0,0,0,0,0,0,0,0,0,0,0,0,0,0,0,0,0,0,0,0,0,0,0,0,0,0,0,0,0,0,0,0,0,0,0,0,0,0
"MGYG000410975",0,0,0,0,0,0,0,67,10,0,15,0,0,30,0,0,0,0,0,0,39,0,0,0,0,21,0,0,17,0,0,0,0,0,0,0,0,0,0,0,0,0,0,0,0,18,0
"Dysosmobacter welbionis",0,0,0,0,0,0,0,11,21,0,0,0,0,0,0,0,0,0,0,0,43,0,0,0,0,0,0,0,25,0,0,0,0,0,0,20,0,0,0,0,0,0,0,0,0,0,0
"Scatomorpha sp900545405",0,0,0,0,0,0,0,20,0,0,0,0,0,0,0,0,0,0,0,0,0,0,0,0,0,0,0,0,0,0,0,0,0,0,0,0,0,0,0,0,0,0,0,0,0,0,0
"MGYG000360335",0,0,0,0,0,0,0,16,0,0,10,0,14,0,0,0,0,0,0,0,10,0,0,0,0,0,0,0,0,0,0,0,0,0,0,0,0,0,0,15,0,0,0,0,31,0,0
"MGYG000329306",0,0,0,0,0,0,0,21,13,0,11,0,0,0,0,0,0,0,0,0,0,0,0,0,0,0,0,0,0,0,0,0,0,0,0,0,0,0,0,0,0,0,0,0,0,0,0
"Avispirillum sp910586545",0,0,0,0,0,0,0,12,0,0,0,0,0,0,0,0,0,0,0,0,16,0,0,0,0,12,0,0,22,0,0,0,0,0,0,17,0,0,0,0,19,0,0,0,0,0,0
"Anaerocaecibacter sp910586925",0,0,0,0,0,0,0,250,0,0,0,0,0,739,0,0,0,0,0,0,0,0,0,0,0,406,0,0,0,0,24,0,0,0,0,0,0,0,60,0,0,0,0,0,0,77,0
"Anaerocaecibacter sp910577995",0,0,0,0,0,0,0,27,0,0,0,0,0,23,0,0,0,0,0,0,0,0,0,0,0,0,0,0,0,0,0,0,0,0,0,0,0,0,0,0,0,0,0,0,0,0,0
"MGBC157735 sp910585955",0,0,0,0,0,0,0,56,0,0,0,0,0,102,0,0,0,0,0,0,0,0,0,0,0,12,0,0,0,0,0,0,0,0,0,0,0,0,0,0,0,0,0,0,0,0,0
"Pumilibacter sp910587595",0,0,0,0,0,0,0,23,0,0,0,0,0,27,0,0,0,0,0,0,0,0,0,0,0,10,0,0,0,0,0,0,0,0,0,0,0,0,0,0,0,0,0,0,0,0,0
"Protoclostridium sp910587025",0,0,0,0,0,0,0,15,0,0,0,0,0,12,0,0,0,0,0,0,0,0,0,0,0,0,0,0,0,0,0,0,0,0,0,0,0,0,0,0,0,0,0,0,0,0,0
"Coproplasma sp910587625",0,0,0,0,0,0,0,24,0,0,0,0,21,38,0,0,0,0,14,0,0,0,0,0,0,0,56,0,0,0,0,0,0,0,10,0,0,0,0,0,0,0,0,0,0,0,0
"Coproplasma sp910579705",0,0,0,0,0,0,0,12,0,0,0,0,0,21,0,0,0,0,0,0,19,0,0,0,0,0,0,0,17,0,0,0,0,0,0,0,0,0,0,0,0,0,0,0,0,0,0
"MGYG000327368",0,0,0,0,0,0,0,20,0,0,0,0,0,0,0,0,0,0,0,0,0,0,0,0,0,0,0,0,0,0,0,0,0,0,0,0,0,0,0,0,0,0,0,0,0,0,0
"MGYG000327859",0,0,0,0,0,0,0,16,0,0,0,0,0,0,0,0,0,0,0,0,0,0,0,0,0,0,12,0,0,0,0,0,0,0,0,0,0,0,0,0,0,0,0,0,0,0,0
"Lentihominibacter faecis",0,0,0,0,0,0,0,12,0,0,0,0,0,15,0,0,0,0,0,0,0,0,0,0,0,25,0,0,0,0,15,0,0,0,0,0,0,0,12,0,0,0,0,0,0,18,0
"MGYG000324400",0,0,0,0,0,0,0,19,15,0,39,0,36,0,0,0,0,0,0,0,0,0,0,0,0,0,0,0,21,0,0,0,0,0,0,18,0,0,0,0,0,0,0,0,0,0,0
"MGYG000357081",0,0,0,0,0,0,0,73,0,0,0,0,0,0,0,0,0,0,0,0,0,0,0,0,0,1378,0,0,389,0,0,403,0,0,0,0,0,0,0,0,0,0,0,2465,0,213,0
"Lacticaseibacillus paracasei",0,0,0,0,0,0,0,0,14,0,0,0,0,0,0,0,0,0,0,0,0,0,0,0,0,0,0,0,0,0,0,0,0,0,0,0,0,0,0,0,0,0,0,0,0,0,0
"Leuconostoc citreum",0,0,0,0,0,0,0,0,11,0,0,0,0,0,0,0,0,0,0,0,0,0,0,0,0,0,0,0,0,0,0,0,0,0,0,12,0,0,0,0,0,0,0,0,0,0,0
"Enterococcus_E cecorum",0,0,0,0,0,0,0,0,17,0,54,0,14,0,0,0,0,0,0,0,0,0,0,0,0,0,0,0,0,0,0,0,0,0,0,0,0,0,0,0,0,0,0,0,0,0,0
"MGYG000410809",0,0,0,0,0,0,0,0,17,0,31,0,0,0,0,0,16,0,0,0,32,0,0,0,0,0,0,0,52,0,0,0,0,14,0,25,0,0,0,0,18,0,0,0,0,0,0
"Anaerotardibacter sp000434775",0,0,0,0,0,0,0,0,21,0,10,0,0,0,0,0,0,0,0,0,15,0,0,0,0,0,0,0,19,0,0,0,0,0,0,30,0,0,0,0,18,0,0,0,0,0,0
"MGYG000325716",0,0,0,0,0,0,0,0,11,0,0,0,0,0,0,0,0,0,0,0,0,27,0,0,0,0,20,0,24,0,0,0,0,38,0,0,0,0,0,0,17,0,0,0,0,0,0
"Bacteroides fragilis",0,0,0,0,0,0,0,0,13,0,0,0,0,0,0,0,0,0,0,0,0,0,0,0,0,24,0,0,0,0,0,0,0,0,0,23,0,0,0,0,0,0,0,0,0,11,0
"Eubacterium_F sp910589595",0,0,0,0,0,0,0,0,11,0,15,0,0,0,0,0,0,0,0,0,11,0,0,0,0,0,0,0,19,0,0,0,0,0,0,0,0,0,0,0,0,0,0,0,0,0,0
"Acetatifactor sp910584435",0,0,0,0,0,0,0,0,10,0,19,0,11,0,0,0,0,0,0,0,15,0,0,0,0,0,0,0,15,0,0,0,0,0,0,11,0,0,0,0,11,0,0,0,0,0,11
"Butyribacter sp003611745",0,0,0,0,0,0,0,0,13,0,20,0,0,0,0,0,0,0,0,0,17,0,0,0,0,0,0,0,16,0,0,0,0,0,0,0,0,0,0,0,0,0,0,0,0,0,0
"MGYG000410930",0,0,0,0,0,0,0,0,12,0,0,0,36,12,0,0,0,0,35,0,71,0,11,0,10,0,23,0,34,0,0,0,0,40,0,11,0,0,21,0,0,0,0,0,0,18,0
"MGYG000410149",0,0,0,0,0,0,0,0,12,0,11,0,0,12,0,0,0,0,0,0,14,0,0,0,0,0,0,0,0,0,0,0,0,0,0,10,0,0,0,0,0,0,0,0,0,0,0
"MGYG000328377",0,0,0,0,0,0,0,0,10,0,24,0,0,0,0,0,0,0,0,0,15,0,0,0,0,0,0,0,11,0,0,0,0,0,0,13,0,0,0,0,0,0,0,13,0,0,0
"MGYG000324606",0,0,0,0,0,0,0,0,13,0,0,0,12,0,0,0,0,0,0,0,10,0,0,0,0,0,0,0,15,0,0,0,0,0,0,0,0,0,0,0,0,0,0,0,0,0,0
"Dorea_A longicatena",0,0,0,0,0,0,0,0,12,0,0,0,12,0,0,0,0,0,13,0,0,0,0,0,0,0,0,0,19,0,0,0,0,19,0,0,0,0,0,0,15,0,0,0,0,0,0
"MGYG000323390",0,0,0,0,0,0,0,0,11,0,0,0,0,0,0,0,0,0,0,0,41,0,0,0,0,0,0,0,18,0,0,0,0,0,0,0,0,0,0,0,10,0,0,0,0,0,14
"CALWPV01 sp022794035",0,0,0,0,0,0,0,0,14,0,0,0,0,0,0,0,0,0,0,0,13,0,0,0,0,0,0,0,13,0,0,0,0,0,0,0,0,0,0,0,0,0,0,0,0,0,0
"Dysosmobacter sp900763685",0,0,0,0,0,0,0,0,10,0,0,0,0,0,0,0,0,0,0,0,24,0,0,0,0,0,0,0,16,0,0,0,0,0,0,19,0,0,0,0,0,0,0,0,0,0,0
"Evtepia sp004556345",0,0,0,0,0,0,0,0,18,0,0,0,13,0,0,0,0,0,0,0,17,0,0,0,0,0,0,0,23,0,0,0,0,10,0,11,0,0,0,0,11,0,0,0,0,0,0
"Evtepia gabavorous",0,0,0,0,0,0,0,0,11,0,11,0,0,0,0,0,0,0,0,0,19,0,0,0,0,0,0,0,19,0,0,0,0,0,0,0,0,0,0,0,13,0,0,0,0,0,0
"MGYG000387732",0,0,0,0,0,0,0,0,10,0,0,0,0,0,0,0,0,0,0,0,16,0,0,0,0,0,0,0,13,0,0,0,0,0,0,13,0,0,0,0,0,0,0,0,0,0,0
"Avoscillospira_A sp022795735",0,0,0,0,0,0,0,0,11,0,0,0,16,0,0,0,0,0,0,0,24,0,0,0,0,0,0,0,18,0,0,0,0,0,0,13,0,0,0,0,0,0,0,0,0,0,0
"Eubacterium_R sp009774735",0,0,0,0,0,0,0,0,31,0,12,0,0,0,0,0,12,0,0,0,19,0,0,0,0,0,0,0,37,0,0,0,0,0,0,0,0,0,0,0,0,0,0,0,0,0,0
"MGYG000325665",0,0,0,0,0,0,0,0,27,0,22,0,0,0,0,0,12,0,0,0,49,10,0,0,0,0,0,0,81,0,0,0,0,0,0,0,0,0,0,0,0,0,0,0,0,0,0
"Eubacterium_R sp910584985",0,0,0,0,0,0,0,0,25,0,0,0,0,0,0,0,0,0,0,0,19,0,0,0,0,0,0,0,32,0,0,0,0,0,0,0,0,0,0,0,0,0,0,0,0,0,0
"MGYG000325508",0,0,0,0,0,0,0,0,20,0,0,0,0,0,0,0,12,0,0,0,0,0,0,0,0,0,0,0,31,0,0,0,0,0,0,0,0,0,0,0,0,0,0,0,0,0,0
"Eubacterium_R sp910577215",0,0,0,0,0,0,0,0,12,0,0,0,0,0,0,0,0,0,0,0,13,0,0,0,0,0,0,0,29,0,0,0,0,0,0,0,0,0,0,0,0,0,0,0,0,0,0
"MGYG000325451",0,0,0,0,0,0,0,0,10,0,0,0,0,0,0,0,0,0,0,0,10,0,0,0,0,0,0,0,14,0,0,0,0,0,0,0,0,0,0,0,0,0,0,0,0,0,0
"MGYG000403628",0,0,0,0,0,0,0,0,11,0,0,0,0,0,0,0,0,0,0,0,14,0,0,0,0,0,0,0,16,0,0,0,0,0,0,0,0,0,0,0,0,0,0,0,0,0,0
"MGYG000327108",0,0,0,0,0,0,0,0,16,0,0,0,0,0,0,0,0,0,0,0,30,0,0,0,0,0,0,0,27,0,0,0,0,0,0,0,0,0,0,0,0,0,0,0,0,0,0
"Bittarella massiliensis",0,0,0,0,0,0,0,0,16,0,0,0,0,0,0,0,0,0,0,0,0,0,0,0,0,0,0,0,10,0,0,0,0,0,0,12,0,0,0,0,0,0,0,0,0,0,0
"MGYG000327115",0,0,0,0,0,0,0,0,18,0,51,0,32,0,0,0,13,0,0,0,11,0,0,0,0,0,0,0,0,0,0,0,0,0,0,25,0,0,0,0,0,0,0,0,0,0,0
"MGYG000331430",0,0,0,0,0,0,0,0,16,0,0,0,0,0,0,0,0,0,0,0,0,0,0,0,0,0,0,0,0,0,0,0,0,0,0,0,0,0,0,0,0,0,0,0,0,0,0
"MGYG000358052",0,0,0,0,0,0,0,0,15,0,25,0,0,0,0,0,0,0,0,0,0,0,0,0,0,12,0,0,15,0,0,0,0,0,0,13,0,0,0,0,0,0,0,0,0,0,0
"MGYG000325728",0,0,0,0,0,0,0,0,12,0,0,0,23,0,0,0,0,0,18,0,0,0,0,0,0,0,0,0,10,0,0,0,0,12,0,15,0,0,0,0,14,0,0,0,0,0,0
"Brachyspira sp910588665",0,0,0,0,0,0,0,0,12,0,0,0,0,0,0,0,0,0,0,0,0,0,0,0,0,0,0,0,0,0,0,0,0,0,0,0,0,0,0,0,0,0,0,0,12,0,0
"MGYG000410730",0,0,0,0,0,0,0,0,0,0,11,0,0,0,0,0,14,0,0,0,0,0,0,0,0,0,0,0,0,0,0,0,0,0,0,11,0,0,0,0,0,0,0,0,0,0,0
"MGYG000325324",0,0,0,0,0,0,0,0,0,0,10,0,0,15,0,0,0,0,0,0,0,0,0,0,0,10,0,0,0,0,0,0,0,0,0,0,0,0,0,0,0,0,0,0,0,19,0
"Sediminibacterium magnilacihabitans",0,0,0,0,0,0,0,0,0,0,10,0,0,0,0,0,0,0,0,0,0,0,0,0,0,0,0,0,0,0,0,0,0,0,0,0,0,0,0,0,0,0,0,0,0,0,0
"MGYG000325708",0,0,0,0,0,0,0,0,0,0,16,0,0,0,0,0,0,0,0,0,21,0,0,0,0,0,0,0,15,0,0,0,0,11,0,0,0,0,0,0,13,0,0,12,0,0,0
"MGYG000383351",0,0,0,0,0,0,0,0,0,0,10,0,0,0,0,0,0,0,0,0,25,0,0,0,0,0,0,0,23,0,0,0,0,13,0,0,0,0,0,0,0,0,0,0,0,0,0
"MGYG000328450",0,0,0,0,0,0,0,0,0,0,12,0,0,0,0,0,0,0,0,0,20,0,0,0,0,0,0,0,26,0,0,0,0,0,0,0,0,0,0,0,0,0,0,0,0,0,0
"MGYG000410978",0,0,0,0,0,0,0,0,0,0,12,0,0,0,0,0,0,0,0,0,10,0,0,0,0,0,0,0,0,0,0,0,0,0,0,11,0,0,0,0,19,0,0,0,0,0,17
"MGYG000325740",0,0,0,0,0,0,0,0,0,0,14,0,0,0,0,0,0,0,0,0,14,0,0,0,0,0,0,0,0,0,0,0,0,0,0,0,0,0,0,0,0,0,0,0,0,0,0
"MGYG000329907",0,0,0,0,0,0,0,0,0,0,10,0,0,16,0,0,0,0,0,0,18,0,0,0,0,0,0,0,0,0,0,0,0,0,0,0,0,0,0,0,0,0,0,0,0,0,0
"CAG-303 sp910585215",0,0,0,0,0,0,0,0,0,0,11,0,0,0,0,0,0,0,0,0,0,0,0,0,0,0,0,0,0,0,0,0,0,0,0,0,0,0,0,0,0,0,0,0,0,0,0
"Agathobacter rectalis",0,0,0,0,0,0,0,0,0,0,16,0,0,0,0,0,0,0,0,0,16,0,0,0,0,0,0,0,18,0,0,0,0,0,0,0,0,0,0,0,0,0,0,17,0,0,0
"MGBC114844 sp910585855",0,0,0,0,0,0,0,0,0,0,12,0,0,0,0,0,0,0,0,0,16,0,0,0,0,0,0,0,11,0,0,0,0,0,0,0,0,0,0,0,0,0,0,0,0,0,0
"Oliverpabstia sp002361775",0,0,0,0,0,0,0,0,0,0,21,0,0,0,0,0,0,0,0,0,27,0,0,0,0,0,0,0,0,0,0,0,0,0,0,0,0,0,0,0,0,0,0,0,0,0,0
"Dorea_A longicatena_B",0,0,0,0,0,0,0,0,0,0,16,0,0,0,0,0,0,0,0,0,13,0,0,0,0,0,0,0,0,0,0,0,0,0,0,0,0,0,0,0,0,0,0,0,0,0,0
"MGYG000324871",0,0,0,0,0,0,0,0,0,0,10,0,0,0,0,0,0,0,0,0,0,0,0,0,0,0,0,0,0,0,0,0,0,0,0,0,0,0,0,0,0,0,0,0,0,0,0
"JAAVZI01 sp022791575",0,0,0,0,0,0,0,0,0,0,10,0,0,0,0,0,0,0,0,0,0,0,0,0,0,0,0,0,0,0,0,0,0,0,0,0,0,0,0,0,16,0,0,0,0,0,20
"MGYG000330606",0,0,0,0,0,0,0,0,0,0,10,0,0,0,0,0,0,0,0,0,0,0,0,0,0,0,0,0,0,0,0,0,0,0,0,0,0,0,0,0,0,0,0,0,0,0,0
"MGYG000411499",0,0,0,0,0,0,0,0,0,0,18,0,0,16,0,0,0,0,0,0,23,0,0,0,0,0,0,0,19,0,0,0,0,0,0,13,0,0,0,0,0,0,0,0,0,0,0
"CAJFUH01 sp022799115",0,0,0,0,0,0,0,0,0,0,13,0,0,0,0,0,0,0,0,0,0,0,0,0,0,0,0,0,0,0,0,0,0,0,0,0,0,0,0,0,0,0,0,0,0,0,10
"QAKD01 sp022793975",0,0,0,0,0,0,0,0,0,0,13,0,21,0,0,0,0,0,11,0,12,0,0,0,0,0,70,0,0,0,0,0,0,0,0,14,0,0,0,0,0,0,0,0,0,0,17
"MGYG000378024",0,0,0,0,0,0,0,0,0,0,26,0,0,0,0,0,0,0,0,0,0,0,0,0,0,0,0,0,0,0,0,0,0,0,0,0,0,0,0,0,0,0,0,0,0,0,0
"MGBC157735 sp910587445",0,0,0,0,0,0,0,0,0,0,14,0,0,0,0,0,0,0,0,0,0,0,0,0,0,0,0,0,0,0,0,0,0,0,0,0,0,0,0,0,0,0,0,0,0,0,0
"Reyranella aquatilis",0,0,0,0,0,0,0,0,0,0,13,0,26,0,0,0,0,0,26,0,0,0,0,0,0,0,0,0,0,0,0,0,0,0,0,0,0,0,0,0,16,0,0,0,0,0,0
"MGYG000339341",0,0,0,0,0,0,0,0,0,0,0,15,0,0,0,0,0,0,0,0,0,0,0,0,0,0,0,0,0,0,0,0,0,0,16,10,0,0,0,0,0,0,0,0,0,0,0
"Heteroclostridium sp910585195",0,0,0,0,0,0,0,0,0,0,0,10,0,0,0,0,0,0,0,0,0,0,0,0,0,0,0,0,0,0,0,0,0,0,0,0,0,0,0,0,0,0,0,0,0,0,0
"Collinsella bouchesdurhonensis",0,0,0,0,0,0,0,0,0,0,0,0,17,0,0,0,0,0,19,0,0,0,0,0,0,0,0,0,0,0,0,0,0,0,0,11,0,0,0,0,10,0,0,0,0,0,0
"Desulfovibrio sp900319575",0,0,0,0,0,0,0,0,0,0,0,0,27,0,0,0,0,0,17,0,0,0,0,0,0,0,0,0,0,0,0,0,0,0,0,0,0,0,0,0,16,0,0,0,0,0,0
"MGYG000325614",0,0,0,0,0,0,0,0,0,0,0,0,22,11,0,0,0,0,25,0,0,0,0,0,0,0,0,0,0,0,0,0,0,12,0,0,0,0,0,0,13,0,0,0,0,0,0
"Dielma fastidiosa",0,0,0,0,0,0,0,0,0,0,0,0,35,12,0,0,0,0,31,0,14,0,0,0,0,0,11,0,13,0,0,0,0,10,0,0,0,0,0,0,12,0,0,11,0,0,0
"UBA1067 sp902788415",0,0,0,0,0,0,0,0,0,0,0,0,13,0,0,0,0,0,14,0,0,0,0,0,0,0,0,0,0,0,0,0,0,0,0,0,0,0,0,0,0,0,0,0,0,0,0
"UBA3282 sp910578555",0,0,0,0,0,0,0,0,0,0,0,0,19,13,0,0,0,0,17,0,0,0,0,0,0,12,0,0,0,0,0,0,0,0,0,10,0,0,0,0,10,0,0,0,0,0,0
"Oliverpabstia intestinalis",0,0,0,0,0,0,0,0,0,0,0,0,11,0,0,0,0,0,0,0,0,0,0,0,0,0,0,0,0,0,0,0,0,0,0,0,0,0,0,0,0,0,0,0,0,0,0
"MGYG000330584",0,0,0,0,0,0,0,0,0,0,0,0,10,0,0,0,0,0,0,0,19,0,0,0,0,0,11,0,16,0,0,0,0,0,0,0,0,0,0,0,0,0,0,0,0,0,0
"MGYG000410602",0,0,0,0,0,0,0,0,0,0,0,0,12,0,0,0,0,0,0,0,23,0,0,0,0,0,0,0,16,0,0,0,0,17,0,12,0,0,0,0,11,0,0,0,0,0,0
"Howiella sp022791355",0,0,0,0,0,0,0,0,0,0,0,0,13,0,0,0,0,0,0,0,13,0,0,0,0,11,0,0,13,0,0,0,0,0,0,0,0,0,0,0,0,0,0,17,20,0,0
"QXXE01 sp910589115",0,0,0,0,0,0,0,0,0,0,0,0,108,0,0,0,0,0,33,0,103,0,28,0,16,0,92,0,52,0,0,0,0,0,0,20,0,0,0,0,0,0,0,0,0,0,0
"Anaerocaecibacter sp910587805",0,0,0,0,0,0,0,0,0,0,0,0,19,105,0,0,0,0,11,0,0,0,0,0,0,53,11,0,10,0,0,0,0,0,0,37,0,0,0,0,0,0,0,0,0,23,0
"Ventricola sp900542395",0,0,0,0,0,0,0,0,0,0,0,0,18,0,0,0,0,0,11,0,0,0,0,0,0,0,0,0,10,0,0,0,0,0,0,0,0,0,0,0,13,0,0,0,0,0,0
"MGYG000330825",0,0,0,0,0,0,0,0,0,0,0,0,15,0,0,0,0,0,0,0,0,0,0,0,0,0,19,0,0,0,0,0,0,0,0,0,0,0,0,0,0,0,0,0,0,0,0
"MGYG000376566",0,0,0,0,0,0,0,0,0,0,0,0,14,0,0,0,0,0,0,0,0,0,0,0,0,0,0,0,11,0,0,0,0,0,0,0,0,0,0,14,0,0,0,0,33,0,0
"Methylovirgula sp021780015",0,0,0,0,0,0,0,0,0,0,0,0,10,0,0,0,0,0,0,0,0,0,0,0,0,0,0,0,0,0,0,0,0,0,0,0,0,0,0,0,0,0,0,0,0,0,0
"CAG-267 sp910576955",0,0,0,0,0,0,0,0,0,0,0,0,10,0,0,0,0,0,0,0,19,12,0,0,0,0,11,0,17,0,0,0,0,0,0,19,0,0,0,0,11,0,0,0,0,0,0
"MGYG000335208",0,0,0,0,0,0,0,0,0,0,0,0,16,0,0,0,0,0,0,0,44,0,0,0,0,0,21,0,18,0,0,0,0,0,0,0,0,0,0,0,0,0,0,0,0,0,0
"MGYG000326756",0,0,0,0,0,0,0,0,0,0,0,0,10,0,0,0,0,0,0,0,10,0,0,0,0,0,0,0,0,0,0,0,0,0,0,14,0,0,0,0,0,0,0,0,0,0,0
"Longicatena caecimuris",0,0,0,0,0,0,0,0,0,0,0,0,0,25,0,0,0,0,0,0,0,0,0,0,0,17,0,0,0,0,12,0,0,0,0,0,0,0,16,0,0,0,0,0,0,23,0
"MGYG000325635",0,0,0,0,0,0,0,0,0,0,0,0,0,17,0,0,0,0,0,0,0,0,0,0,0,0,0,0,0,0,0,0,0,0,0,0,0,0,0,0,0,0,0,0,0,0,0
"MGYG000324718",0,0,0,0,0,0,0,0,0,0,0,0,0,19,0,0,0,0,0,0,16,0,0,0,0,0,0,0,17,0,0,0,0,0,0,0,0,0,0,0,0,0,0,0,0,0,0
"Lacrimispora indica",0,0,0,0,0,0,0,0,0,0,0,0,0,10,0,0,0,0,0,0,0,0,0,0,0,0,0,0,0,0,0,0,0,0,0,0,0,0,0,0,0,0,0,0,0,0,0
"MGYG000326954",0,0,0,0,0,0,0,0,0,0,0,0,0,24,0,0,0,0,0,0,0,0,0,0,0,0,0,0,0,0,0,10,0,0,0,0,0,0,0,0,0,0,0,11,0,13,0
"RACS-045 sp910588015",0,0,0,0,0,0,0,0,0,0,0,0,0,17,0,0,0,0,0,0,0,0,0,0,0,0,0,0,0,0,0,0,0,0,0,0,0,0,0,0,0,0,0,0,0,0,0
"MGYG000325793",0,0,0,0,0,0,0,0,0,0,0,0,0,12,0,0,0,0,0,0,0,0,0,0,0,0,0,0,0,0,0,0,0,0,0,0,0,0,0,0,0,0,0,0,0,0,0
"Coproplasma sp910578655",0,0,0,0,0,0,0,0,0,0,0,0,0,34,0,0,0,0,0,0,13,0,0,0,0,19,0,0,0,0,0,0,0,0,0,0,0,0,0,0,0,0,0,0,0,0,0
"Coproplasma sp910578765",0,0,0,0,0,0,0,0,0,0,0,0,0,30,0,0,0,0,0,0,0,0,0,0,0,0,0,0,0,0,0,0,0,0,0,0,0,0,0,0,0,0,0,0,0,0,0
"Parabacteroides faecavium",0,0,0,0,0,0,0,0,0,0,0,0,0,13,0,0,0,0,0,0,0,0,0,0,0,19,0,0,0,0,0,0,0,0,0,11,0,0,0,0,0,0,0,14,0,23,0
"MGYG000325474",0,0,0,0,0,0,0,0,0,0,0,0,0,11,0,0,0,0,0,0,0,0,0,0,0,27,11,0,0,0,0,0,0,10,0,15,0,0,0,0,0,0,0,18,0,29,0
"MGYG000352721",0,0,0,0,0,0,0,0,0,0,0,0,0,11,0,0,0,0,0,0,0,0,0,0,0,0,0,0,0,0,0,0,0,0,0,0,0,0,0,0,0,0,0,0,0,0,0
"Helicobacter_C sp910577135",0,0,0,0,0,0,0,0,0,0,0,0,0,18,0,0,0,0,0,0,0,0,0,0,0,0,0,0,0,0,0,0,0,0,0,0,0,0,0,0,0,0,0,0,0,0,0
"Lysinibacillus sp023337795",0,0,0,0,0,0,0,0,0,0,0,0,0,0,0,0,0,10,0,0,0,0,0,0,0,0,0,0,0,0,0,0,0,0,0,0,0,0,0,0,0,0,0,0,0,0,0
"Gallimonas sp910588465",0,0,0,0,0,0,0,0,0,0,0,0,0,0,0,0,0,11,0,0,0,0,0,0,0,0,0,0,16,0,37,0,0,0,0,0,0,0,158,0,0,13,0,0,0,87,0
"Ralstonia pickettii_B",0,0,0,0,0,0,0,0,0,0,0,0,0,0,0,0,0,14,0,0,0,0,0,0,0,0,0,0,0,0,0,0,0,0,0,0,0,0,0,13,0,0,0,0,0,0,18
"51-20 sp910577095",0,0,0,0,0,0,0,0,0,0,0,0,0,0,0,0,0,0,11,0,0,0,0,0,0,0,0,0,0,0,0,0,0,0,0,0,0,0,0,0,0,0,0,0,0,0,0
"MGYG000327731",0,0,0,0,0,0,0,0,0,0,0,0,0,0,0,0,0,0,11,0,11,0,0,0,0,0,0,0,10,0,0,0,0,0,0,0,0,0,0,0,0,0,0,0,0,0,0
"MGYG000325751",0,0,0,0,0,0,0,0,0,0,0,0,0,0,0,0,0,0,0,0,12,0,0,0,0,0,0,0,0,0,0,0,0,0,0,0,0,0,0,0,0,0,0,0,0,0,0
"MGYG000325340",0,0,0,0,0,0,0,0,0,0,0,0,0,0,0,0,0,0,0,0,16,0,0,0,0,0,14,0,14,0,0,0,0,20,0,22,0,0,0,0,0,0,0,0,0,0,0
"MGYG000325552",0,0,0,0,0,0,0,0,0,0,0,0,0,0,0,0,0,0,0,0,11,0,0,0,0,0,0,0,15,0,0,10,0,0,0,0,0,0,0,0,0,0,0,14,0,0,0
"Absicoccus sp000434355",0,0,0,0,0,0,0,0,0,0,0,0,0,0,0,0,0,0,0,0,13,0,0,0,0,0,0,0,0,0,0,0,0,0,0,0,0,0,0,0,0,0,0,0,0,0,0
"MGYG000374819",0,0,0,0,0,0,0,0,0,0,0,0,0,0,0,0,0,0,0,0,16,0,0,0,0,0,0,0,20,0,0,0,0,0,0,0,0,0,0,0,0,0,0,0,0,0,0
"MGYG000325616",0,0,0,0,0,0,0,0,0,0,0,0,0,0,0,0,0,0,0,0,30,0,0,0,0,0,11,0,0,0,0,0,0,0,0,0,0,0,0,0,0,0,0,0,0,0,0
"Eubacterium_F sp003491505",0,0,0,0,0,0,0,0,0,0,0,0,0,0,0,0,0,0,0,0,12,0,0,0,0,0,0,0,0,0,0,0,0,0,0,0,0,0,0,0,0,0,0,0,0,0,0
"Eubacterium_F sp900539115",0,0,0,0,0,0,0,0,0,0,0,0,0,0,0,0,0,0,0,0,11,0,0,0,0,0,0,0,0,0,0,0,0,0,0,0,0,0,0,0,0,0,0,0,0,0,0
"Eubacterium_F sp910584875",0,0,0,0,0,0,0,0,0,0,0,0,0,0,0,0,0,0,0,0,10,0,0,0,0,0,0,0,0,0,0,0,0,0,0,0,0,0,0,0,0,0,0,0,0,0,0
"Butyribacter sp910577825",0,0,0,0,0,0,0,0,0,0,0,0,0,0,0,0,0,0,0,0,14,0,0,0,0,0,0,0,11,0,0,0,0,0,0,0,0,0,0,0,0,0,0,0,0,0,0
"MGYG000328455",0,0,0,0,0,0,0,0,0,0,0,0,0,0,0,0,0,0,0,0,11,0,0,0,0,0,0,0,11,0,0,0,0,0,0,0,0,0,0,0,0,0,0,10,0,0,0
"MGYG000329982",0,0,0,0,0,0,0,0,0,0,0,0,0,0,0,0,0,0,0,0,31,0,0,0,0,0,0,0,16,0,0,0,0,0,0,0,0,0,0,0,0,0,0,0,0,0,0
"MGYG000329041",0,0,0,0,0,0,0,0,0,0,0,0,0,0,0,0,0,0,0,0,18,0,0,0,0,0,0,0,14,0,0,0,0,0,0,0,0,0,0,0,0,0,0,0,0,0,0
"MGYG000331355",0,0,0,0,0,0,0,0,0,0,0,0,0,0,0,0,0,0,0,0,14,0,0,0,0,0,0,0,12,0,0,0,0,0,0,0,0,0,0,0,0,0,0,0,0,0,0
"VSOB01 sp910585205",0,0,0,0,0,0,0,0,0,0,0,0,0,0,0,0,0,0,0,0,13,0,0,0,0,0,0,0,16,0,0,0,0,0,0,13,0,0,0,0,0,0,0,0,0,11,0
"Choladousia sp902363135",0,0,0,0,0,0,0,0,0,0,0,0,0,0,0,0,0,0,0,0,14,0,0,0,0,0,0,0,0,0,0,0,0,0,0,0,0,0,0,0,0,0,0,0,0,0,0
"MGYG000325445",0,0,0,0,0,0,0,0,0,0,0,0,0,0,0,0,0,0,0,0,12,0,0,0,0,0,0,0,0,0,0,0,0,0,0,0,0,0,0,0,0,0,0,0,0,0,0
"MGYG000324619",0,0,0,0,0,0,0,0,0,0,0,0,0,0,0,0,0,0,0,0,16,0,0,0,0,0,0,0,11,0,0,0,0,0,0,0,0,0,0,0,0,0,0,0,0,0,0
"MGYG000325654",0,0,0,0,0,0,0,0,0,0,0,0,0,0,0,0,0,0,0,0,10,0,0,0,0,0,0,0,11,0,0,0,0,0,0,0,0,0,0,0,0,0,0,0,0,0,0
"MGYG000330463",0,0,0,0,0,0,0,0,0,0,0,0,0,0,0,0,0,0,0,0,16,0,0,0,0,0,0,0,0,0,0,0,0,0,0,10,0,0,0,0,0,0,0,0,0,0,0
"Lacrimispora celerecrescens_B",0,0,0,0,0,0,0,0,0,0,0,0,0,0,0,0,0,0,0,0,10,0,0,0,0,0,0,0,0,0,0,0,0,0,0,0,0,0,0,0,0,0,0,0,0,0,0
"CAG-632 sp000431515",0,0,0,0,0,0,0,0,0,0,0,0,0,0,0,0,0,0,0,0,13,0,0,0,0,0,0,0,0,0,0,0,0,0,0,0,0,0,0,0,0,0,0,0,0,0,0
"MGYG000322973",0,0,0,0,0,0,0,0,0,0,0,0,0,0,0,0,0,0,0,0,18,0,0,0,0,0,0,0,13,0,0,0,0,0,0,0,0,0,0,0,0,0,0,0,0,0,0
"Robinsoniella sp900555455",0,0,0,0,0,0,0,0,0,0,0,0,0,0,0,0,0,0,0,0,17,0,0,0,0,0,0,0,0,0,0,0,0,0,0,11,0,0,0,0,0,0,0,0,0,0,0
"Lawsonibacter asaccharolyticus",0,0,0,0,0,0,0,0,0,0,0,0,0,0,0,0,0,0,0,0,37,0,0,0,0,0,0,0,18,0,0,0,0,0,0,15,0,0,0,0,0,0,0,0,0,0,0
"Enterenecus sp932222125",0,0,0,0,0,0,0,0,0,0,0,0,0,0,0,0,0,0,0,0,17,0,0,0,0,0,0,0,16,0,0,0,0,0,0,13,0,0,0,0,0,0,0,0,0,0,0
"MGYG000330031",0,0,0,0,0,0,0,0,0,0,0,0,0,0,0,0,0,0,0,0,22,0,0,0,0,0,0,0,18,0,0,0,0,0,0,10,0,0,0,0,0,0,0,11,0,0,0
"MGYG000327784",0,0,0,0,0,0,0,0,0,0,0,0,0,0,0,0,0,0,0,0,16,0,0,0,0,0,0,0,14,0,0,0,0,0,0,0,0,0,0,0,0,0,0,0,0,0,0
"MGYG000329422",0,0,0,0,0,0,0,0,0,0,0,0,0,0,0,0,0,0,0,0,13,0,0,0,0,0,0,0,0,0,0,0,0,0,0,0,0,0,0,0,0,0,0,0,0,0,0
"MGYG000336017",0,0,0,0,0,0,0,0,0,0,0,0,0,0,0,0,0,0,0,0,12,0,0,0,0,0,0,0,11,0,0,0,0,0,0,0,0,0,0,0,0,0,0,0,0,0,0
"Faecousia sp910589155",0,0,0,0,0,0,0,0,0,0,0,0,0,0,0,0,0,0,0,0,10,0,0,0,0,0,0,0,0,0,0,0,0,0,0,0,0,0,0,0,0,0,0,0,0,0,0
"MGYG000410450",0,0,0,0,0,0,0,0,0,0,0,0,0,0,0,0,0,0,0,0,18,0,0,0,0,0,0,0,17,0,0,0,0,0,0,0,0,0,0,0,0,0,0,0,0,0,0
"Vescimonas coprocola",0,0,0,0,0,0,0,0,0,0,0,0,0,0,0,0,0,0,0,0,13,0,0,0,0,0,0,0,0,0,0,0,0,0,0,0,0,0,0,0,0,0,0,0,0,0,0
"MGYG000390383",0,0,0,0,0,0,0,0,0,0,0,0,0,0,0,0,0,0,0,0,14,0,0,0,0,0,0,0,11,0,0,0,0,0,0,0,0,0,0,0,0,0,0,0,0,0,0
"MGYG000322982",0,0,0,0,0,0,0,0,0,0,0,0,0,0,0,0,0,0,0,0,12,0,0,0,0,0,0,0,0,0,0,0,0,0,0,0,0,0,0,0,0,0,0,12,0,0,0
"CAG-170 sp900553545",0,0,0,0,0,0,0,0,0,0,0,0,0,0,0,0,0,0,0,0,14,0,0,0,0,0,0,0,0,0,0,0,0,0,0,10,0,0,0,0,0,0,0,11,0,0,0
"Oscillibacter sp002455655",0,0,0,0,0,0,0,0,0,0,0,0,0,0,0,0,0,0,0,0,17,0,0,0,0,0,0,0,12,0,0,0,0,0,0,11,0,0,0,0,0,0,0,0,0,0,0
"MGYG000325106",0,0,0,0,0,0,0,0,0,0,0,0,0,0,0,0,0,0,0,0,11,0,0,0,0,0,0,0,15,0,0,0,0,0,0,0,0,0,0,0,0,0,0,0,0,0,0
"Angelakisella sp022794295",0,0,0,0,0,0,0,0,0,0,0,0,0,0,0,0,0,0,0,0,16,0,0,0,0,0,0,0,18,0,0,0,0,0,0,0,0,0,0,0,0,0,0,0,0,0,0
"UBA3818 sp910578255",0,0,0,0,0,0,0,0,0,0,0,0,0,0,0,0,0,0,0,0,14,0,0,0,0,0,11,0,11,0,0,0,0,0,0,0,0,0,0,0,0,0,0,0,0,0,0
"MGYG000325720",0,0,0,0,0,0,0,0,0,0,0,0,0,0,0,0,0,0,0,0,13,0,0,0,0,0,0,0,10,0,0,0,0,0,0,0,0,0,0,0,0,0,0,0,0,0,0
"MGYG000326653",0,0,0,0,0,0,0,0,0,0,0,0,0,0,0,0,0,0,0,0,33,0,0,0,0,0,0,0,23,0,0,0,0,0,0,0,0,0,0,0,0,0,0,0,0,0,0
"Ruminococcus_C sp000433635",0,0,0,0,0,0,0,0,0,0,0,0,0,0,0,0,0,0,0,0,29,0,0,0,0,0,0,0,22,0,0,0,0,0,0,0,0,0,0,0,0,0,0,0,0,0,0
"Harryflintia sp022792175",0,0,0,0,0,0,0,0,0,0,0,0,0,0,0,0,0,0,0,0,19,0,0,0,0,0,0,0,11,0,0,0,0,0,0,12,0,0,0,0,0,0,0,0,0,0,0
"MGYG000410206",0,0,0,0,0,0,0,0,0,0,0,0,0,0,0,0,0,0,0,0,13,0,0,0,0,0,0,0,12,0,0,0,0,0,0,0,0,0,0,0,0,0,0,0,0,0,0
"UMGS1668 sp900553955",0,0,0,0,0,0,0,0,0,0,0,0,0,0,0,0,0,0,0,0,10,0,0,0,0,0,0,0,0,0,0,0,0,0,0,0,0,0,0,0,0,0,0,0,0,0,0
"Pseudobutyricicoccus sp910585875",0,0,0,0,0,0,0,0,0,0,0,0,0,0,0,0,0,0,0,0,16,0,0,0,0,0,0,0,0,0,0,0,0,0,0,0,0,0,0,0,0,0,0,0,0,0,0
"MGYG000410157",0,0,0,0,0,0,0,0,0,0,0,0,0,0,0,0,0,0,0,0,13,0,0,0,0,0,0,0,12,0,0,0,0,0,0,0,0,0,0,0,0,0,0,0,0,0,0
"Fimimonas sp910586625",0,0,0,0,0,0,0,0,0,0,0,0,0,0,0,0,0,0,0,0,15,0,0,0,0,0,0,0,0,0,67,0,0,0,0,0,0,0,146,0,0,14,0,0,0,130,0
"MGYG000344714",0,0,0,0,0,0,0,0,0,0,0,0,0,0,0,0,0,0,0,0,32,0,0,0,0,0,0,0,29,0,0,0,0,0,0,0,0,0,0,13,0,0,0,0,545,0,0
"MGYG000324647",0,0,0,0,0,0,0,0,0,0,0,0,0,0,0,0,0,0,0,0,31,0,0,0,0,0,0,0,20,0,0,0,0,0,0,12,0,0,0,0,0,0,0,0,0,0,0
"MGYG000409944",0,0,0,0,0,0,0,0,0,0,0,0,0,0,0,0,0,0,0,0,15,0,0,0,0,0,0,0,11,0,0,0,0,0,0,0,0,0,0,0,0,0,0,0,0,0,0
"MGYG000377617",0,0,0,0,0,0,0,0,0,0,0,0,0,0,0,0,0,0,0,0,15,0,0,0,0,0,0,0,0,0,0,0,0,0,0,11,0,0,0,0,0,0,0,0,0,0,0
"MGYG000403771",0,0,0,0,0,0,0,0,0,0,0,0,0,0,0,0,0,0,0,0,12,0,0,0,0,0,0,0,0,0,0,0,0,0,0,0,0,0,0,0,0,0,0,0,0,0,0
"MGYG000325091",0,0,0,0,0,0,0,0,0,0,0,0,0,0,0,0,0,0,0,0,18,0,0,0,0,0,0,0,13,0,0,0,0,0,0,0,0,0,0,0,0,0,0,0,0,0,0
"MGYG000357633",0,0,0,0,0,0,0,0,0,0,0,0,0,0,0,0,0,0,0,0,0,14,0,0,0,0,0,0,0,0,0,0,0,0,0,0,0,0,0,0,0,0,0,0,0,0,0
"Treponema_D sp014804085",0,0,0,0,0,0,0,0,0,0,0,0,0,0,0,0,0,0,0,0,0,13,0,0,0,0,0,0,0,0,0,0,0,0,0,0,0,0,0,0,0,0,0,0,0,0,0
"Atopostipes sp910588235",0,0,0,0,0,0,0,0,0,0,0,0,0,0,0,0,0,0,0,0,0,0,0,0,0,11,55,0,0,0,0,0,0,0,0,0,0,0,0,0,0,0,0,0,0,0,11
"MGYG000325609",0,0,0,0,0,0,0,0,0,0,0,0,0,0,0,0,0,0,0,0,0,0,0,0,0,11,0,0,18,0,0,0,0,0,0,0,0,0,0,0,0,0,0,0,0,0,0
"MGYG000324383",0,0,0,0,0,0,0,0,0,0,0,0,0,0,0,0,0,0,0,0,0,0,0,0,0,19,0,0,0,0,0,0,0,0,0,0,0,0,0,0,0,0,0,0,0,0,0
"Parabacteroides gordonii",0,0,0,0,0,0,0,0,0,0,0,0,0,0,0,0,0,0,0,0,0,0,0,0,0,10,0,0,0,0,0,0,0,0,0,0,0,0,0,0,0,0,0,0,0,0,0
"Cryptobacteroides sp000434935",0,0,0,0,0,0,0,0,0,0,0,0,0,0,0,0,0,0,0,0,0,0,0,0,0,10,0,0,0,0,0,0,0,0,0,0,0,0,0,0,0,0,0,0,0,10,0
"MGBC139354 sp910586295",0,0,0,0,0,0,0,0,0,0,0,0,0,0,0,0,0,0,0,0,0,0,0,0,0,0,92,0,0,0,0,0,0,0,0,0,0,0,0,0,0,0,0,0,0,0,0
"MGBC119817 sp910585335",0,0,0,0,0,0,0,0,0,0,0,0,0,0,0,0,0,0,0,0,0,0,0,0,0,0,78,0,0,0,0,0,0,0,0,0,0,0,0,0,0,0,0,0,13,0,0
"Coprosoma sp902783895",0,0,0,0,0,0,0,0,0,0,0,0,0,0,0,0,0,0,0,0,0,0,0,0,0,0,59,0,0,0,0,0,0,0,0,0,0,0,0,0,0,0,0,0,0,0,0
"MGYG000327915",0,0,0,0,0,0,0,0,0,0,0,0,0,0,0,0,0,0,0,0,0,0,0,0,0,0,13,0,0,0,0,0,0,0,0,0,0,0,0,0,0,0,0,0,0,0,0
"Bacillus spizizenii",0,0,0,0,0,0,0,0,0,0,0,0,0,0,0,0,0,0,0,0,0,0,0,0,0,0,16,0,0,0,0,0,0,0,0,0,0,0,0,0,0,0,0,0,0,0,0
"Allobacillus halotolerans",0,0,0,0,0,0,0,0,0,0,0,0,0,0,0,0,0,0,0,0,0,0,0,0,0,0,38,0,0,0,0,0,0,0,0,0,0,0,0,0,0,0,0,0,0,0,0
"Caccosoma sp905197115",0,0,0,0,0,0,0,0,0,0,0,0,0,0,0,0,0,0,0,0,0,0,0,0,0,0,10,0,0,0,0,0,0,0,0,0,0,0,0,0,0,0,0,0,0,0,0
"MGYG000325901",0,0,0,0,0,0,0,0,0,0,0,0,0,0,0,0,0,0,0,0,0,0,0,0,0,0,28,0,0,0,0,0,0,0,0,0,0,0,0,0,0,0,0,0,0,0,0
"MGYG000325369",0,0,0,0,0,0,0,0,0,0,0,0,0,0,0,0,0,0,0,0,0,0,0,0,0,0,0,0,14,0,0,0,0,0,0,15,0,0,0,0,0,0,0,0,0,0,0
"MGYG000325412",0,0,0,0,0,0,0,0,0,0,0,0,0,0,0,0,0,0,0,0,0,0,0,0,0,0,0,0,12,0,0,0,0,0,0,0,0,0,0,0,0,0,0,10,0,0,0
"Alistipes_A sp910583985",0,0,0,0,0,0,0,0,0,0,0,0,0,0,0,0,0,0,0,0,0,0,0,0,0,0,0,0,15,0,0,0,0,0,0,0,0,0,0,0,0,0,0,0,0,0,0
"MGYG000325656",0,0,0,0,0,0,0,0,0,0,0,0,0,0,0,0,0,0,0,0,0,0,0,0,0,0,0,0,14,0,0,0,0,0,0,0,0,0,0,0,0,0,0,0,0,0,0
"MGYG000325417",0,0,0,0,0,0,0,0,0,0,0,0,0,0,0,0,0,0,0,0,0,0,0,0,0,0,0,0,14,0,0,0,0,0,0,0,0,0,0,0,0,0,0,0,0,0,0
"Acetatifactor intestinalis",0,0,0,0,0,0,0,0,0,0,0,0,0,0,0,0,0,0,0,0,0,0,0,0,0,0,0,0,10,0,0,0,0,0,0,0,0,0,0,0,0,0,0,0,0,0,0
"MGYG000329006",0,0,0,0,0,0,0,0,0,0,0,0,0,0,0,0,0,0,0,0,0,0,0,0,0,0,0,0,10,0,0,0,0,0,0,0,0,0,0,0,0,0,0,0,0,0,0
"Blautia_A faecis",0,0,0,0,0,0,0,0,0,0,0,0,0,0,0,0,0,0,0,0,0,0,0,0,0,0,0,0,11,0,0,0,0,0,0,0,0,0,0,0,0,0,0,0,0,0,0
"Hominisplanchenecus faecis",0,0,0,0,0,0,0,0,0,0,0,0,0,0,0,0,0,0,0,0,0,0,0,0,0,0,0,0,11,0,0,0,0,0,0,0,0,0,0,0,0,0,0,0,0,0,0
"MGYG000329682",0,0,0,0,0,0,0,0,0,0,0,0,0,0,0,0,0,0,0,0,0,0,0,0,0,0,0,0,10,0,0,0,0,10,0,0,0,0,0,0,0,0,0,0,0,0,0
"Fimenecus sp900540295",0,0,0,0,0,0,0,0,0,0,0,0,0,0,0,0,0,0,0,0,0,0,0,0,0,0,0,0,15,0,0,0,0,0,0,0,0,0,0,0,0,0,0,0,0,0,0
"Clostridium_AM scatologenes",0,0,0,0,0,0,0,0,0,0,0,0,0,0,0,0,0,0,0,0,0,0,0,0,0,0,0,0,10,0,0,0,0,0,0,0,0,0,0,0,0,0,0,0,0,0,0
"MGYG000374388",0,0,0,0,0,0,0,0,0,0,0,0,0,0,0,0,0,0,0,0,0,0,0,0,0,0,0,0,10,0,0,0,0,0,0,0,0,0,0,0,0,0,0,0,0,0,0
"MGYG000323085",0,0,0,0,0,0,0,0,0,0,0,0,0,0,0,0,0,0,0,0,0,0,0,0,0,0,0,0,10,0,0,0,0,0,0,0,0,0,0,0,0,0,0,0,0,0,0
"Coprocola sp910587195",0,0,0,0,0,0,0,0,0,0,0,0,0,0,0,0,0,0,0,0,0,0,0,0,0,0,0,0,0,12,0,0,0,0,0,0,0,0,0,0,0,0,0,0,0,0,0
"MGYG000323975",0,0,0,0,0,0,0,0,0,0,0,0,0,0,0,0,0,0,0,0,0,0,0,0,0,0,0,0,0,26,0,0,0,0,31,0,0,0,0,0,0,0,0,0,0,0,0
"MGYG000330936",0,0,0,0,0,0,0,0,0,0,0,0,0,0,0,0,0,0,0,0,0,0,0,0,0,0,0,0,0,0,0,12,0,0,0,0,0,0,0,0,0,0,0,26,0,0,0
"Alistipes shahii",0,0,0,0,0,0,0,0,0,0,0,0,0,0,0,0,0,0,0,0,0,0,0,0,0,0,0,0,0,0,0,11,0,0,0,0,0,0,0,0,0,0,0,21,0,0,0
"Eisenbergiella sp900066775",0,0,0,0,0,0,0,0,0,0,0,0,0,0,0,0,0,0,0,0,0,0,0,0,0,0,0,0,0,0,0,11,0,0,0,0,0,0,0,0,0,0,0,19,0,0,0
"Murimonas intestini",0,0,0,0,0,0,0,0,0,0,0,0,0,0,0,0,0,0,0,0,0,0,0,0,0,0,0,0,0,0,0,34,0,0,0,0,0,0,0,0,0,0,0,120,0,0,0
"Mediterraneibacter torques",0,0,0,0,0,0,0,0,0,0,0,0,0,0,0,0,0,0,0,0,0,0,0,0,0,0,0,0,0,0,0,11,0,0,0,0,0,0,0,0,0,0,0,13,0,0,0
"Caccousia sp900752115",0,0,0,0,0,0,0,0,0,0,0,0,0,0,0,0,0,0,0,0,0,0,0,0,0,0,0,0,0,0,0,15,0,0,0,0,0,0,0,0,0,0,0,28,0,0,0
"MGYG000327130",0,0,0,0,0,0,0,0,0,0,0,0,0,0,0,0,0,0,0,0,0,0,0,0,0,0,0,0,0,0,0,20,0,0,0,0,0,0,0,0,0,0,0,60,0,0,0
"Klebsiella pneumoniae",0,0,0,0,0,0,0,0,0,0,0,0,0,0,0,0,0,0,0,0,0,0,0,0,0,0,0,0,0,0,0,19,0,0,0,0,0,0,0,57,0,0,0,35,0,0,0
"Citrobacter_A sedlakii",0,0,0,0,0,0,0,0,0,0,0,0,0,0,0,0,0,0,0,0,0,0,0,0,0,0,0,0,0,0,0,10,0,0,0,0,0,0,0,44,0,0,0,27,0,0,0
"Proteus faecis",0,0,0,0,0,0,0,0,0,0,0,0,0,0,0,0,0,0,0,0,0,0,0,0,0,0,0,0,0,0,0,16,0,0,0,0,0,0,0,31,0,0,0,46,0,0,0
"MGYG000410940",0,0,0,0,0,0,0,0,0,0,0,0,0,0,0,0,0,0,0,0,0,0,0,0,0,0,0,0,0,0,0,0,0,16,0,0,0,0,0,0,0,0,0,0,0,0,0
"Ruminococcus sp002362135",0,0,0,0,0,0,0,0,0,0,0,0,0,0,0,0,0,0,0,0,0,0,0,0,0,0,0,0,0,0,0,0,0,0,25,0,0,0,0,0,0,0,0,0,0,0,0
"MGYG000325359",0,0,0,0,0,0,0,0,0,0,0,0,0,0,0,0,0,0,0,0,0,0,0,0,0,0,0,0,0,0,0,0,0,0,0,20,0,0,0,0,0,0,0,0,0,0,0
"MGYG000325563",0,0,0,0,0,0,0,0,0,0,0,0,0,0,0,0,0,0,0,0,0,0,0,0,0,0,0,0,0,0,0,0,0,0,0,15,0,0,0,0,0,0,0,0,0,0,0
"Prevotella sp900313215",0,0,0,0,0,0,0,0,0,0,0,0,0,0,0,0,0,0,0,0,0,0,0,0,0,0,0,0,0,0,0,0,0,0,0,10,0,0,0,0,0,0,0,0,0,0,0
"MGYG000325556",0,0,0,0,0,0,0,0,0,0,0,0,0,0,0,0,0,0,0,0,0,0,0,0,0,0,0,0,0,0,0,0,0,0,0,16,0,0,0,0,0,0,0,0,0,0,0
"Alloprevotella sp900542795",0,0,0,0,0,0,0,0,0,0,0,0,0,0,0,0,0,0,0,0,0,0,0,0,0,0,0,0,0,0,0,0,0,0,0,13,0,0,0,0,0,0,0,0,0,0,0
"Paraprevotella sp910584955",0,0,0,0,0,0,0,0,0,0,0,0,0,0,0,0,0,0,0,0,0,0,0,0,0,0,0,0,0,0,0,0,0,0,0,13,0,0,0,0,0,0,0,12,0,0,0
"Paraprevotella clara",0,0,0,0,0,0,0,0,0,0,0,0,0,0,0,0,0,0,0,0,0,0,0,0,0,0,0,0,0,0,0,0,0,0,0,11,0,0,0,0,0,0,0,11,0,0,0
"Alistipes sp910580175",0,0,0,0,0,0,0,0,0,0,0,0,0,0,0,0,0,0,0,0,0,0,0,0,0,0,0,0,0,0,0,0,0,0,0,10,0,0,0,0,0,0,0,0,0,0,0
"MGYG000325594",0,0,0,0,0,0,0,0,0,0,0,0,0,0,0,0,0,0,0,0,0,0,0,0,0,0,0,0,0,0,0,0,0,0,0,30,0,0,0,0,0,0,0,0,0,0,0
"MGYG000325683",0,0,0,0,0,0,0,0,0,0,0,0,0,0,0,0,0,0,0,0,0,0,0,0,0,0,0,0,0,0,0,0,0,0,0,13,0,0,0,0,0,0,0,0,0,0,0
"RUG572 sp900547945",0,0,0,0,0,0,0,0,0,0,0,0,0,0,0,0,0,0,0,0,0,0,0,0,0,0,0,0,0,0,0,0,0,0,0,10,0,0,0,0,0,0,0,0,0,16,0
"CAG-170 sp900548625",0,0,0,0,0,0,0,0,0,0,0,0,0,0,0,0,0,0,0,0,0,0,0,0,0,0,0,0,0,0,0,0,0,0,0,16,0,0,0,0,0,0,0,0,0,0,0
"Vescimonas sp000435975",0,0,0,0,0,0,0,0,0,0,0,0,0,0,0,0,0,0,0,0,0,0,0,0,0,0,0,0,0,0,0,0,0,0,0,10,0,0,0,0,0,0,0,0,0,0,0
"MGYG000325673",0,0,0,0,0,0,0,0,0,0,0,0,0,0,0,0,0,0,0,0,0,0,0,0,0,0,0,0,0,0,0,0,0,0,0,13,0,0,0,0,0,0,0,0,0,0,0
"CAG-41 sp910585795",0,0,0,0,0,0,0,0,0,0,0,0,0,0,0,0,0,0,0,0,0,0,0,0,0,0,0,0,0,0,0,0,0,0,0,53,0,0,0,0,0,0,0,0,0,0,0
"Massiliimalia timonensis",0,0,0,0,0,0,0,0,0,0,0,0,0,0,0,0,0,0,0,0,0,0,0,0,0,0,0,0,0,0,0,0,0,0,0,0,0,0,10,0,0,0,0,0,0,0,0
"Klebsiella quasipneumoniae",0,0,0,0,0,0,0,0,0,0,0,0,0,0,0,0,0,0,0,0,0,0,0,0,0,0,0,0,0,0,0,0,0,0,0,0,0,0,0,29,0,0,0,0,0,0,0
"Klebsiella oxytoca",0,0,0,0,0,0,0,0,0,0,0,0,0,0,0,0,0,0,0,0,0,0,0,0,0,0,0,0,0,0,0,0,0,0,0,0,0,0,0,18,0,0,0,0,0,0,0
"Proteus mirabilis",0,0,0,0,0,0,0,0,0,0,0,0,0,0,0,0,0,0,0,0,0,0,0,0,0,0,0,0,0,0,0,0,0,0,0,0,0,0,0,14,0,0,0,0,0,0,0
"Streptococcus thermophilus",0,0,0,0,0,0,0,0,0,0,0,0,0,0,0,0,0,0,0,0,0,0,0,0,0,0,0,0,0,0,0,0,0,0,0,0,0,0,0,30,0,0,0,0,502,0,0
"MGYG000392040",0,0,0,0,0,0,0,0,0,0,0,0,0,0,0,0,0,0,0,0,0,0,0,0,0,0,0,0,0,0,0,0,0,0,0,0,0,0,0,15,0,0,0,0,38,0,0
"MGYG000336888",0,0,0,0,0,0,0,0,0,0,0,0,0,0,0,0,0,0,0,0,0,0,0,0,0,0,0,0,0,0,0,0,0,0,0,0,0,0,0,27,0,0,0,0,228,0,0
"MGYG000323672",0,0,0,0,0,0,0,0,0,0,0,0,0,0,0,0,0,0,0,0,0,0,0,0,0,0,0,0,0,0,0,0,0,0,0,0,0,0,0,22,0,0,0,0,52,0,0
"MGYG000387283",0,0,0,0,0,0,0,0,0,0,0,0,0,0,0,0,0,0,0,0,0,0,0,0,0,0,0,0,0,0,0,0,0,0,0,0,0,0,0,0,11,0,0,0,0,0,0
"Eisenbergiella tayi",0,0,0,0,0,0,0,0,0,0,0,0,0,0,0,0,0,0,0,0,0,0,0,0,0,0,0,0,0,0,0,0,0,0,0,0,0,0,0,0,11,0,0,0,0,0,0
"Blautia sp000432195",0,0,0,0,0,0,0,0,0,0,0,0,0,0,0,0,0,0,0,0,0,0,0,0,0,0,0,0,0,0,0,0,0,0,0,0,0,0,0,0,12,0,0,0,0,0,0
"Lachnospira eligens_A",0,0,0,0,0,0,0,0,0,0,0,0,0,0,0,0,0,0,0,0,0,0,0,0,0,0,0,0,0,0,0,0,0,0,0,0,0,0,0,0,20,0,0,0,0,0,0
"Choladousia sp902363665",0,0,0,0,0,0,0,0,0,0,0,0,0,0,0,0,0,0,0,0,0,0,0,0,0,0,0,0,0,0,0,0,0,0,0,0,0,0,0,0,12,0,0,0,0,0,0
"MGYG000328544",0,0,0,0,0,0,0,0,0,0,0,0,0,0,0,0,0,0,0,0,0,0,0,0,0,0,0,0,0,0,0,0,0,0,0,0,0,0,0,0,14,0,0,0,0,0,0
"JAAWTG01 sp022801925",0,0,0,0,0,0,0,0,0,0,0,0,0,0,0,0,0,0,0,0,0,0,0,0,0,0,0,0,0,0,0,0,0,0,0,0,0,0,0,0,11,0,0,0,0,0,0
"MGYG000325459",0,0,0,0,0,0,0,0,0,0,0,0,0,0,0,0,0,0,0,0,0,0,0,0,0,0,0,0,0,0,0,0,0,0,0,0,0,0,0,0,0,0,0,0,0,0,0
"MGYG000325725",0,0,0,0,0,0,0,0,0,0,0,0,0,0,0,0,0,0,0,0,0,0,0,0,0,0,0,0,0,0,0,0,0,0,0,0,0,0,0,0,0,0,0,0,0,0,0
"Alistipes sp910586375",0,0,0,0,0,0,0,0,0,0,0,0,0,0,0,0,0,0,0,0,0,0,0,0,0,0,0,0,0,0,0,0,0,0,0,0,0,0,0,0,0,0,0,0,0,0,0
"Alistipes sp014796635",0,0,0,0,0,0,0,0,0,0,0,0,0,0,0,0,0,0,0,0,0,0,0,0,0,0,0,0,0,0,0,0,0,0,0,0,0,0,0,0,0,0,0,0,0,0,0
"Alistipes sp910584485",0,0,0,0,0,0,0,0,0,0,0,0,0,0,0,0,0,0,0,0,0,0,0,0,0,0,0,0,0,0,0,0,0,0,0,0,0,0,0,0,0,0,0,0,0,0,0
"MGYG000325702",0,0,0,0,0,0,0,0,0,0,0,0,0,0,0,0,0,0,0,0,0,0,0,0,0,0,0,0,0,0,0,0,0,0,0,0,0,0,0,0,0,0,0,0,0,0,0
"MGYG000329018",0,0,0,0,0,0,0,0,0,0,0,0,0,0,0,0,0,0,0,0,0,0,0,0,0,0,0,0,0,0,0,0,0,0,0,0,0,0,0,0,0,0,0,0,0,0,0
"MGYG000325591",0,0,0,0,0,0,0,0,0,0,0,0,0,0,0,0,0,0,0,0,0,0,0,0,0,0,0,0,0,0,0,0,0,0,0,0,0,0,0,0,0,0,0,0,0,0,0
"Alistipes sp902363575",0,0,0,0,0,0,0,0,0,0,0,0,0,0,0,0,0,0,0,0,0,0,0,0,0,0,0,0,0,0,0,0,0,0,0,0,0,0,0,0,0,0,0,0,0,0,0
"Alistipes sp017442365",0,0,0,0,0,0,0,0,0,0,0,0,0,0,0,0,0,0,0,0,0,0,0,0,0,0,0,0,0,0,0,0,0,0,0,0,0,0,0,0,0,0,0,0,0,0,0
"MGYG000340909",0,0,0,0,0,0,0,0,0,0,0,0,0,0,0,0,0,0,0,0,0,0,0,0,0,0,0,0,0,0,0,0,0,0,0,0,0,0,0,0,0,0,0,0,0,0,0
"Butyricimonas sp900184685",0,0,0,0,0,0,0,0,0,0,0,0,0,0,0,0,0,0,0,0,0,0,0,0,0,0,0,0,0,0,0,0,0,0,0,0,0,0,0,0,0,0,0,0,0,0,0
"CAG-273 sp910589185",0,0,0,0,0,0,0,0,0,0,0,0,0,0,0,0,0,0,0,0,0,0,0,0,0,0,0,0,0,0,0,0,0,0,0,0,0,0,0,0,0,0,0,0,0,0,0
"MGYG000327606",0,0,0,0,0,0,0,0,0,0,0,0,0,0,0,0,0,0,0,0,0,0,0,0,0,0,0,0,0,0,0,0,0,0,0,0,0,0,0,0,0,0,0,0,0,0,0
"MGYG000375485",0,0,0,0,0,0,0,0,0,0,0,0,0,0,0,0,0,0,0,0,0,0,0,0,0,0,0,0,0,0,0,0,0,0,0,0,0,0,0,0,0,0,0,0,0,0,0
"JAAWPK01 sp022799935",0,0,0,0,0,0,0,0,0,0,0,0,0,0,0,0,0,0,0,0,0,0,0,0,0,0,0,0,0,0,0,0,0,0,0,0,0,0,0,0,0,0,0,0,0,0,0
"MGYG000388007",0,0,0,0,0,0,0,0,0,0,0,0,0,0,0,0,0,0,0,0,0,0,0,0,0,0,0,0,0,0,0,0,0,0,0,0,0,0,0,0,0,0,0,0,0,0,0
"CAKPSH01 sp022795675",0,0,0,0,0,0,0,0,0,0,0,0,0,0,0,0,0,0,0,0,0,0,0,0,0,0,0,0,0,0,0,0,0,0,0,0,0,0,0,0,0,0,0,0,0,0,0
"Coproplasma sp910577055",0,0,0,0,0,0,0,0,0,0,0,0,0,0,0,0,0,0,0,0,0,0,0,0,0,0,0,0,0,0,0,0,0,0,0,0,0,0,0,0,0,0,0,0,0,0,0
"Coproplasma sp910578565",0,0,0,0,0,0,0,0,0,0,0,0,0,0,0,0,0,0,0,0,0,0,0,0,0,0,0,0,0,0,0,0,0,0,0,0,0,0,0,0,0,0,0,0,0,0,0
"Coproplasma sp910583855",0,0,0,0,0,0,0,0,0,0,0,0,0,0,0,0,0,0,0,0,0,0,0,0,0,0,0,0,0,0,0,0,0,0,0,0,0,0,0,0,0,0,0,0,0,0,0
"Pumilibacter sp022791915",0,0,0,0,0,0,0,0,0,0,0,0,0,0,0,0,0,0,0,0,0,0,0,0,0,0,0,0,0,0,0,0,0,0,0,0,0,0,0,0,0,0,0,0,0,0,0
"MGYG000327260",0,0,0,0,0,0,0,0,0,0,0,0,0,0,0,0,0,0,0,0,0,0,0,0,0,0,0,0,0,0,0,0,0,0,0,0,0,0,0,0,0,0,0,0,0,0,0
"Streptococcus danieliae_A",0,0,0,0,0,0,0,0,0,0,0,0,0,0,0,0,0,0,0,0,0,0,0,0,0,0,0,0,0,0,0,0,0,0,0,0,0,0,0,0,0,0,0,0,0,0,0
"MGYG000325460",0,0,0,0,0,0,0,0,0,0,0,0,0,0,0,0,0,0,0,0,0,0,0,0,0,0,0,0,0,0,0,0,0,0,0,0,0,0,0,0,0,0,0,0,0,0,0
"MGYG000330364",0,0,0,0,0,0,0,0,0,0,0,0,0,0,0,0,0,0,0,0,0,0,0,0,0,0,0,0,0,0,0,0,0,0,0,0,0,0,0,0,0,0,0,0,0,0,0
"MGYG000325579",0,0,0,0,0,0,0,0,0,0,0,0,0,0,0,0,0,0,0,0,0,0,0,0,0,0,0,0,0,0,0,0,0,0,0,0,0,0,0,0,0,0,0,12,0,0,0
"MGYG000409929",0,0,0,0,0,0,0,0,0,0,0,0,0,0,0,0,0,0,0,0,0,0,0,0,0,0,0,0,0,0,0,0,0,0,0,0,0,0,0,0,0,0,0,0,0,0,0
"MGBC122484 sp910577395",0,0,0,0,0,0,0,0,0,0,0,0,0,0,0,0,0,0,0,0,0,0,0,0,0,0,0,0,0,0,0,0,0,0,0,0,0,0,0,0,0,0,0,0,0,0,0
"MGYG000326706",0,0,0,0,0,0,0,0,0,0,0,0,0,0,0,0,0,0,0,0,0,0,0,0,0,0,0,0,0,0,0,0,0,0,0,0,0,0,0,0,0,0,0,0,0,0,0
"Alistipes sp904502285",0,0,0,0,0,0,0,0,0,0,0,0,0,0,0,0,0,0,0,0,0,0,0,0,0,0,0,0,0,0,0,0,0,0,0,0,0,0,0,0,0,0,0,0,0,0,0
"MGYG000325317",0,0,0,0,0,0,0,0,0,0,0,0,0,0,0,0,0,0,0,0,0,0,0,0,0,0,0,0,0,0,0,0,0,0,0,0,0,0,0,0,0,0,0,0,0,0,0
"MGYG000323691",0,0,0,0,0,0,0,0,0,0,0,0,0,0,0,0,0,0,0,0,0,0,0,0,0,0,0,0,0,0,0,0,0,0,0,0,0,0,0,0,0,0,0,0,0,0,0
"Tidjanibacter inops",0,0,0,0,0,0,0,0,0,0,0,0,0,0,0,0,0,0,0,0,0,0,0,0,0,0,0,0,0,0,0,0,0,0,0,0,0,0,0,0,0,0,0,0,0,0,0
"Prevotella sp002265625",0,0,0,0,0,0,0,0,0,0,0,0,0,0,0,0,0,0,0,0,0,0,0,0,0,0,0,0,0,0,0,0,0,0,0,0,0,0,0,0,0,0,0,0,0,0,0
"Prevotella sp900552515",0,0,0,0,0,0,0,0,0,0,0,0,0,0,0,0,0,0,0,0,0,0,0,0,0,0,0,0,0,0,0,0,0,0,0,0,0,0,0,0,0,0,0,0,0,0,0
"Phocaeicola coprophilus",0,0,0,0,0,0,0,0,0,0,0,0,0,0,0,0,0,0,0,0,0,0,0,0,0,0,0,0,0,0,0,0,0,0,0,0,0,0,0,0,0,0,0,0,0,0,0
"Paraprevotella sp003477995",0,0,0,0,0,0,0,0,0,0,0,0,0,0,0,0,0,0,0,0,0,0,0,0,0,0,0,0,0,0,0,0,0,0,0,0,0,0,0,0,0,0,0,0,0,0,0
"MGYG000326974",0,0,0,0,0,0,0,0,0,0,0,0,0,0,0,0,0,0,0,0,0,0,0,0,0,0,0,0,0,0,0,0,0,0,0,0,0,0,0,0,0,0,0,0,0,0,0
"Cryptobacteroides sp000432515",0,0,0,0,0,0,0,0,0,0,0,0,0,0,0,0,0,0,0,0,0,0,0,0,0,0,0,0,0,0,0,0,0,0,0,0,0,0,0,0,0,0,0,0,0,0,0
"Butyricimonas synergistica",0,0,0,0,0,0,0,0,0,0,0,0,0,0,0,0,0,0,0,0,0,0,0,0,0,0,0,0,0,0,0,0,0,0,0,0,0,0,0,0,0,0,0,0,0,12,0
"Butyricimonas sp003479425",0,0,0,0,0,0,0,0,0,0,0,0,0,0,0,0,0,0,0,0,0,0,0,0,0,0,0,0,0,0,0,0,0,0,0,0,0,0,0,0,0,0,0,0,0,0,0
"Faecousia sp000434635",0,0,0,0,0,0,0,0,0,0,0,0,0,0,0,0,0,0,0,0,0,0,0,0,0,0,0,0,0,0,0,0,0,0,0,0,0,0,0,0,0,0,0,0,0,0,0
"MGBC124762 sp910584395",0,0,0,0,0,0,0,0,0,0,0,0,0,0,0,0,0,0,0,0,0,0,0,0,0,0,0,0,0,0,0,0,0,0,0,0,0,0,0,0,0,0,0,0,0,0,0
"Vescimonas sp900551995",0,0,0,0,0,0,0,0,0,0,0,0,0,0,0,0,0,0,0,0,0,0,0,0,0,0,0,0,0,0,0,0,0,0,0,0,0,0,0,0,0,0,0,0,0,0,0
"Vescimonas sp900545585",0,0,0,0,0,0,0,0,0,0,0,0,0,0,0,0,0,0,0,0,0,0,0,0,0,0,0,0,0,0,0,0,0,0,0,0,0,0,0,0,0,0,0,0,0,0,0
"Ruminiclostridium_E sp910579265",0,0,0,0,0,0,0,0,0,0,0,0,0,0,0,0,0,0,0,0,0,0,0,0,0,0,0,0,0,0,0,0,0,0,0,0,0,0,0,0,0,0,0,0,0,0,0
"MGYG000323133",0,0,0,0,0,0,0,0,0,0,0,0,0,0,0,0,0,0,0,0,0,0,0,0,0,0,0,0,0,0,0,0,0,0,0,0,0,0,0,0,0,0,0,0,0,0,0
"CAG-115 sp910579125",0,0,0,0,0,0,0,0,0,0,0,0,0,0,0,0,0,0,0,0,0,0,0,0,0,0,0,0,0,0,0,0,0,0,0,0,0,0,0,0,0,0,0,0,0,0,0
"MGYG000327681",0,0,0,0,0,0,0,0,0,0,0,0,0,0,0,0,0,0,0,0,0,0,0,0,0,0,0,0,0,0,0,0,0,0,0,0,0,0,0,0,0,0,0,0,0,0,0
"RGIG8773 sp910586535",0,0,0,0,0,0,0,0,0,0,0,0,0,0,0,0,0,0,0,0,0,0,0,0,0,0,0,0,0,0,0,0,0,0,0,0,0,0,0,0,0,0,0,0,0,0,0
"MGYG000325664",0,0,0,0,0,0,0,0,0,0,0,0,0,0,0,0,0,0,0,0,0,0,0,0,0,0,0,0,0,0,0,0,0,0,0,0,0,0,0,0,0,0,0,0,0,0,0
"MGYG000325398",0,0,0,0,0,0,0,0,0,0,0,0,0,0,0,0,0,0,0,0,0,0,0,0,0,0,0,0,0,0,0,0,0,0,0,0,0,0,0,0,0,0,0,0,0,0,0
"Faecalibacterium sp900540455",0,0,0,0,0,0,0,0,0,0,0,0,0,0,0,0,0,0,0,0,0,0,0,0,0,0,0,0,0,0,0,0,0,0,0,0,0,0,0,0,0,0,0,0,0,0,0
"MGYG000323027",0,0,0,0,0,0,0,0,0,0,0,0,0,0,0,0,0,0,0,0,0,0,0,0,0,0,0,0,0,0,0,0,0,0,0,0,0,0,0,0,0,0,0,0,0,0,0
"MGYG000326165",0,0,0,0,0,0,0,0,0,0,0,0,0,0,0,0,0,0,0,0,0,0,0,0,0,0,0,0,0,0,0,0,0,0,0,0,0,0,0,0,0,0,0,0,0,0,0
"MGYG000325440",0,0,0,0,0,0,0,0,0,0,0,0,0,0,0,0,0,0,0,0,0,0,0,0,0,0,0,0,0,0,0,0,0,0,0,0,0,0,0,0,0,0,0,0,0,0,0
"MGYG000350587",0,0,0,0,0,0,0,0,0,0,0,0,0,0,0,0,0,0,0,0,0,0,0,0,0,0,0,0,0,0,0,0,0,0,0,0,0,0,0,0,0,0,0,0,0,0,0
"Lachnospira sp910585095",0,0,0,0,0,0,0,0,0,0,0,0,0,0,0,0,0,0,0,0,0,0,0,0,0,0,0,0,0,0,0,0,0,0,0,0,0,0,0,0,0,0,0,0,0,0,0
"MGYG000323782",0,0,0,0,0,0,0,0,0,0,0,0,0,0,0,0,0,0,0,0,0,0,0,0,0,0,0,0,0,0,0,0,0,0,0,0,0,0,0,0,0,0,0,0,0,0,0
"MGYG000329879",0,0,0,0,0,0,0,0,0,0,0,0,0,0,0,0,0,0,0,0,0,0,0,0,0,0,0,0,0,0,0,0,0,0,0,0,0,0,0,0,0,0,0,0,0,0,0
"Coprocola sp910586765",0,0,0,0,0,0,0,0,0,0,0,0,0,0,0,0,0,0,0,0,0,0,0,0,0,0,0,0,0,0,0,0,0,0,0,0,0,0,0,0,0,0,0,0,0,0,0
"MGYG000410417",0,0,0,0,0,0,0,0,0,0,0,0,0,0,0,0,0,0,0,0,0,0,0,0,0,0,0,0,0,0,0,0,0,0,0,0,0,0,0,0,0,0,0,0,0,0,0
"MGYG000327215",0,0,0,0,0,0,0,0,0,0,0,0,0,0,0,0,0,0,0,0,0,0,0,0,0,0,0,0,0,0,0,0,0,0,0,0,0,0,0,0,0,0,0,0,0,0,0
"MGYG000351753",0,0,0,0,0,0,0,0,0,0,0,0,0,0,0,0,0,0,0,0,0,0,0,0,0,0,0,0,0,0,0,0,0,0,0,0,0,0,0,0,0,0,0,0,0,0,0
"MGYG000403946",0,0,0,0,0,0,0,0,0,0,0,0,0,0,0,0,0,0,0,0,0,0,0,0,0,0,0,0,0,0,0,0,0,0,0,0,0,0,0,0,0,0,0,0,0,0,0
"MGYG000340871",0,0,0,0,0,0,0,0,0,0,0,0,0,0,0,0,0,0,0,0,0,0,0,0,0,0,0,0,0,0,0,0,0,0,0,0,0,0,0,0,0,0,0,0,0,0,0
"MGYG000330483",0,0,0,0,0,0,0,0,0,0,0,0,0,0,0,0,0,0,0,0,0,0,0,0,0,0,0,0,0,0,0,0,0,0,0,0,0,0,0,0,0,0,0,0,0,0,0
"MGYG000375087",0,0,0,0,0,0,0,0,0,0,0,0,0,0,0,0,0,0,0,0,0,0,0,0,0,0,0,0,0,0,0,0,0,0,0,0,0,0,0,0,0,0,0,0,0,0,0
"MGYG000380654",0,0,0,0,0,0,0,0,0,0,0,0,0,0,0,0,0,0,0,0,0,0,0,0,0,0,0,0,0,0,0,0,0,0,0,0,0,0,0,0,0,0,0,0,0,0,0
"MGYG000433109",0,0,0,0,0,0,0,0,0,0,0,0,0,0,0,0,0,0,0,0,0,0,0,0,0,0,0,0,0,0,0,0,0,0,0,0,0,0,0,0,0,0,0,0,0,0,0
"MGYG000329231",0,0,0,0,0,0,0,0,0,0,0,0,0,0,0,0,0,0,0,0,0,0,0,0,0,0,0,0,0,0,0,0,0,0,0,0,0,0,0,0,0,0,0,0,0,0,0
"MGYG000410463",0,0,0,0,0,0,0,0,0,0,0,0,0,0,0,0,0,0,0,0,0,0,0,0,0,0,0,0,0,0,0,0,0,0,0,0,0,0,0,0,0,0,0,0,0,0,0
"MGYG000325858",0,0,0,0,0,0,0,0,0,0,0,0,0,0,0,0,0,0,0,0,0,0,0,0,0,0,0,0,0,0,0,0,0,0,0,0,0,0,0,0,0,0,0,0,0,0,0
"MGYG000410524",0,0,0,0,0,0,0,0,0,0,0,0,0,0,0,0,0,0,0,0,0,0,0,0,0,0,0,0,0,0,0,0,0,0,0,0,0,0,0,0,0,0,0,0,0,0,0
"MGYG000329904",0,0,0,0,0,0,0,0,0,0,0,0,0,0,0,0,0,0,0,0,0,0,0,0,0,0,0,0,0,0,0,0,0,0,0,0,0,0,0,0,0,0,0,0,0,0,0
"MGYG000328992",0,0,0,0,0,0,0,0,0,0,0,0,0,0,0,0,0,0,0,0,0,0,0,0,0,0,0,0,0,0,0,0,0,0,0,0,0,0,0,0,0,0,0,0,0,0,0
"MGYG000328749",0,0,0,0,0,0,0,0,0,0,0,0,0,0,0,0,0,0,0,0,0,0,0,0,0,0,0,0,0,0,0,0,0,0,0,0,0,0,0,0,0,0,0,0,0,0,0
"CAG-273 sp022797215",0,0,0,0,0,0,0,0,0,0,0,0,0,0,0,0,0,0,0,0,0,0,0,0,0,0,0,0,0,0,0,0,0,0,0,0,0,0,0,0,0,0,0,0,0,0,0
"MGYG000329641",0,0,0,0,0,0,0,0,0,0,0,0,0,0,0,0,0,0,0,0,0,0,0,0,0,0,0,0,0,0,0,0,0,0,0,0,0,0,0,0,0,0,0,0,0,0,0
"MGYG000365455",0,0,0,0,0,0,0,0,0,0,0,0,0,0,0,0,0,0,0,0,0,0,0,0,0,0,0,0,0,0,0,0,0,0,0,0,0,0,0,0,0,0,0,0,0,0,0
"MGYG000410067",0,0,0,0,0,0,0,0,0,0,0,0,0,0,0,0,0,0,0,0,0,0,0,0,0,0,0,0,0,0,0,0,0,0,0,0,0,0,0,0,0,0,0,0,0,0,0
"CAG-269 sp022791675",0,0,0,0,0,0,0,0,0,0,0,0,0,0,0,0,0,0,0,0,0,0,0,0,0,0,0,0,0,0,0,0,0,0,0,0,0,0,0,0,0,0,0,0,0,0,0
"MGYG000328621",0,0,0,0,0,0,0,0,0,0,0,0,0,0,0,0,0,0,0,0,0,0,0,0,0,0,0,0,0,0,0,0,0,0,0,0,0,0,0,0,0,0,0,0,0,0,0
"MGYG000329059",0,0,0,0,0,0,0,0,0,0,0,0,0,0,0,0,0,0,0,0,0,0,0,0,0,0,0,0,0,0,0,0,0,0,0,0,0,0,0,0,0,0,0,0,0,0,0
"CAG-269 sp022794095",0,0,0,0,0,0,0,0,0,0,0,0,0,0,0,0,0,0,0,0,0,0,0,0,0,0,0,0,0,0,0,0,0,0,0,0,0,0,0,0,0,0,0,0,0,0,0
"CAG-269 sp022795075",0,0,0,0,0,0,0,0,0,0,0,0,0,0,0,0,0,0,0,0,0,0,0,0,0,0,0,0,0,0,0,0,0,0,0,0,0,0,0,0,0,0,0,0,0,0,0
"MGYG000342663",0,0,0,0,0,0,0,0,0,0,0,0,0,0,0,0,0,0,0,0,0,0,0,0,0,0,0,0,0,0,0,0,0,0,0,0,0,0,0,0,0,0,0,0,0,0,0
"CAG-269 sp022794055",0,0,0,0,0,0,0,0,0,0,0,0,0,0,0,0,0,0,0,0,0,0,0,0,0,0,0,0,0,0,0,0,0,0,0,0,0,0,0,0,0,0,0,0,0,0,0
"MGYG000365232",0,0,0,0,0,0,0,0,0,0,0,0,0,0,0,0,0,0,0,0,0,0,0,0,0,0,0,0,0,0,0,0,0,0,0,0,0,0,0,0,0,0,0,0,0,0,0
"MGYG000328829",0,0,0,0,0,0,0,0,0,0,0,0,0,0,0,0,0,0,0,0,0,0,0,0,0,0,0,0,0,0,0,0,0,0,0,0,0,0,0,0,0,0,0,0,0,0,0
"MGYG000332630",0,0,0,0,0,0,0,0,0,0,0,0,0,0,0,0,0,0,0,0,0,0,0,0,0,0,0,0,0,0,0,0,0,0,0,0,0,0,0,0,0,0,0,0,0,0,0
"MGYG000330993",0,0,0,0,0,0,0,0,0,0,0,0,0,0,0,0,0,0,0,0,0,0,0,0,0,0,0,0,0,0,0,0,0,0,0,0,0,0,0,0,0,0,0,0,0,0,0
"MGYG000329131",0,0,0,0,0,0,0,0,0,0,0,0,0,0,0,0,0,0,0,0,0,0,0,0,0,0,0,0,0,0,0,0,0,0,0,0,0,0,0,0,0,0,0,0,0,0,0
"MGYG000329360",0,0,0,0,0,0,0,0,0,0,0,0,0,0,0,0,0,0,0,0,0,0,0,0,0,0,0,0,0,0,0,0,0,0,0,0,0,0,0,0,0,0,0,0,0,0,0
"MGYG000329624",0,0,0,0,0,0,0,0,0,0,0,0,0,0,0,0,0,0,0,0,0,0,0,0,0,0,0,0,0,0,0,0,0,0,0,0,0,0,0,0,0,0,0,0,0,0,0
"MGYG000326992",0,0,0,0,0,0,0,0,0,0,0,0,0,0,0,0,0,0,0,0,0,0,0,0,0,0,0,0,0,0,0,0,0,0,0,0,0,0,0,0,0,0,0,0,0,0,0
"MGYG000411110",0,0,0,0,0,0,0,0,0,0,0,0,0,0,0,0,0,0,0,0,0,0,0,0,0,0,0,0,0,0,0,0,0,0,0,0,0,0,0,0,0,0,0,0,0,0,0
"MGYG000323120",0,0,0,0,0,0,0,0,0,0,0,0,0,0,0,0,0,0,0,0,0,0,0,0,0,0,0,0,0,0,0,0,0,0,0,0,0,0,0,0,0,0,0,0,0,0,0
"MGYG000329191",0,0,0,0,0,0,0,0,0,0,0,0,0,0,0,0,0,0,0,0,0,0,0,0,0,0,0,0,0,0,0,0,0,0,0,0,0,0,0,0,0,0,0,0,0,0,0
"JAAWPK01 sp022792975",0,0,0,0,0,0,0,0,0,0,0,0,0,0,0,0,0,0,0,0,0,0,0,0,0,0,0,0,0,0,0,0,0,0,0,0,0,0,0,0,0,0,0,0,0,0,0
"MGYG000328409",0,0,0,0,0,0,0,0,0,0,0,0,0,0,0,0,0,0,0,0,0,0,0,0,0,0,0,0,0,0,0,0,0,0,0,0,0,0,0,0,0,0,0,0,0,0,0
"MGYG000331294",0,0,0,0,0,0,0,0,0,0,0,0,0,0,0,0,0,0,0,0,0,0,0,0,0,0,0,0,0,0,0,0,0,0,0,0,0,0,0,0,0,0,0,0,0,0,0
"MGYG000329735",0,0,0,0,0,0,0,0,0,0,0,0,0,0,0,0,0,0,0,0,0,0,0,0,0,0,0,0,0,0,0,0,0,0,0,0,0,0,0,0,0,0,0,29,0,0,0
"RGIG8482 sp022799315",0,0,0,0,0,0,0,0,0,0,0,0,0,0,0,0,0,0,0,0,0,0,0,0,0,0,0,0,0,0,0,0,0,0,0,0,0,0,0,0,0,0,0,0,0,0,0
"MGYG000381662",0,0,0,0,0,0,0,0,0,0,0,0,0,0,0,0,0,0,0,0,0,0,0,0,0,0,0,0,0,0,0,0,0,0,0,0,0,0,0,0,0,0,0,0,0,0,0
"MGYG000410934",0,0,0,0,0,0,0,0,0,0,0,0,0,0,0,0,0,0,0,0,0,0,0,0,0,0,0,0,0,0,0,0,0,0,0,0,0,0,0,0,0,0,0,0,0,0,0
"MGYG000392056",0,0,0,0,0,0,0,0,0,0,0,0,0,0,0,0,0,0,0,0,0,0,0,0,0,0,0,0,0,0,0,0,0,0,0,0,0,0,0,0,0,0,0,0,0,0,0
"MGYG000331304",0,0,0,0,0,0,0,0,0,0,0,0,0,0,0,0,0,0,0,0,0,0,0,0,0,0,0,0,0,0,0,0,0,0,0,0,0,0,0,0,0,0,0,0,0,0,0
"MGYG000392748",0,0,0,0,0,0,0,0,0,0,0,0,0,0,0,0,0,0,0,0,0,0,0,0,0,0,0,0,0,0,0,0,0,0,0,0,0,0,0,0,0,0,0,0,0,0,0
"UMGS1663 sp022791325",0,0,0,0,0,0,0,0,0,0,0,0,0,0,0,0,0,0,0,0,0,0,0,0,0,0,0,0,0,0,0,0,0,0,0,0,0,0,0,0,0,0,0,0,0,0,0
"MGYG000331248",0,0,0,0,0,0,0,0,0,0,0,0,0,0,0,0,0,0,0,0,0,0,0,0,0,0,0,0,0,0,0,0,0,0,0,0,0,0,0,0,0,0,0,0,0,0,0
"MGYG000330612",0,0,0,0,0,0,0,0,0,0,0,0,0,0,0,0,0,0,0,0,0,0,0,0,0,0,0,0,0,0,0,0,0,0,0,0,0,0,0,0,0,0,0,0,0,0,0
"MGYG000410581",0,0,0,0,0,0,0,0,0,0,0,0,0,0,0,0,0,0,0,0,0,0,0,0,0,0,0,0,0,0,0,0,0,0,0,0,0,0,0,0,0,0,0,0,0,0,0
"MGYG000324615",0,0,0,0,0,0,0,0,0,0,0,0,0,0,0,0,0,0,0,0,0,0,0,0,0,0,0,0,0,0,0,0,0,0,0,0,0,0,0,0,0,0,0,0,0,0,0
"MGYG000324828",0,0,0,0,0,0,0,0,0,0,0,0,0,0,0,0,0,0,0,0,0,0,0,0,0,0,0,0,0,0,0,0,0,0,0,0,0,0,0,0,0,0,0,0,0,0,0
"Anaerocaecibacter muris",0,0,0,0,0,0,0,0,0,0,0,0,0,0,0,0,0,0,0,0,0,0,0,0,0,0,0,0,0,0,0,0,0,0,0,0,0,0,0,0,0,0,0,0,0,0,0
"MGYG000368690",0,0,0,0,0,0,0,0,0,0,0,0,0,0,0,0,0,0,0,0,0,0,0,0,0,0,0,0,0,0,0,0,0,0,0,0,0,0,0,0,0,0,0,0,0,0,0
"Coproplasma sp910577875",0,0,0,0,0,0,0,0,0,0,0,0,0,0,0,0,0,0,0,0,0,0,0,0,0,0,0,0,0,0,0,0,0,0,0,0,0,0,0,0,0,0,0,0,0,0,0
"Coproplasma sp910583545",0,0,0,0,0,0,0,0,0,0,0,0,0,0,0,0,0,0,0,0,0,0,0,0,0,0,0,0,0,0,0,0,0,0,0,0,0,0,0,0,0,0,0,0,0,0,0
"Coproplasma sp910579585",0,0,0,0,0,0,0,0,0,0,0,0,0,0,0,0,0,0,0,0,0,0,0,0,0,0,0,0,0,0,0,0,0,0,0,0,0,0,0,0,0,0,0,0,0,0,0
"MGYG000328739",0,0,0,0,0,0,0,0,0,0,0,0,0,0,0,0,0,0,0,0,0,0,0,0,0,0,0,0,0,0,0,0,0,0,0,0,0,0,0,0,0,0,0,0,0,0,0
"Coproplasma sp910587365",0,0,0,0,0,0,0,0,0,0,0,0,0,0,0,0,0,0,0,0,0,0,0,0,0,0,0,0,0,0,0,0,0,0,0,0,0,0,0,0,0,0,0,0,0,0,0
"Coproplasma sp910587015",0,0,0,0,0,0,0,0,0,0,0,0,0,0,0,0,0,0,0,0,0,0,0,0,0,0,0,0,0,0,0,0,0,0,0,0,0,0,0,0,0,0,0,0,0,0,0
"Coproplasma sp910588685",0,0,0,0,0,0,0,0,0,0,0,0,0,0,0,0,0,0,0,0,0,0,0,0,0,0,0,0,0,0,0,0,0,0,0,0,0,0,0,0,0,0,0,0,0,0,0
"Gallimonas sp910586655",0,0,0,0,0,0,0,0,0,0,0,0,0,0,0,0,0,0,0,0,0,0,0,0,0,0,0,0,0,0,0,0,0,0,0,0,0,0,0,0,0,0,0,0,0,0,0
"Gallimonas sp910586245",0,0,0,0,0,0,0,0,0,0,0,0,0,0,0,0,0,0,0,0,0,0,0,0,0,0,0,0,0,0,0,0,0,0,0,0,0,0,0,0,0,0,0,0,0,0,0
"Limiplasma sp900548145",0,0,0,0,0,0,0,0,0,0,0,0,0,0,0,0,0,0,0,0,0,0,0,0,0,0,0,0,0,0,0,0,0,0,0,0,0,0,0,0,0,0,0,0,0,0,0
"MGBC101980 sp910576875",0,0,0,0,0,0,0,0,0,0,0,0,0,0,0,0,0,0,0,0,0,0,0,0,0,0,0,0,0,0,0,0,0,0,0,0,0,0,0,0,0,0,0,0,0,0,0
"Caccovivens sp022793335",0,0,0,0,0,0,0,0,0,0,0,0,0,0,0,0,0,0,0,0,0,0,0,0,0,0,0,0,0,0,0,0,0,0,0,0,0,0,0,0,0,0,0,0,0,0,0
"MGYG000330827",0,0,0,0,0,0,0,0,0,0,0,0,0,0,0,0,0,0,0,0,0,0,0,0,0,0,0,0,0,0,0,0,0,0,0,0,0,0,0,0,0,0,0,0,0,0,0
"Caccovivens sp910584295",0,0,0,0,0,0,0,0,0,0,0,0,0,0,0,0,0,0,0,0,0,0,0,0,0,0,0,0,0,0,0,0,0,0,0,0,0,0,0,0,0,0,0,0,0,0,0
"MGYG000322927",0,0,0,0,0,0,0,0,0,0,0,0,0,0,0,0,0,0,0,0,0,0,0,0,0,0,0,0,0,0,0,0,0,0,0,0,0,0,0,0,0,0,0,0,0,0,0
"Dwaynesavagella sp000270205",0,0,0,0,0,0,0,0,0,0,0,0,0,0,0,0,0,0,0,0,0,0,0,0,0,0,0,0,0,0,0,0,0,0,0,0,0,0,0,0,0,0,0,0,0,0,0
"Caloranaerobacter azorensis",0,0,0,0,0,0,0,0,0,0,0,0,0,0,0,0,0,0,0,0,0,0,0,0,0,0,0,0,0,0,0,0,0,0,0,0,0,0,0,0,0,0,0,0,0,0,0
"MGYG000325321",0,0,0,0,0,0,0,0,0,0,0,0,0,0,0,0,0,0,0,0,0,0,0,0,0,0,0,0,0,0,0,0,0,0,0,0,0,0,0,0,0,0,0,0,0,0,0
"MGYG000411329",0,0,0,0,0,0,0,0,0,0,0,0,0,0,0,0,0,0,0,0,0,0,0,0,0,0,0,0,0,0,0,0,0,0,0,0,0,0,0,0,0,0,0,0,0,0,0
"MGYG000411579",0,0,0,0,0,0,0,0,0,0,0,0,0,0,0,0,0,0,0,0,0,0,0,0,0,0,0,0,0,0,0,0,0,0,0,0,0,0,0,0,0,0,0,0,0,0,0
"MGYG000382271",0,0,0,0,0,0,0,0,0,0,0,0,0,0,0,0,0,0,0,0,0,0,0,0,0,0,0,0,0,0,0,0,0,0,0,0,0,0,0,0,0,0,0,0,0,0,0
"Holdemanella sp900556915",0,0,0,0,0,0,0,0,0,0,0,0,0,0,0,0,0,0,0,0,0,0,0,0,0,0,0,0,0,0,0,0,0,0,0,0,0,0,0,0,0,0,0,0,0,0,0
"MGYG000326094",0,0,0,0,0,0,0,0,0,0,0,0,0,0,0,0,0,0,0,0,0,0,0,0,0,0,0,0,0,0,0,0,0,0,0,0,0,0,0,0,0,0,0,0,0,0,0
"MGYG000329498",0,0,0,0,0,0,0,0,0,0,0,0,0,0,0,0,0,0,0,0,0,0,0,0,0,0,0,0,0,0,0,0,0,0,0,0,0,0,0,0,0,0,0,0,0,0,0
"MGYG000410618",0,0,0,0,0,0,0,0,0,0,0,0,0,0,0,0,0,0,0,0,0,0,0,0,0,0,0,0,0,0,0,0,0,0,0,0,0,0,0,0,0,0,0,0,0,0,0
"MGBC162581 sp910587725",0,0,0,0,0,0,0,0,0,0,0,0,0,0,0,0,0,0,0,0,0,0,0,0,0,0,0,0,0,0,0,0,0,0,0,0,0,0,0,0,0,0,0,0,0,0,0
"MGYG000324636",0,0,0,0,0,0,0,0,0,0,0,0,0,0,0,0,0,0,0,0,0,0,0,0,0,0,0,0,0,0,0,0,0,0,0,0,0,0,0,0,0,0,0,0,0,0,0
"MGYG000393403",0,0,0,0,0,0,0,0,0,0,0,0,0,0,0,0,0,0,0,0,0,0,0,0,0,0,0,0,0,0,0,0,0,0,0,0,0,0,0,0,0,0,0,0,0,0,0
"MGYG000326232",0,0,0,0,0,0,0,0,0,0,0,0,0,0,0,0,0,0,0,0,0,0,0,0,0,0,0,0,0,0,0,0,0,0,0,0,0,0,0,0,0,0,0,0,0,0,0
"MGBC108787 sp910587325",0,0,0,0,0,0,0,0,0,0,0,0,0,0,0,0,0,0,0,0,0,0,0,0,0,0,0,0,0,0,0,0,0,0,0,0,0,0,0,0,0,0,0,0,0,0,0
"MGYG000332018",0,0,0,0,0,0,0,0,0,0,0,0,0,0,0,0,0,0,0,0,0,0,0,0,0,0,0,0,0,0,0,0,0,0,0,0,0,0,0,0,0,0,0,0,0,0,0
"MGYG000382898",0,0,0,0,0,0,0,0,0,0,0,0,0,0,0,0,0,0,0,0,0,0,0,0,0,0,0,0,0,0,0,0,0,0,0,0,0,0,0,0,0,0,0,0,0,0,0
"Caccenecus sp910587745",0,0,0,0,0,0,0,0,0,0,0,0,0,0,0,0,0,0,0,0,0,0,0,0,0,0,0,0,0,0,0,0,0,0,0,0,0,0,0,0,0,0,0,0,0,0,0
"MGBC162267 sp910588025",0,0,0,0,0,0,0,0,0,0,0,0,0,0,0,0,0,0,0,0,0,0,0,0,0,0,0,0,0,0,0,0,0,0,0,0,0,0,0,0,0,0,0,0,0,0,0
"MGYG000339283",0,0,0,0,0,0,0,0,0,0,0,0,0,0,0,0,0,0,0,0,0,0,0,0,0,0,0,0,0,0,0,0,0,0,0,0,0,0,0,0,0,0,0,0,0,0,0
"MGYG000411598",0,0,0,0,0,0,0,0,0,0,0,0,0,0,0,0,0,0,0,0,0,0,0,0,0,0,0,0,0,0,0,0,0,0,0,0,0,0,0,0,0,0,0,0,0,0,0
"MGYG000326177",0,0,0,0,0,0,0,0,0,0,0,0,0,0,0,0,0,0,0,0,0,0,0,0,0,0,0,0,0,0,0,0,0,0,0,0,0,0,0,0,0,0,0,0,0,0,0
"MGYG000411458",0,0,0,0,0,0,0,0,0,0,0,0,0,0,0,0,0,0,0,0,0,0,0,0,0,0,0,0,0,0,0,0,0,0,0,0,0,0,0,0,0,0,0,0,0,0,0
"MGYG000352855",0,0,0,0,0,0,0,0,0,0,0,0,0,0,0,0,0,0,0,0,0,0,0,0,0,0,0,0,0,0,0,0,0,0,0,0,0,0,0,0,0,0,0,0,0,0,0
"MGYG000333853",0,0,0,0,0,0,0,0,0,0,0,0,0,0,0,0,0,0,0,0,0,0,0,0,0,0,0,0,0,0,0,0,0,0,0,0,0,0,0,0,0,0,0,0,0,0,0
"MGYG000326629",0,0,0,0,0,0,0,0,0,0,0,0,0,0,0,0,0,0,0,0,0,0,0,0,0,0,0,0,0,0,0,0,0,0,0,0,0,0,0,0,0,0,0,0,0,0,0
"MGYG000388827",0,0,0,0,0,0,0,0,0,0,0,0,0,0,0,0,0,0,0,0,0,0,0,0,0,0,0,0,0,0,0,0,0,0,0,0,0,0,0,0,0,0,0,0,0,0,0
"MGYG000328000",0,0,0,0,0,0,0,0,0,0,0,0,0,0,0,0,0,0,0,0,0,0,0,0,0,0,0,0,0,0,0,0,0,0,0,0,0,0,0,0,0,0,0,0,0,0,0
"MGYG000388416",0,0,0,0,0,0,0,0,0,0,0,0,0,0,0,0,0,0,0,0,0,0,0,0,0,0,0,0,0,0,0,0,0,0,0,0,0,0,0,0,0,0,0,0,0,0,0
"UBA7185 sp002491065",0,0,0,0,0,0,0,0,0,0,0,0,0,0,0,0,0,0,0,0,0,0,0,0,0,0,0,0,0,0,0,0,0,0,0,0,0,0,0,0,0,0,0,0,0,0,0
"MGYG000358274",0,0,0,0,0,0,0,0,0,0,0,0,0,0,0,0,0,0,0,0,0,0,0,0,0,0,0,0,0,0,0,0,0,0,0,0,0,0,0,0,0,0,0,0,0,0,0
"MGYG000331915",0,0,0,0,0,0,0,0,0,0,0,0,0,0,0,0,0,0,0,0,0,0,0,0,0,0,0,0,0,0,0,0,0,0,0,0,0,0,0,0,0,0,0,0,0,0,0
"Stercorousia sp910588555",0,0,0,0,0,0,0,0,0,0,0,0,0,0,0,0,0,0,0,0,0,0,0,0,0,0,0,0,0,0,0,0,0,0,0,0,0,0,0,0,0,0,0,0,0,0,0
"Prevotella sp900553595",0,0,0,0,0,0,0,0,0,0,0,0,0,0,0,0,0,0,0,0,0,0,0,0,0,0,0,0,0,0,0,0,0,0,0,0,0,0,0,0,0,0,0,0,0,0,0
"Rikenella sp910577125",0,0,0,0,0,0,0,0,0,0,0,0,0,0,0,0,0,0,0,0,0,0,0,0,0,0,0,0,0,0,0,0,0,0,0,0,0,0,0,0,0,0,0,0,0,0,0
"Alistipes_A indistinctus",0,0,0,0,0,0,0,0,0,0,0,0,0,0,0,0,0,0,0,0,0,0,0,0,0,0,0,0,0,0,0,0,0,0,0,0,0,0,0,0,0,0,0,0,0,0,0
"MGYG000325402",0,0,0,0,0,0,0,0,0,0,0,0,0,0,0,0,0,0,0,0,0,0,0,0,0,0,0,0,0,0,0,0,0,0,0,0,0,0,0,0,0,0,0,0,0,0,0
"MGYG000410739",0,0,0,0,0,0,0,0,0,0,0,0,0,0,0,0,0,0,0,0,0,0,0,0,0,0,0,0,0,0,0,0,0,0,0,0,0,0,0,0,0,0,0,0,0,0,0
"Coproplasma sp910588645",0,0,0,0,0,0,0,0,0,0,0,0,0,0,0,0,0,0,0,0,0,0,0,0,0,0,0,0,0,0,0,0,0,0,0,0,0,0,0,0,0,0,0,0,0,0,0
"MGYG000325461",0,0,0,0,0,0,0,0,0,0,0,0,0,0,0,0,0,0,0,0,0,0,0,0,0,0,0,0,0,0,0,0,0,0,0,0,0,0,0,0,0,0,0,0,0,0,0
"MGYG000410947",0,0,0,0,0,0,0,0,0,0,0,0,0,0,0,0,0,0,0,0,0,0,0,0,0,0,0,0,0,0,0,0,0,0,0,0,0,0,0,0,0,0,0,10,0,0,0
"MGYG000328716",0,0,0,0,0,0,0,0,0,0,0,0,0,0,0,0,0,0,0,0,0,0,0,0,0,0,0,0,0,0,0,0,0,0,0,0,0,0,0,0,0,0,0,0,0,0,0
"Emergencia sp022767345",0,0,0,0,0,0,0,0,0,0,0,0,0,0,0,0,0,0,0,0,0,0,0,0,0,0,0,0,0,0,0,0,0,0,0,0,0,0,0,0,0,0,0,0,0,0,0
"MGYG000377252",0,0,0,0,0,0,0,0,0,0,0,0,0,0,0,0,0,0,0,0,0,0,0,0,0,0,0,0,0,0,0,0,0,0,0,0,0,0,0,0,0,0,0,0,0,0,0
"MGYG000413576",0,0,0,0,0,0,0,0,0,0,0,0,0,0,0,0,0,0,0,0,0,0,0,0,0,0,0,0,0,0,0,0,0,0,0,0,0,0,0,0,0,0,0,0,0,0,0
"Rikenella sp910579375",0,0,0,0,0,0,0,0,0,0,0,0,0,0,0,0,0,0,0,0,0,0,0,0,0,0,0,0,0,0,0,0,0,0,0,0,0,0,0,0,0,0,0,0,0,0,0
"MGYG000326979",0,0,0,0,0,0,0,0,0,0,0,0,0,0,0,0,0,0,0,0,0,0,0,0,0,0,0,0,0,0,0,0,0,0,0,0,0,0,0,0,0,0,0,0,0,0,0
"Faecousia sp900544975",0,0,0,0,0,0,0,0,0,0,0,0,0,0,0,0,0,0,0,0,0,0,0,0,0,0,0,0,0,0,0,0,0,0,0,0,0,0,0,0,0,0,0,0,0,0,0
"Vescimonas sp003539495",0,0,0,0,0,0,0,0,0,0,0,0,0,0,0,0,0,0,0,0,0,0,0,0,0,0,0,0,0,0,0,0,0,0,0,0,0,0,0,0,0,0,0,0,0,0,0
"MGYG000323103",0,0,0,0,0,0,0,0,0,0,0,0,0,0,0,0,0,0,0,0,0,0,0,0,0,0,0,0,0,0,0,0,0,0,0,0,0,0,0,0,0,0,0,0,0,0,0
"MGYG000325742",0,0,0,0,0,0,0,0,0,0,0,0,0,0,0,0,0,0,0,0,0,0,0,0,0,0,0,0,0,0,0,0,0,0,0,0,0,0,0,0,0,0,0,0,0,0,0
"MGYG000323031",0,0,0,0,0,0,0,0,0,0,0,0,0,0,0,0,0,0,0,0,0,0,0,0,0,0,0,0,0,0,0,0,0,0,0,0,0,0,0,0,0,0,0,0,0,0,0
"MGYG000327114",0,0,0,0,0,0,0,0,0,0,0,0,0,0,0,0,0,0,0,0,0,0,0,0,0,0,0,0,0,0,0,0,0,0,0,0,0,0,0,0,0,0,0,0,0,0,0
"MGYG000325704",0,0,0,0,0,0,0,0,0,0,0,0,0,0,0,0,0,0,0,0,0,0,0,0,0,0,0,0,0,0,0,0,0,0,0,0,0,0,0,0,0,0,0,0,0,0,0
"CAG-590 sp910584695",0,0,0,0,0,0,0,0,0,0,0,0,0,0,0,0,0,0,0,0,0,0,0,0,0,0,0,0,0,0,0,0,0,0,0,0,0,0,0,0,0,0,0,0,0,0,0
"SIG299 sp910583815",0,0,0,0,0,0,0,0,0,0,0,0,0,0,0,0,0,0,0,0,0,0,0,0,0,0,0,0,0,0,0,0,0,0,0,0,0,0,0,0,0,0,0,0,0,0,0
"MGYG000401852",0,0,0,0,0,0,0,0,0,0,0,0,0,0,0,0,0,0,0,0,0,0,0,0,0,0,0,0,0,0,0,0,0,0,0,0,0,0,0,0,0,0,0,0,0,0,0
"MGBC114079 sp910579745",0,0,0,0,0,0,0,0,0,0,0,0,0,0,0,0,0,0,0,0,0,0,0,0,0,0,0,0,0,0,0,0,0,0,0,0,0,0,0,0,0,0,0,0,0,0,0
"Coproplasma sp910585785",0,0,0,0,0,0,0,0,0,0,0,0,0,0,0,0,0,0,0,0,0,0,0,0,0,0,0,0,0,0,0,0,0,0,0,0,0,0,0,0,0,0,0,0,0,0,0
"MGYG000410802",0,0,0,0,0,0,0,0,0,0,0,0,0,0,0,0,0,0,0,0,0,0,0,0,0,0,0,0,0,0,0,0,0,0,0,0,0,0,0,0,0,0,0,0,0,0,0
"Coproplasma sp910578145",0,0,0,0,0,0,0,0,0,0,0,0,0,0,0,0,0,0,0,0,0,0,0,0,0,0,0,0,0,0,0,0,0,0,0,0,0,0,0,0,0,0,0,0,0,0,0
"MGYG000325961",0,0,0,0,0,0,0,0,0,0,0,0,0,0,0,0,0,0,0,0,0,0,0,0,0,0,0,0,0,0,0,0,0,0,0,0,0,0,0,0,0,0,0,0,0,0,0
"Coproplasma sp910587005",0,0,0,0,0,0,0,0,0,0,0,0,0,0,0,0,0,0,0,0,0,0,0,0,0,0,0,0,0,0,0,0,0,0,0,0,0,0,0,0,0,0,0,0,0,0,0
"MGYG000323619",0,0,0,0,0,0,0,0,0,0,0,0,0,0,0,0,0,0,0,0,0,0,0,0,0,0,0,0,0,0,0,0,0,0,0,0,0,0,0,0,0,0,0,0,0,0,0
"MGYG000325462",0,0,0,0,0,0,0,0,0,0,0,0,0,0,0,0,0,0,0,0,0,0,0,0,0,0,0,0,0,0,0,0,0,0,0,0,0,0,0,0,0,0,0,0,0,0,0
"MGYG000325588",0,0,0,0,0,0,0,0,0,0,0,0,0,0,0,0,0,0,0,0,0,0,0,0,0,0,0,0,0,0,0,0,0,0,0,0,0,0,0,0,0,0,0,0,0,0,0
"Coproplasma sp910586345",0,0,0,0,0,0,0,0,0,0,0,0,0,0,0,0,0,0,0,0,0,0,0,0,0,0,0,0,0,0,0,0,0,0,0,0,0,0,0,0,0,0,0,0,0,0,0
"MGYG000410533",0,0,0,0,0,0,0,0,0,0,0,0,0,0,0,0,0,0,0,0,0,0,0,0,0,0,0,0,0,0,0,0,0,0,0,0,0,0,0,0,0,0,0,0,0,0,0
"Gallimonas sp910588695",0,0,0,0,0,0,0,0,0,0,0,0,0,0,0,0,0,0,0,0,0,0,0,0,0,0,0,0,0,0,0,0,0,0,0,0,0,0,0,0,0,0,0,0,0,0,0
"Gallimonas sp910585235",0,0,0,0,0,0,0,0,0,0,0,0,0,0,0,0,0,0,0,0,0,0,0,0,0,0,0,0,0,0,0,0,0,0,0,0,0,0,0,0,0,0,0,0,0,0,0
"MGYG000324646",0,0,0,0,0,0,0,0,0,0,0,0,0,0,0,0,0,0,0,0,0,0,0,0,0,0,0,0,0,0,0,0,0,0,0,0,0,0,0,0,0,0,0,0,0,0,0
"Gallimonas sp910585595",0,0,0,0,0,0,0,0,0,0,0,0,0,0,0,0,0,0,0,0,0,0,0,0,0,0,0,0,0,0,0,0,0,0,0,0,0,0,0,0,0,0,0,0,0,0,0
"MGBC157735 sp022793815",0,0,0,0,0,0,0,0,0,0,0,0,0,0,0,0,0,0,0,0,0,0,0,0,0,0,0,0,0,0,0,0,0,0,0,0,0,0,0,0,0,0,0,0,0,0,0
"Anaerocaecibacter sp910587455",0,0,0,0,0,0,0,0,0,0,0,0,0,0,0,0,0,0,0,0,0,0,0,0,0,0,0,0,0,0,0,0,0,0,0,0,0,0,0,0,0,0,0,0,0,0,0
"Anaerocaecibacter sp910577435",0,0,0,0,0,0,0,0,0,0,0,0,0,0,0,0,0,0,0,0,0,0,0,0,0,0,0,0,0,0,0,0,0,0,0,0,0,0,0,0,0,0,0,0,0,0,0
"Anaerocaecibacter sp910588315",0,0,0,0,0,0,0,0,0,0,0,0,0,0,0,0,0,0,0,0,0,0,0,0,0,0,0,0,0,0,0,0,0,0,0,0,0,0,0,0,0,0,0,0,0,0,0
"MGYG000410645",0,0,0,0,0,0,0,0,0,0,0,0,0,0,0,0,0,0,0,0,0,0,0,0,0,0,0,0,0,0,0,0,0,0,0,0,0,0,0,0,0,0,0,0,0,0,0
"Anaerocaecibacter sp910577945",0,0,0,0,0,0,0,0,0,0,0,0,0,0,0,0,0,0,0,0,0,0,0,0,0,0,0,0,0,0,0,0,0,0,0,0,0,0,0,0,0,0,0,0,0,0,0
"MGYG000325722",0,0,0,0,0,0,0,0,0,0,0,0,0,0,0,0,0,0,0,0,0,0,0,0,0,0,0,0,0,0,0,0,0,0,0,0,0,0,0,0,0,0,0,0,0,0,0
"MGYG000324927",0,0,0,0,0,0,0,0,0,0,0,0,0,0,0,0,0,0,0,0,0,0,0,0,0,0,0,0,0,0,0,0,0,0,0,0,0,0,0,0,0,0,0,0,0,0,0
"MGYG000331340",0,0,0,0,0,0,0,0,0,0,0,0,0,0,0,0,0,0,0,0,0,0,0,0,0,0,0,0,0,0,0,0,0,0,0,0,0,0,0,0,0,0,0,0,0,0,0
"MGYG000325536",0,0,0,0,0,0,0,0,0,0,0,0,0,0,0,0,0,0,0,0,0,0,0,0,0,0,0,0,0,0,0,0,0,0,0,0,0,0,0,0,0,0,0,0,0,0,0
"RACS-045 sp910584635",0,0,0,0,0,0,0,0,0,0,0,0,0,0,0,0,0,0,0,0,0,0,0,0,0,0,0,0,0,0,0,0,0,0,0,0,0,0,0,0,0,0,0,0,0,0,0
"MGYG000326065",0,0,0,0,0,0,0,0,0,0,0,0,0,0,0,0,0,0,0,0,0,0,0,0,0,0,0,0,0,0,0,0,0,0,0,0,0,0,0,0,0,0,0,0,0,0,0
"MGYG000325675",0,0,0,0,0,0,0,0,0,0,0,0,0,0,0,0,0,0,0,0,0,0,0,0,0,0,0,0,0,0,0,0,0,0,0,0,0,0,0,0,0,0,0,0,0,0,0
"MGYG000325553",0,0,0,0,0,0,0,0,0,0,0,0,0,0,0,0,0,0,0,0,0,0,0,0,0,0,0,0,0,0,0,0,0,0,0,0,0,0,0,0,0,0,0,0,0,0,0
"MGYG000325718",0,0,0,0,0,0,0,0,0,0,0,0,0,0,0,0,0,0,0,0,0,0,0,0,0,0,0,0,0,0,0,0,0,0,0,0,0,0,0,0,0,0,0,0,0,0,0
"MGYG000325353",0,0,0,0,0,0,0,0,0,0,0,0,0,0,0,0,0,0,0,0,0,0,0,0,0,0,0,0,0,0,0,0,0,0,0,0,0,0,0,0,0,0,0,0,0,0,0
"RACS-045 sp910578245",0,0,0,0,0,0,0,0,0,0,0,0,0,0,0,0,0,0,0,0,0,0,0,0,0,0,0,0,0,0,0,0,0,0,0,0,0,0,0,0,0,0,0,0,0,0,0
"MGBC100798 sp910577845",0,0,0,0,0,0,0,0,0,0,0,0,0,0,0,0,0,0,0,0,0,0,0,0,0,0,0,0,0,0,0,0,0,0,0,0,0,0,0,0,0,0,0,0,0,0,0
"MGBC100798 sp910588545",0,0,0,0,0,0,0,0,0,0,0,0,0,0,0,0,0,0,0,0,0,0,0,0,0,0,0,0,0,0,0,0,0,0,0,0,0,0,0,0,0,0,0,0,0,0,0
"CAG-475 sp910584155",0,0,0,0,0,0,0,0,0,0,0,0,0,0,0,0,0,0,0,0,0,0,0,0,0,0,0,0,0,0,0,0,0,0,0,0,0,0,0,0,0,0,0,0,0,0,0
"MGYG000376978",0,0,0,0,0,0,0,0,0,0,0,0,0,0,0,0,0,0,0,0,0,0,0,0,0,0,0,0,0,0,0,0,0,0,0,0,0,0,0,0,0,0,0,0,0,0,0
"Fimimonas sp910587795",0,0,0,0,0,0,0,0,0,0,0,0,0,0,0,0,0,0,0,0,0,0,0,0,0,0,0,0,0,0,0,0,0,0,0,0,0,0,0,0,0,0,0,0,0,0,0
"MGYG000410634",0,0,0,0,0,0,0,0,0,0,0,0,0,0,0,0,0,0,0,0,0,0,0,0,0,0,0,0,0,0,0,0,0,0,0,0,0,0,0,0,0,0,0,0,0,0,0
"MGYG000368618",0,0,0,0,0,0,0,0,0,0,0,0,0,0,0,0,0,0,0,0,0,0,0,0,0,0,0,0,0,0,0,0,0,0,0,0,0,0,0,0,0,0,0,0,0,0,0
"MGBC116941 sp910585035",0,0,0,0,0,0,0,0,0,0,0,0,0,0,0,0,0,0,0,0,0,0,0,0,0,0,0,0,0,0,0,0,0,0,0,0,0,0,0,0,0,0,0,0,0,0,0
"CAG-269 sp900556945",0,0,0,0,0,0,0,0,0,0,0,0,0,0,0,0,0,0,0,0,0,0,0,0,0,0,0,0,0,0,0,0,0,0,0,0,0,0,0,0,0,0,0,0,0,0,0
"MGYG000331161",0,0,0,0,0,0,0,0,0,0,0,0,0,0,0,0,0,0,0,0,0,0,0,0,0,0,0,0,0,0,0,0,0,0,0,0,0,0,0,0,0,0,0,0,0,0,0
"CAG-41 sp900066215",0,0,0,0,0,0,0,0,0,0,0,0,0,0,0,0,0,0,0,0,0,0,0,0,0,0,0,0,0,0,0,0,0,0,0,0,0,0,0,0,0,0,0,0,0,0,0
"MGBC122484 sp910577515",0,0,0,0,0,0,0,0,0,0,0,0,0,0,0,0,0,0,0,0,0,0,0,0,0,0,0,0,0,0,0,0,0,0,0,0,0,0,0,0,0,0,0,0,0,0,0
"MGYG000410279",0,0,0,0,0,0,0,0,0,0,0,0,0,0,0,0,0,0,0,0,0,0,0,0,0,0,0,0,0,0,0,0,0,0,0,0,0,0,0,0,0,0,0,0,0,0,0
"MGBC122484 sp910587175",0,0,0,0,0,0,0,0,0,0,0,0,0,0,0,0,0,0,0,0,0,0,0,0,0,0,0,0,0,0,0,0,0,0,0,0,0,0,0,0,0,0,0,0,0,0,0
"MGYG000329677",0,0,0,0,0,0,0,0,0,0,0,0,0,0,0,0,0,0,0,0,0,0,0,0,0,0,0,0,0,0,0,0,0,0,0,0,0,0,0,0,0,0,0,0,0,0,0
"MGBC122484 sp910587375",0,0,0,0,0,0,0,0,0,0,0,0,0,0,0,0,0,0,0,0,0,0,0,0,0,0,0,0,0,0,0,0,0,0,0,0,0,0,0,0,0,0,0,0,0,0,0
"MGYG000372439",0,0,0,0,0,0,0,0,0,0,0,0,0,0,0,0,0,0,0,0,0,0,0,0,0,0,0,0,0,0,0,0,0,0,0,0,0,0,0,0,0,0,0,0,0,0,0
"MGYG000326479",0,0,0,0,0,0,0,0,0,0,0,0,0,0,0,0,0,0,0,0,0,0,0,0,0,0,0,0,0,0,0,0,0,0,0,0,0,0,0,0,0,0,0,0,0,0,0
"MGYG000342110",0,0,0,0,0,0,0,0,0,0,0,0,0,0,0,0,0,0,0,0,0,0,0,0,0,0,0,0,0,0,0,0,0,0,0,0,0,0,0,0,0,0,0,0,0,0,0
"Muribacter muris",0,0,0,0,0,0,0,0,0,0,0,0,0,0,0,0,0,0,0,0,0,0,0,0,0,0,0,0,0,0,0,0,0,0,0,0,0,0,0,0,0,0,0,0,0,0,0
"MGYG000336045",0,0,0,0,0,0,0,0,0,0,0,0,0,0,0,0,0,0,0,0,0,0,0,0,0,0,0,0,0,0,0,0,0,0,0,0,0,0,0,0,0,0,0,0,0,0,0
"Corynebacterium mastitidis",0,0,0,0,0,0,0,0,0,0,0,0,0,0,0,0,0,0,0,0,0,0,0,0,0,0,0,0,0,0,0,0,0,0,0,0,0,0,0,0,0,0,0,0,14,0,0
"Phocaeicola sp000434735",0,0,0,0,0,0,0,0,0,0,0,0,0,0,0,0,0,0,0,0,0,0,0,0,0,0,0,0,0,0,0,0,0,0,0,0,0,0,0,0,0,0,0,0,0,0,0
"Prevotella sp002299635",0,0,0,0,0,0,0,0,0,0,0,0,0,0,0,0,0,0,0,0,0,0,0,0,0,0,0,0,0,0,0,0,0,0,0,0,0,0,0,0,0,0,0,0,0,0,0
"Prevotella sp000434975",0,0,0,0,0,0,0,0,0,0,0,0,0,0,0,0,0,0,0,0,0,0,0,0,0,0,0,0,0,0,0,0,0,0,0,0,0,0,0,0,0,0,0,0,0,0,0
"Prevotella sp002251385",0,0,0,0,0,0,0,0,0,0,0,0,0,0,0,0,0,0,0,0,0,0,0,0,0,0,0,0,0,0,0,0,0,0,0,0,0,0,0,0,0,0,0,0,0,0,0
"Prevotella sp900552675",0,0,0,0,0,0,0,0,0,0,0,0,0,0,0,0,0,0,0,0,0,0,0,0,0,0,0,0,0,0,0,0,0,0,0,0,0,0,0,0,0,0,0,0,0,0,0
"Prevotella sp900543975",0,0,0,0,0,0,0,0,0,0,0,0,0,0,0,0,0,0,0,0,0,0,0,0,0,0,0,0,0,0,0,0,0,0,0,0,0,0,0,0,0,0,0,0,0,0,0
"Prevotella sp000436035",0,0,0,0,0,0,0,0,0,0,0,0,0,0,0,0,0,0,0,0,0,0,0,0,0,0,0,0,0,0,0,0,0,0,0,0,0,0,0,0,0,0,0,0,0,0,0
"Prevotella copri_B",0,0,0,0,0,0,0,0,0,0,0,0,0,0,0,0,0,0,0,0,0,0,0,0,0,0,0,0,0,0,0,0,0,0,0,0,0,0,0,0,0,0,0,0,0,0,0
"Prevotella sp003447235",0,0,0,0,0,0,0,0,0,0,0,0,0,0,0,0,0,0,0,0,0,0,0,0,0,0,0,0,0,0,0,0,0,0,0,0,0,0,0,0,0,0,0,0,0,0,0
"Alloprevotella sp900539625",0,0,0,0,0,0,0,0,0,0,0,0,0,0,0,0,0,0,0,0,0,0,0,0,0,0,0,0,0,0,0,0,0,0,0,0,0,0,0,0,0,0,0,0,0,0,0
"UBA4372 sp900543815",0,0,0,0,0,0,0,0,0,0,0,0,0,0,0,0,0,0,0,0,0,0,0,0,0,0,0,0,0,0,0,0,0,0,0,0,0,0,0,0,0,0,0,0,0,0,0
"UBA6398 sp003150315",0,0,0,0,0,0,0,0,0,0,0,0,0,0,0,0,0,0,0,0,0,0,0,0,0,0,0,0,0,0,0,0,0,0,0,0,0,0,0,0,0,0,0,0,0,0,0
"MGYG000325629",0,0,0,0,0,0,0,0,0,0,0,0,0,0,0,0,0,0,0,0,0,0,0,0,0,0,0,0,0,0,0,0,0,0,0,0,0,0,0,0,0,0,0,0,0,0,0
"MGYG000325649",0,0,0,0,0,0,0,0,0,0,0,0,0,0,0,0,0,0,0,0,0,0,0,0,0,0,0,0,0,0,0,0,0,0,0,0,0,0,0,0,0,0,0,0,0,0,0
"MGYG000325521",0,0,0,0,0,0,0,0,0,0,0,0,0,0,0,0,0,0,0,0,0,0,0,0,0,0,0,0,0,0,0,0,0,0,0,0,0,0,0,0,0,0,0,0,0,0,0
"MGBC100798 sp910584035",0,0,0,0,0,0,0,0,0,0,0,0,0,0,0,0,0,0,0,0,0,0,0,0,0,0,0,0,0,0,0,0,0,0,0,0,0,0,0,0,0,0,0,0,0,0,0
"CAG-177 sp003514385",0,0,0,0,0,0,0,0,0,0,0,0,0,0,0,0,0,0,0,0,0,0,0,0,0,0,0,0,0,0,0,0,0,0,0,0,0,0,0,0,0,0,0,74,0,0,0
"Enterobacter roggenkampii",0,0,0,0,0,0,0,0,0,0,0,0,0,0,0,0,0,0,0,0,0,0,0,0,0,0,0,0,0,0,0,0,0,0,0,0,0,0,0,0,0,0,0,0,0,0,0
"Kosakonia cowanii",0,0,0,0,0,0,0,0,0,0,0,0,0,0,0,0,0,0,0,0,0,0,0,0,0,0,0,0,0,0,0,0,0,0,0,0,0,0,0,0,0,0,0,0,0,0,0
"Morganella morganii",0,0,0,0,0,0,0,0,0,0,0,0,0,0,0,0,0,0,0,0,0,0,0,0,0,0,0,0,0,0,0,0,0,0,0,0,0,0,0,0,0,0,0,0,0,0,0
"Enterococcus_B faecium",0,0,0,0,0,0,0,0,0,0,0,0,0,0,0,0,0,0,0,0,0,0,0,0,0,0,0,0,0,0,0,0,0,0,0,0,0,0,0,0,0,0,0,0,0,0,0
"Enterococcus_B hirae",0,0,0,0,0,0,0,0,0,0,0,0,0,0,0,0,0,0,0,0,0,0,0,0,0,0,0,0,0,0,0,0,0,0,0,0,0,0,0,0,0,0,0,0,0,0,0
"Enterococcus_A avium",0,0,0,0,0,0,0,0,0,0,0,0,0,0,0,0,0,0,0,0,0,0,0,0,0,0,0,0,0,0,0,0,0,0,0,0,0,0,0,0,0,0,0,0,0,0,0
"Streptococcus sp000187445",0,0,0,0,0,0,0,0,0,0,0,0,0,0,0,0,0,0,0,0,0,0,0,0,0,0,0,0,0,0,0,0,0,0,0,0,0,0,0,0,0,0,0,17,16,0,0
"Clostridium_AQ innocuum",0,0,0,0,0,0,0,0,0,0,0,0,0,0,0,0,0,0,0,0,0,0,0,0,0,0,0,0,0,0,0,0,0,0,0,0,0,0,0,0,0,0,0,25,0,0,0
"Catenibacterium sp000437715",0,0,0,0,0,0,0,0,0,0,0,0,0,0,0,0,0,0,0,0,0,0,0,0,0,0,0,0,0,0,0,0,0,0,0,0,0,0,0,0,0,0,0,0,0,0,0
"Mammaliicoccus sciuri",0,0,0,0,0,0,0,0,0,0,0,0,0,0,0,0,0,0,0,0,0,0,0,0,0,0,0,0,0,0,0,0,0,0,0,0,0,0,0,0,0,0,0,0,0,0,0
"MGYG000330358",0,0,0,0,0,0,0,0,0,0,0,0,0,0,0,0,0,0,0,0,0,0,0,0,0,0,0,0,0,0,0,0,0,0,0,0,0,0,0,0,0,0,0,0,0,0,0
"Kosmotoga_B pacifica",0,0,0,0,0,0,0,0,0,0,0,0,0,0,0,0,0,0,0,0,0,0,0,0,0,0,0,0,0,0,0,0,0,0,0,0,0,0,0,0,0,0,0,0,0,0,0
"UBA3818 sp910587335",0,0,0,0,0,0,0,0,0,0,0,0,0,0,0,0,0,0,0,0,0,0,0,0,0,0,0,0,0,0,0,0,0,0,0,0,0,0,0,0,0,0,0,0,0,0,0
"MGYG000325420",0,0,0,0,0,0,0,0,0,0,0,0,0,0,0,0,0,0,0,0,0,0,0,0,0,0,0,0,0,0,0,0,0,0,0,0,0,0,0,0,0,0,0,0,0,0,0
"Massiliimalia sp910579175",0,0,0,0,0,0,0,0,0,0,0,0,0,0,0,0,0,0,0,0,0,0,0,0,0,0,0,0,0,0,0,0,0,0,0,0,0,0,0,0,0,0,0,0,0,0,0
"Phocea massiliensis",0,0,0,0,0,0,0,0,0,0,0,0,0,0,0,0,0,0,0,0,0,0,0,0,0,0,0,0,0,0,0,0,0,0,0,0,0,0,0,0,0,0,0,0,0,0,0
"MGYG000329752",0,0,0,0,0,0,0,0,0,0,0,0,0,0,0,0,0,0,0,0,0,0,0,0,0,0,0,0,0,0,0,0,0,0,0,0,0,0,0,0,0,0,0,0,0,0,0
"MGYG000325714",0,0,0,0,0,0,0,0,0,0,0,0,0,0,0,0,0,0,0,0,0,0,0,0,0,0,0,0,0,0,0,0,0,0,0,0,0,0,0,0,0,0,0,0,0,0,0
"Enterocloster lavalensis",0,0,0,0,0,0,0,0,0,0,0,0,0,0,0,0,0,0,0,0,0,0,0,0,0,0,0,0,0,0,0,0,0,0,0,0,0,0,0,0,0,0,0,0,0,0,0
"MGYG000331096",0,0,0,0,0,0,0,0,0,0,0,0,0,0,0,0,0,0,0,0,0,0,0,0,0,0,0,0,0,0,0,0,0,0,0,0,0,0,0,0,0,0,0,0,0,0,0
"MGYG000358607",0,0,0,0,0,0,0,0,0,0,0,0,0,0,0,0,0,0,0,0,0,0,0,0,0,0,0,0,0,0,0,0,0,0,0,0,0,0,0,0,0,0,0,0,0,0,0
"Coprovivens sp910577505",0,0,0,0,0,0,0,0,0,0,0,0,0,0,0,0,0,0,0,0,0,0,0,0,0,0,0,0,0,0,0,0,0,0,0,0,0,0,0,0,0,0,0,0,0,0,0
"Aneurinibacillus aneurinilyticus",0,0,0,0,0,0,0,0,0,0,0,0,0,0,0,0,0,0,0,0,0,0,0,0,0,0,0,0,0,0,0,0,0,0,0,0,0,0,0,0,0,0,0,0,0,0,0
"Parolsenella catena",0,0,0,0,0,0,0,0,0,0,0,0,0,0,0,0,0,0,0,0,0,0,0,0,0,0,0,0,0,0,0,0,0,0,0,0,0,0,0,0,0,0,0,10,0,0,0
"MGYG000330619",0,0,0,0,0,0,0,0,0,0,0,0,0,0,0,0,0,0,0,0,0,0,0,0,0,0,0,0,0,0,0,0,0,0,0,0,0,0,0,0,0,0,0,42,0,0,0
"Mycobacterium aubagnense",0,0,0,0,0,0,0,0,0,0,0,0,0,0,0,0,0,0,0,0,0,0,0,0,0,0,0,0,0,0,0,0,0,0,0,0,0,0,0,0,0,0,0,13,51,0,0
"Salinibacter ruber",0,0,0,0,0,0,0,0,0,0,0,0,0,0,0,0,0,0,0,0,0,0,0,0,0,0,0,0,0,0,0,0,0,0,0,0,0,0,0,0,0,0,0,10,0,0,0
"Anaerostipes hadrus",0,0,0,0,0,0,0,0,0,0,0,0,0,0,0,0,0,0,0,0,0,0,0,0,0,0,0,0,0,0,0,0,0,0,0,0,0,0,0,0,0,0,0,13,0,0,0
"UBA1417 sp003531055",0,0,0,0,0,0,0,0,0,0,0,0,0,0,0,0,0,0,0,0,0,0,0,0,0,0,0,0,0,0,0,0,0,0,0,0,0,0,0,0,0,0,0,20,0,0,0
"Flemingibacterium sp900546315",0,0,0,0,0,0,0,0,0,0,0,0,0,0,0,0,0,0,0,0,0,0,0,0,0,0,0,0,0,0,0,0,0,0,0,0,0,0,0,0,0,0,0,24,0,0,0
"Firm-10 sp934636425",0,0,0,0,0,0,0,0,0,0,0,0,0,0,0,0,0,0,0,0,0,0,0,0,0,0,0,0,0,0,0,0,0,0,0,0,0,0,0,0,0,0,0,12,0,0,0
"Faecivicinus sp900553265",0,0,0,0,0,0,0,0,0,0,0,0,0,0,0,0,0,0,0,0,0,0,0,0,0,0,0,0,0,0,0,0,0,0,0,0,0,0,0,0,0,0,0,10,0,0,0
"51-20 sp910587405",0,0,0,0,0,0,0,0,0,0,0,0,0,0,0,0,0,0,0,0,0,0,0,0,0,0,0,0,0,0,0,0,0,0,0,0,0,0,0,0,0,0,0,30,0,0,0
"MGYG000362033",0,0,0,0,0,0,0,0,0,0,0,0,0,0,0,0,0,0,0,0,0,0,0,0,0,0,0,0,0,0,0,0,0,0,0,0,0,0,0,0,0,0,0,14,0,0,0
"MGYG000325516",0,0,0,0,0,0,0,0,0,0,0,0,0,0,0,0,0,0,0,0,0,0,0,0,0,0,0,0,0,0,0,0,0,0,0,0,0,0,0,0,0,0,0,16,0,0,0
"Streptococcus salivarius",0,0,0,0,0,0,0,0,0,0,0,0,0,0,0,0,0,0,0,0,0,0,0,0,0,0,0,0,0,0,0,0,0,0,0,0,0,0,0,0,0,0,0,0,37,0,0
"Pseudomonas_E shahriarae",0,0,0,0,0,0,0,0,0,0,0,0,0,0,0,0,0,0,0,0,0,0,0,0,0,0,0,0,0,0,0,0,0,0,0,0,0,0,0,0,0,0,0,0,12,0,20
"MGYG000366009",0,0,0,0,0,0,0,0,0,0,0,0,0,0,0,0,0,0,0,0,0,0,0,0,0,0,0,0,0,0,0,0,0,0,0,0,0,0,0,0,0,0,0,0,21,0,0
"Parasutterella gallistercoris",0,0,0,0,0,0,0,0,0,0,0,0,0,0,0,0,0,0,0,0,0,0,0,0,0,0,0,0,0,0,0,0,0,0,0,0,0,0,0,0,0,0,0,0,0,11,0
