2026-01-11 15:38:39.110276 INFO::Writing function arguments to log file
2026-01-11 15:38:39.111032 DEBUG::Function arguments
2026-01-11 15:38:39.111387 DEBUG::Output folder: /home/julianne/Documents/slc_si_paper/results/Bracken/SMT_Maaslin3/Jejunum//Sex_Genotype
2026-01-11 15:38:39.11169 DEBUG::Formula:
2026-01-11 15:38:39.111979 DEBUG::Fixed effects: Sex,Genotype
2026-01-11 15:38:39.112271 DEBUG::Reference:
2026-01-11 15:38:39.112548 DEBUG::Random effects:
2026-01-11 15:38:39.112829 DEBUG::Group effects:
2026-01-11 15:38:39.11326 DEBUG::Ordered effects:
2026-01-11 15:38:39.113793 DEBUG::Strata effects:
2026-01-11 15:38:39.114406 DEBUG::Min Abundance: 0.000000
2026-01-11 15:38:39.114931 DEBUG::Min Prevalence: 0.000000
2026-01-11 15:38:39.115382 DEBUG::Max Prevalence: 1.000000
2026-01-11 15:38:39.115794 DEBUG::Zero Threshold: 0.000000
2026-01-11 15:38:39.116333 DEBUG::Min variance: 0.000000
2026-01-11 15:38:39.116889 DEBUG::Max significance: 0.250000
2026-01-11 15:38:39.117421 DEBUG::Normalization: TSS
2026-01-11 15:38:39.117881 DEBUG::Transform: LOG
2026-01-11 15:38:39.118373 DEBUG::Correction method: BH
2026-01-11 15:38:39.118904 DEBUG::Standardize: TRUE
2026-01-11 15:38:39.119406 DEBUG::Abundance median comparison: TRUE
2026-01-11 15:38:39.119944 DEBUG::Prevalence median comparison: FALSE
2026-01-11 15:38:39.120513 DEBUG::Abundance median comparison threshold: 0
2026-01-11 15:38:39.121178 DEBUG::Prevalence median comparison threshold: 0
2026-01-11 15:38:39.121868 DEBUG::Subtract median: FALSE
2026-01-11 15:38:39.12261 DEBUG::Warn prevalence: TRUE
2026-01-11 15:38:39.123355 DEBUG::Small random effects: FALSE
2026-01-11 15:38:39.124057 DEBUG::Augment: TRUE
2026-01-11 15:38:39.124812 DEBUG::Evaluate only:
2026-01-11 15:38:39.125535 DEBUG::Cores: 1
2026-01-11 15:38:39.126178 DEBUG::Balanced Summary plot: FALSE
2026-01-11 15:38:39.126966 INFO::Verifying options selected are valid
2026-01-11 15:38:39.128755 INFO::Determining format of input files
2026-01-11 15:38:39.130327 INFO::Input format is data samples as columns and metadata samples as rows
2026-01-11 15:38:39.143676 DEBUG::Transformed data so samples are rows
2026-01-11 15:38:39.144533 DEBUG::A total of 17 samples were found in both the data and metadata
2026-01-11 15:38:39.14555 DEBUG::Reordering data/metadata to use same sample ordering
2026-01-11 15:38:39.176679 INFO::Formula for fixed effects: expr ~  Sex + Genotype
2026-01-11 15:38:39.17771 INFO::Running selected normalization method: TSS
2026-01-11 15:38:39.235152 INFO::Creating output feature tables folder
2026-01-11 15:38:39.237058 INFO::Writing normalized data to file /home/julianne/Documents/slc_si_paper/results/Bracken/SMT_Maaslin3/Jejunum//Sex_Genotype/features/data_norm.tsv
2026-01-11 15:38:39.292868 INFO::Filter data based on min abundance, min prevalence, and max prevalence
2026-01-11 15:38:39.294077 INFO::Total samples in data: 17
2026-01-11 15:38:39.295268 INFO::Min samples required with min abundance for a feature not to be filtered: 0.000000
2026-01-11 15:38:39.296604 INFO::Max samples allowed with min abundance for a feature not to be filtered: 17.000000
2026-01-11 15:38:39.936171 INFO::Total filtered features: 400
2026-01-11 15:38:39.938002 INFO::Filtered feature names from abundance, min prevalence, and max prevalence filtering: MGYG000328795, MGYG000329400, MGYG000324401, Ruminococcus sp910576995, Ruminococcus sp910579835, Ruminococcus sp910577575, MGYG000324069, MGYG000392389, Gallimonas sp910588615, Fimimonas sp910586905, Brachyspira sp910578695, MGYG000325757, MGYG000325640, Alistipes communis, MGYG000330701, MGYG000325578, Prevotella faecis, Prevotella sp900557405, C-19 sp009917405, MGYG000328692, MGYG000331358, MGYG000403150, MGYG000325311, SFMI01 sp004556155, MGYG000329762, MGYG000339089, Dielma sp001305055, CAG-582 sp910587065, MGBC119817 sp910586195, MGYG000329305, UBA3282 sp910586705, UBA3282 sp910585555, MGYG000325820, MGYG000373306, Acetatifactor sp910577235, MGYG000410713, MGYG000410031, MGYG000325498, COE1 sp910585765, CAG-317 sp000433535, MGYG000325599, CAG-603 sp910578175, MGYG000327466, Clostridium_AP sp000509125, MGYG000329308, Coprocola sp910583755, Scatomorpha sp900545405, Anaerocaecibacter sp910577995, MGBC157735 sp910585955, Pumilibacter sp910587595, Protoclostridium sp910587025, MGYG000327368, Lacticaseibacillus paracasei, Leuconostoc citreum, Bacteroides fragilis, MGYG000331430, MGYG000339341, Heteroclostridium sp910585195, Collinsella bouchesdurhonensis, Desulfovibrio sp900319575, UBA1067 sp902788415, UBA3282 sp910578555, Oliverpabstia intestinalis, Methylovirgula sp021780015, MGYG000326756, MGYG000325635, Lacrimispora indica, RACS-045 sp910588015, MGYG000325793, Coproplasma sp910578655, Coproplasma sp910578765, MGYG000352721, Helicobacter_C sp910577135, Lysinibacillus sp023337795, 51-20 sp910577095, MGYG000325751, Absicoccus sp000434355, Eubacterium_F sp003491505, Eubacterium_F sp900539115, Eubacterium_F sp910584875, Choladousia sp902363135, MGYG000325445, MGYG000330463, Lacrimispora celerecrescens_B, CAG-632 sp000431515, Robinsoniella sp900555455, MGYG000329422, Faecousia sp910589155, Vescimonas coprocola, UMGS1668 sp900553955, Pseudobutyricicoccus sp910585875, MGYG000377617, MGYG000403771, MGYG000324383, Parabacteroides gordonii, Cryptobacteroides sp000434935, Coprocola sp910587195, MGYG000323975, Ruminococcus sp002362135, MGYG000325359, MGYG000325563, Prevotella sp900313215, MGYG000325556, Alloprevotella sp900542795, Alistipes sp910580175, MGYG000325594, MGYG000325683, RUG572 sp900547945, CAG-170 sp900548625, Vescimonas sp000435975, MGYG000325673, CAG-41 sp910585795, Klebsiella quasipneumoniae, Klebsiella oxytoca, Proteus mirabilis, MGYG000387283, Eisenbergiella tayi, Blautia sp000432195, Lachnospira eligens_A, Choladousia sp902363665, MGYG000328544, JAAWTG01 sp022801925, MGYG000325459, MGYG000325725, Alistipes sp910586375, Alistipes sp014796635, Alistipes sp910584485, MGYG000325702, MGYG000329018, MGYG000325591, Alistipes sp902363575, Alistipes sp017442365, MGYG000340909, Butyricimonas sp900184685, CAG-273 sp910589185, MGYG000327606, MGYG000375485, JAAWPK01 sp022799935, MGYG000388007, CAKPSH01 sp022795675, Coproplasma sp910577055, Coproplasma sp910578565, Coproplasma sp910583855, Pumilibacter sp022791915, MGYG000327260, Streptococcus danieliae_A, MGYG000325460, MGYG000330364, MGYG000409929, MGBC122484 sp910577395, MGYG000326706, Alistipes sp904502285, MGYG000325317, MGYG000323691, Tidjanibacter inops, Prevotella sp002265625, Prevotella sp900552515, Phocaeicola coprophilus, Paraprevotella sp003477995, MGYG000326974, Cryptobacteroides sp000432515, Butyricimonas synergistica, Butyricimonas sp003479425, Faecousia sp000434635, MGBC124762 sp910584395, Vescimonas sp900551995, Vescimonas sp900545585, Ruminiclostridium_E sp910579265, MGYG000323133, CAG-115 sp910579125, MGYG000327681, RGIG8773 sp910586535, MGYG000325664, MGYG000325398, Faecalibacterium sp900540455, MGYG000323027, MGYG000326165, MGYG000325440, MGYG000350587, Lachnospira sp910585095, MGYG000323782, MGYG000329879, Coprocola sp910586765, MGYG000410417, MGYG000327215, MGYG000351753, MGYG000403946, MGYG000340871, MGYG000330483, MGYG000375087, MGYG000380654, MGYG000433109, MGYG000329231, MGYG000410463, MGYG000325858, MGYG000410524, MGYG000329904, MGYG000328992, MGYG000328749, CAG-273 sp022797215, MGYG000329641, MGYG000365455, MGYG000410067, CAG-269 sp022791675, MGYG000328621, MGYG000329059, CAG-269 sp022794095, CAG-269 sp022795075, MGYG000342663, CAG-269 sp022794055, MGYG000365232, MGYG000328829, MGYG000332630, MGYG000330993, MGYG000329131, MGYG000329360, MGYG000329624, MGYG000326992, MGYG000411110, MGYG000323120, MGYG000329191, JAAWPK01 sp022792975, MGYG000328409, MGYG000331294, RGIG8482 sp022799315, MGYG000381662, MGYG000410934, MGYG000392056, MGYG000331304, MGYG000392748, UMGS1663 sp022791325, MGYG000331248, MGYG000330612, MGYG000410581, MGYG000324615, MGYG000324828, Anaerocaecibacter muris, MGYG000368690, Coproplasma sp910577875, Coproplasma sp910583545, Coproplasma sp910579585, MGYG000328739, Coproplasma sp910587365, Coproplasma sp910587015, Coproplasma sp910588685, Gallimonas sp910586655, Gallimonas sp910586245, Limiplasma sp900548145, MGBC101980 sp910576875, Caccovivens sp022793335, MGYG000330827, Caccovivens sp910584295, MGYG000322927, Dwaynesavagella sp000270205, Caloranaerobacter azorensis, MGYG000325321, MGYG000411329, MGYG000411579, MGYG000382271, Holdemanella sp900556915, MGYG000326094, MGYG000329498, MGYG000410618, MGBC162581 sp910587725, MGYG000324636, MGYG000393403, MGYG000326232, MGBC108787 sp910587325, MGYG000332018, MGYG000382898, Caccenecus sp910587745, MGBC162267 sp910588025, MGYG000339283, MGYG000411598, MGYG000326177, MGYG000411458, MGYG000352855, MGYG000333853, MGYG000326629, MGYG000388827, MGYG000328000, MGYG000388416, UBA7185 sp002491065, MGYG000358274, MGYG000331915, Stercorousia sp910588555, Prevotella sp900553595, Rikenella sp910577125, Alistipes_A indistinctus, MGYG000325402, MGYG000410739, Coproplasma sp910588645, MGYG000325461, MGYG000328716, Emergencia sp022767345, MGYG000377252, MGYG000413576, Rikenella sp910579375, MGYG000326979, Faecousia sp900544975, Vescimonas sp003539495, MGYG000323103, MGYG000325742, MGYG000323031, MGYG000327114, MGYG000325704, CAG-590 sp910584695, SIG299 sp910583815, MGYG000401852, MGBC114079 sp910579745, Coproplasma sp910585785, MGYG000410802, Coproplasma sp910578145, MGYG000325961, Coproplasma sp910587005, MGYG000323619, MGYG000325462, MGYG000325588, Coproplasma sp910586345, MGYG000410533, Gallimonas sp910588695, Gallimonas sp910585235, MGYG000324646, Gallimonas sp910585595, MGBC157735 sp022793815, Anaerocaecibacter sp910587455, Anaerocaecibacter sp910577435, Anaerocaecibacter sp910588315, MGYG000410645, Anaerocaecibacter sp910577945, MGYG000325722, MGYG000324927, MGYG000331340, MGYG000325536, RACS-045 sp910584635, MGYG000326065, MGYG000325675, MGYG000325553, MGYG000325718, MGYG000325353, RACS-045 sp910578245, MGBC100798 sp910577845, MGBC100798 sp910588545, CAG-475 sp910584155, MGYG000376978, Fimimonas sp910587795, MGYG000410634, MGYG000368618, MGBC116941 sp910585035, CAG-269 sp900556945, MGYG000331161, CAG-41 sp900066215, MGBC122484 sp910577515, MGYG000410279, MGBC122484 sp910587175, MGYG000329677, MGBC122484 sp910587375, MGYG000372439, MGYG000326479, MGYG000342110, Muribacter muris, MGYG000336045, Phocaeicola sp000434735, Prevotella sp002299635, Prevotella sp000434975, Prevotella sp002251385, Prevotella sp900552675, Prevotella sp900543975, Prevotella sp000436035, Prevotella copri_B, Prevotella sp003447235, Alloprevotella sp900539625, UBA4372 sp900543815, UBA6398 sp003150315, MGYG000325629, MGYG000325649, MGYG000325521, MGBC100798 sp910584035, Enterobacter roggenkampii, Kosakonia cowanii, Morganella morganii, Enterococcus_B faecium, Enterococcus_B hirae, Enterococcus_A avium, Catenibacterium sp000437715, Mammaliicoccus sciuri, MGYG000330358, Kosmotoga_B pacifica, UBA3818 sp910587335, MGYG000325420, Massiliimalia sp910579175, Phocea massiliensis, MGYG000329752, MGYG000325714, Enterocloster lavalensis, MGYG000331096, MGYG000358607, Coprovivens sp910577505, Aneurinibacillus aneurinilyticus, Parasutterella gallistercoris
2026-01-11 15:38:39.978184 INFO::Total features filtered by non-zero variance filtering: 193
2026-01-11 15:38:39.979823 INFO::Filtered feature names from variance filtering: UBA1436 sp910576915, Barnesiella intestinihominis, MGYG000325815, MGYG000325513, Roseburia intestinalis, MGYG000327196, Acetatifactor sp022793065, Merdisoma sp910586955, MGYG000325314, MGYG000325404, Butyrivibrio_A sp910577605, MGBC114844 sp910579865, MGYG000328468, MGYG000329160, MGYG000325472, RACS-045 sp013316135, Coproplasma sp910587825, MGYG000410782, Gallimonas sp910578065, Anaerocaecibacter sp910578545, MGYG000327384, MGYG000327020, Comamonas acidovorans, MGYG000330427, MGBC122484 sp910583725, MGYG000326931, HGM10857 sp910578745, MGYG000325356, Ruminococcus sp002362175, MGYG000410441, MGYG000365643, CACZQA01 sp900758075, MGYG000328399, MGYG000330643, MGYG000325491, Alistipes sp900541585, Bacteroides eggerthii, MGYG000325643, COE1 sp009774345, MGYG000326060, MGBC111451 sp910578605, Faecalibacterium prausnitzii, MGYG000325383, Pumilibacter muris, Citrobacter_A rodentium, Citrobacter_A amalonaticus, Helicobacter_D ganmani, URXU01 sp900541915, Streptococcus alactolyticus, MGYG000325700, MGYG000329183, MGYG000325646, MGYG000329401, MGYG000327529, Butyribacter sp910588655, MGYG000328347, MGYG000331069, MGYG000330172, UBA7050 sp003979345, MGBC140009 sp910586015, Dysosmobacter welbionis, MGYG000329306, Avispirillum sp910586545, Anaerocaecibacter sp910586925, Coproplasma sp910587625, Coproplasma sp910579705, MGYG000327859, Lentihominibacter faecis, Enterococcus_E cecorum, MGYG000410149, MGYG000324606, CALWPV01 sp022794035, Dysosmobacter sp900763685, MGYG000387732, Avoscillospira_A sp022795735, Eubacterium_R sp910584985, Eubacterium_R sp910577215, MGYG000325451, MGYG000403628, MGYG000327108, Bittarella massiliensis, Brachyspira sp910588665, MGYG000325324, Sediminibacterium magnilacihabitans, MGYG000325740, MGYG000329907, CAG-303 sp910585215, Oliverpabstia sp002361775, Dorea_A longicatena_B, MGYG000324871, MGYG000330606, MGYG000378024, MGBC157735 sp910587445, Reyranella aquatilis, MGYG000325614, Ventricola sp900542395, MGYG000330825, Longicatena caecimuris, MGYG000324718, MGYG000326954, Parabacteroides faecavium, Ralstonia pickettii_B, MGYG000327731, MGYG000374819, MGYG000325616, Butyribacter sp910577825, MGYG000329982, MGYG000329041, MGYG000331355, VSOB01 sp910585205, MGYG000324619, MGYG000325654, MGYG000322973, Lawsonibacter asaccharolyticus, Enterenecus sp932222125, MGYG000327784, MGYG000336017, MGYG000410450, MGYG000390383, MGYG000322982, CAG-170 sp900553545, Oscillibacter sp002455655, MGYG000325106, Angelakisella sp022794295, MGYG000325720, MGYG000326653, Ruminococcus_C sp000433635, Harryflintia sp022792175, MGYG000410206, MGYG000410157, Fimimonas sp910586625, MGYG000324647, MGYG000409944, MGYG000325091, MGYG000357633, Treponema_D sp014804085, MGYG000325609, MGBC139354 sp910586295, Coprosoma sp902783895, MGYG000327915, Bacillus spizizenii, Allobacillus halotolerans, Caccosoma sp905197115, MGYG000325901, MGYG000325369, Alistipes_A sp910583985, MGYG000325656, MGYG000325417, Acetatifactor intestinalis, MGYG000329006, Blautia_A faecis, Hominisplanchenecus faecis, Fimenecus sp900540295, Clostridium_AM scatologenes, MGYG000374388, MGYG000323085, MGYG000330936, Alistipes shahii, Eisenbergiella sp900066775, Murimonas intestini, Mediterraneibacter torques, Caccousia sp900752115, MGYG000327130, Klebsiella pneumoniae, Citrobacter_A sedlakii, Proteus faecis, MGYG000410940, Paraprevotella sp910584955, Paraprevotella clara, Massiliimalia timonensis, Streptococcus thermophilus, MGYG000392040, MGYG000336888, MGYG000323672, MGYG000325579, MGYG000329735, MGYG000410947, Corynebacterium mastitidis, CAG-177 sp003514385, Clostridium_AQ innocuum, Parolsenella catena, MGYG000330619, Salinibacter ruber, Anaerostipes hadrus, UBA1417 sp003531055, Flemingibacterium sp900546315, Firm-10 sp934636425, Faecivicinus sp900553265, 51-20 sp910587405, MGYG000362033, MGYG000325516, Streptococcus salivarius, MGYG000366009
2026-01-11 15:38:39.981094 INFO::Writing filtered data to file /home/julianne/Documents/slc_si_paper/results/Bracken/SMT_Maaslin3/Jejunum//Sex_Genotype/features/filtered_data.tsv
2026-01-11 15:38:40.022164 INFO::Running selected transform method: LOG
2026-01-11 15:38:40.045339 INFO::Writing normalized, filtered, transformed data to file /home/julianne/Documents/slc_si_paper/results/Bracken/SMT_Maaslin3/Jejunum//Sex_Genotype/features/data_transformed.tsv
2026-01-11 15:38:40.083359 INFO::Factor detected for categorial metadata 'Genotype'. Using as-is.
2026-01-11 15:38:40.08434 INFO::Applying z-score to standardize continuous metadata
2026-01-11 15:38:40.091496 INFO::Running the linear model component
2026-01-11 15:38:40.099373 DEBUG::Object: augment, Size: 56
2026-01-11 15:38:40.100057 DEBUG::Object: cluster, Size: 0
2026-01-11 15:38:40.100753 DEBUG::Object: cores, Size: 56
2026-01-11 15:38:40.101341 DEBUG::Object: correction, Size: 112
2026-01-11 15:38:40.101854 DEBUG::Object: extract_out, Size: 1416
2026-01-11 15:38:40.102339 DEBUG::Object: feature_specific_covariate, Size: 0
2026-01-11 15:38:40.102832 DEBUG::Object: feature_specific_covariate_name, Size: 0
2026-01-11 15:38:40.103325 DEBUG::Object: feature_specific_covariate_record, Size: 0
2026-01-11 15:38:40.104163 DEBUG::Object: features, Size: 437160
2026-01-11 15:38:40.104671 DEBUG::Object: formula, Size: 1008
2026-01-11 15:38:40.105181 DEBUG::Object: fun_list, Size: 58768
2026-01-11 15:38:40.105774 DEBUG::Object: func_to_run, Size: 435336
2026-01-11 15:38:40.106176 DEBUG::Object: groups, Size: 48
2026-01-11 15:38:40.106588 DEBUG::Object: median_comparison, Size: 56
2026-01-11 15:38:40.107034 DEBUG::Object: median_comparison_threshold, Size: 56
2026-01-11 15:38:40.107585 DEBUG::Object: metadata, Size: 7312
2026-01-11 15:38:40.108286 DEBUG::Object: model, Size: 112
2026-01-11 15:38:40.108977 DEBUG::Object: model_function, Size: 8864
2026-01-11 15:38:40.109718 DEBUG::Object: ordereds, Size: 48
2026-01-11 15:38:40.110328 DEBUG::Object: random_effects_formula, Size: 0
2026-01-11 15:38:40.110925 DEBUG::Object: ranef_function, Size: 0
2026-01-11 15:38:40.111526 DEBUG::Object: save_models, Size: 56
2026-01-11 15:38:40.112111 DEBUG::Object: small_random_effects, Size: 56
2026-01-11 15:38:40.112774 DEBUG::Object: strata, Size: 48
2026-01-11 15:38:40.113409 DEBUG::Object: subtract_median, Size: 56
2026-01-11 15:38:40.114122 DEBUG::Object: summary_function, Size: 49424
2026-01-11 15:38:40.114908 DEBUG::Object: func_to_run, Size: 435336
2026-01-11 15:38:40.115653 INFO::Fitting model to feature number 1, Akkermansia muciniphila_A
2026-01-11 15:38:40.121969 INFO::Fitting model to feature number 2, Akkermansia muciniphila
2026-01-11 15:38:40.127718 INFO::Fitting model to feature number 3, Faecalibaculum rodentium
2026-01-11 15:38:40.134696 INFO::Fitting model to feature number 4, Pelethenecus sp910579215
2026-01-11 15:38:40.142301 INFO::Fitting model to feature number 5, MGYG000325581
2026-01-11 15:38:40.146266 WARNING::Fitting problem for feature 5 returning NA
2026-01-11 15:38:40.149162 INFO::Fitting model to feature number 6, Alistipes finegoldii
2026-01-11 15:38:40.156737 INFO::Fitting model to feature number 7, MGYG000325477
2026-01-11 15:38:40.164543 INFO::Fitting model to feature number 8, Paramuribaculum sp001689535
2026-01-11 15:38:40.170302 INFO::Fitting model to feature number 9, Paramuribaculum sp910587425
2026-01-11 15:38:40.175885 INFO::Fitting model to feature number 10, Muribaculum intestinale
2026-01-11 15:38:40.182735 INFO::Fitting model to feature number 11, NM07-P-09 sp004793925
2026-01-11 15:38:40.187823 INFO::Fitting model to feature number 12, ZJ304 sp910584145
2026-01-11 15:38:40.194802 INFO::Fitting model to feature number 13, Bifidobacterium globosum
2026-01-11 15:38:40.201348 INFO::Fitting model to feature number 14, MGYG000333678
2026-01-11 15:38:40.20681 INFO::Fitting model to feature number 15, Schaedlerella sp910575475
2026-01-11 15:38:40.212838 INFO::Fitting model to feature number 16, Lawsonibacter sp910588635
2026-01-11 15:38:40.22012 INFO::Fitting model to feature number 17, MGBC122484 sp910587055
2026-01-11 15:38:40.227108 INFO::Fitting model to feature number 18, Desulfovibrio sp009773975
2026-01-11 15:38:40.23375 INFO::Fitting model to feature number 19, NM07-P-09 sp004793665
2026-01-11 15:38:40.238436 INFO::Fitting model to feature number 20, MGBC105563 sp910579165
2026-01-11 15:38:40.245493 INFO::Fitting model to feature number 21, MGYG000327895
2026-01-11 15:38:40.252658 INFO::Fitting model to feature number 22, Paratractidigestivibacter faecalis
2026-01-11 15:38:40.257729 INFO::Fitting model to feature number 23, Paratractidigestivibacter sp900540955
2026-01-11 15:38:40.261471 WARNING::Fitting problem for feature 23 returning NA
2026-01-11 15:38:40.264227 INFO::Fitting model to feature number 24, MGYG000330582
2026-01-11 15:38:40.270429 INFO::Fitting model to feature number 25, MGYG000329032
2026-01-11 15:38:40.276871 INFO::Fitting model to feature number 26, Adlercreutzia muris
2026-01-11 15:38:40.283503 INFO::Fitting model to feature number 27, Adlercreutzia caecimuris
2026-01-11 15:38:40.290317 INFO::Fitting model to feature number 28, Adlercreutzia mucosicola
2026-01-11 15:38:40.296307 INFO::Fitting model to feature number 29, MGYG000329825
2026-01-11 15:38:40.301603 INFO::Fitting model to feature number 30, Adlercreutzia hattorii
2026-01-11 15:38:40.306747 INFO::Fitting model to feature number 31, Adlercreutzia sp910589165
2026-01-11 15:38:40.314004 INFO::Fitting model to feature number 32, MGYG000329537
2026-01-11 15:38:40.318492 INFO::Fitting model to feature number 33, MGYG000327852
2026-01-11 15:38:40.323077 INFO::Fitting model to feature number 34, Adlercreutzia sp910585575
2026-01-11 15:38:40.328786 INFO::Fitting model to feature number 35, MGBC163016 sp910588205
2026-01-11 15:38:40.333511 INFO::Fitting model to feature number 36, MGBC163016 sp910589135
2026-01-11 15:38:40.338325 INFO::Fitting model to feature number 37, MGBC163016 sp910588945
2026-01-11 15:38:40.344082 INFO::Fitting model to feature number 38, MGBC163016 sp910588905
2026-01-11 15:38:40.34998 INFO::Fitting model to feature number 39, MGYG000329984
2026-01-11 15:38:40.355898 INFO::Fitting model to feature number 40, MGYG000328464
2026-01-11 15:38:40.362851 INFO::Fitting model to feature number 41, MGYG000366993
2026-01-11 15:38:40.369591 INFO::Fitting model to feature number 42, MGBC163016 sp910585565
2026-01-11 15:38:40.374434 INFO::Fitting model to feature number 43, MGBC163016 sp910589125
2026-01-11 15:38:40.379557 INFO::Fitting model to feature number 44, MGYG000328353
2026-01-11 15:38:40.38448 INFO::Fitting model to feature number 45, MGBC163016 sp910580205
2026-01-11 15:38:40.391432 INFO::Fitting model to feature number 46, MGBC163016 sp910588985
2026-01-11 15:38:40.396867 INFO::Fitting model to feature number 47, MGBC163016 sp910588435
2026-01-11 15:38:40.401523 INFO::Fitting model to feature number 48, D16-63 sp910588095
2026-01-11 15:38:40.407391 INFO::Fitting model to feature number 49, MGYG000328321
2026-01-11 15:38:40.412766 INFO::Fitting model to feature number 50, MGYG000410711
2026-01-11 15:38:40.417247 INFO::Fitting model to feature number 51, Enterorhabdus sp009911695
2026-01-11 15:38:40.423335 INFO::Fitting model to feature number 52, MGYG000329834
2026-01-11 15:38:40.430251 INFO::Fitting model to feature number 53, Enterorhabdus sp910589695
2026-01-11 15:38:40.435513 INFO::Fitting model to feature number 54, D16-34 sp910575165
2026-01-11 15:38:40.442708 INFO::Fitting model to feature number 55, D16-34 sp003612515
2026-01-11 15:38:40.448493 INFO::Fitting model to feature number 56, D16-34 sp910577495
2026-01-11 15:38:40.45372 INFO::Fitting model to feature number 57, ZJ304 sp943192905
2026-01-11 15:38:40.459706 INFO::Fitting model to feature number 58, MGYG000401219
2026-01-11 15:38:40.465647 INFO::Fitting model to feature number 59, Parvibacter caecicola
2026-01-11 15:38:40.470872 INFO::Fitting model to feature number 60, Parvibacter sp910587945
2026-01-11 15:38:40.476806 INFO::Fitting model to feature number 61, MGYG000329896
2026-01-11 15:38:40.482598 INFO::Fitting model to feature number 62, Parvibacter sp910588725
2026-01-11 15:38:40.48834 INFO::Fitting model to feature number 63, MGYG000328306
2026-01-11 15:38:40.495784 INFO::Fitting model to feature number 64, MGYG000328451
2026-01-11 15:38:40.501724 INFO::Fitting model to feature number 65, Anaerotardibacter sp000435675
2026-01-11 15:38:40.508618 INFO::Fitting model to feature number 66, Anaerotardibacter sp900753095
2026-01-11 15:38:40.51481 INFO::Fitting model to feature number 67, Gordonibacter pamelaeae
2026-01-11 15:38:40.519544 INFO::Fitting model to feature number 68, Eggerthella lenta
2026-01-11 15:38:40.524337 INFO::Fitting model to feature number 69, Ellagibacter isourolithinifaciens
2026-01-11 15:38:40.530458 INFO::Fitting model to feature number 70, Senegalimassilia faecalis
2026-01-11 15:38:40.535242 INFO::Fitting model to feature number 71, Slackia_A isoflavoniconvertens
2026-01-11 15:38:40.538723 WARNING::Fitting problem for feature 71 returning NA
2026-01-11 15:38:40.540854 INFO::Fitting model to feature number 72, Collinsella aerofaciens_J
2026-01-11 15:38:40.543524 WARNING::Fitting problem for feature 72 returning NA
2026-01-11 15:38:40.545796 INFO::Fitting model to feature number 73, Enorma burkinafasonensis
2026-01-11 15:38:40.550063 INFO::Fitting model to feature number 74, MGYG000410812
2026-01-11 15:38:40.55216 WARNING::Fitting problem for feature 74 returning NA
2026-01-11 15:38:40.553813 INFO::Fitting model to feature number 75, UMGS124 sp900555105
2026-01-11 15:38:40.555811 WARNING::Fitting problem for feature 75 returning NA
2026-01-11 15:38:40.557904 INFO::Fitting model to feature number 76, Bifidobacterium animalis
2026-01-11 15:38:40.562774 INFO::Fitting model to feature number 77, Bifidobacterium adolescentis
2026-01-11 15:38:40.566858 INFO::Fitting model to feature number 78, Bifidobacterium pseudocatenulatum
2026-01-11 15:38:40.571669 INFO::Fitting model to feature number 79, Bifidobacterium bifidum
2026-01-11 15:38:40.577938 INFO::Fitting model to feature number 80, Bifidobacterium longum
2026-01-11 15:38:40.583841 INFO::Fitting model to feature number 81, MGYG000329693
2026-01-11 15:38:40.589501 INFO::Fitting model to feature number 82, Paramuribaculum intestinale
2026-01-11 15:38:40.596922 INFO::Fitting model to feature number 83, Paramuribaculum sp001689565
2026-01-11 15:38:40.602895 INFO::Fitting model to feature number 84, Paramuribaculum sp910579675
2026-01-11 15:38:40.608695 INFO::Fitting model to feature number 85, MGYG000329858
2026-01-11 15:38:40.614259 INFO::Fitting model to feature number 86, Paramuribaculum sp910578805
2026-01-11 15:38:40.6211 INFO::Fitting model to feature number 87, MGYG000325717
2026-01-11 15:38:40.627183 INFO::Fitting model to feature number 88, Paramuribaculum sp910579185
2026-01-11 15:38:40.63255 INFO::Fitting model to feature number 89, MGYG000329300
2026-01-11 15:38:40.63883 INFO::Fitting model to feature number 90, Paramuribaculum sp009775605
2026-01-11 15:38:40.645674 INFO::Fitting model to feature number 91, Paramuribaculum sp910586475
2026-01-11 15:38:40.652058 INFO::Fitting model to feature number 92, MGYG000325727
2026-01-11 15:38:40.658665 INFO::Fitting model to feature number 93, Paramuribaculum sp910588065
2026-01-11 15:38:40.665295 INFO::Fitting model to feature number 94, Paramuribaculum sp910578305
2026-01-11 15:38:40.671263 INFO::Fitting model to feature number 95, Paramuribaculum sp910587185
2026-01-11 15:38:40.676845 INFO::Fitting model to feature number 96, Paramuribaculum sp910577465
2026-01-11 15:38:40.683805 INFO::Fitting model to feature number 97, Paramuribaculum sp910586895
2026-01-11 15:38:40.689042 INFO::Fitting model to feature number 98, Paramuribaculum sp910589095
2026-01-11 15:38:40.695345 INFO::Fitting model to feature number 99, Paramuribaculum sp014800945
2026-01-11 15:38:40.702062 INFO::Fitting model to feature number 100, MGYG000325457
2026-01-11 15:38:40.709151 INFO::Fitting model to feature number 101, Paramuribaculum sp014802045
2026-01-11 15:38:40.714898 INFO::Fitting model to feature number 102, MGYG000325750
2026-01-11 15:38:40.722495 INFO::Fitting model to feature number 103, MGYG000325361
2026-01-11 15:38:40.73024 INFO::Fitting model to feature number 104, Paramuribaculum sp014801865
2026-01-11 15:38:40.737817 INFO::Fitting model to feature number 105, Paramuribaculum sp014801655
2026-01-11 15:38:40.744535 INFO::Fitting model to feature number 106, MGYG000325540
2026-01-11 15:38:40.749618 INFO::Fitting model to feature number 107, Duncaniella sp910576785
2026-01-11 15:38:40.754144 INFO::Fitting model to feature number 108, Duncaniella dubosii
2026-01-11 15:38:40.759157 INFO::Fitting model to feature number 109, Duncaniella sp910589485
2026-01-11 15:38:40.76411 INFO::Fitting model to feature number 110, Duncaniella sp001689575
2026-01-11 15:38:40.768899 INFO::Fitting model to feature number 111, Duncaniella muris
2026-01-11 15:38:40.775935 INFO::Fitting model to feature number 112, Duncaniella sp910578445
2026-01-11 15:38:40.782429 INFO::Fitting model to feature number 113, Duncaniella freteri
2026-01-11 15:38:40.788475 INFO::Fitting model to feature number 114, Duncaniella sp910578515
2026-01-11 15:38:40.795285 INFO::Fitting model to feature number 115, Duncaniella sp910577255
2026-01-11 15:38:40.801138 INFO::Fitting model to feature number 116, Duncaniella sp910577345
2026-01-11 15:38:40.805772 INFO::Fitting model to feature number 117, Duncaniella sp910577335
2026-01-11 15:38:40.811713 INFO::Fitting model to feature number 118, MGYG000325799
2026-01-11 15:38:40.816971 INFO::Fitting model to feature number 119, Duncaniella sp014802345
2026-01-11 15:38:40.824084 INFO::Fitting model to feature number 120, Duncaniella sp910578615
2026-01-11 15:38:40.831827 INFO::Fitting model to feature number 121, MGYG000325465
2026-01-11 15:38:40.838171 INFO::Fitting model to feature number 122, Duncaniella sp910586305
2026-01-11 15:38:40.845103 INFO::Fitting model to feature number 123, Duncaniella sp001689495
2026-01-11 15:38:40.851873 INFO::Fitting model to feature number 124, MGYG000327170
2026-01-11 15:38:40.857344 INFO::Fitting model to feature number 125, Duncaniella sp910584825
2026-01-11 15:38:40.864526 INFO::Fitting model to feature number 126, Duncaniella sp910587165
2026-01-11 15:38:40.869975 INFO::Fitting model to feature number 127, MGYG000325518
2026-01-11 15:38:40.876127 INFO::Fitting model to feature number 128, Duncaniella sp002494015
2026-01-11 15:38:40.88374 INFO::Fitting model to feature number 129, Duncaniella sp910587515
2026-01-11 15:38:40.890792 INFO::Fitting model to feature number 130, Duncaniella sp910586665
2026-01-11 15:38:40.898649 INFO::Fitting model to feature number 131, Duncaniella sp014801945
2026-01-11 15:38:40.906002 INFO::Fitting model to feature number 132, Duncaniella sp910588795
2026-01-11 15:38:40.914086 INFO::Fitting model to feature number 133, Duncaniella sp001701225
2026-01-11 15:38:40.920563 INFO::Fitting model to feature number 134, Duncaniella sp014802325
2026-01-11 15:38:40.925744 INFO::Fitting model to feature number 135, Duncaniella sp014802015
2026-01-11 15:38:40.9321 INFO::Fitting model to feature number 136, MGYG000325456
2026-01-11 15:38:40.937463 INFO::Fitting model to feature number 137, MGYG000325723
2026-01-11 15:38:40.942865 INFO::Fitting model to feature number 138, MGYG000325575
2026-01-11 15:38:40.948749 INFO::Fitting model to feature number 139, MGYG000325671
2026-01-11 15:38:40.95341 INFO::Fitting model to feature number 140, CAG-873 sp009775135
2026-01-11 15:38:40.959793 INFO::Fitting model to feature number 141, CAG-873 sp002490635
2026-01-11 15:38:40.96499 INFO::Fitting model to feature number 142, MGYG000328238
2026-01-11 15:38:40.971209 INFO::Fitting model to feature number 143, CAG-873 sp009775265
2026-01-11 15:38:40.976357 INFO::Fitting model to feature number 144, CAG-873 sp011959565
2026-01-11 15:38:40.982586 INFO::Fitting model to feature number 145, CAG-873 sp910578365
2026-01-11 15:38:40.987361 INFO::Fitting model to feature number 146, CAG-873 sp910587235
2026-01-11 15:38:40.992515 INFO::Fitting model to feature number 147, CAG-873 sp009775225
2026-01-11 15:38:40.998188 INFO::Fitting model to feature number 148, CAG-873 sp009775535
2026-01-11 15:38:41.00351 INFO::Fitting model to feature number 149, CAG-873 sp910577315
2026-01-11 15:38:41.00945 INFO::Fitting model to feature number 150, CAG-873 sp910584905
2026-01-11 15:38:41.014209 INFO::Fitting model to feature number 151, CAG-873 sp910587545
2026-01-11 15:38:41.018487 INFO::Fitting model to feature number 152, CAG-873 sp910586455
2026-01-11 15:38:41.02252 INFO::Fitting model to feature number 153, MGYG000324412
2026-01-11 15:38:41.027331 INFO::Fitting model to feature number 154, CAG-873 sp910587915
2026-01-11 15:38:41.031858 INFO::Fitting model to feature number 155, CAG-873 sp001689665
2026-01-11 15:38:41.036058 INFO::Fitting model to feature number 156, CAG-873 sp017624155
2026-01-11 15:38:41.040083 INFO::Fitting model to feature number 157, MGYG000329414
2026-01-11 15:38:41.044947 INFO::Fitting model to feature number 158, CAG-873 sp910578095
2026-01-11 15:38:41.049221 INFO::Fitting model to feature number 159, CAG-873 sp910586975
2026-01-11 15:38:41.053295 INFO::Fitting model to feature number 160, CAG-873 sp001689415
2026-01-11 15:38:41.057467 INFO::Fitting model to feature number 161, MGYG000325453
2026-01-11 15:38:41.062346 INFO::Fitting model to feature number 162, CAG-873 sp910587475
2026-01-11 15:38:41.066566 INFO::Fitting model to feature number 163, CAG-873 sp900550395
2026-01-11 15:38:41.070761 INFO::Fitting model to feature number 164, MGYG000325639
2026-01-11 15:38:41.074797 INFO::Fitting model to feature number 165, CAG-873 sp910576935
2026-01-11 15:38:41.07945 INFO::Fitting model to feature number 166, MGYG000328998
2026-01-11 15:38:41.084428 INFO::Fitting model to feature number 167, CAG-873 sp910578035
2026-01-11 15:38:41.089818 INFO::Fitting model to feature number 168, MGYG000322997
2026-01-11 15:38:41.096183 INFO::Fitting model to feature number 169, MGYG000325431
2026-01-11 15:38:41.101632 INFO::Fitting model to feature number 170, CAG-873 sp905202215
2026-01-11 15:38:41.108735 INFO::Fitting model to feature number 171, CAG-873 sp009775195
2026-01-11 15:38:41.11374 INFO::Fitting model to feature number 172, CAG-873 sp910586995
2026-01-11 15:38:41.118587 INFO::Fitting model to feature number 173, CAG-873 sp910577355
2026-01-11 15:38:41.125572 INFO::Fitting model to feature number 174, MGYG000325570
2026-01-11 15:38:41.133243 INFO::Fitting model to feature number 175, MGYG000325620
2026-01-11 15:38:41.139489 INFO::Fitting model to feature number 176, CAG-873 sp001701165
2026-01-11 15:38:41.14695 INFO::Fitting model to feature number 177, MGYG000325469
2026-01-11 15:38:41.154073 INFO::Fitting model to feature number 178, CAG-873 sp003979155
2026-01-11 15:38:41.160191 INFO::Fitting model to feature number 179, MGYG000325729
2026-01-11 15:38:41.166414 INFO::Fitting model to feature number 180, CAG-873 sp910576775
2026-01-11 15:38:41.17195 INFO::Fitting model to feature number 181, MGYG000325342
2026-01-11 15:38:41.177629 INFO::Fitting model to feature number 182, MGYG000325463
2026-01-11 15:38:41.182475 INFO::Fitting model to feature number 183, CAG-873 sp910587355
2026-01-11 15:38:41.18671 INFO::Fitting model to feature number 184, CAG-873 sp910583525
2026-01-11 15:38:41.191607 INFO::Fitting model to feature number 185, MGYG000328958
2026-01-11 15:38:41.196963 INFO::Fitting model to feature number 186, MGYG000325379
2026-01-11 15:38:41.201476 INFO::Fitting model to feature number 187, CAG-873 sp910584495
2026-01-11 15:38:41.206264 INFO::Fitting model to feature number 188, CAG-873 sp910589055
2026-01-11 15:38:41.211603 INFO::Fitting model to feature number 189, CAG-873 sp910586595
2026-01-11 15:38:41.21658 INFO::Fitting model to feature number 190, MGYG000325473
2026-01-11 15:38:41.221119 INFO::Fitting model to feature number 191, CAG-873 sp910587925
2026-01-11 15:38:41.226395 INFO::Fitting model to feature number 192, CAG-873 sp900555715
2026-01-11 15:38:41.231431 INFO::Fitting model to feature number 193, CAG-873 sp002493945
2026-01-11 15:38:41.236607 INFO::Fitting model to feature number 194, CAG-873 sp002491245
2026-01-11 15:38:41.241473 INFO::Fitting model to feature number 195, MGYG000329571
2026-01-11 15:38:41.246781 INFO::Fitting model to feature number 196, MGYG000325537
2026-01-11 15:38:41.251666 INFO::Fitting model to feature number 197, CAG-485 sp009775365
2026-01-11 15:38:41.256952 INFO::Fitting model to feature number 198, CAG-485 sp002493045
2026-01-11 15:38:41.263255 INFO::Fitting model to feature number 199, CAG-485 sp009775355
2026-01-11 15:38:41.269353 INFO::Fitting model to feature number 200, CAG-485 sp002362485
2026-01-11 15:38:41.274812 INFO::Fitting model to feature number 201, CAG-485 sp002361215
2026-01-11 15:38:41.280022 INFO::Fitting model to feature number 202, CAG-485 sp002491945
2026-01-11 15:38:41.284761 INFO::Fitting model to feature number 203, CAG-485 sp002361155
2026-01-11 15:38:41.289721 INFO::Fitting model to feature number 204, MGYG000410771
2026-01-11 15:38:41.295177 INFO::Fitting model to feature number 205, MGYG000325582
2026-01-11 15:38:41.299908 INFO::Fitting model to feature number 206, CAG-485 sp002493515
2026-01-11 15:38:41.304569 INFO::Fitting model to feature number 207, CAG-485 sp003979075
2026-01-11 15:38:41.309742 INFO::Fitting model to feature number 208, CAG-485 sp001701295
2026-01-11 15:38:41.314868 INFO::Fitting model to feature number 209, MGYG000325475
2026-01-11 15:38:41.319803 INFO::Fitting model to feature number 210, MGYG000327930
2026-01-11 15:38:41.324714 INFO::Fitting model to feature number 211, CAG-485 sp910584055
2026-01-11 15:38:41.330105 INFO::Fitting model to feature number 212, MGYG000325569
2026-01-11 15:38:41.334812 INFO::Fitting model to feature number 213, CAG-485 sp910579845
2026-01-11 15:38:41.339586 INFO::Fitting model to feature number 214, CAG-485 sp910584125
2026-01-11 15:38:41.34495 INFO::Fitting model to feature number 215, CAG-485 sp910578385
2026-01-11 15:38:41.350166 INFO::Fitting model to feature number 216, MGYG000325346
2026-01-11 15:38:41.355064 INFO::Fitting model to feature number 217, MGYG000324474
2026-01-11 15:38:41.360862 INFO::Fitting model to feature number 218, CAG-485 sp910586175
2026-01-11 15:38:41.367244 INFO::Fitting model to feature number 219, MGYG000329437
2026-01-11 15:38:41.373087 INFO::Fitting model to feature number 220, MGYG000325442
2026-01-11 15:38:41.379381 INFO::Fitting model to feature number 221, CAG-485 sp910577585
2026-01-11 15:38:41.385723 INFO::Fitting model to feature number 222, CAG-485 sp009775375
2026-01-11 15:38:41.393266 INFO::Fitting model to feature number 223, MGYG000347897
2026-01-11 15:38:41.399671 INFO::Fitting model to feature number 224, CAG-485 sp910578075
2026-01-11 15:38:41.406638 INFO::Fitting model to feature number 225, CAG-485 sp900554845
2026-01-11 15:38:41.412344 INFO::Fitting model to feature number 226, CAG-485 sp910583775
2026-01-11 15:38:41.417816 INFO::Fitting model to feature number 227, MGYG000325760
2026-01-11 15:38:41.423542 INFO::Fitting model to feature number 228, MGYG000325660
2026-01-11 15:38:41.430401 INFO::Fitting model to feature number 229, CAG-485 sp910584545
2026-01-11 15:38:41.436002 INFO::Fitting model to feature number 230, MGYG000325658
2026-01-11 15:38:41.442868 INFO::Fitting model to feature number 231, CAG-485 sp910584525
2026-01-11 15:38:41.448603 INFO::Fitting model to feature number 232, CAG-485 sp910583795
2026-01-11 15:38:41.453682 INFO::Fitting model to feature number 233, CAG-485 sp910585275
2026-01-11 15:38:41.459145 INFO::Fitting model to feature number 234, MGYG000325481
2026-01-11 15:38:41.464403 INFO::Fitting model to feature number 235, CAG-485 sp910589425
2026-01-11 15:38:41.469092 INFO::Fitting model to feature number 236, CAG-485 sp910588245
2026-01-11 15:38:41.474721 INFO::Fitting model to feature number 237, CAG-485 sp014801815
2026-01-11 15:38:41.482198 INFO::Fitting model to feature number 238, MGYG000329106
2026-01-11 15:38:41.488249 INFO::Fitting model to feature number 239, MGYG000325458
2026-01-11 15:38:41.495003 INFO::Fitting model to feature number 240, MGYG000325710
2026-01-11 15:38:41.502952 INFO::Fitting model to feature number 241, MGYG000325738
2026-01-11 15:38:41.510888 INFO::Fitting model to feature number 242, MGYG000325560
2026-01-11 15:38:41.518783 INFO::Fitting model to feature number 243, CAG-485 sp910579305
2026-01-11 15:38:41.52343 INFO::Fitting model to feature number 244, MGYG000325644
2026-01-11 15:38:41.529466 INFO::Fitting model to feature number 245, CAG-485 sp900760815
2026-01-11 15:38:41.534151 INFO::Fitting model to feature number 246, MGYG000325315
2026-01-11 15:38:41.538809 INFO::Fitting model to feature number 247, MGYG000325633
2026-01-11 15:38:41.544314 INFO::Fitting model to feature number 248, MGYG000325436
2026-01-11 15:38:41.549364 INFO::Fitting model to feature number 249, MGYG000325715
2026-01-11 15:38:41.554211 INFO::Fitting model to feature number 250, MGYG000325350
2026-01-11 15:38:41.559918 INFO::Fitting model to feature number 251, MGYG000325747
2026-01-11 15:38:41.565459 INFO::Fitting model to feature number 252, MGYG000325437
2026-01-11 15:38:41.570248 INFO::Fitting model to feature number 253, CAG-485 sp014800895
2026-01-11 15:38:41.575014 INFO::Fitting model to feature number 254, MGYG000325541
2026-01-11 15:38:41.580675 INFO::Fitting model to feature number 255, MGYG000325479
2026-01-11 15:38:41.585737 INFO::Fitting model to feature number 256, CAG-485 sp910585285
2026-01-11 15:38:41.590823 INFO::Fitting model to feature number 257, CAG-485 sp910584185
2026-01-11 15:38:41.59658 INFO::Fitting model to feature number 258, MGYG000325680
2026-01-11 15:38:41.601825 INFO::Fitting model to feature number 259, MGYG000325622
2026-01-11 15:38:41.606468 INFO::Fitting model to feature number 260, MGYG000325425
2026-01-11 15:38:41.612252 INFO::Fitting model to feature number 261, MGYG000325415
2026-01-11 15:38:41.617145 INFO::Fitting model to feature number 262, CAG-485 sp900550645
2026-01-11 15:38:41.621984 INFO::Fitting model to feature number 263, MGYG000325597
2026-01-11 15:38:41.627668 INFO::Fitting model to feature number 264, MGYG000325446
2026-01-11 15:38:41.632996 INFO::Fitting model to feature number 265, MGYG000325721
2026-01-11 15:38:41.63808 INFO::Fitting model to feature number 266, Muribaculum gordoncarteri
2026-01-11 15:38:41.64338 INFO::Fitting model to feature number 267, Muribaculum sp009775095
2026-01-11 15:38:41.648305 INFO::Fitting model to feature number 268, Muribaculum sp002473395
2026-01-11 15:38:41.653398 INFO::Fitting model to feature number 269, Muribaculum faecis
2026-01-11 15:38:41.658621 INFO::Fitting model to feature number 270, MGYG000325310
2026-01-11 15:38:41.664172 INFO::Fitting model to feature number 271, Muribaculum sp910587665
2026-01-11 15:38:41.669033 INFO::Fitting model to feature number 272, Muribaculum sp001701195
2026-01-11 15:38:41.673691 INFO::Fitting model to feature number 273, Muribaculum sp910578785
2026-01-11 15:38:41.679383 INFO::Fitting model to feature number 274, Muribaculum sp910589555
2026-01-11 15:38:41.684253 INFO::Fitting model to feature number 275, Muribaculum arabinoxylanisolvens
2026-01-11 15:38:41.689016 INFO::Fitting model to feature number 276, Muribaculum sp003150235
2026-01-11 15:38:41.695042 INFO::Fitting model to feature number 277, MGYG000328540
2026-01-11 15:38:41.700246 INFO::Fitting model to feature number 278, Muribaculum sp910583865
2026-01-11 15:38:41.704875 INFO::Fitting model to feature number 279, Muribaculum sp910578835
2026-01-11 15:38:41.710779 INFO::Fitting model to feature number 280, Muribaculum sp001701065
2026-01-11 15:38:41.717015 INFO::Fitting model to feature number 281, MGYG000328957
2026-01-11 15:38:41.723127 INFO::Fitting model to feature number 282, UBA7173 sp001689485
2026-01-11 15:38:41.730056 INFO::Fitting model to feature number 283, UBA7173 sp001689685
2026-01-11 15:38:41.738382 INFO::Fitting model to feature number 284, UBA7173 sp002491305
2026-01-11 15:38:41.745144 INFO::Fitting model to feature number 285, UBA7173 sp013316675
2026-01-11 15:38:41.752893 INFO::Fitting model to feature number 286, MGYG000329847
2026-01-11 15:38:41.760682 INFO::Fitting model to feature number 287, UBA7173 sp013316535
2026-01-11 15:38:41.766834 INFO::Fitting model to feature number 288, UBA7173 sp910584365
2026-01-11 15:38:41.772668 INFO::Fitting model to feature number 289, UBA7173 sp910583675
2026-01-11 15:38:41.779904 INFO::Fitting model to feature number 290, MGYG000325674
2026-01-11 15:38:41.787807 INFO::Fitting model to feature number 291, UBA7173 sp910584735
2026-01-11 15:38:41.79626 INFO::Fitting model to feature number 292, UBA7173 sp900548705
2026-01-11 15:38:41.803284 INFO::Fitting model to feature number 293, UBA7173 sp910585755
2026-01-11 15:38:41.810869 INFO::Fitting model to feature number 294, UBA7173 sp910579105
2026-01-11 15:38:41.8176 INFO::Fitting model to feature number 295, UBA7173 sp910586565
2026-01-11 15:38:41.82282 INFO::Fitting model to feature number 296, UBA7173 sp900555165
2026-01-11 15:38:41.828172 INFO::Fitting model to feature number 297, UBA7173 sp910587075
2026-01-11 15:38:41.850208 INFO::Fitting model to feature number 298, MGYG000410332
2026-01-11 15:38:41.855537 INFO::Fitting model to feature number 299, MGYG000325632
2026-01-11 15:38:41.861232 INFO::Fitting model to feature number 300, MGYG000325803
2026-01-11 15:38:41.866585 INFO::Fitting model to feature number 301, JAFLTL01 sp910578395
2026-01-11 15:38:41.871356 INFO::Fitting model to feature number 302, MGYG000325590
2026-01-11 15:38:41.876681 INFO::Fitting model to feature number 303, UBA3263 sp001689615
2026-01-11 15:38:41.881812 INFO::Fitting model to feature number 304, MGYG000325470
2026-01-11 15:38:41.886788 INFO::Fitting model to feature number 305, UBA3263 sp002490725
2026-01-11 15:38:41.891946 INFO::Fitting model to feature number 306, MGYG000331010
2026-01-11 15:38:41.897909 INFO::Fitting model to feature number 307, UBA3263 sp014801955
2026-01-11 15:38:41.90306 INFO::Fitting model to feature number 308, MGYG000325619
2026-01-11 15:38:41.908716 INFO::Fitting model to feature number 309, MGYG000325600
2026-01-11 15:38:41.915303 INFO::Fitting model to feature number 310, MGYG000325598
2026-01-11 15:38:41.921362 INFO::Fitting model to feature number 311, JAGBWK01 sp001915385
2026-01-11 15:38:41.927243 INFO::Fitting model to feature number 312, JAGBWK01 sp004102805
2026-01-11 15:38:41.932736 INFO::Fitting model to feature number 313, MGYG000325382
2026-01-11 15:38:41.937712 INFO::Fitting model to feature number 314, MGYG000327564
2026-01-11 15:38:41.943015 INFO::Fitting model to feature number 315, MGYG000328504
2026-01-11 15:38:41.948176 INFO::Fitting model to feature number 316, JAAVFS01 sp910584665
2026-01-11 15:38:41.952769 INFO::Fitting model to feature number 317, MGYG000325322
2026-01-11 15:38:41.960583 INFO::Fitting model to feature number 318, MGYG000325435
2026-01-11 15:38:41.968699 INFO::Fitting model to feature number 319, CAJUPY01 sp910588035
2026-01-11 15:38:41.975635 INFO::Fitting model to feature number 320, MGYG000325343
2026-01-11 15:38:41.981109 INFO::Fitting model to feature number 321, CAJUPY01 sp014802535
2026-01-11 15:38:41.986704 INFO::Fitting model to feature number 322, MGYG000325663
2026-01-11 15:38:41.993095 INFO::Fitting model to feature number 323, M3 sp001689445
2026-01-11 15:38:42.000263 INFO::Fitting model to feature number 324, MGYG000328741
2026-01-11 15:38:42.005636 INFO::Fitting model to feature number 325, CAG-1031 sp000431215
2026-01-11 15:38:42.012998 INFO::Fitting model to feature number 326, Amulumruptor sp001689515
2026-01-11 15:38:42.019113 INFO::Fitting model to feature number 327, Amulumruptor sp900539915
2026-01-11 15:38:42.02562 INFO::Fitting model to feature number 328, Sodaliphilus sp004557565
2026-01-11 15:38:42.032559 INFO::Fitting model to feature number 329, Limisoma sp000437795
2026-01-11 15:38:42.038061 INFO::Fitting model to feature number 330, Bacteroides sp002491635
2026-01-11 15:38:42.043221 INFO::Fitting model to feature number 331, Bacteroides sp910578895
2026-01-11 15:38:42.050982 INFO::Fitting model to feature number 332, Bacteroides acidifaciens
2026-01-11 15:38:42.057326 INFO::Fitting model to feature number 333, Bacteroides caecimuris
2026-01-11 15:38:42.064021 INFO::Fitting model to feature number 334, Bacteroides sp910586915
2026-01-11 15:38:42.069037 INFO::Fitting model to feature number 335, Bacteroides uniformis
2026-01-11 15:38:42.073893 INFO::Fitting model to feature number 336, Bacteroides sp910585845
2026-01-11 15:38:42.080002 INFO::Fitting model to feature number 337, Bacteroides sp900765785
2026-01-11 15:38:42.084851 INFO::Fitting model to feature number 338, Bacteroides stercoris
2026-01-11 15:38:42.090323 INFO::Fitting model to feature number 339, MGYG000325585
2026-01-11 15:38:42.095824 INFO::Fitting model to feature number 340, Bacteroides nordii
2026-01-11 15:38:42.101371 INFO::Fitting model to feature number 341, Bacteroides congonensis
2026-01-11 15:38:42.107944 INFO::Fitting model to feature number 342, Bacteroides xylanisolvens
2026-01-11 15:38:42.116333 INFO::Fitting model to feature number 343, Bacteroides intestinalis
2026-01-11 15:38:42.123246 INFO::Fitting model to feature number 344, Bacteroides cellulosilyticus
2026-01-11 15:38:42.131263 INFO::Fitting model to feature number 345, Prevotella sp002933775
2026-01-11 15:38:42.139292 INFO::Fitting model to feature number 346, Prevotella muris
2026-01-11 15:38:42.146557 INFO::Fitting model to feature number 347, MGYG000325010
2026-01-11 15:38:42.15157 INFO::Fitting model to feature number 348, MGYG000325676
2026-01-11 15:38:42.156717 INFO::Fitting model to feature number 349, Prevotella sp013166515
2026-01-11 15:38:42.163334 INFO::Fitting model to feature number 350, Prevotella rodentium
2026-01-11 15:38:42.168089 INFO::Fitting model to feature number 351, Prevotella sp900545525
2026-01-11 15:38:42.172838 INFO::Fitting model to feature number 352, MGYG000325400
2026-01-11 15:38:42.178748 INFO::Fitting model to feature number 353, Prevotella intestinalis
2026-01-11 15:38:42.183877 INFO::Fitting model to feature number 354, Phocaeicola vulgatus
2026-01-11 15:38:42.188842 INFO::Fitting model to feature number 355, Phocaeicola sartorii
2026-01-11 15:38:42.194992 INFO::Fitting model to feature number 356, Phocaeicola sp011959205
2026-01-11 15:38:42.201223 INFO::Fitting model to feature number 357, Phocaeicola faecalis
2026-01-11 15:38:42.207357 INFO::Fitting model to feature number 358, Phocaeicola plebeius_A
2026-01-11 15:38:42.214011 INFO::Fitting model to feature number 359, Phocaeicola massiliensis
2026-01-11 15:38:42.219294 INFO::Fitting model to feature number 360, UBA4372 sp023665805
2026-01-11 15:38:42.224041 INFO::Fitting model to feature number 361, MGYG000325572
2026-01-11 15:38:42.229861 INFO::Fitting model to feature number 362, Alloprevotella sp009775705
2026-01-11 15:38:42.235027 INFO::Fitting model to feature number 363, Alloprevotella sp002933955
2026-01-11 15:38:42.240792 INFO::Fitting model to feature number 364, Paraprevotella sp900548345
2026-01-11 15:38:42.247317 INFO::Fitting model to feature number 365, Paraprevotella sp910586505
2026-01-11 15:38:42.253747 INFO::Fitting model to feature number 366, Alistipes sp002428825
2026-01-11 15:38:42.259232 INFO::Fitting model to feature number 367, Alistipes sp910587675
2026-01-11 15:38:42.264559 INFO::Fitting model to feature number 368, Alistipes timonensis
2026-01-11 15:38:42.269552 INFO::Fitting model to feature number 369, Alistipes sp910576555
2026-01-11 15:38:42.274359 INFO::Fitting model to feature number 370, Alistipes sp009774895
2026-01-11 15:38:42.280887 INFO::Fitting model to feature number 371, Alistipes sp002362235
2026-01-11 15:38:42.286858 INFO::Fitting model to feature number 372, Alistipes sp900552955
2026-01-11 15:38:42.289956 WARNING::Fitting problem for feature 372 returning NA
2026-01-11 15:38:42.292555 INFO::Fitting model to feature number 373, Alistipes sp910575495
2026-01-11 15:38:42.29877 INFO::Fitting model to feature number 374, Alistipes sp910577475
2026-01-11 15:38:42.303638 INFO::Fitting model to feature number 375, Alistipes sp002358415
2026-01-11 15:38:42.308831 INFO::Fitting model to feature number 376, Avirikenella sp910588925
2026-01-11 15:38:42.314286 INFO::Fitting model to feature number 377, MGYG000325667
2026-01-11 15:38:42.319261 INFO::Fitting model to feature number 378, Rikenella sp910577885
2026-01-11 15:38:42.323817 INFO::Fitting model to feature number 379, Parabacteroides distasonis
2026-01-11 15:38:42.329268 INFO::Fitting model to feature number 380, Parabacteroides goldsteinii
2026-01-11 15:38:42.336557 INFO::Fitting model to feature number 381, Parabacteroides sp900760525
2026-01-11 15:38:42.341283 INFO::Fitting model to feature number 382, Parabacteroides merdae
2026-01-11 15:38:42.34721 INFO::Fitting model to feature number 383, Odoribacter sp021771575
2026-01-11 15:38:42.353822 INFO::Fitting model to feature number 384, Odoribacter sp910578105
2026-01-11 15:38:42.358968 INFO::Fitting model to feature number 385, Odoribacter sp910589025
2026-01-11 15:38:42.366492 INFO::Fitting model to feature number 386, Butyricimonas virosa
2026-01-11 15:38:42.371428 INFO::Fitting model to feature number 387, Pullibacteroides sp910586395
2026-01-11 15:38:42.377494 INFO::Fitting model to feature number 388, Cryptobacteroides sp009774765
2026-01-11 15:38:42.38137 WARNING::Fitting problem for feature 388 returning NA
2026-01-11 15:38:42.384176 INFO::Fitting model to feature number 389, Cryptobacteroides sp910585445
2026-01-11 15:38:42.391882 INFO::Fitting model to feature number 390, Imtechella halotolerans
2026-01-11 15:38:42.399403 INFO::Fitting model to feature number 391, Faecalibaculum sp910588395
2026-01-11 15:38:42.406942 INFO::Fitting model to feature number 392, C-19 sp910576855
2026-01-11 15:38:42.414595 INFO::Fitting model to feature number 393, MGYG000329824
2026-01-11 15:38:42.419495 INFO::Fitting model to feature number 394, Ileibacterium valens
2026-01-11 15:38:42.425287 INFO::Fitting model to feature number 395, Dubosiella sp004793885
2026-01-11 15:38:42.432186 INFO::Fitting model to feature number 396, CAJTFG01 sp910575705
2026-01-11 15:38:42.435598 WARNING::Fitting problem for feature 396 returning NA
2026-01-11 15:38:42.438219 INFO::Fitting model to feature number 397, Thomasclavelia cocleata
2026-01-11 15:38:42.445664 INFO::Fitting model to feature number 398, Thomasclavelia ramosa
2026-01-11 15:38:42.453285 INFO::Fitting model to feature number 399, MGBC113645 sp910579135
2026-01-11 15:38:42.460697 INFO::Fitting model to feature number 400, Fimiplasma sp910588165
2026-01-11 15:38:42.466707 INFO::Fitting model to feature number 401, Lactobacillus intestinalis
2026-01-11 15:38:42.472522 INFO::Fitting model to feature number 402, Lactobacillus sp910589675
2026-01-11 15:38:42.478598 INFO::Fitting model to feature number 403, MGYG000329195
2026-01-11 15:38:42.484176 INFO::Fitting model to feature number 404, Lactobacillus taiwanensis
2026-01-11 15:38:42.489879 INFO::Fitting model to feature number 405, Lactobacillus amylovorus
2026-01-11 15:38:42.496622 INFO::Fitting model to feature number 406, MGYG000325525
2026-01-11 15:38:42.504392 INFO::Fitting model to feature number 407, MGYG000326943
2026-01-11 15:38:42.512865 INFO::Fitting model to feature number 408, Lactobacillus hominis
2026-01-11 15:38:42.521457 INFO::Fitting model to feature number 409, Lactobacillus acidophilus
2026-01-11 15:38:42.529672 INFO::Fitting model to feature number 410, MGYG000326944
2026-01-11 15:38:42.53395 WARNING::Fitting problem for feature 410 returning NA
2026-01-11 15:38:42.536808 INFO::Fitting model to feature number 411, Lactobacillus delbrueckii
2026-01-11 15:38:42.544101 INFO::Fitting model to feature number 412, Limosilactobacillus reuteri
2026-01-11 15:38:42.550054 INFO::Fitting model to feature number 413, Limosilactobacillus sp009663775
2026-01-11 15:38:42.554707 INFO::Fitting model to feature number 414, Limosilactobacillus fermentum
2026-01-11 15:38:42.574713 INFO::Fitting model to feature number 415, Limosilactobacillus equigenerosi
2026-01-11 15:38:42.582638 INFO::Fitting model to feature number 416, Limosilactobacillus portuensis
2026-01-11 15:38:42.60261 INFO::Fitting model to feature number 417, Ligilactobacillus murinus
2026-01-11 15:38:42.622303 INFO::Fitting model to feature number 418, Ligilactobacillus animalis
2026-01-11 15:38:42.630383 INFO::Fitting model to feature number 419, Ligilactobacillus sp910587695
2026-01-11 15:38:42.650405 INFO::Fitting model to feature number 420, Ligilactobacillus agilis
2026-01-11 15:38:42.6702 INFO::Fitting model to feature number 421, Pediococcus pentosaceus
2026-01-11 15:38:42.67799 INFO::Fitting model to feature number 422, Enterococcus faecalis
2026-01-11 15:38:42.687281 INFO::Fitting model to feature number 423, Turicibacter sp002311155
2026-01-11 15:38:42.695513 INFO::Fitting model to feature number 424, MGYG000380869
2026-01-11 15:38:42.725102 INFO::Fitting model to feature number 425, CAG-582 sp910577075
2026-01-11 15:38:42.733576 INFO::Fitting model to feature number 426, UBA5026 sp910576795
2026-01-11 15:38:42.742456 INFO::Fitting model to feature number 427, UBA5026 sp910586425
2026-01-11 15:38:42.750805 INFO::Fitting model to feature number 428, MGYG000330354
2026-01-11 15:38:42.758703 INFO::Fitting model to feature number 429, MGYG000338472
2026-01-11 15:38:42.763008 WARNING::Fitting problem for feature 429 returning NA
2026-01-11 15:38:42.766253 INFO::Fitting model to feature number 430, MGYG000329046
2026-01-11 15:38:42.771301 INFO::Fitting model to feature number 431, MGYG000331189
2026-01-11 15:38:42.776491 INFO::Fitting model to feature number 432, Mammaliicoccus lentus
2026-01-11 15:38:42.779352 WARNING::Fitting problem for feature 432 returning NA
2026-01-11 15:38:42.782033 INFO::Fitting model to feature number 433, Staphylococcus xylosus
2026-01-11 15:38:42.787138 INFO::Fitting model to feature number 434, MGYG000410805
2026-01-11 15:38:42.792309 INFO::Fitting model to feature number 435, Desulfovibrio sp910575755
2026-01-11 15:38:42.799023 INFO::Fitting model to feature number 436, Desulfovibrio sp910587035
2026-01-11 15:38:42.803816 INFO::Fitting model to feature number 437, Desulfovibrio sp910584445
2026-01-11 15:38:42.808594 INFO::Fitting model to feature number 438, MGYG000325668
2026-01-11 15:38:42.811688 WARNING::Fitting problem for feature 438 returning NA
2026-01-11 15:38:42.813942 INFO::Fitting model to feature number 439, Desulfovibrio sp900556755
2026-01-11 15:38:42.819273 INFO::Fitting model to feature number 440, Desulfovibrio sp905215675
2026-01-11 15:38:42.82184 WARNING::Fitting problem for feature 440 returning NA
2026-01-11 15:38:42.823889 INFO::Fitting model to feature number 441, MGYG000325515
2026-01-11 15:38:42.829664 INFO::Fitting model to feature number 442, Bilophila sp910585945
2026-01-11 15:38:42.835239 INFO::Fitting model to feature number 443, Bilophila faecipullorum
2026-01-11 15:38:42.841479 INFO::Fitting model to feature number 444, Bilophila sp902373525
2026-01-11 15:38:42.847265 INFO::Fitting model to feature number 445, Mailhella sp910579055
2026-01-11 15:38:42.852704 INFO::Fitting model to feature number 446, Mailhella excrementigallinarum
2026-01-11 15:38:42.858507 INFO::Fitting model to feature number 447, MGYG000399267
2026-01-11 15:38:42.866158 INFO::Fitting model to feature number 448, MGYG000410288
2026-01-11 15:38:42.872107 INFO::Fitting model to feature number 449, Schaedlerella sp910589385
2026-01-11 15:38:42.877504 INFO::Fitting model to feature number 450, Schaedlerella arabinosiphila
2026-01-11 15:38:42.882523 INFO::Fitting model to feature number 451, Schaedlerella sp009911175
2026-01-11 15:38:42.887322 INFO::Fitting model to feature number 452, MGYG000410694
2026-01-11 15:38:42.893414 INFO::Fitting model to feature number 453, Schaedlerella sp000403295
2026-01-11 15:38:42.898982 INFO::Fitting model to feature number 454, Schaedlerella sp910574865
2026-01-11 15:38:42.903792 INFO::Fitting model to feature number 455, Schaedlerella sp910574195
2026-01-11 15:38:42.908568 INFO::Fitting model to feature number 456, Schaedlerella sp943193195
2026-01-11 15:38:42.914507 INFO::Fitting model to feature number 457, Schaedlerella sp009774255
2026-01-11 15:38:42.91941 INFO::Fitting model to feature number 458, MGYG000328305
2026-01-11 15:38:42.924345 INFO::Fitting model to feature number 459, MD308 sp910575105
2026-01-11 15:38:42.929976 INFO::Fitting model to feature number 460, MD308 sp010206225
2026-01-11 15:38:42.935281 INFO::Fitting model to feature number 461, MGYG000323047
2026-01-11 15:38:42.940015 INFO::Fitting model to feature number 462, MD308 sp000403475
2026-01-11 15:38:42.945385 INFO::Fitting model to feature number 463, MGYG000326632
2026-01-11 15:38:42.951074 INFO::Fitting model to feature number 464, MD308 sp910578455
2026-01-11 15:38:42.95604 INFO::Fitting model to feature number 465, MD308 sp910586965
2026-01-11 15:38:42.962036 INFO::Fitting model to feature number 466, MD308 sp910584615
2026-01-11 15:38:42.967623 INFO::Fitting model to feature number 467, MGYG000410877
2026-01-11 15:38:42.972223 INFO::Fitting model to feature number 468, MGYG000324148
2026-01-11 15:38:42.977201 INFO::Fitting model to feature number 469, Sporofaciens sp910574715
2026-01-11 15:38:42.982236 INFO::Fitting model to feature number 470, Sporofaciens sp910579015
2026-01-11 15:38:42.986919 INFO::Fitting model to feature number 471, MGYG000353267
2026-01-11 15:38:42.991884 INFO::Fitting model to feature number 472, Sporofaciens sp910575835
2026-01-11 15:38:42.999336 INFO::Fitting model to feature number 473, Sporofaciens musculi
2026-01-11 15:38:43.0071 INFO::Fitting model to feature number 474, Sporofaciens sp009774295
2026-01-11 15:38:43.014307 INFO::Fitting model to feature number 475, Sporofaciens sp910574885
2026-01-11 15:38:43.018965 INFO::Fitting model to feature number 476, Sporofaciens sp000403455
2026-01-11 15:38:43.024668 INFO::Fitting model to feature number 477, Sporofaciens sp910577685
2026-01-11 15:38:43.031075 INFO::Fitting model to feature number 478, Sporofaciens sp910587575
2026-01-11 15:38:43.036021 INFO::Fitting model to feature number 479, Sporofaciens sp910585725
2026-01-11 15:38:43.042337 INFO::Fitting model to feature number 480, Sporofaciens sp910579925
2026-01-11 15:38:43.048061 INFO::Fitting model to feature number 481, MGYG000402809
2026-01-11 15:38:43.054193 INFO::Fitting model to feature number 482, UBA11957 sp910588295
2026-01-11 15:38:43.061117 INFO::Fitting model to feature number 483, MGYG000410400
2026-01-11 15:38:43.064126 WARNING::Fitting problem for feature 483 returning NA
2026-01-11 15:38:43.066206 INFO::Fitting model to feature number 484, Choladocola sp009774135
2026-01-11 15:38:43.072167 INFO::Fitting model to feature number 485, Choladocola sp910583615
2026-01-11 15:38:43.077271 INFO::Fitting model to feature number 486, Choladocola sp910585995
2026-01-11 15:38:43.082286 INFO::Fitting model to feature number 487, Choladocola sp009774145
2026-01-11 15:38:43.086856 INFO::Fitting model to feature number 488, Choladocola sp910584945
2026-01-11 15:38:43.092251 INFO::Fitting model to feature number 489, Choladocola sp910579225
2026-01-11 15:38:43.095404 WARNING::Fitting problem for feature 489 returning NA
2026-01-11 15:38:43.097954 INFO::Fitting model to feature number 490, Choladocola sp910584205
2026-01-11 15:38:43.104342 INFO::Fitting model to feature number 491, Choladocola sp910574965
2026-01-11 15:38:43.109402 INFO::Fitting model to feature number 492, Choladocola sp910575445
2026-01-11 15:38:43.116344 INFO::Fitting model to feature number 493, Choladocola sp910583895
2026-01-11 15:38:43.121194 INFO::Fitting model to feature number 494, Choladocola sp009774155
2026-01-11 15:38:43.127293 INFO::Fitting model to feature number 495, Choladocola sp910587495
2026-01-11 15:38:43.132912 INFO::Fitting model to feature number 496, Choladocola sp910585465
2026-01-11 15:38:43.138769 INFO::Fitting model to feature number 497, Choladocola sp910587765
2026-01-11 15:38:43.142137 WARNING::Fitting problem for feature 497 returning NA
2026-01-11 15:38:43.144639 INFO::Fitting model to feature number 498, MGYG000392954
2026-01-11 15:38:43.150456 INFO::Fitting model to feature number 499, Lachnoclostridium_B sp910584095
2026-01-11 15:38:43.15666 INFO::Fitting model to feature number 500, Lachnoclostridium_B sp910574185
2026-01-11 15:38:43.161642 INFO::Fitting model to feature number 501, MGYG000331109
2026-01-11 15:38:43.166635 INFO::Fitting model to feature number 502, Lachnoclostridium_B sp910584265
2026-01-11 15:38:43.17157 INFO::Fitting model to feature number 503, Lachnoclostridium_B sp910588745
2026-01-11 15:38:43.176512 INFO::Fitting model to feature number 504, Lachnoclostridium_B sp910589275
2026-01-11 15:38:43.180092 WARNING::Fitting problem for feature 504 returning NA
2026-01-11 15:38:43.182614 INFO::Fitting model to feature number 505, MGYG000328855
2026-01-11 15:38:43.188439 INFO::Fitting model to feature number 506, MGBC164599 sp910588825
2026-01-11 15:38:43.195033 INFO::Fitting model to feature number 507, MGBC164599 sp910575625
2026-01-11 15:38:43.201034 INFO::Fitting model to feature number 508, MGBC164599 sp910587105
2026-01-11 15:38:43.207843 INFO::Fitting model to feature number 509, MGBC164599 sp910588775
2026-01-11 15:38:43.214789 INFO::Fitting model to feature number 510, MGYG000330030
2026-01-11 15:38:43.222123 INFO::Fitting model to feature number 511, MGYG000330180
2026-01-11 15:38:43.225643 WARNING::Fitting problem for feature 511 returning NA
2026-01-11 15:38:43.229006 INFO::Fitting model to feature number 512, 14-2 sp910588845
2026-01-11 15:38:43.2375 INFO::Fitting model to feature number 513, 14-2 sp910577785
2026-01-11 15:38:43.245391 INFO::Fitting model to feature number 514, 14-2 sp910576385
2026-01-11 15:38:43.252705 INFO::Fitting model to feature number 515, 14-2 sp910575155
2026-01-11 15:38:43.261917 INFO::Fitting model to feature number 516, 14-2 sp910575035
2026-01-11 15:38:43.26808 INFO::Fitting model to feature number 517, 14-2 sp011960065
2026-01-11 15:38:43.274813 INFO::Fitting model to feature number 518, MGYG000409996
2026-01-11 15:38:43.282917 INFO::Fitting model to feature number 519, 14-2 sp910588285
2026-01-11 15:38:43.288746 INFO::Fitting model to feature number 520, 14-2 sp910575005
2026-01-11 15:38:43.296302 INFO::Fitting model to feature number 521, 14-2 sp910584585
2026-01-11 15:38:43.302965 INFO::Fitting model to feature number 522, 14-2 sp000403255
2026-01-11 15:38:43.310277 INFO::Fitting model to feature number 523, MGYG000411355
2026-01-11 15:38:43.31752 INFO::Fitting model to feature number 524, 14-2 sp910583835
2026-01-11 15:38:43.32496 INFO::Fitting model to feature number 525, 14-2 sp910575075
2026-01-11 15:38:43.332879 INFO::Fitting model to feature number 526, 14-2 sp000403315
2026-01-11 15:38:43.340879 INFO::Fitting model to feature number 527, 14-2 sp009774455
2026-01-11 15:38:43.348049 INFO::Fitting model to feature number 528, 14-2 sp910589635
2026-01-11 15:38:43.355021 INFO::Fitting model to feature number 529, 14-2 sp910576975
2026-01-11 15:38:43.361094 INFO::Fitting model to feature number 530, MGYG000411595
2026-01-11 15:38:43.367633 INFO::Fitting model to feature number 531, MGYG000328404
2026-01-11 15:38:43.374702 INFO::Fitting model to feature number 532, 14-2 sp910578825
2026-01-11 15:38:43.378429 WARNING::Fitting problem for feature 532 returning NA
2026-01-11 15:38:43.381877 INFO::Fitting model to feature number 533, MGYG000410992
2026-01-11 15:38:43.389384 INFO::Fitting model to feature number 534, MGYG000324849
2026-01-11 15:38:43.396041 INFO::Fitting model to feature number 535, 14-2 sp000403845
2026-01-11 15:38:43.402129 INFO::Fitting model to feature number 536, Eubacterium_F sp910574015
2026-01-11 15:38:43.408504 INFO::Fitting model to feature number 537, MGYG000330978
2026-01-11 15:38:43.415741 INFO::Fitting model to feature number 538, Eubacterium_F sp910575665
2026-01-11 15:38:43.422355 INFO::Fitting model to feature number 539, Eubacterium_F sp910585745
2026-01-11 15:38:43.429971 INFO::Fitting model to feature number 540, MGYG000329322
2026-01-11 15:38:43.437872 INFO::Fitting model to feature number 541, Eubacterium_F sp910579145
2026-01-11 15:38:43.446152 INFO::Fitting model to feature number 542, Caccovicinus sp910585635
2026-01-11 15:38:43.454101 INFO::Fitting model to feature number 543, Caccovicinus sp009774615
2026-01-11 15:38:43.461612 INFO::Fitting model to feature number 544, Caccovicinus sp910584785
2026-01-11 15:38:43.469492 INFO::Fitting model to feature number 545, MGYG000411451
2026-01-11 15:38:43.476526 INFO::Fitting model to feature number 546, Caccovicinus sp910575565
2026-01-11 15:38:43.4872 INFO::Fitting model to feature number 547, MGYG000322995
2026-01-11 15:38:43.500046 INFO::Fitting model to feature number 548, Caccovicinus sp910588895
2026-01-11 15:38:43.505959 WARNING::Fitting problem for feature 548 returning NA
2026-01-11 15:38:43.509895 INFO::Fitting model to feature number 549, Acetatifactor sp910576125
2026-01-11 15:38:43.518854 INFO::Fitting model to feature number 550, Acetatifactor sp910589035
2026-01-11 15:38:43.52622 INFO::Fitting model to feature number 551, Acetatifactor sp910579755
2026-01-11 15:38:43.538946 INFO::Fitting model to feature number 552, Acetatifactor sp910584865
2026-01-11 15:38:43.547996 INFO::Fitting model to feature number 553, Acetatifactor sp910585805
2026-01-11 15:38:43.5557 INFO::Fitting model to feature number 554, Acetatifactor sp910585425
2026-01-11 15:38:43.563432 INFO::Fitting model to feature number 555, Acetatifactor sp910585615
2026-01-11 15:38:43.57176 INFO::Fitting model to feature number 556, Acetatifactor sp910586775
2026-01-11 15:38:43.579111 INFO::Fitting model to feature number 557, Acetatifactor sp910589655
2026-01-11 15:38:43.586789 INFO::Fitting model to feature number 558, Acetatifactor sp910586835
2026-01-11 15:38:43.59429 INFO::Fitting model to feature number 559, Acetatifactor sp003612485
2026-01-11 15:38:43.602624 INFO::Fitting model to feature number 560, MGYG000329336
2026-01-11 15:38:43.607595 INFO::Fitting model to feature number 561, Acetatifactor sp910577185
2026-01-11 15:38:43.613584 INFO::Fitting model to feature number 562, MGYG000325587
2026-01-11 15:38:43.619693 INFO::Fitting model to feature number 563, Acetatifactor sp910584235
2026-01-11 15:38:43.626584 INFO::Fitting model to feature number 564, MGYG000325385
2026-01-11 15:38:43.634553 INFO::Fitting model to feature number 565, Acetatifactor sp910580225
2026-01-11 15:38:43.641385 INFO::Fitting model to feature number 566, Acetatifactor sp910577035
2026-01-11 15:38:43.649635 INFO::Fitting model to feature number 567, Acetatifactor sp910578995
2026-01-11 15:38:43.655216 INFO::Fitting model to feature number 568, Acetatifactor sp910578185
2026-01-11 15:38:43.660801 INFO::Fitting model to feature number 569, MGYG000327004
2026-01-11 15:38:43.667244 INFO::Fitting model to feature number 570, Acetatifactor sp910586485
2026-01-11 15:38:43.674262 INFO::Fitting model to feature number 571, MGYG000331015
2026-01-11 15:38:43.683832 INFO::Fitting model to feature number 572, Acetatifactor sp910587555
2026-01-11 15:38:43.691612 INFO::Fitting model to feature number 573, 1XD8-76 sp910578085
2026-01-11 15:38:43.700456 INFO::Fitting model to feature number 574, 1XD8-76 sp910573755
2026-01-11 15:38:43.706933 INFO::Fitting model to feature number 575, 1XD8-76 sp910577955
2026-01-11 15:38:43.713146 INFO::Fitting model to feature number 576, UBA3282 sp009774175
2026-01-11 15:38:43.718659 INFO::Fitting model to feature number 577, UBA3282 sp910575245
2026-01-11 15:38:43.724235 INFO::Fitting model to feature number 578, UBA3282 sp009774655
2026-01-11 15:38:43.73154 INFO::Fitting model to feature number 579, UBA3282 sp910577735
2026-01-11 15:38:43.737173 INFO::Fitting model to feature number 580, UBA3282 sp910588215
2026-01-11 15:38:43.743375 INFO::Fitting model to feature number 581, UBA3282 sp910584725
2026-01-11 15:38:43.74945 INFO::Fitting model to feature number 582, MGYG000329173
2026-01-11 15:38:43.757477 INFO::Fitting model to feature number 583, MGYG000325371
2026-01-11 15:38:43.763311 INFO::Fitting model to feature number 584, MGYG000324467
2026-01-11 15:38:43.770025 INFO::Fitting model to feature number 585, UBA3282 sp910587095
2026-01-11 15:38:43.773734 WARNING::Fitting problem for feature 585 returning NA
2026-01-11 15:38:43.776719 INFO::Fitting model to feature number 586, UBA3282 sp009774585
2026-01-11 15:38:43.784406 INFO::Fitting model to feature number 587, UBA3282 sp910576815
2026-01-11 15:38:43.790891 INFO::Fitting model to feature number 588, UBA3282 sp910575775
2026-01-11 15:38:43.797579 INFO::Fitting model to feature number 589, UBA3282 sp003611805
2026-01-11 15:38:43.802576 INFO::Fitting model to feature number 590, UBA3282 sp910579285
2026-01-11 15:38:43.807506 INFO::Fitting model to feature number 591, UBA3282 sp910579505
2026-01-11 15:38:43.812905 INFO::Fitting model to feature number 592, MGYG000328328
2026-01-11 15:38:43.818321 INFO::Fitting model to feature number 593, MGYG000325448
2026-01-11 15:38:43.824032 INFO::Fitting model to feature number 594, MGYG000328360
2026-01-11 15:38:43.831696 INFO::Fitting model to feature number 595, MGYG000323430
2026-01-11 15:38:43.838712 INFO::Fitting model to feature number 596, UBA3282 sp003612405
2026-01-11 15:38:43.845983 INFO::Fitting model to feature number 597, UBA3282 sp009774215
2026-01-11 15:38:43.853536 INFO::Fitting model to feature number 598, MGYG000324289
2026-01-11 15:38:43.861197 INFO::Fitting model to feature number 599, Paralachnospira sp910588815
2026-01-11 15:38:43.868843 INFO::Fitting model to feature number 600, Paralachnospira sp022800815
2026-01-11 15:38:43.875993 INFO::Fitting model to feature number 601, Paralachnospira sp910587905
2026-01-11 15:38:43.884188 INFO::Fitting model to feature number 602, COE1 sp002490665
2026-01-11 15:38:43.891477 INFO::Fitting model to feature number 603, COE1 sp009774395
2026-01-11 15:38:43.898725 INFO::Fitting model to feature number 604, COE1 sp000403335
2026-01-11 15:38:43.905331 INFO::Fitting model to feature number 605, MGYG000410938
2026-01-11 15:38:43.911822 INFO::Fitting model to feature number 606, MGYG000325626
2026-01-11 15:38:43.919172 INFO::Fitting model to feature number 607, COE1 sp002358575
2026-01-11 15:38:43.927037 INFO::Fitting model to feature number 608, MGYG000325712
2026-01-11 15:38:43.93433 INFO::Fitting model to feature number 609, COE1 sp910586585
2026-01-11 15:38:43.941283 INFO::Fitting model to feature number 610, COE1 sp910586715
2026-01-11 15:38:43.947422 INFO::Fitting model to feature number 611, COE1 sp910579275
2026-01-11 15:38:43.954369 INFO::Fitting model to feature number 612, CAG-95 sp910585005
2026-01-11 15:38:43.96153 INFO::Fitting model to feature number 613, CAG-95 sp009917455
2026-01-11 15:38:43.96965 INFO::Fitting model to feature number 614, CAG-95 sp910579685
2026-01-11 15:38:43.978055 INFO::Fitting model to feature number 615, CAG-95 sp910579425
2026-01-11 15:38:43.986063 INFO::Fitting model to feature number 616, CAG-95 sp910579495
2026-01-11 15:38:43.994277 INFO::Fitting model to feature number 617, CAG-95 sp003612395
2026-01-11 15:38:44.002632 INFO::Fitting model to feature number 618, CAG-95 sp910586025
2026-01-11 15:38:44.015119 INFO::Fitting model to feature number 619, CAG-95 sp910577275
2026-01-11 15:38:44.024343 INFO::Fitting model to feature number 620, CAG-95 sp009911035
2026-01-11 15:38:44.035763 INFO::Fitting model to feature number 621, CAG-95 sp910585075
2026-01-11 15:38:44.058514 INFO::Fitting model to feature number 622, MGYG000410775
2026-01-11 15:38:44.066696 INFO::Fitting model to feature number 623, MGYG000325648
2026-01-11 15:38:44.082397 INFO::Fitting model to feature number 624, CAG-95 sp011959285
2026-01-11 15:38:44.086627 WARNING::Fitting problem for feature 624 returning NA
2026-01-11 15:38:44.089748 INFO::Fitting model to feature number 625, UBA7109 sp910576335
2026-01-11 15:38:44.097913 INFO::Fitting model to feature number 626, UBA7109 sp910575605
2026-01-11 15:38:44.105904 INFO::Fitting model to feature number 627, MGYG000323043
2026-01-11 15:38:44.113289 INFO::Fitting model to feature number 628, MGYG000405682
2026-01-11 15:38:44.120974 INFO::Fitting model to feature number 629, MGYG000368546
2026-01-11 15:38:44.128638 INFO::Fitting model to feature number 630, Ventrimonas sp910575255
2026-01-11 15:38:44.136338 INFO::Fitting model to feature number 631, Ventrimonas sp910577765
2026-01-11 15:38:44.143508 INFO::Fitting model to feature number 632, Ventrimonas sp910586255
2026-01-11 15:38:44.1516 INFO::Fitting model to feature number 633, Ventrimonas sp003611875
2026-01-11 15:38:44.159379 INFO::Fitting model to feature number 634, Ventrimonas sp009911065
2026-01-11 15:38:44.167254 INFO::Fitting model to feature number 635, MGYG000410706
2026-01-11 15:38:44.174937 INFO::Fitting model to feature number 636, MGYG000327273
2026-01-11 15:38:44.183133 INFO::Fitting model to feature number 637, Ventrimonas sp910577655
2026-01-11 15:38:44.190672 INFO::Fitting model to feature number 638, Ventrimonas sp022799175
2026-01-11 15:38:44.194686 WARNING::Fitting problem for feature 638 returning NA
2026-01-11 15:38:44.197871 INFO::Fitting model to feature number 639, MGYG000324149
2026-01-11 15:38:44.211219 INFO::Fitting model to feature number 640, UBA3402 sp910574345
2026-01-11 15:38:44.219377 INFO::Fitting model to feature number 641, UBA3402 sp910575585
2026-01-11 15:38:44.22645 INFO::Fitting model to feature number 642, MGYG000410803
2026-01-11 15:38:44.234087 INFO::Fitting model to feature number 643, UBA3402 sp910588325
2026-01-11 15:38:44.241466 INFO::Fitting model to feature number 644, UBA3402 sp022798105
2026-01-11 15:38:44.249233 INFO::Fitting model to feature number 645, UBA3402 sp022795805
2026-01-11 15:38:44.256591 INFO::Fitting model to feature number 646, UBA3402 sp002358555
2026-01-11 15:38:44.284682 INFO::Fitting model to feature number 647, UBA3402 sp910588865
2026-01-11 15:38:44.290136 INFO::Fitting model to feature number 648, UBA3402 sp022796015
2026-01-11 15:38:44.296142 INFO::Fitting model to feature number 649, UBA3402 sp910586845
2026-01-11 15:38:44.301431 INFO::Fitting model to feature number 650, UBA3402 sp910585435
2026-01-11 15:38:44.309143 INFO::Fitting model to feature number 651, UBA3402 sp910577935
2026-01-11 15:38:44.31624 INFO::Fitting model to feature number 652, UBA3402 sp910585645
2026-01-11 15:38:44.323365 INFO::Fitting model to feature number 653, UBA3402 sp021769025
2026-01-11 15:38:44.326925 WARNING::Fitting problem for feature 653 returning NA
2026-01-11 15:38:44.329965 INFO::Fitting model to feature number 654, 1XD42-69 sp011959925
2026-01-11 15:38:44.337777 INFO::Fitting model to feature number 655, 1XD42-69 sp009911505
2026-01-11 15:38:44.343429 INFO::Fitting model to feature number 656, 1XD42-69 sp022794015
2026-01-11 15:38:44.349338 INFO::Fitting model to feature number 657, 1XD42-69 sp910588565
2026-01-11 15:38:44.35461 INFO::Fitting model to feature number 658, 1XD42-69 sp910577065
2026-01-11 15:38:44.359786 INFO::Fitting model to feature number 659, 1XD42-69 sp910586645
2026-01-11 15:38:44.36355 WARNING::Fitting problem for feature 659 returning NA
2026-01-11 15:38:44.366544 INFO::Fitting model to feature number 660, Merdisoma sp009917555
2026-01-11 15:38:44.373019 INFO::Fitting model to feature number 661, Merdisoma sp910574255
2026-01-11 15:38:44.379718 INFO::Fitting model to feature number 662, Merdisoma sp011959465
2026-01-11 15:38:44.38734 INFO::Fitting model to feature number 663, Merdisoma sp910574835
2026-01-11 15:38:44.395155 INFO::Fitting model to feature number 664, Merdisoma sp910574475
2026-01-11 15:38:44.402804 INFO::Fitting model to feature number 665, MGYG000330323
2026-01-11 15:38:44.406385 WARNING::Fitting problem for feature 665 returning NA
2026-01-11 15:38:44.409254 INFO::Fitting model to feature number 666, Merdisoma sp022791635
2026-01-11 15:38:44.413155 WARNING::Fitting problem for feature 666 returning NA
2026-01-11 15:38:44.416172 INFO::Fitting model to feature number 667, Kineothrix sp011958945
2026-01-11 15:38:44.42342 INFO::Fitting model to feature number 668, Kineothrix sp910579935
2026-01-11 15:38:44.430825 INFO::Fitting model to feature number 669, Kineothrix sp910576535
2026-01-11 15:38:44.438649 INFO::Fitting model to feature number 670, MGYG000327499
2026-01-11 15:38:44.447086 INFO::Fitting model to feature number 671, Kineothrix sp000403275
2026-01-11 15:38:44.455253 INFO::Fitting model to feature number 672, Kineothrix sp910588855
2026-01-11 15:38:44.462955 INFO::Fitting model to feature number 673, Kineothrix sp910587275
2026-01-11 15:38:44.470127 INFO::Fitting model to feature number 674, MGYG000326008
2026-01-11 15:38:44.477073 INFO::Fitting model to feature number 675, Kineothrix sp910585965
2026-01-11 15:38:44.485048 INFO::Fitting model to feature number 676, Kineothrix sp009911195
2026-01-11 15:38:44.487887 WARNING::Fitting problem for feature 676 returning NA
2026-01-11 15:38:44.490084 INFO::Fitting model to feature number 677, RGIG4057 sp910587085
2026-01-11 15:38:44.497007 INFO::Fitting model to feature number 678, RGIG4057 sp910579615
2026-01-11 15:38:44.508953 INFO::Fitting model to feature number 679, UMGS1370 sp910577645
2026-01-11 15:38:44.518262 INFO::Fitting model to feature number 680, UMGS1370 sp910586755
2026-01-11 15:38:44.525479 INFO::Fitting model to feature number 681, UBA2882 sp910574745
2026-01-11 15:38:44.532645 INFO::Fitting model to feature number 682, Eubacterium_J sp910574915
2026-01-11 15:38:44.539067 INFO::Fitting model to feature number 683, Eubacterium_J sp910579075
2026-01-11 15:38:44.545967 INFO::Fitting model to feature number 684, Eubacterium_J sp910580075
2026-01-11 15:38:44.553362 INFO::Fitting model to feature number 685, Eubacterium_J sp910584595
2026-01-11 15:38:44.560722 INFO::Fitting model to feature number 686, MGYG000330231
2026-01-11 15:38:44.567308 INFO::Fitting model to feature number 687, MGYG000327453
2026-01-11 15:38:44.571826 INFO::Fitting model to feature number 688, Butyribacter sp910575435
2026-01-11 15:38:44.576591 INFO::Fitting model to feature number 689, Butyribacter sp910585905
2026-01-11 15:38:44.582565 INFO::Fitting model to feature number 690, MGYG000330019
2026-01-11 15:38:44.588321 INFO::Fitting model to feature number 691, Butyribacter sp009774235
2026-01-11 15:38:44.594626 INFO::Fitting model to feature number 692, VSOB01 sp009774625
2026-01-11 15:38:44.600984 INFO::Fitting model to feature number 693, VSOB01 sp910587155
2026-01-11 15:38:44.606441 INFO::Fitting model to feature number 694, VSOB01 sp910587635
2026-01-11 15:38:44.612354 INFO::Fitting model to feature number 695, Copromonas sp009917545
2026-01-11 15:38:44.617947 INFO::Fitting model to feature number 696, Copromonas sp910575275
2026-01-11 15:38:44.622846 INFO::Fitting model to feature number 697, Copromonas sp022792295
2026-01-11 15:38:44.628592 INFO::Fitting model to feature number 698, Copromonas sp910586315
2026-01-11 15:38:44.634684 INFO::Fitting model to feature number 699, Bariatricus sp022793995
2026-01-11 15:38:44.640077 INFO::Fitting model to feature number 700, Clostridium_Q sp910575795
2026-01-11 15:38:44.646666 INFO::Fitting model to feature number 701, RGIG4284 sp910576205
2026-01-11 15:38:44.653091 INFO::Fitting model to feature number 702, RGIG4284 sp022796795
2026-01-11 15:38:44.658609 INFO::Fitting model to feature number 703, RGIG7193 sp022793375
2026-01-11 15:38:44.665895 INFO::Fitting model to feature number 704, RGIG7193 sp022791755
2026-01-11 15:38:44.671742 INFO::Fitting model to feature number 705, Roseburia sp910587865
2026-01-11 15:38:44.677635 INFO::Fitting model to feature number 706, Roseburia sp910584215
2026-01-11 15:38:44.685942 INFO::Fitting model to feature number 707, MGYG000329248
2026-01-11 15:38:44.691983 INFO::Fitting model to feature number 708, Lachnospira sp910589305
2026-01-11 15:38:44.699798 INFO::Fitting model to feature number 709, Eubacterium_G sp910584795
2026-01-11 15:38:44.707397 INFO::Fitting model to feature number 710, Eubacterium_G sp910574895
2026-01-11 15:38:44.715384 INFO::Fitting model to feature number 711, Paralachnospira_A sp910588405
2026-01-11 15:38:44.722391 INFO::Fitting model to feature number 712, Paralachnospira_A sp910579325
2026-01-11 15:38:44.725765 WARNING::Fitting problem for feature 712 returning NA
2026-01-11 15:38:44.728289 INFO::Fitting model to feature number 713, CAG-317 sp910578495
2026-01-11 15:38:44.736877 INFO::Fitting model to feature number 714, CAG-317 sp011960265
2026-01-11 15:38:44.742861 INFO::Fitting model to feature number 715, JAAWJJ01 sp022796875
2026-01-11 15:38:44.750297 INFO::Fitting model to feature number 716, Blautia_A sp900551075
2026-01-11 15:38:44.757641 INFO::Fitting model to feature number 717, Blautia_A massiliensis
2026-01-11 15:38:44.76176 WARNING::Fitting problem for feature 717 returning NA
2026-01-11 15:38:44.764697 INFO::Fitting model to feature number 718, CAG-56 sp004793585
2026-01-11 15:38:44.772778 INFO::Fitting model to feature number 719, Enterocloster aldenensis
2026-01-11 15:38:44.781355 INFO::Fitting model to feature number 720, Enterocloster clostridioformis
2026-01-11 15:38:44.78733 INFO::Fitting model to feature number 721, Choladousia sp003612585
2026-01-11 15:38:44.795832 INFO::Fitting model to feature number 722, CAG-510 sp910577105
2026-01-11 15:38:44.803786 INFO::Fitting model to feature number 723, MGYG000325650
2026-01-11 15:38:44.808908 INFO::Fitting model to feature number 724, CAG-590 sp910585605
2026-01-11 15:38:44.818719 INFO::Fitting model to feature number 725, Blautia pseudococcoides
2026-01-11 15:38:44.829989 INFO::Fitting model to feature number 726, Eisenbergiella sp910585455
2026-01-11 15:38:44.839612 INFO::Fitting model to feature number 727, MGYG000392808
2026-01-11 15:38:44.846894 INFO::Fitting model to feature number 728, W0P33-017 sp910589045
2026-01-11 15:38:44.855134 INFO::Fitting model to feature number 729, SIG307 sp910579465
2026-01-11 15:38:44.863522 INFO::Fitting model to feature number 730, MGYG000326869
2026-01-11 15:38:44.871304 INFO::Fitting model to feature number 731, CAG-603 sp910583605
2026-01-11 15:38:44.877352 INFO::Fitting model to feature number 732, Marvinbryantia sp900550755
2026-01-11 15:38:44.883116 WARNING::Fitting problem for feature 732 returning NA
2026-01-11 15:38:44.886092 INFO::Fitting model to feature number 733, RGIG8607 sp910577045
2026-01-11 15:38:44.895551 INFO::Fitting model to feature number 734, MGYG000326584
2026-01-11 15:38:44.89976 WARNING::Fitting problem for feature 734 returning NA
2026-01-11 15:38:44.901923 INFO::Fitting model to feature number 735, MGBC114844 sp910585255
2026-01-11 15:38:44.904589 WARNING::Fitting problem for feature 735 returning NA
2026-01-11 15:38:44.907606 INFO::Fitting model to feature number 736, MGYG000325493
2026-01-11 15:38:44.918072 INFO::Fitting model to feature number 737, MGYG000329929
2026-01-11 15:38:44.922333 WARNING::Fitting problem for feature 737 returning NA
2026-01-11 15:38:44.924505 INFO::Fitting model to feature number 738, UBA2821 sp014799465
2026-01-11 15:38:44.931188 INFO::Fitting model to feature number 739, MGBC100174 sp910576895
2026-01-11 15:38:44.937303 INFO::Fitting model to feature number 740, Muricomes contortus_B
2026-01-11 15:38:44.942683 INFO::Fitting model to feature number 741, Extibacter muris
2026-01-11 15:38:44.946812 WARNING::Fitting problem for feature 741 returning NA
2026-01-11 15:38:44.949955 INFO::Fitting model to feature number 742, Anaerotignum sp910576545
2026-01-11 15:38:44.956464 INFO::Fitting model to feature number 743, Anaerotignum sp910578425
2026-01-11 15:38:44.963777 INFO::Fitting model to feature number 744, Coprocola sp910575055
2026-01-11 15:38:44.972759 INFO::Fitting model to feature number 745, Enterenecus sp910588495
2026-01-11 15:38:44.981966 INFO::Fitting model to feature number 746, Enterenecus sp910587285
2026-01-11 15:38:44.98877 INFO::Fitting model to feature number 747, MGYG000327450
2026-01-11 15:38:44.997877 INFO::Fitting model to feature number 748, Enterenecus sp910588625
2026-01-11 15:38:45.007723 INFO::Fitting model to feature number 749, Enterenecus sp910575695
2026-01-11 15:38:45.016757 INFO::Fitting model to feature number 750, MGYG000326888
2026-01-11 15:38:45.025452 INFO::Fitting model to feature number 751, Enterenecus sp910585155
2026-01-11 15:38:45.035674 INFO::Fitting model to feature number 752, MGYG000331159
2026-01-11 15:38:45.042487 INFO::Fitting model to feature number 753, Enterenecus sp910579595
2026-01-11 15:38:45.05037 INFO::Fitting model to feature number 754, MGYG000410353
2026-01-11 15:38:45.056428 INFO::Fitting model to feature number 755, Enterenecus sp910577525
2026-01-11 15:38:45.063787 INFO::Fitting model to feature number 756, Enterenecus sp910587395
2026-01-11 15:38:45.070691 INFO::Fitting model to feature number 757, MGYG000328307
2026-01-11 15:38:45.077735 INFO::Fitting model to feature number 758, Enterenecus sp910587255
2026-01-11 15:38:45.085746 INFO::Fitting model to feature number 759, Enterenecus sp910588105
2026-01-11 15:38:45.091743 INFO::Fitting model to feature number 760, MGYG000410945
2026-01-11 15:38:45.099983 INFO::Fitting model to feature number 761, Enterenecus sp910579155
2026-01-11 15:38:45.106068 INFO::Fitting model to feature number 762, MGYG000322966
2026-01-11 15:38:45.11329 INFO::Fitting model to feature number 763, MGYG000410761
2026-01-11 15:38:45.120003 INFO::Fitting model to feature number 764, Enterenecus sp910587205
2026-01-11 15:38:45.125858 INFO::Fitting model to feature number 765, MGYG000410914
2026-01-11 15:38:45.13378 INFO::Fitting model to feature number 766, Enterenecus sp910584285
2026-01-11 15:38:45.140238 INFO::Fitting model to feature number 767, MGYG000327286
2026-01-11 15:38:45.147568 INFO::Fitting model to feature number 768, Enterenecus sp910585265
2026-01-11 15:38:45.153899 INFO::Fitting model to feature number 769, Enterenecus sp910584835
2026-01-11 15:38:45.160017 INFO::Fitting model to feature number 770, Enterenecus sp910588135
2026-01-11 15:38:45.167818 INFO::Fitting model to feature number 771, MGYG000329348
2026-01-11 15:38:45.17364 INFO::Fitting model to feature number 772, MGYG000325584
2026-01-11 15:38:45.17647 WARNING::Fitting problem for feature 772 returning NA
2026-01-11 15:38:45.179614 INFO::Fitting model to feature number 773, MGYG000410874
2026-01-11 15:38:45.185435 INFO::Fitting model to feature number 774, MGYG000360698
2026-01-11 15:38:45.192485 INFO::Fitting model to feature number 775, Lawsonibacter sp003612335
2026-01-11 15:38:45.199491 INFO::Fitting model to feature number 776, Lawsonibacter sp910585815
2026-01-11 15:38:45.205199 INFO::Fitting model to feature number 777, Lawsonibacter sp910584605
2026-01-11 15:38:45.212092 INFO::Fitting model to feature number 778, Lawsonibacter sp910575265
2026-01-11 15:38:45.219044 INFO::Fitting model to feature number 779, MGYG000432202
2026-01-11 15:38:45.225336 INFO::Fitting model to feature number 780, Lawsonibacter sp022799835
2026-01-11 15:38:45.233248 INFO::Fitting model to feature number 781, MGYG000433528
2026-01-11 15:38:45.23985 INFO::Fitting model to feature number 782, Lawsonibacter sp022794495
2026-01-11 15:38:45.247229 INFO::Fitting model to feature number 783, MGYG000410681
2026-01-11 15:38:45.254591 INFO::Fitting model to feature number 784, Lawsonibacter sp910578735
2026-01-11 15:38:45.260433 INFO::Fitting model to feature number 785, MGYG000325175
2026-01-11 15:38:45.268163 INFO::Fitting model to feature number 786, Lawsonibacter sp022801435
2026-01-11 15:38:45.273362 INFO::Fitting model to feature number 787, Lawsonibacter sp009911645
2026-01-11 15:38:45.280756 INFO::Fitting model to feature number 788, Lawsonibacter sp943192995
2026-01-11 15:38:45.288264 INFO::Fitting model to feature number 789, MGYG000329509
2026-01-11 15:38:45.294995 INFO::Fitting model to feature number 790, Lawsonibacter sp022798855
2026-01-11 15:38:45.30291 INFO::Fitting model to feature number 791, Lawsonibacter sp910588455
2026-01-11 15:38:45.308351 INFO::Fitting model to feature number 792, Lawsonibacter sp910589085
2026-01-11 15:38:45.31688 INFO::Fitting model to feature number 793, Lawsonibacter sp022793355
2026-01-11 15:38:45.323461 INFO::Fitting model to feature number 794, MGYG000328991
2026-01-11 15:38:45.330816 INFO::Fitting model to feature number 795, Lawsonibacter sp022795855
2026-01-11 15:38:45.337391 INFO::Fitting model to feature number 796, Lawsonibacter sp022791995
2026-01-11 15:38:45.339892 WARNING::Fitting problem for feature 796 returning NA
2026-01-11 15:38:45.342172 INFO::Fitting model to feature number 797, MGYG000323117
2026-01-11 15:38:45.349331 INFO::Fitting model to feature number 798, Lawsonibacter sp000492175
2026-01-11 15:38:45.352847 WARNING::Fitting problem for feature 798 returning NA
2026-01-11 15:38:45.354951 INFO::Fitting model to feature number 799, MGYG000324476
2026-01-11 15:38:45.360554 INFO::Fitting model to feature number 800, MGYG000411366
2026-01-11 15:38:45.368546 INFO::Fitting model to feature number 801, MGYG000345714
2026-01-11 15:38:45.375694 INFO::Fitting model to feature number 802, MGYG000329989
2026-01-11 15:38:45.38184 INFO::Fitting model to feature number 803, Lawsonibacter sp910577805
2026-01-11 15:38:45.387806 INFO::Fitting model to feature number 804, MGYG000410703
2026-01-11 15:38:45.394586 INFO::Fitting model to feature number 805, MGYG000329873
2026-01-11 15:38:45.402428 INFO::Fitting model to feature number 806, Lawsonibacter sp022796195
2026-01-11 15:38:45.409461 INFO::Fitting model to feature number 807, MGYG000411569
2026-01-11 15:38:45.417191 INFO::Fitting model to feature number 808, MGYG000327081
2026-01-11 15:38:45.419685 WARNING::Fitting problem for feature 808 returning NA
2026-01-11 15:38:45.421712 INFO::Fitting model to feature number 809, Dysosmobacter sp009774015
2026-01-11 15:38:45.426539 INFO::Fitting model to feature number 810, Dysosmobacter sp910583785
2026-01-11 15:38:45.433757 INFO::Fitting model to feature number 811, Dysosmobacter sp910575815
2026-01-11 15:38:45.438631 INFO::Fitting model to feature number 812, Dysosmobacter sp910579365
2026-01-11 15:38:45.443909 INFO::Fitting model to feature number 813, Dysosmobacter sp910587705
2026-01-11 15:38:45.451741 INFO::Fitting model to feature number 814, Dysosmobacter sp910586735
2026-01-11 15:38:45.457275 INFO::Fitting model to feature number 815, Dysosmobacter sp910585385
2026-01-11 15:38:45.465693 INFO::Fitting model to feature number 816, Dysosmobacter sp022791875
2026-01-11 15:38:45.474069 INFO::Fitting model to feature number 817, Dysosmobacter sp910583695
2026-01-11 15:38:45.482923 INFO::Fitting model to feature number 818, Dysosmobacter sp000403435
2026-01-11 15:38:45.491406 INFO::Fitting model to feature number 819, Dysosmobacter sp022791135
2026-01-11 15:38:45.500648 INFO::Fitting model to feature number 820, Dysosmobacter sp910588175
2026-01-11 15:38:45.509767 INFO::Fitting model to feature number 821, Dysosmobacter sp022795445
2026-01-11 15:38:45.519229 INFO::Fitting model to feature number 822, Dysosmobacter sp910575505
2026-01-11 15:38:45.528455 INFO::Fitting model to feature number 823, Dysosmobacter sp009773995
2026-01-11 15:38:45.53897 INFO::Fitting model to feature number 824, Dysosmobacter sp022801815
2026-01-11 15:38:45.548634 INFO::Fitting model to feature number 825, Dysosmobacter sp910577405
2026-01-11 15:38:45.558355 INFO::Fitting model to feature number 826, Dysosmobacter sp910578935
2026-01-11 15:38:45.569626 INFO::Fitting model to feature number 827, Dysosmobacter sp910576865
2026-01-11 15:38:45.577952 INFO::Fitting model to feature number 828, MGYG000330291
2026-01-11 15:38:45.588783 INFO::Fitting model to feature number 829, MGYG000409008
2026-01-11 15:38:45.600496 INFO::Fitting model to feature number 830, Dysosmobacter sp910589315
2026-01-11 15:38:45.610065 INFO::Fitting model to feature number 831, Dysosmobacter sp910587525
2026-01-11 15:38:45.618889 INFO::Fitting model to feature number 832, Dysosmobacter sp910587875
2026-01-11 15:38:45.626502 INFO::Fitting model to feature number 833, Dysosmobacter sp910584995
2026-01-11 15:38:45.636277 INFO::Fitting model to feature number 834, Dysosmobacter sp910579435
2026-01-11 15:38:45.644086 INFO::Fitting model to feature number 835, MGYG000411389
2026-01-11 15:38:45.653104 INFO::Fitting model to feature number 836, MGYG000325877
2026-01-11 15:38:45.658705 INFO::Fitting model to feature number 837, Dysosmobacter sp910584075
2026-01-11 15:38:45.66604 INFO::Fitting model to feature number 838, Dysosmobacter sp910585245
2026-01-11 15:38:45.671873 INFO::Fitting model to feature number 839, MGYG000373829
2026-01-11 15:38:45.6751 WARNING::Fitting problem for feature 839 returning NA
2026-01-11 15:38:45.677472 INFO::Fitting model to feature number 840, Dysosmobacter sp910584465
2026-01-11 15:38:45.68512 INFO::Fitting model to feature number 841, MGYG000330443
2026-01-11 15:38:45.687998 WARNING::Fitting problem for feature 841 returning NA
2026-01-11 15:38:45.690406 INFO::Fitting model to feature number 842, MGYG000326793
2026-01-11 15:38:45.697357 INFO::Fitting model to feature number 843, Dysosmobacter sp910576845
2026-01-11 15:38:45.70061 WARNING::Fitting problem for feature 843 returning NA
2026-01-11 15:38:45.702825 INFO::Fitting model to feature number 844, MGYG000329180
2026-01-11 15:38:45.708105 INFO::Fitting model to feature number 845, Pelethomonas sp910578505
2026-01-11 15:38:45.714216 INFO::Fitting model to feature number 846, Pelethomonas sp910579965
2026-01-11 15:38:45.720136 INFO::Fitting model to feature number 847, Pelethomonas sp910579485
2026-01-11 15:38:45.725883 INFO::Fitting model to feature number 848, Pelethomonas sp910587785
2026-01-11 15:38:45.732506 INFO::Fitting model to feature number 849, Pelethomonas sp022800665
2026-01-11 15:38:45.738387 INFO::Fitting model to feature number 850, Pelethomonas sp009774055
2026-01-11 15:38:45.743835 INFO::Fitting model to feature number 851, Pelethomonas sp022804995
2026-01-11 15:38:45.750494 INFO::Fitting model to feature number 852, Pelethomonas sp014237695
2026-01-11 15:38:45.755932 INFO::Fitting model to feature number 853, Pelethomonas sp022795905
2026-01-11 15:38:45.761582 INFO::Fitting model to feature number 854, MGYG000326866
2026-01-11 15:38:45.768222 INFO::Fitting model to feature number 855, Pelethomonas sp910583885
2026-01-11 15:38:45.773922 INFO::Fitting model to feature number 856, Pelethomonas sp910588365
2026-01-11 15:38:45.779913 INFO::Fitting model to feature number 857, MGYG000410776
2026-01-11 15:38:45.785656 INFO::Fitting model to feature number 858, Pelethomonas sp910587645
2026-01-11 15:38:45.791127 INFO::Fitting model to feature number 859, Pelethomonas sp022800525
2026-01-11 15:38:45.797369 INFO::Fitting model to feature number 860, Pelethomonas sp910588045
2026-01-11 15:38:45.804717 INFO::Fitting model to feature number 861, MGYG000325557
2026-01-11 15:38:45.81045 INFO::Fitting model to feature number 862, Pelethomonas sp910579725
2026-01-11 15:38:45.816696 INFO::Fitting model to feature number 863, Pelethomonas sp910577915
2026-01-11 15:38:45.820031 WARNING::Fitting problem for feature 863 returning NA
2026-01-11 15:38:45.822303 INFO::Fitting model to feature number 864, Pelethomonas sp910587505
2026-01-11 15:38:45.827995 INFO::Fitting model to feature number 865, MGYG000325617
2026-01-11 15:38:45.83467 INFO::Fitting model to feature number 866, Evtepia sp910584805
2026-01-11 15:38:45.840602 INFO::Fitting model to feature number 867, Evtepia sp022792035
2026-01-11 15:38:45.846925 INFO::Fitting model to feature number 868, Evtepia sp910578575
2026-01-11 15:38:45.854829 INFO::Fitting model to feature number 869, Marseille-P3106 sp022799035
2026-01-11 15:38:45.8619 INFO::Fitting model to feature number 870, Marseille-P3106 sp910587345
2026-01-11 15:38:45.868596 INFO::Fitting model to feature number 871, Marseille-P3106 sp910588975
2026-01-11 15:38:45.875859 INFO::Fitting model to feature number 872, MGYG000410458
2026-01-11 15:38:45.883857 INFO::Fitting model to feature number 873, Marseille-P3106 sp910585735
2026-01-11 15:38:45.888217 WARNING::Fitting problem for feature 873 returning NA
2026-01-11 15:38:45.891637 INFO::Fitting model to feature number 874, Marseille-P3106 sp022792495
2026-01-11 15:38:45.894573 WARNING::Fitting problem for feature 874 returning NA
2026-01-11 15:38:45.897596 INFO::Fitting model to feature number 875, Marseille-P3106 sp022794215
2026-01-11 15:38:45.905967 INFO::Fitting model to feature number 876, Marseille-P3106 sp022800215
2026-01-11 15:38:45.910144 WARNING::Fitting problem for feature 876 returning NA
2026-01-11 15:38:45.913524 INFO::Fitting model to feature number 877, MGYG000326975
2026-01-11 15:38:45.921805 INFO::Fitting model to feature number 878, NSJ-51 sp910585415
2026-01-11 15:38:45.929692 INFO::Fitting model to feature number 879, MGYG000326314
2026-01-11 15:38:45.93772 INFO::Fitting model to feature number 880, MGYG000325278
2026-01-11 15:38:45.945106 INFO::Fitting model to feature number 881, CAJFPI01 sp022801715
2026-01-11 15:38:45.953393 INFO::Fitting model to feature number 882, MGYG000327336
2026-01-11 15:38:45.957512 WARNING::Fitting problem for feature 882 returning NA
2026-01-11 15:38:45.96037 INFO::Fitting model to feature number 883, MGYG000328896
2026-01-11 15:38:45.968039 INFO::Fitting model to feature number 884, MGYG000329428
2026-01-11 15:38:45.975703 INFO::Fitting model to feature number 885, MGYG000329835
2026-01-11 15:38:45.979948 WARNING::Fitting problem for feature 885 returning NA
2026-01-11 15:38:45.983 INFO::Fitting model to feature number 886, MGYG000410456
2026-01-11 15:38:45.986186 WARNING::Fitting problem for feature 886 returning NA
2026-01-11 15:38:45.98919 INFO::Fitting model to feature number 887, CAKUEI01 sp022793685
2026-01-11 15:38:45.99502 INFO::Fitting model to feature number 888, Avoscillospira_A sp022792945
2026-01-11 15:38:46.003276 INFO::Fitting model to feature number 889, JAAWCD01 sp022793095
2026-01-11 15:38:46.013055 INFO::Fitting model to feature number 890, Acutalibacter sp910588935
2026-01-11 15:38:46.02186 INFO::Fitting model to feature number 891, Acutalibacter sp009936035
2026-01-11 15:38:46.030742 INFO::Fitting model to feature number 892, Acutalibacter sp910589395
2026-01-11 15:38:46.039366 INFO::Fitting model to feature number 893, Acutalibacter sp910574935
2026-01-11 15:38:46.047744 INFO::Fitting model to feature number 894, Acutalibacter sp009917445
2026-01-11 15:38:46.054974 INFO::Fitting model to feature number 895, Acutalibacter muris
2026-01-11 15:38:46.060574 INFO::Fitting model to feature number 896, Acutalibacter sp910587835
2026-01-11 15:38:46.0687 INFO::Fitting model to feature number 897, MGYG000406378
2026-01-11 15:38:46.075782 INFO::Fitting model to feature number 898, Acutalibacter sp009917525
2026-01-11 15:38:46.083463 INFO::Fitting model to feature number 899, MGYG000328916
2026-01-11 15:38:46.090138 INFO::Fitting model to feature number 900, Acutalibacter sp910574995
2026-01-11 15:38:46.09697 INFO::Fitting model to feature number 901, Acutalibacter sp910580045
2026-01-11 15:38:46.10357 INFO::Fitting model to feature number 902, Acutalibacter sp003612555
2026-01-11 15:38:46.109069 INFO::Fitting model to feature number 903, Acutalibacter sp910587995
2026-01-11 15:38:46.115216 INFO::Fitting model to feature number 904, Acutalibacter sp910588415
2026-01-11 15:38:46.120991 INFO::Fitting model to feature number 905, Acutalibacter sp910584745
2026-01-11 15:38:46.127063 INFO::Fitting model to feature number 906, MGYG000330157
2026-01-11 15:38:46.130744 WARNING::Fitting problem for feature 906 returning NA
2026-01-11 15:38:46.133718 INFO::Fitting model to feature number 907, MGYG000331301
2026-01-11 15:38:46.137106 WARNING::Fitting problem for feature 907 returning NA
2026-01-11 15:38:46.139838 INFO::Fitting model to feature number 908, MGYG000410931
2026-01-11 15:38:46.143196 WARNING::Fitting problem for feature 908 returning NA
2026-01-11 15:38:46.145984 INFO::Fitting model to feature number 909, MGYG000328573
2026-01-11 15:38:46.15021 WARNING::Fitting problem for feature 909 returning NA
2026-01-11 15:38:46.152996 INFO::Fitting model to feature number 910, Acutalibacter stercorigallinarum
2026-01-11 15:38:46.159701 INFO::Fitting model to feature number 911, Eubacterium_R sp011958665
2026-01-11 15:38:46.166797 INFO::Fitting model to feature number 912, MGYG000337810
2026-01-11 15:38:46.173537 INFO::Fitting model to feature number 913, MGYG000379997
2026-01-11 15:38:46.18048 INFO::Fitting model to feature number 914, MGYG000351739
2026-01-11 15:38:46.187229 INFO::Fitting model to feature number 915, MGYG000410251
2026-01-11 15:38:46.193604 INFO::Fitting model to feature number 916, MGYG000373138
2026-01-11 15:38:46.200548 INFO::Fitting model to feature number 917, MGYG000327182
2026-01-11 15:38:46.203801 WARNING::Fitting problem for feature 917 returning NA
2026-01-11 15:38:46.206024 INFO::Fitting model to feature number 918, Ruthenibacterium sp013316265
2026-01-11 15:38:46.20877 WARNING::Fitting problem for feature 918 returning NA
2026-01-11 15:38:46.21094 INFO::Fitting model to feature number 919, Ruminococcus sp910584195
2026-01-11 15:38:46.217636 INFO::Fitting model to feature number 920, Angelakisella sp910585525
2026-01-11 15:38:46.220681 WARNING::Fitting problem for feature 920 returning NA
2026-01-11 15:38:46.223022 INFO::Fitting model to feature number 921, Angelakisella sp022795575
2026-01-11 15:38:46.228961 INFO::Fitting model to feature number 922, Angelakisella sp910585535
2026-01-11 15:38:46.235929 INFO::Fitting model to feature number 923, Angelakisella sp013316495
2026-01-11 15:38:46.242296 INFO::Fitting model to feature number 924, Ruminiclostridium_E sp910588335
2026-01-11 15:38:46.24885 INFO::Fitting model to feature number 925, MGYG000410125
2026-01-11 15:38:46.254589 INFO::Fitting model to feature number 926, Ruminiclostridium_E sp910585505
2026-01-11 15:38:46.260066 INFO::Fitting model to feature number 927, UBA1405 sp022800935
2026-01-11 15:38:46.266716 INFO::Fitting model to feature number 928, MGYG000331296
2026-01-11 15:38:46.273579 INFO::Fitting model to feature number 929, MGYG000410015
2026-01-11 15:38:46.277275 WARNING::Fitting problem for feature 929 returning NA
2026-01-11 15:38:46.280291 INFO::Fitting model to feature number 930, UBA1394 sp910588145
2026-01-11 15:38:46.288069 INFO::Fitting model to feature number 931, Anaerotruncus sp000403395
2026-01-11 15:38:46.295616 INFO::Fitting model to feature number 932, Anaerotruncus sp003612625
2026-01-11 15:38:46.302802 INFO::Fitting model to feature number 933, Anaerotruncus colihominis_A
2026-01-11 15:38:46.308165 INFO::Fitting model to feature number 934, Anaerotruncus sp910586875
2026-01-11 15:38:46.312128 WARNING::Fitting problem for feature 934 returning NA
2026-01-11 15:38:46.315338 INFO::Fitting model to feature number 935, MGYG000410574
2026-01-11 15:38:46.322607 INFO::Fitting model to feature number 936, UBA3818 sp910583935
2026-01-11 15:38:46.32555 WARNING::Fitting problem for feature 936 returning NA
2026-01-11 15:38:46.327657 INFO::Fitting model to feature number 937, JAAVYW01 sp022791315
2026-01-11 15:38:46.331274 WARNING::Fitting problem for feature 937 returning NA
2026-01-11 15:38:46.334316 INFO::Fitting model to feature number 938, Faecivivens sp022793675
2026-01-11 15:38:46.338078 WARNING::Fitting problem for feature 938 returning NA
2026-01-11 15:38:46.341212 INFO::Fitting model to feature number 939, RGIG8773 sp910584715
2026-01-11 15:38:46.349322 INFO::Fitting model to feature number 940, QXXE01 sp009911355
2026-01-11 15:38:46.356714 INFO::Fitting model to feature number 941, QXXE01 sp910586575
2026-01-11 15:38:46.363873 INFO::Fitting model to feature number 942, MGYG000327912
2026-01-11 15:38:46.371828 INFO::Fitting model to feature number 943, Butyricicoccus sp910584935
2026-01-11 15:38:46.378749 INFO::Fitting model to feature number 944, Pseudobutyricicoccus sp910579575
2026-01-11 15:38:46.382821 WARNING::Fitting problem for feature 944 returning NA
2026-01-11 15:38:46.385457 INFO::Fitting model to feature number 945, MGYG000349368
2026-01-11 15:38:46.393243 INFO::Fitting model to feature number 946, Avispirillum sp011957885
2026-01-11 15:38:46.401635 INFO::Fitting model to feature number 947, MGYG000401352
2026-01-11 15:38:46.407193 INFO::Fitting model to feature number 948, Zhenpiania sp009911365
2026-01-11 15:38:46.415388 INFO::Fitting model to feature number 949, Zhenpiania sp910575405
2026-01-11 15:38:46.423737 INFO::Fitting model to feature number 950, Emergencia sp009936045
2026-01-11 15:38:46.430838 INFO::Fitting model to feature number 951, JAAVYD01 sp022790955
2026-01-11 15:38:46.438476 INFO::Fitting model to feature number 952, Fimisoma sp910588185
2026-01-11 15:38:46.446649 INFO::Fitting model to feature number 953, MGYG000410140
2026-01-11 15:38:46.452433 INFO::Fitting model to feature number 954, MGYG000323026
2026-01-11 15:38:46.45758 INFO::Fitting model to feature number 955, Coproplasma sp910579525
2026-01-11 15:38:46.463053 INFO::Fitting model to feature number 956, Coproplasma sp003979335
2026-01-11 15:38:46.469733 INFO::Fitting model to feature number 957, Coproplasma sp013316055
2026-01-11 15:38:46.472555 WARNING::Fitting problem for feature 957 returning NA
2026-01-11 15:38:46.474796 INFO::Fitting model to feature number 958, Coproplasma sp910577375
2026-01-11 15:38:46.480751 INFO::Fitting model to feature number 959, Coproplasma sp910586065
2026-01-11 15:38:46.486717 INFO::Fitting model to feature number 960, MGYG000328913
2026-01-11 15:38:46.492041 INFO::Fitting model to feature number 961, Coproplasma stercorigallinarum
2026-01-11 15:38:46.497831 INFO::Fitting model to feature number 962, MGBC120929 sp910583735
2026-01-11 15:38:46.505471 INFO::Fitting model to feature number 963, RACS-045 sp910579785
2026-01-11 15:38:46.513828 INFO::Fitting model to feature number 964, QANA01 sp910588425
2026-01-11 15:38:46.522504 INFO::Fitting model to feature number 965, MGYG000324257
2026-01-11 15:38:46.52834 INFO::Fitting model to feature number 966, HGM11386 sp022791055
2026-01-11 15:38:46.533127 WARNING::Fitting problem for feature 966 returning NA
2026-01-11 15:38:46.536161 INFO::Fitting model to feature number 967, RACS-047 sp013316045
2026-01-11 15:38:46.53974 WARNING::Fitting problem for feature 967 returning NA
2026-01-11 15:38:46.542505 INFO::Fitting model to feature number 968, CAG-475 sp910577815
2026-01-11 15:38:46.549504 INFO::Fitting model to feature number 969, MGYG000328446
2026-01-11 15:38:46.552604 WARNING::Fitting problem for feature 969 returning NA
2026-01-11 15:38:46.554869 INFO::Fitting model to feature number 970, Caccovivens sp910587225
2026-01-11 15:38:46.557678 WARNING::Fitting problem for feature 970 returning NA
2026-01-11 15:38:46.559863 INFO::Fitting model to feature number 971, CAG-41 sp910578235
2026-01-11 15:38:46.562925 WARNING::Fitting problem for feature 971 returning NA
2026-01-11 15:38:46.565594 INFO::Fitting model to feature number 972, MGYG000410260
2026-01-11 15:38:46.571455 INFO::Fitting model to feature number 973, MGYG000335786
2026-01-11 15:38:46.578063 INFO::Fitting model to feature number 974, MGYG000349464
2026-01-11 15:38:46.585031 INFO::Fitting model to feature number 975, CAG-269 sp022792395
2026-01-11 15:38:46.591581 INFO::Fitting model to feature number 976, MGYG000328872
2026-01-11 15:38:46.594682 WARNING::Fitting problem for feature 976 returning NA
2026-01-11 15:38:46.597461 INFO::Fitting model to feature number 977, MGYG000327552
2026-01-11 15:38:46.60355 INFO::Fitting model to feature number 978, RGIG8482 sp022796855
2026-01-11 15:38:46.60917 INFO::Fitting model to feature number 979, JAAWPK01 sp022791735
2026-01-11 15:38:46.615389 INFO::Fitting model to feature number 980, MGYG000375192
2026-01-11 15:38:46.620696 INFO::Fitting model to feature number 981, MGYG000323824
2026-01-11 15:38:46.62343 WARNING::Fitting problem for feature 981 returning NA
2026-01-11 15:38:46.625703 INFO::Fitting model to feature number 982, Akkermansia muciniphila_B
2026-01-11 15:38:46.632648 INFO::Fitting model to feature number 983, Akkermansia sp001580195
2026-01-11 15:38:46.639505 INFO::Fitting model to feature number 984, Parasutterella sp009767915
2026-01-11 15:38:46.650539 INFO::Fitting model to feature number 985, Turicimonas muris
2026-01-11 15:38:46.657918 INFO::Fitting model to feature number 986, MGYG000326933
2026-01-11 15:38:46.669437 INFO::Fitting model to feature number 987, Enterobacter hormaechei_A
2026-01-11 15:38:46.678133 INFO::Fitting model to feature number 988, Methylobacterium persicinum
2026-01-11 15:38:46.687011 INFO::Fitting model to feature number 989, MGYG000329730
2026-01-11 15:38:46.696183 INFO::Fitting model to feature number 990, MGYG000360301
2026-01-11 15:38:46.705709 INFO::Fitting model to feature number 991, Enterousia sp013316395
2026-01-11 15:38:46.711137 INFO::Fitting model to feature number 992, MGYG000410936
2026-01-11 15:38:46.714962 WARNING::Fitting problem for feature 992 returning NA
2026-01-11 15:38:46.717714 INFO::Fitting model to feature number 993, Scatocola sp910577205
2026-01-11 15:38:46.724188 INFO::Fitting model to feature number 994, MGYG000327352
2026-01-11 15:38:46.731433 INFO::Fitting model to feature number 995, MGBC118957 sp910584385
2026-01-11 15:38:46.739055 INFO::Fitting model to feature number 996, MGYG000391024
2026-01-11 15:38:46.746708 INFO::Fitting model to feature number 997, MGYG000323059
2026-01-11 15:38:46.753597 INFO::Fitting model to feature number 998, MGYG000328709
2026-01-11 15:38:46.778863 INFO::Fitting model to feature number 999, MGYG000411523
2026-01-11 15:38:46.785557 INFO::Fitting model to feature number 1000, MGYG000331169
2026-01-11 15:38:46.790909 INFO::Fitting model to feature number 1001, Nanosyncoccus sp003979185
2026-01-11 15:38:46.796958 INFO::Fitting model to feature number 1002, MGYG000344322
2026-01-11 15:38:46.803793 INFO::Fitting model to feature number 1003, Nanosyncoccus sp013316435
2026-01-11 15:38:46.809811 INFO::Fitting model to feature number 1004, MGYG000348936
2026-01-11 15:38:46.818128 INFO::Fitting model to feature number 1005, MGYG000341210
2026-01-11 15:38:46.824639 INFO::Fitting model to feature number 1006, MGYG000331839
2026-01-11 15:38:46.831203 INFO::Fitting model to feature number 1007, MGYG000328091
2026-01-11 15:38:46.834527 WARNING::Fitting problem for feature 1007 returning NA
2026-01-11 15:38:46.837614 INFO::Fitting model to feature number 1008, Avidehalobacter sp022797295
2026-01-11 15:38:46.84402 INFO::Fitting model to feature number 1009, Avidehalobacter sp021771915
2026-01-11 15:38:46.850025 INFO::Fitting model to feature number 1010, MGYG000410378
2026-01-11 15:38:46.853179 WARNING::Fitting problem for feature 1010 returning NA
2026-01-11 15:38:46.855463 INFO::Fitting model to feature number 1011, MGYG000411020
2026-01-11 15:38:46.860562 INFO::Fitting model to feature number 1012, MGBC122484 sp910587245
2026-01-11 15:38:46.866854 INFO::Fitting model to feature number 1013, MGBC122484 sp910586855
2026-01-11 15:38:46.873235 INFO::Fitting model to feature number 1014, MGBC122484 sp910578465
2026-01-11 15:38:46.878665 INFO::Fitting model to feature number 1015, MGBC122484 sp910587815
2026-01-11 15:38:46.881877 WARNING::Fitting problem for feature 1015 returning NA
2026-01-11 15:38:46.884184 INFO::Fitting model to feature number 1016, Megamonas funiformis
2026-01-11 15:38:46.89025 INFO::Fitting model to feature number 1017, MGYG000325548
2026-01-11 15:38:46.896168 INFO::Fitting model to feature number 1018, MGYG000331077
2026-01-11 15:38:46.903319 INFO::Fitting model to feature number 1019, MGYG000324324
2026-01-11 15:38:46.909761 INFO::Fitting model to feature number 1020, MGYG000333766
2026-01-11 15:38:46.915774 INFO::Fitting model to feature number 1021, UBA3282 sp910578115
2026-01-11 15:38:46.922393 INFO::Fitting model to feature number 1022, Anaerostipes hominis
2026-01-11 15:38:46.925391 INFO::Fitting model to feature number 1023, Bacteroides thetaiotaomicron
2026-01-11 15:38:46.928781 INFO::Fitting model to feature number 1024, C-19 sp910576345
2026-01-11 15:38:46.931845 WARNING::Fitting problem for feature 1024 returning NA
2026-01-11 15:38:46.934258 INFO::Fitting model to feature number 1025, MGYG000327462
2026-01-11 15:38:46.938558 INFO::Fitting model to feature number 1026, MGYG000410493
2026-01-11 15:38:46.941277 WARNING::Fitting problem for feature 1026 returning NA
2026-01-11 15:38:46.943856 INFO::Fitting model to feature number 1027, Allobaculum sp910579655
2026-01-11 15:38:46.94775 INFO::Fitting model to feature number 1028, MGBC163490 sp910588075
2026-01-11 15:38:46.95179 INFO::Fitting model to feature number 1029, Limosilactobacillus urinaemulieris
2026-01-11 15:38:46.958141 INFO::Fitting model to feature number 1030, Lactiplantibacillus plantarum
2026-01-11 15:38:46.964742 INFO::Fitting model to feature number 1031, Enterococcus_D gallinarum
2026-01-11 15:38:46.972917 INFO::Fitting model to feature number 1032, Lactococcus lactis
2026-01-11 15:38:46.978163 INFO::Fitting model to feature number 1033, Granulicatella adiacens
2026-01-11 15:38:46.986737 INFO::Fitting model to feature number 1034, Scybalousia sp910584255
2026-01-11 15:38:46.990689 WARNING::Fitting problem for feature 1034 returning NA
2026-01-11 15:38:46.993601 INFO::Fitting model to feature number 1035, CAG-710 sp000432595
2026-01-11 15:38:46.997462 WARNING::Fitting problem for feature 1035 returning NA
2026-01-11 15:38:47.007228 INFO::Fitting model to feature number 1036, MGYG000325543
2026-01-11 15:38:47.015579 INFO::Fitting model to feature number 1037, MGYG000326942
2026-01-11 15:38:47.020151 INFO::Fitting model to feature number 1038, Paratractidigestivibacter sp003150175
2026-01-11 15:38:47.025525 INFO::Fitting model to feature number 1039, Collinsella stercoris
2026-01-11 15:38:47.030726 INFO::Fitting model to feature number 1040, Collinsella sp900545445
2026-01-11 15:38:47.034688 WARNING::Fitting problem for feature 1040 returning NA
2026-01-11 15:38:47.038163 INFO::Fitting model to feature number 1041, Collinsella sp002232035
2026-01-11 15:38:47.042885 INFO::Fitting model to feature number 1042, MGYG000330890
2026-01-11 15:38:47.051194 INFO::Fitting model to feature number 1043, Cutibacterium acnes
2026-01-11 15:38:47.059461 INFO::Fitting model to feature number 1044, MGYG000325467
2026-01-11 15:38:47.067748 INFO::Fitting model to feature number 1045, MGYG000325647
2026-01-11 15:38:47.075966 INFO::Fitting model to feature number 1046, MGYG000325468
2026-01-11 15:38:47.083987 INFO::Fitting model to feature number 1047, MGYG000325561
2026-01-11 15:38:47.091956 INFO::Fitting model to feature number 1048, CAG-873 sp014801485
2026-01-11 15:38:47.095985 WARNING::Fitting problem for feature 1048 returning NA
2026-01-11 15:38:47.098896 INFO::Fitting model to feature number 1049, MGYG000325408
2026-01-11 15:38:47.103654 INFO::Fitting model to feature number 1050, CAG-873 sp910579605
2026-01-11 15:38:47.111543 INFO::Fitting model to feature number 1051, CAG-485 sp014802175
2026-01-11 15:38:47.119767 INFO::Fitting model to feature number 1052, CAG-485 sp014801875
2026-01-11 15:38:47.127925 INFO::Fitting model to feature number 1053, CAG-485 sp014803765
2026-01-11 15:38:47.135734 INFO::Fitting model to feature number 1054, MGYG000325797
2026-01-11 15:38:47.143482 INFO::Fitting model to feature number 1055, MGYG000325348
2026-01-11 15:38:47.15189 INFO::Fitting model to feature number 1056, MGYG000325391
2026-01-11 15:38:47.160257 INFO::Fitting model to feature number 1057, MGYG000325606
2026-01-11 15:38:47.167929 INFO::Fitting model to feature number 1058, MGYG000325480
2026-01-11 15:38:47.175883 INFO::Fitting model to feature number 1059, CAG-485 sp014800535
2026-01-11 15:38:47.183701 INFO::Fitting model to feature number 1060, CAG-485 sp014801585
2026-01-11 15:38:47.19145 INFO::Fitting model to feature number 1061, MGYG000325583
2026-01-11 15:38:47.198461 INFO::Fitting model to feature number 1062, MGYG000325430
2026-01-11 15:38:47.203024 WARNING::Fitting problem for feature 1062 returning NA
2026-01-11 15:38:47.206124 INFO::Fitting model to feature number 1063, MGYG000325719
2026-01-11 15:38:47.214592 INFO::Fitting model to feature number 1064, MGYG000325338
2026-01-11 15:38:47.222584 INFO::Fitting model to feature number 1065, MGYG000325306
2026-01-11 15:38:47.231454 INFO::Fitting model to feature number 1066, MGYG000325603
2026-01-11 15:38:47.239423 INFO::Fitting model to feature number 1067, UBA3263 sp014802435
2026-01-11 15:38:47.247221 INFO::Fitting model to feature number 1068, MGYG000325316
2026-01-11 15:38:47.255291 INFO::Fitting model to feature number 1069, MGYG000325659
2026-01-11 15:38:47.263012 INFO::Fitting model to feature number 1070, MGYG000325628
2026-01-11 15:38:47.271195 INFO::Fitting model to feature number 1071, MGYG000325657
2026-01-11 15:38:47.279833 INFO::Fitting model to feature number 1072, MGYG000325523
2026-01-11 15:38:47.286249 INFO::Fitting model to feature number 1073, MGYG000325354
2026-01-11 15:38:47.293966 INFO::Fitting model to feature number 1074, MGYG000325392
2026-01-11 15:38:47.301245 INFO::Fitting model to feature number 1075, JAAVFS01 sp014802385
2026-01-11 15:38:47.307727 INFO::Fitting model to feature number 1076, MGYG000327349
2026-01-11 15:38:47.315528 INFO::Fitting model to feature number 1077, Parabacteroides johnsonii
2026-01-11 15:38:47.320556 INFO::Fitting model to feature number 1078, Parabacteroides sp910577325
2026-01-11 15:38:47.324296 INFO::Fitting model to feature number 1079, Bacteroides faecis
2026-01-11 15:38:47.329193 INFO::Fitting model to feature number 1080, Bacteroides bouchesdurhonensis
2026-01-11 15:38:47.335416 INFO::Fitting model to feature number 1081, Bacteroides ovatus
2026-01-11 15:38:47.343055 INFO::Fitting model to feature number 1082, Bacteroides caccae
2026-01-11 15:38:47.349536 INFO::Fitting model to feature number 1083, MGYG000325504
2026-01-11 15:38:47.358757 INFO::Fitting model to feature number 1084, Bacteroides salyersiae
2026-01-11 15:38:47.36278 INFO::Fitting model to feature number 1085, Bacteroides stercorirosoris
2026-01-11 15:38:47.370374 INFO::Fitting model to feature number 1086, MGYG000325502
2026-01-11 15:38:47.378642 INFO::Fitting model to feature number 1087, Prevotella pectinovora
2026-01-11 15:38:47.386761 INFO::Fitting model to feature number 1088, Prevotella sp000436915
2026-01-11 15:38:47.393881 INFO::Fitting model to feature number 1089, MGYG000325596
2026-01-11 15:38:47.402343 INFO::Fitting model to feature number 1090, Tidjanibacter sp910577285
2026-01-11 15:38:47.410759 INFO::Fitting model to feature number 1091, Odoribacter sp910588375
2026-01-11 15:38:47.418863 INFO::Fitting model to feature number 1092, Odoribacter sp910578985
2026-01-11 15:38:47.426796 INFO::Fitting model to feature number 1093, Odoribacter sp009935865
2026-01-11 15:38:47.434545 INFO::Fitting model to feature number 1094, Cryptobacteroides sp000431015
2026-01-11 15:38:47.437573 WARNING::Fitting problem for feature 1094 returning NA
2026-01-11 15:38:47.440103 INFO::Fitting model to feature number 1095, MGYG000325795
2026-01-11 15:38:47.444808 INFO::Fitting model to feature number 1096, MGYG000326972
2026-01-11 15:38:47.448813 INFO::Fitting model to feature number 1097, Pullibacteroides sp910578275
2026-01-11 15:38:47.455473 INFO::Fitting model to feature number 1098, MGYG000376875
2026-01-11 15:38:47.467871 INFO::Fitting model to feature number 1099, MGYG000410984
2026-01-11 15:38:47.47573 INFO::Fitting model to feature number 1100, MGYG000329711
2026-01-11 15:38:47.482624 INFO::Fitting model to feature number 1101, Sporofaciens sp910584575
2026-01-11 15:38:47.490693 INFO::Fitting model to feature number 1102, Sporofaciens sp011960625
2026-01-11 15:38:47.498862 INFO::Fitting model to feature number 1103, MD308 sp910579335
2026-01-11 15:38:47.515393 INFO::Fitting model to feature number 1104, 14-2 sp910585625
2026-01-11 15:38:47.520432 INFO::Fitting model to feature number 1105, 14-2 sp910585895
2026-01-11 15:38:47.524063 WARNING::Fitting problem for feature 1105 returning NA
2026-01-11 15:38:47.527674 INFO::Fitting model to feature number 1106, 14-2 sp004793545
2026-01-11 15:38:47.53732 INFO::Fitting model to feature number 1107, 14-2 sp910580195
2026-01-11 15:38:47.545683 INFO::Fitting model to feature number 1108, 14-2 sp910580015
2026-01-11 15:38:47.550016 WARNING::Fitting problem for feature 1108 returning NA
2026-01-11 15:38:47.552417 INFO::Fitting model to feature number 1109, 14-2 sp910585395
2026-01-11 15:38:47.556257 INFO::Fitting model to feature number 1110, 14-2 sp910587895
2026-01-11 15:38:47.561011 INFO::Fitting model to feature number 1111, MGYG000327388
2026-01-11 15:38:47.564566 INFO::Fitting model to feature number 1112, MGYG000410811
2026-01-11 15:38:47.570556 INFO::Fitting model to feature number 1113, MGYG000352925
2026-01-11 15:38:47.578064 INFO::Fitting model to feature number 1114, MGYG000331207
2026-01-11 15:38:47.584899 INFO::Fitting model to feature number 1115, MGYG000328397
2026-01-11 15:38:47.590488 INFO::Fitting model to feature number 1116, 14-2 sp910588965
2026-01-11 15:38:47.594212 WARNING::Fitting problem for feature 1116 returning NA
2026-01-11 15:38:47.596904 INFO::Fitting model to feature number 1117, 14-2 sp910586005
2026-01-11 15:38:47.603104 INFO::Fitting model to feature number 1118, 14-2 sp022790855
2026-01-11 15:38:47.607616 INFO::Fitting model to feature number 1119, Ventrimonas sp910588875
2026-01-11 15:38:47.611307 WARNING::Fitting problem for feature 1119 returning NA
2026-01-11 15:38:47.613818 INFO::Fitting model to feature number 1120, Ventrimonas sp910586205
2026-01-11 15:38:47.616428 WARNING::Fitting problem for feature 1120 returning NA
2026-01-11 15:38:47.6195 INFO::Fitting model to feature number 1121, Ventrimonas sp910588125
2026-01-11 15:38:47.626283 INFO::Fitting model to feature number 1122, MGYG000329105
2026-01-11 15:38:47.632348 INFO::Fitting model to feature number 1123, Ventrimonas sp022794255
2026-01-11 15:38:47.636578 INFO::Fitting model to feature number 1124, MGYG000432287
2026-01-11 15:38:47.640371 WARNING::Fitting problem for feature 1124 returning NA
2026-01-11 15:38:47.643231 INFO::Fitting model to feature number 1125, Ventrimonas sp910584845
2026-01-11 15:38:47.6493 INFO::Fitting model to feature number 1126, UBA3282 sp910587715
2026-01-11 15:38:47.652765 INFO::Fitting model to feature number 1127, MGYG000411593
2026-01-11 15:38:47.655743 WARNING::Fitting problem for feature 1127 returning NA
2026-01-11 15:38:47.659003 INFO::Fitting model to feature number 1128, MGYG000323128
2026-01-11 15:38:47.662719 WARNING::Fitting problem for feature 1128 returning NA
2026-01-11 15:38:47.665918 INFO::Fitting model to feature number 1129, UBA3282 sp910578645
2026-01-11 15:38:47.673937 INFO::Fitting model to feature number 1130, UBA3282 sp910579735
2026-01-11 15:38:47.680343 INFO::Fitting model to feature number 1131, UBA3282 sp910579395
2026-01-11 15:38:47.683862 WARNING::Fitting problem for feature 1131 returning NA
2026-01-11 15:38:47.686121 INFO::Fitting model to feature number 1132, UBA3282 sp009774575
2026-01-11 15:38:47.691034 INFO::Fitting model to feature number 1133, MGYG000329420
2026-01-11 15:38:47.695449 INFO::Fitting model to feature number 1134, MGYG000323012
2026-01-11 15:38:47.701828 INFO::Fitting model to feature number 1135, MGYG000325709
2026-01-11 15:38:47.705336 INFO::Fitting model to feature number 1136, MGYG000325198
2026-01-11 15:38:47.708239 INFO::Fitting model to feature number 1137, UBA3282 sp910578845
2026-01-11 15:38:47.710732 WARNING::Fitting problem for feature 1137 returning NA
2026-01-11 15:38:47.713266 INFO::Fitting model to feature number 1138, UBA3282 sp910588955
2026-01-11 15:38:47.717039 INFO::Fitting model to feature number 1139, MGYG000325450
2026-01-11 15:38:47.720036 WARNING::Fitting problem for feature 1139 returning NA
2026-01-11 15:38:47.722049 INFO::Fitting model to feature number 1140, MGYG000325999
2026-01-11 15:38:47.724508 WARNING::Fitting problem for feature 1140 returning NA
2026-01-11 15:38:47.726865 INFO::Fitting model to feature number 1141, MGYG000411525
2026-01-11 15:38:47.72925 WARNING::Fitting problem for feature 1141 returning NA
2026-01-11 15:38:47.731834 INFO::Fitting model to feature number 1142, MGYG000325558
2026-01-11 15:38:47.73739 INFO::Fitting model to feature number 1143, MGYG000322990
2026-01-11 15:38:47.74283 INFO::Fitting model to feature number 1144, MGYG000330673
2026-01-11 15:38:47.74536 WARNING::Fitting problem for feature 1144 returning NA
2026-01-11 15:38:47.748406 INFO::Fitting model to feature number 1145, MGYG000368565
2026-01-11 15:38:47.75172 INFO::Fitting model to feature number 1146, UBA7109 sp910580235
2026-01-11 15:38:47.756086 INFO::Fitting model to feature number 1147, MGYG000324764
2026-01-11 15:38:47.760377 INFO::Fitting model to feature number 1148, MGYG000324065
2026-01-11 15:38:47.764908 INFO::Fitting model to feature number 1149, Roseburia sp910577925
2026-01-11 15:38:47.769463 WARNING::Fitting problem for feature 1149 returning NA
2026-01-11 15:38:47.772527 INFO::Fitting model to feature number 1150, MGYG000328589
2026-01-11 15:38:47.77633 INFO::Fitting model to feature number 1151, MGYG000393816
2026-01-11 15:38:47.784482 INFO::Fitting model to feature number 1152, Butyribacter sp910579085
2026-01-11 15:38:47.787938 INFO::Fitting model to feature number 1153, MGYG000329302
2026-01-11 15:38:47.794659 INFO::Fitting model to feature number 1154, MGYG000348373
2026-01-11 15:38:47.798037 WARNING::Fitting problem for feature 1154 returning NA
2026-01-11 15:38:47.800013 INFO::Fitting model to feature number 1155, MGYG000325401
2026-01-11 15:38:47.803468 INFO::Fitting model to feature number 1156, Butyribacter sp910586555
2026-01-11 15:38:47.806639 INFO::Fitting model to feature number 1157, Butyribacter sp910586605
2026-01-11 15:38:47.809107 WARNING::Fitting problem for feature 1157 returning NA
2026-01-11 15:38:47.811065 INFO::Fitting model to feature number 1158, 1XD8-76 sp003611955
2026-01-11 15:38:47.816858 INFO::Fitting model to feature number 1159, 1XD8-76 sp910584915
2026-01-11 15:38:47.820007 WARNING::Fitting problem for feature 1159 returning NA
2026-01-11 15:38:47.822009 INFO::Fitting model to feature number 1160, 1XD8-76 sp022799355
2026-01-11 15:38:47.82451 WARNING::Fitting problem for feature 1160 returning NA
2026-01-11 15:38:47.826951 INFO::Fitting model to feature number 1161, Blautia coccoides
2026-01-11 15:38:47.830156 INFO::Fitting model to feature number 1162, Blautia hominis
2026-01-11 15:38:47.837063 INFO::Fitting model to feature number 1163, MGYG000330300
2026-01-11 15:38:47.841005 WARNING::Fitting problem for feature 1163 returning NA
2026-01-11 15:38:47.843717 INFO::Fitting model to feature number 1164, Blautia sp001304935
2026-01-11 15:38:47.847134 INFO::Fitting model to feature number 1165, MGYG000411610
2026-01-11 15:38:47.853448 INFO::Fitting model to feature number 1166, Acetatifactor sp910578215
2026-01-11 15:38:47.858114 INFO::Fitting model to feature number 1167, MGYG000403847
2026-01-11 15:38:47.861483 WARNING::Fitting problem for feature 1167 returning NA
2026-01-11 15:38:47.864361 INFO::Fitting model to feature number 1168, Acetatifactor sp910585665
2026-01-11 15:38:47.870621 INFO::Fitting model to feature number 1169, MGYG000410724
2026-01-11 15:38:47.877014 INFO::Fitting model to feature number 1170, MGYG000329148
2026-01-11 15:38:47.879901 INFO::Fitting model to feature number 1171, MGYG000331408
2026-01-11 15:38:47.883642 WARNING::Fitting problem for feature 1171 returning NA
2026-01-11 15:38:47.885866 INFO::Fitting model to feature number 1172, MGYG000331279
2026-01-11 15:38:47.889011 WARNING::Fitting problem for feature 1172 returning NA
2026-01-11 15:38:47.891593 INFO::Fitting model to feature number 1173, Acetatifactor sp910584375
2026-01-11 15:38:47.896908 INFO::Fitting model to feature number 1174, MGYG000345025
2026-01-11 15:38:47.901225 INFO::Fitting model to feature number 1175, Acetatifactor sp910586435
2026-01-11 15:38:47.905249 WARNING::Fitting problem for feature 1175 returning NA
2026-01-11 15:38:47.907953 INFO::Fitting model to feature number 1176, MGYG000330154
2026-01-11 15:38:47.912488 INFO::Fitting model to feature number 1177, Acetatifactor sp910586215
2026-01-11 15:38:47.916671 WARNING::Fitting problem for feature 1177 returning NA
2026-01-11 15:38:47.920196 INFO::Fitting model to feature number 1178, Acetatifactor sp011959105
2026-01-11 15:38:47.923505 WARNING::Fitting problem for feature 1178 returning NA
2026-01-11 15:38:47.926661 INFO::Fitting model to feature number 1179, Acetatifactor sp910586515
2026-01-11 15:38:47.930979 INFO::Fitting model to feature number 1180, MGYG000325688
2026-01-11 15:38:47.938715 INFO::Fitting model to feature number 1181, MGYG000325419
2026-01-11 15:38:47.943861 INFO::Fitting model to feature number 1182, Acetatifactor sp910585015
2026-01-11 15:38:47.947102 INFO::Fitting model to feature number 1183, Acetatifactor sp910577665
2026-01-11 15:38:47.952868 INFO::Fitting model to feature number 1184, MGYG000329799
2026-01-11 15:38:47.956409 INFO::Fitting model to feature number 1185, Acetatifactor sp910588225
2026-01-11 15:38:47.959799 WARNING::Fitting problem for feature 1185 returning NA
2026-01-11 15:38:47.962924 INFO::Fitting model to feature number 1186, MGYG000410939
2026-01-11 15:38:47.966415 INFO::Fitting model to feature number 1187, MGYG000327533
2026-01-11 15:38:47.972462 INFO::Fitting model to feature number 1188, Acetatifactor sp022797535
2026-01-11 15:38:47.975323 INFO::Fitting model to feature number 1189, MGYG000329051
2026-01-11 15:38:47.980832 INFO::Fitting model to feature number 1190, MGYG000324774
2026-01-11 15:38:47.98667 INFO::Fitting model to feature number 1191, Lachnospira sp910587485
2026-01-11 15:38:47.989177 WARNING::Fitting problem for feature 1191 returning NA
2026-01-11 15:38:47.991771 INFO::Fitting model to feature number 1192, Anaerostipes caccae
2026-01-11 15:38:47.994747 INFO::Fitting model to feature number 1193, 1XD42-69 sp910585825
2026-01-11 15:38:48.002715 INFO::Fitting model to feature number 1194, 1XD42-69 sp910586725
2026-01-11 15:38:48.007085 WARNING::Fitting problem for feature 1194 returning NA
2026-01-11 15:38:48.010271 INFO::Fitting model to feature number 1195, MGYG000325395
2026-01-11 15:38:48.015666 INFO::Fitting model to feature number 1196, 1XD42-69 sp910586355
2026-01-11 15:38:48.020291 WARNING::Fitting problem for feature 1196 returning NA
2026-01-11 15:38:48.023081 INFO::Fitting model to feature number 1197, MGYG000330490
2026-01-11 15:38:48.027547 WARNING::Fitting problem for feature 1197 returning NA
2026-01-11 15:38:48.030794 INFO::Fitting model to feature number 1198, 1XD42-69 sp910589105
2026-01-11 15:38:48.036195 INFO::Fitting model to feature number 1199, MGYG000327486
2026-01-11 15:38:48.040442 INFO::Fitting model to feature number 1200, MGYG000331229
2026-01-11 15:38:48.048107 INFO::Fitting model to feature number 1201, UBA3402 sp910588505
2026-01-11 15:38:48.052644 INFO::Fitting model to feature number 1202, UBA3402 sp022792815
2026-01-11 15:38:48.058036 INFO::Fitting model to feature number 1203, UBA3402 sp910579515
2026-01-11 15:38:48.062637 INFO::Fitting model to feature number 1204, MGYG000410806
2026-01-11 15:38:48.06682 INFO::Fitting model to feature number 1205, MGYG000324300
2026-01-11 15:38:48.073183 INFO::Fitting model to feature number 1206, MGYG000324807
2026-01-11 15:38:48.077859 INFO::Fitting model to feature number 1207, MGYG000327237
2026-01-11 15:38:48.082422 INFO::Fitting model to feature number 1208, MGYG000327181
2026-01-11 15:38:48.090037 INFO::Fitting model to feature number 1209, CAG-95 sp910577445
2026-01-11 15:38:48.097873 INFO::Fitting model to feature number 1210, CAG-95 sp002492465
2026-01-11 15:38:48.105611 INFO::Fitting model to feature number 1211, CAG-95 sp910587305
2026-01-11 15:38:48.113593 INFO::Fitting model to feature number 1212, CAG-95 sp910587295
2026-01-11 15:38:48.121473 INFO::Fitting model to feature number 1213, MGYG000410955
2026-01-11 15:38:48.129031 INFO::Fitting model to feature number 1214, MGYG000325519
2026-01-11 15:38:48.137049 INFO::Fitting model to feature number 1215, MGYG000325286
2026-01-11 15:38:48.144654 INFO::Fitting model to feature number 1216, CAG-95 sp000403495
2026-01-11 15:38:48.148563 WARNING::Fitting problem for feature 1216 returning NA
2026-01-11 15:38:48.151833 INFO::Fitting model to feature number 1217, CAG-95 sp014804245
2026-01-11 15:38:48.15896 INFO::Fitting model to feature number 1218, MGYG000324752
2026-01-11 15:38:48.161761 INFO::Fitting model to feature number 1219, MGYG000330445
2026-01-11 15:38:48.167355 INFO::Fitting model to feature number 1220, COE1 sp014239155
2026-01-11 15:38:48.17015 INFO::Fitting model to feature number 1221, MGYG000325661
2026-01-11 15:38:48.174777 INFO::Fitting model to feature number 1222, COE1 sp011959805
2026-01-11 15:38:48.177909 INFO::Fitting model to feature number 1223, COE1 sp009774245
2026-01-11 15:38:48.183034 INFO::Fitting model to feature number 1224, MGYG000325434
2026-01-11 15:38:48.188405 INFO::Fitting model to feature number 1225, COE1 sp910577115
2026-01-11 15:38:48.19368 INFO::Fitting model to feature number 1226, COE1 sp000403215
2026-01-11 15:38:48.19975 INFO::Fitting model to feature number 1227, COE1 sp910588595
2026-01-11 15:38:48.203827 INFO::Fitting model to feature number 1228, COE1 sp910586095
2026-01-11 15:38:48.207216 INFO::Fitting model to feature number 1229, MGYG000325380
2026-01-11 15:38:48.210257 WARNING::Fitting problem for feature 1229 returning NA
2026-01-11 15:38:48.213049 INFO::Fitting model to feature number 1230, MGYG000328561
2026-01-11 15:38:48.219392 INFO::Fitting model to feature number 1231, COE1 sp910578795
2026-01-11 15:38:48.222289 WARNING::Fitting problem for feature 1231 returning NA
2026-01-11 15:38:48.224308 INFO::Fitting model to feature number 1232, COE1 sp003513705
2026-01-11 15:38:48.227063 WARNING::Fitting problem for feature 1232 returning NA
2026-01-11 15:38:48.230307 INFO::Fitting model to feature number 1233, Eubacterium_F sp910577295
2026-01-11 15:38:48.23609 INFO::Fitting model to feature number 1234, Eubacterium_F sp910584065
2026-01-11 15:38:48.240519 INFO::Fitting model to feature number 1235, Eubacterium_F sp910584245
2026-01-11 15:38:48.245623 INFO::Fitting model to feature number 1236, Eubacterium_F sp910589665
2026-01-11 15:38:48.248763 WARNING::Fitting problem for feature 1236 returning NA
2026-01-11 15:38:48.251744 INFO::Fitting model to feature number 1237, Eubacterium_F sp910584645
2026-01-11 15:38:48.257048 INFO::Fitting model to feature number 1238, MGYG000327551
2026-01-11 15:38:48.259735 WARNING::Fitting problem for feature 1238 returning NA
2026-01-11 15:38:48.262439 INFO::Fitting model to feature number 1239, VSOB01 sp910585345
2026-01-11 15:38:48.270565 INFO::Fitting model to feature number 1240, VSOB01 sp910589075
2026-01-11 15:38:48.275319 INFO::Fitting model to feature number 1241, Merdisoma sp910587955
2026-01-11 15:38:48.280076 INFO::Fitting model to feature number 1242, MGYG000331110
2026-01-11 15:38:48.287618 INFO::Fitting model to feature number 1243, Eubacterium_J plexicaudatum
2026-01-11 15:38:48.291206 WARNING::Fitting problem for feature 1243 returning NA
2026-01-11 15:38:48.294558 INFO::Fitting model to feature number 1244, Eubacterium_J sp910586445
2026-01-11 15:38:48.298198 WARNING::Fitting problem for feature 1244 returning NA
2026-01-11 15:38:48.301855 INFO::Fitting model to feature number 1245, Eubacterium_J sp910577225
2026-01-11 15:38:48.308805 INFO::Fitting model to feature number 1246, Eubacterium_J sp009774535
2026-01-11 15:38:48.312854 INFO::Fitting model to feature number 1247, Eubacterium_J sp910586225
2026-01-11 15:38:48.317 WARNING::Fitting problem for feature 1247 returning NA
2026-01-11 15:38:48.319977 INFO::Fitting model to feature number 1248, Eubacterium_J sp910584345
2026-01-11 15:38:48.324642 INFO::Fitting model to feature number 1249, MGYG000327547
2026-01-11 15:38:48.332064 INFO::Fitting model to feature number 1250, MGYG000325711
2026-01-11 15:38:48.335206 WARNING::Fitting problem for feature 1250 returning NA
2026-01-11 15:38:48.337704 INFO::Fitting model to feature number 1251, MGYG000324920
2026-01-11 15:38:48.340409 WARNING::Fitting problem for feature 1251 returning NA
2026-01-11 15:38:48.342609 INFO::Fitting model to feature number 1252, Eubacterium_J sp910586045
2026-01-11 15:38:48.345618 WARNING::Fitting problem for feature 1252 returning NA
2026-01-11 15:38:48.348281 INFO::Fitting model to feature number 1253, MGYG000331263
2026-01-11 15:38:48.353987 INFO::Fitting model to feature number 1254, Kineothrix sp910579645
2026-01-11 15:38:48.359257 INFO::Fitting model to feature number 1255, Kineothrix sp023399455
2026-01-11 15:38:48.365169 INFO::Fitting model to feature number 1256, Kineothrix sp910578405
2026-01-11 15:38:48.368067 WARNING::Fitting problem for feature 1256 returning NA
2026-01-11 15:38:48.370169 INFO::Fitting model to feature number 1257, MGBC164599 sp910584115
2026-01-11 15:38:48.373694 INFO::Fitting model to feature number 1258, MGYG000330773
2026-01-11 15:38:48.376643 INFO::Fitting model to feature number 1259, MGYG000323038
2026-01-11 15:38:48.380414 INFO::Fitting model to feature number 1260, Caccovicinus sp910589195
2026-01-11 15:38:48.383911 WARNING::Fitting problem for feature 1260 returning NA
2026-01-11 15:38:48.387074 INFO::Fitting model to feature number 1261, Copromonas sp910585355
2026-01-11 15:38:48.390227 WARNING::Fitting problem for feature 1261 returning NA
2026-01-11 15:38:48.39377 INFO::Fitting model to feature number 1262, MGYG000329350
2026-01-11 15:38:48.40212 INFO::Fitting model to feature number 1263, Copromonas sp900066535
2026-01-11 15:38:48.407726 INFO::Fitting model to feature number 1264, MGYG000346909
2026-01-11 15:38:48.415972 INFO::Fitting model to feature number 1265, Eisenbergiella porci
2026-01-11 15:38:48.420717 INFO::Fitting model to feature number 1266, MGYG000379181
2026-01-11 15:38:48.428389 INFO::Fitting model to feature number 1267, CAG-510 sp910578335
2026-01-11 15:38:48.436996 INFO::Fitting model to feature number 1268, CAG-510 sp910577015
2026-01-11 15:38:48.440006 WARNING::Fitting problem for feature 1268 returning NA
2026-01-11 15:38:48.442578 INFO::Fitting model to feature number 1269, MGYG000325414
2026-01-11 15:38:48.450768 INFO::Fitting model to feature number 1270, MGYG000328974
2026-01-11 15:38:48.455071 INFO::Fitting model to feature number 1271, MGYG000329478
2026-01-11 15:38:48.45896 WARNING::Fitting problem for feature 1271 returning NA
2026-01-11 15:38:48.461755 INFO::Fitting model to feature number 1272, SIG307 sp910577175
2026-01-11 15:38:48.465919 WARNING::Fitting problem for feature 1272 returning NA
2026-01-11 15:38:48.468872 INFO::Fitting model to feature number 1273, Clostridium_Q symbiosum
2026-01-11 15:38:48.473437 INFO::Fitting model to feature number 1274, Clostridium_Q sp009911305
2026-01-11 15:38:48.476683 INFO::Fitting model to feature number 1275, Enterocloster bolteae
2026-01-11 15:38:48.480642 INFO::Fitting model to feature number 1276, MGYG000330164
2026-01-11 15:38:48.484828 INFO::Fitting model to feature number 1277, MGYG000323607
2026-01-11 15:38:48.487893 WARNING::Fitting problem for feature 1277 returning NA
2026-01-11 15:38:48.490079 INFO::Fitting model to feature number 1278, RGIG4057 sp910577675
2026-01-11 15:38:48.494477 INFO::Fitting model to feature number 1279, RGIG8607 sp910588535
2026-01-11 15:38:48.49743 WARNING::Fitting problem for feature 1279 returning NA
2026-01-11 15:38:48.500616 INFO::Fitting model to feature number 1280, MGBC131033 sp910585655
2026-01-11 15:38:48.505874 INFO::Fitting model to feature number 1281, MGYG000409986
2026-01-11 15:38:48.511388 INFO::Fitting model to feature number 1282, MGYG000323124
2026-01-11 15:38:48.515878 WARNING::Fitting problem for feature 1282 returning NA
2026-01-11 15:38:48.519269 INFO::Fitting model to feature number 1283, MGYG000327294
2026-01-11 15:38:48.524759 INFO::Fitting model to feature number 1284, RUG115 sp910578885
2026-01-11 15:38:48.529047 WARNING::Fitting problem for feature 1284 returning NA
2026-01-11 15:38:48.532718 INFO::Fitting model to feature number 1285, MGYG000328329
2026-01-11 15:38:48.538235 INFO::Fitting model to feature number 1286, MGYG000410396
2026-01-11 15:38:48.542714 INFO::Fitting model to feature number 1287, RGIG7193 sp910586125
2026-01-11 15:38:48.547928 INFO::Fitting model to feature number 1288, MGYG000325636
2026-01-11 15:38:48.553769 INFO::Fitting model to feature number 1289, Agathobacter sp910587655
2026-01-11 15:38:48.557589 WARNING::Fitting problem for feature 1289 returning NA
2026-01-11 15:38:48.560597 INFO::Fitting model to feature number 1290, MGYG000410161
2026-01-11 15:38:48.564682 INFO::Fitting model to feature number 1291, MGYG000327199
2026-01-11 15:38:48.568865 WARNING::Fitting problem for feature 1291 returning NA
2026-01-11 15:38:48.571633 INFO::Fitting model to feature number 1292, RGIG3040 sp910585715
2026-01-11 15:38:48.576024 WARNING::Fitting problem for feature 1292 returning NA
2026-01-11 15:38:48.578153 INFO::Fitting model to feature number 1293, Butyrivibrio_A sp000431815
2026-01-11 15:38:48.584776 INFO::Fitting model to feature number 1294, MGYG000325389
2026-01-11 15:38:48.588699 INFO::Fitting model to feature number 1295, CAG-303 sp910577835
2026-01-11 15:38:48.594965 INFO::Fitting model to feature number 1296, CAG-303 sp910584685
2026-01-11 15:38:48.603469 INFO::Fitting model to feature number 1297, MGYG000327534
2026-01-11 15:38:48.607162 WARNING::Fitting problem for feature 1297 returning NA
2026-01-11 15:38:48.610435 INFO::Fitting model to feature number 1298, An181 sp910585545
2026-01-11 15:38:48.614733 INFO::Fitting model to feature number 1299, RGIG3002 sp910579805
2026-01-11 15:38:48.619069 WARNING::Fitting problem for feature 1299 returning NA
2026-01-11 15:38:48.621552 INFO::Fitting model to feature number 1300, MGYG000323516
2026-01-11 15:38:48.629841 INFO::Fitting model to feature number 1301, MGBC120314 sp910584325
2026-01-11 15:38:48.635254 INFO::Fitting model to feature number 1302, MGYG000328392
2026-01-11 15:38:48.639452 WARNING::Fitting problem for feature 1302 returning NA
2026-01-11 15:38:48.642072 INFO::Fitting model to feature number 1303, CAG-632 sp910587045
2026-01-11 15:38:48.645216 WARNING::Fitting problem for feature 1303 returning NA
2026-01-11 15:38:48.647393 INFO::Fitting model to feature number 1304, MGBC136627 sp910585935
2026-01-11 15:38:48.652695 INFO::Fitting model to feature number 1305, MGBC165282 sp910589265
2026-01-11 15:38:48.660019 INFO::Fitting model to feature number 1306, Mediterraneibacter_A sp022790755
2026-01-11 15:38:48.666218 INFO::Fitting model to feature number 1307, Hungatella effluvii
2026-01-11 15:38:48.669216 WARNING::Fitting problem for feature 1307 returning NA
2026-01-11 15:38:48.671207 INFO::Fitting model to feature number 1308, Mobilitalea sp023395555
2026-01-11 15:38:48.674621 INFO::Fitting model to feature number 1309, Fusicatenibacter saccharivorans
2026-01-11 15:38:48.677953 INFO::Fitting model to feature number 1310, CAG-411 sp014799595
2026-01-11 15:38:48.682336 INFO::Fitting model to feature number 1311, MGYG000323744
2026-01-11 15:38:48.686586 WARNING::Fitting problem for feature 1311 returning NA
2026-01-11 15:38:48.689633 INFO::Fitting model to feature number 1312, MGBC143606 sp910587935
2026-01-11 15:38:48.694203 INFO::Fitting model to feature number 1313, C-53 sp003612525
2026-01-11 15:38:48.698247 WARNING::Fitting problem for feature 1313 returning NA
2026-01-11 15:38:48.701406 INFO::Fitting model to feature number 1314, Ruminococcus_B gnavus
2026-01-11 15:38:48.705297 WARNING::Fitting problem for feature 1314 returning NA
2026-01-11 15:38:48.707468 INFO::Fitting model to feature number 1315, Frisingicoccus caecimuris
2026-01-11 15:38:48.71128 WARNING::Fitting problem for feature 1315 returning NA
2026-01-11 15:38:48.713917 INFO::Fitting model to feature number 1316, MGYG000326088
2026-01-11 15:38:48.718993 INFO::Fitting model to feature number 1317, Lawsonibacter sp900066645
2026-01-11 15:38:48.723612 INFO::Fitting model to feature number 1318, MGYG000327494
2026-01-11 15:38:48.727113 WARNING::Fitting problem for feature 1318 returning NA
2026-01-11 15:38:48.729946 INFO::Fitting model to feature number 1319, MGYG000325423
2026-01-11 15:38:48.734966 INFO::Fitting model to feature number 1320, Dysosmobacter sp022797935
2026-01-11 15:38:48.74287 INFO::Fitting model to feature number 1321, MGYG000327261
2026-01-11 15:38:48.747946 INFO::Fitting model to feature number 1322, Dysosmobacter sp910588005
2026-01-11 15:38:48.756096 INFO::Fitting model to feature number 1323, Dysosmobacter sp001916835
2026-01-11 15:38:48.760743 INFO::Fitting model to feature number 1324, Dysosmobacter sp910585165
2026-01-11 15:38:48.76443 WARNING::Fitting problem for feature 1324 returning NA
2026-01-11 15:38:48.768031 INFO::Fitting model to feature number 1325, MGYG000329398
2026-01-11 15:38:48.771575 WARNING::Fitting problem for feature 1325 returning NA
2026-01-11 15:38:48.77419 INFO::Fitting model to feature number 1326, MGYG000322989
2026-01-11 15:38:48.77666 WARNING::Fitting problem for feature 1326 returning NA
2026-01-11 15:38:48.778761 INFO::Fitting model to feature number 1327, MGYG000323872
2026-01-11 15:38:48.782796 INFO::Fitting model to feature number 1328, Pelethomonas sp022797115
2026-01-11 15:38:48.788643 INFO::Fitting model to feature number 1329, Pelethomonas sp910584045
2026-01-11 15:38:48.792198 WARNING::Fitting problem for feature 1329 returning NA
2026-01-11 15:38:48.795758 INFO::Fitting model to feature number 1330, MGYG000325682
2026-01-11 15:38:48.799864 WARNING::Fitting problem for feature 1330 returning NA
2026-01-11 15:38:48.803159 INFO::Fitting model to feature number 1331, MGYG000329870
2026-01-11 15:38:48.810105 INFO::Fitting model to feature number 1332, MGYG000409933
2026-01-11 15:38:48.813436 WARNING::Fitting problem for feature 1332 returning NA
2026-01-11 15:38:48.81644 INFO::Fitting model to feature number 1333, MGYG000325610
2026-01-11 15:38:48.820532 WARNING::Fitting problem for feature 1333 returning NA
2026-01-11 15:38:48.82276 INFO::Fitting model to feature number 1334, Faecousia sp900544705
2026-01-11 15:38:48.826547 INFO::Fitting model to feature number 1335, MGYG000327369
2026-01-11 15:38:48.832041 INFO::Fitting model to feature number 1336, MGYG000327333
2026-01-11 15:38:48.838733 INFO::Fitting model to feature number 1337, Marseille-P3106 sp905219705
2026-01-11 15:38:48.843635 INFO::Fitting model to feature number 1338, Marseille-P3106 sp910577415
2026-01-11 15:38:48.846984 INFO::Fitting model to feature number 1339, MGYG000329177
2026-01-11 15:38:48.850058 WARNING::Fitting problem for feature 1339 returning NA
2026-01-11 15:38:48.852365 INFO::Fitting model to feature number 1340, HGM13010 sp022800755
2026-01-11 15:38:48.857811 INFO::Fitting model to feature number 1341, Flavonifractor plautii
2026-01-11 15:38:48.860853 WARNING::Fitting problem for feature 1341 returning NA
2026-01-11 15:38:48.862916 INFO::Fitting model to feature number 1342, Intestinimonas butyriciproducens
2026-01-11 15:38:48.866589 INFO::Fitting model to feature number 1343, MGBC124762 sp910579775
2026-01-11 15:38:48.870915 INFO::Fitting model to feature number 1344, MGYG000329700
2026-01-11 15:38:48.877302 INFO::Fitting model to feature number 1345, MGYG000323009
2026-01-11 15:38:48.884228 INFO::Fitting model to feature number 1346, MGYG000326780
2026-01-11 15:38:48.888092 WARNING::Fitting problem for feature 1346 returning NA
2026-01-11 15:38:48.891236 INFO::Fitting model to feature number 1347, MGYG000329402
2026-01-11 15:38:48.89629 WARNING::Fitting problem for feature 1347 returning NA
2026-01-11 15:38:48.899692 INFO::Fitting model to feature number 1348, MGYG000411571
2026-01-11 15:38:48.90477 INFO::Fitting model to feature number 1349, MGYG000356933
2026-01-11 15:38:48.911026 INFO::Fitting model to feature number 1350, MGYG000376485
2026-01-11 15:38:48.919375 INFO::Fitting model to feature number 1351, Fimivicinus sp900544375
2026-01-11 15:38:48.922957 WARNING::Fitting problem for feature 1351 returning NA
2026-01-11 15:38:48.925729 INFO::Fitting model to feature number 1352, Ruminococcus_E sp910585865
2026-01-11 15:38:48.930242 INFO::Fitting model to feature number 1353, UBA1417 sp900549945
2026-01-11 15:38:48.935412 INFO::Fitting model to feature number 1354, MGYG000360413
2026-01-11 15:38:48.940064 INFO::Fitting model to feature number 1355, Ruthenibacterium lactatiformans
2026-01-11 15:38:48.944248 INFO::Fitting model to feature number 1356, MGYG000410556
2026-01-11 15:38:48.949237 INFO::Fitting model to feature number 1357, UBA1394 sp900066845
2026-01-11 15:38:48.954101 INFO::Fitting model to feature number 1358, MGYG000410798
2026-01-11 15:38:48.961321 INFO::Fitting model to feature number 1359, MGYG000327515
2026-01-11 15:38:48.9655 INFO::Fitting model to feature number 1360, MGYG000325568
2026-01-11 15:38:48.97201 INFO::Fitting model to feature number 1361, MGYG000325411
2026-01-11 15:38:48.97636 INFO::Fitting model to feature number 1362, MGYG000328314
2026-01-11 15:38:48.980467 INFO::Fitting model to feature number 1363, UBA1405 sp910589145
2026-01-11 15:38:48.984454 INFO::Fitting model to feature number 1364, CAG-115 sp910587135
2026-01-11 15:38:48.991463 INFO::Fitting model to feature number 1365, CAG-115 sp910577365
2026-01-11 15:38:48.995571 INFO::Fitting model to feature number 1366, CAG-115 sp910587465
2026-01-11 15:38:49.002429 INFO::Fitting model to feature number 1367, Faecalibacterium sp900539945
2026-01-11 15:38:49.00735 INFO::Fitting model to feature number 1368, Faecalibacterium longum
2026-01-11 15:38:49.0126 INFO::Fitting model to feature number 1369, Faecalibacterium prausnitzii_F
2026-01-11 15:38:49.017442 INFO::Fitting model to feature number 1370, MGYG000325416
2026-01-11 15:38:49.02394 INFO::Fitting model to feature number 1371, UBA7177 sp910579545
2026-01-11 15:38:49.028458 INFO::Fitting model to feature number 1372, UBA7177 sp910578965
2026-01-11 15:38:49.031905 WARNING::Fitting problem for feature 1372 returning NA
2026-01-11 15:38:49.034437 INFO::Fitting model to feature number 1373, Neobittarella massiliensis
2026-01-11 15:38:49.03941 INFO::Fitting model to feature number 1374, Gemmiger formicilis
2026-01-11 15:38:49.044485 INFO::Fitting model to feature number 1375, UBA866 sp022791945
2026-01-11 15:38:49.047622 WARNING::Fitting problem for feature 1375 returning NA
2026-01-11 15:38:49.050066 INFO::Fitting model to feature number 1376, UMGS1601 sp900545345
2026-01-11 15:38:49.053746 INFO::Fitting model to feature number 1377, MGYG000410783
2026-01-11 15:38:49.056636 INFO::Fitting model to feature number 1378, MGYG000330170
2026-01-11 15:38:49.059427 INFO::Fitting model to feature number 1379, MGYG000330888
2026-01-11 15:38:49.062339 INFO::Fitting model to feature number 1380, QXXE01 sp910586105
2026-01-11 15:38:49.065558 INFO::Fitting model to feature number 1381, MGYG000330847
2026-01-11 15:38:49.068835 INFO::Fitting model to feature number 1382, MGBC161649 sp910587685
2026-01-11 15:38:49.071468 WARNING::Fitting problem for feature 1382 returning NA
2026-01-11 15:38:49.073414 INFO::Fitting model to feature number 1383, Coproplasma sp910586035
2026-01-11 15:38:49.0761 INFO::Fitting model to feature number 1384, Coproplasma sp910579295
2026-01-11 15:38:49.07886 INFO::Fitting model to feature number 1385, Coproplasma sp910585705
2026-01-11 15:38:49.084035 INFO::Fitting model to feature number 1386, Coproplasma sp910576655
2026-01-11 15:38:49.087455 INFO::Fitting model to feature number 1387, MGYG000410549
2026-01-11 15:38:49.089895 WARNING::Fitting problem for feature 1387 returning NA
2026-01-11 15:38:49.091936 INFO::Fitting model to feature number 1388, Coproplasma sp910577555
2026-01-11 15:38:49.094501 WARNING::Fitting problem for feature 1388 returning NA
2026-01-11 15:38:49.096571 INFO::Fitting model to feature number 1389, Gallimonas sp910586985
2026-01-11 15:38:49.100355 INFO::Fitting model to feature number 1390, Gallimonas sp910586365
2026-01-11 15:38:49.10382 INFO::Fitting model to feature number 1391, Gallimonas sp910589015
2026-01-11 15:38:49.107321 INFO::Fitting model to feature number 1392, Gallimonas sp910586825
2026-01-11 15:38:49.110571 INFO::Fitting model to feature number 1393, Gallimonas sp910586675
2026-01-11 15:38:49.114425 INFO::Fitting model to feature number 1394, Anaerocaecibacter sp910579205
2026-01-11 15:38:49.121283 INFO::Fitting model to feature number 1395, Anaerocaecibacter sp910585055
2026-01-11 15:38:49.124519 INFO::Fitting model to feature number 1396, MGBC157735 sp910588155
2026-01-11 15:38:49.130027 INFO::Fitting model to feature number 1397, Pumilibacter sp910579245
2026-01-11 15:38:49.133954 WARNING::Fitting problem for feature 1397 returning NA
2026-01-11 15:38:49.136381 INFO::Fitting model to feature number 1398, UBA11524 sp000437595
2026-01-11 15:38:49.141398 INFO::Fitting model to feature number 1399, MGYG000388556
2026-01-11 15:38:49.146857 INFO::Fitting model to feature number 1400, Zhenpiania sp910583765
2026-01-11 15:38:49.150337 WARNING::Fitting problem for feature 1400 returning NA
2026-01-11 15:38:49.153159 INFO::Fitting model to feature number 1401, RGIG7179 sp022793795
2026-01-11 15:38:49.157286 INFO::Fitting model to feature number 1402, VUNA01 sp002299625
2026-01-11 15:38:49.160134 INFO::Fitting model to feature number 1403, Clostridioides difficile
2026-01-11 15:38:49.165979 INFO::Fitting model to feature number 1404, MGYG000369796
2026-01-11 15:38:49.170943 INFO::Fitting model to feature number 1405, MGYG000411069
2026-01-11 15:38:49.173828 INFO::Fitting model to feature number 1406, MGYG000328055
2026-01-11 15:38:49.178507 INFO::Fitting model to feature number 1407, MGYG000411369
2026-01-11 15:38:49.181882 INFO::Fitting model to feature number 1408, Clostridium sp910588715
2026-01-11 15:38:49.185078 INFO::Fitting model to feature number 1409, CAG-41 sp010206265
2026-01-11 15:38:49.188007 INFO::Fitting model to feature number 1410, Parasutterella excrementihominis
2026-01-11 15:38:49.192621 INFO::Fitting model to feature number 1411, Escherichia coli
2026-01-11 15:38:49.197419 INFO::Fitting model to feature number 1412, Klebsiella michiganensis
2026-01-11 15:38:49.200974 INFO::Fitting model to feature number 1413, MGYG000408998
2026-01-11 15:38:49.205941 INFO::Fitting model to feature number 1414, MGYG000324409
2026-01-11 15:38:49.211592 INFO::Fitting model to feature number 1415, MGYG000366359
2026-01-11 15:38:49.216835 INFO::Fitting model to feature number 1416, MGYG000411437
2026-01-11 15:38:49.221528 INFO::Fitting model to feature number 1417, MGYG000350430
2026-01-11 15:38:49.240376 INFO::Fitting model to feature number 1418, MGYG000346441
2026-01-11 15:38:49.242895 INFO::Fitting model to feature number 1419, MGYG000322940
2026-01-11 15:38:49.246977 INFO::Fitting model to feature number 1420, MGYG000410841
2026-01-11 15:38:49.252298 INFO::Fitting model to feature number 1421, Zag111 sp910584405
2026-01-11 15:38:49.256428 INFO::Fitting model to feature number 1422, Avigastranaerophilus sp910583875
2026-01-11 15:38:49.258798 INFO::Fitting model to feature number 1423, MGYG000405972
2026-01-11 15:38:49.260898 WARNING::Fitting problem for feature 1423 returning NA
2026-01-11 15:38:49.262607 INFO::Fitting model to feature number 1424, MGYG000410710
2026-01-11 15:38:49.265453 INFO::Fitting model to feature number 1425, Acetatifactor muris
2026-01-11 15:38:49.267837 WARNING::Fitting problem for feature 1425 returning NA
2026-01-11 15:38:49.269834 INFO::Fitting model to feature number 1426, Coprocola sp910587735
2026-01-11 15:38:49.27234 INFO::Fitting model to feature number 1427, MGYG000387050
2026-01-11 15:38:49.276479 INFO::Fitting model to feature number 1428, MGYG000326286
2026-01-11 15:38:49.278919 INFO::Fitting model to feature number 1429, Ruminococcus sp900540005
2026-01-11 15:38:49.283787 INFO::Fitting model to feature number 1430, MGYG000369368
2026-01-11 15:38:49.286828 INFO::Fitting model to feature number 1431, MGYG000330830
2026-01-11 15:38:49.291046 INFO::Fitting model to feature number 1432, Coproplasma sp910578195
2026-01-11 15:38:49.297883 INFO::Fitting model to feature number 1433, MGYG000329863
2026-01-11 15:38:49.302153 INFO::Fitting model to feature number 1434, Pseudomonas aeruginosa
2026-01-11 15:38:49.306354 INFO::Fitting model to feature number 1435, C-19 sp022799495
2026-01-11 15:38:49.308506 WARNING::Fitting problem for feature 1435 returning NA
2026-01-11 15:38:49.310217 INFO::Fitting model to feature number 1436, MGBC140090 sp910586805
2026-01-11 15:38:49.314127 INFO::Fitting model to feature number 1437, MGYG000337677
2026-01-11 15:38:49.317189 INFO::Fitting model to feature number 1438, Staphylococcus nepalensis
2026-01-11 15:38:49.320114 INFO::Fitting model to feature number 1439, D16-34 sp910588485
2026-01-11 15:38:49.324206 INFO::Fitting model to feature number 1440, UMGS1502 sp900552365
2026-01-11 15:38:49.326331 WARNING::Fitting problem for feature 1440 returning NA
2026-01-11 15:38:49.327929 INFO::Fitting model to feature number 1441, MGYG000325313
2026-01-11 15:38:49.3319 INFO::Fitting model to feature number 1442, Schaedlerella glycyrrhizinilytica_A
2026-01-11 15:38:49.33678 INFO::Fitting model to feature number 1443, MGYG000322968
2026-01-11 15:38:49.339475 INFO::Fitting model to feature number 1444, Butyribacter sp003612285
2026-01-11 15:38:49.341829 WARNING::Fitting problem for feature 1444 returning NA
2026-01-11 15:38:49.343714 INFO::Fitting model to feature number 1445, Butyribacter sp910580005
2026-01-11 15:38:49.34597 WARNING::Fitting problem for feature 1445 returning NA
2026-01-11 15:38:49.348212 INFO::Fitting model to feature number 1446, MGYG000325492
2026-01-11 15:38:49.350748 WARNING::Fitting problem for feature 1446 returning NA
2026-01-11 15:38:49.353122 INFO::Fitting model to feature number 1447, Acetatifactor sp910578815
2026-01-11 15:38:49.357633 INFO::Fitting model to feature number 1448, Acetatifactor sp910583845
2026-01-11 15:38:49.359941 WARNING::Fitting problem for feature 1448 returning NA
2026-01-11 15:38:49.361933 INFO::Fitting model to feature number 1449, Acetatifactor sp910587755
2026-01-11 15:38:49.36821 INFO::Fitting model to feature number 1450, MGYG000329698
2026-01-11 15:38:49.37478 INFO::Fitting model to feature number 1451, CAG-95 sp009774465
2026-01-11 15:38:49.377311 WARNING::Fitting problem for feature 1451 returning NA
2026-01-11 15:38:49.379782 INFO::Fitting model to feature number 1452, MGYG000410124
2026-01-11 15:38:49.383451 WARNING::Fitting problem for feature 1452 returning NA
2026-01-11 15:38:49.386425 INFO::Fitting model to feature number 1453, UBA2882 sp002362385
2026-01-11 15:38:49.389456 WARNING::Fitting problem for feature 1453 returning NA
2026-01-11 15:38:49.391446 INFO::Fitting model to feature number 1454, MGYG000350270
2026-01-11 15:38:49.395165 INFO::Fitting model to feature number 1455, MGYG000411484
2026-01-11 15:38:49.399566 INFO::Fitting model to feature number 1456, 1XD42-69 sp003612565
2026-01-11 15:38:49.403229 WARNING::Fitting problem for feature 1456 returning NA
2026-01-11 15:38:49.40573 INFO::Fitting model to feature number 1457, MGYG000324730
2026-01-11 15:38:49.408398 WARNING::Fitting problem for feature 1457 returning NA
2026-01-11 15:38:49.410411 INFO::Fitting model to feature number 1458, Blautia_A wexlerae
2026-01-11 15:38:49.413629 INFO::Fitting model to feature number 1459, Bariatricus comes
2026-01-11 15:38:49.41774 INFO::Fitting model to feature number 1460, Wujia sp002493625
2026-01-11 15:38:49.421125 WARNING::Fitting problem for feature 1460 returning NA
2026-01-11 15:38:49.423934 INFO::Fitting model to feature number 1461, MGYG000322947
2026-01-11 15:38:49.427471 WARNING::Fitting problem for feature 1461 returning NA
2026-01-11 15:38:49.430244 INFO::Fitting model to feature number 1462, MGYG000322925
2026-01-11 15:38:49.434452 INFO::Fitting model to feature number 1463, MGYG000325949
2026-01-11 15:38:49.437551 INFO::Fitting model to feature number 1464, Acutalibacter ornithocaccae
2026-01-11 15:38:49.440543 INFO::Fitting model to feature number 1465, Eubacterium_R sp910577195
2026-01-11 15:38:49.44473 INFO::Fitting model to feature number 1466, Avimonas_A sp022800315
2026-01-11 15:38:49.448356 WARNING::Fitting problem for feature 1466 returning NA
2026-01-11 15:38:49.451384 INFO::Fitting model to feature number 1467, UBA3818 sp904397845
2026-01-11 15:38:49.456465 INFO::Fitting model to feature number 1468, MGYG000354216
2026-01-11 15:38:49.462793 INFO::Fitting model to feature number 1469, MGYG000350425
2026-01-11 15:38:49.466858 WARNING::Fitting problem for feature 1469 returning NA
2026-01-11 15:38:49.469885 INFO::Fitting model to feature number 1470, MGYG000340095
2026-01-11 15:38:49.474328 INFO::Fitting model to feature number 1471, MGYG000336507
2026-01-11 15:38:49.47876 INFO::Fitting model to feature number 1472, Agrobacterium pusense
2026-01-11 15:38:49.486152 INFO::Fitting model to feature number 1473, MGYG000325577
2026-01-11 15:38:49.492741 INFO::Fitting model to feature number 1474, MGYG000325533
2026-01-11 15:38:49.496305 WARNING::Fitting problem for feature 1474 returning NA
2026-01-11 15:38:49.499374 INFO::Fitting model to feature number 1475, MGYG000325642
2026-01-11 15:38:49.507039 INFO::Fitting model to feature number 1476, Limisoma sp900544305
2026-01-11 15:38:49.514617 INFO::Fitting model to feature number 1477, MGYG000325376
2026-01-11 15:38:49.519619 INFO::Fitting model to feature number 1478, Alistipes putredinis
2026-01-11 15:38:49.527409 INFO::Fitting model to feature number 1479, MGYG000325739
2026-01-11 15:38:49.531755 INFO::Fitting model to feature number 1480, MGYG000325349
2026-01-11 15:38:49.53926 INFO::Fitting model to feature number 1481, Alistipes onderdonkii
2026-01-11 15:38:49.54444 INFO::Fitting model to feature number 1482, Alistipes sp003979135
2026-01-11 15:38:49.551328 INFO::Fitting model to feature number 1483, Alistipes_A ihumii
2026-01-11 15:38:49.555588 INFO::Fitting model to feature number 1484, Paraprevotella stercorigallinarum
2026-01-11 15:38:49.561817 INFO::Fitting model to feature number 1485, MGYG000325375
2026-01-11 15:38:49.567956 INFO::Fitting model to feature number 1486, UBA2730 sp022793235
2026-01-11 15:38:49.574546 INFO::Fitting model to feature number 1487, Bacillus licheniformis
2026-01-11 15:38:49.58253 INFO::Fitting model to feature number 1488, Mailhella sp910577155
2026-01-11 15:38:49.590874 INFO::Fitting model to feature number 1489, COE1 sp910586405
2026-01-11 15:38:49.597066 INFO::Fitting model to feature number 1490, MGYG000329391
2026-01-11 15:38:49.603372 INFO::Fitting model to feature number 1491, MGYG000327122
2026-01-11 15:38:49.608579 INFO::Fitting model to feature number 1492, MGYG000324350
2026-01-11 15:38:49.613809 INFO::Fitting model to feature number 1493, Copromonas sp000435795
2026-01-11 15:38:49.62138 INFO::Fitting model to feature number 1494, Kineothrix sp910586275
2026-01-11 15:38:49.628894 INFO::Fitting model to feature number 1495, MGYG000327375
2026-01-11 15:38:49.636729 INFO::Fitting model to feature number 1496, MGYG000331235
2026-01-11 15:38:49.640367 WARNING::Fitting problem for feature 1496 returning NA
2026-01-11 15:38:49.643365 INFO::Fitting model to feature number 1497, MGYG000411179
2026-01-11 15:38:49.647483 WARNING::Fitting problem for feature 1497 returning NA
2026-01-11 15:38:49.651595 INFO::Fitting model to feature number 1498, MGYG000323634
2026-01-11 15:38:49.655641 WARNING::Fitting problem for feature 1498 returning NA
2026-01-11 15:38:49.658464 INFO::Fitting model to feature number 1499, Escherichia ruysiae
2026-01-11 15:38:49.665616 INFO::Fitting model to feature number 1500, Klebsiella variicola
2026-01-11 15:38:49.671793 INFO::Fitting model to feature number 1501, UBA7185 sp910585405
2026-01-11 15:38:49.67486 INFO::Fitting model to feature number 1502, Streptococcus danieliae
2026-01-11 15:38:49.67759 WARNING::Fitting problem for feature 1502 returning NA
2026-01-11 15:38:49.680428 INFO::Fitting model to feature number 1503, MGYG000325510
2026-01-11 15:38:49.68442 WARNING::Fitting problem for feature 1503 returning NA
2026-01-11 15:38:49.687433 INFO::Fitting model to feature number 1504, MGBC107952 sp910578855
2026-01-11 15:38:49.691164 WARNING::Fitting problem for feature 1504 returning NA
2026-01-11 15:38:49.693938 INFO::Fitting model to feature number 1505, MGYG000322996
2026-01-11 15:38:49.697697 WARNING::Fitting problem for feature 1505 returning NA
2026-01-11 15:38:49.70071 INFO::Fitting model to feature number 1506, Niallia sp001076885
2026-01-11 15:38:49.707659 INFO::Fitting model to feature number 1507, MGYG000387335
2026-01-11 15:38:49.71488 INFO::Fitting model to feature number 1508, UBA3282 sp910586615
2026-01-11 15:38:49.722452 INFO::Fitting model to feature number 1509, UBA3282 sp910584965
2026-01-11 15:38:49.726144 WARNING::Fitting problem for feature 1509 returning NA
2026-01-11 15:38:49.729075 INFO::Fitting model to feature number 1510, MGYG000325483
2026-01-11 15:38:49.736166 INFO::Fitting model to feature number 1511, MGYG000325802
2026-01-11 15:38:49.740786 INFO::Fitting model to feature number 1512, UBA3282 sp910578715
2026-01-11 15:38:49.745497 INFO::Fitting model to feature number 1513, UBA3282 sp910578475
2026-01-11 15:38:49.750512 INFO::Fitting model to feature number 1514, MGYG000325455
2026-01-11 15:38:49.755201 INFO::Fitting model to feature number 1515, MGYG000330215
2026-01-11 15:38:49.7624 INFO::Fitting model to feature number 1516, Eubacterium_F sp910583555
2026-01-11 15:38:49.766664 WARNING::Fitting problem for feature 1516 returning NA
2026-01-11 15:38:49.769852 INFO::Fitting model to feature number 1517, 14-2 sp910588885
2026-01-11 15:38:49.777129 INFO::Fitting model to feature number 1518, MGYG000325200
2026-01-11 15:38:49.780043 WARNING::Fitting problem for feature 1518 returning NA
2026-01-11 15:38:49.782862 INFO::Fitting model to feature number 1519, COE1 sp910588755
2026-01-11 15:38:49.786778 INFO::Fitting model to feature number 1520, COE1 sp009774375
2026-01-11 15:38:49.789597 WARNING::Fitting problem for feature 1520 returning NA
2026-01-11 15:38:49.79182 INFO::Fitting model to feature number 1521, MGYG000324875
2026-01-11 15:38:49.79463 WARNING::Fitting problem for feature 1521 returning NA
2026-01-11 15:38:49.796908 INFO::Fitting model to feature number 1522, CAG-510 sp003979355
2026-01-11 15:38:49.800749 INFO::Fitting model to feature number 1523, RGIG4057 sp910585065
2026-01-11 15:38:49.804362 INFO::Fitting model to feature number 1524, CAG-603 sp022794265
2026-01-11 15:38:49.807491 WARNING::Fitting problem for feature 1524 returning NA
2026-01-11 15:38:49.809818 INFO::Fitting model to feature number 1525, MGYG000325692
2026-01-11 15:38:49.813284 INFO::Fitting model to feature number 1526, MGYG000328520
2026-01-11 15:38:49.816787 WARNING::Fitting problem for feature 1526 returning NA
2026-01-11 15:38:49.819343 INFO::Fitting model to feature number 1527, MGYG000325327
2026-01-11 15:38:49.823563 INFO::Fitting model to feature number 1528, MGYG000325605
2026-01-11 15:38:49.827442 INFO::Fitting model to feature number 1529, MGYG000410975
2026-01-11 15:38:49.831318 INFO::Fitting model to feature number 1530, MGYG000360335
2026-01-11 15:38:49.838208 INFO::Fitting model to feature number 1531, MGYG000324400
2026-01-11 15:38:49.842143 INFO::Fitting model to feature number 1532, MGYG000357081
2026-01-11 15:38:49.847379 INFO::Fitting model to feature number 1533, MGYG000410809
2026-01-11 15:38:49.851336 WARNING::Fitting problem for feature 1533 returning NA
2026-01-11 15:38:49.853919 INFO::Fitting model to feature number 1534, Anaerotardibacter sp000434775
2026-01-11 15:38:49.857239 INFO::Fitting model to feature number 1535, MGYG000325716
2026-01-11 15:38:49.862865 INFO::Fitting model to feature number 1536, Eubacterium_F sp910589595
2026-01-11 15:38:49.866711 INFO::Fitting model to feature number 1537, Acetatifactor sp910584435
2026-01-11 15:38:49.869856 WARNING::Fitting problem for feature 1537 returning NA
2026-01-11 15:38:49.871939 INFO::Fitting model to feature number 1538, Butyribacter sp003611745
2026-01-11 15:38:49.875015 INFO::Fitting model to feature number 1539, MGYG000410930
2026-01-11 15:38:49.881693 INFO::Fitting model to feature number 1540, MGYG000328377
2026-01-11 15:38:49.886465 INFO::Fitting model to feature number 1541, Dorea_A longicatena
2026-01-11 15:38:49.890562 WARNING::Fitting problem for feature 1541 returning NA
2026-01-11 15:38:49.893672 INFO::Fitting model to feature number 1542, MGYG000323390
2026-01-11 15:38:49.89686 WARNING::Fitting problem for feature 1542 returning NA
2026-01-11 15:38:49.900232 INFO::Fitting model to feature number 1543, Evtepia sp004556345
2026-01-11 15:38:49.904303 WARNING::Fitting problem for feature 1543 returning NA
2026-01-11 15:38:49.907551 INFO::Fitting model to feature number 1544, Evtepia gabavorous
2026-01-11 15:38:49.911766 INFO::Fitting model to feature number 1545, Eubacterium_R sp009774735
2026-01-11 15:38:49.916386 INFO::Fitting model to feature number 1546, MGYG000325665
2026-01-11 15:38:49.923883 INFO::Fitting model to feature number 1547, MGYG000325508
2026-01-11 15:38:49.927901 INFO::Fitting model to feature number 1548, MGYG000327115
2026-01-11 15:38:49.932128 INFO::Fitting model to feature number 1549, MGYG000358052
2026-01-11 15:38:49.936664 INFO::Fitting model to feature number 1550, MGYG000325728
2026-01-11 15:38:49.940527 WARNING::Fitting problem for feature 1550 returning NA
2026-01-11 15:38:49.943612 INFO::Fitting model to feature number 1551, MGYG000410730
2026-01-11 15:38:49.947854 INFO::Fitting model to feature number 1552, MGYG000325708
2026-01-11 15:38:49.951768 WARNING::Fitting problem for feature 1552 returning NA
2026-01-11 15:38:49.955127 INFO::Fitting model to feature number 1553, MGYG000383351
2026-01-11 15:38:49.959167 WARNING::Fitting problem for feature 1553 returning NA
2026-01-11 15:38:49.962124 INFO::Fitting model to feature number 1554, MGYG000328450
2026-01-11 15:38:49.966508 INFO::Fitting model to feature number 1555, MGYG000410978
2026-01-11 15:38:49.970521 WARNING::Fitting problem for feature 1555 returning NA
2026-01-11 15:38:49.973472 INFO::Fitting model to feature number 1556, Agathobacter rectalis
2026-01-11 15:38:49.977768 INFO::Fitting model to feature number 1557, MGBC114844 sp910585855
2026-01-11 15:38:49.981808 INFO::Fitting model to feature number 1558, JAAVZI01 sp022791575
2026-01-11 15:38:49.985603 WARNING::Fitting problem for feature 1558 returning NA
2026-01-11 15:38:49.98888 INFO::Fitting model to feature number 1559, MGYG000411499
2026-01-11 15:38:49.993696 INFO::Fitting model to feature number 1560, CAJFUH01 sp022799115
2026-01-11 15:38:49.997695 WARNING::Fitting problem for feature 1560 returning NA
2026-01-11 15:38:50.000975 INFO::Fitting model to feature number 1561, QAKD01 sp022793975
2026-01-11 15:38:50.005118 WARNING::Fitting problem for feature 1561 returning NA
2026-01-11 15:38:50.008336 INFO::Fitting model to feature number 1562, Dielma fastidiosa
2026-01-11 15:38:50.012718 WARNING::Fitting problem for feature 1562 returning NA
2026-01-11 15:38:50.016242 INFO::Fitting model to feature number 1563, MGYG000330584
2026-01-11 15:38:50.020865 WARNING::Fitting problem for feature 1563 returning NA
2026-01-11 15:38:50.024681 INFO::Fitting model to feature number 1564, MGYG000410602
2026-01-11 15:38:50.029321 WARNING::Fitting problem for feature 1564 returning NA
2026-01-11 15:38:50.032777 INFO::Fitting model to feature number 1565, Howiella sp022791355
2026-01-11 15:38:50.041588 INFO::Fitting model to feature number 1566, QXXE01 sp910589115
2026-01-11 15:38:50.046017 WARNING::Fitting problem for feature 1566 returning NA
2026-01-11 15:38:50.049429 INFO::Fitting model to feature number 1567, Anaerocaecibacter sp910587805
2026-01-11 15:38:50.053893 WARNING::Fitting problem for feature 1567 returning NA
2026-01-11 15:38:50.05641 INFO::Fitting model to feature number 1568, MGYG000376566
2026-01-11 15:38:50.063252 INFO::Fitting model to feature number 1569, CAG-267 sp910576955
2026-01-11 15:38:50.070881 INFO::Fitting model to feature number 1570, MGYG000335208
2026-01-11 15:38:50.074907 WARNING::Fitting problem for feature 1570 returning NA
2026-01-11 15:38:50.078421 INFO::Fitting model to feature number 1571, MGYG000325474
2026-01-11 15:38:50.081948 WARNING::Fitting problem for feature 1571 returning NA
2026-01-11 15:38:50.084589 INFO::Fitting model to feature number 1572, Gallimonas sp910588465
2026-01-11 15:38:50.088372 INFO::Fitting model to feature number 1573, MGYG000325340
2026-01-11 15:38:50.092137 WARNING::Fitting problem for feature 1573 returning NA
2026-01-11 15:38:50.094924 INFO::Fitting model to feature number 1574, MGYG000325552
2026-01-11 15:38:50.09967 INFO::Fitting model to feature number 1575, MGYG000328455
2026-01-11 15:38:50.104594 INFO::Fitting model to feature number 1576, MGYG000330031
2026-01-11 15:38:50.108003 INFO::Fitting model to feature number 1577, UBA3818 sp910578255
2026-01-11 15:38:50.111193 WARNING::Fitting problem for feature 1577 returning NA
2026-01-11 15:38:50.114509 INFO::Fitting model to feature number 1578, MGYG000344714
2026-01-11 15:38:50.122192 INFO::Fitting model to feature number 1579, Atopostipes sp910588235
2026-01-11 15:38:50.125647 WARNING::Fitting problem for feature 1579 returning NA
2026-01-11 15:38:50.127835 INFO::Fitting model to feature number 1580, MGBC119817 sp910585335
2026-01-11 15:38:50.131515 WARNING::Fitting problem for feature 1580 returning NA
2026-01-11 15:38:50.134461 INFO::Fitting model to feature number 1581, MGYG000325412
2026-01-11 15:38:50.138081 INFO::Fitting model to feature number 1582, MGYG000329682
2026-01-11 15:38:50.142238 WARNING::Fitting problem for feature 1582 returning NA
2026-01-11 15:38:50.144566 INFO::Fitting model to feature number 1583, Streptococcus sp000187445
2026-01-11 15:38:50.153017 INFO::Fitting model to feature number 1584, Mycobacterium aubagnense
2026-01-11 15:38:50.159933 INFO::Fitting model to feature number 1585, Pseudomonas_E shahriarae
2026-01-11 15:38:50.163509 WARNING::Fitting problem for feature 1585 returning NA
2026-01-11 15:38:50.368383 INFO::Performing tests against medians
2026-01-11 15:38:58.417433 INFO::Counting total values for each feature
2026-01-11 15:38:58.499866 INFO::Running the logistic model component
2026-01-11 15:38:58.504154 DEBUG::Object: augment, Size: 56
2026-01-11 15:38:58.504649 DEBUG::Object: cluster, Size: 0
2026-01-11 15:38:58.505221 DEBUG::Object: cores, Size: 56
2026-01-11 15:38:58.50588 DEBUG::Object: correction, Size: 112
2026-01-11 15:38:58.506592 DEBUG::Object: extract_out, Size: 1416
2026-01-11 15:38:58.50698 DEBUG::Object: feature_specific_covariate, Size: 0
2026-01-11 15:38:58.50726 DEBUG::Object: feature_specific_covariate_name, Size: 0
2026-01-11 15:38:58.507522 DEBUG::Object: feature_specific_covariate_record, Size: 0
2026-01-11 15:38:58.507861 DEBUG::Object: features, Size: 348288
2026-01-11 15:38:58.508118 DEBUG::Object: formula, Size: 1008
2026-01-11 15:38:58.508395 DEBUG::Object: fun_list, Size: 70920
2026-01-11 15:38:58.508761 DEBUG::Object: func_to_run, Size: 435336
2026-01-11 15:38:58.509132 DEBUG::Object: groups, Size: 48
2026-01-11 15:38:58.509514 DEBUG::Object: median_comparison, Size: 56
2026-01-11 15:38:58.509873 DEBUG::Object: median_comparison_threshold, Size: 56
2026-01-11 15:38:58.510162 DEBUG::Object: metadata, Size: 7312
2026-01-11 15:38:58.510416 DEBUG::Object: model, Size: 120
2026-01-11 15:38:58.510686 DEBUG::Object: model_function, Size: 21016
2026-01-11 15:38:58.510932 DEBUG::Object: ordereds, Size: 48
2026-01-11 15:38:58.511168 DEBUG::Object: random_effects_formula, Size: 0
2026-01-11 15:38:58.511405 DEBUG::Object: ranef_function, Size: 0
2026-01-11 15:38:58.511667 DEBUG::Object: save_models, Size: 56
2026-01-11 15:38:58.511922 DEBUG::Object: small_random_effects, Size: 56
2026-01-11 15:38:58.512171 DEBUG::Object: strata, Size: 48
2026-01-11 15:38:58.51242 DEBUG::Object: subtract_median, Size: 56
2026-01-11 15:38:58.512701 DEBUG::Object: summary_function, Size: 49424
2026-01-11 15:38:58.513141 DEBUG::Object: func_to_run, Size: 435336
2026-01-11 15:38:58.51352 INFO::Fitting model to feature number 1, Akkermansia muciniphila_A
2026-01-11 15:38:58.515349 INFO::Fitting model to feature number 2, Akkermansia muciniphila
2026-01-11 15:38:58.518285 INFO::Fitting model to feature number 3, Faecalibaculum rodentium
2026-01-11 15:38:58.521138 INFO::Fitting model to feature number 4, Pelethenecus sp910579215
2026-01-11 15:38:58.534592 INFO::Fitting model to feature number 5, MGYG000325581
2026-01-11 15:38:58.54237 INFO::Fitting model to feature number 6, Alistipes finegoldii
2026-01-11 15:38:58.544304 INFO::Fitting model to feature number 7, MGYG000325477
2026-01-11 15:38:58.551082 INFO::Fitting model to feature number 8, Paramuribaculum sp001689535
2026-01-11 15:38:58.558326 INFO::Fitting model to feature number 9, Paramuribaculum sp910587425
2026-01-11 15:38:58.565566 INFO::Fitting model to feature number 10, Muribaculum intestinale
2026-01-11 15:38:58.56759 INFO::Fitting model to feature number 11, NM07-P-09 sp004793925
2026-01-11 15:38:58.569549 INFO::Fitting model to feature number 12, ZJ304 sp910584145
2026-01-11 15:38:58.577614 INFO::Fitting model to feature number 13, Bifidobacterium globosum
2026-01-11 15:38:58.586836 INFO::Fitting model to feature number 14, MGYG000333678
2026-01-11 15:38:58.589603 INFO::Fitting model to feature number 15, Schaedlerella sp910575475
2026-01-11 15:38:58.597913 INFO::Fitting model to feature number 16, Lawsonibacter sp910588635
2026-01-11 15:38:58.599919 INFO::Fitting model to feature number 17, MGBC122484 sp910587055
2026-01-11 15:38:58.607678 INFO::Fitting model to feature number 18, Desulfovibrio sp009773975
2026-01-11 15:38:58.609837 INFO::Fitting model to feature number 19, NM07-P-09 sp004793665
2026-01-11 15:38:58.611678 INFO::Fitting model to feature number 20, MGBC105563 sp910579165
2026-01-11 15:38:58.618836 INFO::Fitting model to feature number 21, MGYG000327895
2026-01-11 15:38:58.626899 INFO::Fitting model to feature number 22, Paratractidigestivibacter faecalis
2026-01-11 15:38:58.633681 INFO::Fitting model to feature number 23, Paratractidigestivibacter sp900540955
2026-01-11 15:38:58.641428 INFO::Fitting model to feature number 24, MGYG000330582
2026-01-11 15:38:58.648733 INFO::Fitting model to feature number 25, MGYG000329032
2026-01-11 15:38:58.658722 INFO::Fitting model to feature number 26, Adlercreutzia muris
2026-01-11 15:38:58.666782 INFO::Fitting model to feature number 27, Adlercreutzia caecimuris
2026-01-11 15:38:58.676739 INFO::Fitting model to feature number 28, Adlercreutzia mucosicola
2026-01-11 15:38:58.685783 INFO::Fitting model to feature number 29, MGYG000329825
2026-01-11 15:38:58.69671 INFO::Fitting model to feature number 30, Adlercreutzia hattorii
2026-01-11 15:38:58.707922 INFO::Fitting model to feature number 31, Adlercreutzia sp910589165
2026-01-11 15:38:58.718107 INFO::Fitting model to feature number 32, MGYG000329537
2026-01-11 15:38:58.727731 INFO::Fitting model to feature number 33, MGYG000327852
2026-01-11 15:38:58.734909 INFO::Fitting model to feature number 34, Adlercreutzia sp910585575
2026-01-11 15:38:58.743135 INFO::Fitting model to feature number 35, MGBC163016 sp910588205
2026-01-11 15:38:58.750537 INFO::Fitting model to feature number 36, MGBC163016 sp910589135
2026-01-11 15:38:58.759654 INFO::Fitting model to feature number 37, MGBC163016 sp910588945
2026-01-11 15:38:58.767306 INFO::Fitting model to feature number 38, MGBC163016 sp910588905
2026-01-11 15:38:58.776162 INFO::Fitting model to feature number 39, MGYG000329984
2026-01-11 15:38:58.78475 INFO::Fitting model to feature number 40, MGYG000328464
2026-01-11 15:38:58.791741 INFO::Fitting model to feature number 41, MGYG000366993
2026-01-11 15:38:58.798358 INFO::Fitting model to feature number 42, MGBC163016 sp910585565
2026-01-11 15:38:58.804598 INFO::Fitting model to feature number 43, MGBC163016 sp910589125
2026-01-11 15:38:58.811685 INFO::Fitting model to feature number 44, MGYG000328353
2026-01-11 15:38:58.817813 INFO::Fitting model to feature number 45, MGBC163016 sp910580205
2026-01-11 15:38:58.824608 INFO::Fitting model to feature number 46, MGBC163016 sp910588985
2026-01-11 15:38:58.831392 INFO::Fitting model to feature number 47, MGBC163016 sp910588435
2026-01-11 15:38:58.837501 INFO::Fitting model to feature number 48, D16-63 sp910588095
2026-01-11 15:38:58.844591 INFO::Fitting model to feature number 49, MGYG000328321
2026-01-11 15:38:58.850838 INFO::Fitting model to feature number 50, MGYG000410711
2026-01-11 15:38:58.857755 INFO::Fitting model to feature number 51, Enterorhabdus sp009911695
2026-01-11 15:38:58.864253 INFO::Fitting model to feature number 52, MGYG000329834
2026-01-11 15:38:58.870117 INFO::Fitting model to feature number 53, Enterorhabdus sp910589695
2026-01-11 15:38:58.876972 INFO::Fitting model to feature number 54, D16-34 sp910575165
2026-01-11 15:38:58.884191 INFO::Fitting model to feature number 55, D16-34 sp003612515
2026-01-11 15:38:58.893216 INFO::Fitting model to feature number 56, D16-34 sp910577495
2026-01-11 15:38:58.902146 INFO::Fitting model to feature number 57, ZJ304 sp943192905
2026-01-11 15:38:58.913737 INFO::Fitting model to feature number 58, MGYG000401219
2026-01-11 15:38:58.924247 INFO::Fitting model to feature number 59, Parvibacter caecicola
2026-01-11 15:38:58.935534 INFO::Fitting model to feature number 60, Parvibacter sp910587945
2026-01-11 15:38:58.946687 INFO::Fitting model to feature number 61, MGYG000329896
2026-01-11 15:38:58.95572 INFO::Fitting model to feature number 62, Parvibacter sp910588725
2026-01-11 15:38:58.966739 INFO::Fitting model to feature number 63, MGYG000328306
2026-01-11 15:38:58.977492 INFO::Fitting model to feature number 64, MGYG000328451
2026-01-11 15:38:58.987677 INFO::Fitting model to feature number 65, Anaerotardibacter sp000435675
2026-01-11 15:38:58.997244 INFO::Fitting model to feature number 66, Anaerotardibacter sp900753095
2026-01-11 15:38:59.005104 INFO::Fitting model to feature number 67, Gordonibacter pamelaeae
2026-01-11 15:38:59.014387 INFO::Fitting model to feature number 68, Eggerthella lenta
2026-01-11 15:38:59.026157 INFO::Fitting model to feature number 69, Ellagibacter isourolithinifaciens
2026-01-11 15:38:59.038779 INFO::Fitting model to feature number 70, Senegalimassilia faecalis
2026-01-11 15:38:59.047115 INFO::Fitting model to feature number 71, Slackia_A isoflavoniconvertens
2026-01-11 15:38:59.056618 INFO::Fitting model to feature number 72, Collinsella aerofaciens_J
2026-01-11 15:38:59.0662 INFO::Fitting model to feature number 73, Enorma burkinafasonensis
2026-01-11 15:38:59.077245 INFO::Fitting model to feature number 74, MGYG000410812
2026-01-11 15:38:59.085783 INFO::Fitting model to feature number 75, UMGS124 sp900555105
2026-01-11 15:38:59.096127 INFO::Fitting model to feature number 76, Bifidobacterium animalis
2026-01-11 15:38:59.103791 INFO::Fitting model to feature number 77, Bifidobacterium adolescentis
2026-01-11 15:38:59.112363 INFO::Fitting model to feature number 78, Bifidobacterium pseudocatenulatum
2026-01-11 15:38:59.120549 INFO::Fitting model to feature number 79, Bifidobacterium bifidum
2026-01-11 15:38:59.131537 INFO::Fitting model to feature number 80, Bifidobacterium longum
2026-01-11 15:38:59.14316 INFO::Fitting model to feature number 81, MGYG000329693
2026-01-11 15:38:59.153347 INFO::Fitting model to feature number 82, Paramuribaculum intestinale
2026-01-11 15:38:59.165774 INFO::Fitting model to feature number 83, Paramuribaculum sp001689565
2026-01-11 15:38:59.177483 INFO::Fitting model to feature number 84, Paramuribaculum sp910579675
2026-01-11 15:38:59.189153 INFO::Fitting model to feature number 85, MGYG000329858
2026-01-11 15:38:59.200404 INFO::Fitting model to feature number 86, Paramuribaculum sp910578805
2026-01-11 15:38:59.211012 INFO::Fitting model to feature number 87, MGYG000325717
2026-01-11 15:38:59.222171 INFO::Fitting model to feature number 88, Paramuribaculum sp910579185
2026-01-11 15:38:59.233155 INFO::Fitting model to feature number 89, MGYG000329300
2026-01-11 15:38:59.242437 INFO::Fitting model to feature number 90, Paramuribaculum sp009775605
2026-01-11 15:38:59.251273 INFO::Fitting model to feature number 91, Paramuribaculum sp910586475
2026-01-11 15:38:59.261955 INFO::Fitting model to feature number 92, MGYG000325727
2026-01-11 15:38:59.272466 INFO::Fitting model to feature number 93, Paramuribaculum sp910588065
2026-01-11 15:38:59.282994 INFO::Fitting model to feature number 94, Paramuribaculum sp910578305
2026-01-11 15:38:59.291917 INFO::Fitting model to feature number 95, Paramuribaculum sp910587185
2026-01-11 15:38:59.302841 INFO::Fitting model to feature number 96, Paramuribaculum sp910577465
2026-01-11 15:38:59.315584 INFO::Fitting model to feature number 97, Paramuribaculum sp910586895
2026-01-11 15:38:59.326782 INFO::Fitting model to feature number 98, Paramuribaculum sp910589095
2026-01-11 15:38:59.337297 INFO::Fitting model to feature number 99, Paramuribaculum sp014800945
2026-01-11 15:38:59.349366 INFO::Fitting model to feature number 100, MGYG000325457
2026-01-11 15:38:59.361348 INFO::Fitting model to feature number 101, Paramuribaculum sp014802045
2026-01-11 15:38:59.373668 INFO::Fitting model to feature number 102, MGYG000325750
2026-01-11 15:38:59.385823 INFO::Fitting model to feature number 103, MGYG000325361
2026-01-11 15:38:59.397662 INFO::Fitting model to feature number 104, Paramuribaculum sp014801865
2026-01-11 15:38:59.409332 INFO::Fitting model to feature number 105, Paramuribaculum sp014801655
2026-01-11 15:38:59.421059 INFO::Fitting model to feature number 106, MGYG000325540
2026-01-11 15:38:59.432543 INFO::Fitting model to feature number 107, Duncaniella sp910576785
2026-01-11 15:38:59.43547 INFO::Fitting model to feature number 108, Duncaniella dubosii
2026-01-11 15:38:59.44531 INFO::Fitting model to feature number 109, Duncaniella sp910589485
2026-01-11 15:38:59.447423 INFO::Fitting model to feature number 110, Duncaniella sp001689575
2026-01-11 15:38:59.455935 INFO::Fitting model to feature number 111, Duncaniella muris
2026-01-11 15:38:59.465768 INFO::Fitting model to feature number 112, Duncaniella sp910578445
2026-01-11 15:38:59.474444 INFO::Fitting model to feature number 113, Duncaniella freteri
2026-01-11 15:38:59.476655 INFO::Fitting model to feature number 114, Duncaniella sp910578515
2026-01-11 15:38:59.483913 INFO::Fitting model to feature number 115, Duncaniella sp910577255
2026-01-11 15:38:59.492214 INFO::Fitting model to feature number 116, Duncaniella sp910577345
2026-01-11 15:38:59.501379 INFO::Fitting model to feature number 117, Duncaniella sp910577335
2026-01-11 15:38:59.509977 INFO::Fitting model to feature number 118, MGYG000325799
2026-01-11 15:38:59.519886 INFO::Fitting model to feature number 119, Duncaniella sp014802345
2026-01-11 15:38:59.53053 INFO::Fitting model to feature number 120, Duncaniella sp910578615
2026-01-11 15:38:59.537927 INFO::Fitting model to feature number 121, MGYG000325465
2026-01-11 15:38:59.546809 INFO::Fitting model to feature number 122, Duncaniella sp910586305
2026-01-11 15:38:59.55342 INFO::Fitting model to feature number 123, Duncaniella sp001689495
2026-01-11 15:38:59.561202 INFO::Fitting model to feature number 124, MGYG000327170
2026-01-11 15:38:59.567701 INFO::Fitting model to feature number 125, Duncaniella sp910584825
2026-01-11 15:38:59.574835 INFO::Fitting model to feature number 126, Duncaniella sp910587165
2026-01-11 15:38:59.581552 INFO::Fitting model to feature number 127, MGYG000325518
2026-01-11 15:38:59.588862 INFO::Fitting model to feature number 128, Duncaniella sp002494015
2026-01-11 15:38:59.597532 INFO::Fitting model to feature number 129, Duncaniella sp910587515
2026-01-11 15:38:59.604649 INFO::Fitting model to feature number 130, Duncaniella sp910586665
2026-01-11 15:38:59.612137 INFO::Fitting model to feature number 131, Duncaniella sp014801945
2026-01-11 15:38:59.618397 INFO::Fitting model to feature number 132, Duncaniella sp910588795
2026-01-11 15:38:59.625563 INFO::Fitting model to feature number 133, Duncaniella sp001701225
2026-01-11 15:38:59.632763 INFO::Fitting model to feature number 134, Duncaniella sp014802325
2026-01-11 15:38:59.640488 INFO::Fitting model to feature number 135, Duncaniella sp014802015
2026-01-11 15:38:59.649727 INFO::Fitting model to feature number 136, MGYG000325456
2026-01-11 15:38:59.65823 INFO::Fitting model to feature number 137, MGYG000325723
2026-01-11 15:38:59.667792 INFO::Fitting model to feature number 138, MGYG000325575
2026-01-11 15:38:59.677951 INFO::Fitting model to feature number 139, MGYG000325671
2026-01-11 15:38:59.687732 INFO::Fitting model to feature number 140, CAG-873 sp009775135
2026-01-11 15:38:59.698194 INFO::Fitting model to feature number 141, CAG-873 sp002490635
2026-01-11 15:38:59.708009 INFO::Fitting model to feature number 142, MGYG000328238
2026-01-11 15:38:59.716868 INFO::Fitting model to feature number 143, CAG-873 sp009775265
2026-01-11 15:38:59.724557 INFO::Fitting model to feature number 144, CAG-873 sp011959565
2026-01-11 15:38:59.732235 INFO::Fitting model to feature number 145, CAG-873 sp910578365
2026-01-11 15:38:59.739552 INFO::Fitting model to feature number 146, CAG-873 sp910587235
2026-01-11 15:38:59.749022 INFO::Fitting model to feature number 147, CAG-873 sp009775225
2026-01-11 15:38:59.757439 INFO::Fitting model to feature number 148, CAG-873 sp009775535
2026-01-11 15:38:59.765182 INFO::Fitting model to feature number 149, CAG-873 sp910577315
2026-01-11 15:38:59.772285 INFO::Fitting model to feature number 150, CAG-873 sp910584905
2026-01-11 15:38:59.780348 INFO::Fitting model to feature number 151, CAG-873 sp910587545
2026-01-11 15:38:59.787589 INFO::Fitting model to feature number 152, CAG-873 sp910586455
2026-01-11 15:38:59.796073 INFO::Fitting model to feature number 153, MGYG000324412
2026-01-11 15:38:59.803297 INFO::Fitting model to feature number 154, CAG-873 sp910587915
2026-01-11 15:38:59.811405 INFO::Fitting model to feature number 155, CAG-873 sp001689665
2026-01-11 15:38:59.81941 INFO::Fitting model to feature number 156, CAG-873 sp017624155
2026-01-11 15:38:59.829273 INFO::Fitting model to feature number 157, MGYG000329414
2026-01-11 15:38:59.837993 INFO::Fitting model to feature number 158, CAG-873 sp910578095
2026-01-11 15:38:59.845901 INFO::Fitting model to feature number 159, CAG-873 sp910586975
2026-01-11 15:38:59.853434 INFO::Fitting model to feature number 160, CAG-873 sp001689415
2026-01-11 15:38:59.86309 INFO::Fitting model to feature number 161, MGYG000325453
2026-01-11 15:38:59.872377 INFO::Fitting model to feature number 162, CAG-873 sp910587475
2026-01-11 15:38:59.880298 INFO::Fitting model to feature number 163, CAG-873 sp900550395
2026-01-11 15:38:59.887648 INFO::Fitting model to feature number 164, MGYG000325639
2026-01-11 15:38:59.896061 INFO::Fitting model to feature number 165, CAG-873 sp910576935
2026-01-11 15:38:59.903996 INFO::Fitting model to feature number 166, MGYG000328998
2026-01-11 15:38:59.912758 INFO::Fitting model to feature number 167, CAG-873 sp910578035
2026-01-11 15:38:59.924562 INFO::Fitting model to feature number 168, MGYG000322997
2026-01-11 15:38:59.934631 INFO::Fitting model to feature number 169, MGYG000325431
2026-01-11 15:38:59.945286 INFO::Fitting model to feature number 170, CAG-873 sp905202215
2026-01-11 15:38:59.95615 INFO::Fitting model to feature number 171, CAG-873 sp009775195
2026-01-11 15:38:59.967955 INFO::Fitting model to feature number 172, CAG-873 sp910586995
2026-01-11 15:38:59.978667 INFO::Fitting model to feature number 173, CAG-873 sp910577355
2026-01-11 15:38:59.986664 INFO::Fitting model to feature number 174, MGYG000325570
2026-01-11 15:38:59.996151 INFO::Fitting model to feature number 175, MGYG000325620
2026-01-11 15:39:00.006411 INFO::Fitting model to feature number 176, CAG-873 sp001701165
2026-01-11 15:39:00.017919 INFO::Fitting model to feature number 177, MGYG000325469
2026-01-11 15:39:00.029558 INFO::Fitting model to feature number 178, CAG-873 sp003979155
2026-01-11 15:39:00.041121 INFO::Fitting model to feature number 179, MGYG000325729
2026-01-11 15:39:00.053854 INFO::Fitting model to feature number 180, CAG-873 sp910576775
2026-01-11 15:39:00.066015 INFO::Fitting model to feature number 181, MGYG000325342
2026-01-11 15:39:00.075199 INFO::Fitting model to feature number 182, MGYG000325463
2026-01-11 15:39:00.083076 INFO::Fitting model to feature number 183, CAG-873 sp910587355
2026-01-11 15:39:00.091448 INFO::Fitting model to feature number 184, CAG-873 sp910583525
2026-01-11 15:39:00.102196 INFO::Fitting model to feature number 185, MGYG000328958
2026-01-11 15:39:00.112805 INFO::Fitting model to feature number 186, MGYG000325379
2026-01-11 15:39:00.122339 INFO::Fitting model to feature number 187, CAG-873 sp910584495
2026-01-11 15:39:00.130891 INFO::Fitting model to feature number 188, CAG-873 sp910589055
2026-01-11 15:39:00.138298 INFO::Fitting model to feature number 189, CAG-873 sp910586595
2026-01-11 15:39:00.146677 INFO::Fitting model to feature number 190, MGYG000325473
2026-01-11 15:39:00.154356 INFO::Fitting model to feature number 191, CAG-873 sp910587925
2026-01-11 15:39:00.162956 INFO::Fitting model to feature number 192, CAG-873 sp900555715
2026-01-11 15:39:00.170975 INFO::Fitting model to feature number 193, CAG-873 sp002493945
2026-01-11 15:39:00.179419 INFO::Fitting model to feature number 194, CAG-873 sp002491245
2026-01-11 15:39:00.225168 INFO::Fitting model to feature number 195, MGYG000329571
2026-01-11 15:39:00.234088 INFO::Fitting model to feature number 196, MGYG000325537
2026-01-11 15:39:00.243079 INFO::Fitting model to feature number 197, CAG-485 sp009775365
2026-01-11 15:39:00.251246 INFO::Fitting model to feature number 198, CAG-485 sp002493045
2026-01-11 15:39:00.253313 INFO::Fitting model to feature number 199, CAG-485 sp009775355
2026-01-11 15:39:00.261872 INFO::Fitting model to feature number 200, CAG-485 sp002362485
2026-01-11 15:39:00.270676 INFO::Fitting model to feature number 201, CAG-485 sp002361215
2026-01-11 15:39:00.281961 INFO::Fitting model to feature number 202, CAG-485 sp002491945
2026-01-11 15:39:00.289188 INFO::Fitting model to feature number 203, CAG-485 sp002361155
2026-01-11 15:39:00.2977 INFO::Fitting model to feature number 204, MGYG000410771
2026-01-11 15:39:00.305112 INFO::Fitting model to feature number 205, MGYG000325582
2026-01-11 15:39:00.314927 INFO::Fitting model to feature number 206, CAG-485 sp002493515
2026-01-11 15:39:00.322332 INFO::Fitting model to feature number 207, CAG-485 sp003979075
2026-01-11 15:39:00.331888 INFO::Fitting model to feature number 208, CAG-485 sp001701295
2026-01-11 15:39:00.34055 INFO::Fitting model to feature number 209, MGYG000325475
2026-01-11 15:39:00.350884 INFO::Fitting model to feature number 210, MGYG000327930
2026-01-11 15:39:00.359017 INFO::Fitting model to feature number 211, CAG-485 sp910584055
2026-01-11 15:39:00.367627 INFO::Fitting model to feature number 212, MGYG000325569
2026-01-11 15:39:00.374985 INFO::Fitting model to feature number 213, CAG-485 sp910579845
2026-01-11 15:39:00.381931 INFO::Fitting model to feature number 214, CAG-485 sp910584125
2026-01-11 15:39:00.388767 INFO::Fitting model to feature number 215, CAG-485 sp910578385
2026-01-11 15:39:00.39652 INFO::Fitting model to feature number 216, MGYG000325346
2026-01-11 15:39:00.403272 INFO::Fitting model to feature number 217, MGYG000324474
2026-01-11 15:39:00.410991 INFO::Fitting model to feature number 218, CAG-485 sp910586175
2026-01-11 15:39:00.41818 INFO::Fitting model to feature number 219, MGYG000329437
2026-01-11 15:39:00.426317 INFO::Fitting model to feature number 220, MGYG000325442
2026-01-11 15:39:00.434126 INFO::Fitting model to feature number 221, CAG-485 sp910577585
2026-01-11 15:39:00.445717 INFO::Fitting model to feature number 222, CAG-485 sp009775375
2026-01-11 15:39:00.454615 INFO::Fitting model to feature number 223, MGYG000347897
2026-01-11 15:39:00.466294 INFO::Fitting model to feature number 224, CAG-485 sp910578075
2026-01-11 15:39:00.473749 INFO::Fitting model to feature number 225, CAG-485 sp900554845
2026-01-11 15:39:00.481755 INFO::Fitting model to feature number 226, CAG-485 sp910583775
2026-01-11 15:39:00.489411 INFO::Fitting model to feature number 227, MGYG000325760
2026-01-11 15:39:00.499049 INFO::Fitting model to feature number 228, MGYG000325660
2026-01-11 15:39:00.506996 INFO::Fitting model to feature number 229, CAG-485 sp910584545
2026-01-11 15:39:00.517264 INFO::Fitting model to feature number 230, MGYG000325658
2026-01-11 15:39:00.527645 INFO::Fitting model to feature number 231, CAG-485 sp910584525
2026-01-11 15:39:00.539404 INFO::Fitting model to feature number 232, CAG-485 sp910583795
2026-01-11 15:39:00.547757 INFO::Fitting model to feature number 233, CAG-485 sp910585275
2026-01-11 15:39:00.556277 INFO::Fitting model to feature number 234, MGYG000325481
2026-01-11 15:39:00.564875 INFO::Fitting model to feature number 235, CAG-485 sp910589425
2026-01-11 15:39:00.574128 INFO::Fitting model to feature number 236, CAG-485 sp910588245
2026-01-11 15:39:00.581695 INFO::Fitting model to feature number 237, CAG-485 sp014801815
2026-01-11 15:39:00.588811 INFO::Fitting model to feature number 238, MGYG000329106
2026-01-11 15:39:00.597927 INFO::Fitting model to feature number 239, MGYG000325458
2026-01-11 15:39:00.605263 INFO::Fitting model to feature number 240, MGYG000325710
2026-01-11 15:39:00.613683 INFO::Fitting model to feature number 241, MGYG000325738
2026-01-11 15:39:00.621163 INFO::Fitting model to feature number 242, MGYG000325560
2026-01-11 15:39:00.629902 INFO::Fitting model to feature number 243, CAG-485 sp910579305
2026-01-11 15:39:00.637601 INFO::Fitting model to feature number 244, MGYG000325644
2026-01-11 15:39:00.645788 INFO::Fitting model to feature number 245, CAG-485 sp900760815
2026-01-11 15:39:00.653946 INFO::Fitting model to feature number 246, MGYG000325315
2026-01-11 15:39:00.661823 INFO::Fitting model to feature number 247, MGYG000325633
2026-01-11 15:39:00.668873 INFO::Fitting model to feature number 248, MGYG000325436
2026-01-11 15:39:00.676099 INFO::Fitting model to feature number 249, MGYG000325715
2026-01-11 15:39:00.683765 INFO::Fitting model to feature number 250, MGYG000325350
2026-01-11 15:39:00.69191 INFO::Fitting model to feature number 251, MGYG000325747
2026-01-11 15:39:00.700001 INFO::Fitting model to feature number 252, MGYG000325437
2026-01-11 15:39:00.709225 INFO::Fitting model to feature number 253, CAG-485 sp014800895
2026-01-11 15:39:00.719164 INFO::Fitting model to feature number 254, MGYG000325541
2026-01-11 15:39:00.728067 INFO::Fitting model to feature number 255, MGYG000325479
2026-01-11 15:39:00.739642 INFO::Fitting model to feature number 256, CAG-485 sp910585285
2026-01-11 15:39:00.751627 INFO::Fitting model to feature number 257, CAG-485 sp910584185
2026-01-11 15:39:00.761474 INFO::Fitting model to feature number 258, MGYG000325680
2026-01-11 15:39:00.77111 INFO::Fitting model to feature number 259, MGYG000325622
2026-01-11 15:39:00.782627 INFO::Fitting model to feature number 260, MGYG000325425
2026-01-11 15:39:00.790462 INFO::Fitting model to feature number 261, MGYG000325415
2026-01-11 15:39:00.798953 INFO::Fitting model to feature number 262, CAG-485 sp900550645
2026-01-11 15:39:00.806372 INFO::Fitting model to feature number 263, MGYG000325597
2026-01-11 15:39:00.814817 INFO::Fitting model to feature number 264, MGYG000325446
2026-01-11 15:39:00.822385 INFO::Fitting model to feature number 265, MGYG000325721
2026-01-11 15:39:00.831808 INFO::Fitting model to feature number 266, Muribaculum gordoncarteri
2026-01-11 15:39:00.833911 INFO::Fitting model to feature number 267, Muribaculum sp009775095
2026-01-11 15:39:00.835845 INFO::Fitting model to feature number 268, Muribaculum sp002473395
2026-01-11 15:39:00.843777 INFO::Fitting model to feature number 269, Muribaculum faecis
2026-01-11 15:39:00.853377 INFO::Fitting model to feature number 270, MGYG000325310
2026-01-11 15:39:00.861368 INFO::Fitting model to feature number 271, Muribaculum sp910587665
2026-01-11 15:39:00.868622 INFO::Fitting model to feature number 272, Muribaculum sp001701195
2026-01-11 15:39:00.875927 INFO::Fitting model to feature number 273, Muribaculum sp910578785
2026-01-11 15:39:00.883831 INFO::Fitting model to feature number 274, Muribaculum sp910589555
2026-01-11 15:39:00.890852 INFO::Fitting model to feature number 275, Muribaculum arabinoxylanisolvens
2026-01-11 15:39:00.898237 INFO::Fitting model to feature number 276, Muribaculum sp003150235
2026-01-11 15:39:00.905479 INFO::Fitting model to feature number 277, MGYG000328540
2026-01-11 15:39:00.914044 INFO::Fitting model to feature number 278, Muribaculum sp910583865
2026-01-11 15:39:00.922858 INFO::Fitting model to feature number 279, Muribaculum sp910578835
2026-01-11 15:39:00.933223 INFO::Fitting model to feature number 280, Muribaculum sp001701065
2026-01-11 15:39:00.94187 INFO::Fitting model to feature number 281, MGYG000328957
2026-01-11 15:39:00.950576 INFO::Fitting model to feature number 282, UBA7173 sp001689485
2026-01-11 15:39:00.958818 INFO::Fitting model to feature number 283, UBA7173 sp001689685
2026-01-11 15:39:00.966666 INFO::Fitting model to feature number 284, UBA7173 sp002491305
2026-01-11 15:39:00.97638 INFO::Fitting model to feature number 285, UBA7173 sp013316675
2026-01-11 15:39:00.985064 INFO::Fitting model to feature number 286, MGYG000329847
2026-01-11 15:39:00.996654 INFO::Fitting model to feature number 287, UBA7173 sp013316535
2026-01-11 15:39:01.006523 INFO::Fitting model to feature number 288, UBA7173 sp910584365
2026-01-11 15:39:01.017229 INFO::Fitting model to feature number 289, UBA7173 sp910583675
2026-01-11 15:39:01.02978 INFO::Fitting model to feature number 290, MGYG000325674
2026-01-11 15:39:01.042753 INFO::Fitting model to feature number 291, UBA7173 sp910584735
2026-01-11 15:39:01.054641 INFO::Fitting model to feature number 292, UBA7173 sp900548705
2026-01-11 15:39:01.065271 INFO::Fitting model to feature number 293, UBA7173 sp910585755
2026-01-11 15:39:01.073259 INFO::Fitting model to feature number 294, UBA7173 sp910579105
2026-01-11 15:39:01.081429 INFO::Fitting model to feature number 295, UBA7173 sp910586565
2026-01-11 15:39:01.092733 INFO::Fitting model to feature number 296, UBA7173 sp900555165
2026-01-11 15:39:01.101969 INFO::Fitting model to feature number 297, UBA7173 sp910587075
2026-01-11 15:39:01.11051 INFO::Fitting model to feature number 298, MGYG000410332
2026-01-11 15:39:01.118515 INFO::Fitting model to feature number 299, MGYG000325632
2026-01-11 15:39:01.126983 INFO::Fitting model to feature number 300, MGYG000325803
2026-01-11 15:39:01.138007 INFO::Fitting model to feature number 301, JAFLTL01 sp910578395
2026-01-11 15:39:01.148979 INFO::Fitting model to feature number 302, MGYG000325590
2026-01-11 15:39:01.158944 INFO::Fitting model to feature number 303, UBA3263 sp001689615
2026-01-11 15:39:01.16803 INFO::Fitting model to feature number 304, MGYG000325470
2026-01-11 15:39:01.178675 INFO::Fitting model to feature number 305, UBA3263 sp002490725
2026-01-11 15:39:01.189262 INFO::Fitting model to feature number 306, MGYG000331010
2026-01-11 15:39:01.199816 INFO::Fitting model to feature number 307, UBA3263 sp014801955
2026-01-11 15:39:01.209483 INFO::Fitting model to feature number 308, MGYG000325619
2026-01-11 15:39:01.220621 INFO::Fitting model to feature number 309, MGYG000325600
2026-01-11 15:39:01.230968 INFO::Fitting model to feature number 310, MGYG000325598
2026-01-11 15:39:01.241314 INFO::Fitting model to feature number 311, JAGBWK01 sp001915385
2026-01-11 15:39:01.244312 INFO::Fitting model to feature number 312, JAGBWK01 sp004102805
2026-01-11 15:39:01.255571 INFO::Fitting model to feature number 313, MGYG000325382
2026-01-11 15:39:01.266127 INFO::Fitting model to feature number 314, MGYG000327564
2026-01-11 15:39:01.277642 INFO::Fitting model to feature number 315, MGYG000328504
2026-01-11 15:39:01.287523 INFO::Fitting model to feature number 316, JAAVFS01 sp910584665
2026-01-11 15:39:01.297449 INFO::Fitting model to feature number 317, MGYG000325322
2026-01-11 15:39:01.308875 INFO::Fitting model to feature number 318, MGYG000325435
2026-01-11 15:39:01.320206 INFO::Fitting model to feature number 319, CAJUPY01 sp910588035
2026-01-11 15:39:01.329784 INFO::Fitting model to feature number 320, MGYG000325343
2026-01-11 15:39:01.340181 INFO::Fitting model to feature number 321, CAJUPY01 sp014802535
2026-01-11 15:39:01.351501 INFO::Fitting model to feature number 322, MGYG000325663
2026-01-11 15:39:01.363215 INFO::Fitting model to feature number 323, M3 sp001689445
2026-01-11 15:39:01.37371 INFO::Fitting model to feature number 324, MGYG000328741
2026-01-11 15:39:01.384132 INFO::Fitting model to feature number 325, CAG-1031 sp000431215
2026-01-11 15:39:01.394336 INFO::Fitting model to feature number 326, Amulumruptor sp001689515
2026-01-11 15:39:01.402835 INFO::Fitting model to feature number 327, Amulumruptor sp900539915
2026-01-11 15:39:01.411806 INFO::Fitting model to feature number 328, Sodaliphilus sp004557565
2026-01-11 15:39:01.418806 INFO::Fitting model to feature number 329, Limisoma sp000437795
2026-01-11 15:39:01.42728 INFO::Fitting model to feature number 330, Bacteroides sp002491635
2026-01-11 15:39:01.435027 INFO::Fitting model to feature number 331, Bacteroides sp910578895
2026-01-11 15:39:01.444357 INFO::Fitting model to feature number 332, Bacteroides acidifaciens
2026-01-11 15:39:01.452025 INFO::Fitting model to feature number 333, Bacteroides caecimuris
2026-01-11 15:39:01.461375 INFO::Fitting model to feature number 334, Bacteroides sp910586915
2026-01-11 15:39:01.470795 INFO::Fitting model to feature number 335, Bacteroides uniformis
2026-01-11 15:39:01.479014 INFO::Fitting model to feature number 336, Bacteroides sp910585845
2026-01-11 15:39:01.48648 INFO::Fitting model to feature number 337, Bacteroides sp900765785
2026-01-11 15:39:01.495723 INFO::Fitting model to feature number 338, Bacteroides stercoris
2026-01-11 15:39:01.503861 INFO::Fitting model to feature number 339, MGYG000325585
2026-01-11 15:39:01.511593 INFO::Fitting model to feature number 340, Bacteroides nordii
2026-01-11 15:39:01.518676 INFO::Fitting model to feature number 341, Bacteroides congonensis
2026-01-11 15:39:01.530049 INFO::Fitting model to feature number 342, Bacteroides xylanisolvens
2026-01-11 15:39:01.539247 INFO::Fitting model to feature number 343, Bacteroides intestinalis
2026-01-11 15:39:01.546557 INFO::Fitting model to feature number 344, Bacteroides cellulosilyticus
2026-01-11 15:39:01.553161 INFO::Fitting model to feature number 345, Prevotella sp002933775
2026-01-11 15:39:01.560327 INFO::Fitting model to feature number 346, Prevotella muris
2026-01-11 15:39:01.567325 INFO::Fitting model to feature number 347, MGYG000325010
2026-01-11 15:39:01.573987 INFO::Fitting model to feature number 348, MGYG000325676
2026-01-11 15:39:01.581699 INFO::Fitting model to feature number 349, Prevotella sp013166515
2026-01-11 15:39:01.591034 INFO::Fitting model to feature number 350, Prevotella rodentium
2026-01-11 15:39:01.601051 INFO::Fitting model to feature number 351, Prevotella sp900545525
2026-01-11 15:39:01.608978 INFO::Fitting model to feature number 352, MGYG000325400
2026-01-11 15:39:01.616891 INFO::Fitting model to feature number 353, Prevotella intestinalis
2026-01-11 15:39:01.62401 INFO::Fitting model to feature number 354, Phocaeicola vulgatus
2026-01-11 15:39:01.632298 INFO::Fitting model to feature number 355, Phocaeicola sartorii
2026-01-11 15:39:01.640815 INFO::Fitting model to feature number 356, Phocaeicola sp011959205
2026-01-11 15:39:01.653379 INFO::Fitting model to feature number 357, Phocaeicola faecalis
2026-01-11 15:39:01.664151 INFO::Fitting model to feature number 358, Phocaeicola plebeius_A
2026-01-11 15:39:01.673967 INFO::Fitting model to feature number 359, Phocaeicola massiliensis
2026-01-11 15:39:01.684925 INFO::Fitting model to feature number 360, UBA4372 sp023665805
2026-01-11 15:39:01.694559 INFO::Fitting model to feature number 361, MGYG000325572
2026-01-11 15:39:01.704842 INFO::Fitting model to feature number 362, Alloprevotella sp009775705
2026-01-11 15:39:01.714239 INFO::Fitting model to feature number 363, Alloprevotella sp002933955
2026-01-11 15:39:01.72328 INFO::Fitting model to feature number 364, Paraprevotella sp900548345
2026-01-11 15:39:01.732642 INFO::Fitting model to feature number 365, Paraprevotella sp910586505
2026-01-11 15:39:01.743675 INFO::Fitting model to feature number 366, Alistipes sp002428825
2026-01-11 15:39:01.755078 INFO::Fitting model to feature number 367, Alistipes sp910587675
2026-01-11 15:39:01.766903 INFO::Fitting model to feature number 368, Alistipes timonensis
2026-01-11 15:39:01.778052 INFO::Fitting model to feature number 369, Alistipes sp910576555
2026-01-11 15:39:01.789091 INFO::Fitting model to feature number 370, Alistipes sp009774895
2026-01-11 15:39:01.800422 INFO::Fitting model to feature number 371, Alistipes sp002362235
2026-01-11 15:39:01.811099 INFO::Fitting model to feature number 372, Alistipes sp900552955
2026-01-11 15:39:01.821086 INFO::Fitting model to feature number 373, Alistipes sp910575495
2026-01-11 15:39:01.831213 INFO::Fitting model to feature number 374, Alistipes sp910577475
2026-01-11 15:39:01.838785 INFO::Fitting model to feature number 375, Alistipes sp002358415
2026-01-11 15:39:01.847286 INFO::Fitting model to feature number 376, Avirikenella sp910588925
2026-01-11 15:39:01.857256 INFO::Fitting model to feature number 377, MGYG000325667
2026-01-11 15:39:01.867393 INFO::Fitting model to feature number 378, Rikenella sp910577885
2026-01-11 15:39:01.874516 INFO::Fitting model to feature number 379, Parabacteroides distasonis
2026-01-11 15:39:01.882685 INFO::Fitting model to feature number 380, Parabacteroides goldsteinii
2026-01-11 15:39:01.890997 INFO::Fitting model to feature number 381, Parabacteroides sp900760525
2026-01-11 15:39:01.901064 INFO::Fitting model to feature number 382, Parabacteroides merdae
2026-01-11 15:39:01.909616 INFO::Fitting model to feature number 383, Odoribacter sp021771575
2026-01-11 15:39:01.917008 INFO::Fitting model to feature number 384, Odoribacter sp910578105
2026-01-11 15:39:01.924847 INFO::Fitting model to feature number 385, Odoribacter sp910589025
2026-01-11 15:39:01.934544 INFO::Fitting model to feature number 386, Butyricimonas virosa
2026-01-11 15:39:01.943984 INFO::Fitting model to feature number 387, Pullibacteroides sp910586395
2026-01-11 15:39:01.951291 INFO::Fitting model to feature number 388, Cryptobacteroides sp009774765
2026-01-11 15:39:01.960031 INFO::Fitting model to feature number 389, Cryptobacteroides sp910585445
2026-01-11 15:39:01.969633 INFO::Fitting model to feature number 390, Imtechella halotolerans
2026-01-11 15:39:01.979442 INFO::Fitting model to feature number 391, Faecalibaculum sp910588395
2026-01-11 15:39:01.987052 INFO::Fitting model to feature number 392, C-19 sp910576855
2026-01-11 15:39:01.995774 INFO::Fitting model to feature number 393, MGYG000329824
2026-01-11 15:39:02.003721 INFO::Fitting model to feature number 394, Ileibacterium valens
2026-01-11 15:39:02.014842 INFO::Fitting model to feature number 395, Dubosiella sp004793885
2026-01-11 15:39:02.025984 INFO::Fitting model to feature number 396, CAJTFG01 sp910575705
2026-01-11 15:39:02.035569 INFO::Fitting model to feature number 397, Thomasclavelia cocleata
2026-01-11 15:39:02.045771 INFO::Fitting model to feature number 398, Thomasclavelia ramosa
2026-01-11 15:39:02.053763 INFO::Fitting model to feature number 399, MGBC113645 sp910579135
2026-01-11 15:39:02.063447 INFO::Fitting model to feature number 400, Fimiplasma sp910588165
2026-01-11 15:39:02.074084 INFO::Fitting model to feature number 401, Lactobacillus intestinalis
2026-01-11 15:39:02.084834 INFO::Fitting model to feature number 402, Lactobacillus sp910589675
2026-01-11 15:39:02.088671 INFO::Fitting model to feature number 403, MGYG000329195
2026-01-11 15:39:02.099507 INFO::Fitting model to feature number 404, Lactobacillus taiwanensis
2026-01-11 15:39:02.110805 INFO::Fitting model to feature number 405, Lactobacillus amylovorus
2026-01-11 15:39:02.122939 INFO::Fitting model to feature number 406, MGYG000325525
2026-01-11 15:39:02.133759 INFO::Fitting model to feature number 407, MGYG000326943
2026-01-11 15:39:02.145124 INFO::Fitting model to feature number 408, Lactobacillus hominis
2026-01-11 15:39:02.157054 INFO::Fitting model to feature number 409, Lactobacillus acidophilus
2026-01-11 15:39:02.169895 INFO::Fitting model to feature number 410, MGYG000326944
2026-01-11 15:39:02.182734 INFO::Fitting model to feature number 411, Lactobacillus delbrueckii
2026-01-11 15:39:02.194911 INFO::Fitting model to feature number 412, Limosilactobacillus reuteri
2026-01-11 15:39:02.197389 INFO::Fitting model to feature number 413, Limosilactobacillus sp009663775
2026-01-11 15:39:02.199328 INFO::Fitting model to feature number 414, Limosilactobacillus fermentum
2026-01-11 15:39:02.209965 INFO::Fitting model to feature number 415, Limosilactobacillus equigenerosi
2026-01-11 15:39:02.221052 INFO::Fitting model to feature number 416, Limosilactobacillus portuensis
2026-01-11 15:39:02.231737 INFO::Fitting model to feature number 417, Ligilactobacillus murinus
2026-01-11 15:39:02.234025 INFO::Fitting model to feature number 418, Ligilactobacillus animalis
2026-01-11 15:39:02.243181 INFO::Fitting model to feature number 419, Ligilactobacillus sp910587695
2026-01-11 15:39:02.252481 INFO::Fitting model to feature number 420, Ligilactobacillus agilis
2026-01-11 15:39:02.261608 INFO::Fitting model to feature number 421, Pediococcus pentosaceus
2026-01-11 15:39:02.272034 INFO::Fitting model to feature number 422, Enterococcus faecalis
2026-01-11 15:39:02.281933 INFO::Fitting model to feature number 423, Turicibacter sp002311155
2026-01-11 15:39:02.291012 INFO::Fitting model to feature number 424, MGYG000380869
2026-01-11 15:39:02.339675 INFO::Fitting model to feature number 425, CAG-582 sp910577075
2026-01-11 15:39:02.34868 INFO::Fitting model to feature number 426, UBA5026 sp910576795
2026-01-11 15:39:02.359833 INFO::Fitting model to feature number 427, UBA5026 sp910586425
2026-01-11 15:39:02.368996 INFO::Fitting model to feature number 428, MGYG000330354
2026-01-11 15:39:02.377971 INFO::Fitting model to feature number 429, MGYG000338472
2026-01-11 15:39:02.387147 INFO::Fitting model to feature number 430, MGYG000329046
2026-01-11 15:39:02.39718 INFO::Fitting model to feature number 431, MGYG000331189
2026-01-11 15:39:02.406621 INFO::Fitting model to feature number 432, Mammaliicoccus lentus
2026-01-11 15:39:02.416037 INFO::Fitting model to feature number 433, Staphylococcus xylosus
2026-01-11 15:39:02.426997 INFO::Fitting model to feature number 434, MGYG000410805
2026-01-11 15:39:02.436809 INFO::Fitting model to feature number 435, Desulfovibrio sp910575755
2026-01-11 15:39:02.445731 INFO::Fitting model to feature number 436, Desulfovibrio sp910587035
2026-01-11 15:39:02.457078 INFO::Fitting model to feature number 437, Desulfovibrio sp910584445
2026-01-11 15:39:02.466048 INFO::Fitting model to feature number 438, MGYG000325668
2026-01-11 15:39:02.475487 INFO::Fitting model to feature number 439, Desulfovibrio sp900556755
2026-01-11 15:39:02.486793 INFO::Fitting model to feature number 440, Desulfovibrio sp905215675
2026-01-11 15:39:02.499314 INFO::Fitting model to feature number 441, MGYG000325515
2026-01-11 15:39:02.510899 INFO::Fitting model to feature number 442, Bilophila sp910585945
2026-01-11 15:39:02.52209 INFO::Fitting model to feature number 443, Bilophila faecipullorum
2026-01-11 15:39:02.534754 INFO::Fitting model to feature number 444, Bilophila sp902373525
2026-01-11 15:39:02.546181 INFO::Fitting model to feature number 445, Mailhella sp910579055
2026-01-11 15:39:02.557622 INFO::Fitting model to feature number 446, Mailhella excrementigallinarum
2026-01-11 15:39:02.570296 INFO::Fitting model to feature number 447, MGYG000399267
2026-01-11 15:39:02.579015 INFO::Fitting model to feature number 448, MGYG000410288
2026-01-11 15:39:02.588225 INFO::Fitting model to feature number 449, Schaedlerella sp910589385
2026-01-11 15:39:02.597107 INFO::Fitting model to feature number 450, Schaedlerella arabinosiphila
2026-01-11 15:39:02.599144 INFO::Fitting model to feature number 451, Schaedlerella sp009911175
2026-01-11 15:39:02.607474 INFO::Fitting model to feature number 452, MGYG000410694
2026-01-11 15:39:02.616225 INFO::Fitting model to feature number 453, Schaedlerella sp000403295
2026-01-11 15:39:02.624651 INFO::Fitting model to feature number 454, Schaedlerella sp910574865
2026-01-11 15:39:02.633487 INFO::Fitting model to feature number 455, Schaedlerella sp910574195
2026-01-11 15:39:02.642202 INFO::Fitting model to feature number 456, Schaedlerella sp943193195
2026-01-11 15:39:02.650307 INFO::Fitting model to feature number 457, Schaedlerella sp009774255
2026-01-11 15:39:02.658486 INFO::Fitting model to feature number 458, MGYG000328305
2026-01-11 15:39:02.667412 INFO::Fitting model to feature number 459, MD308 sp910575105
2026-01-11 15:39:02.676525 INFO::Fitting model to feature number 460, MD308 sp010206225
2026-01-11 15:39:02.68505 INFO::Fitting model to feature number 461, MGYG000323047
2026-01-11 15:39:02.693809 INFO::Fitting model to feature number 462, MD308 sp000403475
2026-01-11 15:39:02.703165 INFO::Fitting model to feature number 463, MGYG000326632
2026-01-11 15:39:02.713236 INFO::Fitting model to feature number 464, MD308 sp910578455
2026-01-11 15:39:02.724813 INFO::Fitting model to feature number 465, MD308 sp910586965
2026-01-11 15:39:02.734585 INFO::Fitting model to feature number 466, MD308 sp910584615
2026-01-11 15:39:02.74345 INFO::Fitting model to feature number 467, MGYG000410877
2026-01-11 15:39:02.751862 INFO::Fitting model to feature number 468, MGYG000324148
2026-01-11 15:39:02.764639 INFO::Fitting model to feature number 469, Sporofaciens sp910574715
2026-01-11 15:39:02.773818 INFO::Fitting model to feature number 470, Sporofaciens sp910579015
2026-01-11 15:39:02.781557 INFO::Fitting model to feature number 471, MGYG000353267
2026-01-11 15:39:02.789783 INFO::Fitting model to feature number 472, Sporofaciens sp910575835
2026-01-11 15:39:02.798518 INFO::Fitting model to feature number 473, Sporofaciens musculi
2026-01-11 15:39:02.806788 INFO::Fitting model to feature number 474, Sporofaciens sp009774295
2026-01-11 15:39:02.815402 INFO::Fitting model to feature number 475, Sporofaciens sp910574885
2026-01-11 15:39:02.826215 INFO::Fitting model to feature number 476, Sporofaciens sp000403455
2026-01-11 15:39:02.838053 INFO::Fitting model to feature number 477, Sporofaciens sp910577685
2026-01-11 15:39:02.847185 INFO::Fitting model to feature number 478, Sporofaciens sp910587575
2026-01-11 15:39:02.856354 INFO::Fitting model to feature number 479, Sporofaciens sp910585725
2026-01-11 15:39:02.865457 INFO::Fitting model to feature number 480, Sporofaciens sp910579925
2026-01-11 15:39:02.875729 INFO::Fitting model to feature number 481, MGYG000402809
2026-01-11 15:39:02.886186 INFO::Fitting model to feature number 482, UBA11957 sp910588295
2026-01-11 15:39:02.895861 INFO::Fitting model to feature number 483, MGYG000410400
2026-01-11 15:39:02.905915 INFO::Fitting model to feature number 484, Choladocola sp009774135
2026-01-11 15:39:02.914193 INFO::Fitting model to feature number 485, Choladocola sp910583615
2026-01-11 15:39:02.922533 INFO::Fitting model to feature number 486, Choladocola sp910585995
2026-01-11 15:39:02.931338 INFO::Fitting model to feature number 487, Choladocola sp009774145
2026-01-11 15:39:02.939733 INFO::Fitting model to feature number 488, Choladocola sp910584945
2026-01-11 15:39:02.949128 INFO::Fitting model to feature number 489, Choladocola sp910579225
2026-01-11 15:39:02.959611 INFO::Fitting model to feature number 490, Choladocola sp910584205
2026-01-11 15:39:02.969223 INFO::Fitting model to feature number 491, Choladocola sp910574965
2026-01-11 15:39:02.978967 INFO::Fitting model to feature number 492, Choladocola sp910575445
2026-01-11 15:39:02.988761 INFO::Fitting model to feature number 493, Choladocola sp910583895
2026-01-11 15:39:02.998982 INFO::Fitting model to feature number 494, Choladocola sp009774155
2026-01-11 15:39:03.010858 INFO::Fitting model to feature number 495, Choladocola sp910587495
2026-01-11 15:39:03.021842 INFO::Fitting model to feature number 496, Choladocola sp910585465
2026-01-11 15:39:03.034524 INFO::Fitting model to feature number 497, Choladocola sp910587765
2026-01-11 15:39:03.048267 INFO::Fitting model to feature number 498, MGYG000392954
2026-01-11 15:39:03.060584 INFO::Fitting model to feature number 499, Lachnoclostridium_B sp910584095
2026-01-11 15:39:03.072443 INFO::Fitting model to feature number 500, Lachnoclostridium_B sp910574185
2026-01-11 15:39:03.084268 INFO::Fitting model to feature number 501, MGYG000331109
2026-01-11 15:39:03.098076 INFO::Fitting model to feature number 502, Lachnoclostridium_B sp910584265
2026-01-11 15:39:03.10697 INFO::Fitting model to feature number 503, Lachnoclostridium_B sp910588745
2026-01-11 15:39:03.118965 INFO::Fitting model to feature number 504, Lachnoclostridium_B sp910589275
2026-01-11 15:39:03.129595 INFO::Fitting model to feature number 505, MGYG000328855
2026-01-11 15:39:03.141168 INFO::Fitting model to feature number 506, MGBC164599 sp910588825
2026-01-11 15:39:03.152645 INFO::Fitting model to feature number 507, MGBC164599 sp910575625
2026-01-11 15:39:03.163671 INFO::Fitting model to feature number 508, MGBC164599 sp910587105
2026-01-11 15:39:03.173969 INFO::Fitting model to feature number 509, MGBC164599 sp910588775
2026-01-11 15:39:03.184122 INFO::Fitting model to feature number 510, MGYG000330030
2026-01-11 15:39:03.196427 INFO::Fitting model to feature number 511, MGYG000330180
2026-01-11 15:39:03.207482 INFO::Fitting model to feature number 512, 14-2 sp910588845
2026-01-11 15:39:03.217169 INFO::Fitting model to feature number 513, 14-2 sp910577785
2026-01-11 15:39:03.224982 INFO::Fitting model to feature number 514, 14-2 sp910576385
2026-01-11 15:39:03.237172 INFO::Fitting model to feature number 515, 14-2 sp910575155
2026-01-11 15:39:03.247139 INFO::Fitting model to feature number 516, 14-2 sp910575035
2026-01-11 15:39:03.25591 INFO::Fitting model to feature number 517, 14-2 sp011960065
2026-01-11 15:39:03.267225 INFO::Fitting model to feature number 518, MGYG000409996
2026-01-11 15:39:03.278386 INFO::Fitting model to feature number 519, 14-2 sp910588285
2026-01-11 15:39:03.28868 INFO::Fitting model to feature number 520, 14-2 sp910575005
2026-01-11 15:39:03.299891 INFO::Fitting model to feature number 521, 14-2 sp910584585
2026-01-11 15:39:03.310204 INFO::Fitting model to feature number 522, 14-2 sp000403255
2026-01-11 15:39:03.320299 INFO::Fitting model to feature number 523, MGYG000411355
2026-01-11 15:39:03.332378 INFO::Fitting model to feature number 524, 14-2 sp910583835
2026-01-11 15:39:03.343356 INFO::Fitting model to feature number 525, 14-2 sp910575075
2026-01-11 15:39:03.352709 INFO::Fitting model to feature number 526, 14-2 sp000403315
2026-01-11 15:39:03.362002 INFO::Fitting model to feature number 527, 14-2 sp009774455
2026-01-11 15:39:03.369898 INFO::Fitting model to feature number 528, 14-2 sp910589635
2026-01-11 15:39:03.381444 INFO::Fitting model to feature number 529, 14-2 sp910576975
2026-01-11 15:39:03.390912 INFO::Fitting model to feature number 530, MGYG000411595
2026-01-11 15:39:03.399559 INFO::Fitting model to feature number 531, MGYG000328404
2026-01-11 15:39:03.406526 INFO::Fitting model to feature number 532, 14-2 sp910578825
2026-01-11 15:39:03.415602 INFO::Fitting model to feature number 533, MGYG000410992
2026-01-11 15:39:03.42264 INFO::Fitting model to feature number 534, MGYG000324849
2026-01-11 15:39:03.431075 INFO::Fitting model to feature number 535, 14-2 sp000403845
2026-01-11 15:39:03.438295 INFO::Fitting model to feature number 536, Eubacterium_F sp910574015
2026-01-11 15:39:03.445883 INFO::Fitting model to feature number 537, MGYG000330978
2026-01-11 15:39:03.454428 INFO::Fitting model to feature number 538, Eubacterium_F sp910575665
2026-01-11 15:39:03.462102 INFO::Fitting model to feature number 539, Eubacterium_F sp910585745
2026-01-11 15:39:03.469764 INFO::Fitting model to feature number 540, MGYG000329322
2026-01-11 15:39:03.47817 INFO::Fitting model to feature number 541, Eubacterium_F sp910579145
2026-01-11 15:39:03.488493 INFO::Fitting model to feature number 542, Caccovicinus sp910585635
2026-01-11 15:39:03.499615 INFO::Fitting model to feature number 543, Caccovicinus sp009774615
2026-01-11 15:39:03.50989 INFO::Fitting model to feature number 544, Caccovicinus sp910584785
2026-01-11 15:39:03.520335 INFO::Fitting model to feature number 545, MGYG000411451
2026-01-11 15:39:03.532615 INFO::Fitting model to feature number 546, Caccovicinus sp910575565
2026-01-11 15:39:03.543028 INFO::Fitting model to feature number 547, MGYG000322995
2026-01-11 15:39:03.55201 INFO::Fitting model to feature number 548, Caccovicinus sp910588895
2026-01-11 15:39:03.562243 INFO::Fitting model to feature number 549, Acetatifactor sp910576125
2026-01-11 15:39:03.572111 INFO::Fitting model to feature number 550, Acetatifactor sp910589035
2026-01-11 15:39:03.580319 INFO::Fitting model to feature number 551, Acetatifactor sp910579755
2026-01-11 15:39:03.588131 INFO::Fitting model to feature number 552, Acetatifactor sp910584865
2026-01-11 15:39:03.597518 INFO::Fitting model to feature number 553, Acetatifactor sp910585805
2026-01-11 15:39:03.606383 INFO::Fitting model to feature number 554, Acetatifactor sp910585425
2026-01-11 15:39:03.614105 INFO::Fitting model to feature number 555, Acetatifactor sp910585615
2026-01-11 15:39:03.620521 INFO::Fitting model to feature number 556, Acetatifactor sp910586775
2026-01-11 15:39:03.627009 INFO::Fitting model to feature number 557, Acetatifactor sp910589655
2026-01-11 15:39:03.634377 INFO::Fitting model to feature number 558, Acetatifactor sp910586835
2026-01-11 15:39:03.644418 INFO::Fitting model to feature number 559, Acetatifactor sp003612485
2026-01-11 15:39:03.653229 INFO::Fitting model to feature number 560, MGYG000329336
2026-01-11 15:39:03.662235 INFO::Fitting model to feature number 561, Acetatifactor sp910577185
2026-01-11 15:39:03.670356 INFO::Fitting model to feature number 562, MGYG000325587
2026-01-11 15:39:03.680046 INFO::Fitting model to feature number 563, Acetatifactor sp910584235
2026-01-11 15:39:03.689376 INFO::Fitting model to feature number 564, MGYG000325385
2026-01-11 15:39:03.698645 INFO::Fitting model to feature number 565, Acetatifactor sp910580225
2026-01-11 15:39:03.705627 INFO::Fitting model to feature number 566, Acetatifactor sp910577035
2026-01-11 15:39:03.713859 INFO::Fitting model to feature number 567, Acetatifactor sp910578995
2026-01-11 15:39:03.721205 INFO::Fitting model to feature number 568, Acetatifactor sp910578185
2026-01-11 15:39:03.730128 INFO::Fitting model to feature number 569, MGYG000327004
2026-01-11 15:39:03.740693 INFO::Fitting model to feature number 570, Acetatifactor sp910586485
2026-01-11 15:39:03.75403 INFO::Fitting model to feature number 571, MGYG000331015
2026-01-11 15:39:03.766656 INFO::Fitting model to feature number 572, Acetatifactor sp910587555
2026-01-11 15:39:03.779204 INFO::Fitting model to feature number 573, 1XD8-76 sp910578085
2026-01-11 15:39:03.792972 INFO::Fitting model to feature number 574, 1XD8-76 sp910573755
2026-01-11 15:39:03.805184 INFO::Fitting model to feature number 575, 1XD8-76 sp910577955
2026-01-11 15:39:03.817374 INFO::Fitting model to feature number 576, UBA3282 sp009774175
2026-01-11 15:39:03.829286 INFO::Fitting model to feature number 577, UBA3282 sp910575245
2026-01-11 15:39:03.840045 INFO::Fitting model to feature number 578, UBA3282 sp009774655
2026-01-11 15:39:03.852006 INFO::Fitting model to feature number 579, UBA3282 sp910577735
2026-01-11 15:39:03.865136 INFO::Fitting model to feature number 580, UBA3282 sp910588215
2026-01-11 15:39:03.877745 INFO::Fitting model to feature number 581, UBA3282 sp910584725
2026-01-11 15:39:03.890637 INFO::Fitting model to feature number 582, MGYG000329173
2026-01-11 15:39:03.903776 INFO::Fitting model to feature number 583, MGYG000325371
2026-01-11 15:39:03.91721 INFO::Fitting model to feature number 584, MGYG000324467
2026-01-11 15:39:03.930299 INFO::Fitting model to feature number 585, UBA3282 sp910587095
2026-01-11 15:39:03.94349 INFO::Fitting model to feature number 586, UBA3282 sp009774585
2026-01-11 15:39:03.957591 INFO::Fitting model to feature number 587, UBA3282 sp910576815
2026-01-11 15:39:03.968907 INFO::Fitting model to feature number 588, UBA3282 sp910575775
2026-01-11 15:39:03.979818 INFO::Fitting model to feature number 589, UBA3282 sp003611805
2026-01-11 15:39:03.991809 INFO::Fitting model to feature number 590, UBA3282 sp910579285
2026-01-11 15:39:04.00262 INFO::Fitting model to feature number 591, UBA3282 sp910579505
2026-01-11 15:39:04.01308 INFO::Fitting model to feature number 592, MGYG000328328
2026-01-11 15:39:04.022006 INFO::Fitting model to feature number 593, MGYG000325448
2026-01-11 15:39:04.033477 INFO::Fitting model to feature number 594, MGYG000328360
2026-01-11 15:39:04.046001 INFO::Fitting model to feature number 595, MGYG000323430
2026-01-11 15:39:04.055444 INFO::Fitting model to feature number 596, UBA3282 sp003612405
2026-01-11 15:39:04.064325 INFO::Fitting model to feature number 597, UBA3282 sp009774215
2026-01-11 15:39:04.07255 INFO::Fitting model to feature number 598, MGYG000324289
2026-01-11 15:39:04.082686 INFO::Fitting model to feature number 599, Paralachnospira sp910588815
2026-01-11 15:39:04.092455 INFO::Fitting model to feature number 600, Paralachnospira sp022800815
2026-01-11 15:39:04.100554 INFO::Fitting model to feature number 601, Paralachnospira sp910587905
2026-01-11 15:39:04.107929 INFO::Fitting model to feature number 602, COE1 sp002490665
2026-01-11 15:39:04.116291 INFO::Fitting model to feature number 603, COE1 sp009774395
2026-01-11 15:39:04.123616 INFO::Fitting model to feature number 604, COE1 sp000403335
2026-01-11 15:39:04.132514 INFO::Fitting model to feature number 605, MGYG000410938
2026-01-11 15:39:04.140364 INFO::Fitting model to feature number 606, MGYG000325626
2026-01-11 15:39:04.152072 INFO::Fitting model to feature number 607, COE1 sp002358575
2026-01-11 15:39:04.163681 INFO::Fitting model to feature number 608, MGYG000325712
2026-01-11 15:39:04.174495 INFO::Fitting model to feature number 609, COE1 sp910586585
2026-01-11 15:39:04.186143 INFO::Fitting model to feature number 610, COE1 sp910586715
2026-01-11 15:39:04.197031 INFO::Fitting model to feature number 611, COE1 sp910579275
2026-01-11 15:39:04.205979 INFO::Fitting model to feature number 612, CAG-95 sp910585005
2026-01-11 15:39:04.216594 INFO::Fitting model to feature number 613, CAG-95 sp009917455
2026-01-11 15:39:04.224551 INFO::Fitting model to feature number 614, CAG-95 sp910579685
2026-01-11 15:39:04.235401 INFO::Fitting model to feature number 615, CAG-95 sp910579425
2026-01-11 15:39:04.244697 INFO::Fitting model to feature number 616, CAG-95 sp910579495
2026-01-11 15:39:04.255772 INFO::Fitting model to feature number 617, CAG-95 sp003612395
2026-01-11 15:39:04.266487 INFO::Fitting model to feature number 618, CAG-95 sp910586025
2026-01-11 15:39:04.274807 INFO::Fitting model to feature number 619, CAG-95 sp910577275
2026-01-11 15:39:04.285764 INFO::Fitting model to feature number 620, CAG-95 sp009911035
2026-01-11 15:39:04.296251 INFO::Fitting model to feature number 621, CAG-95 sp910585075
2026-01-11 15:39:04.304202 INFO::Fitting model to feature number 622, MGYG000410775
2026-01-11 15:39:04.31325 INFO::Fitting model to feature number 623, MGYG000325648
2026-01-11 15:39:04.320709 INFO::Fitting model to feature number 624, CAG-95 sp011959285
2026-01-11 15:39:04.329079 INFO::Fitting model to feature number 625, UBA7109 sp910576335
2026-01-11 15:39:04.337378 INFO::Fitting model to feature number 626, UBA7109 sp910575605
2026-01-11 15:39:04.346873 INFO::Fitting model to feature number 627, MGYG000323043
2026-01-11 15:39:04.35768 INFO::Fitting model to feature number 628, MGYG000405682
2026-01-11 15:39:04.369195 INFO::Fitting model to feature number 629, MGYG000368546
2026-01-11 15:39:04.380573 INFO::Fitting model to feature number 630, Ventrimonas sp910575255
2026-01-11 15:39:04.392351 INFO::Fitting model to feature number 631, Ventrimonas sp910577765
2026-01-11 15:39:04.404233 INFO::Fitting model to feature number 632, Ventrimonas sp910586255
2026-01-11 15:39:04.414304 INFO::Fitting model to feature number 633, Ventrimonas sp003611875
2026-01-11 15:39:04.425338 INFO::Fitting model to feature number 634, Ventrimonas sp009911065
2026-01-11 15:39:04.437463 INFO::Fitting model to feature number 635, MGYG000410706
2026-01-11 15:39:04.448249 INFO::Fitting model to feature number 636, MGYG000327273
2026-01-11 15:39:04.458869 INFO::Fitting model to feature number 637, Ventrimonas sp910577655
2026-01-11 15:39:04.469886 INFO::Fitting model to feature number 638, Ventrimonas sp022799175
2026-01-11 15:39:04.481532 INFO::Fitting model to feature number 639, MGYG000324149
2026-01-11 15:39:04.493746 INFO::Fitting model to feature number 640, UBA3402 sp910574345
2026-01-11 15:39:04.505333 INFO::Fitting model to feature number 641, UBA3402 sp910575585
2026-01-11 15:39:04.517142 INFO::Fitting model to feature number 642, MGYG000410803
2026-01-11 15:39:04.52868 INFO::Fitting model to feature number 643, UBA3402 sp910588325
2026-01-11 15:39:04.541546 INFO::Fitting model to feature number 644, UBA3402 sp022798105
2026-01-11 15:39:04.553793 INFO::Fitting model to feature number 645, UBA3402 sp022795805
2026-01-11 15:39:04.611542 INFO::Fitting model to feature number 646, UBA3402 sp002358555
2026-01-11 15:39:04.620271 INFO::Fitting model to feature number 647, UBA3402 sp910588865
2026-01-11 15:39:04.631838 INFO::Fitting model to feature number 648, UBA3402 sp022796015
2026-01-11 15:39:04.644483 INFO::Fitting model to feature number 649, UBA3402 sp910586845
2026-01-11 15:39:04.654439 INFO::Fitting model to feature number 650, UBA3402 sp910585435
2026-01-11 15:39:04.669715 INFO::Fitting model to feature number 651, UBA3402 sp910577935
2026-01-11 15:39:04.682102 INFO::Fitting model to feature number 652, UBA3402 sp910585645
2026-01-11 15:39:04.694504 INFO::Fitting model to feature number 653, UBA3402 sp021769025
2026-01-11 15:39:04.706907 INFO::Fitting model to feature number 654, 1XD42-69 sp011959925
2026-01-11 15:39:04.719819 INFO::Fitting model to feature number 655, 1XD42-69 sp009911505
2026-01-11 15:39:04.739476 INFO::Fitting model to feature number 656, 1XD42-69 sp022794015
2026-01-11 15:39:04.750329 INFO::Fitting model to feature number 657, 1XD42-69 sp910588565
2026-01-11 15:39:04.758792 INFO::Fitting model to feature number 658, 1XD42-69 sp910577065
2026-01-11 15:39:04.772717 INFO::Fitting model to feature number 659, 1XD42-69 sp910586645
2026-01-11 15:39:04.784991 INFO::Fitting model to feature number 660, Merdisoma sp009917555
2026-01-11 15:39:04.804564 INFO::Fitting model to feature number 661, Merdisoma sp910574255
2026-01-11 15:39:04.817752 INFO::Fitting model to feature number 662, Merdisoma sp011959465
2026-01-11 15:39:04.834224 INFO::Fitting model to feature number 663, Merdisoma sp910574835
2026-01-11 15:39:04.846962 INFO::Fitting model to feature number 664, Merdisoma sp910574475
2026-01-11 15:39:04.859352 INFO::Fitting model to feature number 665, MGYG000330323
2026-01-11 15:39:04.874047 INFO::Fitting model to feature number 666, Merdisoma sp022791635
2026-01-11 15:39:04.885749 INFO::Fitting model to feature number 667, Kineothrix sp011958945
2026-01-11 15:39:04.897007 INFO::Fitting model to feature number 668, Kineothrix sp910579935
2026-01-11 15:39:04.909087 INFO::Fitting model to feature number 669, Kineothrix sp910576535
2026-01-11 15:39:04.924316 INFO::Fitting model to feature number 670, MGYG000327499
2026-01-11 15:39:04.939658 INFO::Fitting model to feature number 671, Kineothrix sp000403275
2026-01-11 15:39:04.954068 INFO::Fitting model to feature number 672, Kineothrix sp910588855
2026-01-11 15:39:04.968346 INFO::Fitting model to feature number 673, Kineothrix sp910587275
2026-01-11 15:39:04.981412 INFO::Fitting model to feature number 674, MGYG000326008
2026-01-11 15:39:05.001243 INFO::Fitting model to feature number 675, Kineothrix sp910585965
2026-01-11 15:39:05.014695 INFO::Fitting model to feature number 676, Kineothrix sp009911195
2026-01-11 15:39:05.028703 INFO::Fitting model to feature number 677, RGIG4057 sp910587085
2026-01-11 15:39:05.043129 INFO::Fitting model to feature number 678, RGIG4057 sp910579615
2026-01-11 15:39:05.056623 INFO::Fitting model to feature number 679, UMGS1370 sp910577645
2026-01-11 15:39:05.070513 INFO::Fitting model to feature number 680, UMGS1370 sp910586755
2026-01-11 15:39:05.083515 INFO::Fitting model to feature number 681, UBA2882 sp910574745
2026-01-11 15:39:05.095805 INFO::Fitting model to feature number 682, Eubacterium_J sp910574915
2026-01-11 15:39:05.112053 INFO::Fitting model to feature number 683, Eubacterium_J sp910579075
2026-01-11 15:39:05.124971 INFO::Fitting model to feature number 684, Eubacterium_J sp910580075
2026-01-11 15:39:05.135193 INFO::Fitting model to feature number 685, Eubacterium_J sp910584595
2026-01-11 15:39:05.147922 INFO::Fitting model to feature number 686, MGYG000330231
2026-01-11 15:39:05.155963 INFO::Fitting model to feature number 687, MGYG000327453
2026-01-11 15:39:05.16742 INFO::Fitting model to feature number 688, Butyribacter sp910575435
2026-01-11 15:39:05.18493 INFO::Fitting model to feature number 689, Butyribacter sp910585905
2026-01-11 15:39:05.195646 INFO::Fitting model to feature number 690, MGYG000330019
2026-01-11 15:39:05.205303 INFO::Fitting model to feature number 691, Butyribacter sp009774235
2026-01-11 15:39:05.219324 INFO::Fitting model to feature number 692, VSOB01 sp009774625
2026-01-11 15:39:05.231429 INFO::Fitting model to feature number 693, VSOB01 sp910587155
2026-01-11 15:39:05.24691 INFO::Fitting model to feature number 694, VSOB01 sp910587635
2026-01-11 15:39:05.256702 INFO::Fitting model to feature number 695, Copromonas sp009917545
2026-01-11 15:39:05.269356 INFO::Fitting model to feature number 696, Copromonas sp910575275
2026-01-11 15:39:05.282845 INFO::Fitting model to feature number 697, Copromonas sp022792295
2026-01-11 15:39:05.301191 INFO::Fitting model to feature number 698, Copromonas sp910586315
2026-01-11 15:39:05.315698 INFO::Fitting model to feature number 699, Bariatricus sp022793995
2026-01-11 15:39:05.325827 INFO::Fitting model to feature number 700, Clostridium_Q sp910575795
2026-01-11 15:39:05.338262 INFO::Fitting model to feature number 701, RGIG4284 sp910576205
2026-01-11 15:39:05.349366 INFO::Fitting model to feature number 702, RGIG4284 sp022796795
2026-01-11 15:39:05.359336 INFO::Fitting model to feature number 703, RGIG7193 sp022793375
2026-01-11 15:39:05.369395 INFO::Fitting model to feature number 704, RGIG7193 sp022791755
2026-01-11 15:39:05.379978 INFO::Fitting model to feature number 705, Roseburia sp910587865
2026-01-11 15:39:05.390489 INFO::Fitting model to feature number 706, Roseburia sp910584215
2026-01-11 15:39:05.401945 INFO::Fitting model to feature number 707, MGYG000329248
2026-01-11 15:39:05.412467 INFO::Fitting model to feature number 708, Lachnospira sp910589305
2026-01-11 15:39:05.422932 INFO::Fitting model to feature number 709, Eubacterium_G sp910584795
2026-01-11 15:39:05.433248 INFO::Fitting model to feature number 710, Eubacterium_G sp910574895
2026-01-11 15:39:05.442342 INFO::Fitting model to feature number 711, Paralachnospira_A sp910588405
2026-01-11 15:39:05.452792 INFO::Fitting model to feature number 712, Paralachnospira_A sp910579325
2026-01-11 15:39:05.46353 INFO::Fitting model to feature number 713, CAG-317 sp910578495
2026-01-11 15:39:05.472288 INFO::Fitting model to feature number 714, CAG-317 sp011960265
2026-01-11 15:39:05.482676 INFO::Fitting model to feature number 715, JAAWJJ01 sp022796875
2026-01-11 15:39:05.491694 INFO::Fitting model to feature number 716, Blautia_A sp900551075
2026-01-11 15:39:05.503581 INFO::Fitting model to feature number 717, Blautia_A massiliensis
2026-01-11 15:39:05.515177 INFO::Fitting model to feature number 718, CAG-56 sp004793585
2026-01-11 15:39:05.526422 INFO::Fitting model to feature number 719, Enterocloster aldenensis
2026-01-11 15:39:05.537846 INFO::Fitting model to feature number 720, Enterocloster clostridioformis
2026-01-11 15:39:05.550699 INFO::Fitting model to feature number 721, Choladousia sp003612585
2026-01-11 15:39:05.561808 INFO::Fitting model to feature number 722, CAG-510 sp910577105
2026-01-11 15:39:05.572643 INFO::Fitting model to feature number 723, MGYG000325650
2026-01-11 15:39:05.583373 INFO::Fitting model to feature number 724, CAG-590 sp910585605
2026-01-11 15:39:05.592413 INFO::Fitting model to feature number 725, Blautia pseudococcoides
2026-01-11 15:39:05.607622 INFO::Fitting model to feature number 726, Eisenbergiella sp910585455
2026-01-11 15:39:05.620427 INFO::Fitting model to feature number 727, MGYG000392808
2026-01-11 15:39:05.635716 INFO::Fitting model to feature number 728, W0P33-017 sp910589045
2026-01-11 15:39:05.658084 INFO::Fitting model to feature number 729, SIG307 sp910579465
2026-01-11 15:39:05.670239 INFO::Fitting model to feature number 730, MGYG000326869
2026-01-11 15:39:05.682698 INFO::Fitting model to feature number 731, CAG-603 sp910583605
2026-01-11 15:39:05.695705 INFO::Fitting model to feature number 732, Marvinbryantia sp900550755
2026-01-11 15:39:05.711514 INFO::Fitting model to feature number 733, RGIG8607 sp910577045
2026-01-11 15:39:05.724674 INFO::Fitting model to feature number 734, MGYG000326584
2026-01-11 15:39:05.737221 INFO::Fitting model to feature number 735, MGBC114844 sp910585255
2026-01-11 15:39:05.748617 INFO::Fitting model to feature number 736, MGYG000325493
2026-01-11 15:39:05.759469 INFO::Fitting model to feature number 737, MGYG000329929
2026-01-11 15:39:05.770351 INFO::Fitting model to feature number 738, UBA2821 sp014799465
2026-01-11 15:39:05.780415 INFO::Fitting model to feature number 739, MGBC100174 sp910576895
2026-01-11 15:39:05.789533 INFO::Fitting model to feature number 740, Muricomes contortus_B
2026-01-11 15:39:05.802342 INFO::Fitting model to feature number 741, Extibacter muris
2026-01-11 15:39:05.813763 INFO::Fitting model to feature number 742, Anaerotignum sp910576545
2026-01-11 15:39:05.824044 INFO::Fitting model to feature number 743, Anaerotignum sp910578425
2026-01-11 15:39:05.83539 INFO::Fitting model to feature number 744, Coprocola sp910575055
2026-01-11 15:39:05.845509 INFO::Fitting model to feature number 745, Enterenecus sp910588495
2026-01-11 15:39:05.854831 INFO::Fitting model to feature number 746, Enterenecus sp910587285
2026-01-11 15:39:05.866941 INFO::Fitting model to feature number 747, MGYG000327450
2026-01-11 15:39:05.877762 INFO::Fitting model to feature number 748, Enterenecus sp910588625
2026-01-11 15:39:05.888848 INFO::Fitting model to feature number 749, Enterenecus sp910575695
2026-01-11 15:39:05.900141 INFO::Fitting model to feature number 750, MGYG000326888
2026-01-11 15:39:05.908961 INFO::Fitting model to feature number 751, Enterenecus sp910585155
2026-01-11 15:39:05.920098 INFO::Fitting model to feature number 752, MGYG000331159
2026-01-11 15:39:05.929885 INFO::Fitting model to feature number 753, Enterenecus sp910579595
2026-01-11 15:39:05.939085 INFO::Fitting model to feature number 754, MGYG000410353
2026-01-11 15:39:05.949226 INFO::Fitting model to feature number 755, Enterenecus sp910577525
2026-01-11 15:39:05.959728 INFO::Fitting model to feature number 756, Enterenecus sp910587395
2026-01-11 15:39:05.97195 INFO::Fitting model to feature number 757, MGYG000328307
2026-01-11 15:39:05.983846 INFO::Fitting model to feature number 758, Enterenecus sp910587255
2026-01-11 15:39:05.99679 INFO::Fitting model to feature number 759, Enterenecus sp910588105
2026-01-11 15:39:06.008555 INFO::Fitting model to feature number 760, MGYG000410945
2026-01-11 15:39:06.020174 INFO::Fitting model to feature number 761, Enterenecus sp910579155
2026-01-11 15:39:06.034092 INFO::Fitting model to feature number 762, MGYG000322966
2026-01-11 15:39:06.047339 INFO::Fitting model to feature number 763, MGYG000410761
2026-01-11 15:39:06.062978 INFO::Fitting model to feature number 764, Enterenecus sp910587205
2026-01-11 15:39:06.081198 INFO::Fitting model to feature number 765, MGYG000410914
2026-01-11 15:39:06.100095 INFO::Fitting model to feature number 766, Enterenecus sp910584285
2026-01-11 15:39:06.113009 INFO::Fitting model to feature number 767, MGYG000327286
2026-01-11 15:39:06.123968 INFO::Fitting model to feature number 768, Enterenecus sp910585265
2026-01-11 15:39:06.136129 INFO::Fitting model to feature number 769, Enterenecus sp910584835
2026-01-11 15:39:06.14748 INFO::Fitting model to feature number 770, Enterenecus sp910588135
2026-01-11 15:39:06.1604 INFO::Fitting model to feature number 771, MGYG000329348
2026-01-11 15:39:06.175554 INFO::Fitting model to feature number 772, MGYG000325584
2026-01-11 15:39:06.187108 INFO::Fitting model to feature number 773, MGYG000410874
2026-01-11 15:39:06.199373 INFO::Fitting model to feature number 774, MGYG000360698
2026-01-11 15:39:06.211072 INFO::Fitting model to feature number 775, Lawsonibacter sp003612335
2026-01-11 15:39:06.223162 INFO::Fitting model to feature number 776, Lawsonibacter sp910585815
2026-01-11 15:39:06.236564 INFO::Fitting model to feature number 777, Lawsonibacter sp910584605
2026-01-11 15:39:06.250255 INFO::Fitting model to feature number 778, Lawsonibacter sp910575265
2026-01-11 15:39:06.264032 INFO::Fitting model to feature number 779, MGYG000432202
2026-01-11 15:39:06.277005 INFO::Fitting model to feature number 780, Lawsonibacter sp022799835
2026-01-11 15:39:06.290981 INFO::Fitting model to feature number 781, MGYG000433528
2026-01-11 15:39:06.304964 INFO::Fitting model to feature number 782, Lawsonibacter sp022794495
2026-01-11 15:39:06.324282 INFO::Fitting model to feature number 783, MGYG000410681
2026-01-11 15:39:06.341367 INFO::Fitting model to feature number 784, Lawsonibacter sp910578735
2026-01-11 15:39:06.354424 INFO::Fitting model to feature number 785, MGYG000325175
2026-01-11 15:39:06.372203 INFO::Fitting model to feature number 786, Lawsonibacter sp022801435
2026-01-11 15:39:06.38601 INFO::Fitting model to feature number 787, Lawsonibacter sp009911645
2026-01-11 15:39:06.401181 INFO::Fitting model to feature number 788, Lawsonibacter sp943192995
2026-01-11 15:39:06.412874 INFO::Fitting model to feature number 789, MGYG000329509
2026-01-11 15:39:06.423942 INFO::Fitting model to feature number 790, Lawsonibacter sp022798855
2026-01-11 15:39:06.437161 INFO::Fitting model to feature number 791, Lawsonibacter sp910588455
2026-01-11 15:39:06.450506 INFO::Fitting model to feature number 792, Lawsonibacter sp910589085
2026-01-11 15:39:06.472198 INFO::Fitting model to feature number 793, Lawsonibacter sp022793355
2026-01-11 15:39:06.515785 INFO::Fitting model to feature number 794, MGYG000328991
2026-01-11 15:39:06.551079 INFO::Fitting model to feature number 795, Lawsonibacter sp022795855
2026-01-11 15:39:06.578471 INFO::Fitting model to feature number 796, Lawsonibacter sp022791995
2026-01-11 15:39:06.59292 INFO::Fitting model to feature number 797, MGYG000323117
2026-01-11 15:39:06.608021 INFO::Fitting model to feature number 798, Lawsonibacter sp000492175
2026-01-11 15:39:06.631979 INFO::Fitting model to feature number 799, MGYG000324476
2026-01-11 15:39:06.645984 INFO::Fitting model to feature number 800, MGYG000411366
2026-01-11 15:39:06.672196 INFO::Fitting model to feature number 801, MGYG000345714
2026-01-11 15:39:06.685878 INFO::Fitting model to feature number 802, MGYG000329989
2026-01-11 15:39:06.6991 INFO::Fitting model to feature number 803, Lawsonibacter sp910577805
2026-01-11 15:39:06.716282 INFO::Fitting model to feature number 804, MGYG000410703
2026-01-11 15:39:06.730365 INFO::Fitting model to feature number 805, MGYG000329873
2026-01-11 15:39:06.75882 INFO::Fitting model to feature number 806, Lawsonibacter sp022796195
2026-01-11 15:39:06.776511 INFO::Fitting model to feature number 807, MGYG000411569
2026-01-11 15:39:06.790839 INFO::Fitting model to feature number 808, MGYG000327081
2026-01-11 15:39:06.808058 INFO::Fitting model to feature number 809, Dysosmobacter sp009774015
2026-01-11 15:39:06.821447 INFO::Fitting model to feature number 810, Dysosmobacter sp910583785
2026-01-11 15:39:06.837683 INFO::Fitting model to feature number 811, Dysosmobacter sp910575815
2026-01-11 15:39:06.852598 INFO::Fitting model to feature number 812, Dysosmobacter sp910579365
2026-01-11 15:39:06.88485 INFO::Fitting model to feature number 813, Dysosmobacter sp910587705
2026-01-11 15:39:06.896967 INFO::Fitting model to feature number 814, Dysosmobacter sp910586735
2026-01-11 15:39:06.907607 INFO::Fitting model to feature number 815, Dysosmobacter sp910585385
2026-01-11 15:39:06.921237 INFO::Fitting model to feature number 816, Dysosmobacter sp022791875
2026-01-11 15:39:06.936242 INFO::Fitting model to feature number 817, Dysosmobacter sp910583695
2026-01-11 15:39:06.948694 INFO::Fitting model to feature number 818, Dysosmobacter sp000403435
2026-01-11 15:39:06.964774 INFO::Fitting model to feature number 819, Dysosmobacter sp022791135
2026-01-11 15:39:07.042829 INFO::Fitting model to feature number 820, Dysosmobacter sp910588175
2026-01-11 15:39:07.078703 INFO::Fitting model to feature number 821, Dysosmobacter sp022795445
2026-01-11 15:39:07.119412 INFO::Fitting model to feature number 822, Dysosmobacter sp910575505
2026-01-11 15:39:07.155795 INFO::Fitting model to feature number 823, Dysosmobacter sp009773995
2026-01-11 15:39:07.208685 INFO::Fitting model to feature number 824, Dysosmobacter sp022801815
2026-01-11 15:39:07.284623 INFO::Fitting model to feature number 825, Dysosmobacter sp910577405
2026-01-11 15:39:07.323252 INFO::Fitting model to feature number 826, Dysosmobacter sp910578935
2026-01-11 15:39:07.376909 INFO::Fitting model to feature number 827, Dysosmobacter sp910576865
2026-01-11 15:39:07.436279 INFO::Fitting model to feature number 828, MGYG000330291
2026-01-11 15:39:07.45185 INFO::Fitting model to feature number 829, MGYG000409008
2026-01-11 15:39:07.469428 INFO::Fitting model to feature number 830, Dysosmobacter sp910589315
2026-01-11 15:39:07.488531 INFO::Fitting model to feature number 831, Dysosmobacter sp910587525
2026-01-11 15:39:07.518488 INFO::Fitting model to feature number 832, Dysosmobacter sp910587875
2026-01-11 15:39:07.550205 INFO::Fitting model to feature number 833, Dysosmobacter sp910584995
2026-01-11 15:39:07.569135 INFO::Fitting model to feature number 834, Dysosmobacter sp910579435
2026-01-11 15:39:07.591873 INFO::Fitting model to feature number 835, MGYG000411389
2026-01-11 15:39:07.614929 INFO::Fitting model to feature number 836, MGYG000325877
2026-01-11 15:39:07.629131 INFO::Fitting model to feature number 837, Dysosmobacter sp910584075
2026-01-11 15:39:07.656247 INFO::Fitting model to feature number 838, Dysosmobacter sp910585245
2026-01-11 15:39:07.688346 INFO::Fitting model to feature number 839, MGYG000373829
2026-01-11 15:39:07.716125 INFO::Fitting model to feature number 840, Dysosmobacter sp910584465
2026-01-11 15:39:07.734832 INFO::Fitting model to feature number 841, MGYG000330443
2026-01-11 15:39:07.759759 INFO::Fitting model to feature number 842, MGYG000326793
2026-01-11 15:39:07.800066 INFO::Fitting model to feature number 843, Dysosmobacter sp910576845
2026-01-11 15:39:07.817538 INFO::Fitting model to feature number 844, MGYG000329180
2026-01-11 15:39:07.831233 INFO::Fitting model to feature number 845, Pelethomonas sp910578505
2026-01-11 15:39:07.843933 INFO::Fitting model to feature number 846, Pelethomonas sp910579965
2026-01-11 15:39:07.859347 INFO::Fitting model to feature number 847, Pelethomonas sp910579485
2026-01-11 15:39:07.874219 INFO::Fitting model to feature number 848, Pelethomonas sp910587785
2026-01-11 15:39:07.892146 INFO::Fitting model to feature number 849, Pelethomonas sp022800665
2026-01-11 15:39:07.910612 INFO::Fitting model to feature number 850, Pelethomonas sp009774055
2026-01-11 15:39:07.935878 INFO::Fitting model to feature number 851, Pelethomonas sp022804995
2026-01-11 15:39:07.959269 INFO::Fitting model to feature number 852, Pelethomonas sp014237695
2026-01-11 15:39:07.98264 INFO::Fitting model to feature number 853, Pelethomonas sp022795905
2026-01-11 15:39:08.022307 INFO::Fitting model to feature number 854, MGYG000326866
2026-01-11 15:39:08.043615 INFO::Fitting model to feature number 855, Pelethomonas sp910583885
2026-01-11 15:39:08.06915 INFO::Fitting model to feature number 856, Pelethomonas sp910588365
2026-01-11 15:39:08.118186 INFO::Fitting model to feature number 857, MGYG000410776
2026-01-11 15:39:08.158138 INFO::Fitting model to feature number 858, Pelethomonas sp910587645
2026-01-11 15:39:08.25456 INFO::Fitting model to feature number 859, Pelethomonas sp022800525
2026-01-11 15:39:08.283492 INFO::Fitting model to feature number 860, Pelethomonas sp910588045
2026-01-11 15:39:08.307786 INFO::Fitting model to feature number 861, MGYG000325557
2026-01-11 15:39:08.324584 INFO::Fitting model to feature number 862, Pelethomonas sp910579725
2026-01-11 15:39:08.342573 INFO::Fitting model to feature number 863, Pelethomonas sp910577915
2026-01-11 15:39:08.448001 INFO::Fitting model to feature number 864, Pelethomonas sp910587505
2026-01-11 15:39:08.477533 INFO::Fitting model to feature number 865, MGYG000325617
2026-01-11 15:39:08.521884 INFO::Fitting model to feature number 866, Evtepia sp910584805
2026-01-11 15:39:08.538227 INFO::Fitting model to feature number 867, Evtepia sp022792035
2026-01-11 15:39:08.553493 INFO::Fitting model to feature number 868, Evtepia sp910578575
2026-01-11 15:39:08.57622 INFO::Fitting model to feature number 869, Marseille-P3106 sp022799035
2026-01-11 15:39:08.590579 INFO::Fitting model to feature number 870, Marseille-P3106 sp910587345
2026-01-11 15:39:08.605431 INFO::Fitting model to feature number 871, Marseille-P3106 sp910588975
2026-01-11 15:39:08.620271 INFO::Fitting model to feature number 872, MGYG000410458
2026-01-11 15:39:08.635924 INFO::Fitting model to feature number 873, Marseille-P3106 sp910585735
2026-01-11 15:39:08.651932 INFO::Fitting model to feature number 874, Marseille-P3106 sp022792495
2026-01-11 15:39:08.666827 INFO::Fitting model to feature number 875, Marseille-P3106 sp022794215
2026-01-11 15:39:08.685521 INFO::Fitting model to feature number 876, Marseille-P3106 sp022800215
2026-01-11 15:39:08.700397 INFO::Fitting model to feature number 877, MGYG000326975
2026-01-11 15:39:08.735773 INFO::Fitting model to feature number 878, NSJ-51 sp910585415
2026-01-11 15:39:08.764252 INFO::Fitting model to feature number 879, MGYG000326314
2026-01-11 15:39:08.779003 INFO::Fitting model to feature number 880, MGYG000325278
2026-01-11 15:39:08.793169 INFO::Fitting model to feature number 881, CAJFPI01 sp022801715
2026-01-11 15:39:08.807477 INFO::Fitting model to feature number 882, MGYG000327336
2026-01-11 15:39:08.832577 INFO::Fitting model to feature number 883, MGYG000328896
2026-01-11 15:39:08.854775 INFO::Fitting model to feature number 884, MGYG000329428
2026-01-11 15:39:08.873397 INFO::Fitting model to feature number 885, MGYG000329835
2026-01-11 15:39:08.899112 INFO::Fitting model to feature number 886, MGYG000410456
2026-01-11 15:39:08.92183 INFO::Fitting model to feature number 887, CAKUEI01 sp022793685
2026-01-11 15:39:08.942888 INFO::Fitting model to feature number 888, Avoscillospira_A sp022792945
2026-01-11 15:39:08.958982 INFO::Fitting model to feature number 889, JAAWCD01 sp022793095
2026-01-11 15:39:08.993182 INFO::Fitting model to feature number 890, Acutalibacter sp910588935
2026-01-11 15:39:09.005024 INFO::Fitting model to feature number 891, Acutalibacter sp009936035
2026-01-11 15:39:09.017313 INFO::Fitting model to feature number 892, Acutalibacter sp910589395
2026-01-11 15:39:09.030981 INFO::Fitting model to feature number 893, Acutalibacter sp910574935
2026-01-11 15:39:09.045818 INFO::Fitting model to feature number 894, Acutalibacter sp009917445
2026-01-11 15:39:09.06628 INFO::Fitting model to feature number 895, Acutalibacter muris
2026-01-11 15:39:09.08102 INFO::Fitting model to feature number 896, Acutalibacter sp910587835
2026-01-11 15:39:09.092413 INFO::Fitting model to feature number 897, MGYG000406378
2026-01-11 15:39:09.105858 INFO::Fitting model to feature number 898, Acutalibacter sp009917525
2026-01-11 15:39:09.118764 INFO::Fitting model to feature number 899, MGYG000328916
2026-01-11 15:39:09.134003 INFO::Fitting model to feature number 900, Acutalibacter sp910574995
2026-01-11 15:39:09.147844 INFO::Fitting model to feature number 901, Acutalibacter sp910580045
2026-01-11 15:39:09.157476 INFO::Fitting model to feature number 902, Acutalibacter sp003612555
2026-01-11 15:39:09.171726 INFO::Fitting model to feature number 903, Acutalibacter sp910587995
2026-01-11 15:39:09.18492 INFO::Fitting model to feature number 904, Acutalibacter sp910588415
2026-01-11 15:39:09.201152 INFO::Fitting model to feature number 905, Acutalibacter sp910584745
2026-01-11 15:39:09.216815 INFO::Fitting model to feature number 906, MGYG000330157
2026-01-11 15:39:09.232465 INFO::Fitting model to feature number 907, MGYG000331301
2026-01-11 15:39:09.24607 INFO::Fitting model to feature number 908, MGYG000410931
2026-01-11 15:39:09.280736 INFO::Fitting model to feature number 909, MGYG000328573
2026-01-11 15:39:09.296954 INFO::Fitting model to feature number 910, Acutalibacter stercorigallinarum
2026-01-11 15:39:09.316589 INFO::Fitting model to feature number 911, Eubacterium_R sp011958665
2026-01-11 15:39:09.329681 INFO::Fitting model to feature number 912, MGYG000337810
2026-01-11 15:39:09.339828 INFO::Fitting model to feature number 913, MGYG000379997
2026-01-11 15:39:09.354204 INFO::Fitting model to feature number 914, MGYG000351739
2026-01-11 15:39:09.36958 INFO::Fitting model to feature number 915, MGYG000410251
2026-01-11 15:39:09.384505 INFO::Fitting model to feature number 916, MGYG000373138
2026-01-11 15:39:09.396064 INFO::Fitting model to feature number 917, MGYG000327182
2026-01-11 15:39:09.407806 INFO::Fitting model to feature number 918, Ruthenibacterium sp013316265
2026-01-11 15:39:09.42057 INFO::Fitting model to feature number 919, Ruminococcus sp910584195
2026-01-11 15:39:09.424018 INFO::Fitting model to feature number 920, Angelakisella sp910585525
2026-01-11 15:39:09.43718 INFO::Fitting model to feature number 921, Angelakisella sp022795575
2026-01-11 15:39:09.45065 INFO::Fitting model to feature number 922, Angelakisella sp910585535
2026-01-11 15:39:09.470263 INFO::Fitting model to feature number 923, Angelakisella sp013316495
2026-01-11 15:39:09.482345 INFO::Fitting model to feature number 924, Ruminiclostridium_E sp910588335
2026-01-11 15:39:09.494787 INFO::Fitting model to feature number 925, MGYG000410125
2026-01-11 15:39:09.508312 INFO::Fitting model to feature number 926, Ruminiclostridium_E sp910585505
2026-01-11 15:39:09.522141 INFO::Fitting model to feature number 927, UBA1405 sp022800935
2026-01-11 15:39:09.552055 INFO::Fitting model to feature number 928, MGYG000331296
2026-01-11 15:39:09.570153 INFO::Fitting model to feature number 929, MGYG000410015
2026-01-11 15:39:09.586711 INFO::Fitting model to feature number 930, UBA1394 sp910588145
2026-01-11 15:39:09.611902 INFO::Fitting model to feature number 931, Anaerotruncus sp000403395
2026-01-11 15:39:09.627179 INFO::Fitting model to feature number 932, Anaerotruncus sp003612625
2026-01-11 15:39:09.642096 INFO::Fitting model to feature number 933, Anaerotruncus colihominis_A
2026-01-11 15:39:09.655487 INFO::Fitting model to feature number 934, Anaerotruncus sp910586875
2026-01-11 15:39:09.670562 INFO::Fitting model to feature number 935, MGYG000410574
2026-01-11 15:39:09.6825 INFO::Fitting model to feature number 936, UBA3818 sp910583935
2026-01-11 15:39:09.69616 INFO::Fitting model to feature number 937, JAAVYW01 sp022791315
2026-01-11 15:39:09.708993 INFO::Fitting model to feature number 938, Faecivivens sp022793675
2026-01-11 15:39:09.723695 INFO::Fitting model to feature number 939, RGIG8773 sp910584715
2026-01-11 15:39:09.738163 INFO::Fitting model to feature number 940, QXXE01 sp009911355
2026-01-11 15:39:09.751562 INFO::Fitting model to feature number 941, QXXE01 sp910586575
2026-01-11 15:39:09.762262 INFO::Fitting model to feature number 942, MGYG000327912
2026-01-11 15:39:09.774699 INFO::Fitting model to feature number 943, Butyricicoccus sp910584935
2026-01-11 15:39:09.786762 INFO::Fitting model to feature number 944, Pseudobutyricicoccus sp910579575
2026-01-11 15:39:09.797826 INFO::Fitting model to feature number 945, MGYG000349368
2026-01-11 15:39:09.810311 INFO::Fitting model to feature number 946, Avispirillum sp011957885
2026-01-11 15:39:09.822459 INFO::Fitting model to feature number 947, MGYG000401352
2026-01-11 15:39:09.834612 INFO::Fitting model to feature number 948, Zhenpiania sp009911365
2026-01-11 15:39:09.84577 INFO::Fitting model to feature number 949, Zhenpiania sp910575405
2026-01-11 15:39:09.859037 INFO::Fitting model to feature number 950, Emergencia sp009936045
2026-01-11 15:39:09.871783 INFO::Fitting model to feature number 951, JAAVYD01 sp022790955
2026-01-11 15:39:09.887071 INFO::Fitting model to feature number 952, Fimisoma sp910588185
2026-01-11 15:39:09.904125 INFO::Fitting model to feature number 953, MGYG000410140
2026-01-11 15:39:09.925382 INFO::Fitting model to feature number 954, MGYG000323026
2026-01-11 15:39:09.942183 INFO::Fitting model to feature number 955, Coproplasma sp910579525
2026-01-11 15:39:09.959526 INFO::Fitting model to feature number 956, Coproplasma sp003979335
2026-01-11 15:39:09.976482 INFO::Fitting model to feature number 957, Coproplasma sp013316055
2026-01-11 15:39:09.99225 INFO::Fitting model to feature number 958, Coproplasma sp910577375
2026-01-11 15:39:10.007952 INFO::Fitting model to feature number 959, Coproplasma sp910586065
2026-01-11 15:39:10.023977 INFO::Fitting model to feature number 960, MGYG000328913
2026-01-11 15:39:10.041086 INFO::Fitting model to feature number 961, Coproplasma stercorigallinarum
2026-01-11 15:39:10.063627 INFO::Fitting model to feature number 962, MGBC120929 sp910583735
2026-01-11 15:39:10.121694 INFO::Fitting model to feature number 963, RACS-045 sp910579785
2026-01-11 15:39:10.19205 INFO::Fitting model to feature number 964, QANA01 sp910588425
2026-01-11 15:39:10.210428 INFO::Fitting model to feature number 965, MGYG000324257
2026-01-11 15:39:10.225183 INFO::Fitting model to feature number 966, HGM11386 sp022791055
2026-01-11 15:39:10.239198 INFO::Fitting model to feature number 967, RACS-047 sp013316045
2026-01-11 15:39:10.251127 INFO::Fitting model to feature number 968, CAG-475 sp910577815
2026-01-11 15:39:10.259354 INFO::Fitting model to feature number 969, MGYG000328446
2026-01-11 15:39:10.267723 INFO::Fitting model to feature number 970, Caccovivens sp910587225
2026-01-11 15:39:10.279194 INFO::Fitting model to feature number 971, CAG-41 sp910578235
2026-01-11 15:39:10.293973 INFO::Fitting model to feature number 972, MGYG000410260
2026-01-11 15:39:10.308354 INFO::Fitting model to feature number 973, MGYG000335786
2026-01-11 15:39:10.323638 INFO::Fitting model to feature number 974, MGYG000349464
2026-01-11 15:39:10.341318 INFO::Fitting model to feature number 975, CAG-269 sp022792395
2026-01-11 15:39:10.350581 INFO::Fitting model to feature number 976, MGYG000328872
2026-01-11 15:39:10.35908 INFO::Fitting model to feature number 977, MGYG000327552
2026-01-11 15:39:10.367381 INFO::Fitting model to feature number 978, RGIG8482 sp022796855
2026-01-11 15:39:10.375603 INFO::Fitting model to feature number 979, JAAWPK01 sp022791735
2026-01-11 15:39:10.387974 INFO::Fitting model to feature number 980, MGYG000375192
2026-01-11 15:39:10.399315 INFO::Fitting model to feature number 981, MGYG000323824
2026-01-11 15:39:10.410772 INFO::Fitting model to feature number 982, Akkermansia muciniphila_B
2026-01-11 15:39:10.423288 INFO::Fitting model to feature number 983, Akkermansia sp001580195
2026-01-11 15:39:10.436167 INFO::Fitting model to feature number 984, Parasutterella sp009767915
2026-01-11 15:39:10.4584 INFO::Fitting model to feature number 985, Turicimonas muris
2026-01-11 15:39:10.488001 INFO::Fitting model to feature number 986, MGYG000326933
2026-01-11 15:39:10.507346 INFO::Fitting model to feature number 987, Enterobacter hormaechei_A
2026-01-11 15:39:10.542541 INFO::Fitting model to feature number 988, Methylobacterium persicinum
2026-01-11 15:39:10.55738 INFO::Fitting model to feature number 989, MGYG000329730
2026-01-11 15:39:10.571968 INFO::Fitting model to feature number 990, MGYG000360301
2026-01-11 15:39:10.586684 INFO::Fitting model to feature number 991, Enterousia sp013316395
2026-01-11 15:39:10.639521 INFO::Fitting model to feature number 992, MGYG000410936
2026-01-11 15:39:10.67705 INFO::Fitting model to feature number 993, Scatocola sp910577205
2026-01-11 15:39:10.690522 INFO::Fitting model to feature number 994, MGYG000327352
2026-01-11 15:39:10.700316 INFO::Fitting model to feature number 995, MGBC118957 sp910584385
2026-01-11 15:39:10.709778 INFO::Fitting model to feature number 996, MGYG000391024
2026-01-11 15:39:10.719888 INFO::Fitting model to feature number 997, MGYG000323059
2026-01-11 15:39:10.729909 INFO::Fitting model to feature number 998, MGYG000328709
2026-01-11 15:39:10.774198 INFO::Fitting model to feature number 999, MGYG000411523
2026-01-11 15:39:10.807798 INFO::Fitting model to feature number 1000, MGYG000331169
2026-01-11 15:39:10.827651 INFO::Fitting model to feature number 1001, Nanosyncoccus sp003979185
2026-01-11 15:39:10.851384 INFO::Fitting model to feature number 1002, MGYG000344322
2026-01-11 15:39:10.87446 INFO::Fitting model to feature number 1003, Nanosyncoccus sp013316435
2026-01-11 15:39:10.908989 INFO::Fitting model to feature number 1004, MGYG000348936
2026-01-11 15:39:10.939654 INFO::Fitting model to feature number 1005, MGYG000341210
2026-01-11 15:39:10.968379 INFO::Fitting model to feature number 1006, MGYG000331839
2026-01-11 15:39:10.986778 INFO::Fitting model to feature number 1007, MGYG000328091
2026-01-11 15:39:11.000992 INFO::Fitting model to feature number 1008, Avidehalobacter sp022797295
2026-01-11 15:39:11.014849 INFO::Fitting model to feature number 1009, Avidehalobacter sp021771915
2026-01-11 15:39:11.029904 INFO::Fitting model to feature number 1010, MGYG000410378
2026-01-11 15:39:11.045001 INFO::Fitting model to feature number 1011, MGYG000411020
2026-01-11 15:39:11.059708 INFO::Fitting model to feature number 1012, MGBC122484 sp910587245
2026-01-11 15:39:11.075231 INFO::Fitting model to feature number 1013, MGBC122484 sp910586855
2026-01-11 15:39:11.090979 INFO::Fitting model to feature number 1014, MGBC122484 sp910578465
2026-01-11 15:39:11.105728 INFO::Fitting model to feature number 1015, MGBC122484 sp910587815
2026-01-11 15:39:11.121178 INFO::Fitting model to feature number 1016, Megamonas funiformis
2026-01-11 15:39:11.134853 INFO::Fitting model to feature number 1017, MGYG000325548
2026-01-11 15:39:11.149844 INFO::Fitting model to feature number 1018, MGYG000331077
2026-01-11 15:39:11.163546 INFO::Fitting model to feature number 1019, MGYG000324324
2026-01-11 15:39:11.17763 INFO::Fitting model to feature number 1020, MGYG000333766
2026-01-11 15:39:11.192728 INFO::Fitting model to feature number 1021, UBA3282 sp910578115
2026-01-11 15:39:11.209134 INFO::Fitting model to feature number 1022, Anaerostipes hominis
2026-01-11 15:39:11.225296 INFO::Fitting model to feature number 1023, Bacteroides thetaiotaomicron
2026-01-11 15:39:11.240866 INFO::Fitting model to feature number 1024, C-19 sp910576345
2026-01-11 15:39:11.260652 INFO::Fitting model to feature number 1025, MGYG000327462
2026-01-11 15:39:11.274813 INFO::Fitting model to feature number 1026, MGYG000410493
2026-01-11 15:39:11.291637 INFO::Fitting model to feature number 1027, Allobaculum sp910579655
2026-01-11 15:39:11.317733 INFO::Fitting model to feature number 1028, MGBC163490 sp910588075
2026-01-11 15:39:11.340977 INFO::Fitting model to feature number 1029, Limosilactobacillus urinaemulieris
2026-01-11 15:39:11.367346 INFO::Fitting model to feature number 1030, Lactiplantibacillus plantarum
2026-01-11 15:39:11.411367 INFO::Fitting model to feature number 1031, Enterococcus_D gallinarum
2026-01-11 15:39:11.441841 INFO::Fitting model to feature number 1032, Lactococcus lactis
2026-01-11 15:39:11.478706 INFO::Fitting model to feature number 1033, Granulicatella adiacens
2026-01-11 15:39:11.510589 INFO::Fitting model to feature number 1034, Scybalousia sp910584255
2026-01-11 15:39:11.552752 INFO::Fitting model to feature number 1035, CAG-710 sp000432595
2026-01-11 15:39:11.585376 INFO::Fitting model to feature number 1036, MGYG000325543
2026-01-11 15:39:11.600164 INFO::Fitting model to feature number 1037, MGYG000326942
2026-01-11 15:39:11.62348 INFO::Fitting model to feature number 1038, Paratractidigestivibacter sp003150175
2026-01-11 15:39:11.667136 INFO::Fitting model to feature number 1039, Collinsella stercoris
2026-01-11 15:39:11.696066 INFO::Fitting model to feature number 1040, Collinsella sp900545445
2026-01-11 15:39:11.713668 INFO::Fitting model to feature number 1041, Collinsella sp002232035
2026-01-11 15:39:11.730517 INFO::Fitting model to feature number 1042, MGYG000330890
2026-01-11 15:39:11.747513 INFO::Fitting model to feature number 1043, Cutibacterium acnes
2026-01-11 15:39:11.771981 INFO::Fitting model to feature number 1044, MGYG000325467
2026-01-11 15:39:11.787036 INFO::Fitting model to feature number 1045, MGYG000325647
2026-01-11 15:39:11.80284 INFO::Fitting model to feature number 1046, MGYG000325468
2026-01-11 15:39:11.819324 INFO::Fitting model to feature number 1047, MGYG000325561
2026-01-11 15:39:11.854817 INFO::Fitting model to feature number 1048, CAG-873 sp014801485
2026-01-11 15:39:11.872194 INFO::Fitting model to feature number 1049, MGYG000325408
2026-01-11 15:39:11.887616 INFO::Fitting model to feature number 1050, CAG-873 sp910579605
2026-01-11 15:39:11.900922 INFO::Fitting model to feature number 1051, CAG-485 sp014802175
2026-01-11 15:39:11.913766 INFO::Fitting model to feature number 1052, CAG-485 sp014801875
2026-01-11 15:39:11.927097 INFO::Fitting model to feature number 1053, CAG-485 sp014803765
2026-01-11 15:39:11.948188 INFO::Fitting model to feature number 1054, MGYG000325797
2026-01-11 15:39:11.961448 INFO::Fitting model to feature number 1055, MGYG000325348
2026-01-11 15:39:11.977798 INFO::Fitting model to feature number 1056, MGYG000325391
2026-01-11 15:39:11.993669 INFO::Fitting model to feature number 1057, MGYG000325606
2026-01-11 15:39:12.007039 INFO::Fitting model to feature number 1058, MGYG000325480
2026-01-11 15:39:12.021963 INFO::Fitting model to feature number 1059, CAG-485 sp014800535
2026-01-11 15:39:12.07449 INFO::Fitting model to feature number 1060, CAG-485 sp014801585
2026-01-11 15:39:12.092554 INFO::Fitting model to feature number 1061, MGYG000325583
2026-01-11 15:39:12.108958 INFO::Fitting model to feature number 1062, MGYG000325430
2026-01-11 15:39:12.128281 INFO::Fitting model to feature number 1063, MGYG000325719
2026-01-11 15:39:12.146577 INFO::Fitting model to feature number 1064, MGYG000325338
2026-01-11 15:39:12.164074 INFO::Fitting model to feature number 1065, MGYG000325306
2026-01-11 15:39:12.181782 INFO::Fitting model to feature number 1066, MGYG000325603
2026-01-11 15:39:12.198118 INFO::Fitting model to feature number 1067, UBA3263 sp014802435
2026-01-11 15:39:12.214828 INFO::Fitting model to feature number 1068, MGYG000325316
2026-01-11 15:39:12.232505 INFO::Fitting model to feature number 1069, MGYG000325659
2026-01-11 15:39:12.249343 INFO::Fitting model to feature number 1070, MGYG000325628
2026-01-11 15:39:12.263661 INFO::Fitting model to feature number 1071, MGYG000325657
2026-01-11 15:39:12.279625 INFO::Fitting model to feature number 1072, MGYG000325523
2026-01-11 15:39:12.294024 INFO::Fitting model to feature number 1073, MGYG000325354
2026-01-11 15:39:12.307868 INFO::Fitting model to feature number 1074, MGYG000325392
2026-01-11 15:39:12.32164 INFO::Fitting model to feature number 1075, JAAVFS01 sp014802385
2026-01-11 15:39:12.331346 INFO::Fitting model to feature number 1076, MGYG000327349
2026-01-11 15:39:12.342906 INFO::Fitting model to feature number 1077, Parabacteroides johnsonii
2026-01-11 15:39:12.357051 INFO::Fitting model to feature number 1078, Parabacteroides sp910577325
2026-01-11 15:39:12.406602 INFO::Fitting model to feature number 1079, Bacteroides faecis
2026-01-11 15:39:12.419379 INFO::Fitting model to feature number 1080, Bacteroides bouchesdurhonensis
2026-01-11 15:39:12.431004 INFO::Fitting model to feature number 1081, Bacteroides ovatus
2026-01-11 15:39:12.444397 INFO::Fitting model to feature number 1082, Bacteroides caccae
2026-01-11 15:39:12.456631 INFO::Fitting model to feature number 1083, MGYG000325504
2026-01-11 15:39:12.468808 INFO::Fitting model to feature number 1084, Bacteroides salyersiae
2026-01-11 15:39:12.481587 INFO::Fitting model to feature number 1085, Bacteroides stercorirosoris
2026-01-11 15:39:12.491462 INFO::Fitting model to feature number 1086, MGYG000325502
2026-01-11 15:39:12.502927 INFO::Fitting model to feature number 1087, Prevotella pectinovora
2026-01-11 15:39:12.511927 INFO::Fitting model to feature number 1088, Prevotella sp000436915
2026-01-11 15:39:12.522551 INFO::Fitting model to feature number 1089, MGYG000325596
2026-01-11 15:39:12.53107 INFO::Fitting model to feature number 1090, Tidjanibacter sp910577285
2026-01-11 15:39:12.54445 INFO::Fitting model to feature number 1091, Odoribacter sp910588375
2026-01-11 15:39:12.563108 INFO::Fitting model to feature number 1092, Odoribacter sp910578985
2026-01-11 15:39:12.576705 INFO::Fitting model to feature number 1093, Odoribacter sp009935865
2026-01-11 15:39:12.590059 INFO::Fitting model to feature number 1094, Cryptobacteroides sp000431015
2026-01-11 15:39:12.601391 INFO::Fitting model to feature number 1095, MGYG000325795
2026-01-11 15:39:12.61886 INFO::Fitting model to feature number 1096, MGYG000326972
2026-01-11 15:39:12.632197 INFO::Fitting model to feature number 1097, Pullibacteroides sp910578275
2026-01-11 15:39:12.649288 INFO::Fitting model to feature number 1098, MGYG000376875
2026-01-11 15:39:12.66145 INFO::Fitting model to feature number 1099, MGYG000410984
2026-01-11 15:39:12.675241 INFO::Fitting model to feature number 1100, MGYG000329711
2026-01-11 15:39:12.689275 INFO::Fitting model to feature number 1101, Sporofaciens sp910584575
2026-01-11 15:39:12.703391 INFO::Fitting model to feature number 1102, Sporofaciens sp011960625
2026-01-11 15:39:12.719006 INFO::Fitting model to feature number 1103, MD308 sp910579335
2026-01-11 15:39:12.733281 INFO::Fitting model to feature number 1104, 14-2 sp910585625
2026-01-11 15:39:12.745958 INFO::Fitting model to feature number 1105, 14-2 sp910585895
2026-01-11 15:39:12.761569 INFO::Fitting model to feature number 1106, 14-2 sp004793545
2026-01-11 15:39:12.774192 INFO::Fitting model to feature number 1107, 14-2 sp910580195
2026-01-11 15:39:12.787086 INFO::Fitting model to feature number 1108, 14-2 sp910580015
2026-01-11 15:39:12.801634 INFO::Fitting model to feature number 1109, 14-2 sp910585395
2026-01-11 15:39:12.816089 INFO::Fitting model to feature number 1110, 14-2 sp910587895
2026-01-11 15:39:12.830901 INFO::Fitting model to feature number 1111, MGYG000327388
2026-01-11 15:39:12.844684 INFO::Fitting model to feature number 1112, MGYG000410811
2026-01-11 15:39:12.858135 INFO::Fitting model to feature number 1113, MGYG000352925
2026-01-11 15:39:12.872798 INFO::Fitting model to feature number 1114, MGYG000331207
2026-01-11 15:39:12.886061 INFO::Fitting model to feature number 1115, MGYG000328397
2026-01-11 15:39:12.900242 INFO::Fitting model to feature number 1116, 14-2 sp910588965
2026-01-11 15:39:12.913345 INFO::Fitting model to feature number 1117, 14-2 sp910586005
2026-01-11 15:39:12.925019 INFO::Fitting model to feature number 1118, 14-2 sp022790855
2026-01-11 15:39:12.938809 INFO::Fitting model to feature number 1119, Ventrimonas sp910588875
2026-01-11 15:39:12.955675 INFO::Fitting model to feature number 1120, Ventrimonas sp910586205
2026-01-11 15:39:12.969214 INFO::Fitting model to feature number 1121, Ventrimonas sp910588125
2026-01-11 15:39:12.982228 INFO::Fitting model to feature number 1122, MGYG000329105
2026-01-11 15:39:12.99633 INFO::Fitting model to feature number 1123, Ventrimonas sp022794255
2026-01-11 15:39:13.007602 INFO::Fitting model to feature number 1124, MGYG000432287
2026-01-11 15:39:13.018035 INFO::Fitting model to feature number 1125, Ventrimonas sp910584845
2026-01-11 15:39:13.031066 INFO::Fitting model to feature number 1126, UBA3282 sp910587715
2026-01-11 15:39:13.05352 INFO::Fitting model to feature number 1127, MGYG000411593
2026-01-11 15:39:13.066967 INFO::Fitting model to feature number 1128, MGYG000323128
2026-01-11 15:39:13.078534 INFO::Fitting model to feature number 1129, UBA3282 sp910578645
2026-01-11 15:39:13.093572 INFO::Fitting model to feature number 1130, UBA3282 sp910579735
2026-01-11 15:39:13.108303 INFO::Fitting model to feature number 1131, UBA3282 sp910579395
2026-01-11 15:39:13.117491 INFO::Fitting model to feature number 1132, UBA3282 sp009774575
2026-01-11 15:39:13.12639 INFO::Fitting model to feature number 1133, MGYG000329420
2026-01-11 15:39:13.136434 INFO::Fitting model to feature number 1134, MGYG000323012
2026-01-11 15:39:13.147296 INFO::Fitting model to feature number 1135, MGYG000325709
2026-01-11 15:39:13.158503 INFO::Fitting model to feature number 1136, MGYG000325198
2026-01-11 15:39:13.167478 INFO::Fitting model to feature number 1137, UBA3282 sp910578845
2026-01-11 15:39:13.178811 INFO::Fitting model to feature number 1138, UBA3282 sp910588955
2026-01-11 15:39:13.190009 INFO::Fitting model to feature number 1139, MGYG000325450
2026-01-11 15:39:13.201445 INFO::Fitting model to feature number 1140, MGYG000325999
2026-01-11 15:39:13.213809 INFO::Fitting model to feature number 1141, MGYG000411525
2026-01-11 15:39:13.226128 INFO::Fitting model to feature number 1142, MGYG000325558
2026-01-11 15:39:13.237836 INFO::Fitting model to feature number 1143, MGYG000322990
2026-01-11 15:39:13.249541 INFO::Fitting model to feature number 1144, MGYG000330673
2026-01-11 15:39:13.261573 INFO::Fitting model to feature number 1145, MGYG000368565
2026-01-11 15:39:13.273011 INFO::Fitting model to feature number 1146, UBA7109 sp910580235
2026-01-11 15:39:13.284723 INFO::Fitting model to feature number 1147, MGYG000324764
2026-01-11 15:39:13.29432 INFO::Fitting model to feature number 1148, MGYG000324065
2026-01-11 15:39:13.305663 INFO::Fitting model to feature number 1149, Roseburia sp910577925
2026-01-11 15:39:13.313626 INFO::Fitting model to feature number 1150, MGYG000328589
2026-01-11 15:39:13.323283 INFO::Fitting model to feature number 1151, MGYG000393816
2026-01-11 15:39:13.331558 INFO::Fitting model to feature number 1152, Butyribacter sp910579085
2026-01-11 15:39:13.341408 INFO::Fitting model to feature number 1153, MGYG000329302
2026-01-11 15:39:13.350053 INFO::Fitting model to feature number 1154, MGYG000348373
2026-01-11 15:39:13.361295 INFO::Fitting model to feature number 1155, MGYG000325401
2026-01-11 15:39:13.370102 INFO::Fitting model to feature number 1156, Butyribacter sp910586555
2026-01-11 15:39:13.378274 INFO::Fitting model to feature number 1157, Butyribacter sp910586605
2026-01-11 15:39:13.388956 INFO::Fitting model to feature number 1158, 1XD8-76 sp003611955
2026-01-11 15:39:13.400299 INFO::Fitting model to feature number 1159, 1XD8-76 sp910584915
2026-01-11 15:39:13.413295 INFO::Fitting model to feature number 1160, 1XD8-76 sp022799355
2026-01-11 15:39:13.42258 INFO::Fitting model to feature number 1161, Blautia coccoides
2026-01-11 15:39:13.430202 INFO::Fitting model to feature number 1162, Blautia hominis
2026-01-11 15:39:13.439546 INFO::Fitting model to feature number 1163, MGYG000330300
2026-01-11 15:39:13.447634 INFO::Fitting model to feature number 1164, Blautia sp001304935
2026-01-11 15:39:13.456836 INFO::Fitting model to feature number 1165, MGYG000411610
2026-01-11 15:39:13.464688 INFO::Fitting model to feature number 1166, Acetatifactor sp910578215
2026-01-11 15:39:13.473653 INFO::Fitting model to feature number 1167, MGYG000403847
2026-01-11 15:39:13.483782 INFO::Fitting model to feature number 1168, Acetatifactor sp910585665
2026-01-11 15:39:13.493072 INFO::Fitting model to feature number 1169, MGYG000410724
2026-01-11 15:39:13.505754 INFO::Fitting model to feature number 1170, MGYG000329148
2026-01-11 15:39:13.515105 INFO::Fitting model to feature number 1171, MGYG000331408
2026-01-11 15:39:13.526443 INFO::Fitting model to feature number 1172, MGYG000331279
2026-01-11 15:39:13.547921 INFO::Fitting model to feature number 1173, Acetatifactor sp910584375
2026-01-11 15:39:13.56258 INFO::Fitting model to feature number 1174, MGYG000345025
2026-01-11 15:39:13.575006 INFO::Fitting model to feature number 1175, Acetatifactor sp910586435
2026-01-11 15:39:13.589522 INFO::Fitting model to feature number 1176, MGYG000330154
2026-01-11 15:39:13.599254 INFO::Fitting model to feature number 1177, Acetatifactor sp910586215
2026-01-11 15:39:13.608952 INFO::Fitting model to feature number 1178, Acetatifactor sp011959105
2026-01-11 15:39:13.621787 INFO::Fitting model to feature number 1179, Acetatifactor sp910586515
2026-01-11 15:39:13.6323 INFO::Fitting model to feature number 1180, MGYG000325688
2026-01-11 15:39:13.646169 INFO::Fitting model to feature number 1181, MGYG000325419
2026-01-11 15:39:13.657131 INFO::Fitting model to feature number 1182, Acetatifactor sp910585015
2026-01-11 15:39:13.665692 INFO::Fitting model to feature number 1183, Acetatifactor sp910577665
2026-01-11 15:39:13.678688 INFO::Fitting model to feature number 1184, MGYG000329799
2026-01-11 15:39:13.691634 INFO::Fitting model to feature number 1185, Acetatifactor sp910588225
2026-01-11 15:39:13.699636 INFO::Fitting model to feature number 1186, MGYG000410939
2026-01-11 15:39:13.710757 INFO::Fitting model to feature number 1187, MGYG000327533
2026-01-11 15:39:13.723237 INFO::Fitting model to feature number 1188, Acetatifactor sp022797535
2026-01-11 15:39:13.734887 INFO::Fitting model to feature number 1189, MGYG000329051
2026-01-11 15:39:13.746508 INFO::Fitting model to feature number 1190, MGYG000324774
2026-01-11 15:39:13.758932 INFO::Fitting model to feature number 1191, Lachnospira sp910587485
2026-01-11 15:39:13.770588 INFO::Fitting model to feature number 1192, Anaerostipes caccae
2026-01-11 15:39:13.784217 INFO::Fitting model to feature number 1193, 1XD42-69 sp910585825
2026-01-11 15:39:13.79764 INFO::Fitting model to feature number 1194, 1XD42-69 sp910586725
2026-01-11 15:39:13.810176 INFO::Fitting model to feature number 1195, MGYG000325395
2026-01-11 15:39:13.818969 INFO::Fitting model to feature number 1196, 1XD42-69 sp910586355
2026-01-11 15:39:13.828233 INFO::Fitting model to feature number 1197, MGYG000330490
2026-01-11 15:39:13.837976 INFO::Fitting model to feature number 1198, 1XD42-69 sp910589105
2026-01-11 15:39:13.845633 INFO::Fitting model to feature number 1199, MGYG000327486
2026-01-11 15:39:13.854023 INFO::Fitting model to feature number 1200, MGYG000331229
2026-01-11 15:39:13.862163 INFO::Fitting model to feature number 1201, UBA3402 sp910588505
2026-01-11 15:39:13.871209 INFO::Fitting model to feature number 1202, UBA3402 sp022792815
2026-01-11 15:39:13.87947 INFO::Fitting model to feature number 1203, UBA3402 sp910579515
2026-01-11 15:39:13.888021 INFO::Fitting model to feature number 1204, MGYG000410806
2026-01-11 15:39:13.896344 INFO::Fitting model to feature number 1205, MGYG000324300
2026-01-11 15:39:13.905209 INFO::Fitting model to feature number 1206, MGYG000324807
2026-01-11 15:39:13.913412 INFO::Fitting model to feature number 1207, MGYG000327237
2026-01-11 15:39:13.923752 INFO::Fitting model to feature number 1208, MGYG000327181
2026-01-11 15:39:13.93201 INFO::Fitting model to feature number 1209, CAG-95 sp910577445
2026-01-11 15:39:13.941637 INFO::Fitting model to feature number 1210, CAG-95 sp002492465
2026-01-11 15:39:13.949527 INFO::Fitting model to feature number 1211, CAG-95 sp910587305
2026-01-11 15:39:13.96164 INFO::Fitting model to feature number 1212, CAG-95 sp910587295
2026-01-11 15:39:13.97121 INFO::Fitting model to feature number 1213, MGYG000410955
2026-01-11 15:39:13.978864 INFO::Fitting model to feature number 1214, MGYG000325519
2026-01-11 15:39:13.987617 INFO::Fitting model to feature number 1215, MGYG000325286
2026-01-11 15:39:13.996551 INFO::Fitting model to feature number 1216, CAG-95 sp000403495
2026-01-11 15:39:14.00632 INFO::Fitting model to feature number 1217, CAG-95 sp014804245
2026-01-11 15:39:14.014564 INFO::Fitting model to feature number 1218, MGYG000324752
2026-01-11 15:39:14.024211 INFO::Fitting model to feature number 1219, MGYG000330445
2026-01-11 15:39:14.042301 INFO::Fitting model to feature number 1220, COE1 sp014239155
2026-01-11 15:39:14.054747 INFO::Fitting model to feature number 1221, MGYG000325661
2026-01-11 15:39:14.070305 INFO::Fitting model to feature number 1222, COE1 sp011959805
2026-01-11 15:39:14.080595 INFO::Fitting model to feature number 1223, COE1 sp009774245
2026-01-11 15:39:14.092016 INFO::Fitting model to feature number 1224, MGYG000325434
2026-01-11 15:39:14.100686 INFO::Fitting model to feature number 1225, COE1 sp910577115
2026-01-11 15:39:14.11188 INFO::Fitting model to feature number 1226, COE1 sp000403215
2026-01-11 15:39:14.123045 INFO::Fitting model to feature number 1227, COE1 sp910588595
2026-01-11 15:39:14.134177 INFO::Fitting model to feature number 1228, COE1 sp910586095
2026-01-11 15:39:14.146549 INFO::Fitting model to feature number 1229, MGYG000325380
2026-01-11 15:39:14.158696 INFO::Fitting model to feature number 1230, MGYG000328561
2026-01-11 15:39:14.17014 INFO::Fitting model to feature number 1231, COE1 sp910578795
2026-01-11 15:39:14.180898 INFO::Fitting model to feature number 1232, COE1 sp003513705
2026-01-11 15:39:14.194216 INFO::Fitting model to feature number 1233, Eubacterium_F sp910577295
2026-01-11 15:39:14.205925 INFO::Fitting model to feature number 1234, Eubacterium_F sp910584065
2026-01-11 15:39:14.218569 INFO::Fitting model to feature number 1235, Eubacterium_F sp910584245
2026-01-11 15:39:14.23119 INFO::Fitting model to feature number 1236, Eubacterium_F sp910589665
2026-01-11 15:39:14.242599 INFO::Fitting model to feature number 1237, Eubacterium_F sp910584645
2026-01-11 15:39:14.251232 INFO::Fitting model to feature number 1238, MGYG000327551
2026-01-11 15:39:14.263843 INFO::Fitting model to feature number 1239, VSOB01 sp910585345
2026-01-11 15:39:14.276844 INFO::Fitting model to feature number 1240, VSOB01 sp910589075
2026-01-11 15:39:14.286929 INFO::Fitting model to feature number 1241, Merdisoma sp910587955
2026-01-11 15:39:14.299513 INFO::Fitting model to feature number 1242, MGYG000331110
2026-01-11 15:39:14.311731 INFO::Fitting model to feature number 1243, Eubacterium_J plexicaudatum
2026-01-11 15:39:14.324868 INFO::Fitting model to feature number 1244, Eubacterium_J sp910586445
2026-01-11 15:39:14.335483 INFO::Fitting model to feature number 1245, Eubacterium_J sp910577225
2026-01-11 15:39:14.346526 INFO::Fitting model to feature number 1246, Eubacterium_J sp009774535
2026-01-11 15:39:14.359463 INFO::Fitting model to feature number 1247, Eubacterium_J sp910586225
2026-01-11 15:39:14.372851 INFO::Fitting model to feature number 1248, Eubacterium_J sp910584345
2026-01-11 15:39:14.385456 INFO::Fitting model to feature number 1249, MGYG000327547
2026-01-11 15:39:14.396292 INFO::Fitting model to feature number 1250, MGYG000325711
2026-01-11 15:39:14.409145 INFO::Fitting model to feature number 1251, MGYG000324920
2026-01-11 15:39:14.424103 INFO::Fitting model to feature number 1252, Eubacterium_J sp910586045
2026-01-11 15:39:14.433963 INFO::Fitting model to feature number 1253, MGYG000331263
2026-01-11 15:39:14.444374 INFO::Fitting model to feature number 1254, Kineothrix sp910579645
2026-01-11 15:39:14.457575 INFO::Fitting model to feature number 1255, Kineothrix sp023399455
2026-01-11 15:39:14.466802 INFO::Fitting model to feature number 1256, Kineothrix sp910578405
2026-01-11 15:39:14.479116 INFO::Fitting model to feature number 1257, MGBC164599 sp910584115
2026-01-11 15:39:14.490352 INFO::Fitting model to feature number 1258, MGYG000330773
2026-01-11 15:39:14.500652 INFO::Fitting model to feature number 1259, MGYG000323038
2026-01-11 15:39:14.513485 INFO::Fitting model to feature number 1260, Caccovicinus sp910589195
2026-01-11 15:39:14.524865 INFO::Fitting model to feature number 1261, Copromonas sp910585355
2026-01-11 15:39:14.539825 INFO::Fitting model to feature number 1262, MGYG000329350
2026-01-11 15:39:14.556907 INFO::Fitting model to feature number 1263, Copromonas sp900066535
2026-01-11 15:39:14.573259 INFO::Fitting model to feature number 1264, MGYG000346909
2026-01-11 15:39:14.589355 INFO::Fitting model to feature number 1265, Eisenbergiella porci
2026-01-11 15:39:14.599889 INFO::Fitting model to feature number 1266, MGYG000379181
2026-01-11 15:39:14.610425 INFO::Fitting model to feature number 1267, CAG-510 sp910578335
2026-01-11 15:39:14.619995 INFO::Fitting model to feature number 1268, CAG-510 sp910577015
2026-01-11 15:39:14.63198 INFO::Fitting model to feature number 1269, MGYG000325414
2026-01-11 15:39:14.645423 INFO::Fitting model to feature number 1270, MGYG000328974
2026-01-11 15:39:14.658516 INFO::Fitting model to feature number 1271, MGYG000329478
2026-01-11 15:39:14.66822 INFO::Fitting model to feature number 1272, SIG307 sp910577175
2026-01-11 15:39:14.679654 INFO::Fitting model to feature number 1273, Clostridium_Q symbiosum
2026-01-11 15:39:14.692307 INFO::Fitting model to feature number 1274, Clostridium_Q sp009911305
2026-01-11 15:39:14.704937 INFO::Fitting model to feature number 1275, Enterocloster bolteae
2026-01-11 15:39:14.717684 INFO::Fitting model to feature number 1276, MGYG000330164
2026-01-11 15:39:14.727429 INFO::Fitting model to feature number 1277, MGYG000323607
2026-01-11 15:39:14.737082 INFO::Fitting model to feature number 1278, RGIG4057 sp910577675
2026-01-11 15:39:14.746143 INFO::Fitting model to feature number 1279, RGIG8607 sp910588535
2026-01-11 15:39:14.757914 INFO::Fitting model to feature number 1280, MGBC131033 sp910585655
2026-01-11 15:39:14.768579 INFO::Fitting model to feature number 1281, MGYG000409986
2026-01-11 15:39:14.778911 INFO::Fitting model to feature number 1282, MGYG000323124
2026-01-11 15:39:14.789056 INFO::Fitting model to feature number 1283, MGYG000327294
2026-01-11 15:39:14.797869 INFO::Fitting model to feature number 1284, RUG115 sp910578885
2026-01-11 15:39:14.809273 INFO::Fitting model to feature number 1285, MGYG000328329
2026-01-11 15:39:14.819054 INFO::Fitting model to feature number 1286, MGYG000410396
2026-01-11 15:39:14.830071 INFO::Fitting model to feature number 1287, RGIG7193 sp910586125
2026-01-11 15:39:14.842551 INFO::Fitting model to feature number 1288, MGYG000325636
2026-01-11 15:39:14.855382 INFO::Fitting model to feature number 1289, Agathobacter sp910587655
2026-01-11 15:39:14.866488 INFO::Fitting model to feature number 1290, MGYG000410161
2026-01-11 15:39:14.928384 INFO::Fitting model to feature number 1291, MGYG000327199
2026-01-11 15:39:14.943784 INFO::Fitting model to feature number 1292, RGIG3040 sp910585715
2026-01-11 15:39:14.957946 INFO::Fitting model to feature number 1293, Butyrivibrio_A sp000431815
2026-01-11 15:39:14.970426 INFO::Fitting model to feature number 1294, MGYG000325389
2026-01-11 15:39:14.9842 INFO::Fitting model to feature number 1295, CAG-303 sp910577835
2026-01-11 15:39:14.998558 INFO::Fitting model to feature number 1296, CAG-303 sp910584685
2026-01-11 15:39:15.013164 INFO::Fitting model to feature number 1297, MGYG000327534
2026-01-11 15:39:15.027371 INFO::Fitting model to feature number 1298, An181 sp910585545
2026-01-11 15:39:15.04225 INFO::Fitting model to feature number 1299, RGIG3002 sp910579805
2026-01-11 15:39:15.058573 INFO::Fitting model to feature number 1300, MGYG000323516
2026-01-11 15:39:15.074366 INFO::Fitting model to feature number 1301, MGBC120314 sp910584325
2026-01-11 15:39:15.091744 INFO::Fitting model to feature number 1302, MGYG000328392
2026-01-11 15:39:15.105479 INFO::Fitting model to feature number 1303, CAG-632 sp910587045
2026-01-11 15:39:15.118934 INFO::Fitting model to feature number 1304, MGBC136627 sp910585935
2026-01-11 15:39:15.133198 INFO::Fitting model to feature number 1305, MGBC165282 sp910589265
2026-01-11 15:39:15.148422 INFO::Fitting model to feature number 1306, Mediterraneibacter_A sp022790755
2026-01-11 15:39:15.16242 INFO::Fitting model to feature number 1307, Hungatella effluvii
2026-01-11 15:39:15.175932 INFO::Fitting model to feature number 1308, Mobilitalea sp023395555
2026-01-11 15:39:15.187263 INFO::Fitting model to feature number 1309, Fusicatenibacter saccharivorans
2026-01-11 15:39:15.200033 INFO::Fitting model to feature number 1310, CAG-411 sp014799595
2026-01-11 15:39:15.212325 INFO::Fitting model to feature number 1311, MGYG000323744
2026-01-11 15:39:15.223427 INFO::Fitting model to feature number 1312, MGBC143606 sp910587935
2026-01-11 15:39:15.233001 INFO::Fitting model to feature number 1313, C-53 sp003612525
2026-01-11 15:39:15.243866 INFO::Fitting model to feature number 1314, Ruminococcus_B gnavus
2026-01-11 15:39:15.25343 INFO::Fitting model to feature number 1315, Frisingicoccus caecimuris
2026-01-11 15:39:15.26267 INFO::Fitting model to feature number 1316, MGYG000326088
2026-01-11 15:39:15.272329 INFO::Fitting model to feature number 1317, Lawsonibacter sp900066645
2026-01-11 15:39:15.281357 INFO::Fitting model to feature number 1318, MGYG000327494
2026-01-11 15:39:15.291124 INFO::Fitting model to feature number 1319, MGYG000325423
2026-01-11 15:39:15.299575 INFO::Fitting model to feature number 1320, Dysosmobacter sp022797935
2026-01-11 15:39:15.309257 INFO::Fitting model to feature number 1321, MGYG000327261
2026-01-11 15:39:15.319124 INFO::Fitting model to feature number 1322, Dysosmobacter sp910588005
2026-01-11 15:39:15.328358 INFO::Fitting model to feature number 1323, Dysosmobacter sp001916835
2026-01-11 15:39:15.33794 INFO::Fitting model to feature number 1324, Dysosmobacter sp910585165
2026-01-11 15:39:15.347091 INFO::Fitting model to feature number 1325, MGYG000329398
2026-01-11 15:39:15.358348 INFO::Fitting model to feature number 1326, MGYG000322989
2026-01-11 15:39:15.369382 INFO::Fitting model to feature number 1327, MGYG000323872
2026-01-11 15:39:15.381075 INFO::Fitting model to feature number 1328, Pelethomonas sp022797115
2026-01-11 15:39:15.394354 INFO::Fitting model to feature number 1329, Pelethomonas sp910584045
2026-01-11 15:39:15.40351 INFO::Fitting model to feature number 1330, MGYG000325682
2026-01-11 15:39:15.413979 INFO::Fitting model to feature number 1331, MGYG000329870
2026-01-11 15:39:15.424369 INFO::Fitting model to feature number 1332, MGYG000409933
2026-01-11 15:39:15.438018 INFO::Fitting model to feature number 1333, MGYG000325610
2026-01-11 15:39:15.446637 INFO::Fitting model to feature number 1334, Faecousia sp900544705
2026-01-11 15:39:15.455759 INFO::Fitting model to feature number 1335, MGYG000327369
2026-01-11 15:39:15.465057 INFO::Fitting model to feature number 1336, MGYG000327333
2026-01-11 15:39:15.475073 INFO::Fitting model to feature number 1337, Marseille-P3106 sp905219705
2026-01-11 15:39:15.483788 INFO::Fitting model to feature number 1338, Marseille-P3106 sp910577415
2026-01-11 15:39:15.494139 INFO::Fitting model to feature number 1339, MGYG000329177
2026-01-11 15:39:15.50791 INFO::Fitting model to feature number 1340, HGM13010 sp022800755
2026-01-11 15:39:15.516624 INFO::Fitting model to feature number 1341, Flavonifractor plautii
2026-01-11 15:39:15.526833 INFO::Fitting model to feature number 1342, Intestinimonas butyriciproducens
2026-01-11 15:39:15.534833 INFO::Fitting model to feature number 1343, MGBC124762 sp910579775
2026-01-11 15:39:15.545837 INFO::Fitting model to feature number 1344, MGYG000329700
2026-01-11 15:39:15.55985 INFO::Fitting model to feature number 1345, MGYG000323009
2026-01-11 15:39:15.570966 INFO::Fitting model to feature number 1346, MGYG000326780
2026-01-11 15:39:15.583675 INFO::Fitting model to feature number 1347, MGYG000329402
2026-01-11 15:39:15.595577 INFO::Fitting model to feature number 1348, MGYG000411571
2026-01-11 15:39:15.6074 INFO::Fitting model to feature number 1349, MGYG000356933
2026-01-11 15:39:15.619423 INFO::Fitting model to feature number 1350, MGYG000376485
2026-01-11 15:39:15.632329 INFO::Fitting model to feature number 1351, Fimivicinus sp900544375
2026-01-11 15:39:15.647286 INFO::Fitting model to feature number 1352, Ruminococcus_E sp910585865
2026-01-11 15:39:15.661387 INFO::Fitting model to feature number 1353, UBA1417 sp900549945
2026-01-11 15:39:15.673483 INFO::Fitting model to feature number 1354, MGYG000360413
2026-01-11 15:39:15.684025 INFO::Fitting model to feature number 1355, Ruthenibacterium lactatiformans
2026-01-11 15:39:15.693882 INFO::Fitting model to feature number 1356, MGYG000410556
2026-01-11 15:39:15.704592 INFO::Fitting model to feature number 1357, UBA1394 sp900066845
2026-01-11 15:39:15.713803 INFO::Fitting model to feature number 1358, MGYG000410798
2026-01-11 15:39:15.724306 INFO::Fitting model to feature number 1359, MGYG000327515
2026-01-11 15:39:15.733535 INFO::Fitting model to feature number 1360, MGYG000325568
2026-01-11 15:39:15.743403 INFO::Fitting model to feature number 1361, MGYG000325411
2026-01-11 15:39:15.755332 INFO::Fitting model to feature number 1362, MGYG000328314
2026-01-11 15:39:15.764923 INFO::Fitting model to feature number 1363, UBA1405 sp910589145
2026-01-11 15:39:15.77558 INFO::Fitting model to feature number 1364, CAG-115 sp910587135
2026-01-11 15:39:15.785064 INFO::Fitting model to feature number 1365, CAG-115 sp910577365
2026-01-11 15:39:15.794334 INFO::Fitting model to feature number 1366, CAG-115 sp910587465
2026-01-11 15:39:15.802961 INFO::Fitting model to feature number 1367, Faecalibacterium sp900539945
2026-01-11 15:39:15.812046 INFO::Fitting model to feature number 1368, Faecalibacterium longum
2026-01-11 15:39:15.822486 INFO::Fitting model to feature number 1369, Faecalibacterium prausnitzii_F
2026-01-11 15:39:15.833745 INFO::Fitting model to feature number 1370, MGYG000325416
2026-01-11 15:39:15.844379 INFO::Fitting model to feature number 1371, UBA7177 sp910579545
2026-01-11 15:39:15.853606 INFO::Fitting model to feature number 1372, UBA7177 sp910578965
2026-01-11 15:39:15.862749 INFO::Fitting model to feature number 1373, Neobittarella massiliensis
2026-01-11 15:39:15.877641 INFO::Fitting model to feature number 1374, Gemmiger formicilis
2026-01-11 15:39:15.896012 INFO::Fitting model to feature number 1375, UBA866 sp022791945
2026-01-11 15:39:15.907468 INFO::Fitting model to feature number 1376, UMGS1601 sp900545345
2026-01-11 15:39:15.927977 INFO::Fitting model to feature number 1377, MGYG000410783
2026-01-11 15:39:15.940983 INFO::Fitting model to feature number 1378, MGYG000330170
2026-01-11 15:39:15.959862 INFO::Fitting model to feature number 1379, MGYG000330888
2026-01-11 15:39:15.983853 INFO::Fitting model to feature number 1380, QXXE01 sp910586105
2026-01-11 15:39:16.003119 INFO::Fitting model to feature number 1381, MGYG000330847
2026-01-11 15:39:16.016574 INFO::Fitting model to feature number 1382, MGBC161649 sp910587685
2026-01-11 15:39:16.032477 INFO::Fitting model to feature number 1383, Coproplasma sp910586035
2026-01-11 15:39:16.047534 INFO::Fitting model to feature number 1384, Coproplasma sp910579295
2026-01-11 15:39:16.062883 INFO::Fitting model to feature number 1385, Coproplasma sp910585705
2026-01-11 15:39:16.084699 INFO::Fitting model to feature number 1386, Coproplasma sp910576655
2026-01-11 15:39:16.099054 INFO::Fitting model to feature number 1387, MGYG000410549
2026-01-11 15:39:16.118193 INFO::Fitting model to feature number 1388, Coproplasma sp910577555
2026-01-11 15:39:16.130426 INFO::Fitting model to feature number 1389, Gallimonas sp910586985
2026-01-11 15:39:16.142776 INFO::Fitting model to feature number 1390, Gallimonas sp910586365
2026-01-11 15:39:16.158277 INFO::Fitting model to feature number 1391, Gallimonas sp910589015
2026-01-11 15:39:16.175261 INFO::Fitting model to feature number 1392, Gallimonas sp910586825
2026-01-11 15:39:16.208084 INFO::Fitting model to feature number 1393, Gallimonas sp910586675
2026-01-11 15:39:16.232334 INFO::Fitting model to feature number 1394, Anaerocaecibacter sp910579205
2026-01-11 15:39:16.250331 INFO::Fitting model to feature number 1395, Anaerocaecibacter sp910585055
2026-01-11 15:39:16.267168 INFO::Fitting model to feature number 1396, MGBC157735 sp910588155
2026-01-11 15:39:16.282868 INFO::Fitting model to feature number 1397, Pumilibacter sp910579245
2026-01-11 15:39:16.299479 INFO::Fitting model to feature number 1398, UBA11524 sp000437595
2026-01-11 15:39:16.315293 INFO::Fitting model to feature number 1399, MGYG000388556
2026-01-11 15:39:16.330516 INFO::Fitting model to feature number 1400, Zhenpiania sp910583765
2026-01-11 15:39:16.34363 INFO::Fitting model to feature number 1401, RGIG7179 sp022793795
2026-01-11 15:39:16.357709 INFO::Fitting model to feature number 1402, VUNA01 sp002299625
2026-01-11 15:39:16.371594 INFO::Fitting model to feature number 1403, Clostridioides difficile
2026-01-11 15:39:16.383662 INFO::Fitting model to feature number 1404, MGYG000369796
2026-01-11 15:39:16.397975 INFO::Fitting model to feature number 1405, MGYG000411069
2026-01-11 15:39:16.411559 INFO::Fitting model to feature number 1406, MGYG000328055
2026-01-11 15:39:16.424003 INFO::Fitting model to feature number 1407, MGYG000411369
2026-01-11 15:39:16.435232 INFO::Fitting model to feature number 1408, Clostridium sp910588715
2026-01-11 15:39:16.447003 INFO::Fitting model to feature number 1409, CAG-41 sp010206265
2026-01-11 15:39:16.455895 INFO::Fitting model to feature number 1410, Parasutterella excrementihominis
2026-01-11 15:39:16.464322 INFO::Fitting model to feature number 1411, Escherichia coli
2026-01-11 15:39:16.473459 INFO::Fitting model to feature number 1412, Klebsiella michiganensis
2026-01-11 15:39:16.482696 INFO::Fitting model to feature number 1413, MGYG000408998
2026-01-11 15:39:16.49187 INFO::Fitting model to feature number 1414, MGYG000324409
2026-01-11 15:39:16.501069 INFO::Fitting model to feature number 1415, MGYG000366359
2026-01-11 15:39:16.510011 INFO::Fitting model to feature number 1416, MGYG000411437
2026-01-11 15:39:16.519855 INFO::Fitting model to feature number 1417, MGYG000350430
2026-01-11 15:39:16.529734 INFO::Fitting model to feature number 1418, MGYG000346441
2026-01-11 15:39:16.540734 INFO::Fitting model to feature number 1419, MGYG000322940
2026-01-11 15:39:16.551978 INFO::Fitting model to feature number 1420, MGYG000410841
2026-01-11 15:39:16.563978 INFO::Fitting model to feature number 1421, Zag111 sp910584405
2026-01-11 15:39:16.576159 INFO::Fitting model to feature number 1422, Avigastranaerophilus sp910583875
2026-01-11 15:39:16.585634 INFO::Fitting model to feature number 1423, MGYG000405972
2026-01-11 15:39:16.594642 INFO::Fitting model to feature number 1424, MGYG000410710
2026-01-11 15:39:16.602709 INFO::Fitting model to feature number 1425, Acetatifactor muris
2026-01-11 15:39:16.61201 INFO::Fitting model to feature number 1426, Coprocola sp910587735
2026-01-11 15:39:16.621346 INFO::Fitting model to feature number 1427, MGYG000387050
2026-01-11 15:39:16.633717 INFO::Fitting model to feature number 1428, MGYG000326286
2026-01-11 15:39:16.645758 INFO::Fitting model to feature number 1429, Ruminococcus sp900540005
2026-01-11 15:39:16.657906 INFO::Fitting model to feature number 1430, MGYG000369368
2026-01-11 15:39:16.671001 INFO::Fitting model to feature number 1431, MGYG000330830
2026-01-11 15:39:16.682275 INFO::Fitting model to feature number 1432, Coproplasma sp910578195
2026-01-11 15:39:16.694875 INFO::Fitting model to feature number 1433, MGYG000329863
2026-01-11 15:39:16.708998 INFO::Fitting model to feature number 1434, Pseudomonas aeruginosa
2026-01-11 15:39:16.721961 INFO::Fitting model to feature number 1435, C-19 sp022799495
2026-01-11 15:39:16.732071 INFO::Fitting model to feature number 1436, MGBC140090 sp910586805
2026-01-11 15:39:16.743356 INFO::Fitting model to feature number 1437, MGYG000337677
2026-01-11 15:39:16.756609 INFO::Fitting model to feature number 1438, Staphylococcus nepalensis
2026-01-11 15:39:16.768442 INFO::Fitting model to feature number 1439, D16-34 sp910588485
2026-01-11 15:39:16.78051 INFO::Fitting model to feature number 1440, UMGS1502 sp900552365
2026-01-11 15:39:16.790916 INFO::Fitting model to feature number 1441, MGYG000325313
2026-01-11 15:39:16.802244 INFO::Fitting model to feature number 1442, Schaedlerella glycyrrhizinilytica_A
2026-01-11 15:39:16.81533 INFO::Fitting model to feature number 1443, MGYG000322968
2026-01-11 15:39:16.828331 INFO::Fitting model to feature number 1444, Butyribacter sp003612285
2026-01-11 15:39:16.838719 INFO::Fitting model to feature number 1445, Butyribacter sp910580005
2026-01-11 15:39:16.850373 INFO::Fitting model to feature number 1446, MGYG000325492
2026-01-11 15:39:16.85978 INFO::Fitting model to feature number 1447, Acetatifactor sp910578815
2026-01-11 15:39:16.87267 INFO::Fitting model to feature number 1448, Acetatifactor sp910583845
2026-01-11 15:39:16.88396 INFO::Fitting model to feature number 1449, Acetatifactor sp910587755
2026-01-11 15:39:16.894122 INFO::Fitting model to feature number 1450, MGYG000329698
2026-01-11 15:39:16.902936 INFO::Fitting model to feature number 1451, CAG-95 sp009774465
2026-01-11 15:39:16.913217 INFO::Fitting model to feature number 1452, MGYG000410124
2026-01-11 15:39:16.923987 INFO::Fitting model to feature number 1453, UBA2882 sp002362385
2026-01-11 15:39:16.932958 INFO::Fitting model to feature number 1454, MGYG000350270
2026-01-11 15:39:16.943513 INFO::Fitting model to feature number 1455, MGYG000411484
2026-01-11 15:39:16.951343 INFO::Fitting model to feature number 1456, 1XD42-69 sp003612565
2026-01-11 15:39:16.96136 INFO::Fitting model to feature number 1457, MGYG000324730
2026-01-11 15:39:16.973032 INFO::Fitting model to feature number 1458, Blautia_A wexlerae
2026-01-11 15:39:16.983687 INFO::Fitting model to feature number 1459, Bariatricus comes
2026-01-11 15:39:16.993393 INFO::Fitting model to feature number 1460, Wujia sp002493625
2026-01-11 15:39:17.001607 INFO::Fitting model to feature number 1461, MGYG000322947
2026-01-11 15:39:17.013009 INFO::Fitting model to feature number 1462, MGYG000322925
2026-01-11 15:39:17.021696 INFO::Fitting model to feature number 1463, MGYG000325949
2026-01-11 15:39:17.032016 INFO::Fitting model to feature number 1464, Acutalibacter ornithocaccae
2026-01-11 15:39:17.045451 INFO::Fitting model to feature number 1465, Eubacterium_R sp910577195
2026-01-11 15:39:17.05894 INFO::Fitting model to feature number 1466, Avimonas_A sp022800315
2026-01-11 15:39:17.075996 INFO::Fitting model to feature number 1467, UBA3818 sp904397845
2026-01-11 15:39:17.092717 INFO::Fitting model to feature number 1468, MGYG000354216
2026-01-11 15:39:17.124675 INFO::Fitting model to feature number 1469, MGYG000350425
2026-01-11 15:39:17.144673 INFO::Fitting model to feature number 1470, MGYG000340095
2026-01-11 15:39:17.175483 INFO::Fitting model to feature number 1471, MGYG000336507
2026-01-11 15:39:17.193655 INFO::Fitting model to feature number 1472, Agrobacterium pusense
2026-01-11 15:39:17.229081 INFO::Fitting model to feature number 1473, MGYG000325577
2026-01-11 15:39:17.259744 INFO::Fitting model to feature number 1474, MGYG000325533
2026-01-11 15:39:17.279501 INFO::Fitting model to feature number 1475, MGYG000325642
2026-01-11 15:39:17.292964 INFO::Fitting model to feature number 1476, Limisoma sp900544305
2026-01-11 15:39:17.306124 INFO::Fitting model to feature number 1477, MGYG000325376
2026-01-11 15:39:17.319024 INFO::Fitting model to feature number 1478, Alistipes putredinis
2026-01-11 15:39:17.347778 INFO::Fitting model to feature number 1479, MGYG000325739
2026-01-11 15:39:17.362 INFO::Fitting model to feature number 1480, MGYG000325349
2026-01-11 15:39:17.389693 INFO::Fitting model to feature number 1481, Alistipes onderdonkii
2026-01-11 15:39:17.418857 INFO::Fitting model to feature number 1482, Alistipes sp003979135
2026-01-11 15:39:17.429809 INFO::Fitting model to feature number 1483, Alistipes_A ihumii
2026-01-11 15:39:17.439173 INFO::Fitting model to feature number 1484, Paraprevotella stercorigallinarum
2026-01-11 15:39:17.452389 INFO::Fitting model to feature number 1485, MGYG000325375
2026-01-11 15:39:17.466137 INFO::Fitting model to feature number 1486, UBA2730 sp022793235
2026-01-11 15:39:17.479442 INFO::Fitting model to feature number 1487, Bacillus licheniformis
2026-01-11 15:39:17.493273 INFO::Fitting model to feature number 1488, Mailhella sp910577155
2026-01-11 15:39:17.506633 INFO::Fitting model to feature number 1489, COE1 sp910586405
2026-01-11 15:39:17.519577 INFO::Fitting model to feature number 1490, MGYG000329391
2026-01-11 15:39:17.532429 INFO::Fitting model to feature number 1491, MGYG000327122
2026-01-11 15:39:17.541285 INFO::Fitting model to feature number 1492, MGYG000324350
2026-01-11 15:39:17.551831 INFO::Fitting model to feature number 1493, Copromonas sp000435795
2026-01-11 15:39:17.563783 INFO::Fitting model to feature number 1494, Kineothrix sp910586275
2026-01-11 15:39:17.573834 INFO::Fitting model to feature number 1495, MGYG000327375
2026-01-11 15:39:17.584012 INFO::Fitting model to feature number 1496, MGYG000331235
2026-01-11 15:39:17.593758 INFO::Fitting model to feature number 1497, MGYG000411179
2026-01-11 15:39:17.601401 INFO::Fitting model to feature number 1498, MGYG000323634
2026-01-11 15:39:17.611469 INFO::Fitting model to feature number 1499, Escherichia ruysiae
2026-01-11 15:39:17.659129 INFO::Fitting model to feature number 1500, Klebsiella variicola
2026-01-11 15:39:17.668655 INFO::Fitting model to feature number 1501, UBA7185 sp910585405
2026-01-11 15:39:17.678208 INFO::Fitting model to feature number 1502, Streptococcus danieliae
2026-01-11 15:39:17.687722 INFO::Fitting model to feature number 1503, MGYG000325510
2026-01-11 15:39:17.696532 INFO::Fitting model to feature number 1504, MGBC107952 sp910578855
2026-01-11 15:39:17.706139 INFO::Fitting model to feature number 1505, MGYG000322996
2026-01-11 15:39:17.716704 INFO::Fitting model to feature number 1506, Niallia sp001076885
2026-01-11 15:39:17.727265 INFO::Fitting model to feature number 1507, MGYG000387335
2026-01-11 15:39:17.73861 INFO::Fitting model to feature number 1508, UBA3282 sp910586615
2026-01-11 15:39:17.748685 INFO::Fitting model to feature number 1509, UBA3282 sp910584965
2026-01-11 15:39:17.761694 INFO::Fitting model to feature number 1510, MGYG000325483
2026-01-11 15:39:17.774287 INFO::Fitting model to feature number 1511, MGYG000325802
2026-01-11 15:39:17.785819 INFO::Fitting model to feature number 1512, UBA3282 sp910578715
2026-01-11 15:39:17.798742 INFO::Fitting model to feature number 1513, UBA3282 sp910578475
2026-01-11 15:39:17.812204 INFO::Fitting model to feature number 1514, MGYG000325455
2026-01-11 15:39:17.826548 INFO::Fitting model to feature number 1515, MGYG000330215
2026-01-11 15:39:17.840576 INFO::Fitting model to feature number 1516, Eubacterium_F sp910583555
2026-01-11 15:39:17.855253 INFO::Fitting model to feature number 1517, 14-2 sp910588885
2026-01-11 15:39:17.869595 INFO::Fitting model to feature number 1518, MGYG000325200
2026-01-11 15:39:17.884138 INFO::Fitting model to feature number 1519, COE1 sp910588755
2026-01-11 15:39:17.898817 INFO::Fitting model to feature number 1520, COE1 sp009774375
2026-01-11 15:39:17.914661 INFO::Fitting model to feature number 1521, MGYG000324875
2026-01-11 15:39:17.929868 INFO::Fitting model to feature number 1522, CAG-510 sp003979355
2026-01-11 15:39:17.944318 INFO::Fitting model to feature number 1523, RGIG4057 sp910585065
2026-01-11 15:39:17.960537 INFO::Fitting model to feature number 1524, CAG-603 sp022794265
2026-01-11 15:39:17.973924 INFO::Fitting model to feature number 1525, MGYG000325692
2026-01-11 15:39:17.985945 INFO::Fitting model to feature number 1526, MGYG000328520
2026-01-11 15:39:17.995528 INFO::Fitting model to feature number 1527, MGYG000325327
2026-01-11 15:39:18.020135 INFO::Fitting model to feature number 1528, MGYG000325605
2026-01-11 15:39:18.036763 INFO::Fitting model to feature number 1529, MGYG000410975
2026-01-11 15:39:18.084352 INFO::Fitting model to feature number 1530, MGYG000360335
2026-01-11 15:39:18.156132 INFO::Fitting model to feature number 1531, MGYG000324400
2026-01-11 15:39:18.233747 INFO::Fitting model to feature number 1532, MGYG000357081
2026-01-11 15:39:18.292709 INFO::Fitting model to feature number 1533, MGYG000410809
2026-01-11 15:39:18.322138 INFO::Fitting model to feature number 1534, Anaerotardibacter sp000434775
2026-01-11 15:39:18.362681 INFO::Fitting model to feature number 1535, MGYG000325716
2026-01-11 15:39:18.402564 INFO::Fitting model to feature number 1536, Eubacterium_F sp910589595
2026-01-11 15:39:18.417582 INFO::Fitting model to feature number 1537, Acetatifactor sp910584435
2026-01-11 15:39:18.430966 INFO::Fitting model to feature number 1538, Butyribacter sp003611745
2026-01-11 15:39:18.443862 INFO::Fitting model to feature number 1539, MGYG000410930
2026-01-11 15:39:18.452479 INFO::Fitting model to feature number 1540, MGYG000328377
2026-01-11 15:39:18.462876 INFO::Fitting model to feature number 1541, Dorea_A longicatena
2026-01-11 15:39:18.473475 INFO::Fitting model to feature number 1542, MGYG000323390
2026-01-11 15:39:18.484319 INFO::Fitting model to feature number 1543, Evtepia sp004556345
2026-01-11 15:39:18.495004 INFO::Fitting model to feature number 1544, Evtepia gabavorous
2026-01-11 15:39:18.506322 INFO::Fitting model to feature number 1545, Eubacterium_R sp009774735
2026-01-11 15:39:18.516494 INFO::Fitting model to feature number 1546, MGYG000325665
2026-01-11 15:39:18.527526 INFO::Fitting model to feature number 1547, MGYG000325508
2026-01-11 15:39:18.536613 INFO::Fitting model to feature number 1548, MGYG000327115
2026-01-11 15:39:18.549325 INFO::Fitting model to feature number 1549, MGYG000358052
2026-01-11 15:39:18.564923 INFO::Fitting model to feature number 1550, MGYG000325728
2026-01-11 15:39:18.579529 INFO::Fitting model to feature number 1551, MGYG000410730
2026-01-11 15:39:18.594131 INFO::Fitting model to feature number 1552, MGYG000325708
2026-01-11 15:39:18.605759 INFO::Fitting model to feature number 1553, MGYG000383351
2026-01-11 15:39:18.61633 INFO::Fitting model to feature number 1554, MGYG000328450
2026-01-11 15:39:18.629831 INFO::Fitting model to feature number 1555, MGYG000410978
2026-01-11 15:39:18.642145 INFO::Fitting model to feature number 1556, Agathobacter rectalis
2026-01-11 15:39:18.655516 INFO::Fitting model to feature number 1557, MGBC114844 sp910585855
2026-01-11 15:39:18.670261 INFO::Fitting model to feature number 1558, JAAVZI01 sp022791575
2026-01-11 15:39:18.684344 INFO::Fitting model to feature number 1559, MGYG000411499
2026-01-11 15:39:18.697481 INFO::Fitting model to feature number 1560, CAJFUH01 sp022799115
2026-01-11 15:39:18.710701 INFO::Fitting model to feature number 1561, QAKD01 sp022793975
2026-01-11 15:39:18.723788 INFO::Fitting model to feature number 1562, Dielma fastidiosa
2026-01-11 15:39:18.732533 INFO::Fitting model to feature number 1563, MGYG000330584
2026-01-11 15:39:18.742977 INFO::Fitting model to feature number 1564, MGYG000410602
2026-01-11 15:39:18.753508 INFO::Fitting model to feature number 1565, Howiella sp022791355
2026-01-11 15:39:18.762769 INFO::Fitting model to feature number 1566, QXXE01 sp910589115
2026-01-11 15:39:18.774735 INFO::Fitting model to feature number 1567, Anaerocaecibacter sp910587805
2026-01-11 15:39:18.786664 INFO::Fitting model to feature number 1568, MGYG000376566
2026-01-11 15:39:18.797013 INFO::Fitting model to feature number 1569, CAG-267 sp910576955
2026-01-11 15:39:18.807979 INFO::Fitting model to feature number 1570, MGYG000335208
2026-01-11 15:39:18.817703 INFO::Fitting model to feature number 1571, MGYG000325474
2026-01-11 15:39:18.831005 INFO::Fitting model to feature number 1572, Gallimonas sp910588465
2026-01-11 15:39:18.843762 INFO::Fitting model to feature number 1573, MGYG000325340
2026-01-11 15:39:18.855821 INFO::Fitting model to feature number 1574, MGYG000325552
2026-01-11 15:39:18.869017 INFO::Fitting model to feature number 1575, MGYG000328455
2026-01-11 15:39:18.88274 INFO::Fitting model to feature number 1576, MGYG000330031
2026-01-11 15:39:18.895579 INFO::Fitting model to feature number 1577, UBA3818 sp910578255
2026-01-11 15:39:18.909554 INFO::Fitting model to feature number 1578, MGYG000344714
2026-01-11 15:39:18.922476 INFO::Fitting model to feature number 1579, Atopostipes sp910588235
2026-01-11 15:39:18.936493 INFO::Fitting model to feature number 1580, MGBC119817 sp910585335
2026-01-11 15:39:18.951668 INFO::Fitting model to feature number 1581, MGYG000325412
2026-01-11 15:39:18.966295 INFO::Fitting model to feature number 1582, MGYG000329682
2026-01-11 15:39:18.980454 INFO::Fitting model to feature number 1583, Streptococcus sp000187445
2026-01-11 15:39:18.994741 INFO::Fitting model to feature number 1584, Mycobacterium aubagnense
2026-01-11 15:39:19.008784 INFO::Fitting model to feature number 1585, Pseudomonas_E shahriarae
2026-01-11 15:39:19.480069 INFO::Counting total values for each feature
2026-01-11 15:39:19.649223 INFO::Re-running abundances for warn_prevalence
2026-01-11 15:39:19.651229 INFO::Running selected normalization method: TSS
2026-01-11 15:39:19.764078 INFO::Running selected transform method: LOG
2026-01-11 15:39:19.825165 DEBUG::Object: augment, Size: 56
2026-01-11 15:39:19.826032 DEBUG::Object: cluster, Size: 0
2026-01-11 15:39:19.826764 DEBUG::Object: cores, Size: 56
2026-01-11 15:39:19.827411 DEBUG::Object: correction, Size: 112
2026-01-11 15:39:19.827975 DEBUG::Object: extract_out, Size: 1416
2026-01-11 15:39:19.828549 DEBUG::Object: feature_specific_covariate, Size: 0
2026-01-11 15:39:19.82915 DEBUG::Object: feature_specific_covariate_name, Size: 0
2026-01-11 15:39:19.829671 DEBUG::Object: feature_specific_covariate_record, Size: 0
2026-01-11 15:39:19.830385 DEBUG::Object: features, Size: 437160
2026-01-11 15:39:19.830925 DEBUG::Object: formula, Size: 1008
2026-01-11 15:39:19.8315 DEBUG::Object: fun_list, Size: 58768
2026-01-11 15:39:19.832192 DEBUG::Object: func_to_run, Size: 435336
2026-01-11 15:39:19.83271 DEBUG::Object: groups, Size: 48
2026-01-11 15:39:19.833286 DEBUG::Object: median_comparison, Size: 56
2026-01-11 15:39:19.833742 DEBUG::Object: median_comparison_threshold, Size: 56
2026-01-11 15:39:19.834202 DEBUG::Object: metadata, Size: 7312
2026-01-11 15:39:19.834671 DEBUG::Object: model, Size: 112
2026-01-11 15:39:19.835146 DEBUG::Object: model_function, Size: 8864
2026-01-11 15:39:19.835647 DEBUG::Object: ordereds, Size: 48
2026-01-11 15:39:19.836123 DEBUG::Object: random_effects_formula, Size: 0
2026-01-11 15:39:19.836586 DEBUG::Object: ranef_function, Size: 0
2026-01-11 15:39:19.837083 DEBUG::Object: save_models, Size: 56
2026-01-11 15:39:19.837548 DEBUG::Object: small_random_effects, Size: 56
2026-01-11 15:39:19.838024 DEBUG::Object: strata, Size: 48
2026-01-11 15:39:19.838511 DEBUG::Object: subtract_median, Size: 56
2026-01-11 15:39:19.839285 DEBUG::Object: summary_function, Size: 49424
2026-01-11 15:39:19.840282 DEBUG::Object: func_to_run, Size: 435336
2026-01-11 15:39:19.841077 INFO::Fitting model to feature number 1, Akkermansia muciniphila_A
2026-01-11 15:39:19.849828 INFO::Fitting model to feature number 2, Akkermansia muciniphila
2026-01-11 15:39:19.858272 INFO::Fitting model to feature number 3, Faecalibaculum rodentium
2026-01-11 15:39:19.866461 INFO::Fitting model to feature number 4, Pelethenecus sp910579215
2026-01-11 15:39:19.875056 INFO::Fitting model to feature number 5, MGYG000325581
2026-01-11 15:39:19.882231 WARNING::Fitting problem for feature 5 returning NA
2026-01-11 15:39:19.88988 INFO::Fitting model to feature number 6, Alistipes finegoldii
2026-01-11 15:39:19.899221 INFO::Fitting model to feature number 7, MGYG000325477
2026-01-11 15:39:19.908365 INFO::Fitting model to feature number 8, Paramuribaculum sp001689535
2026-01-11 15:39:19.91679 INFO::Fitting model to feature number 9, Paramuribaculum sp910587425
2026-01-11 15:39:19.924721 INFO::Fitting model to feature number 10, Muribaculum intestinale
2026-01-11 15:39:19.930649 INFO::Fitting model to feature number 11, NM07-P-09 sp004793925
2026-01-11 15:39:19.93641 INFO::Fitting model to feature number 12, ZJ304 sp910584145
2026-01-11 15:39:19.943081 INFO::Fitting model to feature number 13, Bifidobacterium globosum
2026-01-11 15:39:19.949226 INFO::Fitting model to feature number 14, MGYG000333678
2026-01-11 15:39:19.954873 INFO::Fitting model to feature number 15, Schaedlerella sp910575475
2026-01-11 15:39:19.963119 INFO::Fitting model to feature number 16, Lawsonibacter sp910588635
2026-01-11 15:39:19.970241 INFO::Fitting model to feature number 17, MGBC122484 sp910587055
2026-01-11 15:39:19.977339 INFO::Fitting model to feature number 18, Desulfovibrio sp009773975
2026-01-11 15:39:19.982548 INFO::Fitting model to feature number 19, NM07-P-09 sp004793665
2026-01-11 15:39:19.9883 INFO::Fitting model to feature number 20, MGBC105563 sp910579165
2026-01-11 15:39:19.995062 INFO::Fitting model to feature number 21, MGYG000327895
2026-01-11 15:39:20.001891 INFO::Fitting model to feature number 22, Paratractidigestivibacter faecalis
2026-01-11 15:39:20.009107 INFO::Fitting model to feature number 23, Paratractidigestivibacter sp900540955
2026-01-11 15:39:20.012081 WARNING::Fitting problem for feature 23 returning NA
2026-01-11 15:39:20.014938 INFO::Fitting model to feature number 24, MGYG000330582
2026-01-11 15:39:20.020597 INFO::Fitting model to feature number 25, MGYG000329032
2026-01-11 15:39:20.026902 INFO::Fitting model to feature number 26, Adlercreutzia muris
2026-01-11 15:39:20.032961 INFO::Fitting model to feature number 27, Adlercreutzia caecimuris
2026-01-11 15:39:20.039398 INFO::Fitting model to feature number 28, Adlercreutzia mucosicola
2026-01-11 15:39:20.04719 INFO::Fitting model to feature number 29, MGYG000329825
2026-01-11 15:39:20.055398 INFO::Fitting model to feature number 30, Adlercreutzia hattorii
2026-01-11 15:39:20.064412 INFO::Fitting model to feature number 31, Adlercreutzia sp910589165
2026-01-11 15:39:20.071946 INFO::Fitting model to feature number 32, MGYG000329537
2026-01-11 15:39:20.081142 INFO::Fitting model to feature number 33, MGYG000327852
2026-01-11 15:39:20.088265 INFO::Fitting model to feature number 34, Adlercreutzia sp910585575
2026-01-11 15:39:20.09483 INFO::Fitting model to feature number 35, MGBC163016 sp910588205
2026-01-11 15:39:20.100432 INFO::Fitting model to feature number 36, MGBC163016 sp910589135
2026-01-11 15:39:20.106703 INFO::Fitting model to feature number 37, MGBC163016 sp910588945
2026-01-11 15:39:20.114918 INFO::Fitting model to feature number 38, MGBC163016 sp910588905
2026-01-11 15:39:20.123548 INFO::Fitting model to feature number 39, MGYG000329984
2026-01-11 15:39:20.131511 INFO::Fitting model to feature number 40, MGYG000328464
2026-01-11 15:39:20.139351 INFO::Fitting model to feature number 41, MGYG000366993
2026-01-11 15:39:20.146468 INFO::Fitting model to feature number 42, MGBC163016 sp910585565
2026-01-11 15:39:20.153351 INFO::Fitting model to feature number 43, MGBC163016 sp910589125
2026-01-11 15:39:20.161902 INFO::Fitting model to feature number 44, MGYG000328353
2026-01-11 15:39:20.221771 INFO::Fitting model to feature number 45, MGBC163016 sp910580205
2026-01-11 15:39:20.230845 INFO::Fitting model to feature number 46, MGBC163016 sp910588985
2026-01-11 15:39:20.240668 INFO::Fitting model to feature number 47, MGBC163016 sp910588435
2026-01-11 15:39:20.251055 INFO::Fitting model to feature number 48, D16-63 sp910588095
2026-01-11 15:39:20.263765 INFO::Fitting model to feature number 49, MGYG000328321
2026-01-11 15:39:20.272361 INFO::Fitting model to feature number 50, MGYG000410711
2026-01-11 15:39:20.281084 INFO::Fitting model to feature number 51, Enterorhabdus sp009911695
2026-01-11 15:39:20.289383 INFO::Fitting model to feature number 52, MGYG000329834
2026-01-11 15:39:20.300605 INFO::Fitting model to feature number 53, Enterorhabdus sp910589695
2026-01-11 15:39:20.312416 INFO::Fitting model to feature number 54, D16-34 sp910575165
2026-01-11 15:39:20.319284 INFO::Fitting model to feature number 55, D16-34 sp003612515
2026-01-11 15:39:20.329906 INFO::Fitting model to feature number 56, D16-34 sp910577495
2026-01-11 15:39:20.34318 INFO::Fitting model to feature number 57, ZJ304 sp943192905
2026-01-11 15:39:20.350819 INFO::Fitting model to feature number 58, MGYG000401219
2026-01-11 15:39:20.359946 INFO::Fitting model to feature number 59, Parvibacter caecicola
2026-01-11 15:39:20.367365 INFO::Fitting model to feature number 60, Parvibacter sp910587945
2026-01-11 15:39:20.376312 INFO::Fitting model to feature number 61, MGYG000329896
2026-01-11 15:39:20.384747 INFO::Fitting model to feature number 62, Parvibacter sp910588725
2026-01-11 15:39:20.395121 INFO::Fitting model to feature number 63, MGYG000328306
2026-01-11 15:39:20.402991 INFO::Fitting model to feature number 64, MGYG000328451
2026-01-11 15:39:20.411664 INFO::Fitting model to feature number 65, Anaerotardibacter sp000435675
2026-01-11 15:39:20.418837 INFO::Fitting model to feature number 66, Anaerotardibacter sp900753095
2026-01-11 15:39:20.427014 INFO::Fitting model to feature number 67, Gordonibacter pamelaeae
2026-01-11 15:39:20.434729 INFO::Fitting model to feature number 68, Eggerthella lenta
2026-01-11 15:39:20.442467 INFO::Fitting model to feature number 69, Ellagibacter isourolithinifaciens
2026-01-11 15:39:20.449742 INFO::Fitting model to feature number 70, Senegalimassilia faecalis
2026-01-11 15:39:20.455477 INFO::Fitting model to feature number 71, Slackia_A isoflavoniconvertens
2026-01-11 15:39:20.462175 WARNING::Fitting problem for feature 71 returning NA
2026-01-11 15:39:20.467001 INFO::Fitting model to feature number 72, Collinsella aerofaciens_J
2026-01-11 15:39:20.471873 WARNING::Fitting problem for feature 72 returning NA
2026-01-11 15:39:20.475575 INFO::Fitting model to feature number 73, Enorma burkinafasonensis
2026-01-11 15:39:20.485441 INFO::Fitting model to feature number 74, MGYG000410812
2026-01-11 15:39:20.491535 WARNING::Fitting problem for feature 74 returning NA
2026-01-11 15:39:20.496126 INFO::Fitting model to feature number 75, UMGS124 sp900555105
2026-01-11 15:39:20.501523 WARNING::Fitting problem for feature 75 returning NA
2026-01-11 15:39:20.505419 INFO::Fitting model to feature number 76, Bifidobacterium animalis
2026-01-11 15:39:20.51477 INFO::Fitting model to feature number 77, Bifidobacterium adolescentis
2026-01-11 15:39:20.523651 INFO::Fitting model to feature number 78, Bifidobacterium pseudocatenulatum
2026-01-11 15:39:20.531313 INFO::Fitting model to feature number 79, Bifidobacterium bifidum
2026-01-11 15:39:20.53839 INFO::Fitting model to feature number 80, Bifidobacterium longum
2026-01-11 15:39:20.547424 INFO::Fitting model to feature number 81, MGYG000329693
2026-01-11 15:39:20.557457 INFO::Fitting model to feature number 82, Paramuribaculum intestinale
2026-01-11 15:39:20.566788 INFO::Fitting model to feature number 83, Paramuribaculum sp001689565
2026-01-11 15:39:20.575371 INFO::Fitting model to feature number 84, Paramuribaculum sp910579675
2026-01-11 15:39:20.583802 INFO::Fitting model to feature number 85, MGYG000329858
2026-01-11 15:39:20.590161 INFO::Fitting model to feature number 86, Paramuribaculum sp910578805
2026-01-11 15:39:20.59851 INFO::Fitting model to feature number 87, MGYG000325717
2026-01-11 15:39:20.604779 INFO::Fitting model to feature number 88, Paramuribaculum sp910579185
2026-01-11 15:39:20.613249 INFO::Fitting model to feature number 89, MGYG000329300
2026-01-11 15:39:20.623296 INFO::Fitting model to feature number 90, Paramuribaculum sp009775605
2026-01-11 15:39:20.6306 INFO::Fitting model to feature number 91, Paramuribaculum sp910586475
2026-01-11 15:39:20.639084 INFO::Fitting model to feature number 92, MGYG000325727
2026-01-11 15:39:20.648074 INFO::Fitting model to feature number 93, Paramuribaculum sp910588065
2026-01-11 15:39:20.655851 INFO::Fitting model to feature number 94, Paramuribaculum sp910578305
2026-01-11 15:39:20.664168 INFO::Fitting model to feature number 95, Paramuribaculum sp910587185
2026-01-11 15:39:20.669503 INFO::Fitting model to feature number 96, Paramuribaculum sp910577465
2026-01-11 15:39:20.675826 INFO::Fitting model to feature number 97, Paramuribaculum sp910586895
2026-01-11 15:39:20.681854 INFO::Fitting model to feature number 98, Paramuribaculum sp910589095
2026-01-11 15:39:20.687202 INFO::Fitting model to feature number 99, Paramuribaculum sp014800945
2026-01-11 15:39:20.694129 INFO::Fitting model to feature number 100, MGYG000325457
2026-01-11 15:39:20.700016 INFO::Fitting model to feature number 101, Paramuribaculum sp014802045
2026-01-11 15:39:20.705677 INFO::Fitting model to feature number 102, MGYG000325750
2026-01-11 15:39:20.712265 INFO::Fitting model to feature number 103, MGYG000325361
2026-01-11 15:39:20.71814 INFO::Fitting model to feature number 104, Paramuribaculum sp014801865
2026-01-11 15:39:20.723805 INFO::Fitting model to feature number 105, Paramuribaculum sp014801655
2026-01-11 15:39:20.730024 INFO::Fitting model to feature number 106, MGYG000325540
2026-01-11 15:39:20.735326 INFO::Fitting model to feature number 107, Duncaniella sp910576785
2026-01-11 15:39:20.741402 INFO::Fitting model to feature number 108, Duncaniella dubosii
2026-01-11 15:39:20.749139 INFO::Fitting model to feature number 109, Duncaniella sp910589485
2026-01-11 15:39:20.754429 INFO::Fitting model to feature number 110, Duncaniella sp001689575
2026-01-11 15:39:20.761806 INFO::Fitting model to feature number 111, Duncaniella muris
2026-01-11 15:39:20.767317 INFO::Fitting model to feature number 112, Duncaniella sp910578445
2026-01-11 15:39:20.772502 INFO::Fitting model to feature number 113, Duncaniella freteri
2026-01-11 15:39:20.778798 INFO::Fitting model to feature number 114, Duncaniella sp910578515
2026-01-11 15:39:20.78425 INFO::Fitting model to feature number 115, Duncaniella sp910577255
2026-01-11 15:39:20.790308 INFO::Fitting model to feature number 116, Duncaniella sp910577345
2026-01-11 15:39:20.796998 INFO::Fitting model to feature number 117, Duncaniella sp910577335
2026-01-11 15:39:20.802483 INFO::Fitting model to feature number 118, MGYG000325799
2026-01-11 15:39:20.808509 INFO::Fitting model to feature number 119, Duncaniella sp014802345
2026-01-11 15:39:20.814744 INFO::Fitting model to feature number 120, Duncaniella sp910578615
2026-01-11 15:39:20.820288 INFO::Fitting model to feature number 121, MGYG000325465
2026-01-11 15:39:20.826468 INFO::Fitting model to feature number 122, Duncaniella sp910586305
2026-01-11 15:39:20.832259 INFO::Fitting model to feature number 123, Duncaniella sp001689495
2026-01-11 15:39:20.838746 INFO::Fitting model to feature number 124, MGYG000327170
2026-01-11 15:39:20.847145 INFO::Fitting model to feature number 125, Duncaniella sp910584825
2026-01-11 15:39:20.854345 INFO::Fitting model to feature number 126, Duncaniella sp910587165
2026-01-11 15:39:20.863008 INFO::Fitting model to feature number 127, MGYG000325518
2026-01-11 15:39:20.871136 INFO::Fitting model to feature number 128, Duncaniella sp002494015
2026-01-11 15:39:20.879362 INFO::Fitting model to feature number 129, Duncaniella sp910587515
2026-01-11 15:39:20.886192 INFO::Fitting model to feature number 130, Duncaniella sp910586665
2026-01-11 15:39:20.89344 INFO::Fitting model to feature number 131, Duncaniella sp014801945
2026-01-11 15:39:20.901052 INFO::Fitting model to feature number 132, Duncaniella sp910588795
2026-01-11 15:39:20.908232 INFO::Fitting model to feature number 133, Duncaniella sp001701225
2026-01-11 15:39:20.914607 INFO::Fitting model to feature number 134, Duncaniella sp014802325
2026-01-11 15:39:20.923105 INFO::Fitting model to feature number 135, Duncaniella sp014802015
2026-01-11 15:39:20.932643 INFO::Fitting model to feature number 136, MGYG000325456
2026-01-11 15:39:20.93793 INFO::Fitting model to feature number 137, MGYG000325723
2026-01-11 15:39:20.946986 INFO::Fitting model to feature number 138, MGYG000325575
2026-01-11 15:39:20.953941 INFO::Fitting model to feature number 139, MGYG000325671
2026-01-11 15:39:20.960322 INFO::Fitting model to feature number 140, CAG-873 sp009775135
2026-01-11 15:39:20.968479 INFO::Fitting model to feature number 141, CAG-873 sp002490635
2026-01-11 15:39:20.97578 INFO::Fitting model to feature number 142, MGYG000328238
2026-01-11 15:39:20.983965 INFO::Fitting model to feature number 143, CAG-873 sp009775265
2026-01-11 15:39:20.991548 INFO::Fitting model to feature number 144, CAG-873 sp011959565
2026-01-11 15:39:21.000565 INFO::Fitting model to feature number 145, CAG-873 sp910578365
2026-01-11 15:39:21.009665 INFO::Fitting model to feature number 146, CAG-873 sp910587235
2026-01-11 15:39:21.02091 INFO::Fitting model to feature number 147, CAG-873 sp009775225
2026-01-11 15:39:21.030979 INFO::Fitting model to feature number 148, CAG-873 sp009775535
2026-01-11 15:39:21.042499 INFO::Fitting model to feature number 149, CAG-873 sp910577315
2026-01-11 15:39:21.056228 INFO::Fitting model to feature number 150, CAG-873 sp910584905
2026-01-11 15:39:21.072732 INFO::Fitting model to feature number 151, CAG-873 sp910587545
2026-01-11 15:39:21.083149 INFO::Fitting model to feature number 152, CAG-873 sp910586455
2026-01-11 15:39:21.091776 INFO::Fitting model to feature number 153, MGYG000324412
2026-01-11 15:39:21.100389 INFO::Fitting model to feature number 154, CAG-873 sp910587915
2026-01-11 15:39:21.109333 INFO::Fitting model to feature number 155, CAG-873 sp001689665
2026-01-11 15:39:21.11822 INFO::Fitting model to feature number 156, CAG-873 sp017624155
2026-01-11 15:39:21.127216 INFO::Fitting model to feature number 157, MGYG000329414
2026-01-11 15:39:21.136741 INFO::Fitting model to feature number 158, CAG-873 sp910578095
2026-01-11 15:39:21.143891 INFO::Fitting model to feature number 159, CAG-873 sp910586975
2026-01-11 15:39:21.153521 INFO::Fitting model to feature number 160, CAG-873 sp001689415
2026-01-11 15:39:21.161497 INFO::Fitting model to feature number 161, MGYG000325453
2026-01-11 15:39:21.170668 INFO::Fitting model to feature number 162, CAG-873 sp910587475
2026-01-11 15:39:21.178545 INFO::Fitting model to feature number 163, CAG-873 sp900550395
2026-01-11 15:39:21.187531 INFO::Fitting model to feature number 164, MGYG000325639
2026-01-11 15:39:21.193959 INFO::Fitting model to feature number 165, CAG-873 sp910576935
2026-01-11 15:39:21.201146 INFO::Fitting model to feature number 166, MGYG000328998
2026-01-11 15:39:21.207144 INFO::Fitting model to feature number 167, CAG-873 sp910578035
2026-01-11 15:39:21.213524 INFO::Fitting model to feature number 168, MGYG000322997
2026-01-11 15:39:21.219735 INFO::Fitting model to feature number 169, MGYG000325431
2026-01-11 15:39:21.225932 INFO::Fitting model to feature number 170, CAG-873 sp905202215
2026-01-11 15:39:21.232682 INFO::Fitting model to feature number 171, CAG-873 sp009775195
2026-01-11 15:39:21.239377 INFO::Fitting model to feature number 172, CAG-873 sp910586995
2026-01-11 15:39:21.245819 INFO::Fitting model to feature number 173, CAG-873 sp910577355
2026-01-11 15:39:21.251176 INFO::Fitting model to feature number 174, MGYG000325570
2026-01-11 15:39:21.256327 INFO::Fitting model to feature number 175, MGYG000325620
2026-01-11 15:39:21.263252 INFO::Fitting model to feature number 176, CAG-873 sp001701165
2026-01-11 15:39:21.271533 INFO::Fitting model to feature number 177, MGYG000325469
2026-01-11 15:39:21.279248 INFO::Fitting model to feature number 178, CAG-873 sp003979155
2026-01-11 15:39:21.286638 INFO::Fitting model to feature number 179, MGYG000325729
2026-01-11 15:39:21.29366 INFO::Fitting model to feature number 180, CAG-873 sp910576775
2026-01-11 15:39:21.300097 INFO::Fitting model to feature number 181, MGYG000325342
2026-01-11 15:39:21.305269 INFO::Fitting model to feature number 182, MGYG000325463
2026-01-11 15:39:21.313408 INFO::Fitting model to feature number 183, CAG-873 sp910587355
2026-01-11 15:39:21.320315 INFO::Fitting model to feature number 184, CAG-873 sp910583525
2026-01-11 15:39:21.328392 INFO::Fitting model to feature number 185, MGYG000328958
2026-01-11 15:39:21.337836 INFO::Fitting model to feature number 186, MGYG000325379
2026-01-11 15:39:21.345335 INFO::Fitting model to feature number 187, CAG-873 sp910584495
2026-01-11 15:39:21.354092 INFO::Fitting model to feature number 188, CAG-873 sp910589055
2026-01-11 15:39:21.364057 INFO::Fitting model to feature number 189, CAG-873 sp910586595
2026-01-11 15:39:21.370692 INFO::Fitting model to feature number 190, MGYG000325473
2026-01-11 15:39:21.379671 INFO::Fitting model to feature number 191, CAG-873 sp910587925
2026-01-11 15:39:21.389872 INFO::Fitting model to feature number 192, CAG-873 sp900555715
2026-01-11 15:39:21.399597 INFO::Fitting model to feature number 193, CAG-873 sp002493945
2026-01-11 15:39:21.407548 INFO::Fitting model to feature number 194, CAG-873 sp002491245
2026-01-11 15:39:21.416645 INFO::Fitting model to feature number 195, MGYG000329571
2026-01-11 15:39:21.425888 INFO::Fitting model to feature number 196, MGYG000325537
2026-01-11 15:39:21.435218 INFO::Fitting model to feature number 197, CAG-485 sp009775365
2026-01-11 15:39:21.443974 INFO::Fitting model to feature number 198, CAG-485 sp002493045
2026-01-11 15:39:21.453279 INFO::Fitting model to feature number 199, CAG-485 sp009775355
2026-01-11 15:39:21.460935 INFO::Fitting model to feature number 200, CAG-485 sp002362485
2026-01-11 15:39:21.469339 INFO::Fitting model to feature number 201, CAG-485 sp002361215
2026-01-11 15:39:21.476653 INFO::Fitting model to feature number 202, CAG-485 sp002491945
2026-01-11 15:39:21.485069 INFO::Fitting model to feature number 203, CAG-485 sp002361155
2026-01-11 15:39:21.49093 INFO::Fitting model to feature number 204, MGYG000410771
2026-01-11 15:39:21.498552 INFO::Fitting model to feature number 205, MGYG000325582
2026-01-11 15:39:21.504081 INFO::Fitting model to feature number 206, CAG-485 sp002493515
2026-01-11 15:39:21.51117 INFO::Fitting model to feature number 207, CAG-485 sp003979075
2026-01-11 15:39:21.517928 INFO::Fitting model to feature number 208, CAG-485 sp001701295
2026-01-11 15:39:21.523741 INFO::Fitting model to feature number 209, MGYG000325475
2026-01-11 15:39:21.530265 INFO::Fitting model to feature number 210, MGYG000327930
2026-01-11 15:39:21.535128 INFO::Fitting model to feature number 211, CAG-485 sp910584055
2026-01-11 15:39:21.540503 INFO::Fitting model to feature number 212, MGYG000325569
2026-01-11 15:39:21.548282 INFO::Fitting model to feature number 213, CAG-485 sp910579845
2026-01-11 15:39:21.556572 INFO::Fitting model to feature number 214, CAG-485 sp910584125
2026-01-11 15:39:21.565064 INFO::Fitting model to feature number 215, CAG-485 sp910578385
2026-01-11 15:39:21.571375 INFO::Fitting model to feature number 216, MGYG000325346
2026-01-11 15:39:21.577213 INFO::Fitting model to feature number 217, MGYG000324474
2026-01-11 15:39:21.583448 INFO::Fitting model to feature number 218, CAG-485 sp910586175
2026-01-11 15:39:21.588519 INFO::Fitting model to feature number 219, MGYG000329437
2026-01-11 15:39:21.594511 INFO::Fitting model to feature number 220, MGYG000325442
2026-01-11 15:39:21.599907 INFO::Fitting model to feature number 221, CAG-485 sp910577585
2026-01-11 15:39:21.606592 INFO::Fitting model to feature number 222, CAG-485 sp009775375
2026-01-11 15:39:21.612741 INFO::Fitting model to feature number 223, MGYG000347897
2026-01-11 15:39:21.619457 INFO::Fitting model to feature number 224, CAG-485 sp910578075
2026-01-11 15:39:21.628085 INFO::Fitting model to feature number 225, CAG-485 sp900554845
2026-01-11 15:39:21.635747 INFO::Fitting model to feature number 226, CAG-485 sp910583775
2026-01-11 15:39:21.643427 INFO::Fitting model to feature number 227, MGYG000325760
2026-01-11 15:39:21.652416 INFO::Fitting model to feature number 228, MGYG000325660
2026-01-11 15:39:21.661428 INFO::Fitting model to feature number 229, CAG-485 sp910584545
2026-01-11 15:39:21.669579 INFO::Fitting model to feature number 230, MGYG000325658
2026-01-11 15:39:21.679368 INFO::Fitting model to feature number 231, CAG-485 sp910584525
2026-01-11 15:39:21.688916 INFO::Fitting model to feature number 232, CAG-485 sp910583795
2026-01-11 15:39:21.697999 INFO::Fitting model to feature number 233, CAG-485 sp910585275
2026-01-11 15:39:21.707162 INFO::Fitting model to feature number 234, MGYG000325481
2026-01-11 15:39:21.716246 INFO::Fitting model to feature number 235, CAG-485 sp910589425
2026-01-11 15:39:21.724312 INFO::Fitting model to feature number 236, CAG-485 sp910588245
2026-01-11 15:39:21.732695 INFO::Fitting model to feature number 237, CAG-485 sp014801815
2026-01-11 15:39:21.740003 INFO::Fitting model to feature number 238, MGYG000329106
2026-01-11 15:39:21.748692 INFO::Fitting model to feature number 239, MGYG000325458
2026-01-11 15:39:21.756911 INFO::Fitting model to feature number 240, MGYG000325710
2026-01-11 15:39:21.764574 INFO::Fitting model to feature number 241, MGYG000325738
2026-01-11 15:39:21.772828 INFO::Fitting model to feature number 242, MGYG000325560
2026-01-11 15:39:21.779922 INFO::Fitting model to feature number 243, CAG-485 sp910579305
2026-01-11 15:39:21.787327 INFO::Fitting model to feature number 244, MGYG000325644
2026-01-11 15:39:21.793377 INFO::Fitting model to feature number 245, CAG-485 sp900760815
2026-01-11 15:39:21.800033 INFO::Fitting model to feature number 246, MGYG000325315
2026-01-11 15:39:21.807909 INFO::Fitting model to feature number 247, MGYG000325633
2026-01-11 15:39:21.814482 INFO::Fitting model to feature number 248, MGYG000325436
2026-01-11 15:39:21.819418 INFO::Fitting model to feature number 249, MGYG000325715
2026-01-11 15:39:21.824978 INFO::Fitting model to feature number 250, MGYG000325350
2026-01-11 15:39:21.83247 INFO::Fitting model to feature number 251, MGYG000325747
2026-01-11 15:39:21.838721 INFO::Fitting model to feature number 252, MGYG000325437
2026-01-11 15:39:21.845129 INFO::Fitting model to feature number 253, CAG-485 sp014800895
2026-01-11 15:39:21.850293 INFO::Fitting model to feature number 254, MGYG000325541
2026-01-11 15:39:21.855466 INFO::Fitting model to feature number 255, MGYG000325479
2026-01-11 15:39:21.862657 INFO::Fitting model to feature number 256, CAG-485 sp910585285
2026-01-11 15:39:21.867879 INFO::Fitting model to feature number 257, CAG-485 sp910584185
2026-01-11 15:39:21.874944 INFO::Fitting model to feature number 258, MGYG000325680
2026-01-11 15:39:21.882907 INFO::Fitting model to feature number 259, MGYG000325622
2026-01-11 15:39:21.88858 INFO::Fitting model to feature number 260, MGYG000325425
2026-01-11 15:39:21.896854 INFO::Fitting model to feature number 261, MGYG000325415
2026-01-11 15:39:21.904974 INFO::Fitting model to feature number 262, CAG-485 sp900550645
2026-01-11 15:39:21.913339 INFO::Fitting model to feature number 263, MGYG000325597
2026-01-11 15:39:21.922811 INFO::Fitting model to feature number 264, MGYG000325446
2026-01-11 15:39:21.931677 INFO::Fitting model to feature number 265, MGYG000325721
2026-01-11 15:39:21.940985 INFO::Fitting model to feature number 266, Muribaculum gordoncarteri
2026-01-11 15:39:21.949864 INFO::Fitting model to feature number 267, Muribaculum sp009775095
2026-01-11 15:39:21.95953 INFO::Fitting model to feature number 268, Muribaculum sp002473395
2026-01-11 15:39:21.966978 INFO::Fitting model to feature number 269, Muribaculum faecis
2026-01-11 15:39:21.97315 INFO::Fitting model to feature number 270, MGYG000325310
2026-01-11 15:39:21.982209 INFO::Fitting model to feature number 271, Muribaculum sp910587665
2026-01-11 15:39:21.988005 INFO::Fitting model to feature number 272, Muribaculum sp001701195
2026-01-11 15:39:21.996757 INFO::Fitting model to feature number 273, Muribaculum sp910578785
2026-01-11 15:39:22.003243 INFO::Fitting model to feature number 274, Muribaculum sp910589555
2026-01-11 15:39:22.01038 INFO::Fitting model to feature number 275, Muribaculum arabinoxylanisolvens
2026-01-11 15:39:22.017286 INFO::Fitting model to feature number 276, Muribaculum sp003150235
2026-01-11 15:39:22.023381 INFO::Fitting model to feature number 277, MGYG000328540
2026-01-11 15:39:22.029826 INFO::Fitting model to feature number 278, Muribaculum sp910583865
2026-01-11 15:39:22.036073 INFO::Fitting model to feature number 279, Muribaculum sp910578835
2026-01-11 15:39:22.041266 INFO::Fitting model to feature number 280, Muribaculum sp001701065
2026-01-11 15:39:22.046655 INFO::Fitting model to feature number 281, MGYG000328957
2026-01-11 15:39:22.052126 INFO::Fitting model to feature number 282, UBA7173 sp001689485
2026-01-11 15:39:22.060333 INFO::Fitting model to feature number 283, UBA7173 sp001689685
2026-01-11 15:39:22.068051 INFO::Fitting model to feature number 284, UBA7173 sp002491305
2026-01-11 15:39:22.072793 INFO::Fitting model to feature number 285, UBA7173 sp013316675
2026-01-11 15:39:22.077947 INFO::Fitting model to feature number 286, MGYG000329847
2026-01-11 15:39:22.082673 INFO::Fitting model to feature number 287, UBA7173 sp013316535
2026-01-11 15:39:22.088511 INFO::Fitting model to feature number 288, UBA7173 sp910584365
2026-01-11 15:39:22.094524 INFO::Fitting model to feature number 289, UBA7173 sp910583675
2026-01-11 15:39:22.100249 INFO::Fitting model to feature number 290, MGYG000325674
2026-01-11 15:39:22.106866 INFO::Fitting model to feature number 291, UBA7173 sp910584735
2026-01-11 15:39:22.11353 INFO::Fitting model to feature number 292, UBA7173 sp900548705
2026-01-11 15:39:22.118799 INFO::Fitting model to feature number 293, UBA7173 sp910585755
2026-01-11 15:39:22.125649 INFO::Fitting model to feature number 294, UBA7173 sp910579105
2026-01-11 15:39:22.134168 INFO::Fitting model to feature number 295, UBA7173 sp910586565
2026-01-11 15:39:22.139743 INFO::Fitting model to feature number 296, UBA7173 sp900555165
2026-01-11 15:39:22.147057 INFO::Fitting model to feature number 297, UBA7173 sp910587075
2026-01-11 15:39:22.154053 INFO::Fitting model to feature number 298, MGYG000410332
2026-01-11 15:39:22.161051 INFO::Fitting model to feature number 299, MGYG000325632
2026-01-11 15:39:22.170679 INFO::Fitting model to feature number 300, MGYG000325803
2026-01-11 15:39:22.179973 INFO::Fitting model to feature number 301, JAFLTL01 sp910578395
2026-01-11 15:39:22.185923 INFO::Fitting model to feature number 302, MGYG000325590
2026-01-11 15:39:22.192689 INFO::Fitting model to feature number 303, UBA3263 sp001689615
2026-01-11 15:39:22.200267 INFO::Fitting model to feature number 304, MGYG000325470
2026-01-11 15:39:22.207101 INFO::Fitting model to feature number 305, UBA3263 sp002490725
2026-01-11 15:39:22.214164 INFO::Fitting model to feature number 306, MGYG000331010
2026-01-11 15:39:22.219887 INFO::Fitting model to feature number 307, UBA3263 sp014801955
2026-01-11 15:39:22.226813 INFO::Fitting model to feature number 308, MGYG000325619
2026-01-11 15:39:22.23361 INFO::Fitting model to feature number 309, MGYG000325600
2026-01-11 15:39:22.239937 INFO::Fitting model to feature number 310, MGYG000325598
2026-01-11 15:39:22.246342 INFO::Fitting model to feature number 311, JAGBWK01 sp001915385
2026-01-11 15:39:22.251407 INFO::Fitting model to feature number 312, JAGBWK01 sp004102805
2026-01-11 15:39:22.255818 INFO::Fitting model to feature number 313, MGYG000325382
2026-01-11 15:39:22.26134 INFO::Fitting model to feature number 314, MGYG000327564
2026-01-11 15:39:22.266581 INFO::Fitting model to feature number 315, MGYG000328504
2026-01-11 15:39:22.271438 INFO::Fitting model to feature number 316, JAAVFS01 sp910584665
2026-01-11 15:39:22.276863 INFO::Fitting model to feature number 317, MGYG000325322
2026-01-11 15:39:22.28355 INFO::Fitting model to feature number 318, MGYG000325435
2026-01-11 15:39:22.28844 INFO::Fitting model to feature number 319, CAJUPY01 sp910588035
2026-01-11 15:39:22.294689 INFO::Fitting model to feature number 320, MGYG000325343
2026-01-11 15:39:22.302001 INFO::Fitting model to feature number 321, CAJUPY01 sp014802535
2026-01-11 15:39:22.309741 INFO::Fitting model to feature number 322, MGYG000325663
2026-01-11 15:39:22.315841 INFO::Fitting model to feature number 323, M3 sp001689445
2026-01-11 15:39:22.323606 INFO::Fitting model to feature number 324, MGYG000328741
2026-01-11 15:39:22.331785 INFO::Fitting model to feature number 325, CAG-1031 sp000431215
2026-01-11 15:39:22.339895 INFO::Fitting model to feature number 326, Amulumruptor sp001689515
2026-01-11 15:39:22.348604 INFO::Fitting model to feature number 327, Amulumruptor sp900539915
2026-01-11 15:39:22.356083 INFO::Fitting model to feature number 328, Sodaliphilus sp004557565
2026-01-11 15:39:22.363793 INFO::Fitting model to feature number 329, Limisoma sp000437795
2026-01-11 15:39:22.370104 INFO::Fitting model to feature number 330, Bacteroides sp002491635
2026-01-11 15:39:22.377193 INFO::Fitting model to feature number 331, Bacteroides sp910578895
2026-01-11 15:39:22.385205 INFO::Fitting model to feature number 332, Bacteroides acidifaciens
2026-01-11 15:39:22.39317 INFO::Fitting model to feature number 333, Bacteroides caecimuris
2026-01-11 15:39:22.401088 INFO::Fitting model to feature number 334, Bacteroides sp910586915
2026-01-11 15:39:22.409816 INFO::Fitting model to feature number 335, Bacteroides uniformis
2026-01-11 15:39:22.418023 INFO::Fitting model to feature number 336, Bacteroides sp910585845
2026-01-11 15:39:22.424984 INFO::Fitting model to feature number 337, Bacteroides sp900765785
2026-01-11 15:39:22.43192 INFO::Fitting model to feature number 338, Bacteroides stercoris
2026-01-11 15:39:22.43866 INFO::Fitting model to feature number 339, MGYG000325585
2026-01-11 15:39:22.446254 INFO::Fitting model to feature number 340, Bacteroides nordii
2026-01-11 15:39:22.451566 INFO::Fitting model to feature number 341, Bacteroides congonensis
2026-01-11 15:39:22.456005 INFO::Fitting model to feature number 342, Bacteroides xylanisolvens
2026-01-11 15:39:22.461331 INFO::Fitting model to feature number 343, Bacteroides intestinalis
2026-01-11 15:39:22.466159 INFO::Fitting model to feature number 344, Bacteroides cellulosilyticus
2026-01-11 15:39:22.470966 INFO::Fitting model to feature number 345, Prevotella sp002933775
2026-01-11 15:39:22.47611 INFO::Fitting model to feature number 346, Prevotella muris
2026-01-11 15:39:22.48249 INFO::Fitting model to feature number 347, MGYG000325010
2026-01-11 15:39:22.486989 INFO::Fitting model to feature number 348, MGYG000325676
2026-01-11 15:39:22.49166 INFO::Fitting model to feature number 349, Prevotella sp013166515
2026-01-11 15:39:22.496521 INFO::Fitting model to feature number 350, Prevotella rodentium
2026-01-11 15:39:22.501179 INFO::Fitting model to feature number 351, Prevotella sp900545525
2026-01-11 15:39:22.505561 INFO::Fitting model to feature number 352, MGYG000325400
2026-01-11 15:39:22.526557 INFO::Fitting model to feature number 353, Prevotella intestinalis
2026-01-11 15:39:22.531807 INFO::Fitting model to feature number 354, Phocaeicola vulgatus
2026-01-11 15:39:22.536297 INFO::Fitting model to feature number 355, Phocaeicola sartorii
2026-01-11 15:39:22.540985 INFO::Fitting model to feature number 356, Phocaeicola sp011959205
2026-01-11 15:39:22.548101 INFO::Fitting model to feature number 357, Phocaeicola faecalis
2026-01-11 15:39:22.55407 INFO::Fitting model to feature number 358, Phocaeicola plebeius_A
2026-01-11 15:39:22.563156 INFO::Fitting model to feature number 359, Phocaeicola massiliensis
2026-01-11 15:39:22.572064 INFO::Fitting model to feature number 360, UBA4372 sp023665805
2026-01-11 15:39:22.580896 INFO::Fitting model to feature number 361, MGYG000325572
2026-01-11 15:39:22.589082 INFO::Fitting model to feature number 362, Alloprevotella sp009775705
2026-01-11 15:39:22.59707 INFO::Fitting model to feature number 363, Alloprevotella sp002933955
2026-01-11 15:39:22.603124 INFO::Fitting model to feature number 364, Paraprevotella sp900548345
2026-01-11 15:39:22.611056 INFO::Fitting model to feature number 365, Paraprevotella sp910586505
2026-01-11 15:39:22.619312 INFO::Fitting model to feature number 366, Alistipes sp002428825
2026-01-11 15:39:22.627677 INFO::Fitting model to feature number 367, Alistipes sp910587675
2026-01-11 15:39:22.636157 INFO::Fitting model to feature number 368, Alistipes timonensis
2026-01-11 15:39:22.644715 INFO::Fitting model to feature number 369, Alistipes sp910576555
2026-01-11 15:39:22.655752 INFO::Fitting model to feature number 370, Alistipes sp009774895
2026-01-11 15:39:22.668143 INFO::Fitting model to feature number 371, Alistipes sp002362235
2026-01-11 15:39:22.676751 INFO::Fitting model to feature number 372, Alistipes sp900552955
2026-01-11 15:39:22.681085 WARNING::Fitting problem for feature 372 returning NA
2026-01-11 15:39:22.684583 INFO::Fitting model to feature number 373, Alistipes sp910575495
2026-01-11 15:39:22.693037 INFO::Fitting model to feature number 374, Alistipes sp910577475
2026-01-11 15:39:22.7022 INFO::Fitting model to feature number 375, Alistipes sp002358415
2026-01-11 15:39:22.710954 INFO::Fitting model to feature number 376, Avirikenella sp910588925
2026-01-11 15:39:22.720254 INFO::Fitting model to feature number 377, MGYG000325667
2026-01-11 15:39:22.728627 INFO::Fitting model to feature number 378, Rikenella sp910577885
2026-01-11 15:39:22.73668 INFO::Fitting model to feature number 379, Parabacteroides distasonis
2026-01-11 15:39:22.745348 INFO::Fitting model to feature number 380, Parabacteroides goldsteinii
2026-01-11 15:39:22.753415 INFO::Fitting model to feature number 381, Parabacteroides sp900760525
2026-01-11 15:39:22.763287 INFO::Fitting model to feature number 382, Parabacteroides merdae
2026-01-11 15:39:22.771794 INFO::Fitting model to feature number 383, Odoribacter sp021771575
2026-01-11 15:39:22.780504 INFO::Fitting model to feature number 384, Odoribacter sp910578105
2026-01-11 15:39:22.787083 INFO::Fitting model to feature number 385, Odoribacter sp910589025
2026-01-11 15:39:22.794845 INFO::Fitting model to feature number 386, Butyricimonas virosa
2026-01-11 15:39:22.801803 INFO::Fitting model to feature number 387, Pullibacteroides sp910586395
2026-01-11 15:39:22.809501 INFO::Fitting model to feature number 388, Cryptobacteroides sp009774765
2026-01-11 15:39:22.813604 WARNING::Fitting problem for feature 388 returning NA
2026-01-11 15:39:22.816445 INFO::Fitting model to feature number 389, Cryptobacteroides sp910585445
2026-01-11 15:39:22.82144 INFO::Fitting model to feature number 390, Imtechella halotolerans
2026-01-11 15:39:22.828166 INFO::Fitting model to feature number 391, Faecalibaculum sp910588395
2026-01-11 15:39:22.833924 INFO::Fitting model to feature number 392, C-19 sp910576855
2026-01-11 15:39:22.840544 INFO::Fitting model to feature number 393, MGYG000329824
2026-01-11 15:39:22.849952 INFO::Fitting model to feature number 394, Ileibacterium valens
2026-01-11 15:39:22.856511 INFO::Fitting model to feature number 395, Dubosiella sp004793885
2026-01-11 15:39:22.86647 INFO::Fitting model to feature number 396, CAJTFG01 sp910575705
2026-01-11 15:39:22.871712 WARNING::Fitting problem for feature 396 returning NA
2026-01-11 15:39:22.88124 INFO::Fitting model to feature number 397, Thomasclavelia cocleata
2026-01-11 15:39:22.894115 INFO::Fitting model to feature number 398, Thomasclavelia ramosa
2026-01-11 15:39:22.903856 INFO::Fitting model to feature number 399, MGBC113645 sp910579135
2026-01-11 15:39:22.913475 INFO::Fitting model to feature number 400, Fimiplasma sp910588165
2026-01-11 15:39:22.922899 INFO::Fitting model to feature number 401, Lactobacillus intestinalis
2026-01-11 15:39:22.932665 INFO::Fitting model to feature number 402, Lactobacillus sp910589675
2026-01-11 15:39:22.945267 INFO::Fitting model to feature number 403, MGYG000329195
2026-01-11 15:39:22.954556 INFO::Fitting model to feature number 404, Lactobacillus taiwanensis
2026-01-11 15:39:22.963944 INFO::Fitting model to feature number 405, Lactobacillus amylovorus
2026-01-11 15:39:22.972529 INFO::Fitting model to feature number 406, MGYG000325525
2026-01-11 15:39:22.989174 INFO::Fitting model to feature number 407, MGYG000326943
2026-01-11 15:39:22.999069 INFO::Fitting model to feature number 408, Lactobacillus hominis
2026-01-11 15:39:23.008107 INFO::Fitting model to feature number 409, Lactobacillus acidophilus
2026-01-11 15:39:23.018271 INFO::Fitting model to feature number 410, MGYG000326944
2026-01-11 15:39:23.023433 WARNING::Fitting problem for feature 410 returning NA
2026-01-11 15:39:23.027624 INFO::Fitting model to feature number 411, Lactobacillus delbrueckii
2026-01-11 15:39:23.037306 INFO::Fitting model to feature number 412, Limosilactobacillus reuteri
2026-01-11 15:39:23.046821 INFO::Fitting model to feature number 413, Limosilactobacillus sp009663775
2026-01-11 15:39:23.05673 INFO::Fitting model to feature number 414, Limosilactobacillus fermentum
2026-01-11 15:39:23.066747 INFO::Fitting model to feature number 415, Limosilactobacillus equigenerosi
2026-01-11 15:39:23.077101 INFO::Fitting model to feature number 416, Limosilactobacillus portuensis
2026-01-11 15:39:23.090716 INFO::Fitting model to feature number 417, Ligilactobacillus murinus
2026-01-11 15:39:23.100308 INFO::Fitting model to feature number 418, Ligilactobacillus animalis
2026-01-11 15:39:23.109608 INFO::Fitting model to feature number 419, Ligilactobacillus sp910587695
2026-01-11 15:39:23.118973 INFO::Fitting model to feature number 420, Ligilactobacillus agilis
2026-01-11 15:39:23.127778 INFO::Fitting model to feature number 421, Pediococcus pentosaceus
2026-01-11 15:39:23.136877 INFO::Fitting model to feature number 422, Enterococcus faecalis
2026-01-11 15:39:23.146108 INFO::Fitting model to feature number 423, Turicibacter sp002311155
2026-01-11 15:39:23.161255 INFO::Fitting model to feature number 424, MGYG000380869
2026-01-11 15:39:23.170759 INFO::Fitting model to feature number 425, CAG-582 sp910577075
2026-01-11 15:39:23.184919 INFO::Fitting model to feature number 426, UBA5026 sp910576795
2026-01-11 15:39:23.200169 INFO::Fitting model to feature number 427, UBA5026 sp910586425
2026-01-11 15:39:23.209965 INFO::Fitting model to feature number 428, MGYG000330354
2026-01-11 15:39:23.218675 INFO::Fitting model to feature number 429, MGYG000338472
2026-01-11 15:39:23.223006 WARNING::Fitting problem for feature 429 returning NA
2026-01-11 15:39:23.226567 INFO::Fitting model to feature number 430, MGYG000329046
2026-01-11 15:39:23.234394 INFO::Fitting model to feature number 431, MGYG000331189
2026-01-11 15:39:23.241568 INFO::Fitting model to feature number 432, Mammaliicoccus lentus
2026-01-11 15:39:23.245919 WARNING::Fitting problem for feature 432 returning NA
2026-01-11 15:39:23.249031 INFO::Fitting model to feature number 433, Staphylococcus xylosus
2026-01-11 15:39:23.254823 INFO::Fitting model to feature number 434, MGYG000410805
2026-01-11 15:39:23.261173 INFO::Fitting model to feature number 435, Desulfovibrio sp910575755
2026-01-11 15:39:23.267429 INFO::Fitting model to feature number 436, Desulfovibrio sp910587035
2026-01-11 15:39:23.273266 INFO::Fitting model to feature number 437, Desulfovibrio sp910584445
2026-01-11 15:39:23.281208 INFO::Fitting model to feature number 438, MGYG000325668
2026-01-11 15:39:23.284853 WARNING::Fitting problem for feature 438 returning NA
2026-01-11 15:39:23.288141 INFO::Fitting model to feature number 439, Desulfovibrio sp900556755
2026-01-11 15:39:23.296424 INFO::Fitting model to feature number 440, Desulfovibrio sp905215675
2026-01-11 15:39:23.300574 WARNING::Fitting problem for feature 440 returning NA
2026-01-11 15:39:23.302841 INFO::Fitting model to feature number 441, MGYG000325515
2026-01-11 15:39:23.308477 INFO::Fitting model to feature number 442, Bilophila sp910585945
2026-01-11 15:39:23.315489 INFO::Fitting model to feature number 443, Bilophila faecipullorum
2026-01-11 15:39:23.322141 INFO::Fitting model to feature number 444, Bilophila sp902373525
2026-01-11 15:39:23.329823 INFO::Fitting model to feature number 445, Mailhella sp910579055
2026-01-11 15:39:23.337391 INFO::Fitting model to feature number 446, Mailhella excrementigallinarum
2026-01-11 15:39:23.343691 INFO::Fitting model to feature number 447, MGYG000399267
2026-01-11 15:39:23.349602 INFO::Fitting model to feature number 448, MGYG000410288
2026-01-11 15:39:23.355022 INFO::Fitting model to feature number 449, Schaedlerella sp910589385
2026-01-11 15:39:23.360975 INFO::Fitting model to feature number 450, Schaedlerella arabinosiphila
2026-01-11 15:39:23.366339 INFO::Fitting model to feature number 451, Schaedlerella sp009911175
2026-01-11 15:39:23.371414 INFO::Fitting model to feature number 452, MGYG000410694
2026-01-11 15:39:23.377244 INFO::Fitting model to feature number 453, Schaedlerella sp000403295
2026-01-11 15:39:23.384182 INFO::Fitting model to feature number 454, Schaedlerella sp910574865
2026-01-11 15:39:23.389643 INFO::Fitting model to feature number 455, Schaedlerella sp910574195
2026-01-11 15:39:23.396031 INFO::Fitting model to feature number 456, Schaedlerella sp943193195
2026-01-11 15:39:23.40126 INFO::Fitting model to feature number 457, Schaedlerella sp009774255
2026-01-11 15:39:23.411466 INFO::Fitting model to feature number 458, MGYG000328305
2026-01-11 15:39:23.429549 INFO::Fitting model to feature number 459, MD308 sp910575105
2026-01-11 15:39:23.455659 INFO::Fitting model to feature number 460, MD308 sp010206225
2026-01-11 15:39:23.47956 INFO::Fitting model to feature number 461, MGYG000323047
2026-01-11 15:39:23.488639 INFO::Fitting model to feature number 462, MD308 sp000403475
2026-01-11 15:39:23.498622 INFO::Fitting model to feature number 463, MGYG000326632
2026-01-11 15:39:23.507596 INFO::Fitting model to feature number 464, MD308 sp910578455
2026-01-11 15:39:23.517934 INFO::Fitting model to feature number 465, MD308 sp910586965
2026-01-11 15:39:23.527203 INFO::Fitting model to feature number 466, MD308 sp910584615
2026-01-11 15:39:23.535727 INFO::Fitting model to feature number 467, MGYG000410877
2026-01-11 15:39:23.544166 INFO::Fitting model to feature number 468, MGYG000324148
2026-01-11 15:39:23.559669 INFO::Fitting model to feature number 469, Sporofaciens sp910574715
2026-01-11 15:39:23.569775 INFO::Fitting model to feature number 470, Sporofaciens sp910579015
2026-01-11 15:39:23.579567 INFO::Fitting model to feature number 471, MGYG000353267
2026-01-11 15:39:23.58863 INFO::Fitting model to feature number 472, Sporofaciens sp910575835
2026-01-11 15:39:23.597908 INFO::Fitting model to feature number 473, Sporofaciens musculi
2026-01-11 15:39:23.604855 INFO::Fitting model to feature number 474, Sporofaciens sp009774295
2026-01-11 15:39:23.613981 INFO::Fitting model to feature number 475, Sporofaciens sp910574885
2026-01-11 15:39:23.623534 INFO::Fitting model to feature number 476, Sporofaciens sp000403455
2026-01-11 15:39:23.634334 INFO::Fitting model to feature number 477, Sporofaciens sp910577685
2026-01-11 15:39:23.643187 INFO::Fitting model to feature number 478, Sporofaciens sp910587575
2026-01-11 15:39:23.651989 INFO::Fitting model to feature number 479, Sporofaciens sp910585725
2026-01-11 15:39:23.660521 INFO::Fitting model to feature number 480, Sporofaciens sp910579925
2026-01-11 15:39:23.669236 INFO::Fitting model to feature number 481, MGYG000402809
2026-01-11 15:39:23.677852 INFO::Fitting model to feature number 482, UBA11957 sp910588295
2026-01-11 15:39:23.687318 INFO::Fitting model to feature number 483, MGYG000410400
2026-01-11 15:39:23.691946 WARNING::Fitting problem for feature 483 returning NA
2026-01-11 15:39:23.695835 INFO::Fitting model to feature number 484, Choladocola sp009774135
2026-01-11 15:39:23.704806 INFO::Fitting model to feature number 485, Choladocola sp910583615
2026-01-11 15:39:23.713494 INFO::Fitting model to feature number 486, Choladocola sp910585995
2026-01-11 15:39:23.722529 INFO::Fitting model to feature number 487, Choladocola sp009774145
2026-01-11 15:39:23.731343 INFO::Fitting model to feature number 488, Choladocola sp910584945
2026-01-11 15:39:23.739881 INFO::Fitting model to feature number 489, Choladocola sp910579225
2026-01-11 15:39:23.743645 WARNING::Fitting problem for feature 489 returning NA
2026-01-11 15:39:23.746601 INFO::Fitting model to feature number 490, Choladocola sp910584205
2026-01-11 15:39:23.754577 INFO::Fitting model to feature number 491, Choladocola sp910574965
2026-01-11 15:39:23.765049 INFO::Fitting model to feature number 492, Choladocola sp910575445
2026-01-11 15:39:23.771555 INFO::Fitting model to feature number 493, Choladocola sp910583895
2026-01-11 15:39:23.779099 INFO::Fitting model to feature number 494, Choladocola sp009774155
2026-01-11 15:39:23.78766 INFO::Fitting model to feature number 495, Choladocola sp910587495
2026-01-11 15:39:23.795518 INFO::Fitting model to feature number 496, Choladocola sp910585465
2026-01-11 15:39:23.803508 INFO::Fitting model to feature number 497, Choladocola sp910587765
2026-01-11 15:39:23.807974 WARNING::Fitting problem for feature 497 returning NA
2026-01-11 15:39:23.812901 INFO::Fitting model to feature number 498, MGYG000392954
2026-01-11 15:39:23.820588 INFO::Fitting model to feature number 499, Lachnoclostridium_B sp910584095
2026-01-11 15:39:23.830283 INFO::Fitting model to feature number 500, Lachnoclostridium_B sp910574185
2026-01-11 15:39:23.838482 INFO::Fitting model to feature number 501, MGYG000331109
2026-01-11 15:39:23.847674 INFO::Fitting model to feature number 502, Lachnoclostridium_B sp910584265
2026-01-11 15:39:23.856188 INFO::Fitting model to feature number 503, Lachnoclostridium_B sp910588745
2026-01-11 15:39:23.865617 INFO::Fitting model to feature number 504, Lachnoclostridium_B sp910589275
2026-01-11 15:39:23.870272 WARNING::Fitting problem for feature 504 returning NA
2026-01-11 15:39:23.874177 INFO::Fitting model to feature number 505, MGYG000328855
2026-01-11 15:39:23.884853 INFO::Fitting model to feature number 506, MGBC164599 sp910588825
2026-01-11 15:39:23.89099 INFO::Fitting model to feature number 507, MGBC164599 sp910575625
2026-01-11 15:39:23.898609 INFO::Fitting model to feature number 508, MGBC164599 sp910587105
2026-01-11 15:39:23.906085 INFO::Fitting model to feature number 509, MGBC164599 sp910588775
2026-01-11 15:39:23.915426 INFO::Fitting model to feature number 510, MGYG000330030
2026-01-11 15:39:23.922325 INFO::Fitting model to feature number 511, MGYG000330180
2026-01-11 15:39:23.927075 WARNING::Fitting problem for feature 511 returning NA
2026-01-11 15:39:23.931047 INFO::Fitting model to feature number 512, 14-2 sp910588845
2026-01-11 15:39:23.939703 INFO::Fitting model to feature number 513, 14-2 sp910577785
2026-01-11 15:39:23.948519 INFO::Fitting model to feature number 514, 14-2 sp910576385
2026-01-11 15:39:23.956959 INFO::Fitting model to feature number 515, 14-2 sp910575155
2026-01-11 15:39:23.965375 INFO::Fitting model to feature number 516, 14-2 sp910575035
2026-01-11 15:39:23.973689 INFO::Fitting model to feature number 517, 14-2 sp011960065
2026-01-11 15:39:23.982744 INFO::Fitting model to feature number 518, MGYG000409996
2026-01-11 15:39:23.991617 INFO::Fitting model to feature number 519, 14-2 sp910588285
2026-01-11 15:39:24.000607 INFO::Fitting model to feature number 520, 14-2 sp910575005
2026-01-11 15:39:24.009493 INFO::Fitting model to feature number 521, 14-2 sp910584585
2026-01-11 15:39:24.01861 INFO::Fitting model to feature number 522, 14-2 sp000403255
2026-01-11 15:39:24.027273 INFO::Fitting model to feature number 523, MGYG000411355
2026-01-11 15:39:24.036144 INFO::Fitting model to feature number 524, 14-2 sp910583835
2026-01-11 15:39:24.043979 INFO::Fitting model to feature number 525, 14-2 sp910575075
2026-01-11 15:39:24.054189 INFO::Fitting model to feature number 526, 14-2 sp000403315
2026-01-11 15:39:24.063875 INFO::Fitting model to feature number 527, 14-2 sp009774455
2026-01-11 15:39:24.073008 INFO::Fitting model to feature number 528, 14-2 sp910589635
2026-01-11 15:39:24.08261 INFO::Fitting model to feature number 529, 14-2 sp910576975
2026-01-11 15:39:24.095558 INFO::Fitting model to feature number 530, MGYG000411595
2026-01-11 15:39:24.105942 INFO::Fitting model to feature number 531, MGYG000328404
2026-01-11 15:39:24.117015 INFO::Fitting model to feature number 532, 14-2 sp910578825
2026-01-11 15:39:24.122267 WARNING::Fitting problem for feature 532 returning NA
2026-01-11 15:39:24.126704 INFO::Fitting model to feature number 533, MGYG000410992
2026-01-11 15:39:24.137818 INFO::Fitting model to feature number 534, MGYG000324849
2026-01-11 15:39:24.146197 INFO::Fitting model to feature number 535, 14-2 sp000403845
2026-01-11 15:39:24.155579 INFO::Fitting model to feature number 536, Eubacterium_F sp910574015
2026-01-11 15:39:24.163906 INFO::Fitting model to feature number 537, MGYG000330978
2026-01-11 15:39:24.172131 INFO::Fitting model to feature number 538, Eubacterium_F sp910575665
2026-01-11 15:39:24.181027 INFO::Fitting model to feature number 539, Eubacterium_F sp910585745
2026-01-11 15:39:24.19046 INFO::Fitting model to feature number 540, MGYG000329322
2026-01-11 15:39:24.199389 INFO::Fitting model to feature number 541, Eubacterium_F sp910579145
2026-01-11 15:39:24.208324 INFO::Fitting model to feature number 542, Caccovicinus sp910585635
2026-01-11 15:39:24.217131 INFO::Fitting model to feature number 543, Caccovicinus sp009774615
2026-01-11 15:39:24.227499 INFO::Fitting model to feature number 544, Caccovicinus sp910584785
2026-01-11 15:39:24.236494 INFO::Fitting model to feature number 545, MGYG000411451
2026-01-11 15:39:24.246688 INFO::Fitting model to feature number 546, Caccovicinus sp910575565
2026-01-11 15:39:24.255431 INFO::Fitting model to feature number 547, MGYG000322995
2026-01-11 15:39:24.266007 INFO::Fitting model to feature number 548, Caccovicinus sp910588895
2026-01-11 15:39:24.27135 WARNING::Fitting problem for feature 548 returning NA
2026-01-11 15:39:24.275377 INFO::Fitting model to feature number 549, Acetatifactor sp910576125
2026-01-11 15:39:24.286492 INFO::Fitting model to feature number 550, Acetatifactor sp910589035
2026-01-11 15:39:24.297953 INFO::Fitting model to feature number 551, Acetatifactor sp910579755
2026-01-11 15:39:24.307781 INFO::Fitting model to feature number 552, Acetatifactor sp910584865
2026-01-11 15:39:24.317009 INFO::Fitting model to feature number 553, Acetatifactor sp910585805
2026-01-11 15:39:24.327824 INFO::Fitting model to feature number 554, Acetatifactor sp910585425
2026-01-11 15:39:24.349499 INFO::Fitting model to feature number 555, Acetatifactor sp910585615
2026-01-11 15:39:24.361559 INFO::Fitting model to feature number 556, Acetatifactor sp910586775
2026-01-11 15:39:24.372586 INFO::Fitting model to feature number 557, Acetatifactor sp910589655
2026-01-11 15:39:24.383206 INFO::Fitting model to feature number 558, Acetatifactor sp910586835
2026-01-11 15:39:24.396144 INFO::Fitting model to feature number 559, Acetatifactor sp003612485
2026-01-11 15:39:24.406573 INFO::Fitting model to feature number 560, MGYG000329336
2026-01-11 15:39:24.41778 INFO::Fitting model to feature number 561, Acetatifactor sp910577185
2026-01-11 15:39:24.430144 INFO::Fitting model to feature number 562, MGYG000325587
2026-01-11 15:39:24.446162 INFO::Fitting model to feature number 563, Acetatifactor sp910584235
2026-01-11 15:39:24.456179 INFO::Fitting model to feature number 564, MGYG000325385
2026-01-11 15:39:24.467044 INFO::Fitting model to feature number 565, Acetatifactor sp910580225
2026-01-11 15:39:24.494548 INFO::Fitting model to feature number 566, Acetatifactor sp910577035
2026-01-11 15:39:24.504089 INFO::Fitting model to feature number 567, Acetatifactor sp910578995
2026-01-11 15:39:24.516287 INFO::Fitting model to feature number 568, Acetatifactor sp910578185
2026-01-11 15:39:24.527028 INFO::Fitting model to feature number 569, MGYG000327004
2026-01-11 15:39:24.537686 INFO::Fitting model to feature number 570, Acetatifactor sp910586485
2026-01-11 15:39:24.547574 INFO::Fitting model to feature number 571, MGYG000331015
2026-01-11 15:39:24.557843 INFO::Fitting model to feature number 572, Acetatifactor sp910587555
2026-01-11 15:39:24.569933 INFO::Fitting model to feature number 573, 1XD8-76 sp910578085
2026-01-11 15:39:24.57963 INFO::Fitting model to feature number 574, 1XD8-76 sp910573755
2026-01-11 15:39:24.594736 INFO::Fitting model to feature number 575, 1XD8-76 sp910577955
2026-01-11 15:39:24.603528 INFO::Fitting model to feature number 576, UBA3282 sp009774175
2026-01-11 15:39:24.614038 INFO::Fitting model to feature number 577, UBA3282 sp910575245
2026-01-11 15:39:24.622805 INFO::Fitting model to feature number 578, UBA3282 sp009774655
2026-01-11 15:39:24.634134 INFO::Fitting model to feature number 579, UBA3282 sp910577735
2026-01-11 15:39:24.641521 INFO::Fitting model to feature number 580, UBA3282 sp910588215
2026-01-11 15:39:24.653803 INFO::Fitting model to feature number 581, UBA3282 sp910584725
2026-01-11 15:39:24.667645 INFO::Fitting model to feature number 582, MGYG000329173
2026-01-11 15:39:24.686812 INFO::Fitting model to feature number 583, MGYG000325371
2026-01-11 15:39:24.695271 INFO::Fitting model to feature number 584, MGYG000324467
2026-01-11 15:39:24.704425 INFO::Fitting model to feature number 585, UBA3282 sp910587095
2026-01-11 15:39:24.709588 WARNING::Fitting problem for feature 585 returning NA
2026-01-11 15:39:24.713793 INFO::Fitting model to feature number 586, UBA3282 sp009774585
2026-01-11 15:39:24.723745 INFO::Fitting model to feature number 587, UBA3282 sp910576815
2026-01-11 15:39:24.736449 INFO::Fitting model to feature number 588, UBA3282 sp910575775
2026-01-11 15:39:24.746721 INFO::Fitting model to feature number 589, UBA3282 sp003611805
2026-01-11 15:39:24.756705 INFO::Fitting model to feature number 590, UBA3282 sp910579285
2026-01-11 15:39:24.765656 INFO::Fitting model to feature number 591, UBA3282 sp910579505
2026-01-11 15:39:24.772766 INFO::Fitting model to feature number 592, MGYG000328328
2026-01-11 15:39:24.781596 INFO::Fitting model to feature number 593, MGYG000325448
2026-01-11 15:39:24.788858 INFO::Fitting model to feature number 594, MGYG000328360
2026-01-11 15:39:24.798822 INFO::Fitting model to feature number 595, MGYG000323430
2026-01-11 15:39:24.805676 INFO::Fitting model to feature number 596, UBA3282 sp003612405
2026-01-11 15:39:24.819775 INFO::Fitting model to feature number 597, UBA3282 sp009774215
2026-01-11 15:39:24.828888 INFO::Fitting model to feature number 598, MGYG000324289
2026-01-11 15:39:24.837685 INFO::Fitting model to feature number 599, Paralachnospira sp910588815
2026-01-11 15:39:24.847264 INFO::Fitting model to feature number 600, Paralachnospira sp022800815
2026-01-11 15:39:24.857526 INFO::Fitting model to feature number 601, Paralachnospira sp910587905
2026-01-11 15:39:24.866658 INFO::Fitting model to feature number 602, COE1 sp002490665
2026-01-11 15:39:24.872383 INFO::Fitting model to feature number 603, COE1 sp009774395
2026-01-11 15:39:24.880976 INFO::Fitting model to feature number 604, COE1 sp000403335
2026-01-11 15:39:24.889056 INFO::Fitting model to feature number 605, MGYG000410938
2026-01-11 15:39:24.897434 INFO::Fitting model to feature number 606, MGYG000325626
2026-01-11 15:39:24.902932 INFO::Fitting model to feature number 607, COE1 sp002358575
2026-01-11 15:39:24.908855 INFO::Fitting model to feature number 608, MGYG000325712
2026-01-11 15:39:24.916739 INFO::Fitting model to feature number 609, COE1 sp910586585
2026-01-11 15:39:24.923685 INFO::Fitting model to feature number 610, COE1 sp910586715
2026-01-11 15:39:24.932474 INFO::Fitting model to feature number 611, COE1 sp910579275
2026-01-11 15:39:24.9405 INFO::Fitting model to feature number 612, CAG-95 sp910585005
2026-01-11 15:39:24.950148 INFO::Fitting model to feature number 613, CAG-95 sp009917455
2026-01-11 15:39:24.958365 INFO::Fitting model to feature number 614, CAG-95 sp910579685
2026-01-11 15:39:24.966897 INFO::Fitting model to feature number 615, CAG-95 sp910579425
2026-01-11 15:39:24.974648 INFO::Fitting model to feature number 616, CAG-95 sp910579495
2026-01-11 15:39:24.982735 INFO::Fitting model to feature number 617, CAG-95 sp003612395
2026-01-11 15:39:24.992143 INFO::Fitting model to feature number 618, CAG-95 sp910586025
2026-01-11 15:39:25.000588 INFO::Fitting model to feature number 619, CAG-95 sp910577275
2026-01-11 15:39:25.010217 INFO::Fitting model to feature number 620, CAG-95 sp009911035
2026-01-11 15:39:25.019497 INFO::Fitting model to feature number 621, CAG-95 sp910585075
2026-01-11 15:39:25.029051 INFO::Fitting model to feature number 622, MGYG000410775
2026-01-11 15:39:25.039502 INFO::Fitting model to feature number 623, MGYG000325648
2026-01-11 15:39:25.050356 INFO::Fitting model to feature number 624, CAG-95 sp011959285
2026-01-11 15:39:25.054765 WARNING::Fitting problem for feature 624 returning NA
2026-01-11 15:39:25.058205 INFO::Fitting model to feature number 625, UBA7109 sp910576335
2026-01-11 15:39:25.068029 INFO::Fitting model to feature number 626, UBA7109 sp910575605
2026-01-11 15:39:25.078235 INFO::Fitting model to feature number 627, MGYG000323043
2026-01-11 15:39:25.087723 INFO::Fitting model to feature number 628, MGYG000405682
2026-01-11 15:39:25.099163 INFO::Fitting model to feature number 629, MGYG000368546
2026-01-11 15:39:25.109174 INFO::Fitting model to feature number 630, Ventrimonas sp910575255
2026-01-11 15:39:25.11945 INFO::Fitting model to feature number 631, Ventrimonas sp910577765
2026-01-11 15:39:25.128875 INFO::Fitting model to feature number 632, Ventrimonas sp910586255
2026-01-11 15:39:25.140507 INFO::Fitting model to feature number 633, Ventrimonas sp003611875
2026-01-11 15:39:25.149993 INFO::Fitting model to feature number 634, Ventrimonas sp009911065
2026-01-11 15:39:25.163129 INFO::Fitting model to feature number 635, MGYG000410706
2026-01-11 15:39:25.172409 INFO::Fitting model to feature number 636, MGYG000327273
2026-01-11 15:39:25.182633 INFO::Fitting model to feature number 637, Ventrimonas sp910577655
2026-01-11 15:39:25.191427 INFO::Fitting model to feature number 638, Ventrimonas sp022799175
2026-01-11 15:39:25.197378 WARNING::Fitting problem for feature 638 returning NA
2026-01-11 15:39:25.201192 INFO::Fitting model to feature number 639, MGYG000324149
2026-01-11 15:39:25.211693 INFO::Fitting model to feature number 640, UBA3402 sp910574345
2026-01-11 15:39:25.219628 INFO::Fitting model to feature number 641, UBA3402 sp910575585
2026-01-11 15:39:25.226457 INFO::Fitting model to feature number 642, MGYG000410803
2026-01-11 15:39:25.237284 INFO::Fitting model to feature number 643, UBA3402 sp910588325
2026-01-11 15:39:25.249458 INFO::Fitting model to feature number 644, UBA3402 sp022798105
2026-01-11 15:39:25.258179 INFO::Fitting model to feature number 645, UBA3402 sp022795805
2026-01-11 15:39:25.267384 INFO::Fitting model to feature number 646, UBA3402 sp002358555
2026-01-11 15:39:25.281121 INFO::Fitting model to feature number 647, UBA3402 sp910588865
2026-01-11 15:39:25.296012 INFO::Fitting model to feature number 648, UBA3402 sp022796015
2026-01-11 15:39:25.317869 INFO::Fitting model to feature number 649, UBA3402 sp910586845
2026-01-11 15:39:25.332468 INFO::Fitting model to feature number 650, UBA3402 sp910585435
2026-01-11 15:39:25.367059 INFO::Fitting model to feature number 651, UBA3402 sp910577935
2026-01-11 15:39:25.388397 INFO::Fitting model to feature number 652, UBA3402 sp910585645
2026-01-11 15:39:25.401621 INFO::Fitting model to feature number 653, UBA3402 sp021769025
2026-01-11 15:39:25.407004 WARNING::Fitting problem for feature 653 returning NA
2026-01-11 15:39:25.418502 INFO::Fitting model to feature number 654, 1XD42-69 sp011959925
2026-01-11 15:39:25.444555 INFO::Fitting model to feature number 655, 1XD42-69 sp009911505
2026-01-11 15:39:25.509029 INFO::Fitting model to feature number 656, 1XD42-69 sp022794015
2026-01-11 15:39:25.520973 INFO::Fitting model to feature number 657, 1XD42-69 sp910588565
2026-01-11 15:39:25.535726 INFO::Fitting model to feature number 658, 1XD42-69 sp910577065
2026-01-11 15:39:25.548044 INFO::Fitting model to feature number 659, 1XD42-69 sp910586645
2026-01-11 15:39:25.552808 WARNING::Fitting problem for feature 659 returning NA
2026-01-11 15:39:25.557563 INFO::Fitting model to feature number 660, Merdisoma sp009917555
2026-01-11 15:39:25.571984 INFO::Fitting model to feature number 661, Merdisoma sp910574255
2026-01-11 15:39:25.779356 INFO::Fitting model to feature number 662, Merdisoma sp011959465
2026-01-11 15:39:25.789374 INFO::Fitting model to feature number 663, Merdisoma sp910574835
2026-01-11 15:39:25.79957 INFO::Fitting model to feature number 664, Merdisoma sp910574475
2026-01-11 15:39:25.807965 INFO::Fitting model to feature number 665, MGYG000330323
2026-01-11 15:39:25.812215 WARNING::Fitting problem for feature 665 returning NA
2026-01-11 15:39:25.816374 INFO::Fitting model to feature number 666, Merdisoma sp022791635
2026-01-11 15:39:25.82113 WARNING::Fitting problem for feature 666 returning NA
2026-01-11 15:39:25.824279 INFO::Fitting model to feature number 667, Kineothrix sp011958945
2026-01-11 15:39:25.832432 INFO::Fitting model to feature number 668, Kineothrix sp910579935
2026-01-11 15:39:25.840452 INFO::Fitting model to feature number 669, Kineothrix sp910576535
2026-01-11 15:39:25.849482 INFO::Fitting model to feature number 670, MGYG000327499
2026-01-11 15:39:25.858085 INFO::Fitting model to feature number 671, Kineothrix sp000403275
2026-01-11 15:39:25.866175 INFO::Fitting model to feature number 672, Kineothrix sp910588855
2026-01-11 15:39:25.873059 INFO::Fitting model to feature number 673, Kineothrix sp910587275
2026-01-11 15:39:25.881511 INFO::Fitting model to feature number 674, MGYG000326008
2026-01-11 15:39:25.890757 INFO::Fitting model to feature number 675, Kineothrix sp910585965
2026-01-11 15:39:25.899355 INFO::Fitting model to feature number 676, Kineothrix sp009911195
2026-01-11 15:39:25.901898 WARNING::Fitting problem for feature 676 returning NA
2026-01-11 15:39:25.904018 INFO::Fitting model to feature number 677, RGIG4057 sp910587085
2026-01-11 15:39:25.909993 INFO::Fitting model to feature number 678, RGIG4057 sp910579615
2026-01-11 15:39:25.917651 INFO::Fitting model to feature number 679, UMGS1370 sp910577645
2026-01-11 15:39:25.92402 INFO::Fitting model to feature number 680, UMGS1370 sp910586755
2026-01-11 15:39:25.930134 INFO::Fitting model to feature number 681, UBA2882 sp910574745
2026-01-11 15:39:25.935945 INFO::Fitting model to feature number 682, Eubacterium_J sp910574915
2026-01-11 15:39:25.941222 INFO::Fitting model to feature number 683, Eubacterium_J sp910579075
2026-01-11 15:39:25.947647 INFO::Fitting model to feature number 684, Eubacterium_J sp910580075
2026-01-11 15:39:25.953074 INFO::Fitting model to feature number 685, Eubacterium_J sp910584595
2026-01-11 15:39:25.958459 INFO::Fitting model to feature number 686, MGYG000330231
2026-01-11 15:39:25.965075 INFO::Fitting model to feature number 687, MGYG000327453
2026-01-11 15:39:25.970118 INFO::Fitting model to feature number 688, Butyribacter sp910575435
2026-01-11 15:39:25.975917 INFO::Fitting model to feature number 689, Butyribacter sp910585905
2026-01-11 15:39:25.982431 INFO::Fitting model to feature number 690, MGYG000330019
2026-01-11 15:39:25.987947 INFO::Fitting model to feature number 691, Butyribacter sp009774235
2026-01-11 15:39:25.99394 INFO::Fitting model to feature number 692, VSOB01 sp009774625
2026-01-11 15:39:26.000611 INFO::Fitting model to feature number 693, VSOB01 sp910587155
2026-01-11 15:39:26.006768 INFO::Fitting model to feature number 694, VSOB01 sp910587635
2026-01-11 15:39:26.012774 INFO::Fitting model to feature number 695, Copromonas sp009917545
2026-01-11 15:39:26.019334 INFO::Fitting model to feature number 696, Copromonas sp910575275
2026-01-11 15:39:26.024619 INFO::Fitting model to feature number 697, Copromonas sp022792295
2026-01-11 15:39:26.030883 INFO::Fitting model to feature number 698, Copromonas sp910586315
2026-01-11 15:39:26.03672 INFO::Fitting model to feature number 699, Bariatricus sp022793995
2026-01-11 15:39:26.041884 INFO::Fitting model to feature number 700, Clostridium_Q sp910575795
2026-01-11 15:39:26.048426 INFO::Fitting model to feature number 701, RGIG4284 sp910576205
2026-01-11 15:39:26.054703 INFO::Fitting model to feature number 702, RGIG4284 sp022796795
2026-01-11 15:39:26.06253 INFO::Fitting model to feature number 703, RGIG7193 sp022793375
2026-01-11 15:39:26.071148 INFO::Fitting model to feature number 704, RGIG7193 sp022791755
2026-01-11 15:39:26.078955 INFO::Fitting model to feature number 705, Roseburia sp910587865
2026-01-11 15:39:26.086751 INFO::Fitting model to feature number 706, Roseburia sp910584215
2026-01-11 15:39:26.093784 INFO::Fitting model to feature number 707, MGYG000329248
2026-01-11 15:39:26.101555 INFO::Fitting model to feature number 708, Lachnospira sp910589305
2026-01-11 15:39:26.107793 INFO::Fitting model to feature number 709, Eubacterium_G sp910584795
2026-01-11 15:39:26.116245 INFO::Fitting model to feature number 710, Eubacterium_G sp910574895
2026-01-11 15:39:26.124764 INFO::Fitting model to feature number 711, Paralachnospira_A sp910588405
2026-01-11 15:39:26.132431 INFO::Fitting model to feature number 712, Paralachnospira_A sp910579325
2026-01-11 15:39:26.136693 WARNING::Fitting problem for feature 712 returning NA
2026-01-11 15:39:26.139852 INFO::Fitting model to feature number 713, CAG-317 sp910578495
2026-01-11 15:39:26.148684 INFO::Fitting model to feature number 714, CAG-317 sp011960265
2026-01-11 15:39:26.154661 INFO::Fitting model to feature number 715, JAAWJJ01 sp022796875
2026-01-11 15:39:26.162222 INFO::Fitting model to feature number 716, Blautia_A sp900551075
2026-01-11 15:39:26.169273 INFO::Fitting model to feature number 717, Blautia_A massiliensis
2026-01-11 15:39:26.172653 WARNING::Fitting problem for feature 717 returning NA
2026-01-11 15:39:26.17533 INFO::Fitting model to feature number 718, CAG-56 sp004793585
2026-01-11 15:39:26.183252 INFO::Fitting model to feature number 719, Enterocloster aldenensis
2026-01-11 15:39:26.189338 INFO::Fitting model to feature number 720, Enterocloster clostridioformis
2026-01-11 15:39:26.195665 INFO::Fitting model to feature number 721, Choladousia sp003612585
2026-01-11 15:39:26.203483 INFO::Fitting model to feature number 722, CAG-510 sp910577105
2026-01-11 15:39:26.209243 INFO::Fitting model to feature number 723, MGYG000325650
2026-01-11 15:39:26.216215 INFO::Fitting model to feature number 724, CAG-590 sp910585605
2026-01-11 15:39:26.221245 INFO::Fitting model to feature number 725, Blautia pseudococcoides
2026-01-11 15:39:26.226716 INFO::Fitting model to feature number 726, Eisenbergiella sp910585455
2026-01-11 15:39:26.233155 INFO::Fitting model to feature number 727, MGYG000392808
2026-01-11 15:39:26.238772 INFO::Fitting model to feature number 728, W0P33-017 sp910589045
2026-01-11 15:39:26.247024 INFO::Fitting model to feature number 729, SIG307 sp910579465
2026-01-11 15:39:26.253119 INFO::Fitting model to feature number 730, MGYG000326869
2026-01-11 15:39:26.259477 INFO::Fitting model to feature number 731, CAG-603 sp910583605
2026-01-11 15:39:26.266046 INFO::Fitting model to feature number 732, Marvinbryantia sp900550755
2026-01-11 15:39:26.268614 WARNING::Fitting problem for feature 732 returning NA
2026-01-11 15:39:26.270872 INFO::Fitting model to feature number 733, RGIG8607 sp910577045
2026-01-11 15:39:26.275725 INFO::Fitting model to feature number 734, MGYG000326584
2026-01-11 15:39:26.278979 WARNING::Fitting problem for feature 734 returning NA
2026-01-11 15:39:26.28168 INFO::Fitting model to feature number 735, MGBC114844 sp910585255
2026-01-11 15:39:26.284389 WARNING::Fitting problem for feature 735 returning NA
2026-01-11 15:39:26.286715 INFO::Fitting model to feature number 736, MGYG000325493
2026-01-11 15:39:26.291794 INFO::Fitting model to feature number 737, MGYG000329929
2026-01-11 15:39:26.29473 WARNING::Fitting problem for feature 737 returning NA
2026-01-11 15:39:26.297319 INFO::Fitting model to feature number 738, UBA2821 sp014799465
2026-01-11 15:39:26.302464 INFO::Fitting model to feature number 739, MGBC100174 sp910576895
2026-01-11 15:39:26.307527 INFO::Fitting model to feature number 740, Muricomes contortus_B
2026-01-11 15:39:26.313293 INFO::Fitting model to feature number 741, Extibacter muris
2026-01-11 15:39:26.316546 WARNING::Fitting problem for feature 741 returning NA
2026-01-11 15:39:26.318758 INFO::Fitting model to feature number 742, Anaerotignum sp910576545
2026-01-11 15:39:26.324623 INFO::Fitting model to feature number 743, Anaerotignum sp910578425
2026-01-11 15:39:26.331005 INFO::Fitting model to feature number 744, Coprocola sp910575055
2026-01-11 15:39:26.336356 INFO::Fitting model to feature number 745, Enterenecus sp910588495
2026-01-11 15:39:26.344084 INFO::Fitting model to feature number 746, Enterenecus sp910587285
2026-01-11 15:39:26.353262 INFO::Fitting model to feature number 747, MGYG000327450
2026-01-11 15:39:26.358919 INFO::Fitting model to feature number 748, Enterenecus sp910588625
2026-01-11 15:39:26.366649 INFO::Fitting model to feature number 749, Enterenecus sp910575695
2026-01-11 15:39:26.374601 INFO::Fitting model to feature number 750, MGYG000326888
2026-01-11 15:39:26.382972 INFO::Fitting model to feature number 751, Enterenecus sp910585155
2026-01-11 15:39:26.391062 INFO::Fitting model to feature number 752, MGYG000331159
2026-01-11 15:39:26.399222 INFO::Fitting model to feature number 753, Enterenecus sp910579595
2026-01-11 15:39:26.407409 INFO::Fitting model to feature number 754, MGYG000410353
2026-01-11 15:39:26.415122 INFO::Fitting model to feature number 755, Enterenecus sp910577525
2026-01-11 15:39:26.422036 INFO::Fitting model to feature number 756, Enterenecus sp910587395
2026-01-11 15:39:26.428617 INFO::Fitting model to feature number 757, MGYG000328307
2026-01-11 15:39:26.436081 INFO::Fitting model to feature number 758, Enterenecus sp910587255
2026-01-11 15:39:26.443617 INFO::Fitting model to feature number 759, Enterenecus sp910588105
2026-01-11 15:39:26.452003 INFO::Fitting model to feature number 760, MGYG000410945
2026-01-11 15:39:26.460014 INFO::Fitting model to feature number 761, Enterenecus sp910579155
2026-01-11 15:39:26.467772 INFO::Fitting model to feature number 762, MGYG000322966
2026-01-11 15:39:26.475842 INFO::Fitting model to feature number 763, MGYG000410761
2026-01-11 15:39:26.483981 INFO::Fitting model to feature number 764, Enterenecus sp910587205
2026-01-11 15:39:26.489617 INFO::Fitting model to feature number 765, MGYG000410914
2026-01-11 15:39:26.498027 INFO::Fitting model to feature number 766, Enterenecus sp910584285
2026-01-11 15:39:26.505985 INFO::Fitting model to feature number 767, MGYG000327286
2026-01-11 15:39:26.513414 INFO::Fitting model to feature number 768, Enterenecus sp910585265
2026-01-11 15:39:26.521117 INFO::Fitting model to feature number 769, Enterenecus sp910584835
2026-01-11 15:39:26.529552 INFO::Fitting model to feature number 770, Enterenecus sp910588135
2026-01-11 15:39:26.536259 INFO::Fitting model to feature number 771, MGYG000329348
2026-01-11 15:39:26.543273 INFO::Fitting model to feature number 772, MGYG000325584
2026-01-11 15:39:26.547467 WARNING::Fitting problem for feature 772 returning NA
2026-01-11 15:39:26.550506 INFO::Fitting model to feature number 773, MGYG000410874
2026-01-11 15:39:26.556658 INFO::Fitting model to feature number 774, MGYG000360698
2026-01-11 15:39:26.564892 INFO::Fitting model to feature number 775, Lawsonibacter sp003612335
2026-01-11 15:39:26.574097 INFO::Fitting model to feature number 776, Lawsonibacter sp910585815
2026-01-11 15:39:26.583299 INFO::Fitting model to feature number 777, Lawsonibacter sp910584605
2026-01-11 15:39:26.593979 INFO::Fitting model to feature number 778, Lawsonibacter sp910575265
2026-01-11 15:39:26.603867 INFO::Fitting model to feature number 779, MGYG000432202
2026-01-11 15:39:26.619573 INFO::Fitting model to feature number 780, Lawsonibacter sp022799835
2026-01-11 15:39:26.630455 INFO::Fitting model to feature number 781, MGYG000433528
2026-01-11 15:39:26.638435 INFO::Fitting model to feature number 782, Lawsonibacter sp022794495
2026-01-11 15:39:26.647658 INFO::Fitting model to feature number 783, MGYG000410681
2026-01-11 15:39:26.655821 INFO::Fitting model to feature number 784, Lawsonibacter sp910578735
2026-01-11 15:39:26.664578 INFO::Fitting model to feature number 785, MGYG000325175
2026-01-11 15:39:26.671742 INFO::Fitting model to feature number 786, Lawsonibacter sp022801435
2026-01-11 15:39:26.680301 INFO::Fitting model to feature number 787, Lawsonibacter sp009911645
2026-01-11 15:39:26.687545 INFO::Fitting model to feature number 788, Lawsonibacter sp943192995
2026-01-11 15:39:26.694455 INFO::Fitting model to feature number 789, MGYG000329509
2026-01-11 15:39:26.700638 INFO::Fitting model to feature number 790, Lawsonibacter sp022798855
2026-01-11 15:39:26.70618 INFO::Fitting model to feature number 791, Lawsonibacter sp910588455
2026-01-11 15:39:26.712842 INFO::Fitting model to feature number 792, Lawsonibacter sp910589085
2026-01-11 15:39:26.719131 INFO::Fitting model to feature number 793, Lawsonibacter sp022793355
2026-01-11 15:39:26.72603 INFO::Fitting model to feature number 794, MGYG000328991
2026-01-11 15:39:26.734212 INFO::Fitting model to feature number 795, Lawsonibacter sp022795855
2026-01-11 15:39:26.742785 INFO::Fitting model to feature number 796, Lawsonibacter sp022791995
2026-01-11 15:39:26.74707 WARNING::Fitting problem for feature 796 returning NA
2026-01-11 15:39:26.750512 INFO::Fitting model to feature number 797, MGYG000323117
2026-01-11 15:39:26.758722 INFO::Fitting model to feature number 798, Lawsonibacter sp000492175
2026-01-11 15:39:26.762747 WARNING::Fitting problem for feature 798 returning NA
2026-01-11 15:39:26.766112 INFO::Fitting model to feature number 799, MGYG000324476
2026-01-11 15:39:26.773473 INFO::Fitting model to feature number 800, MGYG000411366
2026-01-11 15:39:26.782361 INFO::Fitting model to feature number 801, MGYG000345714
2026-01-11 15:39:26.790405 INFO::Fitting model to feature number 802, MGYG000329989
2026-01-11 15:39:26.798622 INFO::Fitting model to feature number 803, Lawsonibacter sp910577805
2026-01-11 15:39:26.806304 INFO::Fitting model to feature number 804, MGYG000410703
2026-01-11 15:39:26.813726 INFO::Fitting model to feature number 805, MGYG000329873
2026-01-11 15:39:26.819878 INFO::Fitting model to feature number 806, Lawsonibacter sp022796195
2026-01-11 15:39:26.826825 INFO::Fitting model to feature number 807, MGYG000411569
2026-01-11 15:39:26.833727 INFO::Fitting model to feature number 808, MGYG000327081
2026-01-11 15:39:26.837785 WARNING::Fitting problem for feature 808 returning NA
2026-01-11 15:39:26.841708 INFO::Fitting model to feature number 809, Dysosmobacter sp009774015
2026-01-11 15:39:26.851006 INFO::Fitting model to feature number 810, Dysosmobacter sp910583785
2026-01-11 15:39:26.859388 INFO::Fitting model to feature number 811, Dysosmobacter sp910575815
2026-01-11 15:39:26.868469 INFO::Fitting model to feature number 812, Dysosmobacter sp910579365
2026-01-11 15:39:26.876077 INFO::Fitting model to feature number 813, Dysosmobacter sp910587705
2026-01-11 15:39:26.884063 INFO::Fitting model to feature number 814, Dysosmobacter sp910586735
2026-01-11 15:39:26.891647 INFO::Fitting model to feature number 815, Dysosmobacter sp910585385
2026-01-11 15:39:26.899314 INFO::Fitting model to feature number 816, Dysosmobacter sp022791875
2026-01-11 15:39:26.90813 INFO::Fitting model to feature number 817, Dysosmobacter sp910583695
2026-01-11 15:39:26.919874 INFO::Fitting model to feature number 818, Dysosmobacter sp000403435
2026-01-11 15:39:26.930158 INFO::Fitting model to feature number 819, Dysosmobacter sp022791135
2026-01-11 15:39:26.936669 INFO::Fitting model to feature number 820, Dysosmobacter sp910588175
2026-01-11 15:39:26.945509 INFO::Fitting model to feature number 821, Dysosmobacter sp022795445
2026-01-11 15:39:26.951935 INFO::Fitting model to feature number 822, Dysosmobacter sp910575505
2026-01-11 15:39:26.958865 INFO::Fitting model to feature number 823, Dysosmobacter sp009773995
2026-01-11 15:39:26.965351 INFO::Fitting model to feature number 824, Dysosmobacter sp022801815
2026-01-11 15:39:26.970981 INFO::Fitting model to feature number 825, Dysosmobacter sp910577405
2026-01-11 15:39:26.978635 INFO::Fitting model to feature number 826, Dysosmobacter sp910578935
2026-01-11 15:39:26.987272 INFO::Fitting model to feature number 827, Dysosmobacter sp910576865
2026-01-11 15:39:26.996015 INFO::Fitting model to feature number 828, MGYG000330291
2026-01-11 15:39:27.003708 INFO::Fitting model to feature number 829, MGYG000409008
2026-01-11 15:39:27.013145 INFO::Fitting model to feature number 830, Dysosmobacter sp910589315
2026-01-11 15:39:27.02124 INFO::Fitting model to feature number 831, Dysosmobacter sp910587525
2026-01-11 15:39:27.028424 INFO::Fitting model to feature number 832, Dysosmobacter sp910587875
2026-01-11 15:39:27.036255 INFO::Fitting model to feature number 833, Dysosmobacter sp910584995
2026-01-11 15:39:27.043868 INFO::Fitting model to feature number 834, Dysosmobacter sp910579435
2026-01-11 15:39:27.05196 INFO::Fitting model to feature number 835, MGYG000411389
2026-01-11 15:39:27.06005 INFO::Fitting model to feature number 836, MGYG000325877
2026-01-11 15:39:27.068472 INFO::Fitting model to feature number 837, Dysosmobacter sp910584075
2026-01-11 15:39:27.077086 INFO::Fitting model to feature number 838, Dysosmobacter sp910585245
2026-01-11 15:39:27.086177 INFO::Fitting model to feature number 839, MGYG000373829
2026-01-11 15:39:27.091156 WARNING::Fitting problem for feature 839 returning NA
2026-01-11 15:39:27.094434 INFO::Fitting model to feature number 840, Dysosmobacter sp910584465
2026-01-11 15:39:27.103104 INFO::Fitting model to feature number 841, MGYG000330443
2026-01-11 15:39:27.107689 WARNING::Fitting problem for feature 841 returning NA
2026-01-11 15:39:27.111191 INFO::Fitting model to feature number 842, MGYG000326793
2026-01-11 15:39:27.118175 INFO::Fitting model to feature number 843, Dysosmobacter sp910576845
2026-01-11 15:39:27.121515 WARNING::Fitting problem for feature 843 returning NA
2026-01-11 15:39:27.125142 INFO::Fitting model to feature number 844, MGYG000329180
2026-01-11 15:39:27.133363 INFO::Fitting model to feature number 845, Pelethomonas sp910578505
2026-01-11 15:39:27.141152 INFO::Fitting model to feature number 846, Pelethomonas sp910579965
2026-01-11 15:39:27.147659 INFO::Fitting model to feature number 847, Pelethomonas sp910579485
2026-01-11 15:39:27.153812 INFO::Fitting model to feature number 848, Pelethomonas sp910587785
2026-01-11 15:39:27.160423 INFO::Fitting model to feature number 849, Pelethomonas sp022800665
2026-01-11 15:39:27.167315 INFO::Fitting model to feature number 850, Pelethomonas sp009774055
2026-01-11 15:39:27.175551 INFO::Fitting model to feature number 851, Pelethomonas sp022804995
2026-01-11 15:39:27.184026 INFO::Fitting model to feature number 852, Pelethomonas sp014237695
2026-01-11 15:39:27.189516 INFO::Fitting model to feature number 853, Pelethomonas sp022795905
2026-01-11 15:39:27.196618 INFO::Fitting model to feature number 854, MGYG000326866
2026-01-11 15:39:27.203686 INFO::Fitting model to feature number 855, Pelethomonas sp910583885
2026-01-11 15:39:27.212061 INFO::Fitting model to feature number 856, Pelethomonas sp910588365
2026-01-11 15:39:27.219074 INFO::Fitting model to feature number 857, MGYG000410776
2026-01-11 15:39:27.226085 INFO::Fitting model to feature number 858, Pelethomonas sp910587645
2026-01-11 15:39:27.232954 INFO::Fitting model to feature number 859, Pelethomonas sp022800525
2026-01-11 15:39:27.24155 INFO::Fitting model to feature number 860, Pelethomonas sp910588045
2026-01-11 15:39:27.249896 INFO::Fitting model to feature number 861, MGYG000325557
2026-01-11 15:39:27.288883 INFO::Fitting model to feature number 862, Pelethomonas sp910579725
2026-01-11 15:39:27.297559 INFO::Fitting model to feature number 863, Pelethomonas sp910577915
2026-01-11 15:39:27.301491 WARNING::Fitting problem for feature 863 returning NA
2026-01-11 15:39:27.304708 INFO::Fitting model to feature number 864, Pelethomonas sp910587505
2026-01-11 15:39:27.311832 INFO::Fitting model to feature number 865, MGYG000325617
2026-01-11 15:39:27.318645 INFO::Fitting model to feature number 866, Evtepia sp910584805
2026-01-11 15:39:27.324453 INFO::Fitting model to feature number 867, Evtepia sp022792035
2026-01-11 15:39:27.332086 INFO::Fitting model to feature number 868, Evtepia sp910578575
2026-01-11 15:39:27.340631 INFO::Fitting model to feature number 869, Marseille-P3106 sp022799035
2026-01-11 15:39:27.352937 INFO::Fitting model to feature number 870, Marseille-P3106 sp910587345
2026-01-11 15:39:27.36023 INFO::Fitting model to feature number 871, Marseille-P3106 sp910588975
2026-01-11 15:39:27.367436 INFO::Fitting model to feature number 872, MGYG000410458
2026-01-11 15:39:27.374257 INFO::Fitting model to feature number 873, Marseille-P3106 sp910585735
2026-01-11 15:39:27.379177 WARNING::Fitting problem for feature 873 returning NA
2026-01-11 15:39:27.382623 INFO::Fitting model to feature number 874, Marseille-P3106 sp022792495
2026-01-11 15:39:27.387112 WARNING::Fitting problem for feature 874 returning NA
2026-01-11 15:39:27.389939 INFO::Fitting model to feature number 875, Marseille-P3106 sp022794215
2026-01-11 15:39:27.397841 INFO::Fitting model to feature number 876, Marseille-P3106 sp022800215
2026-01-11 15:39:27.401384 WARNING::Fitting problem for feature 876 returning NA
2026-01-11 15:39:27.404082 INFO::Fitting model to feature number 877, MGYG000326975
2026-01-11 15:39:27.413013 INFO::Fitting model to feature number 878, NSJ-51 sp910585415
2026-01-11 15:39:27.422783 INFO::Fitting model to feature number 879, MGYG000326314
2026-01-11 15:39:27.432592 INFO::Fitting model to feature number 880, MGYG000325278
2026-01-11 15:39:27.440802 INFO::Fitting model to feature number 881, CAJFPI01 sp022801715
2026-01-11 15:39:27.449747 INFO::Fitting model to feature number 882, MGYG000327336
2026-01-11 15:39:27.45287 WARNING::Fitting problem for feature 882 returning NA
2026-01-11 15:39:27.455087 INFO::Fitting model to feature number 883, MGYG000328896
2026-01-11 15:39:27.463336 INFO::Fitting model to feature number 884, MGYG000329428
2026-01-11 15:39:27.473135 INFO::Fitting model to feature number 885, MGYG000329835
2026-01-11 15:39:27.477911 WARNING::Fitting problem for feature 885 returning NA
2026-01-11 15:39:27.482052 INFO::Fitting model to feature number 886, MGYG000410456
2026-01-11 15:39:27.486686 WARNING::Fitting problem for feature 886 returning NA
2026-01-11 15:39:27.489534 INFO::Fitting model to feature number 887, CAKUEI01 sp022793685
2026-01-11 15:39:27.498178 INFO::Fitting model to feature number 888, Avoscillospira_A sp022792945
2026-01-11 15:39:27.506238 INFO::Fitting model to feature number 889, JAAWCD01 sp022793095
2026-01-11 15:39:27.513364 INFO::Fitting model to feature number 890, Acutalibacter sp910588935
2026-01-11 15:39:27.520684 INFO::Fitting model to feature number 891, Acutalibacter sp009936035
2026-01-11 15:39:27.527531 INFO::Fitting model to feature number 892, Acutalibacter sp910589395
2026-01-11 15:39:27.53517 INFO::Fitting model to feature number 893, Acutalibacter sp910574935
2026-01-11 15:39:27.544039 INFO::Fitting model to feature number 894, Acutalibacter sp009917445
2026-01-11 15:39:27.551662 INFO::Fitting model to feature number 895, Acutalibacter muris
2026-01-11 15:39:27.557764 INFO::Fitting model to feature number 896, Acutalibacter sp910587835
2026-01-11 15:39:27.56669 INFO::Fitting model to feature number 897, MGYG000406378
2026-01-11 15:39:27.578372 INFO::Fitting model to feature number 898, Acutalibacter sp009917525
2026-01-11 15:39:27.594465 INFO::Fitting model to feature number 899, MGYG000328916
2026-01-11 15:39:27.603986 INFO::Fitting model to feature number 900, Acutalibacter sp910574995
2026-01-11 15:39:27.6119 INFO::Fitting model to feature number 901, Acutalibacter sp910580045
2026-01-11 15:39:27.620858 INFO::Fitting model to feature number 902, Acutalibacter sp003612555
2026-01-11 15:39:27.627357 INFO::Fitting model to feature number 903, Acutalibacter sp910587995
2026-01-11 15:39:27.635664 INFO::Fitting model to feature number 904, Acutalibacter sp910588415
2026-01-11 15:39:27.643316 INFO::Fitting model to feature number 905, Acutalibacter sp910584745
2026-01-11 15:39:27.650354 INFO::Fitting model to feature number 906, MGYG000330157
2026-01-11 15:39:27.653562 WARNING::Fitting problem for feature 906 returning NA
2026-01-11 15:39:27.656178 INFO::Fitting model to feature number 907, MGYG000331301
2026-01-11 15:39:27.659399 WARNING::Fitting problem for feature 907 returning NA
2026-01-11 15:39:27.662311 INFO::Fitting model to feature number 908, MGYG000410931
2026-01-11 15:39:27.66596 WARNING::Fitting problem for feature 908 returning NA
2026-01-11 15:39:27.66844 INFO::Fitting model to feature number 909, MGYG000328573
2026-01-11 15:39:27.672658 WARNING::Fitting problem for feature 909 returning NA
2026-01-11 15:39:27.676462 INFO::Fitting model to feature number 910, Acutalibacter stercorigallinarum
2026-01-11 15:39:27.6842 INFO::Fitting model to feature number 911, Eubacterium_R sp011958665
2026-01-11 15:39:27.692106 INFO::Fitting model to feature number 912, MGYG000337810
2026-01-11 15:39:27.700879 INFO::Fitting model to feature number 913, MGYG000379997
2026-01-11 15:39:27.70948 INFO::Fitting model to feature number 914, MGYG000351739
2026-01-11 15:39:27.71838 INFO::Fitting model to feature number 915, MGYG000410251
2026-01-11 15:39:27.72938 INFO::Fitting model to feature number 916, MGYG000373138
2026-01-11 15:39:27.736546 INFO::Fitting model to feature number 917, MGYG000327182
2026-01-11 15:39:27.739931 WARNING::Fitting problem for feature 917 returning NA
2026-01-11 15:39:27.742859 INFO::Fitting model to feature number 918, Ruthenibacterium sp013316265
2026-01-11 15:39:27.747195 WARNING::Fitting problem for feature 918 returning NA
2026-01-11 15:39:27.750023 INFO::Fitting model to feature number 919, Ruminococcus sp910584195
2026-01-11 15:39:27.75841 INFO::Fitting model to feature number 920, Angelakisella sp910585525
2026-01-11 15:39:27.763184 WARNING::Fitting problem for feature 920 returning NA
2026-01-11 15:39:27.766225 INFO::Fitting model to feature number 921, Angelakisella sp022795575
2026-01-11 15:39:27.772052 INFO::Fitting model to feature number 922, Angelakisella sp910585535
2026-01-11 15:39:27.780425 INFO::Fitting model to feature number 923, Angelakisella sp013316495
2026-01-11 15:39:27.787299 INFO::Fitting model to feature number 924, Ruminiclostridium_E sp910588335
2026-01-11 15:39:27.793072 INFO::Fitting model to feature number 925, MGYG000410125
2026-01-11 15:39:27.799935 INFO::Fitting model to feature number 926, Ruminiclostridium_E sp910585505
2026-01-11 15:39:27.806524 INFO::Fitting model to feature number 927, UBA1405 sp022800935
2026-01-11 15:39:27.816012 INFO::Fitting model to feature number 928, MGYG000331296
2026-01-11 15:39:27.821382 INFO::Fitting model to feature number 929, MGYG000410015
2026-01-11 15:39:27.824035 WARNING::Fitting problem for feature 929 returning NA
2026-01-11 15:39:27.826281 INFO::Fitting model to feature number 930, UBA1394 sp910588145
2026-01-11 15:39:27.831914 INFO::Fitting model to feature number 931, Anaerotruncus sp000403395
2026-01-11 15:39:27.837835 INFO::Fitting model to feature number 932, Anaerotruncus sp003612625
2026-01-11 15:39:27.843645 INFO::Fitting model to feature number 933, Anaerotruncus colihominis_A
2026-01-11 15:39:27.851246 INFO::Fitting model to feature number 934, Anaerotruncus sp910586875
2026-01-11 15:39:27.854567 WARNING::Fitting problem for feature 934 returning NA
2026-01-11 15:39:27.857264 INFO::Fitting model to feature number 935, MGYG000410574
2026-01-11 15:39:27.864446 INFO::Fitting model to feature number 936, UBA3818 sp910583935
2026-01-11 15:39:27.868055 WARNING::Fitting problem for feature 936 returning NA
2026-01-11 15:39:27.87126 INFO::Fitting model to feature number 937, JAAVYW01 sp022791315
2026-01-11 15:39:27.875844 WARNING::Fitting problem for feature 937 returning NA
2026-01-11 15:39:27.879417 INFO::Fitting model to feature number 938, Faecivivens sp022793675
2026-01-11 15:39:27.884456 WARNING::Fitting problem for feature 938 returning NA
2026-01-11 15:39:27.888276 INFO::Fitting model to feature number 939, RGIG8773 sp910584715
2026-01-11 15:39:27.897204 INFO::Fitting model to feature number 940, QXXE01 sp009911355
2026-01-11 15:39:27.90671 INFO::Fitting model to feature number 941, QXXE01 sp910586575
2026-01-11 15:39:27.915365 INFO::Fitting model to feature number 942, MGYG000327912
2026-01-11 15:39:27.924045 INFO::Fitting model to feature number 943, Butyricicoccus sp910584935
2026-01-11 15:39:27.933349 INFO::Fitting model to feature number 944, Pseudobutyricicoccus sp910579575
2026-01-11 15:39:27.938611 WARNING::Fitting problem for feature 944 returning NA
2026-01-11 15:39:27.942419 INFO::Fitting model to feature number 945, MGYG000349368
2026-01-11 15:39:27.951967 INFO::Fitting model to feature number 946, Avispirillum sp011957885
2026-01-11 15:39:27.962137 INFO::Fitting model to feature number 947, MGYG000401352
2026-01-11 15:39:27.971946 INFO::Fitting model to feature number 948, Zhenpiania sp009911365
2026-01-11 15:39:27.978706 INFO::Fitting model to feature number 949, Zhenpiania sp910575405
2026-01-11 15:39:27.987339 INFO::Fitting model to feature number 950, Emergencia sp009936045
2026-01-11 15:39:27.993776 INFO::Fitting model to feature number 951, JAAVYD01 sp022790955
2026-01-11 15:39:28.001223 INFO::Fitting model to feature number 952, Fimisoma sp910588185
2026-01-11 15:39:28.009141 INFO::Fitting model to feature number 953, MGYG000410140
2026-01-11 15:39:28.017958 INFO::Fitting model to feature number 954, MGYG000323026
2026-01-11 15:39:28.025955 INFO::Fitting model to feature number 955, Coproplasma sp910579525
2026-01-11 15:39:28.033569 INFO::Fitting model to feature number 956, Coproplasma sp003979335
2026-01-11 15:39:28.039489 INFO::Fitting model to feature number 957, Coproplasma sp013316055
2026-01-11 15:39:28.042855 WARNING::Fitting problem for feature 957 returning NA
2026-01-11 15:39:28.045691 INFO::Fitting model to feature number 958, Coproplasma sp910577375
2026-01-11 15:39:28.053629 INFO::Fitting model to feature number 959, Coproplasma sp910586065
2026-01-11 15:39:28.06135 INFO::Fitting model to feature number 960, MGYG000328913
2026-01-11 15:39:28.070306 INFO::Fitting model to feature number 961, Coproplasma stercorigallinarum
2026-01-11 15:39:28.0794 INFO::Fitting model to feature number 962, MGBC120929 sp910583735
2026-01-11 15:39:28.087723 INFO::Fitting model to feature number 963, RACS-045 sp910579785
2026-01-11 15:39:28.096532 INFO::Fitting model to feature number 964, QANA01 sp910588425
2026-01-11 15:39:28.104714 INFO::Fitting model to feature number 965, MGYG000324257
2026-01-11 15:39:28.112333 INFO::Fitting model to feature number 966, HGM11386 sp022791055
2026-01-11 15:39:28.1169 WARNING::Fitting problem for feature 966 returning NA
2026-01-11 15:39:28.119538 INFO::Fitting model to feature number 967, RACS-047 sp013316045
2026-01-11 15:39:28.122994 WARNING::Fitting problem for feature 967 returning NA
2026-01-11 15:39:28.12556 INFO::Fitting model to feature number 968, CAG-475 sp910577815
2026-01-11 15:39:28.132141 INFO::Fitting model to feature number 969, MGYG000328446
2026-01-11 15:39:28.135555 WARNING::Fitting problem for feature 969 returning NA
2026-01-11 15:39:28.138588 INFO::Fitting model to feature number 970, Caccovivens sp910587225
2026-01-11 15:39:28.142709 WARNING::Fitting problem for feature 970 returning NA
2026-01-11 15:39:28.146216 INFO::Fitting model to feature number 971, CAG-41 sp910578235
2026-01-11 15:39:28.150965 WARNING::Fitting problem for feature 971 returning NA
2026-01-11 15:39:28.15433 INFO::Fitting model to feature number 972, MGYG000410260
2026-01-11 15:39:28.160346 INFO::Fitting model to feature number 973, MGYG000335786
2026-01-11 15:39:28.190047 INFO::Fitting model to feature number 974, MGYG000349464
2026-01-11 15:39:28.198113 INFO::Fitting model to feature number 975, CAG-269 sp022792395
2026-01-11 15:39:28.206032 INFO::Fitting model to feature number 976, MGYG000328872
2026-01-11 15:39:28.209502 WARNING::Fitting problem for feature 976 returning NA
2026-01-11 15:39:28.21365 INFO::Fitting model to feature number 977, MGYG000327552
2026-01-11 15:39:28.224013 INFO::Fitting model to feature number 978, RGIG8482 sp022796855
2026-01-11 15:39:28.231112 INFO::Fitting model to feature number 979, JAAWPK01 sp022791735
2026-01-11 15:39:28.237759 INFO::Fitting model to feature number 980, MGYG000375192
2026-01-11 15:39:28.242797 INFO::Fitting model to feature number 981, MGYG000323824
2026-01-11 15:39:28.245995 WARNING::Fitting problem for feature 981 returning NA
2026-01-11 15:39:28.248646 INFO::Fitting model to feature number 982, Akkermansia muciniphila_B
2026-01-11 15:39:28.253821 INFO::Fitting model to feature number 983, Akkermansia sp001580195
2026-01-11 15:39:28.258537 INFO::Fitting model to feature number 984, Parasutterella sp009767915
2026-01-11 15:39:28.263968 INFO::Fitting model to feature number 985, Turicimonas muris
2026-01-11 15:39:28.2693 INFO::Fitting model to feature number 986, MGYG000326933
2026-01-11 15:39:28.274426 INFO::Fitting model to feature number 987, Enterobacter hormaechei_A
2026-01-11 15:39:28.280352 INFO::Fitting model to feature number 988, Methylobacterium persicinum
2026-01-11 15:39:28.286684 INFO::Fitting model to feature number 989, MGYG000329730
2026-01-11 15:39:28.294049 INFO::Fitting model to feature number 990, MGYG000360301
2026-01-11 15:39:28.300963 INFO::Fitting model to feature number 991, Enterousia sp013316395
2026-01-11 15:39:28.307271 INFO::Fitting model to feature number 992, MGYG000410936
2026-01-11 15:39:28.310476 WARNING::Fitting problem for feature 992 returning NA
2026-01-11 15:39:28.313386 INFO::Fitting model to feature number 993, Scatocola sp910577205
2026-01-11 15:39:28.319247 INFO::Fitting model to feature number 994, MGYG000327352
2026-01-11 15:39:28.326202 INFO::Fitting model to feature number 995, MGBC118957 sp910584385
2026-01-11 15:39:28.333921 INFO::Fitting model to feature number 996, MGYG000391024
2026-01-11 15:39:28.339171 INFO::Fitting model to feature number 997, MGYG000323059
2026-01-11 15:39:28.345997 INFO::Fitting model to feature number 998, MGYG000328709
2026-01-11 15:39:28.353646 INFO::Fitting model to feature number 999, MGYG000411523
2026-01-11 15:39:28.359032 INFO::Fitting model to feature number 1000, MGYG000331169
2026-01-11 15:39:28.365174 INFO::Fitting model to feature number 1001, Nanosyncoccus sp003979185
2026-01-11 15:39:28.372172 INFO::Fitting model to feature number 1002, MGYG000344322
2026-01-11 15:39:28.377862 INFO::Fitting model to feature number 1003, Nanosyncoccus sp013316435
2026-01-11 15:39:28.385088 INFO::Fitting model to feature number 1004, MGYG000348936
2026-01-11 15:39:28.391036 INFO::Fitting model to feature number 1005, MGYG000341210
2026-01-11 15:39:28.39833 INFO::Fitting model to feature number 1006, MGYG000331839
2026-01-11 15:39:28.403447 INFO::Fitting model to feature number 1007, MGYG000328091
2026-01-11 15:39:28.406017 WARNING::Fitting problem for feature 1007 returning NA
2026-01-11 15:39:28.408187 INFO::Fitting model to feature number 1008, Avidehalobacter sp022797295
2026-01-11 15:39:28.413868 INFO::Fitting model to feature number 1009, Avidehalobacter sp021771915
2026-01-11 15:39:28.42048 INFO::Fitting model to feature number 1010, MGYG000410378
2026-01-11 15:39:28.423157 WARNING::Fitting problem for feature 1010 returning NA
2026-01-11 15:39:28.425325 INFO::Fitting model to feature number 1011, MGYG000411020
2026-01-11 15:39:28.430823 INFO::Fitting model to feature number 1012, MGBC122484 sp910587245
2026-01-11 15:39:28.437163 INFO::Fitting model to feature number 1013, MGBC122484 sp910586855
2026-01-11 15:39:28.442042 INFO::Fitting model to feature number 1014, MGBC122484 sp910578465
2026-01-11 15:39:28.449383 INFO::Fitting model to feature number 1015, MGBC122484 sp910587815
2026-01-11 15:39:28.452274 WARNING::Fitting problem for feature 1015 returning NA
2026-01-11 15:39:28.454632 INFO::Fitting model to feature number 1016, Megamonas funiformis
2026-01-11 15:39:28.460015 INFO::Fitting model to feature number 1017, MGYG000325548
2026-01-11 15:39:28.467829 INFO::Fitting model to feature number 1018, MGYG000331077
2026-01-11 15:39:28.473047 INFO::Fitting model to feature number 1019, MGYG000324324
2026-01-11 15:39:28.478882 INFO::Fitting model to feature number 1020, MGYG000333766
2026-01-11 15:39:28.487297 INFO::Fitting model to feature number 1021, UBA3282 sp910578115
2026-01-11 15:39:28.495051 INFO::Fitting model to feature number 1022, Anaerostipes hominis
2026-01-11 15:39:28.500366 INFO::Fitting model to feature number 1023, Bacteroides thetaiotaomicron
2026-01-11 15:39:28.505278 INFO::Fitting model to feature number 1024, C-19 sp910576345
2026-01-11 15:39:28.509573 WARNING::Fitting problem for feature 1024 returning NA
2026-01-11 15:39:28.513038 INFO::Fitting model to feature number 1025, MGYG000327462
2026-01-11 15:39:28.518328 INFO::Fitting model to feature number 1026, MGYG000410493
2026-01-11 15:39:28.52249 WARNING::Fitting problem for feature 1026 returning NA
2026-01-11 15:39:28.525899 INFO::Fitting model to feature number 1027, Allobaculum sp910579655
2026-01-11 15:39:28.53027 INFO::Fitting model to feature number 1028, MGBC163490 sp910588075
2026-01-11 15:39:28.535383 INFO::Fitting model to feature number 1029, Limosilactobacillus urinaemulieris
2026-01-11 15:39:28.541637 INFO::Fitting model to feature number 1030, Lactiplantibacillus plantarum
2026-01-11 15:39:28.549291 INFO::Fitting model to feature number 1031, Enterococcus_D gallinarum
2026-01-11 15:39:28.559318 INFO::Fitting model to feature number 1032, Lactococcus lactis
2026-01-11 15:39:28.568519 INFO::Fitting model to feature number 1033, Granulicatella adiacens
2026-01-11 15:39:28.577226 INFO::Fitting model to feature number 1034, Scybalousia sp910584255
2026-01-11 15:39:28.582435 WARNING::Fitting problem for feature 1034 returning NA
2026-01-11 15:39:28.586449 INFO::Fitting model to feature number 1035, CAG-710 sp000432595
2026-01-11 15:39:28.590643 WARNING::Fitting problem for feature 1035 returning NA
2026-01-11 15:39:28.594305 INFO::Fitting model to feature number 1036, MGYG000325543
2026-01-11 15:39:28.603772 INFO::Fitting model to feature number 1037, MGYG000326942
2026-01-11 15:39:28.609108 INFO::Fitting model to feature number 1038, Paratractidigestivibacter sp003150175
2026-01-11 15:39:28.614792 INFO::Fitting model to feature number 1039, Collinsella stercoris
2026-01-11 15:39:28.620744 INFO::Fitting model to feature number 1040, Collinsella sp900545445
2026-01-11 15:39:28.6257 WARNING::Fitting problem for feature 1040 returning NA
2026-01-11 15:39:28.628085 INFO::Fitting model to feature number 1041, Collinsella sp002232035
2026-01-11 15:39:28.633855 INFO::Fitting model to feature number 1042, MGYG000330890
2026-01-11 15:39:28.640561 INFO::Fitting model to feature number 1043, Cutibacterium acnes
2026-01-11 15:39:28.648955 INFO::Fitting model to feature number 1044, MGYG000325467
2026-01-11 15:39:28.658585 INFO::Fitting model to feature number 1045, MGYG000325647
2026-01-11 15:39:28.667474 INFO::Fitting model to feature number 1046, MGYG000325468
2026-01-11 15:39:28.673244 INFO::Fitting model to feature number 1047, MGYG000325561
2026-01-11 15:39:28.681259 INFO::Fitting model to feature number 1048, CAG-873 sp014801485
2026-01-11 15:39:28.684629 WARNING::Fitting problem for feature 1048 returning NA
2026-01-11 15:39:28.687125 INFO::Fitting model to feature number 1049, MGYG000325408
2026-01-11 15:39:28.690508 INFO::Fitting model to feature number 1050, CAG-873 sp910579605
2026-01-11 15:39:28.6985 INFO::Fitting model to feature number 1051, CAG-485 sp014802175
2026-01-11 15:39:28.706068 INFO::Fitting model to feature number 1052, CAG-485 sp014801875
2026-01-11 15:39:28.712344 INFO::Fitting model to feature number 1053, CAG-485 sp014803765
2026-01-11 15:39:28.72016 INFO::Fitting model to feature number 1054, MGYG000325797
2026-01-11 15:39:28.726615 INFO::Fitting model to feature number 1055, MGYG000325348
2026-01-11 15:39:28.734428 INFO::Fitting model to feature number 1056, MGYG000325391
2026-01-11 15:39:28.740961 INFO::Fitting model to feature number 1057, MGYG000325606
2026-01-11 15:39:28.748606 INFO::Fitting model to feature number 1058, MGYG000325480
2026-01-11 15:39:28.756044 INFO::Fitting model to feature number 1059, CAG-485 sp014800535
2026-01-11 15:39:28.762697 INFO::Fitting model to feature number 1060, CAG-485 sp014801585
2026-01-11 15:39:28.769864 INFO::Fitting model to feature number 1061, MGYG000325583
2026-01-11 15:39:28.776167 INFO::Fitting model to feature number 1062, MGYG000325430
2026-01-11 15:39:28.779112 WARNING::Fitting problem for feature 1062 returning NA
2026-01-11 15:39:28.782203 INFO::Fitting model to feature number 1063, MGYG000325719
2026-01-11 15:39:28.787736 INFO::Fitting model to feature number 1064, MGYG000325338
2026-01-11 15:39:28.793173 INFO::Fitting model to feature number 1065, MGYG000325306
2026-01-11 15:39:28.799916 INFO::Fitting model to feature number 1066, MGYG000325603
2026-01-11 15:39:28.805057 INFO::Fitting model to feature number 1067, UBA3263 sp014802435
2026-01-11 15:39:28.810274 INFO::Fitting model to feature number 1068, MGYG000325316
2026-01-11 15:39:28.818239 INFO::Fitting model to feature number 1069, MGYG000325659
2026-01-11 15:39:28.82515 INFO::Fitting model to feature number 1070, MGYG000325628
2026-01-11 15:39:28.832375 INFO::Fitting model to feature number 1071, MGYG000325657
2026-01-11 15:39:28.838535 INFO::Fitting model to feature number 1072, MGYG000325523
2026-01-11 15:39:28.846726 INFO::Fitting model to feature number 1073, MGYG000325354
2026-01-11 15:39:28.854934 INFO::Fitting model to feature number 1074, MGYG000325392
2026-01-11 15:39:28.862005 INFO::Fitting model to feature number 1075, JAAVFS01 sp014802385
2026-01-11 15:39:28.870333 INFO::Fitting model to feature number 1076, MGYG000327349
2026-01-11 15:39:28.876356 INFO::Fitting model to feature number 1077, Parabacteroides johnsonii
2026-01-11 15:39:28.880636 INFO::Fitting model to feature number 1078, Parabacteroides sp910577325
2026-01-11 15:39:28.885316 INFO::Fitting model to feature number 1079, Bacteroides faecis
2026-01-11 15:39:28.893849 INFO::Fitting model to feature number 1080, Bacteroides bouchesdurhonensis
2026-01-11 15:39:28.903097 INFO::Fitting model to feature number 1081, Bacteroides ovatus
2026-01-11 15:39:28.910918 INFO::Fitting model to feature number 1082, Bacteroides caccae
2026-01-11 15:39:28.918753 INFO::Fitting model to feature number 1083, MGYG000325504
2026-01-11 15:39:28.925966 INFO::Fitting model to feature number 1084, Bacteroides salyersiae
2026-01-11 15:39:28.93154 INFO::Fitting model to feature number 1085, Bacteroides stercorirosoris
2026-01-11 15:39:28.939275 INFO::Fitting model to feature number 1086, MGYG000325502
2026-01-11 15:39:28.947197 INFO::Fitting model to feature number 1087, Prevotella pectinovora
2026-01-11 15:39:28.954354 INFO::Fitting model to feature number 1088, Prevotella sp000436915
2026-01-11 15:39:28.960189 INFO::Fitting model to feature number 1089, MGYG000325596
2026-01-11 15:39:28.967705 INFO::Fitting model to feature number 1090, Tidjanibacter sp910577285
2026-01-11 15:39:28.973605 INFO::Fitting model to feature number 1091, Odoribacter sp910588375
2026-01-11 15:39:28.979399 INFO::Fitting model to feature number 1092, Odoribacter sp910578985
2026-01-11 15:39:28.98716 INFO::Fitting model to feature number 1093, Odoribacter sp009935865
2026-01-11 15:39:28.993201 INFO::Fitting model to feature number 1094, Cryptobacteroides sp000431015
2026-01-11 15:39:28.99685 WARNING::Fitting problem for feature 1094 returning NA
2026-01-11 15:39:29.000346 INFO::Fitting model to feature number 1095, MGYG000325795
2026-01-11 15:39:29.004202 INFO::Fitting model to feature number 1096, MGYG000326972
2026-01-11 15:39:29.007768 INFO::Fitting model to feature number 1097, Pullibacteroides sp910578275
2026-01-11 15:39:29.014527 INFO::Fitting model to feature number 1098, MGYG000376875
2026-01-11 15:39:29.021415 INFO::Fitting model to feature number 1099, MGYG000410984
2026-01-11 15:39:29.02846 INFO::Fitting model to feature number 1100, MGYG000329711
2026-01-11 15:39:29.037366 INFO::Fitting model to feature number 1101, Sporofaciens sp910584575
2026-01-11 15:39:29.044834 INFO::Fitting model to feature number 1102, Sporofaciens sp011960625
2026-01-11 15:39:29.053462 INFO::Fitting model to feature number 1103, MD308 sp910579335
2026-01-11 15:39:29.060664 INFO::Fitting model to feature number 1104, 14-2 sp910585625
2026-01-11 15:39:29.065963 INFO::Fitting model to feature number 1105, 14-2 sp910585895
2026-01-11 15:39:29.070275 WARNING::Fitting problem for feature 1105 returning NA
2026-01-11 15:39:29.073779 INFO::Fitting model to feature number 1106, 14-2 sp004793545
2026-01-11 15:39:29.080484 INFO::Fitting model to feature number 1107, 14-2 sp910580195
2026-01-11 15:39:29.087428 INFO::Fitting model to feature number 1108, 14-2 sp910580015
2026-01-11 15:39:29.090455 WARNING::Fitting problem for feature 1108 returning NA
2026-01-11 15:39:29.093014 INFO::Fitting model to feature number 1109, 14-2 sp910585395
2026-01-11 15:39:29.09747 INFO::Fitting model to feature number 1110, 14-2 sp910587895
2026-01-11 15:39:29.102801 INFO::Fitting model to feature number 1111, MGYG000327388
2026-01-11 15:39:29.106453 INFO::Fitting model to feature number 1112, MGYG000410811
2026-01-11 15:39:29.113805 INFO::Fitting model to feature number 1113, MGYG000352925
2026-01-11 15:39:29.123151 INFO::Fitting model to feature number 1114, MGYG000331207
2026-01-11 15:39:29.132289 INFO::Fitting model to feature number 1115, MGYG000328397
2026-01-11 15:39:29.141589 INFO::Fitting model to feature number 1116, 14-2 sp910588965
2026-01-11 15:39:29.145364 WARNING::Fitting problem for feature 1116 returning NA
2026-01-11 15:39:29.149253 INFO::Fitting model to feature number 1117, 14-2 sp910586005
2026-01-11 15:39:29.158559 INFO::Fitting model to feature number 1118, 14-2 sp022790855
2026-01-11 15:39:29.164453 INFO::Fitting model to feature number 1119, Ventrimonas sp910588875
2026-01-11 15:39:29.169403 WARNING::Fitting problem for feature 1119 returning NA
2026-01-11 15:39:29.1728 INFO::Fitting model to feature number 1120, Ventrimonas sp910586205
2026-01-11 15:39:29.176918 WARNING::Fitting problem for feature 1120 returning NA
2026-01-11 15:39:29.17953 INFO::Fitting model to feature number 1121, Ventrimonas sp910588125
2026-01-11 15:39:29.187826 INFO::Fitting model to feature number 1122, MGYG000329105
2026-01-11 15:39:29.194193 INFO::Fitting model to feature number 1123, Ventrimonas sp022794255
2026-01-11 15:39:29.199296 INFO::Fitting model to feature number 1124, MGYG000432287
2026-01-11 15:39:29.203372 WARNING::Fitting problem for feature 1124 returning NA
2026-01-11 15:39:29.206693 INFO::Fitting model to feature number 1125, Ventrimonas sp910584845
2026-01-11 15:39:29.214748 INFO::Fitting model to feature number 1126, UBA3282 sp910587715
2026-01-11 15:39:29.219874 INFO::Fitting model to feature number 1127, MGYG000411593
2026-01-11 15:39:29.224508 WARNING::Fitting problem for feature 1127 returning NA
2026-01-11 15:39:29.228409 INFO::Fitting model to feature number 1128, MGYG000323128
2026-01-11 15:39:29.233237 WARNING::Fitting problem for feature 1128 returning NA
2026-01-11 15:39:29.236747 INFO::Fitting model to feature number 1129, UBA3282 sp910578645
2026-01-11 15:39:29.244776 INFO::Fitting model to feature number 1130, UBA3282 sp910579735
2026-01-11 15:39:29.254536 INFO::Fitting model to feature number 1131, UBA3282 sp910579395
2026-01-11 15:39:29.259102 WARNING::Fitting problem for feature 1131 returning NA
2026-01-11 15:39:29.26307 INFO::Fitting model to feature number 1132, UBA3282 sp009774575
2026-01-11 15:39:29.272266 INFO::Fitting model to feature number 1133, MGYG000329420
2026-01-11 15:39:29.281437 INFO::Fitting model to feature number 1134, MGYG000323012
2026-01-11 15:39:29.290293 INFO::Fitting model to feature number 1135, MGYG000325709
2026-01-11 15:39:29.295381 INFO::Fitting model to feature number 1136, MGYG000325198
2026-01-11 15:39:29.301364 INFO::Fitting model to feature number 1137, UBA3282 sp910578845
2026-01-11 15:39:29.305523 WARNING::Fitting problem for feature 1137 returning NA
2026-01-11 15:39:29.308657 INFO::Fitting model to feature number 1138, UBA3282 sp910588955
2026-01-11 15:39:29.314214 INFO::Fitting model to feature number 1139, MGYG000325450
2026-01-11 15:39:29.318984 WARNING::Fitting problem for feature 1139 returning NA
2026-01-11 15:39:29.322505 INFO::Fitting model to feature number 1140, MGYG000325999
2026-01-11 15:39:29.325989 WARNING::Fitting problem for feature 1140 returning NA
2026-01-11 15:39:29.328289 INFO::Fitting model to feature number 1141, MGYG000411525
2026-01-11 15:39:29.332515 WARNING::Fitting problem for feature 1141 returning NA
2026-01-11 15:39:29.335479 INFO::Fitting model to feature number 1142, MGYG000325558
2026-01-11 15:39:29.341284 INFO::Fitting model to feature number 1143, MGYG000322990
2026-01-11 15:39:29.348391 INFO::Fitting model to feature number 1144, MGYG000330673
2026-01-11 15:39:29.352606 WARNING::Fitting problem for feature 1144 returning NA
2026-01-11 15:39:29.355466 INFO::Fitting model to feature number 1145, MGYG000368565
2026-01-11 15:39:29.359161 INFO::Fitting model to feature number 1146, UBA7109 sp910580235
2026-01-11 15:39:29.363068 INFO::Fitting model to feature number 1147, MGYG000324764
2026-01-11 15:39:29.368339 INFO::Fitting model to feature number 1148, MGYG000324065
2026-01-11 15:39:29.37185 INFO::Fitting model to feature number 1149, Roseburia sp910577925
2026-01-11 15:39:29.37478 WARNING::Fitting problem for feature 1149 returning NA
2026-01-11 15:39:29.377565 INFO::Fitting model to feature number 1150, MGYG000328589
2026-01-11 15:39:29.382497 INFO::Fitting model to feature number 1151, MGYG000393816
2026-01-11 15:39:29.38892 INFO::Fitting model to feature number 1152, Butyribacter sp910579085
2026-01-11 15:39:29.392848 INFO::Fitting model to feature number 1153, MGYG000329302
2026-01-11 15:39:29.400176 INFO::Fitting model to feature number 1154, MGYG000348373
2026-01-11 15:39:29.403308 WARNING::Fitting problem for feature 1154 returning NA
2026-01-11 15:39:29.405897 INFO::Fitting model to feature number 1155, MGYG000325401
2026-01-11 15:39:29.409364 INFO::Fitting model to feature number 1156, Butyribacter sp910586555
2026-01-11 15:39:29.412993 INFO::Fitting model to feature number 1157, Butyribacter sp910586605
2026-01-11 15:39:29.417966 WARNING::Fitting problem for feature 1157 returning NA
2026-01-11 15:39:29.420597 INFO::Fitting model to feature number 1158, 1XD8-76 sp003611955
2026-01-11 15:39:29.426726 INFO::Fitting model to feature number 1159, 1XD8-76 sp910584915
2026-01-11 15:39:29.431852 WARNING::Fitting problem for feature 1159 returning NA
2026-01-11 15:39:29.435597 INFO::Fitting model to feature number 1160, 1XD8-76 sp022799355
2026-01-11 15:39:29.438654 WARNING::Fitting problem for feature 1160 returning NA
2026-01-11 15:39:29.441246 INFO::Fitting model to feature number 1161, Blautia coccoides
2026-01-11 15:39:29.444942 INFO::Fitting model to feature number 1162, Blautia hominis
2026-01-11 15:39:29.452866 INFO::Fitting model to feature number 1163, MGYG000330300
2026-01-11 15:39:29.455854 WARNING::Fitting problem for feature 1163 returning NA
2026-01-11 15:39:29.458386 INFO::Fitting model to feature number 1164, Blautia sp001304935
2026-01-11 15:39:29.462045 INFO::Fitting model to feature number 1165, MGYG000411610
2026-01-11 15:39:29.469939 INFO::Fitting model to feature number 1166, Acetatifactor sp910578215
2026-01-11 15:39:29.473706 INFO::Fitting model to feature number 1167, MGYG000403847
2026-01-11 15:39:29.477492 WARNING::Fitting problem for feature 1167 returning NA
2026-01-11 15:39:29.480682 INFO::Fitting model to feature number 1168, Acetatifactor sp910585665
2026-01-11 15:39:29.488071 INFO::Fitting model to feature number 1169, MGYG000410724
2026-01-11 15:39:29.494099 INFO::Fitting model to feature number 1170, MGYG000329148
2026-01-11 15:39:29.499132 INFO::Fitting model to feature number 1171, MGYG000331408
2026-01-11 15:39:29.502578 WARNING::Fitting problem for feature 1171 returning NA
2026-01-11 15:39:29.505154 INFO::Fitting model to feature number 1172, MGYG000331279
2026-01-11 15:39:29.508343 WARNING::Fitting problem for feature 1172 returning NA
2026-01-11 15:39:29.511131 INFO::Fitting model to feature number 1173, Acetatifactor sp910584375
2026-01-11 15:39:29.519305 INFO::Fitting model to feature number 1174, MGYG000345025
2026-01-11 15:39:29.524266 INFO::Fitting model to feature number 1175, Acetatifactor sp910586435
2026-01-11 15:39:29.528999 WARNING::Fitting problem for feature 1175 returning NA
2026-01-11 15:39:29.532916 INFO::Fitting model to feature number 1176, MGYG000330154
2026-01-11 15:39:29.538745 INFO::Fitting model to feature number 1177, Acetatifactor sp910586215
2026-01-11 15:39:29.543452 WARNING::Fitting problem for feature 1177 returning NA
2026-01-11 15:39:29.546907 INFO::Fitting model to feature number 1178, Acetatifactor sp011959105
2026-01-11 15:39:29.55196 WARNING::Fitting problem for feature 1178 returning NA
2026-01-11 15:39:29.555474 INFO::Fitting model to feature number 1179, Acetatifactor sp910586515
2026-01-11 15:39:29.560528 INFO::Fitting model to feature number 1180, MGYG000325688
2026-01-11 15:39:29.569996 INFO::Fitting model to feature number 1181, MGYG000325419
2026-01-11 15:39:29.57903 INFO::Fitting model to feature number 1182, Acetatifactor sp910585015
2026-01-11 15:39:29.585006 INFO::Fitting model to feature number 1183, Acetatifactor sp910577665
2026-01-11 15:39:29.592065 INFO::Fitting model to feature number 1184, MGYG000329799
2026-01-11 15:39:29.595833 INFO::Fitting model to feature number 1185, Acetatifactor sp910588225
2026-01-11 15:39:29.601346 WARNING::Fitting problem for feature 1185 returning NA
2026-01-11 15:39:29.604077 INFO::Fitting model to feature number 1186, MGYG000410939
2026-01-11 15:39:29.61017 INFO::Fitting model to feature number 1187, MGYG000327533
2026-01-11 15:39:29.618739 INFO::Fitting model to feature number 1188, Acetatifactor sp022797535
2026-01-11 15:39:29.622636 INFO::Fitting model to feature number 1189, MGYG000329051
2026-01-11 15:39:29.628853 INFO::Fitting model to feature number 1190, MGYG000324774
2026-01-11 15:39:29.637102 INFO::Fitting model to feature number 1191, Lachnospira sp910587485
2026-01-11 15:39:29.64013 WARNING::Fitting problem for feature 1191 returning NA
2026-01-11 15:39:29.642628 INFO::Fitting model to feature number 1192, Anaerostipes caccae
2026-01-11 15:39:29.646292 INFO::Fitting model to feature number 1193, 1XD42-69 sp910585825
2026-01-11 15:39:29.654677 INFO::Fitting model to feature number 1194, 1XD42-69 sp910586725
2026-01-11 15:39:29.65944 WARNING::Fitting problem for feature 1194 returning NA
2026-01-11 15:39:29.662598 INFO::Fitting model to feature number 1195, MGYG000325395
2026-01-11 15:39:29.668314 INFO::Fitting model to feature number 1196, 1XD42-69 sp910586355
2026-01-11 15:39:29.673237 WARNING::Fitting problem for feature 1196 returning NA
2026-01-11 15:39:29.676069 INFO::Fitting model to feature number 1197, MGYG000330490
2026-01-11 15:39:29.67938 WARNING::Fitting problem for feature 1197 returning NA
2026-01-11 15:39:29.683435 INFO::Fitting model to feature number 1198, 1XD42-69 sp910589105
2026-01-11 15:39:29.688985 INFO::Fitting model to feature number 1199, MGYG000327486
2026-01-11 15:39:29.69458 INFO::Fitting model to feature number 1200, MGYG000331229
2026-01-11 15:39:29.704042 INFO::Fitting model to feature number 1201, UBA3402 sp910588505
2026-01-11 15:39:29.708254 INFO::Fitting model to feature number 1202, UBA3402 sp022792815
2026-01-11 15:39:29.71586 INFO::Fitting model to feature number 1203, UBA3402 sp910579515
2026-01-11 15:39:29.725168 INFO::Fitting model to feature number 1204, MGYG000410806
2026-01-11 15:39:29.731227 INFO::Fitting model to feature number 1205, MGYG000324300
2026-01-11 15:39:29.739894 INFO::Fitting model to feature number 1206, MGYG000324807
2026-01-11 15:39:29.744615 INFO::Fitting model to feature number 1207, MGYG000327237
2026-01-11 15:39:29.749043 INFO::Fitting model to feature number 1208, MGYG000327181
2026-01-11 15:39:29.75928 INFO::Fitting model to feature number 1209, CAG-95 sp910577445
2026-01-11 15:39:29.766691 INFO::Fitting model to feature number 1210, CAG-95 sp002492465
2026-01-11 15:39:29.773092 INFO::Fitting model to feature number 1211, CAG-95 sp910587305
2026-01-11 15:39:29.781502 INFO::Fitting model to feature number 1212, CAG-95 sp910587295
2026-01-11 15:39:29.788798 INFO::Fitting model to feature number 1213, MGYG000410955
2026-01-11 15:39:29.796813 INFO::Fitting model to feature number 1214, MGYG000325519
2026-01-11 15:39:29.805875 INFO::Fitting model to feature number 1215, MGYG000325286
2026-01-11 15:39:29.815479 INFO::Fitting model to feature number 1216, CAG-95 sp000403495
2026-01-11 15:39:29.819506 WARNING::Fitting problem for feature 1216 returning NA
2026-01-11 15:39:29.82337 INFO::Fitting model to feature number 1217, CAG-95 sp014804245
2026-01-11 15:39:29.831979 INFO::Fitting model to feature number 1218, MGYG000324752
2026-01-11 15:39:29.837915 INFO::Fitting model to feature number 1219, MGYG000330445
2026-01-11 15:39:29.847045 INFO::Fitting model to feature number 1220, COE1 sp014239155
2026-01-11 15:39:29.853179 INFO::Fitting model to feature number 1221, MGYG000325661
2026-01-11 15:39:29.861532 INFO::Fitting model to feature number 1222, COE1 sp011959805
2026-01-11 15:39:29.867271 INFO::Fitting model to feature number 1223, COE1 sp009774245
2026-01-11 15:39:29.876464 INFO::Fitting model to feature number 1224, MGYG000325434
2026-01-11 15:39:29.886107 INFO::Fitting model to feature number 1225, COE1 sp910577115
2026-01-11 15:39:29.894137 INFO::Fitting model to feature number 1226, COE1 sp000403215
2026-01-11 15:39:29.901708 INFO::Fitting model to feature number 1227, COE1 sp910588595
2026-01-11 15:39:29.906836 INFO::Fitting model to feature number 1228, COE1 sp910586095
2026-01-11 15:39:29.911825 INFO::Fitting model to feature number 1229, MGYG000325380
2026-01-11 15:39:29.916663 WARNING::Fitting problem for feature 1229 returning NA
2026-01-11 15:39:29.920567 INFO::Fitting model to feature number 1230, MGYG000328561
2026-01-11 15:39:29.928684 INFO::Fitting model to feature number 1231, COE1 sp910578795
2026-01-11 15:39:29.933405 WARNING::Fitting problem for feature 1231 returning NA
2026-01-11 15:39:29.937273 INFO::Fitting model to feature number 1232, COE1 sp003513705
2026-01-11 15:39:29.941698 WARNING::Fitting problem for feature 1232 returning NA
2026-01-11 15:39:29.94612 INFO::Fitting model to feature number 1233, Eubacterium_F sp910577295
2026-01-11 15:39:29.955428 INFO::Fitting model to feature number 1234, Eubacterium_F sp910584065
2026-01-11 15:39:29.964279 INFO::Fitting model to feature number 1235, Eubacterium_F sp910584245
2026-01-11 15:39:29.973183 INFO::Fitting model to feature number 1236, Eubacterium_F sp910589665
2026-01-11 15:39:29.978244 WARNING::Fitting problem for feature 1236 returning NA
2026-01-11 15:39:29.982746 INFO::Fitting model to feature number 1237, Eubacterium_F sp910584645
2026-01-11 15:39:29.992392 INFO::Fitting model to feature number 1238, MGYG000327551
2026-01-11 15:39:29.997605 WARNING::Fitting problem for feature 1238 returning NA
2026-01-11 15:39:30.001526 INFO::Fitting model to feature number 1239, VSOB01 sp910585345
2026-01-11 15:39:30.010375 INFO::Fitting model to feature number 1240, VSOB01 sp910589075
2026-01-11 15:39:30.015984 INFO::Fitting model to feature number 1241, Merdisoma sp910587955
2026-01-11 15:39:30.021542 INFO::Fitting model to feature number 1242, MGYG000331110
2026-01-11 15:39:30.030304 INFO::Fitting model to feature number 1243, Eubacterium_J plexicaudatum
2026-01-11 15:39:30.035311 WARNING::Fitting problem for feature 1243 returning NA
2026-01-11 15:39:30.039209 INFO::Fitting model to feature number 1244, Eubacterium_J sp910586445
2026-01-11 15:39:30.043404 WARNING::Fitting problem for feature 1244 returning NA
2026-01-11 15:39:30.048029 INFO::Fitting model to feature number 1245, Eubacterium_J sp910577225
2026-01-11 15:39:30.057339 INFO::Fitting model to feature number 1246, Eubacterium_J sp009774535
2026-01-11 15:39:30.062605 INFO::Fitting model to feature number 1247, Eubacterium_J sp910586225
2026-01-11 15:39:30.067869 WARNING::Fitting problem for feature 1247 returning NA
2026-01-11 15:39:30.071904 INFO::Fitting model to feature number 1248, Eubacterium_J sp910584345
2026-01-11 15:39:30.078262 INFO::Fitting model to feature number 1249, MGYG000327547
2026-01-11 15:39:30.088108 INFO::Fitting model to feature number 1250, MGYG000325711
2026-01-11 15:39:30.09274 WARNING::Fitting problem for feature 1250 returning NA
2026-01-11 15:39:30.096946 INFO::Fitting model to feature number 1251, MGYG000324920
2026-01-11 15:39:30.102015 WARNING::Fitting problem for feature 1251 returning NA
2026-01-11 15:39:30.105798 INFO::Fitting model to feature number 1252, Eubacterium_J sp910586045
2026-01-11 15:39:30.109196 WARNING::Fitting problem for feature 1252 returning NA
2026-01-11 15:39:30.113098 INFO::Fitting model to feature number 1253, MGYG000331263
2026-01-11 15:39:30.122037 INFO::Fitting model to feature number 1254, Kineothrix sp910579645
2026-01-11 15:39:30.13034 INFO::Fitting model to feature number 1255, Kineothrix sp023399455
2026-01-11 15:39:30.13945 INFO::Fitting model to feature number 1256, Kineothrix sp910578405
2026-01-11 15:39:30.142709 WARNING::Fitting problem for feature 1256 returning NA
2026-01-11 15:39:30.145481 INFO::Fitting model to feature number 1257, MGBC164599 sp910584115
2026-01-11 15:39:30.150099 INFO::Fitting model to feature number 1258, MGYG000330773
2026-01-11 15:39:30.154433 INFO::Fitting model to feature number 1259, MGYG000323038
2026-01-11 15:39:30.159169 INFO::Fitting model to feature number 1260, Caccovicinus sp910589195
2026-01-11 15:39:30.162228 WARNING::Fitting problem for feature 1260 returning NA
2026-01-11 15:39:30.165426 INFO::Fitting model to feature number 1261, Copromonas sp910585355
2026-01-11 15:39:30.168727 WARNING::Fitting problem for feature 1261 returning NA
2026-01-11 15:39:30.171215 INFO::Fitting model to feature number 1262, MGYG000329350
2026-01-11 15:39:30.17697 INFO::Fitting model to feature number 1263, Copromonas sp900066535
2026-01-11 15:39:30.180605 INFO::Fitting model to feature number 1264, MGYG000346909
2026-01-11 15:39:30.187503 INFO::Fitting model to feature number 1265, Eisenbergiella porci
2026-01-11 15:39:30.191241 INFO::Fitting model to feature number 1266, MGYG000379181
2026-01-11 15:39:30.197502 INFO::Fitting model to feature number 1267, CAG-510 sp910578335
2026-01-11 15:39:30.204011 INFO::Fitting model to feature number 1268, CAG-510 sp910577015
2026-01-11 15:39:30.207088 WARNING::Fitting problem for feature 1268 returning NA
2026-01-11 15:39:30.209656 INFO::Fitting model to feature number 1269, MGYG000325414
2026-01-11 15:39:30.21617 INFO::Fitting model to feature number 1270, MGYG000328974
2026-01-11 15:39:30.220246 INFO::Fitting model to feature number 1271, MGYG000329478
2026-01-11 15:39:30.223288 WARNING::Fitting problem for feature 1271 returning NA
2026-01-11 15:39:30.226072 INFO::Fitting model to feature number 1272, SIG307 sp910577175
2026-01-11 15:39:30.22975 WARNING::Fitting problem for feature 1272 returning NA
2026-01-11 15:39:30.233676 INFO::Fitting model to feature number 1273, Clostridium_Q symbiosum
2026-01-11 15:39:30.237973 INFO::Fitting model to feature number 1274, Clostridium_Q sp009911305
2026-01-11 15:39:30.241961 INFO::Fitting model to feature number 1275, Enterocloster bolteae
2026-01-11 15:39:30.246368 INFO::Fitting model to feature number 1276, MGYG000330164
2026-01-11 15:39:30.252078 INFO::Fitting model to feature number 1277, MGYG000323607
2026-01-11 15:39:30.256526 WARNING::Fitting problem for feature 1277 returning NA
2026-01-11 15:39:30.260301 INFO::Fitting model to feature number 1278, RGIG4057 sp910577675
2026-01-11 15:39:30.264143 INFO::Fitting model to feature number 1279, RGIG8607 sp910588535
2026-01-11 15:39:30.268809 WARNING::Fitting problem for feature 1279 returning NA
2026-01-11 15:39:30.272223 INFO::Fitting model to feature number 1280, MGBC131033 sp910585655
2026-01-11 15:39:30.277056 INFO::Fitting model to feature number 1281, MGYG000409986
2026-01-11 15:39:30.282249 INFO::Fitting model to feature number 1282, MGYG000323124
2026-01-11 15:39:30.286672 WARNING::Fitting problem for feature 1282 returning NA
2026-01-11 15:39:30.290315 INFO::Fitting model to feature number 1283, MGYG000327294
2026-01-11 15:39:30.293879 INFO::Fitting model to feature number 1284, RUG115 sp910578885
2026-01-11 15:39:30.297129 WARNING::Fitting problem for feature 1284 returning NA
2026-01-11 15:39:30.30041 INFO::Fitting model to feature number 1285, MGYG000328329
2026-01-11 15:39:30.304398 INFO::Fitting model to feature number 1286, MGYG000410396
2026-01-11 15:39:30.307622 INFO::Fitting model to feature number 1287, RGIG7193 sp910586125
2026-01-11 15:39:30.310908 INFO::Fitting model to feature number 1288, MGYG000325636
2026-01-11 15:39:30.314252 INFO::Fitting model to feature number 1289, Agathobacter sp910587655
2026-01-11 15:39:30.317751 WARNING::Fitting problem for feature 1289 returning NA
2026-01-11 15:39:30.320278 INFO::Fitting model to feature number 1290, MGYG000410161
2026-01-11 15:39:30.323512 INFO::Fitting model to feature number 1291, MGYG000327199
2026-01-11 15:39:30.326713 WARNING::Fitting problem for feature 1291 returning NA
2026-01-11 15:39:30.329694 INFO::Fitting model to feature number 1292, RGIG3040 sp910585715
2026-01-11 15:39:30.333503 WARNING::Fitting problem for feature 1292 returning NA
2026-01-11 15:39:30.336641 INFO::Fitting model to feature number 1293, Butyrivibrio_A sp000431815
2026-01-11 15:39:30.343311 INFO::Fitting model to feature number 1294, MGYG000325389
2026-01-11 15:39:30.346578 INFO::Fitting model to feature number 1295, CAG-303 sp910577835
2026-01-11 15:39:30.353218 INFO::Fitting model to feature number 1296, CAG-303 sp910584685
2026-01-11 15:39:30.359097 INFO::Fitting model to feature number 1297, MGYG000327534
2026-01-11 15:39:30.361934 WARNING::Fitting problem for feature 1297 returning NA
2026-01-11 15:39:30.364216 INFO::Fitting model to feature number 1298, An181 sp910585545
2026-01-11 15:39:30.368945 INFO::Fitting model to feature number 1299, RGIG3002 sp910579805
2026-01-11 15:39:30.372267 WARNING::Fitting problem for feature 1299 returning NA
2026-01-11 15:39:30.374661 INFO::Fitting model to feature number 1300, MGYG000323516
2026-01-11 15:39:30.382841 INFO::Fitting model to feature number 1301, MGBC120314 sp910584325
2026-01-11 15:39:30.387845 INFO::Fitting model to feature number 1302, MGYG000328392
2026-01-11 15:39:30.391504 WARNING::Fitting problem for feature 1302 returning NA
2026-01-11 15:39:30.394641 INFO::Fitting model to feature number 1303, CAG-632 sp910587045
2026-01-11 15:39:30.398582 WARNING::Fitting problem for feature 1303 returning NA
2026-01-11 15:39:30.401842 INFO::Fitting model to feature number 1304, MGBC136627 sp910585935
2026-01-11 15:39:30.406746 INFO::Fitting model to feature number 1305, MGBC165282 sp910589265
2026-01-11 15:39:30.413394 INFO::Fitting model to feature number 1306, Mediterraneibacter_A sp022790755
2026-01-11 15:39:30.421133 INFO::Fitting model to feature number 1307, Hungatella effluvii
2026-01-11 15:39:30.424905 WARNING::Fitting problem for feature 1307 returning NA
2026-01-11 15:39:30.427964 INFO::Fitting model to feature number 1308, Mobilitalea sp023395555
2026-01-11 15:39:30.432609 INFO::Fitting model to feature number 1309, Fusicatenibacter saccharivorans
2026-01-11 15:39:30.437206 INFO::Fitting model to feature number 1310, CAG-411 sp014799595
2026-01-11 15:39:30.441336 INFO::Fitting model to feature number 1311, MGYG000323744
2026-01-11 15:39:30.444291 WARNING::Fitting problem for feature 1311 returning NA
2026-01-11 15:39:30.446573 INFO::Fitting model to feature number 1312, MGBC143606 sp910587935
2026-01-11 15:39:30.450736 INFO::Fitting model to feature number 1313, C-53 sp003612525
2026-01-11 15:39:30.454734 WARNING::Fitting problem for feature 1313 returning NA
2026-01-11 15:39:30.457592 INFO::Fitting model to feature number 1314, Ruminococcus_B gnavus
2026-01-11 15:39:30.460104 WARNING::Fitting problem for feature 1314 returning NA
2026-01-11 15:39:30.462477 INFO::Fitting model to feature number 1315, Frisingicoccus caecimuris
2026-01-11 15:39:30.466515 WARNING::Fitting problem for feature 1315 returning NA
2026-01-11 15:39:30.469556 INFO::Fitting model to feature number 1316, MGYG000326088
2026-01-11 15:39:30.472879 INFO::Fitting model to feature number 1317, Lawsonibacter sp900066645
2026-01-11 15:39:30.475896 INFO::Fitting model to feature number 1318, MGYG000327494
2026-01-11 15:39:30.479285 WARNING::Fitting problem for feature 1318 returning NA
2026-01-11 15:39:30.482429 INFO::Fitting model to feature number 1319, MGYG000325423
2026-01-11 15:39:30.485919 INFO::Fitting model to feature number 1320, Dysosmobacter sp022797935
2026-01-11 15:39:30.491609 INFO::Fitting model to feature number 1321, MGYG000327261
2026-01-11 15:39:30.495432 INFO::Fitting model to feature number 1322, Dysosmobacter sp910588005
2026-01-11 15:39:30.501128 INFO::Fitting model to feature number 1323, Dysosmobacter sp001916835
2026-01-11 15:39:30.50532 INFO::Fitting model to feature number 1324, Dysosmobacter sp910585165
2026-01-11 15:39:30.509297 WARNING::Fitting problem for feature 1324 returning NA
2026-01-11 15:39:30.511801 INFO::Fitting model to feature number 1325, MGYG000329398
2026-01-11 15:39:30.514764 WARNING::Fitting problem for feature 1325 returning NA
2026-01-11 15:39:30.517639 INFO::Fitting model to feature number 1326, MGYG000322989
2026-01-11 15:39:30.520774 WARNING::Fitting problem for feature 1326 returning NA
2026-01-11 15:39:30.523756 INFO::Fitting model to feature number 1327, MGYG000323872
2026-01-11 15:39:30.52803 INFO::Fitting model to feature number 1328, Pelethomonas sp022797115
2026-01-11 15:39:30.535643 INFO::Fitting model to feature number 1329, Pelethomonas sp910584045
2026-01-11 15:39:30.53933 WARNING::Fitting problem for feature 1329 returning NA
2026-01-11 15:39:30.542313 INFO::Fitting model to feature number 1330, MGYG000325682
2026-01-11 15:39:30.546036 WARNING::Fitting problem for feature 1330 returning NA
2026-01-11 15:39:30.549262 INFO::Fitting model to feature number 1331, MGYG000329870
2026-01-11 15:39:30.575348 INFO::Fitting model to feature number 1332, MGYG000409933
2026-01-11 15:39:30.579842 WARNING::Fitting problem for feature 1332 returning NA
2026-01-11 15:39:30.585968 INFO::Fitting model to feature number 1333, MGYG000325610
2026-01-11 15:39:30.589977 WARNING::Fitting problem for feature 1333 returning NA
2026-01-11 15:39:30.592969 INFO::Fitting model to feature number 1334, Faecousia sp900544705
2026-01-11 15:39:30.598606 INFO::Fitting model to feature number 1335, MGYG000327369
2026-01-11 15:39:30.605467 INFO::Fitting model to feature number 1336, MGYG000327333
2026-01-11 15:39:30.611991 INFO::Fitting model to feature number 1337, Marseille-P3106 sp905219705
2026-01-11 15:39:30.617504 INFO::Fitting model to feature number 1338, Marseille-P3106 sp910577415
2026-01-11 15:39:30.621714 INFO::Fitting model to feature number 1339, MGYG000329177
2026-01-11 15:39:30.625366 WARNING::Fitting problem for feature 1339 returning NA
2026-01-11 15:39:30.628231 INFO::Fitting model to feature number 1340, HGM13010 sp022800755
2026-01-11 15:39:30.635241 INFO::Fitting model to feature number 1341, Flavonifractor plautii
2026-01-11 15:39:30.638815 WARNING::Fitting problem for feature 1341 returning NA
2026-01-11 15:39:30.641938 INFO::Fitting model to feature number 1342, Intestinimonas butyriciproducens
2026-01-11 15:39:30.646707 INFO::Fitting model to feature number 1343, MGBC124762 sp910579775
2026-01-11 15:39:30.650567 INFO::Fitting model to feature number 1344, MGYG000329700
2026-01-11 15:39:30.656012 INFO::Fitting model to feature number 1345, MGYG000323009
2026-01-11 15:39:30.660989 INFO::Fitting model to feature number 1346, MGYG000326780
2026-01-11 15:39:30.664101 WARNING::Fitting problem for feature 1346 returning NA
2026-01-11 15:39:30.66729 INFO::Fitting model to feature number 1347, MGYG000329402
2026-01-11 15:39:30.670799 WARNING::Fitting problem for feature 1347 returning NA
2026-01-11 15:39:30.674004 INFO::Fitting model to feature number 1348, MGYG000411571
2026-01-11 15:39:30.678157 INFO::Fitting model to feature number 1349, MGYG000356933
2026-01-11 15:39:30.690021 INFO::Fitting model to feature number 1350, MGYG000376485
2026-01-11 15:39:30.696718 INFO::Fitting model to feature number 1351, Fimivicinus sp900544375
2026-01-11 15:39:30.700733 WARNING::Fitting problem for feature 1351 returning NA
2026-01-11 15:39:30.703363 INFO::Fitting model to feature number 1352, Ruminococcus_E sp910585865
2026-01-11 15:39:30.707548 INFO::Fitting model to feature number 1353, UBA1417 sp900549945
2026-01-11 15:39:30.711777 INFO::Fitting model to feature number 1354, MGYG000360413
2026-01-11 15:39:30.716699 INFO::Fitting model to feature number 1355, Ruthenibacterium lactatiformans
2026-01-11 15:39:30.721306 INFO::Fitting model to feature number 1356, MGYG000410556
2026-01-11 15:39:30.725719 INFO::Fitting model to feature number 1357, UBA1394 sp900066845
2026-01-11 15:39:30.729721 INFO::Fitting model to feature number 1358, MGYG000410798
2026-01-11 15:39:30.736107 INFO::Fitting model to feature number 1359, MGYG000327515
2026-01-11 15:39:30.739157 INFO::Fitting model to feature number 1360, MGYG000325568
2026-01-11 15:39:30.744955 INFO::Fitting model to feature number 1361, MGYG000325411
2026-01-11 15:39:30.749715 INFO::Fitting model to feature number 1362, MGYG000328314
2026-01-11 15:39:30.754005 INFO::Fitting model to feature number 1363, UBA1405 sp910589145
2026-01-11 15:39:30.758443 INFO::Fitting model to feature number 1364, CAG-115 sp910587135
2026-01-11 15:39:30.765141 INFO::Fitting model to feature number 1365, CAG-115 sp910577365
2026-01-11 15:39:30.769931 INFO::Fitting model to feature number 1366, CAG-115 sp910587465
2026-01-11 15:39:30.776932 INFO::Fitting model to feature number 1367, Faecalibacterium sp900539945
2026-01-11 15:39:30.781205 INFO::Fitting model to feature number 1368, Faecalibacterium longum
2026-01-11 15:39:30.785349 INFO::Fitting model to feature number 1369, Faecalibacterium prausnitzii_F
2026-01-11 15:39:30.789683 INFO::Fitting model to feature number 1370, MGYG000325416
2026-01-11 15:39:30.796078 INFO::Fitting model to feature number 1371, UBA7177 sp910579545
2026-01-11 15:39:30.802327 INFO::Fitting model to feature number 1372, UBA7177 sp910578965
2026-01-11 15:39:30.806449 WARNING::Fitting problem for feature 1372 returning NA
2026-01-11 15:39:30.809937 INFO::Fitting model to feature number 1373, Neobittarella massiliensis
2026-01-11 15:39:30.814792 INFO::Fitting model to feature number 1374, Gemmiger formicilis
2026-01-11 15:39:30.819331 INFO::Fitting model to feature number 1375, UBA866 sp022791945
2026-01-11 15:39:30.821965 WARNING::Fitting problem for feature 1375 returning NA
2026-01-11 15:39:30.824189 INFO::Fitting model to feature number 1376, UMGS1601 sp900545345
2026-01-11 15:39:30.827339 INFO::Fitting model to feature number 1377, MGYG000410783
2026-01-11 15:39:30.830406 INFO::Fitting model to feature number 1378, MGYG000330170
2026-01-11 15:39:30.834292 INFO::Fitting model to feature number 1379, MGYG000330888
2026-01-11 15:39:30.837626 INFO::Fitting model to feature number 1380, QXXE01 sp910586105
2026-01-11 15:39:30.840702 INFO::Fitting model to feature number 1381, MGYG000330847
2026-01-11 15:39:30.843868 INFO::Fitting model to feature number 1382, MGBC161649 sp910587685
2026-01-11 15:39:30.846799 WARNING::Fitting problem for feature 1382 returning NA
2026-01-11 15:39:30.850524 INFO::Fitting model to feature number 1383, Coproplasma sp910586035
2026-01-11 15:39:30.854613 INFO::Fitting model to feature number 1384, Coproplasma sp910579295
2026-01-11 15:39:30.85879 INFO::Fitting model to feature number 1385, Coproplasma sp910585705
2026-01-11 15:39:30.865887 INFO::Fitting model to feature number 1386, Coproplasma sp910576655
2026-01-11 15:39:30.87051 INFO::Fitting model to feature number 1387, MGYG000410549
2026-01-11 15:39:30.873904 WARNING::Fitting problem for feature 1387 returning NA
2026-01-11 15:39:30.876682 INFO::Fitting model to feature number 1388, Coproplasma sp910577555
2026-01-11 15:39:30.880385 WARNING::Fitting problem for feature 1388 returning NA
2026-01-11 15:39:30.883474 INFO::Fitting model to feature number 1389, Gallimonas sp910586985
2026-01-11 15:39:30.887283 INFO::Fitting model to feature number 1390, Gallimonas sp910586365
2026-01-11 15:39:30.890745 INFO::Fitting model to feature number 1391, Gallimonas sp910589015
2026-01-11 15:39:30.894262 INFO::Fitting model to feature number 1392, Gallimonas sp910586825
2026-01-11 15:39:30.899202 INFO::Fitting model to feature number 1393, Gallimonas sp910586675
2026-01-11 15:39:30.903404 INFO::Fitting model to feature number 1394, Anaerocaecibacter sp910579205
2026-01-11 15:39:30.908527 INFO::Fitting model to feature number 1395, Anaerocaecibacter sp910585055
2026-01-11 15:39:30.911513 INFO::Fitting model to feature number 1396, MGBC157735 sp910588155
2026-01-11 15:39:30.917875 INFO::Fitting model to feature number 1397, Pumilibacter sp910579245
2026-01-11 15:39:30.921871 WARNING::Fitting problem for feature 1397 returning NA
2026-01-11 15:39:30.924989 INFO::Fitting model to feature number 1398, UBA11524 sp000437595
2026-01-11 15:39:30.932497 INFO::Fitting model to feature number 1399, MGYG000388556
2026-01-11 15:39:30.938111 INFO::Fitting model to feature number 1400, Zhenpiania sp910583765
2026-01-11 15:39:30.941261 WARNING::Fitting problem for feature 1400 returning NA
2026-01-11 15:39:30.944513 INFO::Fitting model to feature number 1401, RGIG7179 sp022793795
2026-01-11 15:39:30.949429 INFO::Fitting model to feature number 1402, VUNA01 sp002299625
2026-01-11 15:39:30.953863 INFO::Fitting model to feature number 1403, Clostridioides difficile
2026-01-11 15:39:30.961906 INFO::Fitting model to feature number 1404, MGYG000369796
2026-01-11 15:39:30.971316 INFO::Fitting model to feature number 1405, MGYG000411069
2026-01-11 15:39:30.976275 INFO::Fitting model to feature number 1406, MGYG000328055
2026-01-11 15:39:30.986934 INFO::Fitting model to feature number 1407, MGYG000411369
2026-01-11 15:39:30.992282 INFO::Fitting model to feature number 1408, Clostridium sp910588715
2026-01-11 15:39:30.997414 INFO::Fitting model to feature number 1409, CAG-41 sp010206265
2026-01-11 15:39:31.00459 INFO::Fitting model to feature number 1410, Parasutterella excrementihominis
2026-01-11 15:39:31.013086 INFO::Fitting model to feature number 1411, Escherichia coli
2026-01-11 15:39:31.023649 INFO::Fitting model to feature number 1412, Klebsiella michiganensis
2026-01-11 15:39:31.028968 INFO::Fitting model to feature number 1413, MGYG000408998
2026-01-11 15:39:31.039426 INFO::Fitting model to feature number 1414, MGYG000324409
2026-01-11 15:39:31.049375 INFO::Fitting model to feature number 1415, MGYG000366359
2026-01-11 15:39:31.058211 INFO::Fitting model to feature number 1416, MGYG000411437
2026-01-11 15:39:31.070176 INFO::Fitting model to feature number 1417, MGYG000350430
2026-01-11 15:39:31.078993 INFO::Fitting model to feature number 1418, MGYG000346441
2026-01-11 15:39:31.085993 INFO::Fitting model to feature number 1419, MGYG000322940
2026-01-11 15:39:31.095283 INFO::Fitting model to feature number 1420, MGYG000410841
2026-01-11 15:39:31.107788 INFO::Fitting model to feature number 1421, Zag111 sp910584405
2026-01-11 15:39:31.117675 INFO::Fitting model to feature number 1422, Avigastranaerophilus sp910583875
2026-01-11 15:39:31.123827 INFO::Fitting model to feature number 1423, MGYG000405972
2026-01-11 15:39:31.131184 WARNING::Fitting problem for feature 1423 returning NA
2026-01-11 15:39:31.135614 INFO::Fitting model to feature number 1424, MGYG000410710
2026-01-11 15:39:31.140625 INFO::Fitting model to feature number 1425, Acetatifactor muris
2026-01-11 15:39:31.147855 WARNING::Fitting problem for feature 1425 returning NA
2026-01-11 15:39:31.153105 INFO::Fitting model to feature number 1426, Coprocola sp910587735
2026-01-11 15:39:31.158775 INFO::Fitting model to feature number 1427, MGYG000387050
2026-01-11 15:39:31.168302 INFO::Fitting model to feature number 1428, MGYG000326286
2026-01-11 15:39:31.173962 INFO::Fitting model to feature number 1429, Ruminococcus sp900540005
2026-01-11 15:39:31.188265 INFO::Fitting model to feature number 1430, MGYG000369368
2026-01-11 15:39:31.193319 INFO::Fitting model to feature number 1431, MGYG000330830
2026-01-11 15:39:31.198432 INFO::Fitting model to feature number 1432, Coproplasma sp910578195
2026-01-11 15:39:31.207452 INFO::Fitting model to feature number 1433, MGYG000329863
2026-01-11 15:39:31.212027 INFO::Fitting model to feature number 1434, Pseudomonas aeruginosa
2026-01-11 15:39:31.222618 INFO::Fitting model to feature number 1435, C-19 sp022799495
2026-01-11 15:39:31.226755 WARNING::Fitting problem for feature 1435 returning NA
2026-01-11 15:39:31.230084 INFO::Fitting model to feature number 1436, MGBC140090 sp910586805
2026-01-11 15:39:31.239752 INFO::Fitting model to feature number 1437, MGYG000337677
2026-01-11 15:39:31.244398 INFO::Fitting model to feature number 1438, Staphylococcus nepalensis
2026-01-11 15:39:31.251145 INFO::Fitting model to feature number 1439, D16-34 sp910588485
2026-01-11 15:39:31.259691 INFO::Fitting model to feature number 1440, UMGS1502 sp900552365
2026-01-11 15:39:31.262567 WARNING::Fitting problem for feature 1440 returning NA
2026-01-11 15:39:31.265085 INFO::Fitting model to feature number 1441, MGYG000325313
2026-01-11 15:39:31.271766 INFO::Fitting model to feature number 1442, Schaedlerella glycyrrhizinilytica_A
2026-01-11 15:39:31.277387 INFO::Fitting model to feature number 1443, MGYG000322968
2026-01-11 15:39:31.28257 INFO::Fitting model to feature number 1444, Butyribacter sp003612285
2026-01-11 15:39:31.286526 WARNING::Fitting problem for feature 1444 returning NA
2026-01-11 15:39:31.28995 INFO::Fitting model to feature number 1445, Butyribacter sp910580005
2026-01-11 15:39:31.293455 WARNING::Fitting problem for feature 1445 returning NA
2026-01-11 15:39:31.295759 INFO::Fitting model to feature number 1446, MGYG000325492
2026-01-11 15:39:31.299315 WARNING::Fitting problem for feature 1446 returning NA
2026-01-11 15:39:31.303088 INFO::Fitting model to feature number 1447, Acetatifactor sp910578815
2026-01-11 15:39:31.308908 INFO::Fitting model to feature number 1448, Acetatifactor sp910583845
2026-01-11 15:39:31.313255 WARNING::Fitting problem for feature 1448 returning NA
2026-01-11 15:39:31.316939 INFO::Fitting model to feature number 1449, Acetatifactor sp910587755
2026-01-11 15:39:31.3248 INFO::Fitting model to feature number 1450, MGYG000329698
2026-01-11 15:39:31.332499 INFO::Fitting model to feature number 1451, CAG-95 sp009774465
2026-01-11 15:39:31.336657 WARNING::Fitting problem for feature 1451 returning NA
2026-01-11 15:39:31.339885 INFO::Fitting model to feature number 1452, MGYG000410124
2026-01-11 15:39:31.343646 WARNING::Fitting problem for feature 1452 returning NA
2026-01-11 15:39:31.34606 INFO::Fitting model to feature number 1453, UBA2882 sp002362385
2026-01-11 15:39:31.349871 WARNING::Fitting problem for feature 1453 returning NA
2026-01-11 15:39:31.353153 INFO::Fitting model to feature number 1454, MGYG000350270
2026-01-11 15:39:31.356756 INFO::Fitting model to feature number 1455, MGYG000411484
2026-01-11 15:39:31.360017 INFO::Fitting model to feature number 1456, 1XD42-69 sp003612565
2026-01-11 15:39:31.362961 WARNING::Fitting problem for feature 1456 returning NA
2026-01-11 15:39:31.366309 INFO::Fitting model to feature number 1457, MGYG000324730
2026-01-11 15:39:31.370167 WARNING::Fitting problem for feature 1457 returning NA
2026-01-11 15:39:31.373183 INFO::Fitting model to feature number 1458, Blautia_A wexlerae
2026-01-11 15:39:31.377291 INFO::Fitting model to feature number 1459, Bariatricus comes
2026-01-11 15:39:31.381491 INFO::Fitting model to feature number 1460, Wujia sp002493625
2026-01-11 15:39:31.38511 WARNING::Fitting problem for feature 1460 returning NA
2026-01-11 15:39:31.387647 INFO::Fitting model to feature number 1461, MGYG000322947
2026-01-11 15:39:31.390386 WARNING::Fitting problem for feature 1461 returning NA
2026-01-11 15:39:31.392664 INFO::Fitting model to feature number 1462, MGYG000322925
2026-01-11 15:39:31.395988 INFO::Fitting model to feature number 1463, MGYG000325949
2026-01-11 15:39:31.40038 INFO::Fitting model to feature number 1464, Acutalibacter ornithocaccae
2026-01-11 15:39:31.404964 INFO::Fitting model to feature number 1465, Eubacterium_R sp910577195
2026-01-11 15:39:31.409512 INFO::Fitting model to feature number 1466, Avimonas_A sp022800315
2026-01-11 15:39:31.413323 WARNING::Fitting problem for feature 1466 returning NA
2026-01-11 15:39:31.4172 INFO::Fitting model to feature number 1467, UBA3818 sp904397845
2026-01-11 15:39:31.425284 INFO::Fitting model to feature number 1468, MGYG000354216
2026-01-11 15:39:31.432783 INFO::Fitting model to feature number 1469, MGYG000350425
2026-01-11 15:39:31.436785 WARNING::Fitting problem for feature 1469 returning NA
2026-01-11 15:39:31.441142 INFO::Fitting model to feature number 1470, MGYG000340095
2026-01-11 15:39:31.445507 INFO::Fitting model to feature number 1471, MGYG000336507
2026-01-11 15:39:31.450103 INFO::Fitting model to feature number 1472, Agrobacterium pusense
2026-01-11 15:39:31.456434 INFO::Fitting model to feature number 1473, MGYG000325577
2026-01-11 15:39:31.464034 INFO::Fitting model to feature number 1474, MGYG000325533
2026-01-11 15:39:31.468227 WARNING::Fitting problem for feature 1474 returning NA
2026-01-11 15:39:31.471813 INFO::Fitting model to feature number 1475, MGYG000325642
2026-01-11 15:39:31.480302 INFO::Fitting model to feature number 1476, Limisoma sp900544305
2026-01-11 15:39:31.488351 INFO::Fitting model to feature number 1477, MGYG000325376
2026-01-11 15:39:31.493089 INFO::Fitting model to feature number 1478, Alistipes putredinis
2026-01-11 15:39:31.500398 INFO::Fitting model to feature number 1479, MGYG000325739
2026-01-11 15:39:31.504745 INFO::Fitting model to feature number 1480, MGYG000325349
2026-01-11 15:39:31.510243 INFO::Fitting model to feature number 1481, Alistipes onderdonkii
2026-01-11 15:39:31.517894 INFO::Fitting model to feature number 1482, Alistipes sp003979135
2026-01-11 15:39:31.525479 INFO::Fitting model to feature number 1483, Alistipes_A ihumii
2026-01-11 15:39:31.530576 INFO::Fitting model to feature number 1484, Paraprevotella stercorigallinarum
2026-01-11 15:39:31.538234 INFO::Fitting model to feature number 1485, MGYG000325375
2026-01-11 15:39:31.544758 INFO::Fitting model to feature number 1486, UBA2730 sp022793235
2026-01-11 15:39:31.552335 INFO::Fitting model to feature number 1487, Bacillus licheniformis
2026-01-11 15:39:31.559359 INFO::Fitting model to feature number 1488, Mailhella sp910577155
2026-01-11 15:39:31.564583 INFO::Fitting model to feature number 1489, COE1 sp910586405
2026-01-11 15:39:31.572928 INFO::Fitting model to feature number 1490, MGYG000329391
2026-01-11 15:39:31.581751 INFO::Fitting model to feature number 1491, MGYG000327122
2026-01-11 15:39:31.590339 INFO::Fitting model to feature number 1492, MGYG000324350
2026-01-11 15:39:31.596356 INFO::Fitting model to feature number 1493, Copromonas sp000435795
2026-01-11 15:39:31.603352 INFO::Fitting model to feature number 1494, Kineothrix sp910586275
2026-01-11 15:39:31.61102 INFO::Fitting model to feature number 1495, MGYG000327375
2026-01-11 15:39:31.618104 INFO::Fitting model to feature number 1496, MGYG000331235
2026-01-11 15:39:31.621213 WARNING::Fitting problem for feature 1496 returning NA
2026-01-11 15:39:31.624733 INFO::Fitting model to feature number 1497, MGYG000411179
2026-01-11 15:39:31.629379 WARNING::Fitting problem for feature 1497 returning NA
2026-01-11 15:39:31.632963 INFO::Fitting model to feature number 1498, MGYG000323634
2026-01-11 15:39:31.637072 WARNING::Fitting problem for feature 1498 returning NA
2026-01-11 15:39:31.640248 INFO::Fitting model to feature number 1499, Escherichia ruysiae
2026-01-11 15:39:31.647779 INFO::Fitting model to feature number 1500, Klebsiella variicola
2026-01-11 15:39:31.656083 INFO::Fitting model to feature number 1501, UBA7185 sp910585405
2026-01-11 15:39:31.660721 INFO::Fitting model to feature number 1502, Streptococcus danieliae
2026-01-11 15:39:31.664786 WARNING::Fitting problem for feature 1502 returning NA
2026-01-11 15:39:31.668335 INFO::Fitting model to feature number 1503, MGYG000325510
2026-01-11 15:39:31.672413 WARNING::Fitting problem for feature 1503 returning NA
2026-01-11 15:39:31.675672 INFO::Fitting model to feature number 1504, MGBC107952 sp910578855
2026-01-11 15:39:31.678588 WARNING::Fitting problem for feature 1504 returning NA
2026-01-11 15:39:31.680783 INFO::Fitting model to feature number 1505, MGYG000322996
2026-01-11 15:39:31.685027 WARNING::Fitting problem for feature 1505 returning NA
2026-01-11 15:39:31.688495 INFO::Fitting model to feature number 1506, Niallia sp001076885
2026-01-11 15:39:31.69469 INFO::Fitting model to feature number 1507, MGYG000387335
2026-01-11 15:39:31.701374 INFO::Fitting model to feature number 1508, UBA3282 sp910586615
2026-01-11 15:39:31.708961 INFO::Fitting model to feature number 1509, UBA3282 sp910584965
2026-01-11 15:39:31.711726 WARNING::Fitting problem for feature 1509 returning NA
2026-01-11 15:39:31.714099 INFO::Fitting model to feature number 1510, MGYG000325483
2026-01-11 15:39:31.722515 INFO::Fitting model to feature number 1511, MGYG000325802
2026-01-11 15:39:31.726906 INFO::Fitting model to feature number 1512, UBA3282 sp910578715
2026-01-11 15:39:31.731702 INFO::Fitting model to feature number 1513, UBA3282 sp910578475
2026-01-11 15:39:31.736571 INFO::Fitting model to feature number 1514, MGYG000325455
2026-01-11 15:39:31.741113 INFO::Fitting model to feature number 1515, MGYG000330215
2026-01-11 15:39:31.748287 INFO::Fitting model to feature number 1516, Eubacterium_F sp910583555
2026-01-11 15:39:31.751973 WARNING::Fitting problem for feature 1516 returning NA
2026-01-11 15:39:31.75477 INFO::Fitting model to feature number 1517, 14-2 sp910588885
2026-01-11 15:39:31.760262 INFO::Fitting model to feature number 1518, MGYG000325200
2026-01-11 15:39:31.763198 WARNING::Fitting problem for feature 1518 returning NA
2026-01-11 15:39:31.765933 INFO::Fitting model to feature number 1519, COE1 sp910588755
2026-01-11 15:39:31.769679 INFO::Fitting model to feature number 1520, COE1 sp009774375
2026-01-11 15:39:31.772416 WARNING::Fitting problem for feature 1520 returning NA
2026-01-11 15:39:31.774677 INFO::Fitting model to feature number 1521, MGYG000324875
2026-01-11 15:39:31.777376 WARNING::Fitting problem for feature 1521 returning NA
2026-01-11 15:39:31.779609 INFO::Fitting model to feature number 1522, CAG-510 sp003979355
2026-01-11 15:39:31.783873 INFO::Fitting model to feature number 1523, RGIG4057 sp910585065
2026-01-11 15:39:31.787338 INFO::Fitting model to feature number 1524, CAG-603 sp022794265
2026-01-11 15:39:31.790288 WARNING::Fitting problem for feature 1524 returning NA
2026-01-11 15:39:31.79261 INFO::Fitting model to feature number 1525, MGYG000325692
2026-01-11 15:39:31.795951 INFO::Fitting model to feature number 1526, MGYG000328520
2026-01-11 15:39:31.79924 WARNING::Fitting problem for feature 1526 returning NA
2026-01-11 15:39:31.801903 INFO::Fitting model to feature number 1527, MGYG000325327
2026-01-11 15:39:31.806223 INFO::Fitting model to feature number 1528, MGYG000325605
2026-01-11 15:39:31.810219 INFO::Fitting model to feature number 1529, MGYG000410975
2026-01-11 15:39:31.814452 INFO::Fitting model to feature number 1530, MGYG000360335
2026-01-11 15:39:31.821737 INFO::Fitting model to feature number 1531, MGYG000324400
2026-01-11 15:39:31.825107 INFO::Fitting model to feature number 1532, MGYG000357081
2026-01-11 15:39:31.828415 INFO::Fitting model to feature number 1533, MGYG000410809
2026-01-11 15:39:31.831411 WARNING::Fitting problem for feature 1533 returning NA
2026-01-11 15:39:31.834266 INFO::Fitting model to feature number 1534, Anaerotardibacter sp000434775
2026-01-11 15:39:31.837673 INFO::Fitting model to feature number 1535, MGYG000325716
2026-01-11 15:39:31.843727 INFO::Fitting model to feature number 1536, Eubacterium_F sp910589595
2026-01-11 15:39:31.848018 INFO::Fitting model to feature number 1537, Acetatifactor sp910584435
2026-01-11 15:39:31.852062 WARNING::Fitting problem for feature 1537 returning NA
2026-01-11 15:39:31.855287 INFO::Fitting model to feature number 1538, Butyribacter sp003611745
2026-01-11 15:39:31.859794 INFO::Fitting model to feature number 1539, MGYG000410930
2026-01-11 15:39:31.866176 INFO::Fitting model to feature number 1540, MGYG000328377
2026-01-11 15:39:31.871106 INFO::Fitting model to feature number 1541, Dorea_A longicatena
2026-01-11 15:39:31.874715 WARNING::Fitting problem for feature 1541 returning NA
2026-01-11 15:39:31.877046 INFO::Fitting model to feature number 1542, MGYG000323390
2026-01-11 15:39:31.881427 WARNING::Fitting problem for feature 1542 returning NA
2026-01-11 15:39:31.884725 INFO::Fitting model to feature number 1543, Evtepia sp004556345
2026-01-11 15:39:31.889007 WARNING::Fitting problem for feature 1543 returning NA
2026-01-11 15:39:31.892125 INFO::Fitting model to feature number 1544, Evtepia gabavorous
2026-01-11 15:39:31.895831 INFO::Fitting model to feature number 1545, Eubacterium_R sp009774735
2026-01-11 15:39:31.900715 INFO::Fitting model to feature number 1546, MGYG000325665
2026-01-11 15:39:31.906991 INFO::Fitting model to feature number 1547, MGYG000325508
2026-01-11 15:39:31.909943 INFO::Fitting model to feature number 1548, MGYG000327115
2026-01-11 15:39:31.91296 INFO::Fitting model to feature number 1549, MGYG000358052
2026-01-11 15:39:31.916983 INFO::Fitting model to feature number 1550, MGYG000325728
2026-01-11 15:39:31.919777 WARNING::Fitting problem for feature 1550 returning NA
2026-01-11 15:39:31.9222 INFO::Fitting model to feature number 1551, MGYG000410730
2026-01-11 15:39:31.925234 INFO::Fitting model to feature number 1552, MGYG000325708
2026-01-11 15:39:31.927955 WARNING::Fitting problem for feature 1552 returning NA
2026-01-11 15:39:31.930157 INFO::Fitting model to feature number 1553, MGYG000383351
2026-01-11 15:39:31.933531 WARNING::Fitting problem for feature 1553 returning NA
2026-01-11 15:39:31.935989 INFO::Fitting model to feature number 1554, MGYG000328450
2026-01-11 15:39:31.939099 INFO::Fitting model to feature number 1555, MGYG000410978
2026-01-11 15:39:31.941697 WARNING::Fitting problem for feature 1555 returning NA
2026-01-11 15:39:31.944073 INFO::Fitting model to feature number 1556, Agathobacter rectalis
2026-01-11 15:39:31.9471 INFO::Fitting model to feature number 1557, MGBC114844 sp910585855
2026-01-11 15:39:31.950894 INFO::Fitting model to feature number 1558, JAAVZI01 sp022791575
2026-01-11 15:39:31.953884 WARNING::Fitting problem for feature 1558 returning NA
2026-01-11 15:39:31.956131 INFO::Fitting model to feature number 1559, MGYG000411499
2026-01-11 15:39:31.959083 INFO::Fitting model to feature number 1560, CAJFUH01 sp022799115
2026-01-11 15:39:31.961756 WARNING::Fitting problem for feature 1560 returning NA
2026-01-11 15:39:31.963926 INFO::Fitting model to feature number 1561, QAKD01 sp022793975
2026-01-11 15:39:31.967335 WARNING::Fitting problem for feature 1561 returning NA
2026-01-11 15:39:31.970059 INFO::Fitting model to feature number 1562, Dielma fastidiosa
2026-01-11 15:39:31.97303 WARNING::Fitting problem for feature 1562 returning NA
2026-01-11 15:39:31.975313 INFO::Fitting model to feature number 1563, MGYG000330584
2026-01-11 15:39:31.977764 WARNING::Fitting problem for feature 1563 returning NA
2026-01-11 15:39:31.979839 INFO::Fitting model to feature number 1564, MGYG000410602
2026-01-11 15:39:31.982893 WARNING::Fitting problem for feature 1564 returning NA
2026-01-11 15:39:31.985126 INFO::Fitting model to feature number 1565, Howiella sp022791355
2026-01-11 15:39:31.990159 INFO::Fitting model to feature number 1566, QXXE01 sp910589115
2026-01-11 15:39:31.992744 WARNING::Fitting problem for feature 1566 returning NA
2026-01-11 15:39:31.994877 INFO::Fitting model to feature number 1567, Anaerocaecibacter sp910587805
2026-01-11 15:39:31.997248 WARNING::Fitting problem for feature 1567 returning NA
2026-01-11 15:39:31.999801 INFO::Fitting model to feature number 1568, MGYG000376566
2026-01-11 15:39:32.004779 INFO::Fitting model to feature number 1569, CAG-267 sp910576955
2026-01-11 15:39:32.009037 INFO::Fitting model to feature number 1570, MGYG000335208
2026-01-11 15:39:32.011405 WARNING::Fitting problem for feature 1570 returning NA
2026-01-11 15:39:32.013339 INFO::Fitting model to feature number 1571, MGYG000325474
2026-01-11 15:39:32.016006 WARNING::Fitting problem for feature 1571 returning NA
2026-01-11 15:39:32.0183 INFO::Fitting model to feature number 1572, Gallimonas sp910588465
2026-01-11 15:39:32.021517 INFO::Fitting model to feature number 1573, MGYG000325340
2026-01-11 15:39:32.024154 WARNING::Fitting problem for feature 1573 returning NA
2026-01-11 15:39:32.027015 INFO::Fitting model to feature number 1574, MGYG000325552
2026-01-11 15:39:32.03018 INFO::Fitting model to feature number 1575, MGYG000328455
2026-01-11 15:39:32.033664 INFO::Fitting model to feature number 1576, MGYG000330031
2026-01-11 15:39:32.036661 INFO::Fitting model to feature number 1577, UBA3818 sp910578255
2026-01-11 15:39:32.039048 WARNING::Fitting problem for feature 1577 returning NA
2026-01-11 15:39:32.041281 INFO::Fitting model to feature number 1578, MGYG000344714
2026-01-11 15:39:32.045622 INFO::Fitting model to feature number 1579, Atopostipes sp910588235
2026-01-11 15:39:32.04817 WARNING::Fitting problem for feature 1579 returning NA
2026-01-11 15:39:32.050599 INFO::Fitting model to feature number 1580, MGBC119817 sp910585335
2026-01-11 15:39:32.053618 WARNING::Fitting problem for feature 1580 returning NA
2026-01-11 15:39:32.055665 INFO::Fitting model to feature number 1581, MGYG000325412
2026-01-11 15:39:32.058268 INFO::Fitting model to feature number 1582, MGYG000329682
2026-01-11 15:39:32.060578 WARNING::Fitting problem for feature 1582 returning NA
2026-01-11 15:39:32.062504 INFO::Fitting model to feature number 1583, Streptococcus sp000187445
2026-01-11 15:39:32.067487 INFO::Fitting model to feature number 1584, Mycobacterium aubagnense
2026-01-11 15:39:32.07402 INFO::Fitting model to feature number 1585, Pseudomonas_E shahriarae
2026-01-11 15:39:32.077604 WARNING::Fitting problem for feature 1585 returning NA
2026-01-11 15:39:32.648131 INFO::Creating fits folder
2026-01-11 15:39:32.649999 INFO::Writing model objects to file /home/julianne/Documents/slc_si_paper/results/Bracken/SMT_Maaslin3/Jejunum//Sex_Genotype/fits/models_linear.rds
2026-01-11 15:39:34.897812 INFO::Writing residuals to file /home/julianne/Documents/slc_si_paper/results/Bracken/SMT_Maaslin3/Jejunum//Sex_Genotype/fits/residuals_linear.rds
2026-01-11 15:39:34.908479 INFO::Writing fitted values to file /home/julianne/Documents/slc_si_paper/results/Bracken/SMT_Maaslin3/Jejunum//Sex_Genotype/fits/fitted_linear.rds
2026-01-11 15:39:34.917709 INFO::Writing model objects to file /home/julianne/Documents/slc_si_paper/results/Bracken/SMT_Maaslin3/Jejunum//Sex_Genotype/fits/models_logistic.rds
2026-01-11 15:40:18.48612 INFO::Writing residuals to file /home/julianne/Documents/slc_si_paper/results/Bracken/SMT_Maaslin3/Jejunum//Sex_Genotype/fits/residuals_logistic.rds
2026-01-11 15:40:18.51405 INFO::Writing fitted values to file /home/julianne/Documents/slc_si_paper/results/Bracken/SMT_Maaslin3/Jejunum//Sex_Genotype/fits/fitted_logistic.rds
2026-01-11 15:40:18.554093 INFO::Writing all the results to file (ordered 
            by increasing individual q-values): /home/julianne/Documents/slc_si_paper/results/Bracken/SMT_Maaslin3/Jejunum//Sex_Genotype/all_results.tsv
2026-01-11 15:40:18.644774 INFO::Writing the significant results without errors (those which have joint q-values less than or equal to the threshold of 0.250000 ) to file (ordered by increasing individual q-values): /home/julianne/Documents/slc_si_paper/results/Bracken/SMT_Maaslin3/Jejunum//Sex_Genotype/significant_results.tsv
2026-01-11 15:40:18.647346 INFO::Creating output figures folder
2026-01-11 15:40:18.662275 INFO::Writing summary plot of significant
                        results to file: /home/julianne/Documents/slc_si_paper/results/Bracken/SMT_Maaslin3/Jejunum//Sex_Genotype/figures/summary_plot.pdf
2026-01-11 15:40:21.202794 INFO::Writing association plots (one for each significant association) to output folder: /home/julianne/Documents/slc_si_paper/results/Bracken/SMT_Maaslin3/Jejunum//Sex_Genotype/figures
2026-01-11 15:40:21.208515 INFO::Plotting associations from most to least significant, grouped by metadata
2026-01-11 15:40:21.21487 INFO::Creating box plot for categorical data (linear), 
                        Genotype vs UBA11957 sp910588295
2026-01-11 15:40:21.24386 INFO::Creating box plot for categorical data (linear), 
                        Sex vs MGYG000388556
2026-01-11 15:40:21.274522 INFO::Creating box plot for categorical data (linear), 
                        Genotype vs Parabacteroides goldsteinii
