"","baseMean","log2FoldChange","lfcSE","stat","pvalue","padj"
"Igkv6-25",38.2014317210508,-20.431244475474,3.46212856440144,-5.90135348685596,3.60531509882474e-09,6.33742288071412e-05
