"","baseMean","log2FoldChange","lfcSE","stat","pvalue","padj"
"Gm20503",9.2618950391865,26.1715754855209,3.72632174767558,7.02343416851922,2.16480172475248e-12,3.43770513890694e-08
"2010109I03Rik",1278.50114397606,-3.59565424339797,0.729681452102278,-4.92770404542771,8.32015159434556e-07,0.00660620036591037
"Cldn4",623.05807825613,-1.68802253179294,0.365565174265371,-4.61756931629261,3.88261010671026e-06,0.0194778304682969
"Igkv1-131",12.5792363323819,4.63864038717324,1.02851497080481,4.51003681895218,6.48163750654941e-06,0.0194778304682969
"Nos1ap",218.693507711206,-1.47129614004014,0.3281930349005,-4.48302061159281,7.35938178902906e-06,0.0194778304682969
"Plb1",4816.50509923285,-4.82905991351227,1.07473289354341,-4.49326520340398,7.01393470407435e-06,0.0194778304682969
"Igkv8-27",1250.57552235633,2.89091556096363,0.678423656014479,4.26122458339208,2.03309796756453e-05,0.0461222796070353
