"external_gene_name","HET","padj_HET","MUT","padj_MUT","description","mean_coef"
"Igkv8-34",-3.25597785395144,0.0150034695706987,-1.62281886904082,0.244152105046034,"immunoglobulin kappa variable 8-34 [Source:MGI Symbol;Acc:MGI:4949914]",-2.43939836149613
"Igkv12-89",-0.967639104121536,0.310735356236521,-2.35271562863269,0.0909135596180853,"immunoglobulin kappa chain variable 12-89 [Source:MGI Symbol;Acc:MGI:4439829]",-1.66017736637711
"1700057G04Rik",-1.43569004259733,NA,-1.82816995479394,0.172227011230771,NA,-1.63192999869564
"Ighv1-12",-0.773760325470424,0.406415059427771,-1.81031460605563,0.162729965916785,"immunoglobulin heavy variable V1-12 [Source:MGI Symbol;Acc:MGI:3646284]",-1.29203746576303
"Cyp3a16",-0.657244370411333,NA,-1.78423480882519,0.181086362142454,"cytochrome P450, family 3, subfamily a, polypeptide 16 [Source:MGI Symbol;Acc:MGI:106099]",-1.22073958961826
"Gm29609",-1.1234131839995,NA,-0.942843472540036,0.162729965916785,"predicted gene 29609 [Source:MGI Symbol;Acc:MGI:5580315]",-1.03312832826977
"Ighv1-47",-1.23832350042621,0.202390818006925,-0.811816512113535,0.486166367426787,"immunoglobulin heavy variable 1-47 [Source:MGI Symbol;Acc:MGI:4439890]",-1.02507000626987
"Igkv12-98",-0.659341214567236,0.456339980911279,-1.26378873441074,0.218329728756878,"immunoglobulin kappa variable 12-98 [Source:MGI Symbol;Acc:MGI:4439560]",-0.961564974488988
"G6pc",-0.822623608236076,0.291837557047921,-1.09569072355919,0.235827948988171,NA,-0.959157165897633
"Mia2",-0.782833408672656,0.277288552142824,-1.02995292254299,0.231000115785735,"MIA SH3 domain ER export factor 2 [Source:MGI Symbol;Acc:MGI:2159614]",-0.906393165607823
"Cyp2c55",-0.726747827404357,0.325076695093422,-1.06122529725627,0.228319018180083,"cytochrome P450, family 2, subfamily c, polypeptide 55 [Source:MGI Symbol;Acc:MGI:1919332]",-0.893986562330313
"Fcrl6",-0.562178147252199,0.374948323958055,-1.21241167980676,0.162729965916785,"Fc receptor-like 6 [Source:MGI Symbol;Acc:MGI:3618339]",-0.887294913529479
"Igkv1-110",-0.454116415704905,0.536423662641946,-1.28742486784521,0.162729965916785,"immunoglobulin kappa variable 1-110 [Source:MGI Symbol;Acc:MGI:4439558]",-0.870770641775058
"AI481877",-0.828862990565737,NA,-0.834032099126616,0.177151837973733,NA,-0.831447544846176
"Cubn",-0.889175940253445,0.195925814933329,-0.697445242195249,0.38424644627173,"cubilin [Source:MGI Symbol;Acc:MGI:1931256]",-0.793310591224347
"Slc10a2",-0.423484495936594,0.616208586539886,-1.07694671561997,0.247721926369743,"solute carrier family 10, member 2 [Source:MGI Symbol;Acc:MGI:1201406]",-0.750215605778282
"Slc6a14",-0.300213338870889,0.698852119695797,-1.16033527760368,0.188951482083192,"solute carrier family 6 (neurotransmitter transporter), member 14 [Source:MGI Symbol;Acc:MGI:1890216]",-0.730274308237284
"Fosb",-0.913820638436255,0.0742935677949461,-0.544921111737457,0.350539756370297,"FBJ osteosarcoma oncogene B [Source:MGI Symbol;Acc:MGI:95575]",-0.729370875086856
"Fam83b",-0.676122355123687,0.166883256139821,-0.776077539555299,0.197718212882542,"family with sequence similarity 83, member B [Source:MGI Symbol;Acc:MGI:2685362]",-0.726099947339493
"Igkv1-88",-0.272475206586638,0.776882082283135,-1.15181932969364,0.247721926369743,"immunoglobulin kappa chain variable 1-88 [Source:MGI Symbol;Acc:MGI:4439828]",-0.712147268140139
"Igkv17-121",-0.412056861694843,0.47591477189278,-0.998023955872934,0.168155026440401,"immunoglobulin kappa variable 17-121 [Source:MGI Symbol;Acc:MGI:3647671]",-0.705040408783889
"Plag1",-0.698230918100016,0.0887494168047626,-0.661781831611985,0.187592364584338,"pleiomorphic adenoma gene 1 [Source:MGI Symbol;Acc:MGI:1891916]",-0.680006374856001
"4930539E08Rik",-0.61157340565008,0.213040654744974,-0.739751496233457,0.207671701037539,NA,-0.675662450941769
"Lama3",-0.583265194298626,0.223783757616672,-0.754119300981694,0.197777873690638,"laminin, alpha 3 [Source:MGI Symbol;Acc:MGI:99909]",-0.66869224764016
"Dnah10",-0.505720708522758,0.340908408646198,-0.817959960930751,0.20144266707955,"dynein, axonemal, heavy chain 10 [Source:MGI Symbol;Acc:MGI:1860299]",-0.661840334726755
"Gm6086",-0.659078525069205,0.200029998543803,-0.627173397398152,0.296185189847937,NA,-0.643125961233678
"Lmo7",-0.577422066575845,0.18089251435898,-0.692304370152695,0.195138891534963,"LIM domain only 7 [Source:MGI Symbol;Acc:MGI:1353586]",-0.63486321836427
"1700109H08Rik",-0.545002611505509,0.13675962130182,-0.707166222944296,0.162729965916785,"RIKEN cDNA 1700109H08 gene [Source:MGI Symbol;Acc:MGI:1924286]",-0.626084417224902
"Il22ra1",-0.592073141586164,0.195579041788556,-0.656152659283684,0.228319018180083,"interleukin 22 receptor, alpha 1 [Source:MGI Symbol;Acc:MGI:2663588]",-0.624112900434924
"Mfsd7c",-0.881846924849951,0.145353875447952,-0.362282684255926,0.626307806763875,NA,-0.622064804552938
"Zyg11a",-0.66496535332388,0.208019136828578,-0.576441618050708,0.351098234119056,"zyg-11 family member A, cell cycle regulator [Source:MGI Symbol;Acc:MGI:2446208]",-0.620703485687294
"Ighv8-12",-0.288682942020366,0.649553547326336,-0.949957489583697,0.19234002298932,"immunoglobulin heavy variable V8-12 [Source:MGI Symbol;Acc:MGI:3642873]",-0.619320215802031
"A1cf",-0.519134930295378,0.260588037941398,-0.648218830122418,0.237558527911579,"APOBEC1 complementation factor [Source:MGI Symbol;Acc:MGI:1917115]",-0.583676880208898
"Aff4",-0.517438094449752,0.0997857256982403,-0.646324669600064,0.162729965916785,"AF4/FMR2 family, member 4 [Source:MGI Symbol;Acc:MGI:2136171]",-0.581881382024908
"Zmat4",-0.813404407588929,0.0445969496299449,-0.338935163294993,0.467356888688942,"zinc finger, matrin type 4 [Source:MGI Symbol;Acc:MGI:2443497]",-0.576169785441961
"Atp7a",-0.528733715148946,0.217128809603047,-0.6206401264447,0.226105015348892,"ATPase, copper transporting, alpha polypeptide [Source:MGI Symbol;Acc:MGI:99400]",-0.574686920796823
"BC089597",-0.837423605881871,0.124301891504331,-0.310838269620369,0.643950925074547,NA,-0.57413093775112
"Il1a",-0.713747138021789,0.119991719152617,-0.431518256483139,0.41659588058639,"interleukin 1 alpha [Source:MGI Symbol;Acc:MGI:96542]",-0.572632697252464
"Acta1",-0.409319460352808,0.449950935687106,-0.734425680867676,0.237558527911579,"actin alpha 1, skeletal muscle [Source:MGI Symbol;Acc:MGI:87902]",-0.571872570610242
"Gcnt1",-0.280934074977101,0.613243745144682,-0.846573762511941,0.19234002298932,"glucosaminyl (N-acetyl) transferase 1, core 2 [Source:MGI Symbol;Acc:MGI:95676]",-0.563753918744521
"Sgk1",-0.695571951045565,0.224488626911873,-0.408552386788391,0.559613442496002,"serum/glucocorticoid regulated kinase 1 [Source:MGI Symbol;Acc:MGI:1340062]",-0.552062168916978
"Igkv10-94",-0.132185168869275,0.877069009508977,-0.956348698080986,0.247888508935242,"immunoglobulin kappa variable 10-94 [Source:MGI Symbol;Acc:MGI:3646140]",-0.54426693347513
"Tmc7",-0.551845216980732,0.202843295910425,-0.534946531978207,0.289426204101757,"transmembrane channel-like gene family 7 [Source:MGI Symbol;Acc:MGI:2443317]",-0.543395874479469
"Phlpp2",-0.57436605745547,0.216188621739577,-0.511670580870993,0.346169656285553,"PH domain and leucine rich repeat protein phosphatase 2 [Source:MGI Symbol;Acc:MGI:2444928]",-0.543018319163232
"Gprin3",-0.465867773908943,0.281774226932157,-0.610392421336046,0.235827948988171,"GPRIN family member 3 [Source:MGI Symbol;Acc:MGI:1924785]",-0.538130097622495
"Nos1ap",-0.441663981138829,0.172434482273681,-0.625279827069498,0.162729965916785,"nitric oxide synthase 1 (neuronal) adaptor protein [Source:MGI Symbol;Acc:MGI:1917979]",-0.533471904104164
"Epb41l1",-0.449420779001024,0.190684742409994,-0.613932064985882,0.168155026440401,"erythrocyte membrane protein band 4.1 like 1 [Source:MGI Symbol;Acc:MGI:103010]",-0.531676421993453
"Fam102b",-0.440100123178616,0.305812426802648,-0.62229966254049,0.227046048965527,NA,-0.531199892859553
"Xpnpep2",-0.676970371992049,0.224739393778371,-0.38463877047248,0.573804069049727,"X-prolyl aminopeptidase (aminopeptidase P) 2, membrane-bound [Source:MGI Symbol;Acc:MGI:2180001]",-0.530804571232265
"Pappa",-0.57900529684251,0.10329283373328,-0.482285589678983,0.243480758221989,"pregnancy-associated plasma protein A [Source:MGI Symbol;Acc:MGI:97479]",-0.530645443260746
"Mgat4a",-0.503339294407502,0.230551843792034,-0.556201047492857,0.257079036664102,"mannoside acetylglucosaminyltransferase 4, isoenzyme A [Source:MGI Symbol;Acc:MGI:2662992]",-0.52977017095018
"Sgms2",-0.577780871352552,0.148661786381607,-0.479277347213666,0.301128066890302,"sphingomyelin synthase 2 [Source:MGI Symbol;Acc:MGI:1921692]",-0.528529109283109
"Mapk6",-0.63398912799191,0.0568518666825454,-0.415514729420607,0.274038824157328,"mitogen-activated protein kinase 6 [Source:MGI Symbol;Acc:MGI:1354946]",-0.524751928706259
"Prlr",-0.522347270868887,0.215462077471435,-0.524033918198561,0.286609508979727,"prolactin receptor [Source:MGI Symbol;Acc:MGI:97763]",-0.523190594533724
"Nt5e",-0.542039495774799,0.134089722622777,-0.501455971700287,0.235480557201119,"5' nucleotidase, ecto [Source:MGI Symbol;Acc:MGI:99782]",-0.521747733737543
"Fa2h",-0.223951499679976,0.716800369160125,-0.817538148742566,0.222337829158971,"fatty acid 2-hydroxylase [Source:MGI Symbol;Acc:MGI:2443327]",-0.520744824211271
"Itgb6",-0.357720214371627,0.452172415130495,-0.679265295350051,0.218329728756878,"integrin beta 6 [Source:MGI Symbol;Acc:MGI:96615]",-0.518492754860839
"Erbin",-0.495505610808547,0.124660506690756,-0.54090146529399,0.173014444485906,"Erbb2 interacting protein [Source:MGI Symbol;Acc:MGI:1890169]",-0.518203538051269
"Zfp871",-0.590255928805781,0.131074681476735,-0.440371635366805,0.327113750163768,"zinc finger protein 871 [Source:MGI Symbol;Acc:MGI:1921793]",-0.515313782086293
"Taok1",-0.522047116170863,0.146825669677869,-0.505215908759678,0.231756908591395,"TAO kinase 1 [Source:MGI Symbol;Acc:MGI:1914490]",-0.513631512465271
"Rsad2",-0.531947567203777,0.16331048675031,-0.494867279775782,0.264640604787483,"radical S-adenosyl methionine domain containing 2 [Source:MGI Symbol;Acc:MGI:1929628]",-0.51340742348978
"Gm4788",-0.619977870959572,0.247022642852325,-0.403966672731966,0.533404012316259,NA,-0.511972271845769
"Acsf2",-0.576935696473582,0.0659768107140516,-0.437479369814289,0.23017150400199,"acyl-CoA synthetase family member 2 [Source:MGI Symbol;Acc:MGI:2388287]",-0.507207533143936
"Malrd1",-0.532195084724806,0.164796629107424,-0.480557294506289,0.280021693568088,"MAM and LDL receptor class A domain containing 1 [Source:MGI Symbol;Acc:MGI:1928271]",-0.506376189615548
"Lysmd3",-0.529369867075102,0.153113166715488,-0.480310957107715,0.263114375725568,"LysM, putative peptidoglycan-binding, domain containing 3 [Source:MGI Symbol;Acc:MGI:1915906]",-0.504840412091409
"Mmrn1",-0.627770413434023,0.164408864895153,-0.379412038209615,0.481774761475975,"multimerin 1 [Source:MGI Symbol;Acc:MGI:1918195]",-0.503591225821819
"Map3k13",-0.51743625229918,0.157828983990044,-0.486744137112127,0.252174484327694,"mitogen-activated protein kinase kinase kinase 13 [Source:MGI Symbol;Acc:MGI:2444243]",-0.502090194705654
"Olfr56",-0.600321779248502,0.143860339725908,-0.401024195906414,0.401535106322736,NA,-0.500672987577458
"Lpin2",-0.473891475051096,0.154538534105862,-0.523123808603777,0.197718212882542,"lipin 2 [Source:MGI Symbol;Acc:MGI:1891341]",-0.498507641827437
"Abcg8",-0.618719172927288,0.216375562442426,-0.377126410466286,0.533312325563272,"ATP binding cassette subfamily G member 8 [Source:MGI Symbol;Acc:MGI:1914720]",-0.497922791696787
"Grpr",-0.425677937499585,0.276719529380054,-0.566618547959048,0.228319018180083,"gastrin releasing peptide receptor [Source:MGI Symbol;Acc:MGI:95836]",-0.496148242729316
"Skil",-0.458236503246981,0.173531656646686,-0.528823372736744,0.197718212882542,"SKI-like [Source:MGI Symbol;Acc:MGI:106203]",-0.493529937991863
"Mpp5",-0.466706438723204,0.227496691315692,-0.518648966175145,0.252174484327694,NA,-0.492677702449175
"Ms4a14",-0.58754217798521,0.139611251903646,-0.394773390859868,0.389348978642768,"membrane-spanning 4-domains, subfamily A, member 14 [Source:MGI Symbol;Acc:MGI:2686122]",-0.491157784422539
"Snurf",-0.50446615234772,0.216188621739577,-0.475355212339694,0.317476157767882,"SNRPN upstream reading frame [Source:MGI Symbol;Acc:MGI:1891236]",-0.489910682343707
"Asap2",-0.490565686873493,0.125412019399692,-0.480328900284188,0.207041265355528,"ArfGAP with SH3 domain, ankyrin repeat and PH domain 2 [Source:MGI Symbol;Acc:MGI:2685438]",-0.485447293578841
"Tns4",-0.482775002981805,0.246714529985177,-0.48354825639743,0.321642288461838,"tensin 4 [Source:MGI Symbol;Acc:MGI:2144377]",-0.483161629689618
"Baiap2l1",-0.441385068584305,0.180609974823174,-0.519965984791498,0.197718212882542,"BAI1-associated protein 2-like 1 [Source:MGI Symbol;Acc:MGI:1914148]",-0.480675526687901
"Gramd1b",-0.506002301464805,0.234040163020459,-0.454890607893858,0.36210194724653,"GRAM domain containing 1B [Source:MGI Symbol;Acc:MGI:1925037]",-0.480446454679331
"Samd9l",-0.408025460327963,0.172062102256698,-0.551284457532369,0.162729965916785,"sterile alpha motif domain containing 9-like [Source:MGI Symbol;Acc:MGI:1343184]",-0.479654958930166
"Acvr1c",-0.503038362492438,0.152374803837824,-0.455146689448969,0.26246080113979,"activin A receptor, type IC [Source:MGI Symbol;Acc:MGI:2661081]",-0.479092525970704
"Por",-0.535543026332248,0.0849274609695713,-0.420154659209772,0.239579371719798,"cytochrome p450 oxidoreductase [Source:MGI Symbol;Acc:MGI:97744]",-0.47784884277101
"Aim1",-0.420251965952608,0.233866354154546,-0.533584524214718,0.207671701037539,NA,-0.476918245083663
"Lamb3",-0.338472885939457,0.413769701409265,-0.612626723494408,0.207628963006614,"laminin, beta 3 [Source:MGI Symbol;Acc:MGI:99915]",-0.475549804716933
"Ptprd",-0.424328926262958,0.198788622922431,-0.523846916034119,0.197718212882542,"protein tyrosine phosphatase receptor type D [Source:MGI Symbol;Acc:MGI:97812]",-0.474087921148538
"Rnf152",-0.309705198089623,0.49466119669413,-0.638112995870218,0.222336925887912,"ring finger protein 152 [Source:MGI Symbol;Acc:MGI:2443787]",-0.47390909697992
"Ubxn2a",-0.500809282748897,0.100491267590042,-0.446249416849729,0.216368365389705,"UBX domain protein 2A [Source:MGI Symbol;Acc:MGI:2442310]",-0.473529349799313
"Cfhr2",-0.615341555453932,0.23482577331,-0.330818254650804,0.60732293449432,"complement factor H-related 2 [Source:MGI Symbol;Acc:MGI:3611575]",-0.473079905052368
"Bach1",-0.501821565547054,0.214696915784196,-0.442791211245822,0.34971203916306,"BTB and CNC homology 1, basic leucine zipper transcription factor 1 [Source:MGI Symbol;Acc:MGI:894680]",-0.472306388396438
"Npas2",-0.504732679392923,0.233483130615137,-0.436482860371291,0.376427134748556,"neuronal PAS domain protein 2 [Source:MGI Symbol;Acc:MGI:109232]",-0.470607769882107
"Hmcn1",-0.886586715296686,0.036205983420747,-0.0545755975186306,0.929336492025232,"hemicentin 1 [Source:MGI Symbol;Acc:MGI:2685047]",-0.470581156407658
"Uprt",-0.421335174372407,0.240746859783984,-0.512555687797294,0.231000115785735,"uracil phosphoribosyltransferase [Source:MGI Symbol;Acc:MGI:2685620]",-0.46694543108485
"Adamts12",-0.556587526780381,0.180302915081175,-0.376144724241565,0.444266370248315,"ADAM metallopeptidase with thrombospondin type 1 motif 12 [Source:MGI Symbol;Acc:MGI:2146046]",-0.466366125510973
"Gm9938",-0.51180470799226,0.125412019399692,-0.414455226681916,0.282468399682455,NA,-0.463129967337088
"Adamts4",-0.537175621070676,0.190615735123234,-0.385388785778259,0.426716864810086,"ADAM metallopeptidase with thrombospondin type 1 motif 4 [Source:MGI Symbol;Acc:MGI:1339949]",-0.461282203424467
"Gan",-0.480801181490212,0.139611251903646,-0.441422195750915,0.242908617964919,"giant axonal neuropathy [Source:MGI Symbol;Acc:MGI:1890619]",-0.461111688620564
"Ccdc96",-0.296370812425354,NA,-0.622803195995669,0.199473004881909,"coiled-coil domain containing 96 [Source:MGI Symbol;Acc:MGI:1913967]",-0.459587004210512
"Gm6871",-0.405592489922295,NA,-0.50832056184985,0.182063665150738,"predicted gene 6871 [Source:MGI Symbol;Acc:MGI:3643456]",-0.456956525886072
"Zmiz1",-0.47935642043032,0.0659768107140516,-0.433046662788313,0.173466961858323,"zinc finger, MIZ-type containing 1 [Source:MGI Symbol;Acc:MGI:3040693]",-0.456201541609316
"Nr6a1",-0.41335606195496,0.103456082208136,-0.49878584865334,0.162729965916785,"nuclear receptor subfamily 6, group A, member 1 [Source:MGI Symbol;Acc:MGI:1352459]",-0.45607095530415
"Trim30d",-0.501666208721895,0.200534494906472,-0.409690694287966,0.369290680552469,"tripartite motif-containing 30D [Source:MGI Symbol;Acc:MGI:3035181]",-0.455678451504931
"Ifih1",-0.458379289409797,0.165498285948788,-0.452210007700547,0.241107405137824,"interferon induced with helicase C domain 1 [Source:MGI Symbol;Acc:MGI:1918836]",-0.455294648555172
"Gbp8",-0.28053791462543,0.436799613769283,-0.630046029574204,0.168155026440401,"guanylate-binding protein 8 [Source:MGI Symbol;Acc:MGI:1923324]",-0.455291972099817
"Nfat5",-0.488142431929242,0.071487313664067,-0.419876826379079,0.197718212882542,"nuclear factor of activated T cells 5 [Source:MGI Symbol;Acc:MGI:1859333]",-0.454009629154161
"Dab1",-0.505778701091534,0.219520227043976,-0.401712988050424,0.40647830170197,"disabled 1 [Source:MGI Symbol;Acc:MGI:108554]",-0.453745844570979
"Ddx60",-0.50244792127134,0.199430245304752,-0.401254706793442,0.377908323867362,"DExD/H box helicase 60 [Source:MGI Symbol;Acc:MGI:2384570]",-0.451851314032391
"Gnal",-0.549894507316672,0.0141893688599872,-0.353266949530373,0.168155026440401,"guanine nucleotide binding protein, alpha stimulating, olfactory type [Source:MGI Symbol;Acc:MGI:95774]",-0.451580728423522
"Ptar1",-0.41404547576553,0.139110430146067,-0.485930907714339,0.168155026440401,"protein prenyltransferase alpha subunit repeat containing 1 [Source:MGI Symbol;Acc:MGI:1921875]",-0.449988191739935
"Wipf3",-0.455255438962988,0.221456766572647,-0.444651233019023,0.306109361517905,"WAS/WASL interacting protein family, member 3 [Source:MGI Symbol;Acc:MGI:3044681]",-0.449953335991006
"Lrrc8b",-0.523110969011441,0.0568518666825454,-0.375435211318434,0.237448164405184,"leucine rich repeat containing 8 family, member B [Source:MGI Symbol;Acc:MGI:2141353]",-0.449273090164938
"Ereg",-0.592969754834585,0.20748468659843,-0.30349944439561,0.6028086052661,"epiregulin [Source:MGI Symbol;Acc:MGI:107508]",-0.448234599615097
"Gm11437",-0.550393385107784,0.217755363696179,-0.344563195033874,0.522400630355784,"predicted gene 11437 [Source:MGI Symbol;Acc:MGI:3650287]",-0.447478290070829
"Sema3d",-0.521186420911094,0.127682876132378,-0.372161013200174,0.345767196261723,"sema domain, immunoglobulin domain (Ig), short basic domain, secreted, (semaphorin) 3D [Source:MGI Symbol;Acc:MGI:1860118]",-0.446673717055634
"Ccdc186",-0.406826825157572,0.204313607276748,-0.486219965125418,0.207041265355528,"coiled-coil domain containing 186 [Source:MGI Symbol;Acc:MGI:2445022]",-0.446523395141495
"Acsl3",-0.444306083945685,0.0507848370925222,-0.446427842344014,0.162729965916785,"acyl-CoA synthetase long-chain family member 3 [Source:MGI Symbol;Acc:MGI:1921455]",-0.445366963144849
"Naip2",-0.435593097790132,0.195290518577718,-0.451449897698988,0.250226773070177,"NLR family, apoptosis inhibitory protein 2 [Source:MGI Symbol;Acc:MGI:1298226]",-0.44352149774456
"Adap2",-0.557414485014115,0.0511078119275417,-0.329074846724992,0.309350826127146,"ArfGAP with dual PH domains 2 [Source:MGI Symbol;Acc:MGI:2663075]",-0.443244665869553
"Arntl",-0.480026654142969,0.143860339725908,-0.404527920155869,0.286701531589592,NA,-0.442277287149419
"Dyrk2",-0.491444353476294,0.063014183172889,-0.392037915780621,0.207041265355528,"dual-specificity tyrosine phosphorylation regulated kinase 2 [Source:MGI Symbol;Acc:MGI:1330301]",-0.441741134628458
"Slfn4",-0.387233466564751,0.281999952105991,-0.494990517029714,0.242908617964919,"schlafen 4 [Source:MGI Symbol;Acc:MGI:1329010]",-0.441111991797232
"Gm38394",-0.486249230120603,0.142626048314303,-0.393740319167766,0.305250244505164,NA,-0.439994774644184
"Dpyd",-0.541348618083023,0.192329142142505,-0.336728938770148,0.497598960345086,"dihydropyrimidine dehydrogenase [Source:MGI Symbol;Acc:MGI:2139667]",-0.439038778426586
"Itga11",-0.513452770666954,0.195290518577718,-0.363918116426667,0.438969834307924,"integrin alpha 11 [Source:MGI Symbol;Acc:MGI:2442114]",-0.43868544354681
"Irs2",-0.50158115500716,0.0770915576128444,-0.375249228930438,0.247668502349829,"insulin receptor substrate 2 [Source:MGI Symbol;Acc:MGI:109334]",-0.438415191968799
"Nhsl1",-0.41078318042491,0.155259538869467,-0.465529115014545,0.192162323269413,"NHS like 1 [Source:MGI Symbol;Acc:MGI:106390]",-0.438156147719728
"Lrp12",-0.406193257137909,0.243701283838647,-0.469896597277997,0.251172491916867,"low density lipoprotein-related protein 12 [Source:MGI Symbol;Acc:MGI:2443132]",-0.438044927207953
"Ly75",-0.501448842781837,0.127742322093166,-0.369572377717367,0.330021369539885,"lymphocyte antigen 75 [Source:MGI Symbol;Acc:MGI:106662]",-0.435510610249602
"Rbm41",-0.435915390349326,0.124188105308753,-0.434228298811109,0.198652616740918,"RNA binding motif protein 41 [Source:MGI Symbol;Acc:MGI:2444923]",-0.435071844580218
"Arhgap5",-0.385448032202003,0.183331063476315,-0.482995179038704,0.185124033657177,"Rho GTPase activating protein 5 [Source:MGI Symbol;Acc:MGI:1332637]",-0.434221605620354
"Fhdc1",-0.389112039105231,0.178722755075377,-0.478361814598474,0.186758832261382,"FH2 domain containing 1 [Source:MGI Symbol;Acc:MGI:2684972]",-0.433736926851853
"Lrrc66",-0.415182848119012,0.195477110610409,-0.450935945561428,0.234143257994066,"leucine rich repeat containing 66 [Source:MGI Symbol;Acc:MGI:2387634]",-0.43305939684022
"Cpeb4",-0.432823554460402,0.0914314997533151,-0.431608305193432,0.173014444485906,"cytoplasmic polyadenylation element binding protein 4 [Source:MGI Symbol;Acc:MGI:1914829]",-0.432215929826917
"Ipmk",-0.428472153425785,0.244138490496527,-0.434767738406541,0.313435475258253,"inositol polyphosphate multikinase [Source:MGI Symbol;Acc:MGI:1916968]",-0.431619945916163
"Nudt4",-0.449763769599805,0.179404028906599,-0.413236027654367,0.2893266274348,"nudix hydrolase 4 [Source:MGI Symbol;Acc:MGI:1918457]",-0.431499898627086
"Hpse2",-0.52051704237901,0.204137199555373,-0.341549908699276,0.486166367426787,"heparanase 2 [Source:MGI Symbol;Acc:MGI:2685814]",-0.431033475539143
"Fras1",-0.57951513425067,0.125039362073771,-0.276939206140363,0.540538831319669,"Fraser extracellular matrix complex subunit 1 [Source:MGI Symbol;Acc:MGI:2385368]",-0.428227170195516
"Reps2",-0.356635310853645,0.270539284642481,-0.499473968999752,0.2051278057827,"RALBP1 associated Eps domain containing protein 2 [Source:MGI Symbol;Acc:MGI:2663511]",-0.428054639926699
"Atxn7",-0.441361525092497,0.074834547410225,-0.414051529791395,0.173014444485906,"ataxin 7 [Source:MGI Symbol;Acc:MGI:2179277]",-0.427706527441946
"Ahcyl2",-0.432566283869514,0.23482577331,-0.421087314575292,0.321642288461838,"S-adenosylhomocysteine hydrolase-like 2 [Source:MGI Symbol;Acc:MGI:1921590]",-0.426826799222403
"Tet3",-0.477991924962691,0.0887494168047626,-0.374369612121364,0.244933288966581,"tet methylcytosine dioxygenase 3 [Source:MGI Symbol;Acc:MGI:2446229]",-0.426180768542027
"Dsg2",-0.40045489726728,0.197586487760949,-0.451694702315425,0.223583617789449,"desmoglein 2 [Source:MGI Symbol;Acc:MGI:1196466]",-0.426074799791353
"Cpm",-0.447344770843642,0.124941507690441,-0.404672831497823,0.235480557201119,"carboxypeptidase M [Source:MGI Symbol;Acc:MGI:1917824]",-0.426008801170732
"Rnf24",-0.327994608941895,0.317727289698,-0.521115904954173,0.197718212882542,"ring finger protein 24 [Source:MGI Symbol;Acc:MGI:1261771]",-0.424555256948034
"Bmp1",-0.485564877779897,0.0900775358961264,-0.363159137487565,0.267959148453425,"bone morphogenetic protein 1 [Source:MGI Symbol;Acc:MGI:88176]",-0.424362007633731
"Zfp37",-0.329651977929383,0.240652623951697,-0.518040346233993,0.162729965916785,"zinc finger protein 37 [Source:MGI Symbol;Acc:MGI:99181]",-0.423846162081688
"Utp14b",-0.389824490368519,0.0648209591146937,-0.453827939158571,0.162729965916785,"UTP14B small subunit processome component [Source:MGI Symbol;Acc:MGI:2445092]",-0.421826214763545
"Flnb",-0.402891814612251,0.146321930431101,-0.438104339656339,0.197718212882542,"filamin, beta [Source:MGI Symbol;Acc:MGI:2446089]",-0.420498077134295
"Ceacam2",-0.263780363687602,0.54656118774191,-0.576482527413986,0.239806279747421,"CEA cell adhesion molecule 2 [Source:MGI Symbol;Acc:MGI:1347246]",-0.420131445550794
"Fmn1",-0.420830825638665,0.182251457348356,-0.415146858700243,0.260302380190305,"formin 1 [Source:MGI Symbol;Acc:MGI:101815]",-0.417988842169454
"Btnl4",-0.447439241822107,0.20275336058526,-0.387675359746885,0.345767196261723,"butyrophilin-like 4 [Source:MGI Symbol;Acc:MGI:1932036]",-0.417557300784496
"Gas2l3",-0.456779721422493,0.0914314997533151,-0.378163750011659,0.231000115785735,"growth arrest-specific 2 like 3 [Source:MGI Symbol;Acc:MGI:1918780]",-0.417471735717076
"Mapk4",-0.362135570350244,0.227496691315692,-0.470006827674301,0.198636638967883,"mitogen-activated protein kinase 4 [Source:MGI Symbol;Acc:MGI:2444559]",-0.416071199012273
"Ocln",-0.468902353288954,0.142626048314303,-0.362515989313781,0.327113750163768,"occludin [Source:MGI Symbol;Acc:MGI:106183]",-0.415709171301368
"Bco1",-0.231668821747421,0.615866260364297,-0.597653357381277,0.241107405137824,"beta-carotene oxygenase 1 [Source:MGI Symbol;Acc:MGI:1926923]",-0.414661089564349
"Cdh10",-0.443096903612146,0.136425267665587,-0.385942765694937,0.259036799675813,"cadherin 10 [Source:MGI Symbol;Acc:MGI:107436]",-0.414519834653541
"Wac",-0.451669845360088,0.0769317393663296,-0.377008069149425,0.207671701037539,"WW domain containing adaptor with coiled-coil [Source:MGI Symbol;Acc:MGI:2387357]",-0.414338957254756
"Gm11992",-0.521685648061365,0.100672075610032,-0.306633618413514,0.403556275441787,"predicted gene 11992 [Source:MGI Symbol;Acc:MGI:3651127]",-0.414159633237439
"Duox1",-0.165930151038889,0.746338618602997,-0.659757169773916,0.228319018180083,"dual oxidase 1 [Source:MGI Symbol;Acc:MGI:2139422]",-0.412843660406402
"Numb",-0.413125143369086,0.204313607276748,-0.411656533291915,0.277988862053045,"NUMB endocytic adaptor protein [Source:MGI Symbol;Acc:MGI:107423]",-0.4123908383305
"Dgkh",-0.347257425316992,0.295910128002293,-0.47188370836738,0.232425635551197,"diacylglycerol kinase, eta [Source:MGI Symbol;Acc:MGI:2444188]",-0.409570566842186
"Chp1",-0.412377623259063,0.155825382825611,-0.405075432305639,0.235827948988171,"calcineurin-like EF hand protein 1 [Source:MGI Symbol;Acc:MGI:1927185]",-0.408726527782351
"Gnpda1",-0.498099253994415,0.178592923623573,-0.318309366174159,0.471451089610086,"glucosamine-6-phosphate deaminase 1 [Source:MGI Symbol;Acc:MGI:1347054]",-0.408204310084287
"Erbb3",-0.43074134441752,0.17676497423367,-0.384010090596348,0.301255196463998,"erb-b2 receptor tyrosine kinase 3 [Source:MGI Symbol;Acc:MGI:95411]",-0.407375717506934
"Smad3",-0.35544961150055,0.0550305315602109,-0.458490233372369,0.0909135596180853,"SMAD family member 3 [Source:MGI Symbol;Acc:MGI:1201674]",-0.406969922436459
"Parp9",-0.441421589852975,0.157333502317509,-0.36747554837508,0.309350826127146,"poly (ADP-ribose) polymerase family, member 9 [Source:MGI Symbol;Acc:MGI:1933117]",-0.404448569114027
"Col4a3",-0.606312031185542,0.17676497423367,-0.199557329340126,0.732980333418796,"collagen, type IV, alpha 3 [Source:MGI Symbol;Acc:MGI:104688]",-0.402934680262834
"Lcorl",-0.426491331905193,0.126660046339282,-0.379169097716657,0.241107405137824,"ligand dependent nuclear receptor corepressor-like [Source:MGI Symbol;Acc:MGI:2651932]",-0.402830214810925
"Crebrf",-0.414277312468513,0.0810155074169564,-0.390560819971963,0.179952368138839,"CREB3 regulatory factor [Source:MGI Symbol;Acc:MGI:1924378]",-0.402419066220238
"Siah1b",-0.371284935658003,0.199182053949066,-0.432853030330814,0.207671701037539,"siah E3 ubiquitin protein ligase 1B [Source:MGI Symbol;Acc:MGI:108063]",-0.402068982994409
"Tiam2",-0.43558363239114,0.21211756597366,-0.36831807485055,0.365983608415475,"T cell lymphoma invasion and metastasis 2 [Source:MGI Symbol;Acc:MGI:1344338]",-0.401950853620845
"Klf3",-0.41312452143684,0.134023987008241,-0.389965488505635,0.228319018180083,"Kruppel-like transcription factor 3 (basic) [Source:MGI Symbol;Acc:MGI:1342773]",-0.401545004971237
"Cd2ap",-0.356956594999145,0.246871896374452,-0.443558976462767,0.229360424372913,"CD2-associated protein [Source:MGI Symbol;Acc:MGI:1330281]",-0.400257785730956
"Lox",-0.477510189983242,0.172448804027458,-0.32224935606861,0.436772705962944,"lysyl oxidase [Source:MGI Symbol;Acc:MGI:96817]",-0.399879773025926
"Cd226",-0.278522747365182,0.390640628120157,-0.51828259475917,0.192162323269413,"CD226 antigen [Source:MGI Symbol;Acc:MGI:3039602]",-0.398402671062176
"Phactr4",-0.358730484700122,0.0985292704971567,-0.437004725249262,0.162729965916785,"phosphatase and actin regulator 4 [Source:MGI Symbol;Acc:MGI:2140327]",-0.397867604974692
"Chm",-0.429299996189793,0.11389869003171,-0.363836965484956,0.247668502349829,"CHM Rab escort protein [Source:MGI Symbol;Acc:MGI:892979]",-0.396568480837375
"Tnks",-0.475956830347858,0.119453542363575,-0.316700464985362,0.367213131178255,"tankyrase, TRF1-interacting ankyrin-related ADP-ribose polymerase [Source:MGI Symbol;Acc:MGI:1341087]",-0.39632864766661
"Tfcp2l1",-0.461168729263533,0.107790828445063,-0.331340932090825,0.316936056067264,"transcription factor CP2-like 1 [Source:MGI Symbol;Acc:MGI:2444691]",-0.396254830677179
"Chrm4",-0.266870986994944,0.497750127227184,-0.523477615200938,0.241107405137824,"cholinergic receptor, muscarinic 4 [Source:MGI Symbol;Acc:MGI:88399]",-0.395174301097941
"Luzp1",-0.3191118200374,0.310209000106472,-0.468723155418578,0.21186723496183,"leucine zipper protein 1 [Source:MGI Symbol;Acc:MGI:107629]",-0.393917487727989
"Slc22a5",-0.39051002665946,0.239850289995772,-0.394113453575987,0.310592595688892,"solute carrier family 22 (organic cation transporter), member 5 [Source:MGI Symbol;Acc:MGI:1329012]",-0.392311740117724
"Nr3c2",-0.385712921349047,0.216185837533539,-0.396396515142319,0.27491413115495,"nuclear receptor subfamily 3, group C, member 2 [Source:MGI Symbol;Acc:MGI:99459]",-0.391054718245683
"Col4a6",-0.50451801718537,0.134034083961912,-0.276605269957819,0.486166367426787,"collagen, type IV, alpha 6 [Source:MGI Symbol;Acc:MGI:2152695]",-0.390561643571595
"Myo7b",-0.429125315921765,0.23663971716794,-0.351920649748744,0.411806201637451,"myosin VIIB [Source:MGI Symbol;Acc:MGI:107709]",-0.390522982835254
"Bmp5",-0.504201432618194,0.233009250399637,-0.276843978480637,0.595523788960314,"bone morphogenetic protein 5 [Source:MGI Symbol;Acc:MGI:88181]",-0.390522705549415
"Scube1",-0.467316158872156,0.102901880308683,-0.313505050133894,0.345995513125376,"signal peptide, CUB domain, EGF-like 1 [Source:MGI Symbol;Acc:MGI:1890616]",-0.390410604503025
"Suv420h1",-0.381179202034672,0.08098507849336,-0.395316837169563,0.162729965916785,NA,-0.388248019602118
"Tet2",-0.418090105368682,0.036205983420747,-0.358372127083061,0.162729965916785,"tet methylcytosine dioxygenase 2 [Source:MGI Symbol;Acc:MGI:2443298]",-0.388231116225871
"Fcho2",-0.366001863698979,0.143474317490944,-0.410329386210524,0.186758832261382,"FCH domain only 2 [Source:MGI Symbol;Acc:MGI:3505790]",-0.388165624954751
"Usp3",-0.46915103766079,0.00371241197238064,-0.306621768591082,0.162729965916785,"ubiquitin specific peptidase 3 [Source:MGI Symbol;Acc:MGI:2152450]",-0.387886403125936
"Osbpl1a",-0.462510138064849,0.0420972455708944,-0.309327701923065,0.231000115785735,"oxysterol binding protein-like 1A [Source:MGI Symbol;Acc:MGI:1927551]",-0.385918919993957
"Rapgef2",-0.425110790346822,0.0801610982178077,-0.346357956461728,0.222427501867681,"Rap guanine nucleotide exchange factor (GEF) 2 [Source:MGI Symbol;Acc:MGI:2659071]",-0.385734373404275
"Pank3",-0.404778802204865,0.20275336058526,-0.366596788072024,0.321642288461838,"pantothenate kinase 3 [Source:MGI Symbol;Acc:MGI:2387464]",-0.385687795138445
"Farp2",-0.380225570775859,0.176218026610376,-0.390616838412401,0.237457936856267,"FERM, RhoGEF and pleckstrin domain protein 2 [Source:MGI Symbol;Acc:MGI:2385126]",-0.38542120459413
"Gosr1",-0.338186268028306,0.140072905671792,-0.428483586648499,0.162729965916785,"golgi SNAP receptor complex member 1 [Source:MGI Symbol;Acc:MGI:1858260]",-0.383334927338402
"Nbeal1",-0.365002288713127,0.198027254742777,-0.40106426162578,0.232425635551197,"neurobeachin like 1 [Source:MGI Symbol;Acc:MGI:2444343]",-0.383033275169454
"Exph5",-0.367967830612538,0.233270064532556,-0.397773254065196,0.268635117695908,"exophilin 5 [Source:MGI Symbol;Acc:MGI:2443248]",-0.382870542338867
"Trim13",-0.446950772697112,0.0426991101671376,-0.317593386489505,0.207671701037539,"tripartite motif-containing 13 [Source:MGI Symbol;Acc:MGI:1913847]",-0.382272079593309
"Ccnyl1",-0.384315038040281,0.148985361072157,-0.37965850958776,0.228319018180083,"cyclin Y-like 1 [Source:MGI Symbol;Acc:MGI:2138614]",-0.38198677381402
"Zfp729b",-0.403983942605729,0.182426614281245,-0.358531595977103,0.309930449613485,"zinc finger protein 729b [Source:MGI Symbol;Acc:MGI:2145180]",-0.381257769291416
"Camk2d",-0.347606289424954,0.156415524966828,-0.41464444753706,0.173014444485906,"calcium/calmodulin-dependent protein kinase II, delta [Source:MGI Symbol;Acc:MGI:1341265]",-0.381125368481007
"Atp8b1",-0.410010409138855,0.200029998543803,-0.348185254500135,0.353735494001371,"ATPase, class I, type 8B, member 1 [Source:MGI Symbol;Acc:MGI:1859665]",-0.379097831819495
"A530099J19Rik",-0.467433645741002,0.245818873544123,-0.290414414835807,0.556030111327246,NA,-0.378924030288404
"Zcchc6",-0.36943424987456,0.124941507690441,-0.388314761774331,0.190217882470592,NA,-0.378874505824445
"Hipk2",-0.469122953267979,0.0543776922642305,-0.2883047215404,0.300254479909659,"homeodomain interacting protein kinase 2 [Source:MGI Symbol;Acc:MGI:1314872]",-0.37871383740419
"Pafah1b1",-0.378498599762585,0.120440486618652,-0.378693528118386,0.197718212882542,"platelet-activating factor acetylhydrolase, isoform 1b, subunit 1 [Source:MGI Symbol;Acc:MGI:109520]",-0.378596063940486
"Adamts19",-0.526877877208383,0.150795375768762,-0.229076880705102,0.608113935000565,"ADAM metallopeptidase with thrombospondin type 1 motif 19 [Source:MGI Symbol;Acc:MGI:2442875]",-0.377977378956742
"Plekha1",-0.39120983959054,0.0914314997533151,-0.362938284885219,0.197718212882542,"pleckstrin homology domain containing, family A (phosphoinositide binding specific) member 1 [Source:MGI Symbol;Acc:MGI:2442213]",-0.37707406223788
"Zfp711",-0.433376519890064,0.0667709171081684,-0.318517331221807,0.239343773696918,"zinc finger protein 711 [Source:MGI Symbol;Acc:MGI:3045342]",-0.375946925555935
"Tfpi2",-0.409945872166456,0.19318163594187,-0.340553705932099,0.354448014534687,"tissue factor pathway inhibitor 2 [Source:MGI Symbol;Acc:MGI:108543]",-0.375249789049278
"Plxna2",-0.301303087581606,0.318424530643913,-0.448504806223876,0.213612856433393,"plexin A2 [Source:MGI Symbol;Acc:MGI:107684]",-0.374903946902741
"Gclm",-0.368807176702313,0.173629996102783,-0.379435078897036,0.235827948988171,"glutamate-cysteine ligase, modifier subunit [Source:MGI Symbol;Acc:MGI:104995]",-0.374121127799674
"Chd9",-0.328750559387773,0.157346119258705,-0.415439810619546,0.168155026440401,"chromodomain helicase DNA binding protein 9 [Source:MGI Symbol;Acc:MGI:1924001]",-0.372095185003659
"Ptpre",-0.421528777968221,0.148047153247815,-0.321596735524744,0.343367779131683,"protein tyrosine phosphatase receptor type E [Source:MGI Symbol;Acc:MGI:97813]",-0.371562756746483
"Nrip1",-0.378387904134115,0.0592048685515099,-0.364719314379224,0.162729965916785,"nuclear receptor interacting protein 1 [Source:MGI Symbol;Acc:MGI:1315213]",-0.371553609256669
"Slc30a4",-0.360782366548368,0.224488626911873,-0.382180643545796,0.268635117695908,"solute carrier family 30 (zinc transporter), member 4 [Source:MGI Symbol;Acc:MGI:1345282]",-0.371481505047082
"Igsf10",-0.540026126873433,0.157726814701846,-0.202774267624496,0.678375528322215,"immunoglobulin superfamily, member 10 [Source:MGI Symbol;Acc:MGI:1923481]",-0.371400197248965
"Rundc3b",-0.404020462480656,0.125817352290718,-0.338253438926488,0.26591226200342,"RUN domain containing 3B [Source:MGI Symbol;Acc:MGI:2685286]",-0.371136950703572
"Mapk8",-0.406817670041566,0.074834547410225,-0.332899231097831,0.209554703873982,"mitogen-activated protein kinase 8 [Source:MGI Symbol;Acc:MGI:1346861]",-0.369858450569698
"Gab1",-0.401656159793172,0.0648209591146937,-0.337434269635552,0.197718212882542,"growth factor receptor bound protein 2-associated protein 1 [Source:MGI Symbol;Acc:MGI:108088]",-0.369545214714362
"Nr2c2",-0.416340878650993,0.100672075610032,-0.322493813875213,0.272732756067333,"nuclear receptor subfamily 2, group C, member 2 [Source:MGI Symbol;Acc:MGI:1352466]",-0.369417346263103
"Kif16b",-0.3886981492029,0.0887494168047626,-0.350064877478232,0.198636638967883,"kinesin family member 16B [Source:MGI Symbol;Acc:MGI:1098240]",-0.369381513340566
"Slc5a6",-0.431493163221316,0.210655111739078,-0.306532432349113,0.454539371018165,"solute carrier family 5 (sodium-dependent vitamin transporter), member 6 [Source:MGI Symbol;Acc:MGI:2660847]",-0.369012797785214
"Zfp458",-0.391184862369753,0.130620088622396,-0.346823550438905,0.244445160818948,"zinc finger protein 458 [Source:MGI Symbol;Acc:MGI:3040691]",-0.369004206404329
"Tmem106b",-0.346481941204006,0.178592923623573,-0.390299611112672,0.207041265355528,"transmembrane protein 106B [Source:MGI Symbol;Acc:MGI:1919150]",-0.368390776158339
"Specc1",-0.342817633801613,0.24313722352837,-0.393730206244531,0.252174484327694,"sperm antigen with calponin homology and coiled-coil domains 1 [Source:MGI Symbol;Acc:MGI:2442356]",-0.368273920023072
"Gls",-0.410047527805396,0.177679965465482,-0.326392015075824,0.357744246180643,"glutaminase [Source:MGI Symbol;Acc:MGI:95752]",-0.36821977144061
"Lnpep",-0.403785010137269,0.238656938471892,-0.331331319540154,0.4134045866527,"leucyl/cystinyl aminopeptidase [Source:MGI Symbol;Acc:MGI:2387123]",-0.367558164838712
"Gdf6",-0.669152517150748,0.119306354617922,-0.0654374970808323,0.917408365182432,"growth differentiation factor 6 [Source:MGI Symbol;Acc:MGI:95689]",-0.36729500711579
"Abhd2",-0.382418825073053,0.157333502317509,-0.352104993406819,0.26246080113979,"abhydrolase domain containing 2 [Source:MGI Symbol;Acc:MGI:1914344]",-0.367261909239936
"Ptgs2",-0.444351822876679,0.165409079337366,-0.289506998929846,0.444266370248315,"prostaglandin-endoperoxide synthase 2 [Source:MGI Symbol;Acc:MGI:97798]",-0.366929410903262
"Cat",-0.436910570284352,0.120064409939546,-0.29650946081489,0.360872249351824,"catalase [Source:MGI Symbol;Acc:MGI:88271]",-0.366710015549621
"Hao2",-0.194720380048514,0.572672141259365,-0.535242243834494,0.192120861630439,"hydroxyacid oxidase 2 [Source:MGI Symbol;Acc:MGI:96012]",-0.364981311941504
"Slc4a4",-0.414112338920054,0.216256171349305,-0.31013704798231,0.436246174953756,"solute carrier family 4 (anion exchanger), member 4 [Source:MGI Symbol;Acc:MGI:1927555]",-0.362124693451182
"Cep350",-0.382189075695195,0.0868994793712105,-0.339319218564887,0.201114687357286,"centrosomal protein 350 [Source:MGI Symbol;Acc:MGI:1921331]",-0.360754147130041
"Arnt2",-0.39942390968778,0.155300534610787,-0.320986841915185,0.322134779362431,"aryl hydrocarbon receptor nuclear translocator 2 [Source:MGI Symbol;Acc:MGI:107188]",-0.360205375801482
"Ptprj",-0.248637561599856,0.365896876702588,-0.47152077386885,0.168155026440401,"protein tyrosine phosphatase receptor type J [Source:MGI Symbol;Acc:MGI:104574]",-0.360079167734353
"Lactb2",-0.303606920170732,0.178592923623573,-0.415166974417784,0.162729965916785,"lactamase, beta 2 [Source:MGI Symbol;Acc:MGI:2442551]",-0.359386947294258
"Slc29a3",-0.437123212197261,0.179901605742349,-0.281268746224672,0.46849180147199,"solute carrier family 29 (nucleoside transporters), member 3 [Source:MGI Symbol;Acc:MGI:1918529]",-0.359195979210967
"Hsd17b7",-0.305146699227072,0.314388525210093,-0.411532973937187,0.247888508935242,"hydroxysteroid (17-beta) dehydrogenase 7 [Source:MGI Symbol;Acc:MGI:1330808]",-0.35833983658213
"Asap1",-0.331317905521371,0.182725525017767,-0.384733351088067,0.201419812306738,"ArfGAP with SH3 domain, ankyrin repeat and PH domain1 [Source:MGI Symbol;Acc:MGI:1342335]",-0.358025628304719
"Tnfaip6",-0.419239515905111,0.238588853571232,-0.293196347660888,0.488946333550104,"tumor necrosis factor alpha induced protein 6 [Source:MGI Symbol;Acc:MGI:1195266]",-0.356217931782999
"Abi3bp",-0.259100754322125,0.370887653116975,-0.452509772475745,0.197718212882542,"ABI family member 3 binding protein [Source:MGI Symbol;Acc:MGI:2444583]",-0.355805263398935
"Gm5431",-0.454268292751799,0.201584223570502,-0.255692203098223,0.556921355871507,"predicted gene 5431 [Source:MGI Symbol;Acc:MGI:3645205]",-0.354980247925011
"Slc22a23",-0.281875154350252,0.363060201286999,-0.428007995945668,0.236615362214997,"solute carrier family 22, member 23 [Source:MGI Symbol;Acc:MGI:1920352]",-0.35494157514796
"Hivep1",-0.409298196053339,0.0551344546054595,-0.300549241154556,0.228319018180083,"human immunodeficiency virus type I enhancer binding protein 1 [Source:MGI Symbol;Acc:MGI:96100]",-0.354923718603948
"Rbm33",-0.420196000621993,0.0327906244937893,-0.289357813245828,0.19234002298932,"RNA binding motif protein 33 [Source:MGI Symbol;Acc:MGI:1919670]",-0.354776906933911
"Clcn1",-0.519714825741129,0.100672075610032,-0.188618061815012,0.624584270891242,"chloride channel, voltage-sensitive 1 [Source:MGI Symbol;Acc:MGI:88417]",-0.35416644377807
"Stam2",-0.373761251874499,0.124660506690756,-0.334060346258801,0.237558527911579,"signal transducing adaptor molecule (SH3 domain and ITAM motif) 2 [Source:MGI Symbol;Acc:MGI:1929100]",-0.35391079906665
"Zmynd15",-0.550969152281168,0.0415263346206187,-0.155877021894102,0.623727203989416,"zinc finger, MYND-type containing 15 [Source:MGI Symbol;Acc:MGI:3603821]",-0.353423087087635
"Tmeff2",-0.116813377190918,0.794097021372192,-0.589616231280146,0.207671701037539,"transmembrane protein with EGF-like and two follistatin-like domains 2 [Source:MGI Symbol;Acc:MGI:1861735]",-0.353214804235532
"Map4k3",-0.333808912339618,0.145483955065029,-0.372589652532308,0.190217882470592,"mitogen-activated protein kinase kinase kinase kinase 3 [Source:MGI Symbol;Acc:MGI:2154405]",-0.353199282435963
"Tmem131",-0.364316196376943,0.0654948145759091,-0.340673783303049,0.168155026440401,"transmembrane protein 131 [Source:MGI Symbol;Acc:MGI:1927110]",-0.352494989839996
"Fchsd1",-0.351782516267598,0.120804306770551,-0.352276438251844,0.197718212882542,"FCH and double SH3 domains 1 [Source:MGI Symbol;Acc:MGI:2441771]",-0.352029477259721
"Usp12",-0.337556285890334,0.197263239959216,-0.364985523427334,0.237126720724625,"ubiquitin specific peptidase 12 [Source:MGI Symbol;Acc:MGI:1270128]",-0.351270904658834
"Apc",-0.332285112303219,0.178942455304392,-0.369929075978216,0.207671701037539,"APC, WNT signaling pathway regulator [Source:MGI Symbol;Acc:MGI:88039]",-0.351107094140718
"Chdh",-0.395245824671125,0.198594886703573,-0.305877704710284,0.395378230110162,"choline dehydrogenase [Source:MGI Symbol;Acc:MGI:1860776]",-0.350561764690705
"Ep300",-0.306561196595928,0.244138490496527,-0.392929483792809,0.21186723496183,"E1A binding protein p300 [Source:MGI Symbol;Acc:MGI:1276116]",-0.349745340194369
"Vps4b",-0.374252273688131,0.119818768230947,-0.324447107297714,0.242908617964919,"vacuolar protein sorting 4B [Source:MGI Symbol;Acc:MGI:1100499]",-0.349349690492923
"Appl2",-0.370000190110547,0.0445969496299449,-0.324384375511979,0.163493285359627,"adaptor protein, phosphotyrosine interaction, PH domain and leucine zipper containing 2 [Source:MGI Symbol;Acc:MGI:2384914]",-0.347192282811263
"Slc4a10",-0.583278460834464,0.225459487275103,-0.111075725726498,0.873230385060489,"solute carrier family 4, sodium bicarbonate cotransporter-like, member 10 [Source:MGI Symbol;Acc:MGI:2150150]",-0.347177093280481
"Trim14",-0.395849707051672,0.0767660446097338,-0.297860592450979,0.244000744481342,"tripartite motif-containing 14 [Source:MGI Symbol;Acc:MGI:1921985]",-0.346855149751325
"Kif27",-0.453222945978122,0.231933095334606,-0.240375216472479,0.60842212528281,"kinesin family member 27 [Source:MGI Symbol;Acc:MGI:1922300]",-0.346799081225301
"Tenm3",-0.450838412165897,0.0961581984238455,-0.240722691628318,0.451915903123506,"teneurin transmembrane protein 3 [Source:MGI Symbol;Acc:MGI:1345183]",-0.345780551897107
"Fbxl3",-0.386516565310661,0.134089722622777,-0.301625841772805,0.309350826127146,"F-box and leucine-rich repeat protein 3 [Source:MGI Symbol;Acc:MGI:1354702]",-0.344071203541733
"Btbd7",-0.347978924800554,0.182426614281245,-0.339720824758982,0.264708507942624,"BTB domain containing 7 [Source:MGI Symbol;Acc:MGI:1917858]",-0.343849874779768
"Kdm6a",-0.35323742006341,0.0773319892498479,-0.332977632638581,0.173014444485906,"lysine (K)-specific demethylase 6A [Source:MGI Symbol;Acc:MGI:1095419]",-0.343107526350996
"Jarid2",-0.266097239670261,0.177462141764794,-0.419942054565756,0.162729965916785,"jumonji and AT-rich interaction domain containing 2 [Source:MGI Symbol;Acc:MGI:104813]",-0.343019647118008
"Med13",-0.339282267356008,0.162654415664457,-0.345464608538748,0.229360424372913,"mediator complex subunit 13 [Source:MGI Symbol;Acc:MGI:3029632]",-0.342373437947378
"Dennd5b",-0.365245673191568,0.0845859547108846,-0.316042089398278,0.206468182651916,"DENN domain containing 5B [Source:MGI Symbol;Acc:MGI:2444273]",-0.340643881294923
"Ankib1",-0.321644071839817,0.169428196740454,-0.359409248072928,0.203415379930787,"ankyrin repeat and IBR domain containing 1 [Source:MGI Symbol;Acc:MGI:1918047]",-0.340526659956373
"Gabpa",-0.348796959998696,0.0942666554574368,-0.328937375587653,0.197718212882542,"GA repeat binding protein, alpha [Source:MGI Symbol;Acc:MGI:95610]",-0.338867167793174
"Ppl",-0.385460390534596,0.100672075610032,-0.291925344953395,0.283764756059635,"periplakin [Source:MGI Symbol;Acc:MGI:1194898]",-0.338692867743996
"Pcyt1a",-0.436502717836955,0.233419998602594,-0.240311082787161,0.595396328995733,"phosphate cytidylyltransferase 1, choline, alpha isoform [Source:MGI Symbol;Acc:MGI:88557]",-0.338406900312058
"Fgl2",-0.326885738693698,0.205964836500723,-0.349733519152253,0.247721926369743,"fibrinogen-like protein 2 [Source:MGI Symbol;Acc:MGI:103266]",-0.338309628922976
"Dcun1d1",-0.354188622363437,0.101990251767261,-0.322293537764596,0.207671701037539,"defective in cullin neddylation 1 domain containing 1 [Source:MGI Symbol;Acc:MGI:2150386]",-0.338241080064017
"Pdcd6ip",-0.358330987395777,0.155430429191026,-0.317244742371061,0.277426574184832,"programmed cell death 6 interacting protein [Source:MGI Symbol;Acc:MGI:1333753]",-0.337787864883419
"Ptprf",-0.328649887687786,0.237661881616388,-0.345843193371003,0.286988163919937,"protein tyrosine phosphatase receptor type F [Source:MGI Symbol;Acc:MGI:102695]",-0.337246540529395
"Zfp975",-0.411192626013429,0.142238084906769,-0.263028287645845,0.421859308954965,"zinc finger protein 975 [Source:MGI Symbol;Acc:MGI:3648690]",-0.337110456829637
"Brwd3",-0.333773855644322,0.189716589852365,-0.340271589364804,0.251718724581775,"bromodomain and WD repeat domain containing 3 [Source:MGI Symbol;Acc:MGI:3029414]",-0.337022722504563
"Cmpk1",-0.373975654799348,0.148988459883875,-0.299818598987964,0.316936056067264,"cytidine/uridine monophosphate kinase 1 [Source:MGI Symbol;Acc:MGI:1913838]",-0.336897126893656
"Samd8",-0.466404147609828,0.120625188117092,-0.207300158622444,0.565788109560117,"sterile alpha motif domain containing 8 [Source:MGI Symbol;Acc:MGI:1914880]",-0.336852153116136
"March7",-0.412500310782359,0.0327906244937893,-0.259759469841571,0.214305684485761,NA,-0.336129890311965
"Capza2",-0.319031402691498,0.158845131453376,-0.352551760058119,0.198636638967883,"capping actin protein of muscle Z-line subunit alpha 2 [Source:MGI Symbol;Acc:MGI:106222]",-0.335791581374808
"Zmym5",-0.345596547717824,0.110790499959982,-0.32473807977418,0.207628963006614,"zinc finger, MYM-type 5 [Source:MGI Symbol;Acc:MGI:3041170]",-0.335167313746002
"Dyrk1a",-0.355170315418461,0.0498954953893586,-0.314307810817901,0.168155026440401,"dual-specificity tyrosine phosphorylation regulated kinase 1a [Source:MGI Symbol;Acc:MGI:1330299]",-0.334739063118181
"Ccdc85c",-0.342582731890106,0.199182053949066,-0.326100336417827,0.294765491801212,"coiled-coil domain containing 85C [Source:MGI Symbol;Acc:MGI:3644008]",-0.334341534153967
"BC016579",-0.348063851712421,0.179058916646396,-0.319258523034142,0.2893266274348,"cDNA sequence, BC016579 [Source:MGI Symbol;Acc:MGI:2384848]",-0.333661187373281
"Setx",-0.373481978736002,0.0943193160409218,-0.293409569516699,0.257683469022333,"senataxin [Source:MGI Symbol;Acc:MGI:2443480]",-0.33344577412635
"Slc25a36",-0.437696091800661,0.0940681903351355,-0.228784993110923,0.458911922354632,"solute carrier family 25, member 36 [Source:MGI Symbol;Acc:MGI:1924909]",-0.333240542455792
"Gm340",-0.329195982458445,0.0940093371053845,-0.336988073494753,0.168155026440401,NA,-0.333092027976599
"Snap23",-0.332786767746634,0.107846422519868,-0.332898343487222,0.192162323269413,"synaptosomal-associated protein 23 [Source:MGI Symbol;Acc:MGI:109356]",-0.332842555616928
"Robo1",-0.45264729253982,0.0926886266078124,-0.21043045796688,0.51048483265987,"roundabout guidance receptor 1 [Source:MGI Symbol;Acc:MGI:1274781]",-0.33153887525335
"Cachd1",-0.210596888818425,0.396696743514641,-0.452303704618255,0.162729965916785,"cache domain containing 1 [Source:MGI Symbol;Acc:MGI:2444177]",-0.33145029671834
"Acadm",-0.38713624372685,0.078538359665001,-0.275347790338107,0.272738873495978,"acyl-Coenzyme A dehydrogenase, medium chain [Source:MGI Symbol;Acc:MGI:87867]",-0.331242017032479
"Snrk",-0.337845776967522,0.0629964431941157,-0.322458880316896,0.163493285359627,"SNF related kinase [Source:MGI Symbol;Acc:MGI:108104]",-0.330152328642209
"Dtx3l",-0.314598347322112,0.247870429039471,-0.343970063568316,0.283366096138098,"deltex 3-like, E3 ubiquitin ligase [Source:MGI Symbol;Acc:MGI:2656973]",-0.329284205445214
"Xrn1",-0.35525573169135,0.122925480641962,-0.303181864650597,0.252174484327694,"5'-3' exoribonuclease 1 [Source:MGI Symbol;Acc:MGI:891964]",-0.329218798170973
"Slc15a4",-0.394334308731113,0.233009250399637,-0.263510981172225,0.506928333250582,"solute carrier family 15, member 4 [Source:MGI Symbol;Acc:MGI:2140796]",-0.328922644951669
"Arhgap21",-0.364429087622664,0.0969360711137465,-0.293043737649309,0.251172491916867,"Rho GTPase activating protein 21 [Source:MGI Symbol;Acc:MGI:1918685]",-0.328736412635987
"Dennd1b",-0.355216580759275,0.161234337829146,-0.301967227446343,0.303755691554156,"DENN domain containing 1B [Source:MGI Symbol;Acc:MGI:2447812]",-0.328591904102809
"Egfr",-0.313375305687017,0.136425267665587,-0.343295413331353,0.186758832261382,"epidermal growth factor receptor [Source:MGI Symbol;Acc:MGI:95294]",-0.328335359509185
"Rp2",-0.278324661021003,0.284362995199924,-0.376770683781826,0.226493041926507,"retinitis pigmentosa 2 homolog [Source:MGI Symbol;Acc:MGI:1277953]",-0.327547672401414
"Capza1",-0.384630880575673,0.0940865060433256,-0.268807214208821,0.31305811096357,"capping actin protein of muscle Z-line subunit alpha 1 [Source:MGI Symbol;Acc:MGI:106227]",-0.326719047392247
"2010315B03Rik",-0.380129162422365,0.0538747353192554,-0.273044226649637,0.231000115785735,"RIKEN cDNA 2010315B03 gene [Source:MGI Symbol;Acc:MGI:1919321]",-0.326586694536001
"Dennd4c",-0.291680252082444,0.252440496986479,-0.359804457570198,0.235827948988171,"DENN domain containing 4C [Source:MGI Symbol;Acc:MGI:1914769]",-0.325742354826321
"Arcn1",-0.355952653299016,0.169238765796178,-0.291710237287979,0.332462083259393,"archain 1 [Source:MGI Symbol;Acc:MGI:2387591]",-0.323831445293497
"Impg2",-0.0276620610114814,0.959566955473417,-0.618980317904294,0.226105015348892,"interphotoreceptor matrix proteoglycan 2 [Source:MGI Symbol;Acc:MGI:3044955]",-0.323321189457888
"Adamts6",-0.471660949275817,0.197788077286825,-0.173324472065315,0.718803254910976,"ADAM metallopeptidase with thrombospondin type 1 motif 6 [Source:MGI Symbol;Acc:MGI:1347348]",-0.322492710670566
"Phactr2",-0.282338402869176,0.155058356770276,-0.359896155442103,0.162729965916785,"phosphatase and actin regulator 2 [Source:MGI Symbol;Acc:MGI:2446138]",-0.321117279155639
"Mertk",-0.407613311435792,0.216185837533539,-0.234033392804855,0.561224366220582,"MER proto-oncogene tyrosine kinase [Source:MGI Symbol;Acc:MGI:96965]",-0.320823352120323
"Hspa4l",-0.262125763645077,0.190615735123234,-0.379455339966494,0.162729965916785,"heat shock protein 4 like [Source:MGI Symbol;Acc:MGI:107422]",-0.320790551805786
"Dpf3",-0.341015877438344,0.206506007955694,-0.300503781429312,0.343367779131683,"double PHD fingers 3 [Source:MGI Symbol;Acc:MGI:1917377]",-0.320759829433828
"Hmgcr",-0.329584937423091,0.210883889258882,-0.311370962109331,0.31131220405919,"3-hydroxy-3-methylglutaryl-Coenzyme A reductase [Source:MGI Symbol;Acc:MGI:96159]",-0.320477949766211
"Rps6ka3",-0.287821100416384,0.199872064909066,-0.352766017613594,0.19780822646691,"ribosomal protein S6 kinase polypeptide 3 [Source:MGI Symbol;Acc:MGI:104557]",-0.320293559014989
"Bdkrb2",-0.423923673221489,0.247713116056061,-0.215879116444728,0.64093055133487,"bradykinin receptor, beta 2 [Source:MGI Symbol;Acc:MGI:102845]",-0.319901394833108
"Ppara",-0.421611905072933,0.166378292051298,-0.217648027415634,0.558034319390296,"peroxisome proliferator activated receptor alpha [Source:MGI Symbol;Acc:MGI:104740]",-0.319629966244284
"Zfp445",-0.362393208934032,0.201094122090554,-0.275897990605263,0.407846460515214,"zinc finger protein 445 [Source:MGI Symbol;Acc:MGI:2143340]",-0.319145599769648
"Lmtk2",-0.280824086589168,0.284362995199924,-0.356588672793177,0.247668502349829,"lemur tyrosine kinase 2 [Source:MGI Symbol;Acc:MGI:3036247]",-0.318706379691173
"Hsd11b1",-0.388901898722084,0.0940681903351355,-0.245883307178068,0.36141122725137,"hydroxysteroid 11-beta dehydrogenase 1 [Source:MGI Symbol;Acc:MGI:103562]",-0.317392602950076
"Daam1",-0.251385562808411,0.266518598511209,-0.383014205966085,0.178865327324324,"dishevelled associated activator of morphogenesis 1 [Source:MGI Symbol;Acc:MGI:1914596]",-0.317199884387248
"8030462N17Rik",-0.339488700381872,0.139110430146067,-0.294761710222634,0.264708507942624,NA,-0.317125205302253
"Fam102a",-0.361758035242611,0.205419371672422,-0.272402402461485,0.420726420338312,NA,-0.317080218852048
"Gpatch8",-0.357604789049095,0.033290243932636,-0.276475479569749,0.168155026440401,"G patch domain containing 8 [Source:MGI Symbol;Acc:MGI:1918667]",-0.317040134309422
"Thrb",-0.326153791971409,0.139611251903646,-0.30681681155418,0.235827948988171,"thyroid hormone receptor beta [Source:MGI Symbol;Acc:MGI:98743]",-0.316485301762794
"Nxt2",-0.347829761012162,0.112518791865223,-0.284626645414937,0.261839233258482,"nuclear transport factor 2-like export factor 2 [Source:MGI Symbol;Acc:MGI:2147914]",-0.316228203213549
"Rb1",-0.345719031823216,0.119945638618254,-0.286416421259179,0.263409926248979,"RB transcriptional corepressor 1 [Source:MGI Symbol;Acc:MGI:97874]",-0.316067726541198
"Ston1",-0.405908787711191,0.214982385492677,-0.225441245724231,0.573804069049727,"stonin 1 [Source:MGI Symbol;Acc:MGI:1924307]",-0.315675016717711
"Usp9x",-0.286329705315635,0.180572622397211,-0.343342485445663,0.19444221244791,"ubiquitin specific peptidase 9, X chromosome [Source:MGI Symbol;Acc:MGI:894681]",-0.314836095380649
"Jak2",-0.347844572930814,0.172310976175904,-0.281020308378031,0.344109299697969,"Janus kinase 2 [Source:MGI Symbol;Acc:MGI:96629]",-0.314432440654422
"4932438A13Rik",-0.319584849059932,0.124301891504331,-0.309068270009857,0.207671701037539,NA,-0.314326559534895
"Braf",-0.347655023436293,0.0659768107140516,-0.280869190549544,0.207041265355528,"Braf transforming gene [Source:MGI Symbol;Acc:MGI:88190]",-0.314262106992919
"Zbtb43",-0.342788170964305,0.074234397818018,-0.284684413512428,0.207041265355528,"zinc finger and BTB domain containing 43 [Source:MGI Symbol;Acc:MGI:1919084]",-0.313736292238367
"Vash2",-0.30767791208478,0.238178763122978,-0.319713708819078,0.292951746685665,"vasohibin 2 [Source:MGI Symbol;Acc:MGI:2444826]",-0.313695810451929
"Fndc3a",-0.292389340966746,0.195007548414031,-0.334820726891686,0.211391781965426,"fibronectin type III domain containing 3A [Source:MGI Symbol;Acc:MGI:1196463]",-0.313605033929216
"Zfp946",-0.297824606636423,0.124941507690441,-0.328420238380628,0.171992875549624,"zinc finger protein 946 [Source:MGI Symbol;Acc:MGI:1921399]",-0.313122422508526
"Mdm4",-0.344955296984884,0.241793705335635,-0.281191772295001,0.421859308954965,"transformed mouse 3T3 cell double minute 4 [Source:MGI Symbol;Acc:MGI:107934]",-0.313073534639942
"Kdm7a",-0.300979413281874,0.155300534610787,-0.324526305069747,0.201971210693124,"lysine (K)-specific demethylase 7A [Source:MGI Symbol;Acc:MGI:2443388]",-0.312752859175811
"Glis3",-0.393481995205238,0.195290518577718,-0.231553739175725,0.525707976537745,"GLIS family zinc finger 3 [Source:MGI Symbol;Acc:MGI:2444289]",-0.312517867190482
"Pkn2",-0.290406218385502,0.142238084906769,-0.334356971394548,0.173014444485906,"protein kinase N2 [Source:MGI Symbol;Acc:MGI:109211]",-0.312381594890025
"Trpm7",-0.384590926934711,0.0540027496641746,-0.238664538790967,0.293941922194694,"transient receptor potential cation channel, subfamily M, member 7 [Source:MGI Symbol;Acc:MGI:1929996]",-0.311627732862839
"Fgd6",-0.246320661928992,0.262242316457435,-0.376722536008267,0.173466961858323,"FYVE, RhoGEF and PH domain containing 6 [Source:MGI Symbol;Acc:MGI:1261419]",-0.31152159896863
"Npc1",-0.383015956628242,0.074234397818018,-0.237953901294507,0.330375447053394,"NPC intracellular cholesterol transporter 1 [Source:MGI Symbol;Acc:MGI:1097712]",-0.310484928961374
"Zfp677",-0.317582315442985,0.219017592753728,-0.303186171255075,0.314590366650023,"zinc finger protein 677 [Source:MGI Symbol;Acc:MGI:3053207]",-0.31038424334903
"Trim30a",-0.419164638684761,0.214006857627852,-0.201346025190398,0.631251887826068,"tripartite motif-containing 30A [Source:MGI Symbol;Acc:MGI:98178]",-0.310255331937579
"Zfp385b",-0.197529147941175,0.475416983592748,-0.422212628255036,0.197718212882542,"zinc finger protein 385B [Source:MGI Symbol;Acc:MGI:2444734]",-0.309870888098105
"Secisbp2l",-0.274216970730312,0.219017592753728,-0.345428344180933,0.201419812306738,"SECIS binding protein 2-like [Source:MGI Symbol;Acc:MGI:1917604]",-0.309822657455622
"Kif13b",-0.297225938796352,0.155259538869467,-0.321974312303532,0.199473004881909,"kinesin family member 13B [Source:MGI Symbol;Acc:MGI:1098265]",-0.309600125549942
"Abcd3",-0.372487719065855,0.215799239331053,-0.245354647234063,0.497178992712377,"ATP-binding cassette, sub-family D member 3 [Source:MGI Symbol;Acc:MGI:1349216]",-0.308921183149959
"Bmper",-0.431620334562617,0.182426614281245,-0.185680533525756,0.647944738377822,"BMP-binding endothelial regulator [Source:MGI Symbol;Acc:MGI:1920480]",-0.308650434044187
"Klhl28",-0.323876428560476,0.233419998602594,-0.292706887225618,0.357744246180643,"kelch-like 28 [Source:MGI Symbol;Acc:MGI:1913939]",-0.308291657893047
"Fkbp5",-0.393644935605699,0.115948816029865,-0.222757047829938,0.447245472105434,"FK506 binding protein 5 [Source:MGI Symbol;Acc:MGI:104670]",-0.308200991717819
"Heca",-0.327671418615291,0.0543776922642305,-0.288674340630535,0.168155026440401,"hdc homolog, cell cycle regulator [Source:MGI Symbol;Acc:MGI:2685715]",-0.308172879622913
"Serac1",-0.235521723278449,0.342410044256398,-0.380515181454835,0.203415379930787,"serine active site containing 1 [Source:MGI Symbol;Acc:MGI:2447813]",-0.308018452366642
"Cdc42bpb",-0.315349549610399,0.165892056955294,-0.300608489141342,0.256319612639767,"CDC42 binding protein kinase beta [Source:MGI Symbol;Acc:MGI:2136459]",-0.30797901937587
"App",-0.317071584724128,0.169398807630153,-0.298859896234375,0.265187953994856,"amyloid beta precursor protein [Source:MGI Symbol;Acc:MGI:88059]",-0.307965740479252
"Epc2",-0.382735049155875,0.0442200713873098,-0.23265281454746,0.274470893311342,"enhancer of polycomb homolog 2 [Source:MGI Symbol;Acc:MGI:1278321]",-0.307693931851667
"Tfdp2",-0.362055234478807,0.0959993985296421,-0.25219337573537,0.316966357517268,"transcription factor Dp 2 [Source:MGI Symbol;Acc:MGI:107167]",-0.307124305107088
"Sema6d",-0.227686896242793,0.379725534539473,-0.385418366656284,0.207671701037539,"sema domain, transmembrane domain (TM), and cytoplasmic domain, (semaphorin) 6D [Source:MGI Symbol;Acc:MGI:2387661]",-0.306552631449538
"Nucb1",-0.34795432821333,0.17038840376767,-0.264060405608043,0.37008265170387,"nucleobindin 1 [Source:MGI Symbol;Acc:MGI:97388]",-0.306007366910687
"Reep3",-0.365732352280612,0.110986615655098,-0.246176875206264,0.355160127563751,"receptor accessory protein 3 [Source:MGI Symbol;Acc:MGI:88930]",-0.305954613743438
"Ddx6",-0.319353312029857,0.201268587063003,-0.291946684605104,0.316936056067264,"DEAD-box helicase 6 [Source:MGI Symbol;Acc:MGI:104976]",-0.305649998317481
"Akap9",-0.271472287964818,0.210945258915196,-0.339604753072403,0.198636638967883,"A kinase anchor protein 9 [Source:MGI Symbol;Acc:MGI:2178217]",-0.305538520518611
"Neo1",-0.346871783792248,0.0985292704971567,-0.262958058544143,0.279491775314347,"neogenin [Source:MGI Symbol;Acc:MGI:1097159]",-0.304914921168196
"Myo1e",-0.254433371672887,0.308516170303617,-0.354920445548314,0.232425635551197,"myosin IE [Source:MGI Symbol;Acc:MGI:106621]",-0.3046769086106
"Tor1aip2",-0.316638255420382,0.249275151292326,-0.292145195897737,0.365925594252758,"torsin A interacting protein 2 [Source:MGI Symbol;Acc:MGI:3582695]",-0.304391725659059
"Hoga1",-0.435304749972013,0.139611251903646,-0.173175004015364,0.632690422110257,"4-hydroxy-2-oxoglutarate aldolase 1 [Source:MGI Symbol;Acc:MGI:1914682]",-0.304239876993688
"Rai14",-0.249953971364214,0.290236667266917,-0.358156449140729,0.207628963006614,"retinoic acid induced 14 [Source:MGI Symbol;Acc:MGI:1922896]",-0.304055210252472
"Zfp518a",-0.305155873884612,0.165347547695046,-0.302728286522744,0.239343773696918,"zinc finger protein 518A [Source:MGI Symbol;Acc:MGI:1919922]",-0.303942080203678
"Tmprss11b",-0.371944669678667,0.200017699099217,-0.235891252454442,0.495171462505764,"transmembrane protease, serine 11B [Source:MGI Symbol;Acc:MGI:2442893]",-0.303917961066554
"Zfp26",-0.377771427690555,0.078118230710345,-0.229689301368706,0.349402827356683,"zinc finger protein 26 [Source:MGI Symbol;Acc:MGI:99173]",-0.30373036452963
"Cask",-0.361402650980068,0.14881451990042,-0.245781547646265,0.398456707182463,"calcium/calmodulin dependent serine protein kinase [Source:MGI Symbol;Acc:MGI:1309489]",-0.303592099313166
"Svep1",-0.31741034582469,0.247763539894684,-0.289510040778169,0.36775783219794,"sushi, von Willebrand factor type A, EGF and pentraxin domain containing 1 [Source:MGI Symbol;Acc:MGI:1928849]",-0.303460193301429
"Spats2l",-0.28851289314937,0.230636964092376,-0.317806577510356,0.259036799675813,"spermatogenesis associated, serine-rich 2-like [Source:MGI Symbol;Acc:MGI:1914448]",-0.303159735329863
"Rcor3",-0.32649620150282,0.0415263346206187,-0.279358966427108,0.162729965916785,"REST corepressor 3 [Source:MGI Symbol;Acc:MGI:2441920]",-0.302927583964964
"Nup98",-0.332468923093608,0.148988459883875,-0.272649203471791,0.3060960413567,"nucleoporin 98 [Source:MGI Symbol;Acc:MGI:109404]",-0.302559063282699
"Trim6",-0.307941058744691,0.237661881616388,-0.295505891918416,0.335374999583311,"tripartite motif-containing 6 [Source:MGI Symbol;Acc:MGI:2137352]",-0.301723475331554
"Ralgps1",-0.279451847144278,0.195925814933329,-0.323493984218655,0.207671701037539,"Ral GEF with PH domain and SH3 binding motif 1 [Source:MGI Symbol;Acc:MGI:1922008]",-0.301472915681467
"Hsd17b4",-0.397247228253581,0.180302915081175,-0.205597761005111,0.571925738968866,"hydroxysteroid (17-beta) dehydrogenase 4 [Source:MGI Symbol;Acc:MGI:105089]",-0.301422494629346
"Mob1b",-0.270735713714053,0.227012816221783,-0.330786738186451,0.216790414556845,"MOB kinase activator 1B [Source:MGI Symbol;Acc:MGI:1915723]",-0.300761225950252
"Pcgf5",-0.325324368675178,0.0843339962775846,-0.27612478578665,0.207671701037539,"polycomb group ring finger 5 [Source:MGI Symbol;Acc:MGI:1923505]",-0.300724577230914
"Acap2",-0.304581972143352,0.108681545830339,-0.296702125020329,0.197718212882542,"ArfGAP with coiled-coil, ankyrin repeat and PH domains 2 [Source:MGI Symbol;Acc:MGI:1925868]",-0.300642048581841
"Sgms1",-0.269846451388159,0.138820610362472,-0.329933453532858,0.162729965916785,"sphingomyelin synthase 1 [Source:MGI Symbol;Acc:MGI:2444110]",-0.299889952460509
"Entpd5",-0.349221826271528,0.233419998602594,-0.249889698545943,0.477359834022042,"ectonucleoside triphosphate diphosphohydrolase 5 [Source:MGI Symbol;Acc:MGI:1321385]",-0.299555762408735
"Dmxl1",-0.324430601442001,0.189716589852365,-0.274096048644669,0.344109299697969,"Dmx-like 1 [Source:MGI Symbol;Acc:MGI:2443926]",-0.299263325043335
"Nedd9",-0.346671161120518,0.036205983420747,-0.251805625427476,0.19234002298932,"neural precursor cell expressed, developmentally down-regulated gene 9 [Source:MGI Symbol;Acc:MGI:97302]",-0.299238393273997
"Cpeb2",-0.289657657594398,0.245393205019221,-0.308625057984153,0.290414071637364,"cytoplasmic polyadenylation element binding protein 2 [Source:MGI Symbol;Acc:MGI:2442640]",-0.299141357789276
"Fbn1",-0.398880265012805,0.178469251901803,-0.198765525841622,0.584145250190206,"fibrillin 1 [Source:MGI Symbol;Acc:MGI:95489]",-0.298822895427214
"Fmo2",-0.397253315797724,0.173531656646686,-0.199535083929245,0.575122913385807,"flavin containing monooxygenase 2 [Source:MGI Symbol;Acc:MGI:1916776]",-0.298394199863484
"Mier1",-0.267670512873948,0.139611251903646,-0.327155050627557,0.162729965916785,"MEIR1 treanscription regulator [Source:MGI Symbol;Acc:MGI:1918398]",-0.297412781750752
"Frs2",-0.321162467785649,0.0910415001860427,-0.273560182598467,0.218958715344851,"fibroblast growth factor receptor substrate 2 [Source:MGI Symbol;Acc:MGI:1100860]",-0.297361325192058
"Ugt2b36",-0.412493761720258,0.218501183617462,-0.181956049690784,0.671556732108799,"UDP glucuronosyltransferase 2 family, polypeptide B36 [Source:MGI Symbol;Acc:MGI:3576103]",-0.297224905705521
"Slc6a6",-0.37234646001651,0.071487313664067,-0.219028893010702,0.354822045820133,"solute carrier family 6 (neurotransmitter transporter, taurine), member 6 [Source:MGI Symbol;Acc:MGI:98488]",-0.295687676513606
"Elf4",-0.269608451739527,0.207160695358672,-0.321230343274139,0.207671701037539,"E74 like ETS transcription factor 4 [Source:MGI Symbol;Acc:MGI:1928377]",-0.295419397506833
"Lipa",-0.272223963082958,0.230221073105231,-0.317643257559557,0.236356866239598,"lysosomal acid lipase A [Source:MGI Symbol;Acc:MGI:96789]",-0.294933610321258
"Mcl1",-0.320722588561459,0.125039362073771,-0.268170421048432,0.265663512036182,"myeloid cell leukemia sequence 1 [Source:MGI Symbol;Acc:MGI:101769]",-0.294446504804945
"Vps13b",-0.327899418535588,0.204536477487382,-0.260897641285372,0.387868539978595,"vacuolar protein sorting 13B [Source:MGI Symbol;Acc:MGI:1916380]",-0.29439852991048
"Rmnd5a",-0.282259534242331,0.178592923623573,-0.305569219872215,0.222040075877265,"required for meiotic nuclear division 5 homolog A [Source:MGI Symbol;Acc:MGI:1915727]",-0.293914377057273
"Itih5",-0.333878156932733,0.214691888107453,-0.253539119083061,0.426716864810086,"inter-alpha-trypsin inhibitor, heavy chain 5 [Source:MGI Symbol;Acc:MGI:1925751]",-0.293708638007897
"Scamp1",-0.340588833221734,0.182725525017767,-0.245855366891322,0.415016838826158,"secretory carrier membrane protein 1 [Source:MGI Symbol;Acc:MGI:1349480]",-0.293222100056528
"4833439L19Rik",-0.346990978544559,0.197767319596619,-0.239309326814817,0.454539371018165,"RIKEN cDNA 4833439L19 gene [Source:MGI Symbol;Acc:MGI:1921162]",-0.293150152679688
"Lrat",-0.438263299286466,0.093655132092896,-0.147630859784537,0.65175722887074,"lecithin-retinol acyltransferase (phosphatidylcholine-retinol-O-acyltransferase) [Source:MGI Symbol;Acc:MGI:1891259]",-0.292947079535501
"Exoc5",-0.263269906675894,0.204345035439654,-0.32240914792422,0.19875382039052,"exocyst complex component 5 [Source:MGI Symbol;Acc:MGI:2145645]",-0.292839527300057
"Slco2a1",-0.317069193726768,0.216978078321622,-0.268407157237628,0.369373027734798,"solute carrier organic anion transporter family, member 2a1 [Source:MGI Symbol;Acc:MGI:1346021]",-0.292738175482198
"Ric1",-0.335279473100628,0.0365218578703975,-0.249332896556589,0.187199151585099,"RAB6A GEF complex partner 1 [Source:MGI Symbol;Acc:MGI:1924893]",-0.292306184828608
"Trappc8",-0.285724547247242,0.178592923623573,-0.297335667529797,0.235827948988171,"trafficking protein particle complex 8 [Source:MGI Symbol;Acc:MGI:2443008]",-0.291530107388519
"Pdgfrb",-0.348721816156996,0.121544254842073,-0.23344500649262,0.367213131178255,"platelet derived growth factor receptor, beta polypeptide [Source:MGI Symbol;Acc:MGI:97531]",-0.291083411324808
"Prkab1",-0.241608071483544,0.173629996102783,-0.340485935587122,0.162729965916785,"protein kinase, AMP-activated, beta 1 non-catalytic subunit [Source:MGI Symbol;Acc:MGI:1336167]",-0.291047003535333
"March6",-0.366208488894287,0.159304996708184,-0.215223277486999,0.486656341838332,NA,-0.290715883190643
"Usp25",-0.311122871216417,0.126932767185752,-0.269313917228041,0.252174484327694,"ubiquitin specific peptidase 25 [Source:MGI Symbol;Acc:MGI:1353655]",-0.290218394222229
"Akap13",-0.284630295617875,0.151972406316233,-0.295763979846068,0.207671701037539,"A kinase anchor protein 13 [Source:MGI Symbol;Acc:MGI:2676556]",-0.290197137731972
"Ubap1",-0.316583671784915,0.129039884424469,-0.26348086139348,0.271384687186805,"ubiquitin-associated protein 1 [Source:MGI Symbol;Acc:MGI:2149543]",-0.290032266589197
"Tle3",-0.236950264286861,0.339444499436188,-0.343102257727038,0.237558527911579,"transducin-like enhancer of split 3 [Source:MGI Symbol;Acc:MGI:104634]",-0.29002626100695
"Arhgap26",-0.368301434006008,0.0999455607070447,-0.211202404307158,0.421859308954965,"Rho GTPase activating protein 26 [Source:MGI Symbol;Acc:MGI:1918552]",-0.289751919156583
"Smg1",-0.288815899751807,0.165616628913963,-0.290042692778605,0.236615362214997,"SMG1 nonsense mediated mRNA decay associated PI3K related kinase [Source:MGI Symbol;Acc:MGI:1919742]",-0.289429296265206
"Avl9",-0.301630658856169,0.146006974450291,-0.276758634143057,0.250226773070177,"AVL9 cell migration associated [Source:MGI Symbol;Acc:MGI:1926187]",-0.289194646499613
"Slc30a7",-0.30889815050387,0.0922524651762223,-0.269431874774898,0.210726324480298,"solute carrier family 30 (zinc transporter), member 7 [Source:MGI Symbol;Acc:MGI:1913750]",-0.289165012639384
"Xpr1",-0.301836499405929,0.154569839967637,-0.276353276388348,0.260603784137055,"xenotropic and polytropic retrovirus receptor 1 [Source:MGI Symbol;Acc:MGI:97932]",-0.289094887897138
"Xpnpep3",-0.331515970265872,0.21539802444906,-0.246658495397643,0.435731173388105,"X-prolyl aminopeptidase 3, mitochondrial [Source:MGI Symbol;Acc:MGI:2445217]",-0.289087232831758
"Ddx5",-0.31013214591845,0.00576307818499283,-0.267989873170494,0.0909135596180853,"DEAD box helicase 5 [Source:MGI Symbol;Acc:MGI:105037]",-0.289061009544472
"Spen",-0.284375228918415,0.194257652319259,-0.293386567501613,0.250226773070177,"spen family transcription repressor [Source:MGI Symbol;Acc:MGI:1891706]",-0.288880898210014
"Smurf1",-0.320893578009711,0.0415263346206187,-0.256689322426536,0.168155026440401,"SMAD specific E3 ubiquitin protein ligase 1 [Source:MGI Symbol;Acc:MGI:1923038]",-0.288791450218124
"Prkx",-0.228550441347804,0.313641228593274,-0.348090710217799,0.2051278057827,"protein kinase, X-linked [Source:MGI Symbol;Acc:MGI:1309999]",-0.288320575782802
"Tjp1",-0.28839497860508,0.22637963093287,-0.28797463365121,0.302532986911969,"tight junction protein 1 [Source:MGI Symbol;Acc:MGI:98759]",-0.288184806128145
"Zkscan7",-0.337254686797033,0.195925814933329,-0.238705202504798,0.440396288605116,"zinc finger with KRAB and SCAN domains 7 [Source:MGI Symbol;Acc:MGI:3040678]",-0.287979944650915
"Srcap",-0.307974683138185,0.120804111742882,-0.267142819743579,0.244000744481342,"Snf2-related CREBBP activator protein [Source:MGI Symbol;Acc:MGI:2444036]",-0.287558751440882
"Fyttd1",-0.299323479450898,0.124941507690441,-0.27475572255359,0.229753284985794,"forty-two-three domain containing 1 [Source:MGI Symbol;Acc:MGI:1917955]",-0.287039601002244
"Asah1",-0.275117083332157,0.24190933915176,-0.298518532438511,0.278151439441425,"N-acylsphingosine amidohydrolase 1 [Source:MGI Symbol;Acc:MGI:1277124]",-0.286817807885334
"Ube2d3",-0.307075694329709,0.0929807516430309,-0.266192801510608,0.218329728756878,"ubiquitin-conjugating enzyme E2D 3 [Source:MGI Symbol;Acc:MGI:1913355]",-0.286634247920158
"Lmbrd1",-0.323322182999095,0.131568807895924,-0.249306981219653,0.311957322491183,"LMBR1 domain containing 1 [Source:MGI Symbol;Acc:MGI:1915671]",-0.286314582109374
"Kbtbd11",-0.29341734358888,0.221091503681417,-0.279050457333523,0.318105811534959,"kelch repeat and BTB (POZ) domain containing 11 [Source:MGI Symbol;Acc:MGI:1922151]",-0.286233900461202
"Cyth3",-0.374495083117545,0.150795375768762,-0.197919107580809,0.525409263039506,"cytohesin 3 [Source:MGI Symbol;Acc:MGI:1335107]",-0.286207095349177
"Jmjd1c",-0.316889221394811,0.0551344546054595,-0.255323981886251,0.197718212882542,"jumonji domain containing 1C [Source:MGI Symbol;Acc:MGI:1918614]",-0.286106601640531
"Podn",-0.414219671076239,0.201796009427683,-0.15796055656376,0.711557653327807,"podocan [Source:MGI Symbol;Acc:MGI:2674939]",-0.286090113819999
"Tgfa",-0.311050066887415,0.243695971365594,-0.25906064555944,0.412334305399339,"transforming growth factor alpha [Source:MGI Symbol;Acc:MGI:98724]",-0.285055356223427
"Ms4a12",-0.308608007590649,0.247958330971737,-0.261378221774403,0.408134434563171,"membrane-spanning 4-domains, subfamily A, member 12 [Source:MGI Symbol;Acc:MGI:2685812]",-0.284993114682526
"Stox2",-0.346718207492588,0.189716589852365,-0.222604407313543,0.481774761475975,"storkhead box 2 [Source:MGI Symbol;Acc:MGI:1918319]",-0.284661307403065
"Kdm3a",-0.339297681927505,0.0242531130189261,-0.22940862856418,0.173014444485906,"lysine (K)-specific demethylase 3A [Source:MGI Symbol;Acc:MGI:98847]",-0.284353155245842
"Abi1",-0.256829113154867,0.164611287013788,-0.31155849768284,0.174954255023785,"abl interactor 1 [Source:MGI Symbol;Acc:MGI:104913]",-0.284193805418854
"Rab31",-0.294827631767776,0.183331063476315,-0.273421922523268,0.289426204101757,"RAB31, member RAS oncogene family [Source:MGI Symbol;Acc:MGI:1914603]",-0.284124777145522
"Zfp292",-0.298403013951646,0.0877308337263362,-0.269269079122092,0.19780822646691,"zinc finger protein 292 [Source:MGI Symbol;Acc:MGI:1353423]",-0.283836046536869
"1190002N15Rik",-0.250933897592031,0.215462077471435,-0.315698246510025,0.198636638967883,NA,-0.283316072051028
"Wasf2",-0.293925895513771,0.0707571477227285,-0.272576986806217,0.171992875549624,"WASP family, member 2 [Source:MGI Symbol;Acc:MGI:1098641]",-0.283251441159994
"Tnip1",-0.320999460352286,0.16737044365746,-0.245133278471893,0.365243971663082,"TNFAIP3 interacting protein 1 [Source:MGI Symbol;Acc:MGI:1926194]",-0.28306636941209
"Myo19",-0.17268889865379,0.431447896256567,-0.39231765093285,0.162729965916785,"myosin XIX [Source:MGI Symbol;Acc:MGI:1913446]",-0.28250327479332
"Fnbp1l",-0.276135671662554,0.173531656646686,-0.288428212845928,0.229978839117901,"formin binding protein 1-like [Source:MGI Symbol;Acc:MGI:1925642]",-0.282281942254241
"Tmed7",-0.330205096800783,0.187829829798676,-0.233681874597728,0.431807344045395,"transmembrane p24 trafficking protein 7 [Source:MGI Symbol;Acc:MGI:1913926]",-0.281943485699256
"Map2k4",-0.291745599777645,0.165753172826364,-0.271877562965443,0.266165296618133,"mitogen-activated protein kinase kinase 4 [Source:MGI Symbol;Acc:MGI:1346869]",-0.281811581371544
"Zfyve1",-0.321450779345663,0.191279192217974,-0.242121060824945,0.40037487856141,"zinc finger, FYVE domain containing 1 [Source:MGI Symbol;Acc:MGI:3026685]",-0.281785920085304
"Stk17b",-0.358144759148727,0.175626034620597,-0.205420634718211,0.517854420248939,"serine/threonine kinase 17b (apoptosis-inducing) [Source:MGI Symbol;Acc:MGI:2138162]",-0.281782696933469
"Dopey2",-0.280416907838389,0.141062889054692,-0.282829642336209,0.207671701037539,NA,-0.281623275087299
"Trim33",-0.314475947416681,0.157384252120013,-0.248484724749489,0.335793892880295,"tripartite motif-containing 33 [Source:MGI Symbol;Acc:MGI:2137357]",-0.281480336083085
"Lclat1",-0.322260222214885,0.157333502317509,-0.24067919366693,0.362948445798034,"lysocardiolipin acyltransferase 1 [Source:MGI Symbol;Acc:MGI:2684937]",-0.281469707940907
"Picalm",-0.283347676570163,0.178469251901803,-0.279232776384504,0.253527397550575,"phosphatidylinositol binding clathrin assembly protein [Source:MGI Symbol;Acc:MGI:2385902]",-0.281290226477333
"Acvr2a",-0.295755146926055,0.233009250399637,-0.266721819192954,0.357826936250949,"activin receptor IIA [Source:MGI Symbol;Acc:MGI:102806]",-0.281238483059504
"Lrrc32",-0.356038095322362,0.160822350267317,-0.206281840344777,0.494007996732141,"leucine rich repeat containing 32 [Source:MGI Symbol;Acc:MGI:93882]",-0.28115996783357
"Cers6",-0.233357287595612,0.333663602893267,-0.328303398755989,0.244000744481342,"ceramide synthase 6 [Source:MGI Symbol;Acc:MGI:2442564]",-0.280830343175801
"Csnk1g3",-0.280884168358172,0.173531656646686,-0.280247238255939,0.244761099848014,"casein kinase 1, gamma 3 [Source:MGI Symbol;Acc:MGI:1917675]",-0.280565703307055
"Cdcp1",-0.268434138685727,0.214868310909299,-0.292691061919582,0.247721926369743,"CUB domain containing protein 1 [Source:MGI Symbol;Acc:MGI:2442010]",-0.280562600302655
"Zfp955b",-0.313936708399473,0.231527804039483,-0.246368652969016,0.42885126280538,"zinc finger protein 955B [Source:MGI Symbol;Acc:MGI:4834573]",-0.280152680684244
"Dnmt3a",-0.303931949676551,0.0659768107140516,-0.255824650569304,0.197718212882542,"DNA methyltransferase 3A [Source:MGI Symbol;Acc:MGI:1261827]",-0.279878300122927
"Nsun3",-0.298879076624168,0.159007425553432,-0.260148097021682,0.2893266274348,"NOL1/NOP2/Sun domain family member 3 [Source:MGI Symbol;Acc:MGI:2146565]",-0.279513586822925
"Ell2",-0.270894306525522,0.239406068443325,-0.28727268179873,0.286367572657878,"elongation factor for RNA polymerase II 2 [Source:MGI Symbol;Acc:MGI:2183438]",-0.279083494162126
"Wasl",-0.277306408968624,0.242379729146113,-0.280315004747041,0.313435475258253,"WASP like actin nucleation promoting factor [Source:MGI Symbol;Acc:MGI:1920428]",-0.278810706857832
"Hectd1",-0.287394939046627,0.088875119007663,-0.270205827545012,0.192162323269413,"HECT domain E3 ubiquitin protein ligase 1 [Source:MGI Symbol;Acc:MGI:2384768]",-0.278800383295819
"Mbtd1",-0.33828881843177,0.124941507690441,-0.219294602216186,0.389683363220877,"mbt domain containing 1 [Source:MGI Symbol;Acc:MGI:2143977]",-0.278791710323978
"Il1r1",-0.427061077853975,0.127929421981138,-0.129772853238013,0.724284927768737,"interleukin 1 receptor, type I [Source:MGI Symbol;Acc:MGI:96545]",-0.278416965545994
"Atxn1",-0.287019864789103,0.206506007955694,-0.269169661729799,0.309423246442997,"ataxin 1 [Source:MGI Symbol;Acc:MGI:104783]",-0.278094763259451
"Aldh3a2",-0.315257068476934,0.20275336058526,-0.240904068737465,0.407835404164554,"aldehyde dehydrogenase family 3, subfamily A2 [Source:MGI Symbol;Acc:MGI:1353452]",-0.2780805686072
"Papd5",-0.279090994869827,0.136749251762801,-0.277060796131091,0.207671701037539,NA,-0.278075895500459
"Cyp2j6",-0.461194015148266,0.246785359003007,-0.0944262334505275,0.87001474522648,"cytochrome P450, family 2, subfamily j, polypeptide 6 [Source:MGI Symbol;Acc:MGI:1270148]",-0.277810124299397
"Ncoa2",-0.251406941545577,0.170130024695969,-0.303982810052913,0.185554352475399,"nuclear receptor coactivator 2 [Source:MGI Symbol;Acc:MGI:1276533]",-0.277694875799245
"Slk",-0.275023845411158,0.180826629330435,-0.280329949420107,0.244000744481342,"STE20-like kinase [Source:MGI Symbol;Acc:MGI:103241]",-0.277676897415633
"Il1rl2",-0.432965091611852,0.178722755075377,-0.122257749994123,0.781971849770117,"interleukin 1 receptor-like 2 [Source:MGI Symbol;Acc:MGI:1913107]",-0.277611420802988
"Xiap",-0.241416664811165,0.295314312051419,-0.31369050559777,0.247668502349829,"X-linked inhibitor of apoptosis [Source:MGI Symbol;Acc:MGI:107572]",-0.277553585204467
"Sulf2",-0.435281579972225,0.132784716318393,-0.119706945767095,0.753955732296859,"sulfatase 2 [Source:MGI Symbol;Acc:MGI:1919293]",-0.27749426286966
"Tbc1d23",-0.343331031902143,0.0815955523985348,-0.211348870448325,0.350280526486375,"TBC1 domain family, member 23 [Source:MGI Symbol;Acc:MGI:1914831]",-0.277339951175234
"Ino80d",-0.303186964008933,0.180995827625925,-0.251417261229285,0.344109299697969,"INO80 complex subunit D [Source:MGI Symbol;Acc:MGI:3027003]",-0.277302112619109
"Arhgap35",-0.261020405775365,0.163672506268977,-0.293321308714256,0.19780822646691,"Rho GTPase activating protein 35 [Source:MGI Symbol;Acc:MGI:1929494]",-0.27717085724481
"Ctdspl2",-0.297498079824325,0.221783907800939,-0.256840772799875,0.366241405849189,"CTD small phosphatase like 2 [Source:MGI Symbol;Acc:MGI:1196405]",-0.2771694263121
"Sec16b",-0.364723065599856,0.249896859642548,-0.188596237816438,0.636742970117121,"SEC16 homolog B, endoplasmic reticulum export factor [Source:MGI Symbol;Acc:MGI:2148802]",-0.276659651708147
"Pdgfra",-0.38928522336881,0.150795375768762,-0.163623022390805,0.623852106020279,"platelet derived growth factor receptor, alpha polypeptide [Source:MGI Symbol;Acc:MGI:97530]",-0.276454122879808
"Ptbp3",-0.260731358020002,0.182725525017767,-0.29096231671581,0.211581546332758,"polypyrimidine tract binding protein 3 [Source:MGI Symbol;Acc:MGI:1923334]",-0.275846837367906
"Pcdh1",-0.281338435349762,0.238178763122978,-0.268803119096162,0.335793892880295,"protocadherin 1 [Source:MGI Symbol;Acc:MGI:104692]",-0.275070777222962
"Gnb5",-0.37203246927174,0.16264105498483,-0.178030212316606,0.583039097280303,"guanine nucleotide binding protein (G protein), beta 5 [Source:MGI Symbol;Acc:MGI:101848]",-0.275031340794173
"Crim1",-0.288731682548449,0.163672506268977,-0.26067318084716,0.278935839925524,"cysteine rich transmembrane BMP regulator 1 [Source:MGI Symbol;Acc:MGI:1354756]",-0.274702431697805
"Sept2",-0.292045971013195,0.179178872070382,-0.254579853174028,0.31510135717757,NA,-0.273312912093612
"Tnfrsf21",-0.236430886996591,0.294661403250851,-0.309984475787157,0.242908617964919,"tumor necrosis factor receptor superfamily, member 21 [Source:MGI Symbol;Acc:MGI:2151075]",-0.273207681391874
"Ttbk2",-0.192581274490107,0.392636460491607,-0.353157982431771,0.197718212882542,"tau tubulin kinase 2 [Source:MGI Symbol;Acc:MGI:2155779]",-0.272869628460939
"Sash1",-0.2758045494869,0.180302915081175,-0.269840727332256,0.26246080113979,"SAM and SH3 domain containing 1 [Source:MGI Symbol;Acc:MGI:1917347]",-0.272822638409578
"Fpgt",-0.221524653741352,0.256037406161822,-0.323067792111325,0.190217882470592,"fucose-1-phosphate guanylyltransferase [Source:MGI Symbol;Acc:MGI:1922790]",-0.272296222926338
"B3gnt2",-0.289811643856518,0.155825382825611,-0.254335859410218,0.283415637914767,"UDP-GlcNAc:betaGal beta-1,3-N-acetylglucosaminyltransferase 2 [Source:MGI Symbol;Acc:MGI:1889505]",-0.272073751633368
"Ehhadh",-0.306943023074375,0.249792608370696,-0.237147503755057,0.45781613745769,"enoyl-Coenzyme A, hydratase/3-hydroxyacyl Coenzyme A dehydrogenase [Source:MGI Symbol;Acc:MGI:1277964]",-0.272045263414716
"Ap3m1",-0.294350185631874,0.208734715298768,-0.248864959394755,0.363506000517042,"adaptor-related protein complex 3, mu 1 subunit [Source:MGI Symbol;Acc:MGI:1929212]",-0.271607572513314
"Dusp11",-0.256341938495094,0.0955893947759296,-0.286736174524926,0.162729965916785,"dual specificity phosphatase 11 (RNA/RNP complex 1-interacting) [Source:MGI Symbol;Acc:MGI:1919352]",-0.27153905651001
"Sp3",-0.285434966485209,0.0995131609841665,-0.257568956660107,0.207671701037539,"trans-acting transcription factor 3 [Source:MGI Symbol;Acc:MGI:1277166]",-0.271501961572658
"Nr2c1",-0.29747360850336,0.0551344546054595,-0.245260684457071,0.19234002298932,"nuclear receptor subfamily 2, group C, member 1 [Source:MGI Symbol;Acc:MGI:1352465]",-0.271367146480216
"Ganc",-0.281360752812376,0.172949477141505,-0.260166270894781,0.278151439441425,"glucosidase, alpha; neutral C [Source:MGI Symbol;Acc:MGI:1923301]",-0.270763511853578
"Ccser2",-0.240871328179294,0.124660506690756,-0.30065556384133,0.162729965916785,"coiled-coil serine rich 2 [Source:MGI Symbol;Acc:MGI:101859]",-0.270763446010312
"Fam188a",-0.257111501914978,0.210172500590291,-0.282794517835198,0.240717160237913,NA,-0.269953009875088
"Nhlrc2",-0.265831441442117,0.165753172826364,-0.273983093670654,0.22852626170401,"NHL repeat containing 2 [Source:MGI Symbol;Acc:MGI:1914116]",-0.269907267556385
"Zdhhc5",-0.268578522311493,0.170494276816513,-0.271055947472281,0.239343773696918,"zinc finger, DHHC domain containing 5 [Source:MGI Symbol;Acc:MGI:1923573]",-0.269817234891887
"Mier3",-0.310233219266734,0.195007548414031,-0.229130006906288,0.416319683913691,"MIER family member 3 [Source:MGI Symbol;Acc:MGI:2442317]",-0.269681613086511
"Aff1",-0.292117919375129,0.0955893947759296,-0.247243552154502,0.231000115785735,"AF4/FMR2 family, member 1 [Source:MGI Symbol;Acc:MGI:1100819]",-0.269680735764815
"Stk24",-0.312339494643395,0.0914314997533151,-0.226926351149038,0.286609508979727,"serine/threonine kinase 24 [Source:MGI Symbol;Acc:MGI:2385007]",-0.269632922896216
"Ccser1",-0.284620754540273,0.188856071897843,-0.254514915769807,0.31305811096357,"coiled-coil serine rich 1 [Source:MGI Symbol;Acc:MGI:3045354]",-0.26956783515504
"Lrrc8d",-0.364926472841935,0.0450122330906687,-0.173661357026794,0.402677089371256,"leucine rich repeat containing 8D [Source:MGI Symbol;Acc:MGI:1922368]",-0.269293914934364
"Pde7a",-0.299688568321864,0.238839145024805,-0.238796284945145,0.430581774790537,"phosphodiesterase 7A [Source:MGI Symbol;Acc:MGI:1202402]",-0.269242426633505
"Lypla1",-0.355629205814181,0.211915858611752,-0.182656200684474,0.604926519843813,"lysophospholipase 1 [Source:MGI Symbol;Acc:MGI:1344588]",-0.269142703249327
"Etnk1",-0.262279598758042,0.190900687051305,-0.275594243874026,0.240717160237913,"ethanolamine kinase 1 [Source:MGI Symbol;Acc:MGI:1922570]",-0.268936921316034
"Rnf43",-0.34805962683016,0.088875119007663,-0.189593811827182,0.426716864810086,"ring finger protein 43 [Source:MGI Symbol;Acc:MGI:2442609]",-0.268826719328671
"Zfp51",-0.297033254837884,0.0518550924420938,-0.239768523201948,0.19234002298932,"zinc finger protein 51 [Source:MGI Symbol;Acc:MGI:99198]",-0.268400889019916
"Rab8a",-0.34585967231927,0.1667838054367,-0.190334614663225,0.52739903759737,"RAB8A, member RAS oncogene family [Source:MGI Symbol;Acc:MGI:96960]",-0.268097143491247
"Hectd2",-0.298368125071811,0.23482577331,-0.23753085001394,0.425806544245146,"HECT domain E3 ubiquitin protein ligase 2 [Source:MGI Symbol;Acc:MGI:2442663]",-0.267949487542876
"Fmr1",-0.261309677133755,0.163102376453367,-0.274499324807436,0.216411135163336,"fragile X messenger ribonucleoprotein 1 [Source:MGI Symbol;Acc:MGI:95564]",-0.267904500970595
"Pus10",-0.254012455400888,0.150795375768762,-0.280804707097319,0.195543668168902,"pseudouridylate synthase 10 [Source:MGI Symbol;Acc:MGI:1921717]",-0.267408581249103
"Atp13a3",-0.302651152284811,0.215799239331053,-0.23204574332063,0.422396586472213,"ATPase type 13A3 [Source:MGI Symbol;Acc:MGI:2685387]",-0.26734844780272
"Atrnl1",-0.303282335278658,0.165347547695046,-0.229406562376593,0.366735851118178,"attractin like 1 [Source:MGI Symbol;Acc:MGI:2147749]",-0.266344448827625
"Rbm12",-0.284688972290008,0.188856071897843,-0.246712721314617,0.328382243063677,"RNA binding motif protein 12 [Source:MGI Symbol;Acc:MGI:1922960]",-0.265700846802312
"Map3k9",-0.357092602206597,0.0551344546054595,-0.174204511197207,0.419354663459424,"mitogen-activated protein kinase kinase kinase 9 [Source:MGI Symbol;Acc:MGI:2449952]",-0.265648556701902
"Tm9sf4",-0.223365973662292,0.30691392440666,-0.307334865873804,0.235827948988171,"transmembrane 9 superfamily member 4 [Source:MGI Symbol;Acc:MGI:2139220]",-0.265350419768048
"Rnft1",-0.272707906870646,0.155825382825611,-0.257438575782719,0.249585444855835,"ring finger protein, transmembrane 1 [Source:MGI Symbol;Acc:MGI:1924142]",-0.265073241326683
"Abcc5",-0.32266260661999,0.167079498739893,-0.206945393620973,0.454539371018165,"ATP-binding cassette, sub-family C member 5 [Source:MGI Symbol;Acc:MGI:1351644]",-0.264804000120481
"Gm15800",-0.316721693849452,0.148988459883875,-0.212861095415994,0.404539263473474,NA,-0.264791394632723
"Rnf2",-0.279085984927398,0.0384690916159416,-0.250434666992585,0.162729965916785,"ring finger protein 2 [Source:MGI Symbol;Acc:MGI:1101759]",-0.264760325959991
"Kif21b",-0.306103294219538,0.184940875508952,-0.222685079865169,0.413246187761737,"kinesin family member 21B [Source:MGI Symbol;Acc:MGI:109234]",-0.264394187042354
"Golim4",-0.283225891319602,0.165498285948788,-0.243290733342622,0.305320048038166,"golgi integral membrane protein 4 [Source:MGI Symbol;Acc:MGI:1920374]",-0.263258312331112
"Spred2",-0.2389667671953,0.176218026610376,-0.287312996706446,0.191831865344961,"sprouty-related EVH1 domain containing 2 [Source:MGI Symbol;Acc:MGI:2150019]",-0.263139881950873
"Ripk4",-0.320425394517527,0.217881897231223,-0.205500887290874,0.511630534243978,"receptor-interacting serine-threonine kinase 4 [Source:MGI Symbol;Acc:MGI:1919638]",-0.2629631409042
"Prr16",-0.358784102812241,0.230838643557427,-0.166519290036599,0.659323071458104,"proline rich 16 [Source:MGI Symbol;Acc:MGI:1918623]",-0.26265169642442
"Pdcd10",-0.286504095794741,0.206551621066237,-0.238682839493605,0.367290317410786,"programmed cell death 10 [Source:MGI Symbol;Acc:MGI:1928396]",-0.262593467644173
"Pou2f1",-0.332651542878823,0.139112722665666,-0.191017531949782,0.473493781740646,"POU domain, class 2, transcription factor 1 [Source:MGI Symbol;Acc:MGI:101898]",-0.261834537414303
"Foxj3",-0.274945536581484,0.126682140770301,-0.248677912613927,0.236615362214997,"forkhead box J3 [Source:MGI Symbol;Acc:MGI:2443432]",-0.261811724597706
"Casz1",-0.19878711236946,0.370887653116975,-0.324312244780678,0.215060189437751,"castor zinc finger 1 [Source:MGI Symbol;Acc:MGI:1196251]",-0.261549678575069
"Tbc1d8b",-0.27447782228361,0.246003874465842,-0.248543378225105,0.369290680552469,"TBC1 domain family, member 8B [Source:MGI Symbol;Acc:MGI:1918101]",-0.261510600254358
"Ccdc82",-0.291410859898378,0.150916508149005,-0.23121205532291,0.323654716725245,"coiled-coil domain containing 82 [Source:MGI Symbol;Acc:MGI:1913646]",-0.261311457610644
"Ccbe1",-0.312563978428399,0.233545498563338,-0.209706738566371,0.50564853949487,"collagen and calcium binding EGF domains 1 [Source:MGI Symbol;Acc:MGI:2445053]",-0.261135358497385
"Tmf1",-0.282536818312658,0.0592048685515099,-0.239537160177963,0.191831865344961,"TATA element modulatory factor 1 [Source:MGI Symbol;Acc:MGI:2684999]",-0.26103698924531
"Lamp2",-0.275200659677901,0.205964836500723,-0.246017095354357,0.332462083259393,"lysosomal-associated membrane protein 2 [Source:MGI Symbol;Acc:MGI:96748]",-0.260608877516129
"Col23a1",-0.394919604047741,0.172448804027458,-0.126128846842634,0.742557968193128,"collagen, type XXIII, alpha 1 [Source:MGI Symbol;Acc:MGI:2653243]",-0.260524225445187
"Etfdh",-0.327865552098698,0.0950672951991452,-0.192975298353853,0.399430332640444,"electron transferring flavoprotein, dehydrogenase [Source:MGI Symbol;Acc:MGI:106100]",-0.260420425226276
"Opa1",-0.30340896672464,0.138532835533669,-0.217389487810169,0.357744246180643,"OPA1, mitochondrial dynamin like GTPase [Source:MGI Symbol;Acc:MGI:1921393]",-0.260399227267404
"Rictor",-0.282187238191479,0.177679965465482,-0.237671944201281,0.329057681039393,"RPTOR independent companion of MTOR, complex 2 [Source:MGI Symbol;Acc:MGI:1926007]",-0.25992959119638
"Reln",-0.347913690499841,0.124660506690756,-0.171248642285241,0.525058865529255,"reelin [Source:MGI Symbol;Acc:MGI:103022]",-0.259581166392541
"Esr1",-0.325048819133991,0.214522321719256,-0.193988231257536,0.540052030114042,"estrogen receptor 1 (alpha) [Source:MGI Symbol;Acc:MGI:1352467]",-0.259518525195763
"Endod1",-0.109493265933686,0.69542732546178,-0.408624511918384,0.195138891534963,"endonuclease domain containing 1 [Source:MGI Symbol;Acc:MGI:1919196]",-0.259058888926035
"Sprtn",-0.326828342820917,0.112518791865223,-0.190513694710794,0.430528472880786,"SprT-like N-terminal domain [Source:MGI Symbol;Acc:MGI:2685351]",-0.258671018765856
"Khnyn",-0.289680245086506,0.0985292704971567,-0.227614103326258,0.263409926248979,"KH and NYN domain containing [Source:MGI Symbol;Acc:MGI:2451333]",-0.258647174206382
"Nipa2",-0.256612708804801,0.206886012513173,-0.26044416124704,0.272344628913013,"non imprinted in Prader-Willi/Angelman syndrome 2 homolog (human) [Source:MGI Symbol;Acc:MGI:1913918]",-0.25852843502592
"Manea",-0.288241421829642,0.102901880308683,-0.2285751758867,0.264708507942624,"mannosidase, endo-alpha [Source:MGI Symbol;Acc:MGI:2444484]",-0.258408298858171
"Nbr1",-0.251466866072584,0.139169585664429,-0.264911636050615,0.197718212882542,"NBR1, autophagy cargo receptor [Source:MGI Symbol;Acc:MGI:108498]",-0.2581892510616
"Ece1",-0.284143884697275,0.175626034620597,-0.231834305878813,0.344109299697969,"endothelin converting enzyme 1 [Source:MGI Symbol;Acc:MGI:1101357]",-0.257989095288044
"Phf21a",-0.214284272616816,0.143860339725908,-0.301652952136877,0.162729965916785,"PHD finger protein 21A [Source:MGI Symbol;Acc:MGI:2384756]",-0.257968612376846
"Usp6nl",-0.28220499040745,0.0538747353192554,-0.233648404066947,0.190217882470592,"USP6 N-terminal like [Source:MGI Symbol;Acc:MGI:2138893]",-0.257926697237199
"Lamc2",-0.232550901054907,0.226112431914793,-0.282826646946748,0.218329728756878,"laminin, gamma 2 [Source:MGI Symbol;Acc:MGI:99913]",-0.257688774000827
"Rlf",-0.284129986019251,0.043449643521286,-0.228319681296859,0.17703968235836,"rearranged L-myc fusion sequence [Source:MGI Symbol;Acc:MGI:1924705]",-0.256224833658055
"Zfp609",-0.284327747729295,0.107846422519868,-0.227542947669249,0.265187953994856,"zinc finger protein 609 [Source:MGI Symbol;Acc:MGI:2674092]",-0.255935347699272
"Twf1",-0.259692860749408,0.181964802607785,-0.25176650691132,0.266638394975406,"twinfilin actin binding protein 1 [Source:MGI Symbol;Acc:MGI:1100520]",-0.255729683830364
"Maats1",-0.293167100916033,0.233009250399637,-0.218228733177919,0.451915903123506,NA,-0.255697917046976
"Bhlhe22",-0.502537467115994,0.105258010667092,-0.00878356128990461,0.985960411546405,"basic helix-loop-helix family, member e22 [Source:MGI Symbol;Acc:MGI:1930001]",-0.255660514202949
"Cdh11",-0.305522283622142,0.17350369951555,-0.20533769831709,0.440098448710837,"cadherin 11 [Source:MGI Symbol;Acc:MGI:99217]",-0.255429990969616
"Fam126b",-0.28787549348915,0.208651902616822,-0.221855051547018,0.411779864035969,NA,-0.254865272518084
"Mnt",-0.267446053349337,0.079476480308765,-0.241672509751703,0.192162323269413,"max binding protein [Source:MGI Symbol;Acc:MGI:109150]",-0.25455928155052
"Csnk1a1",-0.239928302110558,0.162171235083538,-0.269131363788796,0.197718212882542,"casein kinase 1, alpha 1 [Source:MGI Symbol;Acc:MGI:1934950]",-0.254529832949677
"Ubl3",-0.253390224293775,0.146825669677869,-0.25526361540254,0.216257621808353,"ubiquitin-like 3 [Source:MGI Symbol;Acc:MGI:1344373]",-0.254326919848157
"Cd164",-0.230708238992807,0.227297414667642,-0.277567217150124,0.226105015348892,"CD164 antigen [Source:MGI Symbol;Acc:MGI:1859568]",-0.254137728071466
"Crbn",-0.280355748943618,0.125039362073771,-0.227787439287928,0.279240255803622,"cereblon [Source:MGI Symbol;Acc:MGI:1913277]",-0.254071594115773
"Grk5",-0.213349137042086,0.20234698025253,-0.292897840943165,0.168155026440401,"G protein-coupled receptor kinase 5 [Source:MGI Symbol;Acc:MGI:109161]",-0.253123488992625
"Rab5a",-0.285835784980466,0.148252484714764,-0.219715009303153,0.337016787026631,"RAB5A, member RAS oncogene family [Source:MGI Symbol;Acc:MGI:105926]",-0.25277539714181
"Ctage5",-0.26574885384781,0.18089251435898,-0.23971520153107,0.301773507374834,NA,-0.25273202768944
"Fnip1",-0.281460527332477,0.128002005879656,-0.22387390895766,0.293010083995453,"folliculin interacting protein 1 [Source:MGI Symbol;Acc:MGI:2444668]",-0.252667218145068
"Zfp106",-0.275545095132798,0.240652623951697,-0.229756961100297,0.407403376336869,"zinc finger protein 106 [Source:MGI Symbol;Acc:MGI:1270153]",-0.252651028116547
"Smad2",-0.291316783063859,0.0914127957375484,-0.213872309295938,0.279201580597127,"SMAD family member 2 [Source:MGI Symbol;Acc:MGI:108051]",-0.252594546179899
"Arhgap32",-0.293739473792962,0.233495143639686,-0.210674592669445,0.476939587935207,"Rho GTPase activating protein 32 [Source:MGI Symbol;Acc:MGI:2450166]",-0.252207033231204
"Etl4",-0.205815534336213,0.311909136911301,-0.29744864213584,0.22305013348687,"enhancer trap locus 4 [Source:MGI Symbol;Acc:MGI:95454]",-0.251632088236027
"Bcar3",-0.315765469655608,0.195579041788556,-0.187269000591761,0.524770007936518,"breast cancer anti-estrogen resistance 3 [Source:MGI Symbol;Acc:MGI:1352501]",-0.251517235123685
"Sidt2",-0.285818043841999,0.124660506690756,-0.216693392823188,0.310592595688892,"SID1 transmembrane family, member 2 [Source:MGI Symbol;Acc:MGI:2446134]",-0.251255718332594
"Nlrc4",-0.168686597931068,0.481035653688097,-0.333417240219177,0.228319018180083,"NLR family, CARD domain containing 4 [Source:MGI Symbol;Acc:MGI:3036243]",-0.251051919075122
"Pik3r1",-0.287347211234917,0.0801610982178077,-0.214349435047491,0.252489687168797,"phosphoinositide-3-kinase regulatory subunit 1 [Source:MGI Symbol;Acc:MGI:97583]",-0.250848323141204
"Pyroxd1",-0.285694137186848,0.186893656587821,-0.215800311623641,0.392891800327769,"pyridine nucleotide-disulphide oxidoreductase domain 1 [Source:MGI Symbol;Acc:MGI:2676395]",-0.250747224405244
"Vps54",-0.208573640145063,0.305928637622118,-0.292635036078236,0.228588611536234,"VPS54 GARP complex subunit [Source:MGI Symbol;Acc:MGI:2178798]",-0.25060433811165
"Zfp942",-0.260422067349289,0.142626048314303,-0.240297472427161,0.244000744481342,"zinc finger protein 942 [Source:MGI Symbol;Acc:MGI:1920483]",-0.250359769888225
"Dnajb12",-0.309531407524056,0.100573495797496,-0.191078947322613,0.381889921445984,"DnaJ heat shock protein family (Hsp40) member B12 [Source:MGI Symbol;Acc:MGI:1931881]",-0.250305177423334
"Rbak",-0.284763857861434,0.0864594649361555,-0.215659938892555,0.257079036664102,"RB-associated KRAB zinc finger [Source:MGI Symbol;Acc:MGI:1927369]",-0.250211898376994
"Snx9",-0.296627731619645,0.244808801418035,-0.202852221606801,0.51048483265987,"sorting nexin 9 [Source:MGI Symbol;Acc:MGI:1913866]",-0.249739976613223
"Osbpl11",-0.227713876192708,0.21994334649254,-0.271503204509391,0.221452877716896,"oxysterol binding protein-like 11 [Source:MGI Symbol;Acc:MGI:2146553]",-0.24960854035105
"Dock1",-0.255338129673812,0.234190219266123,-0.243771445697634,0.331107037262233,"dedicator of cytokinesis 1 [Source:MGI Symbol;Acc:MGI:2429765]",-0.249554787685723
"Zfp563",-0.230971623349467,0.245711138800131,-0.267729422919947,0.251172491916867,"zinc finger protein 563 [Source:MGI Symbol;Acc:MGI:2677168]",-0.249350523134707
"Slc39a14",-0.264764970781019,0.231983269617418,-0.233568072927653,0.366735851118178,"solute carrier family 39 (zinc transporter), member 14 [Source:MGI Symbol;Acc:MGI:2384851]",-0.249166521854336
"Mgat5",-0.269518808193656,0.177679965465482,-0.228322470830272,0.325507883461716,"mannoside acetylglucosaminyltransferase 5 [Source:MGI Symbol;Acc:MGI:894701]",-0.248920639511964
"Blmh",-0.214388117063179,0.290034219999762,-0.28295458334178,0.237277469390879,"bleomycin hydrolase [Source:MGI Symbol;Acc:MGI:1345186]",-0.248671350202479
"Lats1",-0.25995660553994,0.180827137043281,-0.236462846053917,0.296689406042474,"large tumor suppressor [Source:MGI Symbol;Acc:MGI:1333883]",-0.248209725796928
"Ascc3",-0.252119804934029,0.153252682015877,-0.244089519884223,0.237126720724625,"activating signal cointegrator 1 complex subunit 3 [Source:MGI Symbol;Acc:MGI:1925237]",-0.248104662409126
"Tab3",-0.265124372760888,0.149107173731713,-0.228154256845776,0.283579615540551,"TGF-beta activated kinase 1/MAP3K7 binding protein 3 [Source:MGI Symbol;Acc:MGI:1913974]",-0.246639314803332
"Trdmt1",-0.43353357104013,0.0534709040306561,-0.0584212967628028,0.850234425214599,"tRNA aspartic acid methyltransferase 1 [Source:MGI Symbol;Acc:MGI:1274787]",-0.245977433901466
"Rhoa",-0.282484435026871,0.0803515436754815,-0.209337486276244,0.257079036664102,"ras homolog family member A [Source:MGI Symbol;Acc:MGI:1096342]",-0.245910960651557
"Map3k2",-0.273357554944163,0.228903055404321,-0.218426796874741,0.416319683913691,"mitogen-activated protein kinase kinase kinase 2 [Source:MGI Symbol;Acc:MGI:1346873]",-0.245892175909452
"Tbc1d12",-0.256486052874468,0.103941526190647,-0.23528580046266,0.207671701037539,"TBC1D12: TBC1 domain family, member 12 [Source:MGI Symbol;Acc:MGI:2384803]",-0.245885926668564
"Kat2b",-0.19945212947203,0.191614836228108,-0.291414487233062,0.162729965916785,"K(lysine) acetyltransferase 2B [Source:MGI Symbol;Acc:MGI:1343094]",-0.245433308352546
"Zscan29",-0.25516274563187,0.138532835533669,-0.235310932954583,0.239343773696918,"zinc finger SCAN domains 29 [Source:MGI Symbol;Acc:MGI:2139317]",-0.245236839293227
"Slc11a1",-0.342432776253983,0.214696915784196,-0.147474304764472,0.676913075170692,"solute carrier family 11 (proton-coupled divalent metal ion transporters), member 1 [Source:MGI Symbol;Acc:MGI:1345275]",-0.244953540509227
"Gab2",-0.307448774492276,0.0605451276776039,-0.182147878194924,0.330378593659154,"growth factor receptor bound protein 2-associated protein 2 [Source:MGI Symbol;Acc:MGI:1333854]",-0.2447983263436
"Api5",-0.264930410020734,0.244938367777282,-0.224593512708727,0.402677089371256,"apoptosis inhibitor 5 [Source:MGI Symbol;Acc:MGI:1888993]",-0.24476196136473
"Parg",-0.199887798105937,0.249822223633432,-0.289336013324916,0.186758832261382,"poly (ADP-ribose) glycohydrolase [Source:MGI Symbol;Acc:MGI:1347094]",-0.244611905715426
"Mfsd6",-0.207166507229621,0.265521823068094,-0.281905997577829,0.207671701037539,"major facilitator superfamily domain containing 6 [Source:MGI Symbol;Acc:MGI:1922925]",-0.244536252403725
"Slc25a37",-0.291504103667973,0.227012816221783,-0.197027905146823,0.497178992712377,"solute carrier family 25, member 37 [Source:MGI Symbol;Acc:MGI:1914962]",-0.244266004407398
"Mapkbp1",-0.243538410589365,0.165347547695046,-0.244930948040483,0.235827948988171,"mitogen-activated protein kinase binding protein 1 [Source:MGI Symbol;Acc:MGI:1347004]",-0.244234679314924
"Ppip5k2",-0.263453332312767,0.225385337066447,-0.224989216046401,0.374482085679454,"diphosphoinositol pentakisphosphate kinase 2 [Source:MGI Symbol;Acc:MGI:2142810]",-0.244221274179584
"Arhgap1",-0.206504016705425,0.301523820400035,-0.281691649734113,0.234457042233684,"Rho GTPase activating protein 1 [Source:MGI Symbol;Acc:MGI:2445003]",-0.244097833219769
"Lrig3",-0.364736894612061,0.0551344546054595,-0.122955850110234,0.592470039524842,"leucine-rich repeats and immunoglobulin-like domains 3 [Source:MGI Symbol;Acc:MGI:2443955]",-0.243846372361147
"Ldlrad4",-0.286004987100774,0.138820610362472,-0.201479581476222,0.364833220876371,"low density lipoprotein receptor class A domain containing 4 [Source:MGI Symbol;Acc:MGI:1277150]",-0.243742284288498
"Vcpip1",-0.259519742667195,0.146097692287117,-0.227765103731289,0.268635117695908,"valosin containing protein (p97)/p47 complex interacting protein 1 [Source:MGI Symbol;Acc:MGI:1917925]",-0.243642423199242
"Wipf2",-0.231202234889877,0.216370698974054,-0.255722164442347,0.244000744481342,"WAS/WASL interacting protein family, member 2 [Source:MGI Symbol;Acc:MGI:1924462]",-0.243462199666112
"Sos1",-0.25776930789171,0.135834221595083,-0.229028364157238,0.250226773070177,"SOS Ras/Rac guanine nucleotide exchange factor 1 [Source:MGI Symbol;Acc:MGI:98354]",-0.243398836024474
"Isoc1",-0.359581212908914,0.143802787020808,-0.127087995714448,0.688900131471862,"isochorismatase domain containing 1 [Source:MGI Symbol;Acc:MGI:1913557]",-0.243334604311681
"Gli1",-0.355601892856955,0.217092367764963,-0.130414178125314,0.731985067990815,"GLI-Kruppel family member GLI1 [Source:MGI Symbol;Acc:MGI:95727]",-0.243008035491134
"Arhgef3",-0.243314343858087,0.146825669677869,-0.242504769827714,0.222040075877265,"Rho guanine nucleotide exchange factor 3 [Source:MGI Symbol;Acc:MGI:1918954]",-0.2429095568429
"Cops2",-0.226222724506355,0.175950090601788,-0.259555766966627,0.198636638967883,"COP9 signalosome subunit 2 [Source:MGI Symbol;Acc:MGI:1330276]",-0.242889245736491
"Slu7",-0.225863128384263,0.10940862317024,-0.259741768042565,0.162729965916785,"SLU7 splicing factor homolog (S. cerevisiae) [Source:MGI Symbol;Acc:MGI:2385598]",-0.242802448213414
"Spg11",-0.248837613844419,0.16331048675031,-0.236518846252599,0.25307039903829,"SPG11, spatacsin vesicle trafficking associated [Source:MGI Symbol;Acc:MGI:2444989]",-0.242678230048509
"Ddhd1",-0.160396464649699,0.521210517388734,-0.324542620187884,0.246969309371314,"DDHD domain containing 1 [Source:MGI Symbol;Acc:MGI:2150302]",-0.242469542418791
"Pi4k2b",-0.309795458331083,0.246332461864325,-0.174540349768407,0.59946422355902,"phosphatidylinositol 4-kinase type 2 beta [Source:MGI Symbol;Acc:MGI:1914323]",-0.242167904049745
"Tiparp",-0.30694906366429,0.0739494820446982,-0.177211350543348,0.365414347669292,"TCDD-inducible poly(ADP-ribose) polymerase [Source:MGI Symbol;Acc:MGI:2159210]",-0.242080207103819
"Fbxo8",-0.295034600074709,0.155300534610787,-0.188836622048015,0.440396288605116,"F-box protein 8 [Source:MGI Symbol;Acc:MGI:1354696]",-0.241935611061362
"Eea1",-0.225419864557134,0.116328804577602,-0.258429446824361,0.162729965916785,"early endosome antigen 1 [Source:MGI Symbol;Acc:MGI:2442192]",-0.241924655690748
"Suco",-0.262395352886933,0.171257754111998,-0.221357354305464,0.321042009042084,"SUN domain containing ossification factor [Source:MGI Symbol;Acc:MGI:2138346]",-0.241876353596198
"Papln",-0.334611933952289,0.24313722352837,-0.14902576946842,0.690217428796358,"papilin, proteoglycan-like sulfated glycoprotein [Source:MGI Symbol;Acc:MGI:2386139]",-0.241818851710354
"Tank",-0.236602809593916,0.169428196740454,-0.246846485605377,0.228319018180083,"TRAF family member-associated Nf-kappa B activator [Source:MGI Symbol;Acc:MGI:107676]",-0.241724647599647
"Exoc6",-0.292841603218273,0.0448603382095671,-0.19042342419564,0.251172491916867,"exocyst complex component 6 [Source:MGI Symbol;Acc:MGI:1351611]",-0.241632513706957
"Tmem87b",-0.278808308809324,0.162520376357598,-0.204295313562079,0.375910823638064,"transmembrane protein 87B [Source:MGI Symbol;Acc:MGI:1919727]",-0.241551811185702
"Stag2",-0.24371064054505,0.145353875447952,-0.23928885895204,0.228319018180083,"STAG2 cohesin complex component [Source:MGI Symbol;Acc:MGI:1098583]",-0.241499749748545
"Dclre1c",-0.315552625489277,0.163521519964939,-0.167398839898065,0.540522751308437,"DNA cross-link repair 1C [Source:MGI Symbol;Acc:MGI:2441769]",-0.241475732693671
"Vwa8",-0.287794129174387,0.109497095336933,-0.194356029301493,0.352347101777302,"von Willebrand factor A domain containing 8 [Source:MGI Symbol;Acc:MGI:1919008]",-0.24107507923794
"Shoc2",-0.241523463374433,0.19208953001194,-0.240573443276555,0.264708507942624,"Shoc2, leucine rich repeat scaffold protein [Source:MGI Symbol;Acc:MGI:1927197]",-0.241048453325494
"Tnik",-0.254477851985461,0.205368913490276,-0.227575514478251,0.331107037262233,"TRAF2 and NCK interacting kinase [Source:MGI Symbol;Acc:MGI:1916264]",-0.241026683231856
"Akap11",-0.232543016135496,0.187769325357418,-0.249045332143852,0.232444484399199,"A kinase anchor protein 11 [Source:MGI Symbol;Acc:MGI:2684060]",-0.240794174139674
"Scyl2",-0.233097572547764,0.192607682416461,-0.248254604116119,0.237558527911579,"SCY1-like 2 (S. cerevisiae) [Source:MGI Symbol;Acc:MGI:1289172]",-0.240676088331941
"Itch",-0.241429150744043,0.225385337066447,-0.239522668256103,0.30343919612201,"itchy, E3 ubiquitin protein ligase [Source:MGI Symbol;Acc:MGI:1202301]",-0.240475909500073
"Slc18b1",-0.274454235272756,0.217755363696179,-0.206092896803044,0.4362317416039,"solute carrier family 18, subfamily B, member 1 [Source:MGI Symbol;Acc:MGI:1923556]",-0.2402735660379
"Kif1b",-0.227454972798648,0.17676497423367,-0.252944046573655,0.207671701037539,"kinesin family member 1B [Source:MGI Symbol;Acc:MGI:108426]",-0.240199509686152
"Stim2",-0.207690682720727,0.183331063476315,-0.272408806966439,0.168155026440401,"stromal interaction molecule 2 [Source:MGI Symbol;Acc:MGI:2151156]",-0.240049744843583
"Prss41",-0.34114017910658,0.187829829798676,-0.138407261456987,0.670455745764076,"serine protease 41 [Source:MGI Symbol;Acc:MGI:1918253]",-0.239773720281784
"Pxk",-0.239018793887981,0.217755363696179,-0.240457314457306,0.28744771913307,"PX domain containing serine/threonine kinase [Source:MGI Symbol;Acc:MGI:1289230]",-0.239738054172643
"Nf1",-0.324409984535951,0.0433843539655187,-0.154899305993804,0.391688385861077,"neurofibromin 1 [Source:MGI Symbol;Acc:MGI:97306]",-0.239654645264878
"Pard3",-0.204719278257379,0.239718872261205,-0.27403934967595,0.198636638967883,"par-3 family cell polarity regulator [Source:MGI Symbol;Acc:MGI:2135608]",-0.239379313966665
"Acbd5",-0.266264627414551,0.184742942561126,-0.212446021220912,0.364833220876371,"acyl-Coenzyme A binding domain containing 5 [Source:MGI Symbol;Acc:MGI:1921409]",-0.239355324317731
"Map7",-0.270552978644175,0.225842599514751,-0.207706522346214,0.434569446917805,"microtubule-associated protein 7 [Source:MGI Symbol;Acc:MGI:1328328]",-0.239129750495194
"Insr",-0.274787520587732,0.124941507690441,-0.202956610941511,0.324091264455326,"insulin receptor [Source:MGI Symbol;Acc:MGI:96575]",-0.238872065764621
"Mllt3",-0.238913729765984,0.227012816221783,-0.237896811057125,0.303655002925299,"myeloid/lymphoid or mixed-lineage leukemia; translocated to, 3 [Source:MGI Symbol;Acc:MGI:1917372]",-0.238405270411555
"Ddx3x",-0.262199644596541,0.101631334061281,-0.213961697881924,0.250226773070177,"DEAD box helicase 3, X-linked [Source:MGI Symbol;Acc:MGI:103064]",-0.238080671239232
"Scyl3",-0.292006666011157,0.0328941009885878,-0.183980221886613,0.228319018180083,"SCY1-like 3 (S. cerevisiae) [Source:MGI Symbol;Acc:MGI:1921385]",-0.237993443948885
"Atg4a",-0.279293961655185,0.11540291172757,-0.196691125642408,0.335374999583311,"autophagy related 4A, cysteine peptidase [Source:MGI Symbol;Acc:MGI:2147903]",-0.237992543648797
"Gse1",-0.262293123753444,0.0850595528724954,-0.213227601036243,0.229978839117901,"genetic suppressor element 1, coiled-coil protein [Source:MGI Symbol;Acc:MGI:1098275]",-0.237760362394843
"Nhlrc3",-0.235251484369907,0.150795375768762,-0.240203724095504,0.214458670127375,"NHL repeat containing 3 [Source:MGI Symbol;Acc:MGI:2444520]",-0.237727604232706
"Cdc14a",-0.221718882381471,0.245673237649977,-0.252907410147306,0.259036799675813,"CDC14 cell division cycle 14A [Source:MGI Symbol;Acc:MGI:2442676]",-0.237313146264388
"Man1a",-0.334108263792415,0.206506007955694,-0.140377864130975,0.681019036213663,"mannosidase 1, alpha [Source:MGI Symbol;Acc:MGI:104677]",-0.237243063961695
"Pggt1b",-0.261577886522545,0.226175834924454,-0.212507731377353,0.402677089371256,"protein geranylgeranyltransferase type I, beta subunit [Source:MGI Symbol;Acc:MGI:1917514]",-0.237042808949949
"Dicer1",-0.304121503879732,0.0415263346206187,-0.169809652126013,0.303755691554156,"dicer 1, ribonuclease type III [Source:MGI Symbol;Acc:MGI:2177178]",-0.236965578002873
"Zyx",-0.236049749002669,0.246785359003007,-0.237733289814794,0.319972232546126,"zyxin [Source:MGI Symbol;Acc:MGI:103072]",-0.236891519408731
"Agap1",-0.248549009580204,0.200029998543803,-0.224748377795329,0.320510127521957,"ArfGAP with GTPase domain, ankyrin repeat and PH domain 1 [Source:MGI Symbol;Acc:MGI:2653690]",-0.236648693687767
"Stam",-0.265356290185509,0.195579041788556,-0.207810759192162,0.384743991246248,"signal transducing adaptor molecule (SH3 domain and ITAM motif) 1 [Source:MGI Symbol;Acc:MGI:1329014]",-0.236583524688835
"Ddx58",-0.274106231451832,0.172062102256698,-0.198610223032137,0.39757961087908,NA,-0.236358227241984
"Ubap2l",-0.21347968429571,0.191737220848185,-0.259068849917208,0.197718212882542,"ubiquitin-associated protein 2-like [Source:MGI Symbol;Acc:MGI:1921633]",-0.236274267106459
"Cpt1a",-0.240701913324833,0.154538534105862,-0.231719175778503,0.239343773696918,"carnitine palmitoyltransferase 1a, liver [Source:MGI Symbol;Acc:MGI:1098296]",-0.236210544551668
"Ints12",-0.215179410744735,0.142102564708642,-0.257008915194965,0.168155026440401,"integrator complex subunit 12 [Source:MGI Symbol;Acc:MGI:1919043]",-0.23609416296985
"Hdlbp",-0.28218643095014,0.169038080846901,-0.189763892254439,0.434418287393165,"high density lipoprotein (HDL) binding protein [Source:MGI Symbol;Acc:MGI:99256]",-0.235975161602289
"Cul3",-0.271404403411817,0.0398976249343742,-0.200389316022551,0.19234002298932,"cullin 3 [Source:MGI Symbol;Acc:MGI:1347360]",-0.235896859717184
"Ptprg",-0.309126960145997,0.179885449252247,-0.162559974351959,0.562520521060585,"protein tyrosine phosphatase receptor type G [Source:MGI Symbol;Acc:MGI:97814]",-0.235843467248978
"Ercc6",-0.277251910331901,0.167832079033521,-0.193887161611242,0.411779864035969,"excision repair cross-complementing rodent repair deficiency, complementation group 6 [Source:MGI Symbol;Acc:MGI:1100494]",-0.235569535971571
"Fam160b1",-0.303709154380962,0.0914314997533151,-0.166941383744221,0.426716864810086,NA,-0.235325269062591
"Ctbs",-0.289347786144293,0.0810155074169564,-0.180742804502049,0.343228947207153,"chitobiase [Source:MGI Symbol;Acc:MGI:1921495]",-0.235045295323171
"Traf6",-0.273241711127791,0.0415263346206187,-0.195280402554567,0.201971210693124,"TNF receptor-associated factor 6 [Source:MGI Symbol;Acc:MGI:108072]",-0.234261056841179
"Gtf3c3",-0.26638954591057,0.0445969496299449,-0.20177585160166,0.197718212882542,"general transcription factor IIIC, polypeptide 3 [Source:MGI Symbol;Acc:MGI:2138383]",-0.234082698756115
"Rock2",-0.170144767769233,0.300228699216155,-0.297803655000933,0.165059797433052,"Rho-associated coiled-coil containing protein kinase 2 [Source:MGI Symbol;Acc:MGI:107926]",-0.233974211385083
"Tmod3",-0.250206042314521,0.154093741853127,-0.21724203319111,0.284244266265046,"tropomodulin 3 [Source:MGI Symbol;Acc:MGI:1355315]",-0.233724037752815
"Cnot6l",-0.27223632113935,0.238191551968489,-0.194973869269825,0.482152802118127,"CCR4-NOT transcription complex, subunit 6-like [Source:MGI Symbol;Acc:MGI:2443154]",-0.233605095204587
"Trio",-0.216016844427305,0.196117319584293,-0.249989809343743,0.207671701037539,"triple functional domain (PTPRF interacting) [Source:MGI Symbol;Acc:MGI:1927230]",-0.233003326885524
"Rybp",-0.26094788177306,0.166566788691954,-0.204753304073849,0.353236050381744,"RING1 and YY1 binding protein [Source:MGI Symbol;Acc:MGI:1929059]",-0.232850592923455
"Arrb1",-0.265058977662647,0.163672506268977,-0.200219820126543,0.365925594252758,"arrestin, beta 1 [Source:MGI Symbol;Acc:MGI:99473]",-0.232639398894595
"Bag4",-0.312900899102845,0.144257066436005,-0.152241670875256,0.55820161064459,"BCL2-associated athanogene 4 [Source:MGI Symbol;Acc:MGI:1914634]",-0.23257128498905
"Vsig10l",-0.294214647245343,0.23645522557922,-0.17075689297887,0.575708650355488,"V-set and immunoglobulin domain containing 10 like [Source:MGI Symbol;Acc:MGI:1922940]",-0.232485770112107
"Lrch3",-0.244489886424895,0.130620088622396,-0.219957501627849,0.239806279747421,"leucine-rich repeats and calponin homology (CH) domain containing 3 [Source:MGI Symbol;Acc:MGI:1917394]",-0.232223694026372
"Kidins220",-0.234590269972813,0.131567032413224,-0.229774302678334,0.207671701037539,"kinase D-interacting substrate 220 [Source:MGI Symbol;Acc:MGI:1924730]",-0.232182286325574
"Pdzd8",-0.241016295544381,0.147019022706755,-0.223279402010155,0.247668502349829,"PDZ domain containing 8 [Source:MGI Symbol;Acc:MGI:2677270]",-0.232147848777268
"Zfp54",-0.23071718881077,0.129146852341323,-0.233376417754252,0.198636638967883,"zinc finger protein 54 [Source:MGI Symbol;Acc:MGI:99201]",-0.232046803282511
"Arhgef11",-0.205526593912516,0.231983269617418,-0.25848024469694,0.207671701037539,"Rho guanine nucleotide exchange factor 11 [Source:MGI Symbol;Acc:MGI:2441869]",-0.232003419304728
"Cggbp1",-0.204346481306371,0.175719054150285,-0.259002174848538,0.168199190822752,"CGG triplet repeat binding protein 1 [Source:MGI Symbol;Acc:MGI:2146370]",-0.231674328077454
"Suclg2",-0.293445898681571,0.143860339725908,-0.169758337197527,0.477305370279528,"succinate-Coenzyme A ligase, GDP-forming, beta subunit [Source:MGI Symbol;Acc:MGI:1306824]",-0.231602117939549
"Rabgap1",-0.224947746409666,0.0637876738560168,-0.237628406322414,0.162729965916785,"RAB GTPase activating protein 1 [Source:MGI Symbol;Acc:MGI:2385139]",-0.23128807636604
"Hadha",-0.270776577225601,0.150390533738052,-0.191712799926684,0.376518771339491,"hydroxyacyl-CoA dehydrogenase trifunctional multienzyme complex subunit alpha [Source:MGI Symbol;Acc:MGI:2135593]",-0.231244688576142
"Hnf1b",-0.185201305427868,0.294142587978077,-0.27717615267356,0.198636638967883,"HNF1 homeobox B [Source:MGI Symbol;Acc:MGI:98505]",-0.231188729050714
"Rprd2",-0.268952466054633,0.0661438910557506,-0.193350043382585,0.249585444855835,"regulation of nuclear pre-mRNA domain containing 2 [Source:MGI Symbol;Acc:MGI:1922387]",-0.231151254718609
"Uhrf1bp1l",-0.247688092719039,0.0835453864907483,-0.214558690373571,0.2051278057827,NA,-0.231123391546305
"Dvl3",-0.189462075239549,0.198472045245765,-0.272377659037738,0.162729965916785,"dishevelled segment polarity protein 3 [Source:MGI Symbol;Acc:MGI:108100]",-0.230919867138643
"Camk1d",-0.268679951587956,0.124941507690441,-0.192626565312446,0.343228947207153,"calcium/calmodulin-dependent protein kinase ID [Source:MGI Symbol;Acc:MGI:2442190]",-0.230653258450201
"Rhot2",-0.215559099050758,0.139611251903646,-0.245556043462813,0.173466961858323,"ras homolog family member T2 [Source:MGI Symbol;Acc:MGI:2384892]",-0.230557571256785
"Ppp1r7",-0.315443082987036,0.0837882641805117,-0.145216152611653,0.497725647924653,"protein phosphatase 1, regulatory subunit 7 [Source:MGI Symbol;Acc:MGI:1913635]",-0.230329617799344
"Zbtb44",-0.297041368884726,0.117317653254904,-0.163614333527815,0.463159637053283,"zinc finger and BTB domain containing 44 [Source:MGI Symbol;Acc:MGI:1925123]",-0.23032785120627
"Tgfbr1",-0.257387936800914,0.15298930121479,-0.202353964260013,0.330645912467191,"transforming growth factor, beta receptor I [Source:MGI Symbol;Acc:MGI:98728]",-0.229870950530463
"Zfp236",-0.224541868973671,0.159304996708184,-0.235185264116177,0.211990799563668,"zinc finger protein 236 [Source:MGI Symbol;Acc:MGI:1926950]",-0.229863566544924
"Mef2a",-0.226171692391536,0.146321930431101,-0.233480795005878,0.207628963006614,"myocyte enhancer factor 2A [Source:MGI Symbol;Acc:MGI:99532]",-0.229826243698707
"Stx6",-0.237345277765151,0.0914314997533151,-0.222102916404904,0.197059692246577,"syntaxin 6 [Source:MGI Symbol;Acc:MGI:1926235]",-0.229724097085028
"Asb4",-0.332026872521902,0.239531668164895,-0.127321339873468,0.731798789659846,"ankyrin repeat and SOCS box-containing 4 [Source:MGI Symbol;Acc:MGI:1929751]",-0.229674106197685
"Rab11fip4",-0.30736029486375,0.0825245682726975,-0.151833949188195,0.462346421092243,"RAB11 family interacting protein 4 (class II) [Source:MGI Symbol;Acc:MGI:2442920]",-0.229597122025972
"Mks1",-0.269612264280691,0.183331063476315,-0.189324761772281,0.430107207720279,"MKS transition zone complex subunit 1 [Source:MGI Symbol;Acc:MGI:3584243]",-0.229468513026486
"Tgoln1",-0.199245626675183,0.280801275120934,-0.259412291628661,0.236615362214997,"trans-golgi network protein [Source:MGI Symbol;Acc:MGI:105080]",-0.229328959151922
"Dag1",-0.276209131974001,0.166191355292453,-0.182099346215968,0.440506483102033,"dystroglycan 1 [Source:MGI Symbol;Acc:MGI:101864]",-0.229154239094985
"Blzf1",-0.239132376524488,0.119853616473189,-0.219013113667021,0.226220970068577,"basic leucine zipper nuclear factor 1 [Source:MGI Symbol;Acc:MGI:1201607]",-0.229072745095754
"F2r",-0.323243666313913,0.209670198313337,-0.133328706507454,0.691669282059886,"coagulation factor II thrombin receptor [Source:MGI Symbol;Acc:MGI:101802]",-0.228286186410683
"Mtmr9",-0.249290903653962,0.148988459883875,-0.206830978225212,0.301128066890302,"myotubularin related protein 9 [Source:MGI Symbol;Acc:MGI:2442842]",-0.228060940939587
"Zfp947",-0.279018826476478,0.07605650333378,-0.177012694644537,0.321617074905296,"zinc finger protein 947 [Source:MGI Symbol;Acc:MGI:3646759]",-0.228015760560508
"Gk5",-0.287886217378935,0.120955808470152,-0.168080203267853,0.439107335937028,"glycerol kinase 5 [Source:MGI Symbol;Acc:MGI:2443336]",-0.227983210323394
"Fbxl5",-0.241840848327347,0.195007548414031,-0.213841882428639,0.324091264455326,"F-box and leucine-rich repeat protein 5 [Source:MGI Symbol;Acc:MGI:2152883]",-0.227841365377993
"Arhgef2",-0.259583306048856,0.21038363546022,-0.195645853633357,0.426716864810086,"Rho/Rac guanine nucleotide exchange factor 2 [Source:MGI Symbol;Acc:MGI:103264]",-0.227614579841107
"Rasa2",-0.224025244740181,0.18700716983213,-0.231175574886841,0.244445160818948,"RAS p21 protein activator 2 [Source:MGI Symbol;Acc:MGI:2149960]",-0.227600409813511
"Pcdh7",-0.299244978784628,0.238839145024805,-0.155777127865565,0.622544411498073,"protocadherin 7 [Source:MGI Symbol;Acc:MGI:1860487]",-0.227511053325097
"Lrig2",-0.240788688626524,0.0914314997533151,-0.213687559293993,0.207041265355528,"leucine-rich repeats and immunoglobulin-like domains 2 [Source:MGI Symbol;Acc:MGI:2443718]",-0.227238123960258
"Usp34",-0.240220907653195,0.0851671452888395,-0.214202722123117,0.198636638967883,"ubiquitin specific peptidase 34 [Source:MGI Symbol;Acc:MGI:109473]",-0.227211814888156
"St7l",-0.277224471648433,0.074834547410225,-0.177145608165786,0.316936056067264,"suppression of tumorigenicity 7-like [Source:MGI Symbol;Acc:MGI:2386964]",-0.22718503990711
"Zfp148",-0.232968883393465,0.157346119258705,-0.220981358208146,0.249056748783474,"zinc finger protein 148 [Source:MGI Symbol;Acc:MGI:1332234]",-0.226975120800806
"Foxo3",-0.217336066242201,0.165347547695046,-0.236165199977815,0.207628963006614,"forkhead box O3 [Source:MGI Symbol;Acc:MGI:1890081]",-0.226750633110008
"Rfwd2",-0.213669530636536,0.235826102723222,-0.238828159835641,0.258030575115669,NA,-0.226248845236089
"Gm20449",-0.243809255157319,0.245818873544123,-0.208594699292576,0.399691431756999,"predicted gene 20449 [Source:MGI Symbol;Acc:MGI:5141914]",-0.226201977224948
"Kat6a",-0.224103352620464,0.224488626911873,-0.228205292920403,0.288242676988381,"K(lysine) acetyltransferase 6A [Source:MGI Symbol;Acc:MGI:2442415]",-0.226154322770434
"Errfi1",-0.41117465168687,0.242654301748257,-0.0411276157867208,0.941381549452116,"ERBB receptor feedback inhibitor 1 [Source:MGI Symbol;Acc:MGI:1921405]",-0.226151133736795
"Tdg",-0.281005313366075,0.110939960150919,-0.1711243079,0.403556275441787,"thymine DNA glycosylase [Source:MGI Symbol;Acc:MGI:108247]",-0.226064810633037
"Ppp6r3",-0.251700669153937,0.138231026637114,-0.200294502635772,0.305320048038166,"protein phosphatase 6, regulatory subunit 3 [Source:MGI Symbol;Acc:MGI:1921807]",-0.225997585894855
"Trappc10",-0.265378870985672,0.195925814933329,-0.186578206495137,0.443795232376789,"trafficking protein particle complex 10 [Source:MGI Symbol;Acc:MGI:1336209]",-0.225978538740404
"Zfp24",-0.247742874591787,0.124301891504331,-0.204024003640906,0.268635117695908,"zinc finger protein 24 [Source:MGI Symbol;Acc:MGI:1929704]",-0.225883439116347
"Usp45",-0.238591830414625,0.201609703577943,-0.212952638719008,0.329057681039393,"ubiquitin specific petidase 45 [Source:MGI Symbol;Acc:MGI:101850]",-0.225772234566816
"Mkl2",-0.220373045447011,0.226444881108124,-0.228898262776377,0.283415637914767,NA,-0.224635654111694
"Pign",-0.237637997522742,0.238872413275295,-0.210979588130927,0.370302685354297,"phosphatidylinositol glycan anchor biosynthesis, class N [Source:MGI Symbol;Acc:MGI:1351629]",-0.224308792826834
"Bdp1",-0.212592630075862,0.16737044365746,-0.235909437003503,0.2051278057827,"B double prime 1, subunit of RNA polymerase III transcription initiation factor IIIB [Source:MGI Symbol;Acc:MGI:1347077]",-0.224251033539683
"Myom3",-0.0669489961549156,0.820203844685005,-0.38139580647027,0.207671701037539,"myomesin family, member 3 [Source:MGI Symbol;Acc:MGI:2685280]",-0.224172401312593
"Hbp1",-0.24528122477499,0.0914314997533151,-0.202724998063767,0.232507635359052,"high mobility group box transcription factor 1 [Source:MGI Symbol;Acc:MGI:894659]",-0.224003111419379
"Mid2",-0.149135138195594,0.509275596344489,-0.297687952856681,0.242908617964919,"midline 2 [Source:MGI Symbol;Acc:MGI:1344333]",-0.223411545526138
"Zfx",-0.243133492190532,0.195925814933329,-0.203520813037081,0.354916868668818,"zinc finger protein X-linked [Source:MGI Symbol;Acc:MGI:99211]",-0.223327152613807
"Acvr1",-0.22440057277813,0.225956046978317,-0.222023353256209,0.305320048038166,"activin A receptor, type 1 [Source:MGI Symbol;Acc:MGI:87911]",-0.22321196301717
"Btc",-0.285182861287556,0.204251294335908,-0.160943689524133,0.556921355871507,"betacellulin, epidermal growth factor family member [Source:MGI Symbol;Acc:MGI:99439]",-0.223063275405844
"Cep162",-0.234823085965356,0.135616882529186,-0.211164503448366,0.244445160818948,"centrosomal protein 162 [Source:MGI Symbol;Acc:MGI:1925343]",-0.222993794706861
"Kdm5b",-0.226040032791541,0.137736907637988,-0.21968301106002,0.221452877716896,"lysine demethylase 5B [Source:MGI Symbol;Acc:MGI:1922855]",-0.222861521925781
"Sh3glb1",-0.25077877942703,0.0914314997533151,-0.194707489947247,0.25307039903829,"SH3-domain GRB2-like B1 (endophilin) [Source:MGI Symbol;Acc:MGI:1859730]",-0.222743134687138
"Kat6b",-0.232895469136015,0.155590713125174,-0.212272620513779,0.264708507942624,"K(lysine) acetyltransferase 6B [Source:MGI Symbol;Acc:MGI:1858746]",-0.222584044824897
"Rnf115",-0.234507967660168,0.249896859642548,-0.210331188828138,0.377908323867362,"ring finger protein 115 [Source:MGI Symbol;Acc:MGI:1915095]",-0.222419578244153
"Tmem63b",-0.225710869353311,0.144966772588273,-0.219058517686731,0.229978839117901,"transmembrane protein 63b [Source:MGI Symbol;Acc:MGI:2387609]",-0.222384693520021
"Plekha7",-0.23222663694165,0.246785359003007,-0.212123309880645,0.367290317410786,"pleckstrin homology domain containing, family A member 7 [Source:MGI Symbol;Acc:MGI:2445094]",-0.222174973411148
"Synj1",-0.215688094195825,0.195527088153784,-0.228643010036352,0.241107405137824,"synaptojanin 1 [Source:MGI Symbol;Acc:MGI:1354961]",-0.222165552116089
"Rad23b",-0.233463174990405,0.208466711613401,-0.209514385969282,0.334036514713947,"RAD23 homolog B, nucleotide excision repair protein [Source:MGI Symbol;Acc:MGI:105128]",-0.221488780479843
"Mbd5",-0.242036640820234,0.23663971716794,-0.200257518117898,0.405361620050561,"methyl-CpG binding domain protein 5 [Source:MGI Symbol;Acc:MGI:2138934]",-0.221147079469066
"Cnot1",-0.227977011454565,0.182725525017767,-0.213599568354374,0.284506747706734,"CCR4-NOT transcription complex, subunit 1 [Source:MGI Symbol;Acc:MGI:2442402]",-0.220788289904469
"Ttc17",-0.241878584642849,0.120303299240416,-0.199202189119984,0.265663512036182,"tetratricopeptide repeat domain 17 [Source:MGI Symbol;Acc:MGI:1921819]",-0.220540386881417
"Herc2",-0.252043807704055,0.100862809232081,-0.188865705840317,0.288554896164454,"HECT and RLD domain containing E3 ubiquitin protein ligase 2 [Source:MGI Symbol;Acc:MGI:103234]",-0.220454756772186
"Cyfip1",-0.239061414233079,0.100672075610032,-0.200964469147222,0.239343773696918,"cytoplasmic FMR1 interacting protein 1 [Source:MGI Symbol;Acc:MGI:1338801]",-0.220012941690151
"Bmpr1a",-0.226703151660024,0.19318163594187,-0.213290222155634,0.29286559982609,"bone morphogenetic protein receptor, type 1A [Source:MGI Symbol;Acc:MGI:1338938]",-0.219996686907829
"Adam10",-0.201197612597907,0.252440496986479,-0.238786645367962,0.249606104039343,"a disintegrin and metallopeptidase domain 10 [Source:MGI Symbol;Acc:MGI:109548]",-0.219992128982935
"Zfp758",-0.23880472702926,0.182251457348356,-0.201138677034856,0.335793892880295,"zinc finger protein 758 [Source:MGI Symbol;Acc:MGI:2385044]",-0.219971702032058
"Pdlim1",-0.250638223576831,0.249614169746332,-0.189156213688317,0.469887053519836,"PDZ and LIM domain 1 (elfin) [Source:MGI Symbol;Acc:MGI:1860611]",-0.219897218632574
"D8Ertd82e",-0.216024810238371,0.142102564708642,-0.223211427976705,0.2051278057827,NA,-0.219618119107538
"Sos2",-0.205035133341699,0.119083658676752,-0.234135431243287,0.165990540694087,"SOS Ras/Rho guanine nucleotide exchange factor 2 [Source:MGI Symbol;Acc:MGI:98355]",-0.219585282292493
"Fryl",-0.158831021526177,0.379279547805932,-0.279395146673758,0.198636638967883,"FRY like transcription coactivator [Source:MGI Symbol;Acc:MGI:1919563]",-0.219113084099967
"Zfp280c",-0.285141418402861,0.21569581142119,-0.152974980696561,0.589060653063226,"zinc finger protein 280C [Source:MGI Symbol;Acc:MGI:2387585]",-0.219058199549711
"Foxn3",-0.317756479079902,0.178592923623573,-0.120219633220079,0.696716595043283,"forkhead box N3 [Source:MGI Symbol;Acc:MGI:1918625]",-0.218988056149991
"Otud4",-0.216905866251214,0.246285011336316,-0.220375445236783,0.315397246921332,"OTU domain containing 4 [Source:MGI Symbol;Acc:MGI:1098801]",-0.218640655743998
"Rc3h1",-0.204141277955329,0.179058916646396,-0.233077649408408,0.2051278057827,"RING CCCH (C3H) domains 1 [Source:MGI Symbol;Acc:MGI:2685397]",-0.218609463681869
"Zfp788",-0.228633302956917,0.138847330872487,-0.208527745402745,0.243005350594982,"zinc finger protein 788 [Source:MGI Symbol;Acc:MGI:1914857]",-0.218580524179831
"D430042O09Rik",-0.218220289635373,0.187710233418603,-0.218696408803342,0.257079036664102,NA,-0.218458349219358
"Prpf8",-0.260549598532803,0.139611251903646,-0.175761824256598,0.39004924753229,"pre-mRNA processing factor 8 [Source:MGI Symbol;Acc:MGI:2179381]",-0.218155711394701
"Smek2",-0.234316105844396,0.138847330872487,-0.200855059584738,0.26912072208772,NA,-0.217585582714567
"Epb41l5",-0.235208694111822,0.224739393778371,-0.19980107163323,0.375689253832576,"erythrocyte membrane protein band 4.1 like 5 [Source:MGI Symbol;Acc:MGI:103006]",-0.217504882872526
"Magi1",-0.22288661651338,0.239491725760165,-0.211716226661624,0.343428818403893,"membrane associated guanylate kinase, WW and PDZ domain containing 1 [Source:MGI Symbol;Acc:MGI:1203522]",-0.217301421587502
"Zfp780b",-0.143064302355232,0.493082947783977,-0.2901542396425,0.228319018180083,"zinc finger protein 780B [Source:MGI Symbol;Acc:MGI:2444764]",-0.216609270998866
"Lin7c",-0.254133047793601,0.138008973542353,-0.179014383688494,0.364833220876371,"lin-7 homolog C, crumbs cell polarity complex component [Source:MGI Symbol;Acc:MGI:1330839]",-0.216573715741048
"Dnajc13",-0.211018641755474,0.150795375768762,-0.2218134696326,0.206542336174732,"DnaJ heat shock protein family (Hsp40) member C13 [Source:MGI Symbol;Acc:MGI:2676368]",-0.216416055694037
"Galnt15",-0.303023145210718,0.23663971716794,-0.12960632811706,0.700132097409065,"polypeptide N-acetylgalactosaminyltransferase 15 [Source:MGI Symbol;Acc:MGI:1926004]",-0.216314736663889
"Pdpk1",-0.180553600957532,0.308501886426946,-0.251970382445159,0.231798814786023,"3-phosphoinositide dependent protein kinase 1 [Source:MGI Symbol;Acc:MGI:1338068]",-0.216261991701346
"Smg7",-0.196029631156805,0.0997857256982403,-0.235859610470493,0.162729965916785,"SMG7 nonsense mediated mRNA decay factor [Source:MGI Symbol;Acc:MGI:2682334]",-0.215944620813649
"Agtr1a",-0.309351555976495,0.246785359003007,-0.122213597273109,0.731055173965277,"angiotensin II receptor, type 1a [Source:MGI Symbol;Acc:MGI:87964]",-0.215782576624802
"Zfp777",-0.266944171704229,0.0708322652023672,-0.164509382952536,0.328869220178871,"zinc finger protein 777 [Source:MGI Symbol;Acc:MGI:1919556]",-0.215726777328383
"Hsdl2",-0.235319451912709,0.210800099436549,-0.196056209148317,0.370390584289318,"hydroxysteroid dehydrogenase like 2 [Source:MGI Symbol;Acc:MGI:1919729]",-0.215687830530513
"Ppfia1",-0.201285672291885,0.214696915784196,-0.229666702468379,0.231656139399433,"protein tyrosine phosphatase, receptor type, f polypeptide (PTPRF), interacting protein (liprin), alpha 1 [Source:MGI Symbol;Acc:MGI:1924750]",-0.215476187380132
"Mtmr12",-0.265702723199005,0.0922959912658226,-0.165119264586853,0.364833220876371,"myotubularin related protein 12 [Source:MGI Symbol;Acc:MGI:2443034]",-0.215410993892929
"Kcnk2",-0.295070419864688,0.246785359003007,-0.135739856297504,0.680390028434207,"potassium channel, subfamily K, member 2 [Source:MGI Symbol;Acc:MGI:109366]",-0.215405138081096
"Gtpbp10",-0.255442242098267,0.195007548414031,-0.175087013341007,0.453388227399915,"GTP-binding protein 10 (putative) [Source:MGI Symbol;Acc:MGI:2385599]",-0.215264627719637
"Cux1",-0.245723410951449,0.101706166086594,-0.184606372623698,0.288242676988381,"cut-like homeobox 1 [Source:MGI Symbol;Acc:MGI:88568]",-0.215164891787574
"Ppp2r5d",-0.255168123176936,0.248790883037687,-0.174861206527545,0.514919955305668,"protein phosphatase 2, regulatory subunit B', delta [Source:MGI Symbol;Acc:MGI:2388481]",-0.21501466485224
"Tmem170b",-0.259610937703681,0.0968417499731762,-0.170300773146485,0.34971203916306,"transmembrane protein 170B [Source:MGI Symbol;Acc:MGI:3647046]",-0.214955855425083
"Zfp943",-0.232863792026942,0.074834547410225,-0.19637244610281,0.204601147745329,"zinc finger prtoein 943 [Source:MGI Symbol;Acc:MGI:1921920]",-0.214618119064876
"Rnf13",-0.327828017242582,0.0999710996843302,-0.101406704513964,0.695534415936995,"ring finger protein 13 [Source:MGI Symbol;Acc:MGI:1346341]",-0.214617360878273
"Fbxo38",-0.238450808578944,0.108681545830339,-0.190356703973323,0.267263530582356,"F-box protein 38 [Source:MGI Symbol;Acc:MGI:2444639]",-0.214403756276134
"Elmod2",-0.246497426534521,0.198027254742777,-0.181927659941089,0.421859308954965,"ELMO/CED-12 domain containing 2 [Source:MGI Symbol;Acc:MGI:2445165]",-0.214212543237805
"Eif4enif1",-0.245028875718364,0.0194640981916474,-0.182403602636787,0.162729965916785,"eukaryotic translation initiation factor 4E nuclear import factor 1 [Source:MGI Symbol;Acc:MGI:1921453]",-0.213716239177575
"Fbxo11",-0.226953066029071,0.0419473474338183,-0.200193140343862,0.162729965916785,"F-box protein 11 [Source:MGI Symbol;Acc:MGI:2147134]",-0.213573103186466
"Zmym2",-0.221200960164193,0.132953466986755,-0.205866200563367,0.231000115785735,"zinc finger, MYM-type 2 [Source:MGI Symbol;Acc:MGI:1923257]",-0.21353358036378
"Yme1l1",-0.223932416386911,0.1621012707208,-0.202819114928068,0.274038824157328,"YME1-like 1 (S. cerevisiae) [Source:MGI Symbol;Acc:MGI:1351651]",-0.21337576565749
"Sp1",-0.201906752534417,0.198788622922431,-0.224683741207815,0.229360424372913,"trans-acting transcription factor 1 [Source:MGI Symbol;Acc:MGI:98372]",-0.213295246871116
"Coa7",-0.357747691116458,0.180572622397211,-0.0682843891162275,0.858668352271864,"cytochrome c oxidase assembly factor 7 [Source:MGI Symbol;Acc:MGI:1917143]",-0.213016040116343
"Dhx40",-0.254288891885411,0.0419473474338183,-0.171443111946373,0.228319018180083,"DEAH-box helicase 40 [Source:MGI Symbol;Acc:MGI:1914737]",-0.212866001915892
"Lztfl1",-0.167227707006236,0.246404804569094,-0.258272521768359,0.168155026440401,"leucine zipper transcription factor-like 1 [Source:MGI Symbol;Acc:MGI:1934860]",-0.212750114387298
"Tcf12",-0.227878258401687,0.195007548414031,-0.197386205313695,0.335793892880295,"transcription factor 12 [Source:MGI Symbol;Acc:MGI:101877]",-0.212632231857691
"Ireb2",-0.23321036442509,0.167679657020744,-0.191161273139857,0.330645912467191,"iron responsive element binding protein 2 [Source:MGI Symbol;Acc:MGI:1928268]",-0.212185818782474
"Gnpda2",-0.22249750575967,0.124941507690441,-0.201762050660205,0.233133573956131,"glucosamine-6-phosphate deaminase 2 [Source:MGI Symbol;Acc:MGI:1915230]",-0.212129778209938
"Fbxl20",-0.235336051374263,0.108298839231922,-0.1888504801765,0.264708507942624,"F-box and leucine-rich repeat protein 20 [Source:MGI Symbol;Acc:MGI:1919444]",-0.212093265775382
"Nampt",-0.243437063617331,0.229981325812855,-0.180344758982344,0.454539371018165,"nicotinamide phosphoribosyltransferase [Source:MGI Symbol;Acc:MGI:1929865]",-0.211890911299838
"Gpalpp1",-0.25480693329961,0.120440486618652,-0.168481366382887,0.370390584289318,"GPALPP motifs containing 1 [Source:MGI Symbol;Acc:MGI:1914717]",-0.211644149841249
"Ankrd28",-0.255438944723915,0.0647096037503236,-0.167629174229481,0.286609508979727,"ankyrin repeat domain 28 [Source:MGI Symbol;Acc:MGI:2145661]",-0.211534059476698
"Rnf141",-0.225396790731671,0.209670198313337,-0.197571766905957,0.347029585584809,"ring finger protein 141 [Source:MGI Symbol;Acc:MGI:1914400]",-0.211484278818814
"Atg4b",-0.271260204286636,0.0914314997533151,-0.151260029320257,0.421017036596648,"autophagy related 4B, cysteine peptidase [Source:MGI Symbol;Acc:MGI:1913865]",-0.211260116803447
"Huwe1",-0.225906720095535,0.249275151292326,-0.196249968353413,0.39556411652762,"HECT, UBA and WWE domain containing 1 [Source:MGI Symbol;Acc:MGI:1926884]",-0.211078344224474
"Zfp869",-0.303767307445759,0.0445969496299449,-0.11835316922766,0.498965667328602,"zinc finger protein 869 [Source:MGI Symbol;Acc:MGI:1914119]",-0.21106023833671
"Lin54",-0.206397583027914,0.192607682416461,-0.215416161926965,0.244000744481342,"lin-54 DREAM MuvB core complex component [Source:MGI Symbol;Acc:MGI:2140902]",-0.210906872477439
"Ccdc50",-0.239139052308858,0.194778982982196,-0.182529747506719,0.396652715734746,"coiled-coil domain containing 50 [Source:MGI Symbol;Acc:MGI:1914751]",-0.210834399907789
"Wapl",-0.21847232970217,0.163005242121357,-0.203146567119178,0.264708507942624,"WAPL cohesin release factor [Source:MGI Symbol;Acc:MGI:2675859]",-0.210809448410674
"Kif2a",-0.184022720807059,0.204313607276748,-0.237027900676585,0.190358280034309,"kinesin family member 2A [Source:MGI Symbol;Acc:MGI:108390]",-0.210525310741822
"Slain2",-0.216260454687264,0.179812773187903,-0.204533712594301,0.274820916281842,"SLAIN motif family, member 2 [Source:MGI Symbol;Acc:MGI:1923241]",-0.210397083640782
"Rnpc3",-0.243475369157808,0.0445904694260058,-0.176972146674564,0.207628963006614,"RNA-binding region (RNP1, RRM) containing 3 [Source:MGI Symbol;Acc:MGI:1914475]",-0.210223757916186
"Zkscan1",-0.235684089672891,0.109772269241372,-0.184473133325537,0.278151439441425,"zinc finger with KRAB and SCAN domains 1 [Source:MGI Symbol;Acc:MGI:1921820]",-0.210078611499214
"Bgn",-0.262552847323198,0.247596338030197,-0.157460713525116,0.573804069049727,"biglycan [Source:MGI Symbol;Acc:MGI:88158]",-0.210006780424157
"Wsb1",-0.193889106315084,0.208734715298768,-0.226109755573451,0.218958715344851,"WD repeat and SOCS box-containing 1 [Source:MGI Symbol;Acc:MGI:1926139]",-0.209999430944267
"Pcnx",-0.224863272132522,0.139703126626738,-0.195120766568475,0.267263530582356,NA,-0.209992019350498
"Cramp1l",-0.218900061813127,0.0927175024606115,-0.200820255864157,0.198636638967883,NA,-0.209860158838642
"Spon1",-0.316990683973459,0.183020414936255,-0.102535038557381,0.746290784139088,"spondin 1, (f-spondin) extracellular matrix protein [Source:MGI Symbol;Acc:MGI:2385287]",-0.20976286126542
"Daam2",-0.286956458720841,0.243439474258573,-0.13241964883711,0.676913075170692,"dishevelled associated activator of morphogenesis 2 [Source:MGI Symbol;Acc:MGI:1923691]",-0.209688053778976
"Hipk1",-0.231089298591354,0.17772858552513,-0.188230621632176,0.346169656285553,"homeodomain interacting protein kinase 1 [Source:MGI Symbol;Acc:MGI:1314873]",-0.209659960111765
"Rbl2",-0.200976938131624,0.166378292051298,-0.218337505523222,0.207671701037539,"RB transcriptional corepressor like 2 [Source:MGI Symbol;Acc:MGI:105085]",-0.209657221827423
"Flt4",-0.299254114033654,0.21111160999522,-0.119931839407571,0.702656957651826,"FMS-like tyrosine kinase 4 [Source:MGI Symbol;Acc:MGI:95561]",-0.209592976720613
"Ipo7",-0.242147069494347,0.247476249444488,-0.176676697386444,0.485435090324482,"importin 7 [Source:MGI Symbol;Acc:MGI:2152414]",-0.209411883440396
"Dpf2",-0.28421461075471,0.0327906244937893,-0.134006906967787,0.329057681039393,"double PHD fingers 2 [Source:MGI Symbol;Acc:MGI:109529]",-0.209110758861248
"Wdr44",-0.179761892197584,0.235157071631683,-0.238123767250403,0.198636638967883,"WD repeat domain 44 [Source:MGI Symbol;Acc:MGI:1919654]",-0.208942829723994
"Cage1",-0.279844259221953,0.245964207911688,-0.137521120867684,0.649762683726356,"cancer antigen 1 [Source:MGI Symbol;Acc:MGI:1918463]",-0.208682690044818
"Clint1",-0.214727187534081,0.217544477868832,-0.202198724421578,0.318883201214835,"clathrin interactor 1 [Source:MGI Symbol;Acc:MGI:2144243]",-0.208462955977829
"Ago2",-0.197293525300309,0.195007548414031,-0.219582237166875,0.226220970068577,"argonaute RISC catalytic subunit 2 [Source:MGI Symbol;Acc:MGI:2446632]",-0.208437881233592
"Antxr2",-0.164928741774382,0.372948106346595,-0.251540828014968,0.241107405137824,"anthrax toxin receptor 2 [Source:MGI Symbol;Acc:MGI:1919164]",-0.208234784894675
"Fam21",-0.2558006581443,0.042469730221528,-0.160276670804994,0.255013169547826,NA,-0.208038664474647
"Mtmr6",-0.216036758829321,0.132784716318393,-0.199994742353917,0.232507635359052,"myotubularin related protein 6 [Source:MGI Symbol;Acc:MGI:2145637]",-0.208015750591619
"Fam210a",-0.219276979617567,0.222600703485698,-0.196686366953625,0.350857538605909,"family with sequence similarity 210, member A [Source:MGI Symbol;Acc:MGI:1914000]",-0.207981673285596
"Strbp",-0.232899332864983,0.0442200713873098,-0.182984305958188,0.188448346544531,"spermatid perinuclear RNA binding protein [Source:MGI Symbol;Acc:MGI:104626]",-0.207941819411585
"Dnmbp",-0.201008198423121,0.159304996708184,-0.21484399645505,0.207628963006614,"dynamin binding protein [Source:MGI Symbol;Acc:MGI:1917352]",-0.207926097439086
"Map4k5",-0.221813679178802,0.199872064909066,-0.193302550649645,0.339462846137954,"mitogen-activated protein kinase kinase kinase kinase 5 [Source:MGI Symbol;Acc:MGI:1925503]",-0.207558114914223
"Sp2",-0.239949166249632,0.0323870780769041,-0.174791616981313,0.168155026440401,"Sp2 transcription factor [Source:MGI Symbol;Acc:MGI:1926162]",-0.207370391615472
"Dock6",-0.130989811430159,0.465430974437337,-0.283520523836526,0.191681765994604,"dedicator of cytokinesis 6 [Source:MGI Symbol;Acc:MGI:1914789]",-0.207255167633343
"Arel1",-0.217630911283895,0.194968953862264,-0.196549233045141,0.314235254000303,"apoptosis resistant E3 ubiquitin protein ligase 1 [Source:MGI Symbol;Acc:MGI:1915747]",-0.207090072164518
"Ankrd52",-0.212136077013902,0.194402510008622,-0.201523605307586,0.288242676988381,"ankyrin repeat domain 52 [Source:MGI Symbol;Acc:MGI:2444029]",-0.206829841160744
"Pik3c2b",-0.165955645290962,0.357368948124685,-0.24765859301071,0.239343773696918,"phosphatidylinositol-4-phosphate 3-kinase catalytic subunit type 2 beta [Source:MGI Symbol;Acc:MGI:2685045]",-0.206807119150836
"Rnf19a",-0.247529563199505,0.162171235083538,-0.165824039549579,0.427649966530886,"ring finger protein 19A [Source:MGI Symbol;Acc:MGI:1353623]",-0.206676801374542
"Mast2",-0.20960512868085,0.238872413275295,-0.203485715777884,0.328755578513273,"microtubule associated serine/threonine kinase 2 [Source:MGI Symbol;Acc:MGI:894676]",-0.206545422229367
"Igf2r",-0.214469429527072,0.183146981363222,-0.198392025617411,0.290835464935144,"insulin-like growth factor 2 receptor [Source:MGI Symbol;Acc:MGI:96435]",-0.206430727572242
"Farp1",-0.216601311301858,0.240506725076983,-0.196103101487833,0.364833220876371,"FERM, ARH/RhoGEF and pleckstrin domain protein 1 [Source:MGI Symbol;Acc:MGI:2446173]",-0.206352206394845
"Zfp791",-0.340749634337829,0.143474317490944,-0.07165624192226,0.820267381639167,"zinc finger protein 791 [Source:MGI Symbol;Acc:MGI:3648473]",-0.206202938130045
"Usp47",-0.184019501832785,0.222043972778688,-0.228114185254407,0.207628963006614,"ubiquitin specific peptidase 47 [Source:MGI Symbol;Acc:MGI:1922246]",-0.206066843543596
"Zyg11b",-0.23030644886096,0.17276626204294,-0.181619017897943,0.356775455633766,"zyg-ll family member B, cell cycle regulator [Source:MGI Symbol;Acc:MGI:2685277]",-0.205962733379451
"Prkci",-0.228367063159523,0.14881451990042,-0.182580762456496,0.317149516423875,"protein kinase C, iota [Source:MGI Symbol;Acc:MGI:99260]",-0.205473912808009
"Synrg",-0.213153807139115,0.173531656646686,-0.19759256693597,0.278151439441425,"synergin, gamma [Source:MGI Symbol;Acc:MGI:1354742]",-0.205373187037542
"Dlg1",-0.210690299833868,0.177679965465482,-0.19976285619551,0.270775910704562,"discs large MAGUK scaffold protein 1 [Source:MGI Symbol;Acc:MGI:107231]",-0.205226578014689
"Stxbp5",-0.25195371366529,0.0910415001860427,-0.157696391857016,0.357564993960596,"syntaxin binding protein 5 (tomosyn) [Source:MGI Symbol;Acc:MGI:1926058]",-0.204825052761153
"Dnajc5",-0.246112490827738,0.134705941760999,-0.163204222458463,0.390512056507219,"DnaJ heat shock protein family (Hsp40) member C5 [Source:MGI Symbol;Acc:MGI:892995]",-0.204658356643101
"Trp53bp2",-0.194170265396494,0.17676497423367,-0.214732597698898,0.207671701037539,"transformation related protein 53 binding protein 2 [Source:MGI Symbol;Acc:MGI:2138319]",-0.204451431547696
"Eif2ak2",-0.212935962591569,0.174634533706185,-0.195684739442857,0.283846534583332,"eukaryotic translation initiation factor 2-alpha kinase 2 [Source:MGI Symbol;Acc:MGI:1353449]",-0.204310351017213
"Sap130",-0.20056282294127,0.0850595528724954,-0.208020389701121,0.163493285359627,"Sin3A associated protein [Source:MGI Symbol;Acc:MGI:1919782]",-0.204291606321196
"Npnt",-0.349494165937425,0.240525830193112,-0.0587709873897473,0.894609425275849,"nephronectin [Source:MGI Symbol;Acc:MGI:2148811]",-0.204132576663586
"A830080D01Rik",-0.193681258979039,0.247958330971737,-0.21446883547912,0.274767261084682,NA,-0.204075047229079
"Zbtb18",-0.222381620285417,0.0442545003395732,-0.18496963946174,0.168155026440401,"zinc finger and BTB domain containing 18 [Source:MGI Symbol;Acc:MGI:1353609]",-0.203675629873579
"Sbf2",-0.226961364886567,0.131101411866567,-0.180192504380004,0.297900137881855,"SET binding factor 2 [Source:MGI Symbol;Acc:MGI:1921831]",-0.203576934633286
"Atad2b",-0.196672796657777,0.219017592753728,-0.210404047880996,0.260941517506595,"ATPase family, AAA domain containing 2B [Source:MGI Symbol;Acc:MGI:2444798]",-0.203538422269387
"Cdc14b",-0.17883861688577,0.237755198986742,-0.227567094388798,0.207671701037539,"CDC14 cell division cycle 14B [Source:MGI Symbol;Acc:MGI:2441808]",-0.203202855637284
"Cfap97",-0.229785887748101,0.122782754367469,-0.176178019623226,0.30343919612201,"cilia and flagella associated protein 97 [Source:MGI Symbol;Acc:MGI:1914006]",-0.202981953685663
"Azi2",-0.202084107173777,0.239966159069151,-0.203835458892532,0.311319916712703,"5-azacytidine induced gene 2 [Source:MGI Symbol;Acc:MGI:1351332]",-0.202959783033154
"Copb1",-0.257432861346957,0.165347547695046,-0.148439594737927,0.502601944136728,"coatomer protein complex, subunit beta 1 [Source:MGI Symbol;Acc:MGI:1917599]",-0.202936228042442
"Smurf2",-0.176593966694763,0.246022271584106,-0.229030154100266,0.207671701037539,"SMAD specific E3 ubiquitin protein ligase 2 [Source:MGI Symbol;Acc:MGI:1913563]",-0.202812060397514
"Pcm1",-0.19683693630003,0.195290518577718,-0.20871097879559,0.241107405137824,"pericentriolar material 1 [Source:MGI Symbol;Acc:MGI:1277958]",-0.20277395754781
"Cobll1",-0.222454064595248,0.222396115875952,-0.18303647265178,0.391688385861077,"Cobl-like 1 [Source:MGI Symbol;Acc:MGI:2442894]",-0.202745268623514
"Mapk7",-0.201381027291133,0.17038840376767,-0.203771563996343,0.238392591246511,"mitogen-activated protein kinase 7 [Source:MGI Symbol;Acc:MGI:1346347]",-0.202576295643738
"Cdk13",-0.229303450591624,0.108681545830339,-0.174533936399895,0.290487175730284,"cyclin dependent kinase 13 [Source:MGI Symbol;Acc:MGI:1916812]",-0.201918693495759
"Tcea1",-0.252907475152683,0.169692732016702,-0.150679543775992,0.492757174247203,"transcription elongation factor A (SII) 1 [Source:MGI Symbol;Acc:MGI:1196624]",-0.201793509464337
"Atpaf1",-0.286994818222763,0.136605369944268,-0.116509705619247,0.620503200935146,"ATP synthase mitochondrial F1 complex assembly factor 1 [Source:MGI Symbol;Acc:MGI:2180560]",-0.201752261921005
"Jak1",-0.227937520843284,0.162238550464228,-0.175339953174298,0.355663076669677,"Janus kinase 1 [Source:MGI Symbol;Acc:MGI:96628]",-0.201638737008791
"2310035C23Rik",-0.214326828130861,0.13797238534412,-0.18880741191961,0.257079036664102,NA,-0.201567120025236
"Gpcpd1",-0.25473529434913,0.088875119007663,-0.148381819999864,0.388865495084608,"glycerophosphocholine phosphodiesterase 1 [Source:MGI Symbol;Acc:MGI:104898]",-0.201558557174497
"Ndel1",-0.18897896851154,0.208651902616822,-0.21407130910439,0.23017150400199,"nudE neurodevelopment protein 1 like 1 [Source:MGI Symbol;Acc:MGI:1932915]",-0.201525138807965
"Slc12a6",-0.224826742037109,0.201077301990191,-0.17783817377553,0.386743628114093,"solute carrier family 12, member 6 [Source:MGI Symbol;Acc:MGI:2135960]",-0.201332457906319
"Dach1",-0.305249938654949,0.227118937459661,-0.0973660854884701,0.780090502332569,"dachshund family transcription factor 1 [Source:MGI Symbol;Acc:MGI:1277991]",-0.20130801207171
"Vps26a",-0.2122004058719,0.198068966655237,-0.190263010790318,0.321617074905296,"VPS26 retromer complex component A [Source:MGI Symbol;Acc:MGI:1353654]",-0.201231708331109
"Cblb",-0.268929883880894,0.107581839008289,-0.13327680110263,0.500954198092674,"Casitas B-lineage lymphoma b [Source:MGI Symbol;Acc:MGI:2146430]",-0.201103342491762
"Prkaa1",-0.163020611455508,0.313838324922785,-0.238631709440792,0.218329728756878,"protein kinase, AMP-activated, alpha 1 catalytic subunit [Source:MGI Symbol;Acc:MGI:2145955]",-0.20082616044815
"Ndst1",-0.267426697714701,0.102775099918453,-0.134156957559216,0.490516628259331,"N-deacetylase/N-sulfotransferase (heparan glucosaminyl) 1 [Source:MGI Symbol;Acc:MGI:104719]",-0.200791827636959
"Slc37a3",-0.192354465875619,0.247370729838294,-0.208954092035958,0.284244266265046,"solute carrier family 37 (glycerol-3-phosphate transporter), member 3 [Source:MGI Symbol;Acc:MGI:1919394]",-0.200654278955788
"Mysm1",-0.230453589540318,0.15298930121479,-0.169196023232413,0.364833220876371,"myb-like, SWIRM and MPN domains 1 [Source:MGI Symbol;Acc:MGI:2444584]",-0.199824806386366
"Trpv4",-0.340927172104161,0.122870705148406,-0.05828823869641,0.848684563523988,"transient receptor potential cation channel, subfamily V, member 4 [Source:MGI Symbol;Acc:MGI:1926945]",-0.199607705400285
"Pdpr",-0.217026966955044,0.186133082090357,-0.181993023635371,0.344109299697969,"pyruvate dehydrogenase phosphatase regulatory subunit [Source:MGI Symbol;Acc:MGI:2442188]",-0.199509995295208
"Axin1",-0.250131635967475,0.16264105498483,-0.148687079969517,0.486467758383486,"axin 1 [Source:MGI Symbol;Acc:MGI:1096327]",-0.199409357968496
"Cbll1",-0.225494312450905,0.116467778231215,-0.173268404332548,0.294765491801212,"Casitas B-lineage lymphoma-like 1 [Source:MGI Symbol;Acc:MGI:2144842]",-0.199381358391726
"Ubr5",-0.206771037927878,0.0801610982178077,-0.191856650230103,0.186758832261382,"ubiquitin protein ligase E3 component n-recognin 5 [Source:MGI Symbol;Acc:MGI:1918040]",-0.19931384407899
"Tmem2",-0.173162282045082,0.270075462768652,-0.224555658844189,0.231000115785735,NA,-0.198858970444635
"Lgals8",-0.19897137318641,0.242585024288931,-0.198652184707647,0.31868106780127,"lectin, galactose binding, soluble 8 [Source:MGI Symbol;Acc:MGI:1928481]",-0.198811778947029
"Rin2",-0.203061373652234,0.220375784377184,-0.194227576092945,0.315397246921332,"Ras and Rab interactor 2 [Source:MGI Symbol;Acc:MGI:1921280]",-0.19864447487259
"Zfp516",-0.196981932145325,0.167679657020744,-0.19999204142699,0.235480557201119,"zinc finger protein 516 [Source:MGI Symbol;Acc:MGI:2443957]",-0.198486986786158
"Zfp143",-0.172702769865847,0.142102564708642,-0.222931064051375,0.162729965916785,"zinc finger protein 143 [Source:MGI Symbol;Acc:MGI:1277969]",-0.197816916958611
"Arfgef2",-0.225534037634958,0.167696506054198,-0.169706866803709,0.370390584289318,"ADP ribosylation factor guanine nucleotide exchange factor 2 [Source:MGI Symbol;Acc:MGI:2139354]",-0.197620452219333
"Serinc5",-0.229771206563736,0.119151412951464,-0.164869747759355,0.330419362221912,"serine incorporator 5 [Source:MGI Symbol;Acc:MGI:2444223]",-0.197320477161545
"Cbfa2t2",-0.239119809510631,0.0445969496299449,-0.154919699846943,0.25197147245749,"CBFA2/RUNX1 translocation partner 2 [Source:MGI Symbol;Acc:MGI:1333833]",-0.197019754678787
"Pdp2",-0.256418904128598,0.190723238567787,-0.13749004729193,0.563971970135774,"pyruvate dehydrogenase phosphatase catalytic subunit 2 [Source:MGI Symbol;Acc:MGI:1918878]",-0.196954475710264
"Zfp870",-0.246362608497352,0.078538359665001,-0.147358880533396,0.358554423798407,"zinc finger protein 870 [Source:MGI Symbol;Acc:MGI:3029586]",-0.196860744515374
"Htt",-0.237581697710595,0.248274971560571,-0.155828750537875,0.533312325563272,"huntingtin [Source:MGI Symbol;Acc:MGI:96067]",-0.196705224124235
"Ptpn9",-0.210508679493192,0.118143311564646,-0.18277994742926,0.240731961892093,"protein tyrosine phosphatase, non-receptor type 9 [Source:MGI Symbol;Acc:MGI:1928376]",-0.196644313461226
"Sec22a",-0.223753414099028,0.145483955065029,-0.168420644625505,0.34536179843313,"SEC22 homolog A, vesicle trafficking protein [Source:MGI Symbol;Acc:MGI:2447876]",-0.196087029362266
"Zfp809",-0.192979264435561,0.24796044676337,-0.199000897323411,0.309350826127146,"zinc finger protein 809 [Source:MGI Symbol;Acc:MGI:2143362]",-0.195990080879486
"Ncstn",-0.228752441395861,0.219887974127983,-0.163224691979301,0.463219620026978,"nicastrin [Source:MGI Symbol;Acc:MGI:1891700]",-0.195988566687581
"Mapre1",-0.20419788671689,0.219827217930232,-0.187653878146437,0.334205597173069,"microtubule-associated protein, RP/EB family, member 1 [Source:MGI Symbol;Acc:MGI:891995]",-0.195925882431663
"Cd302",-0.286050926820486,0.199386823203282,-0.105669017703955,0.720129515774381,"CD302 antigen [Source:MGI Symbol;Acc:MGI:1913455]",-0.19585997226222
"Gsk3b",-0.169450466101214,0.243506488185628,-0.221983716505764,0.207041265355528,"glycogen synthase kinase 3 beta [Source:MGI Symbol;Acc:MGI:1861437]",-0.195717091303489
"Slc10a3",-0.226915994933384,0.139110430146067,-0.164026965697314,0.354916868668818,"solute carrier family 10 (sodium/bile acid cotransporter family), member 3 [Source:MGI Symbol;Acc:MGI:95048]",-0.195471480315349
"Sqstm1",-0.174183649579752,0.2512705642616,-0.216456559043282,0.231756908591395,"sequestosome 1 [Source:MGI Symbol;Acc:MGI:107931]",-0.195320104311517
"Pdcl",-0.201050592924299,0.147019022706755,-0.189563192260517,0.240058203884675,"phosducin-like [Source:MGI Symbol;Acc:MGI:1914716]",-0.195306892592408
"Polr2a",-0.227092271627259,0.0551344546054595,-0.163501990471865,0.233356711013206,"polymerase (RNA) II (DNA directed) polypeptide A [Source:MGI Symbol;Acc:MGI:98086]",-0.195297131049562
"Abhd15",-0.343028457564518,0.209640160307163,-0.04727316045198,0.907012534107574,"abhydrolase domain containing 15 [Source:MGI Symbol;Acc:MGI:1914727]",-0.195150809008249
"Plpp3",-0.285774702987347,0.219739823851642,-0.104303293526965,0.735121781143879,"phospholipid phosphatase 3 [Source:MGI Symbol;Acc:MGI:1915166]",-0.195038998257156
"Srpk1",-0.160827973172989,0.166378292051298,-0.228552422448304,0.162729965916785,"serine/arginine-rich protein specific kinase 1 [Source:MGI Symbol;Acc:MGI:106908]",-0.194690197810647
"Gna13",-0.268875893261375,0.155300534610787,-0.120366726187488,0.604926519843813,"guanine nucleotide binding protein, alpha 13 [Source:MGI Symbol;Acc:MGI:95768]",-0.194621309724432
"Bcl2l11",-0.2647595111532,0.154629562465733,-0.124388743859558,0.581839760985569,"BCL2 like 11 [Source:MGI Symbol;Acc:MGI:1197519]",-0.194574127506379
"Gtdc1",-0.224345297114091,0.123855408819045,-0.16435293614877,0.324091264455326,"glycosyltransferase-like domain containing 1 [Source:MGI Symbol;Acc:MGI:2444269]",-0.194349116631431
"Atf6",-0.195361133591015,0.236502686627411,-0.193100686339788,0.316936056067264,"activating transcription factor 6 [Source:MGI Symbol;Acc:MGI:1926157]",-0.194230909965401
"Inpp1",-0.124171390437621,0.538332604125351,-0.263570835693299,0.242975366979047,"inositol polyphosphate-1-phosphatase [Source:MGI Symbol;Acc:MGI:104848]",-0.19387111306546
"Ltn1",-0.212957851712556,0.157430820059986,-0.174496377244101,0.316936056067264,"listerin E3 ubiquitin protein ligase 1 [Source:MGI Symbol;Acc:MGI:1926163]",-0.193727114478328
"Faf2",-0.180481151360672,0.1882267873807,-0.206603695637274,0.207671701037539,"Fas associated factor family member 2 [Source:MGI Symbol;Acc:MGI:1923827]",-0.193542423498973
"Cdv3",-0.165430200127854,0.276719529380054,-0.220968128877492,0.226493041926507,"carnitine deficiency-associated gene expressed in ventricle 3 [Source:MGI Symbol;Acc:MGI:2448759]",-0.193199164502673
"Bcl9",-0.143786652417548,0.305812426802648,-0.242455777796872,0.168199190822752,"B cell CLL/lymphoma 9 [Source:MGI Symbol;Acc:MGI:1924828]",-0.19312121510721
"Bhlhe40",-0.144593875183299,0.428267150907519,-0.241296886137821,0.247721926369743,"basic helix-loop-helix family, member e40 [Source:MGI Symbol;Acc:MGI:1097714]",-0.19294538066056
"Ptbp2",-0.248554889879662,0.188856071897843,-0.137253879194973,0.55115821360035,"polypyrimidine tract binding protein 2 [Source:MGI Symbol;Acc:MGI:1860489]",-0.192904384537318
"Nsd1",-0.186475750822811,0.143213200678986,-0.199232058952399,0.197718212882542,"nuclear receptor-binding SET-domain protein 1 [Source:MGI Symbol;Acc:MGI:1276545]",-0.192853904887605
"Arhgap27",-0.202522571743487,0.23482577331,-0.183022754913242,0.360696399900979,"Rho GTPase activating protein 27 [Source:MGI Symbol;Acc:MGI:1916903]",-0.192772663328365
"Caprin1",-0.175939656491156,0.240903558244944,-0.209488623630082,0.238744643777128,"cell cycle associated protein 1 [Source:MGI Symbol;Acc:MGI:1858234]",-0.192714140060619
"Eif4ebp2",-0.246058905130599,0.119991719152617,-0.138769926851803,0.454204612299759,"eukaryotic translation initiation factor 4E binding protein 2 [Source:MGI Symbol;Acc:MGI:109198]",-0.192414415991201
"Tmem67",-0.245385275837389,0.0568518666825454,-0.139390920414172,0.344109299697969,"transmembrane protein 67 [Source:MGI Symbol;Acc:MGI:1923928]",-0.192388098125781
"Brox",-0.215997155656235,0.17676497423367,-0.168778532181089,0.364833220876371,"BRO1 domain and CAAX motif containing [Source:MGI Symbol;Acc:MGI:1918928]",-0.192387843918662
"Paxbp1",-0.163947876460988,0.289579119217393,-0.220811380037164,0.229978839117901,"PAX3 and PAX7 binding protein 1 [Source:MGI Symbol;Acc:MGI:1914617]",-0.192379628249076
"Ankrd13c",-0.152509534438736,0.312127827814336,-0.231999612223535,0.2051278057827,"ankyrin repeat domain 13c [Source:MGI Symbol;Acc:MGI:2139746]",-0.192254573331135
"Ext2",-0.222400224424318,0.102901880308683,-0.161870148958749,0.305320048038166,"exostosin glycosyltransferase 2 [Source:MGI Symbol;Acc:MGI:108050]",-0.192135186691534
"Wdr45b",-0.189609571291383,0.184783196779617,-0.19445443027104,0.244980741091568,"WD repeat domain 45B [Source:MGI Symbol;Acc:MGI:1914090]",-0.192032000781212
"Itfg1",-0.208154634498243,0.239406068443325,-0.175556593023033,0.399312922929074,"integrin alpha FG-GAP repeat containing 1 [Source:MGI Symbol;Acc:MGI:106419]",-0.191855613760638
"Star",-0.320487774841729,0.143860339725908,-0.0618757789965839,0.834880771578463,"steroidogenic acute regulatory protein [Source:MGI Symbol;Acc:MGI:102760]",-0.191181776919156
"Tapt1",-0.209080378263699,0.107846422519868,-0.173275795678078,0.250226773070177,"transmembrane anterior posterior transformation 1 [Source:MGI Symbol;Acc:MGI:2683537]",-0.191178086970889
"Abcb7",-0.221339265800092,0.221817884866477,-0.160949919562596,0.454551432769645,"ATP-binding cassette, sub-family B member 7 [Source:MGI Symbol;Acc:MGI:109533]",-0.191144592681344
"Map3k7",-0.234323008882918,0.0415263346206187,-0.147320821145935,0.247668502349829,"mitogen-activated protein kinase kinase kinase 7 [Source:MGI Symbol;Acc:MGI:1346877]",-0.190821915014426
"Snx4",-0.224165932031461,0.164925597436696,-0.156980887199902,0.405559647744445,"sorting nexin 4 [Source:MGI Symbol;Acc:MGI:1916400]",-0.190573409615682
"Cdk12",-0.192545980732306,0.159301851820409,-0.187800360984593,0.239343773696918,"cyclin dependent kinase 12 [Source:MGI Symbol;Acc:MGI:1098802]",-0.190173170858449
"Pten",-0.218542229356924,0.151817409719073,-0.161405116836549,0.36141122725137,"phosphatase and tensin homolog [Source:MGI Symbol;Acc:MGI:109583]",-0.189973673096737
"Ubr3",-0.201248773527508,0.142427545269474,-0.178294902958563,0.26246080113979,"ubiquitin protein ligase E3 component n-recognin 3 [Source:MGI Symbol;Acc:MGI:1861100]",-0.189771838243036
"Tor1aip1",-0.208433875474696,0.0878069421928164,-0.171093434834834,0.229360424372913,"torsin A interacting protein 1 [Source:MGI Symbol;Acc:MGI:3582693]",-0.189763655154765
"Eya3",-0.16538344122201,0.24313722352837,-0.213948063695639,0.207671701037539,"EYA transcriptional coactivator and phosphatase 3 [Source:MGI Symbol;Acc:MGI:109339]",-0.189665752458824
"Man2b2",-0.245970965044096,0.139611251903646,-0.133149530667133,0.500514338706195,"mannosidase 2, alpha B2 [Source:MGI Symbol;Acc:MGI:1195262]",-0.189560247855614
"Ctif",-0.174100825998247,0.239491725760165,-0.204940987113725,0.239806279747421,"CBP80/20-dependent translation initiation factor [Source:MGI Symbol;Acc:MGI:2685518]",-0.189520906555986
"Vapb",-0.217140874210861,0.231100602826119,-0.161745756664563,0.453401735602949,"vesicle-associated membrane protein, associated protein B and C [Source:MGI Symbol;Acc:MGI:1928744]",-0.189443315437712
"Stard13",-0.242310210404049,0.22637963093287,-0.136421275812798,0.57954742958392,"StAR related lipid transfer domain containing 13 [Source:MGI Symbol;Acc:MGI:2385331]",-0.189365743108423
"E130308A19Rik",-0.288589519774958,0.0864594649361555,-0.0901331069994746,0.668462185608532,"RIKEN cDNA E130308A19 gene [Source:MGI Symbol;Acc:MGI:2442164]",-0.189361313387216
"Ankle2",-0.201158545459172,0.18349950852151,-0.177365616282026,0.31510135717757,"ankyrin repeat and LEM domain containing 2 [Source:MGI Symbol;Acc:MGI:1261856]",-0.189262080870599
"Papd4",-0.255175156805331,0.061079756955315,-0.123205053669003,0.436772705962944,NA,-0.189190105237167
"Ppp2r5c",-0.20028405915593,0.213040654744974,-0.17801634474362,0.344109299697969,"protein phosphatase 2, regulatory subunit B', gamma [Source:MGI Symbol;Acc:MGI:1349475]",-0.189150201949775
"Dmtf1",-0.13979999899955,0.370821033705886,-0.238053889576292,0.201971210693124,"cyclin D binding myb like transcription factor 1 [Source:MGI Symbol;Acc:MGI:1344415]",-0.188926944287921
"Desi2",-0.21727767898811,0.233270064532556,-0.16057523395239,0.460453969193135,"desumoylating isopeptidase 2 [Source:MGI Symbol;Acc:MGI:1926075]",-0.18892645647025
"Sept8",-0.155499184401079,0.278279396507923,-0.222226583727639,0.203629680373786,NA,-0.188862884064359
"Mtmr10",-0.209439607719293,0.227012816221783,-0.168002790368258,0.411806201637451,"myotubularin related protein 10 [Source:MGI Symbol;Acc:MGI:2142292]",-0.188721199043775
"Kmt2b",-0.15276453322655,0.2877176328763,-0.22401850984403,0.198636638967883,"lysine (K)-specific methyltransferase 2B [Source:MGI Symbol;Acc:MGI:109565]",-0.18839152153529
"Patl1",-0.202825000116093,0.0914314997533151,-0.173954164857851,0.21895849584327,"protein associated with topoisomerase II homolog 1 (yeast) [Source:MGI Symbol;Acc:MGI:2147679]",-0.188389582486972
"Nek4",-0.228739485234354,0.180995827625925,-0.147753177949901,0.468698250858559,"NIMA (never in mitosis gene a)-related expressed kinase 4 [Source:MGI Symbol;Acc:MGI:1344404]",-0.188246331592128
"Paxip1",-0.184982335348065,0.179151990801701,-0.191326488581634,0.237558527911579,"PAX interacting (with transcription-activation domain) protein 1 [Source:MGI Symbol;Acc:MGI:1890430]",-0.188154411964849
"Usp15",-0.207867906671273,0.139110430146067,-0.168344402119526,0.300079011529317,"ubiquitin specific peptidase 15 [Source:MGI Symbol;Acc:MGI:101857]",-0.1881061543954
"Serinc1",-0.188605484836733,0.20977614906122,-0.187184269340745,0.286367572657878,"serine incorporator 1 [Source:MGI Symbol;Acc:MGI:1926228]",-0.187894877088739
"Plbd1",-0.317544881835309,0.175626034620597,-0.0582393995344851,0.862164614086024,"phospholipase B domain containing 1 [Source:MGI Symbol;Acc:MGI:1914107]",-0.187892140684897
"Helb",-0.224769300886767,0.0914314997533151,-0.14983790936773,0.326975396730949,"helicase (DNA) B [Source:MGI Symbol;Acc:MGI:2152895]",-0.187303605127249
"Znrf3",-0.235693398941907,0.23482577331,-0.138657145568435,0.568473687794996,"zinc and ring finger 3 [Source:MGI Symbol;Acc:MGI:3039616]",-0.187175272255171
"Rap1gap2",-0.184145877813283,0.215483332190441,-0.189989974356721,0.272738873495978,"RAP1 GTPase activating protein 2 [Source:MGI Symbol;Acc:MGI:3028623]",-0.187067926085002
"Pcf11",-0.239482042499459,0.0910415001860427,-0.134537173404208,0.412556581708636,"PCF11 cleavage and polyadenylation factor subunit [Source:MGI Symbol;Acc:MGI:1919579]",-0.187009607951834
"Pramef8",-0.198399118078638,0.227112776267868,-0.175426716652797,0.362630445852532,NA,-0.186912917365717
"AW549877",-0.210136010151887,0.18682143854173,-0.163596229997085,0.375910823638064,NA,-0.186866120074486
"Spag9",-0.205780260297526,0.151817409719073,-0.166454418574804,0.315858091686021,"sperm associated antigen 9 [Source:MGI Symbol;Acc:MGI:1918084]",-0.186117339436165
"Brd1",-0.192393357558093,0.168793744585091,-0.179520562567187,0.268379973275797,"bromodomain containing 1 [Source:MGI Symbol;Acc:MGI:1924161]",-0.18595696006264
"Zfp646",-0.200860242216468,0.23241063223835,-0.170869973814431,0.384050678542035,"zinc finger protein 646 [Source:MGI Symbol;Acc:MGI:3665412]",-0.18586510801545
"Mbtps2",-0.263176467012854,0.092487998240164,-0.108170428769271,0.565910824876208,"membrane-bound transcription factor peptidase, site 2 [Source:MGI Symbol;Acc:MGI:2444506]",-0.185673447891062
"Zfp930",-0.21186875184754,0.206886012513173,-0.159175445209354,0.422274309726014,"zinc finger protein 930 [Source:MGI Symbol;Acc:MGI:2675306]",-0.185522098528447
"Fam76b",-0.251151382877551,0.163234604620987,-0.119806469937353,0.585506085376715,"family with sequence similarity 76, member B [Source:MGI Symbol;Acc:MGI:1920076]",-0.185478926407452
"Arih1",-0.161364087178463,0.277449008513689,-0.209129292683411,0.236356866239598,"ariadne RBR E3 ubiquitin protein ligase 1 [Source:MGI Symbol;Acc:MGI:1344363]",-0.185246689930937
"Arnt",-0.194072241264899,0.088875119007663,-0.176255670086366,0.197718212882542,"aryl hydrocarbon receptor nuclear translocator [Source:MGI Symbol;Acc:MGI:88071]",-0.185163955675632
"Abhd13",-0.156867736245043,0.304998444339788,-0.213432450923427,0.237558527911579,"abhydrolase domain containing 13 [Source:MGI Symbol;Acc:MGI:1916154]",-0.185150093584235
"Arhgef7",-0.171101321416898,0.172488541675816,-0.198176303335145,0.197718212882542,"Rho guanine nucleotide exchange factor [Source:MGI Symbol;Acc:MGI:1860493]",-0.184638812376021
"Dcun1d4",-0.185820542205312,0.209722524567274,-0.18313137788245,0.289037896085251,"defective in cullin neddylation 1 domain containing 4 [Source:MGI Symbol;Acc:MGI:2140972]",-0.184475960043881
"Gabpb2",-0.199732067049674,0.225628608985851,-0.169077890314106,0.378671783036712,"GA repeat binding protein, beta 2 [Source:MGI Symbol;Acc:MGI:95612]",-0.18440497868189
"Ppm1a",-0.211159516059535,0.214868310909299,-0.1575658089585,0.43600153008322,"protein phosphatase 1A, magnesium dependent, alpha isoform [Source:MGI Symbol;Acc:MGI:99878]",-0.184362662509018
"Ppp1r13b",-0.194713875421449,0.0961581984238455,-0.173999787032142,0.207671701037539,"protein phosphatase 1, regulatory subunit 13B [Source:MGI Symbol;Acc:MGI:1336199]",-0.184356831226795
"Zmpste24",-0.185600402678314,0.237499730285051,-0.183049678572322,0.318232434169052,"zinc metallopeptidase, STE24 [Source:MGI Symbol;Acc:MGI:1890508]",-0.184325040625318
"Cep135",-0.2085145446557,0.21111160999522,-0.159967575216304,0.416319683913691,"centrosomal protein 135 [Source:MGI Symbol;Acc:MGI:2681869]",-0.184241059936002
"Zhx3",-0.220374998446589,0.22637963093287,-0.14764664420688,0.499211215090543,"zinc fingers and homeoboxes 3 [Source:MGI Symbol;Acc:MGI:2444772]",-0.184010821326735
"Ccdc88c",-0.279352979078467,0.170494276816513,-0.0882833233132974,0.744020430839031,"coiled-coil domain containing 88C [Source:MGI Symbol;Acc:MGI:1915589]",-0.183818151195882
"Arsk",-0.186694704107579,0.223783757616672,-0.18051456690562,0.31305811096357,"arylsulfatase K [Source:MGI Symbol;Acc:MGI:1924291]",-0.1836046355066
"Mark4",-0.177579474812459,0.180094891784821,-0.189412334653837,0.228588611536234,"MAP/microtubule affinity regulating kinase 4 [Source:MGI Symbol;Acc:MGI:1920955]",-0.183495904733148
"Top2b",-0.179953720086784,0.224488626911873,-0.186907016907895,0.279201580597127,"topoisomerase (DNA) II beta [Source:MGI Symbol;Acc:MGI:98791]",-0.18343036849734
"Whsc1l1",-0.186024564263325,0.0932941642332437,-0.180774592309328,0.187592364584338,NA,-0.183399578286326
"2610002M06Rik",-0.184192457284112,0.246003874465842,-0.182593300169559,0.326737783936564,NA,-0.183392878726835
"Erap1",-0.218828007964539,0.239201705286815,-0.147818616643005,0.51048483265987,"endoplasmic reticulum aminopeptidase 1 [Source:MGI Symbol;Acc:MGI:1933403]",-0.183323312303772
"Clcn3",-0.203793182760348,0.246785359003007,-0.162754321749536,0.439307636925871,"chloride channel, voltage-sensitive 3 [Source:MGI Symbol;Acc:MGI:103555]",-0.183273752254942
"Kansl1",-0.206702443940031,0.11540291172757,-0.159830069651873,0.289426204101757,"KAT8 regulatory NSL complex subunit 1 [Source:MGI Symbol;Acc:MGI:1923969]",-0.183266256795952
"Dcp1b",-0.202703553122544,0.088875119007663,-0.163750274626066,0.235829088900625,"decapping mRNA 1B [Source:MGI Symbol;Acc:MGI:2442404]",-0.183226913874305
"Trim62",-0.124147856087258,0.47036163419122,-0.241982727947262,0.223583617789449,"tripartite motif-containing 62 [Source:MGI Symbol;Acc:MGI:1914775]",-0.18306529201726
"Stag1",-0.186616483431348,0.170494276816513,-0.179369495961634,0.258583552980879,"STAG1 cohesin complex component [Source:MGI Symbol;Acc:MGI:1098658]",-0.182992989696491
"Bnip3l",-0.189789329578073,0.212581084883172,-0.176186655331465,0.320819697421399,"BCL2/adenovirus E1B interacting protein 3-like [Source:MGI Symbol;Acc:MGI:1332659]",-0.182987992454769
"Vps35",-0.199788389452859,0.210674849977075,-0.166071978367075,0.371006795396436,"VPS35 retromer complex component [Source:MGI Symbol;Acc:MGI:1890467]",-0.182930183909967
"Gpatch2l",-0.220406496121805,0.101162711818525,-0.145266570230711,0.353493020623167,"G patch domain containing 2 like [Source:MGI Symbol;Acc:MGI:1917623]",-0.182836533176258
"Abl1",-0.189263512781652,0.116767385950133,-0.174860795120033,0.218329728756878,"c-abl oncogene 1, non-receptor tyrosine kinase [Source:MGI Symbol;Acc:MGI:87859]",-0.182062153950842
"Havcr2",-0.343310227598709,0.226444881108124,-0.0202075951534068,0.964822910588504,"hepatitis A virus cellular receptor 2 [Source:MGI Symbol;Acc:MGI:2159682]",-0.181758911376058
"Rab9",-0.206162231434176,0.170044486469474,-0.156752127671281,0.368301365679763,"RAB9, member RAS oncogene family [Source:MGI Symbol;Acc:MGI:1890695]",-0.181457179552728
"Ankfy1",-0.187616381686769,0.179982766624428,-0.175205776427648,0.283415637914767,"ankyrin repeat and FYVE domain containing 1 [Source:MGI Symbol;Acc:MGI:1337008]",-0.181411079057208
"Zfp36l2",-0.224867179530297,0.170130024695969,-0.13782485007117,0.48182639689521,"zinc finger protein 36, C3H type-like 2 [Source:MGI Symbol;Acc:MGI:107945]",-0.181346014800734
"AI314180",-0.188076579621397,0.108681545830339,-0.174557288430545,0.207671701037539,NA,-0.181316934025971
"Golga1",-0.188721711500801,0.178942455304392,-0.173534929205847,0.288060893716513,"golgin A1 [Source:MGI Symbol;Acc:MGI:1924149]",-0.181128320353324
"Ube2v1",-0.204398094846185,0.0707571477227285,-0.156678567525187,0.231000115785735,"ubiquitin-conjugating enzyme E2 variant 1 [Source:MGI Symbol;Acc:MGI:1913839]",-0.180538331185686
"Cdkn2aip",-0.226331502584957,0.0706635349323246,-0.134559597934296,0.345995513125376,"CDKN2A interacting protein [Source:MGI Symbol;Acc:MGI:1918175]",-0.180445550259626
"Add3",-0.210525397741785,0.191801795589606,-0.150057047503591,0.432111487639245,"adducin 3 [Source:MGI Symbol;Acc:MGI:1351615]",-0.180291222622688
"Elf1",-0.194513438467296,0.178722755075377,-0.165805726374925,0.324091264455326,"E74 like ETS transcription factor 1 [Source:MGI Symbol;Acc:MGI:107180]",-0.18015958242111
"Atxn2l",-0.201451399228118,0.0914314997533151,-0.158847415595628,0.247888508935242,"ataxin 2-like [Source:MGI Symbol;Acc:MGI:2446242]",-0.180149407411873
"Trip12",-0.165473216631773,0.201796009427683,-0.194683387075605,0.207671701037539,"thyroid hormone receptor interactor 12 [Source:MGI Symbol;Acc:MGI:1309481]",-0.180078301853689
"AU041133",-0.224763594130096,0.110939960150919,-0.134860006442309,0.410391647701894,"expressed sequence AU041133 [Source:MGI Symbol;Acc:MGI:2143755]",-0.179811800286202
"Cdc27",-0.153029177609393,0.309176619104292,-0.206573997452223,0.243005350594982,"cell division cycle 27 [Source:MGI Symbol;Acc:MGI:102685]",-0.179801587530808
"Plekha5",-0.147167378665607,0.246022271584106,-0.211658001801899,0.186758832261382,"pleckstrin homology domain containing, family A member 5 [Source:MGI Symbol;Acc:MGI:1923802]",-0.179412690233753
"Peak1",-0.197682005744617,0.224488626911873,-0.160194034003181,0.401535106322736,"pseudopodium-enriched atypical kinase 1 [Source:MGI Symbol;Acc:MGI:2442366]",-0.178938019873899
"Rap1a",-0.178487067315697,0.126660046339282,-0.179384289659864,0.199473004881909,"RAS-related protein 1a [Source:MGI Symbol;Acc:MGI:97852]",-0.17893567848778
"Rnf6",-0.188408722616855,0.165299126839713,-0.16913520652447,0.283764756059635,"ring finger protein (C3H2C3 type) 6 [Source:MGI Symbol;Acc:MGI:1921382]",-0.178771964570663
"Tlk1",-0.205157124335212,0.059068895169711,-0.152090230064942,0.228588611536234,"tousled-like kinase 1 [Source:MGI Symbol;Acc:MGI:2441683]",-0.178623677200077
"Trnt1",-0.204343102334994,0.0962315303321237,-0.152853720641618,0.283846534583332,"tRNA nucleotidyl transferase, CCA-adding, 1 [Source:MGI Symbol;Acc:MGI:1917297]",-0.178598411488306
"Mreg",-0.274104896801744,0.184234171380972,-0.0830027449258211,0.765961442430543,"melanoregulin [Source:MGI Symbol;Acc:MGI:2151839]",-0.178553820863783
"Csnk1g1",-0.170745322624041,0.247958330971737,-0.185894963246403,0.28394016225557,"casein kinase 1, gamma 1 [Source:MGI Symbol;Acc:MGI:2660884]",-0.178320142935222
"Tmed2",-0.204550784829727,0.178592923623573,-0.151758592123322,0.392891800327769,"transmembrane p24 trafficking protein 2 [Source:MGI Symbol;Acc:MGI:1929269]",-0.178154688476524
"Zfp53",-0.190892466969887,0.200063426904924,-0.164171946254709,0.345995513125376,"zinc finger protein 53 [Source:MGI Symbol;Acc:MGI:99200]",-0.177532206612298
"Khdrbs1",-0.221902406485883,0.165498285948788,-0.132817511853828,0.486656341838332,"KH domain containing, RNA binding, signal transduction associated 1 [Source:MGI Symbol;Acc:MGI:893579]",-0.177359959169856
"Enox2",-0.207057011444173,0.231983269617418,-0.147509444255691,0.477359834022042,"ecto-NOX disulfide-thiol exchanger 2 [Source:MGI Symbol;Acc:MGI:2384799]",-0.177283227849932
"Ralgapb",-0.152097024114339,0.289449204553047,-0.202444644514812,0.233808015486333,"Ral GTPase activating protein, beta subunit (non-catalytic) [Source:MGI Symbol;Acc:MGI:2444531]",-0.177270834314576
"Rab11fip2",-0.210879941363887,0.223783757616672,-0.143385103549624,0.489102499826402,"RAB11 family interacting protein 2 (class I) [Source:MGI Symbol;Acc:MGI:1922248]",-0.177132522456755
"Ubxn7",-0.215512870577831,0.124941507690441,-0.138181529826155,0.392891800327769,"UBX domain protein 7 [Source:MGI Symbol;Acc:MGI:2146388]",-0.176847200201993
"Ppp1r2",-0.177818452869283,0.226363858100683,-0.174847481725257,0.308473226593791,"protein phosphatase 1, regulatory inhibitor subunit 2 [Source:MGI Symbol;Acc:MGI:1914099]",-0.17633296729727
"Lsm14a",-0.209866470393812,0.0550305315602109,-0.142350378342089,0.25307039903829,"LSM14A mRNA processing body assembly factor [Source:MGI Symbol;Acc:MGI:1914320]",-0.17610842436795
"Nrd1",-0.171262441950642,0.133918041484086,-0.180897397747788,0.19444221244791,NA,-0.176079919849215
"Mynn",-0.237466546634019,0.0940681903351355,-0.112989393427628,0.502474079038998,"myoneurin [Source:MGI Symbol;Acc:MGI:1931415]",-0.175227970030823
"Smcr8",-0.180536620793877,0.221783907800939,-0.169737754310085,0.324091264455326,"Smith-Magenis syndrome chromosome region, candidate 8 homolog (human) [Source:MGI Symbol;Acc:MGI:2444720]",-0.175137187551981
"Uggt1",-0.190593711509062,0.204251294335908,-0.159096435437288,0.364833220876371,"UDP-glucose glycoprotein glucosyltransferase 1 [Source:MGI Symbol;Acc:MGI:2443162]",-0.174845073473175
"Ube2l3",-0.20384094227856,0.180094891784821,-0.145749182856515,0.41659588058639,"ubiquitin-conjugating enzyme E2L 3 [Source:MGI Symbol;Acc:MGI:109240]",-0.174795062567538
"Zfp512b",-0.232767822732312,0.243307529366376,-0.116770872888343,0.643169499587152,"zinc finger protein 512B [Source:MGI Symbol;Acc:MGI:2685478]",-0.174769347810327
"Ubtd2",-0.0483081793622123,0.85249693501318,-0.301050557235492,0.244000744481342,"ubiquitin domain containing 2 [Source:MGI Symbol;Acc:MGI:2444752]",-0.174679368298852
"Smarce1",-0.215808686529927,0.0186326208991554,-0.133388949587202,0.195781380262327,"SWI/SNF related, matrix associated, actin dependent regulator of chromatin, subfamily e, member 1 [Source:MGI Symbol;Acc:MGI:1927347]",-0.174598818058564
"Man2a1",-0.209363460836037,0.217755363696179,-0.139174169443191,0.494007996732141,"mannosidase 2, alpha 1 [Source:MGI Symbol;Acc:MGI:104669]",-0.174268815139614
"Tnks2",-0.158028528375022,0.233419998602594,-0.189717049948469,0.229753284985794,"tankyrase, TRF1-interacting ankyrin-related ADP-ribose polymerase 2 [Source:MGI Symbol;Acc:MGI:1921743]",-0.173872789161745
"Zfp354a",-0.227954226897911,0.239531668164895,-0.119705935208741,0.620040457765282,"zinc finger protein 354A [Source:MGI Symbol;Acc:MGI:103172]",-0.173830081053326
"Maml1",-0.186078306768092,0.142559380234844,-0.16145149550501,0.269558312292419,"mastermind like transcriptional coactivator 1 [Source:MGI Symbol;Acc:MGI:1890504]",-0.173764901136551
"Slc17a5",-0.204024913334512,0.233177804655131,-0.143144034470265,0.486166367426787,"solute carrier family 17 (anion/sugar transporter), member 5 [Source:MGI Symbol;Acc:MGI:1924105]",-0.173584473902389
"Sike1",-0.168448408485639,0.224904285787792,-0.178438494814011,0.268635117695908,"suppressor of IKBKE 1 [Source:MGI Symbol;Acc:MGI:1913891]",-0.173443451649825
"Ube4a",-0.163480145170589,0.238719061175986,-0.183373038788585,0.259036799675813,"ubiquitination factor E4A [Source:MGI Symbol;Acc:MGI:2154580]",-0.173426591979587
"Pex3",-0.245680760263366,0.088875119007663,-0.100896639421917,0.559613442496002,"peroxisomal biogenesis factor 3 [Source:MGI Symbol;Acc:MGI:1929646]",-0.173288699842642
"Krba1",-0.258808721499493,0.150390533738052,-0.0874100198182216,0.708804700350823,"KRAB-A domain containing 1 [Source:MGI Symbol;Acc:MGI:1925077]",-0.173109370658857
"Fech",-0.193933849525226,0.132784716318393,-0.152085251712594,0.305221226483948,"ferrochelatase [Source:MGI Symbol;Acc:MGI:95513]",-0.17300955061891
"Add1",-0.187179310445909,0.161038263762612,-0.157321837312146,0.309295191172115,"adducin 1 [Source:MGI Symbol;Acc:MGI:87918]",-0.172250573879027
"Arid1b",-0.218453842550633,0.111964759967252,-0.125064962958615,0.439107335937028,"AT-rich interaction domain 1B [Source:MGI Symbol;Acc:MGI:1926129]",-0.171759402754624
"Pigb",-0.203193073962296,0.194257652319259,-0.139452254674558,0.451915903123506,"phosphatidylinositol glycan anchor biosynthesis, class B [Source:MGI Symbol;Acc:MGI:1891825]",-0.171322664318427
"Rbl1",-0.205826946396126,0.218501962904782,-0.136474251137839,0.496790896991278,"RB transcriptional corepressor like 1 [Source:MGI Symbol;Acc:MGI:103300]",-0.171150598766983
"Gm20498",-0.292916564910026,0.169692732016702,-0.0491510327152112,0.872725940592481,NA,-0.171033798812619
"Med23",-0.201768821697086,0.107104634663488,-0.140158568562579,0.332462083259393,"mediator complex subunit 23 [Source:MGI Symbol;Acc:MGI:1917458]",-0.170963695129833
"Fam91a1",-0.186877789342377,0.225713452133629,-0.154536010963028,0.392891800327769,"family with sequence similarity 91, member A1 [Source:MGI Symbol;Acc:MGI:1277178]",-0.170706900152703
"Slc25a46",-0.199379832985518,0.124660506690756,-0.141684763895619,0.344109299697969,"solute carrier family 25, member 46 [Source:MGI Symbol;Acc:MGI:1914703]",-0.170532298440568
"Rsrc2",-0.183507162438616,0.0327906244937893,-0.15685190511199,0.162729965916785,"arginine/serine-rich coiled-coil 2 [Source:MGI Symbol;Acc:MGI:1913489]",-0.170179533775303
"Iqsec2",-0.152756486715653,0.214006857627852,-0.187235238869251,0.206542336174732,"IQ motif and Sec7 domain 2 [Source:MGI Symbol;Acc:MGI:3528396]",-0.169995862792452
"Birc3",-0.249731606960325,0.246533582053967,-0.0899789686474555,0.756529802440891,"baculoviral IAP repeat-containing 3 [Source:MGI Symbol;Acc:MGI:1197007]",-0.16985528780389
"Hnrnpul1",-0.203651277345228,0.0498954953893586,-0.135877518728866,0.250055143530397,"heterogeneous nuclear ribonucleoprotein U-like 1 [Source:MGI Symbol;Acc:MGI:2443517]",-0.169764398037047
"Dnajb4",-0.167625757440877,0.242083292530943,-0.171788444613455,0.3060960413567,"DnaJ heat shock protein family (Hsp40) member B4 [Source:MGI Symbol;Acc:MGI:1914285]",-0.169707101027166
"Tbl1x",-0.159449775924564,0.162520376357598,-0.179669055616082,0.197718212882542,"transducin (beta)-like 1 X-linked [Source:MGI Symbol;Acc:MGI:1336172]",-0.169559415770323
"Socs6",-0.213972448222292,0.219157552158302,-0.124261479310575,0.559613442496002,"suppressor of cytokine signaling 6 [Source:MGI Symbol;Acc:MGI:1924885]",-0.169116963766434
"Eps15l1",-0.169535789384448,0.0547511802774544,-0.168051485600461,0.162729965916785,"epidermal growth factor receptor pathway substrate 15-like 1 [Source:MGI Symbol;Acc:MGI:104582]",-0.168793637492454
"Anapc2",-0.225333946608561,0.0850595528724954,-0.11214865848849,0.465562856659129,"anaphase promoting complex subunit 2 [Source:MGI Symbol;Acc:MGI:2139135]",-0.168741302548525
"Nfatc3",-0.184780803564984,0.206650656861516,-0.15263326601263,0.370302685354297,"nuclear factor of activated T cells, cytoplasmic, calcineurin dependent 3 [Source:MGI Symbol;Acc:MGI:103296]",-0.168707034788807
"Morc3",-0.15711010557595,0.213542662089059,-0.17998932660597,0.229978839117901,"microrchidia 3 [Source:MGI Symbol;Acc:MGI:2136841]",-0.16854971609096
"Ggps1",-0.167095496557155,0.210719411104224,-0.16940900900536,0.276581968504807,"geranylgeranyl diphosphate synthase 1 [Source:MGI Symbol;Acc:MGI:1341724]",-0.168252252781257
"Zfp994",-0.196074785251686,0.100573495797496,-0.139977184161415,0.311394971633597,"zinc finger protein 994 [Source:MGI Symbol;Acc:MGI:3643318]",-0.168025984706551
"Usp7",-0.184235377549781,0.0810155074169564,-0.151336064369836,0.221452877716896,"ubiquitin specific peptidase 7 [Source:MGI Symbol;Acc:MGI:2182061]",-0.167785720959808
"E430025E21Rik",-0.193450025639839,0.185815438321597,-0.142010976743131,0.408134434563171,NA,-0.167730501191485
"Tfip11",-0.176622676764777,0.139110430146067,-0.158825511800281,0.250055143530397,"tuftelin interacting protein 11 [Source:MGI Symbol;Acc:MGI:1930075]",-0.167724094282529
"Sptbn1",-0.137913823211614,0.309316375396867,-0.197370640223316,0.226105015348892,"spectrin beta, non-erythrocytic 1 [Source:MGI Symbol;Acc:MGI:98388]",-0.167642231717465
"Haus2",-0.176121471297744,0.169692732016702,-0.15907068118612,0.285717968363045,"HAUS augmin-like complex, subunit 2 [Source:MGI Symbol;Acc:MGI:1913546]",-0.167596076241932
"Asb7",-0.178273866812728,0.116469322820683,-0.156610306828826,0.236356866239598,"ankyrin repeat and SOCS box-containing 7 [Source:MGI Symbol;Acc:MGI:2152835]",-0.167442086820777
"Atg13",-0.19397931583875,0.16737044365746,-0.140596297198288,0.391681411364437,"autophagy related 13 [Source:MGI Symbol;Acc:MGI:1196429]",-0.167287806518519
"Zfp384",-0.171257356539068,0.0810155074169564,-0.163126772879668,0.174245074676277,"zinc finger protein 384 [Source:MGI Symbol;Acc:MGI:2443203]",-0.167192064709368
"Pmpcb",-0.157479967486568,0.225956046978317,-0.175845365746601,0.249056748783474,"peptidase (mitochondrial processing) beta [Source:MGI Symbol;Acc:MGI:1920328]",-0.166662666616585
"Dpp8",-0.181919747868823,0.243307529366376,-0.151227260281981,0.412836328748661,"dipeptidylpeptidase 8 [Source:MGI Symbol;Acc:MGI:1921638]",-0.166573504075402
"Jade3",-0.200368859168736,0.170494276816513,-0.13238539542815,0.444080489841485,"jade family PHD finger 3 [Source:MGI Symbol;Acc:MGI:2148019]",-0.166377127298443
"Nipbl",-0.149167084017938,0.245818873544123,-0.182170485027924,0.233356711013206,"NIPBL cohesin loading factor [Source:MGI Symbol;Acc:MGI:1913976]",-0.165668784522931
"Pde4d",-0.0985670051047599,0.578808233639789,-0.232726493446653,0.239523574686932,"phosphodiesterase 4D, cAMP specific [Source:MGI Symbol;Acc:MGI:99555]",-0.165646749275706
"Enpp1",-0.237859195321625,0.190899895631229,-0.0932331339645005,0.694739320579006,"ectonucleotide pyrophosphatase/phosphodiesterase 1 [Source:MGI Symbol;Acc:MGI:97370]",-0.165546164643063
"Slc9a1",-0.147490526525588,0.243506488185628,-0.183203924160225,0.228319018180083,"solute carrier family 9 (sodium/hydrogen exchanger), member 1 [Source:MGI Symbol;Acc:MGI:102462]",-0.165347225342906
"Ccni",-0.192906140131111,0.18636141420201,-0.137698710073532,0.426028625850621,"cyclin I [Source:MGI Symbol;Acc:MGI:1341077]",-0.165302425102321
"Mon2",-0.185210803933685,0.210655111739078,-0.145357074232821,0.402677089371256,"MON2 homolog, regulator of endosome to Golgi trafficking [Source:MGI Symbol;Acc:MGI:1914324]",-0.165283939083253
"Tab2",-0.136471998309647,0.180302915081175,-0.194017098463897,0.162729965916785,"TGF-beta activated kinase 1/MAP3K7 binding protein 2 [Source:MGI Symbol;Acc:MGI:1915902]",-0.165244548386772
"Gatad2b",-0.199546820784812,0.0648209591146937,-0.130779851402903,0.286988163919937,"GATA zinc finger domain containing 2B [Source:MGI Symbol;Acc:MGI:2443225]",-0.165163336093857
"Sf1",-0.20308275077516,0.0551344546054595,-0.126990132942409,0.29347684713784,"splicing factor 1 [Source:MGI Symbol;Acc:MGI:1095403]",-0.165036441858784
"Tubgcp4",-0.142637905890438,0.229890403224061,-0.187434780623999,0.197718212882542,"tubulin, gamma complex component 4 [Source:MGI Symbol;Acc:MGI:1196293]",-0.165036343257218
"2410002F23Rik",-0.244782844323737,0.22128427533203,-0.0851438775630031,0.750603952864841,"RIKEN cDNA 2410002F23 gene [Source:MGI Symbol;Acc:MGI:1914226]",-0.16496336094337
"Kdm2a",-0.15234805686646,0.17320538324253,-0.177134255561279,0.197718212882542,"lysine (K)-specific demethylase 2A [Source:MGI Symbol;Acc:MGI:1354736]",-0.16474115621387
"Sf3b1",-0.193815996552246,0.130482819676737,-0.135409000156206,0.359253162702251,"splicing factor 3b, subunit 1 [Source:MGI Symbol;Acc:MGI:1932339]",-0.164612498354226
"Eps15",-0.192120912998108,0.0910269937117311,-0.136995373034432,0.292951746685665,"epidermal growth factor receptor pathway substrate 15 [Source:MGI Symbol;Acc:MGI:104583]",-0.16455814301627
"Zc3hav1",-0.165275861579918,0.178722755075377,-0.163415943337515,0.25307039903829,"zinc finger CCCH type, antiviral 1 [Source:MGI Symbol;Acc:MGI:1926031]",-0.164345902458716
"Atxn1l",-0.183271895544202,0.110545073023047,-0.145136763844306,0.272738873495978,"ataxin 1-like [Source:MGI Symbol;Acc:MGI:3694797]",-0.164204329694254
"Lman1",-0.215042374766656,0.238588853571232,-0.112832790377014,0.61895552181537,"lectin, mannose-binding, 1 [Source:MGI Symbol;Acc:MGI:1917611]",-0.163937582571835
"Cnot7",-0.187203510276816,0.0796200509678778,-0.140158811569963,0.251555683059562,"CCR4-NOT transcription complex, subunit 7 [Source:MGI Symbol;Acc:MGI:1298230]",-0.163681160923389
"Dcaf10",-0.180511475103766,0.139110430146067,-0.145643708287042,0.301644607481368,"DDB1 and CUL4 associated factor 10 [Source:MGI Symbol;Acc:MGI:2140179]",-0.163077591695404
"Tcf20",-0.178808920713578,0.209196325597331,-0.146808603073978,0.375689253832576,"transcription factor 20 [Source:MGI Symbol;Acc:MGI:108399]",-0.162808761893778
"Kctd9",-0.18439581679205,0.231527804039483,-0.140872089025865,0.441797307158954,"potassium channel tetramerisation domain containing 9 [Source:MGI Symbol;Acc:MGI:2145579]",-0.162633952908957
"Scaf11",-0.198438645783329,0.137378120602172,-0.126353664230266,0.41659588058639,"SR-related CTD-associated factor 11 [Source:MGI Symbol;Acc:MGI:1919443]",-0.162396155006797
"1110032A03Rik",-0.202847944528794,0.124941507690441,-0.121690963466765,0.43194852387925,NA,-0.16226945399778
"Slmap",-0.130029693298548,0.370887653116975,-0.193921771882812,0.248668083993198,"sarcolemma associated protein [Source:MGI Symbol;Acc:MGI:1933549]",-0.16197573259068
"Thrap3",-0.199360850976294,0.0895447470677213,-0.124187788730215,0.357744246180643,"thyroid hormone receptor associated protein 3 [Source:MGI Symbol;Acc:MGI:2442637]",-0.161774319853254
"Dennd6a",-0.185607569704913,0.225385337066447,-0.137231819978889,0.451554055091616,"DENN domain containing 6A [Source:MGI Symbol;Acc:MGI:2442980]",-0.161419694841901
"Pias3",-0.18819109614486,0.143802787020808,-0.134412580023844,0.366849908040273,"protein inhibitor of activated STAT 3 [Source:MGI Symbol;Acc:MGI:1913126]",-0.161301838084352
"Zfp386",-0.216886849531284,0.0433843539655187,-0.105012823662265,0.382547642590859,"zinc finger protein 386 (Kruppel-like) [Source:MGI Symbol;Acc:MGI:1930708]",-0.160949836596775
"Ifnar1",-0.172129808237889,0.200017699099217,-0.14971672305715,0.34272096735329,"interferon (alpha and beta) receptor 1 [Source:MGI Symbol;Acc:MGI:107658]",-0.16092326564752
"Ralgds",-0.157380176088621,0.24313722352837,-0.164268313060641,0.299771480548259,"ral guanine nucleotide dissociation stimulator [Source:MGI Symbol;Acc:MGI:107485]",-0.160824244574631
"Gmeb2",-0.224973315611918,0.0647096037503236,-0.0966568095716566,0.497178992712377,"glucocorticoid modulatory element binding protein 2 [Source:MGI Symbol;Acc:MGI:2652836]",-0.160815062591787
"Tnpo1",-0.179377423824529,0.21994334649254,-0.140521603329135,0.416233477402952,"transportin 1 [Source:MGI Symbol;Acc:MGI:2681523]",-0.159949513576832
"Atp6v0a1",-0.161230449949462,0.239966159069151,-0.15853665941251,0.323092099345801,"ATPase, H+ transporting, lysosomal V0 subunit A1 [Source:MGI Symbol;Acc:MGI:103286]",-0.159883554680986
"Ski",-0.167370519325723,0.0546703982350083,-0.15201912854823,0.168155026440401,"ski sarcoma viral oncogene homolog (avian) [Source:MGI Symbol;Acc:MGI:98310]",-0.159694823936976
"Ap2b1",-0.134233525945798,0.264957494116549,-0.18456502240692,0.207041265355528,"adaptor-related protein complex 2, beta 1 subunit [Source:MGI Symbol;Acc:MGI:1919020]",-0.159399274176359
"Mcm9",-0.238048714122328,0.0442545003395732,-0.0806335395463622,0.561209686963206,"minichromosome maintenance 9 homologous recombination repair factor [Source:MGI Symbol;Acc:MGI:1918817]",-0.159341126834345
"Usp33",-0.189926542588372,0.105258010667092,-0.128631468832879,0.344109299697969,"ubiquitin specific peptidase 33 [Source:MGI Symbol;Acc:MGI:2159711]",-0.159279005710625
"Brcc3",-0.1791687366305,0.20234698025253,-0.139288122028805,0.398265653278313,"BRCA1/BRCA2-containing complex, subunit 3 [Source:MGI Symbol;Acc:MGI:2389572]",-0.159228429329653
"Golga2",-0.1546396866188,0.139112722665666,-0.16360438180601,0.197718212882542,"golgin A2 [Source:MGI Symbol;Acc:MGI:2139395]",-0.159122034212405
"Ppp2r2d",-0.189220817453346,0.0849274609695713,-0.129010299728192,0.303655002925299,"protein phosphatase 2, regulatory subunit B, delta [Source:MGI Symbol;Acc:MGI:1289252]",-0.159115558590769
"Tmem87a",-0.173060423330885,0.0511078119275417,-0.144974359163311,0.178780142778624,"transmembrane protein 87A [Source:MGI Symbol;Acc:MGI:2441844]",-0.159017391247098
"Sepsecs",-0.199319218770742,0.216185837533539,-0.118506815764932,0.545648740010112,"Sep (O-phosphoserine) tRNA:Sec (selenocysteine) tRNA synthase [Source:MGI Symbol;Acc:MGI:1098791]",-0.158913017267837
"Zfp948",-0.188986431365884,0.246533582053967,-0.128339638574569,0.515829904037287,"zinc finger protein 948 [Source:MGI Symbol;Acc:MGI:3040683]",-0.158663034970226
"Gltscr1l",-0.188852324977708,0.134705941760999,-0.128243514963468,0.375689253832576,NA,-0.158547919970588
"Zhx1",-0.169419286523849,0.147019022706755,-0.147467108287768,0.274038824157328,"zinc fingers and homeoboxes 1 [Source:MGI Symbol;Acc:MGI:109271]",-0.158443197405808
"Tiprl",-0.189469644631886,0.198186833694225,-0.126585619223206,0.472705749813968,"TIP41, TOR signalling pathway regulator-like (S. cerevisiae) [Source:MGI Symbol;Acc:MGI:1915087]",-0.158027631927546
"Gns",-0.214650224069233,0.142238084906769,-0.100294478072733,0.57227117589502,"glucosamine (N-acetyl)-6-sulfatase [Source:MGI Symbol;Acc:MGI:1922862]",-0.157472351070983
"Rnf111",-0.185528145149425,0.132827861191507,-0.129376227705145,0.362948445798034,"ring finger 111 [Source:MGI Symbol;Acc:MGI:1934919]",-0.157452186427285
"Slc23a2",-0.229482766076168,0.139110430146067,-0.0851368341676431,0.662000934465891,"solute carrier family 23 (nucleobase transporters), member 2 [Source:MGI Symbol;Acc:MGI:1859682]",-0.157309800121906
"Mdm2",-0.15991983612191,0.15381833901864,-0.154212737838291,0.239343773696918,"transformed mouse 3T3 cell double minute 2 [Source:MGI Symbol;Acc:MGI:96952]",-0.157066286980101
"Nadk2",-0.190241786812288,0.247003087327512,-0.123851772703168,0.536023424219578,"NAD kinase 2, mitochondrial [Source:MGI Symbol;Acc:MGI:1915896]",-0.157046779757728
"Mtor",-0.222785731641473,0.0659768107140516,-0.0909902209843692,0.524580124042531,"mechanistic target of rapamycin kinase [Source:MGI Symbol;Acc:MGI:1928394]",-0.156887976312921
"Fam204a",-0.234375001807988,0.0426991101671376,-0.0780003995333935,0.563539921919069,"family with sequence similarity 204, member A [Source:MGI Symbol;Acc:MGI:1289174]",-0.156187700670691
"Slc30a9",-0.204984607935805,0.139611251903646,-0.107304751339915,0.516983282745796,"solute carrier family 30 (zinc transporter), member 9 [Source:MGI Symbol;Acc:MGI:1923690]",-0.15614467963786
"Gpkow",-0.172045306936696,0.173629996102783,-0.14008400062839,0.344109299697969,"G patch domain and KOW motifs [Source:MGI Symbol;Acc:MGI:1859610]",-0.156064653782543
"Tmem43",-0.166697839748916,0.173531656646686,-0.145332715521015,0.308050017918922,"transmembrane protein 43 [Source:MGI Symbol;Acc:MGI:1921372]",-0.156015277634966
"Aebp2",-0.161015952545509,0.163851613830095,-0.15062581907787,0.263409926248979,"AE binding protein 2 [Source:MGI Symbol;Acc:MGI:1338038]",-0.15582088581169
"Hipk3",-0.175260055680953,0.234108934415065,-0.136114456815907,0.437923485061072,"homeodomain interacting protein kinase 3 [Source:MGI Symbol;Acc:MGI:1314882]",-0.15568725624843
"Zfp608",-0.187548491799399,0.245673237649977,-0.123552401673341,0.527607980011832,"zinc finger protein 608 [Source:MGI Symbol;Acc:MGI:2442338]",-0.15555044673637
"Psme4",-0.162967728664201,0.249154511684414,-0.147695207998929,0.372278666759099,"proteasome (prosome, macropain) activator subunit 4 [Source:MGI Symbol;Acc:MGI:2143994]",-0.155331468331565
"Papola",-0.13376106716738,0.276719529380054,-0.1767023243493,0.229360424372913,"poly (A) polymerase alpha [Source:MGI Symbol;Acc:MGI:109301]",-0.15523169575834
"Atg14",-0.147571346253989,0.190899895631229,-0.162294957751907,0.227894542152514,"autophagy related 14 [Source:MGI Symbol;Acc:MGI:1261775]",-0.154933152002948
"Mtx3",-0.201420115483297,0.23663971716794,-0.108308803052983,0.608169674833314,"metaxin 3 [Source:MGI Symbol;Acc:MGI:2686040]",-0.15486445926814
"2810021J22Rik",-0.190084479454975,0.210655111739078,-0.119537954744015,0.512440749309267,"RIKEN cDNA 2810021J22 gene [Source:MGI Symbol;Acc:MGI:1917194]",-0.154811217099495
"Ptgr2",-0.191379166509703,0.228903055404321,-0.118047755532154,0.540987443433999,"prostaglandin reductase 2 [Source:MGI Symbol;Acc:MGI:1916372]",-0.154713461020929
"Dclre1b",-0.224531370819737,0.18700716983213,-0.0843593598736775,0.704758768217313,"DNA cross-link repair 1B [Source:MGI Symbol;Acc:MGI:2156057]",-0.154445365346707
"Cul4b",-0.192449091765807,0.1882267873807,-0.116105635589063,0.507997621453605,"cullin 4B [Source:MGI Symbol;Acc:MGI:1919834]",-0.154277363677435
"Cwc22",-0.177734779837443,0.107790828445063,-0.130752254439254,0.305320048038166,"CWC22 spliceosome-associated protein [Source:MGI Symbol;Acc:MGI:2136773]",-0.154243517138348
"Gltscr1",-0.185189284339404,0.182251457348356,-0.123227130820223,0.454539371018165,NA,-0.154208207579813
"Med13l",-0.18824118977199,0.0950672951991452,-0.11950004188013,0.362361723420413,"mediator complex subunit 13-like [Source:MGI Symbol;Acc:MGI:2670178]",-0.15387061582606
"Ppp2r5e",-0.133098543774878,0.225385337066447,-0.173541359724716,0.197718212882542,"protein phosphatase 2, regulatory subunit B', epsilon [Source:MGI Symbol;Acc:MGI:1349473]",-0.153319951749797
"Anapc1",-0.205219422913906,0.138532835533669,-0.101080195681862,0.541669907876711,"anaphase promoting complex subunit 1 [Source:MGI Symbol;Acc:MGI:103097]",-0.153149809297884
"9130011E15Rik",-0.17629166944644,0.206886012513173,-0.12992621329642,0.433522743996596,NA,-0.15310894137143
"Zfp944",-0.185486428563294,0.0929807516430309,-0.120340629021172,0.345653414205492,"zinc finger protein 944 [Source:MGI Symbol;Acc:MGI:2442394]",-0.152913528792233
"Atf1",-0.184836376212131,0.0850595528724954,-0.120695757077604,0.325894658197774,"activating transcription factor 1 [Source:MGI Symbol;Acc:MGI:1298366]",-0.152766066644867
"Rnf216",-0.178525934977251,0.0858985754088488,-0.12685871903035,0.286609508979727,"ring finger protein 216 [Source:MGI Symbol;Acc:MGI:1344349]",-0.152692327003801
"Appl1",-0.138307021529325,0.224488626911873,-0.166882290108277,0.218958715344851,"adaptor protein, phosphotyrosine interaction, PH domain and leucine zipper containing 1 [Source:MGI Symbol;Acc:MGI:1920243]",-0.152594655818801
"Topors",-0.158767603981186,0.0782926362467377,-0.146112990620358,0.186758832261382,"topoisomerase I binding, arginine/serine-rich [Source:MGI Symbol;Acc:MGI:2146189]",-0.152440297300772
"Tbck",-0.183345063170421,0.196293703178585,-0.121443276412345,0.474135878346324,"TBC1 domain containing kinase [Source:MGI Symbol;Acc:MGI:2445052]",-0.152394169791383
"Csnk1d",-0.132082395895563,0.290201857089928,-0.172195752520645,0.240717160237913,"casein kinase 1, delta [Source:MGI Symbol;Acc:MGI:1355272]",-0.152139074208104
"Odf2l",-0.110447727864142,0.417336770506934,-0.193122646622663,0.224958418720082,"outer dense fiber of sperm tails 2-like [Source:MGI Symbol;Acc:MGI:1098600]",-0.151785187243403
"Endov",-0.230857276378087,0.0659768107140516,-0.0725040398911196,0.634180727469016,"endonuclease V [Source:MGI Symbol;Acc:MGI:2444688]",-0.151680658134603
"Trappc6b",-0.170216397850542,0.171856520057616,-0.132832512339283,0.36082739426449,"trafficking protein particle complex 6B [Source:MGI Symbol;Acc:MGI:1925482]",-0.151524455094912
"Ambra1",-0.159983599958425,0.110655470070386,-0.141833669264561,0.229360424372913,"autophagy/beclin 1 regulator 1 [Source:MGI Symbol;Acc:MGI:2443564]",-0.150908634611493
"Dlg5",-0.0972595153426742,0.360621477455603,-0.20417211488804,0.162729965916785,"discs large MAGUK scaffold protein 5 [Source:MGI Symbol;Acc:MGI:1918478]",-0.150715815115357
"Wdr26",-0.152602301628307,0.134089722622777,-0.148726194364765,0.214305684485761,"WD repeat domain 26 [Source:MGI Symbol;Acc:MGI:1923825]",-0.150664247996536
"Rnf139",-0.161515178967401,0.0659768107140516,-0.139107843582046,0.192162323269413,"ring finger protein 139 [Source:MGI Symbol;Acc:MGI:1923091]",-0.150311511274724
"Hgsnat",-0.189713261665584,0.239491725760165,-0.109656165427282,0.580533442346789,"heparan-alpha-glucosaminide N-acetyltransferase [Source:MGI Symbol;Acc:MGI:1196297]",-0.149684713546433
"Zfp763",-0.176748293910937,0.24020092392697,-0.121939598382692,0.499716776983686,"zinc finger protein 763 [Source:MGI Symbol;Acc:MGI:1920701]",-0.149343946146815
"Rbbp8",-0.170285097809531,0.0666077254852748,-0.128276418597651,0.232835298659479,"retinoblastoma binding protein 8, endonuclease [Source:MGI Symbol;Acc:MGI:2442995]",-0.149280758203591
"Epb41",-0.168338988436764,0.209670198313337,-0.129918936292456,0.411806201637451,"erythrocyte membrane protein band 4.1 [Source:MGI Symbol;Acc:MGI:95401]",-0.14912896236461
"Gatad1",-0.167272401168283,0.1621012707208,-0.130434955538124,0.347922939871362,"GATA zinc finger domain containing 1 [Source:MGI Symbol;Acc:MGI:1914460]",-0.148853678353204
"Zfp160",-0.152568116086918,0.162171235083538,-0.144554851743939,0.252446446200949,"zinc finger protein 160 [Source:MGI Symbol;Acc:MGI:108187]",-0.148561483915429
"Trappc11",-0.166783469896457,0.159706739416263,-0.130241598059908,0.344109299697969,"trafficking protein particle complex 11 [Source:MGI Symbol;Acc:MGI:2444585]",-0.148512533978183
"Arl13b",-0.172756428121306,0.240746859783984,-0.124092236961605,0.484980200380014,"ADP-ribosylation factor-like 13B [Source:MGI Symbol;Acc:MGI:1915396]",-0.148424332541456
"Map3k4",-0.122952056728427,0.234108934415065,-0.172566571037456,0.185285525755214,"mitogen-activated protein kinase kinase kinase 4 [Source:MGI Symbol;Acc:MGI:1346875]",-0.147759313882942
"Sin3a",-0.16332596175994,0.187829829798676,-0.132069918444297,0.362361723420413,"transcriptional regulator, SIN3A (yeast) [Source:MGI Symbol;Acc:MGI:107157]",-0.147697940102119
"Map4",-0.0864343322218013,0.522284690098541,-0.207786619564203,0.19444221244791,"microtubule-associated protein 4 [Source:MGI Symbol;Acc:MGI:97178]",-0.147110475893002
"Fam120b",-0.0968408212766364,0.332373590062915,-0.19693468681127,0.162729965916785,"family with sequence similarity 120, member B [Source:MGI Symbol;Acc:MGI:1914794]",-0.146887754043953
"Col4a3bp",-0.1886275645624,0.193860889895632,-0.104701781985836,0.55325826873374,NA,-0.146664673274118
"Fam193a",-0.16117933003615,0.138565663642372,-0.131142418161844,0.294937306307845,"family with sequence homology 193, member A [Source:MGI Symbol;Acc:MGI:2447768]",-0.146160874098997
"Matr3",-0.174488419595505,0.240525830193112,-0.117262682786573,0.514941188706482,"matrin 3 [Source:MGI Symbol;Acc:MGI:1298379]",-0.145875551191039
"Ppfibp2",-0.151675201209585,0.245393205019221,-0.139883575606812,0.362361723420413,"PTPRF interacting protein, binding protein 2 (liprin beta 2) [Source:MGI Symbol;Acc:MGI:894649]",-0.145779388408198
"Zfp617",-0.172434040397576,0.143820595751897,-0.118992151906951,0.383010532106489,"zinc finger protein 617 [Source:MGI Symbol;Acc:MGI:2684459]",-0.145713096152264
"Pcmtd2",-0.149456530121539,0.199872064909066,-0.141768673148626,0.297848904238881,"protein-L-isoaspartate (D-aspartate) O-methyltransferase domain containing 2 [Source:MGI Symbol;Acc:MGI:1923927]",-0.145612601635082
"Usp28",-0.183331301665478,0.125857931438261,-0.107045294360834,0.445170429920836,"ubiquitin specific peptidase 28 [Source:MGI Symbol;Acc:MGI:2442293]",-0.145188298013156
"Mef2d",-0.118518091516414,0.339893052514019,-0.171774564180998,0.237558527911579,"myocyte enhancer factor 2D [Source:MGI Symbol;Acc:MGI:99533]",-0.145146327848706
"Efr3a",-0.113211831168212,0.395233318664599,-0.176988422951036,0.247888508935242,"EFR3 homolog A [Source:MGI Symbol;Acc:MGI:1923990]",-0.145100127059624
"Susd6",-0.178988635131665,0.146804861805841,-0.111209382800745,0.443767195243671,"sushi domain containing 6 [Source:MGI Symbol;Acc:MGI:2444661]",-0.145099008966205
"Gxylt1",-0.171785080912238,0.19208953001194,-0.118363607324283,0.447245472105434,"glucoside xylosyltransferase 1 [Source:MGI Symbol;Acc:MGI:2684933]",-0.14507434411826
"Zfp592",-0.106993825222292,0.402250073831709,-0.182819165113856,0.222412846804484,"zinc finger protein 592 [Source:MGI Symbol;Acc:MGI:2443541]",-0.144906495168074
"Arih2",-0.157335199497791,0.119991719152617,-0.131963416932919,0.257079036664102,"ariadne RBR E3 ubiquitin protein ligase 2 [Source:MGI Symbol;Acc:MGI:1344361]",-0.144649308215355
"Gclc",-0.215611106829606,0.152191642748153,-0.0731729617502338,0.708804700350823,"glutamate-cysteine ligase, catalytic subunit [Source:MGI Symbol;Acc:MGI:104990]",-0.14439203428992
"Zfp868",-0.21938324006996,0.0451820567944804,-0.0693093114056522,0.596750340139384,"zinc finger protein 868 [Source:MGI Symbol;Acc:MGI:2142546]",-0.144346275737806
"Ptpra",-0.153903869616704,0.0753908410691161,-0.134398937171679,0.197718212882542,"protein tyrosine phosphatase receptor type A [Source:MGI Symbol;Acc:MGI:97808]",-0.144151403394191
"Hp1bp3",-0.168354494372927,0.0327906244937893,-0.119913747266036,0.17154784780299,"heterochromatin protein 1, binding protein 3 [Source:MGI Symbol;Acc:MGI:109369]",-0.144134120819481
"Vezf1",-0.144283577971381,0.147019022706755,-0.143736439152415,0.222427501867681,"vascular endothelial zinc finger 1 [Source:MGI Symbol;Acc:MGI:1313291]",-0.144010008561898
"Orc3",-0.21053016132747,0.0564365334157998,-0.0769316156096774,0.559613442496002,"origin recognition complex, subunit 3 [Source:MGI Symbol;Acc:MGI:1354944]",-0.143730888468574
"Hmbox1",-0.163719295626919,0.246575554662123,-0.12247164076284,0.471223333300751,"homeobox containing 1 [Source:MGI Symbol;Acc:MGI:2445066]",-0.14309546819488
"Ptp4a2",-0.120291917137701,0.199872064909066,-0.165688208538072,0.168155026440401,"protein tyrosine phosphatase 4a2 [Source:MGI Symbol;Acc:MGI:1277117]",-0.142990062837887
"Zfp810",-0.207246198408498,0.088875119007663,-0.0784970686088367,0.593689890543201,"zinc finger protein 810 [Source:MGI Symbol;Acc:MGI:2384563]",-0.142871633508667
"Zbtb34",-0.199561129798607,0.137378150323147,-0.0842302197821062,0.607845498959965,"zinc finger and BTB domain containing 34 [Source:MGI Symbol;Acc:MGI:2685195]",-0.141895674790357
"Mios",-0.212692226420948,0.0741681626590844,-0.0710165322681932,0.622462109873081,"meiosis regulator for oocyte development [Source:MGI Symbol;Acc:MGI:2182066]",-0.141854379344571
"Tceanc",-0.24803854840463,0.179885449252247,-0.0350678425584448,0.896929931083957,"transcription elongation factor A (SII) N-terminal and central domain containing [Source:MGI Symbol;Acc:MGI:2685236]",-0.141553195481537
"Zbtb39",-0.155494864551174,0.130620088622396,-0.12697808548154,0.283415637914767,"zinc finger and BTB domain containing 39 [Source:MGI Symbol;Acc:MGI:2443316]",-0.141236475016357
"Smad5",-0.126401248356722,0.224971447832145,-0.156059132385901,0.207671701037539,"SMAD family member 5 [Source:MGI Symbol;Acc:MGI:1328787]",-0.141230190371312
"Extl2",-0.227500041021763,0.244938367777282,-0.0543710376978105,0.844035124708649,"exostosin-like glycosyltransferase 2 [Source:MGI Symbol;Acc:MGI:1889574]",-0.140935539359787
"Pcgf3",-0.0544726329785655,0.737345715551691,-0.226720679415533,0.198636638967883,"polycomb group ring finger 3 [Source:MGI Symbol;Acc:MGI:1916837]",-0.140596656197049
"Snrnp200",-0.18771016060765,0.0810155074169564,-0.0933631397335956,0.456864124253464,"small nuclear ribonucleoprotein 200 (U5) [Source:MGI Symbol;Acc:MGI:2444401]",-0.140536650170623
"Rnf34",-0.194267627002822,0.163672506268977,-0.0865935243368774,0.615250178976499,"ring finger protein 34 [Source:MGI Symbol;Acc:MGI:2153340]",-0.14043057566985
"Taf4",-0.119540326465534,0.162654415664457,-0.161009761280046,0.162729965916785,"TATA-box binding protein associated factor 4 [Source:MGI Symbol;Acc:MGI:2152346]",-0.14027504387279
"Dusp16",-0.199006529244052,0.139611251903646,-0.0811855603552937,0.623844291168411,"dual specificity phosphatase 16 [Source:MGI Symbol;Acc:MGI:1917936]",-0.140096044799673
"Fam175b",-0.142259886531904,0.207817761076284,-0.13707571007373,0.299771480548259,NA,-0.139667798302817
"Zfp119b",-0.186061323973353,0.133920518744699,-0.0923225368244703,0.529097860725669,"zinc finger protein 119b [Source:MGI Symbol;Acc:MGI:2385323]",-0.139191930398912
"Qrich1",-0.164995199524138,0.0538747353192554,-0.113168448434041,0.246930626622523,"glutamine-rich 1 [Source:MGI Symbol;Acc:MGI:1916482]",-0.139081823979089
"Scarb2",-0.184411087395932,0.179982766624428,-0.0931829339796334,0.580041643391451,"scavenger receptor class B, member 2 [Source:MGI Symbol;Acc:MGI:1196458]",-0.138797010687783
"Xrn2",-0.19034786575705,0.0739494820446982,-0.0872234717350396,0.48513685805679,"5'-3' exoribonuclease 2 [Source:MGI Symbol;Acc:MGI:894687]",-0.138785668746045
"Scpep1",-0.144007270454161,0.201584223570502,-0.132758789256495,0.313435475258253,"serine carboxypeptidase 1 [Source:MGI Symbol;Acc:MGI:1921867]",-0.138383029855328
"Ufl1",-0.171758559096648,0.182725525017767,-0.104609547383431,0.497785148750694,"UFM1 specific ligase 1 [Source:MGI Symbol;Acc:MGI:1914740]",-0.13818405324004
"Tmem30a",-0.138187165323608,0.247003087327512,-0.138012782647336,0.324091264455326,"transmembrane protein 30A [Source:MGI Symbol;Acc:MGI:106402]",-0.138099973985472
"Ccdc174",-0.172045785514708,0.148221097885809,-0.103730915870117,0.459694795255674,"coiled-coil domain containing 174 [Source:MGI Symbol;Acc:MGI:2444652]",-0.137888350692413
"Ercc4",-0.199897264722951,0.0415263346206187,-0.0758257695415601,0.489981259923564,"excision repair cross-complementing rodent repair deficiency, complementation group 4 [Source:MGI Symbol;Acc:MGI:1354163]",-0.137861517132256
"Ctns",-0.171868541851579,0.195541103376473,-0.103538090236985,0.516374603278253,"cystinosis, nephropathic [Source:MGI Symbol;Acc:MGI:1932872]",-0.137703316044282
"Tceanc2",-0.157963119018989,0.206650656861516,-0.11708151577817,0.430945073212285,"transcription elongation factor A (SII) N-terminal and central domain containing 2 [Source:MGI Symbol;Acc:MGI:1913776]",-0.13752231739858
"Tmem260",-0.170163107173848,0.20673079394638,-0.104727899495939,0.519127917496322,"transmembrane protein 260 [Source:MGI Symbol;Acc:MGI:2443219]",-0.137445503334893
"Trak1",-0.179039913484441,0.175626034620597,-0.0951877750573048,0.553483205033081,"trafficking protein, kinesin binding 1 [Source:MGI Symbol;Acc:MGI:1914345]",-0.137113844270873
"Fem1c",-0.158174993791246,0.198167906860194,-0.115654744295446,0.42770755172148,"fem 1 homolog c [Source:MGI Symbol;Acc:MGI:2444737]",-0.136914869043346
"Mtmr3",-0.17680761006914,0.07605650333378,-0.0969675604352864,0.394624348275283,"myotubularin related protein 3 [Source:MGI Symbol;Acc:MGI:1921552]",-0.136887585252213
"Fbxo18",-0.124045130860835,0.233932271133,-0.149344258418729,0.229360424372913,NA,-0.136694694639782
"C2cd5",-0.149449232347065,0.136651809831846,-0.123655650916012,0.28394016225557,"C2 calcium-dependent domain containing 5 [Source:MGI Symbol;Acc:MGI:1921991]",-0.136552441631539
"Gdi2",-0.180244995479637,0.177462141764794,-0.092057931405622,0.572720294617826,"GDP dissociation inhibitor 2 [Source:MGI Symbol;Acc:MGI:99845]",-0.136151463442629
"Fam53b",-0.158082783195633,0.240525830193112,-0.114099587018744,0.481774761475975,"family with sequence similarity 53, member B [Source:MGI Symbol;Acc:MGI:1925188]",-0.136091185107188
"Ap3b1",-0.147630302345177,0.214868310909299,-0.123689525681378,0.371006795396436,"adaptor-related protein complex 3, beta 1 subunit [Source:MGI Symbol;Acc:MGI:1333879]",-0.135659914013277
"Myh9",-0.148739226768561,0.225385337066447,-0.122240021521907,0.395554160840773,"myosin, heavy polypeptide 9, non-muscle [Source:MGI Symbol;Acc:MGI:107717]",-0.135489624145234
"Ibtk",-0.194589649631161,0.198226176744815,-0.0763193120215818,0.70020816373082,"inhibitor of Bruton agammaglobulinemia tyrosine kinase [Source:MGI Symbol;Acc:MGI:1918677]",-0.135454480826371
"Tsn",-0.158693220076452,0.226444881108124,-0.112120158343284,0.476960510583459,"translin [Source:MGI Symbol;Acc:MGI:109263]",-0.135406689209868
"Sun1",-0.155071815356881,0.195579041788556,-0.115741230298108,0.411954861404695,"Sad1 and UNC84 domain containing 1 [Source:MGI Symbol;Acc:MGI:1924303]",-0.135406522827494
"Agbl5",-0.15507632351844,0.223714718588426,-0.113303535926867,0.453595238948605,"ATP/GTP binding protein-like 5 [Source:MGI Symbol;Acc:MGI:2441745]",-0.134189929722654
"Zfp119a",-0.198642420745893,0.161365593636063,-0.0696598102031,0.705067085298915,"zinc finger protein 119a [Source:MGI Symbol;Acc:MGI:1345189]",-0.134151115474496
"Mapk9",-0.173017173074192,0.242263699262596,-0.0952804447398649,0.604926519843813,"mitogen-activated protein kinase 9 [Source:MGI Symbol;Acc:MGI:1346862]",-0.134148808907028
"Ccdc47",-0.147112478118723,0.23263608907462,-0.120975871681685,0.402823702588864,"coiled-coil domain containing 47 [Source:MGI Symbol;Acc:MGI:1914413]",-0.134044174900204
"Brwd1",-0.155990620273191,0.244138490496527,-0.111390467855631,0.488946333550104,"bromodomain and WD repeat domain containing 1 [Source:MGI Symbol;Acc:MGI:1890651]",-0.133690544064411
"Srrm1",-0.146639006868352,0.137749097412426,-0.120701709553828,0.288242676988381,"serine/arginine repetitive matrix 1 [Source:MGI Symbol;Acc:MGI:1858303]",-0.13367035821109
"Pnpla8",-0.0923296122120962,0.440965782129205,-0.174721073372231,0.207671701037539,"patatin-like phospholipase domain containing 8 [Source:MGI Symbol;Acc:MGI:1914702]",-0.133525342792164
"Hic2",-0.180342056048098,0.233833869430597,-0.0864949342976263,0.650936675284409,"hypermethylated in cancer 2 [Source:MGI Symbol;Acc:MGI:1929869]",-0.133418495172862
"Eef2",-0.208002526260904,0.0605451276776039,-0.0586314925960352,0.674095085574581,"eukaryotic translation elongation factor 2 [Source:MGI Symbol;Acc:MGI:95288]",-0.13331700942847
"Ncoa1",-0.0950093946128927,0.374931869598583,-0.171471200231619,0.192179612883721,"nuclear receptor coactivator 1 [Source:MGI Symbol;Acc:MGI:1276523]",-0.133240297422256
"Zswim8",-0.16378916856234,0.140286854352431,-0.102642283804787,0.43194852387925,"zinc finger SWIM-type containing 8 [Source:MGI Symbol;Acc:MGI:1919156]",-0.133215726183564
"Afmid",-0.2232268344248,0.165347547695046,-0.042676771847184,0.850466964290234,"arylformamidase [Source:MGI Symbol;Acc:MGI:2448704]",-0.132951803135992
"Atad1",-0.152630421941003,0.220173588393356,-0.112481457573535,0.446592198833949,"ATPase family, AAA domain containing 1 [Source:MGI Symbol;Acc:MGI:1915229]",-0.132555939757269
"Slc25a16",-0.212745505854581,0.136425267665587,-0.0518069364584223,0.788857387521609,"solute carrier family 25 (mitochondrial carrier, Graves disease autoantigen), member 16 [Source:MGI Symbol;Acc:MGI:1920382]",-0.132276221156502
"Mtpn",-0.141883971251323,0.240135337618117,-0.12265705264541,0.386743628114093,"myotrophin [Source:MGI Symbol;Acc:MGI:99445]",-0.132270511948367
"Kdm4b",-0.144991886735007,0.165892056955294,-0.119501035994362,0.324091264455326,"lysine (K)-specific demethylase 4B [Source:MGI Symbol;Acc:MGI:2442355]",-0.132246461364684
"Ube2j1",-0.149388778576472,0.240746859783984,-0.115040164692897,0.449096287056322,"ubiquitin-conjugating enzyme E2J 1 [Source:MGI Symbol;Acc:MGI:1926245]",-0.132214471634684
"Ddx19b",-0.219939136567404,0.191737220848185,-0.0443437608889764,0.852378852553919,"DEAD box helicase 19b [Source:MGI Symbol;Acc:MGI:2148251]",-0.13214144872819
"Rfx7",-0.179202176462463,0.234269422065598,-0.0849584112543538,0.657140677590616,"regulatory factor X, 7 [Source:MGI Symbol;Acc:MGI:2442675]",-0.132080293858408
"Zmynd11",-0.127275966102582,0.205271109574757,-0.136559485568879,0.24586231264459,"zinc finger, MYND domain containing 11 [Source:MGI Symbol;Acc:MGI:1913755]",-0.13191772583573
"Tgfbrap1",-0.141464754497943,0.15298930121479,-0.122334748026499,0.28394016225557,"transforming growth factor, beta receptor associated protein 1 [Source:MGI Symbol;Acc:MGI:2447427]",-0.131899751262221
"Ccny",-0.175366575416613,0.134023987008241,-0.0882018788781839,0.526812317576086,"cyclin Y [Source:MGI Symbol;Acc:MGI:1915224]",-0.131784227147398
"Coq8a",-0.233324367640507,0.20748468659843,-0.0301032133160712,0.913823610524507,"coenzyme Q8A [Source:MGI Symbol;Acc:MGI:1914676]",-0.131713790478289
"Ranbp10",-0.141332151267571,0.197503632479061,-0.121525742501098,0.344109299697969,"RAN binding protein 10 [Source:MGI Symbol;Acc:MGI:1921584]",-0.131428946884335
"Ebag9",-0.153481942276366,0.16737044365746,-0.108944188722284,0.400999787366085,"estrogen receptor-binding fragment-associated gene 9 [Source:MGI Symbol;Acc:MGI:1859920]",-0.131213065499325
"Mgea5",-0.126173755280558,0.136605369944268,-0.13566307691998,0.192162323269413,NA,-0.130918416100269
"Cldnd1",-0.196914777771705,0.233078417009765,-0.0647290400626502,0.774746561484497,"claudin domain containing 1 [Source:MGI Symbol;Acc:MGI:2447860]",-0.130821908917178
"Dctn1",-0.151479089911311,0.201077301990191,-0.10974094321665,0.43582379121489,"dynactin 1 [Source:MGI Symbol;Acc:MGI:107745]",-0.13061001656398
"Ranbp9",-0.146801860635346,0.170494276816513,-0.114167117551647,0.36141122725137,"RAN binding protein 9 [Source:MGI Symbol;Acc:MGI:1928741]",-0.130484489093496
"Emd",-0.165609255908443,0.088875119007663,-0.0952654540377755,0.394624348275283,"emerin [Source:MGI Symbol;Acc:MGI:108117]",-0.130437354973109
"Tlk2",-0.153360738327483,0.0323870780769041,-0.107295927187827,0.173014444485906,"tousled-like kinase 2 (Arabidopsis) [Source:MGI Symbol;Acc:MGI:1346023]",-0.130328332757655
"Fam45a",-0.135498250126131,0.228342569924783,-0.124991587933544,0.344109299697969,NA,-0.130244919029838
"Zfp335",-0.146430430595838,0.200017699099217,-0.112126431951658,0.402668523976988,"zinc finger protein 335 [Source:MGI Symbol;Acc:MGI:2682313]",-0.129278431273748
"Rad21",-0.151789682306964,0.213925780555371,-0.106267259665088,0.465746971271521,"RAD21 cohesin complex component [Source:MGI Symbol;Acc:MGI:108016]",-0.129028470986026
"Erlec1",-0.157511098289442,0.189584093764356,-0.099968226133493,0.486467758383486,"endoplasmic reticulum lectin 1 [Source:MGI Symbol;Acc:MGI:1914003]",-0.128739662211467
"Baz2a",-0.0963365028645624,0.332742358055804,-0.158914855165988,0.195138891534963,"bromodomain adjacent to zinc finger domain, 2A [Source:MGI Symbol;Acc:MGI:2151152]",-0.127625679015275
"Vps37a",-0.153292619469938,0.225385337066447,-0.101895908588361,0.501226158985113,"vacuolar protein sorting 37A [Source:MGI Symbol;Acc:MGI:1261835]",-0.12759426402915
"Cdan1",-0.181283766173956,0.20275336058526,-0.0722538254668314,0.697737457257621,"codanin 1 [Source:MGI Symbol;Acc:MGI:1916218]",-0.126768795820394
"Tldc1",-0.148046545495372,0.204143935929966,-0.104702921855944,0.446989939440586,NA,-0.126374733675658
"Otud7b",-0.0651039674137396,0.56041788258643,-0.187280244956102,0.168155026440401,"OTU domain containing 7B [Source:MGI Symbol;Acc:MGI:2654703]",-0.126192106184921
"Zfp85",-0.145824925065385,0.212988098411464,-0.106490288791147,0.442642295540415,"zinc finger protein 85 [Source:MGI Symbol;Acc:MGI:107767]",-0.126157606928266
"Adar",-0.168204144550762,0.238839145024805,-0.083758502779382,0.641640159823846,"adenosine deaminase, RNA-specific [Source:MGI Symbol;Acc:MGI:1889575]",-0.125981323665072
"Cenpo",-0.15050065576724,0.249136105159283,-0.10124044094944,0.521752814812042,"centromere protein O [Source:MGI Symbol;Acc:MGI:1923800]",-0.12587054835834
"Bmp2k",-0.211526499813568,0.239718872261205,-0.0388058345690819,0.882533674238903,"BMP2 inducible kinase [Source:MGI Symbol;Acc:MGI:2155456]",-0.125166167191325
"Ino80",-0.171121831407994,0.163239524230111,-0.0788052473167347,0.601766005096486,"INO80 complex subunit [Source:MGI Symbol;Acc:MGI:1915392]",-0.124963539362364
"Med15",-0.142851191899034,0.178481985184499,-0.106630433501667,0.389414452824998,"mediator complex subunit 15 [Source:MGI Symbol;Acc:MGI:2137379]",-0.124740812700351
"Cmtr1",-0.200811926071011,0.198843370620565,-0.0486572787474697,0.821568571363708,"cap methyltransferase 1 [Source:MGI Symbol;Acc:MGI:1921407]",-0.12473460240924
"Ndst2",-0.177747765758781,0.0801610982178077,-0.0715598913236391,0.554109792343499,"N-deacetylase/N-sulfotransferase (heparan glucosaminyl) 2 [Source:MGI Symbol;Acc:MGI:97040]",-0.12465382854121
"Clpx",-0.17407406400244,0.249896859642548,-0.0750614417209921,0.707425807056488,"caseinolytic mitochondrial matrix peptidase chaperone subunit [Source:MGI Symbol;Acc:MGI:1346017]",-0.124567752861716
"Hnrnpdl",-0.193840769291346,0.0782926362467377,-0.0551080757696137,0.695813643254023,"heterogeneous nuclear ribonucleoprotein D-like [Source:MGI Symbol;Acc:MGI:1355299]",-0.12447442253048
"Yod1",-0.173230550399088,0.177897410211253,-0.0752238631308947,0.639779120808012,"YOD1 deubiquitinase [Source:MGI Symbol;Acc:MGI:2442596]",-0.124227206764991
"Ikbkg",-0.132767304379691,0.161653487328094,-0.115323988096036,0.294078692689287,"inhibitor of kappaB kinase gamma [Source:MGI Symbol;Acc:MGI:1338074]",-0.124045646237864
"Spast",-0.134955524031054,0.214982385492677,-0.113085379357239,0.371006795396436,"spastin [Source:MGI Symbol;Acc:MGI:1858896]",-0.124020451694147
"Usp22",-0.165837392668947,0.125039362073771,-0.0818944511542215,0.525409263039506,"ubiquitin specific peptidase 22 [Source:MGI Symbol;Acc:MGI:2144157]",-0.123865921911584
"Fip1l1",-0.128343972783493,0.119991719152617,-0.119196630992284,0.21895849584327,"factor interacting with PAPOLA and CPSF1 [Source:MGI Symbol;Acc:MGI:1914149]",-0.123770301887888
"Fam117b",-0.141881614789958,0.224739393778371,-0.105126714175522,0.44853392445235,"family with sequence similarity 117, member B [Source:MGI Symbol;Acc:MGI:1920000]",-0.12350416448274
"Dnajb6",-0.151046324104886,0.0901589080444083,-0.0952736132814985,0.353236050381744,"DnaJ heat shock protein family (Hsp40) member B6 [Source:MGI Symbol;Acc:MGI:1344381]",-0.123159968693192
"Cdkal1",-0.164459342733412,0.179982766624428,-0.0809924647700744,0.590933700040063,"CDK5 regulatory subunit associated protein 1-like 1 [Source:MGI Symbol;Acc:MGI:1921765]",-0.122725903751743
"Iqgap1",-0.144035307335095,0.235196703499768,-0.0987135020008609,0.498094739432696,"IQ motif containing GTPase activating protein 1 [Source:MGI Symbol;Acc:MGI:1352757]",-0.121374404667978
"Ppp2r2a",-0.123289049872172,0.176400687164871,-0.119258781511098,0.262305024338574,"protein phosphatase 2, regulatory subunit B, alpha [Source:MGI Symbol;Acc:MGI:1919228]",-0.121273915691635
"Plekha3",-0.076514911609862,0.528758741006403,-0.165249022401275,0.230305816563417,"pleckstrin homology domain-containing, family A (phosphoinositide binding specific) member 3 [Source:MGI Symbol;Acc:MGI:1932515]",-0.120881967005568
"Golga5",-0.158776198200466,0.110655470070386,-0.0824951048665275,0.485637572839646,"golgin A5 [Source:MGI Symbol;Acc:MGI:1351475]",-0.120635651533497
"Zfp110",-0.155654026919325,0.195007548414031,-0.0846157405619993,0.562520521060585,"zinc finger protein 110 [Source:MGI Symbol;Acc:MGI:1890378]",-0.120134883740662
"Dhrs3",-0.172565241661639,0.234269422065598,-0.0676594738619901,0.72647874960036,"dehydrogenase/reductase 3 [Source:MGI Symbol;Acc:MGI:1315215]",-0.120112357761815
"Dctn4",-0.138712801350815,0.142559380234844,-0.101355145271746,0.355663076669677,"dynactin 4 [Source:MGI Symbol;Acc:MGI:1914915]",-0.120033973311281
"Fig4",-0.155700208551877,0.218542882269809,-0.0840677945344054,0.589060653063226,"FIG4 phosphoinositide 5-phosphatase [Source:MGI Symbol;Acc:MGI:2143585]",-0.119884001543141
"Sirt1",-0.131280736619534,0.206551621066237,-0.108482201787762,0.369417099668998,"sirtuin 1 [Source:MGI Symbol;Acc:MGI:2135607]",-0.119881469203648
"Pigl",-0.175068382689692,0.134705941760999,-0.063296440946266,0.665494244999648,"phosphatidylinositol glycan anchor biosynthesis, class L [Source:MGI Symbol;Acc:MGI:2681271]",-0.119182411817979
"Nfrkb",-0.151083969540201,0.240239917746857,-0.0868512039107559,0.5835224461344,"nuclear factor related to kappa B binding protein [Source:MGI Symbol;Acc:MGI:2442410]",-0.118967586725478
"Arl5a",-0.152664070794808,0.169692732016702,-0.0847774089729959,0.526812317576086,"ADP-ribosylation factor-like 5A [Source:MGI Symbol;Acc:MGI:1922673]",-0.118720739883902
"Pik3c3",-0.145175386905898,0.163674282320562,-0.0916413205837652,0.458267394367613,"phosphatidylinositol 3-kinase catalytic subunit type 3 [Source:MGI Symbol;Acc:MGI:2445019]",-0.118408353744832
"Ube2g1",-0.1328394865714,0.156089921026416,-0.103508101228137,0.343935041765052,"ubiquitin-conjugating enzyme E2G 1 [Source:MGI Symbol;Acc:MGI:1914378]",-0.118173793899768
"Scaf1",-0.123051304254682,0.163234604620987,-0.112873759972824,0.268635117695908,"SR-related CTD-associated factor 1 [Source:MGI Symbol;Acc:MGI:2141980]",-0.117962532113753
"Rnf44",-0.0940758427404033,0.270682812506426,-0.139783157615333,0.192120861630439,"ring finger protein 44 [Source:MGI Symbol;Acc:MGI:2145310]",-0.116929500177868
"Herpud2",-0.127058313576878,0.209722524567274,-0.105750197269154,0.36956133867482,"HERPUD family member 2 [Source:MGI Symbol;Acc:MGI:1915393]",-0.116404255423016
"Zfp217",-0.128026979095946,0.249535945486008,-0.102772575610165,0.439307636925871,"zinc finger protein 217 [Source:MGI Symbol;Acc:MGI:2685408]",-0.115399777353055
"Fxr1",-0.124856795059539,0.167696506054198,-0.105575522109281,0.315858091686021,"FMR1 autosomal homolog 1 [Source:MGI Symbol;Acc:MGI:104860]",-0.11521615858441
"Kdm4a",-0.142694121587205,0.0801610982178077,-0.0875400942432539,0.348320187011783,"lysine (K)-specific demethylase 4A [Source:MGI Symbol;Acc:MGI:2446210]",-0.115117107915229
"Lims1",-0.148727635671916,0.23482577331,-0.0811444181609701,0.600782643004524,"LIM and senescent cell antigen-like domains 1 [Source:MGI Symbol;Acc:MGI:1195263]",-0.114936026916443
"Tsc2",-0.141443626253468,0.0707131319034687,-0.0882874295404606,0.321042009042084,"TSC complex subunit 2 [Source:MGI Symbol;Acc:MGI:102548]",-0.114865527896964
"Dcaf17",-0.182760300498831,0.163234604620987,-0.0463047433832447,0.795945115199008,"DDB1 and CUL4 associated factor 17 [Source:MGI Symbol;Acc:MGI:1923013]",-0.114532521941038
"Zscan25",-0.170254375130285,0.177462141764794,-0.0580823373814009,0.726824027545722,"zinc finger and SCAN domain containing 25 [Source:MGI Symbol;Acc:MGI:3647079]",-0.114168356255843
"Map4k4",-0.134549932155865,0.179861690559968,-0.0936531944885126,0.431099204721142,"mitogen-activated protein kinase kinase kinase kinase 4 [Source:MGI Symbol;Acc:MGI:1349394]",-0.114101563322189
"Elf2",-0.14832700636517,0.132784716318393,-0.0791642067317951,0.497178992712377,"E74-like factor 2 [Source:MGI Symbol;Acc:MGI:1916507]",-0.113745606548483
"Smarcc2",-0.0942565459989616,0.210288368035171,-0.133027630904468,0.168155026440401,"SWI/SNF related, matrix associated, actin dependent regulator of chromatin, subfamily c, member 2 [Source:MGI Symbol;Acc:MGI:1915344]",-0.113642088451715
"Rap1gds1",-0.0595681370246787,0.619160762235339,-0.166782644630917,0.214552675270665,"RAP1, GTP-GDP dissociation stimulator 1 [Source:MGI Symbol;Acc:MGI:2385189]",-0.113175390827798
"Tbp",-0.146654151907924,0.197873422248348,-0.0777299029228285,0.576890227581419,"TATA box binding protein [Source:MGI Symbol;Acc:MGI:101838]",-0.112192027415376
"Eif3c",-0.143269385574881,0.22716538771421,-0.0809573201633533,0.578780793524791,"eukaryotic translation initiation factor 3, subunit C [Source:MGI Symbol;Acc:MGI:1926966]",-0.112113352869117
"Lrba",-0.164115040576195,0.228342569924783,-0.0601013847438723,0.740533321368217,"LPS-responsive beige-like anchor [Source:MGI Symbol;Acc:MGI:1933162]",-0.112108212660034
"Stx16",-0.11604576360324,0.247958330971737,-0.107355693195236,0.363465213805813,"syntaxin 16 [Source:MGI Symbol;Acc:MGI:1923396]",-0.111700728399238
"Sav1",-0.128203627065531,0.125211747356428,-0.0938988574003464,0.329720193271533,"salvador family WW domain containing 1 [Source:MGI Symbol;Acc:MGI:1927144]",-0.111051242232939
"Stau1",-0.118648686705469,0.130620088622396,-0.103298592055158,0.252174484327694,"staufen double-stranded RNA binding protein 1 [Source:MGI Symbol;Acc:MGI:1338864]",-0.110973639380314
"Grsf1",-0.132764296308744,0.208252701277503,-0.0890799436836777,0.481774761475975,"G-rich RNA sequence binding factor 1 [Source:MGI Symbol;Acc:MGI:106479]",-0.110922119996211
"Nub1",-0.131903395207162,0.22896312039785,-0.0898911873168276,0.494197868509745,"negative regulator of ubiquitin-like proteins 1 [Source:MGI Symbol;Acc:MGI:1889001]",-0.110897291261995
"Tmed10",-0.152309159158561,0.156089921026416,-0.0685759460454608,0.604307226975651,"transmembrane p24 trafficking protein 10 [Source:MGI Symbol;Acc:MGI:1915831]",-0.110442552602011
"Prosc",-0.126946771259568,0.222086904299236,-0.0937035969335212,0.447245472105434,NA,-0.110325184096545
"H6pd",-0.165048196158341,0.233419998602594,-0.0551330051185303,0.769503843385454,"hexose-6-phosphate dehydrogenase (glucose 1-dehydrogenase) [Source:MGI Symbol;Acc:MGI:2140356]",-0.110090600638436
"Zc3h18",-0.114377859490243,0.173531656646686,-0.105054362053332,0.283444658398597,"zinc finger CCCH-type containing 18 [Source:MGI Symbol;Acc:MGI:1923264]",-0.109716110771788
"Foxj2",-0.114648104813617,0.226444881108124,-0.104733986935849,0.345653414205492,"forkhead box J2 [Source:MGI Symbol;Acc:MGI:1926805]",-0.109691045874733
"Mink1",-0.14275565257395,0.157357424366054,-0.0764388015433757,0.527568033285241,"misshapen-like kinase 1 (zebrafish) [Source:MGI Symbol;Acc:MGI:1355329]",-0.109597227058663
"Zc3h14",-0.14167500065897,0.0551344546054595,-0.0773896440374136,0.359932118597223,"zinc finger CCCH type containing 14 [Source:MGI Symbol;Acc:MGI:1919824]",-0.109532322348192
"Mta3",-0.154898926965825,0.224739393778371,-0.0635981435848136,0.704347626830262,"metastasis associated 3 [Source:MGI Symbol;Acc:MGI:2151172]",-0.109248535275319
"Fgfr1op2",-0.0813021812536768,0.383086063339714,-0.137143633048874,0.209234916416452,"FGFR1 oncogene partner 2 [Source:MGI Symbol;Acc:MGI:1914779]",-0.109222907151275
"Spin1",-0.12017603155065,0.21111160999522,-0.0982010529366501,0.381217992713544,"spindlin 1 [Source:MGI Symbol;Acc:MGI:109242]",-0.10918854224365
"Rnmt",-0.141427570282085,0.194350915724461,-0.0767042869719657,0.562376778402784,"RNA (guanine-7-) methyltransferase [Source:MGI Symbol;Acc:MGI:1915147]",-0.109065928627025
"Rragc",-0.130558872400608,0.205964836500723,-0.0873116527566274,0.480265102343439,"Ras-related GTP binding C [Source:MGI Symbol;Acc:MGI:1858751]",-0.108935262578618
"Cpsf7",-0.152282562596227,0.143820595751897,-0.0655569513761453,0.60842212528281,"cleavage and polyadenylation specific factor 7 [Source:MGI Symbol;Acc:MGI:1917826]",-0.108919756986186
"Acp1",-0.134470407779836,0.206108495755121,-0.0829494630456406,0.516755355065173,"acid phosphatase 1, soluble [Source:MGI Symbol;Acc:MGI:87881]",-0.108709935412738
"Mapk14",-0.0717544833395988,0.496428816105769,-0.14502200425965,0.229978839117901,"mitogen-activated protein kinase 14 [Source:MGI Symbol;Acc:MGI:1346865]",-0.108388243799624
"Mcm3ap",-0.138528355036682,0.193787101448083,-0.0782406022431534,0.543613381190537,"minichromosome maintenance complex component 3 associated protein [Source:MGI Symbol;Acc:MGI:1930089]",-0.108384478639918
"Dopey1",-0.115287798270159,0.233141960799697,-0.10120085789029,0.36775783219794,NA,-0.108244328080224
"Zfp958",-0.156871380162881,0.233078417009765,-0.0585217720175275,0.737084640586306,"zinc finger protein 958 [Source:MGI Symbol;Acc:MGI:2385298]",-0.107696576090204
"Eif4b",-0.15171403850082,0.124188105308753,-0.0627891850718674,0.601258096845617,"eukaryotic translation initiation factor 4B [Source:MGI Symbol;Acc:MGI:95304]",-0.107251611786344
"Fkbp15",-0.127902539876407,0.22041269086922,-0.0858815943788155,0.491544986097993,"FK506 binding protein 15 [Source:MGI Symbol;Acc:MGI:2444782]",-0.106892067127611
"Vps41",-0.139444106637142,0.236156119261394,-0.0739319147247049,0.613542715466109,"VPS41 HOPS complex subunit [Source:MGI Symbol;Acc:MGI:1929215]",-0.106688010680923
"Zzz3",-0.143969846185597,0.243180855907347,-0.0686434387882681,0.663194999810086,"zinc finger, ZZ domain containing 3 [Source:MGI Symbol;Acc:MGI:1920453]",-0.106306642486933
"Napg",-0.114856250927335,0.221139250071439,-0.097430014626332,0.372278666759099,"N-ethylmaleimide sensitive fusion protein attachment protein gamma [Source:MGI Symbol;Acc:MGI:104561]",-0.106143132776833
"Mbip",-0.15248291884522,0.194889126485369,-0.0594434610825615,0.697409605706185,"MAP3K12 binding inhibitory protein 1 [Source:MGI Symbol;Acc:MGI:1918320]",-0.105963189963891
"Serinc3",-0.167020418112945,0.150588607039015,-0.0436020926105709,0.783221270056186,"serine incorporator 3 [Source:MGI Symbol;Acc:MGI:1349457]",-0.105311255361758
"Tmem185a",-0.121207371141439,0.179058681060095,-0.0891178558734852,0.39802896666607,"transmembrane protein 185A [Source:MGI Symbol;Acc:MGI:2448555]",-0.105162613507462
"Gzf1",-0.121579521092863,0.17361470260011,-0.088726373040463,0.394920770702264,"GDNF-inducible zinc finger protein 1 [Source:MGI Symbol;Acc:MGI:1921783]",-0.105152947066663
"Gid4",-0.13383128457107,0.162171235083538,-0.0758189537136609,0.506928333250582,"GID complex subunit 4, VID24 homolog [Source:MGI Symbol;Acc:MGI:1914021]",-0.104825119142365
"Casp2",-0.133776441261579,0.228553083816186,-0.0746776774479491,0.584248438794271,"caspase 2 [Source:MGI Symbol;Acc:MGI:97295]",-0.104227059354764
"Msl3",-0.0837736604430844,0.290201857089928,-0.124111708257433,0.198636638967883,"MSL complex subunit 3 [Source:MGI Symbol;Acc:MGI:1341851]",-0.103942684350259
"Supt6",-0.106060448868214,0.181688878318965,-0.101260039458056,0.272738873495978,"SPT6, histone chaperone and transcription elongation factor [Source:MGI Symbol;Acc:MGI:107726]",-0.103660244163135
"Acp2",-0.133961504064266,0.195007548414031,-0.072539651986416,0.563971970135774,"acid phosphatase 2, lysosomal [Source:MGI Symbol;Acc:MGI:87882]",-0.103250578025341
"Faf1",-0.155011911487182,0.219739823851642,-0.0513162799155643,0.76316652786052,"Fas-associated factor 1 [Source:MGI Symbol;Acc:MGI:109419]",-0.103164095701373
"Inpp5b",-0.13254051525162,0.164796629107424,-0.0728580297748196,0.525058865529255,"inositol polyphosphate-5-phosphatase B [Source:MGI Symbol;Acc:MGI:103257]",-0.10269927251322
"Zdhhc20",-0.11344494830142,0.216185837533539,-0.0916313436388791,0.392891800327769,"zinc finger, DHHC domain containing 20 [Source:MGI Symbol;Acc:MGI:1923215]",-0.10253814597015
"Bag6",-0.110077015300499,0.249896859642548,-0.0949439797959635,0.400628618241218,"BCL2-associated athanogene 6 [Source:MGI Symbol;Acc:MGI:1919439]",-0.102510497548231
"Polr3a",-0.149359569843579,0.173531656646686,-0.0545181854273756,0.703994747633371,"polymerase (RNA) III (DNA directed) polypeptide A [Source:MGI Symbol;Acc:MGI:2681836]",-0.101938877635477
"Atp9b",-0.135168476015411,0.11540291172757,-0.0679633039730166,0.502474079038998,"ATPase, class II, type 9B [Source:MGI Symbol;Acc:MGI:1354757]",-0.101565889994214
"Mob4",-0.0714094466540482,0.469764216520165,-0.131630955129752,0.240717160237913,"MOB family member 4, phocein [Source:MGI Symbol;Acc:MGI:104899]",-0.1015202008919
"Zfp687",-0.127774284763136,0.233932271133,-0.073634706978216,0.575610595391814,"zinc finger protein 687 [Source:MGI Symbol;Acc:MGI:1925516]",-0.100704495870676
"Scaf4",-0.12429790989027,0.0940681903351355,-0.0764975734135935,0.370851555013274,"SR-related CTD-associated factor 4 [Source:MGI Symbol;Acc:MGI:2146350]",-0.100397741651932
"Pnrc2",-0.117658717303812,0.157586249586477,-0.0830456086421447,0.391688385861077,"proline-rich nuclear receptor coactivator 2 [Source:MGI Symbol;Acc:MGI:106512]",-0.100352162972978
"Nupl2",-0.139046060452558,0.217755363696179,-0.0615987759105568,0.667356822755176,NA,-0.100322418181557
"Srsf5",-0.132906495229332,0.188615752566843,-0.0670745188912657,0.589060653063226,"serine and arginine-rich splicing factor 5 [Source:MGI Symbol;Acc:MGI:98287]",-0.0999905070602989
"Kat7",-0.148053950341002,0.105258010667092,-0.051232222239816,0.655150421221075,"K(lysine) acetyltransferase 7 [Source:MGI Symbol;Acc:MGI:2182799]",-0.099643086290409
"Acss1",-0.156353142685025,0.243695971365594,-0.0424931807301334,0.819627141335936,"acyl-CoA synthetase short-chain family member 1 [Source:MGI Symbol;Acc:MGI:1915988]",-0.0994231617075792
"Cdc40",-0.105845238340138,0.233270064532556,-0.0929268742876353,0.369290680552469,"cell division cycle 40 [Source:MGI Symbol;Acc:MGI:1918963]",-0.0993860563138866
"Abca3",-0.139891902005357,0.204972476987974,-0.0587187637005209,0.679401450164754,"ATP-binding cassette, sub-family A member 3 [Source:MGI Symbol;Acc:MGI:1351617]",-0.099305332852939
"Pcnt",-0.12898271837523,0.194257652319259,-0.0690489226198389,0.568138352978512,"pericentrin (kendrin) [Source:MGI Symbol;Acc:MGI:102722]",-0.0990158204975345
"Gabpb1",-0.104625101376788,0.249803353587071,-0.0925364634332086,0.385953385974422,"GA repeat binding protein, beta 1 [Source:MGI Symbol;Acc:MGI:95611]",-0.0985807824049983
"Cacnb3",-0.00200416152421909,0.991182184521529,-0.19510591057571,0.198580729548043,"calcium channel, voltage-dependent, beta 3 subunit [Source:MGI Symbol;Acc:MGI:103307]",-0.0985550360499645
"Ubp1",-0.103863930312534,0.198346111487117,-0.0931751953476412,0.321617074905296,"upstream binding protein 1 [Source:MGI Symbol;Acc:MGI:104889]",-0.0985195628300876
"Ift52",-0.121382832035356,0.135616882529186,-0.0740316988181813,0.43675927731335,"intraflagellar transport 52 [Source:MGI Symbol;Acc:MGI:2387217]",-0.0977072654267686
"Ipp",-0.148271123409781,0.177897410211253,-0.0465208937716743,0.750504227108287,"IAP promoted placental gene [Source:MGI Symbol;Acc:MGI:96581]",-0.0973960085907276
"Iars2",-0.128347922218315,0.206506007955694,-0.0657704117125312,0.600510199048039,"isoleucine-tRNA synthetase 2, mitochondrial [Source:MGI Symbol;Acc:MGI:1919586]",-0.0970591669654231
"Zfp282",-0.140974177896156,0.0955893947759296,-0.0530177566898122,0.609029643528071,"zinc finger protein 282 [Source:MGI Symbol;Acc:MGI:2141413]",-0.0969959672929841
"BC005537",-0.131505216523644,0.215258212663942,-0.0621034707491848,0.641639063251622,"cDNA sequence BC005537 [Source:MGI Symbol;Acc:MGI:2441726]",-0.0968043436364144
"Lemd3",-0.107490231424079,0.247763539894684,-0.0855364131438968,0.441406482907619,"LEM domain containing 3 [Source:MGI Symbol;Acc:MGI:3580376]",-0.0965133222839879
"Neurl4",-0.133656522485961,0.249800419301145,-0.0587428970695794,0.701253673927651,"neuralized E3 ubiquitin protein ligase 4 [Source:MGI Symbol;Acc:MGI:1921092]",-0.0961997097777702
"Dip2b",-0.154025737087322,0.233419998602594,-0.0380098218033536,0.832858958282367,"disco interacting protein 2 homolog B [Source:MGI Symbol;Acc:MGI:2145977]",-0.0960177794453378
"Phf2",-0.125645249415095,0.243141614020695,-0.0657224381403885,0.624369313887558,"PHD finger protein 2 [Source:MGI Symbol;Acc:MGI:1338034]",-0.0956838437777418
"Supt7l",-0.10595655058585,0.139611251903646,-0.0844951108229686,0.306590977272387,"SPT7-like, STAGA complex gamma subunit [Source:MGI Symbol;Acc:MGI:1919445]",-0.0952258307044093
"Mecp2",-0.102352820570164,0.249800419301145,-0.0876756165481893,0.403132275683661,"methyl CpG binding protein 2 [Source:MGI Symbol;Acc:MGI:99918]",-0.0950142185591766
"Pias2",-0.132292413991798,0.24313722352837,-0.0574671319742001,0.700132097409065,"protein inhibitor of activated STAT 2 [Source:MGI Symbol;Acc:MGI:1096566]",-0.094879772982999
"Fbxl17",-0.10938325486045,0.204576416180358,-0.0792327198811362,0.438969834307924,"F-box and leucine-rich repeat protein 17 [Source:MGI Symbol;Acc:MGI:1354704]",-0.0943079873707931
"Plbd2",-0.173377626184193,0.117207304665847,-0.0152314980613194,0.927884950823716,"phospholipase B domain containing 2 [Source:MGI Symbol;Acc:MGI:1919022]",-0.0943045621227562
"Tox4",-0.0968396797258656,0.246533582053967,-0.0906064394015141,0.356775455633766,"TOX high mobility group box family member 4 [Source:MGI Symbol;Acc:MGI:1915389]",-0.0937230595636898
"Rbm22",-0.126307892910075,0.116328804577602,-0.0609533561277828,0.524217058307102,"RNA binding motif protein 22 [Source:MGI Symbol;Acc:MGI:1914060]",-0.0936306245189289
"Wwox",-0.110944234545867,0.222043972778688,-0.075664524468118,0.486166367426787,"WW domain-containing oxidoreductase [Source:MGI Symbol;Acc:MGI:1931237]",-0.0933043795069925
"Wbp11",-0.114465583076457,0.20748468659843,-0.071051473309957,0.516374603278253,"WW domain binding protein 11 [Source:MGI Symbol;Acc:MGI:1891823]",-0.092758528193207
"Dhx36",-0.119142714799173,0.199872064909066,-0.0630327181713752,0.580033021087245,"DEAH-box helicase 36 [Source:MGI Symbol;Acc:MGI:1919412]",-0.0910877164852741
"Csde1",-0.103415522457811,0.145353875447952,-0.0775717547393514,0.345995513125376,"cold shock domain containing E1, RNA binding [Source:MGI Symbol;Acc:MGI:92356]",-0.0904936385985812
"Iws1",-0.117966043697723,0.182251457348356,-0.0627892691201682,0.561078226873303,"IWS1, SUPT6 interacting protein [Source:MGI Symbol;Acc:MGI:1920723]",-0.0903776564089456
"Srfbp1",-0.126777374874121,0.204313607276748,-0.052484684340824,0.682577322228498,"serum response factor binding protein 1 [Source:MGI Symbol;Acc:MGI:1914472]",-0.0896310296074725
"Dcaf5",-0.104681886038664,0.136425267665587,-0.0723363284560697,0.369290680552469,"DDB1 and CUL4 associated factor 5 [Source:MGI Symbol;Acc:MGI:2444785]",-0.0885091072473669
"Man2b1",-0.140584702367256,0.249417641779569,-0.0363002577124706,0.831424394020119,"mannosidase 2, alpha B1 [Source:MGI Symbol;Acc:MGI:107286]",-0.0884424800398633
"Sephs1",-0.145803899014863,0.162654415664457,-0.0307388918473285,0.831150092907585,"selenophosphate synthetase 1 [Source:MGI Symbol;Acc:MGI:1923580]",-0.0882713954310957
"Kdm1a",-0.11764887590471,0.11389869003171,-0.0556759732837447,0.530394248982322,"lysine (K)-specific demethylase 1A [Source:MGI Symbol;Acc:MGI:1196256]",-0.0866624245942273
"Tpp1",-0.100646457033187,0.204251294335908,-0.0710370423489724,0.450098276347895,"tripeptidyl peptidase I [Source:MGI Symbol;Acc:MGI:1336194]",-0.0858417496910797
"Ppp6r2",-0.127037314339363,0.189584093764356,-0.0441136335947034,0.730677256711053,"protein phosphatase 6, regulatory subunit 2 [Source:MGI Symbol;Acc:MGI:1918724]",-0.0855754739670332
"Tmx1",-0.120767759901548,0.243958569505796,-0.0478256483975293,0.729500268381264,"thioredoxin-related transmembrane protein 1 [Source:MGI Symbol;Acc:MGI:1919986]",-0.0842967041495387
"Xpc",-0.11370370810427,0.154604866055379,-0.0487981586599772,0.617860530451535,"xeroderma pigmentosum, complementation group C [Source:MGI Symbol;Acc:MGI:103557]",-0.0812509333821236
"Elac1",-0.153495766820416,0.0717975947002291,-0.00570606839925211,0.966208591215317,"elaC ribonuclease Z 1 [Source:MGI Symbol;Acc:MGI:1890495]",-0.0796009176098341
"Pacs2",-0.102381262607161,0.209529704860309,-0.0562419952156652,0.573357766596975,"phosphofurin acidic cluster sorting protein 2 [Source:MGI Symbol;Acc:MGI:1924399]",-0.0793116289114131
"Mzt1",-0.118406683239206,0.209670198313337,-0.0400453751970107,0.751194138555642,"mitotic spindle organizing protein 1 [Source:MGI Symbol;Acc:MGI:1924039]",-0.0792260292181084
"Sik3",-0.119145288624005,0.0922959912658226,-0.0387004807148927,0.662674220548346,"SIK family kinase 3 [Source:MGI Symbol;Acc:MGI:2446296]",-0.0789228846694489
"Rnf138",-0.144645922951924,0.088875119007663,-0.0103737740337688,0.935470056322648,"ring finger protein 138 [Source:MGI Symbol;Acc:MGI:1929211]",-0.0775098484928464
"Ube2e3",-0.134221406742103,0.222086904299236,-0.0197840431448336,0.904252749708335,"ubiquitin-conjugating enzyme E2E 3 [Source:MGI Symbol;Acc:MGI:107412]",-0.0770027249434683
"Commd8",-0.107543930579972,0.204781400025986,-0.0460500634934422,0.671127555422993,"COMM domain containing 8 [Source:MGI Symbol;Acc:MGI:1343485]",-0.0767969970367071
"Inpp5e",-0.00699129980172251,0.957945453948527,-0.143044155120575,0.242908617964919,"inositol polyphosphate-5-phosphatase E [Source:MGI Symbol;Acc:MGI:1927753]",-0.0750177274611488
"Ppp2r3c",-0.0932297410937611,0.166309273495863,-0.0563754011848402,0.481774761475975,"protein phosphatase 2, regulatory subunit B'', gamma [Source:MGI Symbol;Acc:MGI:1930009]",-0.0748025711393007
"Ddx42",-0.0847985006556832,0.0955893947759296,-0.0643553131465637,0.274038824157328,"DEAD box helicase 42 [Source:MGI Symbol;Acc:MGI:1919297]",-0.0745769069011235
"Csnk2a2",-0.0826832120285822,0.147286315510071,-0.066329924975294,0.313058055159405,"casein kinase 2, alpha prime polypeptide [Source:MGI Symbol;Acc:MGI:88547]",-0.0745065685019381
"Rbm7",-0.0930794571094664,0.246220595107878,-0.0545303140519102,0.581254096053452,"RNA binding motif protein 7 [Source:MGI Symbol;Acc:MGI:1914260]",-0.0738048855806883
"Vps11",-0.124482776807036,0.139611251903646,-0.0138404283972162,0.911393307508868,"VPS11, CORVET/HOPS core subunit [Source:MGI Symbol;Acc:MGI:1918982]",-0.0691616026021261
"Tmem57",-0.0766237965597901,0.21569581142119,-0.0529638203558495,0.474135878346324,NA,-0.0647938084578198
"Dis3l2",-0.118258589448528,0.221289069795884,-0.0098468950532685,0.948183859763792,"DIS3 like 3'-5' exoribonuclease 2 [Source:MGI Symbol;Acc:MGI:2442555]",-0.0640527422508983
"Pcbp2",-0.0961353101308563,0.20748468659843,-0.017959202552801,0.870224155721881,"poly(rC) binding protein 2 [Source:MGI Symbol;Acc:MGI:108202]",-0.0570472563418287
"Ppp2r5a",-0.013350587816029,0.820542417365773,-0.0703004095894278,0.237717525218598,"protein phosphatase 2, regulatory subunit B', alpha [Source:MGI Symbol;Acc:MGI:2388479]",-0.0418254987027284
"Ddx50",-0.0602054671527981,0.194968953862264,-0.0035415685717154,0.961293577044164,"DExD box helicase 50 [Source:MGI Symbol;Acc:MGI:2182303]",-0.0318735178622567
"Ubqln4",0.0850357427470225,0.209722524567274,0.0210626010160937,0.822377715515737,"ubiquilin 4 [Source:MGI Symbol;Acc:MGI:2150152]",0.0530491718815581
"Ippk",0.10570847418157,0.211880090682421,0.0285580343326196,0.808399980195804,"inositol 1,3,4,5,6-pentakisphosphate 2-kinase [Source:MGI Symbol;Acc:MGI:1922928]",0.0671332542570948
"Med21",0.132225077269371,0.22454288277249,0.0059937474097571,0.973411614614349,"mediator complex subunit 21 [Source:MGI Symbol;Acc:MGI:1347064]",0.0691094123395641
"Cab39l",0.0912894959755629,0.249754502388003,0.0525320760704509,0.593689890543201,"calcium binding protein 39-like [Source:MGI Symbol;Acc:MGI:1914081]",0.0719107860230069
"Fam3a",0.114472804013153,0.161234337829146,0.0304700374121334,0.785483213079656,"FAM3 metabolism regulating signaling molecule A [Source:MGI Symbol;Acc:MGI:1913544]",0.0724714207126432
"Kif1bp",0.0930977131281295,0.234269422065598,0.0537845850248692,0.575122913385807,NA,0.0734411490764993
"Tigar",0.133373915595833,0.242263699262596,0.0136714503067582,0.938745103215175,"Trp53 induced glycolysis regulatory phosphatase [Source:MGI Symbol;Acc:MGI:2442752]",0.0735226829512956
"Dctn5",0.123923989666782,0.0810155074169564,0.0234794422615022,0.808399980195804,"dynactin 5 [Source:MGI Symbol;Acc:MGI:1891689]",0.0737017159641421
"Ado",0.102782738848372,0.236156119261394,0.0473937325346553,0.67029580418142,"2-aminoethanethiol dioxygenase [Source:MGI Symbol;Acc:MGI:2685083]",0.0750882356915137
"Lig4",0.12964380768867,0.166378292051298,0.0221340959800695,0.86916539385796,"ligase IV, DNA, ATP-dependent [Source:MGI Symbol;Acc:MGI:1335098]",0.0758889518343698
"Psmd5",0.138639735196525,0.240903558244944,0.0131839287562075,0.943786381048815,"proteasome (prosome, macropain) 26S subunit, non-ATPase, 5 [Source:MGI Symbol;Acc:MGI:1914248]",0.0759118319763663
"Bbip1",0.104768965699831,0.248790883037687,0.0543195181393801,0.633696661297227,"BBSome interacting protein 1 [Source:MGI Symbol;Acc:MGI:1913610]",0.0795442419196055
"Usp5",0.0530376151881433,0.403458682623958,0.110516663412088,0.168155026440401,"ubiquitin specific peptidase 5 (isopeptidase T) [Source:MGI Symbol;Acc:MGI:1347343]",0.0817771393001157
"Mis12",0.129249445709897,0.194521458227357,0.0369893349836707,0.786057656241195,"MIS12 kinetochore complex component [Source:MGI Symbol;Acc:MGI:1914389]",0.0831193903467838
"Tmem129",0.110988637163409,0.230351802731381,0.05570802494117,0.627796281137711,"transmembrane protein 129 [Source:MGI Symbol;Acc:MGI:1915616]",0.0833483310522895
"Scyl1",0.0916296196108023,0.171257754111998,0.0756495964666022,0.331107037262233,"SCY1-like 1 (S. cerevisiae) [Source:MGI Symbol;Acc:MGI:1931787]",0.0836396080387022
"Drg2",0.0645556323894074,0.397649519885464,0.107380633750422,0.228588611536234,"developmentally regulated GTP binding protein 2 [Source:MGI Symbol;Acc:MGI:1342307]",0.0859681330699147
"Npepps",0.153260201841014,0.210065633355294,0.02282544798727,0.899760246640198,"aminopeptidase puromycin sensitive [Source:MGI Symbol;Acc:MGI:1101358]",0.088042824914142
"Pomk",0.128178625769019,0.15298930121479,0.0495963394721124,0.660322524011185,"protein-O-mannose kinase [Source:MGI Symbol;Acc:MGI:1921903]",0.0888874826205657
"Smpd1",0.14198598193492,0.155885657468334,0.0379242724538123,0.781985707087421,"sphingomyelin phosphodiesterase 1, acid lysosomal [Source:MGI Symbol;Acc:MGI:98325]",0.0899551271943662
"Celf1",0.142755063620163,0.107790828445063,0.0379738588792425,0.74582681388889,"CUGBP, Elav-like family member 1 [Source:MGI Symbol;Acc:MGI:1342295]",0.0903644612497027
"Carhsp1",0.104299695957702,0.238191551968489,0.076542133068944,0.469646068602251,"calcium regulated heat stable protein 1 [Source:MGI Symbol;Acc:MGI:1196368]",0.090420914513323
"Pcbp1",0.111859698856323,0.195007548414031,0.0699171928205512,0.497725647924653,"poly(rC) binding protein 1 [Source:MGI Symbol;Acc:MGI:1345635]",0.0908884458384371
"1810026J23Rik",0.105970596818411,0.0914314997533151,0.0761709092793309,0.289773495617891,NA,0.091070753048871
"Timm44",0.0892017128929293,0.220611892723973,0.0941516349729608,0.266806489051371,"translocase of inner mitochondrial membrane 44 [Source:MGI Symbol;Acc:MGI:1343262]",0.091676673932945
"Dnajc21",0.117756680222682,0.167679657020744,0.0681834961368923,0.503506167464266,"DnaJ heat shock protein family (Hsp40) member C21 [Source:MGI Symbol;Acc:MGI:1925371]",0.0929700881797871
"Ociad1",0.110619824978018,0.195579041788556,0.075472229730185,0.45781613745769,"OCIA domain containing 1 [Source:MGI Symbol;Acc:MGI:1915345]",0.0930460273541015
"Dhdds",0.108342285538945,0.204781400025986,0.0779086430257209,0.442716094827465,"dehydrodolichyl diphosphate synthase [Source:MGI Symbol;Acc:MGI:1914672]",0.093125464282333
"Taf13",0.15978554290906,0.143384350248925,0.0266698488845127,0.863300807425209,"TATA-box binding protein associated factor 13 [Source:MGI Symbol;Acc:MGI:1913500]",0.0932276958967864
"Fam98a",0.118696891685498,0.23663971716794,0.0714207831292959,0.561127248762014,"family with sequence similarity 98, member A [Source:MGI Symbol;Acc:MGI:1919972]",0.095058837407397
"Ldah",0.154314191721941,0.106207734872638,0.037607295748374,0.770046794373979,"lipid droplet associated hydrolase [Source:MGI Symbol;Acc:MGI:1916082]",0.0959607437351575
"Eif2d",0.102331671598741,0.172128916586222,0.0898621274713261,0.3033850671791,"eukaryotic translation initiation factor 2D [Source:MGI Symbol;Acc:MGI:109342]",0.0960968995350336
"Men1",0.14179588101962,0.0858985754088488,0.0509157082703732,0.613197774681393,"multiple endocrine neoplasia 1 [Source:MGI Symbol;Acc:MGI:1316736]",0.0963557946449966
"Sec62",0.0952429843892766,0.206886012513173,0.0978703108910085,0.266180270916741,"SEC62 homolog, preprotein translocation [Source:MGI Symbol;Acc:MGI:1916526]",0.0965566476401425
"Qpctl",0.127668491094725,0.200017699099217,0.0657495653998395,0.592769459458345,"glutaminyl-peptide cyclotransferase-like [Source:MGI Symbol;Acc:MGI:1914619]",0.0967090282472823
"Phf23",0.144338467451951,0.196531765348327,0.0506120737688735,0.732617710766724,"PHD finger protein 23 [Source:MGI Symbol;Acc:MGI:1925496]",0.0974752706104123
"Ttll12",0.135004636944985,0.207160695358672,0.0611822712539929,0.651159457540524,"tubulin tyrosine ligase-like family, member 12 [Source:MGI Symbol;Acc:MGI:3039573]",0.0980934540994889
"Opa3",0.15091008319521,0.153768615911596,0.0453233040809359,0.74582681388889,"optic atrophy 3 [Source:MGI Symbol;Acc:MGI:2686271]",0.0981166936380729
"Cog8",0.126894682424405,0.195230752067455,0.0702312915797218,0.55712084482343,"component of oligomeric golgi complex 8 [Source:MGI Symbol;Acc:MGI:2142885]",0.0985629870020634
"Polr3k",0.137364764772567,0.119762891799199,0.061386249371645,0.563054683634306,"polymerase (RNA) III (DNA directed) polypeptide K [Source:MGI Symbol;Acc:MGI:1914255]",0.099375507072106
"Eml2",0.161333019321495,0.200017699099217,0.0374874407977534,0.830704095957149,"echinoderm microtubule associated protein like 2 [Source:MGI Symbol;Acc:MGI:1919455]",0.0994102300596242
"Actr8",0.105562310103586,0.132953466986755,0.0938047004843157,0.247381524690187,"ARP8 actin-related protein 8 [Source:MGI Symbol;Acc:MGI:1860775]",0.0996835052939508
"Nap1l4",0.089768863652074,0.217411980309494,0.110443049918029,0.207041265355528,"nucleosome assembly protein 1-like 4 [Source:MGI Symbol;Acc:MGI:1316687]",0.100105956785051
"Aldoa",0.150144330172836,0.210674849977075,0.0501772912968356,0.755157827723902,"aldolase A, fructose-bisphosphate [Source:MGI Symbol;Acc:MGI:87994]",0.100160810734836
"Smarca4",0.122886821356519,0.219943302539055,0.0793804916538391,0.51048483265987,"SWI/SNF related, matrix associated, actin dependent regulator of chromatin, subfamily a, member 4 [Source:MGI Symbol;Acc:MGI:88192]",0.101133656505179
"Hnrnpc",0.122493215158002,0.195098236678754,0.0820209639771125,0.465746971271521,"heterogeneous nuclear ribonucleoprotein C [Source:MGI Symbol;Acc:MGI:107795]",0.102257089567557
"Crcp",0.143972411643331,0.150916508149005,0.061352220149942,0.619140874606357,"calcitonin gene-related peptide-receptor component protein [Source:MGI Symbol;Acc:MGI:1100818]",0.102662315896636
"Plscr3",0.162481417725025,0.136749251762801,0.0432422141188879,0.767162890251333,"phospholipid scramblase 3 [Source:MGI Symbol;Acc:MGI:1917560]",0.102861815921956
"Ubxn4",0.167028508429081,0.225385337066447,0.0387921174861527,0.841733882410336,"UBX domain protein 4 [Source:MGI Symbol;Acc:MGI:1915062]",0.102910312957617
"Stk40",0.128595614401023,0.225277086297712,0.0777052702264933,0.547810180663457,"serine/threonine kinase 40 [Source:MGI Symbol;Acc:MGI:1921428]",0.103150442313758
"Tnpo2",0.127689257306657,0.102590400387663,0.0790975655349993,0.382547642590859,"transportin 2 (importin 3, karyopherin beta 2b) [Source:MGI Symbol;Acc:MGI:2384849]",0.103393411420828
"Nfe2l1",0.193415509148392,0.142493027628955,0.0147364490117142,0.942986846061433,"nuclear factor, erythroid derived 2,-like 1 [Source:MGI Symbol;Acc:MGI:99421]",0.104075979080053
"l7Rn6",0.125905047560416,0.200017699099217,0.0832093744943762,0.479313324764543,NA,0.104557211027396
"Ubiad1",0.152559577308699,0.125039362073771,0.0570106320032305,0.645562189284806,"UbiA prenyltransferase domain containing 1 [Source:MGI Symbol;Acc:MGI:1918957]",0.104785104655965
"Snx11",0.149512602181135,0.227297414667642,0.0620797918075888,0.703735881912879,"sorting nexin 11 [Source:MGI Symbol;Acc:MGI:1921729]",0.105796196994362
"Hdac2",0.134140227475666,0.228342569924783,0.0775975181337173,0.570554704918961,"histone deacetylase 2 [Source:MGI Symbol;Acc:MGI:1097691]",0.105868872804692
"Elavl1",0.150340939731535,0.0602663804597415,0.0623733170075876,0.507997621453605,"ELAV like RNA binding protein 1 [Source:MGI Symbol;Acc:MGI:1100851]",0.106357128369561
"Tmem38a",0.201851343436492,0.233078417009765,0.0113664886941846,0.967069650625436,"transmembrane protein 38A [Source:MGI Symbol;Acc:MGI:1921416]",0.106608916065338
"Edrf1",0.15949474442419,0.188856071897843,0.0547039959093524,0.732980333418796,"erythroid differentiation regulatory factor 1 [Source:MGI Symbol;Acc:MGI:1919831]",0.107099370166771
"Fam53c",0.117698380379793,0.142407725430631,0.0968939142374752,0.296085543128435,"family with sequence similarity 53, member C [Source:MGI Symbol;Acc:MGI:1913556]",0.107296147308634
"Bcl11b",0.183860767379445,0.117489150966253,0.0313463688852947,0.849074479447747,"B cell leukemia/lymphoma 11B [Source:MGI Symbol;Acc:MGI:1929913]",0.10760356813237
"Pyurf",0.131894790141657,0.192225811201293,0.08342089371041,0.48922572687691,"Pigy upstream reading frame [Source:MGI Symbol;Acc:MGI:1913709]",0.107657841926034
"Mphosph10",0.142533999494714,0.245393205019221,0.0728593768358426,0.636649848239355,"M-phase phosphoprotein 10 (U3 small nucleolar ribonucleoprotein) [Source:MGI Symbol;Acc:MGI:1915223]",0.107696688165278
"Uck1",0.119832777295525,0.249803353587071,0.0958387830166897,0.441329966373435,"uridine-cytidine kinase 1 [Source:MGI Symbol;Acc:MGI:98904]",0.107835780156107
"Stk16",0.136740471033615,0.238319798370897,0.0804162591846887,0.572306474866418,"serine/threonine kinase 16 [Source:MGI Symbol;Acc:MGI:1313271]",0.108578365109152
"Uros",0.156922019736109,0.179058916646396,0.062035531925145,0.68012350054062,"uroporphyrinogen III synthase [Source:MGI Symbol;Acc:MGI:98917]",0.109478775830627
"Ube2g2",0.166177805246229,0.148985361072157,0.0534578286230998,0.72482829401645,"ubiquitin-conjugating enzyme E2G 2 [Source:MGI Symbol;Acc:MGI:1343188]",0.109817816934664
"Hacd3",0.105887653850603,0.215259348461323,0.114075640239355,0.252174484327694,"3-hydroxyacyl-CoA dehydratase 3 [Source:MGI Symbol;Acc:MGI:1889341]",0.109981647044979
"Fkbp1a",0.132942405060165,0.205271109574757,0.0879222467723468,0.485637572839646,"FK506 binding protein 1a [Source:MGI Symbol;Acc:MGI:95541]",0.110432325916256
"Ppargc1b",0.221642974884054,0.225385337066447,0.002155467782069,0.992922631357923,"peroxisome proliferative activated receptor, gamma, coactivator 1 beta [Source:MGI Symbol;Acc:MGI:2444934]",0.111899221333061
"Pgrmc2",0.122144048386185,0.141994707362636,0.101876145973677,0.288242676988381,"progesterone receptor membrane component 2 [Source:MGI Symbol;Acc:MGI:1918054]",0.112010097179931
"Cct7",0.0880049437142253,0.390029992069316,0.136453512843787,0.247668502349829,"chaperonin containing TCP1 subunit 7 [Source:MGI Symbol;Acc:MGI:107184]",0.112229228279006
"Mier2",0.191397359755899,0.178476434458236,0.0350964040040857,0.863051240774087,"MIER family member 2 [Source:MGI Symbol;Acc:MGI:1917677]",0.113246881879992
"Snap47",0.133192604600131,0.18349950852151,0.0945834239462894,0.426028625850621,"synaptosomal-associated protein, 47 [Source:MGI Symbol;Acc:MGI:1915076]",0.11388801427321
"Med9",0.1263364710045,0.201433953624695,0.101522730954674,0.377218252517753,"mediator complex subunit 9 [Source:MGI Symbol;Acc:MGI:2183151]",0.113929600979587
"Mterf4",0.1398772506862,0.173531656646686,0.0889695626560477,0.465897046148783,"mitochondrial transcription termination factor 4 [Source:MGI Symbol;Acc:MGI:1918355]",0.114423406671124
"Zbtb40",0.185245134968484,0.175950090601788,0.0441956623075181,0.815305778011513,"zinc finger and BTB domain containing 40 [Source:MGI Symbol;Acc:MGI:2682254]",0.114720398638001
"Rrp1",0.103851152488027,0.234108934415065,0.125843687162009,0.228319018180083,"ribosomal RNA processing 1 [Source:MGI Symbol;Acc:MGI:1203500]",0.114847419825018
"Ubn1",0.168134870766972,0.0929807516430309,0.0618017974392717,0.615272205708887,"ubinuclein 1 [Source:MGI Symbol;Acc:MGI:1891307]",0.114968334103122
"Fxr2",0.119148070064308,0.244938367777282,0.111850182592181,0.35391572711222,"FMR1 autosomal homolog 2 [Source:MGI Symbol;Acc:MGI:1346074]",0.115499126328244
"Rph3al",0.203311915942968,0.180302915081175,0.0279168297234598,0.901761827645314,"rabphilin 3A-like (without C2 domains) [Source:MGI Symbol;Acc:MGI:1923492]",0.115614372833214
"Hdgfrp2",0.120917376277543,0.246003874465842,0.112384521270703,0.358890595092727,NA,0.116650948774123
"Rnf168",0.144761981267995,0.220065467287912,0.0886066487698527,0.535345430477565,"ring finger protein 168 [Source:MGI Symbol;Acc:MGI:1917488]",0.116684315018924
"Trim8",0.169524455322131,0.238672057542038,0.0641061045710817,0.737818064197258,"tripartite motif-containing 8 [Source:MGI Symbol;Acc:MGI:1933302]",0.116815279946606
"Ube2h",0.192891196998759,0.0538747353192554,0.0410576914971206,0.753467174841951,"ubiquitin-conjugating enzyme E2H [Source:MGI Symbol;Acc:MGI:104632]",0.11697444424794
"Srf",0.181020542656734,0.139110430146067,0.053294921809076,0.740533321368217,"serum response factor [Source:MGI Symbol;Acc:MGI:106658]",0.117157732232905
"Wdr5",0.107628593248339,0.214765028270394,0.127806477020249,0.215839058036307,"WD repeat domain 5 [Source:MGI Symbol;Acc:MGI:2155884]",0.117717535134294
"Mat2a",0.180552265549377,0.074234397818018,0.0551155287921136,0.660776966500546,"methionine adenosyltransferase 2A [Source:MGI Symbol;Acc:MGI:2443731]",0.117833897170745
"Tusc2",0.166101583361041,0.130077096986203,0.0697901001548266,0.602341068384012,"tumor suppressor 2, mitochondrial calcium regulator [Source:MGI Symbol;Acc:MGI:1931086]",0.117945841757934
"Cops7a",0.121185282474183,0.215906993882116,0.114803937739147,0.315179038065659,"COP9 signalosome subunit 7A [Source:MGI Symbol;Acc:MGI:1349400]",0.117994610106665
"Rbm10",0.165830833038502,0.111766902893408,0.0709807712913324,0.57398285086086,"RNA binding motif protein 10 [Source:MGI Symbol;Acc:MGI:2384310]",0.118405802164917
"Ccdc43",0.161054930404006,0.078538359665001,0.0758460733261431,0.481329813793017,"coiled-coil domain containing 43 [Source:MGI Symbol;Acc:MGI:1289318]",0.118450501865075
"Fn3krp",0.180075613585065,0.159487053106363,0.0582535299507824,0.730677256711053,"fructosamine 3 kinase related protein [Source:MGI Symbol;Acc:MGI:2679256]",0.119164571767924
"Rbm14",0.217803243788754,0.0849274609695713,0.021164730890988,0.908493929657037,"RNA binding motif protein 14 [Source:MGI Symbol;Acc:MGI:1929092]",0.119483987339871
"Gmpr2",0.122101647169432,0.128170040703997,0.116912978526314,0.214458670127375,"guanosine monophosphate reductase 2 [Source:MGI Symbol;Acc:MGI:1917903]",0.119507312847873
"Marcks",0.158534128096121,0.221213115692611,0.0805365606829055,0.616499055053264,"myristoylated alanine rich protein kinase C substrate [Source:MGI Symbol;Acc:MGI:96907]",0.119535344389513
"Ahsa1",0.143372754309744,0.194257652319259,0.0962506136487156,0.463724891093491,"AHA1, activator of heat shock protein ATPase 1 [Source:MGI Symbol;Acc:MGI:2387603]",0.11981168397923
"Pomgnt1",0.168457237380938,0.099118980403092,0.0721575831925625,0.561094353236983,"protein O-linked mannose beta 1,2-N-acetylglucosaminyltransferase [Source:MGI Symbol;Acc:MGI:1915523]",0.12030741028675
"Sarnp",0.121552881194776,0.248700939866279,0.119064686804231,0.336458204624561,"SAP domain containing ribonucleoprotein [Source:MGI Symbol;Acc:MGI:1913368]",0.120308783999504
"Timmdc1",0.157799222366603,0.161243737981064,0.0829590976951953,0.54078414131944,"translocase of inner mitochondrial membrane domain containing 1 [Source:MGI Symbol;Acc:MGI:1922139]",0.120379160030899
"Pcid2",0.133822067584143,0.088875119007663,0.108327388338863,0.235827948988171,"PCI domain containing 2 [Source:MGI Symbol;Acc:MGI:2443003]",0.121074727961503
"Bloc1s5",0.124589061527701,0.148815632073636,0.118148696542771,0.239343773696918,"biogenesis of lysosomal organelles complex-1, subunit 5, muted [Source:MGI Symbol;Acc:MGI:2178598]",0.121368879035236
"Polb",0.196134573383714,0.0698154613478129,0.0466341070170008,0.740533321368217,"polymerase (DNA directed), beta [Source:MGI Symbol;Acc:MGI:97740]",0.121384340200357
"Jrk",0.166807671217488,0.245818873544123,0.0759800258213153,0.684930358196671,"jerky [Source:MGI Symbol;Acc:MGI:106214]",0.121393848519402
"Tmem126a",0.125577415899404,0.211927437561131,0.117956820830066,0.314590366650023,"transmembrane protein 126A [Source:MGI Symbol;Acc:MGI:1913521]",0.121767118364735
"Ssbp1",0.137677920871478,0.238839145024805,0.10620624216289,0.445153081335372,"single-stranded DNA binding protein 1 [Source:MGI Symbol;Acc:MGI:1920040]",0.121942081517184
"Ppp2r1b",0.144056473533078,0.242634904146749,0.10062427200517,0.497725647924653,"protein phosphatase 2, regulatory subunit A, beta [Source:MGI Symbol;Acc:MGI:1920949]",0.122340372769124
"Usp39",0.129507864903124,0.238656938471892,0.118690848312699,0.356775455633766,"ubiquitin specific peptidase 39 [Source:MGI Symbol;Acc:MGI:107622]",0.124099356607911
"Klc1",0.166750306656258,0.152374803837824,0.0816106241464135,0.562311537175505,"kinesin light chain 1 [Source:MGI Symbol;Acc:MGI:107978]",0.124180465401336
"Irf2bpl",0.1671312955519,0.161234337829146,0.081451833586366,0.57398285086086,"interferon regulatory factor 2 binding protein-like [Source:MGI Symbol;Acc:MGI:2442463]",0.124291564569133
"Hibadh",0.174947890859936,0.0328941009885878,0.0743997309740095,0.404492061839077,"3-hydroxyisobutyrate dehydrogenase [Source:MGI Symbol;Acc:MGI:1889802]",0.124673810916973
"Trappc5",0.111921707678653,0.265931466612424,0.138667449014326,0.242908617964919,"trafficking protein particle complex 5 [Source:MGI Symbol;Acc:MGI:1913932]",0.125294578346489
"Samm50",0.0997176871912154,0.346516051761834,0.150954975792226,0.228319018180083,"SAMM50 sorting and assembly machinery component [Source:MGI Symbol;Acc:MGI:1915903]",0.125336331491721
"Clns1a",0.0918227325290016,0.305812426802648,0.159065961803782,0.168155026440401,"chloride channel, nucleotide-sensitive, 1A [Source:MGI Symbol;Acc:MGI:109638]",0.125444347166392
"Jmjd6",0.135135651657769,0.231945034275798,0.116040954800223,0.377426592236271,"jumonji domain containing 6 [Source:MGI Symbol;Acc:MGI:1858910]",0.125588303228996
"Exosc1",0.153282934208781,0.238656938471892,0.0984190550666942,0.532005700569707,"exosome component 1 [Source:MGI Symbol;Acc:MGI:1913833]",0.125850994637738
"Rps3",0.0811229344043846,0.501352831216976,0.170789428842074,0.218329728756878,"ribosomal protein S3 [Source:MGI Symbol;Acc:MGI:1350917]",0.125956181623229
"Pus1",0.141411308629783,0.195925814933329,0.111268825024667,0.382886136656838,"pseudouridine synthase 1 [Source:MGI Symbol;Acc:MGI:1929237]",0.126340066827225
"Slc22a15",0.165406328251193,0.220173588393356,0.088383685892448,0.595263815059686,"solute carrier family 22 (organic anion/cation transporter), member 15 [Source:MGI Symbol;Acc:MGI:3607704]",0.12689500707182
"Fam207a",0.144997825146479,0.233078417009765,0.109015017902209,0.451439581800227,NA,0.127006421524344
"Cops8",0.146664359914274,0.0854152009209878,0.10738259423618,0.271291373599238,"COP9 signalosome subunit 8 [Source:MGI Symbol;Acc:MGI:1915363]",0.127023477075227
"Exoc8",0.170561682029102,0.0426991101671376,0.084035498303077,0.372278666759099,"exocyst complex component 8 [Source:MGI Symbol;Acc:MGI:2142527]",0.127298590166089
"Chrac1",0.081013753731206,0.473374432187769,0.173971766727306,0.197718212882542,"chromatin accessibility complex 1 [Source:MGI Symbol;Acc:MGI:2135796]",0.127492760229256
"Fuk",0.050761429634922,0.75663612703358,0.204230141748221,0.235827948988171,NA,0.127495785691571
"Klhl25",0.187104910265752,0.23482577331,0.068157105523544,0.745857216318995,"kelch-like 25 [Source:MGI Symbol;Acc:MGI:2668031]",0.127631007894648
"Zfp672",0.151734685904167,0.238231142232361,0.104074450160419,0.500514338706195,"zinc finger protein 672 [Source:MGI Symbol;Acc:MGI:2442105]",0.127904568032293
"Ndufaf7",0.129023697506713,0.203651304076091,0.127115622559147,0.283415637914767,"NADH:ubiquinone oxidoreductase complex assembly factor 7 [Source:MGI Symbol;Acc:MGI:1920944]",0.12806966003293
"Tmem70",0.133053492004957,0.142102564708642,0.12361382079302,0.240717160237913,"transmembrane protein 70 [Source:MGI Symbol;Acc:MGI:1915068]",0.128333656398988
"Tmem39a",0.199483715561735,0.154604866055379,0.0574926199683355,0.757570376061195,"transmembrane protein 39a [Source:MGI Symbol;Acc:MGI:1915096]",0.128488167765035
"Gyg",0.185731550657175,0.227152088282406,0.0713558014837795,0.728062591399284,NA,0.128543676070477
"Mavs",0.163345942230623,0.153533281200539,0.0937492274523913,0.489318442518706,"mitochondrial antiviral signaling protein [Source:MGI Symbol;Acc:MGI:2444773]",0.128547584841507
"Tinf2",0.111746309750247,0.2877176328763,0.146517914976009,0.237457936856267,"Terf1 (TRF1)-interacting nuclear factor 2 [Source:MGI Symbol;Acc:MGI:107246]",0.129132112363128
"Pex6",0.189059701991571,0.0931557053792669,0.0694493039279279,0.615605280456247,"peroxisomal biogenesis factor 6 [Source:MGI Symbol;Acc:MGI:2385054]",0.129254502959749
"Srprb",0.164078042165674,0.141994707362636,0.0945847111267488,0.47485692020291,"signal recognition particle receptor, B subunit [Source:MGI Symbol;Acc:MGI:102964]",0.129331376646211
"Nol8",0.180099667582366,0.246785359003007,0.0787524189251855,0.700915958088196,"nucleolar protein 8 [Source:MGI Symbol;Acc:MGI:1918180]",0.129426043253776
"Wdr77",0.154399664221716,0.210980071576148,0.10523500482698,0.477305370279528,"WD repeat domain 77 [Source:MGI Symbol;Acc:MGI:1917715]",0.129817334524348
"Mipep",0.132137708063923,0.225385337066447,0.127769735105974,0.314778802536067,"mitochondrial intermediate peptidase [Source:MGI Symbol;Acc:MGI:1917728]",0.129953721584949
"Mcts1",0.161053953254346,0.155300534610787,0.0990388432426888,0.459569375420436,"malignant T cell amplified sequence 1 [Source:MGI Symbol;Acc:MGI:1916245]",0.130046398248517
"2410131K14Rik",0.163049837787685,0.195007548414031,0.0970771594630879,0.521239620390522,NA,0.130063498625386
"Atf6b",0.14833590358168,0.125039362073771,0.112238259301866,0.314147029369523,"activating transcription factor 6 beta [Source:MGI Symbol;Acc:MGI:105121]",0.130287081441773
"Zpr1",0.125029259190208,0.206506007955694,0.135738100017753,0.241107405137824,"ZPR1 zinc finger [Source:MGI Symbol;Acc:MGI:1330262]",0.130383679603981
"Hnrnpa2b1",0.141800619341945,0.130620088622396,0.119431664673444,0.267693093583502,"heterogeneous nuclear ribonucleoprotein A2/B1 [Source:MGI Symbol;Acc:MGI:104819]",0.130616142007695
"Atp1b3",0.143836187528574,0.220173588393356,0.117691454924387,0.391836304264275,"ATPase, Na+/K+ transporting, beta 3 polypeptide [Source:MGI Symbol;Acc:MGI:107788]",0.130763821226481
"Mrps10",0.095265152057204,0.450304305537979,0.166301096432996,0.247668502349829,"mitochondrial ribosomal protein S10 [Source:MGI Symbol;Acc:MGI:1928139]",0.1307831242451
"Gcdh",0.124048621108848,0.220065467287912,0.137795308899534,0.244445160818948,"glutaryl-Coenzyme A dehydrogenase [Source:MGI Symbol;Acc:MGI:104541]",0.130921965004191
"Yipf2",0.179360912272695,0.0877308337263362,0.0826629328873023,0.503147737092857,"Yip1 domain family, member 2 [Source:MGI Symbol;Acc:MGI:1922016]",0.131011922579999
"Afg3l1",0.110980086222495,0.201584223570502,0.15124458070589,0.168155026440401,"AFG3-like AAA ATPase 1 [Source:MGI Symbol;Acc:MGI:1928277]",0.131112333464192
"Eif3b",0.0956060669212261,0.447713481757954,0.166756722779261,0.244933288966581,"eukaryotic translation initiation factor 3, subunit B [Source:MGI Symbol;Acc:MGI:106478]",0.131181394850244
"Cebpz",0.16221548926315,0.160822350267317,0.101151846496727,0.459569375420436,"CCAAT/enhancer binding protein zeta [Source:MGI Symbol;Acc:MGI:109386]",0.131683667879938
"Pabpc4",0.143870929660429,0.247003087327512,0.119900375019851,0.416734255540041,"poly(A) binding protein, cytoplasmic 4 [Source:MGI Symbol;Acc:MGI:2385206]",0.13188565234014
"B4galt7",0.147754826737931,0.219827217930232,0.116850295847404,0.409707008053782,"beta-1,4-galactosyltransferase 7 [Source:MGI Symbol;Acc:MGI:2384987]",0.132302561292667
"Bccip",0.130364952573224,0.18089251435898,0.134696830126147,0.239343773696918,"BRCA2 and CDKN1A interacting protein [Source:MGI Symbol;Acc:MGI:1913415]",0.132530891349685
"Ncaph2",0.0938704012346896,0.265945388208558,0.171259051085653,0.162729965916785,"non-SMC condensin II complex, subunit H2 [Source:MGI Symbol;Acc:MGI:1289164]",0.132564726160171
"Mrpl10",0.141268838201605,0.182426614281245,0.124003120679538,0.315739415124202,"mitochondrial ribosomal protein L10 [Source:MGI Symbol;Acc:MGI:1333801]",0.132635979440571
"Cnot8",0.141296300871471,0.0834743933613348,0.124167213489955,0.19875382039052,"CCR4-NOT transcription complex, subunit 8 [Source:MGI Symbol;Acc:MGI:1916375]",0.132731757180713
"Snapc1",0.20999070136199,0.037472986485317,0.0556466968847452,0.641640159823846,"small nuclear RNA activating complex, polypeptide 1 [Source:MGI Symbol;Acc:MGI:1922877]",0.132818699123368
"4931414P19Rik",0.106520364535078,0.371424622221185,0.159167160104943,0.24619517741988,"RIKEN cDNA 4931414P19 gene [Source:MGI Symbol;Acc:MGI:1921609]",0.13284376232001
"Gm12216",0.254026233430019,0.218501962904782,0.0125573770237638,0.970654984122183,"predicted gene 12216 [Source:MGI Symbol;Acc:MGI:3650088]",0.133291805226891
"Mrpl16",0.0947344503008121,0.447107813856942,0.172523340509174,0.229978839117901,"mitochondrial ribosomal protein L16 [Source:MGI Symbol;Acc:MGI:2137219]",0.133628895404993
"Slc31a2",0.20124426233802,0.143384350248925,0.0660773762054353,0.71431877921745,"solute carrier family 31, member 2 [Source:MGI Symbol;Acc:MGI:1333844]",0.133660819271728
"Pgam5",0.147562179947628,0.1170185049134,0.120528929703611,0.265663512036182,"phosphoglycerate mutase family member 5 [Source:MGI Symbol;Acc:MGI:1919792]",0.13404555482562
"Actl6a",0.145828503912064,0.204251294335908,0.122382639662137,0.362361723420413,"actin-like 6A [Source:MGI Symbol;Acc:MGI:1861453]",0.134105571787101
"Oard1",0.139027815549444,0.247633432920776,0.131192840238286,0.354678106301964,"O-acyl-ADP-ribose deacylase 1 [Source:MGI Symbol;Acc:MGI:2146818]",0.135110327893865
"Rxrb",0.16378596355253,0.179178872070382,0.10758095727031,0.457915139487209,"retinoid X receptor beta [Source:MGI Symbol;Acc:MGI:98215]",0.13568346041142
"Zfp637",0.168127598957659,0.142407725430631,0.103612560893615,0.443040849417647,"zinc finger protein 637 [Source:MGI Symbol;Acc:MGI:2448537]",0.135870079925637
"Atxn2",0.176334924590261,0.23482577331,0.0954468114794165,0.604926519843813,"ataxin 2 [Source:MGI Symbol;Acc:MGI:1277223]",0.135890868034839
"Itm2c",0.150709706460959,0.178592923623573,0.121282105094467,0.354678106301964,"integral membrane protein 2C [Source:MGI Symbol;Acc:MGI:1927594]",0.135995905777713
"Dnlz",0.143194898912151,0.119945638618254,0.129764355867858,0.228588611536234,"DNL-type zinc finger [Source:MGI Symbol;Acc:MGI:106559]",0.136479627390005
"Ppp1cc",0.135567976936788,0.243307529366376,0.137515372390601,0.313016195961838,"protein phosphatase 1 catalytic subunit gamma [Source:MGI Symbol;Acc:MGI:104872]",0.136541674663694
"Mtg1",0.107987961127549,0.35456234822259,0.165385727554199,0.228319018180083,"mitochondrial ribosome-associated GTPase 1 [Source:MGI Symbol;Acc:MGI:2685015]",0.136686844340874
"Ilkap",0.14810014065256,0.186133082090357,0.126333505786662,0.333581774555577,"integrin-linked kinase-associated serine/threonine phosphatase 2C [Source:MGI Symbol;Acc:MGI:1914694]",0.137216823219611
"Lrrc20",0.146664345476704,0.216121592324196,0.128221647050003,0.354916868668818,"leucine rich repeat containing 20 [Source:MGI Symbol;Acc:MGI:2387182]",0.137442996263353
"Mid1ip1",0.182188304639108,0.0782926362467377,0.0930307786698859,0.440098448710837,"Mid1 interacting protein 1 (gastrulation specific G12-like (zebrafish)) [Source:MGI Symbol;Acc:MGI:1915291]",0.137609541654497
"Tmem38b",0.226845535142311,0.180995827625925,0.048617799833273,0.83811644188654,"transmembrane protein 38B [Source:MGI Symbol;Acc:MGI:1098718]",0.137731667487792
"Atg10",0.196840677696141,0.163672506268977,0.0789023133805074,0.659323071458104,"autophagy related 10 [Source:MGI Symbol;Acc:MGI:1914045]",0.137871495538324
"Cnpy4",0.151977474551439,0.0950672951991452,0.123946052874731,0.241723186792036,"canopy FGF signaling regulator 4 [Source:MGI Symbol;Acc:MGI:1913705]",0.137961763713085
"Atoh8",0.201431867111565,0.249611695488507,0.0748551684180519,0.750504227108287,"atonal bHLH transcription factor 8 [Source:MGI Symbol;Acc:MGI:1918343]",0.138143517764808
"Coq6",0.116677647967254,0.265854305796171,0.159669109219084,0.207041265355528,"coenzyme Q6 monooxygenase [Source:MGI Symbol;Acc:MGI:1924408]",0.138173378593169
"Prdx3",0.132518322925352,0.19879852799074,0.144193033270456,0.236356866239598,"peroxiredoxin 3 [Source:MGI Symbol;Acc:MGI:88034]",0.138355678097904
"Chordc1",0.246247080343912,0.0445969496299449,0.0305961153747542,0.858413502690882,"cysteine and histidine rich domain containing 1 [Source:MGI Symbol;Acc:MGI:1914167]",0.138421597859333
"Triap1",0.136162352485386,0.18700716983213,0.140698726040668,0.243369536875633,"TP53 regulated inhibitor of apoptosis 1 [Source:MGI Symbol;Acc:MGI:1916326]",0.138430539263027
"Trabd",0.154689416687542,0.233078417009765,0.12228272867489,0.42770755172148,"TraB domain containing [Source:MGI Symbol;Acc:MGI:1915226]",0.138486072681216
"Rabggta",0.102694297794684,0.416156277004634,0.175019003991218,0.230964946156523,"Rab geranylgeranyl transferase, a subunit [Source:MGI Symbol;Acc:MGI:1860443]",0.138856650892951
"Ttc21b",0.232860302719752,0.240903558244944,0.0452951747850318,0.87496799423481,"tetratricopeptide repeat domain 21B [Source:MGI Symbol;Acc:MGI:1920918]",0.139077738752392
"Nubp2",0.16003558218025,0.22454288277249,0.118245719710833,0.450098276347895,"nucleotide binding protein 2 [Source:MGI Symbol;Acc:MGI:1347072]",0.139140650945542
"Smn1",0.152406298869807,0.198397116059087,0.125921106402359,0.362948445798034,"survival motor neuron 1 [Source:MGI Symbol;Acc:MGI:109257]",0.139163702636083
"H2afy",0.134109590350828,0.159706739416263,0.144855162898836,0.2051278057827,NA,0.139482376624832
"Rbm17",0.161968067317716,0.212072736468691,0.117905670140083,0.444266370248315,"RNA binding motif protein 17 [Source:MGI Symbol;Acc:MGI:1924188]",0.1399368687289
"Hnrnpm",0.19189984595512,0.0943193160409218,0.0883992520190904,0.520255483196288,"heterogeneous nuclear ribonucleoprotein M [Source:MGI Symbol;Acc:MGI:1926465]",0.140149548987105
"Bet1l",0.154975206441879,0.183331063476315,0.126075610085586,0.355160127563751,"Bet1 golgi vesicular membrane trafficking protein like [Source:MGI Symbol;Acc:MGI:1913128]",0.140525408263732
"Fam136a",0.194131943659126,0.0950672951991452,0.087013871548786,0.533404012316259,"family with sequence similarity 136, member A [Source:MGI Symbol;Acc:MGI:1913738]",0.140572907603956
"Cluap1",0.152528062620725,0.182725525017767,0.128634120482122,0.335793892880295,"clusterin associated protein 1 [Source:MGI Symbol;Acc:MGI:1924029]",0.140581091551424
"Lysmd2",0.185448985457158,0.237740066850186,0.0958082240624859,0.624364810839549,"LysM, putative peptidoglycan-binding, domain containing 2 [Source:MGI Symbol;Acc:MGI:1917332]",0.140628604759822
"Anxa5",0.167726823031382,0.209670198313337,0.113540379932836,0.477904874736602,"annexin A5 [Source:MGI Symbol;Acc:MGI:106008]",0.140633601482109
"Yars2",0.161861939991639,0.207160695358672,0.119959072035033,0.431148983191392,"tyrosyl-tRNA synthetase 2 (mitochondrial) [Source:MGI Symbol;Acc:MGI:1917370]",0.140910506013336
"Commd9",0.19903342706763,0.166378292051298,0.0833390165360397,0.64437741306953,"COMM domain containing 9 [Source:MGI Symbol;Acc:MGI:1923751]",0.141186221801835
"Ranbp3",0.142194176514334,0.143750288987771,0.140318379020638,0.22305013348687,"RAN binding protein 3 [Source:MGI Symbol;Acc:MGI:1919060]",0.141256277767486
"Rad23a",0.146553853277204,0.0959352729802986,0.136519917958499,0.198636638967883,"RAD23 homolog A, nucleotide excision repair protein [Source:MGI Symbol;Acc:MGI:105126]",0.141536885617851
"Bbs7",0.211228288035118,0.241115284694677,0.0719601336885273,0.769865427715294,"Bardet-Biedl syndrome 7 [Source:MGI Symbol;Acc:MGI:1918742]",0.141594210861823
"0610009O20Rik",0.127103100700931,0.0999455607070447,0.156305427267461,0.162729965916785,NA,0.141704263984196
"Ndufaf4",0.165168639053657,0.23482577331,0.118701390165568,0.477359834022042,"NADH:ubiquinone oxidoreductase complex assembly factor 4 [Source:MGI Symbol;Acc:MGI:1915743]",0.141935014609612
"Urod",0.163409800784716,0.233078417009765,0.120658644788788,0.460087470897535,"uroporphyrinogen decarboxylase [Source:MGI Symbol;Acc:MGI:98916]",0.142034222786752
"Scly",0.167282812655668,0.106582685523228,0.116984733240033,0.329317230390006,"selenocysteine lyase [Source:MGI Symbol;Acc:MGI:1355310]",0.142133772947851
"Thap11",0.158229649774124,0.188259770886826,0.126657764092555,0.365981014731089,"THAP domain containing 11 [Source:MGI Symbol;Acc:MGI:1930964]",0.142443706933339
"Dcakd",0.147001510729091,0.238319798370897,0.138096643881595,0.344109299697969,"dephospho-CoA kinase domain containing [Source:MGI Symbol;Acc:MGI:1915337]",0.142549077305343
"Mettl6",0.199770393313402,0.0327906244937893,0.0856405131531293,0.39528192162153,"methyltransferase 6, methylcytidine [Source:MGI Symbol;Acc:MGI:1914261]",0.142705453233266
"Mrpl30",0.113461797883436,0.333163184986724,0.17200364646165,0.216257621808353,"mitochondrial ribosomal protein L30 [Source:MGI Symbol;Acc:MGI:1333820]",0.142732722172543
"Spcs1",0.153708607763843,0.233177804655131,0.132526240687652,0.377343631671187,"signal peptidase complex subunit 1 homolog (S. cerevisiae) [Source:MGI Symbol;Acc:MGI:1916269]",0.143117424225748
"Hsd17b10",0.126401363743217,0.257012937507573,0.159894242904509,0.231000115785735,"hydroxysteroid (17-beta) dehydrogenase 10 [Source:MGI Symbol;Acc:MGI:1333871]",0.143147803323863
"Abcf1",0.16291740910389,0.239966159069151,0.123619317452333,0.454539371018165,"ATP-binding cassette, sub-family F member 1 [Source:MGI Symbol;Acc:MGI:1351658]",0.143268363278111
"Ftsj1",0.191768414056242,0.0849274609695713,0.0950426786842951,0.465746971271521,"FtsJ RNA 2'-O-methyltransferase 1 [Source:MGI Symbol;Acc:MGI:1859648]",0.143405546370269
"Rnf220",0.129935857632443,0.255150532747953,0.157561179078359,0.242975366979047,"ring finger protein 220 [Source:MGI Symbol;Acc:MGI:1913993]",0.143748518355401
"Preb",0.175882329149856,0.14881451990042,0.111721674260533,0.4362317416039,"prolactin regulatory element binding [Source:MGI Symbol;Acc:MGI:1355326]",0.143802001705194
"Stard5",0.205041678891476,0.240525830193112,0.0834713419233501,0.719330191476213,"StAR related lipid transfer domain containing 5 [Source:MGI Symbol;Acc:MGI:2156765]",0.144256510407413
"Nudcd2",0.170786431685419,0.125039362073771,0.118614749420065,0.356775455633766,"NudC domain containing 2 [Source:MGI Symbol;Acc:MGI:1277103]",0.144700590552742
"Habp4",0.19271308358879,0.132784716318393,0.0969495451249582,0.525409263039506,"hyaluronic acid binding protein 4 [Source:MGI Symbol;Acc:MGI:1891713]",0.144831314356874
"Srsf9",0.143555578231523,0.233270064532556,0.146137189533657,0.300079011529317,"serine and arginine-rich splicing factor 9 [Source:MGI Symbol;Acc:MGI:104896]",0.14484638388259
"Upf3a",0.152077111726728,0.24313722352837,0.13789405615488,0.366241405849189,"UPF3 regulator of nonsense transcripts homolog A (yeast) [Source:MGI Symbol;Acc:MGI:1914281]",0.144985583940804
"Med19",0.185498960679135,0.0468613590814401,0.104606959240698,0.322970439274189,"mediator complex subunit 19 [Source:MGI Symbol;Acc:MGI:1914234]",0.145052959959916
"Asun",0.179287417433606,0.0783271134433221,0.110960583457113,0.343699761713329,NA,0.14512400044536
"Med22",0.145580360687676,0.0654202666314258,0.145253778004604,0.162729965916785,"mediator complex subunit 22 [Source:MGI Symbol;Acc:MGI:98446]",0.14541706934614
"Hax1",0.138483250960704,0.243958569505796,0.152391879299086,0.272738873495978,"HCLS1 associated X-1 [Source:MGI Symbol;Acc:MGI:1346319]",0.145437565129895
"Gtf3c6",0.178040438566786,0.0922959912658226,0.113132675672335,0.355160127563751,"general transcription factor IIIC, polypeptide 6, alpha [Source:MGI Symbol;Acc:MGI:1914621]",0.145586557119561
"Actr6",0.214975625132323,0.179688341568309,0.0775789733432893,0.71431877921745,"ARP6 actin-related protein 6 [Source:MGI Symbol;Acc:MGI:1914269]",0.146277299237806
"Alkbh6",0.114725851849355,0.38210452071733,0.177836618504751,0.240717160237913,"alkB homolog 6 [Source:MGI Symbol;Acc:MGI:2142037]",0.146281235177053
"Tapbpl",0.225166514024502,0.198788622922431,0.0677466415175122,0.778494177839941,"TAP binding protein-like [Source:MGI Symbol;Acc:MGI:2384853]",0.146456577771007
"Ttll1",0.244777411850541,0.240135337618117,0.0481583393203817,0.873869147742793,"tubulin tyrosine ligase-like 1 [Source:MGI Symbol;Acc:MGI:2443047]",0.146467875585461
"Flad1",0.171637949494706,0.123189809078269,0.121401156595864,0.344109299697969,"flavin adenine dinucleotide synthetase 1 [Source:MGI Symbol;Acc:MGI:2443030]",0.146519553045285
"Babam1",0.138798673026431,0.214868310909299,0.154318871287793,0.239806279747421,"BRISC and BRCA1 A complex member 1 [Source:MGI Symbol;Acc:MGI:1915501]",0.146558772157112
"Tars2",0.162351638170045,0.214868310909299,0.130981696366358,0.392671630780612,"threonyl-tRNA synthetase 2, mitochondrial (putative) [Source:MGI Symbol;Acc:MGI:1919057]",0.146666667268201
"Mpv17",0.193042519929704,0.155430429191026,0.101022918069034,0.536023424219578,"MpV17 mitochondrial inner membrane protein [Source:MGI Symbol;Acc:MGI:97138]",0.147032718999369
"Ghdc",0.197941918129682,0.0995131609841665,0.0964891438196959,0.500514338706195,"GH3 domain containing [Source:MGI Symbol;Acc:MGI:1931556]",0.147215530974689
"Psma4",0.168898589919435,0.195579041788556,0.126141186583039,0.411806201637451,"proteasome subunit alpha 4 [Source:MGI Symbol;Acc:MGI:1347060]",0.147519888251237
"Fastk",0.167826452061677,0.215133730596078,0.12729278933049,0.42770755172148,"Fas-activated serine/threonine kinase [Source:MGI Symbol;Acc:MGI:1913837]",0.147559620696084
"Ccar1",0.186399645812139,0.154017248517386,0.109148271243766,0.482612586797054,"cell division cycle and apoptosis regulator 1 [Source:MGI Symbol;Acc:MGI:1914750]",0.147773958527952
"Tmem14c",0.169322019019453,0.217235862841906,0.126648549359906,0.437653706120466,"transmembrane protein 14C [Source:MGI Symbol;Acc:MGI:1913404]",0.147985284189679
"Sox4",0.244192088839176,0.166145093022864,0.052328131467645,0.830562720892869,"SRY (sex determining region Y)-box 4 [Source:MGI Symbol;Acc:MGI:98366]",0.148260110153411
"Ddx47",0.181425741453259,0.0426991101671376,0.115694962376692,0.250226773070177,"DEAD box helicase 47 [Source:MGI Symbol;Acc:MGI:1915005]",0.148560351914975
"Bod1",0.164550663567323,0.139613777280802,0.13267988119815,0.30343919612201,"biorientation of chromosomes in cell division 1 [Source:MGI Symbol;Acc:MGI:1916806]",0.148615272382737
"Glrx2",0.155453529999574,0.147677785379024,0.142046222413813,0.252174484327694,"glutaredoxin 2 [Source:MGI Symbol;Acc:MGI:1916617]",0.148749876206693
"Rpia",0.157976588503299,0.206509666474511,0.140252694206243,0.337052269890697,"ribose 5-phosphate isomerase A [Source:MGI Symbol;Acc:MGI:103254]",0.149114641354771
"Zfp503",0.234667438025104,0.160696619027179,0.0640978403438562,0.778870098753449,"zinc finger protein 503 [Source:MGI Symbol;Acc:MGI:1353644]",0.14938263918448
"Anks3",0.156460555243143,0.22329723229581,0.142759162196049,0.344109299697969,"ankyrin repeat and sterile alpha motif domain containing 3 [Source:MGI Symbol;Acc:MGI:1919865]",0.149609858719596
"Mettl16",0.218244978357685,0.221061679238315,0.0811689652685037,0.731732672550392,"methyltransferase 16, N6-methyladenosine [Source:MGI Symbol;Acc:MGI:1914743]",0.149706971813094
"Wdr53",0.141438112821402,0.20275336058526,0.158431717427343,0.229360424372913,"WD repeat domain 53 [Source:MGI Symbol;Acc:MGI:1916230]",0.149934915124373
"Cby1",0.167013836750044,0.146321930431101,0.133001460478411,0.316277927422663,"chibby family member 1, beta catenin antagonist [Source:MGI Symbol;Acc:MGI:1920989]",0.150007648614227
"Ncbp1",0.134240182385511,0.239718872261205,0.165786041049174,0.226105015348892,"nuclear cap binding protein subunit 1 [Source:MGI Symbol;Acc:MGI:1891840]",0.150013111717342
"Pts",0.196621101751291,0.0721946935459297,0.103405353092538,0.411806201637451,"6-pyruvoyl-tetrahydropterin synthase [Source:MGI Symbol;Acc:MGI:1338783]",0.150013227421915
"Exo5",0.200348180773038,0.0415263346206187,0.0997149373173374,0.362361723420413,"exonuclease 5 [Source:MGI Symbol;Acc:MGI:1920422]",0.150031559045188
"Taf11",0.151252358670702,0.0850595528724954,0.148869966868749,0.168155026440401,"TATA-box binding protein associated factor 11 [Source:MGI Symbol;Acc:MGI:1916026]",0.150061162769726
"Cdx1",0.198434206099674,0.242263699262596,0.102444940007823,0.628269159750632,"caudal type homeobox 1 [Source:MGI Symbol;Acc:MGI:88360]",0.150439573053748
"G3bp1",0.179559206202497,0.11336761044857,0.121435682539581,0.355169341104494,"G3BP stress granule assembly factor 1 [Source:MGI Symbol;Acc:MGI:1351465]",0.150497444371039
"Ctdnep1",0.160317557493578,0.195925814933329,0.141322094153049,0.328382243063677,"CTD nuclear envelope phosphatase 1 [Source:MGI Symbol;Acc:MGI:1914431]",0.150819825823313
"Akt1s1",0.156963125588639,0.159304996708184,0.144789056396122,0.263409926248979,"AKT1 substrate 1 [Source:MGI Symbol;Acc:MGI:1914855]",0.150876090992381
"Mrpl24",0.16924009536662,0.155931058403425,0.132891045968813,0.337052269890697,"mitochondrial ribosomal protein L24 [Source:MGI Symbol;Acc:MGI:1914957]",0.151065570667716
"Notch4",0.271556758935256,0.233122924799114,0.0309259427643796,0.929932666223151,"notch 4 [Source:MGI Symbol;Acc:MGI:107471]",0.151241350849818
"Sae1",0.148356893361059,0.155259538869467,0.154213262263062,0.209692637677449,"SUMO1 activating enzyme subunit 1 [Source:MGI Symbol;Acc:MGI:1929264]",0.151285077812061
"Daglb",0.143555223503669,0.132953466986755,0.159352174037413,0.174954255023785,"diacylglycerol lipase, beta [Source:MGI Symbol;Acc:MGI:2442032]",0.151453698770541
"Dpp7",0.208065720917759,0.198635918551404,0.0948664298169487,0.640004351548428,"dipeptidylpeptidase 7 [Source:MGI Symbol;Acc:MGI:1933213]",0.151466075367354
"Senp8",0.206281080101245,0.155590713125174,0.0968351030431549,0.584660961354871,"SUMO peptidase family member, NEDD8 specific [Source:MGI Symbol;Acc:MGI:1918849]",0.1515580915722
"Aamp",0.175087928411482,0.216188621739577,0.128140869323692,0.445959815941551,"angio-associated migratory protein [Source:MGI Symbol;Acc:MGI:107809]",0.151614398867587
"Trappc2",0.152071931757877,0.242611937424059,0.151581862943233,0.317963005937314,"trafficking protein particle complex 2 [Source:MGI Symbol;Acc:MGI:1913476]",0.151826897350555
"Lamtor1",0.186375037025994,0.163010981428514,0.117563363746883,0.457098009816998,"late endosomal/lysosomal adaptor, MAPK and MTOR activator 1 [Source:MGI Symbol;Acc:MGI:1913758]",0.151969200386439
"Tsnax",0.165584155966068,0.0327906244937893,0.138629969857332,0.162729965916785,"translin-associated factor X [Source:MGI Symbol;Acc:MGI:1855672]",0.1521070629117
"Diablo",0.202485881448579,0.0398976249343742,0.10200188585165,0.346819774172546,"diablo, IAP-binding mitochondrial protein [Source:MGI Symbol;Acc:MGI:1913843]",0.152243883650115
"Pmf1",0.0993101208678677,0.523783714868994,0.205261099648872,0.240717160237913,"polyamine-modulated factor 1 [Source:MGI Symbol;Acc:MGI:1914287]",0.15228561025837
"Aar2",0.140966479357286,0.223783757616672,0.163787473525612,0.232425635551197,"AAR2 splicing factor homolog [Source:MGI Symbol;Acc:MGI:1915545]",0.152376976441449
"Dolk",0.152966276706614,0.239491725760165,0.151945605540441,0.316936056067264,"dolichol kinase [Source:MGI Symbol;Acc:MGI:2677836]",0.152455941123528
"2410004B18Rik",0.169788942743722,0.245673237649977,0.135268994071143,0.438969834307924,"RIKEN cDNA 2410004B18 gene [Source:MGI Symbol;Acc:MGI:1913671]",0.152528968407433
"Atp6v1g2",0.268997622177174,0.206886012513173,0.0362572062814928,0.909467485955035,"ATPase, H+ transporting, lysosomal V1 subunit G2 [Source:MGI Symbol;Acc:MGI:1913487]",0.152627414229333
"Zmat2",0.152848330057766,0.225385337066447,0.152557944513435,0.301128066890302,"zinc finger, matrin type 2 [Source:MGI Symbol;Acc:MGI:1913742]",0.1527031372856
"Fam104a",0.170428079655709,0.135276859914354,0.134984410833641,0.30343919612201,NA,0.152706245244675
"Cinp",0.177678056445719,0.133918041484086,0.127792194626187,0.350280526486375,"cyclin dependent kinase 2 interacting protein [Source:MGI Symbol;Acc:MGI:1914486]",0.152735125535953
"Zwint",0.162818581786535,0.108681545830339,0.142780492655842,0.231000115785735,"ZW10 interactor [Source:MGI Symbol;Acc:MGI:1289227]",0.152799537221188
"Polr2e",0.140437118117333,0.209196325597331,0.165340731045335,0.214552675270665,"polymerase (RNA) II (DNA directed) polypeptide E [Source:MGI Symbol;Acc:MGI:1913670]",0.152888924581334
"Mrpl4",0.133654374727693,0.244170745533492,0.172142145284003,0.207671701037539,"mitochondrial ribosomal protein L4 [Source:MGI Symbol;Acc:MGI:2137210]",0.152898260005848
"Cpsf4",0.130715073620695,0.293868852676662,0.175608920374139,0.233808015486333,"cleavage and polyadenylation specific factor 4 [Source:MGI Symbol;Acc:MGI:1861602]",0.153161996997417
"Rrp15",0.165274579501971,0.247022642852325,0.141091806829107,0.402677089371256,"ribosomal RNA processing 15 homolog [Source:MGI Symbol;Acc:MGI:1914473]",0.153183193165539
"Mob2",0.203072502370911,0.0534709040306561,0.103324320244336,0.387090517990974,"MOB kinase activator 2 [Source:MGI Symbol;Acc:MGI:1919891]",0.153198411307624
"Srsf2",0.16365482282885,0.115993726892269,0.142808721809972,0.238392591246511,"serine and arginine-rich splicing factor 2 [Source:MGI Symbol;Acc:MGI:98284]",0.153231772319411
"Pigf",0.165510208530015,0.219227876158143,0.141284145705649,0.36775783219794,"phosphatidylinositol glycan anchor biosynthesis, class F [Source:MGI Symbol;Acc:MGI:99462]",0.153397177117832
"Fra10ac1",0.152964148615322,0.192607682416461,0.15402352062409,0.259387304869507,"FRA10A associated CGG repeat 1 [Source:MGI Symbol;Acc:MGI:1917817]",0.153493834619706
"Tmem132a",0.239069213717625,0.238191551968489,0.0679389959943739,0.810545840510594,"transmembrane protein 132A [Source:MGI Symbol;Acc:MGI:2147810]",0.153504104855999
"Tex261",0.17783309403331,0.133920518744699,0.129774002289537,0.344109299697969,"testis expressed gene 261 [Source:MGI Symbol;Acc:MGI:1096575]",0.153803548161423
"Ncdn",0.207453198827735,0.0415263346206187,0.100644368841402,0.372278666759099,"neurochondrin [Source:MGI Symbol;Acc:MGI:1347351]",0.154048783834568
"Eif2b5",0.16222797687887,0.142238084906769,0.145980644663501,0.252174484327694,"eukaryotic translation initiation factor 2B, subunit 5 epsilon [Source:MGI Symbol;Acc:MGI:2446176]",0.154104310771185
"Brd7",0.231359356033193,0.13797238534412,0.0768932076789804,0.703914707812878,"bromodomain containing 7 [Source:MGI Symbol;Acc:MGI:1349766]",0.154126281856087
"Klf16",0.191606282461594,0.189584093764356,0.116691544181995,0.503977627325135,"Kruppel-like transcription factor 16 [Source:MGI Symbol;Acc:MGI:2153049]",0.154148913321795
"Sh3bp5l",0.176180573090721,0.124941507690441,0.132744800113246,0.314778802536067,"SH3 binding domain protein 5 like [Source:MGI Symbol;Acc:MGI:1933124]",0.154462686601983
"E2f6",0.229421255000251,0.157346119258705,0.0796689660768998,0.706680735716226,"E2F transcription factor 6 [Source:MGI Symbol;Acc:MGI:1354159]",0.154545110538575
"Hnrnpa0",0.117978518762176,0.292937417307819,0.191339198264605,0.173014444485906,"heterogeneous nuclear ribonucleoprotein A0 [Source:MGI Symbol;Acc:MGI:1924384]",0.154658858513391
"Zswim1",0.185245352636693,0.170494276816513,0.125327918772369,0.433963721215041,"zinc finger SWIM-type containing 1 [Source:MGI Symbol;Acc:MGI:1919221]",0.155286635704531
"Tcta",0.121655780977655,0.249754502388003,0.189516512065527,0.168155026440401,"T cell leukemia translocation altered gene [Source:MGI Symbol;Acc:MGI:1918829]",0.155586146521591
"Cbx1",0.187950772663856,0.0850595528724954,0.123291253252992,0.324091264455326,"chromobox 1 [Source:MGI Symbol;Acc:MGI:105369]",0.155621012958424
"Wdyhv1",0.243026788225123,0.0940935938810529,0.0683736170906849,0.721058375922157,NA,0.155700202657904
"Txnl4a",0.187194596206422,0.177331482448123,0.124288689552845,0.449378407735622,"thioredoxin-like 4A [Source:MGI Symbol;Acc:MGI:1351613]",0.155741642879633
"Fstl3",0.215515964663841,0.220173588393356,0.0960820760068422,0.67029580418142,"follistatin-like 3 [Source:MGI Symbol;Acc:MGI:1890391]",0.155799020335342
"Mrpl49",0.175701833723316,0.0415263346206187,0.13592886487207,0.186758832261382,"mitochondrial ribosomal protein L49 [Source:MGI Symbol;Acc:MGI:108180]",0.155815349297693
"Pex26",0.192251374000636,0.0850595528724954,0.119555445615343,0.352689570604508,"peroxisomal biogenesis factor 26 [Source:MGI Symbol;Acc:MGI:1921293]",0.15590340980799
"Tmem50a",0.180717450180336,0.169038080846901,0.131131374017791,0.392335468423493,"transmembrane protein 50A [Source:MGI Symbol;Acc:MGI:1919067]",0.155924412099063
"Pea15a",0.199383170289164,0.237126423330024,0.112469325097593,0.588966553666379,"proliferation and apoptosis adaptor protein 15A [Source:MGI Symbol;Acc:MGI:104799]",0.155926247693378
"Armcx3",0.229046049126263,0.244574497024212,0.0830464648951191,0.753955732296859,"armadillo repeat containing, X-linked 3 [Source:MGI Symbol;Acc:MGI:1918953]",0.156046257010691
"Rabggtb",0.16085291489483,0.115948816029865,0.151274108355145,0.207671701037539,"Rab geranylgeranyl transferase, b subunit [Source:MGI Symbol;Acc:MGI:99537]",0.156063511624987
"Snrnp70",0.179001885519353,0.206551621066237,0.133207249957628,0.428507339797626,"small nuclear ribonucleoprotein 70 (U1) [Source:MGI Symbol;Acc:MGI:98341]",0.156104567738491
"Prpf31",0.16009106586795,0.195925814933329,0.152167561817005,0.291101242481707,"pre-mRNA processing factor 31 [Source:MGI Symbol;Acc:MGI:1916238]",0.156129313842477
"Rpp30",0.164433993524169,0.216188621739577,0.14788932904891,0.343902143750734,"ribonuclease P/MRP 30 subunit [Source:MGI Symbol;Acc:MGI:1859683]",0.156161661286539
"Pdhb",0.190120235935663,0.0967039313728908,0.122845953848124,0.356698429092252,"pyruvate dehydrogenase (lipoamide) beta [Source:MGI Symbol;Acc:MGI:1915513]",0.156483094891893
"Nmt1",0.161127667774498,0.189716589852365,0.15217184029006,0.286924420152526,"N-myristoyltransferase 1 [Source:MGI Symbol;Acc:MGI:102579]",0.156649754032279
"Eif1",0.173547700536106,0.208731295595792,0.139786826231174,0.38670698691432,"eukaryotic translation initiation factor 1 [Source:MGI Symbol;Acc:MGI:105125]",0.15666726338364
"Fkbp3",0.154244782473198,0.23482577331,0.159572506194943,0.293010083995453,"FK506 binding protein 3 [Source:MGI Symbol;Acc:MGI:1353460]",0.156908644334071
"Fam53a",0.141287890213164,0.264178130479505,0.173364804907705,0.244980741091568,"family with sequence similarity 53, member A [Source:MGI Symbol;Acc:MGI:1919225]",0.157326347560435
"Cdca7",0.19752172793774,0.219017592753728,0.117405731315408,0.549432995262884,"cell division cycle associated 7 [Source:MGI Symbol;Acc:MGI:1914203]",0.157463729626574
"Lancl1",0.160771711839101,0.23482577331,0.154716764833218,0.328382243063677,"LanC (bacterial lantibiotic synthetase component C)-like 1 [Source:MGI Symbol;Acc:MGI:1336997]",0.157744238336159
"Armc6",0.245894696538296,0.232696485633223,0.0700035990300163,0.806687446016995,"armadillo repeat containing 6 [Source:MGI Symbol;Acc:MGI:1924063]",0.157949147784156
"Rpl7l1",0.183490805496681,0.036205983420747,0.132485814919134,0.19234002298932,"ribosomal protein L7-like 1 [Source:MGI Symbol;Acc:MGI:1913479]",0.157988310207907
"Rapgef3",0.26766320236842,0.23482577331,0.0483664380852968,0.88353557709982,"Rap guanine nucleotide exchange factor (GEF) 3 [Source:MGI Symbol;Acc:MGI:2441741]",0.158014820226858
"Tmem192",0.136317020022915,0.237755198986742,0.18052121045061,0.198636638967883,"transmembrane protein 192 [Source:MGI Symbol;Acc:MGI:1920317]",0.158419115236762
"Galnt2",0.1695728013736,0.239718872261205,0.147327103068931,0.382547642590859,"polypeptide N-acetylgalactosaminyltransferase 2 [Source:MGI Symbol;Acc:MGI:894694]",0.158449952221266
"Arl2",0.169791029268374,0.208965451413905,0.147536284431774,0.351098234119056,"ADP-ribosylation factor-like 2 [Source:MGI Symbol;Acc:MGI:1928393]",0.158663656850074
"Ngfrap1",0.200697159398769,0.238656938471892,0.116675053258672,0.576751167547466,NA,0.15868610632872
"Prdx4",0.159933106940131,0.223783757616672,0.157719546466381,0.303655002925299,"peroxiredoxin 4 [Source:MGI Symbol;Acc:MGI:1859815]",0.158826326703256
"Adck1",0.131813871622786,0.333663602893267,0.186050932555932,0.241107405137824,"aarF domain containing kinase 1 [Source:MGI Symbol;Acc:MGI:1919363]",0.158932402089359
"S100a11",0.213958930380122,0.191203804493879,0.103965963244498,0.607845498959965,"S100 calcium binding protein A11 [Source:MGI Symbol;Acc:MGI:1338798]",0.15896244681231
"Rnmtl1",0.204208053032444,0.239427099544147,0.114652516133738,0.593689890543201,NA,0.159430284583091
"Bola3",0.183556460950676,0.184600731548107,0.135445450170499,0.403891994607132,"bolA family member 3 [Source:MGI Symbol;Acc:MGI:1925903]",0.159500955560587
"Mrps18b",0.126674013450171,0.337630647262188,0.192510783387949,0.218855507537034,"mitochondrial ribosomal protein S18B [Source:MGI Symbol;Acc:MGI:1914223]",0.15959239841906
"Rpl10-ps3",0.136441306116694,0.238191551968489,0.18308002201257,0.197718212882542,"ribosomal protein L10, pseudogene 3 [Source:MGI Symbol;Acc:MGI:3704336]",0.159760664064632
"Mettl13",0.194755189983178,0.1621012707208,0.124800389533793,0.446841097349478,"methyltransferase 13, eEF1A lysine and N-terminal methyltransferase [Source:MGI Symbol;Acc:MGI:1918699]",0.159777789758486
"Ptrh2",0.176174042399786,0.136790043708443,0.143578578230568,0.291969416471164,"peptidyl-tRNA hydrolase 2 [Source:MGI Symbol;Acc:MGI:2444848]",0.159876310315177
"Rbbp4",0.168949829050939,0.112518791865223,0.151263781843929,0.228319018180083,"retinoblastoma binding protein 4, chromatin remodeling factor [Source:MGI Symbol;Acc:MGI:1194912]",0.160106805447434
"Mocs3",0.208595474336556,0.154977754323995,0.112124375828687,0.523386897813996,"molybdenum cofactor synthesis 3 [Source:MGI Symbol;Acc:MGI:1916622]",0.160359925082622
"Tubd1",0.208204697000337,0.0985292704971567,0.112727441165605,0.447245472105434,"tubulin, delta 1 [Source:MGI Symbol;Acc:MGI:1891826]",0.160466069082971
"Tardbp",0.236370080653832,0.0504573678029363,0.0848968015238581,0.553654183921707,"TAR DNA binding protein [Source:MGI Symbol;Acc:MGI:2387629]",0.160633441088845
"Peo1",0.181080641242633,0.193860889895632,0.140354660495712,0.387090517990974,NA,0.160717650869173
"Tbccd1",0.196308131773733,0.0496917138044377,0.125163359088168,0.268143834835944,"TBCC domain containing 1 [Source:MGI Symbol;Acc:MGI:1917823]",0.16073574543095
"Psmd7",0.195530523435307,0.0370979261569371,0.126314734777706,0.228588611536234,"proteasome (prosome, macropain) 26S subunit, non-ATPase, 7 [Source:MGI Symbol;Acc:MGI:1351511]",0.160922629106507
"Eri3",0.162531406365496,0.197873422248348,0.15940155183614,0.278151439441425,"exoribonuclease 3 [Source:MGI Symbol;Acc:MGI:2153887]",0.160966479100818
"Timm17a",0.171022017239869,0.176400687164871,0.150982048738871,0.304933075818008,"translocase of inner mitochondrial membrane 17a [Source:MGI Symbol;Acc:MGI:1343131]",0.16100203298937
"Abracl",0.180502246954335,0.0985658061551972,0.141514774140613,0.264708507942624,"ABRA C-terminal like [Source:MGI Symbol;Acc:MGI:1920362]",0.161008510547474
"Iba57",0.184902004583857,0.151690739288577,0.1371801394266,0.358554423798407,"IBA57 homolog, iron-sulfur cluster assembly [Source:MGI Symbol;Acc:MGI:3041174]",0.161041072005228
"Erh",0.132109092318893,0.315015868791238,0.190088746920678,0.228319018180083,"ERH mRNA splicing and mitosis factor [Source:MGI Symbol;Acc:MGI:108089]",0.161098919619786
"Gpr137",0.226767579754233,0.201268587063003,0.0957074678172138,0.674972045021945,"G protein-coupled receptor 137 [Source:MGI Symbol;Acc:MGI:2147529]",0.161237523785723
"Mpg",0.161043668463032,0.246785359003007,0.161545339668777,0.321042009042084,"N-methylpurine-DNA glycosylase [Source:MGI Symbol;Acc:MGI:97073]",0.161294504065905
"Utp3",0.17626248569749,0.173531656646686,0.147373708355865,0.328382243063677,"UTP3 small subunit processome component [Source:MGI Symbol;Acc:MGI:1919230]",0.161818097026677
"Gatb",0.188184654669475,0.142102564708642,0.135901467726957,0.359296116596965,"glutamyl-tRNA amidotransferase subunit B [Source:MGI Symbol;Acc:MGI:2442496]",0.162043061198216
"Zdhhc16",0.186039392485933,0.0445969496299449,0.138062217061477,0.204809464491892,"zinc finger, DHHC domain containing 16 [Source:MGI Symbol;Acc:MGI:1921418]",0.162050804773705
"Mtch1",0.158398641958502,0.166883256139821,0.166031360058746,0.223647352598842,"mitochondrial carrier 1 [Source:MGI Symbol;Acc:MGI:1929261]",0.162215001008624
"Ppif",0.215618806284805,0.090884934170689,0.109312504507439,0.465002857792981,"peptidylprolyl isomerase F (cyclophilin F) [Source:MGI Symbol;Acc:MGI:2145814]",0.162465655396122
"Mettl17",0.244688351811021,0.116767385950133,0.0802751328455177,0.688632137557885,"methyltransferase like 17 [Source:MGI Symbol;Acc:MGI:1098577]",0.162481742328269
"Casp6",0.224894188565974,0.155590713125174,0.100264285162445,0.607845498959965,"caspase 6 [Source:MGI Symbol;Acc:MGI:1312921]",0.162579236864209
"Zfp213",0.177083013350272,0.176832297102087,0.148755406037993,0.328686549033503,"zinc finger protein 213 [Source:MGI Symbol;Acc:MGI:3053094]",0.162919209694132
"Pbxip1",0.215289523503441,0.201084937549121,0.11056204739186,0.594713868276892,"pre B cell leukemia transcription factor interacting protein 1 [Source:MGI Symbol;Acc:MGI:2441670]",0.16292578544765
"Bud31",0.175040493258361,0.23263608907462,0.151402979376465,0.375412910889636,"BUD31 homolog [Source:MGI Symbol;Acc:MGI:2141291]",0.163221736317413
"1110008L16Rik",0.185051725001991,0.169038080846901,0.14169976217975,0.364833220876371,NA,0.16337574359087
"Trmt1l",0.257730089580209,0.122745723440415,0.0690713855396082,0.753955732296859,"tRNA methyltransferase 1 like [Source:MGI Symbol;Acc:MGI:1916185]",0.163400737559909
"Ndrg2",0.212030810121018,0.225385337066447,0.114860538641028,0.594957382647463,"N-myc downstream regulated gene 2 [Source:MGI Symbol;Acc:MGI:1352498]",0.163445674381023
"Syngr2",0.178459940711093,0.15298930121479,0.1487619744839,0.30343919612201,"synaptogyrin 2 [Source:MGI Symbol;Acc:MGI:1328324]",0.163610957597496
"B3galnt2",0.257787777693234,0.0922959912658226,0.0697502237789661,0.729210626715176,"UDP-GalNAc:betaGlcNAc beta 1,3-galactosaminyltransferase, polypeptide 2 [Source:MGI Symbol;Acc:MGI:2145517]",0.1637690007361
"Eif4e3",0.25694046272481,0.0592048685515099,0.0706710521855843,0.682391911951175,"eukaryotic translation initiation factor 4E member 3 [Source:MGI Symbol;Acc:MGI:1914142]",0.163805757455197
"Gpr55",0.275924067257035,0.213200569243642,0.0530733397861451,0.867144991802023,"G protein-coupled receptor 55 [Source:MGI Symbol;Acc:MGI:2685064]",0.16449870352159
"Smarcb1",0.175989294522995,0.132784716318393,0.153045835494547,0.255013169547826,"SWI/SNF related, matrix associated, actin dependent regulator of chromatin, subfamily b, member 1 [Source:MGI Symbol;Acc:MGI:1328366]",0.164517565008771
"Keap1",0.201768305745453,0.0849274609695713,0.127863642548108,0.343367779131683,"kelch-like ECH-associated protein 1 [Source:MGI Symbol;Acc:MGI:1858732]",0.164815974146781
"Idnk",0.235493643353549,0.108681545830339,0.0941889088536774,0.600550608136999,"idnK gluconokinase homolog (E. coli) [Source:MGI Symbol;Acc:MGI:1922981]",0.164841276103613
"Ruvbl1",0.199427108882931,0.215462077471435,0.131161380084153,0.497178992712377,"RuvB-like AAA ATPase 1 [Source:MGI Symbol;Acc:MGI:1928760]",0.165294244483542
"Ifi30",0.10576430206852,0.5323174310032,0.225056466980562,0.237558527911579,"interferon gamma inducible protein 30 [Source:MGI Symbol;Acc:MGI:2137648]",0.165410384524541
"Psmc1",0.157086108960789,0.232539206093464,0.174196355645284,0.257079036664102,"protease (prosome, macropain) 26S subunit, ATPase 1 [Source:MGI Symbol;Acc:MGI:106054]",0.165641232303037
"Agap3",0.199196831935735,0.139110430146067,0.132519406684357,0.394920770702264,"ArfGAP with GTPase domain, ankyrin repeat and PH domain 3 [Source:MGI Symbol;Acc:MGI:2183446]",0.165858119310046
"Dhx37",0.258000158650369,0.23663971716794,0.0737982479947494,0.808111595026337,"DEAH-box helicase 37 [Source:MGI Symbol;Acc:MGI:3028576]",0.165899203322559
"Ring1",0.16887238972599,0.214396758677345,0.162941347942021,0.303655002925299,"ring finger protein 1 [Source:MGI Symbol;Acc:MGI:1101770]",0.165906868834006
"Rps25",0.14425952703969,0.292365021887323,0.188516125286315,0.241107405137824,"ribosomal protein S25 [Source:MGI Symbol;Acc:MGI:1922867]",0.166387826163003
"4933434E20Rik",0.193653503824521,0.0186326208991554,0.139249841266511,0.162729965916785,"RIKEN cDNA 4933434E20 gene [Source:MGI Symbol;Acc:MGI:1914027]",0.166451672545516
"Fry",0.265616554714952,0.215462077471435,0.0673541224941247,0.819942755558545,"FRY microtubule binding protein [Source:MGI Symbol;Acc:MGI:2443895]",0.166485338604538
"Hsf1",0.235649779094524,0.0739494820446982,0.0975507480586225,0.530394248982322,"heat shock factor 1 [Source:MGI Symbol;Acc:MGI:96238]",0.166600263576573
"Eif3g",0.146204063825043,0.245242678521383,0.18702989738214,0.214305684485761,"eukaryotic translation initiation factor 3, subunit G [Source:MGI Symbol;Acc:MGI:1858258]",0.166616980603591
"Drg1",0.159052470336082,0.137378150323147,0.174280802349626,0.187592364584338,"developmentally regulated GTP binding protein 1 [Source:MGI Symbol;Acc:MGI:1343297]",0.166666636342854
"Cstb",0.177651571465145,0.212612270780256,0.155941286055873,0.350280526486375,"cystatin B [Source:MGI Symbol;Acc:MGI:109514]",0.166796428760509
"Ddx28",0.16459822862537,0.17038840376767,0.169459957301393,0.231000115785735,"DEAD box helicase 28 [Source:MGI Symbol;Acc:MGI:1919236]",0.167029092963381
"Dnaaf2",0.182425274895432,0.168577679470198,0.151824363824488,0.322942874750829,"dynein, axonemal assembly factor 2 [Source:MGI Symbol;Acc:MGI:1923566]",0.16712481935996
"Zbtb45",0.195510561106489,0.103583737106575,0.140284950872451,0.313435475258253,"zinc finger and BTB domain containing 45 [Source:MGI Symbol;Acc:MGI:2685003]",0.16789775598947
"Fam101b",0.195470112235114,0.136749251762801,0.140731043608605,0.354048560820214,NA,0.16810057792186
"Slx1b",0.197573268127216,0.173629996102783,0.138639624622849,0.419050393638543,"SLX1 structure-specific endonuclease subunit homolog B (S. cerevisiae) [Source:MGI Symbol;Acc:MGI:1915220]",0.168106446375033
"Ttc32",0.168497854516111,0.233270064532556,0.167905827490064,0.308473226593791,"tetratricopeptide repeat domain 32 [Source:MGI Symbol;Acc:MGI:1922766]",0.168201841003087
"Hebp1",0.0206180288359655,0.933063020226451,0.315802477080227,0.190217882470592,"heme binding protein 1 [Source:MGI Symbol;Acc:MGI:1333880]",0.168210252958096
"Slc35a2",0.230289975674932,0.153252682015877,0.106232147987018,0.589060653063226,"solute carrier family 35 (UDP-galactose transporter), member A2 [Source:MGI Symbol;Acc:MGI:1345297]",0.168261061830975
"Nagk",0.195144013723384,0.160822350267317,0.141385496195184,0.379091050873607,"N-acetylglucosamine kinase [Source:MGI Symbol;Acc:MGI:1860418]",0.168264754959284
"Pycrl",0.211638693547386,0.130620088622396,0.124952857280054,0.445838976826673,NA,0.16829577541372
"Ttc5",0.181850894416405,0.161365593636063,0.155039781063862,0.30343919612201,"tetratricopeptide repeat domain 5 [Source:MGI Symbol;Acc:MGI:2683584]",0.168445337740133
"Fastkd2",0.20749073143308,0.209907947079799,0.129504161836875,0.515939485745312,"FAST kinase domains 2 [Source:MGI Symbol;Acc:MGI:1922869]",0.168497446634978
"Cenpt",0.200535116417773,0.204781400025986,0.136510412705214,0.469859090995491,"centromere protein T [Source:MGI Symbol;Acc:MGI:2443939]",0.168522764561494
"Snrpb2",0.183449639382084,0.0760938843495374,0.154010258807291,0.206542336174732,"U2 small nuclear ribonucleoprotein B [Source:MGI Symbol;Acc:MGI:104805]",0.168729949094687
"Usp21",0.221710616199723,0.111766902893408,0.115799466189383,0.485378591479438,"ubiquitin specific peptidase 21 [Source:MGI Symbol;Acc:MGI:1353665]",0.168755041194553
"Arfrp1",0.183232411620348,0.0922959912658226,0.154355510862375,0.228319018180083,"ADP-ribosylation factor related protein 1 [Source:MGI Symbol;Acc:MGI:1923938]",0.168793961241362
"Mcee",0.195433163797571,0.214868310909299,0.142382825222147,0.446019820414893,"methylmalonyl CoA epimerase [Source:MGI Symbol;Acc:MGI:1920974]",0.168907994509859
"Cd81",0.165881067358703,0.163234604620987,0.17201849092202,0.223583617789449,"CD81 antigen [Source:MGI Symbol;Acc:MGI:1096398]",0.168949779140362
"Psmb1",0.171095016245915,0.192607682416461,0.167204615375468,0.272738873495978,"proteasome (prosome, macropain) subunit, beta type 1 [Source:MGI Symbol;Acc:MGI:104884]",0.169149815810691
"Cops7b",0.209963602581084,0.0445739470240535,0.129368356603634,0.270597841882029,"COP9 signalosome subunit 7B [Source:MGI Symbol;Acc:MGI:1349388]",0.169665979592359
"2300009A05Rik",0.215277272307798,0.15049239512351,0.125620915076463,0.478994466834542,"RIKEN cDNA 2300009A05 gene [Source:MGI Symbol;Acc:MGI:1916728]",0.170449093692131
"Supv3l1",0.206923121940358,0.0804167242798496,0.134373852315912,0.318690393748333,"suppressor of var1, 3-like 1 (S. cerevisiae) [Source:MGI Symbol;Acc:MGI:2441711]",0.170648487128135
"Nhej1",0.233557789557306,0.126660046339282,0.107945072602214,0.559639749802306,"non-homologous end joining factor 1 [Source:MGI Symbol;Acc:MGI:1922820]",0.17075143107976
"Bub3",0.16969626276999,0.0932941642332437,0.172016493509301,0.170409245904736,"BUB3 mitotic checkpoint protein [Source:MGI Symbol;Acc:MGI:1343463]",0.170856378139645
"Irf3",0.214611192932687,0.0975380525618027,0.127195634652784,0.399838670248573,"interferon regulatory factor 3 [Source:MGI Symbol;Acc:MGI:1859179]",0.170903413792735
"Coq3",0.206104858931166,0.0564365334157998,0.136041624871731,0.268635117695908,"coenzyme Q3 methyltransferase [Source:MGI Symbol;Acc:MGI:101813]",0.171073241901449
"Mrpl47",0.228856045597515,0.135919111998892,0.113580308151094,0.535040790719152,"mitochondrial ribosomal protein L47 [Source:MGI Symbol;Acc:MGI:1921850]",0.171218176874304
"Gpaa1",0.16734413223905,0.238857383897751,0.175634561408365,0.290034469526212,"GPI anchor attachment protein 1 [Source:MGI Symbol;Acc:MGI:1202392]",0.171489346823708
"Zdhhc2",0.24676027519267,0.234108934415065,0.0962819048727441,0.727914458612015,"zinc finger, DHHC domain containing 2 [Source:MGI Symbol;Acc:MGI:1923452]",0.171521090032707
"Iscu",0.182790145443083,0.169038080846901,0.161315959200414,0.296185189847937,"iron-sulfur cluster assembly enzyme [Source:MGI Symbol;Acc:MGI:1913633]",0.172053052321749
"Bcs1l",0.180790774125916,0.193130577059855,0.16408033825434,0.309350826127146,"BCS1 homolog, ubiquinol-cytochrome c reductase complex chaperone [Source:MGI Symbol;Acc:MGI:1914071]",0.172435556190128
"Ncbp2",0.283122810034829,0.0415263346206187,0.0618006324652526,0.724061830003782,"nuclear cap binding protein subunit 2 [Source:MGI Symbol;Acc:MGI:1915342]",0.172461721250041
"Smim3",0.1136079290191,0.455090840634696,0.231699506476515,0.197773029324905,"small integral membrane protein 3 [Source:MGI Symbol;Acc:MGI:1917088]",0.172653717747807
"Thyn1",0.163412163792732,0.220611892723973,0.182034740281226,0.244000744481342,"thymocyte nuclear protein 1 [Source:MGI Symbol;Acc:MGI:1925112]",0.172723452036979
"Psmc5",0.164188267023378,0.230990536431852,0.181319056925314,0.258030575115669,"protease (prosome, macropain) 26S subunit, ATPase 5 [Source:MGI Symbol;Acc:MGI:105047]",0.172753661974346
"Tead2",0.254410623469546,0.236765120962136,0.0911289617023666,0.752325723800998,"TEA domain family member 2 [Source:MGI Symbol;Acc:MGI:104904]",0.172769792585956
"Pwp2",0.194356303704319,0.217755363696179,0.151326532698243,0.416620715091458,"PWP2 periodic tryptophan protein homolog (yeast) [Source:MGI Symbol;Acc:MGI:1341200]",0.172841418201281
"Gtf3a",0.170204237715524,0.219995148249004,0.175727232095671,0.27771743132378,"general transcription factor III A [Source:MGI Symbol;Acc:MGI:1913846]",0.172965734905598
"Fars2",0.165729094243683,0.163674282320562,0.180232153338847,0.206901494199413,"phenylalanine-tRNA synthetase 2, mitochondrial [Source:MGI Symbol;Acc:MGI:1917205]",0.172980623791265
"Dcps",0.174971292932598,0.244372021258393,0.171272722816164,0.330645912467191,"decapping enzyme, scavenger [Source:MGI Symbol;Acc:MGI:1916555]",0.173122007874381
"Bri3",0.248632186670525,0.200615405541853,0.0977428367768516,0.70124175472088,"brain protein I3 [Source:MGI Symbol;Acc:MGI:1933174]",0.173187511723688
"Cacfd1",0.200436291314554,0.0849274609695713,0.146897959727828,0.268635117695908,"calcium channel flower domain containing 1 [Source:MGI Symbol;Acc:MGI:1924317]",0.173667125521191
"Dpy30",0.172391787899281,0.150390533738052,0.17531438849202,0.215060189437751,"dpy-30, histone methyltransferase complex regulatory subunit [Source:MGI Symbol;Acc:MGI:1913560]",0.17385308819565
"Nop9",0.174521897943669,0.163672506268977,0.173793318035738,0.237457936856267,"NOP9 nucleolar protein [Source:MGI Symbol;Acc:MGI:1915092]",0.174157607989704
"Cep44",0.172240741820254,0.20275336058526,0.177282442242559,0.262144717439954,"centrosomal protein 44 [Source:MGI Symbol;Acc:MGI:3525111]",0.174761592031407
"Ecsit",0.155730243861647,0.219943302539055,0.193839244430095,0.2051278057827,"ECSIT signalling integrator [Source:MGI Symbol;Acc:MGI:1349469]",0.174784744145871
"Tmppe",0.202120510989647,0.0941062103739492,0.148062737086717,0.289426204101757,"transmembrane protein with metallophosphoesterase domain [Source:MGI Symbol;Acc:MGI:5317335]",0.175091624038182
"Spryd4",0.229433950787636,0.0563100052228993,0.120750577737647,0.377908323867362,"SPRY domain containing 4 [Source:MGI Symbol;Acc:MGI:1913951]",0.175092264262642
"Sltm",0.212310516905188,0.188615752566843,0.138001267804273,0.474606905259485,"SAFB-like, transcription modulator [Source:MGI Symbol;Acc:MGI:1913910]",0.175155892354731
"Sema6b",0.201986041407393,0.246332461864325,0.148463714013594,0.479107701847153,"sema domain, transmembrane domain (TM), and cytoplasmic domain, (semaphorin) 6B [Source:MGI Symbol;Acc:MGI:1202889]",0.175224877710493
"Dkc1",0.185168354543016,0.215064824692338,0.165669045646303,0.344109299697969,"dyskeratosis congenita 1, dyskerin [Source:MGI Symbol;Acc:MGI:1861727]",0.175418700094659
"Ube2m",0.193411457766736,0.235826102723222,0.157707524425398,0.413813949849601,"ubiquitin-conjugating enzyme E2M [Source:MGI Symbol;Acc:MGI:108278]",0.175559491096067
"Ilf2",0.193415091829527,0.10500463831776,0.157945358171805,0.252174484327694,"interleukin enhancer binding factor 2 [Source:MGI Symbol;Acc:MGI:1915031]",0.175680225000666
"Coq2",0.16865579665045,0.111932865889093,0.182893986289036,0.168155026440401,"coenzyme Q2 4-hydroxybenzoate polyprenyltransferase [Source:MGI Symbol;Acc:MGI:1919133]",0.175774891469743
"0610037L13Rik",0.128208407192535,0.3555902595669,0.223775113956563,0.192120861630439,NA,0.175991760574549
"Zfp523",0.24299777484014,0.189716589852365,0.109115309940803,0.637344508611259,"zinc finger protein 523 [Source:MGI Symbol;Acc:MGI:2687278]",0.176056542390471
"Tarbp2",0.182173396130389,0.119151412951464,0.170047662274117,0.215060189437751,"TARBP2, RISC loading complex RNA binding subunit [Source:MGI Symbol;Acc:MGI:103027]",0.176110529202253
"Gm561",0.214615105584679,0.225406662033599,0.1376621169869,0.519578712218577,NA,0.17613861128579
"Mthfsd",0.14918101229693,0.178592923623573,0.203148550417161,0.162729965916785,"methenyltetrahydrofolate synthetase domain containing [Source:MGI Symbol;Acc:MGI:2679252]",0.176164781357045
"Rusc1",0.185290351464082,0.129436244059634,0.167120845719472,0.239343773696918,"RUN and SH3 domain containing 1 [Source:MGI Symbol;Acc:MGI:1919546]",0.176205598591777
"R3hdm4",0.210546393750309,0.0999710996843302,0.14266204297871,0.336967802662927,"R3H domain containing 4 [Source:MGI Symbol;Acc:MGI:1924814]",0.17660421836451
"Rps4x",0.142595367819598,0.264698184440104,0.210717750289193,0.190217882470592,"ribosomal protein S4, X-linked [Source:MGI Symbol;Acc:MGI:98158]",0.176656559054396
"Tulp3",0.261679906281397,0.188856071897843,0.0916504967467812,0.729210626715176,"TUB like protein 3 [Source:MGI Symbol;Acc:MGI:1329045]",0.176665201514089
"Amica1",0.0857476354994279,0.644951120672328,0.267972229225143,0.199473350311124,NA,0.176859932362285
"Ccdc22",0.166300883747348,0.245818873544123,0.187628178272353,0.264708507942624,"coiled-coil domain containing 22 [Source:MGI Symbol;Acc:MGI:1859608]",0.17696453100985
"Ost4",0.226790072589176,0.150593548792463,0.127718703444155,0.49607033057696,"oligosaccharyltransferase complex subunit 4 (non-catalytic) [Source:MGI Symbol;Acc:MGI:1914945]",0.177254388016665
"Mxd4",0.224993777417122,0.142407725430631,0.130545116790493,0.473497176319022,"Max dimerization protein 4 [Source:MGI Symbol;Acc:MGI:104991]",0.177769447103807
"Anp32a",0.205507579185312,0.153805211907406,0.150270331884621,0.367213131178255,"acidic nuclear phosphoprotein 32 family member A [Source:MGI Symbol;Acc:MGI:108447]",0.177888955534967
"Sdccag8",0.196034288317166,0.192894978460484,0.16027179348693,0.36141122725137,"serologically defined colon cancer antigen 8 [Source:MGI Symbol;Acc:MGI:1924066]",0.178153040902048
"Nol10",0.202427860943739,0.184600731548107,0.154191791882187,0.386743628114093,"nucleolar protein 10 [Source:MGI Symbol;Acc:MGI:2684913]",0.178309826412963
"Xrcc6",0.187506493453676,0.116022531158169,0.169179791139804,0.228319018180083,"X-ray repair complementing defective repair in Chinese hamster cells 6 [Source:MGI Symbol;Acc:MGI:95606]",0.17834314229674
"Gm10451",0.279021363402972,0.122925480641962,0.0779203974585116,0.743748837427608,NA,0.178470880430742
"Eif3m",0.15441860245338,0.209907947079799,0.202703082650114,0.188448346544531,"eukaryotic translation initiation factor 3, subunit M [Source:MGI Symbol;Acc:MGI:1351744]",0.178560842551747
"Uchl3",0.185758873970888,0.245711138800131,0.171839530276253,0.361381583391541,"ubiquitin carboxyl-terminal esterase L3 (ubiquitin thiolesterase) [Source:MGI Symbol;Acc:MGI:1355274]",0.178799202123571
"Ifitm2",0.221362638839441,0.153533281200539,0.136563620229446,0.454539371018165,"interferon induced transmembrane protein 2 [Source:MGI Symbol;Acc:MGI:1933382]",0.178963129534443
"Ndufa12",0.177456295717123,0.221091503681417,0.180556359946931,0.286229604450274,"NADH:ubiquinone oxidoreductase subunit A12 [Source:MGI Symbol;Acc:MGI:1913664]",0.179006327832027
"Pole3",0.172106284059529,0.0849274609695713,0.186128460385402,0.162729965916785,"polymerase (DNA directed), epsilon 3 (p17 subunit) [Source:MGI Symbol;Acc:MGI:1933378]",0.179117372222465
"Fam50a",0.198197959483357,0.0651255206969832,0.160460811051718,0.2051278057827,"family with sequence similarity 50, member A [Source:MGI Symbol;Acc:MGI:1351626]",0.179329385267537
"Dph3",0.189134771341614,0.157639095152383,0.169766463961238,0.272738873495978,"diphthamine biosynthesis 3 [Source:MGI Symbol;Acc:MGI:1922658]",0.179450617651426
"2410016O06Rik",0.180008672131382,0.1621012707208,0.179143410699464,0.235827948988171,NA,0.179576041415423
"Aup1",0.184242421092858,0.195007548414031,0.175239809675915,0.288554896164454,"ancient ubiquitous protein 1 [Source:MGI Symbol;Acc:MGI:107789]",0.179741115384386
"Nasp",0.161144328384568,0.247763539894684,0.198460931955614,0.232425635551197,"nuclear autoantigenic sperm protein (histone-binding) [Source:MGI Symbol;Acc:MGI:1355328]",0.179802630170091
"Tra2a",0.294220941902736,0.1104502764648,0.0658821453450902,0.793280762326818,"transformer 2 alpha [Source:MGI Symbol;Acc:MGI:1933972]",0.180051543623913
"Med10",0.175265226442036,0.165347547695046,0.184922163563185,0.2170841771995,"mediator complex subunit 10 [Source:MGI Symbol;Acc:MGI:106331]",0.18009369500261
"St3gal3",0.212243189575215,0.222111272650163,0.148274394247213,0.477305370279528,"ST3 beta-galactoside alpha-2,3-sialyltransferase 3 [Source:MGI Symbol;Acc:MGI:1316659]",0.180258791911214
"Gstm5",0.242503343186409,0.156212280923527,0.118102160952504,0.571443739504483,"glutathione S-transferase, mu 5 [Source:MGI Symbol;Acc:MGI:1309466]",0.180302752069457
"Slc39a3",0.217676171987066,0.0538747353192554,0.142949508051385,0.265187953994856,"solute carrier family 39 (zinc transporter), member 3 [Source:MGI Symbol;Acc:MGI:2147269]",0.180312840019225
"Nudt2",0.193533214632869,0.163668024936587,0.167226526746468,0.300833540608985,"nudix hydrolase 2 [Source:MGI Symbol;Acc:MGI:1913651]",0.180379870689668
"Mrpl42",0.205858436974461,0.0985292704971567,0.155290101020782,0.283415637914767,"mitochondrial ribosomal protein L42 [Source:MGI Symbol;Acc:MGI:1333774]",0.180574268997621
"Wdr55",0.219199245659567,0.0834743933613348,0.142162602464178,0.325010357485703,"WD repeat domain 55 [Source:MGI Symbol;Acc:MGI:1915186]",0.180680924061872
"Itpa",0.176619399190559,0.0858716659737276,0.184932434954213,0.162729965916785,"inosine triphosphatase (nucleoside triphosphate pyrophosphatase) [Source:MGI Symbol;Acc:MGI:96622]",0.180775917072386
"Atraid",0.195490726057212,0.17361470260011,0.166063967532647,0.320510127521957,"all-trans retinoic acid induced differentiation factor [Source:MGI Symbol;Acc:MGI:1918918]",0.180777346794929
"Mrps18c",0.178415242546149,0.225406662033599,0.183414748030445,0.286198155867169,"mitochondrial ribosomal protein S18C [Source:MGI Symbol;Acc:MGI:1915985]",0.180914995288297
"Coasy",0.162195624082785,0.248274971560571,0.199703331390323,0.232444484399199,"Coenzyme A synthase [Source:MGI Symbol;Acc:MGI:1918993]",0.180949477736554
"Cracr2b",0.229271408094769,0.135124531516497,0.133279857906146,0.460087470897535,"calcium release activated channel regulator 2B [Source:MGI Symbol;Acc:MGI:2446129]",0.181275633000458
"Noa1",0.237571775298486,0.108298839231922,0.125093731695533,0.475993829099217,"nitric oxide associated 1 [Source:MGI Symbol;Acc:MGI:1914306]",0.18133275349701
"Smim14",0.175261392063238,0.227353109422245,0.187428540413828,0.268635117695908,"small integral membrane protein 14 [Source:MGI Symbol;Acc:MGI:1915802]",0.181344966238533
"Noc2l",0.184665695556965,0.237671918938437,0.178241819578336,0.329478468102598,"NOC2 like nucleolar associated transcriptional repressor [Source:MGI Symbol;Acc:MGI:1931051]",0.181453757567651
"Taf6l",0.220067126930861,0.123579725987062,0.142981139003657,0.383767832319187,"TATA-box binding protein associated factor 6 like [Source:MGI Symbol;Acc:MGI:2444957]",0.181524132967259
"Dtd1",0.172726193731066,0.240135337618117,0.190722488084436,0.266638394975406,"D-tyrosyl-tRNA deacylase 1 [Source:MGI Symbol;Acc:MGI:1913294]",0.181724340907751
"Rnf145",0.20878685307358,0.226112431914793,0.155068358193438,0.450098276347895,"ring finger protein 145 [Source:MGI Symbol;Acc:MGI:1921565]",0.181927605633509
"Usf1",0.178369865232912,0.174525657264984,0.18581572567109,0.231000115785735,"upstream transcription factor 1 [Source:MGI Symbol;Acc:MGI:99542]",0.182092795452001
"Mrpl22",0.206203294058678,0.0917010050403174,0.158244482569433,0.26246080113979,"mitochondrial ribosomal protein L22 [Source:MGI Symbol;Acc:MGI:1333794]",0.182223888314056
"March2",0.222593805456548,0.0926886266078124,0.142038136296475,0.354678106301964,NA,0.182315970876511
"Fdps",0.28037570480738,0.225628608985851,0.0848214212957454,0.789534933256432,"farnesyl diphosphate synthetase [Source:MGI Symbol;Acc:MGI:104888]",0.182598563051563
"Apex1",0.185656071597407,0.248274971560571,0.179554181543369,0.344109299697969,"apurinic/apyrimidinic endonuclease 1 [Source:MGI Symbol;Acc:MGI:88042]",0.182605126570388
"Csrp2",0.236652420338208,0.0985292704971567,0.128586859584795,0.445991778033219,"cysteine and glycine-rich protein 2 [Source:MGI Symbol;Acc:MGI:1202907]",0.182619639961501
"Naca",0.177378571145301,0.164796629107424,0.18796922756134,0.214681856160731,"nascent polypeptide-associated complex alpha polypeptide [Source:MGI Symbol;Acc:MGI:106095]",0.182673899353321
"Rpl14",0.168761017217953,0.217755363696179,0.196735124962477,0.228319018180083,"ribosomal protein L14 [Source:MGI Symbol;Acc:MGI:1914365]",0.182748071090215
"Ubald1",0.22893797278249,0.108681545830339,0.136571398224857,0.412831619569324,"UBA-like domain containing 1 [Source:MGI Symbol;Acc:MGI:1916255]",0.182754685503674
"Limk2",0.251894301313923,0.178463948738287,0.113682239464612,0.623967498110139,"LIM domain kinase 2 [Source:MGI Symbol;Acc:MGI:1197517]",0.182788270389267
"Brd9",0.229273873752771,0.135015880321052,0.136392628922415,0.447169586689508,"bromodomain containing 9 [Source:MGI Symbol;Acc:MGI:2145317]",0.182833251337593
"Dguok",0.200640644010317,0.0985292704971567,0.16584745378719,0.241107405137824,"deoxyguanosine kinase [Source:MGI Symbol;Acc:MGI:1351602]",0.183244048898754
"Oxld1",0.237801485065345,0.154192134841253,0.12871460974149,0.519187919997717,"oxidoreductase like domain containing 1 [Source:MGI Symbol;Acc:MGI:1913681]",0.183258047403418
"Cdca8",0.203976256080865,0.209670198313337,0.16262618621993,0.392891800327769,"cell division cycle associated 8 [Source:MGI Symbol;Acc:MGI:1196274]",0.183301221150397
"Inafm1",0.22063189279413,0.160822350267317,0.14603841512085,0.431101009953484,"InaF motif containing 1 [Source:MGI Symbol;Acc:MGI:1913550]",0.18333515395749
"Zc3hc1",0.174869732604959,0.235196703499768,0.192476886546627,0.264708507942624,"zinc finger, C3HC type 1 [Source:MGI Symbol;Acc:MGI:1916023]",0.183673309575793
"Rnf135",0.207581322639512,0.170494276816513,0.159901792406886,0.364833220876371,"ring finger protein 135 [Source:MGI Symbol;Acc:MGI:1919206]",0.183741557523199
"Pak1ip1",0.177776099189494,0.150390533738052,0.189940770352135,0.199473004881909,"PAK1 interacting protein 1 [Source:MGI Symbol;Acc:MGI:1915333]",0.183858434770814
"Dnajc15",0.184510634466839,0.161481550634204,0.183257794325012,0.235827948988171,"DnaJ heat shock protein family (Hsp40) member C15 [Source:MGI Symbol;Acc:MGI:1913398]",0.183884214395926
"Eif2b4",0.207672403891275,0.092487998240164,0.160764184096616,0.259731670745376,"eukaryotic translation initiation factor 2B, subunit 4 delta [Source:MGI Symbol;Acc:MGI:95300]",0.184218293993946
"Wdr25",0.165826399098938,0.257554240462719,0.203413884707545,0.239343773696918,"WD repeat domain 25 [Source:MGI Symbol;Acc:MGI:3045255]",0.184620141903241
"Phrf1",0.253186034109949,0.0959352729802986,0.116074720745513,0.525126600970216,"PHD and ring finger domains 1 [Source:MGI Symbol;Acc:MGI:2141847]",0.184630377427731
"Nudc",0.18523749194865,0.156089921026416,0.184050445011624,0.231000115785735,"nudC nuclear distribution protein [Source:MGI Symbol;Acc:MGI:106014]",0.184643968480137
"Cdc26",0.201302336925151,0.0538747353192554,0.168026132239939,0.187592364584338,"cell division cycle 26 [Source:MGI Symbol;Acc:MGI:1913690]",0.184664234582545
"Wash1",0.187428543280034,0.143697405332376,0.181911280394662,0.228588611536234,NA,0.184669911837348
"6330408A02Rik",0.239256626309868,0.166378292051298,0.130444615854351,0.530715300358733,NA,0.184850621082109
"Athl1",0.225055553980045,0.10940862317024,0.14531931831086,0.370302685354297,NA,0.185187436145453
"Rnf126",0.170492896338011,0.238588853571232,0.200303544132889,0.239343773696918,"ring finger protein 126 [Source:MGI Symbol;Acc:MGI:1917544]",0.18539822023545
"Mogs",0.205574314454638,0.12244347409125,0.16530266700133,0.279455003650287,"mannosyl-oligosaccharide glucosidase [Source:MGI Symbol;Acc:MGI:1929872]",0.185438490727984
"Zbtb12",0.262563223935719,0.197583125417772,0.108582215560372,0.679401450164754,"zinc finger and BTB domain containing 12 [Source:MGI Symbol;Acc:MGI:88133]",0.185572719748046
"Bag1",0.222529091787609,0.0950672951991452,0.148671824784207,0.336831277109885,"BCL2-associated athanogene 1 [Source:MGI Symbol;Acc:MGI:108047]",0.185600458285908
"C1qbp",0.172188011096917,0.20547011792025,0.199193666116118,0.218958715344851,"complement component 1, q subcomponent binding protein [Source:MGI Symbol;Acc:MGI:1194505]",0.185690838606517
"Lypla2",0.21271862991079,0.163005242121357,0.158860141975769,0.36775783219794,"lysophospholipase 2 [Source:MGI Symbol;Acc:MGI:1347000]",0.185789385943279
"1700021F05Rik",0.229614906011943,0.180995827625925,0.142110328298413,0.48922572687691,NA,0.185862617155178
"Elof1",0.227228158462096,0.042469730221528,0.144674438242338,0.250055143530397,"ELF1 homolog, elongation factor 1 [Source:MGI Symbol;Acc:MGI:1913376]",0.185951298352217
"Psenen",0.224638501137309,0.155259538869467,0.147289840671424,0.428344826871425,"presenilin enhancer gamma secretase subunit [Source:MGI Symbol;Acc:MGI:1913590]",0.185964170904367
"Yars",0.196557532566833,0.221091503681417,0.175438581784396,0.35170982971444,NA,0.185998057175615
"Eva1a",0.21996651987287,0.215953107340192,0.152480280844512,0.473946404419899,"eva-1 homolog A, regulator of programmed cell death [Source:MGI Symbol;Acc:MGI:2385247]",0.186223400358691
"Lcmt1",0.177433757433579,0.162654415664457,0.195110067692243,0.201621559374639,"leucine carboxyl methyltransferase 1 [Source:MGI Symbol;Acc:MGI:1353593]",0.186271912562911
"Sparc",0.236553031019594,0.233078417009765,0.136154774544368,0.575265185880392,"secreted acidic cysteine rich glycoprotein [Source:MGI Symbol;Acc:MGI:98373]",0.186353902781981
"Tmem97",0.182691053594535,0.206506007955694,0.190345471938423,0.260302380190305,"transmembrane protein 97 [Source:MGI Symbol;Acc:MGI:1916321]",0.186518262766479
"Ebp",0.225914439960396,0.178592923623573,0.147556508995734,0.459925256277204,"EBP cholestenol delta-isomerase [Source:MGI Symbol;Acc:MGI:107822]",0.186735474478065
"Aatf",0.20044992034253,0.129957822397154,0.173543568510572,0.25307039903829,"apoptosis antagonizing transcription factor [Source:MGI Symbol;Acc:MGI:1929608]",0.186996744426551
"Gtf2a2",0.187302421396809,0.132146489140695,0.187072023227071,0.205205822700914,"general transcription factor II A, 2 [Source:MGI Symbol;Acc:MGI:1933289]",0.18718722231194
"Stub1",0.194262501285083,0.232414616693972,0.180162195966455,0.344109299697969,"STIP1 homology and U-Box containing protein 1 [Source:MGI Symbol;Acc:MGI:1891731]",0.187212348625769
"Ifrd2",0.214149307352108,0.236393542269906,0.160355941170044,0.457296388772055,"interferon-related developmental regulator 2 [Source:MGI Symbol;Acc:MGI:1316708]",0.187252624261076
"Rpf2",0.220479702896118,0.225385337066447,0.154300509324242,0.478994466834542,"ribosome production factor 2 homolog [Source:MGI Symbol;Acc:MGI:1914489]",0.18739010611018
"Phb2",0.177072377224469,0.1882267873807,0.198345732332658,0.215204366681438,"prohibitin 2 [Source:MGI Symbol;Acc:MGI:102520]",0.187709054778564
"Mrpl18",0.205733325801333,0.0698154613478129,0.169947890745089,0.2051278057827,"mitochondrial ribosomal protein L18 [Source:MGI Symbol;Acc:MGI:1914931]",0.187840608273211
"Puf60",0.192032286823425,0.0415263346206187,0.1839577443456,0.162729965916785,"poly-U binding splicing factor 60 [Source:MGI Symbol;Acc:MGI:1915209]",0.187995015584512
"Psmc4",0.187462396041624,0.173531656646686,0.188799502973924,0.241107405137824,"proteasome (prosome, macropain) 26S subunit, ATPase, 4 [Source:MGI Symbol;Acc:MGI:1346093]",0.188130949507774
"Dxo",0.228116052303127,0.143750288987771,0.148173292481475,0.416896346604771,"decapping exoribonuclease [Source:MGI Symbol;Acc:MGI:1890444]",0.188144672392301
"Gpr180",0.230593055761118,0.0445969496299449,0.146168601791041,0.262882186160721,"G protein-coupled receptor 180 [Source:MGI Symbol;Acc:MGI:1930949]",0.188380828776079
"Brat1",0.17073859910968,0.182251457348356,0.206296517566183,0.19234002298932,"BRCA1-associated ATM activator 1 [Source:MGI Symbol;Acc:MGI:1891679]",0.188517558337931
"Exosc4",0.208286876552777,0.162171235083538,0.169580007522631,0.32518776809067,"exosome component 4 [Source:MGI Symbol;Acc:MGI:1923576]",0.188933442037704
"Fads1",0.213321526426218,0.189365297132073,0.164942393561058,0.383082662047198,"fatty acid desaturase 1 [Source:MGI Symbol;Acc:MGI:1923517]",0.189131959993638
"Ccdc115",0.183847303943016,0.195579041788556,0.19464799509731,0.241107405137824,"coiled-coil domain containing 115 [Source:MGI Symbol;Acc:MGI:1916918]",0.189247649520163
"Fam89b",0.238931701051017,0.156439393924489,0.140149810925491,0.486166367426787,"family with sequence similarity 89, member B [Source:MGI Symbol;Acc:MGI:106595]",0.189540755988254
"Uxt",0.151316499534353,0.364734005990551,0.228213097728992,0.239343773696918,"ubiquitously expressed prefoldin like chaperone [Source:MGI Symbol;Acc:MGI:1277988]",0.189764798631673
"Sub1",0.196899449398491,0.105492256696297,0.182707502240318,0.207628963006614,"SUB1 homolog, transcriptional regulator [Source:MGI Symbol;Acc:MGI:104811]",0.189803475819404
"Cfdp1",0.218278590281635,0.0810155074169564,0.161475764372483,0.260302380190305,"craniofacial development protein 1 [Source:MGI Symbol;Acc:MGI:1344403]",0.189877177327059
"Eef1e1",0.219392555617195,0.0932941642332437,0.16046844034648,0.287794467250637,"eukaryotic translation elongation factor 1 epsilon 1 [Source:MGI Symbol;Acc:MGI:1913393]",0.189930497981838
"Med27",0.181726035966722,0.240630164994239,0.198253545931703,0.273469992745307,"mediator complex subunit 27 [Source:MGI Symbol;Acc:MGI:1916225]",0.189989790949212
"Naa10",0.168135391399168,0.239965779955754,0.212306535752871,0.214458670127375,"N(alpha)-acetyltransferase 10, NatA catalytic subunit [Source:MGI Symbol;Acc:MGI:1915255]",0.19022096357602
"Ccdc58",0.213365311863211,0.139110430146067,0.167156291580524,0.314949153007108,NA,0.190260801721867
"AK010878",0.242898908911368,0.0592048685515099,0.138509429990971,0.350255319237066,NA,0.190704169451169
"Mrpl44",0.176468202368657,0.112518791865223,0.204944614215492,0.162729965916785,"mitochondrial ribosomal protein L44 [Source:MGI Symbol;Acc:MGI:1916413]",0.190706408292075
"Tomm40l",0.214722913636077,0.180302915081175,0.167019691155017,0.370390584289318,"translocase of outer mitochondrial membrane 40-like [Source:MGI Symbol;Acc:MGI:3589112]",0.190871302395547
"Arpp19",0.201227081098342,0.17361470260011,0.18057858511551,0.294273652997196,"cAMP-regulated phosphoprotein 19 [Source:MGI Symbol;Acc:MGI:1891691]",0.190902833106926
"Ralbp1",0.252296005981982,0.035682593099819,0.129872377420987,0.321042009042084,"ralA binding protein 1 [Source:MGI Symbol;Acc:MGI:108466]",0.191084191701484
"Exosc2",0.19562579317155,0.175950090601788,0.186682859080875,0.266165296618133,"exosome component 2 [Source:MGI Symbol;Acc:MGI:2385133]",0.191154326126212
"Dohh",0.1888225614092,0.204961862975076,0.193711340408092,0.265081244817671,"deoxyhypusine hydroxylase/monooxygenase [Source:MGI Symbol;Acc:MGI:1915964]",0.191266950908646
"Acot13",0.163784241741566,0.250081258344615,0.219214694207458,0.2051278057827,"acyl-CoA thioesterase 13 [Source:MGI Symbol;Acc:MGI:1914084]",0.191499467974512
"Tmem14a",0.233555511065059,0.155952016490756,0.149621463387763,0.441797307158954,"transmembrane protein 14A [Source:MGI Symbol;Acc:MGI:1922962]",0.191588487226411
"Maz",0.221589745967462,0.0936846688880105,0.161920477192348,0.2893266274348,"MYC-associated zinc finger protein (purine-binding transcription factor) [Source:MGI Symbol;Acc:MGI:1338823]",0.191755111579905
"Snrnp40",0.166850152307071,0.217755363696179,0.216942566415634,0.195543668168902,"small nuclear ribonucleoprotein 40 (U5) [Source:MGI Symbol;Acc:MGI:1913835]",0.191896359361353
"Hist1h2ba",0.284013388166381,0.22716538771421,0.0999935594755615,0.752211006786414,NA,0.192003473820971
"Slc35b2",0.18880127617631,0.134089722622777,0.19558607556735,0.197718212882542,"solute carrier family 35, member B2 [Source:MGI Symbol;Acc:MGI:1921086]",0.19219367587183
"Eif3j1",0.229726210430516,0.0776593386383559,0.154699553394699,0.297938763663664,"eukaryotic translation initiation factor 3, subunit J1 [Source:MGI Symbol;Acc:MGI:1925905]",0.192212881912607
"Mtap",0.247547597698683,0.0834743933613348,0.136946546805502,0.405361620050561,"methylthioadenosine phosphorylase [Source:MGI Symbol;Acc:MGI:1914152]",0.192247072252093
"Agtrap",0.232649524722175,0.0468613590814401,0.152534369320738,0.252174484327694,"angiotensin II, type I receptor-associated protein [Source:MGI Symbol;Acc:MGI:1339977]",0.192591947021456
"Taf1a",0.256332528672045,0.154604866055379,0.129566283923458,0.551673065981852,"TATA-box binding protein associated factor, RNA polymerase I, A [Source:MGI Symbol;Acc:MGI:109578]",0.192949406297751
"Akip1",0.2110175495931,0.0849274609695713,0.174998633522474,0.222427501867681,"A kinase interacting protein 1 [Source:MGI Symbol;Acc:MGI:3041226]",0.193008091557787
"Kcnmb4",0.377628740701792,0.173531656646686,0.00890005154932872,0.985327293038707,"potassium large conductance calcium-activated channel, subfamily M, beta member 4 [Source:MGI Symbol;Acc:MGI:1913272]",0.19326439612556
"S100a1",0.231486688198588,0.190615735123234,0.15509057945269,0.460755421388212,"S100 calcium binding protein A1 [Source:MGI Symbol;Acc:MGI:1338917]",0.193288633825639
"Atp5b",0.186627054676208,0.23908187475225,0.200755959288287,0.278935839925524,NA,0.193691506982247
"Srrt",0.231757540513196,0.235766983941911,0.155638770728868,0.508986086859874,"serrate RNA effector molecule homolog (Arabidopsis) [Source:MGI Symbol;Acc:MGI:1933527]",0.193698155621032
"Dnajc2",0.202051925818594,0.145353875447952,0.185537365537817,0.249684395473052,"DnaJ heat shock protein family (Hsp40) member C2 [Source:MGI Symbol;Acc:MGI:99470]",0.193794645678205
"Rnpep",0.227425948058715,0.182251457348356,0.16030037273835,0.42770755172148,"arginyl aminopeptidase (aminopeptidase B) [Source:MGI Symbol;Acc:MGI:2384902]",0.193863160398532
"Chchd4",0.22283858444785,0.0943193160409218,0.164928980317049,0.285717968363045,"coiled-coil-helix-coiled-coil-helix domain containing 4 [Source:MGI Symbol;Acc:MGI:1919420]",0.19388378238245
"Pbdc1",0.232331908776342,0.0955893947759296,0.155923584796536,0.335793892880295,"polysaccharide biosynthesis domain containing 1 [Source:MGI Symbol;Acc:MGI:1914933]",0.194127746786439
"Cox10",0.198004222474966,0.170346676896822,0.190262529045889,0.257462643334582,"heme A:farnesyltransferase cytochrome c oxidase assembly factor 10 [Source:MGI Symbol;Acc:MGI:1917633]",0.194133375760427
"Prorsd1",0.195117726975554,0.136425267665587,0.193154139818094,0.207671701037539,"prolyl-tRNA synthetase domain containing 1 [Source:MGI Symbol;Acc:MGI:1915189]",0.194135933396824
"Socs5",0.230772481043403,0.225628608985851,0.15751552715353,0.489981259923564,"suppressor of cytokine signaling 5 [Source:MGI Symbol;Acc:MGI:2385459]",0.194144004098466
"Bysl",0.226027113920759,0.12657726645568,0.162467476710133,0.344109299697969,"bystin-like [Source:MGI Symbol;Acc:MGI:1858419]",0.194247295315446
"Chchd1",0.192354160730153,0.150795375768762,0.196600126216948,0.213048111579988,"coiled-coil-helix-coiled-coil-helix domain containing 1 [Source:MGI Symbol;Acc:MGI:1913371]",0.19447714347355
"Jtb",0.211931907672209,0.0674166914323605,0.177295276362334,0.198636638967883,"jumping translocation breakpoint [Source:MGI Symbol;Acc:MGI:1346082]",0.194613592017272
"Gm16286",0.2073274190751,0.101162711818525,0.182153265899986,0.226105015348892,NA,0.194740342487543
"Med30",0.211607063985985,0.108528736381933,0.178148683784605,0.244000744481342,"mediator complex subunit 30 [Source:MGI Symbol;Acc:MGI:1917040]",0.194877873885295
"Mtdh",0.238237626125325,0.141858288384739,0.151600033754493,0.426028625850621,"metadherin [Source:MGI Symbol;Acc:MGI:1914404]",0.194918829939909
"Mrpl43",0.208059744249725,0.195925814933329,0.181794801026589,0.333002946595193,"mitochondrial ribosomal protein L43 [Source:MGI Symbol;Acc:MGI:2137229]",0.194927272638157
"Tmem242",0.191252932640217,0.0820134458901064,0.198634636173537,0.162729965916785,"transmembrane protein 242 [Source:MGI Symbol;Acc:MGI:1917794]",0.194943784406877
"Ube2s",0.211328674842366,0.231100602826119,0.178674131018103,0.386743628114093,"ubiquitin-conjugating enzyme E2S [Source:MGI Symbol;Acc:MGI:1925141]",0.195001402930234
"Psma7",0.218768872236041,0.0990663537349989,0.171640850221139,0.264708507942624,"proteasome subunit alpha 7 [Source:MGI Symbol;Acc:MGI:1347070]",0.19520486122859
"Nphp1",0.288536557653188,0.14781680448399,0.101934563181136,0.692877161206378,"nephronophthisis 1 (juvenile) homolog (human) [Source:MGI Symbol;Acc:MGI:1858233]",0.195235560417162
"Thoc3",0.188417567085791,0.131171262707411,0.202211228821312,0.188548374605002,"THO complex 3 [Source:MGI Symbol;Acc:MGI:1920916]",0.195314397953551
"Ngrn",0.237640375156334,0.0659768107140516,0.153009163056926,0.301128066890302,"neugrin, neurite outgrowth associated [Source:MGI Symbol;Acc:MGI:1933212]",0.19532476910663
"Mpc2",0.218007930791846,0.202566645481656,0.173105514633575,0.386743628114093,"mitochondrial pyruvate carrier 2 [Source:MGI Symbol;Acc:MGI:1917706]",0.19555672271271
"Ndufs2",0.189271753150478,0.222111272650163,0.202591266218562,0.264198617260566,"NADH:ubiquinone oxidoreductase core subunit S2 [Source:MGI Symbol;Acc:MGI:2385112]",0.19593150968452
"Ranbp1",0.202219672917768,0.195007548414031,0.189660460426983,0.29636398470904,"RAN binding protein 1 [Source:MGI Symbol;Acc:MGI:96269]",0.195940066672376
"Rnaseh1",0.202007191100311,0.0698154613478129,0.190184504154732,0.168155026440401,"ribonuclease H1 [Source:MGI Symbol;Acc:MGI:1335073]",0.196095847627522
"Ddx49",0.175812022079821,0.21994334649254,0.216590993358733,0.207671701037539,"DEAD box helicase 49 [Source:MGI Symbol;Acc:MGI:2136689]",0.196201507719277
"Psmb6",0.160693864633461,0.255622848410701,0.232080117275488,0.192120861630439,"proteasome (prosome, macropain) subunit, beta type 6 [Source:MGI Symbol;Acc:MGI:104880]",0.196386990954474
"Rcc1",0.213223248484287,0.0929807516430309,0.18006802656566,0.22843009676172,"regulator of chromosome condensation 1 [Source:MGI Symbol;Acc:MGI:1913989]",0.196645637524973
"Commd2",0.165366717974976,0.276502876369945,0.227925474924002,0.207671701037539,"COMM domain containing 2 [Source:MGI Symbol;Acc:MGI:1098806]",0.196646096449489
"Rpl18",0.156862811946711,0.365514009578144,0.236949657508307,0.239343773696918,"ribosomal protein L18 [Source:MGI Symbol;Acc:MGI:98003]",0.196906234727509
"Txn1",0.245753816454339,0.240486938721651,0.148373342010197,0.563010080431258,"thioredoxin 1 [Source:MGI Symbol;Acc:MGI:98874]",0.197063579232268
"Aimp1",0.173983461397504,0.19768147715967,0.220399339429802,0.191315629568215,"aminoacyl tRNA synthetase complex-interacting multifunctional protein 1 [Source:MGI Symbol;Acc:MGI:102774]",0.197191400413653
"2810006K23Rik",0.288989149508722,0.0648209591146937,0.105543745420655,0.573804069049727,NA,0.197266447464689
"Cox18",0.229547689276475,0.156415524966828,0.165128807642831,0.377343631671187,"cytochrome c oxidase assembly protein 18 [Source:MGI Symbol;Acc:MGI:2448532]",0.197338248459653
"Rsrc1",0.2403376528377,0.161653487328094,0.154876472544219,0.444704062118667,"arginine/serine-rich coiled-coil 1 [Source:MGI Symbol;Acc:MGI:1914130]",0.19760706269096
"Zfp219",0.256504889163445,0.0914314997533151,0.13878685969792,0.436246174953756,"zinc finger protein 219 [Source:MGI Symbol;Acc:MGI:1917140]",0.197645874430682
"Rhbdl3",0.28092608552486,0.200877081251287,0.114370861938576,0.690009225824821,"rhomboid like 3 [Source:MGI Symbol;Acc:MGI:2179276]",0.197648473731718
"Mob3a",0.22414918309336,0.197503632479061,0.171504639440233,0.400359754415349,"MOB kinase activator 3A [Source:MGI Symbol;Acc:MGI:3050117]",0.197826911266796
"Tsen54",0.189004181644201,0.172321576289873,0.206699015261999,0.207671701037539,"tRNA splicing endonuclease subunit 54 [Source:MGI Symbol;Acc:MGI:1923515]",0.1978515984531
"Mfsd5",0.211161052495008,0.161446025657891,0.184611291091201,0.289938560222717,"major facilitator superfamily domain containing 5 [Source:MGI Symbol;Acc:MGI:2145901]",0.197886171793104
"Snapc2",0.210021909135792,0.161628463994162,0.18648027895745,0.283764756059635,"small nuclear RNA activating complex, polypeptide 2 [Source:MGI Symbol;Acc:MGI:1914861]",0.198251094046621
"Lrrc24",0.24305780266455,0.133918041484086,0.153831545802671,0.414586468582531,"leucine rich repeat containing 24 [Source:MGI Symbol;Acc:MGI:3605040]",0.198444674233611
"Eef1g",0.174741473649771,0.164796629107424,0.222192191547182,0.168155026440401,"eukaryotic translation elongation factor 1 gamma [Source:MGI Symbol;Acc:MGI:1914410]",0.198466832598477
"Nek8",0.221442961691686,0.214670719212352,0.175634205257533,0.40058193206765,"NIMA (never in mitosis gene a)-related expressed kinase 8 [Source:MGI Symbol;Acc:MGI:1890646]",0.19853858347461
"Anapc16",0.17900744733143,0.245393205019221,0.218358669025153,0.233012564065567,"anaphase promoting complex subunit 16 [Source:MGI Symbol;Acc:MGI:1289325]",0.198683058178292
"Osgep",0.202975632225228,0.207687843548467,0.194769294698644,0.301128066890302,"O-sialoglycoprotein endopeptidase [Source:MGI Symbol;Acc:MGI:1913496]",0.198872463461936
"Ppig",0.21919413438398,0.20748468659843,0.178973305085235,0.376427134748556,"peptidyl-prolyl isomerase G (cyclophilin G) [Source:MGI Symbol;Acc:MGI:2445173]",0.199083719734608
"Exosc3",0.20472506522604,0.184542898926959,0.193454523811925,0.283366096138098,"exosome component 3 [Source:MGI Symbol;Acc:MGI:1913612]",0.199089794518983
"Immp1l",0.224226046007267,0.0445969496299449,0.174081439259061,0.195138891534963,"IMP1 inner mitochondrial membrane peptidase-like (S. cerevisiae) [Source:MGI Symbol;Acc:MGI:1913791]",0.199153742633164
"Alkbh2",0.294786237304583,0.180302915081175,0.103616218049553,0.722810311466833,"alkB homolog 2, alpha-ketoglutarate-dependent dioxygenase [Source:MGI Symbol;Acc:MGI:2141032]",0.199201227677068
"Nicn1",0.263806760845364,0.200890765048491,0.134782965555854,0.596548840076813,"nicolin 1 [Source:MGI Symbol;Acc:MGI:1913507]",0.199294863200609
"Atp5h",0.196919385220668,0.218134207221688,0.201914923598659,0.279201580597127,NA,0.199417154409664
"Pttg1",0.273535815882012,0.036205983420747,0.125313071909127,0.382547642590859,"pituitary tumor-transforming gene 1 [Source:MGI Symbol;Acc:MGI:1353578]",0.199424443895569
"Ywhag",0.266063294069187,0.0327906244937893,0.133604215376976,0.318105811534959,"tyrosine 3-monooxygenase/tryptophan 5-monooxygenase activation protein, gamma polypeptide [Source:MGI Symbol;Acc:MGI:108109]",0.199833754723082
"Mrps35",0.171668021572759,0.296945512197083,0.22808448734185,0.239343773696918,"mitochondrial ribosomal protein S35 [Source:MGI Symbol;Acc:MGI:2385255]",0.199876254457305
"Jkamp",0.233026269739685,0.0755289845945216,0.16678174248375,0.264708507942624,"JNK1/MAPK8-associated membrane protein [Source:MGI Symbol;Acc:MGI:1915057]",0.199904006111717
"Zcchc10",0.245165244333731,0.195925814933329,0.156265906187896,0.490533385071807,"zinc finger, CCHC domain containing 10 [Source:MGI Symbol;Acc:MGI:1196228]",0.200715575260813
"Impdh1",0.253562595425221,0.17065248215918,0.148008180682181,0.503555251071365,"inosine monophosphate dehydrogenase 1 [Source:MGI Symbol;Acc:MGI:96567]",0.200785388053701
"Gmppa",0.213366443640342,0.225842599514751,0.18821356041341,0.362361723420413,"GDP-mannose pyrophosphorylase A [Source:MGI Symbol;Acc:MGI:1916330]",0.200790002026876
"Znhit6",0.194651582540133,0.204154363648797,0.206989878824649,0.247721926369743,"zinc finger, HIT type 6 [Source:MGI Symbol;Acc:MGI:1916996]",0.200820730682391
"Llph",0.184263961782856,0.17676497423367,0.217509846693657,0.195636963144977,"LLP homolog, long-term synaptic facilitation (Aplysia) [Source:MGI Symbol;Acc:MGI:1913475]",0.200886904238257
"Zfp668",0.180091887501978,0.245818873544123,0.221962235336584,0.229753284985794,"zinc finger protein 668 [Source:MGI Symbol;Acc:MGI:2442943]",0.201027061419281
"Pla2g15",0.254194874271295,0.23482577331,0.14856724414051,0.57227117589502,"phospholipase A2, group XV [Source:MGI Symbol;Acc:MGI:2178076]",0.201381059205902
"Ppih",0.206896053047422,0.143802787020808,0.196247239184248,0.236356866239598,"peptidyl prolyl isomerase H [Source:MGI Symbol;Acc:MGI:106499]",0.201571646115835
"Smoc2",0.278025573846318,0.163239524230111,0.125384820295666,0.610325289740792,"SPARC related modular calcium binding 2 [Source:MGI Symbol;Acc:MGI:1929881]",0.201705197070992
"Tbc1d10a",0.188502644536071,0.245242678521383,0.215445302352452,0.257079036664102,"TBC1 domain family, member 10a [Source:MGI Symbol;Acc:MGI:2144164]",0.201973973444261
"Nlgn2",0.27981925922712,0.240652623951697,0.124178271568209,0.691183990488996,"neuroligin 2 [Source:MGI Symbol;Acc:MGI:2681835]",0.201998765397664
"Cst3",0.218144306337289,0.142238084906769,0.185966757411583,0.278935839925524,"cystatin C [Source:MGI Symbol;Acc:MGI:102519]",0.202055531874436
"Rps7",0.18796216753223,0.228335442275712,0.21618754105443,0.239343773696918,"ribosomal protein S7 [Source:MGI Symbol;Acc:MGI:1333818]",0.20207485429333
"Lrrn4cl",0.319579573983037,0.24313722352837,0.0848290382326635,0.824445307979731,"LRRN4 C-terminal like [Source:MGI Symbol;Acc:MGI:1916102]",0.20220430610785
"Trim27",0.200394831127596,0.178592923623573,0.204099850732852,0.241107405137824,"tripartite motif-containing 27 [Source:MGI Symbol;Acc:MGI:97904]",0.202247340930224
"Rpl31",0.183983716212318,0.24313722352837,0.220648932901126,0.237457936856267,"ribosomal protein L31 [Source:MGI Symbol;Acc:MGI:2149632]",0.202316324556722
"Saal1",0.201019021471938,0.161684129657031,0.203955557744885,0.229360424372913,"serum amyloid A-like 1 [Source:MGI Symbol;Acc:MGI:1926185]",0.202487289608412
"Prom1",0.34671099549217,0.0732157895466843,0.0587111402837209,0.82221178916048,"prominin 1 [Source:MGI Symbol;Acc:MGI:1100886]",0.202711067887945
"Pstk",0.203811996372133,0.139169585664429,0.202028147286069,0.213612856433393,"phosphoseryl-tRNA kinase [Source:MGI Symbol;Acc:MGI:2685945]",0.202920071829101
"Apex2",0.238363294075418,0.114670548678647,0.167986632303944,0.334036514713947,"apurinic/apyrimidinic endonuclease 2 [Source:MGI Symbol;Acc:MGI:1924872]",0.203174963189681
"Mrps34",0.228672506954914,0.132146489140695,0.17771885425878,0.308473226593791,"mitochondrial ribosomal protein S34 [Source:MGI Symbol;Acc:MGI:1930188]",0.203195680606847
"Bloc1s4",0.231038522265129,0.165498285948788,0.17538369715959,0.365925594252758,"biogenesis of lysosomal organelles complex-1, subunit 4, cappuccino [Source:MGI Symbol;Acc:MGI:1929230]",0.20321110971236
"A4galt",0.252581803787464,0.214670719212352,0.155161966839953,0.52739903759737,"alpha 1,4-galactosyltransferase [Source:MGI Symbol;Acc:MGI:3512453]",0.203871885313708
"Paox",0.231736703929767,0.105190241174421,0.176267769463932,0.286258992279428,"polyamine oxidase (exo-N4-amino) [Source:MGI Symbol;Acc:MGI:1916983]",0.204002236696849
"Cdkn3",0.201203506203574,0.226372166549015,0.207509776343593,0.284506747706734,"cyclin dependent kinase inhibitor 3 [Source:MGI Symbol;Acc:MGI:1919641]",0.204356641273583
"Bnip1",0.20807643097407,0.152306922931389,0.200813133638351,0.237077707259959,"BCL2/adenovirus E1B interacting protein 1 [Source:MGI Symbol;Acc:MGI:109328]",0.20444478230621
"March9",0.317972076895461,0.0327906244937893,0.0910683197892076,0.583039097280303,NA,0.204520198342334
"Tmco6",0.239061294913216,0.155590713125174,0.170110148883284,0.382547642590859,"transmembrane and coiled-coil domains 6 [Source:MGI Symbol;Acc:MGI:1919233]",0.20458572189825
"G6pc3",0.191360089099895,0.169692732016702,0.217942727700958,0.198580729548043,"glucose 6 phosphatase, catalytic, 3 [Source:MGI Symbol;Acc:MGI:1915651]",0.204651408400427
"Nt5m",0.198659198271114,0.193338170398784,0.210655047874805,0.239343773696918,"5',3'-nucleotidase, mitochondrial [Source:MGI Symbol;Acc:MGI:1917127]",0.204657123072959
"Pole4",0.20775956696552,0.166378292051298,0.201622778787832,0.250055143530397,"polymerase (DNA-directed), epsilon 4 (p12 subunit) [Source:MGI Symbol;Acc:MGI:1914229]",0.204691172876676
"2610001J05Rik",0.225266199276484,0.0940681903351355,0.184274480987493,0.239806279747421,NA,0.204770340131988
"Pafah1b3",0.209012471367964,0.125412019399692,0.20062237823366,0.210331739268904,"platelet-activating factor acetylhydrolase, isoform 1b, subunit 3 [Source:MGI Symbol;Acc:MGI:108414]",0.204817424800812
"Itfg2",0.099446361893641,0.577576859631894,0.310264824896007,0.162729965916785,"integrin alpha FG-GAP repeat containing 2 [Source:MGI Symbol;Acc:MGI:1915450]",0.204855593394824
"Tubb6",0.286166760168463,0.205964836500723,0.123818710077943,0.668450533842828,"tubulin, beta 6 class V [Source:MGI Symbol;Acc:MGI:1915201]",0.204992735123203
"B3galt6",0.215772143950606,0.104120472221574,0.194517182257413,0.214681856160731,"UDP-Gal:betaGal beta 1,3-galactosyltransferase, polypeptide 6 [Source:MGI Symbol;Acc:MGI:2152819]",0.20514466310401
"Reep5",0.268514462673933,0.159007425553432,0.14194069700563,0.535833497300266,"receptor accessory protein 5 [Source:MGI Symbol;Acc:MGI:1270152]",0.205227579839781
"Mrps33",0.220940393084398,0.149850149333458,0.189565297299171,0.284506747706734,"mitochondrial ribosomal protein S33 [Source:MGI Symbol;Acc:MGI:1338046]",0.205252845191784
"Nop58",0.223809318602078,0.159304996708184,0.186835327738945,0.310384684272884,"NOP58 ribonucleoprotein [Source:MGI Symbol;Acc:MGI:1933184]",0.205322323170512
"Pi4ka",0.197126365158473,0.247958330971737,0.21469241021954,0.283846534583332,"phosphatidylinositol 4-kinase alpha [Source:MGI Symbol;Acc:MGI:2448506]",0.205909387689007
"Vkorc1",0.23851892169862,0.228340943992275,0.173852062913512,0.462333567710645,"vitamin K epoxide reductase complex, subunit 1 [Source:MGI Symbol;Acc:MGI:106442]",0.206185492306066
"Kctd7",0.303441884095974,0.2264943363527,0.1089973195582,0.74582681388889,"potassium channel tetramerisation domain containing 7 [Source:MGI Symbol;Acc:MGI:2442265]",0.206219601827087
"Ppp1r11",0.223017869692772,0.147871219067547,0.189551660777642,0.286656882332199,"protein phosphatase 1, regulatory inhibitor subunit 11 [Source:MGI Symbol;Acc:MGI:1923747]",0.206284765235207
"Coq10a",0.213263158627514,0.165347547695046,0.199416737692367,0.264708507942624,"coenzyme Q10A [Source:MGI Symbol;Acc:MGI:2684847]",0.206339948159941
"Srp9",0.225895116710533,0.142238084906769,0.187009785379667,0.292951746685665,"signal recognition particle 9 [Source:MGI Symbol;Acc:MGI:1350930]",0.2064524510451
"Lamtor5",0.233765006383232,0.0445969496299449,0.179853483274933,0.197718212882542,"late endosomal/lysosomal adaptor, MAPK and MTOR activator 5 [Source:MGI Symbol;Acc:MGI:1915826]",0.206809244829083
"Rbx1",0.205113913521773,0.0678657110600002,0.208511209960629,0.162729965916785,"ring-box 1 [Source:MGI Symbol;Acc:MGI:1891829]",0.206812561741201
"Magohb",0.200695869975148,0.155300534610787,0.212949761226915,0.206901494199413,"mago homolog B, exon junction complex core component [Source:MGI Symbol;Acc:MGI:1913691]",0.206822815601031
"Ascl2",0.347044053700185,0.194521458227357,0.0675698588509609,0.860581539875829,"achaete-scute family bHLH transcription factor 2 [Source:MGI Symbol;Acc:MGI:96920]",0.207306956275573
"Nptx2",0.346100861084128,0.225385337066447,0.0687392986727775,0.867144991802023,"neuronal pentraxin 2 [Source:MGI Symbol;Acc:MGI:1858209]",0.207420079878453
"Taf3",0.220376316430569,0.160822350267317,0.195249751275692,0.283764756059635,"TATA-box binding protein associated factor 3 [Source:MGI Symbol;Acc:MGI:2388097]",0.20781303385313
"Hsd3b7",0.183327900214944,0.180995827625925,0.232529608186537,0.173466961858323,"hydroxy-delta-5-steroid dehydrogenase, 3 beta- and steroid delta-isomerase 7 [Source:MGI Symbol;Acc:MGI:2141879]",0.207928754200741
"Klhdc4",0.202624686584647,0.129436244059634,0.213475506104636,0.192162323269413,"kelch domain containing 4 [Source:MGI Symbol;Acc:MGI:2384569]",0.208050096344641
"Rpusd4",0.227264217487394,0.0568518666825454,0.189427575752065,0.192179612883721,"RNA pseudouridylate synthase domain containing 4 [Source:MGI Symbol;Acc:MGI:1919239]",0.20834589661973
"Vmac",0.24463745304929,0.07574516302967,0.17217148846029,0.272732756067333,"vimentin-type intermediate filament associated coiled-coil protein [Source:MGI Symbol;Acc:MGI:2146912]",0.20840447075479
"Ube3a",0.268163894398515,0.11389869003171,0.14870526690491,0.455482635811017,"ubiquitin protein ligase E3A [Source:MGI Symbol;Acc:MGI:105098]",0.208434580651712
"Pcca",0.213071426764845,0.143474317490944,0.20381073664027,0.232444484399199,"propionyl-Coenzyme A carboxylase, alpha polypeptide [Source:MGI Symbol;Acc:MGI:97499]",0.208441081702557
"Nolc1",0.229260815736986,0.151752331634194,0.188207049166741,0.308473226593791,"nucleolar and coiled-body phosphoprotein 1 [Source:MGI Symbol;Acc:MGI:1918019]",0.208733932451864
"Eef1b2",0.185802068783457,0.262242316457435,0.231711031166912,0.239343773696918,"eukaryotic translation elongation factor 1 beta 2 [Source:MGI Symbol;Acc:MGI:1929520]",0.208756549975185
"Prrt1",0.299957088584216,0.245673237649977,0.117735408554038,0.732617710766724,"proline-rich transmembrane protein 1 [Source:MGI Symbol;Acc:MGI:1932118]",0.208846248569127
"Ccdc61",0.285932915542221,0.110678959237465,0.132653330642034,0.537812914947769,"coiled-coil domain containing 61 [Source:MGI Symbol;Acc:MGI:2685005]",0.209293123092127
"Gfi1",0.272298003372991,0.166378292051298,0.146449574807204,0.538115468664392,"growth factor independent 1 transcription repressor [Source:MGI Symbol;Acc:MGI:103170]",0.209373789090097
"Rpl10a",0.194229910670433,0.197578297265575,0.224550480505377,0.209692637677449,"ribosomal protein L10A [Source:MGI Symbol;Acc:MGI:1343877]",0.209390195587905
"Zfp511",0.222253546631386,0.177897410211253,0.196611145291139,0.305320048038166,"zinc finger protein 511 [Source:MGI Symbol;Acc:MGI:1917002]",0.209432345961262
"Taf1c",0.263577583337396,0.0910239616642964,0.1558854998213,0.383079433280571,"TATA-box binding protein associated factor, RNA polymerase I, C [Source:MGI Symbol;Acc:MGI:109576]",0.209731541579348
"Pomp",0.231848938669623,0.153252682015877,0.187739701767561,0.316936056067264,"proteasome maturation protein [Source:MGI Symbol;Acc:MGI:1913787]",0.209794320218592
"Dynll2",0.209344293133006,0.124186930874637,0.2105311127446,0.197897721338588,"dynein light chain LC8-type 2 [Source:MGI Symbol;Acc:MGI:1915347]",0.209937702938803
"Aarsd1",0.179424931122866,0.268332018882855,0.240573656306186,0.216257621808353,"alanyl-tRNA synthetase domain containing 1 [Source:MGI Symbol;Acc:MGI:1916934]",0.209999293714526
"Mrto4",0.215977407161093,0.184742942561126,0.204028096887983,0.283415637914767,"mRNA turnover 4, ribosome maturation factor [Source:MGI Symbol;Acc:MGI:1917152]",0.210002752024538
"2010111I01Rik",0.266089606359724,0.070549120477246,0.154139257391383,0.359296116596965,NA,0.210114431875554
"Pygo2",0.258112496193783,0.00576307818499283,0.162711291206278,0.162729965916785,"pygopus 2 [Source:MGI Symbol;Acc:MGI:1916161]",0.21041189370003
"Esf1",0.2400405427363,0.133816347643716,0.180958342413542,0.324294246004731,"ESF1 nucleolar pre-rRNA processing protein homolog [Source:MGI Symbol;Acc:MGI:1913830]",0.210499442574921
"Zfp651",0.293908638991389,0.249896859642548,0.127403895500681,0.706147610899039,NA,0.210656267246035
"Hic1",0.221309602957648,0.223963403211069,0.200239478826092,0.346169656285553,"hypermethylated in cancer 1 [Source:MGI Symbol;Acc:MGI:1338010]",0.21077454089187
"Trmt12",0.265061544107296,0.0328941009885878,0.156620222227092,0.250226773070177,"tRNA methyltransferase 12 [Source:MGI Symbol;Acc:MGI:1915510]",0.210840883167194
"Tmem231",0.297429696159446,0.180522518059917,0.124374636574213,0.65948960378178,"transmembrane protein 231 [Source:MGI Symbol;Acc:MGI:2685024]",0.210902166366829
"Numbl",0.317651255572009,0.155825382825611,0.10438792837543,0.724284927768737,"numb-like [Source:MGI Symbol;Acc:MGI:894702]",0.21101959197372
"1700066B19Rik",0.260928504863098,0.170494276816513,0.161137764342714,0.479313324764543,NA,0.211033134602906
"Clec2d",0.288954648677274,0.198226176744815,0.133147967781837,0.634933423298605,"C-type lectin domain family 2, member d [Source:MGI Symbol;Acc:MGI:2135589]",0.211051308229555
"Ssrp1",0.242797889140026,0.149107173731713,0.179523580345303,0.357744246180643,"structure specific recognition protein 1 [Source:MGI Symbol;Acc:MGI:107912]",0.211160734742665
"Acot7",0.299626225131829,0.0686496962463665,0.123146985871102,0.526826370763511,"acyl-CoA thioesterase 7 [Source:MGI Symbol;Acc:MGI:1917275]",0.211386605501466
"Mrps7",0.20779039426093,0.0956018350183673,0.214996681127167,0.168155026440401,"mitchondrial ribosomal protein S7 [Source:MGI Symbol;Acc:MGI:1354367]",0.211393537694049
"Pfas",0.227396984748425,0.221695695169079,0.195535540773721,0.367290317410786,"phosphoribosylformylglycinamidine synthase (FGAR amidotransferase) [Source:MGI Symbol;Acc:MGI:2684864]",0.211466262761073
"1810009A15Rik",0.205581277838593,0.149890654121776,0.217632355644098,0.204099825346888,"RIKEN cDNA 1810009A15 gene [Source:MGI Symbol;Acc:MGI:1913526]",0.211606816741346
"Mylk",0.302084001517544,0.231100602826119,0.121147792474842,0.716966144960548,"myosin, light polypeptide kinase [Source:MGI Symbol;Acc:MGI:894806]",0.211615896996193
"Nprl2",0.253574501202039,0.0887494168047626,0.169711965506776,0.318690393748333,"NPR2 like, GATOR1 complex subunit [Source:MGI Symbol;Acc:MGI:1914482]",0.211643233354407
"Mdp1",0.239568826927137,0.122981614663077,0.183858219589153,0.30343919612201,"magnesium-dependent phosphatase 1 [Source:MGI Symbol;Acc:MGI:1915131]",0.211713523258145
"Pfkm",0.249868414441202,0.233419998602594,0.173684616317451,0.489318442518706,"phosphofructokinase, muscle [Source:MGI Symbol;Acc:MGI:97548]",0.211776515379327
"Rbmxl1",0.220981810055523,0.17910244050238,0.202574038707999,0.289426204101757,"RNA binding motif protein, X-linked like-1 [Source:MGI Symbol;Acc:MGI:1343045]",0.211777924381761
"Med28",0.251821099298625,0.0504573678029363,0.171978581052645,0.241107405137824,"mediator complex subunit 28 [Source:MGI Symbol;Acc:MGI:1914249]",0.211899840175635
"Tubg2",0.266942087783868,0.182251457348356,0.157028698272259,0.514955115059947,"tubulin, gamma 2 [Source:MGI Symbol;Acc:MGI:2144208]",0.211985393028064
"Ufsp1",0.249212239088339,0.192607682416461,0.17505826878889,0.440255962898948,"UFM1-specific peptidase 1 [Source:MGI Symbol;Acc:MGI:1917490]",0.212135253938614
"2410015M20Rik",0.198245114114055,0.163674282320562,0.226859912181245,0.196289256555146,NA,0.21255251314765
"Kctd14",0.300363923585477,0.17152786362614,0.124840636154816,0.652858930589418,"potassium channel tetramerisation domain containing 14 [Source:MGI Symbol;Acc:MGI:1289222]",0.212602279870146
"Haus1",0.232732632216133,0.142102564708642,0.192580522282078,0.292951746685665,"HAUS augmin-like complex, subunit 1 [Source:MGI Symbol;Acc:MGI:2385076]",0.212656577249105
"Naa15",0.299135782175228,0.197873422248348,0.126193660559689,0.671127555422993,"N(alpha)-acetyltransferase 15, NatA auxiliary subunit [Source:MGI Symbol;Acc:MGI:1922088]",0.212664721367459
"Zfp414",0.239533894258053,0.239966159069151,0.186477549712086,0.442792430934001,"zinc finger protein 414 [Source:MGI Symbol;Acc:MGI:1915641]",0.21300572198507
"Commd4",0.239583508368732,0.135380733857217,0.187661553006719,0.308715621142739,"COMM domain containing 4 [Source:MGI Symbol;Acc:MGI:1913449]",0.213622530687725
"Rad54l",0.27273911626381,0.249818588261175,0.154807816669917,0.59946422355902,"RAD54 like (S. cerevisiae) [Source:MGI Symbol;Acc:MGI:894697]",0.213773466466863
"Bscl2",0.211526987961894,0.115948816029865,0.216545192356695,0.191799011628375,"BSCL2 lipid droplet biogenesis associated, seipin [Source:MGI Symbol;Acc:MGI:1298392]",0.214036090159295
"Psmd4",0.218761508004489,0.130620088622396,0.209686289392121,0.218329728756878,"proteasome (prosome, macropain) 26S subunit, non-ATPase, 4 [Source:MGI Symbol;Acc:MGI:1201670]",0.214223898698305
"Rsrp1",0.308452026798878,0.196117319584293,0.120286778606331,0.70035813530536,"arginine/serine rich protein 1 [Source:MGI Symbol;Acc:MGI:106498]",0.214369402702605
"Ddt",0.220405246362037,0.176400687164871,0.208495651426272,0.269755042967078,"D-dopachrome tautomerase [Source:MGI Symbol;Acc:MGI:1298381]",0.214450448894154
"Prdx6",0.224032471932325,0.175626034620597,0.205223631179021,0.285717968363045,"peroxiredoxin 6 [Source:MGI Symbol;Acc:MGI:894320]",0.214628051555673
"Rpl39",0.187257453047785,0.270531184136154,0.243191400488641,0.230964946156523,"ribosomal protein L39 [Source:MGI Symbol;Acc:MGI:1914498]",0.215224426768213
"Snx21",0.340218173921569,0.108681545830339,0.0908607574670135,0.746067682620316,"sorting nexin family member 21 [Source:MGI Symbol;Acc:MGI:1917729]",0.215539465694291
"Swi5",0.241480656181932,0.0415263346206187,0.189740815246688,0.178865327324324,"SWI5 recombination repair homolog (yeast) [Source:MGI Symbol;Acc:MGI:1920181]",0.21561073571431
"Ruvbl2",0.212160814278354,0.135457991963446,0.219371514485752,0.198636638967883,"RuvB-like AAA ATPase 2 [Source:MGI Symbol;Acc:MGI:1342299]",0.215766164382053
"Ndufs8",0.199873754093446,0.173531656646686,0.231801934835139,0.197718212882542,"NADH:ubiquinone oxidoreductase core subunit S8 [Source:MGI Symbol;Acc:MGI:2385079]",0.215837844464292
"Tsen15",0.236054867981448,0.200017699099217,0.195966585158887,0.362948445798034,"tRNA splicing endonuclease subunit 15 [Source:MGI Symbol;Acc:MGI:1913887]",0.216010726570168
"Mrps18a",0.187221803908629,0.195007548414031,0.245065678800074,0.173014444485906,"mitochondrial ribosomal protein S18A [Source:MGI Symbol;Acc:MGI:1915815]",0.216143741354351
"Ddx56",0.208668312378821,0.0922959912658226,0.224064618587777,0.162729965916785,"DEAD box helicase 56 [Source:MGI Symbol;Acc:MGI:1277172]",0.216366465483299
"Tsr3",0.25304208907252,0.169238765796178,0.179992729917485,0.402677089371256,"TSR3 20S rRNA accumulation [Source:MGI Symbol;Acc:MGI:1915577]",0.216517409495003
"Sobp",0.312641499166233,0.243695971365594,0.120431538104274,0.737043897820013,"sine oculis binding protein [Source:MGI Symbol;Acc:MGI:1924427]",0.216536518635253
"Rbpms2",0.389431079659431,0.18700716983213,0.0440947059061574,0.922154777567835,"RNA binding protein with multiple splicing 2 [Source:MGI Symbol;Acc:MGI:1919223]",0.216762892782794
"1110008F13Rik",0.23076907727843,0.124710948813327,0.202966952015449,0.242908617964919,NA,0.216868014646939
"Rps27l",0.210922878190475,0.178592923623573,0.223049198287578,0.229978839117901,"ribosomal protein S27-like [Source:MGI Symbol;Acc:MGI:1915191]",0.216986038239027
"Tipin",0.233117214040123,0.184742942561126,0.201535150338807,0.32469242589305,"timeless interacting protein [Source:MGI Symbol;Acc:MGI:1921571]",0.217326182189465
"C1rl",0.216765936760266,0.205948333360526,0.21820272454748,0.272738873495978,"complement component 1, r subcomponent-like [Source:MGI Symbol;Acc:MGI:2660692]",0.217484330653873
"Gpx8",0.280861147769025,0.209907947079799,0.15433342004868,0.573961551995029,"glutathione peroxidase 8 (putative) [Source:MGI Symbol;Acc:MGI:1916840]",0.217597283908852
"Mcm10",0.240049156519799,0.120303299240416,0.19536142236136,0.269796814944375,"minichromosome maintenance 10 replication initiation factor [Source:MGI Symbol;Acc:MGI:1917274]",0.217705289440579
"Ddx55",0.253597590902643,0.177897410211253,0.181843564926026,0.411806201637451,"DEAD box helicase 55 [Source:MGI Symbol;Acc:MGI:1915098]",0.217720577914334
"Ppp4c",0.223306856694232,0.139110430146067,0.212325236908559,0.230964946156523,"protein phosphatase 4, catalytic subunit [Source:MGI Symbol;Acc:MGI:1891763]",0.217816046801395
"Pfdn5",0.219009490014649,0.186471397837911,0.216866456102298,0.26246080113979,"prefoldin 5 [Source:MGI Symbol;Acc:MGI:1928753]",0.217937973058474
"H2afz",0.209925425371685,0.122925480641962,0.22596208549015,0.177530581736608,NA,0.217943755430917
"Mettl23",0.222597722484381,0.197578297265575,0.21332586306566,0.288554896164454,"methyltransferase like 23 [Source:MGI Symbol;Acc:MGI:1921569]",0.217961792775021
"Srp14",0.236531420546534,0.0709874313965294,0.199433587260191,0.198652616740918,"signal recognition particle 14 [Source:MGI Symbol;Acc:MGI:107169]",0.217982503903362
"Blvrb",0.162488954918395,0.416983731269001,0.273506686288703,0.2359779411379,"biliverdin reductase B [Source:MGI Symbol;Acc:MGI:2385271]",0.217997820603549
"Reep1",0.282436612854088,0.228335442275712,0.153818499937216,0.595569333490607,"receptor accessory protein 1 [Source:MGI Symbol;Acc:MGI:1098827]",0.218127556395652
"Tomm7",0.25329570765698,0.0955893947759296,0.183258708210505,0.299771480548259,"translocase of outer mitochondrial membrane 7 [Source:MGI Symbol;Acc:MGI:1913419]",0.218277207933743
"Polr2c",0.216504747046239,0.0641287338345692,0.220161580297147,0.162729965916785,"polymerase (RNA) II (DNA directed) polypeptide C [Source:MGI Symbol;Acc:MGI:109299]",0.218333163671693
"Tmem219",0.109766314327144,0.579601713289364,0.326902073150739,0.168155026440401,"transmembrane protein 219 [Source:MGI Symbol;Acc:MGI:1915992]",0.218334193738942
"St6galnac6",0.292996614100141,0.216375562442426,0.143855624092555,0.625817556091313,"ST6 (alpha-N-acetyl-neuraminyl-2,3-beta-galactosyl-1,3)-N-acetylgalactosaminide alpha-2,6-sialyltransferase 6 [Source:MGI Symbol;Acc:MGI:1355316]",0.218426119096348
"Psmg2",0.238834003171495,0.104120472221574,0.198165873106985,0.246256677032817,"proteasome (prosome, macropain) assembly chaperone 2 [Source:MGI Symbol;Acc:MGI:1922901]",0.21849993813924
"Ppp1r1b",0.217136518858148,0.224971447832145,0.21996649210102,0.292502586776553,"protein phosphatase 1, regulatory inhibitor subunit 1B [Source:MGI Symbol;Acc:MGI:94860]",0.218551505479584
"Hpf1",0.218818229202555,0.204775172785894,0.218342969427312,0.27771743132378,"histone PARylation factor 1 [Source:MGI Symbol;Acc:MGI:1919862]",0.218580599314934
"Mfsd10",0.231972948136394,0.23482577331,0.205313349858844,0.36775783219794,"major facilitator superfamily domain containing 10 [Source:MGI Symbol;Acc:MGI:1915544]",0.218643148997619
"Myg1",0.222972044084044,0.154538534105862,0.214554038423433,0.239343773696918,"melanocyte proliferating gene 1 [Source:MGI Symbol;Acc:MGI:1929864]",0.218763041253739
"Wbp5",0.265504180988586,0.0981028400547876,0.17204740230788,0.356698429092252,NA,0.218775791648233
"Hn1",0.23373965243168,0.13317658844177,0.204030796077393,0.253378982347915,NA,0.218885224254536
"Jagn1",0.229174703109211,0.0914314997533151,0.209344302631629,0.198636638967883,"jagunal homolog 1 [Source:MGI Symbol;Acc:MGI:1915017]",0.21925950287042
"Agpat4",0.290864669813548,0.139369508621557,0.147667605814061,0.530394248982322,"1-acylglycerol-3-phosphate O-acyltransferase 4 [Source:MGI Symbol;Acc:MGI:1915512]",0.219266137813804
"Pcbd1",0.262832956277702,0.120440486618652,0.175787987248506,0.366869357089261,"pterin 4 alpha carbinolamine dehydratase/dimerization cofactor of hepatocyte nuclear factor 1 alpha (TCF1) 1 [Source:MGI Symbol;Acc:MGI:94873]",0.219310471763104
"Hdac3",0.188972128608046,0.204251294335908,0.249970094767864,0.178865327324324,"histone deacetylase 3 [Source:MGI Symbol;Acc:MGI:1343091]",0.219471111687955
"Hdgf",0.235958746826406,0.0711104285347755,0.203394314623524,0.197718212882542,"heparin binding growth factor [Source:MGI Symbol;Acc:MGI:1194494]",0.219676530724965
"Drap1",0.225554233456898,0.124941507690441,0.213860897041489,0.216257621808353,"DR1 associated protein 1 [Source:MGI Symbol;Acc:MGI:1913806]",0.219707565249193
"Tmem81",0.242677608815596,0.209521704391854,0.196955843020732,0.382547642590859,"transmembrane protein 81 [Source:MGI Symbol;Acc:MGI:1921876]",0.219816725918164
"Lsm3",0.220082796088441,0.161038263762612,0.219605655904319,0.233792267527925,"LSM3 homolog, U6 small nuclear RNA and mRNA degradation associated [Source:MGI Symbol;Acc:MGI:1914928]",0.21984422599638
"Ezh2",0.211377259776412,0.221061679238315,0.22862334138581,0.257079036664102,"enhancer of zeste 2 polycomb repressive complex 2 subunit [Source:MGI Symbol;Acc:MGI:107940]",0.220000300581111
"Rps11",0.21234671982788,0.1621012707208,0.227785672676002,0.207671701037539,"ribosomal protein S11 [Source:MGI Symbol;Acc:MGI:1351329]",0.220066196251941
"Mkks",0.263685315118433,0.0940865060433256,0.176537093111358,0.334036514713947,"McKusick-Kaufman syndrome [Source:MGI Symbol;Acc:MGI:1891836]",0.220111204114896
"Npdc1",0.28476603620426,0.0659768107140516,0.155843200665227,0.375910823638064,"neural proliferation, differentiation and control 1 [Source:MGI Symbol;Acc:MGI:1099802]",0.220304618434743
"Hoxc8",0.276333330425349,0.245673237649977,0.164559197433906,0.573844061999182,"homeobox C8 [Source:MGI Symbol;Acc:MGI:96198]",0.220446263929628
"Isoc2a",0.178147935037579,0.365442120591024,0.263080943767995,0.247721926369743,"isochorismatase domain containing 2a [Source:MGI Symbol;Acc:MGI:3609243]",0.220614439402787
"Snrpa",0.246989260574984,0.0850595528724954,0.194321101337194,0.239806279747421,"small nuclear ribonucleoprotein polypeptide A [Source:MGI Symbol;Acc:MGI:1855690]",0.220655180956089
"Ptges3l",0.310476651303507,0.182725525017767,0.131142529010985,0.65855917943081,"prostaglandin E synthase 3 like [Source:MGI Symbol;Acc:MGI:1916146]",0.220809590157246
"Usp4",0.237043470104154,0.12244347409125,0.204817161889036,0.247668502349829,"ubiquitin specific peptidase 4 (proto-oncogene) [Source:MGI Symbol;Acc:MGI:98905]",0.220930315996595
"Abhd11",0.241051222567742,0.0887494168047626,0.200833211344837,0.226105015348892,"abhydrolase domain containing 11 [Source:MGI Symbol;Acc:MGI:1916008]",0.22094221695629
"Noxo1",0.313641367790486,0.078118230710345,0.128446190145746,0.543245249988735,"NADPH oxidase organizer 1 [Source:MGI Symbol;Acc:MGI:1919143]",0.221043778968116
"Aaas",0.265377875215233,0.155300534610787,0.176974740069996,0.419359414823999,"achalasia, adrenocortical insufficiency, alacrimia [Source:MGI Symbol;Acc:MGI:2443767]",0.221176307642614
"Gm20379",0.198672777350021,0.210678999747418,0.243772146072705,0.2051278057827,"predicted gene, 20379 [Source:MGI Symbol;Acc:MGI:5012564]",0.221222461711363
"Arl3",0.27895275778573,0.137378150323147,0.163555307812738,0.458911922354632,"ADP-ribosylation factor-like 3 [Source:MGI Symbol;Acc:MGI:1929699]",0.221254032799234
"Fam162a",0.273026238710257,0.0937076084348777,0.169601022413753,0.36775783219794,"family with sequence similarity 162, member A [Source:MGI Symbol;Acc:MGI:1917436]",0.221313630562005
"Commd5",0.253261952451961,0.149357177155651,0.189643009939787,0.353236050381744,"COMM domain containing 5 [Source:MGI Symbol;Acc:MGI:1913648]",0.221452481195874
"Ndufs6",0.235092601690414,0.214670719212352,0.207815177872805,0.347589398852111,"NADH:ubiquinone oxidoreductase core subunit S6 [Source:MGI Symbol;Acc:MGI:107932]",0.22145388978161
"Ccdc137",0.312818756263484,0.198594886703573,0.130879181436528,0.675717028035279,"coiled-coil domain containing 137 [Source:MGI Symbol;Acc:MGI:1914541]",0.221848968850006
"Mcat",0.198709021254478,0.16331048675031,0.245029674426806,0.168155026440401,"malonyl CoA:ACP acyltransferase (mitochondrial) [Source:MGI Symbol;Acc:MGI:2388651]",0.221869347840642
"Adprhl2",0.22871992473399,0.14015201373205,0.215201657118751,0.235827948988171,NA,0.22196079092637
"Znrf1",0.281653463610413,0.200017699099217,0.163012400005056,0.540740343571351,"zinc and ring finger 1 [Source:MGI Symbol;Acc:MGI:2177308]",0.222332931807735
"Serpine2",0.279712369336658,0.214396758677345,0.165032655156799,0.547641754748161,"serine (or cysteine) peptidase inhibitor, clade E, member 2 [Source:MGI Symbol;Acc:MGI:101780]",0.222372512246728
"Ajuba",0.295502133625743,0.059403527477014,0.149264587089574,0.411806201637451,"ajuba LIM protein [Source:MGI Symbol;Acc:MGI:1341886]",0.222383360357658
"Rps3a1",0.213277220658012,0.192894978460484,0.231721275990013,0.231000115785735,"ribosomal protein S3A1 [Source:MGI Symbol;Acc:MGI:1202063]",0.222499248324012
"Fes",0.274120356745684,0.24313722352837,0.171062063000691,0.551673065981852,"feline sarcoma oncogene [Source:MGI Symbol;Acc:MGI:95514]",0.222591209873188
"Eef1akmt1",0.284174850970556,0.0415263346206187,0.161171240604227,0.298033138689378,"EEF1A alpha lysine methyltransferase 1 [Source:MGI Symbol;Acc:MGI:1915293]",0.222673045787391
"Ethe1",0.323237169415589,0.143750288987771,0.122811142618342,0.659323071458104,"ethylmalonic encephalopathy 1 [Source:MGI Symbol;Acc:MGI:1913321]",0.223024156016966
"Dalrd3",0.24923694282347,0.11463835085304,0.196851021040783,0.279181127198119,"DALR anticodon binding domain containing 3 [Source:MGI Symbol;Acc:MGI:1915039]",0.223043981932126
"Tmem106c",0.246086833195986,0.0503514229581926,0.200176986502638,0.190217882470592,"transmembrane protein 106C [Source:MGI Symbol;Acc:MGI:1196384]",0.223131909849312
"Pelp1",0.257339561888798,0.0950672951991452,0.18908865786331,0.289426204101757,"proline, glutamic acid and leucine rich protein 1 [Source:MGI Symbol;Acc:MGI:1922523]",0.223214109876054
"Actr5",0.214048712264855,0.213200569243642,0.232426177843205,0.247721926369743,"ARP5 actin-related protein 5 [Source:MGI Symbol;Acc:MGI:1924748]",0.22323744505403
"Hras",0.299148732528829,0.0999710996843302,0.147385476557848,0.497178992712377,"Harvey rat sarcoma virus oncogene [Source:MGI Symbol;Acc:MGI:96224]",0.223267104543339
"Ubac1",0.234410037879886,0.0415263346206187,0.212404852231784,0.162729965916785,"ubiquitin associated domain containing 1 [Source:MGI Symbol;Acc:MGI:1920995]",0.223407445055835
"Scamp4",0.219881249609229,0.121588062125949,0.227106752132253,0.192162323269413,"secretory carrier membrane protein 4 [Source:MGI Symbol;Acc:MGI:1928947]",0.223494000870741
"Rpl17",0.22055219253793,0.246003874465842,0.226541214392613,0.309350826127146,"ribosomal protein L17 [Source:MGI Symbol;Acc:MGI:2448270]",0.223546703465272
"Ptpa",0.228032508074075,0.0474721763545543,0.219211676856631,0.162729965916785,"protein phosphatase 2 protein activator [Source:MGI Symbol;Acc:MGI:1346006]",0.223622092465353
"Srsf7",0.272056824283294,0.0503514229581926,0.175255064940891,0.265663512036182,"serine and arginine-rich splicing factor 7 [Source:MGI Symbol;Acc:MGI:1926232]",0.223655944612092
"Wdr18",0.226444811452735,0.0887494168047626,0.220993990581082,0.174954255023785,"WD repeat domain 18 [Source:MGI Symbol;Acc:MGI:2158400]",0.223719401016909
"Tbkbp1",0.32671878014213,0.231796314107688,0.120818531228978,0.740314631369702,"TBK1 binding protein 1 [Source:MGI Symbol;Acc:MGI:1920424]",0.223768655685554
"Timm22",0.227468547224676,0.138820610362472,0.221584761357331,0.221954885223743,"translocase of inner mitochondrial membrane 22 [Source:MGI Symbol;Acc:MGI:1929742]",0.224526654291003
"Tmem9",0.248490048503161,0.139169585664429,0.200836161773851,0.301644607481368,"transmembrane protein 9 [Source:MGI Symbol;Acc:MGI:1913491]",0.224663105138506
"Gpr162",0.380069285205334,0.229481357310982,0.0693994042985116,0.880703531288837,"G protein-coupled receptor 162 [Source:MGI Symbol;Acc:MGI:1315214]",0.224734344751923
"Pcbd2",0.233960791987399,0.169692732016702,0.215980346711046,0.274038824157328,"pterin 4 alpha carbinolamine dehydratase/dimerization cofactor of hepatocyte nuclear factor 1 alpha (TCF1) 2 [Source:MGI Symbol;Acc:MGI:1919812]",0.224970569349222
"Taf15",0.250600005374355,0.0934980613143465,0.199561126207966,0.250055143530397,"TATA-box binding protein associated factor 15 [Source:MGI Symbol;Acc:MGI:1917689]",0.225080565791161
"Timm8b",0.254469919059788,0.142238084906769,0.195928730034224,0.328868108857301,"translocase of inner mitochondrial membrane 8B [Source:MGI Symbol;Acc:MGI:1353424]",0.225199324547006
"Mydgf",0.241264079892359,0.142238084906769,0.209351100197953,0.269087899299374,"myeloid derived growth factor [Source:MGI Symbol;Acc:MGI:2156020]",0.225307590045156
"Bcl3",0.293067841686947,0.240525830193112,0.157808877539665,0.611854097772407,"B cell leukemia/lymphoma 3 [Source:MGI Symbol;Acc:MGI:88140]",0.225438359613306
"Mrps11",0.216784065088167,0.0773319892498479,0.234303645694564,0.162729965916785,"mitochondrial ribosomal protein S11 [Source:MGI Symbol;Acc:MGI:1915244]",0.225543855391366
"Rab29",0.272212866418652,0.046560688865617,0.179160003926908,0.250226773070177,"RAB29, member RAS oncogene family [Source:MGI Symbol;Acc:MGI:2385107]",0.22568643517278
"Tmem258",0.221345728563474,0.166378292051298,0.230058222122919,0.227046048965527,"transmembrane protein 258 [Source:MGI Symbol;Acc:MGI:1916288]",0.225701975343196
"Qtrt1",0.222804773470581,0.221783907800939,0.228622480352179,0.283415637914767,"queuine tRNA-ribosyltransferase catalytic subunit 1 [Source:MGI Symbol;Acc:MGI:1931441]",0.22571362691138
"Dhx16",0.253585007504914,0.142407725430631,0.197909601394004,0.321278925891836,"DEAH-box helicase 16 [Source:MGI Symbol;Acc:MGI:1916442]",0.225747304449459
"2510002D24Rik",0.269596364514729,0.13764007275849,0.1821276764153,0.383767832319187,"RIKEN cDNA 2510002D24 gene [Source:MGI Symbol;Acc:MGI:1919557]",0.225862020465015
"5730409E04Rik",0.292891011523882,0.180609974823174,0.159740030080496,0.549587266185817,"RIKEN cDNA 5730409E04Rik gene [Source:MGI Symbol;Acc:MGI:3609248]",0.226315520802189
"Lzts2",0.290098244871736,0.0914314997533151,0.163019221023546,0.416319683913691,"leucine zipper, putative tumor suppressor 2 [Source:MGI Symbol;Acc:MGI:2385095]",0.226558732947641
"A430005L14Rik",0.256333325264281,0.0922959912658226,0.197050861631528,0.26246080113979,"RIKEN cDNA A430005L14 gene [Source:MGI Symbol;Acc:MGI:2140680]",0.226692093447904
"3110040N11Rik",0.229347083652999,0.17038840376767,0.224194891256806,0.250226773070177,"RIKEN cDNA 3110040N11 gene [Source:MGI Symbol;Acc:MGI:1914540]",0.226770987454902
"Rbm8a",0.227031275539767,0.24020092392697,0.226516294520692,0.316936056067264,"RNA binding motif protein 8a [Source:MGI Symbol;Acc:MGI:1913129]",0.226773785030229
"Kif12",0.399197183433694,0.201077301990191,0.0543669590122585,0.907078655781609,"kinesin family member 12 [Source:MGI Symbol;Acc:MGI:1098232]",0.226782071222976
"Cuedc2",0.217306995010676,0.249905148205641,0.236945489917329,0.285585330972001,"CUE domain containing 2 [Source:MGI Symbol;Acc:MGI:1914366]",0.227126242464002
"Ptms",0.311295058774743,0.0787146034768059,0.143187720132996,0.490516628259331,"parathymosin [Source:MGI Symbol;Acc:MGI:1916452]",0.22724138945387
"Metap2",0.290026132304901,0.0914127957375484,0.164545595565211,0.407118415481665,"methionine aminopeptidase 2 [Source:MGI Symbol;Acc:MGI:1929701]",0.227285863935056
"Mrpl37",0.244825132786387,0.0538747353192554,0.21025139071592,0.173014444485906,"mitochondrial ribosomal protein L37 [Source:MGI Symbol;Acc:MGI:1926268]",0.227538261751153
"Trmu",0.233250419268795,0.217881897231223,0.221899674715399,0.314590366650023,"tRNA 5-methylaminomethyl-2-thiouridylate methyltransferase [Source:MGI Symbol;Acc:MGI:1919276]",0.227575046992097
"Sigirr",0.182984909669568,0.314101064817526,0.272285572901567,0.207671701037539,"single immunoglobulin and toll-interleukin 1 receptor (TIR) domain [Source:MGI Symbol;Acc:MGI:1344402]",0.227635241285568
"Twistnb",0.233638058957761,0.150795375768762,0.221635725186026,0.241107405137824,NA,0.227636892071893
"Ppan",0.245852086360335,0.237532931975109,0.209423219254232,0.391574238471779,"peter pan homolog [Source:MGI Symbol;Acc:MGI:2178445]",0.227637652807283
"Dph2",0.223650192818396,0.192607682416461,0.231737144878216,0.247721926369743,"DPH2 homolog [Source:MGI Symbol;Acc:MGI:1914978]",0.227693668848306
"Rpusd3",0.169431840169154,0.352639875430001,0.28608939546686,0.197718212882542,"RNA pseudouridylate synthase domain containing 3 [Source:MGI Symbol;Acc:MGI:2141440]",0.227760617818007
"Ndufc2",0.214668995724331,0.137378150323147,0.241224776870523,0.174954255023785,"NADH:ubiquinone oxidoreductase subunit C2 [Source:MGI Symbol;Acc:MGI:1344370]",0.227946886297427
"Akr1b10",0.2851285652946,0.249021043181713,0.171356969085524,0.573844061999182,"aldo-keto reductase family 1, member B10 [Source:MGI Symbol;Acc:MGI:1915111]",0.228242767190062
"Fam132b",0.239301499373137,0.239406068443325,0.217286559327067,0.362630445852532,NA,0.228294029350102
"Anapc4",0.257989387865434,0.128465232534905,0.198601975359985,0.309324553106044,"anaphase promoting complex subunit 4 [Source:MGI Symbol;Acc:MGI:1098673]",0.22829568161271
"Bfar",0.304090054703155,0.0637876738560168,0.152705108733519,0.420866688242434,"bifunctional apoptosis regulator [Source:MGI Symbol;Acc:MGI:1914368]",0.228397581718337
"Oaz2",0.266914862670844,0.0956018350183673,0.190496913054539,0.305320048038166,"ornithine decarboxylase antizyme 2 [Source:MGI Symbol;Acc:MGI:109492]",0.228705887862692
"Wrap73",0.221593365296803,0.194968953862264,0.235898264050903,0.239343773696918,"WD repeat containing, antisense to Trp73 [Source:MGI Symbol;Acc:MGI:1891749]",0.228745814673853
"Gmnn",0.218193622950554,0.153805211907406,0.239311780347153,0.197718212882542,"geminin [Source:MGI Symbol;Acc:MGI:1927344]",0.228752701648854
"Sdr39u1",0.23719325244859,0.0538747353192554,0.220399236043327,0.162729965916785,"short chain dehydrogenase/reductase family 39U, member 1 [Source:MGI Symbol;Acc:MGI:1916876]",0.228796244245959
"Pdcd2",0.279810058061859,0.103583737106575,0.178154587505725,0.370136505444058,"programmed cell death 2 [Source:MGI Symbol;Acc:MGI:104643]",0.228982322783792
"Chtf18",0.260900836634452,0.218542882269809,0.197725202426029,0.432111487639245,"CTF18, chromosome transmission fidelity factor 18 [Source:MGI Symbol;Acc:MGI:2384887]",0.229313019530241
"Ngdn",0.242232539264849,0.0932941642332437,0.216463819211244,0.207628963006614,"neuroguidin, EIF4E binding protein [Source:MGI Symbol;Acc:MGI:1916216]",0.229348179238047
"Cdk4",0.225878952158412,0.162654415664457,0.232929990883406,0.226105015348892,"cyclin dependent kinase 4 [Source:MGI Symbol;Acc:MGI:88357]",0.229404471520909
"Fahd2a",0.132208925360639,0.546332471874938,0.326721803134819,0.198636638967883,"fumarylacetoacetate hydrolase domain containing 2A [Source:MGI Symbol;Acc:MGI:1915376]",0.229465364247729
"Tmed3",0.246007197937251,0.102901880308683,0.213213379221612,0.230305816563417,"transmembrane p24 trafficking protein 3 [Source:MGI Symbol;Acc:MGI:1913361]",0.229610288579431
"Aurka",0.264163418737081,0.182057663273954,0.195145209084344,0.400544892758024,"aurora kinase A [Source:MGI Symbol;Acc:MGI:894678]",0.229654313910713
"Mrpl46",0.218987765858755,0.132784716318393,0.240353631103327,0.180057077638919,"mitochondrial ribosomal protein L46 [Source:MGI Symbol;Acc:MGI:1914558]",0.229670698481041
"Ccdc107",0.251665739376144,0.194257652319259,0.207831627109717,0.357744246180643,"coiled-coil domain containing 107 [Source:MGI Symbol;Acc:MGI:1913423]",0.229748683242931
"Ints4",0.275564113638021,0.0914314997533151,0.184397856477331,0.324091264455326,"integrator complex subunit 4 [Source:MGI Symbol;Acc:MGI:1917164]",0.229980985057676
"Dpysl2",0.265988485172504,0.104120472221574,0.194045983459489,0.3060960413567,"dihydropyrimidinase-like 2 [Source:MGI Symbol;Acc:MGI:1349763]",0.230017234315997
"Nme6",0.24202138715802,0.145353875447952,0.218017844189444,0.25725015810662,"NME/NM23 nucleoside diphosphate kinase 6 [Source:MGI Symbol;Acc:MGI:1861676]",0.230019615673732
"Exosc7",0.221990909265947,0.0854152009209878,0.238301108066453,0.162729965916785,"exosome component 7 [Source:MGI Symbol;Acc:MGI:1913696]",0.2301460086662
"Eif5b",0.278866570505325,0.0908451949428525,0.181755003032003,0.336624994677951,"eukaryotic translation initiation factor 5B [Source:MGI Symbol;Acc:MGI:2441772]",0.230310786768664
"Cmss1",0.222681382306277,0.177462141764794,0.238034120598693,0.226105015348892,"cms small ribosomal subunit 1 [Source:MGI Symbol;Acc:MGI:1913747]",0.230357751452485
"Cyb561d2",0.273753712825682,0.124660506690756,0.186993768746485,0.362948445798034,"cytochrome b-561 domain containing 2 [Source:MGI Symbol;Acc:MGI:1929280]",0.230373740786083
"Grhpr",0.211349362160362,0.239819165954269,0.249883824276132,0.239343773696918,"glyoxylate reductase/hydroxypyruvate reductase [Source:MGI Symbol;Acc:MGI:1923488]",0.230616593218247
"Top1mt",0.267693861515439,0.113168029878776,0.194108300711699,0.318883201214835,"DNA topoisomerase 1, mitochondrial [Source:MGI Symbol;Acc:MGI:1920210]",0.230901081113569
"Arhgef25",0.329970803169101,0.249800419301145,0.132159385832734,0.730637354852001,"Rho guanine nucleotide exchange factor 25 [Source:MGI Symbol;Acc:MGI:1277173]",0.231065094500918
"Tmsb4x",0.279543235840834,0.139112722665666,0.183276705140882,0.403556275441787,"thymosin, beta 4, X chromosome [Source:MGI Symbol;Acc:MGI:99510]",0.231409970490858
"Pusl1",0.276823307351525,0.132337553015817,0.1864738332782,0.376516396610799,"pseudouridylate synthase-like 1 [Source:MGI Symbol;Acc:MGI:3047787]",0.231648570314862
"Tk1",0.173583486552474,0.390020143080455,0.290102350021501,0.221452877716896,"thymidine kinase 1 [Source:MGI Symbol;Acc:MGI:98763]",0.231842918286987
"Rps17",0.234137704037417,0.126660046339282,0.229597214963772,0.207628963006614,"ribosomal protein S17 [Source:MGI Symbol;Acc:MGI:1309526]",0.231867459500595
"Ankrd10",0.250465493070438,0.163674282320562,0.213629757279452,0.306590977272387,"ankyrin repeat domain 10 [Source:MGI Symbol;Acc:MGI:1921840]",0.232047625174945
"Pglyrp1",0.356929745638922,0.122925480641962,0.107367583157595,0.722431660822354,"peptidoglycan recognition protein 1 [Source:MGI Symbol;Acc:MGI:1345092]",0.232148664398258
"Rpl28",0.229028558739628,0.217755363696179,0.235456029378465,0.277722681735086,"ribosomal protein L28 [Source:MGI Symbol;Acc:MGI:101839]",0.232242294059047
"Gm20594",0.421961821714238,0.214006857627852,0.0426269396290404,0.934921214628286,NA,0.232294380671639
"Ndufaf5",0.2454498786313,0.0503514229581926,0.219235943508305,0.16787363120169,"NADH:ubiquinone oxidoreductase complex assembly factor 5 [Source:MGI Symbol;Acc:MGI:1916737]",0.232342911069802
"Hspbp1",0.252764863339274,0.110095878842348,0.212011979422464,0.247721926369743,"HSPA (heat shock 70kDa) binding protein, cytoplasmic cochaperone 1 [Source:MGI Symbol;Acc:MGI:1913495]",0.232388421380869
"Ccdc163",0.273019257936273,0.137749097412426,0.191847617098753,0.364833220876371,"coiled-coil domain containing 163 [Source:MGI Symbol;Acc:MGI:1915644]",0.232433437517513
"Tspyl4",0.304894326455645,0.245818873544123,0.160082292801279,0.625817556091313,"TSPY-like 4 [Source:MGI Symbol;Acc:MGI:106393]",0.232488309628462
"Dtymk",0.219374444625462,0.207160695358672,0.245918118527001,0.232444484399199,"deoxythymidylate kinase [Source:MGI Symbol;Acc:MGI:108396]",0.232646281576231
"Mrps15",0.24057610165043,0.136749251762801,0.225208550313113,0.232507635359052,"mitochondrial ribosomal protein S15 [Source:MGI Symbol;Acc:MGI:1913657]",0.232892325981772
"Lipt2",0.220288105038192,0.205571242764637,0.245571274247418,0.232425635551197,"lipoyl(octanoyl) transferase 2 (putative) [Source:MGI Symbol;Acc:MGI:1914414]",0.232929689642805
"Ncald",0.29874867145269,0.125039362073771,0.16734953439079,0.465746971271521,"neurocalcin delta [Source:MGI Symbol;Acc:MGI:1196326]",0.23304910292174
"Gstm4",0.152960013689778,0.336328955973254,0.313234371547281,0.162729965916785,"glutathione S-transferase, mu 4 [Source:MGI Symbol;Acc:MGI:95862]",0.23309719261853
"Rwdd1",0.256785034204491,0.0887494168047626,0.209991648247342,0.231000115785735,"RWD domain containing 1 [Source:MGI Symbol;Acc:MGI:1913771]",0.233388341225917
"Txnrd2",0.176876451009803,0.166378292051298,0.290131763026647,0.162453058187593,"thioredoxin reductase 2 [Source:MGI Symbol;Acc:MGI:1347023]",0.233504107018225
"Smc2",0.255249972045476,0.206506007955694,0.211829120983017,0.36775783219794,"structural maintenance of chromosomes 2 [Source:MGI Symbol;Acc:MGI:106067]",0.233539546514247
"Slc25a38",0.220839976707842,0.124941507690441,0.246378939273077,0.168155026440401,"solute carrier family 25, member 38 [Source:MGI Symbol;Acc:MGI:2384782]",0.23360945799046
"Rps10",0.210997674852269,0.190830335860108,0.256338794242331,0.197718212882542,"ribosomal protein S10 [Source:MGI Symbol;Acc:MGI:1914347]",0.2336682345473
"Pcgf1",0.234294304667084,0.195290518577718,0.233141396238088,0.267263530582356,"polycomb group ring finger 1 [Source:MGI Symbol;Acc:MGI:1917087]",0.233717850452586
"Ndufa1",0.289017212002476,0.0926863741664668,0.178522139989679,0.367411308301931,"NADH:ubiquinone oxidoreductase subunit A1 [Source:MGI Symbol;Acc:MGI:1929511]",0.233769675996078
"Sec11c",0.259696352451996,0.0940865060433256,0.207942573986436,0.249056748783474,"SEC11 homolog C, signal peptidase complex subunit [Source:MGI Symbol;Acc:MGI:1913536]",0.233819463219216
"Phf5a",0.266138014600773,0.060829990492926,0.201581528383854,0.226105015348892,"PHD finger protein 5A [Source:MGI Symbol;Acc:MGI:2156864]",0.233859771492314
"Mis18a",0.247858746965164,0.0999710996843302,0.220522500547186,0.216368365389705,"MIS18 kinetochore protein A [Source:MGI Symbol;Acc:MGI:1913828]",0.234190623756175
"Fcf1",0.226818079844967,0.112923815300042,0.241933251230511,0.173014444485906,"FCF1 rRNA processing protein [Source:MGI Symbol;Acc:MGI:1920986]",0.234375665537739
"Tuba1c",0.205594071261068,0.217411980309494,0.263241038743339,0.197718212882542,"tubulin, alpha 1C [Source:MGI Symbol;Acc:MGI:1095409]",0.234417555002203
"Cox7c",0.265746496614159,0.178463948738287,0.203119833964306,0.375671808492913,"cytochrome c oxidase subunit 7C [Source:MGI Symbol;Acc:MGI:103226]",0.234433165289232
"Tbca",0.256985187376909,0.0932941642332437,0.211915430575367,0.237077707259959,"tubulin cofactor A [Source:MGI Symbol;Acc:MGI:107549]",0.234450308976138
"Pdf",0.312245305735519,0.0932941642332437,0.156939953848689,0.477403990531842,"peptide deformylase (mitochondrial) [Source:MGI Symbol;Acc:MGI:1915273]",0.234592629792104
"Ovca2",0.171803325819667,0.350772679460959,0.297500626498584,0.192120861630439,"candidate tumor suppressor in ovarian cancer 2 [Source:MGI Symbol;Acc:MGI:2179725]",0.234651976159126
"Fam118b",0.270421655512796,0.121477525522171,0.198963110922548,0.321042009042084,"family with sequence similarity 118, member B [Source:MGI Symbol;Acc:MGI:1924483]",0.234692383217672
"Nup43",0.287034920311216,0.10329283373328,0.182378244964426,0.370390584289318,"nucleoporin 43 [Source:MGI Symbol;Acc:MGI:1917162]",0.234706582637821
"Kptn",0.24332623025964,0.0990663537349989,0.226194016800868,0.201621559374639,"kaptin [Source:MGI Symbol;Acc:MGI:1890380]",0.234760123530254
"Stmn1",0.228388057451788,0.163234604620987,0.241468243704074,0.213612856433393,"stathmin 1 [Source:MGI Symbol;Acc:MGI:96739]",0.234928150577931
"Klhl21",0.28356083607882,0.0887494168047626,0.186608876691128,0.327113750163768,"kelch-like 21 [Source:MGI Symbol;Acc:MGI:1919288]",0.235084856384974
"Trappc4",0.235860329103942,0.218442018444889,0.234559152153372,0.294273652997196,"trafficking protein particle complex 4 [Source:MGI Symbol;Acc:MGI:1926211]",0.235209740628657
"Nudt18",0.282412593616447,0.0914314997533151,0.18824111272734,0.326975396730949,"nudix hydrolase 18 [Source:MGI Symbol;Acc:MGI:2385853]",0.235326853171894
"Poc1a",0.236325202698475,0.141652282105941,0.234353810631342,0.215839058036307,"POC1 centriolar protein A [Source:MGI Symbol;Acc:MGI:1917485]",0.235339506664908
"Ndufb9",0.235777696892046,0.245818873544123,0.235131880004637,0.322970439274189,"NADH:ubiquinone oxidoreductase subunit B9 [Source:MGI Symbol;Acc:MGI:1913468]",0.235454788448342
"Ntmt1",0.262825935781797,0.09681432818722,0.209083971354365,0.254961804406451,"N-terminal Xaa-Pro-Lys N-methyltransferase 1 [Source:MGI Symbol;Acc:MGI:1913867]",0.235954953568081
"Coq7",0.204231519388253,0.230351802731381,0.268024500205374,0.197718212882542,"demethyl-Q 7 [Source:MGI Symbol;Acc:MGI:107207]",0.236128009796814
"Cox20",0.292156875764726,0.0404017466413044,0.180478651708739,0.250055143530397,"cytochrome c oxidase assembly protein 20 [Source:MGI Symbol;Acc:MGI:1913609]",0.236317763736732
"Exog",0.282811739893953,0.0503514229581926,0.189904833752244,0.247721926369743,"exo/endonuclease G [Source:MGI Symbol;Acc:MGI:2143333]",0.236358286823099
"Hmgn5",0.266817131057063,0.108528736381933,0.205899838767095,0.28394016225557,"high-mobility group nucleosome binding domain 5 [Source:MGI Symbol;Acc:MGI:1355295]",0.236358484912079
"Brk1",0.23831884841512,0.0934768012560602,0.234445466659358,0.185285525755214,"BRICK1, SCAR/WAVE actin-nucleating complex subunit [Source:MGI Symbol;Acc:MGI:1915406]",0.236382157537239
"Eif5a",0.220584688999071,0.102901880308683,0.252238220046064,0.162729965916785,"eukaryotic translation initiation factor 5A [Source:MGI Symbol;Acc:MGI:106248]",0.236411454522568
"Dus1l",0.239402713378846,0.0415263346206187,0.23351217901937,0.162729965916785,"dihydrouridine synthase 1 like [Source:MGI Symbol;Acc:MGI:1915980]",0.236457446199108
"Tomm22",0.237449269005958,0.136584889026195,0.235894203791704,0.207671701037539,"translocase of outer mitochondrial membrane 22 [Source:MGI Symbol;Acc:MGI:2450248]",0.236671736398831
"Yipf3",0.252464190213177,0.23482577331,0.220924489367575,0.372701006302896,"Yip1 domain family, member 3 [Source:MGI Symbol;Acc:MGI:106280]",0.236694339790376
"Bsn",0.281377925480252,0.132337553015817,0.192827924263102,0.368301365679763,"bassoon [Source:MGI Symbol;Acc:MGI:1277955]",0.237102924871677
"Mum1",0.300189540941458,0.182983571688882,0.174442927007638,0.521104660042005,NA,0.237316233974548
"Plppr3",0.32527871285203,0.225631841050834,0.150189445017953,0.660776966500546,"phospholipid phosphatase related 3 [Source:MGI Symbol;Acc:MGI:2388640]",0.237734078934992
"Bloc1s1",0.239080749154421,0.102600591249346,0.236561066587641,0.192120861630439,"biogenesis of lysosomal organelles complex-1, subunit 1 [Source:MGI Symbol;Acc:MGI:1195276]",0.237820907871031
"Ndufs3",0.231694526654367,0.146321930431101,0.243988550186701,0.201971210693124,"NADH:ubiquinone oxidoreductase core subunit S3 [Source:MGI Symbol;Acc:MGI:1915599]",0.237841538420534
"Pqlc1",0.280388475132858,0.078538359665001,0.195459683821608,0.283764756059635,NA,0.237924079477233
"2810004N23Rik",0.289647974168508,0.0415263346206187,0.187240279950037,0.237887463323903,"RIKEN cDNA 2810004N23 gene [Source:MGI Symbol;Acc:MGI:1913773]",0.238444127059273
"Ifitm3",0.295979507797483,0.092487998240164,0.18114955395273,0.370771225806757,"interferon induced transmembrane protein 3 [Source:MGI Symbol;Acc:MGI:1913391]",0.238564530875106
"Selm",0.313938028038838,0.0918314820750836,0.163267416009786,0.455209574158283,NA,0.238602722024312
"Lsm10",0.311275872483465,0.0634845228131203,0.16601650514558,0.386743628114093,"U7 snRNP-specific Sm-like protein LSM10 [Source:MGI Symbol;Acc:MGI:2151045]",0.238646188814522
"Ddx18",0.235584289820548,0.17038840376767,0.242280726066782,0.232425635551197,"DEAD box helicase 18 [Source:MGI Symbol;Acc:MGI:1914192]",0.238932507943665
"Trappc1",0.259135158809122,0.0748898023380809,0.218856993544709,0.204172991321633,"trafficking protein particle complex 1 [Source:MGI Symbol;Acc:MGI:1098727]",0.238996076176916
"Tmem138",0.287421352778182,0.0914314997533151,0.191339181231594,0.328382243063677,"transmembrane protein 138 [Source:MGI Symbol;Acc:MGI:1920232]",0.239380267004888
"Sympk",0.265429951154347,0.0661857222315016,0.213805658235511,0.207671701037539,"symplekin [Source:MGI Symbol;Acc:MGI:1915438]",0.239617804694929
"Otulin",0.201391916791707,0.291003499193784,0.277902706291093,0.22305013348687,"OTU deubiquitinase with linear linkage specificity [Source:MGI Symbol;Acc:MGI:3577015]",0.2396473115414
"Dus2",0.287222117029099,0.0994721808036536,0.192764242472573,0.343699761713329,"dihydrouridine synthase 2 [Source:MGI Symbol;Acc:MGI:1913619]",0.239993179750836
"Dand5",0.260651642910999,0.0976128342717457,0.219550284211497,0.235609334756374,"DAN domain family member 5, BMP antagonist [Source:MGI Symbol;Acc:MGI:1344365]",0.240100963561248
"Rpl22",0.238704744542998,0.154569839967637,0.241664513420515,0.223583617789449,"ribosomal protein L22 [Source:MGI Symbol;Acc:MGI:99262]",0.240184628981757
"Aurkaip1",0.231930697471015,0.180094891784821,0.248612075753256,0.228319018180083,"aurora kinase A interacting protein 1 [Source:MGI Symbol;Acc:MGI:1913327]",0.240271386612135
"Ift172",0.268417427968675,0.139611251903646,0.212138124000756,0.312632430704369,"intraflagellar transport 172 [Source:MGI Symbol;Acc:MGI:2682064]",0.240277775984716
"Nfatc4",0.335062814729414,0.230990463790306,0.145585718768126,0.689991220850251,"nuclear factor of activated T cells, cytoplasmic, calcineurin dependent 4 [Source:MGI Symbol;Acc:MGI:1920431]",0.24032426674877
"Rpl26",0.235133772243868,0.153252682015877,0.245647046075471,0.207671701037539,"ribosomal protein L26 [Source:MGI Symbol;Acc:MGI:106022]",0.240390409159669
"Rab3a",0.334859382079879,0.0887494168047626,0.146164097876247,0.530715300358733,"RAB3A, member RAS oncogene family [Source:MGI Symbol;Acc:MGI:97843]",0.240511739978063
"Pinx1",0.277080014318364,0.109089011961065,0.204088854067048,0.307546970150962,"PIN2/TERF1 interacting, telomerase inhibitor 1 [Source:MGI Symbol;Acc:MGI:1919650]",0.240584434192706
"Phlda1",0.315350917896779,0.170503104861152,0.166523411376458,0.552688467793361,"pleckstrin homology like domain, family A, member 1 [Source:MGI Symbol;Acc:MGI:1096880]",0.240937164636619
"Pim3",0.162681467467821,0.409545366674597,0.319568026752982,0.186758832261382,"proviral integration site 3 [Source:MGI Symbol;Acc:MGI:1355297]",0.241124747110401
"Pcolce",0.241071826425105,0.230351802731381,0.24129267396129,0.30343919612201,"procollagen C-endopeptidase enhancer protein [Source:MGI Symbol;Acc:MGI:105099]",0.241182250193198
"Ssbp4",0.193850438128702,0.216788483560556,0.288595472107235,0.162729965916785,"single stranded DNA binding protein 4 [Source:MGI Symbol;Acc:MGI:1924150]",0.241222955117969
"Timm10",0.224950730501739,0.197034542626673,0.258027404295954,0.213039310341573,"translocase of inner mitochondrial membrane 10 [Source:MGI Symbol;Acc:MGI:1353429]",0.241489067398847
"Coa6",0.283029973148567,0.0327906244937893,0.200051452916107,0.188448346544531,"cytochrome c oxidase assembly factor 6 [Source:MGI Symbol;Acc:MGI:1915142]",0.241540713032337
"Eid2",0.326362773606605,0.204781400025986,0.156937174865872,0.624364810839549,"EP300 interacting inhibitor of differentiation 2 [Source:MGI Symbol;Acc:MGI:2681174]",0.241649974236238
"Pitx1",0.373274352062995,0.112711089670701,0.110042341604365,0.722144675061839,"paired-like homeodomain transcription factor 1 [Source:MGI Symbol;Acc:MGI:107374]",0.24165834683368
"Rrp12",0.231450309359211,0.185750016863349,0.252121989620309,0.227046048965527,"ribosomal RNA processing 12 homolog [Source:MGI Symbol;Acc:MGI:2147437]",0.24178614948976
"Mrpl45",0.257910739162041,0.0426991101671376,0.226386868755179,0.162729965916785,"mitochondrial ribosomal protein L45 [Source:MGI Symbol;Acc:MGI:1914286]",0.24214880395861
"Pim2",0.313723413730564,0.195527088153784,0.172401129800769,0.560187731829336,"proviral integration site 2 [Source:MGI Symbol;Acc:MGI:97587]",0.243062271765666
"Rack1",0.216494424083542,0.176218026610376,0.269829395423696,0.174954255023785,"receptor for activated C kinase 1 [Source:MGI Symbol;Acc:MGI:101849]",0.243161909753619
"Nme2",0.224660612042001,0.124941507690441,0.261746587730917,0.165059797433052,"NME/NM23 nucleoside diphosphate kinase 2 [Source:MGI Symbol;Acc:MGI:97356]",0.243203599886459
"Snrpa1",0.252312878313558,0.0955893947759296,0.234347391669011,0.198636638967883,"small nuclear ribonucleoprotein polypeptide A' [Source:MGI Symbol;Acc:MGI:1916231]",0.243330134991284
"2310036O22Rik",0.267323791688022,0.15298930121479,0.220096568844602,0.308473226593791,NA,0.243710180266312
"Bax",0.227467938122403,0.215315859763779,0.260798729188957,0.231000115785735,"BCL2-associated X protein [Source:MGI Symbol;Acc:MGI:99702]",0.24413333365568
"Pkig",0.253648804504816,0.205964836500723,0.234811777513425,0.315739415124202,"protein kinase inhibitor, gamma [Source:MGI Symbol;Acc:MGI:1343086]",0.24423029100912
"Isyna1",0.252591908399921,0.139110430146067,0.23635387130913,0.235829088900625,"myo-inositol 1-phosphate synthase A1 [Source:MGI Symbol;Acc:MGI:1919030]",0.244472889854526
"Eif3i",0.227953309706057,0.0980109271807083,0.261936955574739,0.162729965916785,"eukaryotic translation initiation factor 3, subunit I [Source:MGI Symbol;Acc:MGI:1860763]",0.244945132640398
"Smyd2",0.265485568959631,0.0932941642332437,0.225263465826288,0.228319018180083,"SET and MYND domain containing 2 [Source:MGI Symbol;Acc:MGI:1915889]",0.24537451739296
"Poll",0.252090237655516,0.0782926362467377,0.23884445213441,0.173014444485906,"polymerase (DNA directed), lambda [Source:MGI Symbol;Acc:MGI:1889000]",0.245467344894963
"Fam110a",0.280657809577061,0.0887494168047626,0.210678518926434,0.264708507942624,"family with sequence similarity 110, member A [Source:MGI Symbol;Acc:MGI:1921097]",0.245668164251747
"Cars2",0.258834989711233,0.0327906244937893,0.232660896626142,0.162729965916785,"cysteinyl-tRNA synthetase 2, mitochondrial [Source:MGI Symbol;Acc:MGI:1919191]",0.245747943168687
"Mrpl17",0.240097565882527,0.136589493971817,0.251942535957421,0.197718212882542,"mitochondrial ribosomal protein L17 [Source:MGI Symbol;Acc:MGI:1351608]",0.246020050919974
"Gpn1",0.282980452546887,0.124660506690756,0.209567737797437,0.321617074905296,"GPN-loop GTPase 1 [Source:MGI Symbol;Acc:MGI:1921504]",0.246274095172162
"Znhit1",0.296072582117289,0.153252682015877,0.196534292156291,0.418223384822988,"zinc finger, HIT domain containing 1 [Source:MGI Symbol;Acc:MGI:1917353]",0.24630343713679
"Gm17018",0.297100913047243,0.0849274609695713,0.195564731381637,0.321042009042084,NA,0.24633282221444
"Dhps",0.251907856427369,0.222600703485698,0.240963590409463,0.316936056067264,"deoxyhypusine synthase [Source:MGI Symbol;Acc:MGI:2683592]",0.246435723418416
"Mrps17",0.254436110016444,0.0647022955907035,0.238860236989545,0.168155026440401,"mitochondrial ribosomal protein S17 [Source:MGI Symbol;Acc:MGI:1913508]",0.246648173502995
"Rpsa",0.217229649375024,0.224904285787792,0.27652532670347,0.201971210693124,"ribosomal protein SA [Source:MGI Symbol;Acc:MGI:105381]",0.246877488039247
"Gstm7",0.153996703521819,0.554836731353172,0.339930678715605,0.241107405137824,"glutathione S-transferase, mu 7 [Source:MGI Symbol;Acc:MGI:1915562]",0.246963691118712
"B230118H07Rik",0.226729357646851,0.233342037307656,0.268513898095842,0.233356711013206,NA,0.247621627871347
"Mrps6",0.309364196677353,0.0445969496299449,0.185971405983885,0.284506747706734,"mitochondrial ribosomal protein S6 [Source:MGI Symbol;Acc:MGI:2153111]",0.247667801330619
"Clpp",0.255976259153603,0.112518791865223,0.239838411371609,0.207671701037539,"caseinolytic mitochondrial matrix peptidase proteolytic subunit [Source:MGI Symbol;Acc:MGI:1858213]",0.247907335262606
"Insc",0.350651203479945,0.121544254842073,0.145163533717238,0.600782643004524,"INSC spindle orientation adaptor protein [Source:MGI Symbol;Acc:MGI:1917942]",0.247907368598591
"Snrpg",0.242592396659072,0.150589560192455,0.253694495228594,0.207041265355528,"small nuclear ribonucleoprotein polypeptide G [Source:MGI Symbol;Acc:MGI:1915261]",0.248143445943833
"Nip7",0.253958338532155,0.166378292051298,0.242681978240752,0.255013169547826,"NIP7, nucleolar pre-rRNA processing protein [Source:MGI Symbol;Acc:MGI:1913414]",0.248320158386453
"Rangap1",0.307157258701961,0.037472986485317,0.189624653156651,0.244000744481342,"RAN GTPase activating protein 1 [Source:MGI Symbol;Acc:MGI:103071]",0.248390955929306
"Farsa",0.250716743572128,0.10329283373328,0.246196738999785,0.19234002298932,"phenylalanyl-tRNA synthetase, alpha subunit [Source:MGI Symbol;Acc:MGI:1913840]",0.248456741285956
"Slc39a7",0.264465832727025,0.0420972455708944,0.232890580841324,0.162729965916785,"solute carrier family 39 (zinc transporter), member 7 [Source:MGI Symbol;Acc:MGI:95909]",0.248678206784175
"Mrpl2",0.234608714968878,0.102901880308683,0.262976731315574,0.162729965916785,"mitochondrial ribosomal protein L2 [Source:MGI Symbol;Acc:MGI:1351622]",0.248792723142226
"Atp5g3",0.241968072304145,0.222111272650163,0.255837242378203,0.268223669680551,NA,0.248902657341174
"Polr2d",0.260557381846209,0.0419473474338183,0.237494743078557,0.162729965916785,"polymerase (RNA) II (DNA directed) polypeptide D [Source:MGI Symbol;Acc:MGI:1916491]",0.249026062462383
"Nsmce1",0.201219851368463,0.242008620473091,0.297088939758147,0.168199190822752,"NSE1 homolog, SMC5-SMC6 complex component [Source:MGI Symbol;Acc:MGI:1914961]",0.249154395563305
"E2f1",0.272216948397667,0.235792615394979,0.22672494768742,0.40102802561529,"E2F transcription factor 1 [Source:MGI Symbol;Acc:MGI:101941]",0.249470948042543
"Ppil1",0.276834963322012,0.0568518666825454,0.222816207042624,0.198636638967883,"peptidylprolyl isomerase (cyclophilin)-like 1 [Source:MGI Symbol;Acc:MGI:1916066]",0.249825585182318
"Pias4",0.264567707112307,0.0955893947759296,0.23534791800994,0.209577803173916,"protein inhibitor of activated STAT 4 [Source:MGI Symbol;Acc:MGI:2136940]",0.249957812561123
"Zcrb1",0.289787817430465,0.169692732016702,0.210195725961865,0.392891800327769,"zinc finger CCHC-type and RNA binding motif 1 [Source:MGI Symbol;Acc:MGI:1914447]",0.249991771696165
"Sst",0.303386418034925,0.214868310909299,0.196616344116723,0.502447248805512,"somatostatin [Source:MGI Symbol;Acc:MGI:98326]",0.250001381075824
"Rps15a",0.243009464451777,0.187829829798676,0.257413752174007,0.236615362214997,"ribosomal protein S15A [Source:MGI Symbol;Acc:MGI:2389091]",0.250211608312892
"Abt1",0.212762421285,0.163397204432515,0.28768867295417,0.162729965916785,"activator of basal transcription 1 [Source:MGI Symbol;Acc:MGI:1353636]",0.250225547119585
"Rpp38",0.287348748339173,0.0943193160409218,0.213336152714412,0.28394016225557,"ribonuclease P/MRP 38 subunit [Source:MGI Symbol;Acc:MGI:2443607]",0.250342450526792
"Adra2a",0.33602150696267,0.142238084906769,0.165208296587883,0.550806639601634,"adrenergic receptor, alpha 2a [Source:MGI Symbol;Acc:MGI:87934]",0.250614901775277
"Cdk10",0.260056107507935,0.1621012707208,0.241185067858549,0.264198617260566,"cyclin dependent kinase 10 [Source:MGI Symbol;Acc:MGI:2448549]",0.250620587683242
"Obfc1",0.252944145825284,0.141850066402197,0.248532361193009,0.221502435410877,NA,0.250738253509147
"BC022687",0.291492437866569,0.184386623605016,0.210064705197715,0.420866688242434,NA,0.250778571532142
"Mrpl55",0.253973593972578,0.0887494168047626,0.248262578822405,0.173466961858323,"mitochondrial ribosomal protein L55 [Source:MGI Symbol;Acc:MGI:1914462]",0.251118086397492
"Emc10",0.267011215163325,0.0967039313728908,0.235411603251253,0.216918498480588,"ER membrane protein complex subunit 10 [Source:MGI Symbol;Acc:MGI:1916933]",0.251211409207289
"Mageh1",0.260123044830829,0.162241533785519,0.242333257817559,0.26246080113979,"MAGE family member H1 [Source:MGI Symbol;Acc:MGI:1922875]",0.251228151324194
"Mrpl21",0.281618909282351,0.0498954953893586,0.220929218990624,0.197718212882542,"mitochondrial ribosomal protein L21 [Source:MGI Symbol;Acc:MGI:2660674]",0.251274064136488
"Lsm5",0.241057875644341,0.130680752640169,0.261570829973507,0.185285525755214,"LSM5 homolog, U6 small nuclear RNA and mRNA degradation associated [Source:MGI Symbol;Acc:MGI:1913623]",0.251314352808924
"Gemin6",0.25971303137834,0.161521640125781,0.243585465577979,0.25725015810662,"gem nuclear organelle associated protein 6 [Source:MGI Symbol;Acc:MGI:1914492]",0.25164924847816
"Ggct",0.182098572701014,0.404150794348945,0.321329834869532,0.207671701037539,"gamma-glutamyl cyclotransferase [Source:MGI Symbol;Acc:MGI:95700]",0.251714203785273
"Smtn",0.363312636818977,0.240486938721651,0.140442813662996,0.732980333418796,"smoothelin [Source:MGI Symbol;Acc:MGI:1354727]",0.251877725240987
"Eef1d",0.248633070217697,0.093655132092896,0.255171814559358,0.168155026440401,"eukaryotic translation elongation factor 1 delta [Source:MGI Symbol;Acc:MGI:1913906]",0.251902442388527
"Kcne3",0.362714900524079,0.0708600481715982,0.141119624049287,0.55712084482343,"potassium voltage-gated channel, Isk-related subfamily, gene 3 [Source:MGI Symbol;Acc:MGI:1891124]",0.251917262286683
"Peg12",0.174359211894901,0.367051287000537,0.329573098497209,0.168155026440401,"paternally expressed 12 [Source:MGI Symbol;Acc:MGI:1351637]",0.251966155196055
"Krtcap3",0.30968415744932,0.119991719152617,0.194251628199008,0.399312922929074,"keratinocyte associated protein 3 [Source:MGI Symbol;Acc:MGI:1917065]",0.251967892824164
"Alg1",0.277265339775652,0.074234397818018,0.227216405409622,0.207671701037539,"ALG1 chitobiosyldiphosphodolichol beta-mannosyltransferase [Source:MGI Symbol;Acc:MGI:2384774]",0.252240872592637
"Gemin7",0.254869933291781,0.110939960150919,0.24981330102559,0.197718212882542,"gem nuclear organelle associated protein 7 [Source:MGI Symbol;Acc:MGI:1916981]",0.252341617158685
"BC003965",0.312097530539599,0.0415263346206187,0.192696234729941,0.25307039903829,NA,0.25239688263477
"Polr2i",0.237558335183235,0.170494276816513,0.267425734052244,0.201419812306738,"polymerase (RNA) II (DNA directed) polypeptide I [Source:MGI Symbol;Acc:MGI:1917170]",0.25249203461774
"Tmem101",0.317303065740269,0.0661857222315016,0.187708125471528,0.344109299697969,"transmembrane protein 101 [Source:MGI Symbol;Acc:MGI:1923797]",0.252505595605898
"Rpa2",0.242397621694254,0.199872064909066,0.262844234166564,0.237887463323903,"replication protein A2 [Source:MGI Symbol;Acc:MGI:1339939]",0.252620927930409
"Ano2",0.276594806842189,0.240135337618117,0.228819060091483,0.411094690430206,"anoctamin 2 [Source:MGI Symbol;Acc:MGI:2387214]",0.252706933466836
"Mrpl51",0.277002319996649,0.124660506690756,0.228450954856618,0.26912072208772,"mitochondrial ribosomal protein L51 [Source:MGI Symbol;Acc:MGI:1913743]",0.252726637426633
"Pop7",0.241904236298297,0.168582052973935,0.263844253710318,0.207671701037539,"processing of precursor 7, ribonuclease P family, (S. cerevisiae) [Source:MGI Symbol;Acc:MGI:1921347]",0.252874245004307
"Wrb",0.339850859636529,0.0568518666825454,0.166080963157035,0.423773427547522,NA,0.252965911396782
"D2Wsu81e",0.25438198599695,0.0463219545946138,0.251704567622315,0.162729965916785,NA,0.253043276809633
"Deb1",0.281401959402313,0.0910415001860427,0.2249364288344,0.241107405137824,NA,0.253169194118356
"Snrpd1",0.260075011187106,0.108298839231922,0.24629116798051,0.2051278057827,"small nuclear ribonucleoprotein D1 [Source:MGI Symbol;Acc:MGI:98344]",0.253183089583808
"Cox6c",0.280380049722994,0.136605369944268,0.226164914222645,0.296689406042474,"cytochrome c oxidase subunit 6C [Source:MGI Symbol;Acc:MGI:104614]",0.253272481972819
"Orc6",0.234969571977209,0.15884147029263,0.271844166229766,0.188951482083192,"origin recognition complex, subunit 6 [Source:MGI Symbol;Acc:MGI:1929285]",0.253406869103487
"Wdr6",0.312910527385178,0.155259538869467,0.194160715419467,0.454539371018165,"WD repeat domain 6 [Source:MGI Symbol;Acc:MGI:1930140]",0.253535621402322
"Dap3",0.273278109611156,0.0328941009885878,0.234546169302866,0.162729965916785,"death associated protein 3 [Source:MGI Symbol;Acc:MGI:1929538]",0.253912139457011
"Mrpl38",0.282480126989626,0.088875119007663,0.225455830372149,0.239806279747421,"mitochondrial ribosomal protein L38 [Source:MGI Symbol;Acc:MGI:1926269]",0.253967978680887
"Mettl3",0.307238560922308,0.106207734872638,0.200791818595162,0.362948445798034,"methyltransferase 3, N6-adenosine-methyltransferase complex catalytic subunit [Source:MGI Symbol;Acc:MGI:1927165]",0.254015189758735
"Cend1",0.420198685405309,0.152279276372827,0.0878604823570619,0.828036964951616,"cell cycle exit and neuronal differentiation 1 [Source:MGI Symbol;Acc:MGI:1929898]",0.254029583881185
"Nudt22",0.323968895733481,0.0602895644201062,0.184624966219836,0.351189567111347,"nudix hydrolase 22 [Source:MGI Symbol;Acc:MGI:1915573]",0.254296930976659
"Itga5",0.363848746668135,0.209670198313337,0.144963828305926,0.703956856956277,"integrin alpha 5 (fibronectin receptor alpha) [Source:MGI Symbol;Acc:MGI:96604]",0.25440628748703
"Park7",0.252018753206833,0.0739494820446982,0.256868837680951,0.162729965916785,"Parkinson disease (autosomal recessive, early onset) 7 [Source:MGI Symbol;Acc:MGI:2135637]",0.254443795443892
"Wdr83os",0.267528291706198,0.130620088622396,0.241558203220945,0.239343773696918,"WD repeat domain 83 opposite strand [Source:MGI Symbol;Acc:MGI:3041257]",0.254543247463571
"Rexo2",0.313799145513779,0.0661857222315016,0.197074825285814,0.313435475258253,"RNA exonuclease 2 [Source:MGI Symbol;Acc:MGI:1888981]",0.255436985399797
"Mrpl41",0.277934423301563,0.0854152009209878,0.232994687951173,0.218827040069417,"mitochondrial ribosomal protein L41 [Source:MGI Symbol;Acc:MGI:1333816]",0.255464555626368
"Snf8",0.283432655452537,0.0940681903351355,0.227617919819847,0.247721926369743,"SNF8, ESCRT-II complex subunit, homolog (S. cerevisiae) [Source:MGI Symbol;Acc:MGI:1343161]",0.255525287636192
"Cct3",0.274047442157127,0.0451820567944804,0.238312073177535,0.168155026440401,"chaperonin containing TCP1 subunit 3 [Source:MGI Symbol;Acc:MGI:104708]",0.256179757667331
"Noc4l",0.232529088374292,0.195527088153784,0.279961151190339,0.198636638967883,"NOC4 like [Source:MGI Symbol;Acc:MGI:2140843]",0.256245119782316
"Tmem80",0.319729581197925,0.108681545830339,0.193705906689088,0.40381111383461,"transmembrane protein 80 [Source:MGI Symbol;Acc:MGI:1918698]",0.256717743943506
"Mrpl11",0.275182604958302,0.0723840621249709,0.238306456462193,0.197718212882542,"mitochondrial ribosomal protein L11 [Source:MGI Symbol;Acc:MGI:2137215]",0.256744530710247
"Phpt1",0.228670318877805,0.134089722622777,0.2848597199314,0.162729965916785,"phosphohistidine phosphatase 1 [Source:MGI Symbol;Acc:MGI:1922704]",0.256765019404603
"Tesc",0.311472396211001,0.24190933915176,0.202392743046038,0.530715300358733,"tescalcin [Source:MGI Symbol;Acc:MGI:1930803]",0.25693256962852
"D10Jhu81e",0.269421200596245,0.0539906514641073,0.2445218460236,0.168155026440401,NA,0.256971523309923
"Fbxw4",0.25085386870784,0.223783757616672,0.263240610934415,0.272738873495978,"F-box and WD-40 domain protein 4 [Source:MGI Symbol;Acc:MGI:1354698]",0.257047239821127
"Fance",0.264840908436486,0.206650656861516,0.249969593439179,0.306590977272387,"Fanconi anemia, complementation group E [Source:MGI Symbol;Acc:MGI:1920025]",0.257405250937833
"Cetn2",0.307525595934777,0.0418379209420984,0.207319820688241,0.228319018180083,"centrin 2 [Source:MGI Symbol;Acc:MGI:1347085]",0.257422708311509
"Ndufaf2",0.279529324117387,0.0753496339319244,0.23534137864878,0.2051278057827,"NADH:ubiquinone oxidoreductase complex assembly factor 2 [Source:MGI Symbol;Acc:MGI:1922847]",0.257435351383083
"Gamt",0.313826403811825,0.158001178812775,0.201200769429614,0.44411410693278,"guanidinoacetate methyltransferase [Source:MGI Symbol;Acc:MGI:1098221]",0.25751358662072
"Hmbs",0.246794202253397,0.101162711818525,0.268328767553548,0.168155026440401,"hydroxymethylbilane synthase [Source:MGI Symbol;Acc:MGI:96112]",0.257561484903473
"Dad1",0.262202833446549,0.134089722622777,0.25304609606307,0.21895849584327,"defender against cell death 1 [Source:MGI Symbol;Acc:MGI:101912]",0.257624464754809
"Vegfb",0.328701855712699,0.108681545830339,0.187139855645582,0.438969834307924,"vascular endothelial growth factor B [Source:MGI Symbol;Acc:MGI:106199]",0.25792085567914
"Cdca5",0.232765793563732,0.230733899246752,0.28358277396042,0.221502435410877,"cell division cycle associated 5 [Source:MGI Symbol;Acc:MGI:1915099]",0.258174283762076
"Sac3d1",0.262296359563367,0.156212280923527,0.2541609628746,0.239343773696918,"SAC3 domain containing 1 [Source:MGI Symbol;Acc:MGI:1913656]",0.258228661218983
"Smdt1",0.275284129017508,0.234572591101873,0.241476256649565,0.370851555013274,"single-pass membrane protein with aspartate rich tail 1 [Source:MGI Symbol;Acc:MGI:1916279]",0.258380192833537
"Ndufab1",0.289338234356688,0.119991719152617,0.227825039896676,0.286609508979727,"NADH:ubiquinone oxidoreductase subunit AB1 [Source:MGI Symbol;Acc:MGI:1917566]",0.258581637126682
"Eif4a3",0.266597673907112,0.110224814938485,0.251064616618048,0.207041265355528,"eukaryotic translation initiation factor 4A3 [Source:MGI Symbol;Acc:MGI:1923731]",0.25883114526258
"Cisd1",0.273524862397163,0.111964759967252,0.244629696139448,0.228319018180083,"CDGSH iron sulfur domain 1 [Source:MGI Symbol;Acc:MGI:1261855]",0.259077279268305
"Gpx1",0.241686516243873,0.145353875447952,0.276482075996301,0.178865327324324,"glutathione peroxidase 1 [Source:MGI Symbol;Acc:MGI:104887]",0.259084296120087
"Ap4s1",0.283528321387775,0.0328941009885878,0.235041583117589,0.162729965916785,"adaptor-related protein complex AP-4, sigma 1 [Source:MGI Symbol;Acc:MGI:1337065]",0.259284952252682
"Apip",0.242260562322167,0.230733899246752,0.276456796127757,0.242975366979047,"APAF1 interacting protein [Source:MGI Symbol;Acc:MGI:1926788]",0.259358679224962
"Ramp2",0.278550522344349,0.170494276816513,0.240235973383504,0.309350826127146,"receptor (calcitonin) activity modifying protein 2 [Source:MGI Symbol;Acc:MGI:1859650]",0.259393247863926
"Trappc2l",0.254372491561408,0.15298930121479,0.264577215820958,0.207671701037539,"trafficking protein particle complex 2L [Source:MGI Symbol;Acc:MGI:1916295]",0.259474853691183
"Gins1",0.291414090310166,0.154569839967637,0.228152898120719,0.335793892880295,"GINS complex subunit 1 [Source:MGI Symbol;Acc:MGI:1916520]",0.259783494215443
"Fam109b",0.379121947288422,0.120440486618652,0.140744633354214,0.646360989277187,NA,0.259933290321318
"Pdcd5",0.291482646991424,0.0936614976754499,0.228875798343468,0.255013169547826,"programmed cell death 5 [Source:MGI Symbol;Acc:MGI:1913538]",0.260179222667446
"Mbd3",0.268025012931255,0.0538747353192554,0.252457382153705,0.162729965916785,"methyl-CpG binding domain protein 3 [Source:MGI Symbol;Acc:MGI:1333812]",0.26024119754248
"Gstt2",0.218984363117487,0.204781400025986,0.301628396801728,0.168155026440401,"glutathione S-transferase, theta 2 [Source:MGI Symbol;Acc:MGI:106188]",0.260306379959607
"Ifi27",0.292106290553802,0.240630164994239,0.228570831500342,0.441797307158954,"interferon, alpha-inducible protein 27 [Source:MGI Symbol;Acc:MGI:1277180]",0.260338561027072
"Rpl36al",0.275575959656004,0.137432171910205,0.245137982932119,0.252174484327694,"ribosomal protein L36A-like [Source:MGI Symbol;Acc:MGI:1913733]",0.260356971294061
"Zmat5",0.261231644647873,0.147019022706755,0.259980660134548,0.222427501867681,"zinc finger, matrin type 5 [Source:MGI Symbol;Acc:MGI:1914428]",0.260606152391211
"Arid4a",0.333735707469663,0.195739351241493,0.187759448381317,0.550200937635861,"AT-rich interaction domain 4A [Source:MGI Symbol;Acc:MGI:2444354]",0.26074757792549
"Morn2",0.31320362163227,0.100862809232081,0.208317479890726,0.34838250614579,"MORN repeat containing 2 [Source:MGI Symbol;Acc:MGI:2674071]",0.260760550761498
"Nmral1",0.218042874003428,0.312865832896003,0.303665406465035,0.235827948988171,"NmrA-like family domain containing 1 [Source:MGI Symbol;Acc:MGI:1915074]",0.260854140234231
"Chrnb4",0.338707672816575,0.220065467287912,0.18303229549711,0.59169760952114,"cholinergic receptor, nicotinic, beta polypeptide 4 [Source:MGI Symbol;Acc:MGI:87892]",0.260869984156842
"Fam219b",0.266924065088453,0.147019022706755,0.255055610201389,0.236356866239598,"family with sequence similarity 219, member B [Source:MGI Symbol;Acc:MGI:1925573]",0.260989837644921
"Abcb8",0.234232570102227,0.15568335980741,0.287850573535174,0.168155026440401,"ATP-binding cassette, sub-family B member 8 [Source:MGI Symbol;Acc:MGI:1351667]",0.261041571818701
"Rpl24",0.25453697603087,0.0843339962775846,0.268185185416449,0.162729965916785,"ribosomal protein L24 [Source:MGI Symbol;Acc:MGI:1915443]",0.261361080723659
"Spa17",0.277182963478189,0.217881897231223,0.246597680767687,0.349350012596272,"sperm autoantigenic protein 17 [Source:MGI Symbol;Acc:MGI:1333778]",0.261890322122938
"Ndufb8",0.267025866060218,0.116767385950133,0.257120403875388,0.2051278057827,"NADH:ubiquinone oxidoreductase subunit B8 [Source:MGI Symbol;Acc:MGI:1914514]",0.262073134967803
"Fam58b",0.264629891351059,0.0816555319277323,0.259779587152699,0.168155026440401,NA,0.262204739251879
"Rdm1",0.385588839373749,0.0909785221064313,0.139146949943684,0.616627361977791,"RAD52 motif 1 [Source:MGI Symbol;Acc:MGI:1913849]",0.262367894658717
"Sh3bgrl3",0.267170930616524,0.231933095334606,0.258368878137704,0.321042009042084,"SH3 domain binding glutamic acid-rich protein-like 3 [Source:MGI Symbol;Acc:MGI:1920973]",0.262769904377114
"Cdc45",0.265392194532734,0.222600703485698,0.260323392788644,0.305320048038166,"cell division cycle 45 [Source:MGI Symbol;Acc:MGI:1338073]",0.262857793660689
"Tmed9",0.315887012659721,0.0327906244937893,0.210049316185774,0.2051278057827,"transmembrane p24 trafficking protein 9 [Source:MGI Symbol;Acc:MGI:1914761]",0.262968164422748
"Asb2",0.292192309329045,0.202408179186132,0.234264004281945,0.380457459854829,"ankyrin repeat and SOCS box-containing 2 [Source:MGI Symbol;Acc:MGI:1929743]",0.263228156805495
"Rpl37",0.259804292728099,0.14186756305712,0.266890675093997,0.206542336174732,"ribosomal protein L37 [Source:MGI Symbol;Acc:MGI:1914531]",0.263347483911048
"Ccdc28b",0.294464469159619,0.161628463994162,0.232530213365865,0.344109299697969,"coiled coil domain containing 28B [Source:MGI Symbol;Acc:MGI:1913514]",0.263497341262742
"S100a6",0.363827025736764,0.206506007955694,0.163678116504974,0.653218374496741,"S100 calcium binding protein A6 (calcyclin) [Source:MGI Symbol;Acc:MGI:1339467]",0.263752571120869
"Arhgef40",0.40461275308522,0.154664811085896,0.12331935343668,0.742557968193128,"Rho guanine nucleotide exchange factor 40 [Source:MGI Symbol;Acc:MGI:2685515]",0.26396605326095
"Hspe1",0.299026380287373,0.0929807516430309,0.229110995356048,0.265187953994856,"heat shock protein 1 (chaperonin 10) [Source:MGI Symbol;Acc:MGI:104680]",0.264068687821711
"Eno3",0.210809252519436,0.351632175031966,0.317590302390858,0.231889735091636,"enolase 3, beta muscle [Source:MGI Symbol;Acc:MGI:95395]",0.264199777455147
"Usp36",0.299923966083352,0.124941507690441,0.228578977380096,0.309350826127146,"ubiquitin specific peptidase 36 [Source:MGI Symbol;Acc:MGI:1919594]",0.264251471731724
"Neurl1a",0.294669033182961,0.169398807630153,0.23396011613129,0.350280526486375,"neuralized E3 ubiquitin protein ligase 1A [Source:MGI Symbol;Acc:MGI:1334263]",0.264314574657125
"Pomgnt2",0.343227586001858,0.108681545830339,0.185661073483183,0.464185947785476,"protein O-linked mannose beta 1,4-N-acetylglucosaminyltransferase 2 [Source:MGI Symbol;Acc:MGI:2143424]",0.264444329742521
"Tmem109",0.306097278127776,0.0546703982350083,0.222982380314705,0.228588611536234,"transmembrane protein 109 [Source:MGI Symbol;Acc:MGI:1915789]",0.26453982922124
"Usp10",0.305410983073022,0.137378150323147,0.223928809916717,0.345410225390348,"ubiquitin specific peptidase 10 [Source:MGI Symbol;Acc:MGI:894652]",0.264669896494869
"Abhd14a",0.311445233553671,0.0568518666825454,0.217970170796174,0.246969309371314,"abhydrolase domain containing 14A [Source:MGI Symbol;Acc:MGI:1915894]",0.264707702174923
"Rps27a",0.247074180337493,0.182677160699879,0.282535909165274,0.206542336174732,"ribosomal protein S27A [Source:MGI Symbol;Acc:MGI:1925544]",0.264805044751384
"Syndig1",0.42100544749317,0.221091503681417,0.108627107026735,0.819627141335936,"synapse differentiation inducing 1 [Source:MGI Symbol;Acc:MGI:3702158]",0.264816277259952
"Shmt2",0.261864948475142,0.2169139101254,0.267841847135883,0.278935839925524,"serine hydroxymethyltransferase 2 (mitochondrial) [Source:MGI Symbol;Acc:MGI:1277989]",0.264853397805513
"Tppp3",0.327261395361648,0.180004571468776,0.203104799757534,0.486656341838332,"tubulin polymerization-promoting protein family member 3 [Source:MGI Symbol;Acc:MGI:1915221]",0.265183097559591
"2310011J03Rik",0.283638203560337,0.0699947466882044,0.247034290135958,0.19234002298932,"RIKEN cDNA 2310011J03 gene [Source:MGI Symbol;Acc:MGI:1913624]",0.265336246848147
"Nptx1",0.408301020559956,0.190723238567787,0.122398465856215,0.774935013949794,"neuronal pentraxin 1 [Source:MGI Symbol;Acc:MGI:107811]",0.265349743208085
"Mrpl14",0.290443482900944,0.157586249586477,0.240721722141225,0.313016195961838,"mitochondrial ribosomal protein L14 [Source:MGI Symbol;Acc:MGI:1333864]",0.265582602521085
"Mypop",0.378057658197999,0.13675962130182,0.153318424014475,0.624369313887558,"Myb-related transcription factor, partner of profilin [Source:MGI Symbol;Acc:MGI:2446472]",0.265688041106237
"Anapc13",0.303591260482569,0.0533692969759634,0.227989194479654,0.207671701037539,"anaphase promoting complex subunit 13 [Source:MGI Symbol;Acc:MGI:1916260]",0.265790227481111
"Lsm6",0.272023844542112,0.135553760008796,0.259939890123783,0.226105015348892,"LSM6 homolog, U6 small nuclear RNA and mRNA degradation associated [Source:MGI Symbol;Acc:MGI:1925901]",0.265981867332947
"Tnfsf12",0.318543595626643,0.187829829798676,0.213487004570636,0.45781613745769,"tumor necrosis factor (ligand) superfamily, member 12 [Source:MGI Symbol;Acc:MGI:1196259]",0.266015300098639
"Ecscr",0.273307961955858,0.206472881630427,0.25934441632114,0.30374203135983,"endothelial cell surface expressed chemotaxis and apoptosis regulator [Source:MGI Symbol;Acc:MGI:1915795]",0.266326189138499
"Efnb3",0.355873669179374,0.155825382825611,0.17704505691803,0.562170032385441,"ephrin B3 [Source:MGI Symbol;Acc:MGI:109196]",0.266459363048702
"Saysd1",0.29574240551278,0.135690878879842,0.237561159999533,0.297900137881855,"SAYSVFN motif domain containing 1 [Source:MGI Symbol;Acc:MGI:1914759]",0.266651782756157
"Ctu1",0.27552099921381,0.0384690916159416,0.25780960530097,0.162729965916785,"cytosolic thiouridylase subunit 1 [Source:MGI Symbol;Acc:MGI:2385277]",0.26666530225739
"Cenpb",0.289950966760941,0.0381634276530803,0.243601218344325,0.162729965916785,"centromere protein B [Source:MGI Symbol;Acc:MGI:88376]",0.266776092552633
"Gtf2h4",0.243461893435543,0.18349950852151,0.29027074746149,0.197718212882542,"general transcription factor II H, polypeptide 4 [Source:MGI Symbol;Acc:MGI:1338799]",0.266866320448516
"Prkrip1",0.31787682938318,0.0426991101671376,0.216167531224743,0.228319018180083,"Prkr interacting protein 1 (IL11 inducible) [Source:MGI Symbol;Acc:MGI:1914051]",0.267022180303962
"Ankrd54",0.306971775941633,0.0496917138044377,0.22713962736748,0.207671701037539,"ankyrin repeat domain 54 [Source:MGI Symbol;Acc:MGI:2444209]",0.267055701654556
"Wdr34",0.331354319861249,0.132784716318393,0.20312491086941,0.431754459707899,NA,0.26723961536533
"Zbtb3",0.321839549635629,0.20275336058526,0.21298808411386,0.481774761475975,"zinc finger and BTB domain containing 3 [Source:MGI Symbol;Acc:MGI:1922541]",0.267413816874745
"Nudt8",0.229082209106954,0.209057782583646,0.306230098161242,0.178865327324324,"nudix hydrolase 8 [Source:MGI Symbol;Acc:MGI:1913637]",0.267656153634098
"Alyref",0.255986153110089,0.0940865060433256,0.279592563516005,0.162729965916785,"Aly/REF export factor [Source:MGI Symbol;Acc:MGI:1341044]",0.267789358313047
"Sco2",0.132006590932563,0.61193601137683,0.404002521469035,0.186758832261382,"SCO2 cytochrome c oxidase assembly protein [Source:MGI Symbol;Acc:MGI:3818630]",0.268004556200799
"Alad",0.256184975310416,0.100672075610032,0.280413457287212,0.165990540694087,"aminolevulinate, delta-, dehydratase [Source:MGI Symbol;Acc:MGI:96853]",0.268299216298814
"Sys1",0.266885701556548,0.202927364351072,0.269737732327644,0.268635117695908,"SYS1 Golgi-localized integral membrane protein homolog (S. cerevisiae) [Source:MGI Symbol;Acc:MGI:1913710]",0.268311716942096
"Kti12",0.319239169070043,0.0359624464844191,0.217691144025826,0.2051278057827,"KTI12 homolog, chromatin associated [Source:MGI Symbol;Acc:MGI:1923547]",0.268465156547935
"Sdhaf4",0.294614465948658,0.0486434407210689,0.242630402558147,0.181086362142454,"succinate dehydrogenase complex assembly factor 4 [Source:MGI Symbol;Acc:MGI:1915252]",0.268622434253402
"Rpl6",0.265816670055168,0.180302915081175,0.271545109734595,0.242908617964919,"ribosomal protein L6 [Source:MGI Symbol;Acc:MGI:108057]",0.268680889894881
"Acyp1",0.298743950000365,0.0910415001860427,0.238670876654328,0.241107405137824,"acylphosphatase 1 [Source:MGI Symbol;Acc:MGI:1913454]",0.268707413327346
"H2afv",0.295668410016485,0.160419320526778,0.241997363904531,0.320819697421399,NA,0.268832886960508
"Fbxl6",0.295962543983964,0.161024488283827,0.241745466627156,0.321642288461838,"F-box and leucine-rich repeat protein 6 [Source:MGI Symbol;Acc:MGI:1354705]",0.26885400530556
"Rps19",0.228775987615585,0.225385337066447,0.309028894701946,0.190217882470592,"ribosomal protein S19 [Source:MGI Symbol;Acc:MGI:1333780]",0.268902441158765
"Ndufa8",0.29253438390479,0.116328804577602,0.245506832772218,0.252174484327694,"NADH:ubiquinone oxidoreductase subunit A8 [Source:MGI Symbol;Acc:MGI:1915625]",0.269020608338504
"Hes6",0.308158426448198,0.0692666088243063,0.229988686728015,0.239343773696918,"hairy and enhancer of split 6 [Source:MGI Symbol;Acc:MGI:1859852]",0.269073556588106
"Magee1",0.335566488892264,0.148985361072157,0.20299347233268,0.460087470897535,"MAGE family member E1 [Source:MGI Symbol;Acc:MGI:2148149]",0.269279980612472
"Iqcc",0.305717075438117,0.0914314997533151,0.233003881126951,0.263114375725568,"IQ motif containing C [Source:MGI Symbol;Acc:MGI:2446212]",0.269360478282534
"1110038F14Rik",0.292697554001048,0.116840718828907,0.246049918093471,0.252174484327694,"RIKEN cDNA 1110038F14 gene [Source:MGI Symbol;Acc:MGI:2152337]",0.26937373604726
"BC029722",0.275206015595492,0.119628568525052,0.263900842335282,0.207628963006614,NA,0.269553428965387
"Dexi",0.300018203919017,0.14781680448399,0.239623307431649,0.316936056067264,"dexamethasone-induced transcript [Source:MGI Symbol;Acc:MGI:1926236]",0.269820755675333
"Alg3",0.255415460318081,0.171998628589547,0.284491472475162,0.2051278057827,"ALG3 alpha-1,3- mannosyltransferase [Source:MGI Symbol;Acc:MGI:1098592]",0.269953466396621
"Pacsin3",0.384182613828078,0.159304996708184,0.155964542611677,0.64961226850916,"protein kinase C and casein kinase substrate in neurons 3 [Source:MGI Symbol;Acc:MGI:1891410]",0.270073578219877
"Emc6",0.284978046990636,0.0772700403856123,0.255285641859199,0.192162323269413,"ER membrane protein complex subunit 6 [Source:MGI Symbol;Acc:MGI:1913298]",0.270131844424917
"C2cd3",0.244936314675878,0.206934243253445,0.295736899439168,0.206542336174732,"C2 calcium-dependent domain containing 3 [Source:MGI Symbol;Acc:MGI:2142166]",0.270336607057523
"Larp7",0.285051055868474,0.079476480308765,0.255694904275656,0.19444221244791,"La ribonucleoprotein 7, transcriptional regulator [Source:MGI Symbol;Acc:MGI:107634]",0.270372980072065
"Kin",0.377135728244488,0.0914314997533151,0.164593890063254,0.538045907196334,"Kin17 DNA and RNA binding protein [Source:MGI Symbol;Acc:MGI:96676]",0.270864809153871
"Imp3",0.289816720206622,0.142238084906769,0.251933455553349,0.268635117695908,"IMP3, U3 small nucleolar ribonucleoprotein [Source:MGI Symbol;Acc:MGI:1916119]",0.270875087879985
"Pdlim7",0.34465571999155,0.204251294335908,0.19714366873702,0.551397577983234,"PDZ and LIM domain 7 [Source:MGI Symbol;Acc:MGI:1914649]",0.270899694364285
"Dpm2",0.295545806476523,0.0419473474338183,0.246754631149675,0.168155026440401,"dolichyl-phosphate mannosyltransferase subunit 2, regulatory [Source:MGI Symbol;Acc:MGI:1330238]",0.271150218813099
"Trim28",0.295800007466567,0.139611251903646,0.246852031592423,0.285717968363045,"tripartite motif-containing 28 [Source:MGI Symbol;Acc:MGI:109274]",0.271326019529495
"Tmem141",0.271684569019625,0.132555314695581,0.271536904402485,0.2051278057827,"transmembrane protein 141 [Source:MGI Symbol;Acc:MGI:1098773]",0.271610736711055
"Cuedc1",0.369343898209008,0.194968953862264,0.174159610890796,0.622240710267336,"CUE domain containing 1 [Source:MGI Symbol;Acc:MGI:2144281]",0.271751754549902
"Dmwd",0.32559377699082,0.230733899246752,0.218098735732459,0.503488931251465,"dystrophia myotonica-containing WD repeat motif [Source:MGI Symbol;Acc:MGI:94907]",0.27184625636164
"Ndufb10",0.27345766828216,0.136749251762801,0.271287251808812,0.207671701037539,"NADH:ubiquinone oxidoreductase subunit B10 [Source:MGI Symbol;Acc:MGI:1915592]",0.272372460045486
"Mrps26",0.277980966985794,0.105492256696297,0.266917335893923,0.198636638967883,"mitochondrial ribosomal protein S26 [Source:MGI Symbol;Acc:MGI:1333830]",0.272449151439858
"BC024139",0.36811624254677,0.18636141420201,0.178475755237744,0.60732293449432,"cDNA sequence BC024139 [Source:MGI Symbol;Acc:MGI:2442591]",0.273295998892257
"Polr2g",0.266494013541565,0.157586249586477,0.28079513633046,0.207671701037539,"polymerase (RNA) II (DNA directed) polypeptide G [Source:MGI Symbol;Acc:MGI:1914960]",0.273644574936012
"Mgll",0.341251613562456,0.138231026637114,0.206512821298035,0.444266370248315,"monoglyceride lipase [Source:MGI Symbol;Acc:MGI:1346042]",0.273882217430245
"Rras",0.352604596726653,0.074234397818018,0.195608514778245,0.386222157780832,"related RAS viral (r-ras) oncogene [Source:MGI Symbol;Acc:MGI:98179]",0.274106555752449
"Il11ra1",0.283437012941055,0.139169585664429,0.26494619735306,0.236615362214997,"interleukin 11 receptor subunit alpha 1 [Source:MGI Symbol;Acc:MGI:107426]",0.274191605147058
"Trp53rka",0.286463615583871,0.0795414856024951,0.262049962667549,0.190217882470592,"transformation related protein 53 regulating kinase A [Source:MGI Symbol;Acc:MGI:1918294]",0.27425678912571
"Rad9a",0.296540692646264,0.163234604620987,0.252156343595681,0.306590977272387,"RAD9 checkpoint clamp component A [Source:MGI Symbol;Acc:MGI:1328356]",0.274348518120972
"Csad",0.31782328277201,0.100862809232081,0.231768394947341,0.30343919612201,"cysteine sulfinic acid decarboxylase [Source:MGI Symbol;Acc:MGI:2180098]",0.274795838859676
"Eftud2",0.2990949881068,0.107846422519868,0.250626848830521,0.244980741091568,"elongation factor Tu GTP binding domain containing 2 [Source:MGI Symbol;Acc:MGI:1336880]",0.274860918468661
"Pdzd4",0.364228447056782,0.138565663642372,0.185765798906694,0.527275482365284,"PDZ domain containing 4 [Source:MGI Symbol;Acc:MGI:2443483]",0.274997122981738
"Mvb12a",0.243976697553151,0.197448445783687,0.306175484767007,0.192179612883721,"multivesicular body subunit 12A [Source:MGI Symbol;Acc:MGI:1920961]",0.275076091160079
"B4galt2",0.331254893870156,0.240506725076983,0.219154568147513,0.521586985612472,"UDP-Gal:betaGlcNAc beta 1,4- galactosyltransferase, polypeptide 2 [Source:MGI Symbol;Acc:MGI:1858493]",0.275204731008834
"Acd",0.269525532125614,0.19318163594187,0.281281014568251,0.244445160818948,"adrenocortical dysplasia [Source:MGI Symbol;Acc:MGI:87873]",0.275403273346932
"Msrb1",0.348373077219099,0.0404017466413044,0.20313907768527,0.274820916281842,"methionine sulfoxide reductase B1 [Source:MGI Symbol;Acc:MGI:1351642]",0.275756077452185
"Sec61b",0.290591622942602,0.15568335980741,0.261550923530167,0.268635117695908,"SEC61 translocon subunit beta [Source:MGI Symbol;Acc:MGI:1913462]",0.276071273236384
"Mrm2",0.331769380848467,0.0359624464844191,0.220756546452825,0.209918459400232,"mitochondrial rRNA methyltransferase 2 [Source:MGI Symbol;Acc:MGI:1915267]",0.276262963650646
"Map1s",0.333767907788412,0.129146852341323,0.218800765756189,0.388865495084608,"microtubule-associated protein 1S [Source:MGI Symbol;Acc:MGI:2443304]",0.2762843367723
"Mrps14",0.274215106006445,0.0568518666825454,0.278463369023081,0.162729965916785,"mitochondrial ribosomal protein S14 [Source:MGI Symbol;Acc:MGI:1928141]",0.276339237514763
"Tmem238",0.315622090656035,0.169901096758241,0.23729674670258,0.373881936748907,"transmembrane protein 238 [Source:MGI Symbol;Acc:MGI:1922935]",0.276459418679308
"Lgals1",0.346958870889606,0.153144998862117,0.20641880094535,0.473764650483381,"lectin, galactose binding, soluble 1 [Source:MGI Symbol;Acc:MGI:96777]",0.276688835917478
"Nr2f6",0.332357267097792,0.0849274609695713,0.221362502528729,0.315397246921332,"nuclear receptor subfamily 2, group F, member 6 [Source:MGI Symbol;Acc:MGI:1352453]",0.276859884813261
"Wdr83",0.281300873858654,0.0958068775944574,0.273005284024069,0.192120861630439,"WD repeat domain containing 83 [Source:MGI Symbol;Acc:MGI:1915086]",0.277153078941361
"Rbm24",0.455979357721867,0.155931058403425,0.0983475305832514,0.824445307979731,"RNA binding motif protein 24 [Source:MGI Symbol;Acc:MGI:3610364]",0.277163444152559
"Cd320",0.319864339220108,0.179688341568309,0.234994106355467,0.400870296150771,"CD320 antigen [Source:MGI Symbol;Acc:MGI:1860083]",0.277429222787787
"Ap1g2",0.30617342919153,0.201584223570502,0.249174382397876,0.371744182631838,"adaptor protein complex AP-1, gamma 2 subunit [Source:MGI Symbol;Acc:MGI:1328307]",0.277673905794703
"Focad",0.309287238308286,0.0776593386383559,0.246617783759767,0.226748152077715,"focadhesin [Source:MGI Symbol;Acc:MGI:2676921]",0.277952511034027
"Cox6a1",0.301269688625498,0.197605605723577,0.254701717349603,0.352689570604508,"cytochrome c oxidase subunit 6A1 [Source:MGI Symbol;Acc:MGI:103099]",0.277985702987551
"Wdr74",0.256347064030021,0.120440486618652,0.299835377725647,0.162729965916785,"WD repeat domain 74 [Source:MGI Symbol;Acc:MGI:2147427]",0.278091220877834
"Trnau1ap",0.270047419048012,0.140574035130441,0.286300721559262,0.197718212882542,"tRNA selenocysteine 1 associated protein 1 [Source:MGI Symbol;Acc:MGI:1919037]",0.278174070303637
"Ccnd3",0.31248764968441,0.227012816221783,0.243933881972857,0.42770755172148,"cyclin D3 [Source:MGI Symbol;Acc:MGI:88315]",0.278210765828634
"Cox4i1",0.282274413576872,0.178722755075377,0.274196185167894,0.263187809140464,"cytochrome c oxidase subunit 4I1 [Source:MGI Symbol;Acc:MGI:88473]",0.278235299372383
"Nol3",0.347153434712861,0.225459487275103,0.209572568953764,0.549830780446456,"nucleolar protein 3 (apoptosis repressor with CARD domain) [Source:MGI Symbol;Acc:MGI:1925938]",0.278363001833312
"Bcdin3d",0.272482479608533,0.200602381630555,0.284277516412538,0.252174484327694,"BCDIN3 domain containing [Source:MGI Symbol;Acc:MGI:1922534]",0.278379998010535
"Tcof1",0.309046437444457,0.187829829798676,0.247927427078712,0.364833220876371,"treacle ribosome biogenesis factor 1 [Source:MGI Symbol;Acc:MGI:892003]",0.278486932261584
"Zcchc17",0.32382251349726,0.0932941642332437,0.233271056607876,0.295524761293131,"zinc finger, CCHC domain containing 17 [Source:MGI Symbol;Acc:MGI:1919955]",0.278546785052568
"Ung",0.328953729155204,0.134023987008241,0.228196089146609,0.366431412894042,"uracil DNA glycosylase [Source:MGI Symbol;Acc:MGI:109352]",0.278574909150906
"Nol12",0.303458118093141,0.0654202666314258,0.254134903190257,0.197718212882542,"nucleolar protein 12 [Source:MGI Symbol;Acc:MGI:2146285]",0.278796510641699
"Upp2",0.514984580146493,0.0571299466739016,0.0432368141520021,0.914594590536589,"uridine phosphorylase 2 [Source:MGI Symbol;Acc:MGI:1923904]",0.279110697149248
"Dok7",0.425396098586987,0.135616882529186,0.133008654594004,0.722281686575036,"docking protein 7 [Source:MGI Symbol;Acc:MGI:3584043]",0.279202376590496
"Dusp28",0.269881187319175,0.105492256696297,0.288608768638512,0.168155026440401,"dual specificity phosphatase 28 [Source:MGI Symbol;Acc:MGI:1914696]",0.279244977978844
"Tnpo3",0.31883424112247,0.0538747353192554,0.240279428629256,0.207671701037539,"transportin 3 [Source:MGI Symbol;Acc:MGI:1196412]",0.279556834875863
"Churc1",0.289964383978021,0.0381634276530803,0.269528530640088,0.162729965916785,"churchill domain containing 1 [Source:MGI Symbol;Acc:MGI:1923684]",0.279746457309055
"Susd4",0.327485354266143,0.229106460306622,0.232259914605951,0.477375612042076,"sushi domain containing 4 [Source:MGI Symbol;Acc:MGI:2138351]",0.279872634436047
"Dut",0.289640472176438,0.16362039848673,0.270851345142826,0.262882186160721,"deoxyuridine triphosphatase [Source:MGI Symbol;Acc:MGI:1346051]",0.280245908659632
"Rtn4ip1",0.265193363672556,0.0525238487499573,0.295305907157839,0.162729965916785,"reticulon 4 interacting protein 1 [Source:MGI Symbol;Acc:MGI:2178759]",0.280249635415198
"Gnb1l",0.185532142327732,0.416983731269001,0.37530540477411,0.176857865481783,"guanine nucleotide binding protein (G protein), beta polypeptide 1-like [Source:MGI Symbol;Acc:MGI:1338057]",0.280418773550921
"Fis1",0.282518768026598,0.185750016863349,0.278441019010479,0.264198617260566,"fission, mitochondrial 1 [Source:MGI Symbol;Acc:MGI:1913687]",0.280479893518539
"Gnb2",0.314542983842848,0.0849274609695713,0.246704325570289,0.240717160237913,"guanine nucleotide binding protein (G protein), beta 2 [Source:MGI Symbol;Acc:MGI:95784]",0.280623654706569
"Smim1",0.363419503201546,0.22716538771421,0.198596370613078,0.593965350143671,"small integral membrane protein 1 [Source:MGI Symbol;Acc:MGI:1916109]",0.281007936907312
"Rpl9",0.263490966383216,0.141473798114995,0.299200135804491,0.177151837973733,"ribosomal protein L9 [Source:MGI Symbol;Acc:MGI:1298373]",0.281345551093854
"Minos1",0.285652273943167,0.07574516302967,0.277224824169085,0.168155026440401,NA,0.281438549056126
"Cdpf1",0.36604295248063,0.0315077598639336,0.196914716227606,0.259067412283777,"cysteine rich, DPF motif domain containing 1 [Source:MGI Symbol;Acc:MGI:1919605]",0.281478834354118
"Lrrc3",0.413506652130144,0.175950090601788,0.149515076492045,0.708899017555589,"leucine rich repeat containing 3 [Source:MGI Symbol;Acc:MGI:2447899]",0.281510864311095
"Nradd",0.313713875799493,0.24313722352837,0.249464807602749,0.437801278629267,"neurotrophin receptor associated death domain [Source:MGI Symbol;Acc:MGI:1914419]",0.281589341701121
"Dao",0.354614546105337,0.233078417009765,0.209156951323161,0.565044631468639,"D-amino acid oxidase [Source:MGI Symbol;Acc:MGI:94859]",0.281885748714249
"Map3k10",0.317438737778939,0.061451453202507,0.246615440705039,0.212243514974808,"mitogen-activated protein kinase kinase kinase 10 [Source:MGI Symbol;Acc:MGI:1346879]",0.282027089241989
"Txn2",0.282942312296069,0.0773319892498479,0.28124591770133,0.168155026440401,"thioredoxin 2 [Source:MGI Symbol;Acc:MGI:1929468]",0.2820941149987
"Slc29a2",0.323896281910626,0.204972476987974,0.24032252437291,0.428507339797626,"solute carrier family 29 (nucleoside transporters), member 2 [Source:MGI Symbol;Acc:MGI:1345278]",0.282109403141768
"Nxf1",0.312021469046328,0.245673237649977,0.253127587471669,0.430055825504974,"nuclear RNA export factor 1 [Source:MGI Symbol;Acc:MGI:1858330]",0.282574528258999
"Ict1",0.295175409584172,0.0704957241287667,0.27104691401654,0.173014444485906,NA,0.283111161800356
"Pradc1",0.298951088471077,0.0658297444135053,0.267402974718942,0.177151837973733,"protease-associated domain containing 1 [Source:MGI Symbol;Acc:MGI:1920577]",0.28317703159501
"Cald1",0.382356896473044,0.200285701328314,0.184044383840182,0.619628948642595,"caldesmon 1 [Source:MGI Symbol;Acc:MGI:88250]",0.283200640156613
"Cep57l1",0.320268358100027,0.199727278127348,0.246348169419317,0.400359754415349,"centrosomal protein 57-like 1 [Source:MGI Symbol;Acc:MGI:1915511]",0.283308263759672
"Arl6ip4",0.287183159505473,0.0914314997533151,0.279518317183587,0.185124033657177,"ADP-ribosylation factor-like 6 interacting protein 4 [Source:MGI Symbol;Acc:MGI:1929500]",0.28335073834453
"Eif1b",0.322453303432357,0.0328941009885878,0.244828962604907,0.168155026440401,"eukaryotic translation initiation factor 1B [Source:MGI Symbol;Acc:MGI:1916219]",0.283641133018632
"Zrsr2",0.396097747497203,0.130620088622396,0.171838182325168,0.589060653063226,"zinc finger (CCCH type), RNA binding motif and serine/arginine rich 2 [Source:MGI Symbol;Acc:MGI:103287]",0.283967964911185
"Ndufa4",0.245792259874213,0.164902856411005,0.322372728330219,0.162729965916785,"Ndufa4, mitochondrial complex associated [Source:MGI Symbol;Acc:MGI:107686]",0.284082494102216
"Gadd45g",0.354773449920286,0.124941507690441,0.213763118319298,0.430528472880786,"growth arrest and DNA-damage-inducible 45 gamma [Source:MGI Symbol;Acc:MGI:1346325]",0.284268284119792
"Taf10",0.285656115761578,0.142238084906769,0.283083901689896,0.218329728756878,"TATA-box binding protein associated factor 10 [Source:MGI Symbol;Acc:MGI:1346320]",0.284370008725737
"Cyb5r1",0.299615187602401,0.0592048685515099,0.269481732456479,0.168155026440401,"cytochrome b5 reductase 1 [Source:MGI Symbol;Acc:MGI:1919267]",0.28454846002944
"Bzw2",0.307337513988631,0.0468613590814401,0.261824457181712,0.168155026440401,"basic leucine zipper and W2 domains 2 [Source:MGI Symbol;Acc:MGI:1914162]",0.284580985585172
"Xrcc1",0.232951840500653,0.342761891786202,0.336506736709544,0.239806279747421,"X-ray repair complementing defective repair in Chinese hamster cells 1 [Source:MGI Symbol;Acc:MGI:99137]",0.284729288605098
"Tbl3",0.266855540946709,0.135124531516497,0.302614034475717,0.168199190822752,"transducin (beta)-like 3 [Source:MGI Symbol;Acc:MGI:2384863]",0.284734787711213
"6030419C18Rik",0.433728167951235,0.166633015928245,0.13579391637489,0.746056171848265,NA,0.284761042163062
"Irf2bp1",0.340854146333592,0.0119763444590095,0.229283291868627,0.162729965916785,"interferon regulatory factor 2 binding protein 1 [Source:MGI Symbol;Acc:MGI:2442159]",0.28506871910111
"Smim11",0.344722383055663,0.0498954953893586,0.22561080760481,0.258279313695149,"small integral membrane protein 11 [Source:MGI Symbol;Acc:MGI:1916186]",0.285166595330236
"Gpn2",0.260102391810895,0.187138278860204,0.310706128186423,0.197718212882542,"GPN-loop GTPase 2 [Source:MGI Symbol;Acc:MGI:2140368]",0.285404259998659
"Timm50",0.301924387894008,0.0445969496299449,0.269139495892455,0.162729965916785,"translocase of inner mitochondrial membrane 50 [Source:MGI Symbol;Acc:MGI:1913775]",0.285531941893232
"Mrpl13",0.313058748954195,0.0546703982350083,0.258019776902564,0.1921680856813,"mitochondrial ribosomal protein L13 [Source:MGI Symbol;Acc:MGI:2137218]",0.28553926292838
"Telo2",0.340819095494523,0.237661881616388,0.230392044330219,0.506928333250582,"telomere maintenance 2 [Source:MGI Symbol;Acc:MGI:1918968]",0.285605569912371
"Pfdn6",0.290189647522143,0.0516368831945232,0.281135114303361,0.162729965916785,"prefoldin subunit 6 [Source:MGI Symbol;Acc:MGI:95908]",0.285662380912752
"Acbd6",0.285536255561018,0.0888302539652085,0.28582775783623,0.168155026440401,"acyl-Coenzyme A binding domain containing 6 [Source:MGI Symbol;Acc:MGI:1919732]",0.285682006698624
"Guk1",0.341997181358259,0.0709874313965294,0.230657697615725,0.286274731267301,"guanylate kinase 1 [Source:MGI Symbol;Acc:MGI:95871]",0.286327439486992
"Gm3550",0.290536038078291,0.0810155074169564,0.282350924891872,0.168155026440401,NA,0.286443481485081
"Rpl36a",0.292324340905938,0.139143030537804,0.280669092324124,0.228319018180083,"ribosomal protein L36A [Source:MGI Symbol;Acc:MGI:1201789]",0.286496716615031
"Smco4",0.328156191025786,0.0708322652023672,0.244916544311594,0.240717160237913,"single-pass membrane protein with coiled-coil domains 4 [Source:MGI Symbol;Acc:MGI:3039636]",0.28653636766869
"Cox5a",0.287787481823883,0.195112273242698,0.285342829550047,0.268635117695908,"cytochrome c oxidase subunit 5A [Source:MGI Symbol;Acc:MGI:88474]",0.286565155686965
"Rbmx2",0.227182555850887,0.213833667453359,0.346155467398707,0.162729965916785,"RNA binding motif protein, X-linked 2 [Source:MGI Symbol;Acc:MGI:1919414]",0.286669011624797
"Mapk8ip1",0.350815438095048,0.169692732016702,0.222602092048264,0.464654801442379,"mitogen-activated protein kinase 8 interacting protein 1 [Source:MGI Symbol;Acc:MGI:1309464]",0.286708765071656
"Cib2",0.314834913565996,0.188856071897843,0.25862390928858,0.355663076669677,"calcium and integrin binding family member 2 [Source:MGI Symbol;Acc:MGI:1929293]",0.286729411427288
"Aplnr",0.405352993454278,0.169038080846901,0.168415332365005,0.649762683726356,"apelin receptor [Source:MGI Symbol;Acc:MGI:1346086]",0.286884162909641
"F8a",0.311739221774427,0.0661857222315016,0.262030138706804,0.197718212882542,"factor 8-associated gene A [Source:MGI Symbol;Acc:MGI:95474]",0.286884680240616
"Nup214",0.286354288286893,0.227012816221783,0.288234625249601,0.29908921615654,"nucleoporin 214 [Source:MGI Symbol;Acc:MGI:1095411]",0.287294456768247
"Eif3k",0.286441885761996,0.0887494168047626,0.288183547642135,0.168155026440401,"eukaryotic translation initiation factor 3, subunit K [Source:MGI Symbol;Acc:MGI:1921080]",0.287312716702065
"Hspg2",0.320986388534323,0.243958569505796,0.253828169241447,0.440396288605116,"perlecan (heparan sulfate proteoglycan 2) [Source:MGI Symbol;Acc:MGI:96257]",0.287407278887885
"Acrbp",0.527160705158473,0.209196325597331,0.0478373535882342,0.942840706813936,"proacrosin binding protein [Source:MGI Symbol;Acc:MGI:1859515]",0.287499029373354
"Amdhd2",0.307816045604904,0.226444881108124,0.267486686404572,0.36775783219794,"amidohydrolase domain containing 2 [Source:MGI Symbol;Acc:MGI:2443978]",0.287651366004738
"Rpl35a",0.281818421908628,0.173531656646686,0.294001514306626,0.23017150400199,"ribosomal protein L35A [Source:MGI Symbol;Acc:MGI:1928894]",0.287909968107627
"Srek1ip1",0.312030566923355,0.0328941009885878,0.263887012747168,0.162729965916785,"splicing regulatory glutamine/lysine-rich protein 1interacting protein 1 [Source:MGI Symbol;Acc:MGI:1914538]",0.287958789835262
"Polr3h",0.308236078880398,0.156894784970426,0.267856076516036,0.288046466452805,"polymerase (RNA) III (DNA directed) polypeptide H [Source:MGI Symbol;Acc:MGI:1926179]",0.288046077698217
"Plekhb1",0.370183655076299,0.214696915784196,0.206224505093555,0.572509809205367,"pleckstrin homology domain containing, family B (evectins) member 1 [Source:MGI Symbol;Acc:MGI:1351469]",0.288204080084927
"Hoxb2",0.392380299539687,0.180302915081175,0.184057855689887,0.612924002586231,"homeobox B2 [Source:MGI Symbol;Acc:MGI:96183]",0.288219077614787
"Lrrc14",0.359885967082678,0.0534709040306561,0.216595718476079,0.305320048038166,"leucine rich repeat containing 14 [Source:MGI Symbol;Acc:MGI:2445060]",0.288240842779379
"Ccdc191",0.387312231585128,0.15298930121479,0.189807779754089,0.562520521060585,"coiled-coil domain containing 191 [Source:MGI Symbol;Acc:MGI:1922661]",0.288560005669608
"Dynll1",0.411296484013205,0.0323870780769041,0.166420886553828,0.403132275683661,"dynein light chain LC8-type 1 [Source:MGI Symbol;Acc:MGI:1861457]",0.288858685283516
"Myl6",0.343745191072991,0.0647096037503236,0.234144280877116,0.268379973275797,"myosin, light polypeptide 6, alkali, smooth muscle and non-muscle [Source:MGI Symbol;Acc:MGI:109318]",0.288944735975053
"Mrpl57",0.300458703934019,0.0870687265979966,0.277450415717676,0.192669177946779,"mitochondrial ribosomal protein L57 [Source:MGI Symbol;Acc:MGI:1915090]",0.288954559825848
"Snrpf",0.303862843432411,0.124941507690441,0.274897214315512,0.234476583343291,"small nuclear ribonucleoprotein polypeptide F [Source:MGI Symbol;Acc:MGI:1917128]",0.289380028873962
"Tcirg1",0.350632187299056,0.153533281200539,0.228640844558683,0.428643201777123,"T cell, immune regulator 1, ATPase, H+ transporting, lysosomal V0 protein A3 [Source:MGI Symbol;Acc:MGI:1350931]",0.28963651592887
"Ppdpf",0.299735937321845,0.148672995806971,0.27960008045921,0.245457827794832,"pancreatic progenitor cell differentiation and proliferation factor [Source:MGI Symbol;Acc:MGI:1913746]",0.289668008890527
"Echdc3",0.269376500203368,0.206526015738652,0.310456660180489,0.221502435410877,"enoyl Coenzyme A hydratase domain containing 3 [Source:MGI Symbol;Acc:MGI:1915106]",0.289916580191929
"Myct1",0.376772279350499,0.166378292051298,0.203312477930793,0.536482132106689,"myc target 1 [Source:MGI Symbol;Acc:MGI:1915882]",0.290042378640646
"Atp6v0b",0.328849513398649,0.0564365334157998,0.251319790513586,0.209918459400232,"ATPase, H+ transporting, lysosomal V0 subunit B [Source:MGI Symbol;Acc:MGI:1890510]",0.290084651956117
"Pgbd1",0.305740220249801,0.220857124352771,0.274537150672866,0.346724572735014,"piggyBac transposable element derived 1 [Source:MGI Symbol;Acc:MGI:2441675]",0.290138685461333
"Dnajc27",0.306958023451837,0.201066115635342,0.273744922180673,0.328382243063677,"DnaJ heat shock protein family (Hsp40) member C27 [Source:MGI Symbol;Acc:MGI:2443036]",0.290351472816255
"Naa38",0.311549972185645,0.0732157895466843,0.269673176307912,0.197718212882542,"N(alpha)-acetyltransferase 38, NatC auxiliary subunit [Source:MGI Symbol;Acc:MGI:1925554]",0.290611574246779
"Adat3",0.284215798772416,0.175248018721484,0.297305349242725,0.229753284985794,"adenosine deaminase, tRNA-specific 3 [Source:MGI Symbol;Acc:MGI:1924344]",0.29076057400757
"Mrpl36",0.336969065583724,0.0323870780769041,0.244824841623689,0.168155026440401,"mitochondrial ribosomal protein L36 [Source:MGI Symbol;Acc:MGI:2137228]",0.290896953603706
"B9d1",0.337067962759327,0.157333502317509,0.244942198440212,0.373881936748907,"B9 protein domain 1 [Source:MGI Symbol;Acc:MGI:1351471]",0.291005080599769
"Pih1d1",0.318768355478542,0.0601609876186486,0.263653693174917,0.197718212882542,"PIH1 domain containing 1 [Source:MGI Symbol;Acc:MGI:1916095]",0.29121102432673
"Mfsd3",0.316202743728271,0.0986667485958063,0.266264790328518,0.235827948988171,"major facilitator superfamily domain containing 3 [Source:MGI Symbol;Acc:MGI:1916822]",0.291233767028395
"Gm10912",0.375907793549842,0.195007548414031,0.206809741655194,0.559613442496002,NA,0.291358767602518
"Cenpa",0.287348647421195,0.175950090601788,0.295389171130888,0.236755382273984,"centromere protein A [Source:MGI Symbol;Acc:MGI:88375]",0.291368909276041
"Ccdc134",0.35616730168533,0.0468613590814401,0.226587052966491,0.26591226200342,"coiled-coil domain containing 134 [Source:MGI Symbol;Acc:MGI:1923707]",0.291377177325911
"Atg101",0.333263920075654,0.0660043103928807,0.2499163063888,0.234476583343291,"autophagy related 101 [Source:MGI Symbol;Acc:MGI:1915368]",0.291590113232227
"Eif2s2",0.396785774252865,0.0538747353192554,0.18682447869629,0.432111487639245,"eukaryotic translation initiation factor 2 subunit 2 beta [Source:MGI Symbol;Acc:MGI:1914454]",0.291805126474577
"Rps18",0.27363859217082,0.147504313130771,0.310156674567803,0.186758832261382,"ribosomal protein S18 [Source:MGI Symbol;Acc:MGI:98146]",0.291897633369312
"Psen2",0.276829905082915,0.228340943992275,0.307022347518637,0.252174484327694,"presenilin 2 [Source:MGI Symbol;Acc:MGI:109284]",0.291926126300776
"Rps2",0.283721190745322,0.0943193160409218,0.300219242936843,0.168155026440401,"ribosomal protein S2 [Source:MGI Symbol;Acc:MGI:105110]",0.291970216841082
"Atp6v1f",0.286721400941965,0.109937266645225,0.297446889635825,0.181086362142454,"ATPase, H+ transporting, lysosomal V1 subunit F [Source:MGI Symbol;Acc:MGI:1913394]",0.292084145288895
"Mettl24",0.365095637751722,0.225631841050834,0.219581559602911,0.552288380685098,"methyltransferase like 24 [Source:MGI Symbol;Acc:MGI:3045338]",0.292338598677316
"Fuom",0.300988038452472,0.214868310909299,0.284439034568314,0.314826882522831,"fucose mutarotase [Source:MGI Symbol;Acc:MGI:1916314]",0.292713536510393
"Arglu1",0.360025839122708,0.126660046339282,0.225876193785488,0.411278543382764,"arginine and glutamate rich 1 [Source:MGI Symbol;Acc:MGI:2442985]",0.292951016454098
"Itgb3bp",0.342528117726522,0.0634941164064253,0.243438527529037,0.247721926369743,"integrin beta 3 binding protein (beta3-endonexin) [Source:MGI Symbol;Acc:MGI:1914983]",0.292983322627779
"AW011738",0.437218658712506,0.0914314997533151,0.149019155701719,0.646078760128937,"expressed sequence AW011738 [Source:MGI Symbol;Acc:MGI:2140540]",0.293118907207112
"Ahi1",0.391720262230579,0.20748468659843,0.194677571688406,0.614191885990331,"Abelson helper integration site 1 [Source:MGI Symbol;Acc:MGI:87971]",0.293198916959493
"Gm21987",0.304565784442936,0.125211747356428,0.282417467733944,0.228319018180083,NA,0.29349162608844
"Fam173b",0.367094752728492,0.0328941009885878,0.219892436254736,0.240717160237913,NA,0.293493594491614
"Snrpb",0.280566974380742,0.074834547410225,0.306885334953427,0.162729965916785,"small nuclear ribonucleoprotein B [Source:MGI Symbol;Acc:MGI:98342]",0.293726154667085
"Flnc",0.409417011747776,0.240630164994239,0.178098697282909,0.698277592769576,"filamin C, gamma [Source:MGI Symbol;Acc:MGI:95557]",0.293757854515343
"Lmod1",0.401269521533625,0.189716589852365,0.186909094592266,0.622519728091045,"leiomodin 1 (smooth muscle) [Source:MGI Symbol;Acc:MGI:2135671]",0.294089308062946
"Uqcrh",0.325067120663247,0.129634872581738,0.263364457212349,0.285717968363045,"ubiquinol-cytochrome c reductase hinge protein [Source:MGI Symbol;Acc:MGI:1913826]",0.294215788937798
"Pycard",0.329357514920874,0.0936614976754499,0.259232222548264,0.253291530569014,"PYD and CARD domain containing [Source:MGI Symbol;Acc:MGI:1931465]",0.294294868734569
"Slc25a33",0.27738647083115,0.222320230101294,0.312200272266089,0.240717160237913,"solute carrier family 25, member 33 [Source:MGI Symbol;Acc:MGI:1917806]",0.29479337154862
"Lmo4",0.324106120311331,0.0950672951991452,0.266310498119298,0.239806279747421,"LIM domain only 4 [Source:MGI Symbol;Acc:MGI:109360]",0.295208309215314
"2210013O21Rik",0.291235952501095,0.0507848370925222,0.299380936876482,0.162729965916785,NA,0.295308444688788
"Bcat2",0.304965987806847,0.0651255206969832,0.285668615852007,0.168155026440401,"branched chain aminotransferase 2, mitochondrial [Source:MGI Symbol;Acc:MGI:1276534]",0.295317301829427
"Psmb3",0.29498171061949,0.0556330333050478,0.295973352301892,0.162729965916785,"proteasome (prosome, macropain) subunit, beta type 3 [Source:MGI Symbol;Acc:MGI:1347014]",0.295477531460691
"Sssca1",0.279089586622514,0.169500119874366,0.312324337574275,0.201621559374639,NA,0.295706962098395
"Psmg1",0.339174677724632,0.0384690916159416,0.252926310712568,0.19009272736809,"proteasome (prosome, macropain) assembly chaperone 1 [Source:MGI Symbol;Acc:MGI:1860263]",0.2960504942186
"Tcf19",0.302639154688018,0.119991719152617,0.289593928748178,0.207671701037539,"transcription factor 19 [Source:MGI Symbol;Acc:MGI:103180]",0.296116541718098
"Anapc15",0.281904802245137,0.124188105308753,0.310333843872898,0.168199190822752,"anaphase promoting complex C subunit 15 [Source:MGI Symbol;Acc:MGI:1922680]",0.296119323059017
"Rrs1",0.316905483299315,0.035682593099819,0.27600671093719,0.162729965916785,"ribosome biogenesis regulator 1 [Source:MGI Symbol;Acc:MGI:1929721]",0.296456097118252
"Cox8a",0.331724288805997,0.0926886266078124,0.261502912125129,0.251718724581775,"cytochrome c oxidase subunit 8A [Source:MGI Symbol;Acc:MGI:105959]",0.296613600465563
"BC021614",0.208291600702958,0.396860967320548,0.385078049846357,0.197718212882542,NA,0.296684825274658
"Calcb",0.456260112229849,0.211880090682421,0.137975467715512,0.784970122084688,"calcitonin-related polypeptide, beta [Source:MGI Symbol;Acc:MGI:2151254]",0.297117789972681
"Pabpn1",0.321368480163568,0.0818169090016586,0.272871883852005,0.207671701037539,"poly(A) binding protein, nuclear 1 [Source:MGI Symbol;Acc:MGI:1859158]",0.297120182007787
"Tdp1",0.303699788720647,0.184293896171218,0.290540796616434,0.274423960236238,"tyrosyl-DNA phosphodiesterase 1 [Source:MGI Symbol;Acc:MGI:1920036]",0.297120292668541
"0610012G03Rik",0.345295719163946,0.0660043103928807,0.248981578475321,0.247721926369743,NA,0.297138648819634
"Rps5",0.283251134260549,0.135457991963446,0.31142518688304,0.185285525755214,"ribosomal protein S5 [Source:MGI Symbol;Acc:MGI:1097682]",0.297338160571795
"Phactr1",0.434710128410006,0.184742942561126,0.16036162132825,0.709996590608271,"phosphatase and actin regulator 1 [Source:MGI Symbol;Acc:MGI:2659021]",0.297535874869128
"Rps9",0.284177182531059,0.148252484714764,0.310961722673923,0.197718212882542,"ribosomal protein S9 [Source:MGI Symbol;Acc:MGI:1924096]",0.297569452602491
"Dhx30",0.361032129061064,0.0985292704971567,0.234168933644354,0.356698429092252,"DExH-box helicase 30 [Source:MGI Symbol;Acc:MGI:1920081]",0.297600531352709
"Ctu2",0.249346322565552,0.296945512197083,0.346665950177878,0.226220970068577,"cytosolic thiouridylase subunit 2 [Source:MGI Symbol;Acc:MGI:1914215]",0.298006136371715
"Tdrp",0.35079438836019,0.23482577331,0.24550997946975,0.488946333550104,"testis development related protein [Source:MGI Symbol;Acc:MGI:1919398]",0.29815218391497
"Crip2",0.312997631467913,0.0910415001860427,0.28338630792749,0.198636638967883,"cysteine rich protein 2 [Source:MGI Symbol;Acc:MGI:1915587]",0.298191969697701
"Map1lc3a",0.392068620975058,0.074234397818018,0.204718590438728,0.420866688242434,"microtubule-associated protein 1 light chain 3 alpha [Source:MGI Symbol;Acc:MGI:1915661]",0.298393605706893
"Mettl26",0.316299365465852,0.078118230710345,0.280777774538851,0.196289256555146,"methyltransferase like 26 [Source:MGI Symbol;Acc:MGI:1915597]",0.298538570002352
"Rtn2",0.372336921573198,0.177462141764794,0.224795963060603,0.496335474297491,"reticulon 2 (Z-band associated protein) [Source:MGI Symbol;Acc:MGI:107612]",0.2985664423169
"Mars",0.29995910204001,0.157346119258705,0.297633773228109,0.232507635359052,NA,0.298796437634059
"Ikbkap",0.297065147966605,0.124660506690756,0.300828818377182,0.197718212882542,NA,0.298946983171893
"Tmem200a",0.459619762210684,0.199182053949066,0.139062703550481,0.778308777212901,"transmembrane protein 200A [Source:MGI Symbol;Acc:MGI:1924470]",0.299341232880583
"Ndufb2",0.340936570224085,0.0491736120444704,0.257928181789344,0.2051278057827,"NADH:ubiquinone oxidoreductase subunit B2 [Source:MGI Symbol;Acc:MGI:1915448]",0.299432376006715
"Fen1",0.296160327854778,0.118143311564646,0.302834356707565,0.192162323269413,"flap structure specific endonuclease 1 [Source:MGI Symbol;Acc:MGI:102779]",0.299497342281172
"Pdrg1",0.33103664841839,0.0914314997533151,0.268176622549706,0.239343773696918,"p53 and DNA damage regulated 1 [Source:MGI Symbol;Acc:MGI:1915809]",0.299606635484048
"Smarca2",0.368502572039738,0.156708354843784,0.230899363934354,0.452512854742461,"SWI/SNF related, matrix associated, actin dependent regulator of chromatin, subfamily a, member 2 [Source:MGI Symbol;Acc:MGI:99603]",0.299700967987046
"Slirp",0.316055795264919,0.0445969496299449,0.283751980062649,0.162729965916785,"SRA stem-loop interacting RNA binding protein [Source:MGI Symbol;Acc:MGI:1916394]",0.299903887663784
"Ccdc136",0.537282093508392,0.241969113674942,0.0636133412985991,0.928975451455857,"coiled-coil domain containing 136 [Source:MGI Symbol;Acc:MGI:1918128]",0.300447717403496
"Ddx39",0.290008060949989,0.0810155074169564,0.311033334250533,0.162729965916785,NA,0.300520697600261
"Lyar",0.312754096937387,0.107104634663488,0.288445916890655,0.207671701037539,"Ly1 antibody reactive clone [Source:MGI Symbol;Acc:MGI:107470]",0.300600006914021
"Rilpl2",0.378345342338667,0.0513520020099631,0.223266021811139,0.310533369094543,"Rab interacting lysosomal protein-like 2 [Source:MGI Symbol;Acc:MGI:1933112]",0.300805682074903
"Trim45",0.486177418395875,0.122105777969098,0.115493390184785,0.787087677858188,"tripartite motif-containing 45 [Source:MGI Symbol;Acc:MGI:1918187]",0.30083540429033
"Pdap1",0.337448548265364,0.0592048685515099,0.264523982606985,0.207671701037539,"PDGFA associated protein 1 [Source:MGI Symbol;Acc:MGI:2448536]",0.300986265436175
"Crlf2",0.315698815962151,0.234190219266123,0.286354459699371,0.357155891062048,"cytokine receptor-like factor 2 [Source:MGI Symbol;Acc:MGI:1889506]",0.301026637830761
"Aprt",0.304854588509815,0.222182547900617,0.297311957469635,0.308109654711805,"adenine phosphoribosyl transferase [Source:MGI Symbol;Acc:MGI:88061]",0.301083272989725
"Fbln2",0.385434193996971,0.171588573732524,0.216826643715476,0.522767348653007,"fibulin 2 [Source:MGI Symbol;Acc:MGI:95488]",0.301130418856223
"Mrpl33",0.339631283799803,0.0419473474338183,0.263122510311726,0.187592364584338,"mitochondrial ribosomal protein L33 [Source:MGI Symbol;Acc:MGI:2137225]",0.301376897055765
"Tomm40",0.320395334222981,0.0546703982350083,0.282405243984093,0.168155026440401,"translocase of outer mitochondrial membrane 40 [Source:MGI Symbol;Acc:MGI:1858259]",0.301400289103537
"Pgs1",0.332903378435853,0.035682593099819,0.270161225268182,0.162729965916785,"phosphatidylglycerophosphate synthase 1 [Source:MGI Symbol;Acc:MGI:1921701]",0.301532301852018
"Ptgis",0.362334251307329,0.185853705562824,0.241641505697136,0.458911922354632,"prostaglandin I2 (prostacyclin) synthase [Source:MGI Symbol;Acc:MGI:1097156]",0.301987878502233
"Kcne4",0.430542022822634,0.163234604620987,0.17406320980735,0.654810551989397,"potassium voltage-gated channel, Isk-related subfamily, gene 4 [Source:MGI Symbol;Acc:MGI:1891125]",0.302302616314992
"Gmpr",0.364345662261683,0.200877081251287,0.240665011264614,0.481774761475975,"guanosine monophosphate reductase [Source:MGI Symbol;Acc:MGI:1913605]",0.302505336763149
"Fads3",0.371228684091582,0.153533281200539,0.233998073087189,0.44495102125036,"fatty acid desaturase 3 [Source:MGI Symbol;Acc:MGI:1928740]",0.302613378589386
"Dact3",0.399756860045292,0.17320538324253,0.205507568715541,0.565044631468639,"dishevelled-binding antagonist of beta-catenin 3 [Source:MGI Symbol;Acc:MGI:3654828]",0.302632214380416
"Syne4",0.360586942155905,0.195527088153784,0.244710010443208,0.461692232887132,"spectrin repeat containing, nuclear envelope family member 4 [Source:MGI Symbol;Acc:MGI:2141950]",0.302648476299556
"Fzd2",0.433875234780337,0.0955893947759296,0.171471476164158,0.59169760952114,"frizzled class receptor 2 [Source:MGI Symbol;Acc:MGI:1888513]",0.302673355472247
"Sdsl",0.287546818297043,0.170494276816513,0.318323785351671,0.206901494199413,"serine dehydratase-like [Source:MGI Symbol;Acc:MGI:2182607]",0.302935301824357
"1110004E09Rik",0.29663723492098,0.0327906244937893,0.309584009597691,0.0909135596180853,NA,0.303110622259335
"Oaz1",0.311731618675505,0.0922959912658226,0.294549454608027,0.194171244388652,"ornithine decarboxylase antizyme 1 [Source:MGI Symbol;Acc:MGI:109433]",0.303140536641766
"Pebp1",0.310607259125183,0.0445969496299449,0.29573322244995,0.162729965916785,"phosphatidylethanolamine binding protein 1 [Source:MGI Symbol;Acc:MGI:1344408]",0.303170240787566
"Rfc4",0.262731758618742,0.118990191681336,0.344635967112451,0.162729965916785,"replication factor C (activator 1) 4 [Source:MGI Symbol;Acc:MGI:2146571]",0.303683862865596
"Zfp940",0.391015032214865,0.195925814933329,0.216512300189938,0.558220575629965,"zinc finger protein 940 [Source:MGI Symbol;Acc:MGI:2446235]",0.303763666202401
"Ift27",0.337427560134645,0.088875119007663,0.270463945865839,0.239343773696918,"intraflagellar transport 27 [Source:MGI Symbol;Acc:MGI:1914292]",0.303945753000242
"Smim12",0.309893284600456,0.0654948145759091,0.298048269030713,0.163493285359627,"small integral membrane protein 12 [Source:MGI Symbol;Acc:MGI:1933141]",0.303970776815584
"Zfp593",0.339400531604912,0.0849274609695713,0.269139029808465,0.237126720724625,"zinc finger protein 593 [Source:MGI Symbol;Acc:MGI:1915290]",0.304269780706689
"Tmem261",0.339314182301897,0.059068895169711,0.269799992003183,0.2051278057827,NA,0.30455708715254
"Cyba",0.374463770626766,0.0955893947759296,0.234879336665723,0.367213131178255,"cytochrome b-245, alpha polypeptide [Source:MGI Symbol;Acc:MGI:1316658]",0.304671553646244
"Ndufa13",0.343788564560411,0.0776905946106067,0.265740973651452,0.237457936856267,"NADH:ubiquinone oxidoreductase subunit A13 [Source:MGI Symbol;Acc:MGI:1914434]",0.304764769105932
"Lims2",0.388198138721982,0.223783757616672,0.22145482180137,0.572065603615926,"LIM and senescent cell antigen like domains 2 [Source:MGI Symbol;Acc:MGI:2385067]",0.304826480261676
"Psmb9",0.318871214324065,0.240903558244944,0.290916786116061,0.362948445798034,"proteasome (prosome, macropain) subunit, beta type 9 (large multifunctional peptidase 2) [Source:MGI Symbol;Acc:MGI:1346526]",0.304894000220063
"Ten1",0.376085495284063,0.0518550924420938,0.234104100169978,0.285717968363045,"TEN1 telomerase capping complex subunit [Source:MGI Symbol;Acc:MGI:1916785]",0.305094797727021
"Rps13",0.294937195944567,0.125412019399692,0.315706697018548,0.186758832261382,"ribosomal protein S13 [Source:MGI Symbol;Acc:MGI:1915302]",0.305321946481558
"Kcnh3",0.400752132839824,0.198635918551404,0.210642140505187,0.583123205672991,"potassium voltage-gated channel, subfamily H (eag-related), member 3 [Source:MGI Symbol;Acc:MGI:1341723]",0.305697136672506
"Haus7",0.296678977494555,0.153533281200539,0.31474463484134,0.2051278057827,"HAUS augmin-like complex, subunit 7 [Source:MGI Symbol;Acc:MGI:1920988]",0.305711806167948
"Rnf186",0.335377427873615,0.0849274609695713,0.276432726835491,0.226105015348892,"ring finger protein 186 [Source:MGI Symbol;Acc:MGI:1914075]",0.305905077354553
"Adcy4",0.38254920866418,0.178722755075377,0.229329404522836,0.500719707749102,"adenylate cyclase 4 [Source:MGI Symbol;Acc:MGI:99674]",0.305939306593508
"Rep15",0.390115034695344,0.0538747353192554,0.221795198629885,0.335793892880295,"RAB15 effector protein [Source:MGI Symbol;Acc:MGI:1913782]",0.305955116662614
"Rpain",0.310722906319698,0.139611251903646,0.301777468984859,0.226105015348892,"RPA interacting protein [Source:MGI Symbol;Acc:MGI:1916973]",0.306250187652279
"Ndufa7",0.319342699237172,0.0659768107140516,0.293489835531079,0.168199190822752,"NADH:ubiquinone oxidoreductase subunit A7 [Source:MGI Symbol;Acc:MGI:1913666]",0.306416267384126
"Gtf2h5",0.330887563753034,0.0327906244937893,0.282067813404684,0.162729965916785,"general transcription factor IIH, polypeptide 5 [Source:MGI Symbol;Acc:MGI:107227]",0.306477688578859
"Ndrg4",0.382099055030057,0.22637963093287,0.231554542600488,0.548545169508978,"N-myc downstream regulated gene 4 [Source:MGI Symbol;Acc:MGI:2384590]",0.306826798815272
"Tmem208",0.326828805513092,0.0496917138044377,0.287220695018374,0.168155026440401,"transmembrane protein 208 [Source:MGI Symbol;Acc:MGI:1913570]",0.307024750265733
"Josd2",0.356818756057616,0.0634845228131203,0.257520837212644,0.241723186792036,"Josephin domain containing 2 [Source:MGI Symbol;Acc:MGI:1913374]",0.30716979663513
"Pelo",0.335979346640836,0.00576307818499283,0.27874662353735,0.0909224282168206,"pelota mRNA surveillance and ribosome rescue factor [Source:MGI Symbol;Acc:MGI:2145154]",0.307362985089093
"Wnt5b",0.312851608191093,0.238872413275295,0.302083376349832,0.330645912467191,"wingless-type MMTV integration site family, member 5B [Source:MGI Symbol;Acc:MGI:98959]",0.307467492270462
"Borcs5",0.294779221547644,0.122549101550946,0.320276632468006,0.173014444485906,"BLOC-1 related complex subunit 5 [Source:MGI Symbol;Acc:MGI:1915024]",0.307527927007825
"Ovol2",0.373311352804776,0.105190241174421,0.242026246288101,0.364833220876371,"ovo like zinc finger 2 [Source:MGI Symbol;Acc:MGI:1338039]",0.307668799546438
"Krtcap2",0.312802358118037,0.074234397818018,0.302743609291822,0.168155026440401,"keratinocyte associated protein 2 [Source:MGI Symbol;Acc:MGI:1913309]",0.30777298370493
"Cib1",0.372209879521009,0.105190241174421,0.243623255045623,0.361362759541983,"calcium and integrin binding 1 [Source:MGI Symbol;Acc:MGI:1344418]",0.307916567283316
"Trnp1",0.415030626418491,0.197578297265575,0.200842162476854,0.615272205708887,"TMF1-regulated nuclear protein 1 [Source:MGI Symbol;Acc:MGI:1916789]",0.307936394447673
"Csrp1",0.347888896104359,0.19318163594187,0.268874232639631,0.388865495084608,"cysteine and glycine-rich protein 1 [Source:MGI Symbol;Acc:MGI:88549]",0.308381564371995
"Pcp4l1",0.4115362854096,0.175626034620597,0.205307147467531,0.58089067101634,"Purkinje cell protein 4-like 1 [Source:MGI Symbol;Acc:MGI:1913675]",0.308421716438566
"2010107E04Rik",0.321332720782625,0.0782926362467377,0.295985252572326,0.186758832261382,NA,0.308658986677475
"Mrps25",0.362925238939589,0.0496614494147802,0.255272924874454,0.229978839117901,"mitochondrial ribosomal protein S25 [Source:MGI Symbol;Acc:MGI:1928140]",0.309099081907022
"Pigyl",0.338304500191318,0.0564365334157998,0.280215712720272,0.19234002298932,"phosphatidylinositol glycan anchor biosynthesis, class Y-like [Source:MGI Symbol;Acc:MGI:1913518]",0.309260106455795
"Hddc2",0.313850324111842,0.0929807516430309,0.304709295851339,0.187592364584338,"HD domain containing 2 [Source:MGI Symbol;Acc:MGI:1916942]",0.30927980998159
"Bcl2l12",0.34988762241844,0.0739494820446982,0.268796333792033,0.234476583343291,"BCL2 like 12 [Source:MGI Symbol;Acc:MGI:1922986]",0.309341978105237
"Cited4",0.386375351049572,0.0959993985296421,0.232484931186493,0.391681411364437,"Cbp/p300-interacting transactivator, with Glu/Asp-rich carboxy-terminal domain, 4 [Source:MGI Symbol;Acc:MGI:1861694]",0.309430141118032
"Srp19",0.353440213000288,0.0543776922642305,0.266769688254126,0.211581546332758,"signal recognition particle 19 [Source:MGI Symbol;Acc:MGI:1913634]",0.310104950627207
"Ppie",0.30871888078357,0.0538747353192554,0.312065124248135,0.162729965916785,"peptidylprolyl isomerase E (cyclophilin E) [Source:MGI Symbol;Acc:MGI:1917118]",0.310392002515853
"Nedd8",0.344101159598115,0.0327906244937893,0.277139159020984,0.162729965916785,"neural precursor cell expressed, developmentally down-regulated gene 8 [Source:MGI Symbol;Acc:MGI:97301]",0.31062015930955
"Mus81",0.342069945881241,0.126660046339282,0.279679902046934,0.278151439441425,"MUS81 structure-specific endonuclease subunit [Source:MGI Symbol;Acc:MGI:1918961]",0.310874923964088
"Mustn1",0.369268136944297,0.213799491241904,0.252600456425832,0.477359834022042,"musculoskeletal, embryonic nuclear protein 1 [Source:MGI Symbol;Acc:MGI:1913425]",0.310934296685065
"Slc50a1",0.330956821967353,0.125412019399692,0.290990576055828,0.244445160818948,"solute carrier family 50 (sugar transporter), member 1 [Source:MGI Symbol;Acc:MGI:107417]",0.31097369901159
"Sez6l",0.435031249735972,0.235614879940108,0.186919491743915,0.698987601620119,"seizure related 6 homolog like [Source:MGI Symbol;Acc:MGI:1935121]",0.310975370739944
"Mblac1",0.339114304095812,0.126217201786434,0.283198503312075,0.266664971956856,"metallo-beta-lactamase domain containing 1 [Source:MGI Symbol;Acc:MGI:2679717]",0.311156403703943
"Tm2d3",0.348885554526725,0.0426991101671376,0.273544068686298,0.187592364584338,"TM2 domain containing 3 [Source:MGI Symbol;Acc:MGI:1915884]",0.311214811606511
"Hgh1",0.323036359334086,0.122715477299204,0.29984100619628,0.22305013348687,"HGH1 homolog [Source:MGI Symbol;Acc:MGI:1930628]",0.311438682765183
"Coa3",0.339141696229847,0.0932941642332437,0.284002989621194,0.231000115785735,"cytochrome C oxidase assembly factor 3 [Source:MGI Symbol;Acc:MGI:1098757]",0.31157234292552
"Obscn",0.41808022936854,0.238839145024805,0.205653082741945,0.648437135770596,"obscurin, cytoskeletal calmodulin and titin-interacting RhoGEF [Source:MGI Symbol;Acc:MGI:2681862]",0.311866656055242
"Acy1",0.267224573758815,0.307101422042041,0.356617628016206,0.245909614859992,"aminoacylase 1 [Source:MGI Symbol;Acc:MGI:87913]",0.31192110088751
"Polrmt",0.360939284127227,0.143862950524017,0.262919167002167,0.358809210706746,"polymerase (RNA) mitochondrial (DNA directed) [Source:MGI Symbol;Acc:MGI:1915843]",0.311929225564697
"Elp5",0.340720831462289,0.0327906244937893,0.283369646432573,0.162729965916785,"elongator acetyltransferase complex subunit 5 [Source:MGI Symbol;Acc:MGI:1859017]",0.312045238947431
"Wbscr16",0.320978680101662,0.0445969496299449,0.303208394741656,0.162729965916785,NA,0.312093537421659
"Abhd17a",0.275943736845836,0.252440496986479,0.348646387992944,0.228319018180083,"abhydrolase domain containing 17A [Source:MGI Symbol;Acc:MGI:106388]",0.31229506241939
"Haghl",0.29396384511587,0.230835769418431,0.330867509203054,0.249684395473052,"hydroxyacylglutathione hydrolase-like [Source:MGI Symbol;Acc:MGI:1919877]",0.312415677159462
"Psmb4",0.328983088336625,0.0929807516430309,0.29620080436124,0.205205822700914,"proteasome (prosome, macropain) subunit, beta type 4 [Source:MGI Symbol;Acc:MGI:1098257]",0.312591946348933
"Kif22",0.285167896139111,0.199872064909066,0.340410214477648,0.2051278057827,"kinesin family member 22 [Source:MGI Symbol;Acc:MGI:109233]",0.31278905530838
"Esm1",0.449710137766604,0.196869104602073,0.1759223303542,0.700306453154074,"endothelial cell-specific molecule 1 [Source:MGI Symbol;Acc:MGI:1918940]",0.312816234060402
"Sfxn5",0.336449604508312,0.227012816221783,0.289314878479174,0.373262303618226,"sideroflexin 5 [Source:MGI Symbol;Acc:MGI:2137681]",0.312882241493743
"Marveld1",0.422231863912597,0.124660506690756,0.203663181750543,0.534628120536853,"MARVEL (membrane-associating) domain containing 1 [Source:MGI Symbol;Acc:MGI:2147570]",0.31294752283157
"Sct",0.424630757571494,0.190776400077163,0.201546644346263,0.615730341198414,"secretin [Source:MGI Symbol;Acc:MGI:99466]",0.313088700958878
"Creld1",0.44351500030898,0.0849274609695713,0.182985117410897,0.552562531760634,"cysteine-rich with EGF-like domains 1 [Source:MGI Symbol;Acc:MGI:2152539]",0.313250058859939
"Atp5d",0.319593935638755,0.124301891504331,0.307196954166386,0.207671701037539,NA,0.31339544490257
"Vegfd",0.473842497994917,0.142102564708642,0.153566499528021,0.71693794723289,"vascular endothelial growth factor D [Source:MGI Symbol;Acc:MGI:108037]",0.313704498761469
"Tifa",0.353645398686815,0.228903055404321,0.274361578290576,0.432790390417905,"TRAF-interacting protein with forkhead-associated domain [Source:MGI Symbol;Acc:MGI:2182965]",0.314003488488696
"Snap91",0.444275415494323,0.205964836500723,0.183859403476651,0.686751449237869,"synaptosomal-associated protein 91 [Source:MGI Symbol;Acc:MGI:109132]",0.314067409485487
"Banp",0.394332003785811,0.0699947466882044,0.233996645975217,0.347922939871362,"BTG3 associated nuclear protein [Source:MGI Symbol;Acc:MGI:1889023]",0.314164324880514
"Atp5l",0.336569047299356,0.0734100520918776,0.291817537233343,0.197718212882542,NA,0.31419329226635
"Isoc2b",0.342238050599113,0.0764194457276348,0.287386987539956,0.206542336174732,"isochorismatase domain containing 2b [Source:MGI Symbol;Acc:MGI:1914691]",0.314812519069535
"Atp5g2",0.329267922413451,0.0892815878524152,0.300710415950938,0.197718212882542,NA,0.314989169182194
"Fxyd1",0.390782249162072,0.249154904127707,0.240043252099384,0.564099155717299,"FXYD domain-containing ion transport regulator 1 [Source:MGI Symbol;Acc:MGI:1889273]",0.315412750630728
"Gm6576",0.317837425271234,0.0723426099900308,0.31355796742119,0.163578753696457,"predicted gene 6576 [Source:MGI Symbol;Acc:MGI:3646644]",0.315697696346212
"Gm20390",0.240198558433838,0.329884778926274,0.391791032298509,0.197718212882542,NA,0.315994795366173
"Aen",0.31812632350802,0.0782926362467377,0.314491004216204,0.168155026440401,"apoptosis enhancing nuclease [Source:MGI Symbol;Acc:MGI:1915298]",0.316308663862112
"Gar1",0.336166423431043,0.0648209591146937,0.296761435563467,0.18416949213866,"GAR1 ribonucleoprotein [Source:MGI Symbol;Acc:MGI:1930948]",0.316463929497255
"Ccdc12",0.345235257407382,0.0661857222315016,0.287877836140493,0.198636638967883,"coiled-coil domain containing 12 [Source:MGI Symbol;Acc:MGI:1919904]",0.316556546773938
"Cebpb",0.302403333513612,0.205964836500723,0.330866604730593,0.239343773696918,"CCAAT/enhancer binding protein beta [Source:MGI Symbol;Acc:MGI:88373]",0.316634969122102
"Nme3",0.355354774439197,0.0568518666825454,0.278914680691251,0.206885052413897,"NME/NM23 nucleoside diphosphate kinase 3 [Source:MGI Symbol;Acc:MGI:1930182]",0.317134727565224
"Psmb10",0.366359907931404,0.0931557053792669,0.267974384783818,0.286988163919937,"proteasome (prosome, macropain) subunit, beta type 10 [Source:MGI Symbol;Acc:MGI:1096380]",0.317167146357611
"Trmt112",0.344975829990021,0.132784716318393,0.290408695599041,0.269123914174589,"tRNA methyltransferase 11-2 [Source:MGI Symbol;Acc:MGI:1914924]",0.317692262794531
"Mrpl54",0.32207727353557,0.100672075610032,0.313958697315212,0.192669177946779,"mitochondrial ribosomal protein L54 [Source:MGI Symbol;Acc:MGI:1913297]",0.318017985425391
"Rpl36",0.307442155914722,0.186769450079176,0.328826528015263,0.232425635551197,"ribosomal protein L36 [Source:MGI Symbol;Acc:MGI:1860603]",0.318134341964993
"Ndufs5",0.333052626904032,0.0698154613478129,0.303900235660063,0.174954255023785,"NADH:ubiquinone oxidoreductase core subunit S5 [Source:MGI Symbol;Acc:MGI:1890889]",0.318476431282048
"Prrc2a",0.371569633142079,0.0551344546054595,0.265715016452809,0.235827948988171,"proline-rich coiled-coil 2A [Source:MGI Symbol;Acc:MGI:1915467]",0.318642324797444
"Hoxc9",0.522603065516118,0.224739393778371,0.11475169235622,0.852187960182949,"homeobox C9 [Source:MGI Symbol;Acc:MGI:96199]",0.318677378936169
"Bcam",0.366353818682643,0.0940681903351355,0.271101813436021,0.284506747706734,"basal cell adhesion molecule [Source:MGI Symbol;Acc:MGI:1929940]",0.318727816059332
"Nxn",0.412760496002694,0.135899957976996,0.225193102816642,0.490516628259331,"nucleoredoxin [Source:MGI Symbol;Acc:MGI:109331]",0.318976799409668
"Emg1",0.342513399120008,0.0426991101671376,0.295589488036836,0.163157573007467,"EMG1 N1-specific pseudouridine methyltransferase [Source:MGI Symbol;Acc:MGI:1315195]",0.319051443578422
"Mrpl12",0.33288242599476,0.0608612253654929,0.305277477847949,0.168155026440401,"mitochondrial ribosomal protein L12 [Source:MGI Symbol;Acc:MGI:1926273]",0.319079951921355
"Dmpk",0.447484522852851,0.17772858552513,0.190856955991459,0.648012334349049,"dystrophia myotonica-protein kinase [Source:MGI Symbol;Acc:MGI:94906]",0.319170739422155
"Ckm",0.427893238218137,0.209670198313337,0.21046128834497,0.619466439601604,"creatine kinase, muscle [Source:MGI Symbol;Acc:MGI:88413]",0.319177263281553
"Plvap",0.312067196815132,0.239201705286815,0.326653500207031,0.292510195746463,"plasmalemma vesicle associated protein [Source:MGI Symbol;Acc:MGI:1890497]",0.319360348511082
"Fbl",0.305997984799413,0.0850595528724954,0.333761015969259,0.162729965916785,"fibrillarin [Source:MGI Symbol;Acc:MGI:95486]",0.319879500384336
"Tbcc",0.368642804424291,0.0421771307268457,0.271338976772732,0.198636638967883,"tubulin-specific chaperone C [Source:MGI Symbol;Acc:MGI:1919976]",0.319990890598511
"Nle1",0.267220399118171,0.205964836500723,0.373122628100593,0.168155026440401,"notchless homolog 1 [Source:MGI Symbol;Acc:MGI:2429770]",0.320171513609382
"Bhlha15",0.442733225017182,0.181688878318965,0.1976407714056,0.632332799844982,"basic helix-loop-helix family, member a15 [Source:MGI Symbol;Acc:MGI:891976]",0.320186998211391
"Nudt16l1",0.337007315568349,0.0546703982350083,0.30399562174694,0.168155026440401,"nudix hydrolase 16 like 1 [Source:MGI Symbol;Acc:MGI:1914161]",0.320501468657645
"Rpl8",0.301462417516995,0.116725219040541,0.339641974068959,0.168155026440401,"ribosomal protein L8 [Source:MGI Symbol;Acc:MGI:1350927]",0.320552195792977
"0610009L18Rik",0.362604623662551,0.248393808500643,0.278525987383094,0.459925256277204,"RIKEN cDNA 0610009L18 gene [Source:MGI Symbol;Acc:MGI:1914088]",0.320565305522822
"Cnp",0.32240055723057,0.197873422248348,0.319005303431503,0.273981976820058,"2',3'-cyclic nucleotide 3' phosphodiesterase [Source:MGI Symbol;Acc:MGI:88437]",0.320702930331036
"Fez1",0.387368275226319,0.217881897231223,0.255016543778757,0.499211215090543,"fasciculation and elongation protein zeta 1 [Source:MGI Symbol;Acc:MGI:2670976]",0.321192409502538
"Chchd10",0.352969713810067,0.0820134458901064,0.289485137067978,0.22305013348687,"coiled-coil-helix-coiled-coil-helix domain containing 10 [Source:MGI Symbol;Acc:MGI:2143558]",0.321227425439022
"Elp6",0.339870595475241,0.0810155074169564,0.302723821563828,0.197718212882542,"elongator acetyltransferase complex subunit 6 [Source:MGI Symbol;Acc:MGI:1919349]",0.321297208519534
"Fam57b",0.516511388984742,0.178451225556424,0.126131396443419,0.813352855511033,NA,0.321321392714081
"Ldoc1l",0.34103278916221,0.233009250399637,0.301802617719912,0.365981014731089,NA,0.321417703441061
"Upf3b",0.371326334399818,0.1621012707208,0.271623047344535,0.375960917567249,"UPF3 regulator of nonsense transcripts homolog B (yeast) [Source:MGI Symbol;Acc:MGI:1915384]",0.321474690872177
"Rp9",0.343215879160513,0.0999710996843302,0.300087022943948,0.22617425894996,"retinitis pigmentosa 9 (human) [Source:MGI Symbol;Acc:MGI:2157166]",0.32165145105223
"Csdc2",0.394827659727248,0.222550958134848,0.248713062432673,0.526152142545074,"cold shock domain containing C2, RNA binding [Source:MGI Symbol;Acc:MGI:2146027]",0.32177036107996
"Nxt1",0.361503860752746,0.0442545003395732,0.282309884055366,0.192120861630439,"NTF2-related export protein 1 [Source:MGI Symbol;Acc:MGI:1929619]",0.321906872404056
"Ece2",0.375540835079243,0.0445739470240535,0.268773488839978,0.209918459400232,"endothelin converting enzyme 2 [Source:MGI Symbol;Acc:MGI:1101356]",0.322157161959611
"Mrpl20",0.361896029954887,0.0415263346206187,0.282607571382169,0.178865327324324,"mitochondrial ribosomal protein L20 [Source:MGI Symbol;Acc:MGI:2137221]",0.322251800668528
"Zfp444",0.37201827946943,0.0922959912658226,0.273051181639791,0.284163341487391,"zinc finger protein 444 [Source:MGI Symbol;Acc:MGI:1923365]",0.32253473055461
"Wtip",0.383350197980279,0.0518550924420938,0.262031617282965,0.244000744481342,"WT1 interacting protein [Source:MGI Symbol;Acc:MGI:2141920]",0.322690907631622
"Nkg7",0.478506565960969,0.137432171910205,0.166876091285195,0.685999211117075,"natural killer cell group 7 sequence [Source:MGI Symbol;Acc:MGI:1931250]",0.322691328623082
"Rasd1",0.219602069604572,0.45715041448116,0.425947319615943,0.207671701037539,"RAS, dexamethasone-induced 1 [Source:MGI Symbol;Acc:MGI:1270848]",0.322774694610257
"Ndufb6",0.334314897985344,0.0534709040306561,0.314126124880259,0.162729965916785,"NADH:ubiquinone oxidoreductase subunit B6 [Source:MGI Symbol;Acc:MGI:2684983]",0.324220511432802
"Polr1e",0.334480312441885,0.0934768012560602,0.314712962752411,0.197718212882542,"polymerase (RNA) I polypeptide E [Source:MGI Symbol;Acc:MGI:1929022]",0.324596637597148
"Cdk2ap2",0.366918755587631,0.0708322652023672,0.282533561259404,0.230964946156523,"cyclin dependent kinase 2 associated protein 2 [Source:MGI Symbol;Acc:MGI:1098779]",0.324726158423517
"Car2",0.330011119648049,0.170494276816513,0.320566603367165,0.252174484327694,"carbonic anhydrase 2 [Source:MGI Symbol;Acc:MGI:88269]",0.325288861507607
"Baiap3",0.378886408731214,0.243695971365594,0.271906377559176,0.487018582367184,"BAI1-associated protein 3 [Source:MGI Symbol;Acc:MGI:2685783]",0.325396393145195
"Pla2g12a",0.357633118863113,0.0929807516430309,0.293653372056968,0.237558527911579,"phospholipase A2, group XIIA [Source:MGI Symbol;Acc:MGI:1913600]",0.325643245460041
"Pygm",0.476738727074789,0.139110430146067,0.17535146068299,0.666069215449609,"muscle glycogen phosphorylase [Source:MGI Symbol;Acc:MGI:97830]",0.326045093878889
"Sox18",0.379283198512006,0.196117319584293,0.273099002723949,0.433387446402256,"SRY (sex determining region Y)-box 18 [Source:MGI Symbol;Acc:MGI:103559]",0.326191100617978
"Fdx1l",0.350763585557149,0.0940681903351355,0.302213625283883,0.223583617789449,NA,0.326488605420516
"Slc2a4",0.415660347623004,0.172018755348165,0.237400469942215,0.516374603278253,"solute carrier family 2 (facilitated glucose transporter), member 4 [Source:MGI Symbol;Acc:MGI:95758]",0.32653040878261
"Coprs",0.372143394078459,0.0684532916588427,0.282098416443102,0.233133573956131,"coordinator of PRMT5, differentiation stimulator [Source:MGI Symbol;Acc:MGI:1913673]",0.327120905260781
"Reep2",0.385605081920371,0.224654396558906,0.268992654173856,0.480265102343439,"receptor accessory protein 2 [Source:MGI Symbol;Acc:MGI:2385070]",0.327298868047114
"1500011K16Rik",0.386774869705459,0.0328941009885878,0.268740639698302,0.197718212882542,NA,0.327757754701881
"Prss35",0.37071026043857,0.205964836500723,0.284808998653129,0.408922124672892,"serine protease 35 [Source:MGI Symbol;Acc:MGI:2444800]",0.327759629545849
"Nop10",0.326099213012332,0.0659768107140516,0.329475375905848,0.162729965916785,"NOP10 ribonucleoprotein [Source:MGI Symbol;Acc:MGI:1913431]",0.32778729445909
"Nefl",0.485011127529325,0.195290518577718,0.171388820237351,0.730677256711053,"neurofilament, light polypeptide [Source:MGI Symbol;Acc:MGI:97313]",0.328199973883338
"Mtfp1",0.360010787902873,0.0773319892498479,0.29652757853046,0.209918459400232,"mitochondrial fission process 1 [Source:MGI Symbol;Acc:MGI:1916686]",0.328269183216667
"1700037C18Rik",0.350973338887159,0.172062102256698,0.305668696039403,0.306590977272387,"RIKEN cDNA 1700037C18 gene [Source:MGI Symbol;Acc:MGI:1920511]",0.328321017463281
"Pnkd",0.354388768894637,0.035682593099819,0.302508470336969,0.162729965916785,"paroxysmal nonkinesiogenic dyskinesia [Source:MGI Symbol;Acc:MGI:1930773]",0.328448619615803
"Kcnh2",0.5149234870836,0.0926886266078124,0.142830488115398,0.722281686575036,"potassium voltage-gated channel, subfamily H (eag-related), member 2 [Source:MGI Symbol;Acc:MGI:1341722]",0.328876987599499
"mt-Nd6",0.450423003597478,0.133918041484086,0.207426855815842,0.565825921479669,"mitochondrially encoded NADH dehydrogenase 6 [Source:MGI Symbol;Acc:MGI:102495]",0.32892492970666
"Anapc11",0.384917401122957,0.0278313038741847,0.27320732404169,0.168155026440401,"anaphase promoting complex subunit 11 [Source:MGI Symbol;Acc:MGI:1913406]",0.329062362582324
"Eml1",0.43667754842466,0.0825471720772819,0.221629318669214,0.449018086693842,"echinoderm microtubule associated protein like 1 [Source:MGI Symbol;Acc:MGI:1915769]",0.329153433546937
"Pdlim4",0.397643627674828,0.160822350267317,0.260907350123702,0.435731173388105,"PDZ and LIM domain 4 [Source:MGI Symbol;Acc:MGI:1353470]",0.329275488899265
"Nenf",0.348660190209638,0.161628463994162,0.310208567644505,0.283415637914767,"neuron derived neurotrophic factor [Source:MGI Symbol;Acc:MGI:1913458]",0.329434378927072
"Rpl22l1",0.328602533867105,0.0624105358042927,0.330552970425516,0.162729965916785,"ribosomal protein L22 like 1 [Source:MGI Symbol;Acc:MGI:1915278]",0.32957775214631
"Prpf40a",0.37668852306958,0.088875119007663,0.282581922219839,0.265187953994856,"pre-mRNA processing factor 40A [Source:MGI Symbol;Acc:MGI:1860512]",0.32963522264471
"Ptn",0.451925100072544,0.160196258742047,0.208070564721063,0.597850093322473,"pleiotrophin [Source:MGI Symbol;Acc:MGI:97804]",0.329997832396803
"Sapcd2",0.334395534983695,0.216188621739577,0.325644846404484,0.302269005985697,"suppressor APC domain containing 2 [Source:MGI Symbol;Acc:MGI:1919330]",0.330020190694089
"Adrb1",0.44616278337197,0.0849274609695713,0.214248467553865,0.485495936801462,"adrenergic receptor, beta 1 [Source:MGI Symbol;Acc:MGI:87937]",0.330205625462918
"Gap43",0.405788995047921,0.207817761076284,0.255418011828611,0.51048483265987,"growth associated protein 43 [Source:MGI Symbol;Acc:MGI:95639]",0.330603503438266
"Ccr10",0.533984977098662,0.201268587063003,0.127672030608773,0.826885794949157,"C-C motif chemokine receptor 10 [Source:MGI Symbol;Acc:MGI:1096320]",0.330828503853717
"3110062M04Rik",0.400696139001199,0.129634872581738,0.260967606156549,0.392891800327769,NA,0.330831872578874
"Rpl13a",0.321563113465854,0.165347547695046,0.340916810500595,0.215060189437751,"ribosomal protein L13A [Source:MGI Symbol;Acc:MGI:1351455]",0.331239961983224
"Fam133b",0.37973255954903,0.120245219940389,0.284764430078652,0.310626443275356,"family with sequence similarity 133, member B [Source:MGI Symbol;Acc:MGI:1915402]",0.332248494813841
"N4bp3",0.360782754905288,0.15298930121479,0.303978689075204,0.297900137881855,"NEDD4 binding protein 3 [Source:MGI Symbol;Acc:MGI:2442218]",0.332380721990246
"Gngt2",0.345536709660815,0.137749097412426,0.319426595397436,0.238179750777001,"guanine nucleotide binding protein (G protein), gamma transducing activity polypeptide 2 [Source:MGI Symbol;Acc:MGI:893584]",0.332481652529126
"Penk",0.357516783382541,0.201584223570502,0.308549941572223,0.345995513125376,"preproenkephalin [Source:MGI Symbol;Acc:MGI:104629]",0.333033362477382
"Psd",0.440151853021971,0.21503282695662,0.226031099912875,0.607845498959965,"pleckstrin and Sec7 domain containing [Source:MGI Symbol;Acc:MGI:1920978]",0.333091476467423
"Adam15",0.429805641100479,0.0922959912658226,0.237554774938677,0.42770755172148,"ADAM metallopeptidase domain 15 [Source:MGI Symbol;Acc:MGI:1333882]",0.333680208019578
"Bex2",0.416776326186341,0.0940935938810529,0.250624247337526,0.386743628114093,"brain expressed X-linked 2 [Source:MGI Symbol;Acc:MGI:1338017]",0.333700286761933
"Cbx6",0.42314187984672,0.078538359665001,0.245727351927945,0.370302685354297,"chromobox 6 [Source:MGI Symbol;Acc:MGI:3512628]",0.334434615887333
"Tmed1",0.320518585802882,0.0849274609695713,0.348421831588204,0.162729965916785,"transmembrane p24 trafficking protein 1 [Source:MGI Symbol;Acc:MGI:106201]",0.334470208695543
"Lamtor2",0.356595910210587,0.0568518574308458,0.312384480720136,0.173014444485906,"late endosomal/lysosomal adaptor, MAPK and MTOR activator 2 [Source:MGI Symbol;Acc:MGI:1932697]",0.334490195465362
"Col16a1",0.438526448147306,0.0782926362467377,0.231244757722393,0.422190805232284,"collagen, type XVI, alpha 1 [Source:MGI Symbol;Acc:MGI:1095396]",0.334885602934849
"Ssna1",0.352400357335118,0.037472986485317,0.317742038608439,0.162729965916785,"SS nuclear autoantigen 1 [Source:MGI Symbol;Acc:MGI:1915725]",0.335071197971779
"Lrp11",0.365624171923718,0.21590914313737,0.304742721794925,0.375895110496436,"low density lipoprotein receptor-related protein 11 [Source:MGI Symbol;Acc:MGI:2442989]",0.335183446859321
"S100a13",0.398069371723367,0.0592048685515099,0.272706940500228,0.259036799675813,"S100 calcium binding protein A13 [Source:MGI Symbol;Acc:MGI:109581]",0.335388156111798
"Zfp560",0.341329097736553,0.108681545830339,0.32951082491988,0.198636638967883,"zinc finger protein 560 [Source:MGI Symbol;Acc:MGI:1915280]",0.335419961328216
"Ctla2a",0.373692136929827,0.194968953862264,0.297819592644164,0.372863112120788,"cytotoxic T lymphocyte-associated protein 2 alpha [Source:MGI Symbol;Acc:MGI:88554]",0.335755864786995
"Hyal1",0.542835559394722,0.0518550924420938,0.129302994862585,0.72012403769069,"hyaluronoglucosaminidase 1 [Source:MGI Symbol;Acc:MGI:96298]",0.336069277128653
"Rfc2",0.341245385024175,0.0887816716472441,0.331207908822593,0.178488135721698,"replication factor C (activator 1) 2 [Source:MGI Symbol;Acc:MGI:1341868]",0.336226646923384
"Syp",0.392746566769955,0.160822350267317,0.279936310311527,0.39000737416002,"synaptophysin [Source:MGI Symbol;Acc:MGI:98467]",0.336341438540741
"Smarcd3",0.399483574345494,0.230835769418431,0.273500182290253,0.494007996732141,"SWI/SNF related, matrix associated, actin dependent regulator of chromatin, subfamily d, member 3 [Source:MGI Symbol;Acc:MGI:1914243]",0.336491878317874
"Plppr2",0.424538927924143,0.173629996102783,0.248632990612349,0.507105533897268,"phospholipid phosphatase related 2 [Source:MGI Symbol;Acc:MGI:2384575]",0.336585959268246
"Tpgs1",0.344042870094447,0.124301891504331,0.329741780484991,0.207671701037539,"tubulin polyglutamylase complex subunit 1 [Source:MGI Symbol;Acc:MGI:106618]",0.336892325289719
"Grwd1",0.340249550450539,0.078118230710345,0.33384538128328,0.168155026440401,"glutamate-rich WD repeat containing 1 [Source:MGI Symbol;Acc:MGI:2141989]",0.337047465866909
"Wnk4",0.41681901518246,0.143750288987771,0.257418830953708,0.443634337501085,"WNK lysine deficient protein kinase 4 [Source:MGI Symbol;Acc:MGI:1917097]",0.337118923068084
"Lage3",0.361607579120213,0.0415263346206187,0.312894150910406,0.162729965916785,"L antigen family, member 3 [Source:MGI Symbol;Acc:MGI:1913442]",0.33725086501531
"Tubb4a",0.405758951872409,0.195527088153784,0.268808018300605,0.473497176319022,"tubulin, beta 4A class IVA [Source:MGI Symbol;Acc:MGI:107848]",0.337283485086507
"Anp32b",0.369418142549098,0.0629964431941157,0.306947989314888,0.197718212882542,"acidic nuclear phosphoprotein 32 family member B [Source:MGI Symbol;Acc:MGI:1914878]",0.338183065931993
"1110034G24Rik",0.355320172537406,0.0659768107140516,0.321754071680393,0.173014444485906,NA,0.3385371221089
"Ass1",0.362541272361941,0.180609974823174,0.31497374706369,0.318105811534959,"argininosuccinate synthetase 1 [Source:MGI Symbol;Acc:MGI:88090]",0.338757509712815
"Cldn5",0.347853090315869,0.213040654744974,0.32984599609147,0.310739157990154,"claudin 5 [Source:MGI Symbol;Acc:MGI:1276112]",0.338849543203669
"Snrpe",0.356274684542822,0.0629858037957642,0.322065540909826,0.168199190822752,"small nuclear ribonucleoprotein E [Source:MGI Symbol;Acc:MGI:98346]",0.339170112726324
"Kazald1",0.46966309991345,0.118009708539524,0.209660825571518,0.563992253142792,"Kazal-type serine peptidase inhibitor domain 1 [Source:MGI Symbol;Acc:MGI:2147606]",0.339661962742484
"Ddx51",0.418549722199406,0.0955893947759296,0.26078322083058,0.369290680552469,"DEAD box helicase 51 [Source:MGI Symbol;Acc:MGI:1916913]",0.339666471514993
"Thsd7b",0.463377190338187,0.248274971560571,0.216051584749229,0.678642283771906,"thrombospondin, type I, domain containing 7B [Source:MGI Symbol;Acc:MGI:2443925]",0.339714387543708
"Nfkbil1",0.365308954119924,0.125683105938491,0.314425714824826,0.252446446200949,"nuclear factor of kappa light polypeptide gene enhancer in B cells inhibitor like 1 [Source:MGI Symbol;Acc:MGI:1340031]",0.339867334472375
"2310039H08Rik",0.329506008635468,0.1104502764648,0.350441667695484,0.17154784780299,"RIKEN cDNA 2310039H08 gene [Source:MGI Symbol;Acc:MGI:1914351]",0.339973838165476
"Timm9",0.328862545194443,0.05271006512444,0.351398665264105,0.162729965916785,"translocase of inner mitochondrial membrane 9 [Source:MGI Symbol;Acc:MGI:1353436]",0.340130605229274
"Iqsec3",0.474774083645894,0.241031263283027,0.205739610959894,0.700756352417029,"IQ motif and Sec7 domain 3 [Source:MGI Symbol;Acc:MGI:2677208]",0.340256847302894
"Cdh3",0.519558998233223,0.173531656646686,0.161253362453574,0.752836332366835,"cadherin 3 [Source:MGI Symbol;Acc:MGI:88356]",0.340406180343399
"Mrpl28",0.356137548262415,0.0384690916159416,0.325369085998208,0.162729965916785,"mitochondrial ribosomal protein L28 [Source:MGI Symbol;Acc:MGI:1915861]",0.340753317130312
"Ift20",0.371181408008839,0.0922959912658226,0.310508700253669,0.229978839117901,"intraflagellar transport 20 [Source:MGI Symbol;Acc:MGI:1915585]",0.340845054131254
"Pkp3",0.388479605970283,0.177897410211253,0.294063601486797,0.379845787041554,"plakophilin 3 [Source:MGI Symbol;Acc:MGI:1891830]",0.34127160372854
"Sntg2",0.441893853819066,0.181601236334149,0.240873681018538,0.550365822472301,"syntrophin, gamma 2 [Source:MGI Symbol;Acc:MGI:1919541]",0.341383767418802
"Ccl5",0.548339456353767,0.179982766624428,0.135413483299829,0.81105631081793,"C-C motif chemokine ligand 5 [Source:MGI Symbol;Acc:MGI:98262]",0.341876469826798
"Hand2",0.485812037933563,0.154742540791312,0.198095298308925,0.641928656136979,"heart and neural crest derivatives expressed 2 [Source:MGI Symbol;Acc:MGI:103580]",0.341953668121244
"Plcd4",0.476567867903005,0.162171235083538,0.207353148208429,0.623708096014146,"phospholipase C, delta 4 [Source:MGI Symbol;Acc:MGI:107469]",0.341960508055717
"Wfikkn2",0.39537790666184,0.161365593636063,0.288582600143416,0.376411059203351,"WAP, follistatin/kazal, immunoglobulin, kunitz and netrin domain containing 2 [Source:MGI Symbol;Acc:MGI:2669209]",0.341980253402628
"Ier5l",0.512158665840461,0.0442545003395732,0.172273320438154,0.570318434326717,"immediate early response 5-like [Source:MGI Symbol;Acc:MGI:1919750]",0.342215993139308
"Enkd1",0.400702747893192,0.141850066402197,0.285372428821646,0.365925594252758,"enkurin domain containing 1 [Source:MGI Symbol;Acc:MGI:2142593]",0.343037588357419
"Caprin2",0.477266956063281,0.170494276816513,0.209026855319292,0.627922821526455,"caprin family member 2 [Source:MGI Symbol;Acc:MGI:2448541]",0.343146905691286
"Ly6a",0.371950463409828,0.108681545830339,0.314428039242293,0.242908617964919,"lymphocyte antigen 6 family member A [Source:MGI Symbol;Acc:MGI:107527]",0.34318925132606
"Mettl21b",0.482329768084564,0.12595621375596,0.205180360470481,0.595419918609668,NA,0.343755064277523
"Lrrk1",0.353362813949728,0.0592048685515099,0.334595072460011,0.162729965916785,"leucine-rich repeat kinase 1 [Source:MGI Symbol;Acc:MGI:2142227]",0.34397894320487
"Nme1",0.345479047924102,0.0820134458901064,0.342685408586525,0.168155026440401,"NME/NM23 nucleoside diphosphate kinase 1 [Source:MGI Symbol;Acc:MGI:97355]",0.344082228255314
"Rps28",0.350234465642437,0.134089722622777,0.338212593312081,0.218855507537034,"ribosomal protein S28 [Source:MGI Symbol;Acc:MGI:1859516]",0.344223529477259
"Cdkn2d",0.354156590531061,0.169238765796178,0.334381706068014,0.264708507942624,"cyclin dependent kinase inhibitor 2D [Source:MGI Symbol;Acc:MGI:105387]",0.344269148299537
"Npm3",0.350110223417903,0.0568518666825454,0.338740810852025,0.162729965916785,"nucleoplasmin 3 [Source:MGI Symbol;Acc:MGI:894653]",0.344425517134964
"Mrps24",0.367515139010658,0.0327906244937893,0.321607513819772,0.162729965916785,"mitochondrial ribosomal protein S24 [Source:MGI Symbol;Acc:MGI:1928142]",0.344561326415215
"Cd3g",0.438425466646222,0.17676497423367,0.251271960617489,0.519282178816383,"CD3 antigen, gamma polypeptide [Source:MGI Symbol;Acc:MGI:88333]",0.344848713631856
"Tmem205",0.36188543587492,0.0914314997533151,0.328052623133215,0.198652616740918,"transmembrane protein 205 [Source:MGI Symbol;Acc:MGI:3045495]",0.344969029504067
"Mien1",0.357616036495528,0.0810155074169564,0.332355702016455,0.186758832261382,"migration and invasion enhancer 1 [Source:MGI Symbol;Acc:MGI:1913678]",0.344985869255992
"Mest",0.467468077580862,0.193860889895632,0.223722641630457,0.615329530655426,"mesoderm specific transcript [Source:MGI Symbol;Acc:MGI:96968]",0.34559535960566
"Ndn",0.403525750612171,0.209907947079799,0.287722040026567,0.452512854742461,"necdin, MAGE family member [Source:MGI Symbol;Acc:MGI:97290]",0.345623895319369
"Grcc10",0.372001416645655,0.139110430146067,0.31965162860106,0.268635117695908,"gene rich cluster, C10 gene [Source:MGI Symbol;Acc:MGI:1315201]",0.345826522623358
"Tmem147",0.336111894785603,0.0741527589907921,0.356324245429115,0.162729965916785,"transmembrane protein 147 [Source:MGI Symbol;Acc:MGI:1915011]",0.346218070107359
"1700029I15Rik",0.515186226730793,0.0711104285347755,0.178557399437245,0.610106829609445,NA,0.346871813084019
"Ptrf",0.427864437816303,0.0910239616642964,0.266045010543348,0.36082739426449,NA,0.346954724179826
"Eno2",0.452923873421917,0.155300534610787,0.241429672786232,0.52739903759737,"enolase 2, gamma neuronal [Source:MGI Symbol;Acc:MGI:95394]",0.347176773104074
"Gadd45gip1",0.401955893169278,0.0420972455708944,0.292444445715275,0.201621559374639,"growth arrest and DNA-damage-inducible, gamma interacting protein 1 [Source:MGI Symbol;Acc:MGI:1914947]",0.347200169442276
"Uqcc3",0.36340849279123,0.088875119007663,0.331291101316415,0.197718212882542,"ubiquinol-cytochrome c reductase complex assembly factor 3 [Source:MGI Symbol;Acc:MGI:2147553]",0.347349797053823
"Atox1",0.377663208214975,0.0674166914323605,0.317336016899489,0.198580729548043,"antioxidant 1 copper chaperone [Source:MGI Symbol;Acc:MGI:1333855]",0.347499612557232
"Prkcdbp",0.379487290373642,0.135616882529186,0.315606912654874,0.280461956937249,NA,0.347547101514258
"Trmt61a",0.368723626726692,0.078538359665001,0.326468918385253,0.197718212882542,"tRNA methyltransferase 61A [Source:MGI Symbol;Acc:MGI:2443487]",0.347596272555972
"Syce2",0.338066315935618,0.082938559160369,0.35744041774065,0.162729965916785,"synaptonemal complex central element protein 2 [Source:MGI Symbol;Acc:MGI:1919096]",0.347753366838134
"Mrpl53",0.389449877983258,0.0150745397266805,0.306376264637074,0.162729965916785,"mitochondrial ribosomal protein L53 [Source:MGI Symbol;Acc:MGI:1915749]",0.347913071310166
"B3gat3",0.400293770136387,0.0445969496299449,0.295931477813928,0.2051278057827,"beta-1,3-glucuronyltransferase 3 [Source:MGI Symbol;Acc:MGI:1919977]",0.348112623975158
"Pxmp2",0.400995777981606,0.0592048685515099,0.295290199544746,0.231756908591395,"peroxisomal membrane protein 2 [Source:MGI Symbol;Acc:MGI:107487]",0.348142988763176
"Cav3",0.471157022609298,0.233009250399637,0.225720470444154,0.652858930589418,"caveolin 3 [Source:MGI Symbol;Acc:MGI:107570]",0.348438746526726
"Ppp1r14b",0.409154375386966,0.0328941009885878,0.287779539964593,0.19444221244791,"protein phosphatase 1, regulatory inhibitor subunit 14B [Source:MGI Symbol;Acc:MGI:107682]",0.34846695767578
"Prpf40b",0.467933674786657,0.113022292080776,0.229070835310569,0.515359868161064,"pre-mRNA processing factor 40B [Source:MGI Symbol;Acc:MGI:1925583]",0.348502255048613
"Birc5",0.341657772933621,0.0929807516430309,0.356246513116756,0.168155026440401,"baculoviral IAP repeat-containing 5 [Source:MGI Symbol;Acc:MGI:1203517]",0.348952143025189
"Tagln",0.396987225085506,0.192998621690768,0.301050645138643,0.398733519121352,"transgelin [Source:MGI Symbol;Acc:MGI:106012]",0.349018935112074
"Wscd2",0.481079261449253,0.148252484714764,0.217173549599339,0.593689890543201,"WSC domain containing 2 [Source:MGI Symbol;Acc:MGI:2445030]",0.349126405524296
"Rps27rt",0.338554687036591,0.157639095152383,0.361248450742422,0.207628963006614,"ribosomal protein S27, retrogene [Source:MGI Symbol;Acc:MGI:3704345]",0.349901568889507
"Eef2kmt",0.419226236708653,0.0498954953893586,0.280683533192039,0.248668083993198,"eukaryotic elongation factor 2 lysine methyltransferase [Source:MGI Symbol;Acc:MGI:1917761]",0.349954884950346
"Smim6",0.424218942823999,0.0529091201851922,0.275833899269008,0.26632674616743,"small integral membrane protein 6 [Source:MGI Symbol;Acc:MGI:1915778]",0.350026421046503
"Chchd2",0.386535438513558,0.155278961874177,0.314388670846501,0.316936056067264,"coiled-coil-helix-coiled-coil-helix domain containing 2 [Source:MGI Symbol;Acc:MGI:1261428]",0.35046205468003
"Chst1",0.353893876655835,0.161024488283827,0.347273397256332,0.239343773696918,"carbohydrate sulfotransferase 1 [Source:MGI Symbol;Acc:MGI:1924219]",0.350583636956084
"Shc2",0.398149438209124,0.155578694274325,0.303351160516445,0.353236050381744,"SHC (Src homology 2 domain containing) transforming protein 2 [Source:MGI Symbol;Acc:MGI:106180]",0.350750299362785
"Ldhb",0.451437530504744,0.139703126626738,0.250405313895271,0.489972132321892,"lactate dehydrogenase B [Source:MGI Symbol;Acc:MGI:96763]",0.350921422200007
"Cpe",0.506708440907885,0.0804167242798496,0.195651139998345,0.573804069049727,"carboxypeptidase E [Source:MGI Symbol;Acc:MGI:101932]",0.351179790453115
"Spr",0.40361967806445,0.0314076507777723,0.298897912282241,0.163157573007467,"sepiapterin reductase [Source:MGI Symbol;Acc:MGI:103078]",0.351258795173345
"Rbm25",0.410514972870146,0.139169585664429,0.292081707506862,0.362948445798034,"RNA binding motif protein 25 [Source:MGI Symbol;Acc:MGI:1914289]",0.351298340188504
"Celf6",0.412623031351447,0.206526015738652,0.290221894362812,0.455463570151769,"CUGBP, Elav-like family member 6 [Source:MGI Symbol;Acc:MGI:1923433]",0.35142246285713
"Pin1",0.343385979207584,0.0327906244937893,0.359885429465844,0.0909135596180853,"peptidyl-prolyl cis/trans isomerase, NIMA-interacting 1 [Source:MGI Symbol;Acc:MGI:1346036]",0.351635704336714
"Rpp21",0.357654285914893,0.0914314997533151,0.345997629948971,0.186758832261382,"ribonuclease P 21 subunit [Source:MGI Symbol;Acc:MGI:1914926]",0.351825957931932
"Sergef",0.289330576230973,0.170494276816513,0.414495266880156,0.162729965916785,"secretion regulating guanine nucleotide exchange factor [Source:MGI Symbol;Acc:MGI:1351630]",0.351912921555565
"Sox10",0.460253865941599,0.22896312039785,0.244083845403901,0.608113935000565,"SRY (sex determining region Y)-box 10 [Source:MGI Symbol;Acc:MGI:98358]",0.35216885567275
"Knop1",0.419975096052565,0.0767660446097338,0.284649829852847,0.292502586776553,"lysine rich nucleolar protein 1 [Source:MGI Symbol;Acc:MGI:1913606]",0.352312462952706
"Ipo13",0.428243337789713,0.145353875447952,0.276667769204599,0.4222473163952,"importin 13 [Source:MGI Symbol;Acc:MGI:2385205]",0.352455553497156
"Ndufa11",0.362772858492774,0.0787146034768059,0.342197069639362,0.174954255023785,"NADH:ubiquinone oxidoreductase subunit A11 [Source:MGI Symbol;Acc:MGI:1917125]",0.352484964066068
"Ndufc1",0.399093208217808,0.0445969496299449,0.305933256509925,0.197718212882542,"NADH:ubiquinone oxidoreductase subunit C1 [Source:MGI Symbol;Acc:MGI:1913627]",0.352513232363867
"Faiml",0.443456911057997,0.0665094188608149,0.261666869725754,0.347065221112688,"Fas apoptotic inhibitory molecule like [Source:MGI Symbol;Acc:MGI:3647754]",0.352561890391875
"Ndufa3",0.378405626174965,0.0887494168047626,0.327205020522727,0.207671701037539,"NADH:ubiquinone oxidoreductase subunit A3 [Source:MGI Symbol;Acc:MGI:1913341]",0.352805323348846
"Nudt14",0.372702828296969,0.0985292704971567,0.334051173399478,0.209918459400232,"nudix hydrolase 14 [Source:MGI Symbol;Acc:MGI:1913424]",0.353377000848223
"Rpl13",0.358590520319774,0.082938559160369,0.34860918941437,0.168199190822752,"ribosomal protein L13 [Source:MGI Symbol;Acc:MGI:105922]",0.353599854867072
"Pcyox1l",0.496809479414155,0.0419473474338183,0.210528404393553,0.447245472105434,"prenylcysteine oxidase 1 like [Source:MGI Symbol;Acc:MGI:3606062]",0.353668941903854
"Entpd3",0.388112758529729,0.240135337618117,0.319814747840535,0.414483878444523,"ectonucleoside triphosphate diphosphohydrolase 3 [Source:MGI Symbol;Acc:MGI:1321386]",0.353963753185132
"Ffar3",0.555104854124106,0.192998621690768,0.153051620428524,0.7949772631958,"free fatty acid receptor 3 [Source:MGI Symbol;Acc:MGI:2685324]",0.354078237276315
"Ppp1r35",0.408885499921704,0.15298930121479,0.299316133773804,0.365925594252758,"protein phosphatase 1, regulatory subunit 35 [Source:MGI Symbol;Acc:MGI:1922853]",0.354100816847754
"Kifc5b",0.314454009168889,0.247003087327512,0.394208250997148,0.227046048965527,"kinesin family member C5B [Source:MGI Symbol;Acc:MGI:2137414]",0.354331130083019
"Dpm3",0.403728025344374,0.100491267590042,0.305179084984326,0.284163341487391,"dolichyl-phosphate mannosyltransferase polypeptide 3 [Source:MGI Symbol;Acc:MGI:1915813]",0.35445355516435
"Jph3",0.462152937772261,0.234062090883895,0.2468616894451,0.609642240176682,"junctophilin 3 [Source:MGI Symbol;Acc:MGI:1891497]",0.35450731360868
"Trappc6a",0.376263233341378,0.0518550924420938,0.333142534761425,0.168155026440401,"trafficking protein particle complex 6A [Source:MGI Symbol;Acc:MGI:1914341]",0.354702884051401
"Tubb3",0.421297519096387,0.214868310909299,0.288911431752461,0.477375612042076,"tubulin, beta 3 class III [Source:MGI Symbol;Acc:MGI:107813]",0.355104475424424
"Rnaseh2a",0.390127279019621,0.0420972455708944,0.320801071961378,0.168155026440401,"ribonuclease H2, large subunit [Source:MGI Symbol;Acc:MGI:1916974]",0.3554641754905
"Mrps28",0.349987720601546,0.0678657110600002,0.360982188227157,0.162729965916785,"mitochondrial ribosomal protein S28 [Source:MGI Symbol;Acc:MGI:1913480]",0.355484954414351
"Hdac7",0.401539228611887,0.195290518577718,0.310486297179069,0.391688385861077,"histone deacetylase 7 [Source:MGI Symbol;Acc:MGI:1891835]",0.356012762895478
"Tmem216",0.407085471918051,0.0361269721584287,0.305062051613774,0.181305190217047,"transmembrane protein 216 [Source:MGI Symbol;Acc:MGI:1920020]",0.356073761765912
"Utp23",0.40135056783699,0.0518550924420938,0.311532694643755,0.199473004881909,"UTP23 small subunit processome component [Source:MGI Symbol;Acc:MGI:1925831]",0.356441631240373
"Popdc2",0.4394688033008,0.168577679470198,0.274882675602801,0.46962744615705,"popeye domain containing 2 [Source:MGI Symbol;Acc:MGI:1930150]",0.3571757394518
"Ccdc34",0.428792128370419,0.0442200713873098,0.287277351181715,0.235827948988171,"coiled-coil domain containing 34 [Source:MGI Symbol;Acc:MGI:1915451]",0.358034739776067
"Dok2",0.386705676880241,0.15568335980741,0.32964400261336,0.29481429985767,"docking protein 2 [Source:MGI Symbol;Acc:MGI:1332623]",0.358174839746801
"Rpl34",0.352412288478768,0.0940681903351355,0.366701103878031,0.168155026440401,"ribosomal protein L34 [Source:MGI Symbol;Acc:MGI:1915686]",0.359556696178399
"Cotl1",0.342498667472073,0.144292798544075,0.376907008006073,0.192179612883721,"coactosin like F-actin binding protein 1 [Source:MGI Symbol;Acc:MGI:1919292]",0.359702837739073
"Gcat",0.334921576286001,0.0564365334157998,0.384687294548608,0.162729965916785,"glycine C-acetyltransferase (2-amino-3-ketobutyrate-coenzyme A ligase) [Source:MGI Symbol;Acc:MGI:1349389]",0.359804435417305
"Syt4",0.446925859803957,0.18181539705761,0.273045062279406,0.497110275723096,"synaptotagmin IV [Source:MGI Symbol;Acc:MGI:101759]",0.359985461041681
"Adgrb1",0.498338295184214,0.196117319584293,0.222008017799441,0.648659566080769,"adhesion G protein-coupled receptor B1 [Source:MGI Symbol;Acc:MGI:1933736]",0.360173156491828
"Atp5g1",0.366476557239068,0.0810155074169564,0.354349352959673,0.168199190822752,NA,0.360412955099371
"Snrnp27",0.425807800931926,0.0327906244937893,0.295223102055339,0.19234002298932,"small nuclear ribonucleoprotein 27 (U4/U6.U5) [Source:MGI Symbol;Acc:MGI:1913868]",0.360515451493633
"Atf5",0.364017726406995,0.184742942561126,0.357999016633902,0.264640604787483,"activating transcription factor 5 [Source:MGI Symbol;Acc:MGI:2141857]",0.361008371520449
"Gja4",0.28813555251762,0.349185881964445,0.434025382954236,0.229978839117901,"gap junction protein, alpha 4 [Source:MGI Symbol;Acc:MGI:95715]",0.361080467735928
"Phlda3",0.421625106576153,0.100672075610032,0.300656844022315,0.313756365575432,"pleckstrin homology like domain, family A, member 3 [Source:MGI Symbol;Acc:MGI:1351485]",0.361140975299234
"Flna",0.445742481882479,0.142238084906769,0.278015270942409,0.436772705962944,"filamin, alpha [Source:MGI Symbol;Acc:MGI:95556]",0.361878876412444
"Nefm",0.494950035827934,0.119236431445407,0.229092401919165,0.549902520881577,"neurofilament, medium polypeptide [Source:MGI Symbol;Acc:MGI:97314]",0.362021218873549
"Syngr3",0.459487733961171,0.176218026610376,0.264995567321938,0.516983282745796,"synaptogyrin 3 [Source:MGI Symbol;Acc:MGI:1341881]",0.362241650641555
"Ndufa5",0.380644222828663,0.0774085332433311,0.344220523668814,0.190998620142983,"NADH:ubiquinone oxidoreductase subunit A5 [Source:MGI Symbol;Acc:MGI:1915452]",0.362432373248739
"C2cd4c",0.394912080431192,0.225385337066447,0.331119658489489,0.384351678169307,"C2 calcium-dependent domain containing 4C [Source:MGI Symbol;Acc:MGI:2685084]",0.36301586946034
"Timp1",0.206266906438304,NA,0.520055360940663,0.168155026440401,"tissue inhibitor of metalloproteinase 1 [Source:MGI Symbol;Acc:MGI:98752]",0.363161133689483
"Gm11627",0.513452027465852,0.161365593636063,0.213650360224545,0.642582762193286,"predicted gene 11627 [Source:MGI Symbol;Acc:MGI:3650659]",0.363551193845198
"Mphosph8",0.383460509975682,0.163674282320562,0.344212024700708,0.283366096138098,"M-phase phosphoprotein 8 [Source:MGI Symbol;Acc:MGI:1922589]",0.363836267338195
"Cd209a",0.186118048068751,0.631853474200135,0.541903461451633,0.207671701037539,"CD209a antigen [Source:MGI Symbol;Acc:MGI:2157942]",0.364010754760192
"Thoc2",0.446318051480657,0.157346119258705,0.281784132314948,0.449455778623536,"THO complex 2 [Source:MGI Symbol;Acc:MGI:2442413]",0.364051091897802
"Dgcr6",0.426453449210783,0.126575859083288,0.301655906917778,0.350333364353852,"DiGeorge syndrome critical region gene 6 [Source:MGI Symbol;Acc:MGI:1202877]",0.36405467806428
"Znhit2",0.423002916016085,0.0706635349323246,0.305820711887845,0.252174484327694,"zinc finger, HIT domain containing 2 [Source:MGI Symbol;Acc:MGI:1352481]",0.364411813951965
"Fbxl22",0.467094946545508,0.156089921026416,0.261759895463793,0.505304241535507,"F-box and leucine-rich repeat protein 22 [Source:MGI Symbol;Acc:MGI:1921415]",0.364427421004651
"Cd3eap",0.431103712145028,0.0397162142523849,0.299060047912912,0.207041265355528,NA,0.36508188002897
"Rasl2-9",0.385907109050084,0.0445739470240535,0.344550229281683,0.162729965916785,"RAS-like, family 2, locus 9 [Source:MGI Symbol;Acc:MGI:104605]",0.365228669165883
"Brinp2",0.48372050832754,0.218134207221688,0.246738364945501,0.613287101101986,"bone morphogenic protein/retinoic acid inducible neural-specific 2 [Source:MGI Symbol;Acc:MGI:2443333]",0.365229436636521
"Uqcr11",0.395232815942605,0.0592048685515099,0.336312307554758,0.19009272736809,"ubiquinol-cytochrome c reductase, complex III subunit XI [Source:MGI Symbol;Acc:MGI:1913844]",0.365772561748682
"1700037H04Rik",0.381019342729296,0.0571299466739016,0.351758570482599,0.168155026440401,NA,0.366388956605948
"Apobec2",0.554209920658673,0.0659768107140516,0.178992043710285,0.627056367591935,"apolipoprotein B mRNA editing enzyme, catalytic polypeptide 2 [Source:MGI Symbol;Acc:MGI:1343178]",0.366600982184479
"BC030867",0.418591373470853,0.148252484714764,0.315354203265276,0.346169656285553,NA,0.366972788368065
"Ap2s1",0.391388248864685,0.0773319892498479,0.342817715437809,0.197718212882542,"adaptor-related protein complex 2, sigma 1 subunit [Source:MGI Symbol;Acc:MGI:2141861]",0.367102982151247
"Rps15",0.364525395991281,0.0914314997533151,0.370044998124341,0.168155026440401,"ribosomal protein S15 [Source:MGI Symbol;Acc:MGI:98117]",0.367285197057811
"Calb2",0.393403140244541,0.181597416181501,0.342173536920706,0.318420321413257,"calbindin 2 [Source:MGI Symbol;Acc:MGI:101914]",0.367788338582623
"Zfp82",0.405485092466737,0.189716589852365,0.330307433729666,0.359536931931621,"zinc finger protein 82 [Source:MGI Symbol;Acc:MGI:1890753]",0.367896263098201
"Atp5j2",0.416785071782269,0.0433843539655187,0.31973417209258,0.19234002298932,NA,0.368259621937424
"Tmc6",0.43100579161908,0.0384690916159416,0.306266011739164,0.198636638967883,"transmembrane channel-like gene family 6 [Source:MGI Symbol;Acc:MGI:1098686]",0.368635901679122
"Gm4950",0.391368394947748,0.145353875447952,0.346512442331509,0.264708507942624,"predicted pseudogene 4950 [Source:MGI Symbol;Acc:MGI:3649015]",0.368940418639629
"Rit2",0.459172114384274,0.18636141420201,0.278774361999568,0.503488931251465,"Ras-like without CAAX 2 [Source:MGI Symbol;Acc:MGI:108054]",0.368973238191921
"Polr2f",0.423189140318983,0.0327906244937893,0.314922902233729,0.168155026440401,"polymerase (RNA) II (DNA directed) polypeptide F [Source:MGI Symbol;Acc:MGI:1349393]",0.369056021276356
"Vamp5",0.422348700594686,0.161038263762612,0.31649187376638,0.364833220876371,"vesicle-associated membrane protein 5 [Source:MGI Symbol;Acc:MGI:1858622]",0.369420287180533
"Fam173a",0.39970298474433,0.0451820567944804,0.339850999795549,0.168155026440401,NA,0.36977699226994
"Hoxb4",0.677423204198064,0.107846422519868,0.0627524772351768,0.921787993132333,"homeobox B4 [Source:MGI Symbol;Acc:MGI:96185]",0.37008784071662
"Banf1",0.381558854325873,0.0538747353192554,0.358686695254955,0.162729965916785,"BAF nuclear assembly factor 1 [Source:MGI Symbol;Acc:MGI:1346330]",0.370122774790414
"Dock3",0.649165576210996,0.195579041788556,0.0912055616676219,0.902975770152946,"dedicator of cyto-kinesis 3 [Source:MGI Symbol;Acc:MGI:2429763]",0.370185568939309
"Cenpw",0.34117064275052,0.123293765588532,0.399422318138019,0.162729965916785,"centromere protein W [Source:MGI Symbol;Acc:MGI:1913561]",0.370296480444269
"Mapk12",0.441743169436973,0.147673291152089,0.299652053062457,0.398733519121352,"mitogen-activated protein kinase 12 [Source:MGI Symbol;Acc:MGI:1353438]",0.370697611249715
"Uqcr10",0.420198203796291,0.0349621191031552,0.321539465596804,0.168155026440401,"ubiquinol-cytochrome c reductase, complex III subunit X [Source:MGI Symbol;Acc:MGI:1913402]",0.370868834696548
"D8Ertd738e",0.409991673689842,0.0328941009885878,0.331864804752446,0.162729965916785,"DNA segment, Chr 8, ERATO Doi 738, expressed [Source:MGI Symbol;Acc:MGI:1289231]",0.370928239221144
"Dbndd2",0.441636137416998,0.115085078045847,0.300841599481685,0.35391572711222,"dysbindin domain containing 2 [Source:MGI Symbol;Acc:MGI:106562]",0.371238868449342
"Rasl10b",0.472328175595828,0.213040654744974,0.270274224057231,0.561127248762014,"RAS-like, family 10, member B [Source:MGI Symbol;Acc:MGI:2685575]",0.37130119982653
"Rps12",0.378001204279465,0.0914314997533151,0.366048024945695,0.186758832261382,"ribosomal protein S12 [Source:MGI Symbol;Acc:MGI:98105]",0.37202461461258
"Ccdc69",0.438000513713324,0.179404028906599,0.306544182856798,0.42770755172148,"coiled-coil domain containing 69 [Source:MGI Symbol;Acc:MGI:1196234]",0.372272348285061
"Rps29",0.359479000420301,0.150390533738052,0.386177234271012,0.198636638967883,"ribosomal protein S29 [Source:MGI Symbol;Acc:MGI:107681]",0.372828117345657
"Prrg3",0.498948360474786,0.223783757616672,0.24931932722885,0.624492659467722,"proline rich Gla (G-carboxyglutamic acid) 3 (transmembrane) [Source:MGI Symbol;Acc:MGI:2685214]",0.374133843851818
"Ogfod2",0.434993278259891,0.0438080248739345,0.313493302670568,0.207671701037539,"2-oxoglutarate and iron-dependent oxygenase domain containing 2 [Source:MGI Symbol;Acc:MGI:1913877]",0.37424329046523
"Tbx21",0.478197039016398,0.120303299240416,0.270901467607819,0.453739537156487,"T-box 21 [Source:MGI Symbol;Acc:MGI:1888984]",0.374549253312109
"Luc7l3",0.498572138663004,0.0914314997533151,0.25062501148637,0.471808506654716,"LUC7-like 3 (S. cerevisiae) [Source:MGI Symbol;Acc:MGI:1914934]",0.374598575074687
"Resp18",0.402743931961902,0.137736907637988,0.34671595723827,0.266638394975406,"regulated endocrine-specific protein 18 [Source:MGI Symbol;Acc:MGI:1098222]",0.374729944600086
"Psmg4",0.415849950835445,0.088875119007663,0.33385394245426,0.239343773696918,"proteasome (prosome, macropain) assembly chaperone 4 [Source:MGI Symbol;Acc:MGI:1916916]",0.374851946644852
"Cks1b",0.391197723388506,0.0936614976754499,0.358913155629846,0.199473350311124,"CDC28 protein kinase 1b [Source:MGI Symbol;Acc:MGI:1889208]",0.375055439509176
"Tmem88",0.378020225714781,0.234108934415065,0.372374926237684,0.315858091686021,"transmembrane protein 88 [Source:MGI Symbol;Acc:MGI:1914270]",0.375197575976232
"Stmn2",0.479194359896065,0.190899895631229,0.273181243824214,0.538045907196334,"stathmin-like 2 [Source:MGI Symbol;Acc:MGI:98241]",0.37618780186014
"Rpl37a",0.377878593439883,0.0985292704971567,0.374610131778429,0.187592364584338,"ribosomal protein L37a [Source:MGI Symbol;Acc:MGI:98068]",0.376244362609156
"Jph2",0.496964885738446,0.108298839231922,0.256217495193599,0.486166367426787,"junctophilin 2 [Source:MGI Symbol;Acc:MGI:1891496]",0.376591190466023
"Map7d2",0.566845405447553,0.214849204713048,0.186485648012723,0.762240927599651,"MAP7 domain containing 2 [Source:MGI Symbol;Acc:MGI:1917474]",0.376665526730138
"Znrd1",0.41384125207268,0.0416044980238463,0.339859835050533,0.168155026440401,NA,0.376850543561607
"Tceb2",0.418149997303628,0.0426991101671376,0.336255723776508,0.174954255023785,NA,0.377202860540068
"B930094E09Rik",0.267726873818157,NA,0.488205192323603,0.233702237271243,"RIKEN cDNA B930094E09 gene [Source:MGI Symbol;Acc:MGI:3603750]",0.37796603307088
"Rps20",0.386052611409973,0.0910415001860427,0.37070665100267,0.187592364584338,"ribosomal protein S20 [Source:MGI Symbol;Acc:MGI:1914677]",0.378379631206321
"Slc6a17",0.551842986380329,0.141690041047897,0.205085181056465,0.665206208107818,"solute carrier family 6 (neurotransmitter transporter), member 17 [Source:MGI Symbol;Acc:MGI:2442535]",0.378464083718397
"Gm9843",0.368357070933575,0.138195936391773,0.390168726368583,0.197718212882542,"predicted gene 9843 [Source:MGI Symbol;Acc:MGI:3708621]",0.379262898651079
"Rasgrp4",0.46488098819153,0.246497371970478,0.293782197010997,0.549433189973778,"RAS guanyl releasing protein 4 [Source:MGI Symbol;Acc:MGI:2386851]",0.379331592601263
"Ap3b2",0.530688563150288,0.172448804027458,0.228266329185181,0.639779120808012,"adaptor-related protein complex 3, beta 2 subunit [Source:MGI Symbol;Acc:MGI:1100869]",0.379477446167734
"AU022252",0.445014507279477,0.0328941009885878,0.314095448780297,0.19444221244791,"expressed sequence AU022252 [Source:MGI Symbol;Acc:MGI:2140466]",0.379554978029887
"Cdk20",0.458584177501371,0.0327906244937893,0.300852985346089,0.206374543428828,"cyclin dependent kinase 20 [Source:MGI Symbol;Acc:MGI:2145349]",0.37971858142373
"Tmem130",0.489107773944633,0.155590713125174,0.270682760642763,0.51191014823185,"transmembrane protein 130 [Source:MGI Symbol;Acc:MGI:3607706]",0.379895267293698
"A730017C20Rik",0.411426056165153,0.231983269617418,0.348610584271822,0.387103217153052,NA,0.380018320218487
"Pf4",0.395023928442992,0.246714529985177,0.365856982539313,0.358042577061261,"platelet factor 4 [Source:MGI Symbol;Acc:MGI:1888711]",0.380440455491152
"Pdgfb",0.445942405099888,0.0849274609695713,0.315269039072551,0.286656882332199,"platelet derived growth factor, B polypeptide [Source:MGI Symbol;Acc:MGI:97528]",0.380605722086219
"Rpp25l",0.415513603173461,0.0693926336636088,0.345840299368544,0.201621559374639,"ribonuclease P/MRP 25 subunit-like [Source:MGI Symbol;Acc:MGI:1917211]",0.380676951271002
"Rps8",0.402506320807857,0.0689292969956962,0.359098598300816,0.186758832261382,"ribosomal protein S8 [Source:MGI Symbol;Acc:MGI:98166]",0.380802459554336
"Polr2h",0.4113246223577,0.0459407877588071,0.350591293123185,0.168155026440401,"polymerase (RNA) II (DNA directed) polypeptide H [Source:MGI Symbol;Acc:MGI:2384309]",0.380957957740442
"Pnck",0.489651663509595,0.225385337066447,0.272474639899382,0.583301426073748,"pregnancy upregulated non-ubiquitously expressed CaM kinase [Source:MGI Symbol;Acc:MGI:1347357]",0.381063151704488
"Dhrs1",0.297110184888525,0.347659797190204,0.465897370799942,0.212243514974808,"dehydrogenase/reductase 1 [Source:MGI Symbol;Acc:MGI:1196314]",0.381503777844234
"Sdhaf1",0.370541887483609,0.0955893947759296,0.392502025594466,0.168155026440401,"succinate dehydrogenase complex assembly factor 1 [Source:MGI Symbol;Acc:MGI:1915582]",0.381521956539038
"Pop5",0.391709165096521,0.0647022955907035,0.371340374266899,0.168155026440401,"processing of precursor 5, ribonuclease P/MRP family (S. cerevisiae) [Source:MGI Symbol;Acc:MGI:2151221]",0.38152476968171
"Lsm4",0.405737838680446,0.0546720086176247,0.357550176851718,0.168155026440401,"LSM4 homolog, U6 small nuclear RNA and mRNA degradation associated [Source:MGI Symbol;Acc:MGI:1354692]",0.381644007766082
"Pak6",0.386573766406487,0.169181040128558,0.376726074655345,0.250226773070177,"p21 (RAC1) activated kinase 6 [Source:MGI Symbol;Acc:MGI:2679420]",0.381649920530916
"Tomm6",0.412991755574276,0.0493076847410346,0.351194597998743,0.168199190822752,"translocase of outer mitochondrial membrane 6 [Source:MGI Symbol;Acc:MGI:1913369]",0.382093176786509
"Tpm2",0.4312911912431,0.18349950852151,0.334102911790951,0.375910823638064,"tropomyosin 2, beta [Source:MGI Symbol;Acc:MGI:98810]",0.382697051517025
"Hey1",0.41440453095448,0.149291899733533,0.351627391979158,0.289556115249952,"hairy/enhancer-of-split related with YRPW motif 1 [Source:MGI Symbol;Acc:MGI:1341800]",0.383015961466819
"Gm5617",0.298560428317855,0.245818873544123,0.467506598128981,0.163493285359627,"predicted gene 5617 [Source:MGI Symbol;Acc:MGI:3643566]",0.383033513223418
"Dhrs13",0.400976360219059,0.0327906244937893,0.366056577646136,0.162729965916785,"dehydrogenase/reductase 13 [Source:MGI Symbol;Acc:MGI:1917701]",0.383516468932597
"Mrpl52",0.409782579426783,0.0674166914323605,0.357308181846625,0.192120861630439,"mitochondrial ribosomal protein L52 [Source:MGI Symbol;Acc:MGI:1916086]",0.383545380636704
"Faap20",0.442587783336306,0.0419473474338183,0.325043149304579,0.198636638967883,"Fanconi anemia core complex associated protein 20 [Source:MGI Symbol;Acc:MGI:1914763]",0.383815466320442
"Abhd8",0.4139054098834,0.163234604620987,0.353828897538214,0.304629713268275,"abhydrolase domain containing 8 [Source:MGI Symbol;Acc:MGI:1918946]",0.383867153710807
"Smim4",0.382246271269711,0.115439102825152,0.385792427204203,0.19234002298932,NA,0.384019349236957
"Steap1",0.585566281670784,0.033290243932636,0.182899075508265,0.563764560168667,"six transmembrane epithelial antigen of the prostate 1 [Source:MGI Symbol;Acc:MGI:1917608]",0.384232678589524
"Gng3",0.471540435775981,0.166378292051298,0.298035088292407,0.462346421092243,"guanine nucleotide binding protein (G protein), gamma 3 [Source:MGI Symbol;Acc:MGI:102704]",0.384787762034194
"Syn1",0.484282216228288,0.195925814933329,0.285307405746679,0.527607980011832,"synapsin I [Source:MGI Symbol;Acc:MGI:98460]",0.384794810987483
"Dctpp1",0.427082344010492,0.0442200713873098,0.343199860546675,0.178865327324324,"dCTP pyrophosphatase 1 [Source:MGI Symbol;Acc:MGI:1913672]",0.385141102278584
"Sult4a1",0.463376457217812,0.170791408735936,0.307449670050724,0.443795232376789,"sulfotransferase family 4A, member 1 [Source:MGI Symbol;Acc:MGI:1888971]",0.385413063634268
"Hint2",0.396213724704083,0.0659768107140516,0.377538342353789,0.168155026440401,"histidine triad nucleotide binding protein 2 [Source:MGI Symbol;Acc:MGI:1916167]",0.386876033528936
"Crocc",0.447622754905356,0.139110430146067,0.327129637117719,0.350280526486375,"ciliary rootlet coiled-coil, rootletin [Source:MGI Symbol;Acc:MGI:3529431]",0.387376196011537
"Ncs1",0.559218171623506,0.0592048685515099,0.216139854356933,0.540740343571351,"neuronal calcium sensor 1 [Source:MGI Symbol;Acc:MGI:109166]",0.387679012990219
"Rasip1",0.405571081956016,0.156415524966828,0.369978960617693,0.264708507942624,"Ras interacting protein 1 [Source:MGI Symbol;Acc:MGI:1917153]",0.387775021286854
"Ddit4",0.243121471711547,0.441457877990366,0.532543568479281,0.168155026440401,"DNA-damage-inducible transcript 4 [Source:MGI Symbol;Acc:MGI:1921997]",0.387832520095414
"Ackr1",0.443981495334879,0.153792613976189,0.332713399839903,0.356775455633766,"atypical chemokine receptor 1 (Duffy blood group) [Source:MGI Symbol;Acc:MGI:1097689]",0.388347447587391
"Snca",0.435476231634628,0.188856071897843,0.341364030661861,0.375689253832576,"synuclein, alpha [Source:MGI Symbol;Acc:MGI:1277151]",0.388420131148244
"Ramp3",0.39972923553511,0.195290518577718,0.3773418746539,0.294043605842693,"receptor (calcitonin) activity modifying protein 3 [Source:MGI Symbol;Acc:MGI:1860292]",0.388535555094505
"Nudt1",0.389014037027566,0.0349789375030662,0.388443180880411,0.162729965916785,"nudix hydrolase 1 [Source:MGI Symbol;Acc:MGI:109280]",0.388728608953989
"Cisd3",0.448068842220859,0.0753496339319244,0.330067416957242,0.251555683059562,"CDGSH iron sulfur domain 3 [Source:MGI Symbol;Acc:MGI:101788]",0.389068129589051
"Kcnk3",0.460216311666038,0.0887494168047626,0.318989854403748,0.302601955429622,"potassium channel, subfamily K, member 3 [Source:MGI Symbol;Acc:MGI:1100509]",0.389603083034893
"Adora1",0.447192975773754,0.088875119007663,0.33277284266821,0.268635117695908,"adenosine A1 receptor [Source:MGI Symbol;Acc:MGI:99401]",0.389982909220982
"Amph",0.395248359805317,0.226444881108124,0.38594328749645,0.312632430704369,"amphiphysin [Source:MGI Symbol;Acc:MGI:103574]",0.390595823650884
"Nr2c2ap",0.426782623659929,0.0415263346206187,0.354837921198917,0.168155026440401,"nuclear receptor 2C2-associated protein [Source:MGI Symbol;Acc:MGI:1922942]",0.390810272429423
"Chst7",0.2415629767771,NA,0.541865266276038,0.2051278057827,"carbohydrate sulfotransferase 7 [Source:MGI Symbol;Acc:MGI:1891767]",0.391714121526569
"Fam131b",0.480475946679339,0.210655111739078,0.303994622861865,0.510960861642789,"family with sequence similarity 131, member B [Source:MGI Symbol;Acc:MGI:1923406]",0.392235284770602
"Mrps16",0.41019883562787,0.0543776922642305,0.374596206181577,0.168155026440401,"mitochondrial ribosomal protein S16 [Source:MGI Symbol;Acc:MGI:1913492]",0.392397520904724
"Scfd2",0.428337087625889,0.0850595528724954,0.356465486880773,0.221990097678794,"Sec1 family domain containing 2 [Source:MGI Symbol;Acc:MGI:2443446]",0.392401287253331
"Zbtb48",0.426549325168922,0.0732157895466843,0.360719457888667,0.198652616740918,"zinc finger and BTB domain containing 48 [Source:MGI Symbol;Acc:MGI:2140248]",0.393634391528795
"Ina",0.529179146242921,0.204313607276748,0.258440547705556,0.617498652569643,"internexin neuronal intermediate filament protein, alpha [Source:MGI Symbol;Acc:MGI:96568]",0.393809846974238
"1600002K03Rik",0.435886186785791,0.0459407877588071,0.352006998670001,0.186758832261382,NA,0.393946592727896
"Mcm3",0.407037154207177,0.131424635027492,0.380879655694793,0.228588611536234,"minichromosome maintenance complex component 3 [Source:MGI Symbol;Acc:MGI:101845]",0.393958404950985
"Snrpd2",0.407910135185154,0.0353741931676827,0.380043476312995,0.162729965916785,"small nuclear ribonucleoprotein D2 [Source:MGI Symbol;Acc:MGI:98345]",0.393976805749075
"Shisa4",0.501103917019686,0.222043972778688,0.288715372942764,0.564099155717299,"shisa family member 4 [Source:MGI Symbol;Acc:MGI:1924802]",0.394909644981225
"Rgs16",0.499947459731316,0.155300534610787,0.290337307660845,0.488094944544924,"regulator of G-protein signaling 16 [Source:MGI Symbol;Acc:MGI:108407]",0.39514238369608
"Zbed5",0.442409131693108,0.083252759667887,0.348118505300337,0.237558527911579,"zinc finger BED-type containing 5 [Source:MGI Symbol;Acc:MGI:1919220]",0.395263818496723
"H2afj",0.43369102256914,0.0533692969759634,0.357678082425964,0.19009272736809,NA,0.395684552497552
"Cryab",0.516427616346698,0.0922959912658226,0.27503420631931,0.44495102125036,"crystallin, alpha B [Source:MGI Symbol;Acc:MGI:88516]",0.395730911333004
"Pgp",0.484398741797508,0.0459407877588071,0.30887452744175,0.264198617260566,"phosphoglycolate phosphatase [Source:MGI Symbol;Acc:MGI:1914328]",0.396636634619629
"Avpi1",0.381883578957326,0.0707571477227285,0.411626033266107,0.162729965916785,"arginine vasopressin-induced 1 [Source:MGI Symbol;Acc:MGI:1916784]",0.396754806111717
"Ydjc",0.477181455014955,0.0445739470240535,0.316934403336446,0.239343773696918,"YdjC homolog (bacterial) [Source:MGI Symbol;Acc:MGI:1916351]",0.3970579291757
"Ankrd17",0.504542401936826,0.0776593386383559,0.290036064497572,0.372278666759099,"ankyrin repeat domain 17 [Source:MGI Symbol;Acc:MGI:1932101]",0.397289233217199
"Cox14",0.451748849828346,0.0415263346206187,0.343847337703186,0.187592364584338,"cytochrome c oxidase assembly protein 14 [Source:MGI Symbol;Acc:MGI:1913629]",0.397798093765766
"Phox2a",0.521538135027167,0.224947436941411,0.274457357997121,0.608113935000565,"paired-like homeobox 2a [Source:MGI Symbol;Acc:MGI:106633]",0.397997746512144
"Rabac1",0.434337799286615,0.0543776922642305,0.362079368296723,0.188951482083192,"Rab acceptor 1 (prenylated) [Source:MGI Symbol;Acc:MGI:1201692]",0.398208583791669
"Zcchc18",0.393450020097716,0.240135337618117,0.403664926714364,0.30343919612201,"zinc finger, CCHC domain containing 18 [Source:MGI Symbol;Acc:MGI:1914245]",0.39855747340604
"Mab21l1",0.465250620388817,0.239966159069151,0.331966855713978,0.486656341838332,"mab-21-like 1 [Source:MGI Symbol;Acc:MGI:1333773]",0.398608738051398
"Ptpru",0.594122885173877,0.180894944087734,0.203297241217757,0.730411239568462,"protein tyrosine phosphatase receptor type U [Source:MGI Symbol;Acc:MGI:1321151]",0.398710063195817
"Tgm3",0.637890755401056,0.169692732016702,0.160672068049917,0.802789001421019,"transglutaminase 3, E polypeptide [Source:MGI Symbol;Acc:MGI:98732]",0.399281411725486
"Des",0.482133980420132,0.154604866055379,0.3169544520686,0.426555479386536,"desmin [Source:MGI Symbol;Acc:MGI:94885]",0.399544216244366
"Tac1",0.435947385373778,0.0678114371024473,0.363350599929679,0.19875382039052,"tachykinin 1 [Source:MGI Symbol;Acc:MGI:98474]",0.399648992651728
"Crtac1",0.517731974556173,0.201584223570502,0.281624677417541,0.57227117589502,"cartilage acidic protein 1 [Source:MGI Symbol;Acc:MGI:1920082]",0.399678325986857
"Syngr1",0.43541803668356,0.157586249586477,0.364407904926052,0.308050017918922,"synaptogyrin 1 [Source:MGI Symbol;Acc:MGI:1328323]",0.399912970804806
"Tmem107",0.515984073297376,0.0498954953893586,0.284423747509911,0.344109299697969,"transmembrane protein 107 [Source:MGI Symbol;Acc:MGI:1914160]",0.400203910403643
"Enho",0.372382098839075,0.214006857627852,0.428061431444642,0.228319018180083,"energy homeostasis associated [Source:MGI Symbol;Acc:MGI:1916888]",0.400221765141858
"Nefh",0.46229872431559,0.139517805418372,0.338821893370954,0.350646782027525,"neurofilament, heavy polypeptide [Source:MGI Symbol;Acc:MGI:97309]",0.400560308843272
"Bcl7c",0.407458696654616,0.078538359665001,0.393815468007731,0.168155026440401,"B cell CLL/lymphoma 7C [Source:MGI Symbol;Acc:MGI:1332237]",0.400637082331173
"Htr3a",0.50309674641915,0.157586249586477,0.298445395933109,0.482612586797054,"5-hydroxytryptamine (serotonin) receptor 3A [Source:MGI Symbol;Acc:MGI:96282]",0.40077107117613
"Wnt9a",0.463856841219934,0.161024488283827,0.337834281260464,0.377218252517753,"wingless-type MMTV integration site family, member 9A [Source:MGI Symbol;Acc:MGI:2446084]",0.400845561240199
"Gfap",0.512097417389951,0.23482577331,0.290044574433585,0.584660961354871,"glial fibrillary acidic protein [Source:MGI Symbol;Acc:MGI:95697]",0.401070995911768
"Lrrc4b",0.499327400964415,0.238857383897751,0.304286458224607,0.559601555506491,"leucine rich repeat containing 4B [Source:MGI Symbol;Acc:MGI:3027390]",0.401806929594511
"Sema3g",0.457670620143788,0.18378102088727,0.346044811304472,0.391574238471779,"sema domain, immunoglobulin domain (Ig), short basic domain, secreted, (semaphorin) 3G [Source:MGI Symbol;Acc:MGI:3041242]",0.40185771572413
"Ggnbp1",0.52916341380611,0.144257066436005,0.275437591877604,0.526152142545074,"gametogenetin binding protein 1 [Source:MGI Symbol;Acc:MGI:3055306]",0.402300502841857
"AU021092",0.381812269290966,0.222182547900617,0.423021335443042,0.247721926369743,"expressed sequence AU021092 [Source:MGI Symbol;Acc:MGI:2146559]",0.402416802367004
"Nhp2",0.395458251301229,0.0590933811966715,0.409458323251972,0.162729965916785,"NHP2 ribonucleoprotein [Source:MGI Symbol;Acc:MGI:1098547]",0.4024582872766
"Six5",0.521053635323162,0.088875119007663,0.283984333132955,0.427703885967717,"sine oculis-related homeobox 5 [Source:MGI Symbol;Acc:MGI:106220]",0.402518984228058
"Mrpl23",0.396236083037698,0.0739494820446982,0.408924547808604,0.162729965916785,"mitochondrial ribosomal protein L23 [Source:MGI Symbol;Acc:MGI:1196612]",0.402580315423151
"2310033P09Rik",0.464626749003953,0.0442545003395732,0.341338997446655,0.2051278057827,"RIKEN cDNA 2310033P09 gene [Source:MGI Symbol;Acc:MGI:1915112]",0.402982873225304
"Ndufs7",0.432140513316181,0.0451820567944804,0.374485912025252,0.168155026440401,"NADH:ubiquinone oxidoreductase core subunit S7 [Source:MGI Symbol;Acc:MGI:1922656]",0.403313212670717
"Zfp428",0.565298779833919,0.0602459391882112,0.242076325104157,0.49660196883813,"zinc finger protein 428 [Source:MGI Symbol;Acc:MGI:1916463]",0.403687552469038
"Faim2",0.496144199259064,0.197767319596619,0.311838926698832,0.499211215090543,"Fas apoptotic inhibitory molecule 2 [Source:MGI Symbol;Acc:MGI:1919643]",0.403991562978948
"Trf",0.299144706785048,0.370821033705886,0.509328950492488,0.201971210693124,"transferrin [Source:MGI Symbol;Acc:MGI:98821]",0.404236828638768
"Scn5a",0.50610633492766,0.195007548414031,0.302487565978743,0.520558056825675,"sodium channel, voltage-gated, type V, alpha [Source:MGI Symbol;Acc:MGI:98251]",0.404296950453201
"Kcnj12",0.560418752760471,0.155590713125174,0.2497160833428,0.608811348888877,"potassium inwardly-rectifying channel, subfamily J, member 12 [Source:MGI Symbol;Acc:MGI:108495]",0.405067418051635
"Cuta",0.444535117176289,0.0328941009885878,0.365641457303922,0.162729965916785,"cutA divalent cation tolerance homolog [Source:MGI Symbol;Acc:MGI:1914925]",0.405088287240105
"Plekhj1",0.437168135343027,0.05271006512444,0.373217191692315,0.173014444485906,"pleckstrin homology domain containing, family J member 1 [Source:MGI Symbol;Acc:MGI:1925920]",0.405192663517671
"Camk2n2",0.470620996836786,0.1104502764648,0.340029315973377,0.318647462840166,"calcium/calmodulin-dependent protein kinase II inhibitor 2 [Source:MGI Symbol;Acc:MGI:1920297]",0.405325156405081
"Adam12",0.490686036701319,0.225385337066447,0.319993609500854,0.51048483265987,"ADAM metallopeptidase domain 12 [Source:MGI Symbol;Acc:MGI:105378]",0.405339823101087
"Myt1l",0.526966866497368,0.24642879454731,0.284166503473045,0.617306694270036,"myelin transcription factor 1-like [Source:MGI Symbol;Acc:MGI:1100511]",0.405566684985207
"Rpl38",0.412390896486102,0.0849274609695713,0.399613632252237,0.173014444485906,"ribosomal protein L38 [Source:MGI Symbol;Acc:MGI:1914921]",0.40600226436917
"Phox2b",0.495113763107797,0.173531656646686,0.31774982018486,0.463524676936372,"paired-like homeobox 2b [Source:MGI Symbol;Acc:MGI:1100882]",0.406431791646328
"Il3ra",0.444558596673739,0.204251294335908,0.368983101043718,0.365983608415475,"interleukin 3 receptor, alpha chain [Source:MGI Symbol;Acc:MGI:96553]",0.406770848858728
"Smim5",0.487201996196944,0.105258010667092,0.327523436125189,0.351739787782789,"small integral membrane protein 5 [Source:MGI Symbol;Acc:MGI:1913778]",0.407362716161067
"Mrps12",0.477527864934414,0.0328941009885878,0.339737831859114,0.192120861630439,"mitochondrial ribosomal protein S12 [Source:MGI Symbol;Acc:MGI:1346333]",0.408632848396764
"Chchd6",0.426928349920663,0.0327906244937893,0.391453033707366,0.162729965916785,"coiled-coil-helix-coiled-coil-helix domain containing 6 [Source:MGI Symbol;Acc:MGI:1913348]",0.409190691814014
"Zfp771",0.463210200280912,0.0504573678029363,0.355565375146279,0.202428596425691,"zinc finger protein 771 [Source:MGI Symbol;Acc:MGI:2442050]",0.409387787713596
"Gm5218",0.464823791785211,0.105258010667092,0.354159268175733,0.286609508979727,"predicted gene 5218 [Source:MGI Symbol;Acc:MGI:3646583]",0.409491529980472
"Asb16",0.367625812003845,0.235196703499768,0.451913197545955,0.222040075877265,"ankyrin repeat and SOCS box-containing 16 [Source:MGI Symbol;Acc:MGI:2654437]",0.4097695047749
"Svbp",0.437158161062528,0.0421771307268457,0.382911669818316,0.162729965916785,"small vasohibin binding protein [Source:MGI Symbol;Acc:MGI:1916466]",0.410034915440422
"Mrpl34",0.491508562462546,0.0177836027981579,0.328807661206076,0.168155026440401,"mitochondrial ribosomal protein L34 [Source:MGI Symbol;Acc:MGI:2137227]",0.410158111834311
"Rps14",0.416663992621464,0.0624389805576801,0.404454933141307,0.162729965916785,"ribosomal protein S14 [Source:MGI Symbol;Acc:MGI:98107]",0.410559462881385
"Rbp7",0.317614311404528,0.186769450079176,0.504948505105643,0.162729965916785,"retinol binding protein 7, cellular [Source:MGI Symbol;Acc:MGI:1890409]",0.411281408255086
"Myl7",0.417547094795261,0.163674282320562,0.406249146710245,0.244933288966581,"myosin, light polypeptide 7, regulatory [Source:MGI Symbol;Acc:MGI:107495]",0.411898120752753
"Rps19bp1",0.449861088982045,0.0278313038741847,0.37403134724185,0.162729965916785,"ribosomal protein S19 binding protein 1 [Source:MGI Symbol;Acc:MGI:1913788]",0.411946218111948
"Tsfm",0.416807149148899,0.0459407877588071,0.408512980330855,0.162729965916785,"Ts translation elongation factor, mitochondrial [Source:MGI Symbol;Acc:MGI:1913649]",0.412660064739877
"Golga7b",0.475759271814911,0.12244347409125,0.34969484369766,0.324091264455326,"golgin A7B [Source:MGI Symbol;Acc:MGI:1918396]",0.412727057756285
"Rangrf",0.475962658922866,0.0120031502487806,0.349642537110643,0.162729965916785,"RAN guanine nucleotide release factor [Source:MGI Symbol;Acc:MGI:1889073]",0.412802598016755
"Psmc3ip",0.487049047837459,0.0849274609695713,0.338564746000626,0.29481429985767,"proteasome (prosome, macropain) 26S subunit, ATPase 3, interacting protein [Source:MGI Symbol;Acc:MGI:1098610]",0.412806896919042
"Smpx",0.545536076706753,0.132146489140695,0.280552016106354,0.514955115059947,"small muscle protein, X-linked [Source:MGI Symbol;Acc:MGI:1913356]",0.413044046406553
"Cadm4",0.497643667331696,0.0914314997533151,0.328816753540625,0.334036514713947,"cell adhesion molecule 4 [Source:MGI Symbol;Acc:MGI:2449088]",0.41323021043616
"Pgls",0.395210266523606,0.0914314997533151,0.431251826833653,0.162729965916785,"6-phosphogluconolactonase [Source:MGI Symbol;Acc:MGI:1913421]",0.41323104667863
"Lag3",0.475304126998805,0.143474317490944,0.352078443599435,0.350857538605909,"lymphocyte-activation gene 3 [Source:MGI Symbol;Acc:MGI:106588]",0.41369128529912
"Sh3bgr",0.557195346989789,0.0914314997533151,0.27067113987265,0.486656341838332,"SH3-binding domain glutamic acid-rich protein [Source:MGI Symbol;Acc:MGI:1354740]",0.41393324343122
"Chd6",0.521375835984957,0.24313722352837,0.30696707519421,0.576194856197415,"chromodomain helicase DNA binding protein 6 [Source:MGI Symbol;Acc:MGI:1918639]",0.414171455589583
"Nup85",0.397445511702894,0.0753496339319244,0.431198727683326,0.162729965916785,"nucleoporin 85 [Source:MGI Symbol;Acc:MGI:3046173]",0.41432211969311
"Tssc4",0.47444811528357,0.0415263346206187,0.355482858521015,0.19234002298932,"tumor-suppressing subchromosomal transferable fragment 4 [Source:MGI Symbol;Acc:MGI:1861712]",0.414965486902293
"Egfl7",0.515435596114298,0.115948816029865,0.315957036495358,0.405890498297631,"EGF-like domain 7 [Source:MGI Symbol;Acc:MGI:2449923]",0.415696316304828
"Cmtm7",0.433958037922242,0.210655111739078,0.397972785689114,0.324091264455326,"CKLF-like MARVEL transmembrane domain containing 7 [Source:MGI Symbol;Acc:MGI:2447166]",0.415965411805678
"Thrsp",0.313758183401114,0.422375028245349,0.518896123565125,0.244914312428993,"thyroid hormone responsive [Source:MGI Symbol;Acc:MGI:109126]",0.41632715348312
"Exosc5",0.391811197917087,0.0661857222315016,0.440893735144808,0.162729965916785,"exosome component 5 [Source:MGI Symbol;Acc:MGI:107889]",0.416352466530947
"2810428I15Rik",0.464217083500197,0.0327906244937893,0.370174614354594,0.162729965916785,NA,0.417195848927395
"Rasgef1a",0.508921660082428,0.165347547695046,0.327425810992874,0.451915903123506,"RasGEF domain family, member 1A [Source:MGI Symbol;Acc:MGI:1917977]",0.418173735537651
"Ndufaf3",0.428240452995416,0.0323870780769041,0.410362027785294,0.120803011639566,"NADH:ubiquinone oxidoreductase complex assembly factor 3 [Source:MGI Symbol;Acc:MGI:1913956]",0.419301240390355
"Gm21992",0.534194535339486,0.178098155714972,0.30455657845778,0.523663932527368,"predicted gene 21992 [Source:MGI Symbol;Acc:MGI:5439461]",0.419375556898633
"Htr3b",0.50475714139622,0.239718872261205,0.334962502351143,0.520255483196288,"5-hydroxytryptamine (serotonin) receptor 3B [Source:MGI Symbol;Acc:MGI:1861899]",0.419859821873681
"Gja5",0.42208608574504,0.238656938471892,0.419793147626436,0.316277927422663,"gap junction protein, alpha 5 [Source:MGI Symbol;Acc:MGI:95716]",0.420939616685738
"Syt6",0.55050235678255,0.195007548414031,0.291654018823152,0.57398285086086,"synaptotagmin VI [Source:MGI Symbol;Acc:MGI:1859544]",0.421078187802851
"Gm10320",0.450755770214942,0.0493571627289369,0.392366307932055,0.168155026440401,NA,0.421561039073499
"H2afx",0.439301966036819,0.0543776922642305,0.405046729056479,0.163493285359627,NA,0.422174347546649
"Ak1",0.593640406998896,0.0451820567944804,0.251573376679912,0.465746971271521,"adenylate kinase 1 [Source:MGI Symbol;Acc:MGI:87977]",0.422606891839404
"Pycr2",0.447018223800819,0.0608612253654929,0.399118090657713,0.173014444485906,"pyrroline-5-carboxylate reductase family, member 2 [Source:MGI Symbol;Acc:MGI:1277956]",0.423068157229266
"Cmc2",0.431513506092522,0.110678959237465,0.415161279238929,0.20018592004561,"C-X9-C motif containing 2 [Source:MGI Symbol;Acc:MGI:1913781]",0.423337392665725
"Nsg2",0.444747818764622,0.197448445783687,0.402101712067359,0.316936056067264,"neuron specific gene family member 2 [Source:MGI Symbol;Acc:MGI:1202070]",0.423424765415991
"Rtn1",0.48559246934961,0.15298930121479,0.362126469349097,0.357744246180643,"reticulon 1 [Source:MGI Symbol;Acc:MGI:1933947]",0.423859469349353
"Srm",0.497997596571047,0.0419473474338183,0.350206997896942,0.207671701037539,"spermidine synthase [Source:MGI Symbol;Acc:MGI:102690]",0.424102297233995
"Ndufb7",0.452099711253572,0.0546720086176247,0.397865893925689,0.168155026440401,"NADH:ubiquinone oxidoreductase subunit B7 [Source:MGI Symbol;Acc:MGI:1914166]",0.424982802589631
"Fbxo2",0.608038093543754,0.138820610362472,0.241945691368975,0.635181056423344,"F-box protein 2 [Source:MGI Symbol;Acc:MGI:2446216]",0.424991892456365
"Dync1i1",0.384869817113384,NA,0.466000304708715,0.239343773696918,"dynein cytoplasmic 1 intermediate chain 1 [Source:MGI Symbol;Acc:MGI:107743]",0.42543506091105
"Bola2",0.43649073591866,0.169692732016702,0.41787930338997,0.259036799675813,"bolA family member 2 [Source:MGI Symbol;Acc:MGI:1913412]",0.427185019654315
"Hspb7",0.56894670562953,0.124188105308753,0.285886489251487,0.514955115059947,"heat shock protein family, member 7 (cardiovascular) [Source:MGI Symbol;Acc:MGI:1352494]",0.427416597440509
"Celf4",0.572925248957832,0.139110430146067,0.282007789040237,0.544851479714894,"CUGBP, Elav-like family member 4 [Source:MGI Symbol;Acc:MGI:1932407]",0.427466518999035
"Scgb3a1",0.503055874405099,0.240440418021,0.352098283854897,0.496790896991278,"secretoglobin, family 3A, member 1 [Source:MGI Symbol;Acc:MGI:1915912]",0.427577079129998
"Col8a2",0.610581249551943,0.121921789065786,0.248867769517116,0.607331424729465,"collagen, type VIII, alpha 2 [Source:MGI Symbol;Acc:MGI:88464]",0.42972450953453
"4930415O20Rik",0.64810491837504,0.0451820567944804,0.21231077187632,0.587243424938379,NA,0.43020784512568
"Alkbh7",0.505029966336174,0.0242531130189261,0.355735225238358,0.168155026440401,"alkB homolog 7 [Source:MGI Symbol;Acc:MGI:1913650]",0.430382595787266
"Adam33",0.778862776651451,0.168060978471417,0.0849547913707431,0.921575324457919,"a disintegrin and metallopeptidase domain 33 [Source:MGI Symbol;Acc:MGI:1341813]",0.431908784011097
"Psmg3",0.50238933833774,0.0234599677328062,0.363296650171292,0.162729965916785,"proteasome (prosome, macropain) assembly chaperone 3 [Source:MGI Symbol;Acc:MGI:1913756]",0.432842994254516
"Them6",0.41031301067048,0.142238084906769,0.455898827540924,0.187592364584338,"thioesterase superfamily member 6 [Source:MGI Symbol;Acc:MGI:1925301]",0.433105919105702
"Hypk",0.43377163962329,0.0445969496299449,0.433476891484735,0.162729965916785,"huntingtin interacting protein K [Source:MGI Symbol;Acc:MGI:1914943]",0.433624265554013
"Grrp1",0.541483840928833,0.13386602991552,0.327139898653876,0.440255962898948,NA,0.434311869791354
"Sv2a",0.546182039942694,0.156468728245211,0.322578501210669,0.483558043593445,"synaptic vesicle glycoprotein 2a [Source:MGI Symbol;Acc:MGI:1927139]",0.434380270576681
"Cep131",0.505030685812921,0.132784716318393,0.363795432908677,0.346601003146706,"centrosomal protein 131 [Source:MGI Symbol;Acc:MGI:107440]",0.434413059360799
"Shc4",0.502651725138988,0.163364016048117,0.366213100148762,0.382547642590859,"SHC (Src homology 2 domain containing) family, member 4 [Source:MGI Symbol;Acc:MGI:2655364]",0.434432412643875
"Dmkn",0.4639717769753,0.197767319596619,0.404947515013456,0.335793892880295,"dermokine [Source:MGI Symbol;Acc:MGI:1920962]",0.434459645994378
"Fkbp11",0.465488509876933,0.107790828445063,0.403839578117466,0.233356711013206,"FK506 binding protein 11 [Source:MGI Symbol;Acc:MGI:1913370]",0.434664043997199
"Tmem255b",0.476677724683948,0.139223360406816,0.396541758070185,0.286609508979727,"transmembrane protein 255B [Source:MGI Symbol;Acc:MGI:2685533]",0.436609741377066
"Fxyd6",0.562112874212398,0.060829990492926,0.31132874024354,0.364833220876371,"FXYD domain-containing ion transport regulator 6 [Source:MGI Symbol;Acc:MGI:1890226]",0.436720807227969
"Rmi2",0.538705694422968,0.0538747353192554,0.336084668614638,0.289773495617891,"RecQ mediated genome instability 2 [Source:MGI Symbol;Acc:MGI:2685383]",0.437395181518803
"Siva1",0.486739982400181,0.0398976249343742,0.391764982925874,0.168155026440401,"SIVA1, apoptosis-inducing factor [Source:MGI Symbol;Acc:MGI:1353606]",0.439252482663028
"Slc18a2",0.525380220249541,0.215462077471435,0.353765058695778,0.486656341838332,"solute carrier family 18 (vesicular monoamine), member 2 [Source:MGI Symbol;Acc:MGI:106677]",0.43957263947266
"Prdx2",0.486913365085209,0.0327906244937893,0.392267677274507,0.162729965916785,"peroxiredoxin 2 [Source:MGI Symbol;Acc:MGI:109486]",0.439590521179858
"Gm10073",0.435230380516547,0.0834582133496962,0.444197460393047,0.167474821176561,"predicted pseudogene 10073 [Source:MGI Symbol;Acc:MGI:3641908]",0.439713920454797
"Spink4",0.606621939539304,0.154742540791312,0.272850637450802,0.602076671432296,"serine peptidase inhibitor, Kazal type 4 [Source:MGI Symbol;Acc:MGI:1341848]",0.439736288495053
"2700094K13Rik",0.433569655133186,0.0956018350183673,0.450318401201405,0.168155026440401,NA,0.441944028167295
"Sf3b5",0.473430531604117,0.0568518666825454,0.410971902442376,0.177530581736608,"splicing factor 3b, subunit 5 [Source:MGI Symbol;Acc:MGI:1913375]",0.442201217023247
"Nos1",0.541544229918901,0.222396115875952,0.345264274905494,0.519127917496322,"nitric oxide synthase 1, neuronal [Source:MGI Symbol;Acc:MGI:97360]",0.443404252412197
"Ckb",0.562688013804557,0.0538747353192554,0.324335221966411,0.329318303475208,"creatine kinase, brain [Source:MGI Symbol;Acc:MGI:88407]",0.443511617885484
"Rplp2",0.452904791006639,0.0760944808618052,0.435497168927228,0.168155026440401,"ribosomal protein lateral stalk subunit P2 [Source:MGI Symbol;Acc:MGI:1914436]",0.444200979966934
"AI854703",0.588355613635126,0.078538359665001,0.303007177516415,0.437653706120466,"expressed sequence AI854703 [Source:MGI Symbol;Acc:MGI:2141510]",0.44568139557577
"Stmn4",0.521904622942827,0.238872413275295,0.369598974684076,0.488468557962677,"stathmin-like 4 [Source:MGI Symbol;Acc:MGI:1931224]",0.445751798813452
"Rnaseh2c",0.469657499834965,0.0426991101671376,0.422638804074656,0.162729965916785,"ribonuclease H2, subunit C [Source:MGI Symbol;Acc:MGI:1915459]",0.446148151954811
"Sncg",0.509364692870845,0.147019022706755,0.383798323814355,0.345995513125376,"synuclein, gamma [Source:MGI Symbol;Acc:MGI:1298397]",0.4465815083426
"Gp1bb",0.484789392134797,0.163674282320562,0.408971969128786,0.312632430704369,"glycoprotein Ib, beta polypeptide [Source:MGI Symbol;Acc:MGI:107852]",0.446880680631791
"Efr3b",0.247889937798484,0.593923108906552,0.646214176562501,0.218329728756878,"EFR3 homolog B [Source:MGI Symbol;Acc:MGI:2444851]",0.447052057180493
"Pcdhb22",0.482466048267869,0.138820610362472,0.413625969151476,0.268635117695908,"protocadherin beta 22 [Source:MGI Symbol;Acc:MGI:2136760]",0.448046008709672
"Snrnp25",0.438692882152966,0.148985361072157,0.458719471756513,0.206542336174732,"small nuclear ribonucleoprotein 25 (U11/U12) [Source:MGI Symbol;Acc:MGI:1925622]",0.448706176954739
"Hoxa3",0.598034785393101,0.0824569875379693,0.2996164320745,0.456261462692445,"homeobox A3 [Source:MGI Symbol;Acc:MGI:96175]",0.448825608733801
"Pard6a",0.511726459763836,0.0415263346206187,0.387319399604091,0.190217882470592,"par-6 family cell polarity regulator alpha [Source:MGI Symbol;Acc:MGI:1927223]",0.449522929683964
"Tmem35a",0.597720894908268,0.0674166914323605,0.302853700478161,0.427649966530886,"transmembrane protein 35A [Source:MGI Symbol;Acc:MGI:1914814]",0.450287297693215
"Mapk10",0.55103640874909,0.180877540509887,0.353007598564678,0.473921710641665,"mitogen-activated protein kinase 10 [Source:MGI Symbol;Acc:MGI:1346863]",0.452022003656884
"Mettl1",0.445141106313474,0.071487313664067,0.459517996136206,0.162729965916785,"methyltransferase 1, tRNA methylguanosine [Source:MGI Symbol;Acc:MGI:1339986]",0.45232955122484
"Phactr3",0.433169123995784,0.246490367293496,0.473717857153723,0.27988804332855,"phosphatase and actin regulator 3 [Source:MGI Symbol;Acc:MGI:1921439]",0.453443490574754
"Slpi",0.52821049919902,0.134034083961912,0.379882355262948,0.350857538605909,"secretory leukocyte peptidase inhibitor [Source:MGI Symbol;Acc:MGI:109297]",0.454046427230984
"Fam46b",0.509453158442412,0.215553846076813,0.398714050384703,0.411806201637451,NA,0.454083604413557
"Camkk1",0.455210073027811,0.150916508149005,0.454324939522128,0.226220970068577,"calcium/calmodulin-dependent protein kinase kinase 1, alpha [Source:MGI Symbol;Acc:MGI:1891766]",0.45476750627497
"Gm5868",0.48906784055135,0.216188621739577,0.420701651062668,0.363561340987184,NA,0.454884745807009
"Endog",0.437673448699745,0.10329283373328,0.473421620016386,0.168155026440401,"endonuclease G [Source:MGI Symbol;Acc:MGI:1261433]",0.455547534358065
"Ssu2",0.515672075184567,0.166309273495863,0.395901200044222,0.362948445798034,"ssu-2 homolog [Source:MGI Symbol;Acc:MGI:2443733]",0.455786637614395
"Phkg1",0.552564237131259,0.153533281200539,0.359187042766795,0.430945073212285,"phosphorylase kinase gamma 1 [Source:MGI Symbol;Acc:MGI:97579]",0.455875639949027
"Wdr89",0.475167251488316,0.100862809232081,0.437105535718102,0.207041265355528,"WD repeat domain 89 [Source:MGI Symbol;Acc:MGI:1919588]",0.456136393603209
"Elavl3",0.585745205584991,0.159706739416263,0.327211777572378,0.512381666812057,"ELAV like RNA binding protein 3 [Source:MGI Symbol;Acc:MGI:109157]",0.456478491578684
"Tspo",0.455737323864262,0.0327906244937893,0.457416666585958,0.120803011639566,"translocator protein [Source:MGI Symbol;Acc:MGI:88222]",0.45657699522511
"Gpatch4",0.494218479273486,0.0445969496299449,0.418941858862522,0.168155026440401,"G patch domain containing 4 [Source:MGI Symbol;Acc:MGI:1913864]",0.456580169068004
"Nkap",0.523193882106493,0.119453542363575,0.390227040764019,0.312632430704369,"NFKB activating protein [Source:MGI Symbol;Acc:MGI:1914300]",0.456710461435256
"Eva1c",0.465671999287205,0.182251457348356,0.450428512065177,0.267263530582356,"eva-1 homolog C [Source:MGI Symbol;Acc:MGI:1918217]",0.458050255676191
"Spef1",0.565283894449583,0.0328941009885878,0.351896229651357,0.228319018180083,"sperm flagellar 1 [Source:MGI Symbol;Acc:MGI:3513546]",0.45859006205047
"Lhfpl4",0.564032727729797,0.190723238567787,0.355572723160799,0.489318442518706,"lipoma HMGIC fusion partner-like protein 4 [Source:MGI Symbol;Acc:MGI:3057108]",0.459802725445298
"Atp5k",0.50557564660128,0.0328941009885878,0.416855759956364,0.162729965916785,NA,0.461215703278822
"Gm20683",0.455088854777132,0.183633081755863,0.468069054548158,0.242908617964919,"predicted gene 20683 [Source:MGI Symbol;Acc:MGI:5313130]",0.461578954662645
"Fam89a",0.393511002897328,NA,0.530384171845475,0.197718212882542,"family with sequence similarity 89, member A [Source:MGI Symbol;Acc:MGI:1916877]",0.461947587371402
"Uqcrq",0.504683630701866,0.0659768107140516,0.420444838461249,0.198636638967883,"ubiquinol-cytochrome c reductase, complex III subunit VII [Source:MGI Symbol;Acc:MGI:107807]",0.462564234581557
"Glrx5",0.513127954660276,0.0328941009885878,0.412868019862862,0.162729965916785,"glutaredoxin 5 [Source:MGI Symbol;Acc:MGI:1920296]",0.462997987261569
"1700008O03Rik",0.626798580598377,0.172448804027458,0.299872624257061,0.596750340139384,"RIKEN cDNA 1700008O03 gene [Source:MGI Symbol;Acc:MGI:1916599]",0.463335602427719
"Podxl2",0.547453068730603,0.107846422519868,0.379341673779774,0.336458204624561,"podocalyxin-like 2 [Source:MGI Symbol;Acc:MGI:2442488]",0.463397371255188
"Uqcc2",0.525658005885208,0.0150745397266805,0.401789603062349,0.162729965916785,"ubiquinol-cytochrome c reductase complex assembly factor 2 [Source:MGI Symbol;Acc:MGI:1914517]",0.463723804473778
"Spc24",0.477765636214394,0.0568518574308458,0.450614475713807,0.162729965916785,"SPC24, NDC80 kinetochore complex component, homolog (S. cerevisiae) [Source:MGI Symbol;Acc:MGI:1914879]",0.4641900559641
"Mroh1",0.519336839345231,0.0887494168047626,0.409811752533816,0.241107405137824,"maestro heat-like repeat family member 1 [Source:MGI Symbol;Acc:MGI:2442558]",0.464574295939523
"Dnph1",0.430370755890979,0.0601609876186486,0.499817743887265,0.162729965916785,"2'-deoxynucleoside 5'-phosphate N-hydrolase 1 [Source:MGI Symbol;Acc:MGI:3039376]",0.465094249889122
"Tmem160",0.497547289401019,0.0810155074169564,0.433417719066898,0.199473004881909,"transmembrane protein 160 [Source:MGI Symbol;Acc:MGI:1916344]",0.465482504233959
"Prph",0.58028749522874,0.126660046339282,0.350737298207211,0.43194852387925,"peripherin [Source:MGI Symbol;Acc:MGI:97774]",0.465512396717976
"Bst2",0.473258106354637,0.078538359665001,0.46016603345432,0.168155026440401,"bone marrow stromal cell antigen 2 [Source:MGI Symbol;Acc:MGI:1916800]",0.466712069904478
"Timm13",0.491763532339428,0.036205983420747,0.442109372216886,0.162729965916785,"translocase of inner mitochondrial membrane 13 [Source:MGI Symbol;Acc:MGI:1353432]",0.466936452278157
"Lsm7",0.478285698059835,0.0459407877588071,0.45659152268601,0.162729965916785,"LSM7 homolog, U6 small nuclear RNA and mRNA degradation associated [Source:MGI Symbol;Acc:MGI:1913344]",0.467438610372923
"Mif",0.466557931092164,0.125683105938491,0.468482759268404,0.198652616740918,"macrophage migration inhibitory factor (glycosylation-inhibiting factor) [Source:MGI Symbol;Acc:MGI:96982]",0.467520345180284
"Lamtor4",0.498895679391441,0.0415263346206187,0.436817481130829,0.162729965916785,"late endosomal/lysosomal adaptor, MAPK and MTOR activator 4 [Source:MGI Symbol;Acc:MGI:1913346]",0.467856580261135
"Mxd3",0.451113993216635,0.126660046339282,0.485544321496416,0.18416949213866,"Max dimerization protein 3 [Source:MGI Symbol;Acc:MGI:104987]",0.468329157356525
"Fam131a",0.544374934976138,0.139611251903646,0.395531376348382,0.355663076669677,"family with sequence similarity 131, member A [Source:MGI Symbol;Acc:MGI:1925658]",0.46995315566226
"Fam195a",0.510902625932061,0.0459407877588071,0.430656831662629,0.168155026440401,NA,0.470779728797345
"Apitd1",0.49504261597327,0.143820595751897,0.448872924076251,0.252174484327694,NA,0.47195777002476
"Hey2",0.525841385377648,0.166703174695135,0.420228868929756,0.344109299697969,"hairy/enhancer-of-split related with YRPW motif 2 [Source:MGI Symbol;Acc:MGI:1341884]",0.473035127153702
"Fam195b",0.484649833317117,0.088875119007663,0.464375650891298,0.186758832261382,NA,0.474512742104207
"Dusp26",0.547475827796434,0.173531656646686,0.401782313362044,0.392891800327769,"dual specificity phosphatase 26 [Source:MGI Symbol;Acc:MGI:1914209]",0.474629070579239
"Fmc1",0.492501687174449,0.0186326208991554,0.457240565217066,0.0909224282168206,"formation of mitochondrial complex V assembly factor 1 [Source:MGI Symbol;Acc:MGI:1913367]",0.474871126195757
"Reg1",0.426668860278981,0.145113145266283,0.527342780339715,0.163493285359627,"regenerating islet-derived 1 [Source:MGI Symbol;Acc:MGI:97895]",0.477005820309348
"Pla2g5",0.550831993623066,0.103456082208136,0.40324526671485,0.303655002925299,"phospholipase A2, group V [Source:MGI Symbol;Acc:MGI:101899]",0.477038630168958
"Rps21",0.506080599139561,0.055727123820874,0.451896078151422,0.168155026440401,"ribosomal protein S21 [Source:MGI Symbol;Acc:MGI:1913731]",0.478988338645492
"Gjc2",0.573176279853649,0.0776593386383559,0.386430015253266,0.300079011529317,"gap junction protein, gamma 2 [Source:MGI Symbol;Acc:MGI:2153060]",0.479803147553458
"Uchl1",0.538311208565939,0.100862809232081,0.421327927188643,0.267959148453425,"ubiquitin carboxy-terminal hydrolase L1 [Source:MGI Symbol;Acc:MGI:103149]",0.479819567877291
"Oxtr",0.526960955278214,0.24313722352837,0.43383677190004,0.41960906358757,"oxytocin receptor [Source:MGI Symbol;Acc:MGI:109147]",0.480398863589127
"Map3k12",0.557367412061021,0.120299921246394,0.404024386717187,0.32767164936792,"mitogen-activated protein kinase kinase kinase 12 [Source:MGI Symbol;Acc:MGI:1346881]",0.480695899389104
"Hoxa5",0.646067495912726,0.119306354617922,0.316356526495039,0.521239620390522,"homeobox A5 [Source:MGI Symbol;Acc:MGI:96177]",0.481212011203883
"Cd59a",0.627871591102308,0.0529091201851922,0.335408682911644,0.362948445798034,"CD59a antigen [Source:MGI Symbol;Acc:MGI:109177]",0.481640137006976
"Vstm2l",0.512490524590715,0.102901880308683,0.455532008349146,0.221990097678794,"V-set and transmembrane domain containing 2-like [Source:MGI Symbol;Acc:MGI:2685537]",0.48401126646993
"Ascl1",0.744999890460618,0.0801610982178077,0.23095353866739,0.667721384184038,"achaete-scute family bHLH transcription factor 1 [Source:MGI Symbol;Acc:MGI:96919]",0.487976714564004
"Tacr3",0.549368657211634,0.225385337066447,0.426948821555673,0.428507339797626,"tachykinin receptor 3 [Source:MGI Symbol;Acc:MGI:892968]",0.488158739383654
"Hist1h4i",0.501144394733598,0.0698977048543017,0.477076322971004,0.168155026440401,NA,0.489110358852301
"Pold1",0.440480222594645,0.189716589852365,0.538137134586503,0.19444221244791,"polymerase (DNA directed), delta 1, catalytic subunit [Source:MGI Symbol;Acc:MGI:97741]",0.489308678590574
"Cenpm",0.47155843499923,0.126660046339282,0.508961955012641,0.183341997974662,"centromere protein M [Source:MGI Symbol;Acc:MGI:1913820]",0.490260195005935
"Serpine1",0.532510077596006,0.240746859783984,0.451180731395028,0.399341798368194,"serine (or cysteine) peptidase inhibitor, clade E, member 1 [Source:MGI Symbol;Acc:MGI:97608]",0.491845404495517
"1110008P14Rik",0.491407768645807,0.0415263346206187,0.4933684946214,0.162729965916785,NA,0.492388131633604
"Gm12728",0.539257453182527,0.044474383244613,0.445620038852937,0.168199190822752,"predicted gene 12728 [Source:MGI Symbol;Acc:MGI:3649486]",0.492438746017732
"Cela1",0.571536891062449,0.0242531130189261,0.414527428323387,0.162729965916785,"chymotrypsin-like elastase family, member 1 [Source:MGI Symbol;Acc:MGI:95314]",0.493032159692918
"Nmb",0.455241289248685,NA,0.531012365399753,0.229978839117901,"neuromedin B [Source:MGI Symbol;Acc:MGI:1915289]",0.493126827324219
"Tmem59l",0.538495084598643,0.132880710703458,0.44980718347622,0.274536138893207,"transmembrane protein 59-like [Source:MGI Symbol;Acc:MGI:1915187]",0.494151134037431
"Nat8l",0.545787019795771,0.177462141764794,0.444918784047952,0.346169656285553,"N-acetyltransferase 8-like [Source:MGI Symbol;Acc:MGI:2447776]",0.495352901921862
"Mcmdc2",0.564976814121396,0.120440486618652,0.429153676215868,0.305320048038166,"minichromosome maintenance domain containing 2 [Source:MGI Symbol;Acc:MGI:3045334]",0.497065245168632
"Tagln3",0.658007822580552,0.112518791865223,0.336593116518216,0.49660196883813,"transgelin 3 [Source:MGI Symbol;Acc:MGI:1926784]",0.497300469549384
"Nat14",0.604190442032409,0.036205983420747,0.391647467760506,0.228319018180083,"N-acetyltransferase 14 [Source:MGI Symbol;Acc:MGI:3039561]",0.497918954896458
"Prg2",0.516064338540263,0.245964207911688,0.48173030340927,0.356775455633766,"proteoglycan 2, bone marrow [Source:MGI Symbol;Acc:MGI:103294]",0.498897320974766
"Tmem179",0.535957417851947,0.17038840376767,0.461983985454086,0.309463430546232,"transmembrane protein 179 [Source:MGI Symbol;Acc:MGI:2144891]",0.498970701653016
"Romo1",0.544927369067822,0.0327906244937893,0.458255511322506,0.162729965916785,"reactive oxygen species modulator 1 [Source:MGI Symbol;Acc:MGI:1914317]",0.501591440195164
"Lama5",0.567330892000381,0.10707375515846,0.437344350262116,0.283415637914767,"laminin, alpha 5 [Source:MGI Symbol;Acc:MGI:105382]",0.502337621131248
"Stmn3",0.595294178141977,0.11389869003171,0.411476125863771,0.345653414205492,"stathmin-like 3 [Source:MGI Symbol;Acc:MGI:1277137]",0.503385152002874
"Osbp2",0.529699958273761,0.1882267873807,0.477900829703042,0.308109654711805,"oxysterol binding protein 2 [Source:MGI Symbol;Acc:MGI:1921559]",0.503800393988401
"Nr1i3",0.244027209261745,0.694635975550391,0.764669973827623,0.247721926369743,"nuclear receptor subfamily 1, group I, member 3 [Source:MGI Symbol;Acc:MGI:1346307]",0.504348591544684
"Ppp1r14a",0.60103613297596,0.0568518666825454,0.413407903421885,0.252174484327694,"protein phosphatase 1, regulatory inhibitor subunit 14A [Source:MGI Symbol;Acc:MGI:1931139]",0.507222018198923
"Gimap5",0.376526759618351,0.372948106346595,0.638969486306285,0.2051278057827,"GTPase, IMAP family member 5 [Source:MGI Symbol;Acc:MGI:2442232]",0.507748122962318
"E030030I06Rik",0.590752659521036,0.0445739470240535,0.425534685035501,0.207671701037539,"RIKEN cDNA E030030I06 gene [Source:MGI Symbol;Acc:MGI:2442914]",0.508143672278269
"Cxcr2",0.558926777832286,0.238191551968489,0.461211307393052,0.409433013958067,"C-X-C motif chemokine receptor 2 [Source:MGI Symbol;Acc:MGI:105303]",0.510069042612669
"Tnni2",0.427477232660427,NA,0.593922129502636,0.244152105046034,"troponin I, skeletal, fast 2 [Source:MGI Symbol;Acc:MGI:105070]",0.510699681081532
"Tbxa2r",0.614613279403601,0.13797238534412,0.414228927910659,0.387003335666859,"thromboxane A2 receptor [Source:MGI Symbol;Acc:MGI:98496]",0.51442110365713
"Nrsn1",0.596812168016195,0.0985292704971567,0.435280733753213,0.300254479909659,"neurensin 1 [Source:MGI Symbol;Acc:MGI:894662]",0.516046450884704
"1810043H04Rik",0.554319258407821,0.0419473474338183,0.477835860132912,0.162729965916785,NA,0.516077559270367
"Polr2l",0.569286724788137,0.0384690916159416,0.464480597283528,0.168155026440401,"polymerase (RNA) II (DNA directed) polypeptide L [Source:MGI Symbol;Acc:MGI:1913741]",0.516883661035832
"Gpr37l1",0.598435846873186,0.0955893947759296,0.436738918365514,0.29507117163041,"G protein-coupled receptor 37-like 1 [Source:MGI Symbol;Acc:MGI:1928503]",0.51758738261935
"Nmu",0.679645226777625,0.180214674459697,0.35623048602955,0.565044631468639,"neuromedin U [Source:MGI Symbol;Acc:MGI:1860476]",0.517937856403587
"Ltb4r1",0.657364371633191,0.078538359665001,0.385964753618496,0.36775783219794,"leukotriene B4 receptor 1 [Source:MGI Symbol;Acc:MGI:1309472]",0.521664562625843
"Lefty1",0.495194046056702,0.169428196740454,0.548489411336727,0.2051278057827,"left right determination factor 1 [Source:MGI Symbol;Acc:MGI:107405]",0.521841728696715
"Adrb3",0.68880251198958,0.117317653254904,0.35839587059928,0.490533385071807,"adrenergic receptor, beta 3 [Source:MGI Symbol;Acc:MGI:87939]",0.52359919129443
"Scand1",0.586072930301775,0.0592048685515099,0.467247528641651,0.2051278057827,"SCAN domain-containing 1 [Source:MGI Symbol;Acc:MGI:1343132]",0.526660229471713
"Hspb1",0.679823722701248,0.0459407877588071,0.376644515857198,0.330645912467191,"heat shock protein 1 [Source:MGI Symbol;Acc:MGI:96240]",0.528234119279223
"Bola1",0.60590717984854,0.0327906244937893,0.451117908370474,0.168155026440401,"bolA family member 1 [Source:MGI Symbol;Acc:MGI:1916418]",0.528512544109507
"Nnat",0.590824719791486,0.18700716983213,0.468964832898478,0.36775783219794,"neuronatin [Source:MGI Symbol;Acc:MGI:104716]",0.529894776344982
"Trim46",0.6025347274833,0.0849274609695713,0.457404137139811,0.252174484327694,"tripartite motif-containing 46 [Source:MGI Symbol;Acc:MGI:2673000]",0.529969432311555
"Igkv3-9",0.996675231442451,0.248783978152483,0.0758616206991481,0.955093671411915,"immunoglobulin kappa variable 3-9 [Source:MGI Symbol;Acc:MGI:1330856]",0.536268426070799
"Hist1h3d",0.363844423205821,NA,0.709185073913355,0.235827948988171,NA,0.536514748559588
"Il17d",0.639721582234174,NA,0.439708058710734,0.207671701037539,"interleukin 17D [Source:MGI Symbol;Acc:MGI:2446510]",0.539714820472454
"Prdm6",0.779163481168517,0.0504573678029363,0.301744323639726,0.521239620390522,"PR domain containing 6 [Source:MGI Symbol;Acc:MGI:2684938]",0.540453902404122
"Mfng",0.506750904522705,0.247003087327512,0.580513285034294,0.259036799675813,"MFNG O-fucosylpeptide 3-beta-N-acetylglucosaminyltransferase [Source:MGI Symbol;Acc:MGI:1095404]",0.543632094778499
"Lrg1",0.532999363549627,0.148661786381607,0.555874412450945,0.206901494199413,"leucine-rich alpha-2-glycoprotein 1 [Source:MGI Symbol;Acc:MGI:1924155]",0.544436888000286
"Tmprss5",0.576666959778229,0.17772858552513,0.512478974333679,0.30343919612201,"transmembrane protease, serine 5 (spinesin) [Source:MGI Symbol;Acc:MGI:1933407]",0.544572967055954
"Selp",0.61131457717788,0.136749251762801,0.482101974305128,0.308473226593791,"selectin, platelet [Source:MGI Symbol;Acc:MGI:98280]",0.546708275741504
"Fut1",0.628688181081526,0.0850595528724954,0.464968174354489,0.266638394975406,"fucosyltransferase 1 [Source:MGI Symbol;Acc:MGI:109375]",0.546828177718008
"Cnga3",0.402497711816287,NA,0.698293027344868,0.22852626170401,"cyclic nucleotide gated channel alpha 3 [Source:MGI Symbol;Acc:MGI:1341818]",0.550395369580577
"Atp5e",0.606144027957558,0.0177836027981579,0.494734710110977,0.162729965916785,NA,0.550439369034267
"Ltk",0.599820784256774,0.22896312039785,0.514096304671793,0.375960917567249,"leukocyte tyrosine kinase [Source:MGI Symbol;Acc:MGI:96840]",0.556958544464284
"Batf",0.59837974378818,0.206703982206168,0.516197263204671,0.353236050381744,"basic leucine zipper transcription factor, ATF-like [Source:MGI Symbol;Acc:MGI:1859147]",0.557288503496425
"Igfbp6",0.599242164827892,0.190615735123234,0.524929378650601,0.324091264455326,"insulin-like growth factor binding protein 6 [Source:MGI Symbol;Acc:MGI:96441]",0.562085771739246
"F2",0.42252444724888,NA,0.706676176175954,0.228319018180083,"coagulation factor II [Source:MGI Symbol;Acc:MGI:88380]",0.564600311712417
"Ndufa2",0.628226478558164,0.0327906244937893,0.501192614442255,0.162729965916785,"NADH:ubiquinone oxidoreductase subunit A2 [Source:MGI Symbol;Acc:MGI:1343103]",0.56470954650021
"Ifi27l2a",0.505668600154771,0.188856071897843,0.624418058539904,0.192120861630439,"interferon, alpha-inducible protein 27 like 2A [Source:MGI Symbol;Acc:MGI:1924183]",0.565043329347337
"Smim22",0.643259739791644,0.0706635349323246,0.487571153467343,0.235827948988171,"small integral membrane protein 22 [Source:MGI Symbol;Acc:MGI:3643379]",0.565415446629494
"Tmem256",0.628060576383077,0.0327906244937893,0.505943194334441,0.162729965916785,"transmembrane protein 256 [Source:MGI Symbol;Acc:MGI:1916436]",0.567001885358759
"Fabp4",0.493374262780679,0.244574497024212,0.653211779150438,0.2051278057827,"fatty acid binding protein 4, adipocyte [Source:MGI Symbol;Acc:MGI:88038]",0.573293020965558
"Metrn",0.604001826270746,0.0914314997533151,0.542592058627543,0.2051278057827,"meteorin, glial cell differentiation regulator [Source:MGI Symbol;Acc:MGI:1917333]",0.573296942449145
"Tmem215",0.520921644286553,0.234108934415065,0.625980030905212,0.229978839117901,"transmembrane protein 215 [Source:MGI Symbol;Acc:MGI:2444167]",0.573450837595882
"Klk14",0.783962597242665,0.130620088622396,0.363109208058026,0.561746778618753,"kallikrein related-peptidase 14 [Source:MGI Symbol;Acc:MGI:2447564]",0.573535902650345
"Col9a2",0.644179962596407,0.177424842652417,0.503270710366768,0.365925594252758,"collagen, type IX, alpha 2 [Source:MGI Symbol;Acc:MGI:88466]",0.573725336481588
"S100b",0.652159029084471,0.0850595528724954,0.499647234338818,0.251172491916867,"S100 protein, beta polypeptide, neural [Source:MGI Symbol;Acc:MGI:98217]",0.575903131711645
"Kcna6",0.664577302697304,0.0909785221064313,0.490134060413656,0.276666638915963,"potassium voltage-gated channel, shaker-related, subfamily, member 6 [Source:MGI Symbol;Acc:MGI:96663]",0.57735568155548
"Rspo1",0.615188588029902,0.18700716983213,0.542786219610932,0.318105811534959,"R-spondin 1 [Source:MGI Symbol;Acc:MGI:2183426]",0.578987403820417
"Cck",0.616028450978261,0.0854908591878873,0.549762185396374,0.198636638967883,"cholecystokinin [Source:MGI Symbol;Acc:MGI:88297]",0.582895318187318
"Neurl2",0.582771621131511,0.155578694274325,0.584968323012116,0.228319018180083,"neuralized E3 ubiquitin protein ligase 2 [Source:MGI Symbol;Acc:MGI:3043305]",0.583869972071813
"Timp4",0.275576701792496,0.63480650378083,0.8930695286871,0.187592364584338,"tissue inhibitor of metalloproteinase 4 [Source:MGI Symbol;Acc:MGI:109125]",0.584323115239798
"Galr2",0.725873796057658,0.0774085332433311,0.446611970910934,0.344109299697969,"galanin receptor 2 [Source:MGI Symbol;Acc:MGI:1337018]",0.586242883484296
"Crebbp",0.747750709626514,0.112475179413102,0.427040204701447,0.440506483102033,"CREB binding protein [Source:MGI Symbol;Acc:MGI:1098280]",0.587395457163981
"Arhgdig",0.676903175310625,0.0538747353192554,0.502786019513552,0.218329728756878,"Rho GDP dissociation inhibitor gamma [Source:MGI Symbol;Acc:MGI:108430]",0.589844597412089
"Gfra4",0.727876485871973,0.0854152009209878,0.452502912460063,0.35391572711222,"glial cell line derived neurotrophic factor family receptor alpha 4 [Source:MGI Symbol;Acc:MGI:1341873]",0.590189699166018
"Fjx1",0.730398900337872,0.0327906244937893,0.451275292997344,0.225764043071328,"four jointed box 1 [Source:MGI Symbol;Acc:MGI:1341907]",0.590837096667608
"Acnat2",0.743512200144848,0.164567819187873,0.439926858381278,0.490533385071807,"acyl-coenzyme A amino acid N-acyltransferase 2 [Source:MGI Symbol;Acc:MGI:2444345]",0.591719529263063
"Car1",0.688796264398024,0.194968953862264,0.501336042868169,0.425359458816299,"carbonic anhydrase 1 [Source:MGI Symbol;Acc:MGI:88268]",0.595066153633097
"Socs1",0.637745522681863,0.130620088622396,0.553699135421087,0.25307039903829,"suppressor of cytokine signaling 1 [Source:MGI Symbol;Acc:MGI:1354910]",0.595722329051475
"Cyp4x1",0.683332902441289,0.105492256696297,0.509033789363875,0.298482770272114,"cytochrome P450, family 4, subfamily x, polypeptide 1 [Source:MGI Symbol;Acc:MGI:1932403]",0.596183345902582
"Dbp",0.424998042743087,0.451469684382548,0.767436206232322,0.236356866239598,"D site albumin promoter binding protein [Source:MGI Symbol;Acc:MGI:94866]",0.596217124487704
"Rgcc",0.507771512250184,0.124941507690441,0.688984867282681,0.162729965916785,"regulator of cell cycle [Source:MGI Symbol;Acc:MGI:1913464]",0.598378189766433
"Gm42715",0.608432681481171,0.14536113133824,0.595472309713698,0.228319018180083,"predicted gene 42715 [Source:MGI Symbol;Acc:MGI:5662852]",0.601952495597434
"Frrs1l",0.754916266886541,0.112711089670701,0.462371701937857,0.404039285694235,"ferric-chelate reductase 1 like [Source:MGI Symbol;Acc:MGI:2442704]",0.608643984412199
"Hist1h4b",0.464777007993899,NA,0.761080503512027,0.198636638967883,NA,0.612928755752963
"Col11a1",0.877303003626905,0.118293529307205,0.365546528213023,0.593930423567226,"collagen, type XI, alpha 1 [Source:MGI Symbol;Acc:MGI:88446]",0.621424765919964
"Fxyd7",0.80075833132617,0.0887494168047626,0.444165026231362,0.416734255540041,"FXYD domain-containing ion transport regulator 7 [Source:MGI Symbol;Acc:MGI:1889006]",0.622461678778766
"Lypd1",0.495437012482796,NA,0.750285676386863,0.221954885223743,"Ly6/Plaur domain containing 1 [Source:MGI Symbol;Acc:MGI:1919835]",0.62286134443483
"Nrtn",0.625242305023924,NA,0.62287948891576,0.207671701037539,"neurturin [Source:MGI Symbol;Acc:MGI:108417]",0.624060896969842
"Ighv9-3",0.881521493505526,0.206506007955694,0.36944608991164,0.682357321213956,"immunoglobulin heavy variable V9-3 [Source:MGI Symbol;Acc:MGI:3642720]",0.625483791708583
"Pcsk1n",0.701489022088611,0.124941507690441,0.552025489028945,0.294273652997196,"proprotein convertase subtilisin/kexin type 1 inhibitor [Source:MGI Symbol;Acc:MGI:1353431]",0.626757255558778
"Gm5426",0.666595052727777,0.0415263346206187,0.590485124156238,0.162729965916785,NA,0.628540088442007
"Vwa5b1",0.8280610489943,0.139611251903646,0.43868842201509,0.513487857811485,"von Willebrand factor A domain containing 5B1 [Source:MGI Symbol;Acc:MGI:1922968]",0.633374735504695
"Neurog3",0.661662583725801,NA,0.605211147606343,0.19234002298932,"neurogenin 3 [Source:MGI Symbol;Acc:MGI:893591]",0.633436865666072
"Gal",0.70021049772272,0.0776593386383559,0.578661109484578,0.209509340252296,"galanin and GMAP prepropeptide [Source:MGI Symbol;Acc:MGI:95637]",0.639435803603649
"Galnt13",0.845208207057963,0.119236431445407,0.444713877904905,0.488321792015298,"polypeptide N-acetylgalactosaminyltransferase 13 [Source:MGI Symbol;Acc:MGI:2139447]",0.644961042481434
"Cdk5r1",0.676026249132628,0.177462141764794,0.620374349703585,0.286609508979727,"cyclin dependent kinase 5, regulatory subunit 1 [Source:MGI Symbol;Acc:MGI:101764]",0.648200299418106
"Cartpt",0.741353363439628,0.126660046339282,0.557673274769589,0.319147896619149,"CART prepropeptide [Source:MGI Symbol;Acc:MGI:1351330]",0.649513319104609
"Usp13",0.629456937345981,0.134023987008241,0.672547477604585,0.192162323269413,"ubiquitin specific peptidase 13 (isopeptidase T-3) [Source:MGI Symbol;Acc:MGI:1919857]",0.651002207475283
"Iglc3",0.679321483915954,0.222111272650163,0.629816183924752,0.332462083259393,"immunoglobulin lambda constant 3 [Source:MGI Symbol;Acc:MGI:99886]",0.654568833920353
"Ccr4",0.936229965547875,0.036205983420747,0.417247580839371,0.396639077294715,"C-C motif chemokine receptor 4 [Source:MGI Symbol;Acc:MGI:107824]",0.676738773193623
"Igkv19-93",1.16218323267797,0.100491267590042,0.196636955828983,0.842779082132457,"immunoglobulin kappa chain variable 19-93 [Source:MGI Symbol;Acc:MGI:107617]",0.679410094253476
"Hist1h2ac",0.600340451019016,0.0849274609695713,0.762053880282903,0.162729965916785,NA,0.681197165650959
"Tnnt2",0.793720517562476,0.0415263346206187,0.573964398352133,0.198636638967883,"troponin T2, cardiac [Source:MGI Symbol;Acc:MGI:104597]",0.683842457957304
"Clstn3",0.838978637098837,0.0661857222315016,0.546203207951578,0.299771480548259,"calsyntenin 3 [Source:MGI Symbol;Acc:MGI:2178323]",0.692590922525207
"Prss16",0.856770355818044,0.0415263346206187,0.53870359452385,0.251555683059562,"serine protease 16 (thymus) [Source:MGI Symbol;Acc:MGI:1859181]",0.697736975170947
"Ccdc85b",0.848052725251579,0.0420972455708944,0.547895859605346,0.243005350594982,"coiled-coil domain containing 85B [Source:MGI Symbol;Acc:MGI:2147607]",0.697974292428463
"Sox8",0.546910343503331,NA,0.869005472203617,0.207628963006614,"SRY (sex determining region Y)-box 8 [Source:MGI Symbol;Acc:MGI:98370]",0.707957907853474
"Matn4",0.488941976944822,NA,0.933755353359174,0.168155026440401,"matrilin 4 [Source:MGI Symbol;Acc:MGI:1328314]",0.711348665151998
"Caln1",0.410744609019774,NA,1.02174966087383,0.197718212882542,"calneuron 1 [Source:MGI Symbol;Acc:MGI:2155987]",0.716247134946802
"Kcnj15",0.736071863354734,0.137378150323147,0.716411941019803,0.21895849584327,"potassium inwardly-rectifying channel, subfamily J, member 15 [Source:MGI Symbol;Acc:MGI:1310000]",0.726241902187268
"Comtd1",0.720731716803069,0.0327906244937893,0.750995742360402,0.0909135596180853,"catechol-O-methyltransferase domain containing 1 [Source:MGI Symbol;Acc:MGI:1916406]",0.735863729581736
"Adam28",0.839169902743336,0.106207734872638,0.636275240362763,0.2893266274348,"a disintegrin and metallopeptidase domain 28 [Source:MGI Symbol;Acc:MGI:105988]",0.73772257155305
"Serpina10",0.930170050288509,0.124941507690441,0.549089585655475,0.441797307158954,"serine (or cysteine) peptidase inhibitor, clade A (alpha-1 antiproteinase, antitrypsin), member 10 [Source:MGI Symbol;Acc:MGI:2667725]",0.739629817971992
"Hist1h2ae",0.653731815698913,0.138565663642372,0.832054650143477,0.162729965916785,NA,0.742893232921195
"Aqp8",0.92942121491564,0.0498954953893586,0.558963382831763,0.302532986911969,"aquaporin 8 [Source:MGI Symbol;Acc:MGI:1195271]",0.744192298873702
"Pax6",0.995687850227105,0.0327906244937893,0.540470763982296,0.274038824157328,"paired box 6 [Source:MGI Symbol;Acc:MGI:97490]",0.768079307104701
"Ccdc40",0.785425798833445,NA,0.760860446982275,0.168199190822752,"coiled-coil domain containing 40 [Source:MGI Symbol;Acc:MGI:2443893]",0.77314312290786
"Rprml",0.869746266471721,NA,0.705089338392594,0.203415379930787,"reprimo-like [Source:MGI Symbol;Acc:MGI:2144486]",0.787417802432158
"8430408G22Rik",0.783684574685862,0.082566561680623,0.834624039790911,0.162729965916785,NA,0.809154307238386
"Slc36a2",0.597944714854764,0.417418589309491,1.02718581062682,0.229548763668593,"solute carrier family 36 (proton/amino acid symporter), member 2 [Source:MGI Symbol;Acc:MGI:1891430]",0.812565262740792
"Epha5",1.10914018825479,0.0770915576128444,0.522935429129731,0.476925234445165,"Eph receptor A5 [Source:MGI Symbol;Acc:MGI:99654]",0.816037808692261
"Ifitm10",0.718901731529906,NA,0.918338673093114,0.165990540694087,"interferon induced transmembrane protein 10 [Source:MGI Symbol;Acc:MGI:2444776]",0.81862020231151
"Ccdc106",0.934500689244811,NA,0.721126642620925,0.230312849544942,"coiled-coil domain containing 106 [Source:MGI Symbol;Acc:MGI:2385900]",0.827813665932868
"Gp2",1.07288517763905,0.204251294335908,0.60250813796786,0.559981069254469,"glycoprotein 2 zymogen granule membrane [Source:MGI Symbol;Acc:MGI:1914383]",0.837696657803455
"Nkapl",0.977333865544626,NA,0.737231095603136,0.192179612883721,"NFKB activating protein-like [Source:MGI Symbol;Acc:MGI:1913957]",0.857282480573881
"Pcdhga8",0.933783014263838,0.0592048685515099,0.799743964516045,0.187592364584338,"protocadherin gamma subfamily A, 8 [Source:MGI Symbol;Acc:MGI:1935221]",0.866763489389942
"Dusp2",0.629136671571155,0.44505777053158,1.11263126757798,0.239343773696918,"dual specificity phosphatase 2 [Source:MGI Symbol;Acc:MGI:101911]",0.870883969574567
"Apoc1",0.762172358076067,NA,0.982916981067765,0.162729965916785,"apolipoprotein C-I [Source:MGI Symbol;Acc:MGI:88053]",0.872544669571916
"Nhlh2",0.949342355160216,NA,0.811011900292135,0.229548763668593,"nescient helix loop helix 2 [Source:MGI Symbol;Acc:MGI:97324]",0.880177127726176
"S100a9",0.762445629161044,NA,0.998960249350548,0.239343773696918,"S100 calcium binding protein A9 (calgranulin B) [Source:MGI Symbol;Acc:MGI:1338947]",0.880702939255796
"C1ql1",1.01066212692777,NA,0.779746184278699,0.206542336174732,"complement component 1, q subcomponent-like 1 [Source:MGI Symbol;Acc:MGI:1344400]",0.895204155603235
"Iglc1",0.734846231098216,0.291991412150092,1.08635204040656,0.19875382039052,"immunoglobulin lambda constant 1 [Source:MGI Symbol;Acc:MGI:99546]",0.910599135752388
"Bcat1",1.03894847776699,0.130620088622396,0.796664025140066,0.31376106895721,"branched chain aminotransferase 1, cytosolic [Source:MGI Symbol;Acc:MGI:104861]",0.917806251453528
"Igkv14-126",1.72402298777511,0.139110430146067,0.143879040884373,0.935419139661349,"immunoglobulin kappa variable 14-126 [Source:MGI Symbol;Acc:MGI:3643131]",0.933951014329742
"Ighg2c",0.982617850208366,0.219943302539055,0.913372094823036,0.328686549033503,"immunoglobulin heavy constant gamma 2C [Source:MGI Symbol;Acc:MGI:2686979]",0.947994972515701
"Krt17",0.928887104306551,NA,0.968855433048354,0.192120861630439,"keratin 17 [Source:MGI Symbol;Acc:MGI:96691]",0.948871268677453
"Gsdmc",1.11173403831569,0.165347547695046,0.786982826953789,0.400628618241218,"gasdermin C [Source:MGI Symbol;Acc:MGI:1933176]",0.94935843263474
"Igkv4-50",1.37024735132677,0.0634941164064253,0.56779494964687,0.514542475197788,"immunoglobulin kappa variable 4-50 [Source:MGI Symbol;Acc:MGI:2685915]",0.96902115048682
"Ighv14-2",1.02050356905266,0.197578297265575,0.94208677480699,0.307546970150962,"immunoglobulin heavy variable 14-2 [Source:MGI Symbol;Acc:MGI:4439607]",0.981295171929825
"Nphs1",0.754301507133333,NA,1.25918406959647,0.227046048965527,"nephrosis 1, nephrin [Source:MGI Symbol;Acc:MGI:1859637]",1.0067427883649
"Hist1h2ak",1.22699572522919,NA,0.788091035319392,0.241107405137824,NA,1.00754338027429
"Hp",1.00474803285866,0.139611251903646,1.02030736421198,0.207628963006614,"haptoglobin [Source:MGI Symbol;Acc:MGI:96211]",1.01252769853532
"Adig",0.863870526469227,NA,1.18967733269822,0.207671701037539,"adipogenin [Source:MGI Symbol;Acc:MGI:2675492]",1.02677392958372
"Tmem121",1.10657980580707,NA,0.971874094587354,0.235827948988171,"transmembrane protein 121 [Source:MGI Symbol;Acc:MGI:1916445]",1.03922695019721
"S100a3",1.13431785797578,NA,0.963491209326617,0.198580729548043,"S100 calcium binding protein A3 [Source:MGI Symbol;Acc:MGI:1338849]",1.0489045336512
"Mbl2",0.76863617284687,0.408879611801274,1.35116543659809,0.213203251517561,"mannose-binding lectin (protein C) 2 [Source:MGI Symbol;Acc:MGI:96924]",1.05990080472248
"Gm4707",1.07889364672995,NA,1.06359596672232,0.197718212882542,"predicted gene 4707 [Source:MGI Symbol;Acc:MGI:3782887]",1.07124480672613
"Adh6a",0.686456376827399,0.379983093078517,1.46927354002323,0.162729965916785,"alcohol dehydrogenase 6A (class V) [Source:MGI Symbol;Acc:MGI:1916367]",1.07786495842531
"Lep",1.21258295138579,0.244808801418035,0.959767761909742,0.440591611532317,"leptin [Source:MGI Symbol;Acc:MGI:104663]",1.08617535664777
"Dnase1",0.297969667671087,0.820157771956796,1.98830163258873,0.168155026440401,"deoxyribonuclease I [Source:MGI Symbol;Acc:MGI:103157]",1.14313565012991
"Adm2",0.79864213973127,NA,1.49694105464679,0.162729965916785,"adrenomedullin 2 [Source:MGI Symbol;Acc:MGI:2675256]",1.14779159718903
"Cyp2b10",0.408551809682163,0.748837775764423,1.9265302994234,0.174954255023785,"cytochrome P450, family 2, subfamily b, polypeptide 10 [Source:MGI Symbol;Acc:MGI:88598]",1.16754105455278
"Slc23a1",0.813874587846112,0.355943533892665,1.57197411679546,0.168155026440401,"solute carrier family 23 (nucleobase transporters), member 1 [Source:MGI Symbol;Acc:MGI:1341903]",1.19292435232079
"Coch",0.997403949302281,0.228903055404321,1.45118066831086,0.168155026440401,"cochlin [Source:MGI Symbol;Acc:MGI:1278313]",1.22429230880657
"Mpz",1.05561540574996,NA,1.50671043816811,0.162729965916785,"myelin protein zero [Source:MGI Symbol;Acc:MGI:103177]",1.28116292195904
"Cdk15",1.55454540066193,NA,1.278050643607,0.235827948988171,"cyclin dependent kinase 15 [Source:MGI Symbol;Acc:MGI:3583944]",1.41629802213446
"Grm1",1.73875896687307,0.0451820567944804,1.13690992070562,0.250226773070177,"glutamate receptor, metabotropic 1 [Source:MGI Symbol;Acc:MGI:1351338]",1.43783444378934
"Pou1f1",2.20308772235801,NA,1.49580109115922,0.239343773696918,"POU domain, class 1, transcription factor 1 [Source:MGI Symbol;Acc:MGI:97588]",1.84944440675861
"Hist1h4m",2.68554774978797,NA,3.37421482742253,0.168155026440401,NA,3.02988128860525
