2026-01-11 15:33:12.867332 INFO::Writing function arguments to log file
2026-01-11 15:33:12.868406 DEBUG::Function arguments
2026-01-11 15:33:12.869221 DEBUG::Output folder: /home/julianne/Documents/slc_si_paper/results/Bracken/SMT_Maaslin3/Full//Site_Sex_Genotype
2026-01-11 15:33:12.869847 DEBUG::Formula:
2026-01-11 15:33:12.870422 DEBUG::Fixed effects: Site,Sex,Genotype
2026-01-11 15:33:12.870892 DEBUG::Reference:
2026-01-11 15:33:12.871387 DEBUG::Random effects:
2026-01-11 15:33:12.871834 DEBUG::Group effects:
2026-01-11 15:33:12.872308 DEBUG::Ordered effects:
2026-01-11 15:33:12.872787 DEBUG::Strata effects:
2026-01-11 15:33:12.873241 DEBUG::Min Abundance: 0.000000
2026-01-11 15:33:12.873659 DEBUG::Min Prevalence: 0.000000
2026-01-11 15:33:12.874079 DEBUG::Max Prevalence: 1.000000
2026-01-11 15:33:12.874453 DEBUG::Zero Threshold: 0.000000
2026-01-11 15:33:12.874827 DEBUG::Min variance: 0.000000
2026-01-11 15:33:12.875251 DEBUG::Max significance: 0.250000
2026-01-11 15:33:12.875647 DEBUG::Normalization: TSS
2026-01-11 15:33:12.876191 DEBUG::Transform: LOG
2026-01-11 15:33:12.876667 DEBUG::Correction method: BH
2026-01-11 15:33:12.877271 DEBUG::Standardize: TRUE
2026-01-11 15:33:12.884762 DEBUG::Abundance median comparison: TRUE
2026-01-11 15:33:12.885618 DEBUG::Prevalence median comparison: FALSE
2026-01-11 15:33:12.88619 DEBUG::Abundance median comparison threshold: 0
2026-01-11 15:33:12.886651 DEBUG::Prevalence median comparison threshold: 0
2026-01-11 15:33:12.887075 DEBUG::Subtract median: FALSE
2026-01-11 15:33:12.887503 DEBUG::Warn prevalence: TRUE
2026-01-11 15:33:12.887939 DEBUG::Small random effects: FALSE
2026-01-11 15:33:12.888348 DEBUG::Augment: TRUE
2026-01-11 15:33:12.888757 DEBUG::Evaluate only:
2026-01-11 15:33:12.889175 DEBUG::Cores: 1
2026-01-11 15:33:12.889748 DEBUG::Balanced Summary plot: FALSE
2026-01-11 15:33:12.890191 INFO::Verifying options selected are valid
2026-01-11 15:33:12.891265 INFO::Determining format of input files
2026-01-11 15:33:12.892362 INFO::Input format is data samples as columns and metadata samples as rows
2026-01-11 15:33:12.905224 DEBUG::Transformed data so samples are rows
2026-01-11 15:33:12.905858 DEBUG::A total of 47 samples were found in both the data and metadata
2026-01-11 15:33:12.906331 DEBUG::Reordering data/metadata to use same sample ordering
2026-01-11 15:33:12.925169 INFO::Formula for fixed effects: expr ~  Site + Sex + Genotype
2026-01-11 15:33:12.926084 INFO::Running selected normalization method: TSS
2026-01-11 15:33:12.988596 INFO::Creating output feature tables folder
2026-01-11 15:33:12.989618 INFO::Writing normalized data to file /home/julianne/Documents/slc_si_paper/results/Bracken/SMT_Maaslin3/Full//Site_Sex_Genotype/features/data_norm.tsv
2026-01-11 15:33:13.094354 INFO::Filter data based on min abundance, min prevalence, and max prevalence
2026-01-11 15:33:13.095686 INFO::Total samples in data: 47
2026-01-11 15:33:13.096989 INFO::Min samples required with min abundance for a feature not to be filtered: 0.000000
2026-01-11 15:33:13.098171 INFO::Max samples allowed with min abundance for a feature not to be filtered: 47.000000
2026-01-11 15:33:13.63131 INFO::Total filtered features: 277
2026-01-11 15:33:13.632509 INFO::Filtered feature names from abundance, min prevalence, and max prevalence filtering: Brachyspira sp910578695, MGYG000325459, MGYG000325725, Alistipes sp910586375, Alistipes sp014796635, Alistipes sp910584485, MGYG000325702, MGYG000329018, MGYG000325591, Alistipes sp902363575, Alistipes sp017442365, MGYG000340909, Butyricimonas sp900184685, CAG-273 sp910589185, MGYG000327606, MGYG000375485, JAAWPK01 sp022799935, MGYG000388007, CAKPSH01 sp022795675, Coproplasma sp910577055, Coproplasma sp910578565, Coproplasma sp910583855, Pumilibacter sp022791915, MGYG000327260, Streptococcus danieliae_A, MGYG000325460, MGYG000330364, MGYG000409929, MGBC122484 sp910577395, MGYG000326706, Alistipes sp904502285, MGYG000325317, MGYG000323691, Tidjanibacter inops, Prevotella sp002265625, Prevotella sp900552515, Phocaeicola coprophilus, Paraprevotella sp003477995, MGYG000326974, Cryptobacteroides sp000432515, Butyricimonas sp003479425, Faecousia sp000434635, MGBC124762 sp910584395, Vescimonas sp900551995, Vescimonas sp900545585, Ruminiclostridium_E sp910579265, MGYG000323133, CAG-115 sp910579125, MGYG000327681, RGIG8773 sp910586535, MGYG000325664, MGYG000325398, Faecalibacterium sp900540455, MGYG000323027, MGYG000326165, MGYG000325440, MGYG000350587, Lachnospira sp910585095, MGYG000323782, MGYG000329879, Coprocola sp910586765, MGYG000410417, MGYG000327215, MGYG000351753, MGYG000403946, MGYG000340871, MGYG000330483, MGYG000375087, MGYG000380654, MGYG000433109, MGYG000329231, MGYG000410463, MGYG000325858, MGYG000410524, MGYG000329904, MGYG000328992, MGYG000328749, CAG-273 sp022797215, MGYG000329641, MGYG000365455, MGYG000410067, CAG-269 sp022791675, MGYG000328621, MGYG000329059, CAG-269 sp022794095, CAG-269 sp022795075, MGYG000342663, CAG-269 sp022794055, MGYG000365232, MGYG000328829, MGYG000332630, MGYG000330993, MGYG000329131, MGYG000329360, MGYG000329624, MGYG000326992, MGYG000411110, MGYG000323120, MGYG000329191, JAAWPK01 sp022792975, MGYG000328409, MGYG000331294, RGIG8482 sp022799315, MGYG000381662, MGYG000410934, MGYG000392056, MGYG000331304, MGYG000392748, UMGS1663 sp022791325, MGYG000331248, MGYG000330612, MGYG000410581, MGYG000324615, MGYG000324828, Anaerocaecibacter muris, MGYG000368690, Coproplasma sp910577875, Coproplasma sp910583545, Coproplasma sp910579585, MGYG000328739, Coproplasma sp910587365, Coproplasma sp910587015, Coproplasma sp910588685, Gallimonas sp910586655, Gallimonas sp910586245, Limiplasma sp900548145, MGBC101980 sp910576875, Caccovivens sp022793335, MGYG000330827, Caccovivens sp910584295, MGYG000322927, Dwaynesavagella sp000270205, Caloranaerobacter azorensis, MGYG000325321, MGYG000411329, MGYG000411579, MGYG000382271, Holdemanella sp900556915, MGYG000326094, MGYG000329498, MGYG000410618, MGBC162581 sp910587725, MGYG000324636, MGYG000393403, MGYG000326232, MGBC108787 sp910587325, MGYG000332018, MGYG000382898, Caccenecus sp910587745, MGBC162267 sp910588025, MGYG000339283, MGYG000411598, MGYG000326177, MGYG000411458, MGYG000352855, MGYG000333853, MGYG000326629, MGYG000388827, MGYG000328000, MGYG000388416, UBA7185 sp002491065, MGYG000358274, MGYG000331915, Stercorousia sp910588555, Prevotella sp900553595, Rikenella sp910577125, Alistipes_A indistinctus, MGYG000325402, MGYG000410739, Coproplasma sp910588645, MGYG000325461, MGYG000328716, Emergencia sp022767345, MGYG000377252, MGYG000413576, Rikenella sp910579375, MGYG000326979, Faecousia sp900544975, Vescimonas sp003539495, MGYG000323103, MGYG000325742, MGYG000323031, MGYG000327114, MGYG000325704, CAG-590 sp910584695, SIG299 sp910583815, MGYG000401852, MGBC114079 sp910579745, Coproplasma sp910585785, MGYG000410802, Coproplasma sp910578145, MGYG000325961, Coproplasma sp910587005, MGYG000323619, MGYG000325462, MGYG000325588, Coproplasma sp910586345, MGYG000410533, Gallimonas sp910588695, Gallimonas sp910585235, MGYG000324646, Gallimonas sp910585595, MGBC157735 sp022793815, Anaerocaecibacter sp910587455, Anaerocaecibacter sp910577435, Anaerocaecibacter sp910588315, MGYG000410645, Anaerocaecibacter sp910577945, MGYG000325722, MGYG000324927, MGYG000331340, MGYG000325536, RACS-045 sp910584635, MGYG000326065, MGYG000325675, MGYG000325553, MGYG000325718, MGYG000325353, RACS-045 sp910578245, MGBC100798 sp910577845, MGBC100798 sp910588545, CAG-475 sp910584155, MGYG000376978, Fimimonas sp910587795, MGYG000410634, MGYG000368618, MGBC116941 sp910585035, CAG-269 sp900556945, MGYG000331161, CAG-41 sp900066215, MGBC122484 sp910577515, MGYG000410279, MGBC122484 sp910587175, MGYG000329677, MGBC122484 sp910587375, MGYG000372439, MGYG000326479, MGYG000342110, Muribacter muris, MGYG000336045, Phocaeicola sp000434735, Prevotella sp002299635, Prevotella sp000434975, Prevotella sp002251385, Prevotella sp900552675, Prevotella sp900543975, Prevotella sp000436035, Prevotella copri_B, Prevotella sp003447235, Alloprevotella sp900539625, UBA4372 sp900543815, UBA6398 sp003150315, MGYG000325629, MGYG000325649, MGYG000325521, MGBC100798 sp910584035, Enterobacter roggenkampii, Kosakonia cowanii, Morganella morganii, Enterococcus_B faecium, Enterococcus_B hirae, Enterococcus_A avium, Catenibacterium sp000437715, Mammaliicoccus sciuri, MGYG000330358, Kosmotoga_B pacifica, UBA3818 sp910587335, MGYG000325420, Massiliimalia sp910579175, Phocea massiliensis, MGYG000329752, MGYG000325714, Enterocloster lavalensis, MGYG000331096, MGYG000358607, Coprovivens sp910577505, Aneurinibacillus aneurinilyticus
2026-01-11 15:33:13.66529 INFO::Total features filtered by non-zero variance filtering: 134
2026-01-11 15:33:13.666436 INFO::Filtered feature names from variance filtering: Barnesiella intestinihominis, Merdisoma sp910586955, MGYG000325314, MGYG000329160, MGYG000325472, RACS-045 sp013316135, MGYG000410782, Gallimonas sp910578065, Comamonas acidovorans, MGYG000330427, MGYG000324401, Alistipes communis, MGYG000330701, MGYG000325578, MGYG000331358, MGYG000325311, MGYG000329762, Dielma sp001305055, CAG-582 sp910587065, MGBC119817 sp910586195, MGYG000329305, UBA3282 sp910585555, Acetatifactor sp910577235, MGYG000325498, CAG-317 sp000433535, MGYG000325599, CAG-603 sp910578175, Coprocola sp910583755, Scatomorpha sp900545405, MGYG000327368, Lacticaseibacillus paracasei, MGYG000331430, Sediminibacterium magnilacihabitans, CAG-303 sp910585215, MGYG000324871, MGYG000330606, MGYG000378024, MGBC157735 sp910587445, Heteroclostridium sp910585195, Oliverpabstia intestinalis, Methylovirgula sp021780015, MGYG000325635, Lacrimispora indica, RACS-045 sp910588015, MGYG000325793, Coproplasma sp910578765, MGYG000352721, Helicobacter_C sp910577135, Lysinibacillus sp023337795, 51-20 sp910577095, MGYG000325751, Absicoccus sp000434355, Eubacterium_F sp003491505, Eubacterium_F sp900539115, Eubacterium_F sp910584875, Choladousia sp902363135, MGYG000325445, Lacrimispora celerecrescens_B, CAG-632 sp000431515, MGYG000329422, Faecousia sp910589155, Vescimonas coprocola, UMGS1668 sp900553955, Pseudobutyricicoccus sp910585875, MGYG000403771, MGYG000357633, Treponema_D sp014804085, MGYG000324383, Parabacteroides gordonii, MGBC139354 sp910586295, Coprosoma sp902783895, MGYG000327915, Bacillus spizizenii, Allobacillus halotolerans, Caccosoma sp905197115, MGYG000325901, Alistipes_A sp910583985, MGYG000325656, MGYG000325417, Acetatifactor intestinalis, MGYG000329006, Blautia_A faecis, Hominisplanchenecus faecis, Fimenecus sp900540295, Clostridium_AM scatologenes, MGYG000374388, MGYG000323085, Coprocola sp910587195, MGYG000410940, Ruminococcus sp002362135, MGYG000325359, MGYG000325563, Prevotella sp900313215, MGYG000325556, Alloprevotella sp900542795, Alistipes sp910580175, MGYG000325594, MGYG000325683, CAG-170 sp900548625, Vescimonas sp000435975, MGYG000325673, CAG-41 sp910585795, Massiliimalia timonensis, Klebsiella quasipneumoniae, Klebsiella oxytoca, Proteus mirabilis, MGYG000387283, Eisenbergiella tayi, Blautia sp000432195, Lachnospira eligens_A, Choladousia sp902363665, MGYG000328544, JAAWTG01 sp022801925, MGYG000325579, Butyricimonas synergistica, MGYG000329735, MGYG000410947, Corynebacterium mastitidis, CAG-177 sp003514385, Clostridium_AQ innocuum, Parolsenella catena, MGYG000330619, Salinibacter ruber, Anaerostipes hadrus, UBA1417 sp003531055, Flemingibacterium sp900546315, Firm-10 sp934636425, Faecivicinus sp900553265, 51-20 sp910587405, MGYG000362033, MGYG000325516, Streptococcus salivarius, MGYG000366009, Parasutterella gallistercoris
2026-01-11 15:33:13.667201 INFO::Writing filtered data to file /home/julianne/Documents/slc_si_paper/results/Bracken/SMT_Maaslin3/Full//Site_Sex_Genotype/features/filtered_data.tsv
2026-01-11 15:33:13.730872 INFO::Running selected transform method: LOG
2026-01-11 15:33:13.755532 INFO::Writing normalized, filtered, transformed data to file /home/julianne/Documents/slc_si_paper/results/Bracken/SMT_Maaslin3/Full//Site_Sex_Genotype/features/data_transformed.tsv
2026-01-11 15:33:13.828279 INFO::Factor detected for categorial metadata 'Genotype'. Using as-is.
2026-01-11 15:33:13.829123 INFO::Applying z-score to standardize continuous metadata
2026-01-11 15:33:13.835649 INFO::Running the linear model component
2026-01-11 15:33:13.842022 DEBUG::Object: augment, Size: 56
2026-01-11 15:33:13.842515 DEBUG::Object: cluster, Size: 0
2026-01-11 15:33:13.842872 DEBUG::Object: cores, Size: 56
2026-01-11 15:33:13.843194 DEBUG::Object: correction, Size: 112
2026-01-11 15:33:13.843509 DEBUG::Object: extract_out, Size: 1696
2026-01-11 15:33:13.843812 DEBUG::Object: feature_specific_covariate, Size: 0
2026-01-11 15:33:13.844124 DEBUG::Object: feature_specific_covariate_name, Size: 0
2026-01-11 15:33:13.844408 DEBUG::Object: feature_specific_covariate_record, Size: 0
2026-01-11 15:33:13.844927 DEBUG::Object: features, Size: 913256
2026-01-11 15:33:13.845258 DEBUG::Object: formula, Size: 1288
2026-01-11 15:33:13.845585 DEBUG::Object: fun_list, Size: 58768
2026-01-11 15:33:13.846169 DEBUG::Object: func_to_run, Size: 435336
2026-01-11 15:33:13.846834 DEBUG::Object: groups, Size: 48
2026-01-11 15:33:13.847513 DEBUG::Object: median_comparison, Size: 56
2026-01-11 15:33:13.847948 DEBUG::Object: median_comparison_threshold, Size: 56
2026-01-11 15:33:13.848307 DEBUG::Object: metadata, Size: 13664
2026-01-11 15:33:13.848611 DEBUG::Object: model, Size: 112
2026-01-11 15:33:13.848938 DEBUG::Object: model_function, Size: 8864
2026-01-11 15:33:13.849303 DEBUG::Object: ordereds, Size: 48
2026-01-11 15:33:13.8496 DEBUG::Object: random_effects_formula, Size: 0
2026-01-11 15:33:13.849873 DEBUG::Object: ranef_function, Size: 0
2026-01-11 15:33:13.850148 DEBUG::Object: save_models, Size: 56
2026-01-11 15:33:13.850431 DEBUG::Object: small_random_effects, Size: 56
2026-01-11 15:33:13.850708 DEBUG::Object: strata, Size: 48
2026-01-11 15:33:13.850986 DEBUG::Object: subtract_median, Size: 56
2026-01-11 15:33:13.851287 DEBUG::Object: summary_function, Size: 49424
2026-01-11 15:33:13.851703 DEBUG::Object: func_to_run, Size: 435336
2026-01-11 15:33:13.852118 INFO::Fitting model to feature number 1, Akkermansia muciniphila_A
2026-01-11 15:33:13.857301 INFO::Fitting model to feature number 2, Akkermansia muciniphila
2026-01-11 15:33:13.862823 INFO::Fitting model to feature number 3, Faecalibaculum rodentium
2026-01-11 15:33:13.869243 INFO::Fitting model to feature number 4, Pelethenecus sp910579215
2026-01-11 15:33:13.874767 INFO::Fitting model to feature number 5, MGYG000325581
2026-01-11 15:33:13.880306 INFO::Fitting model to feature number 6, Alistipes finegoldii
2026-01-11 15:33:13.885903 INFO::Fitting model to feature number 7, MGYG000325477
2026-01-11 15:33:13.891219 INFO::Fitting model to feature number 8, Paramuribaculum sp001689535
2026-01-11 15:33:13.897072 INFO::Fitting model to feature number 9, Paramuribaculum sp910587425
2026-01-11 15:33:13.902726 INFO::Fitting model to feature number 10, Muribaculum intestinale
2026-01-11 15:33:13.90905 INFO::Fitting model to feature number 11, NM07-P-09 sp004793925
2026-01-11 15:33:13.916773 INFO::Fitting model to feature number 12, ZJ304 sp910584145
2026-01-11 15:33:13.924385 INFO::Fitting model to feature number 13, Bifidobacterium globosum
2026-01-11 15:33:13.932506 INFO::Fitting model to feature number 14, MGYG000333678
2026-01-11 15:33:13.940075 INFO::Fitting model to feature number 15, Schaedlerella sp910575475
2026-01-11 15:33:13.947789 INFO::Fitting model to feature number 16, Lawsonibacter sp910588635
2026-01-11 15:33:13.95511 INFO::Fitting model to feature number 17, MGBC122484 sp910587055
2026-01-11 15:33:13.962331 INFO::Fitting model to feature number 18, Desulfovibrio sp009773975
2026-01-11 15:33:13.969441 INFO::Fitting model to feature number 19, NM07-P-09 sp004793665
2026-01-11 15:33:13.976086 INFO::Fitting model to feature number 20, MGBC105563 sp910579165
2026-01-11 15:33:13.984356 INFO::Fitting model to feature number 21, MGYG000327895
2026-01-11 15:33:13.99242 INFO::Fitting model to feature number 22, Paratractidigestivibacter faecalis
2026-01-11 15:33:14.001153 INFO::Fitting model to feature number 23, Paratractidigestivibacter sp900540955
2026-01-11 15:33:14.007782 INFO::Fitting model to feature number 24, MGYG000330582
2026-01-11 15:33:14.014955 INFO::Fitting model to feature number 25, MGYG000329032
2026-01-11 15:33:14.024042 INFO::Fitting model to feature number 26, Adlercreutzia muris
2026-01-11 15:33:14.032698 INFO::Fitting model to feature number 27, Adlercreutzia caecimuris
2026-01-11 15:33:14.040744 INFO::Fitting model to feature number 28, Adlercreutzia mucosicola
2026-01-11 15:33:14.047602 INFO::Fitting model to feature number 29, MGYG000329825
2026-01-11 15:33:14.055913 INFO::Fitting model to feature number 30, Adlercreutzia hattorii
2026-01-11 15:33:14.0636 INFO::Fitting model to feature number 31, Adlercreutzia sp910589165
2026-01-11 15:33:14.070845 INFO::Fitting model to feature number 32, MGYG000329537
2026-01-11 15:33:14.077536 INFO::Fitting model to feature number 33, MGYG000327852
2026-01-11 15:33:14.08457 INFO::Fitting model to feature number 34, Adlercreutzia sp910585575
2026-01-11 15:33:14.089391 INFO::Fitting model to feature number 35, MGBC163016 sp910588205
2026-01-11 15:33:14.095248 INFO::Fitting model to feature number 36, MGBC163016 sp910589135
2026-01-11 15:33:14.101286 INFO::Fitting model to feature number 37, MGBC163016 sp910588945
2026-01-11 15:33:14.106592 INFO::Fitting model to feature number 38, MGBC163016 sp910588905
2026-01-11 15:33:14.112097 INFO::Fitting model to feature number 39, MGYG000329984
2026-01-11 15:33:14.118445 INFO::Fitting model to feature number 40, MGYG000328464
2026-01-11 15:33:14.123753 INFO::Fitting model to feature number 41, MGYG000366993
2026-01-11 15:33:14.129387 INFO::Fitting model to feature number 42, MGBC163016 sp910585565
2026-01-11 15:33:14.135763 INFO::Fitting model to feature number 43, MGBC163016 sp910589125
2026-01-11 15:33:14.144196 INFO::Fitting model to feature number 44, MGYG000328353
2026-01-11 15:33:14.152439 INFO::Fitting model to feature number 45, MGBC163016 sp910580205
2026-01-11 15:33:14.157966 INFO::Fitting model to feature number 46, MGBC163016 sp910588985
2026-01-11 15:33:14.186887 INFO::Fitting model to feature number 47, MGBC163016 sp910588435
2026-01-11 15:33:14.197664 INFO::Fitting model to feature number 48, D16-63 sp910588095
2026-01-11 15:33:14.203974 INFO::Fitting model to feature number 49, MGYG000328321
2026-01-11 15:33:14.212232 INFO::Fitting model to feature number 50, MGYG000410711
2026-01-11 15:33:14.219397 INFO::Fitting model to feature number 51, Enterorhabdus sp009911695
2026-01-11 15:33:14.224895 INFO::Fitting model to feature number 52, MGYG000329834
2026-01-11 15:33:14.232052 INFO::Fitting model to feature number 53, Enterorhabdus sp910589695
2026-01-11 15:33:14.238135 INFO::Fitting model to feature number 54, D16-34 sp910575165
2026-01-11 15:33:14.245703 INFO::Fitting model to feature number 55, D16-34 sp003612515
2026-01-11 15:33:14.252882 INFO::Fitting model to feature number 56, D16-34 sp910577495
2026-01-11 15:33:14.261041 INFO::Fitting model to feature number 57, ZJ304 sp943192905
2026-01-11 15:33:14.268662 INFO::Fitting model to feature number 58, MGYG000401219
2026-01-11 15:33:14.276739 INFO::Fitting model to feature number 59, Parvibacter caecicola
2026-01-11 15:33:14.284776 INFO::Fitting model to feature number 60, Parvibacter sp910587945
2026-01-11 15:33:14.291444 INFO::Fitting model to feature number 61, MGYG000329896
2026-01-11 15:33:14.299431 INFO::Fitting model to feature number 62, Parvibacter sp910588725
2026-01-11 15:33:14.307029 INFO::Fitting model to feature number 63, MGYG000328306
2026-01-11 15:33:14.314981 INFO::Fitting model to feature number 64, MGYG000328451
2026-01-11 15:33:14.321982 INFO::Fitting model to feature number 65, Anaerotardibacter sp000435675
2026-01-11 15:33:14.327085 INFO::Fitting model to feature number 66, Anaerotardibacter sp900753095
2026-01-11 15:33:14.334291 INFO::Fitting model to feature number 67, Gordonibacter pamelaeae
2026-01-11 15:33:14.340293 INFO::Fitting model to feature number 68, Eggerthella lenta
2026-01-11 15:33:14.345557 INFO::Fitting model to feature number 69, Ellagibacter isourolithinifaciens
2026-01-11 15:33:14.352217 INFO::Fitting model to feature number 70, Senegalimassilia faecalis
2026-01-11 15:33:14.357455 INFO::Fitting model to feature number 71, Slackia_A isoflavoniconvertens
2026-01-11 15:33:14.364614 INFO::Fitting model to feature number 72, Collinsella aerofaciens_J
2026-01-11 15:33:14.370556 INFO::Fitting model to feature number 73, Enorma burkinafasonensis
2026-01-11 15:33:14.376506 INFO::Fitting model to feature number 74, MGYG000410812
2026-01-11 15:33:14.382145 INFO::Fitting model to feature number 75, UMGS124 sp900555105
2026-01-11 15:33:14.387541 INFO::Fitting model to feature number 76, Bifidobacterium animalis
2026-01-11 15:33:14.394549 INFO::Fitting model to feature number 77, Bifidobacterium adolescentis
2026-01-11 15:33:14.401618 INFO::Fitting model to feature number 78, Bifidobacterium pseudocatenulatum
2026-01-11 15:33:14.408445 INFO::Fitting model to feature number 79, Bifidobacterium bifidum
2026-01-11 15:33:14.417883 INFO::Fitting model to feature number 80, Bifidobacterium longum
2026-01-11 15:33:14.427635 INFO::Fitting model to feature number 81, MGYG000329693
2026-01-11 15:33:14.434406 INFO::Fitting model to feature number 82, Paramuribaculum intestinale
2026-01-11 15:33:14.441007 INFO::Fitting model to feature number 83, Paramuribaculum sp001689565
2026-01-11 15:33:14.448549 INFO::Fitting model to feature number 84, Paramuribaculum sp910579675
2026-01-11 15:33:14.455291 INFO::Fitting model to feature number 85, MGYG000329858
2026-01-11 15:33:14.461206 INFO::Fitting model to feature number 86, Paramuribaculum sp910578805
2026-01-11 15:33:14.468993 INFO::Fitting model to feature number 87, MGYG000325717
2026-01-11 15:33:14.477283 INFO::Fitting model to feature number 88, Paramuribaculum sp910579185
2026-01-11 15:33:14.483412 INFO::Fitting model to feature number 89, MGYG000329300
2026-01-11 15:33:14.489023 INFO::Fitting model to feature number 90, Paramuribaculum sp009775605
2026-01-11 15:33:14.497264 INFO::Fitting model to feature number 91, Paramuribaculum sp910586475
2026-01-11 15:33:14.505133 INFO::Fitting model to feature number 92, MGYG000325727
2026-01-11 15:33:14.510326 INFO::Fitting model to feature number 93, Paramuribaculum sp910588065
2026-01-11 15:33:14.516965 INFO::Fitting model to feature number 94, Paramuribaculum sp910578305
2026-01-11 15:33:14.521922 INFO::Fitting model to feature number 95, Paramuribaculum sp910587185
2026-01-11 15:33:14.527082 INFO::Fitting model to feature number 96, Paramuribaculum sp910577465
2026-01-11 15:33:14.53346 INFO::Fitting model to feature number 97, Paramuribaculum sp910586895
2026-01-11 15:33:14.539726 INFO::Fitting model to feature number 98, Paramuribaculum sp910589095
2026-01-11 15:33:14.546155 INFO::Fitting model to feature number 99, Paramuribaculum sp014800945
2026-01-11 15:33:14.552405 INFO::Fitting model to feature number 100, MGYG000325457
2026-01-11 15:33:14.558146 INFO::Fitting model to feature number 101, Paramuribaculum sp014802045
2026-01-11 15:33:14.563904 INFO::Fitting model to feature number 102, MGYG000325750
2026-01-11 15:33:14.569885 INFO::Fitting model to feature number 103, MGYG000325361
2026-01-11 15:33:14.575252 INFO::Fitting model to feature number 104, Paramuribaculum sp014801865
2026-01-11 15:33:14.580958 INFO::Fitting model to feature number 105, Paramuribaculum sp014801655
2026-01-11 15:33:14.586922 INFO::Fitting model to feature number 106, MGYG000325540
2026-01-11 15:33:14.592674 INFO::Fitting model to feature number 107, Duncaniella sp910576785
2026-01-11 15:33:14.599894 INFO::Fitting model to feature number 108, Duncaniella dubosii
2026-01-11 15:33:14.607682 INFO::Fitting model to feature number 109, Duncaniella sp910589485
2026-01-11 15:33:14.614751 INFO::Fitting model to feature number 110, Duncaniella sp001689575
2026-01-11 15:33:14.621461 INFO::Fitting model to feature number 111, Duncaniella muris
2026-01-11 15:33:14.628411 INFO::Fitting model to feature number 112, Duncaniella sp910578445
2026-01-11 15:33:14.634629 INFO::Fitting model to feature number 113, Duncaniella freteri
2026-01-11 15:33:14.642645 INFO::Fitting model to feature number 114, Duncaniella sp910578515
2026-01-11 15:33:14.651949 INFO::Fitting model to feature number 115, Duncaniella sp910577255
2026-01-11 15:33:14.657144 INFO::Fitting model to feature number 116, Duncaniella sp910577345
2026-01-11 15:33:14.662386 INFO::Fitting model to feature number 117, Duncaniella sp910577335
2026-01-11 15:33:14.66846 INFO::Fitting model to feature number 118, MGYG000325799
2026-01-11 15:33:14.673859 INFO::Fitting model to feature number 119, Duncaniella sp014802345
2026-01-11 15:33:14.679469 INFO::Fitting model to feature number 120, Duncaniella sp910578615
2026-01-11 15:33:14.685538 INFO::Fitting model to feature number 121, MGYG000325465
2026-01-11 15:33:14.690647 INFO::Fitting model to feature number 122, Duncaniella sp910586305
2026-01-11 15:33:14.695749 INFO::Fitting model to feature number 123, Duncaniella sp001689495
2026-01-11 15:33:14.701807 INFO::Fitting model to feature number 124, MGYG000327170
2026-01-11 15:33:14.707068 INFO::Fitting model to feature number 125, Duncaniella sp910584825
2026-01-11 15:33:14.712742 INFO::Fitting model to feature number 126, Duncaniella sp910587165
2026-01-11 15:33:14.719947 INFO::Fitting model to feature number 127, MGYG000325518
2026-01-11 15:33:14.725565 INFO::Fitting model to feature number 128, Duncaniella sp002494015
2026-01-11 15:33:14.732884 INFO::Fitting model to feature number 129, Duncaniella sp910587515
2026-01-11 15:33:14.739643 INFO::Fitting model to feature number 130, Duncaniella sp910586665
2026-01-11 15:33:14.748483 INFO::Fitting model to feature number 131, Duncaniella sp014801945
2026-01-11 15:33:14.7559 INFO::Fitting model to feature number 132, Duncaniella sp910588795
2026-01-11 15:33:14.761871 INFO::Fitting model to feature number 133, Duncaniella sp001701225
2026-01-11 15:33:14.76976 INFO::Fitting model to feature number 134, Duncaniella sp014802325
2026-01-11 15:33:14.775203 INFO::Fitting model to feature number 135, Duncaniella sp014802015
2026-01-11 15:33:14.78088 INFO::Fitting model to feature number 136, MGYG000325456
2026-01-11 15:33:14.786912 INFO::Fitting model to feature number 137, MGYG000325723
2026-01-11 15:33:14.794384 INFO::Fitting model to feature number 138, MGYG000325575
2026-01-11 15:33:14.802746 INFO::Fitting model to feature number 139, MGYG000325671
2026-01-11 15:33:14.8087 INFO::Fitting model to feature number 140, CAG-873 sp009775135
2026-01-11 15:33:14.815096 INFO::Fitting model to feature number 141, CAG-873 sp002490635
2026-01-11 15:33:14.823527 INFO::Fitting model to feature number 142, MGYG000328238
2026-01-11 15:33:14.832278 INFO::Fitting model to feature number 143, CAG-873 sp009775265
2026-01-11 15:33:14.841183 INFO::Fitting model to feature number 144, CAG-873 sp011959565
2026-01-11 15:33:14.848758 INFO::Fitting model to feature number 145, CAG-873 sp910578365
2026-01-11 15:33:14.855047 INFO::Fitting model to feature number 146, CAG-873 sp910587235
2026-01-11 15:33:14.863023 INFO::Fitting model to feature number 147, CAG-873 sp009775225
2026-01-11 15:33:14.871731 INFO::Fitting model to feature number 148, CAG-873 sp009775535
2026-01-11 15:33:14.880338 INFO::Fitting model to feature number 149, CAG-873 sp910577315
2026-01-11 15:33:14.888989 INFO::Fitting model to feature number 150, CAG-873 sp910584905
2026-01-11 15:33:14.895149 INFO::Fitting model to feature number 151, CAG-873 sp910587545
2026-01-11 15:33:14.902887 INFO::Fitting model to feature number 152, CAG-873 sp910586455
2026-01-11 15:33:14.910009 INFO::Fitting model to feature number 153, MGYG000324412
2026-01-11 15:33:14.916855 INFO::Fitting model to feature number 154, CAG-873 sp910587915
2026-01-11 15:33:14.925286 INFO::Fitting model to feature number 155, CAG-873 sp001689665
2026-01-11 15:33:14.933864 INFO::Fitting model to feature number 156, CAG-873 sp017624155
2026-01-11 15:33:14.941886 INFO::Fitting model to feature number 157, MGYG000329414
2026-01-11 15:33:14.947866 INFO::Fitting model to feature number 158, CAG-873 sp910578095
2026-01-11 15:33:14.955735 INFO::Fitting model to feature number 159, CAG-873 sp910586975
2026-01-11 15:33:14.961236 INFO::Fitting model to feature number 160, CAG-873 sp001689415
2026-01-11 15:33:14.969506 INFO::Fitting model to feature number 161, MGYG000325453
2026-01-11 15:33:14.975991 INFO::Fitting model to feature number 162, CAG-873 sp910587475
2026-01-11 15:33:14.982478 INFO::Fitting model to feature number 163, CAG-873 sp900550395
2026-01-11 15:33:14.987891 INFO::Fitting model to feature number 164, MGYG000325639
2026-01-11 15:33:14.993476 INFO::Fitting model to feature number 165, CAG-873 sp910576935
2026-01-11 15:33:14.999631 INFO::Fitting model to feature number 166, MGYG000328998
2026-01-11 15:33:15.005159 INFO::Fitting model to feature number 167, CAG-873 sp910578035
2026-01-11 15:33:15.010895 INFO::Fitting model to feature number 168, MGYG000322997
2026-01-11 15:33:15.017563 INFO::Fitting model to feature number 169, MGYG000325431
2026-01-11 15:33:15.024811 INFO::Fitting model to feature number 170, CAG-873 sp905202215
2026-01-11 15:33:15.033422 INFO::Fitting model to feature number 171, CAG-873 sp009775195
2026-01-11 15:33:15.040481 INFO::Fitting model to feature number 172, CAG-873 sp910586995
2026-01-11 15:33:15.049587 INFO::Fitting model to feature number 173, CAG-873 sp910577355
2026-01-11 15:33:15.057547 INFO::Fitting model to feature number 174, MGYG000325570
2026-01-11 15:33:15.065093 INFO::Fitting model to feature number 175, MGYG000325620
2026-01-11 15:33:15.072904 INFO::Fitting model to feature number 176, CAG-873 sp001701165
2026-01-11 15:33:15.081357 INFO::Fitting model to feature number 177, MGYG000325469
2026-01-11 15:33:15.088156 INFO::Fitting model to feature number 178, CAG-873 sp003979155
2026-01-11 15:33:15.093391 INFO::Fitting model to feature number 179, MGYG000325729
2026-01-11 15:33:15.099292 INFO::Fitting model to feature number 180, CAG-873 sp910576775
2026-01-11 15:33:15.10457 INFO::Fitting model to feature number 181, MGYG000325342
2026-01-11 15:33:15.10978 INFO::Fitting model to feature number 182, MGYG000325463
2026-01-11 15:33:15.115858 INFO::Fitting model to feature number 183, CAG-873 sp910587355
2026-01-11 15:33:15.121236 INFO::Fitting model to feature number 184, CAG-873 sp910583525
2026-01-11 15:33:15.126501 INFO::Fitting model to feature number 185, MGYG000328958
2026-01-11 15:33:15.133195 INFO::Fitting model to feature number 186, MGYG000325379
2026-01-11 15:33:15.140332 INFO::Fitting model to feature number 187, CAG-873 sp910584495
2026-01-11 15:33:15.147384 INFO::Fitting model to feature number 188, CAG-873 sp910589055
2026-01-11 15:33:15.154111 INFO::Fitting model to feature number 189, CAG-873 sp910586595
2026-01-11 15:33:15.160626 INFO::Fitting model to feature number 190, MGYG000325473
2026-01-11 15:33:15.166018 INFO::Fitting model to feature number 191, CAG-873 sp910587925
2026-01-11 15:33:15.189552 INFO::Fitting model to feature number 192, CAG-873 sp900555715
2026-01-11 15:33:15.19554 INFO::Fitting model to feature number 193, CAG-873 sp002493945
2026-01-11 15:33:15.201088 INFO::Fitting model to feature number 194, CAG-873 sp002491245
2026-01-11 15:33:15.206785 INFO::Fitting model to feature number 195, MGYG000329571
2026-01-11 15:33:15.212975 INFO::Fitting model to feature number 196, MGYG000325537
2026-01-11 15:33:15.219213 INFO::Fitting model to feature number 197, CAG-485 sp009775365
2026-01-11 15:33:15.225848 INFO::Fitting model to feature number 198, CAG-485 sp002493045
2026-01-11 15:33:15.233146 INFO::Fitting model to feature number 199, CAG-485 sp009775355
2026-01-11 15:33:15.238254 INFO::Fitting model to feature number 200, CAG-485 sp002362485
2026-01-11 15:33:15.244466 INFO::Fitting model to feature number 201, CAG-485 sp002361215
2026-01-11 15:33:15.250537 INFO::Fitting model to feature number 202, CAG-485 sp002491945
2026-01-11 15:33:15.255441 INFO::Fitting model to feature number 203, CAG-485 sp002361155
2026-01-11 15:33:15.26256 INFO::Fitting model to feature number 204, MGYG000410771
2026-01-11 15:33:15.268799 INFO::Fitting model to feature number 205, MGYG000325582
2026-01-11 15:33:15.274578 INFO::Fitting model to feature number 206, CAG-485 sp002493515
2026-01-11 15:33:15.280502 INFO::Fitting model to feature number 207, CAG-485 sp003979075
2026-01-11 15:33:15.288348 INFO::Fitting model to feature number 208, CAG-485 sp001701295
2026-01-11 15:33:15.295536 INFO::Fitting model to feature number 209, MGYG000325475
2026-01-11 15:33:15.303677 INFO::Fitting model to feature number 210, MGYG000327930
2026-01-11 15:33:15.30912 INFO::Fitting model to feature number 211, CAG-485 sp910584055
2026-01-11 15:33:15.316874 INFO::Fitting model to feature number 212, MGYG000325569
2026-01-11 15:33:15.324573 INFO::Fitting model to feature number 213, CAG-485 sp910579845
2026-01-11 15:33:15.329934 INFO::Fitting model to feature number 214, CAG-485 sp910584125
2026-01-11 15:33:15.33873 INFO::Fitting model to feature number 215, CAG-485 sp910578385
2026-01-11 15:33:15.346029 INFO::Fitting model to feature number 216, MGYG000325346
2026-01-11 15:33:15.354201 INFO::Fitting model to feature number 217, MGYG000324474
2026-01-11 15:33:15.359654 INFO::Fitting model to feature number 218, CAG-485 sp910586175
2026-01-11 15:33:15.365799 INFO::Fitting model to feature number 219, MGYG000329437
2026-01-11 15:33:15.371206 INFO::Fitting model to feature number 220, MGYG000325442
2026-01-11 15:33:15.376279 INFO::Fitting model to feature number 221, CAG-485 sp910577585
2026-01-11 15:33:15.382438 INFO::Fitting model to feature number 222, CAG-485 sp009775375
2026-01-11 15:33:15.390579 INFO::Fitting model to feature number 223, MGYG000347897
2026-01-11 15:33:15.397186 INFO::Fitting model to feature number 224, CAG-485 sp910578075
2026-01-11 15:33:15.404006 INFO::Fitting model to feature number 225, CAG-485 sp900554845
2026-01-11 15:33:15.409573 INFO::Fitting model to feature number 226, CAG-485 sp910583775
2026-01-11 15:33:15.417961 INFO::Fitting model to feature number 227, MGYG000325760
2026-01-11 15:33:15.423599 INFO::Fitting model to feature number 228, MGYG000325660
2026-01-11 15:33:15.431062 INFO::Fitting model to feature number 229, CAG-485 sp910584545
2026-01-11 15:33:15.439952 INFO::Fitting model to feature number 230, MGYG000325658
2026-01-11 15:33:15.446729 INFO::Fitting model to feature number 231, CAG-485 sp910584525
2026-01-11 15:33:15.452798 INFO::Fitting model to feature number 232, CAG-485 sp910583795
2026-01-11 15:33:15.458095 INFO::Fitting model to feature number 233, CAG-485 sp910585275
2026-01-11 15:33:15.463436 INFO::Fitting model to feature number 234, MGYG000325481
2026-01-11 15:33:15.470746 INFO::Fitting model to feature number 235, CAG-485 sp910589425
2026-01-11 15:33:15.478552 INFO::Fitting model to feature number 236, CAG-485 sp910588245
2026-01-11 15:33:15.486353 INFO::Fitting model to feature number 237, CAG-485 sp014801815
2026-01-11 15:33:15.491681 INFO::Fitting model to feature number 238, MGYG000329106
2026-01-11 15:33:15.496647 INFO::Fitting model to feature number 239, MGYG000325458
2026-01-11 15:33:15.502516 INFO::Fitting model to feature number 240, MGYG000325710
2026-01-11 15:33:15.507613 INFO::Fitting model to feature number 241, MGYG000325738
2026-01-11 15:33:15.512997 INFO::Fitting model to feature number 242, MGYG000325560
2026-01-11 15:33:15.519379 INFO::Fitting model to feature number 243, CAG-485 sp910579305
2026-01-11 15:33:15.524956 INFO::Fitting model to feature number 244, MGYG000325644
2026-01-11 15:33:15.53076 INFO::Fitting model to feature number 245, CAG-485 sp900760815
2026-01-11 15:33:15.53657 INFO::Fitting model to feature number 246, MGYG000325315
2026-01-11 15:33:15.542078 INFO::Fitting model to feature number 247, MGYG000325633
2026-01-11 15:33:15.547236 INFO::Fitting model to feature number 248, MGYG000325436
2026-01-11 15:33:15.553476 INFO::Fitting model to feature number 249, MGYG000325715
2026-01-11 15:33:15.55916 INFO::Fitting model to feature number 250, MGYG000325350
2026-01-11 15:33:15.564848 INFO::Fitting model to feature number 251, MGYG000325747
2026-01-11 15:33:15.571864 INFO::Fitting model to feature number 252, MGYG000325437
2026-01-11 15:33:15.578592 INFO::Fitting model to feature number 253, CAG-485 sp014800895
2026-01-11 15:33:15.585718 INFO::Fitting model to feature number 254, MGYG000325541
2026-01-11 15:33:15.591049 INFO::Fitting model to feature number 255, MGYG000325479
2026-01-11 15:33:15.596298 INFO::Fitting model to feature number 256, CAG-485 sp910585285
2026-01-11 15:33:15.602389 INFO::Fitting model to feature number 257, CAG-485 sp910584185
2026-01-11 15:33:15.608075 INFO::Fitting model to feature number 258, MGYG000325680
2026-01-11 15:33:15.615016 INFO::Fitting model to feature number 259, MGYG000325622
2026-01-11 15:33:15.621926 INFO::Fitting model to feature number 260, MGYG000325425
2026-01-11 15:33:15.62795 INFO::Fitting model to feature number 261, MGYG000325415
2026-01-11 15:33:15.635306 INFO::Fitting model to feature number 262, CAG-485 sp900550645
2026-01-11 15:33:15.645315 INFO::Fitting model to feature number 263, MGYG000325597
2026-01-11 15:33:15.655913 INFO::Fitting model to feature number 264, MGYG000325446
2026-01-11 15:33:15.661975 INFO::Fitting model to feature number 265, MGYG000325721
2026-01-11 15:33:15.668386 INFO::Fitting model to feature number 266, Muribaculum gordoncarteri
2026-01-11 15:33:15.674411 INFO::Fitting model to feature number 267, Muribaculum sp009775095
2026-01-11 15:33:15.679812 INFO::Fitting model to feature number 268, Muribaculum sp002473395
2026-01-11 15:33:15.686329 INFO::Fitting model to feature number 269, Muribaculum faecis
2026-01-11 15:33:15.691805 INFO::Fitting model to feature number 270, MGYG000325310
2026-01-11 15:33:15.698935 INFO::Fitting model to feature number 271, Muribaculum sp910587665
2026-01-11 15:33:15.706325 INFO::Fitting model to feature number 272, Muribaculum sp001701195
2026-01-11 15:33:15.712094 INFO::Fitting model to feature number 273, Muribaculum sp910578785
2026-01-11 15:33:15.719601 INFO::Fitting model to feature number 274, Muribaculum sp910589555
2026-01-11 15:33:15.727911 INFO::Fitting model to feature number 275, Muribaculum arabinoxylanisolvens
2026-01-11 15:33:15.736332 INFO::Fitting model to feature number 276, Muribaculum sp003150235
2026-01-11 15:33:15.744107 INFO::Fitting model to feature number 277, MGYG000328540
2026-01-11 15:33:15.751607 INFO::Fitting model to feature number 278, Muribaculum sp910583865
2026-01-11 15:33:15.757005 INFO::Fitting model to feature number 279, Muribaculum sp910578835
2026-01-11 15:33:15.762226 INFO::Fitting model to feature number 280, Muribaculum sp001701065
2026-01-11 15:33:15.769259 INFO::Fitting model to feature number 281, MGYG000328957
2026-01-11 15:33:15.777102 INFO::Fitting model to feature number 282, UBA7173 sp001689485
2026-01-11 15:33:15.78442 INFO::Fitting model to feature number 283, UBA7173 sp001689685
2026-01-11 15:33:15.791443 INFO::Fitting model to feature number 284, UBA7173 sp002491305
2026-01-11 15:33:15.798828 INFO::Fitting model to feature number 285, UBA7173 sp013316675
2026-01-11 15:33:15.805988 INFO::Fitting model to feature number 286, MGYG000329847
2026-01-11 15:33:15.813958 INFO::Fitting model to feature number 287, UBA7173 sp013316535
2026-01-11 15:33:15.822335 INFO::Fitting model to feature number 288, UBA7173 sp910584365
2026-01-11 15:33:15.830904 INFO::Fitting model to feature number 289, UBA7173 sp910583675
2026-01-11 15:33:15.839479 INFO::Fitting model to feature number 290, MGYG000325674
2026-01-11 15:33:15.847224 INFO::Fitting model to feature number 291, UBA7173 sp910584735
2026-01-11 15:33:15.854666 INFO::Fitting model to feature number 292, UBA7173 sp900548705
2026-01-11 15:33:15.860056 INFO::Fitting model to feature number 293, UBA7173 sp910585755
2026-01-11 15:33:15.867882 INFO::Fitting model to feature number 294, UBA7173 sp910579105
2026-01-11 15:33:15.875318 INFO::Fitting model to feature number 295, UBA7173 sp910586565
2026-01-11 15:33:15.883259 INFO::Fitting model to feature number 296, UBA7173 sp900555165
2026-01-11 15:33:15.89112 INFO::Fitting model to feature number 297, UBA7173 sp910587075
2026-01-11 15:33:15.900197 INFO::Fitting model to feature number 298, MGYG000410332
2026-01-11 15:33:15.906995 INFO::Fitting model to feature number 299, MGYG000325632
2026-01-11 15:33:15.91285 INFO::Fitting model to feature number 300, MGYG000325803
2026-01-11 15:33:15.920847 INFO::Fitting model to feature number 301, JAFLTL01 sp910578395
2026-01-11 15:33:15.926261 INFO::Fitting model to feature number 302, MGYG000325590
2026-01-11 15:33:15.93445 INFO::Fitting model to feature number 303, UBA3263 sp001689615
2026-01-11 15:33:15.940191 INFO::Fitting model to feature number 304, MGYG000325470
2026-01-11 15:33:15.947806 INFO::Fitting model to feature number 305, UBA3263 sp002490725
2026-01-11 15:33:15.954492 INFO::Fitting model to feature number 306, MGYG000331010
2026-01-11 15:33:15.960057 INFO::Fitting model to feature number 307, UBA3263 sp014801955
2026-01-11 15:33:15.966465 INFO::Fitting model to feature number 308, MGYG000325619
2026-01-11 15:33:15.97216 INFO::Fitting model to feature number 309, MGYG000325600
2026-01-11 15:33:15.978095 INFO::Fitting model to feature number 310, MGYG000325598
2026-01-11 15:33:15.984437 INFO::Fitting model to feature number 311, JAGBWK01 sp001915385
2026-01-11 15:33:15.989741 INFO::Fitting model to feature number 312, JAGBWK01 sp004102805
2026-01-11 15:33:15.995109 INFO::Fitting model to feature number 313, MGYG000325382
2026-01-11 15:33:16.002916 INFO::Fitting model to feature number 314, MGYG000327564
2026-01-11 15:33:16.008659 INFO::Fitting model to feature number 315, MGYG000328504
2026-01-11 15:33:16.016071 INFO::Fitting model to feature number 316, JAAVFS01 sp910584665
2026-01-11 15:33:16.023328 INFO::Fitting model to feature number 317, MGYG000325322
2026-01-11 15:33:16.031863 INFO::Fitting model to feature number 318, MGYG000325435
2026-01-11 15:33:16.039431 INFO::Fitting model to feature number 319, CAJUPY01 sp910588035
2026-01-11 15:33:16.04713 INFO::Fitting model to feature number 320, MGYG000325343
2026-01-11 15:33:16.055895 INFO::Fitting model to feature number 321, CAJUPY01 sp014802535
2026-01-11 15:33:16.064718 INFO::Fitting model to feature number 322, MGYG000325663
2026-01-11 15:33:16.070985 INFO::Fitting model to feature number 323, M3 sp001689445
2026-01-11 15:33:16.079228 INFO::Fitting model to feature number 324, MGYG000328741
2026-01-11 15:33:16.087321 INFO::Fitting model to feature number 325, CAG-1031 sp000431215
2026-01-11 15:33:16.095967 INFO::Fitting model to feature number 326, Amulumruptor sp001689515
2026-01-11 15:33:16.103399 INFO::Fitting model to feature number 327, Amulumruptor sp900539915
2026-01-11 15:33:16.109553 INFO::Fitting model to feature number 328, Sodaliphilus sp004557565
2026-01-11 15:33:16.118221 INFO::Fitting model to feature number 329, Limisoma sp000437795
2026-01-11 15:33:16.12598 INFO::Fitting model to feature number 330, Bacteroides sp002491635
2026-01-11 15:33:16.131621 INFO::Fitting model to feature number 331, Bacteroides sp910578895
2026-01-11 15:33:16.139923 INFO::Fitting model to feature number 332, Bacteroides acidifaciens
2026-01-11 15:33:16.149143 INFO::Fitting model to feature number 333, Bacteroides caecimuris
2026-01-11 15:33:16.158444 INFO::Fitting model to feature number 334, Bacteroides sp910586915
2026-01-11 15:33:16.16779 INFO::Fitting model to feature number 335, Bacteroides uniformis
2026-01-11 15:33:16.202744 INFO::Fitting model to feature number 336, Bacteroides sp910585845
2026-01-11 15:33:16.211332 INFO::Fitting model to feature number 337, Bacteroides sp900765785
2026-01-11 15:33:16.219573 INFO::Fitting model to feature number 338, Bacteroides stercoris
2026-01-11 15:33:16.228243 INFO::Fitting model to feature number 339, MGYG000325585
2026-01-11 15:33:16.23676 INFO::Fitting model to feature number 340, Bacteroides nordii
2026-01-11 15:33:16.243842 INFO::Fitting model to feature number 341, Bacteroides congonensis
2026-01-11 15:33:16.250468 INFO::Fitting model to feature number 342, Bacteroides xylanisolvens
2026-01-11 15:33:16.255744 INFO::Fitting model to feature number 343, Bacteroides intestinalis
2026-01-11 15:33:16.261223 INFO::Fitting model to feature number 344, Bacteroides cellulosilyticus
2026-01-11 15:33:16.267915 INFO::Fitting model to feature number 345, Prevotella sp002933775
2026-01-11 15:33:16.27389 INFO::Fitting model to feature number 346, Prevotella muris
2026-01-11 15:33:16.279606 INFO::Fitting model to feature number 347, MGYG000325010
2026-01-11 15:33:16.286511 INFO::Fitting model to feature number 348, MGYG000325676
2026-01-11 15:33:16.292018 INFO::Fitting model to feature number 349, Prevotella sp013166515
2026-01-11 15:33:16.297379 INFO::Fitting model to feature number 350, Prevotella rodentium
2026-01-11 15:33:16.303929 INFO::Fitting model to feature number 351, Prevotella sp900545525
2026-01-11 15:33:16.309536 INFO::Fitting model to feature number 352, MGYG000325400
2026-01-11 15:33:16.315247 INFO::Fitting model to feature number 353, Prevotella intestinalis
2026-01-11 15:33:16.321748 INFO::Fitting model to feature number 354, Phocaeicola vulgatus
2026-01-11 15:33:16.326915 INFO::Fitting model to feature number 355, Phocaeicola sartorii
2026-01-11 15:33:16.332529 INFO::Fitting model to feature number 356, Phocaeicola sp011959205
2026-01-11 15:33:16.338791 INFO::Fitting model to feature number 357, Phocaeicola faecalis
2026-01-11 15:33:16.344891 INFO::Fitting model to feature number 358, Phocaeicola plebeius_A
2026-01-11 15:33:16.351033 INFO::Fitting model to feature number 359, Phocaeicola massiliensis
2026-01-11 15:33:16.356767 INFO::Fitting model to feature number 360, UBA4372 sp023665805
2026-01-11 15:33:16.362186 INFO::Fitting model to feature number 361, MGYG000325572
2026-01-11 15:33:16.368133 INFO::Fitting model to feature number 362, Alloprevotella sp009775705
2026-01-11 15:33:16.373426 INFO::Fitting model to feature number 363, Alloprevotella sp002933955
2026-01-11 15:33:16.37943 INFO::Fitting model to feature number 364, Paraprevotella sp900548345
2026-01-11 15:33:16.385393 INFO::Fitting model to feature number 365, Paraprevotella sp910586505
2026-01-11 15:33:16.392139 INFO::Fitting model to feature number 366, Alistipes sp002428825
2026-01-11 15:33:16.397704 INFO::Fitting model to feature number 367, Alistipes sp910587675
2026-01-11 15:33:16.404962 INFO::Fitting model to feature number 368, Alistipes timonensis
2026-01-11 15:33:16.412117 INFO::Fitting model to feature number 369, Alistipes sp910576555
2026-01-11 15:33:16.418823 INFO::Fitting model to feature number 370, Alistipes sp009774895
2026-01-11 15:33:16.424113 INFO::Fitting model to feature number 371, Alistipes sp002362235
2026-01-11 15:33:16.42942 INFO::Fitting model to feature number 372, Alistipes sp900552955
2026-01-11 15:33:16.433393 WARNING::Fitting problem for feature 372 returning NA
2026-01-11 15:33:16.435585 INFO::Fitting model to feature number 373, Alistipes sp910575495
2026-01-11 15:33:16.441248 INFO::Fitting model to feature number 374, Alistipes sp910577475
2026-01-11 15:33:16.448652 INFO::Fitting model to feature number 375, Alistipes sp002358415
2026-01-11 15:33:16.456449 INFO::Fitting model to feature number 376, Avirikenella sp910588925
2026-01-11 15:33:16.463622 INFO::Fitting model to feature number 377, MGYG000325667
2026-01-11 15:33:16.471647 INFO::Fitting model to feature number 378, Rikenella sp910577885
2026-01-11 15:33:16.47948 INFO::Fitting model to feature number 379, Parabacteroides distasonis
2026-01-11 15:33:16.487275 INFO::Fitting model to feature number 380, Parabacteroides goldsteinii
2026-01-11 15:33:16.494707 INFO::Fitting model to feature number 381, Parabacteroides sp900760525
2026-01-11 15:33:16.501878 INFO::Fitting model to feature number 382, Parabacteroides merdae
2026-01-11 15:33:16.509449 INFO::Fitting model to feature number 383, Odoribacter sp021771575
2026-01-11 15:33:16.51709 INFO::Fitting model to feature number 384, Odoribacter sp910578105
2026-01-11 15:33:16.523191 INFO::Fitting model to feature number 385, Odoribacter sp910589025
2026-01-11 15:33:16.53208 INFO::Fitting model to feature number 386, Butyricimonas virosa
2026-01-11 15:33:16.540696 INFO::Fitting model to feature number 387, Pullibacteroides sp910586395
2026-01-11 15:33:16.548057 INFO::Fitting model to feature number 388, Cryptobacteroides sp009774765
2026-01-11 15:33:16.555581 INFO::Fitting model to feature number 389, Cryptobacteroides sp910585445
2026-01-11 15:33:16.563139 INFO::Fitting model to feature number 390, Imtechella halotolerans
2026-01-11 15:33:16.569858 INFO::Fitting model to feature number 391, Faecalibaculum sp910588395
2026-01-11 15:33:16.575396 INFO::Fitting model to feature number 392, C-19 sp910576855
2026-01-11 15:33:16.583037 INFO::Fitting model to feature number 393, MGYG000329824
2026-01-11 15:33:16.590176 INFO::Fitting model to feature number 394, Ileibacterium valens
2026-01-11 15:33:16.597208 INFO::Fitting model to feature number 395, Dubosiella sp004793885
2026-01-11 15:33:16.60381 INFO::Fitting model to feature number 396, CAJTFG01 sp910575705
2026-01-11 15:33:16.609221 INFO::Fitting model to feature number 397, Thomasclavelia cocleata
2026-01-11 15:33:16.615309 INFO::Fitting model to feature number 398, Thomasclavelia ramosa
2026-01-11 15:33:16.623584 INFO::Fitting model to feature number 399, MGBC113645 sp910579135
2026-01-11 15:33:16.630803 INFO::Fitting model to feature number 400, Fimiplasma sp910588165
2026-01-11 15:33:16.638849 INFO::Fitting model to feature number 401, Lactobacillus intestinalis
2026-01-11 15:33:16.650336 INFO::Fitting model to feature number 402, Lactobacillus sp910589675
2026-01-11 15:33:16.657458 INFO::Fitting model to feature number 403, MGYG000329195
2026-01-11 15:33:16.66492 INFO::Fitting model to feature number 404, Lactobacillus taiwanensis
2026-01-11 15:33:16.671753 INFO::Fitting model to feature number 405, Lactobacillus amylovorus
2026-01-11 15:33:16.676669 INFO::Fitting model to feature number 406, MGYG000325525
2026-01-11 15:33:16.681758 INFO::Fitting model to feature number 407, MGYG000326943
2026-01-11 15:33:16.687648 INFO::Fitting model to feature number 408, Lactobacillus hominis
2026-01-11 15:33:16.692941 INFO::Fitting model to feature number 409, Lactobacillus acidophilus
2026-01-11 15:33:16.69819 INFO::Fitting model to feature number 410, MGYG000326944
2026-01-11 15:33:16.703974 INFO::Fitting model to feature number 411, Lactobacillus delbrueckii
2026-01-11 15:33:16.709153 INFO::Fitting model to feature number 412, Limosilactobacillus reuteri
2026-01-11 15:33:16.7149 INFO::Fitting model to feature number 413, Limosilactobacillus sp009663775
2026-01-11 15:33:16.720795 INFO::Fitting model to feature number 414, Limosilactobacillus fermentum
2026-01-11 15:33:16.725945 INFO::Fitting model to feature number 415, Limosilactobacillus equigenerosi
2026-01-11 15:33:16.731198 INFO::Fitting model to feature number 416, Limosilactobacillus portuensis
2026-01-11 15:33:16.738548 INFO::Fitting model to feature number 417, Ligilactobacillus murinus
2026-01-11 15:33:16.743665 INFO::Fitting model to feature number 418, Ligilactobacillus animalis
2026-01-11 15:33:16.750618 INFO::Fitting model to feature number 419, Ligilactobacillus sp910587695
2026-01-11 15:33:16.755704 INFO::Fitting model to feature number 420, Ligilactobacillus agilis
2026-01-11 15:33:16.762212 INFO::Fitting model to feature number 421, Pediococcus pentosaceus
2026-01-11 15:33:16.768109 INFO::Fitting model to feature number 422, Enterococcus faecalis
2026-01-11 15:33:16.77313 INFO::Fitting model to feature number 423, Turicibacter sp002311155
2026-01-11 15:33:16.778236 INFO::Fitting model to feature number 424, MGYG000380869
2026-01-11 15:33:16.784762 INFO::Fitting model to feature number 425, CAG-582 sp910577075
2026-01-11 15:33:16.791498 INFO::Fitting model to feature number 426, UBA5026 sp910576795
2026-01-11 15:33:16.796872 INFO::Fitting model to feature number 427, UBA5026 sp910586425
2026-01-11 15:33:16.803174 INFO::Fitting model to feature number 428, MGYG000330354
2026-01-11 15:33:16.808655 INFO::Fitting model to feature number 429, MGYG000338472
2026-01-11 15:33:16.814039 INFO::Fitting model to feature number 430, MGYG000329046
2026-01-11 15:33:16.820336 INFO::Fitting model to feature number 431, MGYG000331189
2026-01-11 15:33:16.825711 INFO::Fitting model to feature number 432, Mammaliicoccus lentus
2026-01-11 15:33:16.832788 INFO::Fitting model to feature number 433, Staphylococcus xylosus
2026-01-11 15:33:16.839798 INFO::Fitting model to feature number 434, MGYG000410805
2026-01-11 15:33:16.846528 INFO::Fitting model to feature number 435, Desulfovibrio sp910575755
2026-01-11 15:33:16.852989 INFO::Fitting model to feature number 436, Desulfovibrio sp910587035
2026-01-11 15:33:16.858818 INFO::Fitting model to feature number 437, Desulfovibrio sp910584445
2026-01-11 15:33:16.864556 INFO::Fitting model to feature number 438, MGYG000325668
2026-01-11 15:33:16.870653 INFO::Fitting model to feature number 439, Desulfovibrio sp900556755
2026-01-11 15:33:16.875871 INFO::Fitting model to feature number 440, Desulfovibrio sp905215675
2026-01-11 15:33:16.882315 INFO::Fitting model to feature number 441, MGYG000325515
2026-01-11 15:33:16.888288 INFO::Fitting model to feature number 442, Bilophila sp910585945
2026-01-11 15:33:16.89379 INFO::Fitting model to feature number 443, Bilophila faecipullorum
2026-01-11 15:33:16.900113 INFO::Fitting model to feature number 444, Bilophila sp902373525
2026-01-11 15:33:16.907755 INFO::Fitting model to feature number 445, Mailhella sp910579055
2026-01-11 15:33:16.913761 INFO::Fitting model to feature number 446, Mailhella excrementigallinarum
2026-01-11 15:33:16.92178 INFO::Fitting model to feature number 447, MGYG000399267
2026-01-11 15:33:16.929454 INFO::Fitting model to feature number 448, MGYG000410288
2026-01-11 15:33:16.937324 INFO::Fitting model to feature number 449, Schaedlerella sp910589385
2026-01-11 15:33:16.944624 INFO::Fitting model to feature number 450, Schaedlerella arabinosiphila
2026-01-11 15:33:16.952299 INFO::Fitting model to feature number 451, Schaedlerella sp009911175
2026-01-11 15:33:16.958951 INFO::Fitting model to feature number 452, MGYG000410694
2026-01-11 15:33:16.965665 INFO::Fitting model to feature number 453, Schaedlerella sp000403295
2026-01-11 15:33:16.973233 INFO::Fitting model to feature number 454, Schaedlerella sp910574865
2026-01-11 15:33:16.980313 INFO::Fitting model to feature number 455, Schaedlerella sp910574195
2026-01-11 15:33:16.98774 INFO::Fitting model to feature number 456, Schaedlerella sp943193195
2026-01-11 15:33:16.99551 INFO::Fitting model to feature number 457, Schaedlerella sp009774255
2026-01-11 15:33:17.002593 INFO::Fitting model to feature number 458, MGYG000328305
2026-01-11 15:33:17.009901 INFO::Fitting model to feature number 459, MD308 sp910575105
2026-01-11 15:33:17.016801 INFO::Fitting model to feature number 460, MD308 sp010206225
2026-01-11 15:33:17.022889 INFO::Fitting model to feature number 461, MGYG000323047
2026-01-11 15:33:17.030334 INFO::Fitting model to feature number 462, MD308 sp000403475
2026-01-11 15:33:17.039621 INFO::Fitting model to feature number 463, MGYG000326632
2026-01-11 15:33:17.046418 INFO::Fitting model to feature number 464, MD308 sp910578455
2026-01-11 15:33:17.054028 INFO::Fitting model to feature number 465, MD308 sp910586965
2026-01-11 15:33:17.059954 INFO::Fitting model to feature number 466, MD308 sp910584615
2026-01-11 15:33:17.065673 INFO::Fitting model to feature number 467, MGYG000410877
2026-01-11 15:33:17.07177 INFO::Fitting model to feature number 468, MGYG000324148
2026-01-11 15:33:17.078506 INFO::Fitting model to feature number 469, Sporofaciens sp910574715
2026-01-11 15:33:17.086675 INFO::Fitting model to feature number 470, Sporofaciens sp910579015
2026-01-11 15:33:17.092561 INFO::Fitting model to feature number 471, MGYG000353267
2026-01-11 15:33:17.098483 INFO::Fitting model to feature number 472, Sporofaciens sp910575835
2026-01-11 15:33:17.105932 INFO::Fitting model to feature number 473, Sporofaciens musculi
2026-01-11 15:33:17.112952 INFO::Fitting model to feature number 474, Sporofaciens sp009774295
2026-01-11 15:33:17.120265 INFO::Fitting model to feature number 475, Sporofaciens sp910574885
2026-01-11 15:33:17.12793 INFO::Fitting model to feature number 476, Sporofaciens sp000403455
2026-01-11 15:33:17.134518 INFO::Fitting model to feature number 477, Sporofaciens sp910577685
2026-01-11 15:33:17.142079 INFO::Fitting model to feature number 478, Sporofaciens sp910587575
2026-01-11 15:33:17.174441 INFO::Fitting model to feature number 479, Sporofaciens sp910585725
2026-01-11 15:33:17.184 INFO::Fitting model to feature number 480, Sporofaciens sp910579925
2026-01-11 15:33:17.193071 INFO::Fitting model to feature number 481, MGYG000402809
2026-01-11 15:33:17.20179 INFO::Fitting model to feature number 482, UBA11957 sp910588295
2026-01-11 15:33:17.210124 INFO::Fitting model to feature number 483, MGYG000410400
2026-01-11 15:33:17.218394 INFO::Fitting model to feature number 484, Choladocola sp009774135
2026-01-11 15:33:17.223367 INFO::Fitting model to feature number 485, Choladocola sp910583615
2026-01-11 15:33:17.230405 INFO::Fitting model to feature number 486, Choladocola sp910585995
2026-01-11 15:33:17.238001 INFO::Fitting model to feature number 487, Choladocola sp009774145
2026-01-11 15:33:17.244987 INFO::Fitting model to feature number 488, Choladocola sp910584945
2026-01-11 15:33:17.252072 INFO::Fitting model to feature number 489, Choladocola sp910579225
2026-01-11 15:33:17.257622 INFO::Fitting model to feature number 490, Choladocola sp910584205
2026-01-11 15:33:17.26335 INFO::Fitting model to feature number 491, Choladocola sp910574965
2026-01-11 15:33:17.270119 INFO::Fitting model to feature number 492, Choladocola sp910575445
2026-01-11 15:33:17.276264 INFO::Fitting model to feature number 493, Choladocola sp910583895
2026-01-11 15:33:17.283123 INFO::Fitting model to feature number 494, Choladocola sp009774155
2026-01-11 15:33:17.290063 INFO::Fitting model to feature number 495, Choladocola sp910587495
2026-01-11 15:33:17.296674 INFO::Fitting model to feature number 496, Choladocola sp910585465
2026-01-11 15:33:17.302731 INFO::Fitting model to feature number 497, Choladocola sp910587765
2026-01-11 15:33:17.308495 INFO::Fitting model to feature number 498, MGYG000392954
2026-01-11 15:33:17.313908 INFO::Fitting model to feature number 499, Lachnoclostridium_B sp910584095
2026-01-11 15:33:17.321216 INFO::Fitting model to feature number 500, Lachnoclostridium_B sp910574185
2026-01-11 15:33:17.327873 INFO::Fitting model to feature number 501, MGYG000331109
2026-01-11 15:33:17.335163 INFO::Fitting model to feature number 502, Lachnoclostridium_B sp910584265
2026-01-11 15:33:17.340469 INFO::Fitting model to feature number 503, Lachnoclostridium_B sp910588745
2026-01-11 15:33:17.347193 INFO::Fitting model to feature number 504, Lachnoclostridium_B sp910589275
2026-01-11 15:33:17.353912 INFO::Fitting model to feature number 505, MGYG000328855
2026-01-11 15:33:17.360587 INFO::Fitting model to feature number 506, MGBC164599 sp910588825
2026-01-11 15:33:17.366263 INFO::Fitting model to feature number 507, MGBC164599 sp910575625
2026-01-11 15:33:17.371634 INFO::Fitting model to feature number 508, MGBC164599 sp910587105
2026-01-11 15:33:17.376976 INFO::Fitting model to feature number 509, MGBC164599 sp910588775
2026-01-11 15:33:17.382356 INFO::Fitting model to feature number 510, MGYG000330030
2026-01-11 15:33:17.389748 INFO::Fitting model to feature number 511, MGYG000330180
2026-01-11 15:33:17.396635 INFO::Fitting model to feature number 512, 14-2 sp910588845
2026-01-11 15:33:17.403499 INFO::Fitting model to feature number 513, 14-2 sp910577785
2026-01-11 15:33:17.408497 INFO::Fitting model to feature number 514, 14-2 sp910576385
2026-01-11 15:33:17.413627 INFO::Fitting model to feature number 515, 14-2 sp910575155
2026-01-11 15:33:17.420008 INFO::Fitting model to feature number 516, 14-2 sp910575035
2026-01-11 15:33:17.427168 INFO::Fitting model to feature number 517, 14-2 sp011960065
2026-01-11 15:33:17.434648 INFO::Fitting model to feature number 518, MGYG000409996
2026-01-11 15:33:17.441961 INFO::Fitting model to feature number 519, 14-2 sp910588285
2026-01-11 15:33:17.448736 INFO::Fitting model to feature number 520, 14-2 sp910575005
2026-01-11 15:33:17.455561 INFO::Fitting model to feature number 521, 14-2 sp910584585
2026-01-11 15:33:17.462929 INFO::Fitting model to feature number 522, 14-2 sp000403255
2026-01-11 15:33:17.470815 INFO::Fitting model to feature number 523, MGYG000411355
2026-01-11 15:33:17.478915 INFO::Fitting model to feature number 524, 14-2 sp910583835
2026-01-11 15:33:17.487652 INFO::Fitting model to feature number 525, 14-2 sp910575075
2026-01-11 15:33:17.495409 INFO::Fitting model to feature number 526, 14-2 sp000403315
2026-01-11 15:33:17.502165 INFO::Fitting model to feature number 527, 14-2 sp009774455
2026-01-11 15:33:17.507262 INFO::Fitting model to feature number 528, 14-2 sp910589635
2026-01-11 15:33:17.512399 INFO::Fitting model to feature number 529, 14-2 sp910576975
2026-01-11 15:33:17.519377 INFO::Fitting model to feature number 530, MGYG000411595
2026-01-11 15:33:17.526938 INFO::Fitting model to feature number 531, MGYG000328404
2026-01-11 15:33:17.534028 INFO::Fitting model to feature number 532, 14-2 sp910578825
2026-01-11 15:33:17.541157 INFO::Fitting model to feature number 533, MGYG000410992
2026-01-11 15:33:17.5485 INFO::Fitting model to feature number 534, MGYG000324849
2026-01-11 15:33:17.556789 INFO::Fitting model to feature number 535, 14-2 sp000403845
2026-01-11 15:33:17.564165 INFO::Fitting model to feature number 536, Eubacterium_F sp910574015
2026-01-11 15:33:17.570178 INFO::Fitting model to feature number 537, MGYG000330978
2026-01-11 15:33:17.575017 INFO::Fitting model to feature number 538, Eubacterium_F sp910575665
2026-01-11 15:33:17.580139 INFO::Fitting model to feature number 539, Eubacterium_F sp910585745
2026-01-11 15:33:17.586398 INFO::Fitting model to feature number 540, MGYG000329322
2026-01-11 15:33:17.591703 INFO::Fitting model to feature number 541, Eubacterium_F sp910579145
2026-01-11 15:33:17.596923 INFO::Fitting model to feature number 542, Caccovicinus sp910585635
2026-01-11 15:33:17.603351 INFO::Fitting model to feature number 543, Caccovicinus sp009774615
2026-01-11 15:33:17.608787 INFO::Fitting model to feature number 544, Caccovicinus sp910584785
2026-01-11 15:33:17.613905 INFO::Fitting model to feature number 545, MGYG000411451
2026-01-11 15:33:17.619906 INFO::Fitting model to feature number 546, Caccovicinus sp910575565
2026-01-11 15:33:17.625003 INFO::Fitting model to feature number 547, MGYG000322995
2026-01-11 15:33:17.630366 INFO::Fitting model to feature number 548, Caccovicinus sp910588895
2026-01-11 15:33:17.637845 INFO::Fitting model to feature number 549, Acetatifactor sp910576125
2026-01-11 15:33:17.644971 INFO::Fitting model to feature number 550, Acetatifactor sp910589035
2026-01-11 15:33:17.653406 INFO::Fitting model to feature number 551, Acetatifactor sp910579755
2026-01-11 15:33:17.660326 INFO::Fitting model to feature number 552, Acetatifactor sp910584865
2026-01-11 15:33:17.667378 INFO::Fitting model to feature number 553, Acetatifactor sp910585805
2026-01-11 15:33:17.673102 INFO::Fitting model to feature number 554, Acetatifactor sp910585425
2026-01-11 15:33:17.678326 INFO::Fitting model to feature number 555, Acetatifactor sp910585615
2026-01-11 15:33:17.684585 INFO::Fitting model to feature number 556, Acetatifactor sp910586775
2026-01-11 15:33:17.690067 INFO::Fitting model to feature number 557, Acetatifactor sp910589655
2026-01-11 15:33:17.696677 INFO::Fitting model to feature number 558, Acetatifactor sp910586835
2026-01-11 15:33:17.703808 INFO::Fitting model to feature number 559, Acetatifactor sp003612485
2026-01-11 15:33:17.710485 INFO::Fitting model to feature number 560, MGYG000329336
2026-01-11 15:33:17.715861 INFO::Fitting model to feature number 561, Acetatifactor sp910577185
2026-01-11 15:33:17.72183 INFO::Fitting model to feature number 562, MGYG000325587
2026-01-11 15:33:17.727423 INFO::Fitting model to feature number 563, Acetatifactor sp910584235
2026-01-11 15:33:17.733515 INFO::Fitting model to feature number 564, MGYG000325385
2026-01-11 15:33:17.740664 INFO::Fitting model to feature number 565, Acetatifactor sp910580225
2026-01-11 15:33:17.747606 INFO::Fitting model to feature number 566, Acetatifactor sp910577035
2026-01-11 15:33:17.75382 INFO::Fitting model to feature number 567, Acetatifactor sp910578995
2026-01-11 15:33:17.759135 INFO::Fitting model to feature number 568, Acetatifactor sp910578185
2026-01-11 15:33:17.76444 INFO::Fitting model to feature number 569, MGYG000327004
2026-01-11 15:33:17.771178 INFO::Fitting model to feature number 570, Acetatifactor sp910586485
2026-01-11 15:33:17.777136 INFO::Fitting model to feature number 571, MGYG000331015
2026-01-11 15:33:17.784346 INFO::Fitting model to feature number 572, Acetatifactor sp910587555
2026-01-11 15:33:17.792572 INFO::Fitting model to feature number 573, 1XD8-76 sp910578085
2026-01-11 15:33:17.799736 INFO::Fitting model to feature number 574, 1XD8-76 sp910573755
2026-01-11 15:33:17.806903 INFO::Fitting model to feature number 575, 1XD8-76 sp910577955
2026-01-11 15:33:17.812275 INFO::Fitting model to feature number 576, UBA3282 sp009774175
2026-01-11 15:33:17.818822 INFO::Fitting model to feature number 577, UBA3282 sp910575245
2026-01-11 15:33:17.824398 INFO::Fitting model to feature number 578, UBA3282 sp009774655
2026-01-11 15:33:17.830452 INFO::Fitting model to feature number 579, UBA3282 sp910577735
2026-01-11 15:33:17.836658 INFO::Fitting model to feature number 580, UBA3282 sp910588215
2026-01-11 15:33:17.842759 INFO::Fitting model to feature number 581, UBA3282 sp910584725
2026-01-11 15:33:17.848134 INFO::Fitting model to feature number 582, MGYG000329173
2026-01-11 15:33:17.855228 INFO::Fitting model to feature number 583, MGYG000325371
2026-01-11 15:33:17.860542 INFO::Fitting model to feature number 584, MGYG000324467
2026-01-11 15:33:17.867038 INFO::Fitting model to feature number 585, UBA3282 sp910587095
2026-01-11 15:33:17.872357 INFO::Fitting model to feature number 586, UBA3282 sp009774585
2026-01-11 15:33:17.877106 INFO::Fitting model to feature number 587, UBA3282 sp910576815
2026-01-11 15:33:17.881608 INFO::Fitting model to feature number 588, UBA3282 sp910575775
2026-01-11 15:33:17.886889 INFO::Fitting model to feature number 589, UBA3282 sp003611805
2026-01-11 15:33:17.891358 INFO::Fitting model to feature number 590, UBA3282 sp910579285
2026-01-11 15:33:17.895822 INFO::Fitting model to feature number 591, UBA3282 sp910579505
2026-01-11 15:33:17.900758 INFO::Fitting model to feature number 592, MGYG000328328
2026-01-11 15:33:17.905298 INFO::Fitting model to feature number 593, MGYG000325448
2026-01-11 15:33:17.909682 INFO::Fitting model to feature number 594, MGYG000328360
2026-01-11 15:33:17.91501 INFO::Fitting model to feature number 595, MGYG000323430
2026-01-11 15:33:17.921489 INFO::Fitting model to feature number 596, UBA3282 sp003612405
2026-01-11 15:33:17.926736 INFO::Fitting model to feature number 597, UBA3282 sp009774215
2026-01-11 15:33:17.932032 INFO::Fitting model to feature number 598, MGYG000324289
2026-01-11 15:33:17.939482 INFO::Fitting model to feature number 599, Paralachnospira sp910588815
2026-01-11 15:33:17.946241 INFO::Fitting model to feature number 600, Paralachnospira sp022800815
2026-01-11 15:33:17.951845 INFO::Fitting model to feature number 601, Paralachnospira sp910587905
2026-01-11 15:33:17.958247 INFO::Fitting model to feature number 602, COE1 sp002490665
2026-01-11 15:33:17.96473 INFO::Fitting model to feature number 603, COE1 sp009774395
2026-01-11 15:33:17.970558 INFO::Fitting model to feature number 604, COE1 sp000403335
2026-01-11 15:33:17.975262 INFO::Fitting model to feature number 605, MGYG000410938
2026-01-11 15:33:17.982123 INFO::Fitting model to feature number 606, MGYG000325626
2026-01-11 15:33:17.989366 INFO::Fitting model to feature number 607, COE1 sp002358575
2026-01-11 15:33:17.994972 INFO::Fitting model to feature number 608, MGYG000325712
2026-01-11 15:33:18.002853 INFO::Fitting model to feature number 609, COE1 sp910586585
2026-01-11 15:33:18.008101 INFO::Fitting model to feature number 610, COE1 sp910586715
2026-01-11 15:33:18.015777 INFO::Fitting model to feature number 611, COE1 sp910579275
2026-01-11 15:33:18.023879 INFO::Fitting model to feature number 612, CAG-95 sp910585005
2026-01-11 15:33:18.030979 INFO::Fitting model to feature number 613, CAG-95 sp009917455
2026-01-11 15:33:18.037772 INFO::Fitting model to feature number 614, CAG-95 sp910579685
2026-01-11 15:33:18.043558 INFO::Fitting model to feature number 615, CAG-95 sp910579425
2026-01-11 15:33:18.051787 INFO::Fitting model to feature number 616, CAG-95 sp910579495
2026-01-11 15:33:18.06057 INFO::Fitting model to feature number 617, CAG-95 sp003612395
2026-01-11 15:33:18.068856 INFO::Fitting model to feature number 618, CAG-95 sp910586025
2026-01-11 15:33:18.07658 INFO::Fitting model to feature number 619, CAG-95 sp910577275
2026-01-11 15:33:18.083769 INFO::Fitting model to feature number 620, CAG-95 sp009911035
2026-01-11 15:33:18.117274 INFO::Fitting model to feature number 621, CAG-95 sp910585075
2026-01-11 15:33:18.12601 INFO::Fitting model to feature number 622, MGYG000410775
2026-01-11 15:33:18.134075 INFO::Fitting model to feature number 623, MGYG000325648
2026-01-11 15:33:18.143068 INFO::Fitting model to feature number 624, CAG-95 sp011959285
2026-01-11 15:33:18.151003 INFO::Fitting model to feature number 625, UBA7109 sp910576335
2026-01-11 15:33:18.159296 INFO::Fitting model to feature number 626, UBA7109 sp910575605
2026-01-11 15:33:18.166647 INFO::Fitting model to feature number 627, MGYG000323043
2026-01-11 15:33:18.175678 INFO::Fitting model to feature number 628, MGYG000405682
2026-01-11 15:33:18.183176 INFO::Fitting model to feature number 629, MGYG000368546
2026-01-11 15:33:18.189392 INFO::Fitting model to feature number 630, Ventrimonas sp910575255
2026-01-11 15:33:18.195608 INFO::Fitting model to feature number 631, Ventrimonas sp910577765
2026-01-11 15:33:18.201474 INFO::Fitting model to feature number 632, Ventrimonas sp910586255
2026-01-11 15:33:18.206711 INFO::Fitting model to feature number 633, Ventrimonas sp003611875
2026-01-11 15:33:18.21174 INFO::Fitting model to feature number 634, Ventrimonas sp009911065
2026-01-11 15:33:18.217589 INFO::Fitting model to feature number 635, MGYG000410706
2026-01-11 15:33:18.223051 INFO::Fitting model to feature number 636, MGYG000327273
2026-01-11 15:33:18.228237 INFO::Fitting model to feature number 637, Ventrimonas sp910577655
2026-01-11 15:33:18.234977 INFO::Fitting model to feature number 638, Ventrimonas sp022799175
2026-01-11 15:33:18.24191 INFO::Fitting model to feature number 639, MGYG000324149
2026-01-11 15:33:18.247964 INFO::Fitting model to feature number 640, UBA3402 sp910574345
2026-01-11 15:33:18.256358 INFO::Fitting model to feature number 641, UBA3402 sp910575585
2026-01-11 15:33:18.263636 INFO::Fitting model to feature number 642, MGYG000410803
2026-01-11 15:33:18.27109 INFO::Fitting model to feature number 643, UBA3402 sp910588325
2026-01-11 15:33:18.277486 INFO::Fitting model to feature number 644, UBA3402 sp022798105
2026-01-11 15:33:18.282971 INFO::Fitting model to feature number 645, UBA3402 sp022795805
2026-01-11 15:33:18.291056 INFO::Fitting model to feature number 646, UBA3402 sp002358555
2026-01-11 15:33:18.298793 INFO::Fitting model to feature number 647, UBA3402 sp910588865
2026-01-11 15:33:18.306467 INFO::Fitting model to feature number 648, UBA3402 sp022796015
2026-01-11 15:33:18.313238 INFO::Fitting model to feature number 649, UBA3402 sp910586845
2026-01-11 15:33:18.321338 INFO::Fitting model to feature number 650, UBA3402 sp910585435
2026-01-11 15:33:18.328655 INFO::Fitting model to feature number 651, UBA3402 sp910577935
2026-01-11 15:33:18.336159 INFO::Fitting model to feature number 652, UBA3402 sp910585645
2026-01-11 15:33:18.344039 INFO::Fitting model to feature number 653, UBA3402 sp021769025
2026-01-11 15:33:18.351848 INFO::Fitting model to feature number 654, 1XD42-69 sp011959925
2026-01-11 15:33:18.359769 INFO::Fitting model to feature number 655, 1XD42-69 sp009911505
2026-01-11 15:33:18.367108 INFO::Fitting model to feature number 656, 1XD42-69 sp022794015
2026-01-11 15:33:18.374359 INFO::Fitting model to feature number 657, 1XD42-69 sp910588565
2026-01-11 15:33:18.381112 INFO::Fitting model to feature number 658, 1XD42-69 sp910577065
2026-01-11 15:33:18.388182 INFO::Fitting model to feature number 659, 1XD42-69 sp910586645
2026-01-11 15:33:18.39361 INFO::Fitting model to feature number 660, Merdisoma sp009917555
2026-01-11 15:33:18.398818 INFO::Fitting model to feature number 661, Merdisoma sp910574255
2026-01-11 15:33:18.40509 INFO::Fitting model to feature number 662, Merdisoma sp011959465
2026-01-11 15:33:18.41162 INFO::Fitting model to feature number 663, Merdisoma sp910574835
2026-01-11 15:33:18.419315 INFO::Fitting model to feature number 664, Merdisoma sp910574475
2026-01-11 15:33:18.426827 INFO::Fitting model to feature number 665, MGYG000330323
2026-01-11 15:33:18.434536 INFO::Fitting model to feature number 666, Merdisoma sp022791635
2026-01-11 15:33:18.442053 INFO::Fitting model to feature number 667, Kineothrix sp011958945
2026-01-11 15:33:18.449341 INFO::Fitting model to feature number 668, Kineothrix sp910579935
2026-01-11 15:33:18.456974 INFO::Fitting model to feature number 669, Kineothrix sp910576535
2026-01-11 15:33:18.46454 INFO::Fitting model to feature number 670, MGYG000327499
2026-01-11 15:33:18.47238 INFO::Fitting model to feature number 671, Kineothrix sp000403275
2026-01-11 15:33:18.479928 INFO::Fitting model to feature number 672, Kineothrix sp910588855
2026-01-11 15:33:18.487717 INFO::Fitting model to feature number 673, Kineothrix sp910587275
2026-01-11 15:33:18.495707 INFO::Fitting model to feature number 674, MGYG000326008
2026-01-11 15:33:18.504049 INFO::Fitting model to feature number 675, Kineothrix sp910585965
2026-01-11 15:33:18.511675 INFO::Fitting model to feature number 676, Kineothrix sp009911195
2026-01-11 15:33:18.519897 INFO::Fitting model to feature number 677, RGIG4057 sp910587085
2026-01-11 15:33:18.526825 INFO::Fitting model to feature number 678, RGIG4057 sp910579615
2026-01-11 15:33:18.5347 INFO::Fitting model to feature number 679, UMGS1370 sp910577645
2026-01-11 15:33:18.542426 INFO::Fitting model to feature number 680, UMGS1370 sp910586755
2026-01-11 15:33:18.550111 INFO::Fitting model to feature number 681, UBA2882 sp910574745
2026-01-11 15:33:18.558134 INFO::Fitting model to feature number 682, Eubacterium_J sp910574915
2026-01-11 15:33:18.564538 INFO::Fitting model to feature number 683, Eubacterium_J sp910579075
2026-01-11 15:33:18.571695 INFO::Fitting model to feature number 684, Eubacterium_J sp910580075
2026-01-11 15:33:18.578083 INFO::Fitting model to feature number 685, Eubacterium_J sp910584595
2026-01-11 15:33:18.583097 INFO::Fitting model to feature number 686, MGYG000330231
2026-01-11 15:33:18.588897 INFO::Fitting model to feature number 687, MGYG000327453
2026-01-11 15:33:18.593921 INFO::Fitting model to feature number 688, Butyribacter sp910575435
2026-01-11 15:33:18.599095 INFO::Fitting model to feature number 689, Butyribacter sp910585905
2026-01-11 15:33:18.605386 INFO::Fitting model to feature number 690, MGYG000330019
2026-01-11 15:33:18.610623 INFO::Fitting model to feature number 691, Butyribacter sp009774235
2026-01-11 15:33:18.616243 INFO::Fitting model to feature number 692, VSOB01 sp009774625
2026-01-11 15:33:18.622621 INFO::Fitting model to feature number 693, VSOB01 sp910587155
2026-01-11 15:33:18.628367 INFO::Fitting model to feature number 694, VSOB01 sp910587635
2026-01-11 15:33:18.635204 INFO::Fitting model to feature number 695, Copromonas sp009917545
2026-01-11 15:33:18.643271 INFO::Fitting model to feature number 696, Copromonas sp910575275
2026-01-11 15:33:18.651239 INFO::Fitting model to feature number 697, Copromonas sp022792295
2026-01-11 15:33:18.659047 INFO::Fitting model to feature number 698, Copromonas sp910586315
2026-01-11 15:33:18.666406 INFO::Fitting model to feature number 699, Bariatricus sp022793995
2026-01-11 15:33:18.672961 INFO::Fitting model to feature number 700, Clostridium_Q sp910575795
2026-01-11 15:33:18.681194 INFO::Fitting model to feature number 701, RGIG4284 sp910576205
2026-01-11 15:33:18.688884 INFO::Fitting model to feature number 702, RGIG4284 sp022796795
2026-01-11 15:33:18.694605 INFO::Fitting model to feature number 703, RGIG7193 sp022793375
2026-01-11 15:33:18.700082 INFO::Fitting model to feature number 704, RGIG7193 sp022791755
2026-01-11 15:33:18.706568 INFO::Fitting model to feature number 705, Roseburia sp910587865
2026-01-11 15:33:18.711947 INFO::Fitting model to feature number 706, Roseburia sp910584215
2026-01-11 15:33:18.719116 INFO::Fitting model to feature number 707, MGYG000329248
2026-01-11 15:33:18.724952 INFO::Fitting model to feature number 708, Lachnospira sp910589305
2026-01-11 15:33:18.731535 INFO::Fitting model to feature number 709, Eubacterium_G sp910584795
2026-01-11 15:33:18.739111 INFO::Fitting model to feature number 710, Eubacterium_G sp910574895
2026-01-11 15:33:18.74632 INFO::Fitting model to feature number 711, Paralachnospira_A sp910588405
2026-01-11 15:33:18.754894 INFO::Fitting model to feature number 712, Paralachnospira_A sp910579325
2026-01-11 15:33:18.762547 INFO::Fitting model to feature number 713, CAG-317 sp910578495
2026-01-11 15:33:18.771057 INFO::Fitting model to feature number 714, CAG-317 sp011960265
2026-01-11 15:33:18.778144 INFO::Fitting model to feature number 715, JAAWJJ01 sp022796875
2026-01-11 15:33:18.784481 INFO::Fitting model to feature number 716, Blautia_A sp900551075
2026-01-11 15:33:18.791936 INFO::Fitting model to feature number 717, Blautia_A massiliensis
2026-01-11 15:33:18.799221 INFO::Fitting model to feature number 718, CAG-56 sp004793585
2026-01-11 15:33:18.806803 INFO::Fitting model to feature number 719, Enterocloster aldenensis
2026-01-11 15:33:18.814063 INFO::Fitting model to feature number 720, Enterocloster clostridioformis
2026-01-11 15:33:18.821692 INFO::Fitting model to feature number 721, Choladousia sp003612585
2026-01-11 15:33:18.828315 INFO::Fitting model to feature number 722, CAG-510 sp910577105
2026-01-11 15:33:18.833443 INFO::Fitting model to feature number 723, MGYG000325650
2026-01-11 15:33:18.839443 INFO::Fitting model to feature number 724, CAG-590 sp910585605
2026-01-11 15:33:18.844888 INFO::Fitting model to feature number 725, Blautia pseudococcoides
2026-01-11 15:33:18.853166 INFO::Fitting model to feature number 726, Eisenbergiella sp910585455
2026-01-11 15:33:18.860344 INFO::Fitting model to feature number 727, MGYG000392808
2026-01-11 15:33:18.867589 INFO::Fitting model to feature number 728, W0P33-017 sp910589045
2026-01-11 15:33:18.874693 INFO::Fitting model to feature number 729, SIG307 sp910579465
2026-01-11 15:33:18.880671 INFO::Fitting model to feature number 730, MGYG000326869
2026-01-11 15:33:18.887379 INFO::Fitting model to feature number 731, CAG-603 sp910583605
2026-01-11 15:33:18.892775 INFO::Fitting model to feature number 732, Marvinbryantia sp900550755
2026-01-11 15:33:18.900868 INFO::Fitting model to feature number 733, RGIG8607 sp910577045
2026-01-11 15:33:18.909485 INFO::Fitting model to feature number 734, MGYG000326584
2026-01-11 15:33:18.917603 INFO::Fitting model to feature number 735, MGBC114844 sp910585255
2026-01-11 15:33:18.925761 INFO::Fitting model to feature number 736, MGYG000325493
2026-01-11 15:33:18.933279 INFO::Fitting model to feature number 737, MGYG000329929
2026-01-11 15:33:18.941168 INFO::Fitting model to feature number 738, UBA2821 sp014799465
2026-01-11 15:33:18.946535 INFO::Fitting model to feature number 739, MGBC100174 sp910576895
2026-01-11 15:33:18.952634 INFO::Fitting model to feature number 740, Muricomes contortus_B
2026-01-11 15:33:18.958081 INFO::Fitting model to feature number 741, Extibacter muris
2026-01-11 15:33:18.965077 INFO::Fitting model to feature number 742, Anaerotignum sp910576545
2026-01-11 15:33:18.974057 INFO::Fitting model to feature number 743, Anaerotignum sp910578425
2026-01-11 15:33:18.980481 INFO::Fitting model to feature number 744, Coprocola sp910575055
2026-01-11 15:33:18.987766 INFO::Fitting model to feature number 745, Enterenecus sp910588495
2026-01-11 15:33:18.994821 INFO::Fitting model to feature number 746, Enterenecus sp910587285
2026-01-11 15:33:19.002128 INFO::Fitting model to feature number 747, MGYG000327450
2026-01-11 15:33:19.009297 INFO::Fitting model to feature number 748, Enterenecus sp910588625
2026-01-11 15:33:19.014349 INFO::Fitting model to feature number 749, Enterenecus sp910575695
2026-01-11 15:33:19.020065 INFO::Fitting model to feature number 750, MGYG000326888
2026-01-11 15:33:19.025273 INFO::Fitting model to feature number 751, Enterenecus sp910585155
2026-01-11 15:33:19.03054 INFO::Fitting model to feature number 752, MGYG000331159
2026-01-11 15:33:19.036578 INFO::Fitting model to feature number 753, Enterenecus sp910579595
2026-01-11 15:33:19.04197 INFO::Fitting model to feature number 754, MGYG000410353
2026-01-11 15:33:19.047564 INFO::Fitting model to feature number 755, Enterenecus sp910577525
2026-01-11 15:33:19.05403 INFO::Fitting model to feature number 756, Enterenecus sp910587395
2026-01-11 15:33:19.059306 INFO::Fitting model to feature number 757, MGYG000328307
2026-01-11 15:33:19.064904 INFO::Fitting model to feature number 758, Enterenecus sp910587255
2026-01-11 15:33:19.072262 INFO::Fitting model to feature number 759, Enterenecus sp910588105
2026-01-11 15:33:19.079223 INFO::Fitting model to feature number 760, MGYG000410945
2026-01-11 15:33:19.087014 INFO::Fitting model to feature number 761, Enterenecus sp910579155
2026-01-11 15:33:19.115783 INFO::Fitting model to feature number 762, MGYG000322966
2026-01-11 15:33:19.123465 INFO::Fitting model to feature number 763, MGYG000410761
2026-01-11 15:33:19.129217 INFO::Fitting model to feature number 764, Enterenecus sp910587205
2026-01-11 15:33:19.135962 INFO::Fitting model to feature number 765, MGYG000410914
2026-01-11 15:33:19.143437 INFO::Fitting model to feature number 766, Enterenecus sp910584285
2026-01-11 15:33:19.152289 INFO::Fitting model to feature number 767, MGYG000327286
2026-01-11 15:33:19.159308 INFO::Fitting model to feature number 768, Enterenecus sp910585265
2026-01-11 15:33:19.165116 INFO::Fitting model to feature number 769, Enterenecus sp910584835
2026-01-11 15:33:19.171473 INFO::Fitting model to feature number 770, Enterenecus sp910588135
2026-01-11 15:33:19.177107 INFO::Fitting model to feature number 771, MGYG000329348
2026-01-11 15:33:19.182572 INFO::Fitting model to feature number 772, MGYG000325584
2026-01-11 15:33:19.188897 INFO::Fitting model to feature number 773, MGYG000410874
2026-01-11 15:33:19.194367 INFO::Fitting model to feature number 774, MGYG000360698
2026-01-11 15:33:19.19975 INFO::Fitting model to feature number 775, Lawsonibacter sp003612335
2026-01-11 15:33:19.20612 INFO::Fitting model to feature number 776, Lawsonibacter sp910585815
2026-01-11 15:33:19.212847 INFO::Fitting model to feature number 777, Lawsonibacter sp910584605
2026-01-11 15:33:19.220281 INFO::Fitting model to feature number 778, Lawsonibacter sp910575265
2026-01-11 15:33:19.227655 INFO::Fitting model to feature number 779, MGYG000432202
2026-01-11 15:33:19.233886 INFO::Fitting model to feature number 780, Lawsonibacter sp022799835
2026-01-11 15:33:19.242542 INFO::Fitting model to feature number 781, MGYG000433528
2026-01-11 15:33:19.250639 INFO::Fitting model to feature number 782, Lawsonibacter sp022794495
2026-01-11 15:33:19.256739 INFO::Fitting model to feature number 783, MGYG000410681
2026-01-11 15:33:19.262202 INFO::Fitting model to feature number 784, Lawsonibacter sp910578735
2026-01-11 15:33:19.268765 INFO::Fitting model to feature number 785, MGYG000325175
2026-01-11 15:33:19.274665 INFO::Fitting model to feature number 786, Lawsonibacter sp022801435
2026-01-11 15:33:19.280707 INFO::Fitting model to feature number 787, Lawsonibacter sp009911645
2026-01-11 15:33:19.288875 INFO::Fitting model to feature number 788, Lawsonibacter sp943192995
2026-01-11 15:33:19.295731 INFO::Fitting model to feature number 789, MGYG000329509
2026-01-11 15:33:19.303294 INFO::Fitting model to feature number 790, Lawsonibacter sp022798855
2026-01-11 15:33:19.310829 INFO::Fitting model to feature number 791, Lawsonibacter sp910588455
2026-01-11 15:33:19.31854 INFO::Fitting model to feature number 792, Lawsonibacter sp910589085
2026-01-11 15:33:19.326204 INFO::Fitting model to feature number 793, Lawsonibacter sp022793355
2026-01-11 15:33:19.331435 INFO::Fitting model to feature number 794, MGYG000328991
2026-01-11 15:33:19.337976 INFO::Fitting model to feature number 795, Lawsonibacter sp022795855
2026-01-11 15:33:19.343304 INFO::Fitting model to feature number 796, Lawsonibacter sp022791995
2026-01-11 15:33:19.349531 INFO::Fitting model to feature number 797, MGYG000323117
2026-01-11 15:33:19.355818 INFO::Fitting model to feature number 798, Lawsonibacter sp000492175
2026-01-11 15:33:19.361512 INFO::Fitting model to feature number 799, MGYG000324476
2026-01-11 15:33:19.367286 INFO::Fitting model to feature number 800, MGYG000411366
2026-01-11 15:33:19.373209 INFO::Fitting model to feature number 801, MGYG000345714
2026-01-11 15:33:19.378456 INFO::Fitting model to feature number 802, MGYG000329989
2026-01-11 15:33:19.384156 INFO::Fitting model to feature number 803, Lawsonibacter sp910577805
2026-01-11 15:33:19.390932 INFO::Fitting model to feature number 804, MGYG000410703
2026-01-11 15:33:19.396784 INFO::Fitting model to feature number 805, MGYG000329873
2026-01-11 15:33:19.402912 INFO::Fitting model to feature number 806, Lawsonibacter sp022796195
2026-01-11 15:33:19.40867 INFO::Fitting model to feature number 807, MGYG000411569
2026-01-11 15:33:19.414767 INFO::Fitting model to feature number 808, MGYG000327081
2026-01-11 15:33:19.421964 INFO::Fitting model to feature number 809, Dysosmobacter sp009774015
2026-01-11 15:33:19.428802 INFO::Fitting model to feature number 810, Dysosmobacter sp910583785
2026-01-11 15:33:19.434994 INFO::Fitting model to feature number 811, Dysosmobacter sp910575815
2026-01-11 15:33:19.44045 INFO::Fitting model to feature number 812, Dysosmobacter sp910579365
2026-01-11 15:33:19.446923 INFO::Fitting model to feature number 813, Dysosmobacter sp910587705
2026-01-11 15:33:19.453556 INFO::Fitting model to feature number 814, Dysosmobacter sp910586735
2026-01-11 15:33:19.458761 INFO::Fitting model to feature number 815, Dysosmobacter sp910585385
2026-01-11 15:33:19.464163 INFO::Fitting model to feature number 816, Dysosmobacter sp022791875
2026-01-11 15:33:19.470663 INFO::Fitting model to feature number 817, Dysosmobacter sp910583695
2026-01-11 15:33:19.476018 INFO::Fitting model to feature number 818, Dysosmobacter sp000403435
2026-01-11 15:33:19.481573 INFO::Fitting model to feature number 819, Dysosmobacter sp022791135
2026-01-11 15:33:19.487847 INFO::Fitting model to feature number 820, Dysosmobacter sp910588175
2026-01-11 15:33:19.494653 INFO::Fitting model to feature number 821, Dysosmobacter sp022795445
2026-01-11 15:33:19.501679 INFO::Fitting model to feature number 822, Dysosmobacter sp910575505
2026-01-11 15:33:19.508394 INFO::Fitting model to feature number 823, Dysosmobacter sp009773995
2026-01-11 15:33:19.513715 INFO::Fitting model to feature number 824, Dysosmobacter sp022801815
2026-01-11 15:33:19.519951 INFO::Fitting model to feature number 825, Dysosmobacter sp910577405
2026-01-11 15:33:19.525898 INFO::Fitting model to feature number 826, Dysosmobacter sp910578935
2026-01-11 15:33:19.532517 INFO::Fitting model to feature number 827, Dysosmobacter sp910576865
2026-01-11 15:33:19.539746 INFO::Fitting model to feature number 828, MGYG000330291
2026-01-11 15:33:19.547313 INFO::Fitting model to feature number 829, MGYG000409008
2026-01-11 15:33:19.555447 INFO::Fitting model to feature number 830, Dysosmobacter sp910589315
2026-01-11 15:33:19.56374 INFO::Fitting model to feature number 831, Dysosmobacter sp910587525
2026-01-11 15:33:19.571147 INFO::Fitting model to feature number 832, Dysosmobacter sp910587875
2026-01-11 15:33:19.576886 INFO::Fitting model to feature number 833, Dysosmobacter sp910584995
2026-01-11 15:33:19.585121 INFO::Fitting model to feature number 834, Dysosmobacter sp910579435
2026-01-11 15:33:19.593384 INFO::Fitting model to feature number 835, MGYG000411389
2026-01-11 15:33:19.601863 INFO::Fitting model to feature number 836, MGYG000325877
2026-01-11 15:33:19.610762 INFO::Fitting model to feature number 837, Dysosmobacter sp910584075
2026-01-11 15:33:19.618236 INFO::Fitting model to feature number 838, Dysosmobacter sp910585245
2026-01-11 15:33:19.625917 INFO::Fitting model to feature number 839, MGYG000373829
2026-01-11 15:33:19.633237 INFO::Fitting model to feature number 840, Dysosmobacter sp910584465
2026-01-11 15:33:19.6407 INFO::Fitting model to feature number 841, MGYG000330443
2026-01-11 15:33:19.64929 INFO::Fitting model to feature number 842, MGYG000326793
2026-01-11 15:33:19.657619 INFO::Fitting model to feature number 843, Dysosmobacter sp910576845
2026-01-11 15:33:19.665922 INFO::Fitting model to feature number 844, MGYG000329180
2026-01-11 15:33:19.674792 INFO::Fitting model to feature number 845, Pelethomonas sp910578505
2026-01-11 15:33:19.68049 INFO::Fitting model to feature number 846, Pelethomonas sp910579965
2026-01-11 15:33:19.687334 INFO::Fitting model to feature number 847, Pelethomonas sp910579485
2026-01-11 15:33:19.693722 INFO::Fitting model to feature number 848, Pelethomonas sp910587785
2026-01-11 15:33:19.698807 INFO::Fitting model to feature number 849, Pelethomonas sp022800665
2026-01-11 15:33:19.704953 INFO::Fitting model to feature number 850, Pelethomonas sp009774055
2026-01-11 15:33:19.710053 INFO::Fitting model to feature number 851, Pelethomonas sp022804995
2026-01-11 15:33:19.715786 INFO::Fitting model to feature number 852, Pelethomonas sp014237695
2026-01-11 15:33:19.723586 INFO::Fitting model to feature number 853, Pelethomonas sp022795905
2026-01-11 15:33:19.730985 INFO::Fitting model to feature number 854, MGYG000326866
2026-01-11 15:33:19.73863 INFO::Fitting model to feature number 855, Pelethomonas sp910583885
2026-01-11 15:33:19.747036 INFO::Fitting model to feature number 856, Pelethomonas sp910588365
2026-01-11 15:33:19.755031 INFO::Fitting model to feature number 857, MGYG000410776
2026-01-11 15:33:19.760899 INFO::Fitting model to feature number 858, Pelethomonas sp910587645
2026-01-11 15:33:19.769622 INFO::Fitting model to feature number 859, Pelethomonas sp022800525
2026-01-11 15:33:19.778424 INFO::Fitting model to feature number 860, Pelethomonas sp910588045
2026-01-11 15:33:19.785177 INFO::Fitting model to feature number 861, MGYG000325557
2026-01-11 15:33:19.791191 INFO::Fitting model to feature number 862, Pelethomonas sp910579725
2026-01-11 15:33:19.796902 INFO::Fitting model to feature number 863, Pelethomonas sp910577915
2026-01-11 15:33:19.803507 INFO::Fitting model to feature number 864, Pelethomonas sp910587505
2026-01-11 15:33:19.811497 INFO::Fitting model to feature number 865, MGYG000325617
2026-01-11 15:33:19.819143 INFO::Fitting model to feature number 866, Evtepia sp910584805
2026-01-11 15:33:19.825378 INFO::Fitting model to feature number 867, Evtepia sp022792035
2026-01-11 15:33:19.832628 INFO::Fitting model to feature number 868, Evtepia sp910578575
2026-01-11 15:33:19.841148 INFO::Fitting model to feature number 869, Marseille-P3106 sp022799035
2026-01-11 15:33:19.848946 INFO::Fitting model to feature number 870, Marseille-P3106 sp910587345
2026-01-11 15:33:19.857359 INFO::Fitting model to feature number 871, Marseille-P3106 sp910588975
2026-01-11 15:33:19.864965 INFO::Fitting model to feature number 872, MGYG000410458
2026-01-11 15:33:19.873346 INFO::Fitting model to feature number 873, Marseille-P3106 sp910585735
2026-01-11 15:33:19.881346 INFO::Fitting model to feature number 874, Marseille-P3106 sp022792495
2026-01-11 15:33:19.889577 INFO::Fitting model to feature number 875, Marseille-P3106 sp022794215
2026-01-11 15:33:19.897225 INFO::Fitting model to feature number 876, Marseille-P3106 sp022800215
2026-01-11 15:33:19.905149 INFO::Fitting model to feature number 877, MGYG000326975
2026-01-11 15:33:19.911078 INFO::Fitting model to feature number 878, NSJ-51 sp910585415
2026-01-11 15:33:19.91618 INFO::Fitting model to feature number 879, MGYG000326314
2026-01-11 15:33:19.922138 INFO::Fitting model to feature number 880, MGYG000325278
2026-01-11 15:33:19.928014 INFO::Fitting model to feature number 881, CAJFPI01 sp022801715
2026-01-11 15:33:19.934811 INFO::Fitting model to feature number 882, MGYG000327336
2026-01-11 15:33:19.940578 INFO::Fitting model to feature number 883, MGYG000328896
2026-01-11 15:33:19.945911 INFO::Fitting model to feature number 884, MGYG000329428
2026-01-11 15:33:19.951832 INFO::Fitting model to feature number 885, MGYG000329835
2026-01-11 15:33:19.95734 INFO::Fitting model to feature number 886, MGYG000410456
2026-01-11 15:33:19.962611 INFO::Fitting model to feature number 887, CAKUEI01 sp022793685
2026-01-11 15:33:19.968405 INFO::Fitting model to feature number 888, Avoscillospira_A sp022792945
2026-01-11 15:33:19.974152 INFO::Fitting model to feature number 889, JAAWCD01 sp022793095
2026-01-11 15:33:19.980292 INFO::Fitting model to feature number 890, Acutalibacter sp910588935
2026-01-11 15:33:19.985923 INFO::Fitting model to feature number 891, Acutalibacter sp009936035
2026-01-11 15:33:19.990863 INFO::Fitting model to feature number 892, Acutalibacter sp910589395
2026-01-11 15:33:19.995714 INFO::Fitting model to feature number 893, Acutalibacter sp910574935
2026-01-11 15:33:20.000467 INFO::Fitting model to feature number 894, Acutalibacter sp009917445
2026-01-11 15:33:20.00615 INFO::Fitting model to feature number 895, Acutalibacter muris
2026-01-11 15:33:20.011029 INFO::Fitting model to feature number 896, Acutalibacter sp910587835
2026-01-11 15:33:20.015929 INFO::Fitting model to feature number 897, MGYG000406378
2026-01-11 15:33:20.021654 INFO::Fitting model to feature number 898, Acutalibacter sp009917525
2026-01-11 15:33:20.026458 INFO::Fitting model to feature number 899, MGYG000328916
2026-01-11 15:33:20.031528 INFO::Fitting model to feature number 900, Acutalibacter sp910574995
2026-01-11 15:33:20.037669 INFO::Fitting model to feature number 901, Acutalibacter sp910580045
2026-01-11 15:33:20.064668 INFO::Fitting model to feature number 902, Acutalibacter sp003612555
2026-01-11 15:33:20.071507 INFO::Fitting model to feature number 903, Acutalibacter sp910587995
2026-01-11 15:33:20.076733 INFO::Fitting model to feature number 904, Acutalibacter sp910588415
2026-01-11 15:33:20.084476 INFO::Fitting model to feature number 905, Acutalibacter sp910584745
2026-01-11 15:33:20.091711 INFO::Fitting model to feature number 906, MGYG000330157
2026-01-11 15:33:20.097081 INFO::Fitting model to feature number 907, MGYG000331301
2026-01-11 15:33:20.103337 INFO::Fitting model to feature number 908, MGYG000410931
2026-01-11 15:33:20.108539 INFO::Fitting model to feature number 909, MGYG000328573
2026-01-11 15:33:20.115906 INFO::Fitting model to feature number 910, Acutalibacter stercorigallinarum
2026-01-11 15:33:20.123771 INFO::Fitting model to feature number 911, Eubacterium_R sp011958665
2026-01-11 15:33:20.131444 INFO::Fitting model to feature number 912, MGYG000337810
2026-01-11 15:33:20.139188 INFO::Fitting model to feature number 913, MGYG000379997
2026-01-11 15:33:20.146894 INFO::Fitting model to feature number 914, MGYG000351739
2026-01-11 15:33:20.155313 INFO::Fitting model to feature number 915, MGYG000410251
2026-01-11 15:33:20.162363 INFO::Fitting model to feature number 916, MGYG000373138
2026-01-11 15:33:20.168868 INFO::Fitting model to feature number 917, MGYG000327182
2026-01-11 15:33:20.175989 INFO::Fitting model to feature number 918, Ruthenibacterium sp013316265
2026-01-11 15:33:20.182955 INFO::Fitting model to feature number 919, Ruminococcus sp910584195
2026-01-11 15:33:20.190677 INFO::Fitting model to feature number 920, Angelakisella sp910585525
2026-01-11 15:33:20.199063 INFO::Fitting model to feature number 921, Angelakisella sp022795575
2026-01-11 15:33:20.206626 INFO::Fitting model to feature number 922, Angelakisella sp910585535
2026-01-11 15:33:20.214288 INFO::Fitting model to feature number 923, Angelakisella sp013316495
2026-01-11 15:33:20.222695 INFO::Fitting model to feature number 924, Ruminiclostridium_E sp910588335
2026-01-11 15:33:20.231538 INFO::Fitting model to feature number 925, MGYG000410125
2026-01-11 15:33:20.238379 INFO::Fitting model to feature number 926, Ruminiclostridium_E sp910585505
2026-01-11 15:33:20.245979 INFO::Fitting model to feature number 927, UBA1405 sp022800935
2026-01-11 15:33:20.254745 INFO::Fitting model to feature number 928, MGYG000331296
2026-01-11 15:33:20.262789 INFO::Fitting model to feature number 929, MGYG000410015
2026-01-11 15:33:20.271363 INFO::Fitting model to feature number 930, UBA1394 sp910588145
2026-01-11 15:33:20.280648 INFO::Fitting model to feature number 931, Anaerotruncus sp000403395
2026-01-11 15:33:20.289794 INFO::Fitting model to feature number 932, Anaerotruncus sp003612625
2026-01-11 15:33:20.298928 INFO::Fitting model to feature number 933, Anaerotruncus colihominis_A
2026-01-11 15:33:20.307347 INFO::Fitting model to feature number 934, Anaerotruncus sp910586875
2026-01-11 15:33:20.315884 INFO::Fitting model to feature number 935, MGYG000410574
2026-01-11 15:33:20.325004 INFO::Fitting model to feature number 936, UBA3818 sp910583935
2026-01-11 15:33:20.32923 WARNING::Fitting problem for feature 936 returning NA
2026-01-11 15:33:20.331435 INFO::Fitting model to feature number 937, JAAVYW01 sp022791315
2026-01-11 15:33:20.339529 INFO::Fitting model to feature number 938, Faecivivens sp022793675
2026-01-11 15:33:20.347876 INFO::Fitting model to feature number 939, RGIG8773 sp910584715
2026-01-11 15:33:20.356179 INFO::Fitting model to feature number 940, QXXE01 sp009911355
2026-01-11 15:33:20.363726 INFO::Fitting model to feature number 941, QXXE01 sp910586575
2026-01-11 15:33:20.37159 INFO::Fitting model to feature number 942, MGYG000327912
2026-01-11 15:33:20.37857 INFO::Fitting model to feature number 943, Butyricicoccus sp910584935
2026-01-11 15:33:20.385616 INFO::Fitting model to feature number 944, Pseudobutyricicoccus sp910579575
2026-01-11 15:33:20.392154 INFO::Fitting model to feature number 945, MGYG000349368
2026-01-11 15:33:20.39763 INFO::Fitting model to feature number 946, Avispirillum sp011957885
2026-01-11 15:33:20.403751 INFO::Fitting model to feature number 947, MGYG000401352
2026-01-11 15:33:20.409372 INFO::Fitting model to feature number 948, Zhenpiania sp009911365
2026-01-11 15:33:20.415853 INFO::Fitting model to feature number 949, Zhenpiania sp910575405
2026-01-11 15:33:20.423795 INFO::Fitting model to feature number 950, Emergencia sp009936045
2026-01-11 15:33:20.430533 INFO::Fitting model to feature number 951, JAAVYD01 sp022790955
2026-01-11 15:33:20.436253 INFO::Fitting model to feature number 952, Fimisoma sp910588185
2026-01-11 15:33:20.441713 INFO::Fitting model to feature number 953, MGYG000410140
2026-01-11 15:33:20.447216 INFO::Fitting model to feature number 954, MGYG000323026
2026-01-11 15:33:20.453238 INFO::Fitting model to feature number 955, Coproplasma sp910579525
2026-01-11 15:33:20.458568 INFO::Fitting model to feature number 956, Coproplasma sp003979335
2026-01-11 15:33:20.463887 INFO::Fitting model to feature number 957, Coproplasma sp013316055
2026-01-11 15:33:20.46988 INFO::Fitting model to feature number 958, Coproplasma sp910577375
2026-01-11 15:33:20.475289 INFO::Fitting model to feature number 959, Coproplasma sp910586065
2026-01-11 15:33:20.480892 INFO::Fitting model to feature number 960, MGYG000328913
2026-01-11 15:33:20.48813 INFO::Fitting model to feature number 961, Coproplasma stercorigallinarum
2026-01-11 15:33:20.495135 INFO::Fitting model to feature number 962, MGBC120929 sp910583735
2026-01-11 15:33:20.501996 INFO::Fitting model to feature number 963, RACS-045 sp910579785
2026-01-11 15:33:20.508812 INFO::Fitting model to feature number 964, QANA01 sp910588425
2026-01-11 15:33:20.514242 INFO::Fitting model to feature number 965, MGYG000324257
2026-01-11 15:33:20.520327 INFO::Fitting model to feature number 966, HGM11386 sp022791055
2026-01-11 15:33:20.525916 INFO::Fitting model to feature number 967, RACS-047 sp013316045
2026-01-11 15:33:20.528719 WARNING::Fitting problem for feature 967 returning NA
2026-01-11 15:33:20.53161 INFO::Fitting model to feature number 968, CAG-475 sp910577815
2026-01-11 15:33:20.538501 INFO::Fitting model to feature number 969, MGYG000328446
2026-01-11 15:33:20.541341 WARNING::Fitting problem for feature 969 returning NA
2026-01-11 15:33:20.543439 INFO::Fitting model to feature number 970, Caccovivens sp910587225
2026-01-11 15:33:20.548725 INFO::Fitting model to feature number 971, CAG-41 sp910578235
2026-01-11 15:33:20.551565 WARNING::Fitting problem for feature 971 returning NA
2026-01-11 15:33:20.554806 INFO::Fitting model to feature number 972, MGYG000410260
2026-01-11 15:33:20.562583 INFO::Fitting model to feature number 973, MGYG000335786
2026-01-11 15:33:20.569519 INFO::Fitting model to feature number 974, MGYG000349464
2026-01-11 15:33:20.576295 INFO::Fitting model to feature number 975, CAG-269 sp022792395
2026-01-11 15:33:20.581785 INFO::Fitting model to feature number 976, MGYG000328872
2026-01-11 15:33:20.584579 WARNING::Fitting problem for feature 976 returning NA
2026-01-11 15:33:20.587635 INFO::Fitting model to feature number 977, MGYG000327552
2026-01-11 15:33:20.594208 INFO::Fitting model to feature number 978, RGIG8482 sp022796855
2026-01-11 15:33:20.600267 INFO::Fitting model to feature number 979, JAAWPK01 sp022791735
2026-01-11 15:33:20.606612 INFO::Fitting model to feature number 980, MGYG000375192
2026-01-11 15:33:20.612118 INFO::Fitting model to feature number 981, MGYG000323824
2026-01-11 15:33:20.616105 WARNING::Fitting problem for feature 981 returning NA
2026-01-11 15:33:20.618441 INFO::Fitting model to feature number 982, Akkermansia muciniphila_B
2026-01-11 15:33:20.624122 INFO::Fitting model to feature number 983, Akkermansia sp001580195
2026-01-11 15:33:20.631551 INFO::Fitting model to feature number 984, Parasutterella sp009767915
2026-01-11 15:33:20.640441 INFO::Fitting model to feature number 985, Turicimonas muris
2026-01-11 15:33:20.649151 INFO::Fitting model to feature number 986, MGYG000326933
2026-01-11 15:33:20.658158 INFO::Fitting model to feature number 987, Enterobacter hormaechei_A
2026-01-11 15:33:20.667073 INFO::Fitting model to feature number 988, Methylobacterium persicinum
2026-01-11 15:33:20.675828 INFO::Fitting model to feature number 989, MGYG000329730
2026-01-11 15:33:20.68485 INFO::Fitting model to feature number 990, MGYG000360301
2026-01-11 15:33:20.691938 INFO::Fitting model to feature number 991, Enterousia sp013316395
2026-01-11 15:33:20.699189 INFO::Fitting model to feature number 992, MGYG000410936
2026-01-11 15:33:20.705609 INFO::Fitting model to feature number 993, Scatocola sp910577205
2026-01-11 15:33:20.710716 INFO::Fitting model to feature number 994, MGYG000327352
2026-01-11 15:33:20.716988 INFO::Fitting model to feature number 995, MGBC118957 sp910584385
2026-01-11 15:33:20.723439 INFO::Fitting model to feature number 996, MGYG000391024
2026-01-11 15:33:20.729287 INFO::Fitting model to feature number 997, MGYG000323059
2026-01-11 15:33:20.735957 INFO::Fitting model to feature number 998, MGYG000328709
2026-01-11 15:33:20.742638 INFO::Fitting model to feature number 999, MGYG000411523
2026-01-11 15:33:20.747918 INFO::Fitting model to feature number 1000, MGYG000331169
2026-01-11 15:33:20.754044 INFO::Fitting model to feature number 1001, Nanosyncoccus sp003979185
2026-01-11 15:33:20.759101 INFO::Fitting model to feature number 1002, MGYG000344322
2026-01-11 15:33:20.764287 INFO::Fitting model to feature number 1003, Nanosyncoccus sp013316435
2026-01-11 15:33:20.771271 INFO::Fitting model to feature number 1004, MGYG000348936
2026-01-11 15:33:20.776666 INFO::Fitting model to feature number 1005, MGYG000341210
2026-01-11 15:33:20.783132 INFO::Fitting model to feature number 1006, MGYG000331839
2026-01-11 15:33:20.789277 INFO::Fitting model to feature number 1007, MGYG000328091
2026-01-11 15:33:20.794615 INFO::Fitting model to feature number 1008, Avidehalobacter sp022797295
2026-01-11 15:33:20.799839 INFO::Fitting model to feature number 1009, Avidehalobacter sp021771915
2026-01-11 15:33:20.805846 INFO::Fitting model to feature number 1010, MGYG000410378
2026-01-11 15:33:20.811232 INFO::Fitting model to feature number 1011, MGYG000411020
2026-01-11 15:33:20.816583 INFO::Fitting model to feature number 1012, MGBC122484 sp910587245
2026-01-11 15:33:20.822832 INFO::Fitting model to feature number 1013, MGBC122484 sp910586855
2026-01-11 15:33:20.828078 INFO::Fitting model to feature number 1014, MGBC122484 sp910578465
2026-01-11 15:33:20.833534 INFO::Fitting model to feature number 1015, MGBC122484 sp910587815
2026-01-11 15:33:20.839812 INFO::Fitting model to feature number 1016, Megamonas funiformis
2026-01-11 15:33:20.845267 INFO::Fitting model to feature number 1017, MGYG000325548
2026-01-11 15:33:20.850569 INFO::Fitting model to feature number 1018, UBA1436 sp910576915
2026-01-11 15:33:20.85692 INFO::Fitting model to feature number 1019, MGYG000331077
2026-01-11 15:33:20.862501 INFO::Fitting model to feature number 1020, MGYG000324324
2026-01-11 15:33:20.867259 INFO::Fitting model to feature number 1021, MGYG000333766
2026-01-11 15:33:20.872598 INFO::Fitting model to feature number 1022, UBA3282 sp910578115
2026-01-11 15:33:20.877322 INFO::Fitting model to feature number 1023, Anaerostipes hominis
2026-01-11 15:33:20.880049 INFO::Fitting model to feature number 1024, Bacteroides thetaiotaomicron
2026-01-11 15:33:20.884639 INFO::Fitting model to feature number 1025, C-19 sp910576345
2026-01-11 15:33:20.890514 INFO::Fitting model to feature number 1026, MGYG000327462
2026-01-11 15:33:20.894462 INFO::Fitting model to feature number 1027, MGYG000410493
2026-01-11 15:33:20.897206 WARNING::Fitting problem for feature 1027 returning NA
2026-01-11 15:33:20.899337 INFO::Fitting model to feature number 1028, Allobaculum sp910579655
2026-01-11 15:33:20.905423 INFO::Fitting model to feature number 1029, MGBC163490 sp910588075
2026-01-11 15:33:20.91078 INFO::Fitting model to feature number 1030, Limosilactobacillus urinaemulieris
2026-01-11 15:33:20.918876 INFO::Fitting model to feature number 1031, Lactiplantibacillus plantarum
2026-01-11 15:33:20.926497 INFO::Fitting model to feature number 1032, Enterococcus_D gallinarum
2026-01-11 15:33:20.935703 INFO::Fitting model to feature number 1033, Lactococcus lactis
2026-01-11 15:33:20.941624 INFO::Fitting model to feature number 1034, Granulicatella adiacens
2026-01-11 15:33:20.947167 INFO::Fitting model to feature number 1035, Scybalousia sp910584255
2026-01-11 15:33:20.954829 INFO::Fitting model to feature number 1036, CAG-710 sp000432595
2026-01-11 15:33:20.961617 INFO::Fitting model to feature number 1037, MGYG000325543
2026-01-11 15:33:20.968393 INFO::Fitting model to feature number 1038, MGYG000326942
2026-01-11 15:33:20.973566 INFO::Fitting model to feature number 1039, Paratractidigestivibacter sp003150175
2026-01-11 15:33:20.978914 INFO::Fitting model to feature number 1040, Collinsella stercoris
2026-01-11 15:33:20.98442 INFO::Fitting model to feature number 1041, Collinsella sp900545445
2026-01-11 15:33:20.990818 INFO::Fitting model to feature number 1042, Collinsella sp002232035
2026-01-11 15:33:21.019099 INFO::Fitting model to feature number 1043, MGYG000330890
2026-01-11 15:33:21.026594 INFO::Fitting model to feature number 1044, Cutibacterium acnes
2026-01-11 15:33:21.032306 INFO::Fitting model to feature number 1045, MGYG000325467
2026-01-11 15:33:21.039222 INFO::Fitting model to feature number 1046, MGYG000325647
2026-01-11 15:33:21.046217 INFO::Fitting model to feature number 1047, MGYG000325468
2026-01-11 15:33:21.053345 INFO::Fitting model to feature number 1048, MGYG000325561
2026-01-11 15:33:21.058777 INFO::Fitting model to feature number 1049, CAG-873 sp014801485
2026-01-11 15:33:21.064132 INFO::Fitting model to feature number 1050, MGYG000325408
2026-01-11 15:33:21.070128 INFO::Fitting model to feature number 1051, CAG-873 sp910579605
2026-01-11 15:33:21.076363 INFO::Fitting model to feature number 1052, CAG-485 sp014802175
2026-01-11 15:33:21.083088 INFO::Fitting model to feature number 1053, CAG-485 sp014801875
2026-01-11 15:33:21.091168 INFO::Fitting model to feature number 1054, CAG-485 sp014803765
2026-01-11 15:33:21.097564 INFO::Fitting model to feature number 1055, MGYG000325797
2026-01-11 15:33:21.104426 INFO::Fitting model to feature number 1056, MGYG000325348
2026-01-11 15:33:21.110815 INFO::Fitting model to feature number 1057, MGYG000325391
2026-01-11 15:33:21.116586 INFO::Fitting model to feature number 1058, MGYG000325606
2026-01-11 15:33:21.124458 INFO::Fitting model to feature number 1059, MGYG000325480
2026-01-11 15:33:21.131418 INFO::Fitting model to feature number 1060, CAG-485 sp014800535
2026-01-11 15:33:21.138808 INFO::Fitting model to feature number 1061, CAG-485 sp014801585
2026-01-11 15:33:21.146845 INFO::Fitting model to feature number 1062, MGYG000325583
2026-01-11 15:33:21.155642 INFO::Fitting model to feature number 1063, MGYG000325430
2026-01-11 15:33:21.164542 INFO::Fitting model to feature number 1064, MGYG000325719
2026-01-11 15:33:21.173641 INFO::Fitting model to feature number 1065, MGYG000325338
2026-01-11 15:33:21.182099 INFO::Fitting model to feature number 1066, MGYG000325306
2026-01-11 15:33:21.190553 INFO::Fitting model to feature number 1067, MGYG000325603
2026-01-11 15:33:21.198378 INFO::Fitting model to feature number 1068, UBA3263 sp014802435
2026-01-11 15:33:21.205714 INFO::Fitting model to feature number 1069, MGYG000325316
2026-01-11 15:33:21.210784 INFO::Fitting model to feature number 1070, MGYG000325659
2026-01-11 15:33:21.217602 INFO::Fitting model to feature number 1071, MGYG000325628
2026-01-11 15:33:21.223327 INFO::Fitting model to feature number 1072, MGYG000325657
2026-01-11 15:33:21.230213 INFO::Fitting model to feature number 1073, MGYG000325523
2026-01-11 15:33:21.235325 INFO::Fitting model to feature number 1074, MGYG000325354
2026-01-11 15:33:21.241123 INFO::Fitting model to feature number 1075, MGYG000325392
2026-01-11 15:33:21.246018 INFO::Fitting model to feature number 1076, JAAVFS01 sp014802385
2026-01-11 15:33:21.251048 INFO::Fitting model to feature number 1077, MGYG000327349
2026-01-11 15:33:21.256936 INFO::Fitting model to feature number 1078, Parabacteroides johnsonii
2026-01-11 15:33:21.262689 INFO::Fitting model to feature number 1079, Parabacteroides sp910577325
2026-01-11 15:33:21.267461 INFO::Fitting model to feature number 1080, Bacteroides faecis
2026-01-11 15:33:21.272788 INFO::Fitting model to feature number 1081, Bacteroides bouchesdurhonensis
2026-01-11 15:33:21.277364 INFO::Fitting model to feature number 1082, Bacteroides ovatus
2026-01-11 15:33:21.281835 INFO::Fitting model to feature number 1083, Bacteroides caccae
2026-01-11 15:33:21.287251 INFO::Fitting model to feature number 1084, MGYG000325504
2026-01-11 15:33:21.292346 INFO::Fitting model to feature number 1085, Bacteroides salyersiae
2026-01-11 15:33:21.297609 INFO::Fitting model to feature number 1086, Bacteroides stercorirosoris
2026-01-11 15:33:21.302695 INFO::Fitting model to feature number 1087, MGYG000325502
2026-01-11 15:33:21.30778 INFO::Fitting model to feature number 1088, Prevotella pectinovora
2026-01-11 15:33:21.31237 INFO::Fitting model to feature number 1089, Prevotella sp000436915
2026-01-11 15:33:21.317265 INFO::Fitting model to feature number 1090, MGYG000325596
2026-01-11 15:33:21.324625 INFO::Fitting model to feature number 1091, Tidjanibacter sp910577285
2026-01-11 15:33:21.333203 INFO::Fitting model to feature number 1092, Odoribacter sp910588375
2026-01-11 15:33:21.340481 INFO::Fitting model to feature number 1093, Odoribacter sp910578985
2026-01-11 15:33:21.347751 INFO::Fitting model to feature number 1094, Odoribacter sp009935865
2026-01-11 15:33:21.355615 INFO::Fitting model to feature number 1095, Cryptobacteroides sp000431015
2026-01-11 15:33:21.361028 INFO::Fitting model to feature number 1096, MGYG000325795
2026-01-11 15:33:21.364101 INFO::Fitting model to feature number 1097, MGYG000326972
2026-01-11 15:33:21.367061 INFO::Fitting model to feature number 1098, Pullibacteroides sp910578275
2026-01-11 15:33:21.373317 INFO::Fitting model to feature number 1099, MGYG000376875
2026-01-11 15:33:21.379912 INFO::Fitting model to feature number 1100, MGYG000410984
2026-01-11 15:33:21.387479 INFO::Fitting model to feature number 1101, MGYG000329711
2026-01-11 15:33:21.39396 INFO::Fitting model to feature number 1102, Sporofaciens sp910584575
2026-01-11 15:33:21.401835 INFO::Fitting model to feature number 1103, Sporofaciens sp011960625
2026-01-11 15:33:21.408335 INFO::Fitting model to feature number 1104, MD308 sp910579335
2026-01-11 15:33:21.416391 INFO::Fitting model to feature number 1105, 14-2 sp910585625
2026-01-11 15:33:21.423516 INFO::Fitting model to feature number 1106, 14-2 sp910585895
2026-01-11 15:33:21.431132 INFO::Fitting model to feature number 1107, 14-2 sp004793545
2026-01-11 15:33:21.437237 INFO::Fitting model to feature number 1108, 14-2 sp910580195
2026-01-11 15:33:21.445311 INFO::Fitting model to feature number 1109, 14-2 sp910580015
2026-01-11 15:33:21.453984 INFO::Fitting model to feature number 1110, 14-2 sp910585395
2026-01-11 15:33:21.459187 INFO::Fitting model to feature number 1111, 14-2 sp910587895
2026-01-11 15:33:21.466489 INFO::Fitting model to feature number 1112, MGYG000327388
2026-01-11 15:33:21.471492 INFO::Fitting model to feature number 1113, MGYG000410811
2026-01-11 15:33:21.476807 INFO::Fitting model to feature number 1114, MGYG000352925
2026-01-11 15:33:21.482134 INFO::Fitting model to feature number 1115, MGYG000331207
2026-01-11 15:33:21.488132 INFO::Fitting model to feature number 1116, MGYG000328397
2026-01-11 15:33:21.494787 INFO::Fitting model to feature number 1117, 14-2 sp910588965
2026-01-11 15:33:21.502064 INFO::Fitting model to feature number 1118, 14-2 sp910586005
2026-01-11 15:33:21.508303 INFO::Fitting model to feature number 1119, 14-2 sp022790855
2026-01-11 15:33:21.511136 WARNING::Fitting problem for feature 1119 returning NA
2026-01-11 15:33:21.513303 INFO::Fitting model to feature number 1120, Ventrimonas sp910588875
2026-01-11 15:33:21.519378 INFO::Fitting model to feature number 1121, Ventrimonas sp910586205
2026-01-11 15:33:21.525971 INFO::Fitting model to feature number 1122, Ventrimonas sp910588125
2026-01-11 15:33:21.532249 INFO::Fitting model to feature number 1123, MGYG000329105
2026-01-11 15:33:21.540394 INFO::Fitting model to feature number 1124, Ventrimonas sp022794255
2026-01-11 15:33:21.545878 INFO::Fitting model to feature number 1125, MGYG000432287
2026-01-11 15:33:21.554576 INFO::Fitting model to feature number 1126, Ventrimonas sp910584845
2026-01-11 15:33:21.560329 INFO::Fitting model to feature number 1127, UBA3282 sp910587715
2026-01-11 15:33:21.567656 INFO::Fitting model to feature number 1128, MGYG000411593
2026-01-11 15:33:21.575777 INFO::Fitting model to feature number 1129, MGYG000323128
2026-01-11 15:33:21.583491 INFO::Fitting model to feature number 1130, UBA3282 sp910578645
2026-01-11 15:33:21.591667 INFO::Fitting model to feature number 1131, UBA3282 sp910579735
2026-01-11 15:33:21.599295 INFO::Fitting model to feature number 1132, MGYG000325815
2026-01-11 15:33:21.606323 INFO::Fitting model to feature number 1133, UBA3282 sp910579395
2026-01-11 15:33:21.614459 INFO::Fitting model to feature number 1134, UBA3282 sp009774575
2026-01-11 15:33:21.621325 INFO::Fitting model to feature number 1135, MGYG000329420
2026-01-11 15:33:21.629717 INFO::Fitting model to feature number 1136, MGYG000323012
2026-01-11 15:33:21.637435 INFO::Fitting model to feature number 1137, MGYG000325709
2026-01-11 15:33:21.645357 INFO::Fitting model to feature number 1138, MGYG000325198
2026-01-11 15:33:21.650122 INFO::Fitting model to feature number 1139, UBA3282 sp910578845
2026-01-11 15:33:21.658562 INFO::Fitting model to feature number 1140, MGYG000325513
2026-01-11 15:33:21.663434 INFO::Fitting model to feature number 1141, UBA3282 sp910588955
2026-01-11 15:33:21.671773 INFO::Fitting model to feature number 1142, MGYG000325450
2026-01-11 15:33:21.68043 INFO::Fitting model to feature number 1143, MGYG000325999
2026-01-11 15:33:21.688025 INFO::Fitting model to feature number 1144, MGYG000411525
2026-01-11 15:33:21.693565 INFO::Fitting model to feature number 1145, MGYG000325558
2026-01-11 15:33:21.699975 INFO::Fitting model to feature number 1146, MGYG000322990
2026-01-11 15:33:21.706676 INFO::Fitting model to feature number 1147, MGYG000330673
2026-01-11 15:33:21.709512 WARNING::Fitting problem for feature 1147 returning NA
2026-01-11 15:33:21.711807 INFO::Fitting model to feature number 1148, MGYG000368565
2026-01-11 15:33:21.717833 INFO::Fitting model to feature number 1149, UBA7109 sp910580235
2026-01-11 15:33:21.722039 INFO::Fitting model to feature number 1150, MGYG000324764
2026-01-11 15:33:21.725302 INFO::Fitting model to feature number 1151, MGYG000324065
2026-01-11 15:33:21.732693 INFO::Fitting model to feature number 1152, Roseburia sp910577925
2026-01-11 15:33:21.740657 INFO::Fitting model to feature number 1153, Roseburia intestinalis
2026-01-11 15:33:21.744048 INFO::Fitting model to feature number 1154, MGYG000328589
2026-01-11 15:33:21.750992 INFO::Fitting model to feature number 1155, MGYG000393816
2026-01-11 15:33:21.759321 INFO::Fitting model to feature number 1156, Butyribacter sp910579085
2026-01-11 15:33:21.766532 INFO::Fitting model to feature number 1157, MGYG000329302
2026-01-11 15:33:21.775054 INFO::Fitting model to feature number 1158, MGYG000348373
2026-01-11 15:33:21.781323 INFO::Fitting model to feature number 1159, MGYG000325401
2026-01-11 15:33:21.783953 WARNING::Fitting problem for feature 1159 returning NA
2026-01-11 15:33:21.786119 INFO::Fitting model to feature number 1160, Butyribacter sp910586555
2026-01-11 15:33:21.789824 WARNING::Fitting problem for feature 1160 returning NA
2026-01-11 15:33:21.792 INFO::Fitting model to feature number 1161, Butyribacter sp910586605
2026-01-11 15:33:21.798872 INFO::Fitting model to feature number 1162, 1XD8-76 sp003611955
2026-01-11 15:33:21.806891 INFO::Fitting model to feature number 1163, 1XD8-76 sp910584915
2026-01-11 15:33:21.814563 INFO::Fitting model to feature number 1164, 1XD8-76 sp022799355
2026-01-11 15:33:21.822547 INFO::Fitting model to feature number 1165, Blautia coccoides
2026-01-11 15:33:21.827122 INFO::Fitting model to feature number 1166, Blautia hominis
2026-01-11 15:33:21.832718 INFO::Fitting model to feature number 1167, MGYG000330300
2026-01-11 15:33:21.84047 INFO::Fitting model to feature number 1168, Blautia sp001304935
2026-01-11 15:33:21.844397 INFO::Fitting model to feature number 1169, MGYG000411610
2026-01-11 15:33:21.850218 INFO::Fitting model to feature number 1170, Acetatifactor sp910578215
2026-01-11 15:33:21.858584 INFO::Fitting model to feature number 1171, MGYG000403847
2026-01-11 15:33:21.867526 INFO::Fitting model to feature number 1172, Acetatifactor sp910585665
2026-01-11 15:33:21.874094 INFO::Fitting model to feature number 1173, MGYG000410724
2026-01-11 15:33:21.880226 INFO::Fitting model to feature number 1174, MGYG000329148
2026-01-11 15:33:21.885885 INFO::Fitting model to feature number 1175, MGYG000331408
2026-01-11 15:33:21.892288 INFO::Fitting model to feature number 1176, MGYG000331279
2026-01-11 15:33:21.897962 INFO::Fitting model to feature number 1177, Acetatifactor sp910584375
2026-01-11 15:33:21.907008 INFO::Fitting model to feature number 1178, MGYG000345025
2026-01-11 15:33:21.9139 INFO::Fitting model to feature number 1179, Acetatifactor sp910586435
2026-01-11 15:33:21.920099 INFO::Fitting model to feature number 1180, MGYG000330154
2026-01-11 15:33:21.926071 INFO::Fitting model to feature number 1181, MGYG000327196
2026-01-11 15:33:21.933506 INFO::Fitting model to feature number 1182, Acetatifactor sp910586215
2026-01-11 15:33:21.939893 INFO::Fitting model to feature number 1183, Acetatifactor sp011959105
2026-01-11 15:33:21.946707 INFO::Fitting model to feature number 1184, Acetatifactor sp910586515
2026-01-11 15:33:21.955622 INFO::Fitting model to feature number 1185, MGYG000325688
2026-01-11 15:33:21.964015 INFO::Fitting model to feature number 1186, MGYG000325419
2026-01-11 15:33:21.972138 INFO::Fitting model to feature number 1187, Acetatifactor sp910585015
2026-01-11 15:33:22.001958 INFO::Fitting model to feature number 1188, Acetatifactor sp910577665
2026-01-11 15:33:22.010307 INFO::Fitting model to feature number 1189, MGYG000329799
2026-01-11 15:33:22.018775 INFO::Fitting model to feature number 1190, Acetatifactor sp910588225
2026-01-11 15:33:22.027292 INFO::Fitting model to feature number 1191, MGYG000410939
2026-01-11 15:33:22.035112 INFO::Fitting model to feature number 1192, MGYG000327533
2026-01-11 15:33:22.042957 INFO::Fitting model to feature number 1193, Acetatifactor sp022797535
2026-01-11 15:33:22.046451 INFO::Fitting model to feature number 1194, Acetatifactor sp022793065
2026-01-11 15:33:22.054929 INFO::Fitting model to feature number 1195, MGYG000329051
2026-01-11 15:33:22.061295 INFO::Fitting model to feature number 1196, MGYG000324774
2026-01-11 15:33:22.069381 INFO::Fitting model to feature number 1197, Lachnospira sp910587485
2026-01-11 15:33:22.073659 WARNING::Fitting problem for feature 1197 returning NA
2026-01-11 15:33:22.075901 INFO::Fitting model to feature number 1198, Anaerostipes caccae
2026-01-11 15:33:22.083096 INFO::Fitting model to feature number 1199, 1XD42-69 sp910585825
2026-01-11 15:33:22.089491 INFO::Fitting model to feature number 1200, 1XD42-69 sp910586725
2026-01-11 15:33:22.092425 WARNING::Fitting problem for feature 1200 returning NA
2026-01-11 15:33:22.094643 INFO::Fitting model to feature number 1201, MGYG000325395
2026-01-11 15:33:22.098058 INFO::Fitting model to feature number 1202, 1XD42-69 sp910586355
2026-01-11 15:33:22.101085 WARNING::Fitting problem for feature 1202 returning NA
2026-01-11 15:33:22.103785 INFO::Fitting model to feature number 1203, MGYG000330490
2026-01-11 15:33:22.107926 WARNING::Fitting problem for feature 1203 returning NA
2026-01-11 15:33:22.110661 INFO::Fitting model to feature number 1204, 1XD42-69 sp910589105
2026-01-11 15:33:22.113928 INFO::Fitting model to feature number 1205, MGYG000327486
2026-01-11 15:33:22.119922 INFO::Fitting model to feature number 1206, MGYG000331229
2026-01-11 15:33:22.125931 INFO::Fitting model to feature number 1207, UBA3402 sp910588505
2026-01-11 15:33:22.131315 INFO::Fitting model to feature number 1208, UBA3402 sp022792815
2026-01-11 15:33:22.137496 INFO::Fitting model to feature number 1209, UBA3402 sp910579515
2026-01-11 15:33:22.145504 INFO::Fitting model to feature number 1210, MGYG000410806
2026-01-11 15:33:22.154507 INFO::Fitting model to feature number 1211, MGYG000324300
2026-01-11 15:33:22.161783 INFO::Fitting model to feature number 1212, MGYG000324807
2026-01-11 15:33:22.170204 INFO::Fitting model to feature number 1213, MGYG000327237
2026-01-11 15:33:22.177597 INFO::Fitting model to feature number 1214, MGYG000327181
2026-01-11 15:33:22.185064 INFO::Fitting model to feature number 1215, CAG-95 sp910577445
2026-01-11 15:33:22.19281 INFO::Fitting model to feature number 1216, CAG-95 sp002492465
2026-01-11 15:33:22.200102 INFO::Fitting model to feature number 1217, CAG-95 sp910587305
2026-01-11 15:33:22.207378 INFO::Fitting model to feature number 1218, CAG-95 sp910587295
2026-01-11 15:33:22.215088 INFO::Fitting model to feature number 1219, MGYG000410955
2026-01-11 15:33:22.222289 INFO::Fitting model to feature number 1220, MGYG000325519
2026-01-11 15:33:22.230518 INFO::Fitting model to feature number 1221, MGYG000325286
2026-01-11 15:33:22.239076 INFO::Fitting model to feature number 1222, CAG-95 sp000403495
2026-01-11 15:33:22.247205 INFO::Fitting model to feature number 1223, CAG-95 sp014804245
2026-01-11 15:33:22.255528 INFO::Fitting model to feature number 1224, MGYG000324752
2026-01-11 15:33:22.260545 INFO::Fitting model to feature number 1225, MGYG000330445
2026-01-11 15:33:22.26931 INFO::Fitting model to feature number 1226, COE1 sp014239155
2026-01-11 15:33:22.276038 INFO::Fitting model to feature number 1227, MGYG000325661
2026-01-11 15:33:22.28422 INFO::Fitting model to feature number 1228, COE1 sp011959805
2026-01-11 15:33:22.291351 INFO::Fitting model to feature number 1229, COE1 sp009774245
2026-01-11 15:33:22.299138 INFO::Fitting model to feature number 1230, MGYG000325434
2026-01-11 15:33:22.307219 INFO::Fitting model to feature number 1231, COE1 sp910577115
2026-01-11 15:33:22.315541 INFO::Fitting model to feature number 1232, COE1 sp000403215
2026-01-11 15:33:22.324658 INFO::Fitting model to feature number 1233, COE1 sp910588595
2026-01-11 15:33:22.331608 INFO::Fitting model to feature number 1234, COE1 sp910586095
2026-01-11 15:33:22.335087 INFO::Fitting model to feature number 1235, MGYG000325380
2026-01-11 15:33:22.342241 INFO::Fitting model to feature number 1236, MGYG000328561
2026-01-11 15:33:22.347711 INFO::Fitting model to feature number 1237, COE1 sp910578795
2026-01-11 15:33:22.35146 WARNING::Fitting problem for feature 1237 returning NA
2026-01-11 15:33:22.354189 INFO::Fitting model to feature number 1238, COE1 sp003513705
2026-01-11 15:33:22.359693 INFO::Fitting model to feature number 1239, Eubacterium_F sp910577295
2026-01-11 15:33:22.364742 INFO::Fitting model to feature number 1240, Eubacterium_F sp910584065
2026-01-11 15:33:22.370638 INFO::Fitting model to feature number 1241, Eubacterium_F sp910584245
2026-01-11 15:33:22.376447 INFO::Fitting model to feature number 1242, Eubacterium_F sp910589665
2026-01-11 15:33:22.379396 WARNING::Fitting problem for feature 1242 returning NA
2026-01-11 15:33:22.381624 INFO::Fitting model to feature number 1243, Eubacterium_F sp910584645
2026-01-11 15:33:22.387718 INFO::Fitting model to feature number 1244, MGYG000327551
2026-01-11 15:33:22.394367 INFO::Fitting model to feature number 1245, VSOB01 sp910585345
2026-01-11 15:33:22.400162 INFO::Fitting model to feature number 1246, VSOB01 sp910589075
2026-01-11 15:33:22.407641 INFO::Fitting model to feature number 1247, Merdisoma sp910587955
2026-01-11 15:33:22.414504 INFO::Fitting model to feature number 1248, MGYG000331110
2026-01-11 15:33:22.421645 INFO::Fitting model to feature number 1249, Eubacterium_J plexicaudatum
2026-01-11 15:33:22.427941 INFO::Fitting model to feature number 1250, Eubacterium_J sp910586445
2026-01-11 15:33:22.434185 INFO::Fitting model to feature number 1251, Eubacterium_J sp910577225
2026-01-11 15:33:22.44114 INFO::Fitting model to feature number 1252, Eubacterium_J sp009774535
2026-01-11 15:33:22.445441 INFO::Fitting model to feature number 1253, Eubacterium_J sp910586225
2026-01-11 15:33:22.45367 INFO::Fitting model to feature number 1254, Eubacterium_J sp910584345
2026-01-11 15:33:22.460696 INFO::Fitting model to feature number 1255, MGYG000327547
2026-01-11 15:33:22.466134 INFO::Fitting model to feature number 1256, MGYG000325711
2026-01-11 15:33:22.470181 WARNING::Fitting problem for feature 1256 returning NA
2026-01-11 15:33:22.473324 INFO::Fitting model to feature number 1257, MGYG000324920
2026-01-11 15:33:22.481354 INFO::Fitting model to feature number 1258, Eubacterium_J sp910586045
2026-01-11 15:33:22.489957 INFO::Fitting model to feature number 1259, MGYG000331263
2026-01-11 15:33:22.497992 INFO::Fitting model to feature number 1260, Kineothrix sp910579645
2026-01-11 15:33:22.506179 INFO::Fitting model to feature number 1261, Kineothrix sp023399455
2026-01-11 15:33:22.513162 INFO::Fitting model to feature number 1262, Kineothrix sp910578405
2026-01-11 15:33:22.518719 INFO::Fitting model to feature number 1263, MGBC164599 sp910584115
2026-01-11 15:33:22.527047 INFO::Fitting model to feature number 1264, MGYG000330773
2026-01-11 15:33:22.532538 INFO::Fitting model to feature number 1265, MGYG000323038
2026-01-11 15:33:22.537197 INFO::Fitting model to feature number 1266, Caccovicinus sp910589195
2026-01-11 15:33:22.54474 INFO::Fitting model to feature number 1267, Copromonas sp910585355
2026-01-11 15:33:22.552189 INFO::Fitting model to feature number 1268, MGYG000329350
2026-01-11 15:33:22.560379 INFO::Fitting model to feature number 1269, Copromonas sp900066535
2026-01-11 15:33:22.565251 INFO::Fitting model to feature number 1270, MGYG000346909
2026-01-11 15:33:22.573622 INFO::Fitting model to feature number 1271, Eisenbergiella porci
2026-01-11 15:33:22.580888 INFO::Fitting model to feature number 1272, MGYG000379181
2026-01-11 15:33:22.588429 INFO::Fitting model to feature number 1273, CAG-510 sp910578335
2026-01-11 15:33:22.593789 INFO::Fitting model to feature number 1274, CAG-510 sp910577015
2026-01-11 15:33:22.599926 INFO::Fitting model to feature number 1275, MGYG000325414
2026-01-11 15:33:22.605803 INFO::Fitting model to feature number 1276, MGYG000328974
2026-01-11 15:33:22.608227 WARNING::Fitting problem for feature 1276 returning NA
2026-01-11 15:33:22.610193 INFO::Fitting model to feature number 1277, MGYG000329478
2026-01-11 15:33:22.614699 INFO::Fitting model to feature number 1278, SIG307 sp910577175
2026-01-11 15:33:22.619531 INFO::Fitting model to feature number 1279, Clostridium_Q symbiosum
2026-01-11 15:33:22.622736 WARNING::Fitting problem for feature 1279 returning NA
2026-01-11 15:33:22.624741 INFO::Fitting model to feature number 1280, Clostridium_Q sp009911305
2026-01-11 15:33:22.629597 INFO::Fitting model to feature number 1281, Enterocloster bolteae
2026-01-11 15:33:22.634363 INFO::Fitting model to feature number 1282, MGYG000330164
2026-01-11 15:33:22.637906 INFO::Fitting model to feature number 1283, MGYG000323607
2026-01-11 15:33:22.645029 INFO::Fitting model to feature number 1284, RGIG4057 sp910577675
2026-01-11 15:33:22.653306 INFO::Fitting model to feature number 1285, RGIG8607 sp910588535
2026-01-11 15:33:22.660203 INFO::Fitting model to feature number 1286, MGYG000325404
2026-01-11 15:33:22.66275 WARNING::Fitting problem for feature 1286 returning NA
2026-01-11 15:33:22.664967 INFO::Fitting model to feature number 1287, MGBC131033 sp910585655
2026-01-11 15:33:22.667825 INFO::Fitting model to feature number 1288, MGYG000409986
2026-01-11 15:33:22.673371 INFO::Fitting model to feature number 1289, MGYG000323124
2026-01-11 15:33:22.678301 INFO::Fitting model to feature number 1290, MGYG000327294
2026-01-11 15:33:22.683585 INFO::Fitting model to feature number 1291, RUG115 sp910578885
2026-01-11 15:33:22.690659 INFO::Fitting model to feature number 1292, MGYG000328329
2026-01-11 15:33:22.693925 INFO::Fitting model to feature number 1293, MGYG000410396
2026-01-11 15:33:22.698837 INFO::Fitting model to feature number 1294, RGIG7193 sp910586125
2026-01-11 15:33:22.702081 INFO::Fitting model to feature number 1295, MGYG000325636
2026-01-11 15:33:22.707353 INFO::Fitting model to feature number 1296, Agathobacter sp910587655
2026-01-11 15:33:22.712136 INFO::Fitting model to feature number 1297, MGYG000410161
2026-01-11 15:33:22.715346 WARNING::Fitting problem for feature 1297 returning NA
2026-01-11 15:33:22.717535 INFO::Fitting model to feature number 1298, MGYG000327199
2026-01-11 15:33:22.723361 INFO::Fitting model to feature number 1299, RGIG3040 sp910585715
2026-01-11 15:33:22.728583 INFO::Fitting model to feature number 1300, Butyrivibrio_A sp000431815
2026-01-11 15:33:22.734296 INFO::Fitting model to feature number 1301, Butyrivibrio_A sp910577605
2026-01-11 15:33:22.737992 INFO::Fitting model to feature number 1302, MGYG000325389
2026-01-11 15:33:22.743654 INFO::Fitting model to feature number 1303, MGBC114844 sp910579865
2026-01-11 15:33:22.746439 WARNING::Fitting problem for feature 1303 returning NA
2026-01-11 15:33:22.74878 INFO::Fitting model to feature number 1304, CAG-303 sp910577835
2026-01-11 15:33:22.755263 INFO::Fitting model to feature number 1305, CAG-303 sp910584685
2026-01-11 15:33:22.760468 INFO::Fitting model to feature number 1306, MGYG000327534
2026-01-11 15:33:22.765651 INFO::Fitting model to feature number 1307, An181 sp910585545
2026-01-11 15:33:22.76876 INFO::Fitting model to feature number 1308, RGIG3002 sp910579805
2026-01-11 15:33:22.774722 INFO::Fitting model to feature number 1309, MGYG000323516
2026-01-11 15:33:22.780026 INFO::Fitting model to feature number 1310, MGBC120314 sp910584325
2026-01-11 15:33:22.784039 INFO::Fitting model to feature number 1311, MGYG000328392
2026-01-11 15:33:22.78717 INFO::Fitting model to feature number 1312, CAG-632 sp910587045
2026-01-11 15:33:22.789989 WARNING::Fitting problem for feature 1312 returning NA
2026-01-11 15:33:22.791901 INFO::Fitting model to feature number 1313, MGBC136627 sp910585935
2026-01-11 15:33:22.794348 WARNING::Fitting problem for feature 1313 returning NA
2026-01-11 15:33:22.796527 INFO::Fitting model to feature number 1314, MGBC165282 sp910589265
2026-01-11 15:33:22.802047 INFO::Fitting model to feature number 1315, Mediterraneibacter_A sp022790755
2026-01-11 15:33:22.80791 INFO::Fitting model to feature number 1316, Hungatella effluvii
2026-01-11 15:33:22.813422 INFO::Fitting model to feature number 1317, Mobilitalea sp023395555
2026-01-11 15:33:22.819088 INFO::Fitting model to feature number 1318, Fusicatenibacter saccharivorans
2026-01-11 15:33:22.823123 INFO::Fitting model to feature number 1319, CAG-411 sp014799595
2026-01-11 15:33:22.828505 INFO::Fitting model to feature number 1320, MGYG000323744
2026-01-11 15:33:22.834955 INFO::Fitting model to feature number 1321, MGBC143606 sp910587935
2026-01-11 15:33:22.839541 INFO::Fitting model to feature number 1322, C-53 sp003612525
2026-01-11 15:33:22.843617 INFO::Fitting model to feature number 1323, Ruminococcus_B gnavus
2026-01-11 15:33:22.846981 WARNING::Fitting problem for feature 1323 returning NA
2026-01-11 15:33:22.849701 INFO::Fitting model to feature number 1324, Frisingicoccus caecimuris
2026-01-11 15:33:22.853373 WARNING::Fitting problem for feature 1324 returning NA
2026-01-11 15:33:22.856968 INFO::Fitting model to feature number 1325, MGYG000326088
2026-01-11 15:33:22.861903 INFO::Fitting model to feature number 1326, Lawsonibacter sp900066645
2026-01-11 15:33:22.864656 WARNING::Fitting problem for feature 1326 returning NA
2026-01-11 15:33:22.86689 INFO::Fitting model to feature number 1327, MGYG000327494
2026-01-11 15:33:22.872782 INFO::Fitting model to feature number 1328, MGYG000325423
2026-01-11 15:33:22.878582 INFO::Fitting model to feature number 1329, Dysosmobacter sp022797935
2026-01-11 15:33:22.885279 INFO::Fitting model to feature number 1330, MGYG000327261
2026-01-11 15:33:22.889638 INFO::Fitting model to feature number 1331, Dysosmobacter sp910588005
2026-01-11 15:33:22.896428 INFO::Fitting model to feature number 1332, Dysosmobacter sp001916835
2026-01-11 15:33:22.903874 INFO::Fitting model to feature number 1333, Dysosmobacter sp910585165
2026-01-11 15:33:22.909616 INFO::Fitting model to feature number 1334, MGYG000329398
2026-01-11 15:33:22.915099 INFO::Fitting model to feature number 1335, MGYG000322989
2026-01-11 15:33:22.920712 INFO::Fitting model to feature number 1336, MGYG000323872
2026-01-11 15:33:22.926057 INFO::Fitting model to feature number 1337, Pelethomonas sp022797115
2026-01-11 15:33:22.99896 INFO::Fitting model to feature number 1338, Pelethomonas sp910584045
2026-01-11 15:33:23.007735 INFO::Fitting model to feature number 1339, MGYG000325682
2026-01-11 15:33:23.014961 INFO::Fitting model to feature number 1340, MGYG000329870
2026-01-11 15:33:23.022015 INFO::Fitting model to feature number 1341, MGYG000409933
2026-01-11 15:33:23.029003 INFO::Fitting model to feature number 1342, MGYG000325610
2026-01-11 15:33:23.032482 WARNING::Fitting problem for feature 1342 returning NA
2026-01-11 15:33:23.035234 INFO::Fitting model to feature number 1343, Faecousia sp900544705
2026-01-11 15:33:23.039748 INFO::Fitting model to feature number 1344, MGYG000327369
2026-01-11 15:33:23.048687 INFO::Fitting model to feature number 1345, MGYG000327333
2026-01-11 15:33:23.066348 INFO::Fitting model to feature number 1346, Marseille-P3106 sp905219705
2026-01-11 15:33:23.070647 WARNING::Fitting problem for feature 1346 returning NA
2026-01-11 15:33:23.074121 INFO::Fitting model to feature number 1347, Marseille-P3106 sp910577415
2026-01-11 15:33:23.079286 INFO::Fitting model to feature number 1348, MGYG000329177
2026-01-11 15:33:23.104468 INFO::Fitting model to feature number 1349, HGM13010 sp022800755
2026-01-11 15:33:23.112988 INFO::Fitting model to feature number 1350, Flavonifractor plautii
2026-01-11 15:33:23.13328 INFO::Fitting model to feature number 1351, Intestinimonas butyriciproducens
2026-01-11 15:33:23.138153 WARNING::Fitting problem for feature 1351 returning NA
2026-01-11 15:33:23.14151 INFO::Fitting model to feature number 1352, MGBC124762 sp910579775
2026-01-11 15:33:23.146638 INFO::Fitting model to feature number 1353, MGYG000329700
2026-01-11 15:33:23.155635 INFO::Fitting model to feature number 1354, MGYG000323009
2026-01-11 15:33:23.164136 INFO::Fitting model to feature number 1355, MGYG000326780
2026-01-11 15:33:23.174386 INFO::Fitting model to feature number 1356, MGYG000329402
2026-01-11 15:33:23.183123 INFO::Fitting model to feature number 1357, MGYG000411571
2026-01-11 15:33:23.187996 INFO::Fitting model to feature number 1358, MGYG000356933
2026-01-11 15:33:23.197098 INFO::Fitting model to feature number 1359, MGYG000376485
2026-01-11 15:33:23.205319 INFO::Fitting model to feature number 1360, Fimivicinus sp900544375
2026-01-11 15:33:23.213491 INFO::Fitting model to feature number 1361, Ruminococcus_E sp910585865
2026-01-11 15:33:23.226709 INFO::Fitting model to feature number 1362, UBA1417 sp900549945
2026-01-11 15:33:23.231687 INFO::Fitting model to feature number 1363, MGYG000360413
2026-01-11 15:33:23.235359 WARNING::Fitting problem for feature 1363 returning NA
2026-01-11 15:33:23.240517 INFO::Fitting model to feature number 1364, Ruthenibacterium lactatiformans
2026-01-11 15:33:23.245123 WARNING::Fitting problem for feature 1364 returning NA
2026-01-11 15:33:23.248405 INFO::Fitting model to feature number 1365, MGYG000410556
2026-01-11 15:33:23.257849 INFO::Fitting model to feature number 1366, UBA1394 sp900066845
2026-01-11 15:33:23.262822 INFO::Fitting model to feature number 1367, MGYG000410798
2026-01-11 15:33:23.26881 INFO::Fitting model to feature number 1368, MGYG000327515
2026-01-11 15:33:23.274945 INFO::Fitting model to feature number 1369, MGYG000325568
2026-01-11 15:33:23.282702 INFO::Fitting model to feature number 1370, MGYG000325411
2026-01-11 15:33:23.290143 INFO::Fitting model to feature number 1371, MGYG000328314
2026-01-11 15:33:23.298437 INFO::Fitting model to feature number 1372, UBA1405 sp910589145
2026-01-11 15:33:23.303113 INFO::Fitting model to feature number 1373, CAG-115 sp910587135
2026-01-11 15:33:23.311146 INFO::Fitting model to feature number 1374, CAG-115 sp910577365
2026-01-11 15:33:23.318932 INFO::Fitting model to feature number 1375, CAG-115 sp910587465
2026-01-11 15:33:23.328636 INFO::Fitting model to feature number 1376, Faecalibacterium sp900539945
2026-01-11 15:33:23.336509 INFO::Fitting model to feature number 1377, Faecalibacterium longum
2026-01-11 15:33:23.341895 INFO::Fitting model to feature number 1378, Faecalibacterium prausnitzii_F
2026-01-11 15:33:23.348682 INFO::Fitting model to feature number 1379, MGYG000325416
2026-01-11 15:33:23.3576 INFO::Fitting model to feature number 1380, UBA7177 sp910579545
2026-01-11 15:33:23.362248 WARNING::Fitting problem for feature 1380 returning NA
2026-01-11 15:33:23.365635 INFO::Fitting model to feature number 1381, UBA7177 sp910578965
2026-01-11 15:33:23.37423 INFO::Fitting model to feature number 1382, Neobittarella massiliensis
2026-01-11 15:33:23.38064 INFO::Fitting model to feature number 1383, Gemmiger formicilis
2026-01-11 15:33:23.388315 INFO::Fitting model to feature number 1384, MGYG000328468
2026-01-11 15:33:23.391951 INFO::Fitting model to feature number 1385, UBA866 sp022791945
2026-01-11 15:33:23.394604 WARNING::Fitting problem for feature 1385 returning NA
2026-01-11 15:33:23.396725 INFO::Fitting model to feature number 1386, UMGS1601 sp900545345
2026-01-11 15:33:23.400997 INFO::Fitting model to feature number 1387, MGYG000410783
2026-01-11 15:33:23.404992 WARNING::Fitting problem for feature 1387 returning NA
2026-01-11 15:33:23.408058 INFO::Fitting model to feature number 1388, MGYG000330170
2026-01-11 15:33:23.412323 INFO::Fitting model to feature number 1389, MGYG000330888
2026-01-11 15:33:23.416512 INFO::Fitting model to feature number 1390, QXXE01 sp910586105
2026-01-11 15:33:23.420503 WARNING::Fitting problem for feature 1390 returning NA
2026-01-11 15:33:23.423562 INFO::Fitting model to feature number 1391, MGYG000330847
2026-01-11 15:33:23.427777 INFO::Fitting model to feature number 1392, MGBC161649 sp910587685
2026-01-11 15:33:23.431125 INFO::Fitting model to feature number 1393, Coproplasma sp910586035
2026-01-11 15:33:23.436423 INFO::Fitting model to feature number 1394, Coproplasma sp910579295
2026-01-11 15:33:23.440303 INFO::Fitting model to feature number 1395, Coproplasma sp910587825
2026-01-11 15:33:23.445957 INFO::Fitting model to feature number 1396, Coproplasma sp910585705
2026-01-11 15:33:23.451556 INFO::Fitting model to feature number 1397, Coproplasma sp910576655
2026-01-11 15:33:23.458805 INFO::Fitting model to feature number 1398, MGYG000410549
2026-01-11 15:33:23.465575 INFO::Fitting model to feature number 1399, Coproplasma sp910577555
2026-01-11 15:33:23.472708 INFO::Fitting model to feature number 1400, Gallimonas sp910586985
2026-01-11 15:33:23.478111 INFO::Fitting model to feature number 1401, Gallimonas sp910586365
2026-01-11 15:33:23.483538 INFO::Fitting model to feature number 1402, Gallimonas sp910589015
2026-01-11 15:33:23.48986 INFO::Fitting model to feature number 1403, Gallimonas sp910586825
2026-01-11 15:33:23.495447 INFO::Fitting model to feature number 1404, Gallimonas sp910586675
2026-01-11 15:33:23.499385 INFO::Fitting model to feature number 1405, Anaerocaecibacter sp910578545
2026-01-11 15:33:23.502638 INFO::Fitting model to feature number 1406, Anaerocaecibacter sp910579205
2026-01-11 15:33:23.508625 INFO::Fitting model to feature number 1407, Anaerocaecibacter sp910585055
2026-01-11 15:33:23.514178 INFO::Fitting model to feature number 1408, MGYG000327384
2026-01-11 15:33:23.517542 INFO::Fitting model to feature number 1409, MGBC157735 sp910588155
2026-01-11 15:33:23.524381 INFO::Fitting model to feature number 1410, Pumilibacter sp910579245
2026-01-11 15:33:23.529802 INFO::Fitting model to feature number 1411, UBA11524 sp000437595
2026-01-11 15:33:23.535082 INFO::Fitting model to feature number 1412, MGYG000388556
2026-01-11 15:33:23.541392 INFO::Fitting model to feature number 1413, Zhenpiania sp910583765
2026-01-11 15:33:23.546799 INFO::Fitting model to feature number 1414, RGIG7179 sp022793795
2026-01-11 15:33:23.549568 WARNING::Fitting problem for feature 1414 returning NA
2026-01-11 15:33:23.551893 INFO::Fitting model to feature number 1415, VUNA01 sp002299625
2026-01-11 15:33:23.560382 INFO::Fitting model to feature number 1416, MGYG000327020
2026-01-11 15:33:23.565038 INFO::Fitting model to feature number 1417, Clostridioides difficile
2026-01-11 15:33:23.570678 INFO::Fitting model to feature number 1418, MGYG000369796
2026-01-11 15:33:23.576987 INFO::Fitting model to feature number 1419, MGYG000411069
2026-01-11 15:33:23.581311 INFO::Fitting model to feature number 1420, MGYG000328055
2026-01-11 15:33:23.58776 INFO::Fitting model to feature number 1421, MGYG000411369
2026-01-11 15:33:23.59175 INFO::Fitting model to feature number 1422, Clostridium sp910588715
2026-01-11 15:33:23.595105 INFO::Fitting model to feature number 1423, CAG-41 sp010206265
2026-01-11 15:33:23.59792 WARNING::Fitting problem for feature 1423 returning NA
2026-01-11 15:33:23.600079 INFO::Fitting model to feature number 1424, Parasutterella excrementihominis
2026-01-11 15:33:23.60776 INFO::Fitting model to feature number 1425, Escherichia coli
2026-01-11 15:33:23.615561 INFO::Fitting model to feature number 1426, Klebsiella michiganensis
2026-01-11 15:33:23.623673 INFO::Fitting model to feature number 1427, MGYG000408998
2026-01-11 15:33:23.632725 INFO::Fitting model to feature number 1428, MGYG000324409
2026-01-11 15:33:23.642963 INFO::Fitting model to feature number 1429, MGYG000366359
2026-01-11 15:33:23.652108 INFO::Fitting model to feature number 1430, MGYG000411437
2026-01-11 15:33:23.660533 INFO::Fitting model to feature number 1431, MGYG000350430
2026-01-11 15:33:23.666618 INFO::Fitting model to feature number 1432, MGYG000346441
2026-01-11 15:33:23.670472 WARNING::Fitting problem for feature 1432 returning NA
2026-01-11 15:33:23.673627 INFO::Fitting model to feature number 1433, MGYG000322940
2026-01-11 15:33:23.680482 INFO::Fitting model to feature number 1434, MGYG000410841
2026-01-11 15:33:23.68773 INFO::Fitting model to feature number 1435, Zag111 sp910584405
2026-01-11 15:33:23.696107 INFO::Fitting model to feature number 1436, Avigastranaerophilus sp910583875
2026-01-11 15:33:23.699408 INFO::Fitting model to feature number 1437, MGBC122484 sp910583725
2026-01-11 15:33:23.703287 INFO::Fitting model to feature number 1438, MGYG000326931
2026-01-11 15:33:23.711044 INFO::Fitting model to feature number 1439, MGYG000405972
2026-01-11 15:33:23.718368 INFO::Fitting model to feature number 1440, MGYG000328795
2026-01-11 15:33:23.722769 WARNING::Fitting problem for feature 1440 returning NA
2026-01-11 15:33:23.725975 INFO::Fitting model to feature number 1441, HGM10857 sp910578745
2026-01-11 15:33:23.734373 INFO::Fitting model to feature number 1442, MGYG000410710
2026-01-11 15:33:23.74254 INFO::Fitting model to feature number 1443, Acetatifactor muris
2026-01-11 15:33:23.751093 INFO::Fitting model to feature number 1444, MGYG000325356
2026-01-11 15:33:23.759565 INFO::Fitting model to feature number 1445, MGYG000329400
2026-01-11 15:33:23.765885 INFO::Fitting model to feature number 1446, Coprocola sp910587735
2026-01-11 15:33:23.7738 INFO::Fitting model to feature number 1447, MGYG000387050
2026-01-11 15:33:23.779948 INFO::Fitting model to feature number 1448, MGYG000326286
2026-01-11 15:33:23.784923 INFO::Fitting model to feature number 1449, Ruminococcus sp910576995
2026-01-11 15:33:23.788996 INFO::Fitting model to feature number 1450, Ruminococcus sp910579835
2026-01-11 15:33:23.794084 INFO::Fitting model to feature number 1451, Ruminococcus sp900540005
2026-01-11 15:33:23.802596 INFO::Fitting model to feature number 1452, Ruminococcus sp002362175
2026-01-11 15:33:23.808107 INFO::Fitting model to feature number 1453, Ruminococcus sp910577575
2026-01-11 15:33:23.811687 INFO::Fitting model to feature number 1454, MGYG000410441
2026-01-11 15:33:23.814915 INFO::Fitting model to feature number 1455, MGYG000365643
2026-01-11 15:33:23.820904 INFO::Fitting model to feature number 1456, MGYG000369368
2026-01-11 15:33:23.824721 INFO::Fitting model to feature number 1457, MGYG000330830
2026-01-11 15:33:23.82887 WARNING::Fitting problem for feature 1457 returning NA
2026-01-11 15:33:23.832228 INFO::Fitting model to feature number 1458, MGYG000324069
2026-01-11 15:33:23.837746 INFO::Fitting model to feature number 1459, MGYG000392389
2026-01-11 15:33:23.842754 INFO::Fitting model to feature number 1460, Coproplasma sp910578195
2026-01-11 15:33:23.851211 INFO::Fitting model to feature number 1461, Gallimonas sp910588615
2026-01-11 15:33:23.856436 INFO::Fitting model to feature number 1462, Fimimonas sp910586905
2026-01-11 15:33:23.859878 INFO::Fitting model to feature number 1463, MGYG000329863
2026-01-11 15:33:23.865591 INFO::Fitting model to feature number 1464, Pseudomonas aeruginosa
2026-01-11 15:33:23.871418 INFO::Fitting model to feature number 1465, C-19 sp022799495
2026-01-11 15:33:23.87761 INFO::Fitting model to feature number 1466, MGBC140090 sp910586805
2026-01-11 15:33:23.883458 INFO::Fitting model to feature number 1467, MGYG000337677
2026-01-11 15:33:23.889606 INFO::Fitting model to feature number 1468, Staphylococcus nepalensis
2026-01-11 15:33:23.892983 INFO::Fitting model to feature number 1469, D16-34 sp910588485
2026-01-11 15:33:23.898512 INFO::Fitting model to feature number 1470, UMGS1502 sp900552365
2026-01-11 15:33:23.904315 INFO::Fitting model to feature number 1471, CACZQA01 sp900758075
2026-01-11 15:33:23.910566 INFO::Fitting model to feature number 1472, MGYG000325313
2026-01-11 15:33:23.91648 INFO::Fitting model to feature number 1473, Schaedlerella glycyrrhizinilytica_A
2026-01-11 15:33:23.922624 INFO::Fitting model to feature number 1474, MGYG000322968
2026-01-11 15:33:23.928598 INFO::Fitting model to feature number 1475, Butyribacter sp003612285
2026-01-11 15:33:23.931449 WARNING::Fitting problem for feature 1475 returning NA
2026-01-11 15:33:23.933666 INFO::Fitting model to feature number 1476, Butyribacter sp910580005
2026-01-11 15:33:23.940127 INFO::Fitting model to feature number 1477, MGYG000325492
2026-01-11 15:33:23.94575 INFO::Fitting model to feature number 1478, Acetatifactor sp910578815
2026-01-11 15:33:23.951731 INFO::Fitting model to feature number 1479, Acetatifactor sp910583845
2026-01-11 15:33:23.957866 INFO::Fitting model to feature number 1480, MGYG000328399
2026-01-11 15:33:23.96299 INFO::Fitting model to feature number 1481, Acetatifactor sp910587755
2026-01-11 15:33:23.968446 INFO::Fitting model to feature number 1482, MGYG000329698
2026-01-11 15:33:23.974579 INFO::Fitting model to feature number 1483, CAG-95 sp009774465
2026-01-11 15:33:23.980059 INFO::Fitting model to feature number 1484, MGYG000410124
2026-01-11 15:33:23.987032 INFO::Fitting model to feature number 1485, UBA2882 sp002362385
2026-01-11 15:33:23.993299 INFO::Fitting model to feature number 1486, MGYG000350270
2026-01-11 15:33:23.996424 INFO::Fitting model to feature number 1487, MGYG000411484
2026-01-11 15:33:23.999173 WARNING::Fitting problem for feature 1487 returning NA
2026-01-11 15:33:24.002206 INFO::Fitting model to feature number 1488, 1XD42-69 sp003612565
2026-01-11 15:33:24.010839 INFO::Fitting model to feature number 1489, MGYG000324730
2026-01-11 15:33:24.01972 INFO::Fitting model to feature number 1490, Blautia_A wexlerae
2026-01-11 15:33:24.024863 INFO::Fitting model to feature number 1491, Bariatricus comes
2026-01-11 15:33:24.029701 INFO::Fitting model to feature number 1492, Wujia sp002493625
2026-01-11 15:33:24.032606 WARNING::Fitting problem for feature 1492 returning NA
2026-01-11 15:33:24.034886 INFO::Fitting model to feature number 1493, MGYG000322947
2026-01-11 15:33:24.042513 INFO::Fitting model to feature number 1494, MGYG000322925
2026-01-11 15:33:24.045963 WARNING::Fitting problem for feature 1494 returning NA
2026-01-11 15:33:24.048137 INFO::Fitting model to feature number 1495, MGYG000330643
2026-01-11 15:33:24.051016 WARNING::Fitting problem for feature 1495 returning NA
2026-01-11 15:33:24.054136 INFO::Fitting model to feature number 1496, MGYG000325949
2026-01-11 15:33:24.062011 INFO::Fitting model to feature number 1497, Acutalibacter ornithocaccae
2026-01-11 15:33:24.092686 INFO::Fitting model to feature number 1498, Eubacterium_R sp910577195
2026-01-11 15:33:24.102015 INFO::Fitting model to feature number 1499, Avimonas_A sp022800315
2026-01-11 15:33:24.113735 INFO::Fitting model to feature number 1500, UBA3818 sp904397845
2026-01-11 15:33:24.12237 INFO::Fitting model to feature number 1501, MGYG000354216
2026-01-11 15:33:24.1282 INFO::Fitting model to feature number 1502, MGYG000350425
2026-01-11 15:33:24.136546 INFO::Fitting model to feature number 1503, MGYG000340095
2026-01-11 15:33:24.142051 INFO::Fitting model to feature number 1504, MGYG000336507
2026-01-11 15:33:24.151025 INFO::Fitting model to feature number 1505, Agrobacterium pusense
2026-01-11 15:33:24.160655 INFO::Fitting model to feature number 1506, MGYG000325577
2026-01-11 15:33:24.169011 INFO::Fitting model to feature number 1507, MGYG000325533
2026-01-11 15:33:24.178291 INFO::Fitting model to feature number 1508, MGYG000325757
2026-01-11 15:33:24.182704 WARNING::Fitting problem for feature 1508 returning NA
2026-01-11 15:33:24.185199 INFO::Fitting model to feature number 1509, MGYG000325642
2026-01-11 15:33:24.192956 INFO::Fitting model to feature number 1510, Limisoma sp900544305
2026-01-11 15:33:24.201257 INFO::Fitting model to feature number 1511, MGYG000325491
2026-01-11 15:33:24.209882 INFO::Fitting model to feature number 1512, MGYG000325376
2026-01-11 15:33:24.214836 INFO::Fitting model to feature number 1513, Alistipes putredinis
2026-01-11 15:33:24.223044 INFO::Fitting model to feature number 1514, MGYG000325739
2026-01-11 15:33:24.227877 INFO::Fitting model to feature number 1515, MGYG000325349
2026-01-11 15:33:24.236084 INFO::Fitting model to feature number 1516, MGYG000325640
2026-01-11 15:33:24.240649 WARNING::Fitting problem for feature 1516 returning NA
2026-01-11 15:33:24.243871 INFO::Fitting model to feature number 1517, Alistipes onderdonkii
2026-01-11 15:33:24.251571 INFO::Fitting model to feature number 1518, Alistipes sp003979135
2026-01-11 15:33:24.258484 INFO::Fitting model to feature number 1519, Alistipes sp900541585
2026-01-11 15:33:24.264705 INFO::Fitting model to feature number 1520, Alistipes_A ihumii
2026-01-11 15:33:24.270076 INFO::Fitting model to feature number 1521, Bacteroides eggerthii
2026-01-11 15:33:24.278089 INFO::Fitting model to feature number 1522, Prevotella faecis
2026-01-11 15:33:24.282039 WARNING::Fitting problem for feature 1522 returning NA
2026-01-11 15:33:24.285117 INFO::Fitting model to feature number 1523, Prevotella sp900557405
2026-01-11 15:33:24.289111 WARNING::Fitting problem for feature 1523 returning NA
2026-01-11 15:33:24.292273 INFO::Fitting model to feature number 1524, MGYG000325643
2026-01-11 15:33:24.299923 INFO::Fitting model to feature number 1525, Paraprevotella stercorigallinarum
2026-01-11 15:33:24.307478 INFO::Fitting model to feature number 1526, MGYG000325375
2026-01-11 15:33:24.313917 INFO::Fitting model to feature number 1527, C-19 sp009917405
2026-01-11 15:33:24.316788 WARNING::Fitting problem for feature 1527 returning NA
2026-01-11 15:33:24.319916 INFO::Fitting model to feature number 1528, MGYG000328692
2026-01-11 15:33:24.324292 WARNING::Fitting problem for feature 1528 returning NA
2026-01-11 15:33:24.326982 INFO::Fitting model to feature number 1529, UBA2730 sp022793235
2026-01-11 15:33:24.334452 INFO::Fitting model to feature number 1530, Bacillus licheniformis
2026-01-11 15:33:24.340529 INFO::Fitting model to feature number 1531, Mailhella sp910577155
2026-01-11 15:33:24.34741 INFO::Fitting model to feature number 1532, MGYG000403150
2026-01-11 15:33:24.351527 WARNING::Fitting problem for feature 1532 returning NA
2026-01-11 15:33:24.355155 INFO::Fitting model to feature number 1533, COE1 sp910586405
2026-01-11 15:33:24.363521 INFO::Fitting model to feature number 1534, COE1 sp009774345
2026-01-11 15:33:24.371074 INFO::Fitting model to feature number 1535, MGYG000329391
2026-01-11 15:33:24.377362 INFO::Fitting model to feature number 1536, MGYG000327122
2026-01-11 15:33:24.383101 INFO::Fitting model to feature number 1537, MGYG000326060
2026-01-11 15:33:24.387704 INFO::Fitting model to feature number 1538, MGYG000324350
2026-01-11 15:33:24.395153 INFO::Fitting model to feature number 1539, Copromonas sp000435795
2026-01-11 15:33:24.403383 INFO::Fitting model to feature number 1540, Kineothrix sp910586275
2026-01-11 15:33:24.409634 INFO::Fitting model to feature number 1541, MGYG000327375
2026-01-11 15:33:24.415118 INFO::Fitting model to feature number 1542, MGYG000331235
2026-01-11 15:33:24.420262 INFO::Fitting model to feature number 1543, MGBC111451 sp910578605
2026-01-11 15:33:24.426667 INFO::Fitting model to feature number 1544, MGYG000411179
2026-01-11 15:33:24.431853 INFO::Fitting model to feature number 1545, Faecalibacterium prausnitzii
2026-01-11 15:33:24.43716 INFO::Fitting model to feature number 1546, MGYG000325383
2026-01-11 15:33:24.441021 INFO::Fitting model to feature number 1547, MGYG000323634
2026-01-11 15:33:24.446182 INFO::Fitting model to feature number 1548, Pumilibacter muris
2026-01-11 15:33:24.452317 INFO::Fitting model to feature number 1549, SFMI01 sp004556155
2026-01-11 15:33:24.455023 WARNING::Fitting problem for feature 1549 returning NA
2026-01-11 15:33:24.457723 INFO::Fitting model to feature number 1550, Escherichia ruysiae
2026-01-11 15:33:24.462421 INFO::Fitting model to feature number 1551, Klebsiella variicola
2026-01-11 15:33:24.46729 INFO::Fitting model to feature number 1552, Citrobacter_A rodentium
2026-01-11 15:33:24.472443 INFO::Fitting model to feature number 1553, Citrobacter_A amalonaticus
2026-01-11 15:33:24.477517 INFO::Fitting model to feature number 1554, MGYG000339089
2026-01-11 15:33:24.479928 WARNING::Fitting problem for feature 1554 returning NA
2026-01-11 15:33:24.48188 INFO::Fitting model to feature number 1555, UBA7185 sp910585405
2026-01-11 15:33:24.484606 INFO::Fitting model to feature number 1556, Helicobacter_D ganmani
2026-01-11 15:33:24.48992 INFO::Fitting model to feature number 1557, URXU01 sp900541915
2026-01-11 15:33:24.492742 INFO::Fitting model to feature number 1558, Streptococcus danieliae
2026-01-11 15:33:24.497312 INFO::Fitting model to feature number 1559, Streptococcus alactolyticus
2026-01-11 15:33:24.501021 INFO::Fitting model to feature number 1560, MGYG000325510
2026-01-11 15:33:24.506919 INFO::Fitting model to feature number 1561, MGBC107952 sp910578855
2026-01-11 15:33:24.512452 INFO::Fitting model to feature number 1562, MGYG000322996
2026-01-11 15:33:24.518142 INFO::Fitting model to feature number 1563, Niallia sp001076885
2026-01-11 15:33:24.526063 INFO::Fitting model to feature number 1564, MGYG000387335
2026-01-11 15:33:24.53174 INFO::Fitting model to feature number 1565, UBA3282 sp910586615
2026-01-11 15:33:24.537891 INFO::Fitting model to feature number 1566, MGYG000325700
2026-01-11 15:33:24.543536 INFO::Fitting model to feature number 1567, UBA3282 sp910584965
2026-01-11 15:33:24.54841 INFO::Fitting model to feature number 1568, MGYG000325483
2026-01-11 15:33:24.553405 INFO::Fitting model to feature number 1569, MGYG000325802
2026-01-11 15:33:24.55935 INFO::Fitting model to feature number 1570, MGYG000329183
2026-01-11 15:33:24.56254 INFO::Fitting model to feature number 1571, UBA3282 sp910586705
2026-01-11 15:33:24.566129 INFO::Fitting model to feature number 1572, UBA3282 sp910578715
2026-01-11 15:33:24.573042 INFO::Fitting model to feature number 1573, MGYG000325820
2026-01-11 15:33:24.576158 INFO::Fitting model to feature number 1574, UBA3282 sp910578475
2026-01-11 15:33:24.579328 INFO::Fitting model to feature number 1575, MGYG000325646
2026-01-11 15:33:24.584327 INFO::Fitting model to feature number 1576, MGYG000373306
2026-01-11 15:33:24.586996 WARNING::Fitting problem for feature 1576 returning NA
2026-01-11 15:33:24.590026 INFO::Fitting model to feature number 1577, MGYG000329401
2026-01-11 15:33:24.594321 INFO::Fitting model to feature number 1578, MGYG000327529
2026-01-11 15:33:24.597692 INFO::Fitting model to feature number 1579, MGYG000410713
2026-01-11 15:33:24.60036 WARNING::Fitting problem for feature 1579 returning NA
2026-01-11 15:33:24.603512 INFO::Fitting model to feature number 1580, MGYG000325455
2026-01-11 15:33:24.611619 INFO::Fitting model to feature number 1581, Butyribacter sp910588655
2026-01-11 15:33:24.616225 INFO::Fitting model to feature number 1582, MGYG000330215
2026-01-11 15:33:24.624029 INFO::Fitting model to feature number 1583, Eubacterium_F sp910583555
2026-01-11 15:33:24.629616 INFO::Fitting model to feature number 1584, 14-2 sp910588885
2026-01-11 15:33:24.63506 INFO::Fitting model to feature number 1585, MGYG000325200
2026-01-11 15:33:24.642509 INFO::Fitting model to feature number 1586, MGYG000410031
2026-01-11 15:33:24.646939 INFO::Fitting model to feature number 1587, COE1 sp910588755
2026-01-11 15:33:24.655737 INFO::Fitting model to feature number 1588, COE1 sp910585765
2026-01-11 15:33:24.660183 WARNING::Fitting problem for feature 1588 returning NA
2026-01-11 15:33:24.664391 INFO::Fitting model to feature number 1589, COE1 sp009774375
2026-01-11 15:33:24.67175 INFO::Fitting model to feature number 1590, MGYG000324875
2026-01-11 15:33:24.678527 INFO::Fitting model to feature number 1591, MGYG000328347
2026-01-11 15:33:24.681993 INFO::Fitting model to feature number 1592, MGYG000331069
2026-01-11 15:33:24.687176 INFO::Fitting model to feature number 1593, MGYG000330172
2026-01-11 15:33:24.691631 INFO::Fitting model to feature number 1594, CAG-510 sp003979355
2026-01-11 15:33:24.695947 INFO::Fitting model to feature number 1595, RGIG4057 sp910585065
2026-01-11 15:33:24.701279 INFO::Fitting model to feature number 1596, CAG-603 sp022794265
2026-01-11 15:33:24.710026 INFO::Fitting model to feature number 1597, MGYG000325692
2026-01-11 15:33:24.715197 INFO::Fitting model to feature number 1598, MGYG000328520
2026-01-11 15:33:24.72256 INFO::Fitting model to feature number 1599, MGYG000325327
2026-01-11 15:33:24.729171 INFO::Fitting model to feature number 1600, UBA7050 sp003979345
2026-01-11 15:33:24.732563 INFO::Fitting model to feature number 1601, MGYG000325605
2026-01-11 15:33:24.74077 INFO::Fitting model to feature number 1602, MGBC140009 sp910586015
2026-01-11 15:33:24.748262 INFO::Fitting model to feature number 1603, MGYG000327466
2026-01-11 15:33:24.751595 WARNING::Fitting problem for feature 1603 returning NA
2026-01-11 15:33:24.753828 INFO::Fitting model to feature number 1604, Clostridium_AP sp000509125
2026-01-11 15:33:24.75766 WARNING::Fitting problem for feature 1604 returning NA
2026-01-11 15:33:24.760119 INFO::Fitting model to feature number 1605, MGYG000329308
2026-01-11 15:33:24.765463 INFO::Fitting model to feature number 1606, MGYG000410975
2026-01-11 15:33:24.768612 INFO::Fitting model to feature number 1607, Dysosmobacter welbionis
2026-01-11 15:33:24.774635 INFO::Fitting model to feature number 1608, MGYG000360335
2026-01-11 15:33:24.779755 INFO::Fitting model to feature number 1609, MGYG000329306
2026-01-11 15:33:24.783056 INFO::Fitting model to feature number 1610, Avispirillum sp910586545
2026-01-11 15:33:24.790481 INFO::Fitting model to feature number 1611, Anaerocaecibacter sp910586925
2026-01-11 15:33:24.794426 INFO::Fitting model to feature number 1612, Anaerocaecibacter sp910577995
2026-01-11 15:33:24.79946 INFO::Fitting model to feature number 1613, MGBC157735 sp910585955
2026-01-11 15:33:24.803852 INFO::Fitting model to feature number 1614, Pumilibacter sp910587595
2026-01-11 15:33:24.80877 INFO::Fitting model to feature number 1615, Protoclostridium sp910587025
2026-01-11 15:33:24.814604 INFO::Fitting model to feature number 1616, Coproplasma sp910587625
2026-01-11 15:33:24.819508 INFO::Fitting model to feature number 1617, Coproplasma sp910579705
2026-01-11 15:33:24.8231 INFO::Fitting model to feature number 1618, MGYG000327859
2026-01-11 15:33:24.82801 INFO::Fitting model to feature number 1619, Lentihominibacter faecis
2026-01-11 15:33:24.831574 INFO::Fitting model to feature number 1620, MGYG000324400
2026-01-11 15:33:24.836286 INFO::Fitting model to feature number 1621, MGYG000357081
2026-01-11 15:33:24.839728 INFO::Fitting model to feature number 1622, Leuconostoc citreum
2026-01-11 15:33:24.842378 WARNING::Fitting problem for feature 1622 returning NA
2026-01-11 15:33:24.844305 INFO::Fitting model to feature number 1623, Enterococcus_E cecorum
2026-01-11 15:33:24.846761 WARNING::Fitting problem for feature 1623 returning NA
2026-01-11 15:33:24.84873 INFO::Fitting model to feature number 1624, MGYG000410809
2026-01-11 15:33:24.851102 WARNING::Fitting problem for feature 1624 returning NA
2026-01-11 15:33:24.852988 INFO::Fitting model to feature number 1625, Anaerotardibacter sp000434775
2026-01-11 15:33:24.855711 WARNING::Fitting problem for feature 1625 returning NA
2026-01-11 15:33:24.857906 INFO::Fitting model to feature number 1626, MGYG000325716
2026-01-11 15:33:24.862582 INFO::Fitting model to feature number 1627, Bacteroides fragilis
2026-01-11 15:33:24.864983 WARNING::Fitting problem for feature 1627 returning NA
2026-01-11 15:33:24.866847 INFO::Fitting model to feature number 1628, Eubacterium_F sp910589595
2026-01-11 15:33:24.869518 INFO::Fitting model to feature number 1629, Acetatifactor sp910584435
2026-01-11 15:33:24.872159 WARNING::Fitting problem for feature 1629 returning NA
2026-01-11 15:33:24.874433 INFO::Fitting model to feature number 1630, Butyribacter sp003611745
2026-01-11 15:33:24.877196 INFO::Fitting model to feature number 1631, MGYG000410930
2026-01-11 15:33:24.881626 INFO::Fitting model to feature number 1632, MGYG000410149
2026-01-11 15:33:24.886157 INFO::Fitting model to feature number 1633, MGYG000328377
2026-01-11 15:33:24.888944 WARNING::Fitting problem for feature 1633 returning NA
2026-01-11 15:33:24.891982 INFO::Fitting model to feature number 1634, MGYG000324606
2026-01-11 15:33:24.89479 WARNING::Fitting problem for feature 1634 returning NA
2026-01-11 15:33:24.896709 INFO::Fitting model to feature number 1635, Dorea_A longicatena
2026-01-11 15:33:24.899071 WARNING::Fitting problem for feature 1635 returning NA
2026-01-11 15:33:24.900944 INFO::Fitting model to feature number 1636, MGYG000323390
2026-01-11 15:33:24.903213 WARNING::Fitting problem for feature 1636 returning NA
2026-01-11 15:33:24.905086 INFO::Fitting model to feature number 1637, CALWPV01 sp022794035
2026-01-11 15:33:24.908772 INFO::Fitting model to feature number 1638, Dysosmobacter sp900763685
2026-01-11 15:33:24.91115 WARNING::Fitting problem for feature 1638 returning NA
2026-01-11 15:33:24.91362 INFO::Fitting model to feature number 1639, Evtepia sp004556345
2026-01-11 15:33:24.917083 WARNING::Fitting problem for feature 1639 returning NA
2026-01-11 15:33:24.919133 INFO::Fitting model to feature number 1640, Evtepia gabavorous
2026-01-11 15:33:24.921729 WARNING::Fitting problem for feature 1640 returning NA
2026-01-11 15:33:24.924939 INFO::Fitting model to feature number 1641, MGYG000387732
2026-01-11 15:33:24.927982 WARNING::Fitting problem for feature 1641 returning NA
2026-01-11 15:33:24.930208 INFO::Fitting model to feature number 1642, Avoscillospira_A sp022795735
2026-01-11 15:33:24.933345 WARNING::Fitting problem for feature 1642 returning NA
2026-01-11 15:33:24.936012 INFO::Fitting model to feature number 1643, Eubacterium_R sp009774735
2026-01-11 15:33:24.939489 INFO::Fitting model to feature number 1644, MGYG000325665
2026-01-11 15:33:24.945519 INFO::Fitting model to feature number 1645, Eubacterium_R sp910584985
2026-01-11 15:33:24.950192 INFO::Fitting model to feature number 1646, MGYG000325508
2026-01-11 15:33:24.954232 INFO::Fitting model to feature number 1647, Eubacterium_R sp910577215
2026-01-11 15:33:24.959213 INFO::Fitting model to feature number 1648, MGYG000325451
2026-01-11 15:33:24.964162 INFO::Fitting model to feature number 1649, MGYG000403628
2026-01-11 15:33:24.969095 INFO::Fitting model to feature number 1650, MGYG000327108
2026-01-11 15:33:24.974269 INFO::Fitting model to feature number 1651, Bittarella massiliensis
2026-01-11 15:33:24.978308 WARNING::Fitting problem for feature 1651 returning NA
2026-01-11 15:33:24.981268 INFO::Fitting model to feature number 1652, MGYG000327115
2026-01-11 15:33:24.985087 WARNING::Fitting problem for feature 1652 returning NA
2026-01-11 15:33:24.987849 INFO::Fitting model to feature number 1653, MGYG000358052
2026-01-11 15:33:24.99463 INFO::Fitting model to feature number 1654, MGYG000325728
2026-01-11 15:33:24.998217 WARNING::Fitting problem for feature 1654 returning NA
2026-01-11 15:33:25.001058 INFO::Fitting model to feature number 1655, Brachyspira sp910588665
2026-01-11 15:33:25.00847 INFO::Fitting model to feature number 1656, MGYG000410730
2026-01-11 15:33:25.011959 WARNING::Fitting problem for feature 1656 returning NA
2026-01-11 15:33:25.014646 INFO::Fitting model to feature number 1657, MGYG000325324
2026-01-11 15:33:25.018696 INFO::Fitting model to feature number 1658, MGYG000325708
2026-01-11 15:33:25.022369 WARNING::Fitting problem for feature 1658 returning NA
2026-01-11 15:33:25.025943 INFO::Fitting model to feature number 1659, MGYG000383351
2026-01-11 15:33:25.029607 WARNING::Fitting problem for feature 1659 returning NA
2026-01-11 15:33:25.031749 INFO::Fitting model to feature number 1660, MGYG000328450
2026-01-11 15:33:25.035015 INFO::Fitting model to feature number 1661, MGYG000410978
2026-01-11 15:33:25.037835 WARNING::Fitting problem for feature 1661 returning NA
2026-01-11 15:33:25.040659 INFO::Fitting model to feature number 1662, MGYG000325740
2026-01-11 15:33:25.044014 INFO::Fitting model to feature number 1663, MGYG000329907
2026-01-11 15:33:25.068963 INFO::Fitting model to feature number 1664, Agathobacter rectalis
2026-01-11 15:33:25.073696 INFO::Fitting model to feature number 1665, MGBC114844 sp910585855
2026-01-11 15:33:25.078719 INFO::Fitting model to feature number 1666, Oliverpabstia sp002361775
2026-01-11 15:33:25.083793 INFO::Fitting model to feature number 1667, Dorea_A longicatena_B
2026-01-11 15:33:25.088274 INFO::Fitting model to feature number 1668, JAAVZI01 sp022791575
2026-01-11 15:33:25.092367 WARNING::Fitting problem for feature 1668 returning NA
2026-01-11 15:33:25.095197 INFO::Fitting model to feature number 1669, MGYG000411499
2026-01-11 15:33:25.102508 INFO::Fitting model to feature number 1670, CAJFUH01 sp022799115
2026-01-11 15:33:25.10692 INFO::Fitting model to feature number 1671, QAKD01 sp022793975
2026-01-11 15:33:25.109717 WARNING::Fitting problem for feature 1671 returning NA
2026-01-11 15:33:25.111926 INFO::Fitting model to feature number 1672, Reyranella aquatilis
2026-01-11 15:33:25.114783 WARNING::Fitting problem for feature 1672 returning NA
2026-01-11 15:33:25.117224 INFO::Fitting model to feature number 1673, MGYG000339341
2026-01-11 15:33:25.12027 WARNING::Fitting problem for feature 1673 returning NA
2026-01-11 15:33:25.123086 INFO::Fitting model to feature number 1674, Collinsella bouchesdurhonensis
2026-01-11 15:33:25.126638 WARNING::Fitting problem for feature 1674 returning NA
2026-01-11 15:33:25.129404 INFO::Fitting model to feature number 1675, Desulfovibrio sp900319575
2026-01-11 15:33:25.133223 WARNING::Fitting problem for feature 1675 returning NA
2026-01-11 15:33:25.135955 INFO::Fitting model to feature number 1676, MGYG000325614
2026-01-11 15:33:25.143572 INFO::Fitting model to feature number 1677, Dielma fastidiosa
2026-01-11 15:33:25.15188 INFO::Fitting model to feature number 1678, UBA1067 sp902788415
2026-01-11 15:33:25.156597 WARNING::Fitting problem for feature 1678 returning NA
2026-01-11 15:33:25.160034 INFO::Fitting model to feature number 1679, UBA3282 sp910578555
2026-01-11 15:33:25.16353 WARNING::Fitting problem for feature 1679 returning NA
2026-01-11 15:33:25.166349 INFO::Fitting model to feature number 1680, MGYG000330584
2026-01-11 15:33:25.169804 WARNING::Fitting problem for feature 1680 returning NA
2026-01-11 15:33:25.172725 INFO::Fitting model to feature number 1681, MGYG000410602
2026-01-11 15:33:25.176214 WARNING::Fitting problem for feature 1681 returning NA
2026-01-11 15:33:25.178335 INFO::Fitting model to feature number 1682, Howiella sp022791355
2026-01-11 15:33:25.183437 INFO::Fitting model to feature number 1683, QXXE01 sp910589115
2026-01-11 15:33:25.18611 WARNING::Fitting problem for feature 1683 returning NA
2026-01-11 15:33:25.188209 INFO::Fitting model to feature number 1684, Anaerocaecibacter sp910587805
2026-01-11 15:33:25.195007 INFO::Fitting model to feature number 1685, Ventricola sp900542395
2026-01-11 15:33:25.198462 WARNING::Fitting problem for feature 1685 returning NA
2026-01-11 15:33:25.200602 INFO::Fitting model to feature number 1686, MGYG000330825
2026-01-11 15:33:25.203419 WARNING::Fitting problem for feature 1686 returning NA
2026-01-11 15:33:25.206454 INFO::Fitting model to feature number 1687, MGYG000376566
2026-01-11 15:33:25.214383 INFO::Fitting model to feature number 1688, CAG-267 sp910576955
2026-01-11 15:33:25.221848 INFO::Fitting model to feature number 1689, MGYG000335208
2026-01-11 15:33:25.225796 WARNING::Fitting problem for feature 1689 returning NA
2026-01-11 15:33:25.228591 INFO::Fitting model to feature number 1690, MGYG000326756
2026-01-11 15:33:25.232337 WARNING::Fitting problem for feature 1690 returning NA
2026-01-11 15:33:25.235404 INFO::Fitting model to feature number 1691, Longicatena caecimuris
2026-01-11 15:33:25.241518 INFO::Fitting model to feature number 1692, MGYG000324718
2026-01-11 15:33:25.246286 INFO::Fitting model to feature number 1693, MGYG000326954
2026-01-11 15:33:25.251312 INFO::Fitting model to feature number 1694, Coproplasma sp910578655
2026-01-11 15:33:25.255567 INFO::Fitting model to feature number 1695, Parabacteroides faecavium
2026-01-11 15:33:25.261526 INFO::Fitting model to feature number 1696, MGYG000325474
2026-01-11 15:33:25.266788 INFO::Fitting model to feature number 1697, Gallimonas sp910588465
2026-01-11 15:33:25.271935 INFO::Fitting model to feature number 1698, Ralstonia pickettii_B
2026-01-11 15:33:25.27513 WARNING::Fitting problem for feature 1698 returning NA
2026-01-11 15:33:25.27718 INFO::Fitting model to feature number 1699, MGYG000327731
2026-01-11 15:33:25.279744 WARNING::Fitting problem for feature 1699 returning NA
2026-01-11 15:33:25.281925 INFO::Fitting model to feature number 1700, MGYG000325340
2026-01-11 15:33:25.285821 WARNING::Fitting problem for feature 1700 returning NA
2026-01-11 15:33:25.288986 INFO::Fitting model to feature number 1701, MGYG000325552
2026-01-11 15:33:25.293588 INFO::Fitting model to feature number 1702, MGYG000374819
2026-01-11 15:33:25.297581 INFO::Fitting model to feature number 1703, MGYG000325616
2026-01-11 15:33:25.301054 WARNING::Fitting problem for feature 1703 returning NA
2026-01-11 15:33:25.303923 INFO::Fitting model to feature number 1704, Butyribacter sp910577825
2026-01-11 15:33:25.308454 INFO::Fitting model to feature number 1705, MGYG000328455
2026-01-11 15:33:25.313067 INFO::Fitting model to feature number 1706, MGYG000329982
2026-01-11 15:33:25.316596 INFO::Fitting model to feature number 1707, MGYG000329041
2026-01-11 15:33:25.320735 INFO::Fitting model to feature number 1708, MGYG000331355
2026-01-11 15:33:25.32559 INFO::Fitting model to feature number 1709, VSOB01 sp910585205
2026-01-11 15:33:25.332722 INFO::Fitting model to feature number 1710, MGYG000324619
2026-01-11 15:33:25.337176 INFO::Fitting model to feature number 1711, MGYG000325654
2026-01-11 15:33:25.34227 INFO::Fitting model to feature number 1712, MGYG000330463
2026-01-11 15:33:25.34635 WARNING::Fitting problem for feature 1712 returning NA
2026-01-11 15:33:25.349383 INFO::Fitting model to feature number 1713, MGYG000322973
2026-01-11 15:33:25.353754 INFO::Fitting model to feature number 1714, Robinsoniella sp900555455
2026-01-11 15:33:25.35778 WARNING::Fitting problem for feature 1714 returning NA
2026-01-11 15:33:25.360013 INFO::Fitting model to feature number 1715, Lawsonibacter asaccharolyticus
2026-01-11 15:33:25.362772 WARNING::Fitting problem for feature 1715 returning NA
2026-01-11 15:33:25.364925 INFO::Fitting model to feature number 1716, Enterenecus sp932222125
2026-01-11 15:33:25.368481 WARNING::Fitting problem for feature 1716 returning NA
2026-01-11 15:33:25.371516 INFO::Fitting model to feature number 1717, MGYG000330031
2026-01-11 15:33:25.375129 WARNING::Fitting problem for feature 1717 returning NA
2026-01-11 15:33:25.377189 INFO::Fitting model to feature number 1718, MGYG000327784
2026-01-11 15:33:25.380107 INFO::Fitting model to feature number 1719, MGYG000336017
2026-01-11 15:33:25.383002 INFO::Fitting model to feature number 1720, MGYG000410450
2026-01-11 15:33:25.386854 INFO::Fitting model to feature number 1721, MGYG000390383
2026-01-11 15:33:25.391632 INFO::Fitting model to feature number 1722, MGYG000322982
2026-01-11 15:33:25.39588 INFO::Fitting model to feature number 1723, CAG-170 sp900553545
2026-01-11 15:33:25.399351 WARNING::Fitting problem for feature 1723 returning NA
2026-01-11 15:33:25.402132 INFO::Fitting model to feature number 1724, Oscillibacter sp002455655
2026-01-11 15:33:25.405581 WARNING::Fitting problem for feature 1724 returning NA
2026-01-11 15:33:25.408588 INFO::Fitting model to feature number 1725, MGYG000325106
2026-01-11 15:33:25.4126 INFO::Fitting model to feature number 1726, Angelakisella sp022794295
2026-01-11 15:33:25.415894 INFO::Fitting model to feature number 1727, UBA3818 sp910578255
2026-01-11 15:33:25.418786 WARNING::Fitting problem for feature 1727 returning NA
2026-01-11 15:33:25.421078 INFO::Fitting model to feature number 1728, MGYG000325720
2026-01-11 15:33:25.424991 INFO::Fitting model to feature number 1729, MGYG000326653
2026-01-11 15:33:25.428258 INFO::Fitting model to feature number 1730, Ruminococcus_C sp000433635
2026-01-11 15:33:25.431477 INFO::Fitting model to feature number 1731, Harryflintia sp022792175
2026-01-11 15:33:25.434233 WARNING::Fitting problem for feature 1731 returning NA
2026-01-11 15:33:25.437045 INFO::Fitting model to feature number 1732, MGYG000410206
2026-01-11 15:33:25.441463 INFO::Fitting model to feature number 1733, MGYG000410157
2026-01-11 15:33:25.445394 INFO::Fitting model to feature number 1734, Fimimonas sp910586625
2026-01-11 15:33:25.449351 INFO::Fitting model to feature number 1735, MGYG000344714
2026-01-11 15:33:25.455547 INFO::Fitting model to feature number 1736, MGYG000324647
2026-01-11 15:33:25.458771 WARNING::Fitting problem for feature 1736 returning NA
2026-01-11 15:33:25.460998 INFO::Fitting model to feature number 1737, MGYG000409944
2026-01-11 15:33:25.464204 INFO::Fitting model to feature number 1738, MGYG000377617
2026-01-11 15:33:25.467117 WARNING::Fitting problem for feature 1738 returning NA
2026-01-11 15:33:25.469339 INFO::Fitting model to feature number 1739, MGYG000325091
2026-01-11 15:33:25.472909 INFO::Fitting model to feature number 1740, Atopostipes sp910588235
2026-01-11 15:33:25.478231 INFO::Fitting model to feature number 1741, MGYG000325609
2026-01-11 15:33:25.481354 INFO::Fitting model to feature number 1742, Cryptobacteroides sp000434935
2026-01-11 15:33:25.48529 INFO::Fitting model to feature number 1743, MGBC119817 sp910585335
2026-01-11 15:33:25.488276 INFO::Fitting model to feature number 1744, MGYG000325369
2026-01-11 15:33:25.491697 WARNING::Fitting problem for feature 1744 returning NA
2026-01-11 15:33:25.493887 INFO::Fitting model to feature number 1745, MGYG000325412
2026-01-11 15:33:25.497753 INFO::Fitting model to feature number 1746, MGYG000329682
2026-01-11 15:33:25.501133 INFO::Fitting model to feature number 1747, MGYG000323975
2026-01-11 15:33:25.504319 INFO::Fitting model to feature number 1748, MGYG000330936
2026-01-11 15:33:25.508104 INFO::Fitting model to feature number 1749, Alistipes shahii
2026-01-11 15:33:25.511939 INFO::Fitting model to feature number 1750, Eisenbergiella sp900066775
2026-01-11 15:33:25.515857 INFO::Fitting model to feature number 1751, Murimonas intestini
2026-01-11 15:33:25.519802 INFO::Fitting model to feature number 1752, Mediterraneibacter torques
2026-01-11 15:33:25.52417 INFO::Fitting model to feature number 1753, Caccousia sp900752115
2026-01-11 15:33:25.528155 INFO::Fitting model to feature number 1754, MGYG000327130
2026-01-11 15:33:25.53131 INFO::Fitting model to feature number 1755, Klebsiella pneumoniae
2026-01-11 15:33:25.536499 INFO::Fitting model to feature number 1756, Citrobacter_A sedlakii
2026-01-11 15:33:25.542527 INFO::Fitting model to feature number 1757, Proteus faecis
2026-01-11 15:33:25.547836 INFO::Fitting model to feature number 1758, Paraprevotella sp910584955
2026-01-11 15:33:25.551186 WARNING::Fitting problem for feature 1758 returning NA
2026-01-11 15:33:25.554095 INFO::Fitting model to feature number 1759, Paraprevotella clara
2026-01-11 15:33:25.557972 WARNING::Fitting problem for feature 1759 returning NA
2026-01-11 15:33:25.560638 INFO::Fitting model to feature number 1760, RUG572 sp900547945
2026-01-11 15:33:25.564 WARNING::Fitting problem for feature 1760 returning NA
2026-01-11 15:33:25.566781 INFO::Fitting model to feature number 1761, Streptococcus thermophilus
2026-01-11 15:33:25.570135 INFO::Fitting model to feature number 1762, MGYG000392040
2026-01-11 15:33:25.573938 INFO::Fitting model to feature number 1763, MGYG000336888
2026-01-11 15:33:25.577458 INFO::Fitting model to feature number 1764, MGYG000323672
2026-01-11 15:33:25.581676 INFO::Fitting model to feature number 1765, Streptococcus sp000187445
2026-01-11 15:33:25.586462 INFO::Fitting model to feature number 1766, Mycobacterium aubagnense
2026-01-11 15:33:25.590492 INFO::Fitting model to feature number 1767, Pseudomonas_E shahriarae
2026-01-11 15:33:25.771706 INFO::Performing tests against medians
2026-01-11 15:33:42.622304 INFO::Counting total values for each feature
2026-01-11 15:33:42.826837 INFO::Running the logistic model component
2026-01-11 15:33:42.833312 DEBUG::Object: augment, Size: 56
2026-01-11 15:33:42.833846 DEBUG::Object: cluster, Size: 0
2026-01-11 15:33:42.834325 DEBUG::Object: cores, Size: 56
2026-01-11 15:33:42.834931 DEBUG::Object: correction, Size: 112
2026-01-11 15:33:42.835554 DEBUG::Object: extract_out, Size: 1696
2026-01-11 15:33:42.83616 DEBUG::Object: feature_specific_covariate, Size: 0
2026-01-11 15:33:42.836866 DEBUG::Object: feature_specific_covariate_name, Size: 0
2026-01-11 15:33:42.837562 DEBUG::Object: feature_specific_covariate_record, Size: 0
2026-01-11 15:33:42.838324 DEBUG::Object: features, Size: 814192
2026-01-11 15:33:42.83887 DEBUG::Object: formula, Size: 1288
2026-01-11 15:33:42.839402 DEBUG::Object: fun_list, Size: 70920
2026-01-11 15:33:42.840045 DEBUG::Object: func_to_run, Size: 435336
2026-01-11 15:33:42.840604 DEBUG::Object: groups, Size: 48
2026-01-11 15:33:42.841181 DEBUG::Object: median_comparison, Size: 56
2026-01-11 15:33:42.841753 DEBUG::Object: median_comparison_threshold, Size: 56
2026-01-11 15:33:42.842174 DEBUG::Object: metadata, Size: 13664
2026-01-11 15:33:42.842494 DEBUG::Object: model, Size: 120
2026-01-11 15:33:42.842871 DEBUG::Object: model_function, Size: 21016
2026-01-11 15:33:42.843219 DEBUG::Object: ordereds, Size: 48
2026-01-11 15:33:42.843534 DEBUG::Object: random_effects_formula, Size: 0
2026-01-11 15:33:42.84382 DEBUG::Object: ranef_function, Size: 0
2026-01-11 15:33:42.84409 DEBUG::Object: save_models, Size: 56
2026-01-11 15:33:42.844353 DEBUG::Object: small_random_effects, Size: 56
2026-01-11 15:33:42.844612 DEBUG::Object: strata, Size: 48
2026-01-11 15:33:42.844946 DEBUG::Object: subtract_median, Size: 56
2026-01-11 15:33:42.845253 DEBUG::Object: summary_function, Size: 49424
2026-01-11 15:33:42.845634 DEBUG::Object: func_to_run, Size: 435336
2026-01-11 15:33:42.845977 INFO::Fitting model to feature number 1, Akkermansia muciniphila_A
2026-01-11 15:33:42.84805 INFO::Fitting model to feature number 2, Akkermansia muciniphila
2026-01-11 15:33:42.850923 INFO::Fitting model to feature number 3, Faecalibaculum rodentium
2026-01-11 15:33:42.85325 INFO::Fitting model to feature number 4, Pelethenecus sp910579215
2026-01-11 15:33:42.864351 INFO::Fitting model to feature number 5, MGYG000325581
2026-01-11 15:33:42.874711 INFO::Fitting model to feature number 6, Alistipes finegoldii
2026-01-11 15:33:42.876972 INFO::Fitting model to feature number 7, MGYG000325477
2026-01-11 15:33:42.885019 INFO::Fitting model to feature number 8, Paramuribaculum sp001689535
2026-01-11 15:33:42.894083 INFO::Fitting model to feature number 9, Paramuribaculum sp910587425
2026-01-11 15:33:42.905598 INFO::Fitting model to feature number 10, Muribaculum intestinale
2026-01-11 15:33:42.915804 INFO::Fitting model to feature number 11, NM07-P-09 sp004793925
2026-01-11 15:33:42.918019 INFO::Fitting model to feature number 12, ZJ304 sp910584145
2026-01-11 15:33:42.927099 INFO::Fitting model to feature number 13, Bifidobacterium globosum
2026-01-11 15:33:42.935525 INFO::Fitting model to feature number 14, MGYG000333678
2026-01-11 15:33:42.938136 INFO::Fitting model to feature number 15, Schaedlerella sp910575475
2026-01-11 15:33:42.946861 INFO::Fitting model to feature number 16, Lawsonibacter sp910588635
2026-01-11 15:33:42.949743 INFO::Fitting model to feature number 17, MGBC122484 sp910587055
2026-01-11 15:33:42.958236 INFO::Fitting model to feature number 18, Desulfovibrio sp009773975
2026-01-11 15:33:42.96002 INFO::Fitting model to feature number 19, NM07-P-09 sp004793665
2026-01-11 15:33:42.96687 INFO::Fitting model to feature number 20, MGBC105563 sp910579165
2026-01-11 15:33:42.976439 INFO::Fitting model to feature number 21, MGYG000327895
2026-01-11 15:33:42.984316 INFO::Fitting model to feature number 22, Paratractidigestivibacter faecalis
2026-01-11 15:33:42.994401 INFO::Fitting model to feature number 23, Paratractidigestivibacter sp900540955
2026-01-11 15:33:43.004545 INFO::Fitting model to feature number 24, MGYG000330582
2026-01-11 15:33:43.013484 INFO::Fitting model to feature number 25, MGYG000329032
2026-01-11 15:33:43.025211 INFO::Fitting model to feature number 26, Adlercreutzia muris
2026-01-11 15:33:43.036374 INFO::Fitting model to feature number 27, Adlercreutzia caecimuris
2026-01-11 15:33:43.044595 INFO::Fitting model to feature number 28, Adlercreutzia mucosicola
2026-01-11 15:33:43.054276 INFO::Fitting model to feature number 29, MGYG000329825
2026-01-11 15:33:43.062721 INFO::Fitting model to feature number 30, Adlercreutzia hattorii
2026-01-11 15:33:43.07167 INFO::Fitting model to feature number 31, Adlercreutzia sp910589165
2026-01-11 15:33:43.08071 INFO::Fitting model to feature number 32, MGYG000329537
2026-01-11 15:33:43.089958 INFO::Fitting model to feature number 33, MGYG000327852
2026-01-11 15:33:43.09746 INFO::Fitting model to feature number 34, Adlercreutzia sp910585575
2026-01-11 15:33:43.106091 INFO::Fitting model to feature number 35, MGBC163016 sp910588205
2026-01-11 15:33:43.113177 INFO::Fitting model to feature number 36, MGBC163016 sp910589135
2026-01-11 15:33:43.120514 INFO::Fitting model to feature number 37, MGBC163016 sp910588945
2026-01-11 15:33:43.127577 INFO::Fitting model to feature number 38, MGBC163016 sp910588905
2026-01-11 15:33:43.134311 INFO::Fitting model to feature number 39, MGYG000329984
2026-01-11 15:33:43.141647 INFO::Fitting model to feature number 40, MGYG000328464
2026-01-11 15:33:43.150652 INFO::Fitting model to feature number 41, MGYG000366993
2026-01-11 15:33:43.160989 INFO::Fitting model to feature number 42, MGBC163016 sp910585565
2026-01-11 15:33:43.173438 INFO::Fitting model to feature number 43, MGBC163016 sp910589125
2026-01-11 15:33:43.183969 INFO::Fitting model to feature number 44, MGYG000328353
2026-01-11 15:33:43.192658 INFO::Fitting model to feature number 45, MGBC163016 sp910580205
2026-01-11 15:33:43.200372 INFO::Fitting model to feature number 46, MGBC163016 sp910588985
2026-01-11 15:33:43.209891 INFO::Fitting model to feature number 47, MGBC163016 sp910588435
2026-01-11 15:33:43.22227 INFO::Fitting model to feature number 48, D16-63 sp910588095
2026-01-11 15:33:43.232734 INFO::Fitting model to feature number 49, MGYG000328321
2026-01-11 15:33:43.242876 INFO::Fitting model to feature number 50, MGYG000410711
2026-01-11 15:33:43.254558 INFO::Fitting model to feature number 51, Enterorhabdus sp009911695
2026-01-11 15:33:43.267363 INFO::Fitting model to feature number 52, MGYG000329834
2026-01-11 15:33:43.279538 INFO::Fitting model to feature number 53, Enterorhabdus sp910589695
2026-01-11 15:33:43.289691 INFO::Fitting model to feature number 54, D16-34 sp910575165
2026-01-11 15:33:43.30195 INFO::Fitting model to feature number 55, D16-34 sp003612515
2026-01-11 15:33:43.312044 INFO::Fitting model to feature number 56, D16-34 sp910577495
2026-01-11 15:33:43.322318 INFO::Fitting model to feature number 57, ZJ304 sp943192905
2026-01-11 15:33:43.330172 INFO::Fitting model to feature number 58, MGYG000401219
2026-01-11 15:33:43.339219 INFO::Fitting model to feature number 59, Parvibacter caecicola
2026-01-11 15:33:43.348067 INFO::Fitting model to feature number 60, Parvibacter sp910587945
2026-01-11 15:33:43.356942 INFO::Fitting model to feature number 61, MGYG000329896
2026-01-11 15:33:43.365036 INFO::Fitting model to feature number 62, Parvibacter sp910588725
2026-01-11 15:33:43.37382 INFO::Fitting model to feature number 63, MGYG000328306
2026-01-11 15:33:43.382245 INFO::Fitting model to feature number 64, MGYG000328451
2026-01-11 15:33:43.390904 INFO::Fitting model to feature number 65, Anaerotardibacter sp000435675
2026-01-11 15:33:43.399049 INFO::Fitting model to feature number 66, Anaerotardibacter sp900753095
2026-01-11 15:33:43.407475 INFO::Fitting model to feature number 67, Gordonibacter pamelaeae
2026-01-11 15:33:43.41572 INFO::Fitting model to feature number 68, Eggerthella lenta
2026-01-11 15:33:43.424433 INFO::Fitting model to feature number 69, Ellagibacter isourolithinifaciens
2026-01-11 15:33:43.468783 INFO::Fitting model to feature number 70, Senegalimassilia faecalis
2026-01-11 15:33:43.486741 INFO::Fitting model to feature number 71, Slackia_A isoflavoniconvertens
2026-01-11 15:33:43.504324 INFO::Fitting model to feature number 72, Collinsella aerofaciens_J
2026-01-11 15:33:43.522363 INFO::Fitting model to feature number 73, Enorma burkinafasonensis
2026-01-11 15:33:43.540063 INFO::Fitting model to feature number 74, MGYG000410812
2026-01-11 15:33:43.557778 INFO::Fitting model to feature number 75, UMGS124 sp900555105
2026-01-11 15:33:43.575016 INFO::Fitting model to feature number 76, Bifidobacterium animalis
2026-01-11 15:33:43.591663 INFO::Fitting model to feature number 77, Bifidobacterium adolescentis
2026-01-11 15:33:43.609079 INFO::Fitting model to feature number 78, Bifidobacterium pseudocatenulatum
2026-01-11 15:33:43.624181 INFO::Fitting model to feature number 79, Bifidobacterium bifidum
2026-01-11 15:33:43.639731 INFO::Fitting model to feature number 80, Bifidobacterium longum
2026-01-11 15:33:43.656641 INFO::Fitting model to feature number 81, MGYG000329693
2026-01-11 15:33:43.673712 INFO::Fitting model to feature number 82, Paramuribaculum intestinale
2026-01-11 15:33:43.689779 INFO::Fitting model to feature number 83, Paramuribaculum sp001689565
2026-01-11 15:33:43.706688 INFO::Fitting model to feature number 84, Paramuribaculum sp910579675
2026-01-11 15:33:43.718967 INFO::Fitting model to feature number 85, MGYG000329858
2026-01-11 15:33:43.728043 INFO::Fitting model to feature number 86, Paramuribaculum sp910578805
2026-01-11 15:33:43.738343 INFO::Fitting model to feature number 87, MGYG000325717
2026-01-11 15:33:43.749432 INFO::Fitting model to feature number 88, Paramuribaculum sp910579185
2026-01-11 15:33:43.759908 INFO::Fitting model to feature number 89, MGYG000329300
2026-01-11 15:33:43.77024 INFO::Fitting model to feature number 90, Paramuribaculum sp009775605
2026-01-11 15:33:43.781129 INFO::Fitting model to feature number 91, Paramuribaculum sp910586475
2026-01-11 15:33:43.790775 INFO::Fitting model to feature number 92, MGYG000325727
2026-01-11 15:33:43.799903 INFO::Fitting model to feature number 93, Paramuribaculum sp910588065
2026-01-11 15:33:43.81257 INFO::Fitting model to feature number 94, Paramuribaculum sp910578305
2026-01-11 15:33:43.823709 INFO::Fitting model to feature number 95, Paramuribaculum sp910587185
2026-01-11 15:33:43.832649 INFO::Fitting model to feature number 96, Paramuribaculum sp910577465
2026-01-11 15:33:43.841563 INFO::Fitting model to feature number 97, Paramuribaculum sp910586895
2026-01-11 15:33:43.849941 INFO::Fitting model to feature number 98, Paramuribaculum sp910589095
2026-01-11 15:33:43.859593 INFO::Fitting model to feature number 99, Paramuribaculum sp014800945
2026-01-11 15:33:43.867947 INFO::Fitting model to feature number 100, MGYG000325457
2026-01-11 15:33:43.877695 INFO::Fitting model to feature number 101, Paramuribaculum sp014802045
2026-01-11 15:33:43.889573 INFO::Fitting model to feature number 102, MGYG000325750
2026-01-11 15:33:43.901741 INFO::Fitting model to feature number 103, MGYG000325361
2026-01-11 15:33:43.912918 INFO::Fitting model to feature number 104, Paramuribaculum sp014801865
2026-01-11 15:33:43.923825 INFO::Fitting model to feature number 105, Paramuribaculum sp014801655
2026-01-11 15:33:43.933705 INFO::Fitting model to feature number 106, MGYG000325540
2026-01-11 15:33:43.943787 INFO::Fitting model to feature number 107, Duncaniella sp910576785
2026-01-11 15:33:43.95402 INFO::Fitting model to feature number 108, Duncaniella dubosii
2026-01-11 15:33:43.963761 INFO::Fitting model to feature number 109, Duncaniella sp910589485
2026-01-11 15:33:43.973552 INFO::Fitting model to feature number 110, Duncaniella sp001689575
2026-01-11 15:33:43.98405 INFO::Fitting model to feature number 111, Duncaniella muris
2026-01-11 15:33:43.998056 INFO::Fitting model to feature number 112, Duncaniella sp910578445
2026-01-11 15:33:44.011368 INFO::Fitting model to feature number 113, Duncaniella freteri
2026-01-11 15:33:44.025383 INFO::Fitting model to feature number 114, Duncaniella sp910578515
2026-01-11 15:33:44.036453 INFO::Fitting model to feature number 115, Duncaniella sp910577255
2026-01-11 15:33:44.049236 INFO::Fitting model to feature number 116, Duncaniella sp910577345
2026-01-11 15:33:44.058593 INFO::Fitting model to feature number 117, Duncaniella sp910577335
2026-01-11 15:33:44.067564 INFO::Fitting model to feature number 118, MGYG000325799
2026-01-11 15:33:44.076117 INFO::Fitting model to feature number 119, Duncaniella sp014802345
2026-01-11 15:33:44.08386 INFO::Fitting model to feature number 120, Duncaniella sp910578615
2026-01-11 15:33:44.092743 INFO::Fitting model to feature number 121, MGYG000325465
2026-01-11 15:33:44.101024 INFO::Fitting model to feature number 122, Duncaniella sp910586305
2026-01-11 15:33:44.110567 INFO::Fitting model to feature number 123, Duncaniella sp001689495
2026-01-11 15:33:44.119228 INFO::Fitting model to feature number 124, MGYG000327170
2026-01-11 15:33:44.131969 INFO::Fitting model to feature number 125, Duncaniella sp910584825
2026-01-11 15:33:44.145434 INFO::Fitting model to feature number 126, Duncaniella sp910587165
2026-01-11 15:33:44.158773 INFO::Fitting model to feature number 127, MGYG000325518
2026-01-11 15:33:44.172514 INFO::Fitting model to feature number 128, Duncaniella sp002494015
2026-01-11 15:33:44.186204 INFO::Fitting model to feature number 129, Duncaniella sp910587515
2026-01-11 15:33:44.202561 INFO::Fitting model to feature number 130, Duncaniella sp910586665
2026-01-11 15:33:44.215151 INFO::Fitting model to feature number 131, Duncaniella sp014801945
2026-01-11 15:33:44.228057 INFO::Fitting model to feature number 132, Duncaniella sp910588795
2026-01-11 15:33:44.253485 INFO::Fitting model to feature number 133, Duncaniella sp001701225
2026-01-11 15:33:44.278541 INFO::Fitting model to feature number 134, Duncaniella sp014802325
2026-01-11 15:33:44.299089 INFO::Fitting model to feature number 135, Duncaniella sp014802015
2026-01-11 15:33:44.312504 INFO::Fitting model to feature number 136, MGYG000325456
2026-01-11 15:33:44.325745 INFO::Fitting model to feature number 137, MGYG000325723
2026-01-11 15:33:44.340021 INFO::Fitting model to feature number 138, MGYG000325575
2026-01-11 15:33:44.361186 INFO::Fitting model to feature number 139, MGYG000325671
2026-01-11 15:33:44.374841 INFO::Fitting model to feature number 140, CAG-873 sp009775135
2026-01-11 15:33:44.386002 INFO::Fitting model to feature number 141, CAG-873 sp002490635
2026-01-11 15:33:44.399903 INFO::Fitting model to feature number 142, MGYG000328238
2026-01-11 15:33:44.409153 INFO::Fitting model to feature number 143, CAG-873 sp009775265
2026-01-11 15:33:44.417418 INFO::Fitting model to feature number 144, CAG-873 sp011959565
2026-01-11 15:33:44.428105 INFO::Fitting model to feature number 145, CAG-873 sp910578365
2026-01-11 15:33:44.436611 INFO::Fitting model to feature number 146, CAG-873 sp910587235
2026-01-11 15:33:44.447874 INFO::Fitting model to feature number 147, CAG-873 sp009775225
2026-01-11 15:33:44.457488 INFO::Fitting model to feature number 148, CAG-873 sp009775535
2026-01-11 15:33:44.466719 INFO::Fitting model to feature number 149, CAG-873 sp910577315
2026-01-11 15:33:44.477332 INFO::Fitting model to feature number 150, CAG-873 sp910584905
2026-01-11 15:33:44.487573 INFO::Fitting model to feature number 151, CAG-873 sp910587545
2026-01-11 15:33:44.496412 INFO::Fitting model to feature number 152, CAG-873 sp910586455
2026-01-11 15:33:44.507774 INFO::Fitting model to feature number 153, MGYG000324412
2026-01-11 15:33:44.519107 INFO::Fitting model to feature number 154, CAG-873 sp910587915
2026-01-11 15:33:44.527541 INFO::Fitting model to feature number 155, CAG-873 sp001689665
2026-01-11 15:33:44.535303 INFO::Fitting model to feature number 156, CAG-873 sp017624155
2026-01-11 15:33:44.543933 INFO::Fitting model to feature number 157, MGYG000329414
2026-01-11 15:33:44.55397 INFO::Fitting model to feature number 158, CAG-873 sp910578095
2026-01-11 15:33:44.564076 INFO::Fitting model to feature number 159, CAG-873 sp910586975
2026-01-11 15:33:44.573426 INFO::Fitting model to feature number 160, CAG-873 sp001689415
2026-01-11 15:33:44.581203 INFO::Fitting model to feature number 161, MGYG000325453
2026-01-11 15:33:44.591253 INFO::Fitting model to feature number 162, CAG-873 sp910587475
2026-01-11 15:33:44.599282 INFO::Fitting model to feature number 163, CAG-873 sp900550395
2026-01-11 15:33:44.61151 INFO::Fitting model to feature number 164, MGYG000325639
2026-01-11 15:33:44.62397 INFO::Fitting model to feature number 165, CAG-873 sp910576935
2026-01-11 15:33:44.637103 INFO::Fitting model to feature number 166, MGYG000328998
2026-01-11 15:33:44.650717 INFO::Fitting model to feature number 167, CAG-873 sp910578035
2026-01-11 15:33:44.659652 INFO::Fitting model to feature number 168, MGYG000322997
2026-01-11 15:33:44.67222 INFO::Fitting model to feature number 169, MGYG000325431
2026-01-11 15:33:44.727523 INFO::Fitting model to feature number 170, CAG-873 sp905202215
2026-01-11 15:33:44.73725 INFO::Fitting model to feature number 171, CAG-873 sp009775195
2026-01-11 15:33:44.747833 INFO::Fitting model to feature number 172, CAG-873 sp910586995
2026-01-11 15:33:44.756809 INFO::Fitting model to feature number 173, CAG-873 sp910577355
2026-01-11 15:33:44.766356 INFO::Fitting model to feature number 174, MGYG000325570
2026-01-11 15:33:44.777487 INFO::Fitting model to feature number 175, MGYG000325620
2026-01-11 15:33:44.78591 INFO::Fitting model to feature number 176, CAG-873 sp001701165
2026-01-11 15:33:44.794833 INFO::Fitting model to feature number 177, MGYG000325469
2026-01-11 15:33:44.803008 INFO::Fitting model to feature number 178, CAG-873 sp003979155
2026-01-11 15:33:44.815333 INFO::Fitting model to feature number 179, MGYG000325729
2026-01-11 15:33:44.825202 INFO::Fitting model to feature number 180, CAG-873 sp910576775
2026-01-11 15:33:44.834581 INFO::Fitting model to feature number 181, MGYG000325342
2026-01-11 15:33:44.842954 INFO::Fitting model to feature number 182, MGYG000325463
2026-01-11 15:33:44.850475 INFO::Fitting model to feature number 183, CAG-873 sp910587355
2026-01-11 15:33:44.859515 INFO::Fitting model to feature number 184, CAG-873 sp910583525
2026-01-11 15:33:44.867785 INFO::Fitting model to feature number 185, MGYG000328958
2026-01-11 15:33:44.877296 INFO::Fitting model to feature number 186, MGYG000325379
2026-01-11 15:33:44.885911 INFO::Fitting model to feature number 187, CAG-873 sp910584495
2026-01-11 15:33:44.894732 INFO::Fitting model to feature number 188, CAG-873 sp910589055
2026-01-11 15:33:44.903107 INFO::Fitting model to feature number 189, CAG-873 sp910586595
2026-01-11 15:33:44.912089 INFO::Fitting model to feature number 190, MGYG000325473
2026-01-11 15:33:44.924814 INFO::Fitting model to feature number 191, CAG-873 sp910587925
2026-01-11 15:33:44.93606 INFO::Fitting model to feature number 192, CAG-873 sp900555715
2026-01-11 15:33:44.949433 INFO::Fitting model to feature number 193, CAG-873 sp002493945
2026-01-11 15:33:44.958499 INFO::Fitting model to feature number 194, CAG-873 sp002491245
2026-01-11 15:33:44.967022 INFO::Fitting model to feature number 195, MGYG000329571
2026-01-11 15:33:44.97731 INFO::Fitting model to feature number 196, MGYG000325537
2026-01-11 15:33:44.987766 INFO::Fitting model to feature number 197, CAG-485 sp009775365
2026-01-11 15:33:44.997059 INFO::Fitting model to feature number 198, CAG-485 sp002493045
2026-01-11 15:33:45.010463 INFO::Fitting model to feature number 199, CAG-485 sp009775355
2026-01-11 15:33:45.022689 INFO::Fitting model to feature number 200, CAG-485 sp002362485
2026-01-11 15:33:45.03519 INFO::Fitting model to feature number 201, CAG-485 sp002361215
2026-01-11 15:33:45.04799 INFO::Fitting model to feature number 202, CAG-485 sp002491945
2026-01-11 15:33:45.060003 INFO::Fitting model to feature number 203, CAG-485 sp002361155
2026-01-11 15:33:45.071254 INFO::Fitting model to feature number 204, MGYG000410771
2026-01-11 15:33:45.080429 INFO::Fitting model to feature number 205, MGYG000325582
2026-01-11 15:33:45.093421 INFO::Fitting model to feature number 206, CAG-485 sp002493515
2026-01-11 15:33:45.103133 INFO::Fitting model to feature number 207, CAG-485 sp003979075
2026-01-11 15:33:45.113793 INFO::Fitting model to feature number 208, CAG-485 sp001701295
2026-01-11 15:33:45.124282 INFO::Fitting model to feature number 209, MGYG000325475
2026-01-11 15:33:45.134272 INFO::Fitting model to feature number 210, MGYG000327930
2026-01-11 15:33:45.143298 INFO::Fitting model to feature number 211, CAG-485 sp910584055
2026-01-11 15:33:45.151407 INFO::Fitting model to feature number 212, MGYG000325569
2026-01-11 15:33:45.161542 INFO::Fitting model to feature number 213, CAG-485 sp910579845
2026-01-11 15:33:45.174071 INFO::Fitting model to feature number 214, CAG-485 sp910584125
2026-01-11 15:33:45.186831 INFO::Fitting model to feature number 215, CAG-485 sp910578385
2026-01-11 15:33:45.195468 INFO::Fitting model to feature number 216, MGYG000325346
2026-01-11 15:33:45.203464 INFO::Fitting model to feature number 217, MGYG000324474
2026-01-11 15:33:45.212346 INFO::Fitting model to feature number 218, CAG-485 sp910586175
2026-01-11 15:33:45.220233 INFO::Fitting model to feature number 219, MGYG000329437
2026-01-11 15:33:45.22892 INFO::Fitting model to feature number 220, MGYG000325442
2026-01-11 15:33:45.237143 INFO::Fitting model to feature number 221, CAG-485 sp910577585
2026-01-11 15:33:45.246199 INFO::Fitting model to feature number 222, CAG-485 sp009775375
2026-01-11 15:33:45.255452 INFO::Fitting model to feature number 223, MGYG000347897
2026-01-11 15:33:45.262561 INFO::Fitting model to feature number 224, CAG-485 sp910578075
2026-01-11 15:33:45.269634 INFO::Fitting model to feature number 225, CAG-485 sp900554845
2026-01-11 15:33:45.277438 INFO::Fitting model to feature number 226, CAG-485 sp910583775
2026-01-11 15:33:45.284847 INFO::Fitting model to feature number 227, MGYG000325760
2026-01-11 15:33:45.295003 INFO::Fitting model to feature number 228, MGYG000325660
2026-01-11 15:33:45.303304 INFO::Fitting model to feature number 229, CAG-485 sp910584545
2026-01-11 15:33:45.312766 INFO::Fitting model to feature number 230, MGYG000325658
2026-01-11 15:33:45.323312 INFO::Fitting model to feature number 231, CAG-485 sp910584525
2026-01-11 15:33:45.335371 INFO::Fitting model to feature number 232, CAG-485 sp910583795
2026-01-11 15:33:45.347715 INFO::Fitting model to feature number 233, CAG-485 sp910585275
2026-01-11 15:33:45.361894 INFO::Fitting model to feature number 234, MGYG000325481
2026-01-11 15:33:45.371493 INFO::Fitting model to feature number 235, CAG-485 sp910589425
2026-01-11 15:33:45.381004 INFO::Fitting model to feature number 236, CAG-485 sp910588245
2026-01-11 15:33:45.389804 INFO::Fitting model to feature number 237, CAG-485 sp014801815
2026-01-11 15:33:45.400266 INFO::Fitting model to feature number 238, MGYG000329106
2026-01-11 15:33:45.409213 INFO::Fitting model to feature number 239, MGYG000325458
2026-01-11 15:33:45.417616 INFO::Fitting model to feature number 240, MGYG000325710
2026-01-11 15:33:45.426403 INFO::Fitting model to feature number 241, MGYG000325738
2026-01-11 15:33:45.435706 INFO::Fitting model to feature number 242, MGYG000325560
2026-01-11 15:33:45.446193 INFO::Fitting model to feature number 243, CAG-485 sp910579305
2026-01-11 15:33:45.454352 INFO::Fitting model to feature number 244, MGYG000325644
2026-01-11 15:33:45.463579 INFO::Fitting model to feature number 245, CAG-485 sp900760815
2026-01-11 15:33:45.471504 INFO::Fitting model to feature number 246, MGYG000325315
2026-01-11 15:33:45.482456 INFO::Fitting model to feature number 247, MGYG000325633
2026-01-11 15:33:45.493042 INFO::Fitting model to feature number 248, MGYG000325436
2026-01-11 15:33:45.501936 INFO::Fitting model to feature number 249, MGYG000325715
2026-01-11 15:33:45.510615 INFO::Fitting model to feature number 250, MGYG000325350
2026-01-11 15:33:45.518758 INFO::Fitting model to feature number 251, MGYG000325747
2026-01-11 15:33:45.529442 INFO::Fitting model to feature number 252, MGYG000325437
2026-01-11 15:33:45.539672 INFO::Fitting model to feature number 253, CAG-485 sp014800895
2026-01-11 15:33:45.547948 INFO::Fitting model to feature number 254, MGYG000325541
2026-01-11 15:33:45.556988 INFO::Fitting model to feature number 255, MGYG000325479
2026-01-11 15:33:45.5666 INFO::Fitting model to feature number 256, CAG-485 sp910585285
2026-01-11 15:33:45.577181 INFO::Fitting model to feature number 257, CAG-485 sp910584185
2026-01-11 15:33:45.585991 INFO::Fitting model to feature number 258, MGYG000325680
2026-01-11 15:33:45.595562 INFO::Fitting model to feature number 259, MGYG000325622
2026-01-11 15:33:45.606578 INFO::Fitting model to feature number 260, MGYG000325425
2026-01-11 15:33:45.616384 INFO::Fitting model to feature number 261, MGYG000325415
2026-01-11 15:33:45.627146 INFO::Fitting model to feature number 262, CAG-485 sp900550645
2026-01-11 15:33:45.636241 INFO::Fitting model to feature number 263, MGYG000325597
2026-01-11 15:33:45.648925 INFO::Fitting model to feature number 264, MGYG000325446
2026-01-11 15:33:45.659726 INFO::Fitting model to feature number 265, MGYG000325721
2026-01-11 15:33:45.670955 INFO::Fitting model to feature number 266, Muribaculum gordoncarteri
2026-01-11 15:33:45.68102 INFO::Fitting model to feature number 267, Muribaculum sp009775095
2026-01-11 15:33:45.690786 INFO::Fitting model to feature number 268, Muribaculum sp002473395
2026-01-11 15:33:45.731971 INFO::Fitting model to feature number 269, Muribaculum faecis
2026-01-11 15:33:45.745942 INFO::Fitting model to feature number 270, MGYG000325310
2026-01-11 15:33:45.759649 INFO::Fitting model to feature number 271, Muribaculum sp910587665
2026-01-11 15:33:45.769216 INFO::Fitting model to feature number 272, Muribaculum sp001701195
2026-01-11 15:33:45.779943 INFO::Fitting model to feature number 273, Muribaculum sp910578785
2026-01-11 15:33:45.787759 INFO::Fitting model to feature number 274, Muribaculum sp910589555
2026-01-11 15:33:45.796405 INFO::Fitting model to feature number 275, Muribaculum arabinoxylanisolvens
2026-01-11 15:33:45.804273 INFO::Fitting model to feature number 276, Muribaculum sp003150235
2026-01-11 15:33:45.813628 INFO::Fitting model to feature number 277, MGYG000328540
2026-01-11 15:33:45.823563 INFO::Fitting model to feature number 278, Muribaculum sp910583865
2026-01-11 15:33:45.833153 INFO::Fitting model to feature number 279, Muribaculum sp910578835
2026-01-11 15:33:45.843215 INFO::Fitting model to feature number 280, Muribaculum sp001701065
2026-01-11 15:33:45.8519 INFO::Fitting model to feature number 281, MGYG000328957
2026-01-11 15:33:45.863046 INFO::Fitting model to feature number 282, UBA7173 sp001689485
2026-01-11 15:33:45.874714 INFO::Fitting model to feature number 283, UBA7173 sp001689685
2026-01-11 15:33:45.885603 INFO::Fitting model to feature number 284, UBA7173 sp002491305
2026-01-11 15:33:45.894592 INFO::Fitting model to feature number 285, UBA7173 sp013316675
2026-01-11 15:33:45.903051 INFO::Fitting model to feature number 286, MGYG000329847
2026-01-11 15:33:45.912413 INFO::Fitting model to feature number 287, UBA7173 sp013316535
2026-01-11 15:33:45.920325 INFO::Fitting model to feature number 288, UBA7173 sp910584365
2026-01-11 15:33:45.928891 INFO::Fitting model to feature number 289, UBA7173 sp910583675
2026-01-11 15:33:45.93675 INFO::Fitting model to feature number 290, MGYG000325674
2026-01-11 15:33:45.945707 INFO::Fitting model to feature number 291, UBA7173 sp910584735
2026-01-11 15:33:45.952758 INFO::Fitting model to feature number 292, UBA7173 sp900548705
2026-01-11 15:33:45.960637 INFO::Fitting model to feature number 293, UBA7173 sp910585755
2026-01-11 15:33:45.968365 INFO::Fitting model to feature number 294, UBA7173 sp910579105
2026-01-11 15:33:45.978686 INFO::Fitting model to feature number 295, UBA7173 sp910586565
2026-01-11 15:33:45.987906 INFO::Fitting model to feature number 296, UBA7173 sp900555165
2026-01-11 15:33:45.998701 INFO::Fitting model to feature number 297, UBA7173 sp910587075
2026-01-11 15:33:46.008999 INFO::Fitting model to feature number 298, MGYG000410332
2026-01-11 15:33:46.020849 INFO::Fitting model to feature number 299, MGYG000325632
2026-01-11 15:33:46.032109 INFO::Fitting model to feature number 300, MGYG000325803
2026-01-11 15:33:46.042698 INFO::Fitting model to feature number 301, JAFLTL01 sp910578395
2026-01-11 15:33:46.053443 INFO::Fitting model to feature number 302, MGYG000325590
2026-01-11 15:33:46.065124 INFO::Fitting model to feature number 303, UBA3263 sp001689615
2026-01-11 15:33:46.076627 INFO::Fitting model to feature number 304, MGYG000325470
2026-01-11 15:33:46.088112 INFO::Fitting model to feature number 305, UBA3263 sp002490725
2026-01-11 15:33:46.099839 INFO::Fitting model to feature number 306, MGYG000331010
2026-01-11 15:33:46.111006 INFO::Fitting model to feature number 307, UBA3263 sp014801955
2026-01-11 15:33:46.121771 INFO::Fitting model to feature number 308, MGYG000325619
2026-01-11 15:33:46.133009 INFO::Fitting model to feature number 309, MGYG000325600
2026-01-11 15:33:46.144572 INFO::Fitting model to feature number 310, MGYG000325598
2026-01-11 15:33:46.154809 INFO::Fitting model to feature number 311, JAGBWK01 sp001915385
2026-01-11 15:33:46.157903 INFO::Fitting model to feature number 312, JAGBWK01 sp004102805
2026-01-11 15:33:46.16887 INFO::Fitting model to feature number 313, MGYG000325382
2026-01-11 15:33:46.18019 INFO::Fitting model to feature number 314, MGYG000327564
2026-01-11 15:33:46.191176 INFO::Fitting model to feature number 315, MGYG000328504
2026-01-11 15:33:46.20001 INFO::Fitting model to feature number 316, JAAVFS01 sp910584665
2026-01-11 15:33:46.211398 INFO::Fitting model to feature number 317, MGYG000325322
2026-01-11 15:33:46.221121 INFO::Fitting model to feature number 318, MGYG000325435
2026-01-11 15:33:46.232492 INFO::Fitting model to feature number 319, CAJUPY01 sp910588035
2026-01-11 15:33:46.244419 INFO::Fitting model to feature number 320, MGYG000325343
2026-01-11 15:33:46.255464 INFO::Fitting model to feature number 321, CAJUPY01 sp014802535
2026-01-11 15:33:46.265483 INFO::Fitting model to feature number 322, MGYG000325663
2026-01-11 15:33:46.275178 INFO::Fitting model to feature number 323, M3 sp001689445
2026-01-11 15:33:46.28362 INFO::Fitting model to feature number 324, MGYG000328741
2026-01-11 15:33:46.29278 INFO::Fitting model to feature number 325, CAG-1031 sp000431215
2026-01-11 15:33:46.302241 INFO::Fitting model to feature number 326, Amulumruptor sp001689515
2026-01-11 15:33:46.310817 INFO::Fitting model to feature number 327, Amulumruptor sp900539915
2026-01-11 15:33:46.318796 INFO::Fitting model to feature number 328, Sodaliphilus sp004557565
2026-01-11 15:33:46.327394 INFO::Fitting model to feature number 329, Limisoma sp000437795
2026-01-11 15:33:46.334539 INFO::Fitting model to feature number 330, Bacteroides sp002491635
2026-01-11 15:33:46.342517 INFO::Fitting model to feature number 331, Bacteroides sp910578895
2026-01-11 15:33:46.349536 INFO::Fitting model to feature number 332, Bacteroides acidifaciens
2026-01-11 15:33:46.358572 INFO::Fitting model to feature number 333, Bacteroides caecimuris
2026-01-11 15:33:46.365637 INFO::Fitting model to feature number 334, Bacteroides sp910586915
2026-01-11 15:33:46.372561 INFO::Fitting model to feature number 335, Bacteroides uniformis
2026-01-11 15:33:46.379655 INFO::Fitting model to feature number 336, Bacteroides sp910585845
2026-01-11 15:33:46.386398 INFO::Fitting model to feature number 337, Bacteroides sp900765785
2026-01-11 15:33:46.393913 INFO::Fitting model to feature number 338, Bacteroides stercoris
2026-01-11 15:33:46.400476 INFO::Fitting model to feature number 339, MGYG000325585
2026-01-11 15:33:46.407868 INFO::Fitting model to feature number 340, Bacteroides nordii
2026-01-11 15:33:46.414613 INFO::Fitting model to feature number 341, Bacteroides congonensis
2026-01-11 15:33:46.421581 INFO::Fitting model to feature number 342, Bacteroides xylanisolvens
2026-01-11 15:33:46.428622 INFO::Fitting model to feature number 343, Bacteroides intestinalis
2026-01-11 15:33:46.435169 INFO::Fitting model to feature number 344, Bacteroides cellulosilyticus
2026-01-11 15:33:46.443086 INFO::Fitting model to feature number 345, Prevotella sp002933775
2026-01-11 15:33:46.450601 INFO::Fitting model to feature number 346, Prevotella muris
2026-01-11 15:33:46.459025 INFO::Fitting model to feature number 347, MGYG000325010
2026-01-11 15:33:46.466799 INFO::Fitting model to feature number 348, MGYG000325676
2026-01-11 15:33:46.475918 INFO::Fitting model to feature number 349, Prevotella sp013166515
2026-01-11 15:33:46.487372 INFO::Fitting model to feature number 350, Prevotella rodentium
2026-01-11 15:33:46.499057 INFO::Fitting model to feature number 351, Prevotella sp900545525
2026-01-11 15:33:46.510217 INFO::Fitting model to feature number 352, MGYG000325400
2026-01-11 15:33:46.520696 INFO::Fitting model to feature number 353, Prevotella intestinalis
2026-01-11 15:33:46.529164 INFO::Fitting model to feature number 354, Phocaeicola vulgatus
2026-01-11 15:33:46.537891 INFO::Fitting model to feature number 355, Phocaeicola sartorii
2026-01-11 15:33:46.550588 INFO::Fitting model to feature number 356, Phocaeicola sp011959205
2026-01-11 15:33:46.56019 INFO::Fitting model to feature number 357, Phocaeicola faecalis
2026-01-11 15:33:46.571983 INFO::Fitting model to feature number 358, Phocaeicola plebeius_A
2026-01-11 15:33:46.581468 INFO::Fitting model to feature number 359, Phocaeicola massiliensis
2026-01-11 15:33:46.590574 INFO::Fitting model to feature number 360, UBA4372 sp023665805
2026-01-11 15:33:46.602935 INFO::Fitting model to feature number 361, MGYG000325572
2026-01-11 15:33:46.611721 INFO::Fitting model to feature number 362, Alloprevotella sp009775705
2026-01-11 15:33:46.62266 INFO::Fitting model to feature number 363, Alloprevotella sp002933955
2026-01-11 15:33:46.633872 INFO::Fitting model to feature number 364, Paraprevotella sp900548345
2026-01-11 15:33:46.64453 INFO::Fitting model to feature number 365, Paraprevotella sp910586505
2026-01-11 15:33:46.654626 INFO::Fitting model to feature number 366, Alistipes sp002428825
2026-01-11 15:33:46.694501 INFO::Fitting model to feature number 367, Alistipes sp910587675
2026-01-11 15:33:46.704452 INFO::Fitting model to feature number 368, Alistipes timonensis
2026-01-11 15:33:46.713232 INFO::Fitting model to feature number 369, Alistipes sp910576555
2026-01-11 15:33:46.721752 INFO::Fitting model to feature number 370, Alistipes sp009774895
2026-01-11 15:33:46.729689 INFO::Fitting model to feature number 371, Alistipes sp002362235
2026-01-11 15:33:46.736963 INFO::Fitting model to feature number 372, Alistipes sp900552955
2026-01-11 15:33:46.746287 INFO::Fitting model to feature number 373, Alistipes sp910575495
2026-01-11 15:33:46.754297 INFO::Fitting model to feature number 374, Alistipes sp910577475
2026-01-11 15:33:46.763095 INFO::Fitting model to feature number 375, Alistipes sp002358415
2026-01-11 15:33:46.771527 INFO::Fitting model to feature number 376, Avirikenella sp910588925
2026-01-11 15:33:46.782094 INFO::Fitting model to feature number 377, MGYG000325667
2026-01-11 15:33:46.791972 INFO::Fitting model to feature number 378, Rikenella sp910577885
2026-01-11 15:33:46.799726 INFO::Fitting model to feature number 379, Parabacteroides distasonis
2026-01-11 15:33:46.808799 INFO::Fitting model to feature number 380, Parabacteroides goldsteinii
2026-01-11 15:33:46.818781 INFO::Fitting model to feature number 381, Parabacteroides sp900760525
2026-01-11 15:33:46.829769 INFO::Fitting model to feature number 382, Parabacteroides merdae
2026-01-11 15:33:46.837903 INFO::Fitting model to feature number 383, Odoribacter sp021771575
2026-01-11 15:33:46.846503 INFO::Fitting model to feature number 384, Odoribacter sp910578105
2026-01-11 15:33:46.85544 INFO::Fitting model to feature number 385, Odoribacter sp910589025
2026-01-11 15:33:46.863957 INFO::Fitting model to feature number 386, Butyricimonas virosa
2026-01-11 15:33:46.875277 INFO::Fitting model to feature number 387, Pullibacteroides sp910586395
2026-01-11 15:33:46.883723 INFO::Fitting model to feature number 388, Cryptobacteroides sp009774765
2026-01-11 15:33:46.892438 INFO::Fitting model to feature number 389, Cryptobacteroides sp910585445
2026-01-11 15:33:46.90009 INFO::Fitting model to feature number 390, Imtechella halotolerans
2026-01-11 15:33:46.908891 INFO::Fitting model to feature number 391, Faecalibaculum sp910588395
2026-01-11 15:33:46.916987 INFO::Fitting model to feature number 392, C-19 sp910576855
2026-01-11 15:33:46.926781 INFO::Fitting model to feature number 393, MGYG000329824
2026-01-11 15:33:46.935917 INFO::Fitting model to feature number 394, Ileibacterium valens
2026-01-11 15:33:46.948498 INFO::Fitting model to feature number 395, Dubosiella sp004793885
2026-01-11 15:33:46.960661 INFO::Fitting model to feature number 396, CAJTFG01 sp910575705
2026-01-11 15:33:46.973248 INFO::Fitting model to feature number 397, Thomasclavelia cocleata
2026-01-11 15:33:46.986351 INFO::Fitting model to feature number 398, Thomasclavelia ramosa
2026-01-11 15:33:46.995381 INFO::Fitting model to feature number 399, MGBC113645 sp910579135
2026-01-11 15:33:47.003922 INFO::Fitting model to feature number 400, Fimiplasma sp910588165
2026-01-11 15:33:47.01744 INFO::Fitting model to feature number 401, Lactobacillus intestinalis
2026-01-11 15:33:47.029264 INFO::Fitting model to feature number 402, Lactobacillus sp910589675
2026-01-11 15:33:47.032185 INFO::Fitting model to feature number 403, MGYG000329195
2026-01-11 15:33:47.04688 INFO::Fitting model to feature number 404, Lactobacillus taiwanensis
2026-01-11 15:33:47.054837 INFO::Fitting model to feature number 405, Lactobacillus amylovorus
2026-01-11 15:33:47.063157 INFO::Fitting model to feature number 406, MGYG000325525
2026-01-11 15:33:47.071171 INFO::Fitting model to feature number 407, MGYG000326943
2026-01-11 15:33:47.082156 INFO::Fitting model to feature number 408, Lactobacillus hominis
2026-01-11 15:33:47.093415 INFO::Fitting model to feature number 409, Lactobacillus acidophilus
2026-01-11 15:33:47.103962 INFO::Fitting model to feature number 410, MGYG000326944
2026-01-11 15:33:47.113756 INFO::Fitting model to feature number 411, Lactobacillus delbrueckii
2026-01-11 15:33:47.121776 INFO::Fitting model to feature number 412, Limosilactobacillus reuteri
2026-01-11 15:33:47.124508 INFO::Fitting model to feature number 413, Limosilactobacillus sp009663775
2026-01-11 15:33:47.126696 INFO::Fitting model to feature number 414, Limosilactobacillus fermentum
2026-01-11 15:33:47.134844 INFO::Fitting model to feature number 415, Limosilactobacillus equigenerosi
2026-01-11 15:33:47.143757 INFO::Fitting model to feature number 416, Limosilactobacillus portuensis
2026-01-11 15:33:47.151475 INFO::Fitting model to feature number 417, Ligilactobacillus murinus
2026-01-11 15:33:47.153657 INFO::Fitting model to feature number 418, Ligilactobacillus animalis
2026-01-11 15:33:47.16257 INFO::Fitting model to feature number 419, Ligilactobacillus sp910587695
2026-01-11 15:33:47.173999 INFO::Fitting model to feature number 420, Ligilactobacillus agilis
2026-01-11 15:33:47.183582 INFO::Fitting model to feature number 421, Pediococcus pentosaceus
2026-01-11 15:33:47.192575 INFO::Fitting model to feature number 422, Enterococcus faecalis
2026-01-11 15:33:47.200565 INFO::Fitting model to feature number 423, Turicibacter sp002311155
2026-01-11 15:33:47.209511 INFO::Fitting model to feature number 424, MGYG000380869
2026-01-11 15:33:47.21788 INFO::Fitting model to feature number 425, CAG-582 sp910577075
2026-01-11 15:33:47.226399 INFO::Fitting model to feature number 426, UBA5026 sp910576795
2026-01-11 15:33:47.234399 INFO::Fitting model to feature number 427, UBA5026 sp910586425
2026-01-11 15:33:47.243141 INFO::Fitting model to feature number 428, MGYG000330354
2026-01-11 15:33:47.251355 INFO::Fitting model to feature number 429, MGYG000338472
2026-01-11 15:33:47.262179 INFO::Fitting model to feature number 430, MGYG000329046
2026-01-11 15:33:47.271476 INFO::Fitting model to feature number 431, MGYG000331189
2026-01-11 15:33:47.283757 INFO::Fitting model to feature number 432, Mammaliicoccus lentus
2026-01-11 15:33:47.29699 INFO::Fitting model to feature number 433, Staphylococcus xylosus
2026-01-11 15:33:47.306945 INFO::Fitting model to feature number 434, MGYG000410805
2026-01-11 15:33:47.31908 INFO::Fitting model to feature number 435, Desulfovibrio sp910575755
2026-01-11 15:33:47.331333 INFO::Fitting model to feature number 436, Desulfovibrio sp910587035
2026-01-11 15:33:47.343546 INFO::Fitting model to feature number 437, Desulfovibrio sp910584445
2026-01-11 15:33:47.3562 INFO::Fitting model to feature number 438, MGYG000325668
2026-01-11 15:33:47.367873 INFO::Fitting model to feature number 439, Desulfovibrio sp900556755
2026-01-11 15:33:47.378364 INFO::Fitting model to feature number 440, Desulfovibrio sp905215675
2026-01-11 15:33:47.386715 INFO::Fitting model to feature number 441, MGYG000325515
2026-01-11 15:33:47.395166 INFO::Fitting model to feature number 442, Bilophila sp910585945
2026-01-11 15:33:47.403302 INFO::Fitting model to feature number 443, Bilophila faecipullorum
2026-01-11 15:33:47.41215 INFO::Fitting model to feature number 444, Bilophila sp902373525
2026-01-11 15:33:47.421125 INFO::Fitting model to feature number 445, Mailhella sp910579055
2026-01-11 15:33:47.430681 INFO::Fitting model to feature number 446, Mailhella excrementigallinarum
2026-01-11 15:33:47.441719 INFO::Fitting model to feature number 447, MGYG000399267
2026-01-11 15:33:47.450718 INFO::Fitting model to feature number 448, MGYG000410288
2026-01-11 15:33:47.459665 INFO::Fitting model to feature number 449, Schaedlerella sp910589385
2026-01-11 15:33:47.468407 INFO::Fitting model to feature number 450, Schaedlerella arabinosiphila
2026-01-11 15:33:47.470513 INFO::Fitting model to feature number 451, Schaedlerella sp009911175
2026-01-11 15:33:47.479225 INFO::Fitting model to feature number 452, MGYG000410694
2026-01-11 15:33:47.487515 INFO::Fitting model to feature number 453, Schaedlerella sp000403295
2026-01-11 15:33:47.496387 INFO::Fitting model to feature number 454, Schaedlerella sp910574865
2026-01-11 15:33:47.50477 INFO::Fitting model to feature number 455, Schaedlerella sp910574195
2026-01-11 15:33:47.515295 INFO::Fitting model to feature number 456, Schaedlerella sp943193195
2026-01-11 15:33:47.525664 INFO::Fitting model to feature number 457, Schaedlerella sp009774255
2026-01-11 15:33:47.533638 INFO::Fitting model to feature number 458, MGYG000328305
2026-01-11 15:33:47.542238 INFO::Fitting model to feature number 459, MD308 sp910575105
2026-01-11 15:33:47.551522 INFO::Fitting model to feature number 460, MD308 sp010206225
2026-01-11 15:33:47.562636 INFO::Fitting model to feature number 461, MGYG000323047
2026-01-11 15:33:47.571585 INFO::Fitting model to feature number 462, MD308 sp000403475
2026-01-11 15:33:47.580514 INFO::Fitting model to feature number 463, MGYG000326632
2026-01-11 15:33:47.590007 INFO::Fitting model to feature number 464, MD308 sp910578455
2026-01-11 15:33:47.600754 INFO::Fitting model to feature number 465, MD308 sp910586965
2026-01-11 15:33:47.6105 INFO::Fitting model to feature number 466, MD308 sp910584615
2026-01-11 15:33:47.638137 INFO::Fitting model to feature number 467, MGYG000410877
2026-01-11 15:33:47.655064 INFO::Fitting model to feature number 468, MGYG000324148
2026-01-11 15:33:47.66377 INFO::Fitting model to feature number 469, Sporofaciens sp910574715
2026-01-11 15:33:47.676219 INFO::Fitting model to feature number 470, Sporofaciens sp910579015
2026-01-11 15:33:47.685919 INFO::Fitting model to feature number 471, MGYG000353267
2026-01-11 15:33:47.695987 INFO::Fitting model to feature number 472, Sporofaciens sp910575835
2026-01-11 15:33:47.705497 INFO::Fitting model to feature number 473, Sporofaciens musculi
2026-01-11 15:33:47.714165 INFO::Fitting model to feature number 474, Sporofaciens sp009774295
2026-01-11 15:33:47.723387 INFO::Fitting model to feature number 475, Sporofaciens sp910574885
2026-01-11 15:33:47.732014 INFO::Fitting model to feature number 476, Sporofaciens sp000403455
2026-01-11 15:33:47.74379 INFO::Fitting model to feature number 477, Sporofaciens sp910577685
2026-01-11 15:33:47.752671 INFO::Fitting model to feature number 478, Sporofaciens sp910587575
2026-01-11 15:33:47.76448 INFO::Fitting model to feature number 479, Sporofaciens sp910585725
2026-01-11 15:33:47.772089 INFO::Fitting model to feature number 480, Sporofaciens sp910579925
2026-01-11 15:33:47.780281 INFO::Fitting model to feature number 481, MGYG000402809
2026-01-11 15:33:47.787777 INFO::Fitting model to feature number 482, UBA11957 sp910588295
2026-01-11 15:33:47.797484 INFO::Fitting model to feature number 483, MGYG000410400
2026-01-11 15:33:47.806066 INFO::Fitting model to feature number 484, Choladocola sp009774135
2026-01-11 15:33:47.816214 INFO::Fitting model to feature number 485, Choladocola sp910583615
2026-01-11 15:33:47.828086 INFO::Fitting model to feature number 486, Choladocola sp910585995
2026-01-11 15:33:47.838358 INFO::Fitting model to feature number 487, Choladocola sp009774145
2026-01-11 15:33:47.849615 INFO::Fitting model to feature number 488, Choladocola sp910584945
2026-01-11 15:33:47.861009 INFO::Fitting model to feature number 489, Choladocola sp910579225
2026-01-11 15:33:47.872234 INFO::Fitting model to feature number 490, Choladocola sp910584205
2026-01-11 15:33:47.88571 INFO::Fitting model to feature number 491, Choladocola sp910574965
2026-01-11 15:33:47.896651 INFO::Fitting model to feature number 492, Choladocola sp910575445
2026-01-11 15:33:47.906889 INFO::Fitting model to feature number 493, Choladocola sp910583895
2026-01-11 15:33:47.915697 INFO::Fitting model to feature number 494, Choladocola sp009774155
2026-01-11 15:33:47.925741 INFO::Fitting model to feature number 495, Choladocola sp910587495
2026-01-11 15:33:47.9375 INFO::Fitting model to feature number 496, Choladocola sp910585465
2026-01-11 15:33:47.946827 INFO::Fitting model to feature number 497, Choladocola sp910587765
2026-01-11 15:33:47.959129 INFO::Fitting model to feature number 498, MGYG000392954
2026-01-11 15:33:47.96982 INFO::Fitting model to feature number 499, Lachnoclostridium_B sp910584095
2026-01-11 15:33:47.982502 INFO::Fitting model to feature number 500, Lachnoclostridium_B sp910574185
2026-01-11 15:33:47.994775 INFO::Fitting model to feature number 501, MGYG000331109
2026-01-11 15:33:48.003406 INFO::Fitting model to feature number 502, Lachnoclostridium_B sp910584265
2026-01-11 15:33:48.012958 INFO::Fitting model to feature number 503, Lachnoclostridium_B sp910588745
2026-01-11 15:33:48.020893 INFO::Fitting model to feature number 504, Lachnoclostridium_B sp910589275
2026-01-11 15:33:48.029382 INFO::Fitting model to feature number 505, MGYG000328855
2026-01-11 15:33:48.038026 INFO::Fitting model to feature number 506, MGBC164599 sp910588825
2026-01-11 15:33:48.05036 INFO::Fitting model to feature number 507, MGBC164599 sp910575625
2026-01-11 15:33:48.061232 INFO::Fitting model to feature number 508, MGBC164599 sp910587105
2026-01-11 15:33:48.072345 INFO::Fitting model to feature number 509, MGBC164599 sp910588775
2026-01-11 15:33:48.081825 INFO::Fitting model to feature number 510, MGYG000330030
2026-01-11 15:33:48.093924 INFO::Fitting model to feature number 511, MGYG000330180
2026-01-11 15:33:48.105144 INFO::Fitting model to feature number 512, 14-2 sp910588845
2026-01-11 15:33:48.117196 INFO::Fitting model to feature number 513, 14-2 sp910577785
2026-01-11 15:33:48.12899 INFO::Fitting model to feature number 514, 14-2 sp910576385
2026-01-11 15:33:48.138273 INFO::Fitting model to feature number 515, 14-2 sp910575155
2026-01-11 15:33:48.148752 INFO::Fitting model to feature number 516, 14-2 sp910575035
2026-01-11 15:33:48.160574 INFO::Fitting model to feature number 517, 14-2 sp011960065
2026-01-11 15:33:48.173791 INFO::Fitting model to feature number 518, MGYG000409996
2026-01-11 15:33:48.185726 INFO::Fitting model to feature number 519, 14-2 sp910588285
2026-01-11 15:33:48.197955 INFO::Fitting model to feature number 520, 14-2 sp910575005
2026-01-11 15:33:48.209347 INFO::Fitting model to feature number 521, 14-2 sp910584585
2026-01-11 15:33:48.220072 INFO::Fitting model to feature number 522, 14-2 sp000403255
2026-01-11 15:33:48.230148 INFO::Fitting model to feature number 523, MGYG000411355
2026-01-11 15:33:48.238501 INFO::Fitting model to feature number 524, 14-2 sp910583835
2026-01-11 15:33:48.247455 INFO::Fitting model to feature number 525, 14-2 sp910575075
2026-01-11 15:33:48.259341 INFO::Fitting model to feature number 526, 14-2 sp000403315
2026-01-11 15:33:48.268848 INFO::Fitting model to feature number 527, 14-2 sp009774455
2026-01-11 15:33:48.280687 INFO::Fitting model to feature number 528, 14-2 sp910589635
2026-01-11 15:33:48.29023 INFO::Fitting model to feature number 529, 14-2 sp910576975
2026-01-11 15:33:48.303908 INFO::Fitting model to feature number 530, MGYG000411595
2026-01-11 15:33:48.316496 INFO::Fitting model to feature number 531, MGYG000328404
2026-01-11 15:33:48.32826 INFO::Fitting model to feature number 532, 14-2 sp910578825
2026-01-11 15:33:48.336228 INFO::Fitting model to feature number 533, MGYG000410992
2026-01-11 15:33:48.346914 INFO::Fitting model to feature number 534, MGYG000324849
2026-01-11 15:33:48.357449 INFO::Fitting model to feature number 535, 14-2 sp000403845
2026-01-11 15:33:48.366464 INFO::Fitting model to feature number 536, Eubacterium_F sp910574015
2026-01-11 15:33:48.375656 INFO::Fitting model to feature number 537, MGYG000330978
2026-01-11 15:33:48.38379 INFO::Fitting model to feature number 538, Eubacterium_F sp910575665
2026-01-11 15:33:48.395848 INFO::Fitting model to feature number 539, Eubacterium_F sp910585745
2026-01-11 15:33:48.404333 INFO::Fitting model to feature number 540, MGYG000329322
2026-01-11 15:33:48.414049 INFO::Fitting model to feature number 541, Eubacterium_F sp910579145
2026-01-11 15:33:48.42186 INFO::Fitting model to feature number 542, Caccovicinus sp910585635
2026-01-11 15:33:48.430206 INFO::Fitting model to feature number 543, Caccovicinus sp009774615
2026-01-11 15:33:48.438214 INFO::Fitting model to feature number 544, Caccovicinus sp910584785
2026-01-11 15:33:48.44743 INFO::Fitting model to feature number 545, MGYG000411451
2026-01-11 15:33:48.455472 INFO::Fitting model to feature number 546, Caccovicinus sp910575565
2026-01-11 15:33:48.46447 INFO::Fitting model to feature number 547, MGYG000322995
2026-01-11 15:33:48.472195 INFO::Fitting model to feature number 548, Caccovicinus sp910588895
2026-01-11 15:33:48.480938 INFO::Fitting model to feature number 549, Acetatifactor sp910576125
2026-01-11 15:33:48.489139 INFO::Fitting model to feature number 550, Acetatifactor sp910589035
2026-01-11 15:33:48.498214 INFO::Fitting model to feature number 551, Acetatifactor sp910579755
2026-01-11 15:33:48.505988 INFO::Fitting model to feature number 552, Acetatifactor sp910584865
2026-01-11 15:33:48.514549 INFO::Fitting model to feature number 553, Acetatifactor sp910585805
2026-01-11 15:33:48.522599 INFO::Fitting model to feature number 554, Acetatifactor sp910585425
2026-01-11 15:33:48.533529 INFO::Fitting model to feature number 555, Acetatifactor sp910585615
2026-01-11 15:33:48.544504 INFO::Fitting model to feature number 556, Acetatifactor sp910586775
2026-01-11 15:33:48.555795 INFO::Fitting model to feature number 557, Acetatifactor sp910589655
2026-01-11 15:33:48.565728 INFO::Fitting model to feature number 558, Acetatifactor sp910586835
2026-01-11 15:33:48.576013 INFO::Fitting model to feature number 559, Acetatifactor sp003612485
2026-01-11 15:33:48.587083 INFO::Fitting model to feature number 560, MGYG000329336
2026-01-11 15:33:48.597242 INFO::Fitting model to feature number 561, Acetatifactor sp910577185
2026-01-11 15:33:48.60808 INFO::Fitting model to feature number 562, MGYG000325587
2026-01-11 15:33:48.643796 INFO::Fitting model to feature number 563, Acetatifactor sp910584235
2026-01-11 15:33:48.656204 INFO::Fitting model to feature number 564, MGYG000325385
2026-01-11 15:33:48.66964 INFO::Fitting model to feature number 565, Acetatifactor sp910580225
2026-01-11 15:33:48.682137 INFO::Fitting model to feature number 566, Acetatifactor sp910577035
2026-01-11 15:33:48.694877 INFO::Fitting model to feature number 567, Acetatifactor sp910578995
2026-01-11 15:33:48.706885 INFO::Fitting model to feature number 568, Acetatifactor sp910578185
2026-01-11 15:33:48.71956 INFO::Fitting model to feature number 569, MGYG000327004
2026-01-11 15:33:48.73226 INFO::Fitting model to feature number 570, Acetatifactor sp910586485
2026-01-11 15:33:48.744593 INFO::Fitting model to feature number 571, MGYG000331015
2026-01-11 15:33:48.756273 INFO::Fitting model to feature number 572, Acetatifactor sp910587555
2026-01-11 15:33:48.76744 INFO::Fitting model to feature number 573, 1XD8-76 sp910578085
2026-01-11 15:33:48.778334 INFO::Fitting model to feature number 574, 1XD8-76 sp910573755
2026-01-11 15:33:48.79027 INFO::Fitting model to feature number 575, 1XD8-76 sp910577955
2026-01-11 15:33:48.802189 INFO::Fitting model to feature number 576, UBA3282 sp009774175
2026-01-11 15:33:48.814126 INFO::Fitting model to feature number 577, UBA3282 sp910575245
2026-01-11 15:33:48.824464 INFO::Fitting model to feature number 578, UBA3282 sp009774655
2026-01-11 15:33:48.834065 INFO::Fitting model to feature number 579, UBA3282 sp910577735
2026-01-11 15:33:48.846866 INFO::Fitting model to feature number 580, UBA3282 sp910588215
2026-01-11 15:33:48.859769 INFO::Fitting model to feature number 581, UBA3282 sp910584725
2026-01-11 15:33:48.872545 INFO::Fitting model to feature number 582, MGYG000329173
2026-01-11 15:33:48.885331 INFO::Fitting model to feature number 583, MGYG000325371
2026-01-11 15:33:48.898811 INFO::Fitting model to feature number 584, MGYG000324467
2026-01-11 15:33:48.911917 INFO::Fitting model to feature number 585, UBA3282 sp910587095
2026-01-11 15:33:48.92353 INFO::Fitting model to feature number 586, UBA3282 sp009774585
2026-01-11 15:33:48.935118 INFO::Fitting model to feature number 587, UBA3282 sp910576815
2026-01-11 15:33:48.944538 INFO::Fitting model to feature number 588, UBA3282 sp910575775
2026-01-11 15:33:48.955063 INFO::Fitting model to feature number 589, UBA3282 sp003611805
2026-01-11 15:33:48.966873 INFO::Fitting model to feature number 590, UBA3282 sp910579285
2026-01-11 15:33:48.978762 INFO::Fitting model to feature number 591, UBA3282 sp910579505
2026-01-11 15:33:48.98965 INFO::Fitting model to feature number 592, MGYG000328328
2026-01-11 15:33:48.999989 INFO::Fitting model to feature number 593, MGYG000325448
2026-01-11 15:33:49.011762 INFO::Fitting model to feature number 594, MGYG000328360
2026-01-11 15:33:49.02563 INFO::Fitting model to feature number 595, MGYG000323430
2026-01-11 15:33:49.034583 INFO::Fitting model to feature number 596, UBA3282 sp003612405
2026-01-11 15:33:49.043796 INFO::Fitting model to feature number 597, UBA3282 sp009774215
2026-01-11 15:33:49.051974 INFO::Fitting model to feature number 598, MGYG000324289
2026-01-11 15:33:49.064257 INFO::Fitting model to feature number 599, Paralachnospira sp910588815
2026-01-11 15:33:49.076095 INFO::Fitting model to feature number 600, Paralachnospira sp022800815
2026-01-11 15:33:49.088007 INFO::Fitting model to feature number 601, Paralachnospira sp910587905
2026-01-11 15:33:49.100523 INFO::Fitting model to feature number 602, COE1 sp002490665
2026-01-11 15:33:49.113312 INFO::Fitting model to feature number 603, COE1 sp009774395
2026-01-11 15:33:49.12391 INFO::Fitting model to feature number 604, COE1 sp000403335
2026-01-11 15:33:49.132311 INFO::Fitting model to feature number 605, MGYG000410938
2026-01-11 15:33:49.140275 INFO::Fitting model to feature number 606, MGYG000325626
2026-01-11 15:33:49.148845 INFO::Fitting model to feature number 607, COE1 sp002358575
2026-01-11 15:33:49.157588 INFO::Fitting model to feature number 608, MGYG000325712
2026-01-11 15:33:49.166919 INFO::Fitting model to feature number 609, COE1 sp910586585
2026-01-11 15:33:49.178093 INFO::Fitting model to feature number 610, COE1 sp910586715
2026-01-11 15:33:49.186206 INFO::Fitting model to feature number 611, COE1 sp910579275
2026-01-11 15:33:49.198098 INFO::Fitting model to feature number 612, CAG-95 sp910585005
2026-01-11 15:33:49.206881 INFO::Fitting model to feature number 613, CAG-95 sp009917455
2026-01-11 15:33:49.214715 INFO::Fitting model to feature number 614, CAG-95 sp910579685
2026-01-11 15:33:49.221875 INFO::Fitting model to feature number 615, CAG-95 sp910579425
2026-01-11 15:33:49.229862 INFO::Fitting model to feature number 616, CAG-95 sp910579495
2026-01-11 15:33:49.237261 INFO::Fitting model to feature number 617, CAG-95 sp003612395
2026-01-11 15:33:49.244957 INFO::Fitting model to feature number 618, CAG-95 sp910586025
2026-01-11 15:33:49.251885 INFO::Fitting model to feature number 619, CAG-95 sp910577275
2026-01-11 15:33:49.260215 INFO::Fitting model to feature number 620, CAG-95 sp009911035
2026-01-11 15:33:49.268681 INFO::Fitting model to feature number 621, CAG-95 sp910585075
2026-01-11 15:33:49.279134 INFO::Fitting model to feature number 622, MGYG000410775
2026-01-11 15:33:49.287175 INFO::Fitting model to feature number 623, MGYG000325648
2026-01-11 15:33:49.296841 INFO::Fitting model to feature number 624, CAG-95 sp011959285
2026-01-11 15:33:49.308477 INFO::Fitting model to feature number 625, UBA7109 sp910576335
2026-01-11 15:33:49.319509 INFO::Fitting model to feature number 626, UBA7109 sp910575605
2026-01-11 15:33:49.330292 INFO::Fitting model to feature number 627, MGYG000323043
2026-01-11 15:33:49.341465 INFO::Fitting model to feature number 628, MGYG000405682
2026-01-11 15:33:49.353622 INFO::Fitting model to feature number 629, MGYG000368546
2026-01-11 15:33:49.365073 INFO::Fitting model to feature number 630, Ventrimonas sp910575255
2026-01-11 15:33:49.376813 INFO::Fitting model to feature number 631, Ventrimonas sp910577765
2026-01-11 15:33:49.387696 INFO::Fitting model to feature number 632, Ventrimonas sp910586255
2026-01-11 15:33:49.398034 INFO::Fitting model to feature number 633, Ventrimonas sp003611875
2026-01-11 15:33:49.406286 INFO::Fitting model to feature number 634, Ventrimonas sp009911065
2026-01-11 15:33:49.414823 INFO::Fitting model to feature number 635, MGYG000410706
2026-01-11 15:33:49.424025 INFO::Fitting model to feature number 636, MGYG000327273
2026-01-11 15:33:49.434706 INFO::Fitting model to feature number 637, Ventrimonas sp910577655
2026-01-11 15:33:49.444531 INFO::Fitting model to feature number 638, Ventrimonas sp022799175
2026-01-11 15:33:49.452995 INFO::Fitting model to feature number 639, MGYG000324149
2026-01-11 15:33:49.461842 INFO::Fitting model to feature number 640, UBA3402 sp910574345
2026-01-11 15:33:49.469779 INFO::Fitting model to feature number 641, UBA3402 sp910575585
2026-01-11 15:33:49.47851 INFO::Fitting model to feature number 642, MGYG000410803
2026-01-11 15:33:49.488967 INFO::Fitting model to feature number 643, UBA3402 sp910588325
2026-01-11 15:33:49.49937 INFO::Fitting model to feature number 644, UBA3402 sp022798105
2026-01-11 15:33:49.511179 INFO::Fitting model to feature number 645, UBA3402 sp022795805
2026-01-11 15:33:49.521541 INFO::Fitting model to feature number 646, UBA3402 sp002358555
2026-01-11 15:33:49.533143 INFO::Fitting model to feature number 647, UBA3402 sp910588865
2026-01-11 15:33:49.545855 INFO::Fitting model to feature number 648, UBA3402 sp022796015
2026-01-11 15:33:49.557958 INFO::Fitting model to feature number 649, UBA3402 sp910586845
2026-01-11 15:33:49.566935 INFO::Fitting model to feature number 650, UBA3402 sp910585435
2026-01-11 15:33:49.577048 INFO::Fitting model to feature number 651, UBA3402 sp910577935
2026-01-11 15:33:49.586433 INFO::Fitting model to feature number 652, UBA3402 sp910585645
2026-01-11 15:33:49.594945 INFO::Fitting model to feature number 653, UBA3402 sp021769025
2026-01-11 15:33:49.605164 INFO::Fitting model to feature number 654, 1XD42-69 sp011959925
2026-01-11 15:33:49.613688 INFO::Fitting model to feature number 655, 1XD42-69 sp009911505
2026-01-11 15:33:49.622163 INFO::Fitting model to feature number 656, 1XD42-69 sp022794015
2026-01-11 15:33:49.653868 INFO::Fitting model to feature number 657, 1XD42-69 sp910588565
2026-01-11 15:33:49.661946 INFO::Fitting model to feature number 658, 1XD42-69 sp910577065
2026-01-11 15:33:49.669639 INFO::Fitting model to feature number 659, 1XD42-69 sp910586645
2026-01-11 15:33:49.681629 INFO::Fitting model to feature number 660, Merdisoma sp009917555
2026-01-11 15:33:49.688712 INFO::Fitting model to feature number 661, Merdisoma sp910574255
2026-01-11 15:33:49.696274 INFO::Fitting model to feature number 662, Merdisoma sp011959465
2026-01-11 15:33:49.703451 INFO::Fitting model to feature number 663, Merdisoma sp910574835
2026-01-11 15:33:49.710955 INFO::Fitting model to feature number 664, Merdisoma sp910574475
2026-01-11 15:33:49.717788 INFO::Fitting model to feature number 665, MGYG000330323
2026-01-11 15:33:49.725463 INFO::Fitting model to feature number 666, Merdisoma sp022791635
2026-01-11 15:33:49.733519 INFO::Fitting model to feature number 667, Kineothrix sp011958945
2026-01-11 15:33:49.743279 INFO::Fitting model to feature number 668, Kineothrix sp910579935
2026-01-11 15:33:49.753469 INFO::Fitting model to feature number 669, Kineothrix sp910576535
2026-01-11 15:33:49.764727 INFO::Fitting model to feature number 670, MGYG000327499
2026-01-11 15:33:49.777035 INFO::Fitting model to feature number 671, Kineothrix sp000403275
2026-01-11 15:33:49.789041 INFO::Fitting model to feature number 672, Kineothrix sp910588855
2026-01-11 15:33:49.79903 INFO::Fitting model to feature number 673, Kineothrix sp910587275
2026-01-11 15:33:49.81116 INFO::Fitting model to feature number 674, MGYG000326008
2026-01-11 15:33:49.823701 INFO::Fitting model to feature number 675, Kineothrix sp910585965
2026-01-11 15:33:49.83425 INFO::Fitting model to feature number 676, Kineothrix sp009911195
2026-01-11 15:33:49.84453 INFO::Fitting model to feature number 677, RGIG4057 sp910587085
2026-01-11 15:33:49.855372 INFO::Fitting model to feature number 678, RGIG4057 sp910579615
2026-01-11 15:33:49.867417 INFO::Fitting model to feature number 679, UMGS1370 sp910577645
2026-01-11 15:33:49.878335 INFO::Fitting model to feature number 680, UMGS1370 sp910586755
2026-01-11 15:33:49.886368 INFO::Fitting model to feature number 681, UBA2882 sp910574745
2026-01-11 15:33:49.89469 INFO::Fitting model to feature number 682, Eubacterium_J sp910574915
2026-01-11 15:33:49.905511 INFO::Fitting model to feature number 683, Eubacterium_J sp910579075
2026-01-11 15:33:49.91475 INFO::Fitting model to feature number 684, Eubacterium_J sp910580075
2026-01-11 15:33:49.92306 INFO::Fitting model to feature number 685, Eubacterium_J sp910584595
2026-01-11 15:33:49.933446 INFO::Fitting model to feature number 686, MGYG000330231
2026-01-11 15:33:49.944321 INFO::Fitting model to feature number 687, MGYG000327453
2026-01-11 15:33:49.954781 INFO::Fitting model to feature number 688, Butyribacter sp910575435
2026-01-11 15:33:49.96317 INFO::Fitting model to feature number 689, Butyribacter sp910585905
2026-01-11 15:33:49.973565 INFO::Fitting model to feature number 690, MGYG000330019
2026-01-11 15:33:49.98543 INFO::Fitting model to feature number 691, Butyribacter sp009774235
2026-01-11 15:33:49.997844 INFO::Fitting model to feature number 692, VSOB01 sp009774625
2026-01-11 15:33:50.00936 INFO::Fitting model to feature number 693, VSOB01 sp910587155
2026-01-11 15:33:50.019114 INFO::Fitting model to feature number 694, VSOB01 sp910587635
2026-01-11 15:33:50.03058 INFO::Fitting model to feature number 695, Copromonas sp009917545
2026-01-11 15:33:50.040169 INFO::Fitting model to feature number 696, Copromonas sp910575275
2026-01-11 15:33:50.051471 INFO::Fitting model to feature number 697, Copromonas sp022792295
2026-01-11 15:33:50.061686 INFO::Fitting model to feature number 698, Copromonas sp910586315
2026-01-11 15:33:50.07364 INFO::Fitting model to feature number 699, Bariatricus sp022793995
2026-01-11 15:33:50.085898 INFO::Fitting model to feature number 700, Clostridium_Q sp910575795
2026-01-11 15:33:50.096696 INFO::Fitting model to feature number 701, RGIG4284 sp910576205
2026-01-11 15:33:50.10538 INFO::Fitting model to feature number 702, RGIG4284 sp022796795
2026-01-11 15:33:50.118723 INFO::Fitting model to feature number 703, RGIG7193 sp022793375
2026-01-11 15:33:50.128191 INFO::Fitting model to feature number 704, RGIG7193 sp022791755
2026-01-11 15:33:50.136346 INFO::Fitting model to feature number 705, Roseburia sp910587865
2026-01-11 15:33:50.145214 INFO::Fitting model to feature number 706, Roseburia sp910584215
2026-01-11 15:33:50.153109 INFO::Fitting model to feature number 707, MGYG000329248
2026-01-11 15:33:50.162167 INFO::Fitting model to feature number 708, Lachnospira sp910589305
2026-01-11 15:33:50.172007 INFO::Fitting model to feature number 709, Eubacterium_G sp910584795
2026-01-11 15:33:50.184973 INFO::Fitting model to feature number 710, Eubacterium_G sp910574895
2026-01-11 15:33:50.194748 INFO::Fitting model to feature number 711, Paralachnospira_A sp910588405
2026-01-11 15:33:50.203403 INFO::Fitting model to feature number 712, Paralachnospira_A sp910579325
2026-01-11 15:33:50.211892 INFO::Fitting model to feature number 713, CAG-317 sp910578495
2026-01-11 15:33:50.219704 INFO::Fitting model to feature number 714, CAG-317 sp011960265
2026-01-11 15:33:50.231564 INFO::Fitting model to feature number 715, JAAWJJ01 sp022796875
2026-01-11 15:33:50.243377 INFO::Fitting model to feature number 716, Blautia_A sp900551075
2026-01-11 15:33:50.253094 INFO::Fitting model to feature number 717, Blautia_A massiliensis
2026-01-11 15:33:50.264605 INFO::Fitting model to feature number 718, CAG-56 sp004793585
2026-01-11 15:33:50.275589 INFO::Fitting model to feature number 719, Enterocloster aldenensis
2026-01-11 15:33:50.28634 INFO::Fitting model to feature number 720, Enterocloster clostridioformis
2026-01-11 15:33:50.299149 INFO::Fitting model to feature number 721, Choladousia sp003612585
2026-01-11 15:33:50.308138 INFO::Fitting model to feature number 722, CAG-510 sp910577105
2026-01-11 15:33:50.320929 INFO::Fitting model to feature number 723, MGYG000325650
2026-01-11 15:33:50.332134 INFO::Fitting model to feature number 724, CAG-590 sp910585605
2026-01-11 15:33:50.34264 INFO::Fitting model to feature number 725, Blautia pseudococcoides
2026-01-11 15:33:50.354699 INFO::Fitting model to feature number 726, Eisenbergiella sp910585455
2026-01-11 15:33:50.365349 INFO::Fitting model to feature number 727, MGYG000392808
2026-01-11 15:33:50.373561 INFO::Fitting model to feature number 728, W0P33-017 sp910589045
2026-01-11 15:33:50.382393 INFO::Fitting model to feature number 729, SIG307 sp910579465
2026-01-11 15:33:50.392192 INFO::Fitting model to feature number 730, MGYG000326869
2026-01-11 15:33:50.402747 INFO::Fitting model to feature number 731, CAG-603 sp910583605
2026-01-11 15:33:50.411854 INFO::Fitting model to feature number 732, Marvinbryantia sp900550755
2026-01-11 15:33:50.420669 INFO::Fitting model to feature number 733, RGIG8607 sp910577045
2026-01-11 15:33:50.430654 INFO::Fitting model to feature number 734, MGYG000326584
2026-01-11 15:33:50.440844 INFO::Fitting model to feature number 735, MGBC114844 sp910585255
2026-01-11 15:33:50.449732 INFO::Fitting model to feature number 736, MGYG000325493
2026-01-11 15:33:50.457792 INFO::Fitting model to feature number 737, MGYG000329929
2026-01-11 15:33:50.467022 INFO::Fitting model to feature number 738, UBA2821 sp014799465
2026-01-11 15:33:50.477678 INFO::Fitting model to feature number 739, MGBC100174 sp910576895
2026-01-11 15:33:50.48805 INFO::Fitting model to feature number 740, Muricomes contortus_B
2026-01-11 15:33:50.496733 INFO::Fitting model to feature number 741, Extibacter muris
2026-01-11 15:33:50.505144 INFO::Fitting model to feature number 742, Anaerotignum sp910576545
2026-01-11 15:33:50.515 INFO::Fitting model to feature number 743, Anaerotignum sp910578425
2026-01-11 15:33:50.525651 INFO::Fitting model to feature number 744, Coprocola sp910575055
2026-01-11 15:33:50.535311 INFO::Fitting model to feature number 745, Enterenecus sp910588495
2026-01-11 15:33:50.545448 INFO::Fitting model to feature number 746, Enterenecus sp910587285
2026-01-11 15:33:50.554886 INFO::Fitting model to feature number 747, MGYG000327450
2026-01-11 15:33:50.56715 INFO::Fitting model to feature number 748, Enterenecus sp910588625
2026-01-11 15:33:50.577928 INFO::Fitting model to feature number 749, Enterenecus sp910575695
2026-01-11 15:33:50.619221 INFO::Fitting model to feature number 750, MGYG000326888
2026-01-11 15:33:50.630563 INFO::Fitting model to feature number 751, Enterenecus sp910585155
2026-01-11 15:33:50.64285 INFO::Fitting model to feature number 752, MGYG000331159
2026-01-11 15:33:50.654462 INFO::Fitting model to feature number 753, Enterenecus sp910579595
2026-01-11 15:33:50.665444 INFO::Fitting model to feature number 754, MGYG000410353
2026-01-11 15:33:50.676657 INFO::Fitting model to feature number 755, Enterenecus sp910577525
2026-01-11 15:33:50.689188 INFO::Fitting model to feature number 756, Enterenecus sp910587395
2026-01-11 15:33:50.701141 INFO::Fitting model to feature number 757, MGYG000328307
2026-01-11 15:33:50.713312 INFO::Fitting model to feature number 758, Enterenecus sp910587255
2026-01-11 15:33:50.72495 INFO::Fitting model to feature number 759, Enterenecus sp910588105
2026-01-11 15:33:50.736565 INFO::Fitting model to feature number 760, MGYG000410945
2026-01-11 15:33:50.747493 INFO::Fitting model to feature number 761, Enterenecus sp910579155
2026-01-11 15:33:50.756305 INFO::Fitting model to feature number 762, MGYG000322966
2026-01-11 15:33:50.767783 INFO::Fitting model to feature number 763, MGYG000410761
2026-01-11 15:33:50.778539 INFO::Fitting model to feature number 764, Enterenecus sp910587205
2026-01-11 15:33:50.787459 INFO::Fitting model to feature number 765, MGYG000410914
2026-01-11 15:33:50.796196 INFO::Fitting model to feature number 766, Enterenecus sp910584285
2026-01-11 15:33:50.804741 INFO::Fitting model to feature number 767, MGYG000327286
2026-01-11 15:33:50.81442 INFO::Fitting model to feature number 768, Enterenecus sp910585265
2026-01-11 15:33:50.825608 INFO::Fitting model to feature number 769, Enterenecus sp910584835
2026-01-11 15:33:50.835851 INFO::Fitting model to feature number 770, Enterenecus sp910588135
2026-01-11 15:33:50.847059 INFO::Fitting model to feature number 771, MGYG000329348
2026-01-11 15:33:50.856687 INFO::Fitting model to feature number 772, MGYG000325584
2026-01-11 15:33:50.865132 INFO::Fitting model to feature number 773, MGYG000410874
2026-01-11 15:33:50.872588 INFO::Fitting model to feature number 774, MGYG000360698
2026-01-11 15:33:50.88114 INFO::Fitting model to feature number 775, Lawsonibacter sp003612335
2026-01-11 15:33:50.889502 INFO::Fitting model to feature number 776, Lawsonibacter sp910585815
2026-01-11 15:33:50.898442 INFO::Fitting model to feature number 777, Lawsonibacter sp910584605
2026-01-11 15:33:50.906316 INFO::Fitting model to feature number 778, Lawsonibacter sp910575265
2026-01-11 15:33:50.915048 INFO::Fitting model to feature number 779, MGYG000432202
2026-01-11 15:33:50.923154 INFO::Fitting model to feature number 780, Lawsonibacter sp022799835
2026-01-11 15:33:50.933663 INFO::Fitting model to feature number 781, MGYG000433528
2026-01-11 15:33:50.940653 INFO::Fitting model to feature number 782, Lawsonibacter sp022794495
2026-01-11 15:33:50.948355 INFO::Fitting model to feature number 783, MGYG000410681
2026-01-11 15:33:50.955429 INFO::Fitting model to feature number 784, Lawsonibacter sp910578735
2026-01-11 15:33:50.963303 INFO::Fitting model to feature number 785, MGYG000325175
2026-01-11 15:33:50.970272 INFO::Fitting model to feature number 786, Lawsonibacter sp022801435
2026-01-11 15:33:50.97798 INFO::Fitting model to feature number 787, Lawsonibacter sp009911645
2026-01-11 15:33:50.985621 INFO::Fitting model to feature number 788, Lawsonibacter sp943192995
2026-01-11 15:33:50.994533 INFO::Fitting model to feature number 789, MGYG000329509
2026-01-11 15:33:51.003074 INFO::Fitting model to feature number 790, Lawsonibacter sp022798855
2026-01-11 15:33:51.012068 INFO::Fitting model to feature number 791, Lawsonibacter sp910588455
2026-01-11 15:33:51.019427 INFO::Fitting model to feature number 792, Lawsonibacter sp910589085
2026-01-11 15:33:51.029008 INFO::Fitting model to feature number 793, Lawsonibacter sp022793355
2026-01-11 15:33:51.038191 INFO::Fitting model to feature number 794, MGYG000328991
2026-01-11 15:33:51.047765 INFO::Fitting model to feature number 795, Lawsonibacter sp022795855
2026-01-11 15:33:51.057736 INFO::Fitting model to feature number 796, Lawsonibacter sp022791995
2026-01-11 15:33:51.069452 INFO::Fitting model to feature number 797, MGYG000323117
2026-01-11 15:33:51.078846 INFO::Fitting model to feature number 798, Lawsonibacter sp000492175
2026-01-11 15:33:51.089436 INFO::Fitting model to feature number 799, MGYG000324476
2026-01-11 15:33:51.102221 INFO::Fitting model to feature number 800, MGYG000411366
2026-01-11 15:33:51.112199 INFO::Fitting model to feature number 801, MGYG000345714
2026-01-11 15:33:51.12059 INFO::Fitting model to feature number 802, MGYG000329989
2026-01-11 15:33:51.129705 INFO::Fitting model to feature number 803, Lawsonibacter sp910577805
2026-01-11 15:33:51.137819 INFO::Fitting model to feature number 804, MGYG000410703
2026-01-11 15:33:51.146608 INFO::Fitting model to feature number 805, MGYG000329873
2026-01-11 15:33:51.154773 INFO::Fitting model to feature number 806, Lawsonibacter sp022796195
2026-01-11 15:33:51.163944 INFO::Fitting model to feature number 807, MGYG000411569
2026-01-11 15:33:51.173454 INFO::Fitting model to feature number 808, MGYG000327081
2026-01-11 15:33:51.185471 INFO::Fitting model to feature number 809, Dysosmobacter sp009774015
2026-01-11 15:33:51.196239 INFO::Fitting model to feature number 810, Dysosmobacter sp910583785
2026-01-11 15:33:51.206981 INFO::Fitting model to feature number 811, Dysosmobacter sp910575815
2026-01-11 15:33:51.216917 INFO::Fitting model to feature number 812, Dysosmobacter sp910579365
2026-01-11 15:33:51.228679 INFO::Fitting model to feature number 813, Dysosmobacter sp910587705
2026-01-11 15:33:51.239704 INFO::Fitting model to feature number 814, Dysosmobacter sp910586735
2026-01-11 15:33:51.251176 INFO::Fitting model to feature number 815, Dysosmobacter sp910585385
2026-01-11 15:33:51.263343 INFO::Fitting model to feature number 816, Dysosmobacter sp022791875
2026-01-11 15:33:51.271339 INFO::Fitting model to feature number 817, Dysosmobacter sp910583695
2026-01-11 15:33:51.281265 INFO::Fitting model to feature number 818, Dysosmobacter sp000403435
2026-01-11 15:33:51.290077 INFO::Fitting model to feature number 819, Dysosmobacter sp022791135
2026-01-11 15:33:51.302041 INFO::Fitting model to feature number 820, Dysosmobacter sp910588175
2026-01-11 15:33:51.313911 INFO::Fitting model to feature number 821, Dysosmobacter sp022795445
2026-01-11 15:33:51.325626 INFO::Fitting model to feature number 822, Dysosmobacter sp910575505
2026-01-11 15:33:51.336789 INFO::Fitting model to feature number 823, Dysosmobacter sp009773995
2026-01-11 15:33:51.348015 INFO::Fitting model to feature number 824, Dysosmobacter sp022801815
2026-01-11 15:33:51.358392 INFO::Fitting model to feature number 825, Dysosmobacter sp910577405
2026-01-11 15:33:51.368554 INFO::Fitting model to feature number 826, Dysosmobacter sp910578935
2026-01-11 15:33:51.377184 INFO::Fitting model to feature number 827, Dysosmobacter sp910576865
2026-01-11 15:33:51.385964 INFO::Fitting model to feature number 828, MGYG000330291
2026-01-11 15:33:51.39551 INFO::Fitting model to feature number 829, MGYG000409008
2026-01-11 15:33:51.40375 INFO::Fitting model to feature number 830, Dysosmobacter sp910589315
2026-01-11 15:33:51.412766 INFO::Fitting model to feature number 831, Dysosmobacter sp910587525
2026-01-11 15:33:51.421215 INFO::Fitting model to feature number 832, Dysosmobacter sp910587875
2026-01-11 15:33:51.430319 INFO::Fitting model to feature number 833, Dysosmobacter sp910584995
2026-01-11 15:33:51.43863 INFO::Fitting model to feature number 834, Dysosmobacter sp910579435
2026-01-11 15:33:51.447721 INFO::Fitting model to feature number 835, MGYG000411389
2026-01-11 15:33:51.4559 INFO::Fitting model to feature number 836, MGYG000325877
2026-01-11 15:33:51.465031 INFO::Fitting model to feature number 837, Dysosmobacter sp910584075
2026-01-11 15:33:51.475557 INFO::Fitting model to feature number 838, Dysosmobacter sp910585245
2026-01-11 15:33:51.48642 INFO::Fitting model to feature number 839, MGYG000373829
2026-01-11 15:33:51.497623 INFO::Fitting model to feature number 840, Dysosmobacter sp910584465
2026-01-11 15:33:51.508846 INFO::Fitting model to feature number 841, MGYG000330443
2026-01-11 15:33:51.546159 INFO::Fitting model to feature number 842, MGYG000326793
2026-01-11 15:33:51.559455 INFO::Fitting model to feature number 843, Dysosmobacter sp910576845
2026-01-11 15:33:51.569719 INFO::Fitting model to feature number 844, MGYG000329180
2026-01-11 15:33:51.580076 INFO::Fitting model to feature number 845, Pelethomonas sp910578505
2026-01-11 15:33:51.590911 INFO::Fitting model to feature number 846, Pelethomonas sp910579965
2026-01-11 15:33:51.601437 INFO::Fitting model to feature number 847, Pelethomonas sp910579485
2026-01-11 15:33:51.610663 INFO::Fitting model to feature number 848, Pelethomonas sp910587785
2026-01-11 15:33:51.618924 INFO::Fitting model to feature number 849, Pelethomonas sp022800665
2026-01-11 15:33:51.625953 INFO::Fitting model to feature number 850, Pelethomonas sp009774055
2026-01-11 15:33:51.633544 INFO::Fitting model to feature number 851, Pelethomonas sp022804995
2026-01-11 15:33:51.640523 INFO::Fitting model to feature number 852, Pelethomonas sp014237695
2026-01-11 15:33:51.648754 INFO::Fitting model to feature number 853, Pelethomonas sp022795905
2026-01-11 15:33:51.656271 INFO::Fitting model to feature number 854, MGYG000326866
2026-01-11 15:33:51.664013 INFO::Fitting model to feature number 855, Pelethomonas sp910583885
2026-01-11 15:33:51.671069 INFO::Fitting model to feature number 856, Pelethomonas sp910588365
2026-01-11 15:33:51.682611 INFO::Fitting model to feature number 857, MGYG000410776
2026-01-11 15:33:51.691837 INFO::Fitting model to feature number 858, Pelethomonas sp910587645
2026-01-11 15:33:51.699461 INFO::Fitting model to feature number 859, Pelethomonas sp022800525
2026-01-11 15:33:51.707297 INFO::Fitting model to feature number 860, Pelethomonas sp910588045
2026-01-11 15:33:51.715597 INFO::Fitting model to feature number 861, MGYG000325557
2026-01-11 15:33:51.723392 INFO::Fitting model to feature number 862, Pelethomonas sp910579725
2026-01-11 15:33:51.733112 INFO::Fitting model to feature number 863, Pelethomonas sp910577915
2026-01-11 15:33:51.740479 INFO::Fitting model to feature number 864, Pelethomonas sp910587505
2026-01-11 15:33:51.750101 INFO::Fitting model to feature number 865, MGYG000325617
2026-01-11 15:33:51.757311 INFO::Fitting model to feature number 866, Evtepia sp910584805
2026-01-11 15:33:51.767915 INFO::Fitting model to feature number 867, Evtepia sp022792035
2026-01-11 15:33:51.776021 INFO::Fitting model to feature number 868, Evtepia sp910578575
2026-01-11 15:33:51.785321 INFO::Fitting model to feature number 869, Marseille-P3106 sp022799035
2026-01-11 15:33:51.795329 INFO::Fitting model to feature number 870, Marseille-P3106 sp910587345
2026-01-11 15:33:51.80458 INFO::Fitting model to feature number 871, Marseille-P3106 sp910588975
2026-01-11 15:33:51.814257 INFO::Fitting model to feature number 872, MGYG000410458
2026-01-11 15:33:51.824931 INFO::Fitting model to feature number 873, Marseille-P3106 sp910585735
2026-01-11 15:33:51.835953 INFO::Fitting model to feature number 874, Marseille-P3106 sp022792495
2026-01-11 15:33:51.8465 INFO::Fitting model to feature number 875, Marseille-P3106 sp022794215
2026-01-11 15:33:51.856556 INFO::Fitting model to feature number 876, Marseille-P3106 sp022800215
2026-01-11 15:33:51.865611 INFO::Fitting model to feature number 877, MGYG000326975
2026-01-11 15:33:51.875285 INFO::Fitting model to feature number 878, NSJ-51 sp910585415
2026-01-11 15:33:51.887132 INFO::Fitting model to feature number 879, MGYG000326314
2026-01-11 15:33:51.899372 INFO::Fitting model to feature number 880, MGYG000325278
2026-01-11 15:33:51.90769 INFO::Fitting model to feature number 881, CAJFPI01 sp022801715
2026-01-11 15:33:51.916876 INFO::Fitting model to feature number 882, MGYG000327336
2026-01-11 15:33:51.927745 INFO::Fitting model to feature number 883, MGYG000328896
2026-01-11 15:33:51.938047 INFO::Fitting model to feature number 884, MGYG000329428
2026-01-11 15:33:51.949097 INFO::Fitting model to feature number 885, MGYG000329835
2026-01-11 15:33:51.957401 INFO::Fitting model to feature number 886, MGYG000410456
2026-01-11 15:33:51.967533 INFO::Fitting model to feature number 887, CAKUEI01 sp022793685
2026-01-11 15:33:51.978386 INFO::Fitting model to feature number 888, Avoscillospira_A sp022792945
2026-01-11 15:33:51.985813 INFO::Fitting model to feature number 889, JAAWCD01 sp022793095
2026-01-11 15:33:51.996064 INFO::Fitting model to feature number 890, Acutalibacter sp910588935
2026-01-11 15:33:52.006015 INFO::Fitting model to feature number 891, Acutalibacter sp009936035
2026-01-11 15:33:52.018069 INFO::Fitting model to feature number 892, Acutalibacter sp910589395
2026-01-11 15:33:52.02903 INFO::Fitting model to feature number 893, Acutalibacter sp910574935
2026-01-11 15:33:52.03774 INFO::Fitting model to feature number 894, Acutalibacter sp009917445
2026-01-11 15:33:52.045965 INFO::Fitting model to feature number 895, Acutalibacter muris
2026-01-11 15:33:52.053636 INFO::Fitting model to feature number 896, Acutalibacter sp910587835
2026-01-11 15:33:52.062457 INFO::Fitting model to feature number 897, MGYG000406378
2026-01-11 15:33:52.071877 INFO::Fitting model to feature number 898, Acutalibacter sp009917525
2026-01-11 15:33:52.080195 INFO::Fitting model to feature number 899, MGYG000328916
2026-01-11 15:33:52.088175 INFO::Fitting model to feature number 900, Acutalibacter sp910574995
2026-01-11 15:33:52.097228 INFO::Fitting model to feature number 901, Acutalibacter sp910580045
2026-01-11 15:33:52.109086 INFO::Fitting model to feature number 902, Acutalibacter sp003612555
2026-01-11 15:33:52.120678 INFO::Fitting model to feature number 903, Acutalibacter sp910587995
2026-01-11 15:33:52.132165 INFO::Fitting model to feature number 904, Acutalibacter sp910588415
2026-01-11 15:33:52.142711 INFO::Fitting model to feature number 905, Acutalibacter sp910584745
2026-01-11 15:33:52.153461 INFO::Fitting model to feature number 906, MGYG000330157
2026-01-11 15:33:52.160437 INFO::Fitting model to feature number 907, MGYG000331301
2026-01-11 15:33:52.167513 INFO::Fitting model to feature number 908, MGYG000410931
2026-01-11 15:33:52.17531 INFO::Fitting model to feature number 909, MGYG000328573
2026-01-11 15:33:52.186931 INFO::Fitting model to feature number 910, Acutalibacter stercorigallinarum
2026-01-11 15:33:52.193826 INFO::Fitting model to feature number 911, Eubacterium_R sp011958665
2026-01-11 15:33:52.201991 INFO::Fitting model to feature number 912, MGYG000337810
2026-01-11 15:33:52.209244 INFO::Fitting model to feature number 913, MGYG000379997
2026-01-11 15:33:52.217569 INFO::Fitting model to feature number 914, MGYG000351739
2026-01-11 15:33:52.226027 INFO::Fitting model to feature number 915, MGYG000410251
2026-01-11 15:33:52.235741 INFO::Fitting model to feature number 916, MGYG000373138
2026-01-11 15:33:52.245902 INFO::Fitting model to feature number 917, MGYG000327182
2026-01-11 15:33:52.254764 INFO::Fitting model to feature number 918, Ruthenibacterium sp013316265
2026-01-11 15:33:52.265819 INFO::Fitting model to feature number 919, Ruminococcus sp910584195
2026-01-11 15:33:52.268627 INFO::Fitting model to feature number 920, Angelakisella sp910585525
2026-01-11 15:33:52.279784 INFO::Fitting model to feature number 921, Angelakisella sp022795575
2026-01-11 15:33:52.289511 INFO::Fitting model to feature number 922, Angelakisella sp910585535
2026-01-11 15:33:52.29964 INFO::Fitting model to feature number 923, Angelakisella sp013316495
2026-01-11 15:33:52.308447 INFO::Fitting model to feature number 924, Ruminiclostridium_E sp910588335
2026-01-11 15:33:52.317497 INFO::Fitting model to feature number 925, MGYG000410125
2026-01-11 15:33:52.327131 INFO::Fitting model to feature number 926, Ruminiclostridium_E sp910585505
2026-01-11 15:33:52.336783 INFO::Fitting model to feature number 927, UBA1405 sp022800935
2026-01-11 15:33:52.346812 INFO::Fitting model to feature number 928, MGYG000331296
2026-01-11 15:33:52.356215 INFO::Fitting model to feature number 929, MGYG000410015
2026-01-11 15:33:52.365146 INFO::Fitting model to feature number 930, UBA1394 sp910588145
2026-01-11 15:33:52.374479 INFO::Fitting model to feature number 931, Anaerotruncus sp000403395
2026-01-11 15:33:52.384814 INFO::Fitting model to feature number 932, Anaerotruncus sp003612625
2026-01-11 15:33:52.393295 INFO::Fitting model to feature number 933, Anaerotruncus colihominis_A
2026-01-11 15:33:52.42986 INFO::Fitting model to feature number 934, Anaerotruncus sp910586875
2026-01-11 15:33:52.440249 INFO::Fitting model to feature number 935, MGYG000410574
2026-01-11 15:33:52.450035 INFO::Fitting model to feature number 936, UBA3818 sp910583935
2026-01-11 15:33:52.458287 INFO::Fitting model to feature number 937, JAAVYW01 sp022791315
2026-01-11 15:33:52.46905 INFO::Fitting model to feature number 938, Faecivivens sp022793675
2026-01-11 15:33:52.479588 INFO::Fitting model to feature number 939, RGIG8773 sp910584715
2026-01-11 15:33:52.491545 INFO::Fitting model to feature number 940, QXXE01 sp009911355
2026-01-11 15:33:52.501976 INFO::Fitting model to feature number 941, QXXE01 sp910586575
2026-01-11 15:33:52.512973 INFO::Fitting model to feature number 942, MGYG000327912
2026-01-11 15:33:52.524367 INFO::Fitting model to feature number 943, Butyricicoccus sp910584935
2026-01-11 15:33:52.536138 INFO::Fitting model to feature number 944, Pseudobutyricicoccus sp910579575
2026-01-11 15:33:52.547938 INFO::Fitting model to feature number 945, MGYG000349368
2026-01-11 15:33:52.559129 INFO::Fitting model to feature number 946, Avispirillum sp011957885
2026-01-11 15:33:52.570498 INFO::Fitting model to feature number 947, MGYG000401352
2026-01-11 15:33:52.581049 INFO::Fitting model to feature number 948, Zhenpiania sp009911365
2026-01-11 15:33:52.588828 INFO::Fitting model to feature number 949, Zhenpiania sp910575405
2026-01-11 15:33:52.59779 INFO::Fitting model to feature number 950, Emergencia sp009936045
2026-01-11 15:33:52.606648 INFO::Fitting model to feature number 951, JAAVYD01 sp022790955
2026-01-11 15:33:52.615961 INFO::Fitting model to feature number 952, Fimisoma sp910588185
2026-01-11 15:33:52.624781 INFO::Fitting model to feature number 953, MGYG000410140
2026-01-11 15:33:52.635388 INFO::Fitting model to feature number 954, MGYG000323026
2026-01-11 15:33:52.646208 INFO::Fitting model to feature number 955, Coproplasma sp910579525
2026-01-11 15:33:52.654687 INFO::Fitting model to feature number 956, Coproplasma sp003979335
2026-01-11 15:33:52.663765 INFO::Fitting model to feature number 957, Coproplasma sp013316055
2026-01-11 15:33:52.674269 INFO::Fitting model to feature number 958, Coproplasma sp910577375
2026-01-11 15:33:52.685397 INFO::Fitting model to feature number 959, Coproplasma sp910586065
2026-01-11 15:33:52.695776 INFO::Fitting model to feature number 960, MGYG000328913
2026-01-11 15:33:52.704029 INFO::Fitting model to feature number 961, Coproplasma stercorigallinarum
2026-01-11 15:33:52.712541 INFO::Fitting model to feature number 962, MGBC120929 sp910583735
2026-01-11 15:33:52.72128 INFO::Fitting model to feature number 963, RACS-045 sp910579785
2026-01-11 15:33:52.729832 INFO::Fitting model to feature number 964, QANA01 sp910588425
2026-01-11 15:33:52.738092 INFO::Fitting model to feature number 965, MGYG000324257
2026-01-11 15:33:52.748178 INFO::Fitting model to feature number 966, HGM11386 sp022791055
2026-01-11 15:33:52.758415 INFO::Fitting model to feature number 967, RACS-047 sp013316045
2026-01-11 15:33:52.768975 INFO::Fitting model to feature number 968, CAG-475 sp910577815
2026-01-11 15:33:52.777195 INFO::Fitting model to feature number 969, MGYG000328446
2026-01-11 15:33:52.787094 INFO::Fitting model to feature number 970, Caccovivens sp910587225
2026-01-11 15:33:52.798287 INFO::Fitting model to feature number 971, CAG-41 sp910578235
2026-01-11 15:33:52.80817 INFO::Fitting model to feature number 972, MGYG000410260
2026-01-11 15:33:52.819737 INFO::Fitting model to feature number 973, MGYG000335786
2026-01-11 15:33:52.830215 INFO::Fitting model to feature number 974, MGYG000349464
2026-01-11 15:33:52.839394 INFO::Fitting model to feature number 975, CAG-269 sp022792395
2026-01-11 15:33:52.849231 INFO::Fitting model to feature number 976, MGYG000328872
2026-01-11 15:33:52.858793 INFO::Fitting model to feature number 977, MGYG000327552
2026-01-11 15:33:52.869205 INFO::Fitting model to feature number 978, RGIG8482 sp022796855
2026-01-11 15:33:52.877647 INFO::Fitting model to feature number 979, JAAWPK01 sp022791735
2026-01-11 15:33:52.889212 INFO::Fitting model to feature number 980, MGYG000375192
2026-01-11 15:33:52.898789 INFO::Fitting model to feature number 981, MGYG000323824
2026-01-11 15:33:52.910491 INFO::Fitting model to feature number 982, Akkermansia muciniphila_B
2026-01-11 15:33:52.922071 INFO::Fitting model to feature number 983, Akkermansia sp001580195
2026-01-11 15:33:52.933619 INFO::Fitting model to feature number 984, Parasutterella sp009767915
2026-01-11 15:33:52.946569 INFO::Fitting model to feature number 985, Turicimonas muris
2026-01-11 15:33:52.957792 INFO::Fitting model to feature number 986, MGYG000326933
2026-01-11 15:33:52.967812 INFO::Fitting model to feature number 987, Enterobacter hormaechei_A
2026-01-11 15:33:52.977357 INFO::Fitting model to feature number 988, Methylobacterium persicinum
2026-01-11 15:33:52.988571 INFO::Fitting model to feature number 989, MGYG000329730
2026-01-11 15:33:52.998341 INFO::Fitting model to feature number 990, MGYG000360301
2026-01-11 15:33:53.008341 INFO::Fitting model to feature number 991, Enterousia sp013316395
2026-01-11 15:33:53.019957 INFO::Fitting model to feature number 992, MGYG000410936
2026-01-11 15:33:53.031412 INFO::Fitting model to feature number 993, Scatocola sp910577205
2026-01-11 15:33:53.041109 INFO::Fitting model to feature number 994, MGYG000327352
2026-01-11 15:33:53.049832 INFO::Fitting model to feature number 995, MGBC118957 sp910584385
2026-01-11 15:33:53.057963 INFO::Fitting model to feature number 996, MGYG000391024
2026-01-11 15:33:53.066828 INFO::Fitting model to feature number 997, MGYG000323059
2026-01-11 15:33:53.075098 INFO::Fitting model to feature number 998, MGYG000328709
2026-01-11 15:33:53.085503 INFO::Fitting model to feature number 999, MGYG000411523
2026-01-11 15:33:53.095058 INFO::Fitting model to feature number 1000, MGYG000331169
2026-01-11 15:33:53.106811 INFO::Fitting model to feature number 1001, Nanosyncoccus sp003979185
2026-01-11 15:33:53.117749 INFO::Fitting model to feature number 1002, MGYG000344322
2026-01-11 15:33:53.127875 INFO::Fitting model to feature number 1003, Nanosyncoccus sp013316435
2026-01-11 15:33:53.137748 INFO::Fitting model to feature number 1004, MGYG000348936
2026-01-11 15:33:53.14771 INFO::Fitting model to feature number 1005, MGYG000341210
2026-01-11 15:33:53.157429 INFO::Fitting model to feature number 1006, MGYG000331839
2026-01-11 15:33:53.167006 INFO::Fitting model to feature number 1007, MGYG000328091
2026-01-11 15:33:53.175 INFO::Fitting model to feature number 1008, Avidehalobacter sp022797295
2026-01-11 15:33:53.186743 INFO::Fitting model to feature number 1009, Avidehalobacter sp021771915
2026-01-11 15:33:53.196743 INFO::Fitting model to feature number 1010, MGYG000410378
2026-01-11 15:33:53.205054 INFO::Fitting model to feature number 1011, MGYG000411020
2026-01-11 15:33:53.214007 INFO::Fitting model to feature number 1012, MGBC122484 sp910587245
2026-01-11 15:33:53.222026 INFO::Fitting model to feature number 1013, MGBC122484 sp910586855
2026-01-11 15:33:53.229607 INFO::Fitting model to feature number 1014, MGBC122484 sp910578465
2026-01-11 15:33:53.236515 INFO::Fitting model to feature number 1015, MGBC122484 sp910587815
2026-01-11 15:33:53.243964 INFO::Fitting model to feature number 1016, Megamonas funiformis
2026-01-11 15:33:53.251722 INFO::Fitting model to feature number 1017, MGYG000325548
2026-01-11 15:33:53.2586 INFO::Fitting model to feature number 1018, UBA1436 sp910576915
2026-01-11 15:33:53.266416 INFO::Fitting model to feature number 1019, MGYG000331077
2026-01-11 15:33:53.27392 INFO::Fitting model to feature number 1020, MGYG000324324
2026-01-11 15:33:53.283058 INFO::Fitting model to feature number 1021, MGYG000333766
2026-01-11 15:33:53.29177 INFO::Fitting model to feature number 1022, UBA3282 sp910578115
2026-01-11 15:33:53.301997 INFO::Fitting model to feature number 1023, Anaerostipes hominis
2026-01-11 15:33:53.340629 INFO::Fitting model to feature number 1024, Bacteroides thetaiotaomicron
2026-01-11 15:33:53.353552 INFO::Fitting model to feature number 1025, C-19 sp910576345
2026-01-11 15:33:53.362981 INFO::Fitting model to feature number 1026, MGYG000327462
2026-01-11 15:33:53.374174 INFO::Fitting model to feature number 1027, MGYG000410493
2026-01-11 15:33:53.384808 INFO::Fitting model to feature number 1028, Allobaculum sp910579655
2026-01-11 15:33:53.393679 INFO::Fitting model to feature number 1029, MGBC163490 sp910588075
2026-01-11 15:33:53.406991 INFO::Fitting model to feature number 1030, Limosilactobacillus urinaemulieris
2026-01-11 15:33:53.416011 INFO::Fitting model to feature number 1031, Lactiplantibacillus plantarum
2026-01-11 15:33:53.424099 INFO::Fitting model to feature number 1032, Enterococcus_D gallinarum
2026-01-11 15:33:53.432863 INFO::Fitting model to feature number 1033, Lactococcus lactis
2026-01-11 15:33:53.443653 INFO::Fitting model to feature number 1034, Granulicatella adiacens
2026-01-11 15:33:53.45468 INFO::Fitting model to feature number 1035, Scybalousia sp910584255
2026-01-11 15:33:53.465581 INFO::Fitting model to feature number 1036, CAG-710 sp000432595
2026-01-11 15:33:53.475151 INFO::Fitting model to feature number 1037, MGYG000325543
2026-01-11 15:33:53.483433 INFO::Fitting model to feature number 1038, MGYG000326942
2026-01-11 15:33:53.493674 INFO::Fitting model to feature number 1039, Paratractidigestivibacter sp003150175
2026-01-11 15:33:53.504723 INFO::Fitting model to feature number 1040, Collinsella stercoris
2026-01-11 15:33:53.516209 INFO::Fitting model to feature number 1041, Collinsella sp900545445
2026-01-11 15:33:53.528584 INFO::Fitting model to feature number 1042, Collinsella sp002232035
2026-01-11 15:33:53.540483 INFO::Fitting model to feature number 1043, MGYG000330890
2026-01-11 15:33:53.549016 INFO::Fitting model to feature number 1044, Cutibacterium acnes
2026-01-11 15:33:53.55706 INFO::Fitting model to feature number 1045, MGYG000325467
2026-01-11 15:33:53.568439 INFO::Fitting model to feature number 1046, MGYG000325647
2026-01-11 15:33:53.577358 INFO::Fitting model to feature number 1047, MGYG000325468
2026-01-11 15:33:53.586465 INFO::Fitting model to feature number 1048, MGYG000325561
2026-01-11 15:33:53.598409 INFO::Fitting model to feature number 1049, CAG-873 sp014801485
2026-01-11 15:33:53.608836 INFO::Fitting model to feature number 1050, MGYG000325408
2026-01-11 15:33:53.619891 INFO::Fitting model to feature number 1051, CAG-873 sp910579605
2026-01-11 15:33:53.629916 INFO::Fitting model to feature number 1052, CAG-485 sp014802175
2026-01-11 15:33:53.643015 INFO::Fitting model to feature number 1053, CAG-485 sp014801875
2026-01-11 15:33:53.653831 INFO::Fitting model to feature number 1054, CAG-485 sp014803765
2026-01-11 15:33:53.661927 INFO::Fitting model to feature number 1055, MGYG000325797
2026-01-11 15:33:53.670639 INFO::Fitting model to feature number 1056, MGYG000325348
2026-01-11 15:33:53.682062 INFO::Fitting model to feature number 1057, MGYG000325391
2026-01-11 15:33:53.692238 INFO::Fitting model to feature number 1058, MGYG000325606
2026-01-11 15:33:53.703799 INFO::Fitting model to feature number 1059, MGYG000325480
2026-01-11 15:33:53.712959 INFO::Fitting model to feature number 1060, CAG-485 sp014800535
2026-01-11 15:33:53.721213 INFO::Fitting model to feature number 1061, CAG-485 sp014801585
2026-01-11 15:33:53.729892 INFO::Fitting model to feature number 1062, MGYG000325583
2026-01-11 15:33:53.738009 INFO::Fitting model to feature number 1063, MGYG000325430
2026-01-11 15:33:53.746932 INFO::Fitting model to feature number 1064, MGYG000325719
2026-01-11 15:33:53.758732 INFO::Fitting model to feature number 1065, MGYG000325338
2026-01-11 15:33:53.769315 INFO::Fitting model to feature number 1066, MGYG000325306
2026-01-11 15:33:53.781838 INFO::Fitting model to feature number 1067, MGYG000325603
2026-01-11 15:33:53.790393 INFO::Fitting model to feature number 1068, UBA3263 sp014802435
2026-01-11 15:33:53.798993 INFO::Fitting model to feature number 1069, MGYG000325316
2026-01-11 15:33:53.806284 INFO::Fitting model to feature number 1070, MGYG000325659
2026-01-11 15:33:53.815066 INFO::Fitting model to feature number 1071, MGYG000325628
2026-01-11 15:33:53.82303 INFO::Fitting model to feature number 1072, MGYG000325657
2026-01-11 15:33:53.831242 INFO::Fitting model to feature number 1073, MGYG000325523
2026-01-11 15:33:53.838979 INFO::Fitting model to feature number 1074, MGYG000325354
2026-01-11 15:33:53.847333 INFO::Fitting model to feature number 1075, MGYG000325392
2026-01-11 15:33:53.855252 INFO::Fitting model to feature number 1076, JAAVFS01 sp014802385
2026-01-11 15:33:53.864053 INFO::Fitting model to feature number 1077, MGYG000327349
2026-01-11 15:33:53.87222 INFO::Fitting model to feature number 1078, Parabacteroides johnsonii
2026-01-11 15:33:53.880188 INFO::Fitting model to feature number 1079, Parabacteroides sp910577325
2026-01-11 15:33:53.887241 INFO::Fitting model to feature number 1080, Bacteroides faecis
2026-01-11 15:33:53.894291 INFO::Fitting model to feature number 1081, Bacteroides bouchesdurhonensis
2026-01-11 15:33:53.901819 INFO::Fitting model to feature number 1082, Bacteroides ovatus
2026-01-11 15:33:53.908745 INFO::Fitting model to feature number 1083, Bacteroides caccae
2026-01-11 15:33:53.916662 INFO::Fitting model to feature number 1084, MGYG000325504
2026-01-11 15:33:53.923833 INFO::Fitting model to feature number 1085, Bacteroides salyersiae
2026-01-11 15:33:53.932721 INFO::Fitting model to feature number 1086, Bacteroides stercorirosoris
2026-01-11 15:33:53.939656 INFO::Fitting model to feature number 1087, MGYG000325502
2026-01-11 15:33:53.947003 INFO::Fitting model to feature number 1088, Prevotella pectinovora
2026-01-11 15:33:53.953782 INFO::Fitting model to feature number 1089, Prevotella sp000436915
2026-01-11 15:33:53.960682 INFO::Fitting model to feature number 1090, MGYG000325596
2026-01-11 15:33:53.970735 INFO::Fitting model to feature number 1091, Tidjanibacter sp910577285
2026-01-11 15:33:53.981986 INFO::Fitting model to feature number 1092, Odoribacter sp910588375
2026-01-11 15:33:53.993562 INFO::Fitting model to feature number 1093, Odoribacter sp910578985
2026-01-11 15:33:54.003124 INFO::Fitting model to feature number 1094, Odoribacter sp009935865
2026-01-11 15:33:54.014753 INFO::Fitting model to feature number 1095, Cryptobacteroides sp000431015
2026-01-11 15:33:54.025839 INFO::Fitting model to feature number 1096, MGYG000325795
2026-01-11 15:33:54.034297 INFO::Fitting model to feature number 1097, MGYG000326972
2026-01-11 15:33:54.043336 INFO::Fitting model to feature number 1098, Pullibacteroides sp910578275
2026-01-11 15:33:54.05237 INFO::Fitting model to feature number 1099, MGYG000376875
2026-01-11 15:33:54.060895 INFO::Fitting model to feature number 1100, MGYG000410984
2026-01-11 15:33:54.069132 INFO::Fitting model to feature number 1101, MGYG000329711
2026-01-11 15:33:54.0779 INFO::Fitting model to feature number 1102, Sporofaciens sp910584575
2026-01-11 15:33:54.086338 INFO::Fitting model to feature number 1103, Sporofaciens sp011960625
2026-01-11 15:33:54.094796 INFO::Fitting model to feature number 1104, MD308 sp910579335
2026-01-11 15:33:54.102453 INFO::Fitting model to feature number 1105, 14-2 sp910585625
2026-01-11 15:33:54.109398 INFO::Fitting model to feature number 1106, 14-2 sp910585895
2026-01-11 15:33:54.117293 INFO::Fitting model to feature number 1107, 14-2 sp004793545
2026-01-11 15:33:54.124021 INFO::Fitting model to feature number 1108, 14-2 sp910580195
2026-01-11 15:33:54.131615 INFO::Fitting model to feature number 1109, 14-2 sp910580015
2026-01-11 15:33:54.139528 INFO::Fitting model to feature number 1110, 14-2 sp910585395
2026-01-11 15:33:54.146868 INFO::Fitting model to feature number 1111, 14-2 sp910587895
2026-01-11 15:33:54.170847 INFO::Fitting model to feature number 1112, MGYG000327388
2026-01-11 15:33:54.186063 INFO::Fitting model to feature number 1113, MGYG000410811
2026-01-11 15:33:54.195137 INFO::Fitting model to feature number 1114, MGYG000352925
2026-01-11 15:33:54.203626 INFO::Fitting model to feature number 1115, MGYG000331207
2026-01-11 15:33:54.211615 INFO::Fitting model to feature number 1116, MGYG000328397
2026-01-11 15:33:54.219584 INFO::Fitting model to feature number 1117, 14-2 sp910588965
2026-01-11 15:33:54.227304 INFO::Fitting model to feature number 1118, 14-2 sp910586005
2026-01-11 15:33:54.235779 INFO::Fitting model to feature number 1119, 14-2 sp022790855
2026-01-11 15:33:54.246476 INFO::Fitting model to feature number 1120, Ventrimonas sp910588875
2026-01-11 15:33:54.257107 INFO::Fitting model to feature number 1121, Ventrimonas sp910586205
2026-01-11 15:33:54.268368 INFO::Fitting model to feature number 1122, Ventrimonas sp910588125
2026-01-11 15:33:54.280044 INFO::Fitting model to feature number 1123, MGYG000329105
2026-01-11 15:33:54.290751 INFO::Fitting model to feature number 1124, Ventrimonas sp022794255
2026-01-11 15:33:54.301343 INFO::Fitting model to feature number 1125, MGYG000432287
2026-01-11 15:33:54.31209 INFO::Fitting model to feature number 1126, Ventrimonas sp910584845
2026-01-11 15:33:54.321643 INFO::Fitting model to feature number 1127, UBA3282 sp910587715
2026-01-11 15:33:54.334443 INFO::Fitting model to feature number 1128, MGYG000411593
2026-01-11 15:33:54.343348 INFO::Fitting model to feature number 1129, MGYG000323128
2026-01-11 15:33:54.35447 INFO::Fitting model to feature number 1130, UBA3282 sp910578645
2026-01-11 15:33:54.366179 INFO::Fitting model to feature number 1131, UBA3282 sp910579735
2026-01-11 15:33:54.37373 INFO::Fitting model to feature number 1132, MGYG000325815
2026-01-11 15:33:54.384848 INFO::Fitting model to feature number 1133, UBA3282 sp910579395
2026-01-11 15:33:54.394824 INFO::Fitting model to feature number 1134, UBA3282 sp009774575
2026-01-11 15:33:54.405097 INFO::Fitting model to feature number 1135, MGYG000329420
2026-01-11 15:33:54.4139 INFO::Fitting model to feature number 1136, MGYG000323012
2026-01-11 15:33:54.422198 INFO::Fitting model to feature number 1137, MGYG000325709
2026-01-11 15:33:54.43273 INFO::Fitting model to feature number 1138, MGYG000325198
2026-01-11 15:33:54.442711 INFO::Fitting model to feature number 1139, UBA3282 sp910578845
2026-01-11 15:33:54.451453 INFO::Fitting model to feature number 1140, MGYG000325513
2026-01-11 15:33:54.459742 INFO::Fitting model to feature number 1141, UBA3282 sp910588955
2026-01-11 15:33:54.468657 INFO::Fitting model to feature number 1142, MGYG000325450
2026-01-11 15:33:54.476371 INFO::Fitting model to feature number 1143, MGYG000325999
2026-01-11 15:33:54.484835 INFO::Fitting model to feature number 1144, MGYG000411525
2026-01-11 15:33:54.493276 INFO::Fitting model to feature number 1145, MGYG000325558
2026-01-11 15:33:54.501783 INFO::Fitting model to feature number 1146, MGYG000322990
2026-01-11 15:33:54.510088 INFO::Fitting model to feature number 1147, MGYG000330673
2026-01-11 15:33:54.518932 INFO::Fitting model to feature number 1148, MGYG000368565
2026-01-11 15:33:54.527334 INFO::Fitting model to feature number 1149, UBA7109 sp910580235
2026-01-11 15:33:54.536667 INFO::Fitting model to feature number 1150, MGYG000324764
2026-01-11 15:33:54.545006 INFO::Fitting model to feature number 1151, MGYG000324065
2026-01-11 15:33:54.553862 INFO::Fitting model to feature number 1152, Roseburia sp910577925
2026-01-11 15:33:54.562564 INFO::Fitting model to feature number 1153, Roseburia intestinalis
2026-01-11 15:33:54.572313 INFO::Fitting model to feature number 1154, MGYG000328589
2026-01-11 15:33:54.582889 INFO::Fitting model to feature number 1155, MGYG000393816
2026-01-11 15:33:54.595339 INFO::Fitting model to feature number 1156, Butyribacter sp910579085
2026-01-11 15:33:54.606788 INFO::Fitting model to feature number 1157, MGYG000329302
2026-01-11 15:33:54.617535 INFO::Fitting model to feature number 1158, MGYG000348373
2026-01-11 15:33:54.62555 INFO::Fitting model to feature number 1159, MGYG000325401
2026-01-11 15:33:54.63521 INFO::Fitting model to feature number 1160, Butyribacter sp910586555
2026-01-11 15:33:54.648102 INFO::Fitting model to feature number 1161, Butyribacter sp910586605
2026-01-11 15:33:54.658156 INFO::Fitting model to feature number 1162, 1XD8-76 sp003611955
2026-01-11 15:33:54.669865 INFO::Fitting model to feature number 1163, 1XD8-76 sp910584915
2026-01-11 15:33:54.681988 INFO::Fitting model to feature number 1164, 1XD8-76 sp022799355
2026-01-11 15:33:54.694196 INFO::Fitting model to feature number 1165, Blautia coccoides
2026-01-11 15:33:54.706448 INFO::Fitting model to feature number 1166, Blautia hominis
2026-01-11 15:33:54.718287 INFO::Fitting model to feature number 1167, MGYG000330300
2026-01-11 15:33:54.729519 INFO::Fitting model to feature number 1168, Blautia sp001304935
2026-01-11 15:33:54.740235 INFO::Fitting model to feature number 1169, MGYG000411610
2026-01-11 15:33:54.750247 INFO::Fitting model to feature number 1170, Acetatifactor sp910578215
2026-01-11 15:33:54.757938 INFO::Fitting model to feature number 1171, MGYG000403847
2026-01-11 15:33:54.767462 INFO::Fitting model to feature number 1172, Acetatifactor sp910585665
2026-01-11 15:33:54.77545 INFO::Fitting model to feature number 1173, MGYG000410724
2026-01-11 15:33:54.78445 INFO::Fitting model to feature number 1174, MGYG000329148
2026-01-11 15:33:54.793072 INFO::Fitting model to feature number 1175, MGYG000331408
2026-01-11 15:33:54.803696 INFO::Fitting model to feature number 1176, MGYG000331279
2026-01-11 15:33:54.814144 INFO::Fitting model to feature number 1177, Acetatifactor sp910584375
2026-01-11 15:33:54.822239 INFO::Fitting model to feature number 1178, MGYG000345025
2026-01-11 15:33:54.831391 INFO::Fitting model to feature number 1179, Acetatifactor sp910586435
2026-01-11 15:33:54.841382 INFO::Fitting model to feature number 1180, MGYG000330154
2026-01-11 15:33:54.852067 INFO::Fitting model to feature number 1181, MGYG000327196
2026-01-11 15:33:54.860464 INFO::Fitting model to feature number 1182, Acetatifactor sp910586215
2026-01-11 15:33:54.869805 INFO::Fitting model to feature number 1183, Acetatifactor sp011959105
2026-01-11 15:33:54.879229 INFO::Fitting model to feature number 1184, Acetatifactor sp910586515
2026-01-11 15:33:54.890364 INFO::Fitting model to feature number 1185, MGYG000325688
2026-01-11 15:33:54.900051 INFO::Fitting model to feature number 1186, MGYG000325419
2026-01-11 15:33:54.90826 INFO::Fitting model to feature number 1187, Acetatifactor sp910585015
2026-01-11 15:33:54.917844 INFO::Fitting model to feature number 1188, Acetatifactor sp910577665
2026-01-11 15:33:54.927664 INFO::Fitting model to feature number 1189, MGYG000329799
2026-01-11 15:33:54.937326 INFO::Fitting model to feature number 1190, Acetatifactor sp910588225
2026-01-11 15:33:54.945177 INFO::Fitting model to feature number 1191, MGYG000410939
2026-01-11 15:33:54.953958 INFO::Fitting model to feature number 1192, MGYG000327533
2026-01-11 15:33:54.965022 INFO::Fitting model to feature number 1193, Acetatifactor sp022797535
2026-01-11 15:33:54.974651 INFO::Fitting model to feature number 1194, Acetatifactor sp022793065
2026-01-11 15:33:54.987427 INFO::Fitting model to feature number 1195, MGYG000329051
2026-01-11 15:33:54.996284 INFO::Fitting model to feature number 1196, MGYG000324774
2026-01-11 15:33:55.004917 INFO::Fitting model to feature number 1197, Lachnospira sp910587485
2026-01-11 15:33:55.015522 INFO::Fitting model to feature number 1198, Anaerostipes caccae
2026-01-11 15:33:55.025758 INFO::Fitting model to feature number 1199, 1XD42-69 sp910585825
2026-01-11 15:33:55.06941 INFO::Fitting model to feature number 1200, 1XD42-69 sp910586725
2026-01-11 15:33:55.082786 INFO::Fitting model to feature number 1201, MGYG000325395
2026-01-11 15:33:55.093862 INFO::Fitting model to feature number 1202, 1XD42-69 sp910586355
2026-01-11 15:33:55.103261 INFO::Fitting model to feature number 1203, MGYG000330490
2026-01-11 15:33:55.114223 INFO::Fitting model to feature number 1204, 1XD42-69 sp910589105
2026-01-11 15:33:55.124263 INFO::Fitting model to feature number 1205, MGYG000327486
2026-01-11 15:33:55.133041 INFO::Fitting model to feature number 1206, MGYG000331229
2026-01-11 15:33:55.140952 INFO::Fitting model to feature number 1207, UBA3402 sp910588505
2026-01-11 15:33:55.151192 INFO::Fitting model to feature number 1208, UBA3402 sp022792815
2026-01-11 15:33:55.159542 INFO::Fitting model to feature number 1209, UBA3402 sp910579515
2026-01-11 15:33:55.168499 INFO::Fitting model to feature number 1210, MGYG000410806
2026-01-11 15:33:55.179886 INFO::Fitting model to feature number 1211, MGYG000324300
2026-01-11 15:33:55.192479 INFO::Fitting model to feature number 1212, MGYG000324807
2026-01-11 15:33:55.202099 INFO::Fitting model to feature number 1213, MGYG000327237
2026-01-11 15:33:55.209695 INFO::Fitting model to feature number 1214, MGYG000327181
2026-01-11 15:33:55.218659 INFO::Fitting model to feature number 1215, CAG-95 sp910577445
2026-01-11 15:33:55.226371 INFO::Fitting model to feature number 1216, CAG-95 sp002492465
2026-01-11 15:33:55.234802 INFO::Fitting model to feature number 1217, CAG-95 sp910587305
2026-01-11 15:33:55.242929 INFO::Fitting model to feature number 1218, CAG-95 sp910587295
2026-01-11 15:33:55.251563 INFO::Fitting model to feature number 1219, MGYG000410955
2026-01-11 15:33:55.259324 INFO::Fitting model to feature number 1220, MGYG000325519
2026-01-11 15:33:55.267984 INFO::Fitting model to feature number 1221, MGYG000325286
2026-01-11 15:33:55.274909 INFO::Fitting model to feature number 1222, CAG-95 sp000403495
2026-01-11 15:33:55.282833 INFO::Fitting model to feature number 1223, CAG-95 sp014804245
2026-01-11 15:33:55.290299 INFO::Fitting model to feature number 1224, MGYG000324752
2026-01-11 15:33:55.300326 INFO::Fitting model to feature number 1225, MGYG000330445
2026-01-11 15:33:55.310389 INFO::Fitting model to feature number 1226, COE1 sp014239155
2026-01-11 15:33:55.321036 INFO::Fitting model to feature number 1227, MGYG000325661
2026-01-11 15:33:55.331931 INFO::Fitting model to feature number 1228, COE1 sp011959805
2026-01-11 15:33:55.343767 INFO::Fitting model to feature number 1229, COE1 sp009774245
2026-01-11 15:33:55.355351 INFO::Fitting model to feature number 1230, MGYG000325434
2026-01-11 15:33:55.366971 INFO::Fitting model to feature number 1231, COE1 sp910577115
2026-01-11 15:33:55.379202 INFO::Fitting model to feature number 1232, COE1 sp000403215
2026-01-11 15:33:55.390806 INFO::Fitting model to feature number 1233, COE1 sp910588595
2026-01-11 15:33:55.402021 INFO::Fitting model to feature number 1234, COE1 sp910586095
2026-01-11 15:33:55.413679 INFO::Fitting model to feature number 1235, MGYG000325380
2026-01-11 15:33:55.425686 INFO::Fitting model to feature number 1236, MGYG000328561
2026-01-11 15:33:55.436966 INFO::Fitting model to feature number 1237, COE1 sp910578795
2026-01-11 15:33:55.447236 INFO::Fitting model to feature number 1238, COE1 sp003513705
2026-01-11 15:33:55.457449 INFO::Fitting model to feature number 1239, Eubacterium_F sp910577295
2026-01-11 15:33:55.466648 INFO::Fitting model to feature number 1240, Eubacterium_F sp910584065
2026-01-11 15:33:55.476025 INFO::Fitting model to feature number 1241, Eubacterium_F sp910584245
2026-01-11 15:33:55.486892 INFO::Fitting model to feature number 1242, Eubacterium_F sp910589665
2026-01-11 15:33:55.495771 INFO::Fitting model to feature number 1243, Eubacterium_F sp910584645
2026-01-11 15:33:55.50438 INFO::Fitting model to feature number 1244, MGYG000327551
2026-01-11 15:33:55.514071 INFO::Fitting model to feature number 1245, VSOB01 sp910585345
2026-01-11 15:33:55.524414 INFO::Fitting model to feature number 1246, VSOB01 sp910589075
2026-01-11 15:33:55.535996 INFO::Fitting model to feature number 1247, Merdisoma sp910587955
2026-01-11 15:33:55.549032 INFO::Fitting model to feature number 1248, MGYG000331110
2026-01-11 15:33:55.559058 INFO::Fitting model to feature number 1249, Eubacterium_J plexicaudatum
2026-01-11 15:33:55.571536 INFO::Fitting model to feature number 1250, Eubacterium_J sp910586445
2026-01-11 15:33:55.581526 INFO::Fitting model to feature number 1251, Eubacterium_J sp910577225
2026-01-11 15:33:55.589256 INFO::Fitting model to feature number 1252, Eubacterium_J sp009774535
2026-01-11 15:33:55.599453 INFO::Fitting model to feature number 1253, Eubacterium_J sp910586225
2026-01-11 15:33:55.608659 INFO::Fitting model to feature number 1254, Eubacterium_J sp910584345
2026-01-11 15:33:55.617988 INFO::Fitting model to feature number 1255, MGYG000327547
2026-01-11 15:33:55.626732 INFO::Fitting model to feature number 1256, MGYG000325711
2026-01-11 15:33:55.637061 INFO::Fitting model to feature number 1257, MGYG000324920
2026-01-11 15:33:55.645252 INFO::Fitting model to feature number 1258, Eubacterium_J sp910586045
2026-01-11 15:33:55.655112 INFO::Fitting model to feature number 1259, MGYG000331263
2026-01-11 15:33:55.662208 INFO::Fitting model to feature number 1260, Kineothrix sp910579645
2026-01-11 15:33:55.669944 INFO::Fitting model to feature number 1261, Kineothrix sp023399455
2026-01-11 15:33:55.677208 INFO::Fitting model to feature number 1262, Kineothrix sp910578405
2026-01-11 15:33:55.686738 INFO::Fitting model to feature number 1263, MGBC164599 sp910584115
2026-01-11 15:33:55.6952 INFO::Fitting model to feature number 1264, MGYG000330773
2026-01-11 15:33:55.70325 INFO::Fitting model to feature number 1265, MGYG000323038
2026-01-11 15:33:55.710209 INFO::Fitting model to feature number 1266, Caccovicinus sp910589195
2026-01-11 15:33:55.717785 INFO::Fitting model to feature number 1267, Copromonas sp910585355
2026-01-11 15:33:55.724417 INFO::Fitting model to feature number 1268, MGYG000329350
2026-01-11 15:33:55.732163 INFO::Fitting model to feature number 1269, Copromonas sp900066535
2026-01-11 15:33:55.739209 INFO::Fitting model to feature number 1270, MGYG000346909
2026-01-11 15:33:55.746047 INFO::Fitting model to feature number 1271, Eisenbergiella porci
2026-01-11 15:33:55.755337 INFO::Fitting model to feature number 1272, MGYG000379181
2026-01-11 15:33:55.764411 INFO::Fitting model to feature number 1273, CAG-510 sp910578335
2026-01-11 15:33:55.774289 INFO::Fitting model to feature number 1274, CAG-510 sp910577015
2026-01-11 15:33:55.785798 INFO::Fitting model to feature number 1275, MGYG000325414
2026-01-11 15:33:55.796332 INFO::Fitting model to feature number 1276, MGYG000328974
2026-01-11 15:33:55.807234 INFO::Fitting model to feature number 1277, MGYG000329478
2026-01-11 15:33:55.818525 INFO::Fitting model to feature number 1278, SIG307 sp910577175
2026-01-11 15:33:55.826409 INFO::Fitting model to feature number 1279, Clostridium_Q symbiosum
2026-01-11 15:33:55.836716 INFO::Fitting model to feature number 1280, Clostridium_Q sp009911305
2026-01-11 15:33:55.846865 INFO::Fitting model to feature number 1281, Enterocloster bolteae
2026-01-11 15:33:55.855497 INFO::Fitting model to feature number 1282, MGYG000330164
2026-01-11 15:33:55.86362 INFO::Fitting model to feature number 1283, MGYG000323607
2026-01-11 15:33:55.871817 INFO::Fitting model to feature number 1284, RGIG4057 sp910577675
2026-01-11 15:33:55.883306 INFO::Fitting model to feature number 1285, RGIG8607 sp910588535
2026-01-11 15:33:55.891362 INFO::Fitting model to feature number 1286, MGYG000325404
2026-01-11 15:33:55.923504 INFO::Fitting model to feature number 1287, MGBC131033 sp910585655
2026-01-11 15:33:55.932724 INFO::Fitting model to feature number 1288, MGYG000409986
2026-01-11 15:33:55.940684 INFO::Fitting model to feature number 1289, MGYG000323124
2026-01-11 15:33:55.949701 INFO::Fitting model to feature number 1290, MGYG000327294
2026-01-11 15:33:55.957509 INFO::Fitting model to feature number 1291, RUG115 sp910578885
2026-01-11 15:33:55.966084 INFO::Fitting model to feature number 1292, MGYG000328329
2026-01-11 15:33:55.974231 INFO::Fitting model to feature number 1293, MGYG000410396
2026-01-11 15:33:55.983177 INFO::Fitting model to feature number 1294, RGIG7193 sp910586125
2026-01-11 15:33:55.991054 INFO::Fitting model to feature number 1295, MGYG000325636
2026-01-11 15:33:56.000016 INFO::Fitting model to feature number 1296, Agathobacter sp910587655
2026-01-11 15:33:56.007946 INFO::Fitting model to feature number 1297, MGYG000410161
2026-01-11 15:33:56.017259 INFO::Fitting model to feature number 1298, MGYG000327199
2026-01-11 15:33:56.027132 INFO::Fitting model to feature number 1299, RGIG3040 sp910585715
2026-01-11 15:33:56.037635 INFO::Fitting model to feature number 1300, Butyrivibrio_A sp000431815
2026-01-11 15:33:56.049536 INFO::Fitting model to feature number 1301, Butyrivibrio_A sp910577605
2026-01-11 15:33:56.061145 INFO::Fitting model to feature number 1302, MGYG000325389
2026-01-11 15:33:56.072403 INFO::Fitting model to feature number 1303, MGBC114844 sp910579865
2026-01-11 15:33:56.081341 INFO::Fitting model to feature number 1304, CAG-303 sp910577835
2026-01-11 15:33:56.091988 INFO::Fitting model to feature number 1305, CAG-303 sp910584685
2026-01-11 15:33:56.101012 INFO::Fitting model to feature number 1306, MGYG000327534
2026-01-11 15:33:56.10965 INFO::Fitting model to feature number 1307, An181 sp910585545
2026-01-11 15:33:56.121126 INFO::Fitting model to feature number 1308, RGIG3002 sp910579805
2026-01-11 15:33:56.132694 INFO::Fitting model to feature number 1309, MGYG000323516
2026-01-11 15:33:56.145197 INFO::Fitting model to feature number 1310, MGBC120314 sp910584325
2026-01-11 15:33:56.157404 INFO::Fitting model to feature number 1311, MGYG000328392
2026-01-11 15:33:56.169507 INFO::Fitting model to feature number 1312, CAG-632 sp910587045
2026-01-11 15:33:56.182506 INFO::Fitting model to feature number 1313, MGBC136627 sp910585935
2026-01-11 15:33:56.197572 INFO::Fitting model to feature number 1314, MGBC165282 sp910589265
2026-01-11 15:33:56.209806 INFO::Fitting model to feature number 1315, Mediterraneibacter_A sp022790755
2026-01-11 15:33:56.221109 INFO::Fitting model to feature number 1316, Hungatella effluvii
2026-01-11 15:33:56.230239 INFO::Fitting model to feature number 1317, Mobilitalea sp023395555
2026-01-11 15:33:56.243094 INFO::Fitting model to feature number 1318, Fusicatenibacter saccharivorans
2026-01-11 15:33:56.25665 INFO::Fitting model to feature number 1319, CAG-411 sp014799595
2026-01-11 15:33:56.267412 INFO::Fitting model to feature number 1320, MGYG000323744
2026-01-11 15:33:56.278984 INFO::Fitting model to feature number 1321, MGBC143606 sp910587935
2026-01-11 15:33:56.290961 INFO::Fitting model to feature number 1322, C-53 sp003612525
2026-01-11 15:33:56.299662 INFO::Fitting model to feature number 1323, Ruminococcus_B gnavus
2026-01-11 15:33:56.307812 INFO::Fitting model to feature number 1324, Frisingicoccus caecimuris
2026-01-11 15:33:56.31675 INFO::Fitting model to feature number 1325, MGYG000326088
2026-01-11 15:33:56.325191 INFO::Fitting model to feature number 1326, Lawsonibacter sp900066645
2026-01-11 15:33:56.335264 INFO::Fitting model to feature number 1327, MGYG000327494
2026-01-11 15:33:56.346455 INFO::Fitting model to feature number 1328, MGYG000325423
2026-01-11 15:33:56.35916 INFO::Fitting model to feature number 1329, Dysosmobacter sp022797935
2026-01-11 15:33:56.370462 INFO::Fitting model to feature number 1330, MGYG000327261
2026-01-11 15:33:56.379452 INFO::Fitting model to feature number 1331, Dysosmobacter sp910588005
2026-01-11 15:33:56.390462 INFO::Fitting model to feature number 1332, Dysosmobacter sp001916835
2026-01-11 15:33:56.40047 INFO::Fitting model to feature number 1333, Dysosmobacter sp910585165
2026-01-11 15:33:56.413375 INFO::Fitting model to feature number 1334, MGYG000329398
2026-01-11 15:33:56.424527 INFO::Fitting model to feature number 1335, MGYG000322989
2026-01-11 15:33:56.435438 INFO::Fitting model to feature number 1336, MGYG000323872
2026-01-11 15:33:56.446497 INFO::Fitting model to feature number 1337, Pelethomonas sp022797115
2026-01-11 15:33:56.458179 INFO::Fitting model to feature number 1338, Pelethomonas sp910584045
2026-01-11 15:33:56.469966 INFO::Fitting model to feature number 1339, MGYG000325682
2026-01-11 15:33:56.480392 INFO::Fitting model to feature number 1340, MGYG000329870
2026-01-11 15:33:56.490888 INFO::Fitting model to feature number 1341, MGYG000409933
2026-01-11 15:33:56.500157 INFO::Fitting model to feature number 1342, MGYG000325610
2026-01-11 15:33:56.508786 INFO::Fitting model to feature number 1343, Faecousia sp900544705
2026-01-11 15:33:56.51786 INFO::Fitting model to feature number 1344, MGYG000327369
2026-01-11 15:33:56.527546 INFO::Fitting model to feature number 1345, MGYG000327333
2026-01-11 15:33:56.535458 INFO::Fitting model to feature number 1346, Marseille-P3106 sp905219705
2026-01-11 15:33:56.543089 INFO::Fitting model to feature number 1347, Marseille-P3106 sp910577415
2026-01-11 15:33:56.552544 INFO::Fitting model to feature number 1348, MGYG000329177
2026-01-11 15:33:56.562913 INFO::Fitting model to feature number 1349, HGM13010 sp022800755
2026-01-11 15:33:56.571254 INFO::Fitting model to feature number 1350, Flavonifractor plautii
2026-01-11 15:33:56.580709 INFO::Fitting model to feature number 1351, Intestinimonas butyriciproducens
2026-01-11 15:33:56.592595 INFO::Fitting model to feature number 1352, MGBC124762 sp910579775
2026-01-11 15:33:56.60104 INFO::Fitting model to feature number 1353, MGYG000329700
2026-01-11 15:33:56.608866 INFO::Fitting model to feature number 1354, MGYG000323009
2026-01-11 15:33:56.618033 INFO::Fitting model to feature number 1355, MGYG000326780
2026-01-11 15:33:56.625715 INFO::Fitting model to feature number 1356, MGYG000329402
2026-01-11 15:33:56.634173 INFO::Fitting model to feature number 1357, MGYG000411571
2026-01-11 15:33:56.643243 INFO::Fitting model to feature number 1358, MGYG000356933
2026-01-11 15:33:56.652164 INFO::Fitting model to feature number 1359, MGYG000376485
2026-01-11 15:33:56.66039 INFO::Fitting model to feature number 1360, Fimivicinus sp900544375
2026-01-11 15:33:56.668296 INFO::Fitting model to feature number 1361, Ruminococcus_E sp910585865
2026-01-11 15:33:56.675409 INFO::Fitting model to feature number 1362, UBA1417 sp900549945
2026-01-11 15:33:56.68473 INFO::Fitting model to feature number 1363, MGYG000360413
2026-01-11 15:33:56.692744 INFO::Fitting model to feature number 1364, Ruthenibacterium lactatiformans
2026-01-11 15:33:56.70162 INFO::Fitting model to feature number 1365, MGYG000410556
2026-01-11 15:33:56.708974 INFO::Fitting model to feature number 1366, UBA1394 sp900066845
2026-01-11 15:33:56.716969 INFO::Fitting model to feature number 1367, MGYG000410798
2026-01-11 15:33:56.724553 INFO::Fitting model to feature number 1368, MGYG000327515
2026-01-11 15:33:56.733732 INFO::Fitting model to feature number 1369, MGYG000325568
2026-01-11 15:33:56.742029 INFO::Fitting model to feature number 1370, MGYG000325411
2026-01-11 15:33:56.751237 INFO::Fitting model to feature number 1371, MGYG000328314
2026-01-11 15:33:56.787231 INFO::Fitting model to feature number 1372, UBA1405 sp910589145
2026-01-11 15:33:56.795576 INFO::Fitting model to feature number 1373, CAG-115 sp910587135
2026-01-11 15:33:56.803935 INFO::Fitting model to feature number 1374, CAG-115 sp910577365
2026-01-11 15:33:56.81332 INFO::Fitting model to feature number 1375, CAG-115 sp910587465
2026-01-11 15:33:56.823905 INFO::Fitting model to feature number 1376, Faecalibacterium sp900539945
2026-01-11 15:33:56.833124 INFO::Fitting model to feature number 1377, Faecalibacterium longum
2026-01-11 15:33:56.843554 INFO::Fitting model to feature number 1378, Faecalibacterium prausnitzii_F
2026-01-11 15:33:56.853835 INFO::Fitting model to feature number 1379, MGYG000325416
2026-01-11 15:33:56.861298 INFO::Fitting model to feature number 1380, UBA7177 sp910579545
2026-01-11 15:33:56.870059 INFO::Fitting model to feature number 1381, UBA7177 sp910578965
2026-01-11 15:33:56.878026 INFO::Fitting model to feature number 1382, Neobittarella massiliensis
2026-01-11 15:33:56.887 INFO::Fitting model to feature number 1383, Gemmiger formicilis
2026-01-11 15:33:56.894918 INFO::Fitting model to feature number 1384, MGYG000328468
2026-01-11 15:33:56.903751 INFO::Fitting model to feature number 1385, UBA866 sp022791945
2026-01-11 15:33:56.912461 INFO::Fitting model to feature number 1386, UMGS1601 sp900545345
2026-01-11 15:33:56.921639 INFO::Fitting model to feature number 1387, MGYG000410783
2026-01-11 15:33:56.93097 INFO::Fitting model to feature number 1388, MGYG000330170
2026-01-11 15:33:56.941381 INFO::Fitting model to feature number 1389, MGYG000330888
2026-01-11 15:33:56.950906 INFO::Fitting model to feature number 1390, QXXE01 sp910586105
2026-01-11 15:33:56.958999 INFO::Fitting model to feature number 1391, MGYG000330847
2026-01-11 15:33:56.970669 INFO::Fitting model to feature number 1392, MGBC161649 sp910587685
2026-01-11 15:33:56.980756 INFO::Fitting model to feature number 1393, Coproplasma sp910586035
2026-01-11 15:33:56.993817 INFO::Fitting model to feature number 1394, Coproplasma sp910579295
2026-01-11 15:33:57.006793 INFO::Fitting model to feature number 1395, Coproplasma sp910587825
2026-01-11 15:33:57.018638 INFO::Fitting model to feature number 1396, Coproplasma sp910585705
2026-01-11 15:33:57.029127 INFO::Fitting model to feature number 1397, Coproplasma sp910576655
2026-01-11 15:33:57.040484 INFO::Fitting model to feature number 1398, MGYG000410549
2026-01-11 15:33:57.053573 INFO::Fitting model to feature number 1399, Coproplasma sp910577555
2026-01-11 15:33:57.063094 INFO::Fitting model to feature number 1400, Gallimonas sp910586985
2026-01-11 15:33:57.07374 INFO::Fitting model to feature number 1401, Gallimonas sp910586365
2026-01-11 15:33:57.086035 INFO::Fitting model to feature number 1402, Gallimonas sp910589015
2026-01-11 15:33:57.096595 INFO::Fitting model to feature number 1403, Gallimonas sp910586825
2026-01-11 15:33:57.109838 INFO::Fitting model to feature number 1404, Gallimonas sp910586675
2026-01-11 15:33:57.121483 INFO::Fitting model to feature number 1405, Anaerocaecibacter sp910578545
2026-01-11 15:33:57.133219 INFO::Fitting model to feature number 1406, Anaerocaecibacter sp910579205
2026-01-11 15:33:57.141829 INFO::Fitting model to feature number 1407, Anaerocaecibacter sp910585055
2026-01-11 15:33:57.151426 INFO::Fitting model to feature number 1408, MGYG000327384
2026-01-11 15:33:57.163766 INFO::Fitting model to feature number 1409, MGBC157735 sp910588155
2026-01-11 15:33:57.176089 INFO::Fitting model to feature number 1410, Pumilibacter sp910579245
2026-01-11 15:33:57.189494 INFO::Fitting model to feature number 1411, UBA11524 sp000437595
2026-01-11 15:33:57.202902 INFO::Fitting model to feature number 1412, MGYG000388556
2026-01-11 15:33:57.210748 INFO::Fitting model to feature number 1413, Zhenpiania sp910583765
2026-01-11 15:33:57.222099 INFO::Fitting model to feature number 1414, RGIG7179 sp022793795
2026-01-11 15:33:57.2334 INFO::Fitting model to feature number 1415, VUNA01 sp002299625
2026-01-11 15:33:57.243312 INFO::Fitting model to feature number 1416, MGYG000327020
2026-01-11 15:33:57.252244 INFO::Fitting model to feature number 1417, Clostridioides difficile
2026-01-11 15:33:57.260523 INFO::Fitting model to feature number 1418, MGYG000369796
2026-01-11 15:33:57.27076 INFO::Fitting model to feature number 1419, MGYG000411069
2026-01-11 15:33:57.28128 INFO::Fitting model to feature number 1420, MGYG000328055
2026-01-11 15:33:57.290182 INFO::Fitting model to feature number 1421, MGYG000411369
2026-01-11 15:33:57.299447 INFO::Fitting model to feature number 1422, Clostridium sp910588715
2026-01-11 15:33:57.308587 INFO::Fitting model to feature number 1423, CAG-41 sp010206265
2026-01-11 15:33:57.318821 INFO::Fitting model to feature number 1424, Parasutterella excrementihominis
2026-01-11 15:33:57.327467 INFO::Fitting model to feature number 1425, Escherichia coli
2026-01-11 15:33:57.336576 INFO::Fitting model to feature number 1426, Klebsiella michiganensis
2026-01-11 15:33:57.345223 INFO::Fitting model to feature number 1427, MGYG000408998
2026-01-11 15:33:57.356143 INFO::Fitting model to feature number 1428, MGYG000324409
2026-01-11 15:33:57.366624 INFO::Fitting model to feature number 1429, MGYG000366359
2026-01-11 15:33:57.374738 INFO::Fitting model to feature number 1430, MGYG000411437
2026-01-11 15:33:57.383821 INFO::Fitting model to feature number 1431, MGYG000350430
2026-01-11 15:33:57.393291 INFO::Fitting model to feature number 1432, MGYG000346441
2026-01-11 15:33:57.404188 INFO::Fitting model to feature number 1433, MGYG000322940
2026-01-11 15:33:57.415692 INFO::Fitting model to feature number 1434, MGYG000410841
2026-01-11 15:33:57.427224 INFO::Fitting model to feature number 1435, Zag111 sp910584405
2026-01-11 15:33:57.438721 INFO::Fitting model to feature number 1436, Avigastranaerophilus sp910583875
2026-01-11 15:33:57.448399 INFO::Fitting model to feature number 1437, MGBC122484 sp910583725
2026-01-11 15:33:57.457096 INFO::Fitting model to feature number 1438, MGYG000326931
2026-01-11 15:33:57.469132 INFO::Fitting model to feature number 1439, MGYG000405972
2026-01-11 15:33:57.479629 INFO::Fitting model to feature number 1440, MGYG000328795
2026-01-11 15:33:57.491807 INFO::Fitting model to feature number 1441, HGM10857 sp910578745
2026-01-11 15:33:57.503328 INFO::Fitting model to feature number 1442, MGYG000410710
2026-01-11 15:33:57.515272 INFO::Fitting model to feature number 1443, Acetatifactor muris
2026-01-11 15:33:57.528382 INFO::Fitting model to feature number 1444, MGYG000325356
2026-01-11 15:33:57.540489 INFO::Fitting model to feature number 1445, MGYG000329400
2026-01-11 15:33:57.551941 INFO::Fitting model to feature number 1446, Coprocola sp910587735
2026-01-11 15:33:57.562772 INFO::Fitting model to feature number 1447, MGYG000387050
2026-01-11 15:33:57.574078 INFO::Fitting model to feature number 1448, MGYG000326286
2026-01-11 15:33:57.58672 INFO::Fitting model to feature number 1449, Ruminococcus sp910576995
2026-01-11 15:33:57.598706 INFO::Fitting model to feature number 1450, Ruminococcus sp910579835
2026-01-11 15:33:57.610256 INFO::Fitting model to feature number 1451, Ruminococcus sp900540005
2026-01-11 15:33:57.620968 INFO::Fitting model to feature number 1452, Ruminococcus sp002362175
2026-01-11 15:33:57.630142 INFO::Fitting model to feature number 1453, Ruminococcus sp910577575
2026-01-11 15:33:57.638685 INFO::Fitting model to feature number 1454, MGYG000410441
2026-01-11 15:33:57.646715 INFO::Fitting model to feature number 1455, MGYG000365643
2026-01-11 15:33:57.682536 INFO::Fitting model to feature number 1456, MGYG000369368
2026-01-11 15:33:57.696465 INFO::Fitting model to feature number 1457, MGYG000330830
2026-01-11 15:33:57.706266 INFO::Fitting model to feature number 1458, MGYG000324069
2026-01-11 15:33:57.71565 INFO::Fitting model to feature number 1459, MGYG000392389
2026-01-11 15:33:57.726579 INFO::Fitting model to feature number 1460, Coproplasma sp910578195
2026-01-11 15:33:57.737308 INFO::Fitting model to feature number 1461, Gallimonas sp910588615
2026-01-11 15:33:57.745766 INFO::Fitting model to feature number 1462, Fimimonas sp910586905
2026-01-11 15:33:57.755045 INFO::Fitting model to feature number 1463, MGYG000329863
2026-01-11 15:33:57.7658 INFO::Fitting model to feature number 1464, Pseudomonas aeruginosa
2026-01-11 15:33:57.775847 INFO::Fitting model to feature number 1465, C-19 sp022799495
2026-01-11 15:33:57.784781 INFO::Fitting model to feature number 1466, MGBC140090 sp910586805
2026-01-11 15:33:57.793299 INFO::Fitting model to feature number 1467, MGYG000337677
2026-01-11 15:33:57.803671 INFO::Fitting model to feature number 1468, Staphylococcus nepalensis
2026-01-11 15:33:57.814255 INFO::Fitting model to feature number 1469, D16-34 sp910588485
2026-01-11 15:33:57.823413 INFO::Fitting model to feature number 1470, UMGS1502 sp900552365
2026-01-11 15:33:57.831969 INFO::Fitting model to feature number 1471, CACZQA01 sp900758075
2026-01-11 15:33:57.843396 INFO::Fitting model to feature number 1472, MGYG000325313
2026-01-11 15:33:57.853355 INFO::Fitting model to feature number 1473, Schaedlerella glycyrrhizinilytica_A
2026-01-11 15:33:57.861623 INFO::Fitting model to feature number 1474, MGYG000322968
2026-01-11 15:33:57.873111 INFO::Fitting model to feature number 1475, Butyribacter sp003612285
2026-01-11 15:33:57.885726 INFO::Fitting model to feature number 1476, Butyribacter sp910580005
2026-01-11 15:33:57.897586 INFO::Fitting model to feature number 1477, MGYG000325492
2026-01-11 15:33:57.907813 INFO::Fitting model to feature number 1478, Acetatifactor sp910578815
2026-01-11 15:33:57.91944 INFO::Fitting model to feature number 1479, Acetatifactor sp910583845
2026-01-11 15:33:57.931751 INFO::Fitting model to feature number 1480, MGYG000328399
2026-01-11 15:33:57.942822 INFO::Fitting model to feature number 1481, Acetatifactor sp910587755
2026-01-11 15:33:57.953246 INFO::Fitting model to feature number 1482, MGYG000329698
2026-01-11 15:33:57.962206 INFO::Fitting model to feature number 1483, CAG-95 sp009774465
2026-01-11 15:33:57.970796 INFO::Fitting model to feature number 1484, MGYG000410124
2026-01-11 15:33:57.978922 INFO::Fitting model to feature number 1485, UBA2882 sp002362385
2026-01-11 15:33:57.988106 INFO::Fitting model to feature number 1486, MGYG000350270
2026-01-11 15:33:57.996884 INFO::Fitting model to feature number 1487, MGYG000411484
2026-01-11 15:33:58.006984 INFO::Fitting model to feature number 1488, 1XD42-69 sp003612565
2026-01-11 15:33:58.018012 INFO::Fitting model to feature number 1489, MGYG000324730
2026-01-11 15:33:58.031202 INFO::Fitting model to feature number 1490, Blautia_A wexlerae
2026-01-11 15:33:58.044183 INFO::Fitting model to feature number 1491, Bariatricus comes
2026-01-11 15:33:58.057417 INFO::Fitting model to feature number 1492, Wujia sp002493625
2026-01-11 15:33:58.070617 INFO::Fitting model to feature number 1493, MGYG000322947
2026-01-11 15:33:58.082015 INFO::Fitting model to feature number 1494, MGYG000322925
2026-01-11 15:33:58.091202 INFO::Fitting model to feature number 1495, MGYG000330643
2026-01-11 15:33:58.101239 INFO::Fitting model to feature number 1496, MGYG000325949
2026-01-11 15:33:58.110723 INFO::Fitting model to feature number 1497, Acutalibacter ornithocaccae
2026-01-11 15:33:58.119644 INFO::Fitting model to feature number 1498, Eubacterium_R sp910577195
2026-01-11 15:33:58.12803 INFO::Fitting model to feature number 1499, Avimonas_A sp022800315
2026-01-11 15:33:58.139052 INFO::Fitting model to feature number 1500, UBA3818 sp904397845
2026-01-11 15:33:58.148674 INFO::Fitting model to feature number 1501, MGYG000354216
2026-01-11 15:33:58.159179 INFO::Fitting model to feature number 1502, MGYG000350425
2026-01-11 15:33:58.167346 INFO::Fitting model to feature number 1503, MGYG000340095
2026-01-11 15:33:58.175134 INFO::Fitting model to feature number 1504, MGYG000336507
2026-01-11 15:33:58.185969 INFO::Fitting model to feature number 1505, Agrobacterium pusense
2026-01-11 15:33:58.196545 INFO::Fitting model to feature number 1506, MGYG000325577
2026-01-11 15:33:58.205943 INFO::Fitting model to feature number 1507, MGYG000325533
2026-01-11 15:33:58.21378 INFO::Fitting model to feature number 1508, MGYG000325757
2026-01-11 15:33:58.222968 INFO::Fitting model to feature number 1509, MGYG000325642
2026-01-11 15:33:58.230922 INFO::Fitting model to feature number 1510, Limisoma sp900544305
2026-01-11 15:33:58.239533 INFO::Fitting model to feature number 1511, MGYG000325491
2026-01-11 15:33:58.24798 INFO::Fitting model to feature number 1512, MGYG000325376
2026-01-11 15:33:58.255786 INFO::Fitting model to feature number 1513, Alistipes putredinis
2026-01-11 15:33:58.262779 INFO::Fitting model to feature number 1514, MGYG000325739
2026-01-11 15:33:58.272009 INFO::Fitting model to feature number 1515, MGYG000325349
2026-01-11 15:33:58.279938 INFO::Fitting model to feature number 1516, MGYG000325640
2026-01-11 15:33:58.288794 INFO::Fitting model to feature number 1517, Alistipes onderdonkii
2026-01-11 15:33:58.298251 INFO::Fitting model to feature number 1518, Alistipes sp003979135
2026-01-11 15:33:58.308884 INFO::Fitting model to feature number 1519, Alistipes sp900541585
2026-01-11 15:33:58.318944 INFO::Fitting model to feature number 1520, Alistipes_A ihumii
2026-01-11 15:33:58.326768 INFO::Fitting model to feature number 1521, Bacteroides eggerthii
2026-01-11 15:33:58.336538 INFO::Fitting model to feature number 1522, Prevotella faecis
2026-01-11 15:33:58.344157 INFO::Fitting model to feature number 1523, Prevotella sp900557405
2026-01-11 15:33:58.353683 INFO::Fitting model to feature number 1524, MGYG000325643
2026-01-11 15:33:58.361713 INFO::Fitting model to feature number 1525, Paraprevotella stercorigallinarum
2026-01-11 15:33:58.370427 INFO::Fitting model to feature number 1526, MGYG000325375
2026-01-11 15:33:58.378138 INFO::Fitting model to feature number 1527, C-19 sp009917405
2026-01-11 15:33:58.386896 INFO::Fitting model to feature number 1528, MGYG000328692
2026-01-11 15:33:58.394894 INFO::Fitting model to feature number 1529, UBA2730 sp022793235
2026-01-11 15:33:58.403788 INFO::Fitting model to feature number 1530, Bacillus licheniformis
2026-01-11 15:33:58.411802 INFO::Fitting model to feature number 1531, Mailhella sp910577155
2026-01-11 15:33:58.41993 INFO::Fitting model to feature number 1532, MGYG000403150
2026-01-11 15:33:58.427153 INFO::Fitting model to feature number 1533, COE1 sp910586405
2026-01-11 15:33:58.435249 INFO::Fitting model to feature number 1534, COE1 sp009774345
2026-01-11 15:33:58.442354 INFO::Fitting model to feature number 1535, MGYG000329391
2026-01-11 15:33:58.449896 INFO::Fitting model to feature number 1536, MGYG000327122
2026-01-11 15:33:58.456959 INFO::Fitting model to feature number 1537, MGYG000326060
2026-01-11 15:33:58.463876 INFO::Fitting model to feature number 1538, MGYG000324350
2026-01-11 15:33:58.494722 INFO::Fitting model to feature number 1539, Copromonas sp000435795
2026-01-11 15:33:58.50236 INFO::Fitting model to feature number 1540, Kineothrix sp910586275
2026-01-11 15:33:58.509222 INFO::Fitting model to feature number 1541, MGYG000327375
2026-01-11 15:33:58.520686 INFO::Fitting model to feature number 1542, MGYG000331235
2026-01-11 15:33:58.530887 INFO::Fitting model to feature number 1543, MGBC111451 sp910578605
2026-01-11 15:33:58.541029 INFO::Fitting model to feature number 1544, MGYG000411179
2026-01-11 15:33:58.552562 INFO::Fitting model to feature number 1545, Faecalibacterium prausnitzii
2026-01-11 15:33:58.563412 INFO::Fitting model to feature number 1546, MGYG000325383
2026-01-11 15:33:58.575792 INFO::Fitting model to feature number 1547, MGYG000323634
2026-01-11 15:33:58.58838 INFO::Fitting model to feature number 1548, Pumilibacter muris
2026-01-11 15:33:58.599939 INFO::Fitting model to feature number 1549, SFMI01 sp004556155
2026-01-11 15:33:58.610193 INFO::Fitting model to feature number 1550, Escherichia ruysiae
2026-01-11 15:33:58.6208 INFO::Fitting model to feature number 1551, Klebsiella variicola
2026-01-11 15:33:58.628313 INFO::Fitting model to feature number 1552, Citrobacter_A rodentium
2026-01-11 15:33:58.636956 INFO::Fitting model to feature number 1553, Citrobacter_A amalonaticus
2026-01-11 15:33:58.645518 INFO::Fitting model to feature number 1554, MGYG000339089
2026-01-11 15:33:58.653581 INFO::Fitting model to feature number 1555, UBA7185 sp910585405
2026-01-11 15:33:58.660549 INFO::Fitting model to feature number 1556, Helicobacter_D ganmani
2026-01-11 15:33:58.668226 INFO::Fitting model to feature number 1557, URXU01 sp900541915
2026-01-11 15:33:58.675254 INFO::Fitting model to feature number 1558, Streptococcus danieliae
2026-01-11 15:33:58.6843 INFO::Fitting model to feature number 1559, Streptococcus alactolyticus
2026-01-11 15:33:58.693558 INFO::Fitting model to feature number 1560, MGYG000325510
2026-01-11 15:33:58.701139 INFO::Fitting model to feature number 1561, MGBC107952 sp910578855
2026-01-11 15:33:58.708248 INFO::Fitting model to feature number 1562, MGYG000322996
2026-01-11 15:33:58.715049 INFO::Fitting model to feature number 1563, Niallia sp001076885
2026-01-11 15:33:58.722468 INFO::Fitting model to feature number 1564, MGYG000387335
2026-01-11 15:33:58.729787 INFO::Fitting model to feature number 1565, UBA3282 sp910586615
2026-01-11 15:33:58.737581 INFO::Fitting model to feature number 1566, MGYG000325700
2026-01-11 15:33:58.74555 INFO::Fitting model to feature number 1567, UBA3282 sp910584965
2026-01-11 15:33:58.753933 INFO::Fitting model to feature number 1568, MGYG000325483
2026-01-11 15:33:58.763147 INFO::Fitting model to feature number 1569, MGYG000325802
2026-01-11 15:33:58.771474 INFO::Fitting model to feature number 1570, MGYG000329183
2026-01-11 15:33:58.779917 INFO::Fitting model to feature number 1571, UBA3282 sp910586705
2026-01-11 15:33:58.788101 INFO::Fitting model to feature number 1572, UBA3282 sp910578715
2026-01-11 15:33:58.795648 INFO::Fitting model to feature number 1573, MGYG000325820
2026-01-11 15:33:58.80444 INFO::Fitting model to feature number 1574, UBA3282 sp910578475
2026-01-11 15:33:58.814338 INFO::Fitting model to feature number 1575, MGYG000325646
2026-01-11 15:33:58.825641 INFO::Fitting model to feature number 1576, MGYG000373306
2026-01-11 15:33:58.835629 INFO::Fitting model to feature number 1577, MGYG000329401
2026-01-11 15:33:58.845218 INFO::Fitting model to feature number 1578, MGYG000327529
2026-01-11 15:33:58.856937 INFO::Fitting model to feature number 1579, MGYG000410713
2026-01-11 15:33:58.868308 INFO::Fitting model to feature number 1580, MGYG000325455
2026-01-11 15:33:58.878497 INFO::Fitting model to feature number 1581, Butyribacter sp910588655
2026-01-11 15:33:58.88966 INFO::Fitting model to feature number 1582, MGYG000330215
2026-01-11 15:33:58.897633 INFO::Fitting model to feature number 1583, Eubacterium_F sp910583555
2026-01-11 15:33:58.907021 INFO::Fitting model to feature number 1584, 14-2 sp910588885
2026-01-11 15:33:58.914737 INFO::Fitting model to feature number 1585, MGYG000325200
2026-01-11 15:33:58.925576 INFO::Fitting model to feature number 1586, MGYG000410031
2026-01-11 15:33:58.935585 INFO::Fitting model to feature number 1587, COE1 sp910588755
2026-01-11 15:33:58.943792 INFO::Fitting model to feature number 1588, COE1 sp910585765
2026-01-11 15:33:58.953478 INFO::Fitting model to feature number 1589, COE1 sp009774375
2026-01-11 15:33:58.963534 INFO::Fitting model to feature number 1590, MGYG000324875
2026-01-11 15:33:58.975594 INFO::Fitting model to feature number 1591, MGYG000328347
2026-01-11 15:33:58.986299 INFO::Fitting model to feature number 1592, MGYG000331069
2026-01-11 15:33:58.996946 INFO::Fitting model to feature number 1593, MGYG000330172
2026-01-11 15:33:59.005909 INFO::Fitting model to feature number 1594, CAG-510 sp003979355
2026-01-11 15:33:59.016301 INFO::Fitting model to feature number 1595, RGIG4057 sp910585065
2026-01-11 15:33:59.029521 INFO::Fitting model to feature number 1596, CAG-603 sp022794265
2026-01-11 15:33:59.041164 INFO::Fitting model to feature number 1597, MGYG000325692
2026-01-11 15:33:59.052539 INFO::Fitting model to feature number 1598, MGYG000328520
2026-01-11 15:33:59.060441 INFO::Fitting model to feature number 1599, MGYG000325327
2026-01-11 15:33:59.071386 INFO::Fitting model to feature number 1600, UBA7050 sp003979345
2026-01-11 15:33:59.079162 INFO::Fitting model to feature number 1601, MGYG000325605
2026-01-11 15:33:59.088204 INFO::Fitting model to feature number 1602, MGBC140009 sp910586015
2026-01-11 15:33:59.095866 INFO::Fitting model to feature number 1603, MGYG000327466
2026-01-11 15:33:59.104458 INFO::Fitting model to feature number 1604, Clostridium_AP sp000509125
2026-01-11 15:33:59.11286 INFO::Fitting model to feature number 1605, MGYG000329308
2026-01-11 15:33:59.122308 INFO::Fitting model to feature number 1606, MGYG000410975
2026-01-11 15:33:59.131563 INFO::Fitting model to feature number 1607, Dysosmobacter welbionis
2026-01-11 15:33:59.139419 INFO::Fitting model to feature number 1608, MGYG000360335
2026-01-11 15:33:59.146237 INFO::Fitting model to feature number 1609, MGYG000329306
2026-01-11 15:33:59.153929 INFO::Fitting model to feature number 1610, Avispirillum sp910586545
2026-01-11 15:33:59.160761 INFO::Fitting model to feature number 1611, Anaerocaecibacter sp910586925
2026-01-11 15:33:59.16896 INFO::Fitting model to feature number 1612, Anaerocaecibacter sp910577995
2026-01-11 15:33:59.17586 INFO::Fitting model to feature number 1613, MGBC157735 sp910585955
2026-01-11 15:33:59.18535 INFO::Fitting model to feature number 1614, Pumilibacter sp910587595
2026-01-11 15:33:59.193455 INFO::Fitting model to feature number 1615, Protoclostridium sp910587025
2026-01-11 15:33:59.201727 INFO::Fitting model to feature number 1616, Coproplasma sp910587625
2026-01-11 15:33:59.208687 INFO::Fitting model to feature number 1617, Coproplasma sp910579705
2026-01-11 15:33:59.216039 INFO::Fitting model to feature number 1618, MGYG000327859
2026-01-11 15:33:59.223029 INFO::Fitting model to feature number 1619, Lentihominibacter faecis
2026-01-11 15:33:59.23096 INFO::Fitting model to feature number 1620, MGYG000324400
2026-01-11 15:33:59.259086 INFO::Fitting model to feature number 1621, MGYG000357081
2026-01-11 15:33:59.273836 INFO::Fitting model to feature number 1622, Leuconostoc citreum
2026-01-11 15:33:59.284996 INFO::Fitting model to feature number 1623, Enterococcus_E cecorum
2026-01-11 15:33:59.297019 INFO::Fitting model to feature number 1624, MGYG000410809
2026-01-11 15:33:59.308529 INFO::Fitting model to feature number 1625, Anaerotardibacter sp000434775
2026-01-11 15:33:59.319651 INFO::Fitting model to feature number 1626, MGYG000325716
2026-01-11 15:33:59.330522 INFO::Fitting model to feature number 1627, Bacteroides fragilis
2026-01-11 15:33:59.342499 INFO::Fitting model to feature number 1628, Eubacterium_F sp910589595
2026-01-11 15:33:59.353304 INFO::Fitting model to feature number 1629, Acetatifactor sp910584435
2026-01-11 15:33:59.362408 INFO::Fitting model to feature number 1630, Butyribacter sp003611745
2026-01-11 15:33:59.371132 INFO::Fitting model to feature number 1631, MGYG000410930
2026-01-11 15:33:59.3795 INFO::Fitting model to feature number 1632, MGYG000410149
2026-01-11 15:33:59.390259 INFO::Fitting model to feature number 1633, MGYG000328377
2026-01-11 15:33:59.400251 INFO::Fitting model to feature number 1634, MGYG000324606
2026-01-11 15:33:59.408282 INFO::Fitting model to feature number 1635, Dorea_A longicatena
2026-01-11 15:33:59.416831 INFO::Fitting model to feature number 1636, MGYG000323390
2026-01-11 15:33:59.424853 INFO::Fitting model to feature number 1637, CALWPV01 sp022794035
2026-01-11 15:33:59.432679 INFO::Fitting model to feature number 1638, Dysosmobacter sp900763685
2026-01-11 15:33:59.441554 INFO::Fitting model to feature number 1639, Evtepia sp004556345
2026-01-11 15:33:59.450398 INFO::Fitting model to feature number 1640, Evtepia gabavorous
2026-01-11 15:33:59.460466 INFO::Fitting model to feature number 1641, MGYG000387732
2026-01-11 15:33:59.47128 INFO::Fitting model to feature number 1642, Avoscillospira_A sp022795735
2026-01-11 15:33:59.479607 INFO::Fitting model to feature number 1643, Eubacterium_R sp009774735
2026-01-11 15:33:59.488943 INFO::Fitting model to feature number 1644, MGYG000325665
2026-01-11 15:33:59.498336 INFO::Fitting model to feature number 1645, Eubacterium_R sp910584985
2026-01-11 15:33:59.508681 INFO::Fitting model to feature number 1646, MGYG000325508
2026-01-11 15:33:59.517517 INFO::Fitting model to feature number 1647, Eubacterium_R sp910577215
2026-01-11 15:33:59.528888 INFO::Fitting model to feature number 1648, MGYG000325451
2026-01-11 15:33:59.53805 INFO::Fitting model to feature number 1649, MGYG000403628
2026-01-11 15:33:59.546638 INFO::Fitting model to feature number 1650, MGYG000327108
2026-01-11 15:33:59.555573 INFO::Fitting model to feature number 1651, Bittarella massiliensis
2026-01-11 15:33:59.566748 INFO::Fitting model to feature number 1652, MGYG000327115
2026-01-11 15:33:59.576581 INFO::Fitting model to feature number 1653, MGYG000358052
2026-01-11 15:33:59.585589 INFO::Fitting model to feature number 1654, MGYG000325728
2026-01-11 15:33:59.595729 INFO::Fitting model to feature number 1655, Brachyspira sp910588665
2026-01-11 15:33:59.606607 INFO::Fitting model to feature number 1656, MGYG000410730
2026-01-11 15:33:59.618641 INFO::Fitting model to feature number 1657, MGYG000325324
2026-01-11 15:33:59.627596 INFO::Fitting model to feature number 1658, MGYG000325708
2026-01-11 15:33:59.640672 INFO::Fitting model to feature number 1659, MGYG000383351
2026-01-11 15:33:59.652175 INFO::Fitting model to feature number 1660, MGYG000328450
2026-01-11 15:33:59.663731 INFO::Fitting model to feature number 1661, MGYG000410978
2026-01-11 15:33:59.675518 INFO::Fitting model to feature number 1662, MGYG000325740
2026-01-11 15:33:59.686956 INFO::Fitting model to feature number 1663, MGYG000329907
2026-01-11 15:33:59.699321 INFO::Fitting model to feature number 1664, Agathobacter rectalis
2026-01-11 15:33:59.712525 INFO::Fitting model to feature number 1665, MGBC114844 sp910585855
2026-01-11 15:33:59.724375 INFO::Fitting model to feature number 1666, Oliverpabstia sp002361775
2026-01-11 15:33:59.736119 INFO::Fitting model to feature number 1667, Dorea_A longicatena_B
2026-01-11 15:33:59.746739 INFO::Fitting model to feature number 1668, JAAVZI01 sp022791575
2026-01-11 15:33:59.756184 INFO::Fitting model to feature number 1669, MGYG000411499
2026-01-11 15:33:59.76445 INFO::Fitting model to feature number 1670, CAJFUH01 sp022799115
2026-01-11 15:33:59.77432 INFO::Fitting model to feature number 1671, QAKD01 sp022793975
2026-01-11 15:33:59.784798 INFO::Fitting model to feature number 1672, Reyranella aquatilis
2026-01-11 15:33:59.793976 INFO::Fitting model to feature number 1673, MGYG000339341
2026-01-11 15:33:59.802732 INFO::Fitting model to feature number 1674, Collinsella bouchesdurhonensis
2026-01-11 15:33:59.810914 INFO::Fitting model to feature number 1675, Desulfovibrio sp900319575
2026-01-11 15:33:59.821516 INFO::Fitting model to feature number 1676, MGYG000325614
2026-01-11 15:33:59.831165 INFO::Fitting model to feature number 1677, Dielma fastidiosa
2026-01-11 15:33:59.84002 INFO::Fitting model to feature number 1678, UBA1067 sp902788415
2026-01-11 15:33:59.848252 INFO::Fitting model to feature number 1679, UBA3282 sp910578555
2026-01-11 15:33:59.856691 INFO::Fitting model to feature number 1680, MGYG000330584
2026-01-11 15:33:59.864515 INFO::Fitting model to feature number 1681, MGYG000410602
2026-01-11 15:33:59.872991 INFO::Fitting model to feature number 1682, Howiella sp022791355
2026-01-11 15:33:59.881101 INFO::Fitting model to feature number 1683, QXXE01 sp910589115
2026-01-11 15:33:59.891277 INFO::Fitting model to feature number 1684, Anaerocaecibacter sp910587805
2026-01-11 15:33:59.898932 INFO::Fitting model to feature number 1685, Ventricola sp900542395
2026-01-11 15:33:59.907569 INFO::Fitting model to feature number 1686, MGYG000330825
2026-01-11 15:33:59.915813 INFO::Fitting model to feature number 1687, MGYG000376566
2026-01-11 15:33:59.926206 INFO::Fitting model to feature number 1688, CAG-267 sp910576955
2026-01-11 15:33:59.937818 INFO::Fitting model to feature number 1689, MGYG000335208
2026-01-11 15:33:59.948942 INFO::Fitting model to feature number 1690, MGYG000326756
2026-01-11 15:33:59.96144 INFO::Fitting model to feature number 1691, Longicatena caecimuris
2026-01-11 15:33:59.972542 INFO::Fitting model to feature number 1692, MGYG000324718
2026-01-11 15:33:59.982639 INFO::Fitting model to feature number 1693, MGYG000326954
2026-01-11 15:33:59.99298 INFO::Fitting model to feature number 1694, Coproplasma sp910578655
2026-01-11 15:34:00.003988 INFO::Fitting model to feature number 1695, Parabacteroides faecavium
2026-01-11 15:34:00.016585 INFO::Fitting model to feature number 1696, MGYG000325474
2026-01-11 15:34:00.028608 INFO::Fitting model to feature number 1697, Gallimonas sp910588465
2026-01-11 15:34:00.039721 INFO::Fitting model to feature number 1698, Ralstonia pickettii_B
2026-01-11 15:34:00.052902 INFO::Fitting model to feature number 1699, MGYG000327731
2026-01-11 15:34:00.065435 INFO::Fitting model to feature number 1700, MGYG000325340
2026-01-11 15:34:00.077794 INFO::Fitting model to feature number 1701, MGYG000325552
2026-01-11 15:34:00.117238 INFO::Fitting model to feature number 1702, MGYG000374819
2026-01-11 15:34:00.125426 INFO::Fitting model to feature number 1703, MGYG000325616
2026-01-11 15:34:00.134094 INFO::Fitting model to feature number 1704, Butyribacter sp910577825
2026-01-11 15:34:00.142629 INFO::Fitting model to feature number 1705, MGYG000328455
2026-01-11 15:34:00.151754 INFO::Fitting model to feature number 1706, MGYG000329982
2026-01-11 15:34:00.160405 INFO::Fitting model to feature number 1707, MGYG000329041
2026-01-11 15:34:00.169543 INFO::Fitting model to feature number 1708, MGYG000331355
2026-01-11 15:34:00.177978 INFO::Fitting model to feature number 1709, VSOB01 sp910585205
2026-01-11 15:34:00.188645 INFO::Fitting model to feature number 1710, MGYG000324619
2026-01-11 15:34:00.202417 INFO::Fitting model to feature number 1711, MGYG000325654
2026-01-11 15:34:00.21078 INFO::Fitting model to feature number 1712, MGYG000330463
2026-01-11 15:34:00.219886 INFO::Fitting model to feature number 1713, MGYG000322973
2026-01-11 15:34:00.228173 INFO::Fitting model to feature number 1714, Robinsoniella sp900555455
2026-01-11 15:34:00.237642 INFO::Fitting model to feature number 1715, Lawsonibacter asaccharolyticus
2026-01-11 15:34:00.24838 INFO::Fitting model to feature number 1716, Enterenecus sp932222125
2026-01-11 15:34:00.258703 INFO::Fitting model to feature number 1717, MGYG000330031
2026-01-11 15:34:00.267805 INFO::Fitting model to feature number 1718, MGYG000327784
2026-01-11 15:34:00.276454 INFO::Fitting model to feature number 1719, MGYG000336017
2026-01-11 15:34:00.287572 INFO::Fitting model to feature number 1720, MGYG000410450
2026-01-11 15:34:00.298949 INFO::Fitting model to feature number 1721, MGYG000390383
2026-01-11 15:34:00.308494 INFO::Fitting model to feature number 1722, MGYG000322982
2026-01-11 15:34:00.317948 INFO::Fitting model to feature number 1723, CAG-170 sp900553545
2026-01-11 15:34:00.329409 INFO::Fitting model to feature number 1724, Oscillibacter sp002455655
2026-01-11 15:34:00.339945 INFO::Fitting model to feature number 1725, MGYG000325106
2026-01-11 15:34:00.352467 INFO::Fitting model to feature number 1726, Angelakisella sp022794295
2026-01-11 15:34:00.365109 INFO::Fitting model to feature number 1727, UBA3818 sp910578255
2026-01-11 15:34:00.377866 INFO::Fitting model to feature number 1728, MGYG000325720
2026-01-11 15:34:00.39076 INFO::Fitting model to feature number 1729, MGYG000326653
2026-01-11 15:34:00.402687 INFO::Fitting model to feature number 1730, Ruminococcus_C sp000433635
2026-01-11 15:34:00.416033 INFO::Fitting model to feature number 1731, Harryflintia sp022792175
2026-01-11 15:34:00.430223 INFO::Fitting model to feature number 1732, MGYG000410206
2026-01-11 15:34:00.442928 INFO::Fitting model to feature number 1733, MGYG000410157
2026-01-11 15:34:00.455667 INFO::Fitting model to feature number 1734, Fimimonas sp910586625
2026-01-11 15:34:00.469387 INFO::Fitting model to feature number 1735, MGYG000344714
2026-01-11 15:34:00.482639 INFO::Fitting model to feature number 1736, MGYG000324647
2026-01-11 15:34:00.495916 INFO::Fitting model to feature number 1737, MGYG000409944
2026-01-11 15:34:00.509044 INFO::Fitting model to feature number 1738, MGYG000377617
2026-01-11 15:34:00.522379 INFO::Fitting model to feature number 1739, MGYG000325091
2026-01-11 15:34:00.534624 INFO::Fitting model to feature number 1740, Atopostipes sp910588235
2026-01-11 15:34:00.547099 INFO::Fitting model to feature number 1741, MGYG000325609
2026-01-11 15:34:00.55832 INFO::Fitting model to feature number 1742, Cryptobacteroides sp000434935
2026-01-11 15:34:00.570057 INFO::Fitting model to feature number 1743, MGBC119817 sp910585335
2026-01-11 15:34:00.579625 INFO::Fitting model to feature number 1744, MGYG000325369
2026-01-11 15:34:00.592417 INFO::Fitting model to feature number 1745, MGYG000325412
2026-01-11 15:34:00.602824 INFO::Fitting model to feature number 1746, MGYG000329682
2026-01-11 15:34:00.615254 INFO::Fitting model to feature number 1747, MGYG000323975
2026-01-11 15:34:00.627566 INFO::Fitting model to feature number 1748, MGYG000330936
2026-01-11 15:34:00.639831 INFO::Fitting model to feature number 1749, Alistipes shahii
2026-01-11 15:34:00.653126 INFO::Fitting model to feature number 1750, Eisenbergiella sp900066775
2026-01-11 15:34:00.666252 INFO::Fitting model to feature number 1751, Murimonas intestini
2026-01-11 15:34:00.679538 INFO::Fitting model to feature number 1752, Mediterraneibacter torques
2026-01-11 15:34:00.691739 INFO::Fitting model to feature number 1753, Caccousia sp900752115
2026-01-11 15:34:00.704482 INFO::Fitting model to feature number 1754, MGYG000327130
2026-01-11 15:34:00.717823 INFO::Fitting model to feature number 1755, Klebsiella pneumoniae
2026-01-11 15:34:00.730212 INFO::Fitting model to feature number 1756, Citrobacter_A sedlakii
2026-01-11 15:34:00.742121 INFO::Fitting model to feature number 1757, Proteus faecis
2026-01-11 15:34:00.755064 INFO::Fitting model to feature number 1758, Paraprevotella sp910584955
2026-01-11 15:34:00.766999 INFO::Fitting model to feature number 1759, Paraprevotella clara
2026-01-11 15:34:00.780706 INFO::Fitting model to feature number 1760, RUG572 sp900547945
2026-01-11 15:34:00.792206 INFO::Fitting model to feature number 1761, Streptococcus thermophilus
2026-01-11 15:34:00.802771 INFO::Fitting model to feature number 1762, MGYG000392040
2026-01-11 15:34:00.813007 INFO::Fitting model to feature number 1763, MGYG000336888
2026-01-11 15:34:00.82264 INFO::Fitting model to feature number 1764, MGYG000323672
2026-01-11 15:34:00.832744 INFO::Fitting model to feature number 1765, Streptococcus sp000187445
2026-01-11 15:34:00.843569 INFO::Fitting model to feature number 1766, Mycobacterium aubagnense
2026-01-11 15:34:00.852872 INFO::Fitting model to feature number 1767, Pseudomonas_E shahriarae
2026-01-11 15:34:01.350404 INFO::Counting total values for each feature
2026-01-11 15:34:01.56241 INFO::Re-running abundances for warn_prevalence
2026-01-11 15:34:01.563719 INFO::Running selected normalization method: TSS
2026-01-11 15:34:01.647732 INFO::Running selected transform method: LOG
2026-01-11 15:34:01.670302 DEBUG::Object: augment, Size: 56
2026-01-11 15:34:01.670792 DEBUG::Object: cluster, Size: 0
2026-01-11 15:34:01.671156 DEBUG::Object: cores, Size: 56
2026-01-11 15:34:01.671454 DEBUG::Object: correction, Size: 112
2026-01-11 15:34:01.671745 DEBUG::Object: extract_out, Size: 1696
2026-01-11 15:34:01.672035 DEBUG::Object: feature_specific_covariate, Size: 0
2026-01-11 15:34:01.672307 DEBUG::Object: feature_specific_covariate_name, Size: 0
2026-01-11 15:34:01.672568 DEBUG::Object: feature_specific_covariate_record, Size: 0
2026-01-11 15:34:01.673056 DEBUG::Object: features, Size: 913256
2026-01-11 15:34:01.673337 DEBUG::Object: formula, Size: 1288
2026-01-11 15:34:01.673616 DEBUG::Object: fun_list, Size: 58768
2026-01-11 15:34:01.673981 DEBUG::Object: func_to_run, Size: 435336
2026-01-11 15:34:01.674258 DEBUG::Object: groups, Size: 48
2026-01-11 15:34:01.674519 DEBUG::Object: median_comparison, Size: 56
2026-01-11 15:34:01.674772 DEBUG::Object: median_comparison_threshold, Size: 56
2026-01-11 15:34:01.675038 DEBUG::Object: metadata, Size: 13664
2026-01-11 15:34:01.675288 DEBUG::Object: model, Size: 112
2026-01-11 15:34:01.675561 DEBUG::Object: model_function, Size: 8864
2026-01-11 15:34:01.675814 DEBUG::Object: ordereds, Size: 48
2026-01-11 15:34:01.676074 DEBUG::Object: random_effects_formula, Size: 0
2026-01-11 15:34:01.676324 DEBUG::Object: ranef_function, Size: 0
2026-01-11 15:34:01.676572 DEBUG::Object: save_models, Size: 56
2026-01-11 15:34:01.67683 DEBUG::Object: small_random_effects, Size: 56
2026-01-11 15:34:01.677091 DEBUG::Object: strata, Size: 48
2026-01-11 15:34:01.677341 DEBUG::Object: subtract_median, Size: 56
2026-01-11 15:34:01.677604 DEBUG::Object: summary_function, Size: 49424
2026-01-11 15:34:01.67797 DEBUG::Object: func_to_run, Size: 435336
2026-01-11 15:34:01.678319 INFO::Fitting model to feature number 1, Akkermansia muciniphila_A
2026-01-11 15:34:01.683135 INFO::Fitting model to feature number 2, Akkermansia muciniphila
2026-01-11 15:34:01.69117 INFO::Fitting model to feature number 3, Faecalibaculum rodentium
2026-01-11 15:34:01.69775 INFO::Fitting model to feature number 4, Pelethenecus sp910579215
2026-01-11 15:34:01.702871 INFO::Fitting model to feature number 5, MGYG000325581
2026-01-11 15:34:01.707958 INFO::Fitting model to feature number 6, Alistipes finegoldii
2026-01-11 15:34:01.712389 INFO::Fitting model to feature number 7, MGYG000325477
2026-01-11 15:34:01.717082 INFO::Fitting model to feature number 8, Paramuribaculum sp001689535
2026-01-11 15:34:01.722453 INFO::Fitting model to feature number 9, Paramuribaculum sp910587425
2026-01-11 15:34:01.726962 INFO::Fitting model to feature number 10, Muribaculum intestinale
2026-01-11 15:34:01.731373 INFO::Fitting model to feature number 11, NM07-P-09 sp004793925
2026-01-11 15:34:01.737105 INFO::Fitting model to feature number 12, ZJ304 sp910584145
2026-01-11 15:34:01.7419 INFO::Fitting model to feature number 13, Bifidobacterium globosum
2026-01-11 15:34:01.746428 INFO::Fitting model to feature number 14, MGYG000333678
2026-01-11 15:34:01.751599 INFO::Fitting model to feature number 15, Schaedlerella sp910575475
2026-01-11 15:34:01.757325 INFO::Fitting model to feature number 16, Lawsonibacter sp910588635
2026-01-11 15:34:01.762339 INFO::Fitting model to feature number 17, MGBC122484 sp910587055
2026-01-11 15:34:01.767672 INFO::Fitting model to feature number 18, Desulfovibrio sp009773975
2026-01-11 15:34:01.773644 INFO::Fitting model to feature number 19, NM07-P-09 sp004793665
2026-01-11 15:34:01.780975 INFO::Fitting model to feature number 20, MGBC105563 sp910579165
2026-01-11 15:34:01.788533 INFO::Fitting model to feature number 21, MGYG000327895
2026-01-11 15:34:01.796468 INFO::Fitting model to feature number 22, Paratractidigestivibacter faecalis
2026-01-11 15:34:01.804029 INFO::Fitting model to feature number 23, Paratractidigestivibacter sp900540955
2026-01-11 15:34:01.810944 INFO::Fitting model to feature number 24, MGYG000330582
2026-01-11 15:34:01.817141 INFO::Fitting model to feature number 25, MGYG000329032
2026-01-11 15:34:01.822628 INFO::Fitting model to feature number 26, Adlercreutzia muris
2026-01-11 15:34:01.827943 INFO::Fitting model to feature number 27, Adlercreutzia caecimuris
2026-01-11 15:34:01.834742 INFO::Fitting model to feature number 28, Adlercreutzia mucosicola
2026-01-11 15:34:01.842681 INFO::Fitting model to feature number 29, MGYG000329825
2026-01-11 15:34:01.84806 INFO::Fitting model to feature number 30, Adlercreutzia hattorii
2026-01-11 15:34:01.855803 INFO::Fitting model to feature number 31, Adlercreutzia sp910589165
2026-01-11 15:34:01.861461 INFO::Fitting model to feature number 32, MGYG000329537
2026-01-11 15:34:01.86875 INFO::Fitting model to feature number 33, MGYG000327852
2026-01-11 15:34:01.87556 INFO::Fitting model to feature number 34, Adlercreutzia sp910585575
2026-01-11 15:34:01.882694 INFO::Fitting model to feature number 35, MGBC163016 sp910588205
2026-01-11 15:34:01.890827 INFO::Fitting model to feature number 36, MGBC163016 sp910589135
2026-01-11 15:34:01.89751 INFO::Fitting model to feature number 37, MGBC163016 sp910588945
2026-01-11 15:34:01.904249 INFO::Fitting model to feature number 38, MGBC163016 sp910588905
2026-01-11 15:34:01.91029 INFO::Fitting model to feature number 39, MGYG000329984
2026-01-11 15:34:01.917467 INFO::Fitting model to feature number 40, MGYG000328464
2026-01-11 15:34:01.924276 INFO::Fitting model to feature number 41, MGYG000366993
2026-01-11 15:34:01.931369 INFO::Fitting model to feature number 42, MGBC163016 sp910585565
2026-01-11 15:34:01.938751 INFO::Fitting model to feature number 43, MGBC163016 sp910589125
2026-01-11 15:34:01.945675 INFO::Fitting model to feature number 44, MGYG000328353
2026-01-11 15:34:01.953115 INFO::Fitting model to feature number 45, MGBC163016 sp910580205
2026-01-11 15:34:01.959336 INFO::Fitting model to feature number 46, MGBC163016 sp910588985
2026-01-11 15:34:01.96481 INFO::Fitting model to feature number 47, MGBC163016 sp910588435
2026-01-11 15:34:01.971547 INFO::Fitting model to feature number 48, D16-63 sp910588095
2026-01-11 15:34:01.97693 INFO::Fitting model to feature number 49, MGYG000328321
2026-01-11 15:34:01.982028 INFO::Fitting model to feature number 50, MGYG000410711
2026-01-11 15:34:01.98841 INFO::Fitting model to feature number 51, Enterorhabdus sp009911695
2026-01-11 15:34:01.996469 INFO::Fitting model to feature number 52, MGYG000329834
2026-01-11 15:34:02.002466 INFO::Fitting model to feature number 53, Enterorhabdus sp910589695
2026-01-11 15:34:02.008357 INFO::Fitting model to feature number 54, D16-34 sp910575165
2026-01-11 15:34:02.013981 INFO::Fitting model to feature number 55, D16-34 sp003612515
2026-01-11 15:34:02.021672 INFO::Fitting model to feature number 56, D16-34 sp910577495
2026-01-11 15:34:02.028944 INFO::Fitting model to feature number 57, ZJ304 sp943192905
2026-01-11 15:34:02.036958 INFO::Fitting model to feature number 58, MGYG000401219
2026-01-11 15:34:02.045458 INFO::Fitting model to feature number 59, Parvibacter caecicola
2026-01-11 15:34:02.053295 INFO::Fitting model to feature number 60, Parvibacter sp910587945
2026-01-11 15:34:02.060793 INFO::Fitting model to feature number 61, MGYG000329896
2026-01-11 15:34:02.068204 INFO::Fitting model to feature number 62, Parvibacter sp910588725
2026-01-11 15:34:02.075449 INFO::Fitting model to feature number 63, MGYG000328306
2026-01-11 15:34:02.083906 INFO::Fitting model to feature number 64, MGYG000328451
2026-01-11 15:34:02.090878 INFO::Fitting model to feature number 65, Anaerotardibacter sp000435675
2026-01-11 15:34:02.096449 INFO::Fitting model to feature number 66, Anaerotardibacter sp900753095
2026-01-11 15:34:02.101901 INFO::Fitting model to feature number 67, Gordonibacter pamelaeae
2026-01-11 15:34:02.107727 INFO::Fitting model to feature number 68, Eggerthella lenta
2026-01-11 15:34:02.114342 INFO::Fitting model to feature number 69, Ellagibacter isourolithinifaciens
2026-01-11 15:34:02.120853 INFO::Fitting model to feature number 70, Senegalimassilia faecalis
2026-01-11 15:34:02.125987 INFO::Fitting model to feature number 71, Slackia_A isoflavoniconvertens
2026-01-11 15:34:02.131573 INFO::Fitting model to feature number 72, Collinsella aerofaciens_J
2026-01-11 15:34:02.138477 INFO::Fitting model to feature number 73, Enorma burkinafasonensis
2026-01-11 15:34:02.143818 INFO::Fitting model to feature number 74, MGYG000410812
2026-01-11 15:34:02.150387 INFO::Fitting model to feature number 75, UMGS124 sp900555105
2026-01-11 15:34:02.155609 INFO::Fitting model to feature number 76, Bifidobacterium animalis
2026-01-11 15:34:02.160394 INFO::Fitting model to feature number 77, Bifidobacterium adolescentis
2026-01-11 15:34:02.165101 INFO::Fitting model to feature number 78, Bifidobacterium pseudocatenulatum
2026-01-11 15:34:02.170388 INFO::Fitting model to feature number 79, Bifidobacterium bifidum
2026-01-11 15:34:02.174963 INFO::Fitting model to feature number 80, Bifidobacterium longum
2026-01-11 15:34:02.17944 INFO::Fitting model to feature number 81, MGYG000329693
2026-01-11 15:34:02.186738 INFO::Fitting model to feature number 82, Paramuribaculum intestinale
2026-01-11 15:34:02.193694 INFO::Fitting model to feature number 83, Paramuribaculum sp001689565
2026-01-11 15:34:02.199128 INFO::Fitting model to feature number 84, Paramuribaculum sp910579675
2026-01-11 15:34:02.204369 INFO::Fitting model to feature number 85, MGYG000329858
2026-01-11 15:34:02.209224 INFO::Fitting model to feature number 86, Paramuribaculum sp910578805
2026-01-11 15:34:02.213643 INFO::Fitting model to feature number 87, MGYG000325717
2026-01-11 15:34:02.218354 INFO::Fitting model to feature number 88, Paramuribaculum sp910579185
2026-01-11 15:34:02.223388 INFO::Fitting model to feature number 89, MGYG000329300
2026-01-11 15:34:02.227886 INFO::Fitting model to feature number 90, Paramuribaculum sp009775605
2026-01-11 15:34:02.232689 INFO::Fitting model to feature number 91, Paramuribaculum sp910586475
2026-01-11 15:34:02.238014 INFO::Fitting model to feature number 92, MGYG000325727
2026-01-11 15:34:02.242629 INFO::Fitting model to feature number 93, Paramuribaculum sp910588065
2026-01-11 15:34:02.247885 INFO::Fitting model to feature number 94, Paramuribaculum sp910578305
2026-01-11 15:34:02.254675 INFO::Fitting model to feature number 95, Paramuribaculum sp910587185
2026-01-11 15:34:02.25973 INFO::Fitting model to feature number 96, Paramuribaculum sp910577465
2026-01-11 15:34:02.265706 INFO::Fitting model to feature number 97, Paramuribaculum sp910586895
2026-01-11 15:34:02.295557 INFO::Fitting model to feature number 98, Paramuribaculum sp910589095
2026-01-11 15:34:02.303107 INFO::Fitting model to feature number 99, Paramuribaculum sp014800945
2026-01-11 15:34:02.310534 INFO::Fitting model to feature number 100, MGYG000325457
2026-01-11 15:34:02.317882 INFO::Fitting model to feature number 101, Paramuribaculum sp014802045
2026-01-11 15:34:02.32611 INFO::Fitting model to feature number 102, MGYG000325750
2026-01-11 15:34:02.334084 INFO::Fitting model to feature number 103, MGYG000325361
2026-01-11 15:34:02.34227 INFO::Fitting model to feature number 104, Paramuribaculum sp014801865
2026-01-11 15:34:02.349827 INFO::Fitting model to feature number 105, Paramuribaculum sp014801655
2026-01-11 15:34:02.355802 INFO::Fitting model to feature number 106, MGYG000325540
2026-01-11 15:34:02.361135 INFO::Fitting model to feature number 107, Duncaniella sp910576785
2026-01-11 15:34:02.366354 INFO::Fitting model to feature number 108, Duncaniella dubosii
2026-01-11 15:34:02.372344 INFO::Fitting model to feature number 109, Duncaniella sp910589485
2026-01-11 15:34:02.377665 INFO::Fitting model to feature number 110, Duncaniella sp001689575
2026-01-11 15:34:02.383294 INFO::Fitting model to feature number 111, Duncaniella muris
2026-01-11 15:34:02.389544 INFO::Fitting model to feature number 112, Duncaniella sp910578445
2026-01-11 15:34:02.394726 INFO::Fitting model to feature number 113, Duncaniella freteri
2026-01-11 15:34:02.399868 INFO::Fitting model to feature number 114, Duncaniella sp910578515
2026-01-11 15:34:02.406543 INFO::Fitting model to feature number 115, Duncaniella sp910577255
2026-01-11 15:34:02.411898 INFO::Fitting model to feature number 116, Duncaniella sp910577345
2026-01-11 15:34:02.417647 INFO::Fitting model to feature number 117, Duncaniella sp910577335
2026-01-11 15:34:02.424895 INFO::Fitting model to feature number 118, MGYG000325799
2026-01-11 15:34:02.431709 INFO::Fitting model to feature number 119, Duncaniella sp014802345
2026-01-11 15:34:02.4394 INFO::Fitting model to feature number 120, Duncaniella sp910578615
2026-01-11 15:34:02.44591 INFO::Fitting model to feature number 121, MGYG000325465
2026-01-11 15:34:02.451218 INFO::Fitting model to feature number 122, Duncaniella sp910586305
2026-01-11 15:34:02.457252 INFO::Fitting model to feature number 123, Duncaniella sp001689495
2026-01-11 15:34:02.462781 INFO::Fitting model to feature number 124, MGYG000327170
2026-01-11 15:34:02.468428 INFO::Fitting model to feature number 125, Duncaniella sp910584825
2026-01-11 15:34:02.474162 INFO::Fitting model to feature number 126, Duncaniella sp910587165
2026-01-11 15:34:02.479338 INFO::Fitting model to feature number 127, MGYG000325518
2026-01-11 15:34:02.484617 INFO::Fitting model to feature number 128, Duncaniella sp002494015
2026-01-11 15:34:02.490497 INFO::Fitting model to feature number 129, Duncaniella sp910587515
2026-01-11 15:34:02.495869 INFO::Fitting model to feature number 130, Duncaniella sp910586665
2026-01-11 15:34:02.501638 INFO::Fitting model to feature number 131, Duncaniella sp014801945
2026-01-11 15:34:02.508646 INFO::Fitting model to feature number 132, Duncaniella sp910588795
2026-01-11 15:34:02.515286 INFO::Fitting model to feature number 133, Duncaniella sp001701225
2026-01-11 15:34:02.522646 INFO::Fitting model to feature number 134, Duncaniella sp014802325
2026-01-11 15:34:02.527979 INFO::Fitting model to feature number 135, Duncaniella sp014802015
2026-01-11 15:34:02.533266 INFO::Fitting model to feature number 136, MGYG000325456
2026-01-11 15:34:02.539021 INFO::Fitting model to feature number 137, MGYG000325723
2026-01-11 15:34:02.54473 INFO::Fitting model to feature number 138, MGYG000325575
2026-01-11 15:34:02.552255 INFO::Fitting model to feature number 139, MGYG000325671
2026-01-11 15:34:02.5579 INFO::Fitting model to feature number 140, CAG-873 sp009775135
2026-01-11 15:34:02.565771 INFO::Fitting model to feature number 141, CAG-873 sp002490635
2026-01-11 15:34:02.574804 INFO::Fitting model to feature number 142, MGYG000328238
2026-01-11 15:34:02.581506 INFO::Fitting model to feature number 143, CAG-873 sp009775265
2026-01-11 15:34:02.587928 INFO::Fitting model to feature number 144, CAG-873 sp011959565
2026-01-11 15:34:02.59345 INFO::Fitting model to feature number 145, CAG-873 sp910578365
2026-01-11 15:34:02.60023 INFO::Fitting model to feature number 146, CAG-873 sp910587235
2026-01-11 15:34:02.608373 INFO::Fitting model to feature number 147, CAG-873 sp009775225
2026-01-11 15:34:02.616452 INFO::Fitting model to feature number 148, CAG-873 sp009775535
2026-01-11 15:34:02.625183 INFO::Fitting model to feature number 149, CAG-873 sp910577315
2026-01-11 15:34:02.632069 INFO::Fitting model to feature number 150, CAG-873 sp910584905
2026-01-11 15:34:02.638717 INFO::Fitting model to feature number 151, CAG-873 sp910587545
2026-01-11 15:34:02.645689 INFO::Fitting model to feature number 152, CAG-873 sp910586455
2026-01-11 15:34:02.653167 INFO::Fitting model to feature number 153, MGYG000324412
2026-01-11 15:34:02.659506 INFO::Fitting model to feature number 154, CAG-873 sp910587915
2026-01-11 15:34:02.667155 INFO::Fitting model to feature number 155, CAG-873 sp001689665
2026-01-11 15:34:02.675954 INFO::Fitting model to feature number 156, CAG-873 sp017624155
2026-01-11 15:34:02.684774 INFO::Fitting model to feature number 157, MGYG000329414
2026-01-11 15:34:02.69331 INFO::Fitting model to feature number 158, CAG-873 sp910578095
2026-01-11 15:34:02.702537 INFO::Fitting model to feature number 159, CAG-873 sp910586975
2026-01-11 15:34:02.710893 INFO::Fitting model to feature number 160, CAG-873 sp001689415
2026-01-11 15:34:02.718569 INFO::Fitting model to feature number 161, MGYG000325453
2026-01-11 15:34:02.724358 INFO::Fitting model to feature number 162, CAG-873 sp910587475
2026-01-11 15:34:02.730408 INFO::Fitting model to feature number 163, CAG-873 sp900550395
2026-01-11 15:34:02.738517 INFO::Fitting model to feature number 164, MGYG000325639
2026-01-11 15:34:02.745426 INFO::Fitting model to feature number 165, CAG-873 sp910576935
2026-01-11 15:34:02.752738 INFO::Fitting model to feature number 166, MGYG000328998
2026-01-11 15:34:02.758915 INFO::Fitting model to feature number 167, CAG-873 sp910578035
2026-01-11 15:34:02.764459 INFO::Fitting model to feature number 168, MGYG000322997
2026-01-11 15:34:02.770841 INFO::Fitting model to feature number 169, MGYG000325431
2026-01-11 15:34:02.776335 INFO::Fitting model to feature number 170, CAG-873 sp905202215
2026-01-11 15:34:02.783291 INFO::Fitting model to feature number 171, CAG-873 sp009775195
2026-01-11 15:34:02.790604 INFO::Fitting model to feature number 172, CAG-873 sp910586995
2026-01-11 15:34:02.79724 INFO::Fitting model to feature number 173, CAG-873 sp910577355
2026-01-11 15:34:02.803397 INFO::Fitting model to feature number 174, MGYG000325570
2026-01-11 15:34:02.808962 INFO::Fitting model to feature number 175, MGYG000325620
2026-01-11 15:34:02.814596 INFO::Fitting model to feature number 176, CAG-873 sp001701165
2026-01-11 15:34:02.821044 INFO::Fitting model to feature number 177, MGYG000325469
2026-01-11 15:34:02.828015 INFO::Fitting model to feature number 178, CAG-873 sp003979155
2026-01-11 15:34:02.834697 INFO::Fitting model to feature number 179, MGYG000325729
2026-01-11 15:34:02.840854 INFO::Fitting model to feature number 180, CAG-873 sp910576775
2026-01-11 15:34:02.846024 INFO::Fitting model to feature number 181, MGYG000325342
2026-01-11 15:34:02.8514 INFO::Fitting model to feature number 182, MGYG000325463
2026-01-11 15:34:02.857364 INFO::Fitting model to feature number 183, CAG-873 sp910587355
2026-01-11 15:34:02.864011 INFO::Fitting model to feature number 184, CAG-873 sp910583525
2026-01-11 15:34:02.871144 INFO::Fitting model to feature number 185, MGYG000328958
2026-01-11 15:34:02.877682 INFO::Fitting model to feature number 186, MGYG000325379
2026-01-11 15:34:02.882969 INFO::Fitting model to feature number 187, CAG-873 sp910584495
2026-01-11 15:34:02.889033 INFO::Fitting model to feature number 188, CAG-873 sp910589055
2026-01-11 15:34:02.894658 INFO::Fitting model to feature number 189, CAG-873 sp910586595
2026-01-11 15:34:02.900659 INFO::Fitting model to feature number 190, MGYG000325473
2026-01-11 15:34:02.907765 INFO::Fitting model to feature number 191, CAG-873 sp910587925
2026-01-11 15:34:02.914372 INFO::Fitting model to feature number 192, CAG-873 sp900555715
2026-01-11 15:34:02.921184 INFO::Fitting model to feature number 193, CAG-873 sp002493945
2026-01-11 15:34:02.929457 INFO::Fitting model to feature number 194, CAG-873 sp002491245
2026-01-11 15:34:02.936954 INFO::Fitting model to feature number 195, MGYG000329571
2026-01-11 15:34:02.943255 INFO::Fitting model to feature number 196, MGYG000325537
2026-01-11 15:34:02.95033 INFO::Fitting model to feature number 197, CAG-485 sp009775365
2026-01-11 15:34:02.957642 INFO::Fitting model to feature number 198, CAG-485 sp002493045
2026-01-11 15:34:02.964205 INFO::Fitting model to feature number 199, CAG-485 sp009775355
2026-01-11 15:34:02.970776 INFO::Fitting model to feature number 200, CAG-485 sp002362485
2026-01-11 15:34:02.976252 INFO::Fitting model to feature number 201, CAG-485 sp002361215
2026-01-11 15:34:02.982627 INFO::Fitting model to feature number 202, CAG-485 sp002491945
2026-01-11 15:34:02.988146 INFO::Fitting model to feature number 203, CAG-485 sp002361155
2026-01-11 15:34:02.993031 INFO::Fitting model to feature number 204, MGYG000410771
2026-01-11 15:34:02.997556 INFO::Fitting model to feature number 205, MGYG000325582
2026-01-11 15:34:03.00221 INFO::Fitting model to feature number 206, CAG-485 sp002493515
2026-01-11 15:34:03.007723 INFO::Fitting model to feature number 207, CAG-485 sp003979075
2026-01-11 15:34:03.0123 INFO::Fitting model to feature number 208, CAG-485 sp001701295
2026-01-11 15:34:03.01705 INFO::Fitting model to feature number 209, MGYG000325475
2026-01-11 15:34:03.022551 INFO::Fitting model to feature number 210, MGYG000327930
2026-01-11 15:34:03.027144 INFO::Fitting model to feature number 211, CAG-485 sp910584055
2026-01-11 15:34:03.03372 INFO::Fitting model to feature number 212, MGYG000325569
2026-01-11 15:34:03.039686 INFO::Fitting model to feature number 213, CAG-485 sp910579845
2026-01-11 15:34:03.044891 INFO::Fitting model to feature number 214, CAG-485 sp910584125
2026-01-11 15:34:03.177116 INFO::Fitting model to feature number 215, CAG-485 sp910578385
2026-01-11 15:34:03.18288 INFO::Fitting model to feature number 216, MGYG000325346
2026-01-11 15:34:03.191049 INFO::Fitting model to feature number 217, MGYG000324474
2026-01-11 15:34:03.199713 INFO::Fitting model to feature number 218, CAG-485 sp910586175
2026-01-11 15:34:03.207346 INFO::Fitting model to feature number 219, MGYG000329437
2026-01-11 15:34:03.213787 INFO::Fitting model to feature number 220, MGYG000325442
2026-01-11 15:34:03.221801 INFO::Fitting model to feature number 221, CAG-485 sp910577585
2026-01-11 15:34:03.229888 INFO::Fitting model to feature number 222, CAG-485 sp009775375
2026-01-11 15:34:03.23832 INFO::Fitting model to feature number 223, MGYG000347897
2026-01-11 15:34:03.245948 INFO::Fitting model to feature number 224, CAG-485 sp910578075
2026-01-11 15:34:03.254148 INFO::Fitting model to feature number 225, CAG-485 sp900554845
2026-01-11 15:34:03.261816 INFO::Fitting model to feature number 226, CAG-485 sp910583775
2026-01-11 15:34:03.269266 INFO::Fitting model to feature number 227, MGYG000325760
2026-01-11 15:34:03.277061 INFO::Fitting model to feature number 228, MGYG000325660
2026-01-11 15:34:03.284193 INFO::Fitting model to feature number 229, CAG-485 sp910584545
2026-01-11 15:34:03.290649 INFO::Fitting model to feature number 230, MGYG000325658
2026-01-11 15:34:03.296246 INFO::Fitting model to feature number 231, CAG-485 sp910584525
2026-01-11 15:34:03.301937 INFO::Fitting model to feature number 232, CAG-485 sp910583795
2026-01-11 15:34:03.307879 INFO::Fitting model to feature number 233, CAG-485 sp910585275
2026-01-11 15:34:03.313052 INFO::Fitting model to feature number 234, MGYG000325481
2026-01-11 15:34:03.319514 INFO::Fitting model to feature number 235, CAG-485 sp910589425
2026-01-11 15:34:03.327535 INFO::Fitting model to feature number 236, CAG-485 sp910588245
2026-01-11 15:34:03.334987 INFO::Fitting model to feature number 237, CAG-485 sp014801815
2026-01-11 15:34:03.343085 INFO::Fitting model to feature number 238, MGYG000329106
2026-01-11 15:34:03.350343 INFO::Fitting model to feature number 239, MGYG000325458
2026-01-11 15:34:03.358169 INFO::Fitting model to feature number 240, MGYG000325710
2026-01-11 15:34:03.365004 INFO::Fitting model to feature number 241, MGYG000325738
2026-01-11 15:34:03.371842 INFO::Fitting model to feature number 242, MGYG000325560
2026-01-11 15:34:03.378901 INFO::Fitting model to feature number 243, CAG-485 sp910579305
2026-01-11 15:34:03.386702 INFO::Fitting model to feature number 244, MGYG000325644
2026-01-11 15:34:03.394408 INFO::Fitting model to feature number 245, CAG-485 sp900760815
2026-01-11 15:34:03.401986 INFO::Fitting model to feature number 246, MGYG000325315
2026-01-11 15:34:03.40995 INFO::Fitting model to feature number 247, MGYG000325633
2026-01-11 15:34:03.417441 INFO::Fitting model to feature number 248, MGYG000325436
2026-01-11 15:34:03.425451 INFO::Fitting model to feature number 249, MGYG000325715
2026-01-11 15:34:03.432985 INFO::Fitting model to feature number 250, MGYG000325350
2026-01-11 15:34:03.441064 INFO::Fitting model to feature number 251, MGYG000325747
2026-01-11 15:34:03.447235 INFO::Fitting model to feature number 252, MGYG000325437
2026-01-11 15:34:03.454095 INFO::Fitting model to feature number 253, CAG-485 sp014800895
2026-01-11 15:34:03.460227 INFO::Fitting model to feature number 254, MGYG000325541
2026-01-11 15:34:03.46573 INFO::Fitting model to feature number 255, MGYG000325479
2026-01-11 15:34:03.472223 INFO::Fitting model to feature number 256, CAG-485 sp910585285
2026-01-11 15:34:03.477793 INFO::Fitting model to feature number 257, CAG-485 sp910584185
2026-01-11 15:34:03.483042 INFO::Fitting model to feature number 258, MGYG000325680
2026-01-11 15:34:03.489935 INFO::Fitting model to feature number 259, MGYG000325622
2026-01-11 15:34:03.496357 INFO::Fitting model to feature number 260, MGYG000325425
2026-01-11 15:34:03.501935 INFO::Fitting model to feature number 261, MGYG000325415
2026-01-11 15:34:03.510316 INFO::Fitting model to feature number 262, CAG-485 sp900550645
2026-01-11 15:34:03.517063 INFO::Fitting model to feature number 263, MGYG000325597
2026-01-11 15:34:03.524167 INFO::Fitting model to feature number 264, MGYG000325446
2026-01-11 15:34:03.532066 INFO::Fitting model to feature number 265, MGYG000325721
2026-01-11 15:34:03.539724 INFO::Fitting model to feature number 266, Muribaculum gordoncarteri
2026-01-11 15:34:03.549041 INFO::Fitting model to feature number 267, Muribaculum sp009775095
2026-01-11 15:34:03.555498 INFO::Fitting model to feature number 268, Muribaculum sp002473395
2026-01-11 15:34:03.561316 INFO::Fitting model to feature number 269, Muribaculum faecis
2026-01-11 15:34:03.566906 INFO::Fitting model to feature number 270, MGYG000325310
2026-01-11 15:34:03.573268 INFO::Fitting model to feature number 271, Muribaculum sp910587665
2026-01-11 15:34:03.578605 INFO::Fitting model to feature number 272, Muribaculum sp001701195
2026-01-11 15:34:03.585788 INFO::Fitting model to feature number 273, Muribaculum sp910578785
2026-01-11 15:34:03.593288 INFO::Fitting model to feature number 274, Muribaculum sp910589555
2026-01-11 15:34:03.601065 INFO::Fitting model to feature number 275, Muribaculum arabinoxylanisolvens
2026-01-11 15:34:03.60765 INFO::Fitting model to feature number 276, Muribaculum sp003150235
2026-01-11 15:34:03.615901 INFO::Fitting model to feature number 277, MGYG000328540
2026-01-11 15:34:03.622937 INFO::Fitting model to feature number 278, Muribaculum sp910583865
2026-01-11 15:34:03.630781 INFO::Fitting model to feature number 279, Muribaculum sp910578835
2026-01-11 15:34:03.63674 INFO::Fitting model to feature number 280, Muribaculum sp001701065
2026-01-11 15:34:03.644695 INFO::Fitting model to feature number 281, MGYG000328957
2026-01-11 15:34:03.654041 INFO::Fitting model to feature number 282, UBA7173 sp001689485
2026-01-11 15:34:03.662117 INFO::Fitting model to feature number 283, UBA7173 sp001689685
2026-01-11 15:34:03.667887 INFO::Fitting model to feature number 284, UBA7173 sp002491305
2026-01-11 15:34:03.674871 INFO::Fitting model to feature number 285, UBA7173 sp013316675
2026-01-11 15:34:03.680331 INFO::Fitting model to feature number 286, MGYG000329847
2026-01-11 15:34:03.686085 INFO::Fitting model to feature number 287, UBA7173 sp013316535
2026-01-11 15:34:03.695211 INFO::Fitting model to feature number 288, UBA7173 sp910584365
2026-01-11 15:34:03.704311 INFO::Fitting model to feature number 289, UBA7173 sp910583675
2026-01-11 15:34:03.713377 INFO::Fitting model to feature number 290, MGYG000325674
2026-01-11 15:34:03.719819 INFO::Fitting model to feature number 291, UBA7173 sp910584735
2026-01-11 15:34:03.725798 INFO::Fitting model to feature number 292, UBA7173 sp900548705
2026-01-11 15:34:03.732176 INFO::Fitting model to feature number 293, UBA7173 sp910585755
2026-01-11 15:34:03.738398 INFO::Fitting model to feature number 294, UBA7173 sp910579105
2026-01-11 15:34:03.745469 INFO::Fitting model to feature number 295, UBA7173 sp910586565
2026-01-11 15:34:03.753146 INFO::Fitting model to feature number 296, UBA7173 sp900555165
2026-01-11 15:34:03.760699 INFO::Fitting model to feature number 297, UBA7173 sp910587075
2026-01-11 15:34:03.768393 INFO::Fitting model to feature number 298, MGYG000410332
2026-01-11 15:34:03.775831 INFO::Fitting model to feature number 299, MGYG000325632
2026-01-11 15:34:03.784456 INFO::Fitting model to feature number 300, MGYG000325803
2026-01-11 15:34:03.792565 INFO::Fitting model to feature number 301, JAFLTL01 sp910578395
2026-01-11 15:34:03.79872 INFO::Fitting model to feature number 302, MGYG000325590
2026-01-11 15:34:03.806631 INFO::Fitting model to feature number 303, UBA3263 sp001689615
2026-01-11 15:34:03.81198 INFO::Fitting model to feature number 304, MGYG000325470
2026-01-11 15:34:03.817547 INFO::Fitting model to feature number 305, UBA3263 sp002490725
2026-01-11 15:34:03.825285 INFO::Fitting model to feature number 306, MGYG000331010
2026-01-11 15:34:03.833874 INFO::Fitting model to feature number 307, UBA3263 sp014801955
2026-01-11 15:34:03.841995 INFO::Fitting model to feature number 308, MGYG000325619
2026-01-11 15:34:03.849979 INFO::Fitting model to feature number 309, MGYG000325600
2026-01-11 15:34:03.857435 INFO::Fitting model to feature number 310, MGYG000325598
2026-01-11 15:34:03.865169 INFO::Fitting model to feature number 311, JAGBWK01 sp001915385
2026-01-11 15:34:03.872959 INFO::Fitting model to feature number 312, JAGBWK01 sp004102805
2026-01-11 15:34:03.878996 INFO::Fitting model to feature number 313, MGYG000325382
2026-01-11 15:34:03.887656 INFO::Fitting model to feature number 314, MGYG000327564
2026-01-11 15:34:03.896293 INFO::Fitting model to feature number 315, MGYG000328504
2026-01-11 15:34:03.903696 INFO::Fitting model to feature number 316, JAAVFS01 sp910584665
2026-01-11 15:34:03.909832 INFO::Fitting model to feature number 317, MGYG000325322
2026-01-11 15:34:03.915374 INFO::Fitting model to feature number 318, MGYG000325435
2026-01-11 15:34:03.922067 INFO::Fitting model to feature number 319, CAJUPY01 sp910588035
2026-01-11 15:34:03.927639 INFO::Fitting model to feature number 320, MGYG000325343
2026-01-11 15:34:03.933516 INFO::Fitting model to feature number 321, CAJUPY01 sp014802535
2026-01-11 15:34:03.940774 INFO::Fitting model to feature number 322, MGYG000325663
2026-01-11 15:34:03.946345 INFO::Fitting model to feature number 323, M3 sp001689445
2026-01-11 15:34:03.95206 INFO::Fitting model to feature number 324, MGYG000328741
2026-01-11 15:34:03.95833 INFO::Fitting model to feature number 325, CAG-1031 sp000431215
2026-01-11 15:34:03.964151 INFO::Fitting model to feature number 326, Amulumruptor sp001689515
2026-01-11 15:34:03.970366 INFO::Fitting model to feature number 327, Amulumruptor sp900539915
2026-01-11 15:34:03.976597 INFO::Fitting model to feature number 328, Sodaliphilus sp004557565
2026-01-11 15:34:03.982124 INFO::Fitting model to feature number 329, Limisoma sp000437795
2026-01-11 15:34:03.988268 INFO::Fitting model to feature number 330, Bacteroides sp002491635
2026-01-11 15:34:03.995256 INFO::Fitting model to feature number 331, Bacteroides sp910578895
2026-01-11 15:34:04.019819 INFO::Fitting model to feature number 332, Bacteroides acidifaciens
2026-01-11 15:34:04.03173 INFO::Fitting model to feature number 333, Bacteroides caecimuris
2026-01-11 15:34:04.040357 INFO::Fitting model to feature number 334, Bacteroides sp910586915
2026-01-11 15:34:04.048985 INFO::Fitting model to feature number 335, Bacteroides uniformis
2026-01-11 15:34:04.05764 INFO::Fitting model to feature number 336, Bacteroides sp910585845
2026-01-11 15:34:04.063257 INFO::Fitting model to feature number 337, Bacteroides sp900765785
2026-01-11 15:34:04.068696 INFO::Fitting model to feature number 338, Bacteroides stercoris
2026-01-11 15:34:04.076514 INFO::Fitting model to feature number 339, MGYG000325585
2026-01-11 15:34:04.084804 INFO::Fitting model to feature number 340, Bacteroides nordii
2026-01-11 15:34:04.091538 INFO::Fitting model to feature number 341, Bacteroides congonensis
2026-01-11 15:34:04.099511 INFO::Fitting model to feature number 342, Bacteroides xylanisolvens
2026-01-11 15:34:04.108537 INFO::Fitting model to feature number 343, Bacteroides intestinalis
2026-01-11 15:34:04.116671 INFO::Fitting model to feature number 344, Bacteroides cellulosilyticus
2026-01-11 15:34:04.124251 INFO::Fitting model to feature number 345, Prevotella sp002933775
2026-01-11 15:34:04.132568 INFO::Fitting model to feature number 346, Prevotella muris
2026-01-11 15:34:04.139918 INFO::Fitting model to feature number 347, MGYG000325010
2026-01-11 15:34:04.146125 INFO::Fitting model to feature number 348, MGYG000325676
2026-01-11 15:34:04.151302 INFO::Fitting model to feature number 349, Prevotella sp013166515
2026-01-11 15:34:04.157539 INFO::Fitting model to feature number 350, Prevotella rodentium
2026-01-11 15:34:04.163214 INFO::Fitting model to feature number 351, Prevotella sp900545525
2026-01-11 15:34:04.168617 INFO::Fitting model to feature number 352, MGYG000325400
2026-01-11 15:34:04.17524 INFO::Fitting model to feature number 353, Prevotella intestinalis
2026-01-11 15:34:04.181113 INFO::Fitting model to feature number 354, Phocaeicola vulgatus
2026-01-11 15:34:04.187712 INFO::Fitting model to feature number 355, Phocaeicola sartorii
2026-01-11 15:34:04.19607 INFO::Fitting model to feature number 356, Phocaeicola sp011959205
2026-01-11 15:34:04.204293 INFO::Fitting model to feature number 357, Phocaeicola faecalis
2026-01-11 15:34:04.211736 INFO::Fitting model to feature number 358, Phocaeicola plebeius_A
2026-01-11 15:34:04.21739 INFO::Fitting model to feature number 359, Phocaeicola massiliensis
2026-01-11 15:34:04.223825 INFO::Fitting model to feature number 360, UBA4372 sp023665805
2026-01-11 15:34:04.23004 INFO::Fitting model to feature number 361, MGYG000325572
2026-01-11 15:34:04.236209 INFO::Fitting model to feature number 362, Alloprevotella sp009775705
2026-01-11 15:34:04.243576 INFO::Fitting model to feature number 363, Alloprevotella sp002933955
2026-01-11 15:34:04.250871 INFO::Fitting model to feature number 364, Paraprevotella sp900548345
2026-01-11 15:34:04.258721 INFO::Fitting model to feature number 365, Paraprevotella sp910586505
2026-01-11 15:34:04.265987 INFO::Fitting model to feature number 366, Alistipes sp002428825
2026-01-11 15:34:04.273451 INFO::Fitting model to feature number 367, Alistipes sp910587675
2026-01-11 15:34:04.280432 INFO::Fitting model to feature number 368, Alistipes timonensis
2026-01-11 15:34:04.287656 INFO::Fitting model to feature number 369, Alistipes sp910576555
2026-01-11 15:34:04.293212 INFO::Fitting model to feature number 370, Alistipes sp009774895
2026-01-11 15:34:04.298678 INFO::Fitting model to feature number 371, Alistipes sp002362235
2026-01-11 15:34:04.305414 INFO::Fitting model to feature number 372, Alistipes sp900552955
2026-01-11 15:34:04.308245 WARNING::Fitting problem for feature 372 returning NA
2026-01-11 15:34:04.31049 INFO::Fitting model to feature number 373, Alistipes sp910575495
2026-01-11 15:34:04.316407 INFO::Fitting model to feature number 374, Alistipes sp910577475
2026-01-11 15:34:04.32292 INFO::Fitting model to feature number 375, Alistipes sp002358415
2026-01-11 15:34:04.329933 INFO::Fitting model to feature number 376, Avirikenella sp910588925
2026-01-11 15:34:04.336905 INFO::Fitting model to feature number 377, MGYG000325667
2026-01-11 15:34:04.345549 INFO::Fitting model to feature number 378, Rikenella sp910577885
2026-01-11 15:34:04.354019 INFO::Fitting model to feature number 379, Parabacteroides distasonis
2026-01-11 15:34:04.362318 INFO::Fitting model to feature number 380, Parabacteroides goldsteinii
2026-01-11 15:34:04.371583 INFO::Fitting model to feature number 381, Parabacteroides sp900760525
2026-01-11 15:34:04.379181 INFO::Fitting model to feature number 382, Parabacteroides merdae
2026-01-11 15:34:04.384741 INFO::Fitting model to feature number 383, Odoribacter sp021771575
2026-01-11 15:34:04.391035 INFO::Fitting model to feature number 384, Odoribacter sp910578105
2026-01-11 15:34:04.398665 INFO::Fitting model to feature number 385, Odoribacter sp910589025
2026-01-11 15:34:04.406633 INFO::Fitting model to feature number 386, Butyricimonas virosa
2026-01-11 15:34:04.413644 INFO::Fitting model to feature number 387, Pullibacteroides sp910586395
2026-01-11 15:34:04.421069 INFO::Fitting model to feature number 388, Cryptobacteroides sp009774765
2026-01-11 15:34:04.42751 INFO::Fitting model to feature number 389, Cryptobacteroides sp910585445
2026-01-11 15:34:04.434308 INFO::Fitting model to feature number 390, Imtechella halotolerans
2026-01-11 15:34:04.442168 INFO::Fitting model to feature number 391, Faecalibaculum sp910588395
2026-01-11 15:34:04.450156 INFO::Fitting model to feature number 392, C-19 sp910576855
2026-01-11 15:34:04.459035 INFO::Fitting model to feature number 393, MGYG000329824
2026-01-11 15:34:04.467718 INFO::Fitting model to feature number 394, Ileibacterium valens
2026-01-11 15:34:04.475918 INFO::Fitting model to feature number 395, Dubosiella sp004793885
2026-01-11 15:34:04.483888 INFO::Fitting model to feature number 396, CAJTFG01 sp910575705
2026-01-11 15:34:04.492097 INFO::Fitting model to feature number 397, Thomasclavelia cocleata
2026-01-11 15:34:04.49982 INFO::Fitting model to feature number 398, Thomasclavelia ramosa
2026-01-11 15:34:04.506807 INFO::Fitting model to feature number 399, MGBC113645 sp910579135
2026-01-11 15:34:04.513528 INFO::Fitting model to feature number 400, Fimiplasma sp910588165
2026-01-11 15:34:04.521639 INFO::Fitting model to feature number 401, Lactobacillus intestinalis
2026-01-11 15:34:04.52937 INFO::Fitting model to feature number 402, Lactobacillus sp910589675
2026-01-11 15:34:04.536934 INFO::Fitting model to feature number 403, MGYG000329195
2026-01-11 15:34:04.54473 INFO::Fitting model to feature number 404, Lactobacillus taiwanensis
2026-01-11 15:34:04.550116 INFO::Fitting model to feature number 405, Lactobacillus amylovorus
2026-01-11 15:34:04.556075 INFO::Fitting model to feature number 406, MGYG000325525
2026-01-11 15:34:04.562388 INFO::Fitting model to feature number 407, MGYG000326943
2026-01-11 15:34:04.568997 INFO::Fitting model to feature number 408, Lactobacillus hominis
2026-01-11 15:34:04.576628 INFO::Fitting model to feature number 409, Lactobacillus acidophilus
2026-01-11 15:34:04.582243 INFO::Fitting model to feature number 410, MGYG000326944
2026-01-11 15:34:04.590623 INFO::Fitting model to feature number 411, Lactobacillus delbrueckii
2026-01-11 15:34:04.597845 INFO::Fitting model to feature number 412, Limosilactobacillus reuteri
2026-01-11 15:34:04.605622 INFO::Fitting model to feature number 413, Limosilactobacillus sp009663775
2026-01-11 15:34:04.612955 INFO::Fitting model to feature number 414, Limosilactobacillus fermentum
2026-01-11 15:34:04.619071 INFO::Fitting model to feature number 415, Limosilactobacillus equigenerosi
2026-01-11 15:34:04.626207 INFO::Fitting model to feature number 416, Limosilactobacillus portuensis
2026-01-11 15:34:04.632539 INFO::Fitting model to feature number 417, Ligilactobacillus murinus
2026-01-11 15:34:04.639574 INFO::Fitting model to feature number 418, Ligilactobacillus animalis
2026-01-11 15:34:04.645928 INFO::Fitting model to feature number 419, Ligilactobacillus sp910587695
2026-01-11 15:34:04.653121 INFO::Fitting model to feature number 420, Ligilactobacillus agilis
2026-01-11 15:34:04.659147 INFO::Fitting model to feature number 421, Pediococcus pentosaceus
2026-01-11 15:34:04.664925 INFO::Fitting model to feature number 422, Enterococcus faecalis
2026-01-11 15:34:04.672687 INFO::Fitting model to feature number 423, Turicibacter sp002311155
2026-01-11 15:34:04.680169 INFO::Fitting model to feature number 424, MGYG000380869
2026-01-11 15:34:04.686205 INFO::Fitting model to feature number 425, CAG-582 sp910577075
2026-01-11 15:34:04.69561 INFO::Fitting model to feature number 426, UBA5026 sp910576795
2026-01-11 15:34:04.704484 INFO::Fitting model to feature number 427, UBA5026 sp910586425
2026-01-11 15:34:04.71068 INFO::Fitting model to feature number 428, MGYG000330354
2026-01-11 15:34:04.717386 INFO::Fitting model to feature number 429, MGYG000338472
2026-01-11 15:34:04.72394 INFO::Fitting model to feature number 430, MGYG000329046
2026-01-11 15:34:04.730844 INFO::Fitting model to feature number 431, MGYG000331189
2026-01-11 15:34:04.736618 INFO::Fitting model to feature number 432, Mammaliicoccus lentus
2026-01-11 15:34:04.743495 INFO::Fitting model to feature number 433, Staphylococcus xylosus
2026-01-11 15:34:04.750198 INFO::Fitting model to feature number 434, MGYG000410805
2026-01-11 15:34:04.757225 INFO::Fitting model to feature number 435, Desulfovibrio sp910575755
2026-01-11 15:34:04.762423 INFO::Fitting model to feature number 436, Desulfovibrio sp910587035
2026-01-11 15:34:04.767171 INFO::Fitting model to feature number 437, Desulfovibrio sp910584445
2026-01-11 15:34:04.772498 INFO::Fitting model to feature number 438, MGYG000325668
2026-01-11 15:34:04.777425 INFO::Fitting model to feature number 439, Desulfovibrio sp900556755
2026-01-11 15:34:04.782097 INFO::Fitting model to feature number 440, Desulfovibrio sp905215675
2026-01-11 15:34:04.786775 INFO::Fitting model to feature number 441, MGYG000325515
2026-01-11 15:34:04.791867 INFO::Fitting model to feature number 442, Bilophila sp910585945
2026-01-11 15:34:04.79667 INFO::Fitting model to feature number 443, Bilophila faecipullorum
2026-01-11 15:34:04.801307 INFO::Fitting model to feature number 444, Bilophila sp902373525
2026-01-11 15:34:04.807318 INFO::Fitting model to feature number 445, Mailhella sp910579055
2026-01-11 15:34:04.813263 INFO::Fitting model to feature number 446, Mailhella excrementigallinarum
2026-01-11 15:34:04.818763 INFO::Fitting model to feature number 447, MGYG000399267
2026-01-11 15:34:04.82555 INFO::Fitting model to feature number 448, MGYG000410288
2026-01-11 15:34:04.852224 INFO::Fitting model to feature number 449, Schaedlerella sp910589385
2026-01-11 15:34:04.860607 INFO::Fitting model to feature number 450, Schaedlerella arabinosiphila
2026-01-11 15:34:04.867203 INFO::Fitting model to feature number 451, Schaedlerella sp009911175
2026-01-11 15:34:04.875675 INFO::Fitting model to feature number 452, MGYG000410694
2026-01-11 15:34:04.881914 INFO::Fitting model to feature number 453, Schaedlerella sp000403295
2026-01-11 15:34:04.890368 INFO::Fitting model to feature number 454, Schaedlerella sp910574865
2026-01-11 15:34:04.895592 INFO::Fitting model to feature number 455, Schaedlerella sp910574195
2026-01-11 15:34:04.903596 INFO::Fitting model to feature number 456, Schaedlerella sp943193195
2026-01-11 15:34:04.911263 INFO::Fitting model to feature number 457, Schaedlerella sp009774255
2026-01-11 15:34:04.919052 INFO::Fitting model to feature number 458, MGYG000328305
2026-01-11 15:34:04.927054 INFO::Fitting model to feature number 459, MD308 sp910575105
2026-01-11 15:34:04.934885 INFO::Fitting model to feature number 460, MD308 sp010206225
2026-01-11 15:34:04.940923 INFO::Fitting model to feature number 461, MGYG000323047
2026-01-11 15:34:04.947527 INFO::Fitting model to feature number 462, MD308 sp000403475
2026-01-11 15:34:04.95273 INFO::Fitting model to feature number 463, MGYG000326632
2026-01-11 15:34:04.9584 INFO::Fitting model to feature number 464, MD308 sp910578455
2026-01-11 15:34:04.963023 INFO::Fitting model to feature number 465, MD308 sp910586965
2026-01-11 15:34:04.967734 INFO::Fitting model to feature number 466, MD308 sp910584615
2026-01-11 15:34:04.973069 INFO::Fitting model to feature number 467, MGYG000410877
2026-01-11 15:34:04.977662 INFO::Fitting model to feature number 468, MGYG000324148
2026-01-11 15:34:04.982478 INFO::Fitting model to feature number 469, Sporofaciens sp910574715
2026-01-11 15:34:04.987125 INFO::Fitting model to feature number 470, Sporofaciens sp910579015
2026-01-11 15:34:04.99346 INFO::Fitting model to feature number 471, MGYG000353267
2026-01-11 15:34:04.9982 INFO::Fitting model to feature number 472, Sporofaciens sp910575835
2026-01-11 15:34:05.002625 INFO::Fitting model to feature number 473, Sporofaciens musculi
2026-01-11 15:34:05.007902 INFO::Fitting model to feature number 474, Sporofaciens sp009774295
2026-01-11 15:34:05.012652 INFO::Fitting model to feature number 475, Sporofaciens sp910574885
2026-01-11 15:34:05.017401 INFO::Fitting model to feature number 476, Sporofaciens sp000403455
2026-01-11 15:34:05.022686 INFO::Fitting model to feature number 477, Sporofaciens sp910577685
2026-01-11 15:34:05.027183 INFO::Fitting model to feature number 478, Sporofaciens sp910587575
2026-01-11 15:34:05.031782 INFO::Fitting model to feature number 479, Sporofaciens sp910585725
2026-01-11 15:34:05.036627 INFO::Fitting model to feature number 480, Sporofaciens sp910579925
2026-01-11 15:34:05.042452 INFO::Fitting model to feature number 481, MGYG000402809
2026-01-11 15:34:05.048281 INFO::Fitting model to feature number 482, UBA11957 sp910588295
2026-01-11 15:34:05.056176 INFO::Fitting model to feature number 483, MGYG000410400
2026-01-11 15:34:05.061604 INFO::Fitting model to feature number 484, Choladocola sp009774135
2026-01-11 15:34:05.06731 INFO::Fitting model to feature number 485, Choladocola sp910583615
2026-01-11 15:34:05.073005 INFO::Fitting model to feature number 486, Choladocola sp910585995
2026-01-11 15:34:05.077794 INFO::Fitting model to feature number 487, Choladocola sp009774145
2026-01-11 15:34:05.084922 INFO::Fitting model to feature number 488, Choladocola sp910584945
2026-01-11 15:34:05.091543 INFO::Fitting model to feature number 489, Choladocola sp910579225
2026-01-11 15:34:05.098028 INFO::Fitting model to feature number 490, Choladocola sp910584205
2026-01-11 15:34:05.104649 INFO::Fitting model to feature number 491, Choladocola sp910574965
2026-01-11 15:34:05.110639 INFO::Fitting model to feature number 492, Choladocola sp910575445
2026-01-11 15:34:05.116853 INFO::Fitting model to feature number 493, Choladocola sp910583895
2026-01-11 15:34:05.122652 INFO::Fitting model to feature number 494, Choladocola sp009774155
2026-01-11 15:34:05.127734 INFO::Fitting model to feature number 495, Choladocola sp910587495
2026-01-11 15:34:05.132864 INFO::Fitting model to feature number 496, Choladocola sp910585465
2026-01-11 15:34:05.139319 INFO::Fitting model to feature number 497, Choladocola sp910587765
2026-01-11 15:34:05.146662 INFO::Fitting model to feature number 498, MGYG000392954
2026-01-11 15:34:05.152027 INFO::Fitting model to feature number 499, Lachnoclostridium_B sp910584095
2026-01-11 15:34:05.158584 INFO::Fitting model to feature number 500, Lachnoclostridium_B sp910574185
2026-01-11 15:34:05.163938 INFO::Fitting model to feature number 501, MGYG000331109
2026-01-11 15:34:05.169295 INFO::Fitting model to feature number 502, Lachnoclostridium_B sp910584265
2026-01-11 15:34:05.175364 INFO::Fitting model to feature number 503, Lachnoclostridium_B sp910588745
2026-01-11 15:34:05.180709 INFO::Fitting model to feature number 504, Lachnoclostridium_B sp910589275
2026-01-11 15:34:05.18797 INFO::Fitting model to feature number 505, MGYG000328855
2026-01-11 15:34:05.195824 INFO::Fitting model to feature number 506, MGBC164599 sp910588825
2026-01-11 15:34:05.203063 INFO::Fitting model to feature number 507, MGBC164599 sp910575625
2026-01-11 15:34:05.211045 INFO::Fitting model to feature number 508, MGBC164599 sp910587105
2026-01-11 15:34:05.216472 INFO::Fitting model to feature number 509, MGBC164599 sp910588775
2026-01-11 15:34:05.222348 INFO::Fitting model to feature number 510, MGYG000330030
2026-01-11 15:34:05.227597 INFO::Fitting model to feature number 511, MGYG000330180
2026-01-11 15:34:05.232979 INFO::Fitting model to feature number 512, 14-2 sp910588845
2026-01-11 15:34:05.238196 INFO::Fitting model to feature number 513, 14-2 sp910577785
2026-01-11 15:34:05.245075 INFO::Fitting model to feature number 514, 14-2 sp910576385
2026-01-11 15:34:05.252766 INFO::Fitting model to feature number 515, 14-2 sp910575155
2026-01-11 15:34:05.259945 INFO::Fitting model to feature number 516, 14-2 sp910575035
2026-01-11 15:34:05.266801 INFO::Fitting model to feature number 517, 14-2 sp011960065
2026-01-11 15:34:05.273814 INFO::Fitting model to feature number 518, MGYG000409996
2026-01-11 15:34:05.280946 INFO::Fitting model to feature number 519, 14-2 sp910588285
2026-01-11 15:34:05.287738 INFO::Fitting model to feature number 520, 14-2 sp910575005
2026-01-11 15:34:05.294719 INFO::Fitting model to feature number 521, 14-2 sp910584585
2026-01-11 15:34:05.303171 INFO::Fitting model to feature number 522, 14-2 sp000403255
2026-01-11 15:34:05.310531 INFO::Fitting model to feature number 523, MGYG000411355
2026-01-11 15:34:05.317344 INFO::Fitting model to feature number 524, 14-2 sp910583835
2026-01-11 15:34:05.324399 INFO::Fitting model to feature number 525, 14-2 sp910575075
2026-01-11 15:34:05.330323 INFO::Fitting model to feature number 526, 14-2 sp000403315
2026-01-11 15:34:05.338161 INFO::Fitting model to feature number 527, 14-2 sp009774455
2026-01-11 15:34:05.346871 INFO::Fitting model to feature number 528, 14-2 sp910589635
2026-01-11 15:34:05.353149 INFO::Fitting model to feature number 529, 14-2 sp910576975
2026-01-11 15:34:05.361157 INFO::Fitting model to feature number 530, MGYG000411595
2026-01-11 15:34:05.366602 INFO::Fitting model to feature number 531, MGYG000328404
2026-01-11 15:34:05.37255 INFO::Fitting model to feature number 532, 14-2 sp910578825
2026-01-11 15:34:05.378768 INFO::Fitting model to feature number 533, MGYG000410992
2026-01-11 15:34:05.38601 INFO::Fitting model to feature number 534, MGYG000324849
2026-01-11 15:34:05.391981 INFO::Fitting model to feature number 535, 14-2 sp000403845
2026-01-11 15:34:05.396698 INFO::Fitting model to feature number 536, Eubacterium_F sp910574015
2026-01-11 15:34:05.404236 INFO::Fitting model to feature number 537, MGYG000330978
2026-01-11 15:34:05.411582 INFO::Fitting model to feature number 538, Eubacterium_F sp910575665
2026-01-11 15:34:05.418316 INFO::Fitting model to feature number 539, Eubacterium_F sp910585745
2026-01-11 15:34:05.425307 INFO::Fitting model to feature number 540, MGYG000329322
2026-01-11 15:34:05.430665 INFO::Fitting model to feature number 541, Eubacterium_F sp910579145
2026-01-11 15:34:05.435888 INFO::Fitting model to feature number 542, Caccovicinus sp910585635
2026-01-11 15:34:05.441907 INFO::Fitting model to feature number 543, Caccovicinus sp009774615
2026-01-11 15:34:05.447649 INFO::Fitting model to feature number 544, Caccovicinus sp910584785
2026-01-11 15:34:05.454599 INFO::Fitting model to feature number 545, MGYG000411451
2026-01-11 15:34:05.461789 INFO::Fitting model to feature number 546, Caccovicinus sp910575565
2026-01-11 15:34:05.468195 INFO::Fitting model to feature number 547, MGYG000322995
2026-01-11 15:34:05.474238 INFO::Fitting model to feature number 548, Caccovicinus sp910588895
2026-01-11 15:34:05.47961 INFO::Fitting model to feature number 549, Acetatifactor sp910576125
2026-01-11 15:34:05.485062 INFO::Fitting model to feature number 550, Acetatifactor sp910589035
2026-01-11 15:34:05.491874 INFO::Fitting model to feature number 551, Acetatifactor sp910579755
2026-01-11 15:34:05.498616 INFO::Fitting model to feature number 552, Acetatifactor sp910584865
2026-01-11 15:34:05.505756 INFO::Fitting model to feature number 553, Acetatifactor sp910585805
2026-01-11 15:34:05.511475 INFO::Fitting model to feature number 554, Acetatifactor sp910585425
2026-01-11 15:34:05.516726 INFO::Fitting model to feature number 555, Acetatifactor sp910585615
2026-01-11 15:34:05.52293 INFO::Fitting model to feature number 556, Acetatifactor sp910586775
2026-01-11 15:34:05.528764 INFO::Fitting model to feature number 557, Acetatifactor sp910589655
2026-01-11 15:34:05.535532 INFO::Fitting model to feature number 558, Acetatifactor sp910586835
2026-01-11 15:34:05.542632 INFO::Fitting model to feature number 559, Acetatifactor sp003612485
2026-01-11 15:34:05.548665 INFO::Fitting model to feature number 560, MGYG000329336
2026-01-11 15:34:05.554016 INFO::Fitting model to feature number 561, Acetatifactor sp910577185
2026-01-11 15:34:05.561774 INFO::Fitting model to feature number 562, MGYG000325587
2026-01-11 15:34:05.56773 INFO::Fitting model to feature number 563, Acetatifactor sp910584235
2026-01-11 15:34:05.574175 INFO::Fitting model to feature number 564, MGYG000325385
2026-01-11 15:34:05.598876 INFO::Fitting model to feature number 565, Acetatifactor sp910580225
2026-01-11 15:34:05.607686 INFO::Fitting model to feature number 566, Acetatifactor sp910577035
2026-01-11 15:34:05.615029 INFO::Fitting model to feature number 567, Acetatifactor sp910578995
2026-01-11 15:34:05.622638 INFO::Fitting model to feature number 568, Acetatifactor sp910578185
2026-01-11 15:34:05.62996 INFO::Fitting model to feature number 569, MGYG000327004
2026-01-11 15:34:05.637564 INFO::Fitting model to feature number 570, Acetatifactor sp910586485
2026-01-11 15:34:05.646 INFO::Fitting model to feature number 571, MGYG000331015
2026-01-11 15:34:05.652916 INFO::Fitting model to feature number 572, Acetatifactor sp910587555
2026-01-11 15:34:05.660712 INFO::Fitting model to feature number 573, 1XD8-76 sp910578085
2026-01-11 15:34:05.667413 INFO::Fitting model to feature number 574, 1XD8-76 sp910573755
2026-01-11 15:34:05.674143 INFO::Fitting model to feature number 575, 1XD8-76 sp910577955
2026-01-11 15:34:05.679391 INFO::Fitting model to feature number 576, UBA3282 sp009774175
2026-01-11 15:34:05.684672 INFO::Fitting model to feature number 577, UBA3282 sp910575245
2026-01-11 15:34:05.693245 INFO::Fitting model to feature number 578, UBA3282 sp009774655
2026-01-11 15:34:05.702101 INFO::Fitting model to feature number 579, UBA3282 sp910577735
2026-01-11 15:34:05.710004 INFO::Fitting model to feature number 580, UBA3282 sp910588215
2026-01-11 15:34:05.71645 INFO::Fitting model to feature number 581, UBA3282 sp910584725
2026-01-11 15:34:05.724757 INFO::Fitting model to feature number 582, MGYG000329173
2026-01-11 15:34:05.731426 INFO::Fitting model to feature number 583, MGYG000325371
2026-01-11 15:34:05.737065 INFO::Fitting model to feature number 584, MGYG000324467
2026-01-11 15:34:05.744597 INFO::Fitting model to feature number 585, UBA3282 sp910587095
2026-01-11 15:34:05.750682 INFO::Fitting model to feature number 586, UBA3282 sp009774585
2026-01-11 15:34:05.756992 INFO::Fitting model to feature number 587, UBA3282 sp910576815
2026-01-11 15:34:05.76432 INFO::Fitting model to feature number 588, UBA3282 sp910575775
2026-01-11 15:34:05.771604 INFO::Fitting model to feature number 589, UBA3282 sp003611805
2026-01-11 15:34:05.776949 INFO::Fitting model to feature number 590, UBA3282 sp910579285
2026-01-11 15:34:05.783625 INFO::Fitting model to feature number 591, UBA3282 sp910579505
2026-01-11 15:34:05.789927 INFO::Fitting model to feature number 592, MGYG000328328
2026-01-11 15:34:05.796464 INFO::Fitting model to feature number 593, MGYG000325448
2026-01-11 15:34:05.801812 INFO::Fitting model to feature number 594, MGYG000328360
2026-01-11 15:34:05.80883 INFO::Fitting model to feature number 595, MGYG000323430
2026-01-11 15:34:05.81389 INFO::Fitting model to feature number 596, UBA3282 sp003612405
2026-01-11 15:34:05.820408 INFO::Fitting model to feature number 597, UBA3282 sp009774215
2026-01-11 15:34:05.826327 INFO::Fitting model to feature number 598, MGYG000324289
2026-01-11 15:34:05.832068 INFO::Fitting model to feature number 599, Paralachnospira sp910588815
2026-01-11 15:34:05.837127 INFO::Fitting model to feature number 600, Paralachnospira sp022800815
2026-01-11 15:34:05.842364 INFO::Fitting model to feature number 601, Paralachnospira sp910587905
2026-01-11 15:34:05.846987 INFO::Fitting model to feature number 602, COE1 sp002490665
2026-01-11 15:34:05.851715 INFO::Fitting model to feature number 603, COE1 sp009774395
2026-01-11 15:34:05.857126 INFO::Fitting model to feature number 604, COE1 sp000403335
2026-01-11 15:34:05.861674 INFO::Fitting model to feature number 605, MGYG000410938
2026-01-11 15:34:05.866205 INFO::Fitting model to feature number 606, MGYG000325626
2026-01-11 15:34:05.870784 INFO::Fitting model to feature number 607, COE1 sp002358575
2026-01-11 15:34:05.876012 INFO::Fitting model to feature number 608, MGYG000325712
2026-01-11 15:34:05.880565 INFO::Fitting model to feature number 609, COE1 sp910586585
2026-01-11 15:34:05.885545 INFO::Fitting model to feature number 610, COE1 sp910586715
2026-01-11 15:34:05.89172 INFO::Fitting model to feature number 611, COE1 sp910579275
2026-01-11 15:34:05.897171 INFO::Fitting model to feature number 612, CAG-95 sp910585005
2026-01-11 15:34:05.904095 INFO::Fitting model to feature number 613, CAG-95 sp009917455
2026-01-11 15:34:05.909902 INFO::Fitting model to feature number 614, CAG-95 sp910579685
2026-01-11 15:34:05.91546 INFO::Fitting model to feature number 615, CAG-95 sp910579425
2026-01-11 15:34:05.921021 INFO::Fitting model to feature number 616, CAG-95 sp910579495
2026-01-11 15:34:05.926712 INFO::Fitting model to feature number 617, CAG-95 sp003612395
2026-01-11 15:34:05.933134 INFO::Fitting model to feature number 618, CAG-95 sp910586025
2026-01-11 15:34:05.94013 INFO::Fitting model to feature number 619, CAG-95 sp910577275
2026-01-11 15:34:05.945208 INFO::Fitting model to feature number 620, CAG-95 sp009911035
2026-01-11 15:34:05.951899 INFO::Fitting model to feature number 621, CAG-95 sp910585075
2026-01-11 15:34:05.958414 INFO::Fitting model to feature number 622, MGYG000410775
2026-01-11 15:34:05.966411 INFO::Fitting model to feature number 623, MGYG000325648
2026-01-11 15:34:05.974083 INFO::Fitting model to feature number 624, CAG-95 sp011959285
2026-01-11 15:34:05.98147 INFO::Fitting model to feature number 625, UBA7109 sp910576335
2026-01-11 15:34:05.989052 INFO::Fitting model to feature number 626, UBA7109 sp910575605
2026-01-11 15:34:05.996657 INFO::Fitting model to feature number 627, MGYG000323043
2026-01-11 15:34:06.004738 INFO::Fitting model to feature number 628, MGYG000405682
2026-01-11 15:34:06.011797 INFO::Fitting model to feature number 629, MGYG000368546
2026-01-11 15:34:06.018736 INFO::Fitting model to feature number 630, Ventrimonas sp910575255
2026-01-11 15:34:06.025038 INFO::Fitting model to feature number 631, Ventrimonas sp910577765
2026-01-11 15:34:06.030286 INFO::Fitting model to feature number 632, Ventrimonas sp910586255
2026-01-11 15:34:06.03574 INFO::Fitting model to feature number 633, Ventrimonas sp003611875
2026-01-11 15:34:06.041782 INFO::Fitting model to feature number 634, Ventrimonas sp009911065
2026-01-11 15:34:06.048459 INFO::Fitting model to feature number 635, MGYG000410706
2026-01-11 15:34:06.055741 INFO::Fitting model to feature number 636, MGYG000327273
2026-01-11 15:34:06.063204 INFO::Fitting model to feature number 637, Ventrimonas sp910577655
2026-01-11 15:34:06.070514 INFO::Fitting model to feature number 638, Ventrimonas sp022799175
2026-01-11 15:34:06.077876 INFO::Fitting model to feature number 639, MGYG000324149
2026-01-11 15:34:06.083898 INFO::Fitting model to feature number 640, UBA3402 sp910574345
2026-01-11 15:34:06.092244 INFO::Fitting model to feature number 641, UBA3402 sp910575585
2026-01-11 15:34:06.099277 INFO::Fitting model to feature number 642, MGYG000410803
2026-01-11 15:34:06.107523 INFO::Fitting model to feature number 643, UBA3402 sp910588325
2026-01-11 15:34:06.114455 INFO::Fitting model to feature number 644, UBA3402 sp022798105
2026-01-11 15:34:06.119675 INFO::Fitting model to feature number 645, UBA3402 sp022795805
2026-01-11 15:34:06.126352 INFO::Fitting model to feature number 646, UBA3402 sp002358555
2026-01-11 15:34:06.131823 INFO::Fitting model to feature number 647, UBA3402 sp910588865
2026-01-11 15:34:06.138172 INFO::Fitting model to feature number 648, UBA3402 sp022796015
2026-01-11 15:34:06.145732 INFO::Fitting model to feature number 649, UBA3402 sp910586845
2026-01-11 15:34:06.152938 INFO::Fitting model to feature number 650, UBA3402 sp910585435
2026-01-11 15:34:06.159674 INFO::Fitting model to feature number 651, UBA3402 sp910577935
2026-01-11 15:34:06.165518 INFO::Fitting model to feature number 652, UBA3402 sp910585645
2026-01-11 15:34:06.174031 INFO::Fitting model to feature number 653, UBA3402 sp021769025
2026-01-11 15:34:06.181607 INFO::Fitting model to feature number 654, 1XD42-69 sp011959925
2026-01-11 15:34:06.189763 INFO::Fitting model to feature number 655, 1XD42-69 sp009911505
2026-01-11 15:34:06.198897 INFO::Fitting model to feature number 656, 1XD42-69 sp022794015
2026-01-11 15:34:06.206884 INFO::Fitting model to feature number 657, 1XD42-69 sp910588565
2026-01-11 15:34:06.213433 INFO::Fitting model to feature number 658, 1XD42-69 sp910577065
2026-01-11 15:34:06.219805 INFO::Fitting model to feature number 659, 1XD42-69 sp910586645
2026-01-11 15:34:06.226605 INFO::Fitting model to feature number 660, Merdisoma sp009917555
2026-01-11 15:34:06.232412 INFO::Fitting model to feature number 661, Merdisoma sp910574255
2026-01-11 15:34:06.238434 INFO::Fitting model to feature number 662, Merdisoma sp011959465
2026-01-11 15:34:06.24406 INFO::Fitting model to feature number 663, Merdisoma sp910574835
2026-01-11 15:34:06.250556 INFO::Fitting model to feature number 664, Merdisoma sp910574475
2026-01-11 15:34:06.258917 INFO::Fitting model to feature number 665, MGYG000330323
2026-01-11 15:34:06.265997 INFO::Fitting model to feature number 666, Merdisoma sp022791635
2026-01-11 15:34:06.273418 INFO::Fitting model to feature number 667, Kineothrix sp011958945
2026-01-11 15:34:06.280206 INFO::Fitting model to feature number 668, Kineothrix sp910579935
2026-01-11 15:34:06.285685 INFO::Fitting model to feature number 669, Kineothrix sp910576535
2026-01-11 15:34:06.292048 INFO::Fitting model to feature number 670, MGYG000327499
2026-01-11 15:34:06.2977 INFO::Fitting model to feature number 671, Kineothrix sp000403275
2026-01-11 15:34:06.306008 INFO::Fitting model to feature number 672, Kineothrix sp910588855
2026-01-11 15:34:06.314273 INFO::Fitting model to feature number 673, Kineothrix sp910587275
2026-01-11 15:34:06.32226 INFO::Fitting model to feature number 674, MGYG000326008
2026-01-11 15:34:06.330349 INFO::Fitting model to feature number 675, Kineothrix sp910585965
2026-01-11 15:34:06.336421 INFO::Fitting model to feature number 676, Kineothrix sp009911195
2026-01-11 15:34:06.344896 INFO::Fitting model to feature number 677, RGIG4057 sp910587085
2026-01-11 15:34:06.350557 INFO::Fitting model to feature number 678, RGIG4057 sp910579615
2026-01-11 15:34:06.358003 INFO::Fitting model to feature number 679, UMGS1370 sp910577645
2026-01-11 15:34:06.390575 INFO::Fitting model to feature number 680, UMGS1370 sp910586755
2026-01-11 15:34:06.399262 INFO::Fitting model to feature number 681, UBA2882 sp910574745
2026-01-11 15:34:06.404964 INFO::Fitting model to feature number 682, Eubacterium_J sp910574915
2026-01-11 15:34:06.412352 INFO::Fitting model to feature number 683, Eubacterium_J sp910579075
2026-01-11 15:34:06.419065 INFO::Fitting model to feature number 684, Eubacterium_J sp910580075
2026-01-11 15:34:06.427564 INFO::Fitting model to feature number 685, Eubacterium_J sp910584595
2026-01-11 15:34:06.435647 INFO::Fitting model to feature number 686, MGYG000330231
2026-01-11 15:34:06.443903 INFO::Fitting model to feature number 687, MGYG000327453
2026-01-11 15:34:06.450898 INFO::Fitting model to feature number 688, Butyribacter sp910575435
2026-01-11 15:34:06.457976 INFO::Fitting model to feature number 689, Butyribacter sp910585905
2026-01-11 15:34:06.465626 INFO::Fitting model to feature number 690, MGYG000330019
2026-01-11 15:34:06.472136 INFO::Fitting model to feature number 691, Butyribacter sp009774235
2026-01-11 15:34:06.477847 INFO::Fitting model to feature number 692, VSOB01 sp009774625
2026-01-11 15:34:06.483479 INFO::Fitting model to feature number 693, VSOB01 sp910587155
2026-01-11 15:34:06.489694 INFO::Fitting model to feature number 694, VSOB01 sp910587635
2026-01-11 15:34:06.495421 INFO::Fitting model to feature number 695, Copromonas sp009917545
2026-01-11 15:34:06.500787 INFO::Fitting model to feature number 696, Copromonas sp910575275
2026-01-11 15:34:06.506759 INFO::Fitting model to feature number 697, Copromonas sp022792295
2026-01-11 15:34:06.512904 INFO::Fitting model to feature number 698, Copromonas sp910586315
2026-01-11 15:34:06.51942 INFO::Fitting model to feature number 699, Bariatricus sp022793995
2026-01-11 15:34:06.529265 INFO::Fitting model to feature number 700, Clostridium_Q sp910575795
2026-01-11 15:34:06.537225 INFO::Fitting model to feature number 701, RGIG4284 sp910576205
2026-01-11 15:34:06.544501 INFO::Fitting model to feature number 702, RGIG4284 sp022796795
2026-01-11 15:34:06.550483 INFO::Fitting model to feature number 703, RGIG7193 sp022793375
2026-01-11 15:34:06.558911 INFO::Fitting model to feature number 704, RGIG7193 sp022791755
2026-01-11 15:34:06.567219 INFO::Fitting model to feature number 705, Roseburia sp910587865
2026-01-11 15:34:06.576479 INFO::Fitting model to feature number 706, Roseburia sp910584215
2026-01-11 15:34:06.582126 INFO::Fitting model to feature number 707, MGYG000329248
2026-01-11 15:34:06.588167 INFO::Fitting model to feature number 708, Lachnospira sp910589305
2026-01-11 15:34:06.595094 INFO::Fitting model to feature number 709, Eubacterium_G sp910584795
2026-01-11 15:34:06.603025 INFO::Fitting model to feature number 710, Eubacterium_G sp910574895
2026-01-11 15:34:06.609741 INFO::Fitting model to feature number 711, Paralachnospira_A sp910588405
2026-01-11 15:34:06.616414 INFO::Fitting model to feature number 712, Paralachnospira_A sp910579325
2026-01-11 15:34:06.62462 INFO::Fitting model to feature number 713, CAG-317 sp910578495
2026-01-11 15:34:06.632471 INFO::Fitting model to feature number 714, CAG-317 sp011960265
2026-01-11 15:34:06.64049 INFO::Fitting model to feature number 715, JAAWJJ01 sp022796875
2026-01-11 15:34:06.648611 INFO::Fitting model to feature number 716, Blautia_A sp900551075
2026-01-11 15:34:06.656674 INFO::Fitting model to feature number 717, Blautia_A massiliensis
2026-01-11 15:34:06.664074 INFO::Fitting model to feature number 718, CAG-56 sp004793585
2026-01-11 15:34:06.671217 INFO::Fitting model to feature number 719, Enterocloster aldenensis
2026-01-11 15:34:06.68067 INFO::Fitting model to feature number 720, Enterocloster clostridioformis
2026-01-11 15:34:06.689979 INFO::Fitting model to feature number 721, Choladousia sp003612585
2026-01-11 15:34:06.697098 INFO::Fitting model to feature number 722, CAG-510 sp910577105
2026-01-11 15:34:06.704004 INFO::Fitting model to feature number 723, MGYG000325650
2026-01-11 15:34:06.710629 INFO::Fitting model to feature number 724, CAG-590 sp910585605
2026-01-11 15:34:06.716187 INFO::Fitting model to feature number 725, Blautia pseudococcoides
2026-01-11 15:34:06.721812 INFO::Fitting model to feature number 726, Eisenbergiella sp910585455
2026-01-11 15:34:06.731007 INFO::Fitting model to feature number 727, MGYG000392808
2026-01-11 15:34:06.737106 INFO::Fitting model to feature number 728, W0P33-017 sp910589045
2026-01-11 15:34:06.744617 INFO::Fitting model to feature number 729, SIG307 sp910579465
2026-01-11 15:34:06.752282 INFO::Fitting model to feature number 730, MGYG000326869
2026-01-11 15:34:06.759913 INFO::Fitting model to feature number 731, CAG-603 sp910583605
2026-01-11 15:34:06.765274 INFO::Fitting model to feature number 732, Marvinbryantia sp900550755
2026-01-11 15:34:06.773373 INFO::Fitting model to feature number 733, RGIG8607 sp910577045
2026-01-11 15:34:06.780547 INFO::Fitting model to feature number 734, MGYG000326584
2026-01-11 15:34:06.787807 INFO::Fitting model to feature number 735, MGBC114844 sp910585255
2026-01-11 15:34:06.796243 INFO::Fitting model to feature number 736, MGYG000325493
2026-01-11 15:34:06.804038 INFO::Fitting model to feature number 737, MGYG000329929
2026-01-11 15:34:06.811033 INFO::Fitting model to feature number 738, UBA2821 sp014799465
2026-01-11 15:34:06.816708 INFO::Fitting model to feature number 739, MGBC100174 sp910576895
2026-01-11 15:34:06.825365 INFO::Fitting model to feature number 740, Muricomes contortus_B
2026-01-11 15:34:06.833235 INFO::Fitting model to feature number 741, Extibacter muris
2026-01-11 15:34:06.841314 INFO::Fitting model to feature number 742, Anaerotignum sp910576545
2026-01-11 15:34:06.847952 INFO::Fitting model to feature number 743, Anaerotignum sp910578425
2026-01-11 15:34:06.856251 INFO::Fitting model to feature number 744, Coprocola sp910575055
2026-01-11 15:34:06.865266 INFO::Fitting model to feature number 745, Enterenecus sp910588495
2026-01-11 15:34:06.872602 INFO::Fitting model to feature number 746, Enterenecus sp910587285
2026-01-11 15:34:06.880576 INFO::Fitting model to feature number 747, MGYG000327450
2026-01-11 15:34:06.888295 INFO::Fitting model to feature number 748, Enterenecus sp910588625
2026-01-11 15:34:06.897238 INFO::Fitting model to feature number 749, Enterenecus sp910575695
2026-01-11 15:34:06.904795 INFO::Fitting model to feature number 750, MGYG000326888
2026-01-11 15:34:06.912552 INFO::Fitting model to feature number 751, Enterenecus sp910585155
2026-01-11 15:34:06.919969 INFO::Fitting model to feature number 752, MGYG000331159
2026-01-11 15:34:06.92791 INFO::Fitting model to feature number 753, Enterenecus sp910579595
2026-01-11 15:34:06.934881 INFO::Fitting model to feature number 754, MGYG000410353
2026-01-11 15:34:06.942209 INFO::Fitting model to feature number 755, Enterenecus sp910577525
2026-01-11 15:34:06.94794 INFO::Fitting model to feature number 756, Enterenecus sp910587395
2026-01-11 15:34:06.953346 INFO::Fitting model to feature number 757, MGYG000328307
2026-01-11 15:34:06.959657 INFO::Fitting model to feature number 758, Enterenecus sp910587255
2026-01-11 15:34:06.965312 INFO::Fitting model to feature number 759, Enterenecus sp910588105
2026-01-11 15:34:06.972306 INFO::Fitting model to feature number 760, MGYG000410945
2026-01-11 15:34:06.978016 INFO::Fitting model to feature number 761, Enterenecus sp910579155
2026-01-11 15:34:06.984809 INFO::Fitting model to feature number 762, MGYG000322966
2026-01-11 15:34:06.99258 INFO::Fitting model to feature number 763, MGYG000410761
2026-01-11 15:34:06.999719 INFO::Fitting model to feature number 764, Enterenecus sp910587205
2026-01-11 15:34:07.007361 INFO::Fitting model to feature number 765, MGYG000410914
2026-01-11 15:34:07.014047 INFO::Fitting model to feature number 766, Enterenecus sp910584285
2026-01-11 15:34:07.019225 INFO::Fitting model to feature number 767, MGYG000327286
2026-01-11 15:34:07.025219 INFO::Fitting model to feature number 768, Enterenecus sp910585265
2026-01-11 15:34:07.030938 INFO::Fitting model to feature number 769, Enterenecus sp910584835
2026-01-11 15:34:07.038897 INFO::Fitting model to feature number 770, Enterenecus sp910588135
2026-01-11 15:34:07.045234 INFO::Fitting model to feature number 771, MGYG000329348
2026-01-11 15:34:07.051695 INFO::Fitting model to feature number 772, MGYG000325584
2026-01-11 15:34:07.059696 INFO::Fitting model to feature number 773, MGYG000410874
2026-01-11 15:34:07.067566 INFO::Fitting model to feature number 774, MGYG000360698
2026-01-11 15:34:07.075896 INFO::Fitting model to feature number 775, Lawsonibacter sp003612335
2026-01-11 15:34:07.08443 INFO::Fitting model to feature number 776, Lawsonibacter sp910585815
2026-01-11 15:34:07.093156 INFO::Fitting model to feature number 777, Lawsonibacter sp910584605
2026-01-11 15:34:07.100592 INFO::Fitting model to feature number 778, Lawsonibacter sp910575265
2026-01-11 15:34:07.108379 INFO::Fitting model to feature number 779, MGYG000432202
2026-01-11 15:34:07.116014 INFO::Fitting model to feature number 780, Lawsonibacter sp022799835
2026-01-11 15:34:07.121984 INFO::Fitting model to feature number 781, MGYG000433528
2026-01-11 15:34:07.129956 INFO::Fitting model to feature number 782, Lawsonibacter sp022794495
2026-01-11 15:34:07.137711 INFO::Fitting model to feature number 783, MGYG000410681
2026-01-11 15:34:07.146452 INFO::Fitting model to feature number 784, Lawsonibacter sp910578735
2026-01-11 15:34:07.154736 INFO::Fitting model to feature number 785, MGYG000325175
2026-01-11 15:34:07.161278 INFO::Fitting model to feature number 786, Lawsonibacter sp022801435
2026-01-11 15:34:07.167684 INFO::Fitting model to feature number 787, Lawsonibacter sp009911645
2026-01-11 15:34:07.174325 INFO::Fitting model to feature number 788, Lawsonibacter sp943192995
2026-01-11 15:34:07.18195 INFO::Fitting model to feature number 789, MGYG000329509
2026-01-11 15:34:07.190358 INFO::Fitting model to feature number 790, Lawsonibacter sp022798855
2026-01-11 15:34:07.199086 INFO::Fitting model to feature number 791, Lawsonibacter sp910588455
2026-01-11 15:34:07.20701 INFO::Fitting model to feature number 792, Lawsonibacter sp910589085
2026-01-11 15:34:07.212466 INFO::Fitting model to feature number 793, Lawsonibacter sp022793355
2026-01-11 15:34:07.231982 INFO::Fitting model to feature number 794, MGYG000328991
2026-01-11 15:34:07.243101 INFO::Fitting model to feature number 795, Lawsonibacter sp022795855
2026-01-11 15:34:07.250455 INFO::Fitting model to feature number 796, Lawsonibacter sp022791995
2026-01-11 15:34:07.257863 INFO::Fitting model to feature number 797, MGYG000323117
2026-01-11 15:34:07.263537 INFO::Fitting model to feature number 798, Lawsonibacter sp000492175
2026-01-11 15:34:07.269013 INFO::Fitting model to feature number 799, MGYG000324476
2026-01-11 15:34:07.275288 INFO::Fitting model to feature number 800, MGYG000411366
2026-01-11 15:34:07.281352 INFO::Fitting model to feature number 801, MGYG000345714
2026-01-11 15:34:07.288433 INFO::Fitting model to feature number 802, MGYG000329989
2026-01-11 15:34:07.295188 INFO::Fitting model to feature number 803, Lawsonibacter sp910577805
2026-01-11 15:34:07.302718 INFO::Fitting model to feature number 804, MGYG000410703
2026-01-11 15:34:07.309957 INFO::Fitting model to feature number 805, MGYG000329873
2026-01-11 15:34:07.316529 INFO::Fitting model to feature number 806, Lawsonibacter sp022796195
2026-01-11 15:34:07.324192 INFO::Fitting model to feature number 807, MGYG000411569
2026-01-11 15:34:07.331572 INFO::Fitting model to feature number 808, MGYG000327081
2026-01-11 15:34:07.338832 INFO::Fitting model to feature number 809, Dysosmobacter sp009774015
2026-01-11 15:34:07.346801 INFO::Fitting model to feature number 810, Dysosmobacter sp910583785
2026-01-11 15:34:07.353981 INFO::Fitting model to feature number 811, Dysosmobacter sp910575815
2026-01-11 15:34:07.360996 INFO::Fitting model to feature number 812, Dysosmobacter sp910579365
2026-01-11 15:34:07.368617 INFO::Fitting model to feature number 813, Dysosmobacter sp910587705
2026-01-11 15:34:07.376624 INFO::Fitting model to feature number 814, Dysosmobacter sp910586735
2026-01-11 15:34:07.384387 INFO::Fitting model to feature number 815, Dysosmobacter sp910585385
2026-01-11 15:34:07.392986 INFO::Fitting model to feature number 816, Dysosmobacter sp022791875
2026-01-11 15:34:07.398426 INFO::Fitting model to feature number 817, Dysosmobacter sp910583695
2026-01-11 15:34:07.406224 INFO::Fitting model to feature number 818, Dysosmobacter sp000403435
2026-01-11 15:34:07.414565 INFO::Fitting model to feature number 819, Dysosmobacter sp022791135
2026-01-11 15:34:07.420167 INFO::Fitting model to feature number 820, Dysosmobacter sp910588175
2026-01-11 15:34:07.428482 INFO::Fitting model to feature number 821, Dysosmobacter sp022795445
2026-01-11 15:34:07.434849 INFO::Fitting model to feature number 822, Dysosmobacter sp910575505
2026-01-11 15:34:07.444305 INFO::Fitting model to feature number 823, Dysosmobacter sp009773995
2026-01-11 15:34:07.453021 INFO::Fitting model to feature number 824, Dysosmobacter sp022801815
2026-01-11 15:34:07.461356 INFO::Fitting model to feature number 825, Dysosmobacter sp910577405
2026-01-11 15:34:07.46919 INFO::Fitting model to feature number 826, Dysosmobacter sp910578935
2026-01-11 15:34:07.47749 INFO::Fitting model to feature number 827, Dysosmobacter sp910576865
2026-01-11 15:34:07.485233 INFO::Fitting model to feature number 828, MGYG000330291
2026-01-11 15:34:07.495037 INFO::Fitting model to feature number 829, MGYG000409008
2026-01-11 15:34:07.502611 INFO::Fitting model to feature number 830, Dysosmobacter sp910589315
2026-01-11 15:34:07.510792 INFO::Fitting model to feature number 831, Dysosmobacter sp910587525
2026-01-11 15:34:07.51847 INFO::Fitting model to feature number 832, Dysosmobacter sp910587875
2026-01-11 15:34:07.525507 INFO::Fitting model to feature number 833, Dysosmobacter sp910584995
2026-01-11 15:34:07.530809 INFO::Fitting model to feature number 834, Dysosmobacter sp910579435
2026-01-11 15:34:07.537538 INFO::Fitting model to feature number 835, MGYG000411389
2026-01-11 15:34:07.545562 INFO::Fitting model to feature number 836, MGYG000325877
2026-01-11 15:34:07.552614 INFO::Fitting model to feature number 837, Dysosmobacter sp910584075
2026-01-11 15:34:07.560065 INFO::Fitting model to feature number 838, Dysosmobacter sp910585245
2026-01-11 15:34:07.56536 INFO::Fitting model to feature number 839, MGYG000373829
2026-01-11 15:34:07.573503 INFO::Fitting model to feature number 840, Dysosmobacter sp910584465
2026-01-11 15:34:07.58075 INFO::Fitting model to feature number 841, MGYG000330443
2026-01-11 15:34:07.588983 INFO::Fitting model to feature number 842, MGYG000326793
2026-01-11 15:34:07.597434 INFO::Fitting model to feature number 843, Dysosmobacter sp910576845
2026-01-11 15:34:07.60263 INFO::Fitting model to feature number 844, MGYG000329180
2026-01-11 15:34:07.609561 INFO::Fitting model to feature number 845, Pelethomonas sp910578505
2026-01-11 15:34:07.617793 INFO::Fitting model to feature number 846, Pelethomonas sp910579965
2026-01-11 15:34:07.626222 INFO::Fitting model to feature number 847, Pelethomonas sp910579485
2026-01-11 15:34:07.63458 INFO::Fitting model to feature number 848, Pelethomonas sp910587785
2026-01-11 15:34:07.643303 INFO::Fitting model to feature number 849, Pelethomonas sp022800665
2026-01-11 15:34:07.651951 INFO::Fitting model to feature number 850, Pelethomonas sp009774055
2026-01-11 15:34:07.660676 INFO::Fitting model to feature number 851, Pelethomonas sp022804995
2026-01-11 15:34:07.669265 INFO::Fitting model to feature number 852, Pelethomonas sp014237695
2026-01-11 15:34:07.678041 INFO::Fitting model to feature number 853, Pelethomonas sp022795905
2026-01-11 15:34:07.687332 INFO::Fitting model to feature number 854, MGYG000326866
2026-01-11 15:34:07.696538 INFO::Fitting model to feature number 855, Pelethomonas sp910583885
2026-01-11 15:34:07.705683 INFO::Fitting model to feature number 856, Pelethomonas sp910588365
2026-01-11 15:34:07.714939 INFO::Fitting model to feature number 857, MGYG000410776
2026-01-11 15:34:07.724051 INFO::Fitting model to feature number 858, Pelethomonas sp910587645
2026-01-11 15:34:07.733223 INFO::Fitting model to feature number 859, Pelethomonas sp022800525
2026-01-11 15:34:07.739624 INFO::Fitting model to feature number 860, Pelethomonas sp910588045
2026-01-11 15:34:07.74685 INFO::Fitting model to feature number 861, MGYG000325557
2026-01-11 15:34:07.752642 INFO::Fitting model to feature number 862, Pelethomonas sp910579725
2026-01-11 15:34:07.760067 INFO::Fitting model to feature number 863, Pelethomonas sp910577915
2026-01-11 15:34:07.766476 INFO::Fitting model to feature number 864, Pelethomonas sp910587505
2026-01-11 15:34:07.771913 INFO::Fitting model to feature number 865, MGYG000325617
2026-01-11 15:34:07.778418 INFO::Fitting model to feature number 866, Evtepia sp910584805
2026-01-11 15:34:07.784165 INFO::Fitting model to feature number 867, Evtepia sp022792035
2026-01-11 15:34:07.792322 INFO::Fitting model to feature number 868, Evtepia sp910578575
2026-01-11 15:34:07.802588 INFO::Fitting model to feature number 869, Marseille-P3106 sp022799035
2026-01-11 15:34:07.811827 INFO::Fitting model to feature number 870, Marseille-P3106 sp910587345
2026-01-11 15:34:07.820808 INFO::Fitting model to feature number 871, Marseille-P3106 sp910588975
2026-01-11 15:34:07.829829 INFO::Fitting model to feature number 872, MGYG000410458
2026-01-11 15:34:07.838874 INFO::Fitting model to feature number 873, Marseille-P3106 sp910585735
2026-01-11 15:34:07.847997 INFO::Fitting model to feature number 874, Marseille-P3106 sp022792495
2026-01-11 15:34:07.856443 INFO::Fitting model to feature number 875, Marseille-P3106 sp022794215
2026-01-11 15:34:07.864796 INFO::Fitting model to feature number 876, Marseille-P3106 sp022800215
2026-01-11 15:34:07.870175 INFO::Fitting model to feature number 877, MGYG000326975
2026-01-11 15:34:07.876653 INFO::Fitting model to feature number 878, NSJ-51 sp910585415
2026-01-11 15:34:07.882322 INFO::Fitting model to feature number 879, MGYG000326314
2026-01-11 15:34:07.887772 INFO::Fitting model to feature number 880, MGYG000325278
2026-01-11 15:34:07.894981 INFO::Fitting model to feature number 881, CAJFPI01 sp022801715
2026-01-11 15:34:07.900538 INFO::Fitting model to feature number 882, MGYG000327336
2026-01-11 15:34:07.906872 INFO::Fitting model to feature number 883, MGYG000328896
2026-01-11 15:34:07.912916 INFO::Fitting model to feature number 884, MGYG000329428
2026-01-11 15:34:07.919204 INFO::Fitting model to feature number 885, MGYG000329835
2026-01-11 15:34:07.92668 INFO::Fitting model to feature number 886, MGYG000410456
2026-01-11 15:34:07.93236 INFO::Fitting model to feature number 887, CAKUEI01 sp022793685
2026-01-11 15:34:07.937808 INFO::Fitting model to feature number 888, Avoscillospira_A sp022792945
2026-01-11 15:34:07.944263 INFO::Fitting model to feature number 889, JAAWCD01 sp022793095
2026-01-11 15:34:07.950795 INFO::Fitting model to feature number 890, Acutalibacter sp910588935
2026-01-11 15:34:07.955776 INFO::Fitting model to feature number 891, Acutalibacter sp009936035
2026-01-11 15:34:07.961464 INFO::Fitting model to feature number 892, Acutalibacter sp910589395
2026-01-11 15:34:07.966313 INFO::Fitting model to feature number 893, Acutalibacter sp910574935
2026-01-11 15:34:07.971192 INFO::Fitting model to feature number 894, Acutalibacter sp009917445
2026-01-11 15:34:07.980947 INFO::Fitting model to feature number 895, Acutalibacter muris
2026-01-11 15:34:07.989508 INFO::Fitting model to feature number 896, Acutalibacter sp910587835
2026-01-11 15:34:07.996262 INFO::Fitting model to feature number 897, MGYG000406378
2026-01-11 15:34:08.001234 INFO::Fitting model to feature number 898, Acutalibacter sp009917525
2026-01-11 15:34:08.007326 INFO::Fitting model to feature number 899, MGYG000328916
2026-01-11 15:34:08.012438 INFO::Fitting model to feature number 900, Acutalibacter sp910574995
2026-01-11 15:34:08.017403 INFO::Fitting model to feature number 901, Acutalibacter sp910580045
2026-01-11 15:34:08.02249 INFO::Fitting model to feature number 902, Acutalibacter sp003612555
2026-01-11 15:34:08.029278 INFO::Fitting model to feature number 903, Acutalibacter sp910587995
2026-01-11 15:34:08.034198 INFO::Fitting model to feature number 904, Acutalibacter sp910588415
2026-01-11 15:34:08.038805 INFO::Fitting model to feature number 905, Acutalibacter sp910584745
2026-01-11 15:34:08.044332 INFO::Fitting model to feature number 906, MGYG000330157
2026-01-11 15:34:08.053835 INFO::Fitting model to feature number 907, MGYG000331301
2026-01-11 15:34:08.084213 INFO::Fitting model to feature number 908, MGYG000410931
2026-01-11 15:34:08.094012 INFO::Fitting model to feature number 909, MGYG000328573
2026-01-11 15:34:08.103799 INFO::Fitting model to feature number 910, Acutalibacter stercorigallinarum
2026-01-11 15:34:08.112612 INFO::Fitting model to feature number 911, Eubacterium_R sp011958665
2026-01-11 15:34:08.120579 INFO::Fitting model to feature number 912, MGYG000337810
2026-01-11 15:34:08.128647 INFO::Fitting model to feature number 913, MGYG000379997
2026-01-11 15:34:08.136197 INFO::Fitting model to feature number 914, MGYG000351739
2026-01-11 15:34:08.144049 INFO::Fitting model to feature number 915, MGYG000410251
2026-01-11 15:34:08.151743 INFO::Fitting model to feature number 916, MGYG000373138
2026-01-11 15:34:08.159476 INFO::Fitting model to feature number 917, MGYG000327182
2026-01-11 15:34:08.166069 INFO::Fitting model to feature number 918, Ruthenibacterium sp013316265
2026-01-11 15:34:08.173909 INFO::Fitting model to feature number 919, Ruminococcus sp910584195
2026-01-11 15:34:08.181551 INFO::Fitting model to feature number 920, Angelakisella sp910585525
2026-01-11 15:34:08.189552 INFO::Fitting model to feature number 921, Angelakisella sp022795575
2026-01-11 15:34:08.198929 INFO::Fitting model to feature number 922, Angelakisella sp910585535
2026-01-11 15:34:08.207275 INFO::Fitting model to feature number 923, Angelakisella sp013316495
2026-01-11 15:34:08.214441 INFO::Fitting model to feature number 924, Ruminiclostridium_E sp910588335
2026-01-11 15:34:08.220333 INFO::Fitting model to feature number 925, MGYG000410125
2026-01-11 15:34:08.227503 INFO::Fitting model to feature number 926, Ruminiclostridium_E sp910585505
2026-01-11 15:34:08.234989 INFO::Fitting model to feature number 927, UBA1405 sp022800935
2026-01-11 15:34:08.242521 INFO::Fitting model to feature number 928, MGYG000331296
2026-01-11 15:34:08.248084 INFO::Fitting model to feature number 929, MGYG000410015
2026-01-11 15:34:08.254008 INFO::Fitting model to feature number 930, UBA1394 sp910588145
2026-01-11 15:34:08.260757 INFO::Fitting model to feature number 931, Anaerotruncus sp000403395
2026-01-11 15:34:08.267875 INFO::Fitting model to feature number 932, Anaerotruncus sp003612625
2026-01-11 15:34:08.273282 INFO::Fitting model to feature number 933, Anaerotruncus colihominis_A
2026-01-11 15:34:08.279351 INFO::Fitting model to feature number 934, Anaerotruncus sp910586875
2026-01-11 15:34:08.285528 INFO::Fitting model to feature number 935, MGYG000410574
2026-01-11 15:34:08.292362 INFO::Fitting model to feature number 936, UBA3818 sp910583935
2026-01-11 15:34:08.295227 WARNING::Fitting problem for feature 936 returning NA
2026-01-11 15:34:08.298554 INFO::Fitting model to feature number 937, JAAVYW01 sp022791315
2026-01-11 15:34:08.305804 INFO::Fitting model to feature number 938, Faecivivens sp022793675
2026-01-11 15:34:08.314147 INFO::Fitting model to feature number 939, RGIG8773 sp910584715
2026-01-11 15:34:08.322691 INFO::Fitting model to feature number 940, QXXE01 sp009911355
2026-01-11 15:34:08.330256 INFO::Fitting model to feature number 941, QXXE01 sp910586575
2026-01-11 15:34:08.339207 INFO::Fitting model to feature number 942, MGYG000327912
2026-01-11 15:34:08.34831 INFO::Fitting model to feature number 943, Butyricicoccus sp910584935
2026-01-11 15:34:08.357394 INFO::Fitting model to feature number 944, Pseudobutyricicoccus sp910579575
2026-01-11 15:34:08.363955 INFO::Fitting model to feature number 945, MGYG000349368
2026-01-11 15:34:08.372622 INFO::Fitting model to feature number 946, Avispirillum sp011957885
2026-01-11 15:34:08.383816 INFO::Fitting model to feature number 947, MGYG000401352
2026-01-11 15:34:08.39251 INFO::Fitting model to feature number 948, Zhenpiania sp009911365
2026-01-11 15:34:08.401445 INFO::Fitting model to feature number 949, Zhenpiania sp910575405
2026-01-11 15:34:08.410047 INFO::Fitting model to feature number 950, Emergencia sp009936045
2026-01-11 15:34:08.416498 INFO::Fitting model to feature number 951, JAAVYD01 sp022790955
2026-01-11 15:34:08.424063 INFO::Fitting model to feature number 952, Fimisoma sp910588185
2026-01-11 15:34:08.431572 INFO::Fitting model to feature number 953, MGYG000410140
2026-01-11 15:34:08.439574 INFO::Fitting model to feature number 954, MGYG000323026
2026-01-11 15:34:08.445922 INFO::Fitting model to feature number 955, Coproplasma sp910579525
2026-01-11 15:34:08.453258 INFO::Fitting model to feature number 956, Coproplasma sp003979335
2026-01-11 15:34:08.461008 INFO::Fitting model to feature number 957, Coproplasma sp013316055
2026-01-11 15:34:08.466804 INFO::Fitting model to feature number 958, Coproplasma sp910577375
2026-01-11 15:34:08.472675 INFO::Fitting model to feature number 959, Coproplasma sp910586065
2026-01-11 15:34:08.47991 INFO::Fitting model to feature number 960, MGYG000328913
2026-01-11 15:34:08.487414 INFO::Fitting model to feature number 961, Coproplasma stercorigallinarum
2026-01-11 15:34:08.496168 INFO::Fitting model to feature number 962, MGBC120929 sp910583735
2026-01-11 15:34:08.503957 INFO::Fitting model to feature number 963, RACS-045 sp910579785
2026-01-11 15:34:08.511146 INFO::Fitting model to feature number 964, QANA01 sp910588425
2026-01-11 15:34:08.517144 INFO::Fitting model to feature number 965, MGYG000324257
2026-01-11 15:34:08.522862 INFO::Fitting model to feature number 966, HGM11386 sp022791055
2026-01-11 15:34:08.528909 INFO::Fitting model to feature number 967, RACS-047 sp013316045
2026-01-11 15:34:08.531579 WARNING::Fitting problem for feature 967 returning NA
2026-01-11 15:34:08.533794 INFO::Fitting model to feature number 968, CAG-475 sp910577815
2026-01-11 15:34:08.538913 INFO::Fitting model to feature number 969, MGYG000328446
2026-01-11 15:34:08.542178 WARNING::Fitting problem for feature 969 returning NA
2026-01-11 15:34:08.544353 INFO::Fitting model to feature number 970, Caccovivens sp910587225
2026-01-11 15:34:08.549665 INFO::Fitting model to feature number 971, CAG-41 sp910578235
2026-01-11 15:34:08.552667 WARNING::Fitting problem for feature 971 returning NA
2026-01-11 15:34:08.555021 INFO::Fitting model to feature number 972, MGYG000410260
2026-01-11 15:34:08.561255 INFO::Fitting model to feature number 973, MGYG000335786
2026-01-11 15:34:08.566824 INFO::Fitting model to feature number 974, MGYG000349464
2026-01-11 15:34:08.57237 INFO::Fitting model to feature number 975, CAG-269 sp022792395
2026-01-11 15:34:08.578678 INFO::Fitting model to feature number 976, MGYG000328872
2026-01-11 15:34:08.582308 WARNING::Fitting problem for feature 976 returning NA
2026-01-11 15:34:08.585229 INFO::Fitting model to feature number 977, MGYG000327552
2026-01-11 15:34:08.592469 INFO::Fitting model to feature number 978, RGIG8482 sp022796855
2026-01-11 15:34:08.599367 INFO::Fitting model to feature number 979, JAAWPK01 sp022791735
2026-01-11 15:34:08.604852 INFO::Fitting model to feature number 980, MGYG000375192
2026-01-11 15:34:08.610747 INFO::Fitting model to feature number 981, MGYG000323824
2026-01-11 15:34:08.613709 WARNING::Fitting problem for feature 981 returning NA
2026-01-11 15:34:08.616098 INFO::Fitting model to feature number 982, Akkermansia muciniphila_B
2026-01-11 15:34:08.621688 INFO::Fitting model to feature number 983, Akkermansia sp001580195
2026-01-11 15:34:08.629025 INFO::Fitting model to feature number 984, Parasutterella sp009767915
2026-01-11 15:34:08.636901 INFO::Fitting model to feature number 985, Turicimonas muris
2026-01-11 15:34:08.645367 INFO::Fitting model to feature number 986, MGYG000326933
2026-01-11 15:34:08.653284 INFO::Fitting model to feature number 987, Enterobacter hormaechei_A
2026-01-11 15:34:08.660772 INFO::Fitting model to feature number 988, Methylobacterium persicinum
2026-01-11 15:34:08.668173 INFO::Fitting model to feature number 989, MGYG000329730
2026-01-11 15:34:08.675513 INFO::Fitting model to feature number 990, MGYG000360301
2026-01-11 15:34:08.682525 INFO::Fitting model to feature number 991, Enterousia sp013316395
2026-01-11 15:34:08.689882 INFO::Fitting model to feature number 992, MGYG000410936
2026-01-11 15:34:08.698891 INFO::Fitting model to feature number 993, Scatocola sp910577205
2026-01-11 15:34:08.706685 INFO::Fitting model to feature number 994, MGYG000327352
2026-01-11 15:34:08.714998 INFO::Fitting model to feature number 995, MGBC118957 sp910584385
2026-01-11 15:34:08.723054 INFO::Fitting model to feature number 996, MGYG000391024
2026-01-11 15:34:08.731021 INFO::Fitting model to feature number 997, MGYG000323059
2026-01-11 15:34:08.738667 INFO::Fitting model to feature number 998, MGYG000328709
2026-01-11 15:34:08.746449 INFO::Fitting model to feature number 999, MGYG000411523
2026-01-11 15:34:08.752607 INFO::Fitting model to feature number 1000, MGYG000331169
2026-01-11 15:34:08.759003 INFO::Fitting model to feature number 1001, Nanosyncoccus sp003979185
2026-01-11 15:34:08.766115 INFO::Fitting model to feature number 1002, MGYG000344322
2026-01-11 15:34:08.771657 INFO::Fitting model to feature number 1003, Nanosyncoccus sp013316435
2026-01-11 15:34:08.779547 INFO::Fitting model to feature number 1004, MGYG000348936
2026-01-11 15:34:08.786697 INFO::Fitting model to feature number 1005, MGYG000341210
2026-01-11 15:34:08.794615 INFO::Fitting model to feature number 1006, MGYG000331839
2026-01-11 15:34:08.802896 INFO::Fitting model to feature number 1007, MGYG000328091
2026-01-11 15:34:08.811462 INFO::Fitting model to feature number 1008, Avidehalobacter sp022797295
2026-01-11 15:34:08.820212 INFO::Fitting model to feature number 1009, Avidehalobacter sp021771915
2026-01-11 15:34:08.82968 INFO::Fitting model to feature number 1010, MGYG000410378
2026-01-11 15:34:08.837422 INFO::Fitting model to feature number 1011, MGYG000411020
2026-01-11 15:34:08.845224 INFO::Fitting model to feature number 1012, MGBC122484 sp910587245
2026-01-11 15:34:08.852181 INFO::Fitting model to feature number 1013, MGBC122484 sp910586855
2026-01-11 15:34:08.861634 INFO::Fitting model to feature number 1014, MGBC122484 sp910578465
2026-01-11 15:34:08.868186 INFO::Fitting model to feature number 1015, MGBC122484 sp910587815
2026-01-11 15:34:08.874631 INFO::Fitting model to feature number 1016, Megamonas funiformis
2026-01-11 15:34:08.880594 INFO::Fitting model to feature number 1017, MGYG000325548
2026-01-11 15:34:08.886075 INFO::Fitting model to feature number 1018, UBA1436 sp910576915
2026-01-11 15:34:08.892715 INFO::Fitting model to feature number 1019, MGYG000331077
2026-01-11 15:34:08.901259 INFO::Fitting model to feature number 1020, MGYG000324324
2026-01-11 15:34:08.907072 INFO::Fitting model to feature number 1021, MGYG000333766
2026-01-11 15:34:08.934639 INFO::Fitting model to feature number 1022, UBA3282 sp910578115
2026-01-11 15:34:08.940287 INFO::Fitting model to feature number 1023, Anaerostipes hominis
2026-01-11 15:34:08.944136 INFO::Fitting model to feature number 1024, Bacteroides thetaiotaomicron
2026-01-11 15:34:08.949471 INFO::Fitting model to feature number 1025, C-19 sp910576345
2026-01-11 15:34:08.954792 INFO::Fitting model to feature number 1026, MGYG000327462
2026-01-11 15:34:08.959913 INFO::Fitting model to feature number 1027, MGYG000410493
2026-01-11 15:34:08.962747 WARNING::Fitting problem for feature 1027 returning NA
2026-01-11 15:34:08.965134 INFO::Fitting model to feature number 1028, Allobaculum sp910579655
2026-01-11 15:34:08.970644 INFO::Fitting model to feature number 1029, MGBC163490 sp910588075
2026-01-11 15:34:08.977451 INFO::Fitting model to feature number 1030, Limosilactobacillus urinaemulieris
2026-01-11 15:34:08.982931 INFO::Fitting model to feature number 1031, Lactiplantibacillus plantarum
2026-01-11 15:34:08.988373 INFO::Fitting model to feature number 1032, Enterococcus_D gallinarum
2026-01-11 15:34:08.995975 INFO::Fitting model to feature number 1033, Lactococcus lactis
2026-01-11 15:34:09.001621 INFO::Fitting model to feature number 1034, Granulicatella adiacens
2026-01-11 15:34:09.007432 INFO::Fitting model to feature number 1035, Scybalousia sp910584255
2026-01-11 15:34:09.01364 INFO::Fitting model to feature number 1036, CAG-710 sp000432595
2026-01-11 15:34:09.019087 INFO::Fitting model to feature number 1037, MGYG000325543
2026-01-11 15:34:09.024997 INFO::Fitting model to feature number 1038, MGYG000326942
2026-01-11 15:34:09.029213 INFO::Fitting model to feature number 1039, Paratractidigestivibacter sp003150175
2026-01-11 15:34:09.034761 INFO::Fitting model to feature number 1040, Collinsella stercoris
2026-01-11 15:34:09.040249 INFO::Fitting model to feature number 1041, Collinsella sp900545445
2026-01-11 15:34:09.046545 INFO::Fitting model to feature number 1042, Collinsella sp002232035
2026-01-11 15:34:09.052232 INFO::Fitting model to feature number 1043, MGYG000330890
2026-01-11 15:34:09.057999 INFO::Fitting model to feature number 1044, Cutibacterium acnes
2026-01-11 15:34:09.063726 INFO::Fitting model to feature number 1045, MGYG000325467
2026-01-11 15:34:09.069747 INFO::Fitting model to feature number 1046, MGYG000325647
2026-01-11 15:34:09.07594 INFO::Fitting model to feature number 1047, MGYG000325468
2026-01-11 15:34:09.08166 INFO::Fitting model to feature number 1048, MGYG000325561
2026-01-11 15:34:09.087663 INFO::Fitting model to feature number 1049, CAG-873 sp014801485
2026-01-11 15:34:09.095195 INFO::Fitting model to feature number 1050, MGYG000325408
2026-01-11 15:34:09.102175 INFO::Fitting model to feature number 1051, CAG-873 sp910579605
2026-01-11 15:34:09.109692 INFO::Fitting model to feature number 1052, CAG-485 sp014802175
2026-01-11 15:34:09.115216 INFO::Fitting model to feature number 1053, CAG-485 sp014801875
2026-01-11 15:34:09.120802 INFO::Fitting model to feature number 1054, CAG-485 sp014803765
2026-01-11 15:34:09.126996 INFO::Fitting model to feature number 1055, MGYG000325797
2026-01-11 15:34:09.134065 INFO::Fitting model to feature number 1056, MGYG000325348
2026-01-11 15:34:09.141922 INFO::Fitting model to feature number 1057, MGYG000325391
2026-01-11 15:34:09.149583 INFO::Fitting model to feature number 1058, MGYG000325606
2026-01-11 15:34:09.157801 INFO::Fitting model to feature number 1059, MGYG000325480
2026-01-11 15:34:09.165879 INFO::Fitting model to feature number 1060, CAG-485 sp014800535
2026-01-11 15:34:09.173337 INFO::Fitting model to feature number 1061, CAG-485 sp014801585
2026-01-11 15:34:09.181204 INFO::Fitting model to feature number 1062, MGYG000325583
2026-01-11 15:34:09.188018 INFO::Fitting model to feature number 1063, MGYG000325430
2026-01-11 15:34:09.196582 INFO::Fitting model to feature number 1064, MGYG000325719
2026-01-11 15:34:09.205304 INFO::Fitting model to feature number 1065, MGYG000325338
2026-01-11 15:34:09.214136 INFO::Fitting model to feature number 1066, MGYG000325306
2026-01-11 15:34:09.223236 INFO::Fitting model to feature number 1067, MGYG000325603
2026-01-11 15:34:09.232177 INFO::Fitting model to feature number 1068, UBA3263 sp014802435
2026-01-11 15:34:09.240271 INFO::Fitting model to feature number 1069, MGYG000325316
2026-01-11 15:34:09.248547 INFO::Fitting model to feature number 1070, MGYG000325659
2026-01-11 15:34:09.257262 INFO::Fitting model to feature number 1071, MGYG000325628
2026-01-11 15:34:09.265372 INFO::Fitting model to feature number 1072, MGYG000325657
2026-01-11 15:34:09.272935 INFO::Fitting model to feature number 1073, MGYG000325523
2026-01-11 15:34:09.280212 INFO::Fitting model to feature number 1074, MGYG000325354
2026-01-11 15:34:09.287126 INFO::Fitting model to feature number 1075, MGYG000325392
2026-01-11 15:34:09.294266 INFO::Fitting model to feature number 1076, JAAVFS01 sp014802385
2026-01-11 15:34:09.300239 INFO::Fitting model to feature number 1077, MGYG000327349
2026-01-11 15:34:09.30602 INFO::Fitting model to feature number 1078, Parabacteroides johnsonii
2026-01-11 15:34:09.313377 INFO::Fitting model to feature number 1079, Parabacteroides sp910577325
2026-01-11 15:34:09.320322 INFO::Fitting model to feature number 1080, Bacteroides faecis
2026-01-11 15:34:09.327601 INFO::Fitting model to feature number 1081, Bacteroides bouchesdurhonensis
2026-01-11 15:34:09.334538 INFO::Fitting model to feature number 1082, Bacteroides ovatus
2026-01-11 15:34:09.343715 INFO::Fitting model to feature number 1083, Bacteroides caccae
2026-01-11 15:34:09.352231 INFO::Fitting model to feature number 1084, MGYG000325504
2026-01-11 15:34:09.361079 INFO::Fitting model to feature number 1085, Bacteroides salyersiae
2026-01-11 15:34:09.369582 INFO::Fitting model to feature number 1086, Bacteroides stercorirosoris
2026-01-11 15:34:09.376089 INFO::Fitting model to feature number 1087, MGYG000325502
2026-01-11 15:34:09.384464 INFO::Fitting model to feature number 1088, Prevotella pectinovora
2026-01-11 15:34:09.393267 INFO::Fitting model to feature number 1089, Prevotella sp000436915
2026-01-11 15:34:09.401135 INFO::Fitting model to feature number 1090, MGYG000325596
2026-01-11 15:34:09.409333 INFO::Fitting model to feature number 1091, Tidjanibacter sp910577285
2026-01-11 15:34:09.417385 INFO::Fitting model to feature number 1092, Odoribacter sp910588375
2026-01-11 15:34:09.425674 INFO::Fitting model to feature number 1093, Odoribacter sp910578985
2026-01-11 15:34:09.433993 INFO::Fitting model to feature number 1094, Odoribacter sp009935865
2026-01-11 15:34:09.440233 INFO::Fitting model to feature number 1095, Cryptobacteroides sp000431015
2026-01-11 15:34:09.448967 INFO::Fitting model to feature number 1096, MGYG000325795
2026-01-11 15:34:09.453557 INFO::Fitting model to feature number 1097, MGYG000326972
2026-01-11 15:34:09.458583 INFO::Fitting model to feature number 1098, Pullibacteroides sp910578275
2026-01-11 15:34:09.466964 INFO::Fitting model to feature number 1099, MGYG000376875
2026-01-11 15:34:09.473211 INFO::Fitting model to feature number 1100, MGYG000410984
2026-01-11 15:34:09.481339 INFO::Fitting model to feature number 1101, MGYG000329711
2026-01-11 15:34:09.487806 INFO::Fitting model to feature number 1102, Sporofaciens sp910584575
2026-01-11 15:34:09.49705 INFO::Fitting model to feature number 1103, Sporofaciens sp011960625
2026-01-11 15:34:09.505262 INFO::Fitting model to feature number 1104, MD308 sp910579335
2026-01-11 15:34:09.514393 INFO::Fitting model to feature number 1105, 14-2 sp910585625
2026-01-11 15:34:09.522049 INFO::Fitting model to feature number 1106, 14-2 sp910585895
2026-01-11 15:34:09.528758 INFO::Fitting model to feature number 1107, 14-2 sp004793545
2026-01-11 15:34:09.535185 INFO::Fitting model to feature number 1108, 14-2 sp910580195
2026-01-11 15:34:09.54207 INFO::Fitting model to feature number 1109, 14-2 sp910580015
2026-01-11 15:34:09.548373 INFO::Fitting model to feature number 1110, 14-2 sp910585395
2026-01-11 15:34:09.552378 INFO::Fitting model to feature number 1111, 14-2 sp910587895
2026-01-11 15:34:09.558031 INFO::Fitting model to feature number 1112, MGYG000327388
2026-01-11 15:34:09.561277 INFO::Fitting model to feature number 1113, MGYG000410811
2026-01-11 15:34:09.566353 INFO::Fitting model to feature number 1114, MGYG000352925
2026-01-11 15:34:09.571702 INFO::Fitting model to feature number 1115, MGYG000331207
2026-01-11 15:34:09.577781 INFO::Fitting model to feature number 1116, MGYG000328397
2026-01-11 15:34:09.583426 INFO::Fitting model to feature number 1117, 14-2 sp910588965
2026-01-11 15:34:09.58875 INFO::Fitting model to feature number 1118, 14-2 sp910586005
2026-01-11 15:34:09.594184 INFO::Fitting model to feature number 1119, 14-2 sp022790855
2026-01-11 15:34:09.596648 WARNING::Fitting problem for feature 1119 returning NA
2026-01-11 15:34:09.59867 INFO::Fitting model to feature number 1120, Ventrimonas sp910588875
2026-01-11 15:34:09.603238 INFO::Fitting model to feature number 1121, Ventrimonas sp910586205
2026-01-11 15:34:09.60814 INFO::Fitting model to feature number 1122, Ventrimonas sp910588125
2026-01-11 15:34:09.613385 INFO::Fitting model to feature number 1123, MGYG000329105
2026-01-11 15:34:09.618109 INFO::Fitting model to feature number 1124, Ventrimonas sp022794255
2026-01-11 15:34:09.621086 INFO::Fitting model to feature number 1125, MGYG000432287
2026-01-11 15:34:09.627254 INFO::Fitting model to feature number 1126, Ventrimonas sp910584845
2026-01-11 15:34:09.632038 INFO::Fitting model to feature number 1127, UBA3282 sp910587715
2026-01-11 15:34:09.63701 INFO::Fitting model to feature number 1128, MGYG000411593
2026-01-11 15:34:09.642941 INFO::Fitting model to feature number 1129, MGYG000323128
2026-01-11 15:34:09.64822 INFO::Fitting model to feature number 1130, UBA3282 sp910578645
2026-01-11 15:34:09.654819 INFO::Fitting model to feature number 1131, UBA3282 sp910579735
2026-01-11 15:34:09.661025 INFO::Fitting model to feature number 1132, MGYG000325815
2026-01-11 15:34:09.666779 INFO::Fitting model to feature number 1133, UBA3282 sp910579395
2026-01-11 15:34:09.672488 INFO::Fitting model to feature number 1134, UBA3282 sp009774575
2026-01-11 15:34:09.678329 INFO::Fitting model to feature number 1135, MGYG000329420
2026-01-11 15:34:09.683377 INFO::Fitting model to feature number 1136, MGYG000323012
2026-01-11 15:34:09.689641 INFO::Fitting model to feature number 1137, MGYG000325709
2026-01-11 15:34:09.718259 INFO::Fitting model to feature number 1138, MGYG000325198
2026-01-11 15:34:09.722913 INFO::Fitting model to feature number 1139, UBA3282 sp910578845
2026-01-11 15:34:09.72991 INFO::Fitting model to feature number 1140, MGYG000325513
2026-01-11 15:34:09.734788 INFO::Fitting model to feature number 1141, UBA3282 sp910588955
2026-01-11 15:34:09.740945 INFO::Fitting model to feature number 1142, MGYG000325450
2026-01-11 15:34:09.74933 INFO::Fitting model to feature number 1143, MGYG000325999
2026-01-11 15:34:09.757172 INFO::Fitting model to feature number 1144, MGYG000411525
2026-01-11 15:34:09.765438 INFO::Fitting model to feature number 1145, MGYG000325558
2026-01-11 15:34:09.771919 INFO::Fitting model to feature number 1146, MGYG000322990
2026-01-11 15:34:09.780143 INFO::Fitting model to feature number 1147, MGYG000330673
2026-01-11 15:34:09.783847 WARNING::Fitting problem for feature 1147 returning NA
2026-01-11 15:34:09.7868 INFO::Fitting model to feature number 1148, MGYG000368565
2026-01-11 15:34:09.794314 INFO::Fitting model to feature number 1149, UBA7109 sp910580235
2026-01-11 15:34:09.798627 INFO::Fitting model to feature number 1150, MGYG000324764
2026-01-11 15:34:09.802339 INFO::Fitting model to feature number 1151, MGYG000324065
2026-01-11 15:34:09.807893 INFO::Fitting model to feature number 1152, Roseburia sp910577925
2026-01-11 15:34:09.814413 INFO::Fitting model to feature number 1153, Roseburia intestinalis
2026-01-11 15:34:09.819368 INFO::Fitting model to feature number 1154, MGYG000328589
2026-01-11 15:34:09.826087 INFO::Fitting model to feature number 1155, MGYG000393816
2026-01-11 15:34:09.834945 INFO::Fitting model to feature number 1156, Butyribacter sp910579085
2026-01-11 15:34:09.842533 INFO::Fitting model to feature number 1157, MGYG000329302
2026-01-11 15:34:09.85067 INFO::Fitting model to feature number 1158, MGYG000348373
2026-01-11 15:34:09.856853 INFO::Fitting model to feature number 1159, MGYG000325401
2026-01-11 15:34:09.860951 WARNING::Fitting problem for feature 1159 returning NA
2026-01-11 15:34:09.864122 INFO::Fitting model to feature number 1160, Butyribacter sp910586555
2026-01-11 15:34:09.867213 WARNING::Fitting problem for feature 1160 returning NA
2026-01-11 15:34:09.869563 INFO::Fitting model to feature number 1161, Butyribacter sp910586605
2026-01-11 15:34:09.875252 INFO::Fitting model to feature number 1162, 1XD8-76 sp003611955
2026-01-11 15:34:09.881833 INFO::Fitting model to feature number 1163, 1XD8-76 sp910584915
2026-01-11 15:34:09.890133 INFO::Fitting model to feature number 1164, 1XD8-76 sp022799355
2026-01-11 15:34:09.898917 INFO::Fitting model to feature number 1165, Blautia coccoides
2026-01-11 15:34:09.902444 INFO::Fitting model to feature number 1166, Blautia hominis
2026-01-11 15:34:09.909621 INFO::Fitting model to feature number 1167, MGYG000330300
2026-01-11 15:34:09.915366 INFO::Fitting model to feature number 1168, Blautia sp001304935
2026-01-11 15:34:09.920172 INFO::Fitting model to feature number 1169, MGYG000411610
2026-01-11 15:34:09.9274 INFO::Fitting model to feature number 1170, Acetatifactor sp910578215
2026-01-11 15:34:09.934112 INFO::Fitting model to feature number 1171, MGYG000403847
2026-01-11 15:34:09.941653 INFO::Fitting model to feature number 1172, Acetatifactor sp910585665
2026-01-11 15:34:09.949208 INFO::Fitting model to feature number 1173, MGYG000410724
2026-01-11 15:34:09.955215 INFO::Fitting model to feature number 1174, MGYG000329148
2026-01-11 15:34:09.963078 INFO::Fitting model to feature number 1175, MGYG000331408
2026-01-11 15:34:09.970795 INFO::Fitting model to feature number 1176, MGYG000331279
2026-01-11 15:34:09.978646 INFO::Fitting model to feature number 1177, Acetatifactor sp910584375
2026-01-11 15:34:09.984954 INFO::Fitting model to feature number 1178, MGYG000345025
2026-01-11 15:34:09.990681 INFO::Fitting model to feature number 1179, Acetatifactor sp910586435
2026-01-11 15:34:09.997043 INFO::Fitting model to feature number 1180, MGYG000330154
2026-01-11 15:34:10.002681 INFO::Fitting model to feature number 1181, MGYG000327196
2026-01-11 15:34:10.009663 INFO::Fitting model to feature number 1182, Acetatifactor sp910586215
2026-01-11 15:34:10.015003 INFO::Fitting model to feature number 1183, Acetatifactor sp011959105
2026-01-11 15:34:10.02044 INFO::Fitting model to feature number 1184, Acetatifactor sp910586515
2026-01-11 15:34:10.026511 INFO::Fitting model to feature number 1185, MGYG000325688
2026-01-11 15:34:10.034476 INFO::Fitting model to feature number 1186, MGYG000325419
2026-01-11 15:34:10.042271 INFO::Fitting model to feature number 1187, Acetatifactor sp910585015
2026-01-11 15:34:10.05067 INFO::Fitting model to feature number 1188, Acetatifactor sp910577665
2026-01-11 15:34:10.058266 INFO::Fitting model to feature number 1189, MGYG000329799
2026-01-11 15:34:10.06532 INFO::Fitting model to feature number 1190, Acetatifactor sp910588225
2026-01-11 15:34:10.071002 INFO::Fitting model to feature number 1191, MGYG000410939
2026-01-11 15:34:10.078747 INFO::Fitting model to feature number 1192, MGYG000327533
2026-01-11 15:34:10.086154 INFO::Fitting model to feature number 1193, Acetatifactor sp022797535
2026-01-11 15:34:10.090808 INFO::Fitting model to feature number 1194, Acetatifactor sp022793065
2026-01-11 15:34:10.098675 INFO::Fitting model to feature number 1195, MGYG000329051
2026-01-11 15:34:10.105411 INFO::Fitting model to feature number 1196, MGYG000324774
2026-01-11 15:34:10.112132 INFO::Fitting model to feature number 1197, Lachnospira sp910587485
2026-01-11 15:34:10.115005 WARNING::Fitting problem for feature 1197 returning NA
2026-01-11 15:34:10.118147 INFO::Fitting model to feature number 1198, Anaerostipes caccae
2026-01-11 15:34:10.12871 INFO::Fitting model to feature number 1199, 1XD42-69 sp910585825
2026-01-11 15:34:10.137841 INFO::Fitting model to feature number 1200, 1XD42-69 sp910586725
2026-01-11 15:34:10.142525 WARNING::Fitting problem for feature 1200 returning NA
2026-01-11 15:34:10.14604 INFO::Fitting model to feature number 1201, MGYG000325395
2026-01-11 15:34:10.150767 INFO::Fitting model to feature number 1202, 1XD42-69 sp910586355
2026-01-11 15:34:10.154825 WARNING::Fitting problem for feature 1202 returning NA
2026-01-11 15:34:10.158292 INFO::Fitting model to feature number 1203, MGYG000330490
2026-01-11 15:34:10.162002 WARNING::Fitting problem for feature 1203 returning NA
2026-01-11 15:34:10.165292 INFO::Fitting model to feature number 1204, 1XD42-69 sp910589105
2026-01-11 15:34:10.169774 INFO::Fitting model to feature number 1205, MGYG000327486
2026-01-11 15:34:10.177406 INFO::Fitting model to feature number 1206, MGYG000331229
2026-01-11 15:34:10.184601 INFO::Fitting model to feature number 1207, UBA3402 sp910588505
2026-01-11 15:34:10.191435 INFO::Fitting model to feature number 1208, UBA3402 sp022792815
2026-01-11 15:34:10.200754 INFO::Fitting model to feature number 1209, UBA3402 sp910579515
2026-01-11 15:34:10.207046 INFO::Fitting model to feature number 1210, MGYG000410806
2026-01-11 15:34:10.214141 INFO::Fitting model to feature number 1211, MGYG000324300
2026-01-11 15:34:10.221175 INFO::Fitting model to feature number 1212, MGYG000324807
2026-01-11 15:34:10.228098 INFO::Fitting model to feature number 1213, MGYG000327237
2026-01-11 15:34:10.233582 INFO::Fitting model to feature number 1214, MGYG000327181
2026-01-11 15:34:10.241615 INFO::Fitting model to feature number 1215, CAG-95 sp910577445
2026-01-11 15:34:10.249523 INFO::Fitting model to feature number 1216, CAG-95 sp002492465
2026-01-11 15:34:10.256571 INFO::Fitting model to feature number 1217, CAG-95 sp910587305
2026-01-11 15:34:10.264205 INFO::Fitting model to feature number 1218, CAG-95 sp910587295
2026-01-11 15:34:10.271155 INFO::Fitting model to feature number 1219, MGYG000410955
2026-01-11 15:34:10.277076 INFO::Fitting model to feature number 1220, MGYG000325519
2026-01-11 15:34:10.282065 INFO::Fitting model to feature number 1221, MGYG000325286
2026-01-11 15:34:10.287115 INFO::Fitting model to feature number 1222, CAG-95 sp000403495
2026-01-11 15:34:10.293105 INFO::Fitting model to feature number 1223, CAG-95 sp014804245
2026-01-11 15:34:10.298471 INFO::Fitting model to feature number 1224, MGYG000324752
2026-01-11 15:34:10.301863 INFO::Fitting model to feature number 1225, MGYG000330445
2026-01-11 15:34:10.307197 INFO::Fitting model to feature number 1226, COE1 sp014239155
2026-01-11 15:34:10.315137 INFO::Fitting model to feature number 1227, MGYG000325661
2026-01-11 15:34:10.322356 INFO::Fitting model to feature number 1228, COE1 sp011959805
2026-01-11 15:34:10.329937 INFO::Fitting model to feature number 1229, COE1 sp009774245
2026-01-11 15:34:10.337206 INFO::Fitting model to feature number 1230, MGYG000325434
2026-01-11 15:34:10.344233 INFO::Fitting model to feature number 1231, COE1 sp910577115
2026-01-11 15:34:10.352961 INFO::Fitting model to feature number 1232, COE1 sp000403215
2026-01-11 15:34:10.359056 INFO::Fitting model to feature number 1233, COE1 sp910588595
2026-01-11 15:34:10.36753 INFO::Fitting model to feature number 1234, COE1 sp910586095
2026-01-11 15:34:10.372852 INFO::Fitting model to feature number 1235, MGYG000325380
2026-01-11 15:34:10.381375 INFO::Fitting model to feature number 1236, MGYG000328561
2026-01-11 15:34:10.388018 INFO::Fitting model to feature number 1237, COE1 sp910578795
2026-01-11 15:34:10.390928 WARNING::Fitting problem for feature 1237 returning NA
2026-01-11 15:34:10.39443 INFO::Fitting model to feature number 1238, COE1 sp003513705
2026-01-11 15:34:10.402548 INFO::Fitting model to feature number 1239, Eubacterium_F sp910577295
2026-01-11 15:34:10.410857 INFO::Fitting model to feature number 1240, Eubacterium_F sp910584065
2026-01-11 15:34:10.41741 INFO::Fitting model to feature number 1241, Eubacterium_F sp910584245
2026-01-11 15:34:10.42627 INFO::Fitting model to feature number 1242, Eubacterium_F sp910589665
2026-01-11 15:34:10.429809 WARNING::Fitting problem for feature 1242 returning NA
2026-01-11 15:34:10.433105 INFO::Fitting model to feature number 1243, Eubacterium_F sp910584645
2026-01-11 15:34:10.441709 INFO::Fitting model to feature number 1244, MGYG000327551
2026-01-11 15:34:10.449509 INFO::Fitting model to feature number 1245, VSOB01 sp910585345
2026-01-11 15:34:10.457412 INFO::Fitting model to feature number 1246, VSOB01 sp910589075
2026-01-11 15:34:10.465182 INFO::Fitting model to feature number 1247, Merdisoma sp910587955
2026-01-11 15:34:10.470832 INFO::Fitting model to feature number 1248, MGYG000331110
2026-01-11 15:34:10.477065 INFO::Fitting model to feature number 1249, Eubacterium_J plexicaudatum
2026-01-11 15:34:10.482752 INFO::Fitting model to feature number 1250, Eubacterium_J sp910586445
2026-01-11 15:34:10.488338 INFO::Fitting model to feature number 1251, Eubacterium_J sp910577225
2026-01-11 15:34:10.495091 INFO::Fitting model to feature number 1252, Eubacterium_J sp009774535
2026-01-11 15:34:10.498567 INFO::Fitting model to feature number 1253, Eubacterium_J sp910586225
2026-01-11 15:34:10.50461 INFO::Fitting model to feature number 1254, Eubacterium_J sp910584345
2026-01-11 15:34:10.510809 INFO::Fitting model to feature number 1255, MGYG000327547
2026-01-11 15:34:10.516233 INFO::Fitting model to feature number 1256, MGYG000325711
2026-01-11 15:34:10.539866 WARNING::Fitting problem for feature 1256 returning NA
2026-01-11 15:34:10.546512 INFO::Fitting model to feature number 1257, MGYG000324920
2026-01-11 15:34:10.554816 INFO::Fitting model to feature number 1258, Eubacterium_J sp910586045
2026-01-11 15:34:10.56292 INFO::Fitting model to feature number 1259, MGYG000331263
2026-01-11 15:34:10.568831 INFO::Fitting model to feature number 1260, Kineothrix sp910579645
2026-01-11 15:34:10.575674 INFO::Fitting model to feature number 1261, Kineothrix sp023399455
2026-01-11 15:34:10.583923 INFO::Fitting model to feature number 1262, Kineothrix sp910578405
2026-01-11 15:34:10.589849 INFO::Fitting model to feature number 1263, MGBC164599 sp910584115
2026-01-11 15:34:10.597102 INFO::Fitting model to feature number 1264, MGYG000330773
2026-01-11 15:34:10.602975 INFO::Fitting model to feature number 1265, MGYG000323038
2026-01-11 15:34:10.606261 INFO::Fitting model to feature number 1266, Caccovicinus sp910589195
2026-01-11 15:34:10.61346 INFO::Fitting model to feature number 1267, Copromonas sp910585355
2026-01-11 15:34:10.61898 INFO::Fitting model to feature number 1268, MGYG000329350
2026-01-11 15:34:10.626251 INFO::Fitting model to feature number 1269, Copromonas sp900066535
2026-01-11 15:34:10.62943 INFO::Fitting model to feature number 1270, MGYG000346909
2026-01-11 15:34:10.636267 INFO::Fitting model to feature number 1271, Eisenbergiella porci
2026-01-11 15:34:10.641621 INFO::Fitting model to feature number 1272, MGYG000379181
2026-01-11 15:34:10.648618 INFO::Fitting model to feature number 1273, CAG-510 sp910578335
2026-01-11 15:34:10.653864 INFO::Fitting model to feature number 1274, CAG-510 sp910577015
2026-01-11 15:34:10.658914 INFO::Fitting model to feature number 1275, MGYG000325414
2026-01-11 15:34:10.664123 INFO::Fitting model to feature number 1276, MGYG000328974
2026-01-11 15:34:10.666629 WARNING::Fitting problem for feature 1276 returning NA
2026-01-11 15:34:10.668591 INFO::Fitting model to feature number 1277, MGYG000329478
2026-01-11 15:34:10.673219 INFO::Fitting model to feature number 1278, SIG307 sp910577175
2026-01-11 15:34:10.67872 INFO::Fitting model to feature number 1279, Clostridium_Q symbiosum
2026-01-11 15:34:10.681311 WARNING::Fitting problem for feature 1279 returning NA
2026-01-11 15:34:10.683307 INFO::Fitting model to feature number 1280, Clostridium_Q sp009911305
2026-01-11 15:34:10.687904 INFO::Fitting model to feature number 1281, Enterocloster bolteae
2026-01-11 15:34:10.694916 INFO::Fitting model to feature number 1282, MGYG000330164
2026-01-11 15:34:10.699869 INFO::Fitting model to feature number 1283, MGYG000323607
2026-01-11 15:34:10.706618 INFO::Fitting model to feature number 1284, RGIG4057 sp910577675
2026-01-11 15:34:10.71199 INFO::Fitting model to feature number 1285, RGIG8607 sp910588535
2026-01-11 15:34:10.71665 INFO::Fitting model to feature number 1286, MGYG000325404
2026-01-11 15:34:10.719084 WARNING::Fitting problem for feature 1286 returning NA
2026-01-11 15:34:10.721021 INFO::Fitting model to feature number 1287, MGBC131033 sp910585655
2026-01-11 15:34:10.723713 INFO::Fitting model to feature number 1288, MGYG000409986
2026-01-11 15:34:10.729362 INFO::Fitting model to feature number 1289, MGYG000323124
2026-01-11 15:34:10.734107 INFO::Fitting model to feature number 1290, MGYG000327294
2026-01-11 15:34:10.738624 INFO::Fitting model to feature number 1291, RUG115 sp910578885
2026-01-11 15:34:10.744334 INFO::Fitting model to feature number 1292, MGYG000328329
2026-01-11 15:34:10.747956 INFO::Fitting model to feature number 1293, MGYG000410396
2026-01-11 15:34:10.752572 INFO::Fitting model to feature number 1294, RGIG7193 sp910586125
2026-01-11 15:34:10.755431 INFO::Fitting model to feature number 1295, MGYG000325636
2026-01-11 15:34:10.759276 INFO::Fitting model to feature number 1296, Agathobacter sp910587655
2026-01-11 15:34:10.76428 INFO::Fitting model to feature number 1297, MGYG000410161
2026-01-11 15:34:10.76667 WARNING::Fitting problem for feature 1297 returning NA
2026-01-11 15:34:10.768519 INFO::Fitting model to feature number 1298, MGYG000327199
2026-01-11 15:34:10.773379 INFO::Fitting model to feature number 1299, RGIG3040 sp910585715
2026-01-11 15:34:10.779243 INFO::Fitting model to feature number 1300, Butyrivibrio_A sp000431815
2026-01-11 15:34:10.784301 INFO::Fitting model to feature number 1301, Butyrivibrio_A sp910577605
2026-01-11 15:34:10.787551 INFO::Fitting model to feature number 1302, MGYG000325389
2026-01-11 15:34:10.793469 INFO::Fitting model to feature number 1303, MGBC114844 sp910579865
2026-01-11 15:34:10.796318 WARNING::Fitting problem for feature 1303 returning NA
2026-01-11 15:34:10.798564 INFO::Fitting model to feature number 1304, CAG-303 sp910577835
2026-01-11 15:34:10.804603 INFO::Fitting model to feature number 1305, CAG-303 sp910584685
2026-01-11 15:34:10.811525 INFO::Fitting model to feature number 1306, MGYG000327534
2026-01-11 15:34:10.816909 INFO::Fitting model to feature number 1307, An181 sp910585545
2026-01-11 15:34:10.820518 INFO::Fitting model to feature number 1308, RGIG3002 sp910579805
2026-01-11 15:34:10.828096 INFO::Fitting model to feature number 1309, MGYG000323516
2026-01-11 15:34:10.834772 INFO::Fitting model to feature number 1310, MGBC120314 sp910584325
2026-01-11 15:34:10.837898 INFO::Fitting model to feature number 1311, MGYG000328392
2026-01-11 15:34:10.843202 INFO::Fitting model to feature number 1312, CAG-632 sp910587045
2026-01-11 15:34:10.847506 WARNING::Fitting problem for feature 1312 returning NA
2026-01-11 15:34:10.851834 INFO::Fitting model to feature number 1313, MGBC136627 sp910585935
2026-01-11 15:34:10.856031 WARNING::Fitting problem for feature 1313 returning NA
2026-01-11 15:34:10.859445 INFO::Fitting model to feature number 1314, MGBC165282 sp910589265
2026-01-11 15:34:10.866082 INFO::Fitting model to feature number 1315, Mediterraneibacter_A sp022790755
2026-01-11 15:34:10.873877 INFO::Fitting model to feature number 1316, Hungatella effluvii
2026-01-11 15:34:10.881387 INFO::Fitting model to feature number 1317, Mobilitalea sp023395555
2026-01-11 15:34:10.886847 INFO::Fitting model to feature number 1318, Fusicatenibacter saccharivorans
2026-01-11 15:34:10.891767 INFO::Fitting model to feature number 1319, CAG-411 sp014799595
2026-01-11 15:34:10.899286 INFO::Fitting model to feature number 1320, MGYG000323744
2026-01-11 15:34:10.90694 INFO::Fitting model to feature number 1321, MGBC143606 sp910587935
2026-01-11 15:34:10.911952 INFO::Fitting model to feature number 1322, C-53 sp003612525
2026-01-11 15:34:10.916668 INFO::Fitting model to feature number 1323, Ruminococcus_B gnavus
2026-01-11 15:34:10.920676 WARNING::Fitting problem for feature 1323 returning NA
2026-01-11 15:34:10.923899 INFO::Fitting model to feature number 1324, Frisingicoccus caecimuris
2026-01-11 15:34:10.928061 WARNING::Fitting problem for feature 1324 returning NA
2026-01-11 15:34:10.931023 INFO::Fitting model to feature number 1325, MGYG000326088
2026-01-11 15:34:10.937022 INFO::Fitting model to feature number 1326, Lawsonibacter sp900066645
2026-01-11 15:34:10.939943 WARNING::Fitting problem for feature 1326 returning NA
2026-01-11 15:34:10.942564 INFO::Fitting model to feature number 1327, MGYG000327494
2026-01-11 15:34:10.949262 INFO::Fitting model to feature number 1328, MGYG000325423
2026-01-11 15:34:10.954673 INFO::Fitting model to feature number 1329, Dysosmobacter sp022797935
2026-01-11 15:34:10.961432 INFO::Fitting model to feature number 1330, MGYG000327261
2026-01-11 15:34:10.964989 INFO::Fitting model to feature number 1331, Dysosmobacter sp910588005
2026-01-11 15:34:10.970225 INFO::Fitting model to feature number 1332, Dysosmobacter sp001916835
2026-01-11 15:34:10.975858 INFO::Fitting model to feature number 1333, Dysosmobacter sp910585165
2026-01-11 15:34:10.981775 INFO::Fitting model to feature number 1334, MGYG000329398
2026-01-11 15:34:10.98718 INFO::Fitting model to feature number 1335, MGYG000322989
2026-01-11 15:34:10.993481 INFO::Fitting model to feature number 1336, MGYG000323872
2026-01-11 15:34:10.999244 INFO::Fitting model to feature number 1337, Pelethomonas sp022797115
2026-01-11 15:34:11.004704 INFO::Fitting model to feature number 1338, Pelethomonas sp910584045
2026-01-11 15:34:11.010841 INFO::Fitting model to feature number 1339, MGYG000325682
2026-01-11 15:34:11.016326 INFO::Fitting model to feature number 1340, MGYG000329870
2026-01-11 15:34:11.021828 INFO::Fitting model to feature number 1341, MGYG000409933
2026-01-11 15:34:11.027993 INFO::Fitting model to feature number 1342, MGYG000325610
2026-01-11 15:34:11.031021 WARNING::Fitting problem for feature 1342 returning NA
2026-01-11 15:34:11.033446 INFO::Fitting model to feature number 1343, Faecousia sp900544705
2026-01-11 15:34:11.036687 INFO::Fitting model to feature number 1344, MGYG000327369
2026-01-11 15:34:11.041881 INFO::Fitting model to feature number 1345, MGYG000327333
2026-01-11 15:34:11.04814 INFO::Fitting model to feature number 1346, Marseille-P3106 sp905219705
2026-01-11 15:34:11.052209 WARNING::Fitting problem for feature 1346 returning NA
2026-01-11 15:34:11.055506 INFO::Fitting model to feature number 1347, Marseille-P3106 sp910577415
2026-01-11 15:34:11.05954 INFO::Fitting model to feature number 1348, MGYG000329177
2026-01-11 15:34:11.068862 INFO::Fitting model to feature number 1349, HGM13010 sp022800755
2026-01-11 15:34:11.076864 INFO::Fitting model to feature number 1350, Flavonifractor plautii
2026-01-11 15:34:11.085361 INFO::Fitting model to feature number 1351, Intestinimonas butyriciproducens
2026-01-11 15:34:11.089433 WARNING::Fitting problem for feature 1351 returning NA
2026-01-11 15:34:11.094316 INFO::Fitting model to feature number 1352, MGBC124762 sp910579775
2026-01-11 15:34:11.099268 INFO::Fitting model to feature number 1353, MGYG000329700
2026-01-11 15:34:11.108093 INFO::Fitting model to feature number 1354, MGYG000323009
2026-01-11 15:34:11.114246 INFO::Fitting model to feature number 1355, MGYG000326780
2026-01-11 15:34:11.119467 INFO::Fitting model to feature number 1356, MGYG000329402
2026-01-11 15:34:11.124668 INFO::Fitting model to feature number 1357, MGYG000411571
2026-01-11 15:34:11.128858 INFO::Fitting model to feature number 1358, MGYG000356933
2026-01-11 15:34:11.134087 INFO::Fitting model to feature number 1359, MGYG000376485
2026-01-11 15:34:11.139685 INFO::Fitting model to feature number 1360, Fimivicinus sp900544375
2026-01-11 15:34:11.145995 INFO::Fitting model to feature number 1361, Ruminococcus_E sp910585865
2026-01-11 15:34:11.151317 INFO::Fitting model to feature number 1362, UBA1417 sp900549945
2026-01-11 15:34:11.155202 INFO::Fitting model to feature number 1363, MGYG000360413
2026-01-11 15:34:11.157937 WARNING::Fitting problem for feature 1363 returning NA
2026-01-11 15:34:11.160783 INFO::Fitting model to feature number 1364, Ruthenibacterium lactatiformans
2026-01-11 15:34:11.163545 WARNING::Fitting problem for feature 1364 returning NA
2026-01-11 15:34:11.165772 INFO::Fitting model to feature number 1365, MGYG000410556
2026-01-11 15:34:11.171757 INFO::Fitting model to feature number 1366, UBA1394 sp900066845
2026-01-11 15:34:11.175657 INFO::Fitting model to feature number 1367, MGYG000410798
2026-01-11 15:34:11.180862 INFO::Fitting model to feature number 1368, MGYG000327515
2026-01-11 15:34:11.1837 INFO::Fitting model to feature number 1369, MGYG000325568
2026-01-11 15:34:11.188372 INFO::Fitting model to feature number 1370, MGYG000325411
2026-01-11 15:34:11.196187 INFO::Fitting model to feature number 1371, MGYG000328314
2026-01-11 15:34:11.20222 INFO::Fitting model to feature number 1372, UBA1405 sp910589145
2026-01-11 15:34:11.206056 INFO::Fitting model to feature number 1373, CAG-115 sp910587135
2026-01-11 15:34:11.211566 INFO::Fitting model to feature number 1374, CAG-115 sp910577365
2026-01-11 15:34:11.216389 INFO::Fitting model to feature number 1375, CAG-115 sp910587465
2026-01-11 15:34:11.221206 INFO::Fitting model to feature number 1376, Faecalibacterium sp900539945
2026-01-11 15:34:11.225963 INFO::Fitting model to feature number 1377, Faecalibacterium longum
2026-01-11 15:34:11.229168 INFO::Fitting model to feature number 1378, Faecalibacterium prausnitzii_F
2026-01-11 15:34:11.232591 INFO::Fitting model to feature number 1379, MGYG000325416
2026-01-11 15:34:11.237101 INFO::Fitting model to feature number 1380, UBA7177 sp910579545
2026-01-11 15:34:11.239477 WARNING::Fitting problem for feature 1380 returning NA
2026-01-11 15:34:11.254129 INFO::Fitting model to feature number 1381, UBA7177 sp910578965
2026-01-11 15:34:11.262428 INFO::Fitting model to feature number 1382, Neobittarella massiliensis
2026-01-11 15:34:11.267334 INFO::Fitting model to feature number 1383, Gemmiger formicilis
2026-01-11 15:34:11.272329 INFO::Fitting model to feature number 1384, MGYG000328468
2026-01-11 15:34:11.2755 INFO::Fitting model to feature number 1385, UBA866 sp022791945
2026-01-11 15:34:11.278725 WARNING::Fitting problem for feature 1385 returning NA
2026-01-11 15:34:11.280976 INFO::Fitting model to feature number 1386, UMGS1601 sp900545345
2026-01-11 15:34:11.284024 INFO::Fitting model to feature number 1387, MGYG000410783
2026-01-11 15:34:11.287389 WARNING::Fitting problem for feature 1387 returning NA
2026-01-11 15:34:11.289956 INFO::Fitting model to feature number 1388, MGYG000330170
2026-01-11 15:34:11.294488 INFO::Fitting model to feature number 1389, MGYG000330888
2026-01-11 15:34:11.297697 INFO::Fitting model to feature number 1390, QXXE01 sp910586105
2026-01-11 15:34:11.300425 WARNING::Fitting problem for feature 1390 returning NA
2026-01-11 15:34:11.302802 INFO::Fitting model to feature number 1391, MGYG000330847
2026-01-11 15:34:11.307675 INFO::Fitting model to feature number 1392, MGBC161649 sp910587685
2026-01-11 15:34:11.312715 INFO::Fitting model to feature number 1393, Coproplasma sp910586035
2026-01-11 15:34:11.318198 INFO::Fitting model to feature number 1394, Coproplasma sp910579295
2026-01-11 15:34:11.321401 INFO::Fitting model to feature number 1395, Coproplasma sp910587825
2026-01-11 15:34:11.327587 INFO::Fitting model to feature number 1396, Coproplasma sp910585705
2026-01-11 15:34:11.333426 INFO::Fitting model to feature number 1397, Coproplasma sp910576655
2026-01-11 15:34:11.339928 INFO::Fitting model to feature number 1398, MGYG000410549
2026-01-11 15:34:11.348433 INFO::Fitting model to feature number 1399, Coproplasma sp910577555
2026-01-11 15:34:11.356204 INFO::Fitting model to feature number 1400, Gallimonas sp910586985
2026-01-11 15:34:11.364072 INFO::Fitting model to feature number 1401, Gallimonas sp910586365
2026-01-11 15:34:11.371121 INFO::Fitting model to feature number 1402, Gallimonas sp910589015
2026-01-11 15:34:11.380029 INFO::Fitting model to feature number 1403, Gallimonas sp910586825
2026-01-11 15:34:11.387834 INFO::Fitting model to feature number 1404, Gallimonas sp910586675
2026-01-11 15:34:11.393372 INFO::Fitting model to feature number 1405, Anaerocaecibacter sp910578545
2026-01-11 15:34:11.398387 INFO::Fitting model to feature number 1406, Anaerocaecibacter sp910579205
2026-01-11 15:34:11.40431 INFO::Fitting model to feature number 1407, Anaerocaecibacter sp910585055
2026-01-11 15:34:11.411566 INFO::Fitting model to feature number 1408, MGYG000327384
2026-01-11 15:34:11.416128 INFO::Fitting model to feature number 1409, MGBC157735 sp910588155
2026-01-11 15:34:11.422918 INFO::Fitting model to feature number 1410, Pumilibacter sp910579245
2026-01-11 15:34:11.430333 INFO::Fitting model to feature number 1411, UBA11524 sp000437595
2026-01-11 15:34:11.435894 INFO::Fitting model to feature number 1412, MGYG000388556
2026-01-11 15:34:11.441466 INFO::Fitting model to feature number 1413, Zhenpiania sp910583765
2026-01-11 15:34:11.44774 INFO::Fitting model to feature number 1414, RGIG7179 sp022793795
2026-01-11 15:34:11.450473 WARNING::Fitting problem for feature 1414 returning NA
2026-01-11 15:34:11.452692 INFO::Fitting model to feature number 1415, VUNA01 sp002299625
2026-01-11 15:34:11.45843 INFO::Fitting model to feature number 1416, MGYG000327020
2026-01-11 15:34:11.464084 INFO::Fitting model to feature number 1417, Clostridioides difficile
2026-01-11 15:34:11.471695 INFO::Fitting model to feature number 1418, MGYG000369796
2026-01-11 15:34:11.478635 INFO::Fitting model to feature number 1419, MGYG000411069
2026-01-11 15:34:11.482052 INFO::Fitting model to feature number 1420, MGYG000328055
2026-01-11 15:34:11.488276 INFO::Fitting model to feature number 1421, MGYG000411369
2026-01-11 15:34:11.491804 INFO::Fitting model to feature number 1422, Clostridium sp910588715
2026-01-11 15:34:11.495654 INFO::Fitting model to feature number 1423, CAG-41 sp010206265
2026-01-11 15:34:11.498382 WARNING::Fitting problem for feature 1423 returning NA
2026-01-11 15:34:11.500494 INFO::Fitting model to feature number 1424, Parasutterella excrementihominis
2026-01-11 15:34:11.505725 INFO::Fitting model to feature number 1425, Escherichia coli
2026-01-11 15:34:11.511732 INFO::Fitting model to feature number 1426, Klebsiella michiganensis
2026-01-11 15:34:11.517475 INFO::Fitting model to feature number 1427, MGYG000408998
2026-01-11 15:34:11.522962 INFO::Fitting model to feature number 1428, MGYG000324409
2026-01-11 15:34:11.529254 INFO::Fitting model to feature number 1429, MGYG000366359
2026-01-11 15:34:11.534901 INFO::Fitting model to feature number 1430, MGYG000411437
2026-01-11 15:34:11.540205 INFO::Fitting model to feature number 1431, MGYG000350430
2026-01-11 15:34:11.546815 INFO::Fitting model to feature number 1432, MGYG000346441
2026-01-11 15:34:11.549683 WARNING::Fitting problem for feature 1432 returning NA
2026-01-11 15:34:11.551915 INFO::Fitting model to feature number 1433, MGYG000322940
2026-01-11 15:34:11.557303 INFO::Fitting model to feature number 1434, MGYG000410841
2026-01-11 15:34:11.563666 INFO::Fitting model to feature number 1435, Zag111 sp910584405
2026-01-11 15:34:11.571293 INFO::Fitting model to feature number 1436, Avigastranaerophilus sp910583875
2026-01-11 15:34:11.574882 INFO::Fitting model to feature number 1437, MGBC122484 sp910583725
2026-01-11 15:34:11.57975 INFO::Fitting model to feature number 1438, MGYG000326931
2026-01-11 15:34:11.586487 INFO::Fitting model to feature number 1439, MGYG000405972
2026-01-11 15:34:11.594614 INFO::Fitting model to feature number 1440, MGYG000328795
2026-01-11 15:34:11.59891 WARNING::Fitting problem for feature 1440 returning NA
2026-01-11 15:34:11.601344 INFO::Fitting model to feature number 1441, HGM10857 sp910578745
2026-01-11 15:34:11.60703 INFO::Fitting model to feature number 1442, MGYG000410710
2026-01-11 15:34:11.615057 INFO::Fitting model to feature number 1443, Acetatifactor muris
2026-01-11 15:34:11.623204 INFO::Fitting model to feature number 1444, MGYG000325356
2026-01-11 15:34:11.631116 INFO::Fitting model to feature number 1445, MGYG000329400
2026-01-11 15:34:11.634248 INFO::Fitting model to feature number 1446, Coprocola sp910587735
2026-01-11 15:34:11.639274 INFO::Fitting model to feature number 1447, MGYG000387050
2026-01-11 15:34:11.645074 INFO::Fitting model to feature number 1448, MGYG000326286
2026-01-11 15:34:11.648295 INFO::Fitting model to feature number 1449, Ruminococcus sp910576995
2026-01-11 15:34:11.651792 INFO::Fitting model to feature number 1450, Ruminococcus sp910579835
2026-01-11 15:34:11.654887 INFO::Fitting model to feature number 1451, Ruminococcus sp900540005
2026-01-11 15:34:11.662096 INFO::Fitting model to feature number 1452, Ruminococcus sp002362175
2026-01-11 15:34:11.665816 INFO::Fitting model to feature number 1453, Ruminococcus sp910577575
2026-01-11 15:34:11.669108 INFO::Fitting model to feature number 1454, MGYG000410441
2026-01-11 15:34:11.672156 INFO::Fitting model to feature number 1455, MGYG000365643
2026-01-11 15:34:11.67863 INFO::Fitting model to feature number 1456, MGYG000369368
2026-01-11 15:34:11.682591 INFO::Fitting model to feature number 1457, MGYG000330830
2026-01-11 15:34:11.686236 WARNING::Fitting problem for feature 1457 returning NA
2026-01-11 15:34:11.688423 INFO::Fitting model to feature number 1458, MGYG000324069
2026-01-11 15:34:11.694101 INFO::Fitting model to feature number 1459, MGYG000392389
2026-01-11 15:34:11.699255 INFO::Fitting model to feature number 1460, Coproplasma sp910578195
2026-01-11 15:34:11.70548 INFO::Fitting model to feature number 1461, Gallimonas sp910588615
2026-01-11 15:34:11.708391 INFO::Fitting model to feature number 1462, Fimimonas sp910586905
2026-01-11 15:34:11.712318 INFO::Fitting model to feature number 1463, MGYG000329863
2026-01-11 15:34:11.718143 INFO::Fitting model to feature number 1464, Pseudomonas aeruginosa
2026-01-11 15:34:11.722781 INFO::Fitting model to feature number 1465, C-19 sp022799495
2026-01-11 15:34:11.728143 INFO::Fitting model to feature number 1466, MGBC140090 sp910586805
2026-01-11 15:34:11.732815 INFO::Fitting model to feature number 1467, MGYG000337677
2026-01-11 15:34:11.737341 INFO::Fitting model to feature number 1468, Staphylococcus nepalensis
2026-01-11 15:34:11.740057 INFO::Fitting model to feature number 1469, D16-34 sp910588485
2026-01-11 15:34:11.745658 INFO::Fitting model to feature number 1470, UMGS1502 sp900552365
2026-01-11 15:34:11.750303 INFO::Fitting model to feature number 1471, CACZQA01 sp900758075
2026-01-11 15:34:11.755283 INFO::Fitting model to feature number 1472, MGYG000325313
2026-01-11 15:34:11.760094 INFO::Fitting model to feature number 1473, Schaedlerella glycyrrhizinilytica_A
2026-01-11 15:34:11.764978 INFO::Fitting model to feature number 1474, MGYG000322968
2026-01-11 15:34:11.769624 INFO::Fitting model to feature number 1475, Butyribacter sp003612285
2026-01-11 15:34:11.772015 WARNING::Fitting problem for feature 1475 returning NA
2026-01-11 15:34:11.773945 INFO::Fitting model to feature number 1476, Butyribacter sp910580005
2026-01-11 15:34:11.779353 INFO::Fitting model to feature number 1477, MGYG000325492
2026-01-11 15:34:11.783939 INFO::Fitting model to feature number 1478, Acetatifactor sp910578815
2026-01-11 15:34:11.788397 INFO::Fitting model to feature number 1479, Acetatifactor sp910583845
2026-01-11 15:34:11.793196 INFO::Fitting model to feature number 1480, MGYG000328399
2026-01-11 15:34:11.798293 INFO::Fitting model to feature number 1481, Acetatifactor sp910587755
2026-01-11 15:34:11.804275 INFO::Fitting model to feature number 1482, MGYG000329698
2026-01-11 15:34:11.809696 INFO::Fitting model to feature number 1483, CAG-95 sp009774465
2026-01-11 15:34:11.815706 INFO::Fitting model to feature number 1484, MGYG000410124
2026-01-11 15:34:11.822643 INFO::Fitting model to feature number 1485, UBA2882 sp002362385
2026-01-11 15:34:11.829819 INFO::Fitting model to feature number 1486, MGYG000350270
2026-01-11 15:34:11.834047 INFO::Fitting model to feature number 1487, MGYG000411484
2026-01-11 15:34:11.837796 WARNING::Fitting problem for feature 1487 returning NA
2026-01-11 15:34:11.840816 INFO::Fitting model to feature number 1488, 1XD42-69 sp003612565
2026-01-11 15:34:11.847613 INFO::Fitting model to feature number 1489, MGYG000324730
2026-01-11 15:34:11.852951 INFO::Fitting model to feature number 1490, Blautia_A wexlerae
2026-01-11 15:34:11.857592 INFO::Fitting model to feature number 1491, Bariatricus comes
2026-01-11 15:34:11.862927 INFO::Fitting model to feature number 1492, Wujia sp002493625
2026-01-11 15:34:11.866931 WARNING::Fitting problem for feature 1492 returning NA
2026-01-11 15:34:11.869999 INFO::Fitting model to feature number 1493, MGYG000322947
2026-01-11 15:34:11.877681 INFO::Fitting model to feature number 1494, MGYG000322925
2026-01-11 15:34:11.881712 WARNING::Fitting problem for feature 1494 returning NA
2026-01-11 15:34:11.884756 INFO::Fitting model to feature number 1495, MGYG000330643
2026-01-11 15:34:11.888699 WARNING::Fitting problem for feature 1495 returning NA
2026-01-11 15:34:11.891822 INFO::Fitting model to feature number 1496, MGYG000325949
2026-01-11 15:34:11.899478 INFO::Fitting model to feature number 1497, Acutalibacter ornithocaccae
2026-01-11 15:34:11.906821 INFO::Fitting model to feature number 1498, Eubacterium_R sp910577195
2026-01-11 15:34:11.911543 INFO::Fitting model to feature number 1499, Avimonas_A sp022800315
2026-01-11 15:34:11.9174 INFO::Fitting model to feature number 1500, UBA3818 sp904397845
2026-01-11 15:34:11.92469 INFO::Fitting model to feature number 1501, MGYG000354216
2026-01-11 15:34:11.931707 INFO::Fitting model to feature number 1502, MGYG000350425
2026-01-11 15:34:11.936275 INFO::Fitting model to feature number 1503, MGYG000340095
2026-01-11 15:34:11.939105 INFO::Fitting model to feature number 1504, MGYG000336507
2026-01-11 15:34:11.94421 INFO::Fitting model to feature number 1505, Agrobacterium pusense
2026-01-11 15:34:11.94938 INFO::Fitting model to feature number 1506, MGYG000325577
2026-01-11 15:34:11.953874 INFO::Fitting model to feature number 1507, MGYG000325533
2026-01-11 15:34:11.958377 INFO::Fitting model to feature number 1508, MGYG000325757
2026-01-11 15:34:11.974203 WARNING::Fitting problem for feature 1508 returning NA
2026-01-11 15:34:11.978695 INFO::Fitting model to feature number 1509, MGYG000325642
2026-01-11 15:34:11.983652 INFO::Fitting model to feature number 1510, Limisoma sp900544305
2026-01-11 15:34:11.988274 INFO::Fitting model to feature number 1511, MGYG000325491
2026-01-11 15:34:11.993333 INFO::Fitting model to feature number 1512, MGYG000325376
2026-01-11 15:34:11.996459 INFO::Fitting model to feature number 1513, Alistipes putredinis
2026-01-11 15:34:12.000858 INFO::Fitting model to feature number 1514, MGYG000325739
2026-01-11 15:34:12.003488 INFO::Fitting model to feature number 1515, MGYG000325349
2026-01-11 15:34:12.008051 INFO::Fitting model to feature number 1516, MGYG000325640
2026-01-11 15:34:12.011064 WARNING::Fitting problem for feature 1516 returning NA
2026-01-11 15:34:12.013186 INFO::Fitting model to feature number 1517, Alistipes onderdonkii
2026-01-11 15:34:12.017952 INFO::Fitting model to feature number 1518, Alistipes sp003979135
2026-01-11 15:34:12.022422 INFO::Fitting model to feature number 1519, Alistipes sp900541585
2026-01-11 15:34:12.02732 INFO::Fitting model to feature number 1520, Alistipes_A ihumii
2026-01-11 15:34:12.030535 INFO::Fitting model to feature number 1521, Bacteroides eggerthii
2026-01-11 15:34:12.035438 INFO::Fitting model to feature number 1522, Prevotella faecis
2026-01-11 15:34:12.038112 WARNING::Fitting problem for feature 1522 returning NA
2026-01-11 15:34:12.040479 INFO::Fitting model to feature number 1523, Prevotella sp900557405
2026-01-11 15:34:12.043881 WARNING::Fitting problem for feature 1523 returning NA
2026-01-11 15:34:12.046416 INFO::Fitting model to feature number 1524, MGYG000325643
2026-01-11 15:34:12.053603 INFO::Fitting model to feature number 1525, Paraprevotella stercorigallinarum
2026-01-11 15:34:12.058526 INFO::Fitting model to feature number 1526, MGYG000325375
2026-01-11 15:34:12.065033 INFO::Fitting model to feature number 1527, C-19 sp009917405
2026-01-11 15:34:12.067576 WARNING::Fitting problem for feature 1527 returning NA
2026-01-11 15:34:12.069588 INFO::Fitting model to feature number 1528, MGYG000328692
2026-01-11 15:34:12.072048 WARNING::Fitting problem for feature 1528 returning NA
2026-01-11 15:34:12.074138 INFO::Fitting model to feature number 1529, UBA2730 sp022793235
2026-01-11 15:34:12.081514 INFO::Fitting model to feature number 1530, Bacillus licheniformis
2026-01-11 15:34:12.087341 INFO::Fitting model to feature number 1531, Mailhella sp910577155
2026-01-11 15:34:12.09297 INFO::Fitting model to feature number 1532, MGYG000403150
2026-01-11 15:34:12.096746 WARNING::Fitting problem for feature 1532 returning NA
2026-01-11 15:34:12.098835 INFO::Fitting model to feature number 1533, COE1 sp910586405
2026-01-11 15:34:12.104266 INFO::Fitting model to feature number 1534, COE1 sp009774345
2026-01-11 15:34:12.110897 INFO::Fitting model to feature number 1535, MGYG000329391
2026-01-11 15:34:12.116661 INFO::Fitting model to feature number 1536, MGYG000327122
2026-01-11 15:34:12.125345 INFO::Fitting model to feature number 1537, MGYG000326060
2026-01-11 15:34:12.13071 INFO::Fitting model to feature number 1538, MGYG000324350
2026-01-11 15:34:12.137619 INFO::Fitting model to feature number 1539, Copromonas sp000435795
2026-01-11 15:34:12.143569 INFO::Fitting model to feature number 1540, Kineothrix sp910586275
2026-01-11 15:34:12.150773 INFO::Fitting model to feature number 1541, MGYG000327375
2026-01-11 15:34:12.156509 INFO::Fitting model to feature number 1542, MGYG000331235
2026-01-11 15:34:12.162564 INFO::Fitting model to feature number 1543, MGBC111451 sp910578605
2026-01-11 15:34:12.167821 INFO::Fitting model to feature number 1544, MGYG000411179
2026-01-11 15:34:12.17288 INFO::Fitting model to feature number 1545, Faecalibacterium prausnitzii
2026-01-11 15:34:12.179369 INFO::Fitting model to feature number 1546, MGYG000325383
2026-01-11 15:34:12.183673 INFO::Fitting model to feature number 1547, MGYG000323634
2026-01-11 15:34:12.190759 INFO::Fitting model to feature number 1548, Pumilibacter muris
2026-01-11 15:34:12.198076 INFO::Fitting model to feature number 1549, SFMI01 sp004556155
2026-01-11 15:34:12.202373 WARNING::Fitting problem for feature 1549 returning NA
2026-01-11 15:34:12.205508 INFO::Fitting model to feature number 1550, Escherichia ruysiae
2026-01-11 15:34:12.213259 INFO::Fitting model to feature number 1551, Klebsiella variicola
2026-01-11 15:34:12.218675 INFO::Fitting model to feature number 1552, Citrobacter_A rodentium
2026-01-11 15:34:12.22395 INFO::Fitting model to feature number 1553, Citrobacter_A amalonaticus
2026-01-11 15:34:12.230177 INFO::Fitting model to feature number 1554, MGYG000339089
2026-01-11 15:34:12.234291 WARNING::Fitting problem for feature 1554 returning NA
2026-01-11 15:34:12.237731 INFO::Fitting model to feature number 1555, UBA7185 sp910585405
2026-01-11 15:34:12.241306 INFO::Fitting model to feature number 1556, Helicobacter_D ganmani
2026-01-11 15:34:12.247604 INFO::Fitting model to feature number 1557, URXU01 sp900541915
2026-01-11 15:34:12.251003 INFO::Fitting model to feature number 1558, Streptococcus danieliae
2026-01-11 15:34:12.256452 INFO::Fitting model to feature number 1559, Streptococcus alactolyticus
2026-01-11 15:34:12.261132 INFO::Fitting model to feature number 1560, MGYG000325510
2026-01-11 15:34:12.267019 INFO::Fitting model to feature number 1561, MGBC107952 sp910578855
2026-01-11 15:34:12.273752 INFO::Fitting model to feature number 1562, MGYG000322996
2026-01-11 15:34:12.281469 INFO::Fitting model to feature number 1563, Niallia sp001076885
2026-01-11 15:34:12.287063 INFO::Fitting model to feature number 1564, MGYG000387335
2026-01-11 15:34:12.293566 INFO::Fitting model to feature number 1565, UBA3282 sp910586615
2026-01-11 15:34:12.299954 INFO::Fitting model to feature number 1566, MGYG000325700
2026-01-11 15:34:12.304963 INFO::Fitting model to feature number 1567, UBA3282 sp910584965
2026-01-11 15:34:12.310342 INFO::Fitting model to feature number 1568, MGYG000325483
2026-01-11 15:34:12.315589 INFO::Fitting model to feature number 1569, MGYG000325802
2026-01-11 15:34:12.320735 INFO::Fitting model to feature number 1570, MGYG000329183
2026-01-11 15:34:12.32405 INFO::Fitting model to feature number 1571, UBA3282 sp910586705
2026-01-11 15:34:12.328156 INFO::Fitting model to feature number 1572, UBA3282 sp910578715
2026-01-11 15:34:12.333565 INFO::Fitting model to feature number 1573, MGYG000325820
2026-01-11 15:34:12.336752 INFO::Fitting model to feature number 1574, UBA3282 sp910578475
2026-01-11 15:34:12.34006 INFO::Fitting model to feature number 1575, MGYG000325646
2026-01-11 15:34:12.347147 INFO::Fitting model to feature number 1576, MGYG000373306
2026-01-11 15:34:12.35011 WARNING::Fitting problem for feature 1576 returning NA
2026-01-11 15:34:12.352344 INFO::Fitting model to feature number 1577, MGYG000329401
2026-01-11 15:34:12.355641 INFO::Fitting model to feature number 1578, MGYG000327529
2026-01-11 15:34:12.358885 INFO::Fitting model to feature number 1579, MGYG000410713
2026-01-11 15:34:12.362243 WARNING::Fitting problem for feature 1579 returning NA
2026-01-11 15:34:12.364578 INFO::Fitting model to feature number 1580, MGYG000325455
2026-01-11 15:34:12.369858 INFO::Fitting model to feature number 1581, Butyribacter sp910588655
2026-01-11 15:34:12.373183 INFO::Fitting model to feature number 1582, MGYG000330215
2026-01-11 15:34:12.3794 INFO::Fitting model to feature number 1583, Eubacterium_F sp910583555
2026-01-11 15:34:12.384733 INFO::Fitting model to feature number 1584, 14-2 sp910588885
2026-01-11 15:34:12.389904 INFO::Fitting model to feature number 1585, MGYG000325200
2026-01-11 15:34:12.395795 INFO::Fitting model to feature number 1586, MGYG000410031
2026-01-11 15:34:12.399751 INFO::Fitting model to feature number 1587, COE1 sp910588755
2026-01-11 15:34:12.405123 INFO::Fitting model to feature number 1588, COE1 sp910585765
2026-01-11 15:34:12.40781 WARNING::Fitting problem for feature 1588 returning NA
2026-01-11 15:34:12.410505 INFO::Fitting model to feature number 1589, COE1 sp009774375
2026-01-11 15:34:12.416346 INFO::Fitting model to feature number 1590, MGYG000324875
2026-01-11 15:34:12.421525 INFO::Fitting model to feature number 1591, MGYG000328347
2026-01-11 15:34:12.424736 INFO::Fitting model to feature number 1592, MGYG000331069
2026-01-11 15:34:12.42862 INFO::Fitting model to feature number 1593, MGYG000330172
2026-01-11 15:34:12.431843 INFO::Fitting model to feature number 1594, CAG-510 sp003979355
2026-01-11 15:34:12.435005 INFO::Fitting model to feature number 1595, RGIG4057 sp910585065
2026-01-11 15:34:12.438359 INFO::Fitting model to feature number 1596, CAG-603 sp022794265
2026-01-11 15:34:12.445303 INFO::Fitting model to feature number 1597, MGYG000325692
2026-01-11 15:34:12.44871 INFO::Fitting model to feature number 1598, MGYG000328520
2026-01-11 15:34:12.454005 INFO::Fitting model to feature number 1599, MGYG000325327
2026-01-11 15:34:12.459048 INFO::Fitting model to feature number 1600, UBA7050 sp003979345
2026-01-11 15:34:12.463229 INFO::Fitting model to feature number 1601, MGYG000325605
2026-01-11 15:34:12.46859 INFO::Fitting model to feature number 1602, MGBC140009 sp910586015
2026-01-11 15:34:12.476843 INFO::Fitting model to feature number 1603, MGYG000327466
2026-01-11 15:34:12.48047 WARNING::Fitting problem for feature 1603 returning NA
2026-01-11 15:34:12.483161 INFO::Fitting model to feature number 1604, Clostridium_AP sp000509125
2026-01-11 15:34:12.486019 WARNING::Fitting problem for feature 1604 returning NA
2026-01-11 15:34:12.488258 INFO::Fitting model to feature number 1605, MGYG000329308
2026-01-11 15:34:12.492214 INFO::Fitting model to feature number 1606, MGYG000410975
2026-01-11 15:34:12.496516 INFO::Fitting model to feature number 1607, Dysosmobacter welbionis
2026-01-11 15:34:12.501963 INFO::Fitting model to feature number 1608, MGYG000360335
2026-01-11 15:34:12.509559 INFO::Fitting model to feature number 1609, MGYG000329306
2026-01-11 15:34:12.515255 INFO::Fitting model to feature number 1610, Avispirillum sp910586545
2026-01-11 15:34:12.522977 INFO::Fitting model to feature number 1611, Anaerocaecibacter sp910586925
2026-01-11 15:34:12.529791 INFO::Fitting model to feature number 1612, Anaerocaecibacter sp910577995
2026-01-11 15:34:12.536935 INFO::Fitting model to feature number 1613, MGBC157735 sp910585955
2026-01-11 15:34:12.54323 INFO::Fitting model to feature number 1614, Pumilibacter sp910587595
2026-01-11 15:34:12.549982 INFO::Fitting model to feature number 1615, Protoclostridium sp910587025
2026-01-11 15:34:12.555779 INFO::Fitting model to feature number 1616, Coproplasma sp910587625
2026-01-11 15:34:12.564275 INFO::Fitting model to feature number 1617, Coproplasma sp910579705
2026-01-11 15:34:12.569854 INFO::Fitting model to feature number 1618, MGYG000327859
2026-01-11 15:34:12.578645 INFO::Fitting model to feature number 1619, Lentihominibacter faecis
2026-01-11 15:34:12.585397 INFO::Fitting model to feature number 1620, MGYG000324400
2026-01-11 15:34:12.593666 INFO::Fitting model to feature number 1621, MGYG000357081
2026-01-11 15:34:12.598244 INFO::Fitting model to feature number 1622, Leuconostoc citreum
2026-01-11 15:34:12.601057 WARNING::Fitting problem for feature 1622 returning NA
2026-01-11 15:34:12.603239 INFO::Fitting model to feature number 1623, Enterococcus_E cecorum
2026-01-11 15:34:12.606822 WARNING::Fitting problem for feature 1623 returning NA
2026-01-11 15:34:12.609258 INFO::Fitting model to feature number 1624, MGYG000410809
2026-01-11 15:34:12.612916 WARNING::Fitting problem for feature 1624 returning NA
2026-01-11 15:34:12.615136 INFO::Fitting model to feature number 1625, Anaerotardibacter sp000434775
2026-01-11 15:34:12.618055 WARNING::Fitting problem for feature 1625 returning NA
2026-01-11 15:34:12.620286 INFO::Fitting model to feature number 1626, MGYG000325716
2026-01-11 15:34:12.625901 INFO::Fitting model to feature number 1627, Bacteroides fragilis
2026-01-11 15:34:12.629257 WARNING::Fitting problem for feature 1627 returning NA
2026-01-11 15:34:12.631638 INFO::Fitting model to feature number 1628, Eubacterium_F sp910589595
2026-01-11 15:34:12.634937 INFO::Fitting model to feature number 1629, Acetatifactor sp910584435
2026-01-11 15:34:12.637725 WARNING::Fitting problem for feature 1629 returning NA
2026-01-11 15:34:12.640118 INFO::Fitting model to feature number 1630, Butyribacter sp003611745
2026-01-11 15:34:12.64433 INFO::Fitting model to feature number 1631, MGYG000410930
2026-01-11 15:34:12.65004 INFO::Fitting model to feature number 1632, MGYG000410149
2026-01-11 15:34:12.655423 INFO::Fitting model to feature number 1633, MGYG000328377
2026-01-11 15:34:12.658195 WARNING::Fitting problem for feature 1633 returning NA
2026-01-11 15:34:12.661147 INFO::Fitting model to feature number 1634, MGYG000324606
2026-01-11 15:34:12.664015 WARNING::Fitting problem for feature 1634 returning NA
2026-01-11 15:34:12.666221 INFO::Fitting model to feature number 1635, Dorea_A longicatena
2026-01-11 15:34:12.669252 WARNING::Fitting problem for feature 1635 returning NA
2026-01-11 15:34:12.672155 INFO::Fitting model to feature number 1636, MGYG000323390
2026-01-11 15:34:12.675582 WARNING::Fitting problem for feature 1636 returning NA
2026-01-11 15:34:12.678566 INFO::Fitting model to feature number 1637, CALWPV01 sp022794035
2026-01-11 15:34:12.699426 INFO::Fitting model to feature number 1638, Dysosmobacter sp900763685
2026-01-11 15:34:12.702864 WARNING::Fitting problem for feature 1638 returning NA
2026-01-11 15:34:12.706065 INFO::Fitting model to feature number 1639, Evtepia sp004556345
2026-01-11 15:34:12.709379 WARNING::Fitting problem for feature 1639 returning NA
2026-01-11 15:34:12.712484 INFO::Fitting model to feature number 1640, Evtepia gabavorous
2026-01-11 15:34:12.715356 WARNING::Fitting problem for feature 1640 returning NA
2026-01-11 15:34:12.717772 INFO::Fitting model to feature number 1641, MGYG000387732
2026-01-11 15:34:12.720719 WARNING::Fitting problem for feature 1641 returning NA
2026-01-11 15:34:12.723118 INFO::Fitting model to feature number 1642, Avoscillospira_A sp022795735
2026-01-11 15:34:12.726038 WARNING::Fitting problem for feature 1642 returning NA
2026-01-11 15:34:12.729393 INFO::Fitting model to feature number 1643, Eubacterium_R sp009774735
2026-01-11 15:34:12.7329 INFO::Fitting model to feature number 1644, MGYG000325665
2026-01-11 15:34:12.738192 INFO::Fitting model to feature number 1645, Eubacterium_R sp910584985
2026-01-11 15:34:12.741518 INFO::Fitting model to feature number 1646, MGYG000325508
2026-01-11 15:34:12.745472 INFO::Fitting model to feature number 1647, Eubacterium_R sp910577215
2026-01-11 15:34:12.749389 INFO::Fitting model to feature number 1648, MGYG000325451
2026-01-11 15:34:12.753048 INFO::Fitting model to feature number 1649, MGYG000403628
2026-01-11 15:34:12.756371 INFO::Fitting model to feature number 1650, MGYG000327108
2026-01-11 15:34:12.75994 INFO::Fitting model to feature number 1651, Bittarella massiliensis
2026-01-11 15:34:12.763639 WARNING::Fitting problem for feature 1651 returning NA
2026-01-11 15:34:12.765929 INFO::Fitting model to feature number 1652, MGYG000327115
2026-01-11 15:34:12.76891 WARNING::Fitting problem for feature 1652 returning NA
2026-01-11 15:34:12.771172 INFO::Fitting model to feature number 1653, MGYG000358052
2026-01-11 15:34:12.776627 INFO::Fitting model to feature number 1654, MGYG000325728
2026-01-11 15:34:12.780065 WARNING::Fitting problem for feature 1654 returning NA
2026-01-11 15:34:12.782403 INFO::Fitting model to feature number 1655, Brachyspira sp910588665
2026-01-11 15:34:12.787781 INFO::Fitting model to feature number 1656, MGYG000410730
2026-01-11 15:34:12.790704 WARNING::Fitting problem for feature 1656 returning NA
2026-01-11 15:34:12.793429 INFO::Fitting model to feature number 1657, MGYG000325324
2026-01-11 15:34:12.79754 INFO::Fitting model to feature number 1658, MGYG000325708
2026-01-11 15:34:12.800333 WARNING::Fitting problem for feature 1658 returning NA
2026-01-11 15:34:12.802599 INFO::Fitting model to feature number 1659, MGYG000383351
2026-01-11 15:34:12.805267 WARNING::Fitting problem for feature 1659 returning NA
2026-01-11 15:34:12.807674 INFO::Fitting model to feature number 1660, MGYG000328450
2026-01-11 15:34:12.812577 INFO::Fitting model to feature number 1661, MGYG000410978
2026-01-11 15:34:12.816575 WARNING::Fitting problem for feature 1661 returning NA
2026-01-11 15:34:12.819825 INFO::Fitting model to feature number 1662, MGYG000325740
2026-01-11 15:34:12.825295 INFO::Fitting model to feature number 1663, MGYG000329907
2026-01-11 15:34:12.830782 INFO::Fitting model to feature number 1664, Agathobacter rectalis
2026-01-11 15:34:12.835788 INFO::Fitting model to feature number 1665, MGBC114844 sp910585855
2026-01-11 15:34:12.841242 INFO::Fitting model to feature number 1666, Oliverpabstia sp002361775
2026-01-11 15:34:12.846477 INFO::Fitting model to feature number 1667, Dorea_A longicatena_B
2026-01-11 15:34:12.85139 INFO::Fitting model to feature number 1668, JAAVZI01 sp022791575
2026-01-11 15:34:12.855531 WARNING::Fitting problem for feature 1668 returning NA
2026-01-11 15:34:12.858938 INFO::Fitting model to feature number 1669, MGYG000411499
2026-01-11 15:34:12.867342 INFO::Fitting model to feature number 1670, CAJFUH01 sp022799115
2026-01-11 15:34:12.872167 INFO::Fitting model to feature number 1671, QAKD01 sp022793975
2026-01-11 15:34:12.876513 WARNING::Fitting problem for feature 1671 returning NA
2026-01-11 15:34:12.880166 INFO::Fitting model to feature number 1672, Reyranella aquatilis
2026-01-11 15:34:12.884936 WARNING::Fitting problem for feature 1672 returning NA
2026-01-11 15:34:12.888561 INFO::Fitting model to feature number 1673, MGYG000339341
2026-01-11 15:34:12.893771 WARNING::Fitting problem for feature 1673 returning NA
2026-01-11 15:34:12.897263 INFO::Fitting model to feature number 1674, Collinsella bouchesdurhonensis
2026-01-11 15:34:12.900286 WARNING::Fitting problem for feature 1674 returning NA
2026-01-11 15:34:12.903346 INFO::Fitting model to feature number 1675, Desulfovibrio sp900319575
2026-01-11 15:34:12.908295 WARNING::Fitting problem for feature 1675 returning NA
2026-01-11 15:34:12.91188 INFO::Fitting model to feature number 1676, MGYG000325614
2026-01-11 15:34:12.920294 INFO::Fitting model to feature number 1677, Dielma fastidiosa
2026-01-11 15:34:12.929403 INFO::Fitting model to feature number 1678, UBA1067 sp902788415
2026-01-11 15:34:12.933732 WARNING::Fitting problem for feature 1678 returning NA
2026-01-11 15:34:12.936063 INFO::Fitting model to feature number 1679, UBA3282 sp910578555
2026-01-11 15:34:12.938816 WARNING::Fitting problem for feature 1679 returning NA
2026-01-11 15:34:12.941029 INFO::Fitting model to feature number 1680, MGYG000330584
2026-01-11 15:34:12.944355 WARNING::Fitting problem for feature 1680 returning NA
2026-01-11 15:34:12.94687 INFO::Fitting model to feature number 1681, MGYG000410602
2026-01-11 15:34:12.949707 WARNING::Fitting problem for feature 1681 returning NA
2026-01-11 15:34:12.951937 INFO::Fitting model to feature number 1682, Howiella sp022791355
2026-01-11 15:34:12.957216 INFO::Fitting model to feature number 1683, QXXE01 sp910589115
2026-01-11 15:34:12.960136 WARNING::Fitting problem for feature 1683 returning NA
2026-01-11 15:34:12.96361 INFO::Fitting model to feature number 1684, Anaerocaecibacter sp910587805
2026-01-11 15:34:12.970794 INFO::Fitting model to feature number 1685, Ventricola sp900542395
2026-01-11 15:34:12.973671 WARNING::Fitting problem for feature 1685 returning NA
2026-01-11 15:34:12.976083 INFO::Fitting model to feature number 1686, MGYG000330825
2026-01-11 15:34:12.979782 WARNING::Fitting problem for feature 1686 returning NA
2026-01-11 15:34:12.98209 INFO::Fitting model to feature number 1687, MGYG000376566
2026-01-11 15:34:12.987417 INFO::Fitting model to feature number 1688, CAG-267 sp910576955
2026-01-11 15:34:12.993625 INFO::Fitting model to feature number 1689, MGYG000335208
2026-01-11 15:34:12.997727 WARNING::Fitting problem for feature 1689 returning NA
2026-01-11 15:34:13.000604 INFO::Fitting model to feature number 1690, MGYG000326756
2026-01-11 15:34:13.003526 WARNING::Fitting problem for feature 1690 returning NA
2026-01-11 15:34:13.005826 INFO::Fitting model to feature number 1691, Longicatena caecimuris
2026-01-11 15:34:13.01016 INFO::Fitting model to feature number 1692, MGYG000324718
2026-01-11 15:34:13.014247 INFO::Fitting model to feature number 1693, MGYG000326954
2026-01-11 15:34:13.018272 INFO::Fitting model to feature number 1694, Coproplasma sp910578655
2026-01-11 15:34:13.022696 INFO::Fitting model to feature number 1695, Parabacteroides faecavium
2026-01-11 15:34:13.028934 INFO::Fitting model to feature number 1696, MGYG000325474
2026-01-11 15:34:13.035376 INFO::Fitting model to feature number 1697, Gallimonas sp910588465
2026-01-11 15:34:13.040519 INFO::Fitting model to feature number 1698, Ralstonia pickettii_B
2026-01-11 15:34:13.043351 WARNING::Fitting problem for feature 1698 returning NA
2026-01-11 15:34:13.046394 INFO::Fitting model to feature number 1699, MGYG000327731
2026-01-11 15:34:13.049079 WARNING::Fitting problem for feature 1699 returning NA
2026-01-11 15:34:13.051486 INFO::Fitting model to feature number 1700, MGYG000325340
2026-01-11 15:34:13.054322 WARNING::Fitting problem for feature 1700 returning NA
2026-01-11 15:34:13.056539 INFO::Fitting model to feature number 1701, MGYG000325552
2026-01-11 15:34:13.059843 INFO::Fitting model to feature number 1702, MGYG000374819
2026-01-11 15:34:13.063939 INFO::Fitting model to feature number 1703, MGYG000325616
2026-01-11 15:34:13.066754 WARNING::Fitting problem for feature 1703 returning NA
2026-01-11 15:34:13.06909 INFO::Fitting model to feature number 1704, Butyribacter sp910577825
2026-01-11 15:34:13.07247 INFO::Fitting model to feature number 1705, MGYG000328455
2026-01-11 15:34:13.075692 INFO::Fitting model to feature number 1706, MGYG000329982
2026-01-11 15:34:13.079813 INFO::Fitting model to feature number 1707, MGYG000329041
2026-01-11 15:34:13.083108 INFO::Fitting model to feature number 1708, MGYG000331355
2026-01-11 15:34:13.086416 INFO::Fitting model to feature number 1709, VSOB01 sp910585205
2026-01-11 15:34:13.091774 INFO::Fitting model to feature number 1710, MGYG000324619
2026-01-11 15:34:13.095733 INFO::Fitting model to feature number 1711, MGYG000325654
2026-01-11 15:34:13.099117 INFO::Fitting model to feature number 1712, MGYG000330463
2026-01-11 15:34:13.102019 WARNING::Fitting problem for feature 1712 returning NA
2026-01-11 15:34:13.104278 INFO::Fitting model to feature number 1713, MGYG000322973
2026-01-11 15:34:13.108327 INFO::Fitting model to feature number 1714, Robinsoniella sp900555455
2026-01-11 15:34:13.111701 WARNING::Fitting problem for feature 1714 returning NA
2026-01-11 15:34:13.113993 INFO::Fitting model to feature number 1715, Lawsonibacter asaccharolyticus
2026-01-11 15:34:13.11646 WARNING::Fitting problem for feature 1715 returning NA
2026-01-11 15:34:13.118527 INFO::Fitting model to feature number 1716, Enterenecus sp932222125
2026-01-11 15:34:13.120933 WARNING::Fitting problem for feature 1716 returning NA
2026-01-11 15:34:13.122904 INFO::Fitting model to feature number 1717, MGYG000330031
2026-01-11 15:34:13.125412 WARNING::Fitting problem for feature 1717 returning NA
2026-01-11 15:34:13.128214 INFO::Fitting model to feature number 1718, MGYG000327784
2026-01-11 15:34:13.13138 INFO::Fitting model to feature number 1719, MGYG000336017
2026-01-11 15:34:13.134245 INFO::Fitting model to feature number 1720, MGYG000410450
2026-01-11 15:34:13.13704 INFO::Fitting model to feature number 1721, MGYG000390383
2026-01-11 15:34:13.140169 INFO::Fitting model to feature number 1722, MGYG000322982
2026-01-11 15:34:13.143397 INFO::Fitting model to feature number 1723, CAG-170 sp900553545
2026-01-11 15:34:13.146917 WARNING::Fitting problem for feature 1723 returning NA
2026-01-11 15:34:13.149135 INFO::Fitting model to feature number 1724, Oscillibacter sp002455655
2026-01-11 15:34:13.15207 WARNING::Fitting problem for feature 1724 returning NA
2026-01-11 15:34:13.154563 INFO::Fitting model to feature number 1725, MGYG000325106
2026-01-11 15:34:13.158308 INFO::Fitting model to feature number 1726, Angelakisella sp022794295
2026-01-11 15:34:13.162966 INFO::Fitting model to feature number 1727, UBA3818 sp910578255
2026-01-11 15:34:13.167569 WARNING::Fitting problem for feature 1727 returning NA
2026-01-11 15:34:13.170674 INFO::Fitting model to feature number 1728, MGYG000325720
2026-01-11 15:34:13.175577 INFO::Fitting model to feature number 1729, MGYG000326653
2026-01-11 15:34:13.180584 INFO::Fitting model to feature number 1730, Ruminococcus_C sp000433635
2026-01-11 15:34:13.185498 INFO::Fitting model to feature number 1731, Harryflintia sp022792175
2026-01-11 15:34:13.188312 WARNING::Fitting problem for feature 1731 returning NA
2026-01-11 15:34:13.190892 INFO::Fitting model to feature number 1732, MGYG000410206
2026-01-11 15:34:13.195901 INFO::Fitting model to feature number 1733, MGYG000410157
2026-01-11 15:34:13.201357 INFO::Fitting model to feature number 1734, Fimimonas sp910586625
2026-01-11 15:34:13.206736 INFO::Fitting model to feature number 1735, MGYG000344714
2026-01-11 15:34:13.215253 INFO::Fitting model to feature number 1736, MGYG000324647
2026-01-11 15:34:13.219172 WARNING::Fitting problem for feature 1736 returning NA
2026-01-11 15:34:13.222323 INFO::Fitting model to feature number 1737, MGYG000409944
2026-01-11 15:34:13.226827 INFO::Fitting model to feature number 1738, MGYG000377617
2026-01-11 15:34:13.231155 WARNING::Fitting problem for feature 1738 returning NA
2026-01-11 15:34:13.234386 INFO::Fitting model to feature number 1739, MGYG000325091
2026-01-11 15:34:13.239046 INFO::Fitting model to feature number 1740, Atopostipes sp910588235
2026-01-11 15:34:13.246216 INFO::Fitting model to feature number 1741, MGYG000325609
2026-01-11 15:34:13.250929 INFO::Fitting model to feature number 1742, Cryptobacteroides sp000434935
2026-01-11 15:34:13.256574 INFO::Fitting model to feature number 1743, MGBC119817 sp910585335
2026-01-11 15:34:13.261299 INFO::Fitting model to feature number 1744, MGYG000325369
2026-01-11 15:34:13.265605 WARNING::Fitting problem for feature 1744 returning NA
2026-01-11 15:34:13.268718 INFO::Fitting model to feature number 1745, MGYG000325412
2026-01-11 15:34:13.27467 INFO::Fitting model to feature number 1746, MGYG000329682
2026-01-11 15:34:13.279586 INFO::Fitting model to feature number 1747, MGYG000323975
2026-01-11 15:34:13.284494 INFO::Fitting model to feature number 1748, MGYG000330936
2026-01-11 15:34:13.289208 INFO::Fitting model to feature number 1749, Alistipes shahii
2026-01-11 15:34:13.294287 INFO::Fitting model to feature number 1750, Eisenbergiella sp900066775
2026-01-11 15:34:13.298277 INFO::Fitting model to feature number 1751, Murimonas intestini
2026-01-11 15:34:13.301556 INFO::Fitting model to feature number 1752, Mediterraneibacter torques
2026-01-11 15:34:13.304761 INFO::Fitting model to feature number 1753, Caccousia sp900752115
2026-01-11 15:34:13.308085 INFO::Fitting model to feature number 1754, MGYG000327130
2026-01-11 15:34:13.311881 INFO::Fitting model to feature number 1755, Klebsiella pneumoniae
2026-01-11 15:34:13.317425 INFO::Fitting model to feature number 1756, Citrobacter_A sedlakii
2026-01-11 15:34:13.32301 INFO::Fitting model to feature number 1757, Proteus faecis
2026-01-11 15:34:13.329354 INFO::Fitting model to feature number 1758, Paraprevotella sp910584955
2026-01-11 15:34:13.332449 WARNING::Fitting problem for feature 1758 returning NA
2026-01-11 15:34:13.335469 INFO::Fitting model to feature number 1759, Paraprevotella clara
2026-01-11 15:34:13.339081 WARNING::Fitting problem for feature 1759 returning NA
2026-01-11 15:34:13.342057 INFO::Fitting model to feature number 1760, RUG572 sp900547945
2026-01-11 15:34:13.346071 WARNING::Fitting problem for feature 1760 returning NA
2026-01-11 15:34:13.349584 INFO::Fitting model to feature number 1761, Streptococcus thermophilus
2026-01-11 15:34:13.353665 INFO::Fitting model to feature number 1762, MGYG000392040
2026-01-11 15:34:13.358674 INFO::Fitting model to feature number 1763, MGYG000336888
2026-01-11 15:34:13.36301 INFO::Fitting model to feature number 1764, MGYG000323672
2026-01-11 15:34:13.366884 INFO::Fitting model to feature number 1765, Streptococcus sp000187445
2026-01-11 15:34:13.371462 INFO::Fitting model to feature number 1766, Mycobacterium aubagnense
2026-01-11 15:34:13.375017 INFO::Fitting model to feature number 1767, Pseudomonas_E shahriarae
2026-01-11 15:34:14.105808 INFO::Creating fits folder
2026-01-11 15:34:14.106814 INFO::Writing model objects to file /home/julianne/Documents/slc_si_paper/results/Bracken/SMT_Maaslin3/Full//Site_Sex_Genotype/fits/models_linear.rds
2026-01-11 15:34:18.291126 INFO::Writing residuals to file /home/julianne/Documents/slc_si_paper/results/Bracken/SMT_Maaslin3/Full//Site_Sex_Genotype/fits/residuals_linear.rds
2026-01-11 15:34:18.319694 INFO::Writing fitted values to file /home/julianne/Documents/slc_si_paper/results/Bracken/SMT_Maaslin3/Full//Site_Sex_Genotype/fits/fitted_linear.rds
2026-01-11 15:34:18.347825 INFO::Writing model objects to file /home/julianne/Documents/slc_si_paper/results/Bracken/SMT_Maaslin3/Full//Site_Sex_Genotype/fits/models_logistic.rds
2026-01-11 15:35:09.798927 INFO::Writing residuals to file /home/julianne/Documents/slc_si_paper/results/Bracken/SMT_Maaslin3/Full//Site_Sex_Genotype/fits/residuals_logistic.rds
2026-01-11 15:35:09.907984 INFO::Writing fitted values to file /home/julianne/Documents/slc_si_paper/results/Bracken/SMT_Maaslin3/Full//Site_Sex_Genotype/fits/fitted_logistic.rds
2026-01-11 15:35:10.11028 INFO::Writing all the results to file (ordered 
            by increasing individual q-values): /home/julianne/Documents/slc_si_paper/results/Bracken/SMT_Maaslin3/Full//Site_Sex_Genotype/all_results.tsv
2026-01-11 15:35:10.317921 INFO::Writing the significant results without errors (those which have joint q-values less than or equal to the threshold of 0.250000 ) to file (ordered by increasing individual q-values): /home/julianne/Documents/slc_si_paper/results/Bracken/SMT_Maaslin3/Full//Site_Sex_Genotype/significant_results.tsv
2026-01-11 15:35:10.354642 INFO::Creating output figures folder
2026-01-11 15:35:10.382958 INFO::Writing summary plot of significant
                        results to file: /home/julianne/Documents/slc_si_paper/results/Bracken/SMT_Maaslin3/Full//Site_Sex_Genotype/figures/summary_plot.pdf
2026-01-11 15:35:13.462323 INFO::Writing association plots (one for each significant association) to output folder: /home/julianne/Documents/slc_si_paper/results/Bracken/SMT_Maaslin3/Full//Site_Sex_Genotype/figures
2026-01-11 15:35:13.466406 INFO::Plotting associations from most to least significant, grouped by metadata
2026-01-11 15:35:13.472786 INFO::Creating box plot for categorical data (linear), 
                        Genotype vs UBA11957 sp910588295
2026-01-11 15:35:13.499586 INFO::Creating box plot for categorical data (linear), 
                        Genotype vs Choladocola sp910574965
2026-01-11 15:35:13.530141 INFO::Creating box plot for categorical data (linear), 
                        Genotype vs MD308 sp010206225
2026-01-11 15:35:13.555297 INFO::Creating box plot for categorical data (linear), 
                        Sex vs MGYG000329984
2026-01-11 15:35:13.579045 INFO::Creating box plot for categorical data (linear), 
                        Sex vs Parvibacter caecicola
2026-01-11 15:35:13.601162 INFO::Creating box plot for categorical data (linear), 
                        Genotype vs Lawsonibacter sp910589085
2026-01-11 15:35:13.627345 INFO::Creating box plot for categorical data (linear), 
                        Sex vs Muribaculum gordoncarteri
2026-01-11 15:35:13.668592 INFO::Creating box plot for categorical data (linear), 
                        Genotype vs MGYG000323047
2026-01-11 15:35:13.707201 INFO::Creating box plot for categorical data (linear), 
                        Sex vs D16-63 sp910588095
2026-01-11 15:35:13.745706 INFO::Creating box plot for categorical data (linear), 
                        Genotype vs Thomasclavelia cocleata
2026-01-11 15:35:13.795043 INFO::Creating box plot for categorical data (linear), 
                        Genotype vs NM07-P-09 sp004793665
2026-01-11 15:35:13.850751 INFO::Creating box plot for categorical data (linear), 
                        Genotype vs Zhenpiania sp910575405
2026-01-11 15:35:13.877403 INFO::Creating box plot for categorical data (linear), 
                        Genotype vs Enterenecus sp910579155
2026-01-11 15:35:13.914271 INFO::Creating box plot for categorical data (linear), 
                        Sex vs Adlercreutzia sp910585575
2026-01-11 15:35:13.950769 INFO::Creating box plot for categorical data (linear), 
                        Genotype vs Paramuribaculum sp001689535
2026-01-11 15:35:13.985439 INFO::Creating box plot for categorical data (linear), 
                        Sex vs MGYG000410711
2026-01-11 15:35:14.020844 INFO::Creating box plot for categorical data (linear), 
                        Genotype vs Bariatricus sp022793995
2026-01-11 15:35:14.05496 INFO::Creating box plot for categorical data (linear), 
                        Genotype vs MGYG000326314
2026-01-11 15:35:14.086062 INFO::Creating box plot for categorical data (linear), 
                        Sex vs Muribaculum sp910587665
2026-01-11 15:35:14.120047 INFO::Creating box plot for categorical data (linear), 
                        Sex vs Acutalibacter sp910588935
