2026-01-11 16:24:43.542644 INFO::Writing function arguments to log file
2026-01-11 16:24:43.543619 DEBUG::Function arguments
2026-01-11 16:24:43.544099 DEBUG::Output folder: /home/julianne/Documents/slc_si_paper/results/Bracken/SMT_Maaslin3/Ileum//Sequencing_Depth_Sex_Genotype
2026-01-11 16:24:43.544485 DEBUG::Formula:
2026-01-11 16:24:43.544881 DEBUG::Fixed effects: Sequencing_Depth,Sex,Genotype
2026-01-11 16:24:43.545217 DEBUG::Reference:
2026-01-11 16:24:43.545492 DEBUG::Random effects:
2026-01-11 16:24:43.545746 DEBUG::Group effects:
2026-01-11 16:24:43.545999 DEBUG::Ordered effects:
2026-01-11 16:24:43.546243 DEBUG::Strata effects:
2026-01-11 16:24:43.546511 DEBUG::Min Abundance: 0.000000
2026-01-11 16:24:43.546788 DEBUG::Min Prevalence: 0.000000
2026-01-11 16:24:43.547019 DEBUG::Max Prevalence: 1.000000
2026-01-11 16:24:43.547265 DEBUG::Zero Threshold: 0.000000
2026-01-11 16:24:43.547508 DEBUG::Min variance: 0.000000
2026-01-11 16:24:43.547755 DEBUG::Max significance: 0.250000
2026-01-11 16:24:43.548008 DEBUG::Normalization: TSS
2026-01-11 16:24:43.548224 DEBUG::Transform: LOG
2026-01-11 16:24:43.548437 DEBUG::Correction method: BH
2026-01-11 16:24:43.548661 DEBUG::Standardize: TRUE
2026-01-11 16:24:43.549 DEBUG::Abundance median comparison: TRUE
2026-01-11 16:24:43.549433 DEBUG::Prevalence median comparison: FALSE
2026-01-11 16:24:43.549958 DEBUG::Abundance median comparison threshold: 0
2026-01-11 16:24:43.550329 DEBUG::Prevalence median comparison threshold: 0
2026-01-11 16:24:43.550726 DEBUG::Subtract median: FALSE
2026-01-11 16:24:43.55096 DEBUG::Warn prevalence: TRUE
2026-01-11 16:24:43.551161 DEBUG::Small random effects: FALSE
2026-01-11 16:24:43.551357 DEBUG::Augment: TRUE
2026-01-11 16:24:43.551551 DEBUG::Evaluate only:
2026-01-11 16:24:43.551751 DEBUG::Cores: 1
2026-01-11 16:24:43.551959 DEBUG::Balanced Summary plot: FALSE
2026-01-11 16:24:43.552166 INFO::Verifying options selected are valid
2026-01-11 16:24:43.552723 INFO::Determining format of input files
2026-01-11 16:24:43.555662 INFO::Input format is data samples as columns and metadata samples as rows
2026-01-11 16:24:43.573404 DEBUG::Transformed data so samples are rows
2026-01-11 16:24:43.574669 DEBUG::A total of 30 samples were found in both the data and metadata
2026-01-11 16:24:43.57501 DEBUG::Reordering data/metadata to use same sample ordering
2026-01-11 16:24:43.596192 INFO::Formula for fixed effects: expr ~  Sequencing_Depth + Sex + Genotype
2026-01-11 16:24:43.597066 INFO::Running selected normalization method: TSS
2026-01-11 16:24:43.730565 INFO::Writing normalized data to file /home/julianne/Documents/slc_si_paper/results/Bracken/SMT_Maaslin3/Ileum//Sequencing_Depth_Sex_Genotype/features/data_norm.tsv
2026-01-11 16:24:43.784719 INFO::Filter data based on min abundance, min prevalence, and max prevalence
2026-01-11 16:24:43.78786 INFO::Total samples in data: 30
2026-01-11 16:24:43.789417 INFO::Min samples required with min abundance for a feature not to be filtered: 0.000000
2026-01-11 16:24:43.790327 INFO::Max samples allowed with min abundance for a feature not to be filtered: 30.000000
2026-01-11 16:24:44.971198 INFO::Total filtered features: 353
2026-01-11 16:24:44.973019 INFO::Filtered feature names from abundance, min prevalence, and max prevalence filtering: MGYG000327462, MGYG000326942, Barnesiella intestinihominis, MGYG000328589, Merdisoma sp910586955, MGYG000325314, MGYG000325636, MGYG000328392, C-53 sp003612525, MGYG000326088, UBA1417 sp900549945, UBA1394 sp900066845, Faecalibacterium prausnitzii_F, MGYG000329160, MGYG000325472, RACS-045 sp013316135, MGBC161649 sp910587685, MGYG000410782, Gallimonas sp910586675, Gallimonas sp910578065, Comamonas acidovorans, MGYG000330427, Brachyspira sp910578695, Sediminibacterium magnilacihabitans, CAG-303 sp910585215, MGYG000324871, MGYG000330606, CAJFUH01 sp022799115, MGYG000378024, MGBC157735 sp910587445, MGYG000357633, Treponema_D sp014804085, MGBC139354 sp910586295, MGBC119817 sp910585335, Coprosoma sp902783895, MGYG000327915, Bacillus spizizenii, Allobacillus halotolerans, Caccosoma sp905197115, MGYG000325901, MGYG000325412, Alistipes_A sp910583985, MGYG000325656, MGYG000325417, Acetatifactor intestinalis, MGYG000329006, Blautia_A faecis, Hominisplanchenecus faecis, MGYG000329682, Fimenecus sp900540295, Clostridium_AM scatologenes, MGYG000374388, MGYG000323085, MGYG000410940, Massiliimalia timonensis, MGYG000325459, MGYG000325725, Alistipes sp910586375, Alistipes sp014796635, Alistipes sp910584485, MGYG000325702, MGYG000329018, MGYG000325591, Alistipes sp902363575, Alistipes sp017442365, MGYG000340909, Butyricimonas sp900184685, CAG-273 sp910589185, MGYG000327606, MGYG000375485, JAAWPK01 sp022799935, MGYG000388007, CAKPSH01 sp022795675, Coproplasma sp910577055, Coproplasma sp910578565, Coproplasma sp910583855, Pumilibacter sp022791915, MGYG000327260, Streptococcus danieliae_A, MGYG000325460, MGYG000330364, MGYG000325579, MGYG000409929, MGBC122484 sp910577395, MGYG000326706, Alistipes sp904502285, MGYG000325317, MGYG000323691, Tidjanibacter inops, Prevotella sp002265625, Prevotella sp900552515, Phocaeicola coprophilus, Paraprevotella sp003477995, MGYG000326974, Cryptobacteroides sp000432515, Butyricimonas sp003479425, Faecousia sp000434635, MGBC124762 sp910584395, Vescimonas sp900551995, Vescimonas sp900545585, Ruminiclostridium_E sp910579265, MGYG000323133, CAG-115 sp910579125, MGYG000327681, RGIG8773 sp910586535, MGYG000325664, MGYG000325398, Faecalibacterium sp900540455, MGYG000323027, MGYG000326165, MGYG000325440, MGYG000350587, Lachnospira sp910585095, MGYG000323782, MGYG000329879, Coprocola sp910586765, MGYG000410417, MGYG000327215, MGYG000351753, MGYG000403946, MGYG000340871, MGYG000330483, MGYG000375087, MGYG000380654, MGYG000433109, MGYG000329231, MGYG000410463, MGYG000325858, MGYG000410524, MGYG000329904, MGYG000328992, MGYG000328749, CAG-273 sp022797215, MGYG000329641, MGYG000365455, MGYG000410067, CAG-269 sp022791675, MGYG000328621, MGYG000329059, CAG-269 sp022794095, CAG-269 sp022795075, MGYG000342663, CAG-269 sp022794055, MGYG000365232, MGYG000328829, MGYG000332630, MGYG000330993, MGYG000329131, MGYG000329360, MGYG000329624, MGYG000326992, MGYG000411110, MGYG000323120, MGYG000329191, JAAWPK01 sp022792975, MGYG000328409, MGYG000331294, MGYG000329735, RGIG8482 sp022799315, MGYG000381662, MGYG000410934, MGYG000392056, MGYG000331304, MGYG000392748, UMGS1663 sp022791325, MGYG000331248, MGYG000330612, MGYG000410581, MGYG000324615, MGYG000324828, Anaerocaecibacter muris, MGYG000368690, Coproplasma sp910577875, Coproplasma sp910583545, Coproplasma sp910579585, MGYG000328739, Coproplasma sp910587365, Coproplasma sp910587015, Coproplasma sp910588685, Gallimonas sp910586655, Gallimonas sp910586245, Limiplasma sp900548145, MGBC101980 sp910576875, Caccovivens sp022793335, MGYG000330827, Caccovivens sp910584295, MGYG000322927, Dwaynesavagella sp000270205, Caloranaerobacter azorensis, MGYG000325321, MGYG000411329, MGYG000411579, MGYG000382271, Holdemanella sp900556915, MGYG000326094, MGYG000329498, MGYG000410618, MGBC162581 sp910587725, MGYG000324636, MGYG000393403, MGYG000326232, MGBC108787 sp910587325, MGYG000332018, MGYG000382898, Caccenecus sp910587745, MGBC162267 sp910588025, MGYG000339283, MGYG000411598, MGYG000326177, MGYG000411458, MGYG000352855, MGYG000333853, MGYG000326629, MGYG000388827, MGYG000328000, MGYG000388416, UBA7185 sp002491065, MGYG000358274, MGYG000331915, Stercorousia sp910588555, Prevotella sp900553595, Rikenella sp910577125, Alistipes_A indistinctus, MGYG000325402, MGYG000410739, Coproplasma sp910588645, MGYG000325461, MGYG000410947, MGYG000328716, Emergencia sp022767345, MGYG000377252, MGYG000413576, Rikenella sp910579375, MGYG000326979, Faecousia sp900544975, Vescimonas sp003539495, MGYG000323103, MGYG000325742, MGYG000323031, MGYG000327114, MGYG000325704, CAG-590 sp910584695, SIG299 sp910583815, MGYG000401852, MGBC114079 sp910579745, Coproplasma sp910585785, MGYG000410802, Coproplasma sp910578145, MGYG000325961, Coproplasma sp910587005, MGYG000323619, MGYG000325462, MGYG000325588, Coproplasma sp910586345, MGYG000410533, Gallimonas sp910588695, Gallimonas sp910585235, MGYG000324646, Gallimonas sp910585595, MGBC157735 sp022793815, Anaerocaecibacter sp910587455, Anaerocaecibacter sp910577435, Anaerocaecibacter sp910588315, MGYG000410645, Anaerocaecibacter sp910577945, MGYG000325722, MGYG000324927, MGYG000331340, MGYG000325536, RACS-045 sp910584635, MGYG000326065, MGYG000325675, MGYG000325553, MGYG000325718, MGYG000325353, RACS-045 sp910578245, MGBC100798 sp910577845, MGBC100798 sp910588545, CAG-475 sp910584155, MGYG000376978, Fimimonas sp910587795, MGYG000410634, MGYG000368618, MGBC116941 sp910585035, CAG-269 sp900556945, MGYG000331161, CAG-41 sp900066215, MGBC122484 sp910577515, MGYG000410279, MGBC122484 sp910587175, MGYG000329677, MGBC122484 sp910587375, MGYG000372439, MGYG000326479, MGYG000342110, Muribacter muris, MGYG000336045, Corynebacterium mastitidis, Phocaeicola sp000434735, Prevotella sp002299635, Prevotella sp000434975, Prevotella sp002251385, Prevotella sp900552675, Prevotella sp900543975, Prevotella sp000436035, Prevotella copri_B, Prevotella sp003447235, Alloprevotella sp900539625, UBA4372 sp900543815, UBA6398 sp003150315, MGYG000325629, MGYG000325649, MGYG000325521, MGBC100798 sp910584035, CAG-177 sp003514385, Enterobacter roggenkampii, Kosakonia cowanii, Morganella morganii, Enterococcus_B faecium, Enterococcus_B hirae, Enterococcus_A avium, Streptococcus sp000187445, Clostridium_AQ innocuum, Catenibacterium sp000437715, Mammaliicoccus sciuri, MGYG000330358, Kosmotoga_B pacifica, UBA3818 sp910587335, MGYG000325420, Massiliimalia sp910579175, Phocea massiliensis, MGYG000329752, MGYG000325714, Enterocloster lavalensis, MGYG000331096, MGYG000358607, Coprovivens sp910577505, Aneurinibacillus aneurinilyticus, Parolsenella catena, MGYG000330619, Mycobacterium aubagnense, Salinibacter ruber, Anaerostipes hadrus, UBA1417 sp003531055, Flemingibacterium sp900546315, Firm-10 sp934636425, Faecivicinus sp900553265, 51-20 sp910587405, MGYG000362033, MGYG000325516, Streptococcus salivarius, Pseudomonas_E shahriarae, MGYG000366009
2026-01-11 16:24:45.018387 INFO::Total features filtered by non-zero variance filtering: 164
2026-01-11 16:24:45.021371 INFO::Filtered feature names from variance filtering: UBA1436 sp910576915, Lactococcus lactis, CAG-710 sp000432595, Prevotella sp000436915, MGYG000325795, MGYG000326972, 14-2 sp022790855, MGYG000325513, Roseburia intestinalis, Blautia sp001304935, Acetatifactor sp022793065, MGYG000325395, MGYG000330490, MGYG000324752, COE1 sp910586095, Eubacterium_F sp910589665, MGYG000325404, MGYG000328329, Butyrivibrio_A sp910577605, MGBC114844 sp910579865, UBA1405 sp910589145, MGYG000328468, UMGS1601 sp900545345, MGYG000330888, Anaerocaecibacter sp910578545, RGIG7179 sp022793795, MGYG000327020, MGYG000411069, MGYG000324401, Alistipes communis, MGYG000330701, MGYG000325578, MGYG000331358, COE1 sp009774345, MGYG000326060, MGYG000324350, MGYG000325311, MGYG000329762, URXU01 sp900541915, Dielma sp001305055, CAG-582 sp910587065, MGBC119817 sp910586195, MGYG000329305, MGYG000329183, UBA3282 sp910585555, Acetatifactor sp910577235, MGYG000325498, CAG-317 sp000433535, MGYG000325599, CAG-603 sp910578175, Coprocola sp910583755, Scatomorpha sp900545405, MGYG000327368, MGYG000327859, Lacticaseibacillus paracasei, MGYG000325508, MGYG000331430, Brachyspira sp910588665, MGYG000410730, MGYG000383351, MGYG000328450, MGYG000325740, Agathobacter rectalis, MGBC114844 sp910585855, Oliverpabstia sp002361775, Dorea_A longicatena_B, JAAVZI01 sp022791575, Heteroclostridium sp910585195, Oliverpabstia intestinalis, MGYG000330825, Methylovirgula sp021780015, MGYG000325635, Lacrimispora indica, RACS-045 sp910588015, MGYG000325793, Coproplasma sp910578765, MGYG000352721, Helicobacter_C sp910577135, Lysinibacillus sp023337795, 51-20 sp910577095, MGYG000325751, Absicoccus sp000434355, MGYG000374819, MGYG000325616, Eubacterium_F sp003491505, Eubacterium_F sp900539115, Eubacterium_F sp910584875, Butyribacter sp910577825, MGYG000328455, MGYG000329982, MGYG000329041, MGYG000331355, Choladousia sp902363135, MGYG000325445, MGYG000324619, MGYG000325654, Lacrimispora celerecrescens_B, CAG-632 sp000431515, MGYG000322973, MGYG000327784, MGYG000329422, MGYG000336017, Faecousia sp910589155, MGYG000410450, Vescimonas coprocola, MGYG000390383, MGYG000322982, MGYG000325106, Angelakisella sp022794295, UBA3818 sp910578255, MGYG000325720, MGYG000326653, Ruminococcus_C sp000433635, MGYG000410206, UMGS1668 sp900553955, Pseudobutyricicoccus sp910585875, MGYG000410157, MGYG000409944, MGYG000403771, MGYG000325091, Atopostipes sp910588235, MGYG000325609, MGYG000324383, Parabacteroides gordonii, MGYG000325369, Coprocola sp910587195, MGYG000330936, Alistipes shahii, Eisenbergiella sp900066775, Murimonas intestini, Mediterraneibacter torques, Caccousia sp900752115, MGYG000327130, Ruminococcus sp002362135, MGYG000325359, MGYG000325563, Prevotella sp900313215, MGYG000325556, Alloprevotella sp900542795, Paraprevotella sp910584955, Paraprevotella clara, Alistipes sp910580175, MGYG000325594, MGYG000325683, CAG-170 sp900548625, Vescimonas sp000435975, MGYG000325673, CAG-41 sp910585795, Klebsiella quasipneumoniae, Klebsiella oxytoca, Proteus mirabilis, Streptococcus thermophilus, MGYG000392040, MGYG000336888, MGYG000323672, MGYG000387283, Eisenbergiella tayi, Blautia sp000432195, Lachnospira eligens_A, Choladousia sp902363665, MGYG000328544, JAAWTG01 sp022801925, Butyricimonas synergistica, Parasutterella gallistercoris
2026-01-11 16:24:45.023098 INFO::Writing filtered data to file /home/julianne/Documents/slc_si_paper/results/Bracken/SMT_Maaslin3/Ileum//Sequencing_Depth_Sex_Genotype/features/filtered_data.tsv
2026-01-11 16:24:45.091378 INFO::Running selected transform method: LOG
2026-01-11 16:24:45.130373 INFO::Writing normalized, filtered, transformed data to file /home/julianne/Documents/slc_si_paper/results/Bracken/SMT_Maaslin3/Ileum//Sequencing_Depth_Sex_Genotype/features/data_transformed.tsv
2026-01-11 16:24:45.206005 INFO::Factor detected for categorial metadata 'Genotype'. Using as-is.
2026-01-11 16:24:45.207281 INFO::Applying z-score to standardize continuous metadata
2026-01-11 16:24:45.279666 INFO::Running the linear model component
2026-01-11 16:24:45.342654 DEBUG::Object: augment, Size: 56
2026-01-11 16:24:45.343413 DEBUG::Object: cluster, Size: 0
2026-01-11 16:24:45.344083 DEBUG::Object: cores, Size: 56
2026-01-11 16:24:45.344628 DEBUG::Object: correction, Size: 112
2026-01-11 16:24:45.345176 DEBUG::Object: extract_out, Size: 1696
2026-01-11 16:24:45.345681 DEBUG::Object: feature_specific_covariate, Size: 0
2026-01-11 16:24:45.346245 DEBUG::Object: feature_specific_covariate_name, Size: 0
2026-01-11 16:24:45.346874 DEBUG::Object: feature_specific_covariate_record, Size: 0
2026-01-11 16:24:45.348369 DEBUG::Object: features, Size: 631736
2026-01-11 16:24:45.349181 DEBUG::Object: formula, Size: 1288
2026-01-11 16:24:45.350242 DEBUG::Object: fun_list, Size: 58768
2026-01-11 16:24:45.351174 DEBUG::Object: func_to_run, Size: 435336
2026-01-11 16:24:45.351959 DEBUG::Object: groups, Size: 48
2026-01-11 16:24:45.352699 DEBUG::Object: median_comparison, Size: 56
2026-01-11 16:24:45.353486 DEBUG::Object: median_comparison_threshold, Size: 56
2026-01-11 16:24:45.354299 DEBUG::Object: metadata, Size: 9856
2026-01-11 16:24:45.355054 DEBUG::Object: model, Size: 112
2026-01-11 16:24:45.355808 DEBUG::Object: model_function, Size: 8864
2026-01-11 16:24:45.356495 DEBUG::Object: ordereds, Size: 48
2026-01-11 16:24:45.357145 DEBUG::Object: random_effects_formula, Size: 0
2026-01-11 16:24:45.357877 DEBUG::Object: ranef_function, Size: 0
2026-01-11 16:24:45.358542 DEBUG::Object: save_models, Size: 56
2026-01-11 16:24:45.359128 DEBUG::Object: small_random_effects, Size: 56
2026-01-11 16:24:45.359712 DEBUG::Object: strata, Size: 48
2026-01-11 16:24:45.360271 DEBUG::Object: subtract_median, Size: 56
2026-01-11 16:24:45.360744 DEBUG::Object: summary_function, Size: 49424
2026-01-11 16:24:45.361377 DEBUG::Object: func_to_run, Size: 435336
2026-01-11 16:24:45.364542 INFO::Fitting model to feature number 1, Akkermansia muciniphila_A
2026-01-11 16:24:45.412446 INFO::Fitting model to feature number 2, Akkermansia muciniphila
2026-01-11 16:24:45.418354 INFO::Fitting model to feature number 3, Faecalibaculum rodentium
2026-01-11 16:24:45.426675 INFO::Fitting model to feature number 4, Pelethenecus sp910579215
2026-01-11 16:24:45.431561 INFO::Fitting model to feature number 5, MGYG000325581
2026-01-11 16:24:45.43752 INFO::Fitting model to feature number 6, Alistipes finegoldii
2026-01-11 16:24:45.446748 INFO::Fitting model to feature number 7, MGYG000325477
2026-01-11 16:24:45.453745 INFO::Fitting model to feature number 8, Paramuribaculum sp001689535
2026-01-11 16:24:45.463654 INFO::Fitting model to feature number 9, Paramuribaculum sp910587425
2026-01-11 16:24:45.469984 INFO::Fitting model to feature number 10, Muribaculum intestinale
2026-01-11 16:24:45.478356 INFO::Fitting model to feature number 11, NM07-P-09 sp004793925
2026-01-11 16:24:45.487081 INFO::Fitting model to feature number 12, ZJ304 sp910584145
2026-01-11 16:24:45.497107 INFO::Fitting model to feature number 13, Bifidobacterium globosum
2026-01-11 16:24:45.502883 INFO::Fitting model to feature number 14, MGYG000333678
2026-01-11 16:24:45.510309 INFO::Fitting model to feature number 15, Schaedlerella sp910575475
2026-01-11 16:24:45.51727 INFO::Fitting model to feature number 16, Lawsonibacter sp910588635
2026-01-11 16:24:45.527444 INFO::Fitting model to feature number 17, MGBC122484 sp910587055
2026-01-11 16:24:45.533499 INFO::Fitting model to feature number 18, Desulfovibrio sp009773975
2026-01-11 16:24:45.543055 INFO::Fitting model to feature number 19, NM07-P-09 sp004793665
2026-01-11 16:24:45.549125 INFO::Fitting model to feature number 20, MGBC105563 sp910579165
2026-01-11 16:24:45.559614 INFO::Fitting model to feature number 21, MGYG000327895
2026-01-11 16:24:45.56548 INFO::Fitting model to feature number 22, Paratractidigestivibacter faecalis
2026-01-11 16:24:45.57297 INFO::Fitting model to feature number 23, Paratractidigestivibacter sp900540955
2026-01-11 16:24:45.581798 INFO::Fitting model to feature number 24, MGYG000330582
2026-01-11 16:24:45.592193 INFO::Fitting model to feature number 25, MGYG000329032
2026-01-11 16:24:45.59915 INFO::Fitting model to feature number 26, Adlercreutzia muris
2026-01-11 16:24:45.606431 INFO::Fitting model to feature number 27, Adlercreutzia caecimuris
2026-01-11 16:24:45.615582 INFO::Fitting model to feature number 28, Adlercreutzia mucosicola
2026-01-11 16:24:45.625064 INFO::Fitting model to feature number 29, MGYG000329825
2026-01-11 16:24:45.632526 INFO::Fitting model to feature number 30, Adlercreutzia hattorii
2026-01-11 16:24:45.64571 INFO::Fitting model to feature number 31, Adlercreutzia sp910589165
2026-01-11 16:24:45.651856 INFO::Fitting model to feature number 32, MGYG000329537
2026-01-11 16:24:45.662843 INFO::Fitting model to feature number 33, MGYG000327852
2026-01-11 16:24:45.669847 INFO::Fitting model to feature number 34, Adlercreutzia sp910585575
2026-01-11 16:24:45.67795 INFO::Fitting model to feature number 35, MGBC163016 sp910588205
2026-01-11 16:24:45.682728 INFO::Fitting model to feature number 36, MGBC163016 sp910589135
2026-01-11 16:24:45.68934 INFO::Fitting model to feature number 37, MGBC163016 sp910588945
2026-01-11 16:24:45.696141 INFO::Fitting model to feature number 38, MGBC163016 sp910588905
2026-01-11 16:24:45.70111 INFO::Fitting model to feature number 39, MGYG000329984
2026-01-11 16:24:45.708695 INFO::Fitting model to feature number 40, MGYG000328464
2026-01-11 16:24:45.714186 INFO::Fitting model to feature number 41, MGYG000366993
2026-01-11 16:24:45.719916 INFO::Fitting model to feature number 42, MGBC163016 sp910585565
2026-01-11 16:24:45.728039 INFO::Fitting model to feature number 43, MGBC163016 sp910589125
2026-01-11 16:24:45.732774 INFO::Fitting model to feature number 44, MGYG000328353
2026-01-11 16:24:45.740058 INFO::Fitting model to feature number 45, MGBC163016 sp910580205
2026-01-11 16:24:45.746063 INFO::Fitting model to feature number 46, MGBC163016 sp910588985
2026-01-11 16:24:45.75183 INFO::Fitting model to feature number 47, MGBC163016 sp910588435
2026-01-11 16:24:45.761435 INFO::Fitting model to feature number 48, D16-63 sp910588095
2026-01-11 16:24:45.766623 INFO::Fitting model to feature number 49, MGYG000328321
2026-01-11 16:24:45.779552 INFO::Fitting model to feature number 50, MGYG000410711
2026-01-11 16:24:45.789942 INFO::Fitting model to feature number 51, Enterorhabdus sp009911695
2026-01-11 16:24:45.799263 INFO::Fitting model to feature number 52, MGYG000329834
2026-01-11 16:24:45.810698 INFO::Fitting model to feature number 53, Enterorhabdus sp910589695
2026-01-11 16:24:45.819685 INFO::Fitting model to feature number 54, D16-34 sp910575165
2026-01-11 16:24:45.829646 INFO::Fitting model to feature number 55, D16-34 sp003612515
2026-01-11 16:24:45.836837 INFO::Fitting model to feature number 56, D16-34 sp910577495
2026-01-11 16:24:45.846784 INFO::Fitting model to feature number 57, ZJ304 sp943192905
2026-01-11 16:24:45.854646 INFO::Fitting model to feature number 58, MGYG000401219
2026-01-11 16:24:45.863234 INFO::Fitting model to feature number 59, Parvibacter caecicola
2026-01-11 16:24:45.869357 INFO::Fitting model to feature number 60, Parvibacter sp910587945
2026-01-11 16:24:45.878048 INFO::Fitting model to feature number 61, MGYG000329896
2026-01-11 16:24:45.887208 INFO::Fitting model to feature number 62, Parvibacter sp910588725
2026-01-11 16:24:45.901536 INFO::Fitting model to feature number 63, MGYG000328306
2026-01-11 16:24:45.912163 INFO::Fitting model to feature number 64, MGYG000328451
2026-01-11 16:24:45.922535 INFO::Fitting model to feature number 65, Anaerotardibacter sp000435675
2026-01-11 16:24:45.931379 INFO::Fitting model to feature number 66, Anaerotardibacter sp900753095
2026-01-11 16:24:45.941873 INFO::Fitting model to feature number 67, Gordonibacter pamelaeae
2026-01-11 16:24:45.950936 INFO::Fitting model to feature number 68, Eggerthella lenta
2026-01-11 16:24:45.961439 INFO::Fitting model to feature number 69, Ellagibacter isourolithinifaciens
2026-01-11 16:24:45.971178 INFO::Fitting model to feature number 70, Senegalimassilia faecalis
2026-01-11 16:24:45.979843 INFO::Fitting model to feature number 71, Slackia_A isoflavoniconvertens
2026-01-11 16:24:45.987436 INFO::Fitting model to feature number 72, Collinsella aerofaciens_J
2026-01-11 16:24:45.994808 INFO::Fitting model to feature number 73, Enorma burkinafasonensis
2026-01-11 16:24:46.000952 INFO::Fitting model to feature number 74, MGYG000410812
2026-01-11 16:24:46.009274 INFO::Fitting model to feature number 75, UMGS124 sp900555105
2026-01-11 16:24:46.015393 INFO::Fitting model to feature number 76, Bifidobacterium animalis
2026-01-11 16:24:46.022477 INFO::Fitting model to feature number 77, Bifidobacterium adolescentis
2026-01-11 16:24:46.029047 INFO::Fitting model to feature number 78, Bifidobacterium pseudocatenulatum
2026-01-11 16:24:46.037549 INFO::Fitting model to feature number 79, Bifidobacterium bifidum
2026-01-11 16:24:46.046281 INFO::Fitting model to feature number 80, Bifidobacterium longum
2026-01-11 16:24:46.058856 INFO::Fitting model to feature number 81, MGYG000329693
2026-01-11 16:24:46.067872 INFO::Fitting model to feature number 82, Paramuribaculum intestinale
2026-01-11 16:24:46.077243 INFO::Fitting model to feature number 83, Paramuribaculum sp001689565
2026-01-11 16:24:46.085565 INFO::Fitting model to feature number 84, Paramuribaculum sp910579675
2026-01-11 16:24:46.093513 INFO::Fitting model to feature number 85, MGYG000329858
2026-01-11 16:24:46.100741 INFO::Fitting model to feature number 86, Paramuribaculum sp910578805
2026-01-11 16:24:46.107442 INFO::Fitting model to feature number 87, MGYG000325717
2026-01-11 16:24:46.11355 INFO::Fitting model to feature number 88, Paramuribaculum sp910579185
2026-01-11 16:24:46.120101 INFO::Fitting model to feature number 89, MGYG000329300
2026-01-11 16:24:46.127524 INFO::Fitting model to feature number 90, Paramuribaculum sp009775605
2026-01-11 16:24:46.135511 INFO::Fitting model to feature number 91, Paramuribaculum sp910586475
2026-01-11 16:24:46.143262 INFO::Fitting model to feature number 92, MGYG000325727
2026-01-11 16:24:46.148968 INFO::Fitting model to feature number 93, Paramuribaculum sp910588065
2026-01-11 16:24:46.155704 INFO::Fitting model to feature number 94, Paramuribaculum sp910578305
2026-01-11 16:24:46.161867 INFO::Fitting model to feature number 95, Paramuribaculum sp910587185
2026-01-11 16:24:46.168606 INFO::Fitting model to feature number 96, Paramuribaculum sp910577465
2026-01-11 16:24:46.175026 INFO::Fitting model to feature number 97, Paramuribaculum sp910586895
2026-01-11 16:24:46.180666 INFO::Fitting model to feature number 98, Paramuribaculum sp910589095
2026-01-11 16:24:46.186944 INFO::Fitting model to feature number 99, Paramuribaculum sp014800945
2026-01-11 16:24:46.193461 INFO::Fitting model to feature number 100, MGYG000325457
2026-01-11 16:24:46.19921 INFO::Fitting model to feature number 101, Paramuribaculum sp014802045
2026-01-11 16:24:46.206905 INFO::Fitting model to feature number 102, MGYG000325750
2026-01-11 16:24:46.213656 INFO::Fitting model to feature number 103, MGYG000325361
2026-01-11 16:24:46.2213 INFO::Fitting model to feature number 104, Paramuribaculum sp014801865
2026-01-11 16:24:46.227464 INFO::Fitting model to feature number 105, Paramuribaculum sp014801655
2026-01-11 16:24:46.233065 INFO::Fitting model to feature number 106, MGYG000325540
2026-01-11 16:24:46.241628 INFO::Fitting model to feature number 107, Duncaniella sp910576785
2026-01-11 16:24:46.249633 INFO::Fitting model to feature number 108, Duncaniella dubosii
2026-01-11 16:24:46.257098 INFO::Fitting model to feature number 109, Duncaniella sp910589485
2026-01-11 16:24:46.262798 INFO::Fitting model to feature number 110, Duncaniella sp001689575
2026-01-11 16:24:46.269858 INFO::Fitting model to feature number 111, Duncaniella muris
2026-01-11 16:24:46.278328 INFO::Fitting model to feature number 112, Duncaniella sp910578445
2026-01-11 16:24:46.287506 INFO::Fitting model to feature number 113, Duncaniella freteri
2026-01-11 16:24:46.294501 INFO::Fitting model to feature number 114, Duncaniella sp910578515
2026-01-11 16:24:46.301289 INFO::Fitting model to feature number 115, Duncaniella sp910577255
2026-01-11 16:24:46.309073 INFO::Fitting model to feature number 116, Duncaniella sp910577345
2026-01-11 16:24:46.315431 INFO::Fitting model to feature number 117, Duncaniella sp910577335
2026-01-11 16:24:46.32172 INFO::Fitting model to feature number 118, MGYG000325799
2026-01-11 16:24:46.3274 INFO::Fitting model to feature number 119, Duncaniella sp014802345
2026-01-11 16:24:46.332282 INFO::Fitting model to feature number 120, Duncaniella sp910578615
2026-01-11 16:24:46.339209 INFO::Fitting model to feature number 121, MGYG000325465
2026-01-11 16:24:46.344592 INFO::Fitting model to feature number 122, Duncaniella sp910586305
2026-01-11 16:24:46.352113 INFO::Fitting model to feature number 123, Duncaniella sp001689495
2026-01-11 16:24:46.358373 INFO::Fitting model to feature number 124, MGYG000327170
2026-01-11 16:24:46.366606 INFO::Fitting model to feature number 125, Duncaniella sp910584825
2026-01-11 16:24:46.373242 INFO::Fitting model to feature number 126, Duncaniella sp910587165
2026-01-11 16:24:46.378456 INFO::Fitting model to feature number 127, MGYG000325518
2026-01-11 16:24:46.383719 INFO::Fitting model to feature number 128, Duncaniella sp002494015
2026-01-11 16:24:46.390023 INFO::Fitting model to feature number 129, Duncaniella sp910587515
2026-01-11 16:24:46.394885 INFO::Fitting model to feature number 130, Duncaniella sp910586665
2026-01-11 16:24:46.399489 INFO::Fitting model to feature number 131, Duncaniella sp014801945
2026-01-11 16:24:46.405305 INFO::Fitting model to feature number 132, Duncaniella sp910588795
2026-01-11 16:24:46.410475 INFO::Fitting model to feature number 133, Duncaniella sp001701225
2026-01-11 16:24:46.416103 INFO::Fitting model to feature number 134, Duncaniella sp014802325
2026-01-11 16:24:46.422303 INFO::Fitting model to feature number 135, Duncaniella sp014802015
2026-01-11 16:24:46.428078 INFO::Fitting model to feature number 136, MGYG000325456
2026-01-11 16:24:46.434786 INFO::Fitting model to feature number 137, MGYG000325723
2026-01-11 16:24:46.442258 INFO::Fitting model to feature number 138, MGYG000325575
2026-01-11 16:24:46.447679 INFO::Fitting model to feature number 139, MGYG000325671
2026-01-11 16:24:46.454923 INFO::Fitting model to feature number 140, CAG-873 sp009775135
2026-01-11 16:24:46.462563 INFO::Fitting model to feature number 141, CAG-873 sp002490635
2026-01-11 16:24:46.469502 INFO::Fitting model to feature number 142, MGYG000328238
2026-01-11 16:24:46.478849 INFO::Fitting model to feature number 143, CAG-873 sp009775265
2026-01-11 16:24:46.486889 INFO::Fitting model to feature number 144, CAG-873 sp011959565
2026-01-11 16:24:46.4956 INFO::Fitting model to feature number 145, CAG-873 sp910578365
2026-01-11 16:24:46.501632 INFO::Fitting model to feature number 146, CAG-873 sp910587235
2026-01-11 16:24:46.511823 INFO::Fitting model to feature number 147, CAG-873 sp009775225
2026-01-11 16:24:46.520428 INFO::Fitting model to feature number 148, CAG-873 sp009775535
2026-01-11 16:24:46.530207 INFO::Fitting model to feature number 149, CAG-873 sp910577315
2026-01-11 16:24:46.543833 INFO::Fitting model to feature number 150, CAG-873 sp910584905
2026-01-11 16:24:46.549719 INFO::Fitting model to feature number 151, CAG-873 sp910587545
2026-01-11 16:24:46.563701 INFO::Fitting model to feature number 152, CAG-873 sp910586455
2026-01-11 16:24:46.572376 INFO::Fitting model to feature number 153, MGYG000324412
2026-01-11 16:24:46.581307 INFO::Fitting model to feature number 154, CAG-873 sp910587915
2026-01-11 16:24:46.591974 INFO::Fitting model to feature number 155, CAG-873 sp001689665
2026-01-11 16:24:46.598164 INFO::Fitting model to feature number 156, CAG-873 sp017624155
2026-01-11 16:24:46.611397 INFO::Fitting model to feature number 157, MGYG000329414
2026-01-11 16:24:46.625762 INFO::Fitting model to feature number 158, CAG-873 sp910578095
2026-01-11 16:24:46.645509 INFO::Fitting model to feature number 159, CAG-873 sp910586975
2026-01-11 16:24:46.664192 INFO::Fitting model to feature number 160, CAG-873 sp001689415
2026-01-11 16:24:46.688584 INFO::Fitting model to feature number 161, MGYG000325453
2026-01-11 16:24:46.700065 INFO::Fitting model to feature number 162, CAG-873 sp910587475
2026-01-11 16:24:46.722037 INFO::Fitting model to feature number 163, CAG-873 sp900550395
2026-01-11 16:24:46.737477 INFO::Fitting model to feature number 164, MGYG000325639
2026-01-11 16:24:46.758305 INFO::Fitting model to feature number 165, CAG-873 sp910576935
2026-01-11 16:24:46.7761 INFO::Fitting model to feature number 166, MGYG000328998
2026-01-11 16:24:46.79109 INFO::Fitting model to feature number 167, CAG-873 sp910578035
2026-01-11 16:24:46.825437 INFO::Fitting model to feature number 168, MGYG000322997
2026-01-11 16:24:46.862861 INFO::Fitting model to feature number 169, MGYG000325431
2026-01-11 16:24:46.891145 INFO::Fitting model to feature number 170, CAG-873 sp905202215
2026-01-11 16:24:46.912197 INFO::Fitting model to feature number 171, CAG-873 sp009775195
2026-01-11 16:24:46.929743 INFO::Fitting model to feature number 172, CAG-873 sp910586995
2026-01-11 16:24:46.952496 INFO::Fitting model to feature number 173, CAG-873 sp910577355
2026-01-11 16:24:46.973926 INFO::Fitting model to feature number 174, MGYG000325570
2026-01-11 16:24:46.996612 INFO::Fitting model to feature number 175, MGYG000325620
2026-01-11 16:24:47.026984 INFO::Fitting model to feature number 176, CAG-873 sp001701165
2026-01-11 16:24:47.045358 INFO::Fitting model to feature number 177, MGYG000325469
2026-01-11 16:24:47.065136 INFO::Fitting model to feature number 178, CAG-873 sp003979155
2026-01-11 16:24:47.082965 INFO::Fitting model to feature number 179, MGYG000325729
2026-01-11 16:24:47.098787 INFO::Fitting model to feature number 180, CAG-873 sp910576775
2026-01-11 16:24:47.109587 INFO::Fitting model to feature number 181, MGYG000325342
2026-01-11 16:24:47.123454 INFO::Fitting model to feature number 182, MGYG000325463
2026-01-11 16:24:47.141987 INFO::Fitting model to feature number 183, CAG-873 sp910587355
2026-01-11 16:24:47.162588 INFO::Fitting model to feature number 184, CAG-873 sp910583525
2026-01-11 16:24:47.188766 INFO::Fitting model to feature number 185, MGYG000328958
2026-01-11 16:24:47.207209 INFO::Fitting model to feature number 186, MGYG000325379
2026-01-11 16:24:47.253068 INFO::Fitting model to feature number 187, CAG-873 sp910584495
2026-01-11 16:24:47.258983 INFO::Fitting model to feature number 188, CAG-873 sp910589055
2026-01-11 16:24:47.264069 INFO::Fitting model to feature number 189, CAG-873 sp910586595
2026-01-11 16:24:47.270646 INFO::Fitting model to feature number 190, MGYG000325473
2026-01-11 16:24:47.275718 INFO::Fitting model to feature number 191, CAG-873 sp910587925
2026-01-11 16:24:47.280178 INFO::Fitting model to feature number 192, CAG-873 sp900555715
2026-01-11 16:24:47.284587 INFO::Fitting model to feature number 193, CAG-873 sp002493945
2026-01-11 16:24:47.290464 INFO::Fitting model to feature number 194, CAG-873 sp002491245
2026-01-11 16:24:47.294953 INFO::Fitting model to feature number 195, MGYG000329571
2026-01-11 16:24:47.299253 INFO::Fitting model to feature number 196, MGYG000325537
2026-01-11 16:24:47.30439 INFO::Fitting model to feature number 197, CAG-485 sp009775365
2026-01-11 16:24:47.309109 INFO::Fitting model to feature number 198, CAG-485 sp002493045
2026-01-11 16:24:47.313658 INFO::Fitting model to feature number 199, CAG-485 sp009775355
2026-01-11 16:24:47.318323 INFO::Fitting model to feature number 200, CAG-485 sp002362485
2026-01-11 16:24:47.324408 INFO::Fitting model to feature number 201, CAG-485 sp002361215
2026-01-11 16:24:47.329651 INFO::Fitting model to feature number 202, CAG-485 sp002491945
2026-01-11 16:24:47.33537 INFO::Fitting model to feature number 203, CAG-485 sp002361155
2026-01-11 16:24:47.342041 INFO::Fitting model to feature number 204, MGYG000410771
2026-01-11 16:24:47.346865 INFO::Fitting model to feature number 205, MGYG000325582
2026-01-11 16:24:47.352416 INFO::Fitting model to feature number 206, CAG-485 sp002493515
2026-01-11 16:24:47.358406 INFO::Fitting model to feature number 207, CAG-485 sp003979075
2026-01-11 16:24:47.363085 INFO::Fitting model to feature number 208, CAG-485 sp001701295
2026-01-11 16:24:47.36799 INFO::Fitting model to feature number 209, MGYG000325475
2026-01-11 16:24:47.373772 INFO::Fitting model to feature number 210, MGYG000327930
2026-01-11 16:24:47.378685 INFO::Fitting model to feature number 211, CAG-485 sp910584055
2026-01-11 16:24:47.383947 INFO::Fitting model to feature number 212, MGYG000325569
2026-01-11 16:24:47.389832 INFO::Fitting model to feature number 213, CAG-485 sp910579845
2026-01-11 16:24:47.396553 INFO::Fitting model to feature number 214, CAG-485 sp910584125
2026-01-11 16:24:47.403565 INFO::Fitting model to feature number 215, CAG-485 sp910578385
2026-01-11 16:24:47.411312 INFO::Fitting model to feature number 216, MGYG000325346
2026-01-11 16:24:47.418192 INFO::Fitting model to feature number 217, MGYG000324474
2026-01-11 16:24:47.425985 INFO::Fitting model to feature number 218, CAG-485 sp910586175
2026-01-11 16:24:47.431247 INFO::Fitting model to feature number 219, MGYG000329437
2026-01-11 16:24:47.438821 INFO::Fitting model to feature number 220, MGYG000325442
2026-01-11 16:24:47.447699 INFO::Fitting model to feature number 221, CAG-485 sp910577585
2026-01-11 16:24:47.455965 INFO::Fitting model to feature number 222, CAG-485 sp009775375
2026-01-11 16:24:47.461566 INFO::Fitting model to feature number 223, MGYG000347897
2026-01-11 16:24:47.466705 INFO::Fitting model to feature number 224, CAG-485 sp910578075
2026-01-11 16:24:47.472735 INFO::Fitting model to feature number 225, CAG-485 sp900554845
2026-01-11 16:24:47.47846 INFO::Fitting model to feature number 226, CAG-485 sp910583775
2026-01-11 16:24:47.485104 INFO::Fitting model to feature number 227, MGYG000325760
2026-01-11 16:24:47.492332 INFO::Fitting model to feature number 228, MGYG000325660
2026-01-11 16:24:47.498628 INFO::Fitting model to feature number 229, CAG-485 sp910584545
2026-01-11 16:24:47.50491 INFO::Fitting model to feature number 230, MGYG000325658
2026-01-11 16:24:47.510579 INFO::Fitting model to feature number 231, CAG-485 sp910584525
2026-01-11 16:24:47.515973 INFO::Fitting model to feature number 232, CAG-485 sp910583795
2026-01-11 16:24:47.522061 INFO::Fitting model to feature number 233, CAG-485 sp910585275
2026-01-11 16:24:47.529207 INFO::Fitting model to feature number 234, MGYG000325481
2026-01-11 16:24:47.535673 INFO::Fitting model to feature number 235, CAG-485 sp910589425
2026-01-11 16:24:47.542709 INFO::Fitting model to feature number 236, CAG-485 sp910588245
2026-01-11 16:24:47.54828 INFO::Fitting model to feature number 237, CAG-485 sp014801815
2026-01-11 16:24:47.556565 INFO::Fitting model to feature number 238, MGYG000329106
2026-01-11 16:24:47.563492 INFO::Fitting model to feature number 239, MGYG000325458
2026-01-11 16:24:47.569152 INFO::Fitting model to feature number 240, MGYG000325710
2026-01-11 16:24:47.577232 INFO::Fitting model to feature number 241, MGYG000325738
2026-01-11 16:24:47.583454 INFO::Fitting model to feature number 242, MGYG000325560
2026-01-11 16:24:47.591798 INFO::Fitting model to feature number 243, CAG-485 sp910579305
2026-01-11 16:24:47.599911 INFO::Fitting model to feature number 244, MGYG000325644
2026-01-11 16:24:47.608594 INFO::Fitting model to feature number 245, CAG-485 sp900760815
2026-01-11 16:24:47.617375 INFO::Fitting model to feature number 246, MGYG000325315
2026-01-11 16:24:47.624858 INFO::Fitting model to feature number 247, MGYG000325633
2026-01-11 16:24:47.632961 INFO::Fitting model to feature number 248, MGYG000325436
2026-01-11 16:24:47.640944 INFO::Fitting model to feature number 249, MGYG000325715
2026-01-11 16:24:47.646899 INFO::Fitting model to feature number 250, MGYG000325350
2026-01-11 16:24:47.654607 INFO::Fitting model to feature number 251, MGYG000325747
2026-01-11 16:24:47.66294 INFO::Fitting model to feature number 252, MGYG000325437
2026-01-11 16:24:47.668966 INFO::Fitting model to feature number 253, CAG-485 sp014800895
2026-01-11 16:24:47.675571 INFO::Fitting model to feature number 254, MGYG000325541
2026-01-11 16:24:47.682431 INFO::Fitting model to feature number 255, MGYG000325479
2026-01-11 16:24:47.689358 INFO::Fitting model to feature number 256, CAG-485 sp910585285
2026-01-11 16:24:47.69651 INFO::Fitting model to feature number 257, CAG-485 sp910584185
2026-01-11 16:24:47.703254 INFO::Fitting model to feature number 258, MGYG000325680
2026-01-11 16:24:47.709706 INFO::Fitting model to feature number 259, MGYG000325622
2026-01-11 16:24:47.716012 INFO::Fitting model to feature number 260, MGYG000325425
2026-01-11 16:24:47.722963 INFO::Fitting model to feature number 261, MGYG000325415
2026-01-11 16:24:47.728675 INFO::Fitting model to feature number 262, CAG-485 sp900550645
2026-01-11 16:24:47.73427 INFO::Fitting model to feature number 263, MGYG000325597
2026-01-11 16:24:47.740562 INFO::Fitting model to feature number 264, MGYG000325446
2026-01-11 16:24:47.746285 INFO::Fitting model to feature number 265, MGYG000325721
2026-01-11 16:24:47.752109 INFO::Fitting model to feature number 266, Muribaculum gordoncarteri
2026-01-11 16:24:47.759632 INFO::Fitting model to feature number 267, Muribaculum sp009775095
2026-01-11 16:24:47.766143 INFO::Fitting model to feature number 268, Muribaculum sp002473395
2026-01-11 16:24:47.772937 INFO::Fitting model to feature number 269, Muribaculum faecis
2026-01-11 16:24:47.780216 INFO::Fitting model to feature number 270, MGYG000325310
2026-01-11 16:24:47.786447 INFO::Fitting model to feature number 271, Muribaculum sp910587665
2026-01-11 16:24:47.794299 INFO::Fitting model to feature number 272, Muribaculum sp001701195
2026-01-11 16:24:47.80191 INFO::Fitting model to feature number 273, Muribaculum sp910578785
2026-01-11 16:24:47.808206 INFO::Fitting model to feature number 274, Muribaculum sp910589555
2026-01-11 16:24:47.815981 INFO::Fitting model to feature number 275, Muribaculum arabinoxylanisolvens
2026-01-11 16:24:47.823629 INFO::Fitting model to feature number 276, Muribaculum sp003150235
2026-01-11 16:24:47.830365 INFO::Fitting model to feature number 277, MGYG000328540
2026-01-11 16:24:47.835455 INFO::Fitting model to feature number 278, Muribaculum sp910583865
2026-01-11 16:24:47.842353 INFO::Fitting model to feature number 279, Muribaculum sp910578835
2026-01-11 16:24:47.848485 INFO::Fitting model to feature number 280, Muribaculum sp001701065
2026-01-11 16:24:47.85688 INFO::Fitting model to feature number 281, MGYG000328957
2026-01-11 16:24:47.862384 INFO::Fitting model to feature number 282, UBA7173 sp001689485
2026-01-11 16:24:47.869912 INFO::Fitting model to feature number 283, UBA7173 sp001689685
2026-01-11 16:24:47.878884 INFO::Fitting model to feature number 284, UBA7173 sp002491305
2026-01-11 16:24:47.886506 INFO::Fitting model to feature number 285, UBA7173 sp013316675
2026-01-11 16:24:47.894832 INFO::Fitting model to feature number 286, MGYG000329847
2026-01-11 16:24:47.90285 INFO::Fitting model to feature number 287, UBA7173 sp013316535
2026-01-11 16:24:47.910542 INFO::Fitting model to feature number 288, UBA7173 sp910584365
2026-01-11 16:24:47.918123 INFO::Fitting model to feature number 289, UBA7173 sp910583675
2026-01-11 16:24:47.926236 INFO::Fitting model to feature number 290, MGYG000325674
2026-01-11 16:24:47.933171 INFO::Fitting model to feature number 291, UBA7173 sp910584735
2026-01-11 16:24:47.940443 INFO::Fitting model to feature number 292, UBA7173 sp900548705
2026-01-11 16:24:47.947411 INFO::Fitting model to feature number 293, UBA7173 sp910585755
2026-01-11 16:24:47.954005 INFO::Fitting model to feature number 294, UBA7173 sp910579105
2026-01-11 16:24:47.961239 INFO::Fitting model to feature number 295, UBA7173 sp910586565
2026-01-11 16:24:47.967723 INFO::Fitting model to feature number 296, UBA7173 sp900555165
2026-01-11 16:24:47.974773 INFO::Fitting model to feature number 297, UBA7173 sp910587075
2026-01-11 16:24:47.980366 INFO::Fitting model to feature number 298, MGYG000410332
2026-01-11 16:24:47.987379 INFO::Fitting model to feature number 299, MGYG000325632
2026-01-11 16:24:47.993766 INFO::Fitting model to feature number 300, MGYG000325803
2026-01-11 16:24:47.998904 INFO::Fitting model to feature number 301, JAFLTL01 sp910578395
2026-01-11 16:24:48.005636 INFO::Fitting model to feature number 302, MGYG000325590
2026-01-11 16:24:48.01105 INFO::Fitting model to feature number 303, UBA3263 sp001689615
2026-01-11 16:24:48.016166 INFO::Fitting model to feature number 304, MGYG000325470
2026-01-11 16:24:48.02989 INFO::Fitting model to feature number 305, UBA3263 sp002490725
2026-01-11 16:24:48.038229 INFO::Fitting model to feature number 306, MGYG000331010
2026-01-11 16:24:48.046076 INFO::Fitting model to feature number 307, UBA3263 sp014801955
2026-01-11 16:24:48.053116 INFO::Fitting model to feature number 308, MGYG000325619
2026-01-11 16:24:48.06086 INFO::Fitting model to feature number 309, MGYG000325600
2026-01-11 16:24:48.068278 INFO::Fitting model to feature number 310, MGYG000325598
2026-01-11 16:24:48.075311 INFO::Fitting model to feature number 311, JAGBWK01 sp001915385
2026-01-11 16:24:48.083392 INFO::Fitting model to feature number 312, JAGBWK01 sp004102805
2026-01-11 16:24:48.090772 INFO::Fitting model to feature number 313, MGYG000325382
2026-01-11 16:24:48.097627 INFO::Fitting model to feature number 314, MGYG000327564
2026-01-11 16:24:48.105115 INFO::Fitting model to feature number 315, MGYG000328504
2026-01-11 16:24:48.111775 INFO::Fitting model to feature number 316, JAAVFS01 sp910584665
2026-01-11 16:24:48.116612 INFO::Fitting model to feature number 317, MGYG000325322
2026-01-11 16:24:48.124067 INFO::Fitting model to feature number 318, MGYG000325435
2026-01-11 16:24:48.131264 INFO::Fitting model to feature number 319, CAJUPY01 sp910588035
2026-01-11 16:24:48.138436 INFO::Fitting model to feature number 320, MGYG000325343
2026-01-11 16:24:48.145181 INFO::Fitting model to feature number 321, CAJUPY01 sp014802535
2026-01-11 16:24:48.151591 INFO::Fitting model to feature number 322, MGYG000325663
2026-01-11 16:24:48.157963 INFO::Fitting model to feature number 323, M3 sp001689445
2026-01-11 16:24:48.163051 INFO::Fitting model to feature number 324, MGYG000328741
2026-01-11 16:24:48.168304 INFO::Fitting model to feature number 325, CAG-1031 sp000431215
2026-01-11 16:24:48.174565 INFO::Fitting model to feature number 326, Amulumruptor sp001689515
2026-01-11 16:24:48.181189 INFO::Fitting model to feature number 327, Amulumruptor sp900539915
2026-01-11 16:24:48.18787 INFO::Fitting model to feature number 328, Sodaliphilus sp004557565
2026-01-11 16:24:48.194726 INFO::Fitting model to feature number 329, Limisoma sp000437795
2026-01-11 16:24:48.199797 INFO::Fitting model to feature number 330, Bacteroides sp002491635
2026-01-11 16:24:48.205944 INFO::Fitting model to feature number 331, Bacteroides sp910578895
2026-01-11 16:24:48.211422 INFO::Fitting model to feature number 332, Bacteroides acidifaciens
2026-01-11 16:24:48.217219 INFO::Fitting model to feature number 333, Bacteroides caecimuris
2026-01-11 16:24:48.224423 INFO::Fitting model to feature number 334, Bacteroides sp910586915
2026-01-11 16:24:48.230942 INFO::Fitting model to feature number 335, Bacteroides uniformis
2026-01-11 16:24:48.238801 INFO::Fitting model to feature number 336, Bacteroides sp910585845
2026-01-11 16:24:48.244316 INFO::Fitting model to feature number 337, Bacteroides sp900765785
2026-01-11 16:24:48.24961 INFO::Fitting model to feature number 338, Bacteroides stercoris
2026-01-11 16:24:48.255488 INFO::Fitting model to feature number 339, MGYG000325585
2026-01-11 16:24:48.261102 INFO::Fitting model to feature number 340, Bacteroides nordii
2026-01-11 16:24:48.266098 INFO::Fitting model to feature number 341, Bacteroides congonensis
2026-01-11 16:24:48.271769 INFO::Fitting model to feature number 342, Bacteroides xylanisolvens
2026-01-11 16:24:48.277164 INFO::Fitting model to feature number 343, Bacteroides intestinalis
2026-01-11 16:24:48.282286 INFO::Fitting model to feature number 344, Bacteroides cellulosilyticus
2026-01-11 16:24:48.288477 INFO::Fitting model to feature number 345, Prevotella sp002933775
2026-01-11 16:24:48.295312 INFO::Fitting model to feature number 346, Prevotella muris
2026-01-11 16:24:48.30172 INFO::Fitting model to feature number 347, MGYG000325010
2026-01-11 16:24:48.30793 INFO::Fitting model to feature number 348, MGYG000325676
2026-01-11 16:24:48.313041 INFO::Fitting model to feature number 349, Prevotella sp013166515
2026-01-11 16:24:48.318299 INFO::Fitting model to feature number 350, Prevotella rodentium
2026-01-11 16:24:48.325933 INFO::Fitting model to feature number 351, Prevotella sp900545525
2026-01-11 16:24:48.332359 INFO::Fitting model to feature number 352, MGYG000325400
2026-01-11 16:24:48.340077 INFO::Fitting model to feature number 353, Prevotella intestinalis
2026-01-11 16:24:48.347924 INFO::Fitting model to feature number 354, Phocaeicola vulgatus
2026-01-11 16:24:48.35306 INFO::Fitting model to feature number 355, Phocaeicola sartorii
2026-01-11 16:24:48.35899 INFO::Fitting model to feature number 356, Phocaeicola sp011959205
2026-01-11 16:24:48.364607 INFO::Fitting model to feature number 357, Phocaeicola faecalis
2026-01-11 16:24:48.369186 INFO::Fitting model to feature number 358, Phocaeicola plebeius_A
2026-01-11 16:24:48.374664 INFO::Fitting model to feature number 359, Phocaeicola massiliensis
2026-01-11 16:24:48.37921 INFO::Fitting model to feature number 360, UBA4372 sp023665805
2026-01-11 16:24:48.38347 INFO::Fitting model to feature number 361, MGYG000325572
2026-01-11 16:24:48.388516 INFO::Fitting model to feature number 362, Alloprevotella sp009775705
2026-01-11 16:24:48.393598 INFO::Fitting model to feature number 363, Alloprevotella sp002933955
2026-01-11 16:24:48.397846 INFO::Fitting model to feature number 364, Paraprevotella sp900548345
2026-01-11 16:24:48.40203 INFO::Fitting model to feature number 365, Paraprevotella sp910586505
2026-01-11 16:24:48.407223 INFO::Fitting model to feature number 366, Alistipes sp002428825
2026-01-11 16:24:48.411691 INFO::Fitting model to feature number 367, Alistipes sp910587675
2026-01-11 16:24:48.416465 INFO::Fitting model to feature number 368, Alistipes timonensis
2026-01-11 16:24:48.421911 INFO::Fitting model to feature number 369, Alistipes sp910576555
2026-01-11 16:24:48.427629 INFO::Fitting model to feature number 370, Alistipes sp009774895
2026-01-11 16:24:48.434515 INFO::Fitting model to feature number 371, Alistipes sp002362235
2026-01-11 16:24:48.442163 INFO::Fitting model to feature number 372, Alistipes sp900552955
2026-01-11 16:24:48.44496 WARNING::Fitting problem for feature 372 returning NA
2026-01-11 16:24:48.447356 INFO::Fitting model to feature number 373, Alistipes sp910575495
2026-01-11 16:24:48.453625 INFO::Fitting model to feature number 374, Alistipes sp910577475
2026-01-11 16:24:48.45927 INFO::Fitting model to feature number 375, Alistipes sp002358415
2026-01-11 16:24:48.463843 INFO::Fitting model to feature number 376, Avirikenella sp910588925
2026-01-11 16:24:48.470741 INFO::Fitting model to feature number 377, MGYG000325667
2026-01-11 16:24:48.476881 INFO::Fitting model to feature number 378, Rikenella sp910577885
2026-01-11 16:24:48.482075 INFO::Fitting model to feature number 379, Parabacteroides distasonis
2026-01-11 16:24:48.488696 INFO::Fitting model to feature number 380, Parabacteroides goldsteinii
2026-01-11 16:24:48.493992 INFO::Fitting model to feature number 381, Parabacteroides sp900760525
2026-01-11 16:24:48.500346 INFO::Fitting model to feature number 382, Parabacteroides merdae
2026-01-11 16:24:48.505887 INFO::Fitting model to feature number 383, Odoribacter sp021771575
2026-01-11 16:24:48.512548 INFO::Fitting model to feature number 384, Odoribacter sp910578105
2026-01-11 16:24:48.517421 INFO::Fitting model to feature number 385, Odoribacter sp910589025
2026-01-11 16:24:48.52427 INFO::Fitting model to feature number 386, Butyricimonas virosa
2026-01-11 16:24:48.529104 INFO::Fitting model to feature number 387, Pullibacteroides sp910586395
2026-01-11 16:24:48.535629 INFO::Fitting model to feature number 388, Cryptobacteroides sp009774765
2026-01-11 16:24:48.541563 INFO::Fitting model to feature number 389, Cryptobacteroides sp910585445
2026-01-11 16:24:48.54649 INFO::Fitting model to feature number 390, Imtechella halotolerans
2026-01-11 16:24:48.553224 INFO::Fitting model to feature number 391, Faecalibaculum sp910588395
2026-01-11 16:24:48.559116 INFO::Fitting model to feature number 392, C-19 sp910576855
2026-01-11 16:24:48.564523 INFO::Fitting model to feature number 393, MGYG000329824
2026-01-11 16:24:48.567383 WARNING::Fitting problem for feature 393 returning NA
2026-01-11 16:24:48.569778 INFO::Fitting model to feature number 394, Ileibacterium valens
2026-01-11 16:24:48.575786 INFO::Fitting model to feature number 395, Dubosiella sp004793885
2026-01-11 16:24:48.580646 INFO::Fitting model to feature number 396, CAJTFG01 sp910575705
2026-01-11 16:24:48.58676 INFO::Fitting model to feature number 397, Thomasclavelia cocleata
2026-01-11 16:24:48.595086 INFO::Fitting model to feature number 398, Thomasclavelia ramosa
2026-01-11 16:24:48.601761 INFO::Fitting model to feature number 399, MGBC113645 sp910579135
2026-01-11 16:24:48.608973 INFO::Fitting model to feature number 400, Fimiplasma sp910588165
2026-01-11 16:24:48.616365 INFO::Fitting model to feature number 401, Lactobacillus intestinalis
2026-01-11 16:24:48.622319 INFO::Fitting model to feature number 402, Lactobacillus sp910589675
2026-01-11 16:24:48.628091 INFO::Fitting model to feature number 403, MGYG000329195
2026-01-11 16:24:48.635114 INFO::Fitting model to feature number 404, Lactobacillus taiwanensis
2026-01-11 16:24:48.651996 INFO::Fitting model to feature number 405, Lactobacillus amylovorus
2026-01-11 16:24:48.66057 INFO::Fitting model to feature number 406, MGYG000325525
2026-01-11 16:24:48.667878 INFO::Fitting model to feature number 407, MGYG000326943
2026-01-11 16:24:48.675977 INFO::Fitting model to feature number 408, Lactobacillus hominis
2026-01-11 16:24:48.682361 INFO::Fitting model to feature number 409, Lactobacillus acidophilus
2026-01-11 16:24:48.688081 INFO::Fitting model to feature number 410, MGYG000326944
2026-01-11 16:24:48.695959 INFO::Fitting model to feature number 411, Lactobacillus delbrueckii
2026-01-11 16:24:48.701367 INFO::Fitting model to feature number 412, Limosilactobacillus reuteri
2026-01-11 16:24:48.708706 INFO::Fitting model to feature number 413, Limosilactobacillus sp009663775
2026-01-11 16:24:48.716058 INFO::Fitting model to feature number 414, Limosilactobacillus fermentum
2026-01-11 16:24:48.722859 INFO::Fitting model to feature number 415, Limosilactobacillus equigenerosi
2026-01-11 16:24:48.731588 INFO::Fitting model to feature number 416, Limosilactobacillus portuensis
2026-01-11 16:24:48.738283 INFO::Fitting model to feature number 417, Ligilactobacillus murinus
2026-01-11 16:24:48.747043 INFO::Fitting model to feature number 418, Ligilactobacillus animalis
2026-01-11 16:24:48.755296 INFO::Fitting model to feature number 419, Ligilactobacillus sp910587695
2026-01-11 16:24:48.76355 INFO::Fitting model to feature number 420, Ligilactobacillus agilis
2026-01-11 16:24:48.770391 INFO::Fitting model to feature number 421, Pediococcus pentosaceus
2026-01-11 16:24:48.776805 INFO::Fitting model to feature number 422, Enterococcus faecalis
2026-01-11 16:24:48.784693 INFO::Fitting model to feature number 423, Turicibacter sp002311155
2026-01-11 16:24:48.797584 INFO::Fitting model to feature number 424, MGYG000380869
2026-01-11 16:24:48.806278 INFO::Fitting model to feature number 425, CAG-582 sp910577075
2026-01-11 16:24:48.825529 INFO::Fitting model to feature number 426, UBA5026 sp910576795
2026-01-11 16:24:48.839044 INFO::Fitting model to feature number 427, UBA5026 sp910586425
2026-01-11 16:24:48.849014 INFO::Fitting model to feature number 428, MGYG000330354
2026-01-11 16:24:48.85894 INFO::Fitting model to feature number 429, MGYG000338472
2026-01-11 16:24:48.868707 INFO::Fitting model to feature number 430, MGYG000329046
2026-01-11 16:24:48.878468 INFO::Fitting model to feature number 431, MGYG000331189
2026-01-11 16:24:48.888655 INFO::Fitting model to feature number 432, Mammaliicoccus lentus
2026-01-11 16:24:48.898001 INFO::Fitting model to feature number 433, Staphylococcus xylosus
2026-01-11 16:24:48.907679 INFO::Fitting model to feature number 434, MGYG000410805
2026-01-11 16:24:48.917061 INFO::Fitting model to feature number 435, Desulfovibrio sp910575755
2026-01-11 16:24:48.926694 INFO::Fitting model to feature number 436, Desulfovibrio sp910587035
2026-01-11 16:24:48.936265 INFO::Fitting model to feature number 437, Desulfovibrio sp910584445
2026-01-11 16:24:48.948646 INFO::Fitting model to feature number 438, MGYG000325668
2026-01-11 16:24:48.962483 INFO::Fitting model to feature number 439, Desulfovibrio sp900556755
2026-01-11 16:24:48.973008 INFO::Fitting model to feature number 440, Desulfovibrio sp905215675
2026-01-11 16:24:48.985361 INFO::Fitting model to feature number 441, MGYG000325515
2026-01-11 16:24:48.996586 INFO::Fitting model to feature number 442, Bilophila sp910585945
2026-01-11 16:24:49.010723 INFO::Fitting model to feature number 443, Bilophila faecipullorum
2026-01-11 16:24:49.019803 INFO::Fitting model to feature number 444, Bilophila sp902373525
2026-01-11 16:24:49.030513 INFO::Fitting model to feature number 445, Mailhella sp910579055
2026-01-11 16:24:49.06105 INFO::Fitting model to feature number 446, Mailhella excrementigallinarum
2026-01-11 16:24:49.077713 INFO::Fitting model to feature number 447, MGYG000399267
2026-01-11 16:24:49.088629 INFO::Fitting model to feature number 448, MGYG000410288
2026-01-11 16:24:49.097309 INFO::Fitting model to feature number 449, Schaedlerella sp910589385
2026-01-11 16:24:49.106769 INFO::Fitting model to feature number 450, Schaedlerella arabinosiphila
2026-01-11 16:24:49.116157 INFO::Fitting model to feature number 451, Schaedlerella sp009911175
2026-01-11 16:24:49.126336 INFO::Fitting model to feature number 452, MGYG000410694
2026-01-11 16:24:49.135192 INFO::Fitting model to feature number 453, Schaedlerella sp000403295
2026-01-11 16:24:49.143488 INFO::Fitting model to feature number 454, Schaedlerella sp910574865
2026-01-11 16:24:49.153132 INFO::Fitting model to feature number 455, Schaedlerella sp910574195
2026-01-11 16:24:49.161925 INFO::Fitting model to feature number 456, Schaedlerella sp943193195
2026-01-11 16:24:49.169116 INFO::Fitting model to feature number 457, Schaedlerella sp009774255
2026-01-11 16:24:49.178269 INFO::Fitting model to feature number 458, MGYG000328305
2026-01-11 16:24:49.18473 INFO::Fitting model to feature number 459, MD308 sp910575105
2026-01-11 16:24:49.193274 INFO::Fitting model to feature number 460, MD308 sp010206225
2026-01-11 16:24:49.200909 INFO::Fitting model to feature number 461, MGYG000323047
2026-01-11 16:24:49.209776 INFO::Fitting model to feature number 462, MD308 sp000403475
2026-01-11 16:24:49.217871 INFO::Fitting model to feature number 463, MGYG000326632
2026-01-11 16:24:49.226983 INFO::Fitting model to feature number 464, MD308 sp910578455
2026-01-11 16:24:49.236202 INFO::Fitting model to feature number 465, MD308 sp910586965
2026-01-11 16:24:49.245417 INFO::Fitting model to feature number 466, MD308 sp910584615
2026-01-11 16:24:49.253346 INFO::Fitting model to feature number 467, MGYG000410877
2026-01-11 16:24:49.261787 INFO::Fitting model to feature number 468, MGYG000324148
2026-01-11 16:24:49.268427 INFO::Fitting model to feature number 469, Sporofaciens sp910574715
2026-01-11 16:24:49.274936 INFO::Fitting model to feature number 470, Sporofaciens sp910579015
2026-01-11 16:24:49.280858 INFO::Fitting model to feature number 471, MGYG000353267
2026-01-11 16:24:49.286444 INFO::Fitting model to feature number 472, Sporofaciens sp910575835
2026-01-11 16:24:49.293364 INFO::Fitting model to feature number 473, Sporofaciens musculi
2026-01-11 16:24:49.298742 INFO::Fitting model to feature number 474, Sporofaciens sp009774295
2026-01-11 16:24:49.30437 INFO::Fitting model to feature number 475, Sporofaciens sp910574885
2026-01-11 16:24:49.3109 INFO::Fitting model to feature number 476, Sporofaciens sp000403455
2026-01-11 16:24:49.316567 INFO::Fitting model to feature number 477, Sporofaciens sp910577685
2026-01-11 16:24:49.323647 INFO::Fitting model to feature number 478, Sporofaciens sp910587575
2026-01-11 16:24:49.330351 INFO::Fitting model to feature number 479, Sporofaciens sp910585725
2026-01-11 16:24:49.337146 INFO::Fitting model to feature number 480, Sporofaciens sp910579925
2026-01-11 16:24:49.343792 INFO::Fitting model to feature number 481, MGYG000402809
2026-01-11 16:24:49.350779 INFO::Fitting model to feature number 482, UBA11957 sp910588295
2026-01-11 16:24:49.357167 INFO::Fitting model to feature number 483, MGYG000410400
2026-01-11 16:24:49.363228 INFO::Fitting model to feature number 484, Choladocola sp009774135
2026-01-11 16:24:49.369116 INFO::Fitting model to feature number 485, Choladocola sp910583615
2026-01-11 16:24:49.376173 INFO::Fitting model to feature number 486, Choladocola sp910585995
2026-01-11 16:24:49.382771 INFO::Fitting model to feature number 487, Choladocola sp009774145
2026-01-11 16:24:49.391113 INFO::Fitting model to feature number 488, Choladocola sp910584945
2026-01-11 16:24:49.397463 INFO::Fitting model to feature number 489, Choladocola sp910579225
2026-01-11 16:24:49.403069 INFO::Fitting model to feature number 490, Choladocola sp910584205
2026-01-11 16:24:49.41088 INFO::Fitting model to feature number 491, Choladocola sp910574965
2026-01-11 16:24:49.416959 INFO::Fitting model to feature number 492, Choladocola sp910575445
2026-01-11 16:24:49.424914 INFO::Fitting model to feature number 493, Choladocola sp910583895
2026-01-11 16:24:49.432239 INFO::Fitting model to feature number 494, Choladocola sp009774155
2026-01-11 16:24:49.440912 INFO::Fitting model to feature number 495, Choladocola sp910587495
2026-01-11 16:24:49.449715 INFO::Fitting model to feature number 496, Choladocola sp910585465
2026-01-11 16:24:49.457976 INFO::Fitting model to feature number 497, Choladocola sp910587765
2026-01-11 16:24:49.466985 INFO::Fitting model to feature number 498, MGYG000392954
2026-01-11 16:24:49.478941 INFO::Fitting model to feature number 499, Lachnoclostridium_B sp910584095
2026-01-11 16:24:49.49561 INFO::Fitting model to feature number 500, Lachnoclostridium_B sp910574185
2026-01-11 16:24:49.503353 INFO::Fitting model to feature number 501, MGYG000331109
2026-01-11 16:24:49.510162 INFO::Fitting model to feature number 502, Lachnoclostridium_B sp910584265
2026-01-11 16:24:49.515929 INFO::Fitting model to feature number 503, Lachnoclostridium_B sp910588745
2026-01-11 16:24:49.52288 INFO::Fitting model to feature number 504, Lachnoclostridium_B sp910589275
2026-01-11 16:24:49.530005 INFO::Fitting model to feature number 505, MGYG000328855
2026-01-11 16:24:49.53885 INFO::Fitting model to feature number 506, MGBC164599 sp910588825
2026-01-11 16:24:49.549683 INFO::Fitting model to feature number 507, MGBC164599 sp910575625
2026-01-11 16:24:49.560017 INFO::Fitting model to feature number 508, MGBC164599 sp910587105
2026-01-11 16:24:49.569848 INFO::Fitting model to feature number 509, MGBC164599 sp910588775
2026-01-11 16:24:49.581708 INFO::Fitting model to feature number 510, MGYG000330030
2026-01-11 16:24:49.590299 INFO::Fitting model to feature number 511, MGYG000330180
2026-01-11 16:24:49.656269 INFO::Fitting model to feature number 512, 14-2 sp910588845
2026-01-11 16:24:49.666336 INFO::Fitting model to feature number 513, 14-2 sp910577785
2026-01-11 16:24:49.681403 INFO::Fitting model to feature number 514, 14-2 sp910576385
2026-01-11 16:24:49.69348 INFO::Fitting model to feature number 515, 14-2 sp910575155
2026-01-11 16:24:49.701976 INFO::Fitting model to feature number 516, 14-2 sp910575035
2026-01-11 16:24:49.711481 INFO::Fitting model to feature number 517, 14-2 sp011960065
2026-01-11 16:24:49.721842 INFO::Fitting model to feature number 518, MGYG000409996
2026-01-11 16:24:49.730862 INFO::Fitting model to feature number 519, 14-2 sp910588285
2026-01-11 16:24:49.739995 INFO::Fitting model to feature number 520, 14-2 sp910575005
2026-01-11 16:24:49.757683 INFO::Fitting model to feature number 521, 14-2 sp910584585
2026-01-11 16:24:49.768168 INFO::Fitting model to feature number 522, 14-2 sp000403255
2026-01-11 16:24:49.775306 INFO::Fitting model to feature number 523, MGYG000411355
2026-01-11 16:24:49.781759 INFO::Fitting model to feature number 524, 14-2 sp910583835
2026-01-11 16:24:49.788789 INFO::Fitting model to feature number 525, 14-2 sp910575075
2026-01-11 16:24:49.796154 INFO::Fitting model to feature number 526, 14-2 sp000403315
2026-01-11 16:24:49.801891 INFO::Fitting model to feature number 527, 14-2 sp009774455
2026-01-11 16:24:49.809527 INFO::Fitting model to feature number 528, 14-2 sp910589635
2026-01-11 16:24:49.817369 INFO::Fitting model to feature number 529, 14-2 sp910576975
2026-01-11 16:24:49.825314 INFO::Fitting model to feature number 530, MGYG000411595
2026-01-11 16:24:49.834609 INFO::Fitting model to feature number 531, MGYG000328404
2026-01-11 16:24:49.844124 INFO::Fitting model to feature number 532, 14-2 sp910578825
2026-01-11 16:24:49.857277 INFO::Fitting model to feature number 533, MGYG000410992
2026-01-11 16:24:49.868669 INFO::Fitting model to feature number 534, MGYG000324849
2026-01-11 16:24:49.877949 INFO::Fitting model to feature number 535, 14-2 sp000403845
2026-01-11 16:24:49.885516 INFO::Fitting model to feature number 536, Eubacterium_F sp910574015
2026-01-11 16:24:49.892845 INFO::Fitting model to feature number 537, MGYG000330978
2026-01-11 16:24:49.900055 INFO::Fitting model to feature number 538, Eubacterium_F sp910575665
2026-01-11 16:24:49.910057 INFO::Fitting model to feature number 539, Eubacterium_F sp910585745
2026-01-11 16:24:49.918694 INFO::Fitting model to feature number 540, MGYG000329322
2026-01-11 16:24:49.929016 INFO::Fitting model to feature number 541, Eubacterium_F sp910579145
2026-01-11 16:24:49.937992 INFO::Fitting model to feature number 542, Caccovicinus sp910585635
2026-01-11 16:24:49.945473 INFO::Fitting model to feature number 543, Caccovicinus sp009774615
2026-01-11 16:24:49.953545 INFO::Fitting model to feature number 544, Caccovicinus sp910584785
2026-01-11 16:24:49.962405 INFO::Fitting model to feature number 545, MGYG000411451
2026-01-11 16:24:49.968232 INFO::Fitting model to feature number 546, Caccovicinus sp910575565
2026-01-11 16:24:49.976149 INFO::Fitting model to feature number 547, MGYG000322995
2026-01-11 16:24:49.98417 INFO::Fitting model to feature number 548, Caccovicinus sp910588895
2026-01-11 16:24:49.991481 INFO::Fitting model to feature number 549, Acetatifactor sp910576125
2026-01-11 16:24:49.999317 INFO::Fitting model to feature number 550, Acetatifactor sp910589035
2026-01-11 16:24:50.00793 INFO::Fitting model to feature number 551, Acetatifactor sp910579755
2026-01-11 16:24:50.015784 INFO::Fitting model to feature number 552, Acetatifactor sp910584865
2026-01-11 16:24:50.022396 INFO::Fitting model to feature number 553, Acetatifactor sp910585805
2026-01-11 16:24:50.028394 INFO::Fitting model to feature number 554, Acetatifactor sp910585425
2026-01-11 16:24:50.034455 INFO::Fitting model to feature number 555, Acetatifactor sp910585615
2026-01-11 16:24:50.044075 INFO::Fitting model to feature number 556, Acetatifactor sp910586775
2026-01-11 16:24:50.0515 INFO::Fitting model to feature number 557, Acetatifactor sp910589655
2026-01-11 16:24:50.06312 INFO::Fitting model to feature number 558, Acetatifactor sp910586835
2026-01-11 16:24:50.074597 INFO::Fitting model to feature number 559, Acetatifactor sp003612485
2026-01-11 16:24:50.083549 INFO::Fitting model to feature number 560, MGYG000329336
2026-01-11 16:24:50.08993 INFO::Fitting model to feature number 561, Acetatifactor sp910577185
2026-01-11 16:24:50.095835 INFO::Fitting model to feature number 562, MGYG000325587
2026-01-11 16:24:50.105026 INFO::Fitting model to feature number 563, Acetatifactor sp910584235
2026-01-11 16:24:50.111984 INFO::Fitting model to feature number 564, MGYG000325385
2026-01-11 16:24:50.117905 INFO::Fitting model to feature number 565, Acetatifactor sp910580225
2026-01-11 16:24:50.124339 INFO::Fitting model to feature number 566, Acetatifactor sp910577035
2026-01-11 16:24:50.130336 INFO::Fitting model to feature number 567, Acetatifactor sp910578995
2026-01-11 16:24:50.136534 INFO::Fitting model to feature number 568, Acetatifactor sp910578185
2026-01-11 16:24:50.142909 INFO::Fitting model to feature number 569, MGYG000327004
2026-01-11 16:24:50.14906 INFO::Fitting model to feature number 570, Acetatifactor sp910586485
2026-01-11 16:24:50.161737 INFO::Fitting model to feature number 571, MGYG000331015
2026-01-11 16:24:50.170896 INFO::Fitting model to feature number 572, Acetatifactor sp910587555
2026-01-11 16:24:50.182673 INFO::Fitting model to feature number 573, 1XD8-76 sp910578085
2026-01-11 16:24:50.194737 INFO::Fitting model to feature number 574, 1XD8-76 sp910573755
2026-01-11 16:24:50.202145 INFO::Fitting model to feature number 575, 1XD8-76 sp910577955
2026-01-11 16:24:50.213992 INFO::Fitting model to feature number 576, UBA3282 sp009774175
2026-01-11 16:24:50.228202 INFO::Fitting model to feature number 577, UBA3282 sp910575245
2026-01-11 16:24:50.238896 INFO::Fitting model to feature number 578, UBA3282 sp009774655
2026-01-11 16:24:50.247915 INFO::Fitting model to feature number 579, UBA3282 sp910577735
2026-01-11 16:24:50.257914 INFO::Fitting model to feature number 580, UBA3282 sp910588215
2026-01-11 16:24:50.266482 INFO::Fitting model to feature number 581, UBA3282 sp910584725
2026-01-11 16:24:50.276295 INFO::Fitting model to feature number 582, MGYG000329173
2026-01-11 16:24:50.285006 INFO::Fitting model to feature number 583, MGYG000325371
2026-01-11 16:24:50.295747 INFO::Fitting model to feature number 584, MGYG000324467
2026-01-11 16:24:50.306 INFO::Fitting model to feature number 585, UBA3282 sp910587095
2026-01-11 16:24:50.314732 INFO::Fitting model to feature number 586, UBA3282 sp009774585
2026-01-11 16:24:50.325445 INFO::Fitting model to feature number 587, UBA3282 sp910576815
2026-01-11 16:24:50.334473 INFO::Fitting model to feature number 588, UBA3282 sp910575775
2026-01-11 16:24:50.343539 INFO::Fitting model to feature number 589, UBA3282 sp003611805
2026-01-11 16:24:50.352306 INFO::Fitting model to feature number 590, UBA3282 sp910579285
2026-01-11 16:24:50.361885 INFO::Fitting model to feature number 591, UBA3282 sp910579505
2026-01-11 16:24:50.37032 INFO::Fitting model to feature number 592, MGYG000328328
2026-01-11 16:24:50.379244 INFO::Fitting model to feature number 593, MGYG000325448
2026-01-11 16:24:50.388187 INFO::Fitting model to feature number 594, MGYG000328360
2026-01-11 16:24:50.40299 INFO::Fitting model to feature number 595, MGYG000323430
2026-01-11 16:24:50.413236 INFO::Fitting model to feature number 596, UBA3282 sp003612405
2026-01-11 16:24:50.422257 INFO::Fitting model to feature number 597, UBA3282 sp009774215
2026-01-11 16:24:50.432846 INFO::Fitting model to feature number 598, MGYG000324289
2026-01-11 16:24:50.446121 INFO::Fitting model to feature number 599, Paralachnospira sp910588815
2026-01-11 16:24:50.457553 INFO::Fitting model to feature number 600, Paralachnospira sp022800815
2026-01-11 16:24:50.47609 INFO::Fitting model to feature number 601, Paralachnospira sp910587905
2026-01-11 16:24:50.491345 INFO::Fitting model to feature number 602, COE1 sp002490665
2026-01-11 16:24:50.500974 INFO::Fitting model to feature number 603, COE1 sp009774395
2026-01-11 16:24:50.51243 INFO::Fitting model to feature number 604, COE1 sp000403335
2026-01-11 16:24:50.519897 INFO::Fitting model to feature number 605, MGYG000410938
2026-01-11 16:24:50.53299 INFO::Fitting model to feature number 606, MGYG000325626
2026-01-11 16:24:50.543956 INFO::Fitting model to feature number 607, COE1 sp002358575
2026-01-11 16:24:50.552316 INFO::Fitting model to feature number 608, MGYG000325712
2026-01-11 16:24:50.568382 INFO::Fitting model to feature number 609, COE1 sp910586585
2026-01-11 16:24:50.579448 INFO::Fitting model to feature number 610, COE1 sp910586715
2026-01-11 16:24:50.587817 INFO::Fitting model to feature number 611, COE1 sp910579275
2026-01-11 16:24:50.59539 INFO::Fitting model to feature number 612, CAG-95 sp910585005
2026-01-11 16:24:50.602993 INFO::Fitting model to feature number 613, CAG-95 sp009917455
2026-01-11 16:24:50.61138 INFO::Fitting model to feature number 614, CAG-95 sp910579685
2026-01-11 16:24:50.620129 INFO::Fitting model to feature number 615, CAG-95 sp910579425
2026-01-11 16:24:50.631261 INFO::Fitting model to feature number 616, CAG-95 sp910579495
2026-01-11 16:24:50.643266 INFO::Fitting model to feature number 617, CAG-95 sp003612395
2026-01-11 16:24:50.652845 INFO::Fitting model to feature number 618, CAG-95 sp910586025
2026-01-11 16:24:50.666699 INFO::Fitting model to feature number 619, CAG-95 sp910577275
2026-01-11 16:24:50.675922 INFO::Fitting model to feature number 620, CAG-95 sp009911035
2026-01-11 16:24:50.686207 INFO::Fitting model to feature number 621, CAG-95 sp910585075
2026-01-11 16:24:50.700385 INFO::Fitting model to feature number 622, MGYG000410775
2026-01-11 16:24:50.712999 INFO::Fitting model to feature number 623, MGYG000325648
2026-01-11 16:24:50.722259 INFO::Fitting model to feature number 624, CAG-95 sp011959285
2026-01-11 16:24:50.733309 INFO::Fitting model to feature number 625, UBA7109 sp910576335
2026-01-11 16:24:50.743923 INFO::Fitting model to feature number 626, UBA7109 sp910575605
2026-01-11 16:24:50.753395 INFO::Fitting model to feature number 627, MGYG000323043
2026-01-11 16:24:50.763927 INFO::Fitting model to feature number 628, MGYG000405682
2026-01-11 16:24:50.772362 INFO::Fitting model to feature number 629, MGYG000368546
2026-01-11 16:24:50.783686 INFO::Fitting model to feature number 630, Ventrimonas sp910575255
2026-01-11 16:24:50.794413 INFO::Fitting model to feature number 631, Ventrimonas sp910577765
2026-01-11 16:24:50.802842 INFO::Fitting model to feature number 632, Ventrimonas sp910586255
2026-01-11 16:24:50.813495 INFO::Fitting model to feature number 633, Ventrimonas sp003611875
2026-01-11 16:24:50.823747 INFO::Fitting model to feature number 634, Ventrimonas sp009911065
2026-01-11 16:24:50.832724 INFO::Fitting model to feature number 635, MGYG000410706
2026-01-11 16:24:50.848052 INFO::Fitting model to feature number 636, MGYG000327273
2026-01-11 16:24:50.858372 INFO::Fitting model to feature number 637, Ventrimonas sp910577655
2026-01-11 16:24:50.867002 INFO::Fitting model to feature number 638, Ventrimonas sp022799175
2026-01-11 16:24:50.877895 INFO::Fitting model to feature number 639, MGYG000324149
2026-01-11 16:24:50.883934 INFO::Fitting model to feature number 640, UBA3402 sp910574345
2026-01-11 16:24:50.894681 INFO::Fitting model to feature number 641, UBA3402 sp910575585
2026-01-11 16:24:50.900724 INFO::Fitting model to feature number 642, MGYG000410803
2026-01-11 16:24:50.908377 INFO::Fitting model to feature number 643, UBA3402 sp910588325
2026-01-11 16:24:50.91483 INFO::Fitting model to feature number 644, UBA3402 sp022798105
2026-01-11 16:24:50.920448 INFO::Fitting model to feature number 645, UBA3402 sp022795805
2026-01-11 16:24:50.930185 INFO::Fitting model to feature number 646, UBA3402 sp002358555
2026-01-11 16:24:50.940476 INFO::Fitting model to feature number 647, UBA3402 sp910588865
2026-01-11 16:24:50.950155 INFO::Fitting model to feature number 648, UBA3402 sp022796015
2026-01-11 16:24:50.9608 INFO::Fitting model to feature number 649, UBA3402 sp910586845
2026-01-11 16:24:50.970179 INFO::Fitting model to feature number 650, UBA3402 sp910585435
2026-01-11 16:24:50.980867 INFO::Fitting model to feature number 651, UBA3402 sp910577935
2026-01-11 16:24:50.991172 INFO::Fitting model to feature number 652, UBA3402 sp910585645
2026-01-11 16:24:51.000935 INFO::Fitting model to feature number 653, UBA3402 sp021769025
2026-01-11 16:24:51.013033 INFO::Fitting model to feature number 654, 1XD42-69 sp011959925
2026-01-11 16:24:51.023764 INFO::Fitting model to feature number 655, 1XD42-69 sp009911505
2026-01-11 16:24:51.033294 INFO::Fitting model to feature number 656, 1XD42-69 sp022794015
2026-01-11 16:24:51.047243 INFO::Fitting model to feature number 657, 1XD42-69 sp910588565
2026-01-11 16:24:51.06071 INFO::Fitting model to feature number 658, 1XD42-69 sp910577065
2026-01-11 16:24:51.079172 INFO::Fitting model to feature number 659, 1XD42-69 sp910586645
2026-01-11 16:24:51.091379 INFO::Fitting model to feature number 660, Merdisoma sp009917555
2026-01-11 16:24:51.099738 INFO::Fitting model to feature number 661, Merdisoma sp910574255
2026-01-11 16:24:51.110029 INFO::Fitting model to feature number 662, Merdisoma sp011959465
2026-01-11 16:24:51.11782 INFO::Fitting model to feature number 663, Merdisoma sp910574835
2026-01-11 16:24:51.125358 INFO::Fitting model to feature number 664, Merdisoma sp910574475
2026-01-11 16:24:51.131765 INFO::Fitting model to feature number 665, MGYG000330323
2026-01-11 16:24:51.141322 INFO::Fitting model to feature number 666, Merdisoma sp022791635
2026-01-11 16:24:51.151025 INFO::Fitting model to feature number 667, Kineothrix sp011958945
2026-01-11 16:24:51.16091 INFO::Fitting model to feature number 668, Kineothrix sp910579935
2026-01-11 16:24:51.169313 INFO::Fitting model to feature number 669, Kineothrix sp910576535
2026-01-11 16:24:51.176607 INFO::Fitting model to feature number 670, MGYG000327499
2026-01-11 16:24:51.182176 INFO::Fitting model to feature number 671, Kineothrix sp000403275
2026-01-11 16:24:51.188918 INFO::Fitting model to feature number 672, Kineothrix sp910588855
2026-01-11 16:24:51.197724 INFO::Fitting model to feature number 673, Kineothrix sp910587275
2026-01-11 16:24:51.206139 INFO::Fitting model to feature number 674, MGYG000326008
2026-01-11 16:24:51.214656 INFO::Fitting model to feature number 675, Kineothrix sp910585965
2026-01-11 16:24:51.223131 INFO::Fitting model to feature number 676, Kineothrix sp009911195
2026-01-11 16:24:51.230556 INFO::Fitting model to feature number 677, RGIG4057 sp910587085
2026-01-11 16:24:51.238548 INFO::Fitting model to feature number 678, RGIG4057 sp910579615
2026-01-11 16:24:51.24609 INFO::Fitting model to feature number 679, UMGS1370 sp910577645
2026-01-11 16:24:51.25249 INFO::Fitting model to feature number 680, UMGS1370 sp910586755
2026-01-11 16:24:51.260835 INFO::Fitting model to feature number 681, UBA2882 sp910574745
2026-01-11 16:24:51.268955 INFO::Fitting model to feature number 682, Eubacterium_J sp910574915
2026-01-11 16:24:51.277369 INFO::Fitting model to feature number 683, Eubacterium_J sp910579075
2026-01-11 16:24:51.285497 INFO::Fitting model to feature number 684, Eubacterium_J sp910580075
2026-01-11 16:24:51.293839 INFO::Fitting model to feature number 685, Eubacterium_J sp910584595
2026-01-11 16:24:51.301998 INFO::Fitting model to feature number 686, MGYG000330231
2026-01-11 16:24:51.31441 INFO::Fitting model to feature number 687, MGYG000327453
2026-01-11 16:24:51.324877 INFO::Fitting model to feature number 688, Butyribacter sp910575435
2026-01-11 16:24:51.333773 INFO::Fitting model to feature number 689, Butyribacter sp910585905
2026-01-11 16:24:51.342469 INFO::Fitting model to feature number 690, MGYG000330019
2026-01-11 16:24:51.348811 INFO::Fitting model to feature number 691, Butyribacter sp009774235
2026-01-11 16:24:51.355607 INFO::Fitting model to feature number 692, VSOB01 sp009774625
2026-01-11 16:24:51.363451 INFO::Fitting model to feature number 693, VSOB01 sp910587155
2026-01-11 16:24:51.372288 INFO::Fitting model to feature number 694, VSOB01 sp910587635
2026-01-11 16:24:51.380481 INFO::Fitting model to feature number 695, Copromonas sp009917545
2026-01-11 16:24:51.390193 INFO::Fitting model to feature number 696, Copromonas sp910575275
2026-01-11 16:24:51.400097 INFO::Fitting model to feature number 697, Copromonas sp022792295
2026-01-11 16:24:51.41036 INFO::Fitting model to feature number 698, Copromonas sp910586315
2026-01-11 16:24:51.419889 INFO::Fitting model to feature number 699, Bariatricus sp022793995
2026-01-11 16:24:51.429143 INFO::Fitting model to feature number 700, Clostridium_Q sp910575795
2026-01-11 16:24:51.438188 INFO::Fitting model to feature number 701, RGIG4284 sp910576205
2026-01-11 16:24:51.446999 INFO::Fitting model to feature number 702, RGIG4284 sp022796795
2026-01-11 16:24:51.456106 INFO::Fitting model to feature number 703, RGIG7193 sp022793375
2026-01-11 16:24:51.467419 INFO::Fitting model to feature number 704, RGIG7193 sp022791755
2026-01-11 16:24:51.477475 INFO::Fitting model to feature number 705, Roseburia sp910587865
2026-01-11 16:24:51.486555 INFO::Fitting model to feature number 706, Roseburia sp910584215
2026-01-11 16:24:51.495559 INFO::Fitting model to feature number 707, MGYG000329248
2026-01-11 16:24:51.503684 INFO::Fitting model to feature number 708, Lachnospira sp910589305
2026-01-11 16:24:51.51269 INFO::Fitting model to feature number 709, Eubacterium_G sp910584795
2026-01-11 16:24:51.52215 INFO::Fitting model to feature number 710, Eubacterium_G sp910574895
2026-01-11 16:24:51.531286 INFO::Fitting model to feature number 711, Paralachnospira_A sp910588405
2026-01-11 16:24:51.540767 INFO::Fitting model to feature number 712, Paralachnospira_A sp910579325
2026-01-11 16:24:51.550464 INFO::Fitting model to feature number 713, CAG-317 sp910578495
2026-01-11 16:24:51.561125 INFO::Fitting model to feature number 714, CAG-317 sp011960265
2026-01-11 16:24:51.577041 INFO::Fitting model to feature number 715, JAAWJJ01 sp022796875
2026-01-11 16:24:51.586254 INFO::Fitting model to feature number 716, Blautia_A sp900551075
2026-01-11 16:24:51.610429 INFO::Fitting model to feature number 717, Blautia_A massiliensis
2026-01-11 16:24:51.621083 INFO::Fitting model to feature number 718, CAG-56 sp004793585
2026-01-11 16:24:51.633864 INFO::Fitting model to feature number 719, Enterocloster aldenensis
2026-01-11 16:24:51.643101 INFO::Fitting model to feature number 720, Enterocloster clostridioformis
2026-01-11 16:24:51.652056 INFO::Fitting model to feature number 721, Choladousia sp003612585
2026-01-11 16:24:51.661152 INFO::Fitting model to feature number 722, CAG-510 sp910577105
2026-01-11 16:24:51.670249 INFO::Fitting model to feature number 723, MGYG000325650
2026-01-11 16:24:51.676931 INFO::Fitting model to feature number 724, CAG-590 sp910585605
2026-01-11 16:24:51.682587 INFO::Fitting model to feature number 725, Blautia pseudococcoides
2026-01-11 16:24:51.688588 INFO::Fitting model to feature number 726, Eisenbergiella sp910585455
2026-01-11 16:24:51.696607 INFO::Fitting model to feature number 727, MGYG000392808
2026-01-11 16:24:51.703654 INFO::Fitting model to feature number 728, W0P33-017 sp910589045
2026-01-11 16:24:51.713888 INFO::Fitting model to feature number 729, SIG307 sp910579465
2026-01-11 16:24:51.723525 INFO::Fitting model to feature number 730, MGYG000326869
2026-01-11 16:24:51.732323 INFO::Fitting model to feature number 731, CAG-603 sp910583605
2026-01-11 16:24:51.739927 INFO::Fitting model to feature number 732, Marvinbryantia sp900550755
2026-01-11 16:24:51.747998 INFO::Fitting model to feature number 733, RGIG8607 sp910577045
2026-01-11 16:24:51.755831 INFO::Fitting model to feature number 734, MGYG000326584
2026-01-11 16:24:51.763769 INFO::Fitting model to feature number 735, MGBC114844 sp910585255
2026-01-11 16:24:51.772098 INFO::Fitting model to feature number 736, MGYG000325493
2026-01-11 16:24:51.784166 INFO::Fitting model to feature number 737, MGYG000329929
2026-01-11 16:24:51.806979 INFO::Fitting model to feature number 738, UBA2821 sp014799465
2026-01-11 16:24:51.813673 INFO::Fitting model to feature number 739, MGBC100174 sp910576895
2026-01-11 16:24:51.817465 WARNING::Fitting problem for feature 739 returning NA
2026-01-11 16:24:51.820785 INFO::Fitting model to feature number 740, Muricomes contortus_B
2026-01-11 16:24:51.828924 INFO::Fitting model to feature number 741, Extibacter muris
2026-01-11 16:24:51.834617 INFO::Fitting model to feature number 742, Anaerotignum sp910576545
2026-01-11 16:24:51.842951 INFO::Fitting model to feature number 743, Anaerotignum sp910578425
2026-01-11 16:24:51.849693 INFO::Fitting model to feature number 744, Coprocola sp910575055
2026-01-11 16:24:51.859346 INFO::Fitting model to feature number 745, Enterenecus sp910588495
2026-01-11 16:24:51.868627 INFO::Fitting model to feature number 746, Enterenecus sp910587285
2026-01-11 16:24:51.877499 INFO::Fitting model to feature number 747, MGYG000327450
2026-01-11 16:24:51.886518 INFO::Fitting model to feature number 748, Enterenecus sp910588625
2026-01-11 16:24:51.895122 INFO::Fitting model to feature number 749, Enterenecus sp910575695
2026-01-11 16:24:51.90074 INFO::Fitting model to feature number 750, MGYG000326888
2026-01-11 16:24:51.908347 INFO::Fitting model to feature number 751, Enterenecus sp910585155
2026-01-11 16:24:51.915298 INFO::Fitting model to feature number 752, MGYG000331159
2026-01-11 16:24:51.920412 INFO::Fitting model to feature number 753, Enterenecus sp910579595
2026-01-11 16:24:51.926608 INFO::Fitting model to feature number 754, MGYG000410353
2026-01-11 16:24:51.931792 INFO::Fitting model to feature number 755, Enterenecus sp910577525
2026-01-11 16:24:51.937791 INFO::Fitting model to feature number 756, Enterenecus sp910587395
2026-01-11 16:24:51.948771 INFO::Fitting model to feature number 757, MGYG000328307
2026-01-11 16:24:51.956627 INFO::Fitting model to feature number 758, Enterenecus sp910587255
2026-01-11 16:24:51.965248 INFO::Fitting model to feature number 759, Enterenecus sp910588105
2026-01-11 16:24:51.974588 INFO::Fitting model to feature number 760, MGYG000410945
2026-01-11 16:24:51.982654 INFO::Fitting model to feature number 761, Enterenecus sp910579155
2026-01-11 16:24:52.003439 INFO::Fitting model to feature number 762, MGYG000322966
2026-01-11 16:24:52.014331 INFO::Fitting model to feature number 763, MGYG000410761
2026-01-11 16:24:52.022951 INFO::Fitting model to feature number 764, Enterenecus sp910587205
2026-01-11 16:24:52.034928 INFO::Fitting model to feature number 765, MGYG000410914
2026-01-11 16:24:52.045599 INFO::Fitting model to feature number 766, Enterenecus sp910584285
2026-01-11 16:24:52.055656 INFO::Fitting model to feature number 767, MGYG000327286
2026-01-11 16:24:52.068796 INFO::Fitting model to feature number 768, Enterenecus sp910585265
2026-01-11 16:24:52.078697 INFO::Fitting model to feature number 769, Enterenecus sp910584835
2026-01-11 16:24:52.089147 INFO::Fitting model to feature number 770, Enterenecus sp910588135
2026-01-11 16:24:52.099262 INFO::Fitting model to feature number 771, MGYG000329348
2026-01-11 16:24:52.107489 INFO::Fitting model to feature number 772, MGYG000325584
2026-01-11 16:24:52.121712 INFO::Fitting model to feature number 773, MGYG000410874
2026-01-11 16:24:52.132479 INFO::Fitting model to feature number 774, MGYG000360698
2026-01-11 16:24:52.141714 INFO::Fitting model to feature number 775, Lawsonibacter sp003612335
2026-01-11 16:24:52.150603 INFO::Fitting model to feature number 776, Lawsonibacter sp910585815
2026-01-11 16:24:52.15648 INFO::Fitting model to feature number 777, Lawsonibacter sp910584605
2026-01-11 16:24:52.165088 INFO::Fitting model to feature number 778, Lawsonibacter sp910575265
2026-01-11 16:24:52.170587 INFO::Fitting model to feature number 779, MGYG000432202
2026-01-11 16:24:52.178169 INFO::Fitting model to feature number 780, Lawsonibacter sp022799835
2026-01-11 16:24:52.18575 INFO::Fitting model to feature number 781, MGYG000433528
2026-01-11 16:24:52.197748 INFO::Fitting model to feature number 782, Lawsonibacter sp022794495
2026-01-11 16:24:52.20587 INFO::Fitting model to feature number 783, MGYG000410681
2026-01-11 16:24:52.22049 INFO::Fitting model to feature number 784, Lawsonibacter sp910578735
2026-01-11 16:24:52.230369 INFO::Fitting model to feature number 785, MGYG000325175
2026-01-11 16:24:52.240002 INFO::Fitting model to feature number 786, Lawsonibacter sp022801435
2026-01-11 16:24:52.2497 INFO::Fitting model to feature number 787, Lawsonibacter sp009911645
2026-01-11 16:24:52.259991 INFO::Fitting model to feature number 788, Lawsonibacter sp943192995
2026-01-11 16:24:52.270016 INFO::Fitting model to feature number 789, MGYG000329509
2026-01-11 16:24:52.281169 INFO::Fitting model to feature number 790, Lawsonibacter sp022798855
2026-01-11 16:24:52.287179 INFO::Fitting model to feature number 791, Lawsonibacter sp910588455
2026-01-11 16:24:52.295198 INFO::Fitting model to feature number 792, Lawsonibacter sp910589085
2026-01-11 16:24:52.302848 INFO::Fitting model to feature number 793, Lawsonibacter sp022793355
2026-01-11 16:24:52.31021 INFO::Fitting model to feature number 794, MGYG000328991
2026-01-11 16:24:52.318309 INFO::Fitting model to feature number 795, Lawsonibacter sp022795855
2026-01-11 16:24:52.325963 INFO::Fitting model to feature number 796, Lawsonibacter sp022791995
2026-01-11 16:24:52.332533 INFO::Fitting model to feature number 797, MGYG000323117
2026-01-11 16:24:52.341123 INFO::Fitting model to feature number 798, Lawsonibacter sp000492175
2026-01-11 16:24:52.350485 INFO::Fitting model to feature number 799, MGYG000324476
2026-01-11 16:24:52.356391 INFO::Fitting model to feature number 800, MGYG000411366
2026-01-11 16:24:52.364898 INFO::Fitting model to feature number 801, MGYG000345714
2026-01-11 16:24:52.37116 INFO::Fitting model to feature number 802, MGYG000329989
2026-01-11 16:24:52.379906 INFO::Fitting model to feature number 803, Lawsonibacter sp910577805
2026-01-11 16:24:52.385672 INFO::Fitting model to feature number 804, MGYG000410703
2026-01-11 16:24:52.393049 INFO::Fitting model to feature number 805, MGYG000329873
2026-01-11 16:24:52.400315 INFO::Fitting model to feature number 806, Lawsonibacter sp022796195
2026-01-11 16:24:52.409431 INFO::Fitting model to feature number 807, MGYG000411569
2026-01-11 16:24:52.417895 INFO::Fitting model to feature number 808, MGYG000327081
2026-01-11 16:24:52.425943 INFO::Fitting model to feature number 809, Dysosmobacter sp009774015
2026-01-11 16:24:52.432204 INFO::Fitting model to feature number 810, Dysosmobacter sp910583785
2026-01-11 16:24:52.43979 INFO::Fitting model to feature number 811, Dysosmobacter sp910575815
2026-01-11 16:24:52.447261 INFO::Fitting model to feature number 812, Dysosmobacter sp910579365
2026-01-11 16:24:52.45303 INFO::Fitting model to feature number 813, Dysosmobacter sp910587705
2026-01-11 16:24:52.459398 INFO::Fitting model to feature number 814, Dysosmobacter sp910586735
2026-01-11 16:24:52.467705 INFO::Fitting model to feature number 815, Dysosmobacter sp910585385
2026-01-11 16:24:52.47591 INFO::Fitting model to feature number 816, Dysosmobacter sp022791875
2026-01-11 16:24:52.483689 INFO::Fitting model to feature number 817, Dysosmobacter sp910583695
2026-01-11 16:24:52.493451 INFO::Fitting model to feature number 818, Dysosmobacter sp000403435
2026-01-11 16:24:52.499586 INFO::Fitting model to feature number 819, Dysosmobacter sp022791135
2026-01-11 16:24:52.505388 INFO::Fitting model to feature number 820, Dysosmobacter sp910588175
2026-01-11 16:24:52.513557 INFO::Fitting model to feature number 821, Dysosmobacter sp022795445
2026-01-11 16:24:52.521494 INFO::Fitting model to feature number 822, Dysosmobacter sp910575505
2026-01-11 16:24:52.529487 INFO::Fitting model to feature number 823, Dysosmobacter sp009773995
2026-01-11 16:24:52.535406 INFO::Fitting model to feature number 824, Dysosmobacter sp022801815
2026-01-11 16:24:52.541098 INFO::Fitting model to feature number 825, Dysosmobacter sp910577405
2026-01-11 16:24:52.548606 INFO::Fitting model to feature number 826, Dysosmobacter sp910578935
2026-01-11 16:24:52.555609 INFO::Fitting model to feature number 827, Dysosmobacter sp910576865
2026-01-11 16:24:52.562954 INFO::Fitting model to feature number 828, MGYG000330291
2026-01-11 16:24:52.568375 INFO::Fitting model to feature number 829, MGYG000409008
2026-01-11 16:24:52.576145 INFO::Fitting model to feature number 830, Dysosmobacter sp910589315
2026-01-11 16:24:52.582182 INFO::Fitting model to feature number 831, Dysosmobacter sp910587525
2026-01-11 16:24:52.587703 INFO::Fitting model to feature number 832, Dysosmobacter sp910587875
2026-01-11 16:24:52.595803 INFO::Fitting model to feature number 833, Dysosmobacter sp910584995
2026-01-11 16:24:52.60346 INFO::Fitting model to feature number 834, Dysosmobacter sp910579435
2026-01-11 16:24:52.643739 INFO::Fitting model to feature number 835, MGYG000411389
2026-01-11 16:24:52.651817 INFO::Fitting model to feature number 836, MGYG000325877
2026-01-11 16:24:52.660005 INFO::Fitting model to feature number 837, Dysosmobacter sp910584075
2026-01-11 16:24:52.668217 INFO::Fitting model to feature number 838, Dysosmobacter sp910585245
2026-01-11 16:24:52.676809 INFO::Fitting model to feature number 839, MGYG000373829
2026-01-11 16:24:52.685545 INFO::Fitting model to feature number 840, Dysosmobacter sp910584465
2026-01-11 16:24:52.692492 INFO::Fitting model to feature number 841, MGYG000330443
2026-01-11 16:24:52.70046 INFO::Fitting model to feature number 842, MGYG000326793
2026-01-11 16:24:52.708713 INFO::Fitting model to feature number 843, Dysosmobacter sp910576845
2026-01-11 16:24:52.716732 INFO::Fitting model to feature number 844, MGYG000329180
2026-01-11 16:24:52.725555 INFO::Fitting model to feature number 845, Pelethomonas sp910578505
2026-01-11 16:24:52.733867 INFO::Fitting model to feature number 846, Pelethomonas sp910579965
2026-01-11 16:24:52.741606 INFO::Fitting model to feature number 847, Pelethomonas sp910579485
2026-01-11 16:24:52.749833 INFO::Fitting model to feature number 848, Pelethomonas sp910587785
2026-01-11 16:24:52.758106 INFO::Fitting model to feature number 849, Pelethomonas sp022800665
2026-01-11 16:24:52.76634 INFO::Fitting model to feature number 850, Pelethomonas sp009774055
2026-01-11 16:24:52.775683 INFO::Fitting model to feature number 851, Pelethomonas sp022804995
2026-01-11 16:24:52.784341 INFO::Fitting model to feature number 852, Pelethomonas sp014237695
2026-01-11 16:24:52.794002 INFO::Fitting model to feature number 853, Pelethomonas sp022795905
2026-01-11 16:24:52.801413 INFO::Fitting model to feature number 854, MGYG000326866
2026-01-11 16:24:52.80881 INFO::Fitting model to feature number 855, Pelethomonas sp910583885
2026-01-11 16:24:52.81582 INFO::Fitting model to feature number 856, Pelethomonas sp910588365
2026-01-11 16:24:52.821876 INFO::Fitting model to feature number 857, MGYG000410776
2026-01-11 16:24:52.828622 INFO::Fitting model to feature number 858, Pelethomonas sp910587645
2026-01-11 16:24:52.835858 INFO::Fitting model to feature number 859, Pelethomonas sp022800525
2026-01-11 16:24:52.843836 INFO::Fitting model to feature number 860, Pelethomonas sp910588045
2026-01-11 16:24:52.85177 INFO::Fitting model to feature number 861, MGYG000325557
2026-01-11 16:24:52.860981 INFO::Fitting model to feature number 862, Pelethomonas sp910579725
2026-01-11 16:24:52.869848 INFO::Fitting model to feature number 863, Pelethomonas sp910577915
2026-01-11 16:24:52.878859 INFO::Fitting model to feature number 864, Pelethomonas sp910587505
2026-01-11 16:24:52.884917 INFO::Fitting model to feature number 865, MGYG000325617
2026-01-11 16:24:52.894772 INFO::Fitting model to feature number 866, Evtepia sp910584805
2026-01-11 16:24:52.903729 INFO::Fitting model to feature number 867, Evtepia sp022792035
2026-01-11 16:24:52.914203 INFO::Fitting model to feature number 868, Evtepia sp910578575
2026-01-11 16:24:52.923914 INFO::Fitting model to feature number 869, Marseille-P3106 sp022799035
2026-01-11 16:24:52.93552 INFO::Fitting model to feature number 870, Marseille-P3106 sp910587345
2026-01-11 16:24:52.946597 INFO::Fitting model to feature number 871, Marseille-P3106 sp910588975
2026-01-11 16:24:52.955703 INFO::Fitting model to feature number 872, MGYG000410458
2026-01-11 16:24:52.964559 INFO::Fitting model to feature number 873, Marseille-P3106 sp910585735
2026-01-11 16:24:52.971661 INFO::Fitting model to feature number 874, Marseille-P3106 sp022792495
2026-01-11 16:24:52.978477 INFO::Fitting model to feature number 875, Marseille-P3106 sp022794215
2026-01-11 16:24:52.983996 INFO::Fitting model to feature number 876, Marseille-P3106 sp022800215
2026-01-11 16:24:52.991311 INFO::Fitting model to feature number 877, MGYG000326975
2026-01-11 16:24:52.999989 INFO::Fitting model to feature number 878, NSJ-51 sp910585415
2026-01-11 16:24:53.00786 INFO::Fitting model to feature number 879, MGYG000326314
2026-01-11 16:24:53.016769 INFO::Fitting model to feature number 880, MGYG000325278
2026-01-11 16:24:53.031245 INFO::Fitting model to feature number 881, CAJFPI01 sp022801715
2026-01-11 16:24:53.037648 INFO::Fitting model to feature number 882, MGYG000327336
2026-01-11 16:24:53.046698 INFO::Fitting model to feature number 883, MGYG000328896
2026-01-11 16:24:53.052773 INFO::Fitting model to feature number 884, MGYG000329428
2026-01-11 16:24:53.063785 INFO::Fitting model to feature number 885, MGYG000329835
2026-01-11 16:24:53.072853 INFO::Fitting model to feature number 886, MGYG000410456
2026-01-11 16:24:53.080202 INFO::Fitting model to feature number 887, CAKUEI01 sp022793685
2026-01-11 16:24:53.085863 INFO::Fitting model to feature number 888, Avoscillospira_A sp022792945
2026-01-11 16:24:53.091235 INFO::Fitting model to feature number 889, JAAWCD01 sp022793095
2026-01-11 16:24:53.099171 INFO::Fitting model to feature number 890, Acutalibacter sp910588935
2026-01-11 16:24:53.104546 INFO::Fitting model to feature number 891, Acutalibacter sp009936035
2026-01-11 16:24:53.110503 INFO::Fitting model to feature number 892, Acutalibacter sp910589395
2026-01-11 16:24:53.115801 INFO::Fitting model to feature number 893, Acutalibacter sp910574935
2026-01-11 16:24:53.122122 INFO::Fitting model to feature number 894, Acutalibacter sp009917445
2026-01-11 16:24:53.129024 INFO::Fitting model to feature number 895, Acutalibacter muris
2026-01-11 16:24:53.135349 INFO::Fitting model to feature number 896, Acutalibacter sp910587835
2026-01-11 16:24:53.141721 INFO::Fitting model to feature number 897, MGYG000406378
2026-01-11 16:24:53.147928 INFO::Fitting model to feature number 898, Acutalibacter sp009917525
2026-01-11 16:24:53.154148 INFO::Fitting model to feature number 899, MGYG000328916
2026-01-11 16:24:53.160893 INFO::Fitting model to feature number 900, Acutalibacter sp910574995
2026-01-11 16:24:53.168485 INFO::Fitting model to feature number 901, Acutalibacter sp910580045
2026-01-11 16:24:53.177255 INFO::Fitting model to feature number 902, Acutalibacter sp003612555
2026-01-11 16:24:53.183658 INFO::Fitting model to feature number 903, Acutalibacter sp910587995
2026-01-11 16:24:53.191359 INFO::Fitting model to feature number 904, Acutalibacter sp910588415
2026-01-11 16:24:53.197836 INFO::Fitting model to feature number 905, Acutalibacter sp910584745
2026-01-11 16:24:53.20275 INFO::Fitting model to feature number 906, MGYG000330157
2026-01-11 16:24:53.208616 INFO::Fitting model to feature number 907, MGYG000331301
2026-01-11 16:24:53.214562 INFO::Fitting model to feature number 908, MGYG000410931
2026-01-11 16:24:53.219909 INFO::Fitting model to feature number 909, MGYG000328573
2026-01-11 16:24:53.22606 INFO::Fitting model to feature number 910, Acutalibacter stercorigallinarum
2026-01-11 16:24:53.231539 INFO::Fitting model to feature number 911, Eubacterium_R sp011958665
2026-01-11 16:24:53.236851 INFO::Fitting model to feature number 912, MGYG000337810
2026-01-11 16:24:53.242793 INFO::Fitting model to feature number 913, MGYG000379997
2026-01-11 16:24:53.24909 INFO::Fitting model to feature number 914, MGYG000351739
2026-01-11 16:24:53.254366 INFO::Fitting model to feature number 915, MGYG000410251
2026-01-11 16:24:53.261333 INFO::Fitting model to feature number 916, MGYG000373138
2026-01-11 16:24:53.267265 INFO::Fitting model to feature number 917, MGYG000327182
2026-01-11 16:24:53.27412 INFO::Fitting model to feature number 918, Ruthenibacterium sp013316265
2026-01-11 16:24:53.281937 INFO::Fitting model to feature number 919, Ruminococcus sp910584195
2026-01-11 16:24:53.288985 INFO::Fitting model to feature number 920, Angelakisella sp910585525
2026-01-11 16:24:53.296646 INFO::Fitting model to feature number 921, Angelakisella sp022795575
2026-01-11 16:24:53.304123 INFO::Fitting model to feature number 922, Angelakisella sp910585535
2026-01-11 16:24:53.312436 INFO::Fitting model to feature number 923, Angelakisella sp013316495
2026-01-11 16:24:53.320154 INFO::Fitting model to feature number 924, Ruminiclostridium_E sp910588335
2026-01-11 16:24:53.327944 INFO::Fitting model to feature number 925, MGYG000410125
2026-01-11 16:24:53.334755 INFO::Fitting model to feature number 926, Ruminiclostridium_E sp910585505
2026-01-11 16:24:53.340798 INFO::Fitting model to feature number 927, UBA1405 sp022800935
2026-01-11 16:24:53.348324 INFO::Fitting model to feature number 928, MGYG000331296
2026-01-11 16:24:53.353616 INFO::Fitting model to feature number 929, MGYG000410015
2026-01-11 16:24:53.362141 INFO::Fitting model to feature number 930, UBA1394 sp910588145
2026-01-11 16:24:53.368579 INFO::Fitting model to feature number 931, Anaerotruncus sp000403395
2026-01-11 16:24:53.376434 INFO::Fitting model to feature number 932, Anaerotruncus sp003612625
2026-01-11 16:24:53.383524 INFO::Fitting model to feature number 933, Anaerotruncus colihominis_A
2026-01-11 16:24:53.390777 INFO::Fitting model to feature number 934, Anaerotruncus sp910586875
2026-01-11 16:24:53.397155 INFO::Fitting model to feature number 935, MGYG000410574
2026-01-11 16:24:53.402416 INFO::Fitting model to feature number 936, UBA3818 sp910583935
2026-01-11 16:24:53.405572 WARNING::Fitting problem for feature 936 returning NA
2026-01-11 16:24:53.408503 INFO::Fitting model to feature number 937, JAAVYW01 sp022791315
2026-01-11 16:24:53.414674 INFO::Fitting model to feature number 938, Faecivivens sp022793675
2026-01-11 16:24:53.422346 INFO::Fitting model to feature number 939, RGIG8773 sp910584715
2026-01-11 16:24:53.430171 INFO::Fitting model to feature number 940, QXXE01 sp009911355
2026-01-11 16:24:53.437089 INFO::Fitting model to feature number 941, QXXE01 sp910586575
2026-01-11 16:24:53.446223 INFO::Fitting model to feature number 942, MGYG000327912
2026-01-11 16:24:53.454229 INFO::Fitting model to feature number 943, Butyricicoccus sp910584935
2026-01-11 16:24:53.464437 INFO::Fitting model to feature number 944, Pseudobutyricicoccus sp910579575
2026-01-11 16:24:53.470088 INFO::Fitting model to feature number 945, MGYG000349368
2026-01-11 16:24:53.481145 INFO::Fitting model to feature number 946, Avispirillum sp011957885
2026-01-11 16:24:53.488419 INFO::Fitting model to feature number 947, MGYG000401352
2026-01-11 16:24:53.497835 INFO::Fitting model to feature number 948, Zhenpiania sp009911365
2026-01-11 16:24:53.506127 INFO::Fitting model to feature number 949, Zhenpiania sp910575405
2026-01-11 16:24:53.515328 INFO::Fitting model to feature number 950, Emergencia sp009936045
2026-01-11 16:24:53.523004 INFO::Fitting model to feature number 951, JAAVYD01 sp022790955
2026-01-11 16:24:53.53126 INFO::Fitting model to feature number 952, Fimisoma sp910588185
2026-01-11 16:24:53.539355 INFO::Fitting model to feature number 953, MGYG000410140
2026-01-11 16:24:53.54689 INFO::Fitting model to feature number 954, MGYG000323026
2026-01-11 16:24:53.554092 INFO::Fitting model to feature number 955, Coproplasma sp910579525
2026-01-11 16:24:53.564625 INFO::Fitting model to feature number 956, Coproplasma sp003979335
2026-01-11 16:24:53.572521 INFO::Fitting model to feature number 957, Coproplasma sp013316055
2026-01-11 16:24:53.579298 INFO::Fitting model to feature number 958, Coproplasma sp910577375
2026-01-11 16:24:53.584909 INFO::Fitting model to feature number 959, Coproplasma sp910586065
2026-01-11 16:24:53.591894 INFO::Fitting model to feature number 960, MGYG000328913
2026-01-11 16:24:53.59943 INFO::Fitting model to feature number 961, Coproplasma stercorigallinarum
2026-01-11 16:24:53.606315 INFO::Fitting model to feature number 962, MGBC120929 sp910583735
2026-01-11 16:24:53.614192 INFO::Fitting model to feature number 963, RACS-045 sp910579785
2026-01-11 16:24:53.620937 INFO::Fitting model to feature number 964, QANA01 sp910588425
2026-01-11 16:24:53.627625 INFO::Fitting model to feature number 965, MGYG000324257
2026-01-11 16:24:53.635513 INFO::Fitting model to feature number 966, HGM11386 sp022791055
2026-01-11 16:24:53.643029 INFO::Fitting model to feature number 967, RACS-047 sp013316045
2026-01-11 16:24:53.64696 WARNING::Fitting problem for feature 967 returning NA
2026-01-11 16:24:53.650348 INFO::Fitting model to feature number 968, CAG-475 sp910577815
2026-01-11 16:24:53.656188 INFO::Fitting model to feature number 969, MGYG000328446
2026-01-11 16:24:53.660205 WARNING::Fitting problem for feature 969 returning NA
2026-01-11 16:24:53.663319 INFO::Fitting model to feature number 970, Caccovivens sp910587225
2026-01-11 16:24:53.668365 INFO::Fitting model to feature number 971, CAG-41 sp910578235
2026-01-11 16:24:53.671053 WARNING::Fitting problem for feature 971 returning NA
2026-01-11 16:24:53.673568 INFO::Fitting model to feature number 972, MGYG000410260
2026-01-11 16:24:53.680049 INFO::Fitting model to feature number 973, MGYG000335786
2026-01-11 16:24:53.685162 INFO::Fitting model to feature number 974, MGYG000349464
2026-01-11 16:24:53.687812 WARNING::Fitting problem for feature 974 returning NA
2026-01-11 16:24:53.690499 INFO::Fitting model to feature number 975, CAG-269 sp022792395
2026-01-11 16:24:53.696863 INFO::Fitting model to feature number 976, MGYG000328872
2026-01-11 16:24:53.699458 WARNING::Fitting problem for feature 976 returning NA
2026-01-11 16:24:53.701675 INFO::Fitting model to feature number 977, MGYG000327552
2026-01-11 16:24:53.706638 INFO::Fitting model to feature number 978, RGIG8482 sp022796855
2026-01-11 16:24:53.712552 INFO::Fitting model to feature number 979, JAAWPK01 sp022791735
2026-01-11 16:24:53.718071 INFO::Fitting model to feature number 980, MGYG000375192
2026-01-11 16:24:53.72326 INFO::Fitting model to feature number 981, MGYG000323824
2026-01-11 16:24:53.726694 WARNING::Fitting problem for feature 981 returning NA
2026-01-11 16:24:53.729251 INFO::Fitting model to feature number 982, Akkermansia muciniphila_B
2026-01-11 16:24:53.734327 INFO::Fitting model to feature number 983, Akkermansia sp001580195
2026-01-11 16:24:53.739338 INFO::Fitting model to feature number 984, Parasutterella sp009767915
2026-01-11 16:24:53.745384 INFO::Fitting model to feature number 985, Turicimonas muris
2026-01-11 16:24:53.750531 INFO::Fitting model to feature number 986, MGYG000326933
2026-01-11 16:24:53.755573 INFO::Fitting model to feature number 987, Enterobacter hormaechei_A
2026-01-11 16:24:53.761931 INFO::Fitting model to feature number 988, Methylobacterium persicinum
2026-01-11 16:24:53.767432 INFO::Fitting model to feature number 989, MGYG000329730
2026-01-11 16:24:53.774215 INFO::Fitting model to feature number 990, MGYG000360301
2026-01-11 16:24:53.781306 INFO::Fitting model to feature number 991, Enterousia sp013316395
2026-01-11 16:24:53.787583 INFO::Fitting model to feature number 992, MGYG000410936
2026-01-11 16:24:53.793649 INFO::Fitting model to feature number 993, Scatocola sp910577205
2026-01-11 16:24:53.799562 INFO::Fitting model to feature number 994, MGYG000327352
2026-01-11 16:24:53.804964 INFO::Fitting model to feature number 995, MGBC118957 sp910584385
2026-01-11 16:24:53.811908 INFO::Fitting model to feature number 996, MGYG000391024
2026-01-11 16:24:53.818314 INFO::Fitting model to feature number 997, MGYG000323059
2026-01-11 16:24:53.823365 INFO::Fitting model to feature number 998, MGYG000328709
2026-01-11 16:24:53.829639 INFO::Fitting model to feature number 999, MGYG000411523
2026-01-11 16:24:53.834827 INFO::Fitting model to feature number 1000, MGYG000331169
2026-01-11 16:24:53.840193 INFO::Fitting model to feature number 1001, Nanosyncoccus sp003979185
2026-01-11 16:24:53.84657 INFO::Fitting model to feature number 1002, MGYG000344322
2026-01-11 16:24:53.851564 INFO::Fitting model to feature number 1003, Nanosyncoccus sp013316435
2026-01-11 16:24:53.85914 INFO::Fitting model to feature number 1004, MGYG000348936
2026-01-11 16:24:53.865515 INFO::Fitting model to feature number 1005, MGYG000341210
2026-01-11 16:24:53.870865 INFO::Fitting model to feature number 1006, MGYG000331839
2026-01-11 16:24:53.876391 INFO::Fitting model to feature number 1007, MGYG000328091
2026-01-11 16:24:53.883819 INFO::Fitting model to feature number 1008, Avidehalobacter sp022797295
2026-01-11 16:24:53.888733 INFO::Fitting model to feature number 1009, Avidehalobacter sp021771915
2026-01-11 16:24:53.894961 INFO::Fitting model to feature number 1010, MGYG000410378
2026-01-11 16:24:53.900001 INFO::Fitting model to feature number 1011, MGYG000411020
2026-01-11 16:24:53.905023 INFO::Fitting model to feature number 1012, MGBC122484 sp910587245
2026-01-11 16:24:53.911485 INFO::Fitting model to feature number 1013, MGBC122484 sp910586855
2026-01-11 16:24:53.916631 INFO::Fitting model to feature number 1014, MGBC122484 sp910578465
2026-01-11 16:24:53.92169 INFO::Fitting model to feature number 1015, MGBC122484 sp910587815
2026-01-11 16:24:53.924438 WARNING::Fitting problem for feature 1015 returning NA
2026-01-11 16:24:53.926941 INFO::Fitting model to feature number 1016, Megamonas funiformis
2026-01-11 16:24:53.932837 INFO::Fitting model to feature number 1017, MGYG000325548
2026-01-11 16:24:53.937772 INFO::Fitting model to feature number 1018, MGYG000331077
2026-01-11 16:24:53.943671 INFO::Fitting model to feature number 1019, MGYG000324324
2026-01-11 16:24:53.949993 INFO::Fitting model to feature number 1020, MGYG000333766
2026-01-11 16:24:53.954507 INFO::Fitting model to feature number 1021, UBA3282 sp910578115
2026-01-11 16:24:53.95976 INFO::Fitting model to feature number 1022, Anaerostipes hominis
2026-01-11 16:24:53.962846 INFO::Fitting model to feature number 1023, Bacteroides thetaiotaomicron
2026-01-11 16:24:53.967649 INFO::Fitting model to feature number 1024, C-19 sp910576345
2026-01-11 16:24:53.972035 INFO::Fitting model to feature number 1025, MGYG000410493
2026-01-11 16:24:53.974646 WARNING::Fitting problem for feature 1025 returning NA
2026-01-11 16:24:53.978441 INFO::Fitting model to feature number 1026, Allobaculum sp910579655
2026-01-11 16:24:53.982856 INFO::Fitting model to feature number 1027, MGBC163490 sp910588075
2026-01-11 16:24:53.987145 INFO::Fitting model to feature number 1028, Limosilactobacillus urinaemulieris
2026-01-11 16:24:53.992057 INFO::Fitting model to feature number 1029, Lactiplantibacillus plantarum
2026-01-11 16:24:53.997444 INFO::Fitting model to feature number 1030, Enterococcus_D gallinarum
2026-01-11 16:24:54.002251 INFO::Fitting model to feature number 1031, Granulicatella adiacens
2026-01-11 16:24:54.007894 INFO::Fitting model to feature number 1032, Scybalousia sp910584255
2026-01-11 16:24:54.014543 INFO::Fitting model to feature number 1033, MGYG000325543
2026-01-11 16:24:54.019977 INFO::Fitting model to feature number 1034, Paratractidigestivibacter sp003150175
2026-01-11 16:24:54.025055 INFO::Fitting model to feature number 1035, Collinsella stercoris
2026-01-11 16:24:54.031581 INFO::Fitting model to feature number 1036, Collinsella sp900545445
2026-01-11 16:24:54.036299 INFO::Fitting model to feature number 1037, Collinsella sp002232035
2026-01-11 16:24:54.041023 INFO::Fitting model to feature number 1038, MGYG000330890
2026-01-11 16:24:54.046688 INFO::Fitting model to feature number 1039, Cutibacterium acnes
2026-01-11 16:24:54.052383 INFO::Fitting model to feature number 1040, MGYG000325467
2026-01-11 16:24:54.059778 INFO::Fitting model to feature number 1041, MGYG000325647
2026-01-11 16:24:54.066958 INFO::Fitting model to feature number 1042, MGYG000325468
2026-01-11 16:24:54.072214 INFO::Fitting model to feature number 1043, MGYG000325561
2026-01-11 16:24:54.078949 INFO::Fitting model to feature number 1044, CAG-873 sp014801485
2026-01-11 16:24:54.08511 INFO::Fitting model to feature number 1045, MGYG000325408
2026-01-11 16:24:54.092224 INFO::Fitting model to feature number 1046, CAG-873 sp910579605
2026-01-11 16:24:54.098668 INFO::Fitting model to feature number 1047, CAG-485 sp014802175
2026-01-11 16:24:54.10715 INFO::Fitting model to feature number 1048, CAG-485 sp014801875
2026-01-11 16:24:54.113727 INFO::Fitting model to feature number 1049, CAG-485 sp014803765
2026-01-11 16:24:54.122029 INFO::Fitting model to feature number 1050, MGYG000325797
2026-01-11 16:24:54.129751 INFO::Fitting model to feature number 1051, MGYG000325348
2026-01-11 16:24:54.134938 INFO::Fitting model to feature number 1052, MGYG000325391
2026-01-11 16:24:54.140033 INFO::Fitting model to feature number 1053, MGYG000325606
2026-01-11 16:24:54.145808 INFO::Fitting model to feature number 1054, MGYG000325480
2026-01-11 16:24:54.150791 INFO::Fitting model to feature number 1055, CAG-485 sp014800535
2026-01-11 16:24:54.157163 INFO::Fitting model to feature number 1056, CAG-485 sp014801585
2026-01-11 16:24:54.165262 INFO::Fitting model to feature number 1057, MGYG000325583
2026-01-11 16:24:54.171973 INFO::Fitting model to feature number 1058, MGYG000325430
2026-01-11 16:24:54.179469 INFO::Fitting model to feature number 1059, MGYG000325719
2026-01-11 16:24:54.186611 INFO::Fitting model to feature number 1060, MGYG000325338
2026-01-11 16:24:54.194249 INFO::Fitting model to feature number 1061, MGYG000325306
2026-01-11 16:24:54.200212 INFO::Fitting model to feature number 1062, MGYG000325603
2026-01-11 16:24:54.205145 INFO::Fitting model to feature number 1063, UBA3263 sp014802435
2026-01-11 16:24:54.208006 INFO::Fitting model to feature number 1064, MGYG000325316
2026-01-11 16:24:54.213759 INFO::Fitting model to feature number 1065, MGYG000325659
2026-01-11 16:24:54.218797 INFO::Fitting model to feature number 1066, MGYG000325628
2026-01-11 16:24:54.224258 INFO::Fitting model to feature number 1067, MGYG000325657
2026-01-11 16:24:54.230258 INFO::Fitting model to feature number 1068, MGYG000325523
2026-01-11 16:24:54.235411 INFO::Fitting model to feature number 1069, MGYG000325354
2026-01-11 16:24:54.24076 INFO::Fitting model to feature number 1070, MGYG000325392
2026-01-11 16:24:54.246829 INFO::Fitting model to feature number 1071, JAAVFS01 sp014802385
2026-01-11 16:24:54.25196 INFO::Fitting model to feature number 1072, MGYG000327349
2026-01-11 16:24:54.257025 INFO::Fitting model to feature number 1073, Parabacteroides johnsonii
2026-01-11 16:24:54.263796 INFO::Fitting model to feature number 1074, Parabacteroides sp910577325
2026-01-11 16:24:54.268987 INFO::Fitting model to feature number 1075, Bacteroides faecis
2026-01-11 16:24:54.274304 INFO::Fitting model to feature number 1076, Bacteroides bouchesdurhonensis
2026-01-11 16:24:54.280567 INFO::Fitting model to feature number 1077, Bacteroides ovatus
2026-01-11 16:24:54.285581 INFO::Fitting model to feature number 1078, Bacteroides caccae
2026-01-11 16:24:54.290698 INFO::Fitting model to feature number 1079, MGYG000325504
2026-01-11 16:24:54.296908 INFO::Fitting model to feature number 1080, Bacteroides salyersiae
2026-01-11 16:24:54.301853 INFO::Fitting model to feature number 1081, Bacteroides stercorirosoris
2026-01-11 16:24:54.306877 INFO::Fitting model to feature number 1082, MGYG000325502
2026-01-11 16:24:54.312866 INFO::Fitting model to feature number 1083, Prevotella pectinovora
2026-01-11 16:24:54.318056 INFO::Fitting model to feature number 1084, MGYG000325596
2026-01-11 16:24:54.322911 INFO::Fitting model to feature number 1085, Tidjanibacter sp910577285
2026-01-11 16:24:54.32848 INFO::Fitting model to feature number 1086, Odoribacter sp910588375
2026-01-11 16:24:54.333771 INFO::Fitting model to feature number 1087, Odoribacter sp910578985
2026-01-11 16:24:54.338892 INFO::Fitting model to feature number 1088, Odoribacter sp009935865
2026-01-11 16:24:54.344906 INFO::Fitting model to feature number 1089, Cryptobacteroides sp000431015
2026-01-11 16:24:54.350669 INFO::Fitting model to feature number 1090, Pullibacteroides sp910578275
2026-01-11 16:24:54.357144 INFO::Fitting model to feature number 1091, MGYG000376875
2026-01-11 16:24:54.364125 INFO::Fitting model to feature number 1092, MGYG000410984
2026-01-11 16:24:54.36964 INFO::Fitting model to feature number 1093, MGYG000329711
2026-01-11 16:24:54.374823 INFO::Fitting model to feature number 1094, Sporofaciens sp910584575
2026-01-11 16:24:54.380672 INFO::Fitting model to feature number 1095, Sporofaciens sp011960625
2026-01-11 16:24:54.385862 INFO::Fitting model to feature number 1096, MD308 sp910579335
2026-01-11 16:24:54.392166 INFO::Fitting model to feature number 1097, 14-2 sp910585625
2026-01-11 16:24:54.398692 INFO::Fitting model to feature number 1098, 14-2 sp910585895
2026-01-11 16:24:54.404794 INFO::Fitting model to feature number 1099, 14-2 sp004793545
2026-01-11 16:24:54.411546 INFO::Fitting model to feature number 1100, 14-2 sp910580195
2026-01-11 16:24:54.419196 INFO::Fitting model to feature number 1101, 14-2 sp910580015
2026-01-11 16:24:54.426428 INFO::Fitting model to feature number 1102, 14-2 sp910585395
2026-01-11 16:24:54.431002 INFO::Fitting model to feature number 1103, 14-2 sp910587895
2026-01-11 16:24:54.437851 INFO::Fitting model to feature number 1104, MGYG000327388
2026-01-11 16:24:54.441069 INFO::Fitting model to feature number 1105, MGYG000410811
2026-01-11 16:24:54.447568 INFO::Fitting model to feature number 1106, MGYG000352925
2026-01-11 16:24:54.453541 INFO::Fitting model to feature number 1107, MGYG000331207
2026-01-11 16:24:54.456081 WARNING::Fitting problem for feature 1107 returning NA
2026-01-11 16:24:54.458791 INFO::Fitting model to feature number 1108, MGYG000328397
2026-01-11 16:24:54.466765 INFO::Fitting model to feature number 1109, 14-2 sp910588965
2026-01-11 16:24:54.475033 INFO::Fitting model to feature number 1110, 14-2 sp910586005
2026-01-11 16:24:54.479429 WARNING::Fitting problem for feature 1110 returning NA
2026-01-11 16:24:54.48313 INFO::Fitting model to feature number 1111, Ventrimonas sp910588875
2026-01-11 16:24:54.491964 INFO::Fitting model to feature number 1112, Ventrimonas sp910586205
2026-01-11 16:24:54.499816 INFO::Fitting model to feature number 1113, Ventrimonas sp910588125
2026-01-11 16:24:54.507135 INFO::Fitting model to feature number 1114, MGYG000329105
2026-01-11 16:24:54.515445 INFO::Fitting model to feature number 1115, Ventrimonas sp022794255
2026-01-11 16:24:54.520082 INFO::Fitting model to feature number 1116, MGYG000432287
2026-01-11 16:24:54.527422 INFO::Fitting model to feature number 1117, Ventrimonas sp910584845
2026-01-11 16:24:54.533374 INFO::Fitting model to feature number 1118, UBA3282 sp910587715
2026-01-11 16:24:54.538637 INFO::Fitting model to feature number 1119, MGYG000411593
2026-01-11 16:24:54.544388 INFO::Fitting model to feature number 1120, MGYG000323128
2026-01-11 16:24:54.550101 INFO::Fitting model to feature number 1121, UBA3282 sp910578645
2026-01-11 16:24:54.555417 INFO::Fitting model to feature number 1122, UBA3282 sp910579735
2026-01-11 16:24:54.561235 INFO::Fitting model to feature number 1123, MGYG000325815
2026-01-11 16:24:54.566901 INFO::Fitting model to feature number 1124, UBA3282 sp910579395
2026-01-11 16:24:54.573636 INFO::Fitting model to feature number 1125, UBA3282 sp009774575
2026-01-11 16:24:54.581394 INFO::Fitting model to feature number 1126, MGYG000329420
2026-01-11 16:24:54.589629 INFO::Fitting model to feature number 1127, MGYG000323012
2026-01-11 16:24:54.598818 INFO::Fitting model to feature number 1128, MGYG000325709
2026-01-11 16:24:54.604435 INFO::Fitting model to feature number 1129, MGYG000325198
2026-01-11 16:24:54.608026 INFO::Fitting model to feature number 1130, UBA3282 sp910578845
2026-01-11 16:24:54.616399 INFO::Fitting model to feature number 1131, UBA3282 sp910588955
2026-01-11 16:24:54.625084 INFO::Fitting model to feature number 1132, MGYG000325450
2026-01-11 16:24:54.63224 INFO::Fitting model to feature number 1133, MGYG000325999
2026-01-11 16:24:54.637479 INFO::Fitting model to feature number 1134, MGYG000411525
2026-01-11 16:24:54.641859 INFO::Fitting model to feature number 1135, MGYG000325558
2026-01-11 16:24:54.649478 INFO::Fitting model to feature number 1136, MGYG000322990
2026-01-11 16:24:54.656841 INFO::Fitting model to feature number 1137, MGYG000330673
2026-01-11 16:24:54.661116 WARNING::Fitting problem for feature 1137 returning NA
2026-01-11 16:24:54.664852 INFO::Fitting model to feature number 1138, MGYG000368565
2026-01-11 16:24:54.673154 INFO::Fitting model to feature number 1139, UBA7109 sp910580235
2026-01-11 16:24:54.678112 INFO::Fitting model to feature number 1140, MGYG000324764
2026-01-11 16:24:54.682866 INFO::Fitting model to feature number 1141, MGYG000324065
2026-01-11 16:24:54.688245 INFO::Fitting model to feature number 1142, Roseburia sp910577925
2026-01-11 16:24:54.698098 INFO::Fitting model to feature number 1143, MGYG000393816
2026-01-11 16:24:54.702631 INFO::Fitting model to feature number 1144, Butyribacter sp910579085
2026-01-11 16:24:54.710326 INFO::Fitting model to feature number 1145, MGYG000329302
2026-01-11 16:24:54.717462 INFO::Fitting model to feature number 1146, MGYG000348373
2026-01-11 16:24:54.72524 INFO::Fitting model to feature number 1147, MGYG000325401
2026-01-11 16:24:54.729489 WARNING::Fitting problem for feature 1147 returning NA
2026-01-11 16:24:54.733216 INFO::Fitting model to feature number 1148, Butyribacter sp910586555
2026-01-11 16:24:54.736903 WARNING::Fitting problem for feature 1148 returning NA
2026-01-11 16:24:54.739558 INFO::Fitting model to feature number 1149, Butyribacter sp910586605
2026-01-11 16:24:54.746917 INFO::Fitting model to feature number 1150, 1XD8-76 sp003611955
2026-01-11 16:24:54.75232 INFO::Fitting model to feature number 1151, 1XD8-76 sp910584915
2026-01-11 16:24:54.757511 INFO::Fitting model to feature number 1152, 1XD8-76 sp022799355
2026-01-11 16:24:54.764187 INFO::Fitting model to feature number 1153, Blautia coccoides
2026-01-11 16:24:54.767413 INFO::Fitting model to feature number 1154, Blautia hominis
2026-01-11 16:24:54.772783 INFO::Fitting model to feature number 1155, MGYG000330300
2026-01-11 16:24:54.780222 INFO::Fitting model to feature number 1156, MGYG000411610
2026-01-11 16:24:54.786676 INFO::Fitting model to feature number 1157, Acetatifactor sp910578215
2026-01-11 16:24:54.794261 INFO::Fitting model to feature number 1158, MGYG000403847
2026-01-11 16:24:54.803279 INFO::Fitting model to feature number 1159, Acetatifactor sp910585665
2026-01-11 16:24:54.809953 INFO::Fitting model to feature number 1160, MGYG000410724
2026-01-11 16:24:54.818244 INFO::Fitting model to feature number 1161, MGYG000329148
2026-01-11 16:24:54.925267 INFO::Fitting model to feature number 1162, MGYG000331408
2026-01-11 16:24:54.932788 INFO::Fitting model to feature number 1163, MGYG000331279
2026-01-11 16:24:54.937789 INFO::Fitting model to feature number 1164, Acetatifactor sp910584375
2026-01-11 16:24:54.945304 INFO::Fitting model to feature number 1165, MGYG000345025
2026-01-11 16:24:54.950824 INFO::Fitting model to feature number 1166, Acetatifactor sp910586435
2026-01-11 16:24:54.958256 INFO::Fitting model to feature number 1167, MGYG000330154
2026-01-11 16:24:54.965891 INFO::Fitting model to feature number 1168, MGYG000327196
2026-01-11 16:24:54.974036 INFO::Fitting model to feature number 1169, Acetatifactor sp910586215
2026-01-11 16:24:54.982237 INFO::Fitting model to feature number 1170, Acetatifactor sp011959105
2026-01-11 16:24:54.989845 INFO::Fitting model to feature number 1171, Acetatifactor sp910586515
2026-01-11 16:24:54.997109 INFO::Fitting model to feature number 1172, MGYG000325688
2026-01-11 16:24:55.003504 INFO::Fitting model to feature number 1173, MGYG000325419
2026-01-11 16:24:55.011176 INFO::Fitting model to feature number 1174, Acetatifactor sp910585015
2026-01-11 16:24:55.016801 INFO::Fitting model to feature number 1175, Acetatifactor sp910577665
2026-01-11 16:24:55.024518 INFO::Fitting model to feature number 1176, MGYG000329799
2026-01-11 16:24:55.031805 INFO::Fitting model to feature number 1177, Acetatifactor sp910588225
2026-01-11 16:24:55.039073 INFO::Fitting model to feature number 1178, MGYG000410939
2026-01-11 16:24:55.046879 INFO::Fitting model to feature number 1179, MGYG000327533
2026-01-11 16:24:55.054385 INFO::Fitting model to feature number 1180, Acetatifactor sp022797535
2026-01-11 16:24:55.060409 INFO::Fitting model to feature number 1181, MGYG000329051
2026-01-11 16:24:55.068462 INFO::Fitting model to feature number 1182, MGYG000324774
2026-01-11 16:24:55.074421 INFO::Fitting model to feature number 1183, Lachnospira sp910587485
2026-01-11 16:24:55.07772 WARNING::Fitting problem for feature 1183 returning NA
2026-01-11 16:24:55.080286 INFO::Fitting model to feature number 1184, Anaerostipes caccae
2026-01-11 16:24:55.085534 INFO::Fitting model to feature number 1185, 1XD42-69 sp910585825
2026-01-11 16:24:55.090922 INFO::Fitting model to feature number 1186, 1XD42-69 sp910586725
2026-01-11 16:24:55.09504 WARNING::Fitting problem for feature 1186 returning NA
2026-01-11 16:24:55.097709 INFO::Fitting model to feature number 1187, 1XD42-69 sp910586355
2026-01-11 16:24:55.100431 WARNING::Fitting problem for feature 1187 returning NA
2026-01-11 16:24:55.10283 INFO::Fitting model to feature number 1188, 1XD42-69 sp910589105
2026-01-11 16:24:55.106073 INFO::Fitting model to feature number 1189, MGYG000327486
2026-01-11 16:24:55.112989 INFO::Fitting model to feature number 1190, MGYG000331229
2026-01-11 16:24:55.12006 INFO::Fitting model to feature number 1191, UBA3402 sp910588505
2026-01-11 16:24:55.127567 INFO::Fitting model to feature number 1192, UBA3402 sp022792815
2026-01-11 16:24:55.136364 INFO::Fitting model to feature number 1193, UBA3402 sp910579515
2026-01-11 16:24:55.14514 INFO::Fitting model to feature number 1194, MGYG000410806
2026-01-11 16:24:55.151078 INFO::Fitting model to feature number 1195, MGYG000324300
2026-01-11 16:24:55.157623 INFO::Fitting model to feature number 1196, MGYG000324807
2026-01-11 16:24:55.165448 INFO::Fitting model to feature number 1197, MGYG000327237
2026-01-11 16:24:55.172519 INFO::Fitting model to feature number 1198, MGYG000327181
2026-01-11 16:24:55.179932 INFO::Fitting model to feature number 1199, CAG-95 sp910577445
2026-01-11 16:24:55.187919 INFO::Fitting model to feature number 1200, CAG-95 sp002492465
2026-01-11 16:24:55.1963 INFO::Fitting model to feature number 1201, CAG-95 sp910587305
2026-01-11 16:24:55.203997 INFO::Fitting model to feature number 1202, CAG-95 sp910587295
2026-01-11 16:24:55.211769 INFO::Fitting model to feature number 1203, MGYG000410955
2026-01-11 16:24:55.219757 INFO::Fitting model to feature number 1204, MGYG000325519
2026-01-11 16:24:55.227088 INFO::Fitting model to feature number 1205, MGYG000325286
2026-01-11 16:24:55.234613 INFO::Fitting model to feature number 1206, CAG-95 sp000403495
2026-01-11 16:24:55.242424 INFO::Fitting model to feature number 1207, CAG-95 sp014804245
2026-01-11 16:24:55.251629 INFO::Fitting model to feature number 1208, MGYG000330445
2026-01-11 16:24:55.260073 INFO::Fitting model to feature number 1209, COE1 sp014239155
2026-01-11 16:24:55.269462 INFO::Fitting model to feature number 1210, MGYG000325661
2026-01-11 16:24:55.278085 INFO::Fitting model to feature number 1211, COE1 sp011959805
2026-01-11 16:24:55.285735 INFO::Fitting model to feature number 1212, COE1 sp009774245
2026-01-11 16:24:55.293696 INFO::Fitting model to feature number 1213, MGYG000325434
2026-01-11 16:24:55.299696 INFO::Fitting model to feature number 1214, COE1 sp910577115
2026-01-11 16:24:55.305048 INFO::Fitting model to feature number 1215, COE1 sp000403215
2026-01-11 16:24:55.310935 INFO::Fitting model to feature number 1216, COE1 sp910588595
2026-01-11 16:24:55.316553 INFO::Fitting model to feature number 1217, MGYG000325380
2026-01-11 16:24:55.322016 INFO::Fitting model to feature number 1218, MGYG000328561
2026-01-11 16:24:55.32852 INFO::Fitting model to feature number 1219, COE1 sp910578795
2026-01-11 16:24:55.332743 WARNING::Fitting problem for feature 1219 returning NA
2026-01-11 16:24:55.336091 INFO::Fitting model to feature number 1220, COE1 sp003513705
2026-01-11 16:24:55.343092 INFO::Fitting model to feature number 1221, Eubacterium_F sp910577295
2026-01-11 16:24:55.347507 INFO::Fitting model to feature number 1222, Eubacterium_F sp910584065
2026-01-11 16:24:55.353657 INFO::Fitting model to feature number 1223, Eubacterium_F sp910584245
2026-01-11 16:24:55.358614 INFO::Fitting model to feature number 1224, Eubacterium_F sp910584645
2026-01-11 16:24:55.365292 INFO::Fitting model to feature number 1225, MGYG000327551
2026-01-11 16:24:55.372131 INFO::Fitting model to feature number 1226, VSOB01 sp910585345
2026-01-11 16:24:55.378711 INFO::Fitting model to feature number 1227, VSOB01 sp910589075
2026-01-11 16:24:55.383874 INFO::Fitting model to feature number 1228, Merdisoma sp910587955
2026-01-11 16:24:55.38876 INFO::Fitting model to feature number 1229, MGYG000331110
2026-01-11 16:24:55.394484 INFO::Fitting model to feature number 1230, Eubacterium_J plexicaudatum
2026-01-11 16:24:55.399817 INFO::Fitting model to feature number 1231, Eubacterium_J sp910586445
2026-01-11 16:24:55.404661 INFO::Fitting model to feature number 1232, Eubacterium_J sp910577225
2026-01-11 16:24:55.410247 INFO::Fitting model to feature number 1233, Eubacterium_J sp009774535
2026-01-11 16:24:55.413649 INFO::Fitting model to feature number 1234, Eubacterium_J sp910586225
2026-01-11 16:24:55.419537 INFO::Fitting model to feature number 1235, Eubacterium_J sp910584345
2026-01-11 16:24:55.424863 INFO::Fitting model to feature number 1236, MGYG000327547
2026-01-11 16:24:55.432078 INFO::Fitting model to feature number 1237, MGYG000325711
2026-01-11 16:24:55.43477 WARNING::Fitting problem for feature 1237 returning NA
2026-01-11 16:24:55.436869 INFO::Fitting model to feature number 1238, MGYG000324920
2026-01-11 16:24:55.442767 INFO::Fitting model to feature number 1239, Eubacterium_J sp910586045
2026-01-11 16:24:55.446142 INFO::Fitting model to feature number 1240, MGYG000331263
2026-01-11 16:24:55.452176 INFO::Fitting model to feature number 1241, Kineothrix sp910579645
2026-01-11 16:24:55.456902 INFO::Fitting model to feature number 1242, Kineothrix sp023399455
2026-01-11 16:24:55.462204 INFO::Fitting model to feature number 1243, Kineothrix sp910578405
2026-01-11 16:24:55.466942 INFO::Fitting model to feature number 1244, MGBC164599 sp910584115
2026-01-11 16:24:55.471427 INFO::Fitting model to feature number 1245, MGYG000330773
2026-01-11 16:24:55.473831 WARNING::Fitting problem for feature 1245 returning NA
2026-01-11 16:24:55.475966 INFO::Fitting model to feature number 1246, MGYG000323038
2026-01-11 16:24:55.479062 INFO::Fitting model to feature number 1247, Caccovicinus sp910589195
2026-01-11 16:24:55.48364 INFO::Fitting model to feature number 1248, Copromonas sp910585355
2026-01-11 16:24:55.488082 INFO::Fitting model to feature number 1249, MGYG000329350
2026-01-11 16:24:55.493457 INFO::Fitting model to feature number 1250, Copromonas sp900066535
2026-01-11 16:24:55.49701 INFO::Fitting model to feature number 1251, MGYG000346909
2026-01-11 16:24:55.501507 INFO::Fitting model to feature number 1252, Eisenbergiella porci
2026-01-11 16:24:55.505838 INFO::Fitting model to feature number 1253, MGYG000379181
2026-01-11 16:24:55.511205 INFO::Fitting model to feature number 1254, CAG-510 sp910578335
2026-01-11 16:24:55.516081 INFO::Fitting model to feature number 1255, CAG-510 sp910577015
2026-01-11 16:24:55.521757 INFO::Fitting model to feature number 1256, MGYG000325414
2026-01-11 16:24:55.526643 INFO::Fitting model to feature number 1257, MGYG000328974
2026-01-11 16:24:55.529157 WARNING::Fitting problem for feature 1257 returning NA
2026-01-11 16:24:55.53136 INFO::Fitting model to feature number 1258, MGYG000329478
2026-01-11 16:24:55.535714 INFO::Fitting model to feature number 1259, SIG307 sp910577175
2026-01-11 16:24:55.539999 INFO::Fitting model to feature number 1260, Clostridium_Q symbiosum
2026-01-11 16:24:55.542745 WARNING::Fitting problem for feature 1260 returning NA
2026-01-11 16:24:55.545177 INFO::Fitting model to feature number 1261, Clostridium_Q sp009911305
2026-01-11 16:24:55.550296 INFO::Fitting model to feature number 1262, Enterocloster bolteae
2026-01-11 16:24:55.555269 INFO::Fitting model to feature number 1263, MGYG000330164
2026-01-11 16:24:55.558397 INFO::Fitting model to feature number 1264, MGYG000323607
2026-01-11 16:24:55.564582 INFO::Fitting model to feature number 1265, RGIG4057 sp910577675
2026-01-11 16:24:55.570032 INFO::Fitting model to feature number 1266, RGIG8607 sp910588535
2026-01-11 16:24:55.57507 INFO::Fitting model to feature number 1267, MGBC131033 sp910585655
2026-01-11 16:24:55.578747 INFO::Fitting model to feature number 1268, MGYG000409986
2026-01-11 16:24:55.583987 INFO::Fitting model to feature number 1269, MGYG000323124
2026-01-11 16:24:55.588977 INFO::Fitting model to feature number 1270, MGYG000327294
2026-01-11 16:24:55.594757 INFO::Fitting model to feature number 1271, RUG115 sp910578885
2026-01-11 16:24:55.600082 INFO::Fitting model to feature number 1272, MGYG000410396
2026-01-11 16:24:55.606001 INFO::Fitting model to feature number 1273, RGIG7193 sp910586125
2026-01-11 16:24:55.610616 INFO::Fitting model to feature number 1274, Agathobacter sp910587655
2026-01-11 16:24:55.616668 INFO::Fitting model to feature number 1275, MGYG000410161
2026-01-11 16:24:55.61991 WARNING::Fitting problem for feature 1275 returning NA
2026-01-11 16:24:55.622895 INFO::Fitting model to feature number 1276, MGYG000327199
2026-01-11 16:24:55.630688 INFO::Fitting model to feature number 1277, RGIG3040 sp910585715
2026-01-11 16:24:55.637295 INFO::Fitting model to feature number 1278, Butyrivibrio_A sp000431815
2026-01-11 16:24:55.64028 INFO::Fitting model to feature number 1279, MGYG000325389
2026-01-11 16:24:55.650011 INFO::Fitting model to feature number 1280, CAG-303 sp910577835
2026-01-11 16:24:55.657028 INFO::Fitting model to feature number 1281, CAG-303 sp910584685
2026-01-11 16:24:55.660709 WARNING::Fitting problem for feature 1281 returning NA
2026-01-11 16:24:55.663897 INFO::Fitting model to feature number 1282, MGYG000327534
2026-01-11 16:24:55.669691 INFO::Fitting model to feature number 1283, An181 sp910585545
2026-01-11 16:24:55.672559 INFO::Fitting model to feature number 1284, RGIG3002 sp910579805
2026-01-11 16:24:55.678292 INFO::Fitting model to feature number 1285, MGYG000323516
2026-01-11 16:24:55.684444 INFO::Fitting model to feature number 1286, MGBC120314 sp910584325
2026-01-11 16:24:55.68804 INFO::Fitting model to feature number 1287, CAG-632 sp910587045
2026-01-11 16:24:55.690467 WARNING::Fitting problem for feature 1287 returning NA
2026-01-11 16:24:55.692979 INFO::Fitting model to feature number 1288, MGBC136627 sp910585935
2026-01-11 16:24:55.697731 WARNING::Fitting problem for feature 1288 returning NA
2026-01-11 16:24:55.699845 INFO::Fitting model to feature number 1289, MGBC165282 sp910589265
2026-01-11 16:24:55.702732 INFO::Fitting model to feature number 1290, Mediterraneibacter_A sp022790755
2026-01-11 16:24:55.707593 INFO::Fitting model to feature number 1291, Hungatella effluvii
2026-01-11 16:24:55.711237 INFO::Fitting model to feature number 1292, Mobilitalea sp023395555
2026-01-11 16:24:55.716517 INFO::Fitting model to feature number 1293, Fusicatenibacter saccharivorans
2026-01-11 16:24:55.719469 INFO::Fitting model to feature number 1294, CAG-411 sp014799595
2026-01-11 16:24:55.72436 INFO::Fitting model to feature number 1295, MGYG000323744
2026-01-11 16:24:55.731257 INFO::Fitting model to feature number 1296, MGBC143606 sp910587935
2026-01-11 16:24:55.734021 INFO::Fitting model to feature number 1297, Ruminococcus_B gnavus
2026-01-11 16:24:55.736208 WARNING::Fitting problem for feature 1297 returning NA
2026-01-11 16:24:55.738176 INFO::Fitting model to feature number 1298, Frisingicoccus caecimuris
2026-01-11 16:24:55.740326 WARNING::Fitting problem for feature 1298 returning NA
2026-01-11 16:24:55.742469 INFO::Fitting model to feature number 1299, Lawsonibacter sp900066645
2026-01-11 16:24:55.745234 WARNING::Fitting problem for feature 1299 returning NA
2026-01-11 16:24:55.747442 INFO::Fitting model to feature number 1300, MGYG000327494
2026-01-11 16:24:55.751776 INFO::Fitting model to feature number 1301, MGYG000325423
2026-01-11 16:24:55.756042 INFO::Fitting model to feature number 1302, Dysosmobacter sp022797935
2026-01-11 16:24:55.760977 INFO::Fitting model to feature number 1303, MGYG000327261
2026-01-11 16:24:55.764074 INFO::Fitting model to feature number 1304, Dysosmobacter sp910588005
2026-01-11 16:24:55.768798 INFO::Fitting model to feature number 1305, Dysosmobacter sp001916835
2026-01-11 16:24:55.773143 INFO::Fitting model to feature number 1306, Dysosmobacter sp910585165
2026-01-11 16:24:55.778048 INFO::Fitting model to feature number 1307, MGYG000329398
2026-01-11 16:24:55.782516 INFO::Fitting model to feature number 1308, MGYG000322989
2026-01-11 16:24:55.786645 INFO::Fitting model to feature number 1309, MGYG000323872
2026-01-11 16:24:55.790872 INFO::Fitting model to feature number 1310, Pelethomonas sp022797115
2026-01-11 16:24:55.795869 INFO::Fitting model to feature number 1311, Pelethomonas sp910584045
2026-01-11 16:24:55.800299 INFO::Fitting model to feature number 1312, MGYG000325682
2026-01-11 16:24:55.804535 INFO::Fitting model to feature number 1313, MGYG000329870
2026-01-11 16:24:55.808758 INFO::Fitting model to feature number 1314, MGYG000409933
2026-01-11 16:24:55.813876 INFO::Fitting model to feature number 1315, MGYG000325610
2026-01-11 16:24:55.81612 WARNING::Fitting problem for feature 1315 returning NA
2026-01-11 16:24:55.818011 INFO::Fitting model to feature number 1316, Faecousia sp900544705
2026-01-11 16:24:55.820342 INFO::Fitting model to feature number 1317, MGYG000327369
2026-01-11 16:24:55.824363 INFO::Fitting model to feature number 1318, MGYG000327333
2026-01-11 16:24:55.830013 INFO::Fitting model to feature number 1319, Marseille-P3106 sp905219705
2026-01-11 16:24:55.83245 WARNING::Fitting problem for feature 1319 returning NA
2026-01-11 16:24:55.834473 INFO::Fitting model to feature number 1320, Marseille-P3106 sp910577415
2026-01-11 16:24:55.837347 INFO::Fitting model to feature number 1321, MGYG000329177
2026-01-11 16:24:55.842029 INFO::Fitting model to feature number 1322, HGM13010 sp022800755
2026-01-11 16:24:55.848769 INFO::Fitting model to feature number 1323, Flavonifractor plautii
2026-01-11 16:24:55.853375 INFO::Fitting model to feature number 1324, Intestinimonas butyriciproducens
2026-01-11 16:24:55.855793 WARNING::Fitting problem for feature 1324 returning NA
2026-01-11 16:24:55.858574 INFO::Fitting model to feature number 1325, MGBC124762 sp910579775
2026-01-11 16:24:55.863299 INFO::Fitting model to feature number 1326, MGYG000329700
2026-01-11 16:24:55.870855 INFO::Fitting model to feature number 1327, MGYG000323009
2026-01-11 16:24:55.878296 INFO::Fitting model to feature number 1328, MGYG000326780
2026-01-11 16:24:55.886168 INFO::Fitting model to feature number 1329, MGYG000329402
2026-01-11 16:24:55.894097 INFO::Fitting model to feature number 1330, MGYG000411571
2026-01-11 16:24:55.898274 INFO::Fitting model to feature number 1331, MGYG000356933
2026-01-11 16:24:55.904107 INFO::Fitting model to feature number 1332, MGYG000376485
2026-01-11 16:24:55.911619 INFO::Fitting model to feature number 1333, Fimivicinus sp900544375
2026-01-11 16:24:55.920115 INFO::Fitting model to feature number 1334, Ruminococcus_E sp910585865
2026-01-11 16:24:55.926704 INFO::Fitting model to feature number 1335, MGYG000360413
2026-01-11 16:24:55.929974 WARNING::Fitting problem for feature 1335 returning NA
2026-01-11 16:24:55.934181 INFO::Fitting model to feature number 1336, Ruthenibacterium lactatiformans
2026-01-11 16:24:55.937319 WARNING::Fitting problem for feature 1336 returning NA
2026-01-11 16:24:55.941206 INFO::Fitting model to feature number 1337, MGYG000410556
2026-01-11 16:24:55.949915 INFO::Fitting model to feature number 1338, MGYG000410798
2026-01-11 16:24:55.956228 INFO::Fitting model to feature number 1339, MGYG000327515
2026-01-11 16:24:55.960994 INFO::Fitting model to feature number 1340, MGYG000325568
2026-01-11 16:24:55.965995 INFO::Fitting model to feature number 1341, MGYG000325411
2026-01-11 16:24:55.968617 INFO::Fitting model to feature number 1342, MGYG000328314
2026-01-11 16:24:55.973127 INFO::Fitting model to feature number 1343, CAG-115 sp910587135
2026-01-11 16:24:55.979783 INFO::Fitting model to feature number 1344, CAG-115 sp910577365
2026-01-11 16:24:55.985224 INFO::Fitting model to feature number 1345, CAG-115 sp910587465
2026-01-11 16:24:55.987821 WARNING::Fitting problem for feature 1345 returning NA
2026-01-11 16:24:55.991133 INFO::Fitting model to feature number 1346, Faecalibacterium sp900539945
2026-01-11 16:24:55.997308 INFO::Fitting model to feature number 1347, Faecalibacterium longum
2026-01-11 16:24:56.000347 INFO::Fitting model to feature number 1348, MGYG000325416
2026-01-11 16:24:56.005039 INFO::Fitting model to feature number 1349, UBA7177 sp910579545
2026-01-11 16:24:56.007562 WARNING::Fitting problem for feature 1349 returning NA
2026-01-11 16:24:56.009765 INFO::Fitting model to feature number 1350, UBA7177 sp910578965
2026-01-11 16:24:56.015435 INFO::Fitting model to feature number 1351, Neobittarella massiliensis
2026-01-11 16:24:56.020815 INFO::Fitting model to feature number 1352, Gemmiger formicilis
2026-01-11 16:24:56.026715 INFO::Fitting model to feature number 1353, UBA866 sp022791945
2026-01-11 16:24:56.029555 WARNING::Fitting problem for feature 1353 returning NA
2026-01-11 16:24:56.032207 INFO::Fitting model to feature number 1354, MGYG000410783
2026-01-11 16:24:56.034662 WARNING::Fitting problem for feature 1354 returning NA
2026-01-11 16:24:56.037123 INFO::Fitting model to feature number 1355, MGYG000330170
2026-01-11 16:24:56.041064 INFO::Fitting model to feature number 1356, QXXE01 sp910586105
2026-01-11 16:24:56.045268 WARNING::Fitting problem for feature 1356 returning NA
2026-01-11 16:24:56.048052 INFO::Fitting model to feature number 1357, MGYG000330847
2026-01-11 16:24:56.052169 INFO::Fitting model to feature number 1358, Coproplasma sp910586035
2026-01-11 16:24:56.057779 INFO::Fitting model to feature number 1359, Coproplasma sp910579295
2026-01-11 16:24:56.062526 INFO::Fitting model to feature number 1360, Coproplasma sp910587825
2026-01-11 16:24:56.066782 WARNING::Fitting problem for feature 1360 returning NA
2026-01-11 16:24:56.071428 INFO::Fitting model to feature number 1361, Coproplasma sp910585705
2026-01-11 16:24:56.078679 INFO::Fitting model to feature number 1362, Coproplasma sp910576655
2026-01-11 16:24:56.085307 INFO::Fitting model to feature number 1363, MGYG000410549
2026-01-11 16:24:56.091489 INFO::Fitting model to feature number 1364, Coproplasma sp910577555
2026-01-11 16:24:56.098917 INFO::Fitting model to feature number 1365, Gallimonas sp910586985
2026-01-11 16:24:56.106004 INFO::Fitting model to feature number 1366, Gallimonas sp910586365
2026-01-11 16:24:56.109578 INFO::Fitting model to feature number 1367, Gallimonas sp910589015
2026-01-11 16:24:56.117104 INFO::Fitting model to feature number 1368, Gallimonas sp910586825
2026-01-11 16:24:56.120732 WARNING::Fitting problem for feature 1368 returning NA
2026-01-11 16:24:56.12418 INFO::Fitting model to feature number 1369, Anaerocaecibacter sp910579205
2026-01-11 16:24:56.13189 INFO::Fitting model to feature number 1370, Anaerocaecibacter sp910585055
2026-01-11 16:24:56.136946 INFO::Fitting model to feature number 1371, MGYG000327384
2026-01-11 16:24:56.14229 INFO::Fitting model to feature number 1372, MGBC157735 sp910588155
2026-01-11 16:24:56.150084 INFO::Fitting model to feature number 1373, Pumilibacter sp910579245
2026-01-11 16:24:56.157285 INFO::Fitting model to feature number 1374, UBA11524 sp000437595
2026-01-11 16:24:56.165166 INFO::Fitting model to feature number 1375, MGYG000388556
2026-01-11 16:24:56.172622 INFO::Fitting model to feature number 1376, Zhenpiania sp910583765
2026-01-11 16:24:56.18127 INFO::Fitting model to feature number 1377, VUNA01 sp002299625
2026-01-11 16:24:56.189052 INFO::Fitting model to feature number 1378, Clostridioides difficile
2026-01-11 16:24:56.197367 INFO::Fitting model to feature number 1379, MGYG000369796
2026-01-11 16:24:56.206439 INFO::Fitting model to feature number 1380, MGYG000328055
2026-01-11 16:24:56.215502 INFO::Fitting model to feature number 1381, MGYG000411369
2026-01-11 16:24:56.22063 INFO::Fitting model to feature number 1382, Clostridium sp910588715
2026-01-11 16:24:56.227293 INFO::Fitting model to feature number 1383, CAG-41 sp010206265
2026-01-11 16:24:56.231656 WARNING::Fitting problem for feature 1383 returning NA
2026-01-11 16:24:56.235126 INFO::Fitting model to feature number 1384, Parasutterella excrementihominis
2026-01-11 16:24:56.24352 INFO::Fitting model to feature number 1385, Escherichia coli
2026-01-11 16:24:56.252472 INFO::Fitting model to feature number 1386, Klebsiella michiganensis
2026-01-11 16:24:56.262108 INFO::Fitting model to feature number 1387, MGYG000408998
2026-01-11 16:24:56.271783 INFO::Fitting model to feature number 1388, MGYG000324409
2026-01-11 16:24:56.281243 INFO::Fitting model to feature number 1389, MGYG000366359
2026-01-11 16:24:56.289826 INFO::Fitting model to feature number 1390, MGYG000411437
2026-01-11 16:24:56.298374 INFO::Fitting model to feature number 1391, MGYG000350430
2026-01-11 16:24:56.301306 WARNING::Fitting problem for feature 1391 returning NA
2026-01-11 16:24:56.303659 INFO::Fitting model to feature number 1392, MGYG000346441
2026-01-11 16:24:56.307185 WARNING::Fitting problem for feature 1392 returning NA
2026-01-11 16:24:56.310972 INFO::Fitting model to feature number 1393, MGYG000322940
2026-01-11 16:24:56.319329 INFO::Fitting model to feature number 1394, MGYG000410841
2026-01-11 16:24:56.325332 INFO::Fitting model to feature number 1395, Zag111 sp910584405
2026-01-11 16:24:56.332388 INFO::Fitting model to feature number 1396, Avigastranaerophilus sp910583875
2026-01-11 16:24:56.335647 INFO::Fitting model to feature number 1397, MGBC122484 sp910583725
2026-01-11 16:24:56.340833 INFO::Fitting model to feature number 1398, MGYG000326931
2026-01-11 16:24:56.345073 WARNING::Fitting problem for feature 1398 returning NA
2026-01-11 16:24:56.349084 INFO::Fitting model to feature number 1399, MGYG000405972
2026-01-11 16:24:56.356528 INFO::Fitting model to feature number 1400, MGYG000328795
2026-01-11 16:24:56.360726 WARNING::Fitting problem for feature 1400 returning NA
2026-01-11 16:24:56.365121 INFO::Fitting model to feature number 1401, HGM10857 sp910578745
2026-01-11 16:24:56.38211 INFO::Fitting model to feature number 1402, MGYG000410710
2026-01-11 16:24:56.390537 INFO::Fitting model to feature number 1403, Acetatifactor muris
2026-01-11 16:24:56.399095 INFO::Fitting model to feature number 1404, MGYG000325356
2026-01-11 16:24:56.407886 INFO::Fitting model to feature number 1405, MGYG000329400
2026-01-11 16:24:56.413192 INFO::Fitting model to feature number 1406, Coprocola sp910587735
2026-01-11 16:24:56.421498 INFO::Fitting model to feature number 1407, MGYG000387050
2026-01-11 16:24:56.431558 INFO::Fitting model to feature number 1408, MGYG000326286
2026-01-11 16:24:56.436448 INFO::Fitting model to feature number 1409, Ruminococcus sp910576995
2026-01-11 16:24:56.441745 INFO::Fitting model to feature number 1410, Ruminococcus sp910579835
2026-01-11 16:24:56.447473 INFO::Fitting model to feature number 1411, Ruminococcus sp900540005
2026-01-11 16:24:56.456399 INFO::Fitting model to feature number 1412, Ruminococcus sp002362175
2026-01-11 16:24:56.461913 INFO::Fitting model to feature number 1413, Ruminococcus sp910577575
2026-01-11 16:24:56.471034 INFO::Fitting model to feature number 1414, MGYG000410441
2026-01-11 16:24:56.476698 INFO::Fitting model to feature number 1415, MGYG000365643
2026-01-11 16:24:56.490313 INFO::Fitting model to feature number 1416, MGYG000369368
2026-01-11 16:24:56.49489 INFO::Fitting model to feature number 1417, MGYG000330830
2026-01-11 16:24:56.500031 WARNING::Fitting problem for feature 1417 returning NA
2026-01-11 16:24:56.504045 INFO::Fitting model to feature number 1418, MGYG000324069
2026-01-11 16:24:56.516803 INFO::Fitting model to feature number 1419, MGYG000392389
2026-01-11 16:24:56.520322 INFO::Fitting model to feature number 1420, Coproplasma sp910578195
2026-01-11 16:24:56.529543 INFO::Fitting model to feature number 1421, Gallimonas sp910588615
2026-01-11 16:24:56.535262 INFO::Fitting model to feature number 1422, Fimimonas sp910586905
2026-01-11 16:24:56.541486 INFO::Fitting model to feature number 1423, MGYG000329863
2026-01-11 16:24:56.551409 INFO::Fitting model to feature number 1424, Pseudomonas aeruginosa
2026-01-11 16:24:56.560983 INFO::Fitting model to feature number 1425, C-19 sp022799495
2026-01-11 16:24:56.573165 INFO::Fitting model to feature number 1426, MGBC140090 sp910586805
2026-01-11 16:24:56.582214 INFO::Fitting model to feature number 1427, MGYG000337677
2026-01-11 16:24:56.591254 INFO::Fitting model to feature number 1428, Staphylococcus nepalensis
2026-01-11 16:24:56.596795 INFO::Fitting model to feature number 1429, D16-34 sp910588485
2026-01-11 16:24:56.606462 INFO::Fitting model to feature number 1430, UMGS1502 sp900552365
2026-01-11 16:24:56.615716 INFO::Fitting model to feature number 1431, CACZQA01 sp900758075
2026-01-11 16:24:56.625146 INFO::Fitting model to feature number 1432, MGYG000325313
2026-01-11 16:24:56.633287 INFO::Fitting model to feature number 1433, Schaedlerella glycyrrhizinilytica_A
2026-01-11 16:24:56.638766 INFO::Fitting model to feature number 1434, MGYG000322968
2026-01-11 16:24:56.647477 INFO::Fitting model to feature number 1435, Butyribacter sp003612285
2026-01-11 16:24:56.652853 INFO::Fitting model to feature number 1436, Butyribacter sp910580005
2026-01-11 16:24:56.661958 INFO::Fitting model to feature number 1437, MGYG000325492
2026-01-11 16:24:56.671371 INFO::Fitting model to feature number 1438, Acetatifactor sp910578815
2026-01-11 16:24:56.680753 INFO::Fitting model to feature number 1439, Acetatifactor sp910583845
2026-01-11 16:24:56.69006 INFO::Fitting model to feature number 1440, MGYG000328399
2026-01-11 16:24:56.699305 INFO::Fitting model to feature number 1441, Acetatifactor sp910587755
2026-01-11 16:24:56.709178 INFO::Fitting model to feature number 1442, MGYG000329698
2026-01-11 16:24:56.718472 INFO::Fitting model to feature number 1443, CAG-95 sp009774465
2026-01-11 16:24:56.727607 INFO::Fitting model to feature number 1444, MGYG000410124
2026-01-11 16:24:56.736514 INFO::Fitting model to feature number 1445, UBA2882 sp002362385
2026-01-11 16:24:56.741696 INFO::Fitting model to feature number 1446, MGYG000350270
2026-01-11 16:24:56.746995 INFO::Fitting model to feature number 1447, MGYG000411484
2026-01-11 16:24:56.751311 WARNING::Fitting problem for feature 1447 returning NA
2026-01-11 16:24:56.754802 INFO::Fitting model to feature number 1448, 1XD42-69 sp003612565
2026-01-11 16:24:56.763506 INFO::Fitting model to feature number 1449, MGYG000324730
2026-01-11 16:24:56.772224 INFO::Fitting model to feature number 1450, Blautia_A wexlerae
2026-01-11 16:24:56.777328 INFO::Fitting model to feature number 1451, Bariatricus comes
2026-01-11 16:24:56.782854 INFO::Fitting model to feature number 1452, Wujia sp002493625
2026-01-11 16:24:56.787203 WARNING::Fitting problem for feature 1452 returning NA
2026-01-11 16:24:56.790843 INFO::Fitting model to feature number 1453, MGYG000322947
2026-01-11 16:24:56.799886 INFO::Fitting model to feature number 1454, MGYG000322925
2026-01-11 16:24:56.804161 WARNING::Fitting problem for feature 1454 returning NA
2026-01-11 16:24:56.80765 INFO::Fitting model to feature number 1455, MGYG000330643
2026-01-11 16:24:56.812097 WARNING::Fitting problem for feature 1455 returning NA
2026-01-11 16:24:56.815911 INFO::Fitting model to feature number 1456, MGYG000325949
2026-01-11 16:24:56.824787 INFO::Fitting model to feature number 1457, Acutalibacter ornithocaccae
2026-01-11 16:24:56.833881 INFO::Fitting model to feature number 1458, Eubacterium_R sp910577195
2026-01-11 16:24:56.839047 INFO::Fitting model to feature number 1459, Avimonas_A sp022800315
2026-01-11 16:24:56.847953 INFO::Fitting model to feature number 1460, UBA3818 sp904397845
2026-01-11 16:24:56.856966 INFO::Fitting model to feature number 1461, MGYG000354216
2026-01-11 16:24:56.865487 INFO::Fitting model to feature number 1462, MGYG000350425
2026-01-11 16:24:56.871204 INFO::Fitting model to feature number 1463, MGYG000340095
2026-01-11 16:24:56.874466 INFO::Fitting model to feature number 1464, MGYG000336507
2026-01-11 16:24:56.882273 INFO::Fitting model to feature number 1465, Agrobacterium pusense
2026-01-11 16:24:56.88556 INFO::Fitting model to feature number 1466, MGYG000325577
2026-01-11 16:24:56.890975 INFO::Fitting model to feature number 1467, MGYG000325533
2026-01-11 16:24:56.897594 INFO::Fitting model to feature number 1468, MGYG000325757
2026-01-11 16:24:56.901551 WARNING::Fitting problem for feature 1468 returning NA
2026-01-11 16:24:56.906025 INFO::Fitting model to feature number 1469, MGYG000325642
2026-01-11 16:24:56.915976 INFO::Fitting model to feature number 1470, Limisoma sp900544305
2026-01-11 16:24:56.933962 INFO::Fitting model to feature number 1471, MGYG000325491
2026-01-11 16:24:56.947036 INFO::Fitting model to feature number 1472, MGYG000325376
2026-01-11 16:24:56.951802 INFO::Fitting model to feature number 1473, Alistipes putredinis
2026-01-11 16:24:56.960303 INFO::Fitting model to feature number 1474, MGYG000325739
2026-01-11 16:24:56.964922 INFO::Fitting model to feature number 1475, MGYG000325349
2026-01-11 16:24:56.973411 INFO::Fitting model to feature number 1476, MGYG000325640
2026-01-11 16:24:56.977294 WARNING::Fitting problem for feature 1476 returning NA
2026-01-11 16:24:56.980757 INFO::Fitting model to feature number 1477, Alistipes onderdonkii
2026-01-11 16:24:56.986997 INFO::Fitting model to feature number 1478, Alistipes sp003979135
2026-01-11 16:24:56.993684 INFO::Fitting model to feature number 1479, Alistipes sp900541585
2026-01-11 16:24:57.005487 INFO::Fitting model to feature number 1480, Alistipes_A ihumii
2026-01-11 16:24:57.010937 INFO::Fitting model to feature number 1481, Bacteroides eggerthii
2026-01-11 16:24:57.015131 INFO::Fitting model to feature number 1482, Prevotella faecis
2026-01-11 16:24:57.020682 INFO::Fitting model to feature number 1483, Prevotella sp900557405
2026-01-11 16:24:57.024705 WARNING::Fitting problem for feature 1483 returning NA
2026-01-11 16:24:57.028972 INFO::Fitting model to feature number 1484, MGYG000325643
2026-01-11 16:24:57.037346 INFO::Fitting model to feature number 1485, Paraprevotella stercorigallinarum
2026-01-11 16:24:57.045945 INFO::Fitting model to feature number 1486, MGYG000325375
2026-01-11 16:24:57.05153 INFO::Fitting model to feature number 1487, C-19 sp009917405
2026-01-11 16:24:57.054639 WARNING::Fitting problem for feature 1487 returning NA
2026-01-11 16:24:57.057312 INFO::Fitting model to feature number 1488, MGYG000328692
2026-01-11 16:24:57.060999 WARNING::Fitting problem for feature 1488 returning NA
2026-01-11 16:24:57.065374 INFO::Fitting model to feature number 1489, UBA2730 sp022793235
2026-01-11 16:24:57.074483 INFO::Fitting model to feature number 1490, Bacillus licheniformis
2026-01-11 16:24:57.083422 INFO::Fitting model to feature number 1491, Mailhella sp910577155
2026-01-11 16:24:57.094227 INFO::Fitting model to feature number 1492, MGYG000403150
2026-01-11 16:24:57.10217 INFO::Fitting model to feature number 1493, COE1 sp910586405
2026-01-11 16:24:57.111748 INFO::Fitting model to feature number 1494, MGYG000329391
2026-01-11 16:24:57.117422 INFO::Fitting model to feature number 1495, MGYG000327122
2026-01-11 16:24:57.1266 INFO::Fitting model to feature number 1496, Copromonas sp000435795
2026-01-11 16:24:57.136271 INFO::Fitting model to feature number 1497, Kineothrix sp910586275
2026-01-11 16:24:57.145558 INFO::Fitting model to feature number 1498, MGYG000327375
2026-01-11 16:24:57.154563 INFO::Fitting model to feature number 1499, MGYG000331235
2026-01-11 16:24:57.16364 INFO::Fitting model to feature number 1500, MGBC111451 sp910578605
2026-01-11 16:24:57.172935 INFO::Fitting model to feature number 1501, MGYG000411179
2026-01-11 16:24:57.182275 INFO::Fitting model to feature number 1502, Faecalibacterium prausnitzii
2026-01-11 16:24:57.191451 INFO::Fitting model to feature number 1503, MGYG000325383
2026-01-11 16:24:57.196976 INFO::Fitting model to feature number 1504, MGYG000323634
2026-01-11 16:24:57.205821 INFO::Fitting model to feature number 1505, Pumilibacter muris
2026-01-11 16:24:57.214883 INFO::Fitting model to feature number 1506, SFMI01 sp004556155
2026-01-11 16:24:57.219322 WARNING::Fitting problem for feature 1506 returning NA
2026-01-11 16:24:57.22296 INFO::Fitting model to feature number 1507, Escherichia ruysiae
2026-01-11 16:24:57.232154 INFO::Fitting model to feature number 1508, Klebsiella variicola
2026-01-11 16:24:57.240875 INFO::Fitting model to feature number 1509, Citrobacter_A rodentium
2026-01-11 16:24:57.250016 INFO::Fitting model to feature number 1510, Citrobacter_A amalonaticus
2026-01-11 16:24:57.260283 INFO::Fitting model to feature number 1511, MGYG000339089
2026-01-11 16:24:57.272381 INFO::Fitting model to feature number 1512, UBA7185 sp910585405
2026-01-11 16:24:57.279491 INFO::Fitting model to feature number 1513, Helicobacter_D ganmani
2026-01-11 16:24:57.289881 INFO::Fitting model to feature number 1514, Streptococcus danieliae
2026-01-11 16:24:57.296213 INFO::Fitting model to feature number 1515, Streptococcus alactolyticus
2026-01-11 16:24:57.303743 INFO::Fitting model to feature number 1516, MGYG000325510
2026-01-11 16:24:57.348347 INFO::Fitting model to feature number 1517, MGBC107952 sp910578855
2026-01-11 16:24:57.353824 INFO::Fitting model to feature number 1518, MGYG000322996
2026-01-11 16:24:57.359249 INFO::Fitting model to feature number 1519, Niallia sp001076885
2026-01-11 16:24:57.368581 INFO::Fitting model to feature number 1520, MGYG000387335
2026-01-11 16:24:57.373585 INFO::Fitting model to feature number 1521, UBA3282 sp910586615
2026-01-11 16:24:57.379252 INFO::Fitting model to feature number 1522, MGYG000325700
2026-01-11 16:24:57.387923 INFO::Fitting model to feature number 1523, UBA3282 sp910584965
2026-01-11 16:24:57.396313 INFO::Fitting model to feature number 1524, MGYG000325483
2026-01-11 16:24:57.401407 INFO::Fitting model to feature number 1525, MGYG000325802
2026-01-11 16:24:57.410026 INFO::Fitting model to feature number 1526, UBA3282 sp910586705
2026-01-11 16:24:57.415653 INFO::Fitting model to feature number 1527, UBA3282 sp910578715
2026-01-11 16:24:57.424604 INFO::Fitting model to feature number 1528, MGYG000325820
2026-01-11 16:24:57.430046 INFO::Fitting model to feature number 1529, UBA3282 sp910578475
2026-01-11 16:24:57.435589 INFO::Fitting model to feature number 1530, MGYG000325646
2026-01-11 16:24:57.444671 INFO::Fitting model to feature number 1531, MGYG000373306
2026-01-11 16:24:57.453885 INFO::Fitting model to feature number 1532, MGYG000329401
2026-01-11 16:24:57.459299 INFO::Fitting model to feature number 1533, MGYG000327529
2026-01-11 16:24:57.464208 INFO::Fitting model to feature number 1534, MGYG000410713
2026-01-11 16:24:57.472407 INFO::Fitting model to feature number 1535, MGYG000325455
2026-01-11 16:24:57.480906 INFO::Fitting model to feature number 1536, Butyribacter sp910588655
2026-01-11 16:24:57.487573 INFO::Fitting model to feature number 1537, MGYG000330215
2026-01-11 16:24:57.496891 INFO::Fitting model to feature number 1538, Eubacterium_F sp910583555
2026-01-11 16:24:57.502198 INFO::Fitting model to feature number 1539, 14-2 sp910588885
2026-01-11 16:24:57.509879 INFO::Fitting model to feature number 1540, MGYG000325200
2026-01-11 16:24:57.515673 INFO::Fitting model to feature number 1541, MGYG000410031
2026-01-11 16:24:57.520622 INFO::Fitting model to feature number 1542, COE1 sp910588755
2026-01-11 16:24:57.529858 INFO::Fitting model to feature number 1543, COE1 sp910585765
2026-01-11 16:24:57.538287 INFO::Fitting model to feature number 1544, COE1 sp009774375
2026-01-11 16:24:57.547855 INFO::Fitting model to feature number 1545, MGYG000324875
2026-01-11 16:24:57.55647 INFO::Fitting model to feature number 1546, MGYG000328347
2026-01-11 16:24:57.561502 INFO::Fitting model to feature number 1547, MGYG000331069
2026-01-11 16:24:57.566218 INFO::Fitting model to feature number 1548, MGYG000330172
2026-01-11 16:24:57.570193 INFO::Fitting model to feature number 1549, CAG-510 sp003979355
2026-01-11 16:24:57.574227 INFO::Fitting model to feature number 1550, RGIG4057 sp910585065
2026-01-11 16:24:57.579216 INFO::Fitting model to feature number 1551, CAG-603 sp022794265
2026-01-11 16:24:57.583813 INFO::Fitting model to feature number 1552, MGYG000325692
2026-01-11 16:24:57.587963 INFO::Fitting model to feature number 1553, MGYG000328520
2026-01-11 16:24:57.596328 INFO::Fitting model to feature number 1554, MGYG000325327
2026-01-11 16:24:57.604281 INFO::Fitting model to feature number 1555, UBA7050 sp003979345
2026-01-11 16:24:57.608482 INFO::Fitting model to feature number 1556, MGYG000325605
2026-01-11 16:24:57.616409 INFO::Fitting model to feature number 1557, MGBC140009 sp910586015
2026-01-11 16:24:57.624243 INFO::Fitting model to feature number 1558, MGYG000327466
2026-01-11 16:24:57.631449 INFO::Fitting model to feature number 1559, Clostridium_AP sp000509125
2026-01-11 16:24:57.637372 INFO::Fitting model to feature number 1560, MGYG000329308
2026-01-11 16:24:57.642332 INFO::Fitting model to feature number 1561, MGYG000410975
2026-01-11 16:24:57.648906 INFO::Fitting model to feature number 1562, Dysosmobacter welbionis
2026-01-11 16:24:57.654259 INFO::Fitting model to feature number 1563, MGYG000360335
2026-01-11 16:24:57.659241 INFO::Fitting model to feature number 1564, MGYG000329306
2026-01-11 16:24:57.663187 INFO::Fitting model to feature number 1565, Avispirillum sp910586545
2026-01-11 16:24:57.66905 INFO::Fitting model to feature number 1566, Anaerocaecibacter sp910586925
2026-01-11 16:24:57.672937 INFO::Fitting model to feature number 1567, Anaerocaecibacter sp910577995
2026-01-11 16:24:57.676967 INFO::Fitting model to feature number 1568, MGBC157735 sp910585955
2026-01-11 16:24:57.682004 INFO::Fitting model to feature number 1569, Pumilibacter sp910587595
2026-01-11 16:24:57.685886 INFO::Fitting model to feature number 1570, Protoclostridium sp910587025
2026-01-11 16:24:57.689814 INFO::Fitting model to feature number 1571, Coproplasma sp910587625
2026-01-11 16:24:57.695484 INFO::Fitting model to feature number 1572, Coproplasma sp910579705
2026-01-11 16:24:57.700272 INFO::Fitting model to feature number 1573, Lentihominibacter faecis
2026-01-11 16:24:57.70524 INFO::Fitting model to feature number 1574, MGYG000324400
2026-01-11 16:24:57.710654 INFO::Fitting model to feature number 1575, MGYG000357081
2026-01-11 16:24:57.715584 INFO::Fitting model to feature number 1576, Leuconostoc citreum
2026-01-11 16:24:57.719074 WARNING::Fitting problem for feature 1576 returning NA
2026-01-11 16:24:57.722306 INFO::Fitting model to feature number 1577, Enterococcus_E cecorum
2026-01-11 16:24:57.725374 WARNING::Fitting problem for feature 1577 returning NA
2026-01-11 16:24:57.729049 INFO::Fitting model to feature number 1578, MGYG000410809
2026-01-11 16:24:57.73263 WARNING::Fitting problem for feature 1578 returning NA
2026-01-11 16:24:57.735095 INFO::Fitting model to feature number 1579, Anaerotardibacter sp000434775
2026-01-11 16:24:57.738676 WARNING::Fitting problem for feature 1579 returning NA
2026-01-11 16:24:57.741884 INFO::Fitting model to feature number 1580, MGYG000325716
2026-01-11 16:24:57.746069 WARNING::Fitting problem for feature 1580 returning NA
2026-01-11 16:24:57.749573 INFO::Fitting model to feature number 1581, Bacteroides fragilis
2026-01-11 16:24:57.756963 INFO::Fitting model to feature number 1582, Eubacterium_F sp910589595
2026-01-11 16:24:57.761756 INFO::Fitting model to feature number 1583, Acetatifactor sp910584435
2026-01-11 16:24:57.766082 WARNING::Fitting problem for feature 1583 returning NA
2026-01-11 16:24:57.769418 INFO::Fitting model to feature number 1584, Butyribacter sp003611745
2026-01-11 16:24:57.774037 INFO::Fitting model to feature number 1585, MGYG000410930
2026-01-11 16:24:57.782092 INFO::Fitting model to feature number 1586, MGYG000410149
2026-01-11 16:24:57.789678 INFO::Fitting model to feature number 1587, MGYG000328377
2026-01-11 16:24:57.793649 WARNING::Fitting problem for feature 1587 returning NA
2026-01-11 16:24:57.797432 INFO::Fitting model to feature number 1588, MGYG000324606
2026-01-11 16:24:57.801491 WARNING::Fitting problem for feature 1588 returning NA
2026-01-11 16:24:57.805053 INFO::Fitting model to feature number 1589, Dorea_A longicatena
2026-01-11 16:24:57.809304 WARNING::Fitting problem for feature 1589 returning NA
2026-01-11 16:24:57.812901 INFO::Fitting model to feature number 1590, MGYG000323390
2026-01-11 16:24:57.81728 WARNING::Fitting problem for feature 1590 returning NA
2026-01-11 16:24:57.820991 INFO::Fitting model to feature number 1591, CALWPV01 sp022794035
2026-01-11 16:24:57.826205 INFO::Fitting model to feature number 1592, Dysosmobacter sp900763685
2026-01-11 16:24:57.830437 WARNING::Fitting problem for feature 1592 returning NA
2026-01-11 16:24:57.834109 INFO::Fitting model to feature number 1593, Evtepia sp004556345
2026-01-11 16:24:57.837998 WARNING::Fitting problem for feature 1593 returning NA
2026-01-11 16:24:57.841292 INFO::Fitting model to feature number 1594, Evtepia gabavorous
2026-01-11 16:24:57.845515 WARNING::Fitting problem for feature 1594 returning NA
2026-01-11 16:24:57.849231 INFO::Fitting model to feature number 1595, MGYG000387732
2026-01-11 16:24:57.85373 WARNING::Fitting problem for feature 1595 returning NA
2026-01-11 16:24:57.857589 INFO::Fitting model to feature number 1596, Avoscillospira_A sp022795735
2026-01-11 16:24:57.862844 WARNING::Fitting problem for feature 1596 returning NA
2026-01-11 16:24:57.866515 INFO::Fitting model to feature number 1597, Eubacterium_R sp009774735
2026-01-11 16:24:57.872259 INFO::Fitting model to feature number 1598, MGYG000325665
2026-01-11 16:24:57.877954 INFO::Fitting model to feature number 1599, Eubacterium_R sp910584985
2026-01-11 16:24:57.88344 INFO::Fitting model to feature number 1600, Eubacterium_R sp910577215
2026-01-11 16:24:57.888205 INFO::Fitting model to feature number 1601, MGYG000325451
2026-01-11 16:24:57.892952 INFO::Fitting model to feature number 1602, MGYG000403628
2026-01-11 16:24:57.898153 INFO::Fitting model to feature number 1603, MGYG000327108
2026-01-11 16:24:57.903592 INFO::Fitting model to feature number 1604, Bittarella massiliensis
2026-01-11 16:24:57.907025 WARNING::Fitting problem for feature 1604 returning NA
2026-01-11 16:24:57.910535 INFO::Fitting model to feature number 1605, MGYG000327115
2026-01-11 16:24:57.914825 WARNING::Fitting problem for feature 1605 returning NA
2026-01-11 16:24:57.918355 INFO::Fitting model to feature number 1606, MGYG000358052
2026-01-11 16:24:57.925922 INFO::Fitting model to feature number 1607, MGYG000325728
2026-01-11 16:24:57.930043 WARNING::Fitting problem for feature 1607 returning NA
2026-01-11 16:24:57.933814 INFO::Fitting model to feature number 1608, MGYG000325324
2026-01-11 16:24:57.940181 INFO::Fitting model to feature number 1609, MGYG000325708
2026-01-11 16:24:57.944807 WARNING::Fitting problem for feature 1609 returning NA
2026-01-11 16:24:57.948264 INFO::Fitting model to feature number 1610, MGYG000410978
2026-01-11 16:24:57.952218 WARNING::Fitting problem for feature 1610 returning NA
2026-01-11 16:24:57.955533 INFO::Fitting model to feature number 1611, MGYG000329907
2026-01-11 16:24:57.960064 INFO::Fitting model to feature number 1612, MGYG000411499
2026-01-11 16:24:57.968091 INFO::Fitting model to feature number 1613, QAKD01 sp022793975
2026-01-11 16:24:57.971922 WARNING::Fitting problem for feature 1613 returning NA
2026-01-11 16:24:57.975322 INFO::Fitting model to feature number 1614, Reyranella aquatilis
2026-01-11 16:24:57.979913 WARNING::Fitting problem for feature 1614 returning NA
2026-01-11 16:24:57.983256 INFO::Fitting model to feature number 1615, MGYG000339341
2026-01-11 16:24:57.987221 WARNING::Fitting problem for feature 1615 returning NA
2026-01-11 16:24:57.990472 INFO::Fitting model to feature number 1616, Collinsella bouchesdurhonensis
2026-01-11 16:24:57.994435 WARNING::Fitting problem for feature 1616 returning NA
2026-01-11 16:24:57.997839 INFO::Fitting model to feature number 1617, Desulfovibrio sp900319575
2026-01-11 16:24:58.002221 WARNING::Fitting problem for feature 1617 returning NA
2026-01-11 16:24:58.005816 INFO::Fitting model to feature number 1618, MGYG000325614
2026-01-11 16:24:58.014235 INFO::Fitting model to feature number 1619, Dielma fastidiosa
2026-01-11 16:24:58.023097 INFO::Fitting model to feature number 1620, UBA1067 sp902788415
2026-01-11 16:24:58.027665 WARNING::Fitting problem for feature 1620 returning NA
2026-01-11 16:24:58.031211 INFO::Fitting model to feature number 1621, UBA3282 sp910578555
2026-01-11 16:24:58.039549 INFO::Fitting model to feature number 1622, MGYG000330584
2026-01-11 16:24:58.043842 WARNING::Fitting problem for feature 1622 returning NA
2026-01-11 16:24:58.047467 INFO::Fitting model to feature number 1623, MGYG000410602
2026-01-11 16:24:58.051443 WARNING::Fitting problem for feature 1623 returning NA
2026-01-11 16:24:58.05519 INFO::Fitting model to feature number 1624, Howiella sp022791355
2026-01-11 16:24:58.062919 INFO::Fitting model to feature number 1625, QXXE01 sp910589115
2026-01-11 16:24:58.068693 WARNING::Fitting problem for feature 1625 returning NA
2026-01-11 16:24:58.072708 INFO::Fitting model to feature number 1626, Anaerocaecibacter sp910587805
2026-01-11 16:24:58.081225 INFO::Fitting model to feature number 1627, Ventricola sp900542395
2026-01-11 16:24:58.085659 WARNING::Fitting problem for feature 1627 returning NA
2026-01-11 16:24:58.089092 INFO::Fitting model to feature number 1628, MGYG000376566
2026-01-11 16:24:58.093017 WARNING::Fitting problem for feature 1628 returning NA
2026-01-11 16:24:58.096394 INFO::Fitting model to feature number 1629, CAG-267 sp910576955
2026-01-11 16:24:58.100609 WARNING::Fitting problem for feature 1629 returning NA
2026-01-11 16:24:58.104132 INFO::Fitting model to feature number 1630, MGYG000335208
2026-01-11 16:24:58.10796 WARNING::Fitting problem for feature 1630 returning NA
2026-01-11 16:24:58.111063 INFO::Fitting model to feature number 1631, MGYG000326756
2026-01-11 16:24:58.115596 WARNING::Fitting problem for feature 1631 returning NA
2026-01-11 16:24:58.119094 INFO::Fitting model to feature number 1632, Longicatena caecimuris
2026-01-11 16:24:58.125609 INFO::Fitting model to feature number 1633, MGYG000324718
2026-01-11 16:24:58.131002 INFO::Fitting model to feature number 1634, MGYG000326954
2026-01-11 16:24:58.136695 INFO::Fitting model to feature number 1635, Coproplasma sp910578655
2026-01-11 16:24:58.142299 INFO::Fitting model to feature number 1636, Parabacteroides faecavium
2026-01-11 16:24:58.151608 INFO::Fitting model to feature number 1637, MGYG000325474
2026-01-11 16:24:58.160385 INFO::Fitting model to feature number 1638, Gallimonas sp910588465
2026-01-11 16:24:58.165913 INFO::Fitting model to feature number 1639, Ralstonia pickettii_B
2026-01-11 16:24:58.170858 INFO::Fitting model to feature number 1640, MGYG000327731
2026-01-11 16:24:58.175304 WARNING::Fitting problem for feature 1640 returning NA
2026-01-11 16:24:58.177822 INFO::Fitting model to feature number 1641, MGYG000325340
2026-01-11 16:24:58.180887 WARNING::Fitting problem for feature 1641 returning NA
2026-01-11 16:24:58.183411 INFO::Fitting model to feature number 1642, MGYG000325552
2026-01-11 16:24:58.186548 INFO::Fitting model to feature number 1643, VSOB01 sp910585205
2026-01-11 16:24:58.191765 INFO::Fitting model to feature number 1644, MGYG000330463
2026-01-11 16:24:58.194975 WARNING::Fitting problem for feature 1644 returning NA
2026-01-11 16:24:58.197644 INFO::Fitting model to feature number 1645, Robinsoniella sp900555455
2026-01-11 16:24:58.201027 WARNING::Fitting problem for feature 1645 returning NA
2026-01-11 16:24:58.20346 INFO::Fitting model to feature number 1646, Lawsonibacter asaccharolyticus
2026-01-11 16:24:58.206285 WARNING::Fitting problem for feature 1646 returning NA
2026-01-11 16:24:58.208646 INFO::Fitting model to feature number 1647, Enterenecus sp932222125
2026-01-11 16:24:58.211645 WARNING::Fitting problem for feature 1647 returning NA
2026-01-11 16:24:58.214511 INFO::Fitting model to feature number 1648, MGYG000330031
2026-01-11 16:24:58.217626 WARNING::Fitting problem for feature 1648 returning NA
2026-01-11 16:24:58.220164 INFO::Fitting model to feature number 1649, CAG-170 sp900553545
2026-01-11 16:24:58.223156 WARNING::Fitting problem for feature 1649 returning NA
2026-01-11 16:24:58.225556 INFO::Fitting model to feature number 1650, Oscillibacter sp002455655
2026-01-11 16:24:58.228698 WARNING::Fitting problem for feature 1650 returning NA
2026-01-11 16:24:58.231314 INFO::Fitting model to feature number 1651, Harryflintia sp022792175
2026-01-11 16:24:58.23451 WARNING::Fitting problem for feature 1651 returning NA
2026-01-11 16:24:58.236943 INFO::Fitting model to feature number 1652, Fimimonas sp910586625
2026-01-11 16:24:58.24041 INFO::Fitting model to feature number 1653, MGYG000344714
2026-01-11 16:24:58.246574 INFO::Fitting model to feature number 1654, MGYG000324647
2026-01-11 16:24:58.250162 WARNING::Fitting problem for feature 1654 returning NA
2026-01-11 16:24:58.253006 INFO::Fitting model to feature number 1655, MGYG000377617
2026-01-11 16:24:58.25597 WARNING::Fitting problem for feature 1655 returning NA
2026-01-11 16:24:58.260135 INFO::Fitting model to feature number 1656, Cryptobacteroides sp000434935
2026-01-11 16:24:58.264871 INFO::Fitting model to feature number 1657, MGYG000323975
2026-01-11 16:24:58.268931 INFO::Fitting model to feature number 1658, Klebsiella pneumoniae
2026-01-11 16:24:58.27438 INFO::Fitting model to feature number 1659, Citrobacter_A sedlakii
2026-01-11 16:24:58.281794 INFO::Fitting model to feature number 1660, Proteus faecis
2026-01-11 16:24:58.289053 INFO::Fitting model to feature number 1661, RUG572 sp900547945
2026-01-11 16:24:58.471075 INFO::Performing tests against medians
2026-01-11 16:25:14.233295 INFO::Counting total values for each feature
2026-01-11 16:25:14.345427 INFO::Running the logistic model component
2026-01-11 16:25:14.357067 DEBUG::Object: augment, Size: 56
2026-01-11 16:25:14.357694 DEBUG::Object: cluster, Size: 0
2026-01-11 16:25:14.358254 DEBUG::Object: cores, Size: 56
2026-01-11 16:25:14.358736 DEBUG::Object: correction, Size: 112
2026-01-11 16:25:14.359053 DEBUG::Object: extract_out, Size: 1696
2026-01-11 16:25:14.359304 DEBUG::Object: feature_specific_covariate, Size: 0
2026-01-11 16:25:14.359537 DEBUG::Object: feature_specific_covariate_name, Size: 0
2026-01-11 16:25:14.35975 DEBUG::Object: feature_specific_covariate_record, Size: 0
2026-01-11 16:25:14.360035 DEBUG::Object: features, Size: 538608
2026-01-11 16:25:14.360246 DEBUG::Object: formula, Size: 1288
2026-01-11 16:25:14.360481 DEBUG::Object: fun_list, Size: 70920
2026-01-11 16:25:14.360784 DEBUG::Object: func_to_run, Size: 435336
2026-01-11 16:25:14.361123 DEBUG::Object: groups, Size: 48
2026-01-11 16:25:14.361461 DEBUG::Object: median_comparison, Size: 56
2026-01-11 16:25:14.361756 DEBUG::Object: median_comparison_threshold, Size: 56
2026-01-11 16:25:14.361989 DEBUG::Object: metadata, Size: 9856
2026-01-11 16:25:14.362198 DEBUG::Object: model, Size: 120
2026-01-11 16:25:14.362411 DEBUG::Object: model_function, Size: 21016
2026-01-11 16:25:14.362612 DEBUG::Object: ordereds, Size: 48
2026-01-11 16:25:14.362817 DEBUG::Object: random_effects_formula, Size: 0
2026-01-11 16:25:14.363023 DEBUG::Object: ranef_function, Size: 0
2026-01-11 16:25:14.36324 DEBUG::Object: save_models, Size: 56
2026-01-11 16:25:14.363441 DEBUG::Object: small_random_effects, Size: 56
2026-01-11 16:25:14.363642 DEBUG::Object: strata, Size: 48
2026-01-11 16:25:14.363841 DEBUG::Object: subtract_median, Size: 56
2026-01-11 16:25:14.364055 DEBUG::Object: summary_function, Size: 49424
2026-01-11 16:25:14.364353 DEBUG::Object: func_to_run, Size: 435336
2026-01-11 16:25:14.364641 INFO::Fitting model to feature number 1, Akkermansia muciniphila_A
2026-01-11 16:25:14.366349 INFO::Fitting model to feature number 2, Akkermansia muciniphila
2026-01-11 16:25:14.368029 INFO::Fitting model to feature number 3, Faecalibaculum rodentium
2026-01-11 16:25:14.369719 INFO::Fitting model to feature number 4, Pelethenecus sp910579215
2026-01-11 16:25:14.378423 INFO::Fitting model to feature number 5, MGYG000325581
2026-01-11 16:25:14.387588 INFO::Fitting model to feature number 6, Alistipes finegoldii
2026-01-11 16:25:14.390074 INFO::Fitting model to feature number 7, MGYG000325477
2026-01-11 16:25:14.399644 INFO::Fitting model to feature number 8, Paramuribaculum sp001689535
2026-01-11 16:25:14.408154 INFO::Fitting model to feature number 9, Paramuribaculum sp910587425
2026-01-11 16:25:14.417978 INFO::Fitting model to feature number 10, Muribaculum intestinale
2026-01-11 16:25:14.427006 INFO::Fitting model to feature number 11, NM07-P-09 sp004793925
2026-01-11 16:25:14.429594 INFO::Fitting model to feature number 12, ZJ304 sp910584145
2026-01-11 16:25:14.438034 INFO::Fitting model to feature number 13, Bifidobacterium globosum
2026-01-11 16:25:14.446897 INFO::Fitting model to feature number 14, MGYG000333678
2026-01-11 16:25:14.448658 INFO::Fitting model to feature number 15, Schaedlerella sp910575475
2026-01-11 16:25:14.450341 INFO::Fitting model to feature number 16, Lawsonibacter sp910588635
2026-01-11 16:25:14.451931 INFO::Fitting model to feature number 17, MGBC122484 sp910587055
2026-01-11 16:25:14.459455 INFO::Fitting model to feature number 18, Desulfovibrio sp009773975
2026-01-11 16:25:14.461978 INFO::Fitting model to feature number 19, NM07-P-09 sp004793665
2026-01-11 16:25:14.469212 INFO::Fitting model to feature number 20, MGBC105563 sp910579165
2026-01-11 16:25:14.478658 INFO::Fitting model to feature number 21, MGYG000327895
2026-01-11 16:25:14.486969 INFO::Fitting model to feature number 22, Paratractidigestivibacter faecalis
2026-01-11 16:25:14.495552 INFO::Fitting model to feature number 23, Paratractidigestivibacter sp900540955
2026-01-11 16:25:14.502454 INFO::Fitting model to feature number 24, MGYG000330582
2026-01-11 16:25:14.510541 INFO::Fitting model to feature number 25, MGYG000329032
2026-01-11 16:25:14.519514 INFO::Fitting model to feature number 26, Adlercreutzia muris
2026-01-11 16:25:14.527062 INFO::Fitting model to feature number 27, Adlercreutzia caecimuris
2026-01-11 16:25:14.53337 INFO::Fitting model to feature number 28, Adlercreutzia mucosicola
2026-01-11 16:25:14.539698 INFO::Fitting model to feature number 29, MGYG000329825
2026-01-11 16:25:14.547828 INFO::Fitting model to feature number 30, Adlercreutzia hattorii
2026-01-11 16:25:14.55449 INFO::Fitting model to feature number 31, Adlercreutzia sp910589165
2026-01-11 16:25:14.561697 INFO::Fitting model to feature number 32, MGYG000329537
2026-01-11 16:25:14.568837 INFO::Fitting model to feature number 33, MGYG000327852
2026-01-11 16:25:14.576244 INFO::Fitting model to feature number 34, Adlercreutzia sp910585575
2026-01-11 16:25:14.582762 INFO::Fitting model to feature number 35, MGBC163016 sp910588205
2026-01-11 16:25:14.589059 INFO::Fitting model to feature number 36, MGBC163016 sp910589135
2026-01-11 16:25:14.59635 INFO::Fitting model to feature number 37, MGBC163016 sp910588945
2026-01-11 16:25:14.602659 INFO::Fitting model to feature number 38, MGBC163016 sp910588905
2026-01-11 16:25:14.609506 INFO::Fitting model to feature number 39, MGYG000329984
2026-01-11 16:25:14.616645 INFO::Fitting model to feature number 40, MGYG000328464
2026-01-11 16:25:14.623985 INFO::Fitting model to feature number 41, MGYG000366993
2026-01-11 16:25:14.633599 INFO::Fitting model to feature number 42, MGBC163016 sp910585565
2026-01-11 16:25:14.643596 INFO::Fitting model to feature number 43, MGBC163016 sp910589125
2026-01-11 16:25:14.652502 INFO::Fitting model to feature number 44, MGYG000328353
2026-01-11 16:25:14.660615 INFO::Fitting model to feature number 45, MGBC163016 sp910580205
2026-01-11 16:25:14.670989 INFO::Fitting model to feature number 46, MGBC163016 sp910588985
2026-01-11 16:25:14.682155 INFO::Fitting model to feature number 47, MGBC163016 sp910588435
2026-01-11 16:25:14.69154 INFO::Fitting model to feature number 48, D16-63 sp910588095
2026-01-11 16:25:14.700647 INFO::Fitting model to feature number 49, MGYG000328321
2026-01-11 16:25:14.708929 INFO::Fitting model to feature number 50, MGYG000410711
2026-01-11 16:25:14.717123 INFO::Fitting model to feature number 51, Enterorhabdus sp009911695
2026-01-11 16:25:14.727329 INFO::Fitting model to feature number 52, MGYG000329834
2026-01-11 16:25:14.734708 INFO::Fitting model to feature number 53, Enterorhabdus sp910589695
2026-01-11 16:25:14.74273 INFO::Fitting model to feature number 54, D16-34 sp910575165
2026-01-11 16:25:14.750495 INFO::Fitting model to feature number 55, D16-34 sp003612515
2026-01-11 16:25:14.759511 INFO::Fitting model to feature number 56, D16-34 sp910577495
2026-01-11 16:25:14.769102 INFO::Fitting model to feature number 57, ZJ304 sp943192905
2026-01-11 16:25:14.778249 INFO::Fitting model to feature number 58, MGYG000401219
2026-01-11 16:25:14.785635 INFO::Fitting model to feature number 59, Parvibacter caecicola
2026-01-11 16:25:14.793824 INFO::Fitting model to feature number 60, Parvibacter sp910587945
2026-01-11 16:25:14.800965 INFO::Fitting model to feature number 61, MGYG000329896
2026-01-11 16:25:14.808422 INFO::Fitting model to feature number 62, Parvibacter sp910588725
2026-01-11 16:25:14.816452 INFO::Fitting model to feature number 63, MGYG000328306
2026-01-11 16:25:14.824117 INFO::Fitting model to feature number 64, MGYG000328451
2026-01-11 16:25:14.834701 INFO::Fitting model to feature number 65, Anaerotardibacter sp000435675
2026-01-11 16:25:14.844755 INFO::Fitting model to feature number 66, Anaerotardibacter sp900753095
2026-01-11 16:25:14.8534 INFO::Fitting model to feature number 67, Gordonibacter pamelaeae
2026-01-11 16:25:14.862083 INFO::Fitting model to feature number 68, Eggerthella lenta
2026-01-11 16:25:14.871559 INFO::Fitting model to feature number 69, Ellagibacter isourolithinifaciens
2026-01-11 16:25:14.881917 INFO::Fitting model to feature number 70, Senegalimassilia faecalis
2026-01-11 16:25:14.890672 INFO::Fitting model to feature number 71, Slackia_A isoflavoniconvertens
2026-01-11 16:25:14.899451 INFO::Fitting model to feature number 72, Collinsella aerofaciens_J
2026-01-11 16:25:14.907829 INFO::Fitting model to feature number 73, Enorma burkinafasonensis
2026-01-11 16:25:14.917892 INFO::Fitting model to feature number 74, MGYG000410812
2026-01-11 16:25:14.928681 INFO::Fitting model to feature number 75, UMGS124 sp900555105
2026-01-11 16:25:14.936366 INFO::Fitting model to feature number 76, Bifidobacterium animalis
2026-01-11 16:25:14.944658 INFO::Fitting model to feature number 77, Bifidobacterium adolescentis
2026-01-11 16:25:14.954275 INFO::Fitting model to feature number 78, Bifidobacterium pseudocatenulatum
2026-01-11 16:25:14.965712 INFO::Fitting model to feature number 79, Bifidobacterium bifidum
2026-01-11 16:25:14.976665 INFO::Fitting model to feature number 80, Bifidobacterium longum
2026-01-11 16:25:14.987276 INFO::Fitting model to feature number 81, MGYG000329693
2026-01-11 16:25:14.998596 INFO::Fitting model to feature number 82, Paramuribaculum intestinale
2026-01-11 16:25:15.008691 INFO::Fitting model to feature number 83, Paramuribaculum sp001689565
2026-01-11 16:25:15.017331 INFO::Fitting model to feature number 84, Paramuribaculum sp910579675
2026-01-11 16:25:15.0243 INFO::Fitting model to feature number 85, MGYG000329858
2026-01-11 16:25:15.033178 INFO::Fitting model to feature number 86, Paramuribaculum sp910578805
2026-01-11 16:25:15.043179 INFO::Fitting model to feature number 87, MGYG000325717
2026-01-11 16:25:15.054239 INFO::Fitting model to feature number 88, Paramuribaculum sp910579185
2026-01-11 16:25:15.065773 INFO::Fitting model to feature number 89, MGYG000329300
2026-01-11 16:25:15.07751 INFO::Fitting model to feature number 90, Paramuribaculum sp009775605
2026-01-11 16:25:15.086179 INFO::Fitting model to feature number 91, Paramuribaculum sp910586475
2026-01-11 16:25:15.095654 INFO::Fitting model to feature number 92, MGYG000325727
2026-01-11 16:25:15.104559 INFO::Fitting model to feature number 93, Paramuribaculum sp910588065
2026-01-11 16:25:15.115461 INFO::Fitting model to feature number 94, Paramuribaculum sp910578305
2026-01-11 16:25:15.12457 INFO::Fitting model to feature number 95, Paramuribaculum sp910587185
2026-01-11 16:25:15.136351 INFO::Fitting model to feature number 96, Paramuribaculum sp910577465
2026-01-11 16:25:15.14663 INFO::Fitting model to feature number 97, Paramuribaculum sp910586895
2026-01-11 16:25:15.157313 INFO::Fitting model to feature number 98, Paramuribaculum sp910589095
2026-01-11 16:25:15.168777 INFO::Fitting model to feature number 99, Paramuribaculum sp014800945
2026-01-11 16:25:15.177993 INFO::Fitting model to feature number 100, MGYG000325457
2026-01-11 16:25:15.186428 INFO::Fitting model to feature number 101, Paramuribaculum sp014802045
2026-01-11 16:25:15.196579 INFO::Fitting model to feature number 102, MGYG000325750
2026-01-11 16:25:15.207006 INFO::Fitting model to feature number 103, MGYG000325361
2026-01-11 16:25:15.215708 INFO::Fitting model to feature number 104, Paramuribaculum sp014801865
2026-01-11 16:25:15.225697 INFO::Fitting model to feature number 105, Paramuribaculum sp014801655
2026-01-11 16:25:15.234112 INFO::Fitting model to feature number 106, MGYG000325540
2026-01-11 16:25:15.244427 INFO::Fitting model to feature number 107, Duncaniella sp910576785
2026-01-11 16:25:15.257094 INFO::Fitting model to feature number 108, Duncaniella dubosii
2026-01-11 16:25:15.268259 INFO::Fitting model to feature number 109, Duncaniella sp910589485
2026-01-11 16:25:15.283039 INFO::Fitting model to feature number 110, Duncaniella sp001689575
2026-01-11 16:25:15.294673 INFO::Fitting model to feature number 111, Duncaniella muris
2026-01-11 16:25:15.306695 INFO::Fitting model to feature number 112, Duncaniella sp910578445
2026-01-11 16:25:15.317063 INFO::Fitting model to feature number 113, Duncaniella freteri
2026-01-11 16:25:15.327482 INFO::Fitting model to feature number 114, Duncaniella sp910578515
2026-01-11 16:25:15.340757 INFO::Fitting model to feature number 115, Duncaniella sp910577255
2026-01-11 16:25:15.351323 INFO::Fitting model to feature number 116, Duncaniella sp910577345
2026-01-11 16:25:15.362926 INFO::Fitting model to feature number 117, Duncaniella sp910577335
2026-01-11 16:25:15.374985 INFO::Fitting model to feature number 118, MGYG000325799
2026-01-11 16:25:15.38818 INFO::Fitting model to feature number 119, Duncaniella sp014802345
2026-01-11 16:25:15.400276 INFO::Fitting model to feature number 120, Duncaniella sp910578615
2026-01-11 16:25:15.412396 INFO::Fitting model to feature number 121, MGYG000325465
2026-01-11 16:25:15.470749 INFO::Fitting model to feature number 122, Duncaniella sp910586305
2026-01-11 16:25:15.482754 INFO::Fitting model to feature number 123, Duncaniella sp001689495
2026-01-11 16:25:15.496077 INFO::Fitting model to feature number 124, MGYG000327170
2026-01-11 16:25:15.508379 INFO::Fitting model to feature number 125, Duncaniella sp910584825
2026-01-11 16:25:15.521022 INFO::Fitting model to feature number 126, Duncaniella sp910587165
2026-01-11 16:25:15.533255 INFO::Fitting model to feature number 127, MGYG000325518
2026-01-11 16:25:15.545649 INFO::Fitting model to feature number 128, Duncaniella sp002494015
2026-01-11 16:25:15.557682 INFO::Fitting model to feature number 129, Duncaniella sp910587515
2026-01-11 16:25:15.568642 INFO::Fitting model to feature number 130, Duncaniella sp910586665
2026-01-11 16:25:15.578998 INFO::Fitting model to feature number 131, Duncaniella sp014801945
2026-01-11 16:25:15.589624 INFO::Fitting model to feature number 132, Duncaniella sp910588795
2026-01-11 16:25:15.599385 INFO::Fitting model to feature number 133, Duncaniella sp001701225
2026-01-11 16:25:15.60967 INFO::Fitting model to feature number 134, Duncaniella sp014802325
2026-01-11 16:25:15.617418 INFO::Fitting model to feature number 135, Duncaniella sp014802015
2026-01-11 16:25:15.624421 INFO::Fitting model to feature number 136, MGYG000325456
2026-01-11 16:25:15.63256 INFO::Fitting model to feature number 137, MGYG000325723
2026-01-11 16:25:15.639586 INFO::Fitting model to feature number 138, MGYG000325575
2026-01-11 16:25:15.647828 INFO::Fitting model to feature number 139, MGYG000325671
2026-01-11 16:25:15.655758 INFO::Fitting model to feature number 140, CAG-873 sp009775135
2026-01-11 16:25:15.665138 INFO::Fitting model to feature number 141, CAG-873 sp002490635
2026-01-11 16:25:15.673797 INFO::Fitting model to feature number 142, MGYG000328238
2026-01-11 16:25:15.683127 INFO::Fitting model to feature number 143, CAG-873 sp009775265
2026-01-11 16:25:15.691859 INFO::Fitting model to feature number 144, CAG-873 sp011959565
2026-01-11 16:25:15.700301 INFO::Fitting model to feature number 145, CAG-873 sp910578365
2026-01-11 16:25:15.709286 INFO::Fitting model to feature number 146, CAG-873 sp910587235
2026-01-11 16:25:15.719289 INFO::Fitting model to feature number 147, CAG-873 sp009775225
2026-01-11 16:25:15.728897 INFO::Fitting model to feature number 148, CAG-873 sp009775535
2026-01-11 16:25:15.736953 INFO::Fitting model to feature number 149, CAG-873 sp910577315
2026-01-11 16:25:15.747451 INFO::Fitting model to feature number 150, CAG-873 sp910584905
2026-01-11 16:25:15.756857 INFO::Fitting model to feature number 151, CAG-873 sp910587545
2026-01-11 16:25:15.76562 INFO::Fitting model to feature number 152, CAG-873 sp910586455
2026-01-11 16:25:15.773562 INFO::Fitting model to feature number 153, MGYG000324412
2026-01-11 16:25:15.784517 INFO::Fitting model to feature number 154, CAG-873 sp910587915
2026-01-11 16:25:15.791272 INFO::Fitting model to feature number 155, CAG-873 sp001689665
2026-01-11 16:25:15.799094 INFO::Fitting model to feature number 156, CAG-873 sp017624155
2026-01-11 16:25:15.8057 INFO::Fitting model to feature number 157, MGYG000329414
2026-01-11 16:25:15.813754 INFO::Fitting model to feature number 158, CAG-873 sp910578095
2026-01-11 16:25:15.822373 INFO::Fitting model to feature number 159, CAG-873 sp910586975
2026-01-11 16:25:15.82987 INFO::Fitting model to feature number 160, CAG-873 sp001689415
2026-01-11 16:25:15.837198 INFO::Fitting model to feature number 161, MGYG000325453
2026-01-11 16:25:15.844966 INFO::Fitting model to feature number 162, CAG-873 sp910587475
2026-01-11 16:25:15.851879 INFO::Fitting model to feature number 163, CAG-873 sp900550395
2026-01-11 16:25:15.860341 INFO::Fitting model to feature number 164, MGYG000325639
2026-01-11 16:25:15.868046 INFO::Fitting model to feature number 165, CAG-873 sp910576935
2026-01-11 16:25:15.874467 INFO::Fitting model to feature number 166, MGYG000328998
2026-01-11 16:25:15.882894 INFO::Fitting model to feature number 167, CAG-873 sp910578035
2026-01-11 16:25:15.890531 INFO::Fitting model to feature number 168, MGYG000322997
2026-01-11 16:25:15.902158 INFO::Fitting model to feature number 169, MGYG000325431
2026-01-11 16:25:15.913532 INFO::Fitting model to feature number 170, CAG-873 sp905202215
2026-01-11 16:25:15.925049 INFO::Fitting model to feature number 171, CAG-873 sp009775195
2026-01-11 16:25:15.93709 INFO::Fitting model to feature number 172, CAG-873 sp910586995
2026-01-11 16:25:15.946631 INFO::Fitting model to feature number 173, CAG-873 sp910577355
2026-01-11 16:25:15.957235 INFO::Fitting model to feature number 174, MGYG000325570
2026-01-11 16:25:15.966423 INFO::Fitting model to feature number 175, MGYG000325620
2026-01-11 16:25:15.977812 INFO::Fitting model to feature number 176, CAG-873 sp001701165
2026-01-11 16:25:15.988546 INFO::Fitting model to feature number 177, MGYG000325469
2026-01-11 16:25:16.000045 INFO::Fitting model to feature number 178, CAG-873 sp003979155
2026-01-11 16:25:16.009199 INFO::Fitting model to feature number 179, MGYG000325729
2026-01-11 16:25:16.018689 INFO::Fitting model to feature number 180, CAG-873 sp910576775
2026-01-11 16:25:16.029087 INFO::Fitting model to feature number 181, MGYG000325342
2026-01-11 16:25:16.03961 INFO::Fitting model to feature number 182, MGYG000325463
2026-01-11 16:25:16.050443 INFO::Fitting model to feature number 183, CAG-873 sp910587355
2026-01-11 16:25:16.058714 INFO::Fitting model to feature number 184, CAG-873 sp910583525
2026-01-11 16:25:16.067147 INFO::Fitting model to feature number 185, MGYG000328958
2026-01-11 16:25:16.075032 INFO::Fitting model to feature number 186, MGYG000325379
2026-01-11 16:25:16.083214 INFO::Fitting model to feature number 187, CAG-873 sp910584495
2026-01-11 16:25:16.09443 INFO::Fitting model to feature number 188, CAG-873 sp910589055
2026-01-11 16:25:16.102281 INFO::Fitting model to feature number 189, CAG-873 sp910586595
2026-01-11 16:25:16.11105 INFO::Fitting model to feature number 190, MGYG000325473
2026-01-11 16:25:16.122 INFO::Fitting model to feature number 191, CAG-873 sp910587925
2026-01-11 16:25:16.134558 INFO::Fitting model to feature number 192, CAG-873 sp900555715
2026-01-11 16:25:16.146248 INFO::Fitting model to feature number 193, CAG-873 sp002493945
2026-01-11 16:25:16.156796 INFO::Fitting model to feature number 194, CAG-873 sp002491245
2026-01-11 16:25:16.165029 INFO::Fitting model to feature number 195, MGYG000329571
2026-01-11 16:25:16.174792 INFO::Fitting model to feature number 196, MGYG000325537
2026-01-11 16:25:16.183572 INFO::Fitting model to feature number 197, CAG-485 sp009775365
2026-01-11 16:25:16.193279 INFO::Fitting model to feature number 198, CAG-485 sp002493045
2026-01-11 16:25:16.202048 INFO::Fitting model to feature number 199, CAG-485 sp009775355
2026-01-11 16:25:16.211551 INFO::Fitting model to feature number 200, CAG-485 sp002362485
2026-01-11 16:25:16.221456 INFO::Fitting model to feature number 201, CAG-485 sp002361215
2026-01-11 16:25:16.23092 INFO::Fitting model to feature number 202, CAG-485 sp002491945
2026-01-11 16:25:16.238826 INFO::Fitting model to feature number 203, CAG-485 sp002361155
2026-01-11 16:25:16.247952 INFO::Fitting model to feature number 204, MGYG000410771
2026-01-11 16:25:16.254713 INFO::Fitting model to feature number 205, MGYG000325582
2026-01-11 16:25:16.263304 INFO::Fitting model to feature number 206, CAG-485 sp002493515
2026-01-11 16:25:16.270129 INFO::Fitting model to feature number 207, CAG-485 sp003979075
2026-01-11 16:25:16.277447 INFO::Fitting model to feature number 208, CAG-485 sp001701295
2026-01-11 16:25:16.284507 INFO::Fitting model to feature number 209, MGYG000325475
2026-01-11 16:25:16.29113 INFO::Fitting model to feature number 210, MGYG000327930
2026-01-11 16:25:16.298696 INFO::Fitting model to feature number 211, CAG-485 sp910584055
2026-01-11 16:25:16.305247 INFO::Fitting model to feature number 212, MGYG000325569
2026-01-11 16:25:16.312549 INFO::Fitting model to feature number 213, CAG-485 sp910579845
2026-01-11 16:25:16.31914 INFO::Fitting model to feature number 214, CAG-485 sp910584125
2026-01-11 16:25:16.32564 INFO::Fitting model to feature number 215, CAG-485 sp910578385
2026-01-11 16:25:16.333844 INFO::Fitting model to feature number 216, MGYG000325346
2026-01-11 16:25:16.340233 INFO::Fitting model to feature number 217, MGYG000324474
2026-01-11 16:25:16.348274 INFO::Fitting model to feature number 218, CAG-485 sp910586175
2026-01-11 16:25:16.355716 INFO::Fitting model to feature number 219, MGYG000329437
2026-01-11 16:25:16.365389 INFO::Fitting model to feature number 220, MGYG000325442
2026-01-11 16:25:16.376688 INFO::Fitting model to feature number 221, CAG-485 sp910577585
2026-01-11 16:25:16.386949 INFO::Fitting model to feature number 222, CAG-485 sp009775375
2026-01-11 16:25:16.397478 INFO::Fitting model to feature number 223, MGYG000347897
2026-01-11 16:25:16.408965 INFO::Fitting model to feature number 224, CAG-485 sp910578075
2026-01-11 16:25:16.423001 INFO::Fitting model to feature number 225, CAG-485 sp900554845
2026-01-11 16:25:16.436528 INFO::Fitting model to feature number 226, CAG-485 sp910583775
2026-01-11 16:25:16.450967 INFO::Fitting model to feature number 227, MGYG000325760
2026-01-11 16:25:16.464868 INFO::Fitting model to feature number 228, MGYG000325660
2026-01-11 16:25:16.479448 INFO::Fitting model to feature number 229, CAG-485 sp910584545
2026-01-11 16:25:16.489964 INFO::Fitting model to feature number 230, MGYG000325658
2026-01-11 16:25:16.50393 INFO::Fitting model to feature number 231, CAG-485 sp910584525
2026-01-11 16:25:16.51672 INFO::Fitting model to feature number 232, CAG-485 sp910583795
2026-01-11 16:25:16.527898 INFO::Fitting model to feature number 233, CAG-485 sp910585275
2026-01-11 16:25:16.538179 INFO::Fitting model to feature number 234, MGYG000325481
2026-01-11 16:25:16.548094 INFO::Fitting model to feature number 235, CAG-485 sp910589425
2026-01-11 16:25:16.557241 INFO::Fitting model to feature number 236, CAG-485 sp910588245
2026-01-11 16:25:16.568762 INFO::Fitting model to feature number 237, CAG-485 sp014801815
2026-01-11 16:25:16.580507 INFO::Fitting model to feature number 238, MGYG000329106
2026-01-11 16:25:16.589862 INFO::Fitting model to feature number 239, MGYG000325458
2026-01-11 16:25:16.601351 INFO::Fitting model to feature number 240, MGYG000325710
2026-01-11 16:25:16.613041 INFO::Fitting model to feature number 241, MGYG000325738
2026-01-11 16:25:16.624613 INFO::Fitting model to feature number 242, MGYG000325560
2026-01-11 16:25:16.63853 INFO::Fitting model to feature number 243, CAG-485 sp910579305
2026-01-11 16:25:16.655694 INFO::Fitting model to feature number 244, MGYG000325644
2026-01-11 16:25:16.670304 INFO::Fitting model to feature number 245, CAG-485 sp900760815
2026-01-11 16:25:16.682382 INFO::Fitting model to feature number 246, MGYG000325315
2026-01-11 16:25:16.694019 INFO::Fitting model to feature number 247, MGYG000325633
2026-01-11 16:25:16.703656 INFO::Fitting model to feature number 248, MGYG000325436
2026-01-11 16:25:16.715249 INFO::Fitting model to feature number 249, MGYG000325715
2026-01-11 16:25:16.725727 INFO::Fitting model to feature number 250, MGYG000325350
2026-01-11 16:25:16.739475 INFO::Fitting model to feature number 251, MGYG000325747
2026-01-11 16:25:16.7527 INFO::Fitting model to feature number 252, MGYG000325437
2026-01-11 16:25:16.762362 INFO::Fitting model to feature number 253, CAG-485 sp014800895
2026-01-11 16:25:16.771302 INFO::Fitting model to feature number 254, MGYG000325541
2026-01-11 16:25:16.783598 INFO::Fitting model to feature number 255, MGYG000325479
2026-01-11 16:25:16.79366 INFO::Fitting model to feature number 256, CAG-485 sp910585285
2026-01-11 16:25:16.801983 INFO::Fitting model to feature number 257, CAG-485 sp910584185
2026-01-11 16:25:16.809151 INFO::Fitting model to feature number 258, MGYG000325680
2026-01-11 16:25:16.816626 INFO::Fitting model to feature number 259, MGYG000325622
2026-01-11 16:25:16.823472 INFO::Fitting model to feature number 260, MGYG000325425
2026-01-11 16:25:16.83179 INFO::Fitting model to feature number 261, MGYG000325415
2026-01-11 16:25:16.838731 INFO::Fitting model to feature number 262, CAG-485 sp900550645
2026-01-11 16:25:16.845807 INFO::Fitting model to feature number 263, MGYG000325597
2026-01-11 16:25:16.854397 INFO::Fitting model to feature number 264, MGYG000325446
2026-01-11 16:25:16.863632 INFO::Fitting model to feature number 265, MGYG000325721
2026-01-11 16:25:16.872097 INFO::Fitting model to feature number 266, Muribaculum gordoncarteri
2026-01-11 16:25:16.88181 INFO::Fitting model to feature number 267, Muribaculum sp009775095
2026-01-11 16:25:16.891303 INFO::Fitting model to feature number 268, Muribaculum sp002473395
2026-01-11 16:25:16.901837 INFO::Fitting model to feature number 269, Muribaculum faecis
2026-01-11 16:25:16.910805 INFO::Fitting model to feature number 270, MGYG000325310
2026-01-11 16:25:16.921565 INFO::Fitting model to feature number 271, Muribaculum sp910587665
2026-01-11 16:25:16.933389 INFO::Fitting model to feature number 272, Muribaculum sp001701195
2026-01-11 16:25:16.94586 INFO::Fitting model to feature number 273, Muribaculum sp910578785
2026-01-11 16:25:16.956252 INFO::Fitting model to feature number 274, Muribaculum sp910589555
2026-01-11 16:25:16.968799 INFO::Fitting model to feature number 275, Muribaculum arabinoxylanisolvens
2026-01-11 16:25:16.983616 INFO::Fitting model to feature number 276, Muribaculum sp003150235
2026-01-11 16:25:16.996854 INFO::Fitting model to feature number 277, MGYG000328540
2026-01-11 16:25:17.011996 INFO::Fitting model to feature number 278, Muribaculum sp910583865
2026-01-11 16:25:17.021833 INFO::Fitting model to feature number 279, Muribaculum sp910578835
2026-01-11 16:25:17.031654 INFO::Fitting model to feature number 280, Muribaculum sp001701065
2026-01-11 16:25:17.039538 INFO::Fitting model to feature number 281, MGYG000328957
2026-01-11 16:25:17.051612 INFO::Fitting model to feature number 282, UBA7173 sp001689485
2026-01-11 16:25:17.062637 INFO::Fitting model to feature number 283, UBA7173 sp001689685
2026-01-11 16:25:17.070715 INFO::Fitting model to feature number 284, UBA7173 sp002491305
2026-01-11 16:25:17.081018 INFO::Fitting model to feature number 285, UBA7173 sp013316675
2026-01-11 16:25:17.091617 INFO::Fitting model to feature number 286, MGYG000329847
2026-01-11 16:25:17.103727 INFO::Fitting model to feature number 287, UBA7173 sp013316535
2026-01-11 16:25:17.115201 INFO::Fitting model to feature number 288, UBA7173 sp910584365
2026-01-11 16:25:17.126894 INFO::Fitting model to feature number 289, UBA7173 sp910583675
2026-01-11 16:25:17.138684 INFO::Fitting model to feature number 290, MGYG000325674
2026-01-11 16:25:17.149371 INFO::Fitting model to feature number 291, UBA7173 sp910584735
2026-01-11 16:25:17.157047 INFO::Fitting model to feature number 292, UBA7173 sp900548705
2026-01-11 16:25:17.166193 INFO::Fitting model to feature number 293, UBA7173 sp910585755
2026-01-11 16:25:17.173924 INFO::Fitting model to feature number 294, UBA7173 sp910579105
2026-01-11 16:25:17.183725 INFO::Fitting model to feature number 295, UBA7173 sp910586565
2026-01-11 16:25:17.191865 INFO::Fitting model to feature number 296, UBA7173 sp900555165
2026-01-11 16:25:17.202576 INFO::Fitting model to feature number 297, UBA7173 sp910587075
2026-01-11 16:25:17.212564 INFO::Fitting model to feature number 298, MGYG000410332
2026-01-11 16:25:17.220747 INFO::Fitting model to feature number 299, MGYG000325632
2026-01-11 16:25:17.229945 INFO::Fitting model to feature number 300, MGYG000325803
2026-01-11 16:25:17.237904 INFO::Fitting model to feature number 301, JAFLTL01 sp910578395
2026-01-11 16:25:17.246689 INFO::Fitting model to feature number 302, MGYG000325590
2026-01-11 16:25:17.254856 INFO::Fitting model to feature number 303, UBA3263 sp001689615
2026-01-11 16:25:17.263693 INFO::Fitting model to feature number 304, MGYG000325470
2026-01-11 16:25:17.271525 INFO::Fitting model to feature number 305, UBA3263 sp002490725
2026-01-11 16:25:17.279932 INFO::Fitting model to feature number 306, MGYG000331010
2026-01-11 16:25:17.287986 INFO::Fitting model to feature number 307, UBA3263 sp014801955
2026-01-11 16:25:17.296621 INFO::Fitting model to feature number 308, MGYG000325619
2026-01-11 16:25:17.304539 INFO::Fitting model to feature number 309, MGYG000325600
2026-01-11 16:25:17.312971 INFO::Fitting model to feature number 310, MGYG000325598
2026-01-11 16:25:17.32095 INFO::Fitting model to feature number 311, JAGBWK01 sp001915385
2026-01-11 16:25:17.323041 INFO::Fitting model to feature number 312, JAGBWK01 sp004102805
2026-01-11 16:25:17.331795 INFO::Fitting model to feature number 313, MGYG000325382
2026-01-11 16:25:17.339364 INFO::Fitting model to feature number 314, MGYG000327564
2026-01-11 16:25:17.350327 INFO::Fitting model to feature number 315, MGYG000328504
2026-01-11 16:25:17.359663 INFO::Fitting model to feature number 316, JAAVFS01 sp910584665
2026-01-11 16:25:17.371124 INFO::Fitting model to feature number 317, MGYG000325322
2026-01-11 16:25:17.379451 INFO::Fitting model to feature number 318, MGYG000325435
2026-01-11 16:25:17.387604 INFO::Fitting model to feature number 319, CAJUPY01 sp910588035
2026-01-11 16:25:17.398734 INFO::Fitting model to feature number 320, MGYG000325343
2026-01-11 16:25:17.410728 INFO::Fitting model to feature number 321, CAJUPY01 sp014802535
2026-01-11 16:25:17.421308 INFO::Fitting model to feature number 322, MGYG000325663
2026-01-11 16:25:17.430954 INFO::Fitting model to feature number 323, M3 sp001689445
2026-01-11 16:25:17.441194 INFO::Fitting model to feature number 324, MGYG000328741
2026-01-11 16:25:17.459138 INFO::Fitting model to feature number 325, CAG-1031 sp000431215
2026-01-11 16:25:17.484791 INFO::Fitting model to feature number 326, Amulumruptor sp001689515
2026-01-11 16:25:17.503032 INFO::Fitting model to feature number 327, Amulumruptor sp900539915
2026-01-11 16:25:17.521744 INFO::Fitting model to feature number 328, Sodaliphilus sp004557565
2026-01-11 16:25:17.539621 INFO::Fitting model to feature number 329, Limisoma sp000437795
2026-01-11 16:25:17.579908 INFO::Fitting model to feature number 330, Bacteroides sp002491635
2026-01-11 16:25:17.599893 INFO::Fitting model to feature number 331, Bacteroides sp910578895
2026-01-11 16:25:17.626127 INFO::Fitting model to feature number 332, Bacteroides acidifaciens
2026-01-11 16:25:17.642011 INFO::Fitting model to feature number 333, Bacteroides caecimuris
2026-01-11 16:25:17.6603 INFO::Fitting model to feature number 334, Bacteroides sp910586915
2026-01-11 16:25:17.675982 INFO::Fitting model to feature number 335, Bacteroides uniformis
2026-01-11 16:25:17.749105 INFO::Fitting model to feature number 336, Bacteroides sp910585845
2026-01-11 16:25:17.759787 INFO::Fitting model to feature number 337, Bacteroides sp900765785
2026-01-11 16:25:17.772464 INFO::Fitting model to feature number 338, Bacteroides stercoris
2026-01-11 16:25:17.783287 INFO::Fitting model to feature number 339, MGYG000325585
2026-01-11 16:25:17.793818 INFO::Fitting model to feature number 340, Bacteroides nordii
2026-01-11 16:25:17.80668 INFO::Fitting model to feature number 341, Bacteroides congonensis
2026-01-11 16:25:17.818121 INFO::Fitting model to feature number 342, Bacteroides xylanisolvens
2026-01-11 16:25:17.829616 INFO::Fitting model to feature number 343, Bacteroides intestinalis
2026-01-11 16:25:17.841747 INFO::Fitting model to feature number 344, Bacteroides cellulosilyticus
2026-01-11 16:25:17.854626 INFO::Fitting model to feature number 345, Prevotella sp002933775
2026-01-11 16:25:17.865012 INFO::Fitting model to feature number 346, Prevotella muris
2026-01-11 16:25:17.87642 INFO::Fitting model to feature number 347, MGYG000325010
2026-01-11 16:25:17.886382 INFO::Fitting model to feature number 348, MGYG000325676
2026-01-11 16:25:17.89526 INFO::Fitting model to feature number 349, Prevotella sp013166515
2026-01-11 16:25:17.904492 INFO::Fitting model to feature number 350, Prevotella rodentium
2026-01-11 16:25:17.913911 INFO::Fitting model to feature number 351, Prevotella sp900545525
2026-01-11 16:25:17.923039 INFO::Fitting model to feature number 352, MGYG000325400
2026-01-11 16:25:17.934186 INFO::Fitting model to feature number 353, Prevotella intestinalis
2026-01-11 16:25:17.94307 INFO::Fitting model to feature number 354, Phocaeicola vulgatus
2026-01-11 16:25:17.95396 INFO::Fitting model to feature number 355, Phocaeicola sartorii
2026-01-11 16:25:17.963471 INFO::Fitting model to feature number 356, Phocaeicola sp011959205
2026-01-11 16:25:17.971732 INFO::Fitting model to feature number 357, Phocaeicola faecalis
2026-01-11 16:25:17.980331 INFO::Fitting model to feature number 358, Phocaeicola plebeius_A
2026-01-11 16:25:17.989441 INFO::Fitting model to feature number 359, Phocaeicola massiliensis
2026-01-11 16:25:18.000119 INFO::Fitting model to feature number 360, UBA4372 sp023665805
2026-01-11 16:25:18.010685 INFO::Fitting model to feature number 361, MGYG000325572
2026-01-11 16:25:18.022567 INFO::Fitting model to feature number 362, Alloprevotella sp009775705
2026-01-11 16:25:18.032484 INFO::Fitting model to feature number 363, Alloprevotella sp002933955
2026-01-11 16:25:18.040842 INFO::Fitting model to feature number 364, Paraprevotella sp900548345
2026-01-11 16:25:18.05218 INFO::Fitting model to feature number 365, Paraprevotella sp910586505
2026-01-11 16:25:18.063888 INFO::Fitting model to feature number 366, Alistipes sp002428825
2026-01-11 16:25:18.072969 INFO::Fitting model to feature number 367, Alistipes sp910587675
2026-01-11 16:25:18.083034 INFO::Fitting model to feature number 368, Alistipes timonensis
2026-01-11 16:25:18.09168 INFO::Fitting model to feature number 369, Alistipes sp910576555
2026-01-11 16:25:18.101406 INFO::Fitting model to feature number 370, Alistipes sp009774895
2026-01-11 16:25:18.112896 INFO::Fitting model to feature number 371, Alistipes sp002362235
2026-01-11 16:25:18.12306 INFO::Fitting model to feature number 372, Alistipes sp900552955
2026-01-11 16:25:18.133545 INFO::Fitting model to feature number 373, Alistipes sp910575495
2026-01-11 16:25:18.140762 INFO::Fitting model to feature number 374, Alistipes sp910577475
2026-01-11 16:25:18.150088 INFO::Fitting model to feature number 375, Alistipes sp002358415
2026-01-11 16:25:18.156862 INFO::Fitting model to feature number 376, Avirikenella sp910588925
2026-01-11 16:25:18.164313 INFO::Fitting model to feature number 377, MGYG000325667
2026-01-11 16:25:18.17126 INFO::Fitting model to feature number 378, Rikenella sp910577885
2026-01-11 16:25:18.178833 INFO::Fitting model to feature number 379, Parabacteroides distasonis
2026-01-11 16:25:18.188201 INFO::Fitting model to feature number 380, Parabacteroides goldsteinii
2026-01-11 16:25:18.197015 INFO::Fitting model to feature number 381, Parabacteroides sp900760525
2026-01-11 16:25:18.206478 INFO::Fitting model to feature number 382, Parabacteroides merdae
2026-01-11 16:25:18.215698 INFO::Fitting model to feature number 383, Odoribacter sp021771575
2026-01-11 16:25:18.224828 INFO::Fitting model to feature number 384, Odoribacter sp910578105
2026-01-11 16:25:18.23337 INFO::Fitting model to feature number 385, Odoribacter sp910589025
2026-01-11 16:25:18.242825 INFO::Fitting model to feature number 386, Butyricimonas virosa
2026-01-11 16:25:18.253577 INFO::Fitting model to feature number 387, Pullibacteroides sp910586395
2026-01-11 16:25:18.265081 INFO::Fitting model to feature number 388, Cryptobacteroides sp009774765
2026-01-11 16:25:18.277257 INFO::Fitting model to feature number 389, Cryptobacteroides sp910585445
2026-01-11 16:25:18.289547 INFO::Fitting model to feature number 390, Imtechella halotolerans
2026-01-11 16:25:18.30151 INFO::Fitting model to feature number 391, Faecalibaculum sp910588395
2026-01-11 16:25:18.313425 INFO::Fitting model to feature number 392, C-19 sp910576855
2026-01-11 16:25:18.322786 INFO::Fitting model to feature number 393, MGYG000329824
2026-01-11 16:25:18.332052 INFO::Fitting model to feature number 394, Ileibacterium valens
2026-01-11 16:25:18.340186 INFO::Fitting model to feature number 395, Dubosiella sp004793885
2026-01-11 16:25:18.350173 INFO::Fitting model to feature number 396, CAJTFG01 sp910575705
2026-01-11 16:25:18.358489 INFO::Fitting model to feature number 397, Thomasclavelia cocleata
2026-01-11 16:25:18.367839 INFO::Fitting model to feature number 398, Thomasclavelia ramosa
2026-01-11 16:25:18.37572 INFO::Fitting model to feature number 399, MGBC113645 sp910579135
2026-01-11 16:25:18.385469 INFO::Fitting model to feature number 400, Fimiplasma sp910588165
2026-01-11 16:25:18.393733 INFO::Fitting model to feature number 401, Lactobacillus intestinalis
2026-01-11 16:25:18.403331 INFO::Fitting model to feature number 402, Lactobacillus sp910589675
2026-01-11 16:25:18.405419 INFO::Fitting model to feature number 403, MGYG000329195
2026-01-11 16:25:18.414753 INFO::Fitting model to feature number 404, Lactobacillus taiwanensis
2026-01-11 16:25:18.423282 INFO::Fitting model to feature number 405, Lactobacillus amylovorus
2026-01-11 16:25:18.432865 INFO::Fitting model to feature number 406, MGYG000325525
2026-01-11 16:25:18.441555 INFO::Fitting model to feature number 407, MGYG000326943
2026-01-11 16:25:18.451137 INFO::Fitting model to feature number 408, Lactobacillus hominis
2026-01-11 16:25:18.459083 INFO::Fitting model to feature number 409, Lactobacillus acidophilus
2026-01-11 16:25:18.470062 INFO::Fitting model to feature number 410, MGYG000326944
2026-01-11 16:25:18.481338 INFO::Fitting model to feature number 411, Lactobacillus delbrueckii
2026-01-11 16:25:18.491556 INFO::Fitting model to feature number 412, Limosilactobacillus reuteri
2026-01-11 16:25:18.493941 INFO::Fitting model to feature number 413, Limosilactobacillus sp009663775
2026-01-11 16:25:18.497153 INFO::Fitting model to feature number 414, Limosilactobacillus fermentum
2026-01-11 16:25:18.507771 INFO::Fitting model to feature number 415, Limosilactobacillus equigenerosi
2026-01-11 16:25:18.518174 INFO::Fitting model to feature number 416, Limosilactobacillus portuensis
2026-01-11 16:25:18.528793 INFO::Fitting model to feature number 417, Ligilactobacillus murinus
2026-01-11 16:25:18.53217 INFO::Fitting model to feature number 418, Ligilactobacillus animalis
2026-01-11 16:25:18.543482 INFO::Fitting model to feature number 419, Ligilactobacillus sp910587695
2026-01-11 16:25:18.553959 INFO::Fitting model to feature number 420, Ligilactobacillus agilis
2026-01-11 16:25:18.562622 INFO::Fitting model to feature number 421, Pediococcus pentosaceus
2026-01-11 16:25:18.573233 INFO::Fitting model to feature number 422, Enterococcus faecalis
2026-01-11 16:25:18.584279 INFO::Fitting model to feature number 423, Turicibacter sp002311155
2026-01-11 16:25:18.596764 INFO::Fitting model to feature number 424, MGYG000380869
2026-01-11 16:25:18.60844 INFO::Fitting model to feature number 425, CAG-582 sp910577075
2026-01-11 16:25:18.6201 INFO::Fitting model to feature number 426, UBA5026 sp910576795
2026-01-11 16:25:18.632268 INFO::Fitting model to feature number 427, UBA5026 sp910586425
2026-01-11 16:25:18.644274 INFO::Fitting model to feature number 428, MGYG000330354
2026-01-11 16:25:18.65692 INFO::Fitting model to feature number 429, MGYG000338472
2026-01-11 16:25:18.668806 INFO::Fitting model to feature number 430, MGYG000329046
2026-01-11 16:25:18.67965 INFO::Fitting model to feature number 431, MGYG000331189
2026-01-11 16:25:18.69186 INFO::Fitting model to feature number 432, Mammaliicoccus lentus
2026-01-11 16:25:18.703262 INFO::Fitting model to feature number 433, Staphylococcus xylosus
2026-01-11 16:25:18.714213 INFO::Fitting model to feature number 434, MGYG000410805
2026-01-11 16:25:18.722317 INFO::Fitting model to feature number 435, Desulfovibrio sp910575755
2026-01-11 16:25:18.730403 INFO::Fitting model to feature number 436, Desulfovibrio sp910587035
2026-01-11 16:25:18.742092 INFO::Fitting model to feature number 437, Desulfovibrio sp910584445
2026-01-11 16:25:18.752939 INFO::Fitting model to feature number 438, MGYG000325668
2026-01-11 16:25:18.763016 INFO::Fitting model to feature number 439, Desulfovibrio sp900556755
2026-01-11 16:25:18.770913 INFO::Fitting model to feature number 440, Desulfovibrio sp905215675
2026-01-11 16:25:18.77977 INFO::Fitting model to feature number 441, MGYG000325515
2026-01-11 16:25:18.790461 INFO::Fitting model to feature number 442, Bilophila sp910585945
2026-01-11 16:25:18.799347 INFO::Fitting model to feature number 443, Bilophila faecipullorum
2026-01-11 16:25:18.808317 INFO::Fitting model to feature number 444, Bilophila sp902373525
2026-01-11 16:25:18.817082 INFO::Fitting model to feature number 445, Mailhella sp910579055
2026-01-11 16:25:18.82603 INFO::Fitting model to feature number 446, Mailhella excrementigallinarum
2026-01-11 16:25:18.837152 INFO::Fitting model to feature number 447, MGYG000399267
2026-01-11 16:25:18.848015 INFO::Fitting model to feature number 448, MGYG000410288
2026-01-11 16:25:18.856431 INFO::Fitting model to feature number 449, Schaedlerella sp910589385
2026-01-11 16:25:18.866898 INFO::Fitting model to feature number 450, Schaedlerella arabinosiphila
2026-01-11 16:25:18.869411 INFO::Fitting model to feature number 451, Schaedlerella sp009911175
2026-01-11 16:25:18.879755 INFO::Fitting model to feature number 452, MGYG000410694
2026-01-11 16:25:18.889168 INFO::Fitting model to feature number 453, Schaedlerella sp000403295
2026-01-11 16:25:18.899863 INFO::Fitting model to feature number 454, Schaedlerella sp910574865
2026-01-11 16:25:18.90248 INFO::Fitting model to feature number 455, Schaedlerella sp910574195
2026-01-11 16:25:18.91409 INFO::Fitting model to feature number 456, Schaedlerella sp943193195
2026-01-11 16:25:18.926416 INFO::Fitting model to feature number 457, Schaedlerella sp009774255
2026-01-11 16:25:18.938721 INFO::Fitting model to feature number 458, MGYG000328305
2026-01-11 16:25:18.949766 INFO::Fitting model to feature number 459, MD308 sp910575105
2026-01-11 16:25:18.962285 INFO::Fitting model to feature number 460, MD308 sp010206225
2026-01-11 16:25:18.965732 INFO::Fitting model to feature number 461, MGYG000323047
2026-01-11 16:25:18.979193 INFO::Fitting model to feature number 462, MD308 sp000403475
2026-01-11 16:25:18.991898 INFO::Fitting model to feature number 463, MGYG000326632
2026-01-11 16:25:19.005048 INFO::Fitting model to feature number 464, MD308 sp910578455
2026-01-11 16:25:19.017065 INFO::Fitting model to feature number 465, MD308 sp910586965
2026-01-11 16:25:19.030127 INFO::Fitting model to feature number 466, MD308 sp910584615
2026-01-11 16:25:19.043301 INFO::Fitting model to feature number 467, MGYG000410877
2026-01-11 16:25:19.056401 INFO::Fitting model to feature number 468, MGYG000324148
2026-01-11 16:25:19.069836 INFO::Fitting model to feature number 469, Sporofaciens sp910574715
2026-01-11 16:25:19.079115 INFO::Fitting model to feature number 470, Sporofaciens sp910579015
2026-01-11 16:25:19.09142 INFO::Fitting model to feature number 471, MGYG000353267
2026-01-11 16:25:19.103898 INFO::Fitting model to feature number 472, Sporofaciens sp910575835
2026-01-11 16:25:19.116891 INFO::Fitting model to feature number 473, Sporofaciens musculi
2026-01-11 16:25:19.130307 INFO::Fitting model to feature number 474, Sporofaciens sp009774295
2026-01-11 16:25:19.143376 INFO::Fitting model to feature number 475, Sporofaciens sp910574885
2026-01-11 16:25:19.146854 INFO::Fitting model to feature number 476, Sporofaciens sp000403455
2026-01-11 16:25:19.157839 INFO::Fitting model to feature number 477, Sporofaciens sp910577685
2026-01-11 16:25:19.168896 INFO::Fitting model to feature number 478, Sporofaciens sp910587575
2026-01-11 16:25:19.179681 INFO::Fitting model to feature number 479, Sporofaciens sp910585725
2026-01-11 16:25:19.191229 INFO::Fitting model to feature number 480, Sporofaciens sp910579925
2026-01-11 16:25:19.204362 INFO::Fitting model to feature number 481, MGYG000402809
2026-01-11 16:25:19.21435 INFO::Fitting model to feature number 482, UBA11957 sp910588295
2026-01-11 16:25:19.227632 INFO::Fitting model to feature number 483, MGYG000410400
2026-01-11 16:25:19.237283 INFO::Fitting model to feature number 484, Choladocola sp009774135
2026-01-11 16:25:19.246572 INFO::Fitting model to feature number 485, Choladocola sp910583615
2026-01-11 16:25:19.249332 INFO::Fitting model to feature number 486, Choladocola sp910585995
2026-01-11 16:25:19.257087 INFO::Fitting model to feature number 487, Choladocola sp009774145
2026-01-11 16:25:19.266287 INFO::Fitting model to feature number 488, Choladocola sp910584945
2026-01-11 16:25:19.274039 INFO::Fitting model to feature number 489, Choladocola sp910579225
2026-01-11 16:25:19.283083 INFO::Fitting model to feature number 490, Choladocola sp910584205
2026-01-11 16:25:19.291528 INFO::Fitting model to feature number 491, Choladocola sp910574965
2026-01-11 16:25:19.301262 INFO::Fitting model to feature number 492, Choladocola sp910575445
2026-01-11 16:25:19.310926 INFO::Fitting model to feature number 493, Choladocola sp910583895
2026-01-11 16:25:19.320749 INFO::Fitting model to feature number 494, Choladocola sp009774155
2026-01-11 16:25:19.331406 INFO::Fitting model to feature number 495, Choladocola sp910587495
2026-01-11 16:25:19.342049 INFO::Fitting model to feature number 496, Choladocola sp910585465
2026-01-11 16:25:19.351875 INFO::Fitting model to feature number 497, Choladocola sp910587765
2026-01-11 16:25:19.360434 INFO::Fitting model to feature number 498, MGYG000392954
2026-01-11 16:25:19.372103 INFO::Fitting model to feature number 499, Lachnoclostridium_B sp910584095
2026-01-11 16:25:19.374218 INFO::Fitting model to feature number 500, Lachnoclostridium_B sp910574185
2026-01-11 16:25:19.385113 INFO::Fitting model to feature number 501, MGYG000331109
2026-01-11 16:25:19.393999 INFO::Fitting model to feature number 502, Lachnoclostridium_B sp910584265
2026-01-11 16:25:19.404652 INFO::Fitting model to feature number 503, Lachnoclostridium_B sp910588745
2026-01-11 16:25:19.413906 INFO::Fitting model to feature number 504, Lachnoclostridium_B sp910589275
2026-01-11 16:25:19.422754 INFO::Fitting model to feature number 505, MGYG000328855
2026-01-11 16:25:19.433107 INFO::Fitting model to feature number 506, MGBC164599 sp910588825
2026-01-11 16:25:19.443301 INFO::Fitting model to feature number 507, MGBC164599 sp910575625
2026-01-11 16:25:19.454793 INFO::Fitting model to feature number 508, MGBC164599 sp910587105
2026-01-11 16:25:19.464055 INFO::Fitting model to feature number 509, MGBC164599 sp910588775
2026-01-11 16:25:19.474198 INFO::Fitting model to feature number 510, MGYG000330030
2026-01-11 16:25:19.484802 INFO::Fitting model to feature number 511, MGYG000330180
2026-01-11 16:25:19.495937 INFO::Fitting model to feature number 512, 14-2 sp910588845
2026-01-11 16:25:19.505703 INFO::Fitting model to feature number 513, 14-2 sp910577785
2026-01-11 16:25:19.513797 INFO::Fitting model to feature number 514, 14-2 sp910576385
2026-01-11 16:25:19.522676 INFO::Fitting model to feature number 515, 14-2 sp910575155
2026-01-11 16:25:19.531598 INFO::Fitting model to feature number 516, 14-2 sp910575035
2026-01-11 16:25:19.541532 INFO::Fitting model to feature number 517, 14-2 sp011960065
2026-01-11 16:25:19.550805 INFO::Fitting model to feature number 518, MGYG000409996
2026-01-11 16:25:19.561153 INFO::Fitting model to feature number 519, 14-2 sp910588285
2026-01-11 16:25:19.572022 INFO::Fitting model to feature number 520, 14-2 sp910575005
2026-01-11 16:25:19.581637 INFO::Fitting model to feature number 521, 14-2 sp910584585
2026-01-11 16:25:19.591529 INFO::Fitting model to feature number 522, 14-2 sp000403255
2026-01-11 16:25:19.600754 INFO::Fitting model to feature number 523, MGYG000411355
2026-01-11 16:25:19.609225 INFO::Fitting model to feature number 524, 14-2 sp910583835
2026-01-11 16:25:19.618653 INFO::Fitting model to feature number 525, 14-2 sp910575075
2026-01-11 16:25:19.626329 INFO::Fitting model to feature number 526, 14-2 sp000403315
2026-01-11 16:25:19.63535 INFO::Fitting model to feature number 527, 14-2 sp009774455
2026-01-11 16:25:19.645104 INFO::Fitting model to feature number 528, 14-2 sp910589635
2026-01-11 16:25:19.654757 INFO::Fitting model to feature number 529, 14-2 sp910576975
2026-01-11 16:25:19.663835 INFO::Fitting model to feature number 530, MGYG000411595
2026-01-11 16:25:19.672436 INFO::Fitting model to feature number 531, MGYG000328404
2026-01-11 16:25:19.681871 INFO::Fitting model to feature number 532, 14-2 sp910578825
2026-01-11 16:25:19.692231 INFO::Fitting model to feature number 533, MGYG000410992
2026-01-11 16:25:19.70269 INFO::Fitting model to feature number 534, MGYG000324849
2026-01-11 16:25:19.712945 INFO::Fitting model to feature number 535, 14-2 sp000403845
2026-01-11 16:25:19.72509 INFO::Fitting model to feature number 536, Eubacterium_F sp910574015
2026-01-11 16:25:19.737684 INFO::Fitting model to feature number 537, MGYG000330978
2026-01-11 16:25:19.749833 INFO::Fitting model to feature number 538, Eubacterium_F sp910575665
2026-01-11 16:25:19.761965 INFO::Fitting model to feature number 539, Eubacterium_F sp910585745
2026-01-11 16:25:19.773975 INFO::Fitting model to feature number 540, MGYG000329322
2026-01-11 16:25:19.78539 INFO::Fitting model to feature number 541, Eubacterium_F sp910579145
2026-01-11 16:25:19.79587 INFO::Fitting model to feature number 542, Caccovicinus sp910585635
2026-01-11 16:25:19.804129 INFO::Fitting model to feature number 543, Caccovicinus sp009774615
2026-01-11 16:25:19.814714 INFO::Fitting model to feature number 544, Caccovicinus sp910584785
2026-01-11 16:25:19.823452 INFO::Fitting model to feature number 545, MGYG000411451
2026-01-11 16:25:19.832321 INFO::Fitting model to feature number 546, Caccovicinus sp910575565
2026-01-11 16:25:19.842149 INFO::Fitting model to feature number 547, MGYG000322995
2026-01-11 16:25:19.852954 INFO::Fitting model to feature number 548, Caccovicinus sp910588895
2026-01-11 16:25:19.864242 INFO::Fitting model to feature number 549, Acetatifactor sp910576125
2026-01-11 16:25:19.873689 INFO::Fitting model to feature number 550, Acetatifactor sp910589035
2026-01-11 16:25:19.883068 INFO::Fitting model to feature number 551, Acetatifactor sp910579755
2026-01-11 16:25:19.891746 INFO::Fitting model to feature number 552, Acetatifactor sp910584865
2026-01-11 16:25:19.90032 INFO::Fitting model to feature number 553, Acetatifactor sp910585805
2026-01-11 16:25:19.9077 INFO::Fitting model to feature number 554, Acetatifactor sp910585425
2026-01-11 16:25:19.957447 INFO::Fitting model to feature number 555, Acetatifactor sp910585615
2026-01-11 16:25:19.968096 INFO::Fitting model to feature number 556, Acetatifactor sp910586775
2026-01-11 16:25:19.975948 INFO::Fitting model to feature number 557, Acetatifactor sp910589655
2026-01-11 16:25:19.985382 INFO::Fitting model to feature number 558, Acetatifactor sp910586835
2026-01-11 16:25:19.99369 INFO::Fitting model to feature number 559, Acetatifactor sp003612485
2026-01-11 16:25:20.003834 INFO::Fitting model to feature number 560, MGYG000329336
2026-01-11 16:25:20.014328 INFO::Fitting model to feature number 561, Acetatifactor sp910577185
2026-01-11 16:25:20.023194 INFO::Fitting model to feature number 562, MGYG000325587
2026-01-11 16:25:20.033279 INFO::Fitting model to feature number 563, Acetatifactor sp910584235
2026-01-11 16:25:20.043984 INFO::Fitting model to feature number 564, MGYG000325385
2026-01-11 16:25:20.054697 INFO::Fitting model to feature number 565, Acetatifactor sp910580225
2026-01-11 16:25:20.066401 INFO::Fitting model to feature number 566, Acetatifactor sp910577035
2026-01-11 16:25:20.076278 INFO::Fitting model to feature number 567, Acetatifactor sp910578995
2026-01-11 16:25:20.088546 INFO::Fitting model to feature number 568, Acetatifactor sp910578185
2026-01-11 16:25:20.101755 INFO::Fitting model to feature number 569, MGYG000327004
2026-01-11 16:25:20.116784 INFO::Fitting model to feature number 570, Acetatifactor sp910586485
2026-01-11 16:25:20.12831 INFO::Fitting model to feature number 571, MGYG000331015
2026-01-11 16:25:20.141213 INFO::Fitting model to feature number 572, Acetatifactor sp910587555
2026-01-11 16:25:20.152634 INFO::Fitting model to feature number 573, 1XD8-76 sp910578085
2026-01-11 16:25:20.155489 INFO::Fitting model to feature number 574, 1XD8-76 sp910573755
2026-01-11 16:25:20.167223 INFO::Fitting model to feature number 575, 1XD8-76 sp910577955
2026-01-11 16:25:20.177185 INFO::Fitting model to feature number 576, UBA3282 sp009774175
2026-01-11 16:25:20.194391 INFO::Fitting model to feature number 577, UBA3282 sp910575245
2026-01-11 16:25:20.208973 INFO::Fitting model to feature number 578, UBA3282 sp009774655
2026-01-11 16:25:20.222255 INFO::Fitting model to feature number 579, UBA3282 sp910577735
2026-01-11 16:25:20.22655 INFO::Fitting model to feature number 580, UBA3282 sp910588215
2026-01-11 16:25:20.239338 INFO::Fitting model to feature number 581, UBA3282 sp910584725
2026-01-11 16:25:20.254841 INFO::Fitting model to feature number 582, MGYG000329173
2026-01-11 16:25:20.267363 INFO::Fitting model to feature number 583, MGYG000325371
2026-01-11 16:25:20.27712 INFO::Fitting model to feature number 584, MGYG000324467
2026-01-11 16:25:20.290022 INFO::Fitting model to feature number 585, UBA3282 sp910587095
2026-01-11 16:25:20.30177 INFO::Fitting model to feature number 586, UBA3282 sp009774585
2026-01-11 16:25:20.314958 INFO::Fitting model to feature number 587, UBA3282 sp910576815
2026-01-11 16:25:20.323803 INFO::Fitting model to feature number 588, UBA3282 sp910575775
2026-01-11 16:25:20.336053 INFO::Fitting model to feature number 589, UBA3282 sp003611805
2026-01-11 16:25:20.349542 INFO::Fitting model to feature number 590, UBA3282 sp910579285
2026-01-11 16:25:20.361535 INFO::Fitting model to feature number 591, UBA3282 sp910579505
2026-01-11 16:25:20.373591 INFO::Fitting model to feature number 592, MGYG000328328
2026-01-11 16:25:20.38921 INFO::Fitting model to feature number 593, MGYG000325448
2026-01-11 16:25:20.416109 INFO::Fitting model to feature number 594, MGYG000328360
2026-01-11 16:25:20.434368 INFO::Fitting model to feature number 595, MGYG000323430
2026-01-11 16:25:20.457757 INFO::Fitting model to feature number 596, UBA3282 sp003612405
2026-01-11 16:25:20.493847 INFO::Fitting model to feature number 597, UBA3282 sp009774215
2026-01-11 16:25:20.516118 INFO::Fitting model to feature number 598, MGYG000324289
2026-01-11 16:25:20.534104 INFO::Fitting model to feature number 599, Paralachnospira sp910588815
2026-01-11 16:25:20.557597 INFO::Fitting model to feature number 600, Paralachnospira sp022800815
2026-01-11 16:25:20.572773 INFO::Fitting model to feature number 601, Paralachnospira sp910587905
2026-01-11 16:25:20.589242 INFO::Fitting model to feature number 602, COE1 sp002490665
2026-01-11 16:25:20.606054 INFO::Fitting model to feature number 603, COE1 sp009774395
2026-01-11 16:25:20.622325 INFO::Fitting model to feature number 604, COE1 sp000403335
2026-01-11 16:25:20.636774 INFO::Fitting model to feature number 605, MGYG000410938
2026-01-11 16:25:20.654228 INFO::Fitting model to feature number 606, MGYG000325626
2026-01-11 16:25:20.666838 INFO::Fitting model to feature number 607, COE1 sp002358575
2026-01-11 16:25:20.680247 INFO::Fitting model to feature number 608, MGYG000325712
2026-01-11 16:25:20.693696 INFO::Fitting model to feature number 609, COE1 sp910586585
2026-01-11 16:25:20.70835 INFO::Fitting model to feature number 610, COE1 sp910586715
2026-01-11 16:25:20.722832 INFO::Fitting model to feature number 611, COE1 sp910579275
2026-01-11 16:25:20.734905 INFO::Fitting model to feature number 612, CAG-95 sp910585005
2026-01-11 16:25:20.748218 INFO::Fitting model to feature number 613, CAG-95 sp009917455
2026-01-11 16:25:20.758894 INFO::Fitting model to feature number 614, CAG-95 sp910579685
2026-01-11 16:25:20.768124 INFO::Fitting model to feature number 615, CAG-95 sp910579425
2026-01-11 16:25:20.777055 INFO::Fitting model to feature number 616, CAG-95 sp910579495
2026-01-11 16:25:20.786091 INFO::Fitting model to feature number 617, CAG-95 sp003612395
2026-01-11 16:25:20.794309 INFO::Fitting model to feature number 618, CAG-95 sp910586025
2026-01-11 16:25:20.80462 INFO::Fitting model to feature number 619, CAG-95 sp910577275
2026-01-11 16:25:20.816598 INFO::Fitting model to feature number 620, CAG-95 sp009911035
2026-01-11 16:25:20.829687 INFO::Fitting model to feature number 621, CAG-95 sp910585075
2026-01-11 16:25:20.840531 INFO::Fitting model to feature number 622, MGYG000410775
2026-01-11 16:25:20.850092 INFO::Fitting model to feature number 623, MGYG000325648
2026-01-11 16:25:20.862004 INFO::Fitting model to feature number 624, CAG-95 sp011959285
2026-01-11 16:25:20.87371 INFO::Fitting model to feature number 625, UBA7109 sp910576335
2026-01-11 16:25:20.876703 INFO::Fitting model to feature number 626, UBA7109 sp910575605
2026-01-11 16:25:20.888322 INFO::Fitting model to feature number 627, MGYG000323043
2026-01-11 16:25:20.899999 INFO::Fitting model to feature number 628, MGYG000405682
2026-01-11 16:25:20.912899 INFO::Fitting model to feature number 629, MGYG000368546
2026-01-11 16:25:20.926682 INFO::Fitting model to feature number 630, Ventrimonas sp910575255
2026-01-11 16:25:20.941383 INFO::Fitting model to feature number 631, Ventrimonas sp910577765
2026-01-11 16:25:20.956247 INFO::Fitting model to feature number 632, Ventrimonas sp910586255
2026-01-11 16:25:20.968907 INFO::Fitting model to feature number 633, Ventrimonas sp003611875
2026-01-11 16:25:20.980698 INFO::Fitting model to feature number 634, Ventrimonas sp009911065
2026-01-11 16:25:20.991668 INFO::Fitting model to feature number 635, MGYG000410706
2026-01-11 16:25:21.004071 INFO::Fitting model to feature number 636, MGYG000327273
2026-01-11 16:25:21.018233 INFO::Fitting model to feature number 637, Ventrimonas sp910577655
2026-01-11 16:25:21.030758 INFO::Fitting model to feature number 638, Ventrimonas sp022799175
2026-01-11 16:25:21.044296 INFO::Fitting model to feature number 639, MGYG000324149
2026-01-11 16:25:21.057482 INFO::Fitting model to feature number 640, UBA3402 sp910574345
2026-01-11 16:25:21.070658 INFO::Fitting model to feature number 641, UBA3402 sp910575585
2026-01-11 16:25:21.083688 INFO::Fitting model to feature number 642, MGYG000410803
2026-01-11 16:25:21.097691 INFO::Fitting model to feature number 643, UBA3402 sp910588325
2026-01-11 16:25:21.110622 INFO::Fitting model to feature number 644, UBA3402 sp022798105
2026-01-11 16:25:21.122745 INFO::Fitting model to feature number 645, UBA3402 sp022795805
2026-01-11 16:25:21.132543 INFO::Fitting model to feature number 646, UBA3402 sp002358555
2026-01-11 16:25:21.147135 INFO::Fitting model to feature number 647, UBA3402 sp910588865
2026-01-11 16:25:21.160215 INFO::Fitting model to feature number 648, UBA3402 sp022796015
2026-01-11 16:25:21.171767 INFO::Fitting model to feature number 649, UBA3402 sp910586845
2026-01-11 16:25:21.181249 INFO::Fitting model to feature number 650, UBA3402 sp910585435
2026-01-11 16:25:21.189158 INFO::Fitting model to feature number 651, UBA3402 sp910577935
2026-01-11 16:25:21.197145 INFO::Fitting model to feature number 652, UBA3402 sp910585645
2026-01-11 16:25:21.205484 INFO::Fitting model to feature number 653, UBA3402 sp021769025
2026-01-11 16:25:21.214028 INFO::Fitting model to feature number 654, 1XD42-69 sp011959925
2026-01-11 16:25:21.224406 INFO::Fitting model to feature number 655, 1XD42-69 sp009911505
2026-01-11 16:25:21.236286 INFO::Fitting model to feature number 656, 1XD42-69 sp022794015
2026-01-11 16:25:21.246902 INFO::Fitting model to feature number 657, 1XD42-69 sp910588565
2026-01-11 16:25:21.257975 INFO::Fitting model to feature number 658, 1XD42-69 sp910577065
2026-01-11 16:25:21.270536 INFO::Fitting model to feature number 659, 1XD42-69 sp910586645
2026-01-11 16:25:21.282511 INFO::Fitting model to feature number 660, Merdisoma sp009917555
2026-01-11 16:25:21.291023 INFO::Fitting model to feature number 661, Merdisoma sp910574255
2026-01-11 16:25:21.301388 INFO::Fitting model to feature number 662, Merdisoma sp011959465
2026-01-11 16:25:21.310449 INFO::Fitting model to feature number 663, Merdisoma sp910574835
2026-01-11 16:25:21.320781 INFO::Fitting model to feature number 664, Merdisoma sp910574475
2026-01-11 16:25:21.332061 INFO::Fitting model to feature number 665, MGYG000330323
2026-01-11 16:25:21.346957 INFO::Fitting model to feature number 666, Merdisoma sp022791635
2026-01-11 16:25:21.360252 INFO::Fitting model to feature number 667, Kineothrix sp011958945
2026-01-11 16:25:21.372774 INFO::Fitting model to feature number 668, Kineothrix sp910579935
2026-01-11 16:25:21.384418 INFO::Fitting model to feature number 669, Kineothrix sp910576535
2026-01-11 16:25:21.396102 INFO::Fitting model to feature number 670, MGYG000327499
2026-01-11 16:25:21.407443 INFO::Fitting model to feature number 671, Kineothrix sp000403275
2026-01-11 16:25:21.418627 INFO::Fitting model to feature number 672, Kineothrix sp910588855
2026-01-11 16:25:21.429346 INFO::Fitting model to feature number 673, Kineothrix sp910587275
2026-01-11 16:25:21.441906 INFO::Fitting model to feature number 674, MGYG000326008
2026-01-11 16:25:21.455409 INFO::Fitting model to feature number 675, Kineothrix sp910585965
2026-01-11 16:25:21.469223 INFO::Fitting model to feature number 676, Kineothrix sp009911195
2026-01-11 16:25:21.483543 INFO::Fitting model to feature number 677, RGIG4057 sp910587085
2026-01-11 16:25:21.494428 INFO::Fitting model to feature number 678, RGIG4057 sp910579615
2026-01-11 16:25:21.50765 INFO::Fitting model to feature number 679, UMGS1370 sp910577645
2026-01-11 16:25:21.521014 INFO::Fitting model to feature number 680, UMGS1370 sp910586755
2026-01-11 16:25:21.533124 INFO::Fitting model to feature number 681, UBA2882 sp910574745
2026-01-11 16:25:21.542293 INFO::Fitting model to feature number 682, Eubacterium_J sp910574915
2026-01-11 16:25:21.555609 INFO::Fitting model to feature number 683, Eubacterium_J sp910579075
2026-01-11 16:25:21.567394 INFO::Fitting model to feature number 684, Eubacterium_J sp910580075
2026-01-11 16:25:21.578902 INFO::Fitting model to feature number 685, Eubacterium_J sp910584595
2026-01-11 16:25:21.58885 INFO::Fitting model to feature number 686, MGYG000330231
2026-01-11 16:25:21.597183 INFO::Fitting model to feature number 687, MGYG000327453
2026-01-11 16:25:21.607383 INFO::Fitting model to feature number 688, Butyribacter sp910575435
2026-01-11 16:25:21.618062 INFO::Fitting model to feature number 689, Butyribacter sp910585905
2026-01-11 16:25:21.627569 INFO::Fitting model to feature number 690, MGYG000330019
2026-01-11 16:25:21.638193 INFO::Fitting model to feature number 691, Butyribacter sp009774235
2026-01-11 16:25:21.647221 INFO::Fitting model to feature number 692, VSOB01 sp009774625
2026-01-11 16:25:21.650145 INFO::Fitting model to feature number 693, VSOB01 sp910587155
2026-01-11 16:25:21.659943 INFO::Fitting model to feature number 694, VSOB01 sp910587635
2026-01-11 16:25:21.670798 INFO::Fitting model to feature number 695, Copromonas sp009917545
2026-01-11 16:25:21.681586 INFO::Fitting model to feature number 696, Copromonas sp910575275
2026-01-11 16:25:21.695414 INFO::Fitting model to feature number 697, Copromonas sp022792295
2026-01-11 16:25:21.711071 INFO::Fitting model to feature number 698, Copromonas sp910586315
2026-01-11 16:25:21.724356 INFO::Fitting model to feature number 699, Bariatricus sp022793995
2026-01-11 16:25:21.73769 INFO::Fitting model to feature number 700, Clostridium_Q sp910575795
2026-01-11 16:25:21.751196 INFO::Fitting model to feature number 701, RGIG4284 sp910576205
2026-01-11 16:25:21.764442 INFO::Fitting model to feature number 702, RGIG4284 sp022796795
2026-01-11 16:25:21.778034 INFO::Fitting model to feature number 703, RGIG7193 sp022793375
2026-01-11 16:25:21.812021 INFO::Fitting model to feature number 704, RGIG7193 sp022791755
2026-01-11 16:25:21.830574 INFO::Fitting model to feature number 705, Roseburia sp910587865
2026-01-11 16:25:21.848581 INFO::Fitting model to feature number 706, Roseburia sp910584215
2026-01-11 16:25:21.866329 INFO::Fitting model to feature number 707, MGYG000329248
2026-01-11 16:25:21.883465 INFO::Fitting model to feature number 708, Lachnospira sp910589305
2026-01-11 16:25:21.901297 INFO::Fitting model to feature number 709, Eubacterium_G sp910584795
2026-01-11 16:25:21.923195 INFO::Fitting model to feature number 710, Eubacterium_G sp910574895
2026-01-11 16:25:21.940013 INFO::Fitting model to feature number 711, Paralachnospira_A sp910588405
2026-01-11 16:25:21.957072 INFO::Fitting model to feature number 712, Paralachnospira_A sp910579325
2026-01-11 16:25:21.972681 INFO::Fitting model to feature number 713, CAG-317 sp910578495
2026-01-11 16:25:21.984059 INFO::Fitting model to feature number 714, CAG-317 sp011960265
2026-01-11 16:25:21.999058 INFO::Fitting model to feature number 715, JAAWJJ01 sp022796875
2026-01-11 16:25:22.01063 INFO::Fitting model to feature number 716, Blautia_A sp900551075
2026-01-11 16:25:22.023096 INFO::Fitting model to feature number 717, Blautia_A massiliensis
2026-01-11 16:25:22.034596 INFO::Fitting model to feature number 718, CAG-56 sp004793585
2026-01-11 16:25:22.046749 INFO::Fitting model to feature number 719, Enterocloster aldenensis
2026-01-11 16:25:22.058685 INFO::Fitting model to feature number 720, Enterocloster clostridioformis
2026-01-11 16:25:22.069717 INFO::Fitting model to feature number 721, Choladousia sp003612585
2026-01-11 16:25:22.081945 INFO::Fitting model to feature number 722, CAG-510 sp910577105
2026-01-11 16:25:22.094434 INFO::Fitting model to feature number 723, MGYG000325650
2026-01-11 16:25:22.104361 INFO::Fitting model to feature number 724, CAG-590 sp910585605
2026-01-11 16:25:22.111955 INFO::Fitting model to feature number 725, Blautia pseudococcoides
2026-01-11 16:25:22.121671 INFO::Fitting model to feature number 726, Eisenbergiella sp910585455
2026-01-11 16:25:22.129737 INFO::Fitting model to feature number 727, MGYG000392808
2026-01-11 16:25:22.14152 INFO::Fitting model to feature number 728, W0P33-017 sp910589045
2026-01-11 16:25:22.151702 INFO::Fitting model to feature number 729, SIG307 sp910579465
2026-01-11 16:25:22.164812 INFO::Fitting model to feature number 730, MGYG000326869
2026-01-11 16:25:22.17364 INFO::Fitting model to feature number 731, CAG-603 sp910583605
2026-01-11 16:25:22.185359 INFO::Fitting model to feature number 732, Marvinbryantia sp900550755
2026-01-11 16:25:22.196291 INFO::Fitting model to feature number 733, RGIG8607 sp910577045
2026-01-11 16:25:22.204368 INFO::Fitting model to feature number 734, MGYG000326584
2026-01-11 16:25:22.211564 INFO::Fitting model to feature number 735, MGBC114844 sp910585255
2026-01-11 16:25:22.219905 INFO::Fitting model to feature number 736, MGYG000325493
2026-01-11 16:25:22.227031 INFO::Fitting model to feature number 737, MGYG000329929
2026-01-11 16:25:22.234873 INFO::Fitting model to feature number 738, UBA2821 sp014799465
2026-01-11 16:25:22.241824 INFO::Fitting model to feature number 739, MGBC100174 sp910576895
2026-01-11 16:25:22.252031 INFO::Fitting model to feature number 740, Muricomes contortus_B
2026-01-11 16:25:22.260172 INFO::Fitting model to feature number 741, Extibacter muris
2026-01-11 16:25:22.270223 INFO::Fitting model to feature number 742, Anaerotignum sp910576545
2026-01-11 16:25:22.27765 INFO::Fitting model to feature number 743, Anaerotignum sp910578425
2026-01-11 16:25:22.28822 INFO::Fitting model to feature number 744, Coprocola sp910575055
2026-01-11 16:25:22.295475 INFO::Fitting model to feature number 745, Enterenecus sp910588495
2026-01-11 16:25:22.30563 INFO::Fitting model to feature number 746, Enterenecus sp910587285
2026-01-11 16:25:22.313912 INFO::Fitting model to feature number 747, MGYG000327450
2026-01-11 16:25:22.325245 INFO::Fitting model to feature number 748, Enterenecus sp910588625
2026-01-11 16:25:22.33672 INFO::Fitting model to feature number 749, Enterenecus sp910575695
2026-01-11 16:25:22.347661 INFO::Fitting model to feature number 750, MGYG000326888
2026-01-11 16:25:22.356894 INFO::Fitting model to feature number 751, Enterenecus sp910585155
2026-01-11 16:25:22.368278 INFO::Fitting model to feature number 752, MGYG000331159
2026-01-11 16:25:22.378089 INFO::Fitting model to feature number 753, Enterenecus sp910579595
2026-01-11 16:25:22.38802 INFO::Fitting model to feature number 754, MGYG000410353
2026-01-11 16:25:22.397705 INFO::Fitting model to feature number 755, Enterenecus sp910577525
2026-01-11 16:25:22.406103 INFO::Fitting model to feature number 756, Enterenecus sp910587395
2026-01-11 16:25:22.413811 INFO::Fitting model to feature number 757, MGYG000328307
2026-01-11 16:25:22.422769 INFO::Fitting model to feature number 758, Enterenecus sp910587255
2026-01-11 16:25:22.430634 INFO::Fitting model to feature number 759, Enterenecus sp910588105
2026-01-11 16:25:22.439677 INFO::Fitting model to feature number 760, MGYG000410945
2026-01-11 16:25:22.450571 INFO::Fitting model to feature number 761, Enterenecus sp910579155
2026-01-11 16:25:22.460113 INFO::Fitting model to feature number 762, MGYG000322966
2026-01-11 16:25:22.471908 INFO::Fitting model to feature number 763, MGYG000410761
2026-01-11 16:25:22.480826 INFO::Fitting model to feature number 764, Enterenecus sp910587205
2026-01-11 16:25:22.490325 INFO::Fitting model to feature number 765, MGYG000410914
2026-01-11 16:25:22.533937 INFO::Fitting model to feature number 766, Enterenecus sp910584285
2026-01-11 16:25:22.552876 INFO::Fitting model to feature number 767, MGYG000327286
2026-01-11 16:25:22.560571 INFO::Fitting model to feature number 768, Enterenecus sp910585265
2026-01-11 16:25:22.571098 INFO::Fitting model to feature number 769, Enterenecus sp910584835
2026-01-11 16:25:22.579241 INFO::Fitting model to feature number 770, Enterenecus sp910588135
2026-01-11 16:25:22.589444 INFO::Fitting model to feature number 771, MGYG000329348
2026-01-11 16:25:22.596698 INFO::Fitting model to feature number 772, MGYG000325584
2026-01-11 16:25:22.604681 INFO::Fitting model to feature number 773, MGYG000410874
2026-01-11 16:25:22.611648 INFO::Fitting model to feature number 774, MGYG000360698
2026-01-11 16:25:22.620058 INFO::Fitting model to feature number 775, Lawsonibacter sp003612335
2026-01-11 16:25:22.626957 INFO::Fitting model to feature number 776, Lawsonibacter sp910585815
2026-01-11 16:25:22.635064 INFO::Fitting model to feature number 777, Lawsonibacter sp910584605
2026-01-11 16:25:22.642622 INFO::Fitting model to feature number 778, Lawsonibacter sp910575265
2026-01-11 16:25:22.652003 INFO::Fitting model to feature number 779, MGYG000432202
2026-01-11 16:25:22.66203 INFO::Fitting model to feature number 780, Lawsonibacter sp022799835
2026-01-11 16:25:22.67146 INFO::Fitting model to feature number 781, MGYG000433528
2026-01-11 16:25:22.682647 INFO::Fitting model to feature number 782, Lawsonibacter sp022794495
2026-01-11 16:25:22.693109 INFO::Fitting model to feature number 783, MGYG000410681
2026-01-11 16:25:22.702944 INFO::Fitting model to feature number 784, Lawsonibacter sp910578735
2026-01-11 16:25:22.711278 INFO::Fitting model to feature number 785, MGYG000325175
2026-01-11 16:25:22.72079 INFO::Fitting model to feature number 786, Lawsonibacter sp022801435
2026-01-11 16:25:22.732448 INFO::Fitting model to feature number 787, Lawsonibacter sp009911645
2026-01-11 16:25:22.740931 INFO::Fitting model to feature number 788, Lawsonibacter sp943192995
2026-01-11 16:25:22.749552 INFO::Fitting model to feature number 789, MGYG000329509
2026-01-11 16:25:22.757836 INFO::Fitting model to feature number 790, Lawsonibacter sp022798855
2026-01-11 16:25:22.766482 INFO::Fitting model to feature number 791, Lawsonibacter sp910588455
2026-01-11 16:25:22.776886 INFO::Fitting model to feature number 792, Lawsonibacter sp910589085
2026-01-11 16:25:22.786417 INFO::Fitting model to feature number 793, Lawsonibacter sp022793355
2026-01-11 16:25:22.794394 INFO::Fitting model to feature number 794, MGYG000328991
2026-01-11 16:25:22.803196 INFO::Fitting model to feature number 795, Lawsonibacter sp022795855
2026-01-11 16:25:22.811495 INFO::Fitting model to feature number 796, Lawsonibacter sp022791995
2026-01-11 16:25:22.823324 INFO::Fitting model to feature number 797, MGYG000323117
2026-01-11 16:25:22.831527 INFO::Fitting model to feature number 798, Lawsonibacter sp000492175
2026-01-11 16:25:22.84029 INFO::Fitting model to feature number 799, MGYG000324476
2026-01-11 16:25:22.848694 INFO::Fitting model to feature number 800, MGYG000411366
2026-01-11 16:25:22.85767 INFO::Fitting model to feature number 801, MGYG000345714
2026-01-11 16:25:22.870001 INFO::Fitting model to feature number 802, MGYG000329989
2026-01-11 16:25:22.880464 INFO::Fitting model to feature number 803, Lawsonibacter sp910577805
2026-01-11 16:25:22.890936 INFO::Fitting model to feature number 804, MGYG000410703
2026-01-11 16:25:22.901811 INFO::Fitting model to feature number 805, MGYG000329873
2026-01-11 16:25:22.913184 INFO::Fitting model to feature number 806, Lawsonibacter sp022796195
2026-01-11 16:25:22.922215 INFO::Fitting model to feature number 807, MGYG000411569
2026-01-11 16:25:22.930004 INFO::Fitting model to feature number 808, MGYG000327081
2026-01-11 16:25:22.940095 INFO::Fitting model to feature number 809, Dysosmobacter sp009774015
2026-01-11 16:25:22.950921 INFO::Fitting model to feature number 810, Dysosmobacter sp910583785
2026-01-11 16:25:22.959477 INFO::Fitting model to feature number 811, Dysosmobacter sp910575815
2026-01-11 16:25:22.969608 INFO::Fitting model to feature number 812, Dysosmobacter sp910579365
2026-01-11 16:25:22.977414 INFO::Fitting model to feature number 813, Dysosmobacter sp910587705
2026-01-11 16:25:22.986447 INFO::Fitting model to feature number 814, Dysosmobacter sp910586735
2026-01-11 16:25:22.995765 INFO::Fitting model to feature number 815, Dysosmobacter sp910585385
2026-01-11 16:25:23.004972 INFO::Fitting model to feature number 816, Dysosmobacter sp022791875
2026-01-11 16:25:23.015477 INFO::Fitting model to feature number 817, Dysosmobacter sp910583695
2026-01-11 16:25:23.024189 INFO::Fitting model to feature number 818, Dysosmobacter sp000403435
2026-01-11 16:25:23.032644 INFO::Fitting model to feature number 819, Dysosmobacter sp022791135
2026-01-11 16:25:23.040967 INFO::Fitting model to feature number 820, Dysosmobacter sp910588175
2026-01-11 16:25:23.049372 INFO::Fitting model to feature number 821, Dysosmobacter sp022795445
2026-01-11 16:25:23.057373 INFO::Fitting model to feature number 822, Dysosmobacter sp910575505
2026-01-11 16:25:23.065782 INFO::Fitting model to feature number 823, Dysosmobacter sp009773995
2026-01-11 16:25:23.074033 INFO::Fitting model to feature number 824, Dysosmobacter sp022801815
2026-01-11 16:25:23.08212 INFO::Fitting model to feature number 825, Dysosmobacter sp910577405
2026-01-11 16:25:23.090307 INFO::Fitting model to feature number 826, Dysosmobacter sp910578935
2026-01-11 16:25:23.097755 INFO::Fitting model to feature number 827, Dysosmobacter sp910576865
2026-01-11 16:25:23.110324 INFO::Fitting model to feature number 828, MGYG000330291
2026-01-11 16:25:23.121519 INFO::Fitting model to feature number 829, MGYG000409008
2026-01-11 16:25:23.130639 INFO::Fitting model to feature number 830, Dysosmobacter sp910589315
2026-01-11 16:25:23.140031 INFO::Fitting model to feature number 831, Dysosmobacter sp910587525
2026-01-11 16:25:23.151745 INFO::Fitting model to feature number 832, Dysosmobacter sp910587875
2026-01-11 16:25:23.161788 INFO::Fitting model to feature number 833, Dysosmobacter sp910584995
2026-01-11 16:25:23.17286 INFO::Fitting model to feature number 834, Dysosmobacter sp910579435
2026-01-11 16:25:23.181053 INFO::Fitting model to feature number 835, MGYG000411389
2026-01-11 16:25:23.192399 INFO::Fitting model to feature number 836, MGYG000325877
2026-01-11 16:25:23.202319 INFO::Fitting model to feature number 837, Dysosmobacter sp910584075
2026-01-11 16:25:23.210043 INFO::Fitting model to feature number 838, Dysosmobacter sp910585245
2026-01-11 16:25:23.22043 INFO::Fitting model to feature number 839, MGYG000373829
2026-01-11 16:25:23.23211 INFO::Fitting model to feature number 840, Dysosmobacter sp910584465
2026-01-11 16:25:23.243 INFO::Fitting model to feature number 841, MGYG000330443
2026-01-11 16:25:23.253905 INFO::Fitting model to feature number 842, MGYG000326793
2026-01-11 16:25:23.264955 INFO::Fitting model to feature number 843, Dysosmobacter sp910576845
2026-01-11 16:25:23.277364 INFO::Fitting model to feature number 844, MGYG000329180
2026-01-11 16:25:23.289864 INFO::Fitting model to feature number 845, Pelethomonas sp910578505
2026-01-11 16:25:23.302221 INFO::Fitting model to feature number 846, Pelethomonas sp910579965
2026-01-11 16:25:23.312484 INFO::Fitting model to feature number 847, Pelethomonas sp910579485
2026-01-11 16:25:23.322267 INFO::Fitting model to feature number 848, Pelethomonas sp910587785
2026-01-11 16:25:23.329706 INFO::Fitting model to feature number 849, Pelethomonas sp022800665
2026-01-11 16:25:23.339346 INFO::Fitting model to feature number 850, Pelethomonas sp009774055
2026-01-11 16:25:23.349848 INFO::Fitting model to feature number 851, Pelethomonas sp022804995
2026-01-11 16:25:23.360445 INFO::Fitting model to feature number 852, Pelethomonas sp014237695
2026-01-11 16:25:23.370212 INFO::Fitting model to feature number 853, Pelethomonas sp022795905
2026-01-11 16:25:23.381167 INFO::Fitting model to feature number 854, MGYG000326866
2026-01-11 16:25:23.391027 INFO::Fitting model to feature number 855, Pelethomonas sp910583885
2026-01-11 16:25:23.400661 INFO::Fitting model to feature number 856, Pelethomonas sp910588365
2026-01-11 16:25:23.410758 INFO::Fitting model to feature number 857, MGYG000410776
2026-01-11 16:25:23.421787 INFO::Fitting model to feature number 858, Pelethomonas sp910587645
2026-01-11 16:25:23.431875 INFO::Fitting model to feature number 859, Pelethomonas sp022800525
2026-01-11 16:25:23.440964 INFO::Fitting model to feature number 860, Pelethomonas sp910588045
2026-01-11 16:25:23.452461 INFO::Fitting model to feature number 861, MGYG000325557
2026-01-11 16:25:23.459705 INFO::Fitting model to feature number 862, Pelethomonas sp910579725
2026-01-11 16:25:23.467753 INFO::Fitting model to feature number 863, Pelethomonas sp910577915
2026-01-11 16:25:23.475987 INFO::Fitting model to feature number 864, Pelethomonas sp910587505
2026-01-11 16:25:23.48397 INFO::Fitting model to feature number 865, MGYG000325617
2026-01-11 16:25:23.492113 INFO::Fitting model to feature number 866, Evtepia sp910584805
2026-01-11 16:25:23.500414 INFO::Fitting model to feature number 867, Evtepia sp022792035
2026-01-11 16:25:23.509891 INFO::Fitting model to feature number 868, Evtepia sp910578575
2026-01-11 16:25:23.51793 INFO::Fitting model to feature number 869, Marseille-P3106 sp022799035
2026-01-11 16:25:23.52763 INFO::Fitting model to feature number 870, Marseille-P3106 sp910587345
2026-01-11 16:25:23.538364 INFO::Fitting model to feature number 871, Marseille-P3106 sp910588975
2026-01-11 16:25:23.545845 INFO::Fitting model to feature number 872, MGYG000410458
2026-01-11 16:25:23.554312 INFO::Fitting model to feature number 873, Marseille-P3106 sp910585735
2026-01-11 16:25:23.561622 INFO::Fitting model to feature number 874, Marseille-P3106 sp022792495
2026-01-11 16:25:23.570104 INFO::Fitting model to feature number 875, Marseille-P3106 sp022794215
2026-01-11 16:25:23.577421 INFO::Fitting model to feature number 876, Marseille-P3106 sp022800215
2026-01-11 16:25:23.586004 INFO::Fitting model to feature number 877, MGYG000326975
2026-01-11 16:25:23.588099 INFO::Fitting model to feature number 878, NSJ-51 sp910585415
2026-01-11 16:25:23.595554 INFO::Fitting model to feature number 879, MGYG000326314
2026-01-11 16:25:23.604298 INFO::Fitting model to feature number 880, MGYG000325278
2026-01-11 16:25:23.611605 INFO::Fitting model to feature number 881, CAJFPI01 sp022801715
2026-01-11 16:25:23.621223 INFO::Fitting model to feature number 882, MGYG000327336
2026-01-11 16:25:23.62845 INFO::Fitting model to feature number 883, MGYG000328896
2026-01-11 16:25:23.637705 INFO::Fitting model to feature number 884, MGYG000329428
2026-01-11 16:25:23.645277 INFO::Fitting model to feature number 885, MGYG000329835
2026-01-11 16:25:23.654517 INFO::Fitting model to feature number 886, MGYG000410456
2026-01-11 16:25:23.662329 INFO::Fitting model to feature number 887, CAKUEI01 sp022793685
2026-01-11 16:25:23.671115 INFO::Fitting model to feature number 888, Avoscillospira_A sp022792945
2026-01-11 16:25:23.680582 INFO::Fitting model to feature number 889, JAAWCD01 sp022793095
2026-01-11 16:25:23.692211 INFO::Fitting model to feature number 890, Acutalibacter sp910588935
2026-01-11 16:25:23.704468 INFO::Fitting model to feature number 891, Acutalibacter sp009936035
2026-01-11 16:25:23.715623 INFO::Fitting model to feature number 892, Acutalibacter sp910589395
2026-01-11 16:25:23.728059 INFO::Fitting model to feature number 893, Acutalibacter sp910574935
2026-01-11 16:25:23.739786 INFO::Fitting model to feature number 894, Acutalibacter sp009917445
2026-01-11 16:25:23.74994 INFO::Fitting model to feature number 895, Acutalibacter muris
2026-01-11 16:25:23.753397 INFO::Fitting model to feature number 896, Acutalibacter sp910587835
2026-01-11 16:25:23.763884 INFO::Fitting model to feature number 897, MGYG000406378
2026-01-11 16:25:23.775268 INFO::Fitting model to feature number 898, Acutalibacter sp009917525
2026-01-11 16:25:23.784739 INFO::Fitting model to feature number 899, MGYG000328916
2026-01-11 16:25:23.796969 INFO::Fitting model to feature number 900, Acutalibacter sp910574995
2026-01-11 16:25:23.808161 INFO::Fitting model to feature number 901, Acutalibacter sp910580045
2026-01-11 16:25:23.819834 INFO::Fitting model to feature number 902, Acutalibacter sp003612555
2026-01-11 16:25:23.828601 INFO::Fitting model to feature number 903, Acutalibacter sp910587995
2026-01-11 16:25:23.838467 INFO::Fitting model to feature number 904, Acutalibacter sp910588415
2026-01-11 16:25:23.845515 INFO::Fitting model to feature number 905, Acutalibacter sp910584745
2026-01-11 16:25:23.853552 INFO::Fitting model to feature number 906, MGYG000330157
2026-01-11 16:25:23.860373 INFO::Fitting model to feature number 907, MGYG000331301
2026-01-11 16:25:23.86785 INFO::Fitting model to feature number 908, MGYG000410931
2026-01-11 16:25:23.875118 INFO::Fitting model to feature number 909, MGYG000328573
2026-01-11 16:25:23.882862 INFO::Fitting model to feature number 910, Acutalibacter stercorigallinarum
2026-01-11 16:25:23.89146 INFO::Fitting model to feature number 911, Eubacterium_R sp011958665
2026-01-11 16:25:23.899351 INFO::Fitting model to feature number 912, MGYG000337810
2026-01-11 16:25:23.90903 INFO::Fitting model to feature number 913, MGYG000379997
2026-01-11 16:25:23.9175 INFO::Fitting model to feature number 914, MGYG000351739
2026-01-11 16:25:23.926456 INFO::Fitting model to feature number 915, MGYG000410251
2026-01-11 16:25:23.934489 INFO::Fitting model to feature number 916, MGYG000373138
2026-01-11 16:25:23.944421 INFO::Fitting model to feature number 917, MGYG000327182
2026-01-11 16:25:23.954309 INFO::Fitting model to feature number 918, Ruthenibacterium sp013316265
2026-01-11 16:25:23.963621 INFO::Fitting model to feature number 919, Ruminococcus sp910584195
2026-01-11 16:25:23.966223 INFO::Fitting model to feature number 920, Angelakisella sp910585525
2026-01-11 16:25:23.975282 INFO::Fitting model to feature number 921, Angelakisella sp022795575
2026-01-11 16:25:23.984207 INFO::Fitting model to feature number 922, Angelakisella sp910585535
2026-01-11 16:25:23.995488 INFO::Fitting model to feature number 923, Angelakisella sp013316495
2026-01-11 16:25:24.004766 INFO::Fitting model to feature number 924, Ruminiclostridium_E sp910588335
2026-01-11 16:25:24.013292 INFO::Fitting model to feature number 925, MGYG000410125
2026-01-11 16:25:24.023491 INFO::Fitting model to feature number 926, Ruminiclostridium_E sp910585505
2026-01-11 16:25:24.030384 INFO::Fitting model to feature number 927, UBA1405 sp022800935
2026-01-11 16:25:24.038119 INFO::Fitting model to feature number 928, MGYG000331296
2026-01-11 16:25:24.044626 INFO::Fitting model to feature number 929, MGYG000410015
2026-01-11 16:25:24.051933 INFO::Fitting model to feature number 930, UBA1394 sp910588145
2026-01-11 16:25:24.058719 INFO::Fitting model to feature number 931, Anaerotruncus sp000403395
2026-01-11 16:25:24.066204 INFO::Fitting model to feature number 932, Anaerotruncus sp003612625
2026-01-11 16:25:24.073443 INFO::Fitting model to feature number 933, Anaerotruncus colihominis_A
2026-01-11 16:25:24.080027 INFO::Fitting model to feature number 934, Anaerotruncus sp910586875
2026-01-11 16:25:24.088096 INFO::Fitting model to feature number 935, MGYG000410574
2026-01-11 16:25:24.094906 INFO::Fitting model to feature number 936, UBA3818 sp910583935
2026-01-11 16:25:24.103156 INFO::Fitting model to feature number 937, JAAVYW01 sp022791315
2026-01-11 16:25:24.109832 INFO::Fitting model to feature number 938, Faecivivens sp022793675
2026-01-11 16:25:24.117114 INFO::Fitting model to feature number 939, RGIG8773 sp910584715
2026-01-11 16:25:24.124305 INFO::Fitting model to feature number 940, QXXE01 sp009911355
2026-01-11 16:25:24.131109 INFO::Fitting model to feature number 941, QXXE01 sp910586575
2026-01-11 16:25:24.140155 INFO::Fitting model to feature number 942, MGYG000327912
2026-01-11 16:25:24.147422 INFO::Fitting model to feature number 943, Butyricicoccus sp910584935
2026-01-11 16:25:24.155851 INFO::Fitting model to feature number 944, Pseudobutyricicoccus sp910579575
2026-01-11 16:25:24.163204 INFO::Fitting model to feature number 945, MGYG000349368
2026-01-11 16:25:24.173184 INFO::Fitting model to feature number 946, Avispirillum sp011957885
2026-01-11 16:25:24.183486 INFO::Fitting model to feature number 947, MGYG000401352
2026-01-11 16:25:24.195622 INFO::Fitting model to feature number 948, Zhenpiania sp009911365
2026-01-11 16:25:24.206569 INFO::Fitting model to feature number 949, Zhenpiania sp910575405
2026-01-11 16:25:24.217472 INFO::Fitting model to feature number 950, Emergencia sp009936045
2026-01-11 16:25:24.228374 INFO::Fitting model to feature number 951, JAAVYD01 sp022790955
2026-01-11 16:25:24.23907 INFO::Fitting model to feature number 952, Fimisoma sp910588185
2026-01-11 16:25:24.249332 INFO::Fitting model to feature number 953, MGYG000410140
2026-01-11 16:25:24.261152 INFO::Fitting model to feature number 954, MGYG000323026
2026-01-11 16:25:24.272126 INFO::Fitting model to feature number 955, Coproplasma sp910579525
2026-01-11 16:25:24.282317 INFO::Fitting model to feature number 956, Coproplasma sp003979335
2026-01-11 16:25:24.293791 INFO::Fitting model to feature number 957, Coproplasma sp013316055
2026-01-11 16:25:24.30317 INFO::Fitting model to feature number 958, Coproplasma sp910577375
2026-01-11 16:25:24.314952 INFO::Fitting model to feature number 959, Coproplasma sp910586065
2026-01-11 16:25:24.326391 INFO::Fitting model to feature number 960, MGYG000328913
2026-01-11 16:25:24.336475 INFO::Fitting model to feature number 961, Coproplasma stercorigallinarum
2026-01-11 16:25:24.343997 INFO::Fitting model to feature number 962, MGBC120929 sp910583735
2026-01-11 16:25:24.353379 INFO::Fitting model to feature number 963, RACS-045 sp910579785
2026-01-11 16:25:24.364798 INFO::Fitting model to feature number 964, QANA01 sp910588425
2026-01-11 16:25:24.375992 INFO::Fitting model to feature number 965, MGYG000324257
2026-01-11 16:25:24.386901 INFO::Fitting model to feature number 966, HGM11386 sp022791055
2026-01-11 16:25:24.398403 INFO::Fitting model to feature number 967, RACS-047 sp013316045
2026-01-11 16:25:24.410768 INFO::Fitting model to feature number 968, CAG-475 sp910577815
2026-01-11 16:25:24.423065 INFO::Fitting model to feature number 969, MGYG000328446
2026-01-11 16:25:24.439061 INFO::Fitting model to feature number 970, Caccovivens sp910587225
2026-01-11 16:25:24.463151 INFO::Fitting model to feature number 971, CAG-41 sp910578235
2026-01-11 16:25:24.476359 INFO::Fitting model to feature number 972, MGYG000410260
2026-01-11 16:25:24.490047 INFO::Fitting model to feature number 973, MGYG000335786
2026-01-11 16:25:24.545453 INFO::Fitting model to feature number 974, MGYG000349464
2026-01-11 16:25:24.572257 INFO::Fitting model to feature number 975, CAG-269 sp022792395
2026-01-11 16:25:24.585242 INFO::Fitting model to feature number 976, MGYG000328872
2026-01-11 16:25:24.595381 INFO::Fitting model to feature number 977, MGYG000327552
2026-01-11 16:25:24.606976 INFO::Fitting model to feature number 978, RGIG8482 sp022796855
2026-01-11 16:25:24.617996 INFO::Fitting model to feature number 979, JAAWPK01 sp022791735
2026-01-11 16:25:24.628483 INFO::Fitting model to feature number 980, MGYG000375192
2026-01-11 16:25:24.640908 INFO::Fitting model to feature number 981, MGYG000323824
2026-01-11 16:25:24.653561 INFO::Fitting model to feature number 982, Akkermansia muciniphila_B
2026-01-11 16:25:24.663704 INFO::Fitting model to feature number 983, Akkermansia sp001580195
2026-01-11 16:25:24.677193 INFO::Fitting model to feature number 984, Parasutterella sp009767915
2026-01-11 16:25:24.689462 INFO::Fitting model to feature number 985, Turicimonas muris
2026-01-11 16:25:24.702918 INFO::Fitting model to feature number 986, MGYG000326933
2026-01-11 16:25:24.717216 INFO::Fitting model to feature number 987, Enterobacter hormaechei_A
2026-01-11 16:25:24.730944 INFO::Fitting model to feature number 988, Methylobacterium persicinum
2026-01-11 16:25:24.746654 INFO::Fitting model to feature number 989, MGYG000329730
2026-01-11 16:25:24.759333 INFO::Fitting model to feature number 990, MGYG000360301
2026-01-11 16:25:24.774425 INFO::Fitting model to feature number 991, Enterousia sp013316395
2026-01-11 16:25:24.787707 INFO::Fitting model to feature number 992, MGYG000410936
2026-01-11 16:25:24.802415 INFO::Fitting model to feature number 993, Scatocola sp910577205
2026-01-11 16:25:24.816804 INFO::Fitting model to feature number 994, MGYG000327352
2026-01-11 16:25:24.832631 INFO::Fitting model to feature number 995, MGBC118957 sp910584385
2026-01-11 16:25:24.847882 INFO::Fitting model to feature number 996, MGYG000391024
2026-01-11 16:25:24.863808 INFO::Fitting model to feature number 997, MGYG000323059
2026-01-11 16:25:24.880353 INFO::Fitting model to feature number 998, MGYG000328709
2026-01-11 16:25:24.895298 INFO::Fitting model to feature number 999, MGYG000411523
2026-01-11 16:25:24.908277 INFO::Fitting model to feature number 1000, MGYG000331169
2026-01-11 16:25:24.921605 INFO::Fitting model to feature number 1001, Nanosyncoccus sp003979185
2026-01-11 16:25:24.937373 INFO::Fitting model to feature number 1002, MGYG000344322
2026-01-11 16:25:24.951707 INFO::Fitting model to feature number 1003, Nanosyncoccus sp013316435
2026-01-11 16:25:24.966765 INFO::Fitting model to feature number 1004, MGYG000348936
2026-01-11 16:25:24.981149 INFO::Fitting model to feature number 1005, MGYG000341210
2026-01-11 16:25:24.996027 INFO::Fitting model to feature number 1006, MGYG000331839
2026-01-11 16:25:25.007884 INFO::Fitting model to feature number 1007, MGYG000328091
2026-01-11 16:25:25.018116 INFO::Fitting model to feature number 1008, Avidehalobacter sp022797295
2026-01-11 16:25:25.027917 INFO::Fitting model to feature number 1009, Avidehalobacter sp021771915
2026-01-11 16:25:25.038733 INFO::Fitting model to feature number 1010, MGYG000410378
2026-01-11 16:25:25.051171 INFO::Fitting model to feature number 1011, MGYG000411020
2026-01-11 16:25:25.063061 INFO::Fitting model to feature number 1012, MGBC122484 sp910587245
2026-01-11 16:25:25.073798 INFO::Fitting model to feature number 1013, MGBC122484 sp910586855
2026-01-11 16:25:25.08507 INFO::Fitting model to feature number 1014, MGBC122484 sp910578465
2026-01-11 16:25:25.096119 INFO::Fitting model to feature number 1015, MGBC122484 sp910587815
2026-01-11 16:25:25.111837 INFO::Fitting model to feature number 1016, Megamonas funiformis
2026-01-11 16:25:25.126505 INFO::Fitting model to feature number 1017, MGYG000325548
2026-01-11 16:25:25.139374 INFO::Fitting model to feature number 1018, MGYG000331077
2026-01-11 16:25:25.151283 INFO::Fitting model to feature number 1019, MGYG000324324
2026-01-11 16:25:25.162903 INFO::Fitting model to feature number 1020, MGYG000333766
2026-01-11 16:25:25.173974 INFO::Fitting model to feature number 1021, UBA3282 sp910578115
2026-01-11 16:25:25.182222 INFO::Fitting model to feature number 1022, Anaerostipes hominis
2026-01-11 16:25:25.191654 INFO::Fitting model to feature number 1023, Bacteroides thetaiotaomicron
2026-01-11 16:25:25.200083 INFO::Fitting model to feature number 1024, C-19 sp910576345
2026-01-11 16:25:25.208763 INFO::Fitting model to feature number 1025, MGYG000410493
2026-01-11 16:25:25.217416 INFO::Fitting model to feature number 1026, Allobaculum sp910579655
2026-01-11 16:25:25.22643 INFO::Fitting model to feature number 1027, MGBC163490 sp910588075
2026-01-11 16:25:25.237172 INFO::Fitting model to feature number 1028, Limosilactobacillus urinaemulieris
2026-01-11 16:25:25.249543 INFO::Fitting model to feature number 1029, Lactiplantibacillus plantarum
2026-01-11 16:25:25.2644 INFO::Fitting model to feature number 1030, Enterococcus_D gallinarum
2026-01-11 16:25:25.276789 INFO::Fitting model to feature number 1031, Granulicatella adiacens
2026-01-11 16:25:25.290203 INFO::Fitting model to feature number 1032, Scybalousia sp910584255
2026-01-11 16:25:25.303917 INFO::Fitting model to feature number 1033, MGYG000325543
2026-01-11 16:25:25.313988 INFO::Fitting model to feature number 1034, Paratractidigestivibacter sp003150175
2026-01-11 16:25:25.324955 INFO::Fitting model to feature number 1035, Collinsella stercoris
2026-01-11 16:25:25.336868 INFO::Fitting model to feature number 1036, Collinsella sp900545445
2026-01-11 16:25:25.351089 INFO::Fitting model to feature number 1037, Collinsella sp002232035
2026-01-11 16:25:25.36499 INFO::Fitting model to feature number 1038, MGYG000330890
2026-01-11 16:25:25.381229 INFO::Fitting model to feature number 1039, Cutibacterium acnes
2026-01-11 16:25:25.398456 INFO::Fitting model to feature number 1040, MGYG000325467
2026-01-11 16:25:25.41509 INFO::Fitting model to feature number 1041, MGYG000325647
2026-01-11 16:25:25.431575 INFO::Fitting model to feature number 1042, MGYG000325468
2026-01-11 16:25:25.446813 INFO::Fitting model to feature number 1043, MGYG000325561
2026-01-11 16:25:25.461216 INFO::Fitting model to feature number 1044, CAG-873 sp014801485
2026-01-11 16:25:25.476358 INFO::Fitting model to feature number 1045, MGYG000325408
2026-01-11 16:25:25.492143 INFO::Fitting model to feature number 1046, CAG-873 sp910579605
2026-01-11 16:25:25.508938 INFO::Fitting model to feature number 1047, CAG-485 sp014802175
2026-01-11 16:25:25.524168 INFO::Fitting model to feature number 1048, CAG-485 sp014801875
2026-01-11 16:25:25.536261 INFO::Fitting model to feature number 1049, CAG-485 sp014803765
2026-01-11 16:25:25.549342 INFO::Fitting model to feature number 1050, MGYG000325797
2026-01-11 16:25:25.565554 INFO::Fitting model to feature number 1051, MGYG000325348
2026-01-11 16:25:25.581542 INFO::Fitting model to feature number 1052, MGYG000325391
2026-01-11 16:25:25.597659 INFO::Fitting model to feature number 1053, MGYG000325606
2026-01-11 16:25:25.61285 INFO::Fitting model to feature number 1054, MGYG000325480
2026-01-11 16:25:25.626864 INFO::Fitting model to feature number 1055, CAG-485 sp014800535
2026-01-11 16:25:25.642625 INFO::Fitting model to feature number 1056, CAG-485 sp014801585
2026-01-11 16:25:25.659396 INFO::Fitting model to feature number 1057, MGYG000325583
2026-01-11 16:25:25.676457 INFO::Fitting model to feature number 1058, MGYG000325430
2026-01-11 16:25:25.700547 INFO::Fitting model to feature number 1059, MGYG000325719
2026-01-11 16:25:25.716805 INFO::Fitting model to feature number 1060, MGYG000325338
2026-01-11 16:25:25.743808 INFO::Fitting model to feature number 1061, MGYG000325306
2026-01-11 16:25:25.795873 INFO::Fitting model to feature number 1062, MGYG000325603
2026-01-11 16:25:25.83357 INFO::Fitting model to feature number 1063, UBA3263 sp014802435
2026-01-11 16:25:25.847396 INFO::Fitting model to feature number 1064, MGYG000325316
2026-01-11 16:25:25.860409 INFO::Fitting model to feature number 1065, MGYG000325659
2026-01-11 16:25:25.887528 INFO::Fitting model to feature number 1066, MGYG000325628
2026-01-11 16:25:25.90504 INFO::Fitting model to feature number 1067, MGYG000325657
2026-01-11 16:25:25.913037 INFO::Fitting model to feature number 1068, MGYG000325523
2026-01-11 16:25:25.923518 INFO::Fitting model to feature number 1069, MGYG000325354
2026-01-11 16:25:25.933199 INFO::Fitting model to feature number 1070, MGYG000325392
2026-01-11 16:25:25.946083 INFO::Fitting model to feature number 1071, JAAVFS01 sp014802385
2026-01-11 16:25:25.958458 INFO::Fitting model to feature number 1072, MGYG000327349
2026-01-11 16:25:25.971244 INFO::Fitting model to feature number 1073, Parabacteroides johnsonii
2026-01-11 16:25:25.979882 INFO::Fitting model to feature number 1074, Parabacteroides sp910577325
2026-01-11 16:25:25.993727 INFO::Fitting model to feature number 1075, Bacteroides faecis
2026-01-11 16:25:26.004957 INFO::Fitting model to feature number 1076, Bacteroides bouchesdurhonensis
2026-01-11 16:25:26.015269 INFO::Fitting model to feature number 1077, Bacteroides ovatus
2026-01-11 16:25:26.027455 INFO::Fitting model to feature number 1078, Bacteroides caccae
2026-01-11 16:25:26.039617 INFO::Fitting model to feature number 1079, MGYG000325504
2026-01-11 16:25:26.051877 INFO::Fitting model to feature number 1080, Bacteroides salyersiae
2026-01-11 16:25:26.06104 INFO::Fitting model to feature number 1081, Bacteroides stercorirosoris
2026-01-11 16:25:26.074096 INFO::Fitting model to feature number 1082, MGYG000325502
2026-01-11 16:25:26.087579 INFO::Fitting model to feature number 1083, Prevotella pectinovora
2026-01-11 16:25:26.099567 INFO::Fitting model to feature number 1084, MGYG000325596
2026-01-11 16:25:26.112144 INFO::Fitting model to feature number 1085, Tidjanibacter sp910577285
2026-01-11 16:25:26.124295 INFO::Fitting model to feature number 1086, Odoribacter sp910588375
2026-01-11 16:25:26.13279 INFO::Fitting model to feature number 1087, Odoribacter sp910578985
2026-01-11 16:25:26.144813 INFO::Fitting model to feature number 1088, Odoribacter sp009935865
2026-01-11 16:25:26.1586 INFO::Fitting model to feature number 1089, Cryptobacteroides sp000431015
2026-01-11 16:25:26.17149 INFO::Fitting model to feature number 1090, Pullibacteroides sp910578275
2026-01-11 16:25:26.180333 INFO::Fitting model to feature number 1091, MGYG000376875
2026-01-11 16:25:26.192016 INFO::Fitting model to feature number 1092, MGYG000410984
2026-01-11 16:25:26.203388 INFO::Fitting model to feature number 1093, MGYG000329711
2026-01-11 16:25:26.214783 INFO::Fitting model to feature number 1094, Sporofaciens sp910584575
2026-01-11 16:25:26.226598 INFO::Fitting model to feature number 1095, Sporofaciens sp011960625
2026-01-11 16:25:26.237036 INFO::Fitting model to feature number 1096, MD308 sp910579335
2026-01-11 16:25:26.249374 INFO::Fitting model to feature number 1097, 14-2 sp910585625
2026-01-11 16:25:26.261559 INFO::Fitting model to feature number 1098, 14-2 sp910585895
2026-01-11 16:25:26.273227 INFO::Fitting model to feature number 1099, 14-2 sp004793545
2026-01-11 16:25:26.283867 INFO::Fitting model to feature number 1100, 14-2 sp910580195
2026-01-11 16:25:26.294014 INFO::Fitting model to feature number 1101, 14-2 sp910580015
2026-01-11 16:25:26.302873 INFO::Fitting model to feature number 1102, 14-2 sp910585395
2026-01-11 16:25:26.313597 INFO::Fitting model to feature number 1103, 14-2 sp910587895
2026-01-11 16:25:26.323458 INFO::Fitting model to feature number 1104, MGYG000327388
2026-01-11 16:25:26.333558 INFO::Fitting model to feature number 1105, MGYG000410811
2026-01-11 16:25:26.343954 INFO::Fitting model to feature number 1106, MGYG000352925
2026-01-11 16:25:26.355209 INFO::Fitting model to feature number 1107, MGYG000331207
2026-01-11 16:25:26.365347 INFO::Fitting model to feature number 1108, MGYG000328397
2026-01-11 16:25:26.374287 INFO::Fitting model to feature number 1109, 14-2 sp910588965
2026-01-11 16:25:26.381948 INFO::Fitting model to feature number 1110, 14-2 sp910586005
2026-01-11 16:25:26.391283 INFO::Fitting model to feature number 1111, Ventrimonas sp910588875
2026-01-11 16:25:26.399055 INFO::Fitting model to feature number 1112, Ventrimonas sp910586205
2026-01-11 16:25:26.40813 INFO::Fitting model to feature number 1113, Ventrimonas sp910588125
2026-01-11 16:25:26.415768 INFO::Fitting model to feature number 1114, MGYG000329105
2026-01-11 16:25:26.424498 INFO::Fitting model to feature number 1115, Ventrimonas sp022794255
2026-01-11 16:25:26.432352 INFO::Fitting model to feature number 1116, MGYG000432287
2026-01-11 16:25:26.441598 INFO::Fitting model to feature number 1117, Ventrimonas sp910584845
2026-01-11 16:25:26.450313 INFO::Fitting model to feature number 1118, UBA3282 sp910587715
2026-01-11 16:25:26.458678 INFO::Fitting model to feature number 1119, MGYG000411593
2026-01-11 16:25:26.465991 INFO::Fitting model to feature number 1120, MGYG000323128
2026-01-11 16:25:26.474395 INFO::Fitting model to feature number 1121, UBA3282 sp910578645
2026-01-11 16:25:26.481386 INFO::Fitting model to feature number 1122, UBA3282 sp910579735
2026-01-11 16:25:26.489421 INFO::Fitting model to feature number 1123, MGYG000325815
2026-01-11 16:25:26.496412 INFO::Fitting model to feature number 1124, UBA3282 sp910579395
2026-01-11 16:25:26.505419 INFO::Fitting model to feature number 1125, UBA3282 sp009774575
2026-01-11 16:25:26.513157 INFO::Fitting model to feature number 1126, MGYG000329420
2026-01-11 16:25:26.522941 INFO::Fitting model to feature number 1127, MGYG000323012
2026-01-11 16:25:26.530574 INFO::Fitting model to feature number 1128, MGYG000325709
2026-01-11 16:25:26.540955 INFO::Fitting model to feature number 1129, MGYG000325198
2026-01-11 16:25:26.550687 INFO::Fitting model to feature number 1130, UBA3282 sp910578845
2026-01-11 16:25:26.561682 INFO::Fitting model to feature number 1131, UBA3282 sp910588955
2026-01-11 16:25:26.571076 INFO::Fitting model to feature number 1132, MGYG000325450
2026-01-11 16:25:26.578839 INFO::Fitting model to feature number 1133, MGYG000325999
2026-01-11 16:25:26.589706 INFO::Fitting model to feature number 1134, MGYG000411525
2026-01-11 16:25:26.600689 INFO::Fitting model to feature number 1135, MGYG000325558
2026-01-11 16:25:26.612072 INFO::Fitting model to feature number 1136, MGYG000322990
2026-01-11 16:25:26.623655 INFO::Fitting model to feature number 1137, MGYG000330673
2026-01-11 16:25:26.634597 INFO::Fitting model to feature number 1138, MGYG000368565
2026-01-11 16:25:26.646491 INFO::Fitting model to feature number 1139, UBA7109 sp910580235
2026-01-11 16:25:26.658371 INFO::Fitting model to feature number 1140, MGYG000324764
2026-01-11 16:25:26.666538 INFO::Fitting model to feature number 1141, MGYG000324065
2026-01-11 16:25:26.675765 INFO::Fitting model to feature number 1142, Roseburia sp910577925
2026-01-11 16:25:26.6863 INFO::Fitting model to feature number 1143, MGYG000393816
2026-01-11 16:25:26.697448 INFO::Fitting model to feature number 1144, Butyribacter sp910579085
2026-01-11 16:25:26.706559 INFO::Fitting model to feature number 1145, MGYG000329302
2026-01-11 16:25:26.716026 INFO::Fitting model to feature number 1146, MGYG000348373
2026-01-11 16:25:26.726928 INFO::Fitting model to feature number 1147, MGYG000325401
2026-01-11 16:25:26.737896 INFO::Fitting model to feature number 1148, Butyribacter sp910586555
2026-01-11 16:25:26.749854 INFO::Fitting model to feature number 1149, Butyribacter sp910586605
2026-01-11 16:25:26.761454 INFO::Fitting model to feature number 1150, 1XD8-76 sp003611955
2026-01-11 16:25:26.772794 INFO::Fitting model to feature number 1151, 1XD8-76 sp910584915
2026-01-11 16:25:26.781439 INFO::Fitting model to feature number 1152, 1XD8-76 sp022799355
2026-01-11 16:25:26.794231 INFO::Fitting model to feature number 1153, Blautia coccoides
2026-01-11 16:25:26.802962 INFO::Fitting model to feature number 1154, Blautia hominis
2026-01-11 16:25:26.810923 INFO::Fitting model to feature number 1155, MGYG000330300
2026-01-11 16:25:26.819538 INFO::Fitting model to feature number 1156, MGYG000411610
2026-01-11 16:25:26.827652 INFO::Fitting model to feature number 1157, Acetatifactor sp910578215
2026-01-11 16:25:26.836071 INFO::Fitting model to feature number 1158, MGYG000403847
2026-01-11 16:25:26.845104 INFO::Fitting model to feature number 1159, Acetatifactor sp910585665
2026-01-11 16:25:26.854152 INFO::Fitting model to feature number 1160, MGYG000410724
2026-01-11 16:25:26.865995 INFO::Fitting model to feature number 1161, MGYG000329148
2026-01-11 16:25:26.877313 INFO::Fitting model to feature number 1162, MGYG000331408
2026-01-11 16:25:26.88633 INFO::Fitting model to feature number 1163, MGYG000331279
2026-01-11 16:25:26.895716 INFO::Fitting model to feature number 1164, Acetatifactor sp910584375
2026-01-11 16:25:26.904269 INFO::Fitting model to feature number 1165, MGYG000345025
2026-01-11 16:25:26.913418 INFO::Fitting model to feature number 1166, Acetatifactor sp910586435
2026-01-11 16:25:26.924704 INFO::Fitting model to feature number 1167, MGYG000330154
2026-01-11 16:25:26.93444 INFO::Fitting model to feature number 1168, MGYG000327196
2026-01-11 16:25:26.948763 INFO::Fitting model to feature number 1169, Acetatifactor sp910586215
2026-01-11 16:25:26.961436 INFO::Fitting model to feature number 1170, Acetatifactor sp011959105
2026-01-11 16:25:26.975967 INFO::Fitting model to feature number 1171, Acetatifactor sp910586515
2026-01-11 16:25:26.988337 INFO::Fitting model to feature number 1172, MGYG000325688
2026-01-11 16:25:27.00083 INFO::Fitting model to feature number 1173, MGYG000325419
2026-01-11 16:25:27.012477 INFO::Fitting model to feature number 1174, Acetatifactor sp910585015
2026-01-11 16:25:27.025192 INFO::Fitting model to feature number 1175, Acetatifactor sp910577665
2026-01-11 16:25:27.039089 INFO::Fitting model to feature number 1176, MGYG000329799
2026-01-11 16:25:27.051858 INFO::Fitting model to feature number 1177, Acetatifactor sp910588225
2026-01-11 16:25:27.109684 INFO::Fitting model to feature number 1178, MGYG000410939
2026-01-11 16:25:27.118304 INFO::Fitting model to feature number 1179, MGYG000327533
2026-01-11 16:25:27.12703 INFO::Fitting model to feature number 1180, Acetatifactor sp022797535
2026-01-11 16:25:27.134954 INFO::Fitting model to feature number 1181, MGYG000329051
2026-01-11 16:25:27.143567 INFO::Fitting model to feature number 1182, MGYG000324774
2026-01-11 16:25:27.154495 INFO::Fitting model to feature number 1183, Lachnospira sp910587485
2026-01-11 16:25:27.163006 INFO::Fitting model to feature number 1184, Anaerostipes caccae
2026-01-11 16:25:27.174294 INFO::Fitting model to feature number 1185, 1XD42-69 sp910585825
2026-01-11 16:25:27.182753 INFO::Fitting model to feature number 1186, 1XD42-69 sp910586725
2026-01-11 16:25:27.193265 INFO::Fitting model to feature number 1187, 1XD42-69 sp910586355
2026-01-11 16:25:27.201925 INFO::Fitting model to feature number 1188, 1XD42-69 sp910589105
2026-01-11 16:25:27.214275 INFO::Fitting model to feature number 1189, MGYG000327486
2026-01-11 16:25:27.226158 INFO::Fitting model to feature number 1190, MGYG000331229
2026-01-11 16:25:27.23817 INFO::Fitting model to feature number 1191, UBA3402 sp910588505
2026-01-11 16:25:27.250436 INFO::Fitting model to feature number 1192, UBA3402 sp022792815
2026-01-11 16:25:27.262887 INFO::Fitting model to feature number 1193, UBA3402 sp910579515
2026-01-11 16:25:27.275862 INFO::Fitting model to feature number 1194, MGYG000410806
2026-01-11 16:25:27.289074 INFO::Fitting model to feature number 1195, MGYG000324300
2026-01-11 16:25:27.300951 INFO::Fitting model to feature number 1196, MGYG000324807
2026-01-11 16:25:27.312565 INFO::Fitting model to feature number 1197, MGYG000327237
2026-01-11 16:25:27.324541 INFO::Fitting model to feature number 1198, MGYG000327181
2026-01-11 16:25:27.335056 INFO::Fitting model to feature number 1199, CAG-95 sp910577445
2026-01-11 16:25:27.345799 INFO::Fitting model to feature number 1200, CAG-95 sp002492465
2026-01-11 16:25:27.357855 INFO::Fitting model to feature number 1201, CAG-95 sp910587305
2026-01-11 16:25:27.367572 INFO::Fitting model to feature number 1202, CAG-95 sp910587295
2026-01-11 16:25:27.37779 INFO::Fitting model to feature number 1203, MGYG000410955
2026-01-11 16:25:27.389311 INFO::Fitting model to feature number 1204, MGYG000325519
2026-01-11 16:25:27.40016 INFO::Fitting model to feature number 1205, MGYG000325286
2026-01-11 16:25:27.410988 INFO::Fitting model to feature number 1206, CAG-95 sp000403495
2026-01-11 16:25:27.419816 INFO::Fitting model to feature number 1207, CAG-95 sp014804245
2026-01-11 16:25:27.42786 INFO::Fitting model to feature number 1208, MGYG000330445
2026-01-11 16:25:27.436725 INFO::Fitting model to feature number 1209, COE1 sp014239155
2026-01-11 16:25:27.448193 INFO::Fitting model to feature number 1210, MGYG000325661
2026-01-11 16:25:27.461295 INFO::Fitting model to feature number 1211, COE1 sp011959805
2026-01-11 16:25:27.474875 INFO::Fitting model to feature number 1212, COE1 sp009774245
2026-01-11 16:25:27.48764 INFO::Fitting model to feature number 1213, MGYG000325434
2026-01-11 16:25:27.497827 INFO::Fitting model to feature number 1214, COE1 sp910577115
2026-01-11 16:25:27.508257 INFO::Fitting model to feature number 1215, COE1 sp000403215
2026-01-11 16:25:27.517282 INFO::Fitting model to feature number 1216, COE1 sp910588595
2026-01-11 16:25:27.529384 INFO::Fitting model to feature number 1217, MGYG000325380
2026-01-11 16:25:27.54122 INFO::Fitting model to feature number 1218, MGYG000328561
2026-01-11 16:25:27.552138 INFO::Fitting model to feature number 1219, COE1 sp910578795
2026-01-11 16:25:27.561843 INFO::Fitting model to feature number 1220, COE1 sp003513705
2026-01-11 16:25:27.574615 INFO::Fitting model to feature number 1221, Eubacterium_F sp910577295
2026-01-11 16:25:27.583674 INFO::Fitting model to feature number 1222, Eubacterium_F sp910584065
2026-01-11 16:25:27.595864 INFO::Fitting model to feature number 1223, Eubacterium_F sp910584245
2026-01-11 16:25:27.605421 INFO::Fitting model to feature number 1224, Eubacterium_F sp910584645
2026-01-11 16:25:27.616431 INFO::Fitting model to feature number 1225, MGYG000327551
2026-01-11 16:25:27.625296 INFO::Fitting model to feature number 1226, VSOB01 sp910585345
2026-01-11 16:25:27.6332 INFO::Fitting model to feature number 1227, VSOB01 sp910589075
2026-01-11 16:25:27.644001 INFO::Fitting model to feature number 1228, Merdisoma sp910587955
2026-01-11 16:25:27.655025 INFO::Fitting model to feature number 1229, MGYG000331110
2026-01-11 16:25:27.665489 INFO::Fitting model to feature number 1230, Eubacterium_J plexicaudatum
2026-01-11 16:25:27.676653 INFO::Fitting model to feature number 1231, Eubacterium_J sp910586445
2026-01-11 16:25:27.687425 INFO::Fitting model to feature number 1232, Eubacterium_J sp910577225
2026-01-11 16:25:27.698066 INFO::Fitting model to feature number 1233, Eubacterium_J sp009774535
2026-01-11 16:25:27.708781 INFO::Fitting model to feature number 1234, Eubacterium_J sp910586225
2026-01-11 16:25:27.717885 INFO::Fitting model to feature number 1235, Eubacterium_J sp910584345
2026-01-11 16:25:27.726723 INFO::Fitting model to feature number 1236, MGYG000327547
2026-01-11 16:25:27.738094 INFO::Fitting model to feature number 1237, MGYG000325711
2026-01-11 16:25:27.747543 INFO::Fitting model to feature number 1238, MGYG000324920
2026-01-11 16:25:27.758244 INFO::Fitting model to feature number 1239, Eubacterium_J sp910586045
2026-01-11 16:25:27.767106 INFO::Fitting model to feature number 1240, MGYG000331263
2026-01-11 16:25:27.775992 INFO::Fitting model to feature number 1241, Kineothrix sp910579645
2026-01-11 16:25:27.785896 INFO::Fitting model to feature number 1242, Kineothrix sp023399455
2026-01-11 16:25:27.795047 INFO::Fitting model to feature number 1243, Kineothrix sp910578405
2026-01-11 16:25:27.803621 INFO::Fitting model to feature number 1244, MGBC164599 sp910584115
2026-01-11 16:25:27.812175 INFO::Fitting model to feature number 1245, MGYG000330773
2026-01-11 16:25:27.819871 INFO::Fitting model to feature number 1246, MGYG000323038
2026-01-11 16:25:27.827239 INFO::Fitting model to feature number 1247, Caccovicinus sp910589195
2026-01-11 16:25:27.834064 INFO::Fitting model to feature number 1248, Copromonas sp910585355
2026-01-11 16:25:27.842727 INFO::Fitting model to feature number 1249, MGYG000329350
2026-01-11 16:25:27.849757 INFO::Fitting model to feature number 1250, Copromonas sp900066535
2026-01-11 16:25:27.857748 INFO::Fitting model to feature number 1251, MGYG000346909
2026-01-11 16:25:27.864638 INFO::Fitting model to feature number 1252, Eisenbergiella porci
2026-01-11 16:25:27.872692 INFO::Fitting model to feature number 1253, MGYG000379181
2026-01-11 16:25:27.879575 INFO::Fitting model to feature number 1254, CAG-510 sp910578335
2026-01-11 16:25:27.88746 INFO::Fitting model to feature number 1255, CAG-510 sp910577015
2026-01-11 16:25:27.894562 INFO::Fitting model to feature number 1256, MGYG000325414
2026-01-11 16:25:27.901307 INFO::Fitting model to feature number 1257, MGYG000328974
2026-01-11 16:25:27.909385 INFO::Fitting model to feature number 1258, MGYG000329478
2026-01-11 16:25:27.916532 INFO::Fitting model to feature number 1259, SIG307 sp910577175
2026-01-11 16:25:27.924896 INFO::Fitting model to feature number 1260, Clostridium_Q symbiosum
2026-01-11 16:25:27.934286 INFO::Fitting model to feature number 1261, Clostridium_Q sp009911305
2026-01-11 16:25:27.94285 INFO::Fitting model to feature number 1262, Enterocloster bolteae
2026-01-11 16:25:27.951376 INFO::Fitting model to feature number 1263, MGYG000330164
2026-01-11 16:25:27.962595 INFO::Fitting model to feature number 1264, MGYG000323607
2026-01-11 16:25:27.972188 INFO::Fitting model to feature number 1265, RGIG4057 sp910577675
2026-01-11 16:25:27.979752 INFO::Fitting model to feature number 1266, RGIG8607 sp910588535
2026-01-11 16:25:27.987811 INFO::Fitting model to feature number 1267, MGBC131033 sp910585655
2026-01-11 16:25:27.99611 INFO::Fitting model to feature number 1268, MGYG000409986
2026-01-11 16:25:28.004215 INFO::Fitting model to feature number 1269, MGYG000323124
2026-01-11 16:25:28.012989 INFO::Fitting model to feature number 1270, MGYG000327294
2026-01-11 16:25:28.022817 INFO::Fitting model to feature number 1271, RUG115 sp910578885
2026-01-11 16:25:28.031745 INFO::Fitting model to feature number 1272, MGYG000410396
2026-01-11 16:25:28.041239 INFO::Fitting model to feature number 1273, RGIG7193 sp910586125
2026-01-11 16:25:28.04863 INFO::Fitting model to feature number 1274, Agathobacter sp910587655
2026-01-11 16:25:28.056359 INFO::Fitting model to feature number 1275, MGYG000410161
2026-01-11 16:25:28.063428 INFO::Fitting model to feature number 1276, MGYG000327199
2026-01-11 16:25:28.070787 INFO::Fitting model to feature number 1277, RGIG3040 sp910585715
2026-01-11 16:25:28.077953 INFO::Fitting model to feature number 1278, Butyrivibrio_A sp000431815
2026-01-11 16:25:28.08476 INFO::Fitting model to feature number 1279, MGYG000325389
2026-01-11 16:25:28.092494 INFO::Fitting model to feature number 1280, CAG-303 sp910577835
2026-01-11 16:25:28.099093 INFO::Fitting model to feature number 1281, CAG-303 sp910584685
2026-01-11 16:25:28.106665 INFO::Fitting model to feature number 1282, MGYG000327534
2026-01-11 16:25:28.113242 INFO::Fitting model to feature number 1283, An181 sp910585545
2026-01-11 16:25:28.120666 INFO::Fitting model to feature number 1284, RGIG3002 sp910579805
2026-01-11 16:25:28.130257 INFO::Fitting model to feature number 1285, MGYG000323516
2026-01-11 16:25:28.140349 INFO::Fitting model to feature number 1286, MGBC120314 sp910584325
2026-01-11 16:25:28.148085 INFO::Fitting model to feature number 1287, CAG-632 sp910587045
2026-01-11 16:25:28.15651 INFO::Fitting model to feature number 1288, MGBC136627 sp910585935
2026-01-11 16:25:28.164565 INFO::Fitting model to feature number 1289, MGBC165282 sp910589265
2026-01-11 16:25:28.175082 INFO::Fitting model to feature number 1290, Mediterraneibacter_A sp022790755
2026-01-11 16:25:28.185312 INFO::Fitting model to feature number 1291, Hungatella effluvii
2026-01-11 16:25:28.196867 INFO::Fitting model to feature number 1292, Mobilitalea sp023395555
2026-01-11 16:25:28.20774 INFO::Fitting model to feature number 1293, Fusicatenibacter saccharivorans
2026-01-11 16:25:28.219295 INFO::Fitting model to feature number 1294, CAG-411 sp014799595
2026-01-11 16:25:28.229822 INFO::Fitting model to feature number 1295, MGYG000323744
2026-01-11 16:25:28.240765 INFO::Fitting model to feature number 1296, MGBC143606 sp910587935
2026-01-11 16:25:28.252075 INFO::Fitting model to feature number 1297, Ruminococcus_B gnavus
2026-01-11 16:25:28.263048 INFO::Fitting model to feature number 1298, Frisingicoccus caecimuris
2026-01-11 16:25:28.273596 INFO::Fitting model to feature number 1299, Lawsonibacter sp900066645
2026-01-11 16:25:28.281568 INFO::Fitting model to feature number 1300, MGYG000327494
2026-01-11 16:25:28.293372 INFO::Fitting model to feature number 1301, MGYG000325423
2026-01-11 16:25:28.305648 INFO::Fitting model to feature number 1302, Dysosmobacter sp022797935
2026-01-11 16:25:28.316418 INFO::Fitting model to feature number 1303, MGYG000327261
2026-01-11 16:25:28.327103 INFO::Fitting model to feature number 1304, Dysosmobacter sp910588005
2026-01-11 16:25:28.338148 INFO::Fitting model to feature number 1305, Dysosmobacter sp001916835
2026-01-11 16:25:28.349111 INFO::Fitting model to feature number 1306, Dysosmobacter sp910585165
2026-01-11 16:25:28.359296 INFO::Fitting model to feature number 1307, MGYG000329398
2026-01-11 16:25:28.367236 INFO::Fitting model to feature number 1308, MGYG000322989
2026-01-11 16:25:28.37595 INFO::Fitting model to feature number 1309, MGYG000323872
2026-01-11 16:25:28.38334 INFO::Fitting model to feature number 1310, Pelethomonas sp022797115
2026-01-11 16:25:28.391705 INFO::Fitting model to feature number 1311, Pelethomonas sp910584045
2026-01-11 16:25:28.403229 INFO::Fitting model to feature number 1312, MGYG000325682
2026-01-11 16:25:28.414941 INFO::Fitting model to feature number 1313, MGYG000329870
2026-01-11 16:25:28.427231 INFO::Fitting model to feature number 1314, MGYG000409933
2026-01-11 16:25:28.436744 INFO::Fitting model to feature number 1315, MGYG000325610
2026-01-11 16:25:28.447122 INFO::Fitting model to feature number 1316, Faecousia sp900544705
2026-01-11 16:25:28.455501 INFO::Fitting model to feature number 1317, MGYG000327369
2026-01-11 16:25:28.46315 INFO::Fitting model to feature number 1318, MGYG000327333
2026-01-11 16:25:28.472059 INFO::Fitting model to feature number 1319, Marseille-P3106 sp905219705
2026-01-11 16:25:28.481147 INFO::Fitting model to feature number 1320, Marseille-P3106 sp910577415
2026-01-11 16:25:28.49173 INFO::Fitting model to feature number 1321, MGYG000329177
2026-01-11 16:25:28.502476 INFO::Fitting model to feature number 1322, HGM13010 sp022800755
2026-01-11 16:25:28.513078 INFO::Fitting model to feature number 1323, Flavonifractor plautii
2026-01-11 16:25:28.523442 INFO::Fitting model to feature number 1324, Intestinimonas butyriciproducens
2026-01-11 16:25:28.534096 INFO::Fitting model to feature number 1325, MGBC124762 sp910579775
2026-01-11 16:25:28.545627 INFO::Fitting model to feature number 1326, MGYG000329700
2026-01-11 16:25:28.558774 INFO::Fitting model to feature number 1327, MGYG000323009
2026-01-11 16:25:28.566658 INFO::Fitting model to feature number 1328, MGYG000326780
2026-01-11 16:25:28.575123 INFO::Fitting model to feature number 1329, MGYG000329402
2026-01-11 16:25:28.582715 INFO::Fitting model to feature number 1330, MGYG000411571
2026-01-11 16:25:28.591959 INFO::Fitting model to feature number 1331, MGYG000356933
2026-01-11 16:25:28.599771 INFO::Fitting model to feature number 1332, MGYG000376485
2026-01-11 16:25:28.608614 INFO::Fitting model to feature number 1333, Fimivicinus sp900544375
2026-01-11 16:25:28.616217 INFO::Fitting model to feature number 1334, Ruminococcus_E sp910585865
2026-01-11 16:25:28.624922 INFO::Fitting model to feature number 1335, MGYG000360413
2026-01-11 16:25:28.632512 INFO::Fitting model to feature number 1336, Ruthenibacterium lactatiformans
2026-01-11 16:25:28.642033 INFO::Fitting model to feature number 1337, MGYG000410556
2026-01-11 16:25:28.649727 INFO::Fitting model to feature number 1338, MGYG000410798
2026-01-11 16:25:28.658861 INFO::Fitting model to feature number 1339, MGYG000327515
2026-01-11 16:25:28.670087 INFO::Fitting model to feature number 1340, MGYG000325568
2026-01-11 16:25:28.681454 INFO::Fitting model to feature number 1341, MGYG000325411
2026-01-11 16:25:28.693041 INFO::Fitting model to feature number 1342, MGYG000328314
2026-01-11 16:25:28.701385 INFO::Fitting model to feature number 1343, CAG-115 sp910587135
2026-01-11 16:25:28.712151 INFO::Fitting model to feature number 1344, CAG-115 sp910577365
2026-01-11 16:25:28.723135 INFO::Fitting model to feature number 1345, CAG-115 sp910587465
2026-01-11 16:25:28.735032 INFO::Fitting model to feature number 1346, Faecalibacterium sp900539945
2026-01-11 16:25:28.746141 INFO::Fitting model to feature number 1347, Faecalibacterium longum
2026-01-11 16:25:28.757826 INFO::Fitting model to feature number 1348, MGYG000325416
2026-01-11 16:25:28.76733 INFO::Fitting model to feature number 1349, UBA7177 sp910579545
2026-01-11 16:25:28.776088 INFO::Fitting model to feature number 1350, UBA7177 sp910578965
2026-01-11 16:25:28.785157 INFO::Fitting model to feature number 1351, Neobittarella massiliensis
2026-01-11 16:25:28.795686 INFO::Fitting model to feature number 1352, Gemmiger formicilis
2026-01-11 16:25:28.804333 INFO::Fitting model to feature number 1353, UBA866 sp022791945
2026-01-11 16:25:28.813473 INFO::Fitting model to feature number 1354, MGYG000410783
2026-01-11 16:25:28.824202 INFO::Fitting model to feature number 1355, MGYG000330170
2026-01-11 16:25:28.83473 INFO::Fitting model to feature number 1356, QXXE01 sp910586105
2026-01-11 16:25:28.844956 INFO::Fitting model to feature number 1357, MGYG000330847
2026-01-11 16:25:28.853444 INFO::Fitting model to feature number 1358, Coproplasma sp910586035
2026-01-11 16:25:28.86256 INFO::Fitting model to feature number 1359, Coproplasma sp910579295
2026-01-11 16:25:28.870454 INFO::Fitting model to feature number 1360, Coproplasma sp910587825
2026-01-11 16:25:28.880384 INFO::Fitting model to feature number 1361, Coproplasma sp910585705
2026-01-11 16:25:28.891362 INFO::Fitting model to feature number 1362, Coproplasma sp910576655
2026-01-11 16:25:28.901284 INFO::Fitting model to feature number 1363, MGYG000410549
2026-01-11 16:25:28.910102 INFO::Fitting model to feature number 1364, Coproplasma sp910577555
2026-01-11 16:25:28.917963 INFO::Fitting model to feature number 1365, Gallimonas sp910586985
2026-01-11 16:25:28.928911 INFO::Fitting model to feature number 1366, Gallimonas sp910586365
2026-01-11 16:25:28.93716 INFO::Fitting model to feature number 1367, Gallimonas sp910589015
2026-01-11 16:25:28.945873 INFO::Fitting model to feature number 1368, Gallimonas sp910586825
2026-01-11 16:25:28.954581 INFO::Fitting model to feature number 1369, Anaerocaecibacter sp910579205
2026-01-11 16:25:28.963032 INFO::Fitting model to feature number 1370, Anaerocaecibacter sp910585055
2026-01-11 16:25:28.974432 INFO::Fitting model to feature number 1371, MGYG000327384
2026-01-11 16:25:28.983275 INFO::Fitting model to feature number 1372, MGBC157735 sp910588155
2026-01-11 16:25:28.993723 INFO::Fitting model to feature number 1373, Pumilibacter sp910579245
2026-01-11 16:25:29.004104 INFO::Fitting model to feature number 1374, UBA11524 sp000437595
2026-01-11 16:25:29.015217 INFO::Fitting model to feature number 1375, MGYG000388556
2026-01-11 16:25:29.025734 INFO::Fitting model to feature number 1376, Zhenpiania sp910583765
2026-01-11 16:25:29.035434 INFO::Fitting model to feature number 1377, VUNA01 sp002299625
2026-01-11 16:25:29.085255 INFO::Fitting model to feature number 1378, Clostridioides difficile
2026-01-11 16:25:29.097562 INFO::Fitting model to feature number 1379, MGYG000369796
2026-01-11 16:25:29.109445 INFO::Fitting model to feature number 1380, MGYG000328055
2026-01-11 16:25:29.122119 INFO::Fitting model to feature number 1381, MGYG000411369
2026-01-11 16:25:29.132745 INFO::Fitting model to feature number 1382, Clostridium sp910588715
2026-01-11 16:25:29.142458 INFO::Fitting model to feature number 1383, CAG-41 sp010206265
2026-01-11 16:25:29.150501 INFO::Fitting model to feature number 1384, Parasutterella excrementihominis
2026-01-11 16:25:29.161518 INFO::Fitting model to feature number 1385, Escherichia coli
2026-01-11 16:25:29.169752 INFO::Fitting model to feature number 1386, Klebsiella michiganensis
2026-01-11 16:25:29.177997 INFO::Fitting model to feature number 1387, MGYG000408998
2026-01-11 16:25:29.185486 INFO::Fitting model to feature number 1388, MGYG000324409
2026-01-11 16:25:29.193968 INFO::Fitting model to feature number 1389, MGYG000366359
2026-01-11 16:25:29.201401 INFO::Fitting model to feature number 1390, MGYG000411437
2026-01-11 16:25:29.211382 INFO::Fitting model to feature number 1391, MGYG000350430
2026-01-11 16:25:29.219362 INFO::Fitting model to feature number 1392, MGYG000346441
2026-01-11 16:25:29.228326 INFO::Fitting model to feature number 1393, MGYG000322940
2026-01-11 16:25:29.235362 INFO::Fitting model to feature number 1394, MGYG000410841
2026-01-11 16:25:29.243428 INFO::Fitting model to feature number 1395, Zag111 sp910584405
2026-01-11 16:25:29.25026 INFO::Fitting model to feature number 1396, Avigastranaerophilus sp910583875
2026-01-11 16:25:29.258089 INFO::Fitting model to feature number 1397, MGBC122484 sp910583725
2026-01-11 16:25:29.264782 INFO::Fitting model to feature number 1398, MGYG000326931
2026-01-11 16:25:29.272506 INFO::Fitting model to feature number 1399, MGYG000405972
2026-01-11 16:25:29.28049 INFO::Fitting model to feature number 1400, MGYG000328795
2026-01-11 16:25:29.289345 INFO::Fitting model to feature number 1401, HGM10857 sp910578745
2026-01-11 16:25:29.299138 INFO::Fitting model to feature number 1402, MGYG000410710
2026-01-11 16:25:29.308885 INFO::Fitting model to feature number 1403, Acetatifactor muris
2026-01-11 16:25:29.318184 INFO::Fitting model to feature number 1404, MGYG000325356
2026-01-11 16:25:29.329182 INFO::Fitting model to feature number 1405, MGYG000329400
2026-01-11 16:25:29.337571 INFO::Fitting model to feature number 1406, Coprocola sp910587735
2026-01-11 16:25:29.34546 INFO::Fitting model to feature number 1407, MGYG000387050
2026-01-11 16:25:29.355351 INFO::Fitting model to feature number 1408, MGYG000326286
2026-01-11 16:25:29.363964 INFO::Fitting model to feature number 1409, Ruminococcus sp910576995
2026-01-11 16:25:29.373173 INFO::Fitting model to feature number 1410, Ruminococcus sp910579835
2026-01-11 16:25:29.380748 INFO::Fitting model to feature number 1411, Ruminococcus sp900540005
2026-01-11 16:25:29.389547 INFO::Fitting model to feature number 1412, Ruminococcus sp002362175
2026-01-11 16:25:29.397947 INFO::Fitting model to feature number 1413, Ruminococcus sp910577575
2026-01-11 16:25:29.407535 INFO::Fitting model to feature number 1414, MGYG000410441
2026-01-11 16:25:29.414429 INFO::Fitting model to feature number 1415, MGYG000365643
2026-01-11 16:25:29.421829 INFO::Fitting model to feature number 1416, MGYG000369368
2026-01-11 16:25:29.428739 INFO::Fitting model to feature number 1417, MGYG000330830
2026-01-11 16:25:29.435656 INFO::Fitting model to feature number 1418, MGYG000324069
2026-01-11 16:25:29.443377 INFO::Fitting model to feature number 1419, MGYG000392389
2026-01-11 16:25:29.449904 INFO::Fitting model to feature number 1420, Coproplasma sp910578195
2026-01-11 16:25:29.458925 INFO::Fitting model to feature number 1421, Gallimonas sp910588615
2026-01-11 16:25:29.467221 INFO::Fitting model to feature number 1422, Fimimonas sp910586905
2026-01-11 16:25:29.475754 INFO::Fitting model to feature number 1423, MGYG000329863
2026-01-11 16:25:29.485227 INFO::Fitting model to feature number 1424, Pseudomonas aeruginosa
2026-01-11 16:25:29.494328 INFO::Fitting model to feature number 1425, C-19 sp022799495
2026-01-11 16:25:29.501304 INFO::Fitting model to feature number 1426, MGBC140090 sp910586805
2026-01-11 16:25:29.509477 INFO::Fitting model to feature number 1427, MGYG000337677
2026-01-11 16:25:29.516594 INFO::Fitting model to feature number 1428, Staphylococcus nepalensis
2026-01-11 16:25:29.526979 INFO::Fitting model to feature number 1429, D16-34 sp910588485
2026-01-11 16:25:29.538519 INFO::Fitting model to feature number 1430, UMGS1502 sp900552365
2026-01-11 16:25:29.547176 INFO::Fitting model to feature number 1431, CACZQA01 sp900758075
2026-01-11 16:25:29.558738 INFO::Fitting model to feature number 1432, MGYG000325313
2026-01-11 16:25:29.569159 INFO::Fitting model to feature number 1433, Schaedlerella glycyrrhizinilytica_A
2026-01-11 16:25:29.580255 INFO::Fitting model to feature number 1434, MGYG000322968
2026-01-11 16:25:29.591776 INFO::Fitting model to feature number 1435, Butyribacter sp003612285
2026-01-11 16:25:29.603593 INFO::Fitting model to feature number 1436, Butyribacter sp910580005
2026-01-11 16:25:29.615563 INFO::Fitting model to feature number 1437, MGYG000325492
2026-01-11 16:25:29.627352 INFO::Fitting model to feature number 1438, Acetatifactor sp910578815
2026-01-11 16:25:29.635359 INFO::Fitting model to feature number 1439, Acetatifactor sp910583845
2026-01-11 16:25:29.646776 INFO::Fitting model to feature number 1440, MGYG000328399
2026-01-11 16:25:29.659681 INFO::Fitting model to feature number 1441, Acetatifactor sp910587755
2026-01-11 16:25:29.669221 INFO::Fitting model to feature number 1442, MGYG000329698
2026-01-11 16:25:29.680305 INFO::Fitting model to feature number 1443, CAG-95 sp009774465
2026-01-11 16:25:29.691867 INFO::Fitting model to feature number 1444, MGYG000410124
2026-01-11 16:25:29.703698 INFO::Fitting model to feature number 1445, UBA2882 sp002362385
2026-01-11 16:25:29.716648 INFO::Fitting model to feature number 1446, MGYG000350270
2026-01-11 16:25:29.729991 INFO::Fitting model to feature number 1447, MGYG000411484
2026-01-11 16:25:29.743303 INFO::Fitting model to feature number 1448, 1XD42-69 sp003612565
2026-01-11 16:25:29.755821 INFO::Fitting model to feature number 1449, MGYG000324730
2026-01-11 16:25:29.768211 INFO::Fitting model to feature number 1450, Blautia_A wexlerae
2026-01-11 16:25:29.780966 INFO::Fitting model to feature number 1451, Bariatricus comes
2026-01-11 16:25:29.790708 INFO::Fitting model to feature number 1452, Wujia sp002493625
2026-01-11 16:25:29.798802 INFO::Fitting model to feature number 1453, MGYG000322947
2026-01-11 16:25:29.809649 INFO::Fitting model to feature number 1454, MGYG000322925
2026-01-11 16:25:29.82101 INFO::Fitting model to feature number 1455, MGYG000330643
2026-01-11 16:25:29.832219 INFO::Fitting model to feature number 1456, MGYG000325949
2026-01-11 16:25:29.84318 INFO::Fitting model to feature number 1457, Acutalibacter ornithocaccae
2026-01-11 16:25:29.854249 INFO::Fitting model to feature number 1458, Eubacterium_R sp910577195
2026-01-11 16:25:29.864187 INFO::Fitting model to feature number 1459, Avimonas_A sp022800315
2026-01-11 16:25:29.874066 INFO::Fitting model to feature number 1460, UBA3818 sp904397845
2026-01-11 16:25:29.883083 INFO::Fitting model to feature number 1461, MGYG000354216
2026-01-11 16:25:29.892066 INFO::Fitting model to feature number 1462, MGYG000350425
2026-01-11 16:25:29.899873 INFO::Fitting model to feature number 1463, MGYG000340095
2026-01-11 16:25:29.909275 INFO::Fitting model to feature number 1464, MGYG000336507
2026-01-11 16:25:29.917026 INFO::Fitting model to feature number 1465, Agrobacterium pusense
2026-01-11 16:25:29.927062 INFO::Fitting model to feature number 1466, MGYG000325577
2026-01-11 16:25:29.935188 INFO::Fitting model to feature number 1467, MGYG000325533
2026-01-11 16:25:29.946651 INFO::Fitting model to feature number 1468, MGYG000325757
2026-01-11 16:25:29.958664 INFO::Fitting model to feature number 1469, MGYG000325642
2026-01-11 16:25:29.970509 INFO::Fitting model to feature number 1470, Limisoma sp900544305
2026-01-11 16:25:29.982109 INFO::Fitting model to feature number 1471, MGYG000325491
2026-01-11 16:25:29.991777 INFO::Fitting model to feature number 1472, MGYG000325376
2026-01-11 16:25:30.002897 INFO::Fitting model to feature number 1473, Alistipes putredinis
2026-01-11 16:25:30.014463 INFO::Fitting model to feature number 1474, MGYG000325739
2026-01-11 16:25:30.026164 INFO::Fitting model to feature number 1475, MGYG000325349
2026-01-11 16:25:30.035749 INFO::Fitting model to feature number 1476, MGYG000325640
2026-01-11 16:25:30.04701 INFO::Fitting model to feature number 1477, Alistipes onderdonkii
2026-01-11 16:25:30.056006 INFO::Fitting model to feature number 1478, Alistipes sp003979135
2026-01-11 16:25:30.06865 INFO::Fitting model to feature number 1479, Alistipes sp900541585
2026-01-11 16:25:30.081022 INFO::Fitting model to feature number 1480, Alistipes_A ihumii
2026-01-11 16:25:30.093036 INFO::Fitting model to feature number 1481, Bacteroides eggerthii
2026-01-11 16:25:30.101448 INFO::Fitting model to feature number 1482, Prevotella faecis
2026-01-11 16:25:30.110924 INFO::Fitting model to feature number 1483, Prevotella sp900557405
2026-01-11 16:25:30.12177 INFO::Fitting model to feature number 1484, MGYG000325643
2026-01-11 16:25:30.132953 INFO::Fitting model to feature number 1485, Paraprevotella stercorigallinarum
2026-01-11 16:25:30.144604 INFO::Fitting model to feature number 1486, MGYG000325375
2026-01-11 16:25:30.152594 INFO::Fitting model to feature number 1487, C-19 sp009917405
2026-01-11 16:25:30.160991 INFO::Fitting model to feature number 1488, MGYG000328692
2026-01-11 16:25:30.171197 INFO::Fitting model to feature number 1489, UBA2730 sp022793235
2026-01-11 16:25:30.180307 INFO::Fitting model to feature number 1490, Bacillus licheniformis
2026-01-11 16:25:30.190317 INFO::Fitting model to feature number 1491, Mailhella sp910577155
2026-01-11 16:25:30.201632 INFO::Fitting model to feature number 1492, MGYG000403150
2026-01-11 16:25:30.214124 INFO::Fitting model to feature number 1493, COE1 sp910586405
2026-01-11 16:25:30.223736 INFO::Fitting model to feature number 1494, MGYG000329391
2026-01-11 16:25:30.231405 INFO::Fitting model to feature number 1495, MGYG000327122
2026-01-11 16:25:30.239698 INFO::Fitting model to feature number 1496, Copromonas sp000435795
2026-01-11 16:25:30.248015 INFO::Fitting model to feature number 1497, Kineothrix sp910586275
2026-01-11 16:25:30.257406 INFO::Fitting model to feature number 1498, MGYG000327375
2026-01-11 16:25:30.265153 INFO::Fitting model to feature number 1499, MGYG000331235
2026-01-11 16:25:30.273468 INFO::Fitting model to feature number 1500, MGBC111451 sp910578605
2026-01-11 16:25:30.281555 INFO::Fitting model to feature number 1501, MGYG000411179
2026-01-11 16:25:30.290228 INFO::Fitting model to feature number 1502, Faecalibacterium prausnitzii
2026-01-11 16:25:30.298326 INFO::Fitting model to feature number 1503, MGYG000325383
2026-01-11 16:25:30.307281 INFO::Fitting model to feature number 1504, MGYG000323634
2026-01-11 16:25:30.314887 INFO::Fitting model to feature number 1505, Pumilibacter muris
2026-01-11 16:25:30.323321 INFO::Fitting model to feature number 1506, SFMI01 sp004556155
2026-01-11 16:25:30.331272 INFO::Fitting model to feature number 1507, Escherichia ruysiae
2026-01-11 16:25:30.339746 INFO::Fitting model to feature number 1508, Klebsiella variicola
2026-01-11 16:25:30.347723 INFO::Fitting model to feature number 1509, Citrobacter_A rodentium
2026-01-11 16:25:30.355958 INFO::Fitting model to feature number 1510, Citrobacter_A amalonaticus
2026-01-11 16:25:30.363879 INFO::Fitting model to feature number 1511, MGYG000339089
2026-01-11 16:25:30.373444 INFO::Fitting model to feature number 1512, UBA7185 sp910585405
2026-01-11 16:25:30.381758 INFO::Fitting model to feature number 1513, Helicobacter_D ganmani
2026-01-11 16:25:30.39019 INFO::Fitting model to feature number 1514, Streptococcus danieliae
2026-01-11 16:25:30.398012 INFO::Fitting model to feature number 1515, Streptococcus alactolyticus
2026-01-11 16:25:30.407417 INFO::Fitting model to feature number 1516, MGYG000325510
2026-01-11 16:25:30.415366 INFO::Fitting model to feature number 1517, MGBC107952 sp910578855
2026-01-11 16:25:30.425306 INFO::Fitting model to feature number 1518, MGYG000322996
2026-01-11 16:25:30.436444 INFO::Fitting model to feature number 1519, Niallia sp001076885
2026-01-11 16:25:30.4475 INFO::Fitting model to feature number 1520, MGYG000387335
2026-01-11 16:25:30.459157 INFO::Fitting model to feature number 1521, UBA3282 sp910586615
2026-01-11 16:25:30.470897 INFO::Fitting model to feature number 1522, MGYG000325700
2026-01-11 16:25:30.482225 INFO::Fitting model to feature number 1523, UBA3282 sp910584965
2026-01-11 16:25:30.494105 INFO::Fitting model to feature number 1524, MGYG000325483
2026-01-11 16:25:30.505159 INFO::Fitting model to feature number 1525, MGYG000325802
2026-01-11 16:25:30.517214 INFO::Fitting model to feature number 1526, UBA3282 sp910586705
2026-01-11 16:25:30.529068 INFO::Fitting model to feature number 1527, UBA3282 sp910578715
2026-01-11 16:25:30.538903 INFO::Fitting model to feature number 1528, MGYG000325820
2026-01-11 16:25:30.548935 INFO::Fitting model to feature number 1529, UBA3282 sp910578475
2026-01-11 16:25:30.557931 INFO::Fitting model to feature number 1530, MGYG000325646
2026-01-11 16:25:30.567441 INFO::Fitting model to feature number 1531, MGYG000373306
2026-01-11 16:25:30.578499 INFO::Fitting model to feature number 1532, MGYG000329401
2026-01-11 16:25:30.589214 INFO::Fitting model to feature number 1533, MGYG000327529
2026-01-11 16:25:30.600379 INFO::Fitting model to feature number 1534, MGYG000410713
2026-01-11 16:25:30.612164 INFO::Fitting model to feature number 1535, MGYG000325455
2026-01-11 16:25:30.62436 INFO::Fitting model to feature number 1536, Butyribacter sp910588655
2026-01-11 16:25:30.635779 INFO::Fitting model to feature number 1537, MGYG000330215
2026-01-11 16:25:30.647883 INFO::Fitting model to feature number 1538, Eubacterium_F sp910583555
2026-01-11 16:25:30.659933 INFO::Fitting model to feature number 1539, 14-2 sp910588885
2026-01-11 16:25:30.670959 INFO::Fitting model to feature number 1540, MGYG000325200
2026-01-11 16:25:30.67976 INFO::Fitting model to feature number 1541, MGYG000410031
2026-01-11 16:25:30.687397 INFO::Fitting model to feature number 1542, COE1 sp910588755
2026-01-11 16:25:30.695783 INFO::Fitting model to feature number 1543, COE1 sp910585765
2026-01-11 16:25:30.703432 INFO::Fitting model to feature number 1544, COE1 sp009774375
2026-01-11 16:25:30.713914 INFO::Fitting model to feature number 1545, MGYG000324875
2026-01-11 16:25:30.723081 INFO::Fitting model to feature number 1546, MGYG000328347
2026-01-11 16:25:30.731067 INFO::Fitting model to feature number 1547, MGYG000331069
2026-01-11 16:25:30.741423 INFO::Fitting model to feature number 1548, MGYG000330172
2026-01-11 16:25:30.749413 INFO::Fitting model to feature number 1549, CAG-510 sp003979355
2026-01-11 16:25:30.75874 INFO::Fitting model to feature number 1550, RGIG4057 sp910585065
2026-01-11 16:25:30.766174 INFO::Fitting model to feature number 1551, CAG-603 sp022794265
2026-01-11 16:25:30.774953 INFO::Fitting model to feature number 1552, MGYG000325692
2026-01-11 16:25:30.782058 INFO::Fitting model to feature number 1553, MGYG000328520
2026-01-11 16:25:30.789698 INFO::Fitting model to feature number 1554, MGYG000325327
2026-01-11 16:25:30.797163 INFO::Fitting model to feature number 1555, UBA7050 sp003979345
2026-01-11 16:25:30.805047 INFO::Fitting model to feature number 1556, MGYG000325605
2026-01-11 16:25:30.812924 INFO::Fitting model to feature number 1557, MGBC140009 sp910586015
2026-01-11 16:25:30.821003 INFO::Fitting model to feature number 1558, MGYG000327466
2026-01-11 16:25:30.830334 INFO::Fitting model to feature number 1559, Clostridium_AP sp000509125
2026-01-11 16:25:30.83826 INFO::Fitting model to feature number 1560, MGYG000329308
2026-01-11 16:25:30.847523 INFO::Fitting model to feature number 1561, MGYG000410975
2026-01-11 16:25:30.855593 INFO::Fitting model to feature number 1562, Dysosmobacter welbionis
2026-01-11 16:25:30.863209 INFO::Fitting model to feature number 1563, MGYG000360335
2026-01-11 16:25:30.871007 INFO::Fitting model to feature number 1564, MGYG000329306
2026-01-11 16:25:30.881034 INFO::Fitting model to feature number 1565, Avispirillum sp910586545
2026-01-11 16:25:30.892019 INFO::Fitting model to feature number 1566, Anaerocaecibacter sp910586925
2026-01-11 16:25:30.903719 INFO::Fitting model to feature number 1567, Anaerocaecibacter sp910577995
2026-01-11 16:25:30.915156 INFO::Fitting model to feature number 1568, MGBC157735 sp910585955
2026-01-11 16:25:30.926558 INFO::Fitting model to feature number 1569, Pumilibacter sp910587595
2026-01-11 16:25:30.937429 INFO::Fitting model to feature number 1570, Protoclostridium sp910587025
2026-01-11 16:25:30.948224 INFO::Fitting model to feature number 1571, Coproplasma sp910587625
2026-01-11 16:25:30.956501 INFO::Fitting model to feature number 1572, Coproplasma sp910579705
2026-01-11 16:25:30.964574 INFO::Fitting model to feature number 1573, Lentihominibacter faecis
2026-01-11 16:25:30.973132 INFO::Fitting model to feature number 1574, MGYG000324400
2026-01-11 16:25:30.981219 INFO::Fitting model to feature number 1575, MGYG000357081
2026-01-11 16:25:31.03768 INFO::Fitting model to feature number 1576, Leuconostoc citreum
2026-01-11 16:25:31.047893 INFO::Fitting model to feature number 1577, Enterococcus_E cecorum
2026-01-11 16:25:31.060034 INFO::Fitting model to feature number 1578, MGYG000410809
2026-01-11 16:25:31.071253 INFO::Fitting model to feature number 1579, Anaerotardibacter sp000434775
2026-01-11 16:25:31.082893 INFO::Fitting model to feature number 1580, MGYG000325716
2026-01-11 16:25:31.094851 INFO::Fitting model to feature number 1581, Bacteroides fragilis
2026-01-11 16:25:31.104321 INFO::Fitting model to feature number 1582, Eubacterium_F sp910589595
2026-01-11 16:25:31.117075 INFO::Fitting model to feature number 1583, Acetatifactor sp910584435
2026-01-11 16:25:31.128789 INFO::Fitting model to feature number 1584, Butyribacter sp003611745
2026-01-11 16:25:31.137241 INFO::Fitting model to feature number 1585, MGYG000410930
2026-01-11 16:25:31.148673 INFO::Fitting model to feature number 1586, MGYG000410149
2026-01-11 16:25:31.157421 INFO::Fitting model to feature number 1587, MGYG000328377
2026-01-11 16:25:31.168155 INFO::Fitting model to feature number 1588, MGYG000324606
2026-01-11 16:25:31.180344 INFO::Fitting model to feature number 1589, Dorea_A longicatena
2026-01-11 16:25:31.191224 INFO::Fitting model to feature number 1590, MGYG000323390
2026-01-11 16:25:31.200722 INFO::Fitting model to feature number 1591, CALWPV01 sp022794035
2026-01-11 16:25:31.210881 INFO::Fitting model to feature number 1592, Dysosmobacter sp900763685
2026-01-11 16:25:31.220292 INFO::Fitting model to feature number 1593, Evtepia sp004556345
2026-01-11 16:25:31.230542 INFO::Fitting model to feature number 1594, Evtepia gabavorous
2026-01-11 16:25:31.23903 INFO::Fitting model to feature number 1595, MGYG000387732
2026-01-11 16:25:31.248938 INFO::Fitting model to feature number 1596, Avoscillospira_A sp022795735
2026-01-11 16:25:31.257064 INFO::Fitting model to feature number 1597, Eubacterium_R sp009774735
2026-01-11 16:25:31.264942 INFO::Fitting model to feature number 1598, MGYG000325665
2026-01-11 16:25:31.27339 INFO::Fitting model to feature number 1599, Eubacterium_R sp910584985
2026-01-11 16:25:31.281842 INFO::Fitting model to feature number 1600, Eubacterium_R sp910577215
2026-01-11 16:25:31.290473 INFO::Fitting model to feature number 1601, MGYG000325451
2026-01-11 16:25:31.298822 INFO::Fitting model to feature number 1602, MGYG000403628
2026-01-11 16:25:31.307513 INFO::Fitting model to feature number 1603, MGYG000327108
2026-01-11 16:25:31.31576 INFO::Fitting model to feature number 1604, Bittarella massiliensis
2026-01-11 16:25:31.325222 INFO::Fitting model to feature number 1605, MGYG000327115
2026-01-11 16:25:31.333994 INFO::Fitting model to feature number 1606, MGYG000358052
2026-01-11 16:25:31.34331 INFO::Fitting model to feature number 1607, MGYG000325728
2026-01-11 16:25:31.351188 INFO::Fitting model to feature number 1608, MGYG000325324
2026-01-11 16:25:31.359959 INFO::Fitting model to feature number 1609, MGYG000325708
2026-01-11 16:25:31.368056 INFO::Fitting model to feature number 1610, MGYG000410978
2026-01-11 16:25:31.377728 INFO::Fitting model to feature number 1611, MGYG000329907
2026-01-11 16:25:31.385739 INFO::Fitting model to feature number 1612, MGYG000411499
2026-01-11 16:25:31.39672 INFO::Fitting model to feature number 1613, QAKD01 sp022793975
2026-01-11 16:25:31.408424 INFO::Fitting model to feature number 1614, Reyranella aquatilis
2026-01-11 16:25:31.419948 INFO::Fitting model to feature number 1615, MGYG000339341
2026-01-11 16:25:31.432147 INFO::Fitting model to feature number 1616, Collinsella bouchesdurhonensis
2026-01-11 16:25:31.443259 INFO::Fitting model to feature number 1617, Desulfovibrio sp900319575
2026-01-11 16:25:31.455453 INFO::Fitting model to feature number 1618, MGYG000325614
2026-01-11 16:25:31.465049 INFO::Fitting model to feature number 1619, Dielma fastidiosa
2026-01-11 16:25:31.47361 INFO::Fitting model to feature number 1620, UBA1067 sp902788415
2026-01-11 16:25:31.484829 INFO::Fitting model to feature number 1621, UBA3282 sp910578555
2026-01-11 16:25:31.496743 INFO::Fitting model to feature number 1622, MGYG000330584
2026-01-11 16:25:31.509277 INFO::Fitting model to feature number 1623, MGYG000410602
2026-01-11 16:25:31.517905 INFO::Fitting model to feature number 1624, Howiella sp022791355
2026-01-11 16:25:31.527097 INFO::Fitting model to feature number 1625, QXXE01 sp910589115
2026-01-11 16:25:31.5349 INFO::Fitting model to feature number 1626, Anaerocaecibacter sp910587805
2026-01-11 16:25:31.544702 INFO::Fitting model to feature number 1627, Ventricola sp900542395
2026-01-11 16:25:31.552976 INFO::Fitting model to feature number 1628, MGYG000376566
2026-01-11 16:25:31.564685 INFO::Fitting model to feature number 1629, CAG-267 sp910576955
2026-01-11 16:25:31.57465 INFO::Fitting model to feature number 1630, MGYG000335208
2026-01-11 16:25:31.586584 INFO::Fitting model to feature number 1631, MGYG000326756
2026-01-11 16:25:31.598955 INFO::Fitting model to feature number 1632, Longicatena caecimuris
2026-01-11 16:25:31.609904 INFO::Fitting model to feature number 1633, MGYG000324718
2026-01-11 16:25:31.618898 INFO::Fitting model to feature number 1634, MGYG000326954
2026-01-11 16:25:31.627819 INFO::Fitting model to feature number 1635, Coproplasma sp910578655
2026-01-11 16:25:31.637154 INFO::Fitting model to feature number 1636, Parabacteroides faecavium
2026-01-11 16:25:31.645941 INFO::Fitting model to feature number 1637, MGYG000325474
2026-01-11 16:25:31.653682 INFO::Fitting model to feature number 1638, Gallimonas sp910588465
2026-01-11 16:25:31.662223 INFO::Fitting model to feature number 1639, Ralstonia pickettii_B
2026-01-11 16:25:31.669963 INFO::Fitting model to feature number 1640, MGYG000327731
2026-01-11 16:25:31.678687 INFO::Fitting model to feature number 1641, MGYG000325340
2026-01-11 16:25:31.685739 INFO::Fitting model to feature number 1642, MGYG000325552
2026-01-11 16:25:31.694005 INFO::Fitting model to feature number 1643, VSOB01 sp910585205
2026-01-11 16:25:31.703876 INFO::Fitting model to feature number 1644, MGYG000330463
2026-01-11 16:25:31.714728 INFO::Fitting model to feature number 1645, Robinsoniella sp900555455
2026-01-11 16:25:31.723655 INFO::Fitting model to feature number 1646, Lawsonibacter asaccharolyticus
2026-01-11 16:25:31.735055 INFO::Fitting model to feature number 1647, Enterenecus sp932222125
2026-01-11 16:25:31.746035 INFO::Fitting model to feature number 1648, MGYG000330031
2026-01-11 16:25:31.757831 INFO::Fitting model to feature number 1649, CAG-170 sp900553545
2026-01-11 16:25:31.769169 INFO::Fitting model to feature number 1650, Oscillibacter sp002455655
2026-01-11 16:25:31.781422 INFO::Fitting model to feature number 1651, Harryflintia sp022792175
2026-01-11 16:25:31.790779 INFO::Fitting model to feature number 1652, Fimimonas sp910586625
2026-01-11 16:25:31.800086 INFO::Fitting model to feature number 1653, MGYG000344714
2026-01-11 16:25:31.811322 INFO::Fitting model to feature number 1654, MGYG000324647
2026-01-11 16:25:31.822422 INFO::Fitting model to feature number 1655, MGYG000377617
2026-01-11 16:25:31.834324 INFO::Fitting model to feature number 1656, Cryptobacteroides sp000434935
2026-01-11 16:25:31.846448 INFO::Fitting model to feature number 1657, MGYG000323975
2026-01-11 16:25:31.857835 INFO::Fitting model to feature number 1658, Klebsiella pneumoniae
2026-01-11 16:25:31.86737 INFO::Fitting model to feature number 1659, Citrobacter_A sedlakii
2026-01-11 16:25:31.879558 INFO::Fitting model to feature number 1660, Proteus faecis
2026-01-11 16:25:31.890674 INFO::Fitting model to feature number 1661, RUG572 sp900547945
2026-01-11 16:25:32.338786 INFO::Counting total values for each feature
2026-01-11 16:25:32.525605 INFO::Re-running abundances for warn_prevalence
2026-01-11 16:25:32.527231 INFO::Running selected normalization method: TSS
2026-01-11 16:25:32.602385 INFO::Running selected transform method: LOG
2026-01-11 16:25:32.632894 DEBUG::Object: augment, Size: 56
2026-01-11 16:25:32.633655 DEBUG::Object: cluster, Size: 0
2026-01-11 16:25:32.634393 DEBUG::Object: cores, Size: 56
2026-01-11 16:25:32.635095 DEBUG::Object: correction, Size: 112
2026-01-11 16:25:32.635821 DEBUG::Object: extract_out, Size: 1696
2026-01-11 16:25:32.636497 DEBUG::Object: feature_specific_covariate, Size: 0
2026-01-11 16:25:32.637043 DEBUG::Object: feature_specific_covariate_name, Size: 0
2026-01-11 16:25:32.637486 DEBUG::Object: feature_specific_covariate_record, Size: 0
2026-01-11 16:25:32.638115 DEBUG::Object: features, Size: 631736
2026-01-11 16:25:32.638565 DEBUG::Object: formula, Size: 1288
2026-01-11 16:25:32.639169 DEBUG::Object: fun_list, Size: 58768
2026-01-11 16:25:32.639981 DEBUG::Object: func_to_run, Size: 435336
2026-01-11 16:25:32.640515 DEBUG::Object: groups, Size: 48
2026-01-11 16:25:32.640949 DEBUG::Object: median_comparison, Size: 56
2026-01-11 16:25:32.641364 DEBUG::Object: median_comparison_threshold, Size: 56
2026-01-11 16:25:32.641777 DEBUG::Object: metadata, Size: 9856
2026-01-11 16:25:32.642336 DEBUG::Object: model, Size: 112
2026-01-11 16:25:32.642951 DEBUG::Object: model_function, Size: 8864
2026-01-11 16:25:32.643517 DEBUG::Object: ordereds, Size: 48
2026-01-11 16:25:32.643974 DEBUG::Object: random_effects_formula, Size: 0
2026-01-11 16:25:32.644392 DEBUG::Object: ranef_function, Size: 0
2026-01-11 16:25:32.644815 DEBUG::Object: save_models, Size: 56
2026-01-11 16:25:32.645219 DEBUG::Object: small_random_effects, Size: 56
2026-01-11 16:25:32.645601 DEBUG::Object: strata, Size: 48
2026-01-11 16:25:32.645989 DEBUG::Object: subtract_median, Size: 56
2026-01-11 16:25:32.646429 DEBUG::Object: summary_function, Size: 49424
2026-01-11 16:25:32.646974 DEBUG::Object: func_to_run, Size: 435336
2026-01-11 16:25:32.647484 INFO::Fitting model to feature number 1, Akkermansia muciniphila_A
2026-01-11 16:25:32.654542 INFO::Fitting model to feature number 2, Akkermansia muciniphila
2026-01-11 16:25:33.738155 INFO::Fitting model to feature number 3, Faecalibaculum rodentium
2026-01-11 16:25:33.745175 INFO::Fitting model to feature number 4, Pelethenecus sp910579215
2026-01-11 16:25:33.748309 INFO::Fitting model to feature number 5, MGYG000325581
2026-01-11 16:25:33.755747 INFO::Fitting model to feature number 6, Alistipes finegoldii
2026-01-11 16:25:33.763881 INFO::Fitting model to feature number 7, MGYG000325477
2026-01-11 16:25:33.770755 INFO::Fitting model to feature number 8, Paramuribaculum sp001689535
2026-01-11 16:25:33.777538 INFO::Fitting model to feature number 9, Paramuribaculum sp910587425
2026-01-11 16:25:33.784617 INFO::Fitting model to feature number 10, Muribaculum intestinale
2026-01-11 16:25:33.792363 INFO::Fitting model to feature number 11, NM07-P-09 sp004793925
2026-01-11 16:25:33.799644 INFO::Fitting model to feature number 12, ZJ304 sp910584145
2026-01-11 16:25:33.807135 INFO::Fitting model to feature number 13, Bifidobacterium globosum
2026-01-11 16:25:33.814428 INFO::Fitting model to feature number 14, MGYG000333678
2026-01-11 16:25:33.821375 INFO::Fitting model to feature number 15, Schaedlerella sp910575475
2026-01-11 16:25:33.82825 INFO::Fitting model to feature number 16, Lawsonibacter sp910588635
2026-01-11 16:25:33.833314 INFO::Fitting model to feature number 17, MGBC122484 sp910587055
2026-01-11 16:25:33.838418 INFO::Fitting model to feature number 18, Desulfovibrio sp009773975
2026-01-11 16:25:33.845692 INFO::Fitting model to feature number 19, NM07-P-09 sp004793665
2026-01-11 16:25:33.851062 INFO::Fitting model to feature number 20, MGBC105563 sp910579165
2026-01-11 16:25:33.856594 INFO::Fitting model to feature number 21, MGYG000327895
2026-01-11 16:25:33.863172 INFO::Fitting model to feature number 22, Paratractidigestivibacter faecalis
2026-01-11 16:25:33.868405 INFO::Fitting model to feature number 23, Paratractidigestivibacter sp900540955
2026-01-11 16:25:33.877444 INFO::Fitting model to feature number 24, MGYG000330582
2026-01-11 16:25:33.882969 INFO::Fitting model to feature number 25, MGYG000329032
2026-01-11 16:25:33.888607 INFO::Fitting model to feature number 26, Adlercreutzia muris
2026-01-11 16:25:33.898087 INFO::Fitting model to feature number 27, Adlercreutzia caecimuris
2026-01-11 16:25:33.904752 INFO::Fitting model to feature number 28, Adlercreutzia mucosicola
2026-01-11 16:25:33.912307 INFO::Fitting model to feature number 29, MGYG000329825
2026-01-11 16:25:33.917457 INFO::Fitting model to feature number 30, Adlercreutzia hattorii
2026-01-11 16:25:33.922557 INFO::Fitting model to feature number 31, Adlercreutzia sp910589165
2026-01-11 16:25:33.928658 INFO::Fitting model to feature number 32, MGYG000329537
2026-01-11 16:25:33.934725 INFO::Fitting model to feature number 33, MGYG000327852
2026-01-11 16:25:33.942753 INFO::Fitting model to feature number 34, Adlercreutzia sp910585575
2026-01-11 16:25:33.948728 INFO::Fitting model to feature number 35, MGBC163016 sp910588205
2026-01-11 16:25:33.955646 INFO::Fitting model to feature number 36, MGBC163016 sp910589135
2026-01-11 16:25:33.96377 INFO::Fitting model to feature number 37, MGBC163016 sp910588945
2026-01-11 16:25:33.971174 INFO::Fitting model to feature number 38, MGBC163016 sp910588905
2026-01-11 16:25:33.97981 INFO::Fitting model to feature number 39, MGYG000329984
2026-01-11 16:25:33.984948 INFO::Fitting model to feature number 40, MGYG000328464
2026-01-11 16:25:33.99061 INFO::Fitting model to feature number 41, MGYG000366993
2026-01-11 16:25:33.997123 INFO::Fitting model to feature number 42, MGBC163016 sp910585565
2026-01-11 16:25:34.003334 INFO::Fitting model to feature number 43, MGBC163016 sp910589125
2026-01-11 16:25:34.01148 INFO::Fitting model to feature number 44, MGYG000328353
2026-01-11 16:25:34.017832 INFO::Fitting model to feature number 45, MGBC163016 sp910580205
2026-01-11 16:25:34.024804 INFO::Fitting model to feature number 46, MGBC163016 sp910588985
2026-01-11 16:25:34.036126 INFO::Fitting model to feature number 47, MGBC163016 sp910588435
2026-01-11 16:25:34.046865 INFO::Fitting model to feature number 48, D16-63 sp910588095
2026-01-11 16:25:34.055523 INFO::Fitting model to feature number 49, MGYG000328321
2026-01-11 16:25:34.064645 INFO::Fitting model to feature number 50, MGYG000410711
2026-01-11 16:25:34.070129 INFO::Fitting model to feature number 51, Enterorhabdus sp009911695
2026-01-11 16:25:34.078187 INFO::Fitting model to feature number 52, MGYG000329834
2026-01-11 16:25:34.085974 INFO::Fitting model to feature number 53, Enterorhabdus sp910589695
2026-01-11 16:25:34.092634 INFO::Fitting model to feature number 54, D16-34 sp910575165
2026-01-11 16:25:34.099286 INFO::Fitting model to feature number 55, D16-34 sp003612515
2026-01-11 16:25:34.104703 INFO::Fitting model to feature number 56, D16-34 sp910577495
2026-01-11 16:25:34.113775 INFO::Fitting model to feature number 57, ZJ304 sp943192905
2026-01-11 16:25:34.120573 INFO::Fitting model to feature number 58, MGYG000401219
2026-01-11 16:25:34.128056 INFO::Fitting model to feature number 59, Parvibacter caecicola
2026-01-11 16:25:34.134504 INFO::Fitting model to feature number 60, Parvibacter sp910587945
2026-01-11 16:25:34.140725 INFO::Fitting model to feature number 61, MGYG000329896
2026-01-11 16:25:34.147067 INFO::Fitting model to feature number 62, Parvibacter sp910588725
2026-01-11 16:25:34.152415 INFO::Fitting model to feature number 63, MGYG000328306
2026-01-11 16:25:34.158721 INFO::Fitting model to feature number 64, MGYG000328451
2026-01-11 16:25:34.164051 INFO::Fitting model to feature number 65, Anaerotardibacter sp000435675
2026-01-11 16:25:34.169076 INFO::Fitting model to feature number 66, Anaerotardibacter sp900753095
2026-01-11 16:25:34.174828 INFO::Fitting model to feature number 67, Gordonibacter pamelaeae
2026-01-11 16:25:34.182946 INFO::Fitting model to feature number 68, Eggerthella lenta
2026-01-11 16:25:34.190433 INFO::Fitting model to feature number 69, Ellagibacter isourolithinifaciens
2026-01-11 16:25:34.197782 INFO::Fitting model to feature number 70, Senegalimassilia faecalis
2026-01-11 16:25:34.204533 INFO::Fitting model to feature number 71, Slackia_A isoflavoniconvertens
2026-01-11 16:25:34.212332 INFO::Fitting model to feature number 72, Collinsella aerofaciens_J
2026-01-11 16:25:34.220912 INFO::Fitting model to feature number 73, Enorma burkinafasonensis
2026-01-11 16:25:34.227484 INFO::Fitting model to feature number 74, MGYG000410812
2026-01-11 16:25:34.232492 INFO::Fitting model to feature number 75, UMGS124 sp900555105
2026-01-11 16:25:34.23911 INFO::Fitting model to feature number 76, Bifidobacterium animalis
2026-01-11 16:25:34.247283 INFO::Fitting model to feature number 77, Bifidobacterium adolescentis
2026-01-11 16:25:34.254215 INFO::Fitting model to feature number 78, Bifidobacterium pseudocatenulatum
2026-01-11 16:25:34.261441 INFO::Fitting model to feature number 79, Bifidobacterium bifidum
2026-01-11 16:25:34.269622 INFO::Fitting model to feature number 80, Bifidobacterium longum
2026-01-11 16:25:34.276227 INFO::Fitting model to feature number 81, MGYG000329693
2026-01-11 16:25:34.284203 INFO::Fitting model to feature number 82, Paramuribaculum intestinale
2026-01-11 16:25:34.290355 INFO::Fitting model to feature number 83, Paramuribaculum sp001689565
2026-01-11 16:25:34.298449 INFO::Fitting model to feature number 84, Paramuribaculum sp910579675
2026-01-11 16:25:34.305144 INFO::Fitting model to feature number 85, MGYG000329858
2026-01-11 16:25:34.313088 INFO::Fitting model to feature number 86, Paramuribaculum sp910578805
2026-01-11 16:25:34.320224 INFO::Fitting model to feature number 87, MGYG000325717
2026-01-11 16:25:34.327403 INFO::Fitting model to feature number 88, Paramuribaculum sp910579185
2026-01-11 16:25:34.335454 INFO::Fitting model to feature number 89, MGYG000329300
2026-01-11 16:25:34.343886 INFO::Fitting model to feature number 90, Paramuribaculum sp009775605
2026-01-11 16:25:34.352192 INFO::Fitting model to feature number 91, Paramuribaculum sp910586475
2026-01-11 16:25:34.357528 INFO::Fitting model to feature number 92, MGYG000325727
2026-01-11 16:25:34.365099 INFO::Fitting model to feature number 93, Paramuribaculum sp910588065
2026-01-11 16:25:34.370889 INFO::Fitting model to feature number 94, Paramuribaculum sp910578305
2026-01-11 16:25:34.377821 INFO::Fitting model to feature number 95, Paramuribaculum sp910587185
2026-01-11 16:25:34.384264 INFO::Fitting model to feature number 96, Paramuribaculum sp910577465
2026-01-11 16:25:34.389647 INFO::Fitting model to feature number 97, Paramuribaculum sp910586895
2026-01-11 16:25:34.397708 INFO::Fitting model to feature number 98, Paramuribaculum sp910589095
2026-01-11 16:25:34.403876 INFO::Fitting model to feature number 99, Paramuribaculum sp014800945
2026-01-11 16:25:34.409465 INFO::Fitting model to feature number 100, MGYG000325457
2026-01-11 16:25:34.416629 INFO::Fitting model to feature number 101, Paramuribaculum sp014802045
2026-01-11 16:25:34.422611 INFO::Fitting model to feature number 102, MGYG000325750
2026-01-11 16:25:34.429966 INFO::Fitting model to feature number 103, MGYG000325361
2026-01-11 16:25:34.437772 INFO::Fitting model to feature number 104, Paramuribaculum sp014801865
2026-01-11 16:25:34.444577 INFO::Fitting model to feature number 105, Paramuribaculum sp014801655
2026-01-11 16:25:34.451998 INFO::Fitting model to feature number 106, MGYG000325540
2026-01-11 16:25:34.46011 INFO::Fitting model to feature number 107, Duncaniella sp910576785
2026-01-11 16:25:34.467236 INFO::Fitting model to feature number 108, Duncaniella dubosii
2026-01-11 16:25:34.474351 INFO::Fitting model to feature number 109, Duncaniella sp910589485
2026-01-11 16:25:34.48238 INFO::Fitting model to feature number 110, Duncaniella sp001689575
2026-01-11 16:25:34.4876 INFO::Fitting model to feature number 111, Duncaniella muris
2026-01-11 16:25:34.49332 INFO::Fitting model to feature number 112, Duncaniella sp910578445
2026-01-11 16:25:34.498609 INFO::Fitting model to feature number 113, Duncaniella freteri
2026-01-11 16:25:34.503717 INFO::Fitting model to feature number 114, Duncaniella sp910578515
2026-01-11 16:25:34.509696 INFO::Fitting model to feature number 115, Duncaniella sp910577255
2026-01-11 16:25:34.5152 INFO::Fitting model to feature number 116, Duncaniella sp910577345
2026-01-11 16:25:34.52029 INFO::Fitting model to feature number 117, Duncaniella sp910577335
2026-01-11 16:25:34.526633 INFO::Fitting model to feature number 118, MGYG000325799
2026-01-11 16:25:34.532087 INFO::Fitting model to feature number 119, Duncaniella sp014802345
2026-01-11 16:25:34.537305 INFO::Fitting model to feature number 120, Duncaniella sp910578615
2026-01-11 16:25:34.543111 INFO::Fitting model to feature number 121, MGYG000325465
2026-01-11 16:25:34.549207 INFO::Fitting model to feature number 122, Duncaniella sp910586305
2026-01-11 16:25:34.554506 INFO::Fitting model to feature number 123, Duncaniella sp001689495
2026-01-11 16:25:34.560535 INFO::Fitting model to feature number 124, MGYG000327170
2026-01-11 16:25:34.566224 INFO::Fitting model to feature number 125, Duncaniella sp910584825
2026-01-11 16:25:34.571475 INFO::Fitting model to feature number 126, Duncaniella sp910587165
2026-01-11 16:25:34.577813 INFO::Fitting model to feature number 127, MGYG000325518
2026-01-11 16:25:34.582987 INFO::Fitting model to feature number 128, Duncaniella sp002494015
2026-01-11 16:25:34.590492 INFO::Fitting model to feature number 129, Duncaniella sp910587515
2026-01-11 16:25:34.59854 INFO::Fitting model to feature number 130, Duncaniella sp910586665
2026-01-11 16:25:34.603921 INFO::Fitting model to feature number 131, Duncaniella sp014801945
2026-01-11 16:25:34.610094 INFO::Fitting model to feature number 132, Duncaniella sp910588795
2026-01-11 16:25:34.615912 INFO::Fitting model to feature number 133, Duncaniella sp001701225
2026-01-11 16:25:34.620999 INFO::Fitting model to feature number 134, Duncaniella sp014802325
2026-01-11 16:25:34.626865 INFO::Fitting model to feature number 135, Duncaniella sp014802015
2026-01-11 16:25:34.632105 INFO::Fitting model to feature number 136, MGYG000325456
2026-01-11 16:25:34.637359 INFO::Fitting model to feature number 137, MGYG000325723
2026-01-11 16:25:34.643104 INFO::Fitting model to feature number 138, MGYG000325575
2026-01-11 16:25:34.649192 INFO::Fitting model to feature number 139, MGYG000325671
2026-01-11 16:25:34.654918 INFO::Fitting model to feature number 140, CAG-873 sp009775135
2026-01-11 16:25:34.662397 INFO::Fitting model to feature number 141, CAG-873 sp002490635
2026-01-11 16:25:34.669173 INFO::Fitting model to feature number 142, MGYG000328238
2026-01-11 16:25:34.676101 INFO::Fitting model to feature number 143, CAG-873 sp009775265
2026-01-11 16:25:34.681915 INFO::Fitting model to feature number 144, CAG-873 sp011959565
2026-01-11 16:25:34.687116 INFO::Fitting model to feature number 145, CAG-873 sp910578365
2026-01-11 16:25:34.694877 INFO::Fitting model to feature number 146, CAG-873 sp910587235
2026-01-11 16:25:34.702491 INFO::Fitting model to feature number 147, CAG-873 sp009775225
2026-01-11 16:25:34.710749 INFO::Fitting model to feature number 148, CAG-873 sp009775535
2026-01-11 16:25:34.717317 INFO::Fitting model to feature number 149, CAG-873 sp910577315
2026-01-11 16:25:34.722321 INFO::Fitting model to feature number 150, CAG-873 sp910584905
2026-01-11 16:25:34.728456 INFO::Fitting model to feature number 151, CAG-873 sp910587545
2026-01-11 16:25:34.733486 INFO::Fitting model to feature number 152, CAG-873 sp910586455
2026-01-11 16:25:34.73858 INFO::Fitting model to feature number 153, MGYG000324412
2026-01-11 16:25:34.744515 INFO::Fitting model to feature number 154, CAG-873 sp910587915
2026-01-11 16:25:34.749774 INFO::Fitting model to feature number 155, CAG-873 sp001689665
2026-01-11 16:25:34.754646 INFO::Fitting model to feature number 156, CAG-873 sp017624155
2026-01-11 16:25:34.760425 INFO::Fitting model to feature number 157, MGYG000329414
2026-01-11 16:25:34.766227 INFO::Fitting model to feature number 158, CAG-873 sp910578095
2026-01-11 16:25:34.771204 INFO::Fitting model to feature number 159, CAG-873 sp910586975
2026-01-11 16:25:34.777096 INFO::Fitting model to feature number 160, CAG-873 sp001689415
2026-01-11 16:25:34.782486 INFO::Fitting model to feature number 161, MGYG000325453
2026-01-11 16:25:34.787578 INFO::Fitting model to feature number 162, CAG-873 sp910587475
2026-01-11 16:25:34.794353 INFO::Fitting model to feature number 163, CAG-873 sp900550395
2026-01-11 16:25:34.799103 INFO::Fitting model to feature number 164, MGYG000325639
2026-01-11 16:25:34.803879 INFO::Fitting model to feature number 165, CAG-873 sp910576935
2026-01-11 16:25:34.80945 INFO::Fitting model to feature number 166, MGYG000328998
2026-01-11 16:25:34.814344 INFO::Fitting model to feature number 167, CAG-873 sp910578035
2026-01-11 16:25:34.81901 INFO::Fitting model to feature number 168, MGYG000322997
2026-01-11 16:25:34.823604 INFO::Fitting model to feature number 169, MGYG000325431
2026-01-11 16:25:34.829149 INFO::Fitting model to feature number 170, CAG-873 sp905202215
2026-01-11 16:25:34.833967 INFO::Fitting model to feature number 171, CAG-873 sp009775195
2026-01-11 16:25:34.838414 INFO::Fitting model to feature number 172, CAG-873 sp910586995
2026-01-11 16:25:34.845268 INFO::Fitting model to feature number 173, CAG-873 sp910577355
2026-01-11 16:25:34.853683 INFO::Fitting model to feature number 174, MGYG000325570
2026-01-11 16:25:34.859995 INFO::Fitting model to feature number 175, MGYG000325620
2026-01-11 16:25:34.867217 INFO::Fitting model to feature number 176, CAG-873 sp001701165
2026-01-11 16:25:34.873986 INFO::Fitting model to feature number 177, MGYG000325469
2026-01-11 16:25:34.880761 INFO::Fitting model to feature number 178, CAG-873 sp003979155
2026-01-11 16:25:34.888055 INFO::Fitting model to feature number 179, MGYG000325729
2026-01-11 16:25:34.895768 INFO::Fitting model to feature number 180, CAG-873 sp910576775
2026-01-11 16:25:34.904241 INFO::Fitting model to feature number 181, MGYG000325342
2026-01-11 16:25:34.912977 INFO::Fitting model to feature number 182, MGYG000325463
2026-01-11 16:25:34.925084 INFO::Fitting model to feature number 183, CAG-873 sp910587355
2026-01-11 16:25:34.935806 INFO::Fitting model to feature number 184, CAG-873 sp910583525
2026-01-11 16:25:34.950635 INFO::Fitting model to feature number 185, MGYG000328958
2026-01-11 16:25:34.964409 INFO::Fitting model to feature number 186, MGYG000325379
2026-01-11 16:25:34.978986 INFO::Fitting model to feature number 187, CAG-873 sp910584495
2026-01-11 16:25:34.991341 INFO::Fitting model to feature number 188, CAG-873 sp910589055
2026-01-11 16:25:35.005836 INFO::Fitting model to feature number 189, CAG-873 sp910586595
2026-01-11 16:25:35.016112 INFO::Fitting model to feature number 190, MGYG000325473
2026-01-11 16:25:35.024712 INFO::Fitting model to feature number 191, CAG-873 sp910587925
2026-01-11 16:25:35.032139 INFO::Fitting model to feature number 192, CAG-873 sp900555715
2026-01-11 16:25:35.037497 INFO::Fitting model to feature number 193, CAG-873 sp002493945
2026-01-11 16:25:35.044912 INFO::Fitting model to feature number 194, CAG-873 sp002491245
2026-01-11 16:25:35.052023 INFO::Fitting model to feature number 195, MGYG000329571
2026-01-11 16:25:35.059946 INFO::Fitting model to feature number 196, MGYG000325537
2026-01-11 16:25:35.068902 INFO::Fitting model to feature number 197, CAG-485 sp009775365
2026-01-11 16:25:35.076123 INFO::Fitting model to feature number 198, CAG-485 sp002493045
2026-01-11 16:25:35.084383 INFO::Fitting model to feature number 199, CAG-485 sp009775355
2026-01-11 16:25:35.092594 INFO::Fitting model to feature number 200, CAG-485 sp002362485
2026-01-11 16:25:35.100317 INFO::Fitting model to feature number 201, CAG-485 sp002361215
2026-01-11 16:25:35.108641 INFO::Fitting model to feature number 202, CAG-485 sp002491945
2026-01-11 16:25:35.117251 INFO::Fitting model to feature number 203, CAG-485 sp002361155
2026-01-11 16:25:35.125947 INFO::Fitting model to feature number 204, MGYG000410771
2026-01-11 16:25:35.132679 INFO::Fitting model to feature number 205, MGYG000325582
2026-01-11 16:25:35.139875 INFO::Fitting model to feature number 206, CAG-485 sp002493515
2026-01-11 16:25:35.148281 INFO::Fitting model to feature number 207, CAG-485 sp003979075
2026-01-11 16:25:35.154847 INFO::Fitting model to feature number 208, CAG-485 sp001701295
2026-01-11 16:25:35.161465 INFO::Fitting model to feature number 209, MGYG000325475
2026-01-11 16:25:35.169529 INFO::Fitting model to feature number 210, MGYG000327930
2026-01-11 16:25:35.178571 INFO::Fitting model to feature number 211, CAG-485 sp910584055
2026-01-11 16:25:35.186769 INFO::Fitting model to feature number 212, MGYG000325569
2026-01-11 16:25:35.192677 INFO::Fitting model to feature number 213, CAG-485 sp910579845
2026-01-11 16:25:35.20197 INFO::Fitting model to feature number 214, CAG-485 sp910584125
2026-01-11 16:25:35.210346 INFO::Fitting model to feature number 215, CAG-485 sp910578385
2026-01-11 16:25:35.216285 INFO::Fitting model to feature number 216, MGYG000325346
2026-01-11 16:25:35.223303 INFO::Fitting model to feature number 217, MGYG000324474
2026-01-11 16:25:35.231718 INFO::Fitting model to feature number 218, CAG-485 sp910586175
2026-01-11 16:25:35.239326 INFO::Fitting model to feature number 219, MGYG000329437
2026-01-11 16:25:35.248667 INFO::Fitting model to feature number 220, MGYG000325442
2026-01-11 16:25:35.256192 INFO::Fitting model to feature number 221, CAG-485 sp910577585
2026-01-11 16:25:35.263835 INFO::Fitting model to feature number 222, CAG-485 sp009775375
2026-01-11 16:25:35.26933 INFO::Fitting model to feature number 223, MGYG000347897
2026-01-11 16:25:35.275696 INFO::Fitting model to feature number 224, CAG-485 sp910578075
2026-01-11 16:25:35.283193 INFO::Fitting model to feature number 225, CAG-485 sp900554845
2026-01-11 16:25:35.289532 INFO::Fitting model to feature number 226, CAG-485 sp910583775
2026-01-11 16:25:35.297579 INFO::Fitting model to feature number 227, MGYG000325760
2026-01-11 16:25:35.306144 INFO::Fitting model to feature number 228, MGYG000325660
2026-01-11 16:25:35.3136 INFO::Fitting model to feature number 229, CAG-485 sp910584545
2026-01-11 16:25:35.321469 INFO::Fitting model to feature number 230, MGYG000325658
2026-01-11 16:25:35.329481 INFO::Fitting model to feature number 231, CAG-485 sp910584525
2026-01-11 16:25:35.339375 INFO::Fitting model to feature number 232, CAG-485 sp910583795
2026-01-11 16:25:35.348025 INFO::Fitting model to feature number 233, CAG-485 sp910585275
2026-01-11 16:25:35.356622 INFO::Fitting model to feature number 234, MGYG000325481
2026-01-11 16:25:35.363718 INFO::Fitting model to feature number 235, CAG-485 sp910589425
2026-01-11 16:25:35.371223 INFO::Fitting model to feature number 236, CAG-485 sp910588245
2026-01-11 16:25:35.380486 INFO::Fitting model to feature number 237, CAG-485 sp014801815
2026-01-11 16:25:35.388751 INFO::Fitting model to feature number 238, MGYG000329106
2026-01-11 16:25:35.395695 INFO::Fitting model to feature number 239, MGYG000325458
2026-01-11 16:25:35.406273 INFO::Fitting model to feature number 240, MGYG000325710
2026-01-11 16:25:35.415782 INFO::Fitting model to feature number 241, MGYG000325738
2026-01-11 16:25:35.426898 INFO::Fitting model to feature number 242, MGYG000325560
2026-01-11 16:25:35.437944 INFO::Fitting model to feature number 243, CAG-485 sp910579305
2026-01-11 16:25:35.445336 INFO::Fitting model to feature number 244, MGYG000325644
2026-01-11 16:25:35.452151 INFO::Fitting model to feature number 245, CAG-485 sp900760815
2026-01-11 16:25:35.459182 INFO::Fitting model to feature number 246, MGYG000325315
2026-01-11 16:25:35.465822 INFO::Fitting model to feature number 247, MGYG000325633
2026-01-11 16:25:35.471381 INFO::Fitting model to feature number 248, MGYG000325436
2026-01-11 16:25:35.477017 INFO::Fitting model to feature number 249, MGYG000325715
2026-01-11 16:25:35.482466 INFO::Fitting model to feature number 250, MGYG000325350
2026-01-11 16:25:35.487371 INFO::Fitting model to feature number 251, MGYG000325747
2026-01-11 16:25:35.492789 INFO::Fitting model to feature number 252, MGYG000325437
2026-01-11 16:25:35.497769 INFO::Fitting model to feature number 253, CAG-485 sp014800895
2026-01-11 16:25:35.502359 INFO::Fitting model to feature number 254, MGYG000325541
2026-01-11 16:25:35.508894 INFO::Fitting model to feature number 255, MGYG000325479
2026-01-11 16:25:35.51441 INFO::Fitting model to feature number 256, CAG-485 sp910585285
2026-01-11 16:25:35.519808 INFO::Fitting model to feature number 257, CAG-485 sp910584185
2026-01-11 16:25:35.526295 INFO::Fitting model to feature number 258, MGYG000325680
2026-01-11 16:25:35.533266 INFO::Fitting model to feature number 259, MGYG000325622
2026-01-11 16:25:35.540205 INFO::Fitting model to feature number 260, MGYG000325425
2026-01-11 16:25:35.547091 INFO::Fitting model to feature number 261, MGYG000325415
2026-01-11 16:25:35.553508 INFO::Fitting model to feature number 262, CAG-485 sp900550645
2026-01-11 16:25:35.561574 INFO::Fitting model to feature number 263, MGYG000325597
2026-01-11 16:25:35.568885 INFO::Fitting model to feature number 264, MGYG000325446
2026-01-11 16:25:35.573774 INFO::Fitting model to feature number 265, MGYG000325721
2026-01-11 16:25:35.579861 INFO::Fitting model to feature number 266, Muribaculum gordoncarteri
2026-01-11 16:25:35.58555 INFO::Fitting model to feature number 267, Muribaculum sp009775095
2026-01-11 16:25:35.590872 INFO::Fitting model to feature number 268, Muribaculum sp002473395
2026-01-11 16:25:35.599468 INFO::Fitting model to feature number 269, Muribaculum faecis
2026-01-11 16:25:35.606143 INFO::Fitting model to feature number 270, MGYG000325310
2026-01-11 16:25:35.612393 INFO::Fitting model to feature number 271, Muribaculum sp910587665
2026-01-11 16:25:35.617574 INFO::Fitting model to feature number 272, Muribaculum sp001701195
2026-01-11 16:25:35.622581 INFO::Fitting model to feature number 273, Muribaculum sp910578785
2026-01-11 16:25:35.629683 INFO::Fitting model to feature number 274, Muribaculum sp910589555
2026-01-11 16:25:35.635828 INFO::Fitting model to feature number 275, Muribaculum arabinoxylanisolvens
2026-01-11 16:25:35.643701 INFO::Fitting model to feature number 276, Muribaculum sp003150235
2026-01-11 16:25:35.650128 INFO::Fitting model to feature number 277, MGYG000328540
2026-01-11 16:25:35.654793 INFO::Fitting model to feature number 278, Muribaculum sp910583865
2026-01-11 16:25:35.660277 INFO::Fitting model to feature number 279, Muribaculum sp910578835
2026-01-11 16:25:35.665518 INFO::Fitting model to feature number 280, Muribaculum sp001701065
2026-01-11 16:25:35.670241 INFO::Fitting model to feature number 281, MGYG000328957
2026-01-11 16:25:35.675408 INFO::Fitting model to feature number 282, UBA7173 sp001689485
2026-01-11 16:25:35.680684 INFO::Fitting model to feature number 283, UBA7173 sp001689685
2026-01-11 16:25:35.68581 INFO::Fitting model to feature number 284, UBA7173 sp002491305
2026-01-11 16:25:35.690481 INFO::Fitting model to feature number 285, UBA7173 sp013316675
2026-01-11 16:25:35.69775 INFO::Fitting model to feature number 286, MGYG000329847
2026-01-11 16:25:35.704147 INFO::Fitting model to feature number 287, UBA7173 sp013316535
2026-01-11 16:25:35.711024 INFO::Fitting model to feature number 288, UBA7173 sp910584365
2026-01-11 16:25:35.719751 INFO::Fitting model to feature number 289, UBA7173 sp910583675
2026-01-11 16:25:35.727639 INFO::Fitting model to feature number 290, MGYG000325674
2026-01-11 16:25:35.735775 INFO::Fitting model to feature number 291, UBA7173 sp910584735
2026-01-11 16:25:35.741676 INFO::Fitting model to feature number 292, UBA7173 sp900548705
2026-01-11 16:25:35.750354 INFO::Fitting model to feature number 293, UBA7173 sp910585755
2026-01-11 16:25:35.75635 INFO::Fitting model to feature number 294, UBA7173 sp910579105
2026-01-11 16:25:35.784258 INFO::Fitting model to feature number 295, UBA7173 sp910586565
2026-01-11 16:25:35.789379 INFO::Fitting model to feature number 296, UBA7173 sp900555165
2026-01-11 16:25:35.797416 INFO::Fitting model to feature number 297, UBA7173 sp910587075
2026-01-11 16:25:35.803904 INFO::Fitting model to feature number 298, MGYG000410332
2026-01-11 16:25:35.809792 INFO::Fitting model to feature number 299, MGYG000325632
2026-01-11 16:25:35.815691 INFO::Fitting model to feature number 300, MGYG000325803
2026-01-11 16:25:35.820723 INFO::Fitting model to feature number 301, JAFLTL01 sp910578395
2026-01-11 16:25:35.826402 INFO::Fitting model to feature number 302, MGYG000325590
2026-01-11 16:25:35.831661 INFO::Fitting model to feature number 303, UBA3263 sp001689615
2026-01-11 16:25:35.836565 INFO::Fitting model to feature number 304, MGYG000325470
2026-01-11 16:25:35.842142 INFO::Fitting model to feature number 305, UBA3263 sp002490725
2026-01-11 16:25:35.848323 INFO::Fitting model to feature number 306, MGYG000331010
2026-01-11 16:25:35.852956 INFO::Fitting model to feature number 307, UBA3263 sp014801955
2026-01-11 16:25:35.857587 INFO::Fitting model to feature number 308, MGYG000325619
2026-01-11 16:25:35.862899 INFO::Fitting model to feature number 309, MGYG000325600
2026-01-11 16:25:35.867435 INFO::Fitting model to feature number 310, MGYG000325598
2026-01-11 16:25:35.87184 INFO::Fitting model to feature number 311, JAGBWK01 sp001915385
2026-01-11 16:25:35.876943 INFO::Fitting model to feature number 312, JAGBWK01 sp004102805
2026-01-11 16:25:35.881839 INFO::Fitting model to feature number 313, MGYG000325382
2026-01-11 16:25:35.886506 INFO::Fitting model to feature number 314, MGYG000327564
2026-01-11 16:25:35.890927 INFO::Fitting model to feature number 315, MGYG000328504
2026-01-11 16:25:35.896369 INFO::Fitting model to feature number 316, JAAVFS01 sp910584665
2026-01-11 16:25:35.900888 INFO::Fitting model to feature number 317, MGYG000325322
2026-01-11 16:25:35.905343 INFO::Fitting model to feature number 318, MGYG000325435
2026-01-11 16:25:35.910438 INFO::Fitting model to feature number 319, CAJUPY01 sp910588035
2026-01-11 16:25:35.91537 INFO::Fitting model to feature number 320, MGYG000325343
2026-01-11 16:25:35.919823 INFO::Fitting model to feature number 321, CAJUPY01 sp014802535
2026-01-11 16:25:35.924311 INFO::Fitting model to feature number 322, MGYG000325663
2026-01-11 16:25:35.93003 INFO::Fitting model to feature number 323, M3 sp001689445
2026-01-11 16:25:35.934532 INFO::Fitting model to feature number 324, MGYG000328741
2026-01-11 16:25:35.938869 INFO::Fitting model to feature number 325, CAG-1031 sp000431215
2026-01-11 16:25:35.945532 INFO::Fitting model to feature number 326, Amulumruptor sp001689515
2026-01-11 16:25:35.953044 INFO::Fitting model to feature number 327, Amulumruptor sp900539915
2026-01-11 16:25:35.960209 INFO::Fitting model to feature number 328, Sodaliphilus sp004557565
2026-01-11 16:25:35.96887 INFO::Fitting model to feature number 329, Limisoma sp000437795
2026-01-11 16:25:35.976498 INFO::Fitting model to feature number 330, Bacteroides sp002491635
2026-01-11 16:25:35.984281 INFO::Fitting model to feature number 331, Bacteroides sp910578895
2026-01-11 16:25:35.991898 INFO::Fitting model to feature number 332, Bacteroides acidifaciens
2026-01-11 16:25:36.000905 INFO::Fitting model to feature number 333, Bacteroides caecimuris
2026-01-11 16:25:36.008694 INFO::Fitting model to feature number 334, Bacteroides sp910586915
2026-01-11 16:25:36.017192 INFO::Fitting model to feature number 335, Bacteroides uniformis
2026-01-11 16:25:36.024596 INFO::Fitting model to feature number 336, Bacteroides sp910585845
2026-01-11 16:25:36.033112 INFO::Fitting model to feature number 337, Bacteroides sp900765785
2026-01-11 16:25:36.040384 INFO::Fitting model to feature number 338, Bacteroides stercoris
2026-01-11 16:25:36.048503 INFO::Fitting model to feature number 339, MGYG000325585
2026-01-11 16:25:36.054753 INFO::Fitting model to feature number 340, Bacteroides nordii
2026-01-11 16:25:36.061779 INFO::Fitting model to feature number 341, Bacteroides congonensis
2026-01-11 16:25:36.069924 INFO::Fitting model to feature number 342, Bacteroides xylanisolvens
2026-01-11 16:25:36.075217 INFO::Fitting model to feature number 343, Bacteroides intestinalis
2026-01-11 16:25:36.084441 INFO::Fitting model to feature number 344, Bacteroides cellulosilyticus
2026-01-11 16:25:36.089665 INFO::Fitting model to feature number 345, Prevotella sp002933775
2026-01-11 16:25:36.097272 INFO::Fitting model to feature number 346, Prevotella muris
2026-01-11 16:25:36.104959 INFO::Fitting model to feature number 347, MGYG000325010
2026-01-11 16:25:36.112961 INFO::Fitting model to feature number 348, MGYG000325676
2026-01-11 16:25:36.120366 INFO::Fitting model to feature number 349, Prevotella sp013166515
2026-01-11 16:25:36.125964 INFO::Fitting model to feature number 350, Prevotella rodentium
2026-01-11 16:25:36.131604 INFO::Fitting model to feature number 351, Prevotella sp900545525
2026-01-11 16:25:36.136284 INFO::Fitting model to feature number 352, MGYG000325400
2026-01-11 16:25:36.140993 INFO::Fitting model to feature number 353, Prevotella intestinalis
2026-01-11 16:25:36.146745 INFO::Fitting model to feature number 354, Phocaeicola vulgatus
2026-01-11 16:25:36.151339 INFO::Fitting model to feature number 355, Phocaeicola sartorii
2026-01-11 16:25:36.15576 INFO::Fitting model to feature number 356, Phocaeicola sp011959205
2026-01-11 16:25:36.161106 INFO::Fitting model to feature number 357, Phocaeicola faecalis
2026-01-11 16:25:36.165857 INFO::Fitting model to feature number 358, Phocaeicola plebeius_A
2026-01-11 16:25:36.17043 INFO::Fitting model to feature number 359, Phocaeicola massiliensis
2026-01-11 16:25:36.175035 INFO::Fitting model to feature number 360, UBA4372 sp023665805
2026-01-11 16:25:36.180428 INFO::Fitting model to feature number 361, MGYG000325572
2026-01-11 16:25:36.185087 INFO::Fitting model to feature number 362, Alloprevotella sp009775705
2026-01-11 16:25:36.189826 INFO::Fitting model to feature number 363, Alloprevotella sp002933955
2026-01-11 16:25:36.195541 INFO::Fitting model to feature number 364, Paraprevotella sp900548345
2026-01-11 16:25:36.201149 INFO::Fitting model to feature number 365, Paraprevotella sp910586505
2026-01-11 16:25:36.205734 INFO::Fitting model to feature number 366, Alistipes sp002428825
2026-01-11 16:25:36.211374 INFO::Fitting model to feature number 367, Alistipes sp910587675
2026-01-11 16:25:36.21624 INFO::Fitting model to feature number 368, Alistipes timonensis
2026-01-11 16:25:36.221015 INFO::Fitting model to feature number 369, Alistipes sp910576555
2026-01-11 16:25:36.227035 INFO::Fitting model to feature number 370, Alistipes sp009774895
2026-01-11 16:25:36.233619 INFO::Fitting model to feature number 371, Alistipes sp002362235
2026-01-11 16:25:36.240258 INFO::Fitting model to feature number 372, Alistipes sp900552955
2026-01-11 16:25:36.243852 WARNING::Fitting problem for feature 372 returning NA
2026-01-11 16:25:36.24845 INFO::Fitting model to feature number 373, Alistipes sp910575495
2026-01-11 16:25:36.253564 INFO::Fitting model to feature number 374, Alistipes sp910577475
2026-01-11 16:25:36.261715 INFO::Fitting model to feature number 375, Alistipes sp002358415
2026-01-11 16:25:36.268669 INFO::Fitting model to feature number 376, Avirikenella sp910588925
2026-01-11 16:25:36.27438 INFO::Fitting model to feature number 377, MGYG000325667
2026-01-11 16:25:36.28024 INFO::Fitting model to feature number 378, Rikenella sp910577885
2026-01-11 16:25:36.285263 INFO::Fitting model to feature number 379, Parabacteroides distasonis
2026-01-11 16:25:36.290026 INFO::Fitting model to feature number 380, Parabacteroides goldsteinii
2026-01-11 16:25:36.295873 INFO::Fitting model to feature number 381, Parabacteroides sp900760525
2026-01-11 16:25:36.301877 INFO::Fitting model to feature number 382, Parabacteroides merdae
2026-01-11 16:25:36.307466 INFO::Fitting model to feature number 383, Odoribacter sp021771575
2026-01-11 16:25:36.313608 INFO::Fitting model to feature number 384, Odoribacter sp910578105
2026-01-11 16:25:36.318767 INFO::Fitting model to feature number 385, Odoribacter sp910589025
2026-01-11 16:25:36.323593 INFO::Fitting model to feature number 386, Butyricimonas virosa
2026-01-11 16:25:36.329383 INFO::Fitting model to feature number 387, Pullibacteroides sp910586395
2026-01-11 16:25:36.334481 INFO::Fitting model to feature number 388, Cryptobacteroides sp009774765
2026-01-11 16:25:36.340299 INFO::Fitting model to feature number 389, Cryptobacteroides sp910585445
2026-01-11 16:25:36.346364 INFO::Fitting model to feature number 390, Imtechella halotolerans
2026-01-11 16:25:36.351596 INFO::Fitting model to feature number 391, Faecalibaculum sp910588395
2026-01-11 16:25:36.358297 INFO::Fitting model to feature number 392, C-19 sp910576855
2026-01-11 16:25:36.363456 INFO::Fitting model to feature number 393, MGYG000329824
2026-01-11 16:25:36.3659 WARNING::Fitting problem for feature 393 returning NA
2026-01-11 16:25:36.368027 INFO::Fitting model to feature number 394, Ileibacterium valens
2026-01-11 16:25:36.372366 INFO::Fitting model to feature number 395, Dubosiella sp004793885
2026-01-11 16:25:36.377435 INFO::Fitting model to feature number 396, CAJTFG01 sp910575705
2026-01-11 16:25:36.382262 INFO::Fitting model to feature number 397, Thomasclavelia cocleata
2026-01-11 16:25:36.386837 INFO::Fitting model to feature number 398, Thomasclavelia ramosa
2026-01-11 16:25:36.391409 INFO::Fitting model to feature number 399, MGBC113645 sp910579135
2026-01-11 16:25:36.396606 INFO::Fitting model to feature number 400, Fimiplasma sp910588165
2026-01-11 16:25:36.401212 INFO::Fitting model to feature number 401, Lactobacillus intestinalis
2026-01-11 16:25:36.405803 INFO::Fitting model to feature number 402, Lactobacillus sp910589675
2026-01-11 16:25:36.411102 INFO::Fitting model to feature number 403, MGYG000329195
2026-01-11 16:25:36.417188 INFO::Fitting model to feature number 404, Lactobacillus taiwanensis
2026-01-11 16:25:36.421633 INFO::Fitting model to feature number 405, Lactobacillus amylovorus
2026-01-11 16:25:36.426782 INFO::Fitting model to feature number 406, MGYG000325525
2026-01-11 16:25:36.431643 INFO::Fitting model to feature number 407, MGYG000326943
2026-01-11 16:25:36.435981 INFO::Fitting model to feature number 408, Lactobacillus hominis
2026-01-11 16:25:36.440261 INFO::Fitting model to feature number 409, Lactobacillus acidophilus
2026-01-11 16:25:36.445391 INFO::Fitting model to feature number 410, MGYG000326944
2026-01-11 16:25:36.450026 INFO::Fitting model to feature number 411, Lactobacillus delbrueckii
2026-01-11 16:25:36.454388 INFO::Fitting model to feature number 412, Limosilactobacillus reuteri
2026-01-11 16:25:36.460767 INFO::Fitting model to feature number 413, Limosilactobacillus sp009663775
2026-01-11 16:25:36.465618 INFO::Fitting model to feature number 414, Limosilactobacillus fermentum
2026-01-11 16:25:36.470969 INFO::Fitting model to feature number 415, Limosilactobacillus equigenerosi
2026-01-11 16:25:36.477405 INFO::Fitting model to feature number 416, Limosilactobacillus portuensis
2026-01-11 16:25:36.484336 INFO::Fitting model to feature number 417, Ligilactobacillus murinus
2026-01-11 16:25:36.49052 INFO::Fitting model to feature number 418, Ligilactobacillus animalis
2026-01-11 16:25:36.498421 INFO::Fitting model to feature number 419, Ligilactobacillus sp910587695
2026-01-11 16:25:36.504254 INFO::Fitting model to feature number 420, Ligilactobacillus agilis
2026-01-11 16:25:36.509933 INFO::Fitting model to feature number 421, Pediococcus pentosaceus
2026-01-11 16:25:36.517271 INFO::Fitting model to feature number 422, Enterococcus faecalis
2026-01-11 16:25:36.523176 INFO::Fitting model to feature number 423, Turicibacter sp002311155
2026-01-11 16:25:36.529317 INFO::Fitting model to feature number 424, MGYG000380869
2026-01-11 16:25:36.536441 INFO::Fitting model to feature number 425, CAG-582 sp910577075
2026-01-11 16:25:36.543069 INFO::Fitting model to feature number 426, UBA5026 sp910576795
2026-01-11 16:25:36.548413 INFO::Fitting model to feature number 427, UBA5026 sp910586425
2026-01-11 16:25:36.553473 INFO::Fitting model to feature number 428, MGYG000330354
2026-01-11 16:25:36.558433 INFO::Fitting model to feature number 429, MGYG000338472
2026-01-11 16:25:36.56433 INFO::Fitting model to feature number 430, MGYG000329046
2026-01-11 16:25:36.569399 INFO::Fitting model to feature number 431, MGYG000331189
2026-01-11 16:25:36.574191 INFO::Fitting model to feature number 432, Mammaliicoccus lentus
2026-01-11 16:25:36.580194 INFO::Fitting model to feature number 433, Staphylococcus xylosus
2026-01-11 16:25:36.585482 INFO::Fitting model to feature number 434, MGYG000410805
2026-01-11 16:25:36.591823 INFO::Fitting model to feature number 435, Desulfovibrio sp910575755
2026-01-11 16:25:36.597478 INFO::Fitting model to feature number 436, Desulfovibrio sp910587035
2026-01-11 16:25:36.602005 INFO::Fitting model to feature number 437, Desulfovibrio sp910584445
2026-01-11 16:25:36.606579 INFO::Fitting model to feature number 438, MGYG000325668
2026-01-11 16:25:36.611838 INFO::Fitting model to feature number 439, Desulfovibrio sp900556755
2026-01-11 16:25:36.616717 INFO::Fitting model to feature number 440, Desulfovibrio sp905215675
2026-01-11 16:25:36.621099 INFO::Fitting model to feature number 441, MGYG000325515
2026-01-11 16:25:36.626203 INFO::Fitting model to feature number 442, Bilophila sp910585945
2026-01-11 16:25:36.631114 INFO::Fitting model to feature number 443, Bilophila faecipullorum
2026-01-11 16:25:36.635567 INFO::Fitting model to feature number 444, Bilophila sp902373525
2026-01-11 16:25:36.639892 INFO::Fitting model to feature number 445, Mailhella sp910579055
2026-01-11 16:25:36.645013 INFO::Fitting model to feature number 446, Mailhella excrementigallinarum
2026-01-11 16:25:36.649847 INFO::Fitting model to feature number 447, MGYG000399267
2026-01-11 16:25:36.654215 INFO::Fitting model to feature number 448, MGYG000410288
2026-01-11 16:25:36.658693 INFO::Fitting model to feature number 449, Schaedlerella sp910589385
2026-01-11 16:25:36.664035 INFO::Fitting model to feature number 450, Schaedlerella arabinosiphila
2026-01-11 16:25:36.668398 INFO::Fitting model to feature number 451, Schaedlerella sp009911175
2026-01-11 16:25:36.672626 INFO::Fitting model to feature number 452, MGYG000410694
2026-01-11 16:25:36.677752 INFO::Fitting model to feature number 453, Schaedlerella sp000403295
2026-01-11 16:25:36.682944 INFO::Fitting model to feature number 454, Schaedlerella sp910574865
2026-01-11 16:25:36.687541 INFO::Fitting model to feature number 455, Schaedlerella sp910574195
2026-01-11 16:25:36.692507 INFO::Fitting model to feature number 456, Schaedlerella sp943193195
2026-01-11 16:25:36.69849 INFO::Fitting model to feature number 457, Schaedlerella sp009774255
2026-01-11 16:25:36.703584 INFO::Fitting model to feature number 458, MGYG000328305
2026-01-11 16:25:36.708472 INFO::Fitting model to feature number 459, MD308 sp910575105
2026-01-11 16:25:36.715538 INFO::Fitting model to feature number 460, MD308 sp010206225
2026-01-11 16:25:36.720534 INFO::Fitting model to feature number 461, MGYG000323047
2026-01-11 16:25:36.726037 INFO::Fitting model to feature number 462, MD308 sp000403475
2026-01-11 16:25:36.73343 INFO::Fitting model to feature number 463, MGYG000326632
2026-01-11 16:25:36.740691 INFO::Fitting model to feature number 464, MD308 sp910578455
2026-01-11 16:25:36.747144 INFO::Fitting model to feature number 465, MD308 sp910586965
2026-01-11 16:25:36.753579 INFO::Fitting model to feature number 466, MD308 sp910584615
2026-01-11 16:25:36.760698 INFO::Fitting model to feature number 467, MGYG000410877
2026-01-11 16:25:36.767957 INFO::Fitting model to feature number 468, MGYG000324148
2026-01-11 16:25:36.774997 INFO::Fitting model to feature number 469, Sporofaciens sp910574715
2026-01-11 16:25:36.782382 INFO::Fitting model to feature number 470, Sporofaciens sp910579015
2026-01-11 16:25:36.78806 INFO::Fitting model to feature number 471, MGYG000353267
2026-01-11 16:25:36.793718 INFO::Fitting model to feature number 472, Sporofaciens sp910575835
2026-01-11 16:25:36.799854 INFO::Fitting model to feature number 473, Sporofaciens musculi
2026-01-11 16:25:36.8076 INFO::Fitting model to feature number 474, Sporofaciens sp009774295
2026-01-11 16:25:36.813827 INFO::Fitting model to feature number 475, Sporofaciens sp910574885
2026-01-11 16:25:36.818992 INFO::Fitting model to feature number 476, Sporofaciens sp000403455
2026-01-11 16:25:36.824229 INFO::Fitting model to feature number 477, Sporofaciens sp910577685
2026-01-11 16:25:36.829957 INFO::Fitting model to feature number 478, Sporofaciens sp910587575
2026-01-11 16:25:36.835025 INFO::Fitting model to feature number 479, Sporofaciens sp910585725
2026-01-11 16:25:36.841698 INFO::Fitting model to feature number 480, Sporofaciens sp910579925
2026-01-11 16:25:36.849329 INFO::Fitting model to feature number 481, MGYG000402809
2026-01-11 16:25:36.854855 INFO::Fitting model to feature number 482, UBA11957 sp910588295
2026-01-11 16:25:36.860687 INFO::Fitting model to feature number 483, MGYG000410400
2026-01-11 16:25:36.867432 INFO::Fitting model to feature number 484, Choladocola sp009774135
2026-01-11 16:25:36.873922 INFO::Fitting model to feature number 485, Choladocola sp910583615
2026-01-11 16:25:36.881173 INFO::Fitting model to feature number 486, Choladocola sp910585995
2026-01-11 16:25:36.888299 INFO::Fitting model to feature number 487, Choladocola sp009774145
2026-01-11 16:25:36.894114 INFO::Fitting model to feature number 488, Choladocola sp910584945
2026-01-11 16:25:36.899619 INFO::Fitting model to feature number 489, Choladocola sp910579225
2026-01-11 16:25:36.904854 INFO::Fitting model to feature number 490, Choladocola sp910584205
2026-01-11 16:25:36.910683 INFO::Fitting model to feature number 491, Choladocola sp910574965
2026-01-11 16:25:36.91604 INFO::Fitting model to feature number 492, Choladocola sp910575445
2026-01-11 16:25:36.92232 INFO::Fitting model to feature number 493, Choladocola sp910583895
2026-01-11 16:25:36.930331 INFO::Fitting model to feature number 494, Choladocola sp009774155
2026-01-11 16:25:36.937072 INFO::Fitting model to feature number 495, Choladocola sp910587495
2026-01-11 16:25:36.943991 INFO::Fitting model to feature number 496, Choladocola sp910585465
2026-01-11 16:25:36.950917 INFO::Fitting model to feature number 497, Choladocola sp910587765
2026-01-11 16:25:36.957675 INFO::Fitting model to feature number 498, MGYG000392954
2026-01-11 16:25:36.964728 INFO::Fitting model to feature number 499, Lachnoclostridium_B sp910584095
2026-01-11 16:25:36.971231 INFO::Fitting model to feature number 500, Lachnoclostridium_B sp910574185
2026-01-11 16:25:36.977896 INFO::Fitting model to feature number 501, MGYG000331109
2026-01-11 16:25:36.983851 INFO::Fitting model to feature number 502, Lachnoclostridium_B sp910584265
2026-01-11 16:25:36.988798 INFO::Fitting model to feature number 503, Lachnoclostridium_B sp910588745
2026-01-11 16:25:36.996765 INFO::Fitting model to feature number 504, Lachnoclostridium_B sp910589275
2026-01-11 16:25:37.004054 INFO::Fitting model to feature number 505, MGYG000328855
2026-01-11 16:25:37.011679 INFO::Fitting model to feature number 506, MGBC164599 sp910588825
2026-01-11 16:25:37.017668 INFO::Fitting model to feature number 507, MGBC164599 sp910575625
2026-01-11 16:25:37.025334 INFO::Fitting model to feature number 508, MGBC164599 sp910587105
2026-01-11 16:25:37.034213 INFO::Fitting model to feature number 509, MGBC164599 sp910588775
2026-01-11 16:25:37.041204 INFO::Fitting model to feature number 510, MGYG000330030
2026-01-11 16:25:37.047705 INFO::Fitting model to feature number 511, MGYG000330180
2026-01-11 16:25:37.053409 INFO::Fitting model to feature number 512, 14-2 sp910588845
2026-01-11 16:25:37.058562 INFO::Fitting model to feature number 513, 14-2 sp910577785
2026-01-11 16:25:37.067411 INFO::Fitting model to feature number 514, 14-2 sp910576385
2026-01-11 16:25:37.072869 INFO::Fitting model to feature number 515, 14-2 sp910575155
2026-01-11 16:25:37.079919 INFO::Fitting model to feature number 516, 14-2 sp910575035
2026-01-11 16:25:37.087089 INFO::Fitting model to feature number 517, 14-2 sp011960065
2026-01-11 16:25:37.09441 INFO::Fitting model to feature number 518, MGYG000409996
2026-01-11 16:25:37.101985 INFO::Fitting model to feature number 519, 14-2 sp910588285
2026-01-11 16:25:37.110088 INFO::Fitting model to feature number 520, 14-2 sp910575005
2026-01-11 16:25:37.12022 INFO::Fitting model to feature number 521, 14-2 sp910584585
2026-01-11 16:25:37.127946 INFO::Fitting model to feature number 522, 14-2 sp000403255
2026-01-11 16:25:37.133421 INFO::Fitting model to feature number 523, MGYG000411355
2026-01-11 16:25:37.138364 INFO::Fitting model to feature number 524, 14-2 sp910583835
2026-01-11 16:25:37.144335 INFO::Fitting model to feature number 525, 14-2 sp910575075
2026-01-11 16:25:37.150326 INFO::Fitting model to feature number 526, 14-2 sp000403315
2026-01-11 16:25:37.15628 INFO::Fitting model to feature number 527, 14-2 sp009774455
2026-01-11 16:25:37.162458 INFO::Fitting model to feature number 528, 14-2 sp910589635
2026-01-11 16:25:37.167995 INFO::Fitting model to feature number 529, 14-2 sp910576975
2026-01-11 16:25:37.173256 INFO::Fitting model to feature number 530, MGYG000411595
2026-01-11 16:25:37.17961 INFO::Fitting model to feature number 531, MGYG000328404
2026-01-11 16:25:37.185511 INFO::Fitting model to feature number 532, 14-2 sp910578825
2026-01-11 16:25:37.190766 INFO::Fitting model to feature number 533, MGYG000410992
2026-01-11 16:25:37.197647 INFO::Fitting model to feature number 534, MGYG000324849
2026-01-11 16:25:37.202784 INFO::Fitting model to feature number 535, 14-2 sp000403845
2026-01-11 16:25:37.207984 INFO::Fitting model to feature number 536, Eubacterium_F sp910574015
2026-01-11 16:25:37.214978 INFO::Fitting model to feature number 537, MGYG000330978
2026-01-11 16:25:37.220301 INFO::Fitting model to feature number 538, Eubacterium_F sp910575665
2026-01-11 16:25:37.225877 INFO::Fitting model to feature number 539, Eubacterium_F sp910585745
2026-01-11 16:25:37.232075 INFO::Fitting model to feature number 540, MGYG000329322
2026-01-11 16:25:37.23874 INFO::Fitting model to feature number 541, Eubacterium_F sp910579145
2026-01-11 16:25:37.245732 INFO::Fitting model to feature number 542, Caccovicinus sp910585635
2026-01-11 16:25:37.251362 INFO::Fitting model to feature number 543, Caccovicinus sp009774615
2026-01-11 16:25:37.256673 INFO::Fitting model to feature number 544, Caccovicinus sp910584785
2026-01-11 16:25:37.26371 INFO::Fitting model to feature number 545, MGYG000411451
2026-01-11 16:25:37.270627 INFO::Fitting model to feature number 546, Caccovicinus sp910575565
2026-01-11 16:25:37.277698 INFO::Fitting model to feature number 547, MGYG000322995
2026-01-11 16:25:37.284065 INFO::Fitting model to feature number 548, Caccovicinus sp910588895
2026-01-11 16:25:37.289299 INFO::Fitting model to feature number 549, Acetatifactor sp910576125
2026-01-11 16:25:37.295492 INFO::Fitting model to feature number 550, Acetatifactor sp910589035
2026-01-11 16:25:37.301086 INFO::Fitting model to feature number 551, Acetatifactor sp910579755
2026-01-11 16:25:37.307809 INFO::Fitting model to feature number 552, Acetatifactor sp910584865
2026-01-11 16:25:37.315064 INFO::Fitting model to feature number 553, Acetatifactor sp910585805
2026-01-11 16:25:37.32163 INFO::Fitting model to feature number 554, Acetatifactor sp910585425
2026-01-11 16:25:37.328284 INFO::Fitting model to feature number 555, Acetatifactor sp910585615
2026-01-11 16:25:37.336249 INFO::Fitting model to feature number 556, Acetatifactor sp910586775
2026-01-11 16:25:37.344299 INFO::Fitting model to feature number 557, Acetatifactor sp910589655
2026-01-11 16:25:37.351712 INFO::Fitting model to feature number 558, Acetatifactor sp910586835
2026-01-11 16:25:37.358911 INFO::Fitting model to feature number 559, Acetatifactor sp003612485
2026-01-11 16:25:37.366606 INFO::Fitting model to feature number 560, MGYG000329336
2026-01-11 16:25:37.373796 INFO::Fitting model to feature number 561, Acetatifactor sp910577185
2026-01-11 16:25:37.381916 INFO::Fitting model to feature number 562, MGYG000325587
2026-01-11 16:25:37.390652 INFO::Fitting model to feature number 563, Acetatifactor sp910584235
2026-01-11 16:25:37.397315 INFO::Fitting model to feature number 564, MGYG000325385
2026-01-11 16:25:37.404886 INFO::Fitting model to feature number 565, Acetatifactor sp910580225
2026-01-11 16:25:37.411991 INFO::Fitting model to feature number 566, Acetatifactor sp910577035
2026-01-11 16:25:37.419749 INFO::Fitting model to feature number 567, Acetatifactor sp910578995
2026-01-11 16:25:37.426584 INFO::Fitting model to feature number 568, Acetatifactor sp910578185
2026-01-11 16:25:37.435332 INFO::Fitting model to feature number 569, MGYG000327004
2026-01-11 16:25:37.443665 INFO::Fitting model to feature number 570, Acetatifactor sp910586485
2026-01-11 16:25:37.450191 INFO::Fitting model to feature number 571, MGYG000331015
2026-01-11 16:25:37.455853 INFO::Fitting model to feature number 572, Acetatifactor sp910587555
2026-01-11 16:25:37.462274 INFO::Fitting model to feature number 573, 1XD8-76 sp910578085
2026-01-11 16:25:37.467746 INFO::Fitting model to feature number 574, 1XD8-76 sp910573755
2026-01-11 16:25:37.47325 INFO::Fitting model to feature number 575, 1XD8-76 sp910577955
2026-01-11 16:25:37.480844 INFO::Fitting model to feature number 576, UBA3282 sp009774175
2026-01-11 16:25:37.489867 INFO::Fitting model to feature number 577, UBA3282 sp910575245
2026-01-11 16:25:37.498691 INFO::Fitting model to feature number 578, UBA3282 sp009774655
2026-01-11 16:25:37.505573 INFO::Fitting model to feature number 579, UBA3282 sp910577735
2026-01-11 16:25:37.513494 INFO::Fitting model to feature number 580, UBA3282 sp910588215
2026-01-11 16:25:37.521926 INFO::Fitting model to feature number 581, UBA3282 sp910584725
2026-01-11 16:25:37.530513 INFO::Fitting model to feature number 582, MGYG000329173
2026-01-11 16:25:37.538336 INFO::Fitting model to feature number 583, MGYG000325371
2026-01-11 16:25:37.564336 INFO::Fitting model to feature number 584, MGYG000324467
2026-01-11 16:25:37.57011 INFO::Fitting model to feature number 585, UBA3282 sp910587095
2026-01-11 16:25:37.575233 INFO::Fitting model to feature number 586, UBA3282 sp009774585
2026-01-11 16:25:37.582313 INFO::Fitting model to feature number 587, UBA3282 sp910576815
2026-01-11 16:25:37.587865 INFO::Fitting model to feature number 588, UBA3282 sp910575775
2026-01-11 16:25:37.59404 INFO::Fitting model to feature number 589, UBA3282 sp003611805
2026-01-11 16:25:37.599641 INFO::Fitting model to feature number 590, UBA3282 sp910579285
2026-01-11 16:25:37.604724 INFO::Fitting model to feature number 591, UBA3282 sp910579505
2026-01-11 16:25:37.61061 INFO::Fitting model to feature number 592, MGYG000328328
2026-01-11 16:25:37.616609 INFO::Fitting model to feature number 593, MGYG000325448
2026-01-11 16:25:37.622241 INFO::Fitting model to feature number 594, MGYG000328360
2026-01-11 16:25:37.628424 INFO::Fitting model to feature number 595, MGYG000323430
2026-01-11 16:25:37.633806 INFO::Fitting model to feature number 596, UBA3282 sp003612405
2026-01-11 16:25:37.638817 INFO::Fitting model to feature number 597, UBA3282 sp009774215
2026-01-11 16:25:37.645383 INFO::Fitting model to feature number 598, MGYG000324289
2026-01-11 16:25:37.651206 INFO::Fitting model to feature number 599, Paralachnospira sp910588815
2026-01-11 16:25:37.656595 INFO::Fitting model to feature number 600, Paralachnospira sp022800815
2026-01-11 16:25:37.663471 INFO::Fitting model to feature number 601, Paralachnospira sp910587905
2026-01-11 16:25:37.669849 INFO::Fitting model to feature number 602, COE1 sp002490665
2026-01-11 16:25:37.676828 INFO::Fitting model to feature number 603, COE1 sp009774395
2026-01-11 16:25:37.684226 INFO::Fitting model to feature number 604, COE1 sp000403335
2026-01-11 16:25:37.689849 INFO::Fitting model to feature number 605, MGYG000410938
2026-01-11 16:25:37.696273 INFO::Fitting model to feature number 606, MGYG000325626
2026-01-11 16:25:37.702048 INFO::Fitting model to feature number 607, COE1 sp002358575
2026-01-11 16:25:37.707625 INFO::Fitting model to feature number 608, MGYG000325712
2026-01-11 16:25:37.71476 INFO::Fitting model to feature number 609, COE1 sp910586585
2026-01-11 16:25:37.721899 INFO::Fitting model to feature number 610, COE1 sp910586715
2026-01-11 16:25:37.72918 INFO::Fitting model to feature number 611, COE1 sp910579275
2026-01-11 16:25:37.736276 INFO::Fitting model to feature number 612, CAG-95 sp910585005
2026-01-11 16:25:37.74185 INFO::Fitting model to feature number 613, CAG-95 sp009917455
2026-01-11 16:25:37.750137 INFO::Fitting model to feature number 614, CAG-95 sp910579685
2026-01-11 16:25:37.7584 INFO::Fitting model to feature number 615, CAG-95 sp910579425
2026-01-11 16:25:37.766864 INFO::Fitting model to feature number 616, CAG-95 sp910579495
2026-01-11 16:25:37.774804 INFO::Fitting model to feature number 617, CAG-95 sp003612395
2026-01-11 16:25:37.783058 INFO::Fitting model to feature number 618, CAG-95 sp910586025
2026-01-11 16:25:37.791118 INFO::Fitting model to feature number 619, CAG-95 sp910577275
2026-01-11 16:25:37.799616 INFO::Fitting model to feature number 620, CAG-95 sp009911035
2026-01-11 16:25:37.808049 INFO::Fitting model to feature number 621, CAG-95 sp910585075
2026-01-11 16:25:37.816637 INFO::Fitting model to feature number 622, MGYG000410775
2026-01-11 16:25:37.823646 INFO::Fitting model to feature number 623, MGYG000325648
2026-01-11 16:25:37.831297 INFO::Fitting model to feature number 624, CAG-95 sp011959285
2026-01-11 16:25:37.83823 INFO::Fitting model to feature number 625, UBA7109 sp910576335
2026-01-11 16:25:37.845496 INFO::Fitting model to feature number 626, UBA7109 sp910575605
2026-01-11 16:25:37.853853 INFO::Fitting model to feature number 627, MGYG000323043
2026-01-11 16:25:37.862134 INFO::Fitting model to feature number 628, MGYG000405682
2026-01-11 16:25:37.869767 INFO::Fitting model to feature number 629, MGYG000368546
2026-01-11 16:25:37.876433 INFO::Fitting model to feature number 630, Ventrimonas sp910575255
2026-01-11 16:25:37.883414 INFO::Fitting model to feature number 631, Ventrimonas sp910577765
2026-01-11 16:25:37.888222 INFO::Fitting model to feature number 632, Ventrimonas sp910586255
2026-01-11 16:25:37.8935 INFO::Fitting model to feature number 633, Ventrimonas sp003611875
2026-01-11 16:25:37.899004 INFO::Fitting model to feature number 634, Ventrimonas sp009911065
2026-01-11 16:25:37.903957 INFO::Fitting model to feature number 635, MGYG000410706
2026-01-11 16:25:37.909034 INFO::Fitting model to feature number 636, MGYG000327273
2026-01-11 16:25:37.915124 INFO::Fitting model to feature number 637, Ventrimonas sp910577655
2026-01-11 16:25:37.920434 INFO::Fitting model to feature number 638, Ventrimonas sp022799175
2026-01-11 16:25:37.925753 INFO::Fitting model to feature number 639, MGYG000324149
2026-01-11 16:25:37.933118 INFO::Fitting model to feature number 640, UBA3402 sp910574345
2026-01-11 16:25:37.938526 INFO::Fitting model to feature number 641, UBA3402 sp910575585
2026-01-11 16:25:37.945698 INFO::Fitting model to feature number 642, MGYG000410803
2026-01-11 16:25:37.952876 INFO::Fitting model to feature number 643, UBA3402 sp910588325
2026-01-11 16:25:37.959569 INFO::Fitting model to feature number 644, UBA3402 sp022798105
2026-01-11 16:25:37.965998 INFO::Fitting model to feature number 645, UBA3402 sp022795805
2026-01-11 16:25:37.971161 INFO::Fitting model to feature number 646, UBA3402 sp002358555
2026-01-11 16:25:37.977248 INFO::Fitting model to feature number 647, UBA3402 sp910588865
2026-01-11 16:25:37.983944 INFO::Fitting model to feature number 648, UBA3402 sp022796015
2026-01-11 16:25:37.990703 INFO::Fitting model to feature number 649, UBA3402 sp910586845
2026-01-11 16:25:37.99789 INFO::Fitting model to feature number 650, UBA3402 sp910585435
2026-01-11 16:25:38.003809 INFO::Fitting model to feature number 651, UBA3402 sp910577935
2026-01-11 16:25:38.008968 INFO::Fitting model to feature number 652, UBA3402 sp910585645
2026-01-11 16:25:38.015644 INFO::Fitting model to feature number 653, UBA3402 sp021769025
2026-01-11 16:25:38.021524 INFO::Fitting model to feature number 654, 1XD42-69 sp011959925
2026-01-11 16:25:38.028974 INFO::Fitting model to feature number 655, 1XD42-69 sp009911505
2026-01-11 16:25:38.036454 INFO::Fitting model to feature number 656, 1XD42-69 sp022794015
2026-01-11 16:25:38.043518 INFO::Fitting model to feature number 657, 1XD42-69 sp910588565
2026-01-11 16:25:38.051085 INFO::Fitting model to feature number 658, 1XD42-69 sp910577065
2026-01-11 16:25:38.058085 INFO::Fitting model to feature number 659, 1XD42-69 sp910586645
2026-01-11 16:25:38.066514 INFO::Fitting model to feature number 660, Merdisoma sp009917555
2026-01-11 16:25:38.073833 INFO::Fitting model to feature number 661, Merdisoma sp910574255
2026-01-11 16:25:38.081732 INFO::Fitting model to feature number 662, Merdisoma sp011959465
2026-01-11 16:25:38.089751 INFO::Fitting model to feature number 663, Merdisoma sp910574835
2026-01-11 16:25:38.098538 INFO::Fitting model to feature number 664, Merdisoma sp910574475
2026-01-11 16:25:38.106578 INFO::Fitting model to feature number 665, MGYG000330323
2026-01-11 16:25:38.116549 INFO::Fitting model to feature number 666, Merdisoma sp022791635
2026-01-11 16:25:38.123854 INFO::Fitting model to feature number 667, Kineothrix sp011958945
2026-01-11 16:25:38.131367 INFO::Fitting model to feature number 668, Kineothrix sp910579935
2026-01-11 16:25:38.136692 INFO::Fitting model to feature number 669, Kineothrix sp910576535
2026-01-11 16:25:38.141863 INFO::Fitting model to feature number 670, MGYG000327499
2026-01-11 16:25:38.149413 INFO::Fitting model to feature number 671, Kineothrix sp000403275
2026-01-11 16:25:38.156904 INFO::Fitting model to feature number 672, Kineothrix sp910588855
2026-01-11 16:25:38.165239 INFO::Fitting model to feature number 673, Kineothrix sp910587275
2026-01-11 16:25:38.172892 INFO::Fitting model to feature number 674, MGYG000326008
2026-01-11 16:25:38.181115 INFO::Fitting model to feature number 675, Kineothrix sp910585965
2026-01-11 16:25:38.189444 INFO::Fitting model to feature number 676, Kineothrix sp009911195
2026-01-11 16:25:38.198176 INFO::Fitting model to feature number 677, RGIG4057 sp910587085
2026-01-11 16:25:38.207595 INFO::Fitting model to feature number 678, RGIG4057 sp910579615
2026-01-11 16:25:38.216343 INFO::Fitting model to feature number 679, UMGS1370 sp910577645
2026-01-11 16:25:38.224874 INFO::Fitting model to feature number 680, UMGS1370 sp910586755
2026-01-11 16:25:38.233236 INFO::Fitting model to feature number 681, UBA2882 sp910574745
2026-01-11 16:25:38.241969 INFO::Fitting model to feature number 682, Eubacterium_J sp910574915
2026-01-11 16:25:38.251093 INFO::Fitting model to feature number 683, Eubacterium_J sp910579075
2026-01-11 16:25:38.256524 INFO::Fitting model to feature number 684, Eubacterium_J sp910580075
2026-01-11 16:25:38.26434 INFO::Fitting model to feature number 685, Eubacterium_J sp910584595
2026-01-11 16:25:38.272021 INFO::Fitting model to feature number 686, MGYG000330231
2026-01-11 16:25:38.280657 INFO::Fitting model to feature number 687, MGYG000327453
2026-01-11 16:25:38.290318 INFO::Fitting model to feature number 688, Butyribacter sp910575435
2026-01-11 16:25:38.299287 INFO::Fitting model to feature number 689, Butyribacter sp910585905
2026-01-11 16:25:38.308552 INFO::Fitting model to feature number 690, MGYG000330019
2026-01-11 16:25:38.318239 INFO::Fitting model to feature number 691, Butyribacter sp009774235
2026-01-11 16:25:38.327281 INFO::Fitting model to feature number 692, VSOB01 sp009774625
2026-01-11 16:25:38.336251 INFO::Fitting model to feature number 693, VSOB01 sp910587155
2026-01-11 16:25:38.345457 INFO::Fitting model to feature number 694, VSOB01 sp910587635
2026-01-11 16:25:38.354423 INFO::Fitting model to feature number 695, Copromonas sp009917545
2026-01-11 16:25:38.36342 INFO::Fitting model to feature number 696, Copromonas sp910575275
2026-01-11 16:25:38.372678 INFO::Fitting model to feature number 697, Copromonas sp022792295
2026-01-11 16:25:38.381409 INFO::Fitting model to feature number 698, Copromonas sp910586315
2026-01-11 16:25:38.390269 INFO::Fitting model to feature number 699, Bariatricus sp022793995
2026-01-11 16:25:38.398251 INFO::Fitting model to feature number 700, Clostridium_Q sp910575795
2026-01-11 16:25:38.405738 INFO::Fitting model to feature number 701, RGIG4284 sp910576205
2026-01-11 16:25:38.413707 INFO::Fitting model to feature number 702, RGIG4284 sp022796795
2026-01-11 16:25:38.421013 INFO::Fitting model to feature number 703, RGIG7193 sp022793375
2026-01-11 16:25:38.42904 INFO::Fitting model to feature number 704, RGIG7193 sp022791755
2026-01-11 16:25:38.434676 INFO::Fitting model to feature number 705, Roseburia sp910587865
2026-01-11 16:25:38.440256 INFO::Fitting model to feature number 706, Roseburia sp910584215
2026-01-11 16:25:38.446543 INFO::Fitting model to feature number 707, MGYG000329248
2026-01-11 16:25:38.453814 INFO::Fitting model to feature number 708, Lachnospira sp910589305
2026-01-11 16:25:38.459346 INFO::Fitting model to feature number 709, Eubacterium_G sp910584795
2026-01-11 16:25:38.467086 INFO::Fitting model to feature number 710, Eubacterium_G sp910574895
2026-01-11 16:25:38.474143 INFO::Fitting model to feature number 711, Paralachnospira_A sp910588405
2026-01-11 16:25:38.48189 INFO::Fitting model to feature number 712, Paralachnospira_A sp910579325
2026-01-11 16:25:38.487707 INFO::Fitting model to feature number 713, CAG-317 sp910578495
2026-01-11 16:25:38.493106 INFO::Fitting model to feature number 714, CAG-317 sp011960265
2026-01-11 16:25:38.499797 INFO::Fitting model to feature number 715, JAAWJJ01 sp022796875
2026-01-11 16:25:38.505924 INFO::Fitting model to feature number 716, Blautia_A sp900551075
2026-01-11 16:25:38.51352 INFO::Fitting model to feature number 717, Blautia_A massiliensis
2026-01-11 16:25:38.520896 INFO::Fitting model to feature number 718, CAG-56 sp004793585
2026-01-11 16:25:38.526941 INFO::Fitting model to feature number 719, Enterocloster aldenensis
2026-01-11 16:25:38.533375 INFO::Fitting model to feature number 720, Enterocloster clostridioformis
2026-01-11 16:25:38.539108 INFO::Fitting model to feature number 721, Choladousia sp003612585
2026-01-11 16:25:38.545205 INFO::Fitting model to feature number 722, CAG-510 sp910577105
2026-01-11 16:25:38.551056 INFO::Fitting model to feature number 723, MGYG000325650
2026-01-11 16:25:38.556291 INFO::Fitting model to feature number 724, CAG-590 sp910585605
2026-01-11 16:25:38.562637 INFO::Fitting model to feature number 725, Blautia pseudococcoides
2026-01-11 16:25:38.570345 INFO::Fitting model to feature number 726, Eisenbergiella sp910585455
2026-01-11 16:25:38.577811 INFO::Fitting model to feature number 727, MGYG000392808
2026-01-11 16:25:38.585007 INFO::Fitting model to feature number 728, W0P33-017 sp910589045
2026-01-11 16:25:38.591213 INFO::Fitting model to feature number 729, SIG307 sp910579465
2026-01-11 16:25:38.599068 INFO::Fitting model to feature number 730, MGYG000326869
2026-01-11 16:25:38.604444 INFO::Fitting model to feature number 731, CAG-603 sp910583605
2026-01-11 16:25:38.609482 INFO::Fitting model to feature number 732, Marvinbryantia sp900550755
2026-01-11 16:25:38.616035 INFO::Fitting model to feature number 733, RGIG8607 sp910577045
2026-01-11 16:25:38.622102 INFO::Fitting model to feature number 734, MGYG000326584
2026-01-11 16:25:38.627411 INFO::Fitting model to feature number 735, MGBC114844 sp910585255
2026-01-11 16:25:38.633571 INFO::Fitting model to feature number 736, MGYG000325493
2026-01-11 16:25:38.640185 INFO::Fitting model to feature number 737, MGYG000329929
2026-01-11 16:25:38.648987 INFO::Fitting model to feature number 738, UBA2821 sp014799465
2026-01-11 16:25:38.656667 INFO::Fitting model to feature number 739, MGBC100174 sp910576895
2026-01-11 16:25:38.659454 WARNING::Fitting problem for feature 739 returning NA
2026-01-11 16:25:38.662457 INFO::Fitting model to feature number 740, Muricomes contortus_B
2026-01-11 16:25:38.669356 INFO::Fitting model to feature number 741, Extibacter muris
2026-01-11 16:25:38.676188 INFO::Fitting model to feature number 742, Anaerotignum sp910576545
2026-01-11 16:25:38.683629 INFO::Fitting model to feature number 743, Anaerotignum sp910578425
2026-01-11 16:25:38.689765 INFO::Fitting model to feature number 744, Coprocola sp910575055
2026-01-11 16:25:38.696893 INFO::Fitting model to feature number 745, Enterenecus sp910588495
2026-01-11 16:25:38.702821 INFO::Fitting model to feature number 746, Enterenecus sp910587285
2026-01-11 16:25:38.709491 INFO::Fitting model to feature number 747, MGYG000327450
2026-01-11 16:25:38.716633 INFO::Fitting model to feature number 748, Enterenecus sp910588625
2026-01-11 16:25:38.722815 INFO::Fitting model to feature number 749, Enterenecus sp910575695
2026-01-11 16:25:38.730131 INFO::Fitting model to feature number 750, MGYG000326888
2026-01-11 16:25:38.736204 INFO::Fitting model to feature number 751, Enterenecus sp910585155
2026-01-11 16:25:38.742913 INFO::Fitting model to feature number 752, MGYG000331159
2026-01-11 16:25:38.75019 INFO::Fitting model to feature number 753, Enterenecus sp910579595
2026-01-11 16:25:38.756922 INFO::Fitting model to feature number 754, MGYG000410353
2026-01-11 16:25:38.76349 INFO::Fitting model to feature number 755, Enterenecus sp910577525
2026-01-11 16:25:38.76951 INFO::Fitting model to feature number 756, Enterenecus sp910587395
2026-01-11 16:25:38.777107 INFO::Fitting model to feature number 757, MGYG000328307
2026-01-11 16:25:38.785855 INFO::Fitting model to feature number 758, Enterenecus sp910587255
2026-01-11 16:25:38.792965 INFO::Fitting model to feature number 759, Enterenecus sp910588105
2026-01-11 16:25:38.801028 INFO::Fitting model to feature number 760, MGYG000410945
2026-01-11 16:25:38.808375 INFO::Fitting model to feature number 761, Enterenecus sp910579155
2026-01-11 16:25:38.817228 INFO::Fitting model to feature number 762, MGYG000322966
2026-01-11 16:25:38.824033 INFO::Fitting model to feature number 763, MGYG000410761
2026-01-11 16:25:38.83235 INFO::Fitting model to feature number 764, Enterenecus sp910587205
2026-01-11 16:25:38.840372 INFO::Fitting model to feature number 765, MGYG000410914
2026-01-11 16:25:38.849188 INFO::Fitting model to feature number 766, Enterenecus sp910584285
2026-01-11 16:25:38.857048 INFO::Fitting model to feature number 767, MGYG000327286
2026-01-11 16:25:38.865137 INFO::Fitting model to feature number 768, Enterenecus sp910585265
2026-01-11 16:25:38.874027 INFO::Fitting model to feature number 769, Enterenecus sp910584835
2026-01-11 16:25:38.882595 INFO::Fitting model to feature number 770, Enterenecus sp910588135
2026-01-11 16:25:38.891357 INFO::Fitting model to feature number 771, MGYG000329348
2026-01-11 16:25:38.899858 INFO::Fitting model to feature number 772, MGYG000325584
2026-01-11 16:25:38.907524 INFO::Fitting model to feature number 773, MGYG000410874
2026-01-11 16:25:38.916262 INFO::Fitting model to feature number 774, MGYG000360698
2026-01-11 16:25:38.924801 INFO::Fitting model to feature number 775, Lawsonibacter sp003612335
2026-01-11 16:25:38.933776 INFO::Fitting model to feature number 776, Lawsonibacter sp910585815
2026-01-11 16:25:38.941306 INFO::Fitting model to feature number 777, Lawsonibacter sp910584605
2026-01-11 16:25:38.949302 INFO::Fitting model to feature number 778, Lawsonibacter sp910575265
2026-01-11 16:25:38.957077 INFO::Fitting model to feature number 779, MGYG000432202
2026-01-11 16:25:38.964105 INFO::Fitting model to feature number 780, Lawsonibacter sp022799835
2026-01-11 16:25:38.971019 INFO::Fitting model to feature number 781, MGYG000433528
2026-01-11 16:25:38.979607 INFO::Fitting model to feature number 782, Lawsonibacter sp022794495
2026-01-11 16:25:38.98845 INFO::Fitting model to feature number 783, MGYG000410681
2026-01-11 16:25:38.996909 INFO::Fitting model to feature number 784, Lawsonibacter sp910578735
2026-01-11 16:25:39.003178 INFO::Fitting model to feature number 785, MGYG000325175
2026-01-11 16:25:39.011669 INFO::Fitting model to feature number 786, Lawsonibacter sp022801435
2026-01-11 16:25:39.019991 INFO::Fitting model to feature number 787, Lawsonibacter sp009911645
2026-01-11 16:25:39.026474 INFO::Fitting model to feature number 788, Lawsonibacter sp943192995
2026-01-11 16:25:39.033182 INFO::Fitting model to feature number 789, MGYG000329509
2026-01-11 16:25:39.038696 INFO::Fitting model to feature number 790, Lawsonibacter sp022798855
2026-01-11 16:25:39.044161 INFO::Fitting model to feature number 791, Lawsonibacter sp910588455
2026-01-11 16:25:39.050831 INFO::Fitting model to feature number 792, Lawsonibacter sp910589085
2026-01-11 16:25:39.058422 INFO::Fitting model to feature number 793, Lawsonibacter sp022793355
2026-01-11 16:25:39.065397 INFO::Fitting model to feature number 794, MGYG000328991
2026-01-11 16:25:39.07109 INFO::Fitting model to feature number 795, Lawsonibacter sp022795855
2026-01-11 16:25:39.076505 INFO::Fitting model to feature number 796, Lawsonibacter sp022791995
2026-01-11 16:25:39.084436 INFO::Fitting model to feature number 797, MGYG000323117
2026-01-11 16:25:39.091465 INFO::Fitting model to feature number 798, Lawsonibacter sp000492175
2026-01-11 16:25:39.098698 INFO::Fitting model to feature number 799, MGYG000324476
2026-01-11 16:25:39.104101 INFO::Fitting model to feature number 800, MGYG000411366
2026-01-11 16:25:39.10959 INFO::Fitting model to feature number 801, MGYG000345714
2026-01-11 16:25:39.117119 INFO::Fitting model to feature number 802, MGYG000329989
2026-01-11 16:25:39.12415 INFO::Fitting model to feature number 803, Lawsonibacter sp910577805
2026-01-11 16:25:39.130965 INFO::Fitting model to feature number 804, MGYG000410703
2026-01-11 16:25:39.136386 INFO::Fitting model to feature number 805, MGYG000329873
2026-01-11 16:25:39.14165 INFO::Fitting model to feature number 806, Lawsonibacter sp022796195
2026-01-11 16:25:39.147866 INFO::Fitting model to feature number 807, MGYG000411569
2026-01-11 16:25:39.153493 INFO::Fitting model to feature number 808, MGYG000327081
2026-01-11 16:25:39.159273 INFO::Fitting model to feature number 809, Dysosmobacter sp009774015
2026-01-11 16:25:39.167348 INFO::Fitting model to feature number 810, Dysosmobacter sp910583785
2026-01-11 16:25:39.173508 INFO::Fitting model to feature number 811, Dysosmobacter sp910575815
2026-01-11 16:25:39.182129 INFO::Fitting model to feature number 812, Dysosmobacter sp910579365
2026-01-11 16:25:39.191626 INFO::Fitting model to feature number 813, Dysosmobacter sp910587705
2026-01-11 16:25:39.200679 INFO::Fitting model to feature number 814, Dysosmobacter sp910586735
2026-01-11 16:25:39.210327 INFO::Fitting model to feature number 815, Dysosmobacter sp910585385
2026-01-11 16:25:39.21899 INFO::Fitting model to feature number 816, Dysosmobacter sp022791875
2026-01-11 16:25:39.238728 INFO::Fitting model to feature number 817, Dysosmobacter sp910583695
2026-01-11 16:25:39.24765 INFO::Fitting model to feature number 818, Dysosmobacter sp000403435
2026-01-11 16:25:39.256644 INFO::Fitting model to feature number 819, Dysosmobacter sp022791135
2026-01-11 16:25:39.266144 INFO::Fitting model to feature number 820, Dysosmobacter sp910588175
2026-01-11 16:25:39.272852 INFO::Fitting model to feature number 821, Dysosmobacter sp022795445
2026-01-11 16:25:39.282146 INFO::Fitting model to feature number 822, Dysosmobacter sp910575505
2026-01-11 16:25:39.290995 INFO::Fitting model to feature number 823, Dysosmobacter sp009773995
2026-01-11 16:25:39.300152 INFO::Fitting model to feature number 824, Dysosmobacter sp022801815
2026-01-11 16:25:39.309234 INFO::Fitting model to feature number 825, Dysosmobacter sp910577405
2026-01-11 16:25:39.319019 INFO::Fitting model to feature number 826, Dysosmobacter sp910578935
2026-01-11 16:25:39.328194 INFO::Fitting model to feature number 827, Dysosmobacter sp910576865
2026-01-11 16:25:39.337698 INFO::Fitting model to feature number 828, MGYG000330291
2026-01-11 16:25:39.346752 INFO::Fitting model to feature number 829, MGYG000409008
2026-01-11 16:25:39.355222 INFO::Fitting model to feature number 830, Dysosmobacter sp910589315
2026-01-11 16:25:39.363384 INFO::Fitting model to feature number 831, Dysosmobacter sp910587525
2026-01-11 16:25:39.372302 INFO::Fitting model to feature number 832, Dysosmobacter sp910587875
2026-01-11 16:25:39.382052 INFO::Fitting model to feature number 833, Dysosmobacter sp910584995
2026-01-11 16:25:39.390943 INFO::Fitting model to feature number 834, Dysosmobacter sp910579435
2026-01-11 16:25:39.401595 INFO::Fitting model to feature number 835, MGYG000411389
2026-01-11 16:25:39.410244 INFO::Fitting model to feature number 836, MGYG000325877
2026-01-11 16:25:39.419035 INFO::Fitting model to feature number 837, Dysosmobacter sp910584075
2026-01-11 16:25:39.427376 INFO::Fitting model to feature number 838, Dysosmobacter sp910585245
2026-01-11 16:25:39.435877 INFO::Fitting model to feature number 839, MGYG000373829
2026-01-11 16:25:39.443077 INFO::Fitting model to feature number 840, Dysosmobacter sp910584465
2026-01-11 16:25:39.449693 INFO::Fitting model to feature number 841, MGYG000330443
2026-01-11 16:25:39.454854 INFO::Fitting model to feature number 842, MGYG000326793
2026-01-11 16:25:39.460216 INFO::Fitting model to feature number 843, Dysosmobacter sp910576845
2026-01-11 16:25:39.466512 INFO::Fitting model to feature number 844, MGYG000329180
2026-01-11 16:25:39.471894 INFO::Fitting model to feature number 845, Pelethomonas sp910578505
2026-01-11 16:25:39.477755 INFO::Fitting model to feature number 846, Pelethomonas sp910579965
2026-01-11 16:25:39.484224 INFO::Fitting model to feature number 847, Pelethomonas sp910579485
2026-01-11 16:25:39.489788 INFO::Fitting model to feature number 848, Pelethomonas sp910587785
2026-01-11 16:25:39.49687 INFO::Fitting model to feature number 849, Pelethomonas sp022800665
2026-01-11 16:25:39.504252 INFO::Fitting model to feature number 850, Pelethomonas sp009774055
2026-01-11 16:25:39.511748 INFO::Fitting model to feature number 851, Pelethomonas sp022804995
2026-01-11 16:25:39.520742 INFO::Fitting model to feature number 852, Pelethomonas sp014237695
2026-01-11 16:25:39.530409 INFO::Fitting model to feature number 853, Pelethomonas sp022795905
2026-01-11 16:25:39.540038 INFO::Fitting model to feature number 854, MGYG000326866
2026-01-11 16:25:39.548518 INFO::Fitting model to feature number 855, Pelethomonas sp910583885
2026-01-11 16:25:39.558129 INFO::Fitting model to feature number 856, Pelethomonas sp910588365
2026-01-11 16:25:39.567291 INFO::Fitting model to feature number 857, MGYG000410776
2026-01-11 16:25:39.576458 INFO::Fitting model to feature number 858, Pelethomonas sp910587645
2026-01-11 16:25:39.585627 INFO::Fitting model to feature number 859, Pelethomonas sp022800525
2026-01-11 16:25:39.594934 INFO::Fitting model to feature number 860, Pelethomonas sp910588045
2026-01-11 16:25:39.604059 INFO::Fitting model to feature number 861, MGYG000325557
2026-01-11 16:25:39.61194 INFO::Fitting model to feature number 862, Pelethomonas sp910579725
2026-01-11 16:25:39.634032 INFO::Fitting model to feature number 863, Pelethomonas sp910577915
2026-01-11 16:25:39.654871 INFO::Fitting model to feature number 864, Pelethomonas sp910587505
2026-01-11 16:25:39.664001 INFO::Fitting model to feature number 865, MGYG000325617
2026-01-11 16:25:39.672865 INFO::Fitting model to feature number 866, Evtepia sp910584805
2026-01-11 16:25:39.683313 INFO::Fitting model to feature number 867, Evtepia sp022792035
2026-01-11 16:25:39.692491 INFO::Fitting model to feature number 868, Evtepia sp910578575
2026-01-11 16:25:39.705856 INFO::Fitting model to feature number 869, Marseille-P3106 sp022799035
2026-01-11 16:25:39.72382 INFO::Fitting model to feature number 870, Marseille-P3106 sp910587345
2026-01-11 16:25:39.761132 INFO::Fitting model to feature number 871, Marseille-P3106 sp910588975
2026-01-11 16:25:39.770137 INFO::Fitting model to feature number 872, MGYG000410458
2026-01-11 16:25:39.782032 INFO::Fitting model to feature number 873, Marseille-P3106 sp910585735
2026-01-11 16:25:39.79182 INFO::Fitting model to feature number 874, Marseille-P3106 sp022792495
2026-01-11 16:25:39.812129 INFO::Fitting model to feature number 875, Marseille-P3106 sp022794215
2026-01-11 16:25:39.826162 INFO::Fitting model to feature number 876, Marseille-P3106 sp022800215
2026-01-11 16:25:39.839817 INFO::Fitting model to feature number 877, MGYG000326975
2026-01-11 16:25:39.862784 INFO::Fitting model to feature number 878, NSJ-51 sp910585415
2026-01-11 16:25:39.875489 INFO::Fitting model to feature number 879, MGYG000326314
2026-01-11 16:25:39.885187 INFO::Fitting model to feature number 880, MGYG000325278
2026-01-11 16:25:39.89383 INFO::Fitting model to feature number 881, CAJFPI01 sp022801715
2026-01-11 16:25:39.906789 INFO::Fitting model to feature number 882, MGYG000327336
2026-01-11 16:25:39.916212 INFO::Fitting model to feature number 883, MGYG000328896
2026-01-11 16:25:39.925789 INFO::Fitting model to feature number 884, MGYG000329428
2026-01-11 16:25:39.935249 INFO::Fitting model to feature number 885, MGYG000329835
2026-01-11 16:25:39.945169 INFO::Fitting model to feature number 886, MGYG000410456
2026-01-11 16:25:39.962837 INFO::Fitting model to feature number 887, CAKUEI01 sp022793685
2026-01-11 16:25:39.972364 INFO::Fitting model to feature number 888, Avoscillospira_A sp022792945
2026-01-11 16:25:39.994197 INFO::Fitting model to feature number 889, JAAWCD01 sp022793095
2026-01-11 16:25:40.006235 INFO::Fitting model to feature number 890, Acutalibacter sp910588935
2026-01-11 16:25:40.015418 INFO::Fitting model to feature number 891, Acutalibacter sp009936035
2026-01-11 16:25:40.024694 INFO::Fitting model to feature number 892, Acutalibacter sp910589395
2026-01-11 16:25:40.033775 INFO::Fitting model to feature number 893, Acutalibacter sp910574935
2026-01-11 16:25:40.043252 INFO::Fitting model to feature number 894, Acutalibacter sp009917445
2026-01-11 16:25:40.052058 INFO::Fitting model to feature number 895, Acutalibacter muris
2026-01-11 16:25:40.060694 INFO::Fitting model to feature number 896, Acutalibacter sp910587835
2026-01-11 16:25:40.069706 INFO::Fitting model to feature number 897, MGYG000406378
2026-01-11 16:25:40.07837 INFO::Fitting model to feature number 898, Acutalibacter sp009917525
2026-01-11 16:25:40.088409 INFO::Fitting model to feature number 899, MGYG000328916
2026-01-11 16:25:40.09713 INFO::Fitting model to feature number 900, Acutalibacter sp910574995
2026-01-11 16:25:40.106612 INFO::Fitting model to feature number 901, Acutalibacter sp910580045
2026-01-11 16:25:40.125221 INFO::Fitting model to feature number 902, Acutalibacter sp003612555
2026-01-11 16:25:40.134613 INFO::Fitting model to feature number 903, Acutalibacter sp910587995
2026-01-11 16:25:40.143808 INFO::Fitting model to feature number 904, Acutalibacter sp910588415
2026-01-11 16:25:40.153038 INFO::Fitting model to feature number 905, Acutalibacter sp910584745
2026-01-11 16:25:40.169908 INFO::Fitting model to feature number 906, MGYG000330157
2026-01-11 16:25:40.178798 INFO::Fitting model to feature number 907, MGYG000331301
2026-01-11 16:25:40.187714 INFO::Fitting model to feature number 908, MGYG000410931
2026-01-11 16:25:40.196166 INFO::Fitting model to feature number 909, MGYG000328573
2026-01-11 16:25:40.204983 INFO::Fitting model to feature number 910, Acutalibacter stercorigallinarum
2026-01-11 16:25:40.218552 INFO::Fitting model to feature number 911, Eubacterium_R sp011958665
2026-01-11 16:25:40.232644 INFO::Fitting model to feature number 912, MGYG000337810
2026-01-11 16:25:40.241887 INFO::Fitting model to feature number 913, MGYG000379997
2026-01-11 16:25:40.264559 INFO::Fitting model to feature number 914, MGYG000351739
2026-01-11 16:25:40.271768 INFO::Fitting model to feature number 915, MGYG000410251
2026-01-11 16:25:40.280428 INFO::Fitting model to feature number 916, MGYG000373138
2026-01-11 16:25:40.290386 INFO::Fitting model to feature number 917, MGYG000327182
2026-01-11 16:25:40.304718 INFO::Fitting model to feature number 918, Ruthenibacterium sp013316265
2026-01-11 16:25:40.317165 INFO::Fitting model to feature number 919, Ruminococcus sp910584195
2026-01-11 16:25:40.326391 INFO::Fitting model to feature number 920, Angelakisella sp910585525
2026-01-11 16:25:40.338235 INFO::Fitting model to feature number 921, Angelakisella sp022795575
2026-01-11 16:25:40.354371 INFO::Fitting model to feature number 922, Angelakisella sp910585535
2026-01-11 16:25:40.366468 INFO::Fitting model to feature number 923, Angelakisella sp013316495
2026-01-11 16:25:40.375064 INFO::Fitting model to feature number 924, Ruminiclostridium_E sp910588335
2026-01-11 16:25:40.386628 INFO::Fitting model to feature number 925, MGYG000410125
2026-01-11 16:25:40.395874 INFO::Fitting model to feature number 926, Ruminiclostridium_E sp910585505
2026-01-11 16:25:40.408026 INFO::Fitting model to feature number 927, UBA1405 sp022800935
2026-01-11 16:25:40.420494 INFO::Fitting model to feature number 928, MGYG000331296
2026-01-11 16:25:40.433576 INFO::Fitting model to feature number 929, MGYG000410015
2026-01-11 16:25:40.445871 INFO::Fitting model to feature number 930, UBA1394 sp910588145
2026-01-11 16:25:40.461153 INFO::Fitting model to feature number 931, Anaerotruncus sp000403395
2026-01-11 16:25:40.489145 INFO::Fitting model to feature number 932, Anaerotruncus sp003612625
2026-01-11 16:25:40.500441 INFO::Fitting model to feature number 933, Anaerotruncus colihominis_A
2026-01-11 16:25:40.52319 INFO::Fitting model to feature number 934, Anaerotruncus sp910586875
2026-01-11 16:25:40.536023 INFO::Fitting model to feature number 935, MGYG000410574
2026-01-11 16:25:40.556319 INFO::Fitting model to feature number 936, UBA3818 sp910583935
2026-01-11 16:25:40.564274 WARNING::Fitting problem for feature 936 returning NA
2026-01-11 16:25:40.578032 INFO::Fitting model to feature number 937, JAAVYW01 sp022791315
2026-01-11 16:25:40.589269 INFO::Fitting model to feature number 938, Faecivivens sp022793675
2026-01-11 16:25:40.602063 INFO::Fitting model to feature number 939, RGIG8773 sp910584715
2026-01-11 16:25:40.622745 INFO::Fitting model to feature number 940, QXXE01 sp009911355
2026-01-11 16:25:40.639072 INFO::Fitting model to feature number 941, QXXE01 sp910586575
2026-01-11 16:25:40.648666 INFO::Fitting model to feature number 942, MGYG000327912
2026-01-11 16:25:40.674255 INFO::Fitting model to feature number 943, Butyricicoccus sp910584935
2026-01-11 16:25:40.705539 INFO::Fitting model to feature number 944, Pseudobutyricicoccus sp910579575
2026-01-11 16:25:40.716434 INFO::Fitting model to feature number 945, MGYG000349368
2026-01-11 16:25:40.722855 INFO::Fitting model to feature number 946, Avispirillum sp011957885
2026-01-11 16:25:40.728467 INFO::Fitting model to feature number 947, MGYG000401352
2026-01-11 16:25:40.735022 INFO::Fitting model to feature number 948, Zhenpiania sp009911365
2026-01-11 16:25:40.740328 INFO::Fitting model to feature number 949, Zhenpiania sp910575405
2026-01-11 16:25:40.747808 INFO::Fitting model to feature number 950, Emergencia sp009936045
2026-01-11 16:25:40.753995 INFO::Fitting model to feature number 951, JAAVYD01 sp022790955
2026-01-11 16:25:40.760854 INFO::Fitting model to feature number 952, Fimisoma sp910588185
2026-01-11 16:25:40.767839 INFO::Fitting model to feature number 953, MGYG000410140
2026-01-11 16:25:40.774314 INFO::Fitting model to feature number 954, MGYG000323026
2026-01-11 16:25:40.780356 INFO::Fitting model to feature number 955, Coproplasma sp910579525
2026-01-11 16:25:40.788269 INFO::Fitting model to feature number 956, Coproplasma sp003979335
2026-01-11 16:25:40.79433 INFO::Fitting model to feature number 957, Coproplasma sp013316055
2026-01-11 16:25:40.801296 INFO::Fitting model to feature number 958, Coproplasma sp910577375
2026-01-11 16:25:40.809252 INFO::Fitting model to feature number 959, Coproplasma sp910586065
2026-01-11 16:25:40.815502 INFO::Fitting model to feature number 960, MGYG000328913
2026-01-11 16:25:40.821632 INFO::Fitting model to feature number 961, Coproplasma stercorigallinarum
2026-01-11 16:25:40.827805 INFO::Fitting model to feature number 962, MGBC120929 sp910583735
2026-01-11 16:25:40.8369 INFO::Fitting model to feature number 963, RACS-045 sp910579785
2026-01-11 16:25:40.84457 INFO::Fitting model to feature number 964, QANA01 sp910588425
2026-01-11 16:25:40.8533 INFO::Fitting model to feature number 965, MGYG000324257
2026-01-11 16:25:40.861408 INFO::Fitting model to feature number 966, HGM11386 sp022791055
2026-01-11 16:25:40.870056 INFO::Fitting model to feature number 967, RACS-047 sp013316045
2026-01-11 16:25:40.873893 WARNING::Fitting problem for feature 967 returning NA
2026-01-11 16:25:40.877165 INFO::Fitting model to feature number 968, CAG-475 sp910577815
2026-01-11 16:25:40.886503 INFO::Fitting model to feature number 969, MGYG000328446
2026-01-11 16:25:40.89101 WARNING::Fitting problem for feature 969 returning NA
2026-01-11 16:25:40.894668 INFO::Fitting model to feature number 970, Caccovivens sp910587225
2026-01-11 16:25:40.903339 INFO::Fitting model to feature number 971, CAG-41 sp910578235
2026-01-11 16:25:40.907389 WARNING::Fitting problem for feature 971 returning NA
2026-01-11 16:25:40.909769 INFO::Fitting model to feature number 972, MGYG000410260
2026-01-11 16:25:40.918829 INFO::Fitting model to feature number 973, MGYG000335786
2026-01-11 16:25:40.927655 INFO::Fitting model to feature number 974, MGYG000349464
2026-01-11 16:25:40.93247 WARNING::Fitting problem for feature 974 returning NA
2026-01-11 16:25:40.936055 INFO::Fitting model to feature number 975, CAG-269 sp022792395
2026-01-11 16:25:40.944208 INFO::Fitting model to feature number 976, MGYG000328872
2026-01-11 16:25:40.949034 WARNING::Fitting problem for feature 976 returning NA
2026-01-11 16:25:40.953013 INFO::Fitting model to feature number 977, MGYG000327552
2026-01-11 16:25:40.963267 INFO::Fitting model to feature number 978, RGIG8482 sp022796855
2026-01-11 16:25:40.978117 INFO::Fitting model to feature number 979, JAAWPK01 sp022791735
2026-01-11 16:25:40.988309 INFO::Fitting model to feature number 980, MGYG000375192
2026-01-11 16:25:41.000311 INFO::Fitting model to feature number 981, MGYG000323824
2026-01-11 16:25:41.009148 WARNING::Fitting problem for feature 981 returning NA
2026-01-11 16:25:41.013736 INFO::Fitting model to feature number 982, Akkermansia muciniphila_B
2026-01-11 16:25:41.024602 INFO::Fitting model to feature number 983, Akkermansia sp001580195
2026-01-11 16:25:41.039444 INFO::Fitting model to feature number 984, Parasutterella sp009767915
2026-01-11 16:25:41.048726 INFO::Fitting model to feature number 985, Turicimonas muris
2026-01-11 16:25:41.06594 INFO::Fitting model to feature number 986, MGYG000326933
2026-01-11 16:25:41.075853 INFO::Fitting model to feature number 987, Enterobacter hormaechei_A
2026-01-11 16:25:41.087982 INFO::Fitting model to feature number 988, Methylobacterium persicinum
2026-01-11 16:25:41.097116 INFO::Fitting model to feature number 989, MGYG000329730
2026-01-11 16:25:41.106585 INFO::Fitting model to feature number 990, MGYG000360301
2026-01-11 16:25:41.120231 INFO::Fitting model to feature number 991, Enterousia sp013316395
2026-01-11 16:25:41.13063 INFO::Fitting model to feature number 992, MGYG000410936
2026-01-11 16:25:41.140125 INFO::Fitting model to feature number 993, Scatocola sp910577205
2026-01-11 16:25:41.14892 INFO::Fitting model to feature number 994, MGYG000327352
2026-01-11 16:25:41.156431 INFO::Fitting model to feature number 995, MGBC118957 sp910584385
2026-01-11 16:25:41.164909 INFO::Fitting model to feature number 996, MGYG000391024
2026-01-11 16:25:41.173263 INFO::Fitting model to feature number 997, MGYG000323059
2026-01-11 16:25:41.181827 INFO::Fitting model to feature number 998, MGYG000328709
2026-01-11 16:25:41.190844 INFO::Fitting model to feature number 999, MGYG000411523
2026-01-11 16:25:41.199734 INFO::Fitting model to feature number 1000, MGYG000331169
2026-01-11 16:25:41.207779 INFO::Fitting model to feature number 1001, Nanosyncoccus sp003979185
2026-01-11 16:25:41.216196 INFO::Fitting model to feature number 1002, MGYG000344322
2026-01-11 16:25:41.224623 INFO::Fitting model to feature number 1003, Nanosyncoccus sp013316435
2026-01-11 16:25:41.233443 INFO::Fitting model to feature number 1004, MGYG000348936
2026-01-11 16:25:41.242575 INFO::Fitting model to feature number 1005, MGYG000341210
2026-01-11 16:25:41.25044 INFO::Fitting model to feature number 1006, MGYG000331839
2026-01-11 16:25:41.257947 INFO::Fitting model to feature number 1007, MGYG000328091
2026-01-11 16:25:41.265894 INFO::Fitting model to feature number 1008, Avidehalobacter sp022797295
2026-01-11 16:25:41.271505 INFO::Fitting model to feature number 1009, Avidehalobacter sp021771915
2026-01-11 16:25:41.277021 INFO::Fitting model to feature number 1010, MGYG000410378
2026-01-11 16:25:41.284555 INFO::Fitting model to feature number 1011, MGYG000411020
2026-01-11 16:25:41.29318 INFO::Fitting model to feature number 1012, MGBC122484 sp910587245
2026-01-11 16:25:41.30348 INFO::Fitting model to feature number 1013, MGBC122484 sp910586855
2026-01-11 16:25:41.313444 INFO::Fitting model to feature number 1014, MGBC122484 sp910578465
2026-01-11 16:25:41.32504 INFO::Fitting model to feature number 1015, MGBC122484 sp910587815
2026-01-11 16:25:41.330659 WARNING::Fitting problem for feature 1015 returning NA
2026-01-11 16:25:41.335085 INFO::Fitting model to feature number 1016, Megamonas funiformis
2026-01-11 16:25:41.346063 INFO::Fitting model to feature number 1017, MGYG000325548
2026-01-11 16:25:41.360599 INFO::Fitting model to feature number 1018, MGYG000331077
2026-01-11 16:25:41.371284 INFO::Fitting model to feature number 1019, MGYG000324324
2026-01-11 16:25:41.381867 INFO::Fitting model to feature number 1020, MGYG000333766
2026-01-11 16:25:41.392195 INFO::Fitting model to feature number 1021, UBA3282 sp910578115
2026-01-11 16:25:41.402092 INFO::Fitting model to feature number 1022, Anaerostipes hominis
2026-01-11 16:25:41.407167 INFO::Fitting model to feature number 1023, Bacteroides thetaiotaomicron
2026-01-11 16:25:41.416998 INFO::Fitting model to feature number 1024, C-19 sp910576345
2026-01-11 16:25:41.425884 INFO::Fitting model to feature number 1025, MGYG000410493
2026-01-11 16:25:41.430301 WARNING::Fitting problem for feature 1025 returning NA
2026-01-11 16:25:41.433226 INFO::Fitting model to feature number 1026, Allobaculum sp910579655
2026-01-11 16:25:41.43977 INFO::Fitting model to feature number 1027, MGBC163490 sp910588075
2026-01-11 16:25:41.446408 INFO::Fitting model to feature number 1028, Limosilactobacillus urinaemulieris
2026-01-11 16:25:41.455053 INFO::Fitting model to feature number 1029, Lactiplantibacillus plantarum
2026-01-11 16:25:41.462979 INFO::Fitting model to feature number 1030, Enterococcus_D gallinarum
2026-01-11 16:25:41.47122 INFO::Fitting model to feature number 1031, Granulicatella adiacens
2026-01-11 16:25:41.478965 INFO::Fitting model to feature number 1032, Scybalousia sp910584255
2026-01-11 16:25:41.486777 INFO::Fitting model to feature number 1033, MGYG000325543
2026-01-11 16:25:41.492799 INFO::Fitting model to feature number 1034, Paratractidigestivibacter sp003150175
2026-01-11 16:25:41.500401 INFO::Fitting model to feature number 1035, Collinsella stercoris
2026-01-11 16:25:41.50692 INFO::Fitting model to feature number 1036, Collinsella sp900545445
2026-01-11 16:25:41.518433 INFO::Fitting model to feature number 1037, Collinsella sp002232035
2026-01-11 16:25:41.524457 INFO::Fitting model to feature number 1038, MGYG000330890
2026-01-11 16:25:41.531313 INFO::Fitting model to feature number 1039, Cutibacterium acnes
2026-01-11 16:25:41.537637 INFO::Fitting model to feature number 1040, MGYG000325467
2026-01-11 16:25:41.543555 INFO::Fitting model to feature number 1041, MGYG000325647
2026-01-11 16:25:41.551295 INFO::Fitting model to feature number 1042, MGYG000325468
2026-01-11 16:25:41.557435 INFO::Fitting model to feature number 1043, MGYG000325561
2026-01-11 16:25:41.564408 INFO::Fitting model to feature number 1044, CAG-873 sp014801485
2026-01-11 16:25:41.570629 INFO::Fitting model to feature number 1045, MGYG000325408
2026-01-11 16:25:41.576674 INFO::Fitting model to feature number 1046, CAG-873 sp910579605
2026-01-11 16:25:41.583969 INFO::Fitting model to feature number 1047, CAG-485 sp014802175
2026-01-11 16:25:41.590337 INFO::Fitting model to feature number 1048, CAG-485 sp014801875
2026-01-11 16:25:41.597079 INFO::Fitting model to feature number 1049, CAG-485 sp014803765
2026-01-11 16:25:41.603807 INFO::Fitting model to feature number 1050, MGYG000325797
2026-01-11 16:25:41.609976 INFO::Fitting model to feature number 1051, MGYG000325348
2026-01-11 16:25:41.618245 INFO::Fitting model to feature number 1052, MGYG000325391
2026-01-11 16:25:41.626453 INFO::Fitting model to feature number 1053, MGYG000325606
2026-01-11 16:25:41.635171 INFO::Fitting model to feature number 1054, MGYG000325480
2026-01-11 16:25:41.642817 INFO::Fitting model to feature number 1055, CAG-485 sp014800535
2026-01-11 16:25:41.650739 INFO::Fitting model to feature number 1056, CAG-485 sp014801585
2026-01-11 16:25:41.659177 INFO::Fitting model to feature number 1057, MGYG000325583
2026-01-11 16:25:41.669067 INFO::Fitting model to feature number 1058, MGYG000325430
2026-01-11 16:25:41.677184 INFO::Fitting model to feature number 1059, MGYG000325719
2026-01-11 16:25:41.686368 INFO::Fitting model to feature number 1060, MGYG000325338
2026-01-11 16:25:41.694869 INFO::Fitting model to feature number 1061, MGYG000325306
2026-01-11 16:25:41.70334 INFO::Fitting model to feature number 1062, MGYG000325603
2026-01-11 16:25:41.712091 INFO::Fitting model to feature number 1063, UBA3263 sp014802435
2026-01-11 16:25:41.717399 INFO::Fitting model to feature number 1064, MGYG000325316
2026-01-11 16:25:41.725745 INFO::Fitting model to feature number 1065, MGYG000325659
2026-01-11 16:25:41.734712 INFO::Fitting model to feature number 1066, MGYG000325628
2026-01-11 16:25:41.743146 INFO::Fitting model to feature number 1067, MGYG000325657
2026-01-11 16:25:41.75156 INFO::Fitting model to feature number 1068, MGYG000325523
2026-01-11 16:25:41.759059 INFO::Fitting model to feature number 1069, MGYG000325354
2026-01-11 16:25:41.765677 INFO::Fitting model to feature number 1070, MGYG000325392
2026-01-11 16:25:41.771132 INFO::Fitting model to feature number 1071, JAAVFS01 sp014802385
2026-01-11 16:25:41.777834 INFO::Fitting model to feature number 1072, MGYG000327349
2026-01-11 16:25:41.786654 INFO::Fitting model to feature number 1073, Parabacteroides johnsonii
2026-01-11 16:25:41.794778 INFO::Fitting model to feature number 1074, Parabacteroides sp910577325
2026-01-11 16:25:41.802263 INFO::Fitting model to feature number 1075, Bacteroides faecis
2026-01-11 16:25:41.808668 INFO::Fitting model to feature number 1076, Bacteroides bouchesdurhonensis
2026-01-11 16:25:41.81696 INFO::Fitting model to feature number 1077, Bacteroides ovatus
2026-01-11 16:25:41.82386 INFO::Fitting model to feature number 1078, Bacteroides caccae
2026-01-11 16:25:41.829479 INFO::Fitting model to feature number 1079, MGYG000325504
2026-01-11 16:25:41.835582 INFO::Fitting model to feature number 1080, Bacteroides salyersiae
2026-01-11 16:25:41.840874 INFO::Fitting model to feature number 1081, Bacteroides stercorirosoris
2026-01-11 16:25:41.846697 INFO::Fitting model to feature number 1082, MGYG000325502
2026-01-11 16:25:41.853017 INFO::Fitting model to feature number 1083, Prevotella pectinovora
2026-01-11 16:25:41.858632 INFO::Fitting model to feature number 1084, MGYG000325596
2026-01-11 16:25:41.864814 INFO::Fitting model to feature number 1085, Tidjanibacter sp910577285
2026-01-11 16:25:41.870623 INFO::Fitting model to feature number 1086, Odoribacter sp910588375
2026-01-11 16:25:41.875727 INFO::Fitting model to feature number 1087, Odoribacter sp910578985
2026-01-11 16:25:41.881556 INFO::Fitting model to feature number 1088, Odoribacter sp009935865
2026-01-11 16:25:41.887334 INFO::Fitting model to feature number 1089, Cryptobacteroides sp000431015
2026-01-11 16:25:41.892581 INFO::Fitting model to feature number 1090, Pullibacteroides sp910578275
2026-01-11 16:25:41.899435 INFO::Fitting model to feature number 1091, MGYG000376875
2026-01-11 16:25:41.90505 INFO::Fitting model to feature number 1092, MGYG000410984
2026-01-11 16:25:41.910206 INFO::Fitting model to feature number 1093, MGYG000329711
2026-01-11 16:25:41.917106 INFO::Fitting model to feature number 1094, Sporofaciens sp910584575
2026-01-11 16:25:41.922523 INFO::Fitting model to feature number 1095, Sporofaciens sp011960625
2026-01-11 16:25:41.927741 INFO::Fitting model to feature number 1096, MD308 sp910579335
2026-01-11 16:25:41.934598 INFO::Fitting model to feature number 1097, 14-2 sp910585625
2026-01-11 16:25:41.940071 INFO::Fitting model to feature number 1098, 14-2 sp910585895
2026-01-11 16:25:41.947212 INFO::Fitting model to feature number 1099, 14-2 sp004793545
2026-01-11 16:25:41.95449 INFO::Fitting model to feature number 1100, 14-2 sp910580195
2026-01-11 16:25:41.960845 INFO::Fitting model to feature number 1101, 14-2 sp910580015
2026-01-11 16:25:41.967163 INFO::Fitting model to feature number 1102, 14-2 sp910585395
2026-01-11 16:25:41.970431 INFO::Fitting model to feature number 1103, 14-2 sp910587895
2026-01-11 16:25:41.976393 INFO::Fitting model to feature number 1104, MGYG000327388
2026-01-11 16:25:41.980224 INFO::Fitting model to feature number 1105, MGYG000410811
2026-01-11 16:25:41.987585 INFO::Fitting model to feature number 1106, MGYG000352925
2026-01-11 16:25:41.99436 INFO::Fitting model to feature number 1107, MGYG000331207
2026-01-11 16:25:41.99833 WARNING::Fitting problem for feature 1107 returning NA
2026-01-11 16:25:42.000898 INFO::Fitting model to feature number 1108, MGYG000328397
2026-01-11 16:25:42.007865 INFO::Fitting model to feature number 1109, 14-2 sp910588965
2026-01-11 16:25:42.013447 INFO::Fitting model to feature number 1110, 14-2 sp910586005
2026-01-11 16:25:42.017066 WARNING::Fitting problem for feature 1110 returning NA
2026-01-11 16:25:42.019374 INFO::Fitting model to feature number 1111, Ventrimonas sp910588875
2026-01-11 16:25:42.026022 INFO::Fitting model to feature number 1112, Ventrimonas sp910586205
2026-01-11 16:25:42.034206 INFO::Fitting model to feature number 1113, Ventrimonas sp910588125
2026-01-11 16:25:42.041241 INFO::Fitting model to feature number 1114, MGYG000329105
2026-01-11 16:25:42.049141 INFO::Fitting model to feature number 1115, Ventrimonas sp022794255
2026-01-11 16:25:42.053508 INFO::Fitting model to feature number 1116, MGYG000432287
2026-01-11 16:25:42.060939 INFO::Fitting model to feature number 1117, Ventrimonas sp910584845
2026-01-11 16:25:42.06981 INFO::Fitting model to feature number 1118, UBA3282 sp910587715
2026-01-11 16:25:42.075442 INFO::Fitting model to feature number 1119, MGYG000411593
2026-01-11 16:25:42.080942 INFO::Fitting model to feature number 1120, MGYG000323128
2026-01-11 16:25:42.086485 INFO::Fitting model to feature number 1121, UBA3282 sp910578645
2026-01-11 16:25:42.09148 INFO::Fitting model to feature number 1122, UBA3282 sp910579735
2026-01-11 16:25:42.097415 INFO::Fitting model to feature number 1123, MGYG000325815
2026-01-11 16:25:42.103033 INFO::Fitting model to feature number 1124, UBA3282 sp910579395
2026-01-11 16:25:42.108062 INFO::Fitting model to feature number 1125, UBA3282 sp009774575
2026-01-11 16:25:42.113367 INFO::Fitting model to feature number 1126, MGYG000329420
2026-01-11 16:25:42.119827 INFO::Fitting model to feature number 1127, MGYG000323012
2026-01-11 16:25:42.126754 INFO::Fitting model to feature number 1128, MGYG000325709
2026-01-11 16:25:42.133139 INFO::Fitting model to feature number 1129, MGYG000325198
2026-01-11 16:25:42.136569 INFO::Fitting model to feature number 1130, UBA3282 sp910578845
2026-01-11 16:25:42.141526 INFO::Fitting model to feature number 1131, UBA3282 sp910588955
2026-01-11 16:25:42.147013 INFO::Fitting model to feature number 1132, MGYG000325450
2026-01-11 16:25:42.154927 INFO::Fitting model to feature number 1133, MGYG000325999
2026-01-11 16:25:42.159963 INFO::Fitting model to feature number 1134, MGYG000411525
2026-01-11 16:25:42.164288 INFO::Fitting model to feature number 1135, MGYG000325558
2026-01-11 16:25:42.169968 INFO::Fitting model to feature number 1136, MGYG000322990
2026-01-11 16:25:42.174833 INFO::Fitting model to feature number 1137, MGYG000330673
2026-01-11 16:25:42.177666 WARNING::Fitting problem for feature 1137 returning NA
2026-01-11 16:25:42.180971 INFO::Fitting model to feature number 1138, MGYG000368565
2026-01-11 16:25:42.188085 INFO::Fitting model to feature number 1139, UBA7109 sp910580235
2026-01-11 16:25:42.191162 INFO::Fitting model to feature number 1140, MGYG000324764
2026-01-11 16:25:42.194358 INFO::Fitting model to feature number 1141, MGYG000324065
2026-01-11 16:25:42.201359 INFO::Fitting model to feature number 1142, Roseburia sp910577925
2026-01-11 16:25:42.207144 INFO::Fitting model to feature number 1143, MGYG000393816
2026-01-11 16:25:42.210337 INFO::Fitting model to feature number 1144, Butyribacter sp910579085
2026-01-11 16:25:42.216029 INFO::Fitting model to feature number 1145, MGYG000329302
2026-01-11 16:25:42.222949 INFO::Fitting model to feature number 1146, MGYG000348373
2026-01-11 16:25:42.229543 INFO::Fitting model to feature number 1147, MGYG000325401
2026-01-11 16:25:42.232852 WARNING::Fitting problem for feature 1147 returning NA
2026-01-11 16:25:42.235251 INFO::Fitting model to feature number 1148, Butyribacter sp910586555
2026-01-11 16:25:42.239123 WARNING::Fitting problem for feature 1148 returning NA
2026-01-11 16:25:42.242351 INFO::Fitting model to feature number 1149, Butyribacter sp910586605
2026-01-11 16:25:42.24905 INFO::Fitting model to feature number 1150, 1XD8-76 sp003611955
2026-01-11 16:25:42.257065 INFO::Fitting model to feature number 1151, 1XD8-76 sp910584915
2026-01-11 16:25:42.263711 INFO::Fitting model to feature number 1152, 1XD8-76 sp022799355
2026-01-11 16:25:42.271851 INFO::Fitting model to feature number 1153, Blautia coccoides
2026-01-11 16:25:42.277441 INFO::Fitting model to feature number 1154, Blautia hominis
2026-01-11 16:25:42.286723 INFO::Fitting model to feature number 1155, MGYG000330300
2026-01-11 16:25:42.294504 INFO::Fitting model to feature number 1156, MGYG000411610
2026-01-11 16:25:42.302384 INFO::Fitting model to feature number 1157, Acetatifactor sp910578215
2026-01-11 16:25:42.311521 INFO::Fitting model to feature number 1158, MGYG000403847
2026-01-11 16:25:42.321854 INFO::Fitting model to feature number 1159, Acetatifactor sp910585665
2026-01-11 16:25:42.327832 INFO::Fitting model to feature number 1160, MGYG000410724
2026-01-11 16:25:42.337427 INFO::Fitting model to feature number 1161, MGYG000329148
2026-01-11 16:25:42.345853 INFO::Fitting model to feature number 1162, MGYG000331408
2026-01-11 16:25:42.353876 INFO::Fitting model to feature number 1163, MGYG000331279
2026-01-11 16:25:42.383047 INFO::Fitting model to feature number 1164, Acetatifactor sp910584375
2026-01-11 16:25:42.390519 INFO::Fitting model to feature number 1165, MGYG000345025
2026-01-11 16:25:42.399008 INFO::Fitting model to feature number 1166, Acetatifactor sp910586435
2026-01-11 16:25:42.407347 INFO::Fitting model to feature number 1167, MGYG000330154
2026-01-11 16:25:42.413966 INFO::Fitting model to feature number 1168, MGYG000327196
2026-01-11 16:25:42.420872 INFO::Fitting model to feature number 1169, Acetatifactor sp910586215
2026-01-11 16:25:42.42654 INFO::Fitting model to feature number 1170, Acetatifactor sp011959105
2026-01-11 16:25:42.433937 INFO::Fitting model to feature number 1171, Acetatifactor sp910586515
2026-01-11 16:25:42.440004 INFO::Fitting model to feature number 1172, MGYG000325688
2026-01-11 16:25:42.446737 INFO::Fitting model to feature number 1173, MGYG000325419
2026-01-11 16:25:42.454342 INFO::Fitting model to feature number 1174, Acetatifactor sp910585015
2026-01-11 16:25:42.461655 INFO::Fitting model to feature number 1175, Acetatifactor sp910577665
2026-01-11 16:25:42.469566 INFO::Fitting model to feature number 1176, MGYG000329799
2026-01-11 16:25:42.476475 INFO::Fitting model to feature number 1177, Acetatifactor sp910588225
2026-01-11 16:25:42.483078 INFO::Fitting model to feature number 1178, MGYG000410939
2026-01-11 16:25:42.489986 INFO::Fitting model to feature number 1179, MGYG000327533
2026-01-11 16:25:42.496696 INFO::Fitting model to feature number 1180, Acetatifactor sp022797535
2026-01-11 16:25:42.502703 INFO::Fitting model to feature number 1181, MGYG000329051
2026-01-11 16:25:42.509748 INFO::Fitting model to feature number 1182, MGYG000324774
2026-01-11 16:25:42.517277 INFO::Fitting model to feature number 1183, Lachnospira sp910587485
2026-01-11 16:25:42.5211 WARNING::Fitting problem for feature 1183 returning NA
2026-01-11 16:25:42.523494 INFO::Fitting model to feature number 1184, Anaerostipes caccae
2026-01-11 16:25:42.530961 INFO::Fitting model to feature number 1185, 1XD42-69 sp910585825
2026-01-11 16:25:42.53782 INFO::Fitting model to feature number 1186, 1XD42-69 sp910586725
2026-01-11 16:25:42.541584 WARNING::Fitting problem for feature 1186 returning NA
2026-01-11 16:25:42.544749 INFO::Fitting model to feature number 1187, 1XD42-69 sp910586355
2026-01-11 16:25:42.548636 WARNING::Fitting problem for feature 1187 returning NA
2026-01-11 16:25:42.55211 INFO::Fitting model to feature number 1188, 1XD42-69 sp910589105
2026-01-11 16:25:42.556615 INFO::Fitting model to feature number 1189, MGYG000327486
2026-01-11 16:25:42.562834 INFO::Fitting model to feature number 1190, MGYG000331229
2026-01-11 16:25:42.571411 INFO::Fitting model to feature number 1191, UBA3402 sp910588505
2026-01-11 16:25:42.577318 INFO::Fitting model to feature number 1192, UBA3402 sp022792815
2026-01-11 16:25:42.585535 INFO::Fitting model to feature number 1193, UBA3402 sp910579515
2026-01-11 16:25:42.592712 INFO::Fitting model to feature number 1194, MGYG000410806
2026-01-11 16:25:42.600434 INFO::Fitting model to feature number 1195, MGYG000324300
2026-01-11 16:25:42.606789 INFO::Fitting model to feature number 1196, MGYG000324807
2026-01-11 16:25:42.615434 INFO::Fitting model to feature number 1197, MGYG000327237
2026-01-11 16:25:42.623836 INFO::Fitting model to feature number 1198, MGYG000327181
2026-01-11 16:25:42.632186 INFO::Fitting model to feature number 1199, CAG-95 sp910577445
2026-01-11 16:25:42.639215 INFO::Fitting model to feature number 1200, CAG-95 sp002492465
2026-01-11 16:25:42.646634 INFO::Fitting model to feature number 1201, CAG-95 sp910587305
2026-01-11 16:25:42.654507 INFO::Fitting model to feature number 1202, CAG-95 sp910587295
2026-01-11 16:25:42.660934 INFO::Fitting model to feature number 1203, MGYG000410955
2026-01-11 16:25:42.668415 INFO::Fitting model to feature number 1204, MGYG000325519
2026-01-11 16:25:42.675329 INFO::Fitting model to feature number 1205, MGYG000325286
2026-01-11 16:25:42.681829 INFO::Fitting model to feature number 1206, CAG-95 sp000403495
2026-01-11 16:25:42.688617 INFO::Fitting model to feature number 1207, CAG-95 sp014804245
2026-01-11 16:25:42.693944 INFO::Fitting model to feature number 1208, MGYG000330445
2026-01-11 16:25:42.700705 INFO::Fitting model to feature number 1209, COE1 sp014239155
2026-01-11 16:25:42.706131 INFO::Fitting model to feature number 1210, MGYG000325661
2026-01-11 16:25:42.7114 INFO::Fitting model to feature number 1211, COE1 sp011959805
2026-01-11 16:25:42.718739 INFO::Fitting model to feature number 1212, COE1 sp009774245
2026-01-11 16:25:42.72425 INFO::Fitting model to feature number 1213, MGYG000325434
2026-01-11 16:25:42.732115 INFO::Fitting model to feature number 1214, COE1 sp910577115
2026-01-11 16:25:42.740429 INFO::Fitting model to feature number 1215, COE1 sp000403215
2026-01-11 16:25:42.745579 INFO::Fitting model to feature number 1216, COE1 sp910588595
2026-01-11 16:25:42.753591 INFO::Fitting model to feature number 1217, MGYG000325380
2026-01-11 16:25:42.760801 INFO::Fitting model to feature number 1218, MGYG000328561
2026-01-11 16:25:42.766466 INFO::Fitting model to feature number 1219, COE1 sp910578795
2026-01-11 16:25:42.769188 WARNING::Fitting problem for feature 1219 returning NA
2026-01-11 16:25:42.771241 INFO::Fitting model to feature number 1220, COE1 sp003513705
2026-01-11 16:25:42.776005 INFO::Fitting model to feature number 1221, Eubacterium_F sp910577295
2026-01-11 16:25:42.778962 INFO::Fitting model to feature number 1222, Eubacterium_F sp910584065
2026-01-11 16:25:42.785583 INFO::Fitting model to feature number 1223, Eubacterium_F sp910584245
2026-01-11 16:25:42.790985 INFO::Fitting model to feature number 1224, Eubacterium_F sp910584645
2026-01-11 16:25:42.795932 INFO::Fitting model to feature number 1225, MGYG000327551
2026-01-11 16:25:42.803225 INFO::Fitting model to feature number 1226, VSOB01 sp910585345
2026-01-11 16:25:42.808275 INFO::Fitting model to feature number 1227, VSOB01 sp910589075
2026-01-11 16:25:42.81541 INFO::Fitting model to feature number 1228, Merdisoma sp910587955
2026-01-11 16:25:42.820916 INFO::Fitting model to feature number 1229, MGYG000331110
2026-01-11 16:25:42.827401 INFO::Fitting model to feature number 1230, Eubacterium_J plexicaudatum
2026-01-11 16:25:42.833189 INFO::Fitting model to feature number 1231, Eubacterium_J sp910586445
2026-01-11 16:25:42.840533 INFO::Fitting model to feature number 1232, Eubacterium_J sp910577225
2026-01-11 16:25:42.847768 INFO::Fitting model to feature number 1233, Eubacterium_J sp009774535
2026-01-11 16:25:42.852783 INFO::Fitting model to feature number 1234, Eubacterium_J sp910586225
2026-01-11 16:25:42.859998 INFO::Fitting model to feature number 1235, Eubacterium_J sp910584345
2026-01-11 16:25:42.868339 INFO::Fitting model to feature number 1236, MGYG000327547
2026-01-11 16:25:42.876811 INFO::Fitting model to feature number 1237, MGYG000325711
2026-01-11 16:25:42.881302 WARNING::Fitting problem for feature 1237 returning NA
2026-01-11 16:25:42.88405 INFO::Fitting model to feature number 1238, MGYG000324920
2026-01-11 16:25:42.892225 INFO::Fitting model to feature number 1239, Eubacterium_J sp910586045
2026-01-11 16:25:42.897079 INFO::Fitting model to feature number 1240, MGYG000331263
2026-01-11 16:25:42.90613 INFO::Fitting model to feature number 1241, Kineothrix sp910579645
2026-01-11 16:25:42.915192 INFO::Fitting model to feature number 1242, Kineothrix sp023399455
2026-01-11 16:25:42.924046 INFO::Fitting model to feature number 1243, Kineothrix sp910578405
2026-01-11 16:25:42.93224 INFO::Fitting model to feature number 1244, MGBC164599 sp910584115
2026-01-11 16:25:42.940609 INFO::Fitting model to feature number 1245, MGYG000330773
2026-01-11 16:25:42.945099 WARNING::Fitting problem for feature 1245 returning NA
2026-01-11 16:25:42.947856 INFO::Fitting model to feature number 1246, MGYG000323038
2026-01-11 16:25:42.953774 INFO::Fitting model to feature number 1247, Caccovicinus sp910589195
2026-01-11 16:25:42.9622 INFO::Fitting model to feature number 1248, Copromonas sp910585355
2026-01-11 16:25:42.972015 INFO::Fitting model to feature number 1249, MGYG000329350
2026-01-11 16:25:42.980948 INFO::Fitting model to feature number 1250, Copromonas sp900066535
2026-01-11 16:25:42.98706 INFO::Fitting model to feature number 1251, MGYG000346909
2026-01-11 16:25:42.995685 INFO::Fitting model to feature number 1252, Eisenbergiella porci
2026-01-11 16:25:43.005473 INFO::Fitting model to feature number 1253, MGYG000379181
2026-01-11 16:25:43.014777 INFO::Fitting model to feature number 1254, CAG-510 sp910578335
2026-01-11 16:25:43.023923 INFO::Fitting model to feature number 1255, CAG-510 sp910577015
2026-01-11 16:25:43.031526 INFO::Fitting model to feature number 1256, MGYG000325414
2026-01-11 16:25:43.040051 INFO::Fitting model to feature number 1257, MGYG000328974
2026-01-11 16:25:43.043622 WARNING::Fitting problem for feature 1257 returning NA
2026-01-11 16:25:43.046302 INFO::Fitting model to feature number 1258, MGYG000329478
2026-01-11 16:25:43.055059 INFO::Fitting model to feature number 1259, SIG307 sp910577175
2026-01-11 16:25:43.062475 INFO::Fitting model to feature number 1260, Clostridium_Q symbiosum
2026-01-11 16:25:43.067222 WARNING::Fitting problem for feature 1260 returning NA
2026-01-11 16:25:43.070061 INFO::Fitting model to feature number 1261, Clostridium_Q sp009911305
2026-01-11 16:25:43.07688 INFO::Fitting model to feature number 1262, Enterocloster bolteae
2026-01-11 16:25:43.08596 INFO::Fitting model to feature number 1263, MGYG000330164
2026-01-11 16:25:43.09045 INFO::Fitting model to feature number 1264, MGYG000323607
2026-01-11 16:25:43.098393 INFO::Fitting model to feature number 1265, RGIG4057 sp910577675
2026-01-11 16:25:43.104899 INFO::Fitting model to feature number 1266, RGIG8607 sp910588535
2026-01-11 16:25:43.113006 INFO::Fitting model to feature number 1267, MGBC131033 sp910585655
2026-01-11 16:25:43.118164 INFO::Fitting model to feature number 1268, MGYG000409986
2026-01-11 16:25:43.125097 INFO::Fitting model to feature number 1269, MGYG000323124
2026-01-11 16:25:43.134134 INFO::Fitting model to feature number 1270, MGYG000327294
2026-01-11 16:25:43.142407 INFO::Fitting model to feature number 1271, RUG115 sp910578885
2026-01-11 16:25:43.151334 INFO::Fitting model to feature number 1272, MGYG000410396
2026-01-11 16:25:43.159862 INFO::Fitting model to feature number 1273, RGIG7193 sp910586125
2026-01-11 16:25:43.165504 INFO::Fitting model to feature number 1274, Agathobacter sp910587655
2026-01-11 16:25:43.174211 INFO::Fitting model to feature number 1275, MGYG000410161
2026-01-11 16:25:43.178483 WARNING::Fitting problem for feature 1275 returning NA
2026-01-11 16:25:43.182291 INFO::Fitting model to feature number 1276, MGYG000327199
2026-01-11 16:25:43.191626 INFO::Fitting model to feature number 1277, RGIG3040 sp910585715
2026-01-11 16:25:43.201083 INFO::Fitting model to feature number 1278, Butyrivibrio_A sp000431815
2026-01-11 16:25:43.205148 INFO::Fitting model to feature number 1279, MGYG000325389
2026-01-11 16:25:43.212802 INFO::Fitting model to feature number 1280, CAG-303 sp910577835
2026-01-11 16:25:43.220836 INFO::Fitting model to feature number 1281, CAG-303 sp910584685
2026-01-11 16:25:43.224479 WARNING::Fitting problem for feature 1281 returning NA
2026-01-11 16:25:43.226818 INFO::Fitting model to feature number 1282, MGYG000327534
2026-01-11 16:25:43.233345 INFO::Fitting model to feature number 1283, An181 sp910585545
2026-01-11 16:25:43.237339 INFO::Fitting model to feature number 1284, RGIG3002 sp910579805
2026-01-11 16:25:43.242824 INFO::Fitting model to feature number 1285, MGYG000323516
2026-01-11 16:25:43.250378 INFO::Fitting model to feature number 1286, MGBC120314 sp910584325
2026-01-11 16:25:43.254633 INFO::Fitting model to feature number 1287, CAG-632 sp910587045
2026-01-11 16:25:43.257719 WARNING::Fitting problem for feature 1287 returning NA
2026-01-11 16:25:43.260504 INFO::Fitting model to feature number 1288, MGBC136627 sp910585935
2026-01-11 16:25:43.264156 WARNING::Fitting problem for feature 1288 returning NA
2026-01-11 16:25:43.268103 INFO::Fitting model to feature number 1289, MGBC165282 sp910589265
2026-01-11 16:25:43.271986 INFO::Fitting model to feature number 1290, Mediterraneibacter_A sp022790755
2026-01-11 16:25:43.279148 INFO::Fitting model to feature number 1291, Hungatella effluvii
2026-01-11 16:25:43.284328 INFO::Fitting model to feature number 1292, Mobilitalea sp023395555
2026-01-11 16:25:43.291746 INFO::Fitting model to feature number 1293, Fusicatenibacter saccharivorans
2026-01-11 16:25:43.296636 INFO::Fitting model to feature number 1294, CAG-411 sp014799595
2026-01-11 16:25:43.303972 INFO::Fitting model to feature number 1295, MGYG000323744
2026-01-11 16:25:43.311582 INFO::Fitting model to feature number 1296, MGBC143606 sp910587935
2026-01-11 16:25:43.316188 INFO::Fitting model to feature number 1297, Ruminococcus_B gnavus
2026-01-11 16:25:43.319791 WARNING::Fitting problem for feature 1297 returning NA
2026-01-11 16:25:43.322284 INFO::Fitting model to feature number 1298, Frisingicoccus caecimuris
2026-01-11 16:25:43.325322 WARNING::Fitting problem for feature 1298 returning NA
2026-01-11 16:25:43.328266 INFO::Fitting model to feature number 1299, Lawsonibacter sp900066645
2026-01-11 16:25:43.332927 WARNING::Fitting problem for feature 1299 returning NA
2026-01-11 16:25:43.335497 INFO::Fitting model to feature number 1300, MGYG000327494
2026-01-11 16:25:43.341129 INFO::Fitting model to feature number 1301, MGYG000325423
2026-01-11 16:25:43.346834 INFO::Fitting model to feature number 1302, Dysosmobacter sp022797935
2026-01-11 16:25:43.353762 INFO::Fitting model to feature number 1303, MGYG000327261
2026-01-11 16:25:43.356831 INFO::Fitting model to feature number 1304, Dysosmobacter sp910588005
2026-01-11 16:25:43.364022 INFO::Fitting model to feature number 1305, Dysosmobacter sp001916835
2026-01-11 16:25:43.372397 INFO::Fitting model to feature number 1306, Dysosmobacter sp910585165
2026-01-11 16:25:43.379689 INFO::Fitting model to feature number 1307, MGYG000329398
2026-01-11 16:25:43.388355 INFO::Fitting model to feature number 1308, MGYG000322989
2026-01-11 16:25:43.395961 INFO::Fitting model to feature number 1309, MGYG000323872
2026-01-11 16:25:43.402786 INFO::Fitting model to feature number 1310, Pelethomonas sp022797115
2026-01-11 16:25:43.409208 INFO::Fitting model to feature number 1311, Pelethomonas sp910584045
2026-01-11 16:25:43.415113 INFO::Fitting model to feature number 1312, MGYG000325682
2026-01-11 16:25:43.423492 INFO::Fitting model to feature number 1313, MGYG000329870
2026-01-11 16:25:43.431727 INFO::Fitting model to feature number 1314, MGYG000409933
2026-01-11 16:25:43.438946 INFO::Fitting model to feature number 1315, MGYG000325610
2026-01-11 16:25:43.442617 WARNING::Fitting problem for feature 1315 returning NA
2026-01-11 16:25:43.446381 INFO::Fitting model to feature number 1316, Faecousia sp900544705
2026-01-11 16:25:43.45198 INFO::Fitting model to feature number 1317, MGYG000327369
2026-01-11 16:25:43.458062 INFO::Fitting model to feature number 1318, MGYG000327333
2026-01-11 16:25:43.467094 INFO::Fitting model to feature number 1319, Marseille-P3106 sp905219705
2026-01-11 16:25:43.470983 WARNING::Fitting problem for feature 1319 returning NA
2026-01-11 16:25:43.473374 INFO::Fitting model to feature number 1320, Marseille-P3106 sp910577415
2026-01-11 16:25:43.476294 INFO::Fitting model to feature number 1321, MGYG000329177
2026-01-11 16:25:43.48276 INFO::Fitting model to feature number 1322, HGM13010 sp022800755
2026-01-11 16:25:43.488145 INFO::Fitting model to feature number 1323, Flavonifractor plautii
2026-01-11 16:25:43.493168 INFO::Fitting model to feature number 1324, Intestinimonas butyriciproducens
2026-01-11 16:25:43.495759 WARNING::Fitting problem for feature 1324 returning NA
2026-01-11 16:25:43.49822 INFO::Fitting model to feature number 1325, MGBC124762 sp910579775
2026-01-11 16:25:43.502034 INFO::Fitting model to feature number 1326, MGYG000329700
2026-01-11 16:25:43.50715 INFO::Fitting model to feature number 1327, MGYG000323009
2026-01-11 16:25:43.512194 INFO::Fitting model to feature number 1328, MGYG000326780
2026-01-11 16:25:43.518206 INFO::Fitting model to feature number 1329, MGYG000329402
2026-01-11 16:25:43.523742 INFO::Fitting model to feature number 1330, MGYG000411571
2026-01-11 16:25:43.526839 INFO::Fitting model to feature number 1331, MGYG000356933
2026-01-11 16:25:43.532553 INFO::Fitting model to feature number 1332, MGYG000376485
2026-01-11 16:25:43.538926 INFO::Fitting model to feature number 1333, Fimivicinus sp900544375
2026-01-11 16:25:43.545781 INFO::Fitting model to feature number 1334, Ruminococcus_E sp910585865
2026-01-11 16:25:43.553096 INFO::Fitting model to feature number 1335, MGYG000360413
2026-01-11 16:25:43.556614 WARNING::Fitting problem for feature 1335 returning NA
2026-01-11 16:25:43.559532 INFO::Fitting model to feature number 1336, Ruthenibacterium lactatiformans
2026-01-11 16:25:43.563181 WARNING::Fitting problem for feature 1336 returning NA
2026-01-11 16:25:43.56624 INFO::Fitting model to feature number 1337, MGYG000410556
2026-01-11 16:25:43.571454 INFO::Fitting model to feature number 1338, MGYG000410798
2026-01-11 16:25:43.577094 INFO::Fitting model to feature number 1339, MGYG000327515
2026-01-11 16:25:43.580649 INFO::Fitting model to feature number 1340, MGYG000325568
2026-01-11 16:25:43.587902 INFO::Fitting model to feature number 1341, MGYG000325411
2026-01-11 16:25:43.591818 INFO::Fitting model to feature number 1342, MGYG000328314
2026-01-11 16:25:43.598413 INFO::Fitting model to feature number 1343, CAG-115 sp910587135
2026-01-11 16:25:43.604877 INFO::Fitting model to feature number 1344, CAG-115 sp910577365
2026-01-11 16:25:43.610751 INFO::Fitting model to feature number 1345, CAG-115 sp910587465
2026-01-11 16:25:43.613732 WARNING::Fitting problem for feature 1345 returning NA
2026-01-11 16:25:43.617649 INFO::Fitting model to feature number 1346, Faecalibacterium sp900539945
2026-01-11 16:25:43.623591 INFO::Fitting model to feature number 1347, Faecalibacterium longum
2026-01-11 16:25:43.627539 INFO::Fitting model to feature number 1348, MGYG000325416
2026-01-11 16:25:43.634477 INFO::Fitting model to feature number 1349, UBA7177 sp910579545
2026-01-11 16:25:43.637878 WARNING::Fitting problem for feature 1349 returning NA
2026-01-11 16:25:43.640296 INFO::Fitting model to feature number 1350, UBA7177 sp910578965
2026-01-11 16:25:43.647803 INFO::Fitting model to feature number 1351, Neobittarella massiliensis
2026-01-11 16:25:43.656225 INFO::Fitting model to feature number 1352, Gemmiger formicilis
2026-01-11 16:25:43.662043 INFO::Fitting model to feature number 1353, UBA866 sp022791945
2026-01-11 16:25:43.665843 WARNING::Fitting problem for feature 1353 returning NA
2026-01-11 16:25:43.669535 INFO::Fitting model to feature number 1354, MGYG000410783
2026-01-11 16:25:43.67399 WARNING::Fitting problem for feature 1354 returning NA
2026-01-11 16:25:43.676975 INFO::Fitting model to feature number 1355, MGYG000330170
2026-01-11 16:25:43.681325 INFO::Fitting model to feature number 1356, QXXE01 sp910586105
2026-01-11 16:25:43.685581 WARNING::Fitting problem for feature 1356 returning NA
2026-01-11 16:25:43.689084 INFO::Fitting model to feature number 1357, MGYG000330847
2026-01-11 16:25:43.693558 INFO::Fitting model to feature number 1358, Coproplasma sp910586035
2026-01-11 16:25:43.700173 INFO::Fitting model to feature number 1359, Coproplasma sp910579295
2026-01-11 16:25:43.705455 INFO::Fitting model to feature number 1360, Coproplasma sp910587825
2026-01-11 16:25:43.709897 WARNING::Fitting problem for feature 1360 returning NA
2026-01-11 16:25:43.713349 INFO::Fitting model to feature number 1361, Coproplasma sp910585705
2026-01-11 16:25:43.722142 INFO::Fitting model to feature number 1362, Coproplasma sp910576655
2026-01-11 16:25:43.727394 INFO::Fitting model to feature number 1363, MGYG000410549
2026-01-11 16:25:43.734159 INFO::Fitting model to feature number 1364, Coproplasma sp910577555
2026-01-11 16:25:43.740349 INFO::Fitting model to feature number 1365, Gallimonas sp910586985
2026-01-11 16:25:43.7467 INFO::Fitting model to feature number 1366, Gallimonas sp910586365
2026-01-11 16:25:43.75196 INFO::Fitting model to feature number 1367, Gallimonas sp910589015
2026-01-11 16:25:43.760648 INFO::Fitting model to feature number 1368, Gallimonas sp910586825
2026-01-11 16:25:43.764407 WARNING::Fitting problem for feature 1368 returning NA
2026-01-11 16:25:43.768117 INFO::Fitting model to feature number 1369, Anaerocaecibacter sp910579205
2026-01-11 16:25:43.776076 INFO::Fitting model to feature number 1370, Anaerocaecibacter sp910585055
2026-01-11 16:25:43.780499 INFO::Fitting model to feature number 1371, MGYG000327384
2026-01-11 16:25:43.78845 INFO::Fitting model to feature number 1372, MGBC157735 sp910588155
2026-01-11 16:25:43.79787 INFO::Fitting model to feature number 1373, Pumilibacter sp910579245
2026-01-11 16:25:43.806088 INFO::Fitting model to feature number 1374, UBA11524 sp000437595
2026-01-11 16:25:43.816514 INFO::Fitting model to feature number 1375, MGYG000388556
2026-01-11 16:25:43.823659 INFO::Fitting model to feature number 1376, Zhenpiania sp910583765
2026-01-11 16:25:43.830937 INFO::Fitting model to feature number 1377, VUNA01 sp002299625
2026-01-11 16:25:43.841387 INFO::Fitting model to feature number 1378, Clostridioides difficile
2026-01-11 16:25:43.850089 INFO::Fitting model to feature number 1379, MGYG000369796
2026-01-11 16:25:43.859033 INFO::Fitting model to feature number 1380, MGYG000328055
2026-01-11 16:25:43.868477 INFO::Fitting model to feature number 1381, MGYG000411369
2026-01-11 16:25:43.874803 INFO::Fitting model to feature number 1382, Clostridium sp910588715
2026-01-11 16:25:43.881648 INFO::Fitting model to feature number 1383, CAG-41 sp010206265
2026-01-11 16:25:43.887304 WARNING::Fitting problem for feature 1383 returning NA
2026-01-11 16:25:43.890673 INFO::Fitting model to feature number 1384, Parasutterella excrementihominis
2026-01-11 16:25:43.899587 INFO::Fitting model to feature number 1385, Escherichia coli
2026-01-11 16:25:43.906831 INFO::Fitting model to feature number 1386, Klebsiella michiganensis
2026-01-11 16:25:43.91735 INFO::Fitting model to feature number 1387, MGYG000408998
2026-01-11 16:25:43.927334 INFO::Fitting model to feature number 1388, MGYG000324409
2026-01-11 16:25:43.93692 INFO::Fitting model to feature number 1389, MGYG000366359
2026-01-11 16:25:43.946068 INFO::Fitting model to feature number 1390, MGYG000411437
2026-01-11 16:25:43.956732 INFO::Fitting model to feature number 1391, MGYG000350430
2026-01-11 16:25:43.961604 WARNING::Fitting problem for feature 1391 returning NA
2026-01-11 16:25:43.965422 INFO::Fitting model to feature number 1392, MGYG000346441
2026-01-11 16:25:43.970911 WARNING::Fitting problem for feature 1392 returning NA
2026-01-11 16:25:43.975142 INFO::Fitting model to feature number 1393, MGYG000322940
2026-01-11 16:25:43.984969 INFO::Fitting model to feature number 1394, MGYG000410841
2026-01-11 16:25:43.995209 INFO::Fitting model to feature number 1395, Zag111 sp910584405
2026-01-11 16:25:44.005889 INFO::Fitting model to feature number 1396, Avigastranaerophilus sp910583875
2026-01-11 16:25:44.011862 INFO::Fitting model to feature number 1397, MGBC122484 sp910583725
2026-01-11 16:25:44.020308 INFO::Fitting model to feature number 1398, MGYG000326931
2026-01-11 16:25:44.026488 WARNING::Fitting problem for feature 1398 returning NA
2026-01-11 16:25:44.030887 INFO::Fitting model to feature number 1399, MGYG000405972
2026-01-11 16:25:44.042021 INFO::Fitting model to feature number 1400, MGYG000328795
2026-01-11 16:25:44.047089 WARNING::Fitting problem for feature 1400 returning NA
2026-01-11 16:25:44.051851 INFO::Fitting model to feature number 1401, HGM10857 sp910578745
2026-01-11 16:25:44.063413 INFO::Fitting model to feature number 1402, MGYG000410710
2026-01-11 16:25:44.074603 INFO::Fitting model to feature number 1403, Acetatifactor muris
2026-01-11 16:25:44.084922 INFO::Fitting model to feature number 1404, MGYG000325356
2026-01-11 16:25:44.095117 INFO::Fitting model to feature number 1405, MGYG000329400
2026-01-11 16:25:44.101884 INFO::Fitting model to feature number 1406, Coprocola sp910587735
2026-01-11 16:25:44.112391 INFO::Fitting model to feature number 1407, MGYG000387050
2026-01-11 16:25:44.124405 INFO::Fitting model to feature number 1408, MGYG000326286
2026-01-11 16:25:44.130675 INFO::Fitting model to feature number 1409, Ruminococcus sp910576995
2026-01-11 16:25:44.137879 INFO::Fitting model to feature number 1410, Ruminococcus sp910579835
2026-01-11 16:25:44.143991 INFO::Fitting model to feature number 1411, Ruminococcus sp900540005
2026-01-11 16:25:44.155895 INFO::Fitting model to feature number 1412, Ruminococcus sp002362175
2026-01-11 16:25:44.162562 INFO::Fitting model to feature number 1413, Ruminococcus sp910577575
2026-01-11 16:25:44.168473 INFO::Fitting model to feature number 1414, MGYG000410441
2026-01-11 16:25:44.175493 INFO::Fitting model to feature number 1415, MGYG000365643
2026-01-11 16:25:44.186954 INFO::Fitting model to feature number 1416, MGYG000369368
2026-01-11 16:25:44.194123 INFO::Fitting model to feature number 1417, MGYG000330830
2026-01-11 16:25:44.199958 WARNING::Fitting problem for feature 1417 returning NA
2026-01-11 16:25:44.203879 INFO::Fitting model to feature number 1418, MGYG000324069
2026-01-11 16:25:44.210067 INFO::Fitting model to feature number 1419, MGYG000392389
2026-01-11 16:25:44.216565 INFO::Fitting model to feature number 1420, Coproplasma sp910578195
2026-01-11 16:25:44.225902 INFO::Fitting model to feature number 1421, Gallimonas sp910588615
2026-01-11 16:25:44.232989 INFO::Fitting model to feature number 1422, Fimimonas sp910586905
2026-01-11 16:25:44.238831 INFO::Fitting model to feature number 1423, MGYG000329863
2026-01-11 16:25:44.249652 INFO::Fitting model to feature number 1424, Pseudomonas aeruginosa
2026-01-11 16:25:44.258539 INFO::Fitting model to feature number 1425, C-19 sp022799495
2026-01-11 16:25:44.267692 INFO::Fitting model to feature number 1426, MGBC140090 sp910586805
2026-01-11 16:25:44.276976 INFO::Fitting model to feature number 1427, MGYG000337677
2026-01-11 16:25:44.284814 INFO::Fitting model to feature number 1428, Staphylococcus nepalensis
2026-01-11 16:25:44.288933 INFO::Fitting model to feature number 1429, D16-34 sp910588485
2026-01-11 16:25:44.295619 INFO::Fitting model to feature number 1430, UMGS1502 sp900552365
2026-01-11 16:25:44.30353 INFO::Fitting model to feature number 1431, CACZQA01 sp900758075
2026-01-11 16:25:44.310042 INFO::Fitting model to feature number 1432, MGYG000325313
2026-01-11 16:25:44.317379 INFO::Fitting model to feature number 1433, Schaedlerella glycyrrhizinilytica_A
2026-01-11 16:25:44.32573 INFO::Fitting model to feature number 1434, MGYG000322968
2026-01-11 16:25:44.333963 INFO::Fitting model to feature number 1435, Butyribacter sp003612285
2026-01-11 16:25:44.33794 INFO::Fitting model to feature number 1436, Butyribacter sp910580005
2026-01-11 16:25:44.345997 INFO::Fitting model to feature number 1437, MGYG000325492
2026-01-11 16:25:44.355152 INFO::Fitting model to feature number 1438, Acetatifactor sp910578815
2026-01-11 16:25:44.362463 INFO::Fitting model to feature number 1439, Acetatifactor sp910583845
2026-01-11 16:25:44.369172 INFO::Fitting model to feature number 1440, MGYG000328399
2026-01-11 16:25:44.374309 INFO::Fitting model to feature number 1441, Acetatifactor sp910587755
2026-01-11 16:25:44.379389 INFO::Fitting model to feature number 1442, MGYG000329698
2026-01-11 16:25:44.385845 INFO::Fitting model to feature number 1443, CAG-95 sp009774465
2026-01-11 16:25:44.391273 INFO::Fitting model to feature number 1444, MGYG000410124
2026-01-11 16:25:44.396658 INFO::Fitting model to feature number 1445, UBA2882 sp002362385
2026-01-11 16:25:44.400753 INFO::Fitting model to feature number 1446, MGYG000350270
2026-01-11 16:25:44.404273 INFO::Fitting model to feature number 1447, MGYG000411484
2026-01-11 16:25:44.407121 WARNING::Fitting problem for feature 1447 returning NA
2026-01-11 16:25:44.409392 INFO::Fitting model to feature number 1448, 1XD42-69 sp003612565
2026-01-11 16:25:44.414637 INFO::Fitting model to feature number 1449, MGYG000324730
2026-01-11 16:25:44.421363 INFO::Fitting model to feature number 1450, Blautia_A wexlerae
2026-01-11 16:25:44.424571 INFO::Fitting model to feature number 1451, Bariatricus comes
2026-01-11 16:25:44.427714 INFO::Fitting model to feature number 1452, Wujia sp002493625
2026-01-11 16:25:44.430989 WARNING::Fitting problem for feature 1452 returning NA
2026-01-11 16:25:44.434323 INFO::Fitting model to feature number 1453, MGYG000322947
2026-01-11 16:25:44.440111 INFO::Fitting model to feature number 1454, MGYG000322925
2026-01-11 16:25:44.442835 WARNING::Fitting problem for feature 1454 returning NA
2026-01-11 16:25:44.446234 INFO::Fitting model to feature number 1455, MGYG000330643
2026-01-11 16:25:44.450649 WARNING::Fitting problem for feature 1455 returning NA
2026-01-11 16:25:44.454501 INFO::Fitting model to feature number 1456, MGYG000325949
2026-01-11 16:25:44.460078 INFO::Fitting model to feature number 1457, Acutalibacter ornithocaccae
2026-01-11 16:25:44.46762 INFO::Fitting model to feature number 1458, Eubacterium_R sp910577195
2026-01-11 16:25:44.472035 INFO::Fitting model to feature number 1459, Avimonas_A sp022800315
2026-01-11 16:25:44.477537 INFO::Fitting model to feature number 1460, UBA3818 sp904397845
2026-01-11 16:25:44.483636 INFO::Fitting model to feature number 1461, MGYG000354216
2026-01-11 16:25:44.490378 INFO::Fitting model to feature number 1462, MGYG000350425
2026-01-11 16:25:44.497781 INFO::Fitting model to feature number 1463, MGYG000340095
2026-01-11 16:25:44.502409 INFO::Fitting model to feature number 1464, MGYG000336507
2026-01-11 16:25:44.509778 INFO::Fitting model to feature number 1465, Agrobacterium pusense
2026-01-11 16:25:44.515067 INFO::Fitting model to feature number 1466, MGYG000325577
2026-01-11 16:25:44.524272 INFO::Fitting model to feature number 1467, MGYG000325533
2026-01-11 16:25:44.532919 INFO::Fitting model to feature number 1468, MGYG000325757
2026-01-11 16:25:44.537606 WARNING::Fitting problem for feature 1468 returning NA
2026-01-11 16:25:44.541049 INFO::Fitting model to feature number 1469, MGYG000325642
2026-01-11 16:25:44.549556 INFO::Fitting model to feature number 1470, Limisoma sp900544305
2026-01-11 16:25:44.55633 INFO::Fitting model to feature number 1471, MGYG000325491
2026-01-11 16:25:44.562562 INFO::Fitting model to feature number 1472, MGYG000325376
2026-01-11 16:25:44.567621 INFO::Fitting model to feature number 1473, Alistipes putredinis
2026-01-11 16:25:44.576934 INFO::Fitting model to feature number 1474, MGYG000325739
2026-01-11 16:25:44.581689 INFO::Fitting model to feature number 1475, MGYG000325349
2026-01-11 16:25:44.587978 INFO::Fitting model to feature number 1476, MGYG000325640
2026-01-11 16:25:44.59089 WARNING::Fitting problem for feature 1476 returning NA
2026-01-11 16:25:44.593756 INFO::Fitting model to feature number 1477, Alistipes onderdonkii
2026-01-11 16:25:44.600089 INFO::Fitting model to feature number 1478, Alistipes sp003979135
2026-01-11 16:25:44.625926 INFO::Fitting model to feature number 1479, Alistipes sp900541585
2026-01-11 16:25:44.633339 INFO::Fitting model to feature number 1480, Alistipes_A ihumii
2026-01-11 16:25:44.63811 INFO::Fitting model to feature number 1481, Bacteroides eggerthii
2026-01-11 16:25:44.642197 INFO::Fitting model to feature number 1482, Prevotella faecis
2026-01-11 16:25:44.648254 INFO::Fitting model to feature number 1483, Prevotella sp900557405
2026-01-11 16:25:44.652426 WARNING::Fitting problem for feature 1483 returning NA
2026-01-11 16:25:44.656133 INFO::Fitting model to feature number 1484, MGYG000325643
2026-01-11 16:25:44.663929 INFO::Fitting model to feature number 1485, Paraprevotella stercorigallinarum
2026-01-11 16:25:44.67246 INFO::Fitting model to feature number 1486, MGYG000325375
2026-01-11 16:25:44.679747 INFO::Fitting model to feature number 1487, C-19 sp009917405
2026-01-11 16:25:44.684098 WARNING::Fitting problem for feature 1487 returning NA
2026-01-11 16:25:44.687515 INFO::Fitting model to feature number 1488, MGYG000328692
2026-01-11 16:25:44.691527 WARNING::Fitting problem for feature 1488 returning NA
2026-01-11 16:25:44.694768 INFO::Fitting model to feature number 1489, UBA2730 sp022793235
2026-01-11 16:25:44.702902 INFO::Fitting model to feature number 1490, Bacillus licheniformis
2026-01-11 16:25:44.710747 INFO::Fitting model to feature number 1491, Mailhella sp910577155
2026-01-11 16:25:44.7184 INFO::Fitting model to feature number 1492, MGYG000403150
2026-01-11 16:25:44.726158 INFO::Fitting model to feature number 1493, COE1 sp910586405
2026-01-11 16:25:44.734022 INFO::Fitting model to feature number 1494, MGYG000329391
2026-01-11 16:25:44.738189 INFO::Fitting model to feature number 1495, MGYG000327122
2026-01-11 16:25:44.744452 INFO::Fitting model to feature number 1496, Copromonas sp000435795
2026-01-11 16:25:44.753387 INFO::Fitting model to feature number 1497, Kineothrix sp910586275
2026-01-11 16:25:44.758972 INFO::Fitting model to feature number 1498, MGYG000327375
2026-01-11 16:25:44.766486 INFO::Fitting model to feature number 1499, MGYG000331235
2026-01-11 16:25:44.773572 INFO::Fitting model to feature number 1500, MGBC111451 sp910578605
2026-01-11 16:25:44.778913 INFO::Fitting model to feature number 1501, MGYG000411179
2026-01-11 16:25:44.785188 INFO::Fitting model to feature number 1502, Faecalibacterium prausnitzii
2026-01-11 16:25:44.790749 INFO::Fitting model to feature number 1503, MGYG000325383
2026-01-11 16:25:44.794271 INFO::Fitting model to feature number 1504, MGYG000323634
2026-01-11 16:25:44.800797 INFO::Fitting model to feature number 1505, Pumilibacter muris
2026-01-11 16:25:44.807306 INFO::Fitting model to feature number 1506, SFMI01 sp004556155
2026-01-11 16:25:44.810905 WARNING::Fitting problem for feature 1506 returning NA
2026-01-11 16:25:44.81366 INFO::Fitting model to feature number 1507, Escherichia ruysiae
2026-01-11 16:25:44.823609 INFO::Fitting model to feature number 1508, Klebsiella variicola
2026-01-11 16:25:44.830279 INFO::Fitting model to feature number 1509, Citrobacter_A rodentium
2026-01-11 16:25:44.839613 INFO::Fitting model to feature number 1510, Citrobacter_A amalonaticus
2026-01-11 16:25:44.849 INFO::Fitting model to feature number 1511, MGYG000339089
2026-01-11 16:25:44.859562 INFO::Fitting model to feature number 1512, UBA7185 sp910585405
2026-01-11 16:25:44.863739 INFO::Fitting model to feature number 1513, Helicobacter_D ganmani
2026-01-11 16:25:44.874419 INFO::Fitting model to feature number 1514, Streptococcus danieliae
2026-01-11 16:25:44.878387 INFO::Fitting model to feature number 1515, Streptococcus alactolyticus
2026-01-11 16:25:44.887036 INFO::Fitting model to feature number 1516, MGYG000325510
2026-01-11 16:25:44.896863 INFO::Fitting model to feature number 1517, MGBC107952 sp910578855
2026-01-11 16:25:44.903759 INFO::Fitting model to feature number 1518, MGYG000322996
2026-01-11 16:25:44.909529 INFO::Fitting model to feature number 1519, Niallia sp001076885
2026-01-11 16:25:44.917621 INFO::Fitting model to feature number 1520, MGYG000387335
2026-01-11 16:25:44.923492 INFO::Fitting model to feature number 1521, UBA3282 sp910586615
2026-01-11 16:25:44.927812 INFO::Fitting model to feature number 1522, MGYG000325700
2026-01-11 16:25:44.935405 INFO::Fitting model to feature number 1523, UBA3282 sp910584965
2026-01-11 16:25:44.942374 INFO::Fitting model to feature number 1524, MGYG000325483
2026-01-11 16:25:44.946936 INFO::Fitting model to feature number 1525, MGYG000325802
2026-01-11 16:25:44.957031 INFO::Fitting model to feature number 1526, UBA3282 sp910586705
2026-01-11 16:25:44.961845 INFO::Fitting model to feature number 1527, UBA3282 sp910578715
2026-01-11 16:25:44.969829 INFO::Fitting model to feature number 1528, MGYG000325820
2026-01-11 16:25:44.974294 INFO::Fitting model to feature number 1529, UBA3282 sp910578475
2026-01-11 16:25:44.978441 INFO::Fitting model to feature number 1530, MGYG000325646
2026-01-11 16:25:44.986219 INFO::Fitting model to feature number 1531, MGYG000373306
2026-01-11 16:25:44.992309 INFO::Fitting model to feature number 1532, MGYG000329401
2026-01-11 16:25:44.996209 INFO::Fitting model to feature number 1533, MGYG000327529
2026-01-11 16:25:45.000939 INFO::Fitting model to feature number 1534, MGYG000410713
2026-01-11 16:25:45.007039 INFO::Fitting model to feature number 1535, MGYG000325455
2026-01-11 16:25:45.012771 INFO::Fitting model to feature number 1536, Butyribacter sp910588655
2026-01-11 16:25:45.018262 INFO::Fitting model to feature number 1537, MGYG000330215
2026-01-11 16:25:45.024458 INFO::Fitting model to feature number 1538, Eubacterium_F sp910583555
2026-01-11 16:25:45.027998 INFO::Fitting model to feature number 1539, 14-2 sp910588885
2026-01-11 16:25:45.035096 INFO::Fitting model to feature number 1540, MGYG000325200
2026-01-11 16:25:45.039199 INFO::Fitting model to feature number 1541, MGYG000410031
2026-01-11 16:25:45.043816 INFO::Fitting model to feature number 1542, COE1 sp910588755
2026-01-11 16:25:45.051945 INFO::Fitting model to feature number 1543, COE1 sp910585765
2026-01-11 16:25:45.060115 INFO::Fitting model to feature number 1544, COE1 sp009774375
2026-01-11 16:25:45.068533 INFO::Fitting model to feature number 1545, MGYG000324875
2026-01-11 16:25:45.077393 INFO::Fitting model to feature number 1546, MGYG000328347
2026-01-11 16:25:45.082292 INFO::Fitting model to feature number 1547, MGYG000331069
2026-01-11 16:25:45.086835 INFO::Fitting model to feature number 1548, MGYG000330172
2026-01-11 16:25:45.090714 INFO::Fitting model to feature number 1549, CAG-510 sp003979355
2026-01-11 16:25:45.095179 INFO::Fitting model to feature number 1550, RGIG4057 sp910585065
2026-01-11 16:25:45.100883 INFO::Fitting model to feature number 1551, CAG-603 sp022794265
2026-01-11 16:25:45.106078 INFO::Fitting model to feature number 1552, MGYG000325692
2026-01-11 16:25:45.11129 INFO::Fitting model to feature number 1553, MGYG000328520
2026-01-11 16:25:45.121635 INFO::Fitting model to feature number 1554, MGYG000325327
2026-01-11 16:25:45.13001 INFO::Fitting model to feature number 1555, UBA7050 sp003979345
2026-01-11 16:25:45.136304 INFO::Fitting model to feature number 1556, MGYG000325605
2026-01-11 16:25:45.144156 INFO::Fitting model to feature number 1557, MGBC140009 sp910586015
2026-01-11 16:25:45.151889 INFO::Fitting model to feature number 1558, MGYG000327466
2026-01-11 16:25:45.162592 INFO::Fitting model to feature number 1559, Clostridium_AP sp000509125
2026-01-11 16:25:45.172576 INFO::Fitting model to feature number 1560, MGYG000329308
2026-01-11 16:25:45.177878 INFO::Fitting model to feature number 1561, MGYG000410975
2026-01-11 16:25:45.182005 INFO::Fitting model to feature number 1562, Dysosmobacter welbionis
2026-01-11 16:25:45.189772 INFO::Fitting model to feature number 1563, MGYG000360335
2026-01-11 16:25:45.196467 INFO::Fitting model to feature number 1564, MGYG000329306
2026-01-11 16:25:45.203086 INFO::Fitting model to feature number 1565, Avispirillum sp910586545
2026-01-11 16:25:45.212495 INFO::Fitting model to feature number 1566, Anaerocaecibacter sp910586925
2026-01-11 16:25:45.219856 INFO::Fitting model to feature number 1567, Anaerocaecibacter sp910577995
2026-01-11 16:25:45.226621 INFO::Fitting model to feature number 1568, MGBC157735 sp910585955
2026-01-11 16:25:45.232987 INFO::Fitting model to feature number 1569, Pumilibacter sp910587595
2026-01-11 16:25:45.240738 INFO::Fitting model to feature number 1570, Protoclostridium sp910587025
2026-01-11 16:25:45.247519 INFO::Fitting model to feature number 1571, Coproplasma sp910587625
2026-01-11 16:25:45.257313 INFO::Fitting model to feature number 1572, Coproplasma sp910579705
2026-01-11 16:25:45.263072 INFO::Fitting model to feature number 1573, Lentihominibacter faecis
2026-01-11 16:25:45.270458 INFO::Fitting model to feature number 1574, MGYG000324400
2026-01-11 16:25:45.27893 INFO::Fitting model to feature number 1575, MGYG000357081
2026-01-11 16:25:45.285359 INFO::Fitting model to feature number 1576, Leuconostoc citreum
2026-01-11 16:25:45.290626 WARNING::Fitting problem for feature 1576 returning NA
2026-01-11 16:25:45.293377 INFO::Fitting model to feature number 1577, Enterococcus_E cecorum
2026-01-11 16:25:45.297859 WARNING::Fitting problem for feature 1577 returning NA
2026-01-11 16:25:45.301873 INFO::Fitting model to feature number 1578, MGYG000410809
2026-01-11 16:25:45.306608 WARNING::Fitting problem for feature 1578 returning NA
2026-01-11 16:25:45.310472 INFO::Fitting model to feature number 1579, Anaerotardibacter sp000434775
2026-01-11 16:25:45.314802 WARNING::Fitting problem for feature 1579 returning NA
2026-01-11 16:25:45.318961 INFO::Fitting model to feature number 1580, MGYG000325716
2026-01-11 16:25:45.323482 WARNING::Fitting problem for feature 1580 returning NA
2026-01-11 16:25:45.32696 INFO::Fitting model to feature number 1581, Bacteroides fragilis
2026-01-11 16:25:45.335291 INFO::Fitting model to feature number 1582, Eubacterium_F sp910589595
2026-01-11 16:25:45.341275 INFO::Fitting model to feature number 1583, Acetatifactor sp910584435
2026-01-11 16:25:45.346405 WARNING::Fitting problem for feature 1583 returning NA
2026-01-11 16:25:45.350477 INFO::Fitting model to feature number 1584, Butyribacter sp003611745
2026-01-11 16:25:45.356633 INFO::Fitting model to feature number 1585, MGYG000410930
2026-01-11 16:25:45.366461 INFO::Fitting model to feature number 1586, MGYG000410149
2026-01-11 16:25:45.376184 INFO::Fitting model to feature number 1587, MGYG000328377
2026-01-11 16:25:45.380921 WARNING::Fitting problem for feature 1587 returning NA
2026-01-11 16:25:45.385313 INFO::Fitting model to feature number 1588, MGYG000324606
2026-01-11 16:25:45.390316 WARNING::Fitting problem for feature 1588 returning NA
2026-01-11 16:25:45.393806 INFO::Fitting model to feature number 1589, Dorea_A longicatena
2026-01-11 16:25:45.398702 WARNING::Fitting problem for feature 1589 returning NA
2026-01-11 16:25:45.402407 INFO::Fitting model to feature number 1590, MGYG000323390
2026-01-11 16:25:45.407604 WARNING::Fitting problem for feature 1590 returning NA
2026-01-11 16:25:45.412011 INFO::Fitting model to feature number 1591, CALWPV01 sp022794035
2026-01-11 16:25:45.418724 INFO::Fitting model to feature number 1592, Dysosmobacter sp900763685
2026-01-11 16:25:45.423349 WARNING::Fitting problem for feature 1592 returning NA
2026-01-11 16:25:45.427608 INFO::Fitting model to feature number 1593, Evtepia sp004556345
2026-01-11 16:25:45.431529 WARNING::Fitting problem for feature 1593 returning NA
2026-01-11 16:25:45.435501 INFO::Fitting model to feature number 1594, Evtepia gabavorous
2026-01-11 16:25:45.440059 WARNING::Fitting problem for feature 1594 returning NA
2026-01-11 16:25:45.443984 INFO::Fitting model to feature number 1595, MGYG000387732
2026-01-11 16:25:45.448433 WARNING::Fitting problem for feature 1595 returning NA
2026-01-11 16:25:45.452263 INFO::Fitting model to feature number 1596, Avoscillospira_A sp022795735
2026-01-11 16:25:45.457242 WARNING::Fitting problem for feature 1596 returning NA
2026-01-11 16:25:45.460886 INFO::Fitting model to feature number 1597, Eubacterium_R sp009774735
2026-01-11 16:25:45.466336 INFO::Fitting model to feature number 1598, MGYG000325665
2026-01-11 16:25:45.471905 INFO::Fitting model to feature number 1599, Eubacterium_R sp910584985
2026-01-11 16:25:45.476305 INFO::Fitting model to feature number 1600, Eubacterium_R sp910577215
2026-01-11 16:25:45.482075 INFO::Fitting model to feature number 1601, MGYG000325451
2026-01-11 16:25:45.4879 INFO::Fitting model to feature number 1602, MGYG000403628
2026-01-11 16:25:45.492982 INFO::Fitting model to feature number 1603, MGYG000327108
2026-01-11 16:25:45.498611 INFO::Fitting model to feature number 1604, Bittarella massiliensis
2026-01-11 16:25:45.504202 WARNING::Fitting problem for feature 1604 returning NA
2026-01-11 16:25:45.508967 INFO::Fitting model to feature number 1605, MGYG000327115
2026-01-11 16:25:45.512327 WARNING::Fitting problem for feature 1605 returning NA
2026-01-11 16:25:45.516316 INFO::Fitting model to feature number 1606, MGYG000358052
2026-01-11 16:25:45.52531 INFO::Fitting model to feature number 1607, MGYG000325728
2026-01-11 16:25:45.529962 WARNING::Fitting problem for feature 1607 returning NA
2026-01-11 16:25:45.534288 INFO::Fitting model to feature number 1608, MGYG000325324
2026-01-11 16:25:45.542477 INFO::Fitting model to feature number 1609, MGYG000325708
2026-01-11 16:25:45.548138 WARNING::Fitting problem for feature 1609 returning NA
2026-01-11 16:25:45.552501 INFO::Fitting model to feature number 1610, MGYG000410978
2026-01-11 16:25:45.557673 WARNING::Fitting problem for feature 1610 returning NA
2026-01-11 16:25:45.561828 INFO::Fitting model to feature number 1611, MGYG000329907
2026-01-11 16:25:45.56786 INFO::Fitting model to feature number 1612, MGYG000411499
2026-01-11 16:25:45.578354 INFO::Fitting model to feature number 1613, QAKD01 sp022793975
2026-01-11 16:25:45.58358 WARNING::Fitting problem for feature 1613 returning NA
2026-01-11 16:25:45.587844 INFO::Fitting model to feature number 1614, Reyranella aquatilis
2026-01-11 16:25:45.592747 WARNING::Fitting problem for feature 1614 returning NA
2026-01-11 16:25:45.597311 INFO::Fitting model to feature number 1615, MGYG000339341
2026-01-11 16:25:45.603004 WARNING::Fitting problem for feature 1615 returning NA
2026-01-11 16:25:45.607792 INFO::Fitting model to feature number 1616, Collinsella bouchesdurhonensis
2026-01-11 16:25:45.613248 WARNING::Fitting problem for feature 1616 returning NA
2026-01-11 16:25:45.617704 INFO::Fitting model to feature number 1617, Desulfovibrio sp900319575
2026-01-11 16:25:45.623282 WARNING::Fitting problem for feature 1617 returning NA
2026-01-11 16:25:45.627264 INFO::Fitting model to feature number 1618, MGYG000325614
2026-01-11 16:25:45.635444 INFO::Fitting model to feature number 1619, Dielma fastidiosa
2026-01-11 16:25:45.644543 INFO::Fitting model to feature number 1620, UBA1067 sp902788415
2026-01-11 16:25:45.649233 WARNING::Fitting problem for feature 1620 returning NA
2026-01-11 16:25:45.653052 INFO::Fitting model to feature number 1621, UBA3282 sp910578555
2026-01-11 16:25:45.661058 INFO::Fitting model to feature number 1622, MGYG000330584
2026-01-11 16:25:45.664659 WARNING::Fitting problem for feature 1622 returning NA
2026-01-11 16:25:45.668009 INFO::Fitting model to feature number 1623, MGYG000410602
2026-01-11 16:25:45.671888 WARNING::Fitting problem for feature 1623 returning NA
2026-01-11 16:25:45.675055 INFO::Fitting model to feature number 1624, Howiella sp022791355
2026-01-11 16:25:45.6818 INFO::Fitting model to feature number 1625, QXXE01 sp910589115
2026-01-11 16:25:45.686092 WARNING::Fitting problem for feature 1625 returning NA
2026-01-11 16:25:45.689509 INFO::Fitting model to feature number 1626, Anaerocaecibacter sp910587805
2026-01-11 16:25:45.697236 INFO::Fitting model to feature number 1627, Ventricola sp900542395
2026-01-11 16:25:45.70177 WARNING::Fitting problem for feature 1627 returning NA
2026-01-11 16:25:45.704651 INFO::Fitting model to feature number 1628, MGYG000376566
2026-01-11 16:25:45.708486 WARNING::Fitting problem for feature 1628 returning NA
2026-01-11 16:25:45.711811 INFO::Fitting model to feature number 1629, CAG-267 sp910576955
2026-01-11 16:25:45.716053 WARNING::Fitting problem for feature 1629 returning NA
2026-01-11 16:25:45.719573 INFO::Fitting model to feature number 1630, MGYG000335208
2026-01-11 16:25:45.722586 WARNING::Fitting problem for feature 1630 returning NA
2026-01-11 16:25:45.724938 INFO::Fitting model to feature number 1631, MGYG000326756
2026-01-11 16:25:45.727635 WARNING::Fitting problem for feature 1631 returning NA
2026-01-11 16:25:45.729934 INFO::Fitting model to feature number 1632, Longicatena caecimuris
2026-01-11 16:25:45.735049 INFO::Fitting model to feature number 1633, MGYG000324718
2026-01-11 16:25:45.738579 INFO::Fitting model to feature number 1634, MGYG000326954
2026-01-11 16:25:45.741771 INFO::Fitting model to feature number 1635, Coproplasma sp910578655
2026-01-11 16:25:45.744994 INFO::Fitting model to feature number 1636, Parabacteroides faecavium
2026-01-11 16:25:45.751013 INFO::Fitting model to feature number 1637, MGYG000325474
2026-01-11 16:25:45.759379 INFO::Fitting model to feature number 1638, Gallimonas sp910588465
2026-01-11 16:25:45.765826 INFO::Fitting model to feature number 1639, Ralstonia pickettii_B
2026-01-11 16:25:45.773013 INFO::Fitting model to feature number 1640, MGYG000327731
2026-01-11 16:25:45.779598 WARNING::Fitting problem for feature 1640 returning NA
2026-01-11 16:25:45.784673 INFO::Fitting model to feature number 1641, MGYG000325340
2026-01-11 16:25:45.789829 WARNING::Fitting problem for feature 1641 returning NA
2026-01-11 16:25:45.793812 INFO::Fitting model to feature number 1642, MGYG000325552
2026-01-11 16:25:45.799446 INFO::Fitting model to feature number 1643, VSOB01 sp910585205
2026-01-11 16:25:45.808482 INFO::Fitting model to feature number 1644, MGYG000330463
2026-01-11 16:25:45.811812 WARNING::Fitting problem for feature 1644 returning NA
2026-01-11 16:25:45.815418 INFO::Fitting model to feature number 1645, Robinsoniella sp900555455
2026-01-11 16:25:45.820891 WARNING::Fitting problem for feature 1645 returning NA
2026-01-11 16:25:45.824101 INFO::Fitting model to feature number 1646, Lawsonibacter asaccharolyticus
2026-01-11 16:25:45.828577 WARNING::Fitting problem for feature 1646 returning NA
2026-01-11 16:25:45.835164 INFO::Fitting model to feature number 1647, Enterenecus sp932222125
2026-01-11 16:25:45.839752 WARNING::Fitting problem for feature 1647 returning NA
2026-01-11 16:25:45.843178 INFO::Fitting model to feature number 1648, MGYG000330031
2026-01-11 16:25:45.847532 WARNING::Fitting problem for feature 1648 returning NA
2026-01-11 16:25:45.850999 INFO::Fitting model to feature number 1649, CAG-170 sp900553545
2026-01-11 16:25:45.855704 WARNING::Fitting problem for feature 1649 returning NA
2026-01-11 16:25:45.859608 INFO::Fitting model to feature number 1650, Oscillibacter sp002455655
2026-01-11 16:25:45.863712 WARNING::Fitting problem for feature 1650 returning NA
2026-01-11 16:25:45.867142 INFO::Fitting model to feature number 1651, Harryflintia sp022792175
2026-01-11 16:25:45.871544 WARNING::Fitting problem for feature 1651 returning NA
2026-01-11 16:25:45.875127 INFO::Fitting model to feature number 1652, Fimimonas sp910586625
2026-01-11 16:25:45.879803 INFO::Fitting model to feature number 1653, MGYG000344714
2026-01-11 16:25:45.888641 INFO::Fitting model to feature number 1654, MGYG000324647
2026-01-11 16:25:45.891775 WARNING::Fitting problem for feature 1654 returning NA
2026-01-11 16:25:45.895258 INFO::Fitting model to feature number 1655, MGYG000377617
2026-01-11 16:25:45.899354 WARNING::Fitting problem for feature 1655 returning NA
2026-01-11 16:25:45.902995 INFO::Fitting model to feature number 1656, Cryptobacteroides sp000434935
2026-01-11 16:25:45.907212 INFO::Fitting model to feature number 1657, MGYG000323975
2026-01-11 16:25:45.910638 INFO::Fitting model to feature number 1658, Klebsiella pneumoniae
2026-01-11 16:25:45.916789 INFO::Fitting model to feature number 1659, Citrobacter_A sedlakii
2026-01-11 16:25:45.922878 INFO::Fitting model to feature number 1660, Proteus faecis
2026-01-11 16:25:45.928581 INFO::Fitting model to feature number 1661, RUG572 sp900547945
2026-01-11 16:25:46.853839 WARNING::Deleting existing model objects file: /home/julianne/Documents/slc_si_paper/results/Bracken/SMT_Maaslin3/Ileum//Sequencing_Depth_Sex_Genotype/fits/models_linear.rds
2026-01-11 16:25:46.856505 INFO::Writing model objects to file /home/julianne/Documents/slc_si_paper/results/Bracken/SMT_Maaslin3/Ileum//Sequencing_Depth_Sex_Genotype/fits/models_linear.rds
2026-01-11 16:25:51.018046 WARNING::Deleting existing residuals file: /home/julianne/Documents/slc_si_paper/results/Bracken/SMT_Maaslin3/Ileum//Sequencing_Depth_Sex_Genotype/fits/residuals_linear.rds
2026-01-11 16:25:51.020324 INFO::Writing residuals to file /home/julianne/Documents/slc_si_paper/results/Bracken/SMT_Maaslin3/Ileum//Sequencing_Depth_Sex_Genotype/fits/residuals_linear.rds
2026-01-11 16:25:51.043589 WARNING::Deleting existing fitted file: /home/julianne/Documents/slc_si_paper/results/Bracken/SMT_Maaslin3/Ileum//Sequencing_Depth_Sex_Genotype/fits/fitted_linear.rds
2026-01-11 16:25:51.045843 INFO::Writing fitted values to file /home/julianne/Documents/slc_si_paper/results/Bracken/SMT_Maaslin3/Ileum//Sequencing_Depth_Sex_Genotype/fits/fitted_linear.rds
2026-01-11 16:25:51.068174 WARNING::Deleting existing model objects file: /home/julianne/Documents/slc_si_paper/results/Bracken/SMT_Maaslin3/Ileum//Sequencing_Depth_Sex_Genotype/fits/models_logistic.rds
2026-01-11 16:25:51.07426 INFO::Writing model objects to file /home/julianne/Documents/slc_si_paper/results/Bracken/SMT_Maaslin3/Ileum//Sequencing_Depth_Sex_Genotype/fits/models_logistic.rds
2026-01-11 16:26:35.563381 WARNING::Deleting existing residuals file: /home/julianne/Documents/slc_si_paper/results/Bracken/SMT_Maaslin3/Ileum//Sequencing_Depth_Sex_Genotype/fits/residuals_logistic.rds
2026-01-11 16:26:35.564792 INFO::Writing residuals to file /home/julianne/Documents/slc_si_paper/results/Bracken/SMT_Maaslin3/Ileum//Sequencing_Depth_Sex_Genotype/fits/residuals_logistic.rds
2026-01-11 16:26:35.629225 WARNING::Deleting existing fitted file: /home/julianne/Documents/slc_si_paper/results/Bracken/SMT_Maaslin3/Ileum//Sequencing_Depth_Sex_Genotype/fits/fitted_logistic.rds
2026-01-11 16:26:35.630855 INFO::Writing fitted values to file /home/julianne/Documents/slc_si_paper/results/Bracken/SMT_Maaslin3/Ileum//Sequencing_Depth_Sex_Genotype/fits/fitted_logistic.rds
2026-01-11 16:26:35.707214 INFO::Writing all the results to file (ordered 
            by increasing individual q-values): /home/julianne/Documents/slc_si_paper/results/Bracken/SMT_Maaslin3/Ileum//Sequencing_Depth_Sex_Genotype/all_results.tsv
2026-01-11 16:26:35.827518 INFO::Writing the significant results without errors (those which have joint q-values less than or equal to the threshold of 0.250000 ) to file (ordered by increasing individual q-values): /home/julianne/Documents/slc_si_paper/results/Bracken/SMT_Maaslin3/Ileum//Sequencing_Depth_Sex_Genotype/significant_results.tsv
2026-01-11 16:26:35.880566 INFO::Writing summary plot of significant
                        results to file: /home/julianne/Documents/slc_si_paper/results/Bracken/SMT_Maaslin3/Ileum//Sequencing_Depth_Sex_Genotype/figures/summary_plot.pdf
2026-01-11 16:26:39.308465 INFO::Writing association plots (one for each significant association) to output folder: /home/julianne/Documents/slc_si_paper/results/Bracken/SMT_Maaslin3/Ileum//Sequencing_Depth_Sex_Genotype/figures
2026-01-11 16:26:39.312607 INFO::Plotting associations from most to least significant, grouped by metadata
2026-01-11 16:26:39.318485 INFO::Creating box plot for categorical data (linear), 
                        Genotype vs Choladocola sp910574965
2026-01-11 16:26:39.33968 INFO::Creating box plot for categorical data (linear), 
                        Sex vs Parvibacter caecicola
2026-01-11 16:26:39.363146 INFO::Creating box plot for categorical data (linear), 
                        Genotype vs Thomasclavelia cocleata
2026-01-11 16:26:39.40125 INFO::Creating box plot for categorical data (linear), 
                        Genotype vs UBA11957 sp910588295
2026-01-11 16:26:39.43785 INFO::Creating box plot for categorical data (linear), 
                        Sex vs D16-63 sp910588095
2026-01-11 16:26:39.474162 INFO::Creating box plot for categorical data (linear), 
                        Genotype vs Lawsonibacter sp910589085
2026-01-11 16:26:39.510289 INFO::Creating box plot for categorical data (linear), 
                        Genotype vs MGYG000323047
2026-01-11 16:26:39.537409 INFO::Creating box plot for categorical data (linear), 
                        Sex vs MGYG000329984
2026-01-11 16:26:39.586591 INFO::Creating box plot for categorical data (linear), 
                        Genotype vs MD308 sp010206225
2026-01-11 16:26:39.614124 INFO::Creating box plot for categorical data (linear), 
                        Sex vs Muribaculum gordoncarteri
2026-01-11 16:26:39.639499 INFO::Creating box plot for categorical data (linear), 
                        Sex vs Adlercreutzia sp910585575
2026-01-11 16:26:39.67042 INFO::Creating box plot for categorical data (linear), 
                        Sex vs Acutalibacter sp910588935
2026-01-11 16:26:39.699188 INFO::Creating box plot for categorical data (linear), 
                        Genotype vs Butyribacter sp910575435
2026-01-11 16:26:39.7258 INFO::Creating box plot for categorical data (linear), 
                        Genotype vs Paramuribaculum sp001689535
2026-01-11 16:26:39.757099 INFO::Creating box plot for categorical data (linear), 
                        Genotype vs MGYG000326314
2026-01-11 16:26:39.79404 INFO::Creating box plot for categorical data (linear), 
                        Genotype vs MGYG000329984
2026-01-11 16:26:39.828288 INFO::Creating box plot for categorical data (linear), 
                        Genotype vs D16-34 sp910575165
2026-01-11 16:26:39.85736 INFO::Creating box plot for categorical data (linear), 
                        Sex vs Acutalibacter sp009917445
2026-01-11 16:26:39.892637 INFO::Creating box plot for categorical data (linear), 
                        Genotype vs CAJFPI01 sp022801715
2026-01-11 16:26:39.928084 INFO::Creating box plot for categorical data (linear), 
                        Sex vs Enterorhabdus sp009911695
