"feature"	"metadata"	"value"	"name"	"coef"	"null_hypothesis"	"stderr"	"pval_individual"	"qval_individual"	"pval_joint"	"qval_joint"	"error"	"model"	"N"	"N_not_zero"
"Choladocola sp910574965"	"Genotype"	"MUT"	"GenotypeMUT"	4.54970065653821	0.264802588829141	0.571978025016258	1.357271282032e-07	0.000301483883521358	1.357271282032e-07	0.000169082069959137	NA	"abundance"	30	27
"Parvibacter caecicola"	"Sex"	"M"	"SexM"	-5.2647742887945	-0.624832126159849	0.600497415069025	8.11891625041028e-08	0.000301483883521358	8.11891625041028e-08	0.000169082069959137	NA	"abundance"	30	27
"Thomasclavelia cocleata"	"Genotype"	"MUT"	"GenotypeMUT"	4.51097804481036	0.264802588829141	0.419881603533804	4.67128407066753e-08	0.000301483883521358	9.34256792312609e-08	0.000169082069959137	NA	"abundance"	30	19
"UBA11957 sp910588295"	"Genotype"	"MUT"	"GenotypeMUT"	-4.8880277448446	0.264802588829141	0.637183553330911	1.02734793006043e-07	0.000301483883521358	1.02734793006043e-07	0.000169082069959137	NA	"abundance"	30	24
"D16-63 sp910588095"	"Sex"	"M"	"SexM"	-4.20304936868741	-0.624832126159849	0.52646641247852	6.69876134784531e-07	0.000991974909593426	6.69876134784531e-07	0.000556332129938553	NA	"abundance"	30	27
"Lawsonibacter sp910589085"	"Genotype"	"MUT"	"GenotypeMUT"	4.88252196535986	0.264802588829141	0.652326203718492	5.71279319516727e-07	0.000991974909593426	5.71279319516727e-07	0.000556332129938553	NA	"abundance"	30	25
"MGYG000323047"	"Genotype"	"MUT"	"GenotypeMUT"	2.63092497686044	0.264802588829141	0.364577488038877	1.14739982581824e-06	0.00138069038021785	1.14739982581824e-06	0.000774336540756954	NA	"abundance"	30	28
"MGYG000329984"	"Sex"	"M"	"SexM"	-3.56144553801504	-0.624832126159849	0.44909620381406	1.24316522698287e-06	0.00138069038021785	1.24316522698287e-06	0.000774336540756954	NA	"abundance"	30	27
"MD308 sp010206225"	"Genotype"	"MUT"	"GenotypeMUT"	2.73765259106195	0.264802588829141	0.432830587043532	5.61105641772031e-06	0.00498542362714449	5.61105641772031e-06	0.00279598941295003	NA	"abundance"	30	30
"Muribaculum gordoncarteri"	"Sex"	"M"	"SexM"	-6.00999283267027	-0.624832126159849	0.936031688238952	5.51476506216453e-06	0.00498542362714449	5.51476506216453e-06	0.00279598941295003	NA	"abundance"	30	29
"Adlercreutzia sp910585575"	"Sex"	"M"	"SexM"	-2.26441872451032	-0.624832126159849	0.276857114714587	7.0922604169521e-06	0.00572861216405631	7.0922604169521e-06	0.0032127939688793	NA	"abundance"	30	26
"Acutalibacter sp910588935"	"Sex"	"M"	"SexM"	-4.85422608835867	-0.624832126159849	0.723858796465687	1.6006448224859e-05	0.0101583780341337	1.6006448224859e-05	0.00569715225031945	NA	"abundance"	30	22
"Butyribacter sp910575435"	"Genotype"	"MUT"	"GenotypeMUT"	3.34236890465102	0.264802588829141	0.569117197030506	1.54454376690705e-05	0.0101583780341337	1.54454376690705e-05	0.00569715225031945	NA	"abundance"	30	28
"Paramuribaculum sp001689535"	"Genotype"	"MUT"	"GenotypeMUT"	-5.83597728494811	0.264802588829141	1.14355206740621	1.58895932576009e-05	0.0101583780341337	1.58895932576009e-05	0.00569715225031945	NA	"abundance"	30	29
"MGYG000326314"	"Genotype"	"MUT"	"GenotypeMUT"	-2.72825224939442	0.264802588829141	0.520159422102433	1.9569760000504e-05	0.0115918211736319	1.9569760000504e-05	0.00650107427216744	NA	"abundance"	30	22
"MGYG000329984"	"Genotype"	"MUT"	"GenotypeMUT"	-2.10252067389729	0.264802588829141	0.447913756823101	2.44521809383835e-05	0.0135786017273461	4.89037639676144e-05	0.0111327945198921	NA	"abundance"	30	27
"D16-34 sp910575165"	"Genotype"	"MUT"	"GenotypeMUT"	-3.08536283210874	0.264802588829141	0.640550462138213	2.71289595533686e-05	0.0141788709195106	5.42571831262907e-05	0.0112651476465961	NA	"abundance"	30	27
"Acutalibacter sp009917445"	"Sex"	"M"	"SexM"	-4.07275189865322	-0.624832126159849	0.652006971974744	4.31429816996065e-05	0.0182535901143335	4.31429816996065e-05	0.0111327945198921	NA	"abundance"	30	23
"CAJFPI01 sp022801715"	"Genotype"	"MUT"	"GenotypeMUT"	3.4007093974836	0.264802588829141	0.591347682496137	4.20238858216404e-05	0.0182535901143335	4.20238858216404e-05	0.0111327945198921	NA	"abundance"	30	23
"Enterorhabdus sp009911695"	"Sex"	"M"	"SexM"	-3.98873554938121	-0.624832126159849	0.660494676252066	3.82366528848266e-05	0.0182535901143335	3.82366528848266e-05	0.0111327945198921	NA	"abundance"	30	27
"MGYG000328306"	"Sex"	"M"	"SexM"	-4.23198075779742	-0.624832126159849	0.687061268920406	3.97705882877464e-05	0.0182535901143335	3.97705882877464e-05	0.0111327945198921	NA	"abundance"	30	24
"Enterenecus sp910579155"	"Genotype"	"MUT"	"GenotypeMUT"	4.10471033749235	0.264802588829141	0.754652106831116	4.96389755195725e-05	0.0190233646407163	4.96389755195725e-05	0.0111327945198921	NA	"abundance"	30	25
"Muribaculum sp910587665"	"Sex"	"M"	"SexM"	-3.41146908788213	-0.624832126159849	0.559482401594636	5.13855657149342e-05	0.0190233646407163	5.13855657149342e-05	0.0111327945198921	NA	"abundance"	30	27
"RACS-045 sp910579785"	"Sex"	"M"	"SexM"	3.03884255947092	-0.624832126159849	0.710735455928519	4.91496554761994e-05	0.0190233646407163	4.91496554761994e-05	0.0111327945198921	NA	"abundance"	30	24
"UBA7173 sp001689485"	"Genotype"	"MUT"	"GenotypeMUT"	3.26074629253294	0.264802588829141	0.618171465337105	5.6855705766079e-05	0.0202065178292645	5.6855705766079e-05	0.0113324792732949	NA	"abundance"	30	29
"D16-34 sp910575165"	"Sex"	"M"	"SexM"	-3.74332477662087	-0.624832126159849	0.64224145053715	6.90666669252993e-05	0.0236022052165878	6.90666669252993e-05	0.0132368923572602	NA	"abundance"	30	27
"Odoribacter sp021771575"	"Sex"	"M"	"SexM"	0.799003802443655	-0.624832126159849	0.297841582163824	8.46227340325356e-05	0.0278471478473733	8.46227340325356e-05	0.0156175956920046	NA	"abundance"	30	28
"CAG-873 sp002490635"	"Sex"	"M"	"SexM"	-6.20584894530386	-0.624832126159849	1.19604841887019	9.78102472983799e-05	0.0310372874016466	9.78102472983799e-05	0.0174067307959938	NA	"abundance"	30	28
"Parvibacter caecicola"	"Genotype"	"MUT"	"GenotypeMUT"	-2.47562090593147	0.264802588829141	0.59891633654844	0.000137574685301622	0.0421500372036178	0.000275130443809209	0.0380826389305914	NA	"abundance"	30	27
"MGYG000324148"	"Sex"	"M"	"SexM"	-4.75799990872425	-0.624832126159849	0.874623283779375	0.000149029795347477	0.0427138623116882	0.000149029795347477	0.024753849007216	NA	"abundance"	30	23
"NM07-P-09 sp004793665"	"Genotype"	"MUT"	"GenotypeMUT"	3.32147628826593	0.264802588829141	0.682657225858566	0.00014742119928024	0.0427138623116882	0.00014742119928024	0.024753849007216	NA	"abundance"	30	29
"Bacteroides caecimuris"	"Genotype"	"MUT"	"GenotypeMUT"	3.48748244945771	0.264802588829141	0.72595936680388	0.000175540391345708	0.0487398867845816	0.000175540391345708	0.0282167022605052	NA	"abundance"	30	28
"Enterorhabdus sp009911695"	"Genotype"	"MUT"	"GenotypeMUT"	-2.65481592365678	0.264802588829141	0.658755628057391	0.000197210561181382	0.0530974495786843	0.000394382230357323	0.0479318696065986	NA	"abundance"	30	27
"Faecalibaculum rodentium"	"Sex"	"M"	"SexM"	0.623068118426804	-0.624832126159849	0.28528417181665	0.000204942112698947	0.0535561962155925	0.000204942112698947	0.0319133296118392	NA	"abundance"	30	30
"Acetatifactor sp910585615"	"Genotype"	"MUT"	"GenotypeMUT"	3.34014627053213	0.264802588829141	0.697605137786327	0.000226306564268142	0.0574495378149268	0.000226306564268142	0.0341722912044894	NA	"abundance"	30	26
"Adlercreutzia sp910585575"	"Genotype"	"MUT"	"GenotypeMUT"	-0.95567540160908	0.264802588829141	0.275121439366372	0.000234436706743057	0.0578602816503352	0.000234436706743057	0.0343587679323722	NA	"abundance"	30	26
"ZJ304 sp910584145"	"Genotype"	"MUT"	"GenotypeMUT"	-2.99962130666908	0.264802588829141	0.753048019658705	0.00024852587615587	0.0596797948552676	0.00024852587615587	0.0353829840252771	NA	"abundance"	30	27
"Zhenpiania sp910575405"	"Genotype"	"MUT"	"GenotypeMUT"	2.17808871188269	0.264802588829141	0.451793117680195	0.000284534832927896	0.0665287365937989	0.000284534832927896	0.0383199208778299	NA	"abundance"	30	29
"MD308 sp910584615"	"Genotype"	"MUT"	"GenotypeMUT"	1.9235372990283	0.264802588829141	0.364097041618089	0.000295661396030988	0.0673577308650085	0.000591235376400874	0.0601250179715419	NA	"abundance"	30	21
"MGYG000328353"	"Sex"	"M"	"SexM"	-2.59831175133582	-0.624832126159849	0.441222150732555	0.000309905464127569	0.0688377512193362	0.000309905464127569	0.0406383928354652	NA	"abundance"	30	22
"MGYG000325389"	"Sex"	"M"	"SexM"	0.604566405502909	-0.624832126159849	0.213187121246042	0.000317744136091314	0.068857479248081	0.000635387310846607	0.0612104686203536	NA	"abundance"	30	13
"Lachnospira sp910589305"	"Genotype"	"MUT"	"GenotypeMUT"	3.38868396482201	0.264802588829141	0.590625648724229	0.000360241147631335	0.0746048675042909	0.000360241147631335	0.0449789261544089	NA	"abundance"	30	14
"UBA3282 sp910578115"	"Genotype"	"MUT"	"GenotypeMUT"	3.97709489863858	0.264802588829141	0.809512233108794	0.000361059009868825	0.0746048675042909	0.000361059009868825	0.0449789261544089	NA	"abundance"	30	19
"ZJ304 sp943192905"	"Sex"	"M"	"SexM"	-1.8149380925151	-0.624832126159849	0.265089071057455	0.000376652787123843	0.076058182127167	0.000753163706925639	0.0658423640633414	NA	"abundance"	30	21
"MGYG000410711"	"Sex"	"M"	"SexM"	-1.93245410949887	-0.624832126159849	0.305225448916323	0.000406108121945525	0.080183792521911	0.000406108121945525	0.048181827896537	NA	"abundance"	30	24
"Bilophila sp910585945"	"Sex"	"M"	"SexM"	-3.71905785601296	-0.624832126159849	0.748071102412851	0.000442750318645491	0.0855181865470692	0.000442750318645491	0.0513075543676856	NA	"abundance"	30	26
"Muribaculum intestinale"	"Sex"	"M"	"SexM"	-4.81450173135238	-0.624832126159849	1.04321656987134	0.000480302553763412	0.0893616744456751	0.000480302553763412	0.0534580947679969	NA	"abundance"	30	29
"UBA3282 sp910577735"	"Sex"	"M"	"SexM"	2.31903964953589	-0.624832126159849	0.736892025859594	0.000482764251366619	0.0893616744456751	0.000482764251366619	0.0534580947679969	NA	"abundance"	30	30
"Pelethomonas sp910578505"	"Genotype"	"MUT"	"GenotypeMUT"	-2.35687254270399	0.264802588829141	0.624100197139432	0.000494826510792468	0.0897251744569607	0.000494826510792468	0.0536026196364971	NA	"abundance"	30	23
"D16-63 sp910588095"	"Genotype"	"MUT"	"GenotypeMUT"	-1.85636203324887	0.264802588829141	0.525080253744625	0.000524135268210824	0.0931388371610633	0.00104799581864226	0.0828914787983239	NA	"abundance"	30	27
"UBA1394 sp910588145"	"Sex"	"M"	"SexM"	-3.80835551924618	0	1.1020028313384	0.000548562280408907	0.0955681541457479	0.00109682364024233	0.0853980031144925	NA	"prevalence"	30	15
"Dysosmobacter sp910575815"	"Sex"	"M"	"SexM"	1.60201097325927	-0.624832126159849	0.562251034643022	0.000572700871291243	0.0960084385174093	0.00114507375629451	0.0877348511624857	NA	"abundance"	30	29
"MGYG000411451"	"Genotype"	"MUT"	"GenotypeMUT"	-3.3428829077473	0.264802588829141	0.813532254563429	0.00057186116408503	0.0960084385174093	0.00057186116408503	0.0601250179715419	NA	"abundance"	30	18
"CAG-873 sp009775265"	"Sex"	"M"	"SexM"	-4.78757001199271	-0.624832126159849	1.02059758469752	0.000589563219432598	0.0970049852714562	0.000589563219432598	0.0601250179715419	NA	"abundance"	30	24
"MGYG000329032"	"Genotype"	"MUT"	"GenotypeMUT"	-3.35918755235163	0.264802588829141	0.899028744708807	0.000611340835450225	0.0987593331450045	0.000611340835450225	0.0609262276609694	NA	"abundance"	30	25
"Adlercreutzia caecimuris"	"Sex"	"M"	"SexM"	-4.42490098965278	-0.624832126159849	0.953905926474893	0.000638760659895321	0.100664690743132	0.000638760659895321	0.0612104686203536	NA	"abundance"	30	26
"Lawsonibacter sp910584605"	"Genotype"	"MUT"	"GenotypeMUT"	2.38257051848054	0.264802588829141	0.542452705321547	0.000654899552372079	0.100664690743132	0.000654899552372079	0.0615729145183032	NA	"abundance"	30	29
"MGYG000410574"	"Sex"	"M"	"SexM"	-2.58717923293199	-0.624832126159849	0.488936328597051	0.000657124599111047	0.100664690743132	0.00131381738548334	0.0909271115536594	NA	"abundance"	30	25
"Bariatricus sp022793995"	"Genotype"	"MUT"	"GenotypeMUT"	-2.77470843314351	0.264802588829141	0.692319387689375	0.00074260835844453	0.108165168275076	0.00074260835844453	0.0658423640633414	NA	"abundance"	30	17
"MGYG000328306"	"Genotype"	"MUT"	"GenotypeMUT"	-2.44924922765596	0.264802588829141	0.680722561017126	0.000740795887012924	0.108165168275076	0.000740795887012924	0.0658423640633414	NA	"abundance"	30	24
"Paramuribaculum intestinale"	"Genotype"	"MUT"	"GenotypeMUT"	-4.12788065766253	0.264802588829141	1.1356802578789	0.000741395996756267	0.108165168275076	0.000741395996756267	0.0658423640633414	NA	"abundance"	30	28
"Paralachnospira sp910588815"	"Sex"	"M"	"SexM"	-3.80601261966801	-0.624832126159849	0.671522063639899	0.000805818301315986	0.115478961406331	0.000805818301315986	0.0692309068182338	NA	"abundance"	30	14
"Paramuribaculum sp910587425"	"Genotype"	"MUT"	"GenotypeMUT"	-6.7629801904348	0.264802588829141	1.8156340479946	0.000829942733829081	0.117048272858276	0.000829942733829081	0.0700949939435646	NA	"abundance"	30	26
"Lawsonibacter sp022794495"	"Genotype"	"MUT"	"GenotypeMUT"	2.91291634984956	0.264802588829141	0.680217847097046	0.00085169470224189	0.118239178584675	0.00085169470224189	0.0707332450211889	NA	"abundance"	30	25
"UBA3282 sp009774655"	"Sex"	"M"	"SexM"	3.107764692461	-0.624832126159849	0.991884252774681	0.00102081104750518	0.139537017801285	0.00102081104750518	0.0828914787983239	NA	"abundance"	30	27
"UBA3282 sp009774215"	"Sex"	"M"	"SexM"	2.26006488488282	-0.624832126159849	0.698222155127059	0.00103825346802333	0.139770940354353	0.00103825346802333	0.0828914787983239	NA	"abundance"	30	18
"CAG-485 sp002361155"	"Sex"	"M"	"SexM"	-3.08185526251618	-0.624832126159849	0.667077546346565	0.0011912784851098	0.153092271804862	0.0011912784851098	0.0882777456854244	NA	"abundance"	30	28
"Dysosmobacter sp910586735"	"Sex"	"M"	"SexM"	-3.1136246292277	-0.624832126159849	0.665701465760344	0.0012430919992279	0.153092271804862	0.0012430919992279	0.0882777456854244	NA	"abundance"	30	25
"MGYG000326975"	"Sex"	"M"	"SexM"	0.449429957515277	-0.624832126159849	0.293087235403809	0.0012529204827354	0.153092271804862	0.0012529204827354	0.0882777456854244	NA	"abundance"	30	30
"MGYG000329046"	"Genotype"	"MUT"	"GenotypeMUT"	2.64699971926909	0.264802588829141	0.414931488226628	0.00124406193992366	0.153092271804862	0.00124406193992366	0.0882777456854244	NA	"abundance"	30	10
"MGYG000329537"	"Sex"	"M"	"SexM"	-2.61797166239179	-0.624832126159849	0.53249615064522	0.00116205100877464	0.153092271804862	0.00116205100877464	0.0877348511624857	NA	"abundance"	30	26
"Parasutterella sp009767915"	"Genotype"	"MUT"	"GenotypeMUT"	3.48604273121952	0.264802588829141	0.880629674837765	0.00125782057870061	0.153092271804862	0.00125782057870061	0.0882777456854244	NA	"abundance"	30	28
"UBA3282 sp910575245"	"Sex"	"M"	"SexM"	0.90652523784029	-0.624832126159849	0.41393686949217	0.00119452988485413	0.153092271804862	0.00238763286806246	0.133680613275901	NA	"abundance"	30	28
"MGYG000326888"	"Sex"	"M"	"SexM"	-3.07710153587133	-0.624832126159849	0.667062468279156	0.00134816128361659	0.159712173399112	0.00269450502838654	0.14707690034623	NA	"abundance"	30	26
"MGYG000328896"	"Genotype"	"MUT"	"GenotypeMUT"	1.72678242318478	0.264802588829141	0.370053807879457	0.00134308214569989	0.159712173399112	0.00134308214569989	0.0916791552331858	NA	"abundance"	30	19
"Faecalibaculum rodentium"	"Sequencing_Depth"	"Sequencing_Depth"	"Sequencing_Depth"	0.0241918289976248	-0.499110588055241	0.144762097013302	0.0013690574523394	0.160053624526783	0.0013690574523394	0.0921893687163136	NA	"abundance"	30	30
"UBA3282 sp009774655"	"Genotype"	"MUT"	"GenotypeMUT"	3.78006687157857	0.264802588829141	0.96842069510759	0.0014133427468902	0.163085068910642	0.0014133427468902	0.0939024921033849	NA	"abundance"	30	27
"QXXE01 sp009911355"	"Sex"	"M"	"SexM"	-2.92563514174394	-0.624832126159849	0.63802830611203	0.00151474537284346	0.172545033816848	0.00151474537284346	0.0993154762220917	NA	"abundance"	30	27
"Desulfovibrio sp009773975"	"Sequencing_Depth"	"Sequencing_Depth"	"Sequencing_Depth"	0.714549120109975	-0.499110588055241	0.343978263285386	0.0015929390125109	0.179155229445055	0.0015929390125109	0.103085910381062	NA	"abundance"	30	30
"MGBC163016 sp910589125"	"Sex"	"M"	"SexM"	-2.14002094309444	-0.624832126159849	0.406278889081725	0.00163609962787126	0.181709314920451	0.00163609962787126	0.104521595457468	NA	"abundance"	30	22
"NSJ-51 sp910585415"	"Genotype"	"MUT"	"GenotypeMUT"	2.27785285018407	0.264802588829141	0.568294719221702	0.00170306593018932	0.184533424265026	0.00170306593018932	0.107422500381435	NA	"abundance"	30	28
"Parvibacter sp910588725"	"Sex"	"M"	"SexM"	-1.99066039589344	-0.624832126159849	0.349345703026487	0.0016986551569218	0.184533424265026	0.00339442488450147	0.169144191994708	NA	"abundance"	30	18
"MGBC163016 sp910588985"	"Sex"	"M"	"SexM"	-1.78234433700616	-0.624832126159849	0.306338513709865	0.00179651514284407	0.185605081908948	0.00358980281902967	0.17119366873688	NA	"abundance"	30	20
"MGYG000325668"	"Genotype"	"MUT"	"GenotypeMUT"	-1.64131657487836	0.264802588829141	0.311840330404875	0.00177558672907274	0.185605081908948	0.00354802074991303	0.17119366873688	NA	"abundance"	30	9
"Parabacteroides distasonis"	"Genotype"	"MUT"	"GenotypeMUT"	2.90333924658519	0.264802588829141	0.748113374609224	0.00174971382154832	0.185605081908948	0.00174971382154832	0.108985299659691	NA	"abundance"	30	28
"UBA2882 sp910574745"	"Sex"	"M"	"SexM"	-4.69341981409819	-0.624832126159849	1.01873789736039	0.00179392048626048	0.185605081908948	0.00179392048626048	0.110359330654765	NA	"abundance"	30	16
"CAG-95 sp910585005"	"Genotype"	"MUT"	"GenotypeMUT"	-3.9116497213588	0.264802588829141	1.13170662528813	0.00199616639011824	0.199346921389808	0.00199616639011824	0.118455084983254	NA	"abundance"	30	20
"MGBC118957 sp910584385"	"Genotype"	"MUT"	"GenotypeMUT"	1.75829594400875	0.264802588829141	0.41420142926835	0.00198118746725895	0.199346921389808	0.00198118746725895	0.118455084983254	NA	"abundance"	30	23
"Pelethomonas sp022795905"	"Sex"	"M"	"SexM"	-2.97379237944719	-0.624832126159849	0.60765119739173	0.00199683466558165	0.199346921389808	0.00199683466558165	0.118455084983254	NA	"abundance"	30	17
"MGYG000331169"	"Sex"	"M"	"SexM"	-3.03235680270987	0	0.983062893634748	0.00203825378664377	0.201220943270332	0.00407235309478877	0.184477595193931	NA	"prevalence"	30	15
"Avoscillospira_A sp022792945"	"Sex"	"M"	"SexM"	-1.7412436861595	-0.624832126159849	0.287647969129605	0.00208730501891452	0.203798957066544	0.00417025319558705	0.187210555618111	NA	"abundance"	30	17
"Dysosmobacter sp001916835"	"Genotype"	"MUT"	"GenotypeMUT"	1.01083760933003	0.264802588829141	0.0971139384127325	0.00215974661641383	0.204142007306775	0.00431482872738054	0.190272491579976	NA	"abundance"	30	8
"MGYG000327551"	"Sex"	"M"	"SexM"	1.05241011888787	-0.624832126159849	0.406023444615091	0.00213407699877655	0.204142007306775	0.00213407699877655	0.125107125704747	NA	"abundance"	30	14
"Thomasclavelia cocleata"	"Sex"	"M"	"SexM"	3.27962342078362	0	1.06844776291477	0.00214401945603109	0.204142007306775	0.00428344209263435	0.190272491579976	NA	"prevalence"	30	19
"Choladocola sp910585995"	"Genotype"	"MUT"	"GenotypeMUT"	-3.92556723384673	0	1.28124674355871	0.00218497382037278	0.204352551515917	0.00436517353014984	0.190804032462602	NA	"prevalence"	30	18
"14-2 sp000403255"	"Sex"	"M"	"SexM"	-2.67007436293253	-0.624832126159849	0.559899609992259	0.00299242550765078	0.207995278114862	0.00299242550765078	0.154400201839685	NA	"abundance"	30	17
"14-2 sp000403315"	"Sex"	"M"	"SexM"	-3.89839849341026	-0.624832126159849	0.944708021751037	0.00279513223300576	0.207995278114862	0.00279513223300576	0.149764988355567	NA	"abundance"	30	22
"1XD8-76 sp910578085"	"Sex"	"M"	"SexM"	0.413935422658517	-0.624832126159849	0.342551207401262	0.00581906253704634	0.207995278114862	0.00581906253704634	0.209732500699753	NA	"abundance"	30	30
"Acetatifactor sp910585425"	"Genotype"	"MUT"	"GenotypeMUT"	3.69109072147474	0.264802588829141	1.02062724264656	0.00300628471542452	0.207995278114862	0.00300628471542452	0.154400201839685	NA	"abundance"	30	25
"Acetatifactor sp910586515"	"Genotype"	"MUT"	"GenotypeMUT"	3.62491557267157	0.264802588829141	0.7997078867112	0.00851658570970493	0.207995278114862	0.00851658570970493	0.209732500699753	NA	"abundance"	30	9
"Acutalibacter sp910587835"	"Sex"	"M"	"SexM"	-2.90096921155598	-0.624832126159849	0.731753424918704	0.00723650807122422	0.207995278114862	0.00723650807122422	0.209732500699753	NA	"abundance"	30	19
"Adlercreutzia hattorii"	"Sex"	"M"	"SexM"	-1.8240503976787	-0.624832126159849	0.374201344823764	0.00470632805797866	0.207995278114862	0.009390506592168	0.209732500699753	NA	"abundance"	30	24
"Adlercreutzia mucosicola"	"Sex"	"M"	"SexM"	-1.85836763075362	-0.624832126159849	0.424048181249985	0.00897831865984244	0.207995278114862	0.0178760271137272	0.209732500699753	NA	"abundance"	30	24
"Adlercreutzia sp910589165"	"Sex"	"M"	"SexM"	-2.10480577282331	-0.624832126159849	0.454514658967377	0.00389801559692771	0.207995278114862	0.00778083666826152	0.209732500699753	NA	"abundance"	30	25
"Alistipes sp910576555"	"Genotype"	"MUT"	"GenotypeMUT"	2.91976070471171	0.264802588829141	0.888591874740364	0.0105502487698466	0.207995278114862	0.0209891897905875	0.209732500699753	NA	"abundance"	30	17
"Anaerocaecibacter sp910579205"	"Sex"	"M"	"SexM"	1.48700969532322	-0.624832126159849	0.257729796867745	0.0150539057543493	0.207995278114862	0.0298811914302377	0.209732500699753	NA	"abundance"	30	6
"Anaerotardibacter sp000435675"	"Sex"	"M"	"SexM"	-2.13442228258265	-0.624832126159849	0.532489094169213	0.0153217930953095	0.207995278114862	0.0304088288469634	0.209732500699753	NA	"abundance"	30	16
"Angelakisella sp013316495"	"Sex"	"M"	"SexM"	-2.72932437261304	-0.624832126159849	0.6504344579785	0.00906134958437077	0.207995278114862	0.00906134958437077	0.209732500699753	NA	"abundance"	30	14
"Avidehalobacter sp021771915"	"Genotype"	"MUT"	"GenotypeMUT"	1.06695572787931	0.264802588829141	0.241403804859404	0.00734308771325054	0.207995278114862	0.0146322544893366	0.209732500699753	NA	"abundance"	30	15
"Avidehalobacter sp022797295"	"Sequencing_Depth"	"Sequencing_Depth"	"Sequencing_Depth"	0.0318257961552403	-0.499110588055241	0.201525137310978	0.0163165682437882	0.207995278114862	0.0323669060883223	0.209732500699753	NA	"abundance"	30	24
"Blautia_A sp900551075"	"Sex"	"M"	"SexM"	0.549691898654154	-0.624832126159849	0.425932293604616	0.011370549701752	0.207995278114862	0.022611810002984	0.209732500699753	NA	"abundance"	30	28
"C-19 sp910576345"	"Sequencing_Depth"	"Sequencing_Depth"	"Sequencing_Depth"	-0.859266464279882	-0.499110588055241	0.0839686701036269	0.00569154246250425	0.207995278114862	0.011350691269406	0.209732500699753	NA	"abundance"	30	10
"C-19 sp910576855"	"Genotype"	"MUT"	"GenotypeMUT"	-2.08828858368027	0.264802588829141	0.812006918074118	0.0111299043451041	0.207995278114862	0.0111299043451041	0.209732500699753	NA	"abundance"	30	19
"CAG-317 sp011960265"	"Genotype"	"MUT"	"GenotypeMUT"	1.71148324372341	0.264802588829141	0.424671951456937	0.00371412090111833	0.207995278114862	0.00371412090111833	0.174598721228987	NA	"abundance"	30	20
"CAG-510 sp910577015"	"Genotype"	"MUT"	"GenotypeMUT"	2.76911513123185	0.264802588829141	0.489556059350532	0.0037992795451014	0.207995278114862	0.0037992795451014	0.176932803488227	NA	"abundance"	30	9
"CAG-873 sp002490635"	"Genotype"	"MUT"	"GenotypeMUT"	-3.57073369843594	0.264802588829141	1.18674204088589	0.00357729420878239	0.207995278114862	0.00357729420878239	0.17119366873688	NA	"abundance"	30	28
"CAG-95 sp910579425"	"Sex"	"M"	"SexM"	1.82660569345129	-0.624832126159849	0.910328667688734	0.01454731027623	0.207995278114862	0.0288829963161871	0.209732500699753	NA	"abundance"	30	23
"Choladocola sp910574965"	"Sex"	"M"	"SexM"	1.2334115312211	-0.624832126159849	0.572350483384953	0.00364551595132045	0.207995278114862	0.00727774211608958	0.209732500699753	NA	"abundance"	30	27
"Choladocola sp910575445"	"Sex"	"M"	"SexM"	-1.77567803545521	-0.624832126159849	0.409678396644933	0.0116754579808935	0.207995278114862	0.0232145996427235	0.209732500699753	NA	"abundance"	30	23
"Clostridioides difficile"	"Sex"	"M"	"SexM"	1.09732119685382	-0.624832126159849	0.409665980885124	0.00239040370604848	0.207995278114862	0.00477509338221907	0.203380369765359	NA	"abundance"	30	13
"Coproplasma sp910577375"	"Sex"	"M"	"SexM"	2.20691645430348	-0.624832126159849	1.02151480156515	0.0159227394679862	0.207995278114862	0.031591945303807	0.209732500699753	NA	"abundance"	30	17
"Coproplasma sp910586035"	"Genotype"	"MUT"	"GenotypeMUT"	3.53735679562807	0.264802588829141	0.388660666263281	0.0139616702041609	0.207995278114862	0.0139616702041609	0.209732500699753	NA	"abundance"	30	6
"Coproplasma sp910586035"	"Sequencing_Depth"	"Sequencing_Depth"	"Sequencing_Depth"	2.47577555339031	-0.499110588055241	0.336340865083133	0.0125915054713098	0.207995278114862	0.0125915054713098	0.209732500699753	NA	"abundance"	30	6
"Coproplasma sp910586035"	"Sex"	"M"	"SexM"	6.40870433697778	-0.624832126159849	0.591769659636036	0.00707033488379905	0.207995278114862	0.00707033488379905	0.209732500699753	NA	"abundance"	30	6
"Desulfovibrio sp910575755"	"Sequencing_Depth"	"Sequencing_Depth"	"Sequencing_Depth"	0.221394503074823	-0.499110588055241	0.263728093651399	0.0117287775171104	0.207995278114862	0.023319990812175	0.209732500699753	NA	"abundance"	30	28
"Desulfovibrio sp910575755"	"Sex"	"M"	"SexM"	-2.15472908716798	-0.624832126159849	0.516569340032246	0.00691047592527128	0.207995278114862	0.00691047592527128	0.209732500699753	NA	"abundance"	30	28
"Desulfovibrio sp910587035"	"Sex"	"M"	"SexM"	-2.37109289242092	-0.624832126159849	0.573812958930557	0.0058720593760504	0.207995278114862	0.0058720593760504	0.209732500699753	NA	"abundance"	30	27
"Dubosiella sp004793885"	"Sequencing_Depth"	"Sequencing_Depth"	"Sequencing_Depth"	-1.12694658778937	-0.499110588055241	0.207488641986176	0.00749370056152732	0.207995278114862	0.0149312455749488	0.209732500699753	NA	"abundance"	30	22
"Dubosiella sp004793885"	"Sex"	"M"	"SexM"	0.546293377283169	-0.624832126159849	0.429494565645688	0.0144860924027828	0.207995278114862	0.0287623379324636	0.209732500699753	NA	"abundance"	30	22
"Duncaniella dubosii"	"Genotype"	"MUT"	"GenotypeMUT"	-3.52711726739671	0.264802588829141	1.30069804495305	0.00781904370001474	0.207995278114862	0.00781904370001474	0.209732500699753	NA	"abundance"	30	27
"Duncaniella sp910576785"	"Genotype"	"MUT"	"GenotypeMUT"	-4.11312064277852	0.264802588829141	1.46048571044002	0.00608845609911235	0.207995278114862	0.00608845609911235	0.209732500699753	NA	"abundance"	30	29
"Dysosmobacter sp022791135"	"Sex"	"M"	"SexM"	-2.85772991866032	-0.624832126159849	0.627150696577856	0.00229058910499869	0.207995278114862	0.00229058910499869	0.130043410365382	NA	"abundance"	30	22
"Dysosmobacter sp910577405"	"Sex"	"M"	"SexM"	-2.16991740715468	-0.624832126159849	0.488839047528331	0.00532095316739856	0.207995278114862	0.00532095316739856	0.209732500699753	NA	"abundance"	30	23
"Dysosmobacter sp910587705"	"Sex"	"M"	"SexM"	1.0943591087958	-0.624832126159849	0.639724276803003	0.0128083618334327	0.207995278114862	0.0254526695340093	0.209732500699753	NA	"abundance"	30	29
"Dysosmobacter sp910588005"	"Genotype"	"MUT"	"GenotypeMUT"	-2.42009031302517	0.264802588829141	0.881567497002045	0.0112104981093442	0.207995278114862	0.0112104981093442	0.209732500699753	NA	"abundance"	30	15
"Eggerthella lenta"	"Sex"	"M"	"SexM"	-1.72722698702689	-0.624832126159849	0.341858142093395	0.00644451848717553	0.207995278114862	0.0128475051558195	0.209732500699753	NA	"abundance"	30	18
"Enterenecus sp910579155"	"Sex"	"M"	"SexM"	1.80561221830954	-0.624832126159849	0.729647430615227	0.00321267028779459	0.207995278114862	0.00641501932521111	0.209732500699753	NA	"abundance"	30	25
"Enterenecus sp910587205"	"Genotype"	"MUT"	"GenotypeMUT"	1.71680485750112	0.264802588829141	0.449809275674587	0.00582598898043107	0.207995278114862	0.00582598898043107	0.209732500699753	NA	"abundance"	30	19
"Enterenecus sp910587285"	"Genotype"	"MUT"	"GenotypeMUT"	-2.19003491491706	0.264802588829141	0.716044681779205	0.00254968311833847	0.207995278114862	0.00254968311833847	0.141167455318674	NA	"abundance"	30	25
"Enterenecus sp910587285"	"Sex"	"M"	"SexM"	-2.88083127917202	-0.624832126159849	0.716287353036187	0.0049171511333993	0.207995278114862	0.0049171511333993	0.205900538636376	NA	"abundance"	30	25
"Enterenecus sp910588495"	"Genotype"	"MUT"	"GenotypeMUT"	-1.92607952660072	0.264802588829141	0.731591780044308	0.0065678989652187	0.207995278114862	0.0065678989652187	0.209732500699753	NA	"abundance"	30	27
"Enterenecus sp910588495"	"Sex"	"M"	"SexM"	-3.13997143736075	-0.624832126159849	0.732155192553145	0.00229657236848357	0.207995278114862	0.00229657236848357	0.130043410365382	NA	"abundance"	30	27
"Eubacterium_F sp910585745"	"Genotype"	"MUT"	"GenotypeMUT"	1.77815656951599	0.264802588829141	0.5652135796306	0.0151568173126715	0.207995278114862	0.0151568173126715	0.209732500699753	NA	"abundance"	30	23
"Eubacterium_J sp910580075"	"Sex"	"M"	"SexM"	-1.69485689461813	-0.624832126159849	0.371957330768992	0.0145203590367915	0.207995278114862	0.0288298772470257	0.209732500699753	NA	"abundance"	30	16
"Fimivicinus sp900544375"	"Sex"	"M"	"SexM"	0.955579772147799	-0.624832126159849	0.50292099571129	0.0121134022174774	0.207995278114862	0.0240800699216724	0.209732500699753	NA	"abundance"	30	13
"Gemmiger formicilis"	"Sequencing_Depth"	"Sequencing_Depth"	"Sequencing_Depth"	-1.10070057722003	-0.499110588055241	0.118135523024819	0.00732342003810338	0.207995278114862	0.0145932075951523	0.209732500699753	NA	"abundance"	30	8
"Gordonibacter pamelaeae"	"Genotype"	"MUT"	"GenotypeMUT"	-0.89202589709316	0.264802588829141	0.349220018873271	0.00590109821481266	0.207995278114862	0.0117673734694845	0.209732500699753	NA	"abundance"	30	17
"Gordonibacter pamelaeae"	"Sex"	"M"	"SexM"	-1.91546313856709	-0.624832126159849	0.35998552106213	0.00353021221652805	0.207995278114862	0.00704796203476238	0.209732500699753	NA	"abundance"	30	17
"Ileibacterium valens"	"Sex"	"M"	"SexM"	0.253454803121321	-0.624832126159849	0.264423905546853	0.00336803920125894	0.207995278114862	0.00672473471445667	0.209732500699753	NA	"abundance"	30	27
"Imtechella halotolerans"	"Genotype"	"MUT"	"GenotypeMUT"	1.3035841264648	0.264802588829141	0.304768678150094	0.0148846024651159	0.207995278114862	0.0295476535396873	0.209732500699753	NA	"abundance"	30	10
"JAAVYW01 sp022791315"	"Genotype"	"MUT"	"GenotypeMUT"	-2.89157976883681	0.264802588829141	0.607732473108616	0.0139757994204117	0.207995278114862	0.0139757994204117	0.209732500699753	NA	"abundance"	30	7
"JAAVYW01 sp022791315"	"Sex"	"M"	"SexM"	3.95799731623603	-0.624832126159849	0.681025189664059	0.00674627426650387	0.207995278114862	0.0134470363165288	0.209732500699753	NA	"abundance"	30	7
"JAGBWK01 sp001915385"	"Sex"	"M"	"SexM"	0.241089628323588	-0.624832126159849	0.322347806471873	0.0133716029605697	0.207995278114862	0.0133716029605697	0.209732500699753	NA	"abundance"	30	30
"Kineothrix sp910576535"	"Sex"	"M"	"SexM"	-2.54808596059184	-0.624832126159849	0.643645550111709	0.00800058160842276	0.207995278114862	0.00800058160842276	0.209732500699753	NA	"abundance"	30	22
"Lactobacillus intestinalis"	"Sex"	"M"	"SexM"	-4.43766339227151	-0.624832126159849	1.22650704505437	0.00534095853574024	0.207995278114862	0.00534095853574024	0.209732500699753	NA	"abundance"	30	25
"M3 sp001689445"	"Sex"	"M"	"SexM"	-2.06486640658215	-0.624832126159849	0.535155627493131	0.0133937592614499	0.207995278114862	0.0133937592614499	0.209732500699753	NA	"abundance"	30	27
"Mailhella sp910577155"	"Sequencing_Depth"	"Sequencing_Depth"	"Sequencing_Depth"	-1.0349416432337	-0.499110588055241	0.0588036792639092	0.0031876229718697	0.207995278114862	0.0063650850035286	0.209732500699753	NA	"abundance"	30	7
"MD308 sp910575105"	"Genotype"	"MUT"	"GenotypeMUT"	-1.99188949483919	0.264802588829141	0.748305173564461	0.00586258763677572	0.207995278114862	0.0116908053397526	0.209732500699753	NA	"abundance"	30	29
"MGBC113645 sp910579135"	"Genotype"	"MUT"	"GenotypeMUT"	-2.41280576242395	0.264802588829141	0.8628752996407	0.0101281397521605	0.207995278114862	0.0201537002894818	0.209732500699753	NA	"abundance"	30	15
"MGBC118957 sp910584385"	"Sex"	"M"	"SexM"	0.646964240095969	-0.624832126159849	0.413655295310237	0.00648207070898676	0.207995278114862	0.0129221241772972	0.209732500699753	NA	"abundance"	30	23
"MGBC163016 sp910585565"	"Sex"	"M"	"SexM"	-2.00919865348467	-0.624832126159849	0.42321645353478	0.00421629582366889	0.207995278114862	0.0084148144968651	0.209732500699753	NA	"abundance"	30	23
"MGBC163016 sp910589135"	"Genotype"	"MUT"	"GenotypeMUT"	-3.1658578691436	0.264802588829141	1.08733343667735	0.0044564843678917	0.207995278114862	0.00889310848286214	0.209732500699753	NA	"abundance"	30	27
"MGYG000324467"	"Genotype"	"MUT"	"GenotypeMUT"	1.49028435476521	0.264802588829141	0.451646906951638	0.0162668649168549	0.207995278114862	0.0162668649168549	0.209732500699753	NA	"abundance"	30	19
"MGYG000325434"	"Genotype"	"MUT"	"GenotypeMUT"	-1.15515527129009	0.264802588829141	0.350419214958384	0.0158515122862015	0.207995278114862	0.0314517541306434	0.209732500699753	NA	"abundance"	30	8
"MGYG000326632"	"Sex"	"M"	"SexM"	-1.899870083599	-0.624832126159849	0.432943190583343	0.00937107084463218	0.207995278114862	0.0186543247204892	0.209732500699753	NA	"abundance"	30	21
"MGYG000327375"	"Genotype"	"MUT"	"GenotypeMUT"	2.02722422457779	0.264802588829141	0.369785778373911	0.00908420378834185	0.207995278114862	0.0180858848182156	0.209732500699753	NA	"abundance"	30	8
"MGYG000327450"	"Sex"	"M"	"SexM"	-2.52098270919024	-0.624832126159849	0.703713110878823	0.013467495535529	0.207995278114862	0.013467495535529	0.209732500699753	NA	"abundance"	30	26
"MGYG000327499"	"Sex"	"M"	"SexM"	-2.93610860540603	-0.624832126159849	0.638571394629282	0.00477533679762132	0.207995278114862	0.00477533679762132	0.203380369765359	NA	"abundance"	30	14
"MGYG000327852"	"Sex"	"M"	"SexM"	-1.71722492893208	-0.624832126159849	0.339368690457081	0.00461081968778654	0.207995278114862	0.0092003797173798	0.209732500699753	NA	"abundance"	30	24
"MGYG000328238"	"Genotype"	"MUT"	"GenotypeMUT"	-4.62123129809974	0.264802588829141	1.47914559968518	0.00356885671485152	0.207995278114862	0.00356885671485152	0.17119366873688	NA	"abundance"	30	24
"MGYG000328360"	"Sex"	"M"	"SexM"	0.392429415257288	-0.624832126159849	0.331615631298583	0.0124342012909748	0.207995278114862	0.0247137932202052	0.209732500699753	NA	"abundance"	30	14
"MGYG000328991"	"Genotype"	"MUT"	"GenotypeMUT"	1.65450772778716	0.264802588829141	0.396837976052509	0.00283431703086834	0.207995278114862	0.00283431703086834	0.150248954944861	NA	"abundance"	30	21
"MGYG000329032"	"Sex"	"M"	"SexM"	-3.13926334842587	-0.624832126159849	0.90746083358179	0.0115069436958604	0.207995278114862	0.0115069436958604	0.209732500699753	NA	"abundance"	30	25
"MGYG000329046"	"Sequencing_Depth"	"Sequencing_Depth"	"Sequencing_Depth"	-0.0191751893396532	-0.499110588055241	0.137095244645954	0.0133002809177014	0.207995278114862	0.0264236643629131	0.209732500699753	NA	"abundance"	30	10
"MGYG000329420"	"Sex"	"M"	"SexM"	2.47299182268343	-0.624832126159849	0.987266329654625	0.00949631983735666	0.207995278114862	0.00949631983735666	0.209732500699753	NA	"abundance"	30	15
"MGYG000329834"	"Sex"	"M"	"SexM"	-2.40662990755996	-0.624832126159849	0.52047838697705	0.00313668060047845	0.207995278114862	0.00626352243576748	0.209732500699753	NA	"abundance"	30	22
"MGYG000329896"	"Genotype"	"MUT"	"GenotypeMUT"	-0.540407083272108	0.264802588829141	0.241612770635153	0.00509880925862394	0.207995278114862	0.010171620661392	0.209732500699753	NA	"abundance"	30	19
"MGYG000330291"	"Genotype"	"MUT"	"GenotypeMUT"	1.47379314733098	0.264802588829141	0.422326751116799	0.0136771808468126	0.207995278114862	0.0136771808468126	0.209732500699753	NA	"abundance"	30	17
"MGYG000330291"	"Sex"	"M"	"SexM"	-2.1993517438841	-0.624832126159849	0.430677224574022	0.00303656828823784	0.207995278114862	0.00303656828823784	0.154400201839685	NA	"abundance"	30	17
"MGYG000331109"	"Sex"	"M"	"SexM"	-2.2382983419278	-0.624832126159849	0.583853557534455	0.013021083419225	0.207995278114862	0.013021083419225	0.209732500699753	NA	"abundance"	30	22
"MGYG000335786"	"Sex"	"M"	"SexM"	1.39056918266769	-0.624832126159849	0.711137939697816	0.012685276084516	0.207995278114862	0.0252096359396916	0.209732500699753	NA	"abundance"	30	19
"MGYG000366993"	"Genotype"	"MUT"	"GenotypeMUT"	-1.00741857379038	0.264802588829141	0.432196926129359	0.00862990133014818	0.207995278114862	0.0171853274633283	0.209732500699753	NA	"abundance"	30	23
"MGYG000392954"	"Sex"	"M"	"SexM"	-3.01275819389716	-0.624832126159849	0.755163775949486	0.00443760362416179	0.207995278114862	0.00443760362416179	0.19228329442781	NA	"abundance"	30	27
"MGYG000401219"	"Sex"	"M"	"SexM"	-1.5447760199353	-0.624832126159849	0.321740312887225	0.0121439127588382	0.207995278114862	0.0241403509005821	0.209732500699753	NA	"abundance"	30	20
"MGYG000405972"	"Sex"	"M"	"SexM"	3.56110240592202	-0.624832126159849	1.08329699857843	0.00834246046572984	0.207995278114862	0.00834246046572984	0.209732500699753	NA	"abundance"	30	10
"MGYG000410694"	"Sex"	"M"	"SexM"	-2.39338718731531	-0.624832126159849	0.627824456630375	0.00975637158127896	0.207995278114862	0.00975637158127896	0.209732500699753	NA	"abundance"	30	28
"MGYG000410761"	"Genotype"	"MUT"	"GenotypeMUT"	1.38227826497643	0.264802588829141	0.415923182465459	0.0161670373605569	0.207995278114862	0.0161670373605569	0.209732500699753	NA	"abundance"	30	21
"MGYG000411366"	"Genotype"	"MUT"	"GenotypeMUT"	1.87084186143298	0.264802588829141	0.525395979926756	0.0081715360689989	0.207995278114862	0.0081715360689989	0.209732500699753	NA	"abundance"	30	19
"MGYG000411523"	"Sequencing_Depth"	"Sequencing_Depth"	"Sequencing_Depth"	0.720052811320382	-0.499110588055241	0.392572882366177	0.0146131045625848	0.207995278114862	0.0290126663002126	0.209732500699753	NA	"abundance"	30	12
"MGYG000411523"	"Sex"	"M"	"SexM"	3.18073328439867	-0.624832126159849	1.07481954627676	0.00763320141371893	0.207995278114862	0.0152081370636154	0.209732500699753	NA	"abundance"	30	12
"Muribaculum intestinale"	"Genotype"	"MUT"	"GenotypeMUT"	-3.09985568552784	0.264802588829141	1.03091770924694	0.00320784547139685	0.207995278114862	0.00320784547139685	0.161461555393642	NA	"abundance"	30	29
"Muricomes contortus_B"	"Genotype"	"MUT"	"GenotypeMUT"	1.58560592776602	0.264802588829141	0.447445001751888	0.0107495193157089	0.207995278114862	0.021383486465899	0.209732500699753	NA	"abundance"	30	18
"Parabacteroides goldsteinii"	"Genotype"	"MUT"	"GenotypeMUT"	3.28784055721546	0.264802588829141	0.878765750082929	0.00277402202453148	0.207995278114862	0.00554034885087037	0.209732500699753	NA	"abundance"	30	23
"Parabacteroides goldsteinii"	"Sex"	"M"	"SexM"	1.77256167928455	-0.624832126159849	0.815710263769728	0.00850095878637958	0.207995278114862	0.0169296512724714	0.209732500699753	NA	"abundance"	30	23
"Parabacteroides sp900760525"	"Genotype"	"MUT"	"GenotypeMUT"	2.80861134267748	0.264802588829141	0.957960556166615	0.015703433845637	0.207995278114862	0.0272649979193098	0.209732500699753	NA	"abundance"	30	23
"Paralachnospira sp910588815"	"Sequencing_Depth"	"Sequencing_Depth"	"Sequencing_Depth"	0.2728651973666	-0.499110588055241	0.248975824852733	0.0113716215229007	0.207995278114862	0.0226139292697413	0.209732500699753	NA	"abundance"	30	14
"Paramuribaculum intestinale"	"Sex"	"M"	"SexM"	-4.26761058656688	-0.624832126159849	1.1445862116456	0.00402213087456005	0.207995278114862	0.00402213087456005	0.184477595193931	NA	"abundance"	30	28
"Paramuribaculum sp001689535"	"Sex"	"M"	"SexM"	-3.79820735908885	-0.624832126159849	1.1571946572731	0.0111333428177407	0.207995278114862	0.0111333428177407	0.209732500699753	NA	"abundance"	30	29
"Paramuribaculum sp001689565"	"Genotype"	"MUT"	"GenotypeMUT"	-2.17466356835681	0.264802588829141	0.850773218491642	0.00836959471865462	0.207995278114862	0.0166691393215547	0.209732500699753	NA	"abundance"	30	29
"Paramuribaculum sp009775605"	"Sex"	"M"	"SexM"	-1.99280393768263	-0.624832126159849	0.514348018819281	0.0158364653318257	0.207995278114862	0.0158364653318257	0.209732500699753	NA	"abundance"	30	23
"Paramuribaculum sp910586895"	"Sex"	"M"	"SexM"	1.61579012392899	-0.624832126159849	0.729899009502382	0.00909939962408091	0.207995278114862	0.00909939962408091	0.209732500699753	NA	"abundance"	30	17
"Paramuribaculum sp910587425"	"Sex"	"M"	"SexM"	-5.93105727461366	-0.624832126159849	1.80081850071745	0.00749054780994918	0.207995278114862	0.00749054780994918	0.209732500699753	NA	"abundance"	30	26
"Parvibacter sp910588725"	"Genotype"	"MUT"	"GenotypeMUT"	-0.720461306990529	0.264802588829141	0.321247808518382	0.00887108124828795	0.207995278114862	0.0176634664140622	0.209732500699753	NA	"abundance"	30	18
"Pediococcus pentosaceus"	"Sequencing_Depth"	"Sequencing_Depth"	"Sequencing_Depth"	0.0216914268421346	-0.499110588055241	0.192944206457289	0.0145424951719475	0.207995278114862	0.0288735061780689	0.209732500699753	NA	"abundance"	30	23
"Pediococcus pentosaceus"	"Sex"	"M"	"SexM"	-1.70505611752709	-0.624832126159849	0.404095573181074	0.0155610148409968	0.207995278114862	0.0308798844991119	0.209732500699753	NA	"abundance"	30	23
"Pelethomonas sp022804995"	"Sex"	"M"	"SexM"	-2.90404873850676	-0.624832126159849	0.67085538455612	0.00403628310093773	0.207995278114862	0.00403628310093773	0.184477595193931	NA	"abundance"	30	19
"Pelethomonas sp910578505"	"Sex"	"M"	"SexM"	-2.70883642141829	-0.624832126159849	0.603333329212822	0.00271544748782926	0.207995278114862	0.00271544748782926	0.14707690034623	NA	"abundance"	30	23
"Pelethomonas sp910579485"	"Sex"	"M"	"SexM"	-3.09707953959002	-0.624832126159849	0.833124038260377	0.00745275665703471	0.207995278114862	0.00745275665703471	0.209732500699753	NA	"abundance"	30	25
"Pelethomonas sp910579965"	"Sex"	"M"	"SexM"	-2.20868528687242	-0.624832126159849	0.592455391127261	0.0144597977086229	0.207995278114862	0.0144597977086229	0.209732500699753	NA	"abundance"	30	25
"RGIG8607 sp910588535"	"Sequencing_Depth"	"Sequencing_Depth"	"Sequencing_Depth"	0.142997120912907	-0.499110588055241	0.0706853758904219	0.0125427296088034	0.207995278114862	0.0249281391515673	0.209732500699753	NA	"abundance"	30	6
"Ruminiclostridium_E sp910588335"	"Sex"	"M"	"SexM"	1.37587813705692	-0.624832126159849	0.703786362325722	0.0119034410870115	0.207995278114862	0.023665190264311	0.209732500699753	NA	"abundance"	30	20
"Ruminococcus sp900540005"	"Sex"	"M"	"SexM"	0.655132768290105	-0.624832126159849	0.319712028088805	0.00416449506715533	0.207995278114862	0.0083116471151463	0.209732500699753	NA	"abundance"	30	12
"Schaedlerella sp910589385"	"Genotype"	"MUT"	"GenotypeMUT"	-3.105414638484	0.264802588829141	1.1349296610795	0.00653431029100582	0.207995278114862	0.0130259233710325	0.209732500699753	NA	"abundance"	30	29
"Sporofaciens sp000403455"	"Genotype"	"MUT"	"GenotypeMUT"	3.09968780793985	0.264802588829141	0.832766641469783	0.00226755295038372	0.207995278114862	0.00226755295038372	0.130043410365382	NA	"abundance"	30	29
"UBA1405 sp022800935"	"Genotype"	"MUT"	"GenotypeMUT"	1.85061423987414	0.264802588829141	0.54824992097447	0.00859013605618908	0.207995278114862	0.00859013605618908	0.209732500699753	NA	"abundance"	30	26
"UBA1405 sp022800935"	"Sex"	"M"	"SexM"	1.25303042367144	-0.624832126159849	0.558865170309584	0.00290155273653636	0.207995278114862	0.00290155273653636	0.152194076696428	NA	"abundance"	30	26
"UBA3282 sp009774215"	"Genotype"	"MUT"	"GenotypeMUT"	-1.4390220256135	0.264802588829141	0.619201102954068	0.0158525063912002	0.207995278114862	0.0314537108235173	0.209732500699753	NA	"abundance"	30	18
"UBA3282 sp910588215"	"Genotype"	"MUT"	"GenotypeMUT"	2.14734837536616	0.264802588829141	0.561145448738685	0.00360733197217988	0.207995278114862	0.00360733197217988	0.17119366873688	NA	"abundance"	30	22
"UBA7109 sp910575605"	"Sex"	"M"	"SexM"	-2.38757803466197	-0.624832126159849	0.652779619465714	0.0132792352575561	0.207995278114862	0.0132792352575561	0.209732500699753	NA	"abundance"	30	26
"Ventrimonas sp910588125"	"Sex"	"M"	"SexM"	0.658945660298949	-0.624832126159849	0.293498824680769	0.00350731322716236	0.207995278114862	0.00700232520825129	0.209732500699753	NA	"abundance"	30	11
"14-2 sp004793545"	"Sequencing_Depth"	"Sequencing_Depth"	"Sequencing_Depth"	2.2302636256964	0	0.830202297198131	0.00722244359988199	0.207995278114862	0.0143927235082105	0.209732500699753	NA	"prevalence"	30	18
"14-2 sp910576975"	"Sequencing_Depth"	"Sequencing_Depth"	"Sequencing_Depth"	2.10139401648391	0	0.823802179373195	0.0107461228123288	0.207995278114862	0.02137676646916	0.209732500699753	NA	"prevalence"	30	12
"14-2 sp910580195"	"Sequencing_Depth"	"Sequencing_Depth"	"Sequencing_Depth"	2.33261244609228	0	0.867490341757009	0.00716835178332289	0.207995278114862	0.0142853182993563	0.209732500699753	NA	"prevalence"	30	12
"14-2 sp910586005"	"Sequencing_Depth"	"Sequencing_Depth"	"Sequencing_Depth"	1.55840584056673	0	0.641796997503488	0.0151743399295377	0.207995278114862	0.0151743399295377	0.209732500699753	NA	"prevalence"	30	6
"14-2 sp910588965"	"Sequencing_Depth"	"Sequencing_Depth"	"Sequencing_Depth"	1.2819636717611	0	0.528741731574182	0.0153271404725118	0.207995278114862	0.0304193597099595	0.209732500699753	NA	"prevalence"	30	6
"14-2 sp910589635"	"Sequencing_Depth"	"Sequencing_Depth"	"Sequencing_Depth"	3.25923439411369	0	1.33203603283582	0.0144128202698661	0.207995278114862	0.0286179111516008	0.209732500699753	NA	"prevalence"	30	22
"1XD42-69 sp003612565"	"Sequencing_Depth"	"Sequencing_Depth"	"Sequencing_Depth"	1.71370904623629	0	0.65751307713983	0.00915129629512651	0.207995278114862	0.0182188463663718	0.209732500699753	NA	"prevalence"	30	8
"1XD42-69 sp022794015"	"Sequencing_Depth"	"Sequencing_Depth"	"Sequencing_Depth"	1.63671791064239	0	0.618727201481934	0.00816189703635837	0.207995278114862	0.0162571775094846	0.209732500699753	NA	"prevalence"	30	14
"1XD42-69 sp910577065"	"Sequencing_Depth"	"Sequencing_Depth"	"Sequencing_Depth"	2.97995665476085	0	1.0304897782072	0.00383057890724201	0.207995278114862	0.0076464844797194	0.209732500699753	NA	"prevalence"	30	17
"1XD42-69 sp910585825"	"Sequencing_Depth"	"Sequencing_Depth"	"Sequencing_Depth"	1.5833988443523	0	0.62117815345331	0.0108024455517488	0.207995278114862	0.021488198273599	0.209732500699753	NA	"prevalence"	30	9
"1XD42-69 sp910588565"	"Sequencing_Depth"	"Sequencing_Depth"	"Sequencing_Depth"	1.44443051622413	0	0.571085881910968	0.0114299988080515	0.207995278114862	0.0227293527433509	0.209732500699753	NA	"prevalence"	30	12
"1XD8-76 sp910577955"	"Sequencing_Depth"	"Sequencing_Depth"	"Sequencing_Depth"	1.45818329182213	0	0.602463942227786	0.015504889087271	0.207995278114862	0.0307693765889334	0.209732500699753	NA	"prevalence"	30	12
"1XD8-76 sp910584915"	"Sequencing_Depth"	"Sequencing_Depth"	"Sequencing_Depth"	1.90701911231297	0	0.792431836194408	0.0161044291190848	0.207995278114862	0.0161044291190848	0.209732500699753	NA	"prevalence"	30	4
"Acetatifactor sp011959105"	"Sequencing_Depth"	"Sequencing_Depth"	"Sequencing_Depth"	2.46256475145035	0	0.997479595297392	0.0135571852964909	0.207995278114862	0.0269305733198184	0.209732500699753	NA	"prevalence"	30	7
"Acetatifactor sp910578185"	"Sequencing_Depth"	"Sequencing_Depth"	"Sequencing_Depth"	1.25495205820174	0	0.52028555282184	0.0158633325220053	0.207995278114862	0.0314750197253069	0.209732500699753	NA	"prevalence"	30	9
"Acetatifactor sp910578215"	"Sequencing_Depth"	"Sequencing_Depth"	"Sequencing_Depth"	2.96119630435234	0	1.16588070832024	0.0110890723434241	0.207995278114862	0.0220551771614106	0.209732500699753	NA	"prevalence"	30	10
"Acetatifactor sp910578995"	"Sequencing_Depth"	"Sequencing_Depth"	"Sequencing_Depth"	2.09569862737384	0	0.792918811053383	0.00821706860129476	0.207995278114862	0.0163666169861911	0.209732500699753	NA	"prevalence"	30	13
"Acetatifactor sp910580225"	"Sequencing_Depth"	"Sequencing_Depth"	"Sequencing_Depth"	2.1910032870577	0	0.810330979103668	0.00685438009080241	0.207995278114862	0.0136617776551756	0.209732500699753	NA	"prevalence"	30	10
"Acetatifactor sp910583845"	"Sequencing_Depth"	"Sequencing_Depth"	"Sequencing_Depth"	2.1910032870577	0	0.810330979103668	0.00685438009080241	0.207995278114862	0.0136617776551756	0.209732500699753	NA	"prevalence"	30	10
"Acetatifactor sp910585665"	"Genotype"	"MUT"	"GenotypeMUT"	3.66872722137727	0	1.47900345176913	0.0131183544355123	0.207995278114862	0.0260646176479289	0.209732500699753	NA	"prevalence"	30	13
"Acetatifactor sp910585665"	"Sequencing_Depth"	"Sequencing_Depth"	"Sequencing_Depth"	2.54308718474574	0	1.0064596416491	0.0115118441891991	0.207995278114862	0.0228911658217617	0.209732500699753	NA	"prevalence"	30	13
"Acetatifactor sp910586435"	"Sequencing_Depth"	"Sequencing_Depth"	"Sequencing_Depth"	2.24830489991309	0	0.828366163396851	0.0066447312559248	0.207995278114862	0.0132453100583861	0.209732500699753	NA	"prevalence"	30	9
"Acetatifactor sp910586515"	"Sequencing_Depth"	"Sequencing_Depth"	"Sequencing_Depth"	1.36787396223777	0	0.54774012294481	0.0125141390156525	0.207995278114862	0.0248716743560019	0.209732500699753	NA	"prevalence"	30	9
"Acetatifactor sp910587555"	"Sequencing_Depth"	"Sequencing_Depth"	"Sequencing_Depth"	2.82953950511243	0	1.02799157781765	0.00591434313507141	0.207995278114862	0.0117937068154235	0.209732500699753	NA	"prevalence"	30	12
"Acutalibacter ornithocaccae"	"Sequencing_Depth"	"Sequencing_Depth"	"Sequencing_Depth"	1.24880131953045	0	0.510474198105023	0.0144308664354932	0.207995278114862	0.0286534829649073	0.209732500699753	NA	"prevalence"	30	7
"Acutalibacter sp910587995"	"Sequencing_Depth"	"Sequencing_Depth"	"Sequencing_Depth"	1.92862931225306	0	0.742603559394044	0.00940095334372414	0.207995278114862	0.0187135287636774	0.209732500699753	NA	"prevalence"	30	15
"Acutalibacter stercorigallinarum"	"Sequencing_Depth"	"Sequencing_Depth"	"Sequencing_Depth"	1.57862129041519	0	0.627733633172548	0.0119101674874303	0.207995278114862	0.0236784828852819	0.209732500699753	NA	"prevalence"	30	5
"Alistipes sp002358415"	"Sex"	"M"	"SexM"	-2.51976176241164	0	0.908010550928472	0.00551956359604542	0.207995278114862	0.0110086616098001	0.209732500699753	NA	"prevalence"	30	14
"Alistipes sp002362235"	"Sequencing_Depth"	"Sequencing_Depth"	"Sequencing_Depth"	1.7682641181403	0	0.722440120033103	0.0143800340413222	0.207995278114862	0.0285532827036149	0.209732500699753	NA	"prevalence"	30	18
"Alistipes sp002428825"	"Sex"	"M"	"SexM"	-2.74495533993208	0	1.0662017422862	0.0100379927867559	0.207995278114862	0.0199752242743249	0.209732500699753	NA	"prevalence"	30	17
"Alistipes sp900552955"	"Genotype"	"MUT"	"GenotypeMUT"	-3.99649366513339	0	1.62415909605964	0.0138684018118246	0.207995278114862	0.0138684018118246	0.209732500699753	NA	"prevalence"	30	8
"Alistipes sp910587675"	"Sex"	"M"	"SexM"	-2.64425213097439	0	0.998120872498694	0.00806753177220892	0.207995278114862	0.0160699784755223	0.209732500699753	NA	"prevalence"	30	17
"Alloprevotella sp002933955"	"Sex"	"M"	"SexM"	-2.92872987842881	0	0.967011652917606	0.00245657472045756	0.207995278114862	0.00490711468155792	0.205900538636376	NA	"prevalence"	30	15
"Amulumruptor sp001689515"	"Sequencing_Depth"	"Sequencing_Depth"	"Sequencing_Depth"	2.37317351851206	0	0.937373635869829	0.0113502538602026	0.207995278114862	0.0225716794577141	0.209732500699753	NA	"prevalence"	30	16
"Amulumruptor sp900539915"	"Sequencing_Depth"	"Sequencing_Depth"	"Sequencing_Depth"	1.38634813943811	0	0.576832069615082	0.016244183494722	0.207995278114862	0.0322244934920338	0.209732500699753	NA	"prevalence"	30	13
"Anaerocaecibacter sp910587805"	"Sequencing_Depth"	"Sequencing_Depth"	"Sequencing_Depth"	1.53573708015899	0	0.607358178647296	0.0114533934506809	0.207995278114862	0.0227756066798257	0.209732500699753	NA	"prevalence"	30	6
"Anaerostipes hominis"	"Genotype"	"MUT"	"GenotypeMUT"	3.42637963441875	0	1.28666703308674	0.00774500391613388	0.207995278114862	0.00774500391613388	0.209732500699753	NA	"prevalence"	30	9
"Anaerotardibacter sp000435675"	"Genotype"	"MUT"	"GenotypeMUT"	-4.15340285330807	0	1.67927262199268	0.0133858800475399	0.207995278114862	0.0265925783104326	0.209732500699753	NA	"prevalence"	30	16
"Anaerotignum sp910576545"	"Sequencing_Depth"	"Sequencing_Depth"	"Sequencing_Depth"	1.97588809785393	0	0.808928352058722	0.0145819039026133	0.207995278114862	0.0289511758838016	0.209732500699753	NA	"prevalence"	30	20
"Anaerotignum sp910578425"	"Sequencing_Depth"	"Sequencing_Depth"	"Sequencing_Depth"	1.54179618043771	0	0.638955793376999	0.015822101447386	0.207995278114862	0.0313938640005606	0.209732500699753	NA	"prevalence"	30	16
"Anaerotruncus colihominis_A"	"Sequencing_Depth"	"Sequencing_Depth"	"Sequencing_Depth"	2.71780290974824	0	1.07510212274041	0.0114731146240552	0.207995278114862	0.0228145968889336	0.209732500699753	NA	"prevalence"	30	13
"Anaerotruncus sp003612625"	"Sequencing_Depth"	"Sequencing_Depth"	"Sequencing_Depth"	3.27045909671251	0	1.15358667800569	0.00458206046217934	0.207995278114862	0.00914312564627962	0.209732500699753	NA	"prevalence"	30	19
"Anaerotruncus sp910586875"	"Sequencing_Depth"	"Sequencing_Depth"	"Sequencing_Depth"	1.5788217614553	0	0.612594470048309	0.00995839366510369	0.207995278114862	0.0198176177258182	0.209732500699753	NA	"prevalence"	30	9
"Angelakisella sp013316495"	"Sequencing_Depth"	"Sequencing_Depth"	"Sequencing_Depth"	2.0581432716205	0	0.769558326697034	0.00748525158051599	0.207995278114862	0.0149144741698084	0.209732500699753	NA	"prevalence"	30	14
"Angelakisella sp910585525"	"Sex"	"M"	"SexM"	-2.76586201243052	0	1.14918792738175	0.0160931142087552	0.207995278114862	0.0319272400925744	0.209732500699753	NA	"prevalence"	30	9
"Avidehalobacter sp021771915"	"Sequencing_Depth"	"Sequencing_Depth"	"Sequencing_Depth"	1.52967786390007	0	0.611525952585198	0.0123699461291103	0.207995278114862	0.0245868766909834	0.209732500699753	NA	"prevalence"	30	15
"Avirikenella sp910588925"	"Sex"	"M"	"SexM"	-3.80059427015856	0	1.56165429919374	0.0149454766795509	0.207995278114862	0.0296675860859228	0.209732500699753	NA	"prevalence"	30	22
"Bacillus licheniformis"	"Sequencing_Depth"	"Sequencing_Depth"	"Sequencing_Depth"	1.39742700724668	0	0.56747376294068	0.0137956670347771	0.207995278114862	0.0274010136406198	0.209732500699753	NA	"prevalence"	30	7
"Bacteroides congonensis"	"Sequencing_Depth"	"Sequencing_Depth"	"Sequencing_Depth"	2.37675833512923	0	0.914100291038108	0.00931947653868047	0.207995278114862	0.0185521004344059	0.209732500699753	NA	"prevalence"	30	17
"Bacteroides faecis"	"Genotype"	"MUT"	"GenotypeMUT"	5.40292283696328	0	1.94283103759417	0.00541994944420638	0.207995278114862	0.010810523036435	0.209732500699753	NA	"prevalence"	30	14
"Bacteroides intestinalis"	"Genotype"	"MUT"	"GenotypeMUT"	4.15140594789851	0	1.52037215256834	0.00632345746428543	0.207995278114862	0.0126069288142682	0.209732500699753	NA	"prevalence"	30	17
"Bacteroides stercoris"	"Sequencing_Depth"	"Sequencing_Depth"	"Sequencing_Depth"	1.70263715755149	0	0.708156912529169	0.0162025000661202	0.207995278114862	0.0321424791238477	0.209732500699753	NA	"prevalence"	30	19
"Bacteroides thetaiotaomicron"	"Sex"	"M"	"SexM"	3.27269092182079	0	1.35163084564289	0.0154655127835479	0.207995278114862	0.0306918434814377	0.209732500699753	NA	"prevalence"	30	11
"Bacteroides xylanisolvens"	"Sequencing_Depth"	"Sequencing_Depth"	"Sequencing_Depth"	1.41026075084226	0	0.583701046677622	0.0156891804732939	0.207995278114862	0.0311322105626643	0.209732500699753	NA	"prevalence"	30	16
"Bilophila faecipullorum"	"Sequencing_Depth"	"Sequencing_Depth"	"Sequencing_Depth"	2.7641943397288	0	1.04944174713515	0.00843938297353244	0.207995278114862	0.0168075427620909	0.209732500699753	NA	"prevalence"	30	14
"Blautia_A massiliensis"	"Sequencing_Depth"	"Sequencing_Depth"	"Sequencing_Depth"	2.60180447397215	0	1.03708581843675	0.0121154097739872	0.207995278114862	0.0240840363939828	0.209732500699753	NA	"prevalence"	30	9
"Butyribacter sp910585905"	"Sequencing_Depth"	"Sequencing_Depth"	"Sequencing_Depth"	2.05199337651375	0	0.740627225572478	0.00559504283908483	0.207995278114862	0.0111587811737985	0.209732500699753	NA	"prevalence"	30	15
"Butyricicoccus sp910584935"	"Genotype"	"MUT"	"GenotypeMUT"	-3.20223172322563	0	1.10724525131694	0.00382711622510901	0.207995278114862	0.00763958563161753	0.209732500699753	NA	"prevalence"	30	17
"Caccovicinus sp910589195"	"Sequencing_Depth"	"Sequencing_Depth"	"Sequencing_Depth"	1.25495205820174	0	0.52028555282184	0.0158633325220053	0.207995278114862	0.0314750197253069	0.209732500699753	NA	"prevalence"	30	9
"Caccovivens sp910587225"	"Sequencing_Depth"	"Sequencing_Depth"	"Sequencing_Depth"	2.35243899550815	0	0.889448303541408	0.00817321199756811	0.207995278114862	0.016279622600779	0.209732500699753	NA	"prevalence"	30	8
"CAG-115 sp910587135"	"Sequencing_Depth"	"Sequencing_Depth"	"Sequencing_Depth"	1.86825849475557	0	0.682822760159986	0.00621756877766378	0.207995278114862	0.0123964793938226	0.209732500699753	NA	"prevalence"	30	11
"CAG-269 sp022792395"	"Sequencing_Depth"	"Sequencing_Depth"	"Sequencing_Depth"	1.32661622286596	0	0.543820124284079	0.0147100707672402	0.207995278114862	0.0292037553525032	0.209732500699753	NA	"prevalence"	30	14
"CAG-303 sp910577835"	"Sequencing_Depth"	"Sequencing_Depth"	"Sequencing_Depth"	2.05526868174686	0	0.736844479665998	0.00528246837846108	0.207995278114862	0.0105370322847527	0.209732500699753	NA	"prevalence"	30	14
"CAG-317 sp910578495"	"Sequencing_Depth"	"Sequencing_Depth"	"Sequencing_Depth"	2.1561329113795	0	0.806452122736277	0.00750412012626351	0.207995278114862	0.0149519284336576	0.209732500699753	NA	"prevalence"	30	14
"CAG-485 sp014801585"	"Sequencing_Depth"	"Sequencing_Depth"	"Sequencing_Depth"	1.91739402791303	0	0.745803896872071	0.0101431945583416	0.207995278114862	0.0201835047208348	0.209732500699753	NA	"prevalence"	30	7
"CAG-485 sp014801875"	"Sequencing_Depth"	"Sequencing_Depth"	"Sequencing_Depth"	1.51680875582854	0	0.581134070804205	0.00905199852975433	0.207995278114862	0.018022058382126	0.209732500699753	NA	"prevalence"	30	10
"CAG-485 sp014802175"	"Sequencing_Depth"	"Sequencing_Depth"	"Sequencing_Depth"	1.76454149985995	0	0.67165724326335	0.00861044339427753	0.207995278114862	0.017146747053109	0.209732500699753	NA	"prevalence"	30	9
"CAG-485 sp910579305"	"Sequencing_Depth"	"Sequencing_Depth"	"Sequencing_Depth"	2.43037502420788	0	0.980295131012511	0.0131667153579891	0.207995278114862	0.02616006832266	0.209732500699753	NA	"prevalence"	30	19
"CAG-485 sp910589425"	"Sequencing_Depth"	"Sequencing_Depth"	"Sequencing_Depth"	1.78555819492244	0	0.742416787622271	0.0161697346904497	0.207995278114862	0.0320780090609399	0.209732500699753	NA	"prevalence"	30	18
"CAG-510 sp910578335"	"Genotype"	"MUT"	"GenotypeMUT"	4.12356535702743	0	1.6437461221484	0.0121197330666055	0.207995278114862	0.0240925782036053	0.209732500699753	NA	"prevalence"	30	10
"CAG-510 sp910578335"	"Sequencing_Depth"	"Sequencing_Depth"	"Sequencing_Depth"	1.88576032263243	0	0.783369690222508	0.0160735203106448	0.207995278114862	0.0318886825661129	0.209732500699753	NA	"prevalence"	30	10
"CAG-582 sp910577075"	"Sequencing_Depth"	"Sequencing_Depth"	"Sequencing_Depth"	2.53637389959932	0	0.962660333470728	0.00841980914297227	0.207995278114862	0.0167687250999405	0.209732500699753	NA	"prevalence"	30	20
"CAG-590 sp910585605"	"Sequencing_Depth"	"Sequencing_Depth"	"Sequencing_Depth"	2.9565493878935	0	1.21014898852002	0.0145605550086851	0.207995278114862	0.0289091002552093	0.209732500699753	NA	"prevalence"	30	22
"CAG-873 sp002491245"	"Sequencing_Depth"	"Sequencing_Depth"	"Sequencing_Depth"	1.56121429645038	0	0.607865762014018	0.0102182826168278	0.207995278114862	0.0203321519340183	0.209732500699753	NA	"prevalence"	30	8
"CAG-873 sp002493945"	"Sequencing_Depth"	"Sequencing_Depth"	"Sequencing_Depth"	1.74434759566117	0	0.723215388041394	0.0158681650247086	0.207995278114862	0.0314845313881658	0.209732500699753	NA	"prevalence"	30	13
"CAG-873 sp003979155"	"Sequencing_Depth"	"Sequencing_Depth"	"Sequencing_Depth"	1.46638506970143	0	0.598185520630364	0.0142306291578942	0.207995278114862	0.0282587475095589	0.209732500699753	NA	"prevalence"	30	15
"CAG-873 sp009775195"	"Sequencing_Depth"	"Sequencing_Depth"	"Sequencing_Depth"	1.90970105493711	0	0.77644862256341	0.0139117884845494	0.207995278114862	0.0276300391102599	0.209732500699753	NA	"prevalence"	30	18
"CAG-873 sp910579605"	"Sequencing_Depth"	"Sequencing_Depth"	"Sequencing_Depth"	2.07085043049209	0	0.814040433307993	0.0109617462221181	0.207995278114862	0.0218033325639981	0.209732500699753	NA	"prevalence"	30	5
"CAG-873 sp910586995"	"Sequencing_Depth"	"Sequencing_Depth"	"Sequencing_Depth"	2.03249348156576	0	0.83842597618509	0.0153430994167124	0.207995278114862	0.0304507881337137	0.209732500699753	NA	"prevalence"	30	20
"CAG-95 sp000403495"	"Sequencing_Depth"	"Sequencing_Depth"	"Sequencing_Depth"	1.56056791149641	0	0.608541215678861	0.010334221198939	0.207995278114862	0.0205616462700894	0.209732500699753	NA	"prevalence"	30	11
"CAG-95 sp002492465"	"Sequencing_Depth"	"Sequencing_Depth"	"Sequencing_Depth"	1.56663484855602	0	0.620040544126131	0.0115151226605613	0.207995278114862	0.0228976472712349	0.209732500699753	NA	"prevalence"	30	7
"CAG-95 sp003612395"	"Sequencing_Depth"	"Sequencing_Depth"	"Sequencing_Depth"	2.10741877574455	0	0.756752122077914	0.00535573728296802	0.207995278114862	0.0106827906440919	0.209732500699753	NA	"prevalence"	30	15
"CAG-95 sp910577275"	"Sequencing_Depth"	"Sequencing_Depth"	"Sequencing_Depth"	2.13511718555215	0	0.811026567189623	0.00847314158874581	0.207995278114862	0.0168744890491087	0.209732500699753	NA	"prevalence"	30	18
"CAG-95 sp910579685"	"Sequencing_Depth"	"Sequencing_Depth"	"Sequencing_Depth"	1.85220302532457	0	0.760718006063883	0.0148996533886213	0.207995278114862	0.0295773071061415	0.209732500699753	NA	"prevalence"	30	18
"CAG-95 sp910586025"	"Sequencing_Depth"	"Sequencing_Depth"	"Sequencing_Depth"	2.23839036569072	0	0.864109786714241	0.00958643486046936	0.207995278114862	0.0190809699876047	0.209732500699753	NA	"prevalence"	30	12
"CAG-95 sp910587295"	"Sequencing_Depth"	"Sequencing_Depth"	"Sequencing_Depth"	3.21894930048833	0	1.14621622164758	0.004979972070186	0.207995278114862	0.00993514401855218	0.209732500699753	NA	"prevalence"	30	13
"CAG-95 sp910587305"	"Sequencing_Depth"	"Sequencing_Depth"	"Sequencing_Depth"	2.48229794990668	0	0.895996771613302	0.00559820223533157	0.207995278114862	0.0111650646023955	0.209732500699753	NA	"prevalence"	30	18
"Choladocola sp910583895"	"Sequencing_Depth"	"Sequencing_Depth"	"Sequencing_Depth"	2.1561329113795	0	0.806452122736277	0.00750412012626351	0.207995278114862	0.0149519284336576	0.209732500699753	NA	"prevalence"	30	14
"Choladocola sp910584945"	"Sequencing_Depth"	"Sequencing_Depth"	"Sequencing_Depth"	2.19292329788994	0	0.853501372240791	0.0101896538494033	0.207995278114862	0.0202754786532359	0.209732500699753	NA	"prevalence"	30	18
"Choladocola sp910585465"	"Sequencing_Depth"	"Sequencing_Depth"	"Sequencing_Depth"	1.50828196416082	0	0.593868285654452	0.0110929069371319	0.207995278114862	0.0220627612899479	0.209732500699753	NA	"prevalence"	30	14
"Choladocola sp910587495"	"Sequencing_Depth"	"Sequencing_Depth"	"Sequencing_Depth"	2.71129120815845	0	1.01878606928024	0.00778405125593857	0.207995278114862	0.0155075110579221	0.209732500699753	NA	"prevalence"	30	20
"Clostridioides difficile"	"Genotype"	"MUT"	"GenotypeMUT"	4.49059970101647	0	1.61071169889928	0.00530411012899497	0.207995278114862	0.0105800866737294	0.209732500699753	NA	"prevalence"	30	13
"Clostridioides difficile"	"Sequencing_Depth"	"Sequencing_Depth"	"Sequencing_Depth"	2.20857127890906	0	0.916083650781327	0.0159139155515973	0.207995278114862	0.0315745783950112	0.209732500699753	NA	"prevalence"	30	13
"COE1 sp003513705"	"Sequencing_Depth"	"Sequencing_Depth"	"Sequencing_Depth"	2.48564240666903	0	0.903852661153714	0.00595856897414384	0.207995278114862	0.0118816334040681	0.209732500699753	NA	"prevalence"	30	12
"COE1 sp014239155"	"Sequencing_Depth"	"Sequencing_Depth"	"Sequencing_Depth"	1.68900761017161	0	0.658632638158603	0.0103349802522679	0.207995278114862	0.020563148687721	0.209732500699753	NA	"prevalence"	30	11
"COE1 sp910577115"	"Sequencing_Depth"	"Sequencing_Depth"	"Sequencing_Depth"	2.23591037619149	0	0.758840646672839	0.00321411029356025	0.207995278114862	0.00641789008214133	0.209732500699753	NA	"prevalence"	30	13
"COE1 sp910579275"	"Sequencing_Depth"	"Sequencing_Depth"	"Sequencing_Depth"	2.41768721210753	0	0.87913440157087	0.00595812797942066	0.207995278114862	0.0118807566698222	0.209732500699753	NA	"prevalence"	30	16
"COE1 sp910586585"	"Sequencing_Depth"	"Sequencing_Depth"	"Sequencing_Depth"	2.49828232177734	0	0.878977340462656	0.00447949139283425	0.207995278114862	0.00893891694253002	0.209732500699753	NA	"prevalence"	30	16
"Collinsella sp900545445"	"Sex"	"M"	"SexM"	-3.23646812496913	0	1.24755500184666	0.00947978458638934	0.207995278114862	0.0188697028569743	0.209732500699753	NA	"prevalence"	30	10
"Coprocola sp910575055"	"Sex"	"M"	"SexM"	-2.18368391676086	0	0.877761569537104	0.0128540653401483	0.207995278114862	0.0255429036845277	0.209732500699753	NA	"prevalence"	30	15
"Copromonas sp910585355"	"Sequencing_Depth"	"Sequencing_Depth"	"Sequencing_Depth"	1.5833988443523	0	0.62117815345331	0.0108024455517488	0.207995278114862	0.021488198273599	0.209732500699753	NA	"prevalence"	30	9
"Copromonas sp910586315"	"Sequencing_Depth"	"Sequencing_Depth"	"Sequencing_Depth"	1.37662812780334	0	0.559535827243456	0.0138819446963328	0.207995278114862	0.0275711810041136	0.209732500699753	NA	"prevalence"	30	14
"Coproplasma sp013316055"	"Sequencing_Depth"	"Sequencing_Depth"	"Sequencing_Depth"	1.83652925089309	0	0.692951639251625	0.00804204902207414	0.207995278114862	0.0160194234916748	0.209732500699753	NA	"prevalence"	30	10
"Coproplasma sp910577375"	"Sequencing_Depth"	"Sequencing_Depth"	"Sequencing_Depth"	1.72247269973384	0	0.684524732211173	0.011859265593517	0.207995278114862	0.0235778890066164	0.209732500699753	NA	"prevalence"	30	17
"Coproplasma sp910578195"	"Sequencing_Depth"	"Sequencing_Depth"	"Sequencing_Depth"	2.00428221920966	0	0.765714822430768	0.00885684652562758	0.207995278114862	0.0176352493208766	0.209732500699753	NA	"prevalence"	30	12
"Coproplasma sp910586065"	"Sex"	"M"	"SexM"	-2.34333109558746	0	0.922531824143576	0.0110818026801287	0.207995278114862	0.0220407990096161	0.209732500699753	NA	"prevalence"	30	17
"Cryptobacteroides sp910585445"	"Sequencing_Depth"	"Sequencing_Depth"	"Sequencing_Depth"	1.7563739452905	0	0.671930732501615	0.00895096943055538	0.207995278114862	0.017821819007364	0.209732500699753	NA	"prevalence"	30	15
"D16-34 sp003612515"	"Sequencing_Depth"	"Sequencing_Depth"	"Sequencing_Depth"	2.47324901115404	0	1.00260492285108	0.0136317673593417	0.207995278114862	0.0270777096373443	0.209732500699753	NA	"prevalence"	30	15
"D16-34 sp910577495"	"Genotype"	"MUT"	"GenotypeMUT"	-3.63624181479203	0	1.35777171225233	0.00740421850954742	0.207995278114862	0.0147536145673577	0.209732500699753	NA	"prevalence"	30	14
"Desulfovibrio sp900556755"	"Sequencing_Depth"	"Sequencing_Depth"	"Sequencing_Depth"	2.23808633676342	0	0.815407678460644	0.00605578902103694	0.207995278114862	0.0120749054614066	0.209732500699753	NA	"prevalence"	30	12
"Desulfovibrio sp905215675"	"Sequencing_Depth"	"Sequencing_Depth"	"Sequencing_Depth"	2.75959488129133	0	1.09561985402717	0.0117771519110392	0.207995278114862	0.0234156025149427	0.209732500699753	NA	"prevalence"	30	12
"Duncaniella sp014802015"	"Sequencing_Depth"	"Sequencing_Depth"	"Sequencing_Depth"	1.81213202620367	0	0.69084589285864	0.00871432585340005	0.207995278114862	0.0173527122317209	0.209732500699753	NA	"prevalence"	30	14
"Dysosmobacter sp022795445"	"Sequencing_Depth"	"Sequencing_Depth"	"Sequencing_Depth"	1.87499477085457	0	0.721924140354047	0.00939821045811713	0.207995278114862	0.0187080945564192	0.209732500699753	NA	"prevalence"	30	18
"Dysosmobacter sp022797935"	"Genotype"	"MUT"	"GenotypeMUT"	2.68807128531377	0	1.08388009071536	0.0131365841496518	0.207995278114862	0.0261005984561828	0.209732500699753	NA	"prevalence"	30	15
"Dysosmobacter sp910576845"	"Sequencing_Depth"	"Sequencing_Depth"	"Sequencing_Depth"	1.9793479760434	0	0.730215795649547	0.0067154648443879	0.207995278114862	0.0133858322206996	0.209732500699753	NA	"prevalence"	30	11
"Dysosmobacter sp910584075"	"Sequencing_Depth"	"Sequencing_Depth"	"Sequencing_Depth"	1.36456874064506	0	0.543364214808189	0.0120276018245302	0.207995278114862	0.0239105404434109	0.209732500699753	NA	"prevalence"	30	10
"Dysosmobacter sp910584995"	"Sequencing_Depth"	"Sequencing_Depth"	"Sequencing_Depth"	2.55582569942919	0	0.893187326862111	0.00421685938521383	0.207995278114862	0.00841593686735299	0.209732500699753	NA	"prevalence"	30	17
"Dysosmobacter sp910585165"	"Sequencing_Depth"	"Sequencing_Depth"	"Sequencing_Depth"	3.02906409444847	0	1.17275248486534	0.00979829901352973	0.207995278114862	0.0195005913635009	0.209732500699753	NA	"prevalence"	30	8
"Dysosmobacter sp910585245"	"Sequencing_Depth"	"Sequencing_Depth"	"Sequencing_Depth"	1.82261017142807	0	0.691571104295803	0.00840225447656442	0.207995278114862	0.0167339110728399	0.209732500699753	NA	"prevalence"	30	15
"Dysosmobacter sp910587875"	"Sequencing_Depth"	"Sequencing_Depth"	"Sequencing_Depth"	1.77839947049208	0	0.67187535185433	0.00812288654858956	0.207995278114862	0.0161797918112979	0.209732500699753	NA	"prevalence"	30	17
"Dysosmobacter sp910588005"	"Sequencing_Depth"	"Sequencing_Depth"	"Sequencing_Depth"	1.37182917246647	0	0.546052281807653	0.011995826311055	0.207995278114862	0.0238477527732249	0.209732500699753	NA	"prevalence"	30	15
"Dysosmobacter sp910589315"	"Genotype"	"MUT"	"GenotypeMUT"	2.3516634110578	0	0.943151049513659	0.0126522219494054	0.207995278114862	0.0251443651785538	0.209732500699753	NA	"prevalence"	30	19
"Eggerthella lenta"	"Sequencing_Depth"	"Sequencing_Depth"	"Sequencing_Depth"	2.47784803798885	0	1.02086332422667	0.0152155127898625	0.207995278114862	0.0301995137502666	0.209732500699753	NA	"prevalence"	30	18
"Eisenbergiella sp910585455"	"Sequencing_Depth"	"Sequencing_Depth"	"Sequencing_Depth"	2.37608909161557	0	0.895552964140884	0.00797305103678037	0.207995278114862	0.0158825325307256	0.209732500699753	NA	"prevalence"	30	13
"Ellagibacter isourolithinifaciens"	"Sequencing_Depth"	"Sequencing_Depth"	"Sequencing_Depth"	3.30497789977276	0	1.12942784052036	0.00343085196708011	0.207995278114862	0.00684993318894019	0.209732500699753	NA	"prevalence"	30	17
"Enterenecus sp910584285"	"Sequencing_Depth"	"Sequencing_Depth"	"Sequencing_Depth"	2.14362722823653	0	0.767375257964191	0.00521484990101906	0.207995278114862	0.010402505142548	0.209732500699753	NA	"prevalence"	30	15
"Enterenecus sp910587255"	"Sequencing_Depth"	"Sequencing_Depth"	"Sequencing_Depth"	2.5014326293017	0	0.952572217471256	0.00864006832181806	0.207995278114862	0.0172054858630304	0.209732500699753	NA	"prevalence"	30	20
"Enterenecus sp910588105"	"Sequencing_Depth"	"Sequencing_Depth"	"Sequencing_Depth"	1.75317837585245	0	0.722240367686536	0.0152067758521143	0.207995278114862	0.0301823056724122	0.209732500699753	NA	"prevalence"	30	19
"Enterenecus sp910588135"	"Sequencing_Depth"	"Sequencing_Depth"	"Sequencing_Depth"	1.63063593122434	0	0.660719207949791	0.0135881277633188	0.207995278114862	0.0269916183105254	0.209732500699753	NA	"prevalence"	30	14
"Enterocloster aldenensis"	"Sequencing_Depth"	"Sequencing_Depth"	"Sequencing_Depth"	2.29940708407362	0	0.877675285644266	0.00879597852643697	0.207995278114862	0.0175145878146364	0.209732500699753	NA	"prevalence"	30	16
"Enterocloster clostridioformis"	"Sequencing_Depth"	"Sequencing_Depth"	"Sequencing_Depth"	3.30497789977276	0	1.12942784052036	0.00343085196708011	0.207995278114862	0.00684993318894019	0.209732500699753	NA	"prevalence"	30	17
"Enterorhabdus sp910589695"	"Sex"	"M"	"SexM"	-4.85891159049241	0	1.88290943802083	0.00986476771848155	0.207995278114862	0.0196322217948235	0.209732500699753	NA	"prevalence"	30	21
"Eubacterium_F sp910579145"	"Sequencing_Depth"	"Sequencing_Depth"	"Sequencing_Depth"	2.3180534288889	0	0.944521281213509	0.0141194559150687	0.207995278114862	0.0280395527947999	0.209732500699753	NA	"prevalence"	30	8
"Eubacterium_F sp910584065"	"Sequencing_Depth"	"Sequencing_Depth"	"Sequencing_Depth"	2.56294582367959	0	1.00010534713772	0.0103868971951446	0.207995278114862	0.0206659067569467	0.209732500699753	NA	"prevalence"	30	10
"Eubacterium_F sp910584645"	"Sequencing_Depth"	"Sequencing_Depth"	"Sequencing_Depth"	1.58935303004187	0	0.627073691235244	0.0112590112332421	0.207995278114862	0.022391257132534	0.209732500699753	NA	"prevalence"	30	8
"Eubacterium_G sp910574895"	"Sequencing_Depth"	"Sequencing_Depth"	"Sequencing_Depth"	1.33096909869569	0	0.532497463939754	0.0124374178486859	0.207995278114862	0.0247201463346291	0.209732500699753	NA	"prevalence"	30	13
"Eubacterium_J sp910577225"	"Sequencing_Depth"	"Sequencing_Depth"	"Sequencing_Depth"	2.24830489991309	0	0.828366163396851	0.0066447312559248	0.207995278114862	0.0132453100583861	0.209732500699753	NA	"prevalence"	30	9
"Eubacterium_J sp910580075"	"Sequencing_Depth"	"Sequencing_Depth"	"Sequencing_Depth"	2.35058439746276	0	0.837717125113701	0.0050169957523198	0.207995278114862	0.0100088212582608	0.209732500699753	NA	"prevalence"	30	16
"Eubacterium_J sp910584345"	"Sequencing_Depth"	"Sequencing_Depth"	"Sequencing_Depth"	1.92196889508213	0	0.758505302603365	0.0112804181144289	0.207995278114862	0.0224335883960216	0.209732500699753	NA	"prevalence"	30	6
"Eubacterium_J sp910584595"	"Sequencing_Depth"	"Sequencing_Depth"	"Sequencing_Depth"	1.88688144567009	0	0.68882332640381	0.00615735052484055	0.207995278114862	0.0122767880841954	0.209732500699753	NA	"prevalence"	30	14
"Eubacterium_J sp910586445"	"Sequencing_Depth"	"Sequencing_Depth"	"Sequencing_Depth"	1.80474211020387	0	0.725048029180376	0.0128054487858687	0.207995278114862	0.02544691805313	0.209732500699753	NA	"prevalence"	30	8
"Evtepia sp022792035"	"Sex"	"M"	"SexM"	-2.57477503084004	0	1.05889417442017	0.0150335539128291	0.207995278114862	0.0298411000824083	0.209732500699753	NA	"prevalence"	30	20
"Evtepia sp910584805"	"Sex"	"M"	"SexM"	-3.67150890069234	0	1.3039437527067	0.0048671733758347	0.207995278114862	0.00971065737499897	0.209732500699753	NA	"prevalence"	30	15
"Extibacter muris"	"Sequencing_Depth"	"Sequencing_Depth"	"Sequencing_Depth"	1.74048249703643	0	0.705336830260625	0.0136025812741856	0.207995278114862	0.0270201323310503	0.209732500699753	NA	"prevalence"	30	10
"Fimiplasma sp910588165"	"Genotype"	"MUT"	"GenotypeMUT"	-2.33077459001919	0	0.962365071661116	0.0154385998763707	0.207995278114862	0.0306388493865987	0.209732500699753	NA	"prevalence"	30	11
"Fimisoma sp910588185"	"Sequencing_Depth"	"Sequencing_Depth"	"Sequencing_Depth"	1.69162773679148	0	0.688392994164169	0.0139963297887047	0.207995278114862	0.0277967623298552	0.209732500699753	NA	"prevalence"	30	9
"Fimivicinus sp900544375"	"Sequencing_Depth"	"Sequencing_Depth"	"Sequencing_Depth"	1.67541754002665	0	0.636876388531011	0.00852144028428924	0.207995278114862	0.0169702656240598	0.209732500699753	NA	"prevalence"	30	13
"Gemmiger formicilis"	"Sequencing_Depth"	"Sequencing_Depth"	"Sequencing_Depth"	1.65655341546323	0	0.619154230716947	0.00746156185593542	0.207995278114862	0.0145932075951523	0.209732500699753	NA	"prevalence"	30	8
"Gordonibacter pamelaeae"	"Sex"	"M"	"SexM"	-3.90597112130981	0	1.57643871553663	0.0132225478763669	0.207995278114862	0.00704796203476238	0.209732500699753	NA	"prevalence"	30	17
"Granulicatella adiacens"	"Sequencing_Depth"	"Sequencing_Depth"	"Sequencing_Depth"	1.19234259877463	0	0.496110909642988	0.0162443368141658	0.207995278114862	0.0322247951497995	0.209732500699753	NA	"prevalence"	30	10
"HGM13010 sp022800755"	"Sequencing_Depth"	"Sequencing_Depth"	"Sequencing_Depth"	1.39056966875666	0	0.556779235895338	0.0125063894923155	0.207995278114862	0.0248563692064975	0.209732500699753	NA	"prevalence"	30	7
"Imtechella halotolerans"	"Sex"	"M"	"SexM"	-2.979433206072	0	1.1409488021315	0.00901817155521108	0.207995278114862	0.0179550156922229	0.209732500699753	NA	"prevalence"	30	10
"JAAWCD01 sp022793095"	"Sequencing_Depth"	"Sequencing_Depth"	"Sequencing_Depth"	2.26347180518048	0	0.851668983762023	0.00786783193329112	0.207995278114862	0.0156737610872517	0.209732500699753	NA	"prevalence"	30	17
"JAAWPK01 sp022791735"	"Sequencing_Depth"	"Sequencing_Depth"	"Sequencing_Depth"	2.04795632715206	0	0.779091751608412	0.00857255768514453	0.207995278114862	0.0170716266250239	0.209732500699753	NA	"prevalence"	30	10
"JAFLTL01 sp910578395"	"Sex"	"M"	"SexM"	-3.71874503727962	0	1.47576115002128	0.011739393774645	0.207995278114862	0.0233409741830938	0.209732500699753	NA	"prevalence"	30	21
"Kineothrix sp000403275"	"Sequencing_Depth"	"Sequencing_Depth"	"Sequencing_Depth"	2.58959193505285	0	1.00015121267955	0.00961990881409428	0.207995278114862	0.0191472749825971	0.209732500699753	NA	"prevalence"	30	17
"Kineothrix sp910579645"	"Sequencing_Depth"	"Sequencing_Depth"	"Sequencing_Depth"	2.09162633268326	0	0.781124702125014	0.00741271113092971	0.207995278114862	0.0147704739755488	0.209732500699753	NA	"prevalence"	30	16
"Kineothrix sp910585965"	"Sequencing_Depth"	"Sequencing_Depth"	"Sequencing_Depth"	2.37914638124044	0	0.865389355507178	0.00597371380810344	0.207995278114862	0.0119117423595457	0.209732500699753	NA	"prevalence"	30	13
"Kineothrix sp910586275"	"Sequencing_Depth"	"Sequencing_Depth"	"Sequencing_Depth"	1.23578929447556	0	0.507640617400211	0.0149173960012255	0.207995278114862	0.0296122632989936	0.209732500699753	NA	"prevalence"	30	11
"Kineothrix sp910587275"	"Sequencing_Depth"	"Sequencing_Depth"	"Sequencing_Depth"	1.46741334559618	0	0.570595677493189	0.0101194170297008	0.207995278114862	0.0201364314583805	0.209732500699753	NA	"prevalence"	30	12
"Kineothrix sp910588855"	"Sequencing_Depth"	"Sequencing_Depth"	"Sequencing_Depth"	1.56285954822542	0	0.63116528761846	0.0132807991285144	0.207995278114862	0.0263852186315368	0.209732500699753	NA	"prevalence"	30	17
"Lachnospira sp910589305"	"Sex"	"M"	"SexM"	-2.53365286919912	0	0.920222389393975	0.00589969117773707	0.207995278114862	0.0117645759994815	0.209732500699753	NA	"prevalence"	30	14
"Lactiplantibacillus plantarum"	"Sequencing_Depth"	"Sequencing_Depth"	"Sequencing_Depth"	1.31480521185333	0	0.536813613808845	0.0143143336083514	0.207995278114862	0.0284237670700517	0.209732500699753	NA	"prevalence"	30	12
"Lactobacillus acidophilus"	"Sex"	"M"	"SexM"	-2.15398672712843	0	0.869077516344238	0.0131945429812404	0.207995278114862	0.026214989997997	0.209732500699753	NA	"prevalence"	30	15
"Lawsonibacter sp000492175"	"Sequencing_Depth"	"Sequencing_Depth"	"Sequencing_Depth"	2.12315249321166	0	0.80931032782876	0.00870545407727191	0.207995278114862	0.0173351232238523	0.209732500699753	NA	"prevalence"	30	18
"Lawsonibacter sp022793355"	"Sequencing_Depth"	"Sequencing_Depth"	"Sequencing_Depth"	2.2743848397087	0	0.936758832332151	0.0151852752786411	0.207995278114862	0.0301399579719942	0.209732500699753	NA	"prevalence"	30	21
"Lawsonibacter sp022795855"	"Sequencing_Depth"	"Sequencing_Depth"	"Sequencing_Depth"	1.2555262299074	0	0.510577409300652	0.013931216787286	0.207995278114862	0.0276683547733976	0.209732500699753	NA	"prevalence"	30	13
"Lawsonibacter sp022796195"	"Sequencing_Depth"	"Sequencing_Depth"	"Sequencing_Depth"	2.45619290223535	0	0.892255697992443	0.00590897175486012	0.207995278114862	0.0117830275625205	0.209732500699753	NA	"prevalence"	30	15
"Lawsonibacter sp910577805"	"Sequencing_Depth"	"Sequencing_Depth"	"Sequencing_Depth"	2.39173795770375	0	0.846209286307265	0.00470723501475259	0.207995278114862	0.00939231196802106	0.209732500699753	NA	"prevalence"	30	16
"Lawsonibacter sp943192995"	"Sequencing_Depth"	"Sequencing_Depth"	"Sequencing_Depth"	3.02131393032823	0	1.08100034575943	0.00519118996346636	0.207995278114862	0.0103554314736959	0.209732500699753	NA	"prevalence"	30	19
"Ligilactobacillus agilis"	"Sequencing_Depth"	"Sequencing_Depth"	"Sequencing_Depth"	2.13901436229468	0	0.801008309623756	0.00757604353109351	0.207995278114862	0.015094690626602	0.209732500699753	NA	"prevalence"	30	12
"Limisoma sp900544305"	"Sequencing_Depth"	"Sequencing_Depth"	"Sequencing_Depth"	1.36544544278883	0	0.561745720631406	0.0150689372473198	0.207995278114862	0.0299108016248758	0.209732500699753	NA	"prevalence"	30	5
"Limosilactobacillus equigenerosi"	"Sequencing_Depth"	"Sequencing_Depth"	"Sequencing_Depth"	2.02350090513949	0	0.756710712901229	0.00749357776491444	0.207995278114862	0.0149310018221101	0.209732500699753	NA	"prevalence"	30	14
"Limosilactobacillus urinaemulieris"	"Sequencing_Depth"	"Sequencing_Depth"	"Sequencing_Depth"	1.64773415397819	0	0.652110857177791	0.0115116862730911	0.207995278114862	0.0228908536253321	0.209732500699753	NA	"prevalence"	30	13
"Marseille-P3106 sp910588975"	"Sequencing_Depth"	"Sequencing_Depth"	"Sequencing_Depth"	1.5300808470636	0	0.603863461336487	0.0112826921110353	0.207995278114862	0.0224380850807982	0.209732500699753	NA	"prevalence"	30	15
"Marvinbryantia sp900550755"	"Sequencing_Depth"	"Sequencing_Depth"	"Sequencing_Depth"	1.48924627921771	0	0.60435572020715	0.0137323956655939	0.207995278114862	0.0272762126404713	0.209732500699753	NA	"prevalence"	30	8
"MD308 sp910579335"	"Sequencing_Depth"	"Sequencing_Depth"	"Sequencing_Depth"	1.84650225363047	0	0.730160176276047	0.0114420540474566	0.207995278114862	0.0227531874940883	0.209732500699753	NA	"prevalence"	30	11
"Mediterraneibacter_A sp022790755"	"Sex"	"M"	"SexM"	2.75382449287293	0	1.13963420085791	0.0156743623430733	0.207995278114862	0.0311030390512846	0.209732500699753	NA	"prevalence"	30	11
"Merdisoma sp009917555"	"Genotype"	"MUT"	"GenotypeMUT"	-3.15554197233308	0	1.17040641125608	0.00701549374867637	0.207995278114862	0.013981770344815	0.209732500699753	NA	"prevalence"	30	18
"Merdisoma sp022791635"	"Sequencing_Depth"	"Sequencing_Depth"	"Sequencing_Depth"	1.34378656642113	0	0.553481165226428	0.015187313321136	0.207995278114862	0.0301439721563576	0.209732500699753	NA	"prevalence"	30	8
"MGBC113645 sp910579135"	"Genotype"	"MUT"	"GenotypeMUT"	-2.62080491831948	0	1.06375787890678	0.0137502270871805	0.207995278114862	0.0201537002894818	0.209732500699753	NA	"prevalence"	30	15
"MGBC113645 sp910579135"	"Sequencing_Depth"	"Sequencing_Depth"	"Sequencing_Depth"	1.72397412580025	0	0.678473260681396	0.0110548235496815	0.207995278114862	0.0219874379756485	0.209732500699753	NA	"prevalence"	30	15
"MGBC122484 sp910578465"	"Sequencing_Depth"	"Sequencing_Depth"	"Sequencing_Depth"	1.45604627781628	0	0.596501116479424	0.0146475351239146	0.207995278114862	0.0290805199626228	0.209732500699753	NA	"prevalence"	30	12
"MGBC122484 sp910586855"	"Sequencing_Depth"	"Sequencing_Depth"	"Sequencing_Depth"	1.71640953853905	0	0.662768043095141	0.0096043129687601	0.207995278114862	0.0191163831099183	0.209732500699753	NA	"prevalence"	30	11
"MGBC122484 sp910587055"	"Sex"	"M"	"SexM"	3.81982450604225	0	1.35306684353222	0.00475637625274809	0.207995278114862	0.00949012939043847	0.209732500699753	NA	"prevalence"	30	12
"MGBC122484 sp910587245"	"Sequencing_Depth"	"Sequencing_Depth"	"Sequencing_Depth"	2.86299945099593	0	1.0078706235979	0.00450228477960627	0.207995278114862	0.00898429899097587	0.209732500699753	NA	"prevalence"	30	13
"MGBC140090 sp910586805"	"Sequencing_Depth"	"Sequencing_Depth"	"Sequencing_Depth"	1.2910255748368	0	0.5173003383473	0.0125709469756639	0.207995278114862	0.0249838652434628	0.209732500699753	NA	"prevalence"	30	9
"MGBC163016 sp910580205"	"Sex"	"M"	"SexM"	-3.0564667018525	0	1.25560776903631	0.0149225697321295	0.207995278114862	0.0296224563768488	0.209732500699753	NA	"prevalence"	30	20
"MGBC163016 sp910588435"	"Sequencing_Depth"	"Sequencing_Depth"	"Sequencing_Depth"	2.38499415147313	0	0.949757749889855	0.012033496976658	0.207995278114862	0.0239221889038287	0.209732500699753	NA	"prevalence"	30	18
"MGBC163016 sp910588985"	"Sex"	"M"	"SexM"	-2.96240168314923	0	1.21322791845183	0.0146161838628442	0.207995278114862	0.00358980281902967	0.17119366873688	NA	"prevalence"	30	20
"MGBC164599 sp910588825"	"Genotype"	"MUT"	"GenotypeMUT"	-3.03899189796727	0	1.10995638272889	0.00618257068051619	0.207995278114862	0.0123269171808128	0.209732500699753	NA	"prevalence"	30	20
"MGYG000322966"	"Sequencing_Depth"	"Sequencing_Depth"	"Sequencing_Depth"	2.26842840819862	0	0.848770326951976	0.00752646604638619	0.207995278114862	0.014996284401625	0.209732500699753	NA	"prevalence"	30	18
"MGYG000322989"	"Sequencing_Depth"	"Sequencing_Depth"	"Sequencing_Depth"	2.35243899550815	0	0.889448303541408	0.00817321199756811	0.207995278114862	0.016279622600779	0.209732500699753	NA	"prevalence"	30	8
"MGYG000322990"	"Sequencing_Depth"	"Sequencing_Depth"	"Sequencing_Depth"	3.46496953554014	0	1.34004851625262	0.00971801934455027	0.207995278114862	0.0193415987891195	0.209732500699753	NA	"prevalence"	30	11
"MGYG000322995"	"Sequencing_Depth"	"Sequencing_Depth"	"Sequencing_Depth"	1.4618281700038	0	0.60463138336724	0.0156181761086366	0.207995278114862	0.0309924247923128	0.209732500699753	NA	"prevalence"	30	17
"MGYG000323009"	"Sequencing_Depth"	"Sequencing_Depth"	"Sequencing_Depth"	2.33068550672611	0	0.837291034645607	0.00537588555711865	0.207995278114862	0.0107228709687141	0.209732500699753	NA	"prevalence"	30	14
"MGYG000323012"	"Sequencing_Depth"	"Sequencing_Depth"	"Sequencing_Depth"	1.95654127736584	0	0.733718721112917	0.00766206525307023	0.207995278114862	0.0152654232621982	0.209732500699753	NA	"prevalence"	30	12
"MGYG000323059"	"Sex"	"M"	"SexM"	-4.19954202676565	0	1.39053963646107	0.00252707277896893	0.207995278114862	0.00504775946110764	0.209608211622495	NA	"prevalence"	30	16
"MGYG000323430"	"Sequencing_Depth"	"Sequencing_Depth"	"Sequencing_Depth"	1.70966433238755	0	0.665309447933959	0.0101778385784153	0.207995278114862	0.0202520887587023	0.209732500699753	NA	"prevalence"	30	9
"MGYG000323516"	"Sequencing_Depth"	"Sequencing_Depth"	"Sequencing_Depth"	3.31970461100344	0	1.16374700909927	0.00433631790363636	0.207995278114862	0.00865383215431133	0.209732500699753	NA	"prevalence"	30	16
"MGYG000323607"	"Sequencing_Depth"	"Sequencing_Depth"	"Sequencing_Depth"	1.49472235634389	0	0.590577179891818	0.0113753490298333	0.207995278114862	0.0226212994941161	0.209732500699753	NA	"prevalence"	30	7
"MGYG000323744"	"Sequencing_Depth"	"Sequencing_Depth"	"Sequencing_Depth"	1.40752939005284	0	0.56166300659652	0.0122104454359816	0.207995278114862	0.024271795894218	0.209732500699753	NA	"prevalence"	30	5
"MGYG000323872"	"Sequencing_Depth"	"Sequencing_Depth"	"Sequencing_Depth"	1.52649763276214	0	0.59090881296665	0.00978587971043975	0.207995278114862	0.0194759959791723	0.209732500699753	NA	"prevalence"	30	10
"MGYG000324065"	"Sequencing_Depth"	"Sequencing_Depth"	"Sequencing_Depth"	1.49327482759382	0	0.60001962836462	0.0128207508900209	0.207995278114862	0.0254771301266578	0.209732500699753	NA	"prevalence"	30	8
"MGYG000324149"	"Sequencing_Depth"	"Sequencing_Depth"	"Sequencing_Depth"	2.21720381201948	0	0.818355461842599	0.00674170580319235	0.207995278114862	0.0134379610092479	0.209732500699753	NA	"prevalence"	30	16
"MGYG000324289"	"Genotype"	"MUT"	"GenotypeMUT"	-4.52614528066362	0	1.59252879663741	0.00448157377250988	0.207995278114862	0.00894306304154131	0.209732500699753	NA	"prevalence"	30	18
"MGYG000324300"	"Sequencing_Depth"	"Sequencing_Depth"	"Sequencing_Depth"	1.32323960831435	0	0.545831718245453	0.0153394943952558	0.207995278114862	0.0304436887022094	0.209732500699753	NA	"prevalence"	30	8
"MGYG000324324"	"Genotype"	"MUT"	"GenotypeMUT"	2.59733990308962	0	1.04903978432414	0.0132892883632702	0.207995278114862	0.0264019715413383	0.209732500699753	NA	"prevalence"	30	15
"MGYG000324467"	"Sequencing_Depth"	"Sequencing_Depth"	"Sequencing_Depth"	2.34910573625798	0	0.888992671952385	0.00823121576925075	0.207995278114862	0.0163946786254615	0.209732500699753	NA	"prevalence"	30	19
"MGYG000324476"	"Sequencing_Depth"	"Sequencing_Depth"	"Sequencing_Depth"	3.02131393032823	0	1.08100034575943	0.00519118996346636	0.207995278114862	0.0103554314736959	0.209732500699753	NA	"prevalence"	30	19
"MGYG000324849"	"Sequencing_Depth"	"Sequencing_Depth"	"Sequencing_Depth"	2.67392052171757	0	0.926003849259153	0.00388204106753174	0.207995278114862	0.00774901189221348	0.209732500699753	NA	"prevalence"	30	17
"MGYG000325278"	"Genotype"	"MUT"	"GenotypeMUT"	-3.24925544324025	0	1.19024185716025	0.00633512475880149	0.207995278114862	0.0126301157118934	0.209732500699753	NA	"prevalence"	30	20
"MGYG000325286"	"Sequencing_Depth"	"Sequencing_Depth"	"Sequencing_Depth"	2.84958545165796	0	1.0978481495547	0.00944232193637403	0.207995278114862	0.0187954864291979	0.209732500699753	NA	"prevalence"	30	9
"MGYG000325322"	"Sequencing_Depth"	"Sequencing_Depth"	"Sequencing_Depth"	1.97537460866575	0	0.772102251013944	0.0105144010028319	0.207995278114862	0.0209182493772155	0.209732500699753	NA	"prevalence"	30	15
"MGYG000325338"	"Sequencing_Depth"	"Sequencing_Depth"	"Sequencing_Depth"	1.35607670101631	0	0.538343243305656	0.0117694821423755	0.207995278114862	0.0234004435748513	0.209732500699753	NA	"prevalence"	30	9
"MGYG000325343"	"Sequencing_Depth"	"Sequencing_Depth"	"Sequencing_Depth"	2.83485482791296	0	1.14315544827768	0.0131437408354544	0.207995278114862	0.0261147237477591	0.209732500699753	NA	"prevalence"	30	21
"MGYG000325361"	"Sex"	"M"	"SexM"	-2.70796353728691	0	1.00661172039167	0.00714141644489099	0.207995278114862	0.0142318330609426	0.209732500699753	NA	"prevalence"	30	10
"MGYG000325380"	"Sequencing_Depth"	"Sequencing_Depth"	"Sequencing_Depth"	1.78924427551074	0	0.681304176377378	0.00863428582447675	0.207995278114862	0.0171940207572547	0.209732500699753	NA	"prevalence"	30	11
"MGYG000325385"	"Sex"	"M"	"SexM"	-2.25347880253893	0	0.93441868130528	0.0158810777762294	0.207995278114862	0.0315099469211242	0.209732500699753	NA	"prevalence"	30	11
"MGYG000325389"	"Sequencing_Depth"	"Sequencing_Depth"	"Sequencing_Depth"	3.13791294259849	0	1.09958136134127	0.00432086654753765	0.207995278114862	0.00862306320735367	0.209732500699753	NA	"prevalence"	30	13
"MGYG000325400"	"Sex"	"M"	"SexM"	-2.39014783691402	0	0.987888222783342	0.0155439249953133	0.207995278114862	0.0308462363863667	0.209732500699753	NA	"prevalence"	30	9
"MGYG000325416"	"Sequencing_Depth"	"Sequencing_Depth"	"Sequencing_Depth"	1.89681408830356	0	0.681233498356096	0.00536298800994005	0.207995278114862	0.0106972143794853	0.209732500699753	NA	"prevalence"	30	12
"MGYG000325419"	"Sequencing_Depth"	"Sequencing_Depth"	"Sequencing_Depth"	1.40752939005284	0	0.56166300659652	0.0122104454359816	0.207995278114862	0.024271795894218	0.209732500699753	NA	"prevalence"	30	5
"MGYG000325425"	"Sequencing_Depth"	"Sequencing_Depth"	"Sequencing_Depth"	1.45968810407951	0	0.575995175179116	0.0112703753751953	0.207995278114862	0.0224137293892929	0.209732500699753	NA	"prevalence"	30	12
"MGYG000325448"	"Sequencing_Depth"	"Sequencing_Depth"	"Sequencing_Depth"	2.30360992419585	0	0.824720478319549	0.00521892794073203	0.207995278114862	0.0104106186726135	0.209732500699753	NA	"prevalence"	30	16
"MGYG000325450"	"Sequencing_Depth"	"Sequencing_Depth"	"Sequencing_Depth"	3.41220325592192	0	1.27261880967575	0.00733487178179679	0.207995278114862	0.0146159432195382	0.209732500699753	NA	"prevalence"	30	13
"MGYG000325467"	"Sequencing_Depth"	"Sequencing_Depth"	"Sequencing_Depth"	1.55742933556582	0	0.596106518364101	0.00898381246630714	0.207995278114862	0.0178869160461845	0.209732500699753	NA	"prevalence"	30	9
"MGYG000325469"	"Sequencing_Depth"	"Sequencing_Depth"	"Sequencing_Depth"	2.86337693227427	0	1.13272858646826	0.0114760782084045	0.207995278114862	0.0228204560457637	0.209732500699753	NA	"prevalence"	30	21
"MGYG000325479"	"Sex"	"M"	"SexM"	-2.52055445790844	0	0.897218090907939	0.00496494129717555	0.207995278114862	0.00990523195226671	0.209732500699753	NA	"prevalence"	30	16
"MGYG000325492"	"Sequencing_Depth"	"Sequencing_Depth"	"Sequencing_Depth"	1.42307723312032	0	0.592405550670515	0.0162967490970415	0.207995278114862	0.0323279141629511	0.209732500699753	NA	"prevalence"	30	6
"MGYG000325502"	"Sequencing_Depth"	"Sequencing_Depth"	"Sequencing_Depth"	1.56121429645038	0	0.607865762014018	0.0102182826168278	0.207995278114862	0.0203321519340183	0.209732500699753	NA	"prevalence"	30	8
"MGYG000325515"	"Sequencing_Depth"	"Sequencing_Depth"	"Sequencing_Depth"	2.65533399859738	0	0.960054165696358	0.00567804128170439	0.207995278114862	0.011323842410612	0.209732500699753	NA	"prevalence"	30	12
"MGYG000325523"	"Sequencing_Depth"	"Sequencing_Depth"	"Sequencing_Depth"	1.31355936581088	0	0.533763179450733	0.0138573388472237	0.207995278114862	0.0275226518545206	0.209732500699753	NA	"prevalence"	30	9
"MGYG000325540"	"Sequencing_Depth"	"Sequencing_Depth"	"Sequencing_Depth"	1.39056966875666	0	0.556779235895338	0.0125063894923155	0.207995278114862	0.0248563692064975	0.209732500699753	NA	"prevalence"	30	7
"MGYG000325557"	"Sequencing_Depth"	"Sequencing_Depth"	"Sequencing_Depth"	2.52854741885182	0	0.909186425167593	0.00541733851302839	0.207995278114862	0.010805329469492	0.209732500699753	NA	"prevalence"	30	14
"MGYG000325558"	"Sequencing_Depth"	"Sequencing_Depth"	"Sequencing_Depth"	2.82953950511243	0	1.02799157781765	0.00591434313507141	0.207995278114862	0.0117937068154235	0.209732500699753	NA	"prevalence"	30	12
"MGYG000325560"	"Sex"	"M"	"SexM"	-2.45842189810637	0	1.00591530543435	0.0145268318026095	0.207995278114862	0.0288426347629977	0.209732500699753	NA	"prevalence"	30	13
"MGYG000325572"	"Sequencing_Depth"	"Sequencing_Depth"	"Sequencing_Depth"	1.45449953551929	0	0.571003818543048	0.0108570137146146	0.207995278114862	0.0215961526824298	0.209732500699753	NA	"prevalence"	30	9
"MGYG000325577"	"Sequencing_Depth"	"Sequencing_Depth"	"Sequencing_Depth"	1.54493195936138	0	0.617420926633843	0.0123412142439165	0.207995278114862	0.0245301229188188	0.209732500699753	NA	"prevalence"	30	6
"MGYG000325596"	"Sequencing_Depth"	"Sequencing_Depth"	"Sequencing_Depth"	1.61069774089582	0	0.635632059987628	0.0112765642954578	0.207995278114862	0.0224259676886061	0.209732500699753	NA	"prevalence"	30	9
"MGYG000325598"	"Sequencing_Depth"	"Sequencing_Depth"	"Sequencing_Depth"	1.72401229991848	0	0.633750307562317	0.00652160720815337	0.207995278114862	0.0130006830557293	0.209732500699753	NA	"prevalence"	30	9
"MGYG000325603"	"Sequencing_Depth"	"Sequencing_Depth"	"Sequencing_Depth"	1.32973275034011	0	0.540651394898305	0.0139130235506709	0.207995278114862	0.0276324748770204	0.209732500699753	NA	"prevalence"	30	12
"MGYG000325606"	"Sequencing_Depth"	"Sequencing_Depth"	"Sequencing_Depth"	1.43600894912104	0	0.578303999287455	0.013023042722687	0.207995278114862	0.025876485803617	0.209732500699753	NA	"prevalence"	30	7
"MGYG000325617"	"Sequencing_Depth"	"Sequencing_Depth"	"Sequencing_Depth"	2.65437252037532	0	0.918972511995802	0.00387190625998274	0.207995278114862	0.00772882086187938	0.209732500699753	NA	"prevalence"	30	14
"MGYG000325619"	"Sequencing_Depth"	"Sequencing_Depth"	"Sequencing_Depth"	1.63904239960571	0	0.626368357356734	0.00887742375487043	0.207995278114862	0.0176760388572173	0.209732500699753	NA	"prevalence"	30	12
"MGYG000325626"	"Sequencing_Depth"	"Sequencing_Depth"	"Sequencing_Depth"	2.87031230647812	0	1.1898514521064	0.0158510022904012	0.207995278114862	0.0314507503071922	0.209732500699753	NA	"prevalence"	30	22
"MGYG000325632"	"Sequencing_Depth"	"Sequencing_Depth"	"Sequencing_Depth"	2.0805359586054	0	0.812778564594333	0.0104737834488911	0.207995278114862	0.020837866758048	0.209732500699753	NA	"prevalence"	30	11
"MGYG000325647"	"Sequencing_Depth"	"Sequencing_Depth"	"Sequencing_Depth"	1.43600894912104	0	0.578303999287455	0.013023042722687	0.207995278114862	0.025876485803617	0.209732500699753	NA	"prevalence"	30	7
"MGYG000325648"	"Sequencing_Depth"	"Sequencing_Depth"	"Sequencing_Depth"	2.21753558317728	0	0.850032166088298	0.009086917900313	0.207995278114862	0.018091263723699	0.209732500699753	NA	"prevalence"	30	12
"MGYG000325661"	"Sequencing_Depth"	"Sequencing_Depth"	"Sequencing_Depth"	1.89011822920726	0	0.746175640443692	0.0113067030835335	0.207995278114862	0.0224855646324477	0.209732500699753	NA	"prevalence"	30	18
"MGYG000325663"	"Sequencing_Depth"	"Sequencing_Depth"	"Sequencing_Depth"	1.39251453298619	0	0.568255727208605	0.014265526156865	0.207995278114862	0.0283275470771978	0.209732500699753	NA	"prevalence"	30	12
"MGYG000325668"	"Sequencing_Depth"	"Sequencing_Depth"	"Sequencing_Depth"	2.60180447397215	0	1.03708581843675	0.0121154097739872	0.207995278114862	0.0240840363939828	0.209732500699753	NA	"prevalence"	30	9
"MGYG000325671"	"Sequencing_Depth"	"Sequencing_Depth"	"Sequencing_Depth"	1.43600894912104	0	0.578303999287455	0.013023042722687	0.207995278114862	0.025876485803617	0.209732500699753	NA	"prevalence"	30	7
"MGYG000325676"	"Sex"	"M"	"SexM"	-3.6207973790988	0	1.23735686962005	0.00343091307735143	0.207995278114862	0.00685005499015853	0.209732500699753	NA	"prevalence"	30	17
"MGYG000325682"	"Sequencing_Depth"	"Sequencing_Depth"	"Sequencing_Depth"	1.92853901421675	0	0.715623544788992	0.0070408245986272	0.207995278114862	0.0140320759862258	0.209732500699753	NA	"prevalence"	30	8
"MGYG000325712"	"Sequencing_Depth"	"Sequencing_Depth"	"Sequencing_Depth"	1.79474237292383	0	0.719139355351148	0.0125715625993657	0.207995278114862	0.0249850810125416	0.209732500699753	NA	"prevalence"	30	17
"MGYG000325715"	"Sequencing_Depth"	"Sequencing_Depth"	"Sequencing_Depth"	1.82162951609039	0	0.73293822190432	0.0129413449006211	0.207995278114862	0.0257152113934053	0.209732500699753	NA	"prevalence"	30	16
"MGYG000325719"	"Sequencing_Depth"	"Sequencing_Depth"	"Sequencing_Depth"	1.45767364868774	0	0.568033997707231	0.0102827455032839	0.207995278114862	0.0204597561514825	0.209732500699753	NA	"prevalence"	30	12
"MGYG000325723"	"Sequencing_Depth"	"Sequencing_Depth"	"Sequencing_Depth"	1.92915229711513	0	0.693721822763136	0.00542129383153262	0.207995278114862	0.0108131972362574	0.209732500699753	NA	"prevalence"	30	11
"MGYG000325747"	"Sequencing_Depth"	"Sequencing_Depth"	"Sequencing_Depth"	1.7100791257394	0	0.638482541860712	0.00739860667067508	0.207995278114862	0.0147424739606828	0.209732500699753	NA	"prevalence"	30	14
"MGYG000325797"	"Sequencing_Depth"	"Sequencing_Depth"	"Sequencing_Depth"	1.29885172967396	0	0.525273149716434	0.0134090363254061	0.207995278114862	0.0266382703956361	0.209732500699753	NA	"prevalence"	30	7
"MGYG000325803"	"Sequencing_Depth"	"Sequencing_Depth"	"Sequencing_Depth"	1.88688144567009	0	0.68882332640381	0.00615735052484055	0.207995278114862	0.0122767880841954	0.209732500699753	NA	"prevalence"	30	14
"MGYG000325877"	"Sequencing_Depth"	"Sequencing_Depth"	"Sequencing_Depth"	2.74020935754286	0	1.03910101645162	0.0083619110415301	0.207995278114862	0.0166539005267937	0.209732500699753	NA	"prevalence"	30	9
"MGYG000325949"	"Sequencing_Depth"	"Sequencing_Depth"	"Sequencing_Depth"	1.29796923496785	0	0.534691923669731	0.0152029270369225	0.207995278114862	0.0301747250833551	0.209732500699753	NA	"prevalence"	30	6
"MGYG000325999"	"Sequencing_Depth"	"Sequencing_Depth"	"Sequencing_Depth"	1.6872151965027	0	0.663572752193685	0.0110023938109666	0.207995278114862	0.0218837349523616	0.209732500699753	NA	"prevalence"	30	6
"MGYG000326008"	"Sequencing_Depth"	"Sequencing_Depth"	"Sequencing_Depth"	1.20484470158373	0	0.501511178578968	0.0162866222497488	0.207995278114862	0.0323079904351915	0.209732500699753	NA	"prevalence"	30	9
"MGYG000326584"	"Sequencing_Depth"	"Sequencing_Depth"	"Sequencing_Depth"	2.35243899550815	0	0.889448303541408	0.00817321199756811	0.207995278114862	0.016279622600779	0.209732500699753	NA	"prevalence"	30	8
"MGYG000326869"	"Sequencing_Depth"	"Sequencing_Depth"	"Sequencing_Depth"	1.42066916542385	0	0.586027306040488	0.0153405841110126	0.207995278114862	0.0304458347011581	0.209732500699753	NA	"prevalence"	30	15
"MGYG000327004"	"Sequencing_Depth"	"Sequencing_Depth"	"Sequencing_Depth"	2.73311917929661	0	1.00955068205357	0.00678404958236873	0.207995278114862	0.0135220758360014	0.209732500699753	NA	"prevalence"	30	11
"MGYG000327081"	"Sequencing_Depth"	"Sequencing_Depth"	"Sequencing_Depth"	2.76637960446284	0	1.05118165708123	0.00849624524200878	0.207995278114862	0.0169203043008052	0.209732500699753	NA	"prevalence"	30	10
"MGYG000327122"	"Sequencing_Depth"	"Sequencing_Depth"	"Sequencing_Depth"	1.24178873106321	0	0.511415318468264	0.0151764231043236	0.207995278114862	0.0301225223904057	0.209732500699753	NA	"prevalence"	30	7
"MGYG000327181"	"Sequencing_Depth"	"Sequencing_Depth"	"Sequencing_Depth"	2.21753558317728	0	0.850032166088298	0.009086917900313	0.207995278114862	0.018091263723699	0.209732500699753	NA	"prevalence"	30	12
"MGYG000327199"	"Sequencing_Depth"	"Sequencing_Depth"	"Sequencing_Depth"	1.5833988443523	0	0.62117815345331	0.0108024455517488	0.207995278114862	0.021488198273599	0.209732500699753	NA	"prevalence"	30	9
"MGYG000327237"	"Sequencing_Depth"	"Sequencing_Depth"	"Sequencing_Depth"	1.79968942214305	0	0.673692292534681	0.00755396404000014	0.207995278114862	0.0150508657072827	0.209732500699753	NA	"prevalence"	30	9
"MGYG000327333"	"Sequencing_Depth"	"Sequencing_Depth"	"Sequencing_Depth"	2.67553943709518	0	0.975136606241138	0.00607401884040902	0.207995278114862	0.0121111439759444	0.209732500699753	NA	"prevalence"	30	13
"MGYG000327336"	"Sex"	"M"	"SexM"	-3.04951922291454	0	1.1573801302312	0.00841752892074127	0.207995278114862	0.016764203048351	0.209732500699753	NA	"prevalence"	30	10
"MGYG000327349"	"Sequencing_Depth"	"Sequencing_Depth"	"Sequencing_Depth"	1.339266878986	0	0.551705960720028	0.0152032367578506	0.207995278114862	0.0301753351077859	0.209732500699753	NA	"prevalence"	30	7
"MGYG000327369"	"Sequencing_Depth"	"Sequencing_Depth"	"Sequencing_Depth"	1.24405818535841	0	0.509386439389949	0.0145953084438829	0.207995278114862	0.0289775938591937	0.209732500699753	NA	"prevalence"	30	7
"MGYG000327453"	"Sequencing_Depth"	"Sequencing_Depth"	"Sequencing_Depth"	2.23530725410604	0	0.862987513140861	0.00959211556233333	0.207995278114862	0.0190922224437055	0.209732500699753	NA	"prevalence"	30	12
"MGYG000327533"	"Sequencing_Depth"	"Sequencing_Depth"	"Sequencing_Depth"	1.19725386643957	0	0.49664801326925	0.0159233013042572	0.207995278114862	0.0315930510840882	0.209732500699753	NA	"prevalence"	30	12
"MGYG000327534"	"Sequencing_Depth"	"Sequencing_Depth"	"Sequencing_Depth"	1.56663484855602	0	0.620040544126131	0.0115151226605613	0.207995278114862	0.0228976472712349	0.209732500699753	NA	"prevalence"	30	7
"MGYG000327547"	"Sequencing_Depth"	"Sequencing_Depth"	"Sequencing_Depth"	1.24842880510135	0	0.511598897394291	0.0146771329397193	0.207995278114862	0.0291388476481085	0.209732500699753	NA	"prevalence"	30	8
"MGYG000327551"	"Sequencing_Depth"	"Sequencing_Depth"	"Sequencing_Depth"	1.74881629774841	0	0.637164412807855	0.00605688044563219	0.207995278114862	0.0120770750905317	0.209732500699753	NA	"prevalence"	30	14
"MGYG000328055"	"Sequencing_Depth"	"Sequencing_Depth"	"Sequencing_Depth"	2.96024211134949	0	1.10640243439224	0.00746053198326098	0.207995278114862	0.0148654044290487	0.209732500699753	NA	"prevalence"	30	9
"MGYG000328328"	"Sequencing_Depth"	"Sequencing_Depth"	"Sequencing_Depth"	1.56652759670818	0	0.604082643192961	0.00950780799741297	0.207995278114862	0.0189252175819103	0.209732500699753	NA	"prevalence"	30	11
"MGYG000328360"	"Sequencing_Depth"	"Sequencing_Depth"	"Sequencing_Depth"	3.09851534511689	0	1.11539154512842	0.00547010123261892	0.207995278114862	0.0109102804577427	0.209732500699753	NA	"prevalence"	30	14
"MGYG000328399"	"Sequencing_Depth"	"Sequencing_Depth"	"Sequencing_Depth"	1.25432505424519	0	0.521126607444593	0.0160864256358415	0.207995278114862	0.0319140781819456	0.209732500699753	NA	"prevalence"	30	6
"MGYG000328404"	"Sequencing_Depth"	"Sequencing_Depth"	"Sequencing_Depth"	1.73669636946908	0	0.706723960495069	0.0139950676025563	0.207995278114862	0.0277942732879125	0.209732500699753	NA	"prevalence"	30	11
"MGYG000328561"	"Sequencing_Depth"	"Sequencing_Depth"	"Sequencing_Depth"	1.94195448952372	0	0.713512625948549	0.00649506041574662	0.207995278114862	0.012947935021689	0.209732500699753	NA	"prevalence"	30	10
"MGYG000328573"	"Sequencing_Depth"	"Sequencing_Depth"	"Sequencing_Depth"	1.49472235634389	0	0.590577179891818	0.0113753490298333	0.207995278114862	0.0226212994941161	0.209732500699753	NA	"prevalence"	30	7
"MGYG000328709"	"Sex"	"M"	"SexM"	-3.18224882006543	0	1.12577018581437	0.00470258993773234	0.207995278114862	0.00938306552334222	0.209732500699753	NA	"prevalence"	30	18
"MGYG000328741"	"Sequencing_Depth"	"Sequencing_Depth"	"Sequencing_Depth"	1.78555819492244	0	0.742416787622271	0.0161697346904497	0.207995278114862	0.0320780090609399	0.209732500699753	NA	"prevalence"	30	18
"MGYG000328855"	"Genotype"	"MUT"	"GenotypeMUT"	-2.34082890473856	0	0.876119566129485	0.00754423545557135	0.207995278114862	0.0150315554225336	0.209732500699753	NA	"prevalence"	30	16
"MGYG000328913"	"Sequencing_Depth"	"Sequencing_Depth"	"Sequencing_Depth"	2.62260676999129	0	1.02349325782451	0.0103949282181009	0.207995278114862	0.0206818019035423	0.209732500699753	NA	"prevalence"	30	7
"MGYG000328916"	"Sequencing_Depth"	"Sequencing_Depth"	"Sequencing_Depth"	1.57585235669052	0	0.634611445139856	0.0130216475238899	0.207995278114862	0.0258737317435433	0.209732500699753	NA	"prevalence"	30	17
"MGYG000328991"	"Sequencing_Depth"	"Sequencing_Depth"	"Sequencing_Depth"	2.2743848397087	0	0.936758832332151	0.0151852752786411	0.207995278114862	0.0301399579719942	0.209732500699753	NA	"prevalence"	30	21
"MGYG000329106"	"Sequencing_Depth"	"Sequencing_Depth"	"Sequencing_Depth"	2.03249348156576	0	0.83842597618509	0.0153430994167124	0.207995278114862	0.0304507881337137	0.209732500699753	NA	"prevalence"	30	20
"MGYG000329148"	"Sequencing_Depth"	"Sequencing_Depth"	"Sequencing_Depth"	2.74136881568718	0	1.02248111606327	0.00733817215663515	0.207995278114862	0.0146224955426699	0.209732500699753	NA	"prevalence"	30	9
"MGYG000329180"	"Sequencing_Depth"	"Sequencing_Depth"	"Sequencing_Depth"	2.67437226912154	0	0.997330192117122	0.00732860269653299	0.207995278114862	0.0146034969755823	0.209732500699753	NA	"prevalence"	30	12
"MGYG000329248"	"Sequencing_Depth"	"Sequencing_Depth"	"Sequencing_Depth"	2.70033592268732	0	0.96197503180185	0.00499936230202927	0.207995278114862	0.00997373098063159	0.209732500699753	NA	"prevalence"	30	14
"MGYG000329302"	"Sequencing_Depth"	"Sequencing_Depth"	"Sequencing_Depth"	1.29052209242131	0	0.536957234290974	0.0162434854480019	0.207995278114862	0.0322231200765044	0.209732500699753	NA	"prevalence"	30	9
"MGYG000329336"	"Sequencing_Depth"	"Sequencing_Depth"	"Sequencing_Depth"	1.3967220179683	0	0.561342279683261	0.0128397838144751	0.207995278114862	0.0255147075805476	0.209732500699753	NA	"prevalence"	30	11
"MGYG000329398"	"Sequencing_Depth"	"Sequencing_Depth"	"Sequencing_Depth"	1.29796923496785	0	0.534691923669731	0.0152029270369225	0.207995278114862	0.0301747250833551	0.209732500699753	NA	"prevalence"	30	6
"MGYG000329420"	"Genotype"	"MUT"	"GenotypeMUT"	3.65407178939479	0	1.46113525283779	0.0123897630840287	0.207995278114862	0.0246260199387791	0.209732500699753	NA	"prevalence"	30	15
"MGYG000329420"	"Sequencing_Depth"	"Sequencing_Depth"	"Sequencing_Depth"	2.49928320104646	0	0.986971995768308	0.0113325502992042	0.207995278114862	0.0225366739021244	0.209732500699753	NA	"prevalence"	30	15
"MGYG000329437"	"Sequencing_Depth"	"Sequencing_Depth"	"Sequencing_Depth"	2.18776594899667	0	0.900858593333318	0.0151599931170956	0.207995278114862	0.0300901608428807	0.209732500699753	NA	"prevalence"	30	20
"MGYG000329509"	"Sequencing_Depth"	"Sequencing_Depth"	"Sequencing_Depth"	2.11333408224824	0	0.806655891774641	0.00879631287851102	0.207995278114862	0.0175152506367654	0.209732500699753	NA	"prevalence"	30	18
"MGYG000329571"	"Sequencing_Depth"	"Sequencing_Depth"	"Sequencing_Depth"	1.54493195936138	0	0.617420926633843	0.0123412142439165	0.207995278114862	0.0245301229188188	0.209732500699753	NA	"prevalence"	30	6
"MGYG000329698"	"Sequencing_Depth"	"Sequencing_Depth"	"Sequencing_Depth"	2.38611000545937	0	0.939424819130295	0.0110862265379579	0.207995278114862	0.0220495486570649	0.209732500699753	NA	"prevalence"	30	8
"MGYG000329700"	"Sequencing_Depth"	"Sequencing_Depth"	"Sequencing_Depth"	1.55417565651834	0	0.595128878796512	0.00901474987184839	0.207995278114862	0.0179482340284448	0.209732500699753	NA	"prevalence"	30	9
"MGYG000329711"	"Sequencing_Depth"	"Sequencing_Depth"	"Sequencing_Depth"	2.09076777789815	0	0.773814646254951	0.00689450346629123	0.207995278114862	0.0137414727545358	0.209732500699753	NA	"prevalence"	30	13
"MGYG000329730"	"Sequencing_Depth"	"Sequencing_Depth"	"Sequencing_Depth"	1.61692141990767	0	0.630996437985649	0.010392488509733	0.207995278114862	0.020676973202041	0.209732500699753	NA	"prevalence"	30	10
"MGYG000329834"	"Sex"	"M"	"SexM"	-3.62492972848135	0	1.50272431813275	0.0158548984155083	0.207995278114862	0.00626352243576748	0.209732500699753	NA	"prevalence"	30	22
"MGYG000329870"	"Sequencing_Depth"	"Sequencing_Depth"	"Sequencing_Depth"	1.36787396223777	0	0.54774012294481	0.0125141390156525	0.207995278114862	0.0248716743560019	0.209732500699753	NA	"prevalence"	30	9
"MGYG000329873"	"Sequencing_Depth"	"Sequencing_Depth"	"Sequencing_Depth"	1.8157873197345	0	0.708426839070422	0.0103734365590274	0.207995278114862	0.0206392649320107	0.209732500699753	NA	"prevalence"	30	15
"MGYG000329896"	"Sex"	"M"	"SexM"	-3.0508149721938	0	1.17654312481005	0.00951336832546484	0.207995278114862	0.0189362324740337	0.209732500699753	NA	"prevalence"	30	19
"MGYG000329989"	"Sequencing_Depth"	"Sequencing_Depth"	"Sequencing_Depth"	1.42843667629295	0	0.594743766191692	0.0163160428144303	0.207995278114862	0.0323658723757382	0.209732500699753	NA	"prevalence"	30	16
"MGYG000330019"	"Sequencing_Depth"	"Sequencing_Depth"	"Sequencing_Depth"	2.82122574489017	0	1.01423761113302	0.0054087981880959	0.207995278114862	0.0107883412783523	0.209732500699753	NA	"prevalence"	30	17
"MGYG000330231"	"Sex"	"M"	"SexM"	-2.27711169858623	0	0.919699857024767	0.0132889941003553	0.207995278114862	0.0264013908365113	0.209732500699753	NA	"prevalence"	30	15
"MGYG000330291"	"Sequencing_Depth"	"Sequencing_Depth"	"Sequencing_Depth"	1.91813304552797	0	0.753815603672263	0.0109413844536403	0.207995278114862	0.0217630550135182	0.209732500699753	NA	"prevalence"	30	17
"MGYG000330354"	"Genotype"	"MUT"	"GenotypeMUT"	3.47215827557638	0	1.37259511912444	0.0114182751075135	0.207995278114862	0.0227061732085962	0.209732500699753	NA	"prevalence"	30	13
"MGYG000330354"	"Sequencing_Depth"	"Sequencing_Depth"	"Sequencing_Depth"	2.0923457125819	0	0.851945265311139	0.0140507777941405	0.207995278114862	0.0279041312316608	0.209732500699753	NA	"prevalence"	30	13
"MGYG000330443"	"Sequencing_Depth"	"Sequencing_Depth"	"Sequencing_Depth"	1.69139522469734	0	0.640019936727604	0.00822423569698337	0.207995278114862	0.0163808333411672	0.209732500699753	NA	"prevalence"	30	11
"MGYG000330445"	"Sequencing_Depth"	"Sequencing_Depth"	"Sequencing_Depth"	1.29398256907098	0	0.536887743235785	0.0159457533864694	0.207995278114862	0.0316372397218766	0.209732500699753	NA	"prevalence"	30	10
"MGYG000330582"	"Sequencing_Depth"	"Sequencing_Depth"	"Sequencing_Depth"	2.91256067611903	0	1.02184783196163	0.00436796497569958	0.207995278114862	0.00871685083337022	0.209732500699753	NA	"prevalence"	30	17
"MGYG000330830"	"Genotype"	"MUT"	"GenotypeMUT"	-4.1442226481644	0	1.53655841834503	0.00699502349307694	0.207995278114862	0.00699502349307694	0.209732500699753	NA	"prevalence"	30	8
"MGYG000330890"	"Sequencing_Depth"	"Sequencing_Depth"	"Sequencing_Depth"	2.22515970838269	0	0.91355298277128	0.0148621642253881	0.207995278114862	0.0295034445253138	0.209732500699753	NA	"prevalence"	30	9
"MGYG000331010"	"Sequencing_Depth"	"Sequencing_Depth"	"Sequencing_Depth"	1.46110453379132	0	0.596695921412781	0.0143389330430031	0.207995278114862	0.0284722610851944	0.209732500699753	NA	"prevalence"	30	13
"MGYG000331015"	"Sequencing_Depth"	"Sequencing_Depth"	"Sequencing_Depth"	2.55962363833913	0	0.956949915077128	0.00747799010834498	0.207995278114862	0.0149000598806295	0.209732500699753	NA	"prevalence"	30	15
"MGYG000331110"	"Sequencing_Depth"	"Sequencing_Depth"	"Sequencing_Depth"	1.25529933035043	0	0.516817905305204	0.015144682986532	0.207995278114862	0.0300600045503015	0.209732500699753	NA	"prevalence"	30	6
"MGYG000331229"	"Sequencing_Depth"	"Sequencing_Depth"	"Sequencing_Depth"	2.31222273528586	0	0.899464500399274	0.0101503192086145	0.207995278114862	0.0201976094371923	0.209732500699753	NA	"prevalence"	30	8
"MGYG000331408"	"Sequencing_Depth"	"Sequencing_Depth"	"Sequencing_Depth"	2.1910032870577	0	0.810330979103668	0.00685438009080241	0.207995278114862	0.0136617776551756	0.209732500699753	NA	"prevalence"	30	10
"MGYG000333766"	"Sequencing_Depth"	"Sequencing_Depth"	"Sequencing_Depth"	1.3216376110057	0	0.545436002945981	0.0153893398511037	0.207995278114862	0.0305418479211547	0.209732500699753	NA	"prevalence"	30	10
"MGYG000336507"	"Sequencing_Depth"	"Sequencing_Depth"	"Sequencing_Depth"	2.05678342436695	0	0.776037550657716	0.00804046506610122	0.207995278114862	0.0160162810537233	0.209732500699753	NA	"prevalence"	30	7
"MGYG000337677"	"Sequencing_Depth"	"Sequencing_Depth"	"Sequencing_Depth"	2.35243899550815	0	0.889448303541408	0.00817321199756811	0.207995278114862	0.016279622600779	0.209732500699753	NA	"prevalence"	30	8
"MGYG000337810"	"Genotype"	"MUT"	"GenotypeMUT"	-3.80613413762858	0	1.499301034486	0.0111295180859264	0.207995278114862	0.0221351699990279	0.209732500699753	NA	"prevalence"	30	18
"MGYG000338472"	"Sequencing_Depth"	"Sequencing_Depth"	"Sequencing_Depth"	1.58600200704939	0	0.64387233524744	0.0137693731481469	0.207995278114862	0.0273491506594009	0.209732500699753	NA	"prevalence"	30	11
"MGYG000341210"	"Sex"	"M"	"SexM"	-2.14400191105156	0	0.874108230938164	0.0141753975468705	0.207995278114862	0.0281498531981292	0.209732500699753	NA	"prevalence"	30	11
"MGYG000345025"	"Sequencing_Depth"	"Sequencing_Depth"	"Sequencing_Depth"	1.30086190376227	0	0.53295385843912	0.0146526269763035	0.207995278114862	0.0290905544753004	0.209732500699753	NA	"prevalence"	30	6
"MGYG000345714"	"Sequencing_Depth"	"Sequencing_Depth"	"Sequencing_Depth"	2.26842840819862	0	0.848770326951976	0.00752646604638619	0.207995278114862	0.014996284401625	0.209732500699753	NA	"prevalence"	30	18
"MGYG000348936"	"Sequencing_Depth"	"Sequencing_Depth"	"Sequencing_Depth"	3.1709588917204	0	1.27255123168787	0.0127093158926583	0.207995278114862	0.0252571050748573	0.209732500699753	NA	"prevalence"	30	22
"MGYG000349368"	"Sequencing_Depth"	"Sequencing_Depth"	"Sequencing_Depth"	1.55430463789196	0	0.582564747872947	0.00762957245716991	0.207995278114862	0.0152009345384606	0.209732500699753	NA	"prevalence"	30	9
"MGYG000350425"	"Sequencing_Depth"	"Sequencing_Depth"	"Sequencing_Depth"	2.22856218407701	0	0.839020543641826	0.00790390728050024	0.207995278114862	0.0157453428107017	0.209732500699753	NA	"prevalence"	30	7
"MGYG000352925"	"Sequencing_Depth"	"Sequencing_Depth"	"Sequencing_Depth"	1.19725386643957	0	0.49664801326925	0.0159233013042572	0.207995278114862	0.0315930510840882	0.209732500699753	NA	"prevalence"	30	12
"MGYG000360698"	"Sequencing_Depth"	"Sequencing_Depth"	"Sequencing_Depth"	2.52825411426647	0	0.975902346972496	0.00957855380902358	0.207995278114862	0.0190653589249748	0.209732500699753	NA	"prevalence"	30	10
"MGYG000366359"	"Sequencing_Depth"	"Sequencing_Depth"	"Sequencing_Depth"	2.07241080730055	0	0.796511742088509	0.00927201129538928	0.207995278114862	0.0184580523973167	0.209732500699753	NA	"prevalence"	30	17
"MGYG000373138"	"Genotype"	"MUT"	"GenotypeMUT"	-4.77848569475179	0	1.6844932082663	0.00455753175920153	0.207995278114862	0.00909429242266693	0.209732500699753	NA	"prevalence"	30	21
"MGYG000373138"	"Sex"	"M"	"SexM"	-3.68886421814707	0	1.478582070084	0.0126004684255004	0.207995278114862	0.0250421650464587	0.209732500699753	NA	"prevalence"	30	21
"MGYG000379181"	"Sequencing_Depth"	"Sequencing_Depth"	"Sequencing_Depth"	2.54387565815006	0	0.940993385769988	0.00686353827702372	0.207995278114862	0.0136799683963673	0.209732500699753	NA	"prevalence"	30	9
"MGYG000379997"	"Sequencing_Depth"	"Sequencing_Depth"	"Sequencing_Depth"	1.40274623513471	0	0.562499407830823	0.0126393094231827	0.207995278114862	0.0251188667036704	0.209732500699753	NA	"prevalence"	30	12
"MGYG000387050"	"Sequencing_Depth"	"Sequencing_Depth"	"Sequencing_Depth"	2.05843126098447	0	0.81302704693719	0.0113474962241609	0.207995278114862	0.0225662267777644	0.209732500699753	NA	"prevalence"	30	10
"MGYG000391024"	"Sex"	"M"	"SexM"	-3.98523235850178	0	1.38607641642517	0.00403785075460259	0.207995278114862	0.00805939727048874	0.209732500699753	NA	"prevalence"	30	17
"MGYG000392808"	"Sex"	"M"	"SexM"	-2.07809666862658	0	0.845723180700813	0.0140031312952527	0.207995278114862	0.0278101749044332	0.209732500699753	NA	"prevalence"	30	13
"MGYG000393816"	"Genotype"	"MUT"	"GenotypeMUT"	4.47437812100489	0	1.82216570118859	0.014067796038041	0.207995278114862	0.014067796038041	0.209732500699753	NA	"prevalence"	30	8
"MGYG000401219"	"Sequencing_Depth"	"Sequencing_Depth"	"Sequencing_Depth"	2.63475569407737	0	1.06305359757231	0.0131943990451852	0.207995278114862	0.0262147059242067	0.209732500699753	NA	"prevalence"	30	20
"MGYG000405682"	"Sex"	"M"	"SexM"	-2.70601727309002	0	1.11858143284401	0.0155567854222445	0.207995278114862	0.0308715572718152	0.209732500699753	NA	"prevalence"	30	15
"MGYG000405972"	"Sequencing_Depth"	"Sequencing_Depth"	"Sequencing_Depth"	1.24936574575549	0	0.509373469120038	0.0141768852527464	0.207995278114862	0.0281527864300234	0.209732500699753	NA	"prevalence"	30	10
"MGYG000409008"	"Sequencing_Depth"	"Sequencing_Depth"	"Sequencing_Depth"	2.01497354668827	0	0.740859094262231	0.00653254159073605	0.207995278114862	0.0130224090818374	0.209732500699753	NA	"prevalence"	30	16
"MGYG000409933"	"Sequencing_Depth"	"Sequencing_Depth"	"Sequencing_Depth"	1.59284185460398	0	0.612915544032244	0.00935516217927575	0.207995278114862	0.0186228052991509	0.209732500699753	NA	"prevalence"	30	12
"MGYG000409996"	"Sequencing_Depth"	"Sequencing_Depth"	"Sequencing_Depth"	1.98263853079158	0	0.809506072384365	0.0143175761043571	0.207995278114862	0.0284301592232102	0.209732500699753	NA	"prevalence"	30	10
"MGYG000410015"	"Sequencing_Depth"	"Sequencing_Depth"	"Sequencing_Depth"	1.40329042644998	0	0.566875073258825	0.0133055557370397	0.207995278114862	0.0264340736606079	0.209732500699753	NA	"prevalence"	30	8
"MGYG000410140"	"Sequencing_Depth"	"Sequencing_Depth"	"Sequencing_Depth"	1.76230353295456	0	0.66954548325447	0.00848615430019962	0.207995278114862	0.0169002937855924	0.209732500699753	NA	"prevalence"	30	13
"MGYG000410288"	"Sequencing_Depth"	"Sequencing_Depth"	"Sequencing_Depth"	2.03235668834828	0	0.794425209320687	0.0105193426164687	0.207995278114862	0.0209280286638548	0.209732500699753	NA	"prevalence"	30	15
"MGYG000410332"	"Sequencing_Depth"	"Sequencing_Depth"	"Sequencing_Depth"	1.78277237485631	0	0.691902908927767	0.00997709410089914	0.207995278114862	0.0198546457951001	0.209732500699753	NA	"prevalence"	30	16
"MGYG000410400"	"Sex"	"M"	"SexM"	-2.29052843371382	0	0.925537743396639	0.013330773063756	0.207995278114862	0.0264838366170347	0.209732500699753	NA	"prevalence"	30	15
"MGYG000410456"	"Sequencing_Depth"	"Sequencing_Depth"	"Sequencing_Depth"	1.68628527513678	0	0.664269148420718	0.0111310583525956	0.207995278114862	0.0221382162451423	0.209732500699753	NA	"prevalence"	30	9
"MGYG000410493"	"Sequencing_Depth"	"Sequencing_Depth"	"Sequencing_Depth"	1.71624233318537	0	0.694193514628908	0.0134253457538393	0.207995278114862	0.0134253457538393	0.209732500699753	NA	"prevalence"	30	5
"MGYG000410703"	"Sequencing_Depth"	"Sequencing_Depth"	"Sequencing_Depth"	1.42207672160303	0	0.578480862492979	0.0139598376899091	0.207995278114862	0.0277247983114895	0.209732500699753	NA	"prevalence"	30	16
"MGYG000410710"	"Sequencing_Depth"	"Sequencing_Depth"	"Sequencing_Depth"	1.98294086396201	0	0.714299497271366	0.00550214370775699	0.207995278114862	0.0109740138301332	0.209732500699753	NA	"prevalence"	30	9
"MGYG000410724"	"Sequencing_Depth"	"Sequencing_Depth"	"Sequencing_Depth"	2.18435010616133	0	0.815606089541092	0.00740206652141449	0.207995278114862	0.0147493424540415	0.209732500699753	NA	"prevalence"	30	10
"MGYG000410761"	"Sequencing_Depth"	"Sequencing_Depth"	"Sequencing_Depth"	2.2743848397087	0	0.936758832332151	0.0151852752786411	0.207995278114862	0.0301399579719942	0.209732500699753	NA	"prevalence"	30	21
"MGYG000410775"	"Sequencing_Depth"	"Sequencing_Depth"	"Sequencing_Depth"	1.70966433238755	0	0.665309447933959	0.0101778385784153	0.207995278114862	0.0202520887587023	0.209732500699753	NA	"prevalence"	30	9
"MGYG000410776"	"Sequencing_Depth"	"Sequencing_Depth"	"Sequencing_Depth"	2.70033592268732	0	0.96197503180185	0.00499936230202927	0.207995278114862	0.00997373098063159	0.209732500699753	NA	"prevalence"	30	14
"MGYG000410798"	"Sequencing_Depth"	"Sequencing_Depth"	"Sequencing_Depth"	2.0451103449915	0	0.756470485461367	0.00686155256265861	0.207995278114862	0.0136760242217471	0.209732500699753	NA	"prevalence"	30	12
"MGYG000410805"	"Sequencing_Depth"	"Sequencing_Depth"	"Sequencing_Depth"	1.65396019813404	0	0.606039752238402	0.00635020053182564	0.207995278114862	0.0126600760168569	0.209732500699753	NA	"prevalence"	30	11
"MGYG000410811"	"Sequencing_Depth"	"Sequencing_Depth"	"Sequencing_Depth"	1.79968942214305	0	0.673692292534681	0.00755396404000014	0.207995278114862	0.0150508657072827	0.209732500699753	NA	"prevalence"	30	9
"MGYG000410812"	"Sex"	"M"	"SexM"	-3.23646812496913	0	1.24755500184666	0.00947978458638934	0.207995278114862	0.0188697028569743	0.209732500699753	NA	"prevalence"	30	10
"MGYG000410877"	"Sequencing_Depth"	"Sequencing_Depth"	"Sequencing_Depth"	2.2377978266526	0	0.900083488316788	0.0129111245056385	0.207995278114862	0.0256555518752769	0.209732500699753	NA	"prevalence"	30	18
"MGYG000410914"	"Sequencing_Depth"	"Sequencing_Depth"	"Sequencing_Depth"	1.86533284352673	0	0.728280472357651	0.0104286181860295	0.207995278114862	0.020748480294789	0.209732500699753	NA	"prevalence"	30	9
"MGYG000410930"	"Sequencing_Depth"	"Sequencing_Depth"	"Sequencing_Depth"	2.02360090047763	0	0.76338781551365	0.00802974906068215	0.207995278114862	0.0159950212513868	0.209732500699753	NA	"prevalence"	30	8
"MGYG000410931"	"Sequencing_Depth"	"Sequencing_Depth"	"Sequencing_Depth"	1.27049542366124	0	0.518294321632116	0.0142340842129817	0.207995278114862	0.0282655592725811	0.209732500699753	NA	"prevalence"	30	7
"MGYG000410945"	"Sequencing_Depth"	"Sequencing_Depth"	"Sequencing_Depth"	2.31222971020903	0	0.913159005894243	0.0113374642304466	0.207995278114862	0.0225463903657165	0.209732500699753	NA	"prevalence"	30	17
"MGYG000411179"	"Sequencing_Depth"	"Sequencing_Depth"	"Sequencing_Depth"	2.65331109854781	0	1.02467350160086	0.00961374747473579	0.207995278114862	0.0191350708089636	0.209732500699753	NA	"prevalence"	30	8
"MGYG000411355"	"Sequencing_Depth"	"Sequencing_Depth"	"Sequencing_Depth"	1.84028773066082	0	0.74954988668357	0.0140809962541365	0.207995278114862	0.0279637180527639	0.209732500699753	NA	"prevalence"	30	20
"MGYG000411366"	"Sequencing_Depth"	"Sequencing_Depth"	"Sequencing_Depth"	2.26688078038201	0	0.865972714954353	0.0088517404435697	0.207995278114862	0.0176251275782591	0.209732500699753	NA	"prevalence"	30	19
"MGYG000411389"	"Sequencing_Depth"	"Sequencing_Depth"	"Sequencing_Depth"	1.73574012109642	0	0.651778044178363	0.00774279276752616	0.207995278114862	0.0154256346952115	0.209732500699753	NA	"prevalence"	30	15
"MGYG000411437"	"Sequencing_Depth"	"Sequencing_Depth"	"Sequencing_Depth"	1.83557275880558	0	0.693817690806596	0.00815431661094879	0.207995278114862	0.016242140342506	0.209732500699753	NA	"prevalence"	30	13
"MGYG000411569"	"Sequencing_Depth"	"Sequencing_Depth"	"Sequencing_Depth"	1.86756063295837	0	0.712537054855001	0.00876718966471327	0.207995278114862	0.0174575157148095	0.209732500699753	NA	"prevalence"	30	12
"MGYG000411571"	"Sex"	"M"	"SexM"	-3.59325919946975	0	1.44460761974717	0.0128695098021691	0.207995278114862	0.0128695098021691	0.209732500699753	NA	"prevalence"	30	6
"MGYG000411593"	"Sequencing_Depth"	"Sequencing_Depth"	"Sequencing_Depth"	2.73311917929661	0	1.00955068205357	0.00678404958236873	0.207995278114862	0.0135220758360014	0.209732500699753	NA	"prevalence"	30	11
"MGYG000411595"	"Sequencing_Depth"	"Sequencing_Depth"	"Sequencing_Depth"	2.66206492652416	0	1.09409930263579	0.0149697155899391	0.207995278114862	0.0297153387950345	0.209732500699753	NA	"prevalence"	30	15
"MGYG000411610"	"Sequencing_Depth"	"Sequencing_Depth"	"Sequencing_Depth"	2.99095790384567	0	1.11643288996861	0.00738356402714131	0.207995278114862	0.0147126110365397	0.209732500699753	NA	"prevalence"	30	10
"MGYG000432287"	"Sequencing_Depth"	"Sequencing_Depth"	"Sequencing_Depth"	1.91526153815721	0	0.722432629628063	0.0080223377494657	0.207995278114862	0.0159803175959649	0.209732500699753	NA	"prevalence"	30	6
"Muribaculum sp910578785"	"Sex"	"M"	"SexM"	-3.80059427015856	0	1.56165429919374	0.0149454766795509	0.207995278114862	0.0296675860859228	0.209732500699753	NA	"prevalence"	30	22
"Nanosyncoccus sp013316435"	"Sex"	"M"	"SexM"	-2.42518251613061	0	0.955551861631177	0.0111490687774149	0.207995278114862	0.0221738358202262	0.209732500699753	NA	"prevalence"	30	13
"Odoribacter sp009935865"	"Sequencing_Depth"	"Sequencing_Depth"	"Sequencing_Depth"	1.80610627383508	0	0.743052720595413	0.0150714760830225	0.207995278114862	0.0299158027747239	0.209732500699753	NA	"prevalence"	30	6
"Odoribacter sp910578985"	"Sequencing_Depth"	"Sequencing_Depth"	"Sequencing_Depth"	2.19333031473118	0	0.821104541835874	0.00755817336890141	0.207995278114862	0.0150592207531285	0.209732500699753	NA	"prevalence"	30	9
"Odoribacter sp910589025"	"Sequencing_Depth"	"Sequencing_Depth"	"Sequencing_Depth"	1.76858525568976	0	0.634366796141319	0.00530421241173911	0.207995278114862	0.0105802901541694	0.209732500699753	NA	"prevalence"	30	11
"Parabacteroides goldsteinii"	"Genotype"	"MUT"	"GenotypeMUT"	3.49679728800078	0	1.41896085374984	0.0137267102467541	0.207995278114862	0.00554034885087037	0.209732500699753	NA	"prevalence"	30	23
"Parabacteroides sp900760525"	"Genotype"	"MUT"	"GenotypeMUT"	3.49679728800078	0	1.41896085374984	0.0137267102467541	0.207995278114862	0.0272649979193098	0.209732500699753	NA	"prevalence"	30	23
"Paralachnospira sp022800815"	"Genotype"	"MUT"	"GenotypeMUT"	-3.60832107314394	0	1.34735664161604	0.00740468106981441	0.207995278114862	0.0147545328378832	0.209732500699753	NA	"prevalence"	30	14
"Paralachnospira sp910587905"	"Sequencing_Depth"	"Sequencing_Depth"	"Sequencing_Depth"	1.60757489831942	0	0.641770846635603	0.0122484343216092	0.207995278114862	0.0243468444998877	0.209732500699753	NA	"prevalence"	30	11
"Paramuribaculum sp014801865"	"Sequencing_Depth"	"Sequencing_Depth"	"Sequencing_Depth"	1.49583172759622	0	0.602639579321607	0.0130598434410067	0.207995278114862	0.0259491273713098	0.209732500699753	NA	"prevalence"	30	10
"Paramuribaculum sp910586895"	"Sequencing_Depth"	"Sequencing_Depth"	"Sequencing_Depth"	3.03054663899095	0	1.04558805893665	0.00375055642406582	0.207995278114862	0.00748704617464155	0.209732500699753	NA	"prevalence"	30	17
"Parasutterella excrementihominis"	"Sequencing_Depth"	"Sequencing_Depth"	"Sequencing_Depth"	1.59903589609513	0	0.652790076849699	0.0143038522335596	0.207995278114862	0.0284031042783997	0.209732500699753	NA	"prevalence"	30	12
"Paratractidigestivibacter faecalis"	"Sequencing_Depth"	"Sequencing_Depth"	"Sequencing_Depth"	2.55655525206567	0	0.936001210326152	0.00630737396989249	0.207995278114862	0.0125749649733889	0.209732500699753	NA	"prevalence"	30	17
"Paratractidigestivibacter sp003150175"	"Sequencing_Depth"	"Sequencing_Depth"	"Sequencing_Depth"	3.32324638509099	0	1.27608852964588	0.00920770762419999	0.207995278114862	0.0183306333687072	0.209732500699753	NA	"prevalence"	30	12
"Parvibacter sp910588725"	"Sex"	"M"	"SexM"	-4.29563345741018	0	1.63250052883118	0.00850535768923693	0.207995278114862	0.00339442488450147	0.169144191994708	NA	"prevalence"	30	18
"Pelethomonas sp022800525"	"Sequencing_Depth"	"Sequencing_Depth"	"Sequencing_Depth"	2.5501113879112	0	0.891883054478319	0.00424651840659439	0.207995278114862	0.00847500389461124	0.209732500699753	NA	"prevalence"	30	15
"Pelethomonas sp910577915"	"Sequencing_Depth"	"Sequencing_Depth"	"Sequencing_Depth"	1.78948622003312	0	0.654272469840684	0.00623655012154762	0.207995278114862	0.0124342056856767	0.209732500699753	NA	"prevalence"	30	11
"Pelethomonas sp910579725"	"Sequencing_Depth"	"Sequencing_Depth"	"Sequencing_Depth"	2.19670918214113	0	0.827514260394504	0.00794053944087111	0.207995278114862	0.0158180267151302	0.209732500699753	NA	"prevalence"	30	18
"Pelethomonas sp910584045"	"Sequencing_Depth"	"Sequencing_Depth"	"Sequencing_Depth"	1.68041580543579	0	0.682154732504937	0.0137628623250825	0.207995278114862	0.0273363082707858	0.209732500699753	NA	"prevalence"	30	16
"Pelethomonas sp910587505"	"Sequencing_Depth"	"Sequencing_Depth"	"Sequencing_Depth"	2.16650161077353	0	0.796643519894139	0.00653733602815715	0.207995278114862	0.0130319352939693	0.209732500699753	NA	"prevalence"	30	15
"Pelethomonas sp910587645"	"Sequencing_Depth"	"Sequencing_Depth"	"Sequencing_Depth"	2.26378343736856	0	0.865105833211814	0.00887659966559821	0.207995278114862	0.0176744053095731	0.209732500699753	NA	"prevalence"	30	19
"Pelethomonas sp910588045"	"Sequencing_Depth"	"Sequencing_Depth"	"Sequencing_Depth"	2.58235121750198	0	0.92118341684752	0.00505829778651054	0.207995278114862	0.0100910091965241	0.209732500699753	NA	"prevalence"	30	14
"Phocaeicola faecalis"	"Sequencing_Depth"	"Sequencing_Depth"	"Sequencing_Depth"	1.82162951609039	0	0.73293822190432	0.0129413449006211	0.207995278114862	0.0257152113934053	0.209732500699753	NA	"prevalence"	30	16
"Pullibacteroides sp910578275"	"Sequencing_Depth"	"Sequencing_Depth"	"Sequencing_Depth"	1.93228841185734	0	0.78900879684236	0.0143250490053672	0.207995278114862	0.0284448909817283	0.209732500699753	NA	"prevalence"	30	6
"Pumilibacter muris"	"Sequencing_Depth"	"Sequencing_Depth"	"Sequencing_Depth"	1.5619523143741	0	0.611947535414339	0.010697487143927	0.207995278114862	0.0212805380566595	0.209732500699753	NA	"prevalence"	30	9
"Pumilibacter sp910579245"	"Sequencing_Depth"	"Sequencing_Depth"	"Sequencing_Depth"	1.74145427007493	0	0.636230514734406	0.00619752367613334	0.207995278114862	0.0123566380525504	0.209732500699753	NA	"prevalence"	30	12
"QANA01 sp910588425"	"Sex"	"M"	"SexM"	-2.37868344669224	0	0.920792331739036	0.00978599976647977	0.207995278114862	0.01947623374153	0.209732500699753	NA	"prevalence"	30	17
"QXXE01 sp910586575"	"Sex"	"M"	"SexM"	-2.45121422311748	0	0.956332872421737	0.0103730466660783	0.207995278114862	0.02063849323502	0.209732500699753	NA	"prevalence"	30	13
"RGIG4057 sp910587085"	"Genotype"	"MUT"	"GenotypeMUT"	-3.04089729595974	0	1.18400693201944	0.0102195605880673	0.207995278114862	0.0203346817575214	0.209732500699753	NA	"prevalence"	30	19
"RGIG8482 sp022796855"	"Sequencing_Depth"	"Sequencing_Depth"	"Sequencing_Depth"	2.63523742734789	0	0.985350334546199	0.0074859362516492	0.207995278114862	0.0149158332617346	0.209732500699753	NA	"prevalence"	30	19
"RGIG8607 sp910577045"	"Sequencing_Depth"	"Sequencing_Depth"	"Sequencing_Depth"	1.27872750937155	0	0.521887977433594	0.0142778718187972	0.207995278114862	0.0283518860139204	0.209732500699753	NA	"prevalence"	30	7
"Roseburia sp910577925"	"Sequencing_Depth"	"Sequencing_Depth"	"Sequencing_Depth"	1.61668376016254	0	0.642106863858778	0.0118097091473972	0.207995278114862	0.0234799490646483	0.209732500699753	NA	"prevalence"	30	8
"Ruminococcus sp900540005"	"Sequencing_Depth"	"Sequencing_Depth"	"Sequencing_Depth"	1.78021418358721	0	0.670587525738667	0.00793770459942911	0.207995278114862	0.0158124020445504	0.209732500699753	NA	"prevalence"	30	12
"Ruthenibacterium sp013316265"	"Sequencing_Depth"	"Sequencing_Depth"	"Sequencing_Depth"	2.40040692858109	0	0.992772274155766	0.015611107396258	0.207995278114862	0.0309785081183785	0.209732500699753	NA	"prevalence"	30	10
"Scatocola sp910577205"	"Sex"	"M"	"SexM"	-2.62992414840361	0	0.977627123945164	0.00714285477231882	0.207995278114862	0.0142346891703392	0.209732500699753	NA	"prevalence"	30	12
"Slackia_A isoflavoniconvertens"	"Sequencing_Depth"	"Sequencing_Depth"	"Sequencing_Depth"	2.40318941317488	0	0.958802672498558	0.0121950860135897	0.207995278114862	0.0242414519043005	0.209732500699753	NA	"prevalence"	30	9
"Sporofaciens sp011960625"	"Sequencing_Depth"	"Sequencing_Depth"	"Sequencing_Depth"	2.04756191093729	0	0.763873644583052	0.00735126651181736	0.207995278114862	0.014648491904307	0.209732500699753	NA	"prevalence"	30	14
"Thomasclavelia ramosa"	"Sequencing_Depth"	"Sequencing_Depth"	"Sequencing_Depth"	2.73243201777985	0	1.04138013690575	0.00869404121539368	0.207995278114862	0.0173124960781324	0.209732500699753	NA	"prevalence"	30	15
"Tidjanibacter sp910577285"	"Sequencing_Depth"	"Sequencing_Depth"	"Sequencing_Depth"	1.80051686130282	0	0.676918416180279	0.00781701746784791	0.207995278114862	0.0155729291736032	0.209732500699753	NA	"prevalence"	30	8
"UBA2821 sp014799465"	"Sequencing_Depth"	"Sequencing_Depth"	"Sequencing_Depth"	2.44489307892028	0	0.985007115769395	0.0130608041700435	0.207995278114862	0.0259510237345188	0.209732500699753	NA	"prevalence"	30	19
"UBA3282 sp003612405"	"Sequencing_Depth"	"Sequencing_Depth"	"Sequencing_Depth"	2.73311917929661	0	1.00955068205357	0.00678404958236873	0.207995278114862	0.0135220758360014	0.209732500699753	NA	"prevalence"	30	11
"UBA3282 sp009774215"	"Sequencing_Depth"	"Sequencing_Depth"	"Sequencing_Depth"	2.249905935767	0	0.825171572174276	0.00639921744156839	0.207995278114862	0.0127574848992723	0.209732500699753	NA	"prevalence"	30	18
"UBA3282 sp009774575"	"Sequencing_Depth"	"Sequencing_Depth"	"Sequencing_Depth"	2.62260676999129	0	1.02349325782451	0.0103949282181009	0.207995278114862	0.0206818019035423	0.209732500699753	NA	"prevalence"	30	7
"UBA3282 sp009774585"	"Sequencing_Depth"	"Sequencing_Depth"	"Sequencing_Depth"	3.50768236809053	0	1.33381439989163	0.00854318622019711	0.207995278114862	0.0170133864096013	0.209732500699753	NA	"prevalence"	30	21
"UBA3282 sp910575775"	"Sequencing_Depth"	"Sequencing_Depth"	"Sequencing_Depth"	2.90949830066022	0	1.19319524645972	0.0147520630923428	0.207995278114862	0.0292865028192051	0.209732500699753	NA	"prevalence"	30	22
"UBA3282 sp910578115"	"Sequencing_Depth"	"Sequencing_Depth"	"Sequencing_Depth"	1.99207519026475	0	0.777327395638322	0.01038547175542	0.207995278114862	0.0206630854872573	0.209732500699753	NA	"prevalence"	30	19
"UBA3282 sp910578645"	"Sequencing_Depth"	"Sequencing_Depth"	"Sequencing_Depth"	2.98324578882051	0	1.17835807242267	0.0113511980740331	0.207995278114862	0.0225735464503503	0.209732500699753	NA	"prevalence"	30	10
"UBA3282 sp910578845"	"Sequencing_Depth"	"Sequencing_Depth"	"Sequencing_Depth"	1.37036838978766	0	0.558090451707988	0.0140704684860137	0.207995278114862	0.0279429588886115	0.209732500699753	NA	"prevalence"	30	8
"UBA3282 sp910579285"	"Sequencing_Depth"	"Sequencing_Depth"	"Sequencing_Depth"	2.51915863137565	0	0.864859636984418	0.00358209934481967	0.207995278114862	0.00715136725392318	0.209732500699753	NA	"prevalence"	30	14
"UBA3282 sp910579395"	"Sequencing_Depth"	"Sequencing_Depth"	"Sequencing_Depth"	1.30798693791026	0	0.539847171850132	0.0153978533535079	0.207995278114862	0.0305586128191197	0.209732500699753	NA	"prevalence"	30	10
"UBA3282 sp910579735"	"Sequencing_Depth"	"Sequencing_Depth"	"Sequencing_Depth"	1.71370904623629	0	0.65751307713983	0.00915129629512651	0.207995278114862	0.0182188463663718	0.209732500699753	NA	"prevalence"	30	8
"UBA3282 sp910587095"	"Sequencing_Depth"	"Sequencing_Depth"	"Sequencing_Depth"	2.21300523175698	0	0.823949604676587	0.00723455104449647	0.207995278114862	0.0144167633601775	0.209732500699753	NA	"prevalence"	30	11
"UBA3282 sp910587715"	"Genotype"	"MUT"	"GenotypeMUT"	3.10691116281753	0	1.18759514930669	0.00889309660187286	0.207995278114862	0.0177071060365755	0.209732500699753	NA	"prevalence"	30	10
"UBA3402 sp002358555"	"Sequencing_Depth"	"Sequencing_Depth"	"Sequencing_Depth"	2.85385830993433	0	1.05542290984109	0.00685113124726061	0.207995278114862	0.013655324495154	0.209732500699753	NA	"prevalence"	30	11
"UBA3402 sp022792815"	"Sequencing_Depth"	"Sequencing_Depth"	"Sequencing_Depth"	2.50427093714869	0	0.949583901509368	0.00835861925392781	0.207995278114862	0.0166473719920235	0.209732500699753	NA	"prevalence"	30	15
"UBA3402 sp022795805"	"Genotype"	"MUT"	"GenotypeMUT"	-3.00313950182937	0	1.18075538316236	0.0109777809426632	0.207995278114862	0.0218350502109012	0.209732500699753	NA	"prevalence"	30	15
"UBA3402 sp022795805"	"Sequencing_Depth"	"Sequencing_Depth"	"Sequencing_Depth"	1.87567058237811	0	0.760244765658573	0.0136176928080752	0.207995278114862	0.0270499440587353	0.209732500699753	NA	"prevalence"	30	15
"UBA3402 sp022796015"	"Sequencing_Depth"	"Sequencing_Depth"	"Sequencing_Depth"	1.4447180531937	0	0.594393938278091	0.0150749552420419	0.207995278114862	0.0299226562085342	0.209732500699753	NA	"prevalence"	30	14
"UBA3402 sp022798105"	"Sequencing_Depth"	"Sequencing_Depth"	"Sequencing_Depth"	2.53953973219611	0	0.889418086609435	0.00429985883543184	0.207995278114862	0.00858122888485903	0.209732500699753	NA	"prevalence"	30	13
"UBA3402 sp910579515"	"Sequencing_Depth"	"Sequencing_Depth"	"Sequencing_Depth"	2.73311917929661	0	1.00955068205357	0.00678404958236873	0.207995278114862	0.0135220758360014	0.209732500699753	NA	"prevalence"	30	11
"UBA3402 sp910585645"	"Sequencing_Depth"	"Sequencing_Depth"	"Sequencing_Depth"	2.25919147599511	0	0.838718056399542	0.00706797503105977	0.207995278114862	0.0140859937910799	0.209732500699753	NA	"prevalence"	30	14
"UBA3402 sp910588505"	"Sequencing_Depth"	"Sequencing_Depth"	"Sequencing_Depth"	1.51780401925946	0	0.585059814043075	0.0094791591076564	0.207995278114862	0.0188684637579245	0.209732500699753	NA	"prevalence"	30	9
"UBA3818 sp904397845"	"Sequencing_Depth"	"Sequencing_Depth"	"Sequencing_Depth"	1.55417565651834	0	0.595128878796512	0.00901474987184839	0.207995278114862	0.0179482340284448	0.209732500699753	NA	"prevalence"	30	9
"UBA3818 sp910583935"	"Sex"	"M"	"SexM"	-3.82718874439167	0	1.5383302579697	0.0128505285775319	0.207995278114862	0.0128505285775319	0.209732500699753	NA	"prevalence"	30	8
"UBA5026 sp910586425"	"Sequencing_Depth"	"Sequencing_Depth"	"Sequencing_Depth"	1.90987337186527	0	0.73074622458912	0.00895956405209812	0.207995278114862	0.0178388543161926	0.209732500699753	NA	"prevalence"	30	14
"UBA7173 sp900555165"	"Sequencing_Depth"	"Sequencing_Depth"	"Sequencing_Depth"	2.16787682486787	0	0.79814336248107	0.00660460542405039	0.207995278114862	0.0131655900352934	0.209732500699753	NA	"prevalence"	30	12
"UBA7173 sp910585755"	"Sequencing_Depth"	"Sequencing_Depth"	"Sequencing_Depth"	2.42511209723926	0	0.958590164460397	0.0114103574628834	0.207995278114862	0.022690518668336	0.209732500699753	NA	"prevalence"	30	18
"UMGS124 sp900555105"	"Sequencing_Depth"	"Sequencing_Depth"	"Sequencing_Depth"	2.26019653282277	0	0.927652153504889	0.0148314045022505	0.207995278114862	0.0294428384449916	0.209732500699753	NA	"prevalence"	30	10
"UMGS1370 sp910586755"	"Sequencing_Depth"	"Sequencing_Depth"	"Sequencing_Depth"	1.69551285949781	0	0.6623270280528	0.010469232506021	0.207995278114862	0.0208288601827768	0.209732500699753	NA	"prevalence"	30	10
"Ventrimonas sp022799175"	"Sequencing_Depth"	"Sequencing_Depth"	"Sequencing_Depth"	1.36525838945191	0	0.56611811871062	0.0158820852366048	0.207995278114862	0.0315119298417467	0.209732500699753	NA	"prevalence"	30	9
"Ventrimonas sp910584845"	"Sequencing_Depth"	"Sequencing_Depth"	"Sequencing_Depth"	2.19908208163626	0	0.828149915292909	0.00792107871210248	0.207995278114862	0.0157794139362416	0.209732500699753	NA	"prevalence"	30	9
"Ventrimonas sp910586205"	"Sequencing_Depth"	"Sequencing_Depth"	"Sequencing_Depth"	1.8069350118474	0	0.676149732362125	0.00753133179836603	0.207995278114862	0.015005942638075	0.209732500699753	NA	"prevalence"	30	9
"Ventrimonas sp910588125"	"Sequencing_Depth"	"Sequencing_Depth"	"Sequencing_Depth"	1.43856997509866	0	0.558461130657173	0.00999640520305373	0.207995278114862	0.0198928822891238	0.209732500699753	NA	"prevalence"	30	11
"VSOB01 sp910585205"	"Sequencing_Depth"	"Sequencing_Depth"	"Sequencing_Depth"	1.80750060595096	0	0.750912417517292	0.0160809785280741	0.207995278114862	0.0160809785280741	0.209732500699753	NA	"prevalence"	30	3
"VSOB01 sp910585345"	"Sequencing_Depth"	"Sequencing_Depth"	"Sequencing_Depth"	2.35407694209605	0	0.834192158600023	0.00477275552258648	0.207995278114862	0.00952273184989458	0.209732500699753	NA	"prevalence"	30	11
"VSOB01 sp910587155"	"Sequencing_Depth"	"Sequencing_Depth"	"Sequencing_Depth"	2.87588169844204	0	1.05706269714975	0.00651566744139346	0.207995278114862	0.0129888809605801	0.209732500699753	NA	"prevalence"	30	15
"VSOB01 sp910587635"	"Sequencing_Depth"	"Sequencing_Depth"	"Sequencing_Depth"	1.4454423905748	0	0.554992794185315	0.00920260040861192	0.207995278114862	0.0183205129629433	0.209732500699753	NA	"prevalence"	30	13
"VUNA01 sp002299625"	"Sequencing_Depth"	"Sequencing_Depth"	"Sequencing_Depth"	1.31422949931313	0	0.533932649785273	0.013839042682749	0.207995278114862	0.0274865662631231	0.209732500699753	NA	"prevalence"	30	9
"W0P33-017 sp910589045"	"Sequencing_Depth"	"Sequencing_Depth"	"Sequencing_Depth"	1.82621794181022	0	0.688222200787309	0.00796547974489789	0.207995278114862	0.0158675106222294	0.209732500699753	NA	"prevalence"	30	8
"CAG-485 sp910583775"	"Sequencing_Depth"	"Sequencing_Depth"	"Sequencing_Depth"	2.18966987834155	0	0.912773363844319	0.0164435264312526	0.208116152904837	0.03261666330101	0.209735703894093	NA	"prevalence"	30	18
"CAG-873 sp900550395"	"Sequencing_Depth"	"Sequencing_Depth"	"Sequencing_Depth"	2.20808423383879	0	0.920464790035308	0.0164453197377398	0.208116152904837	0.0326201909342031	0.209735703894093	NA	"prevalence"	30	20
"MGYG000325620"	"Sequencing_Depth"	"Sequencing_Depth"	"Sequencing_Depth"	1.86711953247569	0	0.77808944982228	0.0164120690980877	0.208116152904837	0.032554782184095	0.209735703894093	NA	"prevalence"	30	17
"MGYG000326632"	"Sequencing_Depth"	"Sequencing_Depth"	"Sequencing_Depth"	2.1773291301243	0	0.907612823199758	0.0164415982567259	0.208116152904837	0.0326128703602162	0.209735703894093	NA	"prevalence"	30	21
"MGYG000329051"	"Genotype"	"MUT"	"GenotypeMUT"	-2.85015120509184	0	1.18738684646971	0.0163791313473798	0.208116152904837	0.0324899867510649	0.209735703894093	NA	"prevalence"	30	9
"MGYG000331839"	"Sequencing_Depth"	"Sequencing_Depth"	"Sequencing_Depth"	1.87297578036804	0	0.78092515318652	0.0164665903761509	0.208116152904837	0.0326620321536858	0.209735703894093	NA	"prevalence"	30	15
"CAG-485 sp002361215"	"Sex"	"M"	"SexM"	-2.90185907481395	-0.624832126159849	0.884370924429106	0.0167832224440385	0.208492379324005	0.0167832224440385	0.209732500699753	NA	"abundance"	30	28
"CAG-873 sp009775135"	"Sex"	"M"	"SexM"	-4.7711190624441	-0.624832126159849	1.58566668304307	0.0166607396153862	0.208492379324005	0.0166607396153862	0.209732500699753	NA	"abundance"	30	24
"Kineothrix sp910579645"	"Sex"	"M"	"SexM"	1.23144303060326	-0.624832126159849	0.666733985617815	0.0166922122002933	0.208492379324005	0.0331057944524469	0.210735140050016	NA	"abundance"	30	16
"MGYG000329173"	"Genotype"	"MUT"	"GenotypeMUT"	2.25435537544341	0.264802588829141	0.752389254337977	0.016685916570272	0.208492379324005	0.016685916570272	0.209732500699753	NA	"abundance"	30	22
"Nanosyncoccus sp013316435"	"Genotype"	"MUT"	"GenotypeMUT"	-2.06797508693128	0.264802588829141	0.793446356799324	0.0166105783230275	0.208492379324005	0.0166105783230275	0.209732500699753	NA	"abundance"	30	13
"Avoscillospira_A sp022795735"	"Sequencing_Depth"	"Sequencing_Depth"	"Sequencing_Depth"	1.47950417232364	0	0.618774045765421	0.0168014117721989	0.208492379324005	0.0168014117721989	0.209732500699753	NA	"prevalence"	30	4
"Bilophila sp902373525"	"Sequencing_Depth"	"Sequencing_Depth"	"Sequencing_Depth"	1.9918368403336	0	0.83179493072395	0.0166373765759501	0.208492379324005	0.0329979508525701	0.210735140050016	NA	"prevalence"	30	16
"Enterenecus sp910585265"	"Sequencing_Depth"	"Sequencing_Depth"	"Sequencing_Depth"	1.77847672050434	0	0.74303145909882	0.0166865881452312	0.208492379324005	0.0330947340665338	0.210735140050016	NA	"prevalence"	30	18
"Flavonifractor plautii"	"Sequencing_Depth"	"Sequencing_Depth"	"Sequencing_Depth"	1.28631499068003	0	0.537458365935204	0.0166962369360539	0.208492379324005	0.033113709544283	0.210735140050016	NA	"prevalence"	30	11
"Intestinimonas butyriciproducens"	"Sequencing_Depth"	"Sequencing_Depth"	"Sequencing_Depth"	1.47950417232364	0	0.618774045765421	0.0168014117721989	0.208492379324005	0.0168014117721989	0.209732500699753	NA	"prevalence"	30	4
"MGYG000327115"	"Sequencing_Depth"	"Sequencing_Depth"	"Sequencing_Depth"	1.47950417232364	0	0.618774045765421	0.0168014117721989	0.208492379324005	0.0168014117721989	0.209732500699753	NA	"prevalence"	30	4
"MGYG000350430"	"Sequencing_Depth"	"Sequencing_Depth"	"Sequencing_Depth"	1.47950417232364	0	0.618774045765421	0.0168014117721989	0.208492379324005	0.0168014117721989	0.209732500699753	NA	"prevalence"	30	4
"MGYG000402809"	"Sequencing_Depth"	"Sequencing_Depth"	"Sequencing_Depth"	1.73937610879633	0	0.726090193134439	0.0165960275554766	0.208492379324005	0.032916626980331	0.210735140050016	NA	"prevalence"	30	14
"14-2 sp910584585"	"Sex"	"M"	"SexM"	-2.03915137264353	-0.624832126159849	0.532369148395687	0.016908643505525	0.209238575970181	0.016908643505525	0.209732500699753	NA	"abundance"	30	21
"Ruminiclostridium_E sp910585505"	"Sequencing_Depth"	"Sequencing_Depth"	"Sequencing_Depth"	2.03449268480667	0	0.851591577397492	0.0168921206108204	0.209238575970181	0.0334988974829102	0.212914548670079	NA	"prevalence"	30	20
"CAG-317 sp011960265"	"Sequencing_Depth"	"Sequencing_Depth"	"Sequencing_Depth"	2.28958488168213	0	0.958910819445552	0.0169544868717377	0.209514069339901	0.0336215191183914	0.213150165097894	NA	"prevalence"	30	20
"MGYG000330030"	"Sequencing_Depth"	"Sequencing_Depth"	"Sequencing_Depth"	1.73184743521627	0	0.725570956551036	0.0169922512605287	0.209689100624719	0.0336957659181565	0.213349430203524	NA	"prevalence"	30	11
"CAG-485 sp001701295"	"Genotype"	"MUT"	"GenotypeMUT"	-1.68106348397228	0.264802588829141	0.739138163480898	0.0170568519941274	0.209918941197408	0.0170568519941274	0.209732500699753	NA	"abundance"	30	22
"MGYG000331189"	"Sex"	"M"	"SexM"	-2.24626091792436	-0.624832126159849	0.597402580220306	0.0171191273081859	0.209918941197408	0.0339451900965779	0.213818153407636	NA	"abundance"	30	18
"Acutalibacter sp003612555"	"Sequencing_Depth"	"Sequencing_Depth"	"Sequencing_Depth"	1.80846828536222	0	0.758480432042113	0.0171102123388985	0.209918941197408	0.0339276653115149	0.213818153407636	NA	"prevalence"	30	19
"CAG-485 sp014800535"	"Sequencing_Depth"	"Sequencing_Depth"	"Sequencing_Depth"	1.75149799548819	0	0.73486768442282	0.0171526337995856	0.209918941197408	0.0171526337995856	0.209732500699753	NA	"prevalence"	30	4
"Cryptobacteroides sp000431015"	"Sequencing_Depth"	"Sequencing_Depth"	"Sequencing_Depth"	1.75149799548819	0	0.73486768442282	0.0171526337995856	0.209918941197408	0.0171526337995856	0.209732500699753	NA	"prevalence"	30	4
"MGYG000325430"	"Sequencing_Depth"	"Sequencing_Depth"	"Sequencing_Depth"	1.75149799548819	0	0.73486768442282	0.0171526337995856	0.209918941197408	0.0171526337995856	0.209732500699753	NA	"prevalence"	30	4
"Kineothrix sp009911195"	"Sex"	"M"	"SexM"	-2.94319014366825	0	1.23584979189266	0.0172417655886014	0.210459898959964	0.0341862526965906	0.213818153407636	NA	"prevalence"	30	9
"MGYG000349464"	"Genotype"	"MUT"	"GenotypeMUT"	-3.59060384928497	0	1.50773279878398	0.0172442100667253	0.210459898959964	0.0172442100667253	0.209732500699753	NA	"prevalence"	30	7
"Acutalibacter sp910574935"	"Genotype"	"MUT"	"GenotypeMUT"	1.91690634156772	0.264802588829141	0.648743701265679	0.0176462269202581	0.210734847024856	0.0176462269202581	0.209732500699753	NA	"abundance"	30	29
"CAG-485 sp900554845"	"Sex"	"M"	"SexM"	-2.02859875776462	-0.624832126159849	0.542579477888576	0.017608265956622	0.210734847024856	0.0349064808832449	0.213947102387711	NA	"abundance"	30	25
"Mailhella sp910579055"	"Sex"	"M"	"SexM"	-1.99254327411868	-0.624832126159849	0.534264021119079	0.0176364045494024	0.210734847024856	0.0176364045494024	0.209732500699753	NA	"abundance"	30	28
"1XD8-76 sp003611955"	"Sequencing_Depth"	"Sequencing_Depth"	"Sequencing_Depth"	1.57605208540595	0	0.663439578467944	0.0175215160328843	0.210734847024856	0.0347360285416781	0.213818153407636	NA	"prevalence"	30	8
"CAG-603 sp910583605"	"Sequencing_Depth"	"Sequencing_Depth"	"Sequencing_Depth"	2.19199183959023	0	0.922060064160043	0.0174410028611704	0.210734847024856	0.0345778171415374	0.213818153407636	NA	"prevalence"	30	15
"CAG-873 sp900555715"	"Sequencing_Depth"	"Sequencing_Depth"	"Sequencing_Depth"	1.88874049397416	0	0.795447606187993	0.0175757193170885	0.210734847024856	0.0348425327246639	0.213818153407636	NA	"prevalence"	30	15
"CAG-873 sp905202215"	"Sequencing_Depth"	"Sequencing_Depth"	"Sequencing_Depth"	1.88874049397416	0	0.795447606187993	0.0175757193170885	0.210734847024856	0.0348425327246639	0.213818153407636	NA	"prevalence"	30	15
"CAG-873 sp910584495"	"Sequencing_Depth"	"Sequencing_Depth"	"Sequencing_Depth"	1.88874049397416	0	0.795447606187993	0.0175757193170885	0.210734847024856	0.0348425327246639	0.213818153407636	NA	"prevalence"	30	15
"CAG-95 sp910585005"	"Sequencing_Depth"	"Sequencing_Depth"	"Sequencing_Depth"	2.32260859853599	0	0.976288413039666	0.0173587853302844	0.210734847024856	0.0344162432324259	0.213818153407636	NA	"prevalence"	30	20
"MGYG000325316"	"Sequencing_Depth"	"Sequencing_Depth"	"Sequencing_Depth"	1.51608736985088	0	0.637185849500498	0.0173432576501935	0.210734847024856	0.034385726714466	0.213818153407636	NA	"prevalence"	30	10
"MGYG000325657"	"Sequencing_Depth"	"Sequencing_Depth"	"Sequencing_Depth"	1.56986345392351	0	0.661490826123405	0.0176337431338206	0.210734847024856	0.0349565373707317	0.213990694985695	NA	"prevalence"	30	5
"MGYG000329428"	"Sequencing_Depth"	"Sequencing_Depth"	"Sequencing_Depth"	1.44987342669003	0	0.609771177459773	0.0174194048391638	0.210734847024856	0.0345353740133768	0.213818153407636	NA	"prevalence"	30	18
"Odoribacter sp910588375"	"Sequencing_Depth"	"Sequencing_Depth"	"Sequencing_Depth"	1.16316139006879	0	0.489598194202594	0.0175134714055535	0.210734847024856	0.0347202211304339	0.213818153407636	NA	"prevalence"	30	8
"Paralachnospira_A sp910579325"	"Sequencing_Depth"	"Sequencing_Depth"	"Sequencing_Depth"	1.53538190124287	0	0.645453253670175	0.0173707247896878	0.210734847024856	0.0344397074996565	0.213818153407636	NA	"prevalence"	30	12
"UBA7173 sp910579105"	"Sequencing_Depth"	"Sequencing_Depth"	"Sequencing_Depth"	1.88874049397416	0	0.795447606187993	0.0175757193170885	0.210734847024856	0.0348425327246639	0.213818153407636	NA	"prevalence"	30	15
"UMGS1502 sp900552365"	"Sequencing_Depth"	"Sequencing_Depth"	"Sequencing_Depth"	1.57605208540595	0	0.663439578467944	0.0175215160328843	0.210734847024856	0.0347360285416781	0.213818153407636	NA	"prevalence"	30	8
"MGYG000328451"	"Genotype"	"MUT"	"GenotypeMUT"	-0.892717407623883	0.264802588829141	0.441042168088748	0.0176701295082475	0.210737047893664	0.0350280255396568	0.214165216274982	NA	"abundance"	30	22
"MGYG000325457"	"Sequencing_Depth"	"Sequencing_Depth"	"Sequencing_Depth"	1.26770127438324	0	0.534854134824575	0.0177793640622109	0.21175556259081	0.0352426223379652	0.214605825747453	NA	"prevalence"	30	8
"MGYG000387050"	"Sequencing_Depth"	"Sequencing_Depth"	"Sequencing_Depth"	-0.969677131274979	-0.499110588055241	0.144718073380652	0.017946318183661	0.211757021330449	0.0225662267777644	0.209732500699753	NA	"abundance"	30	10
"Paramuribaculum sp009775605"	"Genotype"	"MUT"	"GenotypeMUT"	-1.06871569915959	0.264802588829141	0.512497875936922	0.0178865426434044	0.211757021330449	0.0354531568790745	0.214605825747453	NA	"abundance"	30	23
"Acutalibacter sp910580045"	"Sequencing_Depth"	"Sequencing_Depth"	"Sequencing_Depth"	1.335812231337	0	0.564208101606501	0.0179044700858312	0.211757021330449	0.0354883701226079	0.214605825747453	NA	"prevalence"	30	12
"CAG-485 sp014801815"	"Sequencing_Depth"	"Sequencing_Depth"	"Sequencing_Depth"	1.50823091710414	0	0.637237524179258	0.0179413217133594	0.211757021330449	0.0355607524018965	0.214605825747453	NA	"prevalence"	30	15
"Dysosmobacter sp022801815"	"Sequencing_Depth"	"Sequencing_Depth"	"Sequencing_Depth"	1.51543177514108	0	0.639979271225348	0.017887492415243	0.211757021330449	0.0354550224455806	0.214605825747453	NA	"prevalence"	30	19
"Eubacterium_J sp910579075"	"Sequencing_Depth"	"Sequencing_Depth"	"Sequencing_Depth"	2.60798029854862	0	1.10191095555161	0.0179436180786197	0.211757021330449	0.0355652627274881	0.214605825747453	NA	"prevalence"	30	22
"MGYG000411571"	"Genotype"	"MUT"	"GenotypeMUT"	3.61598959657885	0	1.52697214987169	0.0178807517717247	0.211757021330449	0.0178807517717247	0.209732500699753	NA	"prevalence"	30	6
"Bacteroides faecis"	"Sequencing_Depth"	"Sequencing_Depth"	"Sequencing_Depth"	2.30795040586857	0	0.975907593248448	0.0180336157387117	0.212223411706561	0.0357420201808119	0.214605825747453	NA	"prevalence"	30	14
"MGYG000325468"	"Sequencing_Depth"	"Sequencing_Depth"	"Sequencing_Depth"	1.21823037033229	0	0.515084310714697	0.01802478099427	0.212223411706561	0.0357246692586485	0.214605825747453	NA	"prevalence"	30	6
"Paratractidigestivibacter sp900540955"	"Sequencing_Depth"	"Sequencing_Depth"	"Sequencing_Depth"	2.12215962179231	0	0.897554229220639	0.0180602579874816	0.212255809813194	0.0357943430563889	0.214605825747453	NA	"prevalence"	30	11
"C-19 sp910576345"	"Sequencing_Depth"	"Sequencing_Depth"	"Sequencing_Depth"	1.16260004367205	0	0.49206186307303	0.018141804122553	0.212371448786407	0.011350691269406	0.209732500699753	NA	"prevalence"	30	10
"Dysosmobacter sp022797935"	"Sequencing_Depth"	"Sequencing_Depth"	"Sequencing_Depth"	1.73472875226394	0	0.734199041746977	0.0181399041484344	0.212371448786407	0.0359507521743545	0.214605825747453	NA	"prevalence"	30	15
"MGYG000410955"	"Sequencing_Depth"	"Sequencing_Depth"	"Sequencing_Depth"	1.20160266512055	0	0.508391206738586	0.018101300112709	0.212371448786407	0.0358749431596477	0.214605825747453	NA	"prevalence"	30	10
"Gemmiger formicilis"	"Sex"	"M"	"SexM"	0.286928587481292	-0.624832126159849	0.232295635197768	0.0183046244659026	0.213134815778855	0.0362741896549676	0.214605825747453	NA	"abundance"	30	8
"Acetatifactor sp910579755"	"Sequencing_Depth"	"Sequencing_Depth"	"Sequencing_Depth"	1.46123135703051	0	0.619198839579116	0.0182811339376652	0.213134815778855	0.0362280680172836	0.214605825747453	NA	"prevalence"	30	16
"MGYG000323124"	"Sex"	"M"	"SexM"	-2.65974934285897	0	1.12751631350533	0.018326955459206	0.213134815778855	0.0363180336220082	0.214605825747453	NA	"prevalence"	30	9
"MGYG000325680"	"Sequencing_Depth"	"Sequencing_Depth"	"Sequencing_Depth"	1.24551959650458	0	0.52775823630541	0.0182739868275621	0.213134815778855	0.0362140350605504	0.214605825747453	NA	"prevalence"	30	7
"UBA7185 sp910585405"	"Sex"	"M"	"SexM"	3.49032638360907	0	1.47870172310718	0.0182552780729712	0.213134815778855	0.0182552780729712	0.209732500699753	NA	"prevalence"	30	8
"Blautia hominis"	"Sequencing_Depth"	"Sequencing_Depth"	"Sequencing_Depth"	1.19057203140829	0	0.504894911334924	0.0183707688405779	0.213365073396777	0.0364040525333619	0.214605825747453	NA	"prevalence"	30	9
"1XD42-69 sp910577065"	"Sex"	"M"	"SexM"	0.435082471845733	-0.624832126159849	0.390695033804327	0.0183983915980109	0.213406931264135	0.0364582823826281	0.214605825747453	NA	"abundance"	30	17
"MGYG000345714"	"Genotype"	"MUT"	"GenotypeMUT"	1.34357653713717	0.264802588829141	0.402589601551266	0.0185396321659168	0.213441964501546	0.0185396321659168	0.209732500699753	NA	"abundance"	30	18
"Duncaniella sp014801945"	"Sequencing_Depth"	"Sequencing_Depth"	"Sequencing_Depth"	1.5777751582947	0	0.670098543660585	0.0185455482943381	0.213441964501546	0.0367471592271385	0.214605825747453	NA	"prevalence"	30	17
"MGYG000325391"	"Sequencing_Depth"	"Sequencing_Depth"	"Sequencing_Depth"	1.22800093906513	0	0.521161281398951	0.0184590900886601	0.213441964501546	0.036577442170419	0.214605825747453	NA	"prevalence"	30	9
"MGYG000325456"	"Sequencing_Depth"	"Sequencing_Depth"	"Sequencing_Depth"	1.5777751582947	0	0.670098543660585	0.0185455482943381	0.213441964501546	0.0367471592271385	0.214605825747453	NA	"prevalence"	30	17
"MGYG000330154"	"Sequencing_Depth"	"Sequencing_Depth"	"Sequencing_Depth"	1.22343778876458	0	0.519286290800543	0.0184729859159989	0.213441964501546	0.0366047206233451	0.214605825747453	NA	"prevalence"	30	5
"UBA3263 sp014801955"	"Sequencing_Depth"	"Sequencing_Depth"	"Sequencing_Depth"	1.5777751582947	0	0.670098543660585	0.0185455482943381	0.213441964501546	0.0367471592271385	0.214605825747453	NA	"prevalence"	30	17
"Acetatifactor sp910577185"	"Sequencing_Depth"	"Sequencing_Depth"	"Sequencing_Depth"	1.73381396666188	0	0.736964092570173	0.0186404832218142	0.21346885219561	0.0369334988288857	0.214605825747453	NA	"prevalence"	30	16
"CAG-510 sp910577015"	"Sex"	"M"	"SexM"	-2.62628602166187	0	1.11571655524219	0.0185775712576043	0.21346885219561	0.0368100163613773	0.214605825747453	NA	"prevalence"	30	9
"MGYG000325371"	"Sequencing_Depth"	"Sequencing_Depth"	"Sequencing_Depth"	1.73381396666188	0	0.736964092570173	0.0186404832218142	0.21346885219561	0.0369334988288857	0.214605825747453	NA	"prevalence"	30	16
"MGYG000329835"	"Sequencing_Depth"	"Sequencing_Depth"	"Sequencing_Depth"	1.43781534998505	0	0.611166937126084	0.0186439875412261	0.21346885219561	0.0369403768110147	0.214605825747453	NA	"prevalence"	30	11
"Faecalibaculum sp910588395"	"Sex"	"M"	"SexM"	0.113791236737051	-0.624832126159849	0.289279017793814	0.0187138909109641	0.213577044834703	0.0370775721089007	0.214605825747453	NA	"abundance"	30	28
"Avoscillospira_A sp022792945"	"Sequencing_Depth"	"Sequencing_Depth"	"Sequencing_Depth"	2.95883257829118	0	1.25840736677031	0.0187103678429089	0.213577044834703	0.0370706578210009	0.214605825747453	NA	"prevalence"	30	17
"Evtepia sp910578575"	"Sex"	"M"	"SexM"	-2.71441065369211	0	1.15463082535521	0.0187285437185697	0.213577044834703	0.037106329087321	0.214605825747453	NA	"prevalence"	30	9
"Pelethomonas sp022797115"	"Sequencing_Depth"	"Sequencing_Depth"	"Sequencing_Depth"	1.14882806805591	0	0.488764716409336	0.0187495886292705	0.213577044834703	0.0371476301847741	0.214605825747453	NA	"prevalence"	30	8
"Bacteroides nordii"	"Genotype"	"MUT"	"GenotypeMUT"	1.68832779004854	0.264802588829141	0.550219084963382	0.0189603243791436	0.213784875772451	0.0375611548577249	0.215134752478211	NA	"abundance"	30	22
"MGYG000325446"	"Genotype"	"MUT"	"GenotypeMUT"	-0.853717220043326	0.264802588829141	0.388947826641245	0.0188706682928128	0.213784875772451	0.0373852344638083	0.215116193225354	NA	"abundance"	30	13
"RGIG4284 sp910576205"	"Sex"	"M"	"SexM"	-2.01940448014559	-0.624832126159849	0.548573633036794	0.018929746614857	0.213784875772451	0.018929746614857	0.209732500699753	NA	"abundance"	30	26
"CAG-485 sp910585275"	"Sex"	"M"	"SexM"	-2.34774924221218	0	1.00045068238701	0.0189409235212154	0.213784875772451	0.0375230884585943	0.215134752478211	NA	"prevalence"	30	20
"Eggerthella lenta"	"Sex"	"M"	"SexM"	-4.11846481368441	0	1.75396166771122	0.0188698178232604	0.213784875772451	0.0128475051558195	0.209732500699753	NA	"prevalence"	30	18
"MGYG000324257"	"Sequencing_Depth"	"Sequencing_Depth"	"Sequencing_Depth"	1.35208381711573	0	0.575649790611391	0.0188342320489032	0.213784875772451	0.0373137358009345	0.214953000573476	NA	"prevalence"	30	15
"MGYG000324324"	"Sequencing_Depth"	"Sequencing_Depth"	"Sequencing_Depth"	1.55505786953981	0	0.662606953335439	0.0189314379967021	0.213784875772451	0.0375044766487812	0.215134752478211	NA	"prevalence"	30	15
"MGYG000329177"	"Sequencing_Depth"	"Sequencing_Depth"	"Sequencing_Depth"	1.2517338110956	0	0.532850015412638	0.0188173494642529	0.213784875772451	0.037280606287646	0.214953000573476	NA	"prevalence"	30	10
"Adlercreutzia muris"	"Sex"	"M"	"SexM"	-3.75819307069183	-0.624832126159849	1.24205557433713	0.0190715795540317	0.214014631129964	0.0190715795540317	0.209732500699753	NA	"abundance"	30	27
"Enterenecus sp910588625"	"Sequencing_Depth"	"Sequencing_Depth"	"Sequencing_Depth"	0.0587390403268513	-0.499110588055241	0.221894623262615	0.019028928062123	0.214014631129964	0.0376957560210525	0.215657809704827	NA	"abundance"	30	29
"MGYG000324774"	"Sequencing_Depth"	"Sequencing_Depth"	"Sequencing_Depth"	1.2009869176435	0	0.512567365344335	0.0191252242112765	0.214014631129964	0.0378846742214214	0.215747807594677	NA	"prevalence"	30	7
"MGYG000325660"	"Genotype"	"MUT"	"GenotypeMUT"	-2.76314783072137	0	1.17884388929471	0.0190808724979301	0.214014631129964	0.037797665300578	0.215747807594677	NA	"prevalence"	30	20
"Pelethomonas sp009774055"	"Sequencing_Depth"	"Sequencing_Depth"	"Sequencing_Depth"	1.36090991549612	0	0.580668372704212	0.0190937470644667	0.214014631129964	0.0378229229519715	0.215747807594677	NA	"prevalence"	30	13
"RGIG4057 sp910579615"	"Sequencing_Depth"	"Sequencing_Depth"	"Sequencing_Depth"	1.2009869176435	0	0.512567365344335	0.0191252242112765	0.214014631129964	0.0378846742214214	0.215747807594677	NA	"prevalence"	30	7
"MD308 sp910586965"	"Sequencing_Depth"	"Sequencing_Depth"	"Sequencing_Depth"	2.50807141681284	0	1.07117321250896	0.01921030069412	0.214696253669505	0.0380515657354815	0.216204050239343	NA	"prevalence"	30	21
"CAG-485 sp002361155"	"Genotype"	"MUT"	"GenotypeMUT"	-1.39591724114681	0.264802588829141	0.661887057656312	0.0194840903566251	0.214902187404697	0.0194840903566251	0.209732500699753	NA	"abundance"	30	28
"MGYG000322966"	"Sex"	"M"	"SexM"	-1.75655758131469	-0.624832126159849	0.425701810384289	0.0194131457593071	0.214902187404697	0.0194131457593071	0.209732500699753	NA	"abundance"	30	18
"Sporofaciens sp910574715"	"Genotype"	"MUT"	"GenotypeMUT"	2.35312631266332	0.264802588829141	0.835801914613714	0.019556619967358	0.214902187404697	0.019556619967358	0.209732500699753	NA	"abundance"	30	29
"Anaerocaecibacter sp910579205"	"Sequencing_Depth"	"Sequencing_Depth"	"Sequencing_Depth"	1.18851782560329	0	0.509006434042523	0.0195446726610445	0.214902187404697	0.0387073510926616	0.216292850780055	NA	"prevalence"	30	6
"Bacteroides bouchesdurhonensis"	"Sequencing_Depth"	"Sequencing_Depth"	"Sequencing_Depth"	1.43465008622939	0	0.614192309119703	0.0194999960332361	0.214902187404697	0.0386197422211761	0.216292850780055	NA	"prevalence"	30	10
"Bifidobacterium adolescentis"	"Sequencing_Depth"	"Sequencing_Depth"	"Sequencing_Depth"	1.49569112692112	0	0.640400308885571	0.0195143661075676	0.214902187404697	0.038647921730555	0.216292850780055	NA	"prevalence"	30	17
"CACZQA01 sp900758075"	"Sequencing_Depth"	"Sequencing_Depth"	"Sequencing_Depth"	1.18851782560329	0	0.509006434042523	0.0195446726610445	0.214902187404697	0.0387073510926616	0.216292850780055	NA	"prevalence"	30	6
"D16-34 sp910577495"	"Sequencing_Depth"	"Sequencing_Depth"	"Sequencing_Depth"	1.68228354405788	0	0.718869252279007	0.0192744408978549	0.214902187404697	0.0381773777237849	0.216292850780055	NA	"prevalence"	30	14
"Eggerthella lenta"	"Genotype"	"MUT"	"GenotypeMUT"	-3.75999844930871	0	1.60735829909317	0.0193229638078938	0.214902187404697	0.0382725506854664	0.216292850780055	NA	"prevalence"	30	18
"MGBC164599 sp910587105"	"Sequencing_Depth"	"Sequencing_Depth"	"Sequencing_Depth"	1.5239746699473	0	0.652224468493458	0.0194610316939079	0.214902187404697	0.0385433316332245	0.216292850780055	NA	"prevalence"	30	14
"MGYG000325584"	"Sequencing_Depth"	"Sequencing_Depth"	"Sequencing_Depth"	1.24266160964101	0	0.532293474453059	0.0195673460450647	0.214902187404697	0.0387518110588822	0.216292850780055	NA	"prevalence"	30	8
"MGYG000331189"	"Sex"	"M"	"SexM"	-2.48679648850854	0	1.06490162221628	0.0195311011521151	0.214902187404697	0.0339451900965779	0.213818153407636	NA	"prevalence"	30	18
"MGYG000410984"	"Sequencing_Depth"	"Sequencing_Depth"	"Sequencing_Depth"	2.38733529181646	0	1.0218574978809	0.0194771600046589	0.214902187404697	0.0385749602474706	0.216292850780055	NA	"prevalence"	30	14
"Odoribacter sp910578105"	"Sequencing_Depth"	"Sequencing_Depth"	"Sequencing_Depth"	1.64435187196459	0	0.70299565211819	0.0193321178013581	0.214902187404697	0.0382905048240306	0.216292850780055	NA	"prevalence"	30	16
"Coproplasma sp910579525"	"Genotype"	"MUT"	"GenotypeMUT"	-1.14629459804262	0.264802588829141	0.561361195223371	0.0196936699306709	0.214961004095837	0.0389994992260036	0.216292850780055	NA	"abundance"	30	27
"Dysosmobacter sp910579435"	"Sequencing_Depth"	"Sequencing_Depth"	"Sequencing_Depth"	1.38207072864136	0	0.592425531230683	0.0196532874454198	0.214961004095837	0.0389203231834272	0.216292850780055	NA	"prevalence"	30	17
"Gordonibacter pamelaeae"	"Sequencing_Depth"	"Sequencing_Depth"	"Sequencing_Depth"	2.08446233781711	0	0.893627396538211	0.0196699089183396	0.214961004095837	0.0389529125198235	0.216292850780055	NA	"prevalence"	30	17
"MGYG000337810"	"Sex"	"M"	"SexM"	-3.46767765330431	0	1.4867172923673	0.0196775992997259	0.214961004095837	0.0389679906852512	0.216292850780055	NA	"prevalence"	30	18
"RGIG8773 sp910584715"	"Sequencing_Depth"	"Sequencing_Depth"	"Sequencing_Depth"	2.38650340047483	0	1.02310959510632	0.019669253749913	0.214961004095837	0.0389516279567475	0.216292850780055	NA	"prevalence"	30	19
"MGYG000405972"	"Sequencing_Depth"	"Sequencing_Depth"	"Sequencing_Depth"	0.952161243878571	-0.499110588055241	0.460910878981708	0.0199023039205388	0.215875062884693	0.0281527864300234	0.209732500699753	NA	"abundance"	30	10
"CAG-95 sp009774465"	"Sequencing_Depth"	"Sequencing_Depth"	"Sequencing_Depth"	1.12820872663361	0	0.484434748582382	0.0198634188271298	0.215875062884693	0.0393322822467576	0.217156081204243	NA	"prevalence"	30	7
"D16-34 sp910588485"	"Sequencing_Depth"	"Sequencing_Depth"	"Sequencing_Depth"	1.57203027887462	0	0.675088101621491	0.0198786853473645	0.215875062884693	0.0393622085635895	0.217156081204243	NA	"prevalence"	30	11
"MGBC118957 sp910584385"	"Sequencing_Depth"	"Sequencing_Depth"	"Sequencing_Depth"	3.10056215789757	0	1.33135205321597	0.0198653048012773	0.215875062884693	0.0393359792677069	0.217156081204243	NA	"prevalence"	30	23
"MGYG000325010"	"Sequencing_Depth"	"Sequencing_Depth"	"Sequencing_Depth"	1.66890864559776	0	0.716949445453457	0.0199231909471523	0.215875062884693	0.0394494483567879	0.217193002028663	NA	"prevalence"	30	16
"MGYG000325435"	"Sequencing_Depth"	"Sequencing_Depth"	"Sequencing_Depth"	1.19762094717564	0	0.514374139717269	0.019895804050921	0.215875062884693	0.0393957650830093	0.217156081204243	NA	"prevalence"	30	9
"Acutalibacter sp009917445"	"Genotype"	"MUT"	"GenotypeMUT"	-1.39592195031906	0.264802588829141	0.653352796265734	0.0202051885706522	0.215929950124117	0.0400021274961289	0.217356124342773	NA	"abundance"	30	23
"Caccovicinus sp910584785"	"Genotype"	"MUT"	"GenotypeMUT"	3.09316196790083	0.264802588829141	1.10336491815767	0.0202237877481194	0.215929950124117	0.0202237877481194	0.209732500699753	NA	"abundance"	30	21
"MGBC163016 sp910585565"	"Genotype"	"MUT"	"GenotypeMUT"	-0.807197285743794	0.264802588829141	0.420058967700729	0.0200707198549046	0.215929950124117	0.0397386059143152	0.217193002028663	NA	"abundance"	30	23
"Bacteroides intestinalis"	"Sequencing_Depth"	"Sequencing_Depth"	"Sequencing_Depth"	1.92910211317845	0	0.831297176211018	0.0203088395109271	0.215929950124117	0.0402052300595736	0.217356124342773	NA	"prevalence"	30	17
"CAG-485 sp014803765"	"Sequencing_Depth"	"Sequencing_Depth"	"Sequencing_Depth"	1.24972893424742	0	0.538324108909899	0.0202589212349907	0.215929950124117	0.0401074185803759	0.217356124342773	NA	"prevalence"	30	7
"CAG-873 sp910587545"	"Sequencing_Depth"	"Sequencing_Depth"	"Sequencing_Depth"	2.10767988092751	0	0.908559625966331	0.0203515048595748	0.215929950124117	0.0402888259691003	0.217356124342773	NA	"prevalence"	30	19
"Kineothrix sp910576535"	"Genotype"	"MUT"	"GenotypeMUT"	-2.58446252087149	0	1.11237849710771	0.0201594921681586	0.215929950124117	0.0399125792118391	0.217356124342773	NA	"prevalence"	30	22
"Mailhella excrementigallinarum"	"Sequencing_Depth"	"Sequencing_Depth"	"Sequencing_Depth"	2.19057048801668	0	0.941664897090222	0.0200039426024505	0.215929950124117	0.0396077274852588	0.217193002028663	NA	"prevalence"	30	20
"Merdisoma sp910574475"	"Sequencing_Depth"	"Sequencing_Depth"	"Sequencing_Depth"	2.09110994577919	0	0.899449344873597	0.0200784875341063	0.215929950124117	0.0397538294065554	0.217193002028663	NA	"prevalence"	30	21
"MGBC114844 sp910585255"	"Sequencing_Depth"	"Sequencing_Depth"	"Sequencing_Depth"	1.27356675698857	0	0.549059752865729	0.0203657060443455	0.215929950124117	0.0403166501060063	0.217356124342773	NA	"prevalence"	30	11
"MGYG000325436"	"Sequencing_Depth"	"Sequencing_Depth"	"Sequencing_Depth"	2.34669688621339	0	1.00954527060119	0.020098239375148	0.215929950124117	0.0397925395243152	0.217193002028663	NA	"prevalence"	30	19
"MGYG000329348"	"Sequencing_Depth"	"Sequencing_Depth"	"Sequencing_Depth"	1.44881020953157	0	0.624560430875484	0.0203556056513857	0.215929950124117	0.0402968606213367	0.217356124342773	NA	"prevalence"	30	14
"MGYG000330157"	"Sequencing_Depth"	"Sequencing_Depth"	"Sequencing_Depth"	1.27356675698857	0	0.549059752865729	0.0203657060443455	0.215929950124117	0.0403166501060063	0.217356124342773	NA	"prevalence"	30	11
"MGYG000330180"	"Sequencing_Depth"	"Sequencing_Depth"	"Sequencing_Depth"	1.27356675698857	0	0.549059752865729	0.0203657060443455	0.215929950124117	0.0403166501060063	0.217356124342773	NA	"prevalence"	30	11
"Paralachnospira sp022800815"	"Sequencing_Depth"	"Sequencing_Depth"	"Sequencing_Depth"	1.65664624885898	0	0.71193560521012	0.0199673514491812	0.215929950124117	0.0395360077744674	0.217193002028663	NA	"prevalence"	30	14
"Paratractidigestivibacter sp900540955"	"Sex"	"M"	"SexM"	-2.89249420504353	0	1.24435765925062	0.0200993643746614	0.215929950124117	0.0397947443010575	0.217193002028663	NA	"prevalence"	30	11
"UBA7173 sp900548705"	"Sequencing_Depth"	"Sequencing_Depth"	"Sequencing_Depth"	2.34669688621339	0	1.00954527060119	0.020098239375148	0.215929950124117	0.0397925395243152	0.217193002028663	NA	"prevalence"	30	19
"Zag111 sp910584405"	"Sequencing_Depth"	"Sequencing_Depth"	"Sequencing_Depth"	1.12130563145739	0	0.482745701440735	0.0201916898246914	0.215929950124117	0.0399756753114063	0.217356124342773	NA	"prevalence"	30	9
"Escherichia coli"	"Sex"	"M"	"SexM"	2.19510655041691	0	0.94658074871353	0.0203958500780292	0.215991809229189	0.040375709455653	0.217356124342773	NA	"prevalence"	30	16
"MGYG000392954"	"Genotype"	"MUT"	"GenotypeMUT"	-1.60077382432774	0.264802588829141	0.749034709283481	0.0205867884098452	0.21723707247206	0.0205867884098452	0.209732500699753	NA	"abundance"	30	27
"Coproplasma sp910578195"	"Sex"	"M"	"SexM"	3.3403307560114	0	1.44246663018478	0.0205742460739287	0.21723707247206	0.0407251925463468	0.218618643582749	NA	"prevalence"	30	12
"Senegalimassilia faecalis"	"Sequencing_Depth"	"Sequencing_Depth"	"Sequencing_Depth"	1.52653384181959	0	0.659101398657032	0.0205537127092714	0.21723707247206	0.0406849703124076	0.218618643582749	NA	"prevalence"	30	13
"MGYG000325310"	"Sex"	"M"	"SexM"	-3.53730336000369	0	1.52827352910983	0.0206362146728951	0.217267232932939	0.0408465759897645	0.218858589416125	NA	"prevalence"	30	23
"QAKD01 sp022793975"	"Sequencing_Depth"	"Sequencing_Depth"	"Sequencing_Depth"	1.6618914261855	0	0.718024793753689	0.0206385531339787	0.217267232932939	0.0206385531339787	0.209732500699753	NA	"prevalence"	30	4
"CAG-510 sp910577105"	"Sequencing_Depth"	"Sequencing_Depth"	"Sequencing_Depth"	1.71471744890324	0	0.741236312997674	0.0207050028599463	0.217507531594402	0.0409813085764621	0.219156788269111	NA	"prevalence"	30	18
"MGYG000327182"	"Sequencing_Depth"	"Sequencing_Depth"	"Sequencing_Depth"	1.36035015453407	0	0.588075473011169	0.020710340093288	0.217507531594402	0.0409917619997964	0.219156788269111	NA	"prevalence"	30	9
"Acetatifactor sp910588225"	"Sequencing_Depth"	"Sequencing_Depth"	"Sequencing_Depth"	1.23568244223156	0	0.534582921119981	0.0208058703291725	0.217511235648424	0.0411788564181907	0.219224617021201	NA	"prevalence"	30	5
"CAJUPY01 sp014802535"	"Sequencing_Depth"	"Sequencing_Depth"	"Sequencing_Depth"	1.09394955103222	0	0.473192252234626	0.0207859459470752	0.217511235648424	0.0411398363452358	0.219224617021201	NA	"prevalence"	30	11
"Lachnoclostridium_B sp910584265"	"Sex"	"M"	"SexM"	-2.594963459942	0	1.12203352888251	0.0207373484581543	0.217511235648424	0.0410446592952337	0.219156788269111	NA	"prevalence"	30	18
"Marseille-P3106 sp905219705"	"Sequencing_Depth"	"Sequencing_Depth"	"Sequencing_Depth"	1.34300386740831	0	0.581247896049465	0.0208575771268944	0.217511235648424	0.0208575771268944	0.209732500699753	NA	"prevalence"	30	5
"MGYG000325610"	"Sequencing_Depth"	"Sequencing_Depth"	"Sequencing_Depth"	1.34300386740831	0	0.581247896049465	0.0208575771268944	0.217511235648424	0.0208575771268944	0.209732500699753	NA	"prevalence"	30	5
"MGYG000331207"	"Sequencing_Depth"	"Sequencing_Depth"	"Sequencing_Depth"	1.34300386740831	0	0.581247896049465	0.0208575771268944	0.217511235648424	0.0208575771268944	0.209732500699753	NA	"prevalence"	30	5
"Coproplasma stercorigallinarum"	"Sequencing_Depth"	"Sequencing_Depth"	"Sequencing_Depth"	1.16704686363969	0	0.505295046020366	0.0209083986973742	0.217785606595744	0.04137963625866	0.219408566715473	NA	"prevalence"	30	7
"Caccovicinus sp910585635"	"Sequencing_Depth"	"Sequencing_Depth"	"Sequencing_Depth"	1.37459828420651	0	0.595483129443886	0.020978296148651	0.217785912690415	0.0415165033880015	0.219408566715473	NA	"prevalence"	30	15
"MGYG000330830"	"Sex"	"M"	"SexM"	3.2307474664774	0	1.39910071572389	0.0209347020097247	0.217785912690415	0.0209347020097247	0.209732500699753	NA	"prevalence"	30	8
"MGYG000369368"	"Genotype"	"MUT"	"GenotypeMUT"	-3.26934206034989	0	1.41640847938027	0.0209884858574154	0.217785912690415	0.0209884858574154	0.209732500699753	NA	"prevalence"	30	6
"UBA11524 sp000437595"	"Sequencing_Depth"	"Sequencing_Depth"	"Sequencing_Depth"	1.56820614019757	0	0.67950423613626	0.0210064746399196	0.217785912690415	0.0415716773030416	0.219408566715473	NA	"prevalence"	30	18
"Sporofaciens sp910584575"	"Sequencing_Depth"	"Sequencing_Depth"	"Sequencing_Depth"	1.49132028233767	0	0.646324216147295	0.0210332390862607	0.217809241586744	0.0416240810260616	0.219408566715473	NA	"prevalence"	30	14
"UBA3282 sp910584725"	"Sequencing_Depth"	"Sequencing_Depth"	"Sequencing_Depth"	3.06266343086976	0	1.32811970957349	0.021109816969607	0.218347757595993	0.0417740095667237	0.219809809578653	NA	"prevalence"	30	23
"MGBC120929 sp910583735"	"Sex"	"M"	"SexM"	-1.87986827452162	0	0.815411621570333	0.021142924262498	0.218435909386389	0.0418388252786263	0.219918635404425	NA	"prevalence"	30	12
"Bacteroides nordii"	"Genotype"	"MUT"	"GenotypeMUT"	2.71537740024697	0	1.17831656381085	0.0211971202445939	0.218510192756423	0.0375611548577249	0.215134752478211	NA	"prevalence"	30	22
"Copromonas sp910575275"	"Sequencing_Depth"	"Sequencing_Depth"	"Sequencing_Depth"	1.96004928681462	0	0.850562248976562	0.0211993006365826	0.218510192756423	0.0419491909256851	0.219934005248547	NA	"prevalence"	30	21
"Acetatifactor sp910578215"	"Genotype"	"MUT"	"GenotypeMUT"	3.97954355925596	0	1.7275354168814	0.0212453364064523	0.218515163123833	0.0420393084938812	0.219934005248547	NA	"prevalence"	30	10
"CAG-485 sp001701295"	"Sex"	"M"	"SexM"	-3.13512254491955	0	1.36169109214725	0.0213140742613854	0.218515163123833	0.0421738587611509	0.219934005248547	NA	"prevalence"	30	22
"CAG-485 sp910588245"	"Sex"	"M"	"SexM"	-3.13512254491955	0	1.36169109214725	0.0213140742613854	0.218515163123833	0.0421738587611509	0.219934005248547	NA	"prevalence"	30	22
"MGYG000329046"	"Sequencing_Depth"	"Sequencing_Depth"	"Sequencing_Depth"	1.2313404463686	0	0.534704297720784	0.0212876363588296	0.218515163123833	0.0264236643629131	0.209732500699753	NA	"prevalence"	30	10
"MGYG000360698"	"Genotype"	"MUT"	"GenotypeMUT"	3.52784837921168	0	1.53252726328926	0.0213362533590298	0.218515163123833	0.0422172710106588	0.219934005248547	NA	"prevalence"	30	10
"UBA3402 sp910585435"	"Sequencing_Depth"	"Sequencing_Depth"	"Sequencing_Depth"	1.16142053807491	0	0.504574034008814	0.0213473451425422	0.218515163123833	0.0422389811404495	0.219934005248547	NA	"prevalence"	30	11
"Avidehalobacter sp022797295"	"Genotype"	"MUT"	"GenotypeMUT"	1.32988106493857	0.264802588829141	0.42463416097623	0.0214069509317779	0.21887314042445	0.0423556443153603	0.220218186466925	NA	"abundance"	30	24
"CAG-95 sp910585075"	"Sequencing_Depth"	"Sequencing_Depth"	"Sequencing_Depth"	1.10613426383841	0	0.481160874789692	0.0215113823064206	0.219538692643423	0.0425600250441082	0.220327009493113	NA	"prevalence"	30	10
"MGYG000326933"	"Sequencing_Depth"	"Sequencing_Depth"	"Sequencing_Depth"	1.08164766511067	0	0.470545691827015	0.0215214632855848	0.219538692643423	0.0425797531892169	0.220327009493113	NA	"prevalence"	30	10
"Enterenecus sp910587205"	"Sequencing_Depth"	"Sequencing_Depth"	"Sequencing_Depth"	1.78592907747841	0	0.777079395057989	0.0215470990334436	0.219548136367141	0.0426299205901302	0.220357774170766	NA	"prevalence"	30	19
"CAG-475 sp910577815"	"Sex"	"M"	"SexM"	0.628920402609525	-0.624832126159849	0.503026676533326	0.0220685894351819	0.220095212299513	0.0436501562307051	0.222074775928497	NA	"abundance"	30	24
"CAG-873 sp011959565"	"Genotype"	"MUT"	"GenotypeMUT"	-2.55762820474302	0.264802588829141	1.14965604363038	0.0221936912910576	0.220095212299513	0.0438948226489925	0.222074775928497	NA	"abundance"	30	27
"MGYG000327375"	"Sex"	"M"	"SexM"	-1.99426200336381	-0.624832126159849	0.373135173074846	0.0218275772972129	0.220095212299513	0.0431787114637599	0.222074775928497	NA	"abundance"	30	8
"MGYG000410805"	"Genotype"	"MUT"	"GenotypeMUT"	1.90913899561501	0.264802588829141	0.558684644098224	0.0218819275110245	0.220095212299513	0.0432850362704512	0.222074775928497	NA	"abundance"	30	11
"Acetatifactor sp910584435"	"Sequencing_Depth"	"Sequencing_Depth"	"Sequencing_Depth"	1.35264806652128	0	0.590281538095649	0.0219327579209875	0.220095212299513	0.0219327579209875	0.209732500699753	NA	"prevalence"	30	5
"Acutalibacter sp910588415"	"Sequencing_Depth"	"Sequencing_Depth"	"Sequencing_Depth"	1.22424354826391	0	0.533829010574922	0.0218292866770669	0.220095212299513	0.0431820555973042	0.222074775928497	NA	"prevalence"	30	12
"Anaerotardibacter sp900753095"	"Sequencing_Depth"	"Sequencing_Depth"	"Sequencing_Depth"	1.55708313949607	0	0.680041533279517	0.022039392372401	0.220095212299513	0.0435930499286573	0.222074775928497	NA	"prevalence"	30	12
"Bifidobacterium longum"	"Genotype"	"MUT"	"GenotypeMUT"	-2.38952162355751	0	1.04415651448334	0.0221101226219638	0.220095212299513	0.0437313877215693	0.222074775928497	NA	"prevalence"	30	16
"Caccovicinus sp910588895"	"Sequencing_Depth"	"Sequencing_Depth"	"Sequencing_Depth"	1.37613097080618	0	0.60136139999639	0.0221166039831344	0.220095212299513	0.0437440637945221	0.222074775928497	NA	"prevalence"	30	10
"Eubacterium_F sp910577295"	"Sequencing_Depth"	"Sequencing_Depth"	"Sequencing_Depth"	1.85252605286635	0	0.806950289320941	0.0216923120148987	0.220095212299513	0.0216923120148987	0.209732500699753	NA	"prevalence"	30	5
"Evtepia sp004556345"	"Sequencing_Depth"	"Sequencing_Depth"	"Sequencing_Depth"	1.35264806652128	0	0.590281538095649	0.0219327579209875	0.220095212299513	0.0219327579209875	0.209732500699753	NA	"prevalence"	30	5
"Gallimonas sp910586365"	"Sex"	"M"	"SexM"	4.55774197947306	0	1.99254523330919	0.0221726615258113	0.220095212299513	0.0221726615258113	0.209732500699753	NA	"prevalence"	30	8
"Lawsonibacter sp009911645"	"Sequencing_Depth"	"Sequencing_Depth"	"Sequencing_Depth"	1.85268802242457	0	0.809941094889502	0.0221704155375702	0.220095212299513	0.0438493037500319	0.222074775928497	NA	"prevalence"	30	21
"MGYG000325415"	"Sequencing_Depth"	"Sequencing_Depth"	"Sequencing_Depth"	1.21351194776999	0	0.530108169950402	0.0220690136716724	0.220095212299513	0.0436509859789043	0.222074775928497	NA	"prevalence"	30	15
"MGYG000325458"	"Sequencing_Depth"	"Sequencing_Depth"	"Sequencing_Depth"	1.16804514817148	0	0.508869841331313	0.0217118637827887	0.220095212299513	0.0429523225366549	0.221794220932799	NA	"prevalence"	30	14
"MGYG000325633"	"Sequencing_Depth"	"Sequencing_Depth"	"Sequencing_Depth"	1.52558114327677	0	0.666827790022231	0.0221480765150675	0.220095212299513	0.0438056157368178	0.222074775928497	NA	"prevalence"	30	17
"MGYG000325738"	"Sequencing_Depth"	"Sequencing_Depth"	"Sequencing_Depth"	1.21335781658767	0	0.529301644121488	0.0218840176990232	0.220095212299513	0.0432891251673953	0.222074775928497	NA	"prevalence"	30	14
"MGYG000328896"	"Sequencing_Depth"	"Sequencing_Depth"	"Sequencing_Depth"	1.76201974114637	0	0.769746545875198	0.0220740769039012	0.220095212299513	0.0436608889366431	0.222074775928497	NA	"prevalence"	30	19
"MGYG000328958"	"Sex"	"M"	"SexM"	-2.22197528801894	0	0.970477342418253	0.0220462868761142	0.220095212299513	0.0436065349872045	0.222074775928497	NA	"prevalence"	30	18
"MGYG000387335"	"Genotype"	"MUT"	"GenotypeMUT"	3.53721291829702	0	1.54572606490404	0.0221152392346535	0.220095212299513	0.0221152392346535	0.209732500699753	NA	"prevalence"	30	6
"Nanosyncoccus sp003979185"	"Sex"	"M"	"SexM"	-2.17857428426128	0	0.9518546173098	0.0220928420562063	0.220095212299513	0.0436975904422921	0.222074775928497	NA	"prevalence"	30	14
"RGIG3002 sp910579805"	"Sequencing_Depth"	"Sequencing_Depth"	"Sequencing_Depth"	1.40150861264954	0	0.610980864263132	0.0217981610485237	0.220095212299513	0.04312116227195	0.222074775928497	NA	"prevalence"	30	8
"UBA3282 sp003611805"	"Sequencing_Depth"	"Sequencing_Depth"	"Sequencing_Depth"	2.01083899942572	0	0.878502041962597	0.0220828033356309	0.220095212299513	0.0436779564681017	0.222074775928497	NA	"prevalence"	30	22
"UBA3282 sp910578645"	"Sex"	"M"	"SexM"	5.42926535494383	0	2.37395907244828	0.0221953078469739	0.220095212299513	0.0438979840035259	0.222074775928497	NA	"prevalence"	30	10
"MGBC163016 sp910588435"	"Sex"	"M"	"SexM"	-1.55271320706333	-0.624832126159849	0.358645232130108	0.0223054519387564	0.220694811220324	0.0441133706913207	0.222518533421397	NA	"abundance"	30	18
"Prevotella sp013166515"	"Sequencing_Depth"	"Sequencing_Depth"	"Sequencing_Depth"	1.05770651009245	0	0.462835789298136	0.0222967773033158	0.220694811220324	0.0440964083285179	0.222518533421397	NA	"prevalence"	30	10
"Roseburia sp910584215"	"Sequencing_Depth"	"Sequencing_Depth"	"Sequencing_Depth"	1.11656541933299	0	0.488959727865771	0.0223978187689639	0.221362202182696	0.0442939752523204	0.223065288915692	NA	"prevalence"	30	12
"14-2 sp000403315"	"Sequencing_Depth"	"Sequencing_Depth"	"Sequencing_Depth"	2.57093362898824	0	1.12634874122082	0.0224576057628325	0.221421637411815	0.0444108674690662	0.223065288915692	NA	"prevalence"	30	22
"MGYG000330890"	"Sex"	"M"	"SexM"	-3.37045105937322	0	1.47631614399376	0.0224295184052062	0.221421637411815	0.0443559535145228	0.223065288915692	NA	"prevalence"	30	9
"Schaedlerella glycyrrhizinilytica_A"	"Sequencing_Depth"	"Sequencing_Depth"	"Sequencing_Depth"	1.222766756314	0	0.53578844078341	0.0224785950416947	0.221421637411815	0.0444519028483409	0.223065288915692	NA	"prevalence"	30	8
"MGYG000410251"	"Genotype"	"MUT"	"GenotypeMUT"	2.12119837176513	0.264802588829141	0.735053128326525	0.0226969188042914	0.221534194830384	0.0226969188042914	0.209732500699753	NA	"abundance"	30	20
"1XD42-69 sp910586645"	"Sequencing_Depth"	"Sequencing_Depth"	"Sequencing_Depth"	1.19171616020523	0	0.523190672197744	0.0227393568582228	0.221534194830384	0.0449616353661201	0.223373707905659	NA	"prevalence"	30	5
"COE1 sp002358575"	"Sequencing_Depth"	"Sequencing_Depth"	"Sequencing_Depth"	2.65454500828454	0	1.16456203543037	0.0226411409608112	0.221534194830384	0.044769660657615	0.223373707905659	NA	"prevalence"	30	23
"Coproplasma sp910585705"	"Sequencing_Depth"	"Sequencing_Depth"	"Sequencing_Depth"	1.18728259652763	0	0.521131140060179	0.0227099070259238	0.221534194830384	0.0449040741747216	0.223373707905659	NA	"prevalence"	30	9
"Evtepia sp910578575"	"Sequencing_Depth"	"Sequencing_Depth"	"Sequencing_Depth"	1.42954884308723	0	0.626758736444621	0.0225567409310289	0.221534194830384	0.0446046753006283	0.223373707905659	NA	"prevalence"	30	9
"MGYG000325408"	"Sequencing_Depth"	"Sequencing_Depth"	"Sequencing_Depth"	1.41436239955348	0	0.620510091013999	0.0226460073050036	0.221534194830384	0.0226460073050036	0.209732500699753	NA	"prevalence"	30	4
"MGYG000331077"	"Sequencing_Depth"	"Sequencing_Depth"	"Sequencing_Depth"	1.87956158112659	0	0.824895169767429	0.0226940676815629	0.221534194830384	0.0448731146551905	0.223373707905659	NA	"prevalence"	30	20
"MGYG000410149"	"Sequencing_Depth"	"Sequencing_Depth"	"Sequencing_Depth"	1.25701536359792	0	0.551123605564317	0.0225589262206647	0.221534194830384	0.0225589262206647	0.209732500699753	NA	"prevalence"	30	4
"Pelethomonas sp910588365"	"Sequencing_Depth"	"Sequencing_Depth"	"Sequencing_Depth"	1.68646074226401	0	0.740065865972592	0.0226790656507697	0.221534194830384	0.0448437912827475	0.223373707905659	NA	"prevalence"	30	20
"Phocaeicola massiliensis"	"Sequencing_Depth"	"Sequencing_Depth"	"Sequencing_Depth"	1.24133066902624	0	0.544954960837256	0.0227349680545105	0.221534194830384	0.0449530573365813	0.223373707905659	NA	"prevalence"	30	11
"Bacteroides cellulosilyticus"	"Sex"	"M"	"SexM"	-2.26471674816139	0	0.996220048643597	0.0230075204924278	0.222764704108348	0.0454856949856462	0.224050097791731	NA	"prevalence"	30	18
"Bifidobacterium longum"	"Sequencing_Depth"	"Sequencing_Depth"	"Sequencing_Depth"	1.51648721852608	0	0.666971849555513	0.0229846323976716	0.222764704108348	0.0454409714688871	0.224050097791731	NA	"prevalence"	30	16
"MGBC164599 sp910587105"	"Genotype"	"MUT"	"GenotypeMUT"	-2.43676209702304	0	1.07149504953594	0.0229557560165808	0.222764704108348	0.0453845452988688	0.224050097791731	NA	"prevalence"	30	14
"MGYG000325519"	"Sequencing_Depth"	"Sequencing_Depth"	"Sequencing_Depth"	1.09626971233457	0	0.482265281042244	0.0230160943580712	0.222764704108348	0.0455024481166429	0.224050097791731	NA	"prevalence"	30	8
"MGYG000410251"	"Sequencing_Depth"	"Sequencing_Depth"	"Sequencing_Depth"	1.59476124910543	0	0.700939774675044	0.0228953828547566	0.222764704108348	0.0452665671534473	0.223857812935463	NA	"prevalence"	30	20
"UBA7177 sp910579545"	"Sex"	"M"	"SexM"	-3.25260672823748	0	1.43022374494838	0.02295430514414	0.222764704108348	0.02295430514414	0.209732500699753	NA	"prevalence"	30	7
"CAG-475 sp910577815"	"Genotype"	"MUT"	"GenotypeMUT"	3.16732118404654	0	1.39456741720917	0.0231357557166826	0.223047794753944	0.0457362482407833	0.224410539962224	NA	"prevalence"	30	24
"CAG-873 sp910577355"	"Sex"	"M"	"SexM"	-2.06006279387462	0	0.907043674525195	0.0231358607403405	0.223047794753944	0.0457364534284845	0.224410539962224	NA	"prevalence"	30	16
"Dysosmobacter sp910578935"	"Sequencing_Depth"	"Sequencing_Depth"	"Sequencing_Depth"	2.72036042696647	0	1.19785834531453	0.0231457587803192	0.223047794753944	0.0457557914111218	0.224410539962224	NA	"prevalence"	30	23
"Enterenecus sp910584835"	"Sequencing_Depth"	"Sequencing_Depth"	"Sequencing_Depth"	1.77193221476352	0	0.78022494655126	0.0231437690011229	0.223047794753944	0.0457519039586686	0.224410539962224	NA	"prevalence"	30	18
"Pelethomonas sp910587645"	"Genotype"	"MUT"	"GenotypeMUT"	1.5658512938561	0.264802588829141	0.512948357727427	0.0232777509061337	0.223350774083151	0.0232777509061337	0.209732500699753	NA	"abundance"	30	19
"CAG-873 sp910587235"	"Sex"	"M"	"SexM"	-3.47205664024532	0	1.53028524131332	0.0232747075870136	0.223350774083151	0.0460077031607661	0.225202735609133	NA	"prevalence"	30	23
"Eubacterium_F sp910584245"	"Sequencing_Depth"	"Sequencing_Depth"	"Sequencing_Depth"	1.06642127518417	0	0.469880986791632	0.0232345277870919	0.223350774083151	0.0459292122926947	0.225039591794	NA	"prevalence"	30	11
"MGYG000329834"	"Genotype"	"MUT"	"GenotypeMUT"	-0.999801245227046	0.264802588829141	0.508789870872979	0.0234551949371444	0.223644357769046	0.0463602437047494	0.225493727004611	NA	"abundance"	30	22
"1XD8-76 sp022799355"	"Sequencing_Depth"	"Sequencing_Depth"	"Sequencing_Depth"	1.12954832321953	0	0.498883428316162	0.0235647169690635	0.223644357769046	0.0465741380522949	0.225493727004611	NA	"prevalence"	30	6
"Acetatifactor sp910586215"	"Sequencing_Depth"	"Sequencing_Depth"	"Sequencing_Depth"	1.21966804550445	0	0.538595179187067	0.0235411826848428	0.223644357769046	0.0465281780874845	0.225493727004611	NA	"prevalence"	30	6
"Enterenecus sp910587395"	"Sequencing_Depth"	"Sequencing_Depth"	"Sequencing_Depth"	1.85670185458558	0	0.820201972721625	0.0235917734310271	0.223644357769046	0.0466269750884333	0.225493727004611	NA	"prevalence"	30	21
"HGM11386 sp022791055"	"Sequencing_Depth"	"Sequencing_Depth"	"Sequencing_Depth"	1.34381237148079	0	0.593111061128008	0.023469691407013	0.223644357769046	0.0463885563992856	0.225493727004611	NA	"prevalence"	30	6
"Limisoma sp000437795"	"Sequencing_Depth"	"Sequencing_Depth"	"Sequencing_Depth"	1.63749335053254	0	0.723387196072709	0.0235958266407342	0.223644357769046	0.0466348902466089	0.225493727004611	NA	"prevalence"	30	14
"Megamonas funiformis"	"Sequencing_Depth"	"Sequencing_Depth"	"Sequencing_Depth"	1.91908100063313	0	0.847862382649339	0.0236089156793611	0.223644357769046	0.0466604504591671	0.225493727004611	NA	"prevalence"	30	17
"MGBC163016 sp910585565"	"Sequencing_Depth"	"Sequencing_Depth"	"Sequencing_Depth"	2.74467822783428	0	1.21140200021518	0.0234695190332051	0.223644357769046	0.0463882197427602	0.225493727004611	NA	"prevalence"	30	23
"MGYG000325446"	"Sequencing_Depth"	"Sequencing_Depth"	"Sequencing_Depth"	1.1100234581186	0	0.489881894684526	0.0234574975063498	0.223644357769046	0.0463647408234392	0.225493727004611	NA	"prevalence"	30	13
"MGYG000325548"	"Sequencing_Depth"	"Sequencing_Depth"	"Sequencing_Depth"	1.34381237148079	0	0.593111061128008	0.023469691407013	0.223644357769046	0.0463885563992856	0.225493727004611	NA	"prevalence"	30	6
"MGYG000326793"	"Sequencing_Depth"	"Sequencing_Depth"	"Sequencing_Depth"	1.17551343187508	0	0.519354959376919	0.0236104004037552	0.223644357769046	0.0466633498002848	0.225493727004611	NA	"prevalence"	30	15
"MGYG000410975"	"Sequencing_Depth"	"Sequencing_Depth"	"Sequencing_Depth"	1.93309472900711	0	0.853652820722322	0.0235435297028057	0.223644357769046	0.0235435297028057	0.209732500699753	NA	"prevalence"	30	6
"14-2 sp910576385"	"Sex"	"M"	"SexM"	-1.87770588033689	-0.624832126159849	0.516201723918675	0.0237738908046055	0.223998960550286	0.0237738908046055	0.209732500699753	NA	"abundance"	30	28
"MGYG000329825"	"Sex"	"M"	"SexM"	-2.35889859036332	-0.624832126159849	0.709067557558038	0.0237505788878809	0.223998960550286	0.0237505788878809	0.209732500699753	NA	"abundance"	30	25
"CAG-1031 sp000431215"	"Sequencing_Depth"	"Sequencing_Depth"	"Sequencing_Depth"	2.18977842808624	0	0.967982492752228	0.0236845113159973	0.223998960550286	0.046808066555717	0.225493727004611	NA	"prevalence"	30	21
"Limosilactobacillus portuensis"	"Sequencing_Depth"	"Sequencing_Depth"	"Sequencing_Depth"	1.03751810860194	0	0.458911058953397	0.0237700265088193	0.223998960550286	0.0469750388574086	0.225942682071879	NA	"prevalence"	30	10
"RGIG8607 sp910588535"	"Sequencing_Depth"	"Sequencing_Depth"	"Sequencing_Depth"	1.10522822681997	0	0.488770159473505	0.0237441978888897	0.223998960550286	0.0249281391515673	0.209732500699753	NA	"prevalence"	30	6
"MGYG000325316"	"Genotype"	"MUT"	"GenotypeMUT"	2.48994744838241	0	1.10169857810365	0.0238151300850166	0.224149820768403	0.047063099749067	0.226147951831823	NA	"prevalence"	30	10
"14-2 sp000403845"	"Sequencing_Depth"	"Sequencing_Depth"	"Sequencing_Depth"	1.08733233080267	0	0.481383315768784	0.023897936222541	0.224691178134685	0.0472247610893855	0.226542381488147	NA	"prevalence"	30	8
"UBA3402 sp910588325"	"Sequencing_Depth"	"Sequencing_Depth"	"Sequencing_Depth"	1.25465161011395	0	0.555751817359472	0.0239721461612529	0.225150653956377	0.0473696285309294	0.226570821867376	NA	"prevalence"	30	14
"14-2 sp910575035"	"Sex"	"M"	"SexM"	-1.45573026786105	-0.624832126159849	0.341978126541874	0.0240176260558407	0.225339606659075	0.0240176260558407	0.209732500699753	NA	"abundance"	30	28
"MD308 sp910578455"	"Sequencing_Depth"	"Sequencing_Depth"	"Sequencing_Depth"	2.61696830946356	0	1.1604969505031	0.024130749680912	0.225923826043101	0.0476792062816612	0.227572303545515	NA	"prevalence"	30	23
"Parasutterella excrementihominis"	"Genotype"	"MUT"	"GenotypeMUT"	2.40160915136121	0	1.06487473017702	0.0241146711961307	0.225923826043101	0.0476478250253639	0.227572303545515	NA	"prevalence"	30	12
"Lawsonibacter sp910578735"	"Genotype"	"MUT"	"GenotypeMUT"	1.62054376749225	0.264802588829141	0.559626513777718	0.0241572875693623	0.225934210582931	0.0477310005960157	0.227601508105212	NA	"abundance"	30	27
"CAG-95 sp910585005"	"Sex"	"M"	"SexM"	2.03655392632855	-0.624832126159849	1.0682217719257	0.0241865131189178	0.22596968355582	0.0477880388209841	0.2276556380927	NA	"abundance"	30	20
"Eubacterium_G sp910584795"	"Genotype"	"MUT"	"GenotypeMUT"	1.29311954219652	0.264802588829141	0.41621221056024	0.0243428579152445	0.226989138310969	0.0480931410990072	0.228769363566121	NA	"abundance"	30	22
"14-2 sp009774455"	"Sequencing_Depth"	"Sequencing_Depth"	"Sequencing_Depth"	2.21040313034665	0	0.98252651567775	0.0244671403261102	0.226989138310969	0.0483356396964828	0.228801210281305	NA	"prevalence"	30	22
"Acetatifactor muris"	"Sequencing_Depth"	"Sequencing_Depth"	"Sequencing_Depth"	1.0335487222669	0	0.459098468948769	0.0243692534985138	0.226989138310969	0.0481446464809527	0.228769363566121	NA	"prevalence"	30	9
"Bacteroides bouchesdurhonensis"	"Genotype"	"MUT"	"GenotypeMUT"	2.42034311606078	0	1.07538454257383	0.0244060107947824	0.226989138310969	0.0482163682266497	0.228801210281305	NA	"prevalence"	30	10
"MGYG000323043"	"Sequencing_Depth"	"Sequencing_Depth"	"Sequencing_Depth"	1.79704997660462	0	0.798831527200361	0.0244744619585715	0.226989138310969	0.0483499246289814	0.228801210281305	NA	"prevalence"	30	16
"MGYG000323043"	"Sex"	"M"	"SexM"	-2.37252801986337	0	1.05392455390656	0.0243768939611191	0.226989138310969	0.0481595549630466	0.228769363566121	NA	"prevalence"	30	16
"MGYG000410874"	"Sequencing_Depth"	"Sequencing_Depth"	"Sequencing_Depth"	1.33187103351376	0	0.592025195823948	0.0244688592284646	0.226989138310969	0.0483389933849868	0.228801210281305	NA	"prevalence"	30	12
"Enorma burkinafasonensis"	"Sequencing_Depth"	"Sequencing_Depth"	"Sequencing_Depth"	1.47092525831207	0	0.654674525795071	0.0246525643192213	0.227927194564288	0.0486973797109292	0.229790760510947	NA	"prevalence"	30	15
"MGYG000411020"	"Sequencing_Depth"	"Sequencing_Depth"	"Sequencing_Depth"	1.95381414268199	0	0.869479610229449	0.0246331585041473	0.227927194564288	0.0486595245104042	0.229790760510947	NA	"prevalence"	30	22
"UBA7173 sp910586565"	"Sequencing_Depth"	"Sequencing_Depth"	"Sequencing_Depth"	1.95381414268199	0	0.869479610229449	0.0246331585041473	0.227927194564288	0.0486595245104042	0.229790760510947	NA	"prevalence"	30	22
"RGIG4057 sp910587085"	"Sequencing_Depth"	"Sequencing_Depth"	"Sequencing_Depth"	1.78654178114126	0	0.796016951726451	0.0248097991493709	0.229142479669606	0.0490040721649097	0.230142935180456	NA	"prevalence"	30	19
"CAG-475 sp910577815"	"Genotype"	"MUT"	"GenotypeMUT"	1.55007484195708	0.264802588829141	0.527862923666187	0.0248709515559113	0.229468748259888	0.0457362482407833	0.224410539962224	NA	"abundance"	30	24
"Parabacteroides merdae"	"Sequencing_Depth"	"Sequencing_Depth"	"Sequencing_Depth"	1.10446549558417	0	0.492683849306791	0.0249786531599873	0.229984801374598	0.0493333732062877	0.230142935180456	NA	"prevalence"	30	9
"Phocaeicola plebeius_A"	"Sequencing_Depth"	"Sequencing_Depth"	"Sequencing_Depth"	1.11248771331962	0	0.496234991583186	0.0249706388638674	0.229984801374598	0.049317744922465	0.230142935180456	NA	"prevalence"	30	14
"MGYG000329402"	"Sequencing_Depth"	"Sequencing_Depth"	"Sequencing_Depth"	1.04705633970329	0	0.467324375798799	0.0250562501306431	0.230460437278224	0.0494846845906768	0.230235465280432	NA	"prevalence"	30	9
"MGYG000346909"	"Genotype"	"MUT"	"GenotypeMUT"	1.32732777918964	0.264802588829141	0.43841208714938	0.0251653217291984	0.231224284967867	0.0251653217291984	0.209732500699753	NA	"abundance"	30	25
"Acetatifactor sp910589655"	"Sequencing_Depth"	"Sequencing_Depth"	"Sequencing_Depth"	2.02096148273055	0	0.903213980935693	0.0252522192627842	0.231543826780018	0.0498667639478726	0.231365069601722	NA	"prevalence"	30	22
"Merdisoma sp910574835"	"Sequencing_Depth"	"Sequencing_Depth"	"Sequencing_Depth"	2.51884881670212	0	1.1256011963574	0.0252353489634385	0.231543826780018	0.0498338750895704	0.231365069601722	NA	"prevalence"	30	23
"MGYG000327499"	"Sequencing_Depth"	"Sequencing_Depth"	"Sequencing_Depth"	1.68477444213938	0	0.753277412148399	0.0253130001703319	0.231861862384947	0.0499852523630405	0.231699081418633	NA	"prevalence"	30	14
"MGYG000327181"	"Sex"	"M"	"SexM"	1.50648625257706	-0.624832126159849	0.777011006932396	0.0254658686630815	0.232782859545816	0.0502832268593977	0.23197887818648	NA	"abundance"	30	12
"MGYG000327552"	"Sequencing_Depth"	"Sequencing_Depth"	"Sequencing_Depth"	1.07489562896198	0	0.48109685379346	0.0254659470431664	0.232782859545816	0.0502833796275274	0.23197887818648	NA	"prevalence"	30	13
"CAG-873 sp009775535"	"Sex"	"M"	"SexM"	1.81147834291434	-0.624832126159849	1.02124280259387	0.0258033153058421	0.232815770976813	0.0509408195309115	0.23197887818648	NA	"abundance"	30	27
"COE1 sp000403215"	"Sequencing_Depth"	"Sequencing_Depth"	"Sequencing_Depth"	-1.94798242887016	-0.499110588055241	0.554186206446459	0.025941205770067	0.232815770976813	0.051209465383329	0.23197887818648	NA	"abundance"	30	14
"Schaedlerella sp910574865"	"Genotype"	"MUT"	"GenotypeMUT"	2.50254361336255	0.264802588829141	0.9452998729393	0.0257663341965986	0.232815770976813	0.0257663341965986	0.209732500699753	NA	"abundance"	30	30
"UBA3282 sp910578115"	"Sex"	"M"	"SexM"	1.5384318309301	-0.624832126159849	0.87331216318616	0.0258107100258029	0.232815770976813	0.0509552272995698	0.23197887818648	NA	"abundance"	30	19
"CAG-510 sp910577015"	"Sequencing_Depth"	"Sequencing_Depth"	"Sequencing_Depth"	1.22696455575996	0	0.550157272659769	0.0257337091722378	0.232815770976813	0.0508051945567143	0.23197887818648	NA	"prevalence"	30	9
"Eubacterium_G sp910584795"	"Sequencing_Depth"	"Sequencing_Depth"	"Sequencing_Depth"	2.32258307736457	0	1.04284072498183	0.0259359463411213	0.232815770976813	0.0511992193696331	0.23197887818648	NA	"prevalence"	30	22
"Eubacterium_J sp910586445"	"Genotype"	"MUT"	"GenotypeMUT"	3.24777009182019	0	1.45584359911626	0.0256910030037427	0.232815770976813	0.050721978372147	0.23197887818648	NA	"prevalence"	30	8
"MGYG000323124"	"Sequencing_Depth"	"Sequencing_Depth"	"Sequencing_Depth"	1.34811858338027	0	0.60356928660446	0.0255109070047908	0.232815770976813	0.0503710076333745	0.23197887818648	NA	"prevalence"	30	9
"MGYG000324807"	"Sequencing_Depth"	"Sequencing_Depth"	"Sequencing_Depth"	1.06231694362754	0	0.476669408319581	0.0258389244062971	0.232815770976813	0.0510101987981198	0.23197887818648	NA	"prevalence"	30	9
"MGYG000325379"	"Sequencing_Depth"	"Sequencing_Depth"	"Sequencing_Depth"	1.45269538818228	0	0.651158093013107	0.0256850271519568	0.232815770976813	0.0507103336841169	0.23197887818648	NA	"prevalence"	30	16
"MGYG000325481"	"Sequencing_Depth"	"Sequencing_Depth"	"Sequencing_Depth"	2.08928521860208	0	0.935795115781288	0.0255732857022227	0.232815770976813	0.0504925784628379	0.23197887818648	NA	"prevalence"	30	21
"MGYG000325729"	"Sequencing_Depth"	"Sequencing_Depth"	"Sequencing_Depth"	1.45269538818228	0	0.651158093013107	0.0256850271519568	0.232815770976813	0.0507103336841169	0.23197887818648	NA	"prevalence"	30	16
"MGYG000326756"	"Sequencing_Depth"	"Sequencing_Depth"	"Sequencing_Depth"	1.45095953877181	0	0.651208766830008	0.0258737157018376	0.232815770976813	0.0258737157018376	0.209732500699753	NA	"prevalence"	30	3
"MGYG000328307"	"Sequencing_Depth"	"Sequencing_Depth"	"Sequencing_Depth"	1.29927002970325	0	0.582886488466927	0.0258120730993253	0.232815770976813	0.0509578830809656	0.23197887818648	NA	"prevalence"	30	16
"MGYG000330215"	"Sequencing_Depth"	"Sequencing_Depth"	"Sequencing_Depth"	1.06517435503871	0	0.477879210019964	0.0258164673316276	0.232815770976813	0.0509664446777702	0.23197887818648	NA	"prevalence"	30	6
"MGYG000331229"	"Genotype"	"MUT"	"GenotypeMUT"	3.8630891169246	0	1.73398097533058	0.0258889959173704	0.232815770976813	0.0511077517251311	0.23197887818648	NA	"prevalence"	30	8
"MGYG000344322"	"Sequencing_Depth"	"Sequencing_Depth"	"Sequencing_Depth"	2.32258307736457	0	1.04284072498183	0.0259359463411213	0.232815770976813	0.0511992193696331	0.23197887818648	NA	"prevalence"	30	22
"Paralachnospira_A sp910579325"	"Genotype"	"MUT"	"GenotypeMUT"	2.49740935983987	0	1.12088874157847	0.0258763958107108	0.232815770976813	0.051083203761269	0.23197887818648	NA	"prevalence"	30	12
"NM07-P-09 sp004793665"	"Sex"	"M"	"SexM"	-2.26306438348238	-0.624832126159849	0.690526675696852	0.0259898813288819	0.2330172508649	0.0259898813288819	0.209732500699753	NA	"abundance"	30	29
"Avimonas_A sp022800315"	"Sex"	"M"	"SexM"	0.676342299457835	-0.624832126159849	0.213071070954456	0.0270457419291821	0.234880554486959	0.0533600117018642	0.233453434553686	NA	"abundance"	30	6
"Coproplasma sp910579525"	"Sex"	"M"	"SexM"	-1.9612921285374	-0.624832126159849	0.562843131971285	0.0269183472696007	0.234880554486959	0.0269183472696007	0.209732500699753	NA	"abundance"	30	27
"Faecivivens sp022793675"	"Genotype"	"MUT"	"GenotypeMUT"	1.16676431719428	0.264802588829141	0.260042523497908	0.0268419224560091	0.234880554486959	0.0268419224560091	0.209732500699753	NA	"abundance"	30	8
"Mediterraneibacter_A sp022790755"	"Sequencing_Depth"	"Sequencing_Depth"	"Sequencing_Depth"	-2.60503683313291	-0.499110588055241	0.752774418145916	0.0266122697692507	0.234880554486959	0.05251632663623	0.233453434553686	NA	"abundance"	30	11
"MGYG000324476"	"Genotype"	"MUT"	"GenotypeMUT"	1.31067918271205	0.264802588829141	0.42357825215696	0.0266512749846721	0.234880554486959	0.0525922595110356	0.233453434553686	NA	"abundance"	30	19
"MGYG000324849"	"Sex"	"M"	"SexM"	0.264542986249917	-0.624832126159849	0.354087562199884	0.0272914918096387	0.234880554486959	0.0538381580940819	0.233453434553686	NA	"abundance"	30	17
"MGYG000366359"	"Sex"	"M"	"SexM"	0.809454046024101	-0.624832126159849	0.573178439662602	0.0269043124364106	0.234880554486959	0.0530847828451451	0.233453434553686	NA	"abundance"	30	17
"MGYG000409986"	"Sex"	"M"	"SexM"	-5.27333952877977	-0.624832126159849	0.192138012410783	0.0270932651101211	0.234880554486959	0.0534524852059149	0.233453434553686	NA	"abundance"	30	5
"Muribaculum gordoncarteri"	"Genotype"	"MUT"	"GenotypeMUT"	-1.9173343710976	0.264802588829141	0.924996469276612	0.0265260098033555	0.234880554486959	0.0265260098033555	0.209732500699753	NA	"abundance"	30	29
"SIG307 sp910579465"	"Genotype"	"MUT"	"GenotypeMUT"	0.786927343352363	0.264802588829141	0.216795992216685	0.0273076894540694	0.234880554486959	0.0538696690048188	0.233453434553686	NA	"abundance"	30	26
"14-2 sp000403255"	"Sequencing_Depth"	"Sequencing_Depth"	"Sequencing_Depth"	1.63679492546239	0	0.741608807267767	0.0273080036899301	0.234880554486959	0.0538702803143309	0.233453434553686	NA	"prevalence"	30	17
"14-2 sp910587895"	"Sequencing_Depth"	"Sequencing_Depth"	"Sequencing_Depth"	1.19330258105839	0	0.537103023896122	0.0263009686765416	0.234880554486959	0.0263009686765416	0.209732500699753	NA	"prevalence"	30	4
"Alistipes onderdonkii"	"Sequencing_Depth"	"Sequencing_Depth"	"Sequencing_Depth"	1.26259576995622	0	0.570944841233831	0.0270071382459387	0.234880554486959	0.0532848909756421	0.233453434553686	NA	"prevalence"	30	6
"Butyribacter sp009774235"	"Genotype"	"MUT"	"GenotypeMUT"	2.3301049044045	0	1.05199157245713	0.0267637464859974	0.234880554486959	0.052811194846028	0.233453434553686	NA	"prevalence"	30	10
"CAG-485 sp910584185"	"Sequencing_Depth"	"Sequencing_Depth"	"Sequencing_Depth"	1.24194686395219	0	0.559306671188085	0.0263840697338119	0.234880554486959	0.0520720203319051	0.233453434553686	NA	"prevalence"	30	15
"CAG-485 sp910585285"	"Sequencing_Depth"	"Sequencing_Depth"	"Sequencing_Depth"	1.24348491717297	0	0.561109785930933	0.0266834924997827	0.234880554486959	0.0526549762275794	0.233453434553686	NA	"prevalence"	30	14
"CAG-873 sp910583525"	"Sequencing_Depth"	"Sequencing_Depth"	"Sequencing_Depth"	1.24348491717297	0	0.561109785930933	0.0266834924997827	0.234880554486959	0.0526549762275794	0.233453434553686	NA	"prevalence"	30	14
"CAG-873 sp910586595"	"Sequencing_Depth"	"Sequencing_Depth"	"Sequencing_Depth"	1.47249878931495	0	0.665093487716786	0.0268306606376114	0.234880554486959	0.0529414369249722	0.233453434553686	NA	"prevalence"	30	19
"CAG-95 sp910579495"	"Sequencing_Depth"	"Sequencing_Depth"	"Sequencing_Depth"	1.95395162301886	0	0.882622130618831	0.0268423256385093	0.234880554486959	0.0529641408313349	0.233453434553686	NA	"prevalence"	30	22
"CAJTFG01 sp910575705"	"Sequencing_Depth"	"Sequencing_Depth"	"Sequencing_Depth"	1.27896745645299	0	0.577750263165234	0.0268492205311963	0.234880554486959	0.0529775604192597	0.233453434553686	NA	"prevalence"	30	8
"Duncaniella sp910587165"	"Sequencing_Depth"	"Sequencing_Depth"	"Sequencing_Depth"	1.80042714223666	0	0.815117771704789	0.0271889812151294	0.234880554486959	0.0536387217307422	0.233453434553686	NA	"prevalence"	30	21
"Dysosmobacter sp910576865"	"Sequencing_Depth"	"Sequencing_Depth"	"Sequencing_Depth"	1.89858602642048	0	0.854776640304604	0.0263408912220269	0.234880554486959	0.0519879398936831	0.233453434553686	NA	"prevalence"	30	22
"Dysosmobacter sp910587525"	"Sequencing_Depth"	"Sequencing_Depth"	"Sequencing_Depth"	1.89858602642048	0	0.854776640304604	0.0263408912220269	0.234880554486959	0.0519879398936831	0.233453434553686	NA	"prevalence"	30	22
"Dysosmobacter welbionis"	"Sequencing_Depth"	"Sequencing_Depth"	"Sequencing_Depth"	1.19330258105839	0	0.537103023896122	0.0263009686765416	0.234880554486959	0.0263009686765416	0.209732500699753	NA	"prevalence"	30	4
"Enterocloster bolteae"	"Sequencing_Depth"	"Sequencing_Depth"	"Sequencing_Depth"	1.1751089106775	0	0.531499928006822	0.0270407141778588	0.234880554486959	0.0533502281324689	0.233453434553686	NA	"prevalence"	30	5
"JAAVFS01 sp910584665"	"Sequencing_Depth"	"Sequencing_Depth"	"Sequencing_Depth"	1.24348491717297	0	0.561109785930933	0.0266834924997827	0.234880554486959	0.0526549762275794	0.233453434553686	NA	"prevalence"	30	14
"JAAWPK01 sp022791735"	"Genotype"	"MUT"	"GenotypeMUT"	-3.24569853932121	0	1.46912587885782	0.0271557336399745	0.234880554486959	0.0535740334104237	0.233453434553686	NA	"prevalence"	30	10
"Lachnoclostridium_B sp910584265"	"Sequencing_Depth"	"Sequencing_Depth"	"Sequencing_Depth"	2.13645353594281	0	0.962212489854512	0.0263946634445537	0.234880554486959	0.0520926486307562	0.233453434553686	NA	"prevalence"	30	18
"Lachnoclostridium_B sp910589275"	"Sequencing_Depth"	"Sequencing_Depth"	"Sequencing_Depth"	1.08399492324084	0	0.488771288921089	0.0265687570251339	0.234880554486959	0.0524316152004072	0.233453434553686	NA	"prevalence"	30	9
"Marseille-P3106 sp022800215"	"Sequencing_Depth"	"Sequencing_Depth"	"Sequencing_Depth"	1.07492559517375	0	0.486845133259991	0.0272483483534843	0.234880554486959	0.0537542242189758	0.233453434553686	NA	"prevalence"	30	10
"MGBC122484 sp910578465"	"Genotype"	"MUT"	"GenotypeMUT"	-2.33792042990849	0	1.05609806986919	0.0268470679169219	0.234880554486959	0.052973370778108	0.233453434553686	NA	"prevalence"	30	12
"MGYG000325423"	"Sequencing_Depth"	"Sequencing_Depth"	"Sequencing_Depth"	1.16580678051915	0	0.527302073494762	0.0270434685695587	0.234880554486959	0.0270434685695587	0.209732500699753	NA	"prevalence"	30	4
"MGYG000325541"	"Sequencing_Depth"	"Sequencing_Depth"	"Sequencing_Depth"	1.24348491717297	0	0.561109785930933	0.0266834924997827	0.234880554486959	0.0526549762275794	0.233453434553686	NA	"prevalence"	30	14
"MGYG000325543"	"Sequencing_Depth"	"Sequencing_Depth"	"Sequencing_Depth"	1.04990572569953	0	0.475091582435156	0.0271119808521574	0.234880554486959	0.053488902198587	0.233453434553686	NA	"prevalence"	30	6
"MGYG000327494"	"Sequencing_Depth"	"Sequencing_Depth"	"Sequencing_Depth"	1.19330258105839	0	0.537103023896122	0.0263009686765416	0.234880554486959	0.0263009686765416	0.209732500699753	NA	"prevalence"	30	4
"MGYG000329693"	"Sequencing_Depth"	"Sequencing_Depth"	"Sequencing_Depth"	0.996230112359412	0	0.451098719375071	0.0272127427678379	0.234880554486959	0.0536849521667273	0.233453434553686	NA	"prevalence"	30	10
"MGYG000330354"	"Sex"	"M"	"SexM"	3.07026184992562	0	1.39075685840105	0.0272708141900026	0.234880554486959	0.0537979310734195	0.233453434553686	NA	"prevalence"	30	13
"MGYG000330445"	"Genotype"	"MUT"	"GenotypeMUT"	-2.30945933292032	0	1.04432955702825	0.0270062319226915	0.234880554486959	0.0532831272827207	0.233453434553686	NA	"prevalence"	30	10
"MGYG000401352"	"Sequencing_Depth"	"Sequencing_Depth"	"Sequencing_Depth"	1.27896745645299	0	0.577750263165234	0.0268492205311963	0.234880554486959	0.0529775604192597	0.233453434553686	NA	"prevalence"	30	8
"Muricomes contortus_B"	"Genotype"	"MUT"	"GenotypeMUT"	2.04620906718513	0	0.925604428474234	0.0270584634600666	0.234880554486959	0.021383486465899	0.209732500699753	NA	"prevalence"	30	18
"Paramuribaculum sp014800945"	"Sequencing_Depth"	"Sequencing_Depth"	"Sequencing_Depth"	1.24348491717297	0	0.561109785930933	0.0266834924997827	0.234880554486959	0.0526549762275794	0.233453434553686	NA	"prevalence"	30	14
"Paraprevotella sp910586505"	"Sequencing_Depth"	"Sequencing_Depth"	"Sequencing_Depth"	1.24348491717297	0	0.561109785930933	0.0266834924997827	0.234880554486959	0.0526549762275794	0.233453434553686	NA	"prevalence"	30	14
"MGYG000376875"	"Sequencing_Depth"	"Sequencing_Depth"	"Sequencing_Depth"	1.26524000436828	0	0.573379840427821	0.0273395721092385	0.234924659758785	0.0539316920153608	0.233453434553686	NA	"prevalence"	30	7
"Choladocola sp910575445"	"Genotype"	"MUT"	"GenotypeMUT"	1.24267610541074	0.264802588829141	0.406923646678278	0.0274164811570214	0.234942912118681	0.0274164811570214	0.209732500699753	NA	"abundance"	30	23
"Acetatifactor sp910586775"	"Genotype"	"MUT"	"GenotypeMUT"	2.27490532472544	0	1.03165890032366	0.0274474668293968	0.234942912118681	0.0541415702234428	0.233784613885109	NA	"prevalence"	30	14
"MGYG000326314"	"Sequencing_Depth"	"Sequencing_Depth"	"Sequencing_Depth"	2.22590943647265	0	1.00972565984442	0.0274913415230096	0.235091982128913	0.0542269091872844	0.23395037963657	NA	"prevalence"	30	22
"Akkermansia muciniphila_B"	"Sex"	"M"	"SexM"	1.26694631128574	-0.624832126159849	0.804662152814493	0.0275260250563956	0.235160963542417	0.0542943680573858	0.234038785493039	NA	"abundance"	30	28
"MGYG000325313"	"Sequencing_Depth"	"Sequencing_Depth"	"Sequencing_Depth"	1.13934685644636	0	0.517245300085128	0.0276144503197646	0.235464866690123	0.0544663427730664	0.234577170300942	NA	"prevalence"	30	8
"Acetatifactor sp910589655"	"Sex"	"M"	"SexM"	-2.20906137377482	-0.624832126159849	0.662686962598461	0.0281706679633237	0.235873250080904	0.0555477493931475	0.23479505346542	NA	"abundance"	30	22
"Alistipes finegoldii"	"Sequencing_Depth"	"Sequencing_Depth"	"Sequencing_Depth"	-1.37077364877905	-0.499110588055241	0.373680207411279	0.0277705563432753	0.235873250080904	0.0277705563432753	0.209732500699753	NA	"abundance"	30	30
"MGYG000329896"	"Sex"	"M"	"SexM"	-1.25868075904059	-0.624832126159849	0.256595263020297	0.0282119713129628	0.235873250080904	0.0189362324740337	0.209732500699753	NA	"abundance"	30	19
"MGYG000353267"	"Sex"	"M"	"SexM"	-2.7998053089718	-0.624832126159849	0.932138417921684	0.0280456669189546	0.235873250080904	0.0280456669189546	0.209732500699753	NA	"abundance"	30	29
"Parasutterella excrementihominis"	"Sex"	"M"	"SexM"	1.04067750306055	-0.624832126159849	0.620974872103776	0.0282268346509196	0.235873250080904	0.0556569151074288	0.23479505346542	NA	"abundance"	30	12
"Roseburia sp910584215"	"Genotype"	"MUT"	"GenotypeMUT"	-1.41732514588393	0.264802588829141	0.62552585410315	0.0277596174039352	0.235873250080904	0.0277596174039352	0.209732500699753	NA	"abundance"	30	12
"Acetatifactor sp910577665"	"Sequencing_Depth"	"Sequencing_Depth"	"Sequencing_Depth"	1.06369895111237	0	0.483958832125603	0.0279553736931044	0.235873250080904	0.0551292444678877	0.23479505346542	NA	"prevalence"	30	7
"CAG-873 sp910576935"	"Sequencing_Depth"	"Sequencing_Depth"	"Sequencing_Depth"	1.60689580728758	0	0.732181716164841	0.028187419374117	0.235873250080904	0.0555803081372616	0.23479505346542	NA	"prevalence"	30	17
"Choladocola sp009774155"	"Sequencing_Depth"	"Sequencing_Depth"	"Sequencing_Depth"	1.26187692187227	0	0.57430863592117	0.028005421423695	0.235873250080904	0.0552265392182712	0.23479505346542	NA	"prevalence"	30	13
"Duncaniella sp002494015"	"Sequencing_Depth"	"Sequencing_Depth"	"Sequencing_Depth"	2.20641721373402	0	1.00407082323844	0.0279867758333123	0.235873250080904	0.0551902920450806	0.23479505346542	NA	"prevalence"	30	22
"Eubacterium_J plexicaudatum"	"Sequencing_Depth"	"Sequencing_Depth"	"Sequencing_Depth"	1.06369895111237	0	0.483958832125603	0.0279553736931044	0.235873250080904	0.0551292444678877	0.23479505346542	NA	"prevalence"	30	7
"Faecivivens sp022793675"	"Sequencing_Depth"	"Sequencing_Depth"	"Sequencing_Depth"	1.13728619247857	0	0.516805087659242	0.0277636795309254	0.235873250080904	0.0547565371607549	0.23479505346542	NA	"prevalence"	30	8
"JAAVYD01 sp022790955"	"Sequencing_Depth"	"Sequencing_Depth"	"Sequencing_Depth"	1.15654766707856	0	0.526006231547675	0.0278968578935911	0.235873250080904	0.055015481106847	0.23479505346542	NA	"prevalence"	30	11
"Kineothrix sp009911195"	"Sequencing_Depth"	"Sequencing_Depth"	"Sequencing_Depth"	1.57667237643699	0	0.717951327172819	0.0280868332547239	0.235873250080904	0.0553847963071692	0.23479505346542	NA	"prevalence"	30	9
"MGYG000323038"	"Genotype"	"MUT"	"GenotypeMUT"	3.38177694857099	0	1.53712199537051	0.0278018846524023	0.235873250080904	0.0278018846524023	0.209732500699753	NA	"prevalence"	30	6
"MGYG000324474"	"Sex"	"M"	"SexM"	-2.40449633975216	0	1.09555529207748	0.0281798089005518	0.235873250080904	0.055565516171432	0.23479505346542	NA	"prevalence"	30	21
"MGYG000325310"	"Genotype"	"MUT"	"GenotypeMUT"	-2.67370862972557	0	1.21754619327124	0.0280932843815416	0.235873250080904	0.055397336135741	0.23479505346542	NA	"prevalence"	30	23
"MGYG000325504"	"Sequencing_Depth"	"Sequencing_Depth"	"Sequencing_Depth"	1.19785979692896	0	0.544881599666222	0.0279216475456657	0.235873250080904	0.055063676689667	0.23479505346542	NA	"prevalence"	30	7
"MGYG000325575"	"Sequencing_Depth"	"Sequencing_Depth"	"Sequencing_Depth"	1.12761217235361	0	0.51353619693114	0.0281077410001466	0.235873250080904	0.0554254368961619	0.23479505346542	NA	"prevalence"	30	13
"MGYG000325583"	"Sequencing_Depth"	"Sequencing_Depth"	"Sequencing_Depth"	1.29897448131492	0	0.592098845921072	0.0282463858284842	0.235873250080904	0.0556949133445968	0.23479505346542	NA	"prevalence"	30	5
"MGYG000325587"	"Sequencing_Depth"	"Sequencing_Depth"	"Sequencing_Depth"	2.22165199585397	0	1.00914792373557	0.0276997468301361	0.235873250080904	0.0546322176858185	0.23479505346542	NA	"prevalence"	30	22
"MGYG000410975"	"Genotype"	"MUT"	"GenotypeMUT"	3.88975621545833	0	1.77243425261469	0.028193437583261	0.235873250080904	0.028193437583261	0.209732500699753	NA	"prevalence"	30	6
"Cryptobacteroides sp910585445"	"Sex"	"M"	"SexM"	1.42136163865385	-0.624832126159849	0.81000959182933	0.0283484689573082	0.235997967311958	0.055893302222393	0.235034873395936	NA	"abundance"	30	15
"Eubacterium_F sp910583555"	"Sequencing_Depth"	"Sequencing_Depth"	"Sequencing_Depth"	1.46156751372238	0	0.66672319559752	0.0283675665829117	0.235997967311958	0.0283675665829117	0.209732500699753	NA	"prevalence"	30	4
"Lactobacillus hominis"	"Sequencing_Depth"	"Sequencing_Depth"	"Sequencing_Depth"	1.87770874779086	0	0.856439452612743	0.0283463499704957	0.235997967311958	0.0558891843843416	0.235034873395936	NA	"prevalence"	30	21
"UBA3402 sp910588325"	"Genotype"	"MUT"	"GenotypeMUT"	-2.06580186934468	0	0.942100108202225	0.0283244888805945	0.235997967311958	0.055846701090842	0.235034873395936	NA	"prevalence"	30	14
"Anaerotardibacter sp000435675"	"Sex"	"M"	"SexM"	-3.63667163409653	0	1.66069440367895	0.0285351174223332	0.236726907840738	0.0304088288469634	0.209732500699753	NA	"prevalence"	30	16
"COE1 sp910586715"	"Sequencing_Depth"	"Sequencing_Depth"	"Sequencing_Depth"	1.28145573623261	0	0.585055143768455	0.0285013156100966	0.236726907840738	0.0285013156100966	0.209732500699753	NA	"prevalence"	30	4
"Cryptobacteroides sp009774765"	"Sequencing_Depth"	"Sequencing_Depth"	"Sequencing_Depth"	1.1262035005646	0	0.514212603726818	0.0285132519753088	0.236726907840738	0.0562134984124101	0.23578439611872	NA	"prevalence"	30	13
"MGBC122484 sp910587245"	"Sex"	"M"	"SexM"	1.01575502864182	-0.624832126159849	0.628183959833642	0.0285773458819727	0.236856080374373	0.0563380270662875	0.23610798054778	NA	"abundance"	30	13
"Kineothrix sp910579645"	"Genotype"	"MUT"	"GenotypeMUT"	1.85168376156761	0.264802588829141	0.636706166572664	0.0286176681408047	0.236948931622914	0.0286176681408047	0.209732500699753	NA	"abundance"	30	16
"MGYG000410378"	"Sequencing_Depth"	"Sequencing_Depth"	"Sequencing_Depth"	1.19451376439557	0	0.545843684110791	0.0286418854882397	0.236948931622914	0.056463413372158	0.236434612465095	NA	"prevalence"	30	9
"MGYG000322947"	"Genotype"	"MUT"	"GenotypeMUT"	2.23713878831004	0	1.02301392643097	0.0287562755195224	0.237425954202684	0.05668562765729	0.237157167691458	NA	"prevalence"	30	8
"MGYG000325537"	"Sequencing_Depth"	"Sequencing_Depth"	"Sequencing_Depth"	1.06077369203665	0	0.485148927767699	0.0287797133006518	0.237425954202684	0.0567311547036358	0.237157167691458	NA	"prevalence"	30	8
"MGYG000411523"	"Sex"	"M"	"SexM"	-1.93357966360027	0	0.884139806807294	0.0287453391712572	0.237425954202684	0.0152081370636154	0.209732500699753	NA	"prevalence"	30	12
"Sporofaciens sp910579925"	"Sequencing_Depth"	"Sequencing_Depth"	"Sequencing_Depth"	1.57328636377361	0	0.719833366707992	0.0288429949127831	0.237727281818254	0.0568540714700274	0.237471783851757	NA	"prevalence"	30	15
"14-2 sp000403315"	"Genotype"	"MUT"	"GenotypeMUT"	2.56021382610602	0.264802588829141	0.965625309442239	0.0289434931221315	0.237893558177741	0.0289434931221315	0.209732500699753	NA	"abundance"	30	22
"Avispirillum sp011957885"	"Sex"	"M"	"SexM"	-2.68614119786593	-0.624832126159849	0.84572419386315	0.0289414932847274	0.237893558177741	0.0289414932847274	0.209732500699753	NA	"abundance"	30	18
"14-2 sp910577785"	"Genotype"	"MUT"	"GenotypeMUT"	-1.9936376161436	0	0.912654826171764	0.0289300999600687	0.237893558177741	0.0570232492364378	0.237951657200661	NA	"prevalence"	30	18
"MGYG000410260"	"Sequencing_Depth"	"Sequencing_Depth"	"Sequencing_Depth"	1.27896774295642	0	0.585671622163986	0.0289797023285502	0.237971030673908	0.057119581510049	0.237982336676065	NA	"prevalence"	30	18
"CAG-873 sp910587235"	"Sex"	"M"	"SexM"	-3.24112899100671	-0.624832126159849	1.10769801852435	0.0290917812713375	0.238450624165898	0.0460077031607661	0.225202735609133	NA	"abundance"	30	23
"Angelakisella sp910585535"	"Sequencing_Depth"	"Sequencing_Depth"	"Sequencing_Depth"	1.3629833841849	0	0.624518502796487	0.0290759860427205	0.238450624165898	0.0573065591210846	0.238561891479001	NA	"prevalence"	30	16
"Duncaniella sp910586665"	"Sequencing_Depth"	"Sequencing_Depth"	"Sequencing_Depth"	1.79658555582166	0	0.823991774320296	0.0292319687158192	0.239158418084764	0.0576094294366357	0.239023969094717	NA	"prevalence"	30	21
"MGYG000322997"	"Sequencing_Depth"	"Sequencing_Depth"	"Sequencing_Depth"	1.79658555582166	0	0.823991774320296	0.0292319687158192	0.239158418084764	0.0576094294366357	0.239023969094717	NA	"prevalence"	30	21
"Duncaniella sp910587515"	"Sex"	"M"	"SexM"	-3.06603792188684	0	1.40668752453097	0.0292859754175853	0.239379845064623	0.0577142824790112	0.239259791674636	NA	"prevalence"	30	23
"MGYG000325560"	"Sex"	"M"	"SexM"	1.64742349265404	-0.624832126159849	0.878075957495623	0.0295517686276887	0.241330389942109	0.0288426347629977	0.209732500699753	NA	"abundance"	30	13
"MGYG000328896"	"Sex"	"M"	"SexM"	-1.50820633853172	-0.624832126159849	0.36447320343683	0.0295917204427627	0.241434743924653	0.0295917204427627	0.209732500699753	NA	"abundance"	30	19
"CAG-485 sp009775365"	"Sex"	"M"	"SexM"	-3.61351134166186	-0.624832126159849	1.29191185112812	0.029698072685964	0.241588352561542	0.029698072685964	0.209732500699753	NA	"abundance"	30	28
"Enterenecus sp910587395"	"Genotype"	"MUT"	"GenotypeMUT"	1.21700502118863	0.264802588829141	0.399417992031202	0.0299020358241942	0.241588352561542	0.0299020358241942	0.209732500699753	NA	"abundance"	30	21
"Acetatifactor sp910587755"	"Sequencing_Depth"	"Sequencing_Depth"	"Sequencing_Depth"	1.03031574623336	0	0.474676162372255	0.0299640252698728	0.241588352561542	0.059030207729372	0.241302317568056	NA	"prevalence"	30	7
"Anaerotardibacter sp900753095"	"Sex"	"M"	"SexM"	-2.33212319558606	0	1.07428483179283	0.0299416705239955	0.241588352561542	0.0589868374142235	0.241302317568056	NA	"prevalence"	30	12
"Bacteroides ovatus"	"Sequencing_Depth"	"Sequencing_Depth"	"Sequencing_Depth"	0.98994837864973	0	0.455399201112157	0.0297198953556214	0.241588352561542	0.0585565185312937	0.241259489053331	NA	"prevalence"	30	8
"Bacteroides uniformis"	"Sequencing_Depth"	"Sequencing_Depth"	"Sequencing_Depth"	1.97712782910394	0	0.910870743769798	0.0299621038055453	0.241588352561542	0.0590264799466364	0.241302317568056	NA	"prevalence"	30	19
"Butyribacter sp910586605"	"Sequencing_Depth"	"Sequencing_Depth"	"Sequencing_Depth"	1.03031574623336	0	0.474676162372255	0.0299640252698728	0.241588352561542	0.059030207729372	0.241302317568056	NA	"prevalence"	30	7
"CAG-873 sp910587545"	"Sex"	"M"	"SexM"	-2.47847521760165	0	1.14157256196503	0.0299231487614489	0.241588352561542	0.0589509026910979	0.241302317568056	NA	"prevalence"	30	19
"CAG-95 sp014804245"	"Sequencing_Depth"	"Sequencing_Depth"	"Sequencing_Depth"	1.03031574623336	0	0.474676162372255	0.0299640252698728	0.241588352561542	0.059030207729372	0.241302317568056	NA	"prevalence"	30	7
"Dysosmobacter sp001916835"	"Sequencing_Depth"	"Sequencing_Depth"	"Sequencing_Depth"	1.04957831741353	0	0.482872188729651	0.0297340477422336	0.241588352561542	0.0585839818893298	0.241259489053331	NA	"prevalence"	30	8
"Enterorhabdus sp910589695"	"Genotype"	"MUT"	"GenotypeMUT"	-3.2647755392165	0	1.50179520037153	0.029711498007922	0.241588352561542	0.0585402229019692	0.241259489053331	NA	"prevalence"	30	21
"UBA3402 sp021769025"	"Sequencing_Depth"	"Sequencing_Depth"	"Sequencing_Depth"	1.03031574623336	0	0.474676162372255	0.0299640252698728	0.241588352561542	0.059030207729372	0.241302317568056	NA	"prevalence"	30	7
"ZJ304 sp943192905"	"Sex"	"M"	"SexM"	-2.33206981288557	0	1.07302633908409	0.0297534229440075	0.241588352561542	0.000753163706925639	0.0658423640633414	NA	"prevalence"	30	21
"Paralachnospira sp910588815"	"Genotype"	"MUT"	"GenotypeMUT"	-3.20906582257983	0	1.47894559544531	0.0300194551530509	0.241815828680741	0.0591377426184158	0.241543747104562	NA	"prevalence"	30	14
"MGYG000323124"	"Genotype"	"MUT"	"GenotypeMUT"	-0.877743472674893	0.264802588829141	0.378555404525295	0.0300700176401074	0.242003719866263	0.0592358293193385	0.241606824464737	NA	"abundance"	30	9
"MGYG000329420"	"Genotype"	"MUT"	"GenotypeMUT"	2.70844756171219	0.264802588829141	0.982005613887518	0.0302463379060534	0.242325259057966	0.0246260199387791	0.209732500699753	NA	"abundance"	30	15
"Pullibacteroides sp910586395"	"Sequencing_Depth"	"Sequencing_Depth"	"Sequencing_Depth"	0.183201151634678	-0.499110588055241	0.206553064762002	0.0302049490653766	0.242325259057966	0.0594975591827113	0.241994360447918	NA	"abundance"	30	8
"D16-34 sp003612515"	"Genotype"	"MUT"	"GenotypeMUT"	-2.62224267546318	0	1.20998941714705	0.030222529578587	0.242325259057966	0.0595316578630455	0.241994360447918	NA	"prevalence"	30	15
"MGYG000325585"	"Sex"	"M"	"SexM"	-2.11418260152559	0	0.975577440566201	0.0302265477526748	0.242325259057966	0.059539451316305	0.241994360447918	NA	"prevalence"	30	12
"Ventrimonas sp910577765"	"Sequencing_Depth"	"Sequencing_Depth"	"Sequencing_Depth"	1.4185516691627	0	0.654532205347539	0.0302138468895845	0.242325259057966	0.0595148172353018	0.241994360447918	NA	"prevalence"	30	20
"MGYG000329148"	"Sex"	"M"	"SexM"	0.470411436386959	-0.624832126159849	0.364150864905891	0.0305626480102528	0.242821366671884	0.0601912205671069	0.243057416601211	NA	"abundance"	30	9
"Pelethomonas sp910588365"	"Sequencing_Depth"	"Sequencing_Depth"	"Sequencing_Depth"	-1.4087307837475	-0.499110588055241	0.382954681409065	0.0305954394365554	0.242821366671884	0.0448437912827475	0.223373707905659	NA	"abundance"	30	20
"Acetatifactor sp910586775"	"Sex"	"M"	"SexM"	-2.16362103271731	0	0.999721697686406	0.0304472127595675	0.242821366671884	0.0599673927543086	0.24266831531376	NA	"prevalence"	30	14
"Acetatifactor sp910586835"	"Sex"	"M"	"SexM"	-1.8956970414681	0	0.876776746114403	0.0306088835872268	0.242821366671884	0.0602808634199972	0.243222301556151	NA	"prevalence"	30	14
"An181 sp910585545"	"Genotype"	"MUT"	"GenotypeMUT"	3.1504842170251	0	1.45646424648526	0.0305331509272222	0.242821366671884	0.0305331509272222	0.209732500699753	NA	"prevalence"	30	6
"Butyrivibrio_A sp000431815"	"Genotype"	"MUT"	"GenotypeMUT"	3.1504842170251	0	1.45646424648526	0.0305331509272222	0.242821366671884	0.0305331509272222	0.209732500699753	NA	"prevalence"	30	6
"CAG-873 sp910587925"	"Sequencing_Depth"	"Sequencing_Depth"	"Sequencing_Depth"	1.19690695508857	0	0.553093908532746	0.030462720815664	0.242821366671884	0.0599974642718348	0.24266831531376	NA	"prevalence"	30	17
"MGYG000322968"	"Sequencing_Depth"	"Sequencing_Depth"	"Sequencing_Depth"	1.04343013297202	0	0.48198195786967	0.0303973479105684	0.242821366671884	0.0598706970611406	0.24266831531376	NA	"prevalence"	30	6
"MGYG000329799"	"Sequencing_Depth"	"Sequencing_Depth"	"Sequencing_Depth"	1.05391438162651	0	0.487221497525183	0.0305326115538981	0.242821366671884	0.060132982739495	0.243019183285404	NA	"prevalence"	30	5
"MGYG000399267"	"Sequencing_Depth"	"Sequencing_Depth"	"Sequencing_Depth"	2.8647803923758	0	1.32325587283435	0.0303916540006378	0.242821366671884	0.0598596553683812	0.24266831531376	NA	"prevalence"	30	24
"MGYG000410711"	"Sequencing_Depth"	"Sequencing_Depth"	"Sequencing_Depth"	2.8647803923758	0	1.32325587283435	0.0303916540006378	0.242821366671884	0.0598596553683812	0.24266831531376	NA	"prevalence"	30	24
"CAG-873 sp910587355"	"Sex"	"M"	"SexM"	-1.90712699846939	0	0.88220846136202	0.0306363274287264	0.242822274044812	0.0603340702991327	0.243240026133154	NA	"prevalence"	30	14
"RUG115 sp910578885"	"Sequencing_Depth"	"Sequencing_Depth"	"Sequencing_Depth"	1.05234657081859	0	0.486955881712332	0.0306898019417935	0.243029313950834	0.0604377399403606	0.243456713610144	NA	"prevalence"	30	5
"CAG-115 sp910577365"	"Sequencing_Depth"	"Sequencing_Depth"	"Sequencing_Depth"	1.11999879750694	0	0.518371740561199	0.0307255333168607	0.243095604203302	0.0307255333168607	0.209732500699753	NA	"prevalence"	30	4
"Acutalibacter muris"	"Genotype"	"MUT"	"GenotypeMUT"	2.2188303526147	0.264802588829141	0.854364322224421	0.0308106450615404	0.243300896989725	0.0308106450615404	0.209732500699753	NA	"abundance"	30	30
"MGYG000373138"	"Sequencing_Depth"	"Sequencing_Depth"	"Sequencing_Depth"	0.0860338978712619	-0.499110588055241	0.24770057931826	0.0308334911154899	0.243300896989725	0.0607162780566109	0.243992389606264	NA	"abundance"	30	21
"Paramuribaculum sp910578305"	"Sequencing_Depth"	"Sequencing_Depth"	"Sequencing_Depth"	2.51066779573784	0	1.16276975403711	0.0308336308396657	0.243300896989725	0.0607165488885747	0.243992389606264	NA	"prevalence"	30	23
"CAG-873 sp009775265"	"Genotype"	"MUT"	"GenotypeMUT"	-2.10974784490897	0.264802588829141	1.02202756564813	0.0309770331632941	0.24379972224485	0.0609944897429885	0.244378383901793	NA	"abundance"	30	24
"Desulfovibrio sp910584445"	"Sex"	"M"	"SexM"	-3.20427831263563	0	1.48509733456882	0.0309572521102754	0.24379972224485	0.0609561527623316	0.244378383901793	NA	"prevalence"	30	23
"Rikenella sp910577885"	"Sequencing_Depth"	"Sequencing_Depth"	"Sequencing_Depth"	1.65586187299626	0	0.767547862851031	0.0309791656065769	0.24379972224485	0.0609986225114741	0.244378383901793	NA	"prevalence"	30	18
"Enterenecus sp910585155"	"Genotype"	"MUT"	"GenotypeMUT"	1.37568407993739	0.264802588829141	0.483400092306613	0.0310939937533319	0.243896769605646	0.0612211510591315	0.244378383901793	NA	"abundance"	30	28
"14-2 sp910588285"	"Sequencing_Depth"	"Sequencing_Depth"	"Sequencing_Depth"	1.96690842704447	0	0.912688029728513	0.0311561996063487	0.243896769605646	0.0613416904387867	0.244378383901793	NA	"prevalence"	30	22
"Coproplasma sp910577555"	"Sequencing_Depth"	"Sequencing_Depth"	"Sequencing_Depth"	1.06104650385611	0	0.4922636794275	0.0311271524737197	0.243896769605646	0.0612854053263173	0.244378383901793	NA	"prevalence"	30	6
"MD308 sp910584615"	"Sequencing_Depth"	"Sequencing_Depth"	"Sequencing_Depth"	2.11450607569782	0	0.980806704727047	0.0310926768373572	0.243896769605646	0.0612185991218021	0.244378383901793	NA	"prevalence"	30	21
"MGYG000325650"	"Sequencing_Depth"	"Sequencing_Depth"	"Sequencing_Depth"	1.50562189126072	0	0.698568253588909	0.0311386194455626	0.243896769605646	0.0613076252701496	0.244378383901793	NA	"prevalence"	30	19
"Nanosyncoccus sp003979185"	"Genotype"	"MUT"	"GenotypeMUT"	-2.07805802337439	0	0.96387380948443	0.0310880327375913	0.243896769605646	0.061209599695689	0.244378383901793	NA	"prevalence"	30	14
"14-2 sp910575075"	"Sex"	"M"	"SexM"	-2.31527134305752	0	1.07551653955077	0.031341759830739	0.244448653477645	0.0617012137521903	0.244624192135946	NA	"prevalence"	30	21
"C-19 sp910576855"	"Sequencing_Depth"	"Sequencing_Depth"	"Sequencing_Depth"	1.50133171281526	0	0.697354569623619	0.0313268699234418	0.244448653477645	0.0616723670676834	0.244624192135946	NA	"prevalence"	30	19
"Collinsella sp900545445"	"Sequencing_Depth"	"Sequencing_Depth"	"Sequencing_Depth"	1.51712180642856	0	0.705187832471995	0.0314467992037083	0.244448653477645	0.0619046972272583	0.244624192135946	NA	"prevalence"	30	10
"MGYG000325717"	"Sequencing_Depth"	"Sequencing_Depth"	"Sequencing_Depth"	2.25332717535325	0	1.04734977795536	0.0314402092560451	0.244448653477645	0.0618919317540263	0.244624192135946	NA	"prevalence"	30	23
"MGYG000405682"	"Sequencing_Depth"	"Sequencing_Depth"	"Sequencing_Depth"	1.99200321160243	0	0.925523848219019	0.0313738840976654	0.244448653477645	0.0617634475919571	0.244624192135946	NA	"prevalence"	30	15
"MGYG000410812"	"Sequencing_Depth"	"Sequencing_Depth"	"Sequencing_Depth"	1.51712180642856	0	0.705187832471995	0.0314467992037083	0.244448653477645	0.0619046972272583	0.244624192135946	NA	"prevalence"	30	10
"Paramuribaculum sp910586475"	"Sequencing_Depth"	"Sequencing_Depth"	"Sequencing_Depth"	2.25332717535325	0	1.04734977795536	0.0314402092560451	0.244448653477645	0.0618919317540263	0.244624192135946	NA	"prevalence"	30	23
"Prevotella intestinalis"	"Sequencing_Depth"	"Sequencing_Depth"	"Sequencing_Depth"	0.970645720779168	0	0.450799737580912	0.0313057997701845	0.244448653477645	0.0616315464411181	0.244624192135946	NA	"prevalence"	30	11
"UBA7177 sp910579545"	"Sequencing_Depth"	"Sequencing_Depth"	"Sequencing_Depth"	1.31216093738527	0	0.61004372366676	0.0314817781582156	0.244506642426351	0.0314817781582156	0.209732500699753	NA	"prevalence"	30	7
"MGYG000322966"	"Genotype"	"MUT"	"GenotypeMUT"	1.26606308624339	0.264802588829141	0.41778897227184	0.0316138479360255	0.244676863163403	0.0316138479360255	0.209732500699753	NA	"abundance"	30	18
"Emergencia sp009936045"	"Sex"	"M"	"SexM"	-2.21092532546749	0	1.02836388527981	0.0315596015360939	0.244676863163403	0.0621231946230707	0.245110869172585	NA	"prevalence"	30	10
"Paraprevotella sp900548345"	"Sequencing_Depth"	"Sequencing_Depth"	"Sequencing_Depth"	0.990887994564789	0	0.46089427804079	0.0315611711373552	0.244676863163403	0.0621262347511489	0.245110869172585	NA	"prevalence"	30	8
"UBA2882 sp910574745"	"Sequencing_Depth"	"Sequencing_Depth"	"Sequencing_Depth"	1.58566082389668	0	0.737721531641031	0.0316024731495048	0.244676863163403	0.0622062299898444	0.245232313322306	NA	"prevalence"	30	16
"MGYG000329398"	"Genotype"	"MUT"	"GenotypeMUT"	1.66516476822224	0.264802588829141	0.251874025409758	0.0317114682234994	0.245218794748296	0.0317114682234994	0.209732500699753	NA	"abundance"	30	6
"MGBC163016 sp910589125"	"Sequencing_Depth"	"Sequencing_Depth"	"Sequencing_Depth"	1.93372104766242	0	0.900522795037013	0.0317668924012946	0.245433773030872	0.0625246493497538	0.245753961649286	NA	"prevalence"	30	22
"CAG-317 sp011960265"	"Sex"	"M"	"SexM"	0.376580386701311	-0.624832126159849	0.423846407167418	0.0320273687405019	0.245618310275672	0.0630289851325638	0.247107342970547	NA	"abundance"	30	20
"CAG-485 sp009775365"	"Genotype"	"MUT"	"GenotypeMUT"	-2.65580981312409	0.264802588829141	1.28185956576967	0.0319800884955274	0.245618310275672	0.0319800884955274	0.209732500699753	NA	"abundance"	30	28
"MGYG000432287"	"Sequencing_Depth"	"Sequencing_Depth"	"Sequencing_Depth"	0.394051918715992	-0.499110588055241	0.162660937111118	0.0319696371125664	0.245618310275672	0.0159803175959649	0.209732500699753	NA	"abundance"	30	6
"Turicimonas muris"	"Genotype"	"MUT"	"GenotypeMUT"	-2.218332378112	0.264802588829141	1.08996128234626	0.0320778458233384	0.245618310275672	0.0320778458233384	0.209732500699753	NA	"abundance"	30	28
"Agrobacterium pusense"	"Genotype"	"MUT"	"GenotypeMUT"	3.00872508149506	0	1.40410490973825	0.0321286417908935	0.245618310275672	0.0321286417908935	0.209732500699753	NA	"prevalence"	30	6
"COE1 sp000403215"	"Sequencing_Depth"	"Sequencing_Depth"	"Sequencing_Depth"	1.00001503731091	0	0.466345908659878	0.0320037909330254	0.245618310275672	0.051209465383329	0.23197887818648	NA	"prevalence"	30	14
"COE1 sp910578795"	"Sequencing_Depth"	"Sequencing_Depth"	"Sequencing_Depth"	1.16528967536166	0	0.543882652272116	0.032150151361914	0.245618310275672	0.032150151361914	0.209732500699753	NA	"prevalence"	30	4
"Escherichia coli"	"Genotype"	"MUT"	"GenotypeMUT"	2.02245478873608	0	0.943905663712577	0.0321416116263944	0.245618310275672	0.0632501400548469	0.247584798030873	NA	"prevalence"	30	16
"MGYG000327895"	"Sequencing_Depth"	"Sequencing_Depth"	"Sequencing_Depth"	1.81985487262491	0	0.848604206987319	0.0319906619329686	0.245618310275672	0.0629579214150276	0.247023088512664	NA	"prevalence"	30	21
"MGYG000328872"	"Genotype"	"MUT"	"GenotypeMUT"	-3.2418059129999	0	1.51078388509687	0.0318907427609624	0.245618310275672	0.0318907427609624	0.209732500699753	NA	"prevalence"	30	6
"MGYG000388556"	"Sequencing_Depth"	"Sequencing_Depth"	"Sequencing_Depth"	0.982094965526416	0	0.457917364234294	0.0319769117629662	0.245618310275672	0.0629313006400359	0.247023088512664	NA	"prevalence"	30	7
"MGYG000393816"	"Sequencing_Depth"	"Sequencing_Depth"	"Sequencing_Depth"	1.70784166443142	0	0.796547843548669	0.0320285527796013	0.245618310275672	0.0320285527796013	0.209732500699753	NA	"prevalence"	30	8
"Ruthenibacterium lactatiformans"	"Sequencing_Depth"	"Sequencing_Depth"	"Sequencing_Depth"	1.16528967536166	0	0.543882652272116	0.032150151361914	0.245618310275672	0.032150151361914	0.209732500699753	NA	"prevalence"	30	4
"Copromonas sp009917545"	"Sequencing_Depth"	"Sequencing_Depth"	"Sequencing_Depth"	-0.00337977898550863	-0.499110588055241	0.216172376929474	0.0323950765228221	0.246852705750664	0.0637407120627248	0.248723545973812	NA	"abundance"	30	26
"RGIG4057 sp910577675"	"Sex"	"M"	"SexM"	1.50047509464013	-0.624832126159849	0.559649510609727	0.0323910657143909	0.246852705750664	0.0637329502906678	0.248723545973812	NA	"abundance"	30	7
"UBA3282 sp910579505"	"Sequencing_Depth"	"Sequencing_Depth"	"Sequencing_Depth"	0.986158658959675	0	0.46081184535064	0.0323510296932487	0.246852705750664	0.063655470264284	0.248723545973812	NA	"prevalence"	30	9
"C-19 sp022799495"	"Sequencing_Depth"	"Sequencing_Depth"	"Sequencing_Depth"	1.03989984299421	0	0.486275313362412	0.0324761698980571	0.24725858572771	0.0638976381848668	0.249140791138647	NA	"prevalence"	30	8
"Paralachnospira_A sp910588405"	"Sex"	"M"	"SexM"	-3.83243568580966	-0.624832126159849	1.27016394276406	0.0325297931181222	0.247454804669962	0.0325297931181222	0.209735703894093	NA	"abundance"	30	13
"Ventrimonas sp910586255"	"Sequencing_Depth"	"Sequencing_Depth"	"Sequencing_Depth"	1.65193751401342	0	0.772964718406992	0.0325862176255007	0.247671979129661	0.064110573671865	0.249775597034326	NA	"prevalence"	30	22
"Prevotella rodentium"	"Sequencing_Depth"	"Sequencing_Depth"	"Sequencing_Depth"	0.965032124000594	0	0.451700250386111	0.032643270768507	0.24789355622067	0.0642209584105479	0.250010184187313	NA	"prevalence"	30	9
"Dysosmobacter sp910584465"	"Sequencing_Depth"	"Sequencing_Depth"	"Sequencing_Depth"	1.9897322804104	0	0.931878536961912	0.0327459711965083	0.248283848604463	0.0644196437634141	0.250426879512267	NA	"prevalence"	30	17
"MGYG000410125"	"Sequencing_Depth"	"Sequencing_Depth"	"Sequencing_Depth"	1.47005810401995	0	0.688510517844117	0.0327505538057885	0.248283848604463	0.0644285088369911	0.250426879512267	NA	"prevalence"	30	19
"Acetatifactor sp003612485"	"Genotype"	"MUT"	"GenotypeMUT"	-1.83596040699662	0	0.860123162996276	0.0327992578747295	0.248441096519158	0.0645227244323261	0.250545414840536	NA	"prevalence"	30	12
"Limisoma sp000437795"	"Sex"	"M"	"SexM"	-2.07849531335249	0	0.974051850596855	0.0328538196899414	0.248642408811865	0.0646282659116636	0.250545414840536	NA	"prevalence"	30	14
"Pelethomonas sp910588365"	"Sex"	"M"	"SexM"	-2.42168437974785	-0.624832126159849	0.768588122818148	0.0329000262209767	0.248780198275215	0.0329000262209767	0.210735140050016	NA	"abundance"	30	20
"Enterorhabdus sp910589695"	"Sex"	"M"	"SexM"	-1.78421432426497	-0.624832126159849	0.497115576593767	0.0330724042581219	0.24923520935828	0.0196322217948235	0.209732500699753	NA	"abundance"	30	21
"Gordonibacter pamelaeae"	"Genotype"	"MUT"	"GenotypeMUT"	-2.99273681463502	0	1.4042337298167	0.0330706816885885	0.24923520935828	0.0117673734694845	0.209732500699753	NA	"prevalence"	30	17
"MGYG000331189"	"Sequencing_Depth"	"Sequencing_Depth"	"Sequencing_Depth"	1.69001762031634	0	0.79282251122016	0.0330358880139114	0.24923520935828	0.0649804061309551	0.25159080322498	NA	"prevalence"	30	18
"MGYG000411499"	"Sequencing_Depth"	"Sequencing_Depth"	"Sequencing_Depth"	1.21421799025855	0	0.569462852515299	0.0329890670764726	0.24923520935828	0.0329890670764726	0.210735140050016	NA	"prevalence"	30	3
"MGYG000330978"	"Sequencing_Depth"	"Sequencing_Depth"	"Sequencing_Depth"	1.31891636688218	0	0.619034013987394	0.0331217770238685	0.249395753268705	0.0651465019345182	0.25203805833828	NA	"prevalence"	30	16
"MGYG000328397"	"Sex"	"M"	"SexM"	-1.89986941196715	0	0.891924189515126	0.0331650522982515	0.249510152133755	0.0652301839025572	0.252166025125246	NA	"prevalence"	30	14
"Parabacteroides sp900760525"	"Sex"	"M"	"SexM"	1.41979821370408	-0.624832126159849	0.889222478092624	0.0332180636820751	0.249697542990895	0.0653326876093639	0.25236649795152	NA	"abundance"	30	23
"Acutalibacter sp910589395"	"Genotype"	"MUT"	"GenotypeMUT"	-2.27837351313393	0.264802588829141	1.10114836635865	0.0347137320608588	0.251405910020666	0.0347137320608588	0.213818153407636	NA	"abundance"	30	20
"Desulfovibrio sp009773975"	"Sex"	"M"	"SexM"	-2.13989112078144	-0.624832126159849	0.677881544885908	0.0345217759499805	0.251405910020666	0.0345217759499805	0.213818153407636	NA	"abundance"	30	30
"Bacteroides fragilis"	"Sequencing_Depth"	"Sequencing_Depth"	"Sequencing_Depth"	1.17100768483703	0	0.551026173658118	0.0335749445440212	0.251405910020666	0.0335749445440212	0.213126049252048	NA	"prevalence"	30	4
"CAG-267 sp910576955"	"Sequencing_Depth"	"Sequencing_Depth"	"Sequencing_Depth"	1.27781989962453	0	0.603849180349929	0.0343342407252082	0.251405910020666	0.0343342407252082	0.213818153407636	NA	"prevalence"	30	4
"CAG-873 sp014801485"	"Sequencing_Depth"	"Sequencing_Depth"	"Sequencing_Depth"	1.0796566516469	0	0.510929386496349	0.0345902392748772	0.251405910020666	0.0345902392748772	0.213818153407636	NA	"prevalence"	30	4
"MGYG000323634"	"Sequencing_Depth"	"Sequencing_Depth"	"Sequencing_Depth"	1.0796566516469	0	0.510929386496349	0.0345902392748772	0.251405910020666	0.0345902392748772	0.213818153407636	NA	"prevalence"	30	4
"MGYG000325392"	"Sequencing_Depth"	"Sequencing_Depth"	"Sequencing_Depth"	1.0796566516469	0	0.510929386496349	0.0345902392748772	0.251405910020666	0.0345902392748772	0.213818153407636	NA	"prevalence"	30	4
"MGYG000325642"	"Sequencing_Depth"	"Sequencing_Depth"	"Sequencing_Depth"	1.0796566516469	0	0.510929386496349	0.0345902392748772	0.251405910020666	0.0345902392748772	0.213818153407636	NA	"prevalence"	30	4
"MGYG000369368"	"Sex"	"M"	"SexM"	3.26937268369643	0	1.54041977917295	0.0338049386884225	0.251405910020666	0.0338049386884225	0.213769047569047	NA	"prevalence"	30	6
"MGYG000410602"	"Sequencing_Depth"	"Sequencing_Depth"	"Sequencing_Depth"	1.27781989962453	0	0.603849180349929	0.0343342407252082	0.251405910020666	0.0343342407252082	0.213818153407636	NA	"prevalence"	30	4
"MGYG000329824"	"Genotype"	"MUT"	"GenotypeMUT"	-2.78599099934262	0	1.31961220962767	0.0347534514537957	0.25145310762783	0.0347534514537957	0.213818153407636	NA	"prevalence"	30	6
"Dysosmobacter sp022797935"	"Genotype"	"MUT"	"GenotypeMUT"	1.67253587374512	0.264802588829141	0.584059122684904	0.034955911073518	0.252096809974195	0.0261005984561828	0.209732500699753	NA	"abundance"	30	15
"Adlercreutzia caecimuris"	"Genotype"	"MUT"	"GenotypeMUT"	-1.86633397169538	0.264802588829141	0.947925690052919	0.0350900217841741	0.252653844045694	0.0350900217841741	0.214281346262916	NA	"abundance"	30	26
"MGYG000350425"	"Sequencing_Depth"	"Sequencing_Depth"	"Sequencing_Depth"	-1.2698339530146	-0.499110588055241	0.210179699447789	0.0353328976396979	0.253869145605086	0.0157453428107017	0.209732500699753	NA	"abundance"	30	7
"MGBC163016 sp910580205"	"Sex"	"M"	"SexM"	-1.71911287285849	-0.624832126159849	0.476735599864826	0.0360480065650102	0.254967485675009	0.0296224563768488	0.209732500699753	NA	"abundance"	30	20
"CAG-41 sp010206265"	"Sequencing_Depth"	"Sequencing_Depth"	"Sequencing_Depth"	1.22489452738431	0	0.583478374513981	0.0357907086720608	0.254967485675009	0.0357907086720608	0.214605825747453	NA	"prevalence"	30	3
"Dysosmobacter sp900763685"	"Sequencing_Depth"	"Sequencing_Depth"	"Sequencing_Depth"	1.22489452738431	0	0.583478374513981	0.0357907086720608	0.254967485675009	0.0357907086720608	0.214605825747453	NA	"prevalence"	30	3
"MGBC107952 sp910578855"	"Sequencing_Depth"	"Sequencing_Depth"	"Sequencing_Depth"	1.86002837088183	0	0.886833974175336	0.0359598972279442	0.254967485675009	0.0359598972279442	0.214605825747453	NA	"prevalence"	30	5
"MGYG000328377"	"Sequencing_Depth"	"Sequencing_Depth"	"Sequencing_Depth"	1.22489452738431	0	0.583478374513981	0.0357907086720608	0.254967485675009	0.0357907086720608	0.214605825747453	NA	"prevalence"	30	3
"MGYG000387732"	"Sequencing_Depth"	"Sequencing_Depth"	"Sequencing_Depth"	1.22489452738431	0	0.583478374513981	0.0357907086720608	0.254967485675009	0.0357907086720608	0.214605825747453	NA	"prevalence"	30	3
"QXXE01 sp910586105"	"Sequencing_Depth"	"Sequencing_Depth"	"Sequencing_Depth"	1.22489452738431	0	0.583478374513981	0.0357907086720608	0.254967485675009	0.0357907086720608	0.214605825747453	NA	"prevalence"	30	3
"UBA3282 sp910586615"	"Sequencing_Depth"	"Sequencing_Depth"	"Sequencing_Depth"	1.86002837088183	0	0.886833974175336	0.0359598972279442	0.254967485675009	0.0359598972279442	0.214605825747453	NA	"prevalence"	30	5
"MGYG000411020"	"Genotype"	"MUT"	"GenotypeMUT"	1.81837489913485	0.264802588829141	0.68694562289167	0.0367697483322535	0.255613847129807	0.0367697483322535	0.214605825747453	NA	"abundance"	30	22
"Paramuribaculum sp014801655"	"Genotype"	"MUT"	"GenotypeMUT"	-1.06472173221057	0.264802588829141	0.259201384665778	0.0368786721733165	0.255613847129807	0.0368786721733165	0.214605825747453	NA	"abundance"	30	6
"CAG-95 sp011959285"	"Sequencing_Depth"	"Sequencing_Depth"	"Sequencing_Depth"	1.12350508247766	0	0.538441541253699	0.0369254897634966	0.255613847129807	0.0369254897634966	0.214605825747453	NA	"prevalence"	30	4
"Coproplasma sp910576655"	"Sequencing_Depth"	"Sequencing_Depth"	"Sequencing_Depth"	1.07421856028501	0	0.513681842480215	0.0365089023815114	0.255613847129807	0.0365089023815114	0.214605825747453	NA	"prevalence"	30	4
"MGYG000323038"	"Sequencing_Depth"	"Sequencing_Depth"	"Sequencing_Depth"	1.44749428403655	0	0.692779535063711	0.0366716373076794	0.255613847129807	0.0366716373076794	0.214605825747453	NA	"prevalence"	30	6
"MGYG000325480"	"Sequencing_Depth"	"Sequencing_Depth"	"Sequencing_Depth"	1.21080447488182	0	0.580276274938311	0.0369243073604552	0.255613847129807	0.0369243073604552	0.214605825747453	NA	"prevalence"	30	4
"MGYG000325643"	"Sequencing_Depth"	"Sequencing_Depth"	"Sequencing_Depth"	1.12350508247766	0	0.538441541253699	0.0369254897634966	0.255613847129807	0.0369254897634966	0.214605825747453	NA	"prevalence"	30	4
"MGYG000339089"	"Sequencing_Depth"	"Sequencing_Depth"	"Sequencing_Depth"	1.54996474162897	0	0.741358413424717	0.0365541535569574	0.255613847129807	0.0365541535569574	0.214605825747453	NA	"prevalence"	30	3
"MGYG000410938"	"Sex"	"M"	"SexM"	-1.58925444979888	-0.624832126159849	0.431162765064151	0.0371673344611784	0.255993617587263	0.0371673344611784	0.214605825747453	NA	"abundance"	30	25
"Sporofaciens sp910585725"	"Sex"	"M"	"SexM"	-3.89940250435661	-0.624832126159849	1.39572198253714	0.0370721475914193	0.255993617587263	0.0370721475914193	0.214605825747453	NA	"abundance"	30	16
"MGYG000410015"	"Genotype"	"MUT"	"GenotypeMUT"	1.98515886871262	0.264802588829141	0.559123197266499	0.0374342577900371	0.257258332057816	0.0374342577900371	0.215134752478211	NA	"abundance"	30	8
"MGYG000329398"	"Sequencing_Depth"	"Sequencing_Depth"	"Sequencing_Depth"	0.209415649895271	-0.499110588055241	0.140992877773128	0.0379332610026561	0.258669327112246	0.0301747250833551	0.209732500699753	NA	"abundance"	30	6
"MGYG000432287"	"Genotype"	"MUT"	"GenotypeMUT"	1.72990475289817	0.264802588829141	0.290582514905653	0.0379342862382956	0.258669327112246	0.0379342862382956	0.2157837309651	NA	"abundance"	30	6
"Pediococcus pentosaceus"	"Sex"	"M"	"SexM"	-2.76820508363644	0	1.33344530476209	0.0378958493506748	0.258669327112246	0.0308798844991119	0.209732500699753	NA	"prevalence"	30	23
"Sporofaciens sp009774295"	"Sex"	"M"	"SexM"	-1.76318826629747	-0.624832126159849	0.519716323219479	0.0386659553345592	0.261111776065921	0.0386659553345592	0.216292850780055	NA	"abundance"	30	29
"MGYG000410441"	"Genotype"	"MUT"	"GenotypeMUT"	-3.20300113458597	0	1.54911469982426	0.0386745185484245	0.261111776065921	0.0386745185484245	0.216292850780055	NA	"prevalence"	30	5
"Enterorhabdus sp910589695"	"Genotype"	"MUT"	"GenotypeMUT"	-0.8205917430025	0.264802588829141	0.483158662216824	0.0387952123594923	0.261212332112227	0.0585402229019692	0.241259489053331	NA	"abundance"	30	21
"RGIG4057 sp910587085"	"Sex"	"M"	"SexM"	-2.84410683048406	-0.624832126159849	0.979915849095447	0.039065535962683	0.261212332112227	0.039065535962683	0.216292850780055	NA	"abundance"	30	19
"MGYG000323128"	"Sequencing_Depth"	"Sequencing_Depth"	"Sequencing_Depth"	1.1462074533303	0	0.554830026210331	0.0388406290650774	0.261212332112227	0.0388406290650774	0.216292850780055	NA	"prevalence"	30	3
"MGYG000325327"	"Sequencing_Depth"	"Sequencing_Depth"	"Sequencing_Depth"	1.1462074533303	0	0.554830026210331	0.0388406290650774	0.261212332112227	0.0388406290650774	0.216292850780055	NA	"prevalence"	30	3
"MGYG000410806"	"Sequencing_Depth"	"Sequencing_Depth"	"Sequencing_Depth"	1.34689782378212	0	0.652676231329047	0.0390505470424989	0.261212332112227	0.0390505470424989	0.216292850780055	NA	"prevalence"	30	4
"MGYG000410939"	"Sequencing_Depth"	"Sequencing_Depth"	"Sequencing_Depth"	1.1462074533303	0	0.554830026210331	0.0388406290650774	0.261212332112227	0.0388406290650774	0.216292850780055	NA	"prevalence"	30	3
"UBA3818 sp910583935"	"Sequencing_Depth"	"Sequencing_Depth"	"Sequencing_Depth"	1.52093642485169	0	0.737010363408988	0.0390502710387182	0.261212332112227	0.0390502710387182	0.216292850780055	NA	"prevalence"	30	8
"MGYG000325446"	"Sequencing_Depth"	"Sequencing_Depth"	"Sequencing_Depth"	0.00180116788544758	-0.499110588055241	0.207238769664194	0.0393092903062087	0.261412975769691	0.0463647408234392	0.225493727004611	NA	"abundance"	30	13
"Paratractidigestivibacter faecalis"	"Sequencing_Depth"	"Sequencing_Depth"	"Sequencing_Depth"	-1.02519078821666	-0.499110588055241	0.229499738305789	0.0394856447909566	0.261412975769691	0.0125749649733889	0.209732500699753	NA	"abundance"	30	17
"MGYG000325711"	"Sex"	"M"	"SexM"	-2.75434137875568	0	1.33779634888489	0.0395072229944934	0.261412975769691	0.0395072229944934	0.217193002028663	NA	"prevalence"	30	6
"CAG-485 sp002493045"	"Sex"	"M"	"SexM"	-3.01304445778815	-0.624832126159849	1.10275052569165	0.0402969440471455	0.264040079541952	0.0402969440471455	0.217356124342773	NA	"abundance"	30	29
"Coproplasma sp910577375"	"Sex"	"M"	"SexM"	2.22015108962936	0	1.08292532973296	0.040350540916562	0.264196430393259	0.031591945303807	0.209732500699753	NA	"prevalence"	30	17
"MGYG000324400"	"Sequencing_Depth"	"Sequencing_Depth"	"Sequencing_Depth"	1.02939294195958	0	0.502211301982735	0.0403916859605475	0.264271082297102	0.0403916859605475	0.217356124342773	NA	"prevalence"	30	4
"RUG572 sp900547945"	"Sequencing_Depth"	"Sequencing_Depth"	"Sequencing_Depth"	1.52014104695847	0	0.742987660647579	0.0407579209087646	0.265411716173618	0.0407579209087646	0.218618643582749	NA	"prevalence"	30	2
"MGYG000330847"	"Sequencing_Depth"	"Sequencing_Depth"	"Sequencing_Depth"	1.21840692261088	0	0.596457085719089	0.0410781537714931	0.266788272841053	0.0410781537714931	0.219156788269111	NA	"prevalence"	30	4
"Paratractidigestivibacter sp003150175"	"Sequencing_Depth"	"Sequencing_Depth"	"Sequencing_Depth"	-1.19283635698559	-0.499110588055241	0.285085791357075	0.0411687776036876	0.266996050371361	0.0183306333687072	0.209732500699753	NA	"abundance"	30	12
"MGBC107952 sp910578855"	"Genotype"	"MUT"	"GenotypeMUT"	3.14397813147685	0	1.54073852890537	0.0412940185002668	0.267239663207143	0.0412940185002668	0.219368970348432	NA	"prevalence"	30	5
"UBA3282 sp910586615"	"Genotype"	"MUT"	"GenotypeMUT"	3.14397813147685	0	1.54073852890537	0.0412940185002668	0.267239663207143	0.0412940185002668	0.219368970348432	NA	"prevalence"	30	5
"MGYG000410549"	"Sequencing_Depth"	"Sequencing_Depth"	"Sequencing_Depth"	1.08535295211907	0	0.532170742780012	0.0414018894409564	0.267337055002106	0.0414018894409564	0.219408566715473	NA	"prevalence"	30	4
"MGYG000325376"	"Genotype"	"MUT"	"GenotypeMUT"	-2.86519936602765	0	1.40519712016894	0.0414498543944677	0.267452401085581	0.0414498543944677	0.219408566715473	NA	"prevalence"	30	5
"Angelakisella sp910585535"	"Sex"	"M"	"SexM"	-2.23422967456142	-0.624832126159849	0.703577851003606	0.0415504962352999	0.267586898684014	0.0415504962352999	0.219408566715473	NA	"abundance"	30	16
"MGYG000327182"	"Sequencing_Depth"	"Sequencing_Depth"	"Sequencing_Depth"	0.137477639428852	-0.499110588055241	0.233239234758845	0.0416836860237293	0.267586898684014	0.0409917619997964	0.219156788269111	NA	"abundance"	30	9
"UMGS124 sp900555105"	"Sequencing_Depth"	"Sequencing_Depth"	"Sequencing_Depth"	-1.01748794960829	-0.499110588055241	0.200214064308348	0.0417417491925766	0.267586898684014	0.0294428384449916	0.209732500699753	NA	"abundance"	30	10
"QXXE01 sp910589115"	"Sequencing_Depth"	"Sequencing_Depth"	"Sequencing_Depth"	1.3045342014525	0	0.640430892590429	0.0416537234824077	0.267586898684014	0.0416537234824077	0.219408566715473	NA	"prevalence"	30	5
"UBA1394 sp910588145"	"Sex"	"M"	"SexM"	2.23803328981762	-0.624832126159849	1.24252992652837	0.0419035019725369	0.267850802176971	0.00109682364024233	0.0853980031144925	NA	"abundance"	30	15
"Prevotella faecis"	"Sequencing_Depth"	"Sequencing_Depth"	"Sequencing_Depth"	1.29086547260203	0	0.634639343627025	0.0419501580734981	0.267956257716054	0.0419501580734981	0.219934005248547	NA	"prevalence"	30	4
"Avidehalobacter sp021771915"	"Sequencing_Depth"	"Sequencing_Depth"	"Sequencing_Depth"	-0.205639628731981	-0.499110588055241	0.126429573333189	0.0421225470629247	0.268269399914548	0.0245868766909834	0.209732500699753	NA	"abundance"	30	15
"Bacteroides stercorirosoris"	"Sequencing_Depth"	"Sequencing_Depth"	"Sequencing_Depth"	1.02702673495272	0	0.505431257094744	0.042155574709733	0.268269399914548	0.042155574709733	0.219934005248547	NA	"prevalence"	30	4
"MGYG000328314"	"Sequencing_Depth"	"Sequencing_Depth"	"Sequencing_Depth"	1.02775178182584	0	0.505553700074543	0.0420602954991042	0.268269399914548	0.0420602954991042	0.219934005248547	NA	"prevalence"	30	4
"Dysosmobacter sp022797935"	"Sex"	"M"	"SexM"	-1.71705960269627	-0.624832126159849	0.473462537415936	0.0424103052584947	0.269254471386756	0.0424103052584947	0.220218186466925	NA	"abundance"	30	15
"Dysosmobacter sp910583785"	"Sex"	"M"	"SexM"	-2.04199521676277	-0.624832126159849	0.654469352210384	0.0424261406799615	0.269254471386756	0.0424261406799615	0.220218186466925	NA	"abundance"	30	25
"MGYG000328307"	"Sex"	"M"	"SexM"	-1.61675139145852	-0.624832126159849	0.434921529592507	0.0425549917258679	0.269879444314301	0.0425549917258679	0.220327009493113	NA	"abundance"	30	16
"MGYG000329870"	"Sequencing_Depth"	"Sequencing_Depth"	"Sequencing_Depth"	0.226057100009837	-0.499110588055241	0.268224018081286	0.0428259985277326	0.270824908839078	0.0248716743560019	0.209732500699753	NA	"abundance"	30	9
"Acutalibacter muris"	"Sex"	"M"	"SexM"	1.2275796651529	-0.624832126159849	0.871016139415427	0.0433466475982551	0.273024946345026	0.0433466475982551	0.222074775928497	NA	"abundance"	30	30
"MGYG000325999"	"Sequencing_Depth"	"Sequencing_Depth"	"Sequencing_Depth"	-1.08083515332919	-0.499110588055241	0.124655273790545	0.0437492691869569	0.274708308640362	0.0218837349523616	0.209732500699753	NA	"abundance"	30	6
"Hungatella effluvii"	"Sequencing_Depth"	"Sequencing_Depth"	"Sequencing_Depth"	1.44543670881769	0	0.717295417470803	0.0438920235193868	0.275215687346331	0.0438920235193868	0.222074775928497	NA	"prevalence"	30	4
"MD308 sp910584615"	"Genotype"	"MUT"	"GenotypeMUT"	2.07363517931111	0	1.0293455555861	0.043955173994529	0.275417292624393	0.000591235376400874	0.0601250179715419	NA	"prevalence"	30	21
"Blautia pseudococcoides"	"Genotype"	"MUT"	"GenotypeMUT"	4.99697929551265	0.264802588829141	2.1533808288975	0.0441196690789364	0.276058633638274	0.0441196690789364	0.222518533421397	NA	"abundance"	30	19
"Akkermansia muciniphila_A"	"Sex"	"M"	"SexM"	1.11026884469038	-0.624832126159849	0.820165630028031	0.0443975793972269	0.276575275910814	0.0443975793972269	0.223065288915692	NA	"abundance"	30	30
"MGYG000399267"	"Sex"	"M"	"SexM"	-1.93806176151142	-0.624832126159849	0.610681366196838	0.0445409344373584	0.276939259955164	0.0445409344373584	0.223287199498347	NA	"abundance"	30	24
"Bacteroides thetaiotaomicron"	"Genotype"	"MUT"	"GenotypeMUT"	5.90913283997277	0.264802588829141	2.31389001291762	0.044827865088894	0.276992267780797	0.044827865088894	0.223373707905659	NA	"abundance"	30	11
"Duncaniella sp014802345"	"Sex"	"M"	"SexM"	-1.84729129381185	-0.624832126159849	0.574845304090163	0.0449400802003872	0.276992267780797	0.0449400802003872	0.223373707905659	NA	"abundance"	30	27
"Paramuribaculum sp001689565"	"Sex"	"M"	"SexM"	-2.44265864468011	-0.624832126159849	0.860580654658829	0.0450311494977411	0.277270799228988	0.0450311494977411	0.223496233015183	NA	"abundance"	30	29
"Anaerocaecibacter sp910586925"	"Genotype"	"MUT"	"GenotypeMUT"	2.82564649927793	0	1.41087289711814	0.0452025455449444	0.277543756113039	0.0452025455449444	0.223857812935463	NA	"prevalence"	30	5
"Lentihominibacter faecis"	"Genotype"	"MUT"	"GenotypeMUT"	2.82564649927793	0	1.41087289711814	0.0452025455449444	0.277543756113039	0.0452025455449444	0.223857812935463	NA	"prevalence"	30	5
"MGYG000387335"	"Sequencing_Depth"	"Sequencing_Depth"	"Sequencing_Depth"	1.81865600562661	0	0.908415229795104	0.045283699666656	0.277543756113039	0.045283699666656	0.223857812935463	NA	"prevalence"	30	6
"Paratractidigestivibacter sp900540955"	"Sequencing_Depth"	"Sequencing_Depth"	"Sequencing_Depth"	-0.82164812358524	-0.499110588055241	0.132272654718012	0.0461293445809565	0.28111058065967	0.0357943430563889	0.214605825747453	NA	"abundance"	30	11
"14-2 sp910586005"	"Sex"	"M"	"SexM"	-3.12680639274227	0	1.5684070018969	0.0461936798954175	0.281309695593409	0.0461936798954175	0.225493727004611	NA	"prevalence"	30	6
"Duncaniella sp001689575"	"Genotype"	"MUT"	"GenotypeMUT"	2.10088161562686	0.264802588829141	0.875828674557312	0.0466017022762082	0.282407951645379	0.0466017022762082	0.225493727004611	NA	"abundance"	30	29
"MGBC163016 sp910588205"	"Sex"	"M"	"SexM"	-2.72740752971277	-0.624832126159849	0.999527541973862	0.0468364454043293	0.282407951645379	0.0468364454043293	0.225493727004611	NA	"abundance"	30	27
"UBA7109 sp910576335"	"Sex"	"M"	"SexM"	-1.62115207551025	-0.624832126159849	0.475028458836911	0.046780570490265	0.282407951645379	0.046780570490265	0.225493727004611	NA	"abundance"	30	30
"MGBC136627 sp910585935"	"Sequencing_Depth"	"Sequencing_Depth"	"Sequencing_Depth"	1.03124211237132	0	0.518721116129199	0.0468064594130371	0.282407951645379	0.0468064594130371	0.225493727004611	NA	"prevalence"	30	4
"Sporofaciens sp910585725"	"Genotype"	"MUT"	"GenotypeMUT"	3.4850952511429	0.264802588829141	1.45695308615635	0.0472815726967033	0.283305261139411	0.0472815726967033	0.226542381488147	NA	"abundance"	30	16
"Eubacterium_F sp910577295"	"Genotype"	"MUT"	"GenotypeMUT"	3.52881758710751	0	1.7785262219759	0.0472419539798462	0.283305261139411	0.0472419539798462	0.226542381488147	NA	"prevalence"	30	5
"Lawsonibacter sp910588635"	"Genotype"	"MUT"	"GenotypeMUT"	1.59516772464688	0.264802588829141	0.637851209979252	0.0473784459935391	0.28366407860687	0.0473784459935391	0.226570821867376	NA	"abundance"	30	30
"Lachnospira sp910589305"	"Sex"	"M"	"SexM"	-2.19996059288227	-0.624832126159849	0.696501462114113	0.0476612506070249	0.28439906759128	0.0117645759994815	0.209732500699753	NA	"abundance"	30	14
"MGYG000399267"	"Sequencing_Depth"	"Sequencing_Depth"	"Sequencing_Depth"	0.166914796671245	-0.499110588055241	0.316349585423301	0.0483131673924085	0.286174994854367	0.0598596553683812	0.24266831531376	NA	"abundance"	30	24
"CAG-485 sp910588245"	"Sex"	"M"	"SexM"	-1.6639437277277	-0.624832126159849	0.488684684296456	0.0485179765628039	0.286610787330498	0.0421738587611509	0.219934005248547	NA	"abundance"	30	22
"Ventrimonas sp022799175"	"Sex"	"M"	"SexM"	-3.16258007523963	-0.624832126159849	0.979249033668744	0.0488383491298113	0.286610787330498	0.0488383491298113	0.230142935180456	NA	"abundance"	30	9
"Avoscillospira_A sp022792945"	"Sex"	"M"	"SexM"	-2.44260712075146	0	1.23989794910642	0.048837616217933	0.286610787330498	0.00417025319558705	0.187210555618111	NA	"prevalence"	30	17
"MGYG000401219"	"Sex"	"M"	"SexM"	-2.25655750212205	0	1.14449880902794	0.0486489338256355	0.286610787330498	0.0241403509005821	0.209732500699753	NA	"prevalence"	30	20
"Bariatricus sp022793995"	"Sex"	"M"	"SexM"	-2.04926974200127	-0.624832126159849	0.653920136534107	0.0489207902676644	0.286715845335223	0.0489207902676644	0.230142935180456	NA	"abundance"	30	17
"MGYG000410703"	"Genotype"	"MUT"	"GenotypeMUT"	1.38489800919221	0.264802588829141	0.509669894868243	0.0488965156306844	0.286715845335223	0.0488965156306844	0.230142935180456	NA	"abundance"	30	16
"Choladocola sp910587765"	"Sequencing_Depth"	"Sequencing_Depth"	"Sequencing_Depth"	1.11987297991588	0	0.569920873562815	0.0494186114074027	0.286946548452228	0.0494186114074027	0.230142935180456	NA	"prevalence"	30	3
"MGBC111451 sp910578605"	"Sequencing_Depth"	"Sequencing_Depth"	"Sequencing_Depth"	1.11987297991588	0	0.569920873562815	0.0494186114074027	0.286946548452228	0.0494186114074027	0.230142935180456	NA	"prevalence"	30	3
"MGYG000325306"	"Sequencing_Depth"	"Sequencing_Depth"	"Sequencing_Depth"	1.11987297991588	0	0.569920873562815	0.0494186114074027	0.286946548452228	0.0494186114074027	0.230142935180456	NA	"prevalence"	30	3
"MGYG000325491"	"Sequencing_Depth"	"Sequencing_Depth"	"Sequencing_Depth"	1.11987297991588	0	0.569920873562815	0.0494186114074027	0.286946548452228	0.0494186114074027	0.230142935180456	NA	"prevalence"	30	3
"MGYG000325711"	"Sequencing_Depth"	"Sequencing_Depth"	"Sequencing_Depth"	1.10457342856995	0	0.561207312462918	0.0490439653783375	0.286946548452228	0.0490439653783375	0.230142935180456	NA	"prevalence"	30	6
"MGYG000329350"	"Sequencing_Depth"	"Sequencing_Depth"	"Sequencing_Depth"	1.11987297991588	0	0.569920873562815	0.0494186114074027	0.286946548452228	0.0494186114074027	0.230142935180456	NA	"prevalence"	30	3
"MGYG000410441"	"Sex"	"M"	"SexM"	3.56238664649929	0	1.81009892809566	0.0490609216070452	0.286946548452228	0.0490609216070452	0.230142935180456	NA	"prevalence"	30	5
"MGYG000411369"	"Genotype"	"MUT"	"GenotypeMUT"	2.86714393014494	0	1.45986686322817	0.0495328396557851	0.286946548452228	0.0495328396557851	0.230244533586546	NA	"prevalence"	30	5
"MGYG000411369"	"Sequencing_Depth"	"Sequencing_Depth"	"Sequencing_Depth"	1.17159034599061	0	0.59612748333087	0.0493754503255841	0.286946548452228	0.0493754503255841	0.230142935180456	NA	"prevalence"	30	5
"14-2 sp910575075"	"Sex"	"M"	"SexM"	-1.81595922152871	-0.624832126159849	0.562839814437229	0.0502501210473563	0.287641856441885	0.0617012137521903	0.244624192135946	NA	"abundance"	30	21
"Choladocola sp910583615"	"Sex"	"M"	"SexM"	0.0435093935761452	-0.624832126159849	0.321868470010004	0.0501066885324504	0.287641856441885	0.0501066885324504	0.23197887818648	NA	"abundance"	30	30
"Dysosmobacter sp910589315"	"Genotype"	"MUT"	"GenotypeMUT"	2.17983615362413	0.264802588829141	0.897685411506951	0.050181525879217	0.287641856441885	0.0251443651785538	0.209732500699753	NA	"abundance"	30	19
"14-2 sp910588845"	"Sex"	"M"	"SexM"	-1.90781797919406	-0.624832126159849	0.621698387316449	0.0505297150939976	0.288056150717326	0.0505297150939976	0.23197887818648	NA	"abundance"	30	28
"MGBC163016 sp910588905"	"Sex"	"M"	"SexM"	-2.5920081222926	-0.624832126159849	0.950324982417227	0.0505435609418471	0.288056150717326	0.0505435609418471	0.23197887818648	NA	"abundance"	30	26
"14-2 sp910588885"	"Sequencing_Depth"	"Sequencing_Depth"	"Sequencing_Depth"	0.958974146837217	0	0.491035538423115	0.0508240016699867	0.288132436282649	0.0508240016699867	0.23197887818648	NA	"prevalence"	30	4
"Butyribacter sp910579085"	"Sequencing_Depth"	"Sequencing_Depth"	"Sequencing_Depth"	0.958974146837217	0	0.491035538423115	0.0508240016699867	0.288132436282649	0.0508240016699867	0.23197887818648	NA	"prevalence"	30	4
"Anaerotardibacter sp000434775"	"Sequencing_Depth"	"Sequencing_Depth"	"Sequencing_Depth"	1.00175107983816	0	0.513728974398858	0.0511808568930078	0.288908458382703	0.0511808568930078	0.23197887818648	NA	"prevalence"	30	4
"MGYG000410809"	"Sequencing_Depth"	"Sequencing_Depth"	"Sequencing_Depth"	1.00175107983816	0	0.513728974398858	0.0511808568930078	0.288908458382703	0.0511808568930078	0.23197887818648	NA	"prevalence"	30	4
"Adlercreutzia hattorii"	"Sex"	"M"	"SexM"	-2.61374586874918	0	1.34594126903348	0.0521435834171761	0.291484396342291	0.009390506592168	0.209732500699753	NA	"prevalence"	30	24
"Adlercreutzia mucosicola"	"Sex"	"M"	"SexM"	-2.61374586874918	0	1.34594126903348	0.0521435834171761	0.291484396342291	0.0178760271137272	0.209732500699753	NA	"prevalence"	30	24
"MGBC120314 sp910584325"	"Genotype"	"MUT"	"GenotypeMUT"	2.68216554535405	0	1.38234943818661	0.0523438625549282	0.291484396342291	0.0523438625549282	0.233453434553686	NA	"prevalence"	30	5
"MGBC131033 sp910585655"	"Genotype"	"MUT"	"GenotypeMUT"	2.68216554535405	0	1.38234943818661	0.0523438625549282	0.291484396342291	0.0523438625549282	0.233453434553686	NA	"prevalence"	30	5
"MGYG000327852"	"Sex"	"M"	"SexM"	-2.61374586874918	0	1.34594126903348	0.0521435834171761	0.291484396342291	0.0092003797173798	0.209732500699753	NA	"prevalence"	30	24
"MGYG000325728"	"Sequencing_Depth"	"Sequencing_Depth"	"Sequencing_Depth"	1.16904313630533	0	0.603280608917255	0.0526464195261184	0.292704064389495	0.0526464195261184	0.233453434553686	NA	"prevalence"	30	5
"Blautia_A massiliensis"	"Sequencing_Depth"	"Sequencing_Depth"	"Sequencing_Depth"	-1.07662234401665	-0.499110588055241	0.227885474378597	0.0528050889339317	0.292818349494539	0.0240840363939828	0.209732500699753	NA	"abundance"	30	9
"Lachnospira sp910587485"	"Sequencing_Depth"	"Sequencing_Depth"	"Sequencing_Depth"	0.989587387416645	0	0.51172705842863	0.0531354149546698	0.29323488315046	0.0531354149546698	0.233453434553686	NA	"prevalence"	30	4
"MGYG000325668"	"Sequencing_Depth"	"Sequencing_Depth"	"Sequencing_Depth"	-0.913983848078754	-0.499110588055241	0.163713348311276	0.0533962209141828	0.293761871716727	0.0240840363939828	0.209732500699753	NA	"abundance"	30	9
"CAG-170 sp900553545"	"Sequencing_Depth"	"Sequencing_Depth"	"Sequencing_Depth"	1.18413335282252	0	0.614474132631391	0.0539711733104246	0.293832031166129	0.0539711733104246	0.233453434553686	NA	"prevalence"	30	2
"Clostridium_Q symbiosum"	"Sequencing_Depth"	"Sequencing_Depth"	"Sequencing_Depth"	1.18413335282252	0	0.614474132631391	0.0539711733104246	0.293832031166129	0.0539711733104246	0.233453434553686	NA	"prevalence"	30	2
"Enterenecus sp932222125"	"Sequencing_Depth"	"Sequencing_Depth"	"Sequencing_Depth"	1.18413335282252	0	0.614474132631391	0.0539711733104246	0.293832031166129	0.0539711733104246	0.233453434553686	NA	"prevalence"	30	2
"Harryflintia sp022792175"	"Sequencing_Depth"	"Sequencing_Depth"	"Sequencing_Depth"	1.18413335282252	0	0.614474132631391	0.0539711733104246	0.293832031166129	0.0539711733104246	0.233453434553686	NA	"prevalence"	30	2
"Lawsonibacter asaccharolyticus"	"Sequencing_Depth"	"Sequencing_Depth"	"Sequencing_Depth"	1.18413335282252	0	0.614474132631391	0.0539711733104246	0.293832031166129	0.0539711733104246	0.233453434553686	NA	"prevalence"	30	2
"Lawsonibacter sp900066645"	"Sequencing_Depth"	"Sequencing_Depth"	"Sequencing_Depth"	1.18413335282252	0	0.614474132631391	0.0539711733104246	0.293832031166129	0.0539711733104246	0.233453434553686	NA	"prevalence"	30	2
"MGYG000324647"	"Sequencing_Depth"	"Sequencing_Depth"	"Sequencing_Depth"	1.18413335282252	0	0.614474132631391	0.0539711733104246	0.293832031166129	0.0539711733104246	0.233453434553686	NA	"prevalence"	30	2
"MGYG000325340"	"Sequencing_Depth"	"Sequencing_Depth"	"Sequencing_Depth"	1.18413335282252	0	0.614474132631391	0.0539711733104246	0.293832031166129	0.0539711733104246	0.233453434553686	NA	"prevalence"	30	2
"MGYG000330031"	"Sequencing_Depth"	"Sequencing_Depth"	"Sequencing_Depth"	1.18413335282252	0	0.614474132631391	0.0539711733104246	0.293832031166129	0.0539711733104246	0.233453434553686	NA	"prevalence"	30	2
"MGYG000330463"	"Sequencing_Depth"	"Sequencing_Depth"	"Sequencing_Depth"	1.18413335282252	0	0.614474132631391	0.0539711733104246	0.293832031166129	0.0539711733104246	0.233453434553686	NA	"prevalence"	30	2
"MGYG000377617"	"Sequencing_Depth"	"Sequencing_Depth"	"Sequencing_Depth"	1.18413335282252	0	0.614474132631391	0.0539711733104246	0.293832031166129	0.0539711733104246	0.233453434553686	NA	"prevalence"	30	2
"Oscillibacter sp002455655"	"Sequencing_Depth"	"Sequencing_Depth"	"Sequencing_Depth"	1.18413335282252	0	0.614474132631391	0.0539711733104246	0.293832031166129	0.0539711733104246	0.233453434553686	NA	"prevalence"	30	2
"Robinsoniella sp900555455"	"Sequencing_Depth"	"Sequencing_Depth"	"Sequencing_Depth"	1.18413335282252	0	0.614474132631391	0.0539711733104246	0.293832031166129	0.0539711733104246	0.233453434553686	NA	"prevalence"	30	2
"Alistipes putredinis"	"Sequencing_Depth"	"Sequencing_Depth"	"Sequencing_Depth"	1.04631089650337	0	0.543235466845978	0.0540953211897239	0.294309893836161	0.0540953211897239	0.233784613885109	NA	"prevalence"	30	4
"MGYG000330354"	"Genotype"	"MUT"	"GenotypeMUT"	2.39688480320508	0.264802588829141	0.962219141969217	0.0541959956255946	0.294331338396747	0.0227061732085962	0.209732500699753	NA	"abundance"	30	13
"Evtepia sp022792035"	"Sex"	"M"	"SexM"	-2.45846857135956	-0.624832126159849	0.881528084919763	0.0543297460631635	0.294617720864542	0.0298411000824083	0.209732500699753	NA	"abundance"	30	20
"Dysosmobacter sp910584075"	"Genotype"	"MUT"	"GenotypeMUT"	1.28711948774863	0.264802588829141	0.427670155725601	0.0547401845202664	0.295008283208249	0.0547401845202664	0.23479505346542	NA	"abundance"	30	10
"MGYG000329402"	"Sequencing_Depth"	"Sequencing_Depth"	"Sequencing_Depth"	-1.04441165097506	-0.499110588055241	0.217623554702817	0.0546752273891834	0.295008283208249	0.0494846845906768	0.230235465280432	NA	"abundance"	30	9
"Blautia coccoides"	"Genotype"	"MUT"	"GenotypeMUT"	2.56163263411333	0	1.33626614472794	0.0552369396060764	0.295749335510067	0.0552369396060764	0.23479505346542	NA	"prevalence"	30	5
"MGYG000324764"	"Genotype"	"MUT"	"GenotypeMUT"	2.56163263411333	0	1.33626614472794	0.0552369396060764	0.295749335510067	0.0552369396060764	0.23479505346542	NA	"prevalence"	30	5
"MGYG000324148"	"Genotype"	"MUT"	"GenotypeMUT"	2.05513096977441	0.264802588829141	0.876098591027878	0.0553721059400787	0.295958440165407	0.0553721059400787	0.23479505346542	NA	"abundance"	30	23
"Anaerocaecibacter sp910586925"	"Sex"	"M"	"SexM"	3.61623003237544	0	1.88911551954215	0.0555888519708605	0.295958440165407	0.0555888519708605	0.23479505346542	NA	"prevalence"	30	5
"Lentihominibacter faecis"	"Sex"	"M"	"SexM"	3.61623003237544	0	1.88911551954215	0.0555888519708605	0.295958440165407	0.0555888519708605	0.23479505346542	NA	"prevalence"	30	5
"MGYG000324875"	"Sequencing_Depth"	"Sequencing_Depth"	"Sequencing_Depth"	0.932501394414529	0	0.48714863630443	0.0555942190924101	0.295958440165407	0.0555942190924101	0.23479505346542	NA	"prevalence"	30	4
"MGYG000325605"	"Sequencing_Depth"	"Sequencing_Depth"	"Sequencing_Depth"	0.932501394414529	0	0.48714863630443	0.0555942190924101	0.295958440165407	0.0555942190924101	0.23479505346542	NA	"prevalence"	30	4
"CAG-873 sp017624155"	"Sex"	"M"	"SexM"	-1.80913992794492	-0.624832126159849	0.572123641399465	0.0556854533403022	0.296266618520111	0.0556854533403022	0.23479505346542	NA	"abundance"	30	20
"CAG-510 sp910577105"	"Sex"	"M"	"SexM"	-2.03566895954646	-0.624832126159849	0.675945742302349	0.055996347593297	0.296423170372206	0.055996347593297	0.235097283182461	NA	"abundance"	30	18
"Eggerthella lenta"	"Genotype"	"MUT"	"GenotypeMUT"	-0.467212936241335	0.264802588829141	0.348424915829292	0.0558088707604143	0.296423170372206	0.0382725506854664	0.216292850780055	NA	"abundance"	30	18
"MGYG000329509"	"Genotype"	"MUT"	"GenotypeMUT"	1.42931034329612	0.264802588829141	0.557530843269202	0.0560025035395508	0.296423170372206	0.0560025035395508	0.235097283182461	NA	"abundance"	30	18
"MGBC122484 sp910587245"	"Sequencing_Depth"	"Sequencing_Depth"	"Sequencing_Depth"	0.224824882211885	-0.499110588055241	0.330135955308277	0.0563966055891472	0.2970265801183	0.00898429899097587	0.209732500699753	NA	"abundance"	30	13
"MGYG000323043"	"Sex"	"M"	"SexM"	-2.09774016728765	-0.624832126159849	0.69699529068184	0.0565371623234292	0.29759045452824	0.0481595549630466	0.228769363566121	NA	"abundance"	30	16
"MGYG000410877"	"Sequencing_Depth"	"Sequencing_Depth"	"Sequencing_Depth"	-0.880813099176899	-0.499110588055241	0.183039212484764	0.0568223074988243	0.298199075125967	0.0256555518752769	0.209732500699753	NA	"abundance"	30	18
"MGYG000352925"	"Genotype"	"MUT"	"GenotypeMUT"	1.923328275597	0.264802588829141	0.74580366416	0.0570644652528176	0.298498800771442	0.0570644652528176	0.237951657200661	NA	"abundance"	30	12
"Alistipes sp900552955"	"Sequencing_Depth"	"Sequencing_Depth"	"Sequencing_Depth"	1.21319285793487	0	0.63858149202913	0.0574561352722589	0.298943872906287	0.0574561352722589	0.238984909901224	NA	"prevalence"	30	8
"CAG-873 sp011959565"	"Sex"	"M"	"SexM"	-2.93167463923453	-0.624832126159849	1.15269101924504	0.0575529826148924	0.299039912592584	0.0575529826148924	0.239023969094717	NA	"abundance"	30	27
"Acutalibacter sp910584745"	"Genotype"	"MUT"	"GenotypeMUT"	1.56756853639131	0.264802588829141	0.62949353483727	0.0578630789257772	0.300124609606264	0.0578630789257772	0.2394781746571	NA	"abundance"	30	18
"MGYG000410803"	"Sex"	"M"	"SexM"	-1.5224969628011	-0.624832126159849	0.44472093939544	0.0578379214093746	0.300124609606264	0.0578379214093746	0.2394781746571	NA	"abundance"	30	25
"Acetatifactor sp910585805"	"Sex"	"M"	"SexM"	-3.27015277408502	-0.624832126159849	1.21750437006394	0.058027395301817	0.300275717680049	0.058027395301817	0.239958930115315	NA	"abundance"	30	13
"Faecalibacterium longum"	"Genotype"	"MUT"	"GenotypeMUT"	2.46747242127334	0	1.30367939156214	0.0583979359625578	0.300557612494097	0.0583979359625578	0.241259489053331	NA	"prevalence"	30	5
"MGYG000325533"	"Sequencing_Depth"	"Sequencing_Depth"	"Sequencing_Depth"	0.956739263908015	0	0.505837698891491	0.058571538118793	0.300591069495105	0.058571538118793	0.241259489053331	NA	"prevalence"	30	4
"CAG-485 sp910584525"	"Sex"	"M"	"SexM"	-1.66429348701309	-0.624832126159849	0.514603992489614	0.0587209991747669	0.300801558334751	0.0587209991747669	0.241302317568056	NA	"abundance"	30	23
"MGYG000325376"	"Sex"	"M"	"SexM"	2.93860585015661	0	1.5547751223286	0.0587510040530587	0.300801558334751	0.0587510040530587	0.241302317568056	NA	"prevalence"	30	5
"CAG-873 sp009775265"	"Genotype"	"MUT"	"GenotypeMUT"	-2.20473958123627	0	1.16724687556902	0.058913616486987	0.301128279459883	0.0609944897429885	0.244378383901793	NA	"prevalence"	30	24
"MGYG000322925"	"Sequencing_Depth"	"Sequencing_Depth"	"Sequencing_Depth"	0.938491043731098	0	0.497521528873594	0.0592501584378705	0.301683471473054	0.0592501584378705	0.241606824464737	NA	"prevalence"	30	5
"MGBC163016 sp910588435"	"Sex"	"M"	"SexM"	-2.13326352127607	0	1.13110624075459	0.0592952940538614	0.301740370944192	0.0441133706913207	0.222518533421397	NA	"prevalence"	30	18
"Merdisoma sp022791635"	"Sequencing_Depth"	"Sequencing_Depth"	"Sequencing_Depth"	0.895510963327373	-0.499110588055241	0.534156773582005	0.0594426745996154	0.302317208825176	0.0301439721563576	0.209732500699753	NA	"abundance"	30	8
"Parvibacter sp910588725"	"Genotype"	"MUT"	"GenotypeMUT"	-2.6124759019926	0	1.3863216719284	0.0595019846316349	0.302445728519494	0.0176634664140622	0.209732500699753	NA	"prevalence"	30	18
"MGYG000325310"	"Sex"	"M"	"SexM"	-2.52266964156349	-0.624832126159849	0.947653120064187	0.0600033040137015	0.303224378741057	0.0408465759897645	0.218858589416125	NA	"abundance"	30	23
"VSOB01 sp009774625"	"Sex"	"M"	"SexM"	0.136652725543008	-0.624832126159849	0.384289697747907	0.0599055603624747	0.303224378741057	0.0599055603624747	0.24266831531376	NA	"abundance"	30	30
"Caccovicinus sp910585635"	"Sex"	"M"	"SexM"	-3.60895536167142	-0.624832126159849	1.42597307721056	0.0604855331024199	0.303847856813489	0.0604855331024199	0.243456713610144	NA	"abundance"	30	15
"JAAVYW01 sp022791315"	"Sex"	"M"	"SexM"	-2.0518798787838	0	1.09382420982571	0.0606721462566591	0.30438849208945	0.0134470363165288	0.209732500699753	NA	"prevalence"	30	7
"MGYG000325416"	"Sequencing_Depth"	"Sequencing_Depth"	"Sequencing_Depth"	-1.134002352502	-0.499110588055241	0.291114036263106	0.0609716900867714	0.304804979162269	0.0106972143794853	0.209732500699753	NA	"abundance"	30	12
"MGYG000410574"	"Sex"	"M"	"SexM"	-2.73808367742719	0	1.46168661171265	0.0610358318970963	0.304804979162269	0.00131381738548334	0.0909271115536594	NA	"prevalence"	30	25
"CAG-41 sp910578235"	"Sex"	"M"	"SexM"	-2.58941388382424	0	1.38353619598678	0.0612632103676867	0.305456579190177	0.0612632103676867	0.244378383901793	NA	"prevalence"	30	4
"Acetatifactor sp910586435"	"Genotype"	"MUT"	"GenotypeMUT"	2.15748902638353	0.264802588829141	0.785980282481968	0.0613520686857603	0.305728059603466	0.0613520686857603	0.244378383901793	NA	"abundance"	30	9
"MD308 sp910584615"	"Sequencing_Depth"	"Sequencing_Depth"	"Sequencing_Depth"	-0.859580057006216	-0.499110588055241	0.178993262507319	0.0614791372298977	0.30601800240204	0.0612185991218021	0.244378383901793	NA	"abundance"	30	21
"MGYG000346441"	"Sequencing_Depth"	"Sequencing_Depth"	"Sequencing_Depth"	1.02193533483896	0	0.546631403712359	0.0615512683572832	0.306034146253196	0.0615512683572832	0.244624192135946	NA	"prevalence"	30	4
"Enterenecus sp910588135"	"Sex"	"M"	"SexM"	-1.72368026819723	-0.624832126159849	0.520766702693523	0.0618120146847998	0.306987004178002	0.0618120146847998	0.244624192135946	NA	"abundance"	30	14
"1XD8-76 sp910573755"	"Genotype"	"MUT"	"GenotypeMUT"	1.28015838513658	0.264802588829141	0.518883572097376	0.0625179266798704	0.307785103200395	0.0625179266798704	0.245753961649286	NA	"abundance"	30	29
"CAG-485 sp003979075"	"Sex"	"M"	"SexM"	-2.77010729505733	-0.624832126159849	1.08882977817948	0.0623090275495546	0.307785103200395	0.0623090275495546	0.245443386782158	NA	"abundance"	30	25
"Collinsella sp900545445"	"Sequencing_Depth"	"Sequencing_Depth"	"Sequencing_Depth"	-0.813283998705697	-0.499110588055241	0.136195644637496	0.0621579558224269	0.307785103200395	0.0619046972272583	0.244624192135946	NA	"abundance"	30	10
"Kineothrix sp910587275"	"Sequencing_Depth"	"Sequencing_Depth"	"Sequencing_Depth"	-0.849495223167392	-0.499110588055241	0.161188765850763	0.0626446407176262	0.307785103200395	0.0201364314583805	0.209732500699753	NA	"abundance"	30	12
"MGYG000325504"	"Sequencing_Depth"	"Sequencing_Depth"	"Sequencing_Depth"	-1.6958802279987	-0.499110588055241	0.412761335035551	0.0626326363889218	0.307785103200395	0.055063676689667	0.23479505346542	NA	"abundance"	30	7
"Gallimonas sp910586825"	"Sequencing_Depth"	"Sequencing_Depth"	"Sequencing_Depth"	1.25959256314764	0	0.676299511190572	0.0625358264843056	0.307785103200395	0.0625358264843056	0.245753961649286	NA	"prevalence"	30	3
"MGYG000329834"	"Genotype"	"MUT"	"GenotypeMUT"	-2.07916839578459	0	1.11757961548541	0.0628260099057112	0.307787504362176	0.0463602437047494	0.225493727004611	NA	"prevalence"	30	22
"MGYG000345025"	"Genotype"	"MUT"	"GenotypeMUT"	1.02746469377325	0.264802588829141	0.19683204574346	0.0631177691784697	0.308797262638434	0.0631177691784697	0.247260883503392	NA	"abundance"	30	6
"MGYG000323824"	"Sequencing_Depth"	"Sequencing_Depth"	"Sequencing_Depth"	0.935998853414032	0	0.504199931124433	0.0633959711583672	0.309819464886259	0.0633959711583672	0.247960851084885	NA	"prevalence"	30	5
"Coproplasma sp910578195"	"Sex"	"M"	"SexM"	1.44060053597633	-0.624832126159849	0.962338626658762	0.0644511726186208	0.313608252309116	0.0407251925463468	0.218618643582749	NA	"abundance"	30	12
"Sporofaciens sp910584575"	"Sequencing_Depth"	"Sequencing_Depth"	"Sequencing_Depth"	-1.2196233877779	-0.499110588055241	0.346959959647804	0.0648165113927215	0.314353004216338	0.0416240810260616	0.219408566715473	NA	"abundance"	30	14
"Faecivivens sp022793675"	"Sequencing_Depth"	"Sequencing_Depth"	"Sequencing_Depth"	-0.190965835888168	-0.499110588055241	0.120879167438132	0.0651113817972132	0.315334754400108	0.0547565371607549	0.23479505346542	NA	"abundance"	30	8
"Evtepia sp910584805"	"Sex"	"M"	"SexM"	-2.18273667176107	-0.624832126159849	0.760255282269369	0.065490019628067	0.316410453722336	0.00971065737499897	0.209732500699753	NA	"abundance"	30	15
"MGBC163016 sp910585565"	"Sex"	"M"	"SexM"	-2.12166570024773	0	1.15680625451576	0.0666433405556093	0.319241212358098	0.0084148144968651	0.209732500699753	NA	"prevalence"	30	23
"Phocaeicola massiliensis"	"Sequencing_Depth"	"Sequencing_Depth"	"Sequencing_Depth"	0.15230483359194	-0.499110588055241	0.301881498310174	0.0680658279052853	0.322713383638452	0.0449530573365813	0.223373707905659	NA	"abundance"	30	11
"Lactobacillus acidophilus"	"Sex"	"M"	"SexM"	1.23030841284525	-0.624832126159849	0.921186970960652	0.0693269069292922	0.32552129253202	0.026214989997997	0.209732500699753	NA	"abundance"	30	15
"MGYG000325391"	"Sequencing_Depth"	"Sequencing_Depth"	"Sequencing_Depth"	0.344351319335544	-0.499110588055241	0.367953891099128	0.0705680619179534	0.32740936682121	0.036577442170419	0.214605825747453	NA	"abundance"	30	9
"CAG-485 sp900554845"	"Sex"	"M"	"SexM"	-2.5636342584799	0	1.41863012942869	0.0707436391370972	0.32740936682121	0.0349064808832449	0.213947102387711	NA	"prevalence"	30	25
"Dubosiella sp004793885"	"Sequencing_Depth"	"Sequencing_Depth"	"Sequencing_Depth"	1.18167276978978	0	0.653749582482029	0.070679493951603	0.32740936682121	0.0149312455749488	0.209732500699753	NA	"prevalence"	30	22
"Alistipes sp910576555"	"Genotype"	"MUT"	"GenotypeMUT"	-1.45741736299485	0	0.807106162533053	0.0709602236847167	0.328030036676295	0.0209891897905875	0.209732500699753	NA	"prevalence"	30	17
"Acetatifactor sp011959105"	"Sequencing_Depth"	"Sequencing_Depth"	"Sequencing_Depth"	-1.55575282752566	-0.499110588055241	0.386085071615949	0.0717239323703495	0.329677775018394	0.0269305733198184	0.209732500699753	NA	"abundance"	30	7
"Mediterraneibacter_A sp022790755"	"Sequencing_Depth"	"Sequencing_Depth"	"Sequencing_Depth"	0.887320447845354	0	0.495467854501543	0.0733135332318429	0.334569376987755	0.05251632663623	0.233453434553686	NA	"prevalence"	30	11
"MGYG000325803"	"Sequencing_Depth"	"Sequencing_Depth"	"Sequencing_Depth"	0.0767219671883085	-0.499110588055241	0.288903730050525	0.0747227242802799	0.335987553254194	0.0122767880841954	0.209732500699753	NA	"abundance"	30	14
"MGYG000325585"	"Sex"	"M"	"SexM"	1.04838974706818	-0.624832126159849	0.838719254998388	0.0815069437509571	0.349702510292824	0.059539451316305	0.241994360447918	NA	"abundance"	30	12
"Eubacterium_G sp910584795"	"Genotype"	"MUT"	"GenotypeMUT"	1.77522519324976	0	1.02295552821761	0.082672027124454	0.350125087070656	0.0480931410990072	0.228769363566121	NA	"prevalence"	30	22
"MGYG000328451"	"Genotype"	"MUT"	"GenotypeMUT"	-1.71733677392372	0	0.991065224620438	0.0831278227327238	0.350609984835547	0.0350280255396568	0.214165216274982	NA	"prevalence"	30	22
"Clostridioides difficile"	"Sex"	"M"	"SexM"	2.29217858831217	0	1.32310724898801	0.0831986578835331	0.350673660007207	0.00477509338221907	0.203380369765359	NA	"prevalence"	30	13
"COE1 sp910577115"	"Sequencing_Depth"	"Sequencing_Depth"	"Sequencing_Depth"	-2.1230182968978	-0.499110588055241	0.835845201917925	0.0839014251738877	0.351634038995279	0.00641789008214133	0.209732500699753	NA	"abundance"	30	13
"CAG-95 sp014804245"	"Sequencing_Depth"	"Sequencing_Depth"	"Sequencing_Depth"	-1.04735148368821	-0.499110588055241	0.215361048781164	0.0849450805607144	0.353701878033011	0.059030207729372	0.241302317568056	NA	"abundance"	30	7
"Adlercreutzia sp910589165"	"Sex"	"M"	"SexM"	-2.2936411013897	0	1.33686346459099	0.0862190941066441	0.35597428026837	0.00778083666826152	0.209732500699753	NA	"prevalence"	30	25
"Fimiplasma sp910588165"	"Genotype"	"MUT"	"GenotypeMUT"	-1.34126320708244	0.264802588829141	0.811042017248693	0.0884870215117139	0.360066630212995	0.0306388493865987	0.209732500699753	NA	"abundance"	30	11
"MGYG000325310"	"Genotype"	"MUT"	"GenotypeMUT"	-1.42769446393376	0.264802588829141	0.947242103145274	0.0901310744209374	0.363043800574713	0.055397336135741	0.23479505346542	NA	"abundance"	30	23
"MGYG000338472"	"Sequencing_Depth"	"Sequencing_Depth"	"Sequencing_Depth"	0.113768706989994	-0.499110588055241	0.312011322551757	0.0907256632422762	0.363448386684153	0.0273491506594009	0.209732500699753	NA	"abundance"	30	11
"Evtepia sp910578575"	"Sex"	"M"	"SexM"	-2.61526022092173	-0.624832126159849	0.957115947495396	0.0922880585118293	0.366329731202188	0.037106329087321	0.214605825747453	NA	"abundance"	30	9
"UBA3282 sp009774575"	"Sequencing_Depth"	"Sequencing_Depth"	"Sequencing_Depth"	-1.40538694698604	-0.499110588055241	0.372753853463248	0.0934121036034421	0.368416332989261	0.0206818019035423	0.209732500699753	NA	"abundance"	30	7
"Pullibacteroides sp910586395"	"Sequencing_Depth"	"Sequencing_Depth"	"Sequencing_Depth"	0.705918808111096	0	0.420973170080439	0.093567195583273	0.368637240302957	0.0594975591827113	0.241994360447918	NA	"prevalence"	30	8
"MGYG000329698"	"Sequencing_Depth"	"Sequencing_Depth"	"Sequencing_Depth"	-0.838031749952861	-0.499110588055241	0.154553237412067	0.095416337621526	0.371993927058911	0.0220495486570649	0.209732500699753	NA	"abundance"	30	8
"Eubacterium_J sp910586445"	"Genotype"	"MUT"	"GenotypeMUT"	1.52958899689423	0.264802588829141	0.584098055290786	0.0969432396826635	0.374985060766419	0.050721978372147	0.23197887818648	NA	"abundance"	30	8
"QXXE01 sp910586575"	"Sex"	"M"	"SexM"	2.12995339244	-0.624832126159849	1.48686010621586	0.0971522790286306	0.37563011278041	0.02063849323502	0.209732500699753	NA	"abundance"	30	13
"1XD42-69 sp910586645"	"Sequencing_Depth"	"Sequencing_Depth"	"Sequencing_Depth"	-1.00906081428111	-0.499110588055241	0.0770743396988428	0.0976173511408363	0.376444883628533	0.0449616353661201	0.223373707905659	NA	"abundance"	30	5
"RGIG4057 sp910587085"	"Sequencing_Depth"	"Sequencing_Depth"	"Sequencing_Depth"	-1.34963360289606	-0.499110588055241	0.482101638254252	0.09814459677592	0.377332212182626	0.0490040721649097	0.230142935180456	NA	"abundance"	30	19
"CAG-95 sp000403495"	"Sequencing_Depth"	"Sequencing_Depth"	"Sequencing_Depth"	-0.813829285821855	-0.499110588055241	0.164249373013255	0.0985029994298288	0.377729456164881	0.0205616462700894	0.209732500699753	NA	"abundance"	30	11
"Avidehalobacter sp022797295"	"Genotype"	"MUT"	"GenotypeMUT"	-1.65217678240892	0	1.0003851033532	0.0986282032758354	0.378046413332958	0.0423556443153603	0.220218186466925	NA	"prevalence"	30	24
"Caccovicinus sp910585635"	"Sequencing_Depth"	"Sequencing_Depth"	"Sequencing_Depth"	0.921600233212217	-0.499110588055241	0.788901688824897	0.0992728655032851	0.37969841153538	0.0415165033880015	0.219408566715473	NA	"abundance"	30	15
"Dysosmobacter sp001916835"	"Genotype"	"MUT"	"GenotypeMUT"	1.63702106187699	0	0.996637184358777	0.100477183544731	0.38331463108413	0.00431482872738054	0.190272491579976	NA	"prevalence"	30	8
"MGYG000325435"	"Sequencing_Depth"	"Sequencing_Depth"	"Sequencing_Depth"	0.0554404497921629	-0.499110588055241	0.278316039610765	0.10332394003534	0.38932705988719	0.0393957650830093	0.217156081204243	NA	"abundance"	30	9
"MGYG000410140"	"Sequencing_Depth"	"Sequencing_Depth"	"Sequencing_Depth"	0.236539410573952	-0.499110588055241	0.405930423603818	0.103545701137976	0.389431431976078	0.0169002937855924	0.209732500699753	NA	"abundance"	30	13
"Paralachnospira sp910588815"	"Sequencing_Depth"	"Sequencing_Depth"	"Sequencing_Depth"	1.11256853677588	0	0.684403379781524	0.104034027945474	0.390347271239669	0.0226139292697413	0.209732500699753	NA	"prevalence"	30	14
"Alistipes sp910587675"	"Sex"	"M"	"SexM"	1.01125702999211	-0.624832126159849	0.936896583258699	0.104578443407274	0.391068800367689	0.0160699784755223	0.209732500699753	NA	"abundance"	30	17
"Acetatifactor sp910578215"	"Sequencing_Depth"	"Sequencing_Depth"	"Sequencing_Depth"	-0.957822354453492	-0.499110588055241	0.23975562736844	0.105119704148998	0.391637432310747	0.0220551771614106	0.209732500699753	NA	"abundance"	30	10
"MGYG000328958"	"Sex"	"M"	"SexM"	-1.55610573575189	-0.624832126159849	0.535003881702603	0.104917214089895	0.391637432310747	0.0436065349872045	0.222074775928497	NA	"abundance"	30	18
"Choladocola sp910585465"	"Sequencing_Depth"	"Sequencing_Depth"	"Sequencing_Depth"	-0.869958204644249	-0.499110588055241	0.209779772513292	0.108256244875919	0.400773639884393	0.0220627612899479	0.209732500699753	NA	"abundance"	30	14
"1XD42-69 sp022794015"	"Sequencing_Depth"	"Sequencing_Depth"	"Sequencing_Depth"	-0.96148617813072	-0.499110588055241	0.262380419259474	0.109122941273019	0.402429375981994	0.0162571775094846	0.209732500699753	NA	"abundance"	30	14
"MGYG000330354"	"Sex"	"M"	"SexM"	1.19235064734265	-0.624832126159849	1.02327294087752	0.109800728595569	0.403465456398524	0.0537979310734195	0.233453434553686	NA	"abundance"	30	13
"MGYG000327181"	"Sequencing_Depth"	"Sequencing_Depth"	"Sequencing_Depth"	-1.04883301593081	-0.499110588055241	0.308278239583757	0.112785109443947	0.409439845283393	0.018091263723699	0.209732500699753	NA	"abundance"	30	12
"Mailhella sp910577155"	"Sequencing_Depth"	"Sequencing_Depth"	"Sequencing_Depth"	0.707578136413118	0	0.446169439973928	0.112763001891168	0.409439845283393	0.0063650850035286	0.209732500699753	NA	"prevalence"	30	7
"MGYG000325543"	"Sequencing_Depth"	"Sequencing_Depth"	"Sequencing_Depth"	-2.46073608186676	-0.499110588055241	0.725585758038091	0.113987483682488	0.411866121398497	0.053488902198587	0.233453434553686	NA	"abundance"	30	6
"Slackia_A isoflavoniconvertens"	"Sequencing_Depth"	"Sequencing_Depth"	"Sequencing_Depth"	-0.762950963096361	-0.499110588055241	0.138667130044537	0.117595230237181	0.417933448262943	0.0242414519043005	0.209732500699753	NA	"abundance"	30	9
"MGYG000328709"	"Sex"	"M"	"SexM"	0.785511915133151	-0.624832126159849	0.845931744288571	0.118087659285445	0.418511708317183	0.00938306552334222	0.209732500699753	NA	"abundance"	30	18
"Acutalibacter stercorigallinarum"	"Sequencing_Depth"	"Sequencing_Depth"	"Sequencing_Depth"	-0.778613371412647	-0.499110588055241	0.0510288853845201	0.121345519696729	0.424249115332005	0.0236784828852819	0.209732500699753	NA	"abundance"	30	5
"CAG-115 sp910587135"	"Sequencing_Depth"	"Sequencing_Depth"	"Sequencing_Depth"	0.0736890640924139	-0.499110588055241	0.32450578107175	0.121351477956461	0.424249115332005	0.0123964793938226	0.209732500699753	NA	"abundance"	30	11
"MGYG000410260"	"Sequencing_Depth"	"Sequencing_Depth"	"Sequencing_Depth"	-0.802009050288111	-0.499110588055241	0.183334454120189	0.122268914544703	0.426357655309923	0.057119581510049	0.237982336676065	NA	"abundance"	30	18
"Kineothrix sp009911195"	"Sequencing_Depth"	"Sequencing_Depth"	"Sequencing_Depth"	-1.11428586308758	-0.499110588055241	0.332810519865796	0.124058276166766	0.430608420200152	0.0553847963071692	0.23479505346542	NA	"abundance"	30	9
"Lachnoclostridium_B sp910584265"	"Sex"	"M"	"SexM"	-1.75815190664999	-0.624832126159849	0.694677531167809	0.125555513622969	0.433020826337459	0.0410446592952337	0.219156788269111	NA	"abundance"	30	18
"Nanosyncoccus sp003979185"	"Sex"	"M"	"SexM"	1.44247471340554	-0.624832126159849	1.24436633654537	0.127755562637635	0.437252763495912	0.0436975904422921	0.222074775928497	NA	"abundance"	30	14
"Limosilactobacillus urinaemulieris"	"Sequencing_Depth"	"Sequencing_Depth"	"Sequencing_Depth"	-1.37266454188783	-0.499110588055241	0.524060934486052	0.130119300229756	0.440735595669819	0.0228908536253321	0.209732500699753	NA	"abundance"	30	13
"Alistipes onderdonkii"	"Sequencing_Depth"	"Sequencing_Depth"	"Sequencing_Depth"	-1.44506883359381	-0.499110588055241	0.379665863915775	0.130576639775025	0.440795381611359	0.0532848909756421	0.233453434553686	NA	"abundance"	30	6
"Tidjanibacter sp910577285"	"Sequencing_Depth"	"Sequencing_Depth"	"Sequencing_Depth"	-0.922987907153641	-0.499110588055241	0.223308759219342	0.131150125557802	0.441389721811012	0.0155729291736032	0.209732500699753	NA	"abundance"	30	8
"MGYG000411523"	"Sequencing_Depth"	"Sequencing_Depth"	"Sequencing_Depth"	0.730779965208734	0	0.485955185527047	0.132632575869846	0.444526758432132	0.0290126663002126	0.209732500699753	NA	"prevalence"	30	12
"RGIG8773 sp910584715"	"Sequencing_Depth"	"Sequencing_Depth"	"Sequencing_Depth"	-0.797377127036393	-0.499110588055241	0.187628797422798	0.134282978496076	0.447077630198778	0.0389516279567475	0.216292850780055	NA	"abundance"	30	19
"Clostridioides difficile"	"Genotype"	"MUT"	"GenotypeMUT"	1.13698761889051	0.264802588829141	0.52932269742735	0.134503936288562	0.447423239956524	0.0105800866737294	0.209732500699753	NA	"abundance"	30	13
"MGYG000366359"	"Sequencing_Depth"	"Sequencing_Depth"	"Sequencing_Depth"	-0.045763431189049	-0.499110588055241	0.285054173885441	0.136257825241913	0.448328159528492	0.0184580523973167	0.209732500699753	NA	"abundance"	30	17
"Paralachnospira_A sp910579325"	"Genotype"	"MUT"	"GenotypeMUT"	2.55674115295657	0.264802588829141	1.38365516508827	0.136289742136911	0.448328159528492	0.051083203761269	0.23197887818648	NA	"abundance"	30	12
"MGYG000325400"	"Sex"	"M"	"SexM"	0.683946236718808	-0.624832126159849	0.737696197797043	0.136829927214993	0.448786565579969	0.0308462363863667	0.209732500699753	NA	"abundance"	30	9
"Acetatifactor sp910586515"	"Sequencing_Depth"	"Sequencing_Depth"	"Sequencing_Depth"	0.460023186799365	-0.499110588055241	0.544754035833474	0.13870004179311	0.451949016664436	0.0248716743560019	0.209732500699753	NA	"abundance"	30	9
"MGYG000410775"	"Sequencing_Depth"	"Sequencing_Depth"	"Sequencing_Depth"	-1.04654142552533	-0.499110588055241	0.310609993816937	0.138814728922594	0.451949016664436	0.0202520887587023	0.209732500699753	NA	"abundance"	30	9
"MGYG000366359"	"Sex"	"M"	"SexM"	1.52388845036363	0	1.02949155588684	0.138810797674448	0.451949016664436	0.0530847828451451	0.233453434553686	NA	"prevalence"	30	17
"MGYG000335786"	"Sex"	"M"	"SexM"	-1.3442267750287	0	0.9101330051726	0.139687322524411	0.453252698504469	0.0252096359396916	0.209732500699753	NA	"prevalence"	30	19
"Pelethomonas sp022797115"	"Sequencing_Depth"	"Sequencing_Depth"	"Sequencing_Depth"	0.130186128032213	-0.499110588055241	0.3422155263201	0.140061716199062	0.453531520026158	0.0371476301847741	0.214605825747453	NA	"abundance"	30	8
"Dysosmobacter sp910584075"	"Sequencing_Depth"	"Sequencing_Depth"	"Sequencing_Depth"	-0.0135193718759074	-0.499110588055241	0.285871322550004	0.141003687100095	0.453904589367102	0.0239105404434109	0.209732500699753	NA	"abundance"	30	10
"Limisoma sp900544305"	"Sequencing_Depth"	"Sequencing_Depth"	"Sequencing_Depth"	-0.00186037059141728	-0.499110588055241	0.113687036945104	0.144672568664207	0.457931220085061	0.0299108016248758	0.209732500699753	NA	"abundance"	30	5
"MGYG000324300"	"Sequencing_Depth"	"Sequencing_Depth"	"Sequencing_Depth"	-0.0978767186162862	-0.499110588055241	0.221807821805939	0.145482707951696	0.458373709273342	0.0304436887022094	0.209732500699753	NA	"abundance"	30	8
"Lawsonibacter sp910578735"	"Genotype"	"MUT"	"GenotypeMUT"	1.9950525146539	0	1.36981865398712	0.14527226821624	0.458373709273342	0.0477310005960157	0.227601508105212	NA	"prevalence"	30	27
"MGYG000329896"	"Genotype"	"MUT"	"GenotypeMUT"	-1.49518590293072	0	1.02699879113147	0.145426090740915	0.458373709273342	0.010171620661392	0.209732500699753	NA	"prevalence"	30	19
"Ventrimonas sp910586205"	"Sequencing_Depth"	"Sequencing_Depth"	"Sequencing_Depth"	-0.747196899119896	-0.499110588055241	0.143358677929313	0.146217810579262	0.459874423715661	0.015005942638075	0.209732500699753	NA	"abundance"	30	9
"MGYG000324476"	"Sequencing_Depth"	"Sequencing_Depth"	"Sequencing_Depth"	-0.119969600735029	-0.499110588055241	0.247315288394423	0.146828353247284	0.461157745732005	0.0103554314736959	0.209732500699753	NA	"abundance"	30	19
"MGBC164599 sp910587105"	"Genotype"	"MUT"	"GenotypeMUT"	1.54233813496079	0.264802588829141	0.818195203420809	0.149931862661675	0.466615536682177	0.0453845452988688	0.224050097791731	NA	"abundance"	30	14
"MGBC163016 sp910589125"	"Sequencing_Depth"	"Sequencing_Depth"	"Sequencing_Depth"	-0.188354947120266	-0.499110588055241	0.207593288558601	0.153076461717905	0.468368784595716	0.0625246493497538	0.245753961649286	NA	"abundance"	30	22
"Kineothrix sp910586275"	"Sequencing_Depth"	"Sequencing_Depth"	"Sequencing_Depth"	-0.957461782045288	-0.499110588055241	0.285975033659185	0.153644317892897	0.469057542276868	0.0296122632989936	0.209732500699753	NA	"abundance"	30	11
"Anaerotruncus sp910586875"	"Sequencing_Depth"	"Sequencing_Depth"	"Sequencing_Depth"	-0.060080511557888	-0.499110588055241	0.263991635044235	0.157659864989633	0.470456319169365	0.0198176177258182	0.209732500699753	NA	"abundance"	30	9
"Coproplasma sp910577555"	"Sequencing_Depth"	"Sequencing_Depth"	"Sequencing_Depth"	-1.68622660250072	-0.499110588055241	0.533500762061229	0.156173239666306	0.470456319169365	0.0612854053263173	0.244378383901793	NA	"abundance"	30	6
"Eubacterium_J sp910580075"	"Sequencing_Depth"	"Sequencing_Depth"	"Sequencing_Depth"	-0.79468383086794	-0.499110588055241	0.195334288828674	0.157196441639061	0.470456319169365	0.0100088212582608	0.209732500699753	NA	"abundance"	30	16
"MGYG000323043"	"Sequencing_Depth"	"Sequencing_Depth"	"Sequencing_Depth"	-0.956717928605512	-0.499110588055241	0.302453035533676	0.156772223371018	0.470456319169365	0.0483499246289814	0.228801210281305	NA	"abundance"	30	16
"MGYG000328055"	"Sequencing_Depth"	"Sequencing_Depth"	"Sequencing_Depth"	-1.02548734349796	-0.499110588055241	0.317658471294863	0.158833675199797	0.470456319169365	0.0148654044290487	0.209732500699753	NA	"abundance"	30	9
"MGYG000410931"	"Sequencing_Depth"	"Sequencing_Depth"	"Sequencing_Depth"	-0.68612222746546	-0.499110588055241	0.0981960283686116	0.157431781928107	0.470456319169365	0.0282655592725811	0.209732500699753	NA	"abundance"	30	7
"Pelethomonas sp910577915"	"Sequencing_Depth"	"Sequencing_Depth"	"Sequencing_Depth"	0.179022610950777	-0.499110588055241	0.427048522058927	0.156483157918213	0.470456319169365	0.0124342056856767	0.209732500699753	NA	"abundance"	30	11
"Acutalibacter sp009917445"	"Genotype"	"MUT"	"GenotypeMUT"	-1.4183214436496	0	1.01022657877465	0.160329659775097	0.47150639943305	0.0400021274961289	0.217356124342773	NA	"prevalence"	30	23
"MGYG000410711"	"Sequencing_Depth"	"Sequencing_Depth"	"Sequencing_Depth"	-0.267852094767375	-0.499110588055241	0.158115098265823	0.161300302976076	0.472430961545406	0.0598596553683812	0.24266831531376	NA	"abundance"	30	24
"Ligilactobacillus agilis"	"Sequencing_Depth"	"Sequencing_Depth"	"Sequencing_Depth"	-1.39278957910544	-0.499110588055241	0.579993494971911	0.162085593130034	0.472462420669552	0.015094690626602	0.209732500699753	NA	"abundance"	30	12
"MGYG000328855"	"Genotype"	"MUT"	"GenotypeMUT"	2.58517618003127	0.264802588829141	1.55813137022844	0.162312876074823	0.472462420669552	0.0150315554225336	0.209732500699753	NA	"abundance"	30	16
"MGYG000331015"	"Sequencing_Depth"	"Sequencing_Depth"	"Sequencing_Depth"	-0.861331957075083	-0.499110588055241	0.242403639571188	0.164061575241503	0.474044584071791	0.0149000598806295	0.209732500699753	NA	"abundance"	30	15
"Odoribacter sp910589025"	"Sequencing_Depth"	"Sequencing_Depth"	"Sequencing_Depth"	-0.0933046872097055	-0.499110588055241	0.260637787312932	0.16417974032435	0.474077670712333	0.0105802901541694	0.209732500699753	NA	"abundance"	30	11
"MGYG000366993"	"Genotype"	"MUT"	"GenotypeMUT"	-1.36405999462762	0	0.98374004548795	0.16556189274012	0.474496689886008	0.0171853274633283	0.209732500699753	NA	"prevalence"	30	23
"CAG-303 sp910577835"	"Sequencing_Depth"	"Sequencing_Depth"	"Sequencing_Depth"	-1.22861297363541	-0.499110588055241	0.487894001308303	0.165978094260979	0.474563111752865	0.0105370322847527	0.209732500699753	NA	"abundance"	30	14
"Paramuribaculum sp009775605"	"Genotype"	"MUT"	"GenotypeMUT"	-1.33941566708318	0	0.972507419058013	0.168425489988914	0.47718765259933	0.0354531568790745	0.214605825747453	NA	"prevalence"	30	23
"MGBC164599 sp910588825"	"Genotype"	"MUT"	"GenotypeMUT"	-1.21919310125905	0.264802588829141	1.02799166002777	0.168491047330006	0.477221216298087	0.0123269171808128	0.209732500699753	NA	"abundance"	30	20
"Dysosmobacter sp910588005"	"Sequencing_Depth"	"Sequencing_Depth"	"Sequencing_Depth"	-1.2490270965159	-0.499110588055241	0.508596751712542	0.168732676031297	0.477448989343337	0.0238477527732249	0.209732500699753	NA	"abundance"	30	15
"Acetatifactor sp910586775"	"Genotype"	"MUT"	"GenotypeMUT"	1.93983864631121	0.264802588829141	1.14031629958526	0.172840049205736	0.483527656546904	0.0541415702234428	0.233784613885109	NA	"abundance"	30	14
"Limisoma sp000437795"	"Sequencing_Depth"	"Sequencing_Depth"	"Sequencing_Depth"	-0.810171475226713	-0.499110588055241	0.211591618541866	0.173316683607176	0.483723558313635	0.0466348902466089	0.225493727004611	NA	"abundance"	30	14
"Sporofaciens sp910579925"	"Sequencing_Depth"	"Sequencing_Depth"	"Sequencing_Depth"	-0.937768364498132	-0.499110588055241	0.301100331272635	0.17344519339632	0.483723558313635	0.0568540714700274	0.237471783851757	NA	"abundance"	30	15
"MGYG000329148"	"Sequencing_Depth"	"Sequencing_Depth"	"Sequencing_Depth"	-0.843494818454808	-0.499110588055241	0.217584029891011	0.175315782329259	0.485586536319407	0.0146224955426699	0.209732500699753	NA	"abundance"	30	9
"Anaerocaecibacter sp910579205"	"Sex"	"M"	"SexM"	-1.4486325035128	0	1.06927801569873	0.175488842782399	0.485586536319407	0.0298811914302377	0.209732500699753	NA	"prevalence"	30	6
"Bacteroides intestinalis"	"Sequencing_Depth"	"Sequencing_Depth"	"Sequencing_Depth"	-1.31920991672387	-0.499110588055241	0.573054984619622	0.176209480200903	0.48623990801849	0.0402052300595736	0.217356124342773	NA	"abundance"	30	17
"Cryptobacteroides sp009774765"	"Sequencing_Depth"	"Sequencing_Depth"	"Sequencing_Depth"	-1.04095870153307	-0.499110588055241	0.36909331352581	0.176601946531501	0.486847128430774	0.0562134984124101	0.23578439611872	NA	"abundance"	30	13
"Bilophila faecipullorum"	"Sequencing_Depth"	"Sequencing_Depth"	"Sequencing_Depth"	-0.0637920324217962	-0.499110588055241	0.299708346769968	0.177417483451335	0.487780065907015	0.0168075427620909	0.209732500699753	NA	"abundance"	30	14
"Dysosmobacter sp022797935"	"Sequencing_Depth"	"Sequencing_Depth"	"Sequencing_Depth"	-0.834979115192966	-0.499110588055241	0.232950809251126	0.1779396532952	0.488413289937551	0.0359507521743545	0.214605825747453	NA	"abundance"	30	15
"CAG-510 sp910577015"	"Sex"	"M"	"SexM"	-1.75002764005351	-0.624832126159849	0.717053649580091	0.178100168965064	0.488451035640833	0.0368100163613773	0.214605825747453	NA	"abundance"	30	9
"Odoribacter sp009935865"	"Sequencing_Depth"	"Sequencing_Depth"	"Sequencing_Depth"	0.489146968315676	-0.499110588055241	0.48474637055367	0.178493222875236	0.488451035640833	0.0299158027747239	0.209732500699753	NA	"abundance"	30	6
"CAG-95 sp910577275"	"Sequencing_Depth"	"Sequencing_Depth"	"Sequencing_Depth"	-1.1013492414173	-0.499110588055241	0.429501827437553	0.182950718787412	0.493234058526462	0.0168744890491087	0.209732500699753	NA	"abundance"	30	18
"Acetatifactor sp910589655"	"Sex"	"M"	"SexM"	1.25640719224505	0	0.945878562158404	0.184080172500333	0.493234058526462	0.0555477493931475	0.23479505346542	NA	"prevalence"	30	22
"MGYG000327181"	"Sex"	"M"	"SexM"	-1.35386059415067	0	1.01938220233076	0.184138887378375	0.493234058526462	0.0502832268593977	0.23197887818648	NA	"prevalence"	30	12
"HGM13010 sp022800755"	"Sequencing_Depth"	"Sequencing_Depth"	"Sequencing_Depth"	1.19849403809274	-0.499110588055241	0.989743476700015	0.184847393468857	0.493500327815744	0.0248563692064975	0.209732500699753	NA	"abundance"	30	7
"UBA3282 sp910578845"	"Sequencing_Depth"	"Sequencing_Depth"	"Sequencing_Depth"	-0.939524093862851	-0.499110588055241	0.277578011042243	0.188320712345828	0.498578524789238	0.0279429588886115	0.209732500699753	NA	"abundance"	30	8
"Acetatifactor sp910585665"	"Genotype"	"MUT"	"GenotypeMUT"	2.2377403706059	0.264802588829141	1.38636995595555	0.188612435492133	0.498756395639168	0.0260646176479289	0.209732500699753	NA	"abundance"	30	13
"MGYG000344322"	"Sequencing_Depth"	"Sequencing_Depth"	"Sequencing_Depth"	-0.118221240177659	-0.499110588055241	0.278703711682291	0.188804909377286	0.498968358065791	0.0511992193696331	0.23197887818648	NA	"abundance"	30	22
"MGYG000410811"	"Sequencing_Depth"	"Sequencing_Depth"	"Sequencing_Depth"	-1.09070084941275	-0.499110588055241	0.389026275277806	0.189044173894897	0.499303651919192	0.0150508657072827	0.209732500699753	NA	"abundance"	30	9
"Alistipes sp002362235"	"Sequencing_Depth"	"Sequencing_Depth"	"Sequencing_Depth"	0.00534487772239322	-0.499110588055241	0.3652910659014	0.18947486958453	0.499846857558951	0.0285532827036149	0.209732500699753	NA	"abundance"	30	18
"Acetatifactor sp910577185"	"Sequencing_Depth"	"Sequencing_Depth"	"Sequencing_Depth"	-0.916487424917665	-0.499110588055241	0.299744587748	0.189589901592322	0.500001862762772	0.0369334988288857	0.214605825747453	NA	"abundance"	30	16
"Bacteroides intestinalis"	"Genotype"	"MUT"	"GenotypeMUT"	2.11530462000414	0.264802588829141	1.33777340531024	0.190056265462134	0.500477623662746	0.0126069288142682	0.209732500699753	NA	"abundance"	30	17
"1XD8-76 sp022799355"	"Sequencing_Depth"	"Sequencing_Depth"	"Sequencing_Depth"	0.152283741957389	-0.499110588055241	0.334195796081633	0.190901327002175	0.500502651453927	0.0465741380522949	0.225493727004611	NA	"abundance"	30	6
"D16-34 sp910588485"	"Sequencing_Depth"	"Sequencing_Depth"	"Sequencing_Depth"	-0.932873991125337	-0.499110588055241	0.299314456992957	0.191148118174502	0.500502651453927	0.0393622085635895	0.217156081204243	NA	"abundance"	30	11
"MGBC118957 sp910584385"	"Sequencing_Depth"	"Sequencing_Depth"	"Sequencing_Depth"	-0.198334786548226	-0.499110588055241	0.22128703392305	0.191148599081824	0.500502651453927	0.0393359792677069	0.217156081204243	NA	"abundance"	30	23
"D16-34 sp910577495"	"Sequencing_Depth"	"Sequencing_Depth"	"Sequencing_Depth"	-0.811978712631446	-0.499110588055241	0.222830310877147	0.191865814902673	0.501981085220922	0.0381773777237849	0.216292850780055	NA	"abundance"	30	14
"Nanosyncoccus sp013316435"	"Sex"	"M"	"SexM"	0.65298201406608	-0.624832126159849	0.906916913354951	0.192871945739645	0.503495195434839	0.0221738358202262	0.209732500699753	NA	"abundance"	30	13
"MGYG000411437"	"Sequencing_Depth"	"Sequencing_Depth"	"Sequencing_Depth"	-1.21054169344136	-0.499110588055241	0.506497215145971	0.193926037745579	0.50514008952491	0.016242140342506	0.209732500699753	NA	"abundance"	30	13
"Dysosmobacter sp001916835"	"Sequencing_Depth"	"Sequencing_Depth"	"Sequencing_Depth"	-0.604607015619183	-0.499110588055241	0.0656496728180422	0.195336430754956	0.506560171730866	0.0585839818893298	0.241259489053331	NA	"abundance"	30	8
"Thomasclavelia cocleata"	"Genotype"	"MUT"	"GenotypeMUT"	-1.29969524994312	0	1.00456788525738	0.195739561688424	0.506891869892639	9.34256792312609e-08	0.000169082069959137	NA	"prevalence"	30	19
"Acetatifactor sp910588225"	"Sequencing_Depth"	"Sequencing_Depth"	"Sequencing_Depth"	-2.8360843208277	-0.499110588055241	0.76074957996937	0.200342124277754	0.512735808942755	0.0411788564181907	0.219224617021201	NA	"abundance"	30	5
"UMGS1502 sp900552365"	"Sequencing_Depth"	"Sequencing_Depth"	"Sequencing_Depth"	-0.788779938472768	-0.499110588055241	0.188573389151533	0.200377822727539	0.512735808942755	0.0347360285416781	0.213818153407636	NA	"abundance"	30	8
"MGYG000328991"	"Sequencing_Depth"	"Sequencing_Depth"	"Sequencing_Depth"	-0.221089836614976	-0.499110588055241	0.209515395103558	0.203213442545576	0.515871839147841	0.0301399579719942	0.209732500699753	NA	"abundance"	30	21
"Desulfovibrio sp900556755"	"Sequencing_Depth"	"Sequencing_Depth"	"Sequencing_Depth"	-0.972744589277945	-0.499110588055241	0.342058008212855	0.203816334011381	0.516959214299493	0.0120749054614066	0.209732500699753	NA	"abundance"	30	12
"UBA3282 sp910578645"	"Sequencing_Depth"	"Sequencing_Depth"	"Sequencing_Depth"	-1.37916799740652	-0.499110588055241	0.618117651766835	0.204496757669562	0.517754376835962	0.0225735464503503	0.209732500699753	NA	"abundance"	30	10
"CAG-510 sp910577015"	"Sequencing_Depth"	"Sequencing_Depth"	"Sequencing_Depth"	-0.158046656300333	-0.499110588055241	0.234722347941893	0.206930235590648	0.521138079144815	0.0508051945567143	0.23197887818648	NA	"abundance"	30	9
"Butyribacter sp910586605"	"Sequencing_Depth"	"Sequencing_Depth"	"Sequencing_Depth"	-0.863676120039411	-0.499110588055241	0.226952276691896	0.207251927100022	0.521665780825473	0.059030207729372	0.241302317568056	NA	"abundance"	30	7
"Anaerotruncus sp003612625"	"Sequencing_Depth"	"Sequencing_Depth"	"Sequencing_Depth"	-0.193703107679897	-0.499110588055241	0.231509311781746	0.208017488273653	0.522691002067706	0.00914312564627962	0.209732500699753	NA	"abundance"	30	19
"Imtechella halotolerans"	"Sex"	"M"	"SexM"	0.0617102050056512	-0.624832126159849	0.485163998637348	0.20904480395318	0.524259001562205	0.0179550156922229	0.209732500699753	NA	"abundance"	30	10
"Acutalibacter ornithocaccae"	"Sequencing_Depth"	"Sequencing_Depth"	"Sequencing_Depth"	-0.850763109415624	-0.499110588055241	0.221789998387825	0.21206085828851	0.525804352531338	0.0286534829649073	0.209732500699753	NA	"abundance"	30	7
"D16-34 sp003612515"	"Genotype"	"MUT"	"GenotypeMUT"	-0.299332642461941	0.264802588829141	0.424974732581655	0.21313702745971	0.525804352531338	0.0595316578630455	0.241994360447918	NA	"abundance"	30	15
"MGYG000324807"	"Sequencing_Depth"	"Sequencing_Depth"	"Sequencing_Depth"	-0.832236588651072	-0.499110588055241	0.233979922180459	0.214909842404247	0.525804352531338	0.0510101987981198	0.23197887818648	NA	"abundance"	30	9
"MGYG000325548"	"Sequencing_Depth"	"Sequencing_Depth"	"Sequencing_Depth"	1.70280638476711	-0.499110588055241	1.22755976704964	0.214681092727192	0.525804352531338	0.0463885563992856	0.225493727004611	NA	"abundance"	30	6
"MGYG000326632"	"Sequencing_Depth"	"Sequencing_Depth"	"Sequencing_Depth"	-0.784357206781283	-0.499110588055241	0.218751626377418	0.21130479317241	0.525804352531338	0.0326128703602162	0.209735703894093	NA	"abundance"	30	21
"MGYG000327453"	"Sequencing_Depth"	"Sequencing_Depth"	"Sequencing_Depth"	-0.760052764217561	-0.499110588055241	0.191729121378792	0.211968449988398	0.525804352531338	0.0190922224437055	0.209732500699753	NA	"abundance"	30	12
"MGYG000330215"	"Sequencing_Depth"	"Sequencing_Depth"	"Sequencing_Depth"	-1.20937913524027	-0.499110588055241	0.395743712499478	0.214967920114085	0.525804352531338	0.0509664446777702	0.23197887818648	NA	"abundance"	30	6
"Thomasclavelia ramosa"	"Sequencing_Depth"	"Sequencing_Depth"	"Sequencing_Depth"	0.0322944588201368	-0.499110588055241	0.403931785435627	0.215384143700569	0.525804352531338	0.0173124960781324	0.209732500699753	NA	"abundance"	30	15
"Copromonas sp009917545"	"Sequencing_Depth"	"Sequencing_Depth"	"Sequencing_Depth"	0.975556837436141	0	0.785105528586371	0.214022451259248	0.525804352531338	0.0637407120627248	0.248723545973812	NA	"prevalence"	30	26
"MGYG000325540"	"Sequencing_Depth"	"Sequencing_Depth"	"Sequencing_Depth"	0.491922233260017	-0.499110588055241	0.635337986435752	0.216660565235963	0.527405238937405	0.0248563692064975	0.209732500699753	NA	"abundance"	30	7
"UBA3282 sp910578115"	"Sex"	"M"	"SexM"	1.16793127988281	0	0.946045595845675	0.217001692051357	0.527818477062295	0.0509552272995698	0.23197887818648	NA	"prevalence"	30	19
"CAG-590 sp910585605"	"Sequencing_Depth"	"Sequencing_Depth"	"Sequencing_Depth"	-0.27667062175645	-0.499110588055241	0.173409401653405	0.217903093543434	0.529414543651465	0.0289091002552093	0.209732500699753	NA	"abundance"	30	22
"Eubacterium_G sp910584795"	"Sequencing_Depth"	"Sequencing_Depth"	"Sequencing_Depth"	-0.224819859704925	-0.499110588055241	0.214953998595446	0.219096445126266	0.530975503090256	0.0511992193696331	0.23197887818648	NA	"abundance"	30	22
"Parasutterella excrementihominis"	"Sex"	"M"	"SexM"	1.24928250930127	0	1.01981927974601	0.22057378273765	0.531730616476061	0.0556569151074288	0.23479505346542	NA	"prevalence"	30	12
"MGYG000326793"	"Sequencing_Depth"	"Sequencing_Depth"	"Sequencing_Depth"	-0.889153900320994	-0.499110588055241	0.300726938434225	0.221734164004216	0.533189833747487	0.0466633498002848	0.225493727004611	NA	"abundance"	30	15
"MGYG000325572"	"Sequencing_Depth"	"Sequencing_Depth"	"Sequencing_Depth"	0.0737707175537648	-0.499110588055241	0.412213555099649	0.223390694080843	0.536067772714781	0.0215961526824298	0.209732500699753	NA	"abundance"	30	9
"Coproplasma sp013316055"	"Sequencing_Depth"	"Sequencing_Depth"	"Sequencing_Depth"	0.192520458719574	-0.499110588055241	0.510728751070898	0.2246168774605	0.537930176883164	0.0160194234916748	0.209732500699753	NA	"abundance"	30	10
"Choladocola sp910585995"	"Genotype"	"MUT"	"GenotypeMUT"	-1.18006722228643	0.264802588829141	1.14036006506309	0.225877113814818	0.539494128022758	0.00436517353014984	0.190804032462602	NA	"abundance"	30	18
"VUNA01 sp002299625"	"Sequencing_Depth"	"Sequencing_Depth"	"Sequencing_Depth"	-0.971497475336491	-0.499110588055241	0.34189746479746	0.226218318889899	0.540163870824175	0.0274865662631231	0.209732500699753	NA	"abundance"	30	9
"Acetatifactor sp910586835"	"Sex"	"M"	"SexM"	-1.52796883849166	-0.624832126159849	0.700800607197453	0.227268179812374	0.54088693508418	0.0602808634199972	0.243222301556151	NA	"abundance"	30	14
"MGYG000325650"	"Sequencing_Depth"	"Sequencing_Depth"	"Sequencing_Depth"	-0.714803128783827	-0.499110588055241	0.170918402086812	0.227913459072671	0.54088693508418	0.0613076252701496	0.244378383901793	NA	"abundance"	30	19
"Paratractidigestivibacter sp900540955"	"Sex"	"M"	"SexM"	-1.07770190094704	-0.624832126159849	0.338986265117394	0.227087578654107	0.54088693508418	0.0397947443010575	0.217193002028663	NA	"abundance"	30	11
"CAG-873 sp009775535"	"Sex"	"M"	"SexM"	-1.6940016775237	0	1.40182208692977	0.226882505897719	0.54088693508418	0.0509408195309115	0.23197887818648	NA	"prevalence"	30	27
"JAAWCD01 sp022793095"	"Sequencing_Depth"	"Sequencing_Depth"	"Sequencing_Depth"	-0.749402164615592	-0.499110588055241	0.197412884575756	0.228423574063878	0.54164490407194	0.0156737610872517	0.209732500699753	NA	"abundance"	30	17
"Bacteroides faecis"	"Sequencing_Depth"	"Sequencing_Depth"	"Sequencing_Depth"	-1.17762868755075	-0.499110588055241	0.530711712772865	0.229933677365563	0.543919255429453	0.0357420201808119	0.214605825747453	NA	"abundance"	30	14
"MGBC114844 sp910585255"	"Sequencing_Depth"	"Sequencing_Depth"	"Sequencing_Depth"	-0.762872269643452	-0.499110588055241	0.200630616470468	0.231625308788232	0.545307596339015	0.0403166501060063	0.217356124342773	NA	"abundance"	30	11
"Mailhella excrementigallinarum"	"Sequencing_Depth"	"Sequencing_Depth"	"Sequencing_Depth"	-0.184085980824183	-0.499110588055241	0.253875051888422	0.233437360798308	0.547542489623276	0.0396077274852588	0.217193002028663	NA	"abundance"	30	20
"MGYG000410251"	"Sequencing_Depth"	"Sequencing_Depth"	"Sequencing_Depth"	-0.0356072550142954	-0.499110588055241	0.374398664625342	0.233436065313314	0.547542489623276	0.0452665671534473	0.223857812935463	NA	"abundance"	30	20
"MGBC122484 sp910578465"	"Genotype"	"MUT"	"GenotypeMUT"	-1.98449193263151	0.264802588829141	1.75469305399749	0.235860803867962	0.551044765281842	0.052973370778108	0.233453434553686	NA	"abundance"	30	12
"Nanosyncoccus sp003979185"	"Genotype"	"MUT"	"GenotypeMUT"	1.68008582713088	0.264802588829141	1.12393772327392	0.236784318716308	0.552512026753258	0.061209599695689	0.244378383901793	NA	"abundance"	30	14
"Eubacterium_F sp910584245"	"Sequencing_Depth"	"Sequencing_Depth"	"Sequencing_Depth"	-1.64686559140236	-0.499110588055241	0.887424886350293	0.236930841727527	0.552618196200052	0.0459292122926947	0.225039591794	NA	"abundance"	30	11
"Acetatifactor sp910586215"	"Sequencing_Depth"	"Sequencing_Depth"	"Sequencing_Depth"	0.579781210449959	-0.499110588055241	0.648286888659596	0.238067341599602	0.553942930111033	0.0465281780874845	0.225493727004611	NA	"abundance"	30	6
"COE1 sp003513705"	"Sequencing_Depth"	"Sequencing_Depth"	"Sequencing_Depth"	-0.706727088780439	-0.499110588055241	0.162142461888072	0.23823527032999	0.553942930111033	0.0118816334040681	0.209732500699753	NA	"abundance"	30	12
"MGYG000410400"	"Sex"	"M"	"SexM"	-2.43449352209832	-0.624832126159849	1.45468346845214	0.239433670615687	0.555383812905583	0.0264838366170347	0.209732500699753	NA	"abundance"	30	15
"MGYG000323744"	"Sequencing_Depth"	"Sequencing_Depth"	"Sequencing_Depth"	0.437036443977047	-0.499110588055241	0.370029734005084	0.239805626251701	0.555876073374996	0.024271795894218	0.209732500699753	NA	"abundance"	30	5
"MGYG000331010"	"Sequencing_Depth"	"Sequencing_Depth"	"Sequencing_Depth"	-0.195350332314189	-0.499110588055241	0.242881227649069	0.243610983253428	0.559579590869527	0.0284722610851944	0.209732500699753	NA	"abundance"	30	13
"Ruminococcus sp900540005"	"Sequencing_Depth"	"Sequencing_Depth"	"Sequencing_Depth"	-0.70116795398821	-0.499110588055241	0.16105241832162	0.246914699168677	0.564548919741044	0.0158124020445504	0.209732500699753	NA	"abundance"	30	12
"Alistipes sp002428825"	"Sex"	"M"	"SexM"	1.17963034095687	-0.624832126159849	1.49279184882474	0.248523247343857	0.566913749075781	0.0199752242743249	0.209732500699753	NA	"abundance"	30	17
"MGYG000348936"	"Sequencing_Depth"	"Sequencing_Depth"	"Sequencing_Depth"	-0.135513717184903	-0.499110588055241	0.307196195484757	0.252346565990271	0.57211003797488	0.0252571050748573	0.209732500699753	NA	"abundance"	30	22
"Collinsella sp900545445"	"Sex"	"M"	"SexM"	-0.0549254128016459	-0.624832126159849	0.448732691316152	0.253229034238612	0.573087103721363	0.0188697028569743	0.209732500699753	NA	"abundance"	30	10
"MGYG000325598"	"Sequencing_Depth"	"Sequencing_Depth"	"Sequencing_Depth"	-0.86948018154871	-0.499110588055241	0.286536324999606	0.253480942119302	0.573365114747963	0.0130006830557293	0.209732500699753	NA	"abundance"	30	9
"MGYG000325419"	"Sequencing_Depth"	"Sequencing_Depth"	"Sequencing_Depth"	0.662302656429208	-0.499110588055241	0.48938996405768	0.253898371058774	0.57359431965241	0.024271795894218	0.209732500699753	NA	"abundance"	30	5
"1XD8-76 sp003611955"	"Sequencing_Depth"	"Sequencing_Depth"	"Sequencing_Depth"	-0.727538768814256	-0.499110588055241	0.171337373967592	0.254692292445478	0.574158144324198	0.0347360285416781	0.213818153407636	NA	"abundance"	30	8
"Fimivicinus sp900544375"	"Sequencing_Depth"	"Sequencing_Depth"	"Sequencing_Depth"	-0.849100993292414	-0.499110588055241	0.288273259923832	0.256096434307271	0.57603217373048	0.0169702656240598	0.209732500699753	NA	"abundance"	30	13
"UBA3402 sp002358555"	"Sequencing_Depth"	"Sequencing_Depth"	"Sequencing_Depth"	0.135084449416898	-0.499110588055241	0.514110442107464	0.257328709415966	0.577305294906198	0.013655324495154	0.209732500699753	NA	"abundance"	30	11
"Dysosmobacter sp910578935"	"Sequencing_Depth"	"Sequencing_Depth"	"Sequencing_Depth"	-0.235462643935097	-0.499110588055241	0.226205212699239	0.259396006568683	0.578952325807403	0.0457557914111218	0.224410539962224	NA	"abundance"	30	23
"UBA3402 sp910588505"	"Sequencing_Depth"	"Sequencing_Depth"	"Sequencing_Depth"	-0.108044705198082	-0.499110588055241	0.30763093755364	0.260220600981961	0.579204243268259	0.0188684637579245	0.209732500699753	NA	"abundance"	30	9
"MGYG000325606"	"Sequencing_Depth"	"Sequencing_Depth"	"Sequencing_Depth"	-0.0770303734695158	-0.499110588055241	0.305765989132405	0.262044356350105	0.582357205145244	0.025876485803617	0.209732500699753	NA	"abundance"	30	7
"CAG-873 sp910577355"	"Sex"	"M"	"SexM"	0.330879646465615	-0.624832126159849	0.813967696279245	0.263330890478565	0.583505031759048	0.0457364534284845	0.224410539962224	NA	"abundance"	30	16
"MGYG000345025"	"Sequencing_Depth"	"Sequencing_Depth"	"Sequencing_Depth"	-0.31769816033366	-0.499110588055241	0.116732202871605	0.263218214736051	0.583505031759048	0.0290905544753004	0.209732500699753	NA	"abundance"	30	6
"MGYG000325877"	"Sequencing_Depth"	"Sequencing_Depth"	"Sequencing_Depth"	-0.0871586593732758	-0.499110588055241	0.327624142428033	0.26449698122005	0.5840098603728	0.0166539005267937	0.209732500699753	NA	"abundance"	30	9
"Butyribacter sp910585905"	"Sequencing_Depth"	"Sequencing_Depth"	"Sequencing_Depth"	-0.757187129026451	-0.499110588055241	0.218952247861436	0.26470295411882	0.584174303861331	0.0111587811737985	0.209732500699753	NA	"abundance"	30	15
"UBA3282 sp009774215"	"Genotype"	"MUT"	"GenotypeMUT"	1.09944986957033	0	0.98897098288154	0.26626245079772	0.585724653463169	0.0314537108235173	0.209732500699753	NA	"prevalence"	30	18
"MGYG000336507"	"Sequencing_Depth"	"Sequencing_Depth"	"Sequencing_Depth"	-0.934591455113145	-0.499110588055241	0.319679543982768	0.266808342945057	0.586344824899043	0.0160162810537233	0.209732500699753	NA	"abundance"	30	7
"MGBC122484 sp910586855"	"Sequencing_Depth"	"Sequencing_Depth"	"Sequencing_Depth"	0.172577021149182	-0.499110588055241	0.559930339082317	0.269449671954267	0.588799885714131	0.0191163831099183	0.209732500699753	NA	"abundance"	30	11
"MGYG000330291"	"Sequencing_Depth"	"Sequencing_Depth"	"Sequencing_Depth"	-0.251200357476007	-0.499110588055241	0.216354553300721	0.27352616501463	0.592610535886903	0.0217630550135182	0.209732500699753	NA	"abundance"	30	17
"Pelethomonas sp009774055"	"Sequencing_Depth"	"Sequencing_Depth"	"Sequencing_Depth"	0.197983204092035	-0.499110588055241	0.597836113210768	0.273757672696802	0.592610535886903	0.0378229229519715	0.215747807594677	NA	"abundance"	30	13
"MGYG000329693"	"Sequencing_Depth"	"Sequencing_Depth"	"Sequencing_Depth"	-0.185992877271435	-0.499110588055241	0.259715411632133	0.273897169498362	0.592687859472222	0.0536849521667273	0.233453434553686	NA	"abundance"	30	10
"Butyribacter sp009774235"	"Genotype"	"MUT"	"GenotypeMUT"	2.09560041311338	0.264802588829141	1.52088938341422	0.274022332285239	0.592814322462709	0.052811194846028	0.233453434553686	NA	"abundance"	30	10
"Granulicatella adiacens"	"Sequencing_Depth"	"Sequencing_Depth"	"Sequencing_Depth"	-1.34351250837472	-0.499110588055241	0.708930486132704	0.278573941173706	0.596848195642241	0.0322247951497995	0.209732500699753	NA	"abundance"	30	10
"Pelethomonas sp910584045"	"Sequencing_Depth"	"Sequencing_Depth"	"Sequencing_Depth"	-0.928241840756019	-0.499110588055241	0.378324586288971	0.279176885639295	0.597707621422925	0.0273363082707858	0.209732500699753	NA	"abundance"	30	16
"MGYG000327004"	"Sequencing_Depth"	"Sequencing_Depth"	"Sequencing_Depth"	-1.01934933941158	-0.499110588055241	0.443876661867196	0.279636699455813	0.597827736926106	0.0135220758360014	0.209732500699753	NA	"abundance"	30	11
"MGYG000325338"	"Sequencing_Depth"	"Sequencing_Depth"	"Sequencing_Depth"	-0.0856610844850277	-0.499110588055241	0.34185973722073	0.280818653888217	0.599345121257942	0.0234004435748513	0.209732500699753	NA	"abundance"	30	9
"MGYG000325457"	"Sequencing_Depth"	"Sequencing_Depth"	"Sequencing_Depth"	0.0521205242833221	-0.499110588055241	0.44254898597047	0.281108875129655	0.599676435900836	0.0352426223379652	0.214605825747453	NA	"abundance"	30	8
"Ruminiclostridium_E sp910588335"	"Sex"	"M"	"SexM"	-0.850878482098389	0	0.789870993226004	0.28137427334782	0.600098516249492	0.023665190264311	0.209732500699753	NA	"prevalence"	30	20
"CAG-873 sp910586595"	"Sequencing_Depth"	"Sequencing_Depth"	"Sequencing_Depth"	-0.840655913319384	-0.499110588055241	0.306361944653101	0.282957143677936	0.600646850740031	0.0529414369249722	0.233453434553686	NA	"abundance"	30	19
"MGYG000327336"	"Sex"	"M"	"SexM"	-1.77096405120668	-0.624832126159849	0.970009716543138	0.282239368865259	0.600646850740031	0.016764203048351	0.209732500699753	NA	"abundance"	30	10
"MGYG000327369"	"Sequencing_Depth"	"Sequencing_Depth"	"Sequencing_Depth"	0.0495860422200344	-0.499110588055241	0.419596814905218	0.282292902268364	0.600646850740031	0.0289775938591937	0.209732500699753	NA	"abundance"	30	7
"MGYG000410761"	"Sequencing_Depth"	"Sequencing_Depth"	"Sequencing_Depth"	-0.255923677054046	-0.499110588055241	0.219591659986315	0.284528097899491	0.600646850740031	0.0301399579719942	0.209732500699753	NA	"abundance"	30	21
"Enterenecus sp910585155"	"Genotype"	"MUT"	"GenotypeMUT"	1.49708541913881	0	1.39910624045194	0.28460587975414	0.600646850740031	0.0612211510591315	0.244378383901793	NA	"prevalence"	30	28
"Bifidobacterium longum"	"Genotype"	"MUT"	"GenotypeMUT"	-0.376306298639883	0.264802588829141	0.57364894696064	0.286423904438642	0.602908408182264	0.0437313877215693	0.222074775928497	NA	"abundance"	30	16
"MGYG000410798"	"Sequencing_Depth"	"Sequencing_Depth"	"Sequencing_Depth"	-0.913432375209061	-0.499110588055241	0.362826284094447	0.286847673479647	0.603514463383059	0.0136760242217471	0.209732500699753	NA	"abundance"	30	12
"MGYG000324474"	"Sex"	"M"	"SexM"	-1.37019740502341	-0.624832126159849	0.678750914879879	0.287963769082165	0.605003094891236	0.055565516171432	0.23479505346542	NA	"abundance"	30	21
"JAFLTL01 sp910578395"	"Sex"	"M"	"SexM"	-2.06233717337636	-0.624832126159849	1.31163506129059	0.288473083533383	0.605357427301396	0.0233409741830938	0.209732500699753	NA	"abundance"	30	21
"MGYG000325286"	"Sequencing_Depth"	"Sequencing_Depth"	"Sequencing_Depth"	-0.887895448822449	-0.499110588055241	0.327226866248878	0.28857708631609	0.605432682861502	0.0187954864291979	0.209732500699753	NA	"abundance"	30	9
"Coprocola sp910575055"	"Sex"	"M"	"SexM"	-1.48803287913235	-0.624832126159849	0.774473513476225	0.289311559724167	0.606095835606448	0.0255429036845277	0.209732500699753	NA	"abundance"	30	15
"Pediococcus pentosaceus"	"Sequencing_Depth"	"Sequencing_Depth"	"Sequencing_Depth"	0.701122271593638	0	0.665214737487946	0.291892595211386	0.60922379808625	0.0288735061780689	0.209732500699753	NA	"prevalence"	30	23
"Angelakisella sp910585535"	"Sequencing_Depth"	"Sequencing_Depth"	"Sequencing_Depth"	-0.0753575326890458	-0.499110588055241	0.38572895775998	0.293670807531277	0.610497221552502	0.0573065591210846	0.238561891479001	NA	"abundance"	30	16
"CAG-873 sp002493945"	"Sequencing_Depth"	"Sequencing_Depth"	"Sequencing_Depth"	-0.755992505767648	-0.499110588055241	0.230636973551215	0.295237021271353	0.611464087178548	0.0314845313881658	0.209732500699753	NA	"abundance"	30	13
"Acetatifactor sp910586775"	"Sex"	"M"	"SexM"	-1.8667955714551	-0.624832126159849	1.12440195247162	0.295401538745224	0.611519727807855	0.0599673927543086	0.24266831531376	NA	"abundance"	30	14
"MGYG000323607"	"Sequencing_Depth"	"Sequencing_Depth"	"Sequencing_Depth"	0.606772777320954	-0.499110588055241	0.876721804469277	0.296421078257395	0.612423964917052	0.0226212994941161	0.209732500699753	NA	"abundance"	30	7
"MGYG000325492"	"Sequencing_Depth"	"Sequencing_Depth"	"Sequencing_Depth"	-0.0934926261957354	-0.499110588055241	0.289391948372885	0.296579554831193	0.612531228422861	0.0323279141629511	0.209732500699753	NA	"abundance"	30	6
"C-19 sp022799495"	"Sequencing_Depth"	"Sequencing_Depth"	"Sequencing_Depth"	-1.11200736550873	-0.499110588055241	0.514711928066377	0.299644418965274	0.612544870148828	0.0638976381848668	0.249140791138647	NA	"abundance"	30	8
"MGYG000328561"	"Sequencing_Depth"	"Sequencing_Depth"	"Sequencing_Depth"	-0.759894281726578	-0.499110588055241	0.228437409899458	0.298424582054756	0.612544870148828	0.012947935021689	0.209732500699753	NA	"abundance"	30	10
"UBA3402 sp022798105"	"Sequencing_Depth"	"Sequencing_Depth"	"Sequencing_Depth"	0.22881014723191	-0.499110588055241	0.66105490380412	0.299436699160899	0.612544870148828	0.00858122888485903	0.209732500699753	NA	"abundance"	30	13
"Acetatifactor sp910578215"	"Genotype"	"MUT"	"GenotypeMUT"	0.939339851733701	0.264802588829141	0.594042952662825	0.300073686314638	0.612874909024304	0.0420393084938812	0.219934005248547	NA	"abundance"	30	10
"Roseburia sp910584215"	"Sequencing_Depth"	"Sequencing_Depth"	"Sequencing_Depth"	-0.891183015831152	-0.499110588055241	0.355535802922147	0.302514070305167	0.614082137231302	0.0442939752523204	0.223065288915692	NA	"abundance"	30	12
"MGYG000373138"	"Sex"	"M"	"SexM"	-1.25840700374749	-0.624832126159849	0.596546054817279	0.303935845314648	0.615167688962576	0.0250421650464587	0.209732500699753	NA	"abundance"	30	21
"MGYG000323430"	"Sequencing_Depth"	"Sequencing_Depth"	"Sequencing_Depth"	-0.849153864267586	-0.499110588055241	0.305921093472666	0.304757502710395	0.615962332024992	0.0202520887587023	0.209732500699753	NA	"abundance"	30	9
"MGYG000326314"	"Sequencing_Depth"	"Sequencing_Depth"	"Sequencing_Depth"	-0.207166361679271	-0.499110588055241	0.276574054277979	0.305494731860244	0.616736457049739	0.0542269091872844	0.23395037963657	NA	"abundance"	30	22
"MGYG000325661"	"Sequencing_Depth"	"Sequencing_Depth"	"Sequencing_Depth"	-0.661567260587359	-0.499110588055241	0.152502526156073	0.307190823735054	0.61675279010396	0.0224855646324477	0.209732500699753	NA	"abundance"	30	18
"Desulfovibrio sp910575755"	"Sequencing_Depth"	"Sequencing_Depth"	"Sequencing_Depth"	1.11266986858344	0	1.0927253538394	0.308558173294333	0.61675279010396	0.023319990812175	0.209732500699753	NA	"prevalence"	30	28
"MGYG000326869"	"Sequencing_Depth"	"Sequencing_Depth"	"Sequencing_Depth"	-0.754289084920118	-0.499110588055241	0.238753599624642	0.309008955777344	0.617099360628715	0.0304458347011581	0.209732500699753	NA	"abundance"	30	15
"Pelethomonas sp910587645"	"Sequencing_Depth"	"Sequencing_Depth"	"Sequencing_Depth"	-0.213122678932276	-0.499110588055241	0.271758112468147	0.310536415397553	0.619052288716009	0.0176744053095731	0.209732500699753	NA	"abundance"	30	19
"UBA3282 sp910579285"	"Sequencing_Depth"	"Sequencing_Depth"	"Sequencing_Depth"	-1.0742989201403	-0.499110588055241	0.540882225910916	0.312723687175396	0.621182642645516	0.00715136725392318	0.209732500699753	NA	"abundance"	30	14
"MGYG000325278"	"Genotype"	"MUT"	"GenotypeMUT"	-0.332029118403465	0.264802588829141	0.572273457743741	0.313464278954023	0.621531735012544	0.0126301157118934	0.209732500699753	NA	"abundance"	30	20
"Eggerthella lenta"	"Sequencing_Depth"	"Sequencing_Depth"	"Sequencing_Depth"	-0.663157897571382	-0.499110588055241	0.156667774209487	0.315099021254452	0.622567696063992	0.0301995137502666	0.209732500699753	NA	"abundance"	30	18
"MGYG000410015"	"Sequencing_Depth"	"Sequencing_Depth"	"Sequencing_Depth"	-0.155468243419484	-0.499110588055241	0.298869159426784	0.314998339501113	0.622567696063992	0.0264340736606079	0.209732500699753	NA	"abundance"	30	8
"SIG307 sp910579465"	"Genotype"	"MUT"	"GenotypeMUT"	1.18993791980349	0	1.18354793758476	0.314704758390995	0.622567696063992	0.0538696690048188	0.233453434553686	NA	"prevalence"	30	26
"MGYG000323872"	"Sequencing_Depth"	"Sequencing_Depth"	"Sequencing_Depth"	-0.78077706149652	-0.499110588055241	0.256652196717685	0.315570083516832	0.62279879876656	0.0194759959791723	0.209732500699753	NA	"abundance"	30	10
"MGYG000411020"	"Sequencing_Depth"	"Sequencing_Depth"	"Sequencing_Depth"	-0.118446376570814	-0.499110588055241	0.36956732155015	0.316876906348287	0.624528607306321	0.0486595245104042	0.229790760510947	NA	"abundance"	30	22
"Caccovicinus sp910588895"	"Sequencing_Depth"	"Sequencing_Depth"	"Sequencing_Depth"	-0.152347838230482	-0.499110588055241	0.322482611284472	0.323989614194749	0.629844809763278	0.0437440637945221	0.222074775928497	NA	"abundance"	30	10
"MGYG000325371"	"Sequencing_Depth"	"Sequencing_Depth"	"Sequencing_Depth"	-0.793821168205494	-0.499110588055241	0.287069449407684	0.325462647229869	0.630419799572136	0.0369334988288857	0.214605825747453	NA	"abundance"	30	16
"MGYG000327081"	"Sequencing_Depth"	"Sequencing_Depth"	"Sequencing_Depth"	-0.0767414940012257	-0.499110588055241	0.397904946136068	0.329791600164325	0.63326617247386	0.0169203043008052	0.209732500699753	NA	"abundance"	30	10
"MGYG000328741"	"Sequencing_Depth"	"Sequencing_Depth"	"Sequencing_Depth"	-0.898132807600941	-0.499110588055241	0.397377169037583	0.332534653661544	0.634574449538938	0.0320780090609399	0.209732500699753	NA	"abundance"	30	18
"MGYG000325626"	"Sequencing_Depth"	"Sequencing_Depth"	"Sequencing_Depth"	-0.759438831548693	-0.499110588055241	0.262240822277253	0.334241121256001	0.635795159244156	0.0314507503071922	0.209732500699753	NA	"abundance"	30	22
"Marvinbryantia sp900550755"	"Sequencing_Depth"	"Sequencing_Depth"	"Sequencing_Depth"	-0.141208552555508	-0.499110588055241	0.32710043624285	0.335763852238755	0.637403907827768	0.0272762126404713	0.209732500699753	NA	"abundance"	30	8
"Pumilibacter sp910579245"	"Sequencing_Depth"	"Sequencing_Depth"	"Sequencing_Depth"	-0.00502989442164662	-0.499110588055241	0.48326457128091	0.336761726754538	0.638537711420799	0.0123566380525504	0.209732500699753	NA	"abundance"	30	12
"Desulfovibrio sp910584445"	"Sex"	"M"	"SexM"	-1.20334718999701	-0.624832126159849	0.587204365584541	0.337467626666219	0.639454012141045	0.0609561527623316	0.244378383901793	NA	"abundance"	30	23
"MGYG000327547"	"Sequencing_Depth"	"Sequencing_Depth"	"Sequencing_Depth"	-0.876914731892992	-0.499110588055241	0.34756040989186	0.338572691133809	0.641137758040046	0.0291388476481085	0.209732500699753	NA	"abundance"	30	8
"CACZQA01 sp900758075"	"Sequencing_Depth"	"Sequencing_Depth"	"Sequencing_Depth"	-0.824434675864989	-0.499110588055241	0.260861686378715	0.33929155849596	0.642088497813973	0.0387073510926616	0.216292850780055	NA	"abundance"	30	6
"MGBC163016 sp910588435"	"Sequencing_Depth"	"Sequencing_Depth"	"Sequencing_Depth"	-0.316888546294179	-0.499110588055241	0.183755721275401	0.339775500928652	0.642593726213511	0.0239221889038287	0.209732500699753	NA	"abundance"	30	18
"MGYG000410914"	"Sequencing_Depth"	"Sequencing_Depth"	"Sequencing_Depth"	0.0344219733507199	-0.499110588055241	0.507509878778877	0.341213933292894	0.644080262865384	0.020748480294789	0.209732500699753	NA	"abundance"	30	9
"14-2 sp910577785"	"Genotype"	"MUT"	"GenotypeMUT"	-0.643001673066313	0.264802588829141	0.921382188778673	0.341493240709499	0.644470570030565	0.0570232492364378	0.237951657200661	NA	"abundance"	30	18
"CAG-269 sp022792395"	"Sequencing_Depth"	"Sequencing_Depth"	"Sequencing_Depth"	-1.09380120875164	-0.499110588055241	0.595921825142667	0.341874065183137	0.644778405678662	0.0292037553525032	0.209732500699753	NA	"abundance"	30	14
"Kineothrix sp009911195"	"Sex"	"M"	"SexM"	-1.72370855802891	-0.624832126159849	1.05063314446882	0.343657956489672	0.647001350505361	0.0341862526965906	0.213818153407636	NA	"abundance"	30	9
"MD308 sp910578455"	"Sequencing_Depth"	"Sequencing_Depth"	"Sequencing_Depth"	-0.826876387484381	-0.499110588055241	0.338784950649394	0.345768998548685	0.648681915562726	0.0476792062816612	0.227572303545515	NA	"abundance"	30	23
"MGBC122484 sp910587245"	"Sex"	"M"	"SexM"	1.06618589018733	0	1.13243310813256	0.346448635492394	0.649117812328628	0.0563380270662875	0.23610798054778	NA	"prevalence"	30	13
"MGYG000323516"	"Sequencing_Depth"	"Sequencing_Depth"	"Sequencing_Depth"	-0.679662171234328	-0.499110588055241	0.185479574345773	0.35118641825057	0.654215144043067	0.00865383215431133	0.209732500699753	NA	"abundance"	30	16
"Ruminiclostridium_E sp910585505"	"Sequencing_Depth"	"Sequencing_Depth"	"Sequencing_Depth"	-0.835849490596904	-0.499110588055241	0.350477129034708	0.351291819903121	0.654215144043067	0.0334988974829102	0.212914548670079	NA	"abundance"	30	20
"MGYG000329509"	"Sequencing_Depth"	"Sequencing_Depth"	"Sequencing_Depth"	-0.214213112897277	-0.499110588055241	0.295758164991439	0.352153601811358	0.654578400019647	0.0175152506367654	0.209732500699753	NA	"abundance"	30	18
"Lawsonibacter sp943192995"	"Sequencing_Depth"	"Sequencing_Depth"	"Sequencing_Depth"	-0.186781458071963	-0.499110588055241	0.325419882438925	0.352814771007968	0.655396036045535	0.0103554314736959	0.209732500699753	NA	"abundance"	30	19
"MGYG000324849"	"Sequencing_Depth"	"Sequencing_Depth"	"Sequencing_Depth"	-0.67867903301292	-0.499110588055241	0.189567890602456	0.361972501702113	0.661557102305382	0.00774901189221348	0.209732500699753	NA	"abundance"	30	17
"MGYG000330443"	"Sequencing_Depth"	"Sequencing_Depth"	"Sequencing_Depth"	-1.0799139382663	-0.499110588055241	0.594589495534351	0.36114520839669	0.661557102305382	0.0163808333411672	0.209732500699753	NA	"abundance"	30	11
"MGYG000327333"	"Sequencing_Depth"	"Sequencing_Depth"	"Sequencing_Depth"	-0.0883003790238812	-0.499110588055241	0.428355413257157	0.362576092558105	0.661768402296377	0.0121111439759444	0.209732500699753	NA	"abundance"	30	13
"Marseille-P3106 sp022800215"	"Sequencing_Depth"	"Sequencing_Depth"	"Sequencing_Depth"	-0.00180701226761278	-0.499110588055241	0.50467339866768	0.362742005841662	0.661829692641205	0.0537542242189758	0.233453434553686	NA	"abundance"	30	10
"14-2 sp000403845"	"Sequencing_Depth"	"Sequencing_Depth"	"Sequencing_Depth"	-1.01858600593357	-0.499110588055241	0.507164277481502	0.363643042174348	0.662145441176072	0.0472247610893855	0.226542381488147	NA	"abundance"	30	8
"MGYG000329106"	"Sequencing_Depth"	"Sequencing_Depth"	"Sequencing_Depth"	-0.790965284383342	-0.499110588055241	0.314322300820485	0.367420539196801	0.665628697568572	0.0304507881337137	0.209732500699753	NA	"abundance"	30	20
"MGYG000328399"	"Sequencing_Depth"	"Sequencing_Depth"	"Sequencing_Depth"	-0.0452696218166473	-0.499110588055241	0.394543814432833	0.369180260840627	0.66765044119051	0.0319140781819456	0.209732500699753	NA	"abundance"	30	6
"Enterenecus sp910584835"	"Sequencing_Depth"	"Sequencing_Depth"	"Sequencing_Depth"	-0.27950919862632	-0.499110588055241	0.236546037734889	0.369696982307512	0.667699718556575	0.0457519039586686	0.224410539962224	NA	"abundance"	30	18
"Duncaniella sp002494015"	"Sequencing_Depth"	"Sequencing_Depth"	"Sequencing_Depth"	-0.196089046682408	-0.499110588055241	0.330531553440871	0.371476621065158	0.668446820686631	0.0551902920450806	0.23479505346542	NA	"abundance"	30	22
"W0P33-017 sp910589045"	"Sequencing_Depth"	"Sequencing_Depth"	"Sequencing_Depth"	-0.885011857575502	-0.499110588055241	0.383736848426797	0.371418875818343	0.668446820686631	0.0158675106222294	0.209732500699753	NA	"abundance"	30	8
"MGYG000402809"	"Sequencing_Depth"	"Sequencing_Depth"	"Sequencing_Depth"	-0.834539839961087	-0.499110588055241	0.358808212520823	0.372104000358788	0.668718455337344	0.032916626980331	0.210735140050016	NA	"abundance"	30	14
"Anaerotignum sp910576545"	"Sequencing_Depth"	"Sequencing_Depth"	"Sequencing_Depth"	-0.242201161520995	-0.499110588055241	0.280495672002295	0.373714113018032	0.670256337134683	0.0289511758838016	0.209732500699753	NA	"abundance"	30	20
"CAG-1031 sp000431215"	"Sequencing_Depth"	"Sequencing_Depth"	"Sequencing_Depth"	-0.270379001855141	-0.499110588055241	0.25023435230827	0.374272795556993	0.670637905074896	0.046808066555717	0.225493727004611	NA	"abundance"	30	21
"MGYG000325712"	"Sequencing_Depth"	"Sequencing_Depth"	"Sequencing_Depth"	-0.767414580121996	-0.499110588055241	0.293444384035017	0.377672398153567	0.673683850149457	0.0249850810125416	0.209732500699753	NA	"abundance"	30	17
"CAG-485 sp014801875"	"Sequencing_Depth"	"Sequencing_Depth"	"Sequencing_Depth"	-0.237932547317277	-0.499110588055241	0.275832373098753	0.38053901488478	0.673980918785632	0.018022058382126	0.209732500699753	NA	"abundance"	30	10
"Evtepia sp910578575"	"Sequencing_Depth"	"Sequencing_Depth"	"Sequencing_Depth"	-0.219855349509075	-0.499110588055241	0.290116905027344	0.380611125113788	0.673980918785632	0.0446046753006283	0.223373707905659	NA	"abundance"	30	9
"MGYG000322989"	"Sequencing_Depth"	"Sequencing_Depth"	"Sequencing_Depth"	-0.156748394687206	-0.499110588055241	0.34748834161632	0.3803926394549	0.673980918785632	0.016279622600779	0.209732500699753	NA	"abundance"	30	8
"Paramuribaculum sp910586895"	"Sequencing_Depth"	"Sequencing_Depth"	"Sequencing_Depth"	-0.130892400920405	-0.499110588055241	0.405392957493438	0.380580649248431	0.673980918785632	0.00748704617464155	0.209732500699753	NA	"abundance"	30	17
"Akkermansia muciniphila_B"	"Sex"	"M"	"SexM"	-1.26239696257812	0	1.44049107462274	0.380831261134698	0.673980918785632	0.0542943680573858	0.234038785493039	NA	"prevalence"	30	28
"MGYG000327375"	"Sex"	"M"	"SexM"	0.758541642336814	0	0.864558596232924	0.380283273894112	0.673980918785632	0.0431787114637599	0.222074775928497	NA	"prevalence"	30	8
"UBA3282 sp910575245"	"Sex"	"M"	"SexM"	-1.25884205776296	0	1.43811549016592	0.381388162482539	0.674354989782559	0.00238763286806246	0.133680613275901	NA	"prevalence"	30	28
"MGYG000325380"	"Sequencing_Depth"	"Sequencing_Depth"	"Sequencing_Depth"	-0.840873999451196	-0.499110588055241	0.366277338709347	0.382155370126526	0.674771554764345	0.0171940207572547	0.209732500699753	NA	"abundance"	30	11
"UBA3282 sp009774585"	"Sequencing_Depth"	"Sequencing_Depth"	"Sequencing_Depth"	-0.26091551759408	-0.499110588055241	0.265276081897363	0.38212790000418	0.674771554764345	0.0170133864096013	0.209732500699753	NA	"abundance"	30	21
"MGYG000325558"	"Sequencing_Depth"	"Sequencing_Depth"	"Sequencing_Depth"	-0.691339495672569	-0.499110588055241	0.207594221002232	0.383122412624824	0.675271302553374	0.0117937068154235	0.209732500699753	NA	"abundance"	30	12
"Bacteroides uniformis"	"Sequencing_Depth"	"Sequencing_Depth"	"Sequencing_Depth"	-0.786125425995285	-0.499110588055241	0.31954025547729	0.383473925634853	0.675357746616237	0.0590264799466364	0.241302317568056	NA	"abundance"	30	19
"CAG-510 sp910578335"	"Genotype"	"MUT"	"GenotypeMUT"	1.47174210281129	0.264802588829141	1.2839944819882	0.383455432860204	0.675357746616237	0.0240925782036053	0.209732500699753	NA	"abundance"	30	10
"Scatocola sp910577205"	"Sex"	"M"	"SexM"	1.29300187589473	-0.624832126159849	2.08641228344812	0.38482856452382	0.676533794181666	0.0142346891703392	0.209732500699753	NA	"abundance"	30	12
"MGYG000325949"	"Sequencing_Depth"	"Sequencing_Depth"	"Sequencing_Depth"	0.109456231629919	-0.499110588055241	0.552324910572258	0.385376207546763	0.677228560928202	0.0301747250833551	0.209732500699753	NA	"abundance"	30	6
"MGYG000328307"	"Sequencing_Depth"	"Sequencing_Depth"	"Sequencing_Depth"	-0.325336214453245	-0.499110588055241	0.195059247611375	0.391985953576706	0.684511634734479	0.0509578830809656	0.23197887818648	NA	"abundance"	30	16
"MGYG000327552"	"Sequencing_Depth"	"Sequencing_Depth"	"Sequencing_Depth"	-1.27286657082607	-0.499110588055241	0.866312496460015	0.39493484790426	0.687633965045924	0.0502833796275274	0.23197887818648	NA	"abundance"	30	13
"Ventrimonas sp910588125"	"Sequencing_Depth"	"Sequencing_Depth"	"Sequencing_Depth"	-0.679359175262306	-0.499110588055241	0.198530810237659	0.395210839178178	0.687979683796652	0.0198928822891238	0.209732500699753	NA	"abundance"	30	11
"Dysosmobacter sp910576845"	"Sequencing_Depth"	"Sequencing_Depth"	"Sequencing_Depth"	-0.276241600009521	-0.499110588055241	0.246679997668607	0.396646668342681	0.68949653863492	0.0133858322206996	0.209732500699753	NA	"abundance"	30	11
"MGYG000325676"	"Sex"	"M"	"SexM"	-1.27712103640706	-0.624832126159849	0.743422079884986	0.396573020341255	0.68949653863492	0.00685005499015853	0.209732500699753	NA	"abundance"	30	17
"MGYG000401352"	"Sequencing_Depth"	"Sequencing_Depth"	"Sequencing_Depth"	-0.954609646438243	-0.499110588055241	0.48302141976723	0.399181348215423	0.691774191319296	0.0529775604192597	0.233453434553686	NA	"abundance"	30	8
"MGYG000410456"	"Sequencing_Depth"	"Sequencing_Depth"	"Sequencing_Depth"	-0.0434708927562081	-0.499110588055241	0.498064691419997	0.402137774279518	0.694729559493197	0.0221382162451423	0.209732500699753	NA	"abundance"	30	9
"Coproplasma sp910586065"	"Sex"	"M"	"SexM"	-1.28296677751439	-0.624832126159849	0.760965443390726	0.403050861767547	0.695495612119763	0.0220407990096161	0.209732500699753	NA	"abundance"	30	17
"Copromonas sp910585355"	"Sequencing_Depth"	"Sequencing_Depth"	"Sequencing_Depth"	-0.27808162546566	-0.499110588055241	0.24184854205841	0.403136414545164	0.695508163734716	0.021488198273599	0.209732500699753	NA	"abundance"	30	9
"1XD8-76 sp910577955"	"Sequencing_Depth"	"Sequencing_Depth"	"Sequencing_Depth"	-0.260855874522102	-0.499110588055241	0.269845298077419	0.403459020432737	0.69579268736866	0.0307693765889334	0.209732500699753	NA	"abundance"	30	12
"MGYG000405682"	"Sequencing_Depth"	"Sequencing_Depth"	"Sequencing_Depth"	-0.812945986869026	-0.499110588055241	0.362237485265535	0.404894142981397	0.697051823365571	0.0617634475919571	0.244624192135946	NA	"abundance"	30	15
"CAG-95 sp910579425"	"Sex"	"M"	"SexM"	-0.713426438525424	0	0.86002820461028	0.406799805541637	0.698707959063878	0.0288829963161871	0.209732500699753	NA	"prevalence"	30	23
"Eubacterium_J sp910584345"	"Sequencing_Depth"	"Sequencing_Depth"	"Sequencing_Depth"	-0.187933697923682	-0.499110588055241	0.299637094831263	0.408417944993384	0.700133791484896	0.0224335883960216	0.209732500699753	NA	"abundance"	30	6
"Limosilactobacillus portuensis"	"Sequencing_Depth"	"Sequencing_Depth"	"Sequencing_Depth"	-1.26757232731965	-0.499110588055241	0.868526939389883	0.410216174028069	0.701187130865601	0.0469750388574086	0.225942682071879	NA	"abundance"	30	10
"CAG-873 sp910587925"	"Sequencing_Depth"	"Sequencing_Depth"	"Sequencing_Depth"	-0.817233163259419	-0.499110588055241	0.373996813959207	0.410648980456221	0.701791919860267	0.0599974642718348	0.24266831531376	NA	"abundance"	30	17
"Megamonas funiformis"	"Sequencing_Depth"	"Sequencing_Depth"	"Sequencing_Depth"	-0.205371949791357	-0.499110588055241	0.346153628697812	0.411833197942709	0.703128682329877	0.0466604504591671	0.225493727004611	NA	"abundance"	30	17
"MGYG000326584"	"Sequencing_Depth"	"Sequencing_Depth"	"Sequencing_Depth"	-1.09504231665842	-0.499110588055241	0.651311149988546	0.411985898015385	0.703128682329877	0.016279622600779	0.209732500699753	NA	"abundance"	30	8
"MGYG000327551"	"Sequencing_Depth"	"Sequencing_Depth"	"Sequencing_Depth"	-0.738124024842685	-0.499110588055241	0.280138139702455	0.413853638010227	0.704963491894338	0.0120770750905317	0.209732500699753	NA	"abundance"	30	14
"MGBC140090 sp910586805"	"Sequencing_Depth"	"Sequencing_Depth"	"Sequencing_Depth"	-0.788909981344451	-0.499110588055241	0.325918245655562	0.414662701698586	0.705213033348461	0.0249838652434628	0.209732500699753	NA	"abundance"	30	9
"UBA7173 sp900555165"	"Sequencing_Depth"	"Sequencing_Depth"	"Sequencing_Depth"	-0.250339058342122	-0.499110588055241	0.289466614990325	0.41523978906447	0.705836144219976	0.0131655900352934	0.209732500699753	NA	"abundance"	30	12
"CAG-485 sp014802175"	"Sequencing_Depth"	"Sequencing_Depth"	"Sequencing_Depth"	-0.207654436502202	-0.499110588055241	0.328264030138412	0.415522575135959	0.70589092565567	0.017146747053109	0.209732500699753	NA	"abundance"	30	9
"MGYG000360698"	"Genotype"	"MUT"	"GenotypeMUT"	-0.341891832664861	0.264802588829141	0.693258097694391	0.415497624742812	0.70589092565567	0.0422172710106588	0.219934005248547	NA	"abundance"	30	10
"UBA3402 sp910588325"	"Genotype"	"MUT"	"GenotypeMUT"	-0.507059636354208	0.264802588829141	0.916260653206213	0.419340415740851	0.709683732163325	0.055846701090842	0.235034873395936	NA	"abundance"	30	14
"MGYG000337677"	"Sequencing_Depth"	"Sequencing_Depth"	"Sequencing_Depth"	-0.956674878861362	-0.499110588055241	0.511246251103667	0.421414072888314	0.711821482144993	0.016279622600779	0.209732500699753	NA	"abundance"	30	8
"MGYG000327375"	"Genotype"	"MUT"	"GenotypeMUT"	-0.656433878749595	0	0.817374967620432	0.421916907843272	0.711992015606842	0.0180858848182156	0.209732500699753	NA	"prevalence"	30	8
"MGYG000325647"	"Sequencing_Depth"	"Sequencing_Depth"	"Sequencing_Depth"	-0.243529340754829	-0.499110588055241	0.275383527401915	0.422149190705551	0.712131300440254	0.025876485803617	0.209732500699753	NA	"abundance"	30	7
"MGYG000325425"	"Sequencing_Depth"	"Sequencing_Depth"	"Sequencing_Depth"	-0.230730401823884	-0.499110588055241	0.317459915929276	0.42253290863197	0.712542557408747	0.0224137293892929	0.209732500699753	NA	"abundance"	30	12
"CAG-95 sp910587295"	"Sequencing_Depth"	"Sequencing_Depth"	"Sequencing_Depth"	-0.781483852639591	-0.499110588055241	0.336099654855123	0.422750789778375	0.71274018352578	0.00993514401855218	0.209732500699753	NA	"abundance"	30	13
"Fimivicinus sp900544375"	"Sex"	"M"	"SexM"	0.740503793014664	0	0.925223538660777	0.423507331645024	0.712805435029757	0.0240800699216724	0.209732500699753	NA	"prevalence"	30	13
"MGYG000325619"	"Sequencing_Depth"	"Sequencing_Depth"	"Sequencing_Depth"	-0.269562274796775	-0.499110588055241	0.274104335984724	0.42735951523748	0.715756699884073	0.0176760388572173	0.209732500699753	NA	"abundance"	30	12
"MGYG000329730"	"Sequencing_Depth"	"Sequencing_Depth"	"Sequencing_Depth"	-0.984774150773178	-0.499110588055241	0.571387117421733	0.428064740174207	0.716397667441671	0.020676973202041	0.209732500699753	NA	"abundance"	30	10
"Eubacterium_J sp910584595"	"Sequencing_Depth"	"Sequencing_Depth"	"Sequencing_Depth"	-0.684010045912043	-0.499110588055241	0.223623468590072	0.42866642323432	0.716729614308794	0.0122767880841954	0.209732500699753	NA	"abundance"	30	14
"Parabacteroides merdae"	"Sequencing_Depth"	"Sequencing_Depth"	"Sequencing_Depth"	-0.982079141547593	-0.499110588055241	0.561027306543179	0.428753522923611	0.716740367107485	0.0493333732062877	0.230142935180456	NA	"abundance"	30	9
"Enterenecus sp910587205"	"Sequencing_Depth"	"Sequencing_Depth"	"Sequencing_Depth"	-0.319221698585148	-0.499110588055241	0.221121390551366	0.429434711389418	0.717609067273835	0.0426299205901302	0.220357774170766	NA	"abundance"	30	19
"HGM11386 sp022791055"	"Sequencing_Depth"	"Sequencing_Depth"	"Sequencing_Depth"	-0.768117538193365	-0.499110588055241	0.273982393041518	0.430373088433541	0.718906728846025	0.0463885563992856	0.225493727004611	NA	"abundance"	30	6
"MGYG000331408"	"Sequencing_Depth"	"Sequencing_Depth"	"Sequencing_Depth"	-0.780017610224241	-0.499110588055241	0.332834540416976	0.431223951924261	0.71988217100922	0.0136617776551756	0.209732500699753	NA	"abundance"	30	10
"Lawsonibacter sp022795855"	"Sequencing_Depth"	"Sequencing_Depth"	"Sequencing_Depth"	0.0631040919385822	-0.499110588055241	0.690683087191281	0.436652030716565	0.723665546804805	0.0276683547733976	0.209732500699753	NA	"abundance"	30	13
"MGYG000329420"	"Sequencing_Depth"	"Sequencing_Depth"	"Sequencing_Depth"	-0.135663128816721	-0.499110588055241	0.450718351248578	0.43684188684879	0.723665546804805	0.0225366739021244	0.209732500699753	NA	"abundance"	30	15
"MGYG000410984"	"Sequencing_Depth"	"Sequencing_Depth"	"Sequencing_Depth"	-0.742613055287619	-0.499110588055241	0.301522915693379	0.438481506623544	0.725089928596722	0.0385749602474706	0.216292850780055	NA	"abundance"	30	14
"MGYG000325660"	"Genotype"	"MUT"	"GenotypeMUT"	-0.174990338460905	0.264802588829141	0.554528621020402	0.440530403738301	0.726989717164712	0.037797665300578	0.215747807594677	NA	"abundance"	30	20
"CAG-873 sp910587545"	"Sex"	"M"	"SexM"	-1.3265135823492	-0.624832126159849	0.887540517432057	0.441900095754089	0.728537718662585	0.0589509026910979	0.241302317568056	NA	"abundance"	30	19
"Zag111 sp910584405"	"Sequencing_Depth"	"Sequencing_Depth"	"Sequencing_Depth"	-0.26761801620831	-0.499110588055241	0.27700262580028	0.442183142396583	0.728634499294073	0.0399756753114063	0.217356124342773	NA	"abundance"	30	9
"MGYG000329799"	"Sequencing_Depth"	"Sequencing_Depth"	"Sequencing_Depth"	0.0100494327486488	-0.499110588055241	0.428675869453917	0.445807912258054	0.73135097050531	0.060132982739495	0.243019183285404	NA	"abundance"	30	5
"Ventrimonas sp022799175"	"Sequencing_Depth"	"Sequencing_Depth"	"Sequencing_Depth"	-0.113248073117179	-0.499110588055241	0.466248174224216	0.445644266618672	0.73135097050531	0.0315119298417467	0.209732500699753	NA	"abundance"	30	9
"Parabacteroides goldsteinii"	"Sex"	"M"	"SexM"	-0.860765057521586	0	1.13072533904534	0.446507551204863	0.73141954138186	0.0169296512724714	0.209732500699753	NA	"prevalence"	30	23
"CAG-873 sp003979155"	"Sequencing_Depth"	"Sequencing_Depth"	"Sequencing_Depth"	-0.270876383542404	-0.499110588055241	0.289026876156746	0.446977126083725	0.731829524613534	0.0282587475095589	0.209732500699753	NA	"abundance"	30	15
"14-2 sp000403255"	"Sequencing_Depth"	"Sequencing_Depth"	"Sequencing_Depth"	-0.699528414151203	-0.499110588055241	0.255565570627443	0.447501684995444	0.731992770637589	0.0538702803143309	0.233453434553686	NA	"abundance"	30	17
"MGYG000330354"	"Sequencing_Depth"	"Sequencing_Depth"	"Sequencing_Depth"	-0.129407248388224	-0.499110588055241	0.46568504100911	0.44770905726083	0.731992770637589	0.0279041312316608	0.209732500699753	NA	"abundance"	30	13
"MGYG000325577"	"Sequencing_Depth"	"Sequencing_Depth"	"Sequencing_Depth"	-0.133701473938449	-0.499110588055241	0.391583457078744	0.449407765885429	0.73306186889885	0.0245301229188188	0.209732500699753	NA	"abundance"	30	6
"Sporofaciens sp011960625"	"Sequencing_Depth"	"Sequencing_Depth"	"Sequencing_Depth"	-0.815302249535109	-0.499110588055241	0.402448667104528	0.450055218781819	0.733713875023204	0.014648491904307	0.209732500699753	NA	"abundance"	30	14
"UBA3282 sp910587095"	"Sequencing_Depth"	"Sequencing_Depth"	"Sequencing_Depth"	-0.268810819104809	-0.499110588055241	0.287954692336535	0.450407220673304	0.733883762274401	0.0144167633601775	0.209732500699753	NA	"abundance"	30	11
"UBA3282 sp910578115"	"Sequencing_Depth"	"Sequencing_Depth"	"Sequencing_Depth"	-0.179905913863315	-0.499110588055241	0.41245140435893	0.451232576610806	0.734314505336213	0.0206630854872573	0.209732500699753	NA	"abundance"	30	19
"Gordonibacter pamelaeae"	"Sequencing_Depth"	"Sequencing_Depth"	"Sequencing_Depth"	-0.62020517234578	-0.499110588055241	0.15662781395276	0.455787121743948	0.737422343275077	0.0389529125198235	0.216292850780055	NA	"abundance"	30	17
"UBA3402 sp910588325"	"Sequencing_Depth"	"Sequencing_Depth"	"Sequencing_Depth"	-0.117926678098936	-0.499110588055241	0.491220585781276	0.455837615862051	0.737422343275077	0.0473696285309294	0.226570821867376	NA	"abundance"	30	14
"MGYG000325587"	"Sequencing_Depth"	"Sequencing_Depth"	"Sequencing_Depth"	-0.336554572447265	-0.499110588055241	0.21409632893679	0.45884886616163	0.740476654884138	0.0546322176858185	0.23479505346542	NA	"abundance"	30	22
"MGYG000325313"	"Sequencing_Depth"	"Sequencing_Depth"	"Sequencing_Depth"	-0.306014596187899	-0.499110588055241	0.235332996675392	0.458989044961224	0.740504290529498	0.0544663427730664	0.234577170300942	NA	"abundance"	30	8
"14-2 sp004793545"	"Sequencing_Depth"	"Sequencing_Depth"	"Sequencing_Depth"	-0.739761142263336	-0.499110588055241	0.318099023024477	0.462301239442946	0.742973262870573	0.0143927235082105	0.209732500699753	NA	"abundance"	30	18
"Choladocola sp910587495"	"Sequencing_Depth"	"Sequencing_Depth"	"Sequencing_Depth"	-0.748653667679817	-0.499110588055241	0.334041989861582	0.46575497004323	0.746973449248032	0.0155075110579221	0.209732500699753	NA	"abundance"	30	20
"Paralachnospira sp910587905"	"Sequencing_Depth"	"Sequencing_Depth"	"Sequencing_Depth"	-0.124888731220193	-0.499110588055241	0.48867160278582	0.468890594514165	0.749699416441701	0.0243468444998877	0.209732500699753	NA	"abundance"	30	11
"RGIG3002 sp910579805"	"Sequencing_Depth"	"Sequencing_Depth"	"Sequencing_Depth"	-0.75834225957369	-0.499110588055241	0.323975502078133	0.468867616004502	0.749699416441701	0.04312116227195	0.222074775928497	NA	"abundance"	30	8
"MGYG000330445"	"Genotype"	"MUT"	"GenotypeMUT"	2.04173121330011	0.264802588829141	2.3079927116919	0.470580400286087	0.751592100762517	0.0532831272827207	0.233453434553686	NA	"abundance"	30	10
"Avimonas_A sp022800315"	"Sex"	"M"	"SexM"	-0.73347977883011	0	1.01733168950597	0.470919414579829	0.751863252208766	0.0533600117018642	0.233453434553686	NA	"prevalence"	30	6
"MGYG000329148"	"Sex"	"M"	"SexM"	-0.908637097359994	0	1.26246418459628	0.471689422278947	0.752686874451948	0.0601912205671069	0.243057416601211	NA	"prevalence"	30	9
"Merdisoma sp910574475"	"Sequencing_Depth"	"Sequencing_Depth"	"Sequencing_Depth"	-0.686301797164193	-0.499110588055241	0.254398769470381	0.472848082473398	0.75375633110456	0.0397538294065554	0.217193002028663	NA	"abundance"	30	21
"Acetatifactor sp910577665"	"Sequencing_Depth"	"Sequencing_Depth"	"Sequencing_Depth"	-0.147848707451526	-0.499110588055241	0.429619927376695	0.4735421790452	0.754143631114241	0.0551292444678877	0.23479505346542	NA	"abundance"	30	7
"MGYG000360698"	"Sequencing_Depth"	"Sequencing_Depth"	"Sequencing_Depth"	-0.296674967105399	-0.499110588055241	0.264405716689991	0.473574586308882	0.754143631114241	0.0190653589249748	0.209732500699753	NA	"abundance"	30	10
"MGYG000331169"	"Sex"	"M"	"SexM"	0.469627836245684	-0.624832126159849	1.47597233722224	0.473907737549357	0.754194921749245	0.00407235309478877	0.184477595193931	NA	"abundance"	30	15
"MGYG000325633"	"Sequencing_Depth"	"Sequencing_Depth"	"Sequencing_Depth"	-0.749278725016903	-0.499110588055241	0.340374696030274	0.475853160217393	0.75566672538544	0.0438056157368178	0.222074775928497	NA	"abundance"	30	17
"Enterenecus sp910588135"	"Sequencing_Depth"	"Sequencing_Depth"	"Sequencing_Depth"	-0.671750867181645	-0.499110588055241	0.233507407378634	0.477223767830642	0.756086515188169	0.0269916183105254	0.209732500699753	NA	"abundance"	30	14
"UBA2882 sp910574745"	"Sequencing_Depth"	"Sequencing_Depth"	"Sequencing_Depth"	-0.199615767108633	-0.499110588055241	0.408471682342475	0.477373713667631	0.75618923978194	0.0622062299898444	0.245232313322306	NA	"abundance"	30	16
"Escherichia coli"	"Genotype"	"MUT"	"GenotypeMUT"	-1.77752852100129	0.264802588829141	2.79376287513726	0.478769104129947	0.757184672515945	0.0632501400548469	0.247584798030873	NA	"abundance"	30	16
"Fimisoma sp910588185"	"Sequencing_Depth"	"Sequencing_Depth"	"Sequencing_Depth"	-0.746297669178576	-0.499110588055241	0.325120786320922	0.481434502278255	0.757931575819638	0.0277967623298552	0.209732500699753	NA	"abundance"	30	9
"MGBC113645 sp910579135"	"Sequencing_Depth"	"Sequencing_Depth"	"Sequencing_Depth"	-0.864864660759687	-0.499110588055241	0.501306205552911	0.480876830797865	0.757931575819638	0.0219874379756485	0.209732500699753	NA	"abundance"	30	15
"MGYG000324149"	"Sequencing_Depth"	"Sequencing_Depth"	"Sequencing_Depth"	-0.699228610275978	-0.499110588055241	0.274742622518189	0.480926449662744	0.757931575819638	0.0134379610092479	0.209732500699753	NA	"abundance"	30	16
"Lawsonibacter sp022796195"	"Sequencing_Depth"	"Sequencing_Depth"	"Sequencing_Depth"	-0.320122489639057	-0.499110588055241	0.245569682339235	0.481912586224503	0.758242133629309	0.0117830275625205	0.209732500699753	NA	"abundance"	30	15
"CAG-95 sp910579495"	"Sequencing_Depth"	"Sequencing_Depth"	"Sequencing_Depth"	-0.724112408083994	-0.499110588055241	0.313379346857647	0.482400609515751	0.758741266692769	0.0529641408313349	0.233453434553686	NA	"abundance"	30	22
"UBA3282 sp910587715"	"Genotype"	"MUT"	"GenotypeMUT"	2.30235680453746	0.264802588829141	2.72569742612285	0.482966993781925	0.758960336001486	0.0177071060365755	0.209732500699753	NA	"abundance"	30	10
"14-2 sp009774455"	"Sequencing_Depth"	"Sequencing_Depth"	"Sequencing_Depth"	-0.661820116257681	-0.499110588055241	0.228580771430463	0.486459204204207	0.762491919384559	0.0483356396964828	0.228801210281305	NA	"abundance"	30	22
"MGYG000325322"	"Sequencing_Depth"	"Sequencing_Depth"	"Sequencing_Depth"	-0.71528164437515	-0.499110588055241	0.300932428713078	0.487940372160063	0.763400282909342	0.0209182493772155	0.209732500699753	NA	"abundance"	30	15
"Acutalibacter sp910580045"	"Sequencing_Depth"	"Sequencing_Depth"	"Sequencing_Depth"	-0.277378020644011	-0.499110588055241	0.304686102073836	0.488128356935807	0.76342553271865	0.0354883701226079	0.214605825747453	NA	"abundance"	30	12
"Bacteroides faecis"	"Genotype"	"MUT"	"GenotypeMUT"	1.29891139109481	0.264802588829141	1.43805525264549	0.488603368378862	0.764033954249594	0.010810523036435	0.209732500699753	NA	"abundance"	30	14
"Odoribacter sp910578985"	"Sequencing_Depth"	"Sequencing_Depth"	"Sequencing_Depth"	-0.83924787111717	-0.499110588055241	0.456436904040236	0.489778934406826	0.765333421070111	0.0150592207531285	0.209732500699753	NA	"abundance"	30	9
"VSOB01 sp910587635"	"Sequencing_Depth"	"Sequencing_Depth"	"Sequencing_Depth"	-1.16962434290458	-0.499110588055241	0.93244613002491	0.49018856958931	0.765704191420714	0.0183205129629433	0.209732500699753	NA	"abundance"	30	13
"Copromonas sp910586315"	"Sequencing_Depth"	"Sequencing_Depth"	"Sequencing_Depth"	-0.820789077330116	-0.499110588055241	0.449303580923994	0.490406999937333	0.765910739047848	0.0275711810041136	0.209732500699753	NA	"abundance"	30	14
"MGYG000329248"	"Sequencing_Depth"	"Sequencing_Depth"	"Sequencing_Depth"	-0.706519360222193	-0.499110588055241	0.289646466546895	0.490624468701544	0.766115712550654	0.00997373098063159	0.209732500699753	NA	"abundance"	30	14
"Bacteroides bouchesdurhonensis"	"Genotype"	"MUT"	"GenotypeMUT"	1.03114278940691	0.264802588829141	1.04519753704324	0.491004773749572	0.766305535704365	0.0482163682266497	0.228801210281305	NA	"abundance"	30	10
"MGBC164599 sp910587105"	"Sequencing_Depth"	"Sequencing_Depth"	"Sequencing_Depth"	-0.205828426008125	-0.499110588055241	0.411341325364247	0.492296441626606	0.76765311915264	0.0385433316332245	0.216292850780055	NA	"abundance"	30	14
"Prevotella intestinalis"	"Sequencing_Depth"	"Sequencing_Depth"	"Sequencing_Depth"	-0.732688108244563	-0.499110588055241	0.325115597522402	0.49607160007359	0.771411595080983	0.0616315464411181	0.244624192135946	NA	"abundance"	30	11
"Cryptobacteroides sp910585445"	"Sex"	"M"	"SexM"	0.610804682662565	0	0.899638239019555	0.497172853433399	0.772539489813878	0.055893302222393	0.235034873395936	NA	"prevalence"	30	15
"Enterenecus sp910587395"	"Sequencing_Depth"	"Sequencing_Depth"	"Sequencing_Depth"	-0.359058652035076	-0.499110588055241	0.201848380887997	0.498435823407146	0.773823823441294	0.0466269750884333	0.225493727004611	NA	"abundance"	30	21
"Lawsonibacter sp022793355"	"Sequencing_Depth"	"Sequencing_Depth"	"Sequencing_Depth"	-0.267765155632606	-0.499110588055241	0.334864382323107	0.49895266522047	0.773969784502606	0.0301399579719942	0.209732500699753	NA	"abundance"	30	21
"Eisenbergiella sp910585455"	"Sequencing_Depth"	"Sequencing_Depth"	"Sequencing_Depth"	-0.618044329934803	-0.499110588055241	0.168055444666476	0.499103449649939	0.774040028889011	0.0158825325307256	0.209732500699753	NA	"abundance"	30	13
"Copromonas sp910575275"	"Sequencing_Depth"	"Sequencing_Depth"	"Sequencing_Depth"	-0.700971700058068	-0.499110588055241	0.292770604551224	0.499930366417115	0.774408884356597	0.0419491909256851	0.219934005248547	NA	"abundance"	30	21
"Odoribacter sp910578105"	"Sequencing_Depth"	"Sequencing_Depth"	"Sequencing_Depth"	-0.809646922081442	-0.499110588055241	0.446286261752335	0.500031938047698	0.774408884356597	0.0382905048240306	0.216292850780055	NA	"abundance"	30	16
"CAG-95 sp910585075"	"Sequencing_Depth"	"Sequencing_Depth"	"Sequencing_Depth"	-0.332784206186473	-0.499110588055241	0.231593694480864	0.500273925091301	0.774478652020622	0.0425600250441082	0.220327009493113	NA	"abundance"	30	10
"MGYG000325361"	"Sex"	"M"	"SexM"	0.269936103944849	-0.624832126159849	1.25002426441412	0.501171641138882	0.774903183831475	0.0142318330609426	0.209732500699753	NA	"abundance"	30	10
"1XD42-69 sp003612565"	"Sequencing_Depth"	"Sequencing_Depth"	"Sequencing_Depth"	-0.777308027639359	-0.499110588055241	0.37790166949961	0.502533824262494	0.776174293413025	0.0182188463663718	0.209732500699753	NA	"abundance"	30	8
"MGYG000328360"	"Sex"	"M"	"SexM"	-0.725520258474176	0	1.09473385256606	0.507499225474447	0.780801838673673	0.0247137932202052	0.209732500699753	NA	"prevalence"	30	14
"Acutalibacter sp910588415"	"Sequencing_Depth"	"Sequencing_Depth"	"Sequencing_Depth"	-0.291921730493443	-0.499110588055241	0.299576366745211	0.509244214625138	0.781591785618303	0.0431820555973042	0.222074775928497	NA	"abundance"	30	12
"Coproplasma stercorigallinarum"	"Sequencing_Depth"	"Sequencing_Depth"	"Sequencing_Depth"	-0.178106164068976	-0.499110588055241	0.431164392784376	0.510452012611451	0.782499332652302	0.04137963625866	0.219408566715473	NA	"abundance"	30	7
"Parasutterella excrementihominis"	"Sequencing_Depth"	"Sequencing_Depth"	"Sequencing_Depth"	-0.685906162720511	-0.499110588055241	0.272355472479989	0.512762589091255	0.784374439172053	0.0284031042783997	0.209732500699753	NA	"abundance"	30	12
"MGYG000324257"	"Sequencing_Depth"	"Sequencing_Depth"	"Sequencing_Depth"	-0.0752940903233396	-0.499110588055241	0.628578384250681	0.514030322627117	0.7849373080724	0.0373137358009345	0.214953000573476	NA	"abundance"	30	15
"UBA5026 sp910586425"	"Sequencing_Depth"	"Sequencing_Depth"	"Sequencing_Depth"	-0.301182221601899	-0.499110588055241	0.292306157726728	0.51393656501222	0.7849373080724	0.0178388543161926	0.209732500699753	NA	"abundance"	30	14
"Eubacterium_F sp910584645"	"Sequencing_Depth"	"Sequencing_Depth"	"Sequencing_Depth"	-0.767617591672705	-0.499110588055241	0.378787383052042	0.517762597701373	0.788536283952125	0.022391257132534	0.209732500699753	NA	"abundance"	30	8
"Bilophila sp902373525"	"Sequencing_Depth"	"Sequencing_Depth"	"Sequencing_Depth"	-0.360866692793776	-0.499110588055241	0.207421114824154	0.518522237683515	0.789152120900657	0.0329979508525701	0.210735140050016	NA	"abundance"	30	16
"CAG-485 sp001701295"	"Sex"	"M"	"SexM"	-1.12940317201064	-0.624832126159849	0.766820714610866	0.518880187097246	0.789467780953366	0.0421738587611509	0.219934005248547	NA	"abundance"	30	22
"CAG-95 sp910587305"	"Sequencing_Depth"	"Sequencing_Depth"	"Sequencing_Depth"	-0.741582621377277	-0.499110588055241	0.366915023031305	0.519330762139388	0.789841462103469	0.0111650646023955	0.209732500699753	NA	"abundance"	30	18
"14-2 sp910576975"	"Sequencing_Depth"	"Sequencing_Depth"	"Sequencing_Depth"	-0.287276477037523	-0.499110588055241	0.319596645081598	0.526067873500719	0.791912272457301	0.02137676646916	0.209732500699753	NA	"abundance"	30	12
"CAG-873 sp900550395"	"Sequencing_Depth"	"Sequencing_Depth"	"Sequencing_Depth"	-0.296368096437647	-0.499110588055241	0.311339425654234	0.524475113812857	0.791912272457301	0.0326201909342031	0.209735703894093	NA	"abundance"	30	20
"MGYG000325385"	"Sex"	"M"	"SexM"	-1.27857808329473	-0.624832126159849	0.970046005781471	0.522238960632584	0.791912272457301	0.0315099469211242	0.209732500699753	NA	"abundance"	30	11
"MGYG000325648"	"Sequencing_Depth"	"Sequencing_Depth"	"Sequencing_Depth"	-0.713348125139867	-0.499110588055241	0.324467304502428	0.52771029877079	0.791912272457301	0.018091263723699	0.209732500699753	NA	"abundance"	30	12
"MGYG000410805"	"Sequencing_Depth"	"Sequencing_Depth"	"Sequencing_Depth"	-0.0425726552609928	-0.499110588055241	0.68463419422783	0.526392672761839	0.791912272457301	0.0126600760168569	0.209732500699753	NA	"abundance"	30	11
"MD308 sp910575105"	"Genotype"	"MUT"	"GenotypeMUT"	0.908685862667114	0	1.44146445683123	0.528438960089239	0.791912272457301	0.0116908053397526	0.209732500699753	NA	"prevalence"	30	29
"Paramuribaculum sp001689565"	"Genotype"	"MUT"	"GenotypeMUT"	0.908164986471963	0	1.44084874085798	0.528499219592004	0.791912272457301	0.0166691393215547	0.209732500699753	NA	"prevalence"	30	29
"Schaedlerella sp910589385"	"Genotype"	"MUT"	"GenotypeMUT"	0.908685862667114	0	1.44146445683123	0.528438960089239	0.791912272457301	0.0130259233710325	0.209732500699753	NA	"prevalence"	30	29
"MGYG000410776"	"Sequencing_Depth"	"Sequencing_Depth"	"Sequencing_Depth"	-0.333268097398829	-0.499110588055241	0.254670396531065	0.530183532035994	0.793338695798136	0.00997373098063159	0.209732500699753	NA	"abundance"	30	14
"MGBC163016 sp910585565"	"Sequencing_Depth"	"Sequencing_Depth"	"Sequencing_Depth"	-0.361333494807122	-0.499110588055241	0.216782139756173	0.533416955016599	0.795658197866563	0.0463882197427602	0.225493727004611	NA	"abundance"	30	23
"Muribaculum sp910578785"	"Sex"	"M"	"SexM"	-1.19530554527277	-0.624832126159849	0.897769781853626	0.53336092992162	0.795658197866563	0.0296675860859228	0.209732500699753	NA	"abundance"	30	22
"MGYG000328360"	"Sequencing_Depth"	"Sequencing_Depth"	"Sequencing_Depth"	-0.377938905564083	-0.499110588055241	0.187426348822528	0.533605584800052	0.795751195191081	0.0109102804577427	0.209732500699753	NA	"abundance"	30	14
"Eubacterium_J sp910586445"	"Sequencing_Depth"	"Sequencing_Depth"	"Sequencing_Depth"	-0.64981528367928	-0.499110588055241	0.221529492843154	0.534331313422053	0.796432430759091	0.02544691805313	0.209732500699753	NA	"abundance"	30	8
"MGYG000325663"	"Sequencing_Depth"	"Sequencing_Depth"	"Sequencing_Depth"	-0.284771851877892	-0.499110588055241	0.330241596298612	0.534777313475283	0.796829855815511	0.0283275470771978	0.209732500699753	NA	"abundance"	30	12
"Kineothrix sp910588855"	"Sequencing_Depth"	"Sequencing_Depth"	"Sequencing_Depth"	-0.705713787159566	-0.499110588055241	0.324253458953735	0.534871141820742	0.796836032038446	0.0263852186315368	0.209732500699753	NA	"abundance"	30	17
"MGYG000327499"	"Sequencing_Depth"	"Sequencing_Depth"	"Sequencing_Depth"	-0.654230637491259	-0.499110588055241	0.241336522721272	0.535213814104172	0.79694565750219	0.0499852523630405	0.231699081418633	NA	"abundance"	30	14
"MGYG000330019"	"Sequencing_Depth"	"Sequencing_Depth"	"Sequencing_Depth"	-0.375593895750306	-0.499110588055241	0.193740124857533	0.535559773196677	0.797327175746058	0.0107883412783523	0.209732500699753	NA	"abundance"	30	17
"CAG-95 sp910579685"	"Sequencing_Depth"	"Sequencing_Depth"	"Sequencing_Depth"	-0.756674349584452	-0.499110588055241	0.405611253913912	0.535673829874846	0.79736337383783	0.0295773071061415	0.209732500699753	NA	"abundance"	30	18
"Eubacterium_J sp910577225"	"Sequencing_Depth"	"Sequencing_Depth"	"Sequencing_Depth"	-0.775685014661362	-0.499110588055241	0.418848416611693	0.538287223149945	0.799913359706851	0.0132453100583861	0.209732500699753	NA	"abundance"	30	9
"MGYG000330890"	"Sex"	"M"	"SexM"	-0.974684386553032	-0.624832126159849	0.533351954100305	0.541649051807959	0.801824695986957	0.0443559535145228	0.223065288915692	NA	"abundance"	30	9
"COE1 sp002358575"	"Sequencing_Depth"	"Sequencing_Depth"	"Sequencing_Depth"	-0.318079789081723	-0.499110588055241	0.291919773624434	0.542598870535437	0.802015190212703	0.044769660657615	0.223373707905659	NA	"abundance"	30	23
"MGYG000325682"	"Sequencing_Depth"	"Sequencing_Depth"	"Sequencing_Depth"	-0.750089367707188	-0.499110588055241	0.378109181325483	0.543285637899661	0.802015190212703	0.0140320759862258	0.209732500699753	NA	"abundance"	30	8
"UBA3282 sp910584725"	"Sequencing_Depth"	"Sequencing_Depth"	"Sequencing_Depth"	-0.369163888374246	-0.499110588055241	0.209403153035504	0.543296444394067	0.802015190212703	0.0417740095667237	0.219809809578653	NA	"abundance"	30	23
"VSOB01 sp910587155"	"Sequencing_Depth"	"Sequencing_Depth"	"Sequencing_Depth"	-0.69427001607052	-0.499110588055241	0.31047063803502	0.542654513144259	0.802015190212703	0.0129888809605801	0.209732500699753	NA	"abundance"	30	15
"Marseille-P3106 sp910588975"	"Sequencing_Depth"	"Sequencing_Depth"	"Sequencing_Depth"	-0.937785150926824	-0.499110588055241	0.703513985018907	0.545661229321185	0.803081004227055	0.0224380850807982	0.209732500699753	NA	"abundance"	30	15
"Acetatifactor sp910579755"	"Sequencing_Depth"	"Sequencing_Depth"	"Sequencing_Depth"	-0.747906004100957	-0.499110588055241	0.400261874902629	0.545988639362466	0.803296747927721	0.0362280680172836	0.214605825747453	NA	"abundance"	30	16
"Angelakisella sp910585525"	"Sex"	"M"	"SexM"	0.403165166003681	-0.624832126159849	1.59310760521136	0.54718931907188	0.803865261235724	0.0319272400925744	0.209732500699753	NA	"abundance"	30	9
"Ruminococcus sp900540005"	"Sex"	"M"	"SexM"	-0.549064351556825	0	0.918625441139726	0.55003872669748	0.805653492698171	0.0083116471151463	0.209732500699753	NA	"prevalence"	30	12
"Angelakisella sp013316495"	"Sequencing_Depth"	"Sequencing_Depth"	"Sequencing_Depth"	-0.291136593147617	-0.499110588055241	0.343209095419611	0.558202993228596	0.807532164343954	0.0149144741698084	0.209732500699753	NA	"abundance"	30	14
"COE1 sp014239155"	"Sequencing_Depth"	"Sequencing_Depth"	"Sequencing_Depth"	-0.307186714944243	-0.499110588055241	0.311830234644771	0.557841761181783	0.807532164343954	0.020563148687721	0.209732500699753	NA	"abundance"	30	11
"Kineothrix sp910576535"	"Genotype"	"MUT"	"GenotypeMUT"	-0.144873345265163	0.264802588829141	0.683896703286092	0.557135386089946	0.807532164343954	0.0399125792118391	0.217356124342773	NA	"abundance"	30	22
"MGYG000328328"	"Sequencing_Depth"	"Sequencing_Depth"	"Sequencing_Depth"	-0.721884412379043	-0.499110588055241	0.358579200977734	0.554225380888245	0.807532164343954	0.0189252175819103	0.209732500699753	NA	"abundance"	30	11
"Enterenecus sp910588625"	"Sequencing_Depth"	"Sequencing_Depth"	"Sequencing_Depth"	0.558826327372156	0	0.957190143025089	0.559341717525468	0.807532164343954	0.0376957560210525	0.215657809704827	NA	"prevalence"	30	29
"CAG-873 sp910583525"	"Sequencing_Depth"	"Sequencing_Depth"	"Sequencing_Depth"	-0.348993796369238	-0.499110588055241	0.249081427459879	0.56061773147389	0.807624658127609	0.0526549762275794	0.233453434553686	NA	"abundance"	30	14
"UBA3402 sp022796015"	"Sequencing_Depth"	"Sequencing_Depth"	"Sequencing_Depth"	-0.830558146654611	-0.499110588055241	0.550388402586672	0.560290510043814	0.807624658127609	0.0299226562085342	0.209732500699753	NA	"abundance"	30	14
"MGBC122484 sp910578465"	"Sequencing_Depth"	"Sequencing_Depth"	"Sequencing_Depth"	0.00741632125104506	-0.499110588055241	0.835394465214495	0.561195887738442	0.807747523498471	0.0290805199626228	0.209732500699753	NA	"abundance"	30	12
"Acetatifactor sp910583845"	"Sequencing_Depth"	"Sequencing_Depth"	"Sequencing_Depth"	-0.733538126454206	-0.499110588055241	0.384255501642923	0.564054027816406	0.809243093095305	0.0136617776551756	0.209732500699753	NA	"abundance"	30	10
"Enterenecus sp910588105"	"Sequencing_Depth"	"Sequencing_Depth"	"Sequencing_Depth"	-0.647648660366122	-0.499110588055241	0.251517493660146	0.563830059330838	0.809243093095305	0.0301823056724122	0.209732500699753	NA	"abundance"	30	19
"MGYG000410955"	"Sequencing_Depth"	"Sequencing_Depth"	"Sequencing_Depth"	-0.765095124809641	-0.499110588055241	0.436347074871602	0.56432825689106	0.809243093095305	0.0358749431596477	0.214605825747453	NA	"abundance"	30	10
"RGIG4057 sp910579615"	"Sequencing_Depth"	"Sequencing_Depth"	"Sequencing_Depth"	-0.797757942280249	-0.499110588055241	0.462560632905499	0.564560192347292	0.809243093095305	0.0378846742214214	0.215747807594677	NA	"abundance"	30	7
"UBA3282 sp003612405"	"Sequencing_Depth"	"Sequencing_Depth"	"Sequencing_Depth"	-0.674914135967778	-0.499110588055241	0.291510993487554	0.565761191906851	0.809243093095305	0.0135220758360014	0.209732500699753	NA	"abundance"	30	11
"MGYG000325448"	"Sequencing_Depth"	"Sequencing_Depth"	"Sequencing_Depth"	-0.350956650473261	-0.499110588055241	0.250982596907566	0.566718330469349	0.809792918337113	0.0104106186726135	0.209732500699753	NA	"abundance"	30	16
"UBA3282 sp910578645"	"Sex"	"M"	"SexM"	-1.5285795585446	-0.624832126159849	1.49258401386934	0.567087126162199	0.809858884104361	0.0438979840035259	0.222074775928497	NA	"abundance"	30	10
"Pelethomonas sp910588045"	"Sequencing_Depth"	"Sequencing_Depth"	"Sequencing_Depth"	-0.319842318864219	-0.499110588055241	0.304091534945896	0.568667313532915	0.811403417494773	0.0100910091965241	0.209732500699753	NA	"abundance"	30	14
"Bacillus licheniformis"	"Sequencing_Depth"	"Sequencing_Depth"	"Sequencing_Depth"	-1.48842278469744	-0.499110588055241	1.5599308804927	0.570940606037736	0.813210529760386	0.0274010136406198	0.209732500699753	NA	"abundance"	30	7
"Acetatifactor sp910587555"	"Sequencing_Depth"	"Sequencing_Depth"	"Sequencing_Depth"	-0.754562423944722	-0.499110588055241	0.43902342173737	0.576484575747762	0.814845958129563	0.0117937068154235	0.209732500699753	NA	"abundance"	30	12
"MGYG000409008"	"Sequencing_Depth"	"Sequencing_Depth"	"Sequencing_Depth"	-0.274723129735429	-0.499110588055241	0.391147222503097	0.576782323930856	0.815067883400191	0.0130224090818374	0.209732500699753	NA	"abundance"	30	16
"MGYG000409933"	"Sequencing_Depth"	"Sequencing_Depth"	"Sequencing_Depth"	-0.361513934407686	-0.499110588055241	0.236378443934247	0.576831384447991	0.815067883400191	0.0186228052991509	0.209732500699753	NA	"abundance"	30	12
"MGYG000324289"	"Genotype"	"MUT"	"GenotypeMUT"	-0.399245323504297	0.264802588829141	1.17254235020681	0.579923567701257	0.816580174172055	0.00894306304154131	0.209732500699753	NA	"abundance"	30	18
"Senegalimassilia faecalis"	"Sequencing_Depth"	"Sequencing_Depth"	"Sequencing_Depth"	-0.605379441181657	-0.499110588055241	0.184609840061676	0.579793178254795	0.816580174172055	0.0406849703124076	0.218618643582749	NA	"abundance"	30	13
"MGYG000326933"	"Sequencing_Depth"	"Sequencing_Depth"	"Sequencing_Depth"	-0.31114180919642	-0.499110588055241	0.321805829227495	0.580884460198554	0.816767929250298	0.0425797531892169	0.220327009493113	NA	"abundance"	30	10
"COE1 sp910579275"	"Sequencing_Depth"	"Sequencing_Depth"	"Sequencing_Depth"	-0.635027324312836	-0.499110588055241	0.239885657843677	0.582280293773799	0.816791981398832	0.0118807566698222	0.209732500699753	NA	"abundance"	30	16
"MGYG000325468"	"Sequencing_Depth"	"Sequencing_Depth"	"Sequencing_Depth"	-0.108869577515901	-0.499110588055241	0.602948467832508	0.583766290514489	0.817682524584883	0.0357246692586485	0.214605825747453	NA	"abundance"	30	6
"Phocaeicola plebeius_A"	"Sequencing_Depth"	"Sequencing_Depth"	"Sequencing_Depth"	-0.741684842132161	-0.499110588055241	0.429483216396387	0.584575669829856	0.818279839518464	0.049317744922465	0.230142935180456	NA	"abundance"	30	14
"UBA3402 sp910585645"	"Sequencing_Depth"	"Sequencing_Depth"	"Sequencing_Depth"	-0.351177895606357	-0.499110588055241	0.262479347226127	0.585380286581969	0.818381871776139	0.0140859937910799	0.209732500699753	NA	"abundance"	30	14
"MGYG000325583"	"Sequencing_Depth"	"Sequencing_Depth"	"Sequencing_Depth"	0.0909677932781103	-0.499110588055241	0.778285293514051	0.58695322007235	0.818822320669309	0.0556949133445968	0.23479505346542	NA	"abundance"	30	5
"CAG-95 sp910585005"	"Sex"	"M"	"SexM"	0.539391720879574	0	0.997847777131356	0.58881426187097	0.819745333237789	0.0477880388209841	0.2276556380927	NA	"prevalence"	30	20
"CAG-873 sp900555715"	"Sequencing_Depth"	"Sequencing_Depth"	"Sequencing_Depth"	-0.611405855764746	-0.499110588055241	0.201774440316746	0.589897594470234	0.820406557116221	0.0348425327246639	0.213818153407636	NA	"abundance"	30	15
"MGYG000325797"	"Sequencing_Depth"	"Sequencing_Depth"	"Sequencing_Depth"	-0.269616751976141	-0.499110588055241	0.382744718660926	0.591344587415351	0.820811620706959	0.0266382703956361	0.209732500699753	NA	"abundance"	30	7
"D16-34 sp003612515"	"Sequencing_Depth"	"Sequencing_Depth"	"Sequencing_Depth"	-0.609227446246108	-0.499110588055241	0.19897200788568	0.591820888301343	0.8209724578544	0.0270777096373443	0.209732500699753	NA	"abundance"	30	15
"Ventrimonas sp910577765"	"Sequencing_Depth"	"Sequencing_Depth"	"Sequencing_Depth"	-0.221862401361452	-0.499110588055241	0.506757720976294	0.591784551255171	0.8209724578544	0.0595148172353018	0.241994360447918	NA	"abundance"	30	20
"Enterenecus sp910587255"	"Sequencing_Depth"	"Sequencing_Depth"	"Sequencing_Depth"	-0.389161409945517	-0.499110588055241	0.201853905703445	0.594379045973621	0.822622413853049	0.0172054858630304	0.209732500699753	NA	"abundance"	30	20
"MGYG000326008"	"Sequencing_Depth"	"Sequencing_Depth"	"Sequencing_Depth"	-0.793818410008426	-0.499110588055241	0.518448465630993	0.594280665756982	0.822622413853049	0.0323079904351915	0.209732500699753	NA	"abundance"	30	9
"MGYG000329989"	"Sequencing_Depth"	"Sequencing_Depth"	"Sequencing_Depth"	-0.320984753474101	-0.499110588055241	0.32573919125256	0.594880726299934	0.822622413853049	0.0323658723757382	0.209732500699753	NA	"abundance"	30	16
"MGYG000330890"	"Sequencing_Depth"	"Sequencing_Depth"	"Sequencing_Depth"	-0.58701823220471	-0.499110588055241	0.153784793009589	0.594246166114798	0.822622413853049	0.0295034445253138	0.209732500699753	NA	"abundance"	30	9
"MGYG000349368"	"Sequencing_Depth"	"Sequencing_Depth"	"Sequencing_Depth"	-0.741605735997743	-0.499110588055241	0.426396254162028	0.594313814094175	0.822622413853049	0.0152009345384606	0.209732500699753	NA	"abundance"	30	9
"Anaerotardibacter sp000435675"	"Genotype"	"MUT"	"GenotypeMUT"	0.572234816241922	0.264802588829141	0.56643535127043	0.597819430015327	0.824785582072224	0.0265925783104326	0.209732500699753	NA	"abundance"	30	16
"Caccovivens sp910587225"	"Sequencing_Depth"	"Sequencing_Depth"	"Sequencing_Depth"	-0.809390530526117	-0.499110588055241	0.542317418643886	0.597873158367495	0.824785582072224	0.016279622600779	0.209732500699753	NA	"abundance"	30	8
"Anaerocaecibacter sp910587805"	"Sequencing_Depth"	"Sequencing_Depth"	"Sequencing_Depth"	-0.865016444899028	-0.499110588055241	0.624471870764349	0.598990424938205	0.825120918693946	0.0227756066798257	0.209732500699753	NA	"abundance"	30	6
"Thomasclavelia cocleata"	"Sex"	"M"	"SexM"	-0.900238515775811	-0.624832126159849	0.512271030527406	0.599445460644181	0.825363849035108	0.00428344209263435	0.190272491579976	NA	"abundance"	30	19
"MGYG000411355"	"Sequencing_Depth"	"Sequencing_Depth"	"Sequencing_Depth"	-0.833155070566667	-0.499110588055241	0.62898779312121	0.602530774820738	0.827582748985503	0.0279637180527639	0.209732500699753	NA	"abundance"	30	20
"Acetatifactor muris"	"Sequencing_Depth"	"Sequencing_Depth"	"Sequencing_Depth"	-0.948416170836175	-0.499110588055241	0.838671665158012	0.615026343750008	0.828041232587285	0.0481446464809527	0.228769363566121	NA	"abundance"	30	9
"Acetatifactor sp910578995"	"Sequencing_Depth"	"Sequencing_Depth"	"Sequencing_Depth"	-0.674993139327102	-0.499110588055241	0.334848378490326	0.612338424154853	0.828041232587285	0.0163666169861911	0.209732500699753	NA	"abundance"	30	13
"Alistipes sp002358415"	"Sex"	"M"	"SexM"	-0.108706710342648	-0.624832126159849	0.993605902460178	0.615128350530312	0.828041232587285	0.0110086616098001	0.209732500699753	NA	"abundance"	30	14
"Blautia hominis"	"Sequencing_Depth"	"Sequencing_Depth"	"Sequencing_Depth"	-0.844292709219973	-0.499110588055241	0.638042285406375	0.61158910904974	0.828041232587285	0.0364040525333619	0.214605825747453	NA	"abundance"	30	9
"CAG-485 sp910579305"	"Sequencing_Depth"	"Sequencing_Depth"	"Sequencing_Depth"	-0.352463138391076	-0.499110588055241	0.289857543565634	0.62066113426725	0.828041232587285	0.02616006832266	0.209732500699753	NA	"abundance"	30	19
"CAG-510 sp910578335"	"Sequencing_Depth"	"Sequencing_Depth"	"Sequencing_Depth"	-0.724248568923036	-0.499110588055241	0.426724252350199	0.616909022031494	0.828041232587285	0.0318886825661129	0.209732500699753	NA	"abundance"	30	10
"CAG-873 sp009775195"	"Sequencing_Depth"	"Sequencing_Depth"	"Sequencing_Depth"	-0.672999180798445	-0.499110588055241	0.328718852264549	0.605258464423477	0.828041232587285	0.0276300391102599	0.209732500699753	NA	"abundance"	30	18
"MD308 sp910579335"	"Sequencing_Depth"	"Sequencing_Depth"	"Sequencing_Depth"	-0.627451667881608	-0.499110588055241	0.248197845791619	0.621207657981262	0.828041232587285	0.0227531874940883	0.209732500699753	NA	"abundance"	30	11
"MGYG000322990"	"Sequencing_Depth"	"Sequencing_Depth"	"Sequencing_Depth"	-0.664245868358887	-0.499110588055241	0.313755230013167	0.61520238316124	0.828041232587285	0.0193415987891195	0.209732500699753	NA	"abundance"	30	11
"MGYG000325379"	"Sequencing_Depth"	"Sequencing_Depth"	"Sequencing_Depth"	-0.343313884343305	-0.499110588055241	0.30016647070276	0.613528078738782	0.828041232587285	0.0507103336841169	0.23197887818648	NA	"abundance"	30	16
"MGYG000325467"	"Sequencing_Depth"	"Sequencing_Depth"	"Sequencing_Depth"	-0.329731938157328	-0.499110588055241	0.313493510188207	0.612343350893661	0.828041232587285	0.0178869160461845	0.209732500699753	NA	"abundance"	30	9
"MGYG000325747"	"Sequencing_Depth"	"Sequencing_Depth"	"Sequencing_Depth"	-0.349674645547556	-0.499110588055241	0.290545384216946	0.618214589487726	0.828041232587285	0.0147424739606828	0.209732500699753	NA	"abundance"	30	14
"MGYG000337810"	"Genotype"	"MUT"	"GenotypeMUT"	0.609375530060255	0.264802588829141	0.680620380341564	0.62084744007654	0.828041232587285	0.0221351699990279	0.209732500699753	NA	"abundance"	30	18
"MGYG000388556"	"Sequencing_Depth"	"Sequencing_Depth"	"Sequencing_Depth"	-1.23629564505575	-0.499110588055241	1.32879762501563	0.617703323205245	0.828041232587285	0.0629313006400359	0.247023088512664	NA	"abundance"	30	7
"MGYG000411595"	"Sequencing_Depth"	"Sequencing_Depth"	"Sequencing_Depth"	-0.618800429073282	-0.499110588055241	0.236269771518783	0.622848414108804	0.828041232587285	0.0297153387950345	0.209732500699753	NA	"abundance"	30	15
"MGYG000411610"	"Sequencing_Depth"	"Sequencing_Depth"	"Sequencing_Depth"	-0.272539540802412	-0.499110588055241	0.41448580248943	0.604325700139609	0.828041232587285	0.0147126110365397	0.209732500699753	NA	"abundance"	30	10
"Ruthenibacterium sp013316265"	"Sequencing_Depth"	"Sequencing_Depth"	"Sequencing_Depth"	-0.320758982914232	-0.499110588055241	0.334353436755413	0.613283308408663	0.828041232587285	0.0309785081183785	0.209732500699753	NA	"abundance"	30	10
"UBA3402 sp021769025"	"Sequencing_Depth"	"Sequencing_Depth"	"Sequencing_Depth"	-0.376819413771573	-0.499110588055241	0.21811858849609	0.614798818209925	0.828041232587285	0.059030207729372	0.241302317568056	NA	"abundance"	30	7
"CAG-873 sp011959565"	"Genotype"	"MUT"	"GenotypeMUT"	0.560624539183557	0	1.13474925708051	0.621269829709667	0.828041232587285	0.0438948226489925	0.222074775928497	NA	"prevalence"	30	27
"Coproplasma sp910579525"	"Genotype"	"MUT"	"GenotypeMUT"	0.560624539183557	0	1.13474925708051	0.621269829709667	0.828041232587285	0.0389994992260036	0.216292850780055	NA	"prevalence"	30	27
"D16-34 sp910575165"	"Genotype"	"MUT"	"GenotypeMUT"	0.560624539183557	0	1.13474925708051	0.621269829709667	0.828041232587285	5.42571831262907e-05	0.0112651476465961	NA	"prevalence"	30	27
"D16-63 sp910588095"	"Genotype"	"MUT"	"GenotypeMUT"	0.560624539183557	0	1.13474925708051	0.621269829709667	0.828041232587285	0.00104799581864226	0.0828914787983239	NA	"prevalence"	30	27
"Dysosmobacter sp910575815"	"Sex"	"M"	"SexM"	-0.726883616167808	0	1.47610796760879	0.622413590747691	0.828041232587285	0.00114507375629451	0.0877348511624857	NA	"prevalence"	30	29
"Dysosmobacter sp910587705"	"Sex"	"M"	"SexM"	-0.726883616167808	0	1.47610796760879	0.622413590747691	0.828041232587285	0.0254526695340093	0.209732500699753	NA	"prevalence"	30	29
"Enterorhabdus sp009911695"	"Genotype"	"MUT"	"GenotypeMUT"	0.560624539183557	0	1.13474925708051	0.621269829709667	0.828041232587285	0.000394382230357323	0.0479318696065986	NA	"prevalence"	30	27
"MGBC163016 sp910585565"	"Genotype"	"MUT"	"GenotypeMUT"	-0.519850066709782	0	1.03170097139022	0.614348034459018	0.828041232587285	0.0397386059143152	0.217193002028663	NA	"prevalence"	30	23
"MGBC163016 sp910589135"	"Genotype"	"MUT"	"GenotypeMUT"	0.560624539183557	0	1.13474925708051	0.621269829709667	0.828041232587285	0.00889310848286214	0.209732500699753	NA	"prevalence"	30	27
"MGYG000323124"	"Genotype"	"MUT"	"GenotypeMUT"	-0.530736057508074	0	1.02902675389661	0.60601850029206	0.828041232587285	0.0592358293193385	0.241606824464737	NA	"prevalence"	30	9
"MGYG000329984"	"Genotype"	"MUT"	"GenotypeMUT"	0.560624539183557	0	1.13474925708051	0.621269829709667	0.828041232587285	4.89037639676144e-05	0.0111327945198921	NA	"prevalence"	30	27
"Parvibacter caecicola"	"Genotype"	"MUT"	"GenotypeMUT"	0.560624539183557	0	1.13474925708051	0.621269829709667	0.828041232587285	0.000275130443809209	0.0380826389305914	NA	"prevalence"	30	27
"UBA7173 sp910585755"	"Sequencing_Depth"	"Sequencing_Depth"	"Sequencing_Depth"	-0.647973935649303	-0.499110588055241	0.296728530113172	0.624031459025826	0.828455251864529	0.022690518668336	0.209732500699753	NA	"abundance"	30	18
"UBA7173 sp910586565"	"Sequencing_Depth"	"Sequencing_Depth"	"Sequencing_Depth"	-0.652821391512907	-0.499110588055241	0.307945996858801	0.6240687676679	0.828455251864529	0.0486595245104042	0.229790760510947	NA	"abundance"	30	22
"MGYG000410703"	"Sequencing_Depth"	"Sequencing_Depth"	"Sequencing_Depth"	-0.62740813870588	-0.499110588055241	0.255688561345062	0.625298736063633	0.829592245770551	0.0277247983114895	0.209732500699753	NA	"abundance"	30	16
"MGYG000379997"	"Sequencing_Depth"	"Sequencing_Depth"	"Sequencing_Depth"	-0.674496469585545	-0.499110588055241	0.348893489012858	0.628850223612859	0.831324838089608	0.0251188667036704	0.209732500699753	NA	"abundance"	30	12
"MGYG000410332"	"Sequencing_Depth"	"Sequencing_Depth"	"Sequencing_Depth"	-0.343585506761184	-0.499110588055241	0.314252904223617	0.629783496235581	0.831692384669016	0.0198546457951001	0.209732500699753	NA	"abundance"	30	16
"UBA3282 sp910579395"	"Sequencing_Depth"	"Sequencing_Depth"	"Sequencing_Depth"	-0.697105780237943	-0.499110588055241	0.391113590718543	0.630895395712473	0.832033681571731	0.0305586128191197	0.209732500699753	NA	"abundance"	30	10
"MGYG000324065"	"Sequencing_Depth"	"Sequencing_Depth"	"Sequencing_Depth"	-0.593122643032789	-0.499110588055241	0.180852184157436	0.631465501502065	0.832181990632727	0.0254771301266578	0.209732500699753	NA	"abundance"	30	8
"MGYG000325671"	"Sequencing_Depth"	"Sequencing_Depth"	"Sequencing_Depth"	-0.276783216867324	-0.499110588055241	0.417368175833017	0.631392071145873	0.832181990632727	0.025876485803617	0.209732500699753	NA	"abundance"	30	7
"MGYG000323059"	"Sex"	"M"	"SexM"	-0.0561822351131263	-0.624832126159849	1.15618205408971	0.632178824333465	0.832257942540056	0.00504775946110764	0.209608211622495	NA	"abundance"	30	16
"MGYG000330582"	"Sequencing_Depth"	"Sequencing_Depth"	"Sequencing_Depth"	-0.430296584195129	-0.499110588055241	0.139411264197658	0.632096899013695	0.832257942540056	0.00871685083337022	0.209732500699753	NA	"abundance"	30	17
"Choladocola sp009774155"	"Sequencing_Depth"	"Sequencing_Depth"	"Sequencing_Depth"	-0.641413261865331	-0.499110588055241	0.287845871344638	0.633249762465407	0.832830245416453	0.0552265392182712	0.23479505346542	NA	"abundance"	30	13
"Kineothrix sp910579645"	"Sequencing_Depth"	"Sequencing_Depth"	"Sequencing_Depth"	-0.656369521647732	-0.499110588055241	0.321955239082606	0.634257398960348	0.833042333361879	0.0147704739755488	0.209732500699753	NA	"abundance"	30	16
"MGYG000330231"	"Sex"	"M"	"SexM"	-0.905573692430914	-0.624832126159849	0.57288914710583	0.634594037839319	0.833042333361879	0.0264013908365113	0.209732500699753	NA	"abundance"	30	15
"Pelethomonas sp022800525"	"Sequencing_Depth"	"Sequencing_Depth"	"Sequencing_Depth"	-0.607744430289414	-0.499110588055241	0.222237211478263	0.634931084021007	0.833042333361879	0.00847500389461124	0.209732500699753	NA	"abundance"	30	15
"Bacteroides ovatus"	"Sequencing_Depth"	"Sequencing_Depth"	"Sequencing_Depth"	-0.722068941187638	-0.499110588055241	0.435769159968728	0.6357614833039	0.833762476628066	0.0585565185312937	0.241259489053331	NA	"abundance"	30	8
"UBA3282 sp003611805"	"Sequencing_Depth"	"Sequencing_Depth"	"Sequencing_Depth"	-0.620462763435199	-0.499110588055241	0.252281636006243	0.636608798640912	0.834655134429512	0.0436779564681017	0.222074775928497	NA	"abundance"	30	22
"MGYG000324324"	"Sequencing_Depth"	"Sequencing_Depth"	"Sequencing_Depth"	-0.731336476254825	-0.499110588055241	0.480605257239612	0.638640437480839	0.83581091280266	0.0375044766487812	0.215134752478211	NA	"abundance"	30	15
"RGIG8607 sp910577045"	"Sequencing_Depth"	"Sequencing_Depth"	"Sequencing_Depth"	-0.311499741176674	-0.499110588055241	0.360215974775999	0.638593849459697	0.83581091280266	0.0283518860139204	0.209732500699753	NA	"abundance"	30	7
"MGYG000330445"	"Sequencing_Depth"	"Sequencing_Depth"	"Sequencing_Depth"	0.22797435198874	-0.499110588055241	1.4816900913775	0.641009674498544	0.836693250759449	0.0316372397218766	0.209732500699753	NA	"abundance"	30	10
"MGYG000329700"	"Sequencing_Depth"	"Sequencing_Depth"	"Sequencing_Depth"	-0.349746849651143	-0.499110588055241	0.301796249568269	0.641576966988819	0.837021171461161	0.0179482340284448	0.209732500699753	NA	"abundance"	30	9
"CAG-485 sp014801585"	"Sequencing_Depth"	"Sequencing_Depth"	"Sequencing_Depth"	-0.69720274302445	-0.499110588055241	0.3892979291395	0.64614934720808	0.840069790743896	0.0201835047208348	0.209732500699753	NA	"abundance"	30	7
"MGYG000330180"	"Sequencing_Depth"	"Sequencing_Depth"	"Sequencing_Depth"	-0.624026917134233	-0.499110588055241	0.260104038851592	0.646408897912123	0.840180882619096	0.0403166501060063	0.217356124342773	NA	"abundance"	30	11
"Amulumruptor sp900539915"	"Sequencing_Depth"	"Sequencing_Depth"	"Sequencing_Depth"	-0.613314249777518	-0.499110588055241	0.240950904333227	0.647224513611592	0.84060660772387	0.0322244934920338	0.209732500699753	NA	"abundance"	30	13
"MGYG000325523"	"Sequencing_Depth"	"Sequencing_Depth"	"Sequencing_Depth"	-0.348126910949721	-0.499110588055241	0.311531343682195	0.648420149610651	0.84142150274436	0.0275226518545206	0.209732500699753	NA	"abundance"	30	9
"Pumilibacter muris"	"Sequencing_Depth"	"Sequencing_Depth"	"Sequencing_Depth"	-0.321054327305887	-0.499110588055241	0.371653468724239	0.652309748523738	0.841831470939496	0.0212805380566595	0.209732500699753	NA	"abundance"	30	9
"14-2 sp000403315"	"Sequencing_Depth"	"Sequencing_Depth"	"Sequencing_Depth"	-0.724821399810711	-0.499110588055241	0.495592852279172	0.654260925671911	0.842079258555985	0.0444108674690662	0.223065288915692	NA	"abundance"	30	22
"MGYG000328896"	"Sequencing_Depth"	"Sequencing_Depth"	"Sequencing_Depth"	-0.415695213520331	-0.499110588055241	0.181914663505034	0.65432922915819	0.842079258555985	0.0436608889366431	0.222074775928497	NA	"abundance"	30	19
"CAG-485 sp014803765"	"Sequencing_Depth"	"Sequencing_Depth"	"Sequencing_Depth"	-0.193807812742226	-0.499110588055241	0.617604159573473	0.654845685513918	0.842499843004801	0.0401074185803759	0.217356124342773	NA	"abundance"	30	7
"MGBC122484 sp910587055"	"Sex"	"M"	"SexM"	0.514513709691299	-0.624832126159849	2.45847661145101	0.655355626665037	0.842667835444118	0.00949012939043847	0.209732500699753	NA	"abundance"	30	12
"CAG-95 sp910585005"	"Sequencing_Depth"	"Sequencing_Depth"	"Sequencing_Depth"	-0.753372201165211	-0.499110588055241	0.562784000364216	0.657480666931718	0.844013060870125	0.0344162432324259	0.213818153407636	NA	"abundance"	30	20
"Dysosmobacter sp910584995"	"Sequencing_Depth"	"Sequencing_Depth"	"Sequencing_Depth"	-0.704120844794605	-0.499110588055241	0.452097071343312	0.657760224415566	0.844013060870125	0.00841593686735299	0.209732500699753	NA	"abundance"	30	17
"MGYG000329873"	"Sequencing_Depth"	"Sequencing_Depth"	"Sequencing_Depth"	-0.64544223869068	-0.499110588055241	0.322138518779805	0.65863987075452	0.844081242125185	0.0206392649320107	0.209732500699753	NA	"abundance"	30	15
"Acutalibacter sp003612555"	"Sequencing_Depth"	"Sequencing_Depth"	"Sequencing_Depth"	-0.748278319602034	-0.499110588055241	0.555465374333727	0.660109654762222	0.844289831695172	0.0339276653115149	0.213818153407636	NA	"abundance"	30	19
"Paraprevotella sp900548345"	"Sequencing_Depth"	"Sequencing_Depth"	"Sequencing_Depth"	-0.0987989421535387	-0.499110588055241	0.844104835090078	0.660056590014734	0.844289831695172	0.0621262347511489	0.245110869172585	NA	"abundance"	30	8
"MGYG000325723"	"Sequencing_Depth"	"Sequencing_Depth"	"Sequencing_Depth"	-0.330219448383519	-0.499110588055241	0.368236597079762	0.660438214500255	0.844315616666872	0.0108131972362574	0.209732500699753	NA	"abundance"	30	11
"Acetatifactor sp910585665"	"Sequencing_Depth"	"Sequencing_Depth"	"Sequencing_Depth"	-0.219852191001278	-0.499110588055241	0.619926551015986	0.663014737066456	0.846391657878658	0.0228911658217617	0.209732500699753	NA	"abundance"	30	13
"UBA3282 sp910579735"	"Sequencing_Depth"	"Sequencing_Depth"	"Sequencing_Depth"	-0.351445442040894	-0.499110588055241	0.315110538596372	0.664081301743848	0.847255098111117	0.0182188463663718	0.209732500699753	NA	"abundance"	30	8
"CAG-485 sp910584185"	"Sequencing_Depth"	"Sequencing_Depth"	"Sequencing_Depth"	-0.352256487841051	-0.499110588055241	0.329193922123154	0.664489025138975	0.847543064651133	0.0520720203319051	0.233453434553686	NA	"abundance"	30	15
"MGYG000329180"	"Sequencing_Depth"	"Sequencing_Depth"	"Sequencing_Depth"	-0.336138945147883	-0.499110588055241	0.364131258121954	0.666394136925208	0.848754573764403	0.0146034969755823	0.209732500699753	NA	"abundance"	30	12
"COE1 sp910586585"	"Sequencing_Depth"	"Sequencing_Depth"	"Sequencing_Depth"	-0.608396324958931	-0.499110588055241	0.247637168502494	0.667420163042423	0.849574233328357	0.00893891694253002	0.209732500699753	NA	"abundance"	30	16
"MGYG000323009"	"Sequencing_Depth"	"Sequencing_Depth"	"Sequencing_Depth"	-0.355533420438976	-0.499110588055241	0.325928536951143	0.668971079907021	0.850330852308595	0.0107228709687141	0.209732500699753	NA	"abundance"	30	14
"MGYG000329711"	"Sequencing_Depth"	"Sequencing_Depth"	"Sequencing_Depth"	-0.678765763292994	-0.499110588055241	0.41041575226458	0.671845209797124	0.852154844974653	0.0137414727545358	0.209732500699753	NA	"abundance"	30	13
"Anaerotardibacter sp900753095"	"Sex"	"M"	"SexM"	-0.964929647030581	-0.624832126159849	0.774112706816028	0.672131774526434	0.852320399611905	0.0589868374142235	0.241302317568056	NA	"abundance"	30	12
"1XD42-69 sp910577065"	"Sex"	"M"	"SexM"	0.435017191603872	0	1.02856335038799	0.672341443756662	0.852320399611905	0.0364582823826281	0.214605825747453	NA	"prevalence"	30	17
"CAG-95 sp002492465"	"Sequencing_Depth"	"Sequencing_Depth"	"Sequencing_Depth"	-0.743505778102873	-0.499110588055241	0.524344619059528	0.672930501520923	0.85253673171114	0.0228976472712349	0.209732500699753	NA	"abundance"	30	7
"Dysosmobacter sp910576865"	"Sequencing_Depth"	"Sequencing_Depth"	"Sequencing_Depth"	-0.387018380142959	-0.499110588055241	0.261261760845045	0.673147476405295	0.852589497913193	0.0519879398936831	0.233453434553686	NA	"abundance"	30	22
"MGYG000329336"	"Sequencing_Depth"	"Sequencing_Depth"	"Sequencing_Depth"	-0.788399804054855	-0.499110588055241	0.661468796336571	0.675081571869551	0.853520052445751	0.0255147075805476	0.209732500699753	NA	"abundance"	30	11
"MGYG000410812"	"Sequencing_Depth"	"Sequencing_Depth"	"Sequencing_Depth"	-0.591946153620521	-0.499110588055241	0.210313742513815	0.675029255035845	0.853520052445751	0.0619046972272583	0.244624192135946	NA	"abundance"	30	10
"Extibacter muris"	"Sequencing_Depth"	"Sequencing_Depth"	"Sequencing_Depth"	-0.588480317836569	-0.499110588055241	0.204694344386375	0.678456628578832	0.854822337277992	0.0270201323310503	0.209732500699753	NA	"abundance"	30	10
"MGYG000331077"	"Sequencing_Depth"	"Sequencing_Depth"	"Sequencing_Depth"	-0.356739944881595	-0.499110588055241	0.33692785118951	0.678408953964961	0.854822337277992	0.0448731146551905	0.223373707905659	NA	"abundance"	30	20
"Lawsonibacter sp910577805"	"Sequencing_Depth"	"Sequencing_Depth"	"Sequencing_Depth"	-0.703696575401102	-0.499110588055241	0.48336194244641	0.679569879091124	0.855965179433603	0.00939231196802106	0.209732500699753	NA	"abundance"	30	16
"Paralachnospira sp022800815"	"Genotype"	"MUT"	"GenotypeMUT"	-0.0339628722164052	0.264802588829141	0.706854141709904	0.682105471329621	0.857729305143527	0.0147545328378832	0.209732500699753	NA	"abundance"	30	14
"MGYG000328404"	"Sequencing_Depth"	"Sequencing_Depth"	"Sequencing_Depth"	-0.57374487459543	-0.499110588055241	0.175109952408563	0.68331913621601	0.858349211040268	0.0277942732879125	0.209732500699753	NA	"abundance"	30	11
"MGYG000325389"	"Sequencing_Depth"	"Sequencing_Depth"	"Sequencing_Depth"	-0.552867501033724	-0.499110588055241	0.127607001894051	0.685766935037405	0.860045002760641	0.00862306320735367	0.209732500699753	NA	"abundance"	30	13
"MGYG000325446"	"Genotype"	"MUT"	"GenotypeMUT"	0.320727231101429	0	0.7928035602604	0.685809661739915	0.860045002760641	0.0373852344638083	0.215116193225354	NA	"prevalence"	30	13
"Parasutterella excrementihominis"	"Genotype"	"MUT"	"GenotypeMUT"	0.547197290150297	0.264802588829141	0.674431419535803	0.686477147023792	0.860639121109976	0.0476478250253639	0.227572303545515	NA	"abundance"	30	12
"MGYG000325537"	"Sequencing_Depth"	"Sequencing_Depth"	"Sequencing_Depth"	-0.697017365626595	-0.499110588055241	0.457411092855542	0.687559202084013	0.860852660325957	0.0567311547036358	0.237157167691458	NA	"abundance"	30	8
"MGYG000325719"	"Sequencing_Depth"	"Sequencing_Depth"	"Sequencing_Depth"	-0.618407823512578	-0.499110588055241	0.28961534541755	0.691170509564008	0.862264810092139	0.0204597561514825	0.209732500699753	NA	"abundance"	30	12
"MGYG000325617"	"Sequencing_Depth"	"Sequencing_Depth"	"Sequencing_Depth"	-0.590783690662667	-0.499110588055241	0.225580042789088	0.693037734296137	0.86313993120566	0.00772882086187938	0.209732500699753	NA	"abundance"	30	14
"Dubosiella sp004793885"	"Sex"	"M"	"SexM"	-0.335814258538097	0	0.855235494220685	0.694572786353421	0.863357471565493	0.0287623379324636	0.209732500699753	NA	"prevalence"	30	22
"Clostridioides difficile"	"Sequencing_Depth"	"Sequencing_Depth"	"Sequencing_Depth"	-0.581648073587001	-0.499110588055241	0.203994921147909	0.695815576386285	0.863865352295506	0.0315745783950112	0.209732500699753	NA	"abundance"	30	13
"Avidehalobacter sp021771915"	"Genotype"	"MUT"	"GenotypeMUT"	-0.324942798303791	0	0.8290244704666	0.695089224705476	0.863865352295506	0.0146322544893366	0.209732500699753	NA	"prevalence"	30	15
"Emergencia sp009936045"	"Sex"	"M"	"SexM"	-0.413163741501725	-0.624832126159849	0.523333200364011	0.700293018174378	0.867163432298058	0.0621231946230707	0.245110869172585	NA	"abundance"	30	10
"MGYG000322995"	"Sequencing_Depth"	"Sequencing_Depth"	"Sequencing_Depth"	-0.694407847325363	-0.499110588055241	0.498046669381982	0.70124485648018	0.867766093290584	0.0309924247923128	0.209732500699753	NA	"abundance"	30	17
"CAG-475 sp910577815"	"Sex"	"M"	"SexM"	-0.422511354684415	0	1.11561165486161	0.704891200750439	0.870241774547251	0.0436501562307051	0.222074775928497	NA	"prevalence"	30	24
"Choladocola sp910584945"	"Sequencing_Depth"	"Sequencing_Depth"	"Sequencing_Depth"	-0.337973657665127	-0.499110588055241	0.419343081486001	0.706646502398472	0.870916213097504	0.0202754786532359	0.209732500699753	NA	"abundance"	30	18
"MGYG000325596"	"Sequencing_Depth"	"Sequencing_Depth"	"Sequencing_Depth"	-0.369651485896816	-0.499110588055241	0.329607165748044	0.710785674426947	0.873973251769087	0.0224259676886061	0.209732500699753	NA	"abundance"	30	9
"Acetatifactor sp910589655"	"Sequencing_Depth"	"Sequencing_Depth"	"Sequencing_Depth"	-0.623588944788885	-0.499110588055241	0.334082175862298	0.713845166732995	0.875490974524182	0.0498667639478726	0.231365069601722	NA	"abundance"	30	22
"Lachnoclostridium_B sp910589275"	"Sequencing_Depth"	"Sequencing_Depth"	"Sequencing_Depth"	-0.361252432546535	-0.499110588055241	0.354925633210674	0.713841665620589	0.875490974524182	0.0524316152004072	0.233453434553686	NA	"abundance"	30	9
"Acetatifactor sp910580225"	"Sequencing_Depth"	"Sequencing_Depth"	"Sequencing_Depth"	-0.739939685612468	-0.499110588055241	0.627532628364496	0.714351239832667	0.875646106918679	0.0136617776551756	0.209732500699753	NA	"abundance"	30	10
"MGYG000379181"	"Sequencing_Depth"	"Sequencing_Depth"	"Sequencing_Depth"	-0.614234300849853	-0.499110588055241	0.297166381501181	0.714681614354109	0.875765581255577	0.0136799683963673	0.209732500699753	NA	"abundance"	30	9
"MGYG000325515"	"Sequencing_Depth"	"Sequencing_Depth"	"Sequencing_Depth"	-0.610538229275188	-0.499110588055241	0.295569627388288	0.715999809641173	0.876228455429285	0.011323842410612	0.209732500699753	NA	"abundance"	30	12
"MGYG000324774"	"Sequencing_Depth"	"Sequencing_Depth"	"Sequencing_Depth"	-0.384424725004088	-0.499110588055241	0.291809945325372	0.720682989847429	0.879690666958978	0.0378846742214214	0.215747807594677	NA	"abundance"	30	7
"MGYG000325668"	"Genotype"	"MUT"	"GenotypeMUT"	0.419643349955825	0	1.18231972384373	0.722640378960283	0.880726737420782	0.00354802074991303	0.17119366873688	NA	"prevalence"	30	9
"MGYG000323124"	"Sex"	"M"	"SexM"	-0.397174975654435	-0.624832126159849	0.605890585053016	0.722957968695705	0.880894343371001	0.0363180336220082	0.214605825747453	NA	"abundance"	30	9
"MGYG000325316"	"Sequencing_Depth"	"Sequencing_Depth"	"Sequencing_Depth"	-0.320585459079803	-0.499110588055241	0.481210796616975	0.723300155136255	0.880979526019367	0.034385726714466	0.213818153407636	NA	"abundance"	30	10
"UBA3402 sp022795805"	"Genotype"	"MUT"	"GenotypeMUT"	-0.247941336333937	0.264802588829141	1.41648721995478	0.724156428910188	0.881629195788849	0.0218350502109012	0.209732500699753	NA	"abundance"	30	15
"MGYG000327349"	"Sequencing_Depth"	"Sequencing_Depth"	"Sequencing_Depth"	-0.42441192435606	-0.499110588055241	0.193274196215556	0.725156077544981	0.882274906078773	0.0301753351077859	0.209732500699753	NA	"abundance"	30	7
"Avidehalobacter sp022797295"	"Sequencing_Depth"	"Sequencing_Depth"	"Sequencing_Depth"	0.180181383132197	0	0.512607352993463	0.725213420922087	0.882274906078773	0.0323669060883223	0.209732500699753	NA	"prevalence"	30	24
"1XD42-69 sp910588565"	"Sequencing_Depth"	"Sequencing_Depth"	"Sequencing_Depth"	-0.347843926342287	-0.499110588055241	0.417349232646335	0.726485633290206	0.882771451283299	0.0227293527433509	0.209732500699753	NA	"abundance"	30	12
"MGYG000324849"	"Sex"	"M"	"SexM"	0.339710009815573	0	0.981938153732515	0.729373781557793	0.884828788795876	0.0538381580940819	0.233453434553686	NA	"prevalence"	30	17
"CAJUPY01 sp014802535"	"Sequencing_Depth"	"Sequencing_Depth"	"Sequencing_Depth"	-0.570215471361268	-0.499110588055241	0.197641053286893	0.730201527005053	0.885712022858689	0.0411398363452358	0.219224617021201	NA	"abundance"	30	11
"MGYG000327122"	"Sequencing_Depth"	"Sequencing_Depth"	"Sequencing_Depth"	-0.662302232773525	-0.499110588055241	0.431651827896939	0.730538120342633	0.885920644369271	0.0301225223904057	0.209732500699753	NA	"abundance"	30	7
"1XD42-69 sp910585825"	"Sequencing_Depth"	"Sequencing_Depth"	"Sequencing_Depth"	-0.612264942658029	-0.499110588055241	0.31128431343979	0.731439361740979	0.886487345391979	0.021488198273599	0.209732500699753	NA	"abundance"	30	9
"Duncaniella sp014801945"	"Sequencing_Depth"	"Sequencing_Depth"	"Sequencing_Depth"	-0.370511075733093	-0.499110588055241	0.366403228713426	0.731343407480761	0.886487345391979	0.0367471592271385	0.214605825747453	NA	"abundance"	30	17
"MGYG000330157"	"Sequencing_Depth"	"Sequencing_Depth"	"Sequencing_Depth"	-0.63223246158861	-0.499110588055241	0.374811304106302	0.73301781619693	0.888158093128287	0.0403166501060063	0.217356124342773	NA	"abundance"	30	11
"Mediterraneibacter_A sp022790755"	"Sex"	"M"	"SexM"	-1.15497642824075	-0.624832126159849	1.5113136630052	0.736074192271924	0.890565382866134	0.0311030390512846	0.209732500699753	NA	"abundance"	30	11
"CAG-95 sp009774465"	"Sequencing_Depth"	"Sequencing_Depth"	"Sequencing_Depth"	-0.384885543717795	-0.499110588055241	0.310037615912692	0.737050937329694	0.890906101313935	0.0393322822467576	0.217156081204243	NA	"abundance"	30	7
"CAG-873 sp910586995"	"Sequencing_Depth"	"Sequencing_Depth"	"Sequencing_Depth"	-0.59817704478348	-0.499110588055241	0.290505920834029	0.737671311661459	0.891116080840955	0.0304507881337137	0.209732500699753	NA	"abundance"	30	20
"MGYG000329348"	"Sequencing_Depth"	"Sequencing_Depth"	"Sequencing_Depth"	-0.412133519264217	-0.499110588055241	0.256266763225346	0.741478887067861	0.894263595981804	0.0402968606213367	0.217356124342773	NA	"abundance"	30	14
"Pullibacteroides sp910578275"	"Sequencing_Depth"	"Sequencing_Depth"	"Sequencing_Depth"	-0.665012452238103	-0.499110588055241	0.443393436495287	0.744149511523336	0.895418257026658	0.0284448909817283	0.209732500699753	NA	"abundance"	30	6
"CAG-582 sp910577075"	"Sequencing_Depth"	"Sequencing_Depth"	"Sequencing_Depth"	-0.630273826313168	-0.499110588055241	0.395820893862382	0.744721717089427	0.895567113921358	0.0167687250999405	0.209732500699753	NA	"abundance"	30	20
"MGYG000327237"	"Sequencing_Depth"	"Sequencing_Depth"	"Sequencing_Depth"	-0.408350547533073	-0.499110588055241	0.265554311032555	0.746572010758665	0.896754402540318	0.0150508657072827	0.209732500699753	NA	"abundance"	30	9
"UBA3818 sp904397845"	"Sequencing_Depth"	"Sequencing_Depth"	"Sequencing_Depth"	-0.562479230294443	-0.499110588055241	0.18500606463833	0.746554404415058	0.896754402540318	0.0179482340284448	0.209732500699753	NA	"abundance"	30	9
"Amulumruptor sp001689515"	"Sequencing_Depth"	"Sequencing_Depth"	"Sequencing_Depth"	-0.4109699432314	-0.499110588055241	0.266823584528792	0.746990838383479	0.896893729599623	0.0225716794577141	0.209732500699753	NA	"abundance"	30	16
"CAG-873 sp910587545"	"Sequencing_Depth"	"Sequencing_Depth"	"Sequencing_Depth"	-0.356699652575068	-0.499110588055241	0.43320404728796	0.746961189134471	0.896893729599623	0.0402888259691003	0.217356124342773	NA	"abundance"	30	19
"Roseburia sp910577925"	"Sequencing_Depth"	"Sequencing_Depth"	"Sequencing_Depth"	-0.595742368049405	-0.499110588055241	0.280247876838892	0.747852840350701	0.897201253917902	0.0234799490646483	0.209732500699753	NA	"abundance"	30	8
"VSOB01 sp910585345"	"Sequencing_Depth"	"Sequencing_Depth"	"Sequencing_Depth"	-0.63423120940014	-0.499110588055241	0.403845151205141	0.747778633135211	0.897201253917902	0.00952273184989458	0.209732500699753	NA	"abundance"	30	11
"Limosilactobacillus equigenerosi"	"Sequencing_Depth"	"Sequencing_Depth"	"Sequencing_Depth"	-0.661639474275721	-0.499110588055241	0.492365894803934	0.748165826152484	0.897334417570845	0.0149310018221101	0.209732500699753	NA	"abundance"	30	14
"CAG-510 sp910577105"	"Sequencing_Depth"	"Sequencing_Depth"	"Sequencing_Depth"	-0.389872096984525	-0.499110588055241	0.336770698871841	0.750663137359687	0.898952768791258	0.0409813085764621	0.219156788269111	NA	"abundance"	30	18
"Merdisoma sp009917555"	"Genotype"	"MUT"	"GenotypeMUT"	0.513433010944685	0.264802588829141	0.770149664948493	0.751801295029613	0.899509090538394	0.013981770344815	0.209732500699753	NA	"abundance"	30	18
"CAG-873 sp910587355"	"Sex"	"M"	"SexM"	-0.825277380002879	-0.624832126159849	0.618285323833602	0.752893657858576	0.900217981594518	0.0603340702991327	0.243240026133154	NA	"abundance"	30	14
"Lawsonibacter sp000492175"	"Sequencing_Depth"	"Sequencing_Depth"	"Sequencing_Depth"	-0.409580295590561	-0.499110588055241	0.279810241368888	0.75379650273389	0.900320194487245	0.0173351232238523	0.209732500699753	NA	"abundance"	30	18
"UBA3282 sp910579505"	"Sequencing_Depth"	"Sequencing_Depth"	"Sequencing_Depth"	-0.651785850737067	-0.499110588055241	0.459560297715739	0.753147741459858	0.900320194487245	0.063655470264284	0.248723545973812	NA	"abundance"	30	9
"MGYG000410805"	"Genotype"	"MUT"	"GenotypeMUT"	-0.280825744241218	0	0.894752048693863	0.753628334126671	0.900320194487245	0.0432850362704512	0.222074775928497	NA	"prevalence"	30	11
"Ileibacterium valens"	"Sex"	"M"	"SexM"	-0.344856731916894	0	1.10208766403616	0.754347329587937	0.900493890015964	0.00672473471445667	0.209732500699753	NA	"prevalence"	30	27
"C-19 sp910576855"	"Sequencing_Depth"	"Sequencing_Depth"	"Sequencing_Depth"	-0.647670221877524	-0.499110588055241	0.466445024581001	0.754530011258836	0.90059096588323	0.0616723670676834	0.244624192135946	NA	"abundance"	30	19
"CAG-873 sp910579605"	"Sequencing_Depth"	"Sequencing_Depth"	"Sequencing_Depth"	-0.077254631566838	-0.499110588055241	1.04221727838448	0.755227006238239	0.900906972347582	0.0218033325639981	0.209732500699753	NA	"abundance"	30	5
"JAAWPK01 sp022791735"	"Genotype"	"MUT"	"GenotypeMUT"	0.442424865121418	0.264802588829141	0.544110880981435	0.7556357818041	0.900906972347582	0.0535740334104237	0.233453434553686	NA	"abundance"	30	10
"MGYG000326888"	"Sex"	"M"	"SexM"	0.297115120391712	0	0.971081175903653	0.759632652271704	0.90352558439546	0.00269450502838654	0.14707690034623	NA	"prevalence"	30	26
"Duncaniella sp910587165"	"Sequencing_Depth"	"Sequencing_Depth"	"Sequencing_Depth"	-0.607048683229015	-0.499110588055241	0.347585392369538	0.759943658339447	0.903560721793906	0.0536387217307422	0.233453434553686	NA	"abundance"	30	21
"MGYG000331229"	"Sequencing_Depth"	"Sequencing_Depth"	"Sequencing_Depth"	-0.740577225781086	-0.499110588055241	0.737914637847053	0.759886148480208	0.903560721793906	0.0201976094371923	0.209732500699753	NA	"abundance"	30	8
"Coproplasma sp910578195"	"Sequencing_Depth"	"Sequencing_Depth"	"Sequencing_Depth"	-0.356756144820368	-0.499110588055241	0.450359480028537	0.760112040415336	0.903565286233904	0.0176352493208766	0.209732500699753	NA	"abundance"	30	12
"Flavonifractor plautii"	"Sequencing_Depth"	"Sequencing_Depth"	"Sequencing_Depth"	-0.640474904070721	-0.499110588055241	0.452220129123224	0.76372048695854	0.905962153087667	0.033113709544283	0.210735140050016	NA	"abundance"	30	11
"MGYG000325632"	"Sequencing_Depth"	"Sequencing_Depth"	"Sequencing_Depth"	-0.633624901811063	-0.499110588055241	0.430129862021317	0.763641605428838	0.905962153087667	0.020837866758048	0.209732500699753	NA	"abundance"	30	11
"MGYG000392808"	"Sex"	"M"	"SexM"	-0.227121913377059	-0.624832126159849	1.2833758689194	0.763685618091465	0.905962153087667	0.0278101749044332	0.209732500699753	NA	"abundance"	30	13
"CAG-95 sp910586025"	"Sequencing_Depth"	"Sequencing_Depth"	"Sequencing_Depth"	-0.408955832833782	-0.499110588055241	0.290865701590519	0.764601001588102	0.906764535385783	0.0190809699876047	0.209732500699753	NA	"abundance"	30	12
"MGYG000329177"	"Sequencing_Depth"	"Sequencing_Depth"	"Sequencing_Depth"	-0.399107191601003	-0.499110588055241	0.320397933440553	0.765656828702495	0.907169078946748	0.037280606287646	0.214953000573476	NA	"abundance"	30	10
"MGYG000325620"	"Sequencing_Depth"	"Sequencing_Depth"	"Sequencing_Depth"	-0.597474569274742	-0.499110588055241	0.324403570997364	0.766656094823296	0.907527425999333	0.032554782184095	0.209735703894093	NA	"abundance"	30	17
"MGYG000324476"	"Genotype"	"MUT"	"GenotypeMUT"	-0.300317661341154	0	1.01064774639382	0.766349210389307	0.907527425999333	0.0525922595110356	0.233453434553686	NA	"prevalence"	30	19
"CAG-873 sp910576935"	"Sequencing_Depth"	"Sequencing_Depth"	"Sequencing_Depth"	-0.596061819287266	-0.499110588055241	0.324055798870889	0.769570042025048	0.909259285025606	0.0555803081372616	0.23479505346542	NA	"abundance"	30	17
"MGYG000411389"	"Sequencing_Depth"	"Sequencing_Depth"	"Sequencing_Depth"	-0.626428932695954	-0.499110588055241	0.42914640108469	0.772041833559098	0.910907923651469	0.0154256346952115	0.209732500699753	NA	"abundance"	30	15
"Blautia_A sp900551075"	"Sex"	"M"	"SexM"	0.346085320157207	0	1.19488893764364	0.7720931427146	0.910907923651469	0.022611810002984	0.209732500699753	NA	"prevalence"	30	28
"MGYG000325575"	"Sequencing_Depth"	"Sequencing_Depth"	"Sequencing_Depth"	-0.363594572108216	-0.499110588055241	0.454772603415102	0.772496836958292	0.911263196544666	0.0554254368961619	0.23479505346542	NA	"abundance"	30	13
"Acetatifactor sp910586435"	"Sequencing_Depth"	"Sequencing_Depth"	"Sequencing_Depth"	-0.604416527336247	-0.499110588055241	0.347982695733096	0.774406072820749	0.912304157652129	0.0132453100583861	0.209732500699753	NA	"abundance"	30	9
"Desulfovibrio sp905215675"	"Sequencing_Depth"	"Sequencing_Depth"	"Sequencing_Depth"	-0.601397653265099	-0.499110588055241	0.347842155888738	0.776174356603019	0.913277704531893	0.0234156025149427	0.209732500699753	NA	"abundance"	30	12
"MGYG000322966"	"Sequencing_Depth"	"Sequencing_Depth"	"Sequencing_Depth"	-0.43542278996984	-0.499110588055241	0.220700357760709	0.777367893454144	0.914217568939784	0.014996284401625	0.209732500699753	NA	"abundance"	30	18
"MGYG000325389"	"Sex"	"M"	"SexM"	-0.314720060466228	0	1.11986309105795	0.778684009365946	0.914917670353932	0.000635387310846607	0.0612104686203536	NA	"prevalence"	30	13
"Paralachnospira_A sp910579325"	"Sequencing_Depth"	"Sequencing_Depth"	"Sequencing_Depth"	-0.644135460435518	-0.499110588055241	0.501212195889629	0.779669158813539	0.915590863872362	0.0344397074996565	0.213818153407636	NA	"abundance"	30	12
"Gemmiger formicilis"	"Sex"	"M"	"SexM"	-0.277169863029782	0	0.996491475043443	0.780900481735771	0.916552282724218	0.0362741896549676	0.214605825747453	NA	"prevalence"	30	8
"RGIG4057 sp910577675"	"Sex"	"M"	"SexM"	-0.267868704143237	0	0.965944724783409	0.78154003689321	0.916697455814676	0.0637329502906678	0.248723545973812	NA	"prevalence"	30	7
"Kineothrix sp000403275"	"Sequencing_Depth"	"Sequencing_Depth"	"Sequencing_Depth"	-0.580544317542003	-0.499110588055241	0.288161554661051	0.782108628393739	0.917149383023302	0.0191472749825971	0.209732500699753	NA	"abundance"	30	17
"MGYG000325557"	"Sequencing_Depth"	"Sequencing_Depth"	"Sequencing_Depth"	-0.556276406978745	-0.499110588055241	0.20110004061298	0.782524310957526	0.917367529074761	0.010805329469492	0.209732500699753	NA	"abundance"	30	14
"14-2 sp910589635"	"Sequencing_Depth"	"Sequencing_Depth"	"Sequencing_Depth"	-0.536752697159367	-0.499110588055241	0.135264512558864	0.785275994610785	0.919176577174275	0.0286179111516008	0.209732500699753	NA	"abundance"	30	22
"Dysosmobacter sp910579435"	"Sequencing_Depth"	"Sequencing_Depth"	"Sequencing_Depth"	-0.588837119653911	-0.499110588055241	0.323493501055742	0.785913459409976	0.919763051482829	0.0389203231834272	0.216292850780055	NA	"abundance"	30	17
"JAAVFS01 sp910584665"	"Sequencing_Depth"	"Sequencing_Depth"	"Sequencing_Depth"	-0.564605110402472	-0.499110588055241	0.235428083818574	0.786661756575515	0.920153989885921	0.0526549762275794	0.233453434553686	NA	"abundance"	30	14
"Bacteroides thetaiotaomicron"	"Sex"	"M"	"SexM"	-1.44248260643459	-0.624832126159849	2.93959706613427	0.788899809017451	0.921648691074805	0.0306918434814377	0.209732500699753	NA	"abundance"	30	11
"MGYG000325479"	"Sex"	"M"	"SexM"	-0.403032376398247	-0.624832126159849	0.829454917768862	0.793776053581713	0.925065613335981	0.00990523195226671	0.209732500699753	NA	"abundance"	30	16
"MGYG000410874"	"Sequencing_Depth"	"Sequencing_Depth"	"Sequencing_Depth"	-0.551249515311241	-0.499110588055241	0.193317759293879	0.794635971301702	0.925534491449199	0.0483389933849868	0.228801210281305	NA	"abundance"	30	12
"MGYG000409986"	"Sex"	"M"	"SexM"	0.236280947234975	0	0.916645556589736	0.7965867577357	0.926760945722365	0.0534524852059149	0.233453434553686	NA	"prevalence"	30	5
"Anaerocaecibacter sp910579205"	"Sequencing_Depth"	"Sequencing_Depth"	"Sequencing_Depth"	-0.470064515318942	-0.499110588055241	0.0983332520092017	0.797735155350012	0.927368422777032	0.0387073510926616	0.216292850780055	NA	"abundance"	30	6
"Cryptobacteroides sp910585445"	"Sequencing_Depth"	"Sequencing_Depth"	"Sequencing_Depth"	-0.6072091928034	-0.499110588055241	0.411473020167295	0.797599239644301	0.927368422777032	0.017821819007364	0.209732500699753	NA	"abundance"	30	15
"MGYG000325343"	"Sequencing_Depth"	"Sequencing_Depth"	"Sequencing_Depth"	-0.575942698256674	-0.499110588055241	0.297061539574225	0.798983995037599	0.92812425651836	0.0261147237477591	0.209732500699753	NA	"abundance"	30	21
"Kineothrix sp910585965"	"Sequencing_Depth"	"Sequencing_Depth"	"Sequencing_Depth"	-0.398002876228508	-0.499110588055241	0.386966702249183	0.799790252144166	0.928663929730909	0.0119117423595457	0.209732500699753	NA	"abundance"	30	13
"14-2 sp910580195"	"Sequencing_Depth"	"Sequencing_Depth"	"Sequencing_Depth"	-0.582065127067	-0.499110588055241	0.323205319586895	0.804006557015438	0.931247328781407	0.0142853182993563	0.209732500699753	NA	"abundance"	30	12
"MGYG000329571"	"Sequencing_Depth"	"Sequencing_Depth"	"Sequencing_Depth"	-0.431243975916797	-0.499110588055241	0.240027535597549	0.804276356885353	0.931438403405417	0.0245301229188188	0.209732500699753	NA	"abundance"	30	6
"Avoscillospira_A sp022792945"	"Sequencing_Depth"	"Sequencing_Depth"	"Sequencing_Depth"	-0.463564743360522	-0.499110588055241	0.140062466691069	0.804611601546381	0.931591146096318	0.0370706578210009	0.214605825747453	NA	"abundance"	30	17
"Dysosmobacter sp022801815"	"Sequencing_Depth"	"Sequencing_Depth"	"Sequencing_Depth"	-0.404987294409946	-0.499110588055241	0.373874326450587	0.804617946555222	0.931591146096318	0.0354550224455806	0.214605825747453	NA	"abundance"	30	19
"MGYG000329051"	"Genotype"	"MUT"	"GenotypeMUT"	-0.253395707295355	0.264802588829141	1.99408105804443	0.805306921343969	0.931903099262981	0.0324899867510649	0.209735703894093	NA	"abundance"	30	9
"MGYG000324467"	"Sequencing_Depth"	"Sequencing_Depth"	"Sequencing_Depth"	-0.438806233738249	-0.499110588055241	0.241918600681733	0.806685482848086	0.93249611369474	0.0163946786254615	0.209732500699753	NA	"abundance"	30	19
"MGYG000325584"	"Sequencing_Depth"	"Sequencing_Depth"	"Sequencing_Depth"	-0.65140660205975	-0.499110588055241	0.583893997436834	0.807043428474982	0.93249611369474	0.0387518110588822	0.216292850780055	NA	"abundance"	30	8
"Bacteroides cellulosilyticus"	"Sex"	"M"	"SexM"	-0.784492249716342	-0.624832126159849	0.653786603897703	0.810803153788763	0.934866709441923	0.0454856949856462	0.224050097791731	NA	"abundance"	30	18
"MGYG000325541"	"Sequencing_Depth"	"Sequencing_Depth"	"Sequencing_Depth"	-0.426702520771788	-0.499110588055241	0.294504039984595	0.810814053231228	0.934866709441923	0.0526549762275794	0.233453434553686	NA	"abundance"	30	14
"MGYG000331839"	"Sequencing_Depth"	"Sequencing_Depth"	"Sequencing_Depth"	-0.432091120286199	-0.499110588055241	0.272791840684226	0.810641350941843	0.934866709441923	0.0326620321536858	0.209735703894093	NA	"abundance"	30	15
"RGIG8482 sp022796855"	"Sequencing_Depth"	"Sequencing_Depth"	"Sequencing_Depth"	-0.598589779431951	-0.499110588055241	0.408069263544632	0.810781129502796	0.934866709441923	0.0149158332617346	0.209732500699753	NA	"abundance"	30	19
"Enterenecus sp910585265"	"Sequencing_Depth"	"Sequencing_Depth"	"Sequencing_Depth"	-0.555817876575555	-0.499110588055241	0.232928537611665	0.811322055727648	0.935183960225816	0.0330947340665338	0.210735140050016	NA	"abundance"	30	18
"CAG-873 sp910584495"	"Sequencing_Depth"	"Sequencing_Depth"	"Sequencing_Depth"	-0.556360795742803	-0.499110588055241	0.235088285035774	0.812356007741868	0.935673208294853	0.0348425327246639	0.213818153407636	NA	"abundance"	30	15
"MGYG000325436"	"Sequencing_Depth"	"Sequencing_Depth"	"Sequencing_Depth"	-0.564542637139213	-0.499110588055241	0.272201218187639	0.813436453507626	0.936189493447572	0.0397925395243152	0.217193002028663	NA	"abundance"	30	19
"MGYG000325715"	"Sequencing_Depth"	"Sequencing_Depth"	"Sequencing_Depth"	-0.584976561264342	-0.499110588055241	0.355582017537351	0.813334274150085	0.936189493447572	0.0257152113934053	0.209732500699753	NA	"abundance"	30	16
"Paramuribaculum sp910586475"	"Sequencing_Depth"	"Sequencing_Depth"	"Sequencing_Depth"	-0.564772936730756	-0.499110588055241	0.277482295320983	0.815569907881513	0.937794568594181	0.0618919317540263	0.244624192135946	NA	"abundance"	30	23
"MGYG000325502"	"Sequencing_Depth"	"Sequencing_Depth"	"Sequencing_Depth"	-0.399946082685755	-0.499110588055241	0.407615934633788	0.819758367115425	0.940111033718899	0.0203321519340183	0.209732500699753	NA	"abundance"	30	8
"Avirikenella sp910588925"	"Sex"	"M"	"SexM"	-0.400403950227783	-0.624832126159849	0.978274594104767	0.821255817356505	0.940437934941686	0.0296675860859228	0.209732500699753	NA	"abundance"	30	22
"MGYG000325458"	"Sequencing_Depth"	"Sequencing_Depth"	"Sequencing_Depth"	-0.572266426098253	-0.499110588055241	0.316229745940424	0.82185344871211	0.940661963808877	0.0429523225366549	0.221794220932799	NA	"abundance"	30	14
"Paralachnospira sp910588815"	"Genotype"	"MUT"	"GenotypeMUT"	0.128539993247802	0.264802588829141	0.608488370029418	0.8274834563167	0.945190920669189	0.0591377426184158	0.241543747104562	NA	"abundance"	30	14
"UBA3282 sp009774215"	"Sequencing_Depth"	"Sequencing_Depth"	"Sequencing_Depth"	-0.42266910987115	-0.499110588055241	0.344627826898533	0.827629254074523	0.945190920669189	0.0127574848992723	0.209732500699753	NA	"abundance"	30	18
"MGYG000325717"	"Sequencing_Depth"	"Sequencing_Depth"	"Sequencing_Depth"	-0.426871853127658	-0.499110588055241	0.327654181477218	0.827898355517361	0.945242468359259	0.0618919317540263	0.244624192135946	NA	"abundance"	30	23
"Eubacterium_F sp910584065"	"Sequencing_Depth"	"Sequencing_Depth"	"Sequencing_Depth"	-0.448703341641156	-0.499110588055241	0.222605804107536	0.828442784258247	0.945283154433972	0.0206659067569467	0.209732500699753	NA	"abundance"	30	10
"MGYG000325657"	"Sequencing_Depth"	"Sequencing_Depth"	"Sequencing_Depth"	-0.633255509838129	-0.499110588055241	0.495347081179748	0.831562197496049	0.948085477319697	0.0349565373707317	0.213990694985695	NA	"abundance"	30	5
"Faecalibaculum sp910588395"	"Sex"	"M"	"SexM"	0.244683027324431	0	1.16181096326745	0.83319562497458	0.94887331059442	0.0370775721089007	0.214605825747453	NA	"prevalence"	30	28
"Ellagibacter isourolithinifaciens"	"Sequencing_Depth"	"Sequencing_Depth"	"Sequencing_Depth"	-0.459903741944098	-0.499110588055241	0.183310419708669	0.834357475988567	0.949931595868583	0.00684993318894019	0.209732500699753	NA	"abundance"	30	17
"Dysosmobacter sp910587875"	"Sequencing_Depth"	"Sequencing_Depth"	"Sequencing_Depth"	-0.560708562548037	-0.499110588055241	0.28931766021815	0.834815379762591	0.950100412522622	0.0161797918112979	0.209732500699753	NA	"abundance"	30	17
"Paralachnospira sp022800815"	"Sequencing_Depth"	"Sequencing_Depth"	"Sequencing_Depth"	-0.435509932504479	-0.499110588055241	0.297933999359339	0.835339296473481	0.950562198919939	0.0395360077744674	0.217193002028663	NA	"abundance"	30	14
"Paramuribaculum sp014800945"	"Sequencing_Depth"	"Sequencing_Depth"	"Sequencing_Depth"	-0.44507126518506	-0.499110588055241	0.254033050209442	0.836011526994898	0.950782750147586	0.0526549762275794	0.233453434553686	NA	"abundance"	30	14
"Alloprevotella sp002933955"	"Sex"	"M"	"SexM"	-0.418940469304195	-0.624832126159849	0.983530021935123	0.83803519832037	0.951466444160257	0.00490711468155792	0.205900538636376	NA	"abundance"	30	15
"Enorma burkinafasonensis"	"Sequencing_Depth"	"Sequencing_Depth"	"Sequencing_Depth"	-0.549966379943645	-0.499110588055241	0.244986163773074	0.839381161257047	0.951466444160257	0.0486973797109292	0.229790760510947	NA	"abundance"	30	15
"MGYG000328913"	"Sequencing_Depth"	"Sequencing_Depth"	"Sequencing_Depth"	-0.371481190062937	-0.499110588055241	0.57623820496056	0.838899049508023	0.951466444160257	0.0206818019035423	0.209732500699753	NA	"abundance"	30	7
"QANA01 sp910588425"	"Sex"	"M"	"SexM"	-0.352802944261928	-0.624832126159849	1.31593474728835	0.839427236712499	0.951466444160257	0.01947623374153	0.209732500699753	NA	"abundance"	30	17
"MGYG000325415"	"Sequencing_Depth"	"Sequencing_Depth"	"Sequencing_Depth"	-0.442955552651159	-0.499110588055241	0.271265492977006	0.839930009940002	0.951520864250532	0.0436509859789043	0.222074775928497	NA	"abundance"	30	15
"Bacteroides stercoris"	"Sequencing_Depth"	"Sequencing_Depth"	"Sequencing_Depth"	-0.56535573323674	-0.499110588055241	0.327202583520598	0.842417687280588	0.952082761306282	0.0321424791238477	0.209732500699753	NA	"abundance"	30	19
"JAAVYD01 sp022790955"	"Sequencing_Depth"	"Sequencing_Depth"	"Sequencing_Depth"	-0.440105685935314	-0.499110588055241	0.2866423737838	0.842819167565773	0.952082761306282	0.055015481106847	0.23479505346542	NA	"abundance"	30	11
"MGYG000410812"	"Sex"	"M"	"SexM"	-0.483341342174684	-0.624832126159849	0.692934432302795	0.845098727632494	0.95372820970592	0.0188697028569743	0.209732500699753	NA	"abundance"	30	10
"Merdisoma sp910574835"	"Sequencing_Depth"	"Sequencing_Depth"	"Sequencing_Depth"	-0.447191521597103	-0.499110588055241	0.264409491856167	0.84652923881572	0.954493945035238	0.0498338750895704	0.231365069601722	NA	"abundance"	30	23
"MGYG000323124"	"Sequencing_Depth"	"Sequencing_Depth"	"Sequencing_Depth"	-0.462184047124756	-0.499110588055241	0.182160909345669	0.847781017247029	0.955178079918825	0.0503710076333745	0.23197887818648	NA	"abundance"	30	9
"MGBC120929 sp910583735"	"Sex"	"M"	"SexM"	-0.195120639724803	-0.624832126159849	2.1717181572462	0.848050398528395	0.955239324407301	0.0418388252786263	0.219918635404425	NA	"abundance"	30	12
"MGYG000411179"	"Sequencing_Depth"	"Sequencing_Depth"	"Sequencing_Depth"	-0.560965995513502	-0.499110588055241	0.308810679086087	0.851107886045191	0.957227033862218	0.0191350708089636	0.209732500699753	NA	"abundance"	30	8
"Duncaniella sp910587515"	"Sex"	"M"	"SexM"	-0.726601553092402	-0.624832126159849	0.535108627131181	0.851408715472346	0.957323011512502	0.0577142824790112	0.239259791674636	NA	"abundance"	30	23
"Choladocola sp910574965"	"Sex"	"M"	"SexM"	-0.215102667408865	0	1.15680836391003	0.852487935891334	0.957930354166498	0.00727774211608958	0.209732500699753	NA	"prevalence"	30	27
"CAG-317 sp011960265"	"Sequencing_Depth"	"Sequencing_Depth"	"Sequencing_Depth"	-0.458083000807203	-0.499110588055241	0.216917131885815	0.852621720237235	0.957959532664116	0.0336215191183914	0.213150165097894	NA	"abundance"	30	20
"Acetatifactor sp910578185"	"Sequencing_Depth"	"Sequencing_Depth"	"Sequencing_Depth"	-0.400043715508928	-0.499110588055241	0.509484111262615	0.853510462381002	0.95815175973537	0.0314750197253069	0.209732500699753	NA	"abundance"	30	9
"MGYG000329835"	"Sequencing_Depth"	"Sequencing_Depth"	"Sequencing_Depth"	-0.612429327635852	-0.499110588055241	0.589961690090916	0.853174379333119	0.95815175973537	0.0369403768110147	0.214605825747453	NA	"abundance"	30	11
"MGYG000410930"	"Sequencing_Depth"	"Sequencing_Depth"	"Sequencing_Depth"	-0.585464659810579	-0.499110588055241	0.438119346495187	0.853357339073673	0.95815175973537	0.0159950212513868	0.209732500699753	NA	"abundance"	30	8
"Lawsonibacter sp009911645"	"Sequencing_Depth"	"Sequencing_Depth"	"Sequencing_Depth"	-0.559517092699068	-0.499110588055241	0.326862474043406	0.855597450169335	0.958733232976362	0.0438493037500319	0.222074775928497	NA	"abundance"	30	21
"MGYG000325010"	"Sequencing_Depth"	"Sequencing_Depth"	"Sequencing_Depth"	-0.444682549734634	-0.499110588055241	0.291580165208693	0.855084685081987	0.958733232976362	0.0394494483567879	0.217193002028663	NA	"abundance"	30	16
"MGYG000329437"	"Sequencing_Depth"	"Sequencing_Depth"	"Sequencing_Depth"	-0.575701366101456	-0.499110588055241	0.412904243597658	0.855206069225376	0.958733232976362	0.0300901608428807	0.209732500699753	NA	"abundance"	30	20
"Paraprevotella sp910586505"	"Sequencing_Depth"	"Sequencing_Depth"	"Sequencing_Depth"	-0.454524617512655	-0.499110588055241	0.238303456579927	0.855487616912295	0.958733232976362	0.0526549762275794	0.233453434553686	NA	"abundance"	30	14
"MGYG000410710"	"Sequencing_Depth"	"Sequencing_Depth"	"Sequencing_Depth"	-0.61469152742022	-0.499110588055241	0.615472926193042	0.858396186514987	0.960863716979823	0.0109740138301332	0.209732500699753	NA	"abundance"	30	9
"MGYG000327895"	"Sequencing_Depth"	"Sequencing_Depth"	"Sequencing_Depth"	-0.528427113112076	-0.499110588055241	0.161743323477634	0.858786704187701	0.9610147364892	0.0629579214150276	0.247023088512664	NA	"abundance"	30	21
"MGYG000322947"	"Genotype"	"MUT"	"GenotypeMUT"	0.0646357904383525	0.264802588829141	1.06889947763256	0.860698110102154	0.961803887342175	0.05668562765729	0.237157167691458	NA	"abundance"	30	8
"14-2 sp910588965"	"Sequencing_Depth"	"Sequencing_Depth"	"Sequencing_Depth"	-0.392724240396609	-0.499110588055241	0.55071295846104	0.864636047293519	0.964164653743092	0.0304193597099595	0.209732500699753	NA	"abundance"	30	6
"MGYG000325680"	"Sequencing_Depth"	"Sequencing_Depth"	"Sequencing_Depth"	-0.610623248547272	-0.499110588055241	0.617701440687769	0.868185642754987	0.965178583104928	0.0362140350605504	0.214605825747453	NA	"abundance"	30	7
"MGYG000409996"	"Sequencing_Depth"	"Sequencing_Depth"	"Sequencing_Depth"	-0.402624036530603	-0.499110588055241	0.555232629597009	0.867774636948151	0.965178583104928	0.0284301592232102	0.209732500699753	NA	"abundance"	30	10
"UBA2821 sp014799465"	"Sequencing_Depth"	"Sequencing_Depth"	"Sequencing_Depth"	-0.535644886048792	-0.499110588055241	0.216039955553335	0.868108736127103	0.965178583104928	0.0259510237345188	0.209732500699753	NA	"abundance"	30	19
"Odoribacter sp910588375"	"Sequencing_Depth"	"Sequencing_Depth"	"Sequencing_Depth"	-0.524812221621388	-0.499110588055241	0.146629093989404	0.870007497420991	0.965179275042075	0.0347202211304339	0.213818153407636	NA	"abundance"	30	8
"MD308 sp910586965"	"Sequencing_Depth"	"Sequencing_Depth"	"Sequencing_Depth"	-0.541449166242995	-0.499110588055241	0.262012020039511	0.873599030822001	0.967218366212271	0.0380515657354815	0.216204050239343	NA	"abundance"	30	21
"MGYG000329302"	"Sequencing_Depth"	"Sequencing_Depth"	"Sequencing_Depth"	-0.550999580396032	-0.499110588055241	0.312095592195604	0.874554851201145	0.967283273970764	0.0322231200765044	0.209732500699753	NA	"abundance"	30	9
"MGYG000331110"	"Sequencing_Depth"	"Sequencing_Depth"	"Sequencing_Depth"	-0.445036260444135	-0.499110588055241	0.301946622588668	0.874335675540435	0.967283273970764	0.0300600045503015	0.209732500699753	NA	"abundance"	30	6
"MGYG000341210"	"Sex"	"M"	"SexM"	-0.481840934188304	-0.624832126159849	0.873929946116244	0.874626804150733	0.967283273970764	0.0281498531981292	0.209732500699753	NA	"abundance"	30	11
"MGYG000327534"	"Sequencing_Depth"	"Sequencing_Depth"	"Sequencing_Depth"	-0.581606502837852	-0.499110588055241	0.485135956880388	0.875775287425342	0.967858817342583	0.0228976472712349	0.209732500699753	NA	"abundance"	30	7
"MGYG000373138"	"Sequencing_Depth"	"Sequencing_Depth"	"Sequencing_Depth"	-0.105161114629685	0	0.674604707632602	0.876123248639064	0.968082957860724	0.0607162780566109	0.243992389606264	NA	"prevalence"	30	21
"MGYG000331229"	"Genotype"	"MUT"	"GenotypeMUT"	-0.0935659145414425	0.264802588829141	2.16754846347172	0.876725013356037	0.968506992871862	0.0511077517251311	0.23197887818648	NA	"abundance"	30	8
"CAG-95 sp003612395"	"Sequencing_Depth"	"Sequencing_Depth"	"Sequencing_Depth"	-0.564807362174429	-0.499110588055241	0.418232910764531	0.878119462996322	0.969203904189108	0.0106827906440919	0.209732500699753	NA	"abundance"	30	15
"MGYG000325729"	"Sequencing_Depth"	"Sequencing_Depth"	"Sequencing_Depth"	-0.449285087817642	-0.499110588055241	0.319407219661482	0.878594411685891	0.9694872513449	0.0507103336841169	0.23197887818648	NA	"abundance"	30	16
"MGYG000391024"	"Sex"	"M"	"SexM"	-0.827079159744658	-0.624832126159849	1.30407396588302	0.879147452115693	0.969736202613028	0.00805939727048874	0.209732500699753	NA	"abundance"	30	17
"Acetatifactor sp910587755"	"Sequencing_Depth"	"Sequencing_Depth"	"Sequencing_Depth"	-0.438970193541345	-0.499110588055241	0.380194107667586	0.884406752850301	0.970290655085226	0.059030207729372	0.241302317568056	NA	"abundance"	30	7
"Bifidobacterium adolescentis"	"Sequencing_Depth"	"Sequencing_Depth"	"Sequencing_Depth"	-0.556433763908066	-0.499110588055241	0.389420896107011	0.885222949467225	0.970290655085226	0.038647921730555	0.216292850780055	NA	"abundance"	30	17
"Dysosmobacter sp910585245"	"Sequencing_Depth"	"Sequencing_Depth"	"Sequencing_Depth"	-0.565924667173361	-0.499110588055241	0.438735666744728	0.881713962140687	0.970290655085226	0.0167339110728399	0.209732500699753	NA	"abundance"	30	15
"JAAWPK01 sp022791735"	"Sequencing_Depth"	"Sequencing_Depth"	"Sequencing_Depth"	-0.54825837562064	-0.499110588055241	0.327235161285025	0.885590536356306	0.970290655085226	0.0170716266250239	0.209732500699753	NA	"abundance"	30	10
"MGYG000324324"	"Genotype"	"MUT"	"GenotypeMUT"	0.477197287404351	0.264802588829141	1.4064422227927	0.88267333021874	0.970290655085226	0.0264019715413383	0.209732500699753	NA	"abundance"	30	15
"MGYG000352925"	"Sequencing_Depth"	"Sequencing_Depth"	"Sequencing_Depth"	-0.417539776572198	-0.499110588055241	0.537138644402082	0.883082832339071	0.970290655085226	0.0315930510840882	0.209732500699753	NA	"abundance"	30	12
"UBA3402 sp910579515"	"Sequencing_Depth"	"Sequencing_Depth"	"Sequencing_Depth"	-0.544414258361785	-0.499110588055241	0.303068129685762	0.88549347780367	0.970290655085226	0.0135220758360014	0.209732500699753	NA	"abundance"	30	11
"CAG-317 sp011960265"	"Sex"	"M"	"SexM"	-0.140645434185728	0	0.953400688194138	0.882721789528375	0.970290655085226	0.0630289851325638	0.247107342970547	NA	"prevalence"	30	20
"Coproplasma sp910577375"	"Sequencing_Depth"	"Sequencing_Depth"	"Sequencing_Depth"	-0.430515946982308	-0.499110588055241	0.473602892226907	0.887062570634007	0.970437836325544	0.0235778890066164	0.209732500699753	NA	"abundance"	30	17
"MGYG000410945"	"Sequencing_Depth"	"Sequencing_Depth"	"Sequencing_Depth"	-0.457581536953145	-0.499110588055241	0.286935148489083	0.887234311780603	0.970437836325544	0.0225463903657165	0.209732500699753	NA	"abundance"	30	17
"MGYG000411593"	"Sequencing_Depth"	"Sequencing_Depth"	"Sequencing_Depth"	-0.550315818852843	-0.499110588055241	0.345522924701203	0.886351204183763	0.970437836325544	0.0135220758360014	0.209732500699753	NA	"abundance"	30	11
"Kineothrix sp910579645"	"Sex"	"M"	"SexM"	0.128161097765261	0	0.90986787928021	0.887983053157762	0.97080465452279	0.0331057944524469	0.210735140050016	NA	"prevalence"	30	16
"Eubacterium_F sp910579145"	"Sequencing_Depth"	"Sequencing_Depth"	"Sequencing_Depth"	-0.547149589146716	-0.499110588055241	0.321460250162637	0.888549418670559	0.970986483238388	0.0280395527947999	0.209732500699753	NA	"abundance"	30	8
"MGYG000325450"	"Sequencing_Depth"	"Sequencing_Depth"	"Sequencing_Depth"	-0.537815229328479	-0.499110588055241	0.26960538896194	0.889062862923604	0.970986483238388	0.0146159432195382	0.209732500699753	NA	"abundance"	30	13
"CAG-485 sp910589425"	"Sequencing_Depth"	"Sequencing_Depth"	"Sequencing_Depth"	-0.542097611393482	-0.499110588055241	0.308120202785537	0.891047990618941	0.971252390052805	0.0320780090609399	0.209732500699753	NA	"abundance"	30	18
"CAJTFG01 sp910575705"	"Sequencing_Depth"	"Sequencing_Depth"	"Sequencing_Depth"	-0.439836644822482	-0.499110588055241	0.412070388445537	0.892518686976722	0.971806643550707	0.0529775604192597	0.233453434553686	NA	"abundance"	30	8
"UBA3402 sp022792815"	"Sequencing_Depth"	"Sequencing_Depth"	"Sequencing_Depth"	-0.459142121184372	-0.499110588055241	0.289870569413022	0.89276549108184	0.971806643550707	0.0166473719920235	0.209732500699753	NA	"abundance"	30	15
"CAG-485 sp910585285"	"Sequencing_Depth"	"Sequencing_Depth"	"Sequencing_Depth"	-0.529656660817809	-0.499110588055241	0.223046448307236	0.893915731447442	0.972076314137429	0.0526549762275794	0.233453434553686	NA	"abundance"	30	14
"Anaerotardibacter sp900753095"	"Sequencing_Depth"	"Sequencing_Depth"	"Sequencing_Depth"	-0.453300756417252	-0.499110588055241	0.338162009089303	0.895668826498229	0.972660650172133	0.0435930499286573	0.222074775928497	NA	"abundance"	30	12
"CAG-485 sp014801815"	"Sequencing_Depth"	"Sequencing_Depth"	"Sequencing_Depth"	-0.450356947180722	-0.499110588055241	0.367469252508808	0.89689125280775	0.972660650172133	0.0355607524018965	0.214605825747453	NA	"abundance"	30	15
"CAG-873 sp002491245"	"Sequencing_Depth"	"Sequencing_Depth"	"Sequencing_Depth"	-0.451929255143807	-0.499110588055241	0.336179002759496	0.895230173630598	0.972660650172133	0.0203321519340183	0.209732500699753	NA	"abundance"	30	8
"MGYG000327199"	"Sequencing_Depth"	"Sequencing_Depth"	"Sequencing_Depth"	-0.567143649267894	-0.499110588055241	0.493991747343971	0.895866622862522	0.972660650172133	0.021488198273599	0.209732500699753	NA	"abundance"	30	9
"MGYG000410724"	"Sequencing_Depth"	"Sequencing_Depth"	"Sequencing_Depth"	-0.420515131258063	-0.499110588055241	0.581185283843763	0.896865193861803	0.972660650172133	0.0147493424540415	0.209732500699753	NA	"abundance"	30	10
"MGYG000322997"	"Sequencing_Depth"	"Sequencing_Depth"	"Sequencing_Depth"	-0.544331668559122	-0.499110588055241	0.350422700419904	0.898918758770944	0.973773856581302	0.0576094294366357	0.239023969094717	NA	"abundance"	30	21
"MGYG000410288"	"Sequencing_Depth"	"Sequencing_Depth"	"Sequencing_Depth"	-0.461996196661041	-0.499110588055241	0.291921571606132	0.901182420639628	0.97473099510893	0.0209280286638548	0.209732500699753	NA	"abundance"	30	15
"MGYG000326632"	"Sex"	"M"	"SexM"	0.112359169629238	0	0.911325300570713	0.901875831548615	0.974837805755407	0.0186543247204892	0.209732500699753	NA	"prevalence"	30	21
"CAG-317 sp910578495"	"Sequencing_Depth"	"Sequencing_Depth"	"Sequencing_Depth"	-0.53186704846037	-0.499110588055241	0.264212656605587	0.903860141951223	0.974893858789458	0.0149519284336576	0.209732500699753	NA	"abundance"	30	14
"MGYG000345714"	"Sequencing_Depth"	"Sequencing_Depth"	"Sequencing_Depth"	-0.472758188310066	-0.499110588055241	0.212671168915615	0.903213377325466	0.974893858789458	0.014996284401625	0.209732500699753	NA	"abundance"	30	18
"Ventrimonas sp910584845"	"Sequencing_Depth"	"Sequencing_Depth"	"Sequencing_Depth"	-0.541402025612593	-0.499110588055241	0.344862858179068	0.907205236001221	0.975373911870484	0.0157794139362416	0.209732500699753	NA	"abundance"	30	9
"Caccovicinus sp910589195"	"Sequencing_Depth"	"Sequencing_Depth"	"Sequencing_Depth"	-0.54456554583785	-0.499110588055241	0.372007662712455	0.907526113168051	0.975418160972592	0.0314750197253069	0.209732500699753	NA	"abundance"	30	9
"MGYG000330030"	"Sequencing_Depth"	"Sequencing_Depth"	"Sequencing_Depth"	-0.440211291971122	-0.499110588055241	0.489319582955823	0.907572530867801	0.975418160972592	0.0336957659181565	0.213349430203524	NA	"abundance"	30	11
"Rikenella sp910577885"	"Sequencing_Depth"	"Sequencing_Depth"	"Sequencing_Depth"	-0.460977301571522	-0.499110588055241	0.323118389425172	0.907755473336038	0.97549678042945	0.0609986225114741	0.244378383901793	NA	"abundance"	30	18
"Bacteroides bouchesdurhonensis"	"Sequencing_Depth"	"Sequencing_Depth"	"Sequencing_Depth"	-0.447593150802012	-0.499110588055241	0.432058395743893	0.908983589779552	0.97625576835785	0.0386197422211761	0.216292850780055	NA	"abundance"	30	10
"CAG-485 sp910585275"	"Sex"	"M"	"SexM"	-0.563566409703679	-0.624832126159849	0.525516690520188	0.908851990096226	0.97625576835785	0.0375230884585943	0.215134752478211	NA	"abundance"	30	20
"Bacteroides xylanisolvens"	"Sequencing_Depth"	"Sequencing_Depth"	"Sequencing_Depth"	-0.543281730394526	-0.499110588055241	0.381512555544535	0.909759057064952	0.976415920112041	0.0311322105626643	0.209732500699753	NA	"abundance"	30	16
"Dysosmobacter sp022795445"	"Sequencing_Depth"	"Sequencing_Depth"	"Sequencing_Depth"	-0.444325458943874	-0.499110588055241	0.476230286019694	0.910001344647102	0.976492988791003	0.0187080945564192	0.209732500699753	NA	"abundance"	30	18
"MGYG000329428"	"Sequencing_Depth"	"Sequencing_Depth"	"Sequencing_Depth"	-0.452228115599364	-0.499110588055241	0.422410475575819	0.913231588319498	0.97787416257847	0.0345353740133768	0.213818153407636	NA	"abundance"	30	18
"MGYG000410378"	"Sequencing_Depth"	"Sequencing_Depth"	"Sequencing_Depth"	-0.441960214374155	-0.499110588055241	0.510670134933638	0.915224590248798	0.978931395252149	0.056463413372158	0.236434612465095	NA	"abundance"	30	9
"MGYG000333766"	"Sequencing_Depth"	"Sequencing_Depth"	"Sequencing_Depth"	-0.56200808175952	-0.499110588055241	0.570140671025282	0.915741188276904	0.979162476433309	0.0305418479211547	0.209732500699753	NA	"abundance"	30	10
"UBA3282 sp910575775"	"Sequencing_Depth"	"Sequencing_Depth"	"Sequencing_Depth"	-0.526135621425887	-0.499110588055241	0.262077854331367	0.918969047216412	0.980938711915223	0.0292865028192051	0.209732500699753	NA	"abundance"	30	22
"MGYG000323012"	"Sequencing_Depth"	"Sequencing_Depth"	"Sequencing_Depth"	-0.532094292336983	-0.499110588055241	0.322587266001845	0.921118428702927	0.98237153271222	0.0152654232621982	0.209732500699753	NA	"abundance"	30	12
"MGYG000325481"	"Sequencing_Depth"	"Sequencing_Depth"	"Sequencing_Depth"	-0.527207975511657	-0.499110588055241	0.27907868313028	0.921019245057558	0.98237153271222	0.0504925784628379	0.23197887818648	NA	"abundance"	30	21
"Enterocloster bolteae"	"Sequencing_Depth"	"Sequencing_Depth"	"Sequencing_Depth"	-0.477718895959529	-0.499110588055241	0.173482766260056	0.922052734014515	0.982778136002755	0.0533502281324689	0.233453434553686	NA	"abundance"	30	5
"MGYG000325738"	"Sequencing_Depth"	"Sequencing_Depth"	"Sequencing_Depth"	-0.471264346062709	-0.499110588055241	0.277607898253318	0.922237000439572	0.982856632950174	0.0432891251673953	0.222074775928497	NA	"abundance"	30	14
"MGYG000411366"	"Sequencing_Depth"	"Sequencing_Depth"	"Sequencing_Depth"	-0.472004786305022	-0.499110588055241	0.278379257942791	0.923733743842434	0.983272351029115	0.0176251275782591	0.209732500699753	NA	"abundance"	30	19
"MGYG000327533"	"Sequencing_Depth"	"Sequencing_Depth"	"Sequencing_Depth"	-0.404749693209942	-0.499110588055241	0.96489880998437	0.924493711895843	0.983609942545152	0.0315930510840882	0.209732500699753	NA	"abundance"	30	12
"Paramuribaculum sp910578305"	"Sequencing_Depth"	"Sequencing_Depth"	"Sequencing_Depth"	-0.47340923274854	-0.499110588055241	0.277669742454564	0.927253934206304	0.984777815613556	0.0607165488885747	0.243992389606264	NA	"abundance"	30	23
"Ventrimonas sp910586255"	"Sequencing_Depth"	"Sequencing_Depth"	"Sequencing_Depth"	-0.537677981254173	-0.499110588055241	0.417476653833444	0.927389249210683	0.984803810115564	0.064110573671865	0.249775597034326	NA	"abundance"	30	22
"Duncaniella sp910586665"	"Sequencing_Depth"	"Sequencing_Depth"	"Sequencing_Depth"	-0.525606642326613	-0.499110588055241	0.287535032761649	0.927668062061898	0.984957902943444	0.0576094294366357	0.239023969094717	NA	"abundance"	30	21
"Enterocloster clostridioformis"	"Sequencing_Depth"	"Sequencing_Depth"	"Sequencing_Depth"	-0.471837367724016	-0.499110588055241	0.298489613164118	0.928627184840832	0.985068681356427	0.00684993318894019	0.209732500699753	NA	"abundance"	30	17
"UBA7173 sp910579105"	"Sequencing_Depth"	"Sequencing_Depth"	"Sequencing_Depth"	-0.473577436639204	-0.499110588055241	0.283740546387219	0.929949055889059	0.985284684184866	0.0348425327246639	0.213818153407636	NA	"abundance"	30	15
"D16-34 sp910577495"	"Genotype"	"MUT"	"GenotypeMUT"	0.217751784216697	0.264802588829141	0.524903610782592	0.930582900625741	0.985486435897844	0.0147536145673577	0.209732500699753	NA	"abundance"	30	14
"Dysosmobacter sp910585165"	"Sequencing_Depth"	"Sequencing_Depth"	"Sequencing_Depth"	-0.543536590807147	-0.499110588055241	0.480641524708943	0.930804971306101	0.985486435897844	0.0195005913635009	0.209732500699753	NA	"abundance"	30	8
"Bifidobacterium longum"	"Sequencing_Depth"	"Sequencing_Depth"	"Sequencing_Depth"	-0.478271963437615	-0.499110588055241	0.252009445226257	0.935494044088291	0.986120992107123	0.0454409714688871	0.224050097791731	NA	"abundance"	30	16
"MGYG000328573"	"Sequencing_Depth"	"Sequencing_Depth"	"Sequencing_Depth"	-0.570773233766837	-0.499110588055241	0.832960253733359	0.936849384401316	0.986120992107123	0.0226212994941161	0.209732500699753	NA	"abundance"	30	7
"MGYG000330154"	"Sequencing_Depth"	"Sequencing_Depth"	"Sequencing_Depth"	-0.541978214224903	-0.499110588055241	0.434020168797082	0.937293163152537	0.986120992107123	0.0366047206233451	0.214605825747453	NA	"abundance"	30	5
"Paramuribaculum sp014801865"	"Sequencing_Depth"	"Sequencing_Depth"	"Sequencing_Depth"	-0.46209173242034	-0.499110588055241	0.444157207143718	0.936278974955429	0.986120992107123	0.0259491273713098	0.209732500699753	NA	"abundance"	30	10
"Phocaeicola faecalis"	"Sequencing_Depth"	"Sequencing_Depth"	"Sequencing_Depth"	-0.520456759305885	-0.499110588055241	0.256541801321696	0.935111767463863	0.986120992107123	0.0257152113934053	0.209732500699753	NA	"abundance"	30	16
"UBA11524 sp000437595"	"Sequencing_Depth"	"Sequencing_Depth"	"Sequencing_Depth"	-0.477634473943541	-0.499110588055241	0.278536739955435	0.939608350536733	0.986417860109689	0.0415716773030416	0.219408566715473	NA	"abundance"	30	18
"MGYG000401219"	"Sequencing_Depth"	"Sequencing_Depth"	"Sequencing_Depth"	-0.511614296201013	-0.499110588055241	0.163194041834876	0.940139644546782	0.986534957533131	0.0262147059242067	0.209732500699753	NA	"abundance"	30	20
"MGYG000373138"	"Genotype"	"MUT"	"GenotypeMUT"	0.311707598245132	0.264802588829141	0.621770067964917	0.940801793455804	0.986619132946774	0.00909429242266693	0.209732500699753	NA	"abundance"	30	21
"Choladocola sp910583895"	"Sequencing_Depth"	"Sequencing_Depth"	"Sequencing_Depth"	-0.521247197425437	-0.499110588055241	0.299330256354228	0.942530064135606	0.98754476649114	0.0149519284336576	0.209732500699753	NA	"abundance"	30	14
"Lactobacillus hominis"	"Sequencing_Depth"	"Sequencing_Depth"	"Sequencing_Depth"	-0.469119640183191	-0.499110588055241	0.411324618190116	0.942734694168536	0.987642702238821	0.0558891843843416	0.235034873395936	NA	"abundance"	30	21
"Pelethomonas sp910587505"	"Sequencing_Depth"	"Sequencing_Depth"	"Sequencing_Depth"	-0.479449938148822	-0.499110588055241	0.268398214230215	0.942977468825827	0.987718382843757	0.0130319352939693	0.209732500699753	NA	"abundance"	30	15
"Dysosmobacter sp910587525"	"Sequencing_Depth"	"Sequencing_Depth"	"Sequencing_Depth"	-0.514457660859167	-0.499110588055241	0.211745535581184	0.943180370882753	0.987760206894538	0.0519879398936831	0.233453434553686	NA	"abundance"	30	22
"Acutalibacter sp910587995"	"Sequencing_Depth"	"Sequencing_Depth"	"Sequencing_Depth"	-0.518274705348901	-0.499110588055241	0.265073063597693	0.9437073703088	0.988079187508094	0.0187135287636774	0.209732500699753	NA	"abundance"	30	15
"14-2 sp910588285"	"Sequencing_Depth"	"Sequencing_Depth"	"Sequencing_Depth"	-0.47480531068687	-0.499110588055241	0.385440892468022	0.950399091870759	0.989115548506346	0.0613416904387867	0.244378383901793	NA	"abundance"	30	22
"1XD42-69 sp910577065"	"Sequencing_Depth"	"Sequencing_Depth"	"Sequencing_Depth"	-0.513283412613076	-0.499110588055241	0.219042358685707	0.949485805939804	0.989115548506346	0.0076464844797194	0.209732500699753	NA	"abundance"	30	17
"MGYG000322968"	"Sequencing_Depth"	"Sequencing_Depth"	"Sequencing_Depth"	-0.506664488044743	-0.499110588055241	0.0981881003668351	0.946151144163713	0.989115548506346	0.0598706970611406	0.24266831531376	NA	"abundance"	30	6
"MGYG000325519"	"Sequencing_Depth"	"Sequencing_Depth"	"Sequencing_Depth"	-0.523007283237486	-0.499110588055241	0.365692466348228	0.951034629318827	0.989115548506346	0.0455024481166429	0.224050097791731	NA	"abundance"	30	8
"MGYG000328916"	"Sequencing_Depth"	"Sequencing_Depth"	"Sequencing_Depth"	-0.467917883022922	-0.499110588055241	0.453871212608719	0.946236833813267	0.989115548506346	0.0258737317435433	0.209732500699753	NA	"abundance"	30	17
"UMGS1370 sp910586755"	"Sequencing_Depth"	"Sequencing_Depth"	"Sequencing_Depth"	-0.469512480986336	-0.499110588055241	0.460539003473341	0.950818811292404	0.989115548506346	0.0208288601827768	0.209732500699753	NA	"abundance"	30	10
"MGYG000325603"	"Sequencing_Depth"	"Sequencing_Depth"	"Sequencing_Depth"	-0.515901373768996	-0.499110588055241	0.271928194424816	0.952284983892259	0.989432636074796	0.0276324748770204	0.209732500699753	NA	"abundance"	30	12
"MGBC118957 sp910584385"	"Sex"	"M"	"SexM"	-0.0623375292148637	0	1.0519600245781	0.952746248438031	0.989487855870922	0.0129221241772972	0.209732500699753	NA	"prevalence"	30	23
"Anaerotignum sp910578425"	"Sequencing_Depth"	"Sequencing_Depth"	"Sequencing_Depth"	-0.48323017755332	-0.499110588055241	0.267292169608139	0.95364721607751	0.989634923026481	0.0313938640005606	0.209732500699753	NA	"abundance"	30	16
"MGYG000325456"	"Sequencing_Depth"	"Sequencing_Depth"	"Sequencing_Depth"	-0.478903507729121	-0.499110588055241	0.347512257555972	0.954519609989905	0.989634923026481	0.0367471592271385	0.214605825747453	NA	"abundance"	30	17
"Eubacterium_J plexicaudatum"	"Sequencing_Depth"	"Sequencing_Depth"	"Sequencing_Depth"	-0.520888786072569	-0.499110588055241	0.363852588558497	0.956040300059187	0.990602689915554	0.0551292444678877	0.23479505346542	NA	"abundance"	30	7
"MGYG000337810"	"Sex"	"M"	"SexM"	-0.660850658277937	-0.624832126159849	0.656671406467802	0.957080839815891	0.991334024453741	0.0389679906852512	0.216292850780055	NA	"abundance"	30	18
"MGYG000325469"	"Sequencing_Depth"	"Sequencing_Depth"	"Sequencing_Depth"	-0.510689793167167	-0.499110588055241	0.262344628283323	0.965335843329615	0.992479630639161	0.0228204560457637	0.209732500699753	NA	"abundance"	30	21
"RGIG4057 sp910587085"	"Genotype"	"MUT"	"GenotypeMUT"	0.214486522752032	0.264802588829141	1.07344531361143	0.96322381284504	0.992479630639161	0.0203346817575214	0.209732500699753	NA	"abundance"	30	19
"Imtechella halotolerans"	"Genotype"	"MUT"	"GenotypeMUT"	-0.047450571651133	0	1.00846914313881	0.962471718951652	0.992479630639161	0.0295476535396873	0.209732500699753	NA	"prevalence"	30	10
"UBA3402 sp910585435"	"Sequencing_Depth"	"Sequencing_Depth"	"Sequencing_Depth"	-0.473367476894114	-0.499110588055241	0.584973676640452	0.966109719886623	0.992586131035227	0.0422389811404495	0.219934005248547	NA	"abundance"	30	11
"MGYG000325434"	"Genotype"	"MUT"	"GenotypeMUT"	0.0360160125772713	0	0.846264008974495	0.966053208526916	0.992586131035227	0.0314517541306434	0.209732500699753	NA	"prevalence"	30	8
"Enterenecus sp910579155"	"Sex"	"M"	"SexM"	-0.0480626201991394	0	1.18932870522817	0.967765019682364	0.993023697872479	0.00641501932521111	0.209732500699753	NA	"prevalence"	30	25
"Bacteroides congonensis"	"Sequencing_Depth"	"Sequencing_Depth"	"Sequencing_Depth"	-0.510323112196229	-0.499110588055241	0.281812856256813	0.968908781747347	0.993378977514503	0.0185521004344059	0.209732500699753	NA	"abundance"	30	17
"Escherichia coli"	"Sex"	"M"	"SexM"	-0.512538296669898	-0.624832126159849	2.86774862812057	0.96939992583573	0.993439255023121	0.040375709455653	0.217356124342773	NA	"abundance"	30	16
"Coproplasma sp910585705"	"Sequencing_Depth"	"Sequencing_Depth"	"Sequencing_Depth"	-0.512341865959326	-0.499110588055241	0.3399578698341	0.97047160398222	0.993620673125377	0.0449040741747216	0.223373707905659	NA	"abundance"	30	9
"MGYG000405682"	"Sex"	"M"	"SexM"	-0.66157609747897	-0.624832126159849	0.990614416146583	0.97108942157408	0.994024137175772	0.0308715572718152	0.209732500699753	NA	"abundance"	30	15
"CAG-873 sp905202215"	"Sequencing_Depth"	"Sequencing_Depth"	"Sequencing_Depth"	-0.486438526492374	-0.499110588055241	0.351785021995383	0.971915877256931	0.994182888490425	0.0348425327246639	0.213818153407636	NA	"abundance"	30	15
"CAG-485 sp910583775"	"Sequencing_Depth"	"Sequencing_Depth"	"Sequencing_Depth"	-0.51200217819142	-0.499110588055241	0.391799225052861	0.974216690581003	0.994599834687083	0.03261666330101	0.209735703894093	NA	"abundance"	30	18
"Lactiplantibacillus plantarum"	"Sequencing_Depth"	"Sequencing_Depth"	"Sequencing_Depth"	-0.507962080083269	-0.499110588055241	0.28688021234492	0.976158175771658	0.995439429198337	0.0284237670700517	0.209732500699753	NA	"abundance"	30	12
"MGYG000325316"	"Genotype"	"MUT"	"GenotypeMUT"	0.302025018283575	0.264802588829141	1.19626872513232	0.976187285414571	0.995439429198337	0.047063099749067	0.226147951831823	NA	"abundance"	30	10
"Eubacterium_J sp910580075"	"Sex"	"M"	"SexM"	0.0285193260003415	0	0.941751155471839	0.975841120864175	0.995439429198337	0.0288298772470257	0.209732500699753	NA	"prevalence"	30	16
"Choladocola sp910575445"	"Sex"	"M"	"SexM"	0.0249389291702228	0	0.903161115125172	0.977970864958419	0.996161514050522	0.0232145996427235	0.209732500699753	NA	"prevalence"	30	23
"RUG115 sp910578885"	"Sequencing_Depth"	"Sequencing_Depth"	"Sequencing_Depth"	-0.521805903826963	-0.499110588055241	0.685761814296231	0.978932563184663	0.996427520208011	0.0604377399403606	0.243456713610144	NA	"abundance"	30	5
"Duncaniella sp014802015"	"Sequencing_Depth"	"Sequencing_Depth"	"Sequencing_Depth"	-0.510552180922223	-0.499110588055241	0.446605695793595	0.980070595291009	0.996790226974106	0.0173527122317209	0.209732500699753	NA	"abundance"	30	14
"Butyricicoccus sp910584935"	"Genotype"	"MUT"	"GenotypeMUT"	0.29543146741985	0.264802588829141	1.27091565373822	0.981145807076712	0.997218337346298	0.00763958563161753	0.209732500699753	NA	"abundance"	30	17
"Lachnoclostridium_B sp910584265"	"Sequencing_Depth"	"Sequencing_Depth"	"Sequencing_Depth"	-0.491548128774273	-0.499110588055241	0.314932139324635	0.981197730623281	0.997218337346298	0.0520926486307562	0.233453434553686	NA	"abundance"	30	18
"UBA3263 sp014801955"	"Sequencing_Depth"	"Sequencing_Depth"	"Sequencing_Depth"	-0.492033030999969	-0.499110588055241	0.316883741167148	0.982534334310586	0.997218337346298	0.0367471592271385	0.214605825747453	NA	"abundance"	30	17
"Ventrimonas sp910588125"	"Sex"	"M"	"SexM"	-0.0162582454451362	0	0.877441336620789	0.985216720214575	0.998294513718526	0.00700232520825129	0.209732500699753	NA	"prevalence"	30	11
"CAG-603 sp910583605"	"Sequencing_Depth"	"Sequencing_Depth"	"Sequencing_Depth"	-0.504618427376546	-0.499110588055241	0.385922439737634	0.988873007570949	0.999219455506412	0.0345778171415374	0.213818153407636	NA	"abundance"	30	15
"Pelethomonas sp910579725"	"Sequencing_Depth"	"Sequencing_Depth"	"Sequencing_Depth"	-0.494269263784058	-0.499110588055241	0.330141012075187	0.988511369276045	0.999219455506412	0.0158180267151302	0.209732500699753	NA	"abundance"	30	18
"Eubacterium_G sp910574895"	"Sequencing_Depth"	"Sequencing_Depth"	"Sequencing_Depth"	-0.495719414942278	-0.499110588055241	0.250744473160734	0.989516327376685	0.999268838652605	0.0247201463346291	0.209732500699753	NA	"abundance"	30	13
"Schaedlerella glycyrrhizinilytica_A"	"Sequencing_Depth"	"Sequencing_Depth"	"Sequencing_Depth"	-0.495870323040992	-0.499110588055241	0.267438355932287	0.990922910586731	0.999380900869112	0.0444519028483409	0.223065288915692	NA	"abundance"	30	8
"Eubacterium_J sp910579075"	"Sequencing_Depth"	"Sequencing_Depth"	"Sequencing_Depth"	-0.496954506521585	-0.499110588055241	0.231832932922564	0.992695932041422	0.999386381819408	0.0355652627274881	0.214605825747453	NA	"abundance"	30	22
"MGYG000376875"	"Sequencing_Depth"	"Sequencing_Depth"	"Sequencing_Depth"	-0.505927725415187	-0.499110588055241	0.959388409441541	0.994774694520073	0.999386381819408	0.0539316920153608	0.233453434553686	NA	"abundance"	30	7
"Prevotella sp013166515"	"Sequencing_Depth"	"Sequencing_Depth"	"Sequencing_Depth"	-0.501984729050482	-0.499110588055241	0.350087164292905	0.993718487500864	0.999386381819408	0.0440964083285179	0.222518533421397	NA	"abundance"	30	10
"Enterenecus sp910584285"	"Sequencing_Depth"	"Sequencing_Depth"	"Sequencing_Depth"	-0.498034700965749	-0.499110588055241	0.232036796914219	0.996391787467951	0.999432562525407	0.010402505142548	0.209732500699753	NA	"abundance"	30	15
"UBA7173 sp900548705"	"Sequencing_Depth"	"Sequencing_Depth"	"Sequencing_Depth"	-0.500577533511865	-0.499110588055241	0.241644844854018	0.995246243052571	0.999432562525407	0.0397925395243152	0.217193002028663	NA	"abundance"	30	19
"Anaerotruncus colihominis_A"	"Sequencing_Depth"	"Sequencing_Depth"	"Sequencing_Depth"	-0.498070845663828	-0.499110588055241	0.259254265217187	0.996886990450718	0.999474262035052	0.0228145968889336	0.209732500699753	NA	"abundance"	30	13
"Enterocloster aldenensis"	"Sequencing_Depth"	"Sequencing_Depth"	"Sequencing_Depth"	-0.499791408989074	-0.499110588055241	0.221735285937062	0.997602457999351	0.999707505554624	0.0175145878146364	0.209732500699753	NA	"abundance"	30	16
"UBA3402 sp022795805"	"Sequencing_Depth"	"Sequencing_Depth"	"Sequencing_Depth"	-0.499690716780473	-0.499110588055241	0.587699523317296	0.999229973078627	0.999707505554624	0.0270499440587353	0.209732500699753	NA	"abundance"	30	15
"MGYG000411569"	"Sequencing_Depth"	"Sequencing_Depth"	"Sequencing_Depth"	-0.499110588055241	-0.499110588055241	0.33730650953864	1	1	0.0174575157148095	0.209732500699753	NA	"abundance"	30	12
"Acetatifactor sp910585805"	"Sex"	"M"	"SexM"	-2.48215666002945	0	0.957156093074445	0.00950702757596886	0.207995278114862	0.058027395301817	0.239958930115315	"Prevalence association possibly induced by stronger abundance association"	"prevalence"	30	13
"Blautia pseudococcoides"	"Genotype"	"MUT"	"GenotypeMUT"	3.09394736037868	0	1.04509345062468	0.0030718954690383	0.207995278114862	0.0441196690789364	0.222518533421397	"Prevalence association possibly induced by stronger abundance association"	"prevalence"	30	19
"MGYG000411451"	"Genotype"	"MUT"	"GenotypeMUT"	-2.6802284837704	0	0.984076812426084	0.00645752834721905	0.207995278114862	0.00057186116408503	0.0601250179715419	"Prevalence association possibly induced by stronger abundance association"	"prevalence"	30	18
"Paralachnospira sp910588815"	"Sex"	"M"	"SexM"	-3.7470568086205	0	1.4886578939629	0.0118335161900588	0.207995278114862	0.000805818301315986	0.0692309068182338	"Prevalence association possibly induced by stronger abundance association"	"prevalence"	30	14
"Paralachnospira_A sp910588405"	"Sex"	"M"	"SexM"	-2.15598196048005	0	0.864582856539493	0.0126431002700548	0.207995278114862	0.0325297931181222	0.209735703894093	"Prevalence association possibly induced by stronger abundance association"	"prevalence"	30	13
"CAG-95 sp910585005"	"Genotype"	"MUT"	"GenotypeMUT"	-2.50958926793363	0	1.10552113512384	0.0232044938125436	0.223350774083151	0.00199616639011824	0.118455084983254	"Prevalence association possibly induced by stronger abundance association"	"prevalence"	30	20
"Sporofaciens sp910585725"	"Sex"	"M"	"SexM"	-2.2300719972113	0	1.01116077916641	0.0274220157634877	0.234942912118681	0.0370721475914193	0.214605825747453	"Prevalence association possibly induced by stronger abundance association"	"prevalence"	30	16
"UBA2882 sp910574745"	"Sex"	"M"	"SexM"	-2.12847157480766	0	0.96517309399089	0.0274348408292244	0.234942912118681	0.00179392048626048	0.110359330654765	"Prevalence association possibly induced by stronger abundance association"	"prevalence"	30	16
"Sporofaciens sp910585725"	"Genotype"	"MUT"	"GenotypeMUT"	2.2381100896784	0	1.01565982950986	0.0275523424927018	0.235160963542417	0.0472815726967033	0.226542381488147	"Prevalence association possibly induced by stronger abundance association"	"prevalence"	30	16
"Enterenecus sp910579155"	"Genotype"	"MUT"	"GenotypeMUT"	3.02359419961454	0	1.42650713895822	0.0340415872218782	0.251405910020666	4.96389755195725e-05	0.0111327945198921	"Prevalence association possibly induced by stronger abundance association"	"prevalence"	30	25
"Lawsonibacter sp910589085"	"Genotype"	"MUT"	"GenotypeMUT"	3.02359419961454	0	1.42650713895822	0.0340415872218782	0.251405910020666	5.71279319516727e-07	0.000556332129938553	"Prevalence association possibly induced by stronger abundance association"	"prevalence"	30	25
"MGYG000327499"	"Sex"	"M"	"SexM"	-2.11002346699888	0	0.995887827187336	0.0341127777174407	0.251405910020666	0.00477533679762132	0.203380369765359	"Prevalence association possibly induced by stronger abundance association"	"prevalence"	30	14
"MGYG000328306"	"Sex"	"M"	"SexM"	-3.22125195422124	0	1.51715356614028	0.0337353567673517	0.251405910020666	3.97705882877464e-05	0.0111327945198921	"Prevalence association possibly induced by stronger abundance association"	"prevalence"	30	24
"CAG-873 sp009775265"	"Sex"	"M"	"SexM"	-3.10856650785474	0	1.48663634831881	0.0365274668167981	0.255613847129807	0.000589563219432598	0.0601250179715419	"Prevalence association possibly induced by stronger abundance association"	"prevalence"	30	24
"Pelethomonas sp022804995"	"Sex"	"M"	"SexM"	-1.97868150089135	0	0.952002433186681	0.0376687006222574	0.257649272539459	0.00403628310093773	0.184477595193931	"Prevalence association possibly induced by stronger abundance association"	"prevalence"	30	19
"Pelethomonas sp910578505"	"Genotype"	"MUT"	"GenotypeMUT"	-2.19416201031452	0	1.0767917892568	0.0415814886249625	0.267586898684014	0.000494826510792468	0.0536026196364971	"Prevalence association possibly induced by stronger abundance association"	"prevalence"	30	23
"Bacteroides thetaiotaomicron"	"Genotype"	"MUT"	"GenotypeMUT"	2.09716875837752	0	1.03531040980684	0.0428014338187393	0.270824908839078	0.044827865088894	0.223373707905659	"Prevalence association possibly induced by stronger abundance association"	"prevalence"	30	11
"MGYG000328353"	"Sex"	"M"	"SexM"	-2.25850793504962	0	1.12566065722925	0.0448152558929606	0.276992267780797	0.000309905464127569	0.0406383928354652	"Prevalence association possibly induced by stronger abundance association"	"prevalence"	30	22
"JAAVYW01 sp022791315"	"Genotype"	"MUT"	"GenotypeMUT"	-2.48117770332939	0	1.25271082088792	0.0476308944893645	0.28439906759128	0.0139757994204117	0.209732500699753	"Prevalence association possibly induced by stronger abundance association"	"prevalence"	30	7
"CAG-873 sp009775135"	"Sex"	"M"	"SexM"	-2.75166429551766	0	1.39550604739489	0.0486319946170577	0.286610787330498	0.0166607396153862	0.209732500699753	"Prevalence association possibly induced by stronger abundance association"	"prevalence"	30	24
"14-2 sp000403255"	"Sex"	"M"	"SexM"	-1.86999161380208	0	0.951043410314529	0.0492694348718637	0.286946548452228	0.00299242550765078	0.154400201839685	"Prevalence association possibly induced by stronger abundance association"	"prevalence"	30	17
"Pelethomonas sp022795905"	"Sex"	"M"	"SexM"	-1.56108134069653	0	0.807945203000149	0.053339464711933	0.293752632637901	0.00199683466558165	0.118455084983254	"Prevalence association possibly induced by stronger abundance association"	"prevalence"	30	17
"Bariatricus sp022793995"	"Genotype"	"MUT"	"GenotypeMUT"	-1.71746692760815	0	0.894929263713806	0.0549705232807493	0.295470719509654	0.00074260835844453	0.0658423640633414	"Prevalence association possibly induced by stronger abundance association"	"prevalence"	30	17
"Nanosyncoccus sp013316435"	"Genotype"	"MUT"	"GenotypeMUT"	-1.81950121214237	0	0.964002401460352	0.0591005392532763	0.301266948517131	0.0166105783230275	0.209732500699753	"Prevalence association possibly induced by stronger abundance association"	"prevalence"	30	13
"CAG-485 sp003979075"	"Sex"	"M"	"SexM"	-2.5636342584799	0	1.41863012942869	0.0707436391370972	0.32740936682121	0.0623090275495546	0.245443386782158	"Prevalence association possibly induced by stronger abundance association"	"prevalence"	30	25
"14-2 sp000403315"	"Genotype"	"MUT"	"GenotypeMUT"	1.85835241134794	0	1.05518898398647	0.0782120027549483	0.3434188555488	0.0289434931221315	0.209732500699753	"Prevalence association possibly induced by stronger abundance association"	"prevalence"	30	22
"Acutalibacter sp009917445"	"Sex"	"M"	"SexM"	-1.94726182508009	0	1.11243496321152	0.0800406879325451	0.346401126293553	4.31429816996065e-05	0.0111327945198921	"Prevalence association possibly induced by stronger abundance association"	"prevalence"	30	23
"Paramuribaculum sp910587425"	"Genotype"	"MUT"	"GenotypeMUT"	-2.38958566707943	0	1.36661972269398	0.0803710190644457	0.347323202523152	0.000829942733829081	0.0700949939435646	"Prevalence association possibly induced by stronger abundance association"	"prevalence"	30	26
"MGYG000329420"	"Sex"	"M"	"SexM"	2.17492530981676	0	1.24634324827387	0.0809770003991435	0.349092988135075	0.00949631983735666	0.209732500699753	"Prevalence association possibly induced by stronger abundance association"	"prevalence"	30	15
"Coproplasma sp910586035"	"Sequencing_Depth"	"Sequencing_Depth"	"Sequencing_Depth"	0.827534558875385	0	0.477287565038887	0.0829486005635271	0.350333350238544	0.0125915054713098	0.209732500699753	"Prevalence association possibly induced by stronger abundance association"	"prevalence"	30	6
"CAG-873 sp017624155"	"Sex"	"M"	"SexM"	-1.49386872951079	0	0.864062962232436	0.0838290089829546	0.351616906335572	0.0556854533403022	0.23479505346542	"Prevalence association possibly induced by stronger abundance association"	"prevalence"	30	20
"MGYG000328238"	"Genotype"	"MUT"	"GenotypeMUT"	-1.85941341398616	0	1.07559619930071	0.083857763030397	0.351616906335572	0.00356885671485152	0.17119366873688	"Prevalence association possibly induced by stronger abundance association"	"prevalence"	30	24
"MGYG000329032"	"Sex"	"M"	"SexM"	-2.32480614405443	0	1.35467125502531	0.0861363383935526	0.355963426338007	0.0115069436958604	0.209732500699753	"Prevalence association possibly induced by stronger abundance association"	"prevalence"	30	25
"MGYG000329825"	"Sex"	"M"	"SexM"	-2.32480614405443	0	1.35467125502531	0.0861363383935526	0.355963426338007	0.0237505788878809	0.209732500699753	"Prevalence association possibly induced by stronger abundance association"	"prevalence"	30	25
"Paramuribaculum sp009775605"	"Sex"	"M"	"SexM"	-1.82737536762312	0	1.06888027166399	0.0873368092289405	0.358786396314929	0.0158364653318257	0.209732500699753	"Prevalence association possibly induced by stronger abundance association"	"prevalence"	30	23
"CAG-317 sp011960265"	"Genotype"	"MUT"	"GenotypeMUT"	1.70314242614158	0	0.998888900787307	0.0881875442739247	0.360066630212995	0.00371412090111833	0.174598721228987	"Prevalence association possibly induced by stronger abundance association"	"prevalence"	30	20
"Ventrimonas sp022799175"	"Sex"	"M"	"SexM"	-1.6659514401229	0	0.976850357501503	0.0881139643573204	0.360066630212995	0.0488383491298113	0.230142935180456	"Prevalence association possibly induced by stronger abundance association"	"prevalence"	30	9
"MGYG000410015"	"Genotype"	"MUT"	"GenotypeMUT"	1.8655728050636	0	1.10128631812568	0.0902663559175594	0.36323322831356	0.0374342577900371	0.215134752478211	"Prevalence association possibly induced by stronger abundance association"	"prevalence"	30	8
"UBA11957 sp910588295"	"Genotype"	"MUT"	"GenotypeMUT"	-1.80965010268041	0	1.06853531282846	0.0903451091391046	0.36323322831356	1.02734793006043e-07	0.000169082069959137	"Prevalence association possibly induced by stronger abundance association"	"prevalence"	30	24
"UBA3282 sp009774215"	"Sex"	"M"	"SexM"	1.7104064984128	0	1.02529030061112	0.0952726982104978	0.371819022035736	0.00103825346802333	0.0828914787983239	"Prevalence association possibly induced by stronger abundance association"	"prevalence"	30	18
"MGYG000410251"	"Genotype"	"MUT"	"GenotypeMUT"	1.54330269316926	0	0.925455292585675	0.0953922719052953	0.371993927058911	0.0226969188042914	0.209732500699753	"Prevalence association possibly induced by stronger abundance association"	"prevalence"	30	20
"Dysosmobacter sp910577405"	"Sex"	"M"	"SexM"	-1.89957684203806	0	1.14186044013137	0.0961962774112233	0.373396210047496	0.00532095316739856	0.209732500699753	"Prevalence association possibly induced by stronger abundance association"	"prevalence"	30	23
"RGIG4057 sp910587085"	"Sex"	"M"	"SexM"	-1.90568532608806	0	1.14922692814031	0.0972705676756864	0.375760432086293	0.039065535962683	0.216292850780055	"Prevalence association possibly induced by stronger abundance association"	"prevalence"	30	19
"MGYG000326314"	"Genotype"	"MUT"	"GenotypeMUT"	-1.69834164787956	0	1.04623046964994	0.104526162314636	0.391068800367689	1.9569760000504e-05	0.00650107427216744	"Prevalence association possibly induced by stronger abundance association"	"prevalence"	30	22
"MGYG000324148"	"Sex"	"M"	"SexM"	-1.56300747287975	0	0.988690961972603	0.113904158508574	0.411732485088967	0.000149029795347477	0.024753849007216	"Prevalence association possibly induced by stronger abundance association"	"prevalence"	30	23
"Bilophila sp910585945"	"Sex"	"M"	"SexM"	-2.21235247660736	0	1.41337626584907	0.11751347730507	0.41781002235116	0.000442750318645491	0.0513075543676856	"Prevalence association possibly induced by stronger abundance association"	"prevalence"	30	26
"UBA7109 sp910575605"	"Sex"	"M"	"SexM"	-2.21235247660736	0	1.41337626584907	0.11751347730507	0.41781002235116	0.0132792352575561	0.209732500699753	"Prevalence association possibly induced by stronger abundance association"	"prevalence"	30	26
"Angelakisella sp910585535"	"Sex"	"M"	"SexM"	-1.29995357093913	0	0.852517114161794	0.127298607991456	0.436529576226971	0.0415504962352999	0.219408566715473	"Prevalence association possibly induced by stronger abundance association"	"prevalence"	30	16
"Acutalibacter sp910584745"	"Genotype"	"MUT"	"GenotypeMUT"	1.28931231518223	0	0.845990102555811	0.12750180211751	0.436860345901024	0.0578630789257772	0.2394781746571	"Prevalence association possibly induced by stronger abundance association"	"prevalence"	30	18
"MGYG000399267"	"Sex"	"M"	"SexM"	-1.7191186308931	0	1.12983608537778	0.12811820445061	0.437667487795612	0.0445409344373584	0.223287199498347	"Prevalence association possibly induced by stronger abundance association"	"prevalence"	30	24
"MGYG000410711"	"Sex"	"M"	"SexM"	-1.7191186308931	0	1.12983608537778	0.12811820445061	0.437667487795612	0.000406108121945525	0.048181827896537	"Prevalence association possibly induced by stronger abundance association"	"prevalence"	30	24
"MGYG000329537"	"Sex"	"M"	"SexM"	-2.06201708105358	0	1.37902493622294	0.134843524971612	0.448070389017104	0.00116205100877464	0.0877348511624857	"Prevalence association possibly induced by stronger abundance association"	"prevalence"	30	26
"14-2 sp910584585"	"Sex"	"M"	"SexM"	-1.31655975379431	0	0.893087120575958	0.140436574572098	0.453902861066966	0.016908643505525	0.209732500699753	"Prevalence association possibly induced by stronger abundance association"	"prevalence"	30	21
"Adlercreutzia caecimuris"	"Sex"	"M"	"SexM"	-1.99608834092697	0	1.35677394865801	0.141236537507603	0.453904589367102	0.000638760659895321	0.0612104686203536	"Prevalence association possibly induced by stronger abundance association"	"prevalence"	30	26
"Adlercreutzia sp910585575"	"Sex"	"M"	"SexM"	-1.99608834092697	0	1.35677394865801	0.141236537507603	0.453904589367102	7.0922604169521e-06	0.0032127939688793	"Prevalence association possibly induced by stronger abundance association"	"prevalence"	30	26
"MGBC163016 sp910588905"	"Sex"	"M"	"SexM"	-1.99608834092697	0	1.35677394865801	0.141236537507603	0.453904589367102	0.0505435609418471	0.23197887818648	"Prevalence association possibly induced by stronger abundance association"	"prevalence"	30	26
"Acutalibacter sp910587835"	"Sex"	"M"	"SexM"	-1.29157584517956	0	0.881517963681692	0.142873870760725	0.45515752660776	0.00723650807122422	0.209732500699753	"Prevalence association possibly induced by stronger abundance association"	"prevalence"	30	19
"MGBC118957 sp910584385"	"Genotype"	"MUT"	"GenotypeMUT"	1.57193326885268	0	1.07345088608746	0.143091864163088	0.455384766842878	0.00198118746725895	0.118455084983254	"Prevalence association possibly induced by stronger abundance association"	"prevalence"	30	23
"Choladocola sp910574965"	"Genotype"	"MUT"	"GenotypeMUT"	1.98888500362875	0	1.36817311950363	0.1460352274174	0.459625574071412	1.357271282032e-07	0.000169082069959137	"Prevalence association possibly induced by stronger abundance association"	"prevalence"	30	27
"Acetatifactor sp910586435"	"Genotype"	"MUT"	"GenotypeMUT"	1.66535169853298	0	1.1518609465243	0.148235463693031	0.463225889068381	0.0613520686857603	0.244378383901793	"Prevalence association possibly induced by stronger abundance association"	"prevalence"	30	9
"Enterenecus sp910588495"	"Genotype"	"MUT"	"GenotypeMUT"	-1.88814869324516	0	1.34046297989984	0.158959539837625	0.470456319169365	0.0065678989652187	0.209732500699753	"Prevalence association possibly induced by stronger abundance association"	"prevalence"	30	27
"Lawsonibacter sp022794495"	"Genotype"	"MUT"	"GenotypeMUT"	1.50774326825251	0	1.06068931587037	0.155178737511816	0.470456319169365	0.00085169470224189	0.0707332450211889	"Prevalence association possibly induced by stronger abundance association"	"prevalence"	30	25
"UBA3282 sp910578115"	"Genotype"	"MUT"	"GenotypeMUT"	1.35078720280057	0	0.961857156568829	0.160213691280646	0.47150639943305	0.000361059009868825	0.0449789261544089	"Prevalence association possibly induced by stronger abundance association"	"prevalence"	30	19
"Bariatricus sp022793995"	"Sex"	"M"	"SexM"	-1.21425732889542	0	0.889398174825042	0.172172202281539	0.482617527660552	0.0489207902676644	0.230142935180456	"Prevalence association possibly induced by stronger abundance association"	"prevalence"	30	17
"Eubacterium_F sp910585745"	"Genotype"	"MUT"	"GenotypeMUT"	1.31341186846049	0	0.967811444082883	0.174751093700321	0.485207333602299	0.0151568173126715	0.209732500699753	"Prevalence association possibly induced by stronger abundance association"	"prevalence"	30	23
"MGYG000331109"	"Sex"	"M"	"SexM"	-1.34255821851868	0	1.00593806350085	0.18199646486134	0.492615897038814	0.013021083419225	0.209732500699753	"Prevalence association possibly induced by stronger abundance association"	"prevalence"	30	22
"Enterenecus sp910587285"	"Genotype"	"MUT"	"GenotypeMUT"	-1.34323583334049	0	1.01892563066627	0.187407781434856	0.497452197451112	0.00254968311833847	0.141167455318674	"Prevalence association possibly induced by stronger abundance association"	"prevalence"	30	25
"Enterenecus sp910587395"	"Genotype"	"MUT"	"GenotypeMUT"	1.20951666724909	0	0.918247667045497	0.187771287292249	0.497717150236167	0.0299020358241942	0.209732500699753	"Prevalence association possibly induced by stronger abundance association"	"prevalence"	30	21
"Acetatifactor sp910585425"	"Genotype"	"MUT"	"GenotypeMUT"	1.31529255030772	0	0.999706777257932	0.188282028102416	0.498578524789238	0.00300628471542452	0.154400201839685	"Prevalence association possibly induced by stronger abundance association"	"prevalence"	30	25
"MGBC163016 sp910589125"	"Sex"	"M"	"SexM"	-1.27110644808835	0	0.981935069904535	0.195495757377722	0.506560171730866	0.00163609962787126	0.104521595457468	"Prevalence association possibly induced by stronger abundance association"	"prevalence"	30	22
"Acetatifactor sp910586515"	"Genotype"	"MUT"	"GenotypeMUT"	1.22277975176147	0	0.950450380037344	0.198259321106188	0.510403839421923	0.00851658570970493	0.209732500699753	"Prevalence association possibly induced by stronger abundance association"	"prevalence"	30	9
"C-19 sp910576855"	"Genotype"	"MUT"	"GenotypeMUT"	-1.1220133346208	0	0.879550206659304	0.202073193923746	0.514889683972608	0.0111299043451041	0.209732500699753	"Prevalence association possibly induced by stronger abundance association"	"prevalence"	30	19
"Adlercreutzia muris"	"Sex"	"M"	"SexM"	-1.74730796081498	0	1.41118602002581	0.215647840250331	0.525804352531338	0.0190715795540317	0.209732500699753	"Prevalence association possibly induced by stronger abundance association"	"prevalence"	30	27
"CAG-873 sp011959565"	"Sex"	"M"	"SexM"	-1.74730796081498	0	1.41118602002581	0.215647840250331	0.525804352531338	0.0575529826148924	0.239023969094717	"Prevalence association possibly induced by stronger abundance association"	"prevalence"	30	27
"Coproplasma sp910579525"	"Sex"	"M"	"SexM"	-1.74730796081498	0	1.41118602002581	0.215647840250331	0.525804352531338	0.0269183472696007	0.209732500699753	"Prevalence association possibly induced by stronger abundance association"	"prevalence"	30	27
"D16-34 sp910575165"	"Sex"	"M"	"SexM"	-1.74730796081498	0	1.41118602002581	0.215647840250331	0.525804352531338	6.90666669252993e-05	0.0132368923572602	"Prevalence association possibly induced by stronger abundance association"	"prevalence"	30	27
"D16-63 sp910588095"	"Sex"	"M"	"SexM"	-1.74730796081498	0	1.41118602002581	0.215647840250331	0.525804352531338	6.69876134784531e-07	0.000556332129938553	"Prevalence association possibly induced by stronger abundance association"	"prevalence"	30	27
"Desulfovibrio sp910587035"	"Sex"	"M"	"SexM"	-1.74730796081498	0	1.41118602002581	0.215647840250331	0.525804352531338	0.0058720593760504	0.209732500699753	"Prevalence association possibly induced by stronger abundance association"	"prevalence"	30	27
"Duncaniella sp014802345"	"Sex"	"M"	"SexM"	-1.74730796081498	0	1.41118602002581	0.215647840250331	0.525804352531338	0.0449400802003872	0.223373707905659	"Prevalence association possibly induced by stronger abundance association"	"prevalence"	30	27
"Enterenecus sp910587205"	"Genotype"	"MUT"	"GenotypeMUT"	1.09726054840413	0	0.883643859556543	0.21433057594084	0.525804352531338	0.00582598898043107	0.209732500699753	"Prevalence association possibly induced by stronger abundance association"	"prevalence"	30	19
"Enterorhabdus sp009911695"	"Sex"	"M"	"SexM"	-1.74730796081498	0	1.41118602002581	0.215647840250331	0.525804352531338	3.82366528848266e-05	0.0111327945198921	"Prevalence association possibly induced by stronger abundance association"	"prevalence"	30	27
"M3 sp001689445"	"Sex"	"M"	"SexM"	-1.74730796081498	0	1.41118602002581	0.215647840250331	0.525804352531338	0.0133937592614499	0.209732500699753	"Prevalence association possibly induced by stronger abundance association"	"prevalence"	30	27
"MGBC163016 sp910588205"	"Sex"	"M"	"SexM"	-1.74730796081498	0	1.41118602002581	0.215647840250331	0.525804352531338	0.0468364454043293	0.225493727004611	"Prevalence association possibly induced by stronger abundance association"	"prevalence"	30	27
"MGYG000328896"	"Genotype"	"MUT"	"GenotypeMUT"	1.09076662343696	0	0.880738398641659	0.215542453948121	0.525804352531338	0.00134308214569989	0.0916791552331858	"Prevalence association possibly induced by stronger abundance association"	"prevalence"	30	19
"MGYG000329984"	"Sex"	"M"	"SexM"	-1.74730796081498	0	1.41118602002581	0.215647840250331	0.525804352531338	1.24316522698287e-06	0.000774336540756954	"Prevalence association possibly induced by stronger abundance association"	"prevalence"	30	27
"Muribaculum sp910587665"	"Sex"	"M"	"SexM"	-1.74730796081498	0	1.41118602002581	0.215647840250331	0.525804352531338	5.13855657149342e-05	0.0111327945198921	"Prevalence association possibly induced by stronger abundance association"	"prevalence"	30	27
"Parvibacter caecicola"	"Sex"	"M"	"SexM"	-1.74730796081498	0	1.41118602002581	0.215647840250331	0.525804352531338	8.11891625041028e-08	0.000169082069959137	"Prevalence association possibly induced by stronger abundance association"	"prevalence"	30	27
"QXXE01 sp009911355"	"Sex"	"M"	"SexM"	-1.74730796081498	0	1.41118602002581	0.215647840250331	0.525804352531338	0.00151474537284346	0.0993154762220917	"Prevalence association possibly induced by stronger abundance association"	"prevalence"	30	27
"RACS-045 sp910579785"	"Sex"	"M"	"SexM"	1.18038956956952	0	0.948647217107265	0.213393888021859	0.525804352531338	4.91496554761994e-05	0.0111327945198921	"Prevalence association possibly induced by stronger abundance association"	"prevalence"	30	24
"Acutalibacter sp910588935"	"Sex"	"M"	"SexM"	-1.1246017003674	0	0.921720196580515	0.222422490910171	0.534222024671496	1.6006448224859e-05	0.00569715225031945	"Prevalence association possibly induced by stronger abundance association"	"prevalence"	30	22
"MGYG000324148"	"Genotype"	"MUT"	"GenotypeMUT"	1.0807661614134	0	0.90308775439743	0.231405785909719	0.545219059397774	0.0553721059400787	0.23479505346542	"Prevalence association possibly induced by stronger abundance association"	"prevalence"	30	23
"Dysosmobacter sp910586735"	"Sex"	"M"	"SexM"	-1.29660100741754	0	1.11242567791791	0.243791612131215	0.559579590869527	0.0012430919992279	0.0882777456854244	"Prevalence association possibly induced by stronger abundance association"	"prevalence"	30	25
"MGYG000432287"	"Genotype"	"MUT"	"GenotypeMUT"	1.59561738561699	0	1.39822192791871	0.253796666137462	0.57359431965241	0.0379342862382956	0.2157837309651	"Prevalence association possibly induced by stronger abundance association"	"prevalence"	30	6
"Caccovicinus sp910585635"	"Sex"	"M"	"SexM"	-0.94343380417935	0	0.837984292588235	0.260234478236004	0.579204243268259	0.0604855331024199	0.243456713610144	"Prevalence association possibly induced by stronger abundance association"	"prevalence"	30	15
"MGYG000328306"	"Genotype"	"MUT"	"GenotypeMUT"	-1.28826304168765	0	1.15307974654144	0.263893121178396	0.583691904822019	0.000740795887012924	0.0658423640633414	"Prevalence association possibly induced by stronger abundance association"	"prevalence"	30	24
"Pelethomonas sp910579485"	"Sex"	"M"	"SexM"	-1.17880048279948	0	1.05828249182514	0.265330353994081	0.584444313423545	0.00745275665703471	0.209732500699753	"Prevalence association possibly induced by stronger abundance association"	"prevalence"	30	25
"Pelethomonas sp910579965"	"Sex"	"M"	"SexM"	-1.17880048279948	0	1.05828249182514	0.265330353994081	0.584444313423545	0.0144597977086229	0.209732500699753	"Prevalence association possibly induced by stronger abundance association"	"prevalence"	30	25
"NSJ-51 sp910585415"	"Genotype"	"MUT"	"GenotypeMUT"	1.54237038726187	0	1.38699178010058	0.266127137074363	0.585571969516026	0.00170306593018932	0.107422500381435	"Prevalence association possibly induced by stronger abundance association"	"prevalence"	30	28
"Dysosmobacter sp022791135"	"Sex"	"M"	"SexM"	-0.967360978692508	0	0.870336830762053	0.266362289397118	0.585799242894404	0.00229058910499869	0.130043410365382	"Prevalence association possibly induced by stronger abundance association"	"prevalence"	30	22
"MGYG000410938"	"Sex"	"M"	"SexM"	-1.30294154982946	0	1.17654186459022	0.268106668264122	0.587425453772764	0.0371673344611784	0.214605825747453	"Prevalence association possibly induced by stronger abundance association"	"prevalence"	30	25
"Bacteroides caecimuris"	"Genotype"	"MUT"	"GenotypeMUT"	1.49708541913881	0	1.39910624045194	0.28460587975414	0.600646850740031	0.000175540391345708	0.0282167022605052	"Prevalence association possibly induced by stronger abundance association"	"prevalence"	30	28
"MGYG000323047"	"Genotype"	"MUT"	"GenotypeMUT"	1.49708541913881	0	1.39910624045194	0.28460587975414	0.600646850740031	1.14739982581824e-06	0.000774336540756954	"Prevalence association possibly induced by stronger abundance association"	"prevalence"	30	28
"MGYG000329398"	"Genotype"	"MUT"	"GenotypeMUT"	1.23502015037944	0	1.15090633171365	0.283233046967559	0.600646850740031	0.0317114682234994	0.209732500699753	"Prevalence association possibly induced by stronger abundance association"	"prevalence"	30	6
"Parabacteroides distasonis"	"Genotype"	"MUT"	"GenotypeMUT"	1.49708541913881	0	1.39910624045194	0.28460587975414	0.600646850740031	0.00174971382154832	0.108985299659691	"Prevalence association possibly induced by stronger abundance association"	"prevalence"	30	28
"Parasutterella sp009767915"	"Genotype"	"MUT"	"GenotypeMUT"	1.49708541913881	0	1.39910624045194	0.28460587975414	0.600646850740031	0.00125782057870061	0.0882777456854244	"Prevalence association possibly induced by stronger abundance association"	"prevalence"	30	28
"Acetatifactor sp910585615"	"Genotype"	"MUT"	"GenotypeMUT"	1.15082845174938	0	1.08073052669827	0.286938558526563	0.603562758643114	0.000226306564268142	0.0341722912044894	"Prevalence association possibly induced by stronger abundance association"	"prevalence"	30	26
"MGYG000327551"	"Sex"	"M"	"SexM"	0.97642531217638	0	0.925836365415577	0.291589385809845	0.608733950404247	0.00213407699877655	0.125107125704747	"Prevalence association possibly induced by stronger abundance association"	"prevalence"	30	14
"Pelethomonas sp910578505"	"Sex"	"M"	"SexM"	-1.07612932424118	0	1.0283292052518	0.295337958439815	0.611519727807855	0.00271544748782926	0.14707690034623	"Prevalence association possibly induced by stronger abundance association"	"prevalence"	30	23
"Coproplasma sp910586035"	"Sex"	"M"	"SexM"	1.04173954952606	0	1.00291032741507	0.298936584468545	0.612544870148828	0.00707033488379905	0.209732500699753	"Prevalence association possibly induced by stronger abundance association"	"prevalence"	30	6
"UBA1405 sp022800935"	"Genotype"	"MUT"	"GenotypeMUT"	1.10084129687464	0	1.07054405081668	0.303808357951599	0.615167688962576	0.00859013605618908	0.209732500699753	"Prevalence association possibly induced by stronger abundance association"	"prevalence"	30	26
"CAG-485 sp001701295"	"Genotype"	"MUT"	"GenotypeMUT"	-0.952774934447419	0	0.952519204017598	0.317180597682598	0.62455793549678	0.0170568519941274	0.209732500699753	"Prevalence association possibly induced by stronger abundance association"	"prevalence"	30	22
"14-2 sp910588845"	"Sex"	"M"	"SexM"	-1.44261020573846	0	1.44952021489374	0.319623004416274	0.626069310899161	0.0505297150939976	0.23197887818648	"Prevalence association possibly induced by stronger abundance association"	"prevalence"	30	28
"Avispirillum sp011957885"	"Sex"	"M"	"SexM"	-0.803265030552347	0	0.813242237973151	0.323284129986325	0.629063139734718	0.0289414932847274	0.209732500699753	"Prevalence association possibly induced by stronger abundance association"	"prevalence"	30	18
"MGYG000411020"	"Genotype"	"MUT"	"GenotypeMUT"	0.890333206586861	0	0.92395782786988	0.335242466238013	0.636779016810855	0.0367697483322535	0.214605825747453	"Prevalence association possibly induced by stronger abundance association"	"prevalence"	30	22
"Kineothrix sp910579645"	"Genotype"	"MUT"	"GenotypeMUT"	0.865284840783392	0	0.918160349425322	0.345982019219626	0.648807564534904	0.0286176681408047	0.209732500699753	"Prevalence association possibly induced by stronger abundance association"	"prevalence"	30	16
"14-2 sp910575035"	"Sex"	"M"	"SexM"	-1.2929126282305	0	1.41430380094441	0.36062807400988	0.661557102305382	0.0240176260558407	0.209732500699753	"Prevalence association possibly induced by stronger abundance association"	"prevalence"	30	28
"14-2 sp910576385"	"Sex"	"M"	"SexM"	-1.2929126282305	0	1.41430380094441	0.36062807400988	0.661557102305382	0.0237738908046055	0.209732500699753	"Prevalence association possibly induced by stronger abundance association"	"prevalence"	30	28
"CAG-485 sp002361155"	"Sex"	"M"	"SexM"	-1.29058429544493	0	1.41313674595959	0.361097244995714	0.661557102305382	0.0011912784851098	0.0882777456854244	"Prevalence association possibly induced by stronger abundance association"	"prevalence"	30	28
"CAG-485 sp002361215"	"Sex"	"M"	"SexM"	-1.29058429544493	0	1.41313674595959	0.361097244995714	0.661557102305382	0.0167832224440385	0.209732500699753	"Prevalence association possibly induced by stronger abundance association"	"prevalence"	30	28
"CAG-485 sp009775365"	"Sex"	"M"	"SexM"	-1.29058429544493	0	1.41313674595959	0.361097244995714	0.661557102305382	0.029698072685964	0.209732500699753	"Prevalence association possibly induced by stronger abundance association"	"prevalence"	30	28
"CAG-873 sp002490635"	"Sex"	"M"	"SexM"	-1.29058429544493	0	1.41313674595959	0.361097244995714	0.661557102305382	9.78102472983799e-05	0.0174067307959938	"Prevalence association possibly induced by stronger abundance association"	"prevalence"	30	28
"MGYG000410694"	"Sex"	"M"	"SexM"	-1.2929126282305	0	1.41430380094441	0.36062807400988	0.661557102305382	0.00975637158127896	0.209732500699753	"Prevalence association possibly induced by stronger abundance association"	"prevalence"	30	28
"Paramuribaculum intestinale"	"Sex"	"M"	"SexM"	-1.29058429544493	0	1.41313674595959	0.361097244995714	0.661557102305382	0.00402213087456005	0.184477595193931	"Prevalence association possibly induced by stronger abundance association"	"prevalence"	30	28
"MGYG000410703"	"Genotype"	"MUT"	"GenotypeMUT"	0.746467036240644	0	0.834954619984601	0.371310609283026	0.668446820686631	0.0488965156306844	0.230142935180456	"Prevalence association possibly induced by stronger abundance association"	"prevalence"	30	16
"Desulfovibrio sp910575755"	"Sex"	"M"	"SexM"	-1.26239696257812	0	1.44049107462274	0.380831261134698	0.673980918785632	0.00691047592527128	0.209732500699753	"Prevalence association possibly induced by stronger abundance association"	"prevalence"	30	28
"Mailhella sp910579055"	"Sex"	"M"	"SexM"	-1.26239696257812	0	1.44049107462274	0.380831261134698	0.673980918785632	0.0176364045494024	0.209732500699753	"Prevalence association possibly induced by stronger abundance association"	"prevalence"	30	28
"MGYG000329046"	"Genotype"	"MUT"	"GenotypeMUT"	0.757715713962019	0	0.866761076439165	0.382013629724561	0.674771554764345	0.00124406193992366	0.0882777456854244	"Prevalence association possibly induced by stronger abundance association"	"prevalence"	30	10
"CAG-510 sp910577105"	"Sex"	"M"	"SexM"	-0.749857677210745	0	0.871031398916746	0.389301503166348	0.681833994802485	0.055996347593297	0.235097283182461	"Prevalence association possibly induced by stronger abundance association"	"prevalence"	30	18
"Dysosmobacter sp910584075"	"Genotype"	"MUT"	"GenotypeMUT"	0.769875837095811	0	0.898218526239048	0.391381784281649	0.683994325991828	0.0547401845202664	0.23479505346542	"Prevalence association possibly induced by stronger abundance association"	"prevalence"	30	10
"Paramuribaculum sp014801655"	"Genotype"	"MUT"	"GenotypeMUT"	-0.780717293341478	0	0.923195552344885	0.397737763636981	0.690679108003616	0.0368786721733165	0.214605825747453	"Prevalence association possibly induced by stronger abundance association"	"prevalence"	30	6
"UBA3282 sp910588215"	"Genotype"	"MUT"	"GenotypeMUT"	0.726897709647647	0	0.859616600260324	0.397772087299325	0.690679108003616	0.00360733197217988	0.17119366873688	"Prevalence association possibly induced by stronger abundance association"	"prevalence"	30	22
"MGYG000329173"	"Genotype"	"MUT"	"GenotypeMUT"	0.697819250818466	0	0.82758989987316	0.399119674611363	0.691774191319296	0.016685916570272	0.209732500699753	"Prevalence association possibly induced by stronger abundance association"	"prevalence"	30	22
"Paramuribaculum sp910587425"	"Sex"	"M"	"SexM"	-0.945350285702196	0	1.13209626032724	0.403692887269042	0.69579268736866	0.00749054780994918	0.209732500699753	"Prevalence association possibly induced by stronger abundance association"	"prevalence"	30	26
"Coproplasma sp910586035"	"Genotype"	"MUT"	"GenotypeMUT"	0.759409523035423	0	0.910608820252779	0.404304643956652	0.696441791693457	0.0139616702041609	0.209732500699753	"Prevalence association possibly induced by stronger abundance association"	"prevalence"	30	6
"Acutalibacter sp910589395"	"Genotype"	"MUT"	"GenotypeMUT"	-0.644378763852877	0	0.797110873939084	0.418864443066956	0.709289134337083	0.0347137320608588	0.213818153407636	"Prevalence association possibly induced by stronger abundance association"	"prevalence"	30	20
"CAG-485 sp910584525"	"Sex"	"M"	"SexM"	-0.749497480806444	0	0.946514131139897	0.4284479801633	0.716505041827191	0.0587209991747669	0.241302317568056	"Prevalence association possibly induced by stronger abundance association"	"prevalence"	30	23
"UBA3282 sp009774655"	"Sex"	"M"	"SexM"	0.832606166104498	0	1.06696051539451	0.43518294406151	0.723269820049853	0.00102081104750518	0.0828914787983239	"Prevalence association possibly induced by stronger abundance association"	"prevalence"	30	27
"Lachnospira sp910589305"	"Genotype"	"MUT"	"GenotypeMUT"	0.70185297790852	0	0.903290316615705	0.437161120443572	0.723665546804805	0.000360241147631335	0.0449789261544089	"Prevalence association possibly induced by stronger abundance association"	"prevalence"	30	14
"Angelakisella sp013316495"	"Sex"	"M"	"SexM"	-0.723203585311621	0	0.941976150646536	0.442634844382597	0.728703092892232	0.00906134958437077	0.209732500699753	"Prevalence association possibly induced by stronger abundance association"	"prevalence"	30	14
"MGYG000327450"	"Sex"	"M"	"SexM"	-0.765931949793531	0	1.05273384157266	0.466880114474294	0.74810276232716	0.013467495535529	0.209732500699753	"Prevalence association possibly induced by stronger abundance association"	"prevalence"	30	26
"RGIG4284 sp910576205"	"Sex"	"M"	"SexM"	-0.765931949793531	0	1.05273384157266	0.466880114474294	0.74810276232716	0.018929746614857	0.209732500699753	"Prevalence association possibly induced by stronger abundance association"	"prevalence"	30	26
"MGYG000328307"	"Sex"	"M"	"SexM"	-0.57881769260186	0	0.812919845875489	0.476450483980474	0.755749531942417	0.0425549917258679	0.220327009493113	"Prevalence association possibly induced by stronger abundance association"	"prevalence"	30	16
"Duncaniella sp910576785"	"Genotype"	"MUT"	"GenotypeMUT"	-0.963609001564208	0	1.44625188233923	0.505232015309157	0.778204277654358	0.00608845609911235	0.209732500699753	"Prevalence association possibly induced by stronger abundance association"	"prevalence"	30	29
"Muribaculum gordoncarteri"	"Genotype"	"MUT"	"GenotypeMUT"	-0.963609001564208	0	1.44625188233923	0.505232015309157	0.778204277654358	0.0265260098033555	0.209732500699753	"Prevalence association possibly induced by stronger abundance association"	"prevalence"	30	29
"Muribaculum intestinale"	"Genotype"	"MUT"	"GenotypeMUT"	-0.963609001564208	0	1.44625188233923	0.505232015309157	0.778204277654358	0.00320784547139685	0.161461555393642	"Prevalence association possibly induced by stronger abundance association"	"prevalence"	30	29
"Paramuribaculum sp001689535"	"Genotype"	"MUT"	"GenotypeMUT"	-0.963609001564208	0	1.44625188233923	0.505232015309157	0.778204277654358	1.58895932576009e-05	0.00569715225031945	"Prevalence association possibly induced by stronger abundance association"	"prevalence"	30	29
"1XD8-76 sp910573755"	"Genotype"	"MUT"	"GenotypeMUT"	0.908685862667114	0	1.44146445683123	0.528438960089239	0.791912272457301	0.0625179266798704	0.245753961649286	"Prevalence association possibly induced by stronger abundance association"	"prevalence"	30	29
"Acutalibacter sp910574935"	"Genotype"	"MUT"	"GenotypeMUT"	0.908685862667114	0	1.44146445683123	0.528438960089239	0.791912272457301	0.0176462269202581	0.209732500699753	"Prevalence association possibly induced by stronger abundance association"	"prevalence"	30	29
"Duncaniella sp001689575"	"Genotype"	"MUT"	"GenotypeMUT"	0.908164986471963	0	1.44084874085798	0.528499219592004	0.791912272457301	0.0466017022762082	0.225493727004611	"Prevalence association possibly induced by stronger abundance association"	"prevalence"	30	29
"Lawsonibacter sp910584605"	"Genotype"	"MUT"	"GenotypeMUT"	0.908685862667114	0	1.44146445683123	0.528438960089239	0.791912272457301	0.000654899552372079	0.0615729145183032	"Prevalence association possibly induced by stronger abundance association"	"prevalence"	30	29
"NM07-P-09 sp004793665"	"Genotype"	"MUT"	"GenotypeMUT"	0.908164986471963	0	1.44084874085798	0.528499219592004	0.791912272457301	0.00014742119928024	0.024753849007216	"Prevalence association possibly induced by stronger abundance association"	"prevalence"	30	29
"Sporofaciens sp000403455"	"Genotype"	"MUT"	"GenotypeMUT"	0.908685862667114	0	1.44146445683123	0.528438960089239	0.791912272457301	0.00226755295038372	0.130043410365382	"Prevalence association possibly induced by stronger abundance association"	"prevalence"	30	29
"Sporofaciens sp910574715"	"Genotype"	"MUT"	"GenotypeMUT"	0.908685862667114	0	1.44146445683123	0.528438960089239	0.791912272457301	0.019556619967358	0.209732500699753	"Prevalence association possibly induced by stronger abundance association"	"prevalence"	30	29
"UBA7173 sp001689485"	"Genotype"	"MUT"	"GenotypeMUT"	0.908164986471963	0	1.44084874085798	0.528499219592004	0.791912272457301	5.6855705766079e-05	0.0113324792732949	"Prevalence association possibly induced by stronger abundance association"	"prevalence"	30	29
"Zhenpiania sp910575405"	"Genotype"	"MUT"	"GenotypeMUT"	0.908685862667114	0	1.44146445683123	0.528438960089239	0.791912272457301	0.000284534832927896	0.0383199208778299	"Prevalence association possibly induced by stronger abundance association"	"prevalence"	30	29
"Duncaniella dubosii"	"Genotype"	"MUT"	"GenotypeMUT"	-0.666611399039372	0	1.10966657871681	0.548018996579857	0.804088324353387	0.00781904370001474	0.209732500699753	"Prevalence association possibly induced by stronger abundance association"	"prevalence"	30	27
"MGYG000346909"	"Genotype"	"MUT"	"GenotypeMUT"	0.579829679784269	0	1.00318653471088	0.563272287609796	0.809032375592149	0.0251653217291984	0.209732500699753	"Prevalence association possibly induced by stronger abundance association"	"prevalence"	30	25
"Kineothrix sp910576535"	"Sex"	"M"	"SexM"	-0.588891395345484	0	1.02346526697373	0.565027753740781	0.809243093095305	0.00800058160842276	0.209732500699753	"Prevalence association possibly induced by stronger abundance association"	"prevalence"	30	22
"MGYG000329032"	"Genotype"	"MUT"	"GenotypeMUT"	-0.562094626623921	0	0.978858426735458	0.565808886026484	0.809243093095305	0.000611340835450225	0.0609262276609694	"Prevalence association possibly induced by stronger abundance association"	"prevalence"	30	25
"ZJ304 sp910584145"	"Genotype"	"MUT"	"GenotypeMUT"	-0.62178312587184	0	1.08428225295246	0.566339127810026	0.809381237026231	0.00024852587615587	0.0353829840252771	"Prevalence association possibly induced by stronger abundance association"	"prevalence"	30	27
"UBA3282 sp009774655"	"Genotype"	"MUT"	"GenotypeMUT"	0.607366053877502	0	1.07038095465544	0.570422206535411	0.812863080203228	0.0014133427468902	0.0939024921033849	"Prevalence association possibly induced by stronger abundance association"	"prevalence"	30	27
"MGYG000324467"	"Genotype"	"MUT"	"GenotypeMUT"	0.51641471657463	0	0.920965265057476	0.574980233061183	0.814784588636141	0.0162668649168549	0.209732500699753	"Prevalence association possibly induced by stronger abundance association"	"prevalence"	30	19
"CAG-485 sp002493045"	"Sex"	"M"	"SexM"	-0.818188431821165	0	1.4765957185054	0.579507284502129	0.816580174172055	0.0402969440471455	0.217356124342773	"Prevalence association possibly induced by stronger abundance association"	"prevalence"	30	29
"Muribaculum gordoncarteri"	"Sex"	"M"	"SexM"	-0.818188431821165	0	1.4765957185054	0.579507284502129	0.816580174172055	5.51476506216453e-06	0.00279598941295003	"Prevalence association possibly induced by stronger abundance association"	"prevalence"	30	29
"Muribaculum intestinale"	"Sex"	"M"	"SexM"	-0.818188431821165	0	1.4765957185054	0.579507284502129	0.816580174172055	0.000480302553763412	0.0534580947679969	"Prevalence association possibly induced by stronger abundance association"	"prevalence"	30	29
"Paramuribaculum sp001689535"	"Sex"	"M"	"SexM"	-0.818188431821165	0	1.4765957185054	0.579507284502129	0.816580174172055	0.0111333428177407	0.209732500699753	"Prevalence association possibly induced by stronger abundance association"	"prevalence"	30	29
"MGYG000411366"	"Genotype"	"MUT"	"GenotypeMUT"	0.503143003041343	0	0.911161522141386	0.58081162721353	0.816767929250298	0.0081715360689989	0.209732500699753	"Prevalence association possibly induced by stronger abundance association"	"prevalence"	30	19
"Pelethomonas sp910587645"	"Genotype"	"MUT"	"GenotypeMUT"	0.502648351226622	0	0.910795322142886	0.581031603368236	0.816767929250298	0.0232777509061337	0.209732500699753	"Prevalence association possibly induced by stronger abundance association"	"prevalence"	30	19
"CAJFPI01 sp022801715"	"Genotype"	"MUT"	"GenotypeMUT"	0.500635700782503	0	0.912142108324188	0.583103499515764	0.817675001193889	4.20238858216404e-05	0.0111327945198921	"Prevalence association possibly induced by stronger abundance association"	"prevalence"	30	23
"MGYG000328991"	"Genotype"	"MUT"	"GenotypeMUT"	0.486465921355461	0	0.913866207624253	0.594506912116006	0.822622413853049	0.00283431703086834	0.150248954944861	"Prevalence association possibly induced by stronger abundance association"	"prevalence"	30	21
"MGYG000410761"	"Genotype"	"MUT"	"GenotypeMUT"	0.486465921355461	0	0.913866207624253	0.594506912116006	0.822622413853049	0.0161670373605569	0.209732500699753	"Prevalence association possibly induced by stronger abundance association"	"prevalence"	30	21
"Enterenecus sp910588135"	"Sex"	"M"	"SexM"	-0.462331530981304	0	0.876618694247446	0.597913600843097	0.824785582072224	0.0618120146847998	0.244624192135946	"Prevalence association possibly induced by stronger abundance association"	"prevalence"	30	14
"CAG-510 sp910577015"	"Genotype"	"MUT"	"GenotypeMUT"	0.497491993343165	0	1.01013083917674	0.622364134246799	0.828041232587285	0.0037992795451014	0.176932803488227	"Prevalence association possibly induced by stronger abundance association"	"prevalence"	30	9
"MGYG000328896"	"Sex"	"M"	"SexM"	-0.433516375708775	0	0.877767291830349	0.62138717593853	0.828041232587285	0.0295917204427627	0.209732500699753	"Prevalence association possibly induced by stronger abundance association"	"prevalence"	30	19
"MGYG000353267"	"Sex"	"M"	"SexM"	-0.726883616167808	0	1.47610796760879	0.622413590747691	0.828041232587285	0.0280456669189546	0.209732500699753	"Prevalence association possibly induced by stronger abundance association"	"prevalence"	30	29
"MGYG000392954"	"Genotype"	"MUT"	"GenotypeMUT"	-0.54601100127056	0	1.05765865239558	0.605683297743451	0.828041232587285	0.0205867884098452	0.209732500699753	"Prevalence association possibly induced by stronger abundance association"	"prevalence"	30	27
"NM07-P-09 sp004793665"	"Sex"	"M"	"SexM"	-0.72997774093689	0	1.47613638965821	0.620939571881015	0.828041232587285	0.0259898813288819	0.209732500699753	"Prevalence association possibly induced by stronger abundance association"	"prevalence"	30	29
"Paramuribaculum sp001689565"	"Sex"	"M"	"SexM"	-0.72997774093689	0	1.47613638965821	0.620939571881015	0.828041232587285	0.0450311494977411	0.223496233015183	"Prevalence association possibly induced by stronger abundance association"	"prevalence"	30	29
"Sporofaciens sp009774295"	"Sex"	"M"	"SexM"	-0.726883616167808	0	1.47610796760879	0.622413590747691	0.828041232587285	0.0386659553345592	0.216292850780055	"Prevalence association possibly induced by stronger abundance association"	"prevalence"	30	29
"Choladocola sp910575445"	"Genotype"	"MUT"	"GenotypeMUT"	0.438431189495865	0	0.896233152954342	0.624704903171686	0.829051988749878	0.0274164811570214	0.209732500699753	"Prevalence association possibly induced by stronger abundance association"	"prevalence"	30	23
"Caccovicinus sp910584785"	"Genotype"	"MUT"	"GenotypeMUT"	0.387478574749932	0	0.812327156219449	0.633363417926728	0.832830245416453	0.0202237877481194	0.209732500699753	"Prevalence association possibly induced by stronger abundance association"	"prevalence"	30	21
"MGYG000330291"	"Genotype"	"MUT"	"GenotypeMUT"	0.396480302148403	0	0.865677416631364	0.646952403646687	0.840376038947487	0.0136771808468126	0.209732500699753	"Prevalence association possibly induced by stronger abundance association"	"prevalence"	30	17
"MGYG000330291"	"Sex"	"M"	"SexM"	-0.372202269948855	0	0.880093836904843	0.672359446356764	0.852320399611905	0.00303656828823784	0.154400201839685	"Prevalence association possibly induced by stronger abundance association"	"prevalence"	30	17
"Paramuribaculum sp910586895"	"Sex"	"M"	"SexM"	0.435665778766289	0	1.03586129291814	0.674059518906743	0.853054878367551	0.00909939962408091	0.209732500699753	"Prevalence association possibly induced by stronger abundance association"	"prevalence"	30	17
"Enterenecus sp910588495"	"Sex"	"M"	"SexM"	-0.409855961195455	0	1.10572538999983	0.710885539919827	0.873975096469857	0.00229657236848357	0.130043410365382	"Prevalence association possibly induced by stronger abundance association"	"prevalence"	30	27
"UBA1405 sp022800935"	"Sex"	"M"	"SexM"	0.382376642841487	0	1.03458708547739	0.71168540873559	0.874282206569784	0.00290155273653636	0.152194076696428	"Prevalence association possibly induced by stronger abundance association"	"prevalence"	30	26
"14-2 sp000403315"	"Sex"	"M"	"SexM"	-0.372848946892646	0	1.02249139501354	0.715374541159925	0.876228455429285	0.00279513223300576	0.149764988355567	"Prevalence association possibly induced by stronger abundance association"	"prevalence"	30	22
"MGYG000392954"	"Sex"	"M"	"SexM"	-0.32249172137638	0	1.06681135683424	0.762427202254395	0.905266004547649	0.00443760362416179	0.19228329442781	"Prevalence association possibly induced by stronger abundance association"	"prevalence"	30	27
"MGYG000405972"	"Sex"	"M"	"SexM"	0.262346394588505	0	0.895165175158716	0.76946835951353	0.909259285025606	0.00834246046572984	0.209732500699753	"Prevalence association possibly induced by stronger abundance association"	"prevalence"	30	10
"Lactobacillus intestinalis"	"Sex"	"M"	"SexM"	-0.274481761240563	0	1.03019263708499	0.789902429454497	0.922366025194271	0.00534095853574024	0.209732500699753	"Prevalence association possibly induced by stronger abundance association"	"prevalence"	30	25
"Dysosmobacter sp910588005"	"Genotype"	"MUT"	"GenotypeMUT"	-0.210097810734037	0	0.836086365147809	0.801592062264092	0.929298730847659	0.0112104981093442	0.209732500699753	"Prevalence association possibly induced by stronger abundance association"	"prevalence"	30	15
"Pelethomonas sp910588365"	"Sex"	"M"	"SexM"	-0.196835540437454	0	0.856641756035961	0.818265994387492	0.939780657877439	0.0329000262209767	0.210735140050016	"Prevalence association possibly induced by stronger abundance association"	"prevalence"	30	20
"Odoribacter sp021771575"	"Sex"	"M"	"SexM"	0.244683027324431	0	1.16181096326745	0.83319562497458	0.94887331059442	8.46227340325356e-05	0.0156175956920046	"Prevalence association possibly induced by stronger abundance association"	"prevalence"	30	28
"Enterenecus sp910587285"	"Sex"	"M"	"SexM"	-0.192387428190109	0	0.970854992687057	0.842917623547023	0.952082761306282	0.0049171511333993	0.205900538636376	"Prevalence association possibly induced by stronger abundance association"	"prevalence"	30	25
"Dysosmobacter sp910583785"	"Sex"	"M"	"SexM"	-0.141371509796193	0	0.909036183119767	0.876412946706338	0.968282645049218	0.0424261406799615	0.220218186466925	"Prevalence association possibly induced by stronger abundance association"	"prevalence"	30	25
"MGYG000322966"	"Sex"	"M"	"SexM"	-0.128218858589635	0	0.91680919813362	0.888775842223794	0.970986483238388	0.0194131457593071	0.209732500699753	"Prevalence association possibly induced by stronger abundance association"	"prevalence"	30	18
"MGYG000410803"	"Sex"	"M"	"SexM"	-0.129158423494564	0	0.939323063190414	0.890634328654982	0.97116480487969	0.0578379214093746	0.2394781746571	"Prevalence association possibly induced by stronger abundance association"	"prevalence"	30	25
"MGYG000322966"	"Genotype"	"MUT"	"GenotypeMUT"	0.0770482328914599	0	0.898059668658081	0.931630086194904	0.985772694514913	0.0316138479360255	0.209732500699753	"Prevalence association possibly induced by stronger abundance association"	"prevalence"	30	18
"MGYG000345714"	"Genotype"	"MUT"	"GenotypeMUT"	0.0770482328914599	0	0.898059668658081	0.931630086194904	0.985772694514913	0.0185396321659168	0.209732500699753	"Prevalence association possibly induced by stronger abundance association"	"prevalence"	30	18
"Adlercreutzia caecimuris"	"Genotype"	"MUT"	"GenotypeMUT"	-0.0834059560336448	0	1.00765513672863	0.934032576964448	0.986120992107123	0.0350900217841741	0.214281346262916	"Prevalence association possibly induced by stronger abundance association"	"prevalence"	30	26
"Adlercreutzia sp910585575"	"Genotype"	"MUT"	"GenotypeMUT"	-0.0834059560336448	0	1.00765513672863	0.934032576964448	0.986120992107123	0.000234436706743057	0.0343587679323722	"Prevalence association possibly induced by stronger abundance association"	"prevalence"	30	26
"MGYG000329509"	"Genotype"	"MUT"	"GenotypeMUT"	0.0668399116907588	0	0.880473123317212	0.939487812273083	0.986417860109689	0.0560025035395508	0.235097283182461	"Prevalence association possibly induced by stronger abundance association"	"prevalence"	30	18
"Dysosmobacter sp022797935"	"Sex"	"M"	"SexM"	-0.0655506692060685	0	0.938192518383569	0.944297845664517	0.98823160880203	0.0424103052584947	0.220218186466925	"Prevalence association possibly induced by stronger abundance association"	"prevalence"	30	15
"MGYG000345025"	"Genotype"	"MUT"	"GenotypeMUT"	0.0699223258197331	0	1.05377937571357	0.947096106116084	0.989115548506346	0.0631177691784697	0.247260883503392	"Prevalence association possibly induced by stronger abundance association"	"prevalence"	30	6
"CAG-485 sp002361155"	"Genotype"	"MUT"	"GenotypeMUT"	-0.0521939670444457	0	1.17988317791057	0.964715843918021	0.992479630639161	0.0194840903566251	0.209732500699753	"Prevalence association possibly induced by stronger abundance association"	"prevalence"	30	28
"CAG-485 sp009775365"	"Genotype"	"MUT"	"GenotypeMUT"	-0.0521939670444457	0	1.17988317791057	0.964715843918021	0.992479630639161	0.0319800884955274	0.209732500699753	"Prevalence association possibly induced by stronger abundance association"	"prevalence"	30	28
"CAG-873 sp002490635"	"Genotype"	"MUT"	"GenotypeMUT"	-0.0521939670444457	0	1.17988317791057	0.964715843918021	0.992479630639161	0.00357729420878239	0.17119366873688	"Prevalence association possibly induced by stronger abundance association"	"prevalence"	30	28
"Paramuribaculum intestinale"	"Genotype"	"MUT"	"GenotypeMUT"	-0.0521939670444457	0	1.17988317791057	0.964715843918021	0.992479630639161	0.000741395996756267	0.0658423640633414	"Prevalence association possibly induced by stronger abundance association"	"prevalence"	30	28
"Turicimonas muris"	"Genotype"	"MUT"	"GenotypeMUT"	-0.0521939670444457	0	1.17988317791057	0.964715843918021	0.992479630639161	0.0320778458233384	0.209732500699753	"Prevalence association possibly induced by stronger abundance association"	"prevalence"	30	28
"Faecivivens sp022793675"	"Genotype"	"MUT"	"GenotypeMUT"	0.0415263026029454	0	0.981602559918263	0.966255879156614	0.992595596264793	0.0268419224560091	0.209732500699753	"Prevalence association possibly induced by stronger abundance association"	"prevalence"	30	8
"MGYG000352925"	"Genotype"	"MUT"	"GenotypeMUT"	0.0261143674763004	0	0.808479091535453	0.974232323098019	0.994599834687083	0.0570644652528176	0.237951657200661	"Prevalence association possibly induced by stronger abundance association"	"prevalence"	30	12
"Butyribacter sp910575435"	"Genotype"	"MUT"	"GenotypeMUT"	0.0133300221720006	0	1.13773288028751	0.990651957289276	0.999380900869112	1.54454376690705e-05	0.00569715225031945	"Prevalence association possibly induced by stronger abundance association"	"prevalence"	30	28
"Roseburia sp910584215"	"Genotype"	"MUT"	"GenotypeMUT"	-0.00449838037349055	0	0.806950040914558	0.995552178601661	0.999432562525407	0.0277596174039352	0.209732500699753	"Prevalence association possibly induced by stronger abundance association"	"prevalence"	30	12
"14-2 sp910586005"	"Sequencing_Depth"	"Sequencing_Depth"	"Sequencing_Depth"	NA	NA	NA	NA	NA	0.0151743399295377	0.209732500699753	"contrasts can be applied only to factors with 2 or more levels"	"abundance"	30	6
"14-2 sp910586005"	"Sex"	"M"	"SexM"	NA	NA	NA	NA	NA	0.0461936798954175	0.225493727004611	"contrasts can be applied only to factors with 2 or more levels"	"abundance"	30	6
"14-2 sp910587895"	"Sequencing_Depth"	"Sequencing_Depth"	"Sequencing_Depth"	0.55189763684915	NA	NA	NA	NA	0.0263009686765416	0.209732500699753	"Fitting error (NA p-value returned from fitting procedure)"	"abundance"	30	4
"14-2 sp910588885"	"Sequencing_Depth"	"Sequencing_Depth"	"Sequencing_Depth"	-0.067780348350499	NA	NA	NA	NA	0.0508240016699867	0.23197887818648	"Fitting error (NA p-value returned from fitting procedure)"	"abundance"	30	4
"1XD8-76 sp910584915"	"Sequencing_Depth"	"Sequencing_Depth"	"Sequencing_Depth"	-0.743148738234584	NA	NA	NA	NA	0.0161044291190848	0.209732500699753	"Fitting error (NA p-value returned from fitting procedure)"	"abundance"	30	4
"Acetatifactor sp910584435"	"Sequencing_Depth"	"Sequencing_Depth"	"Sequencing_Depth"	NA	NA	NA	NA	NA	0.0219327579209875	0.209732500699753	"contrasts can be applied only to factors with 2 or more levels"	"abundance"	30	5
"Agrobacterium pusense"	"Genotype"	"MUT"	"GenotypeMUT"	NA	NA	NA	NA	NA	0.0321286417908935	0.209732500699753	"No data points have the baseline factor level"	"abundance"	30	6
"Alistipes putredinis"	"Sequencing_Depth"	"Sequencing_Depth"	"Sequencing_Depth"	4.90254971940811	NA	NA	NA	NA	0.0540953211897239	0.233784613885109	"Fitting error (NA p-value returned from fitting procedure)"	"abundance"	30	4
"Alistipes sp900552955"	"Genotype"	"MUT"	"GenotypeMUT"	NA	NA	NA	NA	NA	0.0138684018118246	0.209732500699753	"contrasts can be applied only to factors with 2 or more levels"	"abundance"	30	8
"Alistipes sp900552955"	"Sequencing_Depth"	"Sequencing_Depth"	"Sequencing_Depth"	NA	NA	NA	NA	NA	0.0574561352722589	0.238984909901224	"contrasts can be applied only to factors with 2 or more levels"	"abundance"	30	8
"An181 sp910585545"	"Genotype"	"MUT"	"GenotypeMUT"	NA	NA	NA	NA	NA	0.0305331509272222	0.209732500699753	"No data points have the baseline factor level"	"abundance"	30	6
"Anaerocaecibacter sp910586925"	"Genotype"	"MUT"	"GenotypeMUT"	NA	NA	NA	NA	NA	0.0452025455449444	0.223857812935463	"No data points have the baseline factor level"	"abundance"	30	5
"Anaerocaecibacter sp910586925"	"Sex"	"M"	"SexM"	NA	NA	NA	NA	NA	0.0555888519708605	0.23479505346542	"No data points have the baseline factor level"	"abundance"	30	5
"Anaerostipes hominis"	"Genotype"	"MUT"	"GenotypeMUT"	NA	NA	NA	NA	NA	0.00774500391613388	0.209732500699753	"No data points have the baseline factor level"	"abundance"	30	9
"Anaerotardibacter sp000434775"	"Sequencing_Depth"	"Sequencing_Depth"	"Sequencing_Depth"	NA	NA	NA	NA	NA	0.0511808568930078	0.23197887818648	"contrasts can be applied only to factors with 2 or more levels"	"abundance"	30	4
"Avoscillospira_A sp022795735"	"Sequencing_Depth"	"Sequencing_Depth"	"Sequencing_Depth"	NA	NA	NA	NA	NA	0.0168014117721989	0.209732500699753	"contrasts can be applied only to factors with 2 or more levels"	"abundance"	30	4
"Bacteroides fragilis"	"Sequencing_Depth"	"Sequencing_Depth"	"Sequencing_Depth"	-1.34881379976046	NA	NA	NA	NA	0.0335749445440212	0.213126049252048	"Fitting error (NA p-value returned from fitting procedure)"	"abundance"	30	4
"Bacteroides stercorirosoris"	"Sequencing_Depth"	"Sequencing_Depth"	"Sequencing_Depth"	-0.202338141945158	NA	NA	NA	NA	0.042155574709733	0.219934005248547	"Fitting error (NA p-value returned from fitting procedure)"	"abundance"	30	4
"Blautia coccoides"	"Genotype"	"MUT"	"GenotypeMUT"	NA	NA	NA	NA	NA	0.0552369396060764	0.23479505346542	"No data points have the baseline factor level"	"abundance"	30	5
"Butyribacter sp910579085"	"Sequencing_Depth"	"Sequencing_Depth"	"Sequencing_Depth"	-0.409392411816776	NA	NA	NA	NA	0.0508240016699867	0.23197887818648	"Fitting error (NA p-value returned from fitting procedure)"	"abundance"	30	4
"Butyrivibrio_A sp000431815"	"Genotype"	"MUT"	"GenotypeMUT"	NA	NA	NA	NA	NA	0.0305331509272222	0.209732500699753	"No data points have the baseline factor level"	"abundance"	30	6
"CAG-115 sp910577365"	"Sequencing_Depth"	"Sequencing_Depth"	"Sequencing_Depth"	-0.598405567307072	NA	NA	NA	NA	0.0307255333168607	0.209732500699753	"Fitting error (NA p-value returned from fitting procedure)"	"abundance"	30	4
"CAG-170 sp900553545"	"Sequencing_Depth"	"Sequencing_Depth"	"Sequencing_Depth"	NA	NA	NA	NA	NA	0.0539711733104246	0.233453434553686	"contrasts can be applied only to factors with 2 or more levels"	"abundance"	30	2
"CAG-267 sp910576955"	"Sequencing_Depth"	"Sequencing_Depth"	"Sequencing_Depth"	NA	NA	NA	NA	NA	0.0343342407252082	0.213818153407636	"contrasts can be applied only to factors with 2 or more levels"	"abundance"	30	4
"CAG-41 sp010206265"	"Sequencing_Depth"	"Sequencing_Depth"	"Sequencing_Depth"	NA	NA	NA	NA	NA	0.0357907086720608	0.214605825747453	"contrasts can be applied only to factors with 2 or more levels"	"abundance"	30	3
"CAG-41 sp910578235"	"Sex"	"M"	"SexM"	NA	NA	NA	NA	NA	0.0612632103676867	0.244378383901793	"contrasts can be applied only to factors with 2 or more levels"	"abundance"	30	4
"CAG-485 sp014800535"	"Sequencing_Depth"	"Sequencing_Depth"	"Sequencing_Depth"	-0.953870604541685	NA	NA	NA	NA	0.0171526337995856	0.209732500699753	"Fitting error (NA p-value returned from fitting procedure)"	"abundance"	30	4
"CAG-873 sp014801485"	"Sequencing_Depth"	"Sequencing_Depth"	"Sequencing_Depth"	0.152197211449309	NA	NA	NA	NA	0.0345902392748772	0.213818153407636	"Fitting error (NA p-value returned from fitting procedure)"	"abundance"	30	4
"CAG-95 sp011959285"	"Sequencing_Depth"	"Sequencing_Depth"	"Sequencing_Depth"	0.248564232281653	NA	NA	NA	NA	0.0369254897634966	0.214605825747453	"Fitting error (NA p-value returned from fitting procedure)"	"abundance"	30	4
"Choladocola sp910587765"	"Sequencing_Depth"	"Sequencing_Depth"	"Sequencing_Depth"	1.32083063811905	NA	NA	NA	NA	0.0494186114074027	0.230142935180456	"Fitting error (NA p-value returned from fitting procedure)"	"abundance"	30	3
"Clostridium_Q symbiosum"	"Sequencing_Depth"	"Sequencing_Depth"	"Sequencing_Depth"	NA	NA	NA	NA	NA	0.0539711733104246	0.233453434553686	"contrasts can be applied only to factors with 2 or more levels"	"abundance"	30	2
"COE1 sp910578795"	"Sequencing_Depth"	"Sequencing_Depth"	"Sequencing_Depth"	NA	NA	NA	NA	NA	0.032150151361914	0.209732500699753	"contrasts can be applied only to factors with 2 or more levels"	"abundance"	30	4
"COE1 sp910586715"	"Sequencing_Depth"	"Sequencing_Depth"	"Sequencing_Depth"	-2.13478098538443	NA	NA	NA	NA	0.0285013156100966	0.209732500699753	"Fitting error (NA p-value returned from fitting procedure)"	"abundance"	30	4
"Coproplasma sp910576655"	"Sequencing_Depth"	"Sequencing_Depth"	"Sequencing_Depth"	-0.367739772831977	NA	NA	NA	NA	0.0365089023815114	0.214605825747453	"Fitting error (NA p-value returned from fitting procedure)"	"abundance"	30	4
"Cryptobacteroides sp000431015"	"Sequencing_Depth"	"Sequencing_Depth"	"Sequencing_Depth"	0.32011057489382	NA	NA	NA	NA	0.0171526337995856	0.209732500699753	"Fitting error (NA p-value returned from fitting procedure)"	"abundance"	30	4
"Dysosmobacter sp900763685"	"Sequencing_Depth"	"Sequencing_Depth"	"Sequencing_Depth"	NA	NA	NA	NA	NA	0.0357907086720608	0.214605825747453	"contrasts can be applied only to factors with 2 or more levels"	"abundance"	30	3
"Dysosmobacter welbionis"	"Sequencing_Depth"	"Sequencing_Depth"	"Sequencing_Depth"	0.316790861394894	NA	NA	NA	NA	0.0263009686765416	0.209732500699753	"Fitting error (NA p-value returned from fitting procedure)"	"abundance"	30	4
"Enterenecus sp932222125"	"Sequencing_Depth"	"Sequencing_Depth"	"Sequencing_Depth"	NA	NA	NA	NA	NA	0.0539711733104246	0.233453434553686	"contrasts can be applied only to factors with 2 or more levels"	"abundance"	30	2
"Eubacterium_F sp910577295"	"Genotype"	"MUT"	"GenotypeMUT"	NA	NA	NA	NA	NA	0.0472419539798462	0.226542381488147	"No data points have the baseline factor level"	"abundance"	30	5
"Eubacterium_F sp910577295"	"Sequencing_Depth"	"Sequencing_Depth"	"Sequencing_Depth"	NA	NA	NA	NA	NA	0.0216923120148987	0.209732500699753	"No data points have the baseline factor level"	"abundance"	30	5
"Eubacterium_F sp910583555"	"Sequencing_Depth"	"Sequencing_Depth"	"Sequencing_Depth"	NA	NA	NA	NA	NA	0.0283675665829117	0.209732500699753	"No data points have the baseline factor level"	"abundance"	30	4
"Evtepia sp004556345"	"Sequencing_Depth"	"Sequencing_Depth"	"Sequencing_Depth"	NA	NA	NA	NA	NA	0.0219327579209875	0.209732500699753	"contrasts can be applied only to factors with 2 or more levels"	"abundance"	30	5
"Faecalibacterium longum"	"Genotype"	"MUT"	"GenotypeMUT"	NA	NA	NA	NA	NA	0.0583979359625578	0.241259489053331	"No data points have the baseline factor level"	"abundance"	30	5
"Gallimonas sp910586365"	"Sex"	"M"	"SexM"	NA	NA	NA	NA	NA	0.0221726615258113	0.209732500699753	"No data points have the baseline factor level"	"abundance"	30	8
"Gallimonas sp910586825"	"Sequencing_Depth"	"Sequencing_Depth"	"Sequencing_Depth"	NA	NA	NA	NA	NA	0.0625358264843056	0.245753961649286	"contrasts can be applied only to factors with 2 or more levels"	"abundance"	30	3
"Harryflintia sp022792175"	"Sequencing_Depth"	"Sequencing_Depth"	"Sequencing_Depth"	NA	NA	NA	NA	NA	0.0539711733104246	0.233453434553686	"contrasts can be applied only to factors with 2 or more levels"	"abundance"	30	2
"Hungatella effluvii"	"Sequencing_Depth"	"Sequencing_Depth"	"Sequencing_Depth"	NA	NA	NA	NA	NA	0.0438920235193868	0.222074775928497	"No data points have the baseline factor level"	"abundance"	30	4
"Intestinimonas butyriciproducens"	"Sequencing_Depth"	"Sequencing_Depth"	"Sequencing_Depth"	NA	NA	NA	NA	NA	0.0168014117721989	0.209732500699753	"contrasts can be applied only to factors with 2 or more levels"	"abundance"	30	4
"Lachnospira sp910587485"	"Sequencing_Depth"	"Sequencing_Depth"	"Sequencing_Depth"	NA	NA	NA	NA	NA	0.0531354149546698	0.233453434553686	"contrasts can be applied only to factors with 2 or more levels"	"abundance"	30	4
"Lawsonibacter asaccharolyticus"	"Sequencing_Depth"	"Sequencing_Depth"	"Sequencing_Depth"	NA	NA	NA	NA	NA	0.0539711733104246	0.233453434553686	"contrasts can be applied only to factors with 2 or more levels"	"abundance"	30	2
"Lawsonibacter sp900066645"	"Sequencing_Depth"	"Sequencing_Depth"	"Sequencing_Depth"	NA	NA	NA	NA	NA	0.0539711733104246	0.233453434553686	"contrasts can be applied only to factors with 2 or more levels"	"abundance"	30	2
"Lentihominibacter faecis"	"Genotype"	"MUT"	"GenotypeMUT"	NA	NA	NA	NA	NA	0.0452025455449444	0.223857812935463	"No data points have the baseline factor level"	"abundance"	30	5
"Lentihominibacter faecis"	"Sex"	"M"	"SexM"	NA	NA	NA	NA	NA	0.0555888519708605	0.23479505346542	"No data points have the baseline factor level"	"abundance"	30	5
"Marseille-P3106 sp905219705"	"Sequencing_Depth"	"Sequencing_Depth"	"Sequencing_Depth"	NA	NA	NA	NA	NA	0.0208575771268944	0.209732500699753	"contrasts can be applied only to factors with 2 or more levels"	"abundance"	30	5
"MGBC107952 sp910578855"	"Genotype"	"MUT"	"GenotypeMUT"	NA	NA	NA	NA	NA	0.0412940185002668	0.219368970348432	"No data points have the baseline factor level"	"abundance"	30	5
"MGBC107952 sp910578855"	"Sequencing_Depth"	"Sequencing_Depth"	"Sequencing_Depth"	NA	NA	NA	NA	NA	0.0359598972279442	0.214605825747453	"No data points have the baseline factor level"	"abundance"	30	5
"MGBC111451 sp910578605"	"Sequencing_Depth"	"Sequencing_Depth"	"Sequencing_Depth"	-1.84502076531577	NA	NA	NA	NA	0.0494186114074027	0.230142935180456	"Fitting error (NA p-value returned from fitting procedure)"	"abundance"	30	3
"MGBC120314 sp910584325"	"Genotype"	"MUT"	"GenotypeMUT"	NA	NA	NA	NA	NA	0.0523438625549282	0.233453434553686	"No data points have the baseline factor level"	"abundance"	30	5
"MGBC131033 sp910585655"	"Genotype"	"MUT"	"GenotypeMUT"	NA	NA	NA	NA	NA	0.0523438625549282	0.233453434553686	"No data points have the baseline factor level"	"abundance"	30	5
"MGBC136627 sp910585935"	"Sequencing_Depth"	"Sequencing_Depth"	"Sequencing_Depth"	NA	NA	NA	NA	NA	0.0468064594130371	0.225493727004611	"contrasts can be applied only to factors with 2 or more levels"	"abundance"	30	4
"MGYG000322925"	"Sequencing_Depth"	"Sequencing_Depth"	"Sequencing_Depth"	NA	NA	NA	NA	NA	0.0592501584378705	0.241606824464737	"contrasts can be applied only to factors with 2 or more levels"	"abundance"	30	5
"MGYG000323038"	"Genotype"	"MUT"	"GenotypeMUT"	NA	NA	NA	NA	NA	0.0278018846524023	0.209732500699753	"No data points have the baseline factor level"	"abundance"	30	6
"MGYG000323038"	"Sequencing_Depth"	"Sequencing_Depth"	"Sequencing_Depth"	NA	NA	NA	NA	NA	0.0366716373076794	0.214605825747453	"No data points have the baseline factor level"	"abundance"	30	6
"MGYG000323128"	"Sequencing_Depth"	"Sequencing_Depth"	"Sequencing_Depth"	-1.40530832488166	NA	NA	NA	NA	0.0388406290650774	0.216292850780055	"Fitting error (NA p-value returned from fitting procedure)"	"abundance"	30	3
"MGYG000323634"	"Sequencing_Depth"	"Sequencing_Depth"	"Sequencing_Depth"	1.18324163701813	NA	NA	NA	NA	0.0345902392748772	0.213818153407636	"Fitting error (NA p-value returned from fitting procedure)"	"abundance"	30	4
"MGYG000323824"	"Sequencing_Depth"	"Sequencing_Depth"	"Sequencing_Depth"	NA	NA	NA	NA	NA	0.0633959711583672	0.247960851084885	"contrasts can be applied only to factors with 2 or more levels"	"abundance"	30	5
"MGYG000324400"	"Sequencing_Depth"	"Sequencing_Depth"	"Sequencing_Depth"	-1.75731633444712	NA	NA	NA	NA	0.0403916859605475	0.217356124342773	"Fitting error (NA p-value returned from fitting procedure)"	"abundance"	30	4
"MGYG000324647"	"Sequencing_Depth"	"Sequencing_Depth"	"Sequencing_Depth"	NA	NA	NA	NA	NA	0.0539711733104246	0.233453434553686	"contrasts can be applied only to factors with 2 or more levels"	"abundance"	30	2
"MGYG000324764"	"Genotype"	"MUT"	"GenotypeMUT"	NA	NA	NA	NA	NA	0.0552369396060764	0.23479505346542	"No data points have the baseline factor level"	"abundance"	30	5
"MGYG000324875"	"Sequencing_Depth"	"Sequencing_Depth"	"Sequencing_Depth"	-1.13731288036869	NA	NA	NA	NA	0.0555942190924101	0.23479505346542	"Fitting error (NA p-value returned from fitting procedure)"	"abundance"	30	4
"MGYG000325306"	"Sequencing_Depth"	"Sequencing_Depth"	"Sequencing_Depth"	2.63962560730173	NA	NA	NA	NA	0.0494186114074027	0.230142935180456	"Fitting error (NA p-value returned from fitting procedure)"	"abundance"	30	3
"MGYG000325327"	"Sequencing_Depth"	"Sequencing_Depth"	"Sequencing_Depth"	-2.24411205494448	NA	NA	NA	NA	0.0388406290650774	0.216292850780055	"Fitting error (NA p-value returned from fitting procedure)"	"abundance"	30	3
"MGYG000325340"	"Sequencing_Depth"	"Sequencing_Depth"	"Sequencing_Depth"	NA	NA	NA	NA	NA	0.0539711733104246	0.233453434553686	"contrasts can be applied only to factors with 2 or more levels"	"abundance"	30	2
"MGYG000325376"	"Genotype"	"MUT"	"GenotypeMUT"	NA	NA	NA	NA	NA	0.0414498543944677	0.219408566715473	"No data points have the baseline factor level"	"abundance"	30	5
"MGYG000325376"	"Sex"	"M"	"SexM"	NA	NA	NA	NA	NA	0.0587510040530587	0.241302317568056	"No data points have the baseline factor level"	"abundance"	30	5
"MGYG000325392"	"Sequencing_Depth"	"Sequencing_Depth"	"Sequencing_Depth"	0.307284424145736	NA	NA	NA	NA	0.0345902392748772	0.213818153407636	"Fitting error (NA p-value returned from fitting procedure)"	"abundance"	30	4
"MGYG000325408"	"Sequencing_Depth"	"Sequencing_Depth"	"Sequencing_Depth"	0.999086940657736	NA	NA	NA	NA	0.0226460073050036	0.209732500699753	"Fitting error (NA p-value returned from fitting procedure)"	"abundance"	30	4
"MGYG000325423"	"Sequencing_Depth"	"Sequencing_Depth"	"Sequencing_Depth"	0.527606783613139	NA	NA	NA	NA	0.0270434685695587	0.209732500699753	"Fitting error (NA p-value returned from fitting procedure)"	"abundance"	30	4
"MGYG000325430"	"Sequencing_Depth"	"Sequencing_Depth"	"Sequencing_Depth"	-0.786366699008349	NA	NA	NA	NA	0.0171526337995856	0.209732500699753	"Fitting error (NA p-value returned from fitting procedure)"	"abundance"	30	4
"MGYG000325480"	"Sequencing_Depth"	"Sequencing_Depth"	"Sequencing_Depth"	-6.2746982744697	NA	NA	NA	NA	0.0369243073604552	0.214605825747453	"Fitting error (NA p-value returned from fitting procedure)"	"abundance"	30	4
"MGYG000325491"	"Sequencing_Depth"	"Sequencing_Depth"	"Sequencing_Depth"	-0.740710845048817	NA	NA	NA	NA	0.0494186114074027	0.230142935180456	"Fitting error (NA p-value returned from fitting procedure)"	"abundance"	30	3
"MGYG000325533"	"Sequencing_Depth"	"Sequencing_Depth"	"Sequencing_Depth"	-0.648568332809865	NA	NA	NA	NA	0.058571538118793	0.241259489053331	"Fitting error (NA p-value returned from fitting procedure)"	"abundance"	30	4
"MGYG000325605"	"Sequencing_Depth"	"Sequencing_Depth"	"Sequencing_Depth"	-0.704194478441132	NA	NA	NA	NA	0.0555942190924101	0.23479505346542	"Fitting error (NA p-value returned from fitting procedure)"	"abundance"	30	4
"MGYG000325610"	"Sequencing_Depth"	"Sequencing_Depth"	"Sequencing_Depth"	NA	NA	NA	NA	NA	0.0208575771268944	0.209732500699753	"contrasts can be applied only to factors with 2 or more levels"	"abundance"	30	5
"MGYG000325642"	"Sequencing_Depth"	"Sequencing_Depth"	"Sequencing_Depth"	-0.427886158922969	NA	NA	NA	NA	0.0345902392748772	0.213818153407636	"Fitting error (NA p-value returned from fitting procedure)"	"abundance"	30	4
"MGYG000325643"	"Sequencing_Depth"	"Sequencing_Depth"	"Sequencing_Depth"	-1.27749910877965	NA	NA	NA	NA	0.0369254897634966	0.214605825747453	"Fitting error (NA p-value returned from fitting procedure)"	"abundance"	30	4
"MGYG000325711"	"Sequencing_Depth"	"Sequencing_Depth"	"Sequencing_Depth"	NA	NA	NA	NA	NA	0.0490439653783375	0.230142935180456	"contrasts can be applied only to factors with 2 or more levels"	"abundance"	30	6
"MGYG000325711"	"Sex"	"M"	"SexM"	NA	NA	NA	NA	NA	0.0395072229944934	0.217193002028663	"contrasts can be applied only to factors with 2 or more levels"	"abundance"	30	6
"MGYG000325728"	"Sequencing_Depth"	"Sequencing_Depth"	"Sequencing_Depth"	NA	NA	NA	NA	NA	0.0526464195261184	0.233453434553686	"contrasts can be applied only to factors with 2 or more levels"	"abundance"	30	5
"MGYG000326756"	"Sequencing_Depth"	"Sequencing_Depth"	"Sequencing_Depth"	NA	NA	NA	NA	NA	0.0258737157018376	0.209732500699753	"contrasts can be applied only to factors with 2 or more levels"	"abundance"	30	3
"MGYG000327115"	"Sequencing_Depth"	"Sequencing_Depth"	"Sequencing_Depth"	NA	NA	NA	NA	NA	0.0168014117721989	0.209732500699753	"contrasts can be applied only to factors with 2 or more levels"	"abundance"	30	4
"MGYG000327494"	"Sequencing_Depth"	"Sequencing_Depth"	"Sequencing_Depth"	1.02716988477598	NA	NA	NA	NA	0.0263009686765416	0.209732500699753	"Fitting error (NA p-value returned from fitting procedure)"	"abundance"	30	4
"MGYG000328314"	"Sequencing_Depth"	"Sequencing_Depth"	"Sequencing_Depth"	-0.317417949167202	NA	NA	NA	NA	0.0420602954991042	0.219934005248547	"Fitting error (NA p-value returned from fitting procedure)"	"abundance"	30	4
"MGYG000328377"	"Sequencing_Depth"	"Sequencing_Depth"	"Sequencing_Depth"	NA	NA	NA	NA	NA	0.0357907086720608	0.214605825747453	"contrasts can be applied only to factors with 2 or more levels"	"abundance"	30	3
"MGYG000328872"	"Genotype"	"MUT"	"GenotypeMUT"	NA	NA	NA	NA	NA	0.0318907427609624	0.209732500699753	"contrasts can be applied only to factors with 2 or more levels"	"abundance"	30	6
"MGYG000329350"	"Sequencing_Depth"	"Sequencing_Depth"	"Sequencing_Depth"	1.19863391581225	NA	NA	NA	NA	0.0494186114074027	0.230142935180456	"Fitting error (NA p-value returned from fitting procedure)"	"abundance"	30	3
"MGYG000329824"	"Genotype"	"MUT"	"GenotypeMUT"	NA	NA	NA	NA	NA	0.0347534514537957	0.213818153407636	"contrasts can be applied only to factors with 2 or more levels"	"abundance"	30	6
"MGYG000330031"	"Sequencing_Depth"	"Sequencing_Depth"	"Sequencing_Depth"	NA	NA	NA	NA	NA	0.0539711733104246	0.233453434553686	"contrasts can be applied only to factors with 2 or more levels"	"abundance"	30	2
"MGYG000330463"	"Sequencing_Depth"	"Sequencing_Depth"	"Sequencing_Depth"	NA	NA	NA	NA	NA	0.0539711733104246	0.233453434553686	"contrasts can be applied only to factors with 2 or more levels"	"abundance"	30	2
"MGYG000330830"	"Genotype"	"MUT"	"GenotypeMUT"	NA	NA	NA	NA	NA	0.00699502349307694	0.209732500699753	"contrasts can be applied only to factors with 2 or more levels"	"abundance"	30	8
"MGYG000330830"	"Sex"	"M"	"SexM"	NA	NA	NA	NA	NA	0.0209347020097247	0.209732500699753	"contrasts can be applied only to factors with 2 or more levels"	"abundance"	30	8
"MGYG000330847"	"Sequencing_Depth"	"Sequencing_Depth"	"Sequencing_Depth"	NA	NA	NA	NA	NA	0.0410781537714931	0.219156788269111	"No data points have the baseline factor level"	"abundance"	30	4
"MGYG000331207"	"Sequencing_Depth"	"Sequencing_Depth"	"Sequencing_Depth"	NA	NA	NA	NA	NA	0.0208575771268944	0.209732500699753	"contrasts can be applied only to factors with 2 or more levels"	"abundance"	30	5
"MGYG000339089"	"Sequencing_Depth"	"Sequencing_Depth"	"Sequencing_Depth"	-0.450048758623414	NA	NA	NA	NA	0.0365541535569574	0.214605825747453	"Fitting error (NA p-value returned from fitting procedure)"	"abundance"	30	3
"MGYG000346441"	"Sequencing_Depth"	"Sequencing_Depth"	"Sequencing_Depth"	NA	NA	NA	NA	NA	0.0615512683572832	0.244624192135946	"contrasts can be applied only to factors with 2 or more levels"	"abundance"	30	4
"MGYG000349464"	"Genotype"	"MUT"	"GenotypeMUT"	NA	NA	NA	NA	NA	0.0172442100667253	0.209732500699753	"contrasts can be applied only to factors with 2 or more levels"	"abundance"	30	7
"MGYG000350430"	"Sequencing_Depth"	"Sequencing_Depth"	"Sequencing_Depth"	NA	NA	NA	NA	NA	0.0168014117721989	0.209732500699753	"contrasts can be applied only to factors with 2 or more levels"	"abundance"	30	4
"MGYG000369368"	"Genotype"	"MUT"	"GenotypeMUT"	NA	NA	NA	NA	NA	0.0209884858574154	0.209732500699753	"No data points have the baseline factor level"	"abundance"	30	6
"MGYG000369368"	"Sex"	"M"	"SexM"	NA	NA	NA	NA	NA	0.0338049386884225	0.213769047569047	"No data points have the baseline factor level"	"abundance"	30	6
"MGYG000377617"	"Sequencing_Depth"	"Sequencing_Depth"	"Sequencing_Depth"	NA	NA	NA	NA	NA	0.0539711733104246	0.233453434553686	"contrasts can be applied only to factors with 2 or more levels"	"abundance"	30	2
"MGYG000387335"	"Genotype"	"MUT"	"GenotypeMUT"	NA	NA	NA	NA	NA	0.0221152392346535	0.209732500699753	"No data points have the baseline factor level"	"abundance"	30	6
"MGYG000387335"	"Sequencing_Depth"	"Sequencing_Depth"	"Sequencing_Depth"	NA	NA	NA	NA	NA	0.045283699666656	0.223857812935463	"No data points have the baseline factor level"	"abundance"	30	6
"MGYG000387732"	"Sequencing_Depth"	"Sequencing_Depth"	"Sequencing_Depth"	NA	NA	NA	NA	NA	0.0357907086720608	0.214605825747453	"contrasts can be applied only to factors with 2 or more levels"	"abundance"	30	3
"MGYG000393816"	"Genotype"	"MUT"	"GenotypeMUT"	NA	NA	NA	NA	NA	0.014067796038041	0.209732500699753	"No data points have the baseline factor level"	"abundance"	30	8
"MGYG000393816"	"Sequencing_Depth"	"Sequencing_Depth"	"Sequencing_Depth"	NA	NA	NA	NA	NA	0.0320285527796013	0.209732500699753	"No data points have the baseline factor level"	"abundance"	30	8
"MGYG000410149"	"Sequencing_Depth"	"Sequencing_Depth"	"Sequencing_Depth"	-0.401555356959422	NA	NA	NA	NA	0.0225589262206647	0.209732500699753	"Fitting error (NA p-value returned from fitting procedure)"	"abundance"	30	4
"MGYG000410441"	"Genotype"	"MUT"	"GenotypeMUT"	NA	NA	NA	NA	NA	0.0386745185484245	0.216292850780055	"No data points have the baseline factor level"	"abundance"	30	5
"MGYG000410441"	"Sex"	"M"	"SexM"	NA	NA	NA	NA	NA	0.0490609216070452	0.230142935180456	"No data points have the baseline factor level"	"abundance"	30	5
"MGYG000410493"	"Sequencing_Depth"	"Sequencing_Depth"	"Sequencing_Depth"	NA	NA	NA	NA	NA	0.0134253457538393	0.209732500699753	"contrasts can be applied only to factors with 2 or more levels"	"abundance"	30	5
"MGYG000410549"	"Sequencing_Depth"	"Sequencing_Depth"	"Sequencing_Depth"	-0.463137344305706	NA	NA	NA	NA	0.0414018894409564	0.219408566715473	"Fitting error (NA p-value returned from fitting procedure)"	"abundance"	30	4
"MGYG000410602"	"Sequencing_Depth"	"Sequencing_Depth"	"Sequencing_Depth"	NA	NA	NA	NA	NA	0.0343342407252082	0.213818153407636	"contrasts can be applied only to factors with 2 or more levels"	"abundance"	30	4
"MGYG000410806"	"Sequencing_Depth"	"Sequencing_Depth"	"Sequencing_Depth"	-2.59220020986188	NA	NA	NA	NA	0.0390505470424989	0.216292850780055	"Fitting error (NA p-value returned from fitting procedure)"	"abundance"	30	4
"MGYG000410809"	"Sequencing_Depth"	"Sequencing_Depth"	"Sequencing_Depth"	NA	NA	NA	NA	NA	0.0511808568930078	0.23197887818648	"contrasts can be applied only to factors with 2 or more levels"	"abundance"	30	4
"MGYG000410939"	"Sequencing_Depth"	"Sequencing_Depth"	"Sequencing_Depth"	-2.56249064304664	NA	NA	NA	NA	0.0388406290650774	0.216292850780055	"Fitting error (NA p-value returned from fitting procedure)"	"abundance"	30	3
"MGYG000410975"	"Genotype"	"MUT"	"GenotypeMUT"	NA	NA	NA	NA	NA	0.028193437583261	0.209732500699753	"No data points have the baseline factor level"	"abundance"	30	6
"MGYG000410975"	"Sequencing_Depth"	"Sequencing_Depth"	"Sequencing_Depth"	NA	NA	NA	NA	NA	0.0235435297028057	0.209732500699753	"No data points have the baseline factor level"	"abundance"	30	6
"MGYG000411369"	"Genotype"	"MUT"	"GenotypeMUT"	NA	NA	NA	NA	NA	0.0495328396557851	0.230244533586546	"No data points have the baseline factor level"	"abundance"	30	5
"MGYG000411369"	"Sequencing_Depth"	"Sequencing_Depth"	"Sequencing_Depth"	NA	NA	NA	NA	NA	0.0493754503255841	0.230142935180456	"No data points have the baseline factor level"	"abundance"	30	5
"MGYG000411499"	"Sequencing_Depth"	"Sequencing_Depth"	"Sequencing_Depth"	-2.52868643610155	NA	NA	NA	NA	0.0329890670764726	0.210735140050016	"Fitting error (NA p-value returned from fitting procedure)"	"abundance"	30	3
"MGYG000411571"	"Genotype"	"MUT"	"GenotypeMUT"	NA	NA	NA	NA	NA	0.0178807517717247	0.209732500699753	"No data points have the baseline factor level"	"abundance"	30	6
"MGYG000411571"	"Sex"	"M"	"SexM"	NA	NA	NA	NA	NA	0.0128695098021691	0.209732500699753	"No data points have the baseline factor level"	"abundance"	30	6
"Oscillibacter sp002455655"	"Sequencing_Depth"	"Sequencing_Depth"	"Sequencing_Depth"	NA	NA	NA	NA	NA	0.0539711733104246	0.233453434553686	"contrasts can be applied only to factors with 2 or more levels"	"abundance"	30	2
"Prevotella faecis"	"Sequencing_Depth"	"Sequencing_Depth"	"Sequencing_Depth"	-0.713430929860277	NA	NA	NA	NA	0.0419501580734981	0.219934005248547	"Fitting error (NA p-value returned from fitting procedure)"	"abundance"	30	4
"QAKD01 sp022793975"	"Sequencing_Depth"	"Sequencing_Depth"	"Sequencing_Depth"	NA	NA	NA	NA	NA	0.0206385531339787	0.209732500699753	"contrasts can be applied only to factors with 2 or more levels"	"abundance"	30	4
"QXXE01 sp910586105"	"Sequencing_Depth"	"Sequencing_Depth"	"Sequencing_Depth"	NA	NA	NA	NA	NA	0.0357907086720608	0.214605825747453	"contrasts can be applied only to factors with 2 or more levels"	"abundance"	30	3
"QXXE01 sp910589115"	"Sequencing_Depth"	"Sequencing_Depth"	"Sequencing_Depth"	NA	NA	NA	NA	NA	0.0416537234824077	0.219408566715473	"contrasts can be applied only to factors with 2 or more levels"	"abundance"	30	5
"Robinsoniella sp900555455"	"Sequencing_Depth"	"Sequencing_Depth"	"Sequencing_Depth"	NA	NA	NA	NA	NA	0.0539711733104246	0.233453434553686	"contrasts can be applied only to factors with 2 or more levels"	"abundance"	30	2
"RUG572 sp900547945"	"Sequencing_Depth"	"Sequencing_Depth"	"Sequencing_Depth"	-2.38958066095146	NA	NA	NA	NA	0.0407579209087646	0.218618643582749	"Fitting error (NA p-value returned from fitting procedure)"	"abundance"	30	2
"Ruthenibacterium lactatiformans"	"Sequencing_Depth"	"Sequencing_Depth"	"Sequencing_Depth"	NA	NA	NA	NA	NA	0.032150151361914	0.209732500699753	"contrasts can be applied only to factors with 2 or more levels"	"abundance"	30	4
"UBA3282 sp910586615"	"Genotype"	"MUT"	"GenotypeMUT"	NA	NA	NA	NA	NA	0.0412940185002668	0.219368970348432	"No data points have the baseline factor level"	"abundance"	30	5
"UBA3282 sp910586615"	"Sequencing_Depth"	"Sequencing_Depth"	"Sequencing_Depth"	NA	NA	NA	NA	NA	0.0359598972279442	0.214605825747453	"No data points have the baseline factor level"	"abundance"	30	5
"UBA3818 sp910583935"	"Sequencing_Depth"	"Sequencing_Depth"	"Sequencing_Depth"	NA	NA	NA	NA	NA	0.0390502710387182	0.216292850780055	"contrasts can be applied only to factors with 2 or more levels"	"abundance"	30	8
"UBA3818 sp910583935"	"Sex"	"M"	"SexM"	NA	NA	NA	NA	NA	0.0128505285775319	0.209732500699753	"contrasts can be applied only to factors with 2 or more levels"	"abundance"	30	8
"UBA7177 sp910579545"	"Sequencing_Depth"	"Sequencing_Depth"	"Sequencing_Depth"	NA	NA	NA	NA	NA	0.0314817781582156	0.209732500699753	"contrasts can be applied only to factors with 2 or more levels"	"abundance"	30	7
"UBA7177 sp910579545"	"Sex"	"M"	"SexM"	NA	NA	NA	NA	NA	0.02295430514414	0.209732500699753	"contrasts can be applied only to factors with 2 or more levels"	"abundance"	30	7
"UBA7185 sp910585405"	"Sex"	"M"	"SexM"	NA	NA	NA	NA	NA	0.0182552780729712	0.209732500699753	"No data points have the baseline factor level"	"abundance"	30	8
"VSOB01 sp910585205"	"Sequencing_Depth"	"Sequencing_Depth"	"Sequencing_Depth"	-0.448939631955546	NA	NA	NA	NA	0.0160809785280741	0.209732500699753	"Fitting error (NA p-value returned from fitting procedure)"	"abundance"	30	3
"1XD8-76 sp910578085"	"Sex"	"M"	"SexM"	NA	0	NA	NA	NA	0.00581906253704634	0.209732500699753	"All logistic values are the same"	"prevalence"	30	30
"Acutalibacter muris"	"Genotype"	"MUT"	"GenotypeMUT"	NA	0	NA	NA	NA	0.0308106450615404	0.209732500699753	"All logistic values are the same"	"prevalence"	30	30
"Acutalibacter muris"	"Sex"	"M"	"SexM"	NA	0	NA	NA	NA	0.0433466475982551	0.222074775928497	"All logistic values are the same"	"prevalence"	30	30
"Akkermansia muciniphila_A"	"Sex"	"M"	"SexM"	NA	0	NA	NA	NA	0.0443975793972269	0.223065288915692	"All logistic values are the same"	"prevalence"	30	30
"Alistipes finegoldii"	"Sequencing_Depth"	"Sequencing_Depth"	"Sequencing_Depth"	NA	0	NA	NA	NA	0.0277705563432753	0.209732500699753	"All logistic values are the same"	"prevalence"	30	30
"Choladocola sp910583615"	"Sex"	"M"	"SexM"	NA	0	NA	NA	NA	0.0501066885324504	0.23197887818648	"All logistic values are the same"	"prevalence"	30	30
"Desulfovibrio sp009773975"	"Sequencing_Depth"	"Sequencing_Depth"	"Sequencing_Depth"	NA	0	NA	NA	NA	0.0015929390125109	0.103085910381062	"All logistic values are the same"	"prevalence"	30	30
"Desulfovibrio sp009773975"	"Sex"	"M"	"SexM"	NA	0	NA	NA	NA	0.0345217759499805	0.213818153407636	"All logistic values are the same"	"prevalence"	30	30
"Faecalibaculum rodentium"	"Sequencing_Depth"	"Sequencing_Depth"	"Sequencing_Depth"	NA	0	NA	NA	NA	0.0013690574523394	0.0921893687163136	"All logistic values are the same"	"prevalence"	30	30
"Faecalibaculum rodentium"	"Sex"	"M"	"SexM"	NA	0	NA	NA	NA	0.000204942112698947	0.0319133296118392	"All logistic values are the same"	"prevalence"	30	30
"JAGBWK01 sp001915385"	"Sex"	"M"	"SexM"	NA	0	NA	NA	NA	0.0133716029605697	0.209732500699753	"All logistic values are the same"	"prevalence"	30	30
"Lawsonibacter sp910588635"	"Genotype"	"MUT"	"GenotypeMUT"	NA	0	NA	NA	NA	0.0473784459935391	0.226570821867376	"All logistic values are the same"	"prevalence"	30	30
"MD308 sp010206225"	"Genotype"	"MUT"	"GenotypeMUT"	NA	0	NA	NA	NA	5.61105641772031e-06	0.00279598941295003	"All logistic values are the same"	"prevalence"	30	30
"MGYG000326975"	"Sex"	"M"	"SexM"	NA	0	NA	NA	NA	0.0012529204827354	0.0882777456854244	"All logistic values are the same"	"prevalence"	30	30
"Schaedlerella sp910574865"	"Genotype"	"MUT"	"GenotypeMUT"	NA	0	NA	NA	NA	0.0257663341965986	0.209732500699753	"All logistic values are the same"	"prevalence"	30	30
"UBA3282 sp910577735"	"Sex"	"M"	"SexM"	NA	0	NA	NA	NA	0.000482764251366619	0.0534580947679969	"All logistic values are the same"	"prevalence"	30	30
"UBA7109 sp910576335"	"Sex"	"M"	"SexM"	NA	0	NA	NA	NA	0.046780570490265	0.225493727004611	"All logistic values are the same"	"prevalence"	30	30
"VSOB01 sp009774625"	"Sex"	"M"	"SexM"	NA	0	NA	NA	NA	0.0599055603624747	0.24266831531376	"All logistic values are the same"	"prevalence"	30	30
