"feature"	"metadata"	"value"	"name"	"coef"	"null_hypothesis"	"stderr"	"pval_individual"	"qval_individual"	"pval_joint"	"qval_joint"	"error"	"model"	"N"	"N_not_zero"
"Akkermansia_muciniphila"	"Sequencing_Depth"	"Sequencing_Depth"	"Sequencing_Depth"	1.37277502817778	-0.276689594427632	0.874099200944652	0.085156896196882	0.73857894527827	0.163062095423878	0.802978798198283	NA	"abundance"	20	16
"Akkermansia_muciniphila"	"Sex"	"M"	"SexM"	4.61055893542021	0.526954274031105	1.55397630507817	0.0232647377205841	0.73857894527827	0.0459882274199607	0.802978798198283	NA	"abundance"	20	16
"Caniella_muris"	"Genotype"	"MUT"	"GenotypeMUT"	2.52605025040789	0.308393966932753	1.27884790481008	0.131840216847352	0.73857894527827	0.246298590916347	0.802978798198283	NA	"abundance"	20	11
"Caniella_muris"	"Sex"	"M"	"SexM"	-3.00024814283605	0.526954274031105	1.36215093083458	0.0375114189145973	0.73857894527827	0.0736157312802082	0.802978798198283	NA	"abundance"	20	11
"Clostridia_bacterium"	"Genotype"	"MUT"	"GenotypeMUT"	1.2645777956912	0.308393966932753	0.421143620392569	0.117863006556772	0.73857894527827	0.221834324798942	0.802978798198283	NA	"abundance"	20	8
"Clostridia_bacterium"	"Sex"	"M"	"SexM"	-0.777434476562431	0.526954274031105	0.481361627202538	0.0687338268201785	0.73857894527827	0.132743314691011	0.802978798198283	NA	"abundance"	20	8
"Duncaniella_muricolitica"	"Genotype"	"MUT"	"GenotypeMUT"	2.04166435091462	0.308393966932753	0.798458249867578	0.065849531518082	0.73857894527827	0.127362902235013	0.802978798198283	NA	"abundance"	20	13
"Eubacteriaceae_bacterium"	"Sex"	"M"	"SexM"	-1.24760371585529	0.526954274031105	0.731907857217523	0.0801171009085277	0.73857894527827	0.114487281542371	0.802978798198283	NA	"abundance"	20	8
"GGB14001_SGB21428"	"Genotype"	"MUT"	"GenotypeMUT"	1.82369850855629	0.308393966932753	0.832281797421629	0.103898457972836	0.73857894527827	0.197002026376539	0.802978798198283	NA	"abundance"	20	16
"GGB18828_SGB27767"	"Sex"	"M"	"SexM"	1.46430308413343	0.526954274031105	0.529442064205028	0.151536024979507	0.73857894527827	0.280108883092424	0.802978798198283	NA	"abundance"	20	10
"GGB22635_SGB63107"	"Sex"	"M"	"SexM"	-1.89969701040081	0.526954274031105	0.619938094798605	0.0142121266091119	0.73857894527827	0.0282222686754703	0.802978798198283	NA	"abundance"	20	9
"GGB24146_SGB35950"	"Genotype"	"MUT"	"GenotypeMUT"	-1.80068092658502	0.308393966932753	1.04238668370757	0.0784622694052239	0.73857894527827	0.15076821109023	0.802978798198283	NA	"abundance"	20	13
"GGB24146_SGB35950"	"Sequencing_Depth"	"Sequencing_Depth"	"Sequencing_Depth"	0.609698087816027	-0.276689594427632	0.51669600392062	0.125504300142127	0.73857894527827	0.235257270930089	0.802978798198283	NA	"abundance"	20	13
"GGB24148_SGB35952"	"Sequencing_Depth"	"Sequencing_Depth"	"Sequencing_Depth"	-1.23135345880569	-0.276689594427632	0.549184761245274	0.11676546872182	0.73857894527827	0.219896762757814	0.802978798198283	NA	"abundance"	20	14
"GGB27849_SGB40283"	"Genotype"	"MUT"	"GenotypeMUT"	-3.04283043144253	0.308393966932753	1.76119860586867	0.0949367912030747	0.73857894527827	0.180860588082213	0.802978798198283	NA	"abundance"	20	12
"GGB27860_SGB40294"	"Genotype"	"MUT"	"GenotypeMUT"	-1.07903813629564	0.308393966932753	0.83834361670317	0.144992062527154	0.73857894527827	0.26896142685843	0.802978798198283	NA	"abundance"	20	12
"GGB27861_SGB40295"	"Genotype"	"MUT"	"GenotypeMUT"	4.19785259096149	0.308393966932753	0.905055430065035	0.00884038179377744	0.73857894527827	0.0176026112372951	0.802978798198283	NA	"abundance"	20	9
"GGB27861_SGB40295"	"Sequencing_Depth"	"Sequencing_Depth"	"Sequencing_Depth"	-2.6118258365721	-0.276689594427632	0.43544683311222	0.00342330096032706	0.73857894527827	0.00683488293118914	0.802978798198283	NA	"abundance"	20	9
"GGB27884_SGB40318"	"Genotype"	"MUT"	"GenotypeMUT"	-2.37331242134613	0.308393966932753	1.27911470298126	0.0767402974634109	0.73857894527827	0.147591521672049	0.802978798198283	NA	"abundance"	20	11
"GGB27884_SGB40318"	"Sequencing_Depth"	"Sequencing_Depth"	"Sequencing_Depth"	0.802989257399711	-0.276689594427632	0.624286199752821	0.130665361716243	0.73857894527827	0.24425728668005	0.802978798198283	NA	"abundance"	20	11
"GGB27919_SGB40357"	"Genotype"	"MUT"	"GenotypeMUT"	-2.56347144508123	0.308393966932753	0.808773214831272	0.0112218979045289	0.73857894527827	0.0223178648164781	0.802978798198283	NA	"abundance"	20	11
"GGB27919_SGB40357"	"Sequencing_Depth"	"Sequencing_Depth"	"Sequencing_Depth"	0.870543796316763	-0.276689594427632	0.428151100708274	0.0356900346150928	0.73857894527827	0.0701062906593591	0.802978798198283	NA	"abundance"	20	11
"GGB28310_SGB40880"	"Sex"	"M"	"SexM"	-1.18002100067439	0.526954274031105	0.591382974603545	0.0191228467933662	0.73857894527827	0.0378800103172498	0.802978798198283	NA	"abundance"	20	16
"GGB30045_SGB42945"	"Sex"	"M"	"SexM"	-1.28754911060191	0.526954274031105	0.543334586154483	0.014806471781321	0.73857894527827	0.0293937119560309	0.802978798198283	NA	"abundance"	20	12
"GGB30046_SGB42947"	"Sex"	"M"	"SexM"	-0.766267371738676	0.526954274031105	0.724559411299416	0.145554685493775	0.73857894527827	0.192290216685345	0.802978798198283	NA	"abundance"	20	9
"GGB30861_SGB44083"	"Genotype"	"MUT"	"GenotypeMUT"	1.37150470408572	0.308393966932753	0.569141336471563	0.116172872542219	0.73857894527827	0.218849608769728	0.802978798198283	NA	"abundance"	20	13
"GGB42598_SGB59794"	"Sequencing_Depth"	"Sequencing_Depth"	"Sequencing_Depth"	-1.45628187786742	-0.276689594427632	0.627157510027606	0.1224563658986	0.73857894527827	0.229917170248108	0.802978798198283	NA	"abundance"	20	9
"GGB46159_SGB63927"	"Sex"	"M"	"SexM"	2.5864639298435	0.526954274031105	1.04434865001626	0.0785324218836494	0.73857894527827	0.150897502480387	0.802978798198283	NA	"abundance"	20	15
"GGB70852_SGB95305"	"Sex"	"M"	"SexM"	3.10569934407863	0.526954274031105	1.07438475924044	0.0510002040634769	0.73857894527827	0.0993993873124376	0.802978798198283	NA	"abundance"	20	11
"GGB75879_SGB103683"	"Sex"	"M"	"SexM"	3.43253343056637	0.526954274031105	1.23663260583514	0.0598736284865613	0.73857894527827	0.116162405584976	0.802978798198283	NA	"abundance"	20	10
"GGB9439_SGB42949"	"Sex"	"M"	"SexM"	-0.429332582898501	0.526954274031105	0.562896033279742	0.148078411292865	0.73857894527827	0.274229606694712	0.802978798198283	NA	"abundance"	20	12
"Lachnospiraceae_bacterium"	"Genotype"	"MUT"	"GenotypeMUT"	1.8961848827236	0.308393966932753	0.872529378772194	0.10354483571343	0.73857894527827	0.196368138423939	0.802978798198283	NA	"abundance"	20	16
"Lepagella_muris"	"Genotype"	"MUT"	"GenotypeMUT"	-1.7024535507235	0.308393966932753	1.03954748556763	0.0988603654448301	0.73857894527827	0.187947359033775	0.802978798198283	NA	"abundance"	20	11
"Muribaculaceae_bacterium"	"Genotype"	"MUT"	"GenotypeMUT"	-1.35685953180183	0.308393966932753	0.986201266610805	0.135991126833279	0.73857894527827	0.253488667089172	0.802978798198283	NA	"abundance"	20	12
"Muribaculum_gordoncarteri"	"Sequencing_Depth"	"Sequencing_Depth"	"Sequencing_Depth"	0.260967434770629	-0.276689594427632	0.269351781870122	0.0941068274116097	0.73857894527827	0.179357559857741	0.802978798198283	NA	"abundance"	20	13
"Muribaculum_gordoncarteri"	"Sex"	"M"	"SexM"	-0.34346573408845	0.526954274031105	0.4290610090487	0.101568312474101	0.73857894527827	0.182662460315781	0.802978798198283	NA	"abundance"	20	13
"Muribaculum_intestinale"	"Sequencing_Depth"	"Sequencing_Depth"	"Sequencing_Depth"	0.426840263898329	-0.276689594427632	0.421659435380016	0.134571209446473	0.73857894527827	0.251033008481059	0.802978798198283	NA	"abundance"	20	14
"Muricaecibacterium_torontonense"	"Sex"	"M"	"SexM"	-0.381285251123366	0.526954274031105	0.522509853708614	0.132654980075948	0.73857894527827	0.247712616412945	0.802978798198283	NA	"abundance"	20	15
"Acutalibacter_intestini"	"Sequencing_Depth"	"Sequencing_Depth"	"Sequencing_Depth"	1.37407501160578	0	0.895340370853519	0.124858594112671	0.73857894527827	0.124858594112671	0.802978798198283	NA	"prevalence"	20	4
"Acutalibacter_muris"	"Sequencing_Depth"	"Sequencing_Depth"	"Sequencing_Depth"	1.99235875207069	0	1.05946515579953	0.0600355292659199	0.73857894527827	0.0600355292659199	0.802978798198283	NA	"prevalence"	20	4
"Adlercreutzia_aquisgranensis"	"Genotype"	"MUT"	"GenotypeMUT"	-1.92904828808053	0	1.31006183129363	0.140889564877394	0.73857894527827	0.261929260263446	0.802978798198283	NA	"prevalence"	20	11
"Adlercreutzia_caecimuris"	"Genotype"	"MUT"	"GenotypeMUT"	-2.28735909830527	0	1.58764513063478	0.149662555174961	0.73857894527827	0.276926229928424	0.802978798198283	NA	"prevalence"	20	13
"Adlercreutzia_caecimuris"	"Sex"	"M"	"SexM"	-2.99488892735112	0	1.79884051136708	0.0959327792225743	0.73857894527827	0.182662460315781	0.802978798198283	NA	"prevalence"	20	13
"Adlercreutzia_mucosicola"	"Sequencing_Depth"	"Sequencing_Depth"	"Sequencing_Depth"	1.58778233711265	0	1.04925732710972	0.130217695753927	0.73857894527827	0.243478743220391	0.802978798198283	NA	"prevalence"	20	9
"Bacillota_unclassified_SGB43543"	"Sequencing_Depth"	"Sequencing_Depth"	"Sequencing_Depth"	2.11295081559701	0	1.14331266112305	0.0645885499861723	0.73857894527827	0.0645885499861723	0.802978798198283	NA	"prevalence"	20	3
"Bacillota_unclassified_SGB63211"	"Sequencing_Depth"	"Sequencing_Depth"	"Sequencing_Depth"	1.99235875207069	0	1.05946515579953	0.0600355292659199	0.73857894527827	0.0600355292659199	0.802978798198283	NA	"prevalence"	20	4
"Bacteroidales_bacterium"	"Sequencing_Depth"	"Sequencing_Depth"	"Sequencing_Depth"	1.45780671255664	0	1.01618130173379	0.151403073915091	0.73857894527827	0.279883257039244	0.802978798198283	NA	"prevalence"	20	12
"Bifidobacterium_pseudolongum"	"Genotype"	"MUT"	"GenotypeMUT"	-1.68029055650606	0	1.17058279870116	0.151164385812386	0.73857894527827	0.279478100086736	0.802978798198283	NA	"prevalence"	20	16
"Clostridiaceae_bacterium"	"Sequencing_Depth"	"Sequencing_Depth"	"Sequencing_Depth"	1.55569032320163	0	0.958919595252614	0.104731303354977	0.73857894527827	0.198493960807522	0.802978798198283	NA	"prevalence"	20	7
"Coriobacteriaceae_bacterium"	"Sex"	"M"	"SexM"	-3.17974097686895	0	1.70702176084492	0.062498586250958	0.73857894527827	0.121091099218548	0.802978798198283	NA	"prevalence"	20	12
"Duncaniella_dubosii"	"Genotype"	"MUT"	"GenotypeMUT"	-2.41460564335817	0	1.49734916655164	0.106834287487953	0.73857894527827	0.202255009992848	0.802978798198283	NA	"prevalence"	20	11
"Duncaniella_dubosii"	"Sex"	"M"	"SexM"	-2.93710716912981	0	1.68476917237927	0.0812761404794029	0.73857894527827	0.155946469947578	0.802978798198283	NA	"prevalence"	20	11
"Duncaniella_muris"	"Sequencing_Depth"	"Sequencing_Depth"	"Sequencing_Depth"	1.45780671255664	0	1.01618130173379	0.151403073915091	0.73857894527827	0.279883257039244	0.802978798198283	NA	"prevalence"	20	12
"Eubacteriaceae_bacterium"	"Sex"	"M"	"SexM"	-2.55770545828119	0	1.35448806251278	0.0589831465602598	0.73857894527827	0.114487281542371	0.802978798198283	NA	"prevalence"	20	8
"GGB1503_SGB2082"	"Genotype"	"MUT"	"GenotypeMUT"	-2.76931836552525	0	1.47729995306924	0.0608503944635048	0.73857894527827	0.117998018420646	0.802978798198283	NA	"prevalence"	20	12
"GGB1503_SGB2082"	"Sex"	"M"	"SexM"	-2.64871360800562	0	1.75087049177924	0.130330943667847	0.73857894527827	0.243675732458343	0.802978798198283	NA	"prevalence"	20	12
"GGB18828_SGB27767"	"Genotype"	"MUT"	"GenotypeMUT"	-2.29645441191916	0	1.38472568813363	0.0972330668359346	0.73857894527827	0.185011864385548	0.802978798198283	NA	"prevalence"	20	10
"GGB22635_SGB63107"	"Sex"	"M"	"SexM"	-2.11883688028783	0	1.29298913744047	0.101273243240942	0.73857894527827	0.0282222686754703	0.802978798198283	NA	"prevalence"	20	9
"GGB24132_SGB35935"	"Genotype"	"MUT"	"GenotypeMUT"	-2.28735909830527	0	1.58764513063478	0.149662555174961	0.73857894527827	0.276926229928424	0.802978798198283	NA	"prevalence"	20	13
"GGB24132_SGB35935"	"Sex"	"M"	"SexM"	-2.99488892735112	0	1.79884051136708	0.0959327792225743	0.73857894527827	0.182662460315781	0.802978798198283	NA	"prevalence"	20	13
"GGB24146_SGB35950"	"Genotype"	"MUT"	"GenotypeMUT"	-2.28735909830527	0	1.58764513063478	0.149662555174961	0.73857894527827	0.15076821109023	0.802978798198283	NA	"prevalence"	20	13
"GGB24146_SGB35950"	"Sex"	"M"	"SexM"	-2.99488892735112	0	1.79884051136708	0.0959327792225743	0.73857894527827	0.182662460315781	0.802978798198283	NA	"prevalence"	20	13
"GGB27478_SGB39772"	"Sequencing_Depth"	"Sequencing_Depth"	"Sequencing_Depth"	1.83128729771786	0	1.09460074699804	0.0943236545425738	0.73857894527827	0.0943236545425738	0.802978798198283	NA	"prevalence"	20	3
"GGB27849_SGB40283"	"Sequencing_Depth"	"Sequencing_Depth"	"Sequencing_Depth"	1.45780671255664	0	1.01618130173379	0.151403073915091	0.73857894527827	0.279883257039244	0.802978798198283	NA	"prevalence"	20	12
"GGB27860_SGB40294"	"Sequencing_Depth"	"Sequencing_Depth"	"Sequencing_Depth"	1.45780671255664	0	1.01618130173379	0.151403073915091	0.73857894527827	0.279883257039244	0.802978798198283	NA	"prevalence"	20	12
"GGB27861_SGB40295"	"Genotype"	"MUT"	"GenotypeMUT"	-4.36894226656574	0	2.69136381182068	0.104521209735901	0.73857894527827	0.0176026112372951	0.802978798198283	NA	"prevalence"	20	9
"GGB27861_SGB40295"	"Sequencing_Depth"	"Sequencing_Depth"	"Sequencing_Depth"	2.80557496963414	0	1.63765255384578	0.0866815224018846	0.73857894527827	0.00683488293118914	0.802978798198283	NA	"prevalence"	20	9
"GGB27866_SGB40300"	"Genotype"	"MUT"	"GenotypeMUT"	-3.76731818068747	0	2.45451480080738	0.124820063235628	0.73857894527827	0.23406007828511	0.802978798198283	NA	"prevalence"	20	10
"GGB27866_SGB40300"	"Sequencing_Depth"	"Sequencing_Depth"	"Sequencing_Depth"	3.00257158696464	0	1.65377601228583	0.0694339945038373	0.73857894527827	0.134046909414916	0.802978798198283	NA	"prevalence"	20	10
"GGB27876_SGB40310"	"Sex"	"M"	"SexM"	-3.17974097686895	0	1.70702176084492	0.062498586250958	0.73857894527827	0.121091099218548	0.802978798198283	NA	"prevalence"	20	12
"GGB27884_SGB40318"	"Genotype"	"MUT"	"GenotypeMUT"	-1.92904828808053	0	1.31006183129363	0.140889564877394	0.73857894527827	0.147591521672049	0.802978798198283	NA	"prevalence"	20	11
"GGB27885_SGB40319"	"Genotype"	"MUT"	"GenotypeMUT"	-4.6842918085444	0	2.74385813297253	0.0877864287265022	0.73857894527827	0.167866400384451	0.802978798198283	NA	"prevalence"	20	10
"GGB27885_SGB40319"	"Sequencing_Depth"	"Sequencing_Depth"	"Sequencing_Depth"	2.60337980592099	0	1.61328578228572	0.106589751177174	0.73857894527827	0.201818127298336	0.802978798198283	NA	"prevalence"	20	10
"GGB27919_SGB40357"	"Genotype"	"MUT"	"GenotypeMUT"	-2.41460564335817	0	1.49734916655164	0.106834287487953	0.73857894527827	0.0223178648164781	0.802978798198283	NA	"prevalence"	20	11
"GGB27919_SGB40357"	"Sex"	"M"	"SexM"	-2.93710716912981	0	1.68476917237927	0.0812761404794029	0.73857894527827	0.155946469947578	0.802978798198283	NA	"prevalence"	20	11
"GGB28765_SGB41414"	"Genotype"	"MUT"	"GenotypeMUT"	2.68306108172201	0	1.86067387877794	0.14930702088499	0.73857894527827	0.14930702088499	0.802978798198283	NA	"prevalence"	20	2
"GGB28778_SGB41431"	"Sex"	"M"	"SexM"	-2.85738002467375	0	1.89983772857654	0.132578103103419	0.73857894527827	0.132578103103419	0.802978798198283	NA	"prevalence"	20	4
"GGB28901_SGB41592"	"Sequencing_Depth"	"Sequencing_Depth"	"Sequencing_Depth"	1.83128729771786	0	1.09460074699804	0.0943236545425738	0.73857894527827	0.0943236545425738	0.802978798198283	NA	"prevalence"	20	3
"GGB28934_SGB41635"	"Sequencing_Depth"	"Sequencing_Depth"	"Sequencing_Depth"	1.8549263404427	0	1.27385667662118	0.145351170898143	0.73857894527827	0.145351170898143	0.802978798198283	NA	"prevalence"	20	2
"GGB29531_SGB42317"	"Sequencing_Depth"	"Sequencing_Depth"	"Sequencing_Depth"	1.26776982220636	0	0.849802618161602	0.135741007243818	0.73857894527827	0.253056393440069	0.802978798198283	NA	"prevalence"	20	5
"GGB30045_SGB42945"	"Sequencing_Depth"	"Sequencing_Depth"	"Sequencing_Depth"	1.29103616481506	0	0.866217814712711	0.136111467987547	0.73857894527827	0.253696604257368	0.802978798198283	NA	"prevalence"	20	12
"GGB30046_SGB42947"	"Sex"	"M"	"SexM"	-2.11883688028783	0	1.29298913744047	0.101273243240942	0.73857894527827	0.192290216685345	0.802978798198283	NA	"prevalence"	20	9
"GGB30294_SGB43258"	"Sequencing_Depth"	"Sequencing_Depth"	"Sequencing_Depth"	1.96293159348724	0	1.15552249791776	0.0893682964564363	0.73857894527827	0.170749900501347	0.802978798198283	NA	"prevalence"	20	6
"GGB30298_SGB43262"	"Sex"	"M"	"SexM"	-2.6289961390225	0	1.54797708333279	0.0894430317898695	0.73857894527827	0.0894430317898695	0.802978798198283	NA	"prevalence"	20	5
"GGB30461_SGB43529"	"Sequencing_Depth"	"Sequencing_Depth"	"Sequencing_Depth"	1.75432587328911	0	1.17353816970356	0.134939727473196	0.73857894527827	0.134939727473196	0.802978798198283	NA	"prevalence"	20	4
"GGB30861_SGB44083"	"Sequencing_Depth"	"Sequencing_Depth"	"Sequencing_Depth"	2.20115524299406	0	1.52255436654717	0.148261660109123	0.73857894527827	0.274541800359933	0.802978798198283	NA	"prevalence"	20	13
"GGB3171_SGB4185"	"Sequencing_Depth"	"Sequencing_Depth"	"Sequencing_Depth"	1.84571875239406	0	1.17051364485336	0.114831162154855	0.73857894527827	0.114831162154855	0.802978798198283	NA	"prevalence"	20	4
"GGB32371_SGB41694"	"Sex"	"M"	"SexM"	-3.08789349886811	0	1.6676596498562	0.0640785531801001	0.73857894527827	0.0640785531801001	0.802978798198283	NA	"prevalence"	20	4
"GGB45514_SGB63186"	"Sequencing_Depth"	"Sequencing_Depth"	"Sequencing_Depth"	2.05845101824493	0	1.08023834465073	0.0567082730232975	0.73857894527827	0.0567082730232975	0.802978798198283	NA	"prevalence"	20	4
"GGB46162_SGB63930"	"Genotype"	"MUT"	"GenotypeMUT"	-1.92904828808053	0	1.31006183129363	0.140889564877394	0.73857894527827	0.261929260263446	0.802978798198283	NA	"prevalence"	20	11
"GGB70852_SGB95305"	"Genotype"	"MUT"	"GenotypeMUT"	-2.41460564335817	0	1.49734916655164	0.106834287487953	0.73857894527827	0.202255009992848	0.802978798198283	NA	"prevalence"	20	11
"GGB70852_SGB95305"	"Sex"	"M"	"SexM"	-2.93710716912981	0	1.68476917237927	0.0812761404794029	0.73857894527827	0.0993993873124376	0.802978798198283	NA	"prevalence"	20	11
"GGB75725_SGB102612"	"Sex"	"M"	"SexM"	-2.11883688028783	0	1.29298913744047	0.101273243240942	0.73857894527827	0.192290216685345	0.802978798198283	NA	"prevalence"	20	9
"GGB75726_SGB102611"	"Sequencing_Depth"	"Sequencing_Depth"	"Sequencing_Depth"	1.62935953283296	0	1.1199289939295	0.145703168430629	0.73857894527827	0.145703168430629	0.802978798198283	NA	"prevalence"	20	3
"GGB75879_SGB103683"	"Genotype"	"MUT"	"GenotypeMUT"	-1.8176428791145	0	1.24667223323121	0.144841700893492	0.73857894527827	0.268704283469264	0.802978798198283	NA	"prevalence"	20	10
"GGB9439_SGB42949"	"Sequencing_Depth"	"Sequencing_Depth"	"Sequencing_Depth"	1.29103616481506	0	0.866217814712711	0.136111467987547	0.73857894527827	0.253696604257368	0.802978798198283	NA	"prevalence"	20	12
"Lachnospiraceae_bacterium_A2"	"Sequencing_Depth"	"Sequencing_Depth"	"Sequencing_Depth"	1.62935953283296	0	1.1199289939295	0.145703168430629	0.73857894527827	0.145703168430629	0.802978798198283	NA	"prevalence"	20	3
"Lachnospiraceae_unclassified_SGB41405"	"Sequencing_Depth"	"Sequencing_Depth"	"Sequencing_Depth"	1.43105584508208	0	0.995547390948706	0.15058838820732	0.73857894527827	0.15058838820732	0.802978798198283	NA	"prevalence"	20	4
"Lachnospiraceae_unclassified_SGB7275"	"Sequencing_Depth"	"Sequencing_Depth"	"Sequencing_Depth"	1.37407501160578	0	0.895340370853519	0.124858594112671	0.73857894527827	0.124858594112671	0.802978798198283	NA	"prevalence"	20	4
"Lactobacillus_intestinalis"	"Sex"	"M"	"SexM"	-2.39945126426432	0	1.31607480954587	0.0682749835384458	0.73857894527827	0.131888493699717	0.802978798198283	NA	"prevalence"	20	8
"Lactobacillus_johnsonii"	"Sex"	"M"	"SexM"	-3.34045235981728	0	1.75131399510238	0.0564691015663976	0.73857894527827	0.109749443701079	0.802978798198283	NA	"prevalence"	20	12
"Lepagella_muris"	"Genotype"	"MUT"	"GenotypeMUT"	-1.92904828808053	0	1.31006183129363	0.140889564877394	0.73857894527827	0.187947359033775	0.802978798198283	NA	"prevalence"	20	11
"Ligilactobacillus_murinus"	"Sex"	"M"	"SexM"	-3.1218453588109	0	1.57858248649051	0.0479709432170146	0.73857894527827	0.0936406750408992	0.802978798198283	NA	"prevalence"	20	12
"Limosilactobacillus_reuteri"	"Sex"	"M"	"SexM"	-4.66101391884244	0	2.12109647859649	0.027987971775178	0.73857894527827	0.0551926169862679	0.802978798198283	NA	"prevalence"	20	11
"Muribaculaceae_bacterium"	"Sequencing_Depth"	"Sequencing_Depth"	"Sequencing_Depth"	1.45780671255664	0	1.01618130173379	0.151403073915091	0.73857894527827	0.279883257039244	0.802978798198283	NA	"prevalence"	20	12
"Muribaculum_gordoncarteri"	"Genotype"	"MUT"	"GenotypeMUT"	-2.28735909830527	0	1.58764513063478	0.149662555174961	0.73857894527827	0.276926229928424	0.802978798198283	NA	"prevalence"	20	13
"Muribaculum_gordoncarteri"	"Sex"	"M"	"SexM"	-2.99488892735112	0	1.79884051136708	0.0959327792225743	0.73857894527827	0.182662460315781	0.802978798198283	NA	"prevalence"	20	13
"Muribaculum_intestinale"	"Genotype"	"MUT"	"GenotypeMUT"	-2.72061034153186	0	1.58564522104332	0.086203241655379	0.73857894527827	0.164975484438862	0.802978798198283	NA	"prevalence"	20	14
"Muribaculum_intestinale"	"Sex"	"M"	"SexM"	-2.77668113573298	0	1.88541516472838	0.140827622441507	0.73857894527827	0.261822825640487	0.802978798198283	NA	"prevalence"	20	14
"Neglectibacter_sp_X4"	"Sex"	"M"	"SexM"	-3.38566191838449	0	1.98190322266404	0.0875828769569384	0.73857894527827	0.0875828769569384	0.802978798198283	NA	"prevalence"	20	7
"Oscillospiraceae_unclassified_SGB43526"	"Sequencing_Depth"	"Sequencing_Depth"	"Sequencing_Depth"	1.62935953283296	0	1.1199289939295	0.145703168430629	0.73857894527827	0.145703168430629	0.802978798198283	NA	"prevalence"	20	3
"Paramuribaculum_intestinale"	"Genotype"	"MUT"	"GenotypeMUT"	-2.41460564335817	0	1.49734916655164	0.106834287487953	0.73857894527827	0.202255009992848	0.802978798198283	NA	"prevalence"	20	11
"Paramuribaculum_intestinale"	"Sex"	"M"	"SexM"	-2.93710716912981	0	1.68476917237927	0.0812761404794029	0.73857894527827	0.155946469947578	0.802978798198283	NA	"prevalence"	20	11
"Parasutterella_muris"	"Sequencing_Depth"	"Sequencing_Depth"	"Sequencing_Depth"	1.32611253180357	0	0.895859759709312	0.138801740414746	0.73857894527827	0.258337557687329	0.802978798198283	NA	"prevalence"	20	11
"Parvibacter_caecicola"	"Sex"	"M"	"SexM"	-2.23974517278914	0	1.29608894395221	0.0839739116098779	0.73857894527827	0.160896205388692	0.802978798198283	NA	"prevalence"	20	10
"Schaedlerella_arabinosiphila"	"Sequencing_Depth"	"Sequencing_Depth"	"Sequencing_Depth"	1.8549263404427	0	1.27385667662118	0.145351170898143	0.73857894527827	0.145351170898143	0.802978798198283	NA	"prevalence"	20	2
"Turicibacter_sp_1E2"	"Sex"	"M"	"SexM"	-3.26259321329668	0	1.65170692742049	0.048235725571892	0.73857894527827	0.048235725571892	0.802978798198283	NA	"prevalence"	20	6
"Turicimonas_muris"	"Genotype"	"MUT"	"GenotypeMUT"	-2.54132973943692	0	1.54954577385645	0.100995147882167	0.73857894527827	0.191790275868593	0.802978798198283	NA	"prevalence"	20	12
"Turicimonas_muris"	"Sex"	"M"	"SexM"	-2.60834838661542	0	1.64419079661283	0.112648034177884	0.73857894527827	0.212606488751626	0.802978798198283	NA	"prevalence"	20	12
"GGB28870_SGB41545"	"Sequencing_Depth"	"Sequencing_Depth"	"Sequencing_Depth"	1.50882971236692	0	1.06531527694533	0.15668118111297	0.744877746274775	0.15668118111297	0.802978798198283	NA	"prevalence"	20	2
"GGB28956_SGB41665"	"Sequencing_Depth"	"Sequencing_Depth"	"Sequencing_Depth"	1.50882971236692	0	1.06531527694533	0.15668118111297	0.744877746274775	0.15668118111297	0.802978798198283	NA	"prevalence"	20	2
"Parvibacter_caecicola"	"Sequencing_Depth"	"Sequencing_Depth"	"Sequencing_Depth"	1.77839615848876	0	1.25256601029837	0.155665232131546	0.744877746274775	0.287098799768524	0.811376628415761	NA	"prevalence"	20	10
"Ligilactobacillus_murinus"	"Sex"	"M"	"SexM"	3.87828596499196	0.526954274031105	2.15277490295688	0.159036531933008	0.747464729245534	0.0936406750408992	0.802978798198283	NA	"abundance"	20	12
"Clostridia_bacterium"	"Sex"	"M"	"SexM"	-1.84648579591023	0	1.31634303921835	0.160694665463398	0.747464729245534	0.132743314691011	0.802978798198283	NA	"prevalence"	20	8
"GGB27480_SGB39776"	"Sequencing_Depth"	"Sequencing_Depth"	"Sequencing_Depth"	1.73066785386579	0	1.23494765244872	0.161091536475331	0.747464729245534	0.161091536475331	0.802978798198283	NA	"prevalence"	20	3
"Bacteroidales_bacterium"	"Genotype"	"MUT"	"GenotypeMUT"	-1.23056230073609	0.308393966932753	1.08101804547677	0.196945882256664	0.771141824249857	0.355104083975473	0.826977830755677	NA	"abundance"	20	12
"Duncaniella_muricolitica"	"Sequencing_Depth"	"Sequencing_Depth"	"Sequencing_Depth"	-0.962013767840152	-0.276689594427632	0.535564091590736	0.237992222262611	0.771141824249857	0.419344146667725	0.841471601727627	NA	"abundance"	20	13
"GGB1503_SGB2082"	"Genotype"	"MUT"	"GenotypeMUT"	-1.27703425000638	0.308393966932753	1.09811090349202	0.191681148458744	0.771141824249857	0.117998018420646	0.802978798198283	NA	"abundance"	20	12
"GGB24132_SGB35935"	"Sequencing_Depth"	"Sequencing_Depth"	"Sequencing_Depth"	1.10228151765588	-0.276689594427632	0.92662193608505	0.171275356446674	0.771141824249857	0.313215465167413	0.826977830755677	NA	"abundance"	20	13
"GGB27860_SGB40294"	"Sex"	"M"	"SexM"	1.57808674797244	0.526954274031105	0.695646134408394	0.183349369996244	0.771141824249857	0.333081748514468	0.826977830755677	NA	"abundance"	20	12
"GGB27866_SGB40300"	"Genotype"	"MUT"	"GenotypeMUT"	-1.86968647066664	0.308393966932753	1.65308264286255	0.236534180588523	0.771141824249857	0.23406007828511	0.802978798198283	NA	"abundance"	20	10
"GGB27876_SGB40310"	"Genotype"	"MUT"	"GenotypeMUT"	-1.95804486517795	0.308393966932753	1.66856767064436	0.213625449048233	0.771141824249857	0.381615065615407	0.833520215935578	NA	"abundance"	20	12
"GGB27919_SGB40357"	"Sex"	"M"	"SexM"	-0.35519532997051	0.526954274031105	0.623942684020363	0.218328586703351	0.771141824249857	0.155946469947578	0.802978798198283	NA	"abundance"	20	11
"GGB42570_SGB59765"	"Sequencing_Depth"	"Sequencing_Depth"	"Sequencing_Depth"	0.439093406551966	-0.276689594427632	0.406930325861859	0.228675343657449	0.771141824249857	0.405058274518045	0.833520215935578	NA	"abundance"	20	6
"GGB42570_SGB59765"	"Sex"	"M"	"SexM"	2.14679898935405	0.526954274031105	0.897271675213128	0.220415262472334	0.771141824249857	0.392247637013919	0.833520215935578	NA	"abundance"	20	6
"GGB46162_SGB63930"	"Sex"	"M"	"SexM"	1.3904466135579	0.526954274031105	0.614952677618017	0.224464265098055	0.771141824249857	0.398544323890101	0.833520215935578	NA	"abundance"	20	11
"Lactobacillus_intestinalis"	"Genotype"	"MUT"	"GenotypeMUT"	2.28790337478407	0.308393966932753	1.17591441317179	0.173421429508346	0.771141824249857	0.316767866803973	0.826977830755677	NA	"abundance"	20	8
"Lepagella_muris"	"Sequencing_Depth"	"Sequencing_Depth"	"Sequencing_Depth"	0.462510451000277	-0.276689594427632	0.507362746839701	0.193046915780819	0.771141824249857	0.348826719869152	0.826977830755677	NA	"abundance"	20	11
"Limosilactobacillus_reuteri"	"Sex"	"M"	"SexM"	3.69063985743806	0.526954274031105	2.09516880061691	0.175563602217236	0.771141824249857	0.0551926169862679	0.802978798198283	NA	"abundance"	20	11
"Sangeribacter_muris"	"Genotype"	"MUT"	"GenotypeMUT"	-0.813284937049198	0.308393966932753	0.810883937893501	0.225411835000869	0.771141824249857	0.384317671533421	0.833520215935578	NA	"abundance"	20	10
"Acutalibacter_caecimuris"	"Sequencing_Depth"	"Sequencing_Depth"	"Sequencing_Depth"	1.37146598501804	0	1.10148837971	0.213094058705451	0.771141824249857	0.213094058705451	0.802978798198283	NA	"prevalence"	20	3
"Acutalibacter_sp_1XD8_33"	"Genotype"	"MUT"	"GenotypeMUT"	2.37925187245607	0	1.74971451357656	0.173895017584567	0.771141824249857	0.173895017584567	0.802978798198283	NA	"prevalence"	20	3
"Acutalibacter_sp_1XD8_33"	"Sex"	"M"	"SexM"	-2.33875615529326	0	2.01582267017124	0.245967650838316	0.771141824249857	0.245967650838316	0.802978798198283	NA	"prevalence"	20	3
"Adlercreutzia_aquisgranensis"	"Sequencing_Depth"	"Sequencing_Depth"	"Sequencing_Depth"	0.960330092482855	0	0.824148085408579	0.243921967749474	0.771141824249857	0.428346009148172	0.841471601727627	NA	"prevalence"	20	11
"Adlercreutzia_mucosicola"	"Genotype"	"MUT"	"GenotypeMUT"	-1.96497713040099	0	1.62113692188372	0.225474796130058	0.771141824249857	0.400110708570225	0.833520215935578	NA	"prevalence"	20	9
"Adlercreutzia_mucosicola"	"Sex"	"M"	"SexM"	-1.7715753478519	0	1.29895035865749	0.172614319291079	0.771141824249857	0.315432935357835	0.826977830755677	NA	"prevalence"	20	9
"Adlercreutzia_muris"	"Sequencing_Depth"	"Sequencing_Depth"	"Sequencing_Depth"	1.54858326656044	0	1.33458556223906	0.245907277521976	0.771141824249857	0.431344165905682	0.843081778815651	NA	"prevalence"	20	14
"Adlercreutzia_muris"	"Sex"	"M"	"SexM"	-1.88941998757315	0	1.55078253321103	0.223085096881872	0.771141824249857	0.396403233312949	0.833520215935578	NA	"prevalence"	20	14
"Adlercreutzia_SGB42953"	"Genotype"	"MUT"	"GenotypeMUT"	-2.78161545199199	0	2.18373842278165	0.202739264615957	0.771141824249857	0.202739264615957	0.802978798198283	NA	"prevalence"	20	3
"Anaerostipes_hominis_ex_Lee_et_al_2021"	"Sequencing_Depth"	"Sequencing_Depth"	"Sequencing_Depth"	1.39568648307532	0	1.03621958963462	0.178011721056192	0.771141824249857	0.178011721056192	0.802978798198283	NA	"prevalence"	20	2
"Bacillota_unclassified_SGB43543"	"Sex"	"M"	"SexM"	2.84369412333611	0	2.34837046880839	0.22592519260821	0.771141824249857	0.22592519260821	0.802978798198283	NA	"prevalence"	20	3
"Bacteroidales_bacterium"	"Genotype"	"MUT"	"GenotypeMUT"	-1.658914069056	0	1.31948475219072	0.208665355059082	0.771141824249857	0.355104083975473	0.826977830755677	NA	"prevalence"	20	12
"Clostridiales_bacterium"	"Sex"	"M"	"SexM"	-1.53126873066994	0	1.27384517342882	0.229331036680383	0.771141824249857	0.406069348975866	0.833520215935578	NA	"prevalence"	20	8
"Coriobacteriaceae_bacterium"	"Genotype"	"MUT"	"GenotypeMUT"	-1.96591435103662	0	1.64636619658593	0.232441591068224	0.771141824249857	0.41085408887812	0.833520215935578	NA	"prevalence"	20	12
"Duncaniella_freteri"	"Genotype"	"MUT"	"GenotypeMUT"	-2.87327078037314	0	2.46708100077874	0.244163175527614	0.771141824249857	0.244163175527614	0.802978798198283	NA	"prevalence"	20	4
"Duncaniella_freteri"	"Sex"	"M"	"SexM"	-1.86658910937932	0	1.57194983374597	0.235055865956607	0.771141824249857	0.235055865956607	0.802978798198283	NA	"prevalence"	20	4
"Duncaniella_muris"	"Genotype"	"MUT"	"GenotypeMUT"	-1.658914069056	0	1.31948475219072	0.208665355059082	0.771141824249857	0.373789479716231	0.833520215935578	NA	"prevalence"	20	12
"GGB27849_SGB40283"	"Genotype"	"MUT"	"GenotypeMUT"	-1.658914069056	0	1.31948475219072	0.208665355059082	0.771141824249857	0.180860588082213	0.802978798198283	NA	"prevalence"	20	12
"GGB27860_SGB40294"	"Genotype"	"MUT"	"GenotypeMUT"	-1.658914069056	0	1.31948475219072	0.208665355059082	0.771141824249857	0.26896142685843	0.802978798198283	NA	"prevalence"	20	12
"GGB27876_SGB40310"	"Genotype"	"MUT"	"GenotypeMUT"	-1.96591435103662	0	1.64636619658593	0.232441591068224	0.771141824249857	0.381615065615407	0.833520215935578	NA	"prevalence"	20	12
"GGB27884_SGB40318"	"Sequencing_Depth"	"Sequencing_Depth"	"Sequencing_Depth"	0.960330092482855	0	0.824148085408579	0.243921967749474	0.771141824249857	0.24425728668005	0.802978798198283	NA	"prevalence"	20	11
"GGB28317_SGB40889"	"Sequencing_Depth"	"Sequencing_Depth"	"Sequencing_Depth"	1.38316571463041	0	1.02751336782213	0.178260863502732	0.771141824249857	0.178260863502732	0.802978798198283	NA	"prevalence"	20	6
"GGB28317_SGB40889"	"Sex"	"M"	"SexM"	-1.78048270221972	0	1.53052405079998	0.244701426217872	0.771141824249857	0.244701426217872	0.802978798198283	NA	"prevalence"	20	6
"GGB28765_SGB41414"	"Sex"	"M"	"SexM"	-3.01045257108257	0	2.25184127213991	0.18126021377487	0.771141824249857	0.18126021377487	0.802978798198283	NA	"prevalence"	20	2
"GGB28769_SGB41421"	"Sequencing_Depth"	"Sequencing_Depth"	"Sequencing_Depth"	1.37146598501804	0	1.10148837971	0.213094058705451	0.771141824249857	0.213094058705451	0.802978798198283	NA	"prevalence"	20	3
"GGB28904_SGB41597"	"Sequencing_Depth"	"Sequencing_Depth"	"Sequencing_Depth"	1.10438752276722	0	0.887663161317595	0.213443781230759	0.771141824249857	0.213443781230759	0.802978798198283	NA	"prevalence"	20	3
"GGB30045_SGB42945"	"Genotype"	"MUT"	"GenotypeMUT"	-1.40449579462428	0	1.17082286405463	0.230302463533786	0.771141824249857	0.407565702357842	0.833520215935578	NA	"prevalence"	20	12
"GGB30461_SGB63209"	"Sequencing_Depth"	"Sequencing_Depth"	"Sequencing_Depth"	1.40583978367617	0	1.11484236542279	0.2073012329903	0.771141824249857	0.2073012329903	0.802978798198283	NA	"prevalence"	20	3
"GGB32371_SGB41694"	"Genotype"	"MUT"	"GenotypeMUT"	-2.90390335855535	0	2.30997487038527	0.208712106114114	0.771141824249857	0.208712106114114	0.802978798198283	NA	"prevalence"	20	4
"GGB42598_SGB59794"	"Sex"	"M"	"SexM"	-1.45138994633465	0	1.17510646512842	0.216788238125528	0.771141824249857	0.386579336061485	0.833520215935578	NA	"prevalence"	20	9
"GGB42646_SGB59844"	"Sequencing_Depth"	"Sequencing_Depth"	"Sequencing_Depth"	1.31006213650336	0	0.999583759839245	0.189990348590987	0.771141824249857	0.189990348590987	0.802978798198283	NA	"prevalence"	20	4
"GGB46162_SGB63930"	"Sequencing_Depth"	"Sequencing_Depth"	"Sequencing_Depth"	0.960330092482855	0	0.824148085408579	0.243921967749474	0.771141824249857	0.428346009148172	0.841471601727627	NA	"prevalence"	20	11
"GGB75057_SGB102223"	"Sequencing_Depth"	"Sequencing_Depth"	"Sequencing_Depth"	1.2823483506725	0	0.990414643652818	0.195403352872314	0.771141824249857	0.195403352872314	0.802978798198283	NA	"prevalence"	20	4
"GGB75074_SGB102167"	"Sequencing_Depth"	"Sequencing_Depth"	"Sequencing_Depth"	1.35650729926852	0	1.04792246421438	0.195502101723569	0.771141824249857	0.195502101723569	0.802978798198283	NA	"prevalence"	20	6
"GGB75074_SGB102167"	"Sex"	"M"	"SexM"	-1.95857562788643	0	1.52251917060635	0.198301902282823	0.771141824249857	0.198301902282823	0.802978798198283	NA	"prevalence"	20	6
"GGB9439_SGB42949"	"Genotype"	"MUT"	"GenotypeMUT"	-1.40449579462428	0	1.17082286405463	0.230302463533786	0.771141824249857	0.407565702357842	0.833520215935578	NA	"prevalence"	20	12
"Lepagella_muris"	"Sequencing_Depth"	"Sequencing_Depth"	"Sequencing_Depth"	0.960330092482855	0	0.824148085408579	0.243921967749474	0.771141824249857	0.348826719869152	0.826977830755677	NA	"prevalence"	20	11
"Muribaculaceae_bacterium"	"Genotype"	"MUT"	"GenotypeMUT"	-1.658914069056	0	1.31948475219072	0.208665355059082	0.771141824249857	0.253488667089172	0.802978798198283	NA	"prevalence"	20	12
"Muricaecibacterium_torontonense"	"Genotype"	"MUT"	"GenotypeMUT"	-1.36071119608288	0	1.10265659160747	0.217191765310308	0.771141824249857	0.387211267702008	0.833520215935578	NA	"prevalence"	20	15
"Muricaecibacterium_torontonense"	"Sequencing_Depth"	"Sequencing_Depth"	"Sequencing_Depth"	0.950595898996672	0	0.796661282519395	0.232781393896645	0.771141824249857	0.411375610448825	0.833520215935578	NA	"prevalence"	20	15
"Oscillibacter_SGB43496"	"Genotype"	"MUT"	"GenotypeMUT"	2.37925187245607	0	1.74971451357656	0.173895017584567	0.771141824249857	0.173895017584567	0.802978798198283	NA	"prevalence"	20	3
"Oscillibacter_SGB43496"	"Sex"	"M"	"SexM"	-2.33875615529326	0	2.01582267017124	0.245967650838316	0.771141824249857	0.245967650838316	0.802978798198283	NA	"prevalence"	20	3
"Sangeribacter_muris"	"Genotype"	"MUT"	"GenotypeMUT"	-1.69644004586653	0	1.36920168806021	0.215345726790086	0.771141824249857	0.384317671533421	0.833520215935578	NA	"prevalence"	20	10
"Sangeribacter_muris"	"Sequencing_Depth"	"Sequencing_Depth"	"Sequencing_Depth"	1.00106939086712	0	0.854841688257787	0.241575373685433	0.771141824249857	0.424792086199609	0.841471601727627	NA	"prevalence"	20	10
"Sangeribacter_muris"	"Sex"	"M"	"SexM"	-1.57423258732301	0	1.24596959201504	0.206423957304734	0.771141824249857	0.370237064460121	0.833520215935578	NA	"prevalence"	20	10
"GGB75879_SGB103683"	"Sex"	"M"	"SexM"	-1.44544068190283	0	1.25174981702072	0.248198518094882	0.773952368252857	0.116162405584976	0.802978798198283	NA	"prevalence"	20	10
"GGB30294_SGB43258"	"Sex"	"M"	"SexM"	-0.992599193482232	0.526954274031105	0.944189885949677	0.255118882552198	0.779826183357398	0.445152120869714	0.857229066158229	NA	"abundance"	20	6
"Parvibacter_caecicola"	"Genotype"	"MUT"	"GenotypeMUT"	-1.62405328361581	0.308393966932753	1.53203167972094	0.254758208338524	0.779826183357398	0.444614671961194	0.857229066158229	NA	"abundance"	20	10
"GGB27480_SGB39776"	"Genotype"	"MUT"	"GenotypeMUT"	-2.75780022258033	0	2.40506312637606	0.2515203567118	0.779826183357398	0.2515203567118	0.802978798198283	NA	"prevalence"	20	3
"GGB27482_SGB39778"	"Sequencing_Depth"	"Sequencing_Depth"	"Sequencing_Depth"	0.890525192585308	0	0.786784064091853	0.2576955521084	0.779826183357398	0.448984106640346	0.857229066158229	NA	"prevalence"	20	9
"GGB30294_SGB43258"	"Genotype"	"MUT"	"GenotypeMUT"	-2.20523369036066	0	1.94631769060154	0.257202225393254	0.779826183357398	0.448251466039266	0.857229066158229	NA	"prevalence"	20	6
"Lactobacillus_johnsonii"	"Genotype"	"MUT"	"GenotypeMUT"	-1.82205474250572	0	1.61133119262024	0.258149357249346	0.779826183357398	0.449657623850441	0.857229066158229	NA	"prevalence"	20	12
"Clostridiales_bacterium"	"Sequencing_Depth"	"Sequencing_Depth"	"Sequencing_Depth"	1.00953214354204	0	0.900900884589713	0.262466384208103	0.788759082076165	0.456044165576931	0.865142608226824	NA	"prevalence"	20	8
"GGB28870_SGB41545"	"Sex"	"M"	"SexM"	2.64837802062938	0	2.3818998188858	0.266191328654932	0.791748567281335	0.266191328654932	0.802978798198283	NA	"prevalence"	20	2
"GGB28956_SGB41665"	"Sex"	"M"	"SexM"	2.64837802062938	0	2.3818998188858	0.266191328654932	0.791748567281335	0.266191328654932	0.802978798198283	NA	"prevalence"	20	2
"Adlercreutzia_mucosicola"	"Sequencing_Depth"	"Sequencing_Depth"	"Sequencing_Depth"	-1.8182452237397	-0.276689594427632	1.49175067852654	0.348116087392838	0.794451707104895	0.243478743220391	0.802978798198283	NA	"abundance"	20	9
"Adlercreutzia_muris"	"Genotype"	"MUT"	"GenotypeMUT"	0.880913946292387	0.308393966932753	0.561474495585878	0.358688219015733	0.794451707104895	0.588719199570788	0.89781022333299	NA	"abundance"	20	14
"Clostridiaceae_bacterium"	"Sex"	"M"	"SexM"	-1.12479224555497	0.526954274031105	1.53393571795092	0.360922836987219	0.794451707104895	0.591580379715536	0.89781022333299	NA	"abundance"	20	7
"Duncaniella_muris"	"Sex"	"M"	"SexM"	1.41439487541378	0.526954274031105	0.749584780940947	0.28333215559206	0.794451707104895	0.486387200791677	0.868294722808067	NA	"abundance"	20	12
"GGB1503_SGB2082"	"Sequencing_Depth"	"Sequencing_Depth"	"Sequencing_Depth"	0.307260873832483	-0.276689594427632	0.579224476310214	0.344014261603949	0.794451707104895	0.569682711020988	0.896208167337896	NA	"abundance"	20	12
"GGB22635_SGB33556"	"Sex"	"M"	"SexM"	-1.22505256085322	0.526954274031105	0.962087368287568	0.324857411687492	0.794451707104895	0.544182485446688	0.896208167337896	NA	"abundance"	20	4
"GGB24132_SGB35935"	"Genotype"	"MUT"	"GenotypeMUT"	-1.45985350328272	0.308393966932753	1.86937456391626	0.367803576708073	0.794451707104895	0.276926229928424	0.802978798198283	NA	"abundance"	20	13
"GGB27482_SGB39778"	"Sex"	"M"	"SexM"	1.2452299934593	0.526954274031105	0.570130820003513	0.287201416161833	0.794451707104895	0.491918178878303	0.873267592779373	NA	"abundance"	20	9
"GGB27876_SGB40310"	"Sequencing_Depth"	"Sequencing_Depth"	"Sequencing_Depth"	0.682235384568708	-0.276689594427632	0.834595558960638	0.283671352202479	0.794451707104895	0.486873268344575	0.868294722808067	NA	"abundance"	20	12
"GGB28310_SGB40880"	"Genotype"	"MUT"	"GenotypeMUT"	0.913535815239264	0.308393966932753	0.561153073436894	0.330697115861984	0.794451707104895	0.552033649284533	0.896208167337896	NA	"abundance"	20	16
"GGB30861_SGB44083"	"Sequencing_Depth"	"Sequencing_Depth"	"Sequencing_Depth"	-0.614371357472163	-0.276689594427632	0.330215538190179	0.349370660994883	0.794451707104895	0.274541800359933	0.802978798198283	NA	"abundance"	20	13
"GGB9439_SGB42949"	"Genotype"	"MUT"	"GenotypeMUT"	-0.52492170001478	0.308393966932753	0.702580640627795	0.284345021695144	0.794451707104895	0.407565702357842	0.833520215935578	NA	"abundance"	20	12
"Muribaculum_intestinale"	"Genotype"	"MUT"	"GenotypeMUT"	-0.537350779632194	0.308393966932753	0.852685650141919	0.350683644264036	0.794451707104895	0.164975484438862	0.802978798198283	NA	"abundance"	20	14
"Muricaecibacterium_torontonense"	"Genotype"	"MUT"	"GenotypeMUT"	0.912668039525282	0.308393966932753	0.542550348816732	0.320216128029181	0.794451707104895	0.387211267702008	0.833520215935578	NA	"abundance"	20	15
"Paramuribaculum_intestinale"	"Sequencing_Depth"	"Sequencing_Depth"	"Sequencing_Depth"	0.679647809274745	-0.276689594427632	0.907310394951371	0.326265432985991	0.794451707104895	0.546081733210446	0.896208167337896	NA	"abundance"	20	11
"Parvibacter_caecicola"	"Sex"	"M"	"SexM"	-1.23419165284563	0.526954274031105	1.75725004049654	0.354950485179036	0.794451707104895	0.160896205388692	0.802978798198283	NA	"abundance"	20	10
"Acutalibacter_muris"	"Sex"	"M"	"SexM"	1.83824941690555	0	1.98562201544256	0.354560252933806	0.794451707104895	0.354560252933806	0.826977830755677	NA	"prevalence"	20	4
"Adlercreutzia_aquisgranensis"	"Sex"	"M"	"SexM"	-1.19594607248374	0	1.25085569750001	0.339020527410465	0.794451707104895	0.563106136815259	0.896208167337896	NA	"prevalence"	20	11
"Adlercreutzia_caecimuris"	"Sequencing_Depth"	"Sequencing_Depth"	"Sequencing_Depth"	0.978297152087622	0	1.0997970195584	0.37372089179166	0.794451707104895	0.607774478621766	0.911661717932649	NA	"prevalence"	20	13
"Akkermansia_muciniphila"	"Sex"	"M"	"SexM"	-1.57496307071782	0	1.60342013438578	0.325975581210009	0.794451707104895	0.0459882274199607	0.802978798198283	NA	"prevalence"	20	16
"Alistipes_timonensis"	"Sequencing_Depth"	"Sequencing_Depth"	"Sequencing_Depth"	0.941911095642093	0	0.96369970881352	0.328375784561959	0.794451707104895	0.328375784561959	0.826977830755677	NA	"prevalence"	20	2
"Anaerostipes_hominis_ex_Lee_et_al_2021"	"Sex"	"M"	"SexM"	2.44849511672978	0	2.31040101811313	0.289248966511726	0.794451707104895	0.289248966511726	0.811376628415761	NA	"prevalence"	20	2
"Bacillota_unclassified_SGB63211"	"Sex"	"M"	"SexM"	1.83824941690555	0	1.98562201544256	0.354560252933806	0.794451707104895	0.354560252933806	0.826977830755677	NA	"prevalence"	20	4
"Bacteroidales_bacterium"	"Sex"	"M"	"SexM"	-1.32595498698121	0	1.2790710515407	0.299896821882023	0.794451707104895	0.509855539989108	0.884816564913832	NA	"prevalence"	20	12
"Blautia_pseudococcoides"	"Sequencing_Depth"	"Sequencing_Depth"	"Sequencing_Depth"	0.848992383654748	0	0.940863955864575	0.366868831850999	0.794451707104895	0.366868831850999	0.833520215935578	NA	"prevalence"	20	2
"Caniella_muris"	"Sequencing_Depth"	"Sequencing_Depth"	"Sequencing_Depth"	0.781909789350718	0	0.837356317602087	0.35041541217355	0.794451707104895	0.578039863258341	0.89781022333299	NA	"prevalence"	20	11
"Caniella_muris"	"Sex"	"M"	"SexM"	-1.13098943772906	0	1.17664427149063	0.336452059031573	0.794451707104895	0.0736157312802082	0.802978798198283	NA	"prevalence"	20	11
"Coriobacteriaceae_bacterium"	"Sequencing_Depth"	"Sequencing_Depth"	"Sequencing_Depth"	1.1681123806862	0	1.18128764296556	0.32273815443712	0.794451707104895	0.541316392544762	0.896208167337896	NA	"prevalence"	20	12
"Duncaniella_muris"	"Sex"	"M"	"SexM"	-1.32595498698121	0	1.2790710515407	0.299896821882023	0.794451707104895	0.486387200791677	0.868294722808067	NA	"prevalence"	20	12
"GGB115370_SGB161393"	"Sequencing_Depth"	"Sequencing_Depth"	"Sequencing_Depth"	0.946183881924374	0	0.955549575949542	0.322077041585043	0.794451707104895	0.322077041585043	0.826977830755677	NA	"prevalence"	20	3
"GGB14001_SGB21428"	"Sex"	"M"	"SexM"	-1.57496307071782	0	1.60342013438578	0.325975581210009	0.794451707104895	0.545691082874815	0.896208167337896	NA	"prevalence"	20	16
"GGB143828_SGB43507"	"Sex"	"M"	"SexM"	-1.59952754066217	0	1.69758001612983	0.34606985555483	0.794451707104895	0.34606985555483	0.826977830755677	NA	"prevalence"	20	2
"GGB18828_SGB27767"	"Sequencing_Depth"	"Sequencing_Depth"	"Sequencing_Depth"	0.814088507724077	0	0.797783803432727	0.307521017885591	0.794451707104895	0.520472859329792	0.895213318047243	NA	"prevalence"	20	10
"GGB22635_SGB63107"	"Genotype"	"MUT"	"GenotypeMUT"	-1.39205442860243	0	1.4493176251862	0.336808889598932	0.794451707104895	0.560177551084998	0.896208167337896	NA	"prevalence"	20	9
"GGB22635_SGB63107"	"Sequencing_Depth"	"Sequencing_Depth"	"Sequencing_Depth"	0.979149943278883	0	0.894926618349792	0.273905864477807	0.794451707104895	0.472787306360279	0.866057264686205	NA	"prevalence"	20	9
"GGB24132_SGB35935"	"Sequencing_Depth"	"Sequencing_Depth"	"Sequencing_Depth"	0.978297152087622	0	1.0997970195584	0.37372089179166	0.794451707104895	0.313215465167413	0.826977830755677	NA	"prevalence"	20	13
"GGB24146_SGB35950"	"Sequencing_Depth"	"Sequencing_Depth"	"Sequencing_Depth"	0.978297152087622	0	1.0997970195584	0.37372089179166	0.794451707104895	0.235257270930089	0.802978798198283	NA	"prevalence"	20	13
"GGB25041_SGB36960"	"Sex"	"M"	"SexM"	-1.12069180863954	0	1.25318554511948	0.371175069130981	0.794451707104895	0.604579206317574	0.910397481886775	NA	"prevalence"	20	6
"GGB27478_SGB39772"	"Sex"	"M"	"SexM"	1.61994919010518	0	1.7026535803538	0.341388076177042	0.794451707104895	0.341388076177042	0.826977830755677	NA	"prevalence"	20	3
"GGB27482_SGB39778"	"Sex"	"M"	"SexM"	-1.07102024228758	0	1.17057642057583	0.360217275695642	0.794451707104895	0.491918178878303	0.873267592779373	NA	"prevalence"	20	9
"GGB27849_SGB40283"	"Sex"	"M"	"SexM"	-1.32595498698121	0	1.2790710515407	0.299896821882023	0.794451707104895	0.509855539989108	0.884816564913832	NA	"prevalence"	20	12
"GGB27860_SGB40294"	"Sex"	"M"	"SexM"	-1.32595498698121	0	1.2790710515407	0.299896821882023	0.794451707104895	0.333081748514468	0.826977830755677	NA	"prevalence"	20	12
"GGB27873_SGB41457"	"Sex"	"M"	"SexM"	-1.80892834319972	0	1.7143811116248	0.291356964023479	0.794451707104895	0.291356964023479	0.811376628415761	NA	"prevalence"	20	2
"GGB27876_SGB40310"	"Sequencing_Depth"	"Sequencing_Depth"	"Sequencing_Depth"	1.1681123806862	0	1.18128764296556	0.32273815443712	0.794451707104895	0.486873268344575	0.868294722808067	NA	"prevalence"	20	12
"GGB27884_SGB40318"	"Sex"	"M"	"SexM"	-1.19594607248374	0	1.25085569750001	0.339020527410465	0.794451707104895	0.563106136815259	0.896208167337896	NA	"prevalence"	20	11
"GGB27894_SGB40329"	"Sequencing_Depth"	"Sequencing_Depth"	"Sequencing_Depth"	0.848992383654748	0	0.940863955864575	0.366868831850999	0.794451707104895	0.366868831850999	0.833520215935578	NA	"prevalence"	20	2
"GGB28310_SGB40880"	"Sex"	"M"	"SexM"	-1.57496307071782	0	1.60342013438578	0.325975581210009	0.794451707104895	0.0378800103172498	0.802978798198283	NA	"prevalence"	20	16
"GGB28380_SGB40960"	"Sequencing_Depth"	"Sequencing_Depth"	"Sequencing_Depth"	0.848992383654748	0	0.940863955864575	0.366868831850999	0.794451707104895	0.366868831850999	0.833520215935578	NA	"prevalence"	20	2
"GGB28765_SGB41414"	"Sequencing_Depth"	"Sequencing_Depth"	"Sequencing_Depth"	-0.968409292651928	0	0.961623270524027	0.313907460002093	0.794451707104895	0.313907460002093	0.826977830755677	NA	"prevalence"	20	2
"GGB28778_SGB41431"	"Genotype"	"MUT"	"GenotypeMUT"	1.64819831904924	0	1.56227120220743	0.291424680490416	0.794451707104895	0.291424680490416	0.811376628415761	NA	"prevalence"	20	4
"GGB28793_SGB41446"	"Sequencing_Depth"	"Sequencing_Depth"	"Sequencing_Depth"	0.889015740563441	0	0.950452223308306	0.349602397728303	0.794451707104895	0.349602397728303	0.826977830755677	NA	"prevalence"	20	2
"GGB28803_SGB41457"	"Sequencing_Depth"	"Sequencing_Depth"	"Sequencing_Depth"	1.0459771673793	0	1.13525050302661	0.35686123446046	0.794451707104895	0.35686123446046	0.826977830755677	NA	"prevalence"	20	2
"GGB28901_SGB41592"	"Sex"	"M"	"SexM"	1.61994919010518	0	1.7026535803538	0.341388076177042	0.794451707104895	0.341388076177042	0.826977830755677	NA	"prevalence"	20	3
"GGB28946_SGB41652"	"Sequencing_Depth"	"Sequencing_Depth"	"Sequencing_Depth"	1.1842733943503	0	1.18884127034295	0.319173524758412	0.794451707104895	0.319173524758412	0.826977830755677	NA	"prevalence"	20	2
"GGB28949_SGB41655"	"Sequencing_Depth"	"Sequencing_Depth"	"Sequencing_Depth"	0.889015740563441	0	0.950452223308306	0.349602397728303	0.794451707104895	0.349602397728303	0.826977830755677	NA	"prevalence"	20	2
"GGB28990_SGB41704"	"Sequencing_Depth"	"Sequencing_Depth"	"Sequencing_Depth"	0.889015740563441	0	0.950452223308306	0.349602397728303	0.794451707104895	0.349602397728303	0.826977830755677	NA	"prevalence"	20	2
"GGB30046_SGB42947"	"Genotype"	"MUT"	"GenotypeMUT"	-1.39205442860243	0	1.4493176251862	0.336808889598932	0.794451707104895	0.560177551084998	0.896208167337896	NA	"prevalence"	20	9
"GGB30046_SGB42947"	"Sequencing_Depth"	"Sequencing_Depth"	"Sequencing_Depth"	0.979149943278883	0	0.894926618349792	0.273905864477807	0.794451707104895	0.472787306360279	0.866057264686205	NA	"prevalence"	20	9
"GGB30296_SGB43260"	"Sequencing_Depth"	"Sequencing_Depth"	"Sequencing_Depth"	0.889015740563441	0	0.950452223308306	0.349602397728303	0.794451707104895	0.349602397728303	0.826977830755677	NA	"prevalence"	20	2
"GGB30454_SGB43516"	"Sequencing_Depth"	"Sequencing_Depth"	"Sequencing_Depth"	0.946183881924374	0	0.955549575949542	0.322077041585043	0.794451707104895	0.322077041585043	0.826977830755677	NA	"prevalence"	20	3
"GGB30475_SGB63182"	"Sex"	"M"	"SexM"	-1.59490524247843	0	1.58720664353328	0.31496888733852	0.794451707104895	0.31496888733852	0.826977830755677	NA	"prevalence"	20	3
"GGB45514_SGB63186"	"Sex"	"M"	"SexM"	1.92431360147185	0	2.01399298393786	0.339339134508462	0.794451707104895	0.339339134508462	0.826977830755677	NA	"prevalence"	20	4
"GGB46159_SGB63927"	"Sequencing_Depth"	"Sequencing_Depth"	"Sequencing_Depth"	1.58727578190602	0	1.45697407729175	0.275962942670279	0.794451707104895	0.475770339613318	0.866057264686205	NA	"prevalence"	20	15
"GGB46162_SGB63930"	"Sex"	"M"	"SexM"	-1.19594607248374	0	1.25085569750001	0.339020527410465	0.794451707104895	0.398544323890101	0.833520215935578	NA	"prevalence"	20	11
"GGB70518_SGB94950"	"Genotype"	"MUT"	"GenotypeMUT"	-2.49841970314472	0	2.3793301585766	0.293694338700873	0.794451707104895	0.293694338700873	0.811855064837414	NA	"prevalence"	20	2
"GGB75074_SGB102167"	"Genotype"	"MUT"	"GenotypeMUT"	-1.71738902232955	0	1.86321013195661	0.356665970599198	0.794451707104895	0.356665970599198	0.826977830755677	NA	"prevalence"	20	6
"GGB75725_SGB102612"	"Genotype"	"MUT"	"GenotypeMUT"	-1.39205442860243	0	1.4493176251862	0.336808889598932	0.794451707104895	0.560177551084998	0.896208167337896	NA	"prevalence"	20	9
"GGB75725_SGB102612"	"Sequencing_Depth"	"Sequencing_Depth"	"Sequencing_Depth"	0.979149943278883	0	0.894926618349792	0.273905864477807	0.794451707104895	0.472787306360279	0.866057264686205	NA	"prevalence"	20	9
"Hominisplanchenecus_murintestinalis"	"Sequencing_Depth"	"Sequencing_Depth"	"Sequencing_Depth"	0.73971920874142	0	0.73014191222431	0.311004262736503	0.794451707104895	0.52528487403273	0.896208167337896	NA	"prevalence"	20	5
"Lachnospiraceae_unclassified_SGB41405"	"Genotype"	"MUT"	"GenotypeMUT"	-1.58558647104214	0	1.7833271209533	0.373940200068339	0.794451707104895	0.373940200068339	0.833520215935578	NA	"prevalence"	20	4
"Lactobacillus_intestinalis"	"Genotype"	"MUT"	"GenotypeMUT"	-1.25922813941917	0	1.38875599762721	0.36454905643083	0.794451707104895	0.316767866803973	0.826977830755677	NA	"prevalence"	20	8
"Lepagella_muris"	"Sex"	"M"	"SexM"	-1.19594607248374	0	1.25085569750001	0.339020527410465	0.794451707104895	0.563106136815259	0.896208167337896	NA	"prevalence"	20	11
"Muribaculaceae_bacterium"	"Sex"	"M"	"SexM"	-1.32595498698121	0	1.2790710515407	0.299896821882023	0.794451707104895	0.509855539989108	0.884816564913832	NA	"prevalence"	20	12
"Muribaculum_gordoncarteri"	"Sequencing_Depth"	"Sequencing_Depth"	"Sequencing_Depth"	0.978297152087622	0	1.0997970195584	0.37372089179166	0.794451707104895	0.179357559857741	0.802978798198283	NA	"prevalence"	20	13
"Neglectibacter_sp_X4"	"Genotype"	"MUT"	"GenotypeMUT"	1.72485539929152	0	1.7325512850264	0.31946492013541	0.794451707104895	0.31946492013541	0.826977830755677	NA	"prevalence"	20	7
"Oscillibacter_SGB43499"	"Sequencing_Depth"	"Sequencing_Depth"	"Sequencing_Depth"	1.1842733943503	0	1.18884127034295	0.319173524758412	0.794451707104895	0.319173524758412	0.826977830755677	NA	"prevalence"	20	2
"Oscillospiraceae_bacterium"	"Sequencing_Depth"	"Sequencing_Depth"	"Sequencing_Depth"	0.889015740563441	0	0.950452223308306	0.349602397728303	0.794451707104895	0.349602397728303	0.826977830755677	NA	"prevalence"	20	2
"Parasutterella_muris"	"Genotype"	"MUT"	"GenotypeMUT"	-1.0971662092121	0	1.19507773953165	0.358581698873595	0.794451707104895	0.588582562980116	0.89781022333299	NA	"prevalence"	20	11
"GGB27849_SGB40283"	"Sequencing_Depth"	"Sequencing_Depth"	"Sequencing_Depth"	0.539884199094942	-0.276689594427632	0.882906536237079	0.381144274571308	0.800955359606372	0.279883257039244	0.802978798198283	NA	"abundance"	20	12
"Duncaniella_freteri"	"Sequencing_Depth"	"Sequencing_Depth"	"Sequencing_Depth"	1.06553567627857	0	1.21161150768949	0.379164518044401	0.800955359606372	0.379164518044401	0.833520215935578	NA	"prevalence"	20	4
"Muribaculum_intestinale"	"Sequencing_Depth"	"Sequencing_Depth"	"Sequencing_Depth"	0.954533485185388	0	1.08699251741388	0.379866811578986	0.800955359606372	0.251033008481059	0.802978798198283	NA	"prevalence"	20	14
"Adlercreutzia_mucosicola"	"Genotype"	"MUT"	"GenotypeMUT"	2.98595232167259	0.308393966932753	2.85489072798803	0.390208187621095	0.805416855781931	0.400110708570225	0.833520215935578	NA	"abundance"	20	9
"GGB27482_SGB39778"	"Genotype"	"MUT"	"GenotypeMUT"	-1.06513441019895	0	1.23882023566316	0.389900736080669	0.805416855781931	0.627778888165091	0.915289080268434	NA	"prevalence"	20	9
"GGB29003_SGB41719"	"Sequencing_Depth"	"Sequencing_Depth"	"Sequencing_Depth"	0.798498875026954	0	0.929313138610654	0.390210580128832	0.805416855781931	0.390210580128832	0.833520215935578	NA	"prevalence"	20	2
"GGB30455_SGB43519"	"Sequencing_Depth"	"Sequencing_Depth"	"Sequencing_Depth"	0.653414210091831	0	0.759832286064512	0.389819190841344	0.805416855781931	0.389819190841344	0.833520215935578	NA	"prevalence"	20	4
"GGB75104_SGB102231"	"Sequencing_Depth"	"Sequencing_Depth"	"Sequencing_Depth"	0.798498875026954	0	0.929313138610654	0.390210580128832	0.805416855781931	0.390210580128832	0.833520215935578	NA	"prevalence"	20	2
"Coriobacteriaceae_bacterium"	"Sex"	"M"	"SexM"	-1.64992103327463	0.526954274031105	2.42061058562637	0.393966970890258	0.809812257648129	0.121091099218548	0.802978798198283	NA	"abundance"	20	12
"GGB22635_SGB33556"	"Sequencing_Depth"	"Sequencing_Depth"	"Sequencing_Depth"	-0.892972608131764	-0.276689594427632	0.43025569604774	0.39513253261107	0.809812257648129	0.634135346894501	0.915289080268434	NA	"abundance"	20	4
"Lachnospiraceae_bacterium"	"Sequencing_Depth"	"Sequencing_Depth"	"Sequencing_Depth"	-0.738661566354183	-0.276689594427632	0.526325923778214	0.400796616653958	0.816572789595485	0.640955305386656	0.915312557876886	NA	"abundance"	20	16
"Lepagella_muris"	"Sex"	"M"	"SexM"	1.28907151941339	0.526954274031105	0.839803759090375	0.401246974197782	0.816572789595485	0.563106136815259	0.896208167337896	NA	"abundance"	20	11
"Turicimonas_muris"	"Sequencing_Depth"	"Sequencing_Depth"	"Sequencing_Depth"	0.549312714699686	-0.276689594427632	0.945114493814048	0.406197663784844	0.82375749998325	0.647398785505423	0.919497774617439	NA	"abundance"	20	12
"GGB30294_SGB43258"	"Genotype"	"MUT"	"GenotypeMUT"	-1.98440070229815	0.308393966932753	2.21064517797911	0.407875393304128	0.824277798314963	0.448251466039266	0.857229066158229	NA	"abundance"	20	6
"Adlercreutzia_caecimuris"	"Sex"	"M"	"SexM"	-0.39740571118233	0.526954274031105	1.06757557593358	0.410896364041045	0.825236638177463	0.182662460315781	0.802978798198283	NA	"abundance"	20	13
"GGB27929_SGB40368"	"Sequencing_Depth"	"Sequencing_Depth"	"Sequencing_Depth"	0.568400474760875	0	0.691660091054535	0.41119549729877	0.825236638177463	0.653309257598758	0.919497774617439	NA	"prevalence"	20	12
"GGB27866_SGB40300"	"Sequencing_Depth"	"Sequencing_Depth"	"Sequencing_Depth"	0.460805754878152	-0.276689594427632	0.845402161144044	0.415104421947284	0.829720460345506	0.134046909414916	0.802978798198283	NA	"abundance"	20	10
"Lactobacillus_johnsonii"	"Sequencing_Depth"	"Sequencing_Depth"	"Sequencing_Depth"	0.90879744502381	0	1.11800645711165	0.41629078269059	0.829720460345506	0.659283549628036	0.919497774617439	NA	"prevalence"	20	12
"Adlercreutzia_muris"	"Sex"	"M"	"SexM"	0.02601922350925	0.526954274031105	0.556661035316919	0.422011569502776	0.832903840971429	0.396403233312949	0.833520215935578	NA	"abundance"	20	14
"Adlercreutzia_SGB42953"	"Sex"	"M"	"SexM"	1.18231271294906	0	1.47714515475765	0.423476833818748	0.832903840971429	0.423476833818748	0.841471601727627	NA	"prevalence"	20	3
"GGB18828_SGB27767"	"Sex"	"M"	"SexM"	-1.01180240477042	0	1.25435085255635	0.41987721413781	0.832903840971429	0.280108883092424	0.802978798198283	NA	"prevalence"	20	10
"GGB22635_SGB33556"	"Sequencing_Depth"	"Sequencing_Depth"	"Sequencing_Depth"	0.603451249911222	0	0.75418604711254	0.42363212601133	0.832903840971429	0.634135346894501	0.915289080268434	NA	"prevalence"	20	4
"Adlercreutzia_SGB42953"	"Sequencing_Depth"	"Sequencing_Depth"	"Sequencing_Depth"	0.937645809736931	0	1.18378038216033	0.428315486567111	0.839266831786907	0.428315486567111	0.841471601727627	NA	"prevalence"	20	3
"GGB27929_SGB40368"	"Genotype"	"MUT"	"GenotypeMUT"	-0.810592654665226	0	1.02937823355897	0.431013504478968	0.841709874066671	0.676254367914695	0.919497774617439	NA	"prevalence"	20	12
"Limosilactobacillus_reuteri"	"Sequencing_Depth"	"Sequencing_Depth"	"Sequencing_Depth"	-1.02304148693148	-0.276689594427632	0.899441575573504	0.433354303019814	0.843441260911048	0.678912654093839	0.919497774617439	NA	"abundance"	20	11
"Duncaniella_muris"	"Sequencing_Depth"	"Sequencing_Depth"	"Sequencing_Depth"	0.0944005524795524	-0.276689594427632	0.452856749545557	0.440385407611222	0.847091807794017	0.279883257039244	0.802978798198283	NA	"abundance"	20	12
"GGB75725_SGB102612"	"Sequencing_Depth"	"Sequencing_Depth"	"Sequencing_Depth"	0.0951231717106797	-0.276689594427632	0.440730492445898	0.441097535841014	0.847091807794017	0.472787306360279	0.866057264686205	NA	"abundance"	20	9
"Lactobacillus_intestinalis"	"Sex"	"M"	"SexM"	-0.598190864121804	0.526954274031105	1.31568434046581	0.441062047460738	0.847091807794017	0.131888493699717	0.802978798198283	NA	"abundance"	20	8
"Ligilactobacillus_murinus"	"Genotype"	"MUT"	"GenotypeMUT"	-1.54258273242953	0.308393966932753	2.2983660874753	0.44253244441653	0.847091807794017	0.689229924471791	0.919497774617439	NA	"abundance"	20	12
"Muribaculum_gordoncarteri"	"Genotype"	"MUT"	"GenotypeMUT"	-0.149790033752679	0.308393966932753	0.543392456151946	0.441120213863364	0.847091807794017	0.276926229928424	0.802978798198283	NA	"abundance"	20	13
"Akkermansia_muciniphila"	"Genotype"	"MUT"	"GenotypeMUT"	-0.839786097138713	0.308393966932753	1.47454123147071	0.449727902988401	0.848069833758235	0.697200619250458	0.919497774617439	NA	"abundance"	20	16
"Caniella_muris"	"Sequencing_Depth"	"Sequencing_Depth"	"Sequencing_Depth"	-0.81227725040735	-0.276689594427632	0.701433177689087	0.4689704437137	0.848069833758235	0.578039863258341	0.89781022333299	NA	"abundance"	20	11
"Faecalibaculum_rodentium"	"Sex"	"M"	"SexM"	-0.0804283152755874	0.526954274031105	0.803013347658727	0.466387089494096	0.848069833758235	0.466387089494096	0.866057264686205	NA	"abundance"	20	20
"GGB18828_SGB27767"	"Genotype"	"MUT"	"GenotypeMUT"	-0.219997466249831	0.308393966932753	0.687446664159101	0.480574791415797	0.848069833758235	0.185011864385548	0.802978798198283	NA	"abundance"	20	10
"GGB18828_SGB27767"	"Sequencing_Depth"	"Sequencing_Depth"	"Sequencing_Depth"	-0.522828053236466	-0.276689594427632	0.319989377218885	0.483984680989613	0.848069833758235	0.520472859329792	0.895213318047243	NA	"abundance"	20	10
"GGB27860_SGB40294"	"Sequencing_Depth"	"Sequencing_Depth"	"Sequencing_Depth"	0.0587875010387774	-0.276689594427632	0.420270068539365	0.452474016171812	0.848069833758235	0.279883257039244	0.802978798198283	NA	"abundance"	20	12
"GGB27861_SGB40295"	"Sex"	"M"	"SexM"	0.155708647959152	0.526954274031105	0.409333431462274	0.445288923913165	0.848069833758235	0.692295622066586	0.919497774617439	NA	"abundance"	20	9
"GGB27866_SGB40300"	"Sex"	"M"	"SexM"	1.13692791374166	0.526954274031105	0.804873864711493	0.48383257973505	0.848069833758235	0.733571194257027	0.919497774617439	NA	"abundance"	20	10
"GGB27884_SGB40318"	"Sex"	"M"	"SexM"	1.33003678459289	0.526954274031105	1.03333936235233	0.466713900687163	0.848069833758235	0.563106136815259	0.896208167337896	NA	"abundance"	20	11
"GGB27885_SGB40319"	"Sequencing_Depth"	"Sequencing_Depth"	"Sequencing_Depth"	-0.95033507231944	-0.276689594427632	0.886644664554309	0.47568053180203	0.848069833758235	0.201818127298336	0.802978798198283	NA	"abundance"	20	10
"GGB27929_SGB40368"	"Genotype"	"MUT"	"GenotypeMUT"	1.14790153115205	0.308393966932753	1.08546678769542	0.464045312370293	0.848069833758235	0.676254367914695	0.919497774617439	NA	"abundance"	20	12
"GGB27929_SGB40368"	"Sequencing_Depth"	"Sequencing_Depth"	"Sequencing_Depth"	-0.746206130999559	-0.276689594427632	0.621257397903744	0.472075295959639	0.848069833758235	0.653309257598758	0.919497774617439	NA	"abundance"	20	12
"GGB30046_SGB42947"	"Sequencing_Depth"	"Sequencing_Depth"	"Sequencing_Depth"	-0.545604970634474	-0.276689594427632	0.326109671737103	0.460493117166376	0.848069833758235	0.472787306360279	0.866057264686205	NA	"abundance"	20	9
"GGB75879_SGB103683"	"Genotype"	"MUT"	"GenotypeMUT"	-0.835012769857554	0.308393966932753	1.52159863141866	0.478868780093648	0.848069833758235	0.268704283469264	0.802978798198283	NA	"abundance"	20	10
"Hominisplanchenecus_murintestinalis"	"Sequencing_Depth"	"Sequencing_Depth"	"Sequencing_Depth"	0.432598537608895	-0.276689594427632	0.816982368348907	0.476330481765344	0.848069833758235	0.52528487403273	0.896208167337896	NA	"abundance"	20	5
"Akkermansia_muciniphila"	"Sequencing_Depth"	"Sequencing_Depth"	"Sequencing_Depth"	0.884301298338452	0	1.25880931968125	0.482373467815705	0.848069833758235	0.163062095423878	0.802978798198283	NA	"prevalence"	20	16
"Clostridia_bacterium"	"Sequencing_Depth"	"Sequencing_Depth"	"Sequencing_Depth"	0.616510643427909	0	0.837558730941585	0.461681713536111	0.848069833758235	0.710213422458583	0.919497774617439	NA	"prevalence"	20	8
"GGB14001_SGB21428"	"Sequencing_Depth"	"Sequencing_Depth"	"Sequencing_Depth"	0.884301298338452	0	1.25880931968125	0.482373467815705	0.848069833758235	0.73206277317886	0.919497774617439	NA	"prevalence"	20	16
"GGB25041_SGB36960"	"Sequencing_Depth"	"Sequencing_Depth"	"Sequencing_Depth"	0.574442946090411	0	0.75489764724537	0.446684098542424	0.848069833758235	0.69384151319419	0.919497774617439	NA	"prevalence"	20	6
"GGB27861_SGB40295"	"Sex"	"M"	"SexM"	1.09386870999397	0	1.54593146625663	0.47920670992206	0.848069833758235	0.692295622066586	0.919497774617439	NA	"prevalence"	20	9
"GGB28310_SGB40880"	"Sequencing_Depth"	"Sequencing_Depth"	"Sequencing_Depth"	0.884301298338452	0	1.25880931968125	0.482373467815705	0.848069833758235	0.73206277317886	0.919497774617439	NA	"prevalence"	20	16
"GGB28946_SGB41652"	"Genotype"	"MUT"	"GenotypeMUT"	-1.64148950067724	0	2.31507803884713	0.478297894249433	0.848069833758235	0.478297894249433	0.866057264686205	NA	"prevalence"	20	2
"GGB30461_SGB102216"	"Sequencing_Depth"	"Sequencing_Depth"	"Sequencing_Depth"	0.722403314124868	0	1.02546300580367	0.48114292482567	0.848069833758235	0.48114292482567	0.866057264686205	NA	"prevalence"	20	2
"GGB30475_SGB63182"	"Genotype"	"MUT"	"GenotypeMUT"	-1.33027886354288	0	1.86886241284138	0.476581143905983	0.848069833758235	0.476581143905983	0.866057264686205	NA	"prevalence"	20	3
"GGB70518_SGB94950"	"Sequencing_Depth"	"Sequencing_Depth"	"Sequencing_Depth"	0.899245469973811	0	1.24276011522746	0.469319123940967	0.848069833758235	0.469319123940967	0.866057264686205	NA	"prevalence"	20	2
"Ligilactobacillus_murinus"	"Sequencing_Depth"	"Sequencing_Depth"	"Sequencing_Depth"	0.797775536494923	0	1.12956335153915	0.480020891068937	0.848069833758235	0.729621726275258	0.919497774617439	NA	"prevalence"	20	12
"Neglectibacter_caecimuris"	"Sequencing_Depth"	"Sequencing_Depth"	"Sequencing_Depth"	0.722403314124868	0	1.02546300580367	0.48114292482567	0.848069833758235	0.48114292482567	0.866057264686205	NA	"prevalence"	20	2
"Oscillibacter_SGB43499"	"Genotype"	"MUT"	"GenotypeMUT"	-1.64148950067724	0	2.31507803884713	0.478297894249433	0.848069833758235	0.478297894249433	0.866057264686205	NA	"prevalence"	20	2
"GGB75725_SGB102612"	"Genotype"	"MUT"	"GenotypeMUT"	-0.358126614989742	0.308393966932753	0.875490608331074	0.485639861458663	0.848406986885616	0.560177551084998	0.896208167337896	NA	"abundance"	20	9
"GGB46162_SGB63930"	"Genotype"	"MUT"	"GenotypeMUT"	-0.253213832097586	0.308393966932753	0.76121653760316	0.490584671118	0.854471799544866	0.261929260263446	0.802978798198283	NA	"abundance"	20	11
"GGB27478_SGB39772"	"Genotype"	"MUT"	"GenotypeMUT"	-1.26383639252179	0	1.87550087977607	0.500396470222987	0.863779621218251	0.500396470222987	0.880242881710436	NA	"prevalence"	20	3
"GGB28901_SGB41592"	"Genotype"	"MUT"	"GenotypeMUT"	-1.26383639252179	0	1.87550087977607	0.500396470222987	0.863779621218251	0.500396470222987	0.880242881710436	NA	"prevalence"	20	3
"Parvibacter_caecicola"	"Genotype"	"MUT"	"GenotypeMUT"	-0.995938396797551	0	1.47698031831346	0.500116055940147	0.863779621218251	0.444614671961194	0.857229066158229	NA	"prevalence"	20	10
"GGB30861_SGB44083"	"Sex"	"M"	"SexM"	0.103633459105006	0.526954274031105	0.584007718543367	0.502028746717047	0.864025736189576	0.752024630903805	0.919497774617439	NA	"abundance"	20	13
"Turicimonas_muris"	"Sequencing_Depth"	"Sequencing_Depth"	"Sequencing_Depth"	0.565664814653959	0	0.854675002655075	0.508068735189635	0.871833924289907	0.647398785505423	0.919497774617439	NA	"prevalence"	20	12
"Bifidobacterium_pseudolongum"	"Sequencing_Depth"	"Sequencing_Depth"	"Sequencing_Depth"	0.524726159158355	0	0.795980132232599	0.509754395674812	0.872146163691419	0.759659247439831	0.919497774617439	NA	"prevalence"	20	16
"Lactobacillus_johnsonii"	"Sequencing_Depth"	"Sequencing_Depth"	"Sequencing_Depth"	-1.13516824570026	-0.276689594427632	1.25785246366418	0.512833021745762	0.874832801801594	0.659283549628036	0.919497774617439	NA	"abundance"	20	12
"GGB28803_SGB41457"	"Genotype"	"MUT"	"GenotypeMUT"	-1.42280567312141	0	2.19254092501739	0.516383596011448	0.87830640963824	0.516383596011448	0.892144873466207	NA	"prevalence"	20	2
"GGB25041_SGB36960"	"Sequencing_Depth"	"Sequencing_Depth"	"Sequencing_Depth"	-0.899525603169707	-0.276689594427632	0.805946660077603	0.520019956918199	0.881905190095192	0.69384151319419	0.919497774617439	NA	"abundance"	20	6
"Eubacteriaceae_bacterium"	"Sequencing_Depth"	"Sequencing_Depth"	"Sequencing_Depth"	-0.519244133674682	-0.276689594427632	0.341937170371076	0.526555088802332	0.885223047841601	0.775849916061032	0.919497774617439	NA	"abundance"	20	8
"GGB25041_SGB36960"	"Sex"	"M"	"SexM"	-0.791836015108083	0.526954274031105	1.72452851880329	0.523603081817519	0.885223047841601	0.604579206317574	0.910397481886775	NA	"abundance"	20	6
"GGB24148_SGB35952"	"Sequencing_Depth"	"Sequencing_Depth"	"Sequencing_Depth"	0.494695289638483	0	0.780508331239895	0.526203735615043	0.885223047841601	0.219896762757814	0.802978798198283	NA	"prevalence"	20	14
"Clostridiaceae_bacterium"	"Genotype"	"MUT"	"GenotypeMUT"	-0.911934898526731	0	1.44868545770094	0.529027459723747	0.886809036531137	0.778184866305734	0.919497774617439	NA	"prevalence"	20	7
"Adlercreutzia_caecimuris"	"Sequencing_Depth"	"Sequencing_Depth"	"Sequencing_Depth"	0.155844949241484	-0.276689594427632	0.670192298051707	0.534559704824524	0.888834045597167	0.607774478621766	0.911661717932649	NA	"abundance"	20	13
"Bacteroidales_bacterium"	"Sequencing_Depth"	"Sequencing_Depth"	"Sequencing_Depth"	0.0728134703847319	-0.276689594427632	0.541925195126369	0.537176930694393	0.888834045597167	0.279883257039244	0.802978798198283	NA	"abundance"	20	12
"GGB42598_SGB59794"	"Genotype"	"MUT"	"GenotypeMUT"	1.03896136973832	0.308393966932753	1.0938029596029	0.53467708149889	0.888834045597167	0.78347458151761	0.919497774617439	NA	"abundance"	20	9
"GGB70852_SGB95305"	"Sequencing_Depth"	"Sequencing_Depth"	"Sequencing_Depth"	0.198725541066639	-0.276689594427632	0.737245630141845	0.537897844835527	0.888834045597167	0.786461598192349	0.919497774617439	NA	"abundance"	20	11
"Muribaculaceae_bacterium"	"Sex"	"M"	"SexM"	1.06435677358564	0.526954274031105	0.818336401921188	0.536304187995044	0.888834045597167	0.509855539989108	0.884816564913832	NA	"abundance"	20	12
"Bifidobacterium_pseudolongum"	"Sex"	"M"	"SexM"	1.50805592155101	0.526954274031105	1.62342340206155	0.556238324958169	0.891064716622913	0.803075575764068	0.919497774617439	NA	"abundance"	20	16
"Duncaniella_dubosii"	"Sequencing_Depth"	"Sequencing_Depth"	"Sequencing_Depth"	0.416527493274927	-0.276689594427632	1.14668890009549	0.563577761213372	0.891064716622913	0.809535629492467	0.924160143402905	NA	"abundance"	20	11
"Faecalibaculum_rodentium"	"Genotype"	"MUT"	"GenotypeMUT"	0.765224741196091	0.308393966932753	0.721505922975527	0.543437169741508	0.891064716622913	0.543437169741508	0.896208167337896	NA	"abundance"	20	20
"GGB14001_SGB21428"	"Sequencing_Depth"	"Sequencing_Depth"	"Sequencing_Depth"	-0.573312053843732	-0.276689594427632	0.493371659306819	0.560581433476198	0.891064716622913	0.73206277317886	0.919497774617439	NA	"abundance"	20	16
"GGB27885_SGB40319"	"Genotype"	"MUT"	"GenotypeMUT"	1.48057486069749	0.308393966932753	1.86617354369621	0.551238275302082	0.891064716622913	0.167866400384451	0.802978798198283	NA	"abundance"	20	10
"Muribaculum_intestinale"	"Sex"	"M"	"SexM"	0.145845808102475	0.526954274031105	0.628427213803746	0.567208227820255	0.891064716622913	0.261822825640487	0.802978798198283	NA	"abundance"	20	14
"Parasutterella_muris"	"Sequencing_Depth"	"Sequencing_Depth"	"Sequencing_Depth"	-0.576052591310044	-0.276689594427632	0.467821118417742	0.54563105567034	0.891064716622913	0.258337557687329	0.802978798198283	NA	"abundance"	20	11
"Turicimonas_muris"	"Sex"	"M"	"SexM"	1.46757157174005	0.526954274031105	1.50492598675479	0.548693346252225	0.891064716622913	0.212606488751626	0.802978798198283	NA	"abundance"	20	12
"Acutalibacter_caecimuris"	"Genotype"	"MUT"	"GenotypeMUT"	-1.17890841165904	0	2.03878222472621	0.563101110536197	0.891064716622913	0.563101110536197	0.896208167337896	NA	"prevalence"	20	3
"Acutalibacter_muris"	"Genotype"	"MUT"	"GenotypeMUT"	0.933736914333246	0	1.63711910737195	0.568437836466341	0.891064716622913	0.568437836466341	0.896208167337896	NA	"prevalence"	20	4
"Bacillota_unclassified_SGB63211"	"Genotype"	"MUT"	"GenotypeMUT"	0.933736914333246	0	1.63711910737195	0.568437836466341	0.891064716622913	0.568437836466341	0.896208167337896	NA	"prevalence"	20	4
"GGB27480_SGB39776"	"Sex"	"M"	"SexM"	0.898233886625439	0	1.5223884184407	0.555179763526503	0.891064716622913	0.555179763526503	0.896208167337896	NA	"prevalence"	20	3
"GGB28769_SGB41421"	"Genotype"	"MUT"	"GenotypeMUT"	-1.17890841165904	0	2.03878222472621	0.563101110536197	0.891064716622913	0.563101110536197	0.896208167337896	NA	"prevalence"	20	3
"GGB30461_SGB63209"	"Genotype"	"MUT"	"GenotypeMUT"	-1.2294283412889	0	2.06319138730259	0.551250907779154	0.891064716622913	0.551250907779154	0.896208167337896	NA	"prevalence"	20	3
"GGB42570_SGB59765"	"Sex"	"M"	"SexM"	-0.683338007666283	0	1.19390063914854	0.567079789464462	0.891064716622913	0.392247637013919	0.833520215935578	NA	"prevalence"	20	6
"GGB46159_SGB63927"	"Genotype"	"MUT"	"GenotypeMUT"	0.699165561680464	0	1.15519596183429	0.545022556389964	0.891064716622913	0.792995525806076	0.919497774617439	NA	"prevalence"	20	15
"GGB75057_SGB102223"	"Sex"	"M"	"SexM"	-0.925688937126277	0	1.62165366754482	0.568114728557565	0.891064716622913	0.568114728557565	0.896208167337896	NA	"prevalence"	20	4
"Lachnospiraceae_bacterium"	"Sex"	"M"	"SexM"	-0.820537567022947	0	1.3784982520924	0.551682926403551	0.891064716622913	0.799011801521917	0.919497774617439	NA	"prevalence"	20	16
"Parasutterella_muris"	"Sex"	"M"	"SexM"	-0.716188168414391	0	1.17277660806608	0.541413171428793	0.891064716622913	0.789698120661003	0.919497774617439	NA	"prevalence"	20	11
"GGB42646_SGB59844"	"Sex"	"M"	"SexM"	-0.903148377634021	0	1.62239492133498	0.577748791140392	0.903219134397378	0.577748791140392	0.89781022333299	NA	"prevalence"	20	4
"GGB29531_SGB42317"	"Genotype"	"MUT"	"GenotypeMUT"	1.98995722881999	0.308393966932753	2.18270622018779	0.581091739393012	0.906003249591254	0.824515869195227	0.933004799352494	NA	"abundance"	20	5
"Clostridiaceae_bacterium"	"Sex"	"M"	"SexM"	-0.672851312641908	0	1.25801071767193	0.592751232289858	0.911924972753627	0.591580379715536	0.89781022333299	NA	"prevalence"	20	7
"GGB115370_SGB161393"	"Sex"	"M"	"SexM"	-0.882821783265403	0	1.64508689502794	0.591515320719336	0.911924972753627	0.591515320719336	0.89781022333299	NA	"prevalence"	20	3
"GGB28904_SGB41597"	"Sex"	"M"	"SexM"	0.839709499279569	0	1.55582086770651	0.589389320268545	0.911924972753627	0.589389320268545	0.89781022333299	NA	"prevalence"	20	3
"GGB30454_SGB43516"	"Sex"	"M"	"SexM"	-0.882821783265403	0	1.64508689502794	0.591515320719336	0.911924972753627	0.591515320719336	0.89781022333299	NA	"prevalence"	20	3
"GGB45514_SGB63186"	"Genotype"	"MUT"	"GenotypeMUT"	0.894547965292772	0	1.65337894424323	0.588478419481559	0.911924972753627	0.588478419481559	0.89781022333299	NA	"prevalence"	20	4
"Adlercreutzia_aquisgranensis"	"Sequencing_Depth"	"Sequencing_Depth"	"Sequencing_Depth"	-0.437630473988263	-0.276689594427632	0.309219999224159	0.629333634681637	0.926067924326532	0.428346009148172	0.841471601727627	NA	"abundance"	20	11
"Adlercreutzia_muris"	"Sequencing_Depth"	"Sequencing_Depth"	"Sequencing_Depth"	-0.440386622101511	-0.276689594427632	0.318102089138651	0.626850958106036	0.926067924326532	0.431344165905682	0.843081778815651	NA	"abundance"	20	14
"GGB27482_SGB39778"	"Sequencing_Depth"	"Sequencing_Depth"	"Sequencing_Depth"	-0.435622383076886	-0.276689594427632	0.305042179728383	0.634805772268404	0.926067924326532	0.448984106640346	0.857229066158229	NA	"abundance"	20	9
"GGB27929_SGB40368"	"Sex"	"M"	"SexM"	1.08300463521202	0.526954274031105	1.06325779125395	0.616086349071447	0.926067924326532	0.852610308630709	0.944119149251653	NA	"abundance"	20	12
"GGB29531_SGB42317"	"Sequencing_Depth"	"Sequencing_Depth"	"Sequencing_Depth"	0.277392096638382	-0.276689594427632	0.871038784307977	0.638346447089386	0.926067924326532	0.253056393440069	0.802978798198283	NA	"abundance"	20	5
"Hominisplanchenecus_murintestinalis"	"Sex"	"M"	"SexM"	-0.484664863805706	0.526954274031105	1.76988100123463	0.62369487606339	0.926067924326532	0.858394453699053	0.944119149251653	NA	"abundance"	20	5
"Lactobacillus_johnsonii"	"Genotype"	"MUT"	"GenotypeMUT"	1.5782283083052	0.308393966932753	2.53696494400978	0.628072429807578	0.926067924326532	0.449657623850441	0.857229066158229	NA	"abundance"	20	12
"Parasutterella_muris"	"Sex"	"M"	"SexM"	0.889496633728108	0.526954274031105	0.710648152996859	0.633018209673296	0.926067924326532	0.789698120661003	0.919497774617439	NA	"abundance"	20	11
"Acutalibacter_intestini"	"Sex"	"M"	"SexM"	0.710430676309901	0	1.49823109464708	0.635371813127528	0.926067924326532	0.635371813127528	0.915289080268434	NA	"prevalence"	20	4
"Clostridia_bacterium"	"Genotype"	"MUT"	"GenotypeMUT"	0.597785812287549	0	1.25122104275722	0.632819641958229	0.926067924326532	0.221834324798942	0.802978798198283	NA	"prevalence"	20	8
"GGB28382_SGB40962"	"Sequencing_Depth"	"Sequencing_Depth"	"Sequencing_Depth"	0.442228398997682	0	0.890300933147317	0.619388006430586	0.926067924326532	0.619388006430586	0.915289080268434	NA	"prevalence"	20	2
"GGB28796_SGB41449"	"Sequencing_Depth"	"Sequencing_Depth"	"Sequencing_Depth"	0.442228398997682	0	0.890300933147317	0.619388006430586	0.926067924326532	0.619388006430586	0.915289080268434	NA	"prevalence"	20	2
"GGB30298_SGB43262"	"Genotype"	"MUT"	"GenotypeMUT"	-0.747282820092787	0	1.5256709248911	0.624271162731737	0.926067924326532	0.624271162731737	0.915289080268434	NA	"prevalence"	20	5
"GGB30461_SGB102216"	"Genotype"	"MUT"	"GenotypeMUT"	-0.937357177836252	0	1.93839818345764	0.628688884330084	0.926067924326532	0.628688884330084	0.915289080268434	NA	"prevalence"	20	2
"GGB30461_SGB102216"	"Sex"	"M"	"SexM"	-0.793351295158929	0	1.68908179144805	0.638573776931466	0.926067924326532	0.638573776931466	0.915289080268434	NA	"prevalence"	20	2
"GGB30461_SGB43529"	"Genotype"	"MUT"	"GenotypeMUT"	-0.951759021241984	0	1.97423351509207	0.62974173054226	0.926067924326532	0.62974173054226	0.915289080268434	NA	"prevalence"	20	4
"GGB30475_SGB63182"	"Sequencing_Depth"	"Sequencing_Depth"	"Sequencing_Depth"	0.509738247116409	0	0.983457459842152	0.604240286678213	0.926067924326532	0.604240286678213	0.910397481886775	NA	"prevalence"	20	3
"GGB42598_SGB59794"	"Sequencing_Depth"	"Sequencing_Depth"	"Sequencing_Depth"	-0.312922368513093	0	0.666412429869998	0.638667534018298	0.926067924326532	0.229917170248108	0.802978798198283	NA	"prevalence"	20	9
"GGB75879_SGB103683"	"Sequencing_Depth"	"Sequencing_Depth"	"Sequencing_Depth"	0.346668273607154	0	0.726258734445063	0.633124022471614	0.926067924326532	0.865402017112591	0.944119149251653	NA	"prevalence"	20	10
"Lachnospiraceae_unclassified_SGB7275"	"Sex"	"M"	"SexM"	0.710430676309901	0	1.49823109464708	0.635371813127528	0.926067924326532	0.635371813127528	0.915289080268434	NA	"prevalence"	20	4
"Limosilactobacillus_reuteri"	"Genotype"	"MUT"	"GenotypeMUT"	-0.774312307480415	0	1.63543313913824	0.635884973942136	0.926067924326532	0.867420247798881	0.944119149251653	NA	"prevalence"	20	11
"Neglectibacter_caecimuris"	"Genotype"	"MUT"	"GenotypeMUT"	-0.937357177836252	0	1.93839818345764	0.628688884330084	0.926067924326532	0.628688884330084	0.915289080268434	NA	"prevalence"	20	2
"Neglectibacter_caecimuris"	"Sex"	"M"	"SexM"	-0.793351295158929	0	1.68908179144805	0.638573776931466	0.926067924326532	0.638573776931466	0.915289080268434	NA	"prevalence"	20	2
"Bifidobacterium_pseudolongum"	"Genotype"	"MUT"	"GenotypeMUT"	1.1293440929881	0.308393966932753	1.7925966437991	0.653301873553798	0.936534202503505	0.279478100086736	0.802978798198283	NA	"abundance"	20	16
"GGB46159_SGB63927"	"Genotype"	"MUT"	"GenotypeMUT"	0.735123564246678	0.308393966932753	0.946809808334586	0.662230898668291	0.936534202503505	0.792995525806076	0.919497774617439	NA	"abundance"	20	15
"GGB46159_SGB63927"	"Sequencing_Depth"	"Sequencing_Depth"	"Sequencing_Depth"	-0.546760055263635	-0.276689594427632	0.576194618584773	0.648319887751048	0.936534202503505	0.475770339613318	0.866057264686205	NA	"abundance"	20	15
"GGB75725_SGB102612"	"Sex"	"M"	"SexM"	0.0717739367136836	0.526954274031105	0.979227093901517	0.66153833833768	0.936534202503505	0.192290216685345	0.802978798198283	NA	"abundance"	20	9
"Sangeribacter_muris"	"Sex"	"M"	"SexM"	0.182429122335782	0.526954274031105	0.719483615217181	0.654600032367155	0.936534202503505	0.370237064460121	0.833520215935578	NA	"abundance"	20	10
"Akkermansia_muciniphila"	"Genotype"	"MUT"	"GenotypeMUT"	0.514126509782962	0	1.182376626116	0.663689706714913	0.936534202503505	0.697200619250458	0.919497774617439	NA	"prevalence"	20	16
"Duncaniella_muricolitica"	"Sex"	"M"	"SexM"	-0.509850978282695	0	1.15629300297066	0.659259476554528	0.936534202503505	0.883895895682105	0.944119149251653	NA	"prevalence"	20	13
"GGB14001_SGB21428"	"Genotype"	"MUT"	"GenotypeMUT"	0.514126509782962	0	1.182376626116	0.663689706714913	0.936534202503505	0.197002026376539	0.802978798198283	NA	"prevalence"	20	16
"GGB28310_SGB40880"	"Genotype"	"MUT"	"GenotypeMUT"	0.514126509782962	0	1.182376626116	0.663689706714913	0.936534202503505	0.552033649284533	0.896208167337896	NA	"prevalence"	20	16
"GGB28778_SGB41431"	"Sequencing_Depth"	"Sequencing_Depth"	"Sequencing_Depth"	-0.371786425826615	0	0.828412394595632	0.653580342642733	0.936534202503505	0.653580342642733	0.919497774617439	NA	"prevalence"	20	4
"GGB3171_SGB4185"	"Genotype"	"MUT"	"GenotypeMUT"	0.803440321586231	0	1.85698106830095	0.665262226605938	0.936534202503505	0.665262226605938	0.919497774617439	NA	"prevalence"	20	4
"Muricaecibacterium_torontonense"	"Sex"	"M"	"SexM"	0.5775100711324	0	1.29870034199392	0.656548796858162	0.936534202503505	0.247712616412945	0.802978798198283	NA	"prevalence"	20	15
"GGB42570_SGB59765"	"Genotype"	"MUT"	"GenotypeMUT"	-0.176289574310486	0.308393966932753	0.974567101873741	0.668896726056466	0.936576410345938	0.890370621983873	0.944119149251653	NA	"abundance"	20	6
"Anaerostipes_hominis_ex_Lee_et_al_2021"	"Genotype"	"MUT"	"GenotypeMUT"	0.703411695939447	0	1.64508890498643	0.668954901385594	0.936576410345938	0.668954901385594	0.919497774617439	NA	"prevalence"	20	2
"GGB22635_SGB33556"	"Genotype"	"MUT"	"GenotypeMUT"	0.549387544074128	0	1.29755595191053	0.672002121457555	0.936576410345938	0.672002121457555	0.919497774617439	NA	"prevalence"	20	4
"GGB28934_SGB41635"	"Sex"	"M"	"SexM"	0.851923686917032	0	2.03167015401445	0.674980930214832	0.936576410345938	0.674980930214832	0.919497774617439	NA	"prevalence"	20	2
"GGB30861_SGB44083"	"Sex"	"M"	"SexM"	-0.578920518068125	0	1.36879570824544	0.672337939033911	0.936576410345938	0.752024630903805	0.919497774617439	NA	"prevalence"	20	13
"Schaedlerella_arabinosiphila"	"Sex"	"M"	"SexM"	0.851923686917032	0	2.03167015401445	0.674980930214832	0.936576410345938	0.674980930214832	0.919497774617439	NA	"prevalence"	20	2
"GGB27482_SGB39778"	"Genotype"	"MUT"	"GenotypeMUT"	0.00552649047894395	0.308393966932753	0.657674593453781	0.681645300414483	0.943566286969929	0.627778888165091	0.915289080268434	NA	"abundance"	20	9
"GGB27885_SGB40319"	"Sex"	"M"	"SexM"	0.862684941738487	0.526954274031105	0.779938745318463	0.687169879443494	0.944657093230797	0.902137315672602	0.944119149251653	NA	"abundance"	20	10
"GGB42598_SGB59794"	"Sex"	"M"	"SexM"	1.00853223168897	0.526954274031105	1.12808647782881	0.687319471281718	0.944657093230797	0.386579336061485	0.833520215935578	NA	"abundance"	20	9
"Turicimonas_muris"	"Genotype"	"MUT"	"GenotypeMUT"	-0.513888372435783	0.308393966932753	1.96847476244712	0.684730662958466	0.944657093230797	0.191790275868593	0.802978798198283	NA	"abundance"	20	12
"GGB25041_SGB36960"	"Genotype"	"MUT"	"GenotypeMUT"	-0.514570259130643	0	1.2910167961885	0.690204536233003	0.946379742352581	0.904026770629391	0.944119149251653	NA	"prevalence"	20	6
"Lachnospiraceae_bacterium"	"Sex"	"M"	"SexM"	0.162779929963004	0.526954274031105	0.900400226808454	0.694541774876299	0.947917646164362	0.799011801521917	0.919497774617439	NA	"abundance"	20	16
"Paramuribaculum_intestinale"	"Sex"	"M"	"SexM"	-0.0141495768119548	0.526954274031105	1.32221938032868	0.698729051550709	0.947917646164362	0.155946469947578	0.802978798198283	NA	"abundance"	20	11
"GGB28870_SGB41545"	"Genotype"	"MUT"	"GenotypeMUT"	0.642349596656182	0	1.66963877106888	0.700442138171641	0.947917646164362	0.700442138171641	0.919497774617439	NA	"prevalence"	20	2
"GGB28956_SGB41665"	"Genotype"	"MUT"	"GenotypeMUT"	0.642349596656182	0	1.66963877106888	0.700442138171641	0.947917646164362	0.700442138171641	0.919497774617439	NA	"prevalence"	20	2
"GGB30455_SGB43519"	"Genotype"	"MUT"	"GenotypeMUT"	0.500732097263055	0	1.30469458471664	0.701132190007778	0.947917646164362	0.701132190007778	0.919497774617439	NA	"prevalence"	20	4
"Hominisplanchenecus_murintestinalis"	"Sex"	"M"	"SexM"	0.501054753584303	0	1.2972648670637	0.699319405146329	0.947917646164362	0.858394453699053	0.944119149251653	NA	"prevalence"	20	5
"Duncaniella_muricolitica"	"Sex"	"M"	"SexM"	0.796676594418133	0.526954274031105	0.874971513719085	0.765938654983745	0.949040161876211	0.883895895682105	0.944119149251653	NA	"abundance"	20	13
"Faecalibaculum_rodentium"	"Sequencing_Depth"	"Sequencing_Depth"	"Sequencing_Depth"	-0.118729906320344	-0.276689594427632	0.46514674239803	0.738166377790386	0.949040161876211	0.738166377790386	0.919497774617439	NA	"abundance"	20	20
"GGB1503_SGB2082"	"Sex"	"M"	"SexM"	0.228900236988873	0.526954274031105	0.792521290097105	0.719257361385056	0.949040161876211	0.243675732458343	0.802978798198283	NA	"abundance"	20	12
"GGB24148_SGB35952"	"Sex"	"M"	"SexM"	0.886384850847763	0.526954274031105	0.99619119406948	0.726628844247698	0.949040161876211	0.92526821120265	0.954876793961135	NA	"abundance"	20	14
"GGB28310_SGB40880"	"Sequencing_Depth"	"Sequencing_Depth"	"Sequencing_Depth"	-0.405354966066291	-0.276689594427632	0.332648177365373	0.712687571681828	0.949040161876211	0.73206277317886	0.919497774617439	NA	"abundance"	20	16
"GGB30045_SGB42945"	"Genotype"	"MUT"	"GenotypeMUT"	0.0487208723856329	0.308393966932753	0.678164952400621	0.715522142247054	0.949040161876211	0.407565702357842	0.833520215935578	NA	"abundance"	20	12
"GGB30294_SGB43258"	"Sequencing_Depth"	"Sequencing_Depth"	"Sequencing_Depth"	0.144348982160229	-0.276689594427632	1.01089076651609	0.716340171578439	0.949040161876211	0.170749900501347	0.802978798198283	NA	"abundance"	20	6
"GGB70852_SGB95305"	"Genotype"	"MUT"	"GenotypeMUT"	0.728573419467988	0.308393966932753	1.39264973843054	0.770175889999725	0.949040161876211	0.202255009992848	0.802978798198283	NA	"abundance"	20	11
"Muribaculaceae_bacterium"	"Sequencing_Depth"	"Sequencing_Depth"	"Sequencing_Depth"	-0.090629536151081	-0.276689594427632	0.494392592314426	0.716370213155977	0.949040161876211	0.279883257039244	0.802978798198283	NA	"abundance"	20	12
"Parasutterella_muris"	"Genotype"	"MUT"	"GenotypeMUT"	0.639194199887877	0.308393966932753	0.839881057314184	0.707616995847829	0.949040161876211	0.588582562980116	0.89781022333299	NA	"abundance"	20	11
"Acutalibacter_caecimuris"	"Sex"	"M"	"SexM"	-0.53403968893363	0	1.66332734404415	0.748159540838877	0.949040161876211	0.748159540838877	0.919497774617439	NA	"prevalence"	20	3
"Bacillota_unclassified_SGB43543"	"Genotype"	"MUT"	"GenotypeMUT"	0.536400140404593	0	1.75648274195463	0.760074393596729	0.949040161876211	0.760074393596729	0.919497774617439	NA	"prevalence"	20	3
"Bifidobacterium_pseudolongum"	"Sex"	"M"	"SexM"	-0.532826918727005	0	1.4565269764066	0.71449928212911	0.949040161876211	0.803075575764068	0.919497774617439	NA	"prevalence"	20	16
"Blautia_pseudococcoides"	"Genotype"	"MUT"	"GenotypeMUT"	0.57506471798361	0	1.79759347258738	0.749037995028486	0.949040161876211	0.749037995028486	0.919497774617439	NA	"prevalence"	20	2
"GGB115370_SGB161393"	"Genotype"	"MUT"	"GenotypeMUT"	-0.57492035682022	0	1.77062323095365	0.745408564823058	0.949040161876211	0.745408564823058	0.919497774617439	NA	"prevalence"	20	3
"GGB27866_SGB40300"	"Sex"	"M"	"SexM"	-0.443713286140061	0	1.47026106142291	0.762810495018455	0.949040161876211	0.733571194257027	0.919497774617439	NA	"prevalence"	20	10
"GGB27873_SGB41457"	"Sequencing_Depth"	"Sequencing_Depth"	"Sequencing_Depth"	-0.272999985107345	0	0.891341044987942	0.759391423089633	0.949040161876211	0.759391423089633	0.919497774617439	NA	"prevalence"	20	2
"GGB27894_SGB40329"	"Genotype"	"MUT"	"GenotypeMUT"	0.57506471798361	0	1.79759347258738	0.749037995028486	0.949040161876211	0.749037995028486	0.919497774617439	NA	"prevalence"	20	2
"GGB28380_SGB40960"	"Genotype"	"MUT"	"GenotypeMUT"	0.57506471798361	0	1.79759347258738	0.749037995028486	0.949040161876211	0.749037995028486	0.919497774617439	NA	"prevalence"	20	2
"GGB28382_SGB40962"	"Sex"	"M"	"SexM"	0.530784306973247	0	1.58901909023595	0.73835489771852	0.949040161876211	0.73835489771852	0.919497774617439	NA	"prevalence"	20	2
"GGB28769_SGB41421"	"Sex"	"M"	"SexM"	-0.53403968893363	0	1.66332734404415	0.748159540838877	0.949040161876211	0.748159540838877	0.919497774617439	NA	"prevalence"	20	3
"GGB28793_SGB41446"	"Genotype"	"MUT"	"GenotypeMUT"	0.527619150212088	0	1.81015325042882	0.77068606248913	0.949040161876211	0.77068606248913	0.919497774617439	NA	"prevalence"	20	2
"GGB28796_SGB41449"	"Sex"	"M"	"SexM"	0.530784306973247	0	1.58901909023595	0.73835489771852	0.949040161876211	0.73835489771852	0.919497774617439	NA	"prevalence"	20	2
"GGB28803_SGB41457"	"Sex"	"M"	"SexM"	-0.530347913952523	0	1.70194794078467	0.755335184602879	0.949040161876211	0.755335184602879	0.919497774617439	NA	"prevalence"	20	2
"GGB28934_SGB41635"	"Genotype"	"MUT"	"GenotypeMUT"	-0.663613059452698	0	2.26137472977733	0.769173938660918	0.949040161876211	0.769173938660918	0.919497774617439	NA	"prevalence"	20	2
"GGB28949_SGB41655"	"Genotype"	"MUT"	"GenotypeMUT"	0.527619150212088	0	1.81015325042882	0.77068606248913	0.949040161876211	0.77068606248913	0.919497774617439	NA	"prevalence"	20	2
"GGB28990_SGB41704"	"Genotype"	"MUT"	"GenotypeMUT"	0.527619150212088	0	1.81015325042882	0.77068606248913	0.949040161876211	0.77068606248913	0.919497774617439	NA	"prevalence"	20	2
"GGB29003_SGB41719"	"Genotype"	"MUT"	"GenotypeMUT"	0.634719124875706	0	1.78257420897524	0.72178901451872	0.949040161876211	0.72178901451872	0.919497774617439	NA	"prevalence"	20	2
"GGB29531_SGB42317"	"Genotype"	"MUT"	"GenotypeMUT"	0.413708344013808	0	1.34782951521776	0.758885906280384	0.949040161876211	0.824515869195227	0.933004799352494	NA	"prevalence"	20	5
"GGB30296_SGB43260"	"Genotype"	"MUT"	"GenotypeMUT"	0.527619150212088	0	1.81015325042882	0.77068606248913	0.949040161876211	0.77068606248913	0.919497774617439	NA	"prevalence"	20	2
"GGB30454_SGB43516"	"Genotype"	"MUT"	"GenotypeMUT"	-0.57492035682022	0	1.77062323095365	0.745408564823058	0.949040161876211	0.745408564823058	0.919497774617439	NA	"prevalence"	20	3
"GGB30461_SGB43529"	"Sex"	"M"	"SexM"	-0.576362747678507	0	1.64299684212546	0.725738645866132	0.949040161876211	0.725738645866132	0.919497774617439	NA	"prevalence"	20	4
"GGB30461_SGB63209"	"Sex"	"M"	"SexM"	-0.508625080564183	0	1.66517106720407	0.760024095859181	0.949040161876211	0.760024095859181	0.919497774617439	NA	"prevalence"	20	3
"GGB30861_SGB44083"	"Genotype"	"MUT"	"GenotypeMUT"	0.372261243053404	0	1.18514045536984	0.753439561675198	0.949040161876211	0.218849608769728	0.802978798198283	NA	"prevalence"	20	13
"GGB70518_SGB94950"	"Sex"	"M"	"SexM"	0.561140459680539	0	1.53376657486991	0.714471189640484	0.949040161876211	0.714471189640484	0.919497774617439	NA	"prevalence"	20	2
"GGB75104_SGB102231"	"Genotype"	"MUT"	"GenotypeMUT"	0.634719124875706	0	1.78257420897524	0.72178901451872	0.949040161876211	0.72178901451872	0.919497774617439	NA	"prevalence"	20	2
"Lachnospiraceae_bacterium"	"Genotype"	"MUT"	"GenotypeMUT"	-0.412716005395845	0	1.11116193374629	0.710319208980869	0.949040161876211	0.196368138423939	0.802978798198283	NA	"prevalence"	20	16
"Lachnospiraceae_unclassified_SGB41405"	"Sex"	"M"	"SexM"	0.422606525654275	0	1.40857778048309	0.764159181758425	0.949040161876211	0.764159181758425	0.919497774617439	NA	"prevalence"	20	4
"Lactobacillus_intestinalis"	"Sequencing_Depth"	"Sequencing_Depth"	"Sequencing_Depth"	0.274448649552361	0	0.771710483835996	0.722112578166921	0.949040161876211	0.922778580786965	0.954876793961135	NA	"prevalence"	20	8
"Neglectibacter_sp_X4"	"Sequencing_Depth"	"Sequencing_Depth"	"Sequencing_Depth"	0.339220048329818	0	1.03763603398348	0.743731253972374	0.949040161876211	0.743731253972374	0.919497774617439	NA	"prevalence"	20	7
"Oscillospiraceae_bacterium"	"Genotype"	"MUT"	"GenotypeMUT"	0.527619150212088	0	1.81015325042882	0.77068606248913	0.949040161876211	0.77068606248913	0.919497774617439	NA	"prevalence"	20	2
"Schaedlerella_arabinosiphila"	"Genotype"	"MUT"	"GenotypeMUT"	-0.663613059452698	0	2.26137472977733	0.769173938660918	0.949040161876211	0.769173938660918	0.919497774617439	NA	"prevalence"	20	2
"GGB30045_SGB42945"	"Sex"	"M"	"SexM"	-0.342128579024454	0	1.19409453634246	0.774482049977043	0.949682006314345	0.0293937119560309	0.802978798198283	NA	"prevalence"	20	12
"GGB9439_SGB42949"	"Sex"	"M"	"SexM"	-0.342128579024454	0	1.19409453634246	0.774482049977043	0.949682006314345	0.274229606694712	0.802978798198283	NA	"prevalence"	20	12
"Lactobacillus_intestinalis"	"Sequencing_Depth"	"Sequencing_Depth"	"Sequencing_Depth"	-0.470382606366837	-0.276689594427632	0.660587618156332	0.783390917614178	0.955734659597514	0.922778580786965	0.954876793961135	NA	"abundance"	20	8
"Limosilactobacillus_reuteri"	"Genotype"	"MUT"	"GenotypeMUT"	0.813259200734339	0.308393966932753	1.76901270409907	0.782328029190274	0.955734659597514	0.867420247798881	0.944119149251653	NA	"abundance"	20	11
"GGB28904_SGB41597"	"Genotype"	"MUT"	"GenotypeMUT"	-0.416707811647824	0	1.52283409156613	0.784361548221408	0.955734659597514	0.784361548221408	0.919497774617439	NA	"prevalence"	20	3
"Turicibacter_sp_1E2"	"Sequencing_Depth"	"Sequencing_Depth"	"Sequencing_Depth"	-0.2188566185478	0	0.810238138416836	0.78707259551688	0.957027474632684	0.78707259551688	0.919497774617439	NA	"prevalence"	20	6
"Adlercreutzia_caecimuris"	"Genotype"	"MUT"	"GenotypeMUT"	0.663378864522342	0.308393966932753	1.35205134491382	0.79816026091349	0.958702890795565	0.276926229928424	0.802978798198283	NA	"abundance"	20	13
"GGB30045_SGB42945"	"Sequencing_Depth"	"Sequencing_Depth"	"Sequencing_Depth"	-0.377488113736261	-0.276689594427632	0.373927835307533	0.796410731967497	0.958702890795565	0.253696604257368	0.802978798198283	NA	"abundance"	20	12
"Acutalibacter_sp_1XD8_33"	"Sequencing_Depth"	"Sequencing_Depth"	"Sequencing_Depth"	-0.217702469803966	0	0.838013214653061	0.79503035220523	0.958702890795565	0.79503035220523	0.919497774617439	NA	"prevalence"	20	3
"Alistipes_timonensis"	"Genotype"	"MUT"	"GenotypeMUT"	0.464690355787115	0	1.82763477709383	0.799296417086152	0.958702890795565	0.799296417086152	0.919497774617439	NA	"prevalence"	20	2
"Clostridiales_bacterium"	"Genotype"	"MUT"	"GenotypeMUT"	0.316634186898028	0	1.25906118243076	0.801439658028831	0.958702890795565	0.960573790596292	0.973146745970589	NA	"prevalence"	20	8
"GGB28946_SGB41652"	"Sex"	"M"	"SexM"	-0.429091845711556	0	1.70829558663711	0.801673969027326	0.958702890795565	0.801673969027326	0.919497774617439	NA	"prevalence"	20	2
"Oscillibacter_SGB43496"	"Sequencing_Depth"	"Sequencing_Depth"	"Sequencing_Depth"	-0.217702469803966	0	0.838013214653061	0.79503035220523	0.958702890795565	0.79503035220523	0.919497774617439	NA	"prevalence"	20	3
"Oscillibacter_SGB43499"	"Sex"	"M"	"SexM"	-0.429091845711556	0	1.70829558663711	0.801673969027326	0.958702890795565	0.801673969027326	0.919497774617439	NA	"prevalence"	20	2
"Adlercreutzia_mucosicola"	"Sex"	"M"	"SexM"	1.01477551538527	0.526954274031105	1.87573416209628	0.804204558296448	0.959750295909341	0.315432935357835	0.826977830755677	NA	"abundance"	20	9
"Ligilactobacillus_murinus"	"Sequencing_Depth"	"Sequencing_Depth"	"Sequencing_Depth"	-0.584946711099309	-0.276689594427632	1.22345288146166	0.806364509226509	0.960351982241016	0.729621726275258	0.919497774617439	NA	"abundance"	20	12
"Clostridiales_bacterium"	"Sequencing_Depth"	"Sequencing_Depth"	"Sequencing_Depth"	-0.0961496352207908	-0.276689594427632	0.709275194004288	0.810858338153718	0.963725074035157	0.456044165576931	0.865142608226824	NA	"abundance"	20	8
"Coriobacteriaceae_bacterium"	"Genotype"	"MUT"	"GenotypeMUT"	0.760761908345906	0.308393966932753	2.7506617141997	0.872896978372131	0.964003309848445	0.41085408887812	0.833520215935578	NA	"abundance"	20	12
"Coriobacteriaceae_bacterium"	"Sequencing_Depth"	"Sequencing_Depth"	"Sequencing_Depth"	-0.56129222362078	-0.276689594427632	1.37584473873186	0.840559925852887	0.964003309848445	0.541316392544762	0.896208167337896	NA	"abundance"	20	12
"Duncaniella_dubosii"	"Genotype"	"MUT"	"GenotypeMUT"	-0.0369495741546017	0.308393966932753	2.16608404511253	0.878576820032607	0.964003309848445	0.202255009992848	0.802978798198283	NA	"abundance"	20	11
"Duncaniella_dubosii"	"Sex"	"M"	"SexM"	0.779990453314818	0.526954274031105	1.67106460517879	0.883331211134554	0.964003309848445	0.155946469947578	0.802978798198283	NA	"abundance"	20	11
"Duncaniella_muris"	"Genotype"	"MUT"	"GenotypeMUT"	0.18092882298276	0.308393966932753	0.903346666066236	0.891745155360959	0.964003309848445	0.373789479716231	0.833520215935578	NA	"abundance"	20	12
"Eubacteriaceae_bacterium"	"Genotype"	"MUT"	"GenotypeMUT"	0.395043585098288	0.308393966932753	0.6086835962211	0.896895547679736	0.964003309848445	0.982507640219354	0.985052996800233	NA	"abundance"	20	8
"GGB22635_SGB63107"	"Genotype"	"MUT"	"GenotypeMUT"	0.377545684263364	0.308393966932753	0.554263646423803	0.909154845667412	0.964003309848445	0.560177551084998	0.896208167337896	NA	"abundance"	20	9
"GGB22635_SGB63107"	"Sequencing_Depth"	"Sequencing_Depth"	"Sequencing_Depth"	-0.211248535745195	-0.276689594427632	0.27902171366394	0.829529506091358	0.964003309848445	0.472787306360279	0.866057264686205	NA	"abundance"	20	9
"GGB24132_SGB35935"	"Sex"	"M"	"SexM"	0.876227275734114	0.526954274031105	1.47605239565491	0.817451031504217	0.964003309848445	0.182662460315781	0.802978798198283	NA	"abundance"	20	13
"GGB27849_SGB40283"	"Sex"	"M"	"SexM"	0.871211382646395	0.526954274031105	1.46141865660771	0.819246927009665	0.964003309848445	0.509855539989108	0.884816564913832	NA	"abundance"	20	12
"GGB27876_SGB40310"	"Sex"	"M"	"SexM"	0.333032022746808	0.526954274031105	1.46835670324179	0.897464958756899	0.964003309848445	0.121091099218548	0.802978798198283	NA	"abundance"	20	12
"GGB29531_SGB42317"	"Sex"	"M"	"SexM"	0.780143104050044	0.526954274031105	1.41366397283125	0.886587112574756	0.964003309848445	0.987137516965869	0.987137516965869	NA	"abundance"	20	5
"GGB30046_SGB42947"	"Genotype"	"MUT"	"GenotypeMUT"	0.227332885853176	0.308393966932753	0.647801683308334	0.90731443988585	0.964003309848445	0.560177551084998	0.896208167337896	NA	"abundance"	20	9
"GGB46162_SGB63930"	"Sequencing_Depth"	"Sequencing_Depth"	"Sequencing_Depth"	-0.34714124174534	-0.276689594427632	0.371520222808541	0.855963233137772	0.964003309848445	0.428346009148172	0.841471601727627	NA	"abundance"	20	11
"GGB9439_SGB42949"	"Sequencing_Depth"	"Sequencing_Depth"	"Sequencing_Depth"	-0.186801112552073	-0.276689594427632	0.387390202264145	0.823433489820734	0.964003309848445	0.253696604257368	0.802978798198283	NA	"abundance"	20	12
"Muricaecibacterium_torontonense"	"Sequencing_Depth"	"Sequencing_Depth"	"Sequencing_Depth"	-0.207809661307292	-0.276689594427632	0.322946999375846	0.838060822518639	0.964003309848445	0.411375610448825	0.833520215935578	NA	"abundance"	20	15
"Paramuribaculum_intestinale"	"Genotype"	"MUT"	"GenotypeMUT"	0.576022426249419	0.308393966932753	1.71390040516243	0.879463790332155	0.964003309848445	0.202255009992848	0.802978798198283	NA	"abundance"	20	11
"Sangeribacter_muris"	"Sequencing_Depth"	"Sequencing_Depth"	"Sequencing_Depth"	-0.340888029193441	-0.276689594427632	0.40012880706385	0.878433148492472	0.964003309848445	0.424792086199609	0.841471601727627	NA	"abundance"	20	10
"Acutalibacter_intestini"	"Genotype"	"MUT"	"GenotypeMUT"	-0.221737675541484	0	1.48371237203769	0.881200229403784	0.964003309848445	0.881200229403784	0.944119149251653	NA	"prevalence"	20	4
"Blautia_pseudococcoides"	"Sex"	"M"	"SexM"	-0.270012816650475	0	1.88438219409811	0.886061282237459	0.964003309848445	0.886061282237459	0.944119149251653	NA	"prevalence"	20	2
"Caniella_muris"	"Genotype"	"MUT"	"GenotypeMUT"	0.229401809902035	0	1.08047832482412	0.831861254623995	0.964003309848445	0.246298590916347	0.802978798198283	NA	"prevalence"	20	11
"Duncaniella_dubosii"	"Sequencing_Depth"	"Sequencing_Depth"	"Sequencing_Depth"	-0.0899649463760219	0	0.777710694311632	0.907906796222394	0.964003309848445	0.809535629492467	0.924160143402905	NA	"prevalence"	20	11
"Duncaniella_muricolitica"	"Genotype"	"MUT"	"GenotypeMUT"	0.177508587670684	0	1.02966240057723	0.863127049996366	0.964003309848445	0.127362902235013	0.802978798198283	NA	"prevalence"	20	13
"Duncaniella_muricolitica"	"Sequencing_Depth"	"Sequencing_Depth"	"Sequencing_Depth"	-0.127218165811836	0	0.669391411011859	0.849269565980866	0.964003309848445	0.419344146667725	0.841471601727627	NA	"prevalence"	20	13
"Eubacteriaceae_bacterium"	"Genotype"	"MUT"	"GenotypeMUT"	0.208542250712555	0	1.25229412323321	0.86774131491412	0.964003309848445	0.982507640219354	0.985052996800233	NA	"prevalence"	20	8
"Eubacteriaceae_bacterium"	"Sequencing_Depth"	"Sequencing_Depth"	"Sequencing_Depth"	-0.108162525968565	0	0.751023652808709	0.88548457195422	0.964003309848445	0.775849916061032	0.919497774617439	NA	"prevalence"	20	8
"GGB22635_SGB33556"	"Sex"	"M"	"SexM"	-0.164537641038647	0	1.41637074373653	0.907519014317531	0.964003309848445	0.544182485446688	0.896208167337896	NA	"prevalence"	20	4
"GGB24148_SGB35952"	"Genotype"	"MUT"	"GenotypeMUT"	0.193965614497327	0	1.0398942285845	0.852033570713382	0.964003309848445	0.978105935804168	0.983187005600553	NA	"prevalence"	20	14
"GGB24148_SGB35952"	"Sex"	"M"	"SexM"	-0.26804876203087	0	1.18874127539736	0.821598436432662	0.964003309848445	0.92526821120265	0.954876793961135	NA	"prevalence"	20	14
"GGB27873_SGB41457"	"Genotype"	"MUT"	"GenotypeMUT"	0.302247584318293	0	1.52744183415193	0.84314028725682	0.964003309848445	0.84314028725682	0.944119149251653	NA	"prevalence"	20	2
"GGB27885_SGB40319"	"Sex"	"M"	"SexM"	0.27308370328786	0	1.53728543154953	0.859005545565384	0.964003309848445	0.902137315672602	0.944119149251653	NA	"prevalence"	20	10
"GGB27894_SGB40329"	"Sex"	"M"	"SexM"	-0.270012816650475	0	1.88438219409811	0.886061282237459	0.964003309848445	0.886061282237459	0.944119149251653	NA	"prevalence"	20	2
"GGB27919_SGB40357"	"Sequencing_Depth"	"Sequencing_Depth"	"Sequencing_Depth"	-0.0899649463760219	0	0.777710694311632	0.907906796222394	0.964003309848445	0.0701062906593591	0.802978798198283	NA	"prevalence"	20	11
"GGB27929_SGB40368"	"Sex"	"M"	"SexM"	-0.146989819445849	0	1.1421312867879	0.897596751666262	0.964003309848445	0.852610308630709	0.944119149251653	NA	"prevalence"	20	12
"GGB28317_SGB40889"	"Genotype"	"MUT"	"GenotypeMUT"	-0.26889474761045	0	1.56759480964905	0.863804430355371	0.964003309848445	0.863804430355371	0.944119149251653	NA	"prevalence"	20	6
"GGB28380_SGB40960"	"Sex"	"M"	"SexM"	-0.270012816650475	0	1.88438219409811	0.886061282237459	0.964003309848445	0.886061282237459	0.944119149251653	NA	"prevalence"	20	2
"GGB28382_SGB40962"	"Genotype"	"MUT"	"GenotypeMUT"	-0.250832046464109	0	1.46257587507294	0.863830477831603	0.964003309848445	0.863830477831603	0.944119149251653	NA	"prevalence"	20	2
"GGB28793_SGB41446"	"Sex"	"M"	"SexM"	-0.219369672192527	0	1.88850576255138	0.907525383776782	0.964003309848445	0.907525383776782	0.944119149251653	NA	"prevalence"	20	2
"GGB28796_SGB41449"	"Genotype"	"MUT"	"GenotypeMUT"	-0.250832046464109	0	1.46257587507294	0.863830477831603	0.964003309848445	0.863830477831603	0.944119149251653	NA	"prevalence"	20	2
"GGB28949_SGB41655"	"Sex"	"M"	"SexM"	-0.219369672192527	0	1.88850576255138	0.907525383776782	0.964003309848445	0.907525383776782	0.944119149251653	NA	"prevalence"	20	2
"GGB28990_SGB41704"	"Sex"	"M"	"SexM"	-0.219369672192527	0	1.88850576255138	0.907525383776782	0.964003309848445	0.907525383776782	0.944119149251653	NA	"prevalence"	20	2
"GGB29003_SGB41719"	"Sex"	"M"	"SexM"	-0.334575656778283	0	1.87954507134762	0.858716025407022	0.964003309848445	0.858716025407022	0.944119149251653	NA	"prevalence"	20	2
"GGB30296_SGB43260"	"Sex"	"M"	"SexM"	-0.219369672192527	0	1.88850576255138	0.907525383776782	0.964003309848445	0.907525383776782	0.944119149251653	NA	"prevalence"	20	2
"GGB30298_SGB43262"	"Sequencing_Depth"	"Sequencing_Depth"	"Sequencing_Depth"	0.135516419548598	0	0.823661173374245	0.869314460737297	0.964003309848445	0.869314460737297	0.944119149251653	NA	"prevalence"	20	5
"GGB3171_SGB4185"	"Sex"	"M"	"SexM"	-0.420821294580306	0	1.81977307850205	0.817121113112399	0.964003309848445	0.817121113112399	0.93007609051323	NA	"prevalence"	20	4
"GGB42570_SGB59765"	"Sequencing_Depth"	"Sequencing_Depth"	"Sequencing_Depth"	0.0952948094637365	0	0.680088696816879	0.88856427113488	0.964003309848445	0.405058274518045	0.833520215935578	NA	"prevalence"	20	6
"GGB42646_SGB59844"	"Genotype"	"MUT"	"GenotypeMUT"	-0.390851144638158	0	1.73142530793952	0.821404006822808	0.964003309848445	0.821404006822808	0.932209239414741	NA	"prevalence"	20	4
"GGB46159_SGB63927"	"Sex"	"M"	"SexM"	-0.169181794950518	0	1.3988007003344	0.903732422109891	0.964003309848445	0.150897502480387	0.802978798198283	NA	"prevalence"	20	15
"GGB70852_SGB95305"	"Sequencing_Depth"	"Sequencing_Depth"	"Sequencing_Depth"	-0.0899649463760219	0	0.777710694311632	0.907906796222394	0.964003309848445	0.786461598192349	0.919497774617439	NA	"prevalence"	20	11
"GGB75057_SGB102223"	"Genotype"	"MUT"	"GenotypeMUT"	-0.35658834363463	0	1.71867614198136	0.835636183818455	0.964003309848445	0.835636183818455	0.942831496028403	NA	"prevalence"	20	4
"GGB75104_SGB102231"	"Sex"	"M"	"SexM"	-0.334575656778283	0	1.87954507134762	0.858716025407022	0.964003309848445	0.858716025407022	0.944119149251653	NA	"prevalence"	20	2
"GGB75726_SGB102611"	"Genotype"	"MUT"	"GenotypeMUT"	0.233905387644254	0	1.94398411659107	0.904227534976945	0.964003309848445	0.904227534976945	0.944119149251653	NA	"prevalence"	20	3
"Lachnospiraceae_bacterium"	"Sequencing_Depth"	"Sequencing_Depth"	"Sequencing_Depth"	0.176124751893182	0	0.790901299525186	0.823777826484615	0.964003309848445	0.640955305386656	0.915312557876886	NA	"prevalence"	20	16
"Lachnospiraceae_bacterium_A2"	"Genotype"	"MUT"	"GenotypeMUT"	0.233905387644254	0	1.94398411659107	0.904227534976945	0.964003309848445	0.904227534976945	0.944119149251653	NA	"prevalence"	20	3
"Lachnospiraceae_unclassified_SGB7275"	"Genotype"	"MUT"	"GenotypeMUT"	-0.221737675541484	0	1.48371237203769	0.881200229403784	0.964003309848445	0.881200229403784	0.944119149251653	NA	"prevalence"	20	4
"Oscillospiraceae_bacterium"	"Sex"	"M"	"SexM"	-0.219369672192527	0	1.88850576255138	0.907525383776782	0.964003309848445	0.907525383776782	0.944119149251653	NA	"prevalence"	20	2
"Oscillospiraceae_unclassified_SGB43526"	"Genotype"	"MUT"	"GenotypeMUT"	0.233905387644254	0	1.94398411659107	0.904227534976945	0.964003309848445	0.904227534976945	0.944119149251653	NA	"prevalence"	20	3
"Paramuribaculum_intestinale"	"Sequencing_Depth"	"Sequencing_Depth"	"Sequencing_Depth"	-0.0899649463760219	0	0.777710694311632	0.907906796222394	0.964003309848445	0.546081733210446	0.896208167337896	NA	"prevalence"	20	11
"Turicibacter_sp_1E2"	"Genotype"	"MUT"	"GenotypeMUT"	0.268927508702799	0	1.46726134681002	0.854574129114926	0.964003309848445	0.854574129114926	0.944119149251653	NA	"prevalence"	20	6
"Adlercreutzia_muris"	"Genotype"	"MUT"	"GenotypeMUT"	0.13411167928718	0	1.20703795711659	0.9115306353382	0.964758701635321	0.588719199570788	0.89781022333299	NA	"prevalence"	20	14
"GGB42598_SGB59794"	"Genotype"	"MUT"	"GenotypeMUT"	0.111548478693108	0	1.04502303061857	0.914993183198768	0.966659464945875	0.78347458151761	0.919497774617439	NA	"prevalence"	20	9
"GGB24146_SGB35950"	"Sex"	"M"	"SexM"	0.439334982335649	0.526954274031105	0.823065313599856	0.917736264538039	0.967794606240114	0.182662460315781	0.802978798198283	NA	"abundance"	20	13
"Bacteroidales_bacterium"	"Sex"	"M"	"SexM"	0.445694221283253	0.526954274031105	0.897014075826012	0.930343778628174	0.968781975204341	0.509855539989108	0.884816564913832	NA	"abundance"	20	12
"Clostridia_bacterium"	"Sequencing_Depth"	"Sequencing_Depth"	"Sequencing_Depth"	-0.298336865325526	-0.276689594427632	0.20230656509254	0.92547052492729	0.968781975204341	0.710213422458583	0.919497774617439	NA	"abundance"	20	8
"GGB14001_SGB21428"	"Sex"	"M"	"SexM"	0.605671432882255	0.526954274031105	0.877117685648637	0.930364758946238	0.968781975204341	0.545691082874815	0.896208167337896	NA	"abundance"	20	16
"GGB25041_SGB36960"	"Genotype"	"MUT"	"GenotypeMUT"	0.471892446878572	0.308393966932753	1.51706153928469	0.923602857344868	0.968781975204341	0.904026770629391	0.944119149251653	NA	"abundance"	20	6
"GGB143828_SGB43507"	"Sequencing_Depth"	"Sequencing_Depth"	"Sequencing_Depth"	-0.0862388108138908	0	0.891674166024199	0.92295224302616	0.968781975204341	0.92295224302616	0.954876793961135	NA	"prevalence"	20	2
"GGB1503_SGB2082"	"Sequencing_Depth"	"Sequencing_Depth"	"Sequencing_Depth"	-0.0684431663565605	0	0.77768294820459	0.929869453676649	0.968781975204341	0.569682711020988	0.896208167337896	NA	"prevalence"	20	12
"GGB29531_SGB42317"	"Sex"	"M"	"SexM"	0.128962092376022	0	1.41574417307027	0.927419980851082	0.968781975204341	0.987137516965869	0.987137516965869	NA	"prevalence"	20	5
"Alistipes_timonensis"	"Sex"	"M"	"SexM"	-0.15317115584173	0	1.89431826471947	0.935554726528366	0.972440396749915	0.935554726528366	0.962924678634249	NA	"prevalence"	20	2
"GGB30455_SGB43519"	"Sex"	"M"	"SexM"	-0.104166275284127	0	1.4189231923853	0.94147810841844	0.976439622009845	0.94147810841844	0.966451002540945	NA	"prevalence"	20	4
"GGB42570_SGB59765"	"Genotype"	"MUT"	"GenotypeMUT"	0.0793782809996704	0	1.10570610066105	0.942769290216402	0.976439622009845	0.890370621983873	0.944119149251653	NA	"prevalence"	20	6
"Bifidobacterium_pseudolongum"	"Sequencing_Depth"	"Sequencing_Depth"	"Sequencing_Depth"	-0.225211088331815	-0.276689594427632	1.04088904155595	0.96111760686847	0.979698087844837	0.759659247439831	0.919497774617439	NA	"abundance"	20	16
"Clostridiaceae_bacterium"	"Genotype"	"MUT"	"GenotypeMUT"	0.191137962326658	0.308393966932753	1.84040340697077	0.952916878034137	0.979698087844837	0.778184866305734	0.919497774617439	NA	"abundance"	20	7
"Lactobacillus_johnsonii"	"Sex"	"M"	"SexM"	0.675125506906991	0.526954274031105	2.2696022258714	0.949298293190801	0.979698087844837	0.109749443701079	0.802978798198283	NA	"abundance"	20	12
"GGB143828_SGB43507"	"Genotype"	"MUT"	"GenotypeMUT"	0.098391009169181	0	1.56477624361948	0.949863140395142	0.979698087844837	0.949863140395142	0.972478929452169	NA	"prevalence"	20	2
"GGB30294_SGB43258"	"Sex"	"M"	"SexM"	-0.0682568243057565	0	1.34916613025334	0.959650749106162	0.979698087844837	0.445152120869714	0.857229066158229	NA	"prevalence"	20	6
"GGB75726_SGB102611"	"Sex"	"M"	"SexM"	0.0974255113777836	0	1.87687210417888	0.958601645643153	0.979698087844837	0.958601645643153	0.973146745970589	NA	"prevalence"	20	3
"Lachnospiraceae_bacterium_A2"	"Sex"	"M"	"SexM"	0.0974255113777836	0	1.87687210417888	0.958601645643153	0.979698087844837	0.958601645643153	0.973146745970589	NA	"prevalence"	20	3
"Limosilactobacillus_reuteri"	"Sequencing_Depth"	"Sequencing_Depth"	"Sequencing_Depth"	-0.060705705125997	0	1.10262816131853	0.956094276814361	0.979698087844837	0.678912654093839	0.919497774617439	NA	"prevalence"	20	11
"Oscillospiraceae_unclassified_SGB43526"	"Sex"	"M"	"SexM"	0.0974255113777836	0	1.87687210417888	0.958601645643153	0.979698087844837	0.958601645643153	0.973146745970589	NA	"prevalence"	20	3
"Clostridiales_bacterium"	"Genotype"	"MUT"	"GenotypeMUT"	0.386442763335441	0.308393966932753	1.68136167377295	0.965031122665774	0.98192769582737	0.960573790596292	0.973146745970589	NA	"abundance"	20	8
"GGB32371_SGB41694"	"Sequencing_Depth"	"Sequencing_Depth"	"Sequencing_Depth"	-0.0519587143837765	0	1.24425438767888	0.966690886754187	0.98192769582737	0.966690886754187	0.976786875127599	NA	"prevalence"	20	4
"Hominisplanchenecus_murintestinalis"	"Genotype"	"MUT"	"GenotypeMUT"	-0.042398012117498	0	1.19153593664598	0.971615138892401	0.985204161813973	0.971615138892401	0.979205882164998	NA	"prevalence"	20	5
"Adlercreutzia_aquisgranensis"	"Genotype"	"MUT"	"GenotypeMUT"	0.301665324970476	0.308393966932753	0.633568141695394	0.991984813338097	0.997742923870702	0.261929260263446	0.802978798198283	NA	"abundance"	20	11
"Adlercreutzia_aquisgranensis"	"Sex"	"M"	"SexM"	0.521753961919915	0.526954274031105	0.511831267376076	0.992547785827353	0.997742923870702	0.563106136815259	0.896208167337896	NA	"abundance"	20	11
"Clostridiaceae_bacterium"	"Sequencing_Depth"	"Sequencing_Depth"	"Sequencing_Depth"	-0.28132600001765	-0.276689594427632	0.925552723299974	0.996299013427224	0.997742923870702	0.198493960807522	0.802978798198283	NA	"abundance"	20	7
"Clostridiales_bacterium"	"Sex"	"M"	"SexM"	0.532154586142296	0.526954274031105	1.73772647284828	0.997742923870702	0.997742923870702	0.406069348975866	0.833520215935578	NA	"abundance"	20	8
"GGB24148_SGB35952"	"Genotype"	"MUT"	"GenotypeMUT"	0.31512260889503	0.308393966932753	0.909736417568985	0.994264360101439	0.997742923870702	0.978105935804168	0.983187005600553	NA	"abundance"	20	14
"GGB75879_SGB103683"	"Sequencing_Depth"	"Sequencing_Depth"	"Sequencing_Depth"	-0.282276578126138	-0.276689594427632	0.81767691677841	0.994741497196115	0.997742923870702	0.865402017112591	0.944119149251653	NA	"abundance"	20	10
"Parvibacter_caecicola"	"Sequencing_Depth"	"Sequencing_Depth"	"Sequencing_Depth"	-0.272053188837614	-0.276689594427632	0.790901563787268	0.99548977806917	0.997742923870702	0.287098799768524	0.811376628415761	NA	"abundance"	20	10
"Ligilactobacillus_murinus"	"Genotype"	"MUT"	"GenotypeMUT"	-0.0226637040454325	0	1.31396329849418	0.986238487044818	0.997742923870702	0.689229924471791	0.919497774617439	NA	"prevalence"	20	12
"Acutalibacter_caecimuris"	"Genotype"	"MUT"	"GenotypeMUT"	NA	NA	NA	NA	NA	0.563101110536197	0.896208167337896	"contrasts can be applied only to factors with 2 or more levels"	"abundance"	20	3
"Acutalibacter_caecimuris"	"Sequencing_Depth"	"Sequencing_Depth"	"Sequencing_Depth"	NA	NA	NA	NA	NA	0.213094058705451	0.802978798198283	"contrasts can be applied only to factors with 2 or more levels"	"abundance"	20	3
"Acutalibacter_caecimuris"	"Sex"	"M"	"SexM"	NA	NA	NA	NA	NA	0.748159540838877	0.919497774617439	"contrasts can be applied only to factors with 2 or more levels"	"abundance"	20	3
"Acutalibacter_intestini"	"Genotype"	"MUT"	"GenotypeMUT"	-5.96856990253334	NA	NA	NA	NA	0.881200229403784	0.944119149251653	"Fitting error (NA p-value returned from fitting procedure)"	"abundance"	20	4
"Acutalibacter_intestini"	"Sequencing_Depth"	"Sequencing_Depth"	"Sequencing_Depth"	2.11519175142269	NA	NA	NA	NA	0.124858594112671	0.802978798198283	"Fitting error (NA p-value returned from fitting procedure)"	"abundance"	20	4
"Acutalibacter_intestini"	"Sex"	"M"	"SexM"	3.86532061282793	NA	NA	NA	NA	0.635371813127528	0.915289080268434	"Fitting error (NA p-value returned from fitting procedure)"	"abundance"	20	4
"Acutalibacter_muris"	"Genotype"	"MUT"	"GenotypeMUT"	NA	NA	NA	NA	NA	0.568437836466341	0.896208167337896	"No data points have the baseline factor level"	"abundance"	20	4
"Acutalibacter_muris"	"Sequencing_Depth"	"Sequencing_Depth"	"Sequencing_Depth"	NA	NA	NA	NA	NA	0.0600355292659199	0.802978798198283	"No data points have the baseline factor level"	"abundance"	20	4
"Acutalibacter_muris"	"Sex"	"M"	"SexM"	NA	NA	NA	NA	NA	0.354560252933806	0.826977830755677	"No data points have the baseline factor level"	"abundance"	20	4
"Acutalibacter_sp_1XD8_33"	"Genotype"	"MUT"	"GenotypeMUT"	NA	NA	NA	NA	NA	0.173895017584567	0.802978798198283	"No data points have the baseline factor level"	"abundance"	20	3
"Acutalibacter_sp_1XD8_33"	"Sequencing_Depth"	"Sequencing_Depth"	"Sequencing_Depth"	NA	NA	NA	NA	NA	0.79503035220523	0.919497774617439	"No data points have the baseline factor level"	"abundance"	20	3
"Acutalibacter_sp_1XD8_33"	"Sex"	"M"	"SexM"	NA	NA	NA	NA	NA	0.245967650838316	0.802978798198283	"No data points have the baseline factor level"	"abundance"	20	3
"Adlercreutzia_SGB42953"	"Genotype"	"MUT"	"GenotypeMUT"	NA	NA	NA	NA	NA	0.202739264615957	0.802978798198283	"contrasts can be applied only to factors with 2 or more levels"	"abundance"	20	3
"Adlercreutzia_SGB42953"	"Sequencing_Depth"	"Sequencing_Depth"	"Sequencing_Depth"	NA	NA	NA	NA	NA	0.428315486567111	0.841471601727627	"contrasts can be applied only to factors with 2 or more levels"	"abundance"	20	3
"Adlercreutzia_SGB42953"	"Sex"	"M"	"SexM"	NA	NA	NA	NA	NA	0.423476833818748	0.841471601727627	"contrasts can be applied only to factors with 2 or more levels"	"abundance"	20	3
"Alistipes_timonensis"	"Genotype"	"MUT"	"GenotypeMUT"	NA	NA	NA	NA	NA	0.799296417086152	0.919497774617439	"No data points have the baseline factor level"	"abundance"	20	2
"Alistipes_timonensis"	"Sequencing_Depth"	"Sequencing_Depth"	"Sequencing_Depth"	NA	NA	NA	NA	NA	0.328375784561959	0.826977830755677	"No data points have the baseline factor level"	"abundance"	20	2
"Alistipes_timonensis"	"Sex"	"M"	"SexM"	NA	NA	NA	NA	NA	0.935554726528366	0.962924678634249	"No data points have the baseline factor level"	"abundance"	20	2
"Anaerostipes_hominis_ex_Lee_et_al_2021"	"Genotype"	"MUT"	"GenotypeMUT"	NA	NA	NA	NA	NA	0.668954901385594	0.919497774617439	"No data points have the baseline factor level"	"abundance"	20	2
"Anaerostipes_hominis_ex_Lee_et_al_2021"	"Sequencing_Depth"	"Sequencing_Depth"	"Sequencing_Depth"	NA	NA	NA	NA	NA	0.178011721056192	0.802978798198283	"No data points have the baseline factor level"	"abundance"	20	2
"Anaerostipes_hominis_ex_Lee_et_al_2021"	"Sex"	"M"	"SexM"	NA	NA	NA	NA	NA	0.289248966511726	0.811376628415761	"No data points have the baseline factor level"	"abundance"	20	2
"Bacillota_unclassified_SGB43543"	"Genotype"	"MUT"	"GenotypeMUT"	NA	NA	NA	NA	NA	0.760074393596729	0.919497774617439	"No data points have the baseline factor level"	"abundance"	20	3
"Bacillota_unclassified_SGB43543"	"Sequencing_Depth"	"Sequencing_Depth"	"Sequencing_Depth"	NA	NA	NA	NA	NA	0.0645885499861723	0.802978798198283	"No data points have the baseline factor level"	"abundance"	20	3
"Bacillota_unclassified_SGB43543"	"Sex"	"M"	"SexM"	NA	NA	NA	NA	NA	0.22592519260821	0.802978798198283	"No data points have the baseline factor level"	"abundance"	20	3
"Bacillota_unclassified_SGB63211"	"Genotype"	"MUT"	"GenotypeMUT"	NA	NA	NA	NA	NA	0.568437836466341	0.896208167337896	"No data points have the baseline factor level"	"abundance"	20	4
"Bacillota_unclassified_SGB63211"	"Sequencing_Depth"	"Sequencing_Depth"	"Sequencing_Depth"	NA	NA	NA	NA	NA	0.0600355292659199	0.802978798198283	"No data points have the baseline factor level"	"abundance"	20	4
"Bacillota_unclassified_SGB63211"	"Sex"	"M"	"SexM"	NA	NA	NA	NA	NA	0.354560252933806	0.826977830755677	"No data points have the baseline factor level"	"abundance"	20	4
"Blautia_pseudococcoides"	"Genotype"	"MUT"	"GenotypeMUT"	NA	NA	NA	NA	NA	0.749037995028486	0.919497774617439	"No data points have the baseline factor level"	"abundance"	20	2
"Blautia_pseudococcoides"	"Sequencing_Depth"	"Sequencing_Depth"	"Sequencing_Depth"	NA	NA	NA	NA	NA	0.366868831850999	0.833520215935578	"No data points have the baseline factor level"	"abundance"	20	2
"Blautia_pseudococcoides"	"Sex"	"M"	"SexM"	NA	NA	NA	NA	NA	0.886061282237459	0.944119149251653	"No data points have the baseline factor level"	"abundance"	20	2
"Duncaniella_freteri"	"Genotype"	"MUT"	"GenotypeMUT"	NA	NA	NA	NA	NA	0.244163175527614	0.802978798198283	"contrasts can be applied only to factors with 2 or more levels"	"abundance"	20	4
"Duncaniella_freteri"	"Sequencing_Depth"	"Sequencing_Depth"	"Sequencing_Depth"	NA	NA	NA	NA	NA	0.379164518044401	0.833520215935578	"contrasts can be applied only to factors with 2 or more levels"	"abundance"	20	4
"Duncaniella_freteri"	"Sex"	"M"	"SexM"	NA	NA	NA	NA	NA	0.235055865956607	0.802978798198283	"contrasts can be applied only to factors with 2 or more levels"	"abundance"	20	4
"GGB115370_SGB161393"	"Genotype"	"MUT"	"GenotypeMUT"	NA	NA	NA	NA	NA	0.745408564823058	0.919497774617439	"contrasts can be applied only to factors with 2 or more levels"	"abundance"	20	3
"GGB115370_SGB161393"	"Sequencing_Depth"	"Sequencing_Depth"	"Sequencing_Depth"	NA	NA	NA	NA	NA	0.322077041585043	0.826977830755677	"contrasts can be applied only to factors with 2 or more levels"	"abundance"	20	3
"GGB115370_SGB161393"	"Sex"	"M"	"SexM"	NA	NA	NA	NA	NA	0.591515320719336	0.89781022333299	"contrasts can be applied only to factors with 2 or more levels"	"abundance"	20	3
"GGB143828_SGB43507"	"Genotype"	"MUT"	"GenotypeMUT"	NA	NA	NA	NA	NA	0.949863140395142	0.972478929452169	"contrasts can be applied only to factors with 2 or more levels"	"abundance"	20	2
"GGB143828_SGB43507"	"Sequencing_Depth"	"Sequencing_Depth"	"Sequencing_Depth"	NA	NA	NA	NA	NA	0.92295224302616	0.954876793961135	"contrasts can be applied only to factors with 2 or more levels"	"abundance"	20	2
"GGB143828_SGB43507"	"Sex"	"M"	"SexM"	NA	NA	NA	NA	NA	0.34606985555483	0.826977830755677	"contrasts can be applied only to factors with 2 or more levels"	"abundance"	20	2
"GGB22635_SGB33556"	"Genotype"	"MUT"	"GenotypeMUT"	NA	NA	NA	NA	NA	0.672002121457555	0.919497774617439	"Fitting error (NA p-value returned from fitting procedure)"	"abundance"	20	4
"GGB27478_SGB39772"	"Genotype"	"MUT"	"GenotypeMUT"	NA	NA	NA	NA	NA	0.500396470222987	0.880242881710436	"Fitting error (NA p-value returned from fitting procedure)"	"abundance"	20	3
"GGB27478_SGB39772"	"Sequencing_Depth"	"Sequencing_Depth"	"Sequencing_Depth"	0.794489455974309	NA	NA	NA	NA	0.0943236545425738	0.802978798198283	"Fitting error (NA p-value returned from fitting procedure)"	"abundance"	20	3
"GGB27478_SGB39772"	"Sex"	"M"	"SexM"	2.75287619182788	NA	NA	NA	NA	0.341388076177042	0.826977830755677	"Fitting error (NA p-value returned from fitting procedure)"	"abundance"	20	3
"GGB27480_SGB39776"	"Genotype"	"MUT"	"GenotypeMUT"	NA	NA	NA	NA	NA	0.2515203567118	0.802978798198283	"Fitting error (NA p-value returned from fitting procedure)"	"abundance"	20	3
"GGB27480_SGB39776"	"Sequencing_Depth"	"Sequencing_Depth"	"Sequencing_Depth"	-0.354234855184796	NA	NA	NA	NA	0.161091536475331	0.802978798198283	"Fitting error (NA p-value returned from fitting procedure)"	"abundance"	20	3
"GGB27480_SGB39776"	"Sex"	"M"	"SexM"	-0.63605446995532	NA	NA	NA	NA	0.555179763526503	0.896208167337896	"Fitting error (NA p-value returned from fitting procedure)"	"abundance"	20	3
"GGB27873_SGB41457"	"Genotype"	"MUT"	"GenotypeMUT"	NA	NA	NA	NA	NA	0.84314028725682	0.944119149251653	"contrasts can be applied only to factors with 2 or more levels"	"abundance"	20	2
"GGB27873_SGB41457"	"Sequencing_Depth"	"Sequencing_Depth"	"Sequencing_Depth"	NA	NA	NA	NA	NA	0.759391423089633	0.919497774617439	"contrasts can be applied only to factors with 2 or more levels"	"abundance"	20	2
"GGB27873_SGB41457"	"Sex"	"M"	"SexM"	NA	NA	NA	NA	NA	0.291356964023479	0.811376628415761	"contrasts can be applied only to factors with 2 or more levels"	"abundance"	20	2
"GGB27894_SGB40329"	"Genotype"	"MUT"	"GenotypeMUT"	NA	NA	NA	NA	NA	0.749037995028486	0.919497774617439	"No data points have the baseline factor level"	"abundance"	20	2
"GGB27894_SGB40329"	"Sequencing_Depth"	"Sequencing_Depth"	"Sequencing_Depth"	NA	NA	NA	NA	NA	0.366868831850999	0.833520215935578	"No data points have the baseline factor level"	"abundance"	20	2
"GGB27894_SGB40329"	"Sex"	"M"	"SexM"	NA	NA	NA	NA	NA	0.886061282237459	0.944119149251653	"No data points have the baseline factor level"	"abundance"	20	2
"GGB28317_SGB40889"	"Genotype"	"MUT"	"GenotypeMUT"	NA	NA	NA	NA	NA	0.863804430355371	0.944119149251653	"contrasts can be applied only to factors with 2 or more levels"	"abundance"	20	6
"GGB28317_SGB40889"	"Sequencing_Depth"	"Sequencing_Depth"	"Sequencing_Depth"	NA	NA	NA	NA	NA	0.178260863502732	0.802978798198283	"contrasts can be applied only to factors with 2 or more levels"	"abundance"	20	6
"GGB28317_SGB40889"	"Sex"	"M"	"SexM"	NA	NA	NA	NA	NA	0.244701426217872	0.802978798198283	"contrasts can be applied only to factors with 2 or more levels"	"abundance"	20	6
"GGB28380_SGB40960"	"Genotype"	"MUT"	"GenotypeMUT"	NA	NA	NA	NA	NA	0.749037995028486	0.919497774617439	"No data points have the baseline factor level"	"abundance"	20	2
"GGB28380_SGB40960"	"Sequencing_Depth"	"Sequencing_Depth"	"Sequencing_Depth"	NA	NA	NA	NA	NA	0.366868831850999	0.833520215935578	"No data points have the baseline factor level"	"abundance"	20	2
"GGB28380_SGB40960"	"Sex"	"M"	"SexM"	NA	NA	NA	NA	NA	0.886061282237459	0.944119149251653	"No data points have the baseline factor level"	"abundance"	20	2
"GGB28382_SGB40962"	"Genotype"	"MUT"	"GenotypeMUT"	NA	NA	NA	NA	NA	0.863830477831603	0.944119149251653	"Fitting error (NA p-value returned from fitting procedure)"	"abundance"	20	2
"GGB28382_SGB40962"	"Sequencing_Depth"	"Sequencing_Depth"	"Sequencing_Depth"	-0.2972769187977	NA	NA	NA	NA	0.619388006430586	0.915289080268434	"Fitting error (NA p-value returned from fitting procedure)"	"abundance"	20	2
"GGB28382_SGB40962"	"Sex"	"M"	"SexM"	NA	NA	NA	NA	NA	0.73835489771852	0.919497774617439	"Fitting error (NA p-value returned from fitting procedure)"	"abundance"	20	2
"GGB28765_SGB41414"	"Genotype"	"MUT"	"GenotypeMUT"	NA	NA	NA	NA	NA	0.14930702088499	0.802978798198283	"No data points have the baseline factor level"	"abundance"	20	2
"GGB28765_SGB41414"	"Sequencing_Depth"	"Sequencing_Depth"	"Sequencing_Depth"	NA	NA	NA	NA	NA	0.313907460002093	0.826977830755677	"No data points have the baseline factor level"	"abundance"	20	2
"GGB28765_SGB41414"	"Sex"	"M"	"SexM"	NA	NA	NA	NA	NA	0.18126021377487	0.802978798198283	"No data points have the baseline factor level"	"abundance"	20	2
"GGB28769_SGB41421"	"Genotype"	"MUT"	"GenotypeMUT"	NA	NA	NA	NA	NA	0.563101110536197	0.896208167337896	"contrasts can be applied only to factors with 2 or more levels"	"abundance"	20	3
"GGB28769_SGB41421"	"Sequencing_Depth"	"Sequencing_Depth"	"Sequencing_Depth"	NA	NA	NA	NA	NA	0.213094058705451	0.802978798198283	"contrasts can be applied only to factors with 2 or more levels"	"abundance"	20	3
"GGB28769_SGB41421"	"Sex"	"M"	"SexM"	NA	NA	NA	NA	NA	0.748159540838877	0.919497774617439	"contrasts can be applied only to factors with 2 or more levels"	"abundance"	20	3
"GGB28778_SGB41431"	"Genotype"	"MUT"	"GenotypeMUT"	NA	NA	NA	NA	NA	0.291424680490416	0.811376628415761	"contrasts can be applied only to factors with 2 or more levels"	"abundance"	20	4
"GGB28778_SGB41431"	"Sequencing_Depth"	"Sequencing_Depth"	"Sequencing_Depth"	NA	NA	NA	NA	NA	0.653580342642733	0.919497774617439	"contrasts can be applied only to factors with 2 or more levels"	"abundance"	20	4
"GGB28778_SGB41431"	"Sex"	"M"	"SexM"	NA	NA	NA	NA	NA	0.132578103103419	0.802978798198283	"contrasts can be applied only to factors with 2 or more levels"	"abundance"	20	4
"GGB28793_SGB41446"	"Genotype"	"MUT"	"GenotypeMUT"	NA	NA	NA	NA	NA	0.77068606248913	0.919497774617439	"No data points have the baseline factor level"	"abundance"	20	2
"GGB28793_SGB41446"	"Sequencing_Depth"	"Sequencing_Depth"	"Sequencing_Depth"	NA	NA	NA	NA	NA	0.349602397728303	0.826977830755677	"No data points have the baseline factor level"	"abundance"	20	2
"GGB28793_SGB41446"	"Sex"	"M"	"SexM"	NA	NA	NA	NA	NA	0.907525383776782	0.944119149251653	"No data points have the baseline factor level"	"abundance"	20	2
"GGB28796_SGB41449"	"Genotype"	"MUT"	"GenotypeMUT"	NA	NA	NA	NA	NA	0.863830477831603	0.944119149251653	"Fitting error (NA p-value returned from fitting procedure)"	"abundance"	20	2
"GGB28796_SGB41449"	"Sequencing_Depth"	"Sequencing_Depth"	"Sequencing_Depth"	-1.62380355508982	NA	NA	NA	NA	0.619388006430586	0.915289080268434	"Fitting error (NA p-value returned from fitting procedure)"	"abundance"	20	2
"GGB28796_SGB41449"	"Sex"	"M"	"SexM"	NA	NA	NA	NA	NA	0.73835489771852	0.919497774617439	"Fitting error (NA p-value returned from fitting procedure)"	"abundance"	20	2
"GGB28803_SGB41457"	"Genotype"	"MUT"	"GenotypeMUT"	NA	NA	NA	NA	NA	0.516383596011448	0.892144873466207	"contrasts can be applied only to factors with 2 or more levels"	"abundance"	20	2
"GGB28803_SGB41457"	"Sequencing_Depth"	"Sequencing_Depth"	"Sequencing_Depth"	NA	NA	NA	NA	NA	0.35686123446046	0.826977830755677	"contrasts can be applied only to factors with 2 or more levels"	"abundance"	20	2
"GGB28803_SGB41457"	"Sex"	"M"	"SexM"	NA	NA	NA	NA	NA	0.755335184602879	0.919497774617439	"contrasts can be applied only to factors with 2 or more levels"	"abundance"	20	2
"GGB28870_SGB41545"	"Genotype"	"MUT"	"GenotypeMUT"	NA	NA	NA	NA	NA	0.700442138171641	0.919497774617439	"No data points have the baseline factor level"	"abundance"	20	2
"GGB28870_SGB41545"	"Sequencing_Depth"	"Sequencing_Depth"	"Sequencing_Depth"	NA	NA	NA	NA	NA	0.15668118111297	0.802978798198283	"No data points have the baseline factor level"	"abundance"	20	2
"GGB28870_SGB41545"	"Sex"	"M"	"SexM"	NA	NA	NA	NA	NA	0.266191328654932	0.802978798198283	"No data points have the baseline factor level"	"abundance"	20	2
"GGB28901_SGB41592"	"Genotype"	"MUT"	"GenotypeMUT"	NA	NA	NA	NA	NA	0.500396470222987	0.880242881710436	"Fitting error (NA p-value returned from fitting procedure)"	"abundance"	20	3
"GGB28901_SGB41592"	"Sequencing_Depth"	"Sequencing_Depth"	"Sequencing_Depth"	-0.361013733717786	NA	NA	NA	NA	0.0943236545425738	0.802978798198283	"Fitting error (NA p-value returned from fitting procedure)"	"abundance"	20	3
"GGB28901_SGB41592"	"Sex"	"M"	"SexM"	0.488784979962925	NA	NA	NA	NA	0.341388076177042	0.826977830755677	"Fitting error (NA p-value returned from fitting procedure)"	"abundance"	20	3
"GGB28904_SGB41597"	"Genotype"	"MUT"	"GenotypeMUT"	NA	NA	NA	NA	NA	0.784361548221408	0.919497774617439	"Fitting error (NA p-value returned from fitting procedure)"	"abundance"	20	3
"GGB28904_SGB41597"	"Sequencing_Depth"	"Sequencing_Depth"	"Sequencing_Depth"	-1.11862911452468	NA	NA	NA	NA	0.213443781230759	0.802978798198283	"Fitting error (NA p-value returned from fitting procedure)"	"abundance"	20	3
"GGB28904_SGB41597"	"Sex"	"M"	"SexM"	0.675209270604773	NA	NA	NA	NA	0.589389320268545	0.89781022333299	"Fitting error (NA p-value returned from fitting procedure)"	"abundance"	20	3
"GGB28934_SGB41635"	"Genotype"	"MUT"	"GenotypeMUT"	NA	NA	NA	NA	NA	0.769173938660918	0.919497774617439	"No data points have the baseline factor level"	"abundance"	20	2
"GGB28934_SGB41635"	"Sequencing_Depth"	"Sequencing_Depth"	"Sequencing_Depth"	NA	NA	NA	NA	NA	0.145351170898143	0.802978798198283	"No data points have the baseline factor level"	"abundance"	20	2
"GGB28934_SGB41635"	"Sex"	"M"	"SexM"	NA	NA	NA	NA	NA	0.674980930214832	0.919497774617439	"No data points have the baseline factor level"	"abundance"	20	2
"GGB28946_SGB41652"	"Genotype"	"MUT"	"GenotypeMUT"	NA	NA	NA	NA	NA	0.478297894249433	0.866057264686205	"contrasts can be applied only to factors with 2 or more levels"	"abundance"	20	2
"GGB28946_SGB41652"	"Sequencing_Depth"	"Sequencing_Depth"	"Sequencing_Depth"	NA	NA	NA	NA	NA	0.319173524758412	0.826977830755677	"contrasts can be applied only to factors with 2 or more levels"	"abundance"	20	2
"GGB28946_SGB41652"	"Sex"	"M"	"SexM"	NA	NA	NA	NA	NA	0.801673969027326	0.919497774617439	"contrasts can be applied only to factors with 2 or more levels"	"abundance"	20	2
"GGB28949_SGB41655"	"Genotype"	"MUT"	"GenotypeMUT"	NA	NA	NA	NA	NA	0.77068606248913	0.919497774617439	"No data points have the baseline factor level"	"abundance"	20	2
"GGB28949_SGB41655"	"Sequencing_Depth"	"Sequencing_Depth"	"Sequencing_Depth"	NA	NA	NA	NA	NA	0.349602397728303	0.826977830755677	"No data points have the baseline factor level"	"abundance"	20	2
"GGB28949_SGB41655"	"Sex"	"M"	"SexM"	NA	NA	NA	NA	NA	0.907525383776782	0.944119149251653	"No data points have the baseline factor level"	"abundance"	20	2
"GGB28956_SGB41665"	"Genotype"	"MUT"	"GenotypeMUT"	NA	NA	NA	NA	NA	0.700442138171641	0.919497774617439	"No data points have the baseline factor level"	"abundance"	20	2
"GGB28956_SGB41665"	"Sequencing_Depth"	"Sequencing_Depth"	"Sequencing_Depth"	NA	NA	NA	NA	NA	0.15668118111297	0.802978798198283	"No data points have the baseline factor level"	"abundance"	20	2
"GGB28956_SGB41665"	"Sex"	"M"	"SexM"	NA	NA	NA	NA	NA	0.266191328654932	0.802978798198283	"No data points have the baseline factor level"	"abundance"	20	2
"GGB28990_SGB41704"	"Genotype"	"MUT"	"GenotypeMUT"	NA	NA	NA	NA	NA	0.77068606248913	0.919497774617439	"No data points have the baseline factor level"	"abundance"	20	2
"GGB28990_SGB41704"	"Sequencing_Depth"	"Sequencing_Depth"	"Sequencing_Depth"	NA	NA	NA	NA	NA	0.349602397728303	0.826977830755677	"No data points have the baseline factor level"	"abundance"	20	2
"GGB28990_SGB41704"	"Sex"	"M"	"SexM"	NA	NA	NA	NA	NA	0.907525383776782	0.944119149251653	"No data points have the baseline factor level"	"abundance"	20	2
"GGB29003_SGB41719"	"Genotype"	"MUT"	"GenotypeMUT"	NA	NA	NA	NA	NA	0.72178901451872	0.919497774617439	"No data points have the baseline factor level"	"abundance"	20	2
"GGB29003_SGB41719"	"Sequencing_Depth"	"Sequencing_Depth"	"Sequencing_Depth"	NA	NA	NA	NA	NA	0.390210580128832	0.833520215935578	"No data points have the baseline factor level"	"abundance"	20	2
"GGB29003_SGB41719"	"Sex"	"M"	"SexM"	NA	NA	NA	NA	NA	0.858716025407022	0.944119149251653	"No data points have the baseline factor level"	"abundance"	20	2
"GGB30296_SGB43260"	"Genotype"	"MUT"	"GenotypeMUT"	NA	NA	NA	NA	NA	0.77068606248913	0.919497774617439	"No data points have the baseline factor level"	"abundance"	20	2
"GGB30296_SGB43260"	"Sequencing_Depth"	"Sequencing_Depth"	"Sequencing_Depth"	NA	NA	NA	NA	NA	0.349602397728303	0.826977830755677	"No data points have the baseline factor level"	"abundance"	20	2
"GGB30296_SGB43260"	"Sex"	"M"	"SexM"	NA	NA	NA	NA	NA	0.907525383776782	0.944119149251653	"No data points have the baseline factor level"	"abundance"	20	2
"GGB30298_SGB43262"	"Genotype"	"MUT"	"GenotypeMUT"	NA	NA	NA	NA	NA	0.624271162731737	0.915289080268434	"contrasts can be applied only to factors with 2 or more levels"	"abundance"	20	5
"GGB30298_SGB43262"	"Sequencing_Depth"	"Sequencing_Depth"	"Sequencing_Depth"	NA	NA	NA	NA	NA	0.869314460737297	0.944119149251653	"contrasts can be applied only to factors with 2 or more levels"	"abundance"	20	5
"GGB30298_SGB43262"	"Sex"	"M"	"SexM"	NA	NA	NA	NA	NA	0.0894430317898695	0.802978798198283	"contrasts can be applied only to factors with 2 or more levels"	"abundance"	20	5
"GGB30454_SGB43516"	"Genotype"	"MUT"	"GenotypeMUT"	NA	NA	NA	NA	NA	0.745408564823058	0.919497774617439	"contrasts can be applied only to factors with 2 or more levels"	"abundance"	20	3
"GGB30454_SGB43516"	"Sequencing_Depth"	"Sequencing_Depth"	"Sequencing_Depth"	NA	NA	NA	NA	NA	0.322077041585043	0.826977830755677	"contrasts can be applied only to factors with 2 or more levels"	"abundance"	20	3
"GGB30454_SGB43516"	"Sex"	"M"	"SexM"	NA	NA	NA	NA	NA	0.591515320719336	0.89781022333299	"contrasts can be applied only to factors with 2 or more levels"	"abundance"	20	3
"GGB30455_SGB43519"	"Genotype"	"MUT"	"GenotypeMUT"	0.607401401715936	NA	NA	NA	NA	0.701132190007778	0.919497774617439	"Fitting error (NA p-value returned from fitting procedure)"	"abundance"	20	4
"GGB30455_SGB43519"	"Sequencing_Depth"	"Sequencing_Depth"	"Sequencing_Depth"	-0.466033124375736	NA	NA	NA	NA	0.389819190841344	0.833520215935578	"Fitting error (NA p-value returned from fitting procedure)"	"abundance"	20	4
"GGB30455_SGB43519"	"Sex"	"M"	"SexM"	0.317162694806577	NA	NA	NA	NA	0.94147810841844	0.966451002540945	"Fitting error (NA p-value returned from fitting procedure)"	"abundance"	20	4
"GGB30461_SGB102216"	"Genotype"	"MUT"	"GenotypeMUT"	NA	NA	NA	NA	NA	0.628688884330084	0.915289080268434	"contrasts can be applied only to factors with 2 or more levels"	"abundance"	20	2
"GGB30461_SGB102216"	"Sequencing_Depth"	"Sequencing_Depth"	"Sequencing_Depth"	NA	NA	NA	NA	NA	0.48114292482567	0.866057264686205	"contrasts can be applied only to factors with 2 or more levels"	"abundance"	20	2
"GGB30461_SGB102216"	"Sex"	"M"	"SexM"	NA	NA	NA	NA	NA	0.638573776931466	0.915289080268434	"contrasts can be applied only to factors with 2 or more levels"	"abundance"	20	2
"GGB30461_SGB43529"	"Genotype"	"MUT"	"GenotypeMUT"	NA	NA	NA	NA	NA	0.62974173054226	0.915289080268434	"contrasts can be applied only to factors with 2 or more levels"	"abundance"	20	4
"GGB30461_SGB43529"	"Sequencing_Depth"	"Sequencing_Depth"	"Sequencing_Depth"	NA	NA	NA	NA	NA	0.134939727473196	0.802978798198283	"contrasts can be applied only to factors with 2 or more levels"	"abundance"	20	4
"GGB30461_SGB43529"	"Sex"	"M"	"SexM"	NA	NA	NA	NA	NA	0.725738645866132	0.919497774617439	"contrasts can be applied only to factors with 2 or more levels"	"abundance"	20	4
"GGB30461_SGB63209"	"Genotype"	"MUT"	"GenotypeMUT"	NA	NA	NA	NA	NA	0.551250907779154	0.896208167337896	"contrasts can be applied only to factors with 2 or more levels"	"abundance"	20	3
"GGB30461_SGB63209"	"Sequencing_Depth"	"Sequencing_Depth"	"Sequencing_Depth"	NA	NA	NA	NA	NA	0.2073012329903	0.802978798198283	"contrasts can be applied only to factors with 2 or more levels"	"abundance"	20	3
"GGB30461_SGB63209"	"Sex"	"M"	"SexM"	NA	NA	NA	NA	NA	0.760024095859181	0.919497774617439	"contrasts can be applied only to factors with 2 or more levels"	"abundance"	20	3
"GGB30475_SGB63182"	"Genotype"	"MUT"	"GenotypeMUT"	NA	NA	NA	NA	NA	0.476581143905983	0.866057264686205	"contrasts can be applied only to factors with 2 or more levels"	"abundance"	20	3
"GGB30475_SGB63182"	"Sequencing_Depth"	"Sequencing_Depth"	"Sequencing_Depth"	NA	NA	NA	NA	NA	0.604240286678213	0.910397481886775	"contrasts can be applied only to factors with 2 or more levels"	"abundance"	20	3
"GGB30475_SGB63182"	"Sex"	"M"	"SexM"	NA	NA	NA	NA	NA	0.31496888733852	0.826977830755677	"contrasts can be applied only to factors with 2 or more levels"	"abundance"	20	3
"GGB3171_SGB4185"	"Genotype"	"MUT"	"GenotypeMUT"	NA	NA	NA	NA	NA	0.665262226605938	0.919497774617439	"No data points have the baseline factor level"	"abundance"	20	4
"GGB3171_SGB4185"	"Sequencing_Depth"	"Sequencing_Depth"	"Sequencing_Depth"	NA	NA	NA	NA	NA	0.114831162154855	0.802978798198283	"No data points have the baseline factor level"	"abundance"	20	4
"GGB3171_SGB4185"	"Sex"	"M"	"SexM"	NA	NA	NA	NA	NA	0.817121113112399	0.93007609051323	"No data points have the baseline factor level"	"abundance"	20	4
"GGB32371_SGB41694"	"Genotype"	"MUT"	"GenotypeMUT"	NA	NA	NA	NA	NA	0.208712106114114	0.802978798198283	"contrasts can be applied only to factors with 2 or more levels"	"abundance"	20	4
"GGB32371_SGB41694"	"Sequencing_Depth"	"Sequencing_Depth"	"Sequencing_Depth"	NA	NA	NA	NA	NA	0.966690886754187	0.976786875127599	"contrasts can be applied only to factors with 2 or more levels"	"abundance"	20	4
"GGB32371_SGB41694"	"Sex"	"M"	"SexM"	NA	NA	NA	NA	NA	0.0640785531801001	0.802978798198283	"contrasts can be applied only to factors with 2 or more levels"	"abundance"	20	4
"GGB42646_SGB59844"	"Genotype"	"MUT"	"GenotypeMUT"	NA	NA	NA	NA	NA	0.821404006822808	0.932209239414741	"contrasts can be applied only to factors with 2 or more levels"	"abundance"	20	4
"GGB42646_SGB59844"	"Sequencing_Depth"	"Sequencing_Depth"	"Sequencing_Depth"	NA	NA	NA	NA	NA	0.189990348590987	0.802978798198283	"contrasts can be applied only to factors with 2 or more levels"	"abundance"	20	4
"GGB42646_SGB59844"	"Sex"	"M"	"SexM"	NA	NA	NA	NA	NA	0.577748791140392	0.89781022333299	"contrasts can be applied only to factors with 2 or more levels"	"abundance"	20	4
"GGB45514_SGB63186"	"Genotype"	"MUT"	"GenotypeMUT"	NA	NA	NA	NA	NA	0.588478419481559	0.89781022333299	"No data points have the baseline factor level"	"abundance"	20	4
"GGB45514_SGB63186"	"Sequencing_Depth"	"Sequencing_Depth"	"Sequencing_Depth"	NA	NA	NA	NA	NA	0.0567082730232975	0.802978798198283	"No data points have the baseline factor level"	"abundance"	20	4
"GGB45514_SGB63186"	"Sex"	"M"	"SexM"	NA	NA	NA	NA	NA	0.339339134508462	0.826977830755677	"No data points have the baseline factor level"	"abundance"	20	4
"GGB70518_SGB94950"	"Genotype"	"MUT"	"GenotypeMUT"	NA	NA	NA	NA	NA	0.293694338700873	0.811855064837414	"contrasts can be applied only to factors with 2 or more levels"	"abundance"	20	2
"GGB70518_SGB94950"	"Sequencing_Depth"	"Sequencing_Depth"	"Sequencing_Depth"	NA	NA	NA	NA	NA	0.469319123940967	0.866057264686205	"contrasts can be applied only to factors with 2 or more levels"	"abundance"	20	2
"GGB70518_SGB94950"	"Sex"	"M"	"SexM"	NA	NA	NA	NA	NA	0.714471189640484	0.919497774617439	"contrasts can be applied only to factors with 2 or more levels"	"abundance"	20	2
"GGB75057_SGB102223"	"Genotype"	"MUT"	"GenotypeMUT"	NA	NA	NA	NA	NA	0.835636183818455	0.942831496028403	"contrasts can be applied only to factors with 2 or more levels"	"abundance"	20	4
"GGB75057_SGB102223"	"Sequencing_Depth"	"Sequencing_Depth"	"Sequencing_Depth"	NA	NA	NA	NA	NA	0.195403352872314	0.802978798198283	"contrasts can be applied only to factors with 2 or more levels"	"abundance"	20	4
"GGB75057_SGB102223"	"Sex"	"M"	"SexM"	NA	NA	NA	NA	NA	0.568114728557565	0.896208167337896	"contrasts can be applied only to factors with 2 or more levels"	"abundance"	20	4
"GGB75074_SGB102167"	"Genotype"	"MUT"	"GenotypeMUT"	NA	NA	NA	NA	NA	0.356665970599198	0.826977830755677	"contrasts can be applied only to factors with 2 or more levels"	"abundance"	20	6
"GGB75074_SGB102167"	"Sequencing_Depth"	"Sequencing_Depth"	"Sequencing_Depth"	NA	NA	NA	NA	NA	0.195502101723569	0.802978798198283	"contrasts can be applied only to factors with 2 or more levels"	"abundance"	20	6
"GGB75074_SGB102167"	"Sex"	"M"	"SexM"	NA	NA	NA	NA	NA	0.198301902282823	0.802978798198283	"contrasts can be applied only to factors with 2 or more levels"	"abundance"	20	6
"GGB75104_SGB102231"	"Genotype"	"MUT"	"GenotypeMUT"	NA	NA	NA	NA	NA	0.72178901451872	0.919497774617439	"No data points have the baseline factor level"	"abundance"	20	2
"GGB75104_SGB102231"	"Sequencing_Depth"	"Sequencing_Depth"	"Sequencing_Depth"	NA	NA	NA	NA	NA	0.390210580128832	0.833520215935578	"No data points have the baseline factor level"	"abundance"	20	2
"GGB75104_SGB102231"	"Sex"	"M"	"SexM"	NA	NA	NA	NA	NA	0.858716025407022	0.944119149251653	"No data points have the baseline factor level"	"abundance"	20	2
"GGB75726_SGB102611"	"Genotype"	"MUT"	"GenotypeMUT"	NA	NA	NA	NA	NA	0.904227534976945	0.944119149251653	"No data points have the baseline factor level"	"abundance"	20	3
"GGB75726_SGB102611"	"Sequencing_Depth"	"Sequencing_Depth"	"Sequencing_Depth"	NA	NA	NA	NA	NA	0.145703168430629	0.802978798198283	"No data points have the baseline factor level"	"abundance"	20	3
"GGB75726_SGB102611"	"Sex"	"M"	"SexM"	NA	NA	NA	NA	NA	0.958601645643153	0.973146745970589	"No data points have the baseline factor level"	"abundance"	20	3
"Hominisplanchenecus_murintestinalis"	"Genotype"	"MUT"	"GenotypeMUT"	NA	NA	NA	NA	NA	0.971615138892401	0.979205882164998	"Fitting error (NA p-value returned from fitting procedure)"	"abundance"	20	5
"Lachnospiraceae_bacterium_A2"	"Genotype"	"MUT"	"GenotypeMUT"	NA	NA	NA	NA	NA	0.904227534976945	0.944119149251653	"No data points have the baseline factor level"	"abundance"	20	3
"Lachnospiraceae_bacterium_A2"	"Sequencing_Depth"	"Sequencing_Depth"	"Sequencing_Depth"	NA	NA	NA	NA	NA	0.145703168430629	0.802978798198283	"No data points have the baseline factor level"	"abundance"	20	3
"Lachnospiraceae_bacterium_A2"	"Sex"	"M"	"SexM"	NA	NA	NA	NA	NA	0.958601645643153	0.973146745970589	"No data points have the baseline factor level"	"abundance"	20	3
"Lachnospiraceae_unclassified_SGB41405"	"Genotype"	"MUT"	"GenotypeMUT"	-0.0605555156530782	NA	NA	NA	NA	0.373940200068339	0.833520215935578	"Fitting error (NA p-value returned from fitting procedure)"	"abundance"	20	4
"Lachnospiraceae_unclassified_SGB41405"	"Sequencing_Depth"	"Sequencing_Depth"	"Sequencing_Depth"	-0.841007780265493	NA	NA	NA	NA	0.15058838820732	0.802978798198283	"Fitting error (NA p-value returned from fitting procedure)"	"abundance"	20	4
"Lachnospiraceae_unclassified_SGB41405"	"Sex"	"M"	"SexM"	-0.410608828923399	NA	NA	NA	NA	0.764159181758425	0.919497774617439	"Fitting error (NA p-value returned from fitting procedure)"	"abundance"	20	4
"Lachnospiraceae_unclassified_SGB7275"	"Genotype"	"MUT"	"GenotypeMUT"	62.8205431466046	NA	NA	NA	NA	0.881200229403784	0.944119149251653	"Fitting error (NA p-value returned from fitting procedure)"	"abundance"	20	4
"Lachnospiraceae_unclassified_SGB7275"	"Sequencing_Depth"	"Sequencing_Depth"	"Sequencing_Depth"	-26.6152473403961	NA	NA	NA	NA	0.124858594112671	0.802978798198283	"Fitting error (NA p-value returned from fitting procedure)"	"abundance"	20	4
"Lachnospiraceae_unclassified_SGB7275"	"Sex"	"M"	"SexM"	-44.0054200028618	NA	NA	NA	NA	0.635371813127528	0.915289080268434	"Fitting error (NA p-value returned from fitting procedure)"	"abundance"	20	4
"Neglectibacter_caecimuris"	"Genotype"	"MUT"	"GenotypeMUT"	NA	NA	NA	NA	NA	0.628688884330084	0.915289080268434	"contrasts can be applied only to factors with 2 or more levels"	"abundance"	20	2
"Neglectibacter_caecimuris"	"Sequencing_Depth"	"Sequencing_Depth"	"Sequencing_Depth"	NA	NA	NA	NA	NA	0.48114292482567	0.866057264686205	"contrasts can be applied only to factors with 2 or more levels"	"abundance"	20	2
"Neglectibacter_caecimuris"	"Sex"	"M"	"SexM"	NA	NA	NA	NA	NA	0.638573776931466	0.915289080268434	"contrasts can be applied only to factors with 2 or more levels"	"abundance"	20	2
"Neglectibacter_sp_X4"	"Genotype"	"MUT"	"GenotypeMUT"	NA	NA	NA	NA	NA	0.31946492013541	0.826977830755677	"contrasts can be applied only to factors with 2 or more levels"	"abundance"	20	7
"Neglectibacter_sp_X4"	"Sequencing_Depth"	"Sequencing_Depth"	"Sequencing_Depth"	NA	NA	NA	NA	NA	0.743731253972374	0.919497774617439	"contrasts can be applied only to factors with 2 or more levels"	"abundance"	20	7
"Neglectibacter_sp_X4"	"Sex"	"M"	"SexM"	NA	NA	NA	NA	NA	0.0875828769569384	0.802978798198283	"contrasts can be applied only to factors with 2 or more levels"	"abundance"	20	7
"Oscillibacter_SGB43496"	"Genotype"	"MUT"	"GenotypeMUT"	NA	NA	NA	NA	NA	0.173895017584567	0.802978798198283	"No data points have the baseline factor level"	"abundance"	20	3
"Oscillibacter_SGB43496"	"Sequencing_Depth"	"Sequencing_Depth"	"Sequencing_Depth"	NA	NA	NA	NA	NA	0.79503035220523	0.919497774617439	"No data points have the baseline factor level"	"abundance"	20	3
"Oscillibacter_SGB43496"	"Sex"	"M"	"SexM"	NA	NA	NA	NA	NA	0.245967650838316	0.802978798198283	"No data points have the baseline factor level"	"abundance"	20	3
"Oscillibacter_SGB43499"	"Genotype"	"MUT"	"GenotypeMUT"	NA	NA	NA	NA	NA	0.478297894249433	0.866057264686205	"contrasts can be applied only to factors with 2 or more levels"	"abundance"	20	2
"Oscillibacter_SGB43499"	"Sequencing_Depth"	"Sequencing_Depth"	"Sequencing_Depth"	NA	NA	NA	NA	NA	0.319173524758412	0.826977830755677	"contrasts can be applied only to factors with 2 or more levels"	"abundance"	20	2
"Oscillibacter_SGB43499"	"Sex"	"M"	"SexM"	NA	NA	NA	NA	NA	0.801673969027326	0.919497774617439	"contrasts can be applied only to factors with 2 or more levels"	"abundance"	20	2
"Oscillospiraceae_bacterium"	"Genotype"	"MUT"	"GenotypeMUT"	NA	NA	NA	NA	NA	0.77068606248913	0.919497774617439	"No data points have the baseline factor level"	"abundance"	20	2
"Oscillospiraceae_bacterium"	"Sequencing_Depth"	"Sequencing_Depth"	"Sequencing_Depth"	NA	NA	NA	NA	NA	0.349602397728303	0.826977830755677	"No data points have the baseline factor level"	"abundance"	20	2
"Oscillospiraceae_bacterium"	"Sex"	"M"	"SexM"	NA	NA	NA	NA	NA	0.907525383776782	0.944119149251653	"No data points have the baseline factor level"	"abundance"	20	2
"Oscillospiraceae_unclassified_SGB43526"	"Genotype"	"MUT"	"GenotypeMUT"	NA	NA	NA	NA	NA	0.904227534976945	0.944119149251653	"No data points have the baseline factor level"	"abundance"	20	3
"Oscillospiraceae_unclassified_SGB43526"	"Sequencing_Depth"	"Sequencing_Depth"	"Sequencing_Depth"	NA	NA	NA	NA	NA	0.145703168430629	0.802978798198283	"No data points have the baseline factor level"	"abundance"	20	3
"Oscillospiraceae_unclassified_SGB43526"	"Sex"	"M"	"SexM"	NA	NA	NA	NA	NA	0.958601645643153	0.973146745970589	"No data points have the baseline factor level"	"abundance"	20	3
"Schaedlerella_arabinosiphila"	"Genotype"	"MUT"	"GenotypeMUT"	NA	NA	NA	NA	NA	0.769173938660918	0.919497774617439	"No data points have the baseline factor level"	"abundance"	20	2
"Schaedlerella_arabinosiphila"	"Sequencing_Depth"	"Sequencing_Depth"	"Sequencing_Depth"	NA	NA	NA	NA	NA	0.145351170898143	0.802978798198283	"No data points have the baseline factor level"	"abundance"	20	2
"Schaedlerella_arabinosiphila"	"Sex"	"M"	"SexM"	NA	NA	NA	NA	NA	0.674980930214832	0.919497774617439	"No data points have the baseline factor level"	"abundance"	20	2
"Turicibacter_sp_1E2"	"Genotype"	"MUT"	"GenotypeMUT"	NA	NA	NA	NA	NA	0.854574129114926	0.944119149251653	"contrasts can be applied only to factors with 2 or more levels"	"abundance"	20	6
"Turicibacter_sp_1E2"	"Sequencing_Depth"	"Sequencing_Depth"	"Sequencing_Depth"	NA	NA	NA	NA	NA	0.78707259551688	0.919497774617439	"contrasts can be applied only to factors with 2 or more levels"	"abundance"	20	6
"Turicibacter_sp_1E2"	"Sex"	"M"	"SexM"	NA	NA	NA	NA	NA	0.048235725571892	0.802978798198283	"contrasts can be applied only to factors with 2 or more levels"	"abundance"	20	6
"Faecalibaculum_rodentium"	"Genotype"	"MUT"	"GenotypeMUT"	NA	0	NA	NA	NA	0.543437169741508	0.896208167337896	"All logistic values are the same"	"prevalence"	20	20
"Faecalibaculum_rodentium"	"Sequencing_Depth"	"Sequencing_Depth"	"Sequencing_Depth"	NA	0	NA	NA	NA	0.738166377790386	0.919497774617439	"All logistic values are the same"	"prevalence"	20	20
"Faecalibaculum_rodentium"	"Sex"	"M"	"SexM"	NA	0	NA	NA	NA	0.466387089494096	0.866057264686205	"All logistic values are the same"	"prevalence"	20	20
