"","pathway","pval","padj","log2err","ES","NES","size"
"1","REACTOME_ABC_FAMILY_PROTEINS_MEDIATED_TRANSPORT",0.573109243697479,0.777139452018144,0.0635007968065945,0.263118112778273,0.938023477467778,78
"2","REACTOME_ABC_TRANSPORTERS_IN_LIPID_HOMEOSTASIS",0.090702947845805,0.309640049132389,0.224966093540314,-0.534882245436475,-1.42629609714358,16
"3","REACTOME_ACETYLCHOLINE_NEUROTRANSMITTER_RELEASE_CYCLE",0.283446712018141,0.563884435585982,0.120985142145252,-0.416507679116841,-1.11064310364221,16
"4","REACTOME_ACTIVATED_TAK1_MEDIATES_P38_MAPK_ACTIVATION",0.947494033412888,0.984259322957734,0.0562940749700968,-0.224578668533523,-0.627371986050062,20
"5","REACTOME_ACTIVATION_OF_APC_C_AND_APC_C_CDC20_MEDIATED_DEGRADATION_OF_MITOTIC_PROTEINS",0.00000375111845056257,0.000195266554898729,0.627256739718528,0.599039649731276,2.04948088140339,58
"6","REACTOME_ACTIVATION_OF_ATR_IN_RESPONSE_TO_REPLICATION_STRESS",0.0271162792567629,0.135871409965705,0.352487857583619,0.481485687608031,1.50467393522268,35
"7","REACTOME_ACTIVATION_OF_BAD_AND_TRANSLOCATION_TO_MITOCHONDRIA",0.583928571428571,0.78262286732875,0.0655321029282414,0.400837000386341,0.906121544806529,10
"8","REACTOME_ACTIVATION_OF_BH3_ONLY_PROTEINS",0.680926916221034,0.852979305480092,0.0580983576873206,0.332473548907784,0.841769378259307,16
"9","REACTOME_ACTIVATION_OF_G_PROTEIN_GATED_POTASSIUM_CHANNELS",0.296380090497738,0.570242597117824,0.11776578836269,-0.378610934583237,-1.11598491299437,24
"10","REACTOME_ACTIVATION_OF_IRF3_IRF7_MEDIATED_BY_TBK1_IKK_IKBKE",0.232638888888889,0.509116624774988,0.116234148779716,0.473129220739852,1.18795542473048,15
"11","REACTOME_ACTIVATION_OF_KAINATE_RECEPTORS_UPON_GLUTAMATE_BINDING",0.725806451612903,0.879861266003479,0.0673623868166279,-0.276432331852501,-0.852776885072468,30
"12","REACTOME_ACTIVATION_OF_MATRIX_METALLOPROTEINASES",0.605357142857143,0.796572055395585,0.0637845390312975,0.311638717622314,0.89567780048794,24
"13","REACTOME_ACTIVATION_OF_NF_KAPPAB_IN_B_CELLS",0.363957597173145,0.624593898445489,0.0897104652742981,0.326612959352632,1.06593446786894,45
"14","REACTOME_ACTIVATION_OF_NMDA_RECEPTORS_AND_POSTSYNAPTIC_EVENTS",0.748275862068966,0.888636860277086,0.0521630305460055,0.259755556936269,0.810010791316507,32
"15","REACTOME_ACTIVATION_OF_SMO",0.946140035906643,0.984259322957734,0.0432768714901103,0.246895595321094,0.595634830236688,13
"16","REACTOME_ACTIVATION_OF_THE_AP_1_FAMILY_OF_TRANSCRIPTION_FACTORS",0.896428571428571,0.964355420698704,0.0454967810085007,0.287633270835929,0.650216181281672,10
"17","REACTOME_ACTIVATION_OF_THE_MRNA_UPON_BINDING_OF_THE_CAP_BINDING_COMPLEX_AND_EIFS_AND_SUBSEQUENT_BINDING_TO_43S",0.0941780821917808,0.315160225048924,0.190023305279108,0.390010435121657,1.3251495442562,56
"18","REACTOME_ACTIVATION_OF_THE_PRE_REPLICATIVE_COMPLEX",0.0277365066530157,0.137508501237438,0.352487857583619,0.506035406890232,1.57799950539612,32
"19","REACTOME_ACYL_CHAIN_REMODELLING_OF_PC",0.812933025404157,0.926930395485113,0.0619762736001998,-0.264120962345624,-0.770493022247774,23
"20","REACTOME_ACYL_CHAIN_REMODELLING_OF_PE",0.936470588235294,0.98161104970175,0.0561766586307176,-0.223163422333346,-0.643979501890228,22
"21","REACTOME_ACYL_CHAIN_REMODELLING_OF_PG",0.936619718309859,0.98161104970175,0.0560595875032335,-0.244610058522515,-0.636819203906224,15
"22","REACTOME_ACYL_CHAIN_REMODELLING_OF_PI",0.355475763016158,0.614064340583678,0.0919686140000427,0.449949315369548,1.08550127727758,13
"23","REACTOME_ACYL_CHAIN_REMODELLING_OF_PS",0.678260869565217,0.85142702593319,0.0571258510018113,0.318530583133538,0.846425616365751,18
"24","REACTOME_ADENYLATE_CYCLASE_ACTIVATING_PATHWAY",0.117647058823529,0.371162606456724,0.195789002148949,-0.591881452805819,-1.38785352535236,10
"25","REACTOME_ADENYLATE_CYCLASE_INHIBITORY_PATHWAY",0.180365296803653,0.451636932707355,0.156312403073186,-0.491596768764723,-1.25712518348965,14
"26","REACTOME_ADHERENS_JUNCTIONS_INTERACTIONS",0.789285714285714,0.915200048533382,0.0513223330421143,0.257811930486839,0.805678968195603,35
"27","REACTOME_ADP_SIGNALLING_THROUGH_P2Y_PURINOCEPTOR_1",0.407732864674868,0.6588102225483,0.083129129135339,0.363306848778637,1.03378895408644,23
"28","REACTOME_ADP_SIGNALLING_THROUGH_P2Y_PURINOCEPTOR_12",0.494033412887828,0.724551228942281,0.0894366833718621,-0.346323804903963,-0.967473245423488,20
"29","REACTOME_ADRENALINE_NORADRENALINE_INHIBITS_INSULIN_SECRETION",0.827014218009479,0.93362930394564,0.0623861492893626,-0.265844588468171,-0.755148832354166,21
"30","REACTOME_AEROBIC_RESPIRATION_AND_RESPIRATORY_ELECTRON_TRANSPORT",0.0000583657614307587,0.00176415220840713,0.557332238758646,0.4024517215485,1.65586143558949,211
"31","REACTOME_AFLATOXIN_ACTIVATION_AND_DETOXIFICATION",0.962962962962963,0.987535918490596,0.0541200569620232,-0.225586391060101,-0.610402772165293,17
"32","REACTOME_AGGREPHAGY",0.288256227758007,0.566534860602104,0.103958471559957,0.393348013465413,1.14300014076239,25
"33","REACTOME_AKT_PHOSPHORYLATES_TARGETS_IN_THE_CYTOSOL",0.282186948853616,0.562572704416676,0.104732821580651,0.492540771903136,1.15257222528126,11
"34","REACTOME_AKT_PHOSPHORYLATES_TARGETS_IN_THE_NUCLEUS",0.767857142857143,0.90047827641695,0.0525898950623616,0.344158602728663,0.777995854829721,10
"35","REACTOME_ALPHA_LINOLENIC_OMEGA3_AND_LINOLEIC_OMEGA6_ACID_METABOLISM",0.164874551971326,0.440135199991831,0.143758989039275,0.542557322213942,1.28984781059649,12
"36","REACTOME_AMINE_LIGAND_BINDING_RECEPTORS",0.910806174957118,0.968700778586629,0.0429311093452583,0.242983896748423,0.667067848210315,20
"37","REACTOME_AMINO_ACIDS_REGULATE_MTORC1",0.569948186528497,0.776812811157335,0.0650877566917313,0.280724449099738,0.939376748748777,51
"38","REACTOME_AMINO_ACID_TRANSPORT_ACROSS_THE_PLASMA_MEMBRANE",0.109375,0.355738238393355,0.20207170902116,-0.435081527011996,-1.33511443664717,28
"39","REACTOME_AMPLIFICATION_OF_SIGNAL_FROM_THE_KINETOCHORES",0.0000000886480287978447,0.00000692193358196504,0.704975715167238,0.581472908866603,2.12111454292342,91
"40","REACTOME_ANCHORING_OF_THE_BASAL_BODY_TO_THE_PLASMA_MEMBRANE",0.0757575757575758,0.276891252955083,0.211400189384923,0.358950825540956,1.30595534099894,90
"41","REACTOME_ANTIGEN_ACTIVATES_B_CELL_RECEPTOR_BCR_LEADING_TO_GENERATION_OF_SECOND_MESSENGERS",0.0000474492322201611,0.00153310105483762,0.557332238758646,-0.727322628928756,-2.12174378563405,23
"42","REACTOME_ANTIGEN_PRESENTATION_FOLDING_ASSEMBLY_AND_PEPTIDE_LOADING_OF_CLASS_I_MHC",0.029488288456418,0.144662441275726,0.352487857583619,-0.515311144451021,-1.55416664403099,26
"43","REACTOME_ANTIGEN_PROCESSING_CROSS_PRESENTATION",0.861204013377926,0.951589811951789,0.0443293451680314,0.227759904930942,0.792395958615646,63
"44","REACTOME_ANTIGEN_PROCESSING_UBIQUITINATION_PROTEASOME_DEGRADATION",0.109467455621302,0.355738238393355,0.161978948883402,0.278750592765956,1.17168185588524,256
"45","REACTOME_ANTIGEN_PROCESSING_UB_ATP_INDEPENDENT_PROTEASOMAL_DEGRADATION",0.205263157894737,0.485685805422648,0.12563992130984,0.469990621426705,1.22612262734779,17
"46","REACTOME_ANTIMICROBIAL_PEPTIDES",0.0277113690816775,0.137508501237438,0.352487857583619,-0.509284240090936,-1.51447286285698,25
"47","REACTOME_ANTIVIRAL_MECHANISM_BY_IFN_STIMULATED_GENES",0.281618887015177,0.562572704416676,0.102080107662747,0.308912897472744,1.10467530737655,79
"48","REACTOME_APC_CDC20_MEDIATED_DEGRADATION_OF_NEK2A",0.00132928273829819,0.0197039334900993,0.45505986738723,0.652676074243373,1.85718854025902,23
"49","REACTOME_APC_C_CDC20_MEDIATED_DEGRADATION_OF_CYCLIN_B",0.00456555167878807,0.0415332225536351,0.407017918923954,0.643275567138998,1.7912986790507,21
"50","REACTOME_APC_C_CDH1_MEDIATED_DEGRADATION_OF_CDC20_AND_OTHER_APC_C_CDH1_TARGETED_PROTEINS_IN_LATE_MITOSIS_EARLY_G1",0.0000508507669589318,0.00158823895468397,0.557332238758646,0.590649365694278,1.98786590536841,54
"51","REACTOME_APC_C_MEDIATED_DEGRADATION_OF_CELL_CYCLE_PROTEINS",0.00000155079787910688,0.0000854763301601851,0.643551836150722,0.585876009557946,2.05095758251517,67
"52","REACTOME_APOPTOSIS",0.743377483443709,0.884513313741206,0.0506004243853618,0.236390773995063,0.866696071214867,93
"53","REACTOME_APOPTOSIS_INDUCED_DNA_FRAGMENTATION",0.195767195767196,0.471729047952133,0.129442887745046,0.538253638159928,1.25954282140469,11
"54","REACTOME_APOPTOTIC_CLEAVAGE_OF_CELLULAR_PROTEINS",0.725862068965517,0.879861266003479,0.0535669384770951,0.268184689153545,0.836295842300431,32
"55","REACTOME_APOPTOTIC_EXECUTION_PHASE",0.208406304728546,0.487758463258323,0.124434168630393,0.365598262772999,1.18195225908792,43
"56","REACTOME_APOPTOTIC_FACTOR_MEDIATED_RESPONSE",0.474153297682709,0.705208952267776,0.0758886900606117,0.388835305042581,0.984468250320103,16
"57","REACTOME_AQUAPORIN_MEDIATED_TRANSPORT",0.557603686635945,0.770611584628142,0.0808589150280032,-0.303512658274436,-0.936318040544705,30
"58","REACTOME_ARACHIDONATE_METABOLISM",0.450087565674256,0.694144611566358,0.0776798560117236,0.309657295906992,1.00109923297851,43
"59","REACTOME_ASPARAGINE_N_LINKED_GLYCOSYLATION",0.71898355754858,0.874918952497428,0.0474483193656297,0.218681690591984,0.912872410999347,242
"60","REACTOME_ASPIRIN_ADME",0.818777292576419,0.928806686615139,0.0589694466690997,-0.252616081879758,-0.772070873959454,27
"61","REACTOME_ASSEMBLY_OF_ACTIVE_LPL_AND_LIPC_LIPASE_COMPLEXES",0.00951508883865579,0.0670348739986502,0.380730400722792,-0.735036087708886,-1.72352490646917,10
"62","REACTOME_ASSEMBLY_OF_COLLAGEN_FIBRILS_AND_OTHER_MULTIMERIC_STRUCTURES",0.175131348511384,0.445918678139039,0.137250779610133,0.366495780003549,1.20096804154703,46
"63","REACTOME_ASYMMETRIC_LOCALIZATION_OF_PCP_PROTEINS",0.000659058852507504,0.0123507628959906,0.477270815362862,0.576510855716359,1.8638171394314,43
"64","REACTOME_ATORVASTATIN_ADME",0.326576576576577,0.600004416180887,0.11101149245045,-0.445535746649667,-1.09862287292489,12
"65","REACTOME_ATP_DEPENDENT_CHROMATIN_REMODELERS",0.732142857142857,0.883510295689821,0.0547939500773363,0.287258803555525,0.825607727122117,24
"66","REACTOME_AUF1_HNRNP_D0_BINDS_AND_DESTABILIZES_MRNA",0.00271463178590995,0.0300471833182687,0.431707695803346,0.554604461891537,1.73317483705923,35
"67","REACTOME_AURKA_ACTIVATION_BY_TPX2",0.0123039703179211,0.0778974337019732,0.380730400722792,0.423388604058113,1.48355556003628,66
"68","REACTOME_AZATHIOPRINE_ADME",0.432708688245315,0.680281947795068,0.0782955249944794,0.376631201077387,1.02141523583628,19
"69","REACTOME_A_TETRASACCHARIDE_LINKER_SEQUENCE_IS_REQUIRED_FOR_GAG_SYNTHESIS",0.0351764155190359,0.165629654981591,0.321775918075361,0.546857234496797,1.54337014404544,22
"70","REACTOME_BASE_EXCISION_REPAIR",0.152061855670103,0.41784736191561,0.183023938384487,-0.324935946676737,-1.19007502401906,71
"71","REACTOME_BASE_EXCISION_REPAIR_AP_SITE_FORMATION",0.00271483408080984,0.0300471833182687,0.431707695803346,-0.508879359141146,-1.71803883924085,43
"72","REACTOME_BASIGIN_INTERACTIONS",0.465882352941176,0.696418918918919,0.0919686140000427,-0.348113583380471,-1.00454639780401,22
"73","REACTOME_BBSOME_MEDIATED_CARGO_TARGETING_TO_CILIUM",0.145421903052065,0.409119261477046,0.154190966581424,0.546122885963239,1.31751970725131,13
"74","REACTOME_BETA_CATENIN_INDEPENDENT_WNT_SIGNALING",0.670967741935484,0.847818425990304,0.0541200569620232,0.242670689382872,0.908122206329363,104
"75","REACTOME_BETA_CATENIN_PHOSPHORYLATION_CASCADE",0.101604278074866,0.337600030340956,0.186432558434075,0.551277945062712,1.39574680328094,16
"76","REACTOME_BETA_OXIDATION_OF_VERY_LONG_CHAIN_FATTY_ACIDS",0.305747126436782,0.57859571220426,0.116739204791222,-0.468836124379331,-1.13031065277258,11
"77","REACTOME_BILE_ACID_AND_BILE_SALT_METABOLISM",0.995391705069124,1,0.0523759084097997,-0.180635006478318,-0.557247978654748,30
"78","REACTOME_BINDING_AND_UPTAKE_OF_LIGANDS_BY_SCAVENGER_RECEPTORS",0.454117647058824,0.694144611566358,0.0934449219410994,-0.348966355129691,-1.00700722906635,22
"79","REACTOME_BIOLOGICAL_OXIDATIONS",0.190184049079755,0.461664388569249,0.121543282035469,0.285438763192218,1.13771975840577,160
"80","REACTOME_BIOSYNTHESIS_OF_MARESINS",0.597701149425287,0.792865827936177,0.0770736734944102,-0.375643781972382,-0.905634498564426,11
"81","REACTOME_BIOSYNTHESIS_OF_SPECIALIZED_PRORESOLVING_MEDIATORS_SPMS",0.806682577565632,0.92516716668176,0.0639271933359996,-0.272537772222632,-0.76134819281578,20
"82","REACTOME_BIOSYNTHESIS_OF_THE_N_GLYCAN_PRECURSOR_DOLICHOL_LIPID_LINKED_OLIGOSACCHARIDE_LLO_AND_TRANSFER_TO_A_NASCENT_PROTEIN",0.465798045602606,0.696418918918919,0.0721797965581253,0.282020805984245,0.999281780309949,71
"83","REACTOME_BIOTIN_TRANSPORT_AND_METABOLISM",0.6625,0.841141598915989,0.059476028695732,0.374433730118196,0.846435008832414,10
"84","REACTOME_BLOOD_GROUP_SYSTEMS_BIOSYNTHESIS",0.950561797752809,0.984705979052182,0.053347785067549,-0.246722369404252,-0.621432366042162,13
"85","REACTOME_BRANCHED_CHAIN_AMINO_ACID_CATABOLISM",0.288164665523156,0.566534860602104,0.101713902282311,0.412934775441388,1.13363690265488,20
"86","REACTOME_BUTYRATE_RESPONSE_FACTOR_1_BRF1_BINDS_AND_DESTABILIZES_MRNA",0.180035650623886,0.451636932707355,0.136490437780413,0.502448464274889,1.27211843699881,16
"87","REACTOME_CA2_PATHWAY",0.210648148148148,0.488683400112587,0.144630528034484,-0.347456021258532,-1.18416590200803,44
"88","REACTOME_CALCINEURIN_ACTIVATES_NFAT",0.561085972850679,0.771066491112574,0.0795564677235957,-0.395498075854641,-0.927370500026492,10
"89","REACTOME_CARBOXYTERMINAL_POST_TRANSLATIONAL_MODIFICATIONS_OF_TUBULIN",0.2793867120954,0.560742070616397,0.103197466945307,0.423476294204741,1.14845806103922,19
"90","REACTOME_CARDIAC_CONDUCTION",0.931438127090301,0.979525841844682,0.0407403526717903,0.204823768652759,0.74167921036162,85
"91","REACTOME_CARGO_CONCENTRATION_IN_THE_ER",0.956678700361011,0.985063672789305,0.0430173196927508,0.215726797708462,0.646120092861176,28
"92","REACTOME_CARGO_RECOGNITION_FOR_CLATHRIN_MEDIATED_ENDOCYTOSIS",0.941860465116279,0.982765318278345,0.0399218624292714,0.2020662568692,0.739289117367422,92
"93","REACTOME_CARGO_TRAFFICKING_TO_THE_PERICILIARY_MEMBRANE",0.234875444839858,0.510622486809621,0.117249716749792,0.371935842939228,1.1701224175026,36
"94","REACTOME_CARNITINE_SHUTTLE",0.280071813285458,0.560742070616397,0.106323255932708,0.484321116535529,1.16842313712608,13
"95","REACTOME_CASPASE_ACTIVATION_VIA_DEATH_RECEPTORS_IN_THE_PRESENCE_OF_LIGAND",0.0704225352112676,0.267149455437076,0.261663521711573,-0.577687975297898,-1.50395612820453,15
"96","REACTOME_CASPASE_ACTIVATION_VIA_EXTRINSIC_APOPTOTIC_SIGNALLING_PATHWAY",0.0772833723653396,0.277450267840319,0.248911114434702,-0.53137026918204,-1.45006371400663,18
"97","REACTOME_CASPASE_MEDIATED_CLEAVAGE_OF_CYTOSKELETAL_PROTEINS",0.63668430335097,0.82494497432135,0.0607719451853533,0.364016888502702,0.85181933995107,11
"98","REACTOME_CA_DEPENDENT_EVENTS",0.43652561247216,0.683987456331796,0.0925528864684773,-0.333352084436517,-1.0053822742401,26
"99","REACTOME_CD209_DC_SIGN_SIGNALING",0.183673469387755,0.456504087045959,0.154190966581424,-0.473802789085734,-1.26342400529162,16
"100","REACTOME_CD28_DEPENDENT_PI3K_AKT_SIGNALING",0.0233557828894335,0.122259042275973,0.352487857583619,-0.502079108491098,-1.53450506082197,27
"101","REACTOME_CD28_DEPENDENT_VAV1_PATHWAY",0.0900900900900901,0.309210309210309,0.224966093540314,-0.577334107803638,-1.42361743344356,12
"102","REACTOME_CDC42_GTPASE_CYCLE",0.00656026466645759,0.0520929490887352,0.407017918923954,-0.393965246296451,-1.50779621086962,89
"103","REACTOME_CDK_MEDIATED_PHOSPHORYLATION_AND_REMOVAL_OF_CDC6",0.000068623364494161,0.00199404112486625,0.538434096309916,0.585035264302364,1.96897131003917,54
"104","REACTOME_CELLULAR_HEXOSE_TRANSPORT",0.356807511737089,0.614574703120685,0.107972360317345,-0.407959648573418,-1.0620844465661,15
"105","REACTOME_CELLULAR_RESPONSES_TO_MECHANICAL_STIMULI",0.27603305785124,0.557420205186663,0.102080107662747,0.315698597857035,1.10051335576288,64
"106","REACTOME_CELLULAR_RESPONSES_TO_STIMULI",0.00679947464248584,0.0535387205042792,0.407017918923954,0.288717663087449,1.29255289010568,495
"107","REACTOME_CELLULAR_RESPONSE_TO_CHEMICAL_STRESS",0.0614886731391586,0.245324655894674,0.231126709673834,0.337454330701902,1.28819371586669,121
"108","REACTOME_CELLULAR_RESPONSE_TO_HEAT_STRESS",0.0069286149368795,0.0541009349654675,0.407017918923954,0.440247900434625,1.56342285416958,74
"109","REACTOME_CELLULAR_RESPONSE_TO_HYPOXIA",0.0324582975723732,0.156770231058318,0.321775918075361,0.45096244477956,1.50903719481275,51
"110","REACTOME_CELLULAR_SENESCENCE",0.697411003236246,0.860863342566944,0.0524827622635459,0.235350754319991,0.898424868659681,121
"111","REACTOME_CELL_CELL_COMMUNICATION",0.167774086378738,0.441706193382839,0.136490437780413,0.331069128519259,1.19640814778179,82
"112","REACTOME_CELL_CELL_JUNCTION_ORGANIZATION",0.402802101576182,0.657392829550437,0.0835990603684159,0.319809287702093,1.03391987480938,43
"113","REACTOME_CELL_CYCLE_CHECKPOINTS",0.000000000229113766465661,0.0000000393806744685819,0.826657301178302,0.478674165496373,2.00651095154081,248
"114","REACTOME_CELL_DEATH_SIGNALLING_VIA_NRAGE_NRIF_AND_NADE",0.313432835820896,0.587373134328358,0.120433371642259,-0.30385425593836,-1.09502908788991,61
"115","REACTOME_CELL_EXTRACELLULAR_MATRIX_INTERACTIONS",0.00542532663666041,0.0470697320236186,0.407017918923954,0.661838814603096,1.72662072229977,17
"116","REACTOME_CELL_JUNCTION_ORGANIZATION",0.0448504983388704,0.200103493309897,0.276500599254472,0.397311118102949,1.39085444189062,67
"117","REACTOME_CELL_SURFACE_INTERACTIONS_AT_THE_VASCULAR_WALL",0.0533613458719466,0.222491593185634,0.321775918075361,-0.336911729206291,-1.3165618517968,101
"118","REACTOME_CHAPERONIN_MEDIATED_PROTEIN_FOLDING",0.383928571428571,0.64469726062468,0.0873098257637931,0.334763001746515,1.0461560461065,35
"119","REACTOME_CHEMOKINE_RECEPTORS_BIND_CHEMOKINES",0.00000403403464764568,0.000198941603412842,0.610526878385931,-0.64858930134705,-2.18006433788731,42
"120","REACTOME_CHK1_CHK2_CDS1_MEDIATED_INACTIVATION_OF_CYCLIN_B_CDK1_COMPLEX",0.00560837080063611,0.0477731221836003,0.407017918923954,0.70237634718247,1.66979332235578,12
"121","REACTOME_CHOLESTEROL_BIOSYNTHESIS",0.418149466192171,0.665205517524727,0.0824344091527096,0.354808832331037,1.03101205908028,25
"122","REACTOME_CHONDROITIN_SULFATE_BIOSYNTHESIS",0.25,0.529977375565611,0.131457611642763,-0.430169211722691,-1.16397304864784,17
"123","REACTOME_CHONDROITIN_SULFATE_DERMATAN_SULFATE_METABOLISM",0.598245614035088,0.792865827936177,0.0635007968065945,0.281779521261383,0.917784675366792,44
"124","REACTOME_CHROMATIN_ORGANIZATION",0.968133535660091,0.990328736805137,0.0344174840212229,0.190901306779203,0.76985954664167,177
"125","REACTOME_CHROMOSOME_MAINTENANCE",0.0755627009646302,0.276891252955083,0.206587922696891,0.34139041220233,1.27829392430404,103
"126","REACTOME_CITRIC_ACID_CYCLE_TCA_CYCLE",0.00216312815177772,0.0270246810428763,0.431707695803346,0.580019662515365,1.81110095322872,33
"127","REACTOME_CLASS_A_1_RHODOPSIN_LIKE_RECEPTORS",0.000108293493641438,0.00260182060364174,0.538434096309916,-0.366230442581029,-1.58543345457455,205
"128","REACTOME_CLASS_B_2_SECRETIN_FAMILY_RECEPTORS",0.526682134570766,0.748863672371483,0.0843144320642653,-0.28576187263569,-0.960514252034539,42
"129","REACTOME_CLASS_I_MHC_MEDIATED_ANTIGEN_PROCESSING_PRESENTATION",0.678779069767442,0.85142702593319,0.0487989701682839,0.217768941576804,0.932961183804941,301
"130","REACTOME_CLASS_I_PEROXISOMAL_MEMBRANE_PROTEIN_IMPORT",0.701873935264055,0.861468409586057,0.0545680646670941,0.309196586811332,0.838534098434342,19
"131","REACTOME_CLATHRIN_MEDIATED_ENDOCYTOSIS",0.991883116883117,1,0.0364548541965309,0.177424381999045,0.681044550759291,127
"132","REACTOME_CLEC7A_DECTIN_1_SIGNALING",0.456342668863262,0.694144611566358,0.0738052724171275,0.281638513894853,1.00016397307716,74
"133","REACTOME_COBALAMIN_CBL_VITAMIN_B12_TRANSPORT_AND_METABOLISM",0.132978723404255,0.396818674617157,0.160801401070022,0.548145120406504,1.34363937410963,14
"134","REACTOME_COHESIN_LOADING_ONTO_CHROMATIN",0.251785714285714,0.531358590733591,0.112843355675562,0.528751288828236,1.19528120954328,10
"135","REACTOME_COLLAGEN_BIOSYNTHESIS_AND_MODIFYING_ENZYMES",0.527681660899654,0.749148054943903,0.0689567351672811,0.281074845709252,0.956383018139496,57
"136","REACTOME_COLLAGEN_CHAIN_TRIMERIZATION",0.42226148409894,0.667215869478426,0.0815265143256594,0.325083109160415,1.02952857051646,38
"137","REACTOME_COLLAGEN_DEGRADATION",0.234676007005254,0.510622486809621,0.116234148779716,0.358192240003935,1.15800913289153,43
"138","REACTOME_COLLAGEN_FORMATION",0.482084690553746,0.71248163256918,0.0704500850658419,0.278246809369418,0.98590941211539,71
"139","REACTOME_COMMON_PATHWAY_OF_FIBRIN_CLOT_FORMATION",0.215277777777778,0.498062414266118,0.121543282035469,0.486265391086247,1.22093834808233,15
"140","REACTOME_COMPLEMENT_CASCADE",0.225058004640371,0.506853224295085,0.139599673451922,-0.379191719527505,-1.1812330356524,31
"141","REACTOME_COMPLEX_III_ASSEMBLY",0.110516934046346,0.355738238393355,0.178219874951973,0.542187180491811,1.37273045426344,16
"142","REACTOME_COMPLEX_IV_ASSEMBLY",0.120996441281139,0.375354369530383,0.169570644405628,0.417331773773357,1.31293951174294,36
"143","REACTOME_COMPLEX_I_BIOGENESIS",0.20242214532872,0.481394797393427,0.12563992130984,0.344207797458402,1.1711986939626,57
"144","REACTOME_CONDENSATION_OF_PROPHASE_CHROMOSOMES",0.137529137529138,0.401447980887233,0.183023938384487,-0.380113175677566,-1.26993568628511,41
"145","REACTOME_CONVERSION_FROM_APC_C_CDC20_TO_APC_C_CDH1_IN_LATE_ANAPHASE",0.0075968669937072,0.0569461149848292,0.407017918923954,0.630357039311816,1.7305299628696,20
"146","REACTOME_COPII_MEDIATED_VESICLE_TRANSPORT",0.910743801652893,0.968700778586629,0.0412376090540065,0.217548370536477,0.761265582000899,65
"147","REACTOME_COPI_DEPENDENT_GOLGI_TO_ER_RETROGRADE_TRAFFIC",0.0621848739495798,0.245324655894674,0.234392647294686,0.369924873078994,1.34375668631625,87
"148","REACTOME_COPI_INDEPENDENT_GOLGI_TO_ER_RETROGRADE_TRAFFIC",0.0575916230366492,0.238313134772696,0.248911114434702,0.431199253526962,1.39192840754443,41
"149","REACTOME_COPI_MEDIATED_ANTEROGRADE_TRANSPORT",0.131011608623549,0.393454734872645,0.156312403073186,0.338765895441604,1.23048277372494,84
"150","REACTOME_CO_INHIBITION_BY_CTLA4",0.548885077186964,0.768389624172013,0.0665892104103933,0.34578875021249,0.949299770998413,20
"151","REACTOME_CO_INHIBITION_BY_PD_1",0.00001529874042802,0.000597288324210616,0.575610261071129,-0.82227029143183,-2.19263383197419,16
"152","REACTOME_CO_STIMULATION_BY_CD28",0.0851063829787234,0.297554779295014,0.237793834423688,-0.386092737718271,-1.32875719094264,47
"153","REACTOME_CO_STIMULATION_BY_ICOS",0.151724137931034,0.41784736191561,0.172324344900946,-0.550622402841912,-1.32748808213399,11
"154","REACTOME_CRMPS_IN_SEMA3A_SIGNALING",0.467136150234742,0.696418918918919,0.0916795246008379,-0.380551021819244,-0.990728673319559,15
"155","REACTOME_CROSSLINKING_OF_COLLAGEN_FIBRILS",0.698245614035088,0.860863342566944,0.0561766586307176,0.320327564909698,0.835678112696657,17
"156","REACTOME_CROSS_PRESENTATION_OF_SOLUBLE_EXOGENOUS_ANTIGENS_ENDOSOMES",0.00629333304529331,0.0504004535336738,0.407017918923954,0.543587945548781,1.71014558840123,36
"157","REACTOME_CS_DS_DEGRADATION",0.242696629213483,0.519193473911036,0.131457611642763,-0.464286333685612,-1.16942195213175,13
"158","REACTOME_CYCLIN_A_B1_B2_ASSOCIATED_EVENTS_DURING_G2_M_TRANSITION",0.00304958032051112,0.0324360514567174,0.431707695803346,0.581519191357179,1.79975430804298,31
"159","REACTOME_CYCLIN_A_CDK2_ASSOCIATED_EVENTS_AT_S_PHASE_ENTRY",0.00238220772581121,0.029059942241702,0.431707695803346,0.497961168212782,1.6919368193536,56
"160","REACTOME_CYCLIN_D_ASSOCIATED_EVENTS_IN_G1",0.0329051015872901,0.158113231729697,0.321775918075361,0.465995666695426,1.46937643778129,37
"161","REACTOME_CYTOCHROME_C_MEDIATED_APOPTOTIC_RESPONSE",0.303350970017637,0.57859571220426,0.10027910675413,0.483729626424403,1.13195366509088,11
"162","REACTOME_CYTOCHROME_P450_ARRANGED_BY_SUBSTRATE_TYPE",0.246977547495682,0.525949913644214,0.111918316325105,0.342536508302588,1.13176393059263,47
"163","REACTOME_CYTOKINE_SIGNALING_IN_IMMUNE_SYSTEM",0.000466813153863384,0.00930646649297852,0.49849310876659,-0.306006636974203,-1.41776719138916,389
"164","REACTOME_CYTOPROTECTION_BY_HMOX1",0.901610017889088,0.964393363883647,0.0453152441270267,0.224011963210762,0.711009921283074,39
"165","REACTOME_CYTOSOLIC_SENSORS_OF_PATHOGEN_ASSOCIATED_DNA",0.15625,0.421920028818444,0.166933848713193,-0.4086820954823,-1.25410372953525,28
"166","REACTOME_CYTOSOLIC_SULFONATION_OF_SMALL_MOLECULES",0.743859649122807,0.884513313741206,0.0532386494755899,0.311232408528543,0.811950454037536,17
"167","REACTOME_C_TYPE_LECTIN_RECEPTORS_CLRS",0.4675,0.696418918918919,0.0952879846194844,-0.258834805511819,-0.996015826586081,92
"168","REACTOME_DAP12_INTERACTIONS",0.00362947910789607,0.0347022645316185,0.431707695803346,-0.531288299429876,-1.77500285263474,41
"169","REACTOME_DAP12_SIGNALING",0.00780324879163237,0.0580289215695201,0.407017918923954,-0.546228556057517,-1.6694390773493,27
"170","REACTOME_DARPP_32_EVENTS",0.937611408199644,0.98161104970175,0.0433636987883266,0.249898118654648,0.632701713141213,16
"171","REACTOME_DDX58_IFIH1_MEDIATED_INDUCTION_OF_INTERFERON_ALPHA_BETA",0.300448430493274,0.575705888286702,0.116234148779716,-0.36074835113876,-1.11218601846882,29
"172","REACTOME_DEACTIVATION_OF_THE_BETA_CATENIN_TRANSACTIVATING_COMPLEX",0.658227848101266,0.837988442487617,0.0603786357920401,0.293588745331265,0.858206864695726,26
"173","REACTOME_DEADENYLATION_DEPENDENT_MRNA_DECAY",0.0915371329879102,0.309640049132389,0.193813302725311,0.394310185819303,1.31946405644869,51
"174","REACTOME_DEADENYLATION_OF_MRNA",0.131715771230503,0.394305679370546,0.159646701919906,0.464372454124423,1.31057712361112,22
"175","REACTOME_DEATH_RECEPTOR_SIGNALING",0.141333333333333,0.409119261477046,0.193813302725311,-0.293089161909967,-1.18071767578436,129
"176","REACTOME_DECTIN_1_MEDIATED_NONCANONICAL_NF_KB_SIGNALING",0.0438397608830751,0.198443748538364,0.321775918075361,0.459879287621742,1.45964854468068,39
"177","REACTOME_DEGRADATION_OF_AXIN",0.0013458396407325,0.0197039334900993,0.45505986738723,0.580747507366566,1.82705079432049,36
"178","REACTOME_DEGRADATION_OF_BETA_CATENIN_BY_THE_DESTRUCTION_COMPLEX",0.00713350660803354,0.0547876696043231,0.407017918923954,0.45117313042366,1.5547359659937,60
"179","REACTOME_DEGRADATION_OF_CYSTEINE_AND_HOMOCYSTEINE",0.550179211469534,0.768389624172013,0.0686325631836726,0.390013958159693,0.927199080055887,12
"180","REACTOME_DEGRADATION_OF_DVL",0.000737412547612176,0.0135481481786786,0.477270815362862,0.570294509584141,1.80610580704092,38
"181","REACTOME_DEGRADATION_OF_GLI1_BY_THE_PROTEASOME",0.00144371772961192,0.0200475391495309,0.45505986738723,0.556996347656486,1.75631957048135,37
"182","REACTOME_DEGRADATION_OF_THE_EXTRACELLULAR_MATRIX",0.463576158940397,0.696418918918919,0.0732558655828455,0.27442225679519,1.00613356350056,93
"183","REACTOME_DEPOLYMERIZATION_OF_THE_NUCLEAR_LAMINA",0.580246913580247,0.782289723776534,0.0652353056017703,0.379051332147177,0.887000756710179,11
"184","REACTOME_DEPOSITION_OF_NEW_CENPA_CONTAINING_NUCLEOSOMES_AT_THE_CENTROMERE",0.350694444444444,0.614064340583678,0.0908241419007155,0.314533726557256,1.05748049017343,53
"185","REACTOME_DERMATAN_SULFATE_BIOSYNTHESIS",0.2875,0.566534860602104,0.104343952581949,0.51211640220436,1.1576768238434,10
"186","REACTOME_DETOXIFICATION_OF_REACTIVE_OXYGEN_SPECIES",0.342794759825328,0.611781028748648,0.105920292736253,-0.352693563798954,-1.07793781779794,27
"187","REACTOME_DEUBIQUITINATION",0.0582959641255605,0.238529774609826,0.227987202850442,0.300843126988031,1.23779948120212,211
"188","REACTOME_DEVELOPMENTAL_BIOLOGY",0.0392441860465116,0.180253932968536,0.276500599254472,0.284001516304976,1.23354665503218,356
"189","REACTOME_DIGESTION",0.507936507936508,0.739031844621907,0.0718276293603809,0.414941369253752,0.970985397765414,11
"190","REACTOME_DIGESTION_AND_ABSORPTION",0.892018779342723,0.962309910043679,0.0583452776743612,-0.264998850880168,-0.689899500751886,15
"191","REACTOME_DISASSEMBLY_OF_THE_DESTRUCTION_COMPLEX_AND_RECRUITMENT_OF_AXIN_TO_THE_MEMBRANE",0.0158393037539824,0.0965672093304363,0.352487857583619,0.538316419334876,1.56425282958387,25
"192","REACTOME_DISSOLUTION_OF_FIBRIN_CLOT",0.370967741935484,0.629704301075269,0.0894366833718621,0.452632652513503,1.07606553620303,12
"193","REACTOME_DNA_DAMAGE_BYPASS",0.346760070052539,0.612270543056477,0.0919686140000427,0.330871855398317,1.06426062412878,42
"194","REACTOME_DNA_DAMAGE_RECOGNITION_IN_GG_NER",0.049469964664311,0.212630077479171,0.271288554688953,0.457060646067258,1.42579085973089,34
"195","REACTOME_DNA_DAMAGE_TELOMERE_STRESS_INDUCED_SENESCENCE",0.562653562653563,0.771898079365137,0.0838361057159929,-0.262536005185144,-0.944339881706008,59
"196","REACTOME_DNA_DOUBLE_STRAND_BREAK_REPAIR",0.115755627009646,0.367671262739114,0.16440575583821,0.307147725430086,1.19974551939926,143
"197","REACTOME_DNA_DOUBLE_STRAND_BREAK_RESPONSE",0.17,0.44203325863899,0.135740943810425,0.34892873618891,1.20240328853851,60
"198","REACTOME_DNA_REPAIR",0.0136918128109249,0.086102205394877,0.380730400722792,0.313120886479732,1.32886565620424,284
"199","REACTOME_DNA_REPLICATION",0.000006233543089186,0.000272612714561107,0.610526878385931,0.499644287090519,1.88435709757526,112
"200","REACTOME_DNA_REPLICATION_PRE_INITIATION",0.00000147523756565238,0.0000854763301601851,0.643551836150722,0.553312270772408,2.00168679572383,83
"201","REACTOME_DNA_STRAND_ELONGATION",0.269642857142857,0.551649251403618,0.108394255853397,0.399124388804692,1.14711951522959,24
"202","REACTOME_DOPAMINE_NEUROTRANSMITTER_RELEASE_CYCLE",0.826689774696707,0.93362930394564,0.0478299633114229,0.266467248134159,0.752038318583528,22
"203","REACTOME_DOWNREGULATION_OF_ERBB2_SIGNALING",0.0603448275862069,0.245324655894674,0.241339976815091,0.520374385748058,1.44906164235039,21
"204","REACTOME_DOWNREGULATION_OF_SMAD2_3_SMAD4_TRANSCRIPTIONAL_ACTIVITY",0.262608695652174,0.541991955564068,0.108394255853397,0.435638798521022,1.15761518069493,18
"205","REACTOME_DOWNREGULATION_OF_TGF_BETA_RECEPTOR_SIGNALING",0.557303370786517,0.770611584628142,0.0795564677235957,-0.36518542003894,-0.919811365977372,13
"206","REACTOME_DOWNSTREAM_SIGNALING_EVENTS_OF_B_CELL_RECEPTOR_BCR",0.771428571428571,0.903535714285714,0.0495901956956338,0.245521045564082,0.841366006005337,59
"207","REACTOME_DOWNSTREAM_SIGNALING_OF_ACTIVATED_FGFR1",0.166959578207381,0.441706193382839,0.141225119642531,0.445845422927906,1.2686523114066,23
"208","REACTOME_DOWNSTREAM_SIGNALING_OF_ACTIVATED_FGFR2",0.317324185248714,0.590625179072833,0.0959206777921745,0.402288850797294,1.10441046362095,20
"209","REACTOME_DOWNSTREAM_SIGNALING_OF_ACTIVATED_FGFR3",0.143100511073254,0.409119261477046,0.151148761385484,0.47525534983225,1.28888168012299,19
"210","REACTOME_DOWNSTREAM_SIGNALING_OF_ACTIVATED_FGFR4",0.0620689655172414,0.245324655894674,0.237793834423688,0.519707346549973,1.44720417022578,21
"211","REACTOME_DOWNSTREAM_SIGNAL_TRANSDUCTION",0.0782918149466192,0.278933196216662,0.213927855492356,0.47266608621889,1.37348450885033,25
"212","REACTOME_DOWNSTREAM_TCR_SIGNALING",0.790584415584416,0.915200048533382,0.0468819856878333,0.231492524602247,0.821148219149544,70
"213","REACTOME_DRUG_ADME",0.864795918367347,0.954433186702243,0.0637845390312975,-0.223046912308494,-0.816688699112746,73
"214","REACTOME_DUAL_INCISION_IN_GG_NER",0.231448763250883,0.509056480367956,0.11776578836269,0.368587125762537,1.16730450153847,38
"215","REACTOME_DUAL_INCISION_IN_TC_NER",0.0051611511221945,0.0456226283160023,0.407017918923954,0.466815876151884,1.59710665852926,58
"216","REACTOME_E3_UBIQUITIN_LIGASES_UBIQUITINATE_TARGET_PROTEINS",0.941724941724942,0.982765318278345,0.0554793308704233,-0.199327050432822,-0.665939911541805,41
"217","REACTOME_ECM_PROTEOGLYCANS",0.457242582897033,0.694386223945738,0.0766746872490091,0.308488213272023,0.995812269928026,41
"218","REACTOME_EFFECTS_OF_PIP2_HYDROLYSIS",0.432142857142857,0.680281947795068,0.0808589150280032,0.355348823505141,1.02130458972301,24
"219","REACTOME_EGFR_DOWNREGULATION",0.128676470588235,0.388935009487666,0.166933848713193,0.439662833158108,1.29346433822138,27
"220","REACTOME_EICOSANOID_LIGAND_BINDING_RECEPTORS",0.952127659574468,0.984705979052182,0.0424170054438747,0.245176891337826,0.600989250034732,14
"221","REACTOME_ELASTIC_FIBRE_FORMATION",0.734090909090909,0.883510295689821,0.066132620475844,-0.253617143976935,-0.832401367953887,37
"222","REACTOME_ELEVATION_OF_CYTOSOLIC_CA2_LEVELS",0.421903052064632,0.667215869478426,0.0824344091527096,0.426000152031174,1.0277239976918,13
"223","REACTOME_ENDOGENOUS_STEROLS",0.27710843373494,0.558388392278793,0.126875729929857,-0.414908557928888,-1.13675005182197,19
"224","REACTOME_ENDOSOMAL_SORTING_COMPLEX_REQUIRED_FOR_TRANSPORT_ESCRT",0.475587703435805,0.706221359935577,0.0764767053228531,0.336022229832338,0.982246727500039,26
"225","REACTOME_ENDOSOMAL_VACUOLAR_PATHWAY",0.0101887064446316,0.0691798401349265,0.380730400722792,-0.730703073796055,-1.71336478300895,10
"226","REACTOME_ENERGY_DEPENDENT_REGULATION_OF_MTOR_BY_LKB1_AMPK",0.0737410071942446,0.274187792623044,0.222056046145248,0.454638434724668,1.37431584992718,29
"227","REACTOME_ENOS_ACTIVATION",0.383512544802867,0.64469726062468,0.0875697115548511,0.445281067538736,1.05858825703661,12
"228","REACTOME_EPHA_MEDIATED_GROWTH_CONE_COLLAPSE",0.331597222222222,0.602344488561165,0.0940503465727813,0.434587748978989,1.09118365826926,15
"229","REACTOME_EPHB_MEDIATED_FORWARD_SIGNALING",0.020305745239382,0.111594181569379,0.352487857583619,0.518865792416241,1.60584716562465,31
"230","REACTOME_EPHRIN_SIGNALING",0.521739130434783,0.747768941444255,0.0697792517076235,0.35861453451734,0.952939982812583,18
"231","REACTOME_EPH_EPHRIN_MEDIATED_REPULSION_OF_CELLS",0.700696055684455,0.861468409586057,0.0694481442003175,-0.276382914963111,-0.860969828273517,31
"232","REACTOME_EPH_EPHRIN_SIGNALING",0.0813148788927336,0.287517137820722,0.206587922696891,0.392537491529243,1.33564492380788,57
"233","REACTOME_EPIGENETIC_REGULATION_BY_WDR5_CONTAINING_HISTONE_MODIFYING_COMPLEXES",0.777215189873418,0.907803089814088,0.0686325631836726,-0.235907869524057,-0.868353595127101,74
"234","REACTOME_EPIGENETIC_REGULATION_OF_GENE_EXPRESSION",0.872168284789644,0.95581483374023,0.0422468188360053,0.213168264204168,0.823342421290552,134
"235","REACTOME_EPIGENETIC_REGULATION_OF_GENE_EXPRESSION_BY_MLL3_AND_MLL4_COMPLEXES",0.145833333333333,0.409119261477046,0.176694268938498,-0.367507319866286,-1.25250279257703,44
"236","REACTOME_ERBB2_ACTIVATES_PTK6_SIGNALING",0.171428571428571,0.44203325863899,0.140406238523342,0.56626014821181,1.28007274719029,10
"237","REACTOME_ERBB2_REGULATES_CELL_MOTILITY",0.00265831733669393,0.0300471833182687,0.431707695803346,0.735740614913404,1.74911181262938,12
"238","REACTOME_ERKS_ARE_INACTIVATED",0.946067415730337,0.984259322957734,0.0535669384770951,-0.251199055135075,-0.632708025450142,13
"239","REACTOME_ERK_MAPK_TARGETS",0.404819277108434,0.657392829550437,0.101713902282311,-0.375936150431022,-1.02997499164011,19
"240","REACTOME_ERYTHROPOIETIN_ACTIVATES_PHOSPHOINOSITIDE_3_KINASE_PI3K",0.597285067873303,0.792865827936177,0.0762797180809272,-0.378807108040449,-0.888233239663531,10
"241","REACTOME_ER_PHAGOSOME_PATHWAY",0.293577981651376,0.567180554241937,0.119348440591015,-0.347460905522586,-1.11272468656725,34
"242","REACTOME_ER_TO_GOLGI_ANTEROGRADE_TRANSPORT",0.55663430420712,0.770611584628142,0.0630790410571939,0.248648575753052,0.960381795926644,134
"243","REACTOME_ESR_MEDIATED_SIGNALING",0.340836012861736,0.611781028748648,0.0880945010398517,0.274956422148604,1.05828577475718,128
"244","REACTOME_ESTABLISHMENT_OF_SISTER_CHROMATID_COHESION",0.0934744268077601,0.313926659207424,0.193813302725311,0.604268388672674,1.4140209321322,11
"245","REACTOME_ESTROGEN_DEPENDENT_GENE_EXPRESSION",0.898009950248756,0.964393363883647,0.0607719451853533,-0.211798427059838,-0.762902690027162,62
"246","REACTOME_EUKARYOTIC_TRANSLATION_INITIATION",0.0693548387096774,0.26416863362182,0.216542836735348,0.345287195168777,1.29213367420416,104
"247","REACTOME_EXTENSION_OF_TELOMERES",0.0174413262826559,0.103433688144611,0.352487857583619,0.467581998141352,1.54492273747164,47
"248","REACTOME_EXTRACELLULAR_MATRIX_ORGANIZATION",0.761619190404798,0.896529122373487,0.0449543067640062,0.21585208740177,0.897672268760493,232
"249","REACTOME_EXTRA_NUCLEAR_ESTROGEN_SIGNALING",0.152066115702479,0.41784736191561,0.143758989039275,0.350769379520121,1.22744498241923,65
"250","REACTOME_FACTORS_INVOLVED_IN_MEGAKARYOCYTE_DEVELOPMENT_AND_PLATELET_PRODUCTION",0.2859450726979,0.566534860602104,0.0985499803531691,0.288683356178737,1.08528676955862,106
"251","REACTOME_FANCONI_ANEMIA_PATHWAY",0.35387323943662,0.614064340583678,0.0911073131586733,0.353335556644829,1.08227581840032,30
"252","REACTOME_FATTY_ACIDS",0.531674208144796,0.753674331364106,0.0824344091527096,-0.400864137154064,-0.939952930268826,10
"253","REACTOME_FATTY_ACID_METABOLISM",0.0119734537273118,0.0763205860033411,0.380730400722792,0.351716947895775,1.37667713336065,142
"254","REACTOME_FATTY_ACYL_COA_BIOSYNTHESIS",0.0106044174631858,0.0709738511643222,0.380730400722792,0.558844375167601,1.64409000574984,27
"255","REACTOME_FBXL7_DOWN_REGULATES_AURKA_DURING_MITOTIC_ENTRY_AND_IN_EARLY_MITOSIS",0.0037892100217065,0.0358635332357474,0.431707695803346,0.555739122286237,1.74837359080931,36
"256","REACTOME_FCERI_MEDIATED_CA_2_MOBILIZATION",0.000542801220057807,0.0103796886366156,0.477270815362862,-0.629063051737414,-1.92260625893836,27
"257","REACTOME_FCERI_MEDIATED_MAPK_ACTIVATION",0.226457399103139,0.506853224295085,0.136490437780413,-0.384703478447797,-1.1860395997247,29
"258","REACTOME_FCERI_MEDIATED_NF_KB_ACTIVATION",0.0519031141868512,0.221207948062168,0.261663521711573,0.405429901390473,1.37951253431234,57
"259","REACTOME_FCGAMMA_RECEPTOR_FCGR_DEPENDENT_PHAGOCYTOSIS",0.799019607843137,0.919833282846981,0.0466948041282054,0.232377907905257,0.824925097455738,72
"260","REACTOME_FCGR_ACTIVATION",0.566137566137566,0.774621504141721,0.066436413766281,0.38902484972372,0.910339330901026,11
"261","REACTOME_FC_EPSILON_RECEPTOR_FCERI_SIGNALING",0.666666666666667,0.845286423094271,0.0774767547848578,-0.235301219714421,-0.91634649747385,100
"262","REACTOME_FGFR1_LIGAND_BINDING_AND_ACTIVATION",0.419642857142857,0.666449757869249,0.0824344091527096,0.464262107333075,1.04949866775352,10
"263","REACTOME_FGFR2_ALTERNATIVE_SPLICING",0.0148296051106576,0.0920221191303719,0.380730400722792,0.625713946093559,1.6323773126014,17
"264","REACTOME_FGFR2_LIGAND_BINDING_AND_ACTIVATION",0.353571428571429,0.614064340583678,0.0919686140000427,0.491372905516912,1.11078462266187,10
"265","REACTOME_FLT3_SIGNALING",0.223981900452489,0.506853224295085,0.138022242496643,-0.402445904938113,-1.18624032531359,24
"266","REACTOME_FORMATION_OF_ATP_BY_CHEMIOSMOTIC_COUPLING",0.123478260869565,0.379341411261582,0.165656695205483,0.504248118832853,1.33992949934555,18
"267","REACTOME_FORMATION_OF_FIBRIN_CLOT_CLOTTING_CASCADE",0.516014234875445,0.747768941444255,0.0714786287425507,0.329959688804278,0.95880481873176,25
"268","REACTOME_FORMATION_OF_INCISION_COMPLEX_IN_GG_NER",0.00619436884935485,0.0504004535336738,0.407017918923954,0.524715998780037,1.67951105988915,40
"269","REACTOME_FORMATION_OF_RNA_POL_II_ELONGATION_COMPLEX",0.00739133438784861,0.0563063440765378,0.407017918923954,0.487936138317709,1.64217837128932,54
"270","REACTOME_FORMATION_OF_SENESCENCE_ASSOCIATED_HETEROCHROMATIN_FOCI_SAHF",0.377659574468085,0.636850947049847,0.0878312634480124,0.432343662393516,1.0597813358402,14
"271","REACTOME_FORMATION_OF_TC_NER_PRE_INCISION_COMPLEX",0.000762909365552304,0.0137470399138944,0.477270815362862,0.554607040704911,1.81738881549228,46
"272","REACTOME_FORMATION_OF_THE_BETA_CATENIN_TCF_TRANSACTIVATING_COMPLEX",0.4543429844098,0.694144611566358,0.0902635484340068,-0.329941511549584,-0.995096064296876,26
"273","REACTOME_FORMATION_OF_THE_CANONICAL_BAF_CBAF_COMPLEX",0.831560283687943,0.936504790643753,0.0486034247259069,0.301281033983355,0.738514391284356,14
"274","REACTOME_FORMATION_OF_THE_CORNIFIED_ENVELOPE",0.171378091872792,0.44203325863899,0.139599673451922,0.392442100061638,1.24285249802863,38
"275","REACTOME_FORMATION_OF_THE_DYSTROPHIN_GLYCOPROTEIN_COMPLEX_DGC",0.0534264764853444,0.222491593185634,0.321775918075361,0.516862132491267,1.48550841666067,24
"276","REACTOME_FORMATION_OF_THE_EARLY_ELONGATION_COMPLEX",0.0138001064484442,0.086204664947948,0.380730400722792,0.528617343867568,1.64841806681677,32
"277","REACTOME_FORMATION_OF_THE_EMBRYONIC_STEM_CELL_BAF_ESBAF_COMPLEX",0.605263157894737,0.796572055395585,0.0629394692018967,0.339707232828398,0.886236247821722,17
"278","REACTOME_FORMATION_OF_THE_NON_CANONICAL_BAF_NCBAF_COMPLEX",0.878787878787879,0.957018953854397,0.0463227785794633,0.278232740405873,0.704440403371144,16
"279","REACTOME_FORMATION_OF_THE_POLYBROMO_BAF_PBAF_COMPLEX",0.203125,0.48184335443038,0.12563992130984,0.492982795932827,1.23780472871958,15
"280","REACTOME_FORMATION_OF_WDR5_CONTAINING_HISTONE_MODIFYING_COMPLEXES",0.017968910885512,0.103931293208178,0.352487857583619,0.502279234144491,1.58018702116466,36
"281","REACTOME_FOXO_MEDIATED_TRANSCRIPTION",0.0521739130434783,0.221207948062168,0.261663521711573,0.556829249340034,1.47965239615791,18
"282","REACTOME_FREE_FATTY_ACIDS_REGULATE_INSULIN_SECRETION",0.522045855379189,0.747768941444255,0.0704500850658419,0.404672757341448,0.946956286760889,11
"283","REACTOME_FRS_MEDIATED_FGFR1_SIGNALING",0.291666666666667,0.566534860602104,0.101713902282311,0.450141521786707,1.1302368132468,15
"284","REACTOME_FRS_MEDIATED_FGFR2_SIGNALING",0.34375,0.611781028748648,0.0919686140000427,0.430021600395689,1.07971875451385,15
"285","REACTOME_FRS_MEDIATED_FGFR3_SIGNALING",0.189716312056738,0.461664388569249,0.132147260608774,0.516235940892409,1.2654220765464,14
"286","REACTOME_FRS_MEDIATED_FGFR4_SIGNALING",0.071301247771836,0.269392214363751,0.224966093540314,0.565786507024581,1.43248014108239,16
"287","REACTOME_G0_AND_EARLY_G1",0.687719298245614,0.856816949871556,0.0568864160475701,0.321943003159792,0.839892506136064,17
"288","REACTOME_G1_S_DNA_DAMAGE_CHECKPOINTS",0.00272102402373087,0.0300471833182687,0.431707695803346,0.517828090017432,1.7109392439176,47
"289","REACTOME_G1_S_TRANSITION",0.0000312390057363661,0.00104539101339197,0.557332238758646,0.509043072229135,1.85642294171784,89
"290","REACTOME_G2_M_CHECKPOINTS",0.00145489078139605,0.0200475391495309,0.45505986738723,0.402127976557499,1.55168967779084,131
"291","REACTOME_G2_M_DNA_DAMAGE_CHECKPOINT",0.0638655462184874,0.246263443649065,0.231126709673834,0.37884710457681,1.35060059040178,78
"292","REACTOME_GAB1_SIGNALOSOME",0.442105263157895,0.687923231066888,0.0787113806986485,0.387968429822592,1.01214119774996,17
"293","REACTOME_GABA_B_RECEPTOR_ACTIVATION",0.155963302752294,0.421920028818444,0.169570644405628,-0.377235961718491,-1.24841798441254,38
"294","REACTOME_GABA_RECEPTOR_ACTIVATION",0.707838479809976,0.864725756951692,0.070113215764256,-0.251781414682271,-0.869164936228955,48
"295","REACTOME_GABA_SYNTHESIS_RELEASE_REUPTAKE_AND_DEGRADATION",1,1,0.0391956336118146,0.149485873836674,0.375336265359303,15
"296","REACTOME_GAMMA_CARBOXYLATION_HYPUSINYLATION_HYDROXYLATION_AND_ARYLSULFATASE_ACTIVATION",0.199652777777778,0.477231257086168,0.126875729929857,0.347784258662933,1.16927069268845,53
"297","REACTOME_GAMMA_CARBOXYLATION_TRANSPORT_AND_AMINO_TERMINAL_CLEAVAGE_OF_PROTEINS",0.814285714285714,0.926930395485113,0.0498907356726307,0.323432056326882,0.731141971016639,10
"298","REACTOME_GAP_FILLING_DNA_REPAIR_SYNTHESIS_AND_LIGATION_IN_GG_NER",0.601362862010221,0.795266374681414,0.0618406035753285,0.330793809880614,0.897105275308736,19
"299","REACTOME_GAP_JUNCTION_ASSEMBLY",0.236706689536878,0.512226716157171,0.114266502484433,0.429394717796695,1.17882466396562,20
"300","REACTOME_GAP_JUNCTION_DEGRADATION",0.839366515837104,0.941899910586068,0.059476028695732,-0.299171420809563,-0.701502148930226,10
"301","REACTOME_GAP_JUNCTION_TRAFFICKING_AND_REGULATION",0.236427320490368,0.512226716157171,0.115734447701689,0.379440987374899,1.17433880399075,31
"302","REACTOME_GASTRIN_CREB_SIGNALLING_PATHWAY_VIA_PKC_AND_MAPK",0.23758865248227,0.512950616073471,0.116234148779716,0.493904263263169,1.21068160685049,14
"303","REACTOME_GENERATION_OF_SECOND_MESSENGER_MOLECULES",0.00000640072542192566,0.000272612714561107,0.610526878385931,-0.758397668246822,-2.21239581396232,23
"304","REACTOME_GENE_SILENCING_BY_RNA",0.0199564836685486,0.111594181569379,0.352487857583619,0.479967911699309,1.5200441490232,38
"305","REACTOME_GLI3_IS_PROCESSED_TO_GLI3R_BY_THE_PROTEASOME",0.00132026128772656,0.0197039334900993,0.45505986738723,0.576112388523177,1.82857030554513,39
"306","REACTOME_GLOBAL_GENOME_NUCLEOTIDE_EXCISION_REPAIR_GG_NER",0.00247816408510579,0.0293929081992927,0.431707695803346,0.457437734978312,1.63350083624487,77
"307","REACTOME_GLUCAGON_LIKE_PEPTIDE_1_GLP1_REGULATES_INSULIN_SECRETION",0.225806451612903,0.506853224295085,0.13880510939114,-0.380637087910312,-1.17424220240782,30
"308","REACTOME_GLUCAGON_TYPE_LIGAND_RECEPTORS",0.247767857142857,0.526436467444121,0.129442887745046,-0.381759721732834,-1.17148829396716,28
"309","REACTOME_GLUCONEOGENESIS",0.998245614035088,1,0.03975964750879,0.184370670499474,0.48099055728486,17
"310","REACTOME_GLUCOSE_METABOLISM",0.145,0.409119261477046,0.148261500475107,0.359401972272393,1.23849390591203,60
"311","REACTOME_GLUCURONIDATION",0.0531914893617021,0.222491593185634,0.261663521711573,0.611611953256456,1.49921229155892,14
"312","REACTOME_GLUTAMATE_AND_GLUTAMINE_METABOLISM",0.183123877917415,0.456348600022919,0.135740943810425,0.527199905624912,1.27186807799995,13
"313","REACTOME_GLUTAMATE_NEUROTRANSMITTER_RELEASE_CYCLE",0.322274881516588,0.595604662684502,0.115240003147781,-0.382821313164296,-1.08742882186191,21
"314","REACTOME_GLUTATHIONE_CONJUGATION",0.68476357267951,0.854358811718642,0.0570059526582387,0.279236144564327,0.864213015856051,31
"315","REACTOME_GLUTATHIONE_SYNTHESIS_AND_RECYCLING",0.345878136200717,0.612270543056477,0.0934449219410994,0.45806600550428,1.08898250952993,12
"316","REACTOME_GLYCEROPHOSPHOLIPID_BIOSYNTHESIS",0.941841680129241,0.982765318278345,0.03863723737086,0.204766227338634,0.769805645620456,106
"317","REACTOME_GLYCOGEN_BREAKDOWN_GLYCOGENOLYSIS",0.859375,0.951589811951789,0.0461379160269737,0.282511925796636,0.709344424502799,15
"318","REACTOME_GLYCOGEN_METABOLISM",0.388415672913118,0.648378805852115,0.0840745577910723,0.389379385824444,1.05598802240482,19
"319","REACTOME_GLYCOSAMINOGLYCAN_METABOLISM",0.916666666666667,0.96993953059342,0.0619762736001998,-0.204409902670932,-0.802908731705141,108
"320","REACTOME_GLYCOSPHINGOLIPID_BIOSYNTHESIS",0.414351851851852,0.662065909587638,0.0978773277424561,-0.37844416575833,-1.0240128706484,17
"321","REACTOME_GLYCOSPHINGOLIPID_CATABOLISM",0.559164733178654,0.771066491112574,0.0810802057550866,-0.300829559249939,-0.93712440221418,31
"322","REACTOME_GLYCOSPHINGOLIPID_METABOLISM",0.444180522565321,0.689068128549181,0.0952879846194844,-0.288923551099673,-0.9973818765912,48
"323","REACTOME_GLYOXYLATE_METABOLISM_AND_GLYCINE_DEGRADATION",0.501736111111111,0.734573025173611,0.0716527366829457,0.384786378070502,0.966139999716031,15
"324","REACTOME_GOLGI_ASSOCIATED_VESICLE_BIOGENESIS",0.18696397941681,0.461122047244094,0.130777137971974,0.349145709774669,1.1722066041572,52
"325","REACTOME_GOLGI_CISTERNAE_PERICENTRIOLAR_STACK_REORGANIZATION",0.037318155958249,0.173104515509303,0.321775918075361,0.670440505515085,1.51558011354408,10
"326","REACTOME_GOLGI_TO_ER_RETROGRADE_TRANSPORT",0.009093742483272,0.0645517932335293,0.380730400722792,0.383469192741,1.46155246449951,119
"327","REACTOME_GPCR_LIGAND_BINDING",0.000192832638913198,0.00451710456654166,0.518848077743792,-0.355195551323799,-1.57992640258895,255
"328","REACTOME_GPER1_SIGNALING",0.466192170818505,0.696418918918919,0.0766746872490091,0.34091130594005,0.990628291837628,25
"329","REACTOME_GPVI_MEDIATED_ACTIVATION_CASCADE",0.063231850117096,0.245729555023177,0.276500599254472,-0.444970643655801,-1.40276582568775,33
"330","REACTOME_GRB2_EVENTS_IN_ERBB2_SIGNALING",0.198214285714286,0.475004567044209,0.129442887745046,0.553383679164727,1.2509645410782,10
"331","REACTOME_GRB2_SOS_PROVIDES_LINKAGE_TO_MAPK_SIGNALING_FOR_INTEGRINS",0.869175627240143,0.954768537777274,0.0470699590082662,0.282000662666385,0.670413839117937,12
"332","REACTOME_G_ALPHA_12_13_SIGNALLING_EVENTS",0.091358024691358,0.309640049132389,0.234392647294686,-0.343907895482701,-1.26127968211958,68
"333","REACTOME_G_ALPHA_I_SIGNALLING_EVENTS",0.00155910633172939,0.0205758117300061,0.45505986738723,-0.33598757592464,-1.45596546788579,207
"334","REACTOME_G_ALPHA_Q_SIGNALLING_EVENTS",0.344086021505376,0.611781028748648,0.0850427463764322,0.261595140456883,1.0424889675938,159
"335","REACTOME_G_ALPHA_S_SIGNALLING_EVENTS",0.71039603960396,0.866720168110561,0.072003313661988,-0.233219566862046,-0.892985082112306,88
"336","REACTOME_G_ALPHA_Z_SIGNALLING_EVENTS",0.640371229698376,0.826484631167188,0.0739901439101341,-0.285577377184797,-0.889611810579581,31
"337","REACTOME_G_BETA_GAMMA_SIGNALLING_THROUGH_CDC42",0.259953161592506,0.540650594146895,0.129442887745046,-0.426970503072533,-1.16516574103721,18
"338","REACTOME_G_BETA_GAMMA_SIGNALLING_THROUGH_PI3KGAMMA",0.414762741652021,0.662065909587638,0.0822054920415869,0.361337800420903,1.02818603069226,23
"339","REACTOME_G_PROTEIN_ACTIVATION",0.15035799522673,0.41784736191561,0.176694268938498,-0.467716389010574,-1.30658963203322,20
"340","REACTOME_G_PROTEIN_BETA_GAMMA_SIGNALLING",0.315668202764977,0.5903814490834,0.114750719227023,-0.352494362357989,-1.08742361041054,30
"341","REACTOME_G_PROTEIN_MEDIATED_EVENTS",0.613995485327314,0.802390194911706,0.0747385227439092,-0.277577651955825,-0.925187851009442,39
"342","REACTOME_HATS_ACETYLATE_HISTONES",0.801418439716312,0.921385371796545,0.0637845390312975,-0.236628519312292,-0.825444952285212,51
"343","REACTOME_HDACS_DEACETYLATE_HISTONES",0.142506142506143,0.409119261477046,0.184706471207739,-0.339629757590669,-1.22164548394355,59
"344","REACTOME_HDMS_DEMETHYLATE_HISTONES",0.73394495412844,0.883510295689821,0.0665892104103933,-0.262228370817806,-0.839772121379898,34
"345","REACTOME_HDR_THROUGH_HOMOLOGOUS_RECOMBINATION_HRR",0.920826161790017,0.971637515312214,0.0425877779273254,0.215440605231264,0.730620833705129,55
"346","REACTOME_HDR_THROUGH_MMEJ_ALT_NHEJ",0.268077601410935,0.549647073352398,0.107972360317345,0.501746127206555,1.17411325792628,11
"347","REACTOME_HDR_THROUGH_SINGLE_STRAND_ANNEALING_SSA",0.375,0.634250902527076,0.0886261133285098,0.337859516834604,1.05583285616127,35
"348","REACTOME_HEDGEHOG_LIGAND_BIOGENESIS",0.0115571759746199,0.0757277894281039,0.380730400722792,0.483407763813153,1.57450845112868,44
"349","REACTOME_HEDGEHOG_OFF_STATE",0.0213546321026864,0.114995921150673,0.352487857583619,0.404918618682078,1.46025177118071,81
"350","REACTOME_HEDGEHOG_ON_STATE",0.00238806355668202,0.029059942241702,0.431707695803346,0.470998134048476,1.63864231524282,63
"351","REACTOME_HEME_BIOSYNTHESIS",0.914414414414414,0.96993953059342,0.0552495663125249,-0.266745954803209,-0.657754645751079,12
"352","REACTOME_HEME_DEGRADATION",0.571428571428571,0.77710968277006,0.065981614400873,0.38656566941736,0.904584715080864,11
"353","REACTOME_HEME_SIGNALING",0.305357142857143,0.57859571220426,0.100633389423036,0.505118079226497,1.14185659960851,10
"354","REACTOME_HEMOSTASIS",0.317689530685921,0.590625179072833,0.147331213699377,-0.219703248649622,-1.03414802200784,467
"355","REACTOME_HEPARAN_SULFATE_HEPARIN_HS_GAG_METABOLISM",0.171526586620926,0.44203325863899,0.137250779610133,0.359413118120769,1.19392911521282,49
"356","REACTOME_HIGH_LAMINAR_FLOW_SHEAR_STRESS_ACTIVATES_SIGNALING_BY_PIEZO1_AND_PECAM1_CDH5_KDR_IN_ENDOTHELIAL_CELLS",0.653239929947461,0.833652831919285,0.059221919380382,0.273977610892295,0.881258343398608,42
"357","REACTOME_HOMOLOGOUS_DNA_PAIRING_AND_STRAND_EXCHANGE",0.88245931283906,0.957018953854397,0.046788296531803,0.248145443510137,0.725368824418237,26
"358","REACTOME_HOMOLOGY_DIRECTED_REPAIR",0.607843137254902,0.796572055395585,0.0593487680335629,0.246227866520693,0.93463945462508,115
"359","REACTOME_HSF1_DEPENDENT_TRANSACTIVATION",0.851788756388416,0.94971726666779,0.0456790414930062,0.268560177329374,0.728329081813783,19
"360","REACTOME_HSP90_CHAPERONE_CYCLE_FOR_STEROID_HORMONE_RECEPTORS_SHR_IN_THE_PRESENCE_OF_LIGAND",0.0333229347284272,0.159304029798655,0.321775918075361,0.463480299238483,1.49613291203645,41
"361","REACTOME_HS_GAG_BIOSYNTHESIS",0.231464737793852,0.509056480367956,0.119348440591015,0.409366600578931,1.19664405526713,26
"362","REACTOME_HS_GAG_DEGRADATION",0.646551724137931,0.828753714797868,0.0589694466690997,0.316126911322407,0.880303477377128,21
"363","REACTOME_HYALURONAN_METABOLISM",0.582766439909297,0.78262286732875,0.0776798560117236,-0.337780383022674,-0.900711971854227,16
"364","REACTOME_HYALURONAN_UPTAKE_AND_DEGRADATION",0.578828828828829,0.782289723776534,0.0776798560117236,-0.367816434116713,-0.906978958696294,12
"365","REACTOME_IKK_COMPLEX_RECRUITMENT_MEDIATED_BY_RIP1",0.749571183533448,0.889048353127646,0.0518457624865066,0.293228943360001,0.805006434161607,20
"366","REACTOME_IL_6_TYPE_CYTOKINE_RECEPTOR_LIGAND_INTERACTIONS",0.0292041658207972,0.1440226493373,0.352487857583619,-0.61751485512963,-1.57912648106512,14
"367","REACTOME_IMMUNOREGULATORY_INTERACTIONS_BETWEEN_A_LYMPHOID_AND_A_NON_LYMPHOID_CELL",0.00000010880876712372,0.00000784260113807121,0.704975715167238,-0.586283093518604,-2.16776293565608,77
"368","REACTOME_INACTIVATION_OF_CSF3_G_CSF_SIGNALING",0.86036036036036,0.951589811951789,0.0580983576873206,-0.289956027640459,-0.714987128426157,12
"369","REACTOME_INCRETIN_SYNTHESIS_SECRETION_AND_INACTIVATION",0.830316742081448,0.936229587641777,0.059989249649033,-0.302607099085214,-0.709558184787128,10
"370","REACTOME_INFLAMMASOMES",0.518264840182648,0.747768941444255,0.0843144320642653,-0.371404303559537,-0.949765606544471,14
"371","REACTOME_INHIBITION_OF_DNA_RECOMBINATION_AT_TELOMERE",0.0113675395962066,0.0754099469591859,0.380730400722792,-0.502498830067426,-1.62456074914053,35
"372","REACTOME_INHIBITION_OF_THE_PROTEOLYTIC_ACTIVITY_OF_APC_C_REQUIRED_FOR_THE_ONSET_OF_ANAPHASE_BY_MITOTIC_SPINDLE_CHECKPOINT_COMPONENTS",0.00303402889078924,0.0324360514567174,0.431707695803346,0.6560447933549,1.82685653204794,21
"373","REACTOME_INITIAL_TRIGGERING_OF_COMPLEMENT",0.799086757990868,0.919833282846981,0.062249042949858,-0.293108270686348,-0.749544773239264,14
"374","REACTOME_INITIATION_OF_NUCLEAR_ENVELOPE_NE_REFORMATION",0.0206038350176122,0.111594181569379,0.352487857583619,0.613471859939632,1.60043986926752,17
"375","REACTOME_INOSITOL_PHOSPHATE_METABOLISM",0.735087719298246,0.883510295689821,0.05378728077603,0.257736727234601,0.839474840031695,44
"376","REACTOME_INSERTION_OF_TAIL_ANCHORED_PROTEINS_INTO_THE_ENDOPLASMIC_RETICULUM_MEMBRANE",0.402777777777778,0.657392829550437,0.083129129135339,0.415693406426426,1.04374284136742,15
"377","REACTOME_INSULIN_PROCESSING",0.544642857142857,0.767414070891514,0.0689567351672811,0.417351162665268,0.943453024238178,10
"378","REACTOME_INSULIN_RECEPTOR_RECYCLING",0.918181818181818,0.96993953059342,0.0554793308704233,-0.23010333891284,-0.684264768087179,25
"379","REACTOME_INSULIN_RECEPTOR_SIGNALLING_CASCADE",0.346975088967972,0.612270543056477,0.0928481214159878,0.344622214513185,1.084192842466,36
"380","REACTOME_INTEGRATION_OF_ENERGY_METABOLISM",0.12012987012987,0.375354369530383,0.161978948883402,0.358917638957177,1.27314944859426,70
"381","REACTOME_INTEGRIN_CELL_SURFACE_INTERACTIONS",0.755555555555556,0.892271303065675,0.0687943095604775,-0.235767299685276,-0.864674840872311,68
"382","REACTOME_INTEGRIN_SIGNALING",0.445701357466063,0.690284581728432,0.0922597260527354,-0.340338192258235,-1.00317305493053,24
"383","REACTOME_INTERCONVERSION_OF_NUCLEOTIDE_DI_AND_TRIPHOSPHATES",0.195840554592721,0.471729047952133,0.128142916898415,0.427755974333534,1.2072361085813,22
"384","REACTOME_INTERFERON_ALPHA_BETA_SIGNALING",0.505668934240363,0.736876813970793,0.0852884689790502,-0.358998102639909,-0.957290313981951,16
"385","REACTOME_INTERFERON_GAMMA_SIGNALING",0.975903614457831,0.995018157504884,0.0553642837725362,-0.211677230925045,-0.57994490261832,19
"386","REACTOME_INTERFERON_SIGNALING",0.428802588996764,0.676410817996579,0.0760837160951725,0.268212012651982,1.00868798827055,108
"387","REACTOME_INTERLEUKIN_12_FAMILY_SIGNALING",0.00257368165891837,0.0300471833182687,0.431707695803346,-0.707529825441666,-1.84198713208762,15
"388","REACTOME_INTERLEUKIN_15_SIGNALING",0.271493212669683,0.55301987015542,0.12384217120105,-0.499107794195614,-1.17031629969401,10
"389","REACTOME_INTERLEUKIN_17_SIGNALING",0.584323040380047,0.78262286732875,0.0799858801499946,-0.260041838660329,-0.921212529961248,55
"390","REACTOME_INTERLEUKIN_1_FAMILY_SIGNALING",0.325732899022801,0.600004416180887,0.0913924325943768,0.291459313164643,1.07807925714374,98
"391","REACTOME_INTERLEUKIN_1_SIGNALING",0.210702341137124,0.488683400112587,0.120433371642259,0.318967579799952,1.15500082960611,85
"392","REACTOME_INTERLEUKIN_20_FAMILY_SIGNALING",0.0197758148218022,0.111594181569379,0.352487857583619,-0.661878370527206,-1.59571358550297,11
"393","REACTOME_INTERLEUKIN_2_FAMILY_SIGNALING",0.0056881526707745,0.0480162076803217,0.407017918923954,-0.557469629358168,-1.71867709314815,29
"394","REACTOME_INTERLEUKIN_3_INTERLEUKIN_5_AND_GM_CSF_SIGNALING",0.134570765661253,0.397769108594934,0.184706471207739,-0.409244111892289,-1.27485026628683,31
"395","REACTOME_INTERLEUKIN_4_AND_INTERLEUKIN_13_SIGNALING",0.110112359550562,0.355738238393355,0.20207170902116,-0.539599221315299,-1.35911640937206,13
"396","REACTOME_INTERLEUKIN_6_FAMILY_SIGNALING",0.136038186157518,0.399063032367973,0.186432558434075,-0.472257330223405,-1.3192749833439,20
"397","REACTOME_INTERLEUKIN_7_SIGNALING",0.18075117370892,0.451636932707355,0.158514105424824,-0.48146446955945,-1.2534473114717,15
"398","REACTOME_INTERLEUKIN_RECEPTOR_SHC_SIGNALING",0.121779859484778,0.375354369530383,0.195789002148949,-0.491962118868184,-1.342522264813,18
"399","REACTOME_INTRACELLULAR_SIGNALING_BY_SECOND_MESSENGERS",0.503782148260212,0.735270830093175,0.0646484568421928,0.239947981268082,0.989901493073612,220
"400","REACTOME_INTRAFLAGELLAR_TRANSPORT",0.343859649122807,0.611781028748648,0.0925528864684773,0.329983291823529,1.07478927853593,44
"401","REACTOME_INTRA_GOLGI_AND_RETROGRADE_GOLGI_TO_ER_TRAFFIC",0.00324624395152295,0.0327067804578172,0.431707695803346,0.359934227116808,1.45077806604633,175
"402","REACTOME_INTRA_GOLGI_TRAFFIC",0.354092526690391,0.614064340583678,0.0916795246008379,0.341498799331299,1.07436647538448,36
"403","REACTOME_INTRINSIC_PATHWAY_FOR_APOPTOSIS",0.813167259786477,0.926930395485113,0.0497903187820785,0.248403328388701,0.781485056220764,36
"404","REACTOME_INTRINSIC_PATHWAY_OF_FIBRIN_CLOT_FORMATION",0.524305555555556,0.747768941444255,0.0694481442003175,0.37781009499886,0.948623615277856,15
"405","REACTOME_INWARDLY_RECTIFYING_K_CHANNELS",0.223214285714286,0.506853224295085,0.137250779610133,-0.387488063009843,-1.18906658829168,28
"406","REACTOME_IONOTROPIC_ACTIVITY_OF_KAINATE_RECEPTORS",0.96415770609319,0.987535918490596,0.042331839351853,0.237429118041114,0.564451746457912,12
"407","REACTOME_ION_CHANNEL_TRANSPORT",0.89247311827957,0.962309910043679,0.0647943366000727,-0.203730967692099,-0.832297751304444,139
"408","REACTOME_ION_HOMEOSTASIS",0.77326968973747,0.904561422327103,0.065981614400873,-0.241381329465973,-0.836899593237576,49
"409","REACTOME_ION_TRANSPORT_BY_P_TYPE_ATPASES",0.900709219858156,0.964393363883647,0.0582216241124161,-0.217893829536677,-0.749892356354438,47
"410","REACTOME_IRAK1_RECRUITS_IKK_COMPLEX",0.273563218390805,0.553625778903205,0.124434168630393,-0.483302543128333,-1.16518754550586,11
"411","REACTOME_IRON_UPTAKE_AND_TRANSPORT",1,1,0.0524827622635459,-0.137414923570273,-0.473221078520961,46
"412","REACTOME_IRS_MEDIATED_SIGNALLING",0.225919439579685,0.506853224295085,0.118815039412263,0.384013746305114,1.18849111866344,31
"413","REACTOME_ISG15_ANTIVIRAL_MECHANISM",0.538878842676311,0.760435957210397,0.070113215764256,0.321307171591798,0.939232258460434,26
"414","REACTOME_JNK_C_JUN_KINASES_PHOSPHORYLATION_AND_ACTIVATION_MEDIATED_BY_ACTIVATED_HUMAN_TAK1",0.550255536626917,0.768389624172013,0.066132620475844,0.34358642992418,0.931798569388953,19
"415","REACTOME_KEAP1_NFE2L2_PATHWAY",0.00272573167775116,0.0300471833182687,0.431707695803346,0.494278377519842,1.68182764736802,57
"416","REACTOME_KERATAN_SULFATE_BIOSYNTHESIS",0.494117647058824,0.724551228942281,0.0886261133285098,-0.339064650944755,-0.978434022659101,22
"417","REACTOME_KERATAN_SULFATE_DEGRADATION",0.579310344827586,0.782289723776534,0.0787113806986485,-0.384378238675548,-0.926692281752186,11
"418","REACTOME_KERATAN_SULFATE_KERATIN_METABOLISM",0.737668161434978,0.883510295689821,0.0652353056017703,-0.266158629293883,-0.82056620705557,29
"419","REACTOME_KERATINIZATION",0.171378091872792,0.44203325863899,0.139599673451922,0.392442100061638,1.24285249802863,38
"420","REACTOME_KINESINS",0.0912220309810671,0.309640049132389,0.193813302725311,0.395696800121649,1.313858558631,48
"421","REACTOME_KSRP_KHSRP_BINDS_AND_DESTABILIZES_MRNA",0.280071813285458,0.560742070616397,0.106323255932708,0.484344946227864,1.16848062618225,13
"422","REACTOME_L1CAM_INTERACTIONS",0.983193277310924,0.997026083160537,0.0384786917635432,0.190867130709869,0.65407474570707,59
"423","REACTOME_LAGGING_STRAND_SYNTHESIS",0.224699828473413,0.506853224295085,0.11776578836269,0.434637325167004,1.19321728365903,20
"424","REACTOME_LAMININ_INTERACTIONS",0.1875,0.461122047244094,0.131457611642763,0.506138541689646,1.27083680294605,15
"425","REACTOME_LDL_CLEARANCE",0.998245614035088,1,0.03975964750879,0.163260417337875,0.425917630527504,17
"426","REACTOME_LGI_ADAM_INTERACTIONS",0.222222222222222,0.506853224295085,0.121543282035469,0.511153546768449,1.21519009362468,12
"427","REACTOME_LYSINE_CATABOLISM",0.485714285714286,0.715588499550764,0.0747385227439092,0.434437064348714,0.982076962679228,10
"428","REACTOME_LYSOSOME_VESICLE_BIOGENESIS",0.992890995260663,1,0.05378728077603,-0.172263709958976,-0.537338386302892,32
"429","REACTOME_LYSOSPHINGOLIPID_AND_LPA_RECEPTORS",0.000234719345065267,0.00536419576405257,0.518848077743792,-0.797329838206372,-2.00827581653429,13
"430","REACTOME_MACROAUTOPHAGY",0.0114281883331957,0.0754099469591859,0.380730400722792,0.388475162695854,1.47048308179664,114
"431","REACTOME_MAJOR_PATHWAY_OF_RRNA_PROCESSING_IN_THE_NUCLEOLUS_AND_CYTOSOL",0.0000702277023698892,0.00199404112486625,0.538434096309916,0.429529334217922,1.71204501059836,160
"432","REACTOME_MAP2K_AND_MAPK_ACTIVATION",0.585714285714286,0.782901976767883,0.0653834195468773,0.293966472519187,0.918664251945664,35
"433","REACTOME_MAP3K8_TPL2_DEPENDENT_MAPK1_3_ACTIVATION",0.208144796380091,0.487758463258323,0.143758989039275,-0.536890398813654,-1.25890958263533,10
"434","REACTOME_MAPK6_MAPK4_SIGNALING",0.00909195515773036,0.0645517932335293,0.380730400722792,0.481383735883605,1.62012586746296,54
"435","REACTOME_MAPK_FAMILY_SIGNALING_CASCADES",0.126112759643917,0.383661220085552,0.150169802128406,0.275642016020503,1.15541584075445,252
"436","REACTOME_MAPK_TARGETS_NUCLEAR_EVENTS_MEDIATED_BY_MAP_KINASES",0.696428571428571,0.860863342566944,0.0678338263479455,-0.278890346766521,-0.855817829744929,28
"437","REACTOME_MATURATION_OF_TCA_ENZYMES_AND_REGULATION_OF_TCA_CYCLE",0.088695652173913,0.306670944970319,0.197822021315103,0.5295128804005,1.40706509798056,18
"438","REACTOME_METABOLISM_OF_AMINO_ACIDS_AND_DERIVATIVES",0.186440677966102,0.461122047244094,0.123257226381337,0.275734616034787,1.12007143334166,194
"439","REACTOME_METABOLISM_OF_ANGIOTENSINOGEN_TO_ANGIOTENSINS",0.254504504504505,0.53468771462045,0.128142916898415,-0.472729320629426,-1.1656780589462,12
"440","REACTOME_METABOLISM_OF_CARBOHYDRATES_AND_CARBOHYDRATE_DERIVATIVES",0.613432835820895,0.802390194911706,0.0546808488785442,0.227216285795455,0.943762382827069,228
"441","REACTOME_METABOLISM_OF_COFACTORS",0.00532380722128282,0.0466206295919813,0.407017918923954,0.60359204976743,1.7347780264675,24
"442","REACTOME_METABOLISM_OF_FAT_SOLUBLE_VITAMINS",0.690391459074733,0.856816949871556,0.0573667426768556,0.273623210556799,0.862788062544397,37
"443","REACTOME_METABOLISM_OF_FOLATE_AND_PTERINES",0.331597222222222,0.602344488561165,0.0940503465727813,0.435672886654688,1.0939082737272,15
"444","REACTOME_METABOLISM_OF_NITRIC_OXIDE_NOS3_ACTIVATION_AND_REGULATION",0.404513888888889,0.657392829550437,0.0828962134571565,0.414912315359634,1.04178164064396,15
"445","REACTOME_METABOLISM_OF_NUCLEOTIDES",0.172240802675585,0.44203325863899,0.135002033828631,0.328321088835293,1.18774880477863,83
"446","REACTOME_METABOLISM_OF_POLYAMINES",0.0019134177778346,0.0242280061869057,0.45505986738723,0.5619588372096,1.81402556471209,41
"447","REACTOME_METABOLISM_OF_PORPHYRINS",0.660808435852373,0.840132299041619,0.0588438169595807,0.301243338727825,0.857187353103534,23
"448","REACTOME_METABOLISM_OF_STEROIDS",0.993311036789298,1,0.037770500132479,0.175201621043293,0.639105796111887,91
"449","REACTOME_METABOLISM_OF_STEROID_HORMONES",0.178173719376392,0.451210436457558,0.155241966228839,-0.406002251418635,-1.22449351882065,26
"450","REACTOME_METABOLISM_OF_VITAMINS_AND_COFACTORS",0.0358301932602236,0.167864455424148,0.321775918075361,0.333390688434305,1.32470714985044,158
"451","REACTOME_METABOLISM_OF_WATER_SOLUBLE_VITAMINS_AND_COFACTORS",0.456026058631922,0.694144611566358,0.0732558655828455,0.269595904723543,0.997208665379547,98
"452","REACTOME_METALLOPROTEASE_DUBS",0.413005272407733,0.662065909587638,0.0824344091527096,0.362444794578709,1.03133598048381,23
"453","REACTOME_METAL_ION_SLC_TRANSPORTERS",0.882453151618399,0.957018953854397,0.0440640346597561,0.256556793265053,0.695776177726657,19
"454","REACTOME_METHYLATION",0.0740740740740741,0.274337578685405,0.219250346703755,0.621699379288724,1.45481039929767,11
"455","REACTOME_MET_ACTIVATES_PTK2_SIGNALING",0.0311152922016912,0.151849108296795,0.352487857583619,0.564731735840648,1.50065153206914,18
"456","REACTOME_MET_ACTIVATES_RAP1_AND_RAC1",0.342151675485009,0.611781028748648,0.0931454575337804,0.473093399331111,1.10706431454606,11
"457","REACTOME_MET_ACTIVATES_RAS_SIGNALING",0.373214285714286,0.632372126065616,0.0888945288620449,0.480119022223818,1.08534439108449,10
"458","REACTOME_MET_PROMOTES_CELL_MOTILITY",0.0440763063554658,0.198555283918613,0.321775918075361,0.503661763642903,1.52250731990117,29
"459","REACTOME_MET_RECEPTOR_RECYCLING",0.753571428571429,0.891535894660895,0.053457214108991,0.349098491876634,0.789162837871751,10
"460","REACTOME_MHC_CLASS_II_ANTIGEN_PRESENTATION",0.453125,0.694144611566358,0.0995791200495904,-0.251444137044143,-1.00203978349573,119
"461","REACTOME_MISCELLANEOUS_SUBSTRATES",0.265597147950089,0.546955005778535,0.109250039480711,0.459547228377111,1.16349943020304,16
"462","REACTOME_MISCELLANEOUS_TRANSPORT_AND_BINDING_EVENTS",0.632582322357019,0.820955174582447,0.0602484086158019,0.314339880689015,0.887147058381054,22
"463","REACTOME_MISMATCH_REPAIR",0.197916666666667,0.475004567044209,0.127505315300183,0.497047480054153,1.24801053157445,15
"464","REACTOME_MISMATCH_REPAIR_MMR_DIRECTED_BY_MSH2_MSH3_MUTSBETA",0.219642857142857,0.505664268164268,0.122107920287081,0.546824076083292,1.23613607546316,10
"465","REACTOME_MITF_M_DEPENDENT_GENE_EXPRESSION",0.106575963718821,0.349166706309563,0.206587922696891,-0.522683815074942,-1.39376823934988,16
"466","REACTOME_MITF_M_REGULATED_MELANOCYTE_DEVELOPMENT",0.310526315789474,0.583092500791056,0.0985499803531691,0.335800167566336,1.09373543683503,44
"467","REACTOME_MITOCHONDRIAL_BIOGENESIS",0.0103307589240112,0.0696397202287662,0.380730400722792,0.560584564331877,1.64920954839933,27
"468","REACTOME_MITOCHONDRIAL_CALCIUM_ION_TRANSPORT",0.171929824561404,0.44203325863899,0.13880510939114,0.486095788260734,1.26813816674828,17
"469","REACTOME_MITOCHONDRIAL_FATTY_ACID_BETA_OXIDATION",0.231173380035026,0.509056480367956,0.117249716749792,0.382010023404088,1.18228976026144,31
"470","REACTOME_MITOCHONDRIAL_IRON_SULFUR_CLUSTER_BIOGENESIS",0.54673721340388,0.767554491017964,0.0681513438679483,0.39479668256474,0.923845734027454,11
"471","REACTOME_MITOCHONDRIAL_PROTEIN_DEGRADATION",0.0000841801262181786,0.00213180481801171,0.538434096309916,0.522643003192551,1.86191665313964,76
"472","REACTOME_MITOCHONDRIAL_PROTEIN_IMPORT",0.0201703031364259,0.111594181569379,0.352487857583619,0.697178043537741,1.57602228638257,10
"473","REACTOME_MITOCHONDRIAL_TRANSLATION",0.0000000106491666095322,0.00000090711537392106,0.747739663149885,0.599123698609434,2.17632426075072,87
"474","REACTOME_MITOPHAGY",0.144827586206897,0.409119261477046,0.151148761385484,0.407150442245233,1.2696407953607,32
"475","REACTOME_MITOTIC_G1_PHASE_AND_G1_S_TRANSITION",0.0000728975514660037,0.00199469845285245,0.538434096309916,0.466473083438471,1.75925531086049,112
"476","REACTOME_MITOTIC_G2_G2_M_PHASES",0.000000947705985223289,0.0000634286077253016,0.659444398037935,0.473043943671624,1.88548827528014,160
"477","REACTOME_MITOTIC_METAPHASE_AND_ANAPHASE",0.000000000000616616109627046,0.000000000313932342311973,0.921426003494898,0.546593036559535,2.22223576378722,195
"478","REACTOME_MITOTIC_PROMETAPHASE",0.000000000252170807696362,0.0000000393806744685819,0.814035837847908,0.517302119441049,2.0906997773988,182
"479","REACTOME_MITOTIC_PROPHASE",0.503311258278146,0.735270830093175,0.069119845655101,0.267644017702103,0.981282030200633,93
"480","REACTOME_MITOTIC_SPINDLE_CHECKPOINT",0.000000000245959785066602,0.0000000393806744685819,0.814035837847908,0.585565673185272,2.20218719901983,108
"481","REACTOME_MITOTIC_TELOPHASE_CYTOKINESIS",0.0628366247755835,0.245324655894674,0.241339976815091,0.615156460368858,1.48406298364409,13
"482","REACTOME_MODULATION_OF_HOST_RESPONSES_BY_IFN_STIMULATED_GENES",0.561085972850679,0.771066491112574,0.0795564677235957,-0.391280823659868,-0.917481816578026,10
"483","REACTOME_MOLECULES_ASSOCIATED_WITH_ELASTIC_FIBRES",0.58294930875576,0.78262286732875,0.0785029047348687,-0.298083496728352,-0.919569408281621,30
"484","REACTOME_MRNA_CAPPING",0.0059162632700495,0.0487790751654674,0.407017918923954,0.582336623365406,1.74414767734978,28
"485","REACTOME_MRNA_DECAY_BY_3_TO_5_EXORIBONUCLEASE",0.388888888888889,0.648378805852115,0.0850427463764322,0.418406649197711,1.05055538079104,15
"486","REACTOME_MRNA_DECAY_BY_5_TO_3_EXORIBONUCLEASE",0.459219858156028,0.696260529275402,0.077274697304471,0.407926705161769,0.999929329663082,14
"487","REACTOME_MRNA_SPLICING",0.000000000559300820335253,0.0000000655081085817665,0.801215574617779,0.511608940857529,2.07286667485365,187
"488","REACTOME_MRNA_SPLICING_MINOR_PATHWAY",0.00514910542991085,0.0456226283160023,0.407017918923954,0.501512606148224,1.65703177506168,47
"489","REACTOME_MTORC1_MEDIATED_SIGNALLING",0.0767857142857143,0.277450267840319,0.216542836735348,0.486409095719312,1.39798364052826,24
"490","REACTOME_MTOR_SIGNALLING",0.00889858199561332,0.0641382409991514,0.380730400722792,0.51604823235734,1.66582429910528,41
"491","REACTOME_MUSCLE_CONTRACTION",0.856,0.951449584816133,0.0425877779273254,0.214095845127689,0.830971533252689,135
"492","REACTOME_MYD88_MAL_TIRAP_CASCADE_INITIATED_ON_PLASMA_MEMBRANE",0.59452736318408,0.792421250787315,0.0815265143256594,-0.251571360616329,-0.94132376843444,80
"493","REACTOME_MYOGENESIS",0.407494145199063,0.6588102225483,0.0995791200495904,-0.381723836951772,-1.04169148489848,18
"494","REACTOME_M_PHASE",0.000000000710300793458132,0.00000007395020483003,0.801215574617779,0.436608987690783,1.88287316823006,332
"495","REACTOME_NA_CL_DEPENDENT_NEUROTRANSMITTER_TRANSPORTERS",0.826291079812207,0.93362930394564,0.0619762736001998,-0.284078421978086,-0.73957136359693,15
"496","REACTOME_NCAM1_INTERACTIONS",0.52129471890971,0.747768941444255,0.0687943095604775,0.352831025097485,0.956869700862238,19
"497","REACTOME_NCAM_SIGNALING_FOR_NEURITE_OUT_GROWTH",0.403914590747331,0.657392829550437,0.0843144320642653,0.330133344712767,1.03861038065278,36
"498","REACTOME_NEDDYLATION",0.0380998536794296,0.17585991575185,0.321775918075361,0.316787171913211,1.2835146519906,187
"499","REACTOME_NEGATIVE_REGULATION_OF_FGFR2_SIGNALING",0.840554592720971,0.941902525439789,0.0470699590082662,0.262716160689498,0.741451796170377,22
"500","REACTOME_NEGATIVE_REGULATION_OF_FGFR3_SIGNALING",0.567241379310345,0.774788881069669,0.0652353056017703,0.338153405682346,0.941639601841733,21
"501","REACTOME_NEGATIVE_REGULATION_OF_FGFR4_SIGNALING",0.289982425307557,0.566534860602104,0.102821842840815,0.398555586451581,1.13408917076081,23
"502","REACTOME_NEGATIVE_REGULATION_OF_MAPK_PATHWAY",0.239713774597496,0.515164694490489,0.116234148779716,0.368068048989471,1.16824133313183,39
"503","REACTOME_NEGATIVE_REGULATION_OF_MET_ACTIVITY",0.673684210526316,0.848443689869836,0.0578529757032509,0.324684803370963,0.847045379247402,17
"504","REACTOME_NEGATIVE_REGULATION_OF_THE_PI3K_AKT_NETWORK",0.554294975688817,0.770611584628142,0.0633597010643758,0.256835801474699,0.958223157614599,102
"505","REACTOME_NEGATIVE_REGULATORS_OF_DDX58_IFIH1_SIGNALING",0.026654208118821,0.134677930974639,0.352487857583619,-0.647504164096213,-1.56105900619637,11
"506","REACTOME_NERVOUS_SYSTEM_DEVELOPMENT",0.26080476900149,0.540650594146895,0.0992333343771191,0.257995486384098,1.07510632900859,236
"507","REACTOME_NETRIN_1_SIGNALING",0.166292134831461,0.441706193382839,0.161978948883402,-0.503702542045818,-1.26870159054005,13
"508","REACTOME_NEUREXINS_AND_NEUROLIGINS",0.172661870503597,0.44203325863899,0.140406238523342,0.410634287973992,1.24129674788272,29
"509","REACTOME_NEURONAL_SYSTEM",0.570381231671554,0.776812811157335,0.0572461135202884,0.226000693320597,0.961763810377042,280
"510","REACTOME_NEUROTRANSMITTER_RECEPTORS_AND_POSTSYNAPTIC_SIGNAL_TRANSMISSION",0.452442159383033,0.694144611566358,0.0988903007520636,-0.251895576035333,-1.00275466100368,118
"511","REACTOME_NEUROTRANSMITTER_RELEASE_CYCLE",0.778947368421053,0.907803089814088,0.0511147954416412,0.250809512318226,0.816912193659239,44
"512","REACTOME_NEUTROPHIL_DEGRANULATION",0.206521739130435,0.486208214987983,0.186432558434075,-0.230538774066306,-1.07312962352182,410
"513","REACTOME_NF_KB_IS_ACTIVATED_AND_SIGNALS_SURVIVAL",0.305429864253394,0.57859571220426,0.115734447701689,-0.481504560678561,-1.12903994346013,10
"514","REACTOME_NICOTINATE_METABOLISM",0.39618138424821,0.654786862334032,0.102449405629826,-0.367321089025638,-1.02613023153482,20
"515","REACTOME_NITRIC_OXIDE_STIMULATES_GUANYLATE_CYCLASE",0.308558558558559,0.580560982669416,0.114750719227023,-0.451135504487024,-1.11243101758943,12
"516","REACTOME_NOD1_2_SIGNALING_PATHWAY",0.412946428571429,0.662065909587638,0.0959206777921745,-0.333214240351143,-1.02251903417854,28
"517","REACTOME_NONHOMOLOGOUS_END_JOINING_NHEJ",0.286458333333333,0.566534860602104,0.102821842840815,0.329416932914195,1.10751868647739,53
"518","REACTOME_NONSENSE_MEDIATED_DECAY_NMD",0.331707317073171,0.602344488561165,0.0902635484340068,0.288798890579622,1.07293613914114,100
"519","REACTOME_NONSENSE_MEDIATED_DECAY_NMD_INDEPENDENT_OF_THE_EXON_JUNCTION_COMPLEX_EJC",0.464106844741235,0.696418918918919,0.0736212741014394,0.2754104812315,0.993208571957006,81
"520","REACTOME_NON_INTEGRIN_MEMBRANE_ECM_INTERACTIONS",0.0118391227353951,0.0759812191990765,0.380730400722792,0.471922324171894,1.58828291824341,54
"521","REACTOME_NOREPINEPHRINE_NEUROTRANSMITTER_RELEASE_CYCLE",0.206349206349206,0.486208214987983,0.144630528034484,-0.457353962370983,-1.21956220665088,16
"522","REACTOME_NOTCH_HLH_TRANSCRIPTION_PATHWAY",0.39622641509434,0.654786862334032,0.0833634065110386,0.381680064584462,1.0478328102983,20
"523","REACTOME_NR1H2_AND_NR1H3_MEDIATED_SIGNALING",0.346846846846847,0.612270543056477,0.107140237276725,-0.436730008326423,-1.07690927169838,12
"524","REACTOME_NRAGE_SIGNALS_DEATH_THROUGH_JNK",0.178654292343387,0.451210436457558,0.158514105424824,-0.355501885129808,-1.22425556938385,46
"525","REACTOME_NRIF_SIGNALS_CELL_DEATH_FROM_THE_NUCLEUS",0.841379310344828,0.941902525439789,0.0601186142531851,-0.294272519180892,-0.709457624855006,11
"526","REACTOME_NUCLEAR_ENVELOPE_BREAKDOWN",0.0313332627249955,0.15212055530218,0.321775918075361,0.462849813211266,1.49635935957155,43
"527","REACTOME_NUCLEAR_ENVELOPE_NE_REASSEMBLY",0.0011341089227205,0.0192996125911764,0.45505986738723,0.51466283696909,1.75118764577706,57
"528","REACTOME_NUCLEAR_EVENTS_KINASE_AND_TRANSCRIPTION_FACTOR_ACTIVATION",0.705240174672489,0.86267629721687,0.066132620475844,-0.274990466478589,-0.840453735980673,27
"529","REACTOME_NUCLEAR_EVENTS_MEDIATED_BY_NFE2L2",0.000975850509883298,0.0172523005237859,0.477270815362862,0.582745838947332,1.8496247572642,39
"530","REACTOME_NUCLEAR_PORE_COMPLEX_NPC_DISASSEMBLY",0.0197772645630342,0.111594181569379,0.352487857583619,0.538207368067006,1.62693441642264,29
"531","REACTOME_NUCLEAR_RECEPTOR_TRANSCRIPTION_PATHWAY",0.953596287703016,0.985063672789305,0.0546808488785442,-0.194503824259656,-0.653774044638899,42
"532","REACTOME_NUCLEAR_RNA_DECAY",0.102517985611511,0.339432341052953,0.186432558434075,0.443278723220896,1.33997684473575,29
"533","REACTOME_NUCLEOTIDE_BINDING_DOMAIN_LEUCINE_RICH_REPEAT_CONTAINING_RECEPTOR_NLR_SIGNALING_PATHWAYS",0.271461716937355,0.55301987015542,0.12563992130984,-0.339719325489239,-1.14187820374474,42
"534","REACTOME_NUCLEOTIDE_BIOSYNTHESIS",0.152603231597846,0.418097157915735,0.150169802128406,0.541548312898165,1.30648356443362,13
"535","REACTOME_NUCLEOTIDE_CATABOLISM",0.87215411558669,0.95581483374023,0.0458620343117985,0.2341963443455,0.7248185200561,31
"536","REACTOME_NUCLEOTIDE_EXCISION_REPAIR",0.0000779800663759262,0.00202964783872897,0.538434096309916,0.479133947073381,1.78166741698605,101
"537","REACTOME_NUCLEOTIDE_LIKE_PURINERGIC_RECEPTORS",0.335069444444444,0.60727286159467,0.0934449219410994,0.433706283408439,1.08897043245199,15
"538","REACTOME_NUCLEOTIDE_SALVAGE",0.627586206896552,0.817715719428385,0.0603786357920401,0.322182284472183,0.897165585124505,21
"539","REACTOME_N_GLYCAN_ANTENNAE_ELONGATION",0.805555555555556,0.925006808278867,0.0490939668192139,0.301221400936873,0.756321067484073,15
"540","REACTOME_N_GLYCAN_ANTENNAE_ELONGATION_IN_THE_MEDIAL_TRANS_GOLGI",0.399538106235566,0.656784571127588,0.0999276973731092,-0.358114380446868,-1.04469039053336,23
"541","REACTOME_N_GLYCAN_TRIMMING_IN_THE_ER_AND_CALNEXIN_CALRETICULIN_CYCLE",0.508960573476703,0.739373732321969,0.0725351864394589,0.407218407081675,0.968100050084243,12
"542","REACTOME_ONCOGENE_INDUCED_SENESCENCE",0.414721723518851,0.662065909587638,0.0833634065110386,0.428101749136155,1.03279409395343,13
"543","REACTOME_OPIOID_SIGNALLING",0.37,0.629201451905626,0.109684061970549,-0.287702001991798,-1.05018947022013,67
"544","REACTOME_ORC1_REMOVAL_FROM_CHROMATIN",0.00141716283671585,0.0200475391495309,0.45505986738723,0.533172105587935,1.78413202226212,51
"545","REACTOME_ORGANELLE_BIOGENESIS_AND_MAINTENANCE",0.00969160146947922,0.067367973058547,0.380730400722792,0.338390027466904,1.37458621824096,194
"546","REACTOME_OTHER_INTERLEUKIN_SIGNALING",0.166666666666667,0.441706193382839,0.165656695205483,-0.497863057994385,-1.29613948895368,15
"547","REACTOME_OTHER_SEMAPHORIN_INTERACTIONS",0.525114155251142,0.747768941444255,0.0835990603684159,-0.370190869568179,-0.946662578766497,14
"548","REACTOME_OVARIAN_TUMOR_DOMAIN_PROTEASES",0.645739910313901,0.828753714797868,0.0718276293603809,-0.286799474515249,-0.884201867182959,29
"549","REACTOME_OXIDATIVE_STRESS_INDUCED_SENESCENCE",0.257950530035336,0.539626493390951,0.110564716336619,0.36986847483274,1.15379675598131,34
"550","REACTOME_O_GLYCOSYLATION_OF_TSR_DOMAIN_CONTAINING_PROTEINS",0.227191413237925,0.506853224295085,0.119887845115423,0.371891394117157,1.18037656144424,39
"551","REACTOME_O_LINKED_GLYCOSYLATION",0.245528455284553,0.52405504009482,0.108394255853397,0.302319571174637,1.12316772696705,100
"552","REACTOME_O_LINKED_GLYCOSYLATION_OF_MUCINS",0.464037122969838,0.696418918918919,0.0913924325943768,-0.287658468181153,-0.990620574691508,46
"553","REACTOME_P130CAS_LINKAGE_TO_MAPK_SIGNALING_FOR_INTEGRINS",0.439068100358423,0.684537121523864,0.0802023444698144,0.428518900268866,1.01873874460967,12
"554","REACTOME_P2Y_RECEPTORS",0.2663139329806,0.547228410532504,0.108394255853397,0.502363936254618,1.17555896473868,11
"555","REACTOME_P75NTR_RECRUITS_SIGNALLING_COMPLEXES",0.875565610859729,0.957018953854397,0.0574877409561325,-0.284265653432828,-0.666550856397208,10
"556","REACTOME_P75NTR_SIGNALS_VIA_NF_KB",0.638202247191011,0.82494497432135,0.0725351864394589,-0.342568174905392,-0.862844143302614,13
"557","REACTOME_P75_NTR_RECEPTOR_MEDIATED_SIGNALLING",0.386934673366834,0.648370535714286,0.107140237276725,-0.282860083371609,-1.04421576768887,76
"558","REACTOME_PARACETAMOL_ADME",0.0205581725398109,0.111594181569379,0.352487857583619,-0.554235535656842,-1.61681454252217,23
"559","REACTOME_PCNA_DEPENDENT_LONG_PATCH_BASE_EXCISION_REPAIR",0.289655172413793,0.566534860602104,0.101713902282311,0.406694383364924,1.13250238142732,21
"560","REACTOME_PCP_CE_PATHWAY",0.112956810631229,0.360001808032183,0.169570644405628,0.362654145843284,1.2695318772466,67
"561","REACTOME_PECAM1_INTERACTIONS",0.209195402298851,0.487758463258323,0.144630528034484,-0.514903940957366,-1.24137492687702,11
"562","REACTOME_PENTOSE_PHOSPHATE_PATHWAY",0.434397163120567,0.681792532401962,0.0802023444698144,0.415583763043775,1.01869867390621,14
"563","REACTOME_PEPTIDE_HORMONE_METABOLISM",0.823117338003503,0.932600901704089,0.048505983646947,0.240902246244819,0.789411269276057,46
"564","REACTOME_PEPTIDE_LIGAND_BINDING_RECEPTORS",0.007474551974616,0.0564810903243161,0.407017918923954,-0.359863136904729,-1.43410454517301,119
"565","REACTOME_PEROXISOMAL_LIPID_METABOLISM",0.955882352941177,0.985063672789305,0.0438879842863647,0.219932218681556,0.647028723458641,27
"566","REACTOME_PEROXISOMAL_PROTEIN_IMPORT",0.75609756097561,0.892271303065675,0.0681513438679483,-0.236255888854924,-0.843763180143365,58
"567","REACTOME_PHASE_2_PLATEAU_PHASE",1,1,0.0511147954416412,-0.186726894372814,-0.460439905643553,12
"568","REACTOME_PHASE_II_CONJUGATION_OF_COMPOUNDS",0.0724876441515651,0.271683690280066,0.213927855492356,0.376661300257766,1.33761202386851,74
"569","REACTOME_PHASE_I_FUNCTIONALIZATION_OF_COMPOUNDS",0.54590570719603,0.767554491017964,0.0860347242455604,-0.25397199369107,-0.953022223339497,81
"570","REACTOME_PHOSPHOLIPASE_C_MEDIATED_CASCADE_FGFR4",0.121428571428571,0.375354369530383,0.169570644405628,0.601265201988735,1.35920424795946,10
"571","REACTOME_PHOSPHOLIPID_METABOLISM",0.96206373292868,0.987535918490596,0.0347156757446657,0.192134236324026,0.774831658129187,177
"572","REACTOME_PHOSPHORYLATION_OF_CD3_AND_TCR_ZETA_CHAINS",0.00000127042310533371,0.0000793590966465127,0.643551836150722,-0.85598274215527,-2.2284702914889,15
"573","REACTOME_PHOSPHORYLATION_OF_THE_APC_C",0.00320805343693434,0.0327067804578172,0.431707695803346,0.654277952695145,1.79620045557045,20
"574","REACTOME_PI3K_EVENTS_IN_ERBB2_SIGNALING",0.228007181328546,0.507464914263296,0.119887845115423,0.507389652780331,1.22407590667878,13
"575","REACTOME_PINK1_PRKN_MEDIATED_MITOPHAGY",0.231316725978648,0.509056480367956,0.118287526124085,0.409405540000826,1.1896604885002,25
"576","REACTOME_PI_3K_CASCADE_FGFR1",0.407801418439716,0.6588102225483,0.0835990603684159,0.424592617401048,1.04078160592442,14
"577","REACTOME_PI_3K_CASCADE_FGFR2",0.579787234042553,0.782289723776534,0.0655321029282414,0.373746475384867,0.916145125745875,14
"578","REACTOME_PI_3K_CASCADE_FGFR3",0.330341113105925,0.602344488561165,0.096240602328129,0.458352886684931,1.10577486606846,13
"579","REACTOME_PI_3K_CASCADE_FGFR4",0.173611111111111,0.443252346351801,0.137250779610133,0.514213063872596,1.29111069855187,15
"580","REACTOME_PI_METABOLISM",0.834967320261438,0.939212940077992,0.0446854397644147,0.225765536668971,0.801451648384448,72
"581","REACTOME_PKA_MEDIATED_PHOSPHORYLATION_OF_CREB",0.201814058956916,0.481169906469797,0.14641623786055,-0.459565195549136,-1.22545859464802,16
"582","REACTOME_PKMTS_METHYLATE_HISTONE_LYSINES",0.853427895981087,0.94971726666779,0.0607719451853533,-0.226023711285985,-0.788451586985417,51
"583","REACTOME_PKR_MEDIATED_SIGNALING",0.519097222222222,0.747768941444255,0.0699458736501659,0.284982769928352,0.958128473322736,53
"584","REACTOME_PLASMA_LIPOPROTEIN_ASSEMBLY",0.0473881345501574,0.207489168567745,0.321775918075361,-0.583191334042942,-1.55511522532336,16
"585","REACTOME_PLASMA_LIPOPROTEIN_ASSEMBLY_REMODELING_AND_CLEARANCE",0.129107981220657,0.388984496475099,0.190023305279108,-0.352806798786336,-1.24124954190374,53
"586","REACTOME_PLASMA_LIPOPROTEIN_CLEARANCE",0.154708520179372,0.421400823860674,0.16823816568964,-0.406315984073236,-1.25267088578551,29
"587","REACTOME_PLASMA_LIPOPROTEIN_REMODELING",0.0876777251184834,0.304274179392663,0.234392647294686,-0.483441717086275,-1.37324761911677,21
"588","REACTOME_PLATELET_ACTIVATION_SIGNALING_AND_AGGREGATION",0.678571428571429,0.85142702593319,0.0840745577910723,-0.212610939056015,-0.93112624204146,227
"589","REACTOME_PLATELET_AGGREGATION_PLUG_FORMATION",0.689095127610209,0.856816949871556,0.0702812841717392,-0.278223125686969,-0.866702331352147,31
"590","REACTOME_PLATELET_CALCIUM_HOMEOSTASIS",0.517179023508137,0.747768941444255,0.0721797965581253,0.326946271508848,0.955716249541415,26
"591","REACTOME_PLATELET_HOMEOSTASIS",0.736928104575163,0.883510295689821,0.0503964322442957,0.238823980241305,0.847808197221784,72
"592","REACTOME_PLATELET_SENSITIZATION_BY_LDL",0.414035087719298,0.662065909587638,0.0822054920415869,0.394769260605224,1.0298833656299,17
"593","REACTOME_POLYMERASE_SWITCHING",0.464539007092199,0.696418918918919,0.0766746872490091,0.406911620534962,0.997441105975858,14
"594","REACTOME_POLYMERASE_SWITCHING_ON_THE_C_STRAND_OF_THE_TELOMERE",0.0803571428571429,0.285206980519481,0.211400189384923,0.483521234715683,1.38968366736838,24
"595","REACTOME_POSITIVE_EPIGENETIC_REGULATION_OF_RRNA_EXPRESSION",0.0651408450704225,0.24913049726933,0.234392647294686,0.46239509582013,1.4163279674003,30
"596","REACTOME_POSTMITOTIC_NUCLEAR_PORE_COMPLEX_NPC_REFORMATION",0.0463121783876501,0.204691090326548,0.276500599254472,0.54813668420673,1.50480901554351,20
"597","REACTOME_POST_NMDA_RECEPTOR_ACTIVATION_EVENTS",0.878472222222222,0.957018953854397,0.0451344222209097,0.27563110848605,0.692067740053027,15
"598","REACTOME_POST_TRANSLATIONAL_MODIFICATION_SYNTHESIS_OF_GPI_ANCHORED_PROTEINS",0.597938144329897,0.792865827936177,0.083129129135339,-0.256424682176399,-0.939153125165778,71
"599","REACTOME_POTASSIUM_CHANNELS",0.791154791154791,0.915200048533382,0.0662842187012672,-0.229070094785988,-0.855137089558985,78
"600","REACTOME_PRC2_METHYLATES_HISTONES_AND_DNA",0.0032278638326537,0.0327067804578172,0.431707695803346,-0.505984577401465,-1.70826570269962,43
"601","REACTOME_PREDNISONE_ADME",0.899305555555556,0.964393363883647,0.0440640346597561,0.269325934757414,0.676236408978,15
"602","REACTOME_PREGNENOLONE_BIOSYNTHESIS",0.024590686352553,0.12730095642178,0.352487857583619,-0.652724442984219,-1.57364450575737,11
"603","REACTOME_PRESYNAPTIC_DEPOLARIZATION_AND_CALCIUM_CHANNEL_OPENING",0.395061728395062,0.654786862334032,0.0850427463764322,0.451552890896227,1.05665835191975,11
"604","REACTOME_PRESYNAPTIC_FUNCTION_OF_KAINATE_RECEPTORS",0.778313253012048,0.907803089814088,0.066132620475844,-0.283808899612693,-0.777568394714965,19
"605","REACTOME_PROCESSING_AND_ACTIVATION_OF_SUMO",0.226785714285714,0.506853224295085,0.119887845115423,0.538544380663984,1.21741921450312,10
"606","REACTOME_PROCESSING_OF_CAPPED_INTRONLESS_PRE_MRNA",0.052158273381295,0.221207948062168,0.266350657088526,0.470919195353922,1.4235305789793,29
"607","REACTOME_PROCESSING_OF_CAPPED_INTRON_CONTAINING_PRE_MRNA",0.000000000000670079706108801,0.000000000313932342311973,0.921426003494898,0.509787342633401,2.13800844724812,250
"608","REACTOME_PROCESSING_OF_DNA_DOUBLE_STRAND_BREAK_ENDS",0.31953642384106,0.592882433938758,0.0934449219410994,0.30499378189883,1.08654090488657,76
"609","REACTOME_PROCESSING_OF_INTRONLESS_PRE_MRNAS",0.042550797481782,0.193544161361309,0.321775918075361,0.564267803354804,1.5490940528786,20
"610","REACTOME_PROCESSIVE_SYNTHESIS_ON_THE_C_STRAND_OF_THE_TELOMERE",0.462608695652174,0.696418918918919,0.0758886900606117,0.376428286736951,1.00027614769176,18
"611","REACTOME_PROCESSIVE_SYNTHESIS_ON_THE_LAGGING_STRAND",0.366319444444444,0.627497841763152,0.0883594442500905,0.424991867135079,1.06708986022881,15
"612","REACTOME_PROGRAMMED_CELL_DEATH",0.880258899676375,0.957018953854397,0.0418238690062304,0.216267274426049,0.825679294771949,120
"613","REACTOME_PROLONGED_ERK_ACTIVATION_EVENTS",0.421903052064632,0.667215869478426,0.0824344091527096,0.426955190105833,1.03002802397761,13
"614","REACTOME_PROSTACYCLIN_SIGNALLING_THROUGH_PROSTACYCLIN_RECEPTOR",0.331018518518519,0.602344488561165,0.111918316325105,-0.401480524229571,-1.08634578446186,17
"615","REACTOME_PROTEASOME_ASSEMBLY",0.00353490837407519,0.0346497676646584,0.431707695803346,0.533855775103556,1.72591640514048,43
"616","REACTOME_PROTEIN_HYDROXYLATION",0.0730434782608696,0.272676251515676,0.219250346703755,0.544797959019402,1.44768186376779,18
"617","REACTOME_PROTEIN_LIPOYLATION",0.00446407407557489,0.0410082098903301,0.407017918923954,0.755198420226356,1.70718161874129,10
"618","REACTOME_PROTEIN_LOCALIZATION",0.712624584717608,0.868308499194277,0.0526973085708419,0.239095348071871,0.879573697381031,96
"619","REACTOME_PROTEIN_METHYLATION",0.926315789473684,0.976330590255165,0.0431901998334182,0.248370683986112,0.647955303194728,17
"620","REACTOME_PROTEIN_PROTEIN_INTERACTIONS_AT_SYNAPSES",0.121666666666667,0.375354369530383,0.163180127180689,0.365943292266073,1.26360763368091,61
"621","REACTOME_PROTEIN_UBIQUITINATION",0.788333333333333,0.915200048533382,0.0482149710025564,0.240980464811351,0.832109130947518,61
"622","REACTOME_PTEN_REGULATION",0.00794405510066134,0.0586108632229896,0.380730400722792,0.43248945154383,1.54183706709368,78
"623","REACTOME_PTK6_REGULATES_RHO_GTPASES_RAS_GTPASE_AND_MAP_KINASES",0.189964157706093,0.461664388569249,0.132846300606183,0.528044609305717,1.25534603501616,12
"624","REACTOME_PURINE_CATABOLISM",0.743764172335601,0.884513313741206,0.0653834195468773,-0.304437661940452,-0.811801574559374,16
"625","REACTOME_PURINE_RIBONUCLEOSIDE_MONOPHOSPHATE_BIOSYNTHESIS",0.169642857142857,0.44203325863899,0.141225119642531,0.567620510629117,1.28314794657029,10
"626","REACTOME_PURINE_SALVAGE",0.644524236983842,0.828753714797868,0.0610363728309177,0.355399535876198,0.857400238114865,13
"627","REACTOME_PYROPTOSIS",0.368782161234991,0.629201451905626,0.0873098257637931,0.389024534708317,1.06799570976335,20
"628","REACTOME_PYRUVATE_METABOLISM",0.00629333304529331,0.0504004535336738,0.407017918923954,0.514685544885049,1.62290524691727,37
"629","REACTOME_RAB_GEFS_EXCHANGE_GTP_FOR_GDP_ON_RABS",0.788697788697789,0.915200048533382,0.066436413766281,-0.223214606782974,-0.855316104650899,87
"630","REACTOME_RAB_GERANYLGERANYLATION",0.650420168067227,0.832573357211737,0.0574877409561325,0.26082219640368,0.893800892552925,59
"631","REACTOME_RAB_REGULATION_OF_TRAFFICKING",0.793367346938776,0.916627871863912,0.0679922591544058,-0.222198514923354,-0.880133385181616,111
"632","REACTOME_RAC1_GTPASE_CYCLE",0.0118234916155252,0.0759812191990765,0.380730400722792,-0.327348690785678,-1.38000377936891,164
"633","REACTOME_RAC2_GTPASE_CYCLE",0.477722772277228,0.708269363328738,0.0934449219410994,-0.264582260214418,-0.996883642820104,83
"634","REACTOME_RAC3_GTPASE_CYCLE",0.23019801980198,0.509056480367956,0.142901149386948,-0.294658365424742,-1.12823091211526,88
"635","REACTOME_RAF_ACTIVATION",0.305357142857143,0.57859571220426,0.100633389423036,0.354224130343924,1.10697333248527,35
"636","REACTOME_RAF_INDEPENDENT_MAPK1_3_ACTIVATION",0.984402079722704,0.997172701297485,0.0398406946073899,0.203584042684548,0.574565925917624,22
"637","REACTOME_RAP1_SIGNALLING",0.164383561643836,0.440078277886497,0.16440575583821,-0.503309967360315,-1.28707850676054,14
"638","REACTOME_RAS_PROCESSING",0.985680190930788,0.997389134883529,0.0544555953940371,-0.192993224514618,-0.539136434232923,20
"639","REACTOME_RA_BIOSYNTHESIS_PATHWAY",0.89126559714795,0.962309910043679,0.0456790414930062,0.273950966514205,0.693599642779883,16
"640","REACTOME_RECEPTOR_MEDIATED_MITOPHAGY",0.251785714285714,0.531358590733591,0.112843355675562,0.529378708628724,1.19669953818637,10
"641","REACTOME_RECEPTOR_TYPE_TYROSINE_PROTEIN_PHOSPHATASES",0.878260869565217,0.957018953854397,0.0452247443372884,0.264745231927577,0.703502765447951,18
"642","REACTOME_RECOGNITION_OF_DNA_DAMAGE_BY_PCNA_CONTAINING_REPLICATION_COMPLEX",0.258007117437722,0.539626493390951,0.11101149245045,0.399795082408094,1.16173418912853,25
"643","REACTOME_RECRUITMENT_OF_NUMA_TO_MITOTIC_CENTROSOMES",0.0472175379426644,0.207489168567745,0.271288554688953,0.388626017379462,1.38973014307717,79
"644","REACTOME_RECYCLING_OF_BILE_ACIDS_AND_SALTS",0.151724137931034,0.41784736191561,0.172324344900946,-0.549256929314009,-1.32419608052743,11
"645","REACTOME_RECYCLING_PATHWAY_OF_L1",0.890134529147982,0.962309910043679,0.0562940749700968,-0.228839012035678,-0.705509945819275,29
"646","REACTOME_REDUCTION_OF_CYTOSOLIC_CA_LEVELS",0.653500897666068,0.833652831919285,0.0603786357920401,0.352089146276677,0.849413933844982,13
"647","REACTOME_REGULATED_NECROSIS",0.75177304964539,0.890532677013566,0.0668966276500666,-0.244088049796657,-0.840041056734761,47
"648","REACTOME_REGULATED_PROTEOLYSIS_OF_P75NTR",0.454751131221719,0.694144611566358,0.0911073131586733,-0.430133587646382,-1.00858442709699,10
"649","REACTOME_REGULATION_BY_C_FLIP",0.110859728506787,0.355738238393355,0.20207170902116,-0.597031490482789,-1.39992941979338,10
"650","REACTOME_REGULATION_OF_APC_C_ACTIVATORS_BETWEEN_G1_S_AND_EARLY_ANAPHASE",0.00113019820229732,0.0192996125911764,0.45505986738723,0.606681647690035,1.89185050483127,32
"651","REACTOME_REGULATION_OF_CDH11_EXPRESSION_AND_FUNCTION",0.259770114942529,0.540650594146895,0.128142916898415,-0.488964731962438,-1.17883843976166,11
"652","REACTOME_REGULATION_OF_ENDOGENOUS_RETROELEMENTS",0.0424893868441242,0.193544161361309,0.321775918075361,-0.422770045206365,-1.46770957087007,50
"653","REACTOME_REGULATION_OF_FZD_BY_UBIQUITINATION",0.442708333333333,0.687923231066888,0.0780892306943345,0.40326195725148,1.01252936556149,15
"654","REACTOME_REGULATION_OF_HSF1_MEDIATED_HEAT_SHOCK_RESPONSE",0.00185200740996491,0.023771656755303,0.45505986738723,0.493037314900349,1.68681747720709,58
"655","REACTOME_REGULATION_OF_INSULIN_LIKE_GROWTH_FACTOR_IGF_TRANSPORT_AND_UPTAKE_BY_INSULIN_LIKE_GROWTH_FACTOR_BINDING_PROTEINS_IGFBPS",0.9375,0.98161104970175,0.0396787203613389,0.202769668478224,0.745285663610265,94
"656","REACTOME_REGULATION_OF_INSULIN_SECRETION",0.454545454545455,0.694144611566358,0.0959206777921745,-0.27689909128629,-0.996003785939349,59
"657","REACTOME_REGULATION_OF_KIT_SIGNALING",0.231981981981982,0.509056480367956,0.135002033828631,-0.484477383835872,-1.19464698242366,12
"658","REACTOME_REGULATION_OF_LIPID_METABOLISM_BY_PPARALPHA",0.973684210526316,0.993836715972939,0.0409055783172035,0.224254918379114,0.585041524624432,17
"659","REACTOME_REGULATION_OF_LOCALIZATION_OF_FOXO_TRANSCRIPTION_FACTORS",0.391071428571429,0.649705547112462,0.0862865626267245,0.47256149139711,1.06826003634423,10
"660","REACTOME_REGULATION_OF_MRNA_STABILITY_BY_PROTEINS_THAT_BIND_AU_RICH_ELEMENTS",0.00127588298214033,0.0197039334900993,0.45505986738723,0.492228915019453,1.69967376826465,61
"661","REACTOME_REGULATION_OF_NF_KAPPA_B_SIGNALING",0.355056179775281,0.614064340583678,0.105520936843198,-0.42773897099671,-1.07736822338714,13
"662","REACTOME_REGULATION_OF_ORNITHINE_DECARBOXYLASE_ODC",0.000503699961173585,0.00983264299207602,0.477270815362862,0.598502425050537,1.86701544862005,34
"663","REACTOME_REGULATION_OF_PLK1_ACTIVITY_AT_G2_M_TRANSITION",0.017157983772585,0.102401470031287,0.352487857583619,0.412823812028492,1.47418542591881,77
"664","REACTOME_REGULATION_OF_PTEN_GENE_TRANSCRIPTION",0.349005424954792,0.614064340583678,0.0934449219410994,0.370144060379943,1.08199029627648,26
"665","REACTOME_REGULATION_OF_PTEN_STABILITY_AND_ACTIVITY",0.0117097472803287,0.0759812191990765,0.380730400722792,0.48088827363842,1.60779356760113,50
"666","REACTOME_REGULATION_OF_PYRUVATE_DEHYDROGENASE_PDH_COMPLEX",0.0171094199535779,0.102401470031287,0.352487857583619,0.650767177596498,1.5951914386256,14
"667","REACTOME_REGULATION_OF_PYRUVATE_METABOLISM",0.0097061647416263,0.067367973058547,0.380730400722792,0.563422851009517,1.70315770777821,29
"668","REACTOME_REGULATION_OF_RAS_BY_GAPS",0.0236425881975769,0.123072806339609,0.352487857583619,0.458169395155718,1.51382285674676,47
"669","REACTOME_REGULATION_OF_RUNX3_EXPRESSION_AND_ACTIVITY",0.0260358637729431,0.133528470380146,0.352487857583619,0.472739005130027,1.49715041619933,38
"670","REACTOME_REGULATION_OF_SIGNALING_BY_CBL",0.601754385964912,0.795266374681414,0.0632191170859458,0.340961864999725,0.88950936184598,17
"671","REACTOME_REGULATION_OF_TBK1_IKK_IKBKE_MEDIATED_ACTIVATION_OF_IRF3_IRF7",0.101149425287356,0.337284738413711,0.213927855492356,-0.573694031102323,-1.38311115775359,11
"672","REACTOME_REGULATION_OF_TLR_BY_ENDOGENOUS_LIGAND",0.404513888888889,0.657392829550437,0.0828962134571565,0.414877634477619,1.04169456223046,15
"673","REACTOME_REGULATION_OF_TNFR1_SIGNALING",0.241299303944316,0.51738546406367,0.134273452883202,-0.344413230630636,-1.16278111175605,43
"674","REACTOME_REGULATION_OF_TP53_ACTIVITY",0.0233538809754133,0.122259042275973,0.352487857583619,0.337540901617068,1.3211897908538,142
"675","REACTOME_REGULATION_OF_TP53_ACTIVITY_THROUGH_ACETYLATION",0.703237410071942,0.861468409586057,0.0570059526582387,0.282290664405865,0.853329821563379,29
"676","REACTOME_REGULATION_OF_TP53_ACTIVITY_THROUGH_ASSOCIATION_WITH_CO_FACTORS",0.391071428571429,0.649705547112462,0.0862865626267245,0.473643614595165,1.07070625548805,10
"677","REACTOME_REGULATION_OF_TP53_ACTIVITY_THROUGH_METHYLATION",0.076241134751773,0.276891252955083,0.216542836735348,0.583898930307098,1.43128081242298,14
"678","REACTOME_REGULATION_OF_TP53_ACTIVITY_THROUGH_PHOSPHORYLATION",0.0221408721018925,0.117209023499849,0.352487857583619,0.394624986025258,1.42761269813655,83
"679","REACTOME_REGULATION_OF_TP53_DEGRADATION",0.189141856392294,0.461664388569249,0.131457611642763,0.39367698102997,1.21839803933634,31
"680","REACTOME_REGULATION_OF_T_CELL_ACTIVATION_BY_CD28_FAMILY",0.00010401498349497,0.00256479051407334,0.538434096309916,-0.520892999690134,-1.88501804344652,65
"681","REACTOME_REPRESSION_OF_WNT_TARGET_GENES",0.6289592760181,0.817715719428385,0.0736212741014394,-0.369644216880636,-0.866747939290824,10
"682","REACTOME_REPRODUCTION",0.629213483146067,0.817715719428385,0.0732558655828455,-0.344433293397083,-0.86754191351307,13
"683","REACTOME_RESOLUTION_OF_ABASIC_SITES_AP_SITES",0.594036697247706,0.792421250787315,0.077274697304471,-0.27788958900598,-0.919642864947651,38
"684","REACTOME_RESOLUTION_OF_AP_SITES_VIA_THE_MULTIPLE_NUCLEOTIDE_PATCH_REPLACEMENT_PATHWAY",0.233096085409253,0.509116624774988,0.11776578836269,0.408651040633182,1.18746804604746,25
"685","REACTOME_RESOLUTION_OF_D_LOOP_STRUCTURES",0.837155963302752,0.940545728554771,0.0602484086158019,-0.240109549607109,-0.768937797265382,34
"686","REACTOME_RESOLUTION_OF_SISTER_CHROMATID_COHESION",0.0000000042306446302308,0.000000396411401852626,0.761460801445585,0.570601638379748,2.15988082702673,114
"687","REACTOME_RESPIRATORY_ELECTRON_TRANSPORT",0.0204560178630431,0.111594181569379,0.352487857583619,0.369656931391184,1.41130032377138,120
"688","REACTOME_RESPONSE_TO_ELEVATED_PLATELET_CYTOSOLIC_CA2",0.980456026058632,0.996407046005356,0.0371479221137289,0.184287954632924,0.692738990473832,109
"689","REACTOME_RETROGRADE_NEUROTROPHIN_SIGNALLING",0.973214285714286,0.993836715972939,0.0417397034728504,0.235932954689634,0.53334381099571,10
"690","REACTOME_RETROGRADE_TRANSPORT_AT_THE_TRANS_GOLGI_NETWORK",0.112280701754386,0.35906831926232,0.175204047558551,0.394966013073115,1.28644463751846,44
"691","REACTOME_RET_SIGNALING",0.763345195729537,0.897433435882781,0.0526973085708419,0.258421832246324,0.813003599475428,36
"692","REACTOME_REVERSIBLE_HYDRATION_OF_CARBON_DIOXIDE",0.895927601809955,0.964355420698704,0.0564118388217596,-0.27247114827736,-0.638894903533329,10
"693","REACTOME_RHOA_GTPASE_CYCLE",0.572916666666667,0.777139452018144,0.0860347242455604,-0.235494487513889,-0.957971857235063,134
"694","REACTOME_RHOBTB1_GTPASE_CYCLE",0.0450606585788562,0.200103493309897,0.282013350011725,0.52378771159666,1.47826208542351,22
"695","REACTOME_RHOBTB2_GTPASE_CYCLE",0.00830593287739228,0.0608020242665357,0.380730400722792,0.615208534052964,1.66843152691719,19
"696","REACTOME_RHOBTB3_ATPASE_CYCLE",0.994642857142857,1,0.0407403526717903,0.214197905277167,0.484210131891515,10
"697","REACTOME_RHOBTB_GTPASE_CYCLE",0.0187337102685824,0.107690101359888,0.352487857583619,0.523649115427293,1.62065115889581,31
"698","REACTOME_RHOB_GTPASE_CYCLE",0.292358803986711,0.566534860602104,0.0988903007520636,0.312279898196443,1.09318834467434,67
"699","REACTOME_RHOC_GTPASE_CYCLE",0.085427135678392,0.297565896396481,0.197822021315103,0.376177216426255,1.31542750035227,68
"700","REACTOME_RHOD_GTPASE_CYCLE",0.0035500295579586,0.0346497676646584,0.431707695803346,0.513891869612901,1.71961535674396,51
"701","REACTOME_RHOF_GTPASE_CYCLE",0.155752212389381,0.421920028818444,0.147331213699377,0.389231853580208,1.24585338443845,40
"702","REACTOME_RHOG_GTPASE_CYCLE",0.524916943521595,0.747768941444255,0.0672065093710464,0.275313165724186,0.963780075641459,67
"703","REACTOME_RHOH_GTPASE_CYCLE",0.690366972477064,0.856816949871556,0.0696133438850965,-0.270237676894809,-0.865421489272814,34
"704","REACTOME_RHOJ_GTPASE_CYCLE",0.584670231729055,0.78262286732875,0.0653834195468773,0.360434446798037,0.912561859976939,16
"705","REACTOME_RHOQ_GTPASE_CYCLE",0.167820069204152,0.441706193382839,0.139599673451922,0.358514710338442,1.21987928110637,57
"706","REACTOME_RHOU_GTPASE_CYCLE",0.671378091872792,0.847818425990304,0.0583452776743612,0.275965448526949,0.873974395248214,38
"707","REACTOME_RHOV_GTPASE_CYCLE",0.125,0.382761437908497,0.166933848713193,0.41733105318826,1.30418655061375,35
"708","REACTOME_RHO_GTPASES_ACTIVATE_FORMINS",0.0000126537598435143,0.000515503172755344,0.593325476396405,0.478351404456037,1.83594649301528,124
"709","REACTOME_RHO_GTPASES_ACTIVATE_IQGAPS",0.145580589254766,0.409119261477046,0.151148761385484,0.45223686098514,1.2763273945229,22
"710","REACTOME_RHO_GTPASES_ACTIVATE_KTN1",0.606701940035273,0.796572055395585,0.0630790410571939,0.371979544887688,0.870452389461534,11
"711","REACTOME_RHO_GTPASES_ACTIVATE_NADPH_OXIDASES",0.000403176833399123,0.00858583392943133,0.49849310876659,-0.676826371788608,-1.95310819852699,22
"712","REACTOME_RHO_GTPASES_ACTIVATE_PAKS",0.738301559792028,0.883510295689821,0.0530212512043078,0.291156399582499,0.821717380728964,22
"713","REACTOME_RHO_GTPASES_ACTIVATE_PKNS",0.0634648370497427,0.245729555023177,0.234392647294686,0.530031276197838,1.45510392922676,20
"714","REACTOME_RHO_GTPASES_ACTIVATE_WASPS_AND_WAVES",0.238979118329466,0.514766514654506,0.135002033828631,-0.37426592353573,-1.16588852085229,31
"715","REACTOME_RHO_GTPASE_CYCLE",0.349514563106796,0.614064340583678,0.0787113806986485,0.233851104901171,1.03372066921445,403
"716","REACTOME_RHO_GTPASE_EFFECTORS",0.00128925132418149,0.0197039334900993,0.45505986738723,0.357974570866393,1.48921486962685,230
"717","REACTOME_RIBAVIRIN_ADME",0.91358024691358,0.96993953059342,0.0440640346597561,0.272298697027686,0.63719377780995,11
"718","REACTOME_RIPK1_MEDIATED_REGULATED_NECROSIS",0.438864628820961,0.684537121523864,0.0911073131586733,-0.326389143101619,-0.997543581114092,27
"719","REACTOME_RMTS_METHYLATE_HISTONE_ARGININES",0.795823665893271,0.918333466677334,0.0632191170859458,-0.233968458107527,-0.805726213782812,46
"720","REACTOME_RNA_POLYMERASE_III_TRANSCRIPTION",0.000431168844108762,0.00897789348733133,0.49849310876659,0.60349126006011,1.88257801218477,34
"721","REACTOME_RNA_POLYMERASE_III_TRANSCRIPTION_INITIATION_FROM_TYPE_1_PROMOTER",0.00154204618098111,0.0205758117300061,0.45505986738723,0.620703838819934,1.82607721090216,27
"722","REACTOME_RNA_POLYMERASE_III_TRANSCRIPTION_INITIATION_FROM_TYPE_3_PROMOTER",0.00311552255187254,0.0324360514567174,0.431707695803346,0.611142378142368,1.78646692888877,26
"723","REACTOME_RNA_POLYMERASE_II_PRE_TRANSCRIPTION_EVENTS",0.00308121112641305,0.0324360514567174,0.431707695803346,0.460150013788766,1.63409989506727,74
"724","REACTOME_RNA_POLYMERASE_II_PROMOTER_ESCAPE",0.0071047285034813,0.0547876696043231,0.407017918923954,0.514185074903919,1.66232248004232,43
"725","REACTOME_RNA_POLYMERASE_II_TRANSCRIBES_SNRNA_GENES",0.00592437717161615,0.0487790751654674,0.407017918923954,0.446429566350648,1.56108797371333,68
"726","REACTOME_RNA_POLYMERASE_II_TRANSCRIPTION_TERMINATION",0.00354922672033175,0.0346497676646584,0.431707695803346,0.481612026828373,1.67188736612476,62
"727","REACTOME_RNA_POLYMERASE_I_TRANSCRIPTION",0.0830388692579505,0.291413559905242,0.206587922696891,0.40667263540328,1.32721732804067,45
"728","REACTOME_RNA_POLYMERASE_I_TRANSCRIPTION_TERMINATION",0.133802816901408,0.397769108594934,0.159646701919906,0.420725619722167,1.2886932997363,30
"729","REACTOME_RND1_GTPASE_CYCLE",0.00876109299067202,0.0636367762190673,0.380730400722792,0.518371890539856,1.65920483713381,40
"730","REACTOME_RND2_GTPASE_CYCLE",0.0178850489049351,0.103931293208178,0.352487857583619,0.489844698664683,1.58123824607637,41
"731","REACTOME_RND3_GTPASE_CYCLE",0.27208480565371,0.553022696090079,0.107140237276725,0.355400577358715,1.12554309362252,38
"732","REACTOME_ROLE_OF_LAT2_NTAL_LAB_ON_CALCIUM_MOBILIZATION",0.566292134831461,0.774621504141721,0.0787113806986485,-0.363547458109677,-0.915685746725065,13
"733","REACTOME_ROLE_OF_PHOSPHOLIPIDS_IN_PHAGOCYTOSIS",0.72572402044293,0.879861266003479,0.0530212512043078,0.2990897972642,0.811124715464209,19
"734","REACTOME_ROS_AND_RNS_PRODUCTION_IN_PHAGOCYTES",0.000447108816790443,0.00910741220288358,0.49849310876659,-0.631913873658388,-1.94941576190159,30
"735","REACTOME_RUNX1_INTERACTS_WITH_CO_FACTORS_WHOSE_PRECISE_EFFECT_ON_RUNX1_TARGETS_IS_NOT_KNOWN",0.306896551724138,0.57859571220426,0.0982123351217438,0.358689550913556,1.11852239235727,32
"736","REACTOME_RUNX1_REGULATES_GENES_INVOLVED_IN_MEGAKARYOCYTE_DIFFERENTIATION_AND_PLATELET_FUNCTION",0.0617577197149644,0.245324655894674,0.282013350011725,-0.397804550916483,-1.37324578768148,48
"737","REACTOME_RUNX1_REGULATES_TRANSCRIPTION_OF_GENES_INVOLVED_IN_DIFFERENTIATION_OF_HSCS",0.022092270517287,0.117209023499849,0.352487857583619,0.459616978188141,1.51860576958356,47
"738","REACTOME_SCF_SKP2_MEDIATED_DEGRADATION_OF_P27_P21",0.00121436235240071,0.0197039334900993,0.45505986738723,0.54631598912127,1.77940696498751,44
"739","REACTOME_SEALING_OF_THE_NUCLEAR_ENVELOPE_NE_BY_ESCRT_III",0.20926243567753,0.487758463258323,0.122679189568808,0.442064527661989,1.21360730971776,20
"740","REACTOME_SELECTIVE_AUTOPHAGY",0.121107266435986,0.375354369530383,0.166933848713193,0.374146197486659,1.27306685404303,57
"741","REACTOME_SEMA3A_PAK_DEPENDENT_AXON_REPULSION",0.524236983842011,0.747768941444255,0.0711327399327894,0.398107371195417,0.960432753567627,13
"742","REACTOME_SEMA4D_INDUCED_CELL_MIGRATION_AND_GROWTH_CONE_COLLAPSE",0.682539682539683,0.853858054125077,0.0574877409561325,0.351658325637461,0.822899629918068,11
"743","REACTOME_SEMA4D_IN_SEMAPHORIN_SIGNALING",0.404513888888889,0.657392829550437,0.0828962134571565,0.414702576819276,1.0412550191083,15
"744","REACTOME_SEMAPHORIN_INTERACTIONS",0.80952380952381,0.926158497587069,0.047925896705813,0.244341785772881,0.816928116149485,50
"745","REACTOME_SENESCENCE_ASSOCIATED_SECRETORY_PHENOTYPE_SASP",0.104982206405694,0.345152025972404,0.183023938384487,0.416285548220625,1.312630609383,37
"746","REACTOME_SENSORY_PERCEPTION",0.417085427135678,0.664641233377773,0.102449405629826,-0.275155503471304,-1.01577328220481,76
"747","REACTOME_SEPARATION_OF_SISTER_CHROMATIDS",0.00000000000123932209442887,0.000000000387081600826618,0.910119734774459,0.565479897245551,2.25350728322007,159
"748","REACTOME_SEROTONIN_NEUROTRANSMITTER_RELEASE_CYCLE",0.194444444444444,0.470786678151019,0.151148761385484,-0.451979262978411,-1.22298775997416,17
"749","REACTOME_SHC1_EVENTS_IN_EGFR_SIGNALING",0.118491921005386,0.372573590543781,0.172324344900946,0.569485229760751,1.37388128658068,13
"750","REACTOME_SHC1_EVENTS_IN_ERBB2_SIGNALING",0.0628366247755835,0.245324655894674,0.241339976815091,0.616062911593481,1.48624979431033,13
"751","REACTOME_SHC1_EVENTS_IN_ERBB4_SIGNALING",0.221428571428571,0.506853224295085,0.121543282035469,0.542794608951971,1.22702716840552,10
"752","REACTOME_SHC_MEDIATED_CASCADE_FGFR1",0.299820466786355,0.5756798716779,0.102080107662747,0.473298294840532,1.14183061521215,13
"753","REACTOME_SHC_MEDIATED_CASCADE_FGFR2",0.355475763016158,0.614064340583678,0.0919686140000427,0.448932848001115,1.08304905301796,13
"754","REACTOME_SHC_MEDIATED_CASCADE_FGFR3",0.175627240143369,0.445969441773271,0.13880510939114,0.536467235380371,1.27536955208443,12
"755","REACTOME_SHC_MEDIATED_CASCADE_FGFR4",0.076241134751773,0.276891252955083,0.216542836735348,0.584109726043986,1.43179752495299,14
"756","REACTOME_SIALIC_ACID_METABOLISM",0.291479820627803,0.566534860602104,0.118287526124085,-0.365837255431213,-1.12787509420687,29
"757","REACTOME_SIGNALING_BY_ACTIVIN",0.699652777777778,0.861464721127172,0.0555947097758869,0.328664904009851,0.825227524578759,15
"758","REACTOME_SIGNALING_BY_ALK",0.673684210526316,0.848443689869836,0.0578529757032509,0.325298583186817,0.848646622519327,17
"759","REACTOME_SIGNALING_BY_BMP",0.253164556962025,0.533067842412175,0.11331290842208,0.403471665900865,1.17941221825668,26
"760","REACTOME_SIGNALING_BY_CSF3_G_CSF",0.964349376114082,0.987535918490596,0.042077210988939,0.233286916740707,0.590644830260836,16
"761","REACTOME_SIGNALING_BY_EGFR",0.0530035335689046,0.222491593185634,0.261663521711573,0.429898259972355,1.40301650580456,45
"762","REACTOME_SIGNALING_BY_ERBB2",0.00553208619480579,0.0475556400415874,0.407017918923954,0.537949887454023,1.70744321709756,39
"763","REACTOME_SIGNALING_BY_ERBB4",0.151624548736462,0.41784736191561,0.151148761385484,0.428660875390849,1.28387575190258,28
"764","REACTOME_SIGNALING_BY_ERYTHROPOIETIN",0.354460093896714,0.614064340583678,0.108394255853397,-0.410336673988063,-1.06827280791707,15
"765","REACTOME_SIGNALING_BY_FGFR",0.00147748870314272,0.0200638683310831,0.45505986738723,0.480493108018714,1.68138637224109,65
"766","REACTOME_SIGNALING_BY_FGFR1",0.152057245080501,0.41784736191561,0.150169802128406,0.396542229067454,1.25861786591012,39
"767","REACTOME_SIGNALING_BY_FGFR2",0.0578231292517007,0.238313134772696,0.245041785430996,0.409525020371107,1.3691988963313,50
"768","REACTOME_SIGNALING_BY_FGFR3",0.306479859894921,0.57859571220426,0.0992333343771191,0.363361737778763,1.12457484235226,31
"769","REACTOME_SIGNALING_BY_FGFR4",0.110344827586207,0.355738238393355,0.175204047558551,0.425259167285017,1.32611028102721,32
"770","REACTOME_SIGNALING_BY_GPCR",0.00126151139559296,0.0197039334900993,0.45505986738723,-0.292644902267888,-1.37149996963359,452
"771","REACTOME_SIGNALING_BY_HEDGEHOG",0.0479338842975207,0.207935414753597,0.266350657088526,0.351098064181468,1.3241302788386,112
"772","REACTOME_SIGNALING_BY_HIPPO",0.360205831903945,0.619289659622012,0.0886261133285098,0.391004877558021,1.07343237886426,20
"773","REACTOME_SIGNALING_BY_INSULIN_RECEPTOR",0.691666666666667,0.856925109236866,0.0542315935495841,0.254016363508541,0.875336649429481,60
"774","REACTOME_SIGNALING_BY_INTERLEUKINS",0.0165789777788934,0.100222594702084,0.352487857583619,-0.293881719872713,-1.29221244423872,237
"775","REACTOME_SIGNALING_BY_LTK",0.947089947089947,0.984259322957734,0.0424170054438747,0.25502032213388,0.596761439744514,11
"776","REACTOME_SIGNALING_BY_MET",0.0716666666666667,0.269685408299866,0.216542836735348,0.3874615318031,1.34504954983567,62
"777","REACTOME_SIGNALING_BY_NOTCH",0.0101621534658823,0.0691798401349265,0.380730400722792,0.527781849978217,1.6479893240982,33
"778","REACTOME_SIGNALING_BY_NOTCH1",0.292639138240575,0.566534860602104,0.103576326612592,0.47668075171464,1.14999078155036,13
"779","REACTOME_SIGNALING_BY_NOTCH3",0.226381461675579,0.506853224295085,0.119887845115423,0.481204855393016,1.21833304715585,16
"780","REACTOME_SIGNALING_BY_NTRK1_TRKA",0.96,0.987398463227223,0.0391956336118146,0.201161429142641,0.698319878243059,62
"781","REACTOME_SIGNALING_BY_NTRKS",0.982142857142857,0.997026083160537,0.0577308549299813,-0.186679058960653,-0.683527407917232,73
"782","REACTOME_SIGNALING_BY_NUCLEAR_RECEPTORS",0.295558958652374,0.569832807113733,0.0934449219410994,0.268734425901248,1.07610890297298,169
"783","REACTOME_SIGNALING_BY_PDGF",0.034193431420955,0.162635762646878,0.321775918075361,0.430922712794121,1.44878696011456,53
"784","REACTOME_SIGNALING_BY_PTK6",0.316987740805604,0.590625179072833,0.0972150808846466,0.336365247515672,1.08744407362424,43
"785","REACTOME_SIGNALING_BY_RECEPTOR_TYROSINE_KINASES",0.221590909090909,0.506853224295085,0.106323255932708,0.248351148013948,1.08961756460752,377
"786","REACTOME_SIGNALING_BY_RETINOIC_ACID",0.337391304347826,0.610300486822226,0.0931454575337804,0.346905291427064,1.08320552661781,33
"787","REACTOME_SIGNALING_BY_ROBO_RECEPTORS",0.554385964912281,0.770611584628142,0.0672065093710464,0.354481842248752,0.92478059763349,17
"788","REACTOME_SIGNALING_BY_SCF_KIT",0.330210772833724,0.602344488561165,0.112843355675562,-0.343858484207892,-1.08401068114672,33
"789","REACTOME_SIGNALING_BY_TGFBR3",0.812068965517241,0.926930395485113,0.0484087618816951,0.267829942672309,0.745813220690013,21
"790","REACTOME_SIGNALING_BY_TGFB_FAMILY_MEMBERS",0.179902755267423,0.451636932707355,0.129442887745046,0.3112847633575,1.16136561627729,102
"791","REACTOME_SIGNALING_BY_TGF_BETA_RECEPTOR_COMPLEX",0.34375,0.611781028748648,0.0888945288620449,0.302433921870342,1.05972981330584,66
"792","REACTOME_SIGNALING_BY_THE_B_CELL_RECEPTOR_BCR",0.0218802101186843,0.117152896464041,0.352487857583619,-0.375817051936913,-1.41116983356799,82
"793","REACTOME_SIGNALING_BY_TYPE_1_INSULIN_LIKE_GROWTH_FACTOR_1_RECEPTOR_IGF1R",0.341071428571429,0.611781028748648,0.0940503465727813,0.347611540347238,1.08630856078301,35
"794","REACTOME_SIGNALING_BY_VEGF",0.561224489795918,0.771066491112574,0.0860347242455604,-0.250235468568738,-0.963146710730019,95
"795","REACTOME_SIGNALING_BY_WNT",0.0823170731707317,0.289966532184119,0.191892240384838,0.297279798945348,1.20992485170636,199
"796","REACTOME_SIGNALLING_TO_ERKS",0.727758007117438,0.881019706290748,0.0549073703290958,0.282405001656435,0.820619262320717,25
"797","REACTOME_SIGNALLING_TO_RAS",0.355855855855856,0.614064340583678,0.105520936843198,-0.432619370617306,-1.06677306906255,12
"798","REACTOME_SIGNAL_AMPLIFICATION",0.485113835376532,0.715588499550764,0.0738052724171275,0.316431796396881,0.979330514334254,31
"799","REACTOME_SIGNAL_TRANSDUCTION_BY_L1",0.289608177172061,0.566534860602104,0.100990587455923,0.420967737308522,1.14165491189377,19
"800","REACTOME_SLBP_DEPENDENT_PROCESSING_OF_REPLICATION_DEPENDENT_HISTONE_PRE_MRNAS",0.603174603174603,0.796020567851554,0.0633597010643758,0.372904988520046,0.872617977952,11
"801","REACTOME_SLC_MEDIATED_TRANSMEMBRANE_TRANSPORT",0.127536231884058,0.386736081797289,0.213927855492356,-0.27116832865474,-1.15812344958694,190
"802","REACTOME_SMAD2_SMAD3_SMAD4_HETEROTRIMER_REGULATES_TRANSCRIPTION",0.0896551724137931,0.308848884381339,0.195789002148949,0.500961739438924,1.39500417543137,21
"803","REACTOME_SMOOTH_MUSCLE_CONTRACTION",0.0365992422707871,0.170614378147898,0.321775918075361,0.492882832054023,1.52543202964526,31
"804","REACTOME_SNRNP_ASSEMBLY",0.00431321695886805,0.0400146959451422,0.407017918923954,0.510398741288135,1.67252287796313,46
"805","REACTOME_SODIUM_CALCIUM_EXCHANGERS",1,1,0.0404934829859503,0.158595124322182,0.35851595264681,10
"806","REACTOME_SPHINGOLIPID_CATABOLISM",0.14336917562724,0.409119261477046,0.155241966228839,0.558138456021145,1.32688959494809,12
"807","REACTOME_SPHINGOLIPID_DE_NOVO_BIOSYNTHESIS",0.917857142857143,0.96993953059342,0.0444181153081573,0.235254809881957,0.676143555835862,24
"808","REACTOME_SPHINGOLIPID_METABOLISM",0.978441127694859,0.996177162504524,0.0380842053196415,0.178448899923131,0.648171201116165,84
"809","REACTOME_SPRY_REGULATION_OF_FGF_SIGNALING",0.653932584269663,0.833652831919285,0.0713052987340038,-0.34102500263263,-0.858957275650568,13
"810","REACTOME_STABILIZATION_OF_P53",0.00244267432321291,0.029343408216032,0.431707695803346,0.565377589376525,1.77869652587139,36
"811","REACTOME_STIMULI_SENSING_CHANNELS",0.625827814569536,0.816714014278072,0.0585937568945671,0.254632399156108,0.907128386913446,76
"812","REACTOME_STRIATED_MUSCLE_CONTRACTION",0.15938864628821,0.427928829719348,0.163180127180689,-0.409646175899891,-1.25200216347161,27
"813","REACTOME_SULFUR_AMINO_ACID_METABOLISM",0.481034482758621,0.712052622977611,0.0734381410838857,0.358436978746041,0.998122296804052,21
"814","REACTOME_SUMOYLATION",0.369969040247678,0.629201451905626,0.0815265143256594,0.263235226307881,1.03971398354983,153
"815","REACTOME_SUMOYLATION_OF_CHROMATIN_ORGANIZATION_PROTEINS",0.703333333333333,0.861468409586057,0.053457214108991,0.252611313305475,0.870494867112607,60
"816","REACTOME_SUMOYLATION_OF_DNA_DAMAGE_RESPONSE_AND_REPAIR_PROTEINS",0.0178986036532108,0.103931293208178,0.352487857583619,0.414967463197802,1.45822780134492,69
"817","REACTOME_SUMOYLATION_OF_DNA_REPLICATION_PROTEINS",0.00361079191698914,0.0347022645316185,0.431707695803346,0.550823494245948,1.74830381231115,39
"818","REACTOME_SUMOYLATION_OF_IMMUNE_RESPONSE_PROTEINS",0.910344827586207,0.968700778586629,0.0564118388217596,-0.261212027062751,-0.629752532854024,11
"819","REACTOME_SUMOYLATION_OF_INTRACELLULAR_RECEPTORS",0.645569620253165,0.828753714797868,0.0613026075396207,0.297393438863745,0.869328592485237,26
"820","REACTOME_SUMOYLATION_OF_RNA_BINDING_PROTEINS",0.020305745239382,0.111594181569379,0.352487857583619,0.482035523796595,1.55838534896367,43
"821","REACTOME_SUMOYLATION_OF_SUMOYLATION_PROTEINS",0.0192577217111157,0.110027349044606,0.352487857583619,0.523144731333597,1.6190901314026,31
"822","REACTOME_SUMOYLATION_OF_TRANSCRIPTION_COFACTORS",0.0262211724118964,0.133528470380146,0.352487857583619,0.470504423749514,1.48359343989623,37
"823","REACTOME_SUMOYLATION_OF_TRANSCRIPTION_FACTORS",0.858426966292135,0.951589811951789,0.0580983576873206,-0.285009411204169,-0.717867914354739,13
"824","REACTOME_SUMOYLATION_OF_UBIQUITINYLATION_PROTEINS",0.0625,0.245324655894674,0.241339976815091,0.445720469647336,1.39290531439335,35
"825","REACTOME_SURFACTANT_METABOLISM",0.351288056206089,0.614064340583678,0.108820126769161,-0.397575732238958,-1.08494994230064,18
"826","REACTOME_SWITCHING_OF_ORIGINS_TO_A_POST_REPLICATIVE_STATE",0.0000178393178190576,0.000642901569094498,0.575610261071129,0.549589468927439,1.95100364876535,72
"827","REACTOME_SYNAPTIC_ADHESION_LIKE_MOLECULES",0.136286201022147,0.399063032367973,0.155241966228839,0.479172944427952,1.29950610740472,19
"828","REACTOME_SYNDECAN_INTERACTIONS",0.0261281895310031,0.133528470380146,0.352487857583619,0.630624081105957,1.54581572304665,14
"829","REACTOME_SYNTHESIS_OF_ACTIVE_UBIQUITIN_ROLES_OF_E1_AND_E2_ENZYMES",0.0922242314647378,0.310842103893739,0.197822021315103,0.464081801188156,1.35658533882368,26
"830","REACTOME_SYNTHESIS_OF_BILE_ACIDS_AND_BILE_SALTS",0.808928571428571,0.926158497587069,0.0501934252649434,0.26982563773972,0.775503235188079,24
"831","REACTOME_SYNTHESIS_OF_BILE_ACIDS_AND_BILE_SALTS_VIA_7ALPHA_HYDROXYCHOLESTEROL",0.638297872340426,0.82494497432135,0.0609039347452418,0.352760969861277,0.864704457102907,14
"832","REACTOME_SYNTHESIS_OF_GLYCOSYLPHOSPHATIDYLINOSITOL_GPI",0.880701754385965,0.957018953854397,0.0454967810085007,0.269705854976702,0.70361500089356,17
"833","REACTOME_SYNTHESIS_OF_IP2_IP_AND_INS_IN_THE_CYTOSOL",0.951785714285714,0.984705979052182,0.0427591434738678,0.25021663407809,0.565633119668597,10
"834","REACTOME_SYNTHESIS_OF_IP3_AND_IP4_IN_THE_CYTOSOL",0.815144766146993,0.926930395485113,0.0601186142531851,-0.260454412706963,-0.785524560993301,26
"835","REACTOME_SYNTHESIS_OF_LEUKOTRIENES_LT_AND_EOXINS_EX",0.757894736842105,0.893267130089374,0.0523759084097997,0.305206339567009,0.7962295030848,17
"836","REACTOME_SYNTHESIS_OF_PA",0.554782608695652,0.770611584628142,0.0667426134241917,0.296749453906325,0.926594826991073,33
"837","REACTOME_SYNTHESIS_OF_PC",0.928825622775801,0.977875964652725,0.0437125833579551,0.231200049290702,0.67182667723522,25
"838","REACTOME_SYNTHESIS_OF_PE",0.85,0.94971726666779,0.047925896705813,0.30959250100733,0.699856637493284,10
"839","REACTOME_SYNTHESIS_OF_PIPS_AT_THE_EARLY_ENDOSOME_MEMBRANE",0.852430555555556,0.94971726666779,0.0465084048719156,0.285209092392962,0.716116599099196,15
"840","REACTOME_SYNTHESIS_OF_PIPS_AT_THE_GOLGI_MEMBRANE",0.411458333333333,0.662065909587638,0.0819778796501272,0.411474651136192,1.03315018926953,15
"841","REACTOME_SYNTHESIS_OF_PIPS_AT_THE_LATE_ENDOSOME_MEMBRANE",0.791071428571429,0.915200048533382,0.051218434854034,0.336028522972313,0.759617211088939,10
"842","REACTOME_SYNTHESIS_OF_PIPS_AT_THE_PLASMA_MEMBRANE",0.7426597582038,0.884513313741206,0.0525898950623616,0.256876731919743,0.848738200888238,47
"843","REACTOME_SYNTHESIS_OF_VERY_LONG_CHAIN_FATTY_ACYL_COAS",0.0608695652173913,0.245324655894674,0.241339976815091,0.550352204732944,1.46244106147271,18
"844","REACTOME_SYNTHESIS_SECRETION_AND_DEACYLATION_OF_GHRELIN",0.145421903052065,0.409119261477046,0.154190966581424,0.546669114832115,1.31883748264199,13
"845","REACTOME_S_PHASE",0.00000507919314167806,0.000237960198687617,0.610526878385931,0.485606132163952,1.87080040501715,129
"846","REACTOME_TAK1_DEPENDENT_IKK_AND_NF_KAPPA_B_ACTIVATION",0.399293286219081,0.656784571127588,0.0845557442441281,0.331278062922453,1.03341479562579,34
"847","REACTOME_TBC_RABGAPS",0.900473933649289,0.964393363883647,0.0583452776743612,-0.231100951446974,-0.720868094348793,32
"848","REACTOME_TCF_DEPENDENT_SIGNALING_IN_RESPONSE_TO_WNT",0.00174993852034182,0.0227735054661151,0.45505986738723,0.409713807953999,1.57268890066875,127
"849","REACTOME_TCR_SIGNALING",0.0643808657317229,0.2472330786501,0.287805130535564,-0.34611986371303,-1.3252742000902,88
"850","REACTOME_TELOMERE_C_STRAND_LAGGING_STRAND_SYNTHESIS",0.0448275862068966,0.200103493309897,0.282013350011725,0.466734396392418,1.45544488909322,32
"851","REACTOME_TELOMERE_C_STRAND_SYNTHESIS_INITIATION",0.0627240143369176,0.245324655894674,0.241339976815091,0.623877529105382,1.4831742786426,12
"852","REACTOME_TELOMERE_EXTENSION_BY_TELOMERASE",0.0771869639794168,0.277450267840319,0.211400189384923,0.520004561236665,1.42757741712751,20
"853","REACTOME_TELOMERE_MAINTENANCE",0.889438943894389,0.962309910043679,0.0422468188360053,0.2132893349369,0.761651871588724,77
"854","REACTOME_TERMINATION_OF_O_GLYCAN_BIOSYNTHESIS",0.32183908045977,0.595604662684502,0.11331290842208,-0.462077091230423,-1.11401539143629,11
"855","REACTOME_TERMINATION_OF_TRANSLESION_DNA_SYNTHESIS",0.915162454873646,0.96993953059342,0.0450442767152794,0.233667999895512,0.699855518159632,28
"856","REACTOME_TGFBR3_PTM_REGULATION",0.683928571428571,0.854358811718642,0.0579754757571486,0.368801232956093,0.83370233439187,10
"857","REACTOME_TGF_BETA_RECEPTOR_SIGNALING_ACTIVATES_SMADS",0.857391304347826,0.951589811951789,0.0463227785794633,0.240966622991325,0.752413941802072,33
"858","REACTOME_TGF_BETA_RECEPTOR_SIGNALING_IN_EMT_EPITHELIAL_TO_MESENCHYMAL_TRANSITION",0.767816091954023,0.90047827641695,0.0645031249656493,-0.320750864778661,-0.773293909093073,11
"859","REACTOME_THE_CANONICAL_RETINOID_CYCLE_IN_RODS_TWILIGHT_VISION",0.0753424657534247,0.276891252955083,0.248911114434702,-0.575030898560564,-1.47048530380219,14
"860","REACTOME_THE_NLRP3_INFLAMMASOME",0.447963800904977,0.692643698759016,0.0919686140000427,-0.433209211570731,-1.01579620149173,10
"861","REACTOME_THE_PHOTOTRANSDUCTION_CASCADE",0.875288683602771,0.957018953854397,0.0584693210386381,-0.240097978611411,-0.700413233137504,23
"862","REACTOME_THE_ROLE_OF_GTSE1_IN_G2_M_PROGRESSION_AFTER_G2_CHECKPOINT",0.000395124188999959,0.00858583392943133,0.49849310876659,0.571066283710969,1.89701663201344,49
"863","REACTOME_THROMBIN_SIGNALLING_THROUGH_PROTEINASE_ACTIVATED_RECEPTORS_PARS",0.43778801843318,0.684537121523864,0.0943563635421779,-0.322655759774691,-0.995373341198625,30
"864","REACTOME_THROMBOXANE_SIGNALLING_THROUGH_TP_RECEPTOR",0.218823529411765,0.505018835120255,0.142901149386948,-0.414857594228944,-1.19714863705518,22
"865","REACTOME_TIE2_SIGNALING",0.377896613190731,0.636850947049847,0.0880945010398517,0.416422799201039,1.05431533404086,16
"866","REACTOME_TNFR1_INDUCED_NF_KAPPA_B_SIGNALING_PATHWAY",0.134529147982063,0.397769108594934,0.181383128498408,-0.414469671206774,-1.27780867726887,29
"867","REACTOME_TNFR1_INDUCED_PROAPOPTOTIC_SIGNALING",0.291764705882353,0.566534860602104,0.121543282035469,-0.389586570660186,-1.1242244051183,22
"868","REACTOME_TNFR2_NON_CANONICAL_NF_KB_PATHWAY",0.0151315872896276,0.0932782716472436,0.380730400722792,-0.396208859932668,-1.46496955282463,77
"869","REACTOME_TNFS_BIND_THEIR_PHYSIOLOGICAL_RECEPTORS",0.000295246951236957,0.00658681888831021,0.49849310876659,-0.680031751951647,-2.00444600568799,24
"870","REACTOME_TNF_RECEPTOR_SUPERFAMILY_TNFSF_MEMBERS_MEDIATING_NON_CANONICAL_NF_KB_PATHWAY",0.0000165801088067564,0.000621422478077228,0.575610261071129,-0.803611508635195,-2.17445161611797,17
"871","REACTOME_TNF_SIGNALING",0.341288782816229,0.611781028748648,0.111918316325105,-0.303688845961989,-1.06208175015208,52
"872","REACTOME_TOLL_LIKE_RECEPTOR_4_TLR4_CASCADE",0.303571428571429,0.57859571220426,0.124434168630393,-0.270161757929145,-1.07011688460121,111
"873","REACTOME_TOLL_LIKE_RECEPTOR_9_TLR9_CASCADE",0.1875,0.461122047244094,0.160801401070022,-0.301520697999748,-1.16027435590504,92
"874","REACTOME_TOLL_LIKE_RECEPTOR_CASCADES",0.117021276595745,0.370435595169638,0.213927855492356,-0.294728299496621,-1.20244208334247,137
"875","REACTOME_TP53_REGULATES_METABOLIC_GENES",0.0348302788943657,0.164828138000104,0.321775918075361,0.414294032015663,1.43056345752827,61
"876","REACTOME_TP53_REGULATES_TRANSCRIPTION_OF_ADDITIONAL_CELL_CYCLE_GENES_WHOSE_EXACT_ROLE_IN_THE_P53_PATHWAY_REMAIN_UNCERTAIN",0.189473684210526,0.461664388569249,0.131457611642763,0.480442760038258,1.25339041328126,17
"877","REACTOME_TP53_REGULATES_TRANSCRIPTION_OF_CELL_CYCLE_GENES",0.0626086956521739,0.245324655894674,0.237793834423688,0.44893665761883,1.40179663052584,33
"878","REACTOME_TP53_REGULATES_TRANSCRIPTION_OF_CELL_DEATH_GENES",0.979166666666667,0.996177162504524,0.0401660980049421,0.212481259807826,0.533508086538295,15
"879","REACTOME_TP53_REGULATES_TRANSCRIPTION_OF_DNA_REPAIR_GENES",0.00593470071383488,0.0487790751654674,0.407017918923954,0.515673868367312,1.65868261093049,42
"880","REACTOME_TP53_REGULATES_TRANSCRIPTION_OF_GENES_INVOLVED_IN_G1_CELL_CYCLE_ARREST",0.3875,0.648370535714286,0.086794975677172,0.474110986600839,1.07176278430992,10
"881","REACTOME_TRAF6_MEDIATED_INDUCTION_OF_TAK1_COMPLEX_WITHIN_TLR4_COMPLEX",0.140035906642729,0.407495790447941,0.157402899305283,0.552733076462454,1.33346677058677,13
"882","REACTOME_TRAF6_MEDIATED_NF_KB_ACTIVATION",0.518264840182648,0.747768941444255,0.0843144320642653,-0.372515614915404,-0.952607483425942,14
"883","REACTOME_TRAFFICKING_AND_PROCESSING_OF_ENDOSOMAL_TLR",0.262068965517241,0.541991955564068,0.127505315300183,-0.486971351258215,-1.17403262526092,11
"884","REACTOME_TRAFFICKING_OF_AMPA_RECEPTORS",0.142857142857143,0.409119261477046,0.175204047558551,-0.41279205993678,-1.26671578621108,28
"885","REACTOME_TRAFFICKING_OF_GLUR2_CONTAINING_AMPA_RECEPTORS",0.74331550802139,0.884513313741206,0.0540088272801684,0.319084820922606,0.807871279391623,16
"886","REACTOME_TRANSCRIPTIONAL_ACTIVITY_OF_SMAD2_SMAD3_SMAD4_HETEROTRIMER",0.0782608695652174,0.278933196216662,0.211400189384923,0.439310570000867,1.37173934525184,33
"887","REACTOME_TRANSCRIPTIONAL_AND_POST_TRANSLATIONAL_REGULATION_OF_MITF_M_EXPRESSION_AND_ACTIVITY",0.0267343598306113,0.134677930974639,0.352487857583619,0.52496556460855,1.60798290855231,30
"888","REACTOME_TRANSCRIPTIONAL_REGULATION_BY_E2F6",0.16871704745167,0.44203325863899,0.140406238523342,0.443517080686539,1.2620270179431,23
"889","REACTOME_TRANSCRIPTIONAL_REGULATION_BY_RUNX1",0.5472,0.767554491017964,0.0633597010643758,0.248891138625729,0.966022721989207,135
"890","REACTOME_TRANSCRIPTIONAL_REGULATION_BY_RUNX2",0.00122829149102746,0.0197039334900993,0.45505986738723,0.544587332636222,1.78455528825219,46
"891","REACTOME_TRANSCRIPTIONAL_REGULATION_BY_RUNX3",0.0487394957983193,0.210455795221314,0.266350657088526,0.402861214270818,1.38054858004843,59
"892","REACTOME_TRANSCRIPTIONAL_REGULATION_BY_SMALL_RNAS",0.0579886816736122,0.238313134772696,0.321775918075361,0.491921508223842,1.50676812137771,30
"893","REACTOME_TRANSCRIPTIONAL_REGULATION_BY_THE_AP_2_TFAP2_FAMILY_OF_TRANSCRIPTION_FACTORS",0.904255319148936,0.965019628750061,0.044774889329693,0.275139359935608,0.674434677266935,14
"894","REACTOME_TRANSCRIPTIONAL_REGULATION_BY_TP53",0.00302160581077385,0.0324360514567174,0.431707695803346,0.335647993223901,1.41769721495854,272
"895","REACTOME_TRANSCRIPTION_COUPLED_NUCLEOTIDE_EXCISION_REPAIR_TC_NER",0.00115344536297319,0.0192996125911764,0.45505986738723,0.478928353584877,1.69885038543758,70
"896","REACTOME_TRANSFERRIN_ENDOCYTOSIS_AND_RECYCLING",0.536748329621381,0.758571922858573,0.0810802057550866,-0.311028313886306,-0.938054292045772,26
"897","REACTOME_TRANSLATION",0.000000000392407061652208,0.0000000525264881097312,0.814035837847908,0.494277816929241,2.02400241411969,208
"898","REACTOME_TRANSLESION_SYNTHESIS_BY_POLH",0.607843137254902,0.796572055395585,0.0635007968065945,0.351917254206538,0.890997702660323,16
"899","REACTOME_TRANSLESION_SYNTHESIS_BY_POLK",0.455673758865248,0.694144611566358,0.0776798560117236,0.409338879607868,1.00339091879022,14
"900","REACTOME_TRANSLESION_SYNTHESIS_BY_Y_FAMILY_DNA_POLYMERASES_BYPASSES_LESIONS_ON_DNA_TEMPLATE",0.642857142857143,0.828551778345451,0.0609039347452418,0.281114125712792,0.878499836379967,35
"901","REACTOME_TRANSLOCATION_OF_ZAP_70_TO_IMMUNOLOGICAL_SYNAPSE",0.0000296011058864452,0.00102726800798516,0.575610261071129,-0.857002910882296,-2.11323784261656,12
"902","REACTOME_TRANSMISSION_ACROSS_CHEMICAL_SYNAPSES",0.736842105263158,0.883510295689821,0.0787113806986485,-0.213896587087032,-0.901035772749201,176
"903","REACTOME_TRANSPORT_OF_BILE_SALTS_AND_ORGANIC_ACIDS_METAL_IONS_AND_AMINE_COMPOUNDS",0.868159203980099,0.954768537777274,0.0623861492893626,-0.218459442184399,-0.786895816073389,62
"904","REACTOME_TRANSPORT_OF_CONNEXONS_TO_THE_PLASMA_MEMBRANE",0.398589065255732,0.656784571127588,0.0845557442441281,0.450225415506072,1.05355198722526,11
"905","REACTOME_TRANSPORT_OF_INORGANIC_CATIONS_ANIONS_AND_AMINO_ACIDS_OLIGOPEPTIDES",0.00996756750734108,0.0686736084880779,0.380730400722792,-0.391450892831113,-1.4999656950943,87
"906","REACTOME_TRANSPORT_OF_MATURE_MRNAS_DERIVED_FROM_INTRONLESS_TRANSCRIPTS",0.0047370661425708,0.0426791439960466,0.407017918923954,0.541342161322122,1.71821023302545,39
"907","REACTOME_TRANSPORT_OF_MATURE_TRANSCRIPT_TO_CYTOPLASM",0.0000745084800958758,0.00199469845285245,0.538434096309916,0.522657591997983,1.85607886699332,74
"908","REACTOME_TRANSPORT_OF_NUCLEOSIDES_AND_FREE_PURINE_AND_PYRIMIDINE_BASES_ACROSS_THE_PLASMA_MEMBRANE",0.866071428571429,0.954477158542309,0.0470699590082662,0.301132200015547,0.680731504342369,10
"909","REACTOME_TRANSPORT_OF_THE_SLBP_DEPENDANT_MATURE_MRNA",0.0179271347692871,0.103931293208178,0.352487857583619,0.520608038241311,1.62344218539679,32
"910","REACTOME_TRANSPORT_OF_VITAMINS_NUCLEOSIDES_AND_RELATED_MOLECULES",0.260344827586207,0.540650594146895,0.108394255853397,0.368255425946158,1.14835221427209,32
"911","REACTOME_TRANSPORT_TO_THE_GOLGI_AND_SUBSEQUENT_MODIFICATION",0.86687306501548,0.954477158542309,0.0404934829859503,0.210394102189312,0.83728025259122,162
"912","REACTOME_TRANS_GOLGI_NETWORK_VESICLE_BUDDING",0.534338358458961,0.756306709782548,0.0667426134241917,0.274957802254678,0.961480490387781,68
"913","REACTOME_TRIGLYCERIDE_METABOLISM",0.104308390022676,0.344144230462138,0.208955027549354,-0.525721759490521,-1.40186910323207,16
"914","REACTOME_TRISTETRAPROLIN_TTP_ZFP36_BINDS_AND_DESTABILIZES_MRNA",0.486631016042781,0.715813598166539,0.0745500777420554,0.380560099333633,0.963516764743363,16
"915","REACTOME_TRP_CHANNELS",0.73286467486819,0.883510295689821,0.0540088272801684,0.290682498575359,0.827136502335938,23
"916","REACTOME_TRYPTOPHAN_CATABOLISM",0.135746606334842,0.399063032367973,0.181383128498408,-0.582649473327256,-1.36620622553486,10
"917","REACTOME_TURBULENT_OSCILLATORY_DISTURBED_FLOW_SHEAR_STRESS_ACTIVATES_SIGNALING_BY_PIEZO1_AND_INTEGRINS_IN_ENDOTHELIAL_CELLS",0.0477941176470588,0.207935414753597,0.282013350011725,0.485012811741014,1.42688152887802,27
"918","REACTOME_UBIQUINOL_BIOSYNTHESIS",0.00395620290006593,0.0370696211736178,0.407017918923954,0.719323009228435,1.73536444799636,13
"919","REACTOME_UBIQUITIN_MEDIATED_DEGRADATION_OF_PHOSPHORYLATED_CDC25A",0.00144296556859257,0.0200475391495309,0.45505986738723,0.589858682750339,1.84182311676559,33
"920","REACTOME_UB_SPECIFIC_PROCESSING_PROTEASES",0.154340836012862,0.421400823860674,0.140406238523342,0.30000382311538,1.17184082050854,143
"921","REACTOME_UCH_PROTEINASES",0.0158712382464111,0.0965672093304363,0.352487857583619,0.420108829930247,1.47206321684041,66
"922","REACTOME_UNBLOCKING_OF_NMDA_RECEPTORS_GLUTAMATE_BINDING_AND_ACTIVATION",0.950596252129472,0.984705979052182,0.0406579344155557,0.229091590670738,0.621291174081407,19
"923","REACTOME_UNFOLDED_PROTEIN_RESPONSE_UPR",0.524886877828054,0.747768941444255,0.083129129135339,-0.40552713740226,-0.95088681120478,10
"924","REACTOME_VASOPRESSIN_REGULATES_RENAL_WATER_HOMEOSTASIS_VIA_AQUAPORINS",0.367483296213808,0.628342789329085,0.102821842840815,-0.349536219168218,-1.05419325501039,26
"925","REACTOME_VEGFR2_MEDIATED_CELL_PROLIFERATION",0.692307692307692,0.856925109236866,0.0687943095604775,-0.352142194399952,-0.825708904387019,10
"926","REACTOME_VEGFR2_MEDIATED_VASCULAR_PERMEABILITY",0.955882352941177,0.985063672789305,0.0438879842863647,0.218773966291476,0.643621207407152,27
"927","REACTOME_VISUAL_PHOTOTRANSDUCTION",0.158024691358025,0.425486022420888,0.175204047558551,-0.327001592012754,-1.19927593824955,68
"928","REACTOME_VITAMIN_B5_PANTOTHENATE_METABOLISM",0.903755868544601,0.965019628750061,0.0577308549299813,-0.259224825918543,-0.674867371649729,15
"929","REACTOME_VLDLR_INTERNALISATION_AND_DEGRADATION",0.817977528089888,0.928806686615139,0.0603786357920401,-0.295347739824084,-0.743907596247826,13
"930","REACTOME_VOLTAGE_GATED_POTASSIUM_CHANNELS",0.273214285714286,0.553625778903205,0.107554375265169,0.363633621310095,1.13637860073083,35
"931","REACTOME_VXPX_CARGO_TARGETING_TO_CILIUM",0.326315789473684,0.600004416180887,0.0956031492204301,0.420950662990037,1.09818602618569,17
"932","REACTOME_WNT5A_DEPENDENT_INTERNALIZATION_OF_FZD2_FZD5_AND_ROR2",0.668458781362007,0.846413348832704,0.059221919380382,0.355348533940132,0.844787287417011,12
"933","REACTOME_WNT5A_DEPENDENT_INTERNALIZATION_OF_FZD4",0.461187214611872,0.696418918918919,0.0908241419007155,-0.39043044381234,-0.998419791388904,14
"934","REACTOME_WNT_LIGAND_BIOGENESIS_AND_TRAFFICKING",0.850694444444444,0.94971726666779,0.0466015072985992,0.286497696441585,0.719352087635494,15
"935","REACTOME_XENOBIOTICS",0.126064735945486,0.383661220085552,0.161978948883402,0.487649085327759,1.3224932083974,19
"936","REACTOME_ZBP1_DAI_MEDIATED_INDUCTION_OF_TYPE_I_IFNS",0.141573033707865,0.409119261477046,0.176694268938498,-0.515797447372057,-1.29916565284656,13
"937","REACTOME_ZINC_TRANSPORTERS",0.557142857142857,0.770611584628142,0.0678338263479455,0.410849328248889,0.928755148942816,10
