"","pathway","pval","padj","log2err","ES","NES","size"
"1","REACTOME_ABC_FAMILY_PROTEINS_MEDIATED_TRANSPORT",0.0809859154929577,0.2942138671875,0.208955027549354,-0.357757744429293,-1.30656287632282,77
"2","REACTOME_ABC_TRANSPORTERS_IN_LIPID_HOMEOSTASIS",0.67983367983368,0.920131055076311,0.0655321029282414,0.3152635490677,0.838624962905359,16
"3","REACTOME_ACETYLCHOLINE_NEUROTRANSMITTER_RELEASE_CYCLE",0.977130977130977,0.999180331228151,0.048505983646947,0.210887374661087,0.560976418857687,16
"4","REACTOME_ACTIVATED_TAK1_MEDIATES_P38_MAPK_ACTIVATION",0.94327731092437,0.999180331228151,0.0506004243853618,0.228255264807575,0.646117586980368,20
"5","REACTOME_ACTIVATION_OF_APC_C_AND_APC_C_CDC20_MEDIATED_DEGRADATION_OF_MITOTIC_PROTEINS",7.8346010992559e-07,3.63133760950511e-05,0.659444398037935,-0.62648406679637,-2.18845095534114,58
"6","REACTOME_ACTIVATION_OF_ATR_IN_RESPONSE_TO_REPLICATION_STRESS",0.0446382993326757,0.191572701302733,0.321775918075361,-0.461770244914602,-1.46899403868915,35
"7","REACTOME_ACTIVATION_OF_BAD_AND_TRANSLOCATION_TO_MITOCHONDRIA",0.99031007751938,0.999180331228151,0.0446854397644147,-0.215565253635616,-0.487838350618153,10
"8","REACTOME_ACTIVATION_OF_BH3_ONLY_PROTEINS",0.866943866943867,0.999180331228151,0.0540088272801684,0.268593292450461,0.714478538936723,16
"9","REACTOME_ACTIVATION_OF_G_PROTEIN_GATED_POTASSIUM_CHANNELS",0.906444906444906,0.999180331228151,0.0519512476197082,0.23955216222783,0.702064304504834,23
"10","REACTOME_ACTIVATION_OF_IRF3_IRF7_MEDIATED_BY_TBK1_IKK_IKBKE",0.764091858037578,0.955650250066217,0.0601186142531851,0.304086859507997,0.794876334521757,15
"11","REACTOME_ACTIVATION_OF_KAINATE_RECEPTORS_UPON_GLUTAMATE_BINDING",0.594795539033457,0.874896985027131,0.0665892104103933,-0.301663312323471,-0.919247073036052,29
"12","REACTOME_ACTIVATION_OF_MATRIX_METALLOPROTEINASES",0.109730848861284,0.35197403769692,0.193813302725311,0.463554420905151,1.33563560121829,21
"13","REACTOME_ACTIVATION_OF_NF_KAPPAB_IN_B_CELLS",9.8698205998921e-05,0.00198898341219565,0.538434096309916,-0.583728406709347,-1.942234408497,45
"14","REACTOME_ACTIVATION_OF_NMDA_RECEPTORS_AND_POSTSYNAPTIC_EVENTS",0.0177253609900765,0.100806194096938,0.352487857583619,0.488148978649556,1.53239286305733,32
"15","REACTOME_ACTIVATION_OF_SMO",0.578747628083491,0.861154175334505,0.0689567351672811,-0.378601170751529,-0.925638139574521,13
"16","REACTOME_ACTIVATION_OF_THE_AP_1_FAMILY_OF_TRANSCRIPTION_FACTORS",0.921810699588477,0.999180331228151,0.0507027937029348,0.265886263402209,0.624580989011562,10
"17","REACTOME_ACTIVATION_OF_THE_MRNA_UPON_BINDING_OF_THE_CAP_BINDING_COMPLEX_AND_EIFS_AND_SUBSEQUENT_BINDING_TO_43S",8.53460951726206e-05,0.00188371024345284,0.538434096309916,-0.569242506756266,-1.97264902155384,56
"18","REACTOME_ACTIVATION_OF_THE_PRE_REPLICATIVE_COMPLEX",0.000236586087957497,0.00391634470601071,0.518848077743792,-0.631329046721594,-1.96503602645016,32
"19","REACTOME_ACYL_CHAIN_REMODELLING_OF_PC",0.438697318007663,0.767658234014224,0.0838361057159929,-0.35400193607804,-1.0035366810153,22
"20","REACTOME_ACYL_CHAIN_REMODELLING_OF_PE",0.443159922928709,0.773652068841645,0.0835990603684159,-0.359157096615107,-1.00518422306265,21
"21","REACTOME_ACYL_CHAIN_REMODELLING_OF_PG",0.242537313432836,0.569751957269335,0.118287526124085,-0.480860924414026,-1.19892852518351,14
"22","REACTOME_ACYL_CHAIN_REMODELLING_OF_PI",0.324528301886792,0.64696287279367,0.10027910675413,-0.466180045286531,-1.12264850412967,12
"23","REACTOME_ACYL_CHAIN_REMODELLING_OF_PS",0.24765478424015,0.576824082891003,0.117249716749792,-0.452709772011945,-1.18990518497673,17
"24","REACTOME_ADENYLATE_CYCLASE_ACTIVATING_PATHWAY",0.331275720164609,0.657585851376001,0.104343952581949,0.47279457176626,1.11061962154234,10
"25","REACTOME_ADENYLATE_CYCLASE_INHIBITORY_PATHWAY",0.412017167381974,0.740274392367157,0.0937465422491719,0.413454363869847,1.04884044313661,14
"26","REACTOME_ADHERENS_JUNCTIONS_INTERACTIONS",0.000453405683822869,0.00646626259852,0.49849310876659,0.587671861599695,1.8893404550166,35
"27","REACTOME_ADP_SIGNALLING_THROUGH_P2Y_PURINOCEPTOR_1",0.45,0.777301455868018,0.0870515867946735,0.342386670815035,0.999774823517099,22
"28","REACTOME_ADP_SIGNALLING_THROUGH_P2Y_PURINOCEPTOR_12",0.897727272727273,0.999180331228151,0.0481183992657975,-0.247057838696201,-0.671381202222301,19
"29","REACTOME_ADRENALINE_NORADRENALINE_INHIBITS_INSULIN_SECRETION",0.448669201520913,0.777301455868018,0.0822054920415869,-0.367568817232808,-1.01282273612406,20
"30","REACTOME_AEROBIC_RESPIRATION_AND_RESPIRATORY_ELECTRON_TRANSPORT",3.62342904983704e-08,3.35891872919893e-06,0.719512826338911,-0.459079110683912,-1.93145105893799,211
"31","REACTOME_AFLATOXIN_ACTIVATION_AND_DETOXIFICATION",0.886993603411514,0.999180331228151,0.0541200569620232,0.259688524188553,0.703984768472414,17
"32","REACTOME_AGGREPHAGY",0.148217636022514,0.421465486481198,0.156312403073186,-0.433080039970737,-1.27858269164884,25
"33","REACTOME_AKT_PHOSPHORYLATES_TARGETS_IN_THE_CYTOSOL",0.726396917148362,0.942900071252285,0.0587185879555941,-0.348219554060434,-0.809524834286776,11
"34","REACTOME_AKT_PHOSPHORYLATES_TARGETS_IN_THE_NUCLEUS",0.676356589147287,0.919329264134215,0.0623861492893626,-0.378867747859683,-0.85740263841735,10
"35","REACTOME_ALPHA_LINOLENIC_OMEGA3_AND_LINOLEIC_OMEGA6_ACID_METABOLISM",0.305660377358491,0.626527992531435,0.103958471559957,-0.473537441883516,-1.14036648748697,12
"36","REACTOME_AMINE_LIGAND_BINDING_RECEPTORS",0.75,0.952661251941613,0.0564118388217596,-0.294959470499424,-0.801554182436883,19
"37","REACTOME_AMINO_ACIDS_REGULATE_MTORC1",0.0254512934291637,0.128925404419862,0.352487857583619,-0.42267798400216,-1.44640273426102,51
"38","REACTOME_AMINO_ACID_TRANSPORT_ACROSS_THE_PLASMA_MEMBRANE",0.0310196028698797,0.145534526418989,0.352487857583619,-0.503661537820302,-1.53478853917008,29
"39","REACTOME_AMPLIFICATION_OF_SIGNAL_FROM_THE_KINETOCHORES",0.161061946902655,0.438467492260062,0.144630528034484,-0.316089699226571,-1.18652869249987,91
"40","REACTOME_ANCHORING_OF_THE_BASAL_BODY_TO_THE_PLASMA_MEMBRANE",0.575342465753425,0.859803681648857,0.0787113806986485,0.240383499447676,0.944114689483553,90
"41","REACTOME_ANTIGEN_ACTIVATES_B_CELL_RECEPTOR_BCR_LEADING_TO_GENERATION_OF_SECOND_MESSENGERS",0.835758835758836,0.997102240345484,0.0557104226766671,0.260076314043501,0.762215188704812,23
"42","REACTOME_ANTIGEN_PRESENTATION_FOLDING_ASSEMBLY_AND_PEPTIDE_LOADING_OF_CLASS_I_MHC",0.913232104121475,0.999180331228151,0.0535669384770951,0.233617485446615,0.693606457646038,26
"43","REACTOME_ANTIGEN_PROCESSING_CROSS_PRESENTATION",0.000368405046665238,0.00550824964933348,0.49849310876659,-0.521570212122673,-1.84186517687712,63
"44","REACTOME_ANTIGEN_PROCESSING_UBIQUITINATION_PROTEASOME_DEGRADATION",0.0183790077621893,0.102634579491262,0.352487857583619,-0.304761318703929,-1.3158549664298,256
"45","REACTOME_ANTIGEN_PROCESSING_UB_ATP_INDEPENDENT_PROTEASOMAL_DEGRADATION",5.32312895012392e-05,0.00129856329914865,0.557332238758646,-0.763916993625841,-2.00788418497676,17
"46","REACTOME_ANTIMICROBIAL_PEPTIDES",0.624521072796935,0.888219640027628,0.0656813601934011,-0.311890630921315,-0.900306225300069,24
"47","REACTOME_ANTIVIRAL_MECHANISM_BY_IFN_STIMULATED_GENES",0.358792184724689,0.688613571925024,0.0908241419007155,-0.288391545318773,-1.05325664069075,79
"48","REACTOME_APC_CDC20_MEDIATED_DEGRADATION_OF_NEK2A",0.0199572709523733,0.110121370076489,0.352487857583619,-0.554528037968363,-1.5877064105308,23
"49","REACTOME_APC_C_CDC20_MEDIATED_DEGRADATION_OF_CYCLIN_B",0.0211872044259095,0.114856950308878,0.352487857583619,-0.554670013126551,-1.55237235030402,21
"50","REACTOME_APC_C_CDH1_MEDIATED_DEGRADATION_OF_CDC20_AND_OTHER_APC_C_CDH1_TARGETED_PROTEINS_IN_LATE_MITOSIS_EARLY_G1",5.85439055196736e-05,0.00139154360042917,0.557332238758646,-0.571702329164225,-1.96612308469406,54
"51","REACTOME_APC_C_MEDIATED_DEGRADATION_OF_CELL_CYCLE_PROTEINS",2.49496602123517e-05,0.000642453750468056,0.575610261071129,-0.56053519808903,-2.00573410872345,67
"52","REACTOME_APOPTOSIS",0.652680652680653,0.903676689751907,0.0732558655828455,0.230373529277917,0.903651370074604,92
"53","REACTOME_APOPTOSIS_INDUCED_DNA_FRAGMENTATION",0.670520231213873,0.915423054985656,0.0625237414724762,-0.368586185338535,-0.856872243753401,11
"54","REACTOME_APOPTOTIC_CLEAVAGE_OF_CELLULAR_PROTEINS",0.306167400881057,0.626527992531435,0.11378726182188,0.354210533468953,1.09965328426296,31
"55","REACTOME_APOPTOTIC_EXECUTION_PHASE",0.197339246119734,0.495822497648426,0.14641623786055,0.355620680557084,1.18913792612771,42
"56","REACTOME_APOPTOTIC_FACTOR_MEDIATED_RESPONSE",0.218809980806142,0.533781190019194,0.127505315300183,-0.466866901020019,-1.19657486545047,16
"57","REACTOME_AQUAPORIN_MEDIATED_TRANSPORT",0.71003717472119,0.933801609017029,0.0580983576873206,-0.277800846165488,-0.846531892651016,29
"58","REACTOME_ARACHIDONATE_METABOLISM",0.0310850444778422,0.145534526418989,0.352487857583619,0.437755557545481,1.45892230109421,41
"59","REACTOME_ASPARAGINE_N_LINKED_GLYCOSYLATION",0.0434083601286174,0.189436820259852,0.276500599254472,-0.298467977329004,-1.27361627110872,239
"60","REACTOME_ASPIRIN_ADME",0.803837953091684,0.976615704477053,0.0587185879555941,0.259543556215295,0.767610465855204,25
"61","REACTOME_ASSEMBLY_OF_ACTIVE_LPL_AND_LIPC_LIPASE_COMPLEXES",0.286008230452675,0.612308613463348,0.11378726182188,0.494295612908463,1.16112671194084,10
"62","REACTOME_ASSEMBLY_OF_COLLAGEN_FIBRILS_AND_OTHER_MULTIMERIC_STRUCTURES",9.17207375414832e-08,6.07322312149678e-06,0.704975715167238,0.671502959186284,2.27914550007658,45
"63","REACTOME_ASYMMETRIC_LOCALIZATION_OF_PCP_PROTEINS",0.000843138748297437,0.0101505145411912,0.477270815362862,-0.558996177711539,-1.85292937241248,43
"64","REACTOME_ATORVASTATIN_ADME",0.927966101694915,0.999180331228151,0.0517405459873163,0.255254360636186,0.623730122237027,12
"65","REACTOME_ATP_DEPENDENT_CHROMATIN_REMODELERS",0.125,0.379918032786885,0.181383128498408,0.446835823453859,1.32141701981877,24
"66","REACTOME_AUF1_HNRNP_D0_BINDS_AND_DESTABILIZES_MRNA",0.000190255206837967,0.00334386870469448,0.518848077743792,-0.615594491328781,-1.95834324097496,35
"67","REACTOME_AURKA_ACTIVATION_BY_TPX2",0.654117647058824,0.903676689751907,0.0736212741014394,0.244179757693029,0.896838229031003,66
"68","REACTOME_AZATHIOPRINE_ADME",0.0473484848484848,0.197711916461916,0.287857117255149,-0.537966644164441,-1.46192767742436,19
"69","REACTOME_A_TETRASACCHARIDE_LINKER_SEQUENCE_IS_REQUIRED_FOR_GAG_SYNTHESIS",0.34375,0.6741061609247,0.102821842840815,0.373750606105925,1.09135804080651,22
"70","REACTOME_BASE_EXCISION_REPAIR",0.00433599803435503,0.0414378368850218,0.407017918923954,-0.442119349149774,-1.60510194379759,74
"71","REACTOME_BASE_EXCISION_REPAIR_AP_SITE_FORMATION",0.344144144144144,0.6741061609247,0.0940503465727813,-0.31949394587387,-1.06403062261379,46
"72","REACTOME_BASIGIN_INTERACTIONS",0.220729366602687,0.537050191182916,0.126875729929857,-0.417599798919242,-1.19565798730321,23
"73","REACTOME_BBSOME_MEDIATED_CARGO_TARGETING_TO_CILIUM",0.639468690702087,0.894098757587986,0.0640703750499722,-0.357364818488798,-0.873717598597841,13
"74","REACTOME_BETA_CATENIN_INDEPENDENT_WNT_SIGNALING",0.205882352941176,0.508941176470588,0.124434168630393,-0.299156071035023,-1.1441777308253,103
"75","REACTOME_BETA_CATENIN_PHOSPHORYLATION_CASCADE",0.838771593090211,0.998694863335844,0.0518457624865066,-0.288700622046287,-0.739936601257777,16
"76","REACTOME_BETA_OXIDATION_OF_VERY_LONG_CHAIN_FATTY_ACIDS",0.631984585741811,0.890053976545943,0.0653834195468773,-0.380686252032435,-0.885001923350712,11
"77","REACTOME_BILE_ACID_AND_BILE_SALT_METABOLISM",0.480733944954128,0.803535427319211,0.0766746872490091,-0.32030837983446,-0.986269584655635,30
"78","REACTOME_BINDING_AND_UPTAKE_OF_LIGANDS_BY_SCAVENGER_RECEPTORS",0.538302277432712,0.840077796599536,0.0770736734944102,0.323160515134287,0.931119776786059,21
"79","REACTOME_BIOLOGICAL_OXIDATIONS",0.904534606205251,0.999180331228151,0.0584693210386381,0.192765155086819,0.819670956051548,154
"80","REACTOME_BIOSYNTHESIS_OF_MARESINS",0.743271221532091,0.950361961876205,0.0610363728309177,0.333706079352612,0.801957620264614,11
"81","REACTOME_BIOSYNTHESIS_OF_SPECIALIZED_PRORESOLVING_MEDIATORS_SPMS",0.909663865546218,0.999180331228151,0.0522693317499306,0.242549553650531,0.686580142893797,20
"82","REACTOME_BIOSYNTHESIS_OF_THE_N_GLYCAN_PRECURSOR_DOLICHOL_LIPID_LINKED_OLIGOSACCHARIDE_LLO_AND_TRANSFER_TO_A_NASCENT_PROTEIN",0.0495575221238938,0.205088495575221,0.271288554688953,-0.387050520146282,-1.39260051767369,70
"83","REACTOME_BIOTIN_TRANSPORT_AND_METABOLISM",0.653100775193798,0.903676689751907,0.0640703750499722,-0.38380638573711,-0.868579100837852,10
"84","REACTOME_BLOOD_GROUP_SYSTEMS_BIOSYNTHESIS",0.094876660341556,0.320666526049357,0.199915231309662,-0.574445383894238,-1.40445565812579,13
"85","REACTOME_BRANCHED_CHAIN_AMINO_ACID_CATABOLISM",0.0437319088841513,0.189436820259852,0.321775918075361,-0.539363299118963,-1.48619628969388,20
"86","REACTOME_BUTYRATE_RESPONSE_FACTOR_1_BRF1_BINDS_AND_DESTABILIZES_MRNA",0.374280230326296,0.703414634146342,0.0928481214159878,-0.420050362029489,-1.07658457759529,16
"87","REACTOME_CA2_PATHWAY",0.382352941176471,0.708882352941176,0.101350743797099,0.310545113206673,1.03746793802906,43
"88","REACTOME_CALCINEURIN_ACTIVATES_NFAT",0.403292181069959,0.733042846768337,0.0925528864684773,0.447590457036712,1.05141381412863,10
"89","REACTOME_CARBOXYTERMINAL_POST_TRANSLATIONAL_MODIFICATIONS_OF_TUBULIN",0.890151515151515,0.999180331228151,0.048505983646947,-0.249628814982095,-0.678367846154824,19
"90","REACTOME_CARDIAC_CONDUCTION",0.183908045977011,0.482673800632002,0.155241966228839,0.305712780535477,1.16912027952586,81
"91","REACTOME_CARGO_CONCENTRATION_IN_THE_ER",0.950323974082073,0.999180331228151,0.051530912208539,0.215303959060515,0.653631014176556,28
"92","REACTOME_CARGO_RECOGNITION_FOR_CLATHRIN_MEDIATED_ENDOCYTOSIS",0.41324200913242,0.740274392367157,0.0972150808846466,0.259845702725719,1.02055318067257,90
"93","REACTOME_CARGO_TRAFFICKING_TO_THE_PERICILIARY_MEMBRANE",0.935840707964602,0.999180331228151,0.053347785067549,0.215549202129893,0.693123247691982,36
"94","REACTOME_CARNITINE_SHUTTLE",0.679316888045541,0.920131055076311,0.0611692626746689,-0.341485075598824,-0.834893377224147,13
"95","REACTOME_CASPASE_ACTIVATION_VIA_DEATH_RECEPTORS_IN_THE_PRESENCE_OF_LIGAND",0.478011472275335,0.802234564711961,0.0791316651768349,-0.390070924660085,-0.985487840963718,15
"96","REACTOME_CASPASE_ACTIVATION_VIA_EXTRINSIC_APOPTOTIC_SIGNALLING_PATHWAY",0.822179732313576,0.986531279748102,0.0525898950623616,-0.27601025182059,-0.736222941501315,18
"97","REACTOME_CASPASE_MEDIATED_CLEAVAGE_OF_CYTOSKELETAL_PROTEINS",0.292181069958848,0.615771493642057,0.112378519110475,0.489901942750264,1.15080574681205,10
"98","REACTOME_CA_DEPENDENT_EVENTS",0.00566374259707184,0.0485351652091346,0.407017918923954,0.564688748444673,1.67655157203884,26
"99","REACTOME_CD209_DC_SIGN_SIGNALING",0.737044145873321,0.946628949715949,0.0578529757032509,-0.315680392950407,-0.809085465032331,16
"100","REACTOME_CD28_DEPENDENT_PI3K_AKT_SIGNALING",0.997867803837953,0.999180331228151,0.048701086452153,0.157733543166853,0.47425409030819,27
"101","REACTOME_CD28_DEPENDENT_VAV1_PATHWAY",0.352830188679245,0.683232945889522,0.0952879846194844,-0.450337086401603,-1.08449570399808,12
"102","REACTOME_CDC42_GTPASE_CYCLE",1.86436034965914e-06,6.64716170820778e-05,0.643551836150722,0.529447119944137,2.07119383957759,89
"103","REACTOME_CDK_MEDIATED_PHOSPHORYLATION_AND_REMOVAL_OF_CDC6",1.69281506093238e-05,0.00044835416042409,0.575610261071129,-0.591455749922164,-2.03405643842141,54
"104","REACTOME_CELLULAR_HEXOSE_TRANSPORT",0.787762906309751,0.969795769122363,0.0545680646670941,-0.310867434905296,-0.785385574476522,15
"105","REACTOME_CELLULAR_RESPONSES_TO_MECHANICAL_STIMULI",0.513888888888889,0.823262849707222,0.0704500850658419,-0.275126576402973,-0.97157784039797,63
"106","REACTOME_CELLULAR_RESPONSES_TO_STIMULI",0.00929076713987004,0.0672854776457776,0.380730400722792,-0.275364459443951,-1.25703456453621,497
"107","REACTOME_CELLULAR_RESPONSE_TO_CHEMICAL_STRESS",0.0140972333578786,0.0870538258956341,0.380730400722792,-0.371900089075248,-1.45944576686397,121
"108","REACTOME_CELLULAR_RESPONSE_TO_HEAT_STRESS",0.380184331797235,0.706274299751577,0.102821842840815,0.274864901183652,1.03161315622854,74
"109","REACTOME_CELLULAR_RESPONSE_TO_HYPOXIA",0.0121488808231223,0.0804429465931029,0.380730400722792,-0.448377099097141,-1.53434502543387,51
"110","REACTOME_CELLULAR_SENESCENCE",0.11892797319933,0.36748743718593,0.165656695205483,-0.310153422152987,-1.2222645164147,124
"111","REACTOME_CELL_CELL_COMMUNICATION",0.0850574712643678,0.303262599469496,0.234392647294686,0.337273211138302,1.28981506822165,81
"112","REACTOME_CELL_CELL_JUNCTION_ORGANIZATION",0.0044828015117681,0.0419753232465558,0.407017918923954,0.496982662751503,1.66031779742691,43
"113","REACTOME_CELL_CYCLE_CHECKPOINTS",0.00019478846823463,0.00334386870469448,0.518848077743792,-0.368318221256641,-1.58454435090838,251
"114","REACTOME_CELL_DEATH_SIGNALLING_VIA_NRAGE_NRIF_AND_NADE",0.402352941176471,0.732772448861666,0.100633389423036,0.286316905712326,1.02885747719274,61
"115","REACTOME_CELL_EXTRACELLULAR_MATRIX_INTERACTIONS",0.816631130063966,0.986531279748102,0.0579754757571486,0.277275206628355,0.751660177327188,17
"116","REACTOME_CELL_JUNCTION_ORGANIZATION",0.0442196571633038,0.190658707862245,0.321775918075361,0.377140722189517,1.38518532649677,66
"117","REACTOME_CELL_SURFACE_INTERACTIONS_AT_THE_VASCULAR_WALL",0.983293556085919,0.999180331228151,0.0545680646670941,0.183857553707545,0.728412911421572,100
"118","REACTOME_CHAPERONIN_MEDIATED_PROTEIN_FOLDING",0.706401766004415,0.933801609017029,0.0665892104103933,0.263395846049454,0.84680662822604,35
"119","REACTOME_CHEMOKINE_RECEPTORS_BIND_CHEMOKINES",0.607843137254902,0.878453602982483,0.0635007968065945,-0.280628572577296,-0.913501879050404,39
"120","REACTOME_CHK1_CHK2_CDS1_MEDIATED_INACTIVATION_OF_CYCLIN_B_CDK1_COMPLEX",0.0360264935837525,0.164515071685411,0.321775918075361,-0.651129185027471,-1.56804053060007,12
"121","REACTOME_CHOLESTEROL_BIOSYNTHESIS",0.980810234541578,0.999180331228151,0.0494904866135495,0.198816957213163,0.588009116357004,25
"122","REACTOME_CHONDROITIN_SULFATE_BIOSYNTHESIS",0.97228144989339,0.999180331228151,0.0498907356726307,0.211307126467791,0.572828541298924,17
"123","REACTOME_CHONDROITIN_SULFATE_DERMATAN_SULFATE_METABOLISM",0.280182232346241,0.605428739825095,0.122107920287081,0.328112374875187,1.10213514353517,44
"124","REACTOME_CHROMATIN_ORGANIZATION",0.427536231884058,0.754906832298137,0.0985499803531691,0.234755484811399,1.01484593919971,180
"125","REACTOME_CHROMOSOME_MAINTENANCE",0.00534039403883097,0.0471976084419144,0.407017918923954,-0.399186000606399,-1.53694361526433,106
"126","REACTOME_CITRIC_ACID_CYCLE_TCA_CYCLE",0.0469657897609066,0.197001299132853,0.321775918075361,-0.466531149396765,-1.46275471696771,33
"127","REACTOME_CLASS_A_1_RHODOPSIN_LIKE_RECEPTORS",0.455847255369928,0.782247046532187,0.0940503465727813,0.229370594932625,1.0020046155576,198
"128","REACTOME_CLASS_B_2_SECRETIN_FAMILY_RECEPTORS",0.436594202898551,0.766520503952569,0.0810802057550866,-0.308751050707333,-1.01218195615825,41
"129","REACTOME_CLASS_I_MHC_MEDIATED_ANTIGEN_PROCESSING_PRESENTATION",0.0166101685766468,0.0980740526786726,0.352487857583619,-0.302170659826171,-1.32302129564887,301
"130","REACTOME_CLASS_I_PEROXISOMAL_MEMBRANE_PROTEIN_IMPORT",0.53219696969697,0.835738556475551,0.0730744399126987,-0.352022437379961,-0.956623147294687,19
"131","REACTOME_CLATHRIN_MEDIATED_ENDOCYTOSIS",0.507352941176471,0.821559081693356,0.0894366833718621,0.236566159982924,0.976260657353129,125
"132","REACTOME_CLEC7A_DECTIN_1_SIGNALING",0.00753539430426078,0.0577298390086755,0.407017918923954,-0.426047965217358,-1.54675523348272,74
"133","REACTOME_COBALAMIN_CBL_VITAMIN_B12_TRANSPORT_AND_METABOLISM",0.957089552238806,0.999180331228151,0.0445070537769277,-0.237950463394642,-0.593280891958767,14
"134","REACTOME_COHESIN_LOADING_ONTO_CHROMATIN",0.279835390946502,0.605428739825095,0.115240003147781,0.49668680556757,1.16674375080864,10
"135","REACTOME_COLLAGEN_BIOSYNTHESIS_AND_MODIFYING_ENZYMES",1.41046699647119e-06,5.60149934997736e-05,0.643551836150722,0.612084139256768,2.17601795068317,56
"136","REACTOME_COLLAGEN_CHAIN_TRIMERIZATION",1.15847660636015e-05,0.000315855239439958,0.593325476396405,0.646241229089389,2.07807026826461,37
"137","REACTOME_COLLAGEN_DEGRADATION",2.17625074372752e-07,1.12076913301967e-05,0.690132458796796,0.67270245983269,2.24940801174257,42
"138","REACTOME_COLLAGEN_FORMATION",2.67752274626983e-08,2.75784842865793e-06,0.73376198835648,0.613721335020113,2.2876769903324,70
"139","REACTOME_COMMON_PATHWAY_OF_FIBRIN_CLOT_FORMATION",0.0998080614203455,0.330435974773787,0.195789002148949,-0.538970462321704,-1.38137552057201,16
"140","REACTOME_COMPLEMENT_CASCADE",0.488073394495413,0.809381103215112,0.0758886900606117,-0.319655773813061,-0.984260129049132,30
"141","REACTOME_COMPLEX_III_ASSEMBLY",0.113243761996161,0.353457802594079,0.183023938384487,-0.529123671236553,-1.35613830051617,16
"142","REACTOME_COMPLEX_IV_ASSEMBLY",0.00555527538970753,0.0481284138902699,0.407017918923954,-0.534138804879111,-1.70877919131131,36
"143","REACTOME_COMPLEX_I_BIOGENESIS",0.000429820635238778,0.00622568326353667,0.49849310876659,-0.5159418048436,-1.80480562375684,57
"144","REACTOME_CONDENSATION_OF_PROPHASE_CHROMOSOMES",0.0817051509769094,0.294710797492588,0.208955027549354,-0.392387022306713,-1.30293765792675,44
"145","REACTOME_CONVERSION_FROM_APC_C_CDC20_TO_APC_C_CDH1_IN_LATE_ANAPHASE",0.0437319088841513,0.189436820259852,0.321775918075361,-0.539330406294658,-1.48610565469235,20
"146","REACTOME_COPII_MEDIATED_VESICLE_TRANSPORT",0.408771929824561,0.738320625886687,0.0828962134571565,-0.290579677131275,-1.02701784411732,65
"147","REACTOME_COPI_DEPENDENT_GOLGI_TO_ER_RETROGRADE_TRAFFIC",0.160558464223386,0.438467492260062,0.143758989039275,-0.319693016031754,-1.1912841208553,87
"148","REACTOME_COPI_INDEPENDENT_GOLGI_TO_ER_RETROGRADE_TRAFFIC",0.659420289855073,0.906947490646368,0.0603786357920401,-0.271720211547955,-0.890783349958683,41
"149","REACTOME_COPI_MEDIATED_ANTEROGRADE_TRANSPORT",0.0560420315236427,0.225873753140943,0.252961123069611,-0.366695650378452,-1.3562171624546,83
"150","REACTOME_CO_INHIBITION_BY_CTLA4",0.572243346007605,0.859756210290193,0.0696133438850965,-0.337965561023538,-0.931252021889439,20
"151","REACTOME_CO_INHIBITION_BY_PD_1",0.00444281880665055,0.0419753232465558,0.407017918923954,-0.676090942144011,-1.73281384129128,16
"152","REACTOME_CO_STIMULATION_BY_CD28",0.684021543985637,0.924326488738609,0.0582216241124161,-0.263996369188296,-0.884291799079082,47
"153","REACTOME_CO_STIMULATION_BY_ICOS",0.980732177263969,0.999180331228151,0.0448645113168564,-0.213504782121854,-0.496346116555626,11
"154","REACTOME_CRMPS_IN_SEMA3A_SIGNALING",0.102296450939457,0.336272375960556,0.20207170902116,0.520443327490352,1.36042736325789,15
"155","REACTOME_CROSSLINKING_OF_COLLAGEN_FIBRILS",0.000948281712788921,0.0109882143469416,0.477270815362862,0.68937996131069,1.86882725745885,17
"156","REACTOME_CROSS_PRESENTATION_OF_SOLUBLE_EXOGENOUS_ANTIGENS_ENDOSOMES",0.000150901322935096,0.00279771052721667,0.518848077743792,-0.620488696805026,-1.98502367523039,36
"157","REACTOME_CS_DS_DEGRADATION",0.0104210895573257,0.0731844698457643,0.380730400722792,0.649553255196251,1.61988543062267,13
"158","REACTOME_CYCLIN_A_B1_B2_ASSOCIATED_EVENTS_DURING_G2_M_TRANSITION",0.0225230071565791,0.120686864937276,0.352487857583619,-0.504335017892059,-1.56556811413865,31
"159","REACTOME_CYCLIN_A_CDK2_ASSOCIATED_EVENTS_AT_S_PHASE_ENTRY",9.60752083104068e-05,0.00197914929119438,0.538434096309916,-0.568318611913251,-1.96944736279424,56
"160","REACTOME_CYCLIN_D_ASSOCIATED_EVENTS_IN_G1",0.0843806104129264,0.302010910628505,0.206587922696891,-0.41401797088174,-1.33235643093836,37
"161","REACTOME_CYTOCHROME_C_MEDIATED_APOPTOTIC_RESPONSE",0.290944123314065,0.615771493642057,0.108394255853397,-0.499680395998206,-1.16163404682494,11
"162","REACTOME_CYTOCHROME_P450_ARRANGED_BY_SUBSTRATE_TYPE",0.189066059225513,0.490936237820869,0.152144922367565,0.354923361092075,1.19219371006656,44
"163","REACTOME_CYTOKINE_SIGNALING_IN_IMMUNE_SYSTEM",0.598187311178248,0.874896985027131,0.0564118388217596,-0.214255771835239,-0.95829705193573,382
"164","REACTOME_CYTOPROTECTION_BY_HMOX1",0.413547237076649,0.740274392367157,0.083129129135339,-0.314948503698159,-1.02522008821156,39
"165","REACTOME_CYTOSOLIC_SENSORS_OF_PATHOGEN_ASSOCIATED_DNA",0.606679035250464,0.878453602982483,0.0655321029282414,-0.295719044610612,-0.898943768359973,28
"166","REACTOME_CYTOSOLIC_SULFONATION_OF_SMALL_MOLECULES",0.556621880998081,0.855702294668691,0.0714786287425507,-0.368976605146767,-0.945683085892897,16
"167","REACTOME_C_TYPE_LECTIN_RECEPTORS_CLRS",0.0155352333503283,0.0935972810771894,0.380730400722792,-0.388587692359551,-1.46666394631733,92
"168","REACTOME_DAP12_INTERACTIONS",0.9875,0.999180331228151,0.0410713282497468,-0.188097973214854,-0.60876430442269,38
"169","REACTOME_DAP12_SIGNALING",0.961620469083156,0.999180331228151,0.0503964322442957,0.210498706926792,0.622558359152477,25
"170","REACTOME_DARPP_32_EVENTS",0.650671785028791,0.903676689751907,0.0637845390312975,-0.34016441617186,-0.871837754234859,16
"171","REACTOME_DDX58_IFIH1_MEDIATED_INDUCTION_OF_INTERFERON_ALPHA_BETA",0.191449814126394,0.493500948766603,0.135002033828631,-0.396047222232516,-1.20685955152184,29
"172","REACTOME_DEACTIVATION_OF_THE_BETA_CATENIN_TRANSACTIVATING_COMPLEX",0.608133086876155,0.878453602982483,0.0652353056017703,-0.304240573502563,-0.908431568161676,26
"173","REACTOME_DEADENYLATION_DEPENDENT_MRNA_DECAY",0.112262521588946,0.353212455656287,0.173747838999571,-0.368144507684693,-1.25978934951009,51
"174","REACTOME_DEADENYLATION_OF_MRNA",0.687739463601533,0.925304038836895,0.0610363728309177,-0.300043805558318,-0.850574344663518,22
"175","REACTOME_DEATH_RECEPTOR_SIGNALING",1,1,0.0370705393657621,-0.155756526393044,-0.619880177553857,129
"176","REACTOME_DECTIN_1_MEDIATED_NONCANONICAL_NF_KB_SIGNALING",0.00164239652117222,0.0177035066875191,0.45505986738723,-0.54586585874319,-1.77690205630796,39
"177","REACTOME_DEGRADATION_OF_AXIN",0.00130852772263201,0.0146145204684322,0.45505986738723,-0.578695884693556,-1.85132305840546,36
"178","REACTOME_DEGRADATION_OF_BETA_CATENIN_BY_THE_DESTRUCTION_COMPLEX",9.55774093036171e-05,0.00197914929119438,0.538434096309916,-0.539183114100878,-1.89552601112027,60
"179","REACTOME_DEGRADATION_OF_CYSTEINE_AND_HOMOCYSTEINE",0.0314878232905572,0.146679458242947,0.321775918075361,-0.656846067395823,-1.58180784969493,12
"180","REACTOME_DEGRADATION_OF_DVL",0.0005335328809698,0.00749371182816674,0.477270815362862,-0.590082334029908,-1.90975508926678,38
"181","REACTOME_DEGRADATION_OF_GLI1_BY_THE_PROTEASOME",0.000880598483102316,0.0104655742799467,0.477270815362862,-0.562137533618485,-1.80902185572604,37
"182","REACTOME_DEGRADATION_OF_THE_EXTRACELLULAR_MATRIX",1.4697909066985e-06,5.60149934997736e-05,0.643551836150722,0.532771828297149,2.08420007797186,89
"183","REACTOME_DEPOLYMERIZATION_OF_THE_NUCLEAR_LAMINA",0.522157996146435,0.831684643346642,0.0749278818393739,-0.417699560305876,-0.971048763331622,11
"184","REACTOME_DEPOSITION_OF_NEW_CENPA_CONTAINING_NUCLEOSOMES_AT_THE_CENTROMERE",0.046875,0.197001299132853,0.276500599254472,-0.399673435666278,-1.38502554262997,56
"185","REACTOME_DERMATAN_SULFATE_BIOSYNTHESIS",0.421810699588477,0.747645350895829,0.0899860794997137,0.44163270159771,1.03741872940042,10
"186","REACTOME_DETOXIFICATION_OF_REACTIVE_OXYGEN_SPECIES",0.165103189493433,0.442342938324892,0.147331213699377,-0.412832712297562,-1.23768196920738,27
"187","REACTOME_DEUBIQUITINATION",0.0412541254125413,0.183858530083778,0.287857117255149,-0.300975644501939,-1.26627353272902,211
"188","REACTOME_DEVELOPMENTAL_BIOLOGY",0.0242785685607909,0.125034628088073,0.352487857583619,0.263553690447157,1.22168432905336,347
"189","REACTOME_DIGESTION_AND_ABSORPTION",0.123339658444023,0.377346083754486,0.173747838999571,-0.551521195402403,-1.34840854357325,13
"190","REACTOME_DISASSEMBLY_OF_THE_DESTRUCTION_COMPLEX_AND_RECRUITMENT_OF_AXIN_TO_THE_MEMBRANE",0.946395563770795,0.999180331228151,0.0445961615888961,-0.222151882949722,-0.663323044243423,26
"191","REACTOME_DISSOLUTION_OF_FIBRIN_CLOT",0.369942196531792,0.699547647121878,0.0937465422491719,-0.463207406386523,-1.0768433148656,11
"192","REACTOME_DNA_DAMAGE_BYPASS",0.0229434102347743,0.121648121380405,0.352487857583619,-0.462031011547641,-1.52498012435904,42
"193","REACTOME_DNA_DAMAGE_RECOGNITION_IN_GG_NER",0.198181818181818,0.495822497648426,0.130777137971974,-0.376006091490165,-1.19192199892823,34
"194","REACTOME_DNA_DAMAGE_TELOMERE_STRESS_INDUCED_SENESCENCE",0.431778929188256,0.760948797257629,0.0791316651768349,-0.287312661520073,-1.01437378866913,62
"195","REACTOME_DNA_DOUBLE_STRAND_BREAK_REPAIR",0.341750841750842,0.673612548866778,0.0905428948469474,-0.264249093141565,-1.06015042850011,145
"196","REACTOME_DNA_DOUBLE_STRAND_BREAK_RESPONSE",0.803782505910166,0.976615704477053,0.0636424081651019,0.228252089358009,0.822641237405623,62
"197","REACTOME_DNA_REPAIR",0.00831657290727194,0.0621730893954926,0.380730400722792,-0.309696125406123,-1.34351105034628,286
"198","REACTOME_DNA_REPLICATION",1.05571434402397e-08,1.22330899613777e-06,0.747739663149885,-0.55200067231965,-2.14355418954158,112
"199","REACTOME_DNA_REPLICATION_PRE_INITIATION",1.13061719291939e-07,6.98721425224183e-06,0.704975715167238,-0.585541656942141,-2.16561511885253,83
"200","REACTOME_DNA_STRAND_ELONGATION",0.0179128410733563,0.10125124192074,0.352487857583619,-0.551670419654868,-1.59245666233072,24
"201","REACTOME_DOPAMINE_NEUROTRANSMITTER_RELEASE_CYCLE",0.08125,0.2942138671875,0.227987202850442,0.473857291999896,1.38367124325765,22
"202","REACTOME_DOWNREGULATION_OF_ERBB2_SIGNALING",0.0538302277432712,0.218862373324616,0.282013350011725,0.506824334332035,1.46030885257404,21
"203","REACTOME_DOWNREGULATION_OF_SMAD2_3_SMAD4_TRANSCRIPTIONAL_ACTIVITY",0.77035490605428,0.958548990486332,0.0597317976364411,0.284266777057832,0.789413684706669,18
"204","REACTOME_DOWNREGULATION_OF_TGF_BETA_RECEPTOR_SIGNALING",0.998102466793169,0.999180331228151,0.0433636987883266,-0.178756990068362,-0.437041141194494,13
"205","REACTOME_DOWNSTREAM_SIGNALING_EVENTS_OF_B_CELL_RECEPTOR_BCR",0.00291700898482728,0.0293920361840749,0.431707695803346,-0.476637322668032,-1.66846921861608,59
"206","REACTOME_DOWNSTREAM_SIGNALING_OF_ACTIVATED_FGFR1",0.0139471238849685,0.0870538258956341,0.380730400722792,0.564290558355035,1.62588581875383,21
"207","REACTOME_DOWNSTREAM_SIGNALING_OF_ACTIVATED_FGFR2",0.0575692963752665,0.228062981794325,0.276500599254472,0.534228798017496,1.44823086757032,17
"208","REACTOME_DOWNSTREAM_SIGNALING_OF_ACTIVATED_FGFR3",0.124740124740125,0.379918032786885,0.181383128498408,0.499452590257393,1.32858178884374,16
"209","REACTOME_DOWNSTREAM_SIGNALING_OF_ACTIVATED_FGFR4",0.839248434237996,0.998694863335844,0.0557104226766671,0.269599329381734,0.748681932529823,18
"210","REACTOME_DOWNSTREAM_SIGNAL_TRANSDUCTION",0.198294243070362,0.495822497648426,0.142901149386948,0.411091897916797,1.21582075806749,25
"211","REACTOME_DOWNSTREAM_TCR_SIGNALING",2.5701363101004e-05,0.000643923340395425,0.575610261071129,-0.54300997320092,-1.95572123935458,69
"212","REACTOME_DRUG_ADME",0.39646017699115,0.724888725977902,0.0850427463764322,-0.286485530951431,-1.03076957126476,70
"213","REACTOME_DUAL_INCISION_IN_GG_NER",0.0892857142857143,0.314382405149149,0.199915231309662,-0.407695179787413,-1.31947340153566,38
"214","REACTOME_DUAL_INCISION_IN_TC_NER",0.00888887024870889,0.0648817537051429,0.380730400722792,-0.45015837710716,-1.57250532399444,58
"215","REACTOME_E3_UBIQUITIN_LIGASES_UBIQUITINATE_TARGET_PROTEINS",0.623059866962306,0.888219640027628,0.0730744399126987,0.266121072147795,0.889865739351776,42
"216","REACTOME_ECM_PROTEOGLYCANS",5.81620043279868e-06,0.000179720593373479,0.610526878385931,0.646779190907458,2.10722095912494,39
"217","REACTOME_EFFECTS_OF_PIP2_HYDROLYSIS",0.214583333333333,0.525260561244055,0.135002033828631,0.400151449520229,1.18335842416132,24
"218","REACTOME_EGFR_DOWNREGULATION",0.136659436008677,0.398375148364916,0.176694268938498,0.432383924952126,1.28374073522706,26
"219","REACTOME_EICOSANOID_LIGAND_BINDING_RECEPTORS",0.995708154506438,0.999180331228151,0.0490939668192139,0.187554107327092,0.475782456858922,14
"220","REACTOME_ELASTIC_FIBRE_FORMATION",0.00126770802393845,0.0143312846120847,0.45505986738723,0.550791729955336,1.7711341489377,36
"221","REACTOME_ELEVATION_OF_CYTOSOLIC_CA2_LEVELS",0.143157894736842,0.409590643274854,0.169570644405628,0.528987424128961,1.31921288127518,13
"222","REACTOME_ENDOGENOUS_STEROLS",0.563674321503132,0.858068497377353,0.0751181635276301,0.331448419817611,0.920437910777005,18
"223","REACTOME_ENDOSOMAL_SORTING_COMPLEX_REQUIRED_FOR_TRANSPORT_ESCRT",0.728280961182994,0.942900071252285,0.0566484183613995,-0.279235799806561,-0.833769843991625,26
"224","REACTOME_ENDOSOMAL_VACUOLAR_PATHWAY",0.474806201550388,0.800264270613108,0.0802023444698144,-0.438384795153719,-0.992093631960606,10
"225","REACTOME_ENERGY_DEPENDENT_REGULATION_OF_MTOR_BY_LKB1_AMPK",0.372844827586207,0.702494217830109,0.0999276973731092,0.343717181091506,1.05503950556573,29
"226","REACTOME_ENOS_ACTIVATION",0.796610169491525,0.974133722314837,0.0588438169595807,0.31512738810165,0.770033639429284,12
"227","REACTOME_EPHA_MEDIATED_GROWTH_CONE_COLLAPSE",0.889925373134328,0.999180331228151,0.0478299633114229,-0.27698816372121,-0.690613426383607,14
"228","REACTOME_EPHB_MEDIATED_FORWARD_SIGNALING",0.936131386861314,0.999180331228151,0.0445070537769277,-0.220783860597611,-0.685362229481418,31
"229","REACTOME_EPHRIN_SIGNALING",0.248565965583174,0.577495363648126,0.118287526124085,-0.446967909191742,-1.19223118232483,18
"230","REACTOME_EPH_EPHRIN_MEDIATED_REPULSION_OF_CELLS",0.36980306345733,0.699547647121878,0.101350743797099,0.344890352933953,1.06653739224594,30
"231","REACTOME_EPH_EPHRIN_SIGNALING",0.71830985915493,0.936530575860225,0.0687943095604775,0.24407989176067,0.867727477004953,56
"232","REACTOME_EPIGENETIC_REGULATION_BY_WDR5_CONTAINING_HISTONE_MODIFYING_COMPLEXES",0.387323943661972,0.71440739839377,0.0860347242455604,-0.283293293753758,-1.03461212648334,77
"233","REACTOME_EPIGENETIC_REGULATION_OF_GENE_EXPRESSION",0.634615384615385,0.890053976545943,0.0762797180809272,0.219938190351471,0.922319467218797,137
"234","REACTOME_EPIGENETIC_REGULATION_OF_GENE_EXPRESSION_BY_MLL3_AND_MLL4_COMPLEXES",0.0771992818671454,0.286254937163375,0.216542836735348,-0.387129300459854,-1.29674232502682,47
"235","REACTOME_ERBB2_ACTIVATES_PTK6_SIGNALING",0.104938271604938,0.342527386541471,0.197822021315103,0.597739469422289,1.40412183843537,10
"236","REACTOME_ERBB2_REGULATES_CELL_MOTILITY",0.0506462908427338,0.208662718272063,0.321775918075361,0.61831576490748,1.51089355208512,12
"237","REACTOME_ERKS_ARE_INACTIVATED",0.500948766603416,0.820804604297672,0.0762797180809272,-0.396718180491316,-0.969932231842913,13
"238","REACTOME_ERK_MAPK_TARGETS",0.679924242424242,0.920131055076311,0.0610363728309177,-0.31337423189662,-0.851596410243664,19
"239","REACTOME_ERYTHROPOIETIN_ACTIVATES_PHOSPHOINOSITIDE_3_KINASE_PI3K",0.701646090534979,0.933179233753122,0.0635007968065945,0.351052669057773,0.824641410314507,10
"240","REACTOME_ER_PHAGOSOME_PATHWAY",0.000352809502703731,0.00545090681677264,0.49849310876659,-0.622240293430081,-1.97247308260236,34
"241","REACTOME_ER_TO_GOLGI_ANTEROGRADE_TRANSPORT",0.0752508361204013,0.280150703147036,0.211400189384923,-0.316923237705943,-1.26450652176953,133
"242","REACTOME_ESR_MEDIATED_SIGNALING",0.900497512437811,0.999180331228151,0.0419081748591401,-0.200707186825779,-0.798774918053482,129
"243","REACTOME_ESTABLISHMENT_OF_SISTER_CHROMATID_COHESION",0.77639751552795,0.963481254209384,0.0589694466690997,0.322961700032848,0.77613688338378,11
"244","REACTOME_ESTROGEN_DEPENDENT_GENE_EXPRESSION",0.445614035087719,0.776474079936684,0.0782955249944794,-0.285416960482022,-1.00877086216989,65
"245","REACTOME_EUKARYOTIC_TRANSLATION_INITIATION",4.06899431841214e-09,6.9470064324735e-07,0.761460801445585,-0.573577551122968,-2.19949663545114,104
"246","REACTOME_EXTENSION_OF_TELOMERES",0.022964855708275,0.121648121380405,0.352487857583619,-0.432244335394134,-1.44786127992084,47
"247","REACTOME_EXTRACELLULAR_MATRIX_ORGANIZATION",2.3694408236916e-09,5.49117910890528e-07,0.774939030136436,0.45003200864442,1.98951114845778,227
"248","REACTOME_EXTRA_NUCLEAR_ESTROGEN_SIGNALING",0.542253521126761,0.843404386047831,0.0833634065110386,0.264015292707859,0.953198986926176,63
"249","REACTOME_FACTORS_INVOLVED_IN_MEGAKARYOCYTE_DEVELOPMENT_AND_PLATELET_PRODUCTION",0.718072289156626,0.936530575860225,0.070113215764256,0.224426178524381,0.894735151999371,105
"250","REACTOME_FANCONI_ANEMIA_PATHWAY",0.864220183486239,0.999180331228151,0.0484087618816951,-0.24123443789712,-0.742791022178034,30
"251","REACTOME_FATTY_ACIDS",0.106995884773663,0.345592979739321,0.195789002148949,0.596413260155107,1.40100650225691,10
"252","REACTOME_FATTY_ACID_METABOLISM",0.414457831325301,0.740274392367157,0.10027910675413,0.24326382090032,1.01911055640862,139
"253","REACTOME_FATTY_ACYL_COA_BIOSYNTHESIS",0.50319829424307,0.821559081693356,0.0822054920415869,0.327082950668639,0.983433352920914,27
"254","REACTOME_FBXL7_DOWN_REGULATES_AURKA_DURING_MITOTIC_ENTRY_AND_IN_EARLY_MITOSIS",6.89510330664484e-05,0.00159794019131494,0.538434096309916,-0.632872983901888,-2.02464261303651,36
"255","REACTOME_FCERI_MEDIATED_CA_2_MOBILIZATION",0.901918976545842,0.999180331228151,0.053347785067549,0.238872639146947,0.706475400466308,25
"256","REACTOME_FCERI_MEDIATED_MAPK_ACTIVATION",0.980810234541578,0.999180331228151,0.0494904866135495,0.186877433945404,0.561880407017519,27
"257","REACTOME_FCERI_MEDIATED_NF_KB_ACTIVATION",0.000756286888420773,0.00934770594088076,0.477270815362862,-0.5098490121745,-1.76392978094484,55
"258","REACTOME_FCGAMMA_RECEPTOR_FCGR_DEPENDENT_PHAGOCYTOSIS",0.691075514874142,0.928444930852651,0.0694481442003175,0.235271986680006,0.881518970527415,71
"259","REACTOME_FCGR_ACTIVATION",0.312629399585921,0.63693945805747,0.108394255853397,0.47026980461419,1.1301455883643,11
"260","REACTOME_FC_EPSILON_RECEPTOR_FCERI_SIGNALING",0.0569948186528497,0.228062981794325,0.248911114434702,-0.348583951316943,-1.32533353182226,98
"261","REACTOME_FGFR2_ALTERNATIVE_SPLICING",0.0256830367099381,0.129392255598438,0.352487857583619,-0.586866169635283,-1.54252269623645,17
"262","REACTOME_FLT3_SIGNALING",0.56875,0.858068497377353,0.0745500777420554,0.312270074154769,0.923468909852954,24
"263","REACTOME_FORMATION_OF_ATP_BY_CHEMIOSMOTIC_COUPLING",0.0917782026768642,0.317456693587512,0.204294756516886,-0.516197420835142,-1.37689227503647,18
"264","REACTOME_FORMATION_OF_FIBRIN_CLOT_CLOTTING_CASCADE",0.0938697318007663,0.320666526049357,0.20207170902116,-0.477509908862772,-1.3783842827266,24
"265","REACTOME_FORMATION_OF_INCISION_COMPLEX_IN_GG_NER",0.648214285714286,0.90360096670247,0.0605092988656667,-0.273984229830943,-0.897254214403412,40
"266","REACTOME_FORMATION_OF_RNA_POL_II_ELONGATION_COMPLEX",0.231173380035026,0.556617463097323,0.117249716749792,-0.331742100418414,-1.14088358315955,54
"267","REACTOME_FORMATION_OF_SENESCENCE_ASSOCIATED_HETEROCHROMATIN_FOCI_SAHF",0.452789699570815,0.780178534390606,0.0883594442500905,0.397814218733279,1.00916492344389,14
"268","REACTOME_FORMATION_OF_TC_NER_PRE_INCISION_COMPLEX",0.0176564285250249,0.100806194096938,0.352487857583619,-0.471421173043599,-1.5700033466829,46
"269","REACTOME_FORMATION_OF_THE_BETA_CATENIN_TCF_TRANSACTIVATING_COMPLEX",0.509761388286334,0.821824012072055,0.0824344091527096,0.323532727293025,0.960563326333533,26
"270","REACTOME_FORMATION_OF_THE_CANONICAL_BAF_CBAF_COMPLEX",0.862660944206009,0.999180331228151,0.0557104226766671,0.27897861483472,0.707705806440577,14
"271","REACTOME_FORMATION_OF_THE_CORNIFIED_ENVELOPE",0.734545454545455,0.946559233449477,0.0554793308704233,-0.264829024484524,-0.839495815046027,34
"272","REACTOME_FORMATION_OF_THE_DYSTROPHIN_GLYCOPROTEIN_COMPLEX_DGC",0.598752598752599,0.874896985027131,0.0718276293603809,0.30534404005183,0.894882972961034,23
"273","REACTOME_FORMATION_OF_THE_EARLY_ELONGATION_COMPLEX",0.00379237474918455,0.0370055936052008,0.431707695803346,-0.569326484894239,-1.77205065953945,32
"274","REACTOME_FORMATION_OF_THE_EMBRYONIC_STEM_CELL_BAF_ESBAF_COMPLEX",0.398720682302772,0.727586756879271,0.0952879846194844,0.384418135353243,1.04211194106043,17
"275","REACTOME_FORMATION_OF_THE_NON_CANONICAL_BAF_NCBAF_COMPLEX",0.577962577962578,0.861154175334505,0.0736212741014394,0.342651462690657,0.911478891353572,16
"276","REACTOME_FORMATION_OF_THE_POLYBROMO_BAF_PBAF_COMPLEX",0.108559498956159,0.349425887265136,0.195789002148949,0.517670834267884,1.35318012720919,15
"277","REACTOME_FORMATION_OF_WDR5_CONTAINING_HISTONE_MODIFYING_COMPLEXES",0.628318584070796,0.890053976545943,0.0725351864394589,0.278436725424373,0.89534531093538,36
"278","REACTOME_FOXO_MEDIATED_TRANSCRIPTION",0.937369519832985,0.999180331228151,0.0506004243853618,0.230878326191208,0.641153046739721,18
"279","REACTOME_FREE_FATTY_ACIDS_REGULATE_INSULIN_SECRETION",0.0111731420214166,0.0767222418803941,0.380730400722792,0.694323192983931,1.66858744863188,11
"280","REACTOME_FRS_MEDIATED_FGFR1_SIGNALING",0.071578947368421,0.270831364124597,0.245041785430996,0.571194578697431,1.42447100169342,13
"281","REACTOME_FRS_MEDIATED_FGFR2_SIGNALING",0.0372682333759903,0.168496909207444,0.321775918075361,0.637565234472505,1.55793084451322,12
"282","REACTOME_FRS_MEDIATED_FGFR3_SIGNALING",0.161490683229814,0.438467492260062,0.157402899305283,0.537580427876693,1.29190550402075,11
"283","REACTOME_FRS_MEDIATED_FGFR4_SIGNALING",0.762105263157895,0.954691322901849,0.060640400949416,0.31769972671541,0.792294018238132,13
"284","REACTOME_G0_AND_EARLY_G1",0.592870544090056,0.873753568158159,0.0672065093710464,-0.345567040388273,-0.908290561716034,17
"285","REACTOME_G1_S_DNA_DAMAGE_CHECKPOINTS",0.000716570492136772,0.0089764979217674,0.477270815362862,-0.53610094425213,-1.79574313820422,47
"286","REACTOME_G1_S_TRANSITION",6.00168406874705e-08,5.05778284702592e-06,0.704975715167238,-0.584270537834345,-2.18485013125637,89
"287","REACTOME_G2_M_CHECKPOINTS",7.31393343896057e-05,0.00165366251168694,0.538434096309916,-0.443191299395703,-1.7719434570814,134
"288","REACTOME_G2_M_DNA_DAMAGE_CHECKPOINT",0.252204585537919,0.579164997424598,0.111918316325105,-0.304449494795452,-1.12043921870212,81
"289","REACTOME_GAB1_SIGNALOSOME",0.415800415800416,0.741078171683718,0.0913924325943768,0.391425969541727,1.04122278061596,16
"290","REACTOME_GABA_B_RECEPTOR_ACTIVATION",0.408988764044944,0.738320625886687,0.096887770327544,0.315905655619264,1.01583452272778,37
"291","REACTOME_GABA_RECEPTOR_ACTIVATION",0.134396355353075,0.395221338841784,0.183023938384487,0.372440736759157,1.25103487798211,44
"292","REACTOME_GABA_SYNTHESIS_RELEASE_REUPTAKE_AND_DEGRADATION",0.96421052631579,0.999180331228151,0.0496901392724606,0.230668868164414,0.575252507548226,13
"293","REACTOME_GAMMA_CARBOXYLATION_HYPUSINYLATION_HYDROXYLATION_AND_ARYLSULFATASE_ACTIVATION",0.0898100172711572,0.314382405149149,0.195789002148949,-0.374271412606708,-1.28075559891785,51
"294","REACTOME_GAP_FILLING_DNA_REPAIR_SYNTHESIS_AND_LIGATION_IN_GG_NER",0.0429967723117801,0.188900511530901,0.321775918075361,-0.54246001821523,-1.47413844915366,19
"295","REACTOME_GAP_JUNCTION_ASSEMBLY",0.0606060606060606,0.236058059587471,0.252961123069611,-0.528991620919748,-1.43753799633675,19
"296","REACTOME_GAP_JUNCTION_DEGRADATION",0.549382716049383,0.84931232755534,0.0756946307932749,0.398940124084327,0.93713159178916,10
"297","REACTOME_GAP_JUNCTION_TRAFFICKING_AND_REGULATION",0.355963302752294,0.684601621683353,0.0931454575337804,-0.344562425792743,-1.06095082729393,30
"298","REACTOME_GASTRIN_CREB_SIGNALLING_PATHWAY_VIA_PKC_AND_MAPK",0.0571056811277021,0.228062981794325,0.321775918075361,0.590681978623864,1.49842691806172,14
"299","REACTOME_GENERATION_OF_SECOND_MESSENGER_MOLECULES",0.0156500308165743,0.0935972810771894,0.352487857583619,-0.565751996050696,-1.61984247756203,23
"300","REACTOME_GENE_SILENCING_BY_RNA",0.639285714285714,0.894098757587986,0.0611692626746689,-0.277008371344579,-0.896515818956883,38
"301","REACTOME_GLI3_IS_PROCESSED_TO_GLI3R_BY_THE_PROTEASOME",0.000630152339442719,0.0081638876652692,0.477270815362862,-0.567624027163363,-1.84772922673463,39
"302","REACTOME_GLOBAL_GENOME_NUCLEOTIDE_EXCISION_REPAIR_GG_NER",0.0933098591549296,0.320666526049357,0.193813302725311,-0.351881301782339,-1.28510158882617,77
"303","REACTOME_GLUCAGON_LIKE_PEPTIDE_1_GLP1_REGULATES_INSULIN_SECRETION",0.566914498141264,0.858068497377353,0.0689567351672811,-0.309196377142339,-0.942202293319218,29
"304","REACTOME_GLUCAGON_TYPE_LIGAND_RECEPTORS",0.567717996289425,0.858068497377353,0.0687943095604775,-0.306331378480342,-0.931203751522409,28
"305","REACTOME_GLUCONEOGENESIS",0.0469043151969981,0.197001299132853,0.287857117255149,-0.56665411416706,-1.48939720372987,17
"306","REACTOME_GLUCOSE_METABOLISM",0.0483592400690846,0.201026975533818,0.271288554688953,-0.391537434744781,-1.37647002006666,60
"307","REACTOME_GLUCURONIDATION",0.174736842105263,0.46546279491833,0.152144922367565,0.510535356430567,1.27319627618487,13
"308","REACTOME_GLUTAMATE_AND_GLUTAMINE_METABOLISM",0.158490566037736,0.438467492260062,0.151148761385484,-0.542901709027493,-1.30740858106558,12
"309","REACTOME_GLUTAMATE_NEUROTRANSMITTER_RELEASE_CYCLE",0.909441233140655,0.999180331228151,0.0483117581055019,-0.238200945009987,-0.666660450536065,21
"310","REACTOME_GLUTATHIONE_CONJUGATION",0.955947136563877,0.999180331228151,0.0521630305460055,0.206555033412124,0.641253998429146,31
"311","REACTOME_GLUTATHIONE_SYNTHESIS_AND_RECYCLING",0.353813559322034,0.683302436440678,0.102080107662747,0.440899572526051,1.0773659011369,12
"312","REACTOME_GLYCEROPHOSPHOLIPID_BIOSYNTHESIS",0.388415672913118,0.71440739839377,0.0840745577910723,-0.268077713898479,-1.02972834149287,105
"313","REACTOME_GLYCOGEN_BREAKDOWN_GLYCOGENOLYSIS",0.0282660811403587,0.137655841699605,0.352487857583619,0.604744089307688,1.58078769273472,15
"314","REACTOME_GLYCOGEN_METABOLISM",0.0907172995780591,0.314962309771014,0.216542836735348,0.49547508590333,1.384736533977,19
"315","REACTOME_GLYCOSAMINOGLYCAN_METABOLISM",0.375609756097561,0.703414634146342,0.107140237276725,0.257682681497152,1.03117474761988,109
"316","REACTOME_GLYCOSPHINGOLIPID_BIOSYNTHESIS",0.50844277673546,0.821559081693356,0.0749278818393739,-0.373111852894116,-0.980689518500756,17
"317","REACTOME_GLYCOSPHINGOLIPID_CATABOLISM",0.624087591240876,0.888219640027628,0.0633597010643758,-0.29084100316919,-0.902835188301824,31
"318","REACTOME_GLYCOSPHINGOLIPID_METABOLISM",0.565905096660808,0.858068497377353,0.0662842187012672,-0.282955769428934,-0.953323265417374,48
"319","REACTOME_GLYOXYLATE_METABOLISM_AND_GLYCINE_DEGRADATION",0.44721689059501,0.777301455868018,0.0828962134571565,-0.401512791417922,-1.02907298272349,16
"320","REACTOME_GOLGI_ASSOCIATED_VESICLE_BIOGENESIS",0.365384615384615,0.696937321937322,0.107972360317345,0.302456028424508,1.04882909831304,52
"321","REACTOME_GOLGI_CISTERNAE_PERICENTRIOLAR_STACK_REORGANIZATION",0.943798449612403,0.999180331228151,0.0468819856878333,-0.26227749070565,-0.593551216219628,10
"322","REACTOME_GOLGI_TO_ER_RETROGRADE_TRANSPORT",0.260135135135135,0.590254146162507,0.107140237276725,-0.282306974519991,-1.10671147509501,119
"323","REACTOME_GPCR_LIGAND_BINDING",0.633689839572192,0.890053976545943,0.0819778796501272,0.211551300726727,0.948644538512232,247
"324","REACTOME_GPER1_SIGNALING",0.697318007662835,0.930091788638055,0.0603786357920401,-0.295300124811136,-0.852415925140202,24
"325","REACTOME_GPVI_MEDIATED_ACTIVATION_CASCADE",0.456521739130435,0.782247046532187,0.0886261133285098,0.321312799525328,1.00866223701569,32
"326","REACTOME_GRB2_EVENTS_IN_ERBB2_SIGNALING",0.00727747566142972,0.0573178777033509,0.407017918923954,0.728873011853258,1.7121615113997,10
"327","REACTOME_GRB2_SOS_PROVIDES_LINKAGE_TO_MAPK_SIGNALING_FOR_INTEGRINS",0.71455223880597,0.93557899064002,0.0579754757571486,-0.32925035613177,-0.820918531432443,14
"328","REACTOME_G_ALPHA_12_13_SIGNALLING_EVENTS",0.56,0.858068497377353,0.0817515582532145,0.255506850586279,0.938616940439368,67
"329","REACTOME_G_ALPHA_I_SIGNALLING_EVENTS",0.0644391408114559,0.24713409757398,0.276500599254472,0.278818831017111,1.21801905630312,198
"330","REACTOME_G_ALPHA_Q_SIGNALLING_EVENTS",0.08,0.291968503937008,0.245041785430996,0.287217463184294,1.23048936736212,159
"331","REACTOME_G_ALPHA_S_SIGNALLING_EVENTS",0.675115207373272,0.918989423252604,0.0709609456938284,0.23215997080442,0.894464500307249,84
"332","REACTOME_G_ALPHA_Z_SIGNALLING_EVENTS",0.566810344827586,0.858068497377353,0.0764767053228531,0.300984696447663,0.923872191417904,29
"333","REACTOME_G_BETA_GAMMA_SIGNALLING_THROUGH_CDC42",0.575984990619137,0.859803681648857,0.0686325631836726,-0.349327030019701,-0.918173341886675,17
"334","REACTOME_G_BETA_GAMMA_SIGNALLING_THROUGH_PI3KGAMMA",0.71264367816092,0.934399843925279,0.0593487680335629,-0.292443617166739,-0.829029073137391,22
"335","REACTOME_G_PROTEIN_ACTIVATION",0.51434034416826,0.823262849707222,0.0753093764172773,-0.364471741025714,-0.972182937054368,18
"336","REACTOME_G_PROTEIN_BETA_GAMMA_SIGNALLING",0.907063197026022,0.999180331228151,0.046788296531803,-0.231373283165744,-0.705054955773962,29
"337","REACTOME_G_PROTEIN_MEDIATED_EVENTS",0.0162881465345888,0.0967891784459219,0.352487857583619,0.466279972870701,1.51915050061333,39
"338","REACTOME_HATS_ACETYLATE_HISTONES",0.501160092807425,0.820804604297672,0.0870515867946735,0.27564794101943,0.972094574799148,54
"339","REACTOME_HDACS_DEACETYLATE_HISTONES",0.599309153713299,0.874896985027131,0.0626618230932491,-0.263982249374283,-0.932004433854309,62
"340","REACTOME_HDMS_DEMETHYLATE_HISTONES",0.11283185840708,0.353361934943793,0.197822021315103,0.404798333037286,1.30167559184945,36
"341","REACTOME_HDR_THROUGH_HOMOLOGOUS_RECOMBINATION_HRR",0.928819444444444,0.999180331228151,0.0425877779273254,-0.211695355988463,-0.732404562917866,55
"342","REACTOME_HDR_THROUGH_MMEJ_ALT_NHEJ",0.533718689788054,0.835738556475551,0.0738052724171275,-0.409289096155521,-0.951496502356614,11
"343","REACTOME_HDR_THROUGH_SINGLE_STRAND_ANNEALING_SSA",0.608378870673953,0.878453602982483,0.0645031249656493,-0.284165730801536,-0.90399450623849,35
"344","REACTOME_HEDGEHOG_LIGAND_BIOGENESIS",1.37000503643827e-06,5.60149934997736e-05,0.643551836150722,-0.656193268868308,-2.1789174266275,44
"345","REACTOME_HEDGEHOG_OFF_STATE",0.27689594356261,0.605428739825095,0.105920292736253,-0.297603773417129,-1.09524550071702,81
"346","REACTOME_HEDGEHOG_ON_STATE",0.0305392467942143,0.145534526418989,0.352487857583619,-0.415028159912659,-1.46562418136472,63
"347","REACTOME_HEME_BIOSYNTHESIS",0.658490566037736,0.906947490646368,0.0623861492893626,-0.359264041908682,-0.865174825294077,12
"348","REACTOME_HEME_DEGRADATION",0.956521739130435,0.999180331228151,0.0492917662312669,0.237845280022428,0.571586334681091,11
"349","REACTOME_HEME_SIGNALING",0.547325102880658,0.848445435401957,0.0758886900606117,0.400103604545484,0.939864669338285,10
"350","REACTOME_HEMOSTASIS",0.976119402985075,0.999180331228151,0.0655321029282414,0.176767266641921,0.838342527526451,461
"351","REACTOME_HEPARAN_SULFATE_HEPARIN_HS_GAG_METABOLISM",0.158508158508158,0.438467492260062,0.169570644405628,0.348411139121011,1.19991031413563,50
"352","REACTOME_HIGH_LAMINAR_FLOW_SHEAR_STRESS_ACTIVATES_SIGNALING_BY_PIEZO1_AND_PECAM1_CDH5_KDR_IN_ENDOTHELIAL_CELLS",0.990942028985507,0.999180331228151,0.0415717899246479,-0.185913808934119,-0.609483279077622,41
"353","REACTOME_HOMOLOGOUS_DNA_PAIRING_AND_STRAND_EXCHANGE",0.620390455531453,0.888219640027628,0.0721797965581253,0.30231299768441,0.8975622994288,26
"354","REACTOME_HOMOLOGY_DIRECTED_REPAIR",0.279661016949153,0.605428739825095,0.102821842840815,-0.27966353597835,-1.09367107402502,118
"355","REACTOME_HSF1_DEPENDENT_TRANSACTIVATION",0.890151515151515,0.999180331228151,0.048505983646947,-0.248432742365936,-0.675117511434745,19
"356","REACTOME_HSP90_CHAPERONE_CYCLE_FOR_STEROID_HORMONE_RECEPTORS_SHR_IN_THE_PRESENCE_OF_LIGAND",0.876811594202899,0.999180331228151,0.0471642455670861,-0.230824536010621,-0.756714608268701,41
"357","REACTOME_HS_GAG_BIOSYNTHESIS",0.106609808102345,0.345549972415644,0.199915231309662,0.440516355757895,1.32449116003718,27
"358","REACTOME_HS_GAG_DEGRADATION",0.229813664596273,0.554784549689441,0.129442887745046,0.409004872370016,1.17846242851583,21
"359","REACTOME_HYALURONAN_METABOLISM",0.305613305613306,0.626527992531435,0.110122263835536,0.421810936494725,1.12204909834026,16
"360","REACTOME_HYALURONAN_UPTAKE_AND_DEGRADATION",0.569915254237288,0.858068497377353,0.0753093764172773,0.379035468348813,0.926197062475802,12
"361","REACTOME_IKK_COMPLEX_RECRUITMENT_MEDIATED_BY_RIP1",0.936974789915966,0.999180331228151,0.0509082865515105,0.232039225065905,0.656828767173309,20
"362","REACTOME_IL_6_TYPE_CYTOKINE_RECEPTOR_LIGAND_INTERACTIONS",0.958955223880597,0.999180331228151,0.0444181153081573,-0.233149390806974,-0.581310397820893,14
"363","REACTOME_IMMUNOREGULATORY_INTERACTIONS_BETWEEN_A_LYMPHOID_AND_A_NON_LYMPHOID_CELL",0.686725663716814,0.925282980037045,0.0573667426768556,-0.243783383272611,-0.885526128143721,75
"364","REACTOME_INACTIVATION_OF_CSF3_G_CSF_SIGNALING",0.0249815877677956,0.127241383850256,0.352487857583619,-0.669429183450779,-1.61211034024384,12
"365","REACTOME_INCRETIN_SYNTHESIS_SECRETION_AND_INACTIVATION",0.965116279069767,0.999180331228151,0.0458620343117985,-0.249933975225807,-0.565617028631609,10
"366","REACTOME_INFLAMMASOMES",0.82618025751073,0.988942396313364,0.0577308549299813,0.291304982475022,0.738975020235088,14
"367","REACTOME_INHIBITION_OF_DNA_RECOMBINATION_AT_TELOMERE",0.369642857142857,0.699547647121878,0.0894366833718621,-0.32645579278238,-1.05654851150852,38
"368","REACTOME_INHIBITION_OF_THE_PROTEOLYTIC_ACTIVITY_OF_APC_C_REQUIRED_FOR_THE_ONSET_OF_ANAPHASE_BY_MITOTIC_SPINDLE_CHECKPOINT_COMPONENTS",0.0214754612941178,0.115742747788646,0.352487857583619,-0.553705848559405,-1.54967391271093,21
"369","REACTOME_INITIAL_TRIGGERING_OF_COMPLEMENT",0.822641509433962,0.986531279748102,0.0519512476197082,-0.299850956479421,-0.72209703344674,12
"370","REACTOME_INITIATION_OF_NUCLEAR_ENVELOPE_NE_REFORMATION",0.0469043151969981,0.197001299132853,0.287857117255149,-0.567737887306498,-1.49224579980109,17
"371","REACTOME_INOSITOL_PHOSPHATE_METABOLISM",0.79498861047836,0.973519738326869,0.0623861492893626,0.241127953992948,0.809952968965138,44
"372","REACTOME_INSERTION_OF_TAIL_ANCHORED_PROTEINS_INTO_THE_ENDOPLASMIC_RETICULUM_MEMBRANE",0.69980879541109,0.932072921474253,0.0601186142531851,-0.332095346478492,-0.839016459071851,15
"373","REACTOME_INSULIN_PROCESSING",0.882716049382716,0.999180331228151,0.0526973085708419,0.288857095489761,0.678540696595097,10
"374","REACTOME_INSULIN_RECEPTOR_RECYCLING",0.193486590038314,0.495475328634025,0.136490437780413,-0.42476953040651,-1.22614344462065,24
"375","REACTOME_INSULIN_RECEPTOR_SIGNALLING_CASCADE",0.585683297180043,0.865914539849921,0.0751181635276301,0.292526085533012,0.926870180875694,33
"376","REACTOME_INTEGRATION_OF_ENERGY_METABOLISM",0.294663573085847,0.61902246496701,0.119887845115423,0.29219013625965,1.0810128684105,69
"377","REACTOME_INTEGRIN_CELL_SURFACE_INTERACTIONS",2.04684933703045e-06,7.02751605713789e-05,0.627256739718528,0.561192330659683,2.07623754471063,69
"378","REACTOME_INTEGRIN_SIGNALING",0.818853974121996,0.986531279748102,0.051218434854034,-0.259034301354233,-0.773450213683968,26
"379","REACTOME_INTERCONVERSION_OF_NUCLEOTIDE_DI_AND_TRIPHOSPHATES",0.0574712643678161,0.228062981794325,0.261663521711573,-0.511717657753864,-1.45063455180096,22
"380","REACTOME_INTERFERON_ALPHA_BETA_SIGNALING",0.0998080614203455,0.330435974773787,0.195789002148949,-0.543250096612843,-1.39234417740956,16
"381","REACTOME_INTERFERON_GAMMA_SIGNALING",0.0167343863240416,0.0981821273568768,0.352487857583619,-0.598275864562637,-1.59582629243733,18
"382","REACTOME_INTERFERON_SIGNALING",0.499153976311337,0.820417971703208,0.070619624712259,-0.254622122437902,-0.984354487523824,107
"383","REACTOME_INTERLEUKIN_12_FAMILY_SIGNALING",0.190987124463519,0.493500948766603,0.14641623786055,0.491927877564567,1.2479100432436,14
"384","REACTOME_INTERLEUKIN_15_SIGNALING",0.592592592592593,0.873753568158159,0.0718276293603809,0.38466279189084,0.903593378314908,10
"385","REACTOME_INTERLEUKIN_17_SIGNALING",0.985915492957746,0.999180331228151,0.0536769600638126,0.181967524152151,0.642177261502018,55
"386","REACTOME_INTERLEUKIN_1_FAMILY_SIGNALING",0.00360155174625241,0.0355174305188934,0.431707695803346,-0.408402711254011,-1.55283497614996,97
"387","REACTOME_INTERLEUKIN_1_SIGNALING",0.000712482778313257,0.0089764979217674,0.477270815362862,-0.460254259974977,-1.712379519961,85
"388","REACTOME_INTERLEUKIN_20_FAMILY_SIGNALING",0.63135593220339,0.890053976545943,0.070113215764256,0.360621960239521,0.881202494566378,12
"389","REACTOME_INTERLEUKIN_2_FAMILY_SIGNALING",0.600431965442765,0.87515791189535,0.0736212741014394,0.299292088540882,0.908606568228557,28
"390","REACTOME_INTERLEUKIN_3_INTERLEUKIN_5_AND_GM_CSF_SIGNALING",0.350109409190372,0.681738083981605,0.104732821580651,0.349787559158952,1.08168149097781,30
"391","REACTOME_INTERLEUKIN_4_AND_INTERLEUKIN_13_SIGNALING",0.759152215799615,0.954691322901849,0.0566484183613995,-0.332016367419521,-0.771856409790068,11
"392","REACTOME_INTERLEUKIN_6_FAMILY_SIGNALING",0.460227272727273,0.784301266717408,0.0806388495950661,-0.371112410705813,-1.00850026768698,19
"393","REACTOME_INTERLEUKIN_7_SIGNALING",0.734864300626305,0.946559233449477,0.0619762736001998,0.312693193237315,0.817373100805901,15
"394","REACTOME_INTERLEUKIN_RECEPTOR_SHC_SIGNALING",0.32409381663113,0.64696287279367,0.107972360317345,0.414456460803165,1.12354227631778,17
"395","REACTOME_INTRACELLULAR_SIGNALING_BY_SECOND_MESSENGERS",0.954248366013072,0.999180331228151,0.0385579101998489,-0.18738573609714,-0.790438555029354,215
"396","REACTOME_INTRAFLAGELLAR_TRANSPORT",0.664298401420959,0.910929021223665,0.0590954798717342,-0.266591194206807,-0.885227304822026,44
"397","REACTOME_INTRA_GOLGI_AND_RETROGRADE_GOLGI_TO_ER_TRAFFIC",0.738907849829352,0.947396371772903,0.0522693317499306,-0.21511385235687,-0.884488061126082,176
"398","REACTOME_INTRA_GOLGI_TRAFFIC",0.840449438202247,0.998841832324978,0.0590954798717342,0.242041847439649,0.778316121286344,37
"399","REACTOME_INTRINSIC_PATHWAY_FOR_APOPTOSIS",0.614545454545455,0.884601919819311,0.0639271933359996,-0.285005418584935,-0.911769233465689,36
"400","REACTOME_INTRINSIC_PATHWAY_OF_FIBRIN_CLOT_FORMATION",0.117647058823529,0.364745229195357,0.178219874951973,-0.554306742452524,-1.35521889913568,13
"401","REACTOME_INWARDLY_RECTIFYING_K_CHANNELS",0.948827292110874,0.999180331228151,0.051011413203915,0.213787150321739,0.642789279057565,27
"402","REACTOME_IONOTROPIC_ACTIVITY_OF_KAINATE_RECEPTORS",0.466037735849057,0.791239892183288,0.0797705918628453,-0.417966553838144,-1.00654142361288,12
"403","REACTOME_ION_CHANNEL_TRANSPORT",0.0286597383473826,0.137655841699605,0.352487857583619,0.310199317598916,1.29952492724079,139
"404","REACTOME_ION_HOMEOSTASIS",0.162844036697248,0.439215066924626,0.165656695205483,0.348735695098543,1.19743569930761,49
"405","REACTOME_ION_TRANSPORT_BY_P_TYPE_ATPASES",0.2,0.497050938337802,0.14641623786055,0.339339514798923,1.16379469584318,47
"406","REACTOME_IRAK1_RECRUITS_IKK_COMPLEX",0.786749482401656,0.969795769122363,0.0583452776743612,0.320664402673954,0.770616051619034,11
"407","REACTOME_IRON_UPTAKE_AND_TRANSPORT",0.481081081081081,0.803535427319211,0.0756946307932749,-0.297520504557176,-0.989937365635291,45
"408","REACTOME_IRS_MEDIATED_SIGNALLING",0.39524838012959,0.724101281383655,0.0965629554309422,0.341326102830162,1.03621562618412,28
"409","REACTOME_ISG15_ANTIVIRAL_MECHANISM",0.125813449023861,0.38003413859674,0.184706471207739,0.440093358842003,1.30662991717588,26
"410","REACTOME_JNK_C_JUN_KINASES_PHOSPHORYLATION_AND_ACTIVATION_MEDIATED_BY_ACTIVATED_HUMAN_TAK1",0.69620253164557,0.929941998321964,0.0650877566917313,0.303846056009981,0.849178387435472,19
"411","REACTOME_KEAP1_NFE2L2_PATHWAY",0.018161202993821,0.102032940456194,0.352487857583619,-0.417576399613454,-1.46071558322154,57
"412","REACTOME_KERATAN_SULFATE_BIOSYNTHESIS",0.708812260536398,0.933801609017029,0.0596037042575973,-0.293257997254241,-0.831337705398422,22
"413","REACTOME_KERATAN_SULFATE_DEGRADATION",0.998073217726397,0.999180331228151,0.0440640346597561,-0.178635672000184,-0.415284010008693,11
"414","REACTOME_KERATAN_SULFATE_KERATIN_METABOLISM",0.855018587360595,0.999180331228151,0.0494904866135495,-0.247722340678748,-0.754874813382669,29
"415","REACTOME_KERATINIZATION",0.624724061810154,0.888219640027628,0.0727141077934447,0.280771573186513,0.902668864212657,35
"416","REACTOME_KINESINS",0.887521968365554,0.999180331228151,0.0452247443372884,-0.223563499146781,-0.753221202963569,48
"417","REACTOME_KSRP_KHSRP_BINDS_AND_DESTABILIZES_MRNA",0.134724857685009,0.395221338841784,0.165656695205483,-0.544690291880644,-1.33170773724731,13
"418","REACTOME_L1CAM_INTERACTIONS",0.997619047619048,0.999180331228151,0.05378728077603,0.163765856173366,0.582023500729721,58
"419","REACTOME_LAGGING_STRAND_SYNTHESIS",0.0460185128929416,0.196585997473534,0.321775918075361,-0.537852637915109,-1.48203371674941,20
"420","REACTOME_LAMININ_INTERACTIONS",0.0176469204865863,0.100806194096938,0.352487857583619,0.632041227570746,1.65214180925452,15
"421","REACTOME_LDL_CLEARANCE",0.177453027139875,0.471343713921673,0.150169802128406,0.454220127157376,1.26137703448296,18
"422","REACTOME_LGI_ADAM_INTERACTIONS",0.946169772256729,0.999180331228151,0.0497903187820785,0.248666250952678,0.597591135411755,11
"423","REACTOME_LYSINE_CATABOLISM",0.135802469135802,0.397125832457063,0.172324344900946,0.574976149608319,1.35064958823082,10
"424","REACTOME_LYSOSOME_VESICLE_BIOGENESIS",0.85,0.999180331228151,0.0570059526582387,0.238632166883275,0.749111942094955,32
"425","REACTOME_LYSOSPHINGOLIPID_AND_LPA_RECEPTORS",0.92,0.999180331228151,0.0518457624865066,0.261094542360861,0.651129436735202,13
"426","REACTOME_MACROAUTOPHAGY",0.493174061433447,0.813473941190045,0.0716527366829457,-0.251623981999438,-0.976842303811829,114
"427","REACTOME_MAJOR_PATHWAY_OF_RRNA_PROCESSING_IN_THE_NUCLEOLUS_AND_CYTOSOL",1.43175886167991e-17,1.32724046477727e-14,1.07686819261983,-0.618320953233962,-2.51243494147036,160
"428","REACTOME_MAP2K_AND_MAPK_ACTIVATION",0.532584269662921,0.835738556475551,0.0819778796501272,0.296673976698883,0.95399263091662,37
"429","REACTOME_MAP3K8_TPL2_DEPENDENT_MAPK1_3_ACTIVATION",0.726337448559671,0.942900071252285,0.0618406035753285,0.340739644003858,0.800415565378205,10
"430","REACTOME_MAPK6_MAPK4_SIGNALING",0.00625899815510968,0.0527462844526061,0.407017918923954,-0.467487314874325,-1.60772058235226,54
"431","REACTOME_MAPK_FAMILY_SIGNALING_CASCADES",0.916139240506329,0.999180331228151,0.0389556479965885,-0.191216731953073,-0.820720255851275,246
"432","REACTOME_MAPK_TARGETS_NUCLEAR_EVENTS_MEDIATED_BY_MAP_KINASES",0.862708719851577,0.999180331228151,0.0489954089862481,-0.245253682678103,-0.745536257230637,28
"433","REACTOME_MATURATION_OF_TCA_ENZYMES_AND_REGULATION_OF_TCA_CYCLE",0.0336340461825381,0.155118212991109,0.321775918075361,-0.563417251666684,-1.50284528773322,18
"434","REACTOME_METABOLISM_OF_AMINO_ACIDS_AND_DERIVATIVES",1.07620646896659e-09,3.32547798910676e-07,0.788186810800237,-0.498220238255144,-2.07562784672991,192
"435","REACTOME_METABOLISM_OF_ANGIOTENSINOGEN_TO_ANGIOTENSINS",0.252408477842004,0.579164997424598,0.11776578836269,-0.514906611693271,-1.19703125411452,11
"436","REACTOME_METABOLISM_OF_CARBOHYDRATES_AND_CARBOHYDRATE_DERIVATIVES",0.717219589257504,0.936530575860225,0.0500922874402106,-0.212062196734323,-0.903314537467883,229
"437","REACTOME_METABOLISM_OF_COFACTORS",0.239463601532567,0.564841624989032,0.120985142145252,-0.407416119420468,-1.17605093656815,24
"438","REACTOME_METABOLISM_OF_FAT_SOLUBLE_VITAMINS",0.646799116997792,0.902986116652039,0.0709609456938284,0.275886276209592,0.88696283876481,35
"439","REACTOME_METABOLISM_OF_FOLATE_AND_PTERINES",0.110898661567878,0.353212455656287,0.184706471207739,-0.542797627948486,-1.37134153978105,15
"440","REACTOME_METABOLISM_OF_NITRIC_OXIDE_NOS3_ACTIVATION_AND_REGULATION",0.91395793499044,0.999180331228151,0.0477342401407188,-0.260368664103533,-0.657803841354224,15
"441","REACTOME_METABOLISM_OF_NUCLEOTIDES",0.00138737277090293,0.0151305242191413,0.45505986738723,-0.447358625403545,-1.6459576027436,82
"442","REACTOME_METABOLISM_OF_POLYAMINES",1.28363177843848e-07,7.43704161632793e-06,0.690132458796796,-0.694704574413823,-2.27745762636708,41
"443","REACTOME_METABOLISM_OF_PORPHYRINS",0.890595009596929,0.999180331228151,0.0490939668192139,-0.244112550614472,-0.69893501313586,23
"444","REACTOME_METABOLISM_OF_STEROIDS",0.835106382978723,0.997102240345484,0.0484087618816951,-0.218022733910412,-0.816294946998903,90
"445","REACTOME_METABOLISM_OF_STEROID_HORMONES",0.529080675422139,0.835738556475551,0.0728938564822936,-0.320528145128652,-0.946295605254619,25
"446","REACTOME_METABOLISM_OF_VITAMINS_AND_COFACTORS",0.508710801393728,0.821559081693356,0.0711327399327894,-0.24311489691583,-0.980565563418138,156
"447","REACTOME_METABOLISM_OF_WATER_SOLUBLE_VITAMINS_AND_COFACTORS",0.438898450946644,0.767658234014224,0.0780892306943345,-0.26429957547275,-1.00492385007799,97
"448","REACTOME_METALLOPROTEASE_DUBS",0.249520153550864,0.577696070794254,0.118287526124085,-0.407092443789153,-1.16557367423784,23
"449","REACTOME_METAL_ION_SLC_TRANSPORTERS",0.659090909090909,0.906947490646368,0.0625237414724762,-0.316947003029514,-0.861305437858922,19
"450","REACTOME_METHYLATION",0.0944123314065511,0.320666526049357,0.20207170902116,-0.605186060839544,-1.40690877321833,11
"451","REACTOME_MET_ACTIVATES_PTK2_SIGNALING",0.00133022792856041,0.0146800153544703,0.45505986738723,0.672341143518953,1.86710281440034,18
"452","REACTOME_MET_ACTIVATES_RAP1_AND_RAC1",0.322981366459627,0.64696287279367,0.106323255932708,0.46498632477968,1.11744840609234,11
"453","REACTOME_MET_PROMOTES_CELL_MOTILITY",0.000634088362351006,0.0081638876652692,0.477270815362862,0.614457741982129,1.88607735648593,29
"454","REACTOME_MET_RECEPTOR_RECYCLING",0.160493827160494,0.438467492260062,0.157402899305283,0.556539831156587,1.30734169460377,10
"455","REACTOME_MHC_CLASS_II_ANTIGEN_PRESENTATION",0.160472972972973,0.438467492260062,0.141225119642531,-0.300050411840507,-1.17627003178186,119
"456","REACTOME_MISCELLANEOUS_SUBSTRATES",0.476091476091476,0.800974225656621,0.0838361057159929,0.373587932143617,0.993772247576114,16
"457","REACTOME_MISCELLANEOUS_TRANSPORT_AND_BINDING_EVENTS",0.926782273603083,0.999180331228151,0.0474483193656297,-0.227546804687326,-0.636842374091061,21
"458","REACTOME_MISMATCH_REPAIR",0.468451242829828,0.793883550462981,0.0802023444698144,-0.39331605185607,-0.993686435608553,15
"459","REACTOME_MISMATCH_REPAIR_MMR_DIRECTED_BY_MSH2_MSH3_MUTSBETA",0.290697674418605,0.615771493642057,0.108820126769161,-0.511413951924674,-1.15736341818691,10
"460","REACTOME_MITF_M_DEPENDENT_GENE_EXPRESSION",0.963531669865643,0.999180331228151,0.0454967810085007,-0.227562125794447,-0.583239290382759,16
"461","REACTOME_MITF_M_REGULATED_MELANOCYTE_DEVELOPMENT",0.75133214920071,0.952661251941613,0.053347785067549,-0.253833565184269,-0.842865059553042,44
"462","REACTOME_MITOCHONDRIAL_BIOGENESIS",0.180112570356473,0.475681916582479,0.140406238523342,-0.405615861904797,-1.21604568569709,27
"463","REACTOME_MITOCHONDRIAL_CALCIUM_ION_TRANSPORT",0.75422138836773,0.952661251941613,0.0557104226766671,-0.301912463507125,-0.793548599889168,17
"464","REACTOME_MITOCHONDRIAL_FATTY_ACID_BETA_OXIDATION",0.277372262773723,0.605428739825095,0.107972360317345,-0.36240462579797,-1.12498459642372,31
"465","REACTOME_MITOCHONDRIAL_IRON_SULFUR_CLUSTER_BIOGENESIS",0.0732177263969171,0.273680775685251,0.231126709673834,-0.620506192394487,-1.44252431178775,11
"466","REACTOME_MITOCHONDRIAL_PROTEIN_DEGRADATION",0.00288822841207639,0.0293920361840749,0.431707695803346,-0.451360577671758,-1.64887755523105,76
"467","REACTOME_MITOCHONDRIAL_PROTEIN_IMPORT",0.112403100775194,0.353212455656287,0.184706471207739,-0.601054305016989,-1.36022543450844,10
"468","REACTOME_MITOCHONDRIAL_TRANSLATION",4.4964442928631e-09,6.9470064324735e-07,0.761460801445585,-0.608018111715032,-2.26568077923415,87
"469","REACTOME_MITOPHAGY",0.760147601476015,0.954691322901849,0.0545680646670941,-0.264590904090355,-0.823549401866582,32
"470","REACTOME_MITOTIC_G1_PHASE_AND_G1_S_TRANSITION",1.74060804638987e-07,9.49143328825535e-06,0.690132458796796,-0.527050931202278,-2.04666821678474,112
"471","REACTOME_MITOTIC_G2_G2_M_PHASES",0.0242086913740986,0.125034628088073,0.352487857583619,-0.327733259975014,-1.33168460414708,160
"472","REACTOME_MITOTIC_METAPHASE_AND_ANAPHASE",0.000192303233609328,0.00334386870469448,0.518848077743792,-0.388988261949317,-1.61887487892689,195
"473","REACTOME_MITOTIC_PROMETAPHASE",0.246621621621622,0.57586459255225,0.110564716336619,-0.265110804791319,-1.09598609912943,182
"474","REACTOME_MITOTIC_PROPHASE",0.14974182444062,0.423203266025776,0.148261500475107,-0.31361641116015,-1.19285524266615,96
"475","REACTOME_MITOTIC_SPINDLE_CHECKPOINT",0.0645161290322581,0.24713409757398,0.231126709673834,-0.340267124130343,-1.3161761124948,108
"476","REACTOME_MITOTIC_TELOPHASE_CYTOKINESIS",0.665263157894737,0.910929021223665,0.0672065093710464,0.340040698329872,0.848008948668722,13
"477","REACTOME_MODULATION_OF_HOST_RESPONSES_BY_IFN_STIMULATED_GENES",0.117283950617284,0.364745229195357,0.186432558434075,0.587413000209432,1.37986441245391,10
"478","REACTOME_MOLECULES_ASSOCIATED_WITH_ELASTIC_FIBRES",0.00570693959848508,0.0485351652091346,0.407017918923954,0.554002922741882,1.70051135598007,29
"479","REACTOME_MRNA_CAPPING",0.00539380825078599,0.0471976084419144,0.407017918923954,-0.5673245462404,-1.72458580120192,28
"480","REACTOME_MRNA_DECAY_BY_3_TO_5_EXORIBONUCLEASE",0.179732313575526,0.475681916582479,0.142056643575821,-0.495932405675395,-1.25293972156187,15
"481","REACTOME_MRNA_DECAY_BY_5_TO_3_EXORIBONUCLEASE",0.261194029850746,0.590254146162507,0.11331290842208,-0.473846586020184,-1.1814397046978,14
"482","REACTOME_MRNA_SPLICING",0.367622259696459,0.699547647121878,0.0865399737444125,-0.249297227261539,-1.03384463766745,187
"483","REACTOME_MRNA_SPLICING_MINOR_PATHWAY",0.0103569175942066,0.0731844698457643,0.380730400722792,-0.457436121218185,-1.53224459805836,47
"484","REACTOME_MTORC1_MEDIATED_SIGNALLING",0.291187739463602,0.615771493642057,0.107972360317345,-0.387042226012475,-1.11723947751716,24
"485","REACTOME_MTOR_SIGNALLING",0.891304347826087,0.999180331228151,0.0464154956843849,-0.228350584817456,-0.748604226935905,41
"486","REACTOME_MUSCLE_CONTRACTION",0.182044887780549,0.479419349353888,0.163180127180689,0.274603532226859,1.13635957602989,130
"487","REACTOME_MYD88_MAL_TIRAP_CASCADE_INITIATED_ON_PLASMA_MEMBRANE",0.236521739130435,0.560756143667297,0.115240003147781,-0.306431261467765,-1.12735097017606,80
"488","REACTOME_MYOGENESIS",0.0342126514070442,0.157005583437277,0.321775918075361,0.539681161213574,1.49870378258698,18
"489","REACTOME_M_PHASE",0.00506585757590019,0.0464955442857374,0.407017918923954,-0.309625205607326,-1.36544848803504,335
"490","REACTOME_NA_CL_DEPENDENT_NEUROTRANSMITTER_TRANSPORTERS",0.709745762711864,0.933801609017029,0.0643583367917361,0.340449381746117,0.831909527276153,12
"491","REACTOME_NCAM1_INTERACTIONS",0.000296130752157634,0.00473298633189873,0.49849310876659,0.716379016149781,1.98939673724266,18
"492","REACTOME_NCAM_SIGNALING_FOR_NEURITE_OUT_GROWTH",0.000198607939138751,0.00334744653784768,0.518848077743792,0.614089465806372,1.95114740174764,34
"493","REACTOME_NEDDYLATION",0.00058845537316625,0.00802203133713403,0.477270815362862,-0.371635942196428,-1.54118772288304,187
"494","REACTOME_NEGATIVE_REGULATION_OF_FGFR2_SIGNALING",0.426160337552743,0.753913421586627,0.0908241419007155,0.363963902943681,1.01719365472456,19
"495","REACTOME_NEGATIVE_REGULATION_OF_FGFR3_SIGNALING",0.663883089770355,0.910929021223665,0.0668966276500666,0.311420948218355,0.864821280813559,18
"496","REACTOME_NEGATIVE_REGULATION_OF_FGFR4_SIGNALING",0.581749049429658,0.863401247401247,0.0687943095604775,-0.336368096047532,-0.926850264253845,20
"497","REACTOME_NEGATIVE_REGULATION_OF_MAPK_PATHWAY",0.0156008628297215,0.0935972810771894,0.380730400722792,-0.477710216266067,-1.55504186973131,39
"498","REACTOME_NEGATIVE_REGULATION_OF_MET_ACTIVITY",0.362473347547974,0.694241308216885,0.100990587455923,0.394766501232608,1.07016513278469,17
"499","REACTOME_NEGATIVE_REGULATION_OF_THE_PI3K_AKT_NETWORK",0.323040380047506,0.64696287279367,0.115240003147781,0.268906643717424,1.06246727611867,97
"500","REACTOME_NEGATIVE_REGULATORS_OF_DDX58_IFIH1_SIGNALING",0.527938342967245,0.835738556475551,0.0743625384422526,-0.412975475688962,-0.960066428272977,11
"501","REACTOME_NERVOUS_SYSTEM_DEVELOPMENT",0.00808872896284297,0.060961396329719,0.380730400722792,0.308001646305152,1.35932054400831,231
"502","REACTOME_NETRIN_1_SIGNALING",0.924210526315789,0.999180331228151,0.05163559644842,0.260466472416245,0.649563127360942,13
"503","REACTOME_NEUREXINS_AND_NEUROLIGINS",0.570194384449244,0.858068497377353,0.0762797180809272,0.304799676561299,0.925326791856403,28
"504","REACTOME_NEURONAL_SYSTEM",0.0727762803234501,0.273132031821208,0.276500599254472,0.264725189686551,1.19530096402148,266
"505","REACTOME_NEUROTRANSMITTER_RECEPTORS_AND_POSTSYNAPTIC_SIGNAL_TRANSMISSION",0.139303482587065,0.40228762728414,0.188204146308491,0.299102360152316,1.19573068522957,110
"506","REACTOME_NEUROTRANSMITTER_RELEASE_CYCLE",0.937915742793792,0.999180331228151,0.053347785067549,0.212443216563984,0.71037568897584,42
"507","REACTOME_NEUTROPHIL_DEGRANULATION",0.0377073906485671,0.168863532034888,0.287857117255149,-0.274430927456261,-1.23078310937662,398
"508","REACTOME_NF_KB_IS_ACTIVATED_AND_SIGNALS_SURVIVAL",0.122093023255814,0.376014061654949,0.176694268938498,-0.593792846348418,-1.34379227582348,10
"509","REACTOME_NICOTINATE_METABOLISM",0.605042016806723,0.878453602982483,0.0718276293603809,0.316429870812059,0.895711670659401,20
"510","REACTOME_NITRIC_OXIDE_STIMULATES_GUANYLATE_CYCLASE",0.515094339622642,0.823262849707222,0.0745500777420554,-0.401527824882185,-0.966953898023157,12
"511","REACTOME_NOD1_2_SIGNALING_PATHWAY",0.939524838012959,0.999180331228151,0.0520570030732099,0.219467391337578,0.666270579531447,28
"512","REACTOME_NONHOMOLOGOUS_END_JOINING_NHEJ",0.483568075117371,0.806236700780221,0.0897104652742981,0.27519883216466,0.978358301400347,56
"513","REACTOME_NONSENSE_MEDIATED_DECAY_NMD",7.48036835457349e-08,5.33407804976125e-06,0.704975715167238,-0.554430700015798,-2.11209553128401,100
"514","REACTOME_NONSENSE_MEDIATED_DECAY_NMD_INDEPENDENT_OF_THE_EXON_JUNCTION_COMPLEX_EJC",5.67296312920915e-09,7.51262402968127e-07,0.761460801445585,-0.612025401046997,-2.25238429985133,81
"515","REACTOME_NON_INTEGRIN_MEMBRANE_ECM_INTERACTIONS",0.000363881538258789,0.00550824964933348,0.49849310876659,0.526325411829931,1.8389284416692,53
"516","REACTOME_NOREPINEPHRINE_NEUROTRANSMITTER_RELEASE_CYCLE",0.582120582120582,0.863401247401247,0.0732558655828455,0.340147647240802,0.904818552265955,16
"517","REACTOME_NOTCH_HLH_TRANSCRIPTION_PATHWAY",0.505703422053232,0.821559081693356,0.0758886900606117,-0.355868794657152,-0.980583742166406,20
"518","REACTOME_NR1H2_AND_NR1H3_MEDIATED_SIGNALING",0.822641509433962,0.986531279748102,0.0519512476197082,-0.300836104271223,-0.724469453085881,12
"519","REACTOME_NRAGE_SIGNALS_DEATH_THROUGH_JNK",0.196868008948546,0.495822497648426,0.147331213699377,0.342847135393358,1.17103394801236,46
"520","REACTOME_NRIF_SIGNALS_CELL_DEATH_FROM_THE_NUCLEUS",0.915221579961464,0.999180331228151,0.0480220415968251,-0.273310345917432,-0.635379345897594,11
"521","REACTOME_NUCLEAR_ENVELOPE_BREAKDOWN",0.246428571428571,0.57586459255225,0.114266502484433,-0.347283910634402,-1.15115734997533,43
"522","REACTOME_NUCLEAR_ENVELOPE_NE_REASSEMBLY",0.00518743881891196,0.0471446645601116,0.407017918923954,-0.454193512015699,-1.58880516574595,57
"523","REACTOME_NUCLEAR_EVENTS_KINASE_AND_TRANSCRIPTION_FACTOR_ACTIVATION",0.962476547842402,0.999180331228151,0.0445070537769277,-0.207711932831955,-0.622725153306226,27
"524","REACTOME_NUCLEAR_EVENTS_MEDIATED_BY_NFE2L2",0.00683332679494363,0.0555657363062522,0.407017918923954,-0.503809741507437,-1.64000102100856,39
"525","REACTOME_NUCLEAR_PORE_COMPLEX_NPC_DISASSEMBLY",0.546468401486989,0.848445435401957,0.0707899094502623,-0.312383111875741,-0.951913108179864,29
"526","REACTOME_NUCLEAR_RECEPTOR_TRANSCRIPTION_PATHWAY",0.922902494331066,0.999180331228151,0.0551351763385257,0.224585838250407,0.73170564566233,39
"527","REACTOME_NUCLEAR_RNA_DECAY",0.551724137931034,0.849581853591477,0.0778840111977068,0.304513679745786,0.934704401731564,29
"528","REACTOME_NUCLEOTIDE_BINDING_DOMAIN_LEUCINE_RICH_REPEAT_CONTAINING_RECEPTOR_NLR_SIGNALING_PATHWAYS",0.767184035476718,0.957173083293295,0.0628003977812234,0.245705386421888,0.821598994722216,42
"529","REACTOME_NUCLEOTIDE_BIOSYNTHESIS",0.191650853889943,0.493500948766603,0.136490437780413,-0.513708231243718,-1.25596001330017,13
"530","REACTOME_NUCLEOTIDE_CATABOLISM",0.0605504587155963,0.236058059587471,0.248911114434702,-0.460850307949166,-1.41901576863006,30
"531","REACTOME_NUCLEOTIDE_EXCISION_REPAIR",0.0131482139222141,0.0840578917647754,0.380730400722792,-0.38659822204663,-1.47694018182903,101
"532","REACTOME_NUCLEOTIDE_LIKE_PURINERGIC_RECEPTORS",0.0579399141630901,0.228554469911424,0.276500599254472,0.567537257720425,1.43971398272969,14
"533","REACTOME_NUCLEOTIDE_SALVAGE",0.653179190751445,0.903676689751907,0.0637845390312975,-0.312426112824664,-0.874396754077484,21
"534","REACTOME_N_GLYCAN_ANTENNAE_ELONGATION",0.609942638623327,0.879341875589151,0.0667426134241917,-0.35629789058402,-0.900162551816829,15
"535","REACTOME_N_GLYCAN_ANTENNAE_ELONGATION_IN_THE_MEDIAL_TRANS_GOLGI",0.752399232245681,0.952661251941613,0.0568864160475701,-0.279956504612824,-0.801562241418955,23
"536","REACTOME_N_GLYCAN_TRIMMING_IN_THE_ER_AND_CALNEXIN_CALRETICULIN_CYCLE",0.73728813559322,0.946628949715949,0.0625237414724762,0.336013151789784,0.821069319704228,12
"537","REACTOME_ONCOGENE_INDUCED_SENESCENCE",0.225806451612903,0.546534153120526,0.124434168630393,-0.500160767827018,-1.22283795821489,13
"538","REACTOME_OPIOID_SIGNALLING",0.328703703703704,0.653880543633762,0.112378519110475,0.294189105942308,1.07411052279923,65
"539","REACTOME_ORC1_REMOVAL_FROM_CHROMATIN",2.47035633612721e-06,8.17864401282114e-05,0.627256739718528,-0.626858454995649,-2.14510766497768,51
"540","REACTOME_ORGANELLE_BIOGENESIS_AND_MAINTENANCE",0.879194630872483,0.999180331228151,0.0435378240914002,-0.201436802264584,-0.838137821809324,194
"541","REACTOME_OTHER_INTERLEUKIN_SIGNALING",0.292275574112735,0.615771493642057,0.11331290842208,0.435168109394227,1.1375198265907,15
"542","REACTOME_OTHER_SEMAPHORIN_INTERACTIONS",0.267368421052632,0.598672768878719,0.119887845115423,0.463826344131033,1.15671121834318,13
"543","REACTOME_OVARIAN_TUMOR_DOMAIN_PROTEASES",0.885775862068966,0.999180331228151,0.0546808488785442,0.23423016361523,0.718969227038444,29
"544","REACTOME_OXIDATIVE_STRESS_INDUCED_SENESCENCE",0.334545454545455,0.661244427214576,0.096240602328129,-0.340639225843829,-1.07981066309869,34
"545","REACTOME_O_GLYCOSYLATION_OF_TSR_DOMAIN_CONTAINING_PROTEINS",9.56828188103572e-06,0.000277181165741254,0.593325476396405,0.645013785682479,2.07411600470192,36
"546","REACTOME_O_LINKED_GLYCOSYLATION",0.0719257540603248,0.271037292739517,0.257206466468838,0.330423152046605,1.30069586057627,94
"547","REACTOME_O_LINKED_GLYCOSYLATION_OF_MUCINS",0.826785714285714,0.988942396313364,0.0491927521045191,-0.241325161950098,-0.79993119579126,43
"548","REACTOME_P130CAS_LINKAGE_TO_MAPK_SIGNALING_FOR_INTEGRINS",0.524253731343284,0.833590409871739,0.0730744399126987,-0.384498438433429,-0.958668343218174,14
"549","REACTOME_P2Y_RECEPTORS",0.00732267737361251,0.0573178777033509,0.407017918923954,0.711444000450688,1.70973192535129,11
"550","REACTOME_P75NTR_RECRUITS_SIGNALLING_COMPLEXES",0.321705426356589,0.64696287279367,0.102449405629826,-0.499232251587449,-1.12979542891216,10
"551","REACTOME_P75NTR_SIGNALS_VIA_NF_KB",0.0512333965844402,0.21014760457423,0.276500599254472,-0.606114953109022,-1.48188426478041,13
"552","REACTOME_P75_NTR_RECEPTOR_MEDIATED_SIGNALLING",0.923433874709977,0.999180331228151,0.0561766586307176,0.203402652369219,0.766533817975024,76
"553","REACTOME_PARACETAMOL_ADME",0.929166666666667,0.999180331228151,0.0509082865515105,0.227575577588658,0.66452450493733,22
"554","REACTOME_PCNA_DEPENDENT_LONG_PATCH_BASE_EXCISION_REPAIR",0.00538758882575058,0.0471976084419144,0.407017918923954,-0.612339034218557,-1.71377244710698,21
"555","REACTOME_PCP_CE_PATHWAY",0.026058077195748,0.130572094921397,0.352487857583619,-0.406723560182028,-1.45535787986138,67
"556","REACTOME_PECAM1_INTERACTIONS",0.00870738978609908,0.0640615105691575,0.380730400722792,0.699871942988165,1.68192212433653,11
"557","REACTOME_PENTOSE_PHOSPHATE_PATHWAY",0.134328358208955,0.395221338841784,0.16440575583821,-0.525003525508113,-1.30898908727221,14
"558","REACTOME_PEPTIDE_HORMONE_METABOLISM",0.550335570469799,0.84931232755534,0.0799858801499946,0.27704358373839,0.940312516221208,45
"559","REACTOME_PEPTIDE_LIGAND_BINDING_RECEPTORS",0.741007194244604,0.948775786001033,0.0683110858318647,0.219389085797884,0.8915345759849,115
"560","REACTOME_PEROXISOMAL_LIPID_METABOLISM",0.975970425138632,0.999180331228151,0.0431901998334182,-0.203769491392924,-0.608435083061077,26
"561","REACTOME_PEROXISOMAL_PROTEIN_IMPORT",0.345360824742268,0.6741061609247,0.0911073131586733,-0.302896673305587,-1.05808678815246,58
"562","REACTOME_PHASE_2_PLATEAU_PHASE",0.298353909465021,0.621215704824976,0.11101149245045,0.484576850802494,1.13829682230893,10
"563","REACTOME_PHASE_II_CONJUGATION_OF_COMPOUNDS",0.91858407079646,0.999180331228151,0.0439759278026345,-0.212783251650969,-0.763819126378777,71
"564","REACTOME_PHASE_I_FUNCTIONALIZATION_OF_COMPOUNDS",0.377880184331797,0.704818774397537,0.103197466945307,0.270470013406293,1.03041881560551,78
"565","REACTOME_PHOSPHOLIPID_METABOLISM",0.930034129692833,0.999180331228151,0.0417397034728504,-0.19581323455427,-0.805129313041201,176
"566","REACTOME_PHOSPHORYLATION_OF_CD3_AND_TCR_ZETA_CHAINS",0.00492151187306119,0.0456224150632773,0.407017918923954,-0.696361801282767,-1.75931105009628,15
"567","REACTOME_PHOSPHORYLATION_OF_THE_APC_C",0.0374437576016542,0.168496909207444,0.321775918075361,-0.548094909059414,-1.51025592874931,20
"568","REACTOME_PI3K_EVENTS_IN_ERBB2_SIGNALING",0.0196852695585094,0.10927092742957,0.352487857583619,0.615143340135915,1.53407242048178,13
"569","REACTOME_PINK1_PRKN_MEDIATED_MITOPHAGY",0.566604127579737,0.858068497377353,0.0694481442003175,-0.314007748836095,-0.927045431908099,25
"570","REACTOME_PI_3K_CASCADE_FGFR1",0.184322033898305,0.482673800632002,0.148261500475107,0.518869592820408,1.26789056119682,12
"571","REACTOME_PI_3K_CASCADE_FGFR2",0.0703933747412008,0.26743712452907,0.245041785430996,0.59989177830911,1.44165123956504,11
"572","REACTOME_PI_3K_CASCADE_FGFR3",0.141975308641975,0.408730158730159,0.16823816568964,0.568988744064785,1.33658485382843,10
"573","REACTOME_PI_3K_CASCADE_FGFR4",0.692452830188679,0.928555020140395,0.059989249649033,-0.347300122134376,-0.83636347488568,12
"574","REACTOME_PI_METABOLISM",0.981609195402299,0.999180331228151,0.0529129848430583,0.182020982017518,0.681190164812016,72
"575","REACTOME_PKA_MEDIATED_PHOSPHORYLATION_OF_CREB",0.0956340956340956,0.321167984367746,0.208955027549354,0.521797157999316,1.38802003455633,16
"576","REACTOME_PKMTS_METHYLATE_HISTONE_LYSINES",0.653206650831354,0.903676689751907,0.0741758965588009,0.258299496251168,0.902472651802309,53
"577","REACTOME_PKR_MEDIATED_SIGNALING",0.14974182444062,0.423203266025776,0.148261500475107,-0.355896210197938,-1.22598469054156,53
"578","REACTOME_PLASMA_LIPOPROTEIN_ASSEMBLY",0.792099792099792,0.971265221265221,0.0582216241124161,0.290202073831822,0.771959537098303,16
"579","REACTOME_PLASMA_LIPOPROTEIN_ASSEMBLY_REMODELING_AND_CLEARANCE",0.0951276102088167,0.320666526049357,0.222056046145248,0.363039509419704,1.28028795078053,54
"580","REACTOME_PLASMA_LIPOPROTEIN_CLEARANCE",0.282275711159737,0.607122005208995,0.118815039412263,0.363458101221223,1.12395621440121,30
"581","REACTOME_PLASMA_LIPOPROTEIN_REMODELING",0.200828157349896,0.497774603912711,0.139599673451922,0.416535684332785,1.20016089607422,21
"582","REACTOME_PLATELET_ACTIVATION_SIGNALING_AND_AGGREGATION",0.575197889182058,0.859803681648857,0.0865399737444125,0.220176731561992,0.974852942343158,226
"583","REACTOME_PLATELET_AGGREGATION_PLUG_FORMATION",0.529284164859002,0.835738556475551,0.080419996876154,0.300176048477679,0.951109121909949,33
"584","REACTOME_PLATELET_CALCIUM_HOMEOSTASIS",0.0206076093768092,0.112372081719424,0.352487857583619,0.522538036612616,1.55140680444921,26
"585","REACTOME_PLATELET_HOMEOSTASIS",0.867276887871854,0.999180331228151,0.0584693210386381,0.212066115994869,0.79457102774332,71
"586","REACTOME_PLATELET_SENSITIZATION_BY_LDL",0.851782363977486,0.999180331228151,0.0500922874402106,-0.271447218872524,-0.713473561103969,17
"587","REACTOME_POLYMERASE_SWITCHING",0.322761194029851,0.64696287279367,0.0999276973731092,-0.447928824344525,-1.11681905826096,14
"588","REACTOME_POLYMERASE_SWITCHING_ON_THE_C_STRAND_OF_THE_TELOMERE",0.866666666666667,0.999180331228151,0.0541200569620232,0.250604810559692,0.741107683270234,24
"589","REACTOME_POSITIVE_EPIGENETIC_REGULATION_OF_RRNA_EXPRESSION",0.154128440366972,0.429060252913464,0.151148761385484,-0.40887980497255,-1.25899208641612,30
"590","REACTOME_POSTMITOTIC_NUCLEAR_PORE_COMPLEX_NPC_REFORMATION",0.0855513307984791,0.303854726629081,0.211400189384923,-0.507382164909022,-1.39807341763221,20
"591","REACTOME_POST_NMDA_RECEPTOR_ACTIVATION_EVENTS",0.2839248434238,0.609255393180237,0.115240003147781,0.438210411380965,1.14547233679005,15
"592","REACTOME_POST_TRANSLATIONAL_MODIFICATION_SYNTHESIS_OF_GPI_ANCHORED_PROTEINS",0.461946902654867,0.785733539011123,0.0768736734126542,-0.275133726871699,-0.989925992932942,70
"593","REACTOME_POTASSIUM_CHANNELS",0.617848970251716,0.886603708085667,0.0751181635276301,0.242791251217975,0.915785925712894,75
"594","REACTOME_PRC2_METHYLATES_HISTONES_AND_DNA",0.138738738738739,0.401908783783784,0.158514105424824,-0.369729331345662,-1.23133266126304,46
"595","REACTOME_PREDNISONE_ADME",0.751565762004175,0.952661251941613,0.0609039347452418,0.308320635687689,0.805943331945927,15
"596","REACTOME_PREGNENOLONE_BIOSYNTHESIS",0.624031007751938,0.888219640027628,0.0662842187012672,-0.392863397937771,-0.889075715292089,10
"597","REACTOME_PRESYNAPTIC_DEPOLARIZATION_AND_CALCIUM_CHANNEL_OPENING",0.0141012341916933,0.0870538258956341,0.380730400722792,0.679811918666845,1.63371416421071,11
"598","REACTOME_PRESYNAPTIC_FUNCTION_OF_KAINATE_RECEPTORS",0.34225621414914,0.673612548866778,0.0978773277424561,-0.41450641785108,-1.10564420056346,18
"599","REACTOME_PROCESSING_AND_ACTIVATION_OF_SUMO",0.207364341085271,0.511241340920336,0.132147260608774,-0.552811953688435,-1.25104981967654,10
"600","REACTOME_PROCESSING_OF_CAPPED_INTRONLESS_PRE_MRNA",0.0103076166419102,0.0731844698457643,0.380730400722792,-0.550995787252142,-1.67902838693095,29
"601","REACTOME_PROCESSING_OF_CAPPED_INTRON_CONTAINING_PRE_MRNA",0.126582278481013,0.380382775119617,0.155241966228839,-0.272926496849297,-1.17278961234114,250
"602","REACTOME_PROCESSING_OF_DNA_DOUBLE_STRAND_BREAK_ENDS",0.287744227353464,0.613192870704967,0.103958471559957,-0.299030892323157,-1.09211340701029,79
"603","REACTOME_PROCESSING_OF_INTRONLESS_PRE_MRNAS",0.23384030418251,0.557249259581456,0.122107920287081,-0.436247311147729,-1.20206387100448,20
"604","REACTOME_PROCESSIVE_SYNTHESIS_ON_THE_C_STRAND_OF_THE_TELOMERE",0.388145315487572,0.71440739839377,0.0905428948469474,-0.395130863613445,-1.05396232483617,18
"605","REACTOME_PROCESSIVE_SYNTHESIS_ON_THE_LAGGING_STRAND",0.12810707456979,0.383081477826436,0.170932335370056,-0.521084799823555,-1.316485546275,15
"606","REACTOME_PROGRAMMED_CELL_DEATH",0.753658536585366,0.952661251941613,0.0683110858318647,0.216409394941769,0.881445755436407,119
"607","REACTOME_PROLONGED_ERK_ACTIVATION_EVENTS",0.781052631578947,0.967962285392626,0.059476028695732,0.312485108090528,0.779289565302016,13
"608","REACTOME_PROSTACYCLIN_SIGNALLING_THROUGH_PROSTACYCLIN_RECEPTOR",0.416506717850288,0.741078171683718,0.086794975677172,-0.411783893774291,-1.05539770802153,16
"609","REACTOME_PROTEASOME_ASSEMBLY",7.22801685228787e-08,5.33407804976125e-06,0.704975715167238,-0.705282978169676,-2.33783270480164,43
"610","REACTOME_PROTEIN_HYDROXYLATION",0.0278904265614322,0.136795901706072,0.352487857583619,-0.572513285577698,-1.52710782435202,18
"611","REACTOME_PROTEIN_LIPOYLATION",0.449612403100775,0.777301455868018,0.083129129135339,-0.447519421484716,-1.01276589229788,10
"612","REACTOME_PROTEIN_LOCALIZATION",0.137693631669535,0.400131650650969,0.155241966228839,-0.319290127846998,-1.21443549948457,96
"613","REACTOME_PROTEIN_METHYLATION",0.195121951219512,0.495822497648426,0.134273452883202,-0.474237704177161,-1.24648933599112,17
"614","REACTOME_PROTEIN_PROTEIN_INTERACTIONS_AT_SYNAPSES",0.271867612293144,0.604367569773968,0.126875729929857,0.309285763161405,1.10814224260743,60
"615","REACTOME_PROTEIN_UBIQUITINATION",0.970639032815199,0.999180331228151,0.0403295396423143,-0.190448930508663,-0.672390844754188,62
"616","REACTOME_PTEN_REGULATION",0.0238370649053377,0.124140220040719,0.352487857583619,-0.400684598065341,-1.46462411784931,78
"617","REACTOME_PTK6_REGULATES_RHO_GTPASES_RAS_GTPASE_AND_MAP_KINASES",0.905660377358491,0.999180331228151,0.0475434194201301,-0.262466894320416,-0.632069238637758,12
"618","REACTOME_PURINE_CATABOLISM",0.0120264805997935,0.0804180751750993,0.380730400722792,-0.658538242178435,-1.66375238308777,15
"619","REACTOME_PURINE_RIBONUCLEOSIDE_MONOPHOSPHATE_BIOSYNTHESIS",0.263565891472868,0.593023255813954,0.115240003147781,-0.523781820833786,-1.18535271918753,10
"620","REACTOME_PURINE_SALVAGE",0.472485768500949,0.7992589744486,0.0793434960134973,-0.408882995335857,-0.999673863541033,13
"621","REACTOME_PYROPTOSIS",0.788973384030418,0.96992786626948,0.0542315935495841,-0.280286505489462,-0.772319446262182,20
"622","REACTOME_PYRUVATE_METABOLISM",0.0879712746858169,0.311257143640276,0.20207170902116,-0.41156481552389,-1.32446190087687,37
"623","REACTOME_RAB_GEFS_EXCHANGE_GTP_FOR_GDP_ON_RABS",0.459207459207459,0.784301266717408,0.0922597260527354,0.257245008281631,1.00104626933786,87
"624","REACTOME_RAB_GERANYLGERANYLATION",0.926116838487973,0.999180331228151,0.0422468188360053,-0.210970486929313,-0.736967766842361,58
"625","REACTOME_RAB_REGULATION_OF_TRAFFICKING",0.785365853658537,0.969419635607808,0.0662842187012672,0.214372160252961,0.862747646986963,111
"626","REACTOME_RAC1_GTPASE_CYCLE",0.00721872165597671,0.0573178777033509,0.407017918923954,0.321470502414377,1.37597174617819,163
"627","REACTOME_RAC2_GTPASE_CYCLE",0.264501160092807,0.593686623259159,0.127505315300183,0.284705161353726,1.09385539427259,83
"628","REACTOME_RAC3_GTPASE_CYCLE",0.535046728971963,0.836405257600353,0.0838361057159929,0.246823823468703,0.96164064899417,88
"629","REACTOME_RAF_ACTIVATION",0.812386156648452,0.984420872174006,0.0509082865515105,-0.249410239607603,-0.793429544684845,35
"630","REACTOME_RAF_INDEPENDENT_MAPK1_3_ACTIVATION",0.0269523507033314,0.133608711775338,0.352487857583619,-0.545658003817524,-1.52715015739484,21
"631","REACTOME_RAP1_SIGNALLING",0.98068669527897,0.999180331228151,0.0497903187820785,0.212840402130069,0.539928082021043,14
"632","REACTOME_RAS_PROCESSING",0.982889733840304,0.999180331228151,0.0441523058441465,-0.193822739625378,-0.534071630309433,20
"633","REACTOME_RA_BIOSYNTHESIS_PATHWAY",0.807933194154488,0.980306375629857,0.0574877409561325,0.293675471494866,0.767661196207161,15
"634","REACTOME_RECEPTOR_MEDIATED_MITOPHAGY",0.924418604651163,0.999180331228151,0.0478299633114229,-0.27351687157856,-0.618986674553178,10
"635","REACTOME_RECEPTOR_TYPE_TYROSINE_PROTEIN_PHOSPHATASES",0.250521920668058,0.577696070794254,0.12384217120105,0.41820756127345,1.16136952525374,18
"636","REACTOME_RECOGNITION_OF_DNA_DAMAGE_BY_PCNA_CONTAINING_REPLICATION_COMPLEX",0.151969981238274,0.426429450598635,0.154190966581424,-0.430797429992591,-1.27184373962963,25
"637","REACTOME_RECRUITMENT_OF_NUMA_TO_MITOTIC_CENTROSOMES",0.728241563055062,0.942900071252285,0.0547939500773363,-0.23726600661022,-0.86653718227475,79
"638","REACTOME_RECYCLING_OF_BILE_ACIDS_AND_SALTS",0.238095238095238,0.563046647230321,0.126875729929857,0.499816549922003,1.20115189906618,11
"639","REACTOME_RECYCLING_PATHWAY_OF_L1",0.986988847583643,0.999180331228151,0.0429311093452583,-0.185742018764952,-0.566004549159109,29
"640","REACTOME_REDUCTION_OF_CYTOSOLIC_CA_LEVELS",0.0947368421052632,0.320666526049357,0.211400189384923,0.556525991667947,1.38788981265803,13
"641","REACTOME_REGULATED_NECROSIS",0.748653500897666,0.952661251941613,0.0540088272801684,-0.252609425115298,-0.846149678824607,47
"642","REACTOME_REGULATED_PROTEOLYSIS_OF_P75NTR",0.968992248062015,0.999180331228151,0.0456790414930062,-0.248495720696667,-0.562362164012052,10
"643","REACTOME_REGULATION_BY_C_FLIP",0.261627906976744,0.590254146162507,0.115734447701689,-0.528018799976017,-1.19494128172945,10
"644","REACTOME_REGULATION_OF_APC_C_ACTIVATORS_BETWEEN_G1_S_AND_EARLY_ANAPHASE",0.00789687078380096,0.0600032722670778,0.380730400722792,-0.548224797770279,-1.70637084386681,32
"645","REACTOME_REGULATION_OF_CDH11_EXPRESSION_AND_FUNCTION",0.0128683522578942,0.0828400176601942,0.380730400722792,0.68809449628543,1.65361873487224,11
"646","REACTOME_REGULATION_OF_ENDOGENOUS_RETROELEMENTS",0.192399049881235,0.494055177949875,0.154190966581424,0.334429111843878,1.1684619280564,53
"647","REACTOME_REGULATION_OF_FZD_BY_UBIQUITINATION",0.97286012526096,0.999180331228151,0.0488970772260102,0.22413972098372,0.585896280176432,15
"648","REACTOME_REGULATION_OF_HSF1_MEDIATED_HEAT_SHOCK_RESPONSE",0.280952380952381,0.605681063122924,0.125033367555272,0.30753989998151,1.09299614329753,58
"649","REACTOME_REGULATION_OF_INSULIN_LIKE_GROWTH_FACTOR_IGF_TRANSPORT_AND_UPTAKE_BY_INSULIN_LIKE_GROWTH_FACTOR_BINDING_PROTEINS_IGFBPS",0.499115044247788,0.820417971703208,0.0728938564822936,-0.256593451154421,-0.963193336724505,91
"650","REACTOME_REGULATION_OF_INSULIN_SECRETION",0.616666666666667,0.886279069767442,0.077274697304471,0.259072418018425,0.920742816609904,58
"651","REACTOME_REGULATION_OF_KIT_SIGNALING",0.0309040107873497,0.145534526418989,0.352487857583619,0.649571940389354,1.58726998736083,12
"652","REACTOME_REGULATION_OF_LIPID_METABOLISM_BY_PPARALPHA",0.88272921108742,0.999180331228151,0.0543434390269162,0.260700212586397,0.706727335648797,17
"653","REACTOME_REGULATION_OF_LOCALIZATION_OF_FOXO_TRANSCRIPTION_FACTORS",0.62984496124031,0.890053976545943,0.0658311958368866,-0.390834538895041,-0.884484273803494,10
"654","REACTOME_REGULATION_OF_MRNA_STABILITY_BY_PROTEINS_THAT_BIND_AU_RICH_ELEMENTS",0.000186893669269754,0.00334386870469448,0.518848077743792,-0.537479921606247,-1.88921858611938,61
"655","REACTOME_REGULATION_OF_NF_KAPPA_B_SIGNALING",0.250474383301708,0.577696070794254,0.117249716749792,-0.483100574494014,-1.18112766559694,13
"656","REACTOME_REGULATION_OF_ORNITHINE_DECARBOXYLASE_ODC",7.36014228754335e-06,0.000220091996792022,0.610526878385931,-0.686385998419834,-2.17581201418998,34
"657","REACTOME_REGULATION_OF_PLK1_ACTIVITY_AT_G2_M_TRANSITION",0.721198156682028,0.938975689949775,0.0676760401641789,0.23028336903611,0.873216960867581,77
"658","REACTOME_REGULATION_OF_PTEN_GENE_TRANSCRIPTION",0.693160813308688,0.928555020140395,0.0589694466690997,-0.286172093987925,-0.854480916574302,26
"659","REACTOME_REGULATION_OF_PTEN_STABILITY_AND_ACTIVITY",0.00539692178515957,0.0471976084419144,0.407017918923954,-0.491983352279889,-1.67291077421383,50
"660","REACTOME_REGULATION_OF_PYRUVATE_DEHYDROGENASE_PDH_COMPLEX",0.376865671641791,0.704343704862783,0.0908241419007155,-0.433023848661781,-1.07965654493138,14
"661","REACTOME_REGULATION_OF_PYRUVATE_METABOLISM",0.275092936802974,0.605428739825095,0.109684061970549,-0.371798508916774,-1.13296737494691,29
"662","REACTOME_REGULATION_OF_RAS_BY_GAPS",0.0118269125772592,0.0800258975118192,0.380730400722792,-0.453596162759349,-1.51938213413738,47
"663","REACTOME_REGULATION_OF_RUNX3_EXPRESSION_AND_ACTIVITY",0.000574259818828246,0.00794535600080275,0.477270815362862,-0.587987123905191,-1.90297410639709,38
"664","REACTOME_REGULATION_OF_SIGNALING_BY_CBL",0.633262260127932,0.890053976545943,0.0702812841717392,0.322143774406653,0.873293539439716,17
"665","REACTOME_REGULATION_OF_TBK1_IKK_IKBKE_MEDIATED_ACTIVATION_OF_IRF3_IRF7",0.820809248554913,0.986531279748102,0.0530212512043078,-0.311969117371054,-0.725251483144925,11
"666","REACTOME_REGULATION_OF_TLR_BY_ENDOGENOUS_LIGAND",0.00325900111135326,0.0324848820454245,0.431707695803346,-0.711507804807735,-1.79757640485466,15
"667","REACTOME_REGULATION_OF_TNFR1_SIGNALING",0.842857142857143,0.999180331228151,0.0483117581055019,-0.236402525846462,-0.783613916014024,43
"668","REACTOME_REGULATION_OF_TP53_ACTIVITY",0.60774818401937,0.878453602982483,0.0789209638180035,0.225012944111155,0.943048095083232,142
"669","REACTOME_REGULATION_OF_TP53_ACTIVITY_THROUGH_ACETYLATION",0.860594795539034,0.999180331228151,0.0491927521045191,-0.247041338895249,-0.7527996226961,29
"670","REACTOME_REGULATION_OF_TP53_ACTIVITY_THROUGH_ASSOCIATION_WITH_CO_FACTORS",0.511627906976744,0.823262849707222,0.0762797180809272,-0.427468083585473,-0.967388395491331,10
"671","REACTOME_REGULATION_OF_TP53_ACTIVITY_THROUGH_METHYLATION",0.222014925373134,0.538763968117527,0.124434168630393,-0.487082895107079,-1.21444173860556,14
"672","REACTOME_REGULATION_OF_TP53_ACTIVITY_THROUGH_PHOSPHORYLATION",0.334106728538283,0.661244427214576,0.11146266692298,0.273704360577202,1.05158961583183,83
"673","REACTOME_REGULATION_OF_TP53_DEGRADATION",0.268248175182482,0.599195321431712,0.110122263835536,-0.365859636849563,-1.13570971949564,31
"674","REACTOME_REGULATION_OF_T_CELL_ACTIVATION_BY_CD28_FAMILY",0.00750895432424583,0.0577298390086755,0.407017918923954,-0.443198713773614,-1.56643090813854,65
"675","REACTOME_REPRESSION_OF_WNT_TARGET_GENES",0.0775193798449612,0.286296673770036,0.224966093540314,-0.630028539270476,-1.42579603278556,10
"676","REACTOME_REPRODUCTION",0.759013282732448,0.954691322901849,0.0559428593065705,-0.320017288975861,-0.782407004741416,13
"677","REACTOME_RESOLUTION_OF_ABASIC_SITES_AP_SITES",0.000126026440644882,0.00238421449954706,0.518848077743792,-0.625284817133197,-2.02368515865592,38
"678","REACTOME_RESOLUTION_OF_AP_SITES_VIA_THE_MULTIPLE_NUCLEOTIDE_PATCH_REPLACEMENT_PATHWAY",0.00392589411739709,0.0379094150711156,0.407017918923954,-0.609110440692956,-1.79827744272222,25
"679","REACTOME_RESOLUTION_OF_D_LOOP_STRUCTURES",0.539823008849557,0.841035175132,0.080419996876154,0.299137283525959,0.950449349837171,34
"680","REACTOME_RESOLUTION_OF_SISTER_CHROMATID_COHESION",0.0938566552901024,0.320666526049357,0.190023305279108,-0.324166500318037,-1.25846331686301,114
"681","REACTOME_RESPIRATORY_ELECTRON_TRANSPORT",1.09063111689805e-06,4.81435735887854e-05,0.643551836150722,-0.504687980823251,-1.97769508711937,120
"682","REACTOME_RESPONSE_TO_ELEVATED_PLATELET_CYTOSOLIC_CA2",0.982587064676617,0.999180331228151,0.0565299525056311,0.182275202273921,0.728687170520364,110
"683","REACTOME_RETROGRADE_NEUROTROPHIN_SIGNALLING",0.965116279069767,0.999180331228151,0.0458620343117985,-0.25003028538482,-0.565834984857524,10
"684","REACTOME_RETROGRADE_TRANSPORT_AT_THE_TRANS_GOLGI_NETWORK",0.350797266514806,0.681738083981605,0.107140237276725,0.314295151531384,1.05572285128599,44
"685","REACTOME_RET_SIGNALING",0.300220750551876,0.621215704824976,0.115240003147781,0.34189771100618,1.09918684063448,35
"686","REACTOME_REVERSIBLE_HYDRATION_OF_CARBON_DIOXIDE",0.257751937984496,0.588512429831596,0.116739204791222,-0.5306026259022,-1.20078864978555,10
"687","REACTOME_RHOA_GTPASE_CYCLE",0.00194159825009785,0.0206880641131116,0.45505986738723,0.364384364479872,1.51294138965973,134
"688","REACTOME_RHOBTB1_GTPASE_CYCLE",0.0307006226989287,0.145534526418989,0.352487857583619,0.545311896386106,1.59231988696697,22
"689","REACTOME_RHOBTB2_GTPASE_CYCLE",0.379746835443038,0.706274299751577,0.09754492162472,0.382841213669423,1.06995130605533,19
"690","REACTOME_RHOBTB3_ATPASE_CYCLE",0.434156378600823,0.763686836741865,0.0883594442500905,0.434449794716868,1.02054569870599,10
"691","REACTOME_RHOBTB_GTPASE_CYCLE",0.0148380194635238,0.0904923950176745,0.380730400722792,0.48681871381573,1.51133788214985,31
"692","REACTOME_RHOB_GTPASE_CYCLE",0.28,0.605428739825095,0.124434168630393,0.302952609814947,1.1129112627319,67
"693","REACTOME_RHOC_GTPASE_CYCLE",0.125858123569794,0.38003413859674,0.190023305279108,0.336868521335379,1.24677381561656,68
"694","REACTOME_RHOD_GTPASE_CYCLE",0.188811188811189,0.490936237820869,0.154190966581424,0.338388138126031,1.16539160643068,50
"695","REACTOME_RHOF_GTPASE_CYCLE",0.233031674208145,0.556753510285954,0.135002033828631,0.353039417311678,1.15971287697689,40
"696","REACTOME_RHOG_GTPASE_CYCLE",0.254117647058824,0.581647058823529,0.131457611642763,0.306582240794873,1.12624489005925,67
"697","REACTOME_RHOH_GTPASE_CYCLE",0.299445471349353,0.621215704824976,0.103958471559957,-0.354173424236968,-1.11047000312221,33
"698","REACTOME_RHOJ_GTPASE_CYCLE",0.112266112266112,0.353212455656287,0.191892240384838,0.505183481634861,1.34382639477125,16
"699","REACTOME_RHOQ_GTPASE_CYCLE",0.918505942275042,0.999180331228151,0.042077210988939,-0.209657677408587,-0.73339929367716,57
"700","REACTOME_RHOU_GTPASE_CYCLE",0.882142857142857,0.999180331228151,0.0462302524077616,-0.233382681515111,-0.755324703124599,38
"701","REACTOME_RHOV_GTPASE_CYCLE",0.484517304189435,0.806369014333225,0.0758886900606117,-0.309675745366139,-0.985147546597785,35
"702","REACTOME_RHO_GTPASES_ACTIVATE_FORMINS",0.154103852596315,0.429060252913464,0.143758989039275,-0.29791142842932,-1.17402079743606,124
"703","REACTOME_RHO_GTPASES_ACTIVATE_IQGAPS",0.9375,0.999180331228151,0.0504983044100709,0.224690473138279,0.656099951534478,22
"704","REACTOME_RHO_GTPASES_ACTIVATE_KTN1",0.94990366088632,0.999180331228151,0.0463227785794633,-0.256563952745791,-0.596448099794107,11
"705","REACTOME_RHO_GTPASES_ACTIVATE_NADPH_OXIDASES",0.152091254752852,0.426429450598635,0.155241966228839,-0.469029839281314,-1.2923949553747,20
"706","REACTOME_RHO_GTPASES_ACTIVATE_PAKS",0.929166666666667,0.999180331228151,0.0509082865515105,0.228875203564895,0.668319434593726,22
"707","REACTOME_RHO_GTPASES_ACTIVATE_PKNS",0.922053231939164,0.999180331228151,0.0470699590082662,-0.237063741045832,-0.653220663954661,20
"708","REACTOME_RHO_GTPASES_ACTIVATE_WASPS_AND_WAVES",0.997797356828194,0.999180331228151,0.0501934252649434,0.168635931119149,0.523533429917516,31
"709","REACTOME_RHO_GTPASE_CYCLE",0.00061383566062895,0.0081638876652692,0.477270815362862,0.296886964175465,1.39079010647671,402
"710","REACTOME_RHO_GTPASE_EFFECTORS",0.518110236220472,0.826657812351769,0.0652353056017703,-0.229203628497762,-0.976614611653268,228
"711","REACTOME_RIBAVIRIN_ADME",0.00853366754784451,0.0632856785348149,0.380730400722792,-0.71473611870097,-1.66158571884725,11
"712","REACTOME_RIPK1_MEDIATED_REGULATED_NECROSIS",0.769230769230769,0.958436724565757,0.0547939500773363,-0.270865210392554,-0.812060132354021,27
"713","REACTOME_RMTS_METHYLATE_HISTONE_ARGININES",0.00673725190151736,0.0552693142717397,0.407017918923954,-0.478105042829101,-1.61081239503344,48
"714","REACTOME_RNA_POLYMERASE_III_TRANSCRIPTION",0.8,0.974507227332457,0.051530912208539,-0.252388050325866,-0.800058499738091,34
"715","REACTOME_RNA_POLYMERASE_III_TRANSCRIPTION_INITIATION_FROM_TYPE_1_PROMOTER",0.865671641791045,0.999180331228151,0.0552495663125249,0.245196357414942,0.737226674162114,27
"716","REACTOME_RNA_POLYMERASE_III_TRANSCRIPTION_INITIATION_FROM_TYPE_3_PROMOTER",0.526802218114603,0.835738556475551,0.0723570851036907,-0.320982001116592,-0.958419777050421,26
"717","REACTOME_RNA_POLYMERASE_II_PRE_TRANSCRIPTION_EVENTS",0.413732394366197,0.740274392367157,0.0824344091527096,-0.279451324204626,-1.014540224354,74
"718","REACTOME_RNA_POLYMERASE_II_PROMOTER_ESCAPE",0.105357142857143,0.342687969924812,0.183023938384487,-0.383031893383699,-1.26965277066289,43
"719","REACTOME_RNA_POLYMERASE_II_TRANSCRIBES_SNRNA_GENES",0.508009153318078,0.821559081693356,0.0855356947987884,0.260862026411777,0.965468494146065,68
"720","REACTOME_RNA_POLYMERASE_II_TRANSCRIPTION_TERMINATION",0.00275284850543992,0.0283543396060312,0.431707695803346,-0.483988560776888,-1.70874930283388,62
"721","REACTOME_RNA_POLYMERASE_I_TRANSCRIPTION",0.0528242315164757,0.215718337514419,0.321775918075361,-0.417968736556311,-1.3907037116662,45
"722","REACTOME_RNA_POLYMERASE_I_TRANSCRIPTION_TERMINATION",0.0366900992364639,0.166724127412755,0.321775918075361,-0.489763467023012,-1.50804300358902,30
"723","REACTOME_RND1_GTPASE_CYCLE",0.194570135746606,0.495822497648426,0.149207542435322,0.364121762045491,1.19611770109757,40
"724","REACTOME_RND2_GTPASE_CYCLE",0.3,0.621215704824976,0.115734447701689,0.331247439643265,1.10395920404896,41
"725","REACTOME_RND3_GTPASE_CYCLE",0.300904977375566,0.62124479738786,0.116739204791222,0.339942072194312,1.09757633619013,38
"726","REACTOME_ROLE_OF_LAT2_NTAL_LAB_ON_CALCIUM_MOBILIZATION",0.921325051759834,0.999180331228151,0.051011413203915,0.267255203952861,0.642263838229032,11
"727","REACTOME_ROLE_OF_PHOSPHOLIPIDS_IN_PHAGOCYTOSIS",0.9957805907173,0.999180331228151,0.0483117581055019,0.188168255281046,0.525886094045125,19
"728","REACTOME_ROS_AND_RNS_PRODUCTION_IN_PHAGOCYTES",0.111524163568773,0.353212455656287,0.181383128498408,-0.433158688956353,-1.31994790455757,29
"729","REACTOME_RUNX1_INTERACTS_WITH_CO_FACTORS_WHOSE_PRECISE_EFFECT_ON_RUNX1_TARGETS_IS_NOT_KNOWN",0.51304347826087,0.823262849707222,0.0822054920415869,0.307429210405782,0.965078999498178,32
"730","REACTOME_RUNX1_REGULATES_GENES_INVOLVED_IN_MEGAKARYOCYTE_DIFFERENTIATION_AND_PLATELET_FUNCTION",0.322862129144852,0.64696287279367,0.0959206777921745,-0.32063423395904,-1.09026547765527,50
"731","REACTOME_RUNX1_REGULATES_TRANSCRIPTION_OF_GENES_INVOLVED_IN_DIFFERENTIATION_OF_HSCS",0.000834215998665381,0.0101505145411912,0.477270815362862,-0.549821638273468,-1.831105307797,46
"732","REACTOME_SCF_SKP2_MEDIATED_DEGRADATION_OF_P27_P21",4.73930589965475e-06,0.000151494364447585,0.610526878385931,-0.64118445188563,-2.12908001678479,44
"733","REACTOME_SEALING_OF_THE_NUCLEAR_ENVELOPE_NE_BY_ESCRT_III",0.391634980988593,0.718902232428566,0.0897104652742981,-0.382753344649493,-1.05466315860793,20
"734","REACTOME_SELECTIVE_AUTOPHAGY",0.162988115449915,0.439215066924626,0.140406238523342,-0.346110167973362,-1.2107209994102,57
"735","REACTOME_SEMA3A_PAK_DEPENDENT_AXON_REPULSION",0.507368421052632,0.821559081693356,0.0810802057550866,0.388803252029127,0.969615221388444,13
"736","REACTOME_SEMA4D_INDUCED_CELL_MIGRATION_AND_GROWTH_CONE_COLLAPSE",0.764932562620424,0.955650250066217,0.0562940749700968,-0.330013428343831,-0.767200068971674,11
"737","REACTOME_SEMA4D_IN_SEMAPHORIN_SIGNALING",0.894837476099426,0.999180331228151,0.048701086452153,-0.272078778894868,-0.687388655329287,15
"738","REACTOME_SEMAPHORIN_INTERACTIONS",0.197247706422018,0.495822497648426,0.149207542435322,0.339456426066625,1.16557395369778,49
"739","REACTOME_SENESCENCE_ASSOCIATED_SECRETORY_PHENOTYPE_SASP",0.0423776675470804,0.187067132457826,0.321775918075361,-0.441820145491043,-1.42182695816182,37
"740","REACTOME_SENSORY_PERCEPTION",0.0135726454096668,0.0855907639099398,0.380730400722792,0.397650449855646,1.4898943984306,73
"741","REACTOME_SEPARATION_OF_SISTER_CHROMATIDS",0.000628489284447116,0.0081638876652692,0.477270815362862,-0.391613013544049,-1.5867239356796,159
"742","REACTOME_SEROTONIN_NEUROTRANSMITTER_RELEASE_CYCLE",0.85501066098081,0.999180331228151,0.055826471778749,0.267252570399701,0.724490000027443,17
"743","REACTOME_SHC1_EVENTS_IN_EGFR_SIGNALING",0.279661016949153,0.605428739825095,0.117249716749792,0.468299547324264,1.14431946693529,12
"744","REACTOME_SHC1_EVENTS_IN_ERBB2_SIGNALING",0.0123015541955417,0.0808761754557955,0.380730400722792,0.637755966263029,1.59046481528298,13
"745","REACTOME_SHC1_EVENTS_IN_ERBB4_SIGNALING",0.017700574994823,0.100806194096938,0.352487857583619,0.686936281378921,1.61364989872586,10
"746","REACTOME_SHC_MEDIATED_CASCADE_FGFR1",0.111801242236025,0.353212455656287,0.191892240384838,0.566231271518694,1.36075879680549,11
"747","REACTOME_SHC_MEDIATED_CASCADE_FGFR2",0.0637860082304527,0.246373456790123,0.257206466468838,0.632591137616559,1.48599026259142,10
"748","REACTOME_SHC_MEDIATED_CASCADE_FGFR4",0.815734989648033,0.986531279748102,0.0566484183613995,0.315286794301352,0.757692661006632,11
"749","REACTOME_SIALIC_ACID_METABOLISM",0.570194384449244,0.858068497377353,0.0762797180809272,0.304905630809645,0.92564845330241,28
"750","REACTOME_SIGNALING_BY_ACTIVIN",0.634655532359081,0.890053976545943,0.069119845655101,0.336878986367633,0.880594229867622,15
"751","REACTOME_SIGNALING_BY_ALK",0.951983298538622,0.999180331228151,0.0498907356726307,0.241805341166898,0.632073821162509,15
"752","REACTOME_SIGNALING_BY_BMP",0.214750542299349,0.525260561244055,0.138022242496643,0.402247542250937,1.19426631248992,26
"753","REACTOME_SIGNALING_BY_CSF3_G_CSF",0.09021113243762,0.314382405149149,0.206587922696891,-0.546254960691994,-1.40004561185126,16
"754","REACTOME_SIGNALING_BY_EGFR",0.323529411764706,0.64696287279367,0.111918316325105,0.322271106976758,1.07664209360463,43
"755","REACTOME_SIGNALING_BY_ERBB2",0.131519274376417,0.392020473784369,0.184706471207739,0.387948862184147,1.26394600345155,39
"756","REACTOME_SIGNALING_BY_ERBB4",0.0327972276107715,0.152015149975926,0.321775918075361,0.471726181214224,1.43209100095565,28
"757","REACTOME_SIGNALING_BY_ERYTHROPOIETIN",0.993736951983299,0.999180331228151,0.047925896705813,0.179568923695336,0.469389200480107,15
"758","REACTOME_SIGNALING_BY_FGFR",0.711571675302245,0.934315783293458,0.0545680646670941,-0.248519092678999,-0.877410874493599,62
"759","REACTOME_SIGNALING_BY_FGFR1",0.132584269662921,0.393928262748488,0.183023938384487,0.39940398051574,1.28433392915185,37
"760","REACTOME_SIGNALING_BY_FGFR2",0.694793536804309,0.929399146634335,0.0574877409561325,-0.262064469320954,-0.877820637318087,47
"761","REACTOME_SIGNALING_BY_FGFR3",0.300215982721382,0.621215704824976,0.11378726182188,0.365213117878239,1.10873307518809,28
"762","REACTOME_SIGNALING_BY_FGFR4",0.78996282527881,0.96992786626948,0.0531298054705469,-0.261233296495464,-0.796046232249536,29
"763","REACTOME_SIGNALING_BY_GPCR",0.0205532280621889,0.112372081719424,0.352487857583619,0.254548353960688,1.20168623713111,442
"764","REACTOME_SIGNALING_BY_HEDGEHOG",0.277210884353741,0.605428739825095,0.103576326612592,-0.279598943237371,-1.08575136992008,112
"765","REACTOME_SIGNALING_BY_HIPPO",0.161764705882353,0.438467492260062,0.158514105424824,0.44311928843163,1.25432885689303,20
"766","REACTOME_SIGNALING_BY_INSULIN_RECEPTOR",0.994791666666667,0.999180331228151,0.0394366509525593,-0.177989708090362,-0.616804295785736,56
"767","REACTOME_SIGNALING_BY_INTERLEUKINS",0.305164319248826,0.626527992531435,0.0928481214159878,-0.249681979215939,-1.06667737369133,232
"768","REACTOME_SIGNALING_BY_MET",0.000245764961303633,0.00399691437067487,0.49849310876659,0.510888045220584,1.83583635770954,61
"769","REACTOME_SIGNALING_BY_NOTCH",0.195933456561922,0.495822497648426,0.132846300606183,-0.379957416478667,-1.19131274282474,33
"770","REACTOME_SIGNALING_BY_NOTCH1",0.93168880455408,0.999180331228151,0.0465084048719156,-0.258605743784305,-0.632262544472924,13
"771","REACTOME_SIGNALING_BY_NOTCH3",0.754318618042226,0.952661251941613,0.0567672387487446,-0.310918608425039,-0.796881062310061,16
"772","REACTOME_SIGNALING_BY_NTRK1_TRKA",0.985882352941176,0.999180331228151,0.05378728077603,0.184316904307037,0.662328424853297,61
"773","REACTOME_SIGNALING_BY_NTRKS",0.972413793103448,0.999180331228151,0.053347785067549,0.187668871940601,0.702326668004679,72
"774","REACTOME_SIGNALING_BY_NUCLEAR_RECEPTORS",0.932659932659933,0.999180331228151,0.0409883873374721,-0.193822004164443,-0.79457989302868,168
"775","REACTOME_SIGNALING_BY_PDGF",0.00241407975187145,0.0251444037076948,0.431707695803346,0.493866063058592,1.71258314903926,52
"776","REACTOME_SIGNALING_BY_PTK6",0.478571428571429,0.802234564711961,0.0755015292281669,-0.29684884909273,-0.9839780191388,43
"777","REACTOME_SIGNALING_BY_RECEPTOR_TYROSINE_KINASES",0.00203291142428024,0.0214148737534975,0.431707695803346,0.290681814355407,1.35466708722925,364
"778","REACTOME_SIGNALING_BY_RETINOIC_ACID",0.75,0.952661251941613,0.0546808488785442,-0.26685543745121,-0.828378655331743,31
"779","REACTOME_SIGNALING_BY_ROBO_RECEPTORS",0.473347547974414,0.7992589744486,0.0855356947987884,0.367546941208174,0.996376136056405,17
"780","REACTOME_SIGNALING_BY_SCF_KIT",0.0105990926065854,0.0738748785436438,0.380730400722792,0.506643626437009,1.59045109428145,32
"781","REACTOME_SIGNALING_BY_TGFBR3",0.318840579710145,0.646751022738084,0.107140237276725,0.38502473074762,1.10936864054033,21
"782","REACTOME_SIGNALING_BY_TGFB_FAMILY_MEMBERS",0.126794258373206,0.380382775119617,0.193813302725311,0.301362991568731,1.19803864475063,102
"783","REACTOME_SIGNALING_BY_TGF_BETA_RECEPTOR_COMPLEX",0.298823529411765,0.621215704824976,0.119887845115423,0.297588848031704,1.09300237648548,66
"784","REACTOME_SIGNALING_BY_THE_B_CELL_RECEPTOR_BCR",0.0284728740862816,0.137655841699605,0.352487857583619,-0.384860479653642,-1.41600943071129,82
"785","REACTOME_SIGNALING_BY_TYPE_1_INSULIN_LIKE_GROWTH_FACTOR_1_RECEPTOR_IGF1R",0.317391304347826,0.645223112128146,0.110564716336619,0.350612595192191,1.10063989083184,32
"786","REACTOME_SIGNALING_BY_VEGF",0.774941995359629,0.96296411487718,0.0645031249656493,0.219361873466328,0.863508138030423,94
"787","REACTOME_SIGNALING_BY_WNT",0.597602739726027,0.874896985027131,0.0623861492893626,-0.225753224541023,-0.93891301046261,199
"788","REACTOME_SIGNALLING_TO_ERKS",0.922916666666667,0.999180331228151,0.051218434854034,0.235707547239378,0.69705235854711,24
"789","REACTOME_SIGNALLING_TO_RAS",0.966873706004141,0.999180331228151,0.0487989701682839,0.229953841617811,0.552621744117717,11
"790","REACTOME_SIGNAL_AMPLIFICATION",0.417943107221007,0.742209311099374,0.0940503465727813,0.333961870081529,1.03274220051769,30
"791","REACTOME_SIGNAL_TRANSDUCTION_BY_L1",0.573839662447257,0.859803681648857,0.0747385227439092,0.327729795075219,0.915927830530701,19
"792","REACTOME_SLBP_DEPENDENT_PROCESSING_OF_REPLICATION_DEPENDENT_HISTONE_PRE_MRNAS",0.0125494317020333,0.0813519104040903,0.380730400722792,-0.700346333841354,-1.62813300756763,11
"793","REACTOME_SLC_MEDIATED_TRANSMEMBRANE_TRANSPORT",0.143097643097643,0.409590643274854,0.150169802128406,-0.282735822934994,-1.1705258510166,185
"794","REACTOME_SMAD2_SMAD3_SMAD4_HETEROTRIMER_REGULATES_TRANSCRIPTION",0.84472049689441,0.999180331228151,0.0550211117163117,0.26033029132929,0.750087561447447,21
"795","REACTOME_SMOOTH_MUSCLE_CONTRACTION",0.295154185022026,0.61902246496701,0.116234148779716,0.355921542235107,1.10496514326014,31
"796","REACTOME_SNRNP_ASSEMBLY",0.0107965920120586,0.0746898566804352,0.380730400722792,-0.486778603659165,-1.62114915608137,46
"797","REACTOME_SODIUM_CALCIUM_EXCHANGERS",0.164609053497942,0.442297369833602,0.155241966228839,0.55270374388189,1.29833052135508,10
"798","REACTOME_SPHINGOLIPID_CATABOLISM",0.490566037735849,0.810808117713488,0.0770736734944102,-0.411189664064652,-0.99022140896664,12
"799","REACTOME_SPHINGOLIPID_DE_NOVO_BIOSYNTHESIS",0.564583333333333,0.858068497377353,0.0749278818393739,0.313181988567684,0.926165692793342,24
"800","REACTOME_SPHINGOLIPID_METABOLISM",0.862676056338028,0.999180331228151,0.0466015072985992,-0.21587532589624,-0.800047162432768,84
"801","REACTOME_SPRY_REGULATION_OF_FGF_SIGNALING",0.9146110056926,0.999180331228151,0.0473534245254193,-0.267101250902103,-0.653033123147181,13
"802","REACTOME_STABILIZATION_OF_P53",0.0011085009559795,0.0126861776073209,0.45505986738723,-0.582216021138527,-1.86258443064204,36
"803","REACTOME_STIMULI_SENSING_CHANNELS",0.00090914361989664,0.0106680523499264,0.477270815362862,0.450351325600664,1.70769785725184,77
"804","REACTOME_STRIATED_MUSCLE_CONTRACTION",0.761388286334056,0.954691322901849,0.0621124188949471,0.273351108458989,0.811574928432244,26
"805","REACTOME_SULFUR_AMINO_ACID_METABOLISM",0.0168633603997567,0.0983165728966948,0.352487857583619,-0.563257991776801,-1.57640779531843,21
"806","REACTOME_SUMOYLATION",0.174117647058824,0.465150025428039,0.161978948883402,0.263732573541711,1.12505497203779,155
"807","REACTOME_SUMOYLATION_OF_CHROMATIN_ORGANIZATION_PROTEINS",0.858156028368794,0.999180331228151,0.0605092988656667,0.22036310345102,0.794208616496634,62
"808","REACTOME_SUMOYLATION_OF_DNA_DAMAGE_RESPONSE_AND_REPAIR_PROTEINS",0.273781902552204,0.605428739825095,0.125033367555272,0.297496385334554,1.10064434401879,69
"809","REACTOME_SUMOYLATION_OF_DNA_REPLICATION_PROTEINS",0.668449197860963,0.913941602385121,0.0589694466690997,-0.271218636584463,-0.882870663802961,39
"810","REACTOME_SUMOYLATION_OF_IMMUNE_RESPONSE_PROTEINS",0.287090558766859,0.613192870704967,0.109250039480711,-0.50134389658318,-1.16550127662202,11
"811","REACTOME_SUMOYLATION_OF_INTRACELLULAR_RECEPTORS",0.707158351409978,0.933801609017029,0.0656813601934011,0.285552133828386,0.847799571334883,26
"812","REACTOME_SUMOYLATION_OF_RNA_BINDING_PROTEINS",0.798642533936652,0.974133722314837,0.0618406035753285,0.244714660403829,0.817541810634381,43
"813","REACTOME_SUMOYLATION_OF_SUMOYLATION_PROTEINS",0.993392070484581,0.999180331228151,0.0503964322442957,0.177173515361827,0.550038521282779,31
"814","REACTOME_SUMOYLATION_OF_TRANSCRIPTION_COFACTORS",0.0629213483146067,0.244050585303935,0.271288554688953,0.435975963741836,1.40193575889074,37
"815","REACTOME_SUMOYLATION_OF_TRANSCRIPTION_FACTORS",0.370526315789474,0.699547647121878,0.0988903007520636,0.427943447872793,1.06722482074257,13
"816","REACTOME_SUMOYLATION_OF_UBIQUITINYLATION_PROTEINS",0.584699453551913,0.865840884093647,0.066436413766281,-0.289291820665699,-0.920301740269201,35
"817","REACTOME_SURFACTANT_METABOLISM",0.388059701492537,0.71440739839377,0.096887770327544,0.388685677271468,1.05368074071623,17
"818","REACTOME_SWITCHING_OF_ORIGINS_TO_A_POST_REPLICATIVE_STATE",1.51065246763143e-06,5.60149934997736e-05,0.643551836150722,-0.570312391779219,-2.05037302882978,72
"819","REACTOME_SYNAPTIC_ADHESION_LIKE_MOLECULES",0.550632911392405,0.84931232755534,0.0768736734126542,0.332585232741746,0.929497638814867,19
"820","REACTOME_SYNDECAN_INTERACTIONS",0.0901287553648069,0.314382405149149,0.219250346703755,0.546645623946615,1.38671662113438,14
"821","REACTOME_SYNTHESIS_OF_ACTIVE_UBIQUITIN_ROLES_OF_E1_AND_E2_ENZYMES",0.460258780036969,0.784301266717408,0.0793434960134973,-0.334065665293909,-0.997486274424745,26
"822","REACTOME_SYNTHESIS_OF_BILE_ACIDS_AND_BILE_SALTS",0.231800766283525,0.556682151152403,0.123257226381337,-0.409721573261724,-1.18270587980673,24
"823","REACTOME_SYNTHESIS_OF_BILE_ACIDS_AND_BILE_SALTS_VIA_7ALPHA_HYDROXYCHOLESTEROL",0.729477611940298,0.94313214263411,0.0570059526582387,-0.323809739462249,-0.807353464718761,14
"824","REACTOME_SYNTHESIS_OF_GLYCOSYLPHOSPHATIDYLINOSITOL_GPI",0.450281425891182,0.777301455868018,0.0813027345384498,-0.387979325015762,-1.01976727484434,17
"825","REACTOME_SYNTHESIS_OF_IP2_IP_AND_INS_IN_THE_CYTOSOL",0.970930232558139,0.999180331228151,0.0455878202571231,-0.246003321034165,-0.556721699605429,10
"826","REACTOME_SYNTHESIS_OF_IP3_AND_IP4_IN_THE_CYTOSOL",0.93058568329718,0.999180331228151,0.0526973085708419,0.228038755890174,0.677043301688722,26
"827","REACTOME_SYNTHESIS_OF_LEUKOTRIENES_LT_AND_EOXINS_EX",0.565031982942431,0.858068497377353,0.0760837160951725,0.339797508402407,0.921150717104795,17
"828","REACTOME_SYNTHESIS_OF_PA",0.0793357933579336,0.290688855505156,0.216542836735348,-0.437914242097077,-1.36302498148141,32
"829","REACTOME_SYNTHESIS_OF_PC",0.784240150093809,0.969320825515947,0.0538979025357319,-0.267960384420024,-0.79109974588107,25
"830","REACTOME_SYNTHESIS_OF_PE",0.160493827160494,0.438467492260062,0.157402899305283,0.556150102063124,1.30642620021333,10
"831","REACTOME_SYNTHESIS_OF_PIPS_AT_THE_EARLY_ENDOSOME_MEMBRANE",0.939457202505219,0.999180331228151,0.0504983044100709,0.250214931958752,0.654056305753497,15
"832","REACTOME_SYNTHESIS_OF_PIPS_AT_THE_GOLGI_MEMBRANE",0.939457202505219,0.999180331228151,0.0504983044100709,0.250756747200952,0.655472598829773,15
"833","REACTOME_SYNTHESIS_OF_PIPS_AT_THE_LATE_ENDOSOME_MEMBRANE",0.991769547325103,0.999180331228151,0.0473534245254193,0.207185101534476,0.486688834425091,10
"834","REACTOME_SYNTHESIS_OF_PIPS_AT_THE_PLASMA_MEMBRANE",0.404494382022472,0.733789221398887,0.09754492162472,0.297545227402433,1.02045751326543,47
"835","REACTOME_SYNTHESIS_OF_VERY_LONG_CHAIN_FATTY_ACYL_COAS",0.27348643006263,0.605428739825095,0.11776578836269,0.412408383449341,1.14526510959961,18
"836","REACTOME_SYNTHESIS_SECRETION_AND_DEACYLATION_OF_GHRELIN",0.673684210526316,0.918390092879257,0.0665892104103933,0.337045291077334,0.840538865918228,13
"837","REACTOME_S_PHASE",5.16872969786573e-07,2.52179601574817e-05,0.659444398037935,-0.499541872594392,-1.98807787930501,129
"838","REACTOME_TAK1_DEPENDENT_IKK_AND_NF_KAPPA_B_ACTIVATION",0.0554912823158583,0.224630649374675,0.321775918075361,-0.460558736759025,-1.45994999167729,34
"839","REACTOME_TBC_RABGAPS",0.979704797047971,0.999180331228151,0.0429311093452583,-0.200769375347744,-0.624902430222239,32
"840","REACTOME_TCF_DEPENDENT_SIGNALING_IN_RESPONSE_TO_WNT",0.123333333333333,0.377346083754486,0.161978948883402,-0.306401029444457,-1.21667871157208,128
"841","REACTOME_TCR_SIGNALING",0.000119225937025614,0.00230255090880717,0.538434096309916,-0.496612669880084,-1.85054648733689,87
"842","REACTOME_TELOMERE_C_STRAND_LAGGING_STRAND_SYNTHESIS",0.531365313653137,0.835738556475551,0.0718276293603809,-0.305882232983335,-0.952070256840786,32
"843","REACTOME_TELOMERE_C_STRAND_SYNTHESIS_INITIATION",0.375,0.703414634146342,0.0985499803531691,0.430732420319323,1.05252182375111,12
"844","REACTOME_TELOMERE_EXTENSION_BY_TELOMERASE",0.102661596958175,0.336280213357697,0.191892240384838,-0.496713680424048,-1.36867679000827,20
"845","REACTOME_TELOMERE_MAINTENANCE",0.0141802887920612,0.0870538258956341,0.380730400722792,-0.404920089676257,-1.48968827055632,80
"846","REACTOME_TERMINATION_OF_O_GLYCAN_BIOSYNTHESIS",0.152263374485597,0.426429450598635,0.161978948883402,0.560383327767528,1.31637027277779,10
"847","REACTOME_TERMINATION_OF_TRANSLESION_DNA_SYNTHESIS",0.0779220779220779,0.286641929499072,0.219250346703755,-0.458692891399767,-1.39436104582911,28
"848","REACTOME_TGFBR3_PTM_REGULATION",0.48559670781893,0.80671711137661,0.0822054920415869,0.42144208519842,0.989989896492476,10
"849","REACTOME_TGF_BETA_RECEPTOR_SIGNALING_ACTIVATES_SMADS",0.06941431670282,0.264802763718165,0.252961123069611,0.444773349417346,1.40926630208717,33
"850","REACTOME_TGF_BETA_RECEPTOR_SIGNALING_IN_EMT_EPITHELIAL_TO_MESENCHYMAL_TRANSITION",0.308285163776493,0.629472129561254,0.104732821580651,-0.495253593799456,-1.15134282028532,11
"851","REACTOME_THE_CANONICAL_RETINOID_CYCLE_IN_RODS_TWILIGHT_VISION",0.595789473684211,0.874896985027131,0.0727141077934447,0.362151399787722,0.903149620916753,13
"852","REACTOME_THE_NLRP3_INFLAMMASOME",0.874031007751938,0.999180331228151,0.0503964322442957,-0.300612409184264,-0.680305658720369,10
"853","REACTOME_THE_PHOTOTRANSDUCTION_CASCADE",0.026593398398148,0.132538066210125,0.352487857583619,0.513094989789092,1.50374629809684,23
"854","REACTOME_THE_ROLE_OF_GTSE1_IN_G2_M_PROGRESSION_AFTER_G2_CHECKPOINT",1.09419974557333e-05,0.000307370655801963,0.593325476396405,-0.598940436707204,-2.0240951789929,49
"855","REACTOME_THROMBIN_SIGNALLING_THROUGH_PROTEINASE_ACTIVATED_RECEPTORS_PARS",0.990706319702602,0.999180331228151,0.0427591434738678,-0.17897148349644,-0.545372956008022,29
"856","REACTOME_THROMBOXANE_SIGNALLING_THROUGH_TP_RECEPTOR",0.242774566473988,0.569751957269335,0.120433371642259,-0.425192200120995,-1.1899987369286,21
"857","REACTOME_TIE2_SIGNALING",0.869022869022869,0.999180331228151,0.0538979025357319,0.267119946922999,0.710559328035341,16
"858","REACTOME_TNFR1_INDUCED_NF_KAPPA_B_SIGNALING_PATHWAY",0.970260223048327,0.999180331228151,0.0437125833579551,-0.201492414604712,-0.61400012794972,29
"859","REACTOME_TNFR1_INDUCED_PROAPOPTOTIC_SIGNALING",0.940613026819923,0.999180331228151,0.0465084048719156,-0.228362566505296,-0.647369939830897,22
"860","REACTOME_TNFR2_NON_CANONICAL_NF_KB_PATHWAY",0.0120583737317571,0.0804180751750993,0.380730400722792,-0.416611837226508,-1.52193599004547,76
"861","REACTOME_TNFS_BIND_THEIR_PHYSIOLOGICAL_RECEPTORS",0.710172744721689,0.933801609017029,0.0596037042575973,-0.29150238694304,-0.834620031351596,23
"862","REACTOME_TNF_RECEPTOR_SUPERFAMILY_TNFSF_MEMBERS_MEDIATING_NON_CANONICAL_NF_KB_PATHWAY",0.985074626865672,0.999180331228151,0.0492917662312669,0.198085216350476,0.536985512186313,17
"863","REACTOME_TNF_SIGNALING",0.938566552901024,0.999180331228151,0.0413209506074822,-0.208122019434629,-0.718031296964316,52
"864","REACTOME_TOLL_LIKE_RECEPTOR_4_TLR4_CASCADE",0.353040540540541,0.683232945889522,0.0888945288620449,-0.268171750972423,-1.04210721499399,111
"865","REACTOME_TOLL_LIKE_RECEPTOR_9_TLR9_CASCADE",0.198952879581152,0.495822497648426,0.127505315300183,-0.304588367206311,-1.14962152799171,92
"866","REACTOME_TOLL_LIKE_RECEPTOR_CASCADES",0.25938566552901,0.590254146162507,0.107972360317345,-0.275311606289548,-1.09652175404111,137
"867","REACTOME_TP53_REGULATES_METABOLIC_GENES",0.261698440207972,0.590254146162507,0.108394255853397,-0.320747121577976,-1.12741220494061,61
"868","REACTOME_TP53_REGULATES_TRANSCRIPTION_OF_ADDITIONAL_CELL_CYCLE_GENES_WHOSE_EXACT_ROLE_IN_THE_P53_PATHWAY_REMAIN_UNCERTAIN",0.409381663113006,0.738320625886687,0.0937465422491719,0.381379275827262,1.03387395354634,17
"869","REACTOME_TP53_REGULATES_TRANSCRIPTION_OF_CELL_CYCLE_GENES",0.234750462107209,0.557983790700981,0.119887845115423,-0.372428027604903,-1.16770521071199,33
"870","REACTOME_TP53_REGULATES_TRANSCRIPTION_OF_CELL_DEATH_GENES",0.363288718929254,0.694368334943131,0.0943563635421779,-0.428574519276928,-1.08276457175661,15
"871","REACTOME_TP53_REGULATES_TRANSCRIPTION_OF_DNA_REPAIR_GENES",0.027559194888906,0.135890285436255,0.352487857583619,-0.449971033084061,-1.48517494462543,42
"872","REACTOME_TP53_REGULATES_TRANSCRIPTION_OF_GENES_INVOLVED_IN_G1_CELL_CYCLE_ARREST",0.354651162790698,0.683496107914713,0.0965629554309422,-0.479934327494874,-1.0861229571158,10
"873","REACTOME_TRAF6_MEDIATED_INDUCTION_OF_TAK1_COMPLEX_WITHIN_TLR4_COMPLEX",0.505263157894737,0.821559081693356,0.0813027345384498,0.389789192961689,0.97207400569802,13
"874","REACTOME_TRAF6_MEDIATED_NF_KB_ACTIVATION",0.0423550294414551,0.187067132457826,0.321775918075361,-0.615603539684331,-1.5348817224666,14
"875","REACTOME_TRAFFICKING_AND_PROCESSING_OF_ENDOSOMAL_TLR",0.490683229813665,0.810808117713488,0.0819778796501272,0.40770607533849,0.979793339636447,11
"876","REACTOME_TRAFFICKING_OF_AMPA_RECEPTORS",0.345415778251599,0.6741061609247,0.103958471559957,0.359403016428706,1.08060940741129,27
"877","REACTOME_TRAFFICKING_OF_GLUR2_CONTAINING_AMPA_RECEPTORS",0.20997920997921,0.516314927455511,0.136490437780413,0.455347211865887,1.21125813558004,16
"878","REACTOME_TRANSCRIPTIONAL_ACTIVITY_OF_SMAD2_SMAD3_SMAD4_HETEROTRIMER",0.685466377440347,0.92493061410073,0.0672065093710464,0.272824690926506,0.864446225934505,33
"879","REACTOME_TRANSCRIPTIONAL_AND_POST_TRANSLATIONAL_REGULATION_OF_MITF_M_EXPRESSION_AND_ACTIVITY",0.798165137614679,0.974133722314837,0.0520570030732099,-0.256262438755655,-0.78906411741398,30
"880","REACTOME_TRANSCRIPTIONAL_REGULATION_BY_E2F6",0.81957773512476,0.986531279748102,0.0529129848430583,-0.263615926757099,-0.754776437209009,23
"881","REACTOME_TRANSCRIPTIONAL_REGULATION_BY_RUNX1",0.0114956669563819,0.0783564946218089,0.380730400722792,-0.357387303867261,-1.42341602880485,137
"882","REACTOME_TRANSCRIPTIONAL_REGULATION_BY_RUNX2",0.000308739016566896,0.00485086556538157,0.49849310876659,-0.571406454234042,-1.90299056716463,46
"883","REACTOME_TRANSCRIPTIONAL_REGULATION_BY_RUNX3",9.08827720089379e-05,0.00195926348028571,0.538434096309916,-0.546750439691393,-1.91390022456393,59
"884","REACTOME_TRANSCRIPTIONAL_REGULATION_BY_SMALL_RNAS",0.970642201834862,0.999180331228151,0.0431036828790402,-0.202699310761781,-0.624136543472029,30
"885","REACTOME_TRANSCRIPTIONAL_REGULATION_BY_THE_AP_2_TFAP2_FAMILY_OF_TRANSCRIPTION_FACTORS",0.783261802575107,0.969320825515947,0.0602484086158019,0.306709999772661,0.778054073646818,14
"886","REACTOME_TRANSCRIPTIONAL_REGULATION_BY_TP53",0.0996835443037975,0.330435974773787,0.176694268938498,-0.276148246833574,-1.1943580777473,272
"887","REACTOME_TRANSCRIPTION_COUPLED_NUCLEOTIDE_EXCISION_REPAIR_TC_NER",0.00652211025150133,0.0539821089566226,0.407017918923954,-0.444847514588034,-1.60055302048689,70
"888","REACTOME_TRANSFERRIN_ENDOCYTOSIS_AND_RECYCLING",0.133208255159475,0.394517739721511,0.165656695205483,-0.442644323522867,-1.30681933679324,25
"889","REACTOME_TRANSLATION",9.67181447113544e-17,4.48288600737128e-14,1.05746357275086,-0.574320868618586,-2.41520475894015,208
"890","REACTOME_TRANSLESION_SYNTHESIS_BY_POLH",0.00735795841067827,0.0573178777033509,0.407017918923954,-0.65939970447737,-1.6900343779763,16
"891","REACTOME_TRANSLESION_SYNTHESIS_BY_POLK",0.083955223880597,0.301653071850052,0.211400189384923,-0.569086388045628,-1.41890070346846,14
"892","REACTOME_TRANSLESION_SYNTHESIS_BY_Y_FAMILY_DNA_POLYMERASES_BYPASSES_LESIONS_ON_DNA_TEMPLATE",0.0103722549551728,0.0731844698457643,0.380730400722792,-0.510465062292608,-1.62390310273371,35
"893","REACTOME_TRANSLOCATION_OF_ZAP_70_TO_IMMUNOLOGICAL_SYNAPSE",0.0124294156708176,0.0811413262454081,0.380730400722792,-0.700900589034705,-1.68789935515103,12
"894","REACTOME_TRANSMISSION_ACROSS_CHEMICAL_SYNAPSES",0.0602409638554217,0.236058059587471,0.287857117255149,0.299620109702351,1.28415326033529,166
"895","REACTOME_TRANSPORT_OF_BILE_SALTS_AND_ORGANIC_ACIDS_METAL_IONS_AND_AMINE_COMPOUNDS",0.934707903780069,0.999180331228151,0.0418238690062304,-0.208860623422268,-0.729597535016286,58
"896","REACTOME_TRANSPORT_OF_CONNEXONS_TO_THE_PLASMA_MEMBRANE",0.275529865125241,0.605428739825095,0.111918316325105,-0.506144078126672,-1.17666051832235,11
"897","REACTOME_TRANSPORT_OF_INORGANIC_CATIONS_ANIONS_AND_AMINO_ACIDS_OLIGOPEPTIDES",0.735191637630662,0.946559233449477,0.053457214108991,-0.232065542222355,-0.865267719505232,88
"898","REACTOME_TRANSPORT_OF_MATURE_MRNAS_DERIVED_FROM_INTRONLESS_TRANSCRIPTS",0.45632798573975,0.782247046532187,0.0778840111977068,-0.309083960781191,-1.00612983334115,39
"899","REACTOME_TRANSPORT_OF_MATURE_TRANSCRIPT_TO_CYTOPLASM",0.0235736746177582,0.12346212638792,0.352487857583619,-0.389762954715381,-1.41502351669756,74
"900","REACTOME_TRANSPORT_OF_THE_SLBP_DEPENDANT_MATURE_MRNA",0.924354243542435,0.999180331228151,0.0455878202571231,-0.224968668452291,-0.700223664073264,32
"901","REACTOME_TRANSPORT_OF_VITAMINS_NUCLEOSIDES_AND_RELATED_MOLECULES",0.00642168513740457,0.0536297488502166,0.407017918923954,-0.559960014388019,-1.72418695726805,30
"902","REACTOME_TRANSPORT_TO_THE_GOLGI_AND_SUBSEQUENT_MODIFICATION",0.198970840480274,0.495822497648426,0.126253987849115,-0.277318422112179,-1.12644486209601,161
"903","REACTOME_TRANS_GOLGI_NETWORK_VESICLE_BUDDING",0.270022883295195,0.601709646189051,0.125033367555272,0.299061818823531,1.10684858140434,68
"904","REACTOME_TRIGLYCERIDE_METABOLISM",0.967370441458733,0.999180331228151,0.0453152441270267,-0.225179716334004,-0.577133200460023,16
"905","REACTOME_TRISTETRAPROLIN_TTP_ZFP36_BINDS_AND_DESTABILIZES_MRNA",0.0959692898272553,0.321167984367746,0.199915231309662,-0.544835179714613,-1.39640672841732,16
"906","REACTOME_TRP_CHANNELS",0.0247272170772636,0.126641603484107,0.352487857583619,0.518141634856927,1.51853668582151,23
"907","REACTOME_TURBULENT_OSCILLATORY_DISTURBED_FLOW_SHEAR_STRESS_ACTIVATES_SIGNALING_BY_PIEZO1_AND_INTEGRINS_IN_ENDOTHELIAL_CELLS",0.532833020637899,0.835738556475551,0.0725351864394589,-0.31801864561082,-0.953427215962867,27
"908","REACTOME_UBIQUINOL_BIOSYNTHESIS",0.144212523719165,0.41133849073128,0.159646701919906,-0.536729582034529,-1.31224467896616,13
"909","REACTOME_UBIQUITIN_MEDIATED_DEGRADATION_OF_PHOSPHORYLATED_CDC25A",0.00037965392748939,0.00558633636162959,0.49849310876659,-0.620653973298688,-1.94598909037756,33
"910","REACTOME_UB_SPECIFIC_PROCESSING_PROTEASES",0.00716468358890265,0.0573178777033509,0.407017918923954,-0.360588884655567,-1.43837063348733,143
"911","REACTOME_UCH_PROTEINASES",0.000102743676757589,0.00202645507136777,0.538434096309916,-0.537311961210468,-1.91208295046578,66
"912","REACTOME_UNBLOCKING_OF_NMDA_RECEPTORS_GLUTAMATE_BINDING_AND_ACTIVATION",0.0134267607111858,0.0852507341045841,0.380730400722792,0.583844868298324,1.63170932769244,19
"913","REACTOME_UNFOLDED_PROTEIN_RESPONSE_UPR",0.882716049382716,0.999180331228151,0.0526973085708419,0.286441082891254,0.672865354368193,10
"914","REACTOME_VASOPRESSIN_REGULATES_RENAL_WATER_HOMEOSTASIS_VIA_AQUAPORINS",0.703564727954972,0.933801609017029,0.0589694466690997,-0.28773495187171,-0.849480223725943,25
"915","REACTOME_VEGFR2_MEDIATED_CELL_PROLIFERATION",0.991769547325103,0.999180331228151,0.0473534245254193,0.207568292168091,0.487588969625236,10
"916","REACTOME_VEGFR2_MEDIATED_VASCULAR_PERMEABILITY",0.995735607675906,0.999180331228151,0.0487989701682839,0.161293855026657,0.484958804273176,27
"917","REACTOME_VISUAL_PHOTOTRANSDUCTION",0.0285708516708457,0.137655841699605,0.352487857583619,0.385571413388459,1.40775543365066,65
"918","REACTOME_VITAMIN_B5_PANTOTHENATE_METABOLISM",0.8565965583174,0.999180331228151,0.0507027937029348,-0.284467374760791,-0.71868760590634,15
"919","REACTOME_VLDLR_INTERNALISATION_AND_DEGRADATION",0.908918406072106,0.999180331228151,0.0476387259290825,-0.269278597701948,-0.658356496123065,13
"920","REACTOME_VOLTAGE_GATED_POTASSIUM_CHANNELS",0.759219088937093,0.954691322901849,0.062249042949858,0.261931651684441,0.829931583473877,33
"921","REACTOME_VXPX_CARGO_TARGETING_TO_CILIUM",0.626865671641791,0.889899659436356,0.0707899094502623,0.324564787058748,0.879856617406596,17
"922","REACTOME_WNT5A_DEPENDENT_INTERNALIZATION_OF_FZD2_FZD5_AND_ROR2",0.927966101694915,0.999180331228151,0.0517405459873163,0.255313935711123,0.623875697688433,12
"923","REACTOME_WNT5A_DEPENDENT_INTERNALIZATION_OF_FZD4",0.188841201716738,0.490936237820869,0.147331213699377,0.494622970315278,1.25474688552165,14
"924","REACTOME_WNT_LIGAND_BIOGENESIS_AND_TRAFFICKING",0.708939708939709,0.933801609017029,0.0635007968065945,0.308485467150788,0.820594750681494,16
"925","REACTOME_XENOBIOTICS",0.100208768267223,0.33058195083173,0.204294756516886,0.492753583820058,1.36838510036884,18
"926","REACTOME_ZBP1_DAI_MEDIATED_INDUCTION_OF_TYPE_I_IFNS",0.0234205083905224,0.123356882261445,0.352487857583619,-0.63621857361784,-1.55548429942089,13
"927","REACTOME_ZINC_TRANSPORTERS",0.232558139534884,0.556753510285954,0.12384217120105,-0.542968905797412,-1.22877435474318,10
