"","pathway","pval","padj","log2err","ES","NES","size"
"1","REACTOME_ABC_FAMILY_PROTEINS_MEDIATED_TRANSPORT",0.808673469387755,0.969779143692187,0.0670512579829467,-0.225052323604009,-0.859693786763193,78
"2","REACTOME_ABC_TRANSPORTERS_IN_LIPID_HOMEOSTASIS",0.379014989293362,0.728193832599119,0.0985499803531691,-0.392834011674168,-1.05845951753393,16
"3","REACTOME_ACETYLCHOLINE_NEUROTRANSMITTER_RELEASE_CYCLE",0.522483940042827,0.821769718155997,0.080419996876154,-0.35003365188174,-0.943137404809775,16
"4","REACTOME_ACTIVATED_TAK1_MEDIATES_P38_MAPK_ACTIVATION",0.597845601436266,0.852364862078351,0.0646484568421928,0.325845454403169,0.89810324624028,20
"5","REACTOME_ACTIVATION_OF_APC_C_AND_APC_C_CDC20_MEDIATED_DEGRADATION_OF_MITOTIC_PROTEINS",0.00207602796045226,0.0603994384744079,0.431707695803346,0.493395804194803,1.70433671390485,58
"6","REACTOME_ACTIVATION_OF_ATR_IN_RESPONSE_TO_REPLICATION_STRESS",0.174061433447099,0.517735445812298,0.135740943810425,0.392103714260623,1.2332740279174,35
"7","REACTOME_ACTIVATION_OF_BAD_AND_TRANSLOCATION_TO_MITOCHONDRIA",0.135687732342007,0.461131386861314,0.163180127180689,0.584363711862258,1.35976738307172,10
"8","REACTOME_ACTIVATION_OF_BH3_ONLY_PROTEINS",0.368224299065421,0.728193832599119,0.0922597260527354,0.40811385595507,1.06081651777732,16
"9","REACTOME_ACTIVATION_OF_G_PROTEIN_GATED_POTASSIUM_CHANNELS",0.751162790697674,0.945043997485858,0.066132620475844,-0.268536947445715,-0.818930603557704,27
"10","REACTOME_ACTIVATION_OF_IRF3_IRF7_MEDIATED_BY_TBK1_IKK_IKBKE",0.140969162995595,0.464539426947668,0.175204047558551,-0.49769794541017,-1.30703763500133,15
"11","REACTOME_ACTIVATION_OF_KAINATE_RECEPTORS_UPON_GLUTAMATE_BINDING",0.499130434782609,0.818101933216169,0.072003313661988,0.321050446970329,0.985689811936729,32
"12","REACTOME_ACTIVATION_OF_MATRIX_METALLOPROTEINASES",0.1,0.40813195243575,0.213927855492356,-0.456540068267131,-1.32367300799279,22
"13","REACTOME_ACTIVATION_OF_NF_KAPPAB_IN_B_CELLS",0.0353009583388842,0.254768931887606,0.321775918075361,0.441573838107759,1.45460548857578,45
"14","REACTOME_ACTIVATION_OF_NMDA_RECEPTORS_AND_POSTSYNAPTIC_EVENTS",0.088135593220339,0.394491525423729,0.195789002148949,0.436300445979337,1.35226540708043,33
"15","REACTOME_ACTIVATION_OF_SMO",0.680656934306569,0.90786763014243,0.059221919380382,0.337987985917153,0.837777729482887,13
"16","REACTOME_ACTIVATION_OF_THE_AP_1_FAMILY_OF_TRANSCRIPTION_FACTORS",0.579741379310345,0.847562760526439,0.0753093764172773,-0.395453978786479,-0.925694262213858,10
"17","REACTOME_ACTIVATION_OF_THE_MRNA_UPON_BINDING_OF_THE_CAP_BINDING_COMPLEX_AND_EIFS_AND_SUBSEQUENT_BINDING_TO_43S",0.0166917816820789,0.178621249954201,0.352487857583619,0.436057846695823,1.49711751560144,56
"18","REACTOME_ACTIVATION_OF_THE_PRE_REPLICATIVE_COMPLEX",0.612173913043478,0.860927361092867,0.0619762736001998,0.291852798824592,0.896047126242458,32
"19","REACTOME_ACYL_CHAIN_REMODELLING_OF_PC",0.94407158836689,1,0.053457214108991,-0.211928387683066,-0.623779090385244,23
"20","REACTOME_ACYL_CHAIN_REMODELLING_OF_PE",0.850533807829182,0.98980871886121,0.0477342401407188,0.262456733901302,0.739524160933755,22
"21","REACTOME_ACYL_CHAIN_REMODELLING_OF_PG",0.582056892778993,0.847562760526439,0.0758886900606117,-0.350893855947431,-0.901061712654792,14
"22","REACTOME_ACYL_CHAIN_REMODELLING_OF_PI",0.321167883211679,0.703546586517819,0.0988903007520636,0.451998927780389,1.1203789815694,13
"23","REACTOME_ACYL_CHAIN_REMODELLING_OF_PS",0.5,0.818101933216169,0.0845557442441281,-0.352536543911156,-0.964184195475228,18
"24","REACTOME_ADENYLATE_CYCLASE_ACTIVATING_PATHWAY",0.918103448275862,1,0.0530212512043078,-0.270366227508326,-0.632883923102461,10
"25","REACTOME_ADENYLATE_CYCLASE_INHIBITORY_PATHWAY",0.798687089715536,0.968200104850474,0.0602484086158019,-0.296097550624207,-0.760350064716743,14
"26","REACTOME_ADHERENS_JUNCTIONS_INTERACTIONS",0.525059665871122,0.821769718155997,0.0860347242455604,-0.289758980594522,-0.948419997540738,36
"27","REACTOME_ADP_SIGNALLING_THROUGH_P2Y_PURINOCEPTOR_1",0.978142076502732,1,0.0424170054438747,0.197786383284885,0.576575513393071,25
"28","REACTOME_ADP_SIGNALLING_THROUGH_P2Y_PURINOCEPTOR_12",0.786476868327402,0.96454954954955,0.0513223330421143,0.285733667666574,0.80511156140162,22
"29","REACTOME_ADRENALINE_NORADRENALINE_INHIBITS_INSULIN_SECRETION",0.787387387387387,0.96454954954955,0.0518457624865066,0.279738761758645,0.797288268180509,23
"30","REACTOME_AEROBIC_RESPIRATION_AND_RESPIRATORY_ELECTRON_TRANSPORT",0.000667107576922459,0.0345042863397116,0.477270815362862,0.374242691649063,1.5488569821536,213
"31","REACTOME_AFLATOXIN_ACTIVATION_AND_DETOXIFICATION",0.0000443457134391581,0.00518103465362108,0.557332238758646,-0.764057150347226,-2.07665932690091,17
"32","REACTOME_AGGREPHAGY",0.336976320582878,0.709539084539085,0.0959206777921745,0.370682539774473,1.08059246610758,25
"33","REACTOME_AKT_PHOSPHORYLATES_TARGETS_IN_THE_CYTOSOL",0.490530303030303,0.812565076254058,0.077274697304471,0.41612114239234,0.983851571555928,11
"34","REACTOME_AKT_PHOSPHORYLATES_TARGETS_IN_THE_NUCLEUS",0.100371747211896,0.40813195243575,0.191892240384838,0.614254005328454,1.42931969321817,10
"35","REACTOME_ALPHA_LINOLENIC_OMEGA3_AND_LINOLEIC_OMEGA6_ACID_METABOLISM",0.689655172413793,0.915932903733583,0.0665892104103933,-0.333493535648681,-0.826208716391824,12
"36","REACTOME_AMINE_LIGAND_BINDING_RECEPTORS",0.201342281879195,0.564607422980513,0.14551614609036,-0.40929418857384,-1.204695413577,23
"37","REACTOME_AMINO_ACIDS_REGULATE_MTORC1",0.404878048780488,0.749386607186151,0.102449405629826,-0.285327391992463,-1.02229037453689,51
"38","REACTOME_AMINO_ACID_TRANSPORT_ACROSS_THE_PLASMA_MEMBRANE",0.530141843971631,0.82397672243337,0.0699458736501659,0.318813389902614,0.963443167078458,29
"39","REACTOME_AMPLIFICATION_OF_SIGNAL_FROM_THE_KINETOCHORES",0.00200880717964319,0.0603994384744079,0.431707695803346,0.437913607746489,1.62885567603191,91
"40","REACTOME_ANCHORING_OF_THE_BASAL_BODY_TO_THE_PLASMA_MEMBRANE",0.117549668874172,0.437919061302682,0.165656695205483,0.335696228747684,1.24265233235743,90
"41","REACTOME_ANTIGEN_ACTIVATES_B_CELL_RECEPTOR_BCR_LEADING_TO_GENERATION_OF_SECOND_MESSENGERS",0.000809559570636839,0.0376849980131449,0.477270815362862,0.663285319062161,1.890440924311,23
"42","REACTOME_ANTIGEN_PRESENTATION_FOLDING_ASSEMBLY_AND_PEPTIDE_LOADING_OF_CLASS_I_MHC",0.841354723707665,0.982812105108953,0.0483117581055019,0.260487094131005,0.767245197451218,26
"43","REACTOME_ANTIGEN_PROCESSING_CROSS_PRESENTATION",0.526402640264026,0.821769718155997,0.0667426134241917,0.274061672944653,0.953424242473346,63
"44","REACTOME_ANTIGEN_PROCESSING_UBIQUITINATION_PROTEASOME_DEGRADATION",0.436390532544379,0.775342720990108,0.070619624712259,0.238136074013356,1.01059931987942,259
"45","REACTOME_ANTIGEN_PROCESSING_UB_ATP_INDEPENDENT_PROTEASOMAL_DEGRADATION",0.288073394495413,0.67217125382263,0.105920292736253,0.431692081798973,1.14249198891907,17
"46","REACTOME_ANTIMICROBIAL_PEPTIDES",0.585034013605442,0.847562760526439,0.0774767547848578,-0.304370384739877,-0.919631067652057,26
"47","REACTOME_ANTIVIRAL_MECHANISM_BY_IFN_STIMULATED_GENES",0.918032786885246,1,0.0404934829859503,0.209103963310819,0.756675109517381,79
"48","REACTOME_APC_CDC20_MEDIATED_DEGRADATION_OF_NEK2A",0.032778342337723,0.248218305361142,0.321775918075361,0.531629114219238,1.51520530485474,23
"49","REACTOME_APC_C_CDC20_MEDIATED_DEGRADATION_OF_CYCLIN_B",0.063716814159292,0.344628263902731,0.237793834423688,0.514542376935098,1.43727484524761,21
"50","REACTOME_APC_C_CDH1_MEDIATED_DEGRADATION_OF_CDC20_AND_OTHER_APC_C_CDH1_TARGETED_PROTEINS_IN_LATE_MITOSIS_EARLY_G1",0.0175789055783057,0.181844012148918,0.352487857583619,0.451519778790659,1.53861119256368,54
"51","REACTOME_APC_C_MEDIATED_DEGRADATION_OF_CELL_CYCLE_PROTEINS",0.0429042904290429,0.291561272915613,0.282013350011725,0.397715523098483,1.39864247935488,67
"52","REACTOME_APOPTOSIS",0.853577371048253,0.990146439901464,0.0445070537769277,0.216850815176728,0.805599954012124,92
"53","REACTOME_APOPTOSIS_INDUCED_DNA_FRAGMENTATION",0.393939393939394,0.73646099549714,0.0891647117820678,0.448026972502524,1.05928777966406,11
"54","REACTOME_APOPTOTIC_CLEAVAGE_OF_CELLULAR_PROTEINS",0.166371681415929,0.506670721654435,0.142056643575821,0.410909310174633,1.25509828997071,31
"55","REACTOME_APOPTOTIC_EXECUTION_PHASE",0.377295492487479,0.728193832599119,0.0845557442441281,0.319470942855208,1.04213062038216,42
"56","REACTOME_APOPTOTIC_FACTOR_MEDIATED_RESPONSE",0.597430406852248,0.852364862078351,0.0734381410838857,-0.332022380333636,-0.894607488289229,16
"57","REACTOME_AQUAPORIN_MEDIATED_TRANSPORT",0.431304347826087,0.775342720990108,0.0795564677235957,0.333739031707681,1.02464633363458,32
"58","REACTOME_ARACHIDONATE_METABOLISM",0.0967741935483871,0.405507874756234,0.227987202850442,-0.387963588673651,-1.31880130473076,42
"59","REACTOME_ASPARAGINE_N_LINKED_GLYCOSYLATION",0.732522796352584,0.929297820823245,0.0810802057550866,-0.203615996570027,-0.914138689659483,242
"60","REACTOME_ASPIRIN_ADME",0.483362521891419,0.809960899315738,0.0739901439101341,0.332789127719083,1.00130883799104,28
"61","REACTOME_ASSEMBLY_OF_ACTIVE_LPL_AND_LIPC_LIPASE_COMPLEXES",0.169144981412639,0.509624523285331,0.144630528034484,0.568223869555359,1.32221126743459,10
"62","REACTOME_ASSEMBLY_OF_COLLAGEN_FIBRILS_AND_OTHER_MULTIMERIC_STRUCTURES",0.0146148989431525,0.17246882936748,0.380730400722792,-0.455180041908614,-1.58022883287638,45
"63","REACTOME_ASYMMETRIC_LOCALIZATION_OF_PCP_PROTEINS",0.53,0.82397672243337,0.0668966276500666,0.290797513171293,0.952756207136243,43
"64","REACTOME_ATORVASTATIN_ADME",0.0611814345991561,0.33904711673699,0.266350657088526,-0.615108239428649,-1.49506541322463,11
"65","REACTOME_ATP_DEPENDENT_CHROMATIN_REMODELERS",0.433996383363472,0.775342720990108,0.0813027345384498,0.347931356791167,1.0097001167277,24
"66","REACTOME_AUF1_HNRNP_D0_BINDS_AND_DESTABILIZES_MRNA",0.0151905950678125,0.17246882936748,0.380730400722792,0.510717075254914,1.60634567237783,35
"67","REACTOME_AURKA_ACTIVATION_BY_TPX2",0.0112576795282444,0.156902246459925,0.380730400722792,0.42723231725929,1.49885358058799,66
"68","REACTOME_AZATHIOPRINE_ADME",0.877777777777778,1,0.0565299525056311,-0.25863699013753,-0.716007460426177,19
"69","REACTOME_A_TETRASACCHARIDE_LINKER_SEQUENCE_IS_REQUIRED_FOR_GAG_SYNTHESIS",0.443181818181818,0.779966489087472,0.0928481214159878,-0.351004053359388,-1.01768633997756,22
"70","REACTOME_BASE_EXCISION_REPAIR",0.281725888324873,0.671114194004679,0.129442887745046,-0.287102287734046,-1.08732154198616,74
"71","REACTOME_BASE_EXCISION_REPAIR_AP_SITE_FORMATION",0.127710843373494,0.450374224169405,0.193813302725311,-0.360976154598264,-1.26787639939956,46
"72","REACTOME_BASIGIN_INTERACTIONS",0.0473509740311551,0.304025909124175,0.321775918075361,0.528239354651904,1.48841967098486,22
"73","REACTOME_BBSOME_MEDIATED_CARGO_TARGETING_TO_CILIUM",0.587591240875912,0.847562760526439,0.0662842187012672,0.361358793775093,0.895707428641497,13
"74","REACTOME_BETA_CATENIN_INDEPENDENT_WNT_SIGNALING",0.356907894736842,0.728193832599119,0.086794975677172,0.279408437076538,1.05720926748053,106
"75","REACTOME_BETA_CATENIN_PHOSPHORYLATION_CASCADE",0.885981308411215,1,0.0481183992657975,0.274115611585728,0.712512854703922,16
"76","REACTOME_BETA_OXIDATION_OF_VERY_LONG_CHAIN_FATTY_ACIDS",0.575949367088608,0.847562760526439,0.0745500777420554,-0.372582267051927,-0.905588358835136,11
"77","REACTOME_BILE_ACID_AND_BILE_SALT_METABOLISM",0.0946601941747573,0.404456958970233,0.227987202850442,-0.42403739819074,-1.35871516059404,34
"78","REACTOME_BINDING_AND_UPTAKE_OF_LIGANDS_BY_SCAVENGER_RECEPTORS",0.148282097649186,0.475995306344816,0.153158808683073,0.444095585789349,1.28876962670225,24
"79","REACTOME_BIOLOGICAL_OXIDATIONS",0.479108635097493,0.808061846514069,0.10027910675413,-0.233159265030482,-0.984185810516428,153
"80","REACTOME_BIOSYNTHESIS_OF_MARESINS",0.0217640687880555,0.210843788280174,0.352487857583619,-0.690181924263271,-1.6156050550681,10
"81","REACTOME_BIOSYNTHESIS_OF_SPECIALIZED_PRORESOLVING_MEDIATORS_SPMS",0.0174543500137285,0.181844012148918,0.352487857583619,-0.584169423113924,-1.61720744151875,19
"82","REACTOME_BIOSYNTHESIS_OF_THE_N_GLYCAN_PRECURSOR_DOLICHOL_LIPID_LINKED_OLIGOSACCHARIDE_LLO_AND_TRANSFER_TO_A_NASCENT_PROTEIN",0.340909090909091,0.711628618018753,0.115734447701689,-0.279367049675019,-1.05425200859394,71
"83","REACTOME_BIOTIN_TRANSPORT_AND_METABOLISM",0.711206896551724,0.920229468599034,0.0650877566917313,-0.351738156197679,-0.823362541434127,10
"84","REACTOME_BLOOD_GROUP_SYSTEMS_BIOSYNTHESIS",0.737226277372263,0.932551174230403,0.0554793308704233,0.320407670556417,0.794201042440167,13
"85","REACTOME_BRANCHED_CHAIN_AMINO_ACID_CATABOLISM",0.0000358823421780759,0.00518103465362108,0.557332238758646,0.755547398938988,2.08245830195293,20
"86","REACTOME_BUTYRATE_RESPONSE_FACTOR_1_BRF1_BINDS_AND_DESTABILIZES_MRNA",0.0485981308411215,0.309896300089617,0.282013350011725,0.572726925281816,1.48869775835706,16
"87","REACTOME_CA2_PATHWAY",0.250425894378194,0.631833354108669,0.110122263835536,0.349637082495045,1.14733633526144,46
"88","REACTOME_CALCINEURIN_ACTIVATES_NFAT",0.0539033457249071,0.323767837870248,0.266350657088526,0.655292849923748,1.52481378565898,10
"89","REACTOME_CARBOXYTERMINAL_POST_TRANSLATIONAL_MODIFICATIONS_OF_TUBULIN",0.168888888888889,0.509624523285331,0.159646701919906,-0.458500734827125,-1.26930779148233,19
"90","REACTOME_CARDIAC_CONDUCTION",0.000510615661302756,0.0297114487920541,0.477270815362862,0.470914531925388,1.71822674115423,83
"91","REACTOME_CARGO_CONCENTRATION_IN_THE_ER",0.823665893271462,0.975885529640645,0.0615706755421678,-0.255226439852269,-0.784106461944213,28
"92","REACTOME_CARGO_RECOGNITION_FOR_CLATHRIN_MEDIATED_ENDOCYTOSIS",0.331632653061224,0.707103621636719,0.118287526124085,-0.272048528613175,-1.05851841732822,91
"93","REACTOME_CARGO_TRAFFICKING_TO_THE_PERICILIARY_MEMBRANE",0.84964200477327,0.98980871886121,0.0614364107201271,-0.232913893363032,-0.762358404620735,36
"94","REACTOME_CARNITINE_SHUTTLE",0.852422907488987,0.990146439901464,0.0574877409561325,-0.284823172165725,-0.716803985239569,13
"95","REACTOME_CASPASE_ACTIVATION_VIA_DEATH_RECEPTORS_IN_THE_PRESENCE_OF_LIGAND",0.10352422907489,0.411884860122746,0.206587922696891,-0.523618344933024,-1.37510891800155,15
"96","REACTOME_CASPASE_ACTIVATION_VIA_EXTRINSIC_APOPTOTIC_SIGNALLING_PATHWAY",0.356194690265487,0.728193832599119,0.104343952581949,-0.394555258003573,-1.07910499089867,18
"97","REACTOME_CASPASE_MEDIATED_CLEAVAGE_OF_CYTOSKELETAL_PROTEINS",0.381465517241379,0.728193832599119,0.0985499803531691,-0.458436624717599,-1.07312652256536,10
"98","REACTOME_CA_DEPENDENT_EVENTS",0.196078431372549,0.556551889048302,0.130105630751129,0.415922189599234,1.22506761245882,26
"99","REACTOME_CD209_DC_SIGN_SIGNALING",0.773831775700935,0.958028435076556,0.0543434390269162,0.301986354591173,0.784957698493194,16
"100","REACTOME_CD28_DEPENDENT_PI3K_AKT_SIGNALING",0.562937062937063,0.847211713461892,0.0662842187012672,0.31280261149579,0.930046883271018,27
"101","REACTOME_CD28_DEPENDENT_VAV1_PATHWAY",0.555762081784387,0.846470699851365,0.0699458736501659,0.39028085329042,0.946522732859508,12
"102","REACTOME_CDC42_GTPASE_CYCLE",0.00454832797261864,0.103280325427023,0.407017918923954,-0.407703268249402,-1.58632163805036,89
"103","REACTOME_CDK_MEDIATED_PHOSPHORYLATION_AND_REMOVAL_OF_CDC6",0.0328256941641168,0.248218305361142,0.321775918075361,0.432594216617169,1.4741199273888,54
"104","REACTOME_CELLULAR_HEXOSE_TRANSPORT",0.322992700729927,0.704030248345794,0.0985499803531691,0.434544061889579,1.12043050681171,15
"105","REACTOME_CELLULAR_RESPONSES_TO_MECHANICAL_STIMULI",0.748110831234257,0.942477921351953,0.0702812841717392,-0.231591314621713,-0.862282599142169,66
"106","REACTOME_CELLULAR_RESPONSE_TO_CHEMICAL_STRESS",0.884927066450567,1,0.0416556773979467,0.207711496036602,0.809842185077535,123
"107","REACTOME_CELLULAR_RESPONSE_TO_HEAT_STRESS",0.0773026315789474,0.377719698828147,0.206587922696891,0.36987196521554,1.32233799325149,74
"108","REACTOME_CELLULAR_RESPONSE_TO_HYPOXIA",0.538851351351351,0.833339880578253,0.0667426134241917,0.280472799881985,0.94087731647463,51
"109","REACTOME_CELLULAR_SENESCENCE",0.283116883116883,0.671114194004679,0.130777137971974,-0.258480916034922,-1.06337806759498,124
"110","REACTOME_CELL_CELL_COMMUNICATION",0.778877887788779,0.960444123882587,0.0483117581055019,0.234170380731408,0.852330551542693,82
"111","REACTOME_CELL_CELL_JUNCTION_ORGANIZATION",0.488721804511278,0.8125,0.0928481214159878,-0.283352483882247,-0.972353478088717,44
"112","REACTOME_CELL_CYCLE_CHECKPOINTS",0.0070337987870439,0.125932051360344,0.407017918923954,0.327315084693973,1.38519120439233,251
"113","REACTOME_CELL_DEATH_SIGNALLING_VIA_NRAGE_NRIF_AND_NADE",0.0139924876394752,0.17246882936748,0.380730400722792,-0.418410922264554,-1.53487136089499,61
"114","REACTOME_CELL_EXTRACELLULAR_MATRIX_INTERACTIONS",0.0218234704847042,0.210843788280174,0.352487857583619,0.598953636866045,1.5851570151617,17
"115","REACTOME_CELL_JUNCTION_ORGANIZATION",0.866336633663366,0.995801404853129,0.0434506826723125,0.22182063575079,0.780074565713483,67
"116","REACTOME_CELL_SURFACE_INTERACTIONS_AT_THE_VASCULAR_WALL",0.704809286898839,0.920229468599034,0.0531298054705469,0.236898859126793,0.888728505205083,101
"117","REACTOME_CHAPERONIN_MEDIATED_PROTEIN_FOLDING",0.0222251882325349,0.210843788280174,0.352487857583619,0.481569008189936,1.54366070946662,38
"118","REACTOME_CHEMOKINE_RECEPTORS_BIND_CHEMOKINES",0.110169491525424,0.430957128614158,0.173747838999571,0.398748202308982,1.29123714638917,41
"119","REACTOME_CHK1_CHK2_CDS1_MEDIATED_INACTIVATION_OF_CYCLIN_B_CDK1_COMPLEX",0.174721189591078,0.518042762768451,0.142056643575821,0.520052908491347,1.26125044574112,12
"120","REACTOME_CHOLESTEROL_BIOSYNTHESIS",0.0033151599019296,0.0881832533913274,0.431707695803346,-0.589924850872012,-1.77175955325055,25
"121","REACTOME_CHONDROITIN_SULFATE_BIOSYNTHESIS",0.179816513761468,0.528104650826267,0.13880510939114,0.478143296016783,1.26542716043822,17
"122","REACTOME_CHONDROITIN_SULFATE_DERMATAN_SULFATE_METABOLISM",0.416252072968491,0.76135693503667,0.0789209638180035,0.30863856651651,1.01496528992351,44
"123","REACTOME_CHROMATIN_ORGANIZATION",0.754929577464789,0.945948097738517,0.0755015292281669,-0.207484938464703,-0.90085859916227,180
"124","REACTOME_CHROMOSOME_MAINTENANCE",0.998355263157895,1,0.0367619553883609,0.155171910688218,0.587130380702526,106
"125","REACTOME_CITRIC_ACID_CYCLE_TCA_CYCLE",0.00542972944006823,0.116825066136363,0.407017918923954,0.560362906346845,1.73678340383768,33
"126","REACTOME_CLASS_A_1_RHODOPSIN_LIKE_RECEPTORS",0.0702290076335878,0.36526930785961,0.208955027549354,0.296769475494216,1.22929798981862,209
"127","REACTOME_CLASS_B_2_SECRETIN_FAMILY_RECEPTORS",0.0939759036144578,0.404456958970233,0.227987202850442,-0.376507254057666,-1.3224271341516,46
"128","REACTOME_CLASS_I_MHC_MEDIATED_ANTIGEN_PROCESSING_PRESENTATION",0.625183016105417,0.868724459692751,0.0529129848430583,0.21891155821207,0.942258241845688,304
"129","REACTOME_CLASS_I_PEROXISOMAL_MEMBRANE_PROTEIN_IMPORT",0.438405797101449,0.77743961352657,0.0808589150280032,0.37434085375206,1.01451723596227,19
"130","REACTOME_CLATHRIN_MEDIATED_ENDOCYTOSIS",0.268929503916449,0.660615747087636,0.135002033828631,-0.260043120257972,-1.07124083553379,126
"131","REACTOME_CLEC7A_DECTIN_1_SIGNALING",0.569078947368421,0.847562760526439,0.0628003977812234,0.26449635130341,0.945607148682052,74
"132","REACTOME_COBALAMIN_CBL_VITAMIN_B12_TRANSPORT_AND_METABOLISM",0.192560175054705,0.553334584584585,0.147331213699377,-0.488706358891014,-1.25495098094164,14
"133","REACTOME_COHESIN_LOADING_ONTO_CHROMATIN",0.808550185873606,0.969779143692187,0.0520570030732099,0.313906352053517,0.730434847675849,10
"134","REACTOME_COLLAGEN_BIOSYNTHESIS_AND_MODIFYING_ENZYMES",0.023552904383607,0.210843788280174,0.352487857583619,-0.396989684637069,-1.44251900082767,56
"135","REACTOME_COLLAGEN_CHAIN_TRIMERIZATION",0.115107913669065,0.437410071942446,0.204294756516886,-0.390539380527501,-1.28720438374617,37
"136","REACTOME_COLLAGEN_DEGRADATION",0.0120982198487079,0.160906323987814,0.380730400722792,-0.482312543281083,-1.63952089818964,42
"137","REACTOME_COLLAGEN_FORMATION",0.00899962639047034,0.143916793759879,0.380730400722792,-0.416646357993373,-1.56830997409196,70
"138","REACTOME_COMMON_PATHWAY_OF_FIBRIN_CLOT_FORMATION",0.222466960352423,0.595163046230189,0.136490437780413,-0.460699968347726,-1.20987478977464,15
"139","REACTOME_COMPLEMENT_CASCADE",0.0112915687570515,0.156902246459925,0.380730400722792,0.532171084410572,1.64940594200305,33
"140","REACTOME_COMPLEX_III_ASSEMBLY",0.108411214953271,0.425868527938799,0.184706471207739,0.519537669061918,1.35044212027215,16
"141","REACTOME_COMPLEX_IV_ASSEMBLY",0.815347721822542,0.97319067822665,0.0636424081651019,-0.239014690075253,-0.787784208673248,37
"142","REACTOME_COMPLEX_I_BIOGENESIS",0.000266456710589928,0.0206725997966019,0.49849310876659,0.526256828490832,1.81603681049923,57
"143","REACTOME_CONDENSATION_OF_PROPHASE_CHROMOSOMES",0.0516227556555674,0.314122781145969,0.321775918075361,-0.413504471678494,-1.41898354209914,44
"144","REACTOME_CONVERSION_FROM_APC_C_CDC20_TO_APC_C_CDH1_IN_LATE_ANAPHASE",0.285457809694794,0.671114194004679,0.105125131597001,0.412768483363485,1.13768263403713,20
"145","REACTOME_COPII_MEDIATED_VESICLE_TRANSPORT",0.998344370860927,1,0.0370705393657621,0.159415925758802,0.558594774396948,65
"146","REACTOME_COPI_DEPENDENT_GOLGI_TO_ER_RETROGRADE_TRAFFIC",1,1,0.0564118388217596,-0.149554681407738,-0.578091648463388,87
"147","REACTOME_COPI_INDEPENDENT_GOLGI_TO_ER_RETROGRADE_TRAFFIC",0.454237288135593,0.787131490158585,0.0755015292281669,0.312199064456579,1.01097140190217,41
"148","REACTOME_COPI_MEDIATED_ANTEROGRADE_TRANSPORT",0.985221674876847,1,0.0559428593065705,-0.17498208541885,-0.680006930019109,84
"149","REACTOME_CO_INHIBITION_BY_CTLA4",0.0987432675044883,0.40813195243575,0.190023305279108,0.50354007932525,1.38786953674839,20
"150","REACTOME_CO_INHIBITION_BY_PD_1",0.123364485981308,0.446896250772755,0.172324344900946,0.51369249623381,1.33524867414225,16
"151","REACTOME_CO_STIMULATION_BY_CD28",0.648648648648649,0.884140550807218,0.0578529757032509,0.270226485949432,0.892468208433138,47
"152","REACTOME_CO_STIMULATION_BY_ICOS",0.545454545454545,0.837983798379838,0.0718276293603809,0.395446181430916,0.934968948777353,11
"153","REACTOME_CRMPS_IN_SEMA3A_SIGNALING",0.579295154185022,0.847562760526439,0.0764767053228531,-0.344397051135337,-0.904443973234382,15
"154","REACTOME_CROSSLINKING_OF_COLLAGEN_FIBRILS",0.0234068896353623,0.210843788280174,0.352487857583619,-0.577772988745147,-1.57035068039577,17
"155","REACTOME_CROSS_PRESENTATION_OF_SOLUBLE_EXOGENOUS_ANTIGENS_ENDOSOMES",0.454545454545455,0.787131490158585,0.0760837160951725,0.32418892444404,1.02376819667043,36
"156","REACTOME_CS_DS_DEGRADATION",0.541850220264317,0.836587985184211,0.0799858801499946,-0.375761633319215,-0.945665460486559,13
"157","REACTOME_CYCLIN_A_B1_B2_ASSOCIATED_EVENTS_DURING_G2_M_TRANSITION",0.502654867256637,0.819328552803129,0.0725351864394589,0.319618361945208,0.976255464618661,31
"158","REACTOME_CYCLIN_A_CDK2_ASSOCIATED_EVENTS_AT_S_PHASE_ENTRY",0.798347107438017,0.968200104850474,0.0472587336673259,0.237039148911352,0.813826570046774,56
"159","REACTOME_CYCLIN_D_ASSOCIATED_EVENTS_IN_G1",0.913669064748201,1,0.0582216241124161,-0.219644417241291,-0.723940454753841,37
"160","REACTOME_CYTOCHROME_C_MEDIATED_APOPTOTIC_RESPONSE",0.613636363636364,0.861682435211847,0.065981614400873,0.369708830510702,0.874117118454673,11
"161","REACTOME_CYTOCHROME_P450_ARRANGED_BY_SUBSTRATE_TYPE",0.00143610031784506,0.051423438304375,0.45505986738723,-0.533385242030991,-1.83036685665885,44
"162","REACTOME_CYTOKINE_SIGNALING_IN_IMMUNE_SYSTEM",0.625,0.868724459692751,0.051011413203915,0.216342773395123,0.950547742369176,384
"163","REACTOME_CYTOPROTECTION_BY_HMOX1",0.859322033898305,0.994061730331067,0.0450442767152794,0.234738280214999,0.760135808357193,41
"164","REACTOME_CYTOSOLIC_SENSORS_OF_PATHOGEN_ASSOCIATED_DNA",0.716937354988399,0.924471852485041,0.0683110858318647,-0.275545918246939,-0.846531947022557,28
"165","REACTOME_CYTOSOLIC_SULFONATION_OF_SMALL_MOLECULES",0.60813704496788,0.860449223199235,0.0725351864394589,-0.329504808590284,-0.887824094556418,16
"166","REACTOME_C_TYPE_LECTIN_RECEPTORS_CLRS",0.291181364392679,0.673800661703888,0.0992333343771191,0.294758563106875,1.09502694140235,92
"167","REACTOME_DAP12_INTERACTIONS",0.558252427184466,0.846470699851365,0.0835990603684159,-0.277695071088283,-0.93882249729685,41
"168","REACTOME_DAP12_SIGNALING",0.565116279069767,0.84721941354904,0.0806388495950661,-0.305946740091523,-0.933015552991315,27
"169","REACTOME_DARPP_32_EVENTS",0.362616822429907,0.728193832599119,0.0931454575337804,0.410831168575618,1.06787966956641,16
"170","REACTOME_DDX58_IFIH1_MEDIATED_INDUCTION_OF_INTERFERON_ALPHA_BETA",0.285388127853881,0.671114194004679,0.120985142145252,-0.354563612262011,-1.10691712878396,29
"171","REACTOME_DEACTIVATION_OF_THE_BETA_CATENIN_TRANSACTIVATING_COMPLEX",0.35827664399093,0.728193832599119,0.105520936843198,-0.352375463309095,-1.06467461942553,26
"172","REACTOME_DEADENYLATION_DEPENDENT_MRNA_DECAY",0.192567567567568,0.553334584584585,0.127505315300183,0.350734142160015,1.17657683244293,51
"173","REACTOME_DEADENYLATION_OF_MRNA",0.512455516014235,0.821769718155997,0.0718276293603809,0.340674127878553,0.95991725884224,22
"174","REACTOME_DEATH_RECEPTOR_SIGNALING",0.0036901457007064,0.0909712441682006,0.431707695803346,-0.359624684007212,-1.48835720798579,129
"175","REACTOME_DECTIN_1_MEDIATED_NONCANONICAL_NF_KB_SIGNALING",0.634188034188034,0.875241939943593,0.059476028695732,0.280264739199492,0.901359418516029,39
"176","REACTOME_DEGRADATION_OF_AXIN",0.0754716981132075,0.377719698828147,0.213927855492356,0.43326717629146,1.36823044312534,36
"177","REACTOME_DEGRADATION_OF_BETA_CATENIN_BY_THE_DESTRUCTION_COMPLEX",0.45928338762215,0.787416982922201,0.0728938564822936,0.28551179599258,0.990609537229281,60
"178","REACTOME_DEGRADATION_OF_CYSTEINE_AND_HOMOCYSTEINE",0.933189655172414,1,0.0522693317499306,-0.250401464053906,-0.620353470408952,12
"179","REACTOME_DEGRADATION_OF_DVL",0.34804753820034,0.718475073313783,0.0899860794997137,0.333198280503421,1.06806103658586,38
"180","REACTOME_DEGRADATION_OF_GLI1_BY_THE_PROTEASOME",0.64957264957265,0.884140550807218,0.0583452776743612,0.280223026094324,0.889083855834028,37
"181","REACTOME_DEGRADATION_OF_THE_EXTRACELLULAR_MATRIX",0.100502512562814,0.40813195243575,0.224966093540314,-0.31490685624926,-1.22658692994725,90
"182","REACTOME_DEPOLYMERIZATION_OF_THE_NUCLEAR_LAMINA",0.634469696969697,0.875241939943593,0.0643583367917361,0.361599604698304,0.854944157153639,11
"183","REACTOME_DEPOSITION_OF_NEW_CENPA_CONTAINING_NUCLEOSOMES_AT_THE_CENTROMERE",0.146095717884131,0.470640530623273,0.184706471207739,-0.333901939950448,-1.21328062524365,56
"184","REACTOME_DERMATAN_SULFATE_BIOSYNTHESIS",0.700431034482759,0.920229468599034,0.0658311958368866,-0.353577202933493,-0.82766745452796,10
"185","REACTOME_DETOXIFICATION_OF_REACTIVE_OXYGEN_SPECIES",0.276223776223776,0.666228848871336,0.105520936843198,0.385670227285748,1.14670204044113,27
"186","REACTOME_DEUBIQUITINATION",0.963358778625954,1,0.0349401058848478,0.190668955114944,0.789201796955842,211
"187","REACTOME_DEVELOPMENTAL_BIOLOGY",0.127388535031847,0.450374224169405,0.224966093540314,-0.239217668805417,-1.10966828449965,354
"188","REACTOME_DIGESTION",0.719827586206897,0.925634644694228,0.0645031249656493,-0.347090282901297,-0.812482616404266,10
"189","REACTOME_DIGESTION_AND_ABSORPTION",0.426695842450766,0.775342720990108,0.0928481214159878,-0.402486621043201,-1.03354697704413,14
"190","REACTOME_DISASSEMBLY_OF_THE_DESTRUCTION_COMPLEX_AND_RECRUITMENT_OF_AXIN_TO_THE_MEMBRANE",0.381898454746137,0.728193832599119,0.0999276973731092,-0.35020678372478,-1.05179873972142,25
"191","REACTOME_DISSOLUTION_OF_FIBRIN_CLOT",0.381856540084388,0.728193832599119,0.0972150808846466,-0.438422403641252,-1.06561761012287,11
"192","REACTOME_DNA_DAMAGE_BYPASS",0.669975186104218,0.898770746776696,0.0751181635276301,-0.2591384936491,-0.8808872623814,42
"193","REACTOME_DNA_DAMAGE_RECOGNITION_IN_GG_NER",0.503389830508475,0.819328552803129,0.0702812841717392,0.310350710713231,0.971223761204326,34
"194","REACTOME_DNA_DAMAGE_TELOMERE_STRESS_INDUCED_SENESCENCE",0.0636132315521628,0.344628263902731,0.287857117255149,-0.357030588385489,-1.31026042756297,62
"195","REACTOME_DNA_DOUBLE_STRAND_BREAK_REPAIR",0.973101265822785,1,0.0361491929398957,0.187175235815983,0.74732388325244,146
"196","REACTOME_DNA_DOUBLE_STRAND_BREAK_RESPONSE",0.570707070707071,0.847562760526439,0.0845557442441281,-0.258740219547962,-0.951486353517666,63
"197","REACTOME_DNA_REPAIR",0.921167883211679,1,0.0349401058848478,0.194608090543107,0.833006571232376,287
"198","REACTOME_DNA_REPLICATION",0.0333268401397881,0.248218305361142,0.321775918075361,0.362770245942064,1.38414687426494,112
"199","REACTOME_DNA_REPLICATION_PRE_INITIATION",0.0162509416772617,0.178621249954201,0.352487857583619,0.389649491202984,1.42171483374011,83
"200","REACTOME_DNA_STRAND_ELONGATION",0.0345281041580268,0.251138007586898,0.321775918075361,0.516206079680755,1.49803496792054,24
"201","REACTOME_DOPAMINE_NEUROTRANSMITTER_RELEASE_CYCLE",0.668181818181818,0.898588534350124,0.0707899094502623,-0.294161785312606,-0.852880266740215,22
"202","REACTOME_DOWNREGULATION_OF_ERBB2_SIGNALING",0.79862700228833,0.968200104850474,0.0623861492893626,-0.270339130506744,-0.770486512489569,21
"203","REACTOME_DOWNREGULATION_OF_SMAD2_3_SMAD4_TRANSCRIPTIONAL_ACTIVITY",0.696902654867257,0.919743297614649,0.0673623868166279,-0.304048705784612,-0.831570405495608,18
"204","REACTOME_DOWNREGULATION_OF_TGF_BETA_RECEPTOR_SIGNALING",0.114537444933921,0.437410071942446,0.195789002148949,-0.539636588505551,-1.35808352347398,13
"205","REACTOME_DOWNSTREAM_SIGNALING_EVENTS_OF_B_CELL_RECEPTOR_BCR",0.00324287768936415,0.0881832533913274,0.431707695803346,0.486781596909015,1.68441420159845,59
"206","REACTOME_DOWNSTREAM_SIGNALING_OF_ACTIVATED_FGFR1",0.977628635346756,1,0.0518457624865066,-0.185224002190228,-0.545178778864307,23
"207","REACTOME_DOWNSTREAM_SIGNALING_OF_ACTIVATED_FGFR2",0.926666666666667,1,0.0540088272801684,-0.231574721307717,-0.641088608455692,19
"208","REACTOME_DOWNSTREAM_SIGNALING_OF_ACTIVATED_FGFR3",0.814159292035398,0.973019641700842,0.0598603117764473,-0.279357785863829,-0.764040967284053,18
"209","REACTOME_DOWNSTREAM_SIGNALING_OF_ACTIVATED_FGFR4",0.962222222222222,1,0.0522693317499306,-0.213767535215069,-0.591791413631574,19
"210","REACTOME_DOWNSTREAM_SIGNAL_TRANSDUCTION",0.0971302428256071,0.405507874756234,0.213927855492356,-0.449581865456462,-1.35025836581261,25
"211","REACTOME_DOWNSTREAM_TCR_SIGNALING",0.0640394088669951,0.344628263902731,0.227987202850442,0.384090052941424,1.36609917834257,70
"212","REACTOME_DRUG_ADME",0.488607594936709,0.8125,0.0934449219410994,-0.260072569041827,-0.980502657991332,72
"213","REACTOME_DUAL_INCISION_IN_GG_NER",0.928692699490662,1,0.0415717899246479,0.216537145518884,0.694105887199705,38
"214","REACTOME_DUAL_INCISION_IN_TC_NER",0.740131578947368,0.934955902306649,0.0504983044100709,0.245023525317208,0.846384558640535,58
"215","REACTOME_E3_UBIQUITIN_LIGASES_UBIQUITINATE_TARGET_PROTEINS",0.838709677419355,0.982688868069159,0.0639271933359996,-0.232151180635562,-0.789149520354869,42
"216","REACTOME_ECM_PROTEOGLYCANS",0.695754716981132,0.919743297614649,0.070619624712259,-0.255686394747051,-0.864079438264005,40
"217","REACTOME_EFFECTS_OF_PIP2_HYDROLYSIS",0.066815144766147,0.355456570155902,0.261663521711573,-0.472446804381155,-1.40408375190867,24
"218","REACTOME_EGFR_DOWNREGULATION",0.222222222222222,0.595163046230189,0.13880510939114,-0.388208417907562,-1.1729410604023,26
"219","REACTOME_EICOSANOIDS",0.901486988847584,1,0.0470699590082662,0.274153455696409,0.637933053413567,10
"220","REACTOME_EICOSANOID_LIGAND_BINDING_RECEPTORS",0.102752293577982,0.411884860122746,0.188204146308491,0.542788353880976,1.37226525647201,14
"221","REACTOME_ELASTIC_FIBRE_FORMATION",0.673031026252983,0.901407137529405,0.0728938564822936,-0.266733404239238,-0.873054198608654,36
"222","REACTOME_ELEVATION_OF_CYTOSOLIC_CA2_LEVELS",0.825991189427313,0.975885529640645,0.0589694466690997,-0.294305427156408,-0.740667627072843,13
"223","REACTOME_ENDOGENOUS_STEROLS",0.0685840707964602,0.361032116933479,0.257206466468838,-0.526551648958274,-1.44011390250349,18
"224","REACTOME_ENDOSOMAL_SORTING_COMPLEX_REQUIRED_FOR_TRANSPORT_ESCRT",0.45578231292517,0.787131490158585,0.0911073131586733,-0.330462225900316,-0.998465504070332,26
"225","REACTOME_ENDOSOMAL_VACUOLAR_PATHWAY",0.618534482758621,0.865948275862069,0.072003313661988,-0.385097013275395,-0.901450269077216,10
"226","REACTOME_ENERGY_DEPENDENT_REGULATION_OF_MTOR_BY_LKB1_AMPK",0.430851063829787,0.775342720990108,0.0806388495950661,0.341922924800154,1.03327939164292,29
"227","REACTOME_ENOS_ACTIVATION",0.806691449814126,0.969779143692187,0.0521630305460055,0.3049434171673,0.739559407414555,12
"228","REACTOME_EPHA_MEDIATED_GROWTH_CONE_COLLAPSE",0.557009345794393,0.846470699851365,0.070113215764256,0.353201150995095,0.91808109331825,16
"229","REACTOME_EPHB_MEDIATED_FORWARD_SIGNALING",0.272311212814645,0.663596668462644,0.124434168630393,-0.355493698278493,-1.12702867068829,31
"230","REACTOME_EPHRIN_SIGNALING",0.190265486725664,0.552956590095205,0.149207542435322,-0.449636704527694,-1.22975223902014,18
"231","REACTOME_EPH_EPHRIN_MEDIATED_REPULSION_OF_CELLS",0.372365339578454,0.728193832599119,0.105125131597001,-0.327420817904976,-1.04244031055634,32
"232","REACTOME_EPH_EPHRIN_SIGNALING",0.116751269035533,0.437919061302682,0.208955027549354,-0.335602572835425,-1.22534012196109,58
"233","REACTOME_EPIGENETIC_REGULATION_BY_WDR5_CONTAINING_HISTONE_MODIFYING_COMPLEXES",0.0247485643117561,0.215335639011634,0.352487857583619,-0.372398423964853,-1.42168751172576,77
"234","REACTOME_EPIGENETIC_REGULATION_OF_GENE_EXPRESSION",0.354166666666667,0.728193832599119,0.115240003147781,-0.248763570926894,-1.04161829477412,137
"235","REACTOME_EPIGENETIC_REGULATION_OF_GENE_EXPRESSION_BY_MLL3_AND_MLL4_COMPLEXES",0.00916844358931122,0.143916793759879,0.380730400722792,-0.46941898875828,-1.6562005757773,47
"236","REACTOME_ERBB2_ACTIVATES_PTK6_SIGNALING",0.0775862068965517,0.377719698828147,0.237793834423688,-0.610266120193622,-1.42853499064621,10
"237","REACTOME_ERBB2_REGULATES_CELL_MOTILITY",0.118534482758621,0.437919061302682,0.190023305279108,-0.549708296445503,-1.36186683532788,12
"238","REACTOME_ERKS_ARE_INACTIVATED",0.901459854014598,1,0.0462302524077616,0.269119319458616,0.66707155819226,13
"239","REACTOME_ERK_MAPK_TARGETS",0.5,0.818101933216169,0.0739901439101341,0.356427603340946,0.965969766157596,19
"240","REACTOME_ERYTHROPOIETIN_ACTIVATES_PHOSPHOINOSITIDE_3_KINASE_PI3K",0.390086206896552,0.734090909090909,0.0972150808846466,-0.454174402696399,-1.06314934524269,10
"241","REACTOME_ER_PHAGOSOME_PATHWAY",0.91864406779661,1,0.0419926218968594,0.225083430259242,0.704384968923587,34
"242","REACTOME_ER_TO_GOLGI_ANTEROGRADE_TRANSPORT",1,1,0.0352404270679709,0.132848623072648,0.524340968378294,134
"243","REACTOME_ESR_MEDIATED_SIGNALING",0.427440633245383,0.775342720990108,0.103958471559957,-0.243525440740597,-1.01425483160746,132
"244","REACTOME_ESTABLISHMENT_OF_SISTER_CHROMATID_COHESION",0.123106060606061,0.446896250772755,0.173747838999571,0.573920854834235,1.35694363360418,11
"245","REACTOME_ESTROGEN_DEPENDENT_GENE_EXPRESSION",0.281407035175879,0.671114194004679,0.128788713061714,-0.293450375509953,-1.09000444515123,65
"246","REACTOME_EUKARYOTIC_TRANSLATION_INITIATION",0.00077036585567269,0.0376849980131449,0.477270815362862,0.443101712887628,1.67224270376066,105
"247","REACTOME_EXTENSION_OF_TELOMERES",0.0302217787431967,0.239399640158084,0.352487857583619,0.445344405917537,1.47082445559878,47
"248","REACTOME_EXTRACELLULAR_MATRIX_ORGANIZATION",0.0310549485531146,0.241168136740593,0.352487857583619,-0.285625135498176,-1.27264408707772,227
"249","REACTOME_EXTRA_NUCLEAR_ESTROGEN_SIGNALING",0.947103274559194,1,0.0588438169595807,-0.200735702610471,-0.747398077817887,66
"250","REACTOME_FACTORS_INVOLVED_IN_MEGAKARYOCYTE_DEVELOPMENT_AND_PLATELET_PRODUCTION",0.818635607321131,0.974616049125286,0.0464154956843849,0.218488302083582,0.824563431802804,105
"251","REACTOME_FANCONI_ANEMIA_PATHWAY",0.992920353982301,1,0.0404114482034376,0.168837103431908,0.513134399236889,30
"252","REACTOME_FATTY_ACIDS",0.912878787878788,1,0.0473534245254193,0.271225862035252,0.641269965462121,11
"253","REACTOME_FATTY_ACID_METABOLISM",0.515873015873016,0.821769718155997,0.0928481214159878,-0.232214389914221,-0.974271941476839,141
"254","REACTOME_FATTY_ACYL_COA_BIOSYNTHESIS",0.543706293706294,0.837416874879877,0.0679922591544058,0.31630775385067,0.940468620822981,27
"255","REACTOME_FBXL7_DOWN_REGULATES_AURKA_DURING_MITOTIC_ENTRY_AND_IN_EARLY_MITOSIS",0.324185248713551,0.704030248345794,0.0946646223153342,0.347037945770073,1.09592396633083,36
"256","REACTOME_FCERI_MEDIATED_CA_2_MOBILIZATION",0.0246678507715451,0.215335639011634,0.352487857583619,0.532443726619229,1.56827305983989,26
"257","REACTOME_FCERI_MEDIATED_MAPK_ACTIVATION",0.967517401392111,1,0.0540088272801684,-0.204059614537173,-0.626911782623528,28
"258","REACTOME_FCERI_MEDIATED_NF_KB_ACTIVATION",0.0446280991735537,0.294672059082117,0.276500599254472,0.418570247856172,1.43707733807216,56
"259","REACTOME_FCGAMMA_RECEPTOR_FCGR_DEPENDENT_PHAGOCYTOSIS",0.29873417721519,0.680003713905481,0.125033367555272,-0.284143547025986,-1.07125293581138,72
"260","REACTOME_FCGR_ACTIVATION",0.563291139240506,0.847211713461892,0.0756946307932749,-0.377143702527583,-0.916675260256979,11
"261","REACTOME_FC_EPSILON_RECEPTOR_FCERI_SIGNALING",0.0515806988352745,0.314122781145969,0.257206466468838,0.352790702158281,1.32019197809594,99
"262","REACTOME_FGFR1_LIGAND_BINDING_AND_ACTIVATION",0.568965517241379,0.847562760526439,0.0762797180809272,-0.400131251399273,-0.93664300632249,10
"263","REACTOME_FGFR2_ALTERNATIVE_SPLICING",0.21651376146789,0.592865623313546,0.125033367555272,0.461683372331679,1.22186525198235,17
"264","REACTOME_FLT3_SIGNALING",0.249547920433996,0.631833354108669,0.114266502484433,0.400182807643792,1.16133432558905,24
"265","REACTOME_FORMATION_OF_ATP_BY_CHEMIOSMOTIC_COUPLING",0.132727272727273,0.459364650219669,0.163180127180689,0.489306755790386,1.3123441439181,18
"266","REACTOME_FORMATION_OF_FIBRIN_CLOT_CLOTTING_CASCADE",0.66887417218543,0.898588534350124,0.0692836467392548,-0.288552831762016,-0.866629428368949,25
"267","REACTOME_FORMATION_OF_INCISION_COMPLEX_IN_GG_NER",0.124567474048443,0.449505109841474,0.16440575583821,0.398736419230211,1.28485289787118,40
"268","REACTOME_FORMATION_OF_RNA_POL_II_ELONGATION_COMPLEX",0.775,0.958045444376977,0.0489954089862481,0.240653694125132,0.820058134118633,54
"269","REACTOME_FORMATION_OF_SENESCENCE_ASSOCIATED_HETEROCHROMATIN_FOCI_SAHF",0.582056892778993,0.847562760526439,0.0758886900606117,-0.349893513540908,-0.898492929455016,14
"270","REACTOME_FORMATION_OF_TC_NER_PRE_INCISION_COMPLEX",0.316865417376491,0.702925270403146,0.0956031492204301,0.33043405760478,1.08432148555984,46
"271","REACTOME_FORMATION_OF_THE_BETA_CATENIN_TCF_TRANSACTIVATING_COMPLEX",0.959183673469388,1,0.053347785067549,-0.212727104289411,-0.642738136968851,26
"272","REACTOME_FORMATION_OF_THE_CANONICAL_BAF_CBAF_COMPLEX",0.8,0.96853055916775,0.0519512476197082,0.294037794352118,0.743379710330987,14
"273","REACTOME_FORMATION_OF_THE_CORNIFIED_ENVELOPE",0.213592233009709,0.590194227137847,0.147331213699377,-0.371533387063132,-1.1904800091299,34
"274","REACTOME_FORMATION_OF_THE_DYSTROPHIN_GLYCOPROTEIN_COMPLEX_DGC",0.358558558558559,0.728193832599119,0.0916795246008379,0.373035397685007,1.06319461886699,23
"275","REACTOME_FORMATION_OF_THE_EARLY_ELONGATION_COMPLEX",0.485217391304348,0.809960899315738,0.0734381410838857,0.323149993923116,0.992135845762797,32
"276","REACTOME_FORMATION_OF_THE_EMBRYONIC_STEM_CELL_BAF_ESBAF_COMPLEX",0.0587155963302752,0.334938425349384,0.252961123069611,0.551642899616655,1.4599470783196,17
"277","REACTOME_FORMATION_OF_THE_NON_CANONICAL_BAF_NCBAF_COMPLEX",0.762312633832976,0.952634982682552,0.0614364107201271,-0.294431109989456,-0.793320846375465,16
"278","REACTOME_FORMATION_OF_THE_POLYBROMO_BAF_PBAF_COMPLEX",0.281021897810219,0.671114194004679,0.107140237276725,0.449148325011435,1.15808620934295,15
"279","REACTOME_FORMATION_OF_WDR5_CONTAINING_HISTONE_MODIFYING_COMPLEXES",0.952267303102625,1,0.0560595875032335,-0.204889780648485,-0.67063172592633,36
"280","REACTOME_FOXO_MEDIATED_TRANSCRIPTION",0.227272727272727,0.599725434289033,0.120985142145252,0.447722081917573,1.20081205778212,18
"281","REACTOME_FREE_FATTY_ACIDS_REGULATE_INSULIN_SECRETION",0.477272727272727,0.807610511924654,0.0787113806986485,0.420960650638355,0.995293811106715,11
"282","REACTOME_FRS_MEDIATED_FGFR1_SIGNALING",0.947136563876652,1,0.0525898950623616,-0.236171671818458,-0.620226115527783,15
"283","REACTOME_FRS_MEDIATED_FGFR2_SIGNALING",0.949671772428884,1,0.0521630305460055,-0.229551387875146,-0.589465911685986,14
"284","REACTOME_FRS_MEDIATED_FGFR3_SIGNALING",0.596916299559471,0.852364862078351,0.0749278818393739,-0.357561113146105,-0.899860881827041,13
"285","REACTOME_FRS_MEDIATED_FGFR4_SIGNALING",0.979816513761468,1,0.0426733861156084,0.193895989351021,0.490203460802364,14
"286","REACTOME_G0_AND_EARLY_G1",0.989059080962801,1,0.0502948063662358,-0.193428178259049,-0.525725634901211,17
"287","REACTOME_G1_S_DNA_DAMAGE_CHECKPOINTS",0.219594594594595,0.594762545867321,0.118287526124085,0.352318360069751,1.16359036570676,47
"288","REACTOME_G1_S_TRANSITION",0.461285008237232,0.787993289300666,0.0732558655828455,0.269900464957111,0.997784862865658,89
"289","REACTOME_G2_M_CHECKPOINTS",0.374800637958533,0.728193832599119,0.0824344091527096,0.262650430169417,1.03665644185635,134
"290","REACTOME_G2_M_DNA_DAMAGE_CHECKPOINT",0.837171052631579,0.982688868069159,0.0448645113168564,0.223827463690863,0.813121875219206,81
"291","REACTOME_GAB1_SIGNALOSOME",0.723768736616702,0.92574880871341,0.0639271933359996,-0.303284426212544,-0.817175391907631,16
"292","REACTOME_GABA_B_RECEPTOR_ACTIVATION",0.793689320388349,0.967509803921569,0.0655321029282414,-0.240804201233758,-0.814103039985101,41
"293","REACTOME_GABA_RECEPTOR_ACTIVATION",0.809364548494983,0.969779143692187,0.0471642455670861,0.237668994695928,0.806412697831384,53
"294","REACTOME_GABA_SYNTHESIS_RELEASE_REUPTAKE_AND_DEGRADATION",0.977973568281938,1,0.0511147954416412,-0.213517288119024,-0.560731933632943,15
"295","REACTOME_GAMMA_CARBOXYLATION_HYPUSINYLATION_HYDROXYLATION_AND_ARYLSULFATASE_ACTIVATION",0.0585284280936455,0.334938425349384,0.241339976815091,0.409962303085686,1.39100519722171,53
"296","REACTOME_GAMMA_CARBOXYLATION_TRANSPORT_AND_AMINO_TERMINAL_CLEAVAGE_OF_PROTEINS",0.920258620689655,1,0.0529129848430583,-0.263891874935106,-0.61772850338214,10
"297","REACTOME_GAP_FILLING_DNA_REPAIR_SYNTHESIS_AND_LIGATION_IN_GG_NER",0.457777777777778,0.787131490158585,0.0897104652742981,-0.362473113672107,-1.00346610689804,19
"298","REACTOME_GAP_JUNCTION_ASSEMBLY",0.380434782608696,0.728193832599119,0.0886261133285098,0.387838326392041,1.0510973166506,19
"299","REACTOME_GAP_JUNCTION_DEGRADATION",0.122844827586207,0.446896250772755,0.186432558434075,-0.570475847314246,-1.33539235137022,10
"300","REACTOME_GAP_JUNCTION_TRAFFICKING_AND_REGULATION",0.718535469107552,0.925251067412352,0.0675188953767744,-0.26494638385258,-0.83616072401675,30
"301","REACTOME_GASTRIN_CREB_SIGNALLING_PATHWAY_VIA_PKC_AND_MAPK",0.330415754923414,0.707103621636719,0.108394255853397,-0.432893658824784,-1.11162932894583,14
"302","REACTOME_GENERATION_OF_SECOND_MESSENGER_MOLECULES",0.336936936936937,0.709539084539085,0.0952879846194844,0.382405689509862,1.0899010491608,23
"303","REACTOME_GENE_SILENCING_BY_RNA",0.443123938879457,0.779966489087472,0.0768736734126542,0.316927556570311,1.01590552652818,38
"304","REACTOME_GLI3_IS_PROCESSED_TO_GLI3R_BY_THE_PROTEASOME",0.133333333333333,0.459753086419753,0.157402899305283,0.395433441506661,1.27175347821594,39
"305","REACTOME_GLOBAL_GENOME_NUCLEOTIDE_EXCISION_REPAIR_GG_NER",0.795,0.967509803921569,0.0478299633114229,0.231187709233088,0.82956139575625,77
"306","REACTOME_GLUCAGON_LIKE_PEPTIDE_1_GLP1_REGULATES_INSULIN_SECRETION",0.707826086956522,0.920229468599034,0.0551351763385257,0.273747906323385,0.840461444138428,32
"307","REACTOME_GLUCAGON_TYPE_LIGAND_RECEPTORS",0.585812356979405,0.847562760526439,0.0778840111977068,-0.290025234537481,-0.919472711133042,31
"308","REACTOME_GLUCONEOGENESIS",0.384955752212389,0.729926283726547,0.0995791200495904,-0.386649183104515,-1.05748194898266,18
"309","REACTOME_GLUCOSE_METABOLISM",0.166939443535188,0.506670721654435,0.135740943810425,0.349947383949362,1.21358853566571,61
"310","REACTOME_GLUCURONIDATION",0.0299048540583471,0.239399640158084,0.352487857583619,0.621721021936716,1.60304848413982,15
"311","REACTOME_GLUTAMATE_AND_GLUTAMINE_METABOLISM",0.244493392070485,0.627537889619674,0.129442887745046,-0.469454939039464,-1.18145995157335,13
"312","REACTOME_GLUTAMATE_NEUROTRANSMITTER_RELEASE_CYCLE",0.711670480549199,0.920229468599034,0.0679922591544058,-0.288579921815246,-0.822474116555593,21
"313","REACTOME_GLUTATHIONE_CONJUGATION",0.893805309734513,1,0.0452247443372884,0.234341964036076,0.712218585176928,30
"314","REACTOME_GLUTATHIONE_SYNTHESIS_AND_RECYCLING",0.176724137931034,0.521926607427278,0.153158808683073,-0.510032187706894,-1.26357183597029,12
"315","REACTOME_GLYCEROPHOSPHOLIPID_BIOSYNTHESIS",0.225888324873096,0.599725434289033,0.14641623786055,-0.277788241427498,-1.11523007204838,106
"316","REACTOME_GLYCOGEN_BREAKDOWN_GLYCOGENOLYSIS",0.00564313172061393,0.116825066136363,0.407017918923954,0.685495914395637,1.76748597471072,15
"317","REACTOME_GLYCOGEN_METABOLISM",0.000557792108270946,0.0305473207529559,0.477270815362862,0.694982193315758,1.88350111065541,19
"318","REACTOME_GLYCOSAMINOGLYCAN_METABOLISM",0.325925925925926,0.704030248345794,0.117249716749792,-0.26033648845785,-1.05621174681056,110
"319","REACTOME_GLYCOSPHINGOLIPID_BIOSYNTHESIS",0.0265212601665983,0.226525625826633,0.352487857583619,0.574904259555684,1.54192074687945,18
"320","REACTOME_GLYCOSPHINGOLIPID_CATABOLISM",0.359267734553776,0.728193832599119,0.105920292736253,-0.331275165636257,-1.05024817983296,31
"321","REACTOME_GLYCOSPHINGOLIPID_METABOLISM",0.430508474576271,0.775342720990108,0.0782955249944794,0.301983842411426,1.00402133445735,49
"322","REACTOME_GLYOXYLATE_METABOLISM_AND_GLYCINE_DEGRADATION",0.497247706422018,0.818101933216169,0.0749278818393739,0.365506503904398,0.967328960189389,17
"323","REACTOME_GOLGI_ASSOCIATED_VESICLE_BIOGENESIS",0.26044226044226,0.646591318591319,0.132846300606183,-0.310543674488544,-1.11473380189626,52
"324","REACTOME_GOLGI_CISTERNAE_PERICENTRIOLAR_STACK_REORGANIZATION",0.838362068965517,0.982688868069159,0.0572461135202884,-0.299145512492707,-0.70025160786419,10
"325","REACTOME_GOLGI_TO_ER_RETROGRADE_TRANSPORT",0.993506493506494,1,0.0363783055518278,0.18016157875973,0.69852123588144,119
"326","REACTOME_GPCR_LIGAND_BINDING",0.317109144542773,0.702925270403146,0.0873098257637931,0.24899944319919,1.05870714602527,264
"327","REACTOME_GPER1_SIGNALING",0.0646853146853147,0.346103609034644,0.234392647294686,0.474479663216887,1.41075654656511,27
"328","REACTOME_GPVI_MEDIATED_ACTIVATION_CASCADE",0.611864406779661,0.860927361092867,0.0607719451853533,0.28651687348575,0.888027642717491,33
"329","REACTOME_GRB2_EVENTS_IN_ERBB2_SIGNALING",0.536637931034483,0.83129769349934,0.0793434960134973,-0.410082027761104,-0.959936175886714,10
"330","REACTOME_GRB2_SOS_PROVIDES_LINKAGE_TO_MAPK_SIGNALING_FOR_INTEGRINS",0.58550185873606,0.847562760526439,0.0673623868166279,0.373100967403435,0.904857474615689,12
"331","REACTOME_G_ALPHA_12_13_SIGNALLING_EVENTS",0.198473282442748,0.558243582943198,0.157402899305283,-0.303326512011837,-1.14175963636349,70
"332","REACTOME_G_ALPHA_I_SIGNALLING_EVENTS",0.120610687022901,0.442370350257942,0.156312403073186,0.282951257343337,1.17220292634165,207
"333","REACTOME_G_ALPHA_Q_SIGNALLING_EVENTS",0.284090909090909,0.671114194004679,0.137250779610133,-0.248363941325663,-1.06254054499283,166
"334","REACTOME_G_ALPHA_S_SIGNALLING_EVENTS",0.29783693843594,0.680003713905481,0.0978773277424561,0.292068769588469,1.08503436870686,92
"335","REACTOME_G_ALPHA_Z_SIGNALLING_EVENTS",0.603389830508475,0.857437754065041,0.0614364107201271,0.288730441888761,0.894888355341516,33
"336","REACTOME_G_BETA_GAMMA_SIGNALLING_THROUGH_CDC42",0.40754039497307,0.752817674047477,0.0843144320642653,0.37186008255217,1.0249298947533,20
"337","REACTOME_G_BETA_GAMMA_SIGNALLING_THROUGH_PI3KGAMMA",0.22040072859745,0.594762545867321,0.123257226381337,0.409857090704833,1.19479186871298,25
"338","REACTOME_G_PROTEIN_ACTIVATION",0.194594594594595,0.554029258616415,0.131457611642763,0.431062001036677,1.22857724158184,23
"339","REACTOME_G_PROTEIN_BETA_GAMMA_SIGNALLING",0.100869565217391,0.40813195243575,0.184706471207739,0.431008839475426,1.32328431850731,32
"340","REACTOME_G_PROTEIN_MEDIATED_EVENTS",0.381196581196581,0.728193832599119,0.0852884689790502,0.323595773208693,1.040716355567,39
"341","REACTOME_HATS_ACETYLATE_HISTONES",0.0721393034825871,0.369020283199388,0.266350657088526,-0.371960761465321,-1.34255626120593,54
"342","REACTOME_HDACS_DEACETYLATE_HISTONES",0.0501155636093387,0.313935148423308,0.321775918075361,-0.371542977290509,-1.36351919448723,62
"343","REACTOME_HDMS_DEMETHYLATE_HISTONES",0.477326968973747,0.807610511924654,0.0913924325943768,-0.299157272561543,-0.979181867374626,36
"344","REACTOME_HDR_THROUGH_HOMOLOGOUS_RECOMBINATION_HRR",0.835820895522388,0.982688868069159,0.0453152441270267,0.232263048688296,0.792975842931569,55
"345","REACTOME_HDR_THROUGH_MMEJ_ALT_NHEJ",0.801136363636364,0.968646694214876,0.053347785067549,0.317006004506888,0.749509755581477,11
"346","REACTOME_HDR_THROUGH_SINGLE_STRAND_ANNEALING_SSA",0.588737201365188,0.847562760526439,0.0629394692018967,0.292378098479248,0.919609537150831,35
"347","REACTOME_HEDGEHOG_LIGAND_BIOGENESIS",0.266998341625207,0.657607026595418,0.104343952581949,0.342951209847862,1.12780323619807,44
"348","REACTOME_HEDGEHOG_OFF_STATE",0.246710526315789,0.629280821917808,0.108820126769161,0.309868083604886,1.12569080244496,81
"349","REACTOME_HEDGEHOG_ON_STATE",0.562706270627063,0.847211713461892,0.0635007968065945,0.266677128837622,0.927734392099123,63
"350","REACTOME_HEME_BIOSYNTHESIS",0.162408759124088,0.499018332490183,0.14641623786055,0.510792253115636,1.26611119886835,13
"351","REACTOME_HEME_DEGRADATION",0.00740216614563401,0.127618827436764,0.407017918923954,0.710701668542034,1.72361846574022,12
"352","REACTOME_HEMOSTASIS",0.647058823529412,0.884140550807218,0.0492917662312669,0.212382030011844,0.946994699215115,467
"353","REACTOME_HEPARAN_SULFATE_HEPARIN_HS_GAG_METABOLISM",0.143203883495146,0.464539426947668,0.183023938384487,-0.349050222358537,-1.24578096029768,49
"354","REACTOME_HIGH_LAMINAR_FLOW_SHEAR_STRESS_ACTIVATES_SIGNALING_BY_PIEZO1_AND_PECAM1_CDH5_KDR_IN_ENDOTHELIAL_CELLS",0.929824561403509,1,0.059476028695732,-0.212900840238244,-0.730591345653055,44
"355","REACTOME_HOMOLOGOUS_DNA_PAIRING_AND_STRAND_EXCHANGE",0.611408199643494,0.860927361092867,0.0632191170859458,0.302069555909464,0.889723219650953,26
"356","REACTOME_HOMOLOGY_DIRECTED_REPAIR",0.993517017828201,1,0.0363018462359236,0.172888938431637,0.66968646754106,118
"357","REACTOME_HSF1_DEPENDENT_TRANSACTIVATION",0.697463768115942,0.919743297614649,0.0577308549299813,0.307613448011672,0.83367642589266,19
"358","REACTOME_HSP90_CHAPERONE_CYCLE_FOR_STEROID_HORMONE_RECEPTORS_SHR_IN_THE_PRESENCE_OF_LIGAND",0.793220338983051,0.967509803921569,0.048701086452153,0.251420359751551,0.814156166698329,41
"359","REACTOME_HS_GAG_BIOSYNTHESIS",0.138321995464853,0.461131386861314,0.179782316298324,-0.418332546419107,-1.26395873444058,26
"360","REACTOME_HS_GAG_DEGRADATION",0.651327433628319,0.884447255891569,0.0598603117764473,0.314296356944311,0.87792622733968,21
"361","REACTOME_HYALURONAN_METABOLISM",0.32762312633833,0.706058172733761,0.107554375265169,-0.406641684371722,-1.09566317645194,16
"362","REACTOME_HYALURONAN_UPTAKE_AND_DEGRADATION",0.579925650557621,0.847562760526439,0.0678338263479455,0.375823749720445,0.911460861222922,12
"363","REACTOME_IKK_COMPLEX_RECRUITMENT_MEDIATED_BY_RIP1",0.971274685816876,1,0.042077210988939,0.219558385480325,0.605152215796067,20
"364","REACTOME_IL_6_TYPE_CYTOKINE_RECEPTOR_LIGAND_INTERACTIONS",0.457330415754923,0.787131490158585,0.0888945288620449,-0.390518306692943,-1.00281349555607,14
"365","REACTOME_IMMUNOREGULATORY_INTERACTIONS_BETWEEN_A_LYMPHOID_AND_A_NON_LYMPHOID_CELL",0.476666666666667,0.807610511924654,0.0721797965581253,0.276901948288459,0.993595928917675,77
"366","REACTOME_INACTIVATION_OF_CSF3_G_CSF_SIGNALING",0.90301724137931,1,0.05378728077603,-0.269219996024382,-0.66697516912783,12
"367","REACTOME_INCRETIN_SYNTHESIS_SECRETION_AND_INACTIVATION",0.291666666666667,0.673800661703888,0.107140237276725,0.494793234495535,1.16985909092475,11
"368","REACTOME_INFLAMMASOMES",0.0962800875273523,0.405507874756234,0.213927855492356,-0.550977959174811,-1.41485846820719,14
"369","REACTOME_INHIBITION_OF_DNA_RECOMBINATION_AT_TELOMERE",0.0418642116613237,0.28658515482862,0.321775918075361,-0.437531214392558,-1.45034815480504,38
"370","REACTOME_INHIBITION_OF_THE_PROTEOLYTIC_ACTIVITY_OF_APC_C_REQUIRED_FOR_THE_ONSET_OF_ANAPHASE_BY_MITOTIC_SPINDLE_CHECKPOINT_COMPONENTS",0.0690265486725664,0.361032116933479,0.227987202850442,0.510819157683311,1.42687475069017,21
"371","REACTOME_INITIAL_TRIGGERING_OF_COMPLEMENT",0.0230690128455486,0.210843788280174,0.352487857583619,0.635560662738768,1.63873268079068,15
"372","REACTOME_INITIATION_OF_NUCLEAR_ENVELOPE_NE_REFORMATION",0.306422018348624,0.689685770107457,0.102080107662747,0.423773128583569,1.12153413263521,17
"373","REACTOME_INOSITOL_PHOSPHATE_METABOLISM",0.00858583676149558,0.142739536159864,0.380730400722792,-0.480075930761778,-1.64743041820972,44
"374","REACTOME_INSERTION_OF_TAIL_ANCHORED_PROTEINS_INTO_THE_ENDOPLASMIC_RETICULUM_MEMBRANE",0.383259911894273,0.728193832599119,0.0995791200495904,-0.401116664444814,-1.05339911745768,15
"375","REACTOME_INSULIN_PROCESSING",0.872844827586207,0.998126100953654,0.0553642837725362,-0.285353850731238,-0.667967542350009,10
"376","REACTOME_INSULIN_RECEPTOR_RECYCLING",0.65391621129326,0.884877896386665,0.0610363728309177,0.300410317111395,0.875738915593562,25
"377","REACTOME_INSULIN_RECEPTOR_SIGNALLING_CASCADE",0.0178037947374259,0.182146515390588,0.352487857583619,-0.470047233685971,-1.52619009863009,35
"378","REACTOME_INTEGRATION_OF_ENERGY_METABOLISM",0.0988467874794069,0.40813195243575,0.181383128498408,0.358211676522843,1.27547294633782,72
"379","REACTOME_INTEGRIN_CELL_SURFACE_INTERACTIONS",0.232323232323232,0.604781083539041,0.143758989039275,-0.300761415726787,-1.12376999303805,67
"380","REACTOME_INTEGRIN_SIGNALING",0.752260397830018,0.945147679324895,0.0541200569620232,0.283211281208634,0.821881839947511,24
"381","REACTOME_INTERCONVERSION_OF_NUCLEOTIDE_DI_AND_TRIPHOSPHATES",0.0105283571943826,0.150798469968772,0.380730400722792,0.579193655272498,1.65076982342465,23
"382","REACTOME_INTERFERON_ALPHA_BETA_SIGNALING",0.573831775700935,0.847562760526439,0.0686325631836726,0.347110082518987,0.902248486911768,16
"383","REACTOME_INTERFERON_GAMMA_SIGNALING",0.293333333333333,0.675973597359736,0.117249716749792,-0.413854294977543,-1.14570913687082,19
"384","REACTOME_INTERFERON_SIGNALING",0.978441127694859,1,0.0380842053196415,0.185707254289151,0.704393782442594,108
"385","REACTOME_INTERLEUKIN_12_FAMILY_SIGNALING",0.087527352297593,0.394491525423729,0.224966093540314,-0.558512650296606,-1.43420683117068,14
"386","REACTOME_INTERLEUKIN_15_SIGNALING",0.390086206896552,0.734090909090909,0.0972150808846466,-0.455471120461948,-1.06618475330449,10
"387","REACTOME_INTERLEUKIN_17_SIGNALING",0.868988391376451,0.996340138388517,0.0435378240914002,0.226714648661985,0.774032893492848,55
"388","REACTOME_INTERLEUKIN_1_FAMILY_SIGNALING",0.873762376237624,0.998126100953654,0.0618406035753285,-0.206814780486568,-0.823843545107936,98
"389","REACTOME_INTERLEUKIN_1_SIGNALING",0.9875,1,0.0565299525056311,-0.171421640462159,-0.663617950743519,85
"390","REACTOME_INTERLEUKIN_20_FAMILY_SIGNALING",0.445147679324895,0.78047549802538,0.0883594442500905,-0.418849203372771,-1.01804352011441,11
"391","REACTOME_INTERLEUKIN_2_FAMILY_SIGNALING",0.219858156028369,0.594762545867321,0.121543282035469,0.392788524424147,1.18699349509401,29
"392","REACTOME_INTERLEUKIN_3_INTERLEUKIN_5_AND_GM_CSF_SIGNALING",0.208849557522124,0.583900714874166,0.125033367555272,0.397502081084401,1.21414669825028,31
"393","REACTOME_INTERLEUKIN_4_AND_INTERLEUKIN_13_SIGNALING",0.765151515151515,0.954276953799798,0.0554793308704233,0.326333047301411,0.771562049436589,11
"394","REACTOME_INTERLEUKIN_6_FAMILY_SIGNALING",0.315555555555556,0.702828282828283,0.112378519110475,-0.405465003887777,-1.12248432666573,19
"395","REACTOME_INTERLEUKIN_7_SIGNALING",0.079295154185022,0.377719698828147,0.237793834423688,-0.550411614283467,-1.44547250243807,15
"396","REACTOME_INTERLEUKIN_RECEPTOR_SHC_SIGNALING",0.298181818181818,0.680003713905481,0.103197466945307,0.423330193190999,1.13539184448931,18
"397","REACTOME_INTRACELLULAR_SIGNALING_BY_SECOND_MESSENGERS",0.783258594917788,0.96216000877583,0.0435378240914002,0.212458910536752,0.885301365431721,219
"398","REACTOME_INTRAFLAGELLAR_TRANSPORT",0.0762852404643449,0.377719698828147,0.208955027549354,0.412414925840527,1.3562363236032,44
"399","REACTOME_INTRA_GOLGI_AND_RETROGRADE_GOLGI_TO_ER_TRAFFIC",1,1,0.0335297167141207,0.165779442687644,0.674278002120053,175
"400","REACTOME_INTRA_GOLGI_TRAFFIC",0.355060034305317,0.728193832599119,0.0894366833718621,0.338017289344015,1.0674373017172,36
"401","REACTOME_INTRINSIC_PATHWAY_FOR_APOPTOSIS",0.804295942720764,0.968692784829277,0.0640703750499722,-0.242758336364388,-0.794580586614815,36
"402","REACTOME_INTRINSIC_PATHWAY_OF_FIBRIN_CLOT_FORMATION",0.346715328467153,0.717315490673155,0.0943563635421779,0.426100880365239,1.09866056681234,15
"403","REACTOME_INWARDLY_RECTIFYING_K_CHANNELS",0.52695652173913,0.821769718155997,0.0692836467392548,0.313827424390197,0.963513671595509,32
"404","REACTOME_IONOTROPIC_ACTIVITY_OF_KAINATE_RECEPTORS",0.5817843866171,0.847562760526439,0.0676760401641789,0.374126658500201,0.907345016425119,12
"405","REACTOME_ION_CHANNEL_TRANSPORT",0.517628205128205,0.821769718155997,0.066132620475844,0.246859479911326,0.976429786345147,141
"406","REACTOME_ION_HOMEOSTASIS",0.00201444030527169,0.0603994384744079,0.431707695803346,0.51206354144706,1.70248419950292,49
"407","REACTOME_ION_TRANSPORT_BY_P_TYPE_ATPASES",0.287162162162162,0.67217125382263,0.100990587455923,0.335382175574357,1.10765578112601,47
"408","REACTOME_IRAK1_RECRUITS_IKK_COMPLEX",0.604166666666667,0.857437754065041,0.0667426134241917,0.37292284056126,0.881716128735809,11
"409","REACTOME_IRON_UPTAKE_AND_TRANSPORT",0.775903614457831,0.958045444376977,0.0662842187012672,-0.233339580734921,-0.819571441744802,46
"410","REACTOME_IRS_MEDIATED_SIGNALLING",0.0574549280886593,0.332239366773552,0.321775918075361,-0.462215280554779,-1.45873386917157,30
"411","REACTOME_ISG15_ANTIVIRAL_MECHANISM",0.939393939393939,1,0.0432768714901103,0.223607648878503,0.65861955767032,26
"412","REACTOME_JNK_C_JUN_KINASES_PHOSPHORYLATION_AND_ACTIVATION_MEDIATED_BY_ACTIVATED_HUMAN_TAK1",0.675724637681159,0.902581976587029,0.059221919380382,0.317550757190097,0.860607954577145,19
"413","REACTOME_KEAP1_NFE2L2_PATHWAY",0.982188295165394,1,0.057609110864425,-0.181983908984092,-0.66094832554742,57
"414","REACTOME_KERATAN_SULFATE_BIOSYNTHESIS",0.450271247739602,0.785023467501067,0.0793434960134973,0.345151246344657,1.00163220968923,24
"415","REACTOME_KERATAN_SULFATE_DEGRADATION",0.382899628252788,0.728193832599119,0.0897104652742981,0.44422964297798,1.07736121857824,12
"416","REACTOME_KERATAN_SULFATE_KERATIN_METABOLISM",0.511504424778761,0.821769718155997,0.0716527366829457,0.315702938869439,0.964296035408304,31
"417","REACTOME_KERATINIZATION",0.213592233009709,0.590194227137847,0.147331213699377,-0.371533387063132,-1.1904800091299,34
"418","REACTOME_KINESINS",0.902730375426621,1,0.0431036828790402,0.226826338582573,0.751415846608021,48
"419","REACTOME_KSRP_KHSRP_BINDS_AND_DESTABILIZES_MRNA",0.0342944421430732,0.251138007586898,0.321775918075361,0.629521918448328,1.56040884727372,13
"420","REACTOME_L1CAM_INTERACTIONS",0.219948849104859,0.594762545867321,0.149207542435322,-0.311216582865507,-1.13884467824699,59
"421","REACTOME_LAGGING_STRAND_SYNTHESIS",0.0610412926391382,0.33904711673699,0.245041785430996,0.530037561208352,1.46090254725945,20
"422","REACTOME_LAMININ_INTERACTIONS",0.281938325991189,0.671114194004679,0.119348440591015,-0.432867509168788,-1.13678211989928,15
"423","REACTOME_LDL_CLEARANCE",0.0831509846827133,0.385303570642363,0.231126709673834,-0.523415170119739,-1.42260954481823,17
"424","REACTOME_LGI_ADAM_INTERACTIONS",0.864312267657993,0.995801404853129,0.0489954089862481,0.289849756553896,0.702953735442167,12
"425","REACTOME_LYSINE_CATABOLISM",0.366171003717472,0.728193832599119,0.0922597260527354,0.461528066544321,1.07393871063481,10
"426","REACTOME_LYSOSOME_VESICLE_BIOGENESIS",0.360655737704918,0.728193832599119,0.107140237276725,-0.329227081797698,-1.04819108201102,32
"427","REACTOME_LYSOSPHINGOLIPID_AND_LPA_RECEPTORS",0.116788321167883,0.437919061302682,0.175204047558551,0.551737554325372,1.36760315393711,13
"428","REACTOME_MACROAUTOPHAGY",0.0931989924433249,0.404456958970233,0.234392647294686,-0.296017927499878,-1.20232033087599,114
"429","REACTOME_MAJOR_PATHWAY_OF_RRNA_PROCESSING_IN_THE_NUCLEOLUS_AND_CYTOSOL",0.000000878306737602868,0.000408851786354135,0.659444398037935,0.472309421580199,1.90995930394514,161
"430","REACTOME_MAP2K_AND_MAPK_ACTIVATION",0.490384615384615,0.812565076254058,0.0902635484340068,-0.302549068967374,-0.982342539890879,35
"431","REACTOME_MAP3K8_TPL2_DEPENDENT_MAPK1_3_ACTIVATION",0.517241379310345,0.821769718155997,0.0813027345384498,-0.416205945400095,-0.974271283698953,10
"432","REACTOME_MAPK6_MAPK4_SIGNALING",0.71,0.920229468599034,0.0530212512043078,0.251142101197605,0.855798717968788,54
"433","REACTOME_MAPK_FAMILY_SIGNALING_CASCADES",0.754098360655738,0.945948097738517,0.0451344222209097,0.211831102158092,0.896524650030752,250
"434","REACTOME_MAPK_TARGETS_NUCLEAR_EVENTS_MEDIATED_BY_MAP_KINASES",0.567425569176883,0.847562760526439,0.065981614400873,0.312598934137011,0.940559800265436,28
"435","REACTOME_MATURATION_OF_TCA_ENZYMES_AND_REGULATION_OF_TCA_CYCLE",0.0303428115345369,0.239399640158084,0.352487857583619,0.569420926410691,1.52721418487754,18
"436","REACTOME_METABOLISM_OF_AMINO_ACIDS_AND_DERIVATIVES",0.125193199381762,0.450018797777685,0.154190966581424,0.285054333511574,1.17071827515073,194
"437","REACTOME_METABOLISM_OF_ANGIOTENSINOGEN_TO_ANGIOTENSINS",0.706439393939394,0.920229468599034,0.059221919380382,0.343501734570066,0.812154651518058,11
"438","REACTOME_METABOLISM_OF_CARBOHYDRATES_AND_CARBOHYDRATE_DERIVATIVES",0.087797619047619,0.394491525423729,0.183023938384487,0.282829122835926,1.18862040117136,231
"439","REACTOME_METABOLISM_OF_COFACTORS",0.307414104882459,0.689685770107457,0.100990587455923,0.387317567857287,1.12399927699221,24
"440","REACTOME_METABOLISM_OF_FAT_SOLUBLE_VITAMINS",0.557264957264957,0.846470699851365,0.0656813601934011,0.297712619975191,0.944574354888656,37
"441","REACTOME_METABOLISM_OF_FOLATE_AND_PTERINES",1,1,0.0417397034728504,0.167979942872662,0.424683097454325,14
"442","REACTOME_METABOLISM_OF_NITRIC_OXIDE_NOS3_ACTIVATION_AND_REGULATION",0.231277533039648,0.604781083539041,0.133554954557592,-0.454907049310337,-1.19466162028457,15
"443","REACTOME_METABOLISM_OF_NUCLEOTIDES",0.731543624161074,0.929297820823245,0.0519512476197082,0.239708388017458,0.875105115814637,84
"444","REACTOME_METABOLISM_OF_POLYAMINES",0.135593220338983,0.461131386861314,0.155241966228839,0.392879157383685,1.27223184736214,41
"445","REACTOME_METABOLISM_OF_PORPHYRINS",0.00619484424563605,0.120154166514316,0.407017918923954,0.58191458179361,1.68872166792146,24
"446","REACTOME_METABOLISM_OF_STEROIDS",0.0000449860131267581,0.00518103465362108,0.557332238758646,-0.460502267138084,-1.81430326677591,94
"447","REACTOME_METABOLISM_OF_STEROID_HORMONES",0.0521067567852622,0.315009029656358,0.321775918075361,-0.489152670918398,-1.46910393148655,25
"448","REACTOME_METABOLISM_OF_VITAMINS_AND_COFACTORS",0.79483282674772,0.967509803921569,0.0436251240000606,0.215717157796079,0.873108358405775,159
"449","REACTOME_METABOLISM_OF_WATER_SOLUBLE_VITAMINS_AND_COFACTORS",0.817955112219451,0.974616049125286,0.0653834195468773,-0.211966673764136,-0.843596015075144,99
"450","REACTOME_METALLOPROTEASE_DUBS",0.919463087248322,1,0.0546808488785442,-0.225220935083256,-0.662903689108628,23
"451","REACTOME_METAL_ION_SLC_TRANSPORTERS",0.0310850444778422,0.241168136740593,0.352487857583619,-0.556336627568634,-1.54015547287209,19
"452","REACTOME_METHYLATION",0.318181818181818,0.703546586517819,0.101713902282311,0.480502838746302,1.13607174660668,11
"453","REACTOME_MET_ACTIVATES_PTK2_SIGNALING",0.993362831858407,1,0.0506004243853618,-0.190009328737207,-0.519673761275206,18
"454","REACTOME_MET_ACTIVATES_RAP1_AND_RAC1",0.579545454545455,0.847562760526439,0.0687943095604775,0.383377140913365,0.906433641938345,11
"455","REACTOME_MET_PROMOTES_CELL_MOTILITY",0.376712328767123,0.728193832599119,0.102821842840815,-0.331418026810152,-1.03465859997175,29
"456","REACTOME_MET_RECEPTOR_RECYCLING",0.325431034482759,0.704030248345794,0.108394255853397,-0.473371419038992,-1.10808647783773,10
"457","REACTOME_MHC_CLASS_II_ANTIGEN_PRESENTATION",0.933441558441558,1,0.0392758570896778,0.199575580075773,0.773793068455528,119
"458","REACTOME_MISCELLANEOUS_SUBSTRATES",0.0919037199124726,0.404456958970233,0.219250346703755,-0.518729749647647,-1.40987486637251,17
"459","REACTOME_MISCELLANEOUS_TRANSPORT_AND_BINDING_EVENTS",0.443181818181818,0.779966489087472,0.0928481214159878,-0.350952429674738,-1.0175366644448,22
"460","REACTOME_MISMATCH_REPAIR",0.138686131386861,0.461131386861314,0.159646701919906,0.509436836888543,1.31353439939222,15
"461","REACTOME_MISMATCH_REPAIR_MMR_DIRECTED_BY_MSH2_MSH3_MUTSBETA",0.128252788104089,0.450578663112857,0.16823816568964,0.58831077369584,1.36895187867151,10
"462","REACTOME_MITF_M_DEPENDENT_GENE_EXPRESSION",0.237687366167024,0.614685938615275,0.129442887745046,-0.440069007883815,-1.18573039992446,16
"463","REACTOME_MITF_M_REGULATED_MELANOCYTE_DEVELOPMENT",0.330827067669173,0.707103621636719,0.117249716749792,-0.317189537960339,-1.08846884355268,44
"464","REACTOME_MITOCHONDRIAL_BIOGENESIS",0.125874125874126,0.450374224169405,0.16440575583821,0.432252165498896,1.28520275897635,27
"465","REACTOME_MITOCHONDRIAL_CALCIUM_ION_TRANSPORT",0.823853211009174,0.975885529640645,0.0506004243853618,0.283912711336416,0.751387416934828,17
"466","REACTOME_MITOCHONDRIAL_FATTY_ACID_BETA_OXIDATION",0.963478260869565,1,0.0409883873374721,0.203367597125616,0.62437965888675,32
"467","REACTOME_MITOCHONDRIAL_IRON_SULFUR_CLUSTER_BIOGENESIS",0.251893939393939,0.633819615069615,0.116739204791222,0.503555627232243,1.19057636045602,11
"468","REACTOME_MITOCHONDRIAL_PROTEIN_DEGRADATION",0.00422819348527571,0.0984112033697922,0.407017918923954,0.44491744518826,1.59647906046146,77
"469","REACTOME_MITOCHONDRIAL_PROTEIN_IMPORT",0.197026022304833,0.557541722692399,0.132846300606183,0.548488143622664,1.27628781965752,10
"470","REACTOME_MITOCHONDRIAL_TRANSLATION",0.000122050044353381,0.0113628591292998,0.538434096309916,0.495391329538571,1.82574397062048,87
"471","REACTOME_MITOPHAGY",0.695550351288056,0.919743297614649,0.0702812841717392,-0.267885190899567,-0.852891161232865,32
"472","REACTOME_MITOTIC_G1_PHASE_AND_G1_S_TRANSITION",0.823333333333333,0.975885529640645,0.0462302524077616,0.220413568991209,0.840986150262957,112
"473","REACTOME_MITOTIC_G2_G2_M_PHASES",0.00600296595656408,0.11890981501194,0.407017918923954,0.365436191312413,1.47590121102379,160
"474","REACTOME_MITOTIC_METAPHASE_AND_ANAPHASE",0.0000500851899920406,0.00518103465362108,0.557332238758646,0.40878526488052,1.67896083343643,195
"475","REACTOME_MITOTIC_PROMETAPHASE",0.0000109855935652128,0.00340919586973771,0.593325476396405,0.428951756631957,1.75184566857344,182
"476","REACTOME_MITOTIC_PROPHASE",0.909090909090909,1,0.0596037042575973,-0.2007200534428,-0.795643554397259,96
"477","REACTOME_MITOTIC_SPINDLE_CHECKPOINT",0.000382018909099463,0.0259072957818931,0.49849310876659,0.446814475996725,1.69478214516807,108
"478","REACTOME_MITOTIC_TELOPHASE_CYTOKINESIS",0.483576642335766,0.809960899315738,0.0760837160951725,0.39491458997975,0.978882866605789,13
"479","REACTOME_MODULATION_OF_HOST_RESPONSES_BY_IFN_STIMULATED_GENES",0.198275862068966,0.558243582943198,0.143758989039275,-0.534109999988451,-1.25026574241983,10
"480","REACTOME_MOLECULES_ASSOCIATED_WITH_ELASTIC_FIBRES",0.4337899543379,0.775342720990108,0.0943563635421779,-0.323192871511546,-1.00898037194138,29
"481","REACTOME_MRNA_CAPPING",0.136602451838879,0.461131386861314,0.157402899305283,0.422994456249437,1.27272212997687,28
"482","REACTOME_MRNA_DECAY_BY_3_TO_5_EXORIBONUCLEASE",0.346715328467153,0.717315490673155,0.0943563635421779,0.42579971514017,1.09788404094223,15
"483","REACTOME_MRNA_DECAY_BY_5_TO_3_EXORIBONUCLEASE",0.321100917431193,0.703546586517819,0.0992333343771191,0.442096350050462,1.11769800669004,14
"484","REACTOME_MRNA_SPLICING",0.0143764034514712,0.17246882936748,0.380730400722792,0.324441218164643,1.32596729654074,187
"485","REACTOME_MRNA_SPLICING_MINOR_PATHWAY",0.138513513513514,0.461131386861314,0.153158808683073,0.375215572570176,1.23921224320914,47
"486","REACTOME_MTORC1_MEDIATED_SIGNALLING",0.151898734177215,0.482654339655247,0.151148761385484,0.4408197355384,1.27926307802187,24
"487","REACTOME_MTOR_SIGNALLING",0.113559322033898,0.437410071942446,0.170932335370056,0.397342053744143,1.28668371831163,41
"488","REACTOME_MUSCLE_CONTRACTION",0.00101461652512809,0.0410699123867064,0.45505986738723,0.40486323302558,1.60420751322152,138
"489","REACTOME_MYD88_MAL_TIRAP_CASCADE_INITIATED_ON_PLASMA_MEMBRANE",0.982323232323232,1,0.0572461135202884,-0.184570554907165,-0.71011938759122,80
"490","REACTOME_MYOGENESIS",0.485454545454545,0.809960899315738,0.0756946307932749,0.364362628470958,0.977238012919058,18
"491","REACTOME_M_PHASE",0.00292526475593758,0.0825279238720572,0.431707695803346,0.317849441526525,1.38014356574206,335
"492","REACTOME_NA_CL_DEPENDENT_NEUROTRANSMITTER_TRANSPORTERS",0.290748898678414,0.673800661703888,0.117249716749792,-0.43112961410547,-1.13221811823042,15
"493","REACTOME_NCAM1_INTERACTIONS",0.256637168141593,0.640560867398989,0.126253987849115,-0.426721096143687,-1.16707826148456,18
"494","REACTOME_NCAM_SIGNALING_FOR_NEURITE_OUT_GROWTH",0.802884615384615,0.968692784829277,0.0645031249656493,-0.246857927039655,-0.801519713374106,35
"495","REACTOME_NEDDYLATION",0.707692307692308,0.920229468599034,0.0494904866135495,0.222300508705466,0.910618277509267,188
"496","REACTOME_NEGATIVE_REGULATION_OF_FGFR2_SIGNALING",0.258581235697941,0.643687514531504,0.128142916898415,-0.408693440797253,-1.16480652758992,21
"497","REACTOME_NEGATIVE_REGULATION_OF_FGFR3_SIGNALING",0.101123595505618,0.40813195243575,0.211400189384923,-0.486707433263961,-1.36969900626831,20
"498","REACTOME_NEGATIVE_REGULATION_OF_FGFR4_SIGNALING",0.34324942791762,0.713541666666667,0.108820126769161,-0.385192622587809,-1.09782745789732,21
"499","REACTOME_NEGATIVE_REGULATION_OF_MAPK_PATHWAY",0.447863247863248,0.783760683760684,0.0766746872490091,0.314979941813818,1.01300698050149,39
"500","REACTOME_NEGATIVE_REGULATION_OF_MET_ACTIVITY",0.906422018348624,1,0.0462302524077616,0.254601064305327,0.673812860145442,17
"501","REACTOME_NEGATIVE_REGULATION_OF_THE_PI3K_AKT_NETWORK",0.0952380952380952,0.404456958970233,0.231126709673834,-0.306327348638744,-1.22494112830116,101
"502","REACTOME_NEGATIVE_REGULATORS_OF_DDX58_IFIH1_SIGNALING",0.0632911392405063,0.344628263902731,0.261663521711573,-0.611428325166887,-1.48612111337018,11
"503","REACTOME_NERVOUS_SYSTEM_DEVELOPMENT",0.254491017964072,0.638628403570218,0.150169802128406,-0.238591613102097,-1.07130428975684,237
"504","REACTOME_NETRIN_1_SIGNALING",0.397810218978102,0.740722627737226,0.0865399737444125,0.4253275248141,1.05426802984848,13
"505","REACTOME_NEUREXINS_AND_NEUROLIGINS",0.687943262411348,0.914964539007092,0.0573667426768556,0.28199252259013,0.8521717646165,29
"506","REACTOME_NEURONAL_SYSTEM",0.00403272484678027,0.0962683803167291,0.407017918923954,0.328034687257093,1.40080218518585,290
"507","REACTOME_NEUROTRANSMITTER_RECEPTORS_AND_POSTSYNAPTIC_SIGNAL_TRANSMISSION",0.0437601296596434,0.293502692429597,0.276500599254472,0.33841208196225,1.3194280776094,123
"508","REACTOME_NEUROTRANSMITTER_RELEASE_CYCLE",0.961857379767827,1,0.038875878582578,0.199834630601465,0.657160950669214,44
"509","REACTOME_NEUTROPHIL_DEGRANULATION",0.296918767507003,0.680003713905481,0.0880945010398517,0.237946029383973,1.0502992566305,408
"510","REACTOME_NF_KB_IS_ACTIVATED_AND_SIGNALS_SURVIVAL",0.827586206896552,0.976530746033827,0.0578529757032509,-0.305481239196748,-0.715082526685347,10
"511","REACTOME_NICOTINATE_METABOLISM",0.812356979405034,0.972113557617078,0.0615706755421678,-0.266981510781221,-0.760917047988684,21
"512","REACTOME_NITRIC_OXIDE_STIMULATES_GUANYLATE_CYCLASE",0.491379310344828,0.812565076254058,0.0840745577910723,-0.39769735587752,-0.985269538352107,12
"513","REACTOME_NOD1_2_SIGNALING_PATHWAY",0.984238178633975,1,0.0403295396423143,0.191560262713778,0.576373950008081,28
"514","REACTOME_NONHOMOLOGOUS_END_JOINING_NHEJ",0.965289256198347,1,0.0385579101998489,0.198418378470467,0.681229869101715,56
"515","REACTOME_NONSENSE_MEDIATED_DECAY_NMD",0.000389583395216438,0.0259072957818931,0.49849310876659,0.460578009626154,1.72786313760297,101
"516","REACTOME_NONSENSE_MEDIATED_DECAY_NMD_INDEPENDENT_OF_THE_EXON_JUNCTION_COMPLEX_EJC",0.000241560440805651,0.0204447973081874,0.518848077743792,0.499278528138115,1.81726801627183,82
"517","REACTOME_NON_INTEGRIN_MEMBRANE_ECM_INTERACTIONS",0.591584158415842,0.849945758464735,0.0815265143256594,-0.256090115390785,-0.924405491549201,53
"518","REACTOME_NOREPINEPHRINE_NEUROTRANSMITTER_RELEASE_CYCLE",0.458244111349036,0.787131490158585,0.0875697115548511,-0.369196272159546,-0.994769537494753,16
"519","REACTOME_NOTCH_HLH_TRANSCRIPTION_PATHWAY",0.0719101123595506,0.369020283199388,0.252961123069611,-0.512559297887854,-1.44245169271912,20
"520","REACTOME_NR1H2_AND_NR1H3_MEDIATED_SIGNALING",0.866379310344828,0.995801404853129,0.0557104226766671,-0.284113721770234,-0.703873413667523,12
"521","REACTOME_NRAGE_SIGNALS_DEATH_THROUGH_JNK",0.0151562635028723,0.17246882936748,0.380730400722792,-0.465271843666729,-1.63419988377538,46
"522","REACTOME_NRIF_SIGNALS_CELL_DEATH_FROM_THE_NUCLEUS",0.369198312236287,0.728193832599119,0.0992333343771191,-0.44224870241672,-1.07491770820834,11
"523","REACTOME_NUCLEAR_ENVELOPE_BREAKDOWN",0.095,0.404456958970233,0.186432558434075,0.405742558664186,1.32935710849403,43
"524","REACTOME_NUCLEAR_ENVELOPE_NE_REASSEMBLY",0.249589490968801,0.631833354108669,0.107972360317345,0.328685522531864,1.13424658014948,57
"525","REACTOME_NUCLEAR_EVENTS_KINASE_AND_TRANSCRIPTION_FACTOR_ACTIVATION",0.0559440559440559,0.329645038505798,0.252961123069611,0.484317808115436,1.44000801590646,27
"526","REACTOME_NUCLEAR_EVENTS_MEDIATED_BY_NFE2L2",0.606837606837607,0.859917522017979,0.0615706755421678,0.285648065794454,0.918672735000922,39
"527","REACTOME_NUCLEAR_PORE_COMPLEX_NPC_DISASSEMBLY",0.0439842463331186,0.293502692429597,0.321775918075361,0.493028911920354,1.48991651983905,29
"528","REACTOME_NUCLEAR_RECEPTOR_TRANSCRIPTION_PATHWAY",0.0224597851890561,0.210843788280174,0.352487857583619,-0.459803196557968,-1.56300506862799,42
"529","REACTOME_NUCLEAR_RNA_DECAY",0.519503546099291,0.821769718155997,0.0709609456938284,0.321807870843119,0.972492386127751,29
"530","REACTOME_NUCLEOTIDE_BINDING_DOMAIN_LEUCINE_RICH_REPEAT_CONTAINING_RECEPTOR_NLR_SIGNALING_PATHWAYS",0.359801488833747,0.728193832599119,0.11101149245045,-0.310872033727737,-1.05674464216102,42
"531","REACTOME_NUCLEOTIDE_BIOSYNTHESIS",0.507299270072993,0.821105072463768,0.0736212741014394,0.388353067559422,0.962618686858878,13
"532","REACTOME_NUCLEOTIDE_CATABOLISM",0.160183066361556,0.49582815551216,0.166933848713193,-0.39356884044298,-1.24773904352391,31
"533","REACTOME_NUCLEOTIDE_EXCISION_REPAIR",0.623548922056385,0.868724459692751,0.0588438169595807,0.245783260024727,0.922058426500471,101
"534","REACTOME_NUCLEOTIDE_LIKE_PURINERGIC_RECEPTORS",0.277533039647577,0.667657002356316,0.120433371642259,-0.434616020488419,-1.14137400162405,15
"535","REACTOME_NUCLEOTIDE_SALVAGE",0.846681922196796,0.987795575896263,0.0596037042575973,-0.259423088319535,-0.739374985056429,21
"536","REACTOME_N_GLYCAN_ANTENNAE_ELONGATION",0.803964757709251,0.968692784829277,0.0602484086158019,-0.29072761158393,-0.763499092930916,15
"537","REACTOME_N_GLYCAN_ANTENNAE_ELONGATION_IN_THE_MEDIAL_TRANS_GOLGI",0.561521252796421,0.847211713461892,0.0789209638180035,-0.31757112484987,-0.9347224765741,23
"538","REACTOME_N_GLYCAN_TRIMMING_IN_THE_ER_AND_CALNEXIN_CALRETICULIN_CYCLE",0.330855018587361,0.707103621636719,0.0982123351217438,0.458586829273596,1.11218076735735,12
"539","REACTOME_ONCOGENE_INDUCED_SENESCENCE",0.526431718061674,0.821769718155997,0.0815265143256594,-0.381053981784125,-0.958984518911752,13
"540","REACTOME_OPIOID_SIGNALLING",0.320197044334975,0.703546586517819,0.0928481214159878,0.302359028142269,1.07540514716898,70
"541","REACTOME_ORC1_REMOVAL_FROM_CHROMATIN",0.111486486486486,0.434284179577067,0.172324344900946,0.383753739411244,1.28734475741064,51
"542","REACTOME_ORGANELLE_BIOGENESIS_AND_MAINTENANCE",0.0571870170015456,0.332239366773552,0.234392647294686,0.304672598860875,1.25129049970963,194
"543","REACTOME_OTHER_INTERLEUKIN_SIGNALING",0.477973568281938,0.807610511924654,0.086794975677172,-0.373137269296805,-0.979920569273432,15
"544","REACTOME_OTHER_SEMAPHORIN_INTERACTIONS",0.324770642201835,0.704030248345794,0.0985499803531691,0.44127534020626,1.11562234814585,14
"545","REACTOME_OVARIAN_TUMOR_DOMAIN_PROTEASES",0.370567375886525,0.728193832599119,0.0888945288620449,0.352403210011225,1.06495045532919,29
"546","REACTOME_OXIDATIVE_STRESS_INDUCED_SENESCENCE",0.929611650485437,1,0.0579754757571486,-0.212525910005745,-0.680982802875233,34
"547","REACTOME_O_GLYCOSYLATION_OF_TSR_DOMAIN_CONTAINING_PROTEINS",0.275779376498801,0.666228848871336,0.126875729929857,-0.33710438793473,-1.12625408448196,39
"548","REACTOME_O_LINKED_GLYCOSYLATION",0.107231920199501,0.423020837736168,0.216542836735348,-0.305677348234563,-1.21655064114633,99
"549","REACTOME_O_LINKED_GLYCOSYLATION_OF_MUCINS",0.307317073170732,0.689685770107457,0.120433371642259,-0.31301039477054,-1.08666462776444,45
"550","REACTOME_P130CAS_LINKAGE_TO_MAPK_SIGNALING_FOR_INTEGRINS",0.644981412639405,0.883055434069539,0.0626618230932491,0.354969879628931,0.860885328389829,12
"551","REACTOME_P2Y_RECEPTORS",0.156118143459916,0.489380442966941,0.161978948883402,-0.529940162662615,-1.28805819445931,11
"552","REACTOME_P75NTR_RECRUITS_SIGNALLING_COMPLEXES",0.900862068965517,1,0.0538979025357319,-0.273573127163251,-0.640390760229676,10
"553","REACTOME_P75NTR_SIGNALS_VIA_NF_KB",0.95374449339207,1,0.0522693317499306,-0.239857655539681,-0.603640925960283,13
"554","REACTOME_P75_NTR_RECEPTOR_MEDIATED_SIGNALLING",0.0233417885078847,0.210843788280174,0.352487857583619,-0.373827141562462,-1.42821874399766,76
"555","REACTOME_PARACETAMOL_ADME",0.155606407322654,0.489380442966941,0.169570644405628,-0.443528108264087,-1.2640879057609,21
"556","REACTOME_PCNA_DEPENDENT_LONG_PATCH_BASE_EXCISION_REPAIR",0.434782608695652,0.775342720990108,0.0943563635421779,-0.359895627789911,-1.02572915210725,21
"557","REACTOME_PCP_CE_PATHWAY",0.765676567656766,0.954276953799798,0.0490939668192139,0.237916399302243,0.836678387624501,67
"558","REACTOME_PECAM1_INTERACTIONS",0.626893939393939,0.869803662557016,0.0649407684612899,0.364594545046872,0.862025212328377,11
"559","REACTOME_PENTOSE_PHOSPHATE_PATHWAY",0.387155963302752,0.732606101290371,0.0883594442500905,0.42332167479186,1.07023229675962,14
"560","REACTOME_PEPTIDE_HORMONE_METABOLISM",0.334459459459459,0.709297851382134,0.0919686140000427,0.327107193961682,1.07753648116528,45
"561","REACTOME_PEPTIDE_LIGAND_BINDING_RECEPTORS",0.374592833876221,0.728193832599119,0.0835990603684159,0.267761737073051,1.03827445472724,121
"562","REACTOME_PEROXISOMAL_LIPID_METABOLISM",0.0952380952380952,0.404456958970233,0.219250346703755,-0.448451491717953,-1.35496074781124,26
"563","REACTOME_PEROXISOMAL_PROTEIN_IMPORT",0.294117647058824,0.676107480029049,0.126875729929857,-0.295448090762774,-1.08114253670352,59
"564","REACTOME_PHASE_2_PLATEAU_PHASE",0.104166666666667,0.412677304964539,0.190023305279108,0.58921165981971,1.39309628479807,11
"565","REACTOME_PHASE_II_CONJUGATION_OF_COMPOUNDS",0.312396694214876,0.699137794024158,0.0946646223153342,0.303728534116183,1.08351621960536,73
"566","REACTOME_PHASE_I_FUNCTIONALIZATION_OF_COMPOUNDS",0.024498294578472,0.215335639011634,0.352487857583619,-0.374036079388354,-1.42450234530458,75
"567","REACTOME_PHOSPHOLIPID_METABOLISM",0.00671970164875386,0.124578124867453,0.407017918923954,-0.327775589932504,-1.42065414263756,177
"568","REACTOME_PHOSPHORYLATION_OF_CD3_AND_TCR_ZETA_CHAINS",0.481751824817518,0.809960899315738,0.0762797180809272,0.379159417620987,0.977626472676238,15
"569","REACTOME_PHOSPHORYLATION_OF_THE_APC_C",0.0897666068222621,0.399869430390077,0.199915231309662,0.509335421653132,1.40384280164256,20
"570","REACTOME_PI3K_EVENTS_IN_ERBB2_SIGNALING",0.174008810572687,0.517735445812298,0.156312403073186,-0.498942970000702,-1.25567139283062,13
"571","REACTOME_PINK1_PRKN_MEDIATED_MITOPHAGY",0.859744990892532,0.994061730331067,0.0483117581055019,0.255842890229825,0.745818510517762,25
"572","REACTOME_PI_3K_CASCADE_FGFR1",0.862144420131291,0.9946176643646,0.0566484183613995,-0.275822212890382,-0.708284945212821,14
"573","REACTOME_PI_3K_CASCADE_FGFR2",0.903083700440529,1,0.0547939500773363,-0.269779979454641,-0.678945336295945,13
"574","REACTOME_PI_3K_CASCADE_FGFR3",0.586206896551724,0.847562760526439,0.0747385227439092,-0.364707129375541,-0.90353838083909,12
"575","REACTOME_PI_3K_CASCADE_FGFR4",0.973568281938326,1,0.0513223330421143,-0.230236215388703,-0.579427001961317,13
"576","REACTOME_PI_METABOLISM",0.011966361480743,0.160906323987814,0.380730400722792,-0.401059560790306,-1.51203937738043,72
"577","REACTOME_PKA_MEDIATED_PHOSPHORYLATION_OF_CREB",0.22803738317757,0.599725434289033,0.122679189568808,0.462618953540369,1.20249244222306,16
"578","REACTOME_PKMTS_METHYLATE_HISTONE_LYSINES",0.955445544554455,1,0.057609110864425,-0.199235666994531,-0.719178654752717,53
"579","REACTOME_PKR_MEDIATED_SIGNALING",0.770903010033445,0.956947603121516,0.0493910105981501,0.243932670932489,0.827665398709467,53
"580","REACTOME_PLASMA_LIPOPROTEIN_ASSEMBLY",0.190654205607477,0.552956590095205,0.135740943810425,0.480431225737871,1.24879215072483,16
"581","REACTOME_PLASMA_LIPOPROTEIN_ASSEMBLY_REMODELING_AND_CLEARANCE",0.117744610281924,0.437919061302682,0.165656695205483,0.374620932122045,1.27900391864725,55
"582","REACTOME_PLASMA_LIPOPROTEIN_CLEARANCE",0.0593607305936073,0.334938425349384,0.282013350011725,-0.463078495183661,-1.44569126826108,29
"583","REACTOME_PLASMA_LIPOPROTEIN_REMODELING",0.0558558558558559,0.329645038505798,0.257206466468838,0.505170961201913,1.43979646674514,23
"584","REACTOME_PLATELET_ACTIVATION_SIGNALING_AND_AGGREGATION",0.375757575757576,0.728193832599119,0.121543282035469,-0.229455084453152,-1.02229318343256,229
"585","REACTOME_PLATELET_AGGREGATION_PLUG_FORMATION",0.711670480549199,0.920229468599034,0.0679922591544058,-0.263551080318521,-0.835541178783862,31
"586","REACTOME_PLATELET_CALCIUM_HOMEOSTASIS",0.272727272727273,0.663596668462644,0.107554375265169,0.389917193741119,1.1484718477111,26
"587","REACTOME_PLATELET_HOMEOSTASIS",0.511513157894737,0.821769718155997,0.0679922591544058,0.272166606032983,0.973029257413436,74
"588","REACTOME_PLATELET_SENSITIZATION_BY_LDL",0.978118161925602,1,0.0508054139066364,-0.207299209973013,-0.563426227545952,17
"589","REACTOME_POLYMERASE_SWITCHING",0.227522935779817,0.599725434289033,0.121543282035469,0.475755717504716,1.2027948592331,14
"590","REACTOME_POLYMERASE_SWITCHING_ON_THE_C_STRAND_OF_THE_TELOMERE",0.0388780166681986,0.276046125145168,0.321775918075361,0.511890306555053,1.4855105531366,24
"591","REACTOME_POSITIVE_EPIGENETIC_REGULATION_OF_RRNA_EXPRESSION",1,1,0.0400845633477088,0.119779769867398,0.364037992848107,30
"592","REACTOME_POSTMITOTIC_NUCLEAR_PORE_COMPLEX_NPC_REFORMATION",0.059245960502693,0.334938425349384,0.248911114434702,0.531232666982387,1.46419652715316,20
"593","REACTOME_POST_NMDA_RECEPTOR_ACTIVATION_EVENTS",0.0165169588160394,0.178621249954201,0.352487857583619,0.656295219180463,1.69219476121002,15
"594","REACTOME_POST_TRANSLATIONAL_MODIFICATION_SYNTHESIS_OF_GPI_ANCHORED_PROTEINS",0.0097170334952623,0.143916793759879,0.380730400722792,0.431715915977582,1.5354908401763,70
"595","REACTOME_POTASSIUM_CHANNELS",0.0713101160862355,0.368831767090474,0.216542836735348,0.366820517041915,1.33841871264508,83
"596","REACTOME_PRC2_METHYLATES_HISTONES_AND_DNA",0.142168674698795,0.464539426947668,0.183023938384487,-0.356873021455,-1.25346473921184,46
"597","REACTOME_PREDNISONE_ADME",0.0563395258283953,0.329887412240478,0.321775918075361,-0.562771563828652,-1.51634252694485,16
"598","REACTOME_PREGNENOLONE_BIOSYNTHESIS",0.142241379310345,0.464539426947668,0.172324344900946,-0.560176601782271,-1.31128347143598,10
"599","REACTOME_PRESYNAPTIC_DEPOLARIZATION_AND_CALCIUM_CHANNEL_OPENING",0.0441357432224958,0.293502692429597,0.321775918075361,0.657600770862275,1.55479134789847,11
"600","REACTOME_PRESYNAPTIC_FUNCTION_OF_KAINATE_RECEPTORS",0.723893805309734,0.92574880871341,0.0549073703290958,0.295803909544734,0.826271143782142,21
"601","REACTOME_PROCESSING_AND_ACTIVATION_OF_SUMO",0.559479553903346,0.846951975095959,0.0696133438850965,0.39073435560087,0.909207436064831,10
"602","REACTOME_PROCESSING_OF_CAPPED_INTRONLESS_PRE_MRNA",0.0514184397163121,0.314122781145969,0.266350657088526,0.474588845228574,1.43419126858755,29
"603","REACTOME_PROCESSING_OF_CAPPED_INTRON_CONTAINING_PRE_MRNA",0.000963259413511558,0.0407633869990573,0.477270815362862,0.357595001316844,1.51343561045662,250
"604","REACTOME_PROCESSING_OF_DNA_DOUBLE_STRAND_BREAK_ENDS",0.9,1,0.0414044273760278,0.21304327332145,0.770930113518842,79
"605","REACTOME_PROCESSING_OF_INTRONLESS_PRE_MRNAS",0.0391386557670914,0.276046125145168,0.321775918075361,0.557843792970747,1.53754276633894,20
"606","REACTOME_PROCESSIVE_SYNTHESIS_ON_THE_C_STRAND_OF_THE_TELOMERE",0.0909090909090909,0.403030303030303,0.199915231309662,0.512403801557576,1.37429152640502,18
"607","REACTOME_PROCESSIVE_SYNTHESIS_ON_THE_LAGGING_STRAND",0.0547445255474453,0.326712521055587,0.261663521711573,0.564826188528763,1.45635057103742,15
"608","REACTOME_PROGRAMMED_CELL_DEATH",0.875647668393782,0.999053896169867,0.0639271933359996,-0.203391183755661,-0.832939557174846,119
"609","REACTOME_PROLONGED_ERK_ACTIVATION_EVENTS",0.708029197080292,0.920229468599034,0.0573667426768556,0.330165965439708,0.818389127436042,13
"610","REACTOME_PROSTACYCLIN_SIGNALLING_THROUGH_PROSTACYCLIN_RECEPTOR",0.373188405797101,0.728193832599119,0.0897104652742981,0.390444878536608,1.05816144564051,19
"611","REACTOME_PROTEASOME_ASSEMBLY",0.266998341625207,0.657607026595418,0.104343952581949,0.343163166811642,1.12850026173063,44
"612","REACTOME_PROTEIN_HYDROXYLATION",0.0292494070159075,0.239399640158084,0.352487857583619,0.569715709895453,1.52800480829603,18
"613","REACTOME_PROTEIN_LIPOYLATION",0.0116911698024015,0.160065868912291,0.380730400722792,0.719433240702425,1.67406331903671,10
"614","REACTOME_PROTEIN_LOCALIZATION",0.721393034825871,0.92574880871341,0.0714786287425507,-0.222032293605194,-0.881117846747409,97
"615","REACTOME_PROTEIN_METHYLATION",0.579816513761468,0.847562760526439,0.0672065093710464,0.347736585442347,0.920300093220057,17
"616","REACTOME_PROTEIN_PROTEIN_INTERACTIONS_AT_SYNAPSES",0.137404580152672,0.461131386861314,0.191892240384838,-0.325094712594388,-1.1930595052054,62
"617","REACTOME_PROTEIN_UBIQUITINATION",0.523809523809524,0.821769718155997,0.0667426134241917,0.273639765038194,0.951688119317908,62
"618","REACTOME_PTEN_REGULATION",0.159016393442623,0.495131312023685,0.139599673451922,0.330600975678026,1.19212508847743,78
"619","REACTOME_PTK6_REGULATES_RHO_GTPASES_RAS_GTPASE_AND_MAP_KINASES",0.00682436559424286,0.124578124867453,0.407017918923954,-0.691176199990276,-1.71234443835254,12
"620","REACTOME_PURINE_CATABOLISM",0.331905781584582,0.707103621636719,0.106729884364606,-0.405605607803535,-1.09287155181685,16
"621","REACTOME_PURINE_RIBONUCLEOSIDE_MONOPHOSPHATE_BIOSYNTHESIS",0.433085501858736,0.775342720990108,0.0828962134571565,0.439274399511518,1.02215621632401,10
"622","REACTOME_PURINE_SALVAGE",0.87043795620438,0.996774584534167,0.0478299633114229,0.284070821333695,0.704132151512679,13
"623","REACTOME_PYROPTOSIS",0.523595505617978,0.821769718155997,0.0828962134571565,-0.336021793998692,-0.945637329263662,20
"624","REACTOME_PYRUVATE_METABOLISM",0.222410865874363,0.595163046230189,0.11776578836269,0.367662974869512,1.17853698842645,38
"625","REACTOME_RAB_GEFS_EXCHANGE_GTP_FOR_GDP_ON_RABS",0.96969696969697,1,0.0578529757032509,-0.190290933470441,-0.735554369693384,87
"626","REACTOME_RAB_GERANYLGERANYLATION",0.514657980456026,0.821769718155997,0.0672065093710464,0.276120731456163,0.958026371752111,60
"627","REACTOME_RAB_REGULATION_OF_TRAFFICKING",0.365671641791045,0.728193832599119,0.110122263835536,-0.256227210252399,-1.0405500773766,112
"628","REACTOME_RAC1_GTPASE_CYCLE",0.0284465575145289,0.239399640158084,0.352487857583619,-0.308867981061394,-1.32127429632516,164
"629","REACTOME_RAC2_GTPASE_CYCLE",0.903814262023217,1,0.0417397034728504,0.209444929813838,0.7642021105909,83
"630","REACTOME_RAC3_GTPASE_CYCLE",0.88,1,0.0431901998334182,0.214783795251249,0.790439532035728,88
"631","REACTOME_RAF_ACTIVATION",0.9419795221843,1,0.0411544018789903,0.217231532239134,0.683252917561384,35
"632","REACTOME_RAF_INDEPENDENT_MAPK1_3_ACTIVATION",0.0955752212389381,0.404456958970233,0.191892240384838,0.493574374246781,1.3787047756675,21
"633","REACTOME_RAP1_SIGNALLING",0.557798165137615,0.846470699851365,0.069119845655101,0.369561767272441,0.934317712829136,14
"634","REACTOME_RAS_PROCESSING",0.638202247191011,0.87635146332571,0.0725351864394589,-0.306692666248167,-0.863098879285183,20
"635","REACTOME_RA_BIOSYNTHESIS_PATHWAY",0.550660792951542,0.841814775431667,0.0791316651768349,-0.373516416284908,-0.940015005484315,13
"636","REACTOME_RECEPTOR_MEDIATED_MITOPHAGY",0.120689655172414,0.442370350257942,0.188204146308491,-0.575438198060589,-1.34700841761155,10
"637","REACTOME_RECEPTOR_TYPE_TYROSINE_PROTEIN_PHOSPHATASES",0.0688888888888889,0.361032116933479,0.257206466468838,-0.518552573129466,-1.43555456157472,19
"638","REACTOME_RECOGNITION_OF_DNA_DAMAGE_BY_PCNA_CONTAINING_REPLICATION_COMPLEX",0.701986754966887,0.920229468599034,0.0668966276500666,-0.282784653526719,-0.849305484686747,25
"639","REACTOME_RECRUITMENT_OF_NUMA_TO_MITOTIC_CENTROSOMES",0.0221958243708718,0.210843788280174,0.352487857583619,0.392642423550542,1.42083748264328,79
"640","REACTOME_RECYCLING_OF_BILE_ACIDS_AND_SALTS",0.339168490153173,0.70958621198338,0.106729884364606,-0.429845628741142,-1.103802280507,14
"641","REACTOME_RECYCLING_PATHWAY_OF_L1",0.191780821917808,0.553334584584585,0.151148761385484,-0.387902771280852,-1.21099911830842,29
"642","REACTOME_REDUCTION_OF_CYTOSOLIC_CA_LEVELS",0.0140599513839734,0.17246882936748,0.380730400722792,0.667088113583061,1.65352494304229,13
"643","REACTOME_REGULATED_NECROSIS",0.148780487804878,0.475995306344816,0.179782316298324,-0.349380055437074,-1.23268010633875,47
"644","REACTOME_REGULATED_PROTEOLYSIS_OF_P75NTR",0.579741379310345,0.847562760526439,0.0753093764172773,-0.396429249064512,-0.927977213325522,10
"645","REACTOME_REGULATION_BY_C_FLIP",0.15301724137931,0.48291203974284,0.165656695205483,-0.549422799339075,-1.28611054676546,10
"646","REACTOME_REGULATION_OF_APC_C_ACTIVATORS_BETWEEN_G1_S_AND_EARLY_ANAPHASE",0.16695652173913,0.506670721654435,0.140406238523342,0.403727707878397,1.23952572627654,32
"647","REACTOME_REGULATION_OF_CDH11_EXPRESSION_AND_FUNCTION",0.894514767932489,1,0.0532386494755899,-0.271602196097714,-0.660148935606396,11
"648","REACTOME_REGULATION_OF_ENDOGENOUS_RETROELEMENTS",0.00637116512279952,0.121052137333191,0.407017918923954,-0.465019279447458,-1.67857464916801,53
"649","REACTOME_REGULATION_OF_FZD_BY_UBIQUITINATION",0.950729927007299,1,0.0438002031299891,0.231027895540384,0.595683441081588,15
"650","REACTOME_REGULATION_OF_HSF1_MEDIATED_HEAT_SHOCK_RESPONSE",0.0411184210526316,0.283564814814815,0.287857117255149,0.41240052046039,1.42455477302073,58
"651","REACTOME_REGULATION_OF_INSULIN_LIKE_GROWTH_FACTOR_IGF_TRANSPORT_AND_UPTAKE_BY_INSULIN_LIKE_GROWTH_FACTOR_BINDING_PROTEINS_IGFBPS",0.6738768718802,0.901407137529405,0.0553642837725362,0.240771073509345,0.894463622783718,92
"652","REACTOME_REGULATION_OF_INSULIN_SECRETION",0.250409165302782,0.631833354108669,0.107554375265169,0.329373840161976,1.14224119025449,61
"653","REACTOME_REGULATION_OF_KIT_SIGNALING",0.509293680297398,0.821754621069111,0.0743625384422526,0.402711510149714,0.976669995279636,12
"654","REACTOME_REGULATION_OF_LIPID_METABOLISM_BY_PPARALPHA",0.976146788990826,1,0.042845050912155,0.209989241555974,0.55574571865465,17
"655","REACTOME_REGULATION_OF_LOCALIZATION_OF_FOXO_TRANSCRIPTION_FACTORS",0.087360594795539,0.394491525423729,0.206587922696891,0.624156679278349,1.45236241946712,10
"656","REACTOME_REGULATION_OF_MRNA_STABILITY_BY_PROTEINS_THAT_BIND_AU_RICH_ELEMENTS",0.00724872906273535,0.127331448252955,0.407017918923954,0.450435602744982,1.5620733533647,61
"657","REACTOME_REGULATION_OF_NF_KAPPA_B_SIGNALING",0.990875912408759,1,0.0419081748591401,0.192275215255677,0.47659650633919,13
"658","REACTOME_REGULATION_OF_ORNITHINE_DECARBOXYLASE_ODC",0.0293049481629266,0.239399640158084,0.352487857583619,0.483747729904796,1.51385923567714,34
"659","REACTOME_REGULATION_OF_PLK1_ACTIVITY_AT_G2_M_TRANSITION",0.00973873040480386,0.143916793759879,0.380730400722792,0.423222320003401,1.51863133062686,77
"660","REACTOME_REGULATION_OF_PTEN_GENE_TRANSCRIPTION",0.290552584670232,0.673800661703888,0.103576326612592,0.382870065655933,1.12771506051893,26
"661","REACTOME_REGULATION_OF_PTEN_STABILITY_AND_ACTIVITY",0.38265306122449,0.728193832599119,0.0847985102819124,0.310387919549052,1.03633976872765,50
"662","REACTOME_REGULATION_OF_PYRUVATE_DEHYDROGENASE_PDH_COMPLEX",0.172477064220183,0.516322015398684,0.142056643575821,0.507839602550279,1.28390861273549,14
"663","REACTOME_REGULATION_OF_PYRUVATE_METABOLISM",0.141843971631206,0.464539426947668,0.155241966228839,0.415612626128058,1.25596715030358,29
"664","REACTOME_REGULATION_OF_RAS_BY_GAPS",0.307432432432432,0.689685770107457,0.096887770327544,0.330671743107848,1.0920987893324,47
"665","REACTOME_REGULATION_OF_RUNX3_EXPRESSION_AND_ACTIVITY",0.460101867572156,0.787416982922201,0.0749278818393739,0.314837038285878,1.00920440813555,38
"666","REACTOME_REGULATION_OF_SIGNALING_BY_CBL",0.755963302752294,0.945970208148368,0.0545680646670941,0.302423539876445,0.800377134853923,17
"667","REACTOME_REGULATION_OF_TBK1_IKK_IKBKE_MEDIATED_ACTIVATION_OF_IRF3_IRF7",0.113924050632911,0.437410071942446,0.191892240384838,-0.552177888532875,-1.34210860816907,11
"668","REACTOME_REGULATION_OF_TLR_BY_ENDOGENOUS_LIGAND",0.136563876651982,0.461131386861314,0.178219874951973,-0.5044783193897,-1.32484402550858,15
"669","REACTOME_REGULATION_OF_TNFR1_SIGNALING",0.139303482587065,0.461535737681698,0.188204146308491,-0.366569319025203,-1.25110265092169,43
"670","REACTOME_REGULATION_OF_TP53_ACTIVITY",0.548956661316212,0.841814775431667,0.0633597010643758,0.243887906674514,0.965485256341398,142
"671","REACTOME_REGULATION_OF_TP53_ACTIVITY_THROUGH_ACETYLATION",0.420212765957447,0.76559312153891,0.0819778796501272,0.344408608763359,1.04079104361776,29
"672","REACTOME_REGULATION_OF_TP53_ACTIVITY_THROUGH_ASSOCIATION_WITH_CO_FACTORS",0.379182156133829,0.728193832599119,0.0902635484340068,0.455376685625277,1.05962494171868,10
"673","REACTOME_REGULATION_OF_TP53_ACTIVITY_THROUGH_METHYLATION",0.971553610503282,1,0.0511147954416412,-0.214641430610146,-0.551178573788502,14
"674","REACTOME_REGULATION_OF_TP53_ACTIVITY_THROUGH_PHOSPHORYLATION",0.517412935323383,0.821769718155997,0.0678338263479455,0.265656648622499,0.96930191506792,83
"675","REACTOME_REGULATION_OF_TP53_DEGRADATION",0.127433628318584,0.450374224169405,0.16440575583821,0.421535635045986,1.2875557735187,31
"676","REACTOME_REGULATION_OF_T_CELL_ACTIVATION_BY_CD28_FAMILY",0.177152317880795,0.521926607427278,0.132147260608774,0.345764563473786,1.21156200303554,65
"677","REACTOME_REPRESSION_OF_WNT_TARGET_GENES",0.939655172413793,1,0.0519512476197082,-0.256530147949077,-0.600495882656301,10
"678","REACTOME_REPRODUCTION",0.435448577680525,0.775342720990108,0.0916795246008379,-0.396916593954864,-1.01924368257864,14
"679","REACTOME_RESOLUTION_OF_ABASIC_SITES_AP_SITES",0.73365617433414,0.929297820823245,0.0692836467392548,-0.253980428510329,-0.841905751474116,38
"680","REACTOME_RESOLUTION_OF_AP_SITES_VIA_THE_MULTIPLE_NUCLEOTIDE_PATCH_REPLACEMENT_PATHWAY",0.644591611479029,0.883055434069539,0.0711327399327894,-0.293911311733494,-0.88272289869205,25
"681","REACTOME_RESOLUTION_OF_D_LOOP_STRUCTURES",0.832203389830508,0.980735893585068,0.0465084048719156,0.244777552822809,0.766016533245927,34
"682","REACTOME_RESOLUTION_OF_SISTER_CHROMATID_COHESION",0.00165992921781574,0.0551926464923735,0.45505986738723,0.422653017528467,1.62215342587089,114
"683","REACTOME_RESPIRATORY_ELECTRON_TRANSPORT",0.0301183503127965,0.239399640158084,0.352487857583619,0.349842225060041,1.35655022795763,121
"684","REACTOME_RESPONSE_TO_ELEVATED_PLATELET_CYTOSOLIC_CA2",0.404040404040404,0.749325928608797,0.0813027345384498,0.270256972553032,1.02360876106562,109
"685","REACTOME_RETROGRADE_NEUROTROPHIN_SIGNALLING",0.118534482758621,0.437919061302682,0.190023305279108,-0.578454670604267,-1.35406949545019,10
"686","REACTOME_RETROGRADE_TRANSPORT_AT_THE_TRANS_GOLGI_NETWORK",0.982456140350877,1,0.0568864160475701,-0.177488812547177,-0.609071294655752,44
"687","REACTOME_RET_SIGNALING",0.299760191846523,0.680674972217348,0.120985142145252,-0.33813853214179,-1.11449298736151,37
"688","REACTOME_REVERSIBLE_HYDRATION_OF_CARBON_DIOXIDE",0.284090909090909,0.671114194004679,0.108820126769161,0.49723427100573,1.17563052948463,11
"689","REACTOME_RHOA_GTPASE_CYCLE",0.0341104656786911,0.251138007586898,0.321775918075361,-0.309695067431174,-1.28970957752813,134
"690","REACTOME_RHOBTB1_GTPASE_CYCLE",0.45017793594306,0.785023467501067,0.0785029047348687,0.357496641817145,1.00731804494633,22
"691","REACTOME_RHOBTB2_GTPASE_CYCLE",0.0815217391304348,0.381390648896657,0.211400189384923,0.516824885382578,1.400669333682,19
"692","REACTOME_RHOBTB3_ATPASE_CYCLE",1,1,0.0490939668192139,-0.194786014131582,-0.455962780282129,10
"693","REACTOME_RHOBTB_GTPASE_CYCLE",0.0831858407079646,0.385303570642363,0.206587922696891,0.449962473756977,1.37438387833889,31
"694","REACTOME_RHOB_GTPASE_CYCLE",0.0100564782483614,0.146290332019132,0.380730400722792,-0.416818289261977,-1.5574068398706,67
"695","REACTOME_RHOC_GTPASE_CYCLE",0.0845771144278607,0.387888145479499,0.245041785430996,-0.34466723104014,-1.29461888282056,68
"696","REACTOME_RHOD_GTPASE_CYCLE",0.692567567567568,0.918490605990606,0.0547939500773363,0.258167528521709,0.866051793751839,51
"697","REACTOME_RHOF_GTPASE_CYCLE",0.506920415224913,0.821105072463768,0.0709609456938284,0.304042676005886,0.979720172280347,40
"698","REACTOME_RHOG_GTPASE_CYCLE",0.338383838383838,0.709539084539085,0.116234148779716,-0.284053659303172,-1.06134285199512,67
"699","REACTOME_RHOH_GTPASE_CYCLE",0.128813559322034,0.450847457627119,0.159646701919906,0.412173296695934,1.28987137991415,34
"700","REACTOME_RHOJ_GTPASE_CYCLE",0.126338329764454,0.450374224169405,0.183023938384487,-0.504328296885035,-1.35887186428859,16
"701","REACTOME_RHOQ_GTPASE_CYCLE",0.367816091954023,0.728193832599119,0.0850427463764322,0.306255260468044,1.05684296394586,57
"702","REACTOME_RHOU_GTPASE_CYCLE",0.0462325462454935,0.298906253851072,0.321775918075361,-0.432720258365541,-1.4344005813129,38
"703","REACTOME_RHOV_GTPASE_CYCLE",0.216346153846154,0.592865623313546,0.14551614609036,-0.36528967805463,-1.18605418737812,35
"704","REACTOME_RHO_GTPASES_ACTIVATE_FORMINS",0.0502431118314425,0.313935148423308,0.257206466468838,0.337652051704426,1.31735196281679,124
"705","REACTOME_RHO_GTPASES_ACTIVATE_IQGAPS",0.97864768683274,1,0.0413209506074822,0.194396950754047,0.547752156165019,22
"706","REACTOME_RHO_GTPASES_ACTIVATE_KTN1",0.933712121212121,1,0.0463227785794633,0.25919531264413,0.612825664706125,11
"707","REACTOME_RHO_GTPASES_ACTIVATE_NADPH_OXIDASES",0.213636363636364,0.590194227137847,0.142056643575821,-0.415539298066649,-1.20479710510153,22
"708","REACTOME_RHO_GTPASES_ACTIVATE_PAKS",0.00137846566154634,0.0513340612359856,0.45505986738723,0.656224232602109,1.84904257469716,22
"709","REACTOME_RHO_GTPASES_ACTIVATE_PKNS",0.228007181328546,0.599725434289033,0.119887845115423,0.433993705402926,1.19618411244722,20
"710","REACTOME_RHO_GTPASES_ACTIVATE_WASPS_AND_WAVES",0.681922196796339,0.908254027492691,0.070113215764256,-0.271429301443945,-0.860517658325895,31
"711","REACTOME_RHO_GTPASE_CYCLE",0.236301369863014,0.612803831037509,0.16823816568964,-0.226245979533068,-1.06061666350118,403
"712","REACTOME_RHO_GTPASE_EFFECTORS",0.0234917974064935,0.210843788280174,0.352487857583619,0.320834945277576,1.34774924034727,230
"713","REACTOME_RIBAVIRIN_ADME",0.600378787878788,0.854667662867204,0.0670512579829467,0.376946284838753,0.891228916172471,11
"714","REACTOME_RIPK1_MEDIATED_REGULATED_NECROSIS",0.232558139534884,0.604781083539041,0.137250779610133,-0.381887038925472,-1.16460318124873,27
"715","REACTOME_RMTS_METHYLATE_HISTONE_ARGININES",0.444711538461538,0.78047549802538,0.0959206777921745,-0.283076422912208,-1.00536669037497,48
"716","REACTOME_RNA_POLYMERASE_III_TRANSCRIPTION",0.767796610169492,0.954364010771424,0.0501934252649434,0.256921070412283,0.80401893639943,34
"717","REACTOME_RNA_POLYMERASE_III_TRANSCRIPTION_INITIATION_FROM_TYPE_1_PROMOTER",0.95979020979021,1,0.0414044273760278,0.214491221897135,0.637740495389399,27
"718","REACTOME_RNA_POLYMERASE_III_TRANSCRIPTION_INITIATION_FROM_TYPE_3_PROMOTER",0.270944741532977,0.663596668462644,0.107972360317345,0.390920032961651,1.15142563541538,26
"719","REACTOME_RNA_POLYMERASE_II_PRE_TRANSCRIPTION_EVENTS",0.435855263157895,0.775342720990108,0.0760837160951725,0.283162293016765,1.01234019748991,74
"720","REACTOME_RNA_POLYMERASE_II_PROMOTER_ESCAPE",0.211666666666667,0.59000499001996,0.119887845115423,0.361165453092373,1.18330663658131,43
"721","REACTOME_RNA_POLYMERASE_II_TRANSCRIBES_SNRNA_GENES",0.193333333333333,0.553825641025641,0.126253987849115,0.334936118097411,1.18008236745575,68
"722","REACTOME_RNA_POLYMERASE_II_TRANSCRIPTION_TERMINATION",0.0148625507901307,0.17246882936748,0.380730400722792,0.422166468510724,1.46824717672147,62
"723","REACTOME_RNA_POLYMERASE_I_TRANSCRIPTION",0.733108108108108,0.929297820823245,0.0521630305460055,0.256738919663782,0.845733622431721,45
"724","REACTOME_RNA_POLYMERASE_I_TRANSCRIPTION_TERMINATION",0.619469026548673,0.865954450025247,0.062249042949858,0.293696322119658,0.892609993571313,30
"725","REACTOME_RND1_GTPASE_CYCLE",0.436320754716981,0.775342720990108,0.0959206777921745,-0.300183487747709,-1.0144551481739,40
"726","REACTOME_RND2_GTPASE_CYCLE",0.504854368932039,0.820278215489927,0.0891647117820678,-0.287035957315228,-0.970401862750401,41
"727","REACTOME_RND3_GTPASE_CYCLE",0.840193704600484,0.982688868069159,0.0626618230932491,-0.234677382160354,-0.77791914495355,38
"728","REACTOME_ROLE_OF_LAT2_NTAL_LAB_ON_CALCIUM_MOBILIZATION",0.860594795539034,0.994061730331067,0.0491927521045191,0.29102450991336,0.70580278824827,12
"729","REACTOME_ROLE_OF_PHOSPHOLIPIDS_IN_PHAGOCYTOSIS",0.667415730337079,0.898588534350124,0.0702812841717392,-0.300629593376534,-0.846036093061607,20
"730","REACTOME_ROS_AND_RNS_PRODUCTION_IN_PHAGOCYTES",0.474336283185841,0.807325556939703,0.0755015292281669,0.326170457958463,0.996268456046051,31
"731","REACTOME_RUNX1_INTERACTS_WITH_CO_FACTORS_WHOSE_PRECISE_EFFECT_ON_RUNX1_TARGETS_IS_NOT_KNOWN",0.151304347826087,0.482412150089339,0.148261500475107,0.407781318168687,1.25197112980239,32
"732","REACTOME_RUNX1_REGULATES_GENES_INVOLVED_IN_MEGAKARYOCYTE_DIFFERENTIATION_AND_PLATELET_FUNCTION",0.0160918491948319,0.178621249954201,0.352487857583619,-0.428660393041533,-1.53440542057044,50
"733","REACTOME_RUNX1_REGULATES_TRANSCRIPTION_OF_GENES_INVOLVED_IN_DIFFERENTIATION_OF_HSCS",0.161839863713799,0.498916930852804,0.141225119642531,0.373356718063065,1.22517247195536,46
"734","REACTOME_SCF_SKP2_MEDIATED_DEGRADATION_OF_P27_P21",0.588723051409619,0.847562760526439,0.0615706755421678,0.28097226742648,0.923984005264384,44
"735","REACTOME_SEALING_OF_THE_NUCLEAR_ENVELOPE_NE_BY_ESCRT_III",1,1,0.051011413203915,-0.166412537607668,-0.468320538815755,20
"736","REACTOME_SELECTIVE_AUTOPHAGY",0.960591133004926,1,0.0384786917635432,0.195800105318689,0.6756780710629,57
"737","REACTOME_SEMA3A_PAK_DEPENDENT_AXON_REPULSION",0.187224669603524,0.546414317871101,0.150169802128406,-0.492594223408913,-1.23969373615448,13
"738","REACTOME_SEMA4D_INDUCED_CELL_MIGRATION_AND_GROWTH_CONE_COLLAPSE",0.10126582278481,0.40813195243575,0.204294756516886,-0.566886983244601,-1.37786013506094,11
"739","REACTOME_SEMA4D_IN_SEMAPHORIN_SIGNALING",0.129955947136564,0.453142272599779,0.183023938384487,-0.511901859875502,-1.34433947830154,15
"740","REACTOME_SEMAPHORIN_INTERACTIONS",0.410628019323671,0.75347050424801,0.100990587455923,-0.283186645230552,-1.0136768652494,50
"741","REACTOME_SENESCENCE_ASSOCIATED_SECRETORY_PHENOTYPE_SASP",0.868376068376068,0.996340138388517,0.0449543067640062,0.235606314155063,0.747525187945535,37
"742","REACTOME_SENSORY_PERCEPTION",0.362295081967213,0.728193832599119,0.0857844408075645,0.290948415149796,1.04914059748758,78
"743","REACTOME_SEPARATION_OF_SISTER_CHROMATIDS",0.0000235775872738731,0.00450919812734549,0.575610261071129,0.440217326137832,1.78176567359246,159
"744","REACTOME_SEROTONIN_NEUROTRANSMITTER_RELEASE_CYCLE",0.582056892778993,0.847562760526439,0.0758886900606117,-0.330384556927692,-0.89796446678906,17
"745","REACTOME_SHC1_EVENTS_IN_EGFR_SIGNALING",0.885775862068966,1,0.0546808488785442,-0.278744555389491,-0.690571650396762,12
"746","REACTOME_SHC1_EVENTS_IN_ERBB2_SIGNALING",0.0298225834057969,0.239399640158084,0.352487857583619,-0.613515742391411,-1.54401246854134,13
"747","REACTOME_SHC1_EVENTS_IN_ERBB4_SIGNALING",0.959051724137931,1,0.051011413203915,-0.246053203170356,-0.575971037320427,10
"748","REACTOME_SHC_MEDIATED_CASCADE_FGFR1",0.651982378854626,0.884447255891569,0.0704500850658419,-0.343480202157675,-0.864423971846846,13
"749","REACTOME_SHC_MEDIATED_CASCADE_FGFR2",0.661637931034483,0.894027451078525,0.0686325631836726,-0.338952376568729,-0.839732642547597,12
"750","REACTOME_SHC_MEDIATED_CASCADE_FGFR3",0.40295358649789,0.74880197411085,0.0940503465727813,-0.430807457159195,-1.04710892761936,11
"751","REACTOME_SHC_MEDIATED_CASCADE_FGFR4",0.767241379310345,0.954364010771424,0.0614364107201271,-0.318134311984629,-0.788157230795355,12
"752","REACTOME_SIALIC_ACID_METABOLISM",0.648936170212766,0.884140550807218,0.0601186142531851,0.291708203267569,0.88153221953671,29
"753","REACTOME_SIGNALING_BY_ACTIVIN",0.016971042639686,0.179545917017587,0.352487857583619,-0.622008291100721,-1.63349729137719,15
"754","REACTOME_SIGNALING_BY_ALK",0.782846715328467,0.96216000877583,0.0526973085708419,0.301522087696446,0.777446006427076,15
"755","REACTOME_SIGNALING_BY_BMP",0.321995464852608,0.703703703703704,0.112378519110475,-0.366650499441004,-1.10780551315548,26
"756","REACTOME_SIGNALING_BY_CSF3_G_CSF",0.985046728971963,1,0.0432768714901103,0.19666968062055,0.511206475114722,16
"757","REACTOME_SIGNALING_BY_EGFR",0.343358395989975,0.713541666666667,0.114750719227023,-0.314895711988544,-1.08059734148837,44
"758","REACTOME_SIGNALING_BY_ERBB2",0.0743405275779376,0.376146908560108,0.257206466468838,-0.410147490799997,-1.37028856130749,39
"759","REACTOME_SIGNALING_BY_ERBB4",0.255220417633411,0.638737120475014,0.130105630751129,-0.373846459324315,-1.14853078976,28
"760","REACTOME_SIGNALING_BY_ERYTHROPOIETIN",0.722466960352423,0.92574880871341,0.0653834195468773,-0.308962921543556,-0.811388051732028,15
"761","REACTOME_SIGNALING_BY_FGFR",0.909319899244333,1,0.0607719451853533,-0.212040196838563,-0.784503778133858,64
"762","REACTOME_SIGNALING_BY_FGFR1",0.287769784172662,0.67217125382263,0.12384217120105,-0.334459855944652,-1.11741879469645,39
"763","REACTOME_SIGNALING_BY_FGFR2",0.983050847457627,1,0.038875878582578,0.191933803211593,0.638132264591274,49
"764","REACTOME_SIGNALING_BY_FGFR3",0.224256292906178,0.598230970474648,0.13880510939114,-0.369647882978723,-1.16659467839624,30
"765","REACTOME_SIGNALING_BY_FGFR4",0.508009153318078,0.821105072463768,0.0855356947987884,-0.307748837166039,-0.971243640914339,30
"766","REACTOME_SIGNALING_BY_GPCR",0.383008356545961,0.728193832599119,0.0741758965588009,0.230002084653763,1.02359625424953,460
"767","REACTOME_SIGNALING_BY_HEDGEHOG",0.241666666666667,0.623245614035088,0.11101149245045,0.292614492348997,1.11646817642859,112
"768","REACTOME_SIGNALING_BY_HIPPO",0.773788150807899,0.958028435076556,0.0524827622635459,0.286230409097289,0.78891528517348,20
"769","REACTOME_SIGNALING_BY_INSULIN_RECEPTOR",0.115089514066496,0.437410071942446,0.211400189384923,-0.340433326375147,-1.24575843122023,59
"770","REACTOME_SIGNALING_BY_INTERLEUKINS",0.596385542168675,0.852364862078351,0.0919686140000427,-0.212241748030937,-0.950058965952864,233
"771","REACTOME_SIGNALING_BY_MET",0.0780567909813863,0.377719698828147,0.287805130535564,-0.36079916954288,-1.32353216156226,61
"772","REACTOME_SIGNALING_BY_NOTCH",0.00912393658159612,0.143916793759879,0.380730400722792,-0.517009341606904,-1.64971359549595,33
"773","REACTOME_SIGNALING_BY_NOTCH1",0.458149779735683,0.787131490158585,0.0891647117820678,-0.396414091063406,-0.997640740108172,13
"774","REACTOME_SIGNALING_BY_NOTCH3",0.00781147217771268,0.132226919953646,0.407017918923954,-0.656412693026727,-1.7686509867188,16
"775","REACTOME_SIGNALING_BY_NTRK1_TRKA",0.715927750410509,0.924450396161143,0.0519512476197082,0.248174710372112,0.863123542528025,62
"776","REACTOME_SIGNALING_BY_NTRKS",0.879934210526316,1,0.0425877779273254,0.215742691730722,0.771306789568738,74
"777","REACTOME_SIGNALING_BY_NUCLEAR_RECEPTORS",0.440677966101695,0.779966489087472,0.106323255932708,-0.231456752345259,-0.995185366839601,170
"778","REACTOME_SIGNALING_BY_PDGF",0.00577823870280194,0.116946526789317,0.407017918923954,-0.465609553348068,-1.67136139049601,52
"779","REACTOME_SIGNALING_BY_PTK6",0.63681592039801,0.875739471034782,0.0778840111977068,-0.263285403347077,-0.89859420573566,43
"780","REACTOME_SIGNALING_BY_RECEPTOR_TYROSINE_KINASES",0.0224042635348286,0.210843788280174,0.352487857583619,-0.266548710562601,-1.24066597435779,372
"781","REACTOME_SIGNALING_BY_RETINOIC_ACID",0.839816933638444,0.982688868069159,0.059989249649033,-0.242867719591104,-0.766481298218393,30
"782","REACTOME_SIGNALING_BY_ROBO_RECEPTORS",0.144954128440367,0.468584352701325,0.156312403073186,0.49360703886284,1.30635263270238,17
"783","REACTOME_SIGNALING_BY_SCF_KIT",0.583138173302108,0.847562760526439,0.0793434960134973,-0.293847471384246,-0.935549704157442,32
"784","REACTOME_SIGNALING_BY_TGFBR3",0.132723112128146,0.459364650219669,0.184706471207739,-0.450898784488771,-1.28509487803458,21
"785","REACTOME_SIGNALING_BY_TGFB_FAMILY_MEMBERS",0.00524436482349035,0.116250086920703,0.407017918923954,-0.379016425995408,-1.51972348935761,102
"786","REACTOME_SIGNALING_BY_TGF_BETA_RECEPTOR_COMPLEX",0.0405218485107031,0.281536126593019,0.321775918075361,-0.367317071085473,-1.36762952134982,66
"787","REACTOME_SIGNALING_BY_THE_B_CELL_RECEPTOR_BCR",0.0000242169609417051,0.00450919812734549,0.575610261071129,0.532181436323756,1.93702762802816,82
"788","REACTOME_SIGNALING_BY_TYPE_1_INSULIN_LIKE_GROWTH_FACTOR_1_RECEPTOR_IGF1R",0.0946601941747573,0.404456958970233,0.227987202850442,-0.42044477866849,-1.34720356602254,34
"789","REACTOME_SIGNALING_BY_VEGF",0.5,0.818101933216169,0.0905428948469474,-0.246547128053128,-0.976271192515863,95
"790","REACTOME_SIGNALING_BY_WNT",0.516030534351145,0.821769718155997,0.0639271933359996,0.237249076560167,0.980256698161327,203
"791","REACTOME_SIGNALLING_TO_ERKS",0.916211293260474,1,0.0454059226590179,0.239359476826101,0.697767009762865,25
"792","REACTOME_SIGNALLING_TO_RAS",0.969827586206897,1,0.0504983044100709,-0.225156774831377,-0.55781138173642,12
"793","REACTOME_SIGNAL_AMPLIFICATION",0.961016949152542,1,0.0399218624292714,0.207990893999666,0.644644976954257,33
"794","REACTOME_SIGNAL_TRANSDUCTION_BY_L1",0.32,0.703546586517819,0.11146266692298,-0.403874573927497,-1.11808139993727,19
"795","REACTOME_SLBP_DEPENDENT_PROCESSING_OF_REPLICATION_DEPENDENT_HISTONE_PRE_MRNAS",0.138257575757576,0.461131386861314,0.163180127180689,0.562722587361491,1.33046712969856,11
"796","REACTOME_SLC_MEDIATED_TRANSMEMBRANE_TRANSPORT",0.0841424365017285,0.38780499199559,0.287805130535564,-0.276339830317392,-1.20868791046941,196
"797","REACTOME_SMAD2_SMAD3_SMAD4_HETEROTRIMER_REGULATES_TRANSCRIPTION",0.521739130434783,0.821769718155997,0.0840745577910723,-0.336650785059264,-0.959479631457633,21
"798","REACTOME_SMOOTH_MUSCLE_CONTRACTION",0.00344135199108134,0.0889971862137981,0.431707695803346,0.571430528477696,1.7454008983749,31
"799","REACTOME_SNRNP_ASSEMBLY",0.00564675400229468,0.116825066136363,0.407017918923954,0.503051703611411,1.65076740130023,46
"800","REACTOME_SODIUM_CALCIUM_EXCHANGERS",0.00965698387023946,0.143916793759879,0.380730400722792,0.716689080720785,1.69449616121475,11
"801","REACTOME_SPHINGOLIPID_CATABOLISM",0.58550185873606,0.847562760526439,0.0673623868166279,0.372952455461066,0.904497298275066,12
"802","REACTOME_SPHINGOLIPID_DE_NOVO_BIOSYNTHESIS",0.728285077951002,0.928812887085456,0.0655321029282414,-0.276033442506696,-0.820354943695177,24
"803","REACTOME_SPHINGOLIPID_METABOLISM",0.393687707641196,0.73646099549714,0.0819778796501272,0.282793419491869,1.03696132847069,85
"804","REACTOME_SPRY_REGULATION_OF_FGF_SIGNALING",0.273127753303965,0.663596668462644,0.121543282035469,-0.463736317632712,-1.16706810773822,13
"805","REACTOME_STABILIZATION_OF_P53",0.0634648370497427,0.344628263902731,0.234392647294686,0.447202317859444,1.41223674216183,36
"806","REACTOME_STIMULI_SENSING_CHANNELS",0.39030612244898,0.734090909090909,0.107554375265169,-0.268001418343308,-1.02375816656248,78
"807","REACTOME_STRIATED_MUSCLE_CONTRACTION",0.0772833723653396,0.377719698828147,0.248911114434702,-0.442119865027421,-1.40761840481404,32
"808","REACTOME_SULFUR_AMINO_ACID_METABOLISM",0.732265446224256,0.929297820823245,0.0665892104103933,-0.284239800830033,-0.810104450812378,21
"809","REACTOME_SUMOYLATION",0.652647975077882,0.884447255891569,0.05378728077603,0.230634915869272,0.926725798988508,155
"810","REACTOME_SUMOYLATION_OF_CHROMATIN_ORGANIZATION_PROTEINS",0.502463054187192,0.819328552803129,0.0687943095604775,0.277247873785005,0.964236713002995,62
"811","REACTOME_SUMOYLATION_OF_DNA_DAMAGE_RESPONSE_AND_REPAIR_PROTEINS",0.0149107013563452,0.17246882936748,0.380730400722792,0.428448859840877,1.51082423746551,69
"812","REACTOME_SUMOYLATION_OF_DNA_REPLICATION_PROTEINS",0.0398353374726116,0.278847362308281,0.321775918075361,0.459474170556308,1.47771486480493,39
"813","REACTOME_SUMOYLATION_OF_IMMUNE_RESPONSE_PROTEINS",0.244725738396624,0.627537889619674,0.126253987849115,-0.493490951101749,-1.1994657288559,11
"814","REACTOME_SUMOYLATION_OF_INTRACELLULAR_RECEPTORS",0.0222206753546232,0.210843788280174,0.352487857583619,-0.51470277972981,-1.5551337796906,26
"815","REACTOME_SUMOYLATION_OF_RNA_BINDING_PROTEINS",0.135,0.461131386861314,0.154190966581424,0.388636474374367,1.27331148482558,43
"816","REACTOME_SUMOYLATION_OF_SUMOYLATION_PROTEINS",0.0495575221238938,0.313864306784661,0.271288554688953,0.476076668121198,1.45414814719074,31
"817","REACTOME_SUMOYLATION_OF_TRANSCRIPTION_COFACTORS",0.913669064748201,1,0.0582216241124161,-0.219824214833155,-0.724533061440836,37
"818","REACTOME_SUMOYLATION_OF_TRANSCRIPTION_FACTORS",0.854014598540146,0.990146439901464,0.048701086452153,0.288785050387121,0.715817407430648,13
"819","REACTOME_SUMOYLATION_OF_UBIQUITINYLATION_PROTEINS",0.0460750853242321,0.298906253851072,0.276500599254472,0.45980672823373,1.44621862830765,35
"820","REACTOME_SURFACTANT_METABOLISM",0.157079646017699,0.490742115578785,0.165656695205483,-0.468303755370999,-1.28080645087451,18
"821","REACTOME_SWITCHING_OF_ORIGINS_TO_A_POST_REPLICATIVE_STATE",0.0461285008237232,0.298906253851072,0.271288554688953,0.39592214684898,1.40974742103266,72
"822","REACTOME_SYNAPTIC_ADHESION_LIKE_MOLECULES",0.333333333333333,0.708523592085236,0.108820126769161,-0.400784098917612,-1.10952576695468,19
"823","REACTOME_SYNDECAN_INTERACTIONS",0.783369803063457,0.96216000877583,0.0611692626746689,-0.301978488000986,-0.775451746934656,14
"824","REACTOME_SYNTHESIS_OF_ACTIVE_UBIQUITIN_ROLES_OF_E1_AND_E2_ENZYMES",0.0125386844858963,0.16441570783619,0.380730400722792,0.563945170463244,1.66105819985894,26
"825","REACTOME_SYNTHESIS_OF_BILE_ACIDS_AND_BILE_SALTS",0.0748299319727891,0.376576576576577,0.248911114434702,-0.470487609786934,-1.42154113737182,26
"826","REACTOME_SYNTHESIS_OF_BILE_ACIDS_AND_BILE_SALTS_VIA_7ALPHA_HYDROXYCHOLESTEROL",0.0370233820473805,0.265144374508548,0.321775918075361,-0.586172679986194,-1.57939494445908,16
"827","REACTOME_SYNTHESIS_OF_GLYCOSYLPHOSPHATIDYLINOSITOL_GPI",0.974311926605505,1,0.0429311093452583,0.217076904621214,0.57450352917193,17
"828","REACTOME_SYNTHESIS_OF_IP2_IP_AND_INS_IN_THE_CYTOSOL",0.0138765513155961,0.17246882936748,0.380730400722792,-0.718377837833321,-1.68160716102685,10
"829","REACTOME_SYNTHESIS_OF_IP3_AND_IP4_IN_THE_CYTOSOL",0.0330764015683198,0.248218305361142,0.321775918075361,-0.496410294286418,-1.49986448030494,26
"830","REACTOME_SYNTHESIS_OF_LEUKOTRIENES_LT_AND_EOXINS_EX",0.634955752212389,0.875241939943593,0.072003313661988,-0.320618518133893,-0.876888689415682,18
"831","REACTOME_SYNTHESIS_OF_PA",0.409836065573771,0.75347050424801,0.0992333343771191,-0.317223444886138,-1.00997397941517,32
"832","REACTOME_SYNTHESIS_OF_PC",0.392935982339956,0.73646099549714,0.0982123351217438,-0.346693345862503,-1.04124660399084,25
"833","REACTOME_SYNTHESIS_OF_PE",0.00371311200686533,0.0909712441682006,0.431707695803346,-0.764731264361716,-1.79011308908189,10
"834","REACTOME_SYNTHESIS_OF_PIPS_AT_THE_EARLY_ENDOSOME_MEMBRANE",0.790748898678414,0.967394513363474,0.0610363728309177,-0.293238640018818,-0.770093471503752,15
"835","REACTOME_SYNTHESIS_OF_PIPS_AT_THE_GOLGI_MEMBRANE",0.215859030837004,0.592865623313546,0.13880510939114,-0.464630956895354,-1.22019821992317,15
"836","REACTOME_SYNTHESIS_OF_PIPS_AT_THE_LATE_ENDOSOME_MEMBRANE",0.0948275862068965,0.404456958970233,0.213927855492356,-0.594953859636255,-1.39269144752907,10
"837","REACTOME_SYNTHESIS_OF_PIPS_AT_THE_PLASMA_MEMBRANE",0.0260901184472209,0.224906484021876,0.352487857583619,-0.429124045593937,-1.51403225777586,47
"838","REACTOME_SYNTHESIS_OF_VERY_LONG_CHAIN_FATTY_ACYL_COAS",0.592727272727273,0.850275949012467,0.0656813601934011,0.338986382144809,0.909177705419418,18
"839","REACTOME_SYNTHESIS_SECRETION_AND_DEACYLATION_OF_GHRELIN",0.0799256505576208,0.377719698828147,0.216542836735348,0.592463293827067,1.43686263690432,12
"840","REACTOME_S_PHASE",0.0806451612903226,0.379195177582274,0.199915231309662,0.321216861983777,1.26002225801783,129
"841","REACTOME_TAK1_DEPENDENT_IKK_AND_NF_KAPPA_B_ACTIVATION",0.825242718446602,0.975885529640645,0.0636424081651019,-0.24062432702671,-0.77101671346419,34
"842","REACTOME_TBC_RABGAPS",0.114077669902913,0.437410071942446,0.206587922696891,-0.40810669535482,-1.30221856658765,33
"843","REACTOME_TCF_DEPENDENT_SIGNALING_IN_RESPONSE_TO_WNT",0.990243902439024,1,0.0366082221336689,0.180161212550474,0.704542768321305,128
"844","REACTOME_TCR_SIGNALING",0.031823402665648,0.244856098196019,0.321775918075361,0.376279574221197,1.38477043956731,88
"845","REACTOME_TELOMERE_C_STRAND_LAGGING_STRAND_SYNTHESIS",0.0186033888058444,0.18825820628523,0.352487857583619,0.509641310203533,1.56470190884405,32
"846","REACTOME_TELOMERE_C_STRAND_SYNTHESIS_INITIATION",0.0799256505576208,0.377719698828147,0.216542836735348,0.59284830466722,1.43779637861758,12
"847","REACTOME_TELOMERE_EXTENSION_BY_TELOMERASE",0.116696588868941,0.437919061302682,0.173747838999571,0.491020841345516,1.3533637054774,20
"848","REACTOME_TELOMERE_MAINTENANCE",0.962121212121212,1,0.0582216241124161,-0.194286690118117,-0.747501384894228,80
"849","REACTOME_TERMINATION_OF_O_GLYCAN_BIOSYNTHESIS",0.625,0.868724459692751,0.0714786287425507,-0.382069901925274,-0.894364287501081,10
"850","REACTOME_TERMINATION_OF_TRANSLESION_DNA_SYNTHESIS",0.531322505800464,0.824435421500387,0.0838361057159929,-0.310082901512794,-0.952636439059084,28
"851","REACTOME_TGFBR3_PTM_REGULATION",0.381465517241379,0.728193832599119,0.0985499803531691,-0.459058404529572,-1.07458200925959,10
"852","REACTOME_TGF_BETA_RECEPTOR_SIGNALING_ACTIVATES_SMADS",0.050723707127717,0.314122781145969,0.321775918075361,-0.452435933505159,-1.44366774548894,33
"853","REACTOME_TGF_BETA_RECEPTOR_SIGNALING_IN_EMT_EPITHELIAL_TO_MESENCHYMAL_TRANSITION",0.417721518987342,0.762546537602383,0.0919686140000427,-0.427187288226156,-1.03830984314141,11
"854","REACTOME_THE_CANONICAL_RETINOID_CYCLE_IN_RODS_TWILIGHT_VISION",0.0146863518166929,0.17246882936748,0.380730400722792,0.650445055196321,1.64444049712544,14
"855","REACTOME_THE_NLRP3_INFLAMMASOME",0.0732758620689655,0.372785943094027,0.245041785430996,-0.621041401719421,-1.45375819439998,10
"856","REACTOME_THE_PHOTOTRANSDUCTION_CASCADE",0.395264116575592,0.737456698460674,0.086794975677172,0.359196236926149,1.0471082552546,25
"857","REACTOME_THE_ROLE_OF_GTSE1_IN_G2_M_PROGRESSION_AFTER_G2_CHECKPOINT",0.0610169491525424,0.33904711673699,0.237793834423688,0.419617517376299,1.39512411125573,49
"858","REACTOME_THROMBIN_SIGNALLING_THROUGH_PROTEINASE_ACTIVATED_RECEPTORS_PARS",0.56440281030445,0.84721941354904,0.0810802057550866,-0.296893095909845,-0.945246344085895,32
"859","REACTOME_THROMBOXANE_SIGNALLING_THROUGH_TP_RECEPTOR",0.338155515370705,0.709539084539085,0.0952879846194844,0.376096643108214,1.09143604632102,24
"860","REACTOME_TIE2_SIGNALING",0.087527352297593,0.394491525423729,0.224966093540314,-0.520483115086657,-1.41464040346713,17
"861","REACTOME_TNFR1_INDUCED_NF_KAPPA_B_SIGNALING_PATHWAY",0.550228310502283,0.841814775431667,0.0810802057550866,-0.301333441368951,-0.940737109481573,29
"862","REACTOME_TNFR1_INDUCED_PROAPOPTOTIC_SIGNALING",0.0290714196125209,0.239399640158084,0.352487857583619,-0.527197449832222,-1.52853403836884,22
"863","REACTOME_TNFR2_NON_CANONICAL_NF_KB_PATHWAY",0.0137036404293029,0.17246882936748,0.380730400722792,0.413061606021354,1.47809768988817,76
"864","REACTOME_TNFS_BIND_THEIR_PHYSIOLOGICAL_RECEPTORS",0.00108199576006833,0.0419724188593172,0.45505986738723,0.655057233075738,1.86698991457136,23
"865","REACTOME_TNF_RECEPTOR_SUPERFAMILY_TNFSF_MEMBERS_MEDIATING_NON_CANONICAL_NF_KB_PATHWAY",0.220183486238532,0.594762545867321,0.12384217120105,0.459789669133366,1.2168534835838,17
"866","REACTOME_TNF_SIGNALING",0.167076167076167,0.506670721654435,0.169570644405628,-0.33265123615086,-1.19409154860638,52
"867","REACTOME_TOLL_LIKE_RECEPTOR_4_TLR4_CASCADE",0.496277915632754,0.818101933216169,0.0913924325943768,-0.242415021856578,-0.983793960472057,111
"868","REACTOME_TOLL_LIKE_RECEPTOR_9_TLR9_CASCADE",0.915141430948419,1,0.0413209506074822,0.203103787770473,0.754529799457911,92
"869","REACTOME_TOLL_LIKE_RECEPTOR_CASCADES",0.372395833333333,0.728193832599119,0.111918316325105,-0.244987822358453,-1.02580854911601,137
"870","REACTOME_TP53_REGULATES_METABOLIC_GENES",0.16030534351145,0.49582815551216,0.176694268938498,-0.319821029067633,-1.17370570455811,62
"871","REACTOME_TP53_REGULATES_TRANSCRIPTION_OF_ADDITIONAL_CELL_CYCLE_GENES_WHOSE_EXACT_ROLE_IN_THE_P53_PATHWAY_REMAIN_UNCERTAIN",0.977981651376147,1,0.0427591434738678,0.202657202632974,0.536341156733891,17
"872","REACTOME_TP53_REGULATES_TRANSCRIPTION_OF_CELL_CYCLE_GENES",1,1,0.0545680646670941,-0.146535856632947,-0.467578001905467,33
"873","REACTOME_TP53_REGULATES_TRANSCRIPTION_OF_CELL_DEATH_GENES",0.894273127753304,1,0.0552495663125249,-0.261424215085002,-0.686543496849643,15
"874","REACTOME_TP53_REGULATES_TRANSCRIPTION_OF_DNA_REPAIR_GENES",0.944908180300501,1,0.0400031517498194,0.207379845464763,0.676483704832271,42
"875","REACTOME_TP53_REGULATES_TRANSCRIPTION_OF_GENES_INVOLVED_IN_G1_CELL_CYCLE_ARREST",1,1,0.042331839351853,0.164016172506739,0.381652448883578,10
"876","REACTOME_TRAF6_MEDIATED_INDUCTION_OF_TAK1_COMPLEX_WITHIN_TLR4_COMPLEX",0.662995594713656,0.894563621273064,0.0696133438850965,-0.338851655005514,-0.852775477732726,13
"877","REACTOME_TRAF6_MEDIATED_NF_KB_ACTIVATION",0.93394495412844,1,0.0448645113168564,0.239021106679883,0.604287763204694,14
"878","REACTOME_TRAFFICKING_AND_PROCESSING_OF_ENDOSOMAL_TLR",0.894514767932489,1,0.0532386494755899,-0.271473629184192,-0.659836444351409,11
"879","REACTOME_TRAFFICKING_OF_AMPA_RECEPTORS",0.182136602451839,0.53323640529139,0.134273452883202,0.403494109077371,1.21404872889219,28
"880","REACTOME_TRAFFICKING_OF_GLUR2_CONTAINING_AMPA_RECEPTORS",0.635514018691589,0.875241939943593,0.0636424081651019,0.332469591211246,0.86419323644427,16
"881","REACTOME_TRANSCRIPTIONAL_ACTIVITY_OF_SMAD2_SMAD3_SMAD4_HETEROTRIMER",0.699029126213592,0.920229468599034,0.0718276293603809,-0.267906569032293,-0.854857105447214,33
"882","REACTOME_TRANSCRIPTIONAL_AND_POST_TRANSLATIONAL_REGULATION_OF_MITF_M_EXPRESSION_AND_ACTIVITY",0.906178489702517,1,0.0564118388217596,-0.226991807489121,-0.716377522637118,30
"883","REACTOME_TRANSCRIPTIONAL_REGULATION_BY_E2F6",0.610810810810811,0.860927361092867,0.0637845390312975,0.31888661290348,0.908864233720755,23
"884","REACTOME_TRANSCRIPTIONAL_REGULATION_BY_RUNX1",0.948220064724919,1,0.0383995813369433,0.197084673080772,0.778734152851264,137
"885","REACTOME_TRANSCRIPTIONAL_REGULATION_BY_RUNX2",0.746166950596252,0.941302752039445,0.0517405459873163,0.254227018531646,0.83424759663665,46
"886","REACTOME_TRANSCRIPTIONAL_REGULATION_BY_RUNX3",0.964194373401535,1,0.0587185879555941,-0.196051645599108,-0.717417983310342,59
"887","REACTOME_TRANSCRIPTIONAL_REGULATION_BY_SMALL_RNAS",0.169911504424779,0.510282614901513,0.140406238523342,0.405612496635596,1.23274872971285,30
"888","REACTOME_TRANSCRIPTIONAL_REGULATION_BY_THE_AP_2_TFAP2_FAMILY_OF_TRANSCRIPTION_FACTORS",0.927312775330396,1,0.0535669384770951,-0.248183333194544,-0.651770737365628,15
"889","REACTOME_TRANSCRIPTIONAL_REGULATION_BY_TP53",0.964549483013294,1,0.0333092817548776,0.187634956331526,0.79830311377093,273
"890","REACTOME_TRANSCRIPTION_COUPLED_NUCLEOTIDE_EXCISION_REPAIR_TC_NER",0.725779967159278,0.926887722119736,0.0513223330421143,0.243786683058038,0.867079959155406,70
"891","REACTOME_TRANSFERRIN_ENDOCYTOSIS_AND_RECYCLING",0.544186046511628,0.837416874879877,0.0826646449123753,-0.312699499842527,-0.953608777391796,27
"892","REACTOME_TRANSLATION",0.00000000354262608129419,0.00000329818488168489,0.774939030136436,0.476193273081294,1.97251901459587,209
"893","REACTOME_TRANSLESION_SYNTHESIS_BY_POLH",0.375700934579439,0.728193832599119,0.0911073131586733,0.405428122854725,1.05383545111268,16
"894","REACTOME_TRANSLESION_SYNTHESIS_BY_POLK",0.194495412844037,0.554029258616415,0.132846300606183,0.49114427492268,1.24169986252012,14
"895","REACTOME_TRANSLESION_SYNTHESIS_BY_Y_FAMILY_DNA_POLYMERASES_BYPASSES_LESIONS_ON_DNA_TEMPLATE",0.411057692307692,0.75347050424801,0.100633389423036,-0.312494942293318,-1.014635663442,35
"896","REACTOME_TRANSLOCATION_OF_ZAP_70_TO_IMMUNOLOGICAL_SYNAPSE",0.473977695167286,0.807325556939703,0.0780892306943345,0.411612648535485,0.998257346438242,12
"897","REACTOME_TRANSMISSION_ACROSS_CHEMICAL_SYNAPSES",0.0164822011762104,0.178621249954201,0.352487857583619,0.334295365245423,1.36544664885694,183
"898","REACTOME_TRANSPORT_OF_BILE_SALTS_AND_ORGANIC_ACIDS_METAL_IONS_AND_AMINE_COMPOUNDS",0.00928209645364798,0.143916793759879,0.380730400722792,-0.412516053464591,-1.52622194899314,64
"899","REACTOME_TRANSPORT_OF_CONNEXONS_TO_THE_PLASMA_MEMBRANE",0.589015151515151,0.847562760526439,0.0679922591544058,0.381440156038386,0.9018539524701,11
"900","REACTOME_TRANSPORT_OF_INORGANIC_CATIONS_ANIONS_AND_AMINO_ACIDS_OLIGOPEPTIDES",0.261306532663317,0.647011654014755,0.134273452883202,-0.280553991720029,-1.09277982539679,90
"901","REACTOME_TRANSPORT_OF_MATURE_MRNAS_DERIVED_FROM_INTRONLESS_TRANSCRIPTS",0.00151232946898867,0.0521473605788315,0.45505986738723,0.55882034744342,1.79722210102211,39
"902","REACTOME_TRANSPORT_OF_MATURE_TRANSCRIPT_TO_CYTOPLASM",0.000867047245100786,0.0384390945328015,0.477270815362862,0.470748265134127,1.6829832341614,74
"903","REACTOME_TRANSPORT_OF_NUCLEOSIDES_AND_FREE_PURINE_AND_PYRIMIDINE_BASES_ACROSS_THE_PLASMA_MEMBRANE",0.245353159851301,0.627537889619674,0.117249716749792,0.524544682899316,1.22057331126392,10
"904","REACTOME_TRANSPORT_OF_THE_SLBP_DEPENDANT_MATURE_MRNA",0.00200289948442604,0.0603994384744079,0.431707695803346,0.586840583208298,1.80171929227336,32
"905","REACTOME_TRANSPORT_OF_VITAMINS_NUCLEOSIDES_AND_RELATED_MOLECULES",0.524271844660194,0.821769718155997,0.0870515867946735,-0.296351329197924,-0.945620857258764,33
"906","REACTOME_TRANSPORT_TO_THE_GOLGI_AND_SUBSEQUENT_MODIFICATION",0.991573033707865,1,0.0618406035753285,-0.174787743331581,-0.747139965707065,162
"907","REACTOME_TRANS_GOLGI_NETWORK_VESICLE_BUDDING",0.23134328358209,0.604781083539041,0.142901149386948,-0.299405231601183,-1.12460840932399,68
"908","REACTOME_TRIGLYCERIDE_METABOLISM",0.702803738317757,0.920229468599034,0.0588438169595807,0.319901559945072,0.831524962705075,16
"909","REACTOME_TRISTETRAPROLIN_TTP_ZFP36_BINDS_AND_DESTABILIZES_MRNA",0.452336448598131,0.787131490158585,0.0808589150280032,0.382923498252891,0.995338840042867,16
"910","REACTOME_TRP_CHANNELS",0.355704697986577,0.728193832599119,0.105125131597001,-0.367970254569896,-1.08306467667605,23
"911","REACTOME_TURBULENT_OSCILLATORY_DISTURBED_FLOW_SHEAR_STRESS_ACTIVATES_SIGNALING_BY_PIEZO1_AND_INTEGRINS_IN_ENDOTHELIAL_CELLS",0.706976744186047,0.920229468599034,0.069119845655101,-0.276441867733711,-0.843037458141776,27
"912","REACTOME_UBIQUINOL_BIOSYNTHESIS",0.313868613138686,0.700747431252079,0.10027910675413,0.454347680731881,1.12620088352097,13
"913","REACTOME_UBIQUITIN_MEDIATED_DEGRADATION_OF_PHOSPHORYLATED_CDC25A",0.0796610169491525,0.377719698828147,0.206587922696891,0.443103343690378,1.37335024283369,33
"914","REACTOME_UB_SPECIFIC_PROCESSING_PROTEASES",1,1,0.0350150690873584,0.163750150268399,0.650854263452695,143
"915","REACTOME_UCH_PROTEINASES",0.990082644628099,1,0.0373806494758473,0.179029860255237,0.628088129655401,66
"916","REACTOME_UNBLOCKING_OF_NMDA_RECEPTORS_GLUTAMATE_BINDING_AND_ACTIVATION",0.41113105924596,0.75347050424801,0.0838361057159929,0.370940760153298,1.02239603577319,20
"917","REACTOME_UNFOLDED_PROTEIN_RESPONSE_UPR",0.338362068965517,0.709539084539085,0.105920292736253,-0.469142937730822,-1.09818828210618,10
"918","REACTOME_VASOPRESSIN_REGULATES_RENAL_WATER_HOMEOSTASIS_VIA_AQUAPORINS",0.485113835376532,0.809960899315738,0.0738052724171275,0.332579485721472,1.0006780590156,28
"919","REACTOME_VEGFR2_MEDIATED_CELL_PROLIFERATION",0.273706896551724,0.663596668462644,0.119887845115423,-0.498946698275145,-1.16795409964312,10
"920","REACTOME_VEGFR2_MEDIATED_VASCULAR_PERMEABILITY",0.632558139534884,0.875241939943593,0.0747385227439092,-0.292147007788687,-0.890931872472896,27
"921","REACTOME_VISUAL_PHOTOTRANSDUCTION",0.152428810720268,0.482691233947515,0.144630528034484,0.343880438165577,1.21261356831191,69
"922","REACTOME_VITAMIN_B5_PANTOTHENATE_METABOLISM",0.143171806167401,0.464539426947668,0.173747838999571,-0.496402950987812,-1.30363676412624,15
"923","REACTOME_VLDLR_INTERNALISATION_AND_DEGRADATION",0.079295154185022,0.377719698828147,0.237793834423688,-0.571987997573936,-1.43950112293405,13
"924","REACTOME_VOLTAGE_GATED_POTASSIUM_CHANNELS",0.0789022298456261,0.377719698828147,0.208955027549354,0.431508599353196,1.36267696795995,36
"925","REACTOME_VXPX_CARGO_TARGETING_TO_CILIUM",0.824945295404814,0.975885529640645,0.0587185879555941,-0.270646356358594,-0.735599791152274,17
"926","REACTOME_WNT5A_DEPENDENT_INTERNALIZATION_OF_FZD2_FZD5_AND_ROR2",0.523706896551724,0.821769718155997,0.0806388495950661,-0.38559123052414,-0.955277393918967,12
"927","REACTOME_WNT5A_DEPENDENT_INTERNALIZATION_OF_FZD4",0.617067833698031,0.865196013814558,0.0728938564822936,-0.342144584772724,-0.878594424796826,14
"928","REACTOME_WNT_LIGAND_BIOGENESIS_AND_TRAFFICKING",0.300934579439252,0.681679059508379,0.104343952581949,0.434382626476194,1.12909733026112,16
"929","REACTOME_XENOBIOTICS",0.000469301571235518,0.0291279841880178,0.49849310876659,-0.71157753870591,-1.93402303989339,17
"930","REACTOME_ZBP1_DAI_MEDIATED_INDUCTION_OF_TYPE_I_IFNS",0.975770925110132,1,0.051218434854034,-0.224336490139887,-0.564579380758261,13
"931","REACTOME_ZINC_TRANSPORTERS",0.103448275862069,0.411884860122746,0.204294756516886,-0.589949334768177,-1.38097665844109,10
