"","pathway","pval","padj","log2err","ES","NES","size"
"1","REACTOME_ABC_FAMILY_PROTEINS_MEDIATED_TRANSPORT",0.198487712665406,0.43893601066863,0.133554954557592,-0.317580870810521,-1.1521143677584,78
"2","REACTOME_ABC_TRANSPORTERS_IN_LIPID_HOMEOSTASIS",0.611001964636542,0.83522886869787,0.0679922591544058,-0.344932220041989,-0.897214799735335,16
"3","REACTOME_ACETYLCHOLINE_NEUROTRANSMITTER_RELEASE_CYCLE",0.186612576064909,0.421690068729199,0.143758989039275,0.486647079851483,1.25952604360715,16
"4","REACTOME_ACTIVATED_TAK1_MEDIATES_P38_MAPK_ACTIVATION",0.799599198396794,0.942077278852107,0.0560595875032335,0.282880262899318,0.773200413515146,20
"5","REACTOME_ACTIVATION_OF_APC_C_AND_APC_C_CDC20_MEDIATED_DEGRADATION_OF_MITOTIC_PROTEINS",0.994285714285714,1,0.0437125833579551,-0.174914844767556,-0.599956368107182,58
"6","REACTOME_ACTIVATION_OF_ATR_IN_RESPONSE_TO_REPLICATION_STRESS",0.643892339544513,0.847897833261587,0.0679922591544058,0.28534088169499,0.905735355484568,35
"7","REACTOME_ACTIVATION_OF_BAD_AND_TRANSLOCATION_TO_MITOCHONDRIA",0.77755905511811,0.92414314516129,0.0565299525056311,0.345337468132586,0.780547640631309,10
"8","REACTOME_ACTIVATION_OF_BH3_ONLY_PROTEINS",0.620825147347741,0.83522886869787,0.0672065093710464,-0.343828937300348,-0.894345013885894,16
"9","REACTOME_ACTIVATION_OF_G_PROTEIN_GATED_POTASSIUM_CHANNELS",0.743951612903226,0.90302340497119,0.0597317976364411,0.2757298444111,0.827654027245757,27
"10","REACTOME_ACTIVATION_OF_IRF3_IRF7_MEDIATED_BY_TBK1_IKK_IKBKE",0.230460921843687,0.469494788263617,0.126875729929857,-0.46912678075201,-1.19818863899505,15
"11","REACTOME_ACTIVATION_OF_KAINATE_RECEPTORS_UPON_GLUTAMATE_BINDING",0.423892100192678,0.682774299791321,0.0860347242455604,-0.338733941793178,-1.02682274559815,32
"12","REACTOME_ACTIVATION_OF_MATRIX_METALLOPROTEINASES",0.882352941176471,0.988532597154385,0.0520570030732099,0.255599112339641,0.717999850669775,22
"13","REACTOME_ACTIVATION_OF_NF_KAPPAB_IN_B_CELLS",0.566596194503171,0.801673339031083,0.0755015292281669,0.284434023365415,0.946373664293789,45
"14","REACTOME_ACTIVATION_OF_NMDA_RECEPTORS_AND_POSTSYNAPTIC_EVENTS",0.431211498973306,0.690977462210237,0.0886261133285098,0.325204304136852,1.02122227764274,33
"15","REACTOME_ACTIVATION_OF_SMO",0.857707509881423,0.97430647355212,0.0521630305460055,-0.28954995330011,-0.707224445977245,13
"16","REACTOME_ACTIVATION_OF_THE_AP_1_FAMILY_OF_TRANSCRIPTION_FACTORS",0.392712550607287,0.657581627006087,0.0931454575337804,-0.477065629180914,-1.07819253204321,10
"17","REACTOME_ACTIVATION_OF_THE_MRNA_UPON_BINDING_OF_THE_CAP_BINDING_COMPLEX_AND_EIFS_AND_SUBSEQUENT_BINDING_TO_43S",0.00480521952981221,0.0434335862354871,0.407017918923954,0.461891115836636,1.59952388650004,56
"18","REACTOME_ACTIVATION_OF_THE_PRE_REPLICATIVE_COMPLEX",0.422360248447205,0.681485946801296,0.0902635484340068,0.329064648808788,1.02242966588063,32
"19","REACTOME_ACYL_CHAIN_REMODELLING_OF_PC",0.260869565217391,0.506316934404284,0.117249716749792,-0.408011472810719,-1.1603489161972,23
"20","REACTOME_ACYL_CHAIN_REMODELLING_OF_PE",0.579567779960707,0.811553784860558,0.070619624712259,-0.32675924956294,-0.91940184550043,22
"21","REACTOME_ACYL_CHAIN_REMODELLING_OF_PG",0.632936507936508,0.839433922111087,0.0667426134241917,0.348209637374674,0.871487457436863,14
"22","REACTOME_ACYL_CHAIN_REMODELLING_OF_PI",0.941532258064516,1,0.0487989701682839,0.255044936565254,0.621757533867742,13
"23","REACTOME_ACYL_CHAIN_REMODELLING_OF_PS",0.404517453798768,0.665381182838609,0.0922597260527354,-0.396037494869949,-1.05520263893961,18
"24","REACTOME_ADENYLATE_CYCLASE_ACTIVATING_PATHWAY",0.312992125984252,0.564870729652947,0.105125131597001,0.501793069886096,1.1341757930372,10
"25","REACTOME_ADENYLATE_CYCLASE_INHIBITORY_PATHWAY",0.513888888888889,0.75543924100296,0.077274697304471,0.387403795214825,0.969581287406708,14
"26","REACTOME_ADHERENS_JUNCTIONS_INTERACTIONS",0.0224701173094712,0.11752628772538,0.352487857583619,-0.468766893079784,-1.4687713679249,36
"27","REACTOME_ADP_SIGNALLING_THROUGH_P2Y_PURINOCEPTOR_1",0.641434262948207,0.845857363746149,0.0662842187012672,-0.310350454119383,-0.894994979375237,25
"28","REACTOME_ADP_SIGNALLING_THROUGH_P2Y_PURINOCEPTOR_12",0.504911591355599,0.752116306483301,0.0776798560117236,-0.342199420259019,-0.962845822837888,22
"29","REACTOME_ADRENALINE_NORADRENALINE_INHIBITS_INSULIN_SECRETION",0.739130434782609,0.898766200808929,0.0590954798717342,-0.292945147483182,-0.833110358504626,23
"30","REACTOME_AEROBIC_RESPIRATION_AND_RESPIRATORY_ELECTRON_TRANSPORT",1,1,0.03975964750879,-0.114049091762952,-0.477429832172019,213
"31","REACTOME_AFLATOXIN_ACTIVATION_AND_DETOXIFICATION",0.0154405878926201,0.094324698645719,0.380730400722792,-0.62746544102695,-1.65327079349541,17
"32","REACTOME_AGGREPHAGY",0.579681274900398,0.811553784860558,0.0713052987340038,-0.324182328017226,-0.934883619876981,25
"33","REACTOME_AKT_PHOSPHORYLATES_TARGETS_IN_THE_CYTOSOL",0.410821643286573,0.670151978390573,0.0899860794997137,-0.451352038874005,-1.05288898828431,11
"34","REACTOME_AKT_PHOSPHORYLATES_TARGETS_IN_THE_NUCLEUS",0.311023622047244,0.563352124758724,0.105520936843198,0.501943697909691,1.13451624942922,10
"35","REACTOME_ALPHA_LINOLENIC_OMEGA3_AND_LINOLEIC_OMEGA6_ACID_METABOLISM",0.241448692152918,0.483416628805089,0.12384217120105,-0.499135525478752,-1.18315510278826,12
"36","REACTOME_AMINE_LIGAND_BINDING_RECEPTORS",0.213709677419355,0.450487798498679,0.132846300606183,0.424652922408962,1.2198605776861,23
"37","REACTOME_AMINO_ACIDS_REGULATE_MTORC1",0.957627118644068,1,0.0502948063662358,0.205648292328712,0.697794587714086,51
"38","REACTOME_AMINO_ACID_TRANSPORT_ACROSS_THE_PLASMA_MEMBRANE",0.119230769230769,0.320964387087877,0.178219874951973,-0.434793842142324,-1.29040741068544,29
"39","REACTOME_AMPLIFICATION_OF_SIGNAL_FROM_THE_KINETOCHORES",0.736162361623616,0.897077432816213,0.0560595875032335,-0.234417398578233,-0.868391829117638,91
"40","REACTOME_ANCHORING_OF_THE_BASAL_BODY_TO_THE_PLASMA_MEMBRANE",0.835793357933579,0.96541391592576,0.0501934252649434,-0.221353946160074,-0.819866511791137,90
"41","REACTOME_ANTIGEN_ACTIVATES_B_CELL_RECEPTOR_BCR_LEADING_TO_GENERATION_OF_SECOND_MESSENGERS",4.67826629687035e-09,2.75267487863994e-06,0.761460801445585,0.830098814412561,2.38454692255871,23
"42","REACTOME_ANTIGEN_PRESENTATION_FOLDING_ASSEMBLY_AND_PEPTIDE_LOADING_OF_CLASS_I_MHC",0.246520874751491,0.487284361769932,0.121543282035469,-0.401711892468537,-1.16650440584814,26
"43","REACTOME_ANTIGEN_PROCESSING_CROSS_PRESENTATION",0.365344467640919,0.627556640910877,0.0992333343771191,0.297360664703872,1.04920825879208,63
"44","REACTOME_ANTIGEN_PROCESSING_UBIQUITINATION_PROTEASOME_DEGRADATION",0.0416926301376116,0.180538784456355,0.321775918075361,-0.295639896155286,-1.26452836948657,259
"45","REACTOME_ANTIGEN_PROCESSING_UB_ATP_INDEPENDENT_PROTEASOMAL_DEGRADATION",0.731462925851703,0.894520997375328,0.0602484086158019,-0.309242904334929,-0.814805451270539,17
"46","REACTOME_ANTIMICROBIAL_PEPTIDES",0.0205373407265087,0.111814410622103,0.352487857583619,0.496878546482119,1.48163511584566,26
"47","REACTOME_ANTIVIRAL_MECHANISM_BY_IFN_STIMULATED_GENES",0.116760828625235,0.316922249125639,0.178219874951973,-0.342225076103005,-1.24089273191216,79
"48","REACTOME_APC_CDC20_MEDIATED_DEGRADATION_OF_NEK2A",0.631048387096774,0.839433922111087,0.0676760401641789,0.304110829639558,0.873590626011153,23
"49","REACTOME_APC_C_CDC20_MEDIATED_DEGRADATION_OF_CYCLIN_B",0.826612903225806,0.958376852930543,0.0547939500773363,0.27199941709755,0.753201211992171,21
"50","REACTOME_APC_C_CDH1_MEDIATED_DEGRADATION_OF_CDC20_AND_OTHER_APC_C_CDH1_TARGETED_PROTEINS_IN_LATE_MITOSIS_EARLY_G1",0.770992366412214,0.923801664259679,0.0554793308704233,-0.245654795176173,-0.835719057575581,54
"51","REACTOME_APC_C_MEDIATED_DEGRADATION_OF_CELL_CYCLE_PROTEINS",0.267441860465116,0.513378086789739,0.114266502484433,-0.314970055952103,-1.10035982842274,67
"52","REACTOME_APOPTOSIS",0.00291922945906541,0.0323547931713083,0.431707695803346,-0.429528858774587,-1.59424422878442,92
"53","REACTOME_APOPTOSIS_INDUCED_DNA_FRAGMENTATION",0.511022044088176,0.755177020708083,0.0780892306943345,-0.417398106923306,-0.973683140119695,11
"54","REACTOME_APOPTOTIC_CLEAVAGE_OF_CELLULAR_PROTEINS",0.112810707456979,0.31165213247017,0.183023938384487,-0.428342923251727,-1.29027093124188,31
"55","REACTOME_APOPTOTIC_EXECUTION_PHASE",0.0759013282732448,0.250582044760251,0.224966093540314,-0.418163796426025,-1.35312487007449,42
"56","REACTOME_APOPTOTIC_FACTOR_MEDIATED_RESPONSE",0.108055009823183,0.303009681160792,0.190023305279108,-0.509896215918382,-1.32630819815941,16
"57","REACTOME_AQUAPORIN_MEDIATED_TRANSPORT",0.398843930635838,0.661896077401008,0.0894366833718621,-0.343443304772223,-1.04109849546414,32
"58","REACTOME_ARACHIDONATE_METABOLISM",0.722105263157895,0.890437086092715,0.0632191170859458,0.264177997938689,0.867686831158997,42
"59","REACTOME_ASPARAGINE_N_LINKED_GLYCOSYLATION",3.3523007682442e-08,1.04033067174512e-05,0.719512826338911,-0.438098138639018,-1.86374567925174,242
"60","REACTOME_ASPIRIN_ADME",0.628,0.839433922111087,0.0675188953767744,0.290214457289709,0.881223201787655,28
"61","REACTOME_ASSEMBLY_OF_ACTIVE_LPL_AND_LIPC_LIPASE_COMPLEXES",0.54251012145749,0.783401914096815,0.0755015292281669,-0.42114272144224,-0.951803922581854,10
"62","REACTOME_ASSEMBLY_OF_COLLAGEN_FIBRILS_AND_OTHER_MULTIMERIC_STRUCTURES",0.932346723044397,1,0.0514264916187015,0.218341063269332,0.726468056342676,45
"63","REACTOME_ASYMMETRIC_LOCALIZATION_OF_PCP_PROTEINS",0.728136882129278,0.893142868593356,0.0579754757571486,-0.260070139752521,-0.848472425462939,43
"64","REACTOME_ATORVASTATIN_ADME",0.0781563126252505,0.257114936586955,0.227987202850442,-0.621207404221659,-1.44911815836119,11
"65","REACTOME_ATP_DEPENDENT_CHROMATIN_REMODELERS",0.778217821782178,0.92414314516129,0.0567672387487446,-0.284808971026744,-0.812143483687517,24
"66","REACTOME_AUF1_HNRNP_D0_BINDS_AND_DESTABILIZES_MRNA",0.25626204238921,0.500456915551255,0.116739204791222,-0.366247545709895,-1.1376506596065,35
"67","REACTOME_AURKA_ACTIVATION_BY_TPX2",0.655105973025048,0.855203619909502,0.0636424081651019,-0.259032261039523,-0.906731500959584,66
"68","REACTOME_AZATHIOPRINE_ADME",0.667315175097276,0.862804553675923,0.0632191170859458,0.315427929335565,0.857568117996539,19
"69","REACTOME_A_TETRASACCHARIDE_LINKER_SEQUENCE_IS_REQUIRED_FOR_GAG_SYNTHESIS",0.825147347740668,0.957870549559304,0.0536769600638126,-0.267902258285934,-0.753796047124221,22
"70","REACTOME_BASE_EXCISION_REPAIR",0.678723404255319,0.870188135966809,0.0667426134241917,0.249614394216595,0.898208927341573,74
"71","REACTOME_BASE_EXCISION_REPAIR_AP_SITE_FORMATION",0.997929606625259,1,0.0473534245254193,0.162310273165826,0.546635684588644,46
"72","REACTOME_BASIGIN_INTERACTIONS",0.679513184584179,0.870188135966809,0.0643583367917361,0.299096890283962,0.840188843356845,22
"73","REACTOME_BBSOME_MEDIATED_CARGO_TARGETING_TO_CILIUM",0.286290322580645,0.530948785503149,0.112378519110475,0.469443139472771,1.14442502807752,13
"74","REACTOME_BETA_CATENIN_INDEPENDENT_WNT_SIGNALING",0.263736263736264,0.509367939604342,0.11146266692298,-0.288102057824863,-1.0914445237775,106
"75","REACTOME_BETA_CATENIN_PHOSPHORYLATION_CASCADE",0.000533221918953307,0.0118197525367983,0.477270815362862,-0.73632683807848,-1.91528450570931,16
"76","REACTOME_BETA_OXIDATION_OF_VERY_LONG_CHAIN_FATTY_ACIDS",0.0226360115358688,0.117732551619519,0.352487857583619,-0.663138597680119,-1.54693291946911,11
"77","REACTOME_BILE_ACID_AND_BILE_SALT_METABOLISM",0.13926499032882,0.356770439776334,0.16440575583821,-0.4043106844036,-1.24206782599258,34
"78","REACTOME_BINDING_AND_UPTAKE_OF_LIGANDS_BY_SCAVENGER_RECEPTORS",0.142857142857143,0.358712294043093,0.165656695205483,0.446179173252714,1.2952391888491,24
"79","REACTOME_BIOLOGICAL_OXIDATIONS",0.270034843205575,0.516226774177393,0.106729884364606,-0.269745069633863,-1.08791071326592,153
"80","REACTOME_BIOSYNTHESIS_OF_MARESINS",0.67004048582996,0.862804553675923,0.0649407684612899,-0.366356580467448,-0.827984463695442,10
"81","REACTOME_BIOSYNTHESIS_OF_SPECIALIZED_PRORESOLVING_MEDIATORS_SPMS",0.501945525291829,0.752116306483301,0.0774767547848578,0.356283721706752,0.968644600814085,19
"82","REACTOME_BIOSYNTHESIS_OF_THE_N_GLYCAN_PRECURSOR_DOLICHOL_LIPID_LINKED_OLIGOSACCHARIDE_LLO_AND_TRANSFER_TO_A_NASCENT_PROTEIN",0.476190476190476,0.725586470267321,0.0791316651768349,-0.278655552937124,-0.992718246712234,71
"83","REACTOME_BIOTIN_TRANSPORT_AND_METABOLISM",0.161943319838057,0.38758157010085,0.155241966228839,-0.58271791776562,-1.31697206587985,10
"84","REACTOME_BLOOD_GROUP_SYSTEMS_BIOSYNTHESIS",0.608870967741935,0.83522886869787,0.0694481442003175,0.368484653580429,0.898304873500827,13
"85","REACTOME_BRANCHED_CHAIN_AMINO_ACID_CATABOLISM",0.0961923847695391,0.284306698991007,0.204294756516886,0.50393190435766,1.37740382746851,20
"86","REACTOME_BUTYRATE_RESPONSE_FACTOR_1_BRF1_BINDS_AND_DESTABILIZES_MRNA",1,1,0.0463227785794633,0.143319401375219,0.370935172654,16
"87","REACTOME_CA2_PATHWAY",0.317919075144509,0.568412938873477,0.102821842840815,-0.327947229025533,-1.08072948667337,46
"88","REACTOME_CALCINEURIN_ACTIVATES_NFAT",0.477732793522267,0.725697916118508,0.0822054920415869,-0.449614232248683,-1.01615098187472,10
"89","REACTOME_CARBOXYTERMINAL_POST_TRANSLATIONAL_MODIFICATIONS_OF_TUBULIN",0.227459016393443,0.468505186421007,0.129442887745046,-0.443129969214426,-1.19458206045926,19
"90","REACTOME_CARDIAC_CONDUCTION",0.00199261751086201,0.0247350253681671,0.431707695803346,0.432082043140338,1.59526937449233,83
"91","REACTOME_CARGO_CONCENTRATION_IN_THE_ER",0.0657370517928287,0.234487338004305,0.248911114434702,-0.478616587696992,-1.40335113527491,28
"92","REACTOME_CARGO_RECOGNITION_FOR_CLATHRIN_MEDIATED_ENDOCYTOSIS",0.0291263613600806,0.136264534805201,0.352487857583619,-0.369027371826484,-1.36705021196593,91
"93","REACTOME_CARGO_TRAFFICKING_TO_THE_PERICILIARY_MEMBRANE",0.668604651162791,0.862804553675923,0.0629394692018967,-0.282630031598519,-0.885555068533735,36
"94","REACTOME_CARNITINE_SHUTTLE",0.0285317930854218,0.134157067487514,0.352487857583619,-0.633326510046076,-1.54689712460702,13
"95","REACTOME_CASPASE_ACTIVATION_VIA_DEATH_RECEPTORS_IN_THE_PRESENCE_OF_LIGAND",0.0515214047857472,0.210648148148148,0.321775918075361,-0.592691873440975,-1.51378411618984,15
"96","REACTOME_CASPASE_ACTIVATION_VIA_EXTRINSIC_APOPTOTIC_SIGNALLING_PATHWAY",0.0657084188911704,0.234487338004305,0.252961123069611,-0.528409597303173,-1.40789498150528,18
"97","REACTOME_CASPASE_MEDIATED_CLEAVAGE_OF_CYTOSKELETAL_PROTEINS",0.232793522267206,0.472180325121502,0.126875729929857,-0.528994735003304,-1.19555494649656,10
"98","REACTOME_CA_DEPENDENT_EVENTS",0.230460921843687,0.469494788263617,0.126875729929857,0.396708469709178,1.18293937952434,26
"99","REACTOME_CD209_DC_SIGN_SIGNALING",0.636542239685658,0.840596915102621,0.065981614400873,-0.33973854616928,-0.883705359929956,16
"100","REACTOME_CD28_DEPENDENT_PI3K_AKT_SIGNALING",0.00616008359745795,0.0505085884160054,0.407017918923954,0.56738213493111,1.70310221574304,27
"101","REACTOME_CD28_DEPENDENT_VAV1_PATHWAY",0.20990099009901,0.448206013261877,0.132846300606183,0.513259273543455,1.23113582103311,12
"102","REACTOME_CDC42_GTPASE_CYCLE",0.396145610278373,0.661896077401008,0.0959206777921745,0.275642455216137,1.03529643095151,89
"103","REACTOME_CDK_MEDIATED_PHOSPHORYLATION_AND_REMOVAL_OF_CDC6",0.631679389312977,0.839433922111087,0.0649407684612899,-0.266257705497752,-0.905810279629343,54
"104","REACTOME_CELLULAR_HEXOSE_TRANSPORT",0.172962226640159,0.404181853059659,0.148261500475107,0.496597646751149,1.26852144055983,15
"105","REACTOME_CELLULAR_RESPONSES_TO_MECHANICAL_STIMULI",0.0635838150289017,0.233978386529279,0.248911114434702,-0.386008179953531,-1.3512053478873,66
"106","REACTOME_CELLULAR_RESPONSE_TO_CHEMICAL_STRESS",0.954792043399638,1,0.0431901998334182,-0.19699955442364,-0.767921562174849,123
"107","REACTOME_CELLULAR_RESPONSE_TO_HEAT_STRESS",0.620300751879699,0.83522886869787,0.0650877566917313,-0.255181380427868,-0.917370525192444,74
"108","REACTOME_CELLULAR_RESPONSE_TO_HYPOXIA",0.0210297441729191,0.113171629046172,0.352487857583619,-0.44447212697752,-1.50083495318107,51
"109","REACTOME_CELLULAR_SENESCENCE",0.0950639853747715,0.284306698991007,0.195789002148949,-0.318048024103067,-1.23929163655301,124
"110","REACTOME_CELL_CELL_COMMUNICATION",0.106666666666667,0.301294498381877,0.188204146308491,-0.341738962470592,-1.23968282035655,82
"111","REACTOME_CELL_CELL_JUNCTION_ORGANIZATION",0.00821611074638408,0.0613042583268851,0.380730400722792,-0.485023950567808,-1.59282525179359,44
"112","REACTOME_CELL_CYCLE_CHECKPOINTS",0.939495798319328,1,0.0405756447890657,-0.195454715884698,-0.833597415777815,251
"113","REACTOME_CELL_DEATH_SIGNALLING_VIA_NRAGE_NRIF_AND_NADE",0.143939393939394,0.358712294043093,0.159646701919906,-0.352449407817018,-1.22368875353015,61
"114","REACTOME_CELL_EXTRACELLULAR_MATRIX_INTERACTIONS",0.335984095427435,0.589079459214581,0.101350743797099,0.424089239612605,1.11413399299393,17
"115","REACTOME_CELL_JUNCTION_ORGANIZATION",0.0140649378775198,0.0903066011308343,0.380730400722792,-0.432141436837891,-1.50970248856167,67
"116","REACTOME_CELL_SURFACE_INTERACTIONS_AT_THE_VASCULAR_WALL",0.0179201451767807,0.104914219975071,0.352487857583619,0.364775847990452,1.40049074919543,101
"117","REACTOME_CHAPERONIN_MEDIATED_PROTEIN_FOLDING",0.812977099236641,0.950422802945917,0.0530212512043078,-0.249240498151455,-0.79179551383312,38
"118","REACTOME_CHEMOKINE_RECEPTORS_BIND_CHEMOKINES",0.000129834258091123,0.00416812738906331,0.518848077743792,0.592601052433499,1.94022415962114,41
"119","REACTOME_CHK1_CHK2_CDS1_MEDIATED_INACTIVATION_OF_CYCLIN_B_CDK1_COMPLEX",0.334004024144869,0.587909985074056,0.102449405629826,-0.465849166828356,-1.10425283460633,12
"120","REACTOME_CHOLESTEROL_BIOSYNTHESIS",0.000264479374930998,0.00665487292056106,0.49849310876659,-0.671294640583666,-1.93589319760677,25
"121","REACTOME_CHONDROITIN_SULFATE_BIOSYNTHESIS",0.00357174860672836,0.0373628983467877,0.431707695803346,0.657377944005663,1.72701178254417,17
"122","REACTOME_CHONDROITIN_SULFATE_DERMATAN_SULFATE_METABOLISM",0.086864406779661,0.270414937759336,0.222056046145248,0.394199152951107,1.30564913847903,44
"123","REACTOME_CHROMATIN_ORGANIZATION",0.157712305025997,0.380389005127468,0.144630528034484,-0.276124868699926,-1.13817892024386,180
"124","REACTOME_CHROMOSOME_MAINTENANCE",1,1,0.0416556773979467,-0.111227403232885,-0.421373387851056,106
"125","REACTOME_CITRIC_ACID_CYCLE_TCA_CYCLE",0.895145631067961,0.993910256410256,0.0493910105981501,-0.239062229969757,-0.725624874857846,33
"126","REACTOME_CLASS_A_1_RHODOPSIN_LIKE_RECEPTORS",1.53449640010941e-06,0.000119692847627171,0.643551836150722,0.419219350899003,1.79429151937998,209
"127","REACTOME_CLASS_B_2_SECRETIN_FAMILY_RECEPTORS",0.583850931677019,0.814470223141717,0.0728938564822936,0.278875027357404,0.939207596172588,46
"128","REACTOME_CLASS_I_MHC_MEDIATED_ANTIGEN_PROCESSING_PRESENTATION",0.0514950166112957,0.210648148148148,0.257206466468838,-0.281032084417871,-1.22106212463603,304
"129","REACTOME_CLASS_I_PEROXISOMAL_MEMBRANE_PROTEIN_IMPORT",0.0758196721311475,0.250582044760251,0.234392647294686,-0.519460605221235,-1.40035286083828,19
"130","REACTOME_CLATHRIN_MEDIATED_ENDOCYTOSIS",0.0139833999245326,0.0903066011308343,0.380730400722792,-0.365147707394088,-1.42403207318385,126
"131","REACTOME_CLEC7A_DECTIN_1_SIGNALING",0.114661654135338,0.313894411309918,0.179782316298324,-0.344007822962398,-1.23669931047547,74
"132","REACTOME_COBALAMIN_CBL_VITAMIN_B12_TRANSPORT_AND_METABOLISM",0.546184738955823,0.785931981403202,0.0747385227439092,-0.370069506457378,-0.932996231116848,14
"133","REACTOME_COHESIN_LOADING_ONTO_CHROMATIN",0.609311740890688,0.83522886869787,0.0696133438850965,-0.394034416518296,-0.890537777763314,10
"134","REACTOME_COLLAGEN_BIOSYNTHESIS_AND_MODIFYING_ENZYMES",0.362869198312236,0.625225348577166,0.10027910675413,0.303649050073367,1.05153334206406,56
"135","REACTOME_COLLAGEN_CHAIN_TRIMERIZATION",0.167701863354037,0.397278460006638,0.154190966581424,0.378336957920292,1.21988552902633,37
"136","REACTOME_COLLAGEN_DEGRADATION",1,1,0.0432768714901103,-0.1135447410347,-0.367416343244817,42
"137","REACTOME_COLLAGEN_FORMATION",0.504149377593361,0.752116306483301,0.0806388495950661,0.27296203420508,0.976272050038896,70
"138","REACTOME_COMMON_PATHWAY_OF_FIBRIN_CLOT_FORMATION",0.318091451292247,0.568412938873477,0.104732821580651,0.440629873114745,1.1255559607541,15
"139","REACTOME_COMPLEMENT_CASCADE",0.0027053469524976,0.0310947902811761,0.431707695803346,0.559380172748427,1.75659266133805,33
"140","REACTOME_COMPLEX_III_ASSEMBLY",0.983772819472617,1,0.0470699590082662,0.212962348707736,0.551183055669421,16
"141","REACTOME_COMPLEX_IV_ASSEMBLY",1,1,0.0472587336673259,0.165548371710513,0.533783598921024,37
"142","REACTOME_COMPLEX_I_BIOGENESIS",0.0541666666666667,0.21448082935659,0.282013350011725,0.391037784008775,1.35897480219663,57
"143","REACTOME_CONDENSATION_OF_PROPHASE_CHROMOSOMES",0.113207547169811,0.311823155074244,0.181383128498408,-0.391975259481221,-1.28725208445711,44
"144","REACTOME_CONVERSION_FROM_APC_C_CDC20_TO_APC_C_CDH1_IN_LATE_ANAPHASE",0.924453280318091,1,0.0489954089862481,-0.242251865770659,-0.662332127743424,20
"145","REACTOME_COPII_MEDIATED_VESICLE_TRANSPORT",0.00150165826735662,0.0221911721731589,0.45505986738723,-0.483276814014502,-1.69122234949754,65
"146","REACTOME_COPI_DEPENDENT_GOLGI_TO_ER_RETROGRADE_TRAFFIC",0.00159706411292661,0.0228748721405335,0.45505986738723,-0.450476079708366,-1.65447489788671,87
"147","REACTOME_COPI_INDEPENDENT_GOLGI_TO_ER_RETROGRADE_TRAFFIC",0.00249527266262563,0.0294063145430944,0.431707695803346,-0.529876968803038,-1.70628439288722,41
"148","REACTOME_COPI_MEDIATED_ANTEROGRADE_TRANSPORT",2.21320577048546e-05,0.000981187891581888,0.575610261071129,-0.519137376900307,-1.89988389740848,84
"149","REACTOME_CO_INHIBITION_BY_CTLA4",0.564612326043738,0.80031612223393,0.0725351864394589,-0.340527731935793,-0.931024644665474,20
"150","REACTOME_CO_INHIBITION_BY_PD_1",0.00013628253574069,0.00422930135915274,0.518848077743792,0.762834750530493,1.9743470680127,16
"151","REACTOME_CO_STIMULATION_BY_CD28",0.0871369294605809,0.270414937759336,0.219250346703755,0.387309871440013,1.3101345098,47
"152","REACTOME_CO_STIMULATION_BY_ICOS",0.00998897117599066,0.0709903218690634,0.380730400722792,0.714572001365338,1.64670518038853,11
"153","REACTOME_CRMPS_IN_SEMA3A_SIGNALING",0.3220675944334,0.571833869552501,0.103958471559957,0.438875054701503,1.12107340874031,15
"154","REACTOME_CROSSLINKING_OF_COLLAGEN_FIBRILS",0.721442885771543,0.890437086092715,0.0609039347452418,-0.313103405009157,-0.82497725133418,17
"155","REACTOME_CROSS_PRESENTATION_OF_SOLUBLE_EXOGENOUS_ANTIGENS_ENDOSOMES",0.141472868217054,0.358712294043093,0.163180127180689,-0.399317888592547,-1.25116916344418,36
"156","REACTOME_CS_DS_DEGRADATION",0.993951612903226,1,0.0463227785794633,0.20078699037869,0.48948560066253,13
"157","REACTOME_CYCLIN_A_B1_B2_ASSOCIATED_EVENTS_DURING_G2_M_TRANSITION",0.390057361376673,0.656553735073591,0.0902635484340068,-0.345034004580567,-1.03932462107856,31
"158","REACTOME_CYCLIN_A_CDK2_ASSOCIATED_EVENTS_AT_S_PHASE_ENTRY",0.00909308272803592,0.065625271471329,0.380730400722792,-0.457628899355334,-1.56323910170178,56
"159","REACTOME_CYCLIN_D_ASSOCIATED_EVENTS_IN_G1",0.00119237650739402,0.0201836823342514,0.45505986738723,-0.574856295565724,-1.81542093797422,37
"160","REACTOME_CYTOCHROME_C_MEDIATED_APOPTOTIC_RESPONSE",0.559118236472946,0.794716149856966,0.0734381410838857,-0.400710610510756,-0.93475547456923,11
"161","REACTOME_CYTOCHROME_P450_ARRANGED_BY_SUBSTRATE_TYPE",0.0471698113207547,0.199614065180103,0.287857117255149,-0.432673097658658,-1.42090433867371,44
"162","REACTOME_CYTOKINE_SIGNALING_IN_IMMUNE_SYSTEM",0.0199602537159542,0.109958557452978,0.352487857583619,0.270313615242775,1.23137726219616,384
"163","REACTOME_CYTOPROTECTION_BY_HMOX1",0.455696202531646,0.713754670789847,0.0870515867946735,0.306382434494406,1.00312106947582,41
"164","REACTOME_CYTOSOLIC_SENSORS_OF_PATHOGEN_ASSOCIATED_DNA",0.802788844621514,0.943682341341704,0.0555947097758869,-0.272322866858203,-0.798477558426623,28
"165","REACTOME_CYTOSOLIC_SULFONATION_OF_SMALL_MOLECULES",0.595284872298625,0.825946670804798,0.0692836467392548,-0.348488099806944,-0.906464118197986,16
"166","REACTOME_C_TYPE_LECTIN_RECEPTORS_CLRS",0.397435897435897,0.661896077401008,0.086794975677172,-0.277485573089995,-1.0299186292901,92
"167","REACTOME_DAP12_INTERACTIONS",0.00918679049701173,0.0657915534824456,0.380730400722792,0.48402260409647,1.58472946751322,41
"168","REACTOME_DAP12_SIGNALING",0.0745967741935484,0.249309932847196,0.234392647294686,0.473007437871253,1.41981914111427,27
"169","REACTOME_DARPP_32_EVENTS",0.618661257606491,0.83522886869787,0.0689567351672811,0.344075744841358,0.890526994908666,16
"170","REACTOME_DDX58_IFIH1_MEDIATED_INDUCTION_OF_INTERFERON_ALPHA_BETA",0.323076923076923,0.571833869552501,0.101713902282311,-0.369280335898472,-1.09597247218559,29
"171","REACTOME_DEACTIVATION_OF_THE_BETA_CATENIN_TRANSACTIVATING_COMPLEX",0.0675944333996024,0.236088972612665,0.245041785430996,-0.474386050404229,-1.37753805213216,26
"172","REACTOME_DEADENYLATION_DEPENDENT_MRNA_DECAY",0.920754716981132,1,0.046788296531803,-0.212997213787401,-0.719220945430578,51
"173","REACTOME_DEADENYLATION_OF_MRNA",0.504911591355599,0.752116306483301,0.0776798560117236,-0.344282340406234,-0.968706531080856,22
"174","REACTOME_DEATH_RECEPTOR_SIGNALING",0.00530541212246311,0.0461620437945155,0.407017918923954,-0.381282600591338,-1.48669560852112,129
"175","REACTOME_DECTIN_1_MEDIATED_NONCANONICAL_NF_KB_SIGNALING",0.0926640926640927,0.28009828009828,0.204294756516886,-0.412040534340923,-1.31564633320715,39
"176","REACTOME_DEGRADATION_OF_AXIN",0.0198607229118756,0.109958557452978,0.352487857583619,-0.475643511250776,-1.49031764183377,36
"177","REACTOME_DEGRADATION_OF_BETA_CATENIN_BY_THE_DESTRUCTION_COMPLEX",0.0101375096036786,0.0715001624320062,0.380730400722792,-0.453980848684122,-1.56932026104697,60
"178","REACTOME_DEGRADATION_OF_CYSTEINE_AND_HOMOCYSTEINE",0.0191149052770806,0.108512053737573,0.352487857583619,-0.666570750405307,-1.58004498668972,12
"179","REACTOME_DEGRADATION_OF_DVL",0.400763358778626,0.663456855554919,0.0886261133285098,-0.328721031455406,-1.04429191860636,38
"180","REACTOME_DEGRADATION_OF_GLI1_BY_THE_PROTEASOME",0.102119460500963,0.296178248368838,0.193813302725311,-0.408441228019504,-1.2898749878851,37
"181","REACTOME_DEGRADATION_OF_THE_EXTRACELLULAR_MATRIX",0.892988929889299,0.993910256410256,0.0471642455670861,-0.211409879305798,-0.783034968707026,90
"182","REACTOME_DEPOLYMERIZATION_OF_THE_NUCLEAR_LAMINA",0.554671968190855,0.794575356064137,0.0734381410838857,0.408106683152702,0.940467004045329,11
"183","REACTOME_DEPOSITION_OF_NEW_CENPA_CONTAINING_NUCLEOSOMES_AT_THE_CENTROMERE",0.649621212121212,0.851827251387111,0.0632191170859458,-0.261006451753751,-0.891585937323185,56
"184","REACTOME_DERMATAN_SULFATE_BIOSYNTHESIS",0.251968503937008,0.494900162796106,0.119348440591015,0.525444254692324,1.18763328955058,10
"185","REACTOME_DETOXIFICATION_OF_REACTIVE_OXYGEN_SPECIES",0.141129032258065,0.358712294043093,0.166933848713193,0.434785403384873,1.30508864888285,27
"186","REACTOME_DEUBIQUITINATION",0.0462399974725142,0.196572774643428,0.321775918075361,-0.301239232110793,-1.26067607656655,211
"187","REACTOME_DEVELOPMENTAL_BIOLOGY",0.0268119564312485,0.128669749677796,0.352487857583619,-0.288964996756515,-1.26482193797987,354
"188","REACTOME_DIGESTION",0.192307692307692,0.431590892628631,0.141225119642531,-0.558282381735591,-1.26174651439905,10
"189","REACTOME_DIGESTION_AND_ABSORPTION",0.0642570281124498,0.234141073436298,0.252961123069611,-0.576087717047461,-1.45239653475717,14
"190","REACTOME_DISASSEMBLY_OF_THE_DESTRUCTION_COMPLEX_AND_RECRUITMENT_OF_AXIN_TO_THE_MEMBRANE",0.000400107080935119,0.00931249230876489,0.49849310876659,-0.663350576963301,-1.9129839446584,25
"191","REACTOME_DISSOLUTION_OF_FIBRIN_CLOT",0.202404809619238,0.441308847202602,0.136490437780413,-0.528183771752638,-1.2321177909292,11
"192","REACTOME_DNA_DAMAGE_BYPASS",0.705263157894737,0.887658284930914,0.0643583367917361,0.267233409131092,0.877722262103702,42
"193","REACTOME_DNA_DAMAGE_RECOGNITION_IN_GG_NER",0.597678916827853,0.826803969638531,0.0683110858318647,-0.30315787568267,-0.931320042004682,34
"194","REACTOME_DNA_DAMAGE_TELOMERE_STRESS_INDUCED_SENESCENCE",0.26425855513308,0.509367939604342,0.11378726182188,-0.320298032174257,-1.11227049448054,62
"195","REACTOME_DNA_DOUBLE_STRAND_BREAK_REPAIR",0.990990990990991,1,0.051530912208539,0.184883564859746,0.753100991441189,146
"196","REACTOME_DNA_DOUBLE_STRAND_BREAK_RESPONSE",0.512428298279159,0.75543924100296,0.0755015292281669,-0.278600065255651,-0.965034018020109,63
"197","REACTOME_DNA_REPAIR",1,1,0.0541200569620232,0.134001342325533,0.587473820567027,287
"198","REACTOME_DNA_REPLICATION",1,1,0.0416556773979467,-0.133191917060543,-0.508315587096775,112
"199","REACTOME_DNA_REPLICATION_PRE_INITIATION",1,1,0.0425877779273254,-0.132116287036591,-0.481948533876969,83
"200","REACTOME_DNA_STRAND_ELONGATION",0.106639839034205,0.301294498381877,0.193813302725311,0.471608948144006,1.36906074524917,24
"201","REACTOME_DOPAMINE_NEUROTRANSMITTER_RELEASE_CYCLE",0.494929006085193,0.745596933115395,0.080419996876154,0.350385222132639,0.984262170808463,22
"202","REACTOME_DOWNREGULATION_OF_ERBB2_SIGNALING",0.183794466403162,0.417347922491083,0.142901149386948,-0.444188388011645,-1.23764016747333,21
"203","REACTOME_DOWNREGULATION_OF_SMAD2_3_SMAD4_TRANSCRIPTIONAL_ACTIVITY",0.00756671928562269,0.0582199640902043,0.407017918923954,-0.639421203600411,-1.70367439995715,18
"204","REACTOME_DOWNREGULATION_OF_TGF_BETA_RECEPTOR_SIGNALING",0.434782608695652,0.69370092279475,0.0860347242455604,-0.417818207893235,-1.02051907530522,13
"205","REACTOME_DOWNSTREAM_SIGNALING_EVENTS_OF_B_CELL_RECEPTOR_BCR",0.20464135021097,0.443550884481436,0.139599673451922,0.330712341683056,1.14887472156659,59
"206","REACTOME_DOWNSTREAM_SIGNALING_OF_ACTIVATED_FGFR1",0.403162055335968,0.66432543985449,0.0902635484340068,-0.366459440495191,-1.04217857326304,23
"207","REACTOME_DOWNSTREAM_SIGNALING_OF_ACTIVATED_FGFR2",0.213114754098361,0.450487798498679,0.134273452883202,-0.447852478500972,-1.20731291882134,19
"208","REACTOME_DOWNSTREAM_SIGNALING_OF_ACTIVATED_FGFR3",0.205338809034908,0.443550884481436,0.137250779610133,-0.451275807158239,-1.20237964528926,18
"209","REACTOME_DOWNSTREAM_SIGNALING_OF_ACTIVATED_FGFR4",0.233606557377049,0.472799358517463,0.127505315300183,-0.440838910838838,-1.18840586515522,19
"210","REACTOME_DOWNSTREAM_SIGNAL_TRANSDUCTION",0.410358565737052,0.670151978390573,0.0897104652742981,-0.356882534560021,-1.0291851434993,25
"211","REACTOME_DOWNSTREAM_TCR_SIGNALING",0.105809128630705,0.301248620046443,0.197822021315103,0.346045663533684,1.2376618980326,70
"212","REACTOME_DRUG_ADME",0.731428571428571,0.894520997375328,0.0578529757032509,-0.243213510130734,-0.86634121803215,72
"213","REACTOME_DUAL_INCISION_IN_GG_NER",0.435146443514644,0.69370092279475,0.0891647117820678,0.313722849805024,1.01254082981122,38
"214","REACTOME_DUAL_INCISION_IN_TC_NER",0.9979035639413,1,0.047925896705813,0.168388510064052,0.584908404546245,58
"215","REACTOME_E3_UBIQUITIN_LIGASES_UBIQUITINATE_TARGET_PROTEINS",0.0447900584890394,0.193053446543036,0.321775918075361,-0.450811490911041,-1.45876865783383,42
"216","REACTOME_ECM_PROTEOGLYCANS",0.617142857142857,0.83522886869787,0.065981614400873,-0.281091188680352,-0.902189257203704,40
"217","REACTOME_EFFECTS_OF_PIP2_HYDROLYSIS",0.455445544554455,0.713754670789847,0.0835990603684159,-0.352869101334221,-1.00621950288338,24
"218","REACTOME_EGFR_DOWNREGULATION",0.0015948338901144,0.0228748721405335,0.45505986738723,-0.606660836758769,-1.76164199318558,26
"219","REACTOME_EICOSANOIDS",0.65587044534413,0.855203619909502,0.065981614400873,-0.372735721261965,-0.842401645619257,10
"220","REACTOME_EICOSANOID_LIGAND_BINDING_RECEPTORS",0.246031746031746,0.487284361769932,0.121543282035469,0.473409925808018,1.18483456023326,14
"221","REACTOME_ELASTIC_FIBRE_FORMATION",0.868217054263566,0.979145693315711,0.0507027937029348,-0.239686818360553,-0.751002558572495,36
"222","REACTOME_ELEVATION_OF_CYTOSOLIC_CA2_LEVELS",0.209677419354839,0.448206013261877,0.134273452883202,0.500119837655617,1.21920976392148,13
"223","REACTOME_ENDOGENOUS_STEROLS",0.137577002053388,0.356770439776334,0.170932335370056,-0.482625581910355,-1.28590801186338,18
"224","REACTOME_ENDOSOMAL_SORTING_COMPLEX_REQUIRED_FOR_TRANSPORT_ESCRT",0.00206980046841119,0.0250257692998808,0.431707695803346,-0.5974264677893,-1.73482692425168,26
"225","REACTOME_ENDOSOMAL_VACUOLAR_PATHWAY",0.216535433070866,0.454386294843551,0.130105630751129,0.536885156342653,1.21349254206131,10
"226","REACTOME_ENERGY_DEPENDENT_REGULATION_OF_MTOR_BY_LKB1_AMPK",0.321153846153846,0.571833869552501,0.102080107662747,-0.370225934608367,-1.09877887711712,29
"227","REACTOME_ENOS_ACTIVATION",0.0230281189740824,0.117797685521268,0.352487857583619,-0.656356869223936,-1.55583391570369,12
"228","REACTOME_EPHA_MEDIATED_GROWTH_CONE_COLLAPSE",0.139489194499018,0.356770439776334,0.165656695205483,-0.497634525613618,-1.29441390307191,16
"229","REACTOME_EPHB_MEDIATED_FORWARD_SIGNALING",0.00789911013947258,0.0602792749167949,0.380730400722792,-0.531580334351188,-1.60124660826975,31
"230","REACTOME_EPHRIN_SIGNALING",0.0145967911819503,0.0918217066918633,0.380730400722792,-0.611233908618603,-1.62857214717894,18
"231","REACTOME_EPH_EPHRIN_MEDIATED_REPULSION_OF_CELLS",0.0655105973025048,0.234487338004305,0.245041785430996,-0.456180265369876,-1.38284421719034,32
"232","REACTOME_EPH_EPHRIN_SIGNALING",0.00124859991872847,0.0203738729254275,0.45505986738723,-0.50511173263066,-1.73252876849951,58
"233","REACTOME_EPIGENETIC_REGULATION_BY_WDR5_CONTAINING_HISTONE_MODIFYING_COMPLEXES",0.609942638623327,0.83522886869787,0.0667426134241917,-0.258041919757221,-0.930143455562177,77
"234","REACTOME_EPIGENETIC_REGULATION_OF_GENE_EXPRESSION",0.868705035971223,0.979145693315711,0.0472587336673259,-0.211899929335945,-0.835721976029346,137
"235","REACTOME_EPIGENETIC_REGULATION_OF_GENE_EXPRESSION_BY_MLL3_AND_MLL4_COMPLEXES",0.0355628213308789,0.158416204110279,0.321775918075361,-0.438732194267281,-1.45170111207702,47
"236","REACTOME_ERBB2_ACTIVATES_PTK6_SIGNALING",0.000974343166856939,0.0174444901604579,0.477270815362862,-0.799888111675414,-1.80778772505432,10
"237","REACTOME_ERBB2_REGULATES_CELL_MOTILITY",0.000674587048493523,0.0136530552640754,0.477270815362862,-0.787377713070155,-1.86640684040103,12
"238","REACTOME_ERKS_ARE_INACTIVATED",0.193675889328063,0.433442915779872,0.13880510939114,-0.507897452633058,-1.24053722149756,13
"239","REACTOME_ERK_MAPK_TARGETS",0.694552529182879,0.883231674809373,0.0613026075396207,0.309439825153551,0.841287989459556,19
"240","REACTOME_ERYTHROPOIETIN_ACTIVATES_PHOSPHOINOSITIDE_3_KINASE_PI3K",0.173228346456693,0.404181853059659,0.147331213699377,0.564660238481593,1.27627106114042,10
"241","REACTOME_ER_PHAGOSOME_PATHWAY",0.994197292069632,1,0.0444181153081573,-0.181346815136548,-0.557108810417886,34
"242","REACTOME_ER_TO_GOLGI_ANTEROGRADE_TRANSPORT",3.39008992416372e-07,3.89180066736988e-05,0.674962860011025,-0.498088539276767,-1.9598036724603,134
"243","REACTOME_ESR_MEDIATED_SIGNALING",0.00550522786367413,0.0474571031581538,0.407017918923954,-0.378462458085111,-1.48790722830847,132
"244","REACTOME_ESTABLISHMENT_OF_SISTER_CHROMATID_COHESION",0.683366733466934,0.872722124633355,0.0635007968065945,-0.355745465465088,-0.829863279569294,11
"245","REACTOME_ESTROGEN_DEPENDENT_GENE_EXPRESSION",0.0331224509887484,0.151161773875122,0.321775918075361,-0.404111214978129,-1.41418313197435,65
"246","REACTOME_EUKARYOTIC_TRANSLATION_INITIATION",3.20027007321403e-06,0.000198630095877484,0.627256739718528,0.498367418283128,1.94499937359012,105
"247","REACTOME_EXTENSION_OF_TELOMERES",0.537344398340249,0.778021205061853,0.077274697304471,0.285826016757615,0.966849946169845,47
"248","REACTOME_EXTRACELLULAR_MATRIX_ORGANIZATION",0.322505800464037,0.571833869552501,0.11378726182188,0.239959627949678,1.03587198739479,227
"249","REACTOME_EXTRA_NUCLEAR_ESTROGEN_SIGNALING",0.0217637182204211,0.115125123086432,0.352487857583619,-0.410905397160656,-1.43835700628436,66
"250","REACTOME_FACTORS_INVOLVED_IN_MEGAKARYOCYTE_DEVELOPMENT_AND_PLATELET_PRODUCTION",0.0742115027829314,0.249309932847196,0.224966093540314,-0.340375339040126,-1.28388554123006,105
"251","REACTOME_FANCONI_ANEMIA_PATHWAY",0.146639511201629,0.362125689466093,0.16440575583821,0.409803421769694,1.26395838402159,30
"252","REACTOME_FATTY_ACIDS",0.675350701402806,0.868033150806571,0.0640703750499722,-0.358607815252374,-0.83654041030558,11
"253","REACTOME_FATTY_ACID_METABOLISM",0.00753704169656964,0.0582199640902043,0.407017918923954,-0.367868093443959,-1.46104824070626,141
"254","REACTOME_FATTY_ACYL_COA_BIOSYNTHESIS",0.91897233201581,1,0.0489954089862481,-0.239729396667077,-0.701317143130802,27
"255","REACTOME_FBXL7_DOWN_REGULATES_AURKA_DURING_MITOTIC_ENTRY_AND_IN_EARLY_MITOSIS",0.0988372093023256,0.287554505813953,0.197822021315103,-0.41453035236519,-1.29883385895638,36
"256","REACTOME_FCERI_MEDIATED_CA_2_MOBILIZATION",0.000589613226715164,0.0124756798652686,0.477270815362862,0.617371507352651,1.84093137305371,26
"257","REACTOME_FCERI_MEDIATED_MAPK_ACTIVATION",0.376,0.638788321167883,0.0949751525905595,0.348918764371758,1.05947620106511,28
"258","REACTOME_FCERI_MEDIATED_NF_KB_ACTIVATION",0.725378787878788,0.891261927118031,0.0579754757571486,-0.251345837763231,-0.858585727857172,56
"259","REACTOME_FCGAMMA_RECEPTOR_FCGR_DEPENDENT_PHAGOCYTOSIS",0.190775681341719,0.430053654549977,0.144630528034484,0.316035365997903,1.13561627230251,72
"260","REACTOME_FCGR_ACTIVATION",0.0974155069582505,0.284306698991007,0.20207170902116,0.593886720716807,1.36859034177065,11
"261","REACTOME_FC_EPSILON_RECEPTOR_FCERI_SIGNALING",0.200873362445415,0.44106863310538,0.143758989039275,0.296037931678687,1.13272317123978,99
"262","REACTOME_FGFR1_LIGAND_BINDING_AND_ACTIVATION",0.981781376518219,1,0.0470699590082662,-0.232515166814131,-0.525496076663922,10
"263","REACTOME_FGFR2_ALTERNATIVE_SPLICING",0.859719438877755,0.97430647355212,0.0526973085708419,-0.274590440234612,-0.723501766519491,17
"264","REACTOME_FLT3_SIGNALING",0.0230281189740824,0.117797685521268,0.352487857583619,0.529168104155716,1.53615253037205,24
"265","REACTOME_FORMATION_OF_ATP_BY_CHEMIOSMOTIC_COUPLING",0.345631067961165,0.603719557733292,0.0982123351217438,0.404970399066667,1.08533909809788,18
"266","REACTOME_FORMATION_OF_FIBRIN_CLOT_CLOTTING_CASCADE",0.23,0.469494788263617,0.126875729929857,0.405904815816874,1.19464395740033,25
"267","REACTOME_FORMATION_OF_INCISION_COMPLEX_IN_GG_NER",0.733333333333333,0.89480122324159,0.0577308549299813,-0.260811149353939,-0.837098516715341,40
"268","REACTOME_FORMATION_OF_RNA_POL_II_ELONGATION_COMPLEX",0.104961832061069,0.299752962113052,0.190023305279108,-0.376868588923688,-1.28210915540757,54
"269","REACTOME_FORMATION_OF_SENESCENCE_ASSOCIATED_HETEROCHROMATIN_FOCI_SAHF",0.357429718875502,0.620834082599053,0.0982123351217438,-0.434317002543116,-1.09497302374835,14
"270","REACTOME_FORMATION_OF_TC_NER_PRE_INCISION_COMPLEX",0.294797687861272,0.54133461025413,0.107554375265169,-0.33241856768049,-1.095464502254,46
"271","REACTOME_FORMATION_OF_THE_BETA_CATENIN_TCF_TRANSACTIVATING_COMPLEX",0.314115308151093,0.565650583923923,0.105520936843198,-0.379243168106902,-1.10125897385316,26
"272","REACTOME_FORMATION_OF_THE_CANONICAL_BAF_CBAF_COMPLEX",0.261044176706827,0.506316934404284,0.118287526124085,-0.467345434545909,-1.17824225301637,14
"273","REACTOME_FORMATION_OF_THE_CORNIFIED_ENVELOPE",0.00476372704741519,0.0434335862354871,0.407017918923954,-0.540382102889637,-1.66008777317252,34
"274","REACTOME_FORMATION_OF_THE_DYSTROPHIN_GLYCOPROTEIN_COMPLEX_DGC",0.433467741935484,0.693399429109855,0.0873098257637931,0.357478761973121,1.02689567427745,23
"275","REACTOME_FORMATION_OF_THE_EARLY_ELONGATION_COMPLEX",0.506743737957611,0.752437671512816,0.0764767053228531,-0.320020036016221,-0.970094258310938,32
"276","REACTOME_FORMATION_OF_THE_EMBRYONIC_STEM_CELL_BAF_ESBAF_COMPLEX",0.858846918489066,0.97430647355212,0.0523759084097997,0.270855623550117,0.711570653540775,17
"277","REACTOME_FORMATION_OF_THE_NON_CANONICAL_BAF_NCBAF_COMPLEX",0.770137524557957,0.923801664259679,0.0568864160475701,-0.304319083664429,-0.791574604635034,16
"278","REACTOME_FORMATION_OF_THE_POLYBROMO_BAF_PBAF_COMPLEX",0.94188376753507,1,0.048505983646947,-0.236675765623218,-0.604489500771225,15
"279","REACTOME_FORMATION_OF_WDR5_CONTAINING_HISTONE_MODIFYING_COMPLEXES",0.800411522633745,0.942077278852107,0.0572461135202884,0.251995486370988,0.804073715254215,36
"280","REACTOME_FOXO_MEDIATED_TRANSCRIPTION",0.275154004106776,0.521776875851661,0.116234148779716,-0.430278341164027,-1.14643397899467,18
"281","REACTOME_FREE_FATTY_ACIDS_REGULATE_INSULIN_SECRETION",0.176938369781312,0.405737985877836,0.14641623786055,0.549840214481681,1.26708677060243,11
"282","REACTOME_FRS_MEDIATED_FGFR1_SIGNALING",0.196392785571142,0.437420295135726,0.13880510939114,-0.482302039924926,-1.2318393417571,15
"283","REACTOME_FRS_MEDIATED_FGFR2_SIGNALING",0.0504172762545063,0.209303934284479,0.321775918075361,-0.602994799758762,-1.52023299877797,14
"284","REACTOME_FRS_MEDIATED_FGFR3_SIGNALING",0.0612648221343874,0.229066463482388,0.257206466468838,-0.607786940813675,-1.48451684274194,13
"285","REACTOME_FRS_MEDIATED_FGFR4_SIGNALING",0.0642570281124498,0.234141073436298,0.252961123069611,-0.577380528071814,-1.45565588953301,14
"286","REACTOME_G0_AND_EARLY_G1",0.0412775140412252,0.179576474637293,0.321775918075361,-0.5818638172558,-1.53311782922471,17
"287","REACTOME_G1_S_DNA_DAMAGE_CHECKPOINTS",0.0865384615384615,0.270360092927207,0.211400189384923,-0.403160067006447,-1.33399810924693,47
"288","REACTOME_G1_S_TRANSITION",0.0710280373831776,0.243114348543156,0.231126709673834,-0.348785305609705,-1.28758738522161,89
"289","REACTOME_G2_M_CHECKPOINTS",0.991023339317774,1,0.0411544018789903,-0.185078044635309,-0.728217180212018,134
"290","REACTOME_G2_M_DNA_DAMAGE_CHECKPOINT",0.992537313432836,1,0.042845050912155,-0.167709267892538,-0.61140338807402,81
"291","REACTOME_GAB1_SIGNALOSOME",0.0386943349675248,0.169926537050781,0.321775918075361,-0.586550231176701,-1.52569553559205,16
"292","REACTOME_GABA_B_RECEPTOR_ACTIVATION",0.618143459915612,0.83522886869787,0.0709609456938284,0.281956787310553,0.923149509206254,41
"293","REACTOME_GABA_RECEPTOR_ACTIVATION",0.402542372881356,0.66432543985449,0.0943563635421779,0.299981486153503,1.02875837308806,53
"294","REACTOME_GABA_SYNTHESIS_RELEASE_REUPTAKE_AND_DEGRADATION",0.669980119284294,0.862804553675923,0.0640703750499722,0.332144869930829,0.84843915720436,15
"295","REACTOME_GAMMA_CARBOXYLATION_HYPUSINYLATION_HYDROXYLATION_AND_ARYLSULFATASE_ACTIVATION",0.419491525423729,0.68102211448078,0.0919686140000427,0.29732581377082,1.0196509937131,53
"296","REACTOME_GAMMA_CARBOXYLATION_TRANSPORT_AND_AMINO_TERMINAL_CLEAVAGE_OF_PROTEINS",0.198380566801619,0.43893601066863,0.13880510939114,-0.552993528251342,-1.24979343712627,10
"297","REACTOME_GAP_FILLING_DNA_REPAIR_SYNTHESIS_AND_LIGATION_IN_GG_NER",0.0972762645914397,0.284306698991007,0.199915231309662,0.502664194373016,1.36661578466035,19
"298","REACTOME_GAP_JUNCTION_ASSEMBLY",0.700819672131147,0.88529594946282,0.0633597010643758,-0.311557545968743,-0.839891411259703,19
"299","REACTOME_GAP_JUNCTION_DEGRADATION",0.0566801619433198,0.219871794871795,0.271288554688953,-0.673867871377304,-1.52297558671394,10
"300","REACTOME_GAP_JUNCTION_TRAFFICKING_AND_REGULATION",0.0114349084987912,0.078858517128701,0.380730400722792,-0.525983263008495,-1.57055473876747,30
"301","REACTOME_GASTRIN_CREB_SIGNALLING_PATHWAY_VIA_PKC_AND_MAPK",0.154618473895582,0.375848039678295,0.158514105424824,-0.514150899490119,-1.29624528116819,14
"302","REACTOME_GENERATION_OF_SECOND_MESSENGER_MOLECULES",3.80410473079943e-05,0.00147567562682261,0.557332238758646,0.711988121119638,2.04526142386513,23
"303","REACTOME_GENE_SILENCING_BY_RNA",0.997907949790795,1,0.0478299633114229,0.162375461248012,0.524066973047142,38
"304","REACTOME_GLI3_IS_PROCESSED_TO_GLI3R_BY_THE_PROTEASOME",0.299227799227799,0.54516845612736,0.106729884364606,-0.347474899181207,-1.10948811800887,39
"305","REACTOME_GLOBAL_GENOME_NUCLEOTIDE_EXCISION_REPAIR_GG_NER",0.720841300191205,0.890437086092715,0.0587185879555941,-0.239533242656084,-0.86342667988118,77
"306","REACTOME_GLUCAGON_LIKE_PEPTIDE_1_GLP1_REGULATES_INSULIN_SECRETION",0.269151138716356,0.515596111409316,0.118287526124085,0.360097906751308,1.11885243163265,32
"307","REACTOME_GLUCAGON_TYPE_LIGAND_RECEPTORS",0.921606118546845,1,0.0473534245254193,-0.228990557316629,-0.689774112273333,31
"308","REACTOME_GLUCONEOGENESIS",0.765913757700205,0.922032452000776,0.059221919380382,-0.295147177259905,-0.786390390693938,18
"309","REACTOME_GLUCOSE_METABOLISM",0.869198312236287,0.979145693315711,0.0545680646670941,0.227561291900826,0.794776096506345,61
"310","REACTOME_GLUCURONIDATION",0.917835671342685,1,0.0496901392724606,-0.25353033128105,-0.647537456920814,15
"311","REACTOME_GLUTAMATE_AND_GLUTAMINE_METABOLISM",0.820564516129032,0.953739780919012,0.0551351763385257,0.309708198726453,0.755017560638817,13
"312","REACTOME_GLUTAMATE_NEUROTRANSMITTER_RELEASE_CYCLE",0.477822580645161,0.725697916118508,0.0819778796501272,0.35594147804663,0.985647526468251,21
"313","REACTOME_GLUTATHIONE_CONJUGATION",0.784114052953157,0.929309699449725,0.0577308549299813,0.260840349434802,0.804510965612489,30
"314","REACTOME_GLUTATHIONE_SYNTHESIS_AND_RECYCLING",0.0128054015635857,0.0845519776999878,0.380730400722792,-0.684295610675712,-1.62206014651034,12
"315","REACTOME_GLYCEROPHOSPHOLIPID_BIOSYNTHESIS",0.00457853751341015,0.0428428171965141,0.407017918923954,-0.396629399788166,-1.5025890118116,106
"316","REACTOME_GLYCOGEN_BREAKDOWN_GLYCOGENOLYSIS",0.234592445328032,0.473764786551839,0.125033367555272,0.466757020762924,1.1922957997147,15
"317","REACTOME_GLYCOGEN_METABOLISM",0.167315175097276,0.397278460006638,0.149207542435322,0.471232838966203,1.28116194308367,19
"318","REACTOME_GLYCOSAMINOGLYCAN_METABOLISM",0.313075506445672,0.564870729652947,0.100990587455923,-0.279012143080141,-1.05816415278678,110
"319","REACTOME_GLYCOSPHINGOLIPID_BIOSYNTHESIS",0.178640776699029,0.407633733104892,0.143758989039275,0.467782891372096,1.25367943582422,18
"320","REACTOME_GLYCOSPHINGOLIPID_CATABOLISM",0.499043977055449,0.749370875223586,0.0768736734126542,-0.323491350698876,-0.974433015366154,31
"321","REACTOME_GLYCOSPHINGOLIPID_METABOLISM",0.452631578947368,0.713754670789847,0.0873098257637931,0.298195968809206,1.00918924303462,49
"322","REACTOME_GLYOXYLATE_METABOLISM_AND_GLYCINE_DEGRADATION",0.980119284294235,1,0.0463227785794633,0.216293951405293,0.568230507238861,17
"323","REACTOME_GOLGI_ASSOCIATED_VESICLE_BIOGENESIS",6.86748852741296e-06,0.000376095989354204,0.610526878385931,-0.612961854631396,-2.06988484242902,52
"324","REACTOME_GOLGI_CISTERNAE_PERICENTRIOLAR_STACK_REORGANIZATION",0.00670980688126918,0.0543202626648836,0.407017918923954,-0.736926177245598,-1.66549055805494,10
"325","REACTOME_GOLGI_TO_ER_RETROGRADE_TRANSPORT",1.30854523736414e-05,0.000609127807993007,0.593325476396405,-0.478654678556378,-1.85603472716457,119
"326","REACTOME_GPCR_LIGAND_BINDING",2.36827311353713e-07,3.53189234898655e-05,0.690132458796796,0.399086979237785,1.73129317664555,264
"327","REACTOME_GPER1_SIGNALING",0.401209677419355,0.663456855554919,0.0916795246008379,0.343204376507128,1.03019129101231,27
"328","REACTOME_GPVI_MEDIATED_ACTIVATION_CASCADE",0.00399253362414981,0.0391268295166682,0.407017918923954,0.546985469946324,1.71767021638497,33
"329","REACTOME_GRB2_EVENTS_IN_ERBB2_SIGNALING",0.0213508974635292,0.114239572060607,0.352487857583619,-0.687878913398011,-1.55464125271216,10
"330","REACTOME_GRB2_SOS_PROVIDES_LINKAGE_TO_MAPK_SIGNALING_FOR_INTEGRINS",0.945674044265594,1,0.048505983646947,-0.259535282319163,-0.615204644740482,12
"331","REACTOME_G_ALPHA_12_13_SIGNALLING_EVENTS",0.571153846153846,0.803239019288868,0.0702812841717392,-0.266762314778521,-0.946747072607062,70
"332","REACTOME_G_ALPHA_I_SIGNALLING_EVENTS",1.67132869941269e-06,0.000119692847627171,0.643551836150722,0.409976335270605,1.75267678447166,207
"333","REACTOME_G_ALPHA_Q_SIGNALLING_EVENTS",0.107551487414188,0.302508866412715,0.206587922696891,0.289819483202465,1.19403627992578,166
"334","REACTOME_G_ALPHA_S_SIGNALLING_EVENTS",0.00129679774255682,0.0204630287850915,0.45505986738723,0.427238271765799,1.61407819046776,92
"335","REACTOME_G_ALPHA_Z_SIGNALLING_EVENTS",0.264887063655031,0.509524496410813,0.118815039412263,0.358195919700479,1.12482414379401,33
"336","REACTOME_G_BETA_GAMMA_SIGNALLING_THROUGH_CDC42",0.667992047713718,0.862804553675923,0.0642140881844605,-0.313473648338275,-0.857057046123812,20
"337","REACTOME_G_BETA_GAMMA_SIGNALLING_THROUGH_PI3KGAMMA",0.254,0.49784,0.119887845115423,0.397236286947444,1.16913106563388,25
"338","REACTOME_G_PROTEIN_ACTIVATION",0.778225806451613,0.92414314516129,0.057609110864425,0.272025646629946,0.781422533397446,23
"339","REACTOME_G_PROTEIN_BETA_GAMMA_SIGNALLING",0.169772256728778,0.400146762062007,0.153158808683073,0.40072583476134,1.24508658960462,32
"340","REACTOME_G_PROTEIN_MEDIATED_EVENTS",0.173553719008264,0.404181853059659,0.151148761385484,0.37027413680573,1.20150837950307,39
"341","REACTOME_HATS_ACETYLATE_HISTONES",0.0896946564885496,0.274689885496183,0.206587922696891,-0.383826618704406,-1.30578041363298,54
"342","REACTOME_HDACS_DEACETYLATE_HISTONES",0.144486692015209,0.358712294043093,0.159646701919906,-0.348946647507807,-1.21175599342952,62
"343","REACTOME_HDMS_DEMETHYLATE_HISTONES",0.934108527131783,1,0.0473534245254193,-0.220280548354868,-0.690197552580488,36
"344","REACTOME_HDR_THROUGH_HOMOLOGOUS_RECOMBINATION_HRR",0.138655462184874,0.356770439776334,0.172324344900946,0.353691821605561,1.22680553675455,55
"345","REACTOME_HDR_THROUGH_MMEJ_ALT_NHEJ",0.725646123260437,0.891261927118031,0.0602484086158019,0.349074743015708,0.804430045633528,11
"346","REACTOME_HDR_THROUGH_SINGLE_STRAND_ANNEALING_SSA",0.211180124223602,0.44887830057574,0.135740943810425,0.370313145008142,1.17545619836236,35
"347","REACTOME_HEDGEHOG_LIGAND_BIOGENESIS",0.0230056648979964,0.117797685521268,0.352487857583619,-0.45089478835873,-1.48074461881549,44
"348","REACTOME_HEDGEHOG_OFF_STATE",0.675965665236052,0.868033150806571,0.0673623868166279,0.245649317807696,0.903482728016843,81
"349","REACTOME_HEDGEHOG_ON_STATE",0.707456978967495,0.887658284930914,0.0596037042575973,-0.257893142280251,-0.893307957721286,63
"350","REACTOME_HEME_BIOSYNTHESIS",0.887096774193548,0.99146110056926,0.051530912208539,0.288961361809406,0.704440190506245,13
"351","REACTOME_HEME_DEGRADATION",0.00847545339568341,0.0626241834236607,0.380730400722792,0.709914495283597,1.70284534555084,12
"352","REACTOME_HEMOSTASIS",0.014182858704214,0.0904400099563235,0.380730400722792,0.26712783110792,1.24111805481682,467
"353","REACTOME_HEPARAN_SULFATE_HEPARIN_HS_GAG_METABOLISM",0.489563567362429,0.739908573400035,0.0774767547848578,-0.291970357161829,-0.978651640009058,49
"354","REACTOME_HIGH_LAMINAR_FLOW_SHEAR_STRESS_ACTIVATES_SIGNALING_BY_PIEZO1_AND_PECAM1_CDH5_KDR_IN_ENDOTHELIAL_CELLS",0.0924528301886792,0.28009828009828,0.20207170902116,-0.403507362912027,-1.32512366900336,44
"355","REACTOME_HOMOLOGOUS_DNA_PAIRING_AND_STRAND_EXCHANGE",0.919839679358717,1,0.0495901956956338,0.224811576013075,0.670362461466357,26
"356","REACTOME_HOMOLOGY_DIRECTED_REPAIR",0.943438914027149,1,0.0540088272801684,0.197450361843766,0.777857390443805,118
"357","REACTOME_HSF1_DEPENDENT_TRANSACTIVATION",0.937743190661479,1,0.0473534245254193,0.245744599777157,0.668116911468903,19
"358","REACTOME_HSP90_CHAPERONE_CYCLE_FOR_STEROID_HORMONE_RECEPTORS_SHR_IN_THE_PRESENCE_OF_LIGAND",0.000850957503226223,0.0158448287100723,0.477270815362862,-0.554473247685775,-1.78548815008301,41
"359","REACTOME_HS_GAG_BIOSYNTHESIS",0.0815109343936382,0.261678206622335,0.222056046145248,-0.464933173203393,-1.35008847170039,26
"360","REACTOME_HS_GAG_DEGRADATION",0.460474308300395,0.716892275966,0.0828962134571565,-0.36104362747913,-1.00597428397145,21
"361","REACTOME_HYALURONAN_METABOLISM",0.544204322200393,0.784294464347625,0.0738052724171275,-0.364721936963752,-0.948690498069975,16
"362","REACTOME_HYALURONAN_UPTAKE_AND_DEGRADATION",0.551307847082495,0.79207963832377,0.0743625384422526,-0.397476082928283,-0.942180693914376,12
"363","REACTOME_IKK_COMPLEX_RECRUITMENT_MEDIATED_BY_RIP1",0.385685884691849,0.651676149996572,0.0931454575337804,-0.385019477673602,-1.05266792913636,20
"364","REACTOME_IL_6_TYPE_CYTOKINE_RECEPTOR_LIGAND_INTERACTIONS",0.462301587301587,0.717337962962963,0.0828962134571565,0.40103947713077,1.00370821695679,14
"365","REACTOME_IMMUNOREGULATORY_INTERACTIONS_BETWEEN_A_LYMPHOID_AND_A_NON_LYMPHOID_CELL",5.913372456799e-09,2.75267487863994e-06,0.761460801445585,0.616331813599396,2.25051081827629,77
"366","REACTOME_INACTIVATION_OF_CSF3_G_CSF_SIGNALING",0.586138613861386,0.814470223141717,0.0704500850658419,0.37999694966679,0.911484469415033,12
"367","REACTOME_INCRETIN_SYNTHESIS_SECRETION_AND_INACTIVATION",0.717434869739479,0.889389965016585,0.0611692626746689,-0.341983598935214,-0.797760361049881,11
"368","REACTOME_INFLAMMASOMES",0.515873015873016,0.75543924100296,0.0770736734944102,0.387240145507141,0.969171710380823,14
"369","REACTOME_INHIBITION_OF_DNA_RECOMBINATION_AT_TELOMERE",0.700381679389313,0.88529594946282,0.059989249649033,-0.273264722315928,-0.868116469126637,38
"370","REACTOME_INHIBITION_OF_THE_PROTEOLYTIC_ACTIVITY_OF_APC_C_REQUIRED_FOR_THE_ONSET_OF_ANAPHASE_BY_MITOTIC_SPINDLE_CHECKPOINT_COMPONENTS",0.846774193548387,0.972066242401554,0.0536769600638126,0.267578188886818,0.740958264994888,21
"371","REACTOME_INITIAL_TRIGGERING_OF_COMPLEMENT",0.073558648111332,0.249029459606,0.234392647294686,0.553372528707588,1.4135486180307,15
"372","REACTOME_INITIATION_OF_NUCLEAR_ENVELOPE_NE_REFORMATION",0.895791583166333,0.993910256410256,0.0508054139066364,-0.263183294629147,-0.693445767521685,17
"373","REACTOME_INOSITOL_PHOSPHATE_METABOLISM",0.20188679245283,0.441308847202602,0.132147260608774,-0.359898540531712,-1.18191170306429,44
"374","REACTOME_INSERTION_OF_TAIL_ANCHORED_PROTEINS_INTO_THE_ENDOPLASMIC_RETICULUM_MEMBRANE",0.244488977955912,0.486365894181525,0.122679189568808,-0.464051799564134,-1.18522671686244,15
"375","REACTOME_INSULIN_PROCESSING",0.621457489878543,0.83522886869787,0.0686325631836726,-0.388802660709355,-0.878713744134315,10
"376","REACTOME_INSULIN_RECEPTOR_RECYCLING",0.231075697211155,0.469719375772021,0.126253987849115,-0.411205467206707,-1.18584272636534,25
"377","REACTOME_INSULIN_RECEPTOR_SIGNALLING_CASCADE",0.0263758353880482,0.12723265671644,0.352487857583619,-0.495504837798616,-1.53915408352339,35
"378","REACTOME_INTEGRATION_OF_ENERGY_METABOLISM",0.0249345731953119,0.122179408657028,0.352487857583619,0.393182590319265,1.41283095372171,72
"379","REACTOME_INTEGRIN_CELL_SURFACE_INTERACTIONS",0.0534979423868313,0.212848651120256,0.282013350011725,0.374205095621432,1.33111639195391,67
"380","REACTOME_INTEGRIN_SIGNALING",0.525150905432596,0.763524137803457,0.0768736734126542,0.328357258043163,0.953207173387388,24
"381","REACTOME_INTERCONVERSION_OF_NUCLEOTIDE_DI_AND_TRIPHOSPHATES",0.17741935483871,0.405841325196164,0.147331213699377,0.443276499450809,1.2733587788052,23
"382","REACTOME_INTERFERON_ALPHA_BETA_SIGNALING",0.943204868154158,1,0.0489954089862481,0.242370563007855,0.627296554220124,16
"383","REACTOME_INTERFERON_GAMMA_SIGNALING",0.0259053668839357,0.125614044629917,0.352487857583619,-0.559576469041704,-1.50849650850154,19
"384","REACTOME_INTERFERON_SIGNALING",0.0126104970711232,0.0842459134650121,0.380730400722792,-0.376829607267298,-1.43027944929866,108
"385","REACTOME_INTERLEUKIN_12_FAMILY_SIGNALING",0.732142857142857,0.894520997375328,0.0597317976364411,0.323971342837184,0.810824662925078,14
"386","REACTOME_INTERLEUKIN_15_SIGNALING",0.362204724409449,0.625225348577166,0.096240602328129,0.478636676915928,1.08183664780591,10
"387","REACTOME_INTERLEUKIN_17_SIGNALING",0.169201520912548,0.39981374611569,0.14641623786055,-0.356013701952015,-1.21574505526397,55
"388","REACTOME_INTERLEUKIN_1_FAMILY_SIGNALING",0.0753676470588235,0.250582044760251,0.222056046145248,-0.347670170091697,-1.30228171952245,98
"389","REACTOME_INTERLEUKIN_1_SIGNALING",0.125475285171103,0.33472060313552,0.172324344900946,-0.333321295734823,-1.21760721965977,85
"390","REACTOME_INTERLEUKIN_20_FAMILY_SIGNALING",0.61122244488978,0.83522886869787,0.0689567351672811,-0.381796934501733,-0.890634700799033,11
"391","REACTOME_INTERLEUKIN_2_FAMILY_SIGNALING",0.000226072255036509,0.00584647970663861,0.518848077743792,0.637853610294078,1.94220847713254,29
"392","REACTOME_INTERLEUKIN_3_INTERLEUKIN_5_AND_GM_CSF_SIGNALING",0.0032506190757566,0.0356038395238753,0.431707695803346,0.545634574617874,1.67974413911813,31
"393","REACTOME_INTERLEUKIN_4_AND_INTERLEUKIN_13_SIGNALING",0.542743538767396,0.783401914096815,0.0745500777420554,0.411947636514007,0.949318341329195,11
"394","REACTOME_INTERLEUKIN_6_FAMILY_SIGNALING",0.441634241245136,0.702713379255858,0.0843144320642653,0.373019138907826,1.01414393330263,19
"395","REACTOME_INTERLEUKIN_7_SIGNALING",0.463220675944334,0.717568135281489,0.0828962134571565,0.395349713975812,1.00989119054128,15
"396","REACTOME_INTERLEUKIN_RECEPTOR_SHC_SIGNALING",0.0601941747572816,0.2268857356236,0.257206466468838,0.543091640313786,1.4555103099909,18
"397","REACTOME_INTRACELLULAR_SIGNALING_BY_SECOND_MESSENGERS",0.140350877192982,0.357990867579909,0.155241966228839,-0.272893451627526,-1.14561112877295,219
"398","REACTOME_INTRAFLAGELLAR_TRANSPORT",0.411016949152542,0.670151978390573,0.0931454575337804,0.312479362070067,1.03498043266943,44
"399","REACTOME_INTRA_GOLGI_AND_RETROGRADE_GOLGI_TO_ER_TRAFFIC",2.92123452049683e-06,0.000194262095613039,0.627256739718528,-0.457965167901111,-1.87879765986608,175
"400","REACTOME_INTRA_GOLGI_TRAFFIC",0.457364341085271,0.713754670789847,0.0822054920415869,-0.322305868084024,-1.00987001800791,36
"401","REACTOME_INTRINSIC_PATHWAY_FOR_APOPTOSIS",0.0329248697879745,0.151000264889676,0.321775918075361,-0.455763083025971,-1.42802697201526,36
"402","REACTOME_INTRINSIC_PATHWAY_OF_FIBRIN_CLOT_FORMATION",0.159045725646123,0.381627759217889,0.155241966228839,0.503500226767423,1.28615356347284,15
"403","REACTOME_INWARDLY_RECTIFYING_K_CHANNELS",0.360248447204969,0.624564812565784,0.0995791200495904,0.340445271387415,1.05779015258955,32
"404","REACTOME_IONOTROPIC_ACTIVITY_OF_KAINATE_RECEPTORS",0.41046277665996,0.670151978390573,0.0902635484340068,-0.437818230817759,-1.03780806503185,12
"405","REACTOME_ION_CHANNEL_TRANSPORT",0.109318996415771,0.30463260619977,0.179782316298324,-0.300068644497105,-1.19177165116222,141
"406","REACTOME_ION_HOMEOSTASIS",0.0177955261327891,0.104858448288776,0.352487857583619,0.430557901566032,1.45714378534075,49
"407","REACTOME_ION_TRANSPORT_BY_P_TYPE_ATPASES",0.584615384615385,0.814470223141717,0.069119845655101,-0.2819680445737,-0.932991308197579,47
"408","REACTOME_IRAK1_RECRUITS_IKK_COMPLEX",0.879759519038076,0.98800496046375,0.05163559644842,-0.28489514589102,-0.664587585939858,11
"409","REACTOME_IRON_UPTAKE_AND_TRANSPORT",0.227360308285164,0.468505186421007,0.125033367555272,-0.350540557246374,-1.15518438017226,46
"410","REACTOME_IRS_MEDIATED_SIGNALLING",0.0724070450097847,0.246025397460254,0.234392647294686,-0.463492720338956,-1.38396169518576,30
"411","REACTOME_ISG15_ANTIVIRAL_MECHANISM",0.151093439363817,0.371155651840933,0.159646701919906,-0.43577569966527,-1.2654200265204,26
"412","REACTOME_JNK_C_JUN_KINASES_PHOSPHORYLATION_AND_ACTIVATION_MEDIATED_BY_ACTIVATED_HUMAN_TAK1",0.655737704918033,0.855203619909502,0.0665892104103933,-0.327082531755202,-0.881743397805019,19
"413","REACTOME_KEAP1_NFE2L2_PATHWAY",0.00372483500950375,0.0376937108026956,0.431707695803346,-0.476328688393172,-1.62354699671651,57
"414","REACTOME_KERATAN_SULFATE_BIOSYNTHESIS",0.491089108910891,0.741011281030858,0.0795564677235957,-0.343242632276189,-0.97876926461239,24
"415","REACTOME_KERATAN_SULFATE_DEGRADATION",0.776659959758551,0.92414314516129,0.057609110864425,-0.326017613694555,-0.772794929536598,12
"416","REACTOME_KERATAN_SULFATE_KERATIN_METABOLISM",0.369024856596558,0.631548054212125,0.0934449219410994,-0.349366964646765,-1.05237652906202,31
"417","REACTOME_KERATINIZATION",0.00476372704741519,0.0434335862354871,0.407017918923954,-0.540382102889637,-1.66008777317252,34
"418","REACTOME_KINESINS",0.142045454545455,0.358712294043093,0.160801401070022,-0.372129113424734,-1.24097923153279,48
"419","REACTOME_KSRP_KHSRP_BINDS_AND_DESTABILIZES_MRNA",0.955645161290323,1,0.0481183992657975,0.242759973563273,0.591808818152644,13
"420","REACTOME_L1CAM_INTERACTIONS",0.00396307114502395,0.0391268295166682,0.407017918923954,-0.468674255401531,-1.61732105931635,59
"421","REACTOME_LAGGING_STRAND_SYNTHESIS",0.130260521042084,0.344524275824376,0.173747838999571,0.481866629737389,1.31709251664796,20
"422","REACTOME_LAMININ_INTERACTIONS",0.176352705410822,0.405393503055494,0.147331213699377,-0.488595129892986,-1.24791241456658,15
"423","REACTOME_LDL_CLEARANCE",0.0352517157384117,0.15778532380991,0.321775918075361,-0.589651224751152,-1.55363639889771,17
"424","REACTOME_LGI_ADAM_INTERACTIONS",0.0673267326732673,0.236088972612665,0.245041785430996,0.602284211063312,1.44467660869245,12
"425","REACTOME_LYSINE_CATABOLISM",0.564777327935223,0.80031612223393,0.0734381410838857,-0.41196118305927,-0.931053179892253,10
"426","REACTOME_LYSOSOME_VESICLE_BIOGENESIS",0.154142581888247,0.375672104026067,0.155241966228839,-0.413090651896275,-1.25222431243707,32
"427","REACTOME_LYSOSPHINGOLIPID_AND_LPA_RECEPTORS",0.163306451612903,0.388844773533537,0.154190966581424,0.525311881927968,1.28062381718913,13
"428","REACTOME_MACROAUTOPHAGY",3.82735906591147e-07,3.89180066736988e-05,0.674962860011025,-0.517610812586421,-1.99242725027324,114
"429","REACTOME_MAJOR_PATHWAY_OF_RRNA_PROCESSING_IN_THE_NUCLEOLUS_AND_CYTOSOL",2.65555815713274e-07,3.53189234898655e-05,0.674962860011025,0.465526770225037,1.9070601241671,161
"430","REACTOME_MAP2K_AND_MAPK_ACTIVATION",0.421965317919075,0.681485946801296,0.0862865626267245,-0.332210838171531,-1.03192467390248,35
"431","REACTOME_MAP3K8_TPL2_DEPENDENT_MAPK1_3_ACTIVATION",0.518218623481781,0.757396449704142,0.0778840111977068,-0.434747336584673,-0.982551043209845,10
"432","REACTOME_MAPK6_MAPK4_SIGNALING",0.173664122137405,0.404181853059659,0.144630528034484,-0.356010977197894,-1.2111514376791,54
"433","REACTOME_MAPK_FAMILY_SIGNALING_CASCADES",0.144053601340034,0.358712294043093,0.149207542435322,-0.265522105498946,-1.13313070710828,250
"434","REACTOME_MAPK_TARGETS_NUCLEAR_EVENTS_MEDIATED_BY_MAP_KINASES",0.468127490039841,0.718001142054517,0.0824344091527096,-0.338283667737119,-0.991881145298694,28
"435","REACTOME_MATURATION_OF_TCA_ENZYMES_AND_REGULATION_OF_TCA_CYCLE",0.664077669902913,0.862804553675923,0.0633597010643758,0.32268752013554,0.864817238194474,18
"436","REACTOME_METABOLISM_OF_AMINO_ACIDS_AND_DERIVATIVES",0.869767441860465,0.979145693315711,0.0590954798717342,0.203692778406234,0.864692275026091,194
"437","REACTOME_METABOLISM_OF_ANGIOTENSINOGEN_TO_ANGIOTENSINS",0.717434869739479,0.889389965016585,0.0611692626746689,-0.340492104819722,-0.794281086348452,11
"438","REACTOME_METABOLISM_OF_CARBOHYDRATES_AND_CARBOHYDRATE_DERIVATIVES",0.681972789115646,0.872138278388278,0.055826471778749,-0.219172026228024,-0.929160494987503,231
"439","REACTOME_METABOLISM_OF_COFACTORS",0.279207920792079,0.524077770680294,0.112843355675562,-0.397813835619374,-1.13438110167068,24
"440","REACTOME_METABOLISM_OF_FAT_SOLUBLE_VITAMINS",0.0905587668593449,0.276426924413279,0.206587922696891,-0.413766976176415,-1.3066939299216,37
"441","REACTOME_METABOLISM_OF_FOLATE_AND_PTERINES",0.273092369477912,0.519936597104163,0.115240003147781,-0.463886037286447,-1.16952063572909,14
"442","REACTOME_METABOLISM_OF_NITRIC_OXIDE_NOS3_ACTIVATION_AND_REGULATION",0.00177297142155986,0.0235462332283315,0.45505986738723,-0.720780985341266,-1.8409343130127,15
"443","REACTOME_METABOLISM_OF_NUCLEOTIDES",0.598726114649682,0.82702375777278,0.0728938564822936,0.254356545204266,0.942886113478809,84
"444","REACTOME_METABOLISM_OF_POLYAMINES",0.714015151515151,0.889389965016585,0.0587185879555941,-0.264100042864447,-0.850442287232072,41
"445","REACTOME_METABOLISM_OF_PORPHYRINS",0.227364185110664,0.468505186421007,0.128142916898415,0.415394296861473,1.20587200024833,24
"446","REACTOME_METABOLISM_OF_STEROIDS",0.000832047336487862,0.0158088993932694,0.477270815362862,-0.456580902347872,-1.69638906813963,94
"447","REACTOME_METABOLISM_OF_STEROID_HORMONES",0.175298804780877,0.405329119868509,0.147331213699377,-0.430165318272209,-1.24051953217662,25
"448","REACTOME_METABOLISM_OF_VITAMINS_AND_COFACTORS",0.00383903312776433,0.0384316112037483,0.431707695803346,-0.356546714860744,-1.44637947225305,159
"449","REACTOME_METABOLISM_OF_WATER_SOLUBLE_VITAMINS_AND_COFACTORS",0.0551470588235294,0.2157223183391,0.261663521711573,-0.353249418889556,-1.32201741306686,99
"450","REACTOME_METALLOPROTEASE_DUBS",0.454545454545455,0.713754670789847,0.0835990603684159,-0.35672332123332,-1.01448990226648,23
"451","REACTOME_METAL_ION_SLC_TRANSPORTERS",0.0210002725871472,0.113171629046172,0.352487857583619,-0.568669763279397,-1.5330100528824,19
"452","REACTOME_METHYLATION",0.119284294234592,0.320964387087877,0.181383128498408,0.577624558582698,1.33111478076435,11
"453","REACTOME_MET_ACTIVATES_PTK2_SIGNALING",0.246406570841889,0.487284361769932,0.12384217120105,-0.439402236331637,-1.17074369305706,18
"454","REACTOME_MET_ACTIVATES_RAP1_AND_RAC1",0.280561122244489,0.524636093782244,0.11331290842208,-0.498100849809698,-1.16194202008709,11
"455","REACTOME_MET_PROMOTES_CELL_MOTILITY",0.0248865966146242,0.122179408657028,0.352487857583619,-0.500072429393893,-1.48414514241929,29
"456","REACTOME_MET_RECEPTOR_RECYCLING",0.00453570754912003,0.0428428171965141,0.407017918923954,-0.750847652240064,-1.6969537980285,10
"457","REACTOME_MHC_CLASS_II_ANTIGEN_PRESENTATION",0.00820401983465049,0.0613042583268851,0.380730400722792,-0.37753130463069,-1.46391802562058,119
"458","REACTOME_MISCELLANEOUS_SUBSTRATES",0.0721442885771543,0.246025397460254,0.237793834423688,-0.536207608049215,-1.41282104108698,17
"459","REACTOME_MISCELLANEOUS_TRANSPORT_AND_BINDING_EVENTS",0.0145508420643795,0.0918217066918633,0.380730400722792,-0.571757648386106,-1.60875334916546,22
"460","REACTOME_MISMATCH_REPAIR",0.353876739562624,0.615811672023931,0.0982123351217438,0.430428333232453,1.09949689230688,15
"461","REACTOME_MISMATCH_REPAIR_MMR_DIRECTED_BY_MSH2_MSH3_MUTSBETA",0.153543307086614,0.375193750387501,0.157402899305283,0.579774596429014,1.31043322865532,10
"462","REACTOME_MITF_M_DEPENDENT_GENE_EXPRESSION",0.419878296146045,0.68102211448078,0.0894366833718621,0.40349807615639,1.04432217207479,16
"463","REACTOME_MITF_M_REGULATED_MELANOCYTE_DEVELOPMENT",0.294339622641509,0.54133461025413,0.106323255932708,-0.332617163864505,-1.09231929096104,44
"464","REACTOME_MITOCHONDRIAL_BIOGENESIS",0.958498023715415,1,0.0470699590082662,-0.219118936787425,-0.641022206246266,27
"465","REACTOME_MITOCHONDRIAL_CALCIUM_ION_TRANSPORT",0.226452905811623,0.468505186421007,0.128142916898415,-0.45148705354878,-1.18959596890601,17
"466","REACTOME_MITOCHONDRIAL_FATTY_ACID_BETA_OXIDATION",0.0558766859344894,0.217661902113011,0.266350657088526,-0.468940695812004,-1.42152560870439,32
"467","REACTOME_MITOCHONDRIAL_IRON_SULFUR_CLUSTER_BIOGENESIS",0.172962226640159,0.404181853059659,0.148261500475107,0.552881341432908,1.27409493702266,11
"468","REACTOME_MITOCHONDRIAL_PROTEIN_DEGRADATION",0.00562963162997101,0.0480842848394772,0.407017918923954,-0.425331161935506,-1.53315785703806,77
"469","REACTOME_MITOCHONDRIAL_PROTEIN_IMPORT",0.582677165354331,0.814470223141717,0.0704500850658419,0.403327483368974,0.911619342227148,10
"470","REACTOME_MITOCHONDRIAL_TRANSLATION",0.0828025477707006,0.264911243898702,0.227987202850442,0.335647739669074,1.25632058938429,87
"471","REACTOME_MITOPHAGY",3.15079532780353e-05,0.00127538715225439,0.557332238758646,-0.647631900717004,-1.96320204261435,32
"472","REACTOME_MITOTIC_G1_PHASE_AND_G1_S_TRANSITION",0.00743003658514253,0.0582199640902043,0.407017918923954,-0.389621990868099,-1.48695908434074,112
"473","REACTOME_MITOTIC_G2_G2_M_PHASES",0.204585537918871,0.443550884481436,0.126253987849115,-0.273276071727001,-1.10867560927711,160
"474","REACTOME_MITOTIC_METAPHASE_AND_ANAPHASE",0.0849220103986135,0.26800810739359,0.20207170902116,-0.286415455972007,-1.19084721593766,195
"475","REACTOME_MITOTIC_PROMETAPHASE",0.970383275261324,1,0.0407403526717903,-0.193647622653213,-0.798176823240228,182
"476","REACTOME_MITOTIC_PROPHASE",0.208409506398537,0.448104504519719,0.127505315300183,-0.302558322751673,-1.13244291806404,96
"477","REACTOME_MITOTIC_SPINDLE_CHECKPOINT",0.943223443223443,1,0.0443293451680314,-0.200670714051436,-0.76165777011324,108
"478","REACTOME_MITOTIC_TELOPHASE_CYTOKINESIS",0.41304347826087,0.672278808148373,0.0888945288620449,-0.426260349421328,-1.04113896764856,13
"479","REACTOME_MODULATION_OF_HOST_RESPONSES_BY_IFN_STIMULATED_GENES",0.151821862348178,0.371963562753036,0.160801401070022,-0.588019350085963,-1.32895357196055,10
"480","REACTOME_MOLECULES_ASSOCIATED_WITH_ELASTIC_FIBRES",0.632780082987552,0.839433922111087,0.0689567351672811,0.291230692201093,0.886771996059346,29
"481","REACTOME_MRNA_CAPPING",0.623505976095618,0.83522886869787,0.0676760401641789,-0.311124465796359,-0.91224768115128,28
"482","REACTOME_MRNA_DECAY_BY_3_TO_5_EXORIBONUCLEASE",0.968190854870775,1,0.0468819856878333,0.227786403754587,0.58186328292351,15
"483","REACTOME_MRNA_DECAY_BY_5_TO_3_EXORIBONUCLEASE",0.839357429718876,0.966240641835949,0.0538979025357319,-0.285319493124832,-0.719329766718557,14
"484","REACTOME_MRNA_SPLICING",1,1,0.0400031517498194,-0.0761059422759674,-0.314481518407506,187
"485","REACTOME_MRNA_SPLICING_MINOR_PATHWAY",0.987551867219917,1,0.047925896705813,0.178955426982932,0.605343932326412,47
"486","REACTOME_MTORC1_MEDIATED_SIGNALLING",0.831683168316832,0.963056007093247,0.0536769600638126,-0.272009546133918,-0.775645442617455,24
"487","REACTOME_MTOR_SIGNALLING",0.238636363636364,0.480888429752066,0.120433371642259,-0.353765694146971,-1.13917931557857,41
"488","REACTOME_MUSCLE_CONTRACTION",0.00126926383423716,0.0203738729254275,0.45505986738723,0.377877231596209,1.52422549528968,138
"489","REACTOME_MYD88_MAL_TIRAP_CASCADE_INITIATED_ON_PLASMA_MEMBRANE",0.103896103896104,0.298540965207632,0.188204146308491,-0.346487622051912,-1.26168224204295,80
"490","REACTOME_MYOGENESIS",0.466019417475728,0.717955755971637,0.0813027345384498,0.371808192535302,0.996462875513123,18
"491","REACTOME_M_PHASE",0.132013201320132,0.346485289871347,0.155241966228839,-0.259086192565993,-1.13396630906126,335
"492","REACTOME_NA_CL_DEPENDENT_NEUROTRANSMITTER_TRANSPORTERS",0.282565130260521,0.526217391304348,0.112843355675562,-0.452679797923641,-1.15618168313738,15
"493","REACTOME_NCAM1_INTERACTIONS",0.240776699029126,0.483416628805089,0.121543282035469,0.439873095176457,1.17887991195561,18
"494","REACTOME_NCAM_SIGNALING_FOR_NEURITE_OUT_GROWTH",0.890173410404624,0.992516700702641,0.0492917662312669,-0.235976840091397,-0.732999335904032,35
"495","REACTOME_NEDDYLATION",0.0491228070175439,0.2050822122571,0.271288554688953,-0.298614992278454,-1.23664874369527,188
"496","REACTOME_NEGATIVE_REGULATION_OF_FGFR2_SIGNALING",0.0525913980346031,0.211045653319894,0.321775918075361,-0.550354262875047,-1.53344968139166,21
"497","REACTOME_NEGATIVE_REGULATION_OF_FGFR3_SIGNALING",0.0337758107566498,0.15264698939049,0.321775918075361,-0.553339264886911,-1.51286501555159,20
"498","REACTOME_NEGATIVE_REGULATION_OF_FGFR4_SIGNALING",0.0662883665886006,0.234655776783221,0.287805130535564,-0.530379312922569,-1.47779356549201,21
"499","REACTOME_NEGATIVE_REGULATION_OF_MAPK_PATHWAY",0.22007722007722,0.460431217734589,0.127505315300183,-0.364060934601848,-1.1624473656191,39
"500","REACTOME_NEGATIVE_REGULATION_OF_MET_ACTIVITY",0.192384769539078,0.431590892628631,0.140406238523342,-0.464458502824239,-1.22377365716455,17
"501","REACTOME_NEGATIVE_REGULATION_OF_THE_PI3K_AKT_NETWORK",0.475319926873857,0.725586470267321,0.0770736734944102,-0.26440933653686,-0.994301176875897,101
"502","REACTOME_NEGATIVE_REGULATORS_OF_DDX58_IFIH1_SIGNALING",0.186372745490982,0.421690068729199,0.142901149386948,-0.544268873626669,-1.26964022393038,11
"503","REACTOME_NERVOUS_SYSTEM_DEVELOPMENT",0.115254237288136,0.313894411309918,0.169570644405628,-0.271796294497354,-1.1535428869133,237
"504","REACTOME_NETRIN_1_SIGNALING",0.367588932806324,0.630249164719499,0.0956031492204301,-0.445064954543606,-1.08706913026074,13
"505","REACTOME_NEUREXINS_AND_NEUROLIGINS",0.85,0.972174447174447,0.0513223330421143,-0.25453274152257,-0.755417634951902,29
"506","REACTOME_NEURONAL_SYSTEM",0.00572200280301798,0.0484289509964521,0.407017918923954,0.306410527978069,1.34401465785584,290
"507","REACTOME_NEUROTRANSMITTER_RECEPTORS_AND_POSTSYNAPTIC_SIGNAL_TRANSMISSION",0.0801781737193764,0.261678206622335,0.237793834423688,0.305298890837911,1.2079653036199,123
"508","REACTOME_NEUROTRANSMITTER_RELEASE_CYCLE",0.616525423728814,0.83522886869787,0.0713052987340038,0.278948940674877,0.923922442108763,44
"509","REACTOME_NEUTROPHIL_DEGRANULATION",0.00170431500074052,0.0233340774366092,0.45505986738723,0.292916137954087,1.34020013770849,408
"510","REACTOME_NF_KB_IS_ACTIVATED_AND_SIGNALS_SURVIVAL",0.387795275590551,0.654053263722469,0.0922597260527354,0.468845838337077,1.05970694379827,10
"511","REACTOME_NICOTINATE_METABOLISM",0.142292490118577,0.358712294043093,0.16440575583821,-0.46354393905232,-1.29157045488753,21
"512","REACTOME_NITRIC_OXIDE_STIMULATES_GUANYLATE_CYCLASE",0.712273641851107,0.889389965016585,0.0617054053637522,-0.344809520111309,-0.81733942463495,12
"513","REACTOME_NOD1_2_SIGNALING_PATHWAY",0.858565737051793,0.97430647355212,0.0524827622635459,-0.25520730028149,-0.748293025746971,28
"514","REACTOME_NONHOMOLOGOUS_END_JOINING_NHEJ",0.982954545454545,1,0.0439759278026345,-0.193608747905832,-0.661358505951602,56
"515","REACTOME_NONSENSE_MEDIATED_DECAY_NMD",8.74479568941191e-06,0.000428494988781183,0.593325476396405,0.490910084004367,1.88476028531599,101
"516","REACTOME_NONSENSE_MEDIATED_DECAY_NMD_INDEPENDENT_OF_THE_EXON_JUNCTION_COMPLEX_EJC",4.93021152226531e-08,1.14750673180725e-05,0.719512826338911,0.586267935025848,2.1661970539229,82
"517","REACTOME_NON_INTEGRIN_MEMBRANE_ECM_INTERACTIONS",0.758490566037736,0.917084048027444,0.0557104226766671,-0.248656007145245,-0.845612513732582,53
"518","REACTOME_NOREPINEPHRINE_NEUROTRANSMITTER_RELEASE_CYCLE",0.383367139959432,0.650118046087853,0.0946646223153342,0.41106584040935,1.06390884291517,16
"519","REACTOME_NOTCH_HLH_TRANSCRIPTION_PATHWAY",0.57314629258517,0.804825336948407,0.0721797965581253,0.33735009389971,0.922083532549127,20
"520","REACTOME_NR1H2_AND_NR1H3_MEDIATED_SIGNALING",0.426559356136821,0.685883869712228,0.0880945010398517,-0.42926868749851,-1.01754215469623,12
"521","REACTOME_NRAGE_SIGNALS_DEATH_THROUGH_JNK",0.294797687861272,0.54133461025413,0.107554375265169,-0.332171452739633,-1.09465015049388,46
"522","REACTOME_NRIF_SIGNALS_CELL_DEATH_FROM_THE_NUCLEUS",0.158316633266533,0.380859911036543,0.156312403073186,-0.561348733502959,-1.30948317319466,11
"523","REACTOME_NUCLEAR_ENVELOPE_BREAKDOWN",0.766806722689076,0.922032452000776,0.0602484086158019,0.253013379200729,0.836256420334642,43
"524","REACTOME_NUCLEAR_ENVELOPE_NE_REASSEMBLY",0.0574712643678161,0.221801422867752,0.261663521711573,-0.404638823393729,-1.37919500228281,57
"525","REACTOME_NUCLEAR_EVENTS_KINASE_AND_TRANSCRIPTION_FACTOR_ACTIVATION",0.622529644268775,0.83522886869787,0.0673623868166279,-0.309642815396247,-0.905845581325396,27
"526","REACTOME_NUCLEAR_EVENTS_MEDIATED_BY_NFE2L2",0.00596995402103559,0.0496252427998583,0.407017918923954,-0.515614499026195,-1.64635823045258,39
"527","REACTOME_NUCLEAR_PORE_COMPLEX_NPC_DISASSEMBLY",0.863070539419087,0.976328884810656,0.0541200569620232,0.245899396776325,0.74874216471169,29
"528","REACTOME_NUCLEAR_RECEPTOR_TRANSCRIPTION_PATHWAY",0.0459311912365983,0.196155683675564,0.321775918075361,-0.449566789091556,-1.45474096102658,42
"529","REACTOME_NUCLEAR_RNA_DECAY",0.715384615384615,0.889389965016585,0.0593487680335629,-0.285194364530227,-0.846417050577878,29
"530","REACTOME_NUCLEOTIDE_BINDING_DOMAIN_LEUCINE_RICH_REPEAT_CONTAINING_RECEPTOR_NLR_SIGNALING_PATHWAYS",0.709473684210526,0.888990578734859,0.0640703750499722,0.266505221987756,0.875330547427148,42
"531","REACTOME_NUCLEOTIDE_BIOSYNTHESIS",0.0221696755988852,0.116609988602046,0.352487857583619,0.638624672015601,1.55686172988549,13
"532","REACTOME_NUCLEOTIDE_CATABOLISM",0.133843212237094,0.349042102500656,0.166933848713193,-0.419924266391418,-1.26491193115734,31
"533","REACTOME_NUCLEOTIDE_EXCISION_REPAIR",0.881170018281536,0.98839673134953,0.0473534245254193,-0.213284217461999,-0.802047125903804,101
"534","REACTOME_NUCLEOTIDE_LIKE_PURINERGIC_RECEPTORS",0.570576540755467,0.803239019288868,0.072003313661988,0.362383976477784,0.925682686748124,15
"535","REACTOME_NUCLEOTIDE_SALVAGE",0.94758064516129,1,0.048505983646947,0.22749727328795,0.629969077852636,21
"536","REACTOME_N_GLYCAN_ANTENNAE_ELONGATION",0.0485084925484715,0.204350255939489,0.321775918075361,-0.595736541759698,-1.52156045115659,15
"537","REACTOME_N_GLYCAN_ANTENNAE_ELONGATION_IN_THE_MEDIAL_TRANS_GOLGI",0.112648221343874,0.31165213247017,0.186432558434075,-0.46325692856333,-1.31746215682683,23
"538","REACTOME_N_GLYCAN_TRIMMING_IN_THE_ER_AND_CALNEXIN_CALRETICULIN_CYCLE",0.06841046277666,0.236766322844128,0.245041785430996,-0.607870586217721,-1.44090161730835,12
"539","REACTOME_ONCOGENE_INDUCED_SENESCENCE",0.175889328063241,0.405329119868509,0.14641623786055,-0.51796420434799,-1.26512521684428,13
"540","REACTOME_OPIOID_SIGNALLING",0.37551867219917,0.638788321167883,0.0972150808846466,0.290361156543437,1.03850149848074,70
"541","REACTOME_ORC1_REMOVAL_FROM_CHROMATIN",0.2,0.440189125295508,0.132846300606183,-0.34886184622197,-1.17799074646517,51
"542","REACTOME_ORGANELLE_BIOGENESIS_AND_MAINTENANCE",0.976744186046512,1,0.0536769600638126,0.189706102047932,0.805317705662645,194
"543","REACTOME_OTHER_INTERLEUKIN_SIGNALING",0.669980119284294,0.862804553675923,0.0640703750499722,0.332024844070832,0.848132560147721,15
"544","REACTOME_OTHER_SEMAPHORIN_INTERACTIONS",0.0634920634920635,0.233978386529279,0.252961123069611,0.562843663720032,1.40866633424631,14
"545","REACTOME_OVARIAN_TUMOR_DOMAIN_PROTEASES",0.838461538461538,0.966240641835949,0.0519512476197082,-0.257854654446944,-0.765276608653423,29
"546","REACTOME_OXIDATIVE_STRESS_INDUCED_SENESCENCE",0.13926499032882,0.356770439776334,0.16440575583821,-0.406470316169244,-1.24870235046985,34
"547","REACTOME_O_GLYCOSYLATION_OF_TSR_DOMAIN_CONTAINING_PROTEINS",0.0599173553719008,0.2268857356236,0.266350657088526,0.423259879409374,1.37344265036972,39
"548","REACTOME_O_LINKED_GLYCOSYLATION",0.623161764705882,0.83522886869787,0.0637845390312975,-0.246647400666863,-0.923064953919195,99
"549","REACTOME_O_LINKED_GLYCOSYLATION_OF_MUCINS",0.137996219281664,0.356770439776334,0.163180127180689,-0.381310895144825,-1.25645147828508,45
"550","REACTOME_P130CAS_LINKAGE_TO_MAPK_SIGNALING_FOR_INTEGRINS",0.38430583501006,0.650524967989757,0.0940503465727813,-0.449721870741673,-1.06602455453984,12
"551","REACTOME_P2Y_RECEPTORS",0.767535070140281,0.922032452000776,0.0579754757571486,-0.327819713636199,-0.764719635456045,11
"552","REACTOME_P75NTR_RECRUITS_SIGNALLING_COMPLEXES",0.633858267716535,0.839433922111087,0.0662842187012672,0.391019856283372,0.883801076994055,10
"553","REACTOME_P75NTR_SIGNALS_VIA_NF_KB",0.457661290322581,0.713754670789847,0.0843144320642653,0.411580875397073,1.0033663617099,13
"554","REACTOME_P75_NTR_RECEPTOR_MEDIATED_SIGNALLING",0.2,0.440189125295508,0.132846300606183,-0.319713661374009,-1.15266664304943,76
"555","REACTOME_PARACETAMOL_ADME",0.905241935483871,0.999739314276968,0.0506004243853618,0.245531642928394,0.679908556457569,21
"556","REACTOME_PCNA_DEPENDENT_LONG_PATCH_BASE_EXCISION_REPAIR",0.288306451612903,0.5336248637209,0.111918316325105,0.411990351585579,1.14085403363952,21
"557","REACTOME_PCP_CE_PATHWAY",0.699612403100775,0.88529594946282,0.0607719451853533,-0.254770068004807,-0.890048888836755,67
"558","REACTOME_PECAM1_INTERACTIONS",0.117296222664016,0.317449951454066,0.183023938384487,0.578009379808348,1.33200158727873,11
"559","REACTOME_PENTOSE_PHOSPHATE_PATHWAY",0.0522088353413655,0.210789907442627,0.282013350011725,-0.590285820662048,-1.48819191084266,14
"560","REACTOME_PEPTIDE_HORMONE_METABOLISM",0.516068052930057,0.75543924100296,0.0745500777420554,-0.293358141595879,-0.966639756084371,45
"561","REACTOME_PEPTIDE_LIGAND_BINDING_RECEPTORS",0.0246550652400158,0.122179408657028,0.352487857583619,0.348194675466992,1.37154492009246,121
"562","REACTOME_PEROXISOMAL_LIPID_METABOLISM",0.000167246329794688,0.00502278493673724,0.518848077743792,-0.665684587579627,-1.93303713152495,26
"563","REACTOME_PEROXISOMAL_PROTEIN_IMPORT",0.00578674519761201,0.0485356736844755,0.407017918923954,-0.461873321547443,-1.593852107441,59
"564","REACTOME_PHASE_2_PLATEAU_PHASE",0.180914512922465,0.411812742129132,0.144630528034484,0.545206997247522,1.25640969004683,11
"565","REACTOME_PHASE_II_CONJUGATION_OF_COMPOUNDS",0.884210526315789,0.989423076923077,0.0536769600638126,0.230045788729894,0.824560644961179,73
"566","REACTOME_PHASE_I_FUNCTIONALIZATION_OF_COMPOUNDS",0.296435272045028,0.543270154082522,0.105520936843198,-0.300624873900964,-1.08311467817708,75
"567","REACTOME_PHOSPHOLIPID_METABOLISM",0.00342317583619887,0.036230271173877,0.431707695803346,-0.362978832779979,-1.49204002149244,177
"568","REACTOME_PHOSPHORYLATION_OF_CD3_AND_TCR_ZETA_CHAINS",0.00291235529844914,0.0323547931713083,0.431707695803346,0.691751629267308,1.76702765107444,15
"569","REACTOME_PHOSPHORYLATION_OF_THE_APC_C",0.98997995991984,1,0.0462302524077616,0.208014724520481,0.56856943417689,20
"570","REACTOME_PI3K_EVENTS_IN_ERBB2_SIGNALING",0.0139015849734937,0.0903066011308343,0.380730400722792,-0.671952062629427,-1.64123986137829,13
"571","REACTOME_PINK1_PRKN_MEDIATED_MITOPHAGY",0.00163453641923999,0.0230568697926126,0.45505986738723,-0.626466877683823,-1.80661797922237,25
"572","REACTOME_PI_3K_CASCADE_FGFR1",0.514056224899598,0.75543924100296,0.0778840111977068,-0.384219272148787,-0.968669740635773,14
"573","REACTOME_PI_3K_CASCADE_FGFR2",0.241106719367589,0.483416628805089,0.122679189568808,-0.488984004213733,-1.19434120962664,13
"574","REACTOME_PI_3K_CASCADE_FGFR3",0.251509054325956,0.494900162796106,0.120985142145252,-0.494242347797519,-1.17155627271731,12
"575","REACTOME_PI_3K_CASCADE_FGFR4",0.280632411067194,0.524636093782244,0.112378519110475,-0.477341374411986,-1.16590413920956,13
"576","REACTOME_PI_METABOLISM",0.131428571428571,0.346485289871347,0.16823816568964,-0.341531666909111,-1.21655643285418,72
"577","REACTOME_PKA_MEDIATED_PHOSPHORYLATION_OF_CREB",0.482758620689655,0.731925171678901,0.0817515582532145,0.383951450329444,0.993732154559024,16
"578","REACTOME_PKMTS_METHYLATE_HISTONE_LYSINES",0.839622641509434,0.966240641835949,0.051011413203915,-0.232661497627566,-0.791219468680332,53
"579","REACTOME_PKR_MEDIATED_SIGNALING",0.462264150943396,0.717337962962963,0.0802023444698144,-0.289853878300536,-0.985715444637072,53
"580","REACTOME_PLASMA_LIPOPROTEIN_ASSEMBLY",0.334685598377282,0.587909985074056,0.102821842840815,0.425089607838457,1.10020475639695,16
"581","REACTOME_PLASMA_LIPOPROTEIN_ASSEMBLY_REMODELING_AND_CLEARANCE",0.555133079847909,0.794575356064137,0.0711327399327894,-0.274905226658444,-0.938769120805556,55
"582","REACTOME_PLASMA_LIPOPROTEIN_CLEARANCE",0.109615384615385,0.30463260619977,0.186432558434075,-0.437633448197289,-1.29883496494586,29
"583","REACTOME_PLASMA_LIPOPROTEIN_REMODELING",0.362903225806452,0.625225348577166,0.09754492162472,0.378997137581706,1.08870949143394,23
"584","REACTOME_PLATELET_ACTIVATION_SIGNALING_AND_AGGREGATION",0.0248172784634904,0.122179408657028,0.352487857583619,0.294060399922048,1.27044162808432,229
"585","REACTOME_PLATELET_AGGREGATION_PLUG_FORMATION",0.515657620041754,0.75543924100296,0.0797705918628453,0.315755737374074,0.972058725601238,31
"586","REACTOME_PLATELET_CALCIUM_HOMEOSTASIS",0.623246492985972,0.83522886869787,0.0679922591544058,0.297462004717381,0.886997748120687,26
"587","REACTOME_PLATELET_HOMEOSTASIS",0.556390977443609,0.794575356064137,0.0704500850658419,-0.265623930525648,-0.954911225268158,74
"588","REACTOME_PLATELET_SENSITIZATION_BY_LDL",0.272545090180361,0.519936597104163,0.115240003147781,-0.436988448476965,-1.15139447007538,17
"589","REACTOME_POLYMERASE_SWITCHING",0.277777777777778,0.524077770680294,0.11331290842208,0.463226999831868,1.15934907299881,14
"590","REACTOME_POLYMERASE_SWITCHING_ON_THE_C_STRAND_OF_THE_TELOMERE",0.0784708249496982,0.25724062685975,0.227987202850442,0.487273245298043,1.41453353455885,24
"591","REACTOME_POSITIVE_EPIGENETIC_REGULATION_OF_RRNA_EXPRESSION",0.9979633401222,1,0.0466015072985992,0.169097924765077,0.521549426806852,30
"592","REACTOME_POSTMITOTIC_NUCLEAR_PORE_COMPLEX_NPC_REFORMATION",1,1,0.04577044581081,0.130613621038436,0.357007960762442,20
"593","REACTOME_POST_NMDA_RECEPTOR_ACTIVATION_EVENTS",0.568588469184891,0.803239019288868,0.0721797965581253,0.36405733849206,0.929957164500516,15
"594","REACTOME_POST_TRANSLATIONAL_MODIFICATION_SYNTHESIS_OF_GPI_ANCHORED_PROTEINS",0.524896265560166,0.763524137803457,0.0785029047348687,0.268033654760055,0.958645279641407,70
"595","REACTOME_POTASSIUM_CHANNELS",0.00185519676627401,0.0236601121835767,0.45505986738723,0.433849306408991,1.60179420238996,83
"596","REACTOME_PRC2_METHYLATES_HISTONES_AND_DNA",0.317919075144509,0.568412938873477,0.102821842840815,-0.328150107024081,-1.08139805836974,46
"597","REACTOME_PREDNISONE_ADME",0.654223968565815,0.855203619909502,0.0646484568421928,-0.333215339211065,-0.866737626895522,16
"598","REACTOME_PREGNENOLONE_BIOSYNTHESIS",0.896761133603239,0.993910256410256,0.051218434854034,-0.281247342494288,-0.635633266758239,10
"599","REACTOME_PRESYNAPTIC_DEPOLARIZATION_AND_CALCIUM_CHANNEL_OPENING",0.0292968168896337,0.136376682621245,0.352487857583619,0.662041356304656,1.52565021995726,11
"600","REACTOME_PRESYNAPTIC_FUNCTION_OF_KAINATE_RECEPTORS",0.776679841897233,0.92414314516129,0.0567672387487446,-0.284620319111346,-0.793036353309722,21
"601","REACTOME_PROCESSING_AND_ACTIVATION_OF_SUMO",0.12753036437247,0.339230769230769,0.176694268938498,-0.604664184940267,-1.36657174342223,10
"602","REACTOME_PROCESSING_OF_CAPPED_INTRONLESS_PRE_MRNA",0.963461538461538,1,0.0455878202571231,-0.215639970312395,-0.63998932082395,29
"603","REACTOME_PROCESSING_OF_CAPPED_INTRON_CONTAINING_PRE_MRNA",1,1,0.0553642837725362,0.0794579486604665,0.343319194124692,250
"604","REACTOME_PROCESSING_OF_DNA_DOUBLE_STRAND_BREAK_ENDS",1,1,0.0484087618816951,0.153861167291468,0.564171625438167,79
"605","REACTOME_PROCESSING_OF_INTRONLESS_PRE_MRNAS",0.968190854870775,1,0.0468819856878333,-0.215509103169252,-0.589215700758725,20
"606","REACTOME_PROCESSIVE_SYNTHESIS_ON_THE_C_STRAND_OF_THE_TELOMERE",0.0335726590604402,0.152469002854975,0.321775918075361,0.562948327928053,1.50872713639636,18
"607","REACTOME_PROCESSIVE_SYNTHESIS_ON_THE_LAGGING_STRAND",0.0451337888282702,0.193638513359998,0.321775918075361,0.571705824850555,1.460379647911,15
"608","REACTOME_PROGRAMMED_CELL_DEATH",0.000205399152744014,0.00571040691271001,0.518848077743792,-0.442809075081347,-1.71703956458414,119
"609","REACTOME_PROLONGED_ERK_ACTIVATION_EVENTS",0.24901185770751,0.49116533797816,0.120433371642259,-0.484551306422245,-1.18351436540153,13
"610","REACTOME_PROSTACYCLIN_SIGNALLING_THROUGH_PROSTACYCLIN_RECEPTOR",0.747081712062257,0.905642023346304,0.0578529757032509,0.292973000379396,0.796518891299172,19
"611","REACTOME_PROTEASOME_ASSEMBLY",0.766037735849057,0.922032452000776,0.0552495663125249,-0.252342334718803,-0.828695660010438,44
"612","REACTOME_PROTEIN_HYDROXYLATION",0.104854368932039,0.299752962113052,0.191892240384838,0.512084350899675,1.37240936334213,18
"613","REACTOME_PROTEIN_LIPOYLATION",0.860236220472441,0.97430647355212,0.0518457624865066,0.316812775164525,0.716074816653218,10
"614","REACTOME_PROTEIN_LOCALIZATION",0.00459537037191533,0.0428428171965141,0.407017918923954,-0.421913774498501,-1.57649291740356,97
"615","REACTOME_PROTEIN_METHYLATION",0.0521042084168337,0.210789907442627,0.282013350011725,-0.5516341275336,-1.45346744556,17
"616","REACTOME_PROTEIN_PROTEIN_INTERACTIONS_AT_SYNAPSES",0.302281368821293,0.548584706379383,0.105125131597001,-0.311730807429266,-1.08251985493164,62
"617","REACTOME_PROTEIN_UBIQUITINATION",0.0855513307984791,0.269082057342514,0.211400189384923,-0.37790938672336,-1.3123323224507,62
"618","REACTOME_PTEN_REGULATION",0.228733459357278,0.469494788263617,0.123257226381337,-0.310595531776368,-1.12677307612339,78
"619","REACTOME_PTK6_REGULATES_RHO_GTPASES_RAS_GTPASE_AND_MAP_KINASES",0.000285405694735426,0.00681314619996619,0.49849310876659,-0.808756431849891,-1.91708313756713,12
"620","REACTOME_PURINE_CATABOLISM",0.202357563850688,0.441308847202602,0.135002033828631,-0.467515945343298,-1.21607145085838,16
"621","REACTOME_PURINE_RIBONUCLEOSIDE_MONOPHOSPHATE_BIOSYNTHESIS",0.062992125984252,0.23364808482605,0.252961123069611,0.636969350084956,1.43970744342281,10
"622","REACTOME_PURINE_SALVAGE",0.557312252964427,0.794575356064137,0.0728938564822936,-0.380118588795935,-0.92843792686861,13
"623","REACTOME_PYROPTOSIS",0.00291235529844914,0.0323547931713083,0.431707695803346,-0.648659264716127,-1.77347600445995,20
"624","REACTOME_PYRUVATE_METABOLISM",0.898854961832061,0.995046337057847,0.0484087618816951,-0.228299073420749,-0.725268098433032,38
"625","REACTOME_RAB_GEFS_EXCHANGE_GTP_FOR_GDP_ON_RABS",0.145009416195857,0.359052570421124,0.158514105424824,-0.323616480688705,-1.18855443820352,87
"626","REACTOME_RAB_GERANYLGERANYLATION",0.243809523809524,0.486052819414704,0.119348440591015,-0.323401380022435,-1.11793336567131,60
"627","REACTOME_RAB_REGULATION_OF_TRAFFICKING",0.00743003658514253,0.0582199640902043,0.407017918923954,-0.389753929974606,-1.48746261868325,112
"628","REACTOME_RAC1_GTPASE_CYCLE",0.132118451025057,0.346485289871347,0.184706471207739,0.279532377614256,1.14916849978068,164
"629","REACTOME_RAC2_GTPASE_CYCLE",0.138317757009346,0.356770439776334,0.161978948883402,-0.330211078131976,-1.20458081698558,83
"630","REACTOME_RAC3_GTPASE_CYCLE",0.212523719165085,0.450487798498679,0.128788713061714,-0.30972508922222,-1.13876879511115,88
"631","REACTOME_RAF_ACTIVATION",9.36368705536238e-05,0.00322873801797866,0.538434096309916,-0.639191749115163,-1.98547928447251,35
"632","REACTOME_RAF_INDEPENDENT_MAPK1_3_ACTIVATION",0.453629032258065,0.713754670789847,0.0847985102819124,0.361982632722681,1.00237625725889,21
"633","REACTOME_RAP1_SIGNALLING",0.0182557504145666,0.104914219975071,0.352487857583619,0.636406743203796,1.59277755409618,14
"634","REACTOME_RAS_PROCESSING",0.00681063393208098,0.0546612085410982,0.407017918923954,-0.620216720089348,-1.69571226447321,20
"635","REACTOME_RA_BIOSYNTHESIS_PATHWAY",0.879446640316206,0.98800496046375,0.051011413203915,-0.277292667215597,-0.677286080380895,13
"636","REACTOME_RECEPTOR_MEDIATED_MITOPHAGY",0.0237736557895525,0.120533525099174,0.352487857583619,-0.683579310142526,-1.54492393115878,10
"637","REACTOME_RECEPTOR_TYPE_TYROSINE_PROTEIN_PHOSPHATASES",0.211065573770492,0.44887830057574,0.135002033828631,-0.450238791080901,-1.213745898752,19
"638","REACTOME_RECOGNITION_OF_DNA_DAMAGE_BY_PCNA_CONTAINING_REPLICATION_COMPLEX",0.264,0.509367939604342,0.117249716749792,0.393889219094112,1.15928010001293,25
"639","REACTOME_RECRUITMENT_OF_NUMA_TO_MITOTIC_CENTROSOMES",0.900188323917137,0.995338871219543,0.0477342401407188,-0.211999247739441,-0.768699736110331,79
"640","REACTOME_RECYCLING_OF_BILE_ACIDS_AND_SALTS",0.373493975903614,0.636855112758727,0.0956031492204301,-0.425779864282628,-1.07344972155086,14
"641","REACTOME_RECYCLING_PATHWAY_OF_L1",0.00823096916311562,0.0613042583268851,0.380730400722792,-0.551739442130212,-1.6374856216552,29
"642","REACTOME_REDUCTION_OF_CYTOSOLIC_CA_LEVELS",0.699604743083004,0.88529594946282,0.0617054053637522,-0.338793044990975,-0.827500473800266,13
"643","REACTOME_REGULATED_NECROSIS",0.000200865593373161,0.00571040691271001,0.518848077743792,-0.57353785120094,-1.89775345252972,47
"644","REACTOME_REGULATED_PROTEOLYSIS_OF_P75NTR",0.174089068825911,0.404181853059659,0.149207542435322,-0.569351866967047,-1.28676411277563,10
"645","REACTOME_REGULATION_BY_C_FLIP",0.00110425189276268,0.0190381205955936,0.45505986738723,-0.795902345709754,-1.79877969170255,10
"646","REACTOME_REGULATION_OF_APC_C_ACTIVATORS_BETWEEN_G1_S_AND_EARLY_ANAPHASE",0.79383429672447,0.937893058693505,0.0545680646670941,-0.26248757463783,-0.795692957865975,32
"647","REACTOME_REGULATION_OF_CDH11_EXPRESSION_AND_FUNCTION",0.128256513026052,0.3401903522144,0.175204047558551,-0.580480793710926,-1.35411338150482,11
"648","REACTOME_REGULATION_OF_ENDOGENOUS_RETROELEMENTS",0.0849056603773585,0.26800810739359,0.211400189384923,-0.386856347282752,-1.31559487355594,53
"649","REACTOME_REGULATION_OF_FZD_BY_UBIQUITINATION",0.695390781563126,0.883231674809373,0.0626618230932491,-0.324443198646971,-0.828654791344159,15
"650","REACTOME_REGULATION_OF_HSF1_MEDIATED_HEAT_SHOCK_RESPONSE",0.506666666666667,0.752437671512816,0.0758886900606117,-0.284194973910086,-0.974786243031536,58
"651","REACTOME_REGULATION_OF_INSULIN_LIKE_GROWTH_FACTOR_IGF_TRANSPORT_AND_UPTAKE_BY_INSULIN_LIKE_GROWTH_FACTOR_BINDING_PROTEINS_IGFBPS",0.615384615384615,0.83522886869787,0.0642140881844605,-0.249504057526691,-0.926062115837881,92
"652","REACTOME_REGULATION_OF_INSULIN_SECRETION",0.0124845430350522,0.084225431635026,0.380730400722792,0.419696712319299,1.46582449039291,61
"653","REACTOME_REGULATION_OF_KIT_SIGNALING",0.465346534653465,0.717955755971637,0.0824344091527096,0.421576858935255,1.01122064248464,12
"654","REACTOME_REGULATION_OF_LIPID_METABOLISM_BY_PPARALPHA",0.813627254509018,0.950422802945917,0.0552495663125249,-0.290144195765026,-0.764483417565508,17
"655","REACTOME_REGULATION_OF_LOCALIZATION_OF_FOXO_TRANSCRIPTION_FACTORS",0.811023622047244,0.949764769969792,0.0545680646670941,0.332425460410343,0.751363326464911,10
"656","REACTOME_REGULATION_OF_MRNA_STABILITY_BY_PROTEINS_THAT_BIND_AU_RICH_ELEMENTS",0.964015151515151,1,0.0448645113168564,-0.202588082143409,-0.703376859826754,61
"657","REACTOME_REGULATION_OF_NF_KAPPA_B_SIGNALING",0.91897233201581,1,0.0489954089862481,-0.258157881550172,-0.630549453291555,13
"658","REACTOME_REGULATION_OF_ORNITHINE_DECARBOXYLASE_ODC",0.133462282398453,0.349026362115055,0.16823816568964,-0.407836161654172,-1.25289831361787,34
"659","REACTOME_REGULATION_OF_PLK1_ACTIVITY_AT_G2_M_TRANSITION",0.279158699808795,0.524077770680294,0.110564716336619,-0.304309157087026,-1.09691933465093,77
"660","REACTOME_REGULATION_OF_PTEN_GENE_TRANSCRIPTION",0.970178926441352,1,0.046788296531803,-0.198076319383045,-0.575180629666331,26
"661","REACTOME_REGULATION_OF_PTEN_STABILITY_AND_ACTIVITY",0.0973282442748092,0.284306698991007,0.197822021315103,-0.390471342022459,-1.31234962865468,50
"662","REACTOME_REGULATION_OF_PYRUVATE_DEHYDROGENASE_PDH_COMPLEX",0.985943775100402,1,0.0465084048719156,-0.203076122554725,-0.511982894205857,14
"663","REACTOME_REGULATION_OF_PYRUVATE_METABOLISM",0.978846153846154,1,0.0448645113168564,-0.198944723465482,-0.590440159436733,29
"664","REACTOME_REGULATION_OF_RAS_BY_GAPS",0.630705394190871,0.839433922111087,0.069119845655101,0.269228385778462,0.910705936604929,47
"665","REACTOME_REGULATION_OF_RUNX3_EXPRESSION_AND_ACTIVITY",0.509541984732824,0.754186944016311,0.0756946307932749,-0.306477207890515,-0.973626999222052,38
"666","REACTOME_REGULATION_OF_SIGNALING_BY_CBL",0.115308151093439,0.313894411309918,0.184706471207739,0.513666518818097,1.34946439622206,17
"667","REACTOME_REGULATION_OF_TBK1_IKK_IKBKE_MEDIATED_ACTIVATION_OF_IRF3_IRF7",0.372745490981964,0.636745049732492,0.0956031492204301,-0.46646801476431,-1.08815069797278,11
"668","REACTOME_REGULATION_OF_TLR_BY_ENDOGENOUS_LIGAND",0.859719438877755,0.97430647355212,0.0526973085708419,-0.27568143547705,-0.704113211019305,15
"669","REACTOME_REGULATION_OF_TNFR1_SIGNALING",0.0155012662650859,0.094324698645719,0.380730400722792,-0.464770954037409,-1.51630379032402,43
"670","REACTOME_REGULATION_OF_TP53_ACTIVITY",0.467272727272727,0.717955755971637,0.0776798560117236,-0.25003242449113,-0.991649022139187,142
"671","REACTOME_REGULATION_OF_TP53_ACTIVITY_THROUGH_ACETYLATION",0.939834024896266,1,0.0501934252649434,0.219393764089356,0.668034830512142,29
"672","REACTOME_REGULATION_OF_TP53_ACTIVITY_THROUGH_ASSOCIATION_WITH_CO_FACTORS",0.895669291338583,0.993910256410256,0.0499913914024592,0.298133124171769,0.673854209694305,10
"673","REACTOME_REGULATION_OF_TP53_ACTIVITY_THROUGH_METHYLATION",0.972222222222222,1,0.0466015072985992,0.228954320197662,0.573019230262001,14
"674","REACTOME_REGULATION_OF_TP53_ACTIVITY_THROUGH_PHOSPHORYLATION",0.914018691588785,1,0.0466948041282054,-0.21037240244395,-0.767419923767282,83
"675","REACTOME_REGULATION_OF_TP53_DEGRADATION",0.464627151051625,0.717955755971637,0.0806388495950661,-0.330233947693449,-0.99474332383847,31
"676","REACTOME_REGULATION_OF_T_CELL_ACTIVATION_BY_CD28_FAMILY",0.000669969788632954,0.0136530552640754,0.477270815362862,0.487093227912851,1.72088555119868,65
"677","REACTOME_REPRESSION_OF_WNT_TARGET_GENES",0.669291338582677,0.862804553675923,0.0636424081651019,0.377200356721927,0.85256560800275,10
"678","REACTOME_REPRODUCTION",0.686746987951807,0.875837596963195,0.0633597010643758,-0.331807915490014,-0.83653348683182,14
"679","REACTOME_RESOLUTION_OF_ABASIC_SITES_AP_SITES",0.0523012552301255,0.210789907442627,0.287857117255149,0.442188121465613,1.42716263007212,38
"680","REACTOME_RESOLUTION_OF_AP_SITES_VIA_THE_MULTIPLE_NUCLEOTIDE_PATCH_REPLACEMENT_PATHWAY",0.206,0.443949074074074,0.135002033828631,0.414145838781522,1.21889862968773,25
"681","REACTOME_RESOLUTION_OF_D_LOOP_STRUCTURES",0.785567010309278,0.929309699449725,0.0582216241124161,0.257009083096593,0.807463284084707,34
"682","REACTOME_RESOLUTION_OF_SISTER_CHROMATID_COHESION",0.509025270758123,0.754186944016311,0.0728938564822936,-0.252733598320708,-0.972841556067215,114
"683","REACTOME_RESPIRATORY_ELECTRON_TRANSPORT",1,1,0.0509082865515105,0.132953937021654,0.523707884630273,121
"684","REACTOME_RESPONSE_TO_ELEVATED_PLATELET_CYTOSOLIC_CA2",0.420704845814978,0.681176019919556,0.0940503465727813,0.259096409499125,1.01556146279514,109
"685","REACTOME_RETROGRADE_NEUROTROPHIN_SIGNALLING",0.0647773279352227,0.234141073436298,0.252961123069611,-0.657677694674291,-1.48638496574714,10
"686","REACTOME_RETROGRADE_TRANSPORT_AT_THE_TRANS_GOLGI_NETWORK",0.00077889446548033,0.0151073072367122,0.477270815362862,-0.537745832976598,-1.76596463083766,44
"687","REACTOME_RET_SIGNALING",0.596273291925466,0.826086956521739,0.0718276293603809,0.287126663312417,0.92579287917789,37
"688","REACTOME_REVERSIBLE_HYDRATION_OF_CARBON_DIOXIDE",0.785571142284569,0.929309699449725,0.0568864160475701,-0.323293119473212,-0.754160247798175,11
"689","REACTOME_RHOA_GTPASE_CYCLE",0.0915619389587074,0.278575703171753,0.197822021315103,-0.30900429218882,-1.21582349097405,134
"690","REACTOME_RHOBTB1_GTPASE_CYCLE",0.257367387033399,0.501274136669653,0.11776578836269,-0.413307724920269,-1.16292311712537,22
"691","REACTOME_RHOBTB2_GTPASE_CYCLE",0.848360655737705,0.972066242401554,0.0543434390269162,-0.270019089127674,-0.727912762084903,19
"692","REACTOME_RHOBTB3_ATPASE_CYCLE",0.390688259109312,0.656553735073591,0.0934449219410994,-0.478244938351088,-1.0808578306153,10
"693","REACTOME_RHOBTB_GTPASE_CYCLE",0.476099426386233,0.725586470267321,0.0793434960134973,-0.326958831906356,-0.984877894839534,31
"694","REACTOME_RHOB_GTPASE_CYCLE",0.00205336410471325,0.0250257692998808,0.431707695803346,-0.476840960313565,-1.66586196801946,67
"695","REACTOME_RHOC_GTPASE_CYCLE",0.00177006072356703,0.0235462332283315,0.45505986738723,-0.47715988906915,-1.66409744113902,68
"696","REACTOME_RHOD_GTPASE_CYCLE",0.01707791213432,0.101920103827256,0.352487857583619,-0.451216969249475,-1.52361004844808,51
"697","REACTOME_RHOF_GTPASE_CYCLE",0.060952380952381,0.228817204301075,0.252961123069611,-0.439516748780647,-1.41067135890168,40
"698","REACTOME_RHOG_GTPASE_CYCLE",0.0813953488372093,0.261678206622335,0.219250346703755,-0.379638644517305,-1.3262819936357,67
"699","REACTOME_RHOH_GTPASE_CYCLE",0.711798839458414,0.889389965016585,0.0598603117764473,-0.278161235632084,-0.854528793189309,34
"700","REACTOME_RHOJ_GTPASE_CYCLE",0.157170923379175,0.380067869262368,0.155241966228839,-0.488952733388443,-1.27183140129314,16
"701","REACTOME_RHOQ_GTPASE_CYCLE",0.0747126436781609,0.249309932847196,0.227987202850442,-0.387451171741597,-1.32061158939924,57
"702","REACTOME_RHOU_GTPASE_CYCLE",0.0181299769517348,0.104914219975071,0.352487857583619,-0.476092709431273,-1.51246717243868,38
"703","REACTOME_RHOV_GTPASE_CYCLE",0.0148455748717099,0.0927599342655163,0.380730400722792,-0.515713167437587,-1.60192588858426,35
"704","REACTOME_RHO_GTPASES_ACTIVATE_FORMINS",0.297989031078611,0.544380774178459,0.103576326612592,-0.274801899188198,-1.07078072983863,124
"705","REACTOME_RHO_GTPASES_ACTIVATE_IQGAPS",0.00146796457418418,0.0220431454607335,0.45505986738723,-0.655755558314259,-1.84509809995498,22
"706","REACTOME_RHO_GTPASES_ACTIVATE_KTN1",0.707414829659319,0.887658284930914,0.0618406035753285,-0.346640039971952,-0.808622648288923,11
"707","REACTOME_RHO_GTPASES_ACTIVATE_NADPH_OXIDASES",0.0238218782150891,0.120533525099174,0.352487857583619,0.543510624313152,1.5267680060474,22
"708","REACTOME_RHO_GTPASES_ACTIVATE_PAKS",0.147347740667976,0.362912027941497,0.160801401070022,-0.451953861709394,-1.27166167474205,22
"709","REACTOME_RHO_GTPASES_ACTIVATE_PKNS",0.0576540755467197,0.221801422867752,0.266350657088526,-0.528808937852863,-1.44579752921039,20
"710","REACTOME_RHO_GTPASES_ACTIVATE_WASPS_AND_WAVES",0.1434034416826,0.358712294043093,0.160801401070022,-0.41564768057496,-1.25202983584443,31
"711","REACTOME_RHO_GTPASE_CYCLE",0.00193255248798422,0.0243135995447745,0.45505986738723,-0.314019995888472,-1.39655775697896,403
"712","REACTOME_RHO_GTPASE_EFFECTORS",0.0489920365282659,0.2050822122571,0.321775918075361,-0.293959849281965,-1.24287996666295,230
"713","REACTOME_RIBAVIRIN_ADME",0.623246492985972,0.83522886869787,0.0679922591544058,-0.376933633781753,-0.879289862770702,11
"714","REACTOME_RIPK1_MEDIATED_REGULATED_NECROSIS",0.00618472511216393,0.0505085884160054,0.407017918923954,-0.583504092323515,-1.70701394456753,27
"715","REACTOME_RMTS_METHYLATE_HISTONE_ARGININES",0.914772727272727,1,0.0472587336673259,-0.216143681541235,-0.720797728915022,48
"716","REACTOME_RNA_POLYMERASE_III_TRANSCRIPTION",0.777562862669246,0.92414314516129,0.0557104226766671,-0.264823637467086,-0.813554853603225,34
"717","REACTOME_RNA_POLYMERASE_III_TRANSCRIPTION_INITIATION_FROM_TYPE_1_PROMOTER",0.525691699604743,0.763524137803457,0.0758886900606117,-0.331504030734574,-0.969799544834235,27
"718","REACTOME_RNA_POLYMERASE_III_TRANSCRIPTION_INITIATION_FROM_TYPE_3_PROMOTER",0.912524850894632,1,0.0495901956956338,-0.234870153441189,-0.682023793489846,26
"719","REACTOME_RNA_POLYMERASE_II_PRE_TRANSCRIPTION_EVENTS",0.0958646616541353,0.284306698991007,0.197822021315103,-0.359564770955648,-1.29262613996057,74
"720","REACTOME_RNA_POLYMERASE_II_PROMOTER_ESCAPE",0.243346007604563,0.486052819414704,0.119348440591015,-0.345581249876585,-1.1274503161198,43
"721","REACTOME_RNA_POLYMERASE_II_TRANSCRIBES_SNRNA_GENES",0.916831683168317,1,0.0491927521045191,-0.218787903150568,-0.763023879679603,68
"722","REACTOME_RNA_POLYMERASE_II_TRANSCRIPTION_TERMINATION",1,1,0.0433636987883266,-0.163409525317402,-0.567457727710089,62
"723","REACTOME_RNA_POLYMERASE_I_TRANSCRIPTION",0.586011342155009,0.814470223141717,0.0681513438679483,-0.282663995520212,-0.931401645091859,45
"724","REACTOME_RNA_POLYMERASE_I_TRANSCRIPTION_TERMINATION",0.998043052837573,1,0.044774889329693,-0.170984182503817,-0.51054859911258,30
"725","REACTOME_RND1_GTPASE_CYCLE",0.010846415181695,0.0759249062718648,0.380730400722792,-0.496083687804758,-1.59222840072871,40
"726","REACTOME_RND2_GTPASE_CYCLE",0.0119125934729015,0.0809534636735134,0.380730400722792,-0.491750692310185,-1.58351198651974,41
"727","REACTOME_RND3_GTPASE_CYCLE",0.0534351145038168,0.212848651120256,0.271288554688953,-0.445972753490351,-1.41678109345972,38
"728","REACTOME_ROLE_OF_LAT2_NTAL_LAB_ON_CALCIUM_MOBILIZATION",0.467326732673267,0.717955755971637,0.0822054920415869,0.421138275300062,1.01016862832409,12
"729","REACTOME_ROLE_OF_PHOSPHOLIPIDS_IN_PHAGOCYTOSIS",0.0881763527054108,0.271828425062045,0.213927855492356,0.517140017324856,1.41350573964619,20
"730","REACTOME_ROS_AND_RNS_PRODUCTION_IN_PHAGOCYTES",0.0176469204865863,0.104645114477782,0.352487857583619,0.484054855514164,1.49017005956967,31
"731","REACTOME_RUNX1_INTERACTS_WITH_CO_FACTORS_WHOSE_PRECISE_EFFECT_ON_RUNX1_TARGETS_IS_NOT_KNOWN",0.944123314065511,1,0.0466015072985992,-0.218637841800173,-0.662768861663061,32
"732","REACTOME_RUNX1_REGULATES_GENES_INVOLVED_IN_MEGAKARYOCYTE_DIFFERENTIATION_AND_PLATELET_FUNCTION",0.0648854961832061,0.234141073436298,0.245041785430996,-0.409876949673731,-1.37757065579346,50
"733","REACTOME_RUNX1_REGULATES_TRANSCRIPTION_OF_GENES_INVOLVED_IN_DIFFERENTIATION_OF_HSCS",0.987577639751553,1,0.0478299633114229,0.181632600579015,0.611710269624698,46
"734","REACTOME_SCF_SKP2_MEDIATED_DEGRADATION_OF_P27_P21",0.00342455839237505,0.036230271173877,0.431707695803346,-0.505790983383502,-1.66102447006918,44
"735","REACTOME_SEALING_OF_THE_NUCLEAR_ENVELOPE_NE_BY_ESCRT_III",0.00519082572017916,0.0455911202404415,0.407017918923954,-0.632225103024058,-1.72854395307385,20
"736","REACTOME_SELECTIVE_AUTOPHAGY",0.000493727493770864,0.0112112267487969,0.477270815362862,-0.529361053872083,-1.80430566147908,57
"737","REACTOME_SEMA3A_PAK_DEPENDENT_AXON_REPULSION",0.66600790513834,0.862804553675923,0.0640703750499722,-0.351321901545448,-0.858102149036185,13
"738","REACTOME_SEMA4D_INDUCED_CELL_MIGRATION_AND_GROWTH_CONE_COLLAPSE",0.607214428857715,0.83522886869787,0.0692836467392548,-0.384514206205437,-0.896973401433117,11
"739","REACTOME_SEMA4D_IN_SEMAPHORIN_SIGNALING",0.334669338677355,0.587909985074056,0.102080107662747,-0.435156332181851,-1.11142530079235,15
"740","REACTOME_SEMAPHORIN_INTERACTIONS",0.556485355648536,0.794575356064137,0.0758886900606117,0.283114365157481,0.96058389728618,50
"741","REACTOME_SENESCENCE_ASSOCIATED_SECRETORY_PHENOTYPE_SASP",0.427745664739884,0.686605541160056,0.0855356947987884,-0.321141801458821,-1.01417963919724,37
"742","REACTOME_SENSORY_PERCEPTION",0.0661625708884688,0.234655776783221,0.241339976815091,-0.374218190030057,-1.35758225081323,78
"743","REACTOME_SEPARATION_OF_SISTER_CHROMATIDS",0.691637630662021,0.880868172566815,0.0562940749700968,-0.225572211741559,-0.915063869544103,159
"744","REACTOME_SEROTONIN_NEUROTRANSMITTER_RELEASE_CYCLE",0.194831013916501,0.43498243154979,0.13880510939114,0.475480720739313,1.24914566206121,17
"745","REACTOME_SHC1_EVENTS_IN_EGFR_SIGNALING",0.00906118359864626,0.065625271471329,0.380730400722792,-0.699921037320192,-1.65909879097454,12
"746","REACTOME_SHC1_EVENTS_IN_ERBB2_SIGNALING",0.00134983921370626,0.0209450051326754,0.45505986738723,-0.743022875785948,-1.81482999975305,13
"747","REACTOME_SHC1_EVENTS_IN_ERBB4_SIGNALING",0.0890688259109312,0.273673521198274,0.213927855492356,-0.629641084152869,-1.42302080316871,10
"748","REACTOME_SHC_MEDIATED_CASCADE_FGFR1",0.209486166007905,0.448206013261877,0.132846300606183,-0.503304991409381,-1.22932015581488,13
"749","REACTOME_SHC_MEDIATED_CASCADE_FGFR2",0.0384185947673819,0.169926537050781,0.321775918075361,-0.629683058992057,-1.49260608863932,12
"750","REACTOME_SHC_MEDIATED_CASCADE_FGFR3",0.0601202404809619,0.2268857356236,0.261663521711573,-0.634301359821358,-1.47966301132874,11
"751","REACTOME_SHC_MEDIATED_CASCADE_FGFR4",0.0744466800804829,0.249309932847196,0.234392647294686,-0.603729710967537,-1.43108605133042,12
"752","REACTOME_SIALIC_ACID_METABOLISM",0.0274693807405222,0.131148684458596,0.352487857583619,0.483888325188123,1.47339764484918,29
"753","REACTOME_SIGNALING_BY_ACTIVIN",0.000110900440855299,0.0036874396584387,0.538434096309916,-0.791126535444226,-2.02060267217589,15
"754","REACTOME_SIGNALING_BY_ALK",0.298210735586481,0.544380774178459,0.108820126769161,0.452106582047174,1.15487235289388,15
"755","REACTOME_SIGNALING_BY_BMP",0.00511719822984295,0.0453724909712742,0.407017918923954,-0.565357670539702,-1.64170448007401,26
"756","REACTOME_SIGNALING_BY_CSF3_G_CSF",0.717092337917485,0.889389965016585,0.0602484086158019,-0.316289692377884,-0.822711757604521,16
"757","REACTOME_SIGNALING_BY_EGFR",0.00123682067421217,0.0203738729254275,0.45505986738723,-0.528199031066356,-1.73461280349243,44
"758","REACTOME_SIGNALING_BY_ERBB2",0.00439705416434554,0.0426422648646427,0.407017918923954,-0.529124476481313,-1.68949561820733,39
"759","REACTOME_SIGNALING_BY_ERBB4",0.00497984359028275,0.0445791767553196,0.407017918923954,-0.585882530230729,-1.71786547953402,28
"760","REACTOME_SIGNALING_BY_ERYTHROPOIETIN",0.024537987916114,0.122179408657028,0.352487857583619,0.603534915196328,1.54168467180968,15
"761","REACTOME_SIGNALING_BY_FGFR",0.00371061808198656,0.0376937108026956,0.431707695803346,-0.454649307246498,-1.58208727260249,64
"762","REACTOME_SIGNALING_BY_FGFR1",0.0386025175364341,0.169926537050781,0.321775918075361,-0.450868218416281,-1.43962321393415,39
"763","REACTOME_SIGNALING_BY_FGFR2",0.0151879729413617,0.094266685389385,0.380730400722792,-0.449104515232214,-1.50534757925398,49
"764","REACTOME_SIGNALING_BY_FGFR3",0.0194695163470175,0.109262076948226,0.352487857583619,-0.506926318767115,-1.51365183673683,30
"765","REACTOME_SIGNALING_BY_FGFR4",0.0645792563600783,0.234141073436298,0.248911114434702,-0.474400997252849,-1.41653316124517,30
"766","REACTOME_SIGNALING_BY_GPCR",7.43201005372006e-08,1.38384027200267e-05,0.704975715167238,0.357215728610483,1.65710145157011,460
"767","REACTOME_SIGNALING_BY_HEDGEHOG",0.858974358974359,0.97430647355212,0.0486034247259069,-0.216491381176911,-0.826220884517428,112
"768","REACTOME_SIGNALING_BY_HIPPO",0.0194817451916279,0.109262076948226,0.352487857583619,-0.577358281044368,-1.57853454518457,20
"769","REACTOME_SIGNALING_BY_INSULIN_RECEPTOR",0.0130404003803661,0.0854972729163437,0.380730400722792,-0.442980817811803,-1.52865705180756,59
"770","REACTOME_SIGNALING_BY_INTERLEUKINS",0.103864734299517,0.298540965207632,0.216542836735348,0.270960786803373,1.16706773758673,233
"771","REACTOME_SIGNALING_BY_MET",0.0027046628918482,0.0310947902811761,0.431707695803346,-0.482485424134058,-1.67516805010947,61
"772","REACTOME_SIGNALING_BY_NOTCH",0.0184468115004059,0.105361849735447,0.352487857583619,-0.503267300176132,-1.52756573782713,33
"773","REACTOME_SIGNALING_BY_NOTCH1",0.778225806451613,0.92414314516129,0.057609110864425,0.320321101671995,0.780890069426734,13
"774","REACTOME_SIGNALING_BY_NOTCH3",0.0166068269412079,0.099748102466223,0.352487857583619,-0.630352019231913,-1.63962983982499,16
"775","REACTOME_SIGNALING_BY_NTRK1_TRKA",0.0703422053231939,0.2416553252985,0.234392647294686,-0.387999697141342,-1.34737204617889,62
"776","REACTOME_SIGNALING_BY_NTRKS",0.0601503759398496,0.2268857356236,0.252961123069611,-0.376674909284184,-1.3541366489101,74
"777","REACTOME_SIGNALING_BY_NUCLEAR_RECEPTORS",0.0126685584157913,0.0842459134650121,0.380730400722792,-0.338372012754677,-1.38450025974927,170
"778","REACTOME_SIGNALING_BY_PDGF",0.175803402646503,0.405329119868509,0.142901149386948,-0.35501002225335,-1.19881825992987,52
"779","REACTOME_SIGNALING_BY_PTK6",0.00218948137556079,0.0261334251365012,0.431707695803346,-0.515817964097716,-1.68284340336731,43
"780","REACTOME_SIGNALING_BY_RECEPTOR_TYROSINE_KINASES",0.000208543324416907,0.00571040691271001,0.518848077743792,-0.337518380930336,-1.48727446331303,372
"781","REACTOME_SIGNALING_BY_RETINOIC_ACID",0.99412915851272,1,0.0449543067640062,-0.185912973683838,-0.55512508163741,30
"782","REACTOME_SIGNALING_BY_ROBO_RECEPTORS",0.0834990059642147,0.265315954104723,0.219250346703755,0.534743207336208,1.40483541945109,17
"783","REACTOME_SIGNALING_BY_SCF_KIT",0.124223602484472,0.332333833083458,0.181383128498408,0.413585725213323,1.28504327758577,32
"784","REACTOME_SIGNALING_BY_TGFBR3",0.282608695652174,0.526217391304348,0.111918316325105,-0.405037589925694,-1.12855446958574,21
"785","REACTOME_SIGNALING_BY_TGFB_FAMILY_MEMBERS",8.60034529578211e-05,0.00307958518091275,0.538434096309916,-0.475335753501415,-1.7958322963586,102
"786","REACTOME_SIGNALING_BY_TGF_BETA_RECEPTOR_COMPLEX",0.00143968009298603,0.0219728224027868,0.45505986738723,-0.481996222579149,-1.6872074412745,66
"787","REACTOME_SIGNALING_BY_THE_B_CELL_RECEPTOR_BCR",4.15024141034911e-06,0.000241492172064689,0.610526878385931,0.53685983072377,1.98363941502635,82
"788","REACTOME_SIGNALING_BY_TYPE_1_INSULIN_LIKE_GROWTH_FACTOR_1_RECEPTOR_IGF1R",0.058027079303675,0.222317740048236,0.261663521711573,-0.450798461133185,-1.38488119700927,34
"789","REACTOME_SIGNALING_BY_VEGF",0.157116451016636,0.380067869262368,0.150169802128406,-0.315467725427255,-1.17551626684407,95
"790","REACTOME_SIGNALING_BY_WNT",0.000934689228761131,0.0170626602348355,0.477270815362862,-0.365140851454502,-1.51669167154767,203
"791","REACTOME_SIGNALLING_TO_ERKS",0.278884462151394,0.524077770680294,0.11331290842208,-0.392378691245896,-1.13154968525941,25
"792","REACTOME_SIGNALLING_TO_RAS",0.832997987927565,0.963380281690141,0.0543434390269162,-0.310314494458771,-0.73557212189194,12
"793","REACTOME_SIGNAL_AMPLIFICATION",0.442718446601942,0.702713379255858,0.0840745577910723,-0.335382439671161,-1.01798532058658,33
"794","REACTOME_SIGNAL_TRANSDUCTION_BY_L1",0.0197740017496269,0.109958557452978,0.352487857583619,-0.572773468307204,-1.54407274949108,19
"795","REACTOME_SLBP_DEPENDENT_PROCESSING_OF_REPLICATION_DEPENDENT_HISTONE_PRE_MRNAS",0.705765407554672,0.887658284930914,0.0615706755421678,0.353034415302349,0.813554966361732,11
"796","REACTOME_SLC_MEDIATED_TRANSMEMBRANE_TRANSPORT",0.000727135020816188,0.0144034617953164,0.477270815362862,-0.3683707738844,-1.53171464874052,196
"797","REACTOME_SMAD2_SMAD3_SMAD4_HETEROTRIMER_REGULATES_TRANSCRIPTION",0.00183903631931336,0.0236601121835767,0.45505986738723,-0.668344441478975,-1.86220520123147,21
"798","REACTOME_SMOOTH_MUSCLE_CONTRACTION",0.229445506692161,0.469494788263617,0.12384217120105,-0.386340237589963,-1.16374883550595,31
"799","REACTOME_SNRNP_ASSEMBLY",0.316770186335404,0.568412938873477,0.107554375265169,0.319421986093174,1.07576342911035,46
"800","REACTOME_SODIUM_CALCIUM_EXCHANGERS",0.797216699801193,0.940695497484044,0.055826471778749,0.331299451678424,0.763467533427491,11
"801","REACTOME_SPHINGOLIPID_CATABOLISM",0.00906118359864626,0.065625271471329,0.380730400722792,-0.700051474952069,-1.65940798144861,12
"802","REACTOME_SPHINGOLIPID_DE_NOVO_BIOSYNTHESIS",0.0950495049504951,0.284306698991007,0.204294756516886,-0.475319176629484,-1.35539049412563,24
"803","REACTOME_SPHINGOLIPID_METABOLISM",0.0627376425855513,0.233634980988593,0.248911114434702,-0.358282339269141,-1.30878875293272,85
"804","REACTOME_SPRY_REGULATION_OF_FGF_SIGNALING",0.108695652173913,0.303890847369108,0.190023305279108,-0.569033581995345,-1.38986193982215,13
"805","REACTOME_STABILIZATION_OF_P53",0.162790697674419,0.38861061419201,0.151148761385484,-0.389527424037458,-1.22049303373134,36
"806","REACTOME_STIMULI_SENSING_CHANNELS",0.0831758034026465,0.265194085506383,0.213927855492356,-0.358049025128725,-1.29892403519106,78
"807","REACTOME_STRIATED_MUSCLE_CONTRACTION",0.0807453416149068,0.261678206622335,0.227987202850442,0.435256110457129,1.35237486371797,32
"808","REACTOME_SULFUR_AMINO_ACID_METABOLISM",0.144268774703557,0.358712294043093,0.163180127180689,-0.460635004005666,-1.28346530185905,21
"809","REACTOME_SUMOYLATION",0.36331569664903,0.625225348577166,0.0897104652742981,-0.257947083753183,-1.04185388231594,155
"810","REACTOME_SUMOYLATION_OF_CHROMATIN_ORGANIZATION_PROTEINS",0.997899159663866,1,0.0480220415968251,0.168621210321634,0.589886219608917,62
"811","REACTOME_SUMOYLATION_OF_DNA_DAMAGE_RESPONSE_AND_REPAIR_PROTEINS",0.913934426229508,1,0.0509082865515105,0.220399725191934,0.78717220685746,69
"812","REACTOME_SUMOYLATION_OF_DNA_REPLICATION_PROTEINS",1,1,0.0471642455670861,0.136115500064208,0.441683330405553,39
"813","REACTOME_SUMOYLATION_OF_IMMUNE_RESPONSE_PROTEINS",0.408817635270541,0.670151978390573,0.0902635484340068,-0.453050554365098,-1.05685119096199,11
"814","REACTOME_SUMOYLATION_OF_INTRACELLULAR_RECEPTORS",0.000218878741135707,0.00582217451420981,0.518848077743792,-0.660595857768446,-1.91826030799494,26
"815","REACTOME_SUMOYLATION_OF_RNA_BINDING_PROTEINS",1,1,0.047925896705813,0.155868823060358,0.515175539040635,43
"816","REACTOME_SUMOYLATION_OF_SUMOYLATION_PROTEINS",0.985386221294363,1,0.0483117581055019,0.183024458662527,0.563443513397138,31
"817","REACTOME_SUMOYLATION_OF_TRANSCRIPTION_COFACTORS",0.350674373795761,0.611381726598977,0.096887770327544,-0.340040358680057,-1.07386209678113,37
"818","REACTOME_SUMOYLATION_OF_TRANSCRIPTION_FACTORS",0.721774193548387,0.890437086092715,0.0611692626746689,0.332173320969074,0.809783827288599,13
"819","REACTOME_SUMOYLATION_OF_UBIQUITINYLATION_PROTEINS",0.848861283643892,0.972066242401554,0.0547939500773363,0.242816640730749,0.770753966636022,35
"820","REACTOME_SURFACTANT_METABOLISM",0.483495145631068,0.731925171678901,0.0793434960134973,0.366916878909043,0.983353932410436,18
"821","REACTOME_SWITCHING_OF_ORIGINS_TO_A_POST_REPLICATIVE_STATE",0.504761904761905,0.752116306483301,0.0760837160951725,-0.273693065101391,-0.974911234410612,72
"822","REACTOME_SYNAPTIC_ADHESION_LIKE_MOLECULES",0.102459016393443,0.296240199572345,0.199915231309662,-0.498376173488333,-1.343513816646,19
"823","REACTOME_SYNDECAN_INTERACTIONS",0.224899598393574,0.468505186421007,0.128788713061714,-0.478846943619246,-1.20723914260153,14
"824","REACTOME_SYNTHESIS_OF_ACTIVE_UBIQUITIN_ROLES_OF_E1_AND_E2_ENZYMES",0.966202783300199,1,0.0469758727821845,-0.203386802898463,-0.590601389006692,26
"825","REACTOME_SYNTHESIS_OF_BILE_ACIDS_AND_BILE_SALTS",0.0295942439610101,0.137075826505972,0.352487857583619,-0.490009983453817,-1.42290735057893,26
"826","REACTOME_SYNTHESIS_OF_BILE_ACIDS_AND_BILE_SALTS_VIA_7ALPHA_HYDROXYCHOLESTEROL",0.0550098231827112,0.2157223183391,0.271288554688953,-0.55540292200284,-1.44467722202506,16
"827","REACTOME_SYNTHESIS_OF_GLYCOSYLPHOSPHATIDYLINOSITOL_GPI",0.448897795591182,0.710754843019372,0.0850427463764322,-0.379597726287097,-1.00017912240806,17
"828","REACTOME_SYNTHESIS_OF_IP2_IP_AND_INS_IN_THE_CYTOSOL",0.954724409448819,1,0.0470699590082662,0.260781925343617,0.589431310905716,10
"829","REACTOME_SYNTHESIS_OF_IP3_AND_IP4_IN_THE_CYTOSOL",0.339960238568588,0.59493041749503,0.100633389423036,-0.373568098091016,-1.08477951605979,26
"830","REACTOME_SYNTHESIS_OF_LEUKOTRIENES_LT_AND_EOXINS_EX",0.227184466019417,0.468505186421007,0.12563992130984,0.446571779795659,1.19683269156568,18
"831","REACTOME_SYNTHESIS_OF_PA",0.213872832369942,0.450487798498679,0.129442887745046,-0.394623865137399,-1.19624493056071,32
"832","REACTOME_SYNTHESIS_OF_PC",0.123505976095618,0.331366177939539,0.178219874951973,-0.452169347253874,-1.30397520044847,25
"833","REACTOME_SYNTHESIS_OF_PE",0.024682191084895,0.122179408657028,0.352487857583619,-0.681917036260038,-1.5411671078274,10
"834","REACTOME_SYNTHESIS_OF_PIPS_AT_THE_EARLY_ENDOSOME_MEMBRANE",0.535070140280561,0.775935047665424,0.0756946307932749,-0.372527542364004,-0.951466186299968,15
"835","REACTOME_SYNTHESIS_OF_PIPS_AT_THE_GOLGI_MEMBRANE",0.0701402805611222,0.2416553252985,0.241339976815091,-0.555167179954165,-1.41794294219932,15
"836","REACTOME_SYNTHESIS_OF_PIPS_AT_THE_LATE_ENDOSOME_MEMBRANE",0.027710644871249,0.131625563138433,0.352487857583619,-0.676753808226869,-1.52949795044929,10
"837","REACTOME_SYNTHESIS_OF_PIPS_AT_THE_PLASMA_MEMBRANE",0.278846153846154,0.524077770680294,0.11101149245045,-0.336180089579686,-1.11237109169989,47
"838","REACTOME_SYNTHESIS_OF_VERY_LONG_CHAIN_FATTY_ACYL_COAS",0.33264887063655,0.587658631048631,0.103958471559957,-0.414582588063313,-1.10461420105305,18
"839","REACTOME_SYNTHESIS_SECRETION_AND_DEACYLATION_OF_GHRELIN",0.994059405940594,1,0.0454967810085007,0.204744574740531,0.491113152978262,12
"840","REACTOME_S_PHASE",0.635859519408503,0.840596915102621,0.0630790410571939,-0.236819589583776,-0.923406007250083,129
"841","REACTOME_TAK1_DEPENDENT_IKK_AND_NF_KAPPA_B_ACTIVATION",0.286266924564797,0.530948785503149,0.109684061970549,-0.365243692523499,-1.12205157229361,34
"842","REACTOME_TBC_RABGAPS",0.00168228522300963,0.0233340774366092,0.45505986738723,-0.576291873127123,-1.74921700668635,33
"843","REACTOME_TCF_DEPENDENT_SIGNALING_IN_RESPONSE_TO_WNT",0.00179568481118318,0.0235462332283315,0.45505986738723,-0.401059158333286,-1.56750159840134,128
"844","REACTOME_TCR_SIGNALING",0.00027951293940076,0.00681314619996619,0.49849310876659,0.447449559058579,1.68276567310093,88
"845","REACTOME_TELOMERE_C_STRAND_LAGGING_STRAND_SYNTHESIS",0.0351743950529914,0.15778532380991,0.321775918075361,0.461838780930527,1.43496930523187,32
"846","REACTOME_TELOMERE_C_STRAND_SYNTHESIS_INITIATION",0.0673267326732673,0.236088972612665,0.245041785430996,0.600387142163096,1.44012618048119,12
"847","REACTOME_TELOMERE_EXTENSION_BY_TELOMERASE",1,1,0.0454059226590179,-0.155352082331876,-0.424742550126131,20
"848","REACTOME_TELOMERE_MAINTENANCE",1,1,0.0422468188360053,-0.132508861648717,-0.482510967247381,80
"849","REACTOME_TERMINATION_OF_O_GLYCAN_BIOSYNTHESIS",0.301181102362205,0.54765548105315,0.107554375265169,0.507801811825627,1.14775702813869,10
"850","REACTOME_TERMINATION_OF_TRANSLESION_DNA_SYNTHESIS",0.392,0.657571171171171,0.0925528864684773,0.343867462546056,1.04413814930293,28
"851","REACTOME_TGFBR3_PTM_REGULATION",0.0809716599190283,0.261678206622335,0.224966093540314,-0.640891010389509,-1.44844620737401,10
"852","REACTOME_TGF_BETA_RECEPTOR_SIGNALING_ACTIVATES_SMADS",0.106796116504854,0.301294498381877,0.190023305279108,-0.423141199994861,-1.2843592245095,33
"853","REACTOME_TGF_BETA_RECEPTOR_SIGNALING_IN_EMT_EPITHELIAL_TO_MESENCHYMAL_TRANSITION",0.649298597194389,0.851827251387111,0.065981614400873,-0.366797399914614,-0.85564461892067,11
"854","REACTOME_THE_CANONICAL_RETINOID_CYCLE_IN_RODS_TWILIGHT_VISION",0.398809523809524,0.661896077401008,0.0911073131586733,0.419257609874796,1.04930395148051,14
"855","REACTOME_THE_NLRP3_INFLAMMASOME",0.633858267716535,0.839433922111087,0.0662842187012672,0.390959105400014,0.883663765051255,10
"856","REACTOME_THE_PHOTOTRANSDUCTION_CASCADE",0.0284611185750827,0.134157067487514,0.352487857583619,-0.526009591535975,-1.51691720530502,25
"857","REACTOME_THE_ROLE_OF_GTSE1_IN_G2_M_PROGRESSION_AFTER_G2_CHECKPOINT",0.204933586337761,0.443550884481436,0.131457611642763,-0.353047574725594,-1.18337557060602,49
"858","REACTOME_THROMBIN_SIGNALLING_THROUGH_PROTEINASE_ACTIVATED_RECEPTORS_PARS",0.520231213872832,0.759146175729791,0.0751181635276301,-0.316781599122423,-0.960277407229722,32
"859","REACTOME_THROMBOXANE_SIGNALLING_THROUGH_TP_RECEPTOR",0.647887323943662,0.851827251387111,0.0662842187012672,0.300101518571069,0.871181961839834,24
"860","REACTOME_TIE2_SIGNALING",0.723446893787575,0.890911452534699,0.0607719451853533,-0.312035534435656,-0.822163583656304,17
"861","REACTOME_TNFR1_INDUCED_NF_KAPPA_B_SIGNALING_PATHWAY",0.457692307692308,0.713754670789847,0.0817515582532145,-0.336925608197162,-0.999948158246914,29
"862","REACTOME_TNFR1_INDUCED_PROAPOPTOTIC_SIGNALING",0.0805500982318271,0.261678206622335,0.222056046145248,-0.494410720955484,-1.39112245449723,22
"863","REACTOME_TNFR2_NON_CANONICAL_NF_KB_PATHWAY",0.00109745100836115,0.0190381205955936,0.45505986738723,0.456427102807486,1.66107812268903,76
"864","REACTOME_TNFS_BIND_THEIR_PHYSIOLOGICAL_RECEPTORS",2.90241006905785e-05,0.00122824717013312,0.575610261071129,0.71754097300488,2.06121258009434,23
"865","REACTOME_TNF_RECEPTOR_SUPERFAMILY_TNFSF_MEMBERS_MEDIATING_NON_CANONICAL_NF_KB_PATHWAY",0.00747328403900119,0.0582199640902043,0.407017918923954,0.629730840474149,1.65437948024756,17
"866","REACTOME_TNF_SIGNALING",0.0258772373655898,0.125614044629917,0.352487857583619,-0.454984623094114,-1.53641824163286,52
"867","REACTOME_TOLL_LIKE_RECEPTOR_4_TLR4_CASCADE",0.0963636363636364,0.284306698991007,0.193813302725311,-0.326422339126288,-1.24427382054377,111
"868","REACTOME_TOLL_LIKE_RECEPTOR_9_TLR9_CASCADE",0.256410256410256,0.500456915551255,0.11331290842208,-0.297698793619189,-1.10494224997475,92
"869","REACTOME_TOLL_LIKE_RECEPTOR_CASCADES",0.275179856115108,0.521776875851661,0.107554375265169,-0.274381748497019,-1.08214692547997,137
"870","REACTOME_TP53_REGULATES_METABOLIC_GENES",0.29277566539924,0.540821715251373,0.107140237276725,-0.315118113134778,-1.09428265024591,62
"871","REACTOME_TP53_REGULATES_TRANSCRIPTION_OF_ADDITIONAL_CELL_CYCLE_GENES_WHOSE_EXACT_ROLE_IN_THE_P53_PATHWAY_REMAIN_UNCERTAIN",0.398797595190381,0.661896077401008,0.0916795246008379,-0.400618182866971,-1.05556465387664,17
"872","REACTOME_TP53_REGULATES_TRANSCRIPTION_OF_CELL_CYCLE_GENES",0.0679611650485437,0.236088972612665,0.241339976815091,-0.45199150554401,-1.37192847104569,33
"873","REACTOME_TP53_REGULATES_TRANSCRIPTION_OF_CELL_DEATH_GENES",0.739478957915832,0.898766200808929,0.0597317976364411,-0.310657022359373,-0.793443755690846,15
"874","REACTOME_TP53_REGULATES_TRANSCRIPTION_OF_DNA_REPAIR_GENES",0.113851992409867,0.312673170895535,0.181383128498408,-0.397535785361451,-1.28637524939903,42
"875","REACTOME_TP53_REGULATES_TRANSCRIPTION_OF_GENES_INVOLVED_IN_G1_CELL_CYCLE_ARREST",0.097165991902834,0.284306698991007,0.204294756516886,-0.622339915954795,-1.40651979252187,10
"876","REACTOME_TRAF6_MEDIATED_INDUCTION_OF_TAK1_COMPLEX_WITHIN_TLR4_COMPLEX",0.756916996047431,0.91637155178174,0.0579754757571486,-0.319312073064195,-0.779918288339729,13
"877","REACTOME_TRAF6_MEDIATED_NF_KB_ACTIVATION",0.805220883534137,0.944156980567105,0.055826471778749,-0.295054158072255,-0.743872198744573,14
"878","REACTOME_TRAFFICKING_AND_PROCESSING_OF_ENDOSOMAL_TLR",0.0046018063583796,0.0428428171965141,0.407017918923954,0.735443153978451,1.69480199227456,11
"879","REACTOME_TRAFFICKING_OF_AMPA_RECEPTORS",0.76,0.917717250324254,0.0583452776743612,0.269186899629345,0.817373964708669,28
"880","REACTOME_TRAFFICKING_OF_GLUR2_CONTAINING_AMPA_RECEPTORS",0.817444219066937,0.95335077938332,0.0555947097758869,0.291809599792102,0.755253254216381,16
"881","REACTOME_TRANSCRIPTIONAL_ACTIVITY_OF_SMAD2_SMAD3_SMAD4_HETEROTRIMER",0.000580152258918618,0.0124756798652686,0.477270815362862,-0.604116664425217,-1.83367351286961,33
"882","REACTOME_TRANSCRIPTIONAL_AND_POST_TRANSLATIONAL_REGULATION_OF_MITF_M_EXPRESSION_AND_ACTIVITY",0.086105675146771,0.269913749365804,0.213927855492356,-0.44977170253531,-1.3429915521265,30
"883","REACTOME_TRANSCRIPTIONAL_REGULATION_BY_E2F6",0.843873517786561,0.969933635875665,0.0529129848430583,-0.260787704843729,-0.741657406318467,23
"884","REACTOME_TRANSCRIPTIONAL_REGULATION_BY_RUNX1",0.982014388489209,1,0.0416556773979467,-0.191560806905017,-0.755505566132722,137
"885","REACTOME_TRANSCRIPTIONAL_REGULATION_BY_RUNX2",0.0214754612941178,0.114249454084707,0.352487857583619,-0.446825706299356,-1.47248603879429,46
"886","REACTOME_TRANSCRIPTIONAL_REGULATION_BY_RUNX3",0.498106060606061,0.749170827825917,0.0764767053228531,-0.28387914455559,-0.979622229083433,59
"887","REACTOME_TRANSCRIPTIONAL_REGULATION_BY_SMALL_RNAS",0.940936863543788,1,0.0492917662312669,0.217814259751723,0.671805419739435,30
"888","REACTOME_TRANSCRIPTIONAL_REGULATION_BY_THE_AP_2_TFAP2_FAMILY_OF_TRANSCRIPTION_FACTORS",0.322645290581162,0.571833869552501,0.104343952581949,-0.440698483076248,-1.12558041303433,15
"889","REACTOME_TRANSCRIPTIONAL_REGULATION_BY_TP53",0.0971039182282794,0.284306698991007,0.186432558434075,-0.274351357661159,-1.1773468475777,273
"890","REACTOME_TRANSCRIPTION_COUPLED_NUCLEOTIDE_EXCISION_REPAIR_TC_NER",0.980769230769231,1,0.044774889329693,-0.18590556926501,-0.659784173896999,70
"891","REACTOME_TRANSFERRIN_ENDOCYTOSIS_AND_RECYCLING",0.804347826086957,0.944156980567105,0.0551351763385257,-0.269132307591436,-0.787333984519002,27
"892","REACTOME_TRANSLATION",1.63223374222344e-06,0.000119692847627171,0.643551836150722,0.418794197490778,1.79247182963241,209
"893","REACTOME_TRANSLESION_SYNTHESIS_BY_POLH",0.614604462474645,0.83522886869787,0.0692836467392548,0.346580211589405,0.897008984064905,16
"894","REACTOME_TRANSLESION_SYNTHESIS_BY_POLK",0.0515873015873016,0.210648148148148,0.282013350011725,0.572060076430441,1.43173286434077,14
"895","REACTOME_TRANSLESION_SYNTHESIS_BY_Y_FAMILY_DNA_POLYMERASES_BYPASSES_LESIONS_ON_DNA_TEMPLATE",0.443064182194617,0.702713379255858,0.0875697115548511,0.316617495901155,1.00501427800733,35
"896","REACTOME_TRANSLOCATION_OF_ZAP_70_TO_IMMUNOLOGICAL_SYNAPSE",0.00363057890760389,0.0375563218108803,0.431707695803346,0.737810308556283,1.76975798940772,12
"897","REACTOME_TRANSMISSION_ACROSS_CHEMICAL_SYNAPSES",0.0309351437311488,0.142577320859899,0.352487857583619,0.303875657839689,1.27845522506199,183
"898","REACTOME_TRANSPORT_OF_BILE_SALTS_AND_ORGANIC_ACIDS_METAL_IONS_AND_AMINE_COMPOUNDS",0.00339344112989824,0.036230271173877,0.431707695803346,-0.457234927895649,-1.59108470745084,64
"899","REACTOME_TRANSPORT_OF_CONNEXONS_TO_THE_PLASMA_MEMBRANE",0.617234468937876,0.83522886869787,0.0684714904492087,-0.379619595466115,-0.885555525129232,11
"900","REACTOME_TRANSPORT_OF_INORGANIC_CATIONS_ANIONS_AND_AMINO_ACIDS_OLIGOPEPTIDES",0.0153196871730452,0.094324698645719,0.380730400722792,-0.381898111341904,-1.41450142559955,90
"901","REACTOME_TRANSPORT_OF_MATURE_MRNAS_DERIVED_FROM_INTRONLESS_TRANSCRIPTS",0.818181818181818,0.95335077938332,0.0564118388217596,0.247503960042527,0.803129498907757,39
"902","REACTOME_TRANSPORT_OF_MATURE_TRANSCRIPT_TO_CYTOPLASM",1,1,0.042845050912155,-0.127985370706289,-0.46010412885499,74
"903","REACTOME_TRANSPORT_OF_NUCLEOSIDES_AND_FREE_PURINE_AND_PYRIMIDINE_BASES_ACROSS_THE_PLASMA_MEMBRANE",1,1,0.0449543067640062,0.185561117345849,0.419413778413421,10
"904","REACTOME_TRANSPORT_OF_THE_SLBP_DEPENDANT_MATURE_MRNA",0.706004140786749,0.887658284930914,0.0635007968065945,0.275408514363711,0.855715848970436,32
"905","REACTOME_TRANSPORT_OF_VITAMINS_NUCLEOSIDES_AND_RELATED_MOLECULES",0.054368932038835,0.21448082935659,0.271288554688953,-0.457723286071836,-1.38932612741634,33
"906","REACTOME_TRANSPORT_TO_THE_GOLGI_AND_SUBSEQUENT_MODIFICATION",4.18023702187957e-07,3.89180066736988e-05,0.674962860011025,-0.477957169699909,-1.93999366586346,162
"907","REACTOME_TRANS_GOLGI_NETWORK_VESICLE_BUDDING",8.56408596084781e-06,0.000428494988781183,0.593325476396405,-0.568629683594167,-1.98309879581604,68
"908","REACTOME_TRIGLYCERIDE_METABOLISM",0.475442043222004,0.725586470267321,0.0808589150280032,-0.379147778652524,-0.98621404011609,16
"909","REACTOME_TRISTETRAPROLIN_TTP_ZFP36_BINDS_AND_DESTABILIZES_MRNA",0.858546168958743,0.97430647355212,0.0518457624865066,-0.278368388896102,-0.72407337959226,16
"910","REACTOME_TRP_CHANNELS",0.820158102766798,0.953739780919012,0.0542315935495841,-0.269953907654351,-0.767725284811391,23
"911","REACTOME_TURBULENT_OSCILLATORY_DISTURBED_FLOW_SHEAR_STRESS_ACTIVATES_SIGNALING_BY_PIEZO1_AND_INTEGRINS_IN_ENDOTHELIAL_CELLS",0.197628458498024,0.43893601066863,0.137250779610133,-0.413968386986472,-1.21104516402302,27
"912","REACTOME_UBIQUINOL_BIOSYNTHESIS",0.889328063241107,0.992516700702641,0.0504983044100709,-0.27525780144234,-0.672315929970828,13
"913","REACTOME_UBIQUITIN_MEDIATED_DEGRADATION_OF_PHOSPHORYLATED_CDC25A",0.0679611650485437,0.236088972612665,0.241339976815091,-0.449359582404712,-1.36393980257711,33
"914","REACTOME_UB_SPECIFIC_PROCESSING_PROTEASES",0.0202789403166939,0.111057020204953,0.352487857583619,-0.343813572544293,-1.36712403159923,143
"915","REACTOME_UCH_PROTEINASES",0.998073217726397,1,0.0440640346597561,-0.162877663124664,-0.570146387809518,66
"916","REACTOME_UNBLOCKING_OF_NMDA_RECEPTORS_GLUTAMATE_BINDING_AND_ACTIVATION",0.216699801192843,0.454386294843551,0.130777137971974,-0.439161420498036,-1.20069547095525,20
"917","REACTOME_UNFOLDED_PROTEIN_RESPONSE_UPR",0.0118284174957132,0.0809534636735134,0.380730400722792,-0.713177331728583,-1.61181696198168,10
"918","REACTOME_VASOPRESSIN_REGULATES_RENAL_WATER_HOMEOSTASIS_VIA_AQUAPORINS",0.456175298804781,0.713754670789847,0.0838361057159929,-0.341975606011044,-1.0027062731803,28
"919","REACTOME_VEGFR2_MEDIATED_CELL_PROLIFERATION",0.558704453441296,0.794716149856966,0.0739901439101341,-0.414717359856127,-0.937282279323424,10
"920","REACTOME_VEGFR2_MEDIATED_VASCULAR_PERMEABILITY",0.0395179922606183,0.17272887697012,0.321775918075361,-0.503451540733111,-1.47282394716941,27
"921","REACTOME_VISUAL_PHOTOTRANSDUCTION",0.0505836575875486,0.209303934284479,0.282013350011725,-0.393529818687444,-1.38524646970937,69
"922","REACTOME_VITAMIN_B5_PANTOTHENATE_METABOLISM",0.0163400121351407,0.0987828006351687,0.352487857583619,-0.644059752547218,-1.64498193238722,15
"923","REACTOME_VLDLR_INTERNALISATION_AND_DEGRADATION",0.0948616600790514,0.284306698991007,0.204294756516886,-0.577504457252717,-1.41055201416877,13
"924","REACTOME_VOLTAGE_GATED_POTASSIUM_CHANNELS",5.03269422450007e-05,0.00187417532920383,0.557332238758646,0.620930412109535,1.98128081803899,36
"925","REACTOME_VXPX_CARGO_TARGETING_TO_CILIUM",0.0881763527054108,0.271828425062045,0.213927855492356,-0.526736755104306,-1.3878668626741,17
"926","REACTOME_WNT5A_DEPENDENT_INTERNALIZATION_OF_FZD2_FZD5_AND_ROR2",0.0182118580104419,0.104914219975071,0.352487857583619,-0.669159682656423,-1.58618181375836,12
"927","REACTOME_WNT5A_DEPENDENT_INTERNALIZATION_OF_FZD4",0.71285140562249,0.889389965016585,0.0615706755421678,-0.324145747024557,-0.817216104081514,14
"928","REACTOME_WNT_LIGAND_BIOGENESIS_AND_TRAFFICKING",0.569744597249509,0.803239019288868,0.0714786287425507,-0.357212394183068,-0.9291571737512,16
"929","REACTOME_XENOBIOTICS",0.0114115590588975,0.078858517128701,0.380730400722792,-0.639851455542183,-1.68590595506276,17
"930","REACTOME_ZBP1_DAI_MEDIATED_INDUCTION_OF_TYPE_I_IFNS",0.945564516129032,1,0.0486034247259069,0.25082118412676,0.611460721332694,13
"931","REACTOME_ZINC_TRANSPORTERS",0.226720647773279,0.468505186421007,0.128788713061714,-0.533621172037498,-1.20601092897595,10
