"","pathway","pval","padj","log2err","ES","NES","size"
"1","REACTOME_ABC_FAMILY_PROTEINS_MEDIATED_TRANSPORT",0.203266787658802,0.439075126010081,0.128788713061714,-0.317580870810521,-1.15384933442238,78
"2","REACTOME_ABC_TRANSPORTERS_IN_LIPID_HOMEOSTASIS",0.609756097560976,0.823253375346925,0.0697792517076235,-0.344932220041989,-0.883850196100874,16
"3","REACTOME_ACETYLCHOLINE_NEUROTRANSMITTER_RELEASE_CYCLE",0.180392156862745,0.411938710575508,0.143758989039275,0.486647079851483,1.25716858161851,16
"4","REACTOME_ACTIVATED_TAK1_MEDIATES_P38_MAPK_ACTIVATION",0.804828973843058,0.94847566411125,0.0559428593065705,0.282880262899318,0.78183109713443,20
"5","REACTOME_ACTIVATION_OF_APC_C_AND_APC_C_CDC20_MEDIATED_DEGRADATION_OF_MITOTIC_PROTEINS",0.998168498168498,1,0.0417397034728504,-0.174914844767556,-0.605358408015627,58
"6","REACTOME_ACTIVATION_OF_ATR_IN_RESPONSE_TO_REPLICATION_STRESS",0.634042553191489,0.838485251450677,0.070113215764256,0.28534088169499,0.904643774851759,35
"7","REACTOME_ACTIVATION_OF_BAD_AND_TRANSLOCATION_TO_MITOCHONDRIA",0.769076305220884,0.929896732690029,0.0579754757571486,0.345337468132586,0.772688023695936,10
"8","REACTOME_ACTIVATION_OF_BH3_ONLY_PROTEINS",0.615853658536585,0.824084051724138,0.0692836467392548,-0.343828937300348,-0.881023157596221,16
"9","REACTOME_ACTIVATION_OF_G_PROTEIN_GATED_POTASSIUM_CHANNELS",0.774793388429752,0.93436871065816,0.0589694466690997,0.2757298444111,0.819913908272256,27
"10","REACTOME_ACTIVATION_OF_IRF3_IRF7_MEDIATED_BY_TBK1_IKK_IKBKE",0.224696356275304,0.462814840027229,0.129442887745046,-0.46912678075201,-1.18161260001017,15
"11","REACTOME_ACTIVATION_OF_KAINATE_RECEPTORS_UPON_GLUTAMATE_BINDING",0.387404580152672,0.641768085626579,0.0905428948469474,-0.338733941793178,-1.04012560271451,32
"12","REACTOME_ACTIVATION_OF_MATRIX_METALLOPROTEINASES",0.878787878787879,0.988105694627434,0.0520570030732099,0.255599112339641,0.719768765475422,22
"13","REACTOME_ACTIVATION_OF_NF_KAPPAB_IN_B_CELLS",0.521551724137931,0.756993604925047,0.0808589150280032,0.284434023365415,0.95949313812665,45
"14","REACTOME_ACTIVATION_OF_NMDA_RECEPTORS_AND_POSTSYNAPTIC_EVENTS",0.399585921325052,0.652189141856392,0.0934449219410994,0.325204304136852,1.01424605219996,33
"15","REACTOME_ACTIVATION_OF_SMO",0.896551724137931,1,0.0513223330421143,-0.28954995330011,-0.701708670833309,13
"16","REACTOME_ACTIVATION_OF_THE_AP_1_FAMILY_OF_TRANSCRIPTION_FACTORS",0.371031746031746,0.62577999194847,0.0952879846194844,-0.477065629180914,-1.07170010294761,10
"17","REACTOME_ACTIVATION_OF_THE_MRNA_UPON_BINDING_OF_THE_CAP_BINDING_COMPLEX_AND_EIFS_AND_SUBSEQUENT_BINDING_TO_43S",0.00504665912455019,0.0491321655006552,0.407017918923954,0.461891115836636,1.60927773928846,56
"18","REACTOME_ACTIVATION_OF_THE_PRE_REPLICATIVE_COMPLEX",0.401673640167364,0.652632040132314,0.0937465422491719,0.329064648808788,1.01599760028396,32
"19","REACTOME_ACYL_CHAIN_REMODELLING_OF_PC",0.25626204238921,0.497041586384072,0.116739204791222,-0.408011472810719,-1.1592353811048,23
"20","REACTOME_ACYL_CHAIN_REMODELLING_OF_PE",0.611439842209073,0.823253375346925,0.0681513438679483,-0.32675924956294,-0.909430729618916,22
"21","REACTOME_ACYL_CHAIN_REMODELLING_OF_PG",0.662721893491124,0.865349344796966,0.0642140881844605,0.348209637374674,0.85600964179839,14
"22","REACTOME_ACYL_CHAIN_REMODELLING_OF_PI",0.948919449901768,1,0.0472587336673259,0.255044936565254,0.618973653795772,13
"23","REACTOME_ACYL_CHAIN_REMODELLING_OF_PS",0.402777777777778,0.653285907859079,0.0905428948469474,-0.396037494869949,-1.05443157040959,18
"24","REACTOME_ADENYLATE_CYCLASE_ACTIVATING_PATHWAY",0.325301204819277,0.575755364180412,0.103958471559957,0.501793069886096,1.12275536613868,10
"25","REACTOME_ADENYLATE_CYCLASE_INHIBITORY_PATHWAY",0.510848126232742,0.744730672344684,0.077274697304471,0.387403795214825,0.95236130301688,14
"26","REACTOME_ADHERENS_JUNCTIONS_INTERACTIONS",0.0320551562464054,0.152609044889115,0.321775918075361,-0.468766893079784,-1.47826853028994,36
"27","REACTOME_ADP_SIGNALLING_THROUGH_P2Y_PURINOCEPTOR_1",0.638095238095238,0.841454202077431,0.0643583367917361,-0.310350454119383,-0.89522889045893,25
"28","REACTOME_ADP_SIGNALLING_THROUGH_P2Y_PURINOCEPTOR_12",0.544378698224852,0.776135632538036,0.0739901439101341,-0.342199420259019,-0.952403547436186,22
"29","REACTOME_ADRENALINE_NORADRENALINE_INHIBITS_INSULIN_SECRETION",0.745664739884393,0.913439306358382,0.0574877409561325,-0.292945147483182,-0.832310859658129,23
"30","REACTOME_AEROBIC_RESPIRATION_AND_RESPIRATORY_ELECTRON_TRANSPORT",1,1,0.037536290520292,-0.114049091762952,-0.472477801777275,213
"31","REACTOME_AFLATOXIN_ACTIVATION_AND_DETOXIFICATION",0.0108802975732746,0.0739383725599905,0.380730400722792,-0.62746544102695,-1.63702561346138,17
"32","REACTOME_AGGREPHAGY",0.571428571428571,0.793235911565004,0.0697792517076235,-0.324182328017226,-0.935127956041642,25
"33","REACTOME_AKT_PHOSPHORYLATES_TARGETS_IN_THE_CYTOSOL",0.385068762278978,0.639035682142119,0.0925528864684773,-0.451352038874005,-1.0546838522625,11
"34","REACTOME_AKT_PHOSPHORYLATES_TARGETS_IN_THE_NUCLEUS",0.325301204819277,0.575755364180412,0.103958471559957,0.501943697909691,1.12309239435196,10
"35","REACTOME_ALPHA_LINOLENIC_OMEGA3_AND_LINOLEIC_OMEGA6_ACID_METABOLISM",0.235772357723577,0.47718275008837,0.126253987849115,-0.499135525478752,-1.18259163580848,12
"36","REACTOME_AMINE_LIGAND_BINDING_RECEPTORS",0.196687370600414,0.428195599381853,0.141225119642531,0.424652922408962,1.21086884604646,23
"37","REACTOME_AMINO_ACIDS_REGULATE_MTORC1",0.960088691796009,1,0.0522693317499306,0.205648292328712,0.699318569204667,51
"38","REACTOME_AMINO_ACID_TRANSPORT_ACROSS_THE_PLASMA_MEMBRANE",0.117760617760618,0.322456279809221,0.179782316298324,-0.434793842142324,-1.30346764300949,29
"39","REACTOME_AMPLIFICATION_OF_SIGNAL_FROM_THE_KINETOCHORES",0.732620320855615,0.907241462191197,0.0546808488785442,-0.234417398578233,-0.87733774991537,91
"40","REACTOME_ANCHORING_OF_THE_BASAL_BODY_TO_THE_PLASMA_MEMBRANE",0.841637010676157,0.970959178363695,0.0482149710025564,-0.221353946160074,-0.826577421327388,90
"41","REACTOME_ANTIGEN_ACTIVATES_B_CELL_RECEPTOR_BCR_LEADING_TO_GENERATION_OF_SECOND_MESSENGERS",8.72354245192092e-09,4.06080901136919e-06,0.747739663149885,0.830098814412561,2.36697015485101,23
"42","REACTOME_ANTIGEN_PRESENTATION_FOLDING_ASSEMBLY_AND_PEPTIDE_LOADING_OF_CLASS_I_MHC",0.224137931034483,0.462688278920407,0.12563992130984,-0.401711892468537,-1.16874133158836,26
"43","REACTOME_ANTIGEN_PROCESSING_CROSS_PRESENTATION",0.338394793926247,0.590545359006118,0.106323255932708,0.297360664703872,1.06243601694515,63
"44","REACTOME_ANTIGEN_PROCESSING_UBIQUITINATION_PROTEASOME_DEGRADATION",0.0407830342577488,0.185894992720034,0.287857117255149,-0.295639896155286,-1.24988270285954,259
"45","REACTOME_ANTIGEN_PROCESSING_UB_ATP_INDEPENDENT_PROTEASOMAL_DEGRADATION",0.752016129032258,0.916416592176393,0.059221919380382,-0.309242904334929,-0.806799103308259,17
"46","REACTOME_ANTIMICROBIAL_PEPTIDES",0.0548136636705429,0.216899641577061,0.321775918075361,0.496878546482119,1.46455506609396,26
"47","REACTOME_ANTIVIRAL_MECHANISM_BY_IFN_STIMULATED_GENES",0.107719928186715,0.307507445942175,0.181383128498408,-0.342225076103005,-1.25179637044825,79
"48","REACTOME_APC_CDC20_MEDIATED_DEGRADATION_OF_NEK2A",0.666666666666667,0.869281045751634,0.0662842187012672,0.304110829639558,0.867151289733156,23
"49","REACTOME_APC_C_CDC20_MEDIATED_DEGRADATION_OF_CYCLIN_B",0.847389558232932,0.971772497897393,0.053457214108991,0.27199941709755,0.759949874183337,21
"50","REACTOME_APC_C_CDH1_MEDIATED_DEGRADATION_OF_CDC20_AND_OTHER_APC_C_CDH1_TARGETED_PROTEINS_IN_LATE_MITOSIS_EARLY_G1",0.769087523277467,0.929896732690029,0.0544555953940371,-0.245654795176173,-0.841336516597626,54
"51","REACTOME_APC_C_MEDIATED_DEGRADATION_OF_CELL_CYCLE_PROTEINS",0.283882783882784,0.524394586894587,0.106729884364606,-0.314970055952103,-1.11569223817493,67
"52","REACTOME_APOPTOSIS",0.00220923390279252,0.0281752981301347,0.431707695803346,-0.429528858774587,-1.60981729571661,92
"53","REACTOME_APOPTOSIS_INDUCED_DNA_FRAGMENTATION",0.475442043222004,0.716493014444707,0.0808589150280032,-0.417398106923306,-0.975342981578586,11
"54","REACTOME_APOPTOTIC_CLEAVAGE_OF_CELLULAR_PROTEINS",0.111538461538462,0.31099371504924,0.184706471207739,-0.428342923251727,-1.30649956369296,31
"55","REACTOME_APOPTOTIC_EXECUTION_PHASE",0.0816326530612245,0.269503546099291,0.213927855492356,-0.418163796426025,-1.36120793879962,42
"56","REACTOME_APOPTOTIC_FACTOR_MEDIATED_RESPONSE",0.152439024390244,0.375451671183378,0.160801401070022,-0.509896215918382,-1.30655196657388,16
"57","REACTOME_AQUAPORIN_MEDIATED_TRANSPORT",0.370229007633588,0.625559357725717,0.0931454575337804,-0.343443304772223,-1.05458630004248,32
"58","REACTOME_ARACHIDONATE_METABOLISM",0.701943844492441,0.891554869334873,0.0658311958368866,0.264177997938689,0.869129694362592,42
"59","REACTOME_ASPARAGINE_N_LINKED_GLYCOSYLATION",1.09274838043678e-07,2.03469748437328e-05,0.704975715167238,-0.438098138639018,-1.84691913452818,242
"60","REACTOME_ASPIRIN_ADME",0.703933747412008,0.892864194605694,0.0636424081651019,0.290214457289709,0.870414227257788,28
"61","REACTOME_ASSEMBLY_OF_ACTIVE_LPL_AND_LIPC_LIPASE_COMPLEXES",0.537698412698413,0.772526577503429,0.0749278818393739,-0.42114272144224,-0.946072553372166,10
"62","REACTOME_ASSEMBLY_OF_COLLAGEN_FIBRILS_AND_OTHER_MULTIMERIC_STRUCTURES",0.931034482758621,1,0.0523759084097997,0.218341063269332,0.736539002962591,45
"63","REACTOME_ASYMMETRIC_LOCALIZATION_OF_PCP_PROTEINS",0.746741154562384,0.913555867145308,0.055826471778749,-0.260070139752521,-0.84648446036327,43
"64","REACTOME_ATORVASTATIN_ADME",0.0805500982318271,0.268789037468928,0.222056046145248,-0.621207404221659,-1.45158847575601,11
"65","REACTOME_ATP_DEPENDENT_CHROMATIN_REMODELERS",0.777777777777778,0.936754348138566,0.0568864160475701,-0.284808971026744,-0.808688597167806,24
"66","REACTOME_AUF1_HNRNP_D0_BINDS_AND_DESTABILIZES_MRNA",0.25187969924812,0.493684210526316,0.116234148779716,-0.366247545709895,-1.15036764635714,35
"67","REACTOME_AURKA_ACTIVATION_BY_TPX2",0.635687732342007,0.83946848058214,0.0633597010643758,-0.259032261039523,-0.910353486713635,66
"68","REACTOME_AZATHIOPRINE_ADME",0.680080482897384,0.876344705701552,0.0639271933359996,0.315427929335565,0.858651447384387,19
"69","REACTOME_A_TETRASACCHARIDE_LINKER_SEQUENCE_IS_REQUIRED_FOR_GAG_SYNTHESIS",0.840236686390533,0.970546346190553,0.0530212512043078,-0.267902258285934,-0.745620962667204,22
"70","REACTOME_BASE_EXCISION_REPAIR",0.616071428571429,0.824084051724138,0.0739901439101341,0.249614394216595,0.919274529678815,74
"71","REACTOME_BASE_EXCISION_REPAIR_AP_SITE_FORMATION",1,1,0.0490939668192139,0.162310273165826,0.547456664637907,46
"72","REACTOME_BASIGIN_INTERACTIONS",0.717171717171717,0.901061901061901,0.0615706755421678,0.299096890283962,0.842258791537429,22
"73","REACTOME_BBSOME_MEDIATED_CARGO_TARGETING_TO_CILIUM",0.294695481335953,0.536910945447695,0.108820126769161,0.469443139472771,1.13930093732512,13
"74","REACTOME_BETA_CATENIN_INDEPENDENT_WNT_SIGNALING",0.23725834797891,0.479148637675413,0.115734447701689,-0.288102057824863,-1.10566652848777,106
"75","REACTOME_BETA_CATENIN_PHOSPHORYLATION_CASCADE",0.0005794597114314,0.0125459765428519,0.477270815362862,-0.73632683807848,-1.8867550852477,16
"76","REACTOME_BETA_OXIDATION_OF_VERY_LONG_CHAIN_FATTY_ACIDS",0.026012262312243,0.131616392460317,0.352487857583619,-0.663138597680119,-1.54956998206993,11
"77","REACTOME_BILE_ACID_AND_BILE_SALT_METABOLISM",0.142585551330798,0.36239960581424,0.160801401070022,-0.4043106844036,-1.2582399279892,34
"78","REACTOME_BINDING_AND_UPTAKE_OF_LIGANDS_BY_SCAVENGER_RECEPTORS",0.122489959839357,0.328640209251994,0.179782316298324,0.446179173252714,1.29173582842842,24
"79","REACTOME_BIOLOGICAL_OXIDATIONS",0.253859348198971,0.495690659212672,0.109684061970549,-0.269745069633863,-1.08589466187164,153
"80","REACTOME_BIOSYNTHESIS_OF_MARESINS",0.694444444444444,0.886869379667733,0.062249042949858,-0.366356580467448,-0.822998684010428,10
"81","REACTOME_BIOSYNTHESIS_OF_SPECIALIZED_PRORESOLVING_MEDIATORS_SPMS",0.498993963782696,0.735068639686219,0.0795564677235957,0.356283721706752,0.969868248405945,19
"82","REACTOME_BIOSYNTHESIS_OF_THE_N_GLYCAN_PRECURSOR_DOLICHOL_LIPID_LINKED_OLIGOSACCHARIDE_LLO_AND_TRANSFER_TO_A_NASCENT_PROTEIN",0.459312839059675,0.705643982119731,0.0782955249944794,-0.278655552937124,-0.997171720683614,71
"83","REACTOME_BIOTIN_TRANSPORT_AND_METABOLISM",0.148809523809524,0.370432263814617,0.160801401070022,-0.58271791776562,-1.30904180527751,10
"84","REACTOME_BLOOD_GROUP_SYSTEMS_BIOSYNTHESIS",0.612966601178782,0.823480383401798,0.0678338263479455,0.368484653580429,0.89428277018937,13
"85","REACTOME_BRANCHED_CHAIN_AMINO_ACID_CATABOLISM",0.0845070422535211,0.272277766442223,0.219250346703755,0.50393190435766,1.39277880198103,20
"86","REACTOME_BUTYRATE_RESPONSE_FACTOR_1_BRF1_BINDS_AND_DESTABILIZES_MRNA",1,1,0.044774889329693,0.143319401375219,0.37024089120248,16
"87","REACTOME_CA2_PATHWAY",0.317843866171004,0.566882450967825,0.100633389423036,-0.327947229025533,-1.08648811395481,46
"88","REACTOME_CALCINEURIN_ACTIVATES_NFAT",0.446428571428571,0.697357382550336,0.0847985102819124,-0.449614232248683,-1.01003214131131,10
"89","REACTOME_CARBOXYTERMINAL_POST_TRANSLATIONAL_MODIFICATIONS_OF_TUBULIN",0.223762376237624,0.462688278920407,0.128142916898415,-0.443129969214426,-1.19924957851879,19
"90","REACTOME_CARDIAC_CONDUCTION",0.002287310815173,0.0282742846561749,0.431707695803346,0.432082043140338,1.62223039410333,83
"91","REACTOME_CARGO_CONCENTRATION_IN_THE_ER",0.0616570327552987,0.230393700787402,0.252961123069611,-0.478616587696992,-1.42528370320253,28
"92","REACTOME_CARGO_RECOGNITION_FOR_CLATHRIN_MEDIATED_ENDOCYTOSIS",0.0420755094897037,0.187730727470141,0.321775918075361,-0.369027371826484,-1.38113316681731,91
"93","REACTOME_CARGO_TRAFFICKING_TO_THE_PERICILIARY_MEMBRANE",0.624528301886792,0.829437730465911,0.0649407684612899,-0.282630031598519,-0.891281119880261,36
"94","REACTOME_CARNITINE_SHUTTLE",0.0436096211308596,0.192419702714836,0.321775918075361,-0.633326510046076,-1.53483258588998,13
"95","REACTOME_CASPASE_ACTIVATION_VIA_DEATH_RECEPTORS_IN_THE_PRESENCE_OF_LIGAND",0.0526515582097491,0.216899641577061,0.321775918075361,-0.592691873440975,-1.49284205105251,15
"96","REACTOME_CASPASE_ACTIVATION_VIA_EXTRINSIC_APOPTOTIC_SIGNALLING_PATHWAY",0.0793650793650794,0.267713365539452,0.224966093540314,-0.528409597303173,-1.40686618999761,18
"97","REACTOME_CASPASE_MEDIATED_CLEAVAGE_OF_CYTOSKELETAL_PROTEINS",0.253968253968254,0.495690659212672,0.119348440591015,-0.528994735003304,-1.18835580952489,10
"98","REACTOME_CA_DEPENDENT_EVENTS",0.229166666666667,0.467855409995148,0.130105630751129,0.396708469709178,1.16930264586472,26
"99","REACTOME_CD209_DC_SIGN_SIGNALING",0.640243902439024,0.842201946877116,0.0673623868166279,-0.33973854616928,-0.870541988272916,16
"100","REACTOME_CD28_DEPENDENT_PI3K_AKT_SIGNALING",0.009304562496957,0.0669860924231179,0.380730400722792,0.56738213493111,1.68717501266067,27
"101","REACTOME_CD28_DEPENDENT_VAV1_PATHWAY",0.213725490196078,0.45119825708061,0.130777137971974,0.513259273543455,1.21446094334021,12
"102","REACTOME_CDC42_GTPASE_CYCLE",0.351351351351351,0.603520494664406,0.106323255932708,0.275642455216137,1.04702705041011,89
"103","REACTOME_CDK_MEDIATED_PHOSPHORYLATION_AND_REMOVAL_OF_CDC6",0.620111731843575,0.826686274509804,0.0646484568421928,-0.266257705497752,-0.911898871341403,54
"104","REACTOME_CELLULAR_HEXOSE_TRANSPORT",0.196850393700787,0.428195599381853,0.137250779610133,0.496597646751149,1.2488816209282,15
"105","REACTOME_CELLULAR_RESPONSES_TO_MECHANICAL_STIMULI",0.0557620817843866,0.216899641577061,0.261663521711573,-0.386008179953531,-1.35660280735096,66
"106","REACTOME_CELLULAR_RESPONSE_TO_CHEMICAL_STRESS",0.938879456706282,1,0.0410713282497468,-0.19699955442364,-0.7758925449853,123
"107","REACTOME_CELLULAR_RESPONSE_TO_HEAT_STRESS",0.611913357400722,0.823253375346925,0.0637845390312975,-0.255181380427868,-0.922820053804892,74
"108","REACTOME_CELLULAR_RESPONSE_TO_HYPOXIA",0.0210427958832797,0.115922147735701,0.352487857583619,-0.44447212697752,-1.51236180548131,51
"109","REACTOME_CELLULAR_SENESCENCE",0.0797962648556876,0.268196110399441,0.206587922696891,-0.318048024103067,-1.25444296431877,124
"110","REACTOME_CELL_CELL_COMMUNICATION",0.105633802816901,0.305496308449549,0.181383128498408,-0.341738962470592,-1.25820886244915,82
"111","REACTOME_CELL_CELL_JUNCTION_ORGANIZATION",0.00989255119318083,0.0689226065499814,0.380730400722792,-0.485023950567808,-1.58313042576032,44
"112","REACTOME_CELL_CYCLE_CHECKPOINTS",0.936482084690554,1,0.0392758570896778,-0.195454715884698,-0.824409090594354,251
"113","REACTOME_CELL_DEATH_SIGNALLING_VIA_NRAGE_NRIF_AND_NADE",0.141263940520446,0.360319804450782,0.159646701919906,-0.352449407817018,-1.22618819527865,61
"114","REACTOME_CELL_EXTRACELLULAR_MATRIX_INTERACTIONS",0.302371541501976,0.546617291530757,0.107554375265169,0.424089239612605,1.11526776280796,17
"115","REACTOME_CELL_JUNCTION_ORGANIZATION",0.0101565892918456,0.0700428491163571,0.380730400722792,-0.432141436837891,-1.5307386774161,67
"116","REACTOME_CELL_SURFACE_INTERACTIONS_AT_THE_VASCULAR_WALL",0.0190120231356238,0.109920546193045,0.352487857583619,0.364775847990452,1.41229618939827,101
"117","REACTOME_CHAPERONIN_MEDIATED_PROTEIN_FOLDING",0.810964083175803,0.951309348414999,0.0526973085708419,-0.249240498151455,-0.793790205821906,38
"118","REACTOME_CHEMOKINE_RECEPTORS_BIND_CHEMOKINES",0.00011248711488792,0.00387858403762942,0.538434096309916,0.592601052433499,1.93385266194441,41
"119","REACTOME_CHK1_CHK2_CDS1_MEDIATED_INACTIVATION_OF_CYCLIN_B_CDK1_COMPLEX",0.319105691056911,0.568044738764787,0.105920292736253,-0.465849166828356,-1.10372694412235,12
"120","REACTOME_CHOLESTEROL_BIOSYNTHESIS",0.000248569814184257,0.00661195705730125,0.49849310876659,-0.671294640583666,-1.93639915226149,25
"121","REACTOME_CHONDROITIN_SULFATE_BIOSYNTHESIS",0.00479409544505957,0.0483141007091579,0.407017918923954,0.657377944005663,1.7287692316839,17
"122","REACTOME_CHONDROITIN_SULFATE_DERMATAN_SULFATE_METABOLISM",0.0969827586206897,0.290324592526888,0.211400189384923,0.394199152951107,1.31757675588036,44
"123","REACTOME_CHROMATIN_ORGANIZATION",0.186206896551724,0.41763535652988,0.131457611642763,-0.276124868699926,-1.12422264884528,180
"124","REACTOME_CHROMOSOME_MAINTENANCE",1,1,0.03975964750879,-0.111227403232885,-0.426864069398535,106
"125","REACTOME_CITRIC_ACID_CYCLE_TCA_CYCLE",0.886319845857418,0.992976867019562,0.0494904866135495,-0.239062229969757,-0.737196521341024,33
"126","REACTOME_CLASS_A_1_RHODOPSIN_LIKE_RECEPTORS",8.96401180364136e-07,6.49649219194059e-05,0.659444398037935,0.419219350899003,1.79543825826248,209
"127","REACTOME_CLASS_B_2_SECRETIN_FAMILY_RECEPTORS",0.540948275862069,0.773614200964034,0.0789209638180035,0.278875027357404,0.940618171296594,46
"128","REACTOME_CLASS_I_MHC_MEDIATED_ANTIGEN_PROCESSING_PRESENTATION",0.0513643659711075,0.214440469592382,0.252961123069611,-0.281032084417871,-1.21077619509452,304
"129","REACTOME_CLASS_I_PEROXISOMAL_MEMBRANE_PROTEIN_IMPORT",0.0831683168316832,0.270325203252033,0.219250346703755,-0.519460605221235,-1.40582437467062,19
"130","REACTOME_CLATHRIN_MEDIATED_ENDOCYTOSIS",0.0124896772525618,0.0815458224135797,0.380730400722792,-0.365147707394088,-1.44633534153439,126
"131","REACTOME_CLEC7A_DECTIN_1_SIGNALING",0.126353790613718,0.333244699890572,0.166933848713193,-0.344007822962398,-1.24404577310138,74
"132","REACTOME_COBALAMIN_CBL_VITAMIN_B12_TRANSPORT_AND_METABOLISM",0.56969696969697,0.793235911565004,0.0728938564822936,-0.370069506457378,-0.910610091500541,14
"133","REACTOME_COHESIN_LOADING_ONTO_CHROMATIN",0.601190476190476,0.818287037037037,0.0692836467392548,-0.394034416518296,-0.885175327915774,10
"134","REACTOME_COLLAGEN_BIOSYNTHESIS_AND_MODIFYING_ENZYMES",0.349785407725322,0.603055952948657,0.103576326612592,0.303649050073367,1.0579455635427,56
"135","REACTOME_COLLAGEN_CHAIN_TRIMERIZATION",0.14968814968815,0.37162577962578,0.16440575583821,0.378336957920292,1.22132064235749,37
"136","REACTOME_COLLAGEN_DEGRADATION",1,1,0.0422468188360053,-0.1135447410347,-0.369611152917498,42
"137","REACTOME_COLLAGEN_FORMATION",0.480176211453745,0.718720342224174,0.0865399737444125,0.27296203420508,0.994188639700202,70
"138","REACTOME_COMMON_PATHWAY_OF_FIBRIN_CLOT_FORMATION",0.334645669291339,0.588951073932394,0.100990587455923,0.440629873114745,1.10812959699886,15
"139","REACTOME_COMPLEMENT_CASCADE",0.00230810486989183,0.0282742846561749,0.431707695803346,0.559380172748427,1.74459293641535,33
"140","REACTOME_COMPLEX_III_ASSEMBLY",0.982352941176471,1,0.0455878202571231,0.212962348707736,0.550151403240224,16
"141","REACTOME_COMPLEX_IV_ASSEMBLY",0.997920997920998,1,0.0475434194201301,0.165548371710513,0.534411559447269,37
"142","REACTOME_COMPLEX_I_BIOGENESIS",0.0559139784946237,0.216899641577061,0.282013350011725,0.391037784008775,1.36310497575444,57
"143","REACTOME_CONDENSATION_OF_PROPHASE_CHROMOSOMES",0.115241635687732,0.316882232811436,0.178219874951973,-0.391975259481221,-1.27941714775849,44
"144","REACTOME_CONVERSION_FROM_APC_C_CDC20_TO_APC_C_CDH1_IN_LATE_ANAPHASE",0.922772277227723,1,0.0488970772260102,-0.242251865770659,-0.661635026468445,20
"145","REACTOME_COPII_MEDIATED_VESICLE_TRANSPORT",0.00128218362226085,0.0216344944362792,0.45505986738723,-0.483276814014502,-1.70313496951592,65
"146","REACTOME_COPI_DEPENDENT_GOLGI_TO_ER_RETROGRADE_TRAFFIC",0.000983454424754679,0.0179528641067962,0.45505986738723,-0.450476079708366,-1.66896198352549,87
"147","REACTOME_COPI_INDEPENDENT_GOLGI_TO_ER_RETROGRADE_TRAFFIC",0.0022821994261875,0.0282742846561749,0.431707695803346,-0.529876968803038,-1.72646940615521,41
"148","REACTOME_COPI_MEDIATED_ANTEROGRADE_TRANSPORT",1.97471994369535e-05,0.000875459175038272,0.575610261071129,-0.519137376900307,-1.91811370360368,84
"149","REACTOME_CO_INHIBITION_BY_CTLA4",0.550495049504951,0.782312003865959,0.0736212741014394,-0.340527731935793,-0.930044745850896,20
"150","REACTOME_CO_INHIBITION_BY_PD_1",0.000125097602958496,0.00388219561181199,0.518848077743792,0.762834750530493,1.97065167148728,16
"151","REACTOME_CO_STIMULATION_BY_CD28",0.0881720430107527,0.277457563709918,0.222056046145248,0.387309871440013,1.31003735507468,47
"152","REACTOME_CO_STIMULATION_BY_ICOS",0.00807782025629026,0.0626704221550519,0.380730400722792,0.714572001365338,1.64148520402412,11
"153","REACTOME_CRMPS_IN_SEMA3A_SIGNALING",0.338582677165354,0.590545359006118,0.10027910675413,0.438875054701503,1.10371644587198,15
"154","REACTOME_CROSSLINKING_OF_COLLAGEN_FIBRILS",0.727822580645161,0.907098825409163,0.0607719451853533,-0.313103405009157,-0.816870954395632,17
"155","REACTOME_CROSS_PRESENTATION_OF_SOLUBLE_EXOGENOUS_ANTIGENS_ENDOSOMES",0.135849056603774,0.354273029966704,0.16440575583821,-0.399317888592547,-1.25925929711021,36
"156","REACTOME_CS_DS_DEGRADATION",0.990176817288802,1,0.0453152441270267,0.20078699037869,0.487293959813847,13
"157","REACTOME_CYCLIN_A_B1_B2_ASSOCIATED_EVENTS_DURING_G2_M_TRANSITION",0.378846153846154,0.631018122423582,0.0922597260527354,-0.345034004580567,-1.05239692772706,31
"158","REACTOME_CYCLIN_A_CDK2_ASSOCIATED_EVENTS_AT_S_PHASE_ENTRY",0.0110404354451768,0.0744829376772432,0.380730400722792,-0.457628899355334,-1.57183754094585,56
"159","REACTOME_CYCLIN_D_ASSOCIATED_EVENTS_IN_G1",0.000643512021307641,0.0133135487074981,0.477270815362862,-0.574856295565724,-1.81164741394842,37
"160","REACTOME_CYTOCHROME_C_MEDIATED_APOPTOTIC_RESPONSE",0.522593320235756,0.756993604925047,0.0758886900606117,-0.400710610510756,-0.936348955884337,11
"161","REACTOME_CYTOCHROME_P450_ARRANGED_BY_SUBSTRATE_TYPE",0.0576208178438662,0.220761240381232,0.257206466468838,-0.432673097658658,-1.41225591954686,44
"162","REACTOME_CYTOKINE_SIGNALING_IN_IMMUNE_SYSTEM",0.0199346947280574,0.111132938873182,0.352487857583619,0.270313615242775,1.22594903160527,384
"163","REACTOME_CYTOPROTECTION_BY_HMOX1",0.466083150984683,0.710213875558268,0.0878312634480124,0.306382434494406,0.999826922491848,41
"164","REACTOME_CYTOSOLIC_SENSORS_OF_PATHOGEN_ASSOCIATED_DNA",0.786127167630058,0.938174130529072,0.0550211117163117,-0.272322866858203,-0.810956732632331,28
"165","REACTOME_CYTOSOLIC_SULFONATION_OF_SMALL_MOLECULES",0.595528455284553,0.813425505495116,0.0709609456938284,-0.348488099806944,-0.892961739891084,16
"166","REACTOME_C_TYPE_LECTIN_RECEPTORS_CLRS",0.367673179396092,0.623504061963137,0.0894366833718621,-0.277485573089995,-1.03997919056362,92
"167","REACTOME_DAP12_INTERACTIONS",0.00822551831863807,0.0632889054103475,0.380730400722792,0.48402260409647,1.57952537804219,41
"168","REACTOME_DAP12_SIGNALING",0.0557851239669422,0.216899641577061,0.276500599254472,0.473007437871253,1.40654116660885,27
"169","REACTOME_DARPP_32_EVENTS",0.605882352941176,0.821685207505911,0.0683110858318647,0.344075744841358,0.888860190517434,16
"170","REACTOME_DDX58_IFIH1_MEDIATED_INDUCTION_OF_INTERFERON_ALPHA_BETA",0.274131274131274,0.513630168105407,0.112378519110475,-0.369280335898472,-1.1070648256462,29
"171","REACTOME_DEACTIVATION_OF_THE_BETA_CATENIN_TRANSACTIVATING_COMPLEX",0.0766283524904215,0.26084199660842,0.224966093540314,-0.474386050404229,-1.38017966266658,26
"172","REACTOME_DEADENYLATION_DEPENDENT_MRNA_DECAY",0.929219600725953,1,0.0445961615888961,-0.212997213787401,-0.724744773078412,51
"173","REACTOME_DEADENYLATION_OF_MRNA",0.536489151873767,0.771980526112021,0.0747385227439092,-0.344282340406234,-0.958200695005087,22
"174","REACTOME_DEATH_RECEPTOR_SIGNALING",0.00515244766330378,0.0491321655006552,0.407017918923954,-0.381282600591338,-1.51153509520634,129
"175","REACTOME_DECTIN_1_MEDIATED_NONCANONICAL_NF_KB_SIGNALING",0.0885122410546139,0.277457563709918,0.206587922696891,-0.412040534340923,-1.32058848727365,39
"176","REACTOME_DEGRADATION_OF_AXIN",0.0278043375386524,0.138426942505269,0.352487857583619,-0.475643511250776,-1.49995412367775,36
"177","REACTOME_DEGRADATION_OF_BETA_CATENIN_BY_THE_DESTRUCTION_COMPLEX",0.00864735671674779,0.0649249121233241,0.380730400722792,-0.453980848684122,-1.57118319325363,60
"178","REACTOME_DEGRADATION_OF_CYSTEINE_AND_HOMOCYSTEINE",0.0165724919825919,0.100843072129366,0.352487857583619,-0.666570750405307,-1.57929250447123,12
"179","REACTOME_DEGRADATION_OF_DVL",0.372400756143667,0.625821487310026,0.0922597260527354,-0.328721031455406,-1.04692269977095,38
"180","REACTOME_DEGRADATION_OF_GLI1_BY_THE_PROTEASOME",0.111324376199616,0.31099371504924,0.184706471207739,-0.408441228019504,-1.28719386079482,37
"181","REACTOME_DEGRADATION_OF_THE_EXTRACELLULAR_MATRIX",0.902135231316726,1,0.0450442767152794,-0.211409879305798,-0.789444398489972,90
"182","REACTOME_DEPOLYMERIZATION_OF_THE_NUCLEAR_LAMINA",0.553752535496957,0.782312003865959,0.0745500777420554,0.408106683152702,0.937485768793818,11
"183","REACTOME_DEPOSITION_OF_NEW_CENPA_CONTAINING_NUCLEOSOMES_AT_THE_CENTROMERE",0.662313432835821,0.865349344796966,0.0615706755421678,-0.261006451753751,-0.896490015979222,56
"184","REACTOME_DERMATAN_SULFATE_BIOSYNTHESIS",0.255020080321285,0.49670229033288,0.119887845115423,0.525444254692324,1.17567457975547,10
"185","REACTOME_DETOXIFICATION_OF_REACTIVE_OXYGEN_SPECIES",0.111570247933884,0.31099371504924,0.191892240384838,0.434785403384873,1.29288361987219,27
"186","REACTOME_DEUBIQUITINATION",0.0552643811923015,0.216899641577061,0.321775918075361,-0.301239232110793,-1.24681933209436,211
"187","REACTOME_DEVELOPMENTAL_BIOLOGY",0.0147950997472974,0.0930691747617157,0.380730400722792,-0.288964996756515,-1.2652761283223,354
"188","REACTOME_DIGESTION",0.186507936507937,0.41763535652988,0.142056643575821,-0.558282381735591,-1.25414879920636,10
"189","REACTOME_DIGESTION_AND_ABSORPTION",0.0888888888888889,0.277703206562267,0.213927855492356,-0.576087717047461,-1.41754799998185,14
"190","REACTOME_DISASSEMBLY_OF_THE_DESTRUCTION_COMPLEX_AND_RECRUITMENT_OF_AXIN_TO_THE_MEMBRANE",0.00039122433289859,0.00939409900939741,0.49849310876659,-0.663350576963301,-1.91348391187374,25
"191","REACTOME_DISSOLUTION_OF_FIBRIN_CLOT",0.210216110019646,0.444798178246115,0.132147260608774,-0.528183771752638,-1.23421818694855,11
"192","REACTOME_DNA_DAMAGE_BYPASS",0.688984881209503,0.883532953727338,0.0667426134241917,0.267233409131092,0.879181813072423,42
"193","REACTOME_DNA_DAMAGE_RECOGNITION_IN_GG_NER",0.543726235741445,0.776135632538036,0.0721797965581253,-0.30315787568267,-0.943446113057817,34
"194","REACTOME_DNA_DAMAGE_TELOMERE_STRESS_INDUCED_SENESCENCE",0.247706422018349,0.488590421396361,0.115734447701689,-0.320298032174257,-1.12028111664215,62
"195","REACTOME_DNA_DOUBLE_STRAND_BREAK_REPAIR",0.985882352941176,1,0.05378728077603,0.184883564859746,0.75549017992379,146
"196","REACTOME_DNA_DOUBLE_STRAND_BREAK_RESPONSE",0.495378927911275,0.733223818577738,0.0755015292281669,-0.278600065255651,-0.976318717570917,63
"197","REACTOME_DNA_REPAIR",1,1,0.0590954798717342,0.134001342325533,0.594234990729124,287
"198","REACTOME_DNA_REPLICATION",1,1,0.0378487722705029,-0.133191917060543,-0.519465143183514,112
"199","REACTOME_DNA_REPLICATION_PRE_INITIATION",1,1,0.0395979123961192,-0.132116287036591,-0.487905161522296,83
"200","REACTOME_DNA_STRAND_ELONGATION",0.0763052208835341,0.26084199660842,0.231126709673834,0.471608948144006,1.36535771242735,24
"201","REACTOME_DOPAMINE_NEUROTRANSMITTER_RELEASE_CYCLE",0.498989898989899,0.735068639686219,0.0797705918628453,0.350385222132639,0.986687068146474,22
"202","REACTOME_DOWNREGULATION_OF_ERBB2_SIGNALING",0.178571428571429,0.40948275862069,0.14551614609036,-0.444188388011645,-1.22561712997206,21
"203","REACTOME_DOWNREGULATION_OF_SMAD2_3_SMAD4_TRANSCRIPTIONAL_ACTIVITY",0.00518052646279786,0.0491321655006552,0.407017918923954,-0.639421203600411,-1.70242947346936,18
"204","REACTOME_DOWNREGULATION_OF_TGF_BETA_RECEPTOR_SIGNALING",0.425963488843813,0.67790086857024,0.0886261133285098,-0.417818207893235,-1.01255985700967,13
"205","REACTOME_DOWNSTREAM_SIGNALING_EVENTS_OF_B_CELL_RECEPTOR_BCR",0.188311688311688,0.419405545810929,0.148261500475107,0.330712341683056,1.16462091991418,59
"206","REACTOME_DOWNSTREAM_SIGNALING_OF_ACTIVATED_FGFR1",0.393063583815029,0.647685303596092,0.0902635484340068,-0.366459440495191,-1.04117844097725,23
"207","REACTOME_DOWNSTREAM_SIGNALING_OF_ACTIVATED_FGFR2",0.215841584158416,0.452778249948061,0.130777137971974,-0.447852478500972,-1.2120301793919,19
"208","REACTOME_DOWNSTREAM_SIGNALING_OF_ACTIVATED_FGFR3",0.23015873015873,0.467855409995148,0.126253987849115,-0.451275807158239,-1.20150103006276,18
"209","REACTOME_DOWNSTREAM_SIGNALING_OF_ACTIVATED_FGFR4",0.22970297029703,0.467855409995148,0.126253987849115,-0.440838910838838,-1.19304925134129,19
"210","REACTOME_DOWNSTREAM_SIGNAL_TRANSDUCTION",0.419047619047619,0.67264367816092,0.0860347242455604,-0.356882534560021,-1.02945412580398,25
"211","REACTOME_DOWNSTREAM_TCR_SIGNALING",0.107929515418502,0.307507445942175,0.20207170902116,0.346045663533684,1.26037552623245,70
"212","REACTOME_DRUG_ADME",0.725454545454545,0.905359493053863,0.0560595875032335,-0.243213510130734,-0.87224428249523,72
"213","REACTOME_DUAL_INCISION_IN_GG_NER",0.437632135306554,0.691741117097456,0.0894366833718621,0.313722849805024,1.01644903351166,38
"214","REACTOME_DUAL_INCISION_IN_TC_NER",1,1,0.0498907356726307,0.168388510064052,0.586390523086088,58
"215","REACTOME_E3_UBIQUITIN_LIGASES_UBIQUITINATE_TARGET_PROTEINS",0.0242868940054974,0.127028642242236,0.352487857583619,-0.450811490911041,-1.46748280356872,42
"216","REACTOME_ECM_PROTEOGLYCANS",0.609259259259259,0.823253375346925,0.0652353056017703,-0.281091188680352,-0.908258913275507,40
"217","REACTOME_EFFECTS_OF_PIP2_HYDROLYSIS",0.448412698412698,0.698114083983649,0.0845557442441281,-0.352869101334221,-1.00193901025344,24
"218","REACTOME_EGFR_DOWNREGULATION",0.00521473040531932,0.0491321655006552,0.407017918923954,-0.606660836758769,-1.76502017358494,26
"219","REACTOME_EICOSANOIDS",0.680555555555556,0.876344705701552,0.0632191170859458,-0.372735721261965,-0.837329051632886,10
"220","REACTOME_EICOSANOID_LIGAND_BINDING_RECEPTORS",0.264299802761341,0.504227697481165,0.116234148779716,0.473409925808018,1.16379162871555,14
"221","REACTOME_ELASTIC_FIBRE_FORMATION",0.867924528301887,0.982323045449229,0.0494904866135495,-0.239686818360553,-0.755858585447119,36
"222","REACTOME_ELEVATION_OF_CYTOSOLIC_CA2_LEVELS",0.222003929273084,0.462384022714187,0.128142916898415,0.500119837655617,1.21375082923963,13
"223","REACTOME_ENDOGENOUS_STEROLS",0.162698412698413,0.389388746072551,0.153158808683073,-0.482625581910355,-1.28496835992938,18
"224","REACTOME_ENDOSOMAL_SORTING_COMPLEX_REQUIRED_FOR_TRANSPORT_ESCRT",0.0071303200772753,0.0582309472977483,0.407017918923954,-0.5974264677893,-1.7381536832268,26
"225","REACTOME_ENDOSOMAL_VACUOLAR_PATHWAY",0.232931726907631,0.472460648694998,0.126253987849115,0.536885156342653,1.20127344608554,10
"226","REACTOME_ENERGY_DEPENDENT_REGULATION_OF_MTOR_BY_LKB1_AMPK",0.27027027027027,0.511211460604173,0.11331290842208,-0.370225934608367,-1.10989963424318,29
"227","REACTOME_ENOS_ACTIVATION",0.0187010126197999,0.109500897792665,0.352487857583619,-0.656356869223936,-1.55509296379008,12
"228","REACTOME_EPHA_MEDIATED_GROWTH_CONE_COLLAPSE",0.16869918699187,0.396613492650078,0.152144922367565,-0.497634525613618,-1.27513275795639,16
"229","REACTOME_EPHB_MEDIATED_FORWARD_SIGNALING",0.0125252981795294,0.0815458224135797,0.380730400722792,-0.531580334351188,-1.62138659750762,31
"230","REACTOME_EPHRIN_SIGNALING",0.0118891042989931,0.0785018163288125,0.380730400722792,-0.611233908618603,-1.62738210018208,18
"231","REACTOME_EPH_EPHRIN_MEDIATED_REPULSION_OF_CELLS",0.0534351145038168,0.216899641577061,0.271288554688953,-0.456180265369876,-1.40075946021971,32
"232","REACTOME_EPH_EPHRIN_SIGNALING",0.00130132297361078,0.0216344944362792,0.45505986738723,-0.50511173263066,-1.74812855216292,58
"233","REACTOME_EPIGENETIC_REGULATION_BY_WDR5_CONTAINING_HISTONE_MODIFYING_COMPLEXES",0.596745027124774,0.813425505495116,0.0650877566917313,-0.258041919757221,-0.937451916331472,77
"234","REACTOME_EPIGENETIC_REGULATION_OF_GENE_EXPRESSION",0.855652173913043,0.977090549233053,0.0464154956843849,-0.211899929335945,-0.842169594348498,137
"235","REACTOME_EPIGENETIC_REGULATION_OF_GENE_EXPRESSION_BY_MLL3_AND_MLL4_COMPLEXES",0.0450758617908516,0.197951072298504,0.321775918075361,-0.438732194267281,-1.46024240477135,47
"236","REACTOME_ERBB2_ACTIVATES_PTK6_SIGNALING",0.00108234213298564,0.0193780870348006,0.45505986738723,-0.799888111675414,-1.79690197573221,10
"237","REACTOME_ERBB2_REGULATES_CELL_MOTILITY",0.000394400866843602,0.00939409900939741,0.49849310876659,-0.787377713070155,-1.86551798092443,12
"238","REACTOME_ERKS_ARE_INACTIVATED",0.186612576064909,0.41763535652988,0.143758989039275,-0.507897452633058,-1.23086204071106,13
"239","REACTOME_ERK_MAPK_TARGETS",0.720321931589537,0.902276369828709,0.0611692626746689,0.309439825153551,0.84235075285234,19
"240","REACTOME_ERYTHROPOIETIN_ACTIVATES_PHOSPHOINOSITIDE_3_KINASE_PI3K",0.188755020080321,0.419405545810929,0.142056643575821,0.564660238481593,1.26341982551545,10
"241","REACTOME_ER_PHAGOSOME_PATHWAY",0.984790874524715,1,0.0440640346597561,-0.181346815136548,-0.564362537079789,34
"242","REACTOME_ER_TO_GOLGI_ANTEROGRADE_TRANSPORT",6.26756944005335e-07,5.83510714868967e-05,0.659444398037935,-0.498088539276767,-1.98140114354311,134
"243","REACTOME_ESR_MEDIATED_SIGNALING",0.0060892457421835,0.0520099796878242,0.407017918923954,-0.378462458085111,-1.50529343453498,132
"244","REACTOME_ESTABLISHMENT_OF_SISTER_CHROMATID_COHESION",0.691552062868369,0.884388695783588,0.0619762736001998,-0.355745465465088,-0.831277950749152,11
"245","REACTOME_ESTROGEN_DEPENDENT_GENE_EXPRESSION",0.0283104241841829,0.140196834656778,0.352487857583619,-0.404111214978129,-1.42414434511266,65
"246","REACTOME_EUKARYOTIC_TRANSLATION_INITIATION",2.42180816127111e-06,0.000150313559876227,0.627256739718528,0.498367418283128,1.94350772841083,105
"247","REACTOME_EXTENSION_OF_TELOMERES",0.486021505376344,0.725137854976565,0.0845557442441281,0.285826016757615,0.96677824815697,47
"248","REACTOME_EXTRACELLULAR_MATRIX_ORGANIZATION",0.346633416458853,0.59984332848177,0.11378726182188,0.239959627949678,1.03782878003545,227
"249","REACTOME_EXTRA_NUCLEAR_ESTROGEN_SIGNALING",0.0254443467776896,0.130157620055105,0.352487857583619,-0.410905397160656,-1.44410259754317,66
"250","REACTOME_FACTORS_INVOLVED_IN_MEGAKARYOCYTE_DEVELOPMENT_AND_PLATELET_PRODUCTION",0.0670194003527337,0.237243580716331,0.231126709673834,-0.340375339040126,-1.30444399299972,105
"251","REACTOME_FANCONI_ANEMIA_PATHWAY",0.153039832285115,0.375936896721484,0.163180127180689,0.409803421769694,1.24645798475008,30
"252","REACTOME_FATTY_ACIDS",0.671905697445973,0.871231482342897,0.0633597010643758,-0.358607815252374,-0.83796646401633,11
"253","REACTOME_FATTY_ACID_METABOLISM",0.00746964042726025,0.0594379080152076,0.407017918923954,-0.367868093443959,-1.46522219485122,141
"254","REACTOME_FATTY_ACYL_COA_BIOSYNTHESIS",0.909266409266409,1,0.0484087618816951,-0.239729396667077,-0.704778498503079,27
"255","REACTOME_FBXL7_DOWN_REGULATES_AURKA_DURING_MITOTIC_ENTRY_AND_IN_EARLY_MITOSIS",0.105660377358491,0.305496308449549,0.188204146308491,-0.41453035236519,-1.3072321953572,36
"256","REACTOME_FCERI_MEDIATED_CA_2_MOBILIZATION",0.00140385571927087,0.0226308570560537,0.45505986738723,0.617371507352651,1.81970941421583,26
"257","REACTOME_FCERI_MEDIATED_MAPK_ACTIVATION",0.37888198757764,0.631018122423582,0.0965629554309422,0.348918764371758,1.04648079734778,28
"258","REACTOME_FCERI_MEDIATED_NF_KB_ACTIVATION",0.722014925373134,0.902276369828709,0.0574877409561325,-0.251345837763231,-0.863308292184514,56
"259","REACTOME_FCGAMMA_RECEPTOR_FCGR_DEPENDENT_PHAGOCYTOSIS",0.176991150442478,0.40686113842456,0.155241966228839,0.316035365997903,1.15648645103777,72
"260","REACTOME_FCGR_ACTIVATION",0.111561866125761,0.31099371504924,0.190023305279108,0.593886720716807,1.36425197609251,11
"261","REACTOME_FC_EPSILON_RECEPTOR_FCERI_SIGNALING",0.190255220417633,0.420647356834546,0.153158808683073,0.296037931678687,1.14565649972896,99
"262","REACTOME_FGFR1_LIGAND_BINDING_AND_ACTIVATION",0.990079365079365,1,0.04577044581081,-0.232515166814131,-0.522331756826456,10
"263","REACTOME_FGFR2_ALTERNATIVE_SPLICING",0.866935483870968,0.982323045449229,0.0525898950623616,-0.274590440234612,-0.716392576362446,17
"264","REACTOME_FLT3_SIGNALING",0.0413604006156052,0.18602189842091,0.321775918075361,0.529168104155716,1.53199754801716,24
"265","REACTOME_FORMATION_OF_ATP_BY_CHEMIOSMOTIC_COUPLING",0.339357429718876,0.590545359006118,0.101350743797099,0.404970399066667,1.0815963107141,18
"266","REACTOME_FORMATION_OF_FIBRIN_CLOT_CLOTTING_CASCADE",0.215932914046122,0.452778249948061,0.135002033828631,0.405904815816874,1.17835051827038,25
"267","REACTOME_FORMATION_OF_INCISION_COMPLEX_IN_GG_NER",0.738888888888889,0.912393162393162,0.0560595875032335,-0.260811149353939,-0.842730261999502,40
"268","REACTOME_FORMATION_OF_RNA_POL_II_ELONGATION_COMPLEX",0.122905027932961,0.328806267257433,0.172324344900946,-0.376868588923688,-1.29072711807937,54
"269","REACTOME_FORMATION_OF_SENESCENCE_ASSOCIATED_HETEROCHROMATIN_FOCI_SAHF",0.371717171717172,0.62580232706815,0.096240602328129,-0.434317002543116,-1.06870044282229,14
"270","REACTOME_FORMATION_OF_TC_NER_PRE_INCISION_COMPLEX",0.297397769516729,0.539721878011841,0.104732821580651,-0.33241856768049,-1.10130164452347,46
"271","REACTOME_FORMATION_OF_THE_BETA_CATENIN_TCF_TRANSACTIVATING_COMPLEX",0.308429118773946,0.55327073136521,0.104343952581949,-0.379243168106902,-1.10337078288954,26
"272","REACTOME_FORMATION_OF_THE_CANONICAL_BAF_CBAF_COMPLEX",0.262626262626263,0.503539094650206,0.118287526124085,-0.467345434545909,-1.14997172554995,14
"273","REACTOME_FORMATION_OF_THE_CORNIFIED_ENVELOPE",0.0078540581805022,0.0614464551768702,0.380730400722792,-0.540382102889637,-1.68170262240158,34
"274","REACTOME_FORMATION_OF_THE_DYSTROPHIN_GLYCOPROTEIN_COMPLEX_DGC",0.440993788819876,0.692081447963801,0.0878312634480124,0.357478761973121,1.01932630897956,23
"275","REACTOME_FORMATION_OF_THE_EARLY_ELONGATION_COMPLEX",0.49236641221374,0.731089521165857,0.0774767547848578,-0.320020036016221,-0.982662177519037,32
"276","REACTOME_FORMATION_OF_THE_EMBRYONIC_STEM_CELL_BAF_ESBAF_COMPLEX",0.871541501976285,0.983521379805965,0.0514264916187015,0.270855623550117,0.712294765122154,17
"277","REACTOME_FORMATION_OF_THE_NON_CANONICAL_BAF_NCBAF_COMPLEX",0.794715447154472,0.943663734311063,0.0570059526582387,-0.304319083664429,-0.7797835810795,16
"278","REACTOME_FORMATION_OF_THE_POLYBROMO_BAF_PBAF_COMPLEX",0.977732793522267,1,0.0472587336673259,-0.236675765623218,-0.59612684300213,15
"279","REACTOME_FORMATION_OF_WDR5_CONTAINING_HISTONE_MODIFYING_COMPLEXES",0.798728813559322,0.943675793684935,0.0587185879555941,0.251995486370988,0.803467069079667,36
"280","REACTOME_FOXO_MEDIATED_TRANSCRIPTION",0.28968253968254,0.529426535209187,0.110564716336619,-0.430278341164027,-1.14559624496111,18
"281","REACTOME_FREE_FATTY_ACIDS_REGULATE_INSULIN_SECRETION",0.172413793103448,0.400292372516983,0.150169802128406,0.549840214481681,1.26307016637177,11
"282","REACTOME_FRS_MEDIATED_FGFR1_SIGNALING",0.206477732793522,0.442928039702233,0.135740943810425,-0.482302039924926,-1.21479777059916,15
"283","REACTOME_FRS_MEDIATED_FGFR2_SIGNALING",0.0666666666666667,0.237243580716331,0.248911114434702,-0.602994799758762,-1.48375680838734,14
"284","REACTOME_FRS_MEDIATED_FGFR3_SIGNALING",0.0709939148073022,0.248478701825558,0.241339976815091,-0.607786940813675,-1.47293881945877,13
"285","REACTOME_FRS_MEDIATED_FGFR4_SIGNALING",0.0868686868686869,0.276968313269683,0.216542836735348,-0.577380528071814,-1.42072915039991,14
"286","REACTOME_G0_AND_EARLY_G1",0.0312213750579598,0.149830413293611,0.352487857583619,-0.5818638172558,-1.51805328248069,17
"287","REACTOME_G1_S_DNA_DAMAGE_CHECKPOINTS",0.0726256983240224,0.252293004252481,0.227987202850442,-0.403160067006447,-1.34184687936218,47
"288","REACTOME_G1_S_TRANSITION",0.0645161290322581,0.234627016129032,0.237793834423688,-0.348785305609705,-1.29862222883081,89
"289","REACTOME_G2_M_CHECKPOINTS",0.984797297297297,1,0.03863723737086,-0.185078044635309,-0.736242295029713,134
"290","REACTOME_G2_M_DNA_DAMAGE_CHECKPOINT",1,1,0.0404934829859503,-0.167709267892538,-0.615590181710854,81
"291","REACTOME_GAB1_SIGNALOSOME",0.0406424879753513,0.185894992720034,0.321775918075361,-0.586550231176701,-1.5029692986797,16
"292","REACTOME_GABA_B_RECEPTOR_ACTIVATION",0.610503282275711,0.823253375346925,0.0734381410838857,0.281956787310553,0.920117980646,41
"293","REACTOME_GABA_RECEPTOR_ACTIVATION",0.367391304347826,0.623504061963137,0.101350743797099,0.299981486153503,1.03118112996694,53
"294","REACTOME_GABA_SYNTHESIS_RELEASE_REUPTAKE_AND_DEGRADATION",0.706692913385827,0.893928128209517,0.0610363728309177,0.332144869930829,0.835303240472396,15
"295","REACTOME_GAMMA_CARBOXYLATION_HYPUSINYLATION_HYDROXYLATION_AND_ARYLSULFATASE_ACTIVATION",0.380434782608696,0.632472826086957,0.0992333343771191,0.29732581377082,1.02205230243992,53
"296","REACTOME_GAMMA_CARBOXYLATION_TRANSPORT_AND_AMINO_TERMINAL_CLEAVAGE_OF_PROTEINS",0.200396825396825,0.43489380989381,0.136490437780413,-0.552993528251342,-1.24226769841678,10
"297","REACTOME_GAP_FILLING_DNA_REPAIR_SYNTHESIS_AND_LIGATION_IN_GG_NER",0.0865191146881288,0.276801703692948,0.216542836735348,0.502664194373016,1.36834217234939,19
"298","REACTOME_GAP_JUNCTION_ASSEMBLY",0.677227722772277,0.875693069306931,0.0633597010643758,-0.311557545968743,-0.843173068049853,19
"299","REACTOME_GAP_JUNCTION_DEGRADATION",0.0307257976760874,0.148988112689778,0.352487857583619,-0.673867871377304,-1.51380485818708,10
"300","REACTOME_GAP_JUNCTION_TRAFFICKING_AND_REGULATION",0.0142491694348495,0.0902447397540471,0.380730400722792,-0.525983263008495,-1.58995714899444,30
"301","REACTOME_GASTRIN_CREB_SIGNALLING_PATHWAY_VIA_PKC_AND_MAPK",0.163636363636364,0.390629370629371,0.154190966581424,-0.514150899490119,-1.2651434107925,14
"302","REACTOME_GENERATION_OF_SECOND_MESSENGER_MOLECULES",7.26998042520752e-05,0.00270734071034728,0.538434096309916,0.711988121119638,2.03018556831844,23
"303","REACTOME_GENE_SILENCING_BY_RNA",0.995771670190275,1,0.0484087618816951,0.162375461248012,0.526089766027966,38
"304","REACTOME_GLI3_IS_PROCESSED_TO_GLI3R_BY_THE_PROTEASOME",0.290018832391714,0.529426535209187,0.107140237276725,-0.347474899181207,-1.11365584992569,39
"305","REACTOME_GLOBAL_GENOME_NUCLEOTIDE_EXCISION_REPAIR_GG_NER",0.74502712477396,0.913439306358382,0.0545680646670941,-0.239533242656084,-0.870210923730168,77
"306","REACTOME_GLUCAGON_LIKE_PEPTIDE_1_GLP1_REGULATES_INSULIN_SECRETION",0.280334728033473,0.520941380836653,0.116234148779716,0.360097906751308,1.1118137741353,32
"307","REACTOME_GLUCAGON_TYPE_LIGAND_RECEPTORS",0.936538461538462,1,0.0468819856878333,-0.228990557316629,-0.69844987971977,31
"308","REACTOME_GLUCONEOGENESIS",0.785714285714286,0.938174130529072,0.0564118388217596,-0.295147177259905,-0.785815751415951,18
"309","REACTOME_GLUCOSE_METABOLISM",0.838362068965517,0.970546346190553,0.0572461135202884,0.227561291900826,0.807573775741387,61
"310","REACTOME_GLUCURONIDATION",0.949392712550607,1,0.0486034247259069,-0.25353033128105,-0.638579263043187,15
"311","REACTOME_GLUTAMATE_AND_GLUTAMINE_METABOLISM",0.81335952848723,0.952500278014605,0.0543434390269162,0.309708198726453,0.751637017217051,13
"312","REACTOME_GLUTAMATE_NEUROTRANSMITTER_RELEASE_CYCLE",0.473895582329317,0.716493014444707,0.0822054920415869,0.35594147804663,0.994478901258659,21
"313","REACTOME_GLUTATHIONE_CONJUGATION",0.811320754716981,0.951309348414999,0.0574877409561325,0.260840349434802,0.793371941341981,30
"314","REACTOME_GLUTATHIONE_SYNTHESIS_AND_RECYCLING",0.0115739186390038,0.0775202752008094,0.380730400722792,-0.684295610675712,-1.62128765494975,12
"315","REACTOME_GLYCEROPHOSPHOLIPID_BIOSYNTHESIS",0.0093535897046244,0.0669860924231179,0.380730400722792,-0.396629399788166,-1.52216841098219,106
"316","REACTOME_GLYCOGEN_BREAKDOWN_GLYCOGENOLYSIS",0.25,0.491033755274262,0.119887845115423,0.466757020762924,1.17383613974742,15
"317","REACTOME_GLYCOGEN_METABOLISM",0.13682092555332,0.354978446678035,0.169570644405628,0.471232838966203,1.28278038056334,19
"318","REACTOME_GLYCOSAMINOGLYCAN_METABOLISM",0.283505154639175,0.524394586894587,0.102821842840815,-0.279012143080141,-1.08093082863839,110
"319","REACTOME_GLYCOSPHINGOLIPID_BIOSYNTHESIS",0.166666666666667,0.394826123833757,0.152144922367565,0.467782891372096,1.24935612748314,18
"320","REACTOME_GLYCOSPHINGOLIPID_CATABOLISM",0.478846153846154,0.717883686361947,0.0793434960134973,-0.323491350698876,-0.98668913527994,31
"321","REACTOME_GLYCOSPHINGOLIPID_METABOLISM",0.415754923413567,0.669184099634478,0.0943563635421779,0.298195968809206,1.01571517220404,49
"322","REACTOME_GLYOXYLATE_METABOLISM_AND_GLYCINE_DEGRADATION",0.970355731225296,1,0.0465084048719156,0.216293951405293,0.568808752405574,17
"323","REACTOME_GOLGI_ASSOCIATED_VESICLE_BIOGENESIS",1.96804418822192e-06,0.000130874938516758,0.627256739718528,-0.612961854631396,-2.08746258724603,52
"324","REACTOME_GOLGI_CISTERNAE_PERICENTRIOLAR_STACK_REORGANIZATION",0.00738497436574942,0.0593959706606628,0.407017918923954,-0.736926177245598,-1.65546166336666,10
"325","REACTOME_GOLGI_TO_ER_RETROGRADE_TRANSPORT",8.59045858362835e-06,0.0003998858470679,0.593325476396405,-0.478654678556378,-1.87892024894572,119
"326","REACTOME_GPCR_LIGAND_BINDING",3.02593863694336e-07,3.52143608874284e-05,0.674962860011025,0.399086979237785,1.75264811936104,264
"327","REACTOME_GPER1_SIGNALING",0.415289256198347,0.669184099634478,0.0911073131586733,0.343204376507128,1.02055706838376,27
"328","REACTOME_GPVI_MEDIATED_ACTIVATION_CASCADE",0.00333814836838886,0.0369978110829765,0.431707695803346,0.546985469946324,1.70593638044328,33
"329","REACTOME_GRB2_EVENTS_IN_ERBB2_SIGNALING",0.0218177759862044,0.118095054902072,0.352487857583619,-0.687878913398011,-1.54527984665309,10
"330","REACTOME_GRB2_SOS_PROVIDES_LINKAGE_TO_MAPK_SIGNALING_FOR_INTEGRINS",0.963414634146341,1,0.0481183992657975,-0.259535282319163,-0.614911659059822,12
"331","REACTOME_G_ALPHA_12_13_SIGNALLING_EVENTS",0.552919708029197,0.782312003865959,0.0692836467392548,-0.266762314778521,-0.947995487551657,70
"332","REACTOME_G_ALPHA_I_SIGNALLING_EVENTS",3.31889734225269e-06,0.000193118339102328,0.627256739718528,0.409976335270605,1.75565444242924,207
"333","REACTOME_G_ALPHA_Q_SIGNALLING_EVENTS",0.0980392156862745,0.291611852408695,0.224966093540314,0.289819483202465,1.19320585793182,166
"334","REACTOME_G_ALPHA_S_SIGNALLING_EVENTS",0.00145143320678915,0.0229031239918763,0.45505986738723,0.427238271765799,1.62957015659799,92
"335","REACTOME_G_ALPHA_Z_SIGNALLING_EVENTS",0.285714285714286,0.526656271530623,0.114266502484433,0.358195919700479,1.11714018802611,33
"336","REACTOME_G_BETA_GAMMA_SIGNALLING_THROUGH_CDC42",0.653465346534653,0.85566278146802,0.0650877566917313,-0.313473648338275,-0.856154997839339,20
"337","REACTOME_G_BETA_GAMMA_SIGNALLING_THROUGH_PI3KGAMMA",0.257861635220126,0.499104329293009,0.122107920287081,0.397236286947444,1.15318559021852,25
"338","REACTOME_G_PROTEIN_ACTIVATION",0.80952380952381,0.951309348414999,0.0570059526582387,0.272025646629946,0.775662578656716,23
"339","REACTOME_G_PROTEIN_BETA_GAMMA_SIGNALLING",0.154811715481172,0.378264536767504,0.161978948883402,0.40072583476134,1.23725379788786,32
"340","REACTOME_G_PROTEIN_MEDIATED_EVENTS",0.16135881104034,0.388178431727536,0.159646701919906,0.37027413680573,1.20586508360838,39
"341","REACTOME_HATS_ACETYLATE_HISTONES",0.108007448789572,0.307507445942175,0.184706471207739,-0.383826618704406,-1.31455748757773,54
"342","REACTOME_HDACS_DEACETYLATE_HISTONES",0.152293577981651,0.375451671183378,0.152144922367565,-0.348946647507807,-1.22048311463213,62
"343","REACTOME_HDMS_DEMETHYLATE_HISTONES",0.933962264150943,1,0.0461379160269737,-0.220280548354868,-0.694660410697111,36
"344","REACTOME_HDR_THROUGH_HOMOLOGOUS_RECOMBINATION_HRR",0.139484978540773,0.358959314703368,0.173747838999571,0.353691821605561,1.22767482972588,55
"345","REACTOME_HDR_THROUGH_MMEJ_ALT_NHEJ",0.758620689655172,0.920829024861754,0.0590954798717342,0.349074743015708,0.801880041009121,11
"346","REACTOME_HDR_THROUGH_SINGLE_STRAND_ANNEALING_SSA",0.187234042553191,0.418021327618756,0.147331213699377,0.370313145008142,1.17403955362935,35
"347","REACTOME_HEDGEHOG_LIGAND_BIOGENESIS",0.0299018101463738,0.145751755216094,0.352487857583619,-0.45089478835873,-1.47173197824933,44
"348","REACTOME_HEDGEHOG_OFF_STATE",0.606334841628959,0.821685207505911,0.0755015292281669,0.245649317807696,0.923723762350612,81
"349","REACTOME_HEDGEHOG_ON_STATE",0.645101663585952,0.847094003947139,0.0623861492893626,-0.257893142280251,-0.903753923066541,63
"350","REACTOME_HEME_BIOSYNTHESIS",0.868369351669941,0.982323045449229,0.0513223330421143,0.288961361809406,0.701286104063502,13
"351","REACTOME_HEME_DEGRADATION",0.00620883457986017,0.0525493181259074,0.407017918923954,0.709914495283597,1.67978149070893,12
"352","REACTOME_HEMOSTASIS",0.00992011737668906,0.0689226065499814,0.380730400722792,0.26712783110792,1.2341143242017,467
"353","REACTOME_HEPARAN_SULFATE_HEPARIN_HS_GAG_METABOLISM",0.458715596330275,0.705643982119731,0.0791316651768349,-0.291970357161829,-0.982189555082477,49
"354","REACTOME_HIGH_LAMINAR_FLOW_SHEAR_STRESS_ACTIVATES_SIGNALING_BY_PIEZO1_AND_PECAM1_CDH5_KDR_IN_ENDOTHELIAL_CELLS",0.0985130111524164,0.292087940709871,0.193813302725311,-0.403507362912027,-1.31705822464336,44
"355","REACTOME_HOMOLOGOUS_DNA_PAIRING_AND_STRAND_EXCHANGE",0.939583333333333,1,0.0503964322442957,0.224811576013075,0.662634631536391,26
"356","REACTOME_HOMOLOGY_DIRECTED_REPAIR",0.954653937947494,1,0.0559428593065705,0.197450361843766,0.78343646537156,118
"357","REACTOME_HSF1_DEPENDENT_TRANSACTIVATION",0.933601609657948,1,0.0490939668192139,0.245744599777157,0.668960915192366,19
"358","REACTOME_HSP90_CHAPERONE_CYCLE_FOR_STEROID_HORMONE_RECEPTORS_SHR_IN_THE_PRESENCE_OF_LIGAND",0.000866344401920303,0.0164605436364858,0.477270815362862,-0.554473247685775,-1.80661012842935,41
"359","REACTOME_HS_GAG_BIOSYNTHESIS",0.0957854406130268,0.287665307131381,0.199915231309662,-0.464933173203393,-1.35267744405126,26
"360","REACTOME_HS_GAG_DEGRADATION",0.462301587301587,0.706736909323116,0.0828962134571565,-0.36104362747913,-0.996201761343822,21
"361","REACTOME_HYALURONAN_METABOLISM",0.534552845528455,0.770384983261597,0.0764767053228531,-0.364721936963752,-0.934559130105219,16
"362","REACTOME_HYALURONAN_UPTAKE_AND_DEGRADATION",0.518292682926829,0.753953887195122,0.0780892306943345,-0.397476082928283,-0.941731988830188,12
"363","REACTOME_IKK_COMPLEX_RECRUITMENT_MEDIATED_BY_RIP1",0.388118811881188,0.641809260855038,0.0925528864684773,-0.385019477673602,-1.05156000136902,20
"364","REACTOME_IL_6_TYPE_CYTOKINE_RECEPTOR_LIGAND_INTERACTIONS",0.469428007889546,0.714113521805829,0.0817515582532145,0.40103947713077,0.985882130529143,14
"365","REACTOME_IMMUNOREGULATORY_INTERACTIONS_BETWEEN_A_LYMPHOID_AND_A_NON_LYMPHOID_CELL",3.56432546488734e-09,3.31838700781011e-06,0.774939030136436,0.616331813599396,2.28756490436965,77
"366","REACTOME_INACTIVATION_OF_CSF3_G_CSF_SIGNALING",0.62156862745098,0.826686274509804,0.0670512579829467,0.37999694966679,0.899139046768071,12
"367","REACTOME_INCRETIN_SYNTHESIS_SECRETION_AND_INACTIVATION",0.732809430255403,0.907241462191197,0.059221919380382,-0.341983598935214,-0.799120306258923,11
"368","REACTOME_INFLAMMASOMES",0.510848126232742,0.744730672344684,0.077274697304471,0.387240145507141,0.951959000172214,14
"369","REACTOME_INHIBITION_OF_DNA_RECOMBINATION_AT_TELOMERE",0.689981096408318,0.883593398564159,0.0602484086158019,-0.273264722315928,-0.870303428936395,38
"370","REACTOME_INHIBITION_OF_THE_PROTEOLYTIC_ACTIVITY_OF_APC_C_REQUIRED_FOR_THE_ONSET_OF_ANAPHASE_BY_MITOTIC_SPINDLE_CHECKPOINT_COMPONENTS",0.863453815261044,0.980335978058576,0.0525898950623616,0.267578188886818,0.747597230716912,21
"371","REACTOME_INITIAL_TRIGGERING_OF_COMPLEMENT",0.0846456692913386,0.272277766442223,0.216542836735348,0.553372528707588,1.39166342239191,15
"372","REACTOME_INITIATION_OF_NUCLEAR_ENVELOPE_NE_REFORMATION",0.899193548387097,1,0.0509082865515105,-0.263183294629147,-0.68663191017808,17
"373","REACTOME_INOSITOL_PHOSPHATE_METABOLISM",0.193308550185874,0.423459435818937,0.134273452883202,-0.359898540531712,-1.17471792688892,44
"374","REACTOME_INSERTION_OF_TAIL_ANCHORED_PROTEINS_INTO_THE_ENDOPLASMIC_RETICULUM_MEMBRANE",0.244939271255061,0.486361296963459,0.123257226381337,-0.464051799564134,-1.16882999632509,15
"375","REACTOME_INSULIN_PROCESSING",0.619047619047619,0.826686274509804,0.0678338263479455,-0.388802660709355,-0.873422493722571,10
"376","REACTOME_INSULIN_RECEPTOR_RECYCLING",0.20952380952381,0.44466896906459,0.130105630751129,-0.411205467206707,-1.18615265185499,25
"377","REACTOME_INSULIN_RECEPTOR_SIGNALLING_CASCADE",0.0156076512176513,0.0962299555207505,0.380730400722792,-0.495504837798616,-1.55635919119163,35
"378","REACTOME_INTEGRATION_OF_ENERGY_METABOLISM",0.0193630178041454,0.109920546193045,0.352487857583619,0.393182590319265,1.43879574063614,72
"379","REACTOME_INTEGRIN_CELL_SURFACE_INTERACTIONS",0.0548245614035088,0.216899641577061,0.287857117255149,0.374205095621432,1.35125483723515,67
"380","REACTOME_INTEGRIN_SIGNALING",0.546184738955823,0.777519865394299,0.0747385227439092,0.328357258043163,0.950628940492102,24
"381","REACTOME_INTERCONVERSION_OF_NUCLEOTIDE_DI_AND_TRIPHOSPHATES",0.140786749482402,0.360089186176143,0.169570644405628,0.443276499450809,1.26397270581504,23
"382","REACTOME_INTERFERON_ALPHA_BETA_SIGNALING",0.945098039215686,1,0.0473534245254193,0.242370563007855,0.626122439727068,16
"383","REACTOME_INTERFERON_GAMMA_SIGNALING",0.0467413085618293,0.202869894356251,0.321775918075361,-0.559576469041704,-1.51439056545185,19
"384","REACTOME_INTERFERON_SIGNALING",0.0151682565814103,0.0941443125152865,0.380730400722792,-0.376829607267298,-1.45917294907363,108
"385","REACTOME_INTERLEUKIN_12_FAMILY_SIGNALING",0.755424063116371,0.918145956607495,0.0579754757571486,0.323971342837184,0.796424232327039,14
"386","REACTOME_INTERLEUKIN_15_SIGNALING",0.389558232931727,0.643047366772053,0.0931454575337804,0.478636676915928,1.0709432427198,10
"387","REACTOME_INTERLEUKIN_17_SIGNALING",0.162313432835821,0.389388746072551,0.148261500475107,-0.356013701952015,-1.22052106815715,55
"388","REACTOME_INTERLEUKIN_1_FAMILY_SIGNALING",0.0566371681415929,0.218793375683913,0.252961123069611,-0.347670170091697,-1.31906589146756,98
"389","REACTOME_INTERLEUKIN_1_SIGNALING",0.131034482758621,0.34461328657705,0.159646701919906,-0.333321295734823,-1.23831617731484,85
"390","REACTOME_INTERLEUKIN_20_FAMILY_SIGNALING",0.571709233791749,0.793235911565004,0.0713052987340038,-0.381796934501733,-0.892152969258454,11
"391","REACTOME_INTERLEUKIN_2_FAMILY_SIGNALING",0.00023680315543628,0.0064842275797405,0.518848077743792,0.637853610294078,1.92700958643057,29
"392","REACTOME_INTERLEUKIN_3_INTERLEUKIN_5_AND_GM_CSF_SIGNALING",0.00534014670043777,0.0492245205753224,0.407017918923954,0.545634574617874,1.66910225028905,31
"393","REACTOME_INTERLEUKIN_4_AND_INTERLEUKIN_13_SIGNALING",0.531440162271805,0.767086497790776,0.0766746872490091,0.411947636514007,0.946309047763442,11
"394","REACTOME_INTERLEUKIN_6_FAMILY_SIGNALING",0.436619718309859,0.69131455399061,0.086794975677172,0.373019138907826,1.01542505826915,19
"395","REACTOME_INTERLEUKIN_7_SIGNALING",0.458661417322835,0.705643982119731,0.0828962134571565,0.395349713975812,0.99425560079433,15
"396","REACTOME_INTERLEUKIN_RECEPTOR_SHC_SIGNALING",0.0622489959839357,0.230393700787402,0.257206466468838,0.543091640313786,1.45049098871634,18
"397","REACTOME_INTRACELLULAR_SIGNALING_BY_SECOND_MESSENGERS",0.164203612479475,0.390980980098186,0.137250779610133,-0.272893451627526,-1.13509890808059,219
"398","REACTOME_INTRAFLAGELLAR_TRANSPORT",0.362068965517241,0.618506801645049,0.101713902282311,0.312479362070067,1.04443538519452,44
"399","REACTOME_INTRA_GOLGI_AND_RETROGRADE_GOLGI_TO_ER_TRAFFIC",7.2997420645649e-07,6.17823623828175e-05,0.659444398037935,-0.457965167901111,-1.85695588508961,175
"400","REACTOME_INTRA_GOLGI_TRAFFIC",0.422641509433962,0.674921518495744,0.0850427463764322,-0.322305868084024,-1.01639989715592,36
"401","REACTOME_INTRINSIC_PATHWAY_FOR_APOPTOSIS",0.0411325118156036,0.185894992720034,0.321775918075361,-0.455763083025971,-1.43726067871125,36
"402","REACTOME_INTRINSIC_PATHWAY_OF_FIBRIN_CLOT_FORMATION",0.183070866141732,0.412685172827973,0.142901149386948,0.503500226767423,1.26624075538184,15
"403","REACTOME_INWARDLY_RECTIFYING_K_CHANNELS",0.357740585774059,0.61223618631553,0.100633389423036,0.340445271387415,1.05113563553472,32
"404","REACTOME_IONOTROPIC_ACTIVITY_OF_KAINATE_RECEPTORS",0.396341463414634,0.650782896717856,0.0928481214159878,-0.437818230817759,-1.03731381827197,12
"405","REACTOME_ION_CHANNEL_TRANSPORT",0.120418848167539,0.327806864456079,0.16823816568964,-0.300068644497105,-1.19517633013491,141
"406","REACTOME_ION_HOMEOSTASIS",0.0220974352683977,0.118917411762302,0.352487857583619,0.430557901566032,1.46656641563376,49
"407","REACTOME_ION_TRANSPORT_BY_P_TYPE_ATPASES",0.560521415270019,0.787734981422212,0.0696133438850965,-0.2819680445737,-0.938480697010661,47
"408","REACTOME_IRAK1_RECRUITS_IKK_COMPLEX",0.921414538310413,1,0.0486034247259069,-0.28489514589102,-0.665720510998078,11
"409","REACTOME_IRON_UPTAKE_AND_TRANSPORT",0.20631970260223,0.442928039702233,0.129442887745046,-0.350540557246374,-1.16133973761257,46
"410","REACTOME_IRS_MEDIATED_SIGNALLING",0.0628571428571429,0.230393700787402,0.248911114434702,-0.463492720338956,-1.40105896144817,30
"411","REACTOME_ISG15_ANTIVIRAL_MECHANISM",0.151340996168582,0.374729966576995,0.156312403073186,-0.43577569966527,-1.26784663598309,26
"412","REACTOME_JNK_C_JUN_KINASES_PHOSPHORYLATION_AND_ACTIVATION_MEDIATED_BY_ACTIVATED_HUMAN_TAK1",0.615841584158416,0.824084051724138,0.0679922591544058,-0.327082531755202,-0.885188580324789,19
"413","REACTOME_KEAP1_NFE2L2_PATHWAY",0.00389665095823584,0.0415094911722681,0.431707695803346,-0.476328688393172,-1.63780238237377,57
"414","REACTOME_KERATAN_SULFATE_BIOSYNTHESIS",0.505952380952381,0.74296792849632,0.0780892306943345,-0.343242632276189,-0.974605546247179,24
"415","REACTOME_KERATAN_SULFATE_DEGRADATION",0.784552845528455,0.938174130529072,0.057609110864425,-0.326017613694555,-0.772426892899722,12
"416","REACTOME_KERATAN_SULFATE_KERATIN_METABOLISM",0.342307692307692,0.593460822231772,0.0982123351217438,-0.349366964646765,-1.0656129986102,31
"417","REACTOME_KERATINIZATION",0.0078540581805022,0.0614464551768702,0.380730400722792,-0.540382102889637,-1.68170262240158,34
"418","REACTOME_KINESINS",0.134686346863469,0.352227496994071,0.163180127180689,-0.372129113424734,-1.24687566050467,48
"419","REACTOME_KSRP_KHSRP_BINDS_AND_DESTABILIZES_MRNA",0.966601178781925,1,0.0464154956843849,0.242759973563273,0.58915903156297,13
"420","REACTOME_L1CAM_INTERACTIONS",0.00442366244049899,0.0452574695835666,0.407017918923954,-0.468674255401531,-1.62046392053438,59
"421","REACTOME_LAGGING_STRAND_SYNTHESIS",0.106639839034205,0.30642496957051,0.193813302725311,0.481866629737389,1.33179427910154,20
"422","REACTOME_LAMININ_INTERACTIONS",0.192307692307692,0.422260522496372,0.141225119642531,-0.488595129892986,-1.23064848453055,15
"423","REACTOME_LDL_CLEARANCE",0.027598908399994,0.138426942505269,0.352487857583619,-0.589651224751152,-1.53837023493545,17
"424","REACTOME_LGI_ADAM_INTERACTIONS",0.0823529411764706,0.26996685998343,0.219250346703755,0.602284211063312,1.42510946967808,12
"425","REACTOME_LYSINE_CATABOLISM",0.563492063492063,0.789452332657201,0.0725351864394589,-0.41196118305927,-0.925446763064991,10
"426","REACTOME_LYSOSOME_VESICLE_BIOGENESIS",0.124045801526718,0.329961832061069,0.173747838999571,-0.413090651896275,-1.26844732773099,32
"427","REACTOME_LYSOSPHINGOLIPID_AND_LPA_RECEPTORS",0.182711198428291,0.412685172827973,0.142901149386948,0.525311881927968,1.27488990496424,13
"428","REACTOME_MACROAUTOPHAGY",5.92945858571916e-07,5.83510714868967e-05,0.659444398037935,-0.517610812586421,-2.02468302374124,114
"429","REACTOME_MAJOR_PATHWAY_OF_RRNA_PROCESSING_IN_THE_NUCLEOLUS_AND_CYTOSOL",2.91622551920466e-07,3.52143608874284e-05,0.674962860011025,0.465526770225037,1.91771898357913,161
"430","REACTOME_MAP2K_AND_MAPK_ACTIVATION",0.37781954887218,0.631018122423582,0.0911073131586733,-0.332210838171531,-1.04345982513267,35
"431","REACTOME_MAP3K8_TPL2_DEPENDENT_MAPK1_3_ACTIVATION",0.488095238095238,0.727066666666667,0.0799858801499946,-0.434747336584673,-0.976634527567921,10
"432","REACTOME_MAPK6_MAPK4_SIGNALING",0.156424581005587,0.379248137802607,0.151148761385484,-0.356010977197894,-1.21929244333043,54
"433","REACTOME_MAPK_FAMILY_SIGNALING_CASCADES",0.192182410423453,0.422260522496372,0.125033367555272,-0.265522105498946,-1.1201863581747,250
"434","REACTOME_MAPK_TARGETS_NUCLEAR_EVENTS_MEDIATED_BY_MAP_KINASES",0.441233140655106,0.692081447963801,0.0838361057159929,-0.338283667737119,-1.00738296807745,28
"435","REACTOME_MATURATION_OF_TCA_ENZYMES_AND_REGULATION_OF_TCA_CYCLE",0.674698795180723,0.87363640933693,0.0642140881844605,0.32268752013554,0.86183491953106,18
"436","REACTOME_METABOLISM_OF_AMINO_ACIDS_AND_DERIVATIVES",0.875912408759124,0.986063425096426,0.0609039347452418,0.203692778406234,0.863218532505751,194
"437","REACTOME_METABOLISM_OF_ANGIOTENSINOGEN_TO_ANGIOTENSINS",0.740667976424361,0.912393162393162,0.0587185879555941,-0.340492104819722,-0.795635100424297,11
"438","REACTOME_METABOLISM_OF_CARBOHYDRATES_AND_CARBOHYDRATE_DERIVATIVES",0.705691056910569,0.893875338753388,0.0521630305460055,-0.219172026228024,-0.92023799243158,231
"439","REACTOME_METABOLISM_OF_COFACTORS",0.277777777777778,0.51929941990183,0.11331290842208,-0.397813835619374,-1.1295554051588,24
"440","REACTOME_METABOLISM_OF_FAT_SOLUBLE_VITAMINS",0.103646833013436,0.302492794782159,0.191892240384838,-0.413766976176415,-1.30397784307045,37
"441","REACTOME_METABOLISM_OF_FOLATE_AND_PTERINES",0.272727272727273,0.512947658402204,0.115734447701689,-0.463886037286447,-1.14145937314045,14
"442","REACTOME_METABOLISM_OF_NITRIC_OXIDE_NOS3_ACTIVATION_AND_REGULATION",0.00166100664465278,0.0245459870820911,0.45505986738723,-0.720780985341266,-1.81546637086405,15
"443","REACTOME_METABOLISM_OF_NUCLEOTIDES",0.553738317757009,0.782312003865959,0.0819778796501272,0.254356545204266,0.954647500486913,84
"444","REACTOME_METABOLISM_OF_POLYAMINES",0.699082568807339,0.889133704316439,0.0582216241124161,-0.264100042864447,-0.860502854464005,41
"445","REACTOME_METABOLISM_OF_PORPHYRINS",0.208835341365462,0.44466896906459,0.134273452883202,0.415394296861473,1.20261036002431,24
"446","REACTOME_METABOLISM_OF_STEROIDS",0.000323358735915208,0.00813640494965022,0.49849310876659,-0.456580902347872,-1.71570620340282,94
"447","REACTOME_METABOLISM_OF_STEROID_HORMONES",0.167619047619048,0.395071729957806,0.147331213699377,-0.430165318272209,-1.24084374770274,25
"448","REACTOME_METABOLISM_OF_VITAMINS_AND_COFACTORS",0.00598259555535981,0.0520099796878242,0.407017918923954,-0.356546714860744,-1.44148245921511,159
"449","REACTOME_METABOLISM_OF_WATER_SOLUBLE_VITAMINS_AND_COFACTORS",0.0472854640980736,0.202869894356251,0.276500599254472,-0.353249418889556,-1.34233812166644,99
"450","REACTOME_METALLOPROTEASE_DUBS",0.439306358381503,0.692081447963801,0.0840745577910723,-0.35672332123332,-1.01351634156307,23
"451","REACTOME_METAL_ION_SLC_TRANSPORTERS",0.037214562959216,0.172371930920548,0.321775918075361,-0.568669763279397,-1.53899989011846,19
"452","REACTOME_METHYLATION",0.139959432048682,0.358959314703368,0.16823816568964,0.577624558582698,1.32689521081543,11
"453","REACTOME_MET_ACTIVATES_PTK2_SIGNALING",0.263888888888889,0.504227697481165,0.116739204791222,-0.439402236331637,-1.1698881951791,18
"454","REACTOME_MET_ACTIVATES_RAP1_AND_RAC1",0.271119842829077,0.511211460604173,0.114266502484433,-0.498100849809698,-1.16392278719531,11
"455","REACTOME_MET_PROMOTES_CELL_MOTILITY",0.0258491258356885,0.131505662038394,0.352487857583619,-0.500072429393893,-1.49916619716689,29
"456","REACTOME_MET_RECEPTOR_RECYCLING",0.00518052646279786,0.0491321655006552,0.407017918923954,-0.750847652240064,-1.68673544473374,10
"457","REACTOME_MHC_CLASS_II_ANTIGEN_PRESENTATION",0.00605625543057336,0.0520099796878242,0.407017918923954,-0.37753130463069,-1.48196861884,119
"458","REACTOME_MISCELLANEOUS_SUBSTRATES",0.092741935483871,0.283723674655047,0.208955027549354,-0.536207608049215,-1.39893854085857,17
"459","REACTOME_MISCELLANEOUS_TRANSPORT_AND_BINDING_EVENTS",0.0193280430599385,0.109920546193045,0.352487857583619,-0.571757648386106,-1.59130606412051,22
"460","REACTOME_MISMATCH_REPAIR",0.366141732283465,0.623504061963137,0.0956031492204301,0.430428333232453,1.08247398677293,15
"461","REACTOME_MISMATCH_REPAIR_MMR_DIRECTED_BY_MSH2_MSH3_MUTSBETA",0.170682730923695,0.399260358014975,0.150169802128406,0.579774596429014,1.2972380017909,10
"462","REACTOME_MITF_M_DEPENDENT_GENE_EXPRESSION",0.403921568627451,0.654001705029838,0.0897104652742981,0.40349807615639,1.04236750838438,16
"463","REACTOME_MITF_M_REGULATED_MELANOCYTE_DEVELOPMENT",0.304832713754647,0.548934732119103,0.103197466945307,-0.332617163864505,-1.08567082435322,44
"464","REACTOME_MITOCHONDRIAL_BIOGENESIS",0.951737451737452,1,0.0463227785794633,-0.219118936787425,-0.644185975561008,27
"465","REACTOME_MITOCHONDRIAL_CALCIUM_ION_TRANSPORT",0.23991935483871,0.480354665279223,0.124434168630393,-0.45148705354878,-1.17790689730403,17
"466","REACTOME_MITOCHONDRIAL_FATTY_ACID_BETA_OXIDATION",0.0570969977705971,0.219658284811677,0.321775918075361,-0.468940695812004,-1.43994198304058,32
"467","REACTOME_MITOCHONDRIAL_IRON_SULFUR_CLUSTER_BIOGENESIS",0.172413793103448,0.400292372516983,0.150169802128406,0.552881341432908,1.27005611724091,11
"468","REACTOME_MITOCHONDRIAL_PROTEIN_DEGRADATION",0.00908580922517776,0.0660850655362539,0.380730400722792,-0.425331161935506,-1.54520441177571,77
"469","REACTOME_MITOCHONDRIAL_PROTEIN_IMPORT",0.596385542168675,0.813425505495116,0.0702812841717392,0.403327483368974,0.902439916849618,10
"470","REACTOME_MITOCHONDRIAL_TRANSLATION",0.0753424657534247,0.259020090200902,0.248911114434702,0.335647739669074,1.26972302966898,87
"471","REACTOME_MITOPHAGY",0.000119600396272499,0.00387858403762942,0.538434096309916,-0.647631900717004,-1.98863602951756,32
"472","REACTOME_MITOTIC_G1_PHASE_AND_G1_S_TRANSITION",0.00527735397429165,0.0491321655006552,0.407017918923954,-0.389621990868099,-1.51957451878813,112
"473","REACTOME_MITOTIC_G2_G2_M_PHASES",0.223168654173765,0.462688278920407,0.11776578836269,-0.273276071727001,-1.10452108930582,160
"474","REACTOME_MITOTIC_METAPHASE_AND_ANAPHASE",0.11973018549747,0.326887984452038,0.165656695205483,-0.286415455972007,-1.17964719381971,195
"475","REACTOME_MITOTIC_PROMETAPHASE",0.945762711864407,1,0.0406579344155557,-0.193647622653213,-0.792704675331436,182
"476","REACTOME_MITOTIC_PROPHASE",0.203180212014134,0.439075126010081,0.126875729929857,-0.302558322751673,-1.14315860256349,96
"477","REACTOME_MITOTIC_SPINDLE_CHECKPOINT",0.946273830155979,1,0.0416556773979467,-0.200670714051436,-0.777044244847362,108
"478","REACTOME_MITOTIC_TELOPHASE_CYTOKINESIS",0.39553752535497,0.650610311140418,0.0928481214159878,-0.426260349421328,-1.03301893097307,13
"479","REACTOME_MODULATION_OF_HOST_RESPONSES_BY_IFN_STIMULATED_GENES",0.138888888888889,0.358959314703368,0.166933848713193,-0.588019350085963,-1.3209511636885,10
"480","REACTOME_MOLECULES_ASSOCIATED_WITH_ELASTIC_FIBRES",0.669421487603306,0.870434923126645,0.065981614400873,0.291230692201093,0.87983249867564,29
"481","REACTOME_MRNA_CAPPING",0.560693641618497,0.787734981422212,0.0713052987340038,-0.311124465796359,-0.926504935612223,28
"482","REACTOME_MRNA_DECAY_BY_3_TO_5_EXORIBONUCLEASE",0.97244094488189,1,0.0462302524077616,0.227786403754587,0.572854613805673,15
"483","REACTOME_MRNA_DECAY_BY_5_TO_3_EXORIBONUCLEASE",0.882828282828283,0.991451304358421,0.0518457624865066,-0.285319493124832,-0.702070300869857,14
"484","REACTOME_MRNA_SPLICING",1,1,0.0387166740042594,-0.0761059422759674,-0.311352724380805,187
"485","REACTOME_MRNA_SPLICING_MINOR_PATHWAY",0.997849462365591,1,0.0490939668192139,0.178955426982932,0.605299042261283,47
"486","REACTOME_MTORC1_MEDIATED_SIGNALLING",0.825396825396825,0.959356360105424,0.0541200569620232,-0.272009546133918,-0.772345820029084,24
"487","REACTOME_MTOR_SIGNALLING",0.247706422018349,0.488590421396361,0.115734447701689,-0.353765694146971,-1.1526555858272,41
"488","REACTOME_MUSCLE_CONTRACTION",0.00241769125698221,0.0290196806418184,0.431707695803346,0.377877231596209,1.53977768590124,138
"489","REACTOME_MYD88_MAL_TIRAP_CASCADE_INITIATED_ON_PLASMA_MEMBRANE",0.091726618705036,0.282773119252942,0.197822021315103,-0.346487622051912,-1.26785121305643,80
"490","REACTOME_MYOGENESIS",0.473895582329317,0.716493014444707,0.0822054920415869,0.371808192535302,0.993026577414756,18
"491","REACTOME_M_PHASE",0.146537842190016,0.367458183990442,0.144630528034484,-0.259086192565993,-1.12576823221954,335
"492","REACTOME_NA_CL_DEPENDENT_NEUROTRANSMITTER_TRANSPORTERS",0.271255060728745,0.511211460604173,0.116234148779716,-0.452679797923641,-1.14018677880466,15
"493","REACTOME_NCAM1_INTERACTIONS",0.238955823293173,0.480354665279223,0.124434168630393,0.439873095176457,1.17481454946273,18
"494","REACTOME_NCAM_SIGNALING_FOR_NEURITE_OUT_GROWTH",0.885338345864662,0.992976867019562,0.0484087618816951,-0.235976840091397,-0.741193013606596,35
"495","REACTOME_NEDDYLATION",0.0716723549488055,0.249913717068681,0.219250346703755,-0.298614992278454,-1.22450835307809,188
"496","REACTOME_NEGATIVE_REGULATION_OF_FGFR2_SIGNALING",0.0587661461281914,0.224226565759615,0.321775918075361,-0.550354262875047,-1.51855300664708,21
"497","REACTOME_NEGATIVE_REGULATION_OF_FGFR3_SIGNALING",0.0495049504950495,0.210532724505327,0.287857117255149,-0.553339264886911,-1.51127273263636,20
"498","REACTOME_NEGATIVE_REGULATION_OF_FGFR4_SIGNALING",0.0535714285714286,0.216899641577061,0.276500599254472,-0.530379312922569,-1.46343756128013,21
"499","REACTOME_NEGATIVE_REGULATION_OF_MAPK_PATHWAY",0.227871939736347,0.467101787101787,0.123257226381337,-0.364060934601848,-1.1668140360761,39
"500","REACTOME_NEGATIVE_REGULATION_OF_MET_ACTIVITY",0.209677419354839,0.44466896906459,0.134273452883202,-0.464458502824239,-1.21174875267839,17
"501","REACTOME_NEGATIVE_REGULATION_OF_THE_PI3K_AKT_NETWORK",0.419965576592083,0.672956887792132,0.080419996876154,-0.26440933653686,-1.01132525865708,101
"502","REACTOME_NEGATIVE_REGULATORS_OF_DDX58_IFIH1_SIGNALING",0.182711198428291,0.412685172827973,0.142901149386948,-0.544268873626669,-1.2718045845881,11
"503","REACTOME_NERVOUS_SYSTEM_DEVELOPMENT",0.144715447154472,0.364135354867062,0.14641623786055,-0.271796294497354,-1.14490992368898,237
"504","REACTOME_NETRIN_1_SIGNALING",0.350912778904665,0.603520494664406,0.0999276973731092,-0.445064954543606,-1.07859087569455,13
"505","REACTOME_NEUREXINS_AND_NEUROLIGINS",0.855212355212355,0.977090549233053,0.051218434854034,-0.25453274152257,-0.763063227911507,29
"506","REACTOME_NEURONAL_SYSTEM",0.00653275035414763,0.0547927079253283,0.407017918923954,0.306410527978069,1.36283887321636,290
"507","REACTOME_NEUROTRANSMITTER_RECEPTORS_AND_POSTSYNAPTIC_SIGNAL_TRANSMISSION",0.11138014527845,0.31099371504924,0.208955027549354,0.305298890837911,1.21997933783864,123
"508","REACTOME_NEUROTRANSMITTER_RELEASE_CYCLE",0.571120689655172,0.793235911565004,0.0760837160951725,0.278948940674877,0.932362836295222,44
"509","REACTOME_NEUTROPHIL_DEGRANULATION",0.00207287195536833,0.0271314137507412,0.431707695803346,0.292916137954087,1.34014408752042,408
"510","REACTOME_NF_KB_IS_ACTIVATED_AND_SIGNALS_SURVIVAL",0.399598393574297,0.652189141856392,0.0916795246008379,0.468845838337077,1.04903637071797,10
"511","REACTOME_NICOTINATE_METABOLISM",0.146825396825397,0.367458183990442,0.161978948883402,-0.46354393905232,-1.27902351238942,21
"512","REACTOME_NITRIC_OXIDE_STIMULATES_GUANYLATE_CYCLASE",0.731707317073171,0.907241462191197,0.0609039347452418,-0.344809520111309,-0.816950174082789,12
"513","REACTOME_NOD1_2_SIGNALING_PATHWAY",0.851637764932563,0.975245706214288,0.0513223330421143,-0.25520730028149,-0.75998788044472,28
"514","REACTOME_NONHOMOLOGOUS_END_JOINING_NHEJ",0.98134328358209,1,0.0433636987883266,-0.193608747905832,-0.664996241807736,56
"515","REACTOME_NONSENSE_MEDIATED_DECAY_NMD",4.94762349584117e-06,0.000255902081923785,0.610526878385931,0.490910084004367,1.90064787676047,101
"516","REACTOME_NONSENSE_MEDIATED_DECAY_NMD_INDEPENDENT_OF_THE_EXON_JUNCTION_COMPLEX_EJC",5.53843752207635e-08,1.71876177768436e-05,0.719512826338911,0.586267935025848,2.20423458735174,82
"517","REACTOME_NON_INTEGRIN_MEMBRANE_ECM_INTERACTIONS",0.749077490774908,0.915211474949395,0.0552495663125249,-0.248656007145245,-0.847924480104677,53
"518","REACTOME_NOREPINEPHRINE_NEUROTRANSMITTER_RELEASE_CYCLE",0.37843137254902,0.631018122423582,0.0934449219410994,0.41106584040935,1.06191751874265,16
"519","REACTOME_NOTCH_HLH_TRANSCRIPTION_PATHWAY",0.557344064386318,0.786192915066155,0.0738052724171275,0.33735009389971,0.932376092021261,20
"520","REACTOME_NR1H2_AND_NR1H3_MEDIATED_SIGNALING",0.420731707317073,0.673026150364596,0.0894366833718621,-0.42926868749851,-1.01705755939393,12
"521","REACTOME_NRAGE_SIGNALS_DEATH_THROUGH_JNK",0.297397769516729,0.539721878011841,0.104732821580651,-0.332171452739633,-1.10048295351998,46
"522","REACTOME_NRIF_SIGNALS_CELL_DEATH_FROM_THE_NUCLEUS",0.155206286836935,0.378264536767504,0.156312403073186,-0.561348733502959,-1.31171545428389,11
"523","REACTOME_NUCLEAR_ENVELOPE_BREAKDOWN",0.754838709677419,0.918145956607495,0.0621124188949471,0.253013379200729,0.841239888333437,43
"524","REACTOME_NUCLEAR_ENVELOPE_NE_REASSEMBLY",0.0465549348230912,0.202869894356251,0.287857117255149,-0.404638823393729,-1.39130488065028,57
"525","REACTOME_NUCLEAR_EVENTS_KINASE_AND_TRANSCRIPTION_FACTOR_ACTIVATION",0.594594594594595,0.813425505495116,0.0684714904492087,-0.309642815396247,-0.910316388149506,27
"526","REACTOME_NUCLEAR_EVENTS_MEDIATED_BY_NFE2L2",0.0087613520030326,0.0652545497185868,0.380730400722792,-0.515614499026195,-1.65254268581735,39
"527","REACTOME_NUCLEAR_PORE_COMPLEX_NPC_DISASSEMBLY",0.898760330578512,1,0.0520570030732099,0.245899396776325,0.742882829599422,29
"528","REACTOME_NUCLEAR_RECEPTOR_TRANSCRIPTION_PATHWAY",0.0248420170368955,0.128254567500427,0.352487857583619,-0.449566789091556,-1.4634310467868,42
"529","REACTOME_NUCLEAR_RNA_DECAY",0.722007722007722,0.902276369828709,0.0590954798717342,-0.285194364530227,-0.854983649957306,29
"530","REACTOME_NUCLEOTIDE_BINDING_DOMAIN_LEUCINE_RICH_REPEAT_CONTAINING_RECEPTOR_NLR_SIGNALING_PATHWAYS",0.695464362850972,0.886955235361993,0.0662842187012672,0.266505221987756,0.876786121249996,42
"531","REACTOME_NUCLEOTIDE_BIOSYNTHESIS",0.0310147109178068,0.149609823132011,0.352487857583619,0.638624672015601,1.54989097986067,13
"532","REACTOME_NUCLEOTIDE_CATABOLISM",0.115384615384615,0.316882232811436,0.181383128498408,-0.419924266391418,-1.28082160587502,31
"533","REACTOME_NUCLEOTIDE_EXCISION_REPAIR",0.87263339070568,0.98356136410047,0.0450442767152794,-0.213284217461999,-0.815779500139398,101
"534","REACTOME_NUCLEOTIDE_LIKE_PURINERGIC_RECEPTORS",0.574803149606299,0.79634186351706,0.0711327399327894,0.362383976477784,0.91135085094105,15
"535","REACTOME_NUCLEOTIDE_SALVAGE",0.953815261044177,1,0.0480220415968251,0.22749727328795,0.635613583503474,21
"536","REACTOME_N_GLYCAN_ANTENNAE_ELONGATION",0.0502168318459087,0.21154692510652,0.321775918075361,-0.595736541759698,-1.50051080627148,15
"537","REACTOME_N_GLYCAN_ANTENNAE_ELONGATION_IN_THE_MEDIAL_TRANS_GOLGI",0.123314065510597,0.328955286505347,0.175204047558551,-0.46325692856333,-1.31619784716613,23
"538","REACTOME_N_GLYCAN_TRIMMING_IN_THE_ER_AND_CALNEXIN_CALRETICULIN_CYCLE",0.0731707317073171,0.253241454347629,0.237793834423688,-0.607870586217721,-1.44021540086847,12
"539","REACTOME_ONCOGENE_INDUCED_SENESCENCE",0.172413793103448,0.400292372516983,0.150169802128406,-0.51796420434799,-1.25525826970362,13
"540","REACTOME_OPIOID_SIGNALLING",0.33920704845815,0.590545359006118,0.107140237276725,0.290361156543437,1.05756012584817,70
"541","REACTOME_ORC1_REMOVAL_FROM_CHROMATIN",0.181488203266788,0.412685172827973,0.137250779610133,-0.34886184622197,-1.18703806063971,51
"542","REACTOME_ORGANELLE_BIOGENESIS_AND_MAINTENANCE",0.965936739659367,1,0.0562940749700968,0.189706102047932,0.803945158480837,194
"543","REACTOME_OTHER_INTERLEUKIN_SIGNALING",0.708661417322835,0.89520187181487,0.0609039347452418,0.332024844070832,0.835001390289321,15
"544","REACTOME_OTHER_SEMAPHORIN_INTERACTIONS",0.122287968441815,0.328640209251994,0.178219874951973,0.562843663720032,1.38364809946676,14
"545","REACTOME_OVARIAN_TUMOR_DOMAIN_PROTEASES",0.845559845559846,0.971772497897393,0.0517405459873163,-0.257854654446944,-0.773021984430417,29
"546","REACTOME_OXIDATIVE_STRESS_INDUCED_SENESCENCE",0.136882129277567,0.354978446678035,0.16440575583821,-0.406470316169244,-1.26496083599908,34
"547","REACTOME_O_GLYCOSYLATION_OF_TSR_DOMAIN_CONTAINING_PROTEINS",0.0700636942675159,0.246148299483235,0.248911114434702,0.423259879409374,1.37842279310976,39
"548","REACTOME_O_LINKED_GLYCOSYLATION",0.590192644483363,0.812861091431593,0.0640703750499722,-0.246647400666863,-0.937253370623607,99
"549","REACTOME_O_LINKED_GLYCOSYLATION_OF_MUCINS",0.115241635687732,0.316882232811436,0.178219874951973,-0.381310895144825,-1.25679730040321,45
"550","REACTOME_P130CAS_LINKAGE_TO_MAPK_SIGNALING_FOR_INTEGRINS",0.369918699186992,0.625559357725717,0.096887770327544,-0.449721870741673,-1.06551686993052,12
"551","REACTOME_P2Y_RECEPTORS",0.781925343811395,0.938174130529072,0.0561766586307176,-0.327819713636199,-0.766023256010882,11
"552","REACTOME_P75NTR_RECRUITS_SIGNALLING_COMPLEXES",0.630522088353414,0.835015738630196,0.0675188953767744,0.391019856283372,0.874901763805913,10
"553","REACTOME_P75NTR_SIGNALS_VIA_NF_KB",0.461689587426326,0.706736909323116,0.0824344091527096,0.411580875397073,0.998873852223324,13
"554","REACTOME_P75_NTR_RECEPTOR_MEDIATED_SIGNALLING",0.207815275310835,0.44466896906459,0.12563992130984,-0.319713661374009,-1.16271502534318,76
"555","REACTOME_PARACETAMOL_ADME",0.927710843373494,1,0.0492917662312669,0.245531642928394,0.686000518466338,21
"556","REACTOME_PCNA_DEPENDENT_LONG_PATCH_BASE_EXCISION_REPAIR",0.248995983935743,0.490095689311156,0.121543282035469,0.411990351585579,1.15107605447523,21
"557","REACTOME_PCP_CE_PATHWAY",0.652014652014652,0.85496569158541,0.0614364107201271,-0.254770068004807,-0.90245082673982,67
"558","REACTOME_PECAM1_INTERACTIONS",0.139959432048682,0.358959314703368,0.16823816568964,0.578009379808348,1.32777920619573,11
"559","REACTOME_PENTOSE_PHOSPHATE_PATHWAY",0.0767676767676768,0.26084199660842,0.231126709673834,-0.590285820662048,-1.45248450841071,14
"560","REACTOME_PEPTIDE_HORMONE_METABOLISM",0.511152416356877,0.744730672344684,0.0741758965588009,-0.293358141595879,-0.966905811251392,45
"561","REACTOME_PEPTIDE_LIGAND_BINDING_RECEPTORS",0.0198168745770656,0.111132938873182,0.352487857583619,0.348194675466992,1.3874712291195,121
"562","REACTOME_PEROXISOMAL_LIPID_METABOLISM",0.000458774282044151,0.0104175330873928,0.49849310876659,-0.665684587579627,-1.93674398466208,26
"563","REACTOME_PEROXISOMAL_PROTEIN_IMPORT",0.00545240248606452,0.0497665364169222,0.407017918923954,-0.461873321547443,-1.59694936258826,59
"564","REACTOME_PHASE_2_PLATEAU_PHASE",0.18052738336714,0.411938710575508,0.14641623786055,0.545206997247522,1.25242693164893,11
"565","REACTOME_PHASE_II_CONJUGATION_OF_COMPOUNDS",0.794183445190157,0.943663734311063,0.0615706755421678,0.230045788729894,0.844295146248698,73
"566","REACTOME_PHASE_I_FUNCTIONALIZATION_OF_COMPOUNDS",0.279569892473118,0.520941380836653,0.106323255932708,-0.300624873900964,-1.09239259008351,75
"567","REACTOME_PHOSPHOLIPID_METABOLISM",0.00209824037599717,0.0271314137507412,0.431707695803346,-0.362978832779979,-1.47699459060778,177
"568","REACTOME_PHOSPHORYLATION_OF_CD3_AND_TCR_ZETA_CHAINS",0.00368168337348961,0.0398563630316143,0.431707695803346,0.691751629267308,1.73966973402111,15
"569","REACTOME_PHOSPHORYLATION_OF_THE_APC_C",0.983903420523139,1,0.0466948041282054,0.208014724520481,0.574915968421054,20
"570","REACTOME_PI3K_EVENTS_IN_ERBB2_SIGNALING",0.0195734540645394,0.110441731721735,0.352487857583619,-0.671952062629427,-1.62843952608994,13
"571","REACTOME_PINK1_PRKN_MEDIATED_MITOPHAGY",0.00158039086083948,0.0241487873671337,0.45505986738723,-0.626466877683823,-1.80709014719993,25
"572","REACTOME_PI_3K_CASCADE_FGFR1",0.511111111111111,0.744730672344684,0.0785029047348687,-0.384219272148787,-0.945427657406769,14
"573","REACTOME_PI_3K_CASCADE_FGFR2",0.217038539553753,0.454073888369761,0.132147260608774,-0.488984004213733,-1.18502632013872,13
"574","REACTOME_PI_3K_CASCADE_FGFR3",0.24390243902439,0.486361296963459,0.12384217120105,-0.494242347797519,-1.17099832957607,12
"575","REACTOME_PI_3K_CASCADE_FGFR4",0.239350912778905,0.480354665279223,0.125033367555272,-0.477341374411986,-1.15681103572898,13
"576","REACTOME_PI_METABOLISM",0.143636363636364,0.36239960581424,0.156312403073186,-0.341531666909111,-1.22484578916857,72
"577","REACTOME_PKA_MEDIATED_PHOSPHORYLATION_OF_CREB",0.456862745098039,0.705643982119731,0.0828962134571565,0.383951450329444,0.99187218048929,16
"578","REACTOME_PKMTS_METHYLATE_HISTONE_LYSINES",0.837638376383764,0.970546346190553,0.0500922874402106,-0.232661497627566,-0.793382720494642,53
"579","REACTOME_PKR_MEDIATED_SIGNALING",0.448339483394834,0.698114083983649,0.0806388495950661,-0.289853878300536,-0.988410462654717,53
"580","REACTOME_PLASMA_LIPOPROTEIN_ASSEMBLY",0.325490196078431,0.575755364180412,0.102449405629826,0.425089607838457,1.09814549695877,16
"581","REACTOME_PLASMA_LIPOPROTEIN_ASSEMBLY_REMODELING_AND_CLEARANCE",0.539179104477612,0.773460317825357,0.0716527366829457,-0.274905226658444,-0.942457043207767,55
"582","REACTOME_PLASMA_LIPOPROTEIN_CLEARANCE",0.113899613899614,0.316538926986688,0.183023938384487,-0.437633448197289,-1.31198049267016,29
"583","REACTOME_PLASMA_LIPOPROTEIN_REMODELING",0.354037267080745,0.607014172471775,0.100633389423036,0.378997137581706,1.08068448942997,23
"584","REACTOME_PLATELET_ACTIVATION_SIGNALING_AND_AGGREGATION",0.0232934131871938,0.12463314757056,0.352487857583619,0.294060399922048,1.2721722673493,229
"585","REACTOME_PLATELET_AGGREGATION_PLUG_FORMATION",0.522821576763486,0.756993604925047,0.0787113806986485,0.315755737374074,0.965900322870556,31
"586","REACTOME_PLATELET_CALCIUM_HOMEOSTASIS",0.6875,0.883007623977058,0.0650877566917313,0.297462004717381,0.876772581677527,26
"587","REACTOME_PLATELET_HOMEOSTASIS",0.527075812274368,0.761968293831424,0.0711327399327894,-0.265623930525648,-0.960583759867365,74
"588","REACTOME_PLATELET_SENSITIZATION_BY_LDL",0.274193548387097,0.513630168105407,0.115240003147781,-0.436988448476965,-1.14008076966396,17
"589","REACTOME_POLYMERASE_SWITCHING",0.287968441814596,0.528794120965263,0.110564716336619,0.463226999831868,1.13875876953617,14
"590","REACTOME_POLYMERASE_SWITCHING_ON_THE_C_STRAND_OF_THE_TELOMERE",0.0542168674698795,0.216899641577061,0.276500599254472,0.487273245298043,1.41070750702559,24
"591","REACTOME_POSITIVE_EPIGENETIC_REGULATION_OF_RRNA_EXPRESSION",1,1,0.0478299633114229,0.169097924765077,0.514328205503737,30
"592","REACTOME_POSTMITOTIC_NUCLEAR_PORE_COMPLEX_NPC_REFORMATION",1,1,0.0459538081039063,0.130613621038436,0.360992985479253,20
"593","REACTOME_POST_NMDA_RECEPTOR_ACTIVATION_EVENTS",0.570866141732283,0.793235911565004,0.0714786287425507,0.36405733849206,0.915559149305856,15
"594","REACTOME_POST_TRANSLATIONAL_MODIFICATION_SYNTHESIS_OF_GPI_ANCHORED_PROTEINS",0.511013215859031,0.744730672344684,0.083129129135339,0.268033654760055,0.976238381999914,70
"595","REACTOME_POTASSIUM_CHANNELS",0.00203142648298278,0.0271314137507412,0.431707695803346,0.433849306408991,1.62886549554831,83
"596","REACTOME_PRC2_METHYLATES_HISTONES_AND_DNA",0.317843866171004,0.566882450967825,0.100633389423036,-0.328150107024081,-1.08716024811084,46
"597","REACTOME_PREDNISONE_ADME",0.66869918699187,0.870434923126645,0.0652353056017703,-0.333215339211065,-0.853827000764579,16
"598","REACTOME_PREGNENOLONE_BIOSYNTHESIS",0.952380952380952,1,0.0475434194201301,-0.281247342494288,-0.631805746354803,10
"599","REACTOME_PRESYNAPTIC_DEPOLARIZATION_AND_CALCIUM_CHANNEL_OPENING",0.0213942055719745,0.117164737573578,0.352487857583619,0.662041356304656,1.52081398200564,11
"600","REACTOME_PRESYNAPTIC_FUNCTION_OF_KAINATE_RECEPTORS",0.763888888888889,0.92601634837963,0.0577308549299813,-0.284620319111346,-0.785332413128808,21
"601","REACTOME_PROCESSING_AND_ACTIVATION_OF_SUMO",0.121031746031746,0.327890205724508,0.179782316298324,-0.604664184940267,-1.35834281409419,10
"602","REACTOME_PROCESSING_OF_CAPPED_INTRONLESS_PRE_MRNA",0.955598455598456,1,0.0461379160269737,-0.215639970312395,-0.646466662123806,29
"603","REACTOME_PROCESSING_OF_CAPPED_INTRON_CONTAINING_PRE_MRNA",1,1,0.0573667426768556,0.0794579486604665,0.347894081319539,250
"604","REACTOME_PROCESSING_OF_DNA_DOUBLE_STRAND_BREAK_ENDS",1,1,0.051011413203915,0.153861167291468,0.575017220488234,79
"605","REACTOME_PROCESSING_OF_INTRONLESS_PRE_MRNAS",0.966336633663366,1,0.046788296531803,-0.215509103169252,-0.588595554160015,20
"606","REACTOME_PROCESSIVE_SYNTHESIS_ON_THE_C_STRAND_OF_THE_TELOMERE",0.0353225023161997,0.164426248281909,0.321775918075361,0.562948327928053,1.50352429711639,18
"607","REACTOME_PROCESSIVE_SYNTHESIS_ON_THE_LAGGING_STRAND",0.0649606299212598,0.235324305278961,0.248911114434702,0.571705824850555,1.43776939319901,15
"608","REACTOME_PROGRAMMED_CELL_DEATH",0.000132448373312608,0.0039777237275496,0.518848077743792,-0.442809075081347,-1.73821123005961,119
"609","REACTOME_PROLONGED_ERK_ACTIVATION_EVENTS",0.223123732251521,0.462688278920407,0.130105630751129,-0.484551306422245,-1.17428391648774,13
"610","REACTOME_PROSTACYCLIN_SIGNALLING_THROUGH_PROSTACYCLIN_RECEPTOR",0.784708249496982,0.938174130529072,0.0571258510018113,0.292973000379396,0.797525099791317,19
"611","REACTOME_PROTEASOME_ASSEMBLY",0.786245353159851,0.938174130529072,0.053347785067549,-0.252342334718803,-0.823651754378433,44
"612","REACTOME_PROTEIN_HYDROXYLATION",0.0903614457831325,0.281359551920055,0.211400189384923,0.512084350899675,1.36767661533784,18
"613","REACTOME_PROTEIN_LIPOYLATION",0.857429718875502,0.977090549233053,0.0529129848430583,0.316812775164525,0.708864399936808,10
"614","REACTOME_PROTEIN_LOCALIZATION",0.00318423850519084,0.0357171813052129,0.431707695803346,-0.421913774498501,-1.60072387975899,97
"615","REACTOME_PROTEIN_METHYLATION",0.0665322580645161,0.237243580716331,0.248911114434702,-0.5516341275336,-1.43918555028935,17
"616","REACTOME_PROTEIN_PROTEIN_INTERACTIONS_AT_SYNAPSES",0.286238532110092,0.526656271530623,0.106323255932708,-0.311730807429266,-1.09031621164822,62
"617","REACTOME_PROTEIN_UBIQUITINATION",0.0623853211009174,0.230393700787402,0.245041785430996,-0.37790938672336,-1.3217837989016,62
"618","REACTOME_PTEN_REGULATION",0.245009074410163,0.486361296963459,0.115734447701689,-0.310595531776368,-1.12846988138825,78
"619","REACTOME_PTK6_REGULATES_RHO_GTPASES_RAS_GTPASE_AND_MAP_KINASES",0.000175575725823932,0.00510815627319003,0.518848077743792,-0.808756431849891,-1.91617014395965,12
"620","REACTOME_PURINE_CATABOLISM",0.227642276422764,0.467101787101787,0.128788713061714,-0.467515945343298,-1.19795726801532,16
"621","REACTOME_PURINE_RIBONUCLEOSIDE_MONOPHOSPHATE_BIOSYNTHESIS",0.0823293172690763,0.26996685998343,0.222056046145248,0.636969350084956,1.42521050766222,10
"622","REACTOME_PURINE_SALVAGE",0.563894523326572,0.789452332657201,0.0736212741014394,-0.380118588795935,-0.921196866595823,13
"623","REACTOME_PYROPTOSIS",0.00264540652769109,0.0311756136364608,0.431707695803346,-0.648659264716127,-1.77160942977322,20
"624","REACTOME_PYRUVATE_METABOLISM",0.90359168241966,1,0.0477342401407188,-0.228299073420749,-0.727095194495578,38
"625","REACTOME_RAB_GEFS_EXCHANGE_GTP_FOR_GDP_ON_RABS",0.143617021276596,0.36239960581424,0.154190966581424,-0.323616480688705,-1.19896178252443,87
"626","REACTOME_RAB_GERANYLGERANYLATION",0.247211895910781,0.488590421396361,0.116739204791222,-0.323401380022435,-1.11926045875964,60
"627","REACTOME_RAB_REGULATION_OF_TRAFFICKING",0.00527735397429165,0.0491321655006552,0.407017918923954,-0.389753929974606,-1.52008909781339,112
"628","REACTOME_RAC1_GTPASE_CYCLE",0.156862745098039,0.379322638146168,0.175204047558551,0.279532377614256,1.14976992945606,164
"629","REACTOME_RAC2_GTPASE_CYCLE",0.143607705779334,0.36239960581424,0.153158808683073,-0.330211078131976,-1.2194687954545,83
"630","REACTOME_RAC3_GTPASE_CYCLE",0.208258527827648,0.44466896906459,0.126253987849115,-0.30972508922222,-1.14780408005251,88
"631","REACTOME_RAF_ACTIVATION",5.01787825983722e-05,0.00212347484541293,0.557332238758646,-0.639191749115163,-2.00767354379202,35
"632","REACTOME_RAF_INDEPENDENT_MAPK1_3_ACTIVATION",0.449799196787149,0.699103593003064,0.0850427463764322,0.361982632722681,1.01135752101813,21
"633","REACTOME_RAP1_SIGNALLING",0.0237542345031583,0.126372527556802,0.352487857583619,0.636406743203796,1.56448946213912,14
"634","REACTOME_RAS_PROCESSING",0.0055369477238902,0.049782443420106,0.407017918923954,-0.620216720089348,-1.69392753573661,20
"635","REACTOME_RA_BIOSYNTHESIS_PATHWAY",0.929006085192698,1,0.0496901392724606,-0.277292667215597,-0.672003800124961,13
"636","REACTOME_RECEPTOR_MEDIATED_MITOPHAGY",0.0238956287561533,0.126402445295334,0.352487857583619,-0.683579310142526,-1.53562103878749,10
"637","REACTOME_RECEPTOR_TYPE_TYROSINE_PROTEIN_PHOSPHATASES",0.203960396039604,0.439553538687202,0.135002033828631,-0.450238791080901,-1.21848829451502,19
"638","REACTOME_RECOGNITION_OF_DNA_DAMAGE_BY_PCNA_CONTAINING_REPLICATION_COMPLEX",0.262054507337526,0.503539094650206,0.120985142145252,0.393889219094112,1.14346897936304,25
"639","REACTOME_RECRUITMENT_OF_NUMA_TO_MITOTIC_CENTROSOMES",0.904847396768402,1,0.0453152441270267,-0.211999247739441,-0.775454247479271,79
"640","REACTOME_RECYCLING_OF_BILE_ACIDS_AND_SALTS",0.4,0.652189141856392,0.0919686140000427,-0.425779864282628,-1.04769356677094,14
"641","REACTOME_RECYCLING_PATHWAY_OF_L1",0.00740057206942737,0.0593959706606628,0.407017918923954,-0.551739442130212,-1.65405863764148,29
"642","REACTOME_REDUCTION_OF_CYTOSOLIC_CA_LEVELS",0.730223123732252,0.907241462191197,0.0609039347452418,-0.338793044990975,-0.821046643519164,13
"643","REACTOME_REGULATED_NECROSIS",0.000403613276451016,0.00939409900939741,0.49849310876659,-0.57353785120094,-1.90891915844871,47
"644","REACTOME_REGULATED_PROTEOLYSIS_OF_P75NTR",0.170634920634921,0.399260358014975,0.149207542435322,-0.569351866967047,-1.27901575196189,10
"645","REACTOME_REGULATION_BY_C_FLIP",0.00128243465568702,0.0216344944362792,0.45505986738723,-0.795902345709754,-1.78794818502828,10
"646","REACTOME_REGULATION_OF_APC_C_ACTIVATORS_BETWEEN_G1_S_AND_EARLY_ANAPHASE",0.797709923664122,0.943669553915245,0.0538979025357319,-0.26248757463783,-0.806001445647692,32
"647","REACTOME_REGULATION_OF_CDH11_EXPRESSION_AND_FUNCTION",0.121807465618861,0.328640209251994,0.178219874951973,-0.580480793710926,-1.35642174388479,11
"648","REACTOME_REGULATION_OF_ENDOGENOUS_RETROELEMENTS",0.11070110701107,0.31099371504924,0.181383128498408,-0.386856347282752,-1.31919180602508,53
"649","REACTOME_REGULATION_OF_FZD_BY_UBIQUITINATION",0.740890688259109,0.912393162393162,0.0601186142531851,-0.324443198646971,-0.817190975314451,15
"650","REACTOME_REGULATION_OF_HSF1_MEDIATED_HEAT_SHOCK_RESPONSE",0.456043956043956,0.705643982119731,0.0793434960134973,-0.284194973910086,-0.983563271607252,58
"651","REACTOME_REGULATION_OF_INSULIN_LIKE_GROWTH_FACTOR_IGF_TRANSPORT_AND_UPTAKE_BY_INSULIN_LIKE_GROWTH_FACTOR_BINDING_PROTEINS_IGFBPS",0.593250444049734,0.813425505495116,0.0645031249656493,-0.249504057526691,-0.935108174812357,92
"652","REACTOME_REGULATION_OF_INSULIN_SECRETION",0.00986604109425641,0.0689226065499814,0.380730400722792,0.419696712319299,1.48942755511186,61
"653","REACTOME_REGULATION_OF_KIT_SIGNALING",0.476470588235294,0.716630238525135,0.0806388495950661,0.421576858935255,0.997524362800561,12
"654","REACTOME_REGULATION_OF_LIPID_METABOLISM_BY_PPARALPHA",0.82258064516129,0.958476321207962,0.0550211117163117,-0.290144195765026,-0.756971538204763,17
"655","REACTOME_REGULATION_OF_LOCALIZATION_OF_FOXO_TRANSCRIPTION_FACTORS",0.815261044176707,0.952512082581486,0.0552495663125249,0.332425460410343,0.743797576960466,10
"656","REACTOME_REGULATION_OF_MRNA_STABILITY_BY_PROTEINS_THAT_BIND_AU_RICH_ELEMENTS",0.95724907063197,1,0.0443293451680314,-0.202588082143409,-0.704813540096395,61
"657","REACTOME_REGULATION_OF_NF_KAPPA_B_SIGNALING",0.953346855983773,1,0.048505983646947,-0.258157881550172,-0.625631680692953,13
"658","REACTOME_REGULATION_OF_ORNITHINE_DECARBOXYLASE_ODC",0.133079847908745,0.349006587050822,0.166933848713193,-0.407836161654172,-1.26921143186729,34
"659","REACTOME_REGULATION_OF_PLK1_ACTIVITY_AT_G2_M_TRANSITION",0.269439421338156,0.510892263270515,0.109250039480711,-0.304309157087026,-1.10553821153109,77
"660","REACTOME_REGULATION_OF_PTEN_GENE_TRANSCRIPTION",0.982758620689655,1,0.0445070537769277,-0.198076319383045,-0.576283614232288,26
"661","REACTOME_REGULATION_OF_PTEN_STABILITY_AND_ACTIVITY",0.0979667282809612,0.291611852408695,0.193813302725311,-0.390471342022459,-1.31682769289984,50
"662","REACTOME_REGULATION_OF_PYRUVATE_DEHYDROGENASE_PDH_COMPLEX",0.993939393939394,1,0.0464154956843849,-0.203076122554725,-0.499698471001774,14
"663","REACTOME_REGULATION_OF_PYRUVATE_METABOLISM",0.976833976833977,1,0.0451344222209097,-0.198944723465482,-0.596416012947678,29
"664","REACTOME_REGULATION_OF_RAS_BY_GAPS",0.621505376344086,0.826686274509804,0.0716527366829457,0.269228385778462,0.910638402023967,47
"665","REACTOME_REGULATION_OF_RUNX3_EXPRESSION_AND_ACTIVITY",0.474480151228733,0.716493014444707,0.0789209638180035,-0.306477207890515,-0.976079761256547,38
"666","REACTOME_REGULATION_OF_SIGNALING_BY_CBL",0.114624505928854,0.316882232811436,0.184706471207739,0.513666518818097,1.35083764397069,17
"667","REACTOME_REGULATION_OF_TBK1_IKK_IKBKE_MEDIATED_ACTIVATION_OF_IRF3_IRF7",0.337917485265226,0.590545359006118,0.10027910675413,-0.46646801476431,-1.09000567272545,11
"668","REACTOME_REGULATION_OF_TLR_BY_ENDOGENOUS_LIGAND",0.892712550607287,0.997737556561086,0.0514264916187015,-0.27568143547705,-0.694372334119144,15
"669","REACTOME_REGULATION_OF_TNFR1_SIGNALING",0.0168552950301482,0.101240514019794,0.352487857583619,-0.464770954037409,-1.51275110089629,43
"670","REACTOME_REGULATION_OF_TP53_ACTIVITY",0.456597222222222,0.705643982119731,0.0764767053228531,-0.25003242449113,-0.997695772825616,142
"671","REACTOME_REGULATION_OF_TP53_ACTIVITY_THROUGH_ACETYLATION",0.950413223140496,1,0.0494904866135495,0.219393764089356,0.662807076389138,29
"672","REACTOME_REGULATION_OF_TP53_ACTIVITY_THROUGH_ASSOCIATION_WITH_CO_FACTORS",0.891566265060241,0.997654077849861,0.0511147954416412,0.298133124171769,0.667068927563156,10
"673","REACTOME_REGULATION_OF_TP53_ACTIVITY_THROUGH_METHYLATION",0.976331360946746,1,0.0461379160269737,0.228954320197662,0.56284227828454,14
"674","REACTOME_REGULATION_OF_TP53_ACTIVITY_THROUGH_PHOSPHORYLATION",0.903677758318739,1,0.0442407423477375,-0.21037240244395,-0.776904826017557,83
"675","REACTOME_REGULATION_OF_TP53_DEGRADATION",0.442307692307692,0.692081447963801,0.0835990603684159,-0.330233947693449,-1.00725490058941,31
"676","REACTOME_REGULATION_OF_T_CELL_ACTIVATION_BY_CD28_FAMILY",0.000706781315480918,0.0140002852066539,0.477270815362862,0.487093227912851,1.74119042019769,65
"677","REACTOME_REPRESSION_OF_WNT_TARGET_GENES",0.678714859437751,0.876344705701552,0.0639271933359996,0.377200356721927,0.843980816066469,10
"678","REACTOME_REPRODUCTION",0.719191919191919,0.902276369828709,0.0614364107201271,-0.331807915490014,-0.816461856523606,14
"679","REACTOME_RESOLUTION_OF_ABASIC_SITES_AP_SITES",0.0422750614881033,0.187730727470141,0.321775918075361,0.442188121465613,1.43267119042618,38
"680","REACTOME_RESOLUTION_OF_AP_SITES_VIA_THE_MULTIPLE_NUCLEOTIDE_PATCH_REPLACEMENT_PATHWAY",0.19496855345912,0.42609324711371,0.142901149386948,0.414145838781522,1.20227438737237,25
"681","REACTOME_RESOLUTION_OF_D_LOOP_STRUCTURES",0.804621848739496,0.94847566411125,0.0579754757571486,0.257009083096593,0.807005500611921,34
"682","REACTOME_RESOLUTION_OF_SISTER_CHROMATID_COHESION",0.466101694915254,0.710213875558268,0.0741758965588009,-0.252733598320708,-0.988591068049877,114
"683","REACTOME_RESPIRATORY_ELECTRON_TRANSPORT",1,1,0.05378728077603,0.132953937021654,0.529789153634543,121
"684","REACTOME_RESPONSE_TO_ELEVATED_PLATELET_CYTOSOLIC_CA2",0.441805225653207,0.692081447963801,0.0956031492204301,0.259096409499125,1.01359630031423,109
"685","REACTOME_RETROGRADE_NEUROTROPHIN_SIGNALLING",0.0615079365079365,0.230393700787402,0.257206466468838,-0.657677694674291,-1.47743457079256,10
"686","REACTOME_RETROGRADE_TRANSPORT_AT_THE_TRANS_GOLGI_NETWORK",0.00179815010395637,0.0249862350266177,0.45505986738723,-0.537745832976598,-1.75521598163236,44
"687","REACTOME_RET_SIGNALING",0.602910602910603,0.819430323079958,0.0714786287425507,0.287126663312417,0.926882012273733,37
"688","REACTOME_REVERSIBLE_HYDRATION_OF_CARBON_DIOXIDE",0.795677799607073,0.943663734311063,0.0553642837725362,-0.323293119473212,-0.755445867723553,11
"689","REACTOME_RHOA_GTPASE_CYCLE",0.0945945945945946,0.285933660933661,0.188204146308491,-0.30900429218882,-1.22922213546947,134
"690","REACTOME_RHOBTB1_GTPASE_CYCLE",0.26232741617357,0.503539094650206,0.116739204791222,-0.413307724920269,-1.15031095931983,22
"691","REACTOME_RHOBTB2_GTPASE_CYCLE",0.83960396039604,0.970546346190553,0.0532386494755899,-0.270019089127674,-0.730756891488191,19
"692","REACTOME_RHOBTB3_ATPASE_CYCLE",0.367063492063492,0.623504061963137,0.0959206777921745,-0.478244938351088,-1.07434935219504,10
"693","REACTOME_RHOBTB_GTPASE_CYCLE",0.461538461538462,0.706736909323116,0.0813027345384498,-0.326958831906356,-0.997265387247163,31
"694","REACTOME_RHOB_GTPASE_CYCLE",0.00165393515067512,0.0245459870820911,0.45505986738723,-0.476840960313565,-1.68907408247922,67
"695","REACTOME_RHOC_GTPASE_CYCLE",0.00206043804463746,0.0271314137507412,0.431707695803346,-0.47715988906915,-1.69006433340176,68
"696","REACTOME_RHOD_GTPASE_CYCLE",0.0166985448438141,0.100950293828512,0.352487857583619,-0.451216969249475,-1.53531182015482,51
"697","REACTOME_RHOF_GTPASE_CYCLE",0.05,0.21154692510652,0.276500599254472,-0.439516748780647,-1.42016192854713,40
"698","REACTOME_RHOG_GTPASE_CYCLE",0.0622710622710623,0.230393700787402,0.245041785430996,-0.379638644517305,-1.34476240199678,67
"699","REACTOME_RHOH_GTPASE_CYCLE",0.697718631178707,0.888612921514879,0.059989249649033,-0.278161235632084,-0.865655018757115,34
"700","REACTOME_RHOJ_GTPASE_CYCLE",0.182926829268293,0.412685172827973,0.14551614609036,-0.488952733388443,-1.25288663737133,16
"701","REACTOME_RHOQ_GTPASE_CYCLE",0.0931098696461825,0.283723674655047,0.199915231309662,-0.387451171741597,-1.3322070821989,57
"702","REACTOME_RHOU_GTPASE_CYCLE",0.0298421320551298,0.145751755216094,0.352487857583619,-0.476092709431273,-1.51627738113455,38
"703","REACTOME_RHOV_GTPASE_CYCLE",0.00944445958932951,0.0671205486844716,0.380730400722792,-0.515713167437587,-1.61983267756963,35
"704","REACTOME_RHO_GTPASES_ACTIVATE_FORMINS",0.280135823429542,0.520941380836653,0.102821842840815,-0.274801899188198,-1.0838718774947,124
"705","REACTOME_RHO_GTPASES_ACTIVATE_IQGAPS",0.00158225137421606,0.0241487873671337,0.45505986738723,-0.655755558314259,-1.82508760393797,22
"706","REACTOME_RHO_GTPASES_ACTIVATE_KTN1",0.717092337917485,0.901061901061901,0.0602484086158019,-0.346640039971952,-0.810001110481524,11
"707","REACTOME_RHO_GTPASES_ACTIVATE_NADPH_OXIDASES",0.0249345614581926,0.128254567500427,0.352487857583619,0.543510624313152,1.53052945882231,22
"708","REACTOME_RHO_GTPASES_ACTIVATE_PAKS",0.155818540433925,0.378765172699698,0.156312403073186,-0.451953861709394,-1.25787022328588,22
"709","REACTOME_RHO_GTPASES_ACTIVATE_PKNS",0.0613861386138614,0.230393700787402,0.257206466468838,-0.528808937852863,-1.44427583449145,20
"710","REACTOME_RHO_GTPASES_ACTIVATE_WASPS_AND_WAVES",0.121153846153846,0.327890205724508,0.176694268938498,-0.41564768057496,-1.26777748351417,31
"711","REACTOME_RHO_GTPASE_CYCLE",0.000669266609792617,0.0135453742112375,0.477270815362862,-0.314019995888472,-1.38272845877542,403
"712","REACTOME_RHO_GTPASE_EFFECTORS",0.0423452768729642,0.187730727470141,0.282013350011725,-0.293959849281965,-1.23455844838252,230
"713","REACTOME_RIBAVIRIN_ADME",0.591355599214145,0.813223135699216,0.0696133438850965,-0.376933633781753,-0.880788791640344,11
"714","REACTOME_RIPK1_MEDIATED_REGULATED_NECROSIS",0.00883753487979725,0.0652995632785019,0.380730400722792,-0.583504092323515,-1.71543892311746,27
"715","REACTOME_RMTS_METHYLATE_HISTONE_ARGININES",0.94280442804428,1,0.0446854397644147,-0.216143681541235,-0.724222550623274,48
"716","REACTOME_RNA_POLYMERASE_III_TRANSCRIPTION",0.773764258555133,0.934337904947897,0.0551351763385257,-0.264823637467086,-0.824147585978209,34
"717","REACTOME_RNA_POLYMERASE_III_TRANSCRIPTION_INITIATION_FROM_TYPE_1_PROMOTER",0.494208494208494,0.732656223102083,0.0778840111977068,-0.331504030734574,-0.974585996865849,27
"718","REACTOME_RNA_POLYMERASE_III_TRANSCRIPTION_INITIATION_FROM_TYPE_3_PROMOTER",0.919540229885057,1,0.0475434194201301,-0.234870153441189,-0.683331663885745,26
"719","REACTOME_RNA_POLYMERASE_II_PRE_TRANSCRIPTION_EVENTS",0.0776173285198556,0.262769937643584,0.216542836735348,-0.359564770955648,-1.30030482915045,74
"720","REACTOME_RNA_POLYMERASE_II_PROMOTER_ESCAPE",0.281191806331471,0.521493170706374,0.108394255853397,-0.345581249876585,-1.12480870772712,43
"721","REACTOME_RNA_POLYMERASE_II_TRANSCRIBES_SNRNA_GENES",0.901818181818182,1,0.0460457683018055,-0.218787903150568,-0.774930249095071,68
"722","REACTOME_RNA_POLYMERASE_II_TRANSCRIPTION_TERMINATION",0.998165137614679,1,0.0418238690062304,-0.163409525317402,-0.571544583804831,62
"723","REACTOME_RNA_POLYMERASE_I_TRANSCRIPTION",0.587360594795539,0.811324501119654,0.0672065093710464,-0.282663995520212,-0.931658001421804,45
"724","REACTOME_RNA_POLYMERASE_I_TRANSCRIPTION_TERMINATION",0.998095238095238,1,0.0435378240914002,-0.170984182503817,-0.516855844009095,30
"725","REACTOME_RND1_GTPASE_CYCLE",0.00902885666486901,0.0660850655362539,0.380730400722792,-0.496083687804758,-1.60294043116247,40
"726","REACTOME_RND2_GTPASE_CYCLE",0.00839971205088986,0.0635783082876298,0.380730400722792,-0.491750692310185,-1.60224462604405,41
"727","REACTOME_RND3_GTPASE_CYCLE",0.054820415879017,0.216899641577061,0.266350657088526,-0.445972753490351,-1.42035024969718,38
"728","REACTOME_ROLE_OF_LAT2_NTAL_LAB_ON_CALCIUM_MOBILIZATION",0.47843137254902,0.717883686361947,0.080419996876154,0.421138275300062,0.996486597439494,12
"729","REACTOME_ROLE_OF_PHOSPHOLIPIDS_IN_PHAGOCYTOSIS",0.0804828973843058,0.268789037468928,0.224966093540314,0.517140017324856,1.42928369400276,20
"730","REACTOME_ROS_AND_RNS_PRODUCTION_IN_PHAGOCYTES",0.0321282199766557,0.152609044889115,0.321775918075361,0.484054855514164,1.48072920263137,31
"731","REACTOME_RUNX1_INTERACTS_WITH_CO_FACTORS_WHOSE_PRECISE_EFFECT_ON_RUNX1_TARGETS_IS_NOT_KNOWN",0.954198473282443,1,0.0456790414930062,-0.218637841800173,-0.671355270082309,32
"732","REACTOME_RUNX1_REGULATES_GENES_INVOLVED_IN_MEGAKARYOCYTE_DIFFERENTIATION_AND_PLATELET_FUNCTION",0.0683918669131238,0.241184954909539,0.234392647294686,-0.409876949673731,-1.38227127044995,50
"733","REACTOME_RUNX1_REGULATES_TRANSCRIPTION_OF_GENES_INVOLVED_IN_DIFFERENTIATION_OF_HSCS",0.997844827586207,1,0.0491927521045191,0.181632600579015,0.612628983754511,46
"734","REACTOME_SCF_SKP2_MEDIATED_DEGRADATION_OF_P27_P21",0.00561034712133492,0.049782443420106,0.407017918923954,-0.505790983383502,-1.65091454542039,44
"735","REACTOME_SEALING_OF_THE_NUCLEAR_ENVELOPE_NE_BY_ESCRT_III",0.00392356092713168,0.0415094911722681,0.407017918923954,-0.632225103024058,-1.72672466914805,20
"736","REACTOME_SELECTIVE_AUTOPHAGY",0.000314861544000014,0.00813640494965022,0.49849310876659,-0.529361053872083,-1.82014817980469,57
"737","REACTOME_SEMA3A_PAK_DEPENDENT_AXON_REPULSION",0.68762677484787,0.883007623977058,0.0637845390312975,-0.351321901545448,-0.851409650591689,13
"738","REACTOME_SEMA4D_INDUCED_CELL_MIGRATION_AND_GROWTH_CONE_COLLAPSE",0.569744597249509,0.793235911565004,0.0714786287425507,-0.384514206205437,-0.898502475500312,11
"739","REACTOME_SEMA4D_IN_SEMAPHORIN_SIGNALING",0.325910931174089,0.575755364180412,0.104343952581949,-0.435156332181851,-1.09604956736012,15
"740","REACTOME_SEMAPHORIN_INTERACTIONS",0.496746203904555,0.734080501325621,0.0838361057159929,0.283114365157481,0.966949759878612,50
"741","REACTOME_SENESCENCE_ASSOCIATED_SECRETORY_PHENOTYPE_SASP",0.429942418426104,0.681901859548045,0.0850427463764322,-0.321141801458821,-1.01207157094984,37
"742","REACTOME_SENSORY_PERCEPTION",0.0553905721846135,0.216899641577061,0.321775918075361,-0.374218190030057,-1.35962663114098,78
"743","REACTOME_SEPARATION_OF_SISTER_CHROMATIDS",0.712820512820513,0.899235633381975,0.0540088272801684,-0.225572211741559,-0.911965733967878,159
"744","REACTOME_SEROTONIN_NEUROTRANSMITTER_RELEASE_CYCLE",0.173913043478261,0.401769338655734,0.147331213699377,0.475480720739313,1.25041682302917,17
"745","REACTOME_SHC1_EVENTS_IN_EGFR_SIGNALING",0.00688763029999942,0.0567467593743315,0.407017918923954,-0.699921037320192,-1.65830866009254,12
"746","REACTOME_SHC1_EVENTS_IN_ERBB2_SIGNALING",0.00304618141090083,0.0346630876665371,0.431707695803346,-0.743022875785948,-1.80067580265191,13
"747","REACTOME_SHC1_EVENTS_IN_ERBB4_SIGNALING",0.0873015873015873,0.277398558968525,0.213927855492356,-0.629641084152869,-1.41445196097073,10
"748","REACTOME_SHC_MEDIATED_CASCADE_FGFR1",0.190669371196755,0.420647356834546,0.142056643575821,-0.503304991409381,-1.21973245901232,13
"749","REACTOME_SHC_MEDIATED_CASCADE_FGFR2",0.0528455284552846,0.216899641577061,0.282013350011725,-0.629683058992057,-1.49189524840986,12
"750","REACTOME_SHC_MEDIATED_CASCADE_FGFR3",0.0667976424361493,0.237243580716331,0.245041785430996,-0.634301359821358,-1.48218539865393,11
"751","REACTOME_SHC_MEDIATED_CASCADE_FGFR4",0.0833333333333333,0.270325203252033,0.222056046145248,-0.603729710967537,-1.43040450946559,12
"752","REACTOME_SIALIC_ACID_METABOLISM",0.0276649735183609,0.138426942505269,0.352487857583619,0.483888325188123,1.46186746668948,29
"753","REACTOME_SIGNALING_BY_ACTIVIN",0.000107473800944766,0.00384838879536835,0.538434096309916,-0.791126535444226,-1.9926491533585,15
"754","REACTOME_SIGNALING_BY_ALK",0.289370078740157,0.529426535209187,0.110122263835536,0.452106582047174,1.13699209956652,15
"755","REACTOME_SIGNALING_BY_BMP",0.0181994404649599,0.107238475144795,0.352487857583619,-0.565357670539702,-1.64485266450511,26
"756","REACTOME_SIGNALING_BY_CSF3_G_CSF",0.752032520325203,0.916416592176393,0.0596037042575973,-0.316289692377884,-0.810456925708036,16
"757","REACTOME_SIGNALING_BY_EGFR",0.00268864007327267,0.0312890488527107,0.431707695803346,-0.528199031066356,-1.72405497905689,44
"758","REACTOME_SIGNALING_BY_ERBB2",0.00561456128798188,0.049782443420106,0.407017918923954,-0.529124476481313,-1.69584211682866,39
"759","REACTOME_SIGNALING_BY_ERBB4",0.00595845121945363,0.0520099796878242,0.407017918923954,-0.585882530230729,-1.74471350094031,28
"760","REACTOME_SIGNALING_BY_ERYTHROPOIETIN",0.0381786003981064,0.175961767181371,0.321775918075361,0.603534915196328,1.51781561613977,15
"761","REACTOME_SIGNALING_BY_FGFR",0.00482622058641427,0.0483141007091579,0.407017918923954,-0.454649307246498,-1.59560345199213,64
"762","REACTOME_SIGNALING_BY_FGFR1",0.0470809792843691,0.202869894356251,0.287857117255149,-0.450868218416281,-1.44503108042637,39
"763","REACTOME_SIGNALING_BY_FGFR2",0.0193529235724467,0.109920546193045,0.352487857583619,-0.449104515232214,-1.51078954825873,49
"764","REACTOME_SIGNALING_BY_FGFR3",0.0240796553130679,0.12665626608173,0.352487857583619,-0.506926318767115,-1.53235127659222,30
"765","REACTOME_SIGNALING_BY_FGFR4",0.0495238095238095,0.210532724505327,0.282013350011725,-0.474400997252849,-1.4340328107742,30
"766","REACTOME_SIGNALING_BY_GPCR",8.14237926890331e-08,1.89513877483725e-05,0.704975715167238,0.357215728610483,1.64489371473337,460
"767","REACTOME_SIGNALING_BY_HEDGEHOG",0.844856661045531,0.971772497897393,0.0455878202571231,-0.216491381176911,-0.844343476713698,112
"768","REACTOME_SIGNALING_BY_HIPPO",0.0179233533290883,0.106284343626632,0.352487857583619,-0.577358281044368,-1.57687314541556,20
"769","REACTOME_SIGNALING_BY_INSULIN_RECEPTOR",0.0117857121798187,0.0783749859957942,0.380730400722792,-0.442980817811803,-1.53162761657954,59
"770","REACTOME_SIGNALING_BY_INTERLEUKINS",0.0939086294416244,0.284784801336001,0.234392647294686,0.270960786803373,1.17384402540826,233
"771","REACTOME_SIGNALING_BY_MET",0.00172965125942855,0.024773928038892,0.45505986738723,-0.482485424134058,-1.67858965952454,61
"772","REACTOME_SIGNALING_BY_NOTCH",0.0171516160110561,0.102359964783931,0.352487857583619,-0.503267300176132,-1.55192605306772,33
"773","REACTOME_SIGNALING_BY_NOTCH1",0.779960707269155,0.938169791301788,0.0562940749700968,0.320321101671995,0.777393683481631,13
"774","REACTOME_SIGNALING_BY_NOTCH3",0.0135407023712609,0.0863451637509859,0.380730400722792,-0.630352019231913,-1.61520647663152,16
"775","REACTOME_SIGNALING_BY_NTRK1_TRKA",0.0532110091743119,0.216899641577061,0.266350657088526,-0.387999697141342,-1.35707588029713,62
"776","REACTOME_SIGNALING_BY_NTRKS",0.0507485417740275,0.21282383960189,0.321775918075361,-0.376674909284184,-1.36218073383626,74
"777","REACTOME_SIGNALING_BY_NUCLEAR_RECEPTORS",0.0216099470758301,0.117654156301742,0.352487857583619,-0.338372012754677,-1.37312907173253,170
"778","REACTOME_SIGNALING_BY_PDGF",0.167279411764706,0.395071729957806,0.144630528034484,-0.35501002225335,-1.20899878834531,52
"779","REACTOME_SIGNALING_BY_PTK6",0.00355182402802442,0.0389029196481263,0.431707695803346,-0.515817964097716,-1.67890051276332,43
"780","REACTOME_SIGNALING_BY_RECEPTOR_TYROSINE_KINASES",0.000198076978594653,0.00558817172944309,0.518848077743792,-0.337518380930336,-1.47836996494611,372
"781","REACTOME_SIGNALING_BY_RETINOIC_ACID",0.992380952380952,1,0.0438002031299891,-0.185912973683838,-0.561983018069261,30
"782","REACTOME_SIGNALING_BY_ROBO_RECEPTORS",0.0810276679841897,0.269363191852559,0.222056046145248,0.534743207336208,1.40626501409794,17
"783","REACTOME_SIGNALING_BY_SCF_KIT",0.125523012552301,0.3325,0.181383128498408,0.413585725213323,1.27695911988591,32
"784","REACTOME_SIGNALING_BY_TGFBR3",0.305555555555556,0.549174174174174,0.107140237276725,-0.405037589925694,-1.1175911435184,21
"785","REACTOME_SIGNALING_BY_TGFB_FAMILY_MEMBERS",6.12986557574863e-05,0.00237787702125916,0.538434096309916,-0.475335753501415,-1.81705716292259,102
"786","REACTOME_SIGNALING_BY_TGF_BETA_RECEPTOR_COMPLEX",0.00171261049884315,0.024773928038892,0.45505986738723,-0.481996222579149,-1.69394707843275,66
"787","REACTOME_SIGNALING_BY_THE_B_CELL_RECEPTOR_BCR",4.72009531080073e-06,0.000255902081923785,0.610526878385931,0.53685983072377,2.01847131105501,82
"788","REACTOME_SIGNALING_BY_TYPE_1_INSULIN_LIKE_GROWTH_FACTOR_1_RECEPTOR_IGF1R",0.0627376425855513,0.230393700787402,0.248911114434702,-0.450798461133185,-1.40291277266283,34
"789","REACTOME_SIGNALING_BY_VEGF",0.148672566371681,0.370432263814617,0.151148761385484,-0.315467725427255,-1.19091996521819,95
"790","REACTOME_SIGNALING_BY_WNT",0.000799544060510511,0.0155078233403185,0.477270815362862,-0.365140851454502,-1.51138717661843,203
"791","REACTOME_SIGNALLING_TO_ERKS",0.262857142857143,0.503539094650206,0.114266502484433,-0.392378691245896,-1.13184542101127,25
"792","REACTOME_SIGNALLING_TO_RAS",0.847560975609756,0.971772497897393,0.0540088272801684,-0.310314494458771,-0.735221812282529,12
"793","REACTOME_SIGNAL_AMPLIFICATION",0.41233140655106,0.666459269963605,0.0875697115548511,-0.335382439671161,-1.03421928204938,33
"794","REACTOME_SIGNAL_TRANSDUCTION_BY_L1",0.0348328834722127,0.162961881973015,0.321775918075361,-0.572773468307204,-1.55010581133089,19
"795","REACTOME_SLBP_DEPENDENT_PROCESSING_OF_REPLICATION_DEPENDENT_HISTONE_PRE_MRNAS",0.744421906693712,0.913439306358382,0.059989249649033,0.353034415302349,0.810976036176699,11
"796","REACTOME_SLC_MEDIATED_TRANSMEMBRANE_TRANSPORT",0.00140987079403987,0.0226308570560537,0.45505986738723,-0.3683707738844,-1.518388977384,196
"797","REACTOME_SMAD2_SMAD3_SMAD4_HETEROTRIMER_REGULATES_TRANSCRIPTION",0.00243129440393323,0.0290196806418184,0.431707695803346,-0.668344441478975,-1.8441148357457,21
"798","REACTOME_SMOOTH_MUSCLE_CONTRACTION",0.190384615384615,0.420647356834546,0.138022242496643,-0.386340237589963,-1.17838611180157,31
"799","REACTOME_SNRNP_ASSEMBLY",0.310344827586207,0.555636604774536,0.11146266692298,0.319421986093174,1.07737909442077,46
"800","REACTOME_SODIUM_CALCIUM_EXCHANGERS",0.815415821501014,0.952512082581486,0.0557104226766671,0.331299451678424,0.761047378000189,11
"801","REACTOME_SPHINGOLIPID_CATABOLISM",0.00688763029999942,0.0567467593743315,0.407017918923954,-0.700051474952069,-1.65861770331744,12
"802","REACTOME_SPHINGOLIPID_DE_NOVO_BIOSYNTHESIS",0.0912698412698413,0.282324637954621,0.208955027549354,-0.475319176629484,-1.34962461600045,24
"803","REACTOME_SPHINGOLIPID_METABOLISM",0.0603448275862069,0.229310344827586,0.241339976815091,-0.358282339269141,-1.33104851817253,85
"804","REACTOME_SPRY_REGULATION_OF_FGF_SIGNALING",0.103448275862069,0.302492794782159,0.197822021315103,-0.569033581995345,-1.37902214775221,13
"805","REACTOME_STABILIZATION_OF_P53",0.158490566037736,0.382266106168736,0.151148761385484,-0.389527424037458,-1.22838481373187,36
"806","REACTOME_STIMULI_SENSING_CHANNELS",0.0653357531760436,0.235484038952247,0.237793834423688,-0.358049025128725,-1.30088008223219,78
"807","REACTOME_STRIATED_MUSCLE_CONTRACTION",0.0920502092050209,0.282834141154701,0.213927855492356,0.435256110457129,1.34386712560648,32
"808","REACTOME_SULFUR_AMINO_ACID_METABOLISM",0.154761904761905,0.378264536767504,0.157402899305283,-0.460635004005666,-1.27099709675277,21
"809","REACTOME_SUMOYLATION",0.348717948717949,0.602331002331002,0.0902635484340068,-0.257947083753183,-1.04073426347343,155
"810","REACTOME_SUMOYLATION_OF_CHROMATIN_ORGANIZATION_PROTEINS",1,1,0.0497903187820785,0.168621210321634,0.599251194453624,62
"811","REACTOME_SUMOYLATION_OF_DNA_DAMAGE_RESPONSE_AND_REPAIR_PROTEINS",0.86,0.977606837606838,0.0574877409561325,0.220399725191934,0.799715210572733,69
"812","REACTOME_SUMOYLATION_OF_DNA_REPLICATION_PROTEINS",1,1,0.0484087618816951,0.136115500064208,0.443284886925386,39
"813","REACTOME_SUMOYLATION_OF_IMMUNE_RESPONSE_PROTEINS",0.37721021611002,0.631018122423582,0.0937465422491719,-0.453050554365098,-1.05865280932258,11
"814","REACTOME_SUMOYLATION_OF_INTRACELLULAR_RECEPTORS",0.000554895763094364,0.0123001894152584,0.477270815362862,-0.660595857768446,-1.92193882462794,26
"815","REACTOME_SUMOYLATION_OF_RNA_BINDING_PROTEINS",0.997849462365591,1,0.0490939668192139,0.155868823060358,0.518245603138372,43
"816","REACTOME_SUMOYLATION_OF_SUMOYLATION_PROTEINS",0.985477178423237,1,0.0480220415968251,0.183024458662527,0.559873860679558,31
"817","REACTOME_SUMOYLATION_OF_TRANSCRIPTION_COFACTORS",0.337811900191939,0.590545359006118,0.0988903007520636,-0.340040358680057,-1.07162997290405,37
"818","REACTOME_SUMOYLATION_OF_TRANSCRIPTION_FACTORS",0.742632612966601,0.913330201680193,0.0585937568945671,0.332173320969074,0.80615807136833,13
"819","REACTOME_SUMOYLATION_OF_UBIQUITINYLATION_PROTEINS",0.857446808510638,0.977090549233053,0.0555947097758869,0.242816640730749,0.769825063841684,35
"820","REACTOME_SURFACTANT_METABOLISM",0.491967871485944,0.731089521165857,0.0802023444698144,0.366916878909043,0.979962840448056,18
"821","REACTOME_SWITCHING_OF_ORIGINS_TO_A_POST_REPLICATIVE_STATE",0.483636363636364,0.722737487231869,0.0758886900606117,-0.273693065101391,-0.98155407183162,72
"822","REACTOME_SYNAPTIC_ADHESION_LIKE_MOLECULES",0.108910891089109,0.309134267085245,0.190023305279108,-0.498376173488333,-1.34876324672702,19
"823","REACTOME_SYNDECAN_INTERACTIONS",0.228282828282828,0.467101787101787,0.128142916898415,-0.478846943619246,-1.17827286911059,14
"824","REACTOME_SYNTHESIS_OF_ACTIVE_UBIQUITIN_ROLES_OF_E1_AND_E2_ENZYMES",0.977011494252874,1,0.044774889329693,-0.203386802898463,-0.591733944908454,26
"825","REACTOME_SYNTHESIS_OF_BILE_ACIDS_AND_BILE_SALTS",0.0613026819923372,0.230393700787402,0.252961123069611,-0.490009983453817,-1.42563596271489,26
"826","REACTOME_SYNTHESIS_OF_BILE_ACIDS_AND_BILE_SALTS_VIA_7ALPHA_HYDROXYCHOLESTEROL",0.0813008130081301,0.269363191852559,0.224966093540314,-0.55540292200284,-1.42315780609724,16
"827","REACTOME_SYNTHESIS_OF_GLYCOSYLPHOSPHATIDYLINOSITOL_GPI",0.473790322580645,0.716493014444707,0.0824344091527096,-0.379597726287097,-0.990351276919152,17
"828","REACTOME_SYNTHESIS_OF_IP2_IP_AND_INS_IN_THE_CYTOSOL",0.961847389558233,1,0.0476387259290825,0.260781925343617,0.583496113523418,10
"829","REACTOME_SYNTHESIS_OF_IP3_AND_IP4_IN_THE_CYTOSOL",0.329501915708812,0.580996749100197,0.10027910675413,-0.373568098091016,-1.08685972356674,26
"830","REACTOME_SYNTHESIS_OF_LEUKOTRIENES_LT_AND_EOXINS_EX",0.214859437751004,0.452565919787748,0.132147260608774,0.446571779795659,1.19270541898669,18
"831","REACTOME_SYNTHESIS_OF_PA",0.166030534351145,0.394322519083969,0.148261500475107,-0.394623865137399,-1.21174271287576,32
"832","REACTOME_SYNTHESIS_OF_PC",0.125714285714286,0.3325,0.172324344900946,-0.452169347253874,-1.30431600040743,25
"833","REACTOME_SYNTHESIS_OF_PE",0.0244893014321534,0.127371729795167,0.352487857583619,-0.681917036260038,-1.53188683749102,10
"834","REACTOME_SYNTHESIS_OF_PIPS_AT_THE_EARLY_ENDOSOME_MEMBRANE",0.540485829959514,0.773614200964034,0.0756946307932749,-0.372527542364004,-0.938303366954486,15
"835","REACTOME_SYNTHESIS_OF_PIPS_AT_THE_GOLGI_MEMBRANE",0.0951417004048583,0.286656708986806,0.206587922696891,-0.555167179954165,-1.39832676764776,15
"836","REACTOME_SYNTHESIS_OF_PIPS_AT_THE_LATE_ENDOSOME_MEMBRANE",0.0289418513722798,0.142565416019008,0.352487857583619,-0.676753808226869,-1.52028794694804,10
"837","REACTOME_SYNTHESIS_OF_PIPS_AT_THE_PLASMA_MEMBRANE",0.266294227188082,0.50699371270369,0.111918316325105,-0.336180089579686,-1.11891588731923,47
"838","REACTOME_SYNTHESIS_OF_VERY_LONG_CHAIN_FATTY_ACYL_COAS",0.341269841269841,0.592765339966833,0.10027910675413,-0.414582588063313,-1.10380702599794,18
"839","REACTOME_SYNTHESIS_SECRETION_AND_DEACYLATION_OF_GHRELIN",0.994117647058824,1,0.0450442767152794,0.204744574740531,0.484461367188769,12
"840","REACTOME_S_PHASE",0.590219224283305,0.812861091431593,0.062249042949858,-0.236819589583776,-0.938834135974397,129
"841","REACTOME_TAK1_DEPENDENT_IKK_AND_NF_KAPPA_B_ACTIVATION",0.262357414448669,0.503539094650206,0.114266502484433,-0.365243692523499,-1.1366610260552,34
"842","REACTOME_TBC_RABGAPS",0.00179297182576601,0.0249862350266177,0.45505986738723,-0.576291873127123,-1.77711202727492,33
"843","REACTOME_TCF_DEPENDENT_SIGNALING_IN_RESPONSE_TO_WNT",0.00208396663194277,0.0271314137507412,0.431707695803346,-0.401059158333286,-1.58884014883144,128
"844","REACTOME_TCR_SIGNALING",0.000927672060010281,0.0172732537573914,0.477270815362862,0.447449559058579,1.70161807655014,88
"845","REACTOME_TELOMERE_C_STRAND_LAGGING_STRAND_SYNTHESIS",0.0543933054393305,0.216899641577061,0.282013350011725,0.461838780930527,1.42594196867419,32
"846","REACTOME_TELOMERE_C_STRAND_SYNTHESIS_INITIATION",0.0882352941176471,0.277457563709918,0.211400189384923,0.600387142163096,1.42062067384935,12
"847","REACTOME_TELOMERE_EXTENSION_BY_TELOMERASE",1,1,0.0452247443372884,-0.155352082331876,-0.424295510701606,20
"848","REACTOME_TELOMERE_MAINTENANCE",1,1,0.0408229003677776,-0.132508861648717,-0.484870195325137,80
"849","REACTOME_TERMINATION_OF_O_GLYCAN_BIOSYNTHESIS",0.303212851405622,0.54707590050123,0.108394255853397,0.507801811825627,1.13619984686433,10
"850","REACTOME_TERMINATION_OF_TRANSLESION_DNA_SYNTHESIS",0.401656314699793,0.652632040132314,0.0931454575337804,0.343867462546056,1.03133088022674,28
"851","REACTOME_TGFBR3_PTM_REGULATION",0.0753968253968254,0.259020090200902,0.231126709673834,-0.640891010389509,-1.43972426391709,10
"852","REACTOME_TGF_BETA_RECEPTOR_SIGNALING_ACTIVATES_SMADS",0.10019267822736,0.295187922245799,0.195789002148949,-0.423141199994861,-1.30484108975199,33
"853","REACTOME_TGF_BETA_RECEPTOR_SIGNALING_IN_EMT_EPITHELIAL_TO_MESENCHYMAL_TRANSITION",0.640471512770137,0.842201946877116,0.0656813601934011,-0.366797399914614,-0.8571032396506,11
"854","REACTOME_THE_CANONICAL_RETINOID_CYCLE_IN_RODS_TWILIGHT_VISION",0.416173570019724,0.669184099634478,0.0883594442500905,0.419257609874796,1.03066807442785,14
"855","REACTOME_THE_NLRP3_INFLAMMASOME",0.630522088353414,0.835015738630196,0.0675188953767744,0.390959105400014,0.874765834506804,10
"856","REACTOME_THE_PHOTOTRANSDUCTION_CASCADE",0.0409515108905025,0.185894992720034,0.321775918075361,-0.526009591535975,-1.51731365864335,25
"857","REACTOME_THE_ROLE_OF_GTSE1_IN_G2_M_PROGRESSION_AFTER_G2_CHECKPOINT",0.176146788990826,0.405922427105096,0.140406238523342,-0.353047574725594,-1.18765358138902,49
"858","REACTOME_THROMBIN_SIGNALLING_THROUGH_PROTEINASE_ACTIVATED_RECEPTORS_PARS",0.50381679389313,0.741000687384682,0.0762797180809272,-0.316781599122423,-0.972718145609557,32
"859","REACTOME_THROMBOXANE_SIGNALLING_THROUGH_TP_RECEPTOR",0.670682730923695,0.870858608772608,0.0645031249656493,0.300101518571069,0.868825590576058,24
"860","REACTOME_TIE2_SIGNALING",0.729838709677419,0.907241462191197,0.060640400949416,-0.312035534435656,-0.814084934056694,17
"861","REACTOME_TNFR1_INDUCED_NF_KAPPA_B_SIGNALING_PATHWAY",0.428571428571429,0.680887372013652,0.0855356947987884,-0.336925608197162,-1.0100686482182,29
"862","REACTOME_TNFR1_INDUCED_PROAPOPTOTIC_SIGNALING",0.0848126232741617,0.272277766442223,0.216542836735348,-0.494410720955484,-1.37603542452546,22
"863","REACTOME_TNFR2_NON_CANONICAL_NF_KB_PATHWAY",0.00122171430094512,0.0214606795128285,0.45505986738723,0.456427102807486,1.68353533509744,76
"864","REACTOME_TNFS_BIND_THEIR_PHYSIOLOGICAL_RECEPTORS",5.35331888449517e-05,0.00216693038324565,0.557332238758646,0.71754097300488,2.04601914675329,23
"865","REACTOME_TNF_RECEPTOR_SUPERFAMILY_TNFSF_MEMBERS_MEDIATING_NON_CANONICAL_NF_KB_PATHWAY",0.0108123768123218,0.0739383725599905,0.380730400722792,0.629730840474149,1.6560630169922,17
"866","REACTOME_TNF_SIGNALING",0.0126568591927082,0.081830110475079,0.380730400722792,-0.454984623094114,-1.54946571520725,52
"867","REACTOME_TOLL_LIKE_RECEPTOR_4_TLR4_CASCADE",0.0833333333333333,0.270325203252033,0.20207170902116,-0.326422339126288,-1.2685718734891,111
"868","REACTOME_TOLL_LIKE_RECEPTOR_9_TLR9_CASCADE",0.239786856127886,0.480354665279223,0.115734447701689,-0.297698793619189,-1.11573566500136,92
"869","REACTOME_TOLL_LIKE_RECEPTOR_CASCADES",0.255652173913043,0.496893891258963,0.110122263835536,-0.274381748497019,-1.09049571914684,137
"870","REACTOME_TP53_REGULATES_METABOLIC_GENES",0.267889908256881,0.508990825688073,0.110564716336619,-0.315118113134778,-1.10216372314375,62
"871","REACTOME_TP53_REGULATES_TRANSCRIPTION_OF_ADDITIONAL_CELL_CYCLE_GENES_WHOSE_EXACT_ROLE_IN_THE_P53_PATHWAY_REMAIN_UNCERTAIN",0.399193548387097,0.652189141856392,0.0919686140000427,-0.400618182866971,-1.04519258542467,17
"872","REACTOME_TP53_REGULATES_TRANSCRIPTION_OF_CELL_CYCLE_GENES",0.0635838150289017,0.232143261929049,0.248911114434702,-0.45199150554401,-1.39380681592776,33
"873","REACTOME_TP53_REGULATES_TRANSCRIPTION_OF_CELL_DEATH_GENES",0.789473684210526,0.939897698209719,0.0571258510018113,-0.310657022359373,-0.782467057866646,15
"874","REACTOME_TP53_REGULATES_TRANSCRIPTION_OF_DNA_REPAIR_GENES",0.100185528756957,0.295187922245799,0.191892240384838,-0.397535785361451,-1.29405958051818,42
"875","REACTOME_TP53_REGULATES_TRANSCRIPTION_OF_GENES_INVOLVED_IN_G1_CELL_CYCLE_ARREST",0.0932539682539683,0.283723674655047,0.206587922696891,-0.622339915954795,-1.39805031257919,10
"876","REACTOME_TRAF6_MEDIATED_INDUCTION_OF_TAK1_COMPLEX_WITHIN_TLR4_COMPLEX",0.787018255578093,0.938174130529072,0.0573667426768556,-0.319312073064195,-0.773835560383145,13
"877","REACTOME_TRAF6_MEDIATED_NF_KB_ACTIVATION",0.846464646464646,0.971772497897393,0.05378728077603,-0.295054158072255,-0.72602386630506,14
"878","REACTOME_TRAFFICKING_AND_PROCESSING_OF_ENDOSOMAL_TLR",0.00416930449098991,0.0436137357428271,0.407017918923954,0.735443153978451,1.68942955132558,11
"879","REACTOME_TRAFFICKING_OF_AMPA_RECEPTORS",0.797101449275362,0.943669553915245,0.0577308549299813,0.269186899629345,0.807348157004117,28
"880","REACTOME_TRAFFICKING_OF_GLUR2_CONTAINING_AMPA_RECEPTORS",0.833333333333333,0.96737323358271,0.0531298054705469,0.291809599792102,0.753839642447374,16
"881","REACTOME_TRANSCRIPTIONAL_ACTIVITY_OF_SMAD2_SMAD3_SMAD4_HETEROTRIMER",0.000593258658507827,0.0125528138879724,0.477270815362862,-0.604116664425217,-1.86291537377006,33
"882","REACTOME_TRANSCRIPTIONAL_AND_POST_TRANSLATIONAL_REGULATION_OF_MITF_M_EXPRESSION_AND_ACTIVITY",0.0876190476190476,0.277457563709918,0.208955027549354,-0.44977170253531,-1.35958267905925,30
"883","REACTOME_TRANSCRIPTIONAL_REGULATION_BY_E2F6",0.859344894026975,0.977606837606838,0.0509082865515105,-0.260787704843729,-0.740945670790521,23
"884","REACTOME_TRANSCRIPTIONAL_REGULATION_BY_RUNX1",0.968695652173913,1,0.0407403526717903,-0.191560806905017,-0.761334312615568,137
"885","REACTOME_TRANSCRIPTIONAL_REGULATION_BY_RUNX2",0.0326962939655529,0.154519033918425,0.321775918075361,-0.446825706299356,-1.48033212644073,46
"886","REACTOME_TRANSCRIPTIONAL_REGULATION_BY_RUNX3",0.459259259259259,0.705643982119731,0.0795564677235957,-0.28387914455559,-0.981525881233617,59
"887","REACTOME_TRANSCRIPTIONAL_REGULATION_BY_SMALL_RNAS",0.945492662473795,1,0.0503964322442957,0.217814259751723,0.662503797766092,30
"888","REACTOME_TRANSCRIPTIONAL_REGULATION_BY_THE_AP_2_TFAP2_FAMILY_OF_TRANSCRIPTION_FACTORS",0.299595141700405,0.542651900628554,0.109684061970549,-0.440698483076248,-1.11000885426649,15
"889","REACTOME_TRANSCRIPTIONAL_REGULATION_BY_TP53",0.103059581320451,0.302492794782159,0.175204047558551,-0.274351357661159,-1.16703734269255,273
"890","REACTOME_TRANSCRIPTION_COUPLED_NUCLEOTIDE_EXCISION_REPAIR_TC_NER",0.989051094890511,1,0.0419926218968594,-0.18590556926501,-0.660654189180629,70
"891","REACTOME_TRANSFERRIN_ENDOCYTOSIS_AND_RECYCLING",0.82046332046332,0.957207207207207,0.0531298054705469,-0.269132307591436,-0.791219876577659,27
"892","REACTOME_TRANSLATION",9.07136396296753e-07,6.49649219194059e-05,0.659444398037935,0.418794197490778,1.79361740554392,209
"893","REACTOME_TRANSLESION_SYNTHESIS_BY_POLH",0.594117647058824,0.813425505495116,0.0692836467392548,0.346580211589405,0.895330047298066,16
"894","REACTOME_TRANSLESION_SYNTHESIS_BY_POLK",0.106508875739645,0.30642496957051,0.191892240384838,0.572060076430441,1.40630496273564,14
"895","REACTOME_TRANSLESION_SYNTHESIS_BY_Y_FAMILY_DNA_POLYMERASES_BYPASSES_LESIONS_ON_DNA_TEMPLATE",0.440425531914894,0.692081447963801,0.0894366833718621,0.316617495901155,1.00380304769052,35
"896","REACTOME_TRANSLOCATION_OF_ZAP_70_TO_IMMUNOLOGICAL_SYNAPSE",0.00305303242605375,0.0346630876665371,0.431707695803346,0.737810308556283,1.74578784938317,12
"897","REACTOME_TRANSMISSION_ACROSS_CHEMICAL_SYNAPSES",0.0330278383838587,0.155297563309962,0.321775918075361,0.303875657839689,1.28031381236925,183
"898","REACTOME_TRANSPORT_OF_BILE_SALTS_AND_ORGANIC_ACIDS_METAL_IONS_AND_AMINE_COMPOUNDS",0.00427857411878916,0.0442594722732524,0.407017918923954,-0.457234927895649,-1.60467775424569,64
"899","REACTOME_TRANSPORT_OF_CONNEXONS_TO_THE_PLASMA_MEMBRANE",0.581532416502947,0.804467577658609,0.0704500850658419,-0.379619595466115,-0.887065135098014,11
"900","REACTOME_TRANSPORT_OF_INORGANIC_CATIONS_ANIONS_AND_AMINO_ACIDS_OLIGOPEPTIDES",0.0206309262129664,0.114329716096856,0.352487857583619,-0.381898111341904,-1.42607964104021,90
"901","REACTOME_TRANSPORT_OF_MATURE_MRNAS_DERIVED_FROM_INTRONLESS_TRANSCRIPTS",0.808917197452229,0.951309348414999,0.0582216241124161,0.247503960042527,0.806041669679665,39
"902","REACTOME_TRANSPORT_OF_MATURE_TRANSCRIPT_TO_CYTOPLASM",1,1,0.0409883873374721,-0.127985370706289,-0.462837321764556,74
"903","REACTOME_TRANSPORT_OF_NUCLEOSIDES_AND_FREE_PURINE_AND_PYRIMIDINE_BASES_ACROSS_THE_PLASMA_MEMBRANE",0.995983935742972,1,0.0460457683018055,0.185561117345849,0.415190549152128,10
"904","REACTOME_TRANSPORT_OF_THE_SLBP_DEPENDANT_MATURE_MRNA",0.715481171548117,0.901061901061901,0.0633597010643758,0.275408514363711,0.850332573566402,32
"905","REACTOME_TRANSPORT_OF_VITAMINS_NUCLEOSIDES_AND_RELATED_MOLECULES",0.0539499036608863,0.216899641577061,0.271288554688953,-0.457723286071836,-1.4114819152805,33
"906","REACTOME_TRANSPORT_TO_THE_GOLGI_AND_SUBSEQUENT_MODIFICATION",1.47785145949218e-07,2.2931328479787e-05,0.690132458796796,-0.477957169699909,-1.93150636684105,162
"907","REACTOME_TRANS_GOLGI_NETWORK_VESICLE_BUDDING",5.35210125860363e-06,0.000262252961671578,0.610526878385931,-0.568629683594167,-2.01404344575317,68
"908","REACTOME_TRIGLYCERIDE_METABOLISM",0.475609756097561,0.716493014444707,0.0826646449123753,-0.379147778652524,-0.971523734351205,16
"909","REACTOME_TRISTETRAPROLIN_TTP_ZFP36_BINDS_AND_DESTABILIZES_MRNA",0.869918699186992,0.982881442892099,0.052805004567129,-0.278368388896102,-0.713287831111149,16
"910","REACTOME_TRP_CHANNELS",0.824662813102119,0.959356360105424,0.052805004567129,-0.269953907654351,-0.766988533103329,23
"911","REACTOME_TURBULENT_OSCILLATORY_DISTURBED_FLOW_SHEAR_STRESS_ACTIVATES_SIGNALING_BY_PIEZO1_AND_INTEGRINS_IN_ENDOTHELIAL_CELLS",0.173745173745174,0.401769338655734,0.14551614609036,-0.413968386986472,-1.21702228539474,27
"912","REACTOME_UBIQUINOL_BIOSYNTHESIS",0.933062880324544,1,0.0494904866135495,-0.27525780144234,-0.667072412843417,13
"913","REACTOME_UBIQUITIN_MEDIATED_DEGRADATION_OF_PHOSPHORYLATED_CDC25A",0.0655105973025048,0.235484038952247,0.245041785430996,-0.449359582404712,-1.38569075098947,33
"914","REACTOME_UB_SPECIFIC_PROCESSING_PROTEASES",0.0161494007604352,0.0989150796576657,0.352487857583619,-0.343813572544293,-1.37455692112411,143
"915","REACTOME_UCH_PROTEINASES",0.99814126394052,1,0.0424170054438747,-0.162877663124664,-0.572423866966451,66
"916","REACTOME_UNBLOCKING_OF_NMDA_RECEPTORS_GLUTAMATE_BINDING_AND_ACTIVATION",0.21980198019802,0.458824312924566,0.129442887745046,-0.439161420498036,-1.19943174493532,20
"917","REACTOME_UNFOLDED_PROTEIN_RESPONSE_UPR",0.0132183046957547,0.0848706322189493,0.380730400722792,-0.713177331728583,-1.60211126747004,10
"918","REACTOME_VASOPRESSIN_REGULATES_RENAL_WATER_HOMEOSTASIS_VIA_AQUAPORINS",0.423892100192678,0.67575949534141,0.0860347242455604,-0.341975606011044,-1.01837727874347,28
"919","REACTOME_VEGFR2_MEDIATED_CELL_PROLIFERATION",0.551587301587302,0.782312003865959,0.0736212741014394,-0.414717359856127,-0.931638353438007,10
"920","REACTOME_VEGFR2_MEDIATED_VASCULAR_PERMEABILITY",0.0548559482362823,0.216899641577061,0.321775918075361,-0.503451540733111,-1.480093079447,27
"921","REACTOME_VISUAL_PHOTOTRANSDUCTION",0.0471193292674204,0.202869894356251,0.321775918075361,-0.393529818687444,-1.39835253724822,69
"922","REACTOME_VITAMIN_B5_PANTOTHENATE_METABOLISM",0.0192309876977916,0.109920546193045,0.352487857583619,-0.644059752547218,-1.62222484410141,15
"923","REACTOME_VLDLR_INTERNALISATION_AND_DEGRADATION",0.0912778904665314,0.282324637954621,0.211400189384923,-0.577504457252717,-1.39955085635637,13
"924","REACTOME_VOLTAGE_GATED_POTASSIUM_CHANNELS",0.0001208151848456,0.00387858403762942,0.538434096309916,0.620930412109535,1.97978600928431,36
"925","REACTOME_VXPX_CARGO_TARGETING_TO_CILIUM",0.104838709677419,0.305015120967742,0.195789002148949,-0.526736755104306,-1.37422956433428,17
"926","REACTOME_WNT5A_DEPENDENT_INTERNALIZATION_OF_FZD2_FZD5_AND_ROR2",0.0149023237287385,0.0931145194057418,0.380730400722792,-0.669159682656423,-1.58542640893116,12
"927","REACTOME_WNT5A_DEPENDENT_INTERNALIZATION_OF_FZD4",0.739393939393939,0.912393162393162,0.0601186142531851,-0.324145747024557,-0.797607971494778,14
"928","REACTOME_WNT_LIGAND_BIOGENESIS_AND_TRAFFICKING",0.560975609756098,0.787734981422212,0.0739901439101341,-0.357212394183068,-0.91531676747952,16
"929","REACTOME_XENOBIOTICS",0.00832910202206484,0.0635606064142817,0.380730400722792,-0.639851455542183,-1.66934009914358,17
"930","REACTOME_ZBP1_DAI_MEDIATED_INDUCTION_OF_TYPE_I_IFNS",0.954813359528487,1,0.0469758727821845,0.25082118412676,0.608722944588243,13
"931","REACTOME_ZINC_TRANSPORTERS",0.244047619047619,0.486361296963459,0.122107920287081,-0.533621172037498,-1.19874883040619,10
