"","pathway","pval","padj","log2err","ES","NES","size"
"1","REACTOME_ABC_FAMILY_PROTEINS_MEDIATED_TRANSPORT",0.0140257332189691,0.0492223845043067,0.380730400722792,0.423084418998046,1.52164946704847,78
"2","REACTOME_ABC_TRANSPORTERS_IN_LIPID_HOMEOSTASIS",0.114713216957606,0.231156403405207,0.208955027549354,-0.48470583073197,-1.34794998203198,16
"3","REACTOME_ACETYLCHOLINE_NEUROTRANSMITTER_RELEASE_CYCLE",0.965087281795511,1,0.0574877409561325,-0.213622731780791,-0.59407735415663,16
"4","REACTOME_ACTIVATED_TAK1_MEDIATES_P38_MAPK_ACTIVATION",0.00666266654736344,0.0279111706713874,0.407017918923954,-0.588234499074149,-1.75853286472577,20
"5","REACTOME_ACTIVATION_OF_APC_C_AND_APC_C_CDC20_MEDIATED_DEGRADATION_OF_MITOTIC_PROTEINS",3.60618383706208e-05,0.000472359291333484,0.557332238758646,0.575915938446686,1.95301398076171,58
"6","REACTOME_ACTIVATION_OF_ATR_IN_RESPONSE_TO_REPLICATION_STRESS",0.00207808196508885,0.011435598979483,0.431707695803346,0.569499828167528,1.77146551085218,35
"7","REACTOME_ACTIVATION_OF_BAD_AND_TRANSLOCATION_TO_MITOCHONDRIA",0.944309927360775,0.990444177271536,0.0571258510018113,-0.251215420405772,-0.604521483712117,10
"8","REACTOME_ACTIVATION_OF_BH3_ONLY_PROTEINS",0.953410981697171,0.997381566904803,0.0394366509525593,0.238029600352976,0.612403967952777,16
"9","REACTOME_ACTIVATION_OF_G_PROTEIN_GATED_POTASSIUM_CHANNELS",0.0625,0.155414438502674,0.231126709673834,0.484083393202217,1.40838919546175,27
"10","REACTOME_ACTIVATION_OF_IRF3_IRF7_MEDIATED_BY_TBK1_IKK_IKBKE",0.221374045801527,0.373718617117673,0.148261500475107,-0.445800722825261,-1.20879458853428,15
"11","REACTOME_ACTIVATION_OF_KAINATE_RECEPTORS_UPON_GLUTAMATE_BINDING",0.50788643533123,0.696570586997686,0.0662842187012672,0.316928137830051,0.970705251562823,32
"12","REACTOME_ACTIVATION_OF_MATRIX_METALLOPROTEINASES",0.871499176276771,0.950561718321973,0.0431036828790402,0.257080494026662,0.719999460559895,22
"13","REACTOME_ACTIVATION_OF_NF_KAPPAB_IN_B_CELLS",0.00133814470868465,0.00787642138656156,0.45505986738723,0.548508883023598,1.78861521185589,45
"14","REACTOME_ACTIVATION_OF_NMDA_RECEPTORS_AND_POSTSYNAPTIC_EVENTS",0.0420809837737719,0.115784955353869,0.321775918075361,-0.431602808463029,-1.44114751645445,32
"15","REACTOME_ACTIVATION_OF_SMO",0.514285714285714,0.699231296690606,0.0870515867946735,-0.357816271878345,-0.94052891267097,13
"16","REACTOME_ACTIVATION_OF_THE_AP_1_FAMILY_OF_TRANSCRIPTION_FACTORS",0.0774818401937046,0.178804246600857,0.252961123069611,-0.601497663111377,-1.44743606569267,10
"17","REACTOME_ACTIVATION_OF_THE_MRNA_UPON_BINDING_OF_THE_CAP_BINDING_COMPLEX_AND_EIFS_AND_SUBSEQUENT_BINDING_TO_43S",3.1272219736004e-17,3.23146270605375e-15,1.06720998682811,0.798834817055708,2.69990043975575,56
"18","REACTOME_ACTIVATION_OF_THE_PRE_REPLICATIVE_COMPLEX",7.13354060223921e-05,0.000721107908704616,0.538434096309916,0.653525328519451,2.00165397987897,32
"19","REACTOME_ACYL_CHAIN_REMODELLING_OF_PC",0.640599001663893,0.799673921540162,0.0577308549299813,0.314255505196552,0.88536629450614,23
"20","REACTOME_ACYL_CHAIN_REMODELLING_OF_PE",0.994936708860759,1,0.0567672387487446,-0.189456705868961,-0.578947206472526,22
"21","REACTOME_ACYL_CHAIN_REMODELLING_OF_PG",0.711442786069652,0.853731343283582,0.0526973085708419,0.333186425527612,0.82379318048844,14
"22","REACTOME_ACYL_CHAIN_REMODELLING_OF_PI",0.515463917525773,0.699231296690606,0.0697792517076235,0.402594728181868,0.966918539649946,13
"23","REACTOME_ACYL_CHAIN_REMODELLING_OF_PS",0.96964586846543,1,0.0392758570896778,0.216209580224799,0.57124721371477,18
"24","REACTOME_ADENYLATE_CYCLASE_ACTIVATING_PATHWAY",0.0799031476997579,0.181590846807344,0.248911114434702,-0.597248345956505,-1.43721056477765,10
"25","REACTOME_ADENYLATE_CYCLASE_INHIBITORY_PATHWAY",0.0230598952605052,0.0717247578336783,0.352487857583619,-0.623323455637411,-1.64838814937891,14
"26","REACTOME_ADHERENS_JUNCTIONS_INTERACTIONS",0.082935340417723,0.186304025576044,0.287805130535564,-0.387884493121431,-1.3300341950193,35
"27","REACTOME_ADP_SIGNALLING_THROUGH_P2Y_PURINOCEPTOR_1",0.556836902800659,0.733510367711916,0.0639271933359996,0.327459037360906,0.941031801034432,25
"28","REACTOME_ADP_SIGNALLING_THROUGH_P2Y_PURINOCEPTOR_12",0.317957166392092,0.495660118775697,0.0934449219410994,0.395415507444956,1.10743116911802,22
"29","REACTOME_ADRENALINE_NORADRENALINE_INHIBITS_INSULIN_SECRETION",0.161397670549085,0.292940522512507,0.139599673451922,0.444121420930267,1.25124343172253,23
"30","REACTOME_AEROBIC_RESPIRATION_AND_RESPIRATORY_ELECTRON_TRANSPORT",2.1349410245341e-18,2.83642164688101e-16,1.10533657731401,0.585108806062453,2.36481576276424,212
"31","REACTOME_AFLATOXIN_ACTIVATION_AND_DETOXIFICATION",0.833333333333333,0.927925384895852,0.0636424081651019,-0.26309690608372,-0.750393215471235,17
"32","REACTOME_AGGREPHAGY",0.112769485903814,0.228986073996828,0.169570644405628,0.469304860395858,1.33955147427119,24
"33","REACTOME_AKT_PHOSPHORYLATES_TARGETS_IN_THE_CYTOSOL",0.0741626794258373,0.174169928954618,0.257206466468838,-0.580751256569889,-1.45117494121702,11
"34","REACTOME_AKT_PHOSPHORYLATES_TARGETS_IN_THE_NUCLEUS",0.0389519948153732,0.110107462548015,0.321775918075361,-0.652001417569185,-1.56896763620117,10
"35","REACTOME_ALPHA_LINOLENIC_OMEGA3_AND_LINOLEIC_OMEGA6_ACID_METABOLISM",0.997619047619048,1,0.05378728077603,-0.185988074052634,-0.477538225721569,12
"36","REACTOME_AMINE_LIGAND_BINDING_RECEPTORS",0.291457286432161,0.461205084252401,0.126253987849115,-0.365191907613743,-1.10443506493862,21
"37","REACTOME_AMINO_ACIDS_REGULATE_MTORC1",0.00828851020111075,0.0329415149018504,0.380730400722792,0.471193331132625,1.5725965749749,51
"38","REACTOME_AMINO_ACID_TRANSPORT_ACROSS_THE_PLASMA_MEMBRANE",0.984455958549223,1,0.0583452776743612,-0.194576574974558,-0.637604282758871,29
"39","REACTOME_AMPLIFICATION_OF_SIGNAL_FROM_THE_KINETOCHORES",0.0385144429160935,0.109536489027422,0.271288554688953,0.369536619845654,1.35006765742982,91
"40","REACTOME_ANCHORING_OF_THE_BASAL_BODY_TO_THE_PLASMA_MEMBRANE",0.498181818181818,0.693733419157678,0.114750719227023,-0.238538914736918,-0.97340724126004,90
"41","REACTOME_ANTIGEN_ACTIVATES_B_CELL_RECEPTOR_BCR_LEADING_TO_GENERATION_OF_SECOND_MESSENGERS",0.790523690773067,0.900964500513422,0.0670512579829467,-0.258219166505846,-0.801396222850095,23
"42","REACTOME_ANTIGEN_PRESENTATION_FOLDING_ASSEMBLY_AND_PEPTIDE_LOADING_OF_CLASS_I_MHC",0.194300518134715,0.336498104032188,0.160801401070022,-0.376208439802403,-1.20074098198165,26
"43","REACTOME_ANTIGEN_PROCESSING_CROSS_PRESENTATION",0.00293638159151147,0.0150766096125806,0.431707695803346,0.49047361701617,1.69695869486068,63
"44","REACTOME_ANTIGEN_PROCESSING_UBIQUITINATION_PROTEASOME_DEGRADATION",0.128261558082598,0.245438783985219,0.249246554383295,-0.239522377834814,-1.14086799544031,256
"45","REACTOME_ANTIGEN_PROCESSING_UB_ATP_INDEPENDENT_PROTEASOMAL_DEGRADATION",0.000234978338392511,0.00185194792122911,0.518848077743792,0.739913987302887,1.92520561873156,17
"46","REACTOME_ANTIMICROBIAL_PEPTIDES",0.290584415584416,0.461166393333629,0.0978773277424561,0.386357722425465,1.12684016325202,26
"47","REACTOME_ANTIVIRAL_MECHANISM_BY_IFN_STIMULATED_GENES",0.843055555555556,0.927925384895852,0.0367619553883609,0.226488039379302,0.814578341671235,78
"48","REACTOME_APC_CDC20_MEDIATED_DEGRADATION_OF_NEK2A",0.0105894918088221,0.0401968464579778,0.380730400722792,0.588163913359292,1.65706088174159,23
"49","REACTOME_APC_C_CDC20_MEDIATED_DEGRADATION_OF_CYCLIN_B",0.0420670401666399,0.115784955353869,0.321775918075361,0.568582672785672,1.57217658086152,21
"50","REACTOME_APC_C_CDH1_MEDIATED_DEGRADATION_OF_CDC20_AND_OTHER_APC_C_CDH1_TARGETED_PROTEINS_IN_LATE_MITOSIS_EARLY_G1",2.27245718095326e-05,0.000346456586604349,0.575610261071129,0.587403983879163,1.97946816013661,54
"51","REACTOME_APC_C_MEDIATED_DEGRADATION_OF_CELL_CYCLE_PROTEINS",0.000192577330350467,0.00158492847102597,0.518848077743792,0.526132902464674,1.84655330880271,67
"52","REACTOME_APOPTOSIS",0.0510520803468212,0.132734805036511,0.321775918075361,-0.314770728702295,-1.29265947444431,93
"53","REACTOME_APOPTOSIS_INDUCED_DNA_FRAGMENTATION",0.893835616438356,0.962114726027397,0.0437125833579551,0.282827026711989,0.655926267127283,11
"54","REACTOME_APOPTOTIC_CLEAVAGE_OF_CELLULAR_PROTEINS",0.0018560289188461,0.0104612539062235,0.45505986738723,-0.536444404544562,-1.79121985808743,32
"55","REACTOME_APOPTOTIC_EXECUTION_PHASE",0.00883666458107492,0.0346755192421927,0.380730400722792,-0.447985201565015,-1.6018149002567,43
"56","REACTOME_APOPTOTIC_FACTOR_MEDIATED_RESPONSE",0.600665557404326,0.764184635274998,0.0607719451853533,0.348878628213113,0.897597004468359,16
"57","REACTOME_AQUAPORIN_MEDIATED_TRANSPORT",0.356466876971609,0.5416898620647,0.0845557442441281,0.350605641479427,1.07385459600351,32
"58","REACTOME_ARACHIDONATE_METABOLISM",0.893778452200303,0.962114726027397,0.0381628909049257,0.2309863373329,0.744398360369431,42
"59","REACTOME_ASPARAGINE_N_LINKED_GLYCOSYLATION",0.922141119221411,0.977869145810619,0.0258331720982323,0.201549675243244,0.822853178033391,239
"60","REACTOME_ASPIRIN_ADME",0.373401534526854,0.5610071520355,0.110564716336619,-0.318788350999679,-1.03353913555806,28
"61","REACTOME_ASSEMBLY_OF_ACTIVE_LPL_AND_LIPC_LIPASE_COMPLEXES",0.775891341256367,0.896371363190585,0.0497903187820785,0.338258662089895,0.762726000465092,10
"62","REACTOME_ASSEMBLY_OF_COLLAGEN_FIBRILS_AND_OTHER_MULTIMERIC_STRUCTURES",0.523952095808383,0.699398731751125,0.0992333343771191,-0.263826692658332,-0.958414537335836,45
"63","REACTOME_ASYMMETRIC_LOCALIZATION_OF_PCP_PROTEINS",0.00487014836791594,0.0216709951299609,0.407017918923954,0.512053873507168,1.66008021575787,43
"64","REACTOME_ATORVASTATIN_ADME",0.0304557729274028,0.0904915936820594,0.352487857583619,-0.618163322535814,-1.58718034881292,12
"65","REACTOME_ATP_DEPENDENT_CHROMATIN_REMODELERS",0.458646616541353,0.657758468261386,0.0965629554309422,-0.313636448254085,-0.982988408692733,24
"66","REACTOME_AUF1_HNRNP_D0_BINDS_AND_DESTABILIZES_MRNA",0.000363339751083558,0.00259970308113871,0.49849310876659,0.608662052186644,1.89328210454872,35
"67","REACTOME_AURKA_ACTIVATION_BY_TPX2",0.789250353606789,0.900964500513422,0.0406579344155557,0.237943003758481,0.830397062328962,66
"68","REACTOME_AZATHIOPRINE_ADME",0.123953098827471,0.241669563751672,0.161978948883402,0.49296197633989,1.32646909707909,19
"69","REACTOME_A_TETRASACCHARIDE_LINKER_SEQUENCE_IS_REQUIRED_FOR_GAG_SYNTHESIS",0.724876441515651,0.862065333260301,0.051530912208539,0.298910191829224,0.837150938610597,22
"70","REACTOME_BASE_EXCISION_REPAIR",4.41419877572592e-08,1.95485945782148e-06,0.719512826338911,0.611756215869927,2.16501928432737,71
"71","REACTOME_BASE_EXCISION_REPAIR_AP_SITE_FORMATION",0.000166945567340419,0.00145102222080925,0.518848077743792,0.576841176783331,1.87012085008491,43
"72","REACTOME_BASIGIN_INTERACTIONS",1,1,0.0367619553883609,0.162694769826958,0.455655521259335,22
"73","REACTOME_BBSOME_MEDIATED_CARGO_TARGETING_TO_CILIUM",0.114285714285714,0.231055900621118,0.204294756516886,-0.531048243888851,-1.39587343185562,13
"74","REACTOME_BETA_CATENIN_INDEPENDENT_WNT_SIGNALING",0.072192513368984,0.170837245376985,0.191892240384838,0.342160431544225,1.28250886305476,106
"75","REACTOME_BETA_CATENIN_PHOSPHORYLATION_CASCADE",0.000585832387320478,0.00394800087107279,0.477270815362862,-0.70816673261145,-1.96938694353587,16
"76","REACTOME_BETA_OXIDATION_OF_VERY_LONG_CHAIN_FATTY_ACIDS",0.212918660287081,0.363139398672394,0.14641623786055,-0.492142632915299,-1.22976067345849,11
"77","REACTOME_BILE_ACID_AND_BILE_SALT_METABOLISM",0.0174274875807761,0.0569649728097041,0.352487857583619,-0.487984133441253,-1.59916968645749,30
"78","REACTOME_BINDING_AND_UPTAKE_OF_LIGANDS_BY_SCAVENGER_RECEPTORS",0.408566721581549,0.604081162274786,0.0795564677235957,0.368170257152234,1.03112601968282,22
"79","REACTOME_BIOLOGICAL_OXIDATIONS",0.438867438867439,0.634168641712978,0.0635007968065945,0.258625047352477,1.0094741394046,158
"80","REACTOME_BIOSYNTHESIS_OF_MARESINS",0.200956937799043,0.345452776623124,0.151148761385484,-0.494246947042508,-1.23501891077663,11
"81","REACTOME_BIOSYNTHESIS_OF_SPECIALIZED_PRORESOLVING_MEDIATORS_SPMS",0.59432387312187,0.761344144706066,0.0614364107201271,0.332545255178401,0.90892965440208,20
"82","REACTOME_BIOSYNTHESIS_OF_THE_N_GLYCAN_PRECURSOR_DOLICHOL_LIPID_LINKED_OLIGOSACCHARIDE_LLO_AND_TRANSFER_TO_A_NASCENT_PROTEIN",0.0396039603960396,0.110938804723846,0.271288554688953,0.386295388227007,1.36468865636184,70
"83","REACTOME_BIOTIN_TRANSPORT_AND_METABOLISM",0.67911714770798,0.827757467062151,0.0559428593065705,0.368783046014246,0.831554219448271,10
"84","REACTOME_BLOOD_GROUP_SYSTEMS_BIOSYNTHESIS",0.821305841924399,0.922481199262911,0.0477342401407188,0.30576972135,0.73437228990081,13
"85","REACTOME_BRANCHED_CHAIN_AMINO_ACID_CATABOLISM",0.00284550514396954,0.0148669650780431,0.431707695803346,0.655228051746053,1.79090273385074,20
"86","REACTOME_BUTYRATE_RESPONSE_FACTOR_1_BRF1_BINDS_AND_DESTABILIZES_MRNA",0.00724548867817564,0.0296841606638914,0.407017918923954,0.655027103890642,1.68525761898684,16
"87","REACTOME_CA2_PATHWAY",0.793939393939394,0.902176641779249,0.0766746872490091,-0.234848282561634,-0.853254075796852,46
"88","REACTOME_CALCINEURIN_ACTIVATES_NFAT",0.535108958837772,0.709916307730568,0.0857844408075645,-0.392187414276768,-0.943754635718065,10
"89","REACTOME_CARBOXYTERMINAL_POST_TRANSLATIONAL_MODIFICATIONS_OF_TUBULIN",0.261382799325464,0.426466672583651,0.106729884364606,0.446318079252072,1.17921675319931,18
"90","REACTOME_CARDIAC_CONDUCTION",0.933797909407665,0.9879773102948,0.0755015292281669,-0.193157545476663,-0.775313685528052,82
"91","REACTOME_CARGO_CONCENTRATION_IN_THE_ER",0.122762148337596,0.240840886586945,0.204294756516886,-0.387488058227221,-1.25626946995826,28
"92","REACTOME_CARGO_RECOGNITION_FOR_CLATHRIN_MEDIATED_ENDOCYTOSIS",0.01272661236322,0.0456978745088593,0.380730400722792,-0.347222568881689,-1.42536923521988,91
"93","REACTOME_CARGO_TRAFFICKING_TO_THE_PERICILIARY_MEMBRANE",0.0250728349894449,0.0769562262052269,0.352487857583619,-0.450764617301073,-1.56422370384969,36
"94","REACTOME_CARNITINE_SHUTTLE",0.121428571428571,0.239255447941889,0.197822021315103,-0.521168428709173,-1.36990409351459,13
"95","REACTOME_CASPASE_ACTIVATION_VIA_DEATH_RECEPTORS_IN_THE_PRESENCE_OF_LIGAND",0.524173027989822,0.699398731751125,0.0897104652742981,-0.355259901411645,-0.963291947191265,15
"96","REACTOME_CASPASE_ACTIVATION_VIA_EXTRINSIC_APOPTOTIC_SIGNALLING_PATHWAY",0.178484107579462,0.316775229100954,0.163180127180689,-0.438442923318154,-1.26501049366333,18
"97","REACTOME_CASPASE_MEDIATED_CLEAVAGE_OF_CYTOSKELETAL_PROTEINS",0.0787980172024204,0.180497921177958,0.287805130535564,-0.601196604351925,-1.50226355450905,11
"98","REACTOME_CA_DEPENDENT_EVENTS",0.266839378238342,0.43384724084206,0.135002033828631,-0.35229486714397,-1.12441625430766,26
"99","REACTOME_CD209_DC_SIGN_SIGNALING",0.244389027431421,0.406768985833067,0.13880510939114,-0.420405009506927,-1.16913164455903,16
"100","REACTOME_CD28_DEPENDENT_PI3K_AKT_SIGNALING",0.139593908629442,0.261738578680203,0.190023305279108,-0.388014663461811,-1.25437438554913,27
"101","REACTOME_CD28_DEPENDENT_VAV1_PATHWAY",0.994845360824742,1,0.0389556479965885,0.202434919262091,0.478838492765111,12
"102","REACTOME_CDC42_GTPASE_CYCLE",9.91060626582888e-05,0.000930611523726276,0.538434096309916,-0.447886676609114,-1.81990958775765,89
"103","REACTOME_CDK_MEDIATED_PHOSPHORYLATION_AND_REMOVAL_OF_CDC6",6.99245119673824e-05,0.00071461314428204,0.538434096309916,0.569163283050062,1.9179995839936,54
"104","REACTOME_CELLULAR_HEXOSE_TRANSPORT",0.270935960591133,0.438209466695224,0.102821842840815,0.463840301133157,1.17766470425378,15
"105","REACTOME_CELLULAR_RESPONSES_TO_MECHANICAL_STIMULI",0.00972958629916116,0.0375457064656427,0.380730400722792,-0.406930669721899,-1.59072938845299,66
"106","REACTOME_CELLULAR_RESPONSES_TO_STIMULI",0.00202412895425619,0.0112720953740016,0.431707695803346,0.315375466163239,1.36171187895114,496
"107","REACTOME_CELLULAR_RESPONSE_TO_CHEMICAL_STRESS",0.0029289405611311,0.0150766096125806,0.431707695803346,0.408759423596482,1.5540719286167,121
"108","REACTOME_CELLULAR_RESPONSE_TO_HEAT_STRESS",0.769662921348315,0.890281737380513,0.041488040200221,0.239604557257214,0.852098688603915,74
"109","REACTOME_CELLULAR_RESPONSE_TO_HYPOXIA",0.000849626107192398,0.00533886675465494,0.477270815362862,0.528043275801595,1.76233191791585,51
"110","REACTOME_CELLULAR_SENESCENCE",0.0379084967320261,0.108476621417798,0.266350657088526,0.350338884972842,1.33196152849222,121
"111","REACTOME_CELL_CELL_COMMUNICATION",0.101694915254237,0.213009619789281,0.261663521711573,-0.305601926226105,-1.22490499368828,81
"112","REACTOME_CELL_CELL_JUNCTION_ORGANIZATION",0.0942249240121581,0.203788789142574,0.257206466468838,-0.366153021998437,-1.30921593919212,43
"113","REACTOME_CELL_CYCLE_CHECKPOINTS",4.9067615250289e-06,0.000108649719482783,0.610526878385931,0.416096988161702,1.70255981069214,248
"114","REACTOME_CELL_DEATH_SIGNALLING_VIA_NRAGE_NRIF_AND_NADE",2.45569568467354e-05,0.000351353382576368,0.575610261071129,-0.513851546694274,-1.96925814019915,61
"115","REACTOME_CELL_EXTRACELLULAR_MATRIX_INTERACTIONS",0.975490196078431,1,0.0561766586307176,-0.209706161698684,-0.598114524885868,17
"116","REACTOME_CELL_JUNCTION_ORGANIZATION",0.0362608425876629,0.104766777912371,0.321775918075361,-0.368638891328135,-1.44104330736031,66
"117","REACTOME_CELL_SURFACE_INTERACTIONS_AT_THE_VASCULAR_WALL",0.979838709677419,1,0.0278699114874201,0.182250077643785,0.677731847994568,100
"118","REACTOME_CHAPERONIN_MEDIATED_PROTEIN_FOLDING",0.0384615384615385,0.109536489027422,0.287857117255149,0.458260988799757,1.45576478886743,38
"119","REACTOME_CHEMOKINE_RECEPTORS_BIND_CHEMOKINES",0.567484662576687,0.741236989039774,0.0596037042575973,0.292132663637961,0.934084376986677,40
"120","REACTOME_CHK1_CHK2_CDS1_MEDIATED_INACTIVATION_OF_CYCLIN_B_CDK1_COMPLEX",0.983333333333333,1,0.0544555953940371,-0.207988635310315,-0.534026304548056,12
"121","REACTOME_CHOLESTEROL_BIOSYNTHESIS",0.00482868228620029,0.0215897813757994,0.407017918923954,-0.560127148441475,-1.77352156063356,25
"122","REACTOME_CHONDROITIN_SULFATE_BIOSYNTHESIS",0.764309764309764,0.887732821057404,0.0500922874402106,0.303729139457931,0.790282459706421,17
"123","REACTOME_CHONDROITIN_SULFATE_DERMATAN_SULFATE_METABOLISM",0.855654761904762,0.937289668517584,0.0392758570896778,0.240363527379687,0.783190859918206,44
"124","REACTOME_CHROMATIN_ORGANIZATION",0.00921499466806142,0.0360081724424249,0.380730400722792,-0.303829029430157,-1.37713822453804,176
"125","REACTOME_CHROMOSOME_MAINTENANCE",5.52002424219873e-09,3.42241503016321e-07,0.761460801445585,0.585030351054863,2.18173400717373,103
"126","REACTOME_CITRIC_ACID_CYCLE_TCA_CYCLE",0.00368584171698238,0.0175786297271468,0.431707695803346,0.568729422870191,1.75331881792369,33
"127","REACTOME_CLASS_A_1_RHODOPSIN_LIKE_RECEPTORS",0.142150803461063,0.264930355147873,0.126875729929857,0.290736497075754,1.16726308769569,205
"128","REACTOME_CLASS_B_2_SECRETIN_FAMILY_RECEPTORS",0.0892857142857143,0.197234475738039,0.181383128498408,0.401961720194186,1.30973591844405,44
"129","REACTOME_CLASS_I_MHC_MEDIATED_ANTIGEN_PROCESSING_PRESENTATION",0.0988077725144156,0.209319426966757,0.287805130535564,-0.235296588893687,-1.13015197193999,301
"130","REACTOME_CLASS_I_PEROXISOMAL_MEMBRANE_PROTEIN_IMPORT",0.708641975308642,0.852570552441186,0.072003313661988,-0.286343732862071,-0.843377993572547,19
"131","REACTOME_CLATHRIN_MEDIATED_ENDOCYTOSIS",0.0013702870426993,0.00801488647616573,0.45505986738723,-0.368334459139974,-1.59416754505108,126
"132","REACTOME_CLEC7A_DECTIN_1_SIGNALING",0.294943820224719,0.464911445438964,0.0886261133285098,0.309213077922213,1.09964543751918,74
"133","REACTOME_COBALAMIN_CBL_VITAMIN_B12_TRANSPORT_AND_METABOLISM",0.988505747126437,1,0.0371479221137289,0.200985889008796,0.510291984030897,15
"134","REACTOME_COHESIN_LOADING_ONTO_CHROMATIN",0.0121657445557465,0.0444417969819325,0.380730400722792,-0.716737359587569,-1.72474735567557,10
"135","REACTOME_COLLAGEN_BIOSYNTHESIS_AND_MODIFYING_ENZYMES",0.877813504823151,0.953699251735433,0.0745500777420554,-0.213918147327011,-0.803500762746108,56
"136","REACTOME_COLLAGEN_CHAIN_TRIMERIZATION",0.486338797814208,0.684844355832523,0.0982123351217438,-0.283108057313723,-0.988182251514011,37
"137","REACTOME_COLLAGEN_DEGRADATION",0.376093294460641,0.563021706184699,0.118815039412263,-0.288997229001406,-1.03386526533314,42
"138","REACTOME_COLLAGEN_FORMATION",0.908474576271186,0.972245518909325,0.0755015292281669,-0.203564137520792,-0.797622023542498,70
"139","REACTOME_COMMON_PATHWAY_OF_FIBRIN_CLOT_FORMATION",0.119800332778702,0.237557163079303,0.16440575583821,0.521203295895963,1.34095493183801,16
"140","REACTOME_COMPLEMENT_CASCADE",0.228706624605678,0.383929893291121,0.11101149245045,0.387743659160747,1.18760299664322,32
"141","REACTOME_COMPLEX_III_ASSEMBLY",0.00366656408541884,0.0175768278321625,0.431707695803346,0.676047196877082,1.73933823892882,16
"142","REACTOME_COMPLEX_IV_ASSEMBLY",2.04435161212536e-06,5.59190293904879e-05,0.627256739718528,0.684898373885422,2.139511252411,36
"143","REACTOME_COMPLEX_I_BIOGENESIS",2.1084046291312e-14,1.78256027735638e-12,0.97599468306432,0.764185383233263,2.58574541116079,57
"144","REACTOME_CONDENSATION_OF_PROPHASE_CHROMOSOMES",4.96999192997941e-05,0.000553792312304803,0.557332238758646,0.621990262082266,1.9913360638748,41
"145","REACTOME_CONVERSION_FROM_APC_C_CDC20_TO_APC_C_CDH1_IN_LATE_ANAPHASE",0.0534223706176962,0.137245316780269,0.252961123069611,0.521496176137008,1.42537994984751,20
"146","REACTOME_COPII_MEDIATED_VESICLE_TRANSPORT",0.462585034013605,0.661852433281005,0.115240003147781,-0.250864603615415,-0.972817161883902,65
"147","REACTOME_COPI_DEPENDENT_GOLGI_TO_ER_RETROGRADE_TRAFFIC",0.959259259259259,0.998553430556256,0.077274697304471,-0.193619763654777,-0.774716371889537,86
"148","REACTOME_COPI_INDEPENDENT_GOLGI_TO_ER_RETROGRADE_TRAFFIC",0.921779141104294,0.977869145810619,0.0372254009247509,0.223632056671339,0.715055987676117,40
"149","REACTOME_COPI_MEDIATED_ANTEROGRADE_TRANSPORT",0.643109540636042,0.801450927964769,0.096887770327544,-0.231094668211825,-0.925437961988476,83
"150","REACTOME_CO_INHIBITION_BY_CTLA4",0.0335966572363072,0.0982543749363702,0.321775918075361,-0.514401126243095,-1.53780726491597,20
"151","REACTOME_CO_INHIBITION_BY_PD_1",0.440931780366057,0.634961966661883,0.0760837160951725,0.395281840270966,1.01698346374839,16
"152","REACTOME_CO_STIMULATION_BY_CD28",0.00626666803066472,0.0266118779384392,0.407017918923954,-0.449837695149787,-1.63928596070272,47
"153","REACTOME_CO_STIMULATION_BY_ICOS",0.863636363636364,0.944919786096257,0.0607719451853533,-0.280205511895878,-0.700174494078347,11
"154","REACTOME_CRMPS_IN_SEMA3A_SIGNALING",0.307888040712468,0.481236769516967,0.123257226381337,-0.412838072384958,-1.11941592350326,15
"155","REACTOME_CROSSLINKING_OF_COLLAGEN_FIBRILS",0.303921568627451,0.477444356120827,0.121543282035469,-0.386252016535212,-1.10165070727923,17
"156","REACTOME_CROSS_PRESENTATION_OF_SOLUBLE_EXOGENOUS_ANTIGENS_ENDOSOMES",0.000166471868202398,0.00145102222080925,0.518848077743792,0.61737495630252,1.92857906563955,36
"157","REACTOME_CS_DS_DEGRADATION",0.602380952380952,0.76532006245121,0.0785029047348687,-0.336654609977479,-0.8849049614363,13
"158","REACTOME_CYCLIN_A_B1_B2_ASSOCIATED_EVENTS_DURING_G2_M_TRANSITION",0.582554517133956,0.753732849071832,0.0590954798717342,0.301511156555926,0.916371435371912,31
"159","REACTOME_CYCLIN_A_CDK2_ASSOCIATED_EVENTS_AT_S_PHASE_ENTRY",0.00495766840497357,0.0219553886505972,0.407017918923954,0.489923586955999,1.65584283462318,56
"160","REACTOME_CYCLIN_D_ASSOCIATED_EVENTS_IN_G1",0.62568306010929,0.79119983277592,0.0838361057159929,-0.260380349052614,-0.908851701425397,37
"161","REACTOME_CYTOCHROME_C_MEDIATED_APOPTOTIC_RESPONSE",0.839041095890411,0.927925384895852,0.0466015072985992,0.31163414657357,0.722735110741571,11
"162","REACTOME_CYTOCHROME_P450_ARRANGED_BY_SUBSTRATE_TYPE",0.096969696969697,0.207314524555904,0.252961123069611,-0.355124842211596,-1.27696745426462,44
"163","REACTOME_CYTOKINE_SIGNALING_IN_IMMUNE_SYSTEM",0.160466791769186,0.292043280519261,0.249246554383295,-0.22381944587067,-1.10026012301213,382
"164","REACTOME_CYTOPROTECTION_BY_HMOX1",0.206153846153846,0.352432126696833,0.116234148779716,0.369676432395422,1.17842446168079,39
"165","REACTOME_CYTOSOLIC_SENSORS_OF_PATHOGEN_ASSOCIATED_DNA",0.176470588235294,0.314401622718053,0.16823816568964,-0.371717109787663,-1.20513870446436,28
"166","REACTOME_CYTOSOLIC_SULFONATION_OF_SMALL_MOLECULES",0.667221297836938,0.8222109016811,0.055826471778749,0.330395706465904,0.850044033743011,16
"167","REACTOME_C_TYPE_LECTIN_RECEPTORS_CLRS",0.516528925619835,0.699231296690606,0.0589694466690997,0.266277101073391,0.973188679607352,92
"168","REACTOME_DAP12_INTERACTIONS",0.508571428571429,0.696570586997686,0.0982123351217438,-0.278240550951083,-0.976927670298533,40
"169","REACTOME_DAP12_SIGNALING",0.181347150259067,0.318814460757907,0.166933848713193,-0.379702896220333,-1.21189420606392,26
"170","REACTOME_DARPP_32_EVENTS",0.71072319201995,0.853731343283582,0.0723570851036907,-0.295226001641513,-0.8210131968231,16
"171","REACTOME_DDX58_IFIH1_MEDIATED_INDUCTION_OF_INTERFERON_ALPHA_BETA",0.699481865284974,0.845927353335534,0.0751181635276301,-0.265173529325516,-0.868942101557406,29
"172","REACTOME_DEACTIVATION_OF_THE_BETA_CATENIN_TRANSACTIVATING_COMPLEX",0.22020725388601,0.373611624690141,0.150169802128406,-0.365449971074446,-1.16640327729908,26
"173","REACTOME_DEADENYLATION_DEPENDENT_MRNA_DECAY",0.00470920955690722,0.0211573182991484,0.407017918923954,0.488969868449667,1.63192534695157,51
"174","REACTOME_DEADENYLATION_OF_MRNA",0.286075949367089,0.457131671669059,0.128142916898415,-0.362806355234995,-1.10867401019344,22
"175","REACTOME_DEATH_RECEPTOR_SIGNALING",1.40047875327774e-07,5.2097809621932e-06,0.690132458796796,-0.459399857050554,-1.99410204781789,129
"176","REACTOME_DECTIN_1_MEDIATED_NONCANONICAL_NF_KB_SIGNALING",0.00299132903840147,0.0151192174223553,0.431707695803346,0.550255290817629,1.75405905826093,39
"177","REACTOME_DEGRADATION_OF_AXIN",0.0109737940664397,0.041318333934368,0.380730400722792,0.522647699673943,1.63266650518606,36
"178","REACTOME_DEGRADATION_OF_BETA_CATENIN_BY_THE_DESTRUCTION_COMPLEX",0.121212121212121,0.239255447941889,0.151148761385484,0.36737306317318,1.25228103330289,60
"179","REACTOME_DEGRADATION_OF_CYSTEINE_AND_HOMOCYSTEINE",0.530927835051546,0.706384673244547,0.0683110858318647,0.403666088935101,0.954829642586607,12
"180","REACTOME_DEGRADATION_OF_DVL",0.00199858098376866,0.0111968693668967,0.431707695803346,0.54942057487101,1.74535285945104,38
"181","REACTOME_DEGRADATION_OF_GLI1_BY_THE_PROTEASOME",0.000606046331207368,0.00405484235987664,0.477270815362862,0.586480369221617,1.83794447746906,37
"182","REACTOME_DEGRADATION_OF_THE_EXTRACELLULAR_MATRIX",0.269090909090909,0.436744407425036,0.161978948883402,-0.266607010374324,-1.08794489467379,90
"183","REACTOME_DEPOLYMERIZATION_OF_THE_NUCLEAR_LAMINA",0.969178082191781,1,0.0400031517498194,0.242868547487677,0.563255434278001,11
"184","REACTOME_DEPOSITION_OF_NEW_CENPA_CONTAINING_NUCLEOSOMES_AT_THE_CENTROMERE",2.82375172821371e-05,0.000391953598095336,0.575610261071129,0.58774404419642,1.97005421920972,53
"185","REACTOME_DERMATAN_SULFATE_BIOSYNTHESIS",0.876513317191283,0.953400450278238,0.060640400949416,-0.28193231441048,-0.678438213460476,10
"186","REACTOME_DETOXIFICATION_OF_REACTIVE_OXYGEN_SPECIES",0.00228817321031866,0.0124444507929611,0.431707695803346,0.611853459227145,1.78012262614727,27
"187","REACTOME_DEUBIQUITINATION",0.0112937753519672,0.0421815705916846,0.380730400722792,-0.286812212843641,-1.32297167658105,211
"188","REACTOME_DEVELOPMENTAL_BIOLOGY",4.26143082127729e-06,0.000101445310989882,0.610526878385931,-0.323878717934875,-1.57177589630641,348
"189","REACTOME_DIGESTION",0.941780821917808,0.990444177271536,0.0413209506074822,0.262347954559254,0.608431649984303,11
"190","REACTOME_DIGESTION_AND_ABSORPTION",0.994910941475827,1,0.0570059526582387,-0.1743225718381,-0.472677971811788,15
"191","REACTOME_DISASSEMBLY_OF_THE_DESTRUCTION_COMPLEX_AND_RECRUITMENT_OF_AXIN_TO_THE_MEMBRANE",0.000198681075941199,0.00161870719609536,0.518848077743792,-0.649254094864529,-2.05572277433037,25
"192","REACTOME_DISSOLUTION_OF_FIBRIN_CLOT",0.761986301369863,0.887293327185297,0.051011413203915,0.337761414267528,0.783328899701439,11
"193","REACTOME_DNA_DAMAGE_BYPASS",0.000363399355427992,0.00259970308113871,0.49849310876659,0.576489894550023,1.8578507163136,42
"194","REACTOME_DNA_DAMAGE_RECOGNITION_IN_GG_NER",0.05229793977813,0.135479342600727,0.248911114434702,0.462706918409549,1.43534818361674,34
"195","REACTOME_DNA_DAMAGE_TELOMERE_STRESS_INDUCED_SENESCENCE",0.00751936407666944,0.0306710903127306,0.407017918923954,0.457329706677595,1.55760850044891,59
"196","REACTOME_DNA_DOUBLE_STRAND_BREAK_REPAIR",0.000635354086901541,0.00416112183674953,0.477270815362862,0.414638304654558,1.60335442579976,143
"197","REACTOME_DNA_DOUBLE_STRAND_BREAK_RESPONSE",0.287157287157287,0.458072516391556,0.0916795246008379,0.323146866129542,1.10152521235486,60
"198","REACTOME_DNA_REPAIR",1.85159785378591e-06,5.21813940612391e-05,0.643551836150722,0.411274679206423,1.70875576881467,285
"199","REACTOME_DNA_REPLICATION",1.04740814939569e-10,7.4929967610615e-09,0.839088935621274,0.598202828108995,2.25461267481645,112
"200","REACTOME_DNA_REPLICATION_PRE_INITIATION",1.80718569541178e-08,9.33712609296086e-07,0.73376198835648,0.599192434361971,2.16461287332287,83
"201","REACTOME_DNA_STRAND_ELONGATION",4.79835595350451e-05,0.000552920585574973,0.557332238758646,0.721087926257036,2.05822371812216,24
"202","REACTOME_DOPAMINE_NEUROTRANSMITTER_RELEASE_CYCLE",0.820253164556962,0.922412869453416,0.065981614400873,-0.260116538170154,-0.794871537748968,22
"203","REACTOME_DOWNREGULATION_OF_ERBB2_SIGNALING",0.0954773869346734,0.2045944005743,0.231126709673834,-0.459094500571414,-1.38842086579816,21
"204","REACTOME_DOWNREGULATION_OF_SMAD2_3_SMAD4_TRANSCRIPTIONAL_ACTIVITY",0.000200162717796738,0.00161870719609536,0.518848077743792,-0.726564936931994,-2.09630996570985,18
"205","REACTOME_DOWNREGULATION_OF_TGF_BETA_RECEPTOR_SIGNALING",0.0583486341277119,0.14666008037506,0.321775918075361,-0.595513003941083,-1.56532064664896,13
"206","REACTOME_DOWNSTREAM_SIGNALING_EVENTS_OF_B_CELL_RECEPTOR_BCR",0.00806031650195882,0.032450624878016,0.380730400722792,0.456528011781855,1.55487802664383,59
"207","REACTOME_DOWNSTREAM_SIGNALING_OF_ACTIVATED_FGFR1",0.0115021182606406,0.0426711996233242,0.380730400722792,-0.575149263755313,-1.73940057603044,21
"208","REACTOME_DOWNSTREAM_SIGNALING_OF_ACTIVATED_FGFR2",0.00647437646380704,0.0272451136259753,0.407017918923954,-0.623057226916275,-1.79766598634305,18
"209","REACTOME_DOWNSTREAM_SIGNALING_OF_ACTIVATED_FGFR3",0.00363563988694905,0.0175188865018789,0.431707695803346,-0.642738587485573,-1.83319022085826,17
"210","REACTOME_DOWNSTREAM_SIGNALING_OF_ACTIVATED_FGFR4",0.00275262877075989,0.0145451406636744,0.431707695803346,-0.63943049427417,-1.88333651272828,19
"211","REACTOME_DOWNSTREAM_SIGNAL_TRANSDUCTION",0.0142276781130686,0.0497433858840368,0.380730400722792,-0.514744292474378,-1.62982655537498,25
"212","REACTOME_DOWNSTREAM_TCR_SIGNALING",0.168316831683168,0.303361731521989,0.124434168630393,0.340951598766696,1.20449995880332,70
"213","REACTOME_DRUG_ADME",0.71830985915493,0.857794893738411,0.044774889329693,0.244422830962206,0.869750833290933,73
"214","REACTOME_DUAL_INCISION_IN_GG_NER",1.29450589756403e-05,0.00024077809694691,0.593325476396405,0.647927506078525,2.05828135525619,38
"215","REACTOME_DUAL_INCISION_IN_TC_NER",1.79423174831228e-05,0.000309006578876004,0.575610261071129,0.587468037490736,1.99218881416018,58
"216","REACTOME_E3_UBIQUITIN_LIGASES_UBIQUITINATE_TARGET_PROTEINS",0.254285714285714,0.417508417508417,0.14641623786055,-0.315522753067796,-1.10782884459891,40
"217","REACTOME_ECM_PROTEOGLYCANS",0.565714285714286,0.740034905414351,0.0919686140000427,-0.267524508874681,-0.939302680034762,40
"218","REACTOME_EFFECTS_OF_PIP2_HYDROLYSIS",0.115288220551378,0.231520996927279,0.208955027549354,-0.412076375939576,-1.29151539401619,24
"219","REACTOME_EGFR_DOWNREGULATION",0.000127355831138418,0.00114991187338572,0.518848077743792,-0.654541203943205,-2.08909307931266,26
"220","REACTOME_EICOSANOID_LIGAND_BINDING_RECEPTORS",0.987468671679198,1,0.0566484183613995,-0.201961850069346,-0.534091116369933,14
"221","REACTOME_ELASTIC_FIBRE_FORMATION",0.559556786703601,0.73605065294816,0.0908241419007155,-0.272432749700447,-0.945384239202076,36
"222","REACTOME_ELEVATION_OF_CYTOSOLIC_CA2_LEVELS",0.523809523809524,0.699398731751125,0.0860347242455604,-0.354487374423228,-0.93177882344943,13
"223","REACTOME_ENDOGENOUS_STEROLS",0.105134474327628,0.218247904296193,0.216542836735348,-0.478653359824857,-1.38102701811947,18
"224","REACTOME_ENDOSOMAL_SORTING_COMPLEX_REQUIRED_FOR_TRANSPORT_ESCRT",0.715025906735751,0.856925377917846,0.0739901439101341,-0.271573408982883,-0.866778326274347,26
"225","REACTOME_ENDOSOMAL_VACUOLAR_PATHWAY",0.329297820823245,0.509562351689879,0.115240003147781,-0.458016400672469,-1.10216464280647,10
"226","REACTOME_ENERGY_DEPENDENT_REGULATION_OF_MTOR_BY_LKB1_AMPK",0.336787564766839,0.518563634491988,0.118287526124085,-0.328513889811474,-1.07650092575101,29
"227","REACTOME_ENOS_ACTIVATION",0.836769759450172,0.927925384895852,0.0468819856878333,0.306107459814096,0.724064974638924,12
"228","REACTOME_EPHA_MEDIATED_GROWTH_CONE_COLLAPSE",0.180661577608142,0.318722943722944,0.165656695205483,-0.463767203488692,-1.25751093978496,15
"229","REACTOME_EPHB_MEDIATED_FORWARD_SIGNALING",0.15,0.277888446215139,0.191892240384838,-0.375978173156263,-1.23803083816775,31
"230","REACTOME_EPHRIN_SIGNALING",0.0806845965770171,0.182570984955294,0.248911114434702,-0.488672416968417,-1.40993434390613,18
"231","REACTOME_EPH_EPHRIN_MEDIATED_REPULSION_OF_CELLS",0.402777777777778,0.59742158426369,0.11101149245045,-0.311716022151573,-1.02642673359189,31
"232","REACTOME_EPH_EPHRIN_SIGNALING",0.0135876316343496,0.0478655205300952,0.380730400722792,-0.401142798397052,-1.51268515164219,57
"233","REACTOME_EPIGENETIC_REGULATION_BY_WDR5_CONTAINING_HISTONE_MODIFYING_COMPLEXES",0.0800561797752809,0.181590846807344,0.186432558434075,0.361899156183519,1.28701139878488,74
"234","REACTOME_EPIGENETIC_REGULATION_OF_GENE_EXPRESSION",0.0900662251655629,0.198017941853365,0.169570644405628,0.324232184305857,1.24288306923551,134
"235","REACTOME_EPIGENETIC_REGULATION_OF_GENE_EXPRESSION_BY_MLL3_AND_MLL4_COMPLEXES",0.00316895242886764,0.0157600307959727,0.431707695803346,0.522689281174613,1.70310975236491,44
"236","REACTOME_ERBB2_ACTIVATES_PTK6_SIGNALING",0.0152296594520388,0.052071997391162,0.380730400722792,-0.708259233660267,-1.70434570494731,10
"237","REACTOME_ERBB2_REGULATES_CELL_MOTILITY",0.017988688814128,0.058290873160763,0.352487857583619,-0.643708975383553,-1.65277071420568,12
"238","REACTOME_ERKS_ARE_INACTIVATED",0.180952380952381,0.318722943722944,0.159646701919906,-0.485433726239602,-1.27597454502902,13
"239","REACTOME_ERK_MAPK_TARGETS",0.0508579740902997,0.132734805036511,0.321775918075361,-0.512813996198918,-1.51040860879778,19
"240","REACTOME_ERYTHROPOIETIN_ACTIVATES_PHOSPHOINOSITIDE_3_KINASE_PI3K",0.0173924276555779,0.0569649728097041,0.352487857583619,-0.699683016176235,-1.68370800798703,10
"241","REACTOME_ER_PHAGOSOME_PATHWAY",0.018612022123675,0.0595905133522088,0.352487857583619,0.519357213109265,1.61108123268824,34
"242","REACTOME_ER_TO_GOLGI_ANTEROGRADE_TRANSPORT",0.459016393442623,0.657758468261386,0.128788713061714,-0.226361614608867,-0.982828062523728,133
"243","REACTOME_ESR_MEDIATED_SIGNALING",0.293103448275862,0.462794918330309,0.0857844408075645,0.284826740900864,1.08749751622819,129
"244","REACTOME_ESTABLISHMENT_OF_SISTER_CHROMATID_COHESION",0.23444976076555,0.392155175381226,0.13880510939114,-0.478371207074275,-1.19534878392878,11
"245","REACTOME_ESTROGEN_DEPENDENT_GENE_EXPRESSION",0.0169427228121991,0.0564000999947574,0.352487857583619,0.425462626973123,1.46531270574351,62
"246","REACTOME_EUKARYOTIC_TRANSLATION_INITIATION",6.18242826762689e-31,1.91655276296433e-28,1.44620288250144,0.798712416582617,2.97956754738976,104
"247","REACTOME_EXTENSION_OF_TELOMERES",4.20953669201194e-05,0.000508424561502741,0.557332238758646,0.60430533044556,1.98290647114936,47
"248","REACTOME_EXTRACELLULAR_MATRIX_ORGANIZATION",0.480225988700565,0.679771947475686,0.150169802128406,-0.21228334371403,-0.996214185573519,229
"249","REACTOME_EXTRA_NUCLEAR_ESTROGEN_SIGNALING",0.022583137514103,0.0704775768057577,0.352487857583619,-0.384147704144073,-1.50166868205421,66
"250","REACTOME_FACTORS_INVOLVED_IN_MEGAKARYOCYTE_DEVELOPMENT_AND_PLATELET_PRODUCTION",0.0184659526169345,0.0595905133522088,0.352487857583619,-0.324984791310333,-1.34960193739721,104
"251","REACTOME_FANCONI_ANEMIA_PATHWAY",0.0102610440896158,0.0392080896021374,0.380730400722792,0.53591735508269,1.62879331407676,31
"252","REACTOME_FATTY_ACIDS",0.976230899830221,1,0.0392758570896778,0.236961521265153,0.534315107444791,10
"253","REACTOME_FATTY_ACID_METABOLISM",0.918604651162791,0.977869145810619,0.0291395520262835,0.199739537093132,0.772978570983262,141
"254","REACTOME_FATTY_ACYL_COA_BIOSYNTHESIS",0.944162436548223,0.990444177271536,0.0593487680335629,-0.210767383931692,-0.68136911464722,27
"255","REACTOME_FBXL7_DOWN_REGULATES_AURKA_DURING_MITOTIC_ENTRY_AND_IN_EARLY_MITOSIS",5.4780039709442e-05,0.000599358081526836,0.557332238758646,0.635586626681414,1.98546936526138,36
"256","REACTOME_FCERI_MEDIATED_CA_2_MOBILIZATION",0.694300518134715,0.840871710526316,0.0755015292281669,-0.275834265853486,-0.880377663560822,26
"257","REACTOME_FCERI_MEDIATED_MAPK_ACTIVATION",0.093513117997143,0.202871994315845,0.287805130535564,-0.43397467625321,-1.40698306679746,28
"258","REACTOME_FCERI_MEDIATED_NF_KB_ACTIVATION",0.117221418234443,0.232939997773572,0.154190966581424,0.376090171163854,1.27110886610529,56
"259","REACTOME_FCGAMMA_RECEPTOR_FCGR_DEPENDENT_PHAGOCYTOSIS",0.0298714386232822,0.0890398651270912,0.352487857583619,-0.355492860278802,-1.40277712268089,71
"260","REACTOME_FCGR_ACTIVATION",0.980861244019139,1,0.0547939500773363,-0.211395428181508,-0.528232603191844,11
"261","REACTOME_FC_EPSILON_RECEPTOR_FCERI_SIGNALING",0.659029649595687,0.816108620671091,0.0466948041282054,0.246513911737341,0.913927558565412,99
"262","REACTOME_FGFR2_ALTERNATIVE_SPLICING",6.66809894188387e-05,0.000689036890661333,0.538434096309916,0.768449646214669,1.99945345268781,17
"263","REACTOME_FLT3_SIGNALING",0.0501155490823881,0.131659493352037,0.321775918075361,-0.465735415817543,-1.45969168384234,24
"264","REACTOME_FORMATION_OF_ATP_BY_CHEMIOSMOTIC_COUPLING",1.09105522560148e-05,0.000211391949960286,0.593325476396405,0.782742348514641,2.06808313110196,18
"265","REACTOME_FORMATION_OF_FIBRIN_CLOT_CLOTTING_CASCADE",0.0126933333746581,0.0456978745088593,0.380730400722792,0.571788565331151,1.64317109028643,25
"266","REACTOME_FORMATION_OF_INCISION_COMPLEX_IN_GG_NER",0.0782208588957055,0.180062868250015,0.197822021315103,0.41981237833412,1.34233597497847,40
"267","REACTOME_FORMATION_OF_RNA_POL_II_ELONGATION_COMPLEX",0.0115166355972628,0.0426711996233242,0.380730400722792,0.460040819123674,1.55027234886069,54
"268","REACTOME_FORMATION_OF_SENESCENCE_ASSOCIATED_HETEROCHROMATIN_FOCI_SAHF",0.956882255389718,0.998553430556256,0.0391155247681459,0.23956401535825,0.592314653365731,14
"269","REACTOME_FORMATION_OF_TC_NER_PRE_INCISION_COMPLEX",0.000268494313526602,0.00209831690403142,0.49849310876659,0.575789535432888,1.88390428963538,46
"270","REACTOME_FORMATION_OF_THE_BETA_CATENIN_TCF_TRANSACTIVATING_COMPLEX",0.126943005181347,0.24488468270318,0.20207170902116,-0.4017816479844,-1.2823627529366,26
"271","REACTOME_FORMATION_OF_THE_CANONICAL_BAF_CBAF_COMPLEX",0.754560530679934,0.884919663975206,0.0499913914024592,0.323777151388229,0.800529039828761,14
"272","REACTOME_FORMATION_OF_THE_CORNIFIED_ENVELOPE",0.719676549865229,0.858075886377773,0.0756946307932749,-0.256190240391279,-0.873773433477285,34
"273","REACTOME_FORMATION_OF_THE_DYSTROPHIN_GLYCOPROTEIN_COMPLEX_DGC",0.468671679197995,0.666571100917431,0.0952879846194844,-0.312362405611632,-0.978995348712994,24
"274","REACTOME_FORMATION_OF_THE_EARLY_ELONGATION_COMPLEX",9.17254479868478e-05,0.000870455781916005,0.538434096309916,0.648811419170768,1.98721595430166,32
"275","REACTOME_FORMATION_OF_THE_EMBRYONIC_STEM_CELL_BAF_ESBAF_COMPLEX",0.760942760942761,0.887293327185297,0.0502948063662358,0.304661072711008,0.792707286329373,17
"276","REACTOME_FORMATION_OF_THE_NON_CANONICAL_BAF_NCBAF_COMPLEX",0.795511221945137,0.902176641779249,0.0667426134241917,-0.278395460365819,-0.774208049511585,16
"277","REACTOME_FORMATION_OF_THE_POLYBROMO_BAF_PBAF_COMPLEX",0.628498727735369,0.792437757954999,0.0797705918628453,-0.325720071636044,-0.88319430591183,15
"278","REACTOME_FORMATION_OF_WDR5_CONTAINING_HISTONE_MODIFYING_COMPLEXES",0.0878916552224613,0.195081716842217,0.287805130535564,-0.387122870577547,-1.34337689165892,36
"279","REACTOME_FOXO_MEDIATED_TRANSCRIPTION",0.000830883096795665,0.00525660734707462,0.477270815362862,-0.687818500799909,-1.9845174251251,18
"280","REACTOME_FREE_FATTY_ACIDS_REGULATE_INSULIN_SECRETION",0.260765550239234,0.426207314099276,0.130777137971974,-0.461436305707489,-1.15303203606565,11
"281","REACTOME_FRS_MEDIATED_FGFR1_SIGNALING",0.130952380952381,0.249050540461583,0.190023305279108,-0.517269295739078,-1.35965512615078,13
"282","REACTOME_FRS_MEDIATED_FGFR2_SIGNALING",0.0642857142857143,0.158582796513831,0.276500599254472,-0.564473421942517,-1.48373233834307,13
"283","REACTOME_FRS_MEDIATED_FGFR3_SIGNALING",0.0540530851919522,0.138483110822357,0.321775918075361,-0.590772759620152,-1.51685303947931,12
"284","REACTOME_FRS_MEDIATED_FGFR4_SIGNALING",0.0553907753703792,0.140363545216492,0.321775918075361,-0.586244651364881,-1.55033269999192,14
"285","REACTOME_G0_AND_EARLY_G1",0.424019607843137,0.620961488756785,0.0999276973731092,-0.35548221471895,-1.01389045624469,17
"286","REACTOME_G1_S_DNA_DAMAGE_CHECKPOINTS",0.0158708435658168,0.0536723073316715,0.352487857583619,0.47726229466216,1.56604028599818,47
"287","REACTOME_G1_S_TRANSITION",1.17652879501979e-05,0.000223300363136409,0.593325476396405,0.523917108040504,1.912014306123,89
"288","REACTOME_G2_M_CHECKPOINTS",4.2524206859878e-06,0.000101445310989882,0.610526878385931,0.481511390758255,1.84424366747729,131
"289","REACTOME_G2_M_DNA_DAMAGE_CHECKPOINT",0.0457466266536274,0.123675473220562,0.321775918075361,0.382098464904416,1.3742409301169,78
"290","REACTOME_GAB1_SIGNALOSOME",0.00179473877168979,0.0101774820589726,0.45505986738723,-0.674171688300289,-1.87484791292589,16
"291","REACTOME_GABA_B_RECEPTOR_ACTIVATION",0.833846153846154,0.927925384895852,0.0419926218968594,0.247014037141961,0.79082903773667,41
"292","REACTOME_GABA_RECEPTOR_ACTIVATION",0.935766423357664,0.98893497013935,0.0341946045318573,0.215269708925538,0.713926645912158,50
"293","REACTOME_GABA_SYNTHESIS_RELEASE_REUPTAKE_AND_DEGRADATION",0.630541871921182,0.792437757954999,0.0578529757032509,0.341787794410565,0.86778018390972,15
"294","REACTOME_GAMMA_CARBOXYLATION_HYPUSINYLATION_HYDROXYLATION_AND_ARYLSULFATASE_ACTIVATION",0.000179522028053686,0.00151777714627208,0.518848077743792,0.566163100424861,1.89374012862332,52
"295","REACTOME_GAP_FILLING_DNA_REPAIR_SYNTHESIS_AND_LIGATION_IN_GG_NER",2.22478524864176e-05,0.000344841713539472,0.575610261071129,0.769141059996999,2.06961570333617,19
"296","REACTOME_GAP_JUNCTION_ASSEMBLY",0.085427135678392,0.190065158327523,0.197822021315103,0.511166151203269,1.37545314971005,19
"297","REACTOME_GAP_JUNCTION_DEGRADATION",0.508474576271186,0.696570586997686,0.0886261133285098,-0.400114546901772,-0.962830383410265,10
"298","REACTOME_GAP_JUNCTION_TRAFFICKING_AND_REGULATION",0.583333333333333,0.753732849071832,0.0603786357920401,0.30236438027266,0.909289260795509,30
"299","REACTOME_GASTRIN_CREB_SIGNALLING_PATHWAY_VIA_PKC_AND_MAPK",0.00139014610416451,0.0080802242304562,0.45505986738723,-0.72709098052964,-1.92280291233343,14
"300","REACTOME_GENERATION_OF_SECOND_MESSENGER_MOLECULES",0.597337770382696,0.763294817506986,0.0610363728309177,0.324112288856601,0.913136258374834,23
"301","REACTOME_GENE_SILENCING_BY_RNA",0.133846153846154,0.253001876172608,0.148261500475107,0.399829914693804,1.27014588972889,38
"302","REACTOME_GLI3_IS_PROCESSED_TO_GLI3R_BY_THE_PROTEASOME",0.00154501104119773,0.00886950782909809,0.45505986738723,0.565250764174648,1.80186040849548,39
"303","REACTOME_GLOBAL_GENOME_NUCLEOTIDE_EXCISION_REPAIR_GG_NER",0.000441537714673107,0.00301933878416169,0.49849310876659,0.49074042567373,1.76314678569711,77
"304","REACTOME_GLUCAGON_LIKE_PEPTIDE_1_GLP1_REGULATES_INSULIN_SECRETION",0.705047318611987,0.850350502895459,0.0508054139066364,0.277376685862357,0.849564849215326,32
"305","REACTOME_GLUCAGON_TYPE_LIGAND_RECEPTORS",0.154205607476636,0.283982603867863,0.138022242496643,0.411297353628278,1.25004046488443,31
"306","REACTOME_GLUCONEOGENESIS",0.809443507588533,0.915793749461479,0.0475434194201301,0.290192352513877,0.766717055934938,18
"307","REACTOME_GLUCOSE_METABOLISM",0.552217453505007,0.729491806476785,0.057609110864425,0.276250339399182,0.945517566915833,61
"308","REACTOME_GLUCURONIDATION",0.584564860426929,0.754015700689382,0.0614364107201271,0.353252904825839,0.896889461032591,15
"309","REACTOME_GLUTAMATE_AND_GLUTAMINE_METABOLISM",0.427835051546392,0.624625742446066,0.0793434960134973,0.430789857599117,1.034635256867,13
"310","REACTOME_GLUTAMATE_NEUROTRANSMITTER_RELEASE_CYCLE",0.871859296482412,0.950561718321973,0.0626618230932491,-0.239930247053412,-0.725611308631316,21
"311","REACTOME_GLUTATHIONE_CONJUGATION",0.0185261548507224,0.0595905133522088,0.352487857583619,0.518643951123165,1.57629491182539,31
"312","REACTOME_GLUTATHIONE_SYNTHESIS_AND_RECYCLING",0.910652920962199,0.97345657068373,0.0430173196927508,0.277691834680948,0.656850804478297,12
"313","REACTOME_GLYCEROPHOSPHOLIPID_BIOSYNTHESIS",0.543307086614173,0.719183548951235,0.114266502484433,-0.233574068711502,-0.972406244035168,106
"314","REACTOME_GLYCOGEN_BREAKDOWN_GLYCOGENOLYSIS",0.989821882951654,1,0.0572461135202884,-0.187181865199867,-0.507546116774783,15
"315","REACTOME_GLYCOGEN_METABOLISM",1,1,0.0553642837725362,-0.163256707588081,-0.480845566643564,19
"316","REACTOME_GLYCOSAMINOGLYCAN_METABOLISM",0.574898785425101,0.747770448175306,0.112378519110475,-0.229016693151867,-0.956665579539391,109
"317","REACTOME_GLYCOSPHINGOLIPID_BIOSYNTHESIS",0.507588532883642,0.696570586997686,0.0696133438850965,0.367406956950122,0.970725720104361,18
"318","REACTOME_GLYCOSPHINGOLIPID_CATABOLISM",0.996884735202492,1,0.0342688261591917,0.167208131535331,0.508189339496184,31
"319","REACTOME_GLYCOSPHINGOLIPID_METABOLISM",0.759882869692533,0.887293327185297,0.0439759278026345,0.249597541773857,0.826094898944912,49
"320","REACTOME_GLYOXYLATE_METABOLISM_AND_GLYCINE_DEGRADATION",0.354679802955665,0.539856328557723,0.0870515867946735,0.433299132683267,1.10012237767665,15
"321","REACTOME_GOLGI_ASSOCIATED_VESICLE_BIOGENESIS",5.8496189592941e-05,0.00063257507350506,0.557332238758646,-0.55424846653728,-2.05424619169578,52
"322","REACTOME_GOLGI_CISTERNAE_PERICENTRIOLAR_STACK_REORGANIZATION",0.154963680387409,0.28481466948674,0.175204047558551,-0.552208657995908,-1.32882765202535,10
"323","REACTOME_GOLGI_TO_ER_RETROGRADE_TRANSPORT",0.842105263157895,0.927925384895852,0.0891647117820678,-0.201136585245758,-0.860466583170454,118
"324","REACTOME_GPCR_LIGAND_BINDING",0.0677146311970979,0.162831756129651,0.188204146308491,0.298174840461443,1.22278867115563,257
"325","REACTOME_GPER1_SIGNALING",0.439144736842105,0.634168641712978,0.0756946307932749,0.351342844595105,1.02219467385001,27
"326","REACTOME_GPVI_MEDIATED_ACTIVATION_CASCADE",0.53475935828877,0.709916307730568,0.0913924325943768,-0.281835689802531,-0.952085324327185,33
"327","REACTOME_GRB2_EVENTS_IN_ERBB2_SIGNALING",0.12590799031477,0.244456014598614,0.195789002148949,-0.571955885248268,-1.37634711997248,10
"328","REACTOME_GRB2_SOS_PROVIDES_LINKAGE_TO_MAPK_SIGNALING_FOR_INTEGRINS",0.507142857142857,0.696570586997686,0.0878312634480124,-0.359311100257497,-0.944458106004447,13
"329","REACTOME_G_ALPHA_12_13_SIGNALLING_EVENTS",0.00684214468337943,0.0282808646913016,0.407017918923954,-0.397500870755198,-1.55752114666701,70
"330","REACTOME_G_ALPHA_I_SIGNALLING_EVENTS",0.955665024630542,0.998553430556256,0.024567800621605,0.194070889731294,0.77910129513555,206
"331","REACTOME_G_ALPHA_Q_SIGNALLING_EVENTS",0.795348837209302,0.902176641779249,0.100633389423036,-0.201223852117795,-0.901209505196357,163
"332","REACTOME_G_ALPHA_S_SIGNALLING_EVENTS",0.686382393397524,0.834425654718559,0.04577044581081,0.246195238085095,0.900525642426089,90
"333","REACTOME_G_ALPHA_Z_SIGNALLING_EVENTS",0.581210191082803,0.753732849071832,0.0602484086158019,0.299457052099811,0.923187131688793,33
"334","REACTOME_G_BETA_GAMMA_SIGNALLING_THROUGH_CDC42",0.160267111853088,0.292043280519261,0.140406238523342,0.476288017974863,1.30181470591574,20
"335","REACTOME_G_BETA_GAMMA_SIGNALLING_THROUGH_PI3KGAMMA",0.780889621087315,0.896649029982363,0.0481183992657975,0.278666154137136,0.80081379041614,25
"336","REACTOME_G_PROTEIN_ACTIVATION",0.116472545757072,0.232445209343512,0.166933848713193,0.472639821656571,1.33158961614497,23
"337","REACTOME_G_PROTEIN_BETA_GAMMA_SIGNALLING",0.779179810725552,0.896649029982363,0.0462302524077616,0.260712624694119,0.798525229321915,32
"338","REACTOME_G_PROTEIN_MEDIATED_EVENTS",0.0397394034517869,0.110983919550036,0.321775918075361,-0.415207561673285,-1.45127287364604,39
"339","REACTOME_HATS_ACETYLATE_HISTONES",0.463722397476341,0.662460567823344,0.110122263835536,-0.273702163387643,-1.00402233368057,50
"340","REACTOME_HDACS_DEACETYLATE_HISTONES",0.0282721997117172,0.0856454258367982,0.352487857583619,0.437414990882915,1.48333729900439,58
"341","REACTOME_HDMS_DEMETHYLATE_HISTONES",0.375,0.5625,0.114266502484433,-0.303356658829411,-1.04019298704888,35
"342","REACTOME_HDR_THROUGH_HOMOLOGOUS_RECOMBINATION_HRR",0.000100065755239385,0.000930611523726276,0.538434096309916,0.550248502760188,1.85826280371165,55
"343","REACTOME_HDR_THROUGH_MMEJ_ALT_NHEJ",0.321917808219178,0.499805612093215,0.0949751525905595,0.48395412028978,1.12237583258194,11
"344","REACTOME_HDR_THROUGH_SINGLE_STRAND_ANNEALING_SSA",0.198738170347003,0.342906305051416,0.120433371642259,0.381257321107145,1.18592519557798,35
"345","REACTOME_HEDGEHOG_LIGAND_BIOGENESIS",0.000397096061233062,0.00277668674396051,0.49849310876659,0.573255633627295,1.86787312346399,44
"346","REACTOME_HEDGEHOG_OFF_STATE",0.0308348391262658,0.0913261158835261,0.352487857583619,0.387287011739531,1.39065461065445,81
"347","REACTOME_HEDGEHOG_ON_STATE",0.0642857142857143,0.158582796513831,0.211400189384923,0.38222811574867,1.32244692056196,63
"348","REACTOME_HEME_BIOSYNTHESIS",0.0481099656357388,0.12820134109237,0.271288554688953,0.631648416109648,1.49409783959172,12
"349","REACTOME_HEME_DEGRADATION",0.251712328767123,0.414493561036234,0.110122263835536,0.513171818834571,1.19013688131669,11
"350","REACTOME_HEME_SIGNALING",0.760290556900726,0.887293327185297,0.0675188953767744,-0.324440074311143,-0.780728327828935,10
"351","REACTOME_HEMOSTASIS",0.347094964726064,0.530758140093716,0.203508959461977,-0.20826483567384,-1.04043622807989,464
"352","REACTOME_HEPARAN_SULFATE_HEPARIN_HS_GAG_METABOLISM",0.893416927899687,0.962114726027397,0.0723570851036907,-0.215407205022948,-0.788120951409719,49
"353","REACTOME_HIGH_LAMINAR_FLOW_SHEAR_STRESS_ACTIVATES_SIGNALING_BY_PIEZO1_AND_PECAM1_CDH5_KDR_IN_ENDOTHELIAL_CELLS",0.254545454545455,0.417508417508417,0.151148761385484,-0.310304319369493,-1.11580061334171,44
"354","REACTOME_HOMOLOGOUS_DNA_PAIRING_AND_STRAND_EXCHANGE",0.976683937823834,1,0.0587185879555941,-0.196286402463377,-0.626485487054231,26
"355","REACTOME_HOMOLOGY_DIRECTED_REPAIR",3.74304449922961e-05,0.000477981553713046,0.557332238758646,0.479603976338308,1.81236518545414,115
"356","REACTOME_HSF1_DEPENDENT_TRANSACTIVATION",0.172839506172839,0.309878743100526,0.166933848713193,-0.42464964401029,-1.25073512577699,19
"357","REACTOME_HSP90_CHAPERONE_CYCLE_FOR_STEROID_HORMONE_RECEPTORS_SHR_IN_THE_PRESENCE_OF_LIGAND",0.82,0.922412869453416,0.072003313661988,-0.234895208381277,-0.824738263002335,40
"358","REACTOME_HS_GAG_BIOSYNTHESIS",0.103626943005181,0.215698708802339,0.224966093540314,-0.406919017077886,-1.29875964614122,26
"359","REACTOME_HS_GAG_DEGRADATION",0.520100502512563,0.699398731751125,0.0894366833718621,-0.313142856631475,-0.94702523245571,21
"360","REACTOME_HYALURONAN_METABOLISM",0.0483659077362544,0.128515126270619,0.321775918075361,-0.534257779482099,-1.48575222040514,16
"361","REACTOME_HYALURONAN_UPTAKE_AND_DEGRADATION",0.176190476190476,0.314401622718053,0.161978948883402,-0.491811371813158,-1.26276230925904,12
"362","REACTOME_IKK_COMPLEX_RECRUITMENT_MEDIATED_BY_RIP1",0.0174545955250318,0.0569649728097041,0.352487857583619,-0.544821545707928,-1.62874941039001,20
"363","REACTOME_IL_6_TYPE_CYTOKINE_RECEPTOR_LIGAND_INTERACTIONS",0.903814262023217,0.969489346806911,0.0417397034728504,0.272994959196228,0.674971632885252,14
"364","REACTOME_IMMUNOREGULATORY_INTERACTIONS_BETWEEN_A_LYMPHOID_AND_A_NON_LYMPHOID_CELL",0.0891364902506964,0.197234475738039,0.175204047558551,0.35375168995932,1.27096958484804,77
"365","REACTOME_INACTIVATION_OF_CSF3_G_CSF_SIGNALING",0.524054982817869,0.699398731751125,0.0689567351672811,0.405204551724511,0.958468714372946,12
"366","REACTOME_INCRETIN_SYNTHESIS_SECRETION_AND_INACTIVATION",0.933014354066986,0.9879773102948,0.0571258510018113,-0.238720751769417,-0.596512825408889,11
"367","REACTOME_INFLAMMASOMES",0.844112769485904,0.927925384895852,0.0448645113168564,0.295435052213953,0.730454072088034,14
"368","REACTOME_INHIBITION_OF_DNA_RECOMBINATION_AT_TELOMERE",1.94139271189626e-05,0.000328271858557003,0.575610261071129,0.66744399659914,2.07612708893199,35
"369","REACTOME_INHIBITION_OF_THE_PROTEOLYTIC_ACTIVITY_OF_APC_C_REQUIRED_FOR_THE_ONSET_OF_ANAPHASE_BY_MITOTIC_SPINDLE_CHECKPOINT_COMPONENTS",0.0331061325891935,0.0974326054049048,0.321775918075361,0.577381847548457,1.59650700307643,21
"370","REACTOME_INITIAL_TRIGGERING_OF_COMPLEMENT",0.500829187396352,0.693733419157678,0.0694481442003175,0.392878072795168,0.971378940842471,14
"371","REACTOME_INITIATION_OF_NUCLEAR_ENVELOPE_NE_REFORMATION",0.705882352941177,0.850350502895459,0.0718276293603809,-0.290587813387848,-0.828801550389478,17
"372","REACTOME_INOSITOL_PHOSPHATE_METABOLISM",0.0143233720754348,0.0498903971166832,0.380730400722792,-0.430931576950218,-1.54955534891157,44
"373","REACTOME_INSERTION_OF_TAIL_ANCHORED_PROTEINS_INTO_THE_ENDOPLASMIC_RETICULUM_MEMBRANE",0.796437659033079,0.902176641779249,0.0676760401641789,-0.277139625585418,-0.751467780386217,15
"374","REACTOME_INSULIN_PROCESSING",0.25181598062954,0.414493561036234,0.134273452883202,-0.493324745603908,-1.18713017967875,10
"375","REACTOME_INSULIN_RECEPTOR_RECYCLING",0.691927512355848,0.840068650771461,0.0536769600638126,0.299295679984965,0.860097663048042,25
"376","REACTOME_INSULIN_RECEPTOR_SIGNALLING_CASCADE",4.36323918236054e-06,0.000101445310989882,0.610526878385931,-0.659688038555669,-2.24996034818626,34
"377","REACTOME_INTEGRATION_OF_ENERGY_METABOLISM",0.731958762886598,0.868267410056806,0.0878312634480124,-0.224181376166686,-0.887765743396298,72
"378","REACTOME_INTEGRIN_CELL_SURFACE_INTERACTIONS",0.619047619047619,0.785421945039953,0.096887770327544,-0.237066727796072,-0.927275228727215,68
"379","REACTOME_INTEGRIN_SIGNALING",0.286075949367089,0.457131671669059,0.128142916898415,-0.345475211410851,-1.09387259268973,25
"380","REACTOME_INTERCONVERSION_OF_NUCLEOTIDE_DI_AND_TRIPHOSPHATES",0.0058877890388264,0.0254681107260863,0.407017918923954,0.596857104703387,1.67160404388055,22
"381","REACTOME_INTERFERON_ALPHA_BETA_SIGNALING",0.743142144638404,0.874838220903438,0.070113215764256,-0.287510278403564,-0.79955604004772,16
"382","REACTOME_INTERFERON_GAMMA_SIGNALING",0.106172839506173,0.219912562896973,0.216542836735348,-0.467456126541931,-1.37681452338973,19
"383","REACTOME_INTERFERON_SIGNALING",0.492125984251969,0.690312466597784,0.120985142145252,-0.23651746979565,-0.983981311997638,107
"384","REACTOME_INTERLEUKIN_12_FAMILY_SIGNALING",0.959899749373434,0.998553430556256,0.0579754757571486,-0.232996037368257,-0.61616148626612,14
"385","REACTOME_INTERLEUKIN_15_SIGNALING",0.191283292978208,0.331890788189802,0.156312403073186,-0.524719603878774,-1.26267835373032,10
"386","REACTOME_INTERLEUKIN_17_SIGNALING",5.64502900368599e-06,0.000119647447157898,0.610526878385931,-0.556296792768849,-2.07727152021831,55
"387","REACTOME_INTERLEUKIN_1_FAMILY_SIGNALING",0.0993197278911565,0.209487768617381,0.163180127180689,0.337892422548705,1.24829838216233,97
"388","REACTOME_INTERLEUKIN_1_SIGNALING",0.06703146374829,0.162831756129651,0.20207170902116,0.358563189189609,1.30155766549941,85
"389","REACTOME_INTERLEUKIN_20_FAMILY_SIGNALING",0.0773522229629484,0.178804246600857,0.287805130535564,-0.604600047610381,-1.51076804161028,11
"390","REACTOME_INTERLEUKIN_2_FAMILY_SIGNALING",0.282383419689119,0.453569223334855,0.130777137971974,-0.34023152487608,-1.11489822153019,29
"391","REACTOME_INTERLEUKIN_3_INTERLEUKIN_5_AND_GM_CSF_SIGNALING",0.305555555555556,0.478395061728395,0.130105630751129,-0.330703796369125,-1.08895017699329,31
"392","REACTOME_INTERLEUKIN_4_AND_INTERLEUKIN_13_SIGNALING",0.76555023923445,0.887732821057404,0.0665892104103933,-0.313061385015928,-0.782274393483186,11
"393","REACTOME_INTERLEUKIN_6_FAMILY_SIGNALING",0.837037037037037,0.927925384895852,0.0637845390312975,-0.257836592111129,-0.759414936554637,19
"394","REACTOME_INTERLEUKIN_7_SIGNALING",0.842239185750636,0.927925384895852,0.0649407684612899,-0.260140393434967,-0.705374136341684,15
"395","REACTOME_INTERLEUKIN_RECEPTOR_SHC_SIGNALING",0.244498777506112,0.406768985833067,0.137250779610133,-0.409173190495555,-1.18056046106366,18
"396","REACTOME_INTRACELLULAR_SIGNALING_BY_SECOND_MESSENGERS",0.0374422538588127,0.107473136076222,0.321775918075361,-0.270680323542691,-1.24746332312291,218
"397","REACTOME_INTRAFLAGELLAR_TRANSPORT",0.563988095238095,0.740034905414351,0.0584693210386381,0.288926186284145,0.941425476467236,44
"398","REACTOME_INTRA_GOLGI_AND_RETROGRADE_GOLGI_TO_ER_TRAFFIC",0.0150400956321139,0.0516136123168484,0.380730400722792,-0.298290940590109,-1.3528243119064,175
"399","REACTOME_INTRA_GOLGI_TRAFFIC",0.0464186688814067,0.125128585680314,0.321775918075361,-0.409642568148497,-1.42984809104316,37
"400","REACTOME_INTRINSIC_PATHWAY_FOR_APOPTOSIS",0.672386895475819,0.824440608149091,0.0524827622635459,0.279841460538914,0.874179260081434,36
"401","REACTOME_INTRINSIC_PATHWAY_OF_FIBRIN_CLOT_FORMATION",0.0249345096613912,0.0769562262052269,0.352487857583619,0.626701154075688,1.59115934399623,15
"402","REACTOME_INWARDLY_RECTIFYING_K_CHANNELS",0.073208722741433,0.172802315100337,0.206587922696891,0.458541674678401,1.39362834000123,31
"403","REACTOME_IONOTROPIC_ACTIVITY_OF_KAINATE_RECEPTORS",0.438095238095238,0.634168641712978,0.096240602328129,-0.392320291022818,-1.00731155287186,12
"404","REACTOME_ION_CHANNEL_TRANSPORT",0.0639767240860923,0.158582796513831,0.287805130535564,-0.279077715422928,-1.21696647994504,140
"405","REACTOME_ION_HOMEOSTASIS",0.702194357366771,0.848104873183243,0.0850427463764322,-0.241675524462397,-0.884230145651144,49
"406","REACTOME_ION_TRANSPORT_BY_P_TYPE_ATPASES",0.0364840227428337,0.105046876627973,0.321775918075361,-0.398531878612262,-1.45786035566194,48
"407","REACTOME_IRAK1_RECRUITS_IKK_COMPLEX",0.138755980861244,0.261220773686148,0.184706471207739,-0.534192123246625,-1.33483348383892,11
"408","REACTOME_IRON_UPTAKE_AND_TRANSPORT",0.46875,0.666571100917431,0.0673623868166279,0.305926451712452,1.00094933865152,46
"409","REACTOME_IRS_MEDIATED_SIGNALLING",4.8157599388788e-05,0.000552920585574973,0.557332238758646,-0.663391266119953,-2.17385423953639,29
"410","REACTOME_ISG15_ANTIVIRAL_MECHANISM",0.290155440414508,0.461166393333629,0.128788713061714,-0.346337431968663,-1.10540196380889,26
"411","REACTOME_JNK_C_JUN_KINASES_PHOSPHORYLATION_AND_ACTIVATION_MEDIATED_BY_ACTIVATED_HUMAN_TAK1",0.00672120807796712,0.0279392767105973,0.407017918923954,-0.608748886284765,-1.79296892295411,19
"412","REACTOME_KEAP1_NFE2L2_PATHWAY",0.107714701601164,0.221136142360007,0.161978948883402,0.379843009390281,1.28526054023284,57
"413","REACTOME_KERATAN_SULFATE_BIOSYNTHESIS",0.992518703241895,1,0.0561766586307176,-0.190820080493368,-0.592219755878867,23
"414","REACTOME_KERATAN_SULFATE_DEGRADATION",0.735714285714286,0.869395534579779,0.0683110858318647,-0.307903718081736,-0.790565717585825,12
"415","REACTOME_KERATAN_SULFATE_KERATIN_METABOLISM",0.976190476190476,1,0.0597317976364411,-0.191855419178693,-0.628728168618003,30
"416","REACTOME_KERATINIZATION",0.565217391304348,0.740034905414351,0.0891647117820678,-0.275516201154144,-0.944729617489784,35
"417","REACTOME_KINESINS",0.347560975609756,0.530758140093716,0.127505315300183,-0.286736950771835,-1.04491878489298,47
"418","REACTOME_KSRP_KHSRP_BINDS_AND_DESTABILIZES_MRNA",0.00166220748441328,0.00948376049389172,0.45505986738723,0.750728633047632,1.80303760264814,13
"419","REACTOME_L1CAM_INTERACTIONS",0.132911392405063,0.251746629199,0.219250346703755,-0.316670173390879,-1.19992311179632,58
"420","REACTOME_LAGGING_STRAND_SYNTHESIS",3.8032940833081e-05,0.000477981553713046,0.557332238758646,0.745538548668381,2.03774399072705,20
"421","REACTOME_LAMININ_INTERACTIONS",0.185750636132316,0.325107738859343,0.163180127180689,-0.457878762018209,-1.24154435242882,15
"422","REACTOME_LDL_CLEARANCE",0.366748166259169,0.552797073940076,0.108820126769161,-0.361113480214246,-1.04189694388754,18
"423","REACTOME_LGI_ADAM_INTERACTIONS",0.741935483870968,0.874524714828897,0.0518457624865066,0.347425334878095,0.783395566264585,10
"424","REACTOME_LYSINE_CATABOLISM",0.66213921901528,0.818868980963046,0.0571258510018113,0.375139665298436,0.845887507391749,10
"425","REACTOME_LYSOSOME_VESICLE_BIOGENESIS",0.746056782334385,0.877159048762298,0.0482149710025564,0.268005127749382,0.820861116129726,32
"426","REACTOME_LYSOSPHINGOLIPID_AND_LPA_RECEPTORS",0.518900343642612,0.699398731751125,0.0694481442003175,0.402173044533196,0.965905774928435,13
"427","REACTOME_MACROAUTOPHAGY",0.200803212851406,0.345452776623124,0.199915231309662,-0.26141597527069,-1.10769157107318,113
"428","REACTOME_MAJOR_PATHWAY_OF_RRNA_PROCESSING_IN_THE_NUCLEOLUS_AND_CYTOSOL",6.10319071071636e-31,1.91655276296433e-28,1.44620288250144,0.720434564733664,2.81250103963178,160
"429","REACTOME_MAP2K_AND_MAPK_ACTIVATION",0.597503900156006,0.763294817506986,0.0579754757571486,0.297595996899134,0.929641547294261,36
"430","REACTOME_MAP3K8_TPL2_DEPENDENT_MAPK1_3_ACTIVATION",0.343825665859564,0.526783969109382,0.112378519110475,-0.45329373024071,-1.09080007079142,10
"431","REACTOME_MAPK6_MAPK4_SIGNALING",0.0402877697841727,0.112178520656529,0.271288554688953,0.415201845922865,1.39917136517639,54
"432","REACTOME_MAPK_FAMILY_SIGNALING_CASCADES",0.0477563554411007,0.127992537637532,0.321775918075361,-0.258058235049973,-1.22522319744126,248
"433","REACTOME_MAPK_TARGETS_NUCLEAR_EVENTS_MEDIATED_BY_MAP_KINASES",0.00426497393152701,0.0195390431345819,0.407017918923954,-0.557030818219824,-1.80594161780616,28
"434","REACTOME_MATURATION_OF_TCA_ENZYMES_AND_REGULATION_OF_TCA_CYCLE",0.000966279977774332,0.00591210775875085,0.477270815362862,0.688983547875917,1.82036305519033,18
"435","REACTOME_METABOLISM_OF_AMINO_ACIDS_AND_DERIVATIVES",1.70227256630353e-06,4.94722964581963e-05,0.643551836150722,0.449007510906791,1.7913523342418,191
"436","REACTOME_METABOLISM_OF_ANGIOTENSINOGEN_TO_ANGIOTENSINS",0.941780821917808,0.990444177271536,0.0413209506074822,0.262012553804449,0.6076537958745,11
"437","REACTOME_METABOLISM_OF_CARBOHYDRATES_AND_CARBOHYDRATE_DERIVATIVES",0.997584541062802,1,0.0210003441275487,0.168109326124691,0.68613432803205,230
"438","REACTOME_METABOLISM_OF_COFACTORS",0.0150104368676445,0.0516136123168484,0.380730400722792,0.572925695462194,1.6353196499113,24
"439","REACTOME_METABOLISM_OF_FAT_SOLUBLE_VITAMINS",0.943076923076923,0.990444177271536,0.0363018462359236,0.21195612660681,0.673324313961514,38
"440","REACTOME_METABOLISM_OF_FOLATE_AND_PTERINES",0.12807881773399,0.245438783985219,0.157402899305283,0.527552428730151,1.33942624959728,15
"441","REACTOME_METABOLISM_OF_NITRIC_OXIDE_NOS3_ACTIVATION_AND_REGULATION",0.572519083969466,0.746764022568868,0.0847985102819124,-0.340284979724364,-0.92268724788842,15
"442","REACTOME_METABOLISM_OF_NUCLEOTIDES",6.24682978754894e-05,0.00066285486924078,0.538434096309916,0.51322621151738,1.85159811314465,82
"443","REACTOME_METABOLISM_OF_POLYAMINES",1.29153003089082e-06,3.87459009267246e-05,0.643551836150722,0.668403752522482,2.13993140852617,41
"444","REACTOME_METABOLISM_OF_PORPHYRINS",0.0548046109660761,0.13963914574918,0.321775918075361,0.530487325825145,1.49456601453814,23
"445","REACTOME_METABOLISM_OF_STEROIDS",0.00855179328014686,0.0336998633497313,0.380730400722792,-0.367145811755553,-1.49821421026965,90
"446","REACTOME_METABOLISM_OF_STEROID_HORMONES",0.624382207578254,0.791110971454736,0.0584693210386381,0.316654685674442,0.909982914405851,25
"447","REACTOME_METABOLISM_OF_VITAMINS_AND_COFACTORS",0.188387096774194,0.328705440900563,0.110564716336619,0.293274228495388,1.14491185309164,160
"448","REACTOME_METABOLISM_OF_WATER_SOLUBLE_VITAMINS_AND_COFACTORS",0.594339622641509,0.761344144706066,0.0514264916187015,0.253518678041085,0.939897082642913,99
"449","REACTOME_METALLOPROTEASE_DUBS",0.0948419301164725,0.204552952820851,0.186432558434075,0.480454861318971,1.35360728200254,23
"450","REACTOME_METAL_ION_SLC_TRANSPORTERS",0.271604938271605,0.438528806584362,0.130105630751129,-0.384437640291392,-1.13229733538082,19
"451","REACTOME_METHYLATION",0.404109589041096,0.598442544280604,0.0822054920415869,0.454552111847538,1.05418733635593,11
"452","REACTOME_MET_ACTIVATES_PTK2_SIGNALING",0.122249388753056,0.240363491628631,0.199915231309662,-0.463519509575316,-1.33736231661097,18
"453","REACTOME_MET_ACTIVATES_RAP1_AND_RAC1",0.00328416978384128,0.0160751468366968,0.431707695803346,-0.750542049204307,-1.87544633233848,11
"454","REACTOME_MET_PROMOTES_CELL_MOTILITY",0.00112855245526001,0.00677131473156009,0.45505986738723,-0.587922926784683,-1.92655347180955,29
"455","REACTOME_MET_RECEPTOR_RECYCLING",0.0823244552058111,0.185379523829066,0.245041785430996,-0.593554644460569,-1.4283220900769,10
"456","REACTOME_MHC_CLASS_II_ANTIGEN_PRESENTATION",0.502024291497976,0.693733419157678,0.121543282035469,-0.230516733389026,-0.986155480866465,118
"457","REACTOME_MISCELLANEOUS_SUBSTRATES",0.0453665336594421,0.123005470271957,0.321775918075361,-0.536920172242705,-1.4931562416615,16
"458","REACTOME_MISCELLANEOUS_TRANSPORT_AND_BINDING_EVENTS",0.000710209542456324,0.00458676996169709,0.477270815362862,-0.629854652688169,-1.92472781570347,22
"459","REACTOME_MISMATCH_REPAIR",0.0100837092579452,0.0387514446689628,0.380730400722792,0.665120703482553,1.68870444126197,15
"460","REACTOME_MISMATCH_REPAIR_MMR_DIRECTED_BY_MSH2_MSH3_MUTSBETA",0.0242571842524474,0.0751972711825868,0.352487857583619,0.702026096184377,1.58297071612768,10
"461","REACTOME_MITF_M_DEPENDENT_GENE_EXPRESSION",0.665835411471322,0.8222109016811,0.0756946307932749,-0.306260033716075,-0.851698454547739,16
"462","REACTOME_MITF_M_REGULATED_MELANOCYTE_DEVELOPMENT",0.675757575757576,0.825271841019873,0.0852884689790502,-0.247530653654838,-0.890077378652483,44
"463","REACTOME_MITOCHONDRIAL_BIOGENESIS",0.000821811168976937,0.00523482456951063,0.477270815362862,0.636882575831953,1.85294218139989,27
"464","REACTOME_MITOCHONDRIAL_CALCIUM_ION_TRANSPORT",0.653198653198653,0.811047726935577,0.0573667426768556,0.335217341178348,0.872212608232028,17
"465","REACTOME_MITOCHONDRIAL_FATTY_ACID_BETA_OXIDATION",0.0669781931464174,0.162831756129651,0.216542836735348,0.46242856877791,1.40544162998291,31
"466","REACTOME_MITOCHONDRIAL_IRON_SULFUR_CLUSTER_BIOGENESIS",0.0144741008785528,0.0502272903621421,0.380730400722792,0.704917386247495,1.63482901605896,11
"467","REACTOME_MITOCHONDRIAL_PROTEIN_DEGRADATION",0.00258685360129007,0.0137472791382844,0.431707695803346,0.459939798286898,1.6515977754351,76
"468","REACTOME_MITOCHONDRIAL_PROTEIN_IMPORT",0.0161292154884704,0.0543484434937589,0.352487857583619,0.723597119055702,1.63161035745699,10
"469","REACTOME_MITOCHONDRIAL_TRANSLATION",1.04746246838325e-27,1.94828019119284e-25,1.36517960216169,0.804952201066912,2.93482357773655,87
"470","REACTOME_MITOPHAGY",0.506309148264984,0.696570586997686,0.066436413766281,0.317436178807114,0.972261307922543,32
"471","REACTOME_MITOTIC_G1_PHASE_AND_G1_S_TRANSITION",0.000629543598728753,0.00415230884267901,0.477270815362862,0.447462790869723,1.68647694794883,112
"472","REACTOME_MITOTIC_G2_G2_M_PHASES",0.0491591203104787,0.130250660651696,0.231126709673834,0.337559029661559,1.31575615068438,159
"473","REACTOME_MITOTIC_METAPHASE_AND_ANAPHASE",0.000130562635692555,0.0011675312614815,0.518848077743792,0.40735079179099,1.6276828856813,194
"474","REACTOME_MITOTIC_PROMETAPHASE",0.0982367758186398,0.208584934957386,0.157402899305283,0.306565766810188,1.21758995835487,181
"475","REACTOME_MITOTIC_PROPHASE",0.000372815874652793,0.0026467081177641,0.49849310876659,0.479599830010651,1.75610530898733,93
"476","REACTOME_MITOTIC_SPINDLE_CHECKPOINT",0.0102868536160447,0.0392080896021374,0.380730400722792,0.390991319235255,1.46742814386534,108
"477","REACTOME_MITOTIC_TELOPHASE_CYTOKINESIS",0.0126718870045983,0.0456978745088593,0.380730400722792,-0.680225424149414,-1.78798933650484,13
"478","REACTOME_MODULATION_OF_HOST_RESPONSES_BY_IFN_STIMULATED_GENES",0.0677966101694915,0.162831756129651,0.271288554688953,-0.630352948714298,-1.5168730454666,10
"479","REACTOME_MOLECULES_ASSOCIATED_WITH_ELASTIC_FIBRES",0.919689119170985,0.977869145810619,0.0615706755421678,-0.218227891974353,-0.715106834203868,29
"480","REACTOME_MRNA_CAPPING",0.000133987809458046,0.00118674916948555,0.518848077743792,0.681889535941952,2.00116903880437,28
"481","REACTOME_MRNA_DECAY_BY_3_TO_5_EXORIBONUCLEASE",0.000318629271735718,0.00239457009791085,0.49849310876659,0.765010892962389,1.94232007182326,15
"482","REACTOME_MRNA_DECAY_BY_5_TO_3_EXORIBONUCLEASE",0.0530679933665008,0.136712559088215,0.252961123069611,0.594471357101099,1.46981213055155,14
"483","REACTOME_MRNA_SPLICING",9.41788150219345e-10,6.25616414074279e-08,0.788186810800237,0.512832153205838,2.0405439468096,187
"484","REACTOME_MRNA_SPLICING_MINOR_PATHWAY",2.33206556125742e-07,8.03267026655333e-06,0.690132458796796,0.670404598312862,2.19979793211938,47
"485","REACTOME_MTORC1_MEDIATED_SIGNALLING",0.0476220070641289,0.127992537637532,0.321775918075361,0.530830899272402,1.51516716257585,24
"486","REACTOME_MTOR_SIGNALLING",0.626153846153846,0.79119983277592,0.0551351763385257,0.279859546681968,0.895985744634935,41
"487","REACTOME_MUSCLE_CONTRACTION",0.998678996036988,1,0.0259735747969448,0.161720997680806,0.619409907211677,131
"488","REACTOME_MYD88_MAL_TIRAP_CASCADE_INITIATED_ON_PLASMA_MEMBRANE",0.000705289113085732,0.00458676996169709,0.477270815362862,-0.424752275320941,-1.69266212045191,80
"489","REACTOME_MYOGENESIS",0.139364303178484,0.261738578680203,0.186432558434075,-0.454561538100946,-1.31151647142945,18
"490","REACTOME_M_PHASE",2.21675345426432e-05,0.000344841713539472,0.575610261071129,0.383300981845031,1.60769046995092,331
"491","REACTOME_NA_CL_DEPENDENT_NEUROTRANSMITTER_TRANSPORTERS",0.634085213032581,0.793673281453971,0.0785029047348687,-0.328180364939465,-0.867877856243777,14
"492","REACTOME_NCAM1_INTERACTIONS",0.511002444987775,0.698144506574972,0.0888945288620449,-0.330039760900617,-0.952241987864078,18
"493","REACTOME_NCAM_SIGNALING_FOR_NEURITE_OUT_GROWTH",0.0187101396761774,0.0595905133522088,0.352487857583619,-0.456799652532666,-1.56634041555041,35
"494","REACTOME_NEDDYLATION",0.226817042606516,0.381446382683653,0.0972150808846466,0.27906605359795,1.11172630278683,186
"495","REACTOME_NEGATIVE_REGULATION_OF_FGFR2_SIGNALING",0.0174545955250318,0.0569649728097041,0.352487857583619,-0.544494151234252,-1.62777066136629,20
"496","REACTOME_NEGATIVE_REGULATION_OF_FGFR3_SIGNALING",0.0360165261521705,0.104673029129745,0.321775918075361,-0.528885563385583,-1.55774474551702,19
"497","REACTOME_NEGATIVE_REGULATION_OF_FGFR4_SIGNALING",0.0362740886965413,0.104766777912371,0.321775918075361,-0.522626779977986,-1.58055895995963,21
"498","REACTOME_NEGATIVE_REGULATION_OF_MAPK_PATHWAY",0.34375,0.526783969109382,0.123257226381337,-0.304701680754356,-1.06502223141377,39
"499","REACTOME_NEGATIVE_REGULATION_OF_MET_ACTIVITY",0.00322917638692728,0.0158895980944041,0.431707695803346,-0.648188572311954,-1.84873442355913,17
"500","REACTOME_NEGATIVE_REGULATION_OF_THE_PI3K_AKT_NETWORK",2.72229909666607e-05,0.000383596690893855,0.575610261071129,-0.436390545167816,-1.80693632014248,100
"501","REACTOME_NEGATIVE_REGULATORS_OF_DDX58_IFIH1_SIGNALING",0.424657534246575,0.620961488756785,0.0795564677235957,0.444001156541428,1.02971779110412,11
"502","REACTOME_NERVOUS_SYSTEM_DEVELOPMENT",5.66073943542745e-06,0.000119647447157898,0.610526878385931,-0.361213988591368,-1.70261528783874,233
"503","REACTOME_NETRIN_1_SIGNALING",0.114285714285714,0.231055900621118,0.204294756516886,-0.530370992055166,-1.39409325867513,13
"504","REACTOME_NEUREXINS_AND_NEUROLIGINS",0.893782383419689,0.962114726027397,0.0629394692018967,-0.225452128012634,-0.738779796061026,29
"505","REACTOME_NEURONAL_SYSTEM",1,1,0.107140237276725,-0.156304743000332,-0.743242524839512,277
"506","REACTOME_NEUROTRANSMITTER_RECEPTORS_AND_POSTSYNAPTIC_SIGNAL_TRANSMISSION",0.897540983606557,0.963871956990876,0.0862865626267245,-0.197485908244763,-0.838002950924093,116
"507","REACTOME_NEUROTRANSMITTER_RELEASE_CYCLE",0.951515151515152,0.996519246519247,0.0675188953767744,-0.202362527790006,-0.727660617436013,44
"508","REACTOME_NEUTROPHIL_DEGRANULATION",0.958980044345898,0.998553430556256,0.0180905963991599,0.189923012147918,0.809775208445139,405
"509","REACTOME_NF_KB_IS_ACTIVATED_AND_SIGNALS_SURVIVAL",0.433414043583535,0.630790392069934,0.0978773277424561,-0.417240372128001,-1.00404174399805,10
"510","REACTOME_NICOTINATE_METABOLISM",0.387096774193548,0.577200978212539,0.106323255932708,-0.338787456689111,-1.01280845935145,20
"511","REACTOME_NITRIC_OXIDE_STIMULATES_GUANYLATE_CYCLASE",0.521428571428571,0.699398731751125,0.0862865626267245,-0.370381876813554,-0.950983041218627,12
"512","REACTOME_NOD1_2_SIGNALING_PATHWAY",0.0250621939421709,0.0769562262052269,0.352487857583619,-0.492074222167934,-1.59534677040431,28
"513","REACTOME_NONHOMOLOGOUS_END_JOINING_NHEJ",0.0096831766957273,0.0375223096959433,0.380730400722792,0.460413995569481,1.54325772164139,53
"514","REACTOME_NONSENSE_MEDIATED_DECAY_NMD",9.47102979917023e-24,1.46800961887139e-21,1.26273988547916,0.754607354859086,2.80615209458804,100
"515","REACTOME_NONSENSE_MEDIATED_DECAY_NMD_INDEPENDENT_OF_THE_EXON_JUNCTION_COMPLEX_EJC",4.18855390018329e-29,9.73838781792616e-27,1.40258870935552,0.833013985748123,2.99115308519402,81
"516","REACTOME_NON_INTEGRIN_MEMBRANE_ECM_INTERACTIONS",0.0110381567022792,0.041393087633547,0.380730400722792,-0.415922332074037,-1.5511251057991,54
"517","REACTOME_NOREPINEPHRINE_NEUROTRANSMITTER_RELEASE_CYCLE",0.881863560732113,0.955866097297046,0.0430173196927508,0.270785434146696,0.696678371468679,16
"518","REACTOME_NOTCH_HLH_TRANSCRIPTION_PATHWAY",0.277915632754342,0.447940274630049,0.128788713061714,-0.378152163119387,-1.13048963935173,20
"519","REACTOME_NR1H2_AND_NR1H3_MEDIATED_SIGNALING",0.161904761904762,0.292940522512507,0.169570644405628,-0.497058685805227,-1.27623517856177,12
"520","REACTOME_NRAGE_SIGNALS_DEATH_THROUGH_JNK",3.39267145367522e-05,0.00045074063598828,0.557332238758646,-0.56099734220798,-2.03822341610924,46
"521","REACTOME_NRIF_SIGNALS_CELL_DEATH_FROM_THE_NUCLEUS",0.318181818181818,0.495660118775697,0.116739204791222,-0.445193949356623,-1.11244581217712,11
"522","REACTOME_NUCLEAR_ENVELOPE_BREAKDOWN",0.12778603268945,0.245438783985219,0.149207542435322,0.385417096686548,1.24952340003189,43
"523","REACTOME_NUCLEAR_ENVELOPE_NE_REASSEMBLY",0.12301013024602,0.240840886586945,0.150169802128406,0.374362394566101,1.26526932995028,56
"524","REACTOME_NUCLEAR_EVENTS_KINASE_AND_TRANSCRIPTION_FACTOR_ACTIVATION",0.0343640935691163,0.100183721063568,0.321775918075361,-0.462080188633329,-1.49381352632412,27
"525","REACTOME_NUCLEAR_EVENTS_MEDIATED_BY_NFE2L2",0.00624123073151972,0.0266118779384392,0.407017918923954,0.531678223864868,1.69484059528896,39
"526","REACTOME_NUCLEAR_PORE_COMPLEX_NPC_DISASSEMBLY",0.215909090909091,0.367084926042879,0.116739204791222,0.404942175169888,1.20003445241839,29
"527","REACTOME_NUCLEAR_RECEPTOR_TRANSCRIPTION_PATHWAY",0.00545275555024118,0.0239201068949259,0.407017918923954,-0.4643873774041,-1.66130997454967,42
"528","REACTOME_NUCLEAR_RNA_DECAY",0.108766233766234,0.222803077979289,0.170932335370056,0.445679425732097,1.32075811907756,29
"529","REACTOME_NUCLEOTIDE_BINDING_DOMAIN_LEUCINE_RICH_REPEAT_CONTAINING_RECEPTOR_NLR_SIGNALING_PATHWAYS",0.0285694397416583,0.0860062735509799,0.352487857583619,-0.405017818153376,-1.4489199618857,42
"530","REACTOME_NUCLEOTIDE_BIOSYNTHESIS",0.106529209621993,0.220160366552119,0.178219874951973,0.573061780640653,1.37633213074749,13
"531","REACTOME_NUCLEOTIDE_CATABOLISM",0.0576923076923077,0.145403377110694,0.237793834423688,0.473063281914538,1.42262577865049,30
"532","REACTOME_NUCLEOTIDE_EXCISION_REPAIR",3.91001167562597e-05,0.000484841447777621,0.557332238758646,0.499410774976406,1.85802336992962,101
"533","REACTOME_NUCLEOTIDE_LIKE_PURINERGIC_RECEPTORS",0.717557251908397,0.857794893738411,0.0728938564822936,-0.303214972283098,-0.822171429726565,15
"534","REACTOME_NUCLEOTIDE_SALVAGE",0.0993377483443709,0.209487768617381,0.181383128498408,0.48954358811229,1.35362718805745,21
"535","REACTOME_N_GLYCAN_ANTENNAE_ELONGATION",0.343511450381679,0.526783969109382,0.115734447701689,-0.403276112866557,-1.09348854310698,15
"536","REACTOME_N_GLYCAN_ANTENNAE_ELONGATION_IN_THE_MEDIAL_TRANS_GOLGI",0.0972568578553616,0.207451554599739,0.227987202850442,-0.430234756008479,-1.33525529134655,23
"537","REACTOME_N_GLYCAN_TRIMMING_IN_THE_ER_AND_CALNEXIN_CALRETICULIN_CYCLE",0.494845360824742,0.692363820944767,0.0718276293603809,0.413439749234526,0.977948207227699,12
"538","REACTOME_ONCOGENE_INDUCED_SENESCENCE",0.757731958762887,0.887293327185297,0.0514264916187015,0.328090177444918,0.787979705251439,13
"539","REACTOME_OPIOID_SIGNALLING",0.488135593220339,0.685749398330688,0.11146266692298,-0.250023060692746,-0.979661260725102,70
"540","REACTOME_ORC1_REMOVAL_FROM_CHROMATIN",2.38967716964939e-05,0.000350724036326276,0.575610261071129,0.593935280107499,1.9822449205906,51
"541","REACTOME_ORGANELLE_BIOGENESIS_AND_MAINTENANCE",0.376558603491272,0.563021706184699,0.0694481442003175,0.25938776228164,1.0364158806383,193
"542","REACTOME_OTHER_INTERLEUKIN_SIGNALING",0.735368956743003,0.869395534579779,0.0716527366829457,-0.297249334516415,-0.805995523586664,15
"543","REACTOME_OTHER_SEMAPHORIN_INTERACTIONS",0.24812030075188,0.411322423706325,0.138022242496643,-0.443962787426561,-1.17406619459043,14
"544","REACTOME_OVARIAN_TUMOR_DOMAIN_PROTEASES",0.0029358573174886,0.0150766096125806,0.431707695803346,-0.557917676252047,-1.828229836257,29
"545","REACTOME_OXIDATIVE_STRESS_INDUCED_SENESCENCE",0.159029649595687,0.291136956936987,0.183023938384487,-0.355044097715157,-1.21092864358379,34
"546","REACTOME_O_GLYCOSYLATION_OF_TSR_DOMAIN_CONTAINING_PROTEINS",0.467213114754098,0.666423614603239,0.100633389423036,-0.285806135915276,-0.997599833664594,37
"547","REACTOME_O_LINKED_GLYCOSYLATION",0.134545454545455,0.253807855430573,0.234392647294686,-0.282413911528661,-1.1679885466594,96
"548","REACTOME_O_LINKED_GLYCOSYLATION_OF_MUCINS",0.0848484848484849,0.18923043383475,0.271288554688953,-0.364937269699135,-1.3122512448068,44
"549","REACTOME_P130CAS_LINKAGE_TO_MAPK_SIGNALING_FOR_INTEGRINS",0.676190476190476,0.825271841019873,0.0725351864394589,-0.314306146036456,-0.826161471711878,13
"550","REACTOME_P2Y_RECEPTORS",0.124401913875598,0.242037196452523,0.195789002148949,-0.544849057769281,-1.36146291624138,11
"551","REACTOME_P75NTR_RECRUITS_SIGNALLING_COMPLEXES",0.249394673123487,0.412699370115378,0.135002033828631,-0.493815514473535,-1.18831115943209,10
"552","REACTOME_P75NTR_SIGNALS_VIA_NF_KB",0.352380952380952,0.537236533957845,0.109684061970549,-0.411833993966123,-1.08251583001679,13
"553","REACTOME_P75_NTR_RECEPTOR_MEDIATED_SIGNALLING",1.50052716203039e-05,0.000273625541311423,0.593325476396405,-0.49790893508452,-1.95549527055002,76
"554","REACTOME_PARACETAMOL_ADME",0.672158154859967,0.824440608149091,0.0550211117163117,0.308756596861587,0.864727540011636,22
"555","REACTOME_PCNA_DEPENDENT_LONG_PATCH_BASE_EXCISION_REPAIR",1.04827218689083e-05,0.00020742407102308,0.593325476396405,0.765047843286186,2.1154184958896,21
"556","REACTOME_PCP_CE_PATHWAY",0.0394315457823439,0.110789539509305,0.321775918075361,0.397087242952316,1.3936455198336,67
"557","REACTOME_PECAM1_INTERACTIONS",0.811004784688995,0.916445260948682,0.0637845390312975,-0.296696059173672,-0.741380894763265,11
"558","REACTOME_PENTOSE_PHOSPHATE_PATHWAY",0.101160862354892,0.212369304717945,0.179782316298324,0.558190004342472,1.38010760272115,14
"559","REACTOME_PEPTIDE_HORMONE_METABOLISM",0.980654761904762,1,0.0328701032730105,0.197112334353513,0.644924489552327,46
"560","REACTOME_PEPTIDE_LIGAND_BINDING_RECEPTORS",0.103674540682415,0.215698708802339,0.156312403073186,0.32719064305259,1.23869008438117,119
"561","REACTOME_PEROXISOMAL_LIPID_METABOLISM",0.012185654011175,0.0444417969819325,0.380730400722792,-0.50724281603696,-1.6398153358789,27
"562","REACTOME_PEROXISOMAL_PROTEIN_IMPORT",0.515822784810127,0.699231296690606,0.103576326612592,-0.256450550658454,-0.971739584669187,58
"563","REACTOME_PHASE_2_PLATEAU_PHASE",0.583535108958838,0.753732849071832,0.0810802057550866,-0.374714451889469,-0.901707928831384,10
"564","REACTOME_PHASE_II_CONJUGATION_OF_COMPOUNDS",0.0479582248478323,0.128164221576103,0.321775918075361,0.389683156089368,1.38581882613498,74
"565","REACTOME_PHASE_I_FUNCTIONALIZATION_OF_COMPOUNDS",0.777003484320557,0.896542481908335,0.0852884689790502,-0.219247858072241,-0.87165623023409,79
"566","REACTOME_PHOSPHOLIPID_METABOLISM",0.000214969304906891,0.00170873037233683,0.518848077743792,-0.348421977879678,-1.5838690203183,177
"567","REACTOME_PHOSPHORYLATION_OF_CD3_AND_TCR_ZETA_CHAINS",0.83743842364532,0.927925384895852,0.044774889329693,0.289205388302047,0.734276381873849,15
"568","REACTOME_PHOSPHORYLATION_OF_THE_APC_C",0.0701168614357262,0.166774120550449,0.219250346703755,0.516860007254765,1.41270813657017,20
"569","REACTOME_PI3K_EVENTS_IN_ERBB2_SIGNALING",0.0107224005917314,0.0405359046760577,0.380730400722792,-0.68447144224279,-1.79915009998712,13
"570","REACTOME_PINK1_PRKN_MEDIATED_MITOPHAGY",0.518945634266886,0.699398731751125,0.0673623868166279,0.335296153498544,0.963553627194291,25
"571","REACTOME_PI_3K_CASCADE_FGFR1",0.0174570077965222,0.0569649728097041,0.352487857583619,-0.645047005592975,-1.65620620637594,12
"572","REACTOME_PI_3K_CASCADE_FGFR2",0.00322465864555045,0.0158895980944041,0.431707695803346,-0.708383059174697,-1.81882623890051,12
"573","REACTOME_PI_3K_CASCADE_FGFR3",0.00465158821760995,0.0211023270359866,0.407017918923954,-0.740860863663223,-1.85125509090842,11
"574","REACTOME_PI_3K_CASCADE_FGFR4",0.00212828729857464,0.0116429834569083,0.431707695803346,-0.734916846830269,-1.93174709250746,13
"575","REACTOME_PI_METABOLISM",2.41358476611631e-05,0.000350724036326276,0.575610261071129,-0.49731740484603,-1.96939354716416,72
"576","REACTOME_PKA_MEDIATED_PHOSPHORYLATION_OF_CREB",0.127182044887781,0.24488468270318,0.197822021315103,-0.478472938502161,-1.33061652648743,16
"577","REACTOME_PKMTS_METHYLATE_HISTONE_LYSINES",0.523947750362845,0.699398731751125,0.0607719451853533,0.288150880558979,0.963826298823063,52
"578","REACTOME_PKR_MEDIATED_SIGNALING",0.438316400580552,0.634168641712978,0.0694481442003175,0.304013942281843,1.01688612650324,52
"579","REACTOME_PLASMA_LIPOPROTEIN_ASSEMBLY",0.422628951747088,0.619944676852984,0.0782955249944794,0.400382644687359,1.03010684361257,16
"580","REACTOME_PLASMA_LIPOPROTEIN_ASSEMBLY_REMODELING_AND_CLEARANCE",0.879136690647482,0.954022313071363,0.0364548541965309,0.228734089604333,0.77080145851165,54
"581","REACTOME_PLASMA_LIPOPROTEIN_CLEARANCE",0.644230769230769,0.801450927964769,0.0557104226766671,0.292354262020717,0.879186200978817,30
"582","REACTOME_PLASMA_LIPOPROTEIN_REMODELING",0.788079470198676,0.900964500513422,0.047925896705813,0.281913085589945,0.77951223668399,21
"583","REACTOME_PLATELET_ACTIVATION_SIGNALING_AND_AGGREGATION",0.976969696969697,1,0.0224414263839237,0.185810575901981,0.756879586511062,229
"584","REACTOME_PLATELET_AGGREGATION_PLUG_FORMATION",0.921195652173913,0.977869145810619,0.0637845390312975,-0.215727299271486,-0.720326317346379,32
"585","REACTOME_PLATELET_CALCIUM_HOMEOSTASIS",0.0588142377736267,0.147035594434067,0.321775918075361,-0.452271631432099,-1.44351116400646,26
"586","REACTOME_PLATELET_HOMEOSTASIS",0.111493893787974,0.227776270573341,0.287805130535564,-0.317631766870778,-1.26100975996185,74
"587","REACTOME_PLATELET_SENSITIZATION_BY_LDL",0.0117675188245171,0.0434277480428606,0.380730400722792,-0.59495279849998,-1.6968977331035,17
"588","REACTOME_POLYMERASE_SWITCHING",0.00033309080369723,0.00245852736062241,0.49849310876659,0.780697432061533,1.93025036820965,14
"589","REACTOME_POLYMERASE_SWITCHING_ON_THE_C_STRAND_OF_THE_TELOMERE",4.89152501457311e-05,0.000553792312304803,0.557332238758646,0.720162636368591,2.05558263438578,24
"590","REACTOME_POSITIVE_EPIGENETIC_REGULATION_OF_RRNA_EXPRESSION",0.078525641025641,0.180318138651472,0.20207170902116,0.460884319666917,1.38600043419223,30
"591","REACTOME_POSTMITOTIC_NUCLEAR_PORE_COMPLEX_NPC_REFORMATION",0.00374063360478346,0.0177066955392424,0.431707695803346,0.646273870275825,1.76642870830849,20
"592","REACTOME_POST_NMDA_RECEPTOR_ACTIVATION_EVENTS",0.498727735368957,0.693733419157678,0.0925528864684773,-0.359158094237294,-0.973861948879114,15
"593","REACTOME_POST_TRANSLATIONAL_MODIFICATION_SYNTHESIS_OF_GPI_ANCHORED_PROTEINS",0.49507735583685,0.692363820944767,0.0619762736001998,0.276584201237214,0.983331900584022,72
"594","REACTOME_POTASSIUM_CHANNELS",0.0658263305322129,0.161526351965588,0.206587922696891,0.366762672275536,1.31930944763981,80
"595","REACTOME_PRC2_METHYLATES_HISTONES_AND_DNA",0.000756060967470509,0.00484921861894878,0.477270815362862,0.548858778337131,1.77940182919005,43
"596","REACTOME_PREDNISONE_ADME",0.00386817760842131,0.0181687130092516,0.431707695803346,-0.685360310882764,-1.85836359739593,15
"597","REACTOME_PREGNENOLONE_BIOSYNTHESIS",0.0950764006791171,0.204552952820851,0.188204146308491,0.621285450101409,1.40091184531755,10
"598","REACTOME_PRESYNAPTIC_DEPOLARIZATION_AND_CALCIUM_CHANNEL_OPENING",0.389830508474576,0.580067796610169,0.104343952581949,-0.430415429697167,-1.03574602925586,10
"599","REACTOME_PRESYNAPTIC_FUNCTION_OF_KAINATE_RECEPTORS",0.145695364238411,0.270993377483444,0.147331213699377,0.465604631829949,1.28743405865206,21
"600","REACTOME_PROCESSING_AND_ACTIVATION_OF_SUMO",0.694397283531409,0.840871710526316,0.0549073703290958,0.365411870889519,0.823952690772364,10
"601","REACTOME_PROCESSING_OF_CAPPED_INTRONLESS_PRE_MRNA",0.0149365230664636,0.0516136123168484,0.380730400722792,0.531455030548542,1.57495164908854,29
"602","REACTOME_PROCESSING_OF_CAPPED_INTRON_CONTAINING_PRE_MRNA",2.09360873305351e-11,1.62254676811647e-09,0.863415391606693,0.499485165304819,2.04403217607253,250
"603","REACTOME_PROCESSING_OF_DNA_DOUBLE_STRAND_BREAK_ENDS",0.00622878042673194,0.0266118779384392,0.407017918923954,0.440282150394992,1.58100912959605,76
"604","REACTOME_PROCESSING_OF_INTRONLESS_PRE_MRNAS",0.327212020033389,0.507178631051753,0.0925528864684773,0.406539250416364,1.11117381657902,20
"605","REACTOME_PROCESSIVE_SYNTHESIS_ON_THE_C_STRAND_OF_THE_TELOMERE",0.0200569838350148,0.0630168748870398,0.352487857583619,0.600802728871894,1.58738056150638,18
"606","REACTOME_PROCESSIVE_SYNTHESIS_ON_THE_LAGGING_STRAND",0.000880677468168981,0.00549684594226277,0.477270815362862,0.740238342023237,1.87942394398767,15
"607","REACTOME_PROGRAMMED_CELL_DEATH",0.0193844913067096,0.0613182888273468,0.352487857583619,-0.318604889787077,-1.36201852342643,120
"608","REACTOME_PROLONGED_ERK_ACTIVATION_EVENTS",0.0190572898573753,0.0604890087623175,0.352487857583619,-0.665181884799701,-1.7484470215815,13
"609","REACTOME_PROSTACYCLIN_SIGNALLING_THROUGH_PROSTACYCLIN_RECEPTOR",0.132328308207705,0.251153727822787,0.156312403073186,0.489484725810867,1.31711246190045,19
"610","REACTOME_PROTEASOME_ASSEMBLY",1.05284508424672e-07,4.25715621021498e-06,0.704975715167238,0.67918134371451,2.20190798263051,43
"611","REACTOME_PROTEIN_HYDROXYLATION",4.59598098331019e-05,0.000541045862592212,0.557332238758646,0.756259474872715,1.99811274513025,18
"612","REACTOME_PROTEIN_LIPOYLATION",0.140916808149406,0.263157894736842,0.152144922367565,0.595992185739567,1.34387906973031,10
"613","REACTOME_PROTEIN_LOCALIZATION",0.818431911966988,0.922412869453416,0.0376923295943841,0.224521014831536,0.827128350407414,96
"614","REACTOME_PROTEIN_METHYLATION",0.0976430976430976,0.207798811917805,0.184706471207739,0.516941344504859,1.34504604328828,17
"615","REACTOME_PROTEIN_PROTEIN_INTERACTIONS_AT_SYNAPSES",0.115511551155116,0.231520996927279,0.241339976815091,-0.316522930277537,-1.21302613764357,61
"616","REACTOME_PROTEIN_UBIQUITINATION",0.478964401294498,0.679019654274213,0.109684061970549,-0.255257390705126,-0.977201645018424,60
"617","REACTOME_PTEN_REGULATION",0.0084257552036962,0.0333444780401594,0.380730400722792,0.435310709949579,1.56562208403691,78
"618","REACTOME_PTK6_REGULATES_RHO_GTPASES_RAS_GTPASE_AND_MAP_KINASES",0.00445308369936363,0.0203008227470989,0.407017918923954,-0.696277111136147,-1.78774331610316,12
"619","REACTOME_PURINE_CATABOLISM",0.0392529544790975,0.110621962622911,0.321775918075361,0.600645099821754,1.52500447269243,15
"620","REACTOME_PURINE_RIBONUCLEOSIDE_MONOPHOSPHATE_BIOSYNTHESIS",0.33106960950764,0.511453051232733,0.0928481214159878,0.501620823996712,1.13108484043887,10
"621","REACTOME_PURINE_SALVAGE",0.458762886597938,0.657758468261386,0.0756946307932749,0.420591412709048,1.01014148000027,13
"622","REACTOME_PYROPTOSIS",0.667493796526055,0.8222109016811,0.0753093764172773,-0.291056852949477,-0.870117346433966,20
"623","REACTOME_PYRUVATE_METABOLISM",0.394886363636364,0.586652265466163,0.11378726182188,-0.294960745261966,-1.02809230361851,38
"624","REACTOME_RAB_GEFS_EXCHANGE_GTP_FOR_GDP_ON_RABS",0.00343377261096885,0.0167194163780159,0.431707695803346,-0.388487346764895,-1.55854748638032,87
"625","REACTOME_RAB_GERANYLGERANYLATION",0.161812297734628,0.292940522512507,0.199915231309662,-0.304409124591685,-1.16536918475849,60
"626","REACTOME_RAB_REGULATION_OF_TRAFFICKING",0.00205554315851771,0.0113788996275087,0.431707695803346,-0.373197307506431,-1.57803531179404,112
"627","REACTOME_RAC1_GTPASE_CYCLE",1.24301330526148e-08,6.80001396407751e-07,0.747739663149885,-0.453497960258631,-2.02673698643552,164
"628","REACTOME_RAC2_GTPASE_CYCLE",6.27217510679448e-05,0.00066285486924078,0.538434096309916,-0.447385689515944,-1.79159347955592,83
"629","REACTOME_RAC3_GTPASE_CYCLE",2.48314939251532e-06,6.59808267154071e-05,0.627256739718528,-0.492782345546954,-1.97747980296314,88
"630","REACTOME_RAF_ACTIVATION",0.00297931626820442,0.0151192174223553,0.431707695803346,-0.520001925010653,-1.78305746686169,35
"631","REACTOME_RAF_INDEPENDENT_MAPK1_3_ACTIVATION",0.963576158940397,1,0.0387166740042594,0.214689973491729,0.593634953411092,21
"632","REACTOME_RAP1_SIGNALLING",0.220551378446115,0.373611624690141,0.147331213699377,-0.466512998251444,-1.23370056251538,14
"633","REACTOME_RAS_PROCESSING",0.843071786310517,0.927925384895852,0.0452247443372884,0.267850800488612,0.732103470815804,20
"634","REACTOME_RA_BIOSYNTHESIS_PATHWAY",0.977099236641221,1,0.0578529757032509,-0.206538802812095,-0.560032710533466,15
"635","REACTOME_RECEPTOR_MEDIATED_MITOPHAGY",0.847457627118644,0.930502471334521,0.062249042949858,-0.293248568793725,-0.70566949917842,10
"636","REACTOME_RECEPTOR_TYPE_TYROSINE_PROTEIN_PHOSPHATASES",0.0510957636592162,0.132734805036511,0.321775918075361,-0.528594623067393,-1.52511925614783,18
"637","REACTOME_RECOGNITION_OF_DNA_DAMAGE_BY_PCNA_CONTAINING_REPLICATION_COMPLEX",1.54659330188087e-05,0.000276602263605617,0.575610261071129,0.730858152975137,2.10029556532557,25
"638","REACTOME_RECRUITMENT_OF_NUMA_TO_MITOTIC_CENTROSOMES",0.895833333333333,0.963150289017341,0.0338984188001938,0.217499943381365,0.782252094542044,78
"639","REACTOME_RECYCLING_OF_BILE_ACIDS_AND_SALTS",0.0134448154417753,0.047542503273198,0.380730400722792,-0.703820365347197,-1.7586986954494,11
"640","REACTOME_RECYCLING_PATHWAY_OF_L1",0.782608695652174,0.897442770599904,0.0687943095604775,-0.256799640931416,-0.832566428690312,28
"641","REACTOME_REDUCTION_OF_CYTOSOLIC_CA_LEVELS",0.0666666666666667,0.162831756129651,0.271288554688953,-0.56076573408229,-1.47398658918137,13
"642","REACTOME_REGULATED_NECROSIS",0.185975609756098,0.325107738859343,0.179782316298324,-0.320218465179749,-1.16693118426224,47
"643","REACTOME_REGULATED_PROTEOLYSIS_OF_P75NTR",0.0389519948153732,0.110107462548015,0.321775918075361,-0.651250802355435,-1.56716136562279,10
"644","REACTOME_REGULATION_BY_C_FLIP",0.682808716707022,0.831167678714045,0.0728938564822936,-0.346968780262514,-0.834941109535722,10
"645","REACTOME_REGULATION_OF_APC_C_ACTIVATORS_BETWEEN_G1_S_AND_EARLY_ANAPHASE",0.0296425146599434,0.0886416033239464,0.352487857583619,0.493143553585339,1.51042769669236,32
"646","REACTOME_REGULATION_OF_CDH11_EXPRESSION_AND_FUNCTION",0.0909090909090909,0.198930481283422,0.231126709673834,-0.56665836818908,-1.41595978457941,11
"647","REACTOME_REGULATION_OF_ENDOGENOUS_RETROELEMENTS",0.00820428153965269,0.0328878527236078,0.380730400722792,0.483554429753628,1.60367380005789,50
"648","REACTOME_REGULATION_OF_FZD_BY_UBIQUITINATION",0.727735368956743,0.864360016768545,0.0721797965581253,-0.300747404804729,-0.815480587693397,15
"649","REACTOME_REGULATION_OF_HSF1_MEDIATED_HEAT_SHOCK_RESPONSE",0.485422740524781,0.684844355832523,0.0646484568421928,0.291712864347774,0.989240381115076,58
"650","REACTOME_REGULATION_OF_INSULIN_LIKE_GROWTH_FACTOR_IGF_TRANSPORT_AND_UPTAKE_BY_INSULIN_LIKE_GROWTH_FACTOR_BINDING_PROTEINS_IGFBPS",0.989130434782609,1,0.0745500777420554,-0.167427543748216,-0.690185369818903,92
"651","REACTOME_REGULATION_OF_INSULIN_SECRETION",0.722772277227723,0.860663531141846,0.0862865626267245,-0.228065240423175,-0.874025453633645,61
"652","REACTOME_REGULATION_OF_KIT_SIGNALING",0.592857142857143,0.761344144706066,0.0793434960134973,-0.352668977745571,-0.905503854252498,12
"653","REACTOME_REGULATION_OF_LIPID_METABOLISM_BY_PPARALPHA",0.0438512083724815,0.119244513995344,0.321775918075361,-0.53056277799411,-1.51324739965457,17
"654","REACTOME_REGULATION_OF_LOCALIZATION_OF_FOXO_TRANSCRIPTION_FACTORS",0.283292978208232,0.454245637471821,0.12563992130984,-0.47769725076947,-1.14952438163992,10
"655","REACTOME_REGULATION_OF_MRNA_STABILITY_BY_PROTEINS_THAT_BIND_AU_RICH_ELEMENTS",2.21946386641037e-05,0.000344841713539472,0.575610261071129,0.559916208335495,1.91641614679473,61
"656","REACTOME_REGULATION_OF_NF_KAPPA_B_SIGNALING",0.514285714285714,0.699231296690606,0.0870515867946735,-0.358292452323079,-0.941780564736902,13
"657","REACTOME_REGULATION_OF_ORNITHINE_DECARBOXYLASE_ODC",9.0372055859149e-05,0.000866453731433078,0.538434096309916,0.659750429808832,2.04659049473795,34
"658","REACTOME_REGULATION_OF_PLK1_ACTIVITY_AT_G2_M_TRANSITION",0.867688022284123,0.948237204141286,0.0355420211253902,0.221804113199487,0.796904409709417,77
"659","REACTOME_REGULATION_OF_PTEN_GENE_TRANSCRIPTION",0.0438311688311688,0.119244513995344,0.276500599254472,0.500856842197562,1.4607851042415,26
"660","REACTOME_REGULATION_OF_PTEN_STABILITY_AND_ACTIVITY",0.0132135670528315,0.0469031196913486,0.380730400722792,0.467437328458483,1.5502225823882,50
"661","REACTOME_REGULATION_OF_PYRUVATE_DEHYDROGENASE_PDH_COMPLEX",0.528822055137845,0.704590990369908,0.0883594442500905,-0.357861344388841,-0.94636964785505,14
"662","REACTOME_REGULATION_OF_PYRUVATE_METABOLISM",0.189119170984456,0.329364848343715,0.163180127180689,-0.361041154870829,-1.18308890280318,29
"663","REACTOME_REGULATION_OF_RAS_BY_GAPS",0.0169806752672388,0.0564000999947574,0.352487857583619,0.471771553711041,1.5480235232545,47
"664","REACTOME_REGULATION_OF_RUNX3_EXPRESSION_AND_ACTIVITY",0.0219807408072177,0.0688285823256312,0.352487857583619,0.473118682804567,1.50296345579437,38
"665","REACTOME_REGULATION_OF_SIGNALING_BY_CBL",0.830882352941177,0.927925384895852,0.0637845390312975,-0.263734391640358,-0.752211423232711,17
"666","REACTOME_REGULATION_OF_TBK1_IKK_IKBKE_MEDIATED_ACTIVATION_OF_IRF3_IRF7",0.279904306220096,0.450365060181123,0.12563992130984,-0.458820913396058,-1.14649672212381,11
"667","REACTOME_REGULATION_OF_TLR_BY_ENDOGENOUS_LIGAND",0.628951747088186,0.792437757954999,0.0585937568945671,0.33964902578832,0.87385102859314,16
"668","REACTOME_REGULATION_OF_TNFR1_SIGNALING",0.103343465045593,0.215698708802339,0.245041785430996,-0.363220562914512,-1.29873064494889,43
"669","REACTOME_REGULATION_OF_TP53_ACTIVITY",0.0921689358317857,0.201213873998969,0.287805130535564,-0.273302864847761,-1.19732248778149,142
"670","REACTOME_REGULATION_OF_TP53_ACTIVITY_THROUGH_ACETYLATION",0.62987012987013,0.792437757954999,0.0573667426768556,0.298309489063841,0.884031563789939,29
"671","REACTOME_REGULATION_OF_TP53_ACTIVITY_THROUGH_ASSOCIATION_WITH_CO_FACTORS",0.0847457627118644,0.18923043383475,0.241339976815091,-0.591663876979162,-1.42377217207677,10
"672","REACTOME_REGULATION_OF_TP53_ACTIVITY_THROUGH_METHYLATION",0.631578947368421,0.792669933944172,0.0787113806986485,-0.329219685885392,-0.87062635594353,14
"673","REACTOME_REGULATION_OF_TP53_ACTIVITY_THROUGH_PHOSPHORYLATION",0.196105702364395,0.338993128622467,0.112843355675562,0.323049814991952,1.16703374100635,83
"674","REACTOME_REGULATION_OF_TP53_DEGRADATION",0.0168515104073924,0.0563737578376796,0.352487857583619,-0.476205842972341,-1.56806315102339,31
"675","REACTOME_REGULATION_OF_T_CELL_ACTIVATION_BY_CD28_FAMILY",0.0496146023524797,0.130722210089611,0.321775918075361,-0.342263311611254,-1.3272483188943,65
"676","REACTOME_REPRESSION_OF_WNT_TARGET_GENES",0.835351089588378,0.927925384895852,0.0629394692018967,-0.297667425815054,-0.716302978598316,10
"677","REACTOME_REPRODUCTION",0.501718213058419,0.693733419157678,0.0711327399327894,0.407422078568927,0.978512468382478,13
"678","REACTOME_RESOLUTION_OF_ABASIC_SITES_AP_SITES",8.08157572633325e-05,0.000791143728998939,0.538434096309916,0.620170817018499,1.97010625072687,38
"679","REACTOME_RESOLUTION_OF_AP_SITES_VIA_THE_MULTIPLE_NUCLEOTIDE_PATCH_REPLACEMENT_PATHWAY",0.00018695806751117,0.00155241966772668,0.518848077743792,0.678864603291522,1.9508796747297,25
"680","REACTOME_RESOLUTION_OF_D_LOOP_STRUCTURES",0.565768621236133,0.740034905414351,0.0613026075396207,0.30360422775203,0.941800866821111,34
"681","REACTOME_RESOLUTION_OF_SISTER_CHROMATID_COHESION",0.0544488711819389,0.139113874173635,0.222056046145248,0.34582240806798,1.30536145342515,113
"682","REACTOME_RESPIRATORY_ELECTRON_TRANSPORT",2.95257438999275e-18,3.43236772836657e-16,1.10533657731401,0.680063116186763,2.57616928318012,120
"683","REACTOME_RESPONSE_TO_ELEVATED_PLATELET_CYTOSOLIC_CA2",0.441059602649007,0.634961966661883,0.0646484568421928,0.267513830534821,1.0065945600906,109
"684","REACTOME_RETROGRADE_NEUROTROPHIN_SIGNALLING",0.523002421307506,0.699398731751125,0.0870515867946735,-0.394269533871137,-0.94876502092619,10
"685","REACTOME_RETROGRADE_TRANSPORT_AT_THE_TRANS_GOLGI_NETWORK",0.000361065756555024,0.00259970308113871,0.49849310876659,-0.536115296267933,-1.92777779443453,44
"686","REACTOME_RET_SIGNALING",0.0796669795968588,0.181590846807344,0.287805130535564,-0.391600847124986,-1.34277736468238,35
"687","REACTOME_REVERSIBLE_HYDRATION_OF_CARBON_DIOXIDE",0.434634974533107,0.631578947368421,0.0778840111977068,0.454492981709139,1.02481814371494,10
"688","REACTOME_RHOA_GTPASE_CYCLE",1.15241289496955e-07,4.465599968007e-06,0.704975715167238,-0.454522486343841,-1.98570847728709,134
"689","REACTOME_RHOBTB1_GTPASE_CYCLE",0.00942285336794356,0.0366663331890691,0.380730400722792,-0.553109086520056,-1.69020652526726,22
"690","REACTOME_RHOBTB2_GTPASE_CYCLE",0.298765432098765,0.470138497211255,0.123257226381337,-0.370821457410895,-1.09219312606885,19
"691","REACTOME_RHOBTB3_ATPASE_CYCLE",0.0799031476997579,0.181590846807344,0.248911114434702,-0.598939319353455,-1.44127970092061,10
"692","REACTOME_RHOBTB_GTPASE_CYCLE",0.0168515104073924,0.0563737578376796,0.352487857583619,-0.476312591255602,-1.56841465458406,31
"693","REACTOME_RHOB_GTPASE_CYCLE",3.46713450262461e-08,1.61221754372044e-06,0.719512826338911,-0.591478157932106,-2.30199677759022,67
"694","REACTOME_RHOC_GTPASE_CYCLE",2.30297130860269e-07,8.03267026655333e-06,0.690132458796796,-0.575431150023917,-2.25077157058576,68
"695","REACTOME_RHOD_GTPASE_CYCLE",0.00018635544852001,0.00155241966772668,0.518848077743792,-0.52292366716525,-1.92454289975443,51
"696","REACTOME_RHOF_GTPASE_CYCLE",4.28244178145255e-06,0.000101445310989882,0.610526878385931,-0.627616142512134,-2.20361688420436,40
"697","REACTOME_RHOG_GTPASE_CYCLE",0.000939134798433333,0.00578407524862914,0.477270815362862,-0.438752996667749,-1.70759980050378,67
"698","REACTOME_RHOH_GTPASE_CYCLE",0.288409703504043,0.459282575785548,0.132147260608774,-0.318374742490086,-1.08586256624426,34
"699","REACTOME_RHOJ_GTPASE_CYCLE",0.000291476839787601,0.00222191361477433,0.49849310876659,-0.728802556119806,-2.02677444779861,16
"700","REACTOME_RHOQ_GTPASE_CYCLE",7.15901685249112e-06,0.000147953014951483,0.610526878385931,-0.552765115353686,-2.08444370853111,57
"701","REACTOME_RHOU_GTPASE_CYCLE",0.000409420819137896,0.00284150269998689,0.49849310876659,-0.548099888605965,-1.9104144742701,38
"702","REACTOME_RHOV_GTPASE_CYCLE",0.00413096141334123,0.0190187827445908,0.407017918923954,-0.507542928381433,-1.74033626545675,35
"703","REACTOME_RHO_GTPASES_ACTIVATE_FORMINS",0.177165354330709,0.315035907318469,0.115734447701689,0.305745179834302,1.16408137544464,123
"704","REACTOME_RHO_GTPASES_ACTIVATE_IQGAPS",0.512562814070352,0.698949291914116,0.0902635484340068,-0.314682835061151,-0.95168252672079,21
"705","REACTOME_RHO_GTPASES_ACTIVATE_KTN1",0.779904306220096,0.896649029982363,0.0656813601934011,-0.308522289958807,-0.770932151984475,11
"706","REACTOME_RHO_GTPASES_ACTIVATE_NADPH_OXIDASES",0.176276771004942,0.314401622718053,0.132147260608774,0.445225906228453,1.24693401389889,22
"707","REACTOME_RHO_GTPASES_ACTIVATE_PAKS",0.20253164556962,0.347517399224625,0.155241966228839,-0.383920159793646,-1.17319417648247,22
"708","REACTOME_RHO_GTPASES_ACTIVATE_PKNS",0.0291419006452579,0.0874257019357738,0.352487857583619,-0.52208971138251,-1.56079236638857,20
"709","REACTOME_RHO_GTPASES_ACTIVATE_WASPS_AND_WAVES",0.0697438988187337,0.166312374106211,0.287805130535564,-0.417744061042684,-1.37555865461723,31
"710","REACTOME_RHO_GTPASE_CYCLE",1.27596118489844e-14,1.18664390195555e-12,0.986546283587582,-0.410995212327411,-2.03446372364669,403
"711","REACTOME_RHO_GTPASE_EFFECTORS",0.372881355932203,0.5610071520355,0.172324344900946,-0.216912501363784,-1.01793813450544,229
"712","REACTOME_RIBAVIRIN_ADME",0.0285762779862933,0.0860062735509799,0.352487857583619,0.670020094836156,1.55389597951573,11
"713","REACTOME_RIPK1_MEDIATED_REGULATED_NECROSIS",0.213197969543147,0.363139398672394,0.151148761385484,-0.363123865216751,-1.17390737567916,27
"714","REACTOME_RMTS_METHYLATE_HISTONE_ARGININES",0.00102698299832108,0.00624244567606929,0.45505986738723,0.540736913818206,1.77431948979978,47
"715","REACTOME_RNA_POLYMERASE_III_TRANSCRIPTION",0.291600633914422,0.461205084252401,0.096240602328129,0.359882466191871,1.11637977218832,34
"716","REACTOME_RNA_POLYMERASE_III_TRANSCRIPTION_INITIATION_FROM_TYPE_1_PROMOTER",0.243421052631579,0.406430123783426,0.109684061970549,0.401640792440351,1.16853120861634,27
"717","REACTOME_RNA_POLYMERASE_III_TRANSCRIPTION_INITIATION_FROM_TYPE_3_PROMOTER",0.123376623376623,0.241050965840882,0.159646701919906,0.446567439525181,1.30244614575983,26
"718","REACTOME_RNA_POLYMERASE_II_PRE_TRANSCRIPTION_EVENTS",0.00642955487041429,0.0271794819522059,0.407017918923954,0.445831256320554,1.58549667501344,74
"719","REACTOME_RNA_POLYMERASE_II_PROMOTER_ESCAPE",6.55319742004937e-05,0.000684772314679316,0.538434096309916,0.592359392810486,1.92043095365681,43
"720","REACTOME_RNA_POLYMERASE_II_TRANSCRIBES_SNRNA_GENES",0.043107634567404,0.117912059257899,0.321775918075361,0.396156373887356,1.39135918449033,68
"721","REACTOME_RNA_POLYMERASE_II_TRANSCRIPTION_TERMINATION",5.00199507888209e-05,0.000553792312304803,0.557332238758646,0.544980789114586,1.87693871106139,62
"722","REACTOME_RNA_POLYMERASE_I_TRANSCRIPTION",0.00129697139199096,0.0076826967805834,0.45505986738723,0.54904231387151,1.79035465958149,45
"723","REACTOME_RNA_POLYMERASE_I_TRANSCRIPTION_TERMINATION",0.00109458115726822,0.00661013296272364,0.45505986738723,0.618437157795433,1.85980327958336,30
"724","REACTOME_RND1_GTPASE_CYCLE",0.000918815710125194,0.0056966574027762,0.477270815362862,-0.524080269607339,-1.84009309601653,40
"725","REACTOME_RND2_GTPASE_CYCLE",0.000435210589792473,0.00299811739634815,0.49849310876659,-0.546422759499441,-1.94199926509994,41
"726","REACTOME_RND3_GTPASE_CYCLE",0.000615739572313056,0.00409027001607959,0.477270815362862,-0.537650473918724,-1.87399280464173,38
"727","REACTOME_ROLE_OF_LAT2_NTAL_LAB_ON_CALCIUM_MOBILIZATION",0.15952380952381,0.291467864159416,0.170932335370056,-0.503894045459986,-1.29378547332302,12
"728","REACTOME_ROLE_OF_PHOSPHOLIPIDS_IN_PHAGOCYTOSIS",0.718518518518519,0.857794893738411,0.0713052987340038,-0.28465044557852,-0.838390696600934,19
"729","REACTOME_ROS_AND_RNS_PRODUCTION_IN_PHAGOCYTES",0.0897435897435897,0.197776157491797,0.188204146308491,0.450408600160024,1.35449718887566,30
"730","REACTOME_RUNX1_INTERACTS_WITH_CO_FACTORS_WHOSE_PRECISE_EFFECT_ON_RUNX1_TARGETS_IS_NOT_KNOWN",0.00608869437300352,0.0262152118837651,0.407017918923954,-0.502776357718625,-1.67880024191335,32
"731","REACTOME_RUNX1_REGULATES_GENES_INVOLVED_IN_MEGAKARYOCYTE_DIFFERENTIATION_AND_PLATELET_FUNCTION",0.0158708435658168,0.0536723073316715,0.352487857583619,0.475738518556595,1.56104032100022,47
"732","REACTOME_RUNX1_REGULATES_TRANSCRIPTION_OF_GENES_INVOLVED_IN_DIFFERENTIATION_OF_HSCS",0.00237187393549065,0.0127505361850075,0.431707695803346,0.533493295579012,1.74551680116486,46
"733","REACTOME_SCF_SKP2_MEDIATED_DEGRADATION_OF_P27_P21",0.000173931864218494,0.00149774660854814,0.518848077743792,0.589854466221774,1.92195809265639,44
"734","REACTOME_SEALING_OF_THE_NUCLEAR_ENVELOPE_NE_BY_ESCRT_III",0.819095477386935,0.922412869453416,0.0466948041282054,0.27833408160047,0.748945305372504,19
"735","REACTOME_SELECTIVE_AUTOPHAGY",0.221418234442836,0.373718617117673,0.107554375265169,0.345130268505398,1.16647064426307,56
"736","REACTOME_SEMA3A_PAK_DEPENDENT_AXON_REPULSION",0.147619047619048,0.274023381807813,0.178219874951973,-0.510784849805704,-1.34261059977702,13
"737","REACTOME_SEMA4D_INDUCED_CELL_MIGRATION_AND_GROWTH_CONE_COLLAPSE",0.0600665157290529,0.149763698734636,0.321775918075361,-0.621186226311871,-1.55221340505954,11
"738","REACTOME_SEMA4D_IN_SEMAPHORIN_SIGNALING",0.0570015459195939,0.144052819851148,0.321775918075361,-0.548326993048562,-1.48679593371628,15
"739","REACTOME_SEMAPHORIN_INTERACTIONS",0.00403990951865997,0.0187855792617689,0.407017918923954,-0.44917910503366,-1.64772483963789,50
"740","REACTOME_SENESCENCE_ASSOCIATED_SECRETORY_PHENOTYPE_SASP",0.0550314465408805,0.139834003505516,0.241339976815091,0.444093989872171,1.39172620090601,37
"741","REACTOME_SENSORY_PERCEPTION",0.996415770609319,1,0.0736212741014394,-0.169548335431465,-0.665886761019017,76
"742","REACTOME_SEPARATION_OF_SISTER_CHROMATIDS",3.79612559046021e-05,0.000477981553713046,0.557332238758646,0.43204599557615,1.68637672194615,158
"743","REACTOME_SEROTONIN_NEUROTRANSMITTER_RELEASE_CYCLE",0.843434343434343,0.927925384895852,0.0455878202571231,0.282592400779254,0.73528611044942,17
"744","REACTOME_SHC1_EVENTS_IN_EGFR_SIGNALING",0.00780383298001768,0.0316924221459233,0.407017918923954,-0.675010170609558,-1.73313886311699,12
"745","REACTOME_SHC1_EVENTS_IN_ERBB2_SIGNALING",0.00230334465697269,0.0124541309940965,0.431707695803346,-0.731369718564526,-1.92242337820746,13
"746","REACTOME_SHC1_EVENTS_IN_ERBB4_SIGNALING",0.0677966101694915,0.162831756129651,0.271288554688953,-0.620188897872463,-1.49241440719707,10
"747","REACTOME_SHC_MEDIATED_CASCADE_FGFR1",0.179425837320574,0.31784005468216,0.160801401070022,-0.504631222025125,-1.26096702447764,11
"748","REACTOME_SHC_MEDIATED_CASCADE_FGFR2",0.0816896078747765,0.184396444960054,0.287805130535564,-0.599692130139215,-1.49850419066352,11
"749","REACTOME_SHC_MEDIATED_CASCADE_FGFR3",0.116222760290557,0.232445209343512,0.204294756516886,-0.574083545594224,-1.38146709384628,10
"750","REACTOME_SHC_MEDIATED_CASCADE_FGFR4",0.1,0.210407239819005,0.219250346703755,-0.55363699198026,-1.42150419154972,12
"751","REACTOME_SIALIC_ACID_METABOLISM",0.738134206219313,0.871148238304519,0.0503964322442957,0.281284076697079,0.825495854863486,28
"752","REACTOME_SIGNALING_BY_ACTIVIN",0.0124060625929498,0.0450688992634504,0.380730400722792,-0.632478615106106,-1.71497417603692,15
"753","REACTOME_SIGNALING_BY_ALK",0.834605597964377,0.927925384895852,0.0653834195468773,-0.265851011652398,-0.720858553582349,15
"754","REACTOME_SIGNALING_BY_BMP",2.14383740437221e-05,0.000344841713539472,0.575610261071129,-0.693557915341696,-2.21362235458072,26
"755","REACTOME_SIGNALING_BY_CSF3_G_CSF",0.543640897755611,0.719183548951235,0.0865399737444125,-0.337290748294208,-0.937993787729246,16
"756","REACTOME_SIGNALING_BY_EGFR",3.74014408024684e-07,1.24226214093913e-05,0.674962860011025,-0.642848602892754,-2.31157228765315,44
"757","REACTOME_SIGNALING_BY_ERBB2",0.00152367209691736,0.00880133571511268,0.45505986738723,-0.52138590997347,-1.82239751317718,39
"758","REACTOME_SIGNALING_BY_ERBB4",0.0030396925322514,0.01528061651348,0.431707695803346,-0.566292690159416,-1.83596939983796,28
"759","REACTOME_SIGNALING_BY_ERYTHROPOIETIN",0.0196052248305787,0.0618063020082652,0.352487857583619,-0.612501827040159,-1.66080684952974,15
"760","REACTOME_SIGNALING_BY_FGFR",0.13,0.247745901639344,0.144630528034484,0.361116183396504,1.24940307900271,63
"761","REACTOME_SIGNALING_BY_FGFR1",0.00375077314110834,0.0177066955392424,0.431707695803346,-0.496789523911784,-1.73403256313441,37
"762","REACTOME_SIGNALING_BY_FGFR2",0.049618215227562,0.130722210089611,0.321775918075361,0.433988345346562,1.42822163554998,48
"763","REACTOME_SIGNALING_BY_FGFR3",0.00279264800137452,0.0146732352614593,0.431707695803346,-0.560715477985381,-1.83739789961569,29
"764","REACTOME_SIGNALING_BY_FGFR4",0.00314423222251401,0.0157211611125701,0.431707695803346,-0.548946636028831,-1.79894951425876,30
"765","REACTOME_SIGNALING_BY_GPCR",0.670588235294118,0.824440608149091,0.186432558434075,-0.190411008092956,-0.952969120679477,453
"766","REACTOME_SIGNALING_BY_HEDGEHOG",0.413333333333333,0.61015873015873,0.0681513438679483,0.271333362320558,1.02264919027937,112
"767","REACTOME_SIGNALING_BY_HIPPO",0.000323819236840534,0.00240921512209357,0.49849310876659,-0.681287285133733,-2.03671509085775,20
"768","REACTOME_SIGNALING_BY_INSULIN_RECEPTOR",0.00826261182674088,0.0329415149018504,0.380730400722792,-0.410831573345141,-1.5567184450428,58
"769","REACTOME_SIGNALING_BY_INTERLEUKINS",0.38728323699422,0.577200978212539,0.170932335370056,-0.215071289769187,-1.01310638355379,232
"770","REACTOME_SIGNALING_BY_MET",7.3474000072212e-07,2.35623517472956e-05,0.659444398037935,-0.563186095790233,-2.15832531928088,61
"771","REACTOME_SIGNALING_BY_NOTCH",0.00248810796142395,0.0132985080696798,0.431707695803346,-0.516673297373531,-1.74540372883838,33
"772","REACTOME_SIGNALING_BY_NOTCH1",0.0761904761904762,0.177586824203366,0.252961123069611,-0.550524264786304,-1.44706663405875,13
"773","REACTOME_SIGNALING_BY_NOTCH3",0.256857855361596,0.420559516701205,0.135002033828631,-0.414008554549148,-1.15134332678206,16
"774","REACTOME_SIGNALING_BY_NTRK1_TRKA",3.19009042835771e-05,0.000429968709909083,0.557332238758646,-0.510969866342783,-1.95821453718553,61
"775","REACTOME_SIGNALING_BY_NTRKS",8.28060505981728e-05,0.000802183615169799,0.538434096309916,-0.477591427595393,-1.89251348301149,73
"776","REACTOME_SIGNALING_BY_NUCLEAR_RECEPTORS",0.501272264631043,0.693733419157678,0.0566484183613995,0.249253984572717,0.983150358893167,169
"777","REACTOME_SIGNALING_BY_PDGF",0.000319276013054779,0.00239457009791085,0.49849310876659,-0.513534313345339,-1.90334474732157,52
"778","REACTOME_SIGNALING_BY_PTK6",0.0836270946766457,0.18740529650429,0.287805130535564,-0.371137566551609,-1.32703866572052,43
"779","REACTOME_SIGNALING_BY_RECEPTOR_TYROSINE_KINASES",5.73485526124456e-08,2.42427972407156e-06,0.719512826338911,-0.349123680767236,-1.69869251632003,369
"780","REACTOME_SIGNALING_BY_RETINOIC_ACID",0.991847826086957,1,0.0602484086158019,-0.178952868468508,-0.597534299821132,32
"781","REACTOME_SIGNALING_BY_ROBO_RECEPTORS",0.644607843137255,0.801450927964769,0.0764767053228531,-0.306218983480491,-0.873384073848208,17
"782","REACTOME_SIGNALING_BY_SCF_KIT",0.421195652173913,0.618818256748403,0.106729884364606,-0.305248301074725,-1.01924228102761,32
"783","REACTOME_SIGNALING_BY_TGFBR3",0.5,0.693733419157678,0.0916795246008379,-0.317379592885292,-0.959838221960836,21
"784","REACTOME_SIGNALING_BY_TGFB_FAMILY_MEMBERS",1.59788961147511e-05,0.00028038440352299,0.575610261071129,-0.4490551919136,-1.86272656387669,102
"785","REACTOME_SIGNALING_BY_TGF_BETA_RECEPTOR_COMPLEX",0.000281341449540009,0.00218039623393507,0.49849310876659,-0.481307367213332,-1.88147473482011,66
"786","REACTOME_SIGNALING_BY_THE_B_CELL_RECEPTOR_BCR",0.041958041958042,0.115784955353869,0.261663521711573,0.374937826897538,1.35268650986764,82
"787","REACTOME_SIGNALING_BY_TYPE_1_INSULIN_LIKE_GROWTH_FACTOR_1_RECEPTOR_IGF1R",2.21262363125046e-05,0.000344841713539472,0.575610261071129,-0.639991542927183,-2.16199217402667,33
"788","REACTOME_SIGNALING_BY_VEGF",0.00470680304148416,0.0211573182991484,0.407017918923954,-0.368121934666583,-1.51707899042946,95
"789","REACTOME_SIGNALING_BY_WNT",0.0774750835907511,0.178804246600857,0.287805130535564,-0.253815308999278,-1.17021593126107,201
"790","REACTOME_SIGNALLING_TO_ERKS",0.00357910277417506,0.0173362790624105,0.431707695803346,-0.582226736949805,-1.82479471642594,24
"791","REACTOME_SIGNALLING_TO_RAS",0.11244019138756,0.228817019672715,0.206587922696891,-0.558298685899529,-1.39507070114155,11
"792","REACTOME_SIGNAL_AMPLIFICATION",0.578025477707006,0.750787282496531,0.0605092988656667,0.299926828371576,0.924635390815853,33
"793","REACTOME_SIGNAL_TRANSDUCTION_BY_L1",0.120987654320988,0.239255447941889,0.20207170902116,-0.456483664297873,-1.34449695492246,19
"794","REACTOME_SLBP_DEPENDENT_PROCESSING_OF_REPLICATION_DEPENDENT_HISTONE_PRE_MRNAS",0.0053586830595119,0.0236188400253368,0.407017918923954,0.746302492357448,1.73080845084264,11
"795","REACTOME_SLC_MEDIATED_TRANSMEMBRANE_TRANSPORT",0.361386138613861,0.547376398877673,0.163180127180689,-0.224558950529926,-1.03168187103863,191
"796","REACTOME_SMAD2_SMAD3_SMAD4_HETEROTRIMER_REGULATES_TRANSCRIPTION",0.0721509303006777,0.170837245376985,0.287805130535564,-0.496246715636724,-1.50077880200322,21
"797","REACTOME_SMOOTH_MUSCLE_CONTRACTION",0.852777777777778,0.935239779874214,0.0686325631836726,-0.233637438008155,-0.769327513819225,31
"798","REACTOME_SNRNP_ASSEMBLY",2.93258009053718e-05,0.000401073453558761,0.575610261071129,0.615026500729735,2.01228225187019,46
"799","REACTOME_SODIUM_CALCIUM_EXCHANGERS",0.905569007263923,0.970252507782774,0.0590954798717342,-0.266282482952953,-0.640778664865617,10
"800","REACTOME_SPHINGOLIPID_CATABOLISM",0.780952380952381,0.896649029982363,0.0653834195468773,-0.299489639963394,-0.76896194564409,12
"801","REACTOME_SPHINGOLIPID_DE_NOVO_BIOSYNTHESIS",0.0952380952380952,0.204552952820851,0.231126709673834,-0.418174017451546,-1.3106264092059,24
"802","REACTOME_SPHINGOLIPID_METABOLISM",0.944649446494465,0.990444177271536,0.0778840111977068,-0.195728184943608,-0.782322885639783,85
"803","REACTOME_SPRY_REGULATION_OF_FGF_SIGNALING",0.180952380952381,0.318722943722944,0.159646701919906,-0.486750580425033,-1.27943592879636,13
"804","REACTOME_STABILIZATION_OF_P53",0.00401552372794228,0.0187660154119916,0.407017918923954,0.551675145721502,1.7233435308814,36
"805","REACTOME_STIMULI_SENSING_CHANNELS",0.0506733898296545,0.132734805036511,0.321775918075361,-0.335448671154344,-1.31744631142894,76
"806","REACTOME_STRIATED_MUSCLE_CONTRACTION",0.655844155844156,0.813246753246753,0.0554793308704233,0.298262035453361,0.869902738354046,26
"807","REACTOME_SULFUR_AMINO_ACID_METABOLISM",0.486754966887417,0.684844355832523,0.0707899094502623,0.355810266566193,0.983843854377053,21
"808","REACTOME_SUMOYLATION",0.0683397742734358,0.163383007903073,0.287805130535564,-0.273334738482391,-1.21852072527777,154
"809","REACTOME_SUMOYLATION_OF_CHROMATIN_ORGANIZATION_PROTEINS",0.203147353361946,0.347931931172393,0.112378519110475,0.343855523147274,1.17690873547482,61
"810","REACTOME_SUMOYLATION_OF_DNA_DAMAGE_RESPONSE_AND_REPAIR_PROTEINS",0.556348074179743,0.733510367711916,0.0571258510018113,0.271223354277403,0.953115560359633,69
"811","REACTOME_SUMOYLATION_OF_DNA_REPLICATION_PROTEINS",0.107692307692308,0.221136142360007,0.166933848713193,0.407315136719576,1.29840606179024,39
"812","REACTOME_SUMOYLATION_OF_IMMUNE_RESPONSE_PROTEINS",0.114832535885167,0.231156403405207,0.204294756516886,-0.553462154723572,-1.38298522949501,11
"813","REACTOME_SUMOYLATION_OF_INTRACELLULAR_RECEPTORS",0.00561287698461108,0.0245069276792878,0.407017918923954,-0.539234673238588,-1.72107029657052,26
"814","REACTOME_SUMOYLATION_OF_RNA_BINDING_PROTEINS",0.430906389301634,0.628123733621505,0.0714786287425507,0.313178067552666,1.01532424780336,43
"815","REACTOME_SUMOYLATION_OF_SUMOYLATION_PROTEINS",0.246105919003115,0.408711615487316,0.105520936843198,0.385273523453595,1.17094722374719,31
"816","REACTOME_SUMOYLATION_OF_TRANSCRIPTION_COFACTORS",0.00126499967010734,0.00754134418717837,0.45505986738723,-0.534026909283097,-1.86400881201221,37
"817","REACTOME_SUMOYLATION_OF_TRANSCRIPTION_FACTORS",0.788095238095238,0.900964500513422,0.0649407684612899,-0.28979340295482,-0.761729120784605,13
"818","REACTOME_SUMOYLATION_OF_UBIQUITINYLATION_PROTEINS",0.162460567823344,0.293375394321767,0.135002033828631,0.392208362884578,1.21998910895798,35
"819","REACTOME_SURFACTANT_METABOLISM",0.672849915682968,0.824440608149091,0.0560595875032335,0.31955169776489,0.84428736597251,18
"820","REACTOME_SWITCHING_OF_ORIGINS_TO_A_POST_REPLICATIVE_STATE",4.86649939230629e-06,0.000108649719482783,0.610526878385931,0.568910604782857,2.0226316028215,72
"821","REACTOME_SYNAPTIC_ADHESION_LIKE_MOLECULES",0.0679341090089295,0.162831756129651,0.287805130535564,-0.494911458242015,-1.45767965122279,19
"822","REACTOME_SYNDECAN_INTERACTIONS",0.00672946019696107,0.0279392767105973,0.407017918923954,-0.680721483997832,-1.80017808908249,14
"823","REACTOME_SYNTHESIS_OF_ACTIVE_UBIQUITIN_ROLES_OF_E1_AND_E2_ENZYMES",0.362012987012987,0.547434273044029,0.0852884689790502,0.371502342270498,1.08351337559548,26
"824","REACTOME_SYNTHESIS_OF_BILE_ACIDS_AND_BILE_SALTS",0.0313088056889112,0.0924355215577379,0.321775918075361,-0.484596657723972,-1.51880592987713,24
"825","REACTOME_SYNTHESIS_OF_BILE_ACIDS_AND_BILE_SALTS_VIA_7ALPHA_HYDROXYCHOLESTEROL",0.172932330827068,0.309878743100526,0.16823816568964,-0.483777304827148,-1.27935627803395,14
"826","REACTOME_SYNTHESIS_OF_GLYCOSYLPHOSPHATIDYLINOSITOL_GPI",0.417508417508417,0.615345211224767,0.0795564677235957,0.394920955184574,1.0275573308833,17
"827","REACTOME_SYNTHESIS_OF_IP2_IP_AND_INS_IN_THE_CYTOSOL",0.358353510895884,0.543668458618551,0.109684061970549,-0.44549382589786,-1.07203048356411,10
"828","REACTOME_SYNTHESIS_OF_IP3_AND_IP4_IN_THE_CYTOSOL",0.0588142377736267,0.147035594434067,0.321775918075361,-0.451395096820076,-1.44071353662911,26
"829","REACTOME_SYNTHESIS_OF_LEUKOTRIENES_LT_AND_EOXINS_EX",0.987745098039216,1,0.0555947097758869,-0.195190776544888,-0.556714393270887,17
"830","REACTOME_SYNTHESIS_OF_PA",0.97554347826087,1,0.0610363728309177,-0.198400443810624,-0.662470913660966,32
"831","REACTOME_SYNTHESIS_OF_PC",0.420253164556962,0.618410511136036,0.102449405629826,-0.322921191958979,-1.02246016447921,25
"832","REACTOME_SYNTHESIS_OF_PE",0.0677966101694915,0.162831756129651,0.271288554688953,-0.625912723757176,-1.50618814652703,10
"833","REACTOME_SYNTHESIS_OF_PIPS_AT_THE_EARLY_ENDOSOME_MEMBRANE",0.0268380237836729,0.0815665428719469,0.352487857583619,-0.592553805578327,-1.60671752405218,15
"834","REACTOME_SYNTHESIS_OF_PIPS_AT_THE_GOLGI_MEMBRANE",0.139949109414758,0.261876603130232,0.190023305279108,-0.485678532195089,-1.3169237989657,15
"835","REACTOME_SYNTHESIS_OF_PIPS_AT_THE_LATE_ENDOSOME_MEMBRANE",0.033507661701784,0.0982543749363702,0.321775918075361,-0.65977655939468,-1.58767763523239,10
"836","REACTOME_SYNTHESIS_OF_PIPS_AT_THE_PLASMA_MEMBRANE",1.13121985015597e-06,3.50678153548351e-05,0.643551836150722,-0.612745984209016,-2.23295179621696,47
"837","REACTOME_SYNTHESIS_OF_VERY_LONG_CHAIN_FATTY_ACYL_COAS",0.733496332518337,0.868982916231916,0.0697792517076235,-0.286548850914485,-0.826760529308291,18
"838","REACTOME_SYNTHESIS_SECRETION_AND_DEACYLATION_OF_GHRELIN",0.0927835051546392,0.202081170477317,0.191892240384838,0.581289363454886,1.39609245497109,13
"839","REACTOME_S_PHASE",3.32576113218335e-08,1.61221754372044e-06,0.719512826338911,0.529818080005648,2.02289940978355,129
"840","REACTOME_TAK1_DEPENDENT_IKK_AND_NF_KAPPA_B_ACTIVATION",0.0673854447439353,0.162831756129651,0.287857117255149,-0.382242817170271,-1.30369376394194,34
"841","REACTOME_TBC_RABGAPS",0.065525204100639,0.161212803739667,0.287805130535564,-0.401231427087722,-1.35542291913677,33
"842","REACTOME_TCF_DEPENDENT_SIGNALING_IN_RESPONSE_TO_WNT",0.15781783739265,0.289488340779418,0.249246554383295,-0.272925673765453,-1.18043037777935,127
"843","REACTOME_TCR_SIGNALING",0.190217391304348,0.330658268996343,0.11331290842208,0.320305179672742,1.17045414363085,88
"844","REACTOME_TELOMERE_C_STRAND_LAGGING_STRAND_SYNTHESIS",4.03422758564713e-05,0.000493662059822609,0.557332238758646,0.662094429109911,2.02789990111929,32
"845","REACTOME_TELOMERE_C_STRAND_SYNTHESIS_INITIATION",0.00582253283092735,0.0253035305269272,0.407017918923954,0.72360268705908,1.71160598821174,12
"846","REACTOME_TELOMERE_EXTENSION_BY_TELOMERASE",0.0751252086811352,0.175553935480511,0.211400189384923,0.507551128531324,1.38726463440254,20
"847","REACTOME_TELOMERE_MAINTENANCE",6.67466664787482e-09,3.87964998907724e-07,0.761460801445585,0.618544928102127,2.22232660024954,77
"848","REACTOME_TERMINATION_OF_O_GLYCAN_BIOSYNTHESIS",0.98981324278438,1,0.03863723737086,0.216829955399489,0.488921240452742,10
"849","REACTOME_TERMINATION_OF_TRANSLESION_DNA_SYNTHESIS",0.000533792011517469,0.00362355161103099,0.477270815362862,0.651094748637855,1.91079432023005,28
"850","REACTOME_TGFBR3_PTM_REGULATION",0.750605326876513,0.881392618680754,0.0681513438679483,-0.331534627283697,-0.797800566795457,10
"851","REACTOME_TGF_BETA_RECEPTOR_SIGNALING_ACTIVATES_SMADS",0.0935828877005348,0.202871994315845,0.241339976815091,-0.380774731237728,-1.28631698043664,33
"852","REACTOME_TGF_BETA_RECEPTOR_SIGNALING_IN_EMT_EPITHELIAL_TO_MESENCHYMAL_TRANSITION",0.15311004784689,0.282524493050809,0.175204047558551,-0.52290915513178,-1.30663972548613,11
"853","REACTOME_THE_CANONICAL_RETINOID_CYCLE_IN_RODS_TWILIGHT_VISION",0.22680412371134,0.381446382683653,0.117249716749792,0.502357835727183,1.20652127536953,13
"854","REACTOME_THE_NLRP3_INFLAMMASOME",0.762308998302207,0.887293327185297,0.0506004243853618,0.34189601992618,0.77092773394795,10
"855","REACTOME_THE_PHOTOTRANSDUCTION_CASCADE",0.883527454242928,0.956554752556372,0.0429311093452583,0.255663692075221,0.72029292072647,23
"856","REACTOME_THE_ROLE_OF_GTSE1_IN_G2_M_PROGRESSION_AFTER_G2_CHECKPOINT",0.000122774744991572,0.00111941679257021,0.518848077743792,0.584717425720973,1.92425922735531,48
"857","REACTOME_THROMBIN_SIGNALLING_THROUGH_PROTEINASE_ACTIVATED_RECEPTORS_PARS",0.269716088328076,0.436996449730157,0.100633389423036,0.374170504747769,1.14603037908025,32
"858","REACTOME_THROMBOXANE_SIGNALLING_THROUGH_TP_RECEPTOR",0.0414593698175788,0.115096160986114,0.287857117255149,0.511100783343699,1.45885087840708,24
"859","REACTOME_TIE2_SIGNALING",0.127182044887781,0.24488468270318,0.197822021315103,-0.477324631386856,-1.32742312451596,16
"860","REACTOME_TNFR1_INDUCED_NF_KAPPA_B_SIGNALING_PATHWAY",0.0751295336787565,0.175553935480511,0.266350657088526,-0.405534132241875,-1.32888709525354,29
"861","REACTOME_TNFR1_INDUCED_PROAPOPTOTIC_SIGNALING",0.265822784810127,0.432951295750294,0.133554954557592,-0.371326203952326,-1.13470920695168,22
"862","REACTOME_TNFR2_NON_CANONICAL_NF_KB_PATHWAY",0.0129329226006805,0.0460828276575971,0.380730400722792,0.420623099544647,1.51041544587368,76
"863","REACTOME_TNFS_BIND_THEIR_PHYSIOLOGICAL_RECEPTORS",0.599001663893511,0.764158501263327,0.0609039347452418,0.323393002400284,0.911109780002977,23
"864","REACTOME_TNF_RECEPTOR_SUPERFAMILY_TNFSF_MEMBERS_MEDIATING_NON_CANONICAL_NF_KB_PATHWAY",0.593137254901961,0.761344144706066,0.0808589150280032,-0.318888745899261,-0.909520202935381,17
"865","REACTOME_TNF_SIGNALING",0.0186684927887614,0.0595905133522088,0.352487857583619,-0.412246818656959,-1.52793649129166,52
"866","REACTOME_TOLL_LIKE_RECEPTOR_4_TLR4_CASCADE",2.38469340544925e-05,0.000350724036326276,0.575610261071129,-0.433091070943639,-1.81965556633234,111
"867","REACTOME_TOLL_LIKE_RECEPTOR_9_TLR9_CASCADE",7.44402809830789e-05,0.000744402809830789,0.538434096309916,-0.444395632238586,-1.83192894619385,92
"868","REACTOME_TOLL_LIKE_RECEPTOR_CASCADES",4.35351101550628e-05,0.000519072467233441,0.557332238758646,-0.394576998437706,-1.71897388899133,138
"869","REACTOME_TP53_REGULATES_METABOLIC_GENES",0.0529327610872675,0.136712559088215,0.234392647294686,0.392429108522007,1.34316076021363,61
"870","REACTOME_TP53_REGULATES_TRANSCRIPTION_OF_ADDITIONAL_CELL_CYCLE_GENES_WHOSE_EXACT_ROLE_IN_THE_P53_PATHWAY_REMAIN_UNCERTAIN",0.333333333333333,0.514096185737977,0.115240003147781,-0.376207473569583,-1.07300211157313,17
"871","REACTOME_TP53_REGULATES_TRANSCRIPTION_OF_CELL_CYCLE_GENES",0.82620320855615,0.926862465569625,0.0683110858318647,-0.24209314553997,-0.817828753875374,33
"872","REACTOME_TP53_REGULATES_TRANSCRIPTION_OF_CELL_DEATH_GENES",0.126436781609195,0.24488468270318,0.158514105424824,0.528111546003359,1.34084581722991,15
"873","REACTOME_TP53_REGULATES_TRANSCRIPTION_OF_DNA_REPAIR_GENES",0.00295047628977384,0.0150766096125806,0.431707695803346,0.528351829666326,1.70271644740169,42
"874","REACTOME_TP53_REGULATES_TRANSCRIPTION_OF_GENES_INVOLVED_IN_G1_CELL_CYCLE_ARREST",0.600484261501211,0.764184635274998,0.0795564677235957,-0.368862602186783,-0.887626114669601,10
"875","REACTOME_TRAF6_MEDIATED_INDUCTION_OF_TAK1_COMPLEX_WITHIN_TLR4_COMPLEX",0.128571428571429,0.245526547374597,0.191892240384838,-0.517863244247579,-1.36121633448251,13
"876","REACTOME_TRAF6_MEDIATED_NF_KB_ACTIVATION",0.674185463659148,0.824990106846062,0.0753093764172773,-0.315905517796452,-0.835416840405236,14
"877","REACTOME_TRAFFICKING_AND_PROCESSING_OF_ENDOSOMAL_TLR",0.573630136986301,0.747165304477956,0.0643583367917361,0.397768804629919,0.922496729657571,11
"878","REACTOME_TRAFFICKING_OF_AMPA_RECEPTORS",0.0736149771668245,0.173321338645941,0.287805130535564,-0.440638971637411,-1.40638331181827,26
"879","REACTOME_TRAFFICKING_OF_GLUR2_CONTAINING_AMPA_RECEPTORS",0.767054908485857,0.888369943825463,0.0493910105981501,0.302915300469266,0.779342282161113,16
"880","REACTOME_TRANSCRIPTIONAL_ACTIVITY_OF_SMAD2_SMAD3_SMAD4_HETEROTRIMER",0.000105905100841685,0.000975165780027396,0.538434096309916,-0.608979240825436,-2.05722773583447,33
"881","REACTOME_TRANSCRIPTIONAL_AND_POST_TRANSLATIONAL_REGULATION_OF_MITF_M_EXPRESSION_AND_ACTIVITY",0.790064102564103,0.900964500513422,0.0463227785794633,0.261904569078695,0.787615961251061,30
"882","REACTOME_TRANSCRIPTIONAL_REGULATION_BY_E2F6",0.511221945137157,0.698144506574972,0.0899860794997137,-0.309399368130835,-0.960236563100531,23
"883","REACTOME_TRANSCRIPTIONAL_REGULATION_BY_RUNX1",0.0260866443688346,0.0796972838025382,0.352487857583619,0.369132701161762,1.41500075187581,134
"884","REACTOME_TRANSCRIPTIONAL_REGULATION_BY_RUNX2",7.73339685013322e-05,0.000765112667087649,0.538434096309916,0.601041714948506,1.96652595325479,46
"885","REACTOME_TRANSCRIPTIONAL_REGULATION_BY_RUNX3",0.501453488372093,0.693733419157678,0.0629394692018967,0.289618035118724,0.986403259612122,59
"886","REACTOME_TRANSCRIPTIONAL_REGULATION_BY_SMALL_RNAS",0.304487179487179,0.477526267998443,0.0943563635421779,0.375686119886168,1.12978702694536,30
"887","REACTOME_TRANSCRIPTIONAL_REGULATION_BY_THE_AP_2_TFAP2_FAMILY_OF_TRANSCRIPTION_FACTORS",0.586466165413534,0.755420406973111,0.0826646449123753,-0.34081613660946,-0.901293342362102,14
"888","REACTOME_TRANSCRIPTIONAL_REGULATION_BY_TP53",0.0118298725961069,0.0434853024283773,0.380730400722792,0.317959146241898,1.30802419572493,272
"889","REACTOME_TRANSCRIPTION_COUPLED_NUCLEOTIDE_EXCISION_REPAIR_TC_NER",3.82271217969489e-06,9.87533979754513e-05,0.610526878385931,0.57113843555001,2.01769466569276,70
"890","REACTOME_TRANSFERRIN_ENDOCYTOSIS_AND_RECYCLING",0.183441558441558,0.321888017642735,0.128142916898415,0.422615877491445,1.23258968759768,26
"891","REACTOME_TRANSLATION",1e-50,9.3e-48,NA,0.802692404992204,3.22712765545253,208
"892","REACTOME_TRANSLESION_SYNTHESIS_BY_POLH",0.00687393444749444,0.0282865444078311,0.407017918923954,0.655908231220493,1.68752458860857,16
"893","REACTOME_TRANSLESION_SYNTHESIS_BY_POLK",0.00783866133481509,0.0316954567016436,0.380730400722792,0.699121356427042,1.72855603239663,14
"894","REACTOME_TRANSLESION_SYNTHESIS_BY_Y_FAMILY_DNA_POLYMERASES_BYPASSES_LESIONS_ON_DNA_TEMPLATE",0.000363339751083558,0.00259970308113871,0.49849310876659,0.608302050501326,1.89216229636292,35
"895","REACTOME_TRANSLOCATION_OF_ZAP_70_TO_IMMUNOLOGICAL_SYNAPSE",0.111683848797251,0.227776270573341,0.173747838999571,0.573882435696261,1.35745849349929,12
"896","REACTOME_TRANSMISSION_ACROSS_CHEMICAL_SYNAPSES",0.765258215962441,0.887732821057404,0.103576326612592,-0.199440227513918,-0.903902996682956,174
"897","REACTOME_TRANSPORT_OF_BILE_SALTS_AND_ORGANIC_ACIDS_METAL_IONS_AND_AMINE_COMPOUNDS",0.151815181518152,0.280692085113084,0.208955027549354,-0.308338610624793,-1.18166097351816,61
"898","REACTOME_TRANSPORT_OF_CONNEXONS_TO_THE_PLASMA_MEMBRANE",0.169779286926995,0.305405680545658,0.137250779610133,0.573449278619064,1.29304796527124,10
"899","REACTOME_TRANSPORT_OF_INORGANIC_CATIONS_ANIONS_AND_AMINO_ACIDS_OLIGOPEPTIDES",0.077086746332039,0.178804246600857,0.287805130535564,-0.310792784113515,-1.26825405792224,90
"900","REACTOME_TRANSPORT_OF_MATURE_MRNAS_DERIVED_FROM_INTRONLESS_TRANSCRIPTS",0.026137281247069,0.0796972838025382,0.352487857583619,0.48383609918905,1.54233336172948,39
"901","REACTOME_TRANSPORT_OF_MATURE_TRANSCRIPT_TO_CYTOPLASM",0.00028528548394479,0.00219269008321203,0.49849310876659,0.508589938181804,1.80868354226102,74
"902","REACTOME_TRANSPORT_OF_NUCLEOSIDES_AND_FREE_PURINE_AND_PYRIMIDINE_BASES_ACROSS_THE_PLASMA_MEMBRANE",0.363327674023769,0.54853041695147,0.0875697115548511,0.490155306967351,1.10523170221312,10
"903","REACTOME_TRANSPORT_OF_THE_SLBP_DEPENDANT_MATURE_MRNA",0.0154563372734839,0.0526534566459343,0.380730400722792,0.514826692844109,1.57684003007799,32
"904","REACTOME_TRANSPORT_OF_VITAMINS_NUCLEOSIDES_AND_RELATED_MOLECULES",0.914330218068536,0.976265330429091,0.0383205781976994,0.228976065402595,0.695918280821123,31
"905","REACTOME_TRANSPORT_TO_THE_GOLGI_AND_SUBSEQUENT_MODIFICATION",0.117117117117117,0.232939997773572,0.282013350011725,-0.256518849356734,-1.14693013980582,161
"906","REACTOME_TRANS_GOLGI_NETWORK_VESICLE_BUDDING",0.000389839208269251,0.00274659442189699,0.49849310876659,-0.452393126651163,-1.76951419496932,68
"907","REACTOME_TRIGLYCERIDE_METABOLISM",0.961730449251248,0.999340019892358,0.0390355298112393,0.235152430260245,0.605001567668735,16
"908","REACTOME_TRISTETRAPROLIN_TTP_ZFP36_BINDS_AND_DESTABILIZES_MRNA",0.0177985833001007,0.0578765121296982,0.352487857583619,0.613076295500609,1.57732633027827,16
"909","REACTOME_TRP_CHANNELS",0.633416458852868,0.793673281453971,0.0782955249944794,-0.286919210734878,-0.890468259415035,23
"910","REACTOME_TURBULENT_OSCILLATORY_DISTURBED_FLOW_SHEAR_STRESS_ACTIVATES_SIGNALING_BY_PIEZO1_AND_INTEGRINS_IN_ENDOTHELIAL_CELLS",0.000202051269693636,0.00161989380013002,0.518848077743792,-0.626420291176958,-2.02509245612038,27
"911","REACTOME_UBIQUINOL_BIOSYNTHESIS",0.0128536322221581,0.0459764537177193,0.380730400722792,0.684992171353406,1.64515723538605,13
"912","REACTOME_UBIQUITIN_MEDIATED_DEGRADATION_OF_PHOSPHORYLATED_CDC25A",0.000177110169994346,0.0015111234687591,0.518848077743792,0.636702625756418,1.9628713589783,33
"913","REACTOME_UB_SPECIFIC_PROCESSING_PROTEASES",0.0908615971157366,0.198930481283422,0.287805130535564,-0.272892830234304,-1.19914333679694,143
"914","REACTOME_UCH_PROTEINASES",9.44490489206582e-06,0.000190951338035244,0.593325476396405,0.575203982255665,2.00740383016199,66
"915","REACTOME_UNBLOCKING_OF_NMDA_RECEPTORS_GLUTAMATE_BINDING_AND_ACTIVATION",0.0426911590521647,0.117117338992664,0.321775918075361,-0.521625680547019,-1.53636196419765,19
"916","REACTOME_UNFOLDED_PROTEIN_RESPONSE_UPR",0.232445520581114,0.389503304757542,0.140406238523342,-0.501984797113815,-1.20796961373632,10
"917","REACTOME_VASOPRESSIN_REGULATES_RENAL_WATER_HOMEOSTASIS_VIA_AQUAPORINS",0.472995090016367,0.671580814832398,0.0716527366829457,0.337826520405475,0.991433271062833,28
"918","REACTOME_VEGFR2_MEDIATED_CELL_PROLIFERATION",0.794188861985472,0.902176641779249,0.0653834195468773,-0.311059345174541,-0.748529117216213,10
"919","REACTOME_VEGFR2_MEDIATED_VASCULAR_PERMEABILITY",0.00409219711150208,0.0189340463368006,0.407017918923954,-0.545306968746544,-1.76286918580443,27
"920","REACTOME_VISUAL_PHOTOTRANSDUCTION",0.915848527349229,0.976765057838053,0.0333092817548776,0.212605110448416,0.746173957811443,67
"921","REACTOME_VITAMIN_B5_PANTOTHENATE_METABOLISM",0.944170771756979,0.990444177271536,0.0392758570896778,0.249941082592636,0.634586495380502,15
"922","REACTOME_VLDLR_INTERNALISATION_AND_DEGRADATION",0.482817869415808,0.682402155861248,0.0730744399126987,0.412772722777079,0.991363200699059,13
"923","REACTOME_VOLTAGE_GATED_POTASSIUM_CHANNELS",0.320126782884311,0.497856033582624,0.0908241419007155,0.353138474497199,1.09545945342035,34
"924","REACTOME_VXPX_CARGO_TARGETING_TO_CILIUM",0.25,0.412966252220249,0.135740943810425,-0.411019807047358,-1.17229229040987,17
"925","REACTOME_WNT5A_DEPENDENT_INTERNALIZATION_OF_FZD2_FZD5_AND_ROR2",0.833333333333333,0.927925384895852,0.062249042949858,-0.284580200626679,-0.73068085023717,12
"926","REACTOME_WNT5A_DEPENDENT_INTERNALIZATION_OF_FZD4",0.837479270315091,0.927925384895852,0.0452247443372884,0.297654197161922,0.735940839658945,14
"927","REACTOME_WNT_LIGAND_BIOGENESIS_AND_TRAFFICKING",0.893267651888342,0.962114726027397,0.0418238690062304,0.272552890301144,0.691996616434299,15
"928","REACTOME_XENOBIOTICS",0.107579462102689,0.221136142360007,0.213927855492356,-0.476396518625248,-1.37451550282705,18
"929","REACTOME_ZBP1_DAI_MEDIATED_INDUCTION_OF_TYPE_I_IFNS",0.876190476190476,0.953400450278238,0.0598603117764473,-0.261860165408528,-0.688305915632755,13
"930","REACTOME_ZINC_TRANSPORTERS",0.638370118845501,0.797962648556876,0.0588438169595807,0.386014202281307,0.870408068221172,10
