2026-01-11 16:04:40.268668 INFO::Writing function arguments to log file
2026-01-11 16:04:40.270142 DEBUG::Function arguments
2026-01-11 16:04:40.270973 DEBUG::Output folder: /home/julianne/Documents/slc_si_paper/results/Bracken/SMT_Maaslin3/Ileum//Sex_Genotype
2026-01-11 16:04:40.272557 DEBUG::Formula:
2026-01-11 16:04:40.272964 DEBUG::Fixed effects: Sex,Genotype
2026-01-11 16:04:40.273283 DEBUG::Reference:
2026-01-11 16:04:40.273574 DEBUG::Random effects:
2026-01-11 16:04:40.273857 DEBUG::Group effects:
2026-01-11 16:04:40.274144 DEBUG::Ordered effects:
2026-01-11 16:04:40.274429 DEBUG::Strata effects:
2026-01-11 16:04:40.274797 DEBUG::Min Abundance: 0.000000
2026-01-11 16:04:40.275186 DEBUG::Min Prevalence: 0.000000
2026-01-11 16:04:40.275563 DEBUG::Max Prevalence: 1.000000
2026-01-11 16:04:40.275783 DEBUG::Zero Threshold: 0.000000
2026-01-11 16:04:40.276081 DEBUG::Min variance: 0.000000
2026-01-11 16:04:40.276299 DEBUG::Max significance: 0.250000
2026-01-11 16:04:40.276492 DEBUG::Normalization: TSS
2026-01-11 16:04:40.27668 DEBUG::Transform: LOG
2026-01-11 16:04:40.276886 DEBUG::Correction method: BH
2026-01-11 16:04:40.277086 DEBUG::Standardize: TRUE
2026-01-11 16:04:40.277277 DEBUG::Abundance median comparison: TRUE
2026-01-11 16:04:40.27747 DEBUG::Prevalence median comparison: FALSE
2026-01-11 16:04:40.277659 DEBUG::Abundance median comparison threshold: 0
2026-01-11 16:04:40.277845 DEBUG::Prevalence median comparison threshold: 0
2026-01-11 16:04:40.278029 DEBUG::Subtract median: FALSE
2026-01-11 16:04:40.278315 DEBUG::Warn prevalence: TRUE
2026-01-11 16:04:40.278519 DEBUG::Small random effects: FALSE
2026-01-11 16:04:40.278713 DEBUG::Augment: TRUE
2026-01-11 16:04:40.278903 DEBUG::Evaluate only:
2026-01-11 16:04:40.279093 DEBUG::Cores: 1
2026-01-11 16:04:40.279308 DEBUG::Balanced Summary plot: FALSE
2026-01-11 16:04:40.279529 INFO::Verifying options selected are valid
2026-01-11 16:04:40.280389 INFO::Determining format of input files
2026-01-11 16:04:40.281809 INFO::Input format is data samples as columns and metadata samples as rows
2026-01-11 16:04:40.297452 DEBUG::Transformed data so samples are rows
2026-01-11 16:04:40.297983 DEBUG::A total of 30 samples were found in both the data and metadata
2026-01-11 16:04:40.298304 DEBUG::Reordering data/metadata to use same sample ordering
2026-01-11 16:04:40.310846 INFO::Formula for fixed effects: expr ~  Sex + Genotype
2026-01-11 16:04:40.311598 INFO::Running selected normalization method: TSS
2026-01-11 16:04:40.38193 INFO::Creating output feature tables folder
2026-01-11 16:04:40.383061 INFO::Writing normalized data to file /home/julianne/Documents/slc_si_paper/results/Bracken/SMT_Maaslin3/Ileum//Sex_Genotype/features/data_norm.tsv
2026-01-11 16:04:40.435912 INFO::Filter data based on min abundance, min prevalence, and max prevalence
2026-01-11 16:04:40.436917 INFO::Total samples in data: 30
2026-01-11 16:04:40.437749 INFO::Min samples required with min abundance for a feature not to be filtered: 0.000000
2026-01-11 16:04:40.43845 INFO::Max samples allowed with min abundance for a feature not to be filtered: 30.000000
2026-01-11 16:04:41.046542 INFO::Total filtered features: 353
2026-01-11 16:04:41.047682 INFO::Filtered feature names from abundance, min prevalence, and max prevalence filtering: MGYG000327462, MGYG000326942, Barnesiella intestinihominis, MGYG000328589, Merdisoma sp910586955, MGYG000325314, MGYG000325636, MGYG000328392, C-53 sp003612525, MGYG000326088, UBA1417 sp900549945, UBA1394 sp900066845, Faecalibacterium prausnitzii_F, MGYG000329160, MGYG000325472, RACS-045 sp013316135, MGBC161649 sp910587685, MGYG000410782, Gallimonas sp910586675, Gallimonas sp910578065, Comamonas acidovorans, MGYG000330427, Brachyspira sp910578695, Sediminibacterium magnilacihabitans, CAG-303 sp910585215, MGYG000324871, MGYG000330606, CAJFUH01 sp022799115, MGYG000378024, MGBC157735 sp910587445, MGYG000357633, Treponema_D sp014804085, MGBC139354 sp910586295, MGBC119817 sp910585335, Coprosoma sp902783895, MGYG000327915, Bacillus spizizenii, Allobacillus halotolerans, Caccosoma sp905197115, MGYG000325901, MGYG000325412, Alistipes_A sp910583985, MGYG000325656, MGYG000325417, Acetatifactor intestinalis, MGYG000329006, Blautia_A faecis, Hominisplanchenecus faecis, MGYG000329682, Fimenecus sp900540295, Clostridium_AM scatologenes, MGYG000374388, MGYG000323085, MGYG000410940, Massiliimalia timonensis, MGYG000325459, MGYG000325725, Alistipes sp910586375, Alistipes sp014796635, Alistipes sp910584485, MGYG000325702, MGYG000329018, MGYG000325591, Alistipes sp902363575, Alistipes sp017442365, MGYG000340909, Butyricimonas sp900184685, CAG-273 sp910589185, MGYG000327606, MGYG000375485, JAAWPK01 sp022799935, MGYG000388007, CAKPSH01 sp022795675, Coproplasma sp910577055, Coproplasma sp910578565, Coproplasma sp910583855, Pumilibacter sp022791915, MGYG000327260, Streptococcus danieliae_A, MGYG000325460, MGYG000330364, MGYG000325579, MGYG000409929, MGBC122484 sp910577395, MGYG000326706, Alistipes sp904502285, MGYG000325317, MGYG000323691, Tidjanibacter inops, Prevotella sp002265625, Prevotella sp900552515, Phocaeicola coprophilus, Paraprevotella sp003477995, MGYG000326974, Cryptobacteroides sp000432515, Butyricimonas sp003479425, Faecousia sp000434635, MGBC124762 sp910584395, Vescimonas sp900551995, Vescimonas sp900545585, Ruminiclostridium_E sp910579265, MGYG000323133, CAG-115 sp910579125, MGYG000327681, RGIG8773 sp910586535, MGYG000325664, MGYG000325398, Faecalibacterium sp900540455, MGYG000323027, MGYG000326165, MGYG000325440, MGYG000350587, Lachnospira sp910585095, MGYG000323782, MGYG000329879, Coprocola sp910586765, MGYG000410417, MGYG000327215, MGYG000351753, MGYG000403946, MGYG000340871, MGYG000330483, MGYG000375087, MGYG000380654, MGYG000433109, MGYG000329231, MGYG000410463, MGYG000325858, MGYG000410524, MGYG000329904, MGYG000328992, MGYG000328749, CAG-273 sp022797215, MGYG000329641, MGYG000365455, MGYG000410067, CAG-269 sp022791675, MGYG000328621, MGYG000329059, CAG-269 sp022794095, CAG-269 sp022795075, MGYG000342663, CAG-269 sp022794055, MGYG000365232, MGYG000328829, MGYG000332630, MGYG000330993, MGYG000329131, MGYG000329360, MGYG000329624, MGYG000326992, MGYG000411110, MGYG000323120, MGYG000329191, JAAWPK01 sp022792975, MGYG000328409, MGYG000331294, MGYG000329735, RGIG8482 sp022799315, MGYG000381662, MGYG000410934, MGYG000392056, MGYG000331304, MGYG000392748, UMGS1663 sp022791325, MGYG000331248, MGYG000330612, MGYG000410581, MGYG000324615, MGYG000324828, Anaerocaecibacter muris, MGYG000368690, Coproplasma sp910577875, Coproplasma sp910583545, Coproplasma sp910579585, MGYG000328739, Coproplasma sp910587365, Coproplasma sp910587015, Coproplasma sp910588685, Gallimonas sp910586655, Gallimonas sp910586245, Limiplasma sp900548145, MGBC101980 sp910576875, Caccovivens sp022793335, MGYG000330827, Caccovivens sp910584295, MGYG000322927, Dwaynesavagella sp000270205, Caloranaerobacter azorensis, MGYG000325321, MGYG000411329, MGYG000411579, MGYG000382271, Holdemanella sp900556915, MGYG000326094, MGYG000329498, MGYG000410618, MGBC162581 sp910587725, MGYG000324636, MGYG000393403, MGYG000326232, MGBC108787 sp910587325, MGYG000332018, MGYG000382898, Caccenecus sp910587745, MGBC162267 sp910588025, MGYG000339283, MGYG000411598, MGYG000326177, MGYG000411458, MGYG000352855, MGYG000333853, MGYG000326629, MGYG000388827, MGYG000328000, MGYG000388416, UBA7185 sp002491065, MGYG000358274, MGYG000331915, Stercorousia sp910588555, Prevotella sp900553595, Rikenella sp910577125, Alistipes_A indistinctus, MGYG000325402, MGYG000410739, Coproplasma sp910588645, MGYG000325461, MGYG000410947, MGYG000328716, Emergencia sp022767345, MGYG000377252, MGYG000413576, Rikenella sp910579375, MGYG000326979, Faecousia sp900544975, Vescimonas sp003539495, MGYG000323103, MGYG000325742, MGYG000323031, MGYG000327114, MGYG000325704, CAG-590 sp910584695, SIG299 sp910583815, MGYG000401852, MGBC114079 sp910579745, Coproplasma sp910585785, MGYG000410802, Coproplasma sp910578145, MGYG000325961, Coproplasma sp910587005, MGYG000323619, MGYG000325462, MGYG000325588, Coproplasma sp910586345, MGYG000410533, Gallimonas sp910588695, Gallimonas sp910585235, MGYG000324646, Gallimonas sp910585595, MGBC157735 sp022793815, Anaerocaecibacter sp910587455, Anaerocaecibacter sp910577435, Anaerocaecibacter sp910588315, MGYG000410645, Anaerocaecibacter sp910577945, MGYG000325722, MGYG000324927, MGYG000331340, MGYG000325536, RACS-045 sp910584635, MGYG000326065, MGYG000325675, MGYG000325553, MGYG000325718, MGYG000325353, RACS-045 sp910578245, MGBC100798 sp910577845, MGBC100798 sp910588545, CAG-475 sp910584155, MGYG000376978, Fimimonas sp910587795, MGYG000410634, MGYG000368618, MGBC116941 sp910585035, CAG-269 sp900556945, MGYG000331161, CAG-41 sp900066215, MGBC122484 sp910577515, MGYG000410279, MGBC122484 sp910587175, MGYG000329677, MGBC122484 sp910587375, MGYG000372439, MGYG000326479, MGYG000342110, Muribacter muris, MGYG000336045, Corynebacterium mastitidis, Phocaeicola sp000434735, Prevotella sp002299635, Prevotella sp000434975, Prevotella sp002251385, Prevotella sp900552675, Prevotella sp900543975, Prevotella sp000436035, Prevotella copri_B, Prevotella sp003447235, Alloprevotella sp900539625, UBA4372 sp900543815, UBA6398 sp003150315, MGYG000325629, MGYG000325649, MGYG000325521, MGBC100798 sp910584035, CAG-177 sp003514385, Enterobacter roggenkampii, Kosakonia cowanii, Morganella morganii, Enterococcus_B faecium, Enterococcus_B hirae, Enterococcus_A avium, Streptococcus sp000187445, Clostridium_AQ innocuum, Catenibacterium sp000437715, Mammaliicoccus sciuri, MGYG000330358, Kosmotoga_B pacifica, UBA3818 sp910587335, MGYG000325420, Massiliimalia sp910579175, Phocea massiliensis, MGYG000329752, MGYG000325714, Enterocloster lavalensis, MGYG000331096, MGYG000358607, Coprovivens sp910577505, Aneurinibacillus aneurinilyticus, Parolsenella catena, MGYG000330619, Mycobacterium aubagnense, Salinibacter ruber, Anaerostipes hadrus, UBA1417 sp003531055, Flemingibacterium sp900546315, Firm-10 sp934636425, Faecivicinus sp900553265, 51-20 sp910587405, MGYG000362033, MGYG000325516, Streptococcus salivarius, Pseudomonas_E shahriarae, MGYG000366009
2026-01-11 16:04:41.08429 INFO::Total features filtered by non-zero variance filtering: 164
2026-01-11 16:04:41.08537 INFO::Filtered feature names from variance filtering: UBA1436 sp910576915, Lactococcus lactis, CAG-710 sp000432595, Prevotella sp000436915, MGYG000325795, MGYG000326972, 14-2 sp022790855, MGYG000325513, Roseburia intestinalis, Blautia sp001304935, Acetatifactor sp022793065, MGYG000325395, MGYG000330490, MGYG000324752, COE1 sp910586095, Eubacterium_F sp910589665, MGYG000325404, MGYG000328329, Butyrivibrio_A sp910577605, MGBC114844 sp910579865, UBA1405 sp910589145, MGYG000328468, UMGS1601 sp900545345, MGYG000330888, Anaerocaecibacter sp910578545, RGIG7179 sp022793795, MGYG000327020, MGYG000411069, MGYG000324401, Alistipes communis, MGYG000330701, MGYG000325578, MGYG000331358, COE1 sp009774345, MGYG000326060, MGYG000324350, MGYG000325311, MGYG000329762, URXU01 sp900541915, Dielma sp001305055, CAG-582 sp910587065, MGBC119817 sp910586195, MGYG000329305, MGYG000329183, UBA3282 sp910585555, Acetatifactor sp910577235, MGYG000325498, CAG-317 sp000433535, MGYG000325599, CAG-603 sp910578175, Coprocola sp910583755, Scatomorpha sp900545405, MGYG000327368, MGYG000327859, Lacticaseibacillus paracasei, MGYG000325508, MGYG000331430, Brachyspira sp910588665, MGYG000410730, MGYG000383351, MGYG000328450, MGYG000325740, Agathobacter rectalis, MGBC114844 sp910585855, Oliverpabstia sp002361775, Dorea_A longicatena_B, JAAVZI01 sp022791575, Heteroclostridium sp910585195, Oliverpabstia intestinalis, MGYG000330825, Methylovirgula sp021780015, MGYG000325635, Lacrimispora indica, RACS-045 sp910588015, MGYG000325793, Coproplasma sp910578765, MGYG000352721, Helicobacter_C sp910577135, Lysinibacillus sp023337795, 51-20 sp910577095, MGYG000325751, Absicoccus sp000434355, MGYG000374819, MGYG000325616, Eubacterium_F sp003491505, Eubacterium_F sp900539115, Eubacterium_F sp910584875, Butyribacter sp910577825, MGYG000328455, MGYG000329982, MGYG000329041, MGYG000331355, Choladousia sp902363135, MGYG000325445, MGYG000324619, MGYG000325654, Lacrimispora celerecrescens_B, CAG-632 sp000431515, MGYG000322973, MGYG000327784, MGYG000329422, MGYG000336017, Faecousia sp910589155, MGYG000410450, Vescimonas coprocola, MGYG000390383, MGYG000322982, MGYG000325106, Angelakisella sp022794295, UBA3818 sp910578255, MGYG000325720, MGYG000326653, Ruminococcus_C sp000433635, MGYG000410206, UMGS1668 sp900553955, Pseudobutyricicoccus sp910585875, MGYG000410157, MGYG000409944, MGYG000403771, MGYG000325091, Atopostipes sp910588235, MGYG000325609, MGYG000324383, Parabacteroides gordonii, MGYG000325369, Coprocola sp910587195, MGYG000330936, Alistipes shahii, Eisenbergiella sp900066775, Murimonas intestini, Mediterraneibacter torques, Caccousia sp900752115, MGYG000327130, Ruminococcus sp002362135, MGYG000325359, MGYG000325563, Prevotella sp900313215, MGYG000325556, Alloprevotella sp900542795, Paraprevotella sp910584955, Paraprevotella clara, Alistipes sp910580175, MGYG000325594, MGYG000325683, CAG-170 sp900548625, Vescimonas sp000435975, MGYG000325673, CAG-41 sp910585795, Klebsiella quasipneumoniae, Klebsiella oxytoca, Proteus mirabilis, Streptococcus thermophilus, MGYG000392040, MGYG000336888, MGYG000323672, MGYG000387283, Eisenbergiella tayi, Blautia sp000432195, Lachnospira eligens_A, Choladousia sp902363665, MGYG000328544, JAAWTG01 sp022801925, Butyricimonas synergistica, Parasutterella gallistercoris
2026-01-11 16:04:41.086034 INFO::Writing filtered data to file /home/julianne/Documents/slc_si_paper/results/Bracken/SMT_Maaslin3/Ileum//Sex_Genotype/features/filtered_data.tsv
2026-01-11 16:04:41.127956 INFO::Running selected transform method: LOG
2026-01-11 16:04:41.151022 INFO::Writing normalized, filtered, transformed data to file /home/julianne/Documents/slc_si_paper/results/Bracken/SMT_Maaslin3/Ileum//Sex_Genotype/features/data_transformed.tsv
2026-01-11 16:04:41.186629 INFO::Factor detected for categorial metadata 'Genotype'. Using as-is.
2026-01-11 16:04:41.187273 INFO::Applying z-score to standardize continuous metadata
2026-01-11 16:04:41.2209 INFO::Running the linear model component
2026-01-11 16:04:41.233176 DEBUG::Object: augment, Size: 56
2026-01-11 16:04:41.233649 DEBUG::Object: cluster, Size: 0
2026-01-11 16:04:41.233991 DEBUG::Object: cores, Size: 56
2026-01-11 16:04:41.234298 DEBUG::Object: correction, Size: 112
2026-01-11 16:04:41.234607 DEBUG::Object: extract_out, Size: 1416
2026-01-11 16:04:41.234892 DEBUG::Object: feature_specific_covariate, Size: 0
2026-01-11 16:04:41.23517 DEBUG::Object: feature_specific_covariate_name, Size: 0
2026-01-11 16:04:41.235438 DEBUG::Object: feature_specific_covariate_record, Size: 0
2026-01-11 16:04:41.235907 DEBUG::Object: features, Size: 631736
2026-01-11 16:04:41.236204 DEBUG::Object: formula, Size: 1008
2026-01-11 16:04:41.236496 DEBUG::Object: fun_list, Size: 58768
2026-01-11 16:04:41.236894 DEBUG::Object: func_to_run, Size: 435336
2026-01-11 16:04:41.237165 DEBUG::Object: groups, Size: 48
2026-01-11 16:04:41.237431 DEBUG::Object: median_comparison, Size: 56
2026-01-11 16:04:41.23776 DEBUG::Object: median_comparison_threshold, Size: 56
2026-01-11 16:04:41.238052 DEBUG::Object: metadata, Size: 9856
2026-01-11 16:04:41.238412 DEBUG::Object: model, Size: 112
2026-01-11 16:04:41.238975 DEBUG::Object: model_function, Size: 8864
2026-01-11 16:04:41.239388 DEBUG::Object: ordereds, Size: 48
2026-01-11 16:04:41.239652 DEBUG::Object: random_effects_formula, Size: 0
2026-01-11 16:04:41.239863 DEBUG::Object: ranef_function, Size: 0
2026-01-11 16:04:41.240078 DEBUG::Object: save_models, Size: 56
2026-01-11 16:04:41.240288 DEBUG::Object: small_random_effects, Size: 56
2026-01-11 16:04:41.240494 DEBUG::Object: strata, Size: 48
2026-01-11 16:04:41.240697 DEBUG::Object: subtract_median, Size: 56
2026-01-11 16:04:41.240936 DEBUG::Object: summary_function, Size: 49424
2026-01-11 16:04:41.241249 DEBUG::Object: func_to_run, Size: 435336
2026-01-11 16:04:41.241689 INFO::Fitting model to feature number 1, Akkermansia muciniphila_A
2026-01-11 16:04:41.27864 INFO::Fitting model to feature number 2, Akkermansia muciniphila
2026-01-11 16:04:41.289614 INFO::Fitting model to feature number 3, Faecalibaculum rodentium
2026-01-11 16:04:41.297571 INFO::Fitting model to feature number 4, Pelethenecus sp910579215
2026-01-11 16:04:41.300742 INFO::Fitting model to feature number 5, MGYG000325581
2026-01-11 16:04:41.304266 INFO::Fitting model to feature number 6, Alistipes finegoldii
2026-01-11 16:04:41.308278 INFO::Fitting model to feature number 7, MGYG000325477
2026-01-11 16:04:41.311931 INFO::Fitting model to feature number 8, Paramuribaculum sp001689535
2026-01-11 16:04:41.315298 INFO::Fitting model to feature number 9, Paramuribaculum sp910587425
2026-01-11 16:04:41.318699 INFO::Fitting model to feature number 10, Muribaculum intestinale
2026-01-11 16:04:41.322513 INFO::Fitting model to feature number 11, NM07-P-09 sp004793925
2026-01-11 16:04:41.326631 INFO::Fitting model to feature number 12, ZJ304 sp910584145
2026-01-11 16:04:41.330436 INFO::Fitting model to feature number 13, Bifidobacterium globosum
2026-01-11 16:04:41.334309 INFO::Fitting model to feature number 14, MGYG000333678
2026-01-11 16:04:41.339329 INFO::Fitting model to feature number 15, Schaedlerella sp910575475
2026-01-11 16:04:41.344837 INFO::Fitting model to feature number 16, Lawsonibacter sp910588635
2026-01-11 16:04:41.348991 INFO::Fitting model to feature number 17, MGBC122484 sp910587055
2026-01-11 16:04:41.354165 INFO::Fitting model to feature number 18, Desulfovibrio sp009773975
2026-01-11 16:04:41.359991 INFO::Fitting model to feature number 19, NM07-P-09 sp004793665
2026-01-11 16:04:41.364117 INFO::Fitting model to feature number 20, MGBC105563 sp910579165
2026-01-11 16:04:41.368304 INFO::Fitting model to feature number 21, MGYG000327895
2026-01-11 16:04:41.37403 INFO::Fitting model to feature number 22, Paratractidigestivibacter faecalis
2026-01-11 16:04:41.379643 INFO::Fitting model to feature number 23, Paratractidigestivibacter sp900540955
2026-01-11 16:04:41.385222 INFO::Fitting model to feature number 24, MGYG000330582
2026-01-11 16:04:41.390854 INFO::Fitting model to feature number 25, MGYG000329032
2026-01-11 16:04:41.39613 INFO::Fitting model to feature number 26, Adlercreutzia muris
2026-01-11 16:04:41.400868 INFO::Fitting model to feature number 27, Adlercreutzia caecimuris
2026-01-11 16:04:41.406004 INFO::Fitting model to feature number 28, Adlercreutzia mucosicola
2026-01-11 16:04:41.411893 INFO::Fitting model to feature number 29, MGYG000329825
2026-01-11 16:04:41.416293 INFO::Fitting model to feature number 30, Adlercreutzia hattorii
2026-01-11 16:04:41.42024 INFO::Fitting model to feature number 31, Adlercreutzia sp910589165
2026-01-11 16:04:41.424945 INFO::Fitting model to feature number 32, MGYG000329537
2026-01-11 16:04:41.430122 INFO::Fitting model to feature number 33, MGYG000327852
2026-01-11 16:04:41.433827 INFO::Fitting model to feature number 34, Adlercreutzia sp910585575
2026-01-11 16:04:41.437142 INFO::Fitting model to feature number 35, MGBC163016 sp910588205
2026-01-11 16:04:41.441339 INFO::Fitting model to feature number 36, MGBC163016 sp910589135
2026-01-11 16:04:41.44505 INFO::Fitting model to feature number 37, MGBC163016 sp910588945
2026-01-11 16:04:41.448336 INFO::Fitting model to feature number 38, MGBC163016 sp910588905
2026-01-11 16:04:41.451683 INFO::Fitting model to feature number 39, MGYG000329984
2026-01-11 16:04:41.45531 INFO::Fitting model to feature number 40, MGYG000328464
2026-01-11 16:04:41.459245 INFO::Fitting model to feature number 41, MGYG000366993
2026-01-11 16:04:41.462993 INFO::Fitting model to feature number 42, MGBC163016 sp910585565
2026-01-11 16:04:41.466372 INFO::Fitting model to feature number 43, MGBC163016 sp910589125
2026-01-11 16:04:41.46965 INFO::Fitting model to feature number 44, MGYG000328353
2026-01-11 16:04:41.473666 INFO::Fitting model to feature number 45, MGBC163016 sp910580205
2026-01-11 16:04:41.477492 INFO::Fitting model to feature number 46, MGBC163016 sp910588985
2026-01-11 16:04:41.480848 INFO::Fitting model to feature number 47, MGBC163016 sp910588435
2026-01-11 16:04:41.4842 INFO::Fitting model to feature number 48, D16-63 sp910588095
2026-01-11 16:04:41.487454 INFO::Fitting model to feature number 49, MGYG000328321
2026-01-11 16:04:41.491379 INFO::Fitting model to feature number 50, MGYG000410711
2026-01-11 16:04:41.495332 INFO::Fitting model to feature number 51, Enterorhabdus sp009911695
2026-01-11 16:04:41.498754 INFO::Fitting model to feature number 52, MGYG000329834
2026-01-11 16:04:41.502064 INFO::Fitting model to feature number 53, Enterorhabdus sp910589695
2026-01-11 16:04:41.505833 INFO::Fitting model to feature number 54, D16-34 sp910575165
2026-01-11 16:04:41.509654 INFO::Fitting model to feature number 55, D16-34 sp003612515
2026-01-11 16:04:41.512998 INFO::Fitting model to feature number 56, D16-34 sp910577495
2026-01-11 16:04:41.516364 INFO::Fitting model to feature number 57, ZJ304 sp943192905
2026-01-11 16:04:41.519906 INFO::Fitting model to feature number 58, MGYG000401219
2026-01-11 16:04:41.523888 INFO::Fitting model to feature number 59, Parvibacter caecicola
2026-01-11 16:04:41.527834 INFO::Fitting model to feature number 60, Parvibacter sp910587945
2026-01-11 16:04:41.531174 INFO::Fitting model to feature number 61, MGYG000329896
2026-01-11 16:04:41.534518 INFO::Fitting model to feature number 62, Parvibacter sp910588725
2026-01-11 16:04:41.537846 INFO::Fitting model to feature number 63, MGYG000328306
2026-01-11 16:04:41.541918 INFO::Fitting model to feature number 64, MGYG000328451
2026-01-11 16:04:41.54555 INFO::Fitting model to feature number 65, Anaerotardibacter sp000435675
2026-01-11 16:04:41.549225 INFO::Fitting model to feature number 66, Anaerotardibacter sp900753095
2026-01-11 16:04:41.552505 INFO::Fitting model to feature number 67, Gordonibacter pamelaeae
2026-01-11 16:04:41.556391 INFO::Fitting model to feature number 68, Eggerthella lenta
2026-01-11 16:04:41.560577 INFO::Fitting model to feature number 69, Ellagibacter isourolithinifaciens
2026-01-11 16:04:41.563875 INFO::Fitting model to feature number 70, Senegalimassilia faecalis
2026-01-11 16:04:41.567214 INFO::Fitting model to feature number 71, Slackia_A isoflavoniconvertens
2026-01-11 16:04:41.570462 INFO::Fitting model to feature number 72, Collinsella aerofaciens_J
2026-01-11 16:04:41.57458 INFO::Fitting model to feature number 73, Enorma burkinafasonensis
2026-01-11 16:04:41.578297 INFO::Fitting model to feature number 74, MGYG000410812
2026-01-11 16:04:41.582056 INFO::Fitting model to feature number 75, UMGS124 sp900555105
2026-01-11 16:04:41.588201 INFO::Fitting model to feature number 76, Bifidobacterium animalis
2026-01-11 16:04:41.594454 INFO::Fitting model to feature number 77, Bifidobacterium adolescentis
2026-01-11 16:04:41.600384 INFO::Fitting model to feature number 78, Bifidobacterium pseudocatenulatum
2026-01-11 16:04:41.605898 INFO::Fitting model to feature number 79, Bifidobacterium bifidum
2026-01-11 16:04:41.611679 INFO::Fitting model to feature number 80, Bifidobacterium longum
2026-01-11 16:04:41.617013 INFO::Fitting model to feature number 81, MGYG000329693
2026-01-11 16:04:41.622499 INFO::Fitting model to feature number 82, Paramuribaculum intestinale
2026-01-11 16:04:41.628456 INFO::Fitting model to feature number 83, Paramuribaculum sp001689565
2026-01-11 16:04:41.633867 INFO::Fitting model to feature number 84, Paramuribaculum sp910579675
2026-01-11 16:04:41.639576 INFO::Fitting model to feature number 85, MGYG000329858
2026-01-11 16:04:41.645497 INFO::Fitting model to feature number 86, Paramuribaculum sp910578805
2026-01-11 16:04:41.649807 INFO::Fitting model to feature number 87, MGYG000325717
2026-01-11 16:04:41.654525 INFO::Fitting model to feature number 88, Paramuribaculum sp910579185
2026-01-11 16:04:41.660406 INFO::Fitting model to feature number 89, MGYG000329300
2026-01-11 16:04:41.667436 INFO::Fitting model to feature number 90, Paramuribaculum sp009775605
2026-01-11 16:04:41.673939 INFO::Fitting model to feature number 91, Paramuribaculum sp910586475
2026-01-11 16:04:41.680438 INFO::Fitting model to feature number 92, MGYG000325727
2026-01-11 16:04:41.685686 INFO::Fitting model to feature number 93, Paramuribaculum sp910588065
2026-01-11 16:04:41.69218 INFO::Fitting model to feature number 94, Paramuribaculum sp910578305
2026-01-11 16:04:41.69806 INFO::Fitting model to feature number 95, Paramuribaculum sp910587185
2026-01-11 16:04:41.702208 INFO::Fitting model to feature number 96, Paramuribaculum sp910577465
2026-01-11 16:04:41.707082 INFO::Fitting model to feature number 97, Paramuribaculum sp910586895
2026-01-11 16:04:41.711258 INFO::Fitting model to feature number 98, Paramuribaculum sp910589095
2026-01-11 16:04:41.714819 INFO::Fitting model to feature number 99, Paramuribaculum sp014800945
2026-01-11 16:04:41.719282 INFO::Fitting model to feature number 100, MGYG000325457
2026-01-11 16:04:41.724864 INFO::Fitting model to feature number 101, Paramuribaculum sp014802045
2026-01-11 16:04:41.72925 INFO::Fitting model to feature number 102, MGYG000325750
2026-01-11 16:04:41.733231 INFO::Fitting model to feature number 103, MGYG000325361
2026-01-11 16:04:41.739215 INFO::Fitting model to feature number 104, Paramuribaculum sp014801865
2026-01-11 16:04:41.745511 INFO::Fitting model to feature number 105, Paramuribaculum sp014801655
2026-01-11 16:04:41.751909 INFO::Fitting model to feature number 106, MGYG000325540
2026-01-11 16:04:41.758217 INFO::Fitting model to feature number 107, Duncaniella sp910576785
2026-01-11 16:04:41.764051 INFO::Fitting model to feature number 108, Duncaniella dubosii
2026-01-11 16:04:41.769861 INFO::Fitting model to feature number 109, Duncaniella sp910589485
2026-01-11 16:04:41.774559 INFO::Fitting model to feature number 110, Duncaniella sp001689575
2026-01-11 16:04:41.778866 INFO::Fitting model to feature number 111, Duncaniella muris
2026-01-11 16:04:41.783126 INFO::Fitting model to feature number 112, Duncaniella sp910578445
2026-01-11 16:04:41.787052 INFO::Fitting model to feature number 113, Duncaniella freteri
2026-01-11 16:04:41.791523 INFO::Fitting model to feature number 114, Duncaniella sp910578515
2026-01-11 16:04:41.796127 INFO::Fitting model to feature number 115, Duncaniella sp910577255
2026-01-11 16:04:41.800438 INFO::Fitting model to feature number 116, Duncaniella sp910577345
2026-01-11 16:04:41.804388 INFO::Fitting model to feature number 117, Duncaniella sp910577335
2026-01-11 16:04:41.809216 INFO::Fitting model to feature number 118, MGYG000325799
2026-01-11 16:04:41.813471 INFO::Fitting model to feature number 119, Duncaniella sp014802345
2026-01-11 16:04:41.818236 INFO::Fitting model to feature number 120, Duncaniella sp910578615
2026-01-11 16:04:41.823507 INFO::Fitting model to feature number 121, MGYG000325465
2026-01-11 16:04:41.828784 INFO::Fitting model to feature number 122, Duncaniella sp910586305
2026-01-11 16:04:41.833541 INFO::Fitting model to feature number 123, Duncaniella sp001689495
2026-01-11 16:04:41.837559 INFO::Fitting model to feature number 124, MGYG000327170
2026-01-11 16:04:41.842084 INFO::Fitting model to feature number 125, Duncaniella sp910584825
2026-01-11 16:04:41.846508 INFO::Fitting model to feature number 126, Duncaniella sp910587165
2026-01-11 16:04:41.851603 INFO::Fitting model to feature number 127, MGYG000325518
2026-01-11 16:04:41.857168 INFO::Fitting model to feature number 128, Duncaniella sp002494015
2026-01-11 16:04:41.861824 INFO::Fitting model to feature number 129, Duncaniella sp910587515
2026-01-11 16:04:41.867577 INFO::Fitting model to feature number 130, Duncaniella sp910586665
2026-01-11 16:04:41.871876 INFO::Fitting model to feature number 131, Duncaniella sp014801945
2026-01-11 16:04:41.877023 INFO::Fitting model to feature number 132, Duncaniella sp910588795
2026-01-11 16:04:41.882308 INFO::Fitting model to feature number 133, Duncaniella sp001701225
2026-01-11 16:04:41.888029 INFO::Fitting model to feature number 134, Duncaniella sp014802325
2026-01-11 16:04:41.893194 INFO::Fitting model to feature number 135, Duncaniella sp014802015
2026-01-11 16:04:41.898099 INFO::Fitting model to feature number 136, MGYG000325456
2026-01-11 16:04:41.902199 INFO::Fitting model to feature number 137, MGYG000325723
2026-01-11 16:04:41.906478 INFO::Fitting model to feature number 138, MGYG000325575
2026-01-11 16:04:41.910591 INFO::Fitting model to feature number 139, MGYG000325671
2026-01-11 16:04:41.9145 INFO::Fitting model to feature number 140, CAG-873 sp009775135
2026-01-11 16:04:41.918393 INFO::Fitting model to feature number 141, CAG-873 sp002490635
2026-01-11 16:04:41.92268 INFO::Fitting model to feature number 142, MGYG000328238
2026-01-11 16:04:41.927499 INFO::Fitting model to feature number 143, CAG-873 sp009775265
2026-01-11 16:04:41.931444 INFO::Fitting model to feature number 144, CAG-873 sp011959565
2026-01-11 16:04:41.935321 INFO::Fitting model to feature number 145, CAG-873 sp910578365
2026-01-11 16:04:41.940922 INFO::Fitting model to feature number 146, CAG-873 sp910587235
2026-01-11 16:04:41.94572 INFO::Fitting model to feature number 147, CAG-873 sp009775225
2026-01-11 16:04:41.950021 INFO::Fitting model to feature number 148, CAG-873 sp009775535
2026-01-11 16:04:41.954344 INFO::Fitting model to feature number 149, CAG-873 sp910577315
2026-01-11 16:04:41.95857 INFO::Fitting model to feature number 150, CAG-873 sp910584905
2026-01-11 16:04:41.962596 INFO::Fitting model to feature number 151, CAG-873 sp910587545
2026-01-11 16:04:41.96619 INFO::Fitting model to feature number 152, CAG-873 sp910586455
2026-01-11 16:04:41.969667 INFO::Fitting model to feature number 153, MGYG000324412
2026-01-11 16:04:41.973655 INFO::Fitting model to feature number 154, CAG-873 sp910587915
2026-01-11 16:04:41.977751 INFO::Fitting model to feature number 155, CAG-873 sp001689665
2026-01-11 16:04:41.981269 INFO::Fitting model to feature number 156, CAG-873 sp017624155
2026-01-11 16:04:41.984772 INFO::Fitting model to feature number 157, MGYG000329414
2026-01-11 16:04:41.989029 INFO::Fitting model to feature number 158, CAG-873 sp910578095
2026-01-11 16:04:41.993599 INFO::Fitting model to feature number 159, CAG-873 sp910586975
2026-01-11 16:04:41.997828 INFO::Fitting model to feature number 160, CAG-873 sp001689415
2026-01-11 16:04:42.002275 INFO::Fitting model to feature number 161, MGYG000325453
2026-01-11 16:04:42.00652 INFO::Fitting model to feature number 162, CAG-873 sp910587475
2026-01-11 16:04:42.011747 INFO::Fitting model to feature number 163, CAG-873 sp900550395
2026-01-11 16:04:42.01805 INFO::Fitting model to feature number 164, MGYG000325639
2026-01-11 16:04:42.024501 INFO::Fitting model to feature number 165, CAG-873 sp910576935
2026-01-11 16:04:42.03126 INFO::Fitting model to feature number 166, MGYG000328998
2026-01-11 16:04:42.036501 INFO::Fitting model to feature number 167, CAG-873 sp910578035
2026-01-11 16:04:42.041241 INFO::Fitting model to feature number 168, MGYG000322997
2026-01-11 16:04:42.046699 INFO::Fitting model to feature number 169, MGYG000325431
2026-01-11 16:04:42.051564 INFO::Fitting model to feature number 170, CAG-873 sp905202215
2026-01-11 16:04:42.057002 INFO::Fitting model to feature number 171, CAG-873 sp009775195
2026-01-11 16:04:42.062519 INFO::Fitting model to feature number 172, CAG-873 sp910586995
2026-01-11 16:04:42.067555 INFO::Fitting model to feature number 173, CAG-873 sp910577355
2026-01-11 16:04:42.074007 INFO::Fitting model to feature number 174, MGYG000325570
2026-01-11 16:04:42.080238 INFO::Fitting model to feature number 175, MGYG000325620
2026-01-11 16:04:42.084437 INFO::Fitting model to feature number 176, CAG-873 sp001701165
2026-01-11 16:04:42.090695 INFO::Fitting model to feature number 177, MGYG000325469
2026-01-11 16:04:42.09722 INFO::Fitting model to feature number 178, CAG-873 sp003979155
2026-01-11 16:04:42.101674 INFO::Fitting model to feature number 179, MGYG000325729
2026-01-11 16:04:42.108707 INFO::Fitting model to feature number 180, CAG-873 sp910576775
2026-01-11 16:04:42.114242 INFO::Fitting model to feature number 181, MGYG000325342
2026-01-11 16:04:42.120097 INFO::Fitting model to feature number 182, MGYG000325463
2026-01-11 16:04:42.126455 INFO::Fitting model to feature number 183, CAG-873 sp910587355
2026-01-11 16:04:42.131438 INFO::Fitting model to feature number 184, CAG-873 sp910583525
2026-01-11 16:04:42.137096 INFO::Fitting model to feature number 185, MGYG000328958
2026-01-11 16:04:42.143896 INFO::Fitting model to feature number 186, MGYG000325379
2026-01-11 16:04:42.14842 INFO::Fitting model to feature number 187, CAG-873 sp910584495
2026-01-11 16:04:42.154078 INFO::Fitting model to feature number 188, CAG-873 sp910589055
2026-01-11 16:04:42.16134 INFO::Fitting model to feature number 189, CAG-873 sp910586595
2026-01-11 16:04:42.168711 INFO::Fitting model to feature number 190, MGYG000325473
2026-01-11 16:04:42.174832 INFO::Fitting model to feature number 191, CAG-873 sp910587925
2026-01-11 16:04:42.180484 INFO::Fitting model to feature number 192, CAG-873 sp900555715
2026-01-11 16:04:42.186421 INFO::Fitting model to feature number 193, CAG-873 sp002493945
2026-01-11 16:04:42.193038 INFO::Fitting model to feature number 194, CAG-873 sp002491245
2026-01-11 16:04:42.200017 INFO::Fitting model to feature number 195, MGYG000329571
2026-01-11 16:04:42.21028 INFO::Fitting model to feature number 196, MGYG000325537
2026-01-11 16:04:42.216466 INFO::Fitting model to feature number 197, CAG-485 sp009775365
2026-01-11 16:04:42.225814 INFO::Fitting model to feature number 198, CAG-485 sp002493045
2026-01-11 16:04:42.234921 INFO::Fitting model to feature number 199, CAG-485 sp009775355
2026-01-11 16:04:42.242651 INFO::Fitting model to feature number 200, CAG-485 sp002362485
2026-01-11 16:04:42.251581 INFO::Fitting model to feature number 201, CAG-485 sp002361215
2026-01-11 16:04:42.260866 INFO::Fitting model to feature number 202, CAG-485 sp002491945
2026-01-11 16:04:42.307396 INFO::Fitting model to feature number 203, CAG-485 sp002361155
2026-01-11 16:04:42.312829 INFO::Fitting model to feature number 204, MGYG000410771
2026-01-11 16:04:42.317899 INFO::Fitting model to feature number 205, MGYG000325582
2026-01-11 16:04:42.321973 INFO::Fitting model to feature number 206, CAG-485 sp002493515
2026-01-11 16:04:42.328345 INFO::Fitting model to feature number 207, CAG-485 sp003979075
2026-01-11 16:04:42.33269 INFO::Fitting model to feature number 208, CAG-485 sp001701295
2026-01-11 16:04:42.338371 INFO::Fitting model to feature number 209, MGYG000325475
2026-01-11 16:04:42.344698 INFO::Fitting model to feature number 210, MGYG000327930
2026-01-11 16:04:42.348776 INFO::Fitting model to feature number 211, CAG-485 sp910584055
2026-01-11 16:04:42.352658 INFO::Fitting model to feature number 212, MGYG000325569
2026-01-11 16:04:42.357194 INFO::Fitting model to feature number 213, CAG-485 sp910579845
2026-01-11 16:04:42.363231 INFO::Fitting model to feature number 214, CAG-485 sp910584125
2026-01-11 16:04:42.368668 INFO::Fitting model to feature number 215, CAG-485 sp910578385
2026-01-11 16:04:42.372641 INFO::Fitting model to feature number 216, MGYG000325346
2026-01-11 16:04:42.378805 INFO::Fitting model to feature number 217, MGYG000324474
2026-01-11 16:04:42.384361 INFO::Fitting model to feature number 218, CAG-485 sp910586175
2026-01-11 16:04:42.389896 INFO::Fitting model to feature number 219, MGYG000329437
2026-01-11 16:04:42.395777 INFO::Fitting model to feature number 220, MGYG000325442
2026-01-11 16:04:42.4011 INFO::Fitting model to feature number 221, CAG-485 sp910577585
2026-01-11 16:04:42.404974 INFO::Fitting model to feature number 222, CAG-485 sp009775375
2026-01-11 16:04:42.41101 INFO::Fitting model to feature number 223, MGYG000347897
2026-01-11 16:04:42.41532 INFO::Fitting model to feature number 224, CAG-485 sp910578075
2026-01-11 16:04:42.420454 INFO::Fitting model to feature number 225, CAG-485 sp900554845
2026-01-11 16:04:42.426927 INFO::Fitting model to feature number 226, CAG-485 sp910583775
2026-01-11 16:04:42.432133 INFO::Fitting model to feature number 227, MGYG000325760
2026-01-11 16:04:42.437942 INFO::Fitting model to feature number 228, MGYG000325660
2026-01-11 16:04:42.443406 INFO::Fitting model to feature number 229, CAG-485 sp910584545
2026-01-11 16:04:42.447932 INFO::Fitting model to feature number 230, MGYG000325658
2026-01-11 16:04:42.453083 INFO::Fitting model to feature number 231, CAG-485 sp910584525
2026-01-11 16:04:42.457983 INFO::Fitting model to feature number 232, CAG-485 sp910583795
2026-01-11 16:04:42.462662 INFO::Fitting model to feature number 233, CAG-485 sp910585275
2026-01-11 16:04:42.466624 INFO::Fitting model to feature number 234, MGYG000325481
2026-01-11 16:04:42.471312 INFO::Fitting model to feature number 235, CAG-485 sp910589425
2026-01-11 16:04:42.476553 INFO::Fitting model to feature number 236, CAG-485 sp910588245
2026-01-11 16:04:42.481492 INFO::Fitting model to feature number 237, CAG-485 sp014801815
2026-01-11 16:04:42.486508 INFO::Fitting model to feature number 238, MGYG000329106
2026-01-11 16:04:42.492515 INFO::Fitting model to feature number 239, MGYG000325458
2026-01-11 16:04:42.496962 INFO::Fitting model to feature number 240, MGYG000325710
2026-01-11 16:04:42.501066 INFO::Fitting model to feature number 241, MGYG000325738
2026-01-11 16:04:42.504987 INFO::Fitting model to feature number 242, MGYG000325560
2026-01-11 16:04:42.510568 INFO::Fitting model to feature number 243, CAG-485 sp910579305
2026-01-11 16:04:42.515822 INFO::Fitting model to feature number 244, MGYG000325644
2026-01-11 16:04:42.521091 INFO::Fitting model to feature number 245, CAG-485 sp900760815
2026-01-11 16:04:42.526632 INFO::Fitting model to feature number 246, MGYG000325315
2026-01-11 16:04:42.531905 INFO::Fitting model to feature number 247, MGYG000325633
2026-01-11 16:04:42.536729 INFO::Fitting model to feature number 248, MGYG000325436
2026-01-11 16:04:42.541956 INFO::Fitting model to feature number 249, MGYG000325715
2026-01-11 16:04:42.547502 INFO::Fitting model to feature number 250, MGYG000325350
2026-01-11 16:04:42.55183 INFO::Fitting model to feature number 251, MGYG000325747
2026-01-11 16:04:42.555848 INFO::Fitting model to feature number 252, MGYG000325437
2026-01-11 16:04:42.560745 INFO::Fitting model to feature number 253, CAG-485 sp014800895
2026-01-11 16:04:42.565178 INFO::Fitting model to feature number 254, MGYG000325541
2026-01-11 16:04:42.570158 INFO::Fitting model to feature number 255, MGYG000325479
2026-01-11 16:04:42.575543 INFO::Fitting model to feature number 256, CAG-485 sp910585285
2026-01-11 16:04:42.581016 INFO::Fitting model to feature number 257, CAG-485 sp910584185
2026-01-11 16:04:42.58677 INFO::Fitting model to feature number 258, MGYG000325680
2026-01-11 16:04:42.592324 INFO::Fitting model to feature number 259, MGYG000325622
2026-01-11 16:04:42.598075 INFO::Fitting model to feature number 260, MGYG000325425
2026-01-11 16:04:42.603278 INFO::Fitting model to feature number 261, MGYG000325415
2026-01-11 16:04:42.609375 INFO::Fitting model to feature number 262, CAG-485 sp900550645
2026-01-11 16:04:42.615445 INFO::Fitting model to feature number 263, MGYG000325597
2026-01-11 16:04:42.62143 INFO::Fitting model to feature number 264, MGYG000325446
2026-01-11 16:04:42.627672 INFO::Fitting model to feature number 265, MGYG000325721
2026-01-11 16:04:42.631553 INFO::Fitting model to feature number 266, Muribaculum gordoncarteri
2026-01-11 16:04:42.635682 INFO::Fitting model to feature number 267, Muribaculum sp009775095
2026-01-11 16:04:42.641411 INFO::Fitting model to feature number 268, Muribaculum sp002473395
2026-01-11 16:04:42.648633 INFO::Fitting model to feature number 269, Muribaculum faecis
2026-01-11 16:04:42.654199 INFO::Fitting model to feature number 270, MGYG000325310
2026-01-11 16:04:42.659657 INFO::Fitting model to feature number 271, Muribaculum sp910587665
2026-01-11 16:04:42.665401 INFO::Fitting model to feature number 272, Muribaculum sp001701195
2026-01-11 16:04:42.671603 INFO::Fitting model to feature number 273, Muribaculum sp910578785
2026-01-11 16:04:42.678056 INFO::Fitting model to feature number 274, Muribaculum sp910589555
2026-01-11 16:04:42.682027 INFO::Fitting model to feature number 275, Muribaculum arabinoxylanisolvens
2026-01-11 16:04:42.688005 INFO::Fitting model to feature number 276, Muribaculum sp003150235
2026-01-11 16:04:42.694739 INFO::Fitting model to feature number 277, MGYG000328540
2026-01-11 16:04:42.69962 INFO::Fitting model to feature number 278, Muribaculum sp910583865
2026-01-11 16:04:42.703665 INFO::Fitting model to feature number 279, Muribaculum sp910578835
2026-01-11 16:04:42.708158 INFO::Fitting model to feature number 280, Muribaculum sp001701065
2026-01-11 16:04:42.712421 INFO::Fitting model to feature number 281, MGYG000328957
2026-01-11 16:04:42.716705 INFO::Fitting model to feature number 282, UBA7173 sp001689485
2026-01-11 16:04:42.720573 INFO::Fitting model to feature number 283, UBA7173 sp001689685
2026-01-11 16:04:42.726742 INFO::Fitting model to feature number 284, UBA7173 sp002491305
2026-01-11 16:04:42.731878 INFO::Fitting model to feature number 285, UBA7173 sp013316675
2026-01-11 16:04:42.736772 INFO::Fitting model to feature number 286, MGYG000329847
2026-01-11 16:04:42.742307 INFO::Fitting model to feature number 287, UBA7173 sp013316535
2026-01-11 16:04:42.747301 INFO::Fitting model to feature number 288, UBA7173 sp910584365
2026-01-11 16:04:42.751294 INFO::Fitting model to feature number 289, UBA7173 sp910583675
2026-01-11 16:04:42.75552 INFO::Fitting model to feature number 290, MGYG000325674
2026-01-11 16:04:42.760054 INFO::Fitting model to feature number 291, UBA7173 sp910584735
2026-01-11 16:04:42.76441 INFO::Fitting model to feature number 292, UBA7173 sp900548705
2026-01-11 16:04:42.768212 INFO::Fitting model to feature number 293, UBA7173 sp910585755
2026-01-11 16:04:42.772043 INFO::Fitting model to feature number 294, UBA7173 sp910579105
2026-01-11 16:04:42.777884 INFO::Fitting model to feature number 295, UBA7173 sp910586565
2026-01-11 16:04:42.783802 INFO::Fitting model to feature number 296, UBA7173 sp900555165
2026-01-11 16:04:42.788635 INFO::Fitting model to feature number 297, UBA7173 sp910587075
2026-01-11 16:04:42.794125 INFO::Fitting model to feature number 298, MGYG000410332
2026-01-11 16:04:42.798337 INFO::Fitting model to feature number 299, MGYG000325632
2026-01-11 16:04:42.803506 INFO::Fitting model to feature number 300, MGYG000325803
2026-01-11 16:04:42.808937 INFO::Fitting model to feature number 301, JAFLTL01 sp910578395
2026-01-11 16:04:42.814287 INFO::Fitting model to feature number 302, MGYG000325590
2026-01-11 16:04:42.819506 INFO::Fitting model to feature number 303, UBA3263 sp001689615
2026-01-11 16:04:42.824997 INFO::Fitting model to feature number 304, MGYG000325470
2026-01-11 16:04:42.830252 INFO::Fitting model to feature number 305, UBA3263 sp002490725
2026-01-11 16:04:42.835113 INFO::Fitting model to feature number 306, MGYG000331010
2026-01-11 16:04:42.840028 INFO::Fitting model to feature number 307, UBA3263 sp014801955
2026-01-11 16:04:42.844664 INFO::Fitting model to feature number 308, MGYG000325619
2026-01-11 16:04:42.848559 INFO::Fitting model to feature number 309, MGYG000325600
2026-01-11 16:04:42.852902 INFO::Fitting model to feature number 310, MGYG000325598
2026-01-11 16:04:42.859071 INFO::Fitting model to feature number 311, JAGBWK01 sp001915385
2026-01-11 16:04:42.863773 INFO::Fitting model to feature number 312, JAGBWK01 sp004102805
2026-01-11 16:04:42.868256 INFO::Fitting model to feature number 313, MGYG000325382
2026-01-11 16:04:42.873081 INFO::Fitting model to feature number 314, MGYG000327564
2026-01-11 16:04:42.877743 INFO::Fitting model to feature number 315, MGYG000328504
2026-01-11 16:04:42.881652 INFO::Fitting model to feature number 316, JAAVFS01 sp910584665
2026-01-11 16:04:42.885855 INFO::Fitting model to feature number 317, MGYG000325322
2026-01-11 16:04:42.889775 INFO::Fitting model to feature number 318, MGYG000325435
2026-01-11 16:04:42.894092 INFO::Fitting model to feature number 319, CAJUPY01 sp910588035
2026-01-11 16:04:42.897786 INFO::Fitting model to feature number 320, MGYG000325343
2026-01-11 16:04:42.90146 INFO::Fitting model to feature number 321, CAJUPY01 sp014802535
2026-01-11 16:04:42.905132 INFO::Fitting model to feature number 322, MGYG000325663
2026-01-11 16:04:42.909762 INFO::Fitting model to feature number 323, M3 sp001689445
2026-01-11 16:04:42.91361 INFO::Fitting model to feature number 324, MGYG000328741
2026-01-11 16:04:42.917548 INFO::Fitting model to feature number 325, CAG-1031 sp000431215
2026-01-11 16:04:42.921332 INFO::Fitting model to feature number 326, Amulumruptor sp001689515
2026-01-11 16:04:42.925809 INFO::Fitting model to feature number 327, Amulumruptor sp900539915
2026-01-11 16:04:42.930007 INFO::Fitting model to feature number 328, Sodaliphilus sp004557565
2026-01-11 16:04:42.933814 INFO::Fitting model to feature number 329, Limisoma sp000437795
2026-01-11 16:04:42.937519 INFO::Fitting model to feature number 330, Bacteroides sp002491635
2026-01-11 16:04:42.941962 INFO::Fitting model to feature number 331, Bacteroides sp910578895
2026-01-11 16:04:42.946622 INFO::Fitting model to feature number 332, Bacteroides acidifaciens
2026-01-11 16:04:42.950424 INFO::Fitting model to feature number 333, Bacteroides caecimuris
2026-01-11 16:04:42.953701 INFO::Fitting model to feature number 334, Bacteroides sp910586915
2026-01-11 16:04:42.957403 INFO::Fitting model to feature number 335, Bacteroides uniformis
2026-01-11 16:04:42.961567 INFO::Fitting model to feature number 336, Bacteroides sp910585845
2026-01-11 16:04:42.964866 INFO::Fitting model to feature number 337, Bacteroides sp900765785
2026-01-11 16:04:42.968228 INFO::Fitting model to feature number 338, Bacteroides stercoris
2026-01-11 16:04:42.971491 INFO::Fitting model to feature number 339, MGYG000325585
2026-01-11 16:04:42.975504 INFO::Fitting model to feature number 340, Bacteroides nordii
2026-01-11 16:04:42.979285 INFO::Fitting model to feature number 341, Bacteroides congonensis
2026-01-11 16:04:42.982646 INFO::Fitting model to feature number 342, Bacteroides xylanisolvens
2026-01-11 16:04:42.985951 INFO::Fitting model to feature number 343, Bacteroides intestinalis
2026-01-11 16:04:42.989281 INFO::Fitting model to feature number 344, Bacteroides cellulosilyticus
2026-01-11 16:04:42.993563 INFO::Fitting model to feature number 345, Prevotella sp002933775
2026-01-11 16:04:42.997476 INFO::Fitting model to feature number 346, Prevotella muris
2026-01-11 16:04:43.000936 INFO::Fitting model to feature number 347, MGYG000325010
2026-01-11 16:04:43.004226 INFO::Fitting model to feature number 348, MGYG000325676
2026-01-11 16:04:43.008047 INFO::Fitting model to feature number 349, Prevotella sp013166515
2026-01-11 16:04:43.011845 INFO::Fitting model to feature number 350, Prevotella rodentium
2026-01-11 16:04:43.015241 INFO::Fitting model to feature number 351, Prevotella sp900545525
2026-01-11 16:04:43.018872 INFO::Fitting model to feature number 352, MGYG000325400
2026-01-11 16:04:43.022192 INFO::Fitting model to feature number 353, Prevotella intestinalis
2026-01-11 16:04:43.026391 INFO::Fitting model to feature number 354, Phocaeicola vulgatus
2026-01-11 16:04:43.030303 INFO::Fitting model to feature number 355, Phocaeicola sartorii
2026-01-11 16:04:43.033666 INFO::Fitting model to feature number 356, Phocaeicola sp011959205
2026-01-11 16:04:43.036923 INFO::Fitting model to feature number 357, Phocaeicola faecalis
2026-01-11 16:04:43.040767 INFO::Fitting model to feature number 358, Phocaeicola plebeius_A
2026-01-11 16:04:43.044532 INFO::Fitting model to feature number 359, Phocaeicola massiliensis
2026-01-11 16:04:43.048194 INFO::Fitting model to feature number 360, UBA4372 sp023665805
2026-01-11 16:04:43.053377 INFO::Fitting model to feature number 361, MGYG000325572
2026-01-11 16:04:43.057562 INFO::Fitting model to feature number 362, Alloprevotella sp009775705
2026-01-11 16:04:43.061953 INFO::Fitting model to feature number 363, Alloprevotella sp002933955
2026-01-11 16:04:43.06689 INFO::Fitting model to feature number 364, Paraprevotella sp900548345
2026-01-11 16:04:43.071678 INFO::Fitting model to feature number 365, Paraprevotella sp910586505
2026-01-11 16:04:43.07712 INFO::Fitting model to feature number 366, Alistipes sp002428825
2026-01-11 16:04:43.081263 INFO::Fitting model to feature number 367, Alistipes sp910587675
2026-01-11 16:04:43.085261 INFO::Fitting model to feature number 368, Alistipes timonensis
2026-01-11 16:04:43.089392 INFO::Fitting model to feature number 369, Alistipes sp910576555
2026-01-11 16:04:43.094407 INFO::Fitting model to feature number 370, Alistipes sp009774895
2026-01-11 16:04:43.099522 INFO::Fitting model to feature number 371, Alistipes sp002362235
2026-01-11 16:04:43.105098 INFO::Fitting model to feature number 372, Alistipes sp900552955
2026-01-11 16:04:43.10786 WARNING::Fitting problem for feature 372 returning NA
2026-01-11 16:04:43.109708 INFO::Fitting model to feature number 373, Alistipes sp910575495
2026-01-11 16:04:43.11617 INFO::Fitting model to feature number 374, Alistipes sp910577475
2026-01-11 16:04:43.121743 INFO::Fitting model to feature number 375, Alistipes sp002358415
2026-01-11 16:04:43.127732 INFO::Fitting model to feature number 376, Avirikenella sp910588925
2026-01-11 16:04:43.133276 INFO::Fitting model to feature number 377, MGYG000325667
2026-01-11 16:04:43.138628 INFO::Fitting model to feature number 378, Rikenella sp910577885
2026-01-11 16:04:43.143568 INFO::Fitting model to feature number 379, Parabacteroides distasonis
2026-01-11 16:04:43.14778 INFO::Fitting model to feature number 380, Parabacteroides goldsteinii
2026-01-11 16:04:43.153069 INFO::Fitting model to feature number 381, Parabacteroides sp900760525
2026-01-11 16:04:43.159615 INFO::Fitting model to feature number 382, Parabacteroides merdae
2026-01-11 16:04:43.166484 INFO::Fitting model to feature number 383, Odoribacter sp021771575
2026-01-11 16:04:43.172873 INFO::Fitting model to feature number 384, Odoribacter sp910578105
2026-01-11 16:04:43.180413 INFO::Fitting model to feature number 385, Odoribacter sp910589025
2026-01-11 16:04:43.18653 INFO::Fitting model to feature number 386, Butyricimonas virosa
2026-01-11 16:04:43.192891 INFO::Fitting model to feature number 387, Pullibacteroides sp910586395
2026-01-11 16:04:43.198968 INFO::Fitting model to feature number 388, Cryptobacteroides sp009774765
2026-01-11 16:04:43.204551 INFO::Fitting model to feature number 389, Cryptobacteroides sp910585445
2026-01-11 16:04:43.209791 INFO::Fitting model to feature number 390, Imtechella halotolerans
2026-01-11 16:04:43.215174 INFO::Fitting model to feature number 391, Faecalibaculum sp910588395
2026-01-11 16:04:43.220449 INFO::Fitting model to feature number 392, C-19 sp910576855
2026-01-11 16:04:43.225617 INFO::Fitting model to feature number 393, MGYG000329824
2026-01-11 16:04:43.228139 WARNING::Fitting problem for feature 393 returning NA
2026-01-11 16:04:43.23003 INFO::Fitting model to feature number 394, Ileibacterium valens
2026-01-11 16:04:43.234121 INFO::Fitting model to feature number 395, Dubosiella sp004793885
2026-01-11 16:04:43.239356 INFO::Fitting model to feature number 396, CAJTFG01 sp910575705
2026-01-11 16:04:43.244297 INFO::Fitting model to feature number 397, Thomasclavelia cocleata
2026-01-11 16:04:43.248081 INFO::Fitting model to feature number 398, Thomasclavelia ramosa
2026-01-11 16:04:43.251784 INFO::Fitting model to feature number 399, MGBC113645 sp910579135
2026-01-11 16:04:43.25543 INFO::Fitting model to feature number 400, Fimiplasma sp910588165
2026-01-11 16:04:43.259819 INFO::Fitting model to feature number 401, Lactobacillus intestinalis
2026-01-11 16:04:43.263968 INFO::Fitting model to feature number 402, Lactobacillus sp910589675
2026-01-11 16:04:43.267704 INFO::Fitting model to feature number 403, MGYG000329195
2026-01-11 16:04:43.271423 INFO::Fitting model to feature number 404, Lactobacillus taiwanensis
2026-01-11 16:04:43.275948 INFO::Fitting model to feature number 405, Lactobacillus amylovorus
2026-01-11 16:04:43.280035 INFO::Fitting model to feature number 406, MGYG000325525
2026-01-11 16:04:43.283817 INFO::Fitting model to feature number 407, MGYG000326943
2026-01-11 16:04:43.287462 INFO::Fitting model to feature number 408, Lactobacillus hominis
2026-01-11 16:04:43.291831 INFO::Fitting model to feature number 409, Lactobacillus acidophilus
2026-01-11 16:04:43.296023 INFO::Fitting model to feature number 410, MGYG000326944
2026-01-11 16:04:43.299904 INFO::Fitting model to feature number 411, Lactobacillus delbrueckii
2026-01-11 16:04:43.303766 INFO::Fitting model to feature number 412, Limosilactobacillus reuteri
2026-01-11 16:04:43.307931 INFO::Fitting model to feature number 413, Limosilactobacillus sp009663775
2026-01-11 16:04:43.312103 INFO::Fitting model to feature number 414, Limosilactobacillus fermentum
2026-01-11 16:04:43.316023 INFO::Fitting model to feature number 415, Limosilactobacillus equigenerosi
2026-01-11 16:04:43.320161 INFO::Fitting model to feature number 416, Limosilactobacillus portuensis
2026-01-11 16:04:43.325517 INFO::Fitting model to feature number 417, Ligilactobacillus murinus
2026-01-11 16:04:43.330277 INFO::Fitting model to feature number 418, Ligilactobacillus animalis
2026-01-11 16:04:43.336349 INFO::Fitting model to feature number 419, Ligilactobacillus sp910587695
2026-01-11 16:04:43.342424 INFO::Fitting model to feature number 420, Ligilactobacillus agilis
2026-01-11 16:04:43.346817 INFO::Fitting model to feature number 421, Pediococcus pentosaceus
2026-01-11 16:04:43.352061 INFO::Fitting model to feature number 422, Enterococcus faecalis
2026-01-11 16:04:43.358362 INFO::Fitting model to feature number 423, Turicibacter sp002311155
2026-01-11 16:04:43.364466 INFO::Fitting model to feature number 424, MGYG000380869
2026-01-11 16:04:43.368856 INFO::Fitting model to feature number 425, CAG-582 sp910577075
2026-01-11 16:04:43.372918 INFO::Fitting model to feature number 426, UBA5026 sp910576795
2026-01-11 16:04:43.377858 INFO::Fitting model to feature number 427, UBA5026 sp910586425
2026-01-11 16:04:43.38215 INFO::Fitting model to feature number 428, MGYG000330354
2026-01-11 16:04:43.386351 INFO::Fitting model to feature number 429, MGYG000338472
2026-01-11 16:04:43.391114 INFO::Fitting model to feature number 430, MGYG000329046
2026-01-11 16:04:43.395807 INFO::Fitting model to feature number 431, MGYG000331189
2026-01-11 16:04:43.400275 INFO::Fitting model to feature number 432, Mammaliicoccus lentus
2026-01-11 16:04:43.404495 INFO::Fitting model to feature number 433, Staphylococcus xylosus
2026-01-11 16:04:43.409555 INFO::Fitting model to feature number 434, MGYG000410805
2026-01-11 16:04:43.414035 INFO::Fitting model to feature number 435, Desulfovibrio sp910575755
2026-01-11 16:04:43.418415 INFO::Fitting model to feature number 436, Desulfovibrio sp910587035
2026-01-11 16:04:43.423857 INFO::Fitting model to feature number 437, Desulfovibrio sp910584445
2026-01-11 16:04:43.42836 INFO::Fitting model to feature number 438, MGYG000325668
2026-01-11 16:04:43.432197 INFO::Fitting model to feature number 439, Desulfovibrio sp900556755
2026-01-11 16:04:43.436471 INFO::Fitting model to feature number 440, Desulfovibrio sp905215675
2026-01-11 16:04:43.441248 INFO::Fitting model to feature number 441, MGYG000325515
2026-01-11 16:04:43.445971 INFO::Fitting model to feature number 442, Bilophila sp910585945
2026-01-11 16:04:43.450462 INFO::Fitting model to feature number 443, Bilophila faecipullorum
2026-01-11 16:04:43.454864 INFO::Fitting model to feature number 444, Bilophila sp902373525
2026-01-11 16:04:43.46113 INFO::Fitting model to feature number 445, Mailhella sp910579055
2026-01-11 16:04:43.465817 INFO::Fitting model to feature number 446, Mailhella excrementigallinarum
2026-01-11 16:04:43.470842 INFO::Fitting model to feature number 447, MGYG000399267
2026-01-11 16:04:43.476874 INFO::Fitting model to feature number 448, MGYG000410288
2026-01-11 16:04:43.482662 INFO::Fitting model to feature number 449, Schaedlerella sp910589385
2026-01-11 16:04:43.488465 INFO::Fitting model to feature number 450, Schaedlerella arabinosiphila
2026-01-11 16:04:43.495404 INFO::Fitting model to feature number 451, Schaedlerella sp009911175
2026-01-11 16:04:43.501381 INFO::Fitting model to feature number 452, MGYG000410694
2026-01-11 16:04:43.50721 INFO::Fitting model to feature number 453, Schaedlerella sp000403295
2026-01-11 16:04:43.51327 INFO::Fitting model to feature number 454, Schaedlerella sp910574865
2026-01-11 16:04:43.518538 INFO::Fitting model to feature number 455, Schaedlerella sp910574195
2026-01-11 16:04:43.52317 INFO::Fitting model to feature number 456, Schaedlerella sp943193195
2026-01-11 16:04:43.529312 INFO::Fitting model to feature number 457, Schaedlerella sp009774255
2026-01-11 16:04:43.534552 INFO::Fitting model to feature number 458, MGYG000328305
2026-01-11 16:04:43.541405 INFO::Fitting model to feature number 459, MD308 sp910575105
2026-01-11 16:04:43.547556 INFO::Fitting model to feature number 460, MD308 sp010206225
2026-01-11 16:04:43.553323 INFO::Fitting model to feature number 461, MGYG000323047
2026-01-11 16:04:43.559521 INFO::Fitting model to feature number 462, MD308 sp000403475
2026-01-11 16:04:43.56478 INFO::Fitting model to feature number 463, MGYG000326632
2026-01-11 16:04:43.569306 INFO::Fitting model to feature number 464, MD308 sp910578455
2026-01-11 16:04:43.574119 INFO::Fitting model to feature number 465, MD308 sp910586965
2026-01-11 16:04:43.580474 INFO::Fitting model to feature number 466, MD308 sp910584615
2026-01-11 16:04:43.588257 INFO::Fitting model to feature number 467, MGYG000410877
2026-01-11 16:04:43.595289 INFO::Fitting model to feature number 468, MGYG000324148
2026-01-11 16:04:43.602151 INFO::Fitting model to feature number 469, Sporofaciens sp910574715
2026-01-11 16:04:43.607078 INFO::Fitting model to feature number 470, Sporofaciens sp910579015
2026-01-11 16:04:43.613251 INFO::Fitting model to feature number 471, MGYG000353267
2026-01-11 16:04:43.619931 INFO::Fitting model to feature number 472, Sporofaciens sp910575835
2026-01-11 16:04:43.626105 INFO::Fitting model to feature number 473, Sporofaciens musculi
2026-01-11 16:04:43.633526 INFO::Fitting model to feature number 474, Sporofaciens sp009774295
2026-01-11 16:04:43.640788 INFO::Fitting model to feature number 475, Sporofaciens sp910574885
2026-01-11 16:04:43.648456 INFO::Fitting model to feature number 476, Sporofaciens sp000403455
2026-01-11 16:04:43.654443 INFO::Fitting model to feature number 477, Sporofaciens sp910577685
2026-01-11 16:04:43.662134 INFO::Fitting model to feature number 478, Sporofaciens sp910587575
2026-01-11 16:04:43.67 INFO::Fitting model to feature number 479, Sporofaciens sp910585725
2026-01-11 16:04:43.677614 INFO::Fitting model to feature number 480, Sporofaciens sp910579925
2026-01-11 16:04:43.683839 INFO::Fitting model to feature number 481, MGYG000402809
2026-01-11 16:04:43.688453 INFO::Fitting model to feature number 482, UBA11957 sp910588295
2026-01-11 16:04:43.695267 INFO::Fitting model to feature number 483, MGYG000410400
2026-01-11 16:04:43.699915 INFO::Fitting model to feature number 484, Choladocola sp009774135
2026-01-11 16:04:43.704715 INFO::Fitting model to feature number 485, Choladocola sp910583615
2026-01-11 16:04:43.711017 INFO::Fitting model to feature number 486, Choladocola sp910585995
2026-01-11 16:04:43.717952 INFO::Fitting model to feature number 487, Choladocola sp009774145
2026-01-11 16:04:43.722642 INFO::Fitting model to feature number 488, Choladocola sp910584945
2026-01-11 16:04:43.728404 INFO::Fitting model to feature number 489, Choladocola sp910579225
2026-01-11 16:04:43.733057 INFO::Fitting model to feature number 490, Choladocola sp910584205
2026-01-11 16:04:43.737875 INFO::Fitting model to feature number 491, Choladocola sp910574965
2026-01-11 16:04:43.743725 INFO::Fitting model to feature number 492, Choladocola sp910575445
2026-01-11 16:04:43.748893 INFO::Fitting model to feature number 493, Choladocola sp910583895
2026-01-11 16:04:43.753572 INFO::Fitting model to feature number 494, Choladocola sp009774155
2026-01-11 16:04:43.759098 INFO::Fitting model to feature number 495, Choladocola sp910587495
2026-01-11 16:04:43.764337 INFO::Fitting model to feature number 496, Choladocola sp910585465
2026-01-11 16:04:43.771197 INFO::Fitting model to feature number 497, Choladocola sp910587765
2026-01-11 16:04:43.777754 INFO::Fitting model to feature number 498, MGYG000392954
2026-01-11 16:04:43.783945 INFO::Fitting model to feature number 499, Lachnoclostridium_B sp910584095
2026-01-11 16:04:43.789898 INFO::Fitting model to feature number 500, Lachnoclostridium_B sp910574185
2026-01-11 16:04:43.796375 INFO::Fitting model to feature number 501, MGYG000331109
2026-01-11 16:04:43.801398 INFO::Fitting model to feature number 502, Lachnoclostridium_B sp910584265
2026-01-11 16:04:43.806099 INFO::Fitting model to feature number 503, Lachnoclostridium_B sp910588745
2026-01-11 16:04:43.812096 INFO::Fitting model to feature number 504, Lachnoclostridium_B sp910589275
2026-01-11 16:04:43.817034 INFO::Fitting model to feature number 505, MGYG000328855
2026-01-11 16:04:43.822004 INFO::Fitting model to feature number 506, MGBC164599 sp910588825
2026-01-11 16:04:43.828027 INFO::Fitting model to feature number 507, MGBC164599 sp910575625
2026-01-11 16:04:43.832734 INFO::Fitting model to feature number 508, MGBC164599 sp910587105
2026-01-11 16:04:43.837362 INFO::Fitting model to feature number 509, MGBC164599 sp910588775
2026-01-11 16:04:43.842736 INFO::Fitting model to feature number 510, MGYG000330030
2026-01-11 16:04:43.847711 INFO::Fitting model to feature number 511, MGYG000330180
2026-01-11 16:04:43.852468 INFO::Fitting model to feature number 512, 14-2 sp910588845
2026-01-11 16:04:43.857995 INFO::Fitting model to feature number 513, 14-2 sp910577785
2026-01-11 16:04:43.863417 INFO::Fitting model to feature number 514, 14-2 sp910576385
2026-01-11 16:04:43.868048 INFO::Fitting model to feature number 515, 14-2 sp910575155
2026-01-11 16:04:43.872667 INFO::Fitting model to feature number 516, 14-2 sp910575035
2026-01-11 16:04:43.879905 INFO::Fitting model to feature number 517, 14-2 sp011960065
2026-01-11 16:04:43.887352 INFO::Fitting model to feature number 518, MGYG000409996
2026-01-11 16:04:43.895239 INFO::Fitting model to feature number 519, 14-2 sp910588285
2026-01-11 16:04:43.902321 INFO::Fitting model to feature number 520, 14-2 sp910575005
2026-01-11 16:04:43.908335 INFO::Fitting model to feature number 521, 14-2 sp910584585
2026-01-11 16:04:43.915429 INFO::Fitting model to feature number 522, 14-2 sp000403255
2026-01-11 16:04:43.922429 INFO::Fitting model to feature number 523, MGYG000411355
2026-01-11 16:04:43.929953 INFO::Fitting model to feature number 524, 14-2 sp910583835
2026-01-11 16:04:43.93607 INFO::Fitting model to feature number 525, 14-2 sp910575075
2026-01-11 16:04:43.943728 INFO::Fitting model to feature number 526, 14-2 sp000403315
2026-01-11 16:04:43.950649 INFO::Fitting model to feature number 527, 14-2 sp009774455
2026-01-11 16:04:43.956843 INFO::Fitting model to feature number 528, 14-2 sp910589635
2026-01-11 16:04:43.96376 INFO::Fitting model to feature number 529, 14-2 sp910576975
2026-01-11 16:04:43.971422 INFO::Fitting model to feature number 530, MGYG000411595
2026-01-11 16:04:43.978785 INFO::Fitting model to feature number 531, MGYG000328404
2026-01-11 16:04:43.985732 INFO::Fitting model to feature number 532, 14-2 sp910578825
2026-01-11 16:04:43.992803 INFO::Fitting model to feature number 533, MGYG000410992
2026-01-11 16:04:43.998834 INFO::Fitting model to feature number 534, MGYG000324849
2026-01-11 16:04:44.003647 INFO::Fitting model to feature number 535, 14-2 sp000403845
2026-01-11 16:04:44.009111 INFO::Fitting model to feature number 536, Eubacterium_F sp910574015
2026-01-11 16:04:44.014273 INFO::Fitting model to feature number 537, MGYG000330978
2026-01-11 16:04:44.019311 INFO::Fitting model to feature number 538, Eubacterium_F sp910575665
2026-01-11 16:04:44.024715 INFO::Fitting model to feature number 539, Eubacterium_F sp910585745
2026-01-11 16:04:44.030827 INFO::Fitting model to feature number 540, MGYG000329322
2026-01-11 16:04:44.035637 INFO::Fitting model to feature number 541, Eubacterium_F sp910579145
2026-01-11 16:04:44.040551 INFO::Fitting model to feature number 542, Caccovicinus sp910585635
2026-01-11 16:04:44.046144 INFO::Fitting model to feature number 543, Caccovicinus sp009774615
2026-01-11 16:04:44.051189 INFO::Fitting model to feature number 544, Caccovicinus sp910584785
2026-01-11 16:04:44.056212 INFO::Fitting model to feature number 545, MGYG000411451
2026-01-11 16:04:44.062246 INFO::Fitting model to feature number 546, Caccovicinus sp910575565
2026-01-11 16:04:44.067853 INFO::Fitting model to feature number 547, MGYG000322995
2026-01-11 16:04:44.074188 INFO::Fitting model to feature number 548, Caccovicinus sp910588895
2026-01-11 16:04:44.080889 INFO::Fitting model to feature number 549, Acetatifactor sp910576125
2026-01-11 16:04:44.085743 INFO::Fitting model to feature number 550, Acetatifactor sp910589035
2026-01-11 16:04:44.090668 INFO::Fitting model to feature number 551, Acetatifactor sp910579755
2026-01-11 16:04:44.09668 INFO::Fitting model to feature number 552, Acetatifactor sp910584865
2026-01-11 16:04:44.102047 INFO::Fitting model to feature number 553, Acetatifactor sp910585805
2026-01-11 16:04:44.136141 INFO::Fitting model to feature number 554, Acetatifactor sp910585425
2026-01-11 16:04:44.141674 INFO::Fitting model to feature number 555, Acetatifactor sp910585615
2026-01-11 16:04:44.146835 INFO::Fitting model to feature number 556, Acetatifactor sp910586775
2026-01-11 16:04:44.151746 INFO::Fitting model to feature number 557, Acetatifactor sp910589655
2026-01-11 16:04:44.156591 INFO::Fitting model to feature number 558, Acetatifactor sp910586835
2026-01-11 16:04:44.163137 INFO::Fitting model to feature number 559, Acetatifactor sp003612485
2026-01-11 16:04:44.170437 INFO::Fitting model to feature number 560, MGYG000329336
2026-01-11 16:04:44.178176 INFO::Fitting model to feature number 561, Acetatifactor sp910577185
2026-01-11 16:04:44.184834 INFO::Fitting model to feature number 562, MGYG000325587
2026-01-11 16:04:44.191867 INFO::Fitting model to feature number 563, Acetatifactor sp910584235
2026-01-11 16:04:44.199731 INFO::Fitting model to feature number 564, MGYG000325385
2026-01-11 16:04:44.207145 INFO::Fitting model to feature number 565, Acetatifactor sp910580225
2026-01-11 16:04:44.214987 INFO::Fitting model to feature number 566, Acetatifactor sp910577035
2026-01-11 16:04:44.223242 INFO::Fitting model to feature number 567, Acetatifactor sp910578995
2026-01-11 16:04:44.231003 INFO::Fitting model to feature number 568, Acetatifactor sp910578185
2026-01-11 16:04:44.238983 INFO::Fitting model to feature number 569, MGYG000327004
2026-01-11 16:04:44.246834 INFO::Fitting model to feature number 570, Acetatifactor sp910586485
2026-01-11 16:04:44.254143 INFO::Fitting model to feature number 571, MGYG000331015
2026-01-11 16:04:44.262007 INFO::Fitting model to feature number 572, Acetatifactor sp910587555
2026-01-11 16:04:44.270264 INFO::Fitting model to feature number 573, 1XD8-76 sp910578085
2026-01-11 16:04:44.276677 INFO::Fitting model to feature number 574, 1XD8-76 sp910573755
2026-01-11 16:04:44.282301 INFO::Fitting model to feature number 575, 1XD8-76 sp910577955
2026-01-11 16:04:44.289442 INFO::Fitting model to feature number 576, UBA3282 sp009774175
2026-01-11 16:04:44.296367 INFO::Fitting model to feature number 577, UBA3282 sp910575245
2026-01-11 16:04:44.30384 INFO::Fitting model to feature number 578, UBA3282 sp009774655
2026-01-11 16:04:44.311199 INFO::Fitting model to feature number 579, UBA3282 sp910577735
2026-01-11 16:04:44.318235 INFO::Fitting model to feature number 580, UBA3282 sp910588215
2026-01-11 16:04:44.324948 INFO::Fitting model to feature number 581, UBA3282 sp910584725
2026-01-11 16:04:44.331582 INFO::Fitting model to feature number 582, MGYG000329173
2026-01-11 16:04:44.337673 INFO::Fitting model to feature number 583, MGYG000325371
2026-01-11 16:04:44.343779 INFO::Fitting model to feature number 584, MGYG000324467
2026-01-11 16:04:44.348955 INFO::Fitting model to feature number 585, UBA3282 sp910587095
2026-01-11 16:04:44.354023 INFO::Fitting model to feature number 586, UBA3282 sp009774585
2026-01-11 16:04:44.359947 INFO::Fitting model to feature number 587, UBA3282 sp910576815
2026-01-11 16:04:44.365726 INFO::Fitting model to feature number 588, UBA3282 sp910575775
2026-01-11 16:04:44.370441 INFO::Fitting model to feature number 589, UBA3282 sp003611805
2026-01-11 16:04:44.375895 INFO::Fitting model to feature number 590, UBA3282 sp910579285
2026-01-11 16:04:44.382649 INFO::Fitting model to feature number 591, UBA3282 sp910579505
2026-01-11 16:04:44.388888 INFO::Fitting model to feature number 592, MGYG000328328
2026-01-11 16:04:44.395757 INFO::Fitting model to feature number 593, MGYG000325448
2026-01-11 16:04:44.402079 INFO::Fitting model to feature number 594, MGYG000328360
2026-01-11 16:04:44.408204 INFO::Fitting model to feature number 595, MGYG000323430
2026-01-11 16:04:44.41346 INFO::Fitting model to feature number 596, UBA3282 sp003612405
2026-01-11 16:04:44.418466 INFO::Fitting model to feature number 597, UBA3282 sp009774215
2026-01-11 16:04:44.42337 INFO::Fitting model to feature number 598, MGYG000324289
2026-01-11 16:04:44.429399 INFO::Fitting model to feature number 599, Paralachnospira sp910588815
2026-01-11 16:04:44.434544 INFO::Fitting model to feature number 600, Paralachnospira sp022800815
2026-01-11 16:04:44.439571 INFO::Fitting model to feature number 601, Paralachnospira sp910587905
2026-01-11 16:04:44.44628 INFO::Fitting model to feature number 602, COE1 sp002490665
2026-01-11 16:04:44.452556 INFO::Fitting model to feature number 603, COE1 sp009774395
2026-01-11 16:04:44.459041 INFO::Fitting model to feature number 604, COE1 sp000403335
2026-01-11 16:04:44.464405 INFO::Fitting model to feature number 605, MGYG000410938
2026-01-11 16:04:44.469235 INFO::Fitting model to feature number 606, MGYG000325626
2026-01-11 16:04:44.474385 INFO::Fitting model to feature number 607, COE1 sp002358575
2026-01-11 16:04:44.480272 INFO::Fitting model to feature number 608, MGYG000325712
2026-01-11 16:04:44.485636 INFO::Fitting model to feature number 609, COE1 sp910586585
2026-01-11 16:04:44.490984 INFO::Fitting model to feature number 610, COE1 sp910586715
2026-01-11 16:04:44.49696 INFO::Fitting model to feature number 611, COE1 sp910579275
2026-01-11 16:04:44.502923 INFO::Fitting model to feature number 612, CAG-95 sp910585005
2026-01-11 16:04:44.509269 INFO::Fitting model to feature number 613, CAG-95 sp009917455
2026-01-11 16:04:44.515356 INFO::Fitting model to feature number 614, CAG-95 sp910579685
2026-01-11 16:04:44.520947 INFO::Fitting model to feature number 615, CAG-95 sp910579425
2026-01-11 16:04:44.528169 INFO::Fitting model to feature number 616, CAG-95 sp910579495
2026-01-11 16:04:44.534038 INFO::Fitting model to feature number 617, CAG-95 sp003612395
2026-01-11 16:04:44.540519 INFO::Fitting model to feature number 618, CAG-95 sp910586025
2026-01-11 16:04:44.548314 INFO::Fitting model to feature number 619, CAG-95 sp910577275
2026-01-11 16:04:44.556555 INFO::Fitting model to feature number 620, CAG-95 sp009911035
2026-01-11 16:04:44.564242 INFO::Fitting model to feature number 621, CAG-95 sp910585075
2026-01-11 16:04:44.571062 INFO::Fitting model to feature number 622, MGYG000410775
2026-01-11 16:04:44.577113 INFO::Fitting model to feature number 623, MGYG000325648
2026-01-11 16:04:44.582115 INFO::Fitting model to feature number 624, CAG-95 sp011959285
2026-01-11 16:04:44.58946 INFO::Fitting model to feature number 625, UBA7109 sp910576335
2026-01-11 16:04:44.597568 INFO::Fitting model to feature number 626, UBA7109 sp910575605
2026-01-11 16:04:44.605269 INFO::Fitting model to feature number 627, MGYG000323043
2026-01-11 16:04:44.613649 INFO::Fitting model to feature number 628, MGYG000405682
2026-01-11 16:04:44.620914 INFO::Fitting model to feature number 629, MGYG000368546
2026-01-11 16:04:44.627828 INFO::Fitting model to feature number 630, Ventrimonas sp910575255
2026-01-11 16:04:44.634651 INFO::Fitting model to feature number 631, Ventrimonas sp910577765
2026-01-11 16:04:44.640783 INFO::Fitting model to feature number 632, Ventrimonas sp910586255
2026-01-11 16:04:44.647738 INFO::Fitting model to feature number 633, Ventrimonas sp003611875
2026-01-11 16:04:44.653981 INFO::Fitting model to feature number 634, Ventrimonas sp009911065
2026-01-11 16:04:44.660906 INFO::Fitting model to feature number 635, MGYG000410706
2026-01-11 16:04:44.668289 INFO::Fitting model to feature number 636, MGYG000327273
2026-01-11 16:04:44.676243 INFO::Fitting model to feature number 637, Ventrimonas sp910577655
2026-01-11 16:04:44.68446 INFO::Fitting model to feature number 638, Ventrimonas sp022799175
2026-01-11 16:04:44.690951 INFO::Fitting model to feature number 639, MGYG000324149
2026-01-11 16:04:44.696983 INFO::Fitting model to feature number 640, UBA3402 sp910574345
2026-01-11 16:04:44.703846 INFO::Fitting model to feature number 641, UBA3402 sp910575585
2026-01-11 16:04:44.710968 INFO::Fitting model to feature number 642, MGYG000410803
2026-01-11 16:04:44.717056 INFO::Fitting model to feature number 643, UBA3402 sp910588325
2026-01-11 16:04:44.721467 INFO::Fitting model to feature number 644, UBA3402 sp022798105
2026-01-11 16:04:44.726866 INFO::Fitting model to feature number 645, UBA3402 sp022795805
2026-01-11 16:04:44.732013 INFO::Fitting model to feature number 646, UBA3402 sp002358555
2026-01-11 16:04:44.736832 INFO::Fitting model to feature number 647, UBA3402 sp910588865
2026-01-11 16:04:44.74176 INFO::Fitting model to feature number 648, UBA3402 sp022796015
2026-01-11 16:04:44.747402 INFO::Fitting model to feature number 649, UBA3402 sp910586845
2026-01-11 16:04:44.752439 INFO::Fitting model to feature number 650, UBA3402 sp910585435
2026-01-11 16:04:44.757451 INFO::Fitting model to feature number 651, UBA3402 sp910577935
2026-01-11 16:04:44.763422 INFO::Fitting model to feature number 652, UBA3402 sp910585645
2026-01-11 16:04:44.768303 INFO::Fitting model to feature number 653, UBA3402 sp021769025
2026-01-11 16:04:44.773105 INFO::Fitting model to feature number 654, 1XD42-69 sp011959925
2026-01-11 16:04:44.77896 INFO::Fitting model to feature number 655, 1XD42-69 sp009911505
2026-01-11 16:04:44.784069 INFO::Fitting model to feature number 656, 1XD42-69 sp022794015
2026-01-11 16:04:44.78899 INFO::Fitting model to feature number 657, 1XD42-69 sp910588565
2026-01-11 16:04:44.79486 INFO::Fitting model to feature number 658, 1XD42-69 sp910577065
2026-01-11 16:04:44.800552 INFO::Fitting model to feature number 659, 1XD42-69 sp910586645
2026-01-11 16:04:44.806197 INFO::Fitting model to feature number 660, Merdisoma sp009917555
2026-01-11 16:04:44.813125 INFO::Fitting model to feature number 661, Merdisoma sp910574255
2026-01-11 16:04:44.819483 INFO::Fitting model to feature number 662, Merdisoma sp011959465
2026-01-11 16:04:44.825978 INFO::Fitting model to feature number 663, Merdisoma sp910574835
2026-01-11 16:04:44.832558 INFO::Fitting model to feature number 664, Merdisoma sp910574475
2026-01-11 16:04:44.837974 INFO::Fitting model to feature number 665, MGYG000330323
2026-01-11 16:04:44.843984 INFO::Fitting model to feature number 666, Merdisoma sp022791635
2026-01-11 16:04:44.851077 INFO::Fitting model to feature number 667, Kineothrix sp011958945
2026-01-11 16:04:44.857572 INFO::Fitting model to feature number 668, Kineothrix sp910579935
2026-01-11 16:04:44.864573 INFO::Fitting model to feature number 669, Kineothrix sp910576535
2026-01-11 16:04:44.870151 INFO::Fitting model to feature number 670, MGYG000327499
2026-01-11 16:04:44.877728 INFO::Fitting model to feature number 671, Kineothrix sp000403275
2026-01-11 16:04:44.882915 INFO::Fitting model to feature number 672, Kineothrix sp910588855
2026-01-11 16:04:44.889407 INFO::Fitting model to feature number 673, Kineothrix sp910587275
2026-01-11 16:04:44.896691 INFO::Fitting model to feature number 674, MGYG000326008
2026-01-11 16:04:44.902161 INFO::Fitting model to feature number 675, Kineothrix sp910585965
2026-01-11 16:04:44.90948 INFO::Fitting model to feature number 676, Kineothrix sp009911195
2026-01-11 16:04:44.917001 INFO::Fitting model to feature number 677, RGIG4057 sp910587085
2026-01-11 16:04:44.924202 INFO::Fitting model to feature number 678, RGIG4057 sp910579615
2026-01-11 16:04:44.931883 INFO::Fitting model to feature number 679, UMGS1370 sp910577645
2026-01-11 16:04:44.938132 INFO::Fitting model to feature number 680, UMGS1370 sp910586755
2026-01-11 16:04:44.944042 INFO::Fitting model to feature number 681, UBA2882 sp910574745
2026-01-11 16:04:44.951949 INFO::Fitting model to feature number 682, Eubacterium_J sp910574915
2026-01-11 16:04:44.960282 INFO::Fitting model to feature number 683, Eubacterium_J sp910579075
2026-01-11 16:04:44.969125 INFO::Fitting model to feature number 684, Eubacterium_J sp910580075
2026-01-11 16:04:44.974558 INFO::Fitting model to feature number 685, Eubacterium_J sp910584595
2026-01-11 16:04:44.980507 INFO::Fitting model to feature number 686, MGYG000330231
2026-01-11 16:04:44.988037 INFO::Fitting model to feature number 687, MGYG000327453
2026-01-11 16:04:44.995726 INFO::Fitting model to feature number 688, Butyribacter sp910575435
2026-01-11 16:04:45.001051 INFO::Fitting model to feature number 689, Butyribacter sp910585905
2026-01-11 16:04:45.009603 INFO::Fitting model to feature number 690, MGYG000330019
2026-01-11 16:04:45.018709 INFO::Fitting model to feature number 691, Butyribacter sp009774235
2026-01-11 16:04:45.026913 INFO::Fitting model to feature number 692, VSOB01 sp009774625
2026-01-11 16:04:45.032585 INFO::Fitting model to feature number 693, VSOB01 sp910587155
2026-01-11 16:04:45.040213 INFO::Fitting model to feature number 694, VSOB01 sp910587635
2026-01-11 16:04:45.048952 INFO::Fitting model to feature number 695, Copromonas sp009917545
2026-01-11 16:04:45.054432 INFO::Fitting model to feature number 696, Copromonas sp910575275
2026-01-11 16:04:45.059942 INFO::Fitting model to feature number 697, Copromonas sp022792295
2026-01-11 16:04:45.065847 INFO::Fitting model to feature number 698, Copromonas sp910586315
2026-01-11 16:04:45.070791 INFO::Fitting model to feature number 699, Bariatricus sp022793995
2026-01-11 16:04:45.076339 INFO::Fitting model to feature number 700, Clostridium_Q sp910575795
2026-01-11 16:04:45.081597 INFO::Fitting model to feature number 701, RGIG4284 sp910576205
2026-01-11 16:04:45.086766 INFO::Fitting model to feature number 702, RGIG4284 sp022796795
2026-01-11 16:04:45.092411 INFO::Fitting model to feature number 703, RGIG7193 sp022793375
2026-01-11 16:04:45.098527 INFO::Fitting model to feature number 704, RGIG7193 sp022791755
2026-01-11 16:04:45.103533 INFO::Fitting model to feature number 705, Roseburia sp910587865
2026-01-11 16:04:45.109437 INFO::Fitting model to feature number 706, Roseburia sp910584215
2026-01-11 16:04:45.114806 INFO::Fitting model to feature number 707, MGYG000329248
2026-01-11 16:04:45.119779 INFO::Fitting model to feature number 708, Lachnospira sp910589305
2026-01-11 16:04:45.125232 INFO::Fitting model to feature number 709, Eubacterium_G sp910584795
2026-01-11 16:04:45.131391 INFO::Fitting model to feature number 710, Eubacterium_G sp910574895
2026-01-11 16:04:45.136575 INFO::Fitting model to feature number 711, Paralachnospira_A sp910588405
2026-01-11 16:04:45.142067 INFO::Fitting model to feature number 712, Paralachnospira_A sp910579325
2026-01-11 16:04:45.147341 INFO::Fitting model to feature number 713, CAG-317 sp910578495
2026-01-11 16:04:45.152416 INFO::Fitting model to feature number 714, CAG-317 sp011960265
2026-01-11 16:04:45.157416 INFO::Fitting model to feature number 715, JAAWJJ01 sp022796875
2026-01-11 16:04:45.16478 INFO::Fitting model to feature number 716, Blautia_A sp900551075
2026-01-11 16:04:45.171968 INFO::Fitting model to feature number 717, Blautia_A massiliensis
2026-01-11 16:04:45.179553 INFO::Fitting model to feature number 718, CAG-56 sp004793585
2026-01-11 16:04:45.186011 INFO::Fitting model to feature number 719, Enterocloster aldenensis
2026-01-11 16:04:45.191066 INFO::Fitting model to feature number 720, Enterocloster clostridioformis
2026-01-11 16:04:45.197327 INFO::Fitting model to feature number 721, Choladousia sp003612585
2026-01-11 16:04:45.202377 INFO::Fitting model to feature number 722, CAG-510 sp910577105
2026-01-11 16:04:45.207455 INFO::Fitting model to feature number 723, MGYG000325650
2026-01-11 16:04:45.213557 INFO::Fitting model to feature number 724, CAG-590 sp910585605
2026-01-11 16:04:45.218848 INFO::Fitting model to feature number 725, Blautia pseudococcoides
2026-01-11 16:04:45.223922 INFO::Fitting model to feature number 726, Eisenbergiella sp910585455
2026-01-11 16:04:45.229923 INFO::Fitting model to feature number 727, MGYG000392808
2026-01-11 16:04:45.234927 INFO::Fitting model to feature number 728, W0P33-017 sp910589045
2026-01-11 16:04:45.240053 INFO::Fitting model to feature number 729, SIG307 sp910579465
2026-01-11 16:04:45.246017 INFO::Fitting model to feature number 730, MGYG000326869
2026-01-11 16:04:45.251328 INFO::Fitting model to feature number 731, CAG-603 sp910583605
2026-01-11 16:04:45.258582 INFO::Fitting model to feature number 732, Marvinbryantia sp900550755
2026-01-11 16:04:45.264714 INFO::Fitting model to feature number 733, RGIG8607 sp910577045
2026-01-11 16:04:45.272385 INFO::Fitting model to feature number 734, MGYG000326584
2026-01-11 16:04:45.279062 INFO::Fitting model to feature number 735, MGBC114844 sp910585255
2026-01-11 16:04:45.284327 INFO::Fitting model to feature number 736, MGYG000325493
2026-01-11 16:04:45.290987 INFO::Fitting model to feature number 737, MGYG000329929
2026-01-11 16:04:45.29916 INFO::Fitting model to feature number 738, UBA2821 sp014799465
2026-01-11 16:04:45.305649 INFO::Fitting model to feature number 739, MGBC100174 sp910576895
2026-01-11 16:04:45.308641 WARNING::Fitting problem for feature 739 returning NA
2026-01-11 16:04:45.310985 INFO::Fitting model to feature number 740, Muricomes contortus_B
2026-01-11 16:04:45.31605 INFO::Fitting model to feature number 741, Extibacter muris
2026-01-11 16:04:45.320996 INFO::Fitting model to feature number 742, Anaerotignum sp910576545
2026-01-11 16:04:45.326442 INFO::Fitting model to feature number 743, Anaerotignum sp910578425
2026-01-11 16:04:45.331723 INFO::Fitting model to feature number 744, Coprocola sp910575055
2026-01-11 16:04:45.337558 INFO::Fitting model to feature number 745, Enterenecus sp910588495
2026-01-11 16:04:45.34389 INFO::Fitting model to feature number 746, Enterenecus sp910587285
2026-01-11 16:04:45.349422 INFO::Fitting model to feature number 747, MGYG000327450
2026-01-11 16:04:45.355325 INFO::Fitting model to feature number 748, Enterenecus sp910588625
2026-01-11 16:04:45.361017 INFO::Fitting model to feature number 749, Enterenecus sp910575695
2026-01-11 16:04:45.366226 INFO::Fitting model to feature number 750, MGYG000326888
2026-01-11 16:04:45.370983 INFO::Fitting model to feature number 751, Enterenecus sp910585155
2026-01-11 16:04:45.377456 INFO::Fitting model to feature number 752, MGYG000331159
2026-01-11 16:04:45.382629 INFO::Fitting model to feature number 753, Enterenecus sp910579595
2026-01-11 16:04:45.388281 INFO::Fitting model to feature number 754, MGYG000410353
2026-01-11 16:04:45.394319 INFO::Fitting model to feature number 755, Enterenecus sp910577525
2026-01-11 16:04:45.399668 INFO::Fitting model to feature number 756, Enterenecus sp910587395
2026-01-11 16:04:45.404534 INFO::Fitting model to feature number 757, MGYG000328307
2026-01-11 16:04:45.412202 INFO::Fitting model to feature number 758, Enterenecus sp910587255
2026-01-11 16:04:45.419429 INFO::Fitting model to feature number 759, Enterenecus sp910588105
2026-01-11 16:04:45.424085 INFO::Fitting model to feature number 760, MGYG000410945
2026-01-11 16:04:45.429509 INFO::Fitting model to feature number 761, Enterenecus sp910579155
2026-01-11 16:04:45.434144 INFO::Fitting model to feature number 762, MGYG000322966
2026-01-11 16:04:45.438707 INFO::Fitting model to feature number 763, MGYG000410761
2026-01-11 16:04:45.444097 INFO::Fitting model to feature number 764, Enterenecus sp910587205
2026-01-11 16:04:45.449104 INFO::Fitting model to feature number 765, MGYG000410914
2026-01-11 16:04:45.453734 INFO::Fitting model to feature number 766, Enterenecus sp910584285
2026-01-11 16:04:45.458785 INFO::Fitting model to feature number 767, MGYG000327286
2026-01-11 16:04:45.465041 INFO::Fitting model to feature number 768, Enterenecus sp910585265
2026-01-11 16:04:45.471907 INFO::Fitting model to feature number 769, Enterenecus sp910584835
2026-01-11 16:04:45.47938 INFO::Fitting model to feature number 770, Enterenecus sp910588135
2026-01-11 16:04:45.485904 INFO::Fitting model to feature number 771, MGYG000329348
2026-01-11 16:04:45.491315 INFO::Fitting model to feature number 772, MGYG000325584
2026-01-11 16:04:45.499589 INFO::Fitting model to feature number 773, MGYG000410874
2026-01-11 16:04:45.50755 INFO::Fitting model to feature number 774, MGYG000360698
2026-01-11 16:04:45.515486 INFO::Fitting model to feature number 775, Lawsonibacter sp003612335
2026-01-11 16:04:45.521747 INFO::Fitting model to feature number 776, Lawsonibacter sp910585815
2026-01-11 16:04:45.527399 INFO::Fitting model to feature number 777, Lawsonibacter sp910584605
2026-01-11 16:04:45.532493 INFO::Fitting model to feature number 778, Lawsonibacter sp910575265
2026-01-11 16:04:45.541598 INFO::Fitting model to feature number 779, MGYG000432202
2026-01-11 16:04:45.550309 INFO::Fitting model to feature number 780, Lawsonibacter sp022799835
2026-01-11 16:04:45.558272 INFO::Fitting model to feature number 781, MGYG000433528
2026-01-11 16:04:45.566339 INFO::Fitting model to feature number 782, Lawsonibacter sp022794495
2026-01-11 16:04:45.573499 INFO::Fitting model to feature number 783, MGYG000410681
2026-01-11 16:04:45.581111 INFO::Fitting model to feature number 784, Lawsonibacter sp910578735
2026-01-11 16:04:45.586269 INFO::Fitting model to feature number 785, MGYG000325175
2026-01-11 16:04:45.593092 INFO::Fitting model to feature number 786, Lawsonibacter sp022801435
2026-01-11 16:04:45.601309 INFO::Fitting model to feature number 787, Lawsonibacter sp009911645
2026-01-11 16:04:45.609591 INFO::Fitting model to feature number 788, Lawsonibacter sp943192995
2026-01-11 16:04:45.615987 INFO::Fitting model to feature number 789, MGYG000329509
2026-01-11 16:04:45.622351 INFO::Fitting model to feature number 790, Lawsonibacter sp022798855
2026-01-11 16:04:45.630817 INFO::Fitting model to feature number 791, Lawsonibacter sp910588455
2026-01-11 16:04:45.637518 INFO::Fitting model to feature number 792, Lawsonibacter sp910589085
2026-01-11 16:04:45.645467 INFO::Fitting model to feature number 793, Lawsonibacter sp022793355
2026-01-11 16:04:45.653892 INFO::Fitting model to feature number 794, MGYG000328991
2026-01-11 16:04:45.661394 INFO::Fitting model to feature number 795, Lawsonibacter sp022795855
2026-01-11 16:04:45.670167 INFO::Fitting model to feature number 796, Lawsonibacter sp022791995
2026-01-11 16:04:45.67822 INFO::Fitting model to feature number 797, MGYG000323117
2026-01-11 16:04:45.685635 INFO::Fitting model to feature number 798, Lawsonibacter sp000492175
2026-01-11 16:04:45.692882 INFO::Fitting model to feature number 799, MGYG000324476
2026-01-11 16:04:45.700661 INFO::Fitting model to feature number 800, MGYG000411366
2026-01-11 16:04:45.708566 INFO::Fitting model to feature number 801, MGYG000345714
2026-01-11 16:04:45.716758 INFO::Fitting model to feature number 802, MGYG000329989
2026-01-11 16:04:45.723784 INFO::Fitting model to feature number 803, Lawsonibacter sp910577805
2026-01-11 16:04:45.731377 INFO::Fitting model to feature number 804, MGYG000410703
2026-01-11 16:04:45.737924 INFO::Fitting model to feature number 805, MGYG000329873
2026-01-11 16:04:45.744782 INFO::Fitting model to feature number 806, Lawsonibacter sp022796195
2026-01-11 16:04:45.750602 INFO::Fitting model to feature number 807, MGYG000411569
2026-01-11 16:04:45.755695 INFO::Fitting model to feature number 808, MGYG000327081
2026-01-11 16:04:45.761894 INFO::Fitting model to feature number 809, Dysosmobacter sp009774015
2026-01-11 16:04:45.767231 INFO::Fitting model to feature number 810, Dysosmobacter sp910583785
2026-01-11 16:04:45.773288 INFO::Fitting model to feature number 811, Dysosmobacter sp910575815
2026-01-11 16:04:45.780481 INFO::Fitting model to feature number 812, Dysosmobacter sp910579365
2026-01-11 16:04:45.786954 INFO::Fitting model to feature number 813, Dysosmobacter sp910587705
2026-01-11 16:04:45.793362 INFO::Fitting model to feature number 814, Dysosmobacter sp910586735
2026-01-11 16:04:45.799127 INFO::Fitting model to feature number 815, Dysosmobacter sp910585385
2026-01-11 16:04:45.804428 INFO::Fitting model to feature number 816, Dysosmobacter sp022791875
2026-01-11 16:04:45.81096 INFO::Fitting model to feature number 817, Dysosmobacter sp910583695
2026-01-11 16:04:45.817121 INFO::Fitting model to feature number 818, Dysosmobacter sp000403435
2026-01-11 16:04:45.822053 INFO::Fitting model to feature number 819, Dysosmobacter sp022791135
2026-01-11 16:04:45.828309 INFO::Fitting model to feature number 820, Dysosmobacter sp910588175
2026-01-11 16:04:45.833994 INFO::Fitting model to feature number 821, Dysosmobacter sp022795445
2026-01-11 16:04:45.839039 INFO::Fitting model to feature number 822, Dysosmobacter sp910575505
2026-01-11 16:04:45.845476 INFO::Fitting model to feature number 823, Dysosmobacter sp009773995
2026-01-11 16:04:45.85064 INFO::Fitting model to feature number 824, Dysosmobacter sp022801815
2026-01-11 16:04:45.85563 INFO::Fitting model to feature number 825, Dysosmobacter sp910577405
2026-01-11 16:04:45.861443 INFO::Fitting model to feature number 826, Dysosmobacter sp910578935
2026-01-11 16:04:45.86722 INFO::Fitting model to feature number 827, Dysosmobacter sp910576865
2026-01-11 16:04:45.87225 INFO::Fitting model to feature number 828, MGYG000330291
2026-01-11 16:04:45.878217 INFO::Fitting model to feature number 829, MGYG000409008
2026-01-11 16:04:45.883712 INFO::Fitting model to feature number 830, Dysosmobacter sp910589315
2026-01-11 16:04:45.888652 INFO::Fitting model to feature number 831, Dysosmobacter sp910587525
2026-01-11 16:04:45.894425 INFO::Fitting model to feature number 832, Dysosmobacter sp910587875
2026-01-11 16:04:45.899972 INFO::Fitting model to feature number 833, Dysosmobacter sp910584995
2026-01-11 16:04:45.905553 INFO::Fitting model to feature number 834, Dysosmobacter sp910579435
2026-01-11 16:04:45.911682 INFO::Fitting model to feature number 835, MGYG000411389
2026-01-11 16:04:45.917214 INFO::Fitting model to feature number 836, MGYG000325877
2026-01-11 16:04:45.923797 INFO::Fitting model to feature number 837, Dysosmobacter sp910584075
2026-01-11 16:04:45.930676 INFO::Fitting model to feature number 838, Dysosmobacter sp910585245
2026-01-11 16:04:45.935898 INFO::Fitting model to feature number 839, MGYG000373829
2026-01-11 16:04:45.9432 INFO::Fitting model to feature number 840, Dysosmobacter sp910584465
2026-01-11 16:04:45.951352 INFO::Fitting model to feature number 841, MGYG000330443
2026-01-11 16:04:45.95904 INFO::Fitting model to feature number 842, MGYG000326793
2026-01-11 16:04:45.965719 INFO::Fitting model to feature number 843, Dysosmobacter sp910576845
2026-01-11 16:04:45.971862 INFO::Fitting model to feature number 844, MGYG000329180
2026-01-11 16:04:45.979933 INFO::Fitting model to feature number 845, Pelethomonas sp910578505
2026-01-11 16:04:45.987982 INFO::Fitting model to feature number 846, Pelethomonas sp910579965
2026-01-11 16:04:45.993985 INFO::Fitting model to feature number 847, Pelethomonas sp910579485
2026-01-11 16:04:46.00221 INFO::Fitting model to feature number 848, Pelethomonas sp910587785
2026-01-11 16:04:46.010392 INFO::Fitting model to feature number 849, Pelethomonas sp022800665
2026-01-11 16:04:46.019568 INFO::Fitting model to feature number 850, Pelethomonas sp009774055
2026-01-11 16:04:46.02843 INFO::Fitting model to feature number 851, Pelethomonas sp022804995
2026-01-11 16:04:46.036084 INFO::Fitting model to feature number 852, Pelethomonas sp014237695
2026-01-11 16:04:46.045151 INFO::Fitting model to feature number 853, Pelethomonas sp022795905
2026-01-11 16:04:46.053082 INFO::Fitting model to feature number 854, MGYG000326866
2026-01-11 16:04:46.060828 INFO::Fitting model to feature number 855, Pelethomonas sp910583885
2026-01-11 16:04:46.068836 INFO::Fitting model to feature number 856, Pelethomonas sp910588365
2026-01-11 16:04:46.076556 INFO::Fitting model to feature number 857, MGYG000410776
2026-01-11 16:04:46.084033 INFO::Fitting model to feature number 858, Pelethomonas sp910587645
2026-01-11 16:04:46.091227 INFO::Fitting model to feature number 859, Pelethomonas sp022800525
2026-01-11 16:04:46.099075 INFO::Fitting model to feature number 860, Pelethomonas sp910588045
2026-01-11 16:04:46.106332 INFO::Fitting model to feature number 861, MGYG000325557
2026-01-11 16:04:46.113871 INFO::Fitting model to feature number 862, Pelethomonas sp910579725
2026-01-11 16:04:46.121434 INFO::Fitting model to feature number 863, Pelethomonas sp910577915
2026-01-11 16:04:46.129506 INFO::Fitting model to feature number 864, Pelethomonas sp910587505
2026-01-11 16:04:46.136363 INFO::Fitting model to feature number 865, MGYG000325617
2026-01-11 16:04:46.143321 INFO::Fitting model to feature number 866, Evtepia sp910584805
2026-01-11 16:04:46.150824 INFO::Fitting model to feature number 867, Evtepia sp022792035
2026-01-11 16:04:46.159358 INFO::Fitting model to feature number 868, Evtepia sp910578575
2026-01-11 16:04:46.167236 INFO::Fitting model to feature number 869, Marseille-P3106 sp022799035
2026-01-11 16:04:46.175514 INFO::Fitting model to feature number 870, Marseille-P3106 sp910587345
2026-01-11 16:04:46.184076 INFO::Fitting model to feature number 871, Marseille-P3106 sp910588975
2026-01-11 16:04:46.189901 INFO::Fitting model to feature number 872, MGYG000410458
2026-01-11 16:04:46.196203 INFO::Fitting model to feature number 873, Marseille-P3106 sp910585735
2026-01-11 16:04:46.203857 INFO::Fitting model to feature number 874, Marseille-P3106 sp022792495
2026-01-11 16:04:46.211098 INFO::Fitting model to feature number 875, Marseille-P3106 sp022794215
2026-01-11 16:04:46.218438 INFO::Fitting model to feature number 876, Marseille-P3106 sp022800215
2026-01-11 16:04:46.225571 INFO::Fitting model to feature number 877, MGYG000326975
2026-01-11 16:04:46.233098 INFO::Fitting model to feature number 878, NSJ-51 sp910585415
2026-01-11 16:04:46.239767 INFO::Fitting model to feature number 879, MGYG000326314
2026-01-11 16:04:46.246774 INFO::Fitting model to feature number 880, MGYG000325278
2026-01-11 16:04:46.252194 INFO::Fitting model to feature number 881, CAJFPI01 sp022801715
2026-01-11 16:04:46.25959 INFO::Fitting model to feature number 882, MGYG000327336
2026-01-11 16:04:46.2662 INFO::Fitting model to feature number 883, MGYG000328896
2026-01-11 16:04:46.274395 INFO::Fitting model to feature number 884, MGYG000329428
2026-01-11 16:04:46.282131 INFO::Fitting model to feature number 885, MGYG000329835
2026-01-11 16:04:46.289643 INFO::Fitting model to feature number 886, MGYG000410456
2026-01-11 16:04:46.296269 INFO::Fitting model to feature number 887, CAKUEI01 sp022793685
2026-01-11 16:04:46.302339 INFO::Fitting model to feature number 888, Avoscillospira_A sp022792945
2026-01-11 16:04:46.309539 INFO::Fitting model to feature number 889, JAAWCD01 sp022793095
2026-01-11 16:04:46.31736 INFO::Fitting model to feature number 890, Acutalibacter sp910588935
2026-01-11 16:04:46.324767 INFO::Fitting model to feature number 891, Acutalibacter sp009936035
2026-01-11 16:04:46.332196 INFO::Fitting model to feature number 892, Acutalibacter sp910589395
2026-01-11 16:04:46.338538 INFO::Fitting model to feature number 893, Acutalibacter sp910574935
2026-01-11 16:04:46.345974 INFO::Fitting model to feature number 894, Acutalibacter sp009917445
2026-01-11 16:04:46.35368 INFO::Fitting model to feature number 895, Acutalibacter muris
2026-01-11 16:04:46.36016 INFO::Fitting model to feature number 896, Acutalibacter sp910587835
2026-01-11 16:04:46.368512 INFO::Fitting model to feature number 897, MGYG000406378
2026-01-11 16:04:46.376633 INFO::Fitting model to feature number 898, Acutalibacter sp009917525
2026-01-11 16:04:46.383055 INFO::Fitting model to feature number 899, MGYG000328916
2026-01-11 16:04:46.389781 INFO::Fitting model to feature number 900, Acutalibacter sp910574995
2026-01-11 16:04:46.39785 INFO::Fitting model to feature number 901, Acutalibacter sp910580045
2026-01-11 16:04:46.435423 INFO::Fitting model to feature number 902, Acutalibacter sp003612555
2026-01-11 16:04:46.444006 INFO::Fitting model to feature number 903, Acutalibacter sp910587995
2026-01-11 16:04:46.450916 INFO::Fitting model to feature number 904, Acutalibacter sp910588415
2026-01-11 16:04:46.458271 INFO::Fitting model to feature number 905, Acutalibacter sp910584745
2026-01-11 16:04:46.465544 INFO::Fitting model to feature number 906, MGYG000330157
2026-01-11 16:04:46.473761 INFO::Fitting model to feature number 907, MGYG000331301
2026-01-11 16:04:46.482018 INFO::Fitting model to feature number 908, MGYG000410931
2026-01-11 16:04:46.489771 INFO::Fitting model to feature number 909, MGYG000328573
2026-01-11 16:04:46.495789 INFO::Fitting model to feature number 910, Acutalibacter stercorigallinarum
2026-01-11 16:04:46.503593 INFO::Fitting model to feature number 911, Eubacterium_R sp011958665
2026-01-11 16:04:46.511129 INFO::Fitting model to feature number 912, MGYG000337810
2026-01-11 16:04:46.518778 INFO::Fitting model to feature number 913, MGYG000379997
2026-01-11 16:04:46.526114 INFO::Fitting model to feature number 914, MGYG000351739
2026-01-11 16:04:46.53194 INFO::Fitting model to feature number 915, MGYG000410251
2026-01-11 16:04:46.538527 INFO::Fitting model to feature number 916, MGYG000373138
2026-01-11 16:04:46.546369 INFO::Fitting model to feature number 917, MGYG000327182
2026-01-11 16:04:46.554147 INFO::Fitting model to feature number 918, Ruthenibacterium sp013316265
2026-01-11 16:04:46.562207 INFO::Fitting model to feature number 919, Ruminococcus sp910584195
2026-01-11 16:04:46.569293 INFO::Fitting model to feature number 920, Angelakisella sp910585525
2026-01-11 16:04:46.574757 INFO::Fitting model to feature number 921, Angelakisella sp022795575
2026-01-11 16:04:46.582265 INFO::Fitting model to feature number 922, Angelakisella sp910585535
2026-01-11 16:04:46.589182 INFO::Fitting model to feature number 923, Angelakisella sp013316495
2026-01-11 16:04:46.596386 INFO::Fitting model to feature number 924, Ruminiclostridium_E sp910588335
2026-01-11 16:04:46.602044 INFO::Fitting model to feature number 925, MGYG000410125
2026-01-11 16:04:46.60847 INFO::Fitting model to feature number 926, Ruminiclostridium_E sp910585505
2026-01-11 16:04:46.614613 INFO::Fitting model to feature number 927, UBA1405 sp022800935
2026-01-11 16:04:46.619709 INFO::Fitting model to feature number 928, MGYG000331296
2026-01-11 16:04:46.624549 INFO::Fitting model to feature number 929, MGYG000410015
2026-01-11 16:04:46.630377 INFO::Fitting model to feature number 930, UBA1394 sp910588145
2026-01-11 16:04:46.635693 INFO::Fitting model to feature number 931, Anaerotruncus sp000403395
2026-01-11 16:04:46.640692 INFO::Fitting model to feature number 932, Anaerotruncus sp003612625
2026-01-11 16:04:46.648992 INFO::Fitting model to feature number 933, Anaerotruncus colihominis_A
2026-01-11 16:04:46.654151 INFO::Fitting model to feature number 934, Anaerotruncus sp910586875
2026-01-11 16:04:46.659734 INFO::Fitting model to feature number 935, MGYG000410574
2026-01-11 16:04:46.667608 INFO::Fitting model to feature number 936, UBA3818 sp910583935
2026-01-11 16:04:46.671924 WARNING::Fitting problem for feature 936 returning NA
2026-01-11 16:04:46.675253 INFO::Fitting model to feature number 937, JAAVYW01 sp022791315
2026-01-11 16:04:46.684077 INFO::Fitting model to feature number 938, Faecivivens sp022793675
2026-01-11 16:04:46.692312 INFO::Fitting model to feature number 939, RGIG8773 sp910584715
2026-01-11 16:04:46.700322 INFO::Fitting model to feature number 940, QXXE01 sp009911355
2026-01-11 16:04:46.708771 INFO::Fitting model to feature number 941, QXXE01 sp910586575
2026-01-11 16:04:46.716135 INFO::Fitting model to feature number 942, MGYG000327912
2026-01-11 16:04:46.722904 INFO::Fitting model to feature number 943, Butyricicoccus sp910584935
2026-01-11 16:04:46.729505 INFO::Fitting model to feature number 944, Pseudobutyricicoccus sp910579575
2026-01-11 16:04:46.736773 INFO::Fitting model to feature number 945, MGYG000349368
2026-01-11 16:04:46.74408 INFO::Fitting model to feature number 946, Avispirillum sp011957885
2026-01-11 16:04:46.751316 INFO::Fitting model to feature number 947, MGYG000401352
2026-01-11 16:04:46.758066 INFO::Fitting model to feature number 948, Zhenpiania sp009911365
2026-01-11 16:04:46.765866 INFO::Fitting model to feature number 949, Zhenpiania sp910575405
2026-01-11 16:04:46.772967 INFO::Fitting model to feature number 950, Emergencia sp009936045
2026-01-11 16:04:46.78038 INFO::Fitting model to feature number 951, JAAVYD01 sp022790955
2026-01-11 16:04:46.787683 INFO::Fitting model to feature number 952, Fimisoma sp910588185
2026-01-11 16:04:46.795556 INFO::Fitting model to feature number 953, MGYG000410140
2026-01-11 16:04:46.803486 INFO::Fitting model to feature number 954, MGYG000323026
2026-01-11 16:04:46.810119 INFO::Fitting model to feature number 955, Coproplasma sp910579525
2026-01-11 16:04:46.81793 INFO::Fitting model to feature number 956, Coproplasma sp003979335
2026-01-11 16:04:46.823105 INFO::Fitting model to feature number 957, Coproplasma sp013316055
2026-01-11 16:04:46.828707 INFO::Fitting model to feature number 958, Coproplasma sp910577375
2026-01-11 16:04:46.834365 INFO::Fitting model to feature number 959, Coproplasma sp910586065
2026-01-11 16:04:46.841631 INFO::Fitting model to feature number 960, MGYG000328913
2026-01-11 16:04:46.849257 INFO::Fitting model to feature number 961, Coproplasma stercorigallinarum
2026-01-11 16:04:46.856236 INFO::Fitting model to feature number 962, MGBC120929 sp910583735
2026-01-11 16:04:46.863762 INFO::Fitting model to feature number 963, RACS-045 sp910579785
2026-01-11 16:04:46.871465 INFO::Fitting model to feature number 964, QANA01 sp910588425
2026-01-11 16:04:46.879121 INFO::Fitting model to feature number 965, MGYG000324257
2026-01-11 16:04:46.884315 INFO::Fitting model to feature number 966, HGM11386 sp022791055
2026-01-11 16:04:46.891366 INFO::Fitting model to feature number 967, RACS-047 sp013316045
2026-01-11 16:04:46.895142 WARNING::Fitting problem for feature 967 returning NA
2026-01-11 16:04:46.897417 INFO::Fitting model to feature number 968, CAG-475 sp910577815
2026-01-11 16:04:46.902604 INFO::Fitting model to feature number 969, MGYG000328446
2026-01-11 16:04:46.905096 WARNING::Fitting problem for feature 969 returning NA
2026-01-11 16:04:46.907051 INFO::Fitting model to feature number 970, Caccovivens sp910587225
2026-01-11 16:04:46.912434 INFO::Fitting model to feature number 971, CAG-41 sp910578235
2026-01-11 16:04:46.915281 WARNING::Fitting problem for feature 971 returning NA
2026-01-11 16:04:46.917516 INFO::Fitting model to feature number 972, MGYG000410260
2026-01-11 16:04:46.923229 INFO::Fitting model to feature number 973, MGYG000335786
2026-01-11 16:04:46.928921 INFO::Fitting model to feature number 974, MGYG000349464
2026-01-11 16:04:46.93256 WARNING::Fitting problem for feature 974 returning NA
2026-01-11 16:04:46.934572 INFO::Fitting model to feature number 975, CAG-269 sp022792395
2026-01-11 16:04:46.939463 INFO::Fitting model to feature number 976, MGYG000328872
2026-01-11 16:04:46.941973 WARNING::Fitting problem for feature 976 returning NA
2026-01-11 16:04:46.944551 INFO::Fitting model to feature number 977, MGYG000327552
2026-01-11 16:04:46.949821 INFO::Fitting model to feature number 978, RGIG8482 sp022796855
2026-01-11 16:04:46.954724 INFO::Fitting model to feature number 979, JAAWPK01 sp022791735
2026-01-11 16:04:46.959574 INFO::Fitting model to feature number 980, MGYG000375192
2026-01-11 16:04:46.965374 INFO::Fitting model to feature number 981, MGYG000323824
2026-01-11 16:04:46.96791 WARNING::Fitting problem for feature 981 returning NA
2026-01-11 16:04:46.970031 INFO::Fitting model to feature number 982, Akkermansia muciniphila_B
2026-01-11 16:04:46.975891 INFO::Fitting model to feature number 983, Akkermansia sp001580195
2026-01-11 16:04:46.981483 INFO::Fitting model to feature number 984, Parasutterella sp009767915
2026-01-11 16:04:46.985893 INFO::Fitting model to feature number 985, Turicimonas muris
2026-01-11 16:04:46.990357 INFO::Fitting model to feature number 986, MGYG000326933
2026-01-11 16:04:46.995696 INFO::Fitting model to feature number 987, Enterobacter hormaechei_A
2026-01-11 16:04:47.000555 INFO::Fitting model to feature number 988, Methylobacterium persicinum
2026-01-11 16:04:47.004872 INFO::Fitting model to feature number 989, MGYG000329730
2026-01-11 16:04:47.009354 INFO::Fitting model to feature number 990, MGYG000360301
2026-01-11 16:04:47.014614 INFO::Fitting model to feature number 991, Enterousia sp013316395
2026-01-11 16:04:47.019002 INFO::Fitting model to feature number 992, MGYG000410936
2026-01-11 16:04:47.023224 INFO::Fitting model to feature number 993, Scatocola sp910577205
2026-01-11 16:04:47.028082 INFO::Fitting model to feature number 994, MGYG000327352
2026-01-11 16:04:47.032799 INFO::Fitting model to feature number 995, MGBC118957 sp910584385
2026-01-11 16:04:47.037033 INFO::Fitting model to feature number 996, MGYG000391024
2026-01-11 16:04:47.041136 INFO::Fitting model to feature number 997, MGYG000323059
2026-01-11 16:04:47.046086 INFO::Fitting model to feature number 998, MGYG000328709
2026-01-11 16:04:47.05064 INFO::Fitting model to feature number 999, MGYG000411523
2026-01-11 16:04:47.055511 INFO::Fitting model to feature number 1000, MGYG000331169
2026-01-11 16:04:47.059963 INFO::Fitting model to feature number 1001, Nanosyncoccus sp003979185
2026-01-11 16:04:47.064922 INFO::Fitting model to feature number 1002, MGYG000344322
2026-01-11 16:04:47.069511 INFO::Fitting model to feature number 1003, Nanosyncoccus sp013316435
2026-01-11 16:04:47.073576 INFO::Fitting model to feature number 1004, MGYG000348936
2026-01-11 16:04:47.078642 INFO::Fitting model to feature number 1005, MGYG000341210
2026-01-11 16:04:47.083661 INFO::Fitting model to feature number 1006, MGYG000331839
2026-01-11 16:04:47.088246 INFO::Fitting model to feature number 1007, MGYG000328091
2026-01-11 16:04:47.094178 INFO::Fitting model to feature number 1008, Avidehalobacter sp022797295
2026-01-11 16:04:47.100025 INFO::Fitting model to feature number 1009, Avidehalobacter sp021771915
2026-01-11 16:04:47.104457 INFO::Fitting model to feature number 1010, MGYG000410378
2026-01-11 16:04:47.111274 INFO::Fitting model to feature number 1011, MGYG000411020
2026-01-11 16:04:47.116988 INFO::Fitting model to feature number 1012, MGBC122484 sp910587245
2026-01-11 16:04:47.121589 INFO::Fitting model to feature number 1013, MGBC122484 sp910586855
2026-01-11 16:04:47.128568 INFO::Fitting model to feature number 1014, MGBC122484 sp910578465
2026-01-11 16:04:47.135394 INFO::Fitting model to feature number 1015, MGBC122484 sp910587815
2026-01-11 16:04:47.139021 WARNING::Fitting problem for feature 1015 returning NA
2026-01-11 16:04:47.141822 INFO::Fitting model to feature number 1016, Megamonas funiformis
2026-01-11 16:04:47.149112 INFO::Fitting model to feature number 1017, MGYG000325548
2026-01-11 16:04:47.155504 INFO::Fitting model to feature number 1018, MGYG000331077
2026-01-11 16:04:47.163933 INFO::Fitting model to feature number 1019, MGYG000324324
2026-01-11 16:04:47.172033 INFO::Fitting model to feature number 1020, MGYG000333766
2026-01-11 16:04:47.181859 INFO::Fitting model to feature number 1021, UBA3282 sp910578115
2026-01-11 16:04:47.188235 INFO::Fitting model to feature number 1022, Anaerostipes hominis
2026-01-11 16:04:47.191689 INFO::Fitting model to feature number 1023, Bacteroides thetaiotaomicron
2026-01-11 16:04:47.198703 INFO::Fitting model to feature number 1024, C-19 sp910576345
2026-01-11 16:04:47.204808 INFO::Fitting model to feature number 1025, MGYG000410493
2026-01-11 16:04:47.20845 WARNING::Fitting problem for feature 1025 returning NA
2026-01-11 16:04:47.211768 INFO::Fitting model to feature number 1026, Allobaculum sp910579655
2026-01-11 16:04:47.217222 INFO::Fitting model to feature number 1027, MGBC163490 sp910588075
2026-01-11 16:04:47.222148 INFO::Fitting model to feature number 1028, Limosilactobacillus urinaemulieris
2026-01-11 16:04:47.228921 INFO::Fitting model to feature number 1029, Lactiplantibacillus plantarum
2026-01-11 16:04:47.234454 INFO::Fitting model to feature number 1030, Enterococcus_D gallinarum
2026-01-11 16:04:47.239619 INFO::Fitting model to feature number 1031, Granulicatella adiacens
2026-01-11 16:04:47.245529 INFO::Fitting model to feature number 1032, Scybalousia sp910584255
2026-01-11 16:04:47.250928 INFO::Fitting model to feature number 1033, MGYG000325543
2026-01-11 16:04:47.255724 INFO::Fitting model to feature number 1034, Paratractidigestivibacter sp003150175
2026-01-11 16:04:47.261153 INFO::Fitting model to feature number 1035, Collinsella stercoris
2026-01-11 16:04:47.266484 INFO::Fitting model to feature number 1036, Collinsella sp900545445
2026-01-11 16:04:47.271471 INFO::Fitting model to feature number 1037, Collinsella sp002232035
2026-01-11 16:04:47.276849 INFO::Fitting model to feature number 1038, MGYG000330890
2026-01-11 16:04:47.282866 INFO::Fitting model to feature number 1039, Cutibacterium acnes
2026-01-11 16:04:47.289116 INFO::Fitting model to feature number 1040, MGYG000325467
2026-01-11 16:04:47.295572 INFO::Fitting model to feature number 1041, MGYG000325647
2026-01-11 16:04:47.301567 INFO::Fitting model to feature number 1042, MGYG000325468
2026-01-11 16:04:47.306367 INFO::Fitting model to feature number 1043, MGYG000325561
2026-01-11 16:04:47.312115 INFO::Fitting model to feature number 1044, CAG-873 sp014801485
2026-01-11 16:04:47.318577 INFO::Fitting model to feature number 1045, MGYG000325408
2026-01-11 16:04:47.324575 INFO::Fitting model to feature number 1046, CAG-873 sp910579605
2026-01-11 16:04:47.330065 INFO::Fitting model to feature number 1047, CAG-485 sp014802175
2026-01-11 16:04:47.336641 INFO::Fitting model to feature number 1048, CAG-485 sp014801875
2026-01-11 16:04:47.341552 INFO::Fitting model to feature number 1049, CAG-485 sp014803765
2026-01-11 16:04:47.346649 INFO::Fitting model to feature number 1050, MGYG000325797
2026-01-11 16:04:47.351125 INFO::Fitting model to feature number 1051, MGYG000325348
2026-01-11 16:04:47.355305 INFO::Fitting model to feature number 1052, MGYG000325391
2026-01-11 16:04:47.360343 INFO::Fitting model to feature number 1053, MGYG000325606
2026-01-11 16:04:47.366245 INFO::Fitting model to feature number 1054, MGYG000325480
2026-01-11 16:04:47.371074 INFO::Fitting model to feature number 1055, CAG-485 sp014800535
2026-01-11 16:04:47.375818 INFO::Fitting model to feature number 1056, CAG-485 sp014801585
2026-01-11 16:04:47.382659 INFO::Fitting model to feature number 1057, MGYG000325583
2026-01-11 16:04:47.387316 INFO::Fitting model to feature number 1058, MGYG000325430
2026-01-11 16:04:47.391906 INFO::Fitting model to feature number 1059, MGYG000325719
2026-01-11 16:04:47.398291 INFO::Fitting model to feature number 1060, MGYG000325338
2026-01-11 16:04:47.402692 INFO::Fitting model to feature number 1061, MGYG000325306
2026-01-11 16:04:47.406917 INFO::Fitting model to feature number 1062, MGYG000325603
2026-01-11 16:04:47.412849 INFO::Fitting model to feature number 1063, UBA3263 sp014802435
2026-01-11 16:04:47.416933 INFO::Fitting model to feature number 1064, MGYG000325316
2026-01-11 16:04:47.422526 INFO::Fitting model to feature number 1065, MGYG000325659
2026-01-11 16:04:47.427742 INFO::Fitting model to feature number 1066, MGYG000325628
2026-01-11 16:04:47.434113 INFO::Fitting model to feature number 1067, MGYG000325657
2026-01-11 16:04:47.438617 INFO::Fitting model to feature number 1068, MGYG000325523
2026-01-11 16:04:47.444998 INFO::Fitting model to feature number 1069, MGYG000325354
2026-01-11 16:04:47.449789 INFO::Fitting model to feature number 1070, MGYG000325392
2026-01-11 16:04:47.455557 INFO::Fitting model to feature number 1071, JAAVFS01 sp014802385
2026-01-11 16:04:47.460732 INFO::Fitting model to feature number 1072, MGYG000327349
2026-01-11 16:04:47.466762 INFO::Fitting model to feature number 1073, Parabacteroides johnsonii
2026-01-11 16:04:47.471967 INFO::Fitting model to feature number 1074, Parabacteroides sp910577325
2026-01-11 16:04:47.477154 INFO::Fitting model to feature number 1075, Bacteroides faecis
2026-01-11 16:04:47.482968 INFO::Fitting model to feature number 1076, Bacteroides bouchesdurhonensis
2026-01-11 16:04:47.48711 INFO::Fitting model to feature number 1077, Bacteroides ovatus
2026-01-11 16:04:47.49128 INFO::Fitting model to feature number 1078, Bacteroides caccae
2026-01-11 16:04:47.496 INFO::Fitting model to feature number 1079, MGYG000325504
2026-01-11 16:04:47.50042 INFO::Fitting model to feature number 1080, Bacteroides salyersiae
2026-01-11 16:04:47.504528 INFO::Fitting model to feature number 1081, Bacteroides stercorirosoris
2026-01-11 16:04:47.508621 INFO::Fitting model to feature number 1082, MGYG000325502
2026-01-11 16:04:47.513467 INFO::Fitting model to feature number 1083, Prevotella pectinovora
2026-01-11 16:04:47.517849 INFO::Fitting model to feature number 1084, MGYG000325596
2026-01-11 16:04:47.521937 INFO::Fitting model to feature number 1085, Tidjanibacter sp910577285
2026-01-11 16:04:47.525921 INFO::Fitting model to feature number 1086, Odoribacter sp910588375
2026-01-11 16:04:47.53132 INFO::Fitting model to feature number 1087, Odoribacter sp910578985
2026-01-11 16:04:47.536608 INFO::Fitting model to feature number 1088, Odoribacter sp009935865
2026-01-11 16:04:47.541714 INFO::Fitting model to feature number 1089, Cryptobacteroides sp000431015
2026-01-11 16:04:47.547159 INFO::Fitting model to feature number 1090, Pullibacteroides sp910578275
2026-01-11 16:04:47.551728 INFO::Fitting model to feature number 1091, MGYG000376875
2026-01-11 16:04:47.556414 INFO::Fitting model to feature number 1092, MGYG000410984
2026-01-11 16:04:47.561841 INFO::Fitting model to feature number 1093, MGYG000329711
2026-01-11 16:04:47.567615 INFO::Fitting model to feature number 1094, Sporofaciens sp910584575
2026-01-11 16:04:47.573517 INFO::Fitting model to feature number 1095, Sporofaciens sp011960625
2026-01-11 16:04:47.580133 INFO::Fitting model to feature number 1096, MD308 sp910579335
2026-01-11 16:04:47.587123 INFO::Fitting model to feature number 1097, 14-2 sp910585625
2026-01-11 16:04:47.594936 INFO::Fitting model to feature number 1098, 14-2 sp910585895
2026-01-11 16:04:47.602181 INFO::Fitting model to feature number 1099, 14-2 sp004793545
2026-01-11 16:04:47.609076 INFO::Fitting model to feature number 1100, 14-2 sp910580195
2026-01-11 16:04:47.616106 INFO::Fitting model to feature number 1101, 14-2 sp910580015
2026-01-11 16:04:47.622266 INFO::Fitting model to feature number 1102, 14-2 sp910585395
2026-01-11 16:04:47.626194 INFO::Fitting model to feature number 1103, 14-2 sp910587895
2026-01-11 16:04:47.632765 INFO::Fitting model to feature number 1104, MGYG000327388
2026-01-11 16:04:47.636641 INFO::Fitting model to feature number 1105, MGYG000410811
2026-01-11 16:04:47.64418 INFO::Fitting model to feature number 1106, MGYG000352925
2026-01-11 16:04:47.651816 INFO::Fitting model to feature number 1107, MGYG000331207
2026-01-11 16:04:47.654903 WARNING::Fitting problem for feature 1107 returning NA
2026-01-11 16:04:47.657608 INFO::Fitting model to feature number 1108, MGYG000328397
2026-01-11 16:04:47.66532 INFO::Fitting model to feature number 1109, 14-2 sp910588965
2026-01-11 16:04:47.673335 INFO::Fitting model to feature number 1110, 14-2 sp910586005
2026-01-11 16:04:47.676287 WARNING::Fitting problem for feature 1110 returning NA
2026-01-11 16:04:47.679642 INFO::Fitting model to feature number 1111, Ventrimonas sp910588875
2026-01-11 16:04:47.686003 INFO::Fitting model to feature number 1112, Ventrimonas sp910586205
2026-01-11 16:04:47.692109 INFO::Fitting model to feature number 1113, Ventrimonas sp910588125
2026-01-11 16:04:47.701048 INFO::Fitting model to feature number 1114, MGYG000329105
2026-01-11 16:04:47.706791 INFO::Fitting model to feature number 1115, Ventrimonas sp022794255
2026-01-11 16:04:47.709767 INFO::Fitting model to feature number 1116, MGYG000432287
2026-01-11 16:04:47.715432 INFO::Fitting model to feature number 1117, Ventrimonas sp910584845
2026-01-11 16:04:47.720326 INFO::Fitting model to feature number 1118, UBA3282 sp910587715
2026-01-11 16:04:47.725095 INFO::Fitting model to feature number 1119, MGYG000411593
2026-01-11 16:04:47.730417 INFO::Fitting model to feature number 1120, MGYG000323128
2026-01-11 16:04:47.735995 INFO::Fitting model to feature number 1121, UBA3282 sp910578645
2026-01-11 16:04:47.742547 INFO::Fitting model to feature number 1122, UBA3282 sp910579735
2026-01-11 16:04:47.748255 INFO::Fitting model to feature number 1123, MGYG000325815
2026-01-11 16:04:47.753289 INFO::Fitting model to feature number 1124, UBA3282 sp910579395
2026-01-11 16:04:47.758128 INFO::Fitting model to feature number 1125, UBA3282 sp009774575
2026-01-11 16:04:47.766485 INFO::Fitting model to feature number 1126, MGYG000329420
2026-01-11 16:04:47.773072 INFO::Fitting model to feature number 1127, MGYG000323012
2026-01-11 16:04:47.779249 INFO::Fitting model to feature number 1128, MGYG000325709
2026-01-11 16:04:47.783868 INFO::Fitting model to feature number 1129, MGYG000325198
2026-01-11 16:04:47.786729 INFO::Fitting model to feature number 1130, UBA3282 sp910578845
2026-01-11 16:04:47.791322 INFO::Fitting model to feature number 1131, UBA3282 sp910588955
2026-01-11 16:04:47.796855 INFO::Fitting model to feature number 1132, MGYG000325450
2026-01-11 16:04:47.802444 INFO::Fitting model to feature number 1133, MGYG000325999
2026-01-11 16:04:47.807173 INFO::Fitting model to feature number 1134, MGYG000411525
2026-01-11 16:04:47.810382 INFO::Fitting model to feature number 1135, MGYG000325558
2026-01-11 16:04:47.815946 INFO::Fitting model to feature number 1136, MGYG000322990
2026-01-11 16:04:47.82075 INFO::Fitting model to feature number 1137, MGYG000330673
2026-01-11 16:04:47.823187 WARNING::Fitting problem for feature 1137 returning NA
2026-01-11 16:04:47.825206 INFO::Fitting model to feature number 1138, MGYG000368565
2026-01-11 16:04:47.830864 INFO::Fitting model to feature number 1139, UBA7109 sp910580235
2026-01-11 16:04:47.834842 INFO::Fitting model to feature number 1140, MGYG000324764
2026-01-11 16:04:47.83772 INFO::Fitting model to feature number 1141, MGYG000324065
2026-01-11 16:04:47.842548 INFO::Fitting model to feature number 1142, Roseburia sp910577925
2026-01-11 16:04:47.848571 INFO::Fitting model to feature number 1143, MGYG000393816
2026-01-11 16:04:47.851429 INFO::Fitting model to feature number 1144, Butyribacter sp910579085
2026-01-11 16:04:47.857266 INFO::Fitting model to feature number 1145, MGYG000329302
2026-01-11 16:04:47.863709 INFO::Fitting model to feature number 1146, MGYG000348373
2026-01-11 16:04:47.870034 INFO::Fitting model to feature number 1147, MGYG000325401
2026-01-11 16:04:47.872745 WARNING::Fitting problem for feature 1147 returning NA
2026-01-11 16:04:47.874801 INFO::Fitting model to feature number 1148, Butyribacter sp910586555
2026-01-11 16:04:47.877686 WARNING::Fitting problem for feature 1148 returning NA
2026-01-11 16:04:47.880222 INFO::Fitting model to feature number 1149, Butyribacter sp910586605
2026-01-11 16:04:47.887238 INFO::Fitting model to feature number 1150, 1XD8-76 sp003611955
2026-01-11 16:04:47.89221 INFO::Fitting model to feature number 1151, 1XD8-76 sp910584915
2026-01-11 16:04:47.899002 INFO::Fitting model to feature number 1152, 1XD8-76 sp022799355
2026-01-11 16:04:47.905731 INFO::Fitting model to feature number 1153, Blautia coccoides
2026-01-11 16:04:47.909588 INFO::Fitting model to feature number 1154, Blautia hominis
2026-01-11 16:04:47.91691 INFO::Fitting model to feature number 1155, MGYG000330300
2026-01-11 16:04:47.922115 INFO::Fitting model to feature number 1156, MGYG000411610
2026-01-11 16:04:47.926919 INFO::Fitting model to feature number 1157, Acetatifactor sp910578215
2026-01-11 16:04:47.932793 INFO::Fitting model to feature number 1158, MGYG000403847
2026-01-11 16:04:47.937663 INFO::Fitting model to feature number 1159, Acetatifactor sp910585665
2026-01-11 16:04:47.944122 INFO::Fitting model to feature number 1160, MGYG000410724
2026-01-11 16:04:47.950891 INFO::Fitting model to feature number 1161, MGYG000329148
2026-01-11 16:04:47.95696 INFO::Fitting model to feature number 1162, MGYG000331408
2026-01-11 16:04:47.962531 INFO::Fitting model to feature number 1163, MGYG000331279
2026-01-11 16:04:47.966456 INFO::Fitting model to feature number 1164, Acetatifactor sp910584375
2026-01-11 16:04:47.972665 INFO::Fitting model to feature number 1165, MGYG000345025
2026-01-11 16:04:47.978209 INFO::Fitting model to feature number 1166, Acetatifactor sp910586435
2026-01-11 16:04:47.985555 INFO::Fitting model to feature number 1167, MGYG000330154
2026-01-11 16:04:47.992224 INFO::Fitting model to feature number 1168, MGYG000327196
2026-01-11 16:04:47.999304 INFO::Fitting model to feature number 1169, Acetatifactor sp910586215
2026-01-11 16:04:48.004022 INFO::Fitting model to feature number 1170, Acetatifactor sp011959105
2026-01-11 16:04:48.013986 INFO::Fitting model to feature number 1171, Acetatifactor sp910586515
2026-01-11 16:04:48.021509 INFO::Fitting model to feature number 1172, MGYG000325688
2026-01-11 16:04:48.029131 INFO::Fitting model to feature number 1173, MGYG000325419
2026-01-11 16:04:48.037248 INFO::Fitting model to feature number 1174, Acetatifactor sp910585015
2026-01-11 16:04:48.045437 INFO::Fitting model to feature number 1175, Acetatifactor sp910577665
2026-01-11 16:04:48.050955 INFO::Fitting model to feature number 1176, MGYG000329799
2026-01-11 16:04:48.057694 INFO::Fitting model to feature number 1177, Acetatifactor sp910588225
2026-01-11 16:04:48.063897 INFO::Fitting model to feature number 1178, MGYG000410939
2026-01-11 16:04:48.069598 INFO::Fitting model to feature number 1179, MGYG000327533
2026-01-11 16:04:48.075981 INFO::Fitting model to feature number 1180, Acetatifactor sp022797535
2026-01-11 16:04:48.08031 INFO::Fitting model to feature number 1181, MGYG000329051
2026-01-11 16:04:48.085876 INFO::Fitting model to feature number 1182, MGYG000324774
2026-01-11 16:04:48.090625 INFO::Fitting model to feature number 1183, Lachnospira sp910587485
2026-01-11 16:04:48.093375 WARNING::Fitting problem for feature 1183 returning NA
2026-01-11 16:04:48.096286 INFO::Fitting model to feature number 1184, Anaerostipes caccae
2026-01-11 16:04:48.101795 INFO::Fitting model to feature number 1185, 1XD42-69 sp910585825
2026-01-11 16:04:48.107136 INFO::Fitting model to feature number 1186, 1XD42-69 sp910586725
2026-01-11 16:04:48.110917 WARNING::Fitting problem for feature 1186 returning NA
2026-01-11 16:04:48.113661 INFO::Fitting model to feature number 1187, 1XD42-69 sp910586355
2026-01-11 16:04:48.11643 WARNING::Fitting problem for feature 1187 returning NA
2026-01-11 16:04:48.118328 INFO::Fitting model to feature number 1188, 1XD42-69 sp910589105
2026-01-11 16:04:48.120842 INFO::Fitting model to feature number 1189, MGYG000327486
2026-01-11 16:04:48.125081 INFO::Fitting model to feature number 1190, MGYG000331229
2026-01-11 16:04:48.129767 INFO::Fitting model to feature number 1191, UBA3402 sp910588505
2026-01-11 16:04:48.134682 INFO::Fitting model to feature number 1192, UBA3402 sp022792815
2026-01-11 16:04:48.138834 INFO::Fitting model to feature number 1193, UBA3402 sp910579515
2026-01-11 16:04:48.143007 INFO::Fitting model to feature number 1194, MGYG000410806
2026-01-11 16:04:48.147561 INFO::Fitting model to feature number 1195, MGYG000324300
2026-01-11 16:04:48.15244 INFO::Fitting model to feature number 1196, MGYG000324807
2026-01-11 16:04:48.156759 INFO::Fitting model to feature number 1197, MGYG000327237
2026-01-11 16:04:48.162678 INFO::Fitting model to feature number 1198, MGYG000327181
2026-01-11 16:04:48.170204 INFO::Fitting model to feature number 1199, CAG-95 sp910577445
2026-01-11 16:04:48.178111 INFO::Fitting model to feature number 1200, CAG-95 sp002492465
2026-01-11 16:04:48.184926 INFO::Fitting model to feature number 1201, CAG-95 sp910587305
2026-01-11 16:04:48.189634 INFO::Fitting model to feature number 1202, CAG-95 sp910587295
2026-01-11 16:04:48.195199 INFO::Fitting model to feature number 1203, MGYG000410955
2026-01-11 16:04:48.20124 INFO::Fitting model to feature number 1204, MGYG000325519
2026-01-11 16:04:48.205827 INFO::Fitting model to feature number 1205, MGYG000325286
2026-01-11 16:04:48.210221 INFO::Fitting model to feature number 1206, CAG-95 sp000403495
2026-01-11 16:04:48.215629 INFO::Fitting model to feature number 1207, CAG-95 sp014804245
2026-01-11 16:04:48.220288 INFO::Fitting model to feature number 1208, MGYG000330445
2026-01-11 16:04:48.224904 INFO::Fitting model to feature number 1209, COE1 sp014239155
2026-01-11 16:04:48.230214 INFO::Fitting model to feature number 1210, MGYG000325661
2026-01-11 16:04:48.235463 INFO::Fitting model to feature number 1211, COE1 sp011959805
2026-01-11 16:04:48.241194 INFO::Fitting model to feature number 1212, COE1 sp009774245
2026-01-11 16:04:48.247242 INFO::Fitting model to feature number 1213, MGYG000325434
2026-01-11 16:04:48.253231 INFO::Fitting model to feature number 1214, COE1 sp910577115
2026-01-11 16:04:48.25864 INFO::Fitting model to feature number 1215, COE1 sp000403215
2026-01-11 16:04:48.265412 INFO::Fitting model to feature number 1216, COE1 sp910588595
2026-01-11 16:04:48.271347 INFO::Fitting model to feature number 1217, MGYG000325380
2026-01-11 16:04:48.276353 INFO::Fitting model to feature number 1218, MGYG000328561
2026-01-11 16:04:48.283815 INFO::Fitting model to feature number 1219, COE1 sp910578795
2026-01-11 16:04:48.287084 WARNING::Fitting problem for feature 1219 returning NA
2026-01-11 16:04:48.289284 INFO::Fitting model to feature number 1220, COE1 sp003513705
2026-01-11 16:04:48.296909 INFO::Fitting model to feature number 1221, Eubacterium_F sp910577295
2026-01-11 16:04:48.301271 INFO::Fitting model to feature number 1222, Eubacterium_F sp910584065
2026-01-11 16:04:48.305845 INFO::Fitting model to feature number 1223, Eubacterium_F sp910584245
2026-01-11 16:04:48.310646 INFO::Fitting model to feature number 1224, Eubacterium_F sp910584645
2026-01-11 16:04:48.316602 INFO::Fitting model to feature number 1225, MGYG000327551
2026-01-11 16:04:48.321534 INFO::Fitting model to feature number 1226, VSOB01 sp910585345
2026-01-11 16:04:48.326468 INFO::Fitting model to feature number 1227, VSOB01 sp910589075
2026-01-11 16:04:48.332687 INFO::Fitting model to feature number 1228, Merdisoma sp910587955
2026-01-11 16:04:48.337882 INFO::Fitting model to feature number 1229, MGYG000331110
2026-01-11 16:04:48.3439 INFO::Fitting model to feature number 1230, Eubacterium_J plexicaudatum
2026-01-11 16:04:48.351275 INFO::Fitting model to feature number 1231, Eubacterium_J sp910586445
2026-01-11 16:04:48.358547 INFO::Fitting model to feature number 1232, Eubacterium_J sp910577225
2026-01-11 16:04:48.366352 INFO::Fitting model to feature number 1233, Eubacterium_J sp009774535
2026-01-11 16:04:48.370627 INFO::Fitting model to feature number 1234, Eubacterium_J sp910586225
2026-01-11 16:04:48.377492 INFO::Fitting model to feature number 1235, Eubacterium_J sp910584345
2026-01-11 16:04:48.384656 INFO::Fitting model to feature number 1236, MGYG000327547
2026-01-11 16:04:48.391333 INFO::Fitting model to feature number 1237, MGYG000325711
2026-01-11 16:04:48.394944 WARNING::Fitting problem for feature 1237 returning NA
2026-01-11 16:04:48.397944 INFO::Fitting model to feature number 1238, MGYG000324920
2026-01-11 16:04:48.403264 INFO::Fitting model to feature number 1239, Eubacterium_J sp910586045
2026-01-11 16:04:48.407017 INFO::Fitting model to feature number 1240, MGYG000331263
2026-01-11 16:04:48.414654 INFO::Fitting model to feature number 1241, Kineothrix sp910579645
2026-01-11 16:04:48.421699 INFO::Fitting model to feature number 1242, Kineothrix sp023399455
2026-01-11 16:04:48.428761 INFO::Fitting model to feature number 1243, Kineothrix sp910578405
2026-01-11 16:04:48.436291 INFO::Fitting model to feature number 1244, MGBC164599 sp910584115
2026-01-11 16:04:48.443182 INFO::Fitting model to feature number 1245, MGYG000330773
2026-01-11 16:04:48.446806 WARNING::Fitting problem for feature 1245 returning NA
2026-01-11 16:04:48.449204 INFO::Fitting model to feature number 1246, MGYG000323038
2026-01-11 16:04:48.453282 INFO::Fitting model to feature number 1247, Caccovicinus sp910589195
2026-01-11 16:04:48.459883 INFO::Fitting model to feature number 1248, Copromonas sp910585355
2026-01-11 16:04:48.465911 INFO::Fitting model to feature number 1249, MGYG000329350
2026-01-11 16:04:48.471291 INFO::Fitting model to feature number 1250, Copromonas sp900066535
2026-01-11 16:04:48.475183 INFO::Fitting model to feature number 1251, MGYG000346909
2026-01-11 16:04:48.480865 INFO::Fitting model to feature number 1252, Eisenbergiella porci
2026-01-11 16:04:48.486268 INFO::Fitting model to feature number 1253, MGYG000379181
2026-01-11 16:04:48.491228 INFO::Fitting model to feature number 1254, CAG-510 sp910578335
2026-01-11 16:04:48.496625 INFO::Fitting model to feature number 1255, CAG-510 sp910577015
2026-01-11 16:04:48.502019 INFO::Fitting model to feature number 1256, MGYG000325414
2026-01-11 16:04:48.506846 INFO::Fitting model to feature number 1257, MGYG000328974
2026-01-11 16:04:48.50941 WARNING::Fitting problem for feature 1257 returning NA
2026-01-11 16:04:48.512015 INFO::Fitting model to feature number 1258, MGYG000329478
2026-01-11 16:04:48.51765 INFO::Fitting model to feature number 1259, SIG307 sp910577175
2026-01-11 16:04:48.552277 INFO::Fitting model to feature number 1260, Clostridium_Q symbiosum
2026-01-11 16:04:48.555565 WARNING::Fitting problem for feature 1260 returning NA
2026-01-11 16:04:48.558396 INFO::Fitting model to feature number 1261, Clostridium_Q sp009911305
2026-01-11 16:04:48.565298 INFO::Fitting model to feature number 1262, Enterocloster bolteae
2026-01-11 16:04:48.571904 INFO::Fitting model to feature number 1263, MGYG000330164
2026-01-11 16:04:48.575312 INFO::Fitting model to feature number 1264, MGYG000323607
2026-01-11 16:04:48.582796 INFO::Fitting model to feature number 1265, RGIG4057 sp910577675
2026-01-11 16:04:48.58967 INFO::Fitting model to feature number 1266, RGIG8607 sp910588535
2026-01-11 16:04:48.597339 INFO::Fitting model to feature number 1267, MGBC131033 sp910585655
2026-01-11 16:04:48.602073 INFO::Fitting model to feature number 1268, MGYG000409986
2026-01-11 16:04:48.60945 INFO::Fitting model to feature number 1269, MGYG000323124
2026-01-11 16:04:48.617048 INFO::Fitting model to feature number 1270, MGYG000327294
2026-01-11 16:04:48.623794 INFO::Fitting model to feature number 1271, RUG115 sp910578885
2026-01-11 16:04:48.630713 INFO::Fitting model to feature number 1272, MGYG000410396
2026-01-11 16:04:48.636248 INFO::Fitting model to feature number 1273, RGIG7193 sp910586125
2026-01-11 16:04:48.639164 INFO::Fitting model to feature number 1274, Agathobacter sp910587655
2026-01-11 16:04:48.644013 INFO::Fitting model to feature number 1275, MGYG000410161
2026-01-11 16:04:48.647612 WARNING::Fitting problem for feature 1275 returning NA
2026-01-11 16:04:48.649965 INFO::Fitting model to feature number 1276, MGYG000327199
2026-01-11 16:04:48.656538 INFO::Fitting model to feature number 1277, RGIG3040 sp910585715
2026-01-11 16:04:48.664359 INFO::Fitting model to feature number 1278, Butyrivibrio_A sp000431815
2026-01-11 16:04:48.669406 INFO::Fitting model to feature number 1279, MGYG000325389
2026-01-11 16:04:48.677508 INFO::Fitting model to feature number 1280, CAG-303 sp910577835
2026-01-11 16:04:48.685841 INFO::Fitting model to feature number 1281, CAG-303 sp910584685
2026-01-11 16:04:48.688518 WARNING::Fitting problem for feature 1281 returning NA
2026-01-11 16:04:48.690666 INFO::Fitting model to feature number 1282, MGYG000327534
2026-01-11 16:04:48.698333 INFO::Fitting model to feature number 1283, An181 sp910585545
2026-01-11 16:04:48.702293 INFO::Fitting model to feature number 1284, RGIG3002 sp910579805
2026-01-11 16:04:48.70839 INFO::Fitting model to feature number 1285, MGYG000323516
2026-01-11 16:04:48.715431 INFO::Fitting model to feature number 1286, MGBC120314 sp910584325
2026-01-11 16:04:48.719882 INFO::Fitting model to feature number 1287, CAG-632 sp910587045
2026-01-11 16:04:48.722503 WARNING::Fitting problem for feature 1287 returning NA
2026-01-11 16:04:48.725542 INFO::Fitting model to feature number 1288, MGBC136627 sp910585935
2026-01-11 16:04:48.728479 WARNING::Fitting problem for feature 1288 returning NA
2026-01-11 16:04:48.73075 INFO::Fitting model to feature number 1289, MGBC165282 sp910589265
2026-01-11 16:04:48.734578 INFO::Fitting model to feature number 1290, Mediterraneibacter_A sp022790755
2026-01-11 16:04:48.739577 INFO::Fitting model to feature number 1291, Hungatella effluvii
2026-01-11 16:04:48.743585 INFO::Fitting model to feature number 1292, Mobilitalea sp023395555
2026-01-11 16:04:48.749059 INFO::Fitting model to feature number 1293, Fusicatenibacter saccharivorans
2026-01-11 16:04:48.751823 INFO::Fitting model to feature number 1294, CAG-411 sp014799595
2026-01-11 16:04:48.756967 INFO::Fitting model to feature number 1295, MGYG000323744
2026-01-11 16:04:48.763491 INFO::Fitting model to feature number 1296, MGBC143606 sp910587935
2026-01-11 16:04:48.767061 INFO::Fitting model to feature number 1297, Ruminococcus_B gnavus
2026-01-11 16:04:48.769537 WARNING::Fitting problem for feature 1297 returning NA
2026-01-11 16:04:48.771644 INFO::Fitting model to feature number 1298, Frisingicoccus caecimuris
2026-01-11 16:04:48.774216 WARNING::Fitting problem for feature 1298 returning NA
2026-01-11 16:04:48.776239 INFO::Fitting model to feature number 1299, Lawsonibacter sp900066645
2026-01-11 16:04:48.779159 WARNING::Fitting problem for feature 1299 returning NA
2026-01-11 16:04:48.781623 INFO::Fitting model to feature number 1300, MGYG000327494
2026-01-11 16:04:48.786432 INFO::Fitting model to feature number 1301, MGYG000325423
2026-01-11 16:04:48.791647 INFO::Fitting model to feature number 1302, Dysosmobacter sp022797935
2026-01-11 16:04:48.797309 INFO::Fitting model to feature number 1303, MGYG000327261
2026-01-11 16:04:48.800871 INFO::Fitting model to feature number 1304, Dysosmobacter sp910588005
2026-01-11 16:04:48.80556 INFO::Fitting model to feature number 1305, Dysosmobacter sp001916835
2026-01-11 16:04:48.810421 INFO::Fitting model to feature number 1306, Dysosmobacter sp910585165
2026-01-11 16:04:48.816362 INFO::Fitting model to feature number 1307, MGYG000329398
2026-01-11 16:04:48.821283 INFO::Fitting model to feature number 1308, MGYG000322989
2026-01-11 16:04:48.826335 INFO::Fitting model to feature number 1309, MGYG000323872
2026-01-11 16:04:48.83225 INFO::Fitting model to feature number 1310, Pelethomonas sp022797115
2026-01-11 16:04:48.839429 INFO::Fitting model to feature number 1311, Pelethomonas sp910584045
2026-01-11 16:04:48.845965 INFO::Fitting model to feature number 1312, MGYG000325682
2026-01-11 16:04:48.852464 INFO::Fitting model to feature number 1313, MGYG000329870
2026-01-11 16:04:48.857665 INFO::Fitting model to feature number 1314, MGYG000409933
2026-01-11 16:04:48.863091 INFO::Fitting model to feature number 1315, MGYG000325610
2026-01-11 16:04:48.866242 WARNING::Fitting problem for feature 1315 returning NA
2026-01-11 16:04:48.86845 INFO::Fitting model to feature number 1316, Faecousia sp900544705
2026-01-11 16:04:48.871737 INFO::Fitting model to feature number 1317, MGYG000327369
2026-01-11 16:04:48.877561 INFO::Fitting model to feature number 1318, MGYG000327333
2026-01-11 16:04:48.884279 INFO::Fitting model to feature number 1319, Marseille-P3106 sp905219705
2026-01-11 16:04:48.88751 WARNING::Fitting problem for feature 1319 returning NA
2026-01-11 16:04:48.89012 INFO::Fitting model to feature number 1320, Marseille-P3106 sp910577415
2026-01-11 16:04:48.893699 INFO::Fitting model to feature number 1321, MGYG000329177
2026-01-11 16:04:48.899666 INFO::Fitting model to feature number 1322, HGM13010 sp022800755
2026-01-11 16:04:48.904945 INFO::Fitting model to feature number 1323, Flavonifractor plautii
2026-01-11 16:04:48.9107 INFO::Fitting model to feature number 1324, Intestinimonas butyriciproducens
2026-01-11 16:04:48.914472 WARNING::Fitting problem for feature 1324 returning NA
2026-01-11 16:04:48.917572 INFO::Fitting model to feature number 1325, MGBC124762 sp910579775
2026-01-11 16:04:48.921833 INFO::Fitting model to feature number 1326, MGYG000329700
2026-01-11 16:04:48.926833 INFO::Fitting model to feature number 1327, MGYG000323009
2026-01-11 16:04:48.933805 INFO::Fitting model to feature number 1328, MGYG000326780
2026-01-11 16:04:48.938513 INFO::Fitting model to feature number 1329, MGYG000329402
2026-01-11 16:04:48.943249 INFO::Fitting model to feature number 1330, MGYG000411571
2026-01-11 16:04:48.946896 INFO::Fitting model to feature number 1331, MGYG000356933
2026-01-11 16:04:48.952192 INFO::Fitting model to feature number 1332, MGYG000376485
2026-01-11 16:04:48.956895 INFO::Fitting model to feature number 1333, Fimivicinus sp900544375
2026-01-11 16:04:48.961543 INFO::Fitting model to feature number 1334, Ruminococcus_E sp910585865
2026-01-11 16:04:48.968 INFO::Fitting model to feature number 1335, MGYG000360413
2026-01-11 16:04:48.970544 WARNING::Fitting problem for feature 1335 returning NA
2026-01-11 16:04:48.972604 INFO::Fitting model to feature number 1336, Ruthenibacterium lactatiformans
2026-01-11 16:04:48.975272 WARNING::Fitting problem for feature 1336 returning NA
2026-01-11 16:04:48.9783 INFO::Fitting model to feature number 1337, MGYG000410556
2026-01-11 16:04:48.986479 INFO::Fitting model to feature number 1338, MGYG000410798
2026-01-11 16:04:48.994572 INFO::Fitting model to feature number 1339, MGYG000327515
2026-01-11 16:04:48.998852 INFO::Fitting model to feature number 1340, MGYG000325568
2026-01-11 16:04:49.007063 INFO::Fitting model to feature number 1341, MGYG000325411
2026-01-11 16:04:49.011449 INFO::Fitting model to feature number 1342, MGYG000328314
2026-01-11 16:04:49.01864 INFO::Fitting model to feature number 1343, CAG-115 sp910587135
2026-01-11 16:04:49.025353 INFO::Fitting model to feature number 1344, CAG-115 sp910577365
2026-01-11 16:04:49.032878 INFO::Fitting model to feature number 1345, CAG-115 sp910587465
2026-01-11 16:04:49.037126 WARNING::Fitting problem for feature 1345 returning NA
2026-01-11 16:04:49.040457 INFO::Fitting model to feature number 1346, Faecalibacterium sp900539945
2026-01-11 16:04:49.048897 INFO::Fitting model to feature number 1347, Faecalibacterium longum
2026-01-11 16:04:49.053581 INFO::Fitting model to feature number 1348, MGYG000325416
2026-01-11 16:04:49.059211 INFO::Fitting model to feature number 1349, UBA7177 sp910579545
2026-01-11 16:04:49.062918 WARNING::Fitting problem for feature 1349 returning NA
2026-01-11 16:04:49.065545 INFO::Fitting model to feature number 1350, UBA7177 sp910578965
2026-01-11 16:04:49.072776 INFO::Fitting model to feature number 1351, Neobittarella massiliensis
2026-01-11 16:04:49.079019 INFO::Fitting model to feature number 1352, Gemmiger formicilis
2026-01-11 16:04:49.084073 INFO::Fitting model to feature number 1353, UBA866 sp022791945
2026-01-11 16:04:49.087018 WARNING::Fitting problem for feature 1353 returning NA
2026-01-11 16:04:49.08984 INFO::Fitting model to feature number 1354, MGYG000410783
2026-01-11 16:04:49.093116 WARNING::Fitting problem for feature 1354 returning NA
2026-01-11 16:04:49.096175 INFO::Fitting model to feature number 1355, MGYG000330170
2026-01-11 16:04:49.100419 INFO::Fitting model to feature number 1356, QXXE01 sp910586105
2026-01-11 16:04:49.103658 WARNING::Fitting problem for feature 1356 returning NA
2026-01-11 16:04:49.106284 INFO::Fitting model to feature number 1357, MGYG000330847
2026-01-11 16:04:49.110055 INFO::Fitting model to feature number 1358, Coproplasma sp910586035
2026-01-11 16:04:49.117296 INFO::Fitting model to feature number 1359, Coproplasma sp910579295
2026-01-11 16:04:49.121207 INFO::Fitting model to feature number 1360, Coproplasma sp910587825
2026-01-11 16:04:49.124577 WARNING::Fitting problem for feature 1360 returning NA
2026-01-11 16:04:49.127253 INFO::Fitting model to feature number 1361, Coproplasma sp910585705
2026-01-11 16:04:49.134123 INFO::Fitting model to feature number 1362, Coproplasma sp910576655
2026-01-11 16:04:49.139684 INFO::Fitting model to feature number 1363, MGYG000410549
2026-01-11 16:04:49.145702 INFO::Fitting model to feature number 1364, Coproplasma sp910577555
2026-01-11 16:04:49.152208 INFO::Fitting model to feature number 1365, Gallimonas sp910586985
2026-01-11 16:04:49.158273 INFO::Fitting model to feature number 1366, Gallimonas sp910586365
2026-01-11 16:04:49.161955 INFO::Fitting model to feature number 1367, Gallimonas sp910589015
2026-01-11 16:04:49.168859 INFO::Fitting model to feature number 1368, Gallimonas sp910586825
2026-01-11 16:04:49.17326 WARNING::Fitting problem for feature 1368 returning NA
2026-01-11 16:04:49.176374 INFO::Fitting model to feature number 1369, Anaerocaecibacter sp910579205
2026-01-11 16:04:49.184136 INFO::Fitting model to feature number 1370, Anaerocaecibacter sp910585055
2026-01-11 16:04:49.187073 INFO::Fitting model to feature number 1371, MGYG000327384
2026-01-11 16:04:49.19146 INFO::Fitting model to feature number 1372, MGBC157735 sp910588155
2026-01-11 16:04:49.198112 INFO::Fitting model to feature number 1373, Pumilibacter sp910579245
2026-01-11 16:04:49.203604 INFO::Fitting model to feature number 1374, UBA11524 sp000437595
2026-01-11 16:04:49.208282 INFO::Fitting model to feature number 1375, MGYG000388556
2026-01-11 16:04:49.213609 INFO::Fitting model to feature number 1376, Zhenpiania sp910583765
2026-01-11 16:04:49.218893 INFO::Fitting model to feature number 1377, VUNA01 sp002299625
2026-01-11 16:04:49.223722 INFO::Fitting model to feature number 1378, Clostridioides difficile
2026-01-11 16:04:49.229846 INFO::Fitting model to feature number 1379, MGYG000369796
2026-01-11 16:04:49.236266 INFO::Fitting model to feature number 1380, MGYG000328055
2026-01-11 16:04:49.242334 INFO::Fitting model to feature number 1381, MGYG000411369
2026-01-11 16:04:49.245685 INFO::Fitting model to feature number 1382, Clostridium sp910588715
2026-01-11 16:04:49.25017 INFO::Fitting model to feature number 1383, CAG-41 sp010206265
2026-01-11 16:04:49.252569 WARNING::Fitting problem for feature 1383 returning NA
2026-01-11 16:04:49.254601 INFO::Fitting model to feature number 1384, Parasutterella excrementihominis
2026-01-11 16:04:49.259533 INFO::Fitting model to feature number 1385, Escherichia coli
2026-01-11 16:04:49.265303 INFO::Fitting model to feature number 1386, Klebsiella michiganensis
2026-01-11 16:04:49.271648 INFO::Fitting model to feature number 1387, MGYG000408998
2026-01-11 16:04:49.277844 INFO::Fitting model to feature number 1388, MGYG000324409
2026-01-11 16:04:49.284806 INFO::Fitting model to feature number 1389, MGYG000366359
2026-01-11 16:04:49.290334 INFO::Fitting model to feature number 1390, MGYG000411437
2026-01-11 16:04:49.296594 INFO::Fitting model to feature number 1391, MGYG000350430
2026-01-11 16:04:49.300235 WARNING::Fitting problem for feature 1391 returning NA
2026-01-11 16:04:49.302573 INFO::Fitting model to feature number 1392, MGYG000346441
2026-01-11 16:04:49.305019 WARNING::Fitting problem for feature 1392 returning NA
2026-01-11 16:04:49.307047 INFO::Fitting model to feature number 1393, MGYG000322940
2026-01-11 16:04:49.314235 INFO::Fitting model to feature number 1394, MGYG000410841
2026-01-11 16:04:49.319988 INFO::Fitting model to feature number 1395, Zag111 sp910584405
2026-01-11 16:04:49.327204 INFO::Fitting model to feature number 1396, Avigastranaerophilus sp910583875
2026-01-11 16:04:49.330565 INFO::Fitting model to feature number 1397, MGBC122484 sp910583725
2026-01-11 16:04:49.33438 INFO::Fitting model to feature number 1398, MGYG000326931
2026-01-11 16:04:49.336555 WARNING::Fitting problem for feature 1398 returning NA
2026-01-11 16:04:49.338383 INFO::Fitting model to feature number 1399, MGYG000405972
2026-01-11 16:04:49.34246 INFO::Fitting model to feature number 1400, MGYG000328795
2026-01-11 16:04:49.344633 WARNING::Fitting problem for feature 1400 returning NA
2026-01-11 16:04:49.346978 INFO::Fitting model to feature number 1401, HGM10857 sp910578745
2026-01-11 16:04:49.351353 INFO::Fitting model to feature number 1402, MGYG000410710
2026-01-11 16:04:49.355484 INFO::Fitting model to feature number 1403, Acetatifactor muris
2026-01-11 16:04:49.359933 INFO::Fitting model to feature number 1404, MGYG000325356
2026-01-11 16:04:49.364779 INFO::Fitting model to feature number 1405, MGYG000329400
2026-01-11 16:04:49.367803 INFO::Fitting model to feature number 1406, Coprocola sp910587735
2026-01-11 16:04:49.372072 INFO::Fitting model to feature number 1407, MGYG000387050
2026-01-11 16:04:49.376731 INFO::Fitting model to feature number 1408, MGYG000326286
2026-01-11 16:04:49.380311 INFO::Fitting model to feature number 1409, Ruminococcus sp910576995
2026-01-11 16:04:49.383502 INFO::Fitting model to feature number 1410, Ruminococcus sp910579835
2026-01-11 16:04:49.386254 INFO::Fitting model to feature number 1411, Ruminococcus sp900540005
2026-01-11 16:04:49.393787 INFO::Fitting model to feature number 1412, Ruminococcus sp002362175
2026-01-11 16:04:49.397688 INFO::Fitting model to feature number 1413, Ruminococcus sp910577575
2026-01-11 16:04:49.401076 INFO::Fitting model to feature number 1414, MGYG000410441
2026-01-11 16:04:49.405182 INFO::Fitting model to feature number 1415, MGYG000365643
2026-01-11 16:04:49.412201 INFO::Fitting model to feature number 1416, MGYG000369368
2026-01-11 16:04:49.416373 INFO::Fitting model to feature number 1417, MGYG000330830
2026-01-11 16:04:49.418789 WARNING::Fitting problem for feature 1417 returning NA
2026-01-11 16:04:49.420681 INFO::Fitting model to feature number 1418, MGYG000324069
2026-01-11 16:04:49.423386 INFO::Fitting model to feature number 1419, MGYG000392389
2026-01-11 16:04:49.425977 INFO::Fitting model to feature number 1420, Coproplasma sp910578195
2026-01-11 16:04:49.43099 INFO::Fitting model to feature number 1421, Gallimonas sp910588615
2026-01-11 16:04:49.434452 INFO::Fitting model to feature number 1422, Fimimonas sp910586905
2026-01-11 16:04:49.437266 INFO::Fitting model to feature number 1423, MGYG000329863
2026-01-11 16:04:49.44208 INFO::Fitting model to feature number 1424, Pseudomonas aeruginosa
2026-01-11 16:04:49.448387 INFO::Fitting model to feature number 1425, C-19 sp022799495
2026-01-11 16:04:49.45342 INFO::Fitting model to feature number 1426, MGBC140090 sp910586805
2026-01-11 16:04:49.458081 INFO::Fitting model to feature number 1427, MGYG000337677
2026-01-11 16:04:49.463294 INFO::Fitting model to feature number 1428, Staphylococcus nepalensis
2026-01-11 16:04:49.46664 INFO::Fitting model to feature number 1429, D16-34 sp910588485
2026-01-11 16:04:49.471237 INFO::Fitting model to feature number 1430, UMGS1502 sp900552365
2026-01-11 16:04:49.475929 INFO::Fitting model to feature number 1431, CACZQA01 sp900758075
2026-01-11 16:04:49.481284 INFO::Fitting model to feature number 1432, MGYG000325313
2026-01-11 16:04:49.486303 INFO::Fitting model to feature number 1433, Schaedlerella glycyrrhizinilytica_A
2026-01-11 16:04:49.49219 INFO::Fitting model to feature number 1434, MGYG000322968
2026-01-11 16:04:49.497484 INFO::Fitting model to feature number 1435, Butyribacter sp003612285
2026-01-11 16:04:49.501708 INFO::Fitting model to feature number 1436, Butyribacter sp910580005
2026-01-11 16:04:49.506423 INFO::Fitting model to feature number 1437, MGYG000325492
2026-01-11 16:04:49.510803 INFO::Fitting model to feature number 1438, Acetatifactor sp910578815
2026-01-11 16:04:49.516316 INFO::Fitting model to feature number 1439, Acetatifactor sp910583845
2026-01-11 16:04:49.521037 INFO::Fitting model to feature number 1440, MGYG000328399
2026-01-11 16:04:49.526546 INFO::Fitting model to feature number 1441, Acetatifactor sp910587755
2026-01-11 16:04:49.53279 INFO::Fitting model to feature number 1442, MGYG000329698
2026-01-11 16:04:49.539101 INFO::Fitting model to feature number 1443, CAG-95 sp009774465
2026-01-11 16:04:49.544499 INFO::Fitting model to feature number 1444, MGYG000410124
2026-01-11 16:04:49.55168 INFO::Fitting model to feature number 1445, UBA2882 sp002362385
2026-01-11 16:04:49.556088 INFO::Fitting model to feature number 1446, MGYG000350270
2026-01-11 16:04:49.559941 INFO::Fitting model to feature number 1447, MGYG000411484
2026-01-11 16:04:49.563892 WARNING::Fitting problem for feature 1447 returning NA
2026-01-11 16:04:49.566877 INFO::Fitting model to feature number 1448, 1XD42-69 sp003612565
2026-01-11 16:04:49.573779 INFO::Fitting model to feature number 1449, MGYG000324730
2026-01-11 16:04:49.580873 INFO::Fitting model to feature number 1450, Blautia_A wexlerae
2026-01-11 16:04:49.58596 INFO::Fitting model to feature number 1451, Bariatricus comes
2026-01-11 16:04:49.590842 INFO::Fitting model to feature number 1452, Wujia sp002493625
2026-01-11 16:04:49.594848 WARNING::Fitting problem for feature 1452 returning NA
2026-01-11 16:04:49.598038 INFO::Fitting model to feature number 1453, MGYG000322947
2026-01-11 16:04:49.605303 INFO::Fitting model to feature number 1454, MGYG000322925
2026-01-11 16:04:49.608575 WARNING::Fitting problem for feature 1454 returning NA
2026-01-11 16:04:49.611242 INFO::Fitting model to feature number 1455, MGYG000330643
2026-01-11 16:04:49.614679 WARNING::Fitting problem for feature 1455 returning NA
2026-01-11 16:04:49.617235 INFO::Fitting model to feature number 1456, MGYG000325949
2026-01-11 16:04:49.622262 INFO::Fitting model to feature number 1457, Acutalibacter ornithocaccae
2026-01-11 16:04:49.627097 INFO::Fitting model to feature number 1458, Eubacterium_R sp910577195
2026-01-11 16:04:49.630504 INFO::Fitting model to feature number 1459, Avimonas_A sp022800315
2026-01-11 16:04:49.637403 INFO::Fitting model to feature number 1460, UBA3818 sp904397845
2026-01-11 16:04:49.644719 INFO::Fitting model to feature number 1461, MGYG000354216
2026-01-11 16:04:49.651887 INFO::Fitting model to feature number 1462, MGYG000350425
2026-01-11 16:04:49.658845 INFO::Fitting model to feature number 1463, MGYG000340095
2026-01-11 16:04:49.663279 INFO::Fitting model to feature number 1464, MGYG000336507
2026-01-11 16:04:49.671383 INFO::Fitting model to feature number 1465, Agrobacterium pusense
2026-01-11 16:04:49.676339 INFO::Fitting model to feature number 1466, MGYG000325577
2026-01-11 16:04:49.68435 INFO::Fitting model to feature number 1467, MGYG000325533
2026-01-11 16:04:49.691612 INFO::Fitting model to feature number 1468, MGYG000325757
2026-01-11 16:04:49.69521 WARNING::Fitting problem for feature 1468 returning NA
2026-01-11 16:04:49.698187 INFO::Fitting model to feature number 1469, MGYG000325642
2026-01-11 16:04:49.704963 INFO::Fitting model to feature number 1470, Limisoma sp900544305
2026-01-11 16:04:49.711181 INFO::Fitting model to feature number 1471, MGYG000325491
2026-01-11 16:04:49.718226 INFO::Fitting model to feature number 1472, MGYG000325376
2026-01-11 16:04:49.721418 INFO::Fitting model to feature number 1473, Alistipes putredinis
2026-01-11 16:04:49.726201 INFO::Fitting model to feature number 1474, MGYG000325739
2026-01-11 16:04:49.729645 INFO::Fitting model to feature number 1475, MGYG000325349
2026-01-11 16:04:49.73534 INFO::Fitting model to feature number 1476, MGYG000325640
2026-01-11 16:04:49.737856 WARNING::Fitting problem for feature 1476 returning NA
2026-01-11 16:04:49.739902 INFO::Fitting model to feature number 1477, Alistipes onderdonkii
2026-01-11 16:04:49.746413 INFO::Fitting model to feature number 1478, Alistipes sp003979135
2026-01-11 16:04:49.753278 INFO::Fitting model to feature number 1479, Alistipes sp900541585
2026-01-11 16:04:49.75941 INFO::Fitting model to feature number 1480, Alistipes_A ihumii
2026-01-11 16:04:49.763157 INFO::Fitting model to feature number 1481, Bacteroides eggerthii
2026-01-11 16:04:49.766639 INFO::Fitting model to feature number 1482, Prevotella faecis
2026-01-11 16:04:49.771496 INFO::Fitting model to feature number 1483, Prevotella sp900557405
2026-01-11 16:04:49.774134 WARNING::Fitting problem for feature 1483 returning NA
2026-01-11 16:04:49.776249 INFO::Fitting model to feature number 1484, MGYG000325643
2026-01-11 16:04:49.782633 INFO::Fitting model to feature number 1485, Paraprevotella stercorigallinarum
2026-01-11 16:04:49.788959 INFO::Fitting model to feature number 1486, MGYG000325375
2026-01-11 16:04:49.794996 INFO::Fitting model to feature number 1487, C-19 sp009917405
2026-01-11 16:04:49.7987 WARNING::Fitting problem for feature 1487 returning NA
2026-01-11 16:04:49.801123 INFO::Fitting model to feature number 1488, MGYG000328692
2026-01-11 16:04:49.803696 WARNING::Fitting problem for feature 1488 returning NA
2026-01-11 16:04:49.805813 INFO::Fitting model to feature number 1489, UBA2730 sp022793235
2026-01-11 16:04:49.810521 INFO::Fitting model to feature number 1490, Bacillus licheniformis
2026-01-11 16:04:49.816375 INFO::Fitting model to feature number 1491, Mailhella sp910577155
2026-01-11 16:04:49.821601 INFO::Fitting model to feature number 1492, MGYG000403150
2026-01-11 16:04:49.826264 INFO::Fitting model to feature number 1493, COE1 sp910586405
2026-01-11 16:04:49.83167 INFO::Fitting model to feature number 1494, MGYG000329391
2026-01-11 16:04:49.835619 INFO::Fitting model to feature number 1495, MGYG000327122
2026-01-11 16:04:49.840568 INFO::Fitting model to feature number 1496, Copromonas sp000435795
2026-01-11 16:04:49.846037 INFO::Fitting model to feature number 1497, Kineothrix sp910586275
2026-01-11 16:04:49.852911 INFO::Fitting model to feature number 1498, MGYG000327375
2026-01-11 16:04:49.859102 INFO::Fitting model to feature number 1499, MGYG000331235
2026-01-11 16:04:49.864455 INFO::Fitting model to feature number 1500, MGBC111451 sp910578605
2026-01-11 16:04:49.869438 INFO::Fitting model to feature number 1501, MGYG000411179
2026-01-11 16:04:49.874123 INFO::Fitting model to feature number 1502, Faecalibacterium prausnitzii
2026-01-11 16:04:49.879115 INFO::Fitting model to feature number 1503, MGYG000325383
2026-01-11 16:04:49.882548 INFO::Fitting model to feature number 1504, MGYG000323634
2026-01-11 16:04:49.888487 INFO::Fitting model to feature number 1505, Pumilibacter muris
2026-01-11 16:04:49.894928 INFO::Fitting model to feature number 1506, SFMI01 sp004556155
2026-01-11 16:04:49.898548 WARNING::Fitting problem for feature 1506 returning NA
2026-01-11 16:04:49.901514 INFO::Fitting model to feature number 1507, Escherichia ruysiae
2026-01-11 16:04:49.90721 INFO::Fitting model to feature number 1508, Klebsiella variicola
2026-01-11 16:04:49.913775 INFO::Fitting model to feature number 1509, Citrobacter_A rodentium
2026-01-11 16:04:49.918824 INFO::Fitting model to feature number 1510, Citrobacter_A amalonaticus
2026-01-11 16:04:49.923375 INFO::Fitting model to feature number 1511, MGYG000339089
2026-01-11 16:04:49.927836 INFO::Fitting model to feature number 1512, UBA7185 sp910585405
2026-01-11 16:04:49.93131 INFO::Fitting model to feature number 1513, Helicobacter_D ganmani
2026-01-11 16:04:49.936523 INFO::Fitting model to feature number 1514, Streptococcus danieliae
2026-01-11 16:04:49.939494 INFO::Fitting model to feature number 1515, Streptococcus alactolyticus
2026-01-11 16:04:49.94398 INFO::Fitting model to feature number 1516, MGYG000325510
2026-01-11 16:04:49.949598 INFO::Fitting model to feature number 1517, MGBC107952 sp910578855
2026-01-11 16:04:49.952618 INFO::Fitting model to feature number 1518, MGYG000322996
2026-01-11 16:04:49.955343 INFO::Fitting model to feature number 1519, Niallia sp001076885
2026-01-11 16:04:49.959779 INFO::Fitting model to feature number 1520, MGYG000387335
2026-01-11 16:04:49.963364 INFO::Fitting model to feature number 1521, UBA3282 sp910586615
2026-01-11 16:04:49.966412 INFO::Fitting model to feature number 1522, MGYG000325700
2026-01-11 16:04:49.971556 INFO::Fitting model to feature number 1523, UBA3282 sp910584965
2026-01-11 16:04:49.976329 INFO::Fitting model to feature number 1524, MGYG000325483
2026-01-11 16:04:49.980325 INFO::Fitting model to feature number 1525, MGYG000325802
2026-01-11 16:04:49.984979 INFO::Fitting model to feature number 1526, UBA3282 sp910586705
2026-01-11 16:04:49.987735 INFO::Fitting model to feature number 1527, UBA3282 sp910578715
2026-01-11 16:04:49.992342 INFO::Fitting model to feature number 1528, MGYG000325820
2026-01-11 16:04:49.995088 INFO::Fitting model to feature number 1529, UBA3282 sp910578475
2026-01-11 16:04:49.998129 INFO::Fitting model to feature number 1530, MGYG000325646
2026-01-11 16:04:50.002714 INFO::Fitting model to feature number 1531, MGYG000373306
2026-01-11 16:04:50.006819 INFO::Fitting model to feature number 1532, MGYG000329401
2026-01-11 16:04:50.0093 INFO::Fitting model to feature number 1533, MGYG000327529
2026-01-11 16:04:50.011721 INFO::Fitting model to feature number 1534, MGYG000410713
2026-01-11 16:04:50.017005 INFO::Fitting model to feature number 1535, MGYG000325455
2026-01-11 16:04:50.02123 INFO::Fitting model to feature number 1536, Butyribacter sp910588655
2026-01-11 16:04:50.024285 INFO::Fitting model to feature number 1537, MGYG000330215
2026-01-11 16:04:50.028939 INFO::Fitting model to feature number 1538, Eubacterium_F sp910583555
2026-01-11 16:04:50.032538 INFO::Fitting model to feature number 1539, 14-2 sp910588885
2026-01-11 16:04:50.037644 INFO::Fitting model to feature number 1540, MGYG000325200
2026-01-11 16:04:50.040691 INFO::Fitting model to feature number 1541, MGYG000410031
2026-01-11 16:04:50.044343 INFO::Fitting model to feature number 1542, COE1 sp910588755
2026-01-11 16:04:50.05149 INFO::Fitting model to feature number 1543, COE1 sp910585765
2026-01-11 16:04:50.056925 INFO::Fitting model to feature number 1544, COE1 sp009774375
2026-01-11 16:04:50.062304 INFO::Fitting model to feature number 1545, MGYG000324875
2026-01-11 16:04:50.068119 INFO::Fitting model to feature number 1546, MGYG000328347
2026-01-11 16:04:50.07115 INFO::Fitting model to feature number 1547, MGYG000331069
2026-01-11 16:04:50.073833 INFO::Fitting model to feature number 1548, MGYG000330172
2026-01-11 16:04:50.076647 INFO::Fitting model to feature number 1549, CAG-510 sp003979355
2026-01-11 16:04:50.079837 INFO::Fitting model to feature number 1550, RGIG4057 sp910585065
2026-01-11 16:04:50.083143 INFO::Fitting model to feature number 1551, CAG-603 sp022794265
2026-01-11 16:04:50.086616 INFO::Fitting model to feature number 1552, MGYG000325692
2026-01-11 16:04:50.089427 INFO::Fitting model to feature number 1553, MGYG000328520
2026-01-11 16:04:50.095453 INFO::Fitting model to feature number 1554, MGYG000325327
2026-01-11 16:04:50.100968 INFO::Fitting model to feature number 1555, UBA7050 sp003979345
2026-01-11 16:04:50.103923 INFO::Fitting model to feature number 1556, MGYG000325605
2026-01-11 16:04:50.108574 INFO::Fitting model to feature number 1557, MGBC140009 sp910586015
2026-01-11 16:04:50.115172 INFO::Fitting model to feature number 1558, MGYG000327466
2026-01-11 16:04:50.122687 INFO::Fitting model to feature number 1559, Clostridium_AP sp000509125
2026-01-11 16:04:50.129735 INFO::Fitting model to feature number 1560, MGYG000329308
2026-01-11 16:04:50.135713 INFO::Fitting model to feature number 1561, MGYG000410975
2026-01-11 16:04:50.140248 INFO::Fitting model to feature number 1562, Dysosmobacter welbionis
2026-01-11 16:04:50.147594 INFO::Fitting model to feature number 1563, MGYG000360335
2026-01-11 16:04:50.154967 INFO::Fitting model to feature number 1564, MGYG000329306
2026-01-11 16:04:50.158604 INFO::Fitting model to feature number 1565, Avispirillum sp910586545
2026-01-11 16:04:50.163805 INFO::Fitting model to feature number 1566, Anaerocaecibacter sp910586925
2026-01-11 16:04:50.168807 INFO::Fitting model to feature number 1567, Anaerocaecibacter sp910577995
2026-01-11 16:04:50.17504 INFO::Fitting model to feature number 1568, MGBC157735 sp910585955
2026-01-11 16:04:50.18183 INFO::Fitting model to feature number 1569, Pumilibacter sp910587595
2026-01-11 16:04:50.187655 INFO::Fitting model to feature number 1570, Protoclostridium sp910587025
2026-01-11 16:04:50.191644 INFO::Fitting model to feature number 1571, Coproplasma sp910587625
2026-01-11 16:04:50.198105 INFO::Fitting model to feature number 1572, Coproplasma sp910579705
2026-01-11 16:04:50.201691 INFO::Fitting model to feature number 1573, Lentihominibacter faecis
2026-01-11 16:04:50.205537 INFO::Fitting model to feature number 1574, MGYG000324400
2026-01-11 16:04:50.210308 INFO::Fitting model to feature number 1575, MGYG000357081
2026-01-11 16:04:50.213975 INFO::Fitting model to feature number 1576, Leuconostoc citreum
2026-01-11 16:04:50.216851 WARNING::Fitting problem for feature 1576 returning NA
2026-01-11 16:04:50.219772 INFO::Fitting model to feature number 1577, Enterococcus_E cecorum
2026-01-11 16:04:50.22356 WARNING::Fitting problem for feature 1577 returning NA
2026-01-11 16:04:50.226662 INFO::Fitting model to feature number 1578, MGYG000410809
2026-01-11 16:04:50.230126 WARNING::Fitting problem for feature 1578 returning NA
2026-01-11 16:04:50.232966 INFO::Fitting model to feature number 1579, Anaerotardibacter sp000434775
2026-01-11 16:04:50.23635 WARNING::Fitting problem for feature 1579 returning NA
2026-01-11 16:04:50.239153 INFO::Fitting model to feature number 1580, MGYG000325716
2026-01-11 16:04:50.242417 WARNING::Fitting problem for feature 1580 returning NA
2026-01-11 16:04:50.24512 INFO::Fitting model to feature number 1581, Bacteroides fragilis
2026-01-11 16:04:50.251031 INFO::Fitting model to feature number 1582, Eubacterium_F sp910589595
2026-01-11 16:04:50.254019 INFO::Fitting model to feature number 1583, Acetatifactor sp910584435
2026-01-11 16:04:50.256407 WARNING::Fitting problem for feature 1583 returning NA
2026-01-11 16:04:50.258613 INFO::Fitting model to feature number 1584, Butyribacter sp003611745
2026-01-11 16:04:50.261606 INFO::Fitting model to feature number 1585, MGYG000410930
2026-01-11 16:04:50.268396 INFO::Fitting model to feature number 1586, MGYG000410149
2026-01-11 16:04:50.275537 INFO::Fitting model to feature number 1587, MGYG000328377
2026-01-11 16:04:50.278741 WARNING::Fitting problem for feature 1587 returning NA
2026-01-11 16:04:50.281357 INFO::Fitting model to feature number 1588, MGYG000324606
2026-01-11 16:04:50.284178 WARNING::Fitting problem for feature 1588 returning NA
2026-01-11 16:04:50.286378 INFO::Fitting model to feature number 1589, Dorea_A longicatena
2026-01-11 16:04:50.289112 WARNING::Fitting problem for feature 1589 returning NA
2026-01-11 16:04:50.291157 INFO::Fitting model to feature number 1590, MGYG000323390
2026-01-11 16:04:50.294285 WARNING::Fitting problem for feature 1590 returning NA
2026-01-11 16:04:50.297002 INFO::Fitting model to feature number 1591, CALWPV01 sp022794035
2026-01-11 16:04:50.300317 INFO::Fitting model to feature number 1592, Dysosmobacter sp900763685
2026-01-11 16:04:50.30279 WARNING::Fitting problem for feature 1592 returning NA
2026-01-11 16:04:50.304888 INFO::Fitting model to feature number 1593, Evtepia sp004556345
2026-01-11 16:04:50.307219 WARNING::Fitting problem for feature 1593 returning NA
2026-01-11 16:04:50.309967 INFO::Fitting model to feature number 1594, Evtepia gabavorous
2026-01-11 16:04:50.313586 WARNING::Fitting problem for feature 1594 returning NA
2026-01-11 16:04:50.316561 INFO::Fitting model to feature number 1595, MGYG000387732
2026-01-11 16:04:50.319909 WARNING::Fitting problem for feature 1595 returning NA
2026-01-11 16:04:50.32262 INFO::Fitting model to feature number 1596, Avoscillospira_A sp022795735
2026-01-11 16:04:50.325791 WARNING::Fitting problem for feature 1596 returning NA
2026-01-11 16:04:50.328381 INFO::Fitting model to feature number 1597, Eubacterium_R sp009774735
2026-01-11 16:04:50.332443 INFO::Fitting model to feature number 1598, MGYG000325665
2026-01-11 16:04:50.335878 INFO::Fitting model to feature number 1599, Eubacterium_R sp910584985
2026-01-11 16:04:50.338864 INFO::Fitting model to feature number 1600, Eubacterium_R sp910577215
2026-01-11 16:04:50.341808 INFO::Fitting model to feature number 1601, MGYG000325451
2026-01-11 16:04:50.344841 INFO::Fitting model to feature number 1602, MGYG000403628
2026-01-11 16:04:50.348488 INFO::Fitting model to feature number 1603, MGYG000327108
2026-01-11 16:04:50.351687 INFO::Fitting model to feature number 1604, Bittarella massiliensis
2026-01-11 16:04:50.35428 WARNING::Fitting problem for feature 1604 returning NA
2026-01-11 16:04:50.356985 INFO::Fitting model to feature number 1605, MGYG000327115
2026-01-11 16:04:50.360336 WARNING::Fitting problem for feature 1605 returning NA
2026-01-11 16:04:50.36312 INFO::Fitting model to feature number 1606, MGYG000358052
2026-01-11 16:04:50.369765 INFO::Fitting model to feature number 1607, MGYG000325728
2026-01-11 16:04:50.373111 WARNING::Fitting problem for feature 1607 returning NA
2026-01-11 16:04:50.37519 INFO::Fitting model to feature number 1608, MGYG000325324
2026-01-11 16:04:50.378991 INFO::Fitting model to feature number 1609, MGYG000325708
2026-01-11 16:04:50.381866 WARNING::Fitting problem for feature 1609 returning NA
2026-01-11 16:04:50.385743 INFO::Fitting model to feature number 1610, MGYG000410978
2026-01-11 16:04:50.388401 WARNING::Fitting problem for feature 1610 returning NA
2026-01-11 16:04:50.390635 INFO::Fitting model to feature number 1611, MGYG000329907
2026-01-11 16:04:50.393547 INFO::Fitting model to feature number 1612, MGYG000411499
2026-01-11 16:04:50.400331 INFO::Fitting model to feature number 1613, QAKD01 sp022793975
2026-01-11 16:04:50.403846 WARNING::Fitting problem for feature 1613 returning NA
2026-01-11 16:04:50.406732 INFO::Fitting model to feature number 1614, Reyranella aquatilis
2026-01-11 16:04:50.410046 WARNING::Fitting problem for feature 1614 returning NA
2026-01-11 16:04:50.412064 INFO::Fitting model to feature number 1615, MGYG000339341
2026-01-11 16:04:50.415312 WARNING::Fitting problem for feature 1615 returning NA
2026-01-11 16:04:50.418414 INFO::Fitting model to feature number 1616, Collinsella bouchesdurhonensis
2026-01-11 16:04:50.422402 WARNING::Fitting problem for feature 1616 returning NA
2026-01-11 16:04:50.42538 INFO::Fitting model to feature number 1617, Desulfovibrio sp900319575
2026-01-11 16:04:50.428968 WARNING::Fitting problem for feature 1617 returning NA
2026-01-11 16:04:50.43223 INFO::Fitting model to feature number 1618, MGYG000325614
2026-01-11 16:04:50.440287 INFO::Fitting model to feature number 1619, Dielma fastidiosa
2026-01-11 16:04:50.447436 INFO::Fitting model to feature number 1620, UBA1067 sp902788415
2026-01-11 16:04:50.451915 WARNING::Fitting problem for feature 1620 returning NA
2026-01-11 16:04:50.455078 INFO::Fitting model to feature number 1621, UBA3282 sp910578555
2026-01-11 16:04:50.461178 INFO::Fitting model to feature number 1622, MGYG000330584
2026-01-11 16:04:50.464212 WARNING::Fitting problem for feature 1622 returning NA
2026-01-11 16:04:50.466452 INFO::Fitting model to feature number 1623, MGYG000410602
2026-01-11 16:04:50.468979 WARNING::Fitting problem for feature 1623 returning NA
2026-01-11 16:04:50.470914 INFO::Fitting model to feature number 1624, Howiella sp022791355
2026-01-11 16:04:50.475499 INFO::Fitting model to feature number 1625, QXXE01 sp910589115
2026-01-11 16:04:50.477801 WARNING::Fitting problem for feature 1625 returning NA
2026-01-11 16:04:50.480376 INFO::Fitting model to feature number 1626, Anaerocaecibacter sp910587805
2026-01-11 16:04:50.485522 INFO::Fitting model to feature number 1627, Ventricola sp900542395
2026-01-11 16:04:50.488136 WARNING::Fitting problem for feature 1627 returning NA
2026-01-11 16:04:50.490894 INFO::Fitting model to feature number 1628, MGYG000376566
2026-01-11 16:04:50.494204 WARNING::Fitting problem for feature 1628 returning NA
2026-01-11 16:04:50.496435 INFO::Fitting model to feature number 1629, CAG-267 sp910576955
2026-01-11 16:04:50.499194 WARNING::Fitting problem for feature 1629 returning NA
2026-01-11 16:04:50.501748 INFO::Fitting model to feature number 1630, MGYG000335208
2026-01-11 16:04:50.505078 WARNING::Fitting problem for feature 1630 returning NA
2026-01-11 16:04:50.507504 INFO::Fitting model to feature number 1631, MGYG000326756
2026-01-11 16:04:50.50986 WARNING::Fitting problem for feature 1631 returning NA
2026-01-11 16:04:50.511967 INFO::Fitting model to feature number 1632, Longicatena caecimuris
2026-01-11 16:04:50.516047 INFO::Fitting model to feature number 1633, MGYG000324718
2026-01-11 16:04:50.519616 INFO::Fitting model to feature number 1634, MGYG000326954
2026-01-11 16:04:50.522448 INFO::Fitting model to feature number 1635, Coproplasma sp910578655
2026-01-11 16:04:50.526138 INFO::Fitting model to feature number 1636, Parabacteroides faecavium
2026-01-11 16:04:50.532306 INFO::Fitting model to feature number 1637, MGYG000325474
2026-01-11 16:04:50.537666 INFO::Fitting model to feature number 1638, Gallimonas sp910588465
2026-01-11 16:04:50.542094 INFO::Fitting model to feature number 1639, Ralstonia pickettii_B
2026-01-11 16:04:50.54599 INFO::Fitting model to feature number 1640, MGYG000327731
2026-01-11 16:04:50.548853 WARNING::Fitting problem for feature 1640 returning NA
2026-01-11 16:04:50.551075 INFO::Fitting model to feature number 1641, MGYG000325340
2026-01-11 16:04:50.554199 WARNING::Fitting problem for feature 1641 returning NA
2026-01-11 16:04:50.556564 INFO::Fitting model to feature number 1642, MGYG000325552
2026-01-11 16:04:50.559312 INFO::Fitting model to feature number 1643, VSOB01 sp910585205
2026-01-11 16:04:50.564434 INFO::Fitting model to feature number 1644, MGYG000330463
2026-01-11 16:04:50.567155 WARNING::Fitting problem for feature 1644 returning NA
2026-01-11 16:04:50.569347 INFO::Fitting model to feature number 1645, Robinsoniella sp900555455
2026-01-11 16:04:50.57173 WARNING::Fitting problem for feature 1645 returning NA
2026-01-11 16:04:50.573769 INFO::Fitting model to feature number 1646, Lawsonibacter asaccharolyticus
2026-01-11 16:04:50.576107 WARNING::Fitting problem for feature 1646 returning NA
2026-01-11 16:04:50.578306 INFO::Fitting model to feature number 1647, Enterenecus sp932222125
2026-01-11 16:04:50.58145 WARNING::Fitting problem for feature 1647 returning NA
2026-01-11 16:04:50.584069 INFO::Fitting model to feature number 1648, MGYG000330031
2026-01-11 16:04:50.587406 WARNING::Fitting problem for feature 1648 returning NA
2026-01-11 16:04:50.589634 INFO::Fitting model to feature number 1649, CAG-170 sp900553545
2026-01-11 16:04:50.592 WARNING::Fitting problem for feature 1649 returning NA
2026-01-11 16:04:50.594404 INFO::Fitting model to feature number 1650, Oscillibacter sp002455655
2026-01-11 16:04:50.597427 WARNING::Fitting problem for feature 1650 returning NA
2026-01-11 16:04:50.599669 INFO::Fitting model to feature number 1651, Harryflintia sp022792175
2026-01-11 16:04:50.602386 WARNING::Fitting problem for feature 1651 returning NA
2026-01-11 16:04:50.604445 INFO::Fitting model to feature number 1652, Fimimonas sp910586625
2026-01-11 16:04:50.608132 INFO::Fitting model to feature number 1653, MGYG000344714
2026-01-11 16:04:50.614659 INFO::Fitting model to feature number 1654, MGYG000324647
2026-01-11 16:04:50.61763 WARNING::Fitting problem for feature 1654 returning NA
2026-01-11 16:04:50.619734 INFO::Fitting model to feature number 1655, MGYG000377617
2026-01-11 16:04:50.622156 WARNING::Fitting problem for feature 1655 returning NA
2026-01-11 16:04:50.624139 INFO::Fitting model to feature number 1656, Cryptobacteroides sp000434935
2026-01-11 16:04:50.627669 INFO::Fitting model to feature number 1657, MGYG000323975
2026-01-11 16:04:50.631606 INFO::Fitting model to feature number 1658, Klebsiella pneumoniae
2026-01-11 16:04:50.636877 INFO::Fitting model to feature number 1659, Citrobacter_A sedlakii
2026-01-11 16:04:50.641083 INFO::Fitting model to feature number 1660, Proteus faecis
2026-01-11 16:04:50.646161 INFO::Fitting model to feature number 1661, RUG572 sp900547945
2026-01-11 16:04:50.83124 INFO::Performing tests against medians
2026-01-11 16:04:59.857393 INFO::Counting total values for each feature
2026-01-11 16:04:59.930008 INFO::Running the logistic model component
2026-01-11 16:04:59.934418 DEBUG::Object: augment, Size: 56
2026-01-11 16:04:59.934828 DEBUG::Object: cluster, Size: 0
2026-01-11 16:04:59.935127 DEBUG::Object: cores, Size: 56
2026-01-11 16:04:59.935491 DEBUG::Object: correction, Size: 112
2026-01-11 16:04:59.935852 DEBUG::Object: extract_out, Size: 1416
2026-01-11 16:04:59.936231 DEBUG::Object: feature_specific_covariate, Size: 0
2026-01-11 16:04:59.936628 DEBUG::Object: feature_specific_covariate_name, Size: 0
2026-01-11 16:04:59.93714 DEBUG::Object: feature_specific_covariate_record, Size: 0
2026-01-11 16:04:59.937659 DEBUG::Object: features, Size: 538608
2026-01-11 16:04:59.937999 DEBUG::Object: formula, Size: 1008
2026-01-11 16:04:59.938282 DEBUG::Object: fun_list, Size: 70920
2026-01-11 16:04:59.938607 DEBUG::Object: func_to_run, Size: 435336
2026-01-11 16:04:59.93883 DEBUG::Object: groups, Size: 48
2026-01-11 16:04:59.939046 DEBUG::Object: median_comparison, Size: 56
2026-01-11 16:04:59.939267 DEBUG::Object: median_comparison_threshold, Size: 56
2026-01-11 16:04:59.939487 DEBUG::Object: metadata, Size: 9856
2026-01-11 16:04:59.939706 DEBUG::Object: model, Size: 120
2026-01-11 16:04:59.939925 DEBUG::Object: model_function, Size: 21016
2026-01-11 16:04:59.940136 DEBUG::Object: ordereds, Size: 48
2026-01-11 16:04:59.940343 DEBUG::Object: random_effects_formula, Size: 0
2026-01-11 16:04:59.940565 DEBUG::Object: ranef_function, Size: 0
2026-01-11 16:04:59.940864 DEBUG::Object: save_models, Size: 56
2026-01-11 16:04:59.941233 DEBUG::Object: small_random_effects, Size: 56
2026-01-11 16:04:59.941525 DEBUG::Object: strata, Size: 48
2026-01-11 16:04:59.941748 DEBUG::Object: subtract_median, Size: 56
2026-01-11 16:04:59.941976 DEBUG::Object: summary_function, Size: 49424
2026-01-11 16:04:59.942287 DEBUG::Object: func_to_run, Size: 435336
2026-01-11 16:04:59.942557 INFO::Fitting model to feature number 1, Akkermansia muciniphila_A
2026-01-11 16:04:59.944003 INFO::Fitting model to feature number 2, Akkermansia muciniphila
2026-01-11 16:04:59.945429 INFO::Fitting model to feature number 3, Faecalibaculum rodentium
2026-01-11 16:04:59.946789 INFO::Fitting model to feature number 4, Pelethenecus sp910579215
2026-01-11 16:04:59.95213 INFO::Fitting model to feature number 5, MGYG000325581
2026-01-11 16:04:59.958312 INFO::Fitting model to feature number 6, Alistipes finegoldii
2026-01-11 16:04:59.959812 INFO::Fitting model to feature number 7, MGYG000325477
2026-01-11 16:04:59.965095 INFO::Fitting model to feature number 8, Paramuribaculum sp001689535
2026-01-11 16:04:59.971008 INFO::Fitting model to feature number 9, Paramuribaculum sp910587425
2026-01-11 16:04:59.976977 INFO::Fitting model to feature number 10, Muribaculum intestinale
2026-01-11 16:04:59.982557 INFO::Fitting model to feature number 11, NM07-P-09 sp004793925
2026-01-11 16:04:59.984024 INFO::Fitting model to feature number 12, ZJ304 sp910584145
2026-01-11 16:04:59.990072 INFO::Fitting model to feature number 13, Bifidobacterium globosum
2026-01-11 16:04:59.995856 INFO::Fitting model to feature number 14, MGYG000333678
2026-01-11 16:04:59.99744 INFO::Fitting model to feature number 15, Schaedlerella sp910575475
2026-01-11 16:04:59.999704 INFO::Fitting model to feature number 16, Lawsonibacter sp910588635
2026-01-11 16:05:00.001411 INFO::Fitting model to feature number 17, MGBC122484 sp910587055
2026-01-11 16:05:00.008216 INFO::Fitting model to feature number 18, Desulfovibrio sp009773975
2026-01-11 16:05:00.009771 INFO::Fitting model to feature number 19, NM07-P-09 sp004793665
2026-01-11 16:05:00.015207 INFO::Fitting model to feature number 20, MGBC105563 sp910579165
2026-01-11 16:05:00.021351 INFO::Fitting model to feature number 21, MGYG000327895
2026-01-11 16:05:00.027126 INFO::Fitting model to feature number 22, Paratractidigestivibacter faecalis
2026-01-11 16:05:00.032527 INFO::Fitting model to feature number 23, Paratractidigestivibacter sp900540955
2026-01-11 16:05:00.038512 INFO::Fitting model to feature number 24, MGYG000330582
2026-01-11 16:05:00.044399 INFO::Fitting model to feature number 25, MGYG000329032
2026-01-11 16:05:00.0498 INFO::Fitting model to feature number 26, Adlercreutzia muris
2026-01-11 16:05:00.05592 INFO::Fitting model to feature number 27, Adlercreutzia caecimuris
2026-01-11 16:05:00.061673 INFO::Fitting model to feature number 28, Adlercreutzia mucosicola
2026-01-11 16:05:00.067158 INFO::Fitting model to feature number 29, MGYG000329825
2026-01-11 16:05:00.073251 INFO::Fitting model to feature number 30, Adlercreutzia hattorii
2026-01-11 16:05:00.079426 INFO::Fitting model to feature number 31, Adlercreutzia sp910589165
2026-01-11 16:05:00.08484 INFO::Fitting model to feature number 32, MGYG000329537
2026-01-11 16:05:00.092664 INFO::Fitting model to feature number 33, MGYG000327852
2026-01-11 16:05:00.09899 INFO::Fitting model to feature number 34, Adlercreutzia sp910585575
2026-01-11 16:05:00.107687 INFO::Fitting model to feature number 35, MGBC163016 sp910588205
2026-01-11 16:05:00.115588 INFO::Fitting model to feature number 36, MGBC163016 sp910589135
2026-01-11 16:05:00.12493 INFO::Fitting model to feature number 37, MGBC163016 sp910588945
2026-01-11 16:05:00.133808 INFO::Fitting model to feature number 38, MGBC163016 sp910588905
2026-01-11 16:05:00.142977 INFO::Fitting model to feature number 39, MGYG000329984
2026-01-11 16:05:00.150953 INFO::Fitting model to feature number 40, MGYG000328464
2026-01-11 16:05:00.160989 INFO::Fitting model to feature number 41, MGYG000366993
2026-01-11 16:05:00.168101 INFO::Fitting model to feature number 42, MGBC163016 sp910585565
2026-01-11 16:05:00.175959 INFO::Fitting model to feature number 43, MGBC163016 sp910589125
2026-01-11 16:05:00.18563 INFO::Fitting model to feature number 44, MGYG000328353
2026-01-11 16:05:00.195467 INFO::Fitting model to feature number 45, MGBC163016 sp910580205
2026-01-11 16:05:00.20237 INFO::Fitting model to feature number 46, MGBC163016 sp910588985
2026-01-11 16:05:00.210384 INFO::Fitting model to feature number 47, MGBC163016 sp910588435
2026-01-11 16:05:00.216102 INFO::Fitting model to feature number 48, D16-63 sp910588095
2026-01-11 16:05:00.222589 INFO::Fitting model to feature number 49, MGYG000328321
2026-01-11 16:05:00.228654 INFO::Fitting model to feature number 50, MGYG000410711
2026-01-11 16:05:00.234289 INFO::Fitting model to feature number 51, Enterorhabdus sp009911695
2026-01-11 16:05:00.241401 INFO::Fitting model to feature number 52, MGYG000329834
2026-01-11 16:05:00.247244 INFO::Fitting model to feature number 53, Enterorhabdus sp910589695
2026-01-11 16:05:00.253397 INFO::Fitting model to feature number 54, D16-34 sp910575165
2026-01-11 16:05:00.260858 INFO::Fitting model to feature number 55, D16-34 sp003612515
2026-01-11 16:05:00.26651 INFO::Fitting model to feature number 56, D16-34 sp910577495
2026-01-11 16:05:00.273121 INFO::Fitting model to feature number 57, ZJ304 sp943192905
2026-01-11 16:05:00.279319 INFO::Fitting model to feature number 58, MGYG000401219
2026-01-11 16:05:00.284955 INFO::Fitting model to feature number 59, Parvibacter caecicola
2026-01-11 16:05:00.291707 INFO::Fitting model to feature number 60, Parvibacter sp910587945
2026-01-11 16:05:00.29745 INFO::Fitting model to feature number 61, MGYG000329896
2026-01-11 16:05:00.303013 INFO::Fitting model to feature number 62, Parvibacter sp910588725
2026-01-11 16:05:00.309783 INFO::Fitting model to feature number 63, MGYG000328306
2026-01-11 16:05:00.315521 INFO::Fitting model to feature number 64, MGYG000328451
2026-01-11 16:05:00.321694 INFO::Fitting model to feature number 65, Anaerotardibacter sp000435675
2026-01-11 16:05:00.327729 INFO::Fitting model to feature number 66, Anaerotardibacter sp900753095
2026-01-11 16:05:00.333494 INFO::Fitting model to feature number 67, Gordonibacter pamelaeae
2026-01-11 16:05:00.339787 INFO::Fitting model to feature number 68, Eggerthella lenta
2026-01-11 16:05:00.345867 INFO::Fitting model to feature number 69, Ellagibacter isourolithinifaciens
2026-01-11 16:05:00.351515 INFO::Fitting model to feature number 70, Senegalimassilia faecalis
2026-01-11 16:05:00.360227 INFO::Fitting model to feature number 71, Slackia_A isoflavoniconvertens
2026-01-11 16:05:00.367902 INFO::Fitting model to feature number 72, Collinsella aerofaciens_J
2026-01-11 16:05:00.37825 INFO::Fitting model to feature number 73, Enorma burkinafasonensis
2026-01-11 16:05:00.387449 INFO::Fitting model to feature number 74, MGYG000410812
2026-01-11 16:05:00.396514 INFO::Fitting model to feature number 75, UMGS124 sp900555105
2026-01-11 16:05:00.405516 INFO::Fitting model to feature number 76, Bifidobacterium animalis
2026-01-11 16:05:00.413381 INFO::Fitting model to feature number 77, Bifidobacterium adolescentis
2026-01-11 16:05:00.419833 INFO::Fitting model to feature number 78, Bifidobacterium pseudocatenulatum
2026-01-11 16:05:00.426999 INFO::Fitting model to feature number 79, Bifidobacterium bifidum
2026-01-11 16:05:00.433326 INFO::Fitting model to feature number 80, Bifidobacterium longum
2026-01-11 16:05:00.440628 INFO::Fitting model to feature number 81, MGYG000329693
2026-01-11 16:05:00.447396 INFO::Fitting model to feature number 82, Paramuribaculum intestinale
2026-01-11 16:05:00.454739 INFO::Fitting model to feature number 83, Paramuribaculum sp001689565
2026-01-11 16:05:00.461762 INFO::Fitting model to feature number 84, Paramuribaculum sp910579675
2026-01-11 16:05:00.468858 INFO::Fitting model to feature number 85, MGYG000329858
2026-01-11 16:05:00.47615 INFO::Fitting model to feature number 86, Paramuribaculum sp910578805
2026-01-11 16:05:00.482093 INFO::Fitting model to feature number 87, MGYG000325717
2026-01-11 16:05:00.488613 INFO::Fitting model to feature number 88, Paramuribaculum sp910579185
2026-01-11 16:05:00.49516 INFO::Fitting model to feature number 89, MGYG000329300
2026-01-11 16:05:00.500993 INFO::Fitting model to feature number 90, Paramuribaculum sp009775605
2026-01-11 16:05:00.508059 INFO::Fitting model to feature number 91, Paramuribaculum sp910586475
2026-01-11 16:05:00.513991 INFO::Fitting model to feature number 92, MGYG000325727
2026-01-11 16:05:00.519887 INFO::Fitting model to feature number 93, Paramuribaculum sp910588065
2026-01-11 16:05:00.526558 INFO::Fitting model to feature number 94, Paramuribaculum sp910578305
2026-01-11 16:05:00.532211 INFO::Fitting model to feature number 95, Paramuribaculum sp910587185
2026-01-11 16:05:00.538708 INFO::Fitting model to feature number 96, Paramuribaculum sp910577465
2026-01-11 16:05:00.545006 INFO::Fitting model to feature number 97, Paramuribaculum sp910586895
2026-01-11 16:05:00.550644 INFO::Fitting model to feature number 98, Paramuribaculum sp910589095
2026-01-11 16:05:00.557108 INFO::Fitting model to feature number 99, Paramuribaculum sp014800945
2026-01-11 16:05:00.563098 INFO::Fitting model to feature number 100, MGYG000325457
2026-01-11 16:05:00.568982 INFO::Fitting model to feature number 101, Paramuribaculum sp014802045
2026-01-11 16:05:00.575812 INFO::Fitting model to feature number 102, MGYG000325750
2026-01-11 16:05:00.581657 INFO::Fitting model to feature number 103, MGYG000325361
2026-01-11 16:05:00.587787 INFO::Fitting model to feature number 104, Paramuribaculum sp014801865
2026-01-11 16:05:00.594026 INFO::Fitting model to feature number 105, Paramuribaculum sp014801655
2026-01-11 16:05:00.599788 INFO::Fitting model to feature number 106, MGYG000325540
2026-01-11 16:05:00.607572 INFO::Fitting model to feature number 107, Duncaniella sp910576785
2026-01-11 16:05:00.614926 INFO::Fitting model to feature number 108, Duncaniella dubosii
2026-01-11 16:05:00.62403 INFO::Fitting model to feature number 109, Duncaniella sp910589485
2026-01-11 16:05:00.632125 INFO::Fitting model to feature number 110, Duncaniella sp001689575
2026-01-11 16:05:00.642447 INFO::Fitting model to feature number 111, Duncaniella muris
2026-01-11 16:05:00.652243 INFO::Fitting model to feature number 112, Duncaniella sp910578445
2026-01-11 16:05:00.66049 INFO::Fitting model to feature number 113, Duncaniella freteri
2026-01-11 16:05:00.666795 INFO::Fitting model to feature number 114, Duncaniella sp910578515
2026-01-11 16:05:00.674433 INFO::Fitting model to feature number 115, Duncaniella sp910577255
2026-01-11 16:05:00.683824 INFO::Fitting model to feature number 116, Duncaniella sp910577345
2026-01-11 16:05:00.693685 INFO::Fitting model to feature number 117, Duncaniella sp910577335
2026-01-11 16:05:00.701017 INFO::Fitting model to feature number 118, MGYG000325799
2026-01-11 16:05:00.709052 INFO::Fitting model to feature number 119, Duncaniella sp014802345
2026-01-11 16:05:00.717818 INFO::Fitting model to feature number 120, Duncaniella sp910578615
2026-01-11 16:05:00.725289 INFO::Fitting model to feature number 121, MGYG000325465
2026-01-11 16:05:00.732958 INFO::Fitting model to feature number 122, Duncaniella sp910586305
2026-01-11 16:05:00.740424 INFO::Fitting model to feature number 123, Duncaniella sp001689495
2026-01-11 16:05:00.746636 INFO::Fitting model to feature number 124, MGYG000327170
2026-01-11 16:05:00.752639 INFO::Fitting model to feature number 125, Duncaniella sp910584825
2026-01-11 16:05:00.759429 INFO::Fitting model to feature number 126, Duncaniella sp910587165
2026-01-11 16:05:00.765585 INFO::Fitting model to feature number 127, MGYG000325518
2026-01-11 16:05:00.772117 INFO::Fitting model to feature number 128, Duncaniella sp002494015
2026-01-11 16:05:00.778455 INFO::Fitting model to feature number 129, Duncaniella sp910587515
2026-01-11 16:05:00.784472 INFO::Fitting model to feature number 130, Duncaniella sp910586665
2026-01-11 16:05:00.791322 INFO::Fitting model to feature number 131, Duncaniella sp014801945
2026-01-11 16:05:00.797257 INFO::Fitting model to feature number 132, Duncaniella sp910588795
2026-01-11 16:05:00.803127 INFO::Fitting model to feature number 133, Duncaniella sp001701225
2026-01-11 16:05:00.809991 INFO::Fitting model to feature number 134, Duncaniella sp014802325
2026-01-11 16:05:00.815912 INFO::Fitting model to feature number 135, Duncaniella sp014802015
2026-01-11 16:05:00.822612 INFO::Fitting model to feature number 136, MGYG000325456
2026-01-11 16:05:00.828754 INFO::Fitting model to feature number 137, MGYG000325723
2026-01-11 16:05:00.835909 INFO::Fitting model to feature number 138, MGYG000325575
2026-01-11 16:05:00.843773 INFO::Fitting model to feature number 139, MGYG000325671
2026-01-11 16:05:00.851191 INFO::Fitting model to feature number 140, CAG-873 sp009775135
2026-01-11 16:05:00.859594 INFO::Fitting model to feature number 141, CAG-873 sp002490635
2026-01-11 16:05:00.867086 INFO::Fitting model to feature number 142, MGYG000328238
2026-01-11 16:05:00.876453 INFO::Fitting model to feature number 143, CAG-873 sp009775265
2026-01-11 16:05:00.884706 INFO::Fitting model to feature number 144, CAG-873 sp011959565
2026-01-11 16:05:00.894708 INFO::Fitting model to feature number 145, CAG-873 sp910578365
2026-01-11 16:05:00.904366 INFO::Fitting model to feature number 146, CAG-873 sp910587235
2026-01-11 16:05:00.913611 INFO::Fitting model to feature number 147, CAG-873 sp009775225
2026-01-11 16:05:00.923177 INFO::Fitting model to feature number 148, CAG-873 sp009775535
2026-01-11 16:05:00.932202 INFO::Fitting model to feature number 149, CAG-873 sp910577315
2026-01-11 16:05:00.941558 INFO::Fitting model to feature number 150, CAG-873 sp910584905
2026-01-11 16:05:00.949343 INFO::Fitting model to feature number 151, CAG-873 sp910587545
2026-01-11 16:05:00.95935 INFO::Fitting model to feature number 152, CAG-873 sp910586455
2026-01-11 16:05:00.966291 INFO::Fitting model to feature number 153, MGYG000324412
2026-01-11 16:05:00.974395 INFO::Fitting model to feature number 154, CAG-873 sp910587915
2026-01-11 16:05:00.983495 INFO::Fitting model to feature number 155, CAG-873 sp001689665
2026-01-11 16:05:00.99314 INFO::Fitting model to feature number 156, CAG-873 sp017624155
2026-01-11 16:05:01.000877 INFO::Fitting model to feature number 157, MGYG000329414
2026-01-11 16:05:01.008445 INFO::Fitting model to feature number 158, CAG-873 sp910578095
2026-01-11 16:05:01.01602 INFO::Fitting model to feature number 159, CAG-873 sp910586975
2026-01-11 16:05:01.023726 INFO::Fitting model to feature number 160, CAG-873 sp001689415
2026-01-11 16:05:01.031145 INFO::Fitting model to feature number 161, MGYG000325453
2026-01-11 16:05:01.038817 INFO::Fitting model to feature number 162, CAG-873 sp910587475
2026-01-11 16:05:01.046135 INFO::Fitting model to feature number 163, CAG-873 sp900550395
2026-01-11 16:05:01.053096 INFO::Fitting model to feature number 164, MGYG000325639
2026-01-11 16:05:01.061204 INFO::Fitting model to feature number 165, CAG-873 sp910576935
2026-01-11 16:05:01.068079 INFO::Fitting model to feature number 166, MGYG000328998
2026-01-11 16:05:01.077269 INFO::Fitting model to feature number 167, CAG-873 sp910578035
2026-01-11 16:05:01.084358 INFO::Fitting model to feature number 168, MGYG000322997
2026-01-11 16:05:01.092039 INFO::Fitting model to feature number 169, MGYG000325431
2026-01-11 16:05:01.099486 INFO::Fitting model to feature number 170, CAG-873 sp905202215
2026-01-11 16:05:01.108066 INFO::Fitting model to feature number 171, CAG-873 sp009775195
2026-01-11 16:05:01.115739 INFO::Fitting model to feature number 172, CAG-873 sp910586995
2026-01-11 16:05:01.125118 INFO::Fitting model to feature number 173, CAG-873 sp910577355
2026-01-11 16:05:01.136426 INFO::Fitting model to feature number 174, MGYG000325570
2026-01-11 16:05:01.145597 INFO::Fitting model to feature number 175, MGYG000325620
2026-01-11 16:05:01.154002 INFO::Fitting model to feature number 176, CAG-873 sp001701165
2026-01-11 16:05:01.165086 INFO::Fitting model to feature number 177, MGYG000325469
2026-01-11 16:05:01.175151 INFO::Fitting model to feature number 178, CAG-873 sp003979155
2026-01-11 16:05:01.186737 INFO::Fitting model to feature number 179, MGYG000325729
2026-01-11 16:05:01.197926 INFO::Fitting model to feature number 180, CAG-873 sp910576775
2026-01-11 16:05:01.208618 INFO::Fitting model to feature number 181, MGYG000325342
2026-01-11 16:05:01.218392 INFO::Fitting model to feature number 182, MGYG000325463
2026-01-11 16:05:01.226614 INFO::Fitting model to feature number 183, CAG-873 sp910587355
2026-01-11 16:05:01.235798 INFO::Fitting model to feature number 184, CAG-873 sp910583525
2026-01-11 16:05:01.246077 INFO::Fitting model to feature number 185, MGYG000328958
2026-01-11 16:05:01.255528 INFO::Fitting model to feature number 186, MGYG000325379
2026-01-11 16:05:01.263458 INFO::Fitting model to feature number 187, CAG-873 sp910584495
2026-01-11 16:05:01.272838 INFO::Fitting model to feature number 188, CAG-873 sp910589055
2026-01-11 16:05:01.281626 INFO::Fitting model to feature number 189, CAG-873 sp910586595
2026-01-11 16:05:01.292387 INFO::Fitting model to feature number 190, MGYG000325473
2026-01-11 16:05:01.301538 INFO::Fitting model to feature number 191, CAG-873 sp910587925
2026-01-11 16:05:01.310947 INFO::Fitting model to feature number 192, CAG-873 sp900555715
2026-01-11 16:05:01.318223 INFO::Fitting model to feature number 193, CAG-873 sp002493945
2026-01-11 16:05:01.325553 INFO::Fitting model to feature number 194, CAG-873 sp002491245
2026-01-11 16:05:01.332518 INFO::Fitting model to feature number 195, MGYG000329571
2026-01-11 16:05:01.340218 INFO::Fitting model to feature number 196, MGYG000325537
2026-01-11 16:05:01.347754 INFO::Fitting model to feature number 197, CAG-485 sp009775365
2026-01-11 16:05:01.357456 INFO::Fitting model to feature number 198, CAG-485 sp002493045
2026-01-11 16:05:01.365113 INFO::Fitting model to feature number 199, CAG-485 sp009775355
2026-01-11 16:05:01.372841 INFO::Fitting model to feature number 200, CAG-485 sp002362485
2026-01-11 16:05:01.38054 INFO::Fitting model to feature number 201, CAG-485 sp002361215
2026-01-11 16:05:01.388264 INFO::Fitting model to feature number 202, CAG-485 sp002491945
2026-01-11 16:05:01.397741 INFO::Fitting model to feature number 203, CAG-485 sp002361155
2026-01-11 16:05:01.405738 INFO::Fitting model to feature number 204, MGYG000410771
2026-01-11 16:05:01.415933 INFO::Fitting model to feature number 205, MGYG000325582
2026-01-11 16:05:01.425221 INFO::Fitting model to feature number 206, CAG-485 sp002493515
2026-01-11 16:05:01.433945 INFO::Fitting model to feature number 207, CAG-485 sp003979075
2026-01-11 16:05:01.443101 INFO::Fitting model to feature number 208, CAG-485 sp001701295
2026-01-11 16:05:01.488594 INFO::Fitting model to feature number 209, MGYG000325475
2026-01-11 16:05:01.504462 INFO::Fitting model to feature number 210, MGYG000327930
2026-01-11 16:05:01.512774 INFO::Fitting model to feature number 211, CAG-485 sp910584055
2026-01-11 16:05:01.521779 INFO::Fitting model to feature number 212, MGYG000325569
2026-01-11 16:05:01.531987 INFO::Fitting model to feature number 213, CAG-485 sp910579845
2026-01-11 16:05:01.541022 INFO::Fitting model to feature number 214, CAG-485 sp910584125
2026-01-11 16:05:01.553682 INFO::Fitting model to feature number 215, CAG-485 sp910578385
2026-01-11 16:05:01.566231 INFO::Fitting model to feature number 216, MGYG000325346
2026-01-11 16:05:01.57843 INFO::Fitting model to feature number 217, MGYG000324474
2026-01-11 16:05:01.590351 INFO::Fitting model to feature number 218, CAG-485 sp910586175
2026-01-11 16:05:01.598316 INFO::Fitting model to feature number 219, MGYG000329437
2026-01-11 16:05:01.605718 INFO::Fitting model to feature number 220, MGYG000325442
2026-01-11 16:05:01.613429 INFO::Fitting model to feature number 221, CAG-485 sp910577585
2026-01-11 16:05:01.621016 INFO::Fitting model to feature number 222, CAG-485 sp009775375
2026-01-11 16:05:01.630009 INFO::Fitting model to feature number 223, MGYG000347897
2026-01-11 16:05:01.638944 INFO::Fitting model to feature number 224, CAG-485 sp910578075
2026-01-11 16:05:01.647516 INFO::Fitting model to feature number 225, CAG-485 sp900554845
2026-01-11 16:05:01.656388 INFO::Fitting model to feature number 226, CAG-485 sp910583775
2026-01-11 16:05:01.665342 INFO::Fitting model to feature number 227, MGYG000325760
2026-01-11 16:05:01.672133 INFO::Fitting model to feature number 228, MGYG000325660
2026-01-11 16:05:01.67974 INFO::Fitting model to feature number 229, CAG-485 sp910584545
2026-01-11 16:05:01.687418 INFO::Fitting model to feature number 230, MGYG000325658
2026-01-11 16:05:01.694933 INFO::Fitting model to feature number 231, CAG-485 sp910584525
2026-01-11 16:05:01.70159 INFO::Fitting model to feature number 232, CAG-485 sp910583795
2026-01-11 16:05:01.709055 INFO::Fitting model to feature number 233, CAG-485 sp910585275
2026-01-11 16:05:01.716849 INFO::Fitting model to feature number 234, MGYG000325481
2026-01-11 16:05:01.724741 INFO::Fitting model to feature number 235, CAG-485 sp910589425
2026-01-11 16:05:01.732788 INFO::Fitting model to feature number 236, CAG-485 sp910588245
2026-01-11 16:05:01.743093 INFO::Fitting model to feature number 237, CAG-485 sp014801815
2026-01-11 16:05:01.752842 INFO::Fitting model to feature number 238, MGYG000329106
2026-01-11 16:05:01.763939 INFO::Fitting model to feature number 239, MGYG000325458
2026-01-11 16:05:01.775148 INFO::Fitting model to feature number 240, MGYG000325710
2026-01-11 16:05:01.786108 INFO::Fitting model to feature number 241, MGYG000325738
2026-01-11 16:05:01.796441 INFO::Fitting model to feature number 242, MGYG000325560
2026-01-11 16:05:01.804081 INFO::Fitting model to feature number 243, CAG-485 sp910579305
2026-01-11 16:05:01.814224 INFO::Fitting model to feature number 244, MGYG000325644
2026-01-11 16:05:01.822983 INFO::Fitting model to feature number 245, CAG-485 sp900760815
2026-01-11 16:05:01.833526 INFO::Fitting model to feature number 246, MGYG000325315
2026-01-11 16:05:01.844498 INFO::Fitting model to feature number 247, MGYG000325633
2026-01-11 16:05:01.853299 INFO::Fitting model to feature number 248, MGYG000325436
2026-01-11 16:05:01.861277 INFO::Fitting model to feature number 249, MGYG000325715
2026-01-11 16:05:01.868465 INFO::Fitting model to feature number 250, MGYG000325350
2026-01-11 16:05:01.876894 INFO::Fitting model to feature number 251, MGYG000325747
2026-01-11 16:05:01.884304 INFO::Fitting model to feature number 252, MGYG000325437
2026-01-11 16:05:01.892323 INFO::Fitting model to feature number 253, CAG-485 sp014800895
2026-01-11 16:05:01.900036 INFO::Fitting model to feature number 254, MGYG000325541
2026-01-11 16:05:01.910875 INFO::Fitting model to feature number 255, MGYG000325479
2026-01-11 16:05:01.92154 INFO::Fitting model to feature number 256, CAG-485 sp910585285
2026-01-11 16:05:01.931653 INFO::Fitting model to feature number 257, CAG-485 sp910584185
2026-01-11 16:05:01.941522 INFO::Fitting model to feature number 258, MGYG000325680
2026-01-11 16:05:01.952913 INFO::Fitting model to feature number 259, MGYG000325622
2026-01-11 16:05:01.964402 INFO::Fitting model to feature number 260, MGYG000325425
2026-01-11 16:05:01.975098 INFO::Fitting model to feature number 261, MGYG000325415
2026-01-11 16:05:01.985464 INFO::Fitting model to feature number 262, CAG-485 sp900550645
2026-01-11 16:05:01.995875 INFO::Fitting model to feature number 263, MGYG000325597
2026-01-11 16:05:02.00625 INFO::Fitting model to feature number 264, MGYG000325446
2026-01-11 16:05:02.015795 INFO::Fitting model to feature number 265, MGYG000325721
2026-01-11 16:05:02.02692 INFO::Fitting model to feature number 266, Muribaculum gordoncarteri
2026-01-11 16:05:02.037607 INFO::Fitting model to feature number 267, Muribaculum sp009775095
2026-01-11 16:05:02.048118 INFO::Fitting model to feature number 268, Muribaculum sp002473395
2026-01-11 16:05:02.058038 INFO::Fitting model to feature number 269, Muribaculum faecis
2026-01-11 16:05:02.067644 INFO::Fitting model to feature number 270, MGYG000325310
2026-01-11 16:05:02.076482 INFO::Fitting model to feature number 271, Muribaculum sp910587665
2026-01-11 16:05:02.083687 INFO::Fitting model to feature number 272, Muribaculum sp001701195
2026-01-11 16:05:02.093518 INFO::Fitting model to feature number 273, Muribaculum sp910578785
2026-01-11 16:05:02.103674 INFO::Fitting model to feature number 274, Muribaculum sp910589555
2026-01-11 16:05:02.114086 INFO::Fitting model to feature number 275, Muribaculum arabinoxylanisolvens
2026-01-11 16:05:02.123459 INFO::Fitting model to feature number 276, Muribaculum sp003150235
2026-01-11 16:05:02.131105 INFO::Fitting model to feature number 277, MGYG000328540
2026-01-11 16:05:02.139313 INFO::Fitting model to feature number 278, Muribaculum sp910583865
2026-01-11 16:05:02.150582 INFO::Fitting model to feature number 279, Muribaculum sp910578835
2026-01-11 16:05:02.1611 INFO::Fitting model to feature number 280, Muribaculum sp001701065
2026-01-11 16:05:02.171094 INFO::Fitting model to feature number 281, MGYG000328957
2026-01-11 16:05:02.181962 INFO::Fitting model to feature number 282, UBA7173 sp001689485
2026-01-11 16:05:02.194301 INFO::Fitting model to feature number 283, UBA7173 sp001689685
2026-01-11 16:05:02.2067 INFO::Fitting model to feature number 284, UBA7173 sp002491305
2026-01-11 16:05:02.215271 INFO::Fitting model to feature number 285, UBA7173 sp013316675
2026-01-11 16:05:02.224187 INFO::Fitting model to feature number 286, MGYG000329847
2026-01-11 16:05:02.233869 INFO::Fitting model to feature number 287, UBA7173 sp013316535
2026-01-11 16:05:02.243907 INFO::Fitting model to feature number 288, UBA7173 sp910584365
2026-01-11 16:05:02.251576 INFO::Fitting model to feature number 289, UBA7173 sp910583675
2026-01-11 16:05:02.259532 INFO::Fitting model to feature number 290, MGYG000325674
2026-01-11 16:05:02.266709 INFO::Fitting model to feature number 291, UBA7173 sp910584735
2026-01-11 16:05:02.27467 INFO::Fitting model to feature number 292, UBA7173 sp900548705
2026-01-11 16:05:02.282594 INFO::Fitting model to feature number 293, UBA7173 sp910585755
2026-01-11 16:05:02.290633 INFO::Fitting model to feature number 294, UBA7173 sp910579105
2026-01-11 16:05:02.298085 INFO::Fitting model to feature number 295, UBA7173 sp910586565
2026-01-11 16:05:02.306472 INFO::Fitting model to feature number 296, UBA7173 sp900555165
2026-01-11 16:05:02.31414 INFO::Fitting model to feature number 297, UBA7173 sp910587075
2026-01-11 16:05:02.321965 INFO::Fitting model to feature number 298, MGYG000410332
2026-01-11 16:05:02.331204 INFO::Fitting model to feature number 299, MGYG000325632
2026-01-11 16:05:02.340723 INFO::Fitting model to feature number 300, MGYG000325803
2026-01-11 16:05:02.348463 INFO::Fitting model to feature number 301, JAFLTL01 sp910578395
2026-01-11 16:05:02.357806 INFO::Fitting model to feature number 302, MGYG000325590
2026-01-11 16:05:02.365678 INFO::Fitting model to feature number 303, UBA3263 sp001689615
2026-01-11 16:05:02.374287 INFO::Fitting model to feature number 304, MGYG000325470
2026-01-11 16:05:02.382321 INFO::Fitting model to feature number 305, UBA3263 sp002490725
2026-01-11 16:05:02.390655 INFO::Fitting model to feature number 306, MGYG000331010
2026-01-11 16:05:02.39856 INFO::Fitting model to feature number 307, UBA3263 sp014801955
2026-01-11 16:05:02.408628 INFO::Fitting model to feature number 308, MGYG000325619
2026-01-11 16:05:02.418215 INFO::Fitting model to feature number 309, MGYG000325600
2026-01-11 16:05:02.426496 INFO::Fitting model to feature number 310, MGYG000325598
2026-01-11 16:05:02.435115 INFO::Fitting model to feature number 311, JAGBWK01 sp001915385
2026-01-11 16:05:02.437239 INFO::Fitting model to feature number 312, JAGBWK01 sp004102805
2026-01-11 16:05:02.446166 INFO::Fitting model to feature number 313, MGYG000325382
2026-01-11 16:05:02.455183 INFO::Fitting model to feature number 314, MGYG000327564
2026-01-11 16:05:02.463844 INFO::Fitting model to feature number 315, MGYG000328504
2026-01-11 16:05:02.470624 INFO::Fitting model to feature number 316, JAAVFS01 sp910584665
2026-01-11 16:05:02.479067 INFO::Fitting model to feature number 317, MGYG000325322
2026-01-11 16:05:02.486053 INFO::Fitting model to feature number 318, MGYG000325435
2026-01-11 16:05:02.494147 INFO::Fitting model to feature number 319, CAJUPY01 sp910588035
2026-01-11 16:05:02.500508 INFO::Fitting model to feature number 320, MGYG000325343
2026-01-11 16:05:02.50744 INFO::Fitting model to feature number 321, CAJUPY01 sp014802535
2026-01-11 16:05:02.514033 INFO::Fitting model to feature number 322, MGYG000325663
2026-01-11 16:05:02.520477 INFO::Fitting model to feature number 323, M3 sp001689445
2026-01-11 16:05:02.527737 INFO::Fitting model to feature number 324, MGYG000328741
2026-01-11 16:05:02.533909 INFO::Fitting model to feature number 325, CAG-1031 sp000431215
2026-01-11 16:05:02.541067 INFO::Fitting model to feature number 326, Amulumruptor sp001689515
2026-01-11 16:05:02.548236 INFO::Fitting model to feature number 327, Amulumruptor sp900539915
2026-01-11 16:05:02.557369 INFO::Fitting model to feature number 328, Sodaliphilus sp004557565
2026-01-11 16:05:02.564916 INFO::Fitting model to feature number 329, Limisoma sp000437795
2026-01-11 16:05:02.572371 INFO::Fitting model to feature number 330, Bacteroides sp002491635
2026-01-11 16:05:02.579919 INFO::Fitting model to feature number 331, Bacteroides sp910578895
2026-01-11 16:05:02.587404 INFO::Fitting model to feature number 332, Bacteroides acidifaciens
2026-01-11 16:05:02.597578 INFO::Fitting model to feature number 333, Bacteroides caecimuris
2026-01-11 16:05:02.605051 INFO::Fitting model to feature number 334, Bacteroides sp910586915
2026-01-11 16:05:02.615968 INFO::Fitting model to feature number 335, Bacteroides uniformis
2026-01-11 16:05:02.624493 INFO::Fitting model to feature number 336, Bacteroides sp910585845
2026-01-11 16:05:02.631415 INFO::Fitting model to feature number 337, Bacteroides sp900765785
2026-01-11 16:05:02.639862 INFO::Fitting model to feature number 338, Bacteroides stercoris
2026-01-11 16:05:02.648161 INFO::Fitting model to feature number 339, MGYG000325585
2026-01-11 16:05:02.658806 INFO::Fitting model to feature number 340, Bacteroides nordii
2026-01-11 16:05:02.667958 INFO::Fitting model to feature number 341, Bacteroides congonensis
2026-01-11 16:05:02.675434 INFO::Fitting model to feature number 342, Bacteroides xylanisolvens
2026-01-11 16:05:02.684866 INFO::Fitting model to feature number 343, Bacteroides intestinalis
2026-01-11 16:05:02.696713 INFO::Fitting model to feature number 344, Bacteroides cellulosilyticus
2026-01-11 16:05:02.703769 INFO::Fitting model to feature number 345, Prevotella sp002933775
2026-01-11 16:05:02.713851 INFO::Fitting model to feature number 346, Prevotella muris
2026-01-11 16:05:02.727107 INFO::Fitting model to feature number 347, MGYG000325010
2026-01-11 16:05:02.735744 INFO::Fitting model to feature number 348, MGYG000325676
2026-01-11 16:05:02.746288 INFO::Fitting model to feature number 349, Prevotella sp013166515
2026-01-11 16:05:02.756356 INFO::Fitting model to feature number 350, Prevotella rodentium
2026-01-11 16:05:02.766637 INFO::Fitting model to feature number 351, Prevotella sp900545525
2026-01-11 16:05:02.778022 INFO::Fitting model to feature number 352, MGYG000325400
2026-01-11 16:05:02.789203 INFO::Fitting model to feature number 353, Prevotella intestinalis
2026-01-11 16:05:02.799148 INFO::Fitting model to feature number 354, Phocaeicola vulgatus
2026-01-11 16:05:02.810374 INFO::Fitting model to feature number 355, Phocaeicola sartorii
2026-01-11 16:05:02.821549 INFO::Fitting model to feature number 356, Phocaeicola sp011959205
2026-01-11 16:05:02.831583 INFO::Fitting model to feature number 357, Phocaeicola faecalis
2026-01-11 16:05:02.840876 INFO::Fitting model to feature number 358, Phocaeicola plebeius_A
2026-01-11 16:05:02.851488 INFO::Fitting model to feature number 359, Phocaeicola massiliensis
2026-01-11 16:05:02.861507 INFO::Fitting model to feature number 360, UBA4372 sp023665805
2026-01-11 16:05:02.871759 INFO::Fitting model to feature number 361, MGYG000325572
2026-01-11 16:05:02.882154 INFO::Fitting model to feature number 362, Alloprevotella sp009775705
2026-01-11 16:05:02.89202 INFO::Fitting model to feature number 363, Alloprevotella sp002933955
2026-01-11 16:05:02.900429 INFO::Fitting model to feature number 364, Paraprevotella sp900548345
2026-01-11 16:05:02.908084 INFO::Fitting model to feature number 365, Paraprevotella sp910586505
2026-01-11 16:05:02.916556 INFO::Fitting model to feature number 366, Alistipes sp002428825
2026-01-11 16:05:02.926381 INFO::Fitting model to feature number 367, Alistipes sp910587675
2026-01-11 16:05:02.936176 INFO::Fitting model to feature number 368, Alistipes timonensis
2026-01-11 16:05:02.945561 INFO::Fitting model to feature number 369, Alistipes sp910576555
2026-01-11 16:05:02.954912 INFO::Fitting model to feature number 370, Alistipes sp009774895
2026-01-11 16:05:02.96651 INFO::Fitting model to feature number 371, Alistipes sp002362235
2026-01-11 16:05:02.976472 INFO::Fitting model to feature number 372, Alistipes sp900552955
2026-01-11 16:05:02.983887 INFO::Fitting model to feature number 373, Alistipes sp910575495
2026-01-11 16:05:02.99171 INFO::Fitting model to feature number 374, Alistipes sp910577475
2026-01-11 16:05:02.999058 INFO::Fitting model to feature number 375, Alistipes sp002358415
2026-01-11 16:05:03.006862 INFO::Fitting model to feature number 376, Avirikenella sp910588925
2026-01-11 16:05:03.014575 INFO::Fitting model to feature number 377, MGYG000325667
2026-01-11 16:05:03.021887 INFO::Fitting model to feature number 378, Rikenella sp910577885
2026-01-11 16:05:03.029909 INFO::Fitting model to feature number 379, Parabacteroides distasonis
2026-01-11 16:05:03.038089 INFO::Fitting model to feature number 380, Parabacteroides goldsteinii
2026-01-11 16:05:03.045915 INFO::Fitting model to feature number 381, Parabacteroides sp900760525
2026-01-11 16:05:03.052544 INFO::Fitting model to feature number 382, Parabacteroides merdae
2026-01-11 16:05:03.060109 INFO::Fitting model to feature number 383, Odoribacter sp021771575
2026-01-11 16:05:03.067492 INFO::Fitting model to feature number 384, Odoribacter sp910578105
2026-01-11 16:05:03.07551 INFO::Fitting model to feature number 385, Odoribacter sp910589025
2026-01-11 16:05:03.083378 INFO::Fitting model to feature number 386, Butyricimonas virosa
2026-01-11 16:05:03.091583 INFO::Fitting model to feature number 387, Pullibacteroides sp910586395
2026-01-11 16:05:03.099586 INFO::Fitting model to feature number 388, Cryptobacteroides sp009774765
2026-01-11 16:05:03.107566 INFO::Fitting model to feature number 389, Cryptobacteroides sp910585445
2026-01-11 16:05:03.11719 INFO::Fitting model to feature number 390, Imtechella halotolerans
2026-01-11 16:05:03.125233 INFO::Fitting model to feature number 391, Faecalibaculum sp910588395
2026-01-11 16:05:03.132739 INFO::Fitting model to feature number 392, C-19 sp910576855
2026-01-11 16:05:03.141185 INFO::Fitting model to feature number 393, MGYG000329824
2026-01-11 16:05:03.149483 INFO::Fitting model to feature number 394, Ileibacterium valens
2026-01-11 16:05:03.159717 INFO::Fitting model to feature number 395, Dubosiella sp004793885
2026-01-11 16:05:03.169158 INFO::Fitting model to feature number 396, CAJTFG01 sp910575705
2026-01-11 16:05:03.18401 INFO::Fitting model to feature number 397, Thomasclavelia cocleata
2026-01-11 16:05:03.197765 INFO::Fitting model to feature number 398, Thomasclavelia ramosa
2026-01-11 16:05:03.209169 INFO::Fitting model to feature number 399, MGBC113645 sp910579135
2026-01-11 16:05:03.221124 INFO::Fitting model to feature number 400, Fimiplasma sp910588165
2026-01-11 16:05:03.233091 INFO::Fitting model to feature number 401, Lactobacillus intestinalis
2026-01-11 16:05:03.244889 INFO::Fitting model to feature number 402, Lactobacillus sp910589675
2026-01-11 16:05:03.247122 INFO::Fitting model to feature number 403, MGYG000329195
2026-01-11 16:05:03.259015 INFO::Fitting model to feature number 404, Lactobacillus taiwanensis
2026-01-11 16:05:03.269264 INFO::Fitting model to feature number 405, Lactobacillus amylovorus
2026-01-11 16:05:03.2819 INFO::Fitting model to feature number 406, MGYG000325525
2026-01-11 16:05:03.293334 INFO::Fitting model to feature number 407, MGYG000326943
2026-01-11 16:05:03.303902 INFO::Fitting model to feature number 408, Lactobacillus hominis
2026-01-11 16:05:03.315217 INFO::Fitting model to feature number 409, Lactobacillus acidophilus
2026-01-11 16:05:03.325278 INFO::Fitting model to feature number 410, MGYG000326944
2026-01-11 16:05:03.333661 INFO::Fitting model to feature number 411, Lactobacillus delbrueckii
2026-01-11 16:05:03.344331 INFO::Fitting model to feature number 412, Limosilactobacillus reuteri
2026-01-11 16:05:03.347515 INFO::Fitting model to feature number 413, Limosilactobacillus sp009663775
2026-01-11 16:05:03.350211 INFO::Fitting model to feature number 414, Limosilactobacillus fermentum
2026-01-11 16:05:03.360273 INFO::Fitting model to feature number 415, Limosilactobacillus equigenerosi
2026-01-11 16:05:03.368488 INFO::Fitting model to feature number 416, Limosilactobacillus portuensis
2026-01-11 16:05:03.377919 INFO::Fitting model to feature number 417, Ligilactobacillus murinus
2026-01-11 16:05:03.380362 INFO::Fitting model to feature number 418, Ligilactobacillus animalis
2026-01-11 16:05:03.393658 INFO::Fitting model to feature number 419, Ligilactobacillus sp910587695
2026-01-11 16:05:03.40444 INFO::Fitting model to feature number 420, Ligilactobacillus agilis
2026-01-11 16:05:03.417578 INFO::Fitting model to feature number 421, Pediococcus pentosaceus
2026-01-11 16:05:03.42959 INFO::Fitting model to feature number 422, Enterococcus faecalis
2026-01-11 16:05:03.441507 INFO::Fitting model to feature number 423, Turicibacter sp002311155
2026-01-11 16:05:03.454746 INFO::Fitting model to feature number 424, MGYG000380869
2026-01-11 16:05:03.467733 INFO::Fitting model to feature number 425, CAG-582 sp910577075
2026-01-11 16:05:03.478986 INFO::Fitting model to feature number 426, UBA5026 sp910576795
2026-01-11 16:05:03.486666 INFO::Fitting model to feature number 427, UBA5026 sp910586425
2026-01-11 16:05:03.497665 INFO::Fitting model to feature number 428, MGYG000330354
2026-01-11 16:05:03.508626 INFO::Fitting model to feature number 429, MGYG000338472
2026-01-11 16:05:03.518717 INFO::Fitting model to feature number 430, MGYG000329046
2026-01-11 16:05:03.527748 INFO::Fitting model to feature number 431, MGYG000331189
2026-01-11 16:05:03.536108 INFO::Fitting model to feature number 432, Mammaliicoccus lentus
2026-01-11 16:05:03.547221 INFO::Fitting model to feature number 433, Staphylococcus xylosus
2026-01-11 16:05:03.558319 INFO::Fitting model to feature number 434, MGYG000410805
2026-01-11 16:05:03.566894 INFO::Fitting model to feature number 435, Desulfovibrio sp910575755
2026-01-11 16:05:03.576298 INFO::Fitting model to feature number 436, Desulfovibrio sp910587035
2026-01-11 16:05:03.584667 INFO::Fitting model to feature number 437, Desulfovibrio sp910584445
2026-01-11 16:05:03.595281 INFO::Fitting model to feature number 438, MGYG000325668
2026-01-11 16:05:03.608524 INFO::Fitting model to feature number 439, Desulfovibrio sp900556755
2026-01-11 16:05:03.618601 INFO::Fitting model to feature number 440, Desulfovibrio sp905215675
2026-01-11 16:05:03.628657 INFO::Fitting model to feature number 441, MGYG000325515
2026-01-11 16:05:03.636761 INFO::Fitting model to feature number 442, Bilophila sp910585945
2026-01-11 16:05:03.647449 INFO::Fitting model to feature number 443, Bilophila faecipullorum
2026-01-11 16:05:03.656841 INFO::Fitting model to feature number 444, Bilophila sp902373525
2026-01-11 16:05:03.666183 INFO::Fitting model to feature number 445, Mailhella sp910579055
2026-01-11 16:05:03.675108 INFO::Fitting model to feature number 446, Mailhella excrementigallinarum
2026-01-11 16:05:03.6873 INFO::Fitting model to feature number 447, MGYG000399267
2026-01-11 16:05:03.701179 INFO::Fitting model to feature number 448, MGYG000410288
2026-01-11 16:05:03.714025 INFO::Fitting model to feature number 449, Schaedlerella sp910589385
2026-01-11 16:05:03.726295 INFO::Fitting model to feature number 450, Schaedlerella arabinosiphila
2026-01-11 16:05:03.729926 INFO::Fitting model to feature number 451, Schaedlerella sp009911175
2026-01-11 16:05:03.742828 INFO::Fitting model to feature number 452, MGYG000410694
2026-01-11 16:05:03.754349 INFO::Fitting model to feature number 453, Schaedlerella sp000403295
2026-01-11 16:05:03.765783 INFO::Fitting model to feature number 454, Schaedlerella sp910574865
2026-01-11 16:05:03.768041 INFO::Fitting model to feature number 455, Schaedlerella sp910574195
2026-01-11 16:05:03.777231 INFO::Fitting model to feature number 456, Schaedlerella sp943193195
2026-01-11 16:05:03.789677 INFO::Fitting model to feature number 457, Schaedlerella sp009774255
2026-01-11 16:05:03.802809 INFO::Fitting model to feature number 458, MGYG000328305
2026-01-11 16:05:03.814805 INFO::Fitting model to feature number 459, MD308 sp910575105
2026-01-11 16:05:03.826534 INFO::Fitting model to feature number 460, MD308 sp010206225
2026-01-11 16:05:03.829076 INFO::Fitting model to feature number 461, MGYG000323047
2026-01-11 16:05:03.83746 INFO::Fitting model to feature number 462, MD308 sp000403475
2026-01-11 16:05:03.849217 INFO::Fitting model to feature number 463, MGYG000326632
2026-01-11 16:05:03.861969 INFO::Fitting model to feature number 464, MD308 sp910578455
2026-01-11 16:05:03.874484 INFO::Fitting model to feature number 465, MD308 sp910586965
2026-01-11 16:05:03.885064 INFO::Fitting model to feature number 466, MD308 sp910584615
2026-01-11 16:05:03.894542 INFO::Fitting model to feature number 467, MGYG000410877
2026-01-11 16:05:03.902701 INFO::Fitting model to feature number 468, MGYG000324148
2026-01-11 16:05:03.912324 INFO::Fitting model to feature number 469, Sporofaciens sp910574715
2026-01-11 16:05:03.921263 INFO::Fitting model to feature number 470, Sporofaciens sp910579015
2026-01-11 16:05:03.93142 INFO::Fitting model to feature number 471, MGYG000353267
2026-01-11 16:05:03.988689 INFO::Fitting model to feature number 472, Sporofaciens sp910575835
2026-01-11 16:05:03.999408 INFO::Fitting model to feature number 473, Sporofaciens musculi
2026-01-11 16:05:04.008918 INFO::Fitting model to feature number 474, Sporofaciens sp009774295
2026-01-11 16:05:04.017319 INFO::Fitting model to feature number 475, Sporofaciens sp910574885
2026-01-11 16:05:04.019703 INFO::Fitting model to feature number 476, Sporofaciens sp000403455
2026-01-11 16:05:04.029077 INFO::Fitting model to feature number 477, Sporofaciens sp910577685
2026-01-11 16:05:04.037477 INFO::Fitting model to feature number 478, Sporofaciens sp910587575
2026-01-11 16:05:04.047114 INFO::Fitting model to feature number 479, Sporofaciens sp910585725
2026-01-11 16:05:04.055212 INFO::Fitting model to feature number 480, Sporofaciens sp910579925
2026-01-11 16:05:04.064402 INFO::Fitting model to feature number 481, MGYG000402809
2026-01-11 16:05:04.074787 INFO::Fitting model to feature number 482, UBA11957 sp910588295
2026-01-11 16:05:04.084508 INFO::Fitting model to feature number 483, MGYG000410400
2026-01-11 16:05:04.094715 INFO::Fitting model to feature number 484, Choladocola sp009774135
2026-01-11 16:05:04.107124 INFO::Fitting model to feature number 485, Choladocola sp910583615
2026-01-11 16:05:04.110847 INFO::Fitting model to feature number 486, Choladocola sp910585995
2026-01-11 16:05:04.124166 INFO::Fitting model to feature number 487, Choladocola sp009774145
2026-01-11 16:05:04.133776 INFO::Fitting model to feature number 488, Choladocola sp910584945
2026-01-11 16:05:04.146162 INFO::Fitting model to feature number 489, Choladocola sp910579225
2026-01-11 16:05:04.154672 INFO::Fitting model to feature number 490, Choladocola sp910584205
2026-01-11 16:05:04.165635 INFO::Fitting model to feature number 491, Choladocola sp910574965
2026-01-11 16:05:04.175009 INFO::Fitting model to feature number 492, Choladocola sp910575445
2026-01-11 16:05:04.18623 INFO::Fitting model to feature number 493, Choladocola sp910583895
2026-01-11 16:05:04.196812 INFO::Fitting model to feature number 494, Choladocola sp009774155
2026-01-11 16:05:04.206048 INFO::Fitting model to feature number 495, Choladocola sp910587495
2026-01-11 16:05:04.215859 INFO::Fitting model to feature number 496, Choladocola sp910585465
2026-01-11 16:05:04.225199 INFO::Fitting model to feature number 497, Choladocola sp910587765
2026-01-11 16:05:04.234118 INFO::Fitting model to feature number 498, MGYG000392954
2026-01-11 16:05:04.24364 INFO::Fitting model to feature number 499, Lachnoclostridium_B sp910584095
2026-01-11 16:05:04.246424 INFO::Fitting model to feature number 500, Lachnoclostridium_B sp910574185
2026-01-11 16:05:04.254737 INFO::Fitting model to feature number 501, MGYG000331109
2026-01-11 16:05:04.265265 INFO::Fitting model to feature number 502, Lachnoclostridium_B sp910584265
2026-01-11 16:05:04.273827 INFO::Fitting model to feature number 503, Lachnoclostridium_B sp910588745
2026-01-11 16:05:04.283609 INFO::Fitting model to feature number 504, Lachnoclostridium_B sp910589275
2026-01-11 16:05:04.292519 INFO::Fitting model to feature number 505, MGYG000328855
2026-01-11 16:05:04.300762 INFO::Fitting model to feature number 506, MGBC164599 sp910588825
2026-01-11 16:05:04.309556 INFO::Fitting model to feature number 507, MGBC164599 sp910575625
2026-01-11 16:05:04.318683 INFO::Fitting model to feature number 508, MGBC164599 sp910587105
2026-01-11 16:05:04.327627 INFO::Fitting model to feature number 509, MGBC164599 sp910588775
2026-01-11 16:05:04.336133 INFO::Fitting model to feature number 510, MGYG000330030
2026-01-11 16:05:04.345459 INFO::Fitting model to feature number 511, MGYG000330180
2026-01-11 16:05:04.354034 INFO::Fitting model to feature number 512, 14-2 sp910588845
2026-01-11 16:05:04.363104 INFO::Fitting model to feature number 513, 14-2 sp910577785
2026-01-11 16:05:04.371441 INFO::Fitting model to feature number 514, 14-2 sp910576385
2026-01-11 16:05:04.380842 INFO::Fitting model to feature number 515, 14-2 sp910575155
2026-01-11 16:05:04.390243 INFO::Fitting model to feature number 516, 14-2 sp910575035
2026-01-11 16:05:04.4033 INFO::Fitting model to feature number 517, 14-2 sp011960065
2026-01-11 16:05:04.416931 INFO::Fitting model to feature number 518, MGYG000409996
2026-01-11 16:05:04.426898 INFO::Fitting model to feature number 519, 14-2 sp910588285
2026-01-11 16:05:04.43889 INFO::Fitting model to feature number 520, 14-2 sp910575005
2026-01-11 16:05:04.451178 INFO::Fitting model to feature number 521, 14-2 sp910584585
2026-01-11 16:05:04.462666 INFO::Fitting model to feature number 522, 14-2 sp000403255
2026-01-11 16:05:04.474935 INFO::Fitting model to feature number 523, MGYG000411355
2026-01-11 16:05:04.484653 INFO::Fitting model to feature number 524, 14-2 sp910583835
2026-01-11 16:05:04.492992 INFO::Fitting model to feature number 525, 14-2 sp910575075
2026-01-11 16:05:04.501788 INFO::Fitting model to feature number 526, 14-2 sp000403315
2026-01-11 16:05:04.511756 INFO::Fitting model to feature number 527, 14-2 sp009774455
2026-01-11 16:05:04.520319 INFO::Fitting model to feature number 528, 14-2 sp910589635
2026-01-11 16:05:04.530531 INFO::Fitting model to feature number 529, 14-2 sp910576975
2026-01-11 16:05:04.540075 INFO::Fitting model to feature number 530, MGYG000411595
2026-01-11 16:05:04.551558 INFO::Fitting model to feature number 531, MGYG000328404
2026-01-11 16:05:04.560699 INFO::Fitting model to feature number 532, 14-2 sp910578825
2026-01-11 16:05:04.569636 INFO::Fitting model to feature number 533, MGYG000410992
2026-01-11 16:05:04.578385 INFO::Fitting model to feature number 534, MGYG000324849
2026-01-11 16:05:04.589181 INFO::Fitting model to feature number 535, 14-2 sp000403845
2026-01-11 16:05:04.602455 INFO::Fitting model to feature number 536, Eubacterium_F sp910574015
2026-01-11 16:05:04.614093 INFO::Fitting model to feature number 537, MGYG000330978
2026-01-11 16:05:04.626717 INFO::Fitting model to feature number 538, Eubacterium_F sp910575665
2026-01-11 16:05:04.638748 INFO::Fitting model to feature number 539, Eubacterium_F sp910585745
2026-01-11 16:05:04.651272 INFO::Fitting model to feature number 540, MGYG000329322
2026-01-11 16:05:04.664185 INFO::Fitting model to feature number 541, Eubacterium_F sp910579145
2026-01-11 16:05:04.676786 INFO::Fitting model to feature number 542, Caccovicinus sp910585635
2026-01-11 16:05:04.690522 INFO::Fitting model to feature number 543, Caccovicinus sp009774615
2026-01-11 16:05:04.703984 INFO::Fitting model to feature number 544, Caccovicinus sp910584785
2026-01-11 16:05:04.716738 INFO::Fitting model to feature number 545, MGYG000411451
2026-01-11 16:05:04.727794 INFO::Fitting model to feature number 546, Caccovicinus sp910575565
2026-01-11 16:05:04.739028 INFO::Fitting model to feature number 547, MGYG000322995
2026-01-11 16:05:04.752072 INFO::Fitting model to feature number 548, Caccovicinus sp910588895
2026-01-11 16:05:04.764116 INFO::Fitting model to feature number 549, Acetatifactor sp910576125
2026-01-11 16:05:04.775542 INFO::Fitting model to feature number 550, Acetatifactor sp910589035
2026-01-11 16:05:04.784417 INFO::Fitting model to feature number 551, Acetatifactor sp910579755
2026-01-11 16:05:04.792901 INFO::Fitting model to feature number 552, Acetatifactor sp910584865
2026-01-11 16:05:04.801038 INFO::Fitting model to feature number 553, Acetatifactor sp910585805
2026-01-11 16:05:04.810435 INFO::Fitting model to feature number 554, Acetatifactor sp910585425
2026-01-11 16:05:04.819773 INFO::Fitting model to feature number 555, Acetatifactor sp910585615
2026-01-11 16:05:04.82956 INFO::Fitting model to feature number 556, Acetatifactor sp910586775
2026-01-11 16:05:04.838543 INFO::Fitting model to feature number 557, Acetatifactor sp910589655
2026-01-11 16:05:04.84986 INFO::Fitting model to feature number 558, Acetatifactor sp910586835
2026-01-11 16:05:04.86045 INFO::Fitting model to feature number 559, Acetatifactor sp003612485
2026-01-11 16:05:04.868836 INFO::Fitting model to feature number 560, MGYG000329336
2026-01-11 16:05:04.877824 INFO::Fitting model to feature number 561, Acetatifactor sp910577185
2026-01-11 16:05:04.888611 INFO::Fitting model to feature number 562, MGYG000325587
2026-01-11 16:05:04.899296 INFO::Fitting model to feature number 563, Acetatifactor sp910584235
2026-01-11 16:05:04.907683 INFO::Fitting model to feature number 564, MGYG000325385
2026-01-11 16:05:04.917165 INFO::Fitting model to feature number 565, Acetatifactor sp910580225
2026-01-11 16:05:04.926447 INFO::Fitting model to feature number 566, Acetatifactor sp910577035
2026-01-11 16:05:04.937376 INFO::Fitting model to feature number 567, Acetatifactor sp910578995
2026-01-11 16:05:04.949728 INFO::Fitting model to feature number 568, Acetatifactor sp910578185
2026-01-11 16:05:04.959796 INFO::Fitting model to feature number 569, MGYG000327004
2026-01-11 16:05:04.969985 INFO::Fitting model to feature number 570, Acetatifactor sp910586485
2026-01-11 16:05:04.981907 INFO::Fitting model to feature number 571, MGYG000331015
2026-01-11 16:05:04.994197 INFO::Fitting model to feature number 572, Acetatifactor sp910587555
2026-01-11 16:05:05.007622 INFO::Fitting model to feature number 573, 1XD8-76 sp910578085
2026-01-11 16:05:05.011311 INFO::Fitting model to feature number 574, 1XD8-76 sp910573755
2026-01-11 16:05:05.022712 INFO::Fitting model to feature number 575, 1XD8-76 sp910577955
2026-01-11 16:05:05.034194 INFO::Fitting model to feature number 576, UBA3282 sp009774175
2026-01-11 16:05:05.048046 INFO::Fitting model to feature number 577, UBA3282 sp910575245
2026-01-11 16:05:05.060786 INFO::Fitting model to feature number 578, UBA3282 sp009774655
2026-01-11 16:05:05.071151 INFO::Fitting model to feature number 579, UBA3282 sp910577735
2026-01-11 16:05:05.073631 INFO::Fitting model to feature number 580, UBA3282 sp910588215
2026-01-11 16:05:05.08636 INFO::Fitting model to feature number 581, UBA3282 sp910584725
2026-01-11 16:05:05.099003 INFO::Fitting model to feature number 582, MGYG000329173
2026-01-11 16:05:05.112165 INFO::Fitting model to feature number 583, MGYG000325371
2026-01-11 16:05:05.121672 INFO::Fitting model to feature number 584, MGYG000324467
2026-01-11 16:05:05.13379 INFO::Fitting model to feature number 585, UBA3282 sp910587095
2026-01-11 16:05:05.143852 INFO::Fitting model to feature number 586, UBA3282 sp009774585
2026-01-11 16:05:05.154469 INFO::Fitting model to feature number 587, UBA3282 sp910576815
2026-01-11 16:05:05.168627 INFO::Fitting model to feature number 588, UBA3282 sp910575775
2026-01-11 16:05:05.181389 INFO::Fitting model to feature number 589, UBA3282 sp003611805
2026-01-11 16:05:05.195076 INFO::Fitting model to feature number 590, UBA3282 sp910579285
2026-01-11 16:05:05.209201 INFO::Fitting model to feature number 591, UBA3282 sp910579505
2026-01-11 16:05:05.221323 INFO::Fitting model to feature number 592, MGYG000328328
2026-01-11 16:05:05.229944 INFO::Fitting model to feature number 593, MGYG000325448
2026-01-11 16:05:05.237982 INFO::Fitting model to feature number 594, MGYG000328360
2026-01-11 16:05:05.247295 INFO::Fitting model to feature number 595, MGYG000323430
2026-01-11 16:05:05.258582 INFO::Fitting model to feature number 596, UBA3282 sp003612405
2026-01-11 16:05:05.269134 INFO::Fitting model to feature number 597, UBA3282 sp009774215
2026-01-11 16:05:05.281537 INFO::Fitting model to feature number 598, MGYG000324289
2026-01-11 16:05:05.290195 INFO::Fitting model to feature number 599, Paralachnospira sp910588815
2026-01-11 16:05:05.301586 INFO::Fitting model to feature number 600, Paralachnospira sp022800815
2026-01-11 16:05:05.313727 INFO::Fitting model to feature number 601, Paralachnospira sp910587905
2026-01-11 16:05:05.323277 INFO::Fitting model to feature number 602, COE1 sp002490665
2026-01-11 16:05:05.33594 INFO::Fitting model to feature number 603, COE1 sp009774395
2026-01-11 16:05:05.346736 INFO::Fitting model to feature number 604, COE1 sp000403335
2026-01-11 16:05:05.358454 INFO::Fitting model to feature number 605, MGYG000410938
2026-01-11 16:05:05.370427 INFO::Fitting model to feature number 606, MGYG000325626
2026-01-11 16:05:05.38197 INFO::Fitting model to feature number 607, COE1 sp002358575
2026-01-11 16:05:05.392284 INFO::Fitting model to feature number 608, MGYG000325712
2026-01-11 16:05:05.406556 INFO::Fitting model to feature number 609, COE1 sp910586585
2026-01-11 16:05:05.420346 INFO::Fitting model to feature number 610, COE1 sp910586715
2026-01-11 16:05:05.431429 INFO::Fitting model to feature number 611, COE1 sp910579275
2026-01-11 16:05:05.443776 INFO::Fitting model to feature number 612, CAG-95 sp910585005
2026-01-11 16:05:05.455743 INFO::Fitting model to feature number 613, CAG-95 sp009917455
2026-01-11 16:05:05.46612 INFO::Fitting model to feature number 614, CAG-95 sp910579685
2026-01-11 16:05:05.475139 INFO::Fitting model to feature number 615, CAG-95 sp910579425
2026-01-11 16:05:05.484198 INFO::Fitting model to feature number 616, CAG-95 sp910579495
2026-01-11 16:05:05.497778 INFO::Fitting model to feature number 617, CAG-95 sp003612395
2026-01-11 16:05:05.509022 INFO::Fitting model to feature number 618, CAG-95 sp910586025
2026-01-11 16:05:05.521669 INFO::Fitting model to feature number 619, CAG-95 sp910577275
2026-01-11 16:05:05.533423 INFO::Fitting model to feature number 620, CAG-95 sp009911035
2026-01-11 16:05:05.544761 INFO::Fitting model to feature number 621, CAG-95 sp910585075
2026-01-11 16:05:05.558486 INFO::Fitting model to feature number 622, MGYG000410775
2026-01-11 16:05:05.572019 INFO::Fitting model to feature number 623, MGYG000325648
2026-01-11 16:05:05.582743 INFO::Fitting model to feature number 624, CAG-95 sp011959285
2026-01-11 16:05:05.592975 INFO::Fitting model to feature number 625, UBA7109 sp910576335
2026-01-11 16:05:05.595456 INFO::Fitting model to feature number 626, UBA7109 sp910575605
2026-01-11 16:05:05.6039 INFO::Fitting model to feature number 627, MGYG000323043
2026-01-11 16:05:05.614784 INFO::Fitting model to feature number 628, MGYG000405682
2026-01-11 16:05:05.624017 INFO::Fitting model to feature number 629, MGYG000368546
2026-01-11 16:05:05.634558 INFO::Fitting model to feature number 630, Ventrimonas sp910575255
2026-01-11 16:05:05.643755 INFO::Fitting model to feature number 631, Ventrimonas sp910577765
2026-01-11 16:05:05.652812 INFO::Fitting model to feature number 632, Ventrimonas sp910586255
2026-01-11 16:05:05.660834 INFO::Fitting model to feature number 633, Ventrimonas sp003611875
2026-01-11 16:05:05.668799 INFO::Fitting model to feature number 634, Ventrimonas sp009911065
2026-01-11 16:05:05.676852 INFO::Fitting model to feature number 635, MGYG000410706
2026-01-11 16:05:05.687784 INFO::Fitting model to feature number 636, MGYG000327273
2026-01-11 16:05:05.698668 INFO::Fitting model to feature number 637, Ventrimonas sp910577655
2026-01-11 16:05:05.707407 INFO::Fitting model to feature number 638, Ventrimonas sp022799175
2026-01-11 16:05:05.718467 INFO::Fitting model to feature number 639, MGYG000324149
2026-01-11 16:05:05.727813 INFO::Fitting model to feature number 640, UBA3402 sp910574345
2026-01-11 16:05:05.737586 INFO::Fitting model to feature number 641, UBA3402 sp910575585
2026-01-11 16:05:05.746745 INFO::Fitting model to feature number 642, MGYG000410803
2026-01-11 16:05:05.758557 INFO::Fitting model to feature number 643, UBA3402 sp910588325
2026-01-11 16:05:05.767315 INFO::Fitting model to feature number 644, UBA3402 sp022798105
2026-01-11 16:05:05.776543 INFO::Fitting model to feature number 645, UBA3402 sp022795805
2026-01-11 16:05:05.785786 INFO::Fitting model to feature number 646, UBA3402 sp002358555
2026-01-11 16:05:05.7974 INFO::Fitting model to feature number 647, UBA3402 sp910588865
2026-01-11 16:05:05.809863 INFO::Fitting model to feature number 648, UBA3402 sp022796015
2026-01-11 16:05:05.820353 INFO::Fitting model to feature number 649, UBA3402 sp910586845
2026-01-11 16:05:05.833199 INFO::Fitting model to feature number 650, UBA3402 sp910585435
2026-01-11 16:05:05.844835 INFO::Fitting model to feature number 651, UBA3402 sp910577935
2026-01-11 16:05:05.853684 INFO::Fitting model to feature number 652, UBA3402 sp910585645
2026-01-11 16:05:05.862845 INFO::Fitting model to feature number 653, UBA3402 sp021769025
2026-01-11 16:05:05.871615 INFO::Fitting model to feature number 654, 1XD42-69 sp011959925
2026-01-11 16:05:05.881373 INFO::Fitting model to feature number 655, 1XD42-69 sp009911505
2026-01-11 16:05:05.890802 INFO::Fitting model to feature number 656, 1XD42-69 sp022794015
2026-01-11 16:05:05.902652 INFO::Fitting model to feature number 657, 1XD42-69 sp910588565
2026-01-11 16:05:05.915324 INFO::Fitting model to feature number 658, 1XD42-69 sp910577065
2026-01-11 16:05:05.926546 INFO::Fitting model to feature number 659, 1XD42-69 sp910586645
2026-01-11 16:05:05.937049 INFO::Fitting model to feature number 660, Merdisoma sp009917555
2026-01-11 16:05:05.948395 INFO::Fitting model to feature number 661, Merdisoma sp910574255
2026-01-11 16:05:05.956903 INFO::Fitting model to feature number 662, Merdisoma sp011959465
2026-01-11 16:05:05.968806 INFO::Fitting model to feature number 663, Merdisoma sp910574835
2026-01-11 16:05:05.978444 INFO::Fitting model to feature number 664, Merdisoma sp910574475
2026-01-11 16:05:05.98769 INFO::Fitting model to feature number 665, MGYG000330323
2026-01-11 16:05:05.997948 INFO::Fitting model to feature number 666, Merdisoma sp022791635
2026-01-11 16:05:06.008608 INFO::Fitting model to feature number 667, Kineothrix sp011958945
2026-01-11 16:05:06.017686 INFO::Fitting model to feature number 668, Kineothrix sp910579935
2026-01-11 16:05:06.026823 INFO::Fitting model to feature number 669, Kineothrix sp910576535
2026-01-11 16:05:06.035167 INFO::Fitting model to feature number 670, MGYG000327499
2026-01-11 16:05:06.043118 INFO::Fitting model to feature number 671, Kineothrix sp000403275
2026-01-11 16:05:06.05073 INFO::Fitting model to feature number 672, Kineothrix sp910588855
2026-01-11 16:05:06.057822 INFO::Fitting model to feature number 673, Kineothrix sp910587275
2026-01-11 16:05:06.065943 INFO::Fitting model to feature number 674, MGYG000326008
2026-01-11 16:05:06.07315 INFO::Fitting model to feature number 675, Kineothrix sp910585965
2026-01-11 16:05:06.0816 INFO::Fitting model to feature number 676, Kineothrix sp009911195
2026-01-11 16:05:06.088738 INFO::Fitting model to feature number 677, RGIG4057 sp910587085
2026-01-11 16:05:06.096508 INFO::Fitting model to feature number 678, RGIG4057 sp910579615
2026-01-11 16:05:06.103717 INFO::Fitting model to feature number 679, UMGS1370 sp910577645
2026-01-11 16:05:06.112751 INFO::Fitting model to feature number 680, UMGS1370 sp910586755
2026-01-11 16:05:06.12049 INFO::Fitting model to feature number 681, UBA2882 sp910574745
2026-01-11 16:05:06.128939 INFO::Fitting model to feature number 682, Eubacterium_J sp910574915
2026-01-11 16:05:06.13667 INFO::Fitting model to feature number 683, Eubacterium_J sp910579075
2026-01-11 16:05:06.145998 INFO::Fitting model to feature number 684, Eubacterium_J sp910580075
2026-01-11 16:05:06.156294 INFO::Fitting model to feature number 685, Eubacterium_J sp910584595
2026-01-11 16:05:06.168031 INFO::Fitting model to feature number 686, MGYG000330231
2026-01-11 16:05:06.179334 INFO::Fitting model to feature number 687, MGYG000327453
2026-01-11 16:05:06.191139 INFO::Fitting model to feature number 688, Butyribacter sp910575435
2026-01-11 16:05:06.202789 INFO::Fitting model to feature number 689, Butyribacter sp910585905
2026-01-11 16:05:06.214459 INFO::Fitting model to feature number 690, MGYG000330019
2026-01-11 16:05:06.226531 INFO::Fitting model to feature number 691, Butyribacter sp009774235
2026-01-11 16:05:06.238581 INFO::Fitting model to feature number 692, VSOB01 sp009774625
2026-01-11 16:05:06.241894 INFO::Fitting model to feature number 693, VSOB01 sp910587155
2026-01-11 16:05:06.255094 INFO::Fitting model to feature number 694, VSOB01 sp910587635
2026-01-11 16:05:06.267141 INFO::Fitting model to feature number 695, Copromonas sp009917545
2026-01-11 16:05:06.279673 INFO::Fitting model to feature number 696, Copromonas sp910575275
2026-01-11 16:05:06.287704 INFO::Fitting model to feature number 697, Copromonas sp022792295
2026-01-11 16:05:06.296562 INFO::Fitting model to feature number 698, Copromonas sp910586315
2026-01-11 16:05:06.304201 INFO::Fitting model to feature number 699, Bariatricus sp022793995
2026-01-11 16:05:06.312802 INFO::Fitting model to feature number 700, Clostridium_Q sp910575795
2026-01-11 16:05:06.322647 INFO::Fitting model to feature number 701, RGIG4284 sp910576205
2026-01-11 16:05:06.332519 INFO::Fitting model to feature number 702, RGIG4284 sp022796795
2026-01-11 16:05:06.340425 INFO::Fitting model to feature number 703, RGIG7193 sp022793375
2026-01-11 16:05:06.349418 INFO::Fitting model to feature number 704, RGIG7193 sp022791755
2026-01-11 16:05:06.358623 INFO::Fitting model to feature number 705, Roseburia sp910587865
2026-01-11 16:05:06.369568 INFO::Fitting model to feature number 706, Roseburia sp910584215
2026-01-11 16:05:06.380248 INFO::Fitting model to feature number 707, MGYG000329248
2026-01-11 16:05:06.390596 INFO::Fitting model to feature number 708, Lachnospira sp910589305
2026-01-11 16:05:06.401424 INFO::Fitting model to feature number 709, Eubacterium_G sp910584795
2026-01-11 16:05:06.410854 INFO::Fitting model to feature number 710, Eubacterium_G sp910574895
2026-01-11 16:05:06.423151 INFO::Fitting model to feature number 711, Paralachnospira_A sp910588405
2026-01-11 16:05:06.435157 INFO::Fitting model to feature number 712, Paralachnospira_A sp910579325
2026-01-11 16:05:06.446876 INFO::Fitting model to feature number 713, CAG-317 sp910578495
2026-01-11 16:05:06.456707 INFO::Fitting model to feature number 714, CAG-317 sp011960265
2026-01-11 16:05:06.465199 INFO::Fitting model to feature number 715, JAAWJJ01 sp022796875
2026-01-11 16:05:06.472797 INFO::Fitting model to feature number 716, Blautia_A sp900551075
2026-01-11 16:05:06.481973 INFO::Fitting model to feature number 717, Blautia_A massiliensis
2026-01-11 16:05:06.489592 INFO::Fitting model to feature number 718, CAG-56 sp004793585
2026-01-11 16:05:06.498325 INFO::Fitting model to feature number 719, Enterocloster aldenensis
2026-01-11 16:05:06.505925 INFO::Fitting model to feature number 720, Enterocloster clostridioformis
2026-01-11 16:05:06.51568 INFO::Fitting model to feature number 721, Choladousia sp003612585
2026-01-11 16:05:06.523833 INFO::Fitting model to feature number 722, CAG-510 sp910577105
2026-01-11 16:05:06.531911 INFO::Fitting model to feature number 723, MGYG000325650
2026-01-11 16:05:06.538783 INFO::Fitting model to feature number 724, CAG-590 sp910585605
2026-01-11 16:05:06.546759 INFO::Fitting model to feature number 725, Blautia pseudococcoides
2026-01-11 16:05:06.5539 INFO::Fitting model to feature number 726, Eisenbergiella sp910585455
2026-01-11 16:05:06.561393 INFO::Fitting model to feature number 727, MGYG000392808
2026-01-11 16:05:06.568586 INFO::Fitting model to feature number 728, W0P33-017 sp910589045
2026-01-11 16:05:06.575784 INFO::Fitting model to feature number 729, SIG307 sp910579465
2026-01-11 16:05:06.583726 INFO::Fitting model to feature number 730, MGYG000326869
2026-01-11 16:05:06.633095 INFO::Fitting model to feature number 731, CAG-603 sp910583605
2026-01-11 16:05:06.639819 INFO::Fitting model to feature number 732, Marvinbryantia sp900550755
2026-01-11 16:05:06.648144 INFO::Fitting model to feature number 733, RGIG8607 sp910577045
2026-01-11 16:05:06.655796 INFO::Fitting model to feature number 734, MGYG000326584
2026-01-11 16:05:06.664661 INFO::Fitting model to feature number 735, MGBC114844 sp910585255
2026-01-11 16:05:06.673384 INFO::Fitting model to feature number 736, MGYG000325493
2026-01-11 16:05:06.684416 INFO::Fitting model to feature number 737, MGYG000329929
2026-01-11 16:05:06.698659 INFO::Fitting model to feature number 738, UBA2821 sp014799465
2026-01-11 16:05:06.707648 INFO::Fitting model to feature number 739, MGBC100174 sp910576895
2026-01-11 16:05:06.717705 INFO::Fitting model to feature number 740, Muricomes contortus_B
2026-01-11 16:05:06.725301 INFO::Fitting model to feature number 741, Extibacter muris
2026-01-11 16:05:06.733849 INFO::Fitting model to feature number 742, Anaerotignum sp910576545
2026-01-11 16:05:06.74191 INFO::Fitting model to feature number 743, Anaerotignum sp910578425
2026-01-11 16:05:06.751068 INFO::Fitting model to feature number 744, Coprocola sp910575055
2026-01-11 16:05:06.760161 INFO::Fitting model to feature number 745, Enterenecus sp910588495
2026-01-11 16:05:06.768828 INFO::Fitting model to feature number 746, Enterenecus sp910587285
2026-01-11 16:05:06.777872 INFO::Fitting model to feature number 747, MGYG000327450
2026-01-11 16:05:06.786164 INFO::Fitting model to feature number 748, Enterenecus sp910588625
2026-01-11 16:05:06.79482 INFO::Fitting model to feature number 749, Enterenecus sp910575695
2026-01-11 16:05:06.802966 INFO::Fitting model to feature number 750, MGYG000326888
2026-01-11 16:05:06.811394 INFO::Fitting model to feature number 751, Enterenecus sp910585155
2026-01-11 16:05:06.821529 INFO::Fitting model to feature number 752, MGYG000331159
2026-01-11 16:05:06.829865 INFO::Fitting model to feature number 753, Enterenecus sp910579595
2026-01-11 16:05:06.837737 INFO::Fitting model to feature number 754, MGYG000410353
2026-01-11 16:05:06.846162 INFO::Fitting model to feature number 755, Enterenecus sp910577525
2026-01-11 16:05:06.854711 INFO::Fitting model to feature number 756, Enterenecus sp910587395
2026-01-11 16:05:06.863106 INFO::Fitting model to feature number 757, MGYG000328307
2026-01-11 16:05:06.870723 INFO::Fitting model to feature number 758, Enterenecus sp910587255
2026-01-11 16:05:06.879552 INFO::Fitting model to feature number 759, Enterenecus sp910588105
2026-01-11 16:05:06.88781 INFO::Fitting model to feature number 760, MGYG000410945
2026-01-11 16:05:06.896533 INFO::Fitting model to feature number 761, Enterenecus sp910579155
2026-01-11 16:05:06.904753 INFO::Fitting model to feature number 762, MGYG000322966
2026-01-11 16:05:06.916247 INFO::Fitting model to feature number 763, MGYG000410761
2026-01-11 16:05:06.929024 INFO::Fitting model to feature number 764, Enterenecus sp910587205
2026-01-11 16:05:06.940554 INFO::Fitting model to feature number 765, MGYG000410914
2026-01-11 16:05:06.952811 INFO::Fitting model to feature number 766, Enterenecus sp910584285
2026-01-11 16:05:06.960745 INFO::Fitting model to feature number 767, MGYG000327286
2026-01-11 16:05:06.969084 INFO::Fitting model to feature number 768, Enterenecus sp910585265
2026-01-11 16:05:06.978514 INFO::Fitting model to feature number 769, Enterenecus sp910584835
2026-01-11 16:05:06.988706 INFO::Fitting model to feature number 770, Enterenecus sp910588135
2026-01-11 16:05:06.99808 INFO::Fitting model to feature number 771, MGYG000329348
2026-01-11 16:05:07.006714 INFO::Fitting model to feature number 772, MGYG000325584
2026-01-11 16:05:07.01639 INFO::Fitting model to feature number 773, MGYG000410874
2026-01-11 16:05:07.025226 INFO::Fitting model to feature number 774, MGYG000360698
2026-01-11 16:05:07.034057 INFO::Fitting model to feature number 775, Lawsonibacter sp003612335
2026-01-11 16:05:07.041157 INFO::Fitting model to feature number 776, Lawsonibacter sp910585815
2026-01-11 16:05:07.048905 INFO::Fitting model to feature number 777, Lawsonibacter sp910584605
2026-01-11 16:05:07.055711 INFO::Fitting model to feature number 778, Lawsonibacter sp910575265
2026-01-11 16:05:07.063167 INFO::Fitting model to feature number 779, MGYG000432202
2026-01-11 16:05:07.070193 INFO::Fitting model to feature number 780, Lawsonibacter sp022799835
2026-01-11 16:05:07.077976 INFO::Fitting model to feature number 781, MGYG000433528
2026-01-11 16:05:07.086251 INFO::Fitting model to feature number 782, Lawsonibacter sp022794495
2026-01-11 16:05:07.094482 INFO::Fitting model to feature number 783, MGYG000410681
2026-01-11 16:05:07.103752 INFO::Fitting model to feature number 784, Lawsonibacter sp910578735
2026-01-11 16:05:07.112409 INFO::Fitting model to feature number 785, MGYG000325175
2026-01-11 16:05:07.121692 INFO::Fitting model to feature number 786, Lawsonibacter sp022801435
2026-01-11 16:05:07.130981 INFO::Fitting model to feature number 787, Lawsonibacter sp009911645
2026-01-11 16:05:07.13833 INFO::Fitting model to feature number 788, Lawsonibacter sp943192995
2026-01-11 16:05:07.147672 INFO::Fitting model to feature number 789, MGYG000329509
2026-01-11 16:05:07.156276 INFO::Fitting model to feature number 790, Lawsonibacter sp022798855
2026-01-11 16:05:07.167044 INFO::Fitting model to feature number 791, Lawsonibacter sp910588455
2026-01-11 16:05:07.175406 INFO::Fitting model to feature number 792, Lawsonibacter sp910589085
2026-01-11 16:05:07.187362 INFO::Fitting model to feature number 793, Lawsonibacter sp022793355
2026-01-11 16:05:07.200419 INFO::Fitting model to feature number 794, MGYG000328991
2026-01-11 16:05:07.215529 INFO::Fitting model to feature number 795, Lawsonibacter sp022795855
2026-01-11 16:05:07.228939 INFO::Fitting model to feature number 796, Lawsonibacter sp022791995
2026-01-11 16:05:07.237371 INFO::Fitting model to feature number 797, MGYG000323117
2026-01-11 16:05:07.245862 INFO::Fitting model to feature number 798, Lawsonibacter sp000492175
2026-01-11 16:05:07.254467 INFO::Fitting model to feature number 799, MGYG000324476
2026-01-11 16:05:07.266537 INFO::Fitting model to feature number 800, MGYG000411366
2026-01-11 16:05:07.275696 INFO::Fitting model to feature number 801, MGYG000345714
2026-01-11 16:05:07.287158 INFO::Fitting model to feature number 802, MGYG000329989
2026-01-11 16:05:07.297402 INFO::Fitting model to feature number 803, Lawsonibacter sp910577805
2026-01-11 16:05:07.307625 INFO::Fitting model to feature number 804, MGYG000410703
2026-01-11 16:05:07.318914 INFO::Fitting model to feature number 805, MGYG000329873
2026-01-11 16:05:07.329542 INFO::Fitting model to feature number 806, Lawsonibacter sp022796195
2026-01-11 16:05:07.337923 INFO::Fitting model to feature number 807, MGYG000411569
2026-01-11 16:05:07.34651 INFO::Fitting model to feature number 808, MGYG000327081
2026-01-11 16:05:07.357816 INFO::Fitting model to feature number 809, Dysosmobacter sp009774015
2026-01-11 16:05:07.367659 INFO::Fitting model to feature number 810, Dysosmobacter sp910583785
2026-01-11 16:05:07.378628 INFO::Fitting model to feature number 811, Dysosmobacter sp910575815
2026-01-11 16:05:07.388567 INFO::Fitting model to feature number 812, Dysosmobacter sp910579365
2026-01-11 16:05:07.399432 INFO::Fitting model to feature number 813, Dysosmobacter sp910587705
2026-01-11 16:05:07.410168 INFO::Fitting model to feature number 814, Dysosmobacter sp910586735
2026-01-11 16:05:07.421226 INFO::Fitting model to feature number 815, Dysosmobacter sp910585385
2026-01-11 16:05:07.431841 INFO::Fitting model to feature number 816, Dysosmobacter sp022791875
2026-01-11 16:05:07.442059 INFO::Fitting model to feature number 817, Dysosmobacter sp910583695
2026-01-11 16:05:07.451332 INFO::Fitting model to feature number 818, Dysosmobacter sp000403435
2026-01-11 16:05:07.461504 INFO::Fitting model to feature number 819, Dysosmobacter sp022791135
2026-01-11 16:05:07.471464 INFO::Fitting model to feature number 820, Dysosmobacter sp910588175
2026-01-11 16:05:07.48073 INFO::Fitting model to feature number 821, Dysosmobacter sp022795445
2026-01-11 16:05:07.490596 INFO::Fitting model to feature number 822, Dysosmobacter sp910575505
2026-01-11 16:05:07.501005 INFO::Fitting model to feature number 823, Dysosmobacter sp009773995
2026-01-11 16:05:07.511645 INFO::Fitting model to feature number 824, Dysosmobacter sp022801815
2026-01-11 16:05:07.523257 INFO::Fitting model to feature number 825, Dysosmobacter sp910577405
2026-01-11 16:05:07.533716 INFO::Fitting model to feature number 826, Dysosmobacter sp910578935
2026-01-11 16:05:07.544954 INFO::Fitting model to feature number 827, Dysosmobacter sp910576865
2026-01-11 16:05:07.554272 INFO::Fitting model to feature number 828, MGYG000330291
2026-01-11 16:05:07.565589 INFO::Fitting model to feature number 829, MGYG000409008
2026-01-11 16:05:07.574338 INFO::Fitting model to feature number 830, Dysosmobacter sp910589315
2026-01-11 16:05:07.584654 INFO::Fitting model to feature number 831, Dysosmobacter sp910587525
2026-01-11 16:05:07.593205 INFO::Fitting model to feature number 832, Dysosmobacter sp910587875
2026-01-11 16:05:07.601964 INFO::Fitting model to feature number 833, Dysosmobacter sp910584995
2026-01-11 16:05:07.611836 INFO::Fitting model to feature number 834, Dysosmobacter sp910579435
2026-01-11 16:05:07.621377 INFO::Fitting model to feature number 835, MGYG000411389
2026-01-11 16:05:07.631442 INFO::Fitting model to feature number 836, MGYG000325877
2026-01-11 16:05:07.641013 INFO::Fitting model to feature number 837, Dysosmobacter sp910584075
2026-01-11 16:05:07.649711 INFO::Fitting model to feature number 838, Dysosmobacter sp910585245
2026-01-11 16:05:07.656653 INFO::Fitting model to feature number 839, MGYG000373829
2026-01-11 16:05:07.664752 INFO::Fitting model to feature number 840, Dysosmobacter sp910584465
2026-01-11 16:05:07.671662 INFO::Fitting model to feature number 841, MGYG000330443
2026-01-11 16:05:07.679213 INFO::Fitting model to feature number 842, MGYG000326793
2026-01-11 16:05:07.687458 INFO::Fitting model to feature number 843, Dysosmobacter sp910576845
2026-01-11 16:05:07.697796 INFO::Fitting model to feature number 844, MGYG000329180
2026-01-11 16:05:07.705842 INFO::Fitting model to feature number 845, Pelethomonas sp910578505
2026-01-11 16:05:07.715765 INFO::Fitting model to feature number 846, Pelethomonas sp910579965
2026-01-11 16:05:07.725171 INFO::Fitting model to feature number 847, Pelethomonas sp910579485
2026-01-11 16:05:07.735015 INFO::Fitting model to feature number 848, Pelethomonas sp910587785
2026-01-11 16:05:07.745801 INFO::Fitting model to feature number 849, Pelethomonas sp022800665
2026-01-11 16:05:07.756293 INFO::Fitting model to feature number 850, Pelethomonas sp009774055
2026-01-11 16:05:07.766666 INFO::Fitting model to feature number 851, Pelethomonas sp022804995
2026-01-11 16:05:07.775454 INFO::Fitting model to feature number 852, Pelethomonas sp014237695
2026-01-11 16:05:07.784528 INFO::Fitting model to feature number 853, Pelethomonas sp022795905
2026-01-11 16:05:07.794486 INFO::Fitting model to feature number 854, MGYG000326866
2026-01-11 16:05:07.803762 INFO::Fitting model to feature number 855, Pelethomonas sp910583885
2026-01-11 16:05:07.812477 INFO::Fitting model to feature number 856, Pelethomonas sp910588365
2026-01-11 16:05:07.821607 INFO::Fitting model to feature number 857, MGYG000410776
2026-01-11 16:05:07.83154 INFO::Fitting model to feature number 858, Pelethomonas sp910587645
2026-01-11 16:05:07.838526 INFO::Fitting model to feature number 859, Pelethomonas sp022800525
2026-01-11 16:05:07.846911 INFO::Fitting model to feature number 860, Pelethomonas sp910588045
2026-01-11 16:05:07.858731 INFO::Fitting model to feature number 861, MGYG000325557
2026-01-11 16:05:07.870587 INFO::Fitting model to feature number 862, Pelethomonas sp910579725
2026-01-11 16:05:07.882565 INFO::Fitting model to feature number 863, Pelethomonas sp910577915
2026-01-11 16:05:07.893692 INFO::Fitting model to feature number 864, Pelethomonas sp910587505
2026-01-11 16:05:07.905633 INFO::Fitting model to feature number 865, MGYG000325617
2026-01-11 16:05:07.917833 INFO::Fitting model to feature number 866, Evtepia sp910584805
2026-01-11 16:05:07.930076 INFO::Fitting model to feature number 867, Evtepia sp022792035
2026-01-11 16:05:07.94404 INFO::Fitting model to feature number 868, Evtepia sp910578575
2026-01-11 16:05:07.963474 INFO::Fitting model to feature number 869, Marseille-P3106 sp022799035
2026-01-11 16:05:07.976127 INFO::Fitting model to feature number 870, Marseille-P3106 sp910587345
2026-01-11 16:05:07.989364 INFO::Fitting model to feature number 871, Marseille-P3106 sp910588975
2026-01-11 16:05:08.00312 INFO::Fitting model to feature number 872, MGYG000410458
2026-01-11 16:05:08.017167 INFO::Fitting model to feature number 873, Marseille-P3106 sp910585735
2026-01-11 16:05:08.028728 INFO::Fitting model to feature number 874, Marseille-P3106 sp022792495
2026-01-11 16:05:08.039158 INFO::Fitting model to feature number 875, Marseille-P3106 sp022794215
2026-01-11 16:05:08.048601 INFO::Fitting model to feature number 876, Marseille-P3106 sp022800215
2026-01-11 16:05:08.057152 INFO::Fitting model to feature number 877, MGYG000326975
2026-01-11 16:05:08.060447 INFO::Fitting model to feature number 878, NSJ-51 sp910585415
2026-01-11 16:05:08.069551 INFO::Fitting model to feature number 879, MGYG000326314
2026-01-11 16:05:08.078242 INFO::Fitting model to feature number 880, MGYG000325278
2026-01-11 16:05:08.088084 INFO::Fitting model to feature number 881, CAJFPI01 sp022801715
2026-01-11 16:05:08.096386 INFO::Fitting model to feature number 882, MGYG000327336
2026-01-11 16:05:08.10403 INFO::Fitting model to feature number 883, MGYG000328896
2026-01-11 16:05:08.112432 INFO::Fitting model to feature number 884, MGYG000329428
2026-01-11 16:05:08.12105 INFO::Fitting model to feature number 885, MGYG000329835
2026-01-11 16:05:08.129098 INFO::Fitting model to feature number 886, MGYG000410456
2026-01-11 16:05:08.136911 INFO::Fitting model to feature number 887, CAKUEI01 sp022793685
2026-01-11 16:05:08.14561 INFO::Fitting model to feature number 888, Avoscillospira_A sp022792945
2026-01-11 16:05:08.155803 INFO::Fitting model to feature number 889, JAAWCD01 sp022793095
2026-01-11 16:05:08.165194 INFO::Fitting model to feature number 890, Acutalibacter sp910588935
2026-01-11 16:05:08.17424 INFO::Fitting model to feature number 891, Acutalibacter sp009936035
2026-01-11 16:05:08.183121 INFO::Fitting model to feature number 892, Acutalibacter sp910589395
2026-01-11 16:05:08.191451 INFO::Fitting model to feature number 893, Acutalibacter sp910574935
2026-01-11 16:05:08.204107 INFO::Fitting model to feature number 894, Acutalibacter sp009917445
2026-01-11 16:05:08.214019 INFO::Fitting model to feature number 895, Acutalibacter muris
2026-01-11 16:05:08.217415 INFO::Fitting model to feature number 896, Acutalibacter sp910587835
2026-01-11 16:05:08.227497 INFO::Fitting model to feature number 897, MGYG000406378
2026-01-11 16:05:08.240037 INFO::Fitting model to feature number 898, Acutalibacter sp009917525
2026-01-11 16:05:08.251644 INFO::Fitting model to feature number 899, MGYG000328916
2026-01-11 16:05:08.263817 INFO::Fitting model to feature number 900, Acutalibacter sp910574995
2026-01-11 16:05:08.276174 INFO::Fitting model to feature number 901, Acutalibacter sp910580045
2026-01-11 16:05:08.289501 INFO::Fitting model to feature number 902, Acutalibacter sp003612555
2026-01-11 16:05:08.300858 INFO::Fitting model to feature number 903, Acutalibacter sp910587995
2026-01-11 16:05:08.311334 INFO::Fitting model to feature number 904, Acutalibacter sp910588415
2026-01-11 16:05:08.320072 INFO::Fitting model to feature number 905, Acutalibacter sp910584745
2026-01-11 16:05:08.330076 INFO::Fitting model to feature number 906, MGYG000330157
2026-01-11 16:05:08.34186 INFO::Fitting model to feature number 907, MGYG000331301
2026-01-11 16:05:08.353315 INFO::Fitting model to feature number 908, MGYG000410931
2026-01-11 16:05:08.362926 INFO::Fitting model to feature number 909, MGYG000328573
2026-01-11 16:05:08.371684 INFO::Fitting model to feature number 910, Acutalibacter stercorigallinarum
2026-01-11 16:05:08.383623 INFO::Fitting model to feature number 911, Eubacterium_R sp011958665
2026-01-11 16:05:08.396663 INFO::Fitting model to feature number 912, MGYG000337810
2026-01-11 16:05:08.408472 INFO::Fitting model to feature number 913, MGYG000379997
2026-01-11 16:05:08.41973 INFO::Fitting model to feature number 914, MGYG000351739
2026-01-11 16:05:08.433646 INFO::Fitting model to feature number 915, MGYG000410251
2026-01-11 16:05:08.446597 INFO::Fitting model to feature number 916, MGYG000373138
2026-01-11 16:05:08.458743 INFO::Fitting model to feature number 917, MGYG000327182
2026-01-11 16:05:08.471165 INFO::Fitting model to feature number 918, Ruthenibacterium sp013316265
2026-01-11 16:05:08.484121 INFO::Fitting model to feature number 919, Ruminococcus sp910584195
2026-01-11 16:05:08.487459 INFO::Fitting model to feature number 920, Angelakisella sp910585525
2026-01-11 16:05:08.499654 INFO::Fitting model to feature number 921, Angelakisella sp022795575
2026-01-11 16:05:08.510246 INFO::Fitting model to feature number 922, Angelakisella sp910585535
2026-01-11 16:05:08.520025 INFO::Fitting model to feature number 923, Angelakisella sp013316495
2026-01-11 16:05:08.529112 INFO::Fitting model to feature number 924, Ruminiclostridium_E sp910588335
2026-01-11 16:05:08.538064 INFO::Fitting model to feature number 925, MGYG000410125
2026-01-11 16:05:08.549359 INFO::Fitting model to feature number 926, Ruminiclostridium_E sp910585505
2026-01-11 16:05:08.56045 INFO::Fitting model to feature number 927, UBA1405 sp022800935
2026-01-11 16:05:08.569331 INFO::Fitting model to feature number 928, MGYG000331296
2026-01-11 16:05:08.578123 INFO::Fitting model to feature number 929, MGYG000410015
2026-01-11 16:05:08.586464 INFO::Fitting model to feature number 930, UBA1394 sp910588145
2026-01-11 16:05:08.595152 INFO::Fitting model to feature number 931, Anaerotruncus sp000403395
2026-01-11 16:05:08.603606 INFO::Fitting model to feature number 932, Anaerotruncus sp003612625
2026-01-11 16:05:08.612712 INFO::Fitting model to feature number 933, Anaerotruncus colihominis_A
2026-01-11 16:05:08.623284 INFO::Fitting model to feature number 934, Anaerotruncus sp910586875
2026-01-11 16:05:08.634391 INFO::Fitting model to feature number 935, MGYG000410574
2026-01-11 16:05:08.645426 INFO::Fitting model to feature number 936, UBA3818 sp910583935
2026-01-11 16:05:08.654452 INFO::Fitting model to feature number 937, JAAVYW01 sp022791315
2026-01-11 16:05:08.664806 INFO::Fitting model to feature number 938, Faecivivens sp022793675
2026-01-11 16:05:08.675387 INFO::Fitting model to feature number 939, RGIG8773 sp910584715
2026-01-11 16:05:08.687582 INFO::Fitting model to feature number 940, QXXE01 sp009911355
2026-01-11 16:05:08.700584 INFO::Fitting model to feature number 941, QXXE01 sp910586575
2026-01-11 16:05:08.711865 INFO::Fitting model to feature number 942, MGYG000327912
2026-01-11 16:05:08.72373 INFO::Fitting model to feature number 943, Butyricicoccus sp910584935
2026-01-11 16:05:08.734862 INFO::Fitting model to feature number 944, Pseudobutyricicoccus sp910579575
2026-01-11 16:05:08.74764 INFO::Fitting model to feature number 945, MGYG000349368
2026-01-11 16:05:08.756793 INFO::Fitting model to feature number 946, Avispirillum sp011957885
2026-01-11 16:05:08.767565 INFO::Fitting model to feature number 947, MGYG000401352
2026-01-11 16:05:08.779271 INFO::Fitting model to feature number 948, Zhenpiania sp009911365
2026-01-11 16:05:08.791173 INFO::Fitting model to feature number 949, Zhenpiania sp910575405
2026-01-11 16:05:08.803871 INFO::Fitting model to feature number 950, Emergencia sp009936045
2026-01-11 16:05:08.816549 INFO::Fitting model to feature number 951, JAAVYD01 sp022790955
2026-01-11 16:05:08.827735 INFO::Fitting model to feature number 952, Fimisoma sp910588185
2026-01-11 16:05:08.839009 INFO::Fitting model to feature number 953, MGYG000410140
2026-01-11 16:05:08.849201 INFO::Fitting model to feature number 954, MGYG000323026
2026-01-11 16:05:08.861706 INFO::Fitting model to feature number 955, Coproplasma sp910579525
2026-01-11 16:05:08.871566 INFO::Fitting model to feature number 956, Coproplasma sp003979335
2026-01-11 16:05:08.882989 INFO::Fitting model to feature number 957, Coproplasma sp013316055
2026-01-11 16:05:08.894632 INFO::Fitting model to feature number 958, Coproplasma sp910577375
2026-01-11 16:05:08.904935 INFO::Fitting model to feature number 959, Coproplasma sp910586065
2026-01-11 16:05:08.917387 INFO::Fitting model to feature number 960, MGYG000328913
2026-01-11 16:05:08.927361 INFO::Fitting model to feature number 961, Coproplasma stercorigallinarum
2026-01-11 16:05:08.937999 INFO::Fitting model to feature number 962, MGBC120929 sp910583735
2026-01-11 16:05:08.950289 INFO::Fitting model to feature number 963, RACS-045 sp910579785
2026-01-11 16:05:08.958786 INFO::Fitting model to feature number 964, QANA01 sp910588425
2026-01-11 16:05:08.969086 INFO::Fitting model to feature number 965, MGYG000324257
2026-01-11 16:05:08.978358 INFO::Fitting model to feature number 966, HGM11386 sp022791055
2026-01-11 16:05:08.987458 INFO::Fitting model to feature number 967, RACS-047 sp013316045
2026-01-11 16:05:08.996943 INFO::Fitting model to feature number 968, CAG-475 sp910577815
2026-01-11 16:05:09.007078 INFO::Fitting model to feature number 969, MGYG000328446
2026-01-11 16:05:09.019352 INFO::Fitting model to feature number 970, Caccovivens sp910587225
2026-01-11 16:05:09.032516 INFO::Fitting model to feature number 971, CAG-41 sp910578235
2026-01-11 16:05:09.041856 INFO::Fitting model to feature number 972, MGYG000410260
2026-01-11 16:05:09.054759 INFO::Fitting model to feature number 973, MGYG000335786
2026-01-11 16:05:09.06448 INFO::Fitting model to feature number 974, MGYG000349464
2026-01-11 16:05:09.077294 INFO::Fitting model to feature number 975, CAG-269 sp022792395
2026-01-11 16:05:09.087708 INFO::Fitting model to feature number 976, MGYG000328872
2026-01-11 16:05:09.099969 INFO::Fitting model to feature number 977, MGYG000327552
2026-01-11 16:05:09.113475 INFO::Fitting model to feature number 978, RGIG8482 sp022796855
2026-01-11 16:05:09.12389 INFO::Fitting model to feature number 979, JAAWPK01 sp022791735
2026-01-11 16:05:09.134268 INFO::Fitting model to feature number 980, MGYG000375192
2026-01-11 16:05:09.145361 INFO::Fitting model to feature number 981, MGYG000323824
2026-01-11 16:05:09.157969 INFO::Fitting model to feature number 982, Akkermansia muciniphila_B
2026-01-11 16:05:09.229337 INFO::Fitting model to feature number 983, Akkermansia sp001580195
2026-01-11 16:05:09.242115 INFO::Fitting model to feature number 984, Parasutterella sp009767915
2026-01-11 16:05:09.254224 INFO::Fitting model to feature number 985, Turicimonas muris
2026-01-11 16:05:09.268919 INFO::Fitting model to feature number 986, MGYG000326933
2026-01-11 16:05:09.281707 INFO::Fitting model to feature number 987, Enterobacter hormaechei_A
2026-01-11 16:05:09.294122 INFO::Fitting model to feature number 988, Methylobacterium persicinum
2026-01-11 16:05:09.30662 INFO::Fitting model to feature number 989, MGYG000329730
2026-01-11 16:05:09.319408 INFO::Fitting model to feature number 990, MGYG000360301
2026-01-11 16:05:09.331716 INFO::Fitting model to feature number 991, Enterousia sp013316395
2026-01-11 16:05:09.34434 INFO::Fitting model to feature number 992, MGYG000410936
2026-01-11 16:05:09.357559 INFO::Fitting model to feature number 993, Scatocola sp910577205
2026-01-11 16:05:09.370852 INFO::Fitting model to feature number 994, MGYG000327352
2026-01-11 16:05:09.384209 INFO::Fitting model to feature number 995, MGBC118957 sp910584385
2026-01-11 16:05:09.397564 INFO::Fitting model to feature number 996, MGYG000391024
2026-01-11 16:05:09.411016 INFO::Fitting model to feature number 997, MGYG000323059
2026-01-11 16:05:09.421178 INFO::Fitting model to feature number 998, MGYG000328709
2026-01-11 16:05:09.431304 INFO::Fitting model to feature number 999, MGYG000411523
2026-01-11 16:05:09.443336 INFO::Fitting model to feature number 1000, MGYG000331169
2026-01-11 16:05:09.456689 INFO::Fitting model to feature number 1001, Nanosyncoccus sp003979185
2026-01-11 16:05:09.470608 INFO::Fitting model to feature number 1002, MGYG000344322
2026-01-11 16:05:09.48406 INFO::Fitting model to feature number 1003, Nanosyncoccus sp013316435
2026-01-11 16:05:09.500351 INFO::Fitting model to feature number 1004, MGYG000348936
2026-01-11 16:05:09.514334 INFO::Fitting model to feature number 1005, MGYG000341210
2026-01-11 16:05:09.532269 INFO::Fitting model to feature number 1006, MGYG000331839
2026-01-11 16:05:09.548237 INFO::Fitting model to feature number 1007, MGYG000328091
2026-01-11 16:05:09.562573 INFO::Fitting model to feature number 1008, Avidehalobacter sp022797295
2026-01-11 16:05:09.578507 INFO::Fitting model to feature number 1009, Avidehalobacter sp021771915
2026-01-11 16:05:09.595912 INFO::Fitting model to feature number 1010, MGYG000410378
2026-01-11 16:05:09.618009 INFO::Fitting model to feature number 1011, MGYG000411020
2026-01-11 16:05:09.63289 INFO::Fitting model to feature number 1012, MGBC122484 sp910587245
2026-01-11 16:05:09.647803 INFO::Fitting model to feature number 1013, MGBC122484 sp910586855
2026-01-11 16:05:09.677318 INFO::Fitting model to feature number 1014, MGBC122484 sp910578465
2026-01-11 16:05:09.694153 INFO::Fitting model to feature number 1015, MGBC122484 sp910587815
2026-01-11 16:05:09.707919 INFO::Fitting model to feature number 1016, Megamonas funiformis
2026-01-11 16:05:09.731692 INFO::Fitting model to feature number 1017, MGYG000325548
2026-01-11 16:05:09.752558 INFO::Fitting model to feature number 1018, MGYG000331077
2026-01-11 16:05:09.772325 INFO::Fitting model to feature number 1019, MGYG000324324
2026-01-11 16:05:09.810721 INFO::Fitting model to feature number 1020, MGYG000333766
2026-01-11 16:05:09.835128 INFO::Fitting model to feature number 1021, UBA3282 sp910578115
2026-01-11 16:05:09.853501 INFO::Fitting model to feature number 1022, Anaerostipes hominis
2026-01-11 16:05:09.876917 INFO::Fitting model to feature number 1023, Bacteroides thetaiotaomicron
2026-01-11 16:05:09.906443 INFO::Fitting model to feature number 1024, C-19 sp910576345
2026-01-11 16:05:09.927096 INFO::Fitting model to feature number 1025, MGYG000410493
2026-01-11 16:05:09.953213 INFO::Fitting model to feature number 1026, Allobaculum sp910579655
2026-01-11 16:05:09.970816 INFO::Fitting model to feature number 1027, MGBC163490 sp910588075
2026-01-11 16:05:09.98806 INFO::Fitting model to feature number 1028, Limosilactobacillus urinaemulieris
2026-01-11 16:05:10.005148 INFO::Fitting model to feature number 1029, Lactiplantibacillus plantarum
2026-01-11 16:05:10.01774 INFO::Fitting model to feature number 1030, Enterococcus_D gallinarum
2026-01-11 16:05:10.02829 INFO::Fitting model to feature number 1031, Granulicatella adiacens
2026-01-11 16:05:10.038519 INFO::Fitting model to feature number 1032, Scybalousia sp910584255
2026-01-11 16:05:10.050266 INFO::Fitting model to feature number 1033, MGYG000325543
2026-01-11 16:05:10.0608 INFO::Fitting model to feature number 1034, Paratractidigestivibacter sp003150175
2026-01-11 16:05:10.071174 INFO::Fitting model to feature number 1035, Collinsella stercoris
2026-01-11 16:05:10.080168 INFO::Fitting model to feature number 1036, Collinsella sp900545445
2026-01-11 16:05:10.089297 INFO::Fitting model to feature number 1037, Collinsella sp002232035
2026-01-11 16:05:10.099566 INFO::Fitting model to feature number 1038, MGYG000330890
2026-01-11 16:05:10.109434 INFO::Fitting model to feature number 1039, Cutibacterium acnes
2026-01-11 16:05:10.118858 INFO::Fitting model to feature number 1040, MGYG000325467
2026-01-11 16:05:10.126826 INFO::Fitting model to feature number 1041, MGYG000325647
2026-01-11 16:05:10.136324 INFO::Fitting model to feature number 1042, MGYG000325468
2026-01-11 16:05:10.146499 INFO::Fitting model to feature number 1043, MGYG000325561
2026-01-11 16:05:10.156196 INFO::Fitting model to feature number 1044, CAG-873 sp014801485
2026-01-11 16:05:10.164378 INFO::Fitting model to feature number 1045, MGYG000325408
2026-01-11 16:05:10.172593 INFO::Fitting model to feature number 1046, CAG-873 sp910579605
2026-01-11 16:05:10.18208 INFO::Fitting model to feature number 1047, CAG-485 sp014802175
2026-01-11 16:05:10.192849 INFO::Fitting model to feature number 1048, CAG-485 sp014801875
2026-01-11 16:05:10.202397 INFO::Fitting model to feature number 1049, CAG-485 sp014803765
2026-01-11 16:05:10.210047 INFO::Fitting model to feature number 1050, MGYG000325797
2026-01-11 16:05:10.219366 INFO::Fitting model to feature number 1051, MGYG000325348
2026-01-11 16:05:10.227426 INFO::Fitting model to feature number 1052, MGYG000325391
2026-01-11 16:05:10.237742 INFO::Fitting model to feature number 1053, MGYG000325606
2026-01-11 16:05:10.248291 INFO::Fitting model to feature number 1054, MGYG000325480
2026-01-11 16:05:10.259632 INFO::Fitting model to feature number 1055, CAG-485 sp014800535
2026-01-11 16:05:10.270809 INFO::Fitting model to feature number 1056, CAG-485 sp014801585
2026-01-11 16:05:10.283271 INFO::Fitting model to feature number 1057, MGYG000325583
2026-01-11 16:05:10.296526 INFO::Fitting model to feature number 1058, MGYG000325430
2026-01-11 16:05:10.308965 INFO::Fitting model to feature number 1059, MGYG000325719
2026-01-11 16:05:10.319473 INFO::Fitting model to feature number 1060, MGYG000325338
2026-01-11 16:05:10.327423 INFO::Fitting model to feature number 1061, MGYG000325306
2026-01-11 16:05:10.337156 INFO::Fitting model to feature number 1062, MGYG000325603
2026-01-11 16:05:10.346228 INFO::Fitting model to feature number 1063, UBA3263 sp014802435
2026-01-11 16:05:10.355625 INFO::Fitting model to feature number 1064, MGYG000325316
2026-01-11 16:05:10.364171 INFO::Fitting model to feature number 1065, MGYG000325659
2026-01-11 16:05:10.372529 INFO::Fitting model to feature number 1066, MGYG000325628
2026-01-11 16:05:10.380991 INFO::Fitting model to feature number 1067, MGYG000325657
2026-01-11 16:05:10.389554 INFO::Fitting model to feature number 1068, MGYG000325523
2026-01-11 16:05:10.399263 INFO::Fitting model to feature number 1069, MGYG000325354
2026-01-11 16:05:10.40849 INFO::Fitting model to feature number 1070, MGYG000325392
2026-01-11 16:05:10.418524 INFO::Fitting model to feature number 1071, JAAVFS01 sp014802385
2026-01-11 16:05:10.429356 INFO::Fitting model to feature number 1072, MGYG000327349
2026-01-11 16:05:10.437618 INFO::Fitting model to feature number 1073, Parabacteroides johnsonii
2026-01-11 16:05:10.445645 INFO::Fitting model to feature number 1074, Parabacteroides sp910577325
2026-01-11 16:05:10.454146 INFO::Fitting model to feature number 1075, Bacteroides faecis
2026-01-11 16:05:10.462318 INFO::Fitting model to feature number 1076, Bacteroides bouchesdurhonensis
2026-01-11 16:05:10.470956 INFO::Fitting model to feature number 1077, Bacteroides ovatus
2026-01-11 16:05:10.479039 INFO::Fitting model to feature number 1078, Bacteroides caccae
2026-01-11 16:05:10.489347 INFO::Fitting model to feature number 1079, MGYG000325504
2026-01-11 16:05:10.500575 INFO::Fitting model to feature number 1080, Bacteroides salyersiae
2026-01-11 16:05:10.511392 INFO::Fitting model to feature number 1081, Bacteroides stercorirosoris
2026-01-11 16:05:10.522677 INFO::Fitting model to feature number 1082, MGYG000325502
2026-01-11 16:05:10.53283 INFO::Fitting model to feature number 1083, Prevotella pectinovora
2026-01-11 16:05:10.544807 INFO::Fitting model to feature number 1084, MGYG000325596
2026-01-11 16:05:10.563292 INFO::Fitting model to feature number 1085, Tidjanibacter sp910577285
2026-01-11 16:05:10.576056 INFO::Fitting model to feature number 1086, Odoribacter sp910588375
2026-01-11 16:05:10.587895 INFO::Fitting model to feature number 1087, Odoribacter sp910578985
2026-01-11 16:05:10.601013 INFO::Fitting model to feature number 1088, Odoribacter sp009935865
2026-01-11 16:05:10.611233 INFO::Fitting model to feature number 1089, Cryptobacteroides sp000431015
2026-01-11 16:05:10.622644 INFO::Fitting model to feature number 1090, Pullibacteroides sp910578275
2026-01-11 16:05:10.635928 INFO::Fitting model to feature number 1091, MGYG000376875
2026-01-11 16:05:10.648909 INFO::Fitting model to feature number 1092, MGYG000410984
2026-01-11 16:05:10.660037 INFO::Fitting model to feature number 1093, MGYG000329711
2026-01-11 16:05:10.673636 INFO::Fitting model to feature number 1094, Sporofaciens sp910584575
2026-01-11 16:05:10.687591 INFO::Fitting model to feature number 1095, Sporofaciens sp011960625
2026-01-11 16:05:10.701331 INFO::Fitting model to feature number 1096, MD308 sp910579335
2026-01-11 16:05:10.714598 INFO::Fitting model to feature number 1097, 14-2 sp910585625
2026-01-11 16:05:10.72837 INFO::Fitting model to feature number 1098, 14-2 sp910585895
2026-01-11 16:05:10.741512 INFO::Fitting model to feature number 1099, 14-2 sp004793545
2026-01-11 16:05:10.754655 INFO::Fitting model to feature number 1100, 14-2 sp910580195
2026-01-11 16:05:10.768896 INFO::Fitting model to feature number 1101, 14-2 sp910580015
2026-01-11 16:05:10.782589 INFO::Fitting model to feature number 1102, 14-2 sp910585395
2026-01-11 16:05:10.796714 INFO::Fitting model to feature number 1103, 14-2 sp910587895
2026-01-11 16:05:10.810014 INFO::Fitting model to feature number 1104, MGYG000327388
2026-01-11 16:05:10.824101 INFO::Fitting model to feature number 1105, MGYG000410811
2026-01-11 16:05:10.837995 INFO::Fitting model to feature number 1106, MGYG000352925
2026-01-11 16:05:10.851657 INFO::Fitting model to feature number 1107, MGYG000331207
2026-01-11 16:05:10.868592 INFO::Fitting model to feature number 1108, MGYG000328397
2026-01-11 16:05:10.882422 INFO::Fitting model to feature number 1109, 14-2 sp910588965
2026-01-11 16:05:10.898604 INFO::Fitting model to feature number 1110, 14-2 sp910586005
2026-01-11 16:05:10.91227 INFO::Fitting model to feature number 1111, Ventrimonas sp910588875
2026-01-11 16:05:10.925797 INFO::Fitting model to feature number 1112, Ventrimonas sp910586205
2026-01-11 16:05:10.93874 INFO::Fitting model to feature number 1113, Ventrimonas sp910588125
2026-01-11 16:05:10.951755 INFO::Fitting model to feature number 1114, MGYG000329105
2026-01-11 16:05:10.965699 INFO::Fitting model to feature number 1115, Ventrimonas sp022794255
2026-01-11 16:05:10.979431 INFO::Fitting model to feature number 1116, MGYG000432287
2026-01-11 16:05:10.992412 INFO::Fitting model to feature number 1117, Ventrimonas sp910584845
2026-01-11 16:05:11.004403 INFO::Fitting model to feature number 1118, UBA3282 sp910587715
2026-01-11 16:05:11.013671 INFO::Fitting model to feature number 1119, MGYG000411593
2026-01-11 16:05:11.024162 INFO::Fitting model to feature number 1120, MGYG000323128
2026-01-11 16:05:11.034468 INFO::Fitting model to feature number 1121, UBA3282 sp910578645
2026-01-11 16:05:11.044459 INFO::Fitting model to feature number 1122, UBA3282 sp910579735
2026-01-11 16:05:11.057806 INFO::Fitting model to feature number 1123, MGYG000325815
2026-01-11 16:05:11.071391 INFO::Fitting model to feature number 1124, UBA3282 sp910579395
2026-01-11 16:05:11.083646 INFO::Fitting model to feature number 1125, UBA3282 sp009774575
2026-01-11 16:05:11.096325 INFO::Fitting model to feature number 1126, MGYG000329420
2026-01-11 16:05:11.108805 INFO::Fitting model to feature number 1127, MGYG000323012
2026-01-11 16:05:11.122575 INFO::Fitting model to feature number 1128, MGYG000325709
2026-01-11 16:05:11.137089 INFO::Fitting model to feature number 1129, MGYG000325198
2026-01-11 16:05:11.150699 INFO::Fitting model to feature number 1130, UBA3282 sp910578845
2026-01-11 16:05:11.161816 INFO::Fitting model to feature number 1131, UBA3282 sp910588955
2026-01-11 16:05:11.173512 INFO::Fitting model to feature number 1132, MGYG000325450
2026-01-11 16:05:11.186584 INFO::Fitting model to feature number 1133, MGYG000325999
2026-01-11 16:05:11.211577 INFO::Fitting model to feature number 1134, MGYG000411525
2026-01-11 16:05:11.230529 INFO::Fitting model to feature number 1135, MGYG000325558
2026-01-11 16:05:11.244119 INFO::Fitting model to feature number 1136, MGYG000322990
2026-01-11 16:05:11.257556 INFO::Fitting model to feature number 1137, MGYG000330673
2026-01-11 16:05:11.271576 INFO::Fitting model to feature number 1138, MGYG000368565
2026-01-11 16:05:11.284502 INFO::Fitting model to feature number 1139, UBA7109 sp910580235
2026-01-11 16:05:11.298963 INFO::Fitting model to feature number 1140, MGYG000324764
2026-01-11 16:05:11.309558 INFO::Fitting model to feature number 1141, MGYG000324065
2026-01-11 16:05:11.323382 INFO::Fitting model to feature number 1142, Roseburia sp910577925
2026-01-11 16:05:11.337455 INFO::Fitting model to feature number 1143, MGYG000393816
2026-01-11 16:05:11.351671 INFO::Fitting model to feature number 1144, Butyribacter sp910579085
2026-01-11 16:05:11.366637 INFO::Fitting model to feature number 1145, MGYG000329302
2026-01-11 16:05:11.380621 INFO::Fitting model to feature number 1146, MGYG000348373
2026-01-11 16:05:11.393467 INFO::Fitting model to feature number 1147, MGYG000325401
2026-01-11 16:05:11.406255 INFO::Fitting model to feature number 1148, Butyribacter sp910586555
2026-01-11 16:05:11.419476 INFO::Fitting model to feature number 1149, Butyribacter sp910586605
2026-01-11 16:05:11.430451 INFO::Fitting model to feature number 1150, 1XD8-76 sp003611955
2026-01-11 16:05:11.442239 INFO::Fitting model to feature number 1151, 1XD8-76 sp910584915
2026-01-11 16:05:11.453116 INFO::Fitting model to feature number 1152, 1XD8-76 sp022799355
2026-01-11 16:05:11.461823 INFO::Fitting model to feature number 1153, Blautia coccoides
2026-01-11 16:05:11.4716 INFO::Fitting model to feature number 1154, Blautia hominis
2026-01-11 16:05:11.48089 INFO::Fitting model to feature number 1155, MGYG000330300
2026-01-11 16:05:11.489642 INFO::Fitting model to feature number 1156, MGYG000411610
2026-01-11 16:05:11.500332 INFO::Fitting model to feature number 1157, Acetatifactor sp910578215
2026-01-11 16:05:11.512249 INFO::Fitting model to feature number 1158, MGYG000403847
2026-01-11 16:05:11.525728 INFO::Fitting model to feature number 1159, Acetatifactor sp910585665
2026-01-11 16:05:11.538461 INFO::Fitting model to feature number 1160, MGYG000410724
2026-01-11 16:05:11.550386 INFO::Fitting model to feature number 1161, MGYG000329148
2026-01-11 16:05:11.56257 INFO::Fitting model to feature number 1162, MGYG000331408
2026-01-11 16:05:11.573776 INFO::Fitting model to feature number 1163, MGYG000331279
2026-01-11 16:05:11.585438 INFO::Fitting model to feature number 1164, Acetatifactor sp910584375
2026-01-11 16:05:11.596568 INFO::Fitting model to feature number 1165, MGYG000345025
2026-01-11 16:05:11.608106 INFO::Fitting model to feature number 1166, Acetatifactor sp910586435
2026-01-11 16:05:11.619366 INFO::Fitting model to feature number 1167, MGYG000330154
2026-01-11 16:05:11.632561 INFO::Fitting model to feature number 1168, MGYG000327196
2026-01-11 16:05:11.656802 INFO::Fitting model to feature number 1169, Acetatifactor sp910586215
2026-01-11 16:05:11.676691 INFO::Fitting model to feature number 1170, Acetatifactor sp011959105
2026-01-11 16:05:11.728327 INFO::Fitting model to feature number 1171, Acetatifactor sp910586515
2026-01-11 16:05:11.744553 INFO::Fitting model to feature number 1172, MGYG000325688
2026-01-11 16:05:11.76191 INFO::Fitting model to feature number 1173, MGYG000325419
2026-01-11 16:05:11.778957 INFO::Fitting model to feature number 1174, Acetatifactor sp910585015
2026-01-11 16:05:11.80881 INFO::Fitting model to feature number 1175, Acetatifactor sp910577665
2026-01-11 16:05:11.827631 INFO::Fitting model to feature number 1176, MGYG000329799
2026-01-11 16:05:11.8411 INFO::Fitting model to feature number 1177, Acetatifactor sp910588225
2026-01-11 16:05:11.855458 INFO::Fitting model to feature number 1178, MGYG000410939
2026-01-11 16:05:11.866769 INFO::Fitting model to feature number 1179, MGYG000327533
2026-01-11 16:05:11.878258 INFO::Fitting model to feature number 1180, Acetatifactor sp022797535
2026-01-11 16:05:11.892653 INFO::Fitting model to feature number 1181, MGYG000329051
2026-01-11 16:05:11.905059 INFO::Fitting model to feature number 1182, MGYG000324774
2026-01-11 16:05:11.917583 INFO::Fitting model to feature number 1183, Lachnospira sp910587485
2026-01-11 16:05:11.928132 INFO::Fitting model to feature number 1184, Anaerostipes caccae
2026-01-11 16:05:11.940728 INFO::Fitting model to feature number 1185, 1XD42-69 sp910585825
2026-01-11 16:05:11.954412 INFO::Fitting model to feature number 1186, 1XD42-69 sp910586725
2026-01-11 16:05:11.969131 INFO::Fitting model to feature number 1187, 1XD42-69 sp910586355
2026-01-11 16:05:11.984218 INFO::Fitting model to feature number 1188, 1XD42-69 sp910589105
2026-01-11 16:05:11.999315 INFO::Fitting model to feature number 1189, MGYG000327486
2026-01-11 16:05:12.013351 INFO::Fitting model to feature number 1190, MGYG000331229
2026-01-11 16:05:12.027889 INFO::Fitting model to feature number 1191, UBA3402 sp910588505
2026-01-11 16:05:12.042129 INFO::Fitting model to feature number 1192, UBA3402 sp022792815
2026-01-11 16:05:12.060851 INFO::Fitting model to feature number 1193, UBA3402 sp910579515
2026-01-11 16:05:12.074977 INFO::Fitting model to feature number 1194, MGYG000410806
2026-01-11 16:05:12.087738 INFO::Fitting model to feature number 1195, MGYG000324300
2026-01-11 16:05:12.100473 INFO::Fitting model to feature number 1196, MGYG000324807
2026-01-11 16:05:12.114571 INFO::Fitting model to feature number 1197, MGYG000327237
2026-01-11 16:05:12.129102 INFO::Fitting model to feature number 1198, MGYG000327181
2026-01-11 16:05:12.14145 INFO::Fitting model to feature number 1199, CAG-95 sp910577445
2026-01-11 16:05:12.153629 INFO::Fitting model to feature number 1200, CAG-95 sp002492465
2026-01-11 16:05:12.166227 INFO::Fitting model to feature number 1201, CAG-95 sp910587305
2026-01-11 16:05:12.178849 INFO::Fitting model to feature number 1202, CAG-95 sp910587295
2026-01-11 16:05:12.190748 INFO::Fitting model to feature number 1203, MGYG000410955
2026-01-11 16:05:12.20457 INFO::Fitting model to feature number 1204, MGYG000325519
2026-01-11 16:05:12.218495 INFO::Fitting model to feature number 1205, MGYG000325286
2026-01-11 16:05:12.230713 INFO::Fitting model to feature number 1206, CAG-95 sp000403495
2026-01-11 16:05:12.24354 INFO::Fitting model to feature number 1207, CAG-95 sp014804245
2026-01-11 16:05:12.255911 INFO::Fitting model to feature number 1208, MGYG000330445
2026-01-11 16:05:12.268242 INFO::Fitting model to feature number 1209, COE1 sp014239155
2026-01-11 16:05:12.280041 INFO::Fitting model to feature number 1210, MGYG000325661
2026-01-11 16:05:12.288621 INFO::Fitting model to feature number 1211, COE1 sp011959805
2026-01-11 16:05:12.297233 INFO::Fitting model to feature number 1212, COE1 sp009774245
2026-01-11 16:05:12.305655 INFO::Fitting model to feature number 1213, MGYG000325434
2026-01-11 16:05:12.314075 INFO::Fitting model to feature number 1214, COE1 sp910577115
2026-01-11 16:05:12.326969 INFO::Fitting model to feature number 1215, COE1 sp000403215
2026-01-11 16:05:12.339719 INFO::Fitting model to feature number 1216, COE1 sp910588595
2026-01-11 16:05:12.352692 INFO::Fitting model to feature number 1217, MGYG000325380
2026-01-11 16:05:12.366246 INFO::Fitting model to feature number 1218, MGYG000328561
2026-01-11 16:05:12.378488 INFO::Fitting model to feature number 1219, COE1 sp910578795
2026-01-11 16:05:12.393987 INFO::Fitting model to feature number 1220, COE1 sp003513705
2026-01-11 16:05:12.406457 INFO::Fitting model to feature number 1221, Eubacterium_F sp910577295
2026-01-11 16:05:12.419475 INFO::Fitting model to feature number 1222, Eubacterium_F sp910584065
2026-01-11 16:05:12.43207 INFO::Fitting model to feature number 1223, Eubacterium_F sp910584245
2026-01-11 16:05:12.445869 INFO::Fitting model to feature number 1224, Eubacterium_F sp910584645
2026-01-11 16:05:12.460075 INFO::Fitting model to feature number 1225, MGYG000327551
2026-01-11 16:05:12.473924 INFO::Fitting model to feature number 1226, VSOB01 sp910585345
2026-01-11 16:05:12.488402 INFO::Fitting model to feature number 1227, VSOB01 sp910589075
2026-01-11 16:05:12.503204 INFO::Fitting model to feature number 1228, Merdisoma sp910587955
2026-01-11 16:05:12.587583 INFO::Fitting model to feature number 1229, MGYG000331110
2026-01-11 16:05:12.603343 INFO::Fitting model to feature number 1230, Eubacterium_J plexicaudatum
2026-01-11 16:05:12.618317 INFO::Fitting model to feature number 1231, Eubacterium_J sp910586445
2026-01-11 16:05:12.633575 INFO::Fitting model to feature number 1232, Eubacterium_J sp910577225
2026-01-11 16:05:12.651131 INFO::Fitting model to feature number 1233, Eubacterium_J sp009774535
2026-01-11 16:05:12.670835 INFO::Fitting model to feature number 1234, Eubacterium_J sp910586225
2026-01-11 16:05:12.694495 INFO::Fitting model to feature number 1235, Eubacterium_J sp910584345
2026-01-11 16:05:12.718116 INFO::Fitting model to feature number 1236, MGYG000327547
2026-01-11 16:05:12.752609 INFO::Fitting model to feature number 1237, MGYG000325711
2026-01-11 16:05:12.780706 INFO::Fitting model to feature number 1238, MGYG000324920
2026-01-11 16:05:12.793982 INFO::Fitting model to feature number 1239, Eubacterium_J sp910586045
2026-01-11 16:05:12.805628 INFO::Fitting model to feature number 1240, MGYG000331263
2026-01-11 16:05:12.817498 INFO::Fitting model to feature number 1241, Kineothrix sp910579645
2026-01-11 16:05:12.830298 INFO::Fitting model to feature number 1242, Kineothrix sp023399455
2026-01-11 16:05:12.841025 INFO::Fitting model to feature number 1243, Kineothrix sp910578405
2026-01-11 16:05:12.851417 INFO::Fitting model to feature number 1244, MGBC164599 sp910584115
2026-01-11 16:05:12.860793 INFO::Fitting model to feature number 1245, MGYG000330773
2026-01-11 16:05:12.871306 INFO::Fitting model to feature number 1246, MGYG000323038
2026-01-11 16:05:12.880224 INFO::Fitting model to feature number 1247, Caccovicinus sp910589195
2026-01-11 16:05:12.889186 INFO::Fitting model to feature number 1248, Copromonas sp910585355
2026-01-11 16:05:12.897585 INFO::Fitting model to feature number 1249, MGYG000329350
2026-01-11 16:05:12.907395 INFO::Fitting model to feature number 1250, Copromonas sp900066535
2026-01-11 16:05:12.915985 INFO::Fitting model to feature number 1251, MGYG000346909
2026-01-11 16:05:12.925034 INFO::Fitting model to feature number 1252, Eisenbergiella porci
2026-01-11 16:05:12.934555 INFO::Fitting model to feature number 1253, MGYG000379181
2026-01-11 16:05:12.944132 INFO::Fitting model to feature number 1254, CAG-510 sp910578335
2026-01-11 16:05:12.956712 INFO::Fitting model to feature number 1255, CAG-510 sp910577015
2026-01-11 16:05:12.969904 INFO::Fitting model to feature number 1256, MGYG000325414
2026-01-11 16:05:12.984507 INFO::Fitting model to feature number 1257, MGYG000328974
2026-01-11 16:05:12.998744 INFO::Fitting model to feature number 1258, MGYG000329478
2026-01-11 16:05:13.012307 INFO::Fitting model to feature number 1259, SIG307 sp910577175
2026-01-11 16:05:13.026222 INFO::Fitting model to feature number 1260, Clostridium_Q symbiosum
2026-01-11 16:05:13.04236 INFO::Fitting model to feature number 1261, Clostridium_Q sp009911305
2026-01-11 16:05:13.058483 INFO::Fitting model to feature number 1262, Enterocloster bolteae
2026-01-11 16:05:13.07351 INFO::Fitting model to feature number 1263, MGYG000330164
2026-01-11 16:05:13.09017 INFO::Fitting model to feature number 1264, MGYG000323607
2026-01-11 16:05:13.106789 INFO::Fitting model to feature number 1265, RGIG4057 sp910577675
2026-01-11 16:05:13.122817 INFO::Fitting model to feature number 1266, RGIG8607 sp910588535
2026-01-11 16:05:13.139174 INFO::Fitting model to feature number 1267, MGBC131033 sp910585655
2026-01-11 16:05:13.159242 INFO::Fitting model to feature number 1268, MGYG000409986
2026-01-11 16:05:13.173837 INFO::Fitting model to feature number 1269, MGYG000323124
2026-01-11 16:05:13.192742 INFO::Fitting model to feature number 1270, MGYG000327294
2026-01-11 16:05:13.215334 INFO::Fitting model to feature number 1271, RUG115 sp910578885
2026-01-11 16:05:13.228341 INFO::Fitting model to feature number 1272, MGYG000410396
2026-01-11 16:05:13.239601 INFO::Fitting model to feature number 1273, RGIG7193 sp910586125
2026-01-11 16:05:13.247735 INFO::Fitting model to feature number 1274, Agathobacter sp910587655
2026-01-11 16:05:13.256628 INFO::Fitting model to feature number 1275, MGYG000410161
2026-01-11 16:05:13.264362 INFO::Fitting model to feature number 1276, MGYG000327199
2026-01-11 16:05:13.27284 INFO::Fitting model to feature number 1277, RGIG3040 sp910585715
2026-01-11 16:05:13.280255 INFO::Fitting model to feature number 1278, Butyrivibrio_A sp000431815
2026-01-11 16:05:13.288858 INFO::Fitting model to feature number 1279, MGYG000325389
2026-01-11 16:05:13.29656 INFO::Fitting model to feature number 1280, CAG-303 sp910577835
2026-01-11 16:05:13.305951 INFO::Fitting model to feature number 1281, CAG-303 sp910584685
2026-01-11 16:05:13.31608 INFO::Fitting model to feature number 1282, MGYG000327534
2026-01-11 16:05:13.327209 INFO::Fitting model to feature number 1283, An181 sp910585545
2026-01-11 16:05:13.338089 INFO::Fitting model to feature number 1284, RGIG3002 sp910579805
2026-01-11 16:05:13.349683 INFO::Fitting model to feature number 1285, MGYG000323516
2026-01-11 16:05:13.357883 INFO::Fitting model to feature number 1286, MGBC120314 sp910584325
2026-01-11 16:05:13.366757 INFO::Fitting model to feature number 1287, CAG-632 sp910587045
2026-01-11 16:05:13.376414 INFO::Fitting model to feature number 1288, MGBC136627 sp910585935
2026-01-11 16:05:13.387174 INFO::Fitting model to feature number 1289, MGBC165282 sp910589265
2026-01-11 16:05:13.395579 INFO::Fitting model to feature number 1290, Mediterraneibacter_A sp022790755
2026-01-11 16:05:13.404584 INFO::Fitting model to feature number 1291, Hungatella effluvii
2026-01-11 16:05:13.414817 INFO::Fitting model to feature number 1292, Mobilitalea sp023395555
2026-01-11 16:05:13.423569 INFO::Fitting model to feature number 1293, Fusicatenibacter saccharivorans
2026-01-11 16:05:13.432326 INFO::Fitting model to feature number 1294, CAG-411 sp014799595
2026-01-11 16:05:13.43969 INFO::Fitting model to feature number 1295, MGYG000323744
2026-01-11 16:05:13.446577 INFO::Fitting model to feature number 1296, MGBC143606 sp910587935
2026-01-11 16:05:13.454845 INFO::Fitting model to feature number 1297, Ruminococcus_B gnavus
2026-01-11 16:05:13.461781 INFO::Fitting model to feature number 1298, Frisingicoccus caecimuris
2026-01-11 16:05:13.469747 INFO::Fitting model to feature number 1299, Lawsonibacter sp900066645
2026-01-11 16:05:13.479759 INFO::Fitting model to feature number 1300, MGYG000327494
2026-01-11 16:05:13.490015 INFO::Fitting model to feature number 1301, MGYG000325423
2026-01-11 16:05:13.500409 INFO::Fitting model to feature number 1302, Dysosmobacter sp022797935
2026-01-11 16:05:13.509543 INFO::Fitting model to feature number 1303, MGYG000327261
2026-01-11 16:05:13.520989 INFO::Fitting model to feature number 1304, Dysosmobacter sp910588005
2026-01-11 16:05:13.531388 INFO::Fitting model to feature number 1305, Dysosmobacter sp001916835
2026-01-11 16:05:13.544419 INFO::Fitting model to feature number 1306, Dysosmobacter sp910585165
2026-01-11 16:05:13.5567 INFO::Fitting model to feature number 1307, MGYG000329398
2026-01-11 16:05:13.566272 INFO::Fitting model to feature number 1308, MGYG000322989
2026-01-11 16:05:13.576929 INFO::Fitting model to feature number 1309, MGYG000323872
2026-01-11 16:05:13.590208 INFO::Fitting model to feature number 1310, Pelethomonas sp022797115
2026-01-11 16:05:13.601911 INFO::Fitting model to feature number 1311, Pelethomonas sp910584045
2026-01-11 16:05:13.613849 INFO::Fitting model to feature number 1312, MGYG000325682
2026-01-11 16:05:13.625345 INFO::Fitting model to feature number 1313, MGYG000329870
2026-01-11 16:05:13.637417 INFO::Fitting model to feature number 1314, MGYG000409933
2026-01-11 16:05:13.651019 INFO::Fitting model to feature number 1315, MGYG000325610
2026-01-11 16:05:13.662675 INFO::Fitting model to feature number 1316, Faecousia sp900544705
2026-01-11 16:05:13.676643 INFO::Fitting model to feature number 1317, MGYG000327369
2026-01-11 16:05:13.688535 INFO::Fitting model to feature number 1318, MGYG000327333
2026-01-11 16:05:13.702843 INFO::Fitting model to feature number 1319, Marseille-P3106 sp905219705
2026-01-11 16:05:13.716494 INFO::Fitting model to feature number 1320, Marseille-P3106 sp910577415
2026-01-11 16:05:13.739756 INFO::Fitting model to feature number 1321, MGYG000329177
2026-01-11 16:05:13.760398 INFO::Fitting model to feature number 1322, HGM13010 sp022800755
2026-01-11 16:05:13.775747 INFO::Fitting model to feature number 1323, Flavonifractor plautii
2026-01-11 16:05:13.79975 INFO::Fitting model to feature number 1324, Intestinimonas butyriciproducens
2026-01-11 16:05:13.816932 INFO::Fitting model to feature number 1325, MGBC124762 sp910579775
2026-01-11 16:05:13.832624 INFO::Fitting model to feature number 1326, MGYG000329700
2026-01-11 16:05:13.853691 INFO::Fitting model to feature number 1327, MGYG000323009
2026-01-11 16:05:13.869789 INFO::Fitting model to feature number 1328, MGYG000326780
2026-01-11 16:05:13.884319 INFO::Fitting model to feature number 1329, MGYG000329402
2026-01-11 16:05:13.896927 INFO::Fitting model to feature number 1330, MGYG000411571
2026-01-11 16:05:13.908067 INFO::Fitting model to feature number 1331, MGYG000356933
2026-01-11 16:05:13.917344 INFO::Fitting model to feature number 1332, MGYG000376485
2026-01-11 16:05:13.930706 INFO::Fitting model to feature number 1333, Fimivicinus sp900544375
2026-01-11 16:05:13.941456 INFO::Fitting model to feature number 1334, Ruminococcus_E sp910585865
2026-01-11 16:05:13.951019 INFO::Fitting model to feature number 1335, MGYG000360413
2026-01-11 16:05:13.959652 INFO::Fitting model to feature number 1336, Ruthenibacterium lactatiformans
2026-01-11 16:05:13.969234 INFO::Fitting model to feature number 1337, MGYG000410556
2026-01-11 16:05:13.977185 INFO::Fitting model to feature number 1338, MGYG000410798
2026-01-11 16:05:13.986799 INFO::Fitting model to feature number 1339, MGYG000327515
2026-01-11 16:05:13.995227 INFO::Fitting model to feature number 1340, MGYG000325568
2026-01-11 16:05:14.004396 INFO::Fitting model to feature number 1341, MGYG000325411
2026-01-11 16:05:14.014023 INFO::Fitting model to feature number 1342, MGYG000328314
2026-01-11 16:05:14.02541 INFO::Fitting model to feature number 1343, CAG-115 sp910587135
2026-01-11 16:05:14.034734 INFO::Fitting model to feature number 1344, CAG-115 sp910577365
2026-01-11 16:05:14.043673 INFO::Fitting model to feature number 1345, CAG-115 sp910587465
2026-01-11 16:05:14.0532 INFO::Fitting model to feature number 1346, Faecalibacterium sp900539945
2026-01-11 16:05:14.06151 INFO::Fitting model to feature number 1347, Faecalibacterium longum
2026-01-11 16:05:14.071646 INFO::Fitting model to feature number 1348, MGYG000325416
2026-01-11 16:05:14.082026 INFO::Fitting model to feature number 1349, UBA7177 sp910579545
2026-01-11 16:05:14.093025 INFO::Fitting model to feature number 1350, UBA7177 sp910578965
2026-01-11 16:05:14.102289 INFO::Fitting model to feature number 1351, Neobittarella massiliensis
2026-01-11 16:05:14.109993 INFO::Fitting model to feature number 1352, Gemmiger formicilis
2026-01-11 16:05:14.12203 INFO::Fitting model to feature number 1353, UBA866 sp022791945
2026-01-11 16:05:14.134567 INFO::Fitting model to feature number 1354, MGYG000410783
2026-01-11 16:05:14.146989 INFO::Fitting model to feature number 1355, MGYG000330170
2026-01-11 16:05:14.15995 INFO::Fitting model to feature number 1356, QXXE01 sp910586105
2026-01-11 16:05:14.171542 INFO::Fitting model to feature number 1357, MGYG000330847
2026-01-11 16:05:14.179475 INFO::Fitting model to feature number 1358, Coproplasma sp910586035
2026-01-11 16:05:14.190902 INFO::Fitting model to feature number 1359, Coproplasma sp910579295
2026-01-11 16:05:14.202776 INFO::Fitting model to feature number 1360, Coproplasma sp910587825
2026-01-11 16:05:14.213969 INFO::Fitting model to feature number 1361, Coproplasma sp910585705
2026-01-11 16:05:14.22349 INFO::Fitting model to feature number 1362, Coproplasma sp910576655
2026-01-11 16:05:14.233742 INFO::Fitting model to feature number 1363, MGYG000410549
2026-01-11 16:05:14.245732 INFO::Fitting model to feature number 1364, Coproplasma sp910577555
2026-01-11 16:05:14.258315 INFO::Fitting model to feature number 1365, Gallimonas sp910586985
2026-01-11 16:05:14.27092 INFO::Fitting model to feature number 1366, Gallimonas sp910586365
2026-01-11 16:05:14.283233 INFO::Fitting model to feature number 1367, Gallimonas sp910589015
2026-01-11 16:05:14.296007 INFO::Fitting model to feature number 1368, Gallimonas sp910586825
2026-01-11 16:05:14.310629 INFO::Fitting model to feature number 1369, Anaerocaecibacter sp910579205
2026-01-11 16:05:14.324079 INFO::Fitting model to feature number 1370, Anaerocaecibacter sp910585055
2026-01-11 16:05:14.344705 INFO::Fitting model to feature number 1371, MGYG000327384
2026-01-11 16:05:14.360685 INFO::Fitting model to feature number 1372, MGBC157735 sp910588155
2026-01-11 16:05:14.374714 INFO::Fitting model to feature number 1373, Pumilibacter sp910579245
2026-01-11 16:05:14.395646 INFO::Fitting model to feature number 1374, UBA11524 sp000437595
2026-01-11 16:05:14.423725 INFO::Fitting model to feature number 1375, MGYG000388556
2026-01-11 16:05:14.454671 INFO::Fitting model to feature number 1376, Zhenpiania sp910583765
2026-01-11 16:05:14.478872 INFO::Fitting model to feature number 1377, VUNA01 sp002299625
2026-01-11 16:05:14.50106 INFO::Fitting model to feature number 1378, Clostridioides difficile
2026-01-11 16:05:14.512368 INFO::Fitting model to feature number 1379, MGYG000369796
2026-01-11 16:05:14.525031 INFO::Fitting model to feature number 1380, MGYG000328055
2026-01-11 16:05:14.537194 INFO::Fitting model to feature number 1381, MGYG000411369
2026-01-11 16:05:14.547751 INFO::Fitting model to feature number 1382, Clostridium sp910588715
2026-01-11 16:05:14.559456 INFO::Fitting model to feature number 1383, CAG-41 sp010206265
2026-01-11 16:05:14.569733 INFO::Fitting model to feature number 1384, Parasutterella excrementihominis
2026-01-11 16:05:14.578218 INFO::Fitting model to feature number 1385, Escherichia coli
2026-01-11 16:05:14.587264 INFO::Fitting model to feature number 1386, Klebsiella michiganensis
2026-01-11 16:05:14.595019 INFO::Fitting model to feature number 1387, MGYG000408998
2026-01-11 16:05:14.60409 INFO::Fitting model to feature number 1388, MGYG000324409
2026-01-11 16:05:14.61157 INFO::Fitting model to feature number 1389, MGYG000366359
2026-01-11 16:05:14.62046 INFO::Fitting model to feature number 1390, MGYG000411437
2026-01-11 16:05:14.628419 INFO::Fitting model to feature number 1391, MGYG000350430
2026-01-11 16:05:14.637691 INFO::Fitting model to feature number 1392, MGYG000346441
2026-01-11 16:05:14.6458 INFO::Fitting model to feature number 1393, MGYG000322940
2026-01-11 16:05:14.655624 INFO::Fitting model to feature number 1394, MGYG000410841
2026-01-11 16:05:14.664076 INFO::Fitting model to feature number 1395, Zag111 sp910584405
2026-01-11 16:05:14.6727 INFO::Fitting model to feature number 1396, Avigastranaerophilus sp910583875
2026-01-11 16:05:14.681199 INFO::Fitting model to feature number 1397, MGBC122484 sp910583725
2026-01-11 16:05:14.690385 INFO::Fitting model to feature number 1398, MGYG000326931
2026-01-11 16:05:14.701617 INFO::Fitting model to feature number 1399, MGYG000405972
2026-01-11 16:05:14.713768 INFO::Fitting model to feature number 1400, MGYG000328795
2026-01-11 16:05:14.724706 INFO::Fitting model to feature number 1401, HGM10857 sp910578745
2026-01-11 16:05:14.734495 INFO::Fitting model to feature number 1402, MGYG000410710
2026-01-11 16:05:14.743637 INFO::Fitting model to feature number 1403, Acetatifactor muris
2026-01-11 16:05:14.754462 INFO::Fitting model to feature number 1404, MGYG000325356
2026-01-11 16:05:14.763936 INFO::Fitting model to feature number 1405, MGYG000329400
2026-01-11 16:05:14.773096 INFO::Fitting model to feature number 1406, Coprocola sp910587735
2026-01-11 16:05:14.78464 INFO::Fitting model to feature number 1407, MGYG000387050
2026-01-11 16:05:14.795491 INFO::Fitting model to feature number 1408, MGYG000326286
2026-01-11 16:05:14.806911 INFO::Fitting model to feature number 1409, Ruminococcus sp910576995
2026-01-11 16:05:14.818746 INFO::Fitting model to feature number 1410, Ruminococcus sp910579835
2026-01-11 16:05:14.833478 INFO::Fitting model to feature number 1411, Ruminococcus sp900540005
2026-01-11 16:05:14.845203 INFO::Fitting model to feature number 1412, Ruminococcus sp002362175
2026-01-11 16:05:14.860383 INFO::Fitting model to feature number 1413, Ruminococcus sp910577575
2026-01-11 16:05:14.873713 INFO::Fitting model to feature number 1414, MGYG000410441
2026-01-11 16:05:14.886586 INFO::Fitting model to feature number 1415, MGYG000365643
2026-01-11 16:05:14.900308 INFO::Fitting model to feature number 1416, MGYG000369368
2026-01-11 16:05:14.913283 INFO::Fitting model to feature number 1417, MGYG000330830
2026-01-11 16:05:14.925602 INFO::Fitting model to feature number 1418, MGYG000324069
2026-01-11 16:05:14.937507 INFO::Fitting model to feature number 1419, MGYG000392389
2026-01-11 16:05:14.948508 INFO::Fitting model to feature number 1420, Coproplasma sp910578195
2026-01-11 16:05:14.960848 INFO::Fitting model to feature number 1421, Gallimonas sp910588615
2026-01-11 16:05:14.974232 INFO::Fitting model to feature number 1422, Fimimonas sp910586905
2026-01-11 16:05:14.987394 INFO::Fitting model to feature number 1423, MGYG000329863
2026-01-11 16:05:15.003022 INFO::Fitting model to feature number 1424, Pseudomonas aeruginosa
2026-01-11 16:05:15.019857 INFO::Fitting model to feature number 1425, C-19 sp022799495
2026-01-11 16:05:15.02953 INFO::Fitting model to feature number 1426, MGBC140090 sp910586805
2026-01-11 16:05:15.041332 INFO::Fitting model to feature number 1427, MGYG000337677
2026-01-11 16:05:15.050838 INFO::Fitting model to feature number 1428, Staphylococcus nepalensis
2026-01-11 16:05:15.062926 INFO::Fitting model to feature number 1429, D16-34 sp910588485
2026-01-11 16:05:15.076045 INFO::Fitting model to feature number 1430, UMGS1502 sp900552365
2026-01-11 16:05:15.088303 INFO::Fitting model to feature number 1431, CACZQA01 sp900758075
2026-01-11 16:05:15.098392 INFO::Fitting model to feature number 1432, MGYG000325313
2026-01-11 16:05:15.110617 INFO::Fitting model to feature number 1433, Schaedlerella glycyrrhizinilytica_A
2026-01-11 16:05:15.122854 INFO::Fitting model to feature number 1434, MGYG000322968
2026-01-11 16:05:15.135305 INFO::Fitting model to feature number 1435, Butyribacter sp003612285
2026-01-11 16:05:15.148086 INFO::Fitting model to feature number 1436, Butyribacter sp910580005
2026-01-11 16:05:15.161713 INFO::Fitting model to feature number 1437, MGYG000325492
2026-01-11 16:05:15.175125 INFO::Fitting model to feature number 1438, Acetatifactor sp910578815
2026-01-11 16:05:15.187677 INFO::Fitting model to feature number 1439, Acetatifactor sp910583845
2026-01-11 16:05:15.207726 INFO::Fitting model to feature number 1440, MGYG000328399
2026-01-11 16:05:15.221441 INFO::Fitting model to feature number 1441, Acetatifactor sp910587755
2026-01-11 16:05:15.232253 INFO::Fitting model to feature number 1442, MGYG000329698
2026-01-11 16:05:15.244883 INFO::Fitting model to feature number 1443, CAG-95 sp009774465
2026-01-11 16:05:15.259282 INFO::Fitting model to feature number 1444, MGYG000410124
2026-01-11 16:05:15.271032 INFO::Fitting model to feature number 1445, UBA2882 sp002362385
2026-01-11 16:05:15.283284 INFO::Fitting model to feature number 1446, MGYG000350270
2026-01-11 16:05:15.293366 INFO::Fitting model to feature number 1447, MGYG000411484
2026-01-11 16:05:15.303947 INFO::Fitting model to feature number 1448, 1XD42-69 sp003612565
2026-01-11 16:05:15.313102 INFO::Fitting model to feature number 1449, MGYG000324730
2026-01-11 16:05:15.322375 INFO::Fitting model to feature number 1450, Blautia_A wexlerae
2026-01-11 16:05:15.329961 INFO::Fitting model to feature number 1451, Bariatricus comes
2026-01-11 16:05:15.338469 INFO::Fitting model to feature number 1452, Wujia sp002493625
2026-01-11 16:05:15.345838 INFO::Fitting model to feature number 1453, MGYG000322947
2026-01-11 16:05:15.354745 INFO::Fitting model to feature number 1454, MGYG000322925
2026-01-11 16:05:15.363402 INFO::Fitting model to feature number 1455, MGYG000330643
2026-01-11 16:05:15.374204 INFO::Fitting model to feature number 1456, MGYG000325949
2026-01-11 16:05:15.382243 INFO::Fitting model to feature number 1457, Acutalibacter ornithocaccae
2026-01-11 16:05:15.392007 INFO::Fitting model to feature number 1458, Eubacterium_R sp910577195
2026-01-11 16:05:15.399271 INFO::Fitting model to feature number 1459, Avimonas_A sp022800315
2026-01-11 16:05:15.407532 INFO::Fitting model to feature number 1460, UBA3818 sp904397845
2026-01-11 16:05:15.415194 INFO::Fitting model to feature number 1461, MGYG000354216
2026-01-11 16:05:15.423774 INFO::Fitting model to feature number 1462, MGYG000350425
2026-01-11 16:05:15.431332 INFO::Fitting model to feature number 1463, MGYG000340095
2026-01-11 16:05:15.439917 INFO::Fitting model to feature number 1464, MGYG000336507
2026-01-11 16:05:15.448793 INFO::Fitting model to feature number 1465, Agrobacterium pusense
2026-01-11 16:05:15.458919 INFO::Fitting model to feature number 1466, MGYG000325577
2026-01-11 16:05:15.467041 INFO::Fitting model to feature number 1467, MGYG000325533
2026-01-11 16:05:15.475465 INFO::Fitting model to feature number 1468, MGYG000325757
2026-01-11 16:05:15.482205 INFO::Fitting model to feature number 1469, MGYG000325642
2026-01-11 16:05:15.489782 INFO::Fitting model to feature number 1470, Limisoma sp900544305
2026-01-11 16:05:15.496342 INFO::Fitting model to feature number 1471, MGYG000325491
2026-01-11 16:05:15.645147 INFO::Fitting model to feature number 1472, MGYG000325376
2026-01-11 16:05:15.655088 INFO::Fitting model to feature number 1473, Alistipes putredinis
2026-01-11 16:05:15.665564 INFO::Fitting model to feature number 1474, MGYG000325739
2026-01-11 16:05:15.677344 INFO::Fitting model to feature number 1475, MGYG000325349
2026-01-11 16:05:15.687374 INFO::Fitting model to feature number 1476, MGYG000325640
2026-01-11 16:05:15.69714 INFO::Fitting model to feature number 1477, Alistipes onderdonkii
2026-01-11 16:05:15.709287 INFO::Fitting model to feature number 1478, Alistipes sp003979135
2026-01-11 16:05:15.720446 INFO::Fitting model to feature number 1479, Alistipes sp900541585
2026-01-11 16:05:15.730553 INFO::Fitting model to feature number 1480, Alistipes_A ihumii
2026-01-11 16:05:15.74132 INFO::Fitting model to feature number 1481, Bacteroides eggerthii
2026-01-11 16:05:15.750991 INFO::Fitting model to feature number 1482, Prevotella faecis
2026-01-11 16:05:15.760123 INFO::Fitting model to feature number 1483, Prevotella sp900557405
2026-01-11 16:05:15.770421 INFO::Fitting model to feature number 1484, MGYG000325643
2026-01-11 16:05:15.781092 INFO::Fitting model to feature number 1485, Paraprevotella stercorigallinarum
2026-01-11 16:05:15.792219 INFO::Fitting model to feature number 1486, MGYG000325375
2026-01-11 16:05:15.80288 INFO::Fitting model to feature number 1487, C-19 sp009917405
2026-01-11 16:05:15.813521 INFO::Fitting model to feature number 1488, MGYG000328692
2026-01-11 16:05:15.8239 INFO::Fitting model to feature number 1489, UBA2730 sp022793235
2026-01-11 16:05:15.833677 INFO::Fitting model to feature number 1490, Bacillus licheniformis
2026-01-11 16:05:15.844014 INFO::Fitting model to feature number 1491, Mailhella sp910577155
2026-01-11 16:05:15.854682 INFO::Fitting model to feature number 1492, MGYG000403150
2026-01-11 16:05:15.864009 INFO::Fitting model to feature number 1493, COE1 sp910586405
2026-01-11 16:05:15.874797 INFO::Fitting model to feature number 1494, MGYG000329391
2026-01-11 16:05:15.884648 INFO::Fitting model to feature number 1495, MGYG000327122
2026-01-11 16:05:15.893128 INFO::Fitting model to feature number 1496, Copromonas sp000435795
2026-01-11 16:05:15.900953 INFO::Fitting model to feature number 1497, Kineothrix sp910586275
2026-01-11 16:05:15.908755 INFO::Fitting model to feature number 1498, MGYG000327375
2026-01-11 16:05:15.918821 INFO::Fitting model to feature number 1499, MGYG000331235
2026-01-11 16:05:15.928238 INFO::Fitting model to feature number 1500, MGBC111451 sp910578605
2026-01-11 16:05:15.940027 INFO::Fitting model to feature number 1501, MGYG000411179
2026-01-11 16:05:15.949884 INFO::Fitting model to feature number 1502, Faecalibacterium prausnitzii
2026-01-11 16:05:15.960193 INFO::Fitting model to feature number 1503, MGYG000325383
2026-01-11 16:05:15.971246 INFO::Fitting model to feature number 1504, MGYG000323634
2026-01-11 16:05:15.98139 INFO::Fitting model to feature number 1505, Pumilibacter muris
2026-01-11 16:05:15.992864 INFO::Fitting model to feature number 1506, SFMI01 sp004556155
2026-01-11 16:05:16.004519 INFO::Fitting model to feature number 1507, Escherichia ruysiae
2026-01-11 16:05:16.014868 INFO::Fitting model to feature number 1508, Klebsiella variicola
2026-01-11 16:05:16.025313 INFO::Fitting model to feature number 1509, Citrobacter_A rodentium
2026-01-11 16:05:16.035869 INFO::Fitting model to feature number 1510, Citrobacter_A amalonaticus
2026-01-11 16:05:16.046886 INFO::Fitting model to feature number 1511, MGYG000339089
2026-01-11 16:05:16.05846 INFO::Fitting model to feature number 1512, UBA7185 sp910585405
2026-01-11 16:05:16.06931 INFO::Fitting model to feature number 1513, Helicobacter_D ganmani
2026-01-11 16:05:16.077766 INFO::Fitting model to feature number 1514, Streptococcus danieliae
2026-01-11 16:05:16.085363 INFO::Fitting model to feature number 1515, Streptococcus alactolyticus
2026-01-11 16:05:16.094483 INFO::Fitting model to feature number 1516, MGYG000325510
2026-01-11 16:05:16.104707 INFO::Fitting model to feature number 1517, MGBC107952 sp910578855
2026-01-11 16:05:16.112395 INFO::Fitting model to feature number 1518, MGYG000322996
2026-01-11 16:05:16.121811 INFO::Fitting model to feature number 1519, Niallia sp001076885
2026-01-11 16:05:16.130366 INFO::Fitting model to feature number 1520, MGYG000387335
2026-01-11 16:05:16.138721 INFO::Fitting model to feature number 1521, UBA3282 sp910586615
2026-01-11 16:05:16.145965 INFO::Fitting model to feature number 1522, MGYG000325700
2026-01-11 16:05:16.154536 INFO::Fitting model to feature number 1523, UBA3282 sp910584965
2026-01-11 16:05:16.161853 INFO::Fitting model to feature number 1524, MGYG000325483
2026-01-11 16:05:16.170671 INFO::Fitting model to feature number 1525, MGYG000325802
2026-01-11 16:05:16.179183 INFO::Fitting model to feature number 1526, UBA3282 sp910586705
2026-01-11 16:05:16.189585 INFO::Fitting model to feature number 1527, UBA3282 sp910578715
2026-01-11 16:05:16.200741 INFO::Fitting model to feature number 1528, MGYG000325820
2026-01-11 16:05:16.211486 INFO::Fitting model to feature number 1529, UBA3282 sp910578475
2026-01-11 16:05:16.222544 INFO::Fitting model to feature number 1530, MGYG000325646
2026-01-11 16:05:16.231187 INFO::Fitting model to feature number 1531, MGYG000373306
2026-01-11 16:05:16.242198 INFO::Fitting model to feature number 1532, MGYG000329401
2026-01-11 16:05:16.251921 INFO::Fitting model to feature number 1533, MGYG000327529
2026-01-11 16:05:16.262913 INFO::Fitting model to feature number 1534, MGYG000410713
2026-01-11 16:05:16.274271 INFO::Fitting model to feature number 1535, MGYG000325455
2026-01-11 16:05:16.28333 INFO::Fitting model to feature number 1536, Butyribacter sp910588655
2026-01-11 16:05:16.29265 INFO::Fitting model to feature number 1537, MGYG000330215
2026-01-11 16:05:16.301008 INFO::Fitting model to feature number 1538, Eubacterium_F sp910583555
2026-01-11 16:05:16.30926 INFO::Fitting model to feature number 1539, 14-2 sp910588885
2026-01-11 16:05:16.318292 INFO::Fitting model to feature number 1540, MGYG000325200
2026-01-11 16:05:16.327467 INFO::Fitting model to feature number 1541, MGYG000410031
2026-01-11 16:05:16.336273 INFO::Fitting model to feature number 1542, COE1 sp910588755
2026-01-11 16:05:16.343681 INFO::Fitting model to feature number 1543, COE1 sp910585765
2026-01-11 16:05:16.352678 INFO::Fitting model to feature number 1544, COE1 sp009774375
2026-01-11 16:05:16.359289 INFO::Fitting model to feature number 1545, MGYG000324875
2026-01-11 16:05:16.365586 INFO::Fitting model to feature number 1546, MGYG000328347
2026-01-11 16:05:16.372941 INFO::Fitting model to feature number 1547, MGYG000331069
2026-01-11 16:05:16.379236 INFO::Fitting model to feature number 1548, MGYG000330172
2026-01-11 16:05:16.386334 INFO::Fitting model to feature number 1549, CAG-510 sp003979355
2026-01-11 16:05:16.393478 INFO::Fitting model to feature number 1550, RGIG4057 sp910585065
2026-01-11 16:05:16.403757 INFO::Fitting model to feature number 1551, CAG-603 sp022794265
2026-01-11 16:05:16.410447 INFO::Fitting model to feature number 1552, MGYG000325692
2026-01-11 16:05:16.41701 INFO::Fitting model to feature number 1553, MGYG000328520
2026-01-11 16:05:16.424591 INFO::Fitting model to feature number 1554, MGYG000325327
2026-01-11 16:05:16.431726 INFO::Fitting model to feature number 1555, UBA7050 sp003979345
2026-01-11 16:05:16.438863 INFO::Fitting model to feature number 1556, MGYG000325605
2026-01-11 16:05:16.444911 INFO::Fitting model to feature number 1557, MGBC140009 sp910586015
2026-01-11 16:05:16.452854 INFO::Fitting model to feature number 1558, MGYG000327466
2026-01-11 16:05:16.460307 INFO::Fitting model to feature number 1559, Clostridium_AP sp000509125
2026-01-11 16:05:16.469189 INFO::Fitting model to feature number 1560, MGYG000329308
2026-01-11 16:05:16.478157 INFO::Fitting model to feature number 1561, MGYG000410975
2026-01-11 16:05:16.487719 INFO::Fitting model to feature number 1562, Dysosmobacter welbionis
2026-01-11 16:05:16.498583 INFO::Fitting model to feature number 1563, MGYG000360335
2026-01-11 16:05:16.50964 INFO::Fitting model to feature number 1564, MGYG000329306
2026-01-11 16:05:16.519405 INFO::Fitting model to feature number 1565, Avispirillum sp910586545
2026-01-11 16:05:16.527951 INFO::Fitting model to feature number 1566, Anaerocaecibacter sp910586925
2026-01-11 16:05:16.538644 INFO::Fitting model to feature number 1567, Anaerocaecibacter sp910577995
2026-01-11 16:05:16.547419 INFO::Fitting model to feature number 1568, MGBC157735 sp910585955
2026-01-11 16:05:16.557637 INFO::Fitting model to feature number 1569, Pumilibacter sp910587595
2026-01-11 16:05:16.566063 INFO::Fitting model to feature number 1570, Protoclostridium sp910587025
2026-01-11 16:05:16.5777 INFO::Fitting model to feature number 1571, Coproplasma sp910587625
2026-01-11 16:05:16.589115 INFO::Fitting model to feature number 1572, Coproplasma sp910579705
2026-01-11 16:05:16.599178 INFO::Fitting model to feature number 1573, Lentihominibacter faecis
2026-01-11 16:05:16.607941 INFO::Fitting model to feature number 1574, MGYG000324400
2026-01-11 16:05:16.614941 INFO::Fitting model to feature number 1575, MGYG000357081
2026-01-11 16:05:16.625153 INFO::Fitting model to feature number 1576, Leuconostoc citreum
2026-01-11 16:05:16.636579 INFO::Fitting model to feature number 1577, Enterococcus_E cecorum
2026-01-11 16:05:16.645424 INFO::Fitting model to feature number 1578, MGYG000410809
2026-01-11 16:05:16.657449 INFO::Fitting model to feature number 1579, Anaerotardibacter sp000434775
2026-01-11 16:05:16.668787 INFO::Fitting model to feature number 1580, MGYG000325716
2026-01-11 16:05:16.679476 INFO::Fitting model to feature number 1581, Bacteroides fragilis
2026-01-11 16:05:16.689223 INFO::Fitting model to feature number 1582, Eubacterium_F sp910589595
2026-01-11 16:05:16.701144 INFO::Fitting model to feature number 1583, Acetatifactor sp910584435
2026-01-11 16:05:16.715413 INFO::Fitting model to feature number 1584, Butyribacter sp003611745
2026-01-11 16:05:16.729167 INFO::Fitting model to feature number 1585, MGYG000410930
2026-01-11 16:05:16.741169 INFO::Fitting model to feature number 1586, MGYG000410149
2026-01-11 16:05:16.752211 INFO::Fitting model to feature number 1587, MGYG000328377
2026-01-11 16:05:16.760613 INFO::Fitting model to feature number 1588, MGYG000324606
2026-01-11 16:05:16.770587 INFO::Fitting model to feature number 1589, Dorea_A longicatena
2026-01-11 16:05:16.779834 INFO::Fitting model to feature number 1590, MGYG000323390
2026-01-11 16:05:16.790748 INFO::Fitting model to feature number 1591, CALWPV01 sp022794035
2026-01-11 16:05:16.80101 INFO::Fitting model to feature number 1592, Dysosmobacter sp900763685
2026-01-11 16:05:16.812757 INFO::Fitting model to feature number 1593, Evtepia sp004556345
2026-01-11 16:05:16.825266 INFO::Fitting model to feature number 1594, Evtepia gabavorous
2026-01-11 16:05:16.837996 INFO::Fitting model to feature number 1595, MGYG000387732
2026-01-11 16:05:16.846414 INFO::Fitting model to feature number 1596, Avoscillospira_A sp022795735
2026-01-11 16:05:16.856447 INFO::Fitting model to feature number 1597, Eubacterium_R sp009774735
2026-01-11 16:05:16.864956 INFO::Fitting model to feature number 1598, MGYG000325665
2026-01-11 16:05:16.874962 INFO::Fitting model to feature number 1599, Eubacterium_R sp910584985
2026-01-11 16:05:16.883361 INFO::Fitting model to feature number 1600, Eubacterium_R sp910577215
2026-01-11 16:05:16.892906 INFO::Fitting model to feature number 1601, MGYG000325451
2026-01-11 16:05:16.90153 INFO::Fitting model to feature number 1602, MGYG000403628
2026-01-11 16:05:16.910096 INFO::Fitting model to feature number 1603, MGYG000327108
2026-01-11 16:05:16.9189 INFO::Fitting model to feature number 1604, Bittarella massiliensis
2026-01-11 16:05:16.929885 INFO::Fitting model to feature number 1605, MGYG000327115
2026-01-11 16:05:16.942768 INFO::Fitting model to feature number 1606, MGYG000358052
2026-01-11 16:05:16.95295 INFO::Fitting model to feature number 1607, MGYG000325728
2026-01-11 16:05:16.962327 INFO::Fitting model to feature number 1608, MGYG000325324
2026-01-11 16:05:16.974672 INFO::Fitting model to feature number 1609, MGYG000325708
2026-01-11 16:05:16.987583 INFO::Fitting model to feature number 1610, MGYG000410978
2026-01-11 16:05:17.000649 INFO::Fitting model to feature number 1611, MGYG000329907
2026-01-11 16:05:17.013993 INFO::Fitting model to feature number 1612, MGYG000411499
2026-01-11 16:05:17.02591 INFO::Fitting model to feature number 1613, QAKD01 sp022793975
2026-01-11 16:05:17.034144 INFO::Fitting model to feature number 1614, Reyranella aquatilis
2026-01-11 16:05:17.043681 INFO::Fitting model to feature number 1615, MGYG000339341
2026-01-11 16:05:17.053789 INFO::Fitting model to feature number 1616, Collinsella bouchesdurhonensis
2026-01-11 16:05:17.062762 INFO::Fitting model to feature number 1617, Desulfovibrio sp900319575
2026-01-11 16:05:17.072175 INFO::Fitting model to feature number 1618, MGYG000325614
2026-01-11 16:05:17.083514 INFO::Fitting model to feature number 1619, Dielma fastidiosa
2026-01-11 16:05:17.095209 INFO::Fitting model to feature number 1620, UBA1067 sp902788415
2026-01-11 16:05:17.107697 INFO::Fitting model to feature number 1621, UBA3282 sp910578555
2026-01-11 16:05:17.120238 INFO::Fitting model to feature number 1622, MGYG000330584
2026-01-11 16:05:17.133071 INFO::Fitting model to feature number 1623, MGYG000410602
2026-01-11 16:05:17.146171 INFO::Fitting model to feature number 1624, Howiella sp022791355
2026-01-11 16:05:17.176486 INFO::Fitting model to feature number 1625, QXXE01 sp910589115
2026-01-11 16:05:17.200723 INFO::Fitting model to feature number 1626, Anaerocaecibacter sp910587805
2026-01-11 16:05:17.231807 INFO::Fitting model to feature number 1627, Ventricola sp900542395
2026-01-11 16:05:17.260254 INFO::Fitting model to feature number 1628, MGYG000376566
2026-01-11 16:05:17.274829 INFO::Fitting model to feature number 1629, CAG-267 sp910576955
2026-01-11 16:05:17.291634 INFO::Fitting model to feature number 1630, MGYG000335208
2026-01-11 16:05:17.306114 INFO::Fitting model to feature number 1631, MGYG000326756
2026-01-11 16:05:17.321949 INFO::Fitting model to feature number 1632, Longicatena caecimuris
2026-01-11 16:05:17.336208 INFO::Fitting model to feature number 1633, MGYG000324718
2026-01-11 16:05:17.349426 INFO::Fitting model to feature number 1634, MGYG000326954
2026-01-11 16:05:17.364769 INFO::Fitting model to feature number 1635, Coproplasma sp910578655
2026-01-11 16:05:17.375683 INFO::Fitting model to feature number 1636, Parabacteroides faecavium
2026-01-11 16:05:17.387468 INFO::Fitting model to feature number 1637, MGYG000325474
2026-01-11 16:05:17.399059 INFO::Fitting model to feature number 1638, Gallimonas sp910588465
2026-01-11 16:05:17.409877 INFO::Fitting model to feature number 1639, Ralstonia pickettii_B
2026-01-11 16:05:17.423461 INFO::Fitting model to feature number 1640, MGYG000327731
2026-01-11 16:05:17.433748 INFO::Fitting model to feature number 1641, MGYG000325340
2026-01-11 16:05:17.44585 INFO::Fitting model to feature number 1642, MGYG000325552
2026-01-11 16:05:17.457703 INFO::Fitting model to feature number 1643, VSOB01 sp910585205
2026-01-11 16:05:17.465337 INFO::Fitting model to feature number 1644, MGYG000330463
2026-01-11 16:05:17.47413 INFO::Fitting model to feature number 1645, Robinsoniella sp900555455
2026-01-11 16:05:17.482522 INFO::Fitting model to feature number 1646, Lawsonibacter asaccharolyticus
2026-01-11 16:05:17.491699 INFO::Fitting model to feature number 1647, Enterenecus sp932222125
2026-01-11 16:05:17.499818 INFO::Fitting model to feature number 1648, MGYG000330031
2026-01-11 16:05:17.510457 INFO::Fitting model to feature number 1649, CAG-170 sp900553545
2026-01-11 16:05:17.521881 INFO::Fitting model to feature number 1650, Oscillibacter sp002455655
2026-01-11 16:05:17.5319 INFO::Fitting model to feature number 1651, Harryflintia sp022792175
2026-01-11 16:05:17.543915 INFO::Fitting model to feature number 1652, Fimimonas sp910586625
2026-01-11 16:05:17.556211 INFO::Fitting model to feature number 1653, MGYG000344714
2026-01-11 16:05:17.564397 INFO::Fitting model to feature number 1654, MGYG000324647
2026-01-11 16:05:17.574709 INFO::Fitting model to feature number 1655, MGYG000377617
2026-01-11 16:05:17.586959 INFO::Fitting model to feature number 1656, Cryptobacteroides sp000434935
2026-01-11 16:05:17.598607 INFO::Fitting model to feature number 1657, MGYG000323975
2026-01-11 16:05:17.610147 INFO::Fitting model to feature number 1658, Klebsiella pneumoniae
2026-01-11 16:05:17.621879 INFO::Fitting model to feature number 1659, Citrobacter_A sedlakii
2026-01-11 16:05:17.632916 INFO::Fitting model to feature number 1660, Proteus faecis
2026-01-11 16:05:17.645078 INFO::Fitting model to feature number 1661, RUG572 sp900547945
2026-01-11 16:05:18.05369 INFO::Counting total values for each feature
2026-01-11 16:05:18.165694 INFO::Re-running abundances for warn_prevalence
2026-01-11 16:05:18.166945 INFO::Running selected normalization method: TSS
2026-01-11 16:05:18.242679 INFO::Running selected transform method: LOG
2026-01-11 16:05:18.277592 DEBUG::Object: augment, Size: 56
2026-01-11 16:05:18.278257 DEBUG::Object: cluster, Size: 0
2026-01-11 16:05:18.278854 DEBUG::Object: cores, Size: 56
2026-01-11 16:05:18.279426 DEBUG::Object: correction, Size: 112
2026-01-11 16:05:18.279905 DEBUG::Object: extract_out, Size: 1416
2026-01-11 16:05:18.28035 DEBUG::Object: feature_specific_covariate, Size: 0
2026-01-11 16:05:18.28079 DEBUG::Object: feature_specific_covariate_name, Size: 0
2026-01-11 16:05:18.281287 DEBUG::Object: feature_specific_covariate_record, Size: 0
2026-01-11 16:05:18.282057 DEBUG::Object: features, Size: 631736
2026-01-11 16:05:18.282571 DEBUG::Object: formula, Size: 1008
2026-01-11 16:05:18.283126 DEBUG::Object: fun_list, Size: 58768
2026-01-11 16:05:18.283715 DEBUG::Object: func_to_run, Size: 435336
2026-01-11 16:05:18.284132 DEBUG::Object: groups, Size: 48
2026-01-11 16:05:18.284665 DEBUG::Object: median_comparison, Size: 56
2026-01-11 16:05:18.285193 DEBUG::Object: median_comparison_threshold, Size: 56
2026-01-11 16:05:18.285777 DEBUG::Object: metadata, Size: 9856
2026-01-11 16:05:18.286318 DEBUG::Object: model, Size: 112
2026-01-11 16:05:18.286899 DEBUG::Object: model_function, Size: 8864
2026-01-11 16:05:18.287461 DEBUG::Object: ordereds, Size: 48
2026-01-11 16:05:18.287954 DEBUG::Object: random_effects_formula, Size: 0
2026-01-11 16:05:18.288574 DEBUG::Object: ranef_function, Size: 0
2026-01-11 16:05:18.289269 DEBUG::Object: save_models, Size: 56
2026-01-11 16:05:18.289942 DEBUG::Object: small_random_effects, Size: 56
2026-01-11 16:05:18.29054 DEBUG::Object: strata, Size: 48
2026-01-11 16:05:18.291022 DEBUG::Object: subtract_median, Size: 56
2026-01-11 16:05:18.291476 DEBUG::Object: summary_function, Size: 49424
2026-01-11 16:05:18.292065 DEBUG::Object: func_to_run, Size: 435336
2026-01-11 16:05:18.292632 INFO::Fitting model to feature number 1, Akkermansia muciniphila_A
2026-01-11 16:05:18.298998 INFO::Fitting model to feature number 2, Akkermansia muciniphila
2026-01-11 16:05:18.306272 INFO::Fitting model to feature number 3, Faecalibaculum rodentium
2026-01-11 16:05:18.312566 INFO::Fitting model to feature number 4, Pelethenecus sp910579215
2026-01-11 16:05:18.317832 INFO::Fitting model to feature number 5, MGYG000325581
2026-01-11 16:05:18.328104 INFO::Fitting model to feature number 6, Alistipes finegoldii
2026-01-11 16:05:18.338078 INFO::Fitting model to feature number 7, MGYG000325477
2026-01-11 16:05:18.345025 INFO::Fitting model to feature number 8, Paramuribaculum sp001689535
2026-01-11 16:05:18.353875 INFO::Fitting model to feature number 9, Paramuribaculum sp910587425
2026-01-11 16:05:18.361694 INFO::Fitting model to feature number 10, Muribaculum intestinale
2026-01-11 16:05:18.367282 INFO::Fitting model to feature number 11, NM07-P-09 sp004793925
2026-01-11 16:05:18.374978 INFO::Fitting model to feature number 12, ZJ304 sp910584145
2026-01-11 16:05:18.38342 INFO::Fitting model to feature number 13, Bifidobacterium globosum
2026-01-11 16:05:18.391702 INFO::Fitting model to feature number 14, MGYG000333678
2026-01-11 16:05:18.399145 INFO::Fitting model to feature number 15, Schaedlerella sp910575475
2026-01-11 16:05:18.407468 INFO::Fitting model to feature number 16, Lawsonibacter sp910588635
2026-01-11 16:05:18.413475 INFO::Fitting model to feature number 17, MGBC122484 sp910587055
2026-01-11 16:05:18.418858 INFO::Fitting model to feature number 18, Desulfovibrio sp009773975
2026-01-11 16:05:18.424645 INFO::Fitting model to feature number 19, NM07-P-09 sp004793665
2026-01-11 16:05:18.429923 INFO::Fitting model to feature number 20, MGBC105563 sp910579165
2026-01-11 16:05:18.436036 INFO::Fitting model to feature number 21, MGYG000327895
2026-01-11 16:05:18.442348 INFO::Fitting model to feature number 22, Paratractidigestivibacter faecalis
2026-01-11 16:05:18.448011 INFO::Fitting model to feature number 23, Paratractidigestivibacter sp900540955
2026-01-11 16:05:18.454542 INFO::Fitting model to feature number 24, MGYG000330582
2026-01-11 16:05:18.460883 INFO::Fitting model to feature number 25, MGYG000329032
2026-01-11 16:05:18.468592 INFO::Fitting model to feature number 26, Adlercreutzia muris
2026-01-11 16:05:18.477732 INFO::Fitting model to feature number 27, Adlercreutzia caecimuris
2026-01-11 16:05:18.485546 INFO::Fitting model to feature number 28, Adlercreutzia mucosicola
2026-01-11 16:05:18.493518 INFO::Fitting model to feature number 29, MGYG000329825
2026-01-11 16:05:18.502296 INFO::Fitting model to feature number 30, Adlercreutzia hattorii
2026-01-11 16:05:18.509955 INFO::Fitting model to feature number 31, Adlercreutzia sp910589165
2026-01-11 16:05:18.51777 INFO::Fitting model to feature number 32, MGYG000329537
2026-01-11 16:05:18.524414 INFO::Fitting model to feature number 33, MGYG000327852
2026-01-11 16:05:18.529955 INFO::Fitting model to feature number 34, Adlercreutzia sp910585575
2026-01-11 16:05:18.536369 INFO::Fitting model to feature number 35, MGBC163016 sp910588205
2026-01-11 16:05:18.54259 INFO::Fitting model to feature number 36, MGBC163016 sp910589135
2026-01-11 16:05:18.549811 INFO::Fitting model to feature number 37, MGBC163016 sp910588945
2026-01-11 16:05:18.556445 INFO::Fitting model to feature number 38, MGBC163016 sp910588905
2026-01-11 16:05:18.563627 INFO::Fitting model to feature number 39, MGYG000329984
2026-01-11 16:05:18.570704 INFO::Fitting model to feature number 40, MGYG000328464
2026-01-11 16:05:18.576701 INFO::Fitting model to feature number 41, MGYG000366993
2026-01-11 16:05:18.582306 INFO::Fitting model to feature number 42, MGBC163016 sp910585565
2026-01-11 16:05:18.588681 INFO::Fitting model to feature number 43, MGBC163016 sp910589125
2026-01-11 16:05:18.59423 INFO::Fitting model to feature number 44, MGYG000328353
2026-01-11 16:05:18.600214 INFO::Fitting model to feature number 45, MGBC163016 sp910580205
2026-01-11 16:05:18.605947 INFO::Fitting model to feature number 46, MGBC163016 sp910588985
2026-01-11 16:05:18.610832 INFO::Fitting model to feature number 47, MGBC163016 sp910588435
2026-01-11 16:05:18.615501 INFO::Fitting model to feature number 48, D16-63 sp910588095
2026-01-11 16:05:18.621099 INFO::Fitting model to feature number 49, MGYG000328321
2026-01-11 16:05:18.626349 INFO::Fitting model to feature number 50, MGYG000410711
2026-01-11 16:05:18.631038 INFO::Fitting model to feature number 51, Enterorhabdus sp009911695
2026-01-11 16:05:18.636308 INFO::Fitting model to feature number 52, MGYG000329834
2026-01-11 16:05:18.641637 INFO::Fitting model to feature number 53, Enterorhabdus sp910589695
2026-01-11 16:05:18.646496 INFO::Fitting model to feature number 54, D16-34 sp910575165
2026-01-11 16:05:18.651706 INFO::Fitting model to feature number 55, D16-34 sp003612515
2026-01-11 16:05:18.658331 INFO::Fitting model to feature number 56, D16-34 sp910577495
2026-01-11 16:05:18.662913 INFO::Fitting model to feature number 57, ZJ304 sp943192905
2026-01-11 16:05:18.667289 INFO::Fitting model to feature number 58, MGYG000401219
2026-01-11 16:05:18.672662 INFO::Fitting model to feature number 59, Parvibacter caecicola
2026-01-11 16:05:18.677585 INFO::Fitting model to feature number 60, Parvibacter sp910587945
2026-01-11 16:05:18.682186 INFO::Fitting model to feature number 61, MGYG000329896
2026-01-11 16:05:18.687668 INFO::Fitting model to feature number 62, Parvibacter sp910588725
2026-01-11 16:05:18.693022 INFO::Fitting model to feature number 63, MGYG000328306
2026-01-11 16:05:18.699102 INFO::Fitting model to feature number 64, MGYG000328451
2026-01-11 16:05:18.708166 INFO::Fitting model to feature number 65, Anaerotardibacter sp000435675
2026-01-11 16:05:18.715675 INFO::Fitting model to feature number 66, Anaerotardibacter sp900753095
2026-01-11 16:05:18.724283 INFO::Fitting model to feature number 67, Gordonibacter pamelaeae
2026-01-11 16:05:18.730387 INFO::Fitting model to feature number 68, Eggerthella lenta
2026-01-11 16:05:18.73803 INFO::Fitting model to feature number 69, Ellagibacter isourolithinifaciens
2026-01-11 16:05:18.744377 INFO::Fitting model to feature number 70, Senegalimassilia faecalis
2026-01-11 16:05:18.749749 INFO::Fitting model to feature number 71, Slackia_A isoflavoniconvertens
2026-01-11 16:05:18.757106 INFO::Fitting model to feature number 72, Collinsella aerofaciens_J
2026-01-11 16:05:18.762398 INFO::Fitting model to feature number 73, Enorma burkinafasonensis
2026-01-11 16:05:18.768616 INFO::Fitting model to feature number 74, MGYG000410812
2026-01-11 16:05:18.776798 INFO::Fitting model to feature number 75, UMGS124 sp900555105
2026-01-11 16:05:18.784509 INFO::Fitting model to feature number 76, Bifidobacterium animalis
2026-01-11 16:05:18.791677 INFO::Fitting model to feature number 77, Bifidobacterium adolescentis
2026-01-11 16:05:18.799639 INFO::Fitting model to feature number 78, Bifidobacterium pseudocatenulatum
2026-01-11 16:05:18.808022 INFO::Fitting model to feature number 79, Bifidobacterium bifidum
2026-01-11 16:05:18.815994 INFO::Fitting model to feature number 80, Bifidobacterium longum
2026-01-11 16:05:18.824453 INFO::Fitting model to feature number 81, MGYG000329693
2026-01-11 16:05:18.832192 INFO::Fitting model to feature number 82, Paramuribaculum intestinale
2026-01-11 16:05:18.839095 INFO::Fitting model to feature number 83, Paramuribaculum sp001689565
2026-01-11 16:05:18.844577 INFO::Fitting model to feature number 84, Paramuribaculum sp910579675
2026-01-11 16:05:18.849986 INFO::Fitting model to feature number 85, MGYG000329858
2026-01-11 16:05:18.857007 INFO::Fitting model to feature number 86, Paramuribaculum sp910578805
2026-01-11 16:05:18.86253 INFO::Fitting model to feature number 87, MGYG000325717
2026-01-11 16:05:18.867866 INFO::Fitting model to feature number 88, Paramuribaculum sp910579185
2026-01-11 16:05:18.874217 INFO::Fitting model to feature number 89, MGYG000329300
2026-01-11 16:05:18.87973 INFO::Fitting model to feature number 90, Paramuribaculum sp009775605
2026-01-11 16:05:18.888069 INFO::Fitting model to feature number 91, Paramuribaculum sp910586475
2026-01-11 16:05:18.896049 INFO::Fitting model to feature number 92, MGYG000325727
2026-01-11 16:05:18.903649 INFO::Fitting model to feature number 93, Paramuribaculum sp910588065
2026-01-11 16:05:18.911008 INFO::Fitting model to feature number 94, Paramuribaculum sp910578305
2026-01-11 16:05:18.918457 INFO::Fitting model to feature number 95, Paramuribaculum sp910587185
2026-01-11 16:05:18.926213 INFO::Fitting model to feature number 96, Paramuribaculum sp910577465
2026-01-11 16:05:18.933761 INFO::Fitting model to feature number 97, Paramuribaculum sp910586895
2026-01-11 16:05:18.942632 INFO::Fitting model to feature number 98, Paramuribaculum sp910589095
2026-01-11 16:05:18.951128 INFO::Fitting model to feature number 99, Paramuribaculum sp014800945
2026-01-11 16:05:18.959889 INFO::Fitting model to feature number 100, MGYG000325457
2026-01-11 16:05:18.967113 INFO::Fitting model to feature number 101, Paramuribaculum sp014802045
2026-01-11 16:05:18.975438 INFO::Fitting model to feature number 102, MGYG000325750
2026-01-11 16:05:18.983743 INFO::Fitting model to feature number 103, MGYG000325361
2026-01-11 16:05:18.99201 INFO::Fitting model to feature number 104, Paramuribaculum sp014801865
2026-01-11 16:05:19.000496 INFO::Fitting model to feature number 105, Paramuribaculum sp014801655
2026-01-11 16:05:19.008761 INFO::Fitting model to feature number 106, MGYG000325540
2026-01-11 16:05:19.016566 INFO::Fitting model to feature number 107, Duncaniella sp910576785
2026-01-11 16:05:19.023949 INFO::Fitting model to feature number 108, Duncaniella dubosii
2026-01-11 16:05:19.031651 INFO::Fitting model to feature number 109, Duncaniella sp910589485
2026-01-11 16:05:19.040521 INFO::Fitting model to feature number 110, Duncaniella sp001689575
2026-01-11 16:05:19.048259 INFO::Fitting model to feature number 111, Duncaniella muris
2026-01-11 16:05:19.057144 INFO::Fitting model to feature number 112, Duncaniella sp910578445
2026-01-11 16:05:19.064223 INFO::Fitting model to feature number 113, Duncaniella freteri
2026-01-11 16:05:19.071837 INFO::Fitting model to feature number 114, Duncaniella sp910578515
2026-01-11 16:05:19.079431 INFO::Fitting model to feature number 115, Duncaniella sp910577255
2026-01-11 16:05:19.084686 INFO::Fitting model to feature number 116, Duncaniella sp910577345
2026-01-11 16:05:19.090836 INFO::Fitting model to feature number 117, Duncaniella sp910577335
2026-01-11 16:05:19.098628 INFO::Fitting model to feature number 118, MGYG000325799
2026-01-11 16:05:19.107226 INFO::Fitting model to feature number 119, Duncaniella sp014802345
2026-01-11 16:05:19.115713 INFO::Fitting model to feature number 120, Duncaniella sp910578615
2026-01-11 16:05:19.12465 INFO::Fitting model to feature number 121, MGYG000325465
2026-01-11 16:05:19.132359 INFO::Fitting model to feature number 122, Duncaniella sp910586305
2026-01-11 16:05:19.139709 INFO::Fitting model to feature number 123, Duncaniella sp001689495
2026-01-11 16:05:19.145854 INFO::Fitting model to feature number 124, MGYG000327170
2026-01-11 16:05:19.153219 INFO::Fitting model to feature number 125, Duncaniella sp910584825
2026-01-11 16:05:19.160624 INFO::Fitting model to feature number 126, Duncaniella sp910587165
2026-01-11 16:05:19.166951 INFO::Fitting model to feature number 127, MGYG000325518
2026-01-11 16:05:19.173231 INFO::Fitting model to feature number 128, Duncaniella sp002494015
2026-01-11 16:05:19.179075 INFO::Fitting model to feature number 129, Duncaniella sp910587515
2026-01-11 16:05:19.184637 INFO::Fitting model to feature number 130, Duncaniella sp910586665
2026-01-11 16:05:19.192284 INFO::Fitting model to feature number 131, Duncaniella sp014801945
2026-01-11 16:05:19.2004 INFO::Fitting model to feature number 132, Duncaniella sp910588795
2026-01-11 16:05:19.208163 INFO::Fitting model to feature number 133, Duncaniella sp001701225
2026-01-11 16:05:19.214978 INFO::Fitting model to feature number 134, Duncaniella sp014802325
2026-01-11 16:05:19.221854 INFO::Fitting model to feature number 135, Duncaniella sp014802015
2026-01-11 16:05:19.228028 INFO::Fitting model to feature number 136, MGYG000325456
2026-01-11 16:05:19.234506 INFO::Fitting model to feature number 137, MGYG000325723
2026-01-11 16:05:19.242547 INFO::Fitting model to feature number 138, MGYG000325575
2026-01-11 16:05:19.24961 INFO::Fitting model to feature number 139, MGYG000325671
2026-01-11 16:05:19.258404 INFO::Fitting model to feature number 140, CAG-873 sp009775135
2026-01-11 16:05:19.266706 INFO::Fitting model to feature number 141, CAG-873 sp002490635
2026-01-11 16:05:19.275361 INFO::Fitting model to feature number 142, MGYG000328238
2026-01-11 16:05:19.28122 INFO::Fitting model to feature number 143, CAG-873 sp009775265
2026-01-11 16:05:19.288079 INFO::Fitting model to feature number 144, CAG-873 sp011959565
2026-01-11 16:05:19.293877 INFO::Fitting model to feature number 145, CAG-873 sp910578365
2026-01-11 16:05:19.299242 INFO::Fitting model to feature number 146, CAG-873 sp910587235
2026-01-11 16:05:19.305391 INFO::Fitting model to feature number 147, CAG-873 sp009775225
2026-01-11 16:05:19.311055 INFO::Fitting model to feature number 148, CAG-873 sp009775535
2026-01-11 16:05:19.316417 INFO::Fitting model to feature number 149, CAG-873 sp910577315
2026-01-11 16:05:19.323286 INFO::Fitting model to feature number 150, CAG-873 sp910584905
2026-01-11 16:05:19.328958 INFO::Fitting model to feature number 151, CAG-873 sp910587545
2026-01-11 16:05:19.335997 INFO::Fitting model to feature number 152, CAG-873 sp910586455
2026-01-11 16:05:19.344247 INFO::Fitting model to feature number 153, MGYG000324412
2026-01-11 16:05:19.352629 INFO::Fitting model to feature number 154, CAG-873 sp910587915
2026-01-11 16:05:19.360211 INFO::Fitting model to feature number 155, CAG-873 sp001689665
2026-01-11 16:05:19.367563 INFO::Fitting model to feature number 156, CAG-873 sp017624155
2026-01-11 16:05:19.374917 INFO::Fitting model to feature number 157, MGYG000329414
2026-01-11 16:05:19.380419 INFO::Fitting model to feature number 158, CAG-873 sp910578095
2026-01-11 16:05:19.388937 INFO::Fitting model to feature number 159, CAG-873 sp910586975
2026-01-11 16:05:19.397736 INFO::Fitting model to feature number 160, CAG-873 sp001689415
2026-01-11 16:05:19.405917 INFO::Fitting model to feature number 161, MGYG000325453
2026-01-11 16:05:19.414121 INFO::Fitting model to feature number 162, CAG-873 sp910587475
2026-01-11 16:05:19.42205 INFO::Fitting model to feature number 163, CAG-873 sp900550395
2026-01-11 16:05:19.428885 INFO::Fitting model to feature number 164, MGYG000325639
2026-01-11 16:05:19.434923 INFO::Fitting model to feature number 165, CAG-873 sp910576935
2026-01-11 16:05:19.441597 INFO::Fitting model to feature number 166, MGYG000328998
2026-01-11 16:05:19.446773 INFO::Fitting model to feature number 167, CAG-873 sp910578035
2026-01-11 16:05:19.452164 INFO::Fitting model to feature number 168, MGYG000322997
2026-01-11 16:05:19.458697 INFO::Fitting model to feature number 169, MGYG000325431
2026-01-11 16:05:19.465028 INFO::Fitting model to feature number 170, CAG-873 sp905202215
2026-01-11 16:05:19.471244 INFO::Fitting model to feature number 171, CAG-873 sp009775195
2026-01-11 16:05:19.477346 INFO::Fitting model to feature number 172, CAG-873 sp910586995
2026-01-11 16:05:19.482937 INFO::Fitting model to feature number 173, CAG-873 sp910577355
2026-01-11 16:05:19.490282 INFO::Fitting model to feature number 174, MGYG000325570
2026-01-11 16:05:19.497058 INFO::Fitting model to feature number 175, MGYG000325620
2026-01-11 16:05:19.503999 INFO::Fitting model to feature number 176, CAG-873 sp001701165
2026-01-11 16:05:19.509755 INFO::Fitting model to feature number 177, MGYG000325469
2026-01-11 16:05:19.515158 INFO::Fitting model to feature number 178, CAG-873 sp003979155
2026-01-11 16:05:19.521013 INFO::Fitting model to feature number 179, MGYG000325729
2026-01-11 16:05:19.526839 INFO::Fitting model to feature number 180, CAG-873 sp910576775
2026-01-11 16:05:19.533356 INFO::Fitting model to feature number 181, MGYG000325342
2026-01-11 16:05:19.540352 INFO::Fitting model to feature number 182, MGYG000325463
2026-01-11 16:05:19.546944 INFO::Fitting model to feature number 183, CAG-873 sp910587355
2026-01-11 16:05:19.553072 INFO::Fitting model to feature number 184, CAG-873 sp910583525
2026-01-11 16:05:19.558853 INFO::Fitting model to feature number 185, MGYG000328958
2026-01-11 16:05:19.564454 INFO::Fitting model to feature number 186, MGYG000325379
2026-01-11 16:05:19.570664 INFO::Fitting model to feature number 187, CAG-873 sp910584495
2026-01-11 16:05:19.57775 INFO::Fitting model to feature number 188, CAG-873 sp910589055
2026-01-11 16:05:19.584422 INFO::Fitting model to feature number 189, CAG-873 sp910586595
2026-01-11 16:05:19.592699 INFO::Fitting model to feature number 190, MGYG000325473
2026-01-11 16:05:19.60035 INFO::Fitting model to feature number 191, CAG-873 sp910587925
2026-01-11 16:05:19.606907 INFO::Fitting model to feature number 192, CAG-873 sp900555715
2026-01-11 16:05:19.612087 INFO::Fitting model to feature number 193, CAG-873 sp002493945
2026-01-11 16:05:19.617938 INFO::Fitting model to feature number 194, CAG-873 sp002491245
2026-01-11 16:05:19.627017 INFO::Fitting model to feature number 195, MGYG000329571
2026-01-11 16:05:19.635329 INFO::Fitting model to feature number 196, MGYG000325537
2026-01-11 16:05:19.644793 INFO::Fitting model to feature number 197, CAG-485 sp009775365
2026-01-11 16:05:19.654491 INFO::Fitting model to feature number 198, CAG-485 sp002493045
2026-01-11 16:05:19.663963 INFO::Fitting model to feature number 199, CAG-485 sp009775355
2026-01-11 16:05:19.674084 INFO::Fitting model to feature number 200, CAG-485 sp002362485
2026-01-11 16:05:19.68372 INFO::Fitting model to feature number 201, CAG-485 sp002361215
2026-01-11 16:05:19.694272 INFO::Fitting model to feature number 202, CAG-485 sp002491945
2026-01-11 16:05:19.705459 INFO::Fitting model to feature number 203, CAG-485 sp002361155
2026-01-11 16:05:19.714806 INFO::Fitting model to feature number 204, MGYG000410771
2026-01-11 16:05:19.723837 INFO::Fitting model to feature number 205, MGYG000325582
2026-01-11 16:05:19.731883 INFO::Fitting model to feature number 206, CAG-485 sp002493515
2026-01-11 16:05:19.739378 INFO::Fitting model to feature number 207, CAG-485 sp003979075
2026-01-11 16:05:19.747187 INFO::Fitting model to feature number 208, CAG-485 sp001701295
2026-01-11 16:05:19.753755 INFO::Fitting model to feature number 209, MGYG000325475
2026-01-11 16:05:19.760093 INFO::Fitting model to feature number 210, MGYG000327930
2026-01-11 16:05:19.766509 INFO::Fitting model to feature number 211, CAG-485 sp910584055
2026-01-11 16:05:19.772752 INFO::Fitting model to feature number 212, MGYG000325569
2026-01-11 16:05:19.779036 INFO::Fitting model to feature number 213, CAG-485 sp910579845
2026-01-11 16:05:19.78771 INFO::Fitting model to feature number 214, CAG-485 sp910584125
2026-01-11 16:05:19.795958 INFO::Fitting model to feature number 215, CAG-485 sp910578385
2026-01-11 16:05:19.80254 INFO::Fitting model to feature number 216, MGYG000325346
2026-01-11 16:05:19.810835 INFO::Fitting model to feature number 217, MGYG000324474
2026-01-11 16:05:19.819511 INFO::Fitting model to feature number 218, CAG-485 sp910586175
2026-01-11 16:05:19.827157 INFO::Fitting model to feature number 219, MGYG000329437
2026-01-11 16:05:19.835708 INFO::Fitting model to feature number 220, MGYG000325442
2026-01-11 16:05:19.844759 INFO::Fitting model to feature number 221, CAG-485 sp910577585
2026-01-11 16:05:19.853906 INFO::Fitting model to feature number 222, CAG-485 sp009775375
2026-01-11 16:05:19.862537 INFO::Fitting model to feature number 223, MGYG000347897
2026-01-11 16:05:19.870692 INFO::Fitting model to feature number 224, CAG-485 sp910578075
2026-01-11 16:05:19.878465 INFO::Fitting model to feature number 225, CAG-485 sp900554845
2026-01-11 16:05:19.886086 INFO::Fitting model to feature number 226, CAG-485 sp910583775
2026-01-11 16:05:19.893679 INFO::Fitting model to feature number 227, MGYG000325760
2026-01-11 16:05:19.899279 INFO::Fitting model to feature number 228, MGYG000325660
2026-01-11 16:05:19.907306 INFO::Fitting model to feature number 229, CAG-485 sp910584545
2026-01-11 16:05:19.914428 INFO::Fitting model to feature number 230, MGYG000325658
2026-01-11 16:05:19.922165 INFO::Fitting model to feature number 231, CAG-485 sp910584525
2026-01-11 16:05:19.929578 INFO::Fitting model to feature number 232, CAG-485 sp910583795
2026-01-11 16:05:19.936648 INFO::Fitting model to feature number 233, CAG-485 sp910585275
2026-01-11 16:05:19.945604 INFO::Fitting model to feature number 234, MGYG000325481
2026-01-11 16:05:19.952432 INFO::Fitting model to feature number 235, CAG-485 sp910589425
2026-01-11 16:05:19.961463 INFO::Fitting model to feature number 236, CAG-485 sp910588245
2026-01-11 16:05:19.967758 INFO::Fitting model to feature number 237, CAG-485 sp014801815
2026-01-11 16:05:19.976904 INFO::Fitting model to feature number 238, MGYG000329106
2026-01-11 16:05:19.983163 INFO::Fitting model to feature number 239, MGYG000325458
2026-01-11 16:05:19.992013 INFO::Fitting model to feature number 240, MGYG000325710
2026-01-11 16:05:19.999255 INFO::Fitting model to feature number 241, MGYG000325738
2026-01-11 16:05:20.009943 INFO::Fitting model to feature number 242, MGYG000325560
2026-01-11 16:05:20.017267 INFO::Fitting model to feature number 243, CAG-485 sp910579305
2026-01-11 16:05:20.026333 INFO::Fitting model to feature number 244, MGYG000325644
2026-01-11 16:05:20.033674 INFO::Fitting model to feature number 245, CAG-485 sp900760815
2026-01-11 16:05:20.041083 INFO::Fitting model to feature number 246, MGYG000325315
2026-01-11 16:05:20.048322 INFO::Fitting model to feature number 247, MGYG000325633
2026-01-11 16:05:20.056609 INFO::Fitting model to feature number 248, MGYG000325436
2026-01-11 16:05:20.065063 INFO::Fitting model to feature number 249, MGYG000325715
2026-01-11 16:05:20.074842 INFO::Fitting model to feature number 250, MGYG000325350
2026-01-11 16:05:20.083309 INFO::Fitting model to feature number 251, MGYG000325747
2026-01-11 16:05:20.092161 INFO::Fitting model to feature number 252, MGYG000325437
2026-01-11 16:05:20.10024 INFO::Fitting model to feature number 253, CAG-485 sp014800895
2026-01-11 16:05:20.108681 INFO::Fitting model to feature number 254, MGYG000325541
2026-01-11 16:05:20.117364 INFO::Fitting model to feature number 255, MGYG000325479
2026-01-11 16:05:20.126587 INFO::Fitting model to feature number 256, CAG-485 sp910585285
2026-01-11 16:05:20.135412 INFO::Fitting model to feature number 257, CAG-485 sp910584185
2026-01-11 16:05:20.144949 INFO::Fitting model to feature number 258, MGYG000325680
2026-01-11 16:05:20.151761 INFO::Fitting model to feature number 259, MGYG000325622
2026-01-11 16:05:20.1587 INFO::Fitting model to feature number 260, MGYG000325425
2026-01-11 16:05:20.167705 INFO::Fitting model to feature number 261, MGYG000325415
2026-01-11 16:05:20.176166 INFO::Fitting model to feature number 262, CAG-485 sp900550645
2026-01-11 16:05:20.182533 INFO::Fitting model to feature number 263, MGYG000325597
2026-01-11 16:05:20.190825 INFO::Fitting model to feature number 264, MGYG000325446
2026-01-11 16:05:20.196661 INFO::Fitting model to feature number 265, MGYG000325721
2026-01-11 16:05:20.204653 INFO::Fitting model to feature number 266, Muribaculum gordoncarteri
2026-01-11 16:05:20.215542 INFO::Fitting model to feature number 267, Muribaculum sp009775095
2026-01-11 16:05:20.223734 INFO::Fitting model to feature number 268, Muribaculum sp002473395
2026-01-11 16:05:20.230486 INFO::Fitting model to feature number 269, Muribaculum faecis
2026-01-11 16:05:20.235837 INFO::Fitting model to feature number 270, MGYG000325310
2026-01-11 16:05:20.241972 INFO::Fitting model to feature number 271, Muribaculum sp910587665
2026-01-11 16:05:20.247055 INFO::Fitting model to feature number 272, Muribaculum sp001701195
2026-01-11 16:05:20.251988 INFO::Fitting model to feature number 273, Muribaculum sp910578785
2026-01-11 16:05:20.258192 INFO::Fitting model to feature number 274, Muribaculum sp910589555
2026-01-11 16:05:20.263396 INFO::Fitting model to feature number 275, Muribaculum arabinoxylanisolvens
2026-01-11 16:05:20.268397 INFO::Fitting model to feature number 276, Muribaculum sp003150235
2026-01-11 16:05:20.274426 INFO::Fitting model to feature number 277, MGYG000328540
2026-01-11 16:05:20.28025 INFO::Fitting model to feature number 278, Muribaculum sp910583865
2026-01-11 16:05:20.285931 INFO::Fitting model to feature number 279, Muribaculum sp910578835
2026-01-11 16:05:20.293339 INFO::Fitting model to feature number 280, Muribaculum sp001701065
2026-01-11 16:05:20.300061 INFO::Fitting model to feature number 281, MGYG000328957
2026-01-11 16:05:20.308815 INFO::Fitting model to feature number 282, UBA7173 sp001689485
2026-01-11 16:05:20.314497 INFO::Fitting model to feature number 283, UBA7173 sp001689685
2026-01-11 16:05:20.32194 INFO::Fitting model to feature number 284, UBA7173 sp002491305
2026-01-11 16:05:20.32793 INFO::Fitting model to feature number 285, UBA7173 sp013316675
2026-01-11 16:05:20.333588 INFO::Fitting model to feature number 286, MGYG000329847
2026-01-11 16:05:20.340174 INFO::Fitting model to feature number 287, UBA7173 sp013316535
2026-01-11 16:05:20.386167 INFO::Fitting model to feature number 288, UBA7173 sp910584365
2026-01-11 16:05:20.396188 INFO::Fitting model to feature number 289, UBA7173 sp910583675
2026-01-11 16:05:20.407171 INFO::Fitting model to feature number 290, MGYG000325674
2026-01-11 16:05:20.418688 INFO::Fitting model to feature number 291, UBA7173 sp910584735
2026-01-11 16:05:20.429789 INFO::Fitting model to feature number 292, UBA7173 sp900548705
2026-01-11 16:05:20.44149 INFO::Fitting model to feature number 293, UBA7173 sp910585755
2026-01-11 16:05:20.452531 INFO::Fitting model to feature number 294, UBA7173 sp910579105
2026-01-11 16:05:20.463855 INFO::Fitting model to feature number 295, UBA7173 sp910586565
2026-01-11 16:05:20.474187 INFO::Fitting model to feature number 296, UBA7173 sp900555165
2026-01-11 16:05:20.485146 INFO::Fitting model to feature number 297, UBA7173 sp910587075
2026-01-11 16:05:20.495597 INFO::Fitting model to feature number 298, MGYG000410332
2026-01-11 16:05:20.507642 INFO::Fitting model to feature number 299, MGYG000325632
2026-01-11 16:05:20.519574 INFO::Fitting model to feature number 300, MGYG000325803
2026-01-11 16:05:20.531126 INFO::Fitting model to feature number 301, JAFLTL01 sp910578395
2026-01-11 16:05:20.542085 INFO::Fitting model to feature number 302, MGYG000325590
2026-01-11 16:05:20.554806 INFO::Fitting model to feature number 303, UBA3263 sp001689615
2026-01-11 16:05:20.566014 INFO::Fitting model to feature number 304, MGYG000325470
2026-01-11 16:05:20.581156 INFO::Fitting model to feature number 305, UBA3263 sp002490725
2026-01-11 16:05:20.592713 INFO::Fitting model to feature number 306, MGYG000331010
2026-01-11 16:05:20.601544 INFO::Fitting model to feature number 307, UBA3263 sp014801955
2026-01-11 16:05:20.613244 INFO::Fitting model to feature number 308, MGYG000325619
2026-01-11 16:05:20.625813 INFO::Fitting model to feature number 309, MGYG000325600
2026-01-11 16:05:20.635257 INFO::Fitting model to feature number 310, MGYG000325598
2026-01-11 16:05:20.647547 INFO::Fitting model to feature number 311, JAGBWK01 sp001915385
2026-01-11 16:05:20.659067 INFO::Fitting model to feature number 312, JAGBWK01 sp004102805
2026-01-11 16:05:20.667137 INFO::Fitting model to feature number 313, MGYG000325382
2026-01-11 16:05:20.67723 INFO::Fitting model to feature number 314, MGYG000327564
2026-01-11 16:05:20.685289 INFO::Fitting model to feature number 315, MGYG000328504
2026-01-11 16:05:20.694177 INFO::Fitting model to feature number 316, JAAVFS01 sp910584665
2026-01-11 16:05:20.704044 INFO::Fitting model to feature number 317, MGYG000325322
2026-01-11 16:05:20.713115 INFO::Fitting model to feature number 318, MGYG000325435
2026-01-11 16:05:20.723388 INFO::Fitting model to feature number 319, CAJUPY01 sp910588035
2026-01-11 16:05:20.734843 INFO::Fitting model to feature number 320, MGYG000325343
2026-01-11 16:05:20.742961 INFO::Fitting model to feature number 321, CAJUPY01 sp014802535
2026-01-11 16:05:20.749552 INFO::Fitting model to feature number 322, MGYG000325663
2026-01-11 16:05:20.757348 INFO::Fitting model to feature number 323, M3 sp001689445
2026-01-11 16:05:20.765889 INFO::Fitting model to feature number 324, MGYG000328741
2026-01-11 16:05:20.774696 INFO::Fitting model to feature number 325, CAG-1031 sp000431215
2026-01-11 16:05:20.78202 INFO::Fitting model to feature number 326, Amulumruptor sp001689515
2026-01-11 16:05:20.789881 INFO::Fitting model to feature number 327, Amulumruptor sp900539915
2026-01-11 16:05:20.796439 INFO::Fitting model to feature number 328, Sodaliphilus sp004557565
2026-01-11 16:05:20.80322 INFO::Fitting model to feature number 329, Limisoma sp000437795
2026-01-11 16:05:20.810435 INFO::Fitting model to feature number 330, Bacteroides sp002491635
2026-01-11 16:05:20.815847 INFO::Fitting model to feature number 331, Bacteroides sp910578895
2026-01-11 16:05:20.822592 INFO::Fitting model to feature number 332, Bacteroides acidifaciens
2026-01-11 16:05:20.829911 INFO::Fitting model to feature number 333, Bacteroides caecimuris
2026-01-11 16:05:20.836801 INFO::Fitting model to feature number 334, Bacteroides sp910586915
2026-01-11 16:05:20.844707 INFO::Fitting model to feature number 335, Bacteroides uniformis
2026-01-11 16:05:20.852022 INFO::Fitting model to feature number 336, Bacteroides sp910585845
2026-01-11 16:05:20.860371 INFO::Fitting model to feature number 337, Bacteroides sp900765785
2026-01-11 16:05:20.867789 INFO::Fitting model to feature number 338, Bacteroides stercoris
2026-01-11 16:05:20.875811 INFO::Fitting model to feature number 339, MGYG000325585
2026-01-11 16:05:20.883119 INFO::Fitting model to feature number 340, Bacteroides nordii
2026-01-11 16:05:20.891513 INFO::Fitting model to feature number 341, Bacteroides congonensis
2026-01-11 16:05:20.900056 INFO::Fitting model to feature number 342, Bacteroides xylanisolvens
2026-01-11 16:05:20.907482 INFO::Fitting model to feature number 343, Bacteroides intestinalis
2026-01-11 16:05:20.912854 INFO::Fitting model to feature number 344, Bacteroides cellulosilyticus
2026-01-11 16:05:20.918614 INFO::Fitting model to feature number 345, Prevotella sp002933775
2026-01-11 16:05:20.925168 INFO::Fitting model to feature number 346, Prevotella muris
2026-01-11 16:05:20.930777 INFO::Fitting model to feature number 347, MGYG000325010
2026-01-11 16:05:20.936496 INFO::Fitting model to feature number 348, MGYG000325676
2026-01-11 16:05:20.943125 INFO::Fitting model to feature number 349, Prevotella sp013166515
2026-01-11 16:05:20.949023 INFO::Fitting model to feature number 350, Prevotella rodentium
2026-01-11 16:05:20.955598 INFO::Fitting model to feature number 351, Prevotella sp900545525
2026-01-11 16:05:20.96293 INFO::Fitting model to feature number 352, MGYG000325400
2026-01-11 16:05:20.969804 INFO::Fitting model to feature number 353, Prevotella intestinalis
2026-01-11 16:05:20.977293 INFO::Fitting model to feature number 354, Phocaeicola vulgatus
2026-01-11 16:05:20.98289 INFO::Fitting model to feature number 355, Phocaeicola sartorii
2026-01-11 16:05:20.989118 INFO::Fitting model to feature number 356, Phocaeicola sp011959205
2026-01-11 16:05:20.995346 INFO::Fitting model to feature number 357, Phocaeicola faecalis
2026-01-11 16:05:21.001395 INFO::Fitting model to feature number 358, Phocaeicola plebeius_A
2026-01-11 16:05:21.008635 INFO::Fitting model to feature number 359, Phocaeicola massiliensis
2026-01-11 16:05:21.015231 INFO::Fitting model to feature number 360, UBA4372 sp023665805
2026-01-11 16:05:21.02373 INFO::Fitting model to feature number 361, MGYG000325572
2026-01-11 16:05:21.032492 INFO::Fitting model to feature number 362, Alloprevotella sp009775705
2026-01-11 16:05:21.040111 INFO::Fitting model to feature number 363, Alloprevotella sp002933955
2026-01-11 16:05:21.046362 INFO::Fitting model to feature number 364, Paraprevotella sp900548345
2026-01-11 16:05:21.054338 INFO::Fitting model to feature number 365, Paraprevotella sp910586505
2026-01-11 16:05:21.062274 INFO::Fitting model to feature number 366, Alistipes sp002428825
2026-01-11 16:05:21.071388 INFO::Fitting model to feature number 367, Alistipes sp910587675
2026-01-11 16:05:21.07781 INFO::Fitting model to feature number 368, Alistipes timonensis
2026-01-11 16:05:21.083854 INFO::Fitting model to feature number 369, Alistipes sp910576555
2026-01-11 16:05:21.09061 INFO::Fitting model to feature number 370, Alistipes sp009774895
2026-01-11 16:05:21.096878 INFO::Fitting model to feature number 371, Alistipes sp002362235
2026-01-11 16:05:21.10251 INFO::Fitting model to feature number 372, Alistipes sp900552955
2026-01-11 16:05:21.106011 WARNING::Fitting problem for feature 372 returning NA
2026-01-11 16:05:21.108342 INFO::Fitting model to feature number 373, Alistipes sp910575495
2026-01-11 16:05:21.115222 INFO::Fitting model to feature number 374, Alistipes sp910577475
2026-01-11 16:05:21.123364 INFO::Fitting model to feature number 375, Alistipes sp002358415
2026-01-11 16:05:21.135169 INFO::Fitting model to feature number 376, Avirikenella sp910588925
2026-01-11 16:05:21.145005 INFO::Fitting model to feature number 377, MGYG000325667
2026-01-11 16:05:21.154995 INFO::Fitting model to feature number 378, Rikenella sp910577885
2026-01-11 16:05:21.162798 INFO::Fitting model to feature number 379, Parabacteroides distasonis
2026-01-11 16:05:21.169369 INFO::Fitting model to feature number 380, Parabacteroides goldsteinii
2026-01-11 16:05:21.177102 INFO::Fitting model to feature number 381, Parabacteroides sp900760525
2026-01-11 16:05:21.186479 INFO::Fitting model to feature number 382, Parabacteroides merdae
2026-01-11 16:05:21.195704 INFO::Fitting model to feature number 383, Odoribacter sp021771575
2026-01-11 16:05:21.204318 INFO::Fitting model to feature number 384, Odoribacter sp910578105
2026-01-11 16:05:21.214695 INFO::Fitting model to feature number 385, Odoribacter sp910589025
2026-01-11 16:05:21.224725 INFO::Fitting model to feature number 386, Butyricimonas virosa
2026-01-11 16:05:21.232944 INFO::Fitting model to feature number 387, Pullibacteroides sp910586395
2026-01-11 16:05:21.241734 INFO::Fitting model to feature number 388, Cryptobacteroides sp009774765
2026-01-11 16:05:21.249987 INFO::Fitting model to feature number 389, Cryptobacteroides sp910585445
2026-01-11 16:05:21.257616 INFO::Fitting model to feature number 390, Imtechella halotolerans
2026-01-11 16:05:21.266307 INFO::Fitting model to feature number 391, Faecalibaculum sp910588395
2026-01-11 16:05:21.274408 INFO::Fitting model to feature number 392, C-19 sp910576855
2026-01-11 16:05:21.280333 INFO::Fitting model to feature number 393, MGYG000329824
2026-01-11 16:05:21.283097 WARNING::Fitting problem for feature 393 returning NA
2026-01-11 16:05:21.286883 INFO::Fitting model to feature number 394, Ileibacterium valens
2026-01-11 16:05:21.295557 INFO::Fitting model to feature number 395, Dubosiella sp004793885
2026-01-11 16:05:21.303071 INFO::Fitting model to feature number 396, CAJTFG01 sp910575705
2026-01-11 16:05:21.309806 INFO::Fitting model to feature number 397, Thomasclavelia cocleata
2026-01-11 16:05:21.318115 INFO::Fitting model to feature number 398, Thomasclavelia ramosa
2026-01-11 16:05:21.326973 INFO::Fitting model to feature number 399, MGBC113645 sp910579135
2026-01-11 16:05:21.335044 INFO::Fitting model to feature number 400, Fimiplasma sp910588165
2026-01-11 16:05:21.343143 INFO::Fitting model to feature number 401, Lactobacillus intestinalis
2026-01-11 16:05:21.348603 INFO::Fitting model to feature number 402, Lactobacillus sp910589675
2026-01-11 16:05:21.355888 INFO::Fitting model to feature number 403, MGYG000329195
2026-01-11 16:05:21.362548 INFO::Fitting model to feature number 404, Lactobacillus taiwanensis
2026-01-11 16:05:21.371458 INFO::Fitting model to feature number 405, Lactobacillus amylovorus
2026-01-11 16:05:21.379288 INFO::Fitting model to feature number 406, MGYG000325525
2026-01-11 16:05:21.387869 INFO::Fitting model to feature number 407, MGYG000326943
2026-01-11 16:05:21.395277 INFO::Fitting model to feature number 408, Lactobacillus hominis
2026-01-11 16:05:21.400839 INFO::Fitting model to feature number 409, Lactobacillus acidophilus
2026-01-11 16:05:21.407779 INFO::Fitting model to feature number 410, MGYG000326944
2026-01-11 16:05:21.414457 INFO::Fitting model to feature number 411, Lactobacillus delbrueckii
2026-01-11 16:05:21.422153 INFO::Fitting model to feature number 412, Limosilactobacillus reuteri
2026-01-11 16:05:21.429084 INFO::Fitting model to feature number 413, Limosilactobacillus sp009663775
2026-01-11 16:05:21.435386 INFO::Fitting model to feature number 414, Limosilactobacillus fermentum
2026-01-11 16:05:21.443378 INFO::Fitting model to feature number 415, Limosilactobacillus equigenerosi
2026-01-11 16:05:21.451448 INFO::Fitting model to feature number 416, Limosilactobacillus portuensis
2026-01-11 16:05:21.460424 INFO::Fitting model to feature number 417, Ligilactobacillus murinus
2026-01-11 16:05:21.469402 INFO::Fitting model to feature number 418, Ligilactobacillus animalis
2026-01-11 16:05:21.475778 INFO::Fitting model to feature number 419, Ligilactobacillus sp910587695
2026-01-11 16:05:21.483311 INFO::Fitting model to feature number 420, Ligilactobacillus agilis
2026-01-11 16:05:21.490835 INFO::Fitting model to feature number 421, Pediococcus pentosaceus
2026-01-11 16:05:21.498159 INFO::Fitting model to feature number 422, Enterococcus faecalis
2026-01-11 16:05:21.505812 INFO::Fitting model to feature number 423, Turicibacter sp002311155
2026-01-11 16:05:21.513411 INFO::Fitting model to feature number 424, MGYG000380869
2026-01-11 16:05:21.518849 INFO::Fitting model to feature number 425, CAG-582 sp910577075
2026-01-11 16:05:21.525343 INFO::Fitting model to feature number 426, UBA5026 sp910576795
2026-01-11 16:05:21.530932 INFO::Fitting model to feature number 427, UBA5026 sp910586425
2026-01-11 16:05:21.538386 INFO::Fitting model to feature number 428, MGYG000330354
2026-01-11 16:05:21.546578 INFO::Fitting model to feature number 429, MGYG000338472
2026-01-11 16:05:21.55573 INFO::Fitting model to feature number 430, MGYG000329046
2026-01-11 16:05:21.56457 INFO::Fitting model to feature number 431, MGYG000331189
2026-01-11 16:05:21.573927 INFO::Fitting model to feature number 432, Mammaliicoccus lentus
2026-01-11 16:05:21.582552 INFO::Fitting model to feature number 433, Staphylococcus xylosus
2026-01-11 16:05:21.592604 INFO::Fitting model to feature number 434, MGYG000410805
2026-01-11 16:05:21.601456 INFO::Fitting model to feature number 435, Desulfovibrio sp910575755
2026-01-11 16:05:21.611573 INFO::Fitting model to feature number 436, Desulfovibrio sp910587035
2026-01-11 16:05:21.620754 INFO::Fitting model to feature number 437, Desulfovibrio sp910584445
2026-01-11 16:05:21.630496 INFO::Fitting model to feature number 438, MGYG000325668
2026-01-11 16:05:21.640449 INFO::Fitting model to feature number 439, Desulfovibrio sp900556755
2026-01-11 16:05:21.650617 INFO::Fitting model to feature number 440, Desulfovibrio sp905215675
2026-01-11 16:05:21.665622 INFO::Fitting model to feature number 441, MGYG000325515
2026-01-11 16:05:21.675596 INFO::Fitting model to feature number 442, Bilophila sp910585945
2026-01-11 16:05:21.684791 INFO::Fitting model to feature number 443, Bilophila faecipullorum
2026-01-11 16:05:21.695224 INFO::Fitting model to feature number 444, Bilophila sp902373525
2026-01-11 16:05:21.703349 INFO::Fitting model to feature number 445, Mailhella sp910579055
2026-01-11 16:05:21.714142 INFO::Fitting model to feature number 446, Mailhella excrementigallinarum
2026-01-11 16:05:21.73705 INFO::Fitting model to feature number 447, MGYG000399267
2026-01-11 16:05:21.748183 INFO::Fitting model to feature number 448, MGYG000410288
2026-01-11 16:05:21.758232 INFO::Fitting model to feature number 449, Schaedlerella sp910589385
2026-01-11 16:05:21.768095 INFO::Fitting model to feature number 450, Schaedlerella arabinosiphila
2026-01-11 16:05:21.778611 INFO::Fitting model to feature number 451, Schaedlerella sp009911175
2026-01-11 16:05:21.787984 INFO::Fitting model to feature number 452, MGYG000410694
2026-01-11 16:05:21.797476 INFO::Fitting model to feature number 453, Schaedlerella sp000403295
2026-01-11 16:05:21.806263 INFO::Fitting model to feature number 454, Schaedlerella sp910574865
2026-01-11 16:05:21.814903 INFO::Fitting model to feature number 455, Schaedlerella sp910574195
2026-01-11 16:05:21.824166 INFO::Fitting model to feature number 456, Schaedlerella sp943193195
2026-01-11 16:05:21.836012 INFO::Fitting model to feature number 457, Schaedlerella sp009774255
2026-01-11 16:05:21.843941 INFO::Fitting model to feature number 458, MGYG000328305
2026-01-11 16:05:21.851552 INFO::Fitting model to feature number 459, MD308 sp910575105
2026-01-11 16:05:21.859531 INFO::Fitting model to feature number 460, MD308 sp010206225
2026-01-11 16:05:21.868073 INFO::Fitting model to feature number 461, MGYG000323047
2026-01-11 16:05:21.875727 INFO::Fitting model to feature number 462, MD308 sp000403475
2026-01-11 16:05:21.882417 INFO::Fitting model to feature number 463, MGYG000326632
2026-01-11 16:05:21.892909 INFO::Fitting model to feature number 464, MD308 sp910578455
2026-01-11 16:05:21.903659 INFO::Fitting model to feature number 465, MD308 sp910586965
2026-01-11 16:05:21.913427 INFO::Fitting model to feature number 466, MD308 sp910584615
2026-01-11 16:05:21.922389 INFO::Fitting model to feature number 467, MGYG000410877
2026-01-11 16:05:21.929064 INFO::Fitting model to feature number 468, MGYG000324148
2026-01-11 16:05:21.936303 INFO::Fitting model to feature number 469, Sporofaciens sp910574715
2026-01-11 16:05:21.944131 INFO::Fitting model to feature number 470, Sporofaciens sp910579015
2026-01-11 16:05:21.952835 INFO::Fitting model to feature number 471, MGYG000353267
2026-01-11 16:05:21.960806 INFO::Fitting model to feature number 472, Sporofaciens sp910575835
2026-01-11 16:05:21.968006 INFO::Fitting model to feature number 473, Sporofaciens musculi
2026-01-11 16:05:21.976102 INFO::Fitting model to feature number 474, Sporofaciens sp009774295
2026-01-11 16:05:21.982919 INFO::Fitting model to feature number 475, Sporofaciens sp910574885
2026-01-11 16:05:21.99104 INFO::Fitting model to feature number 476, Sporofaciens sp000403455
2026-01-11 16:05:21.99856 INFO::Fitting model to feature number 477, Sporofaciens sp910577685
2026-01-11 16:05:22.003692 INFO::Fitting model to feature number 478, Sporofaciens sp910587575
2026-01-11 16:05:22.009653 INFO::Fitting model to feature number 479, Sporofaciens sp910585725
2026-01-11 16:05:22.014753 INFO::Fitting model to feature number 480, Sporofaciens sp910579925
2026-01-11 16:05:22.019934 INFO::Fitting model to feature number 481, MGYG000402809
2026-01-11 16:05:22.026423 INFO::Fitting model to feature number 482, UBA11957 sp910588295
2026-01-11 16:05:22.031858 INFO::Fitting model to feature number 483, MGYG000410400
2026-01-11 16:05:22.037321 INFO::Fitting model to feature number 484, Choladocola sp009774135
2026-01-11 16:05:22.04331 INFO::Fitting model to feature number 485, Choladocola sp910583615
2026-01-11 16:05:22.049097 INFO::Fitting model to feature number 486, Choladocola sp910585995
2026-01-11 16:05:22.055102 INFO::Fitting model to feature number 487, Choladocola sp009774145
2026-01-11 16:05:22.062022 INFO::Fitting model to feature number 488, Choladocola sp910584945
2026-01-11 16:05:22.068073 INFO::Fitting model to feature number 489, Choladocola sp910579225
2026-01-11 16:05:22.075183 INFO::Fitting model to feature number 490, Choladocola sp910584205
2026-01-11 16:05:22.081914 INFO::Fitting model to feature number 491, Choladocola sp910574965
2026-01-11 16:05:22.090082 INFO::Fitting model to feature number 492, Choladocola sp910575445
2026-01-11 16:05:22.097067 INFO::Fitting model to feature number 493, Choladocola sp910583895
2026-01-11 16:05:22.103641 INFO::Fitting model to feature number 494, Choladocola sp009774155
2026-01-11 16:05:22.110953 INFO::Fitting model to feature number 495, Choladocola sp910587495
2026-01-11 16:05:22.118039 INFO::Fitting model to feature number 496, Choladocola sp910585465
2026-01-11 16:05:22.125482 INFO::Fitting model to feature number 497, Choladocola sp910587765
2026-01-11 16:05:22.132611 INFO::Fitting model to feature number 498, MGYG000392954
2026-01-11 16:05:22.139588 INFO::Fitting model to feature number 499, Lachnoclostridium_B sp910584095
2026-01-11 16:05:22.145253 INFO::Fitting model to feature number 500, Lachnoclostridium_B sp910574185
2026-01-11 16:05:22.150832 INFO::Fitting model to feature number 501, MGYG000331109
2026-01-11 16:05:22.157709 INFO::Fitting model to feature number 502, Lachnoclostridium_B sp910584265
2026-01-11 16:05:22.164935 INFO::Fitting model to feature number 503, Lachnoclostridium_B sp910588745
2026-01-11 16:05:22.172888 INFO::Fitting model to feature number 504, Lachnoclostridium_B sp910589275
2026-01-11 16:05:22.180485 INFO::Fitting model to feature number 505, MGYG000328855
2026-01-11 16:05:22.186265 INFO::Fitting model to feature number 506, MGBC164599 sp910588825
2026-01-11 16:05:22.193152 INFO::Fitting model to feature number 507, MGBC164599 sp910575625
2026-01-11 16:05:22.199847 INFO::Fitting model to feature number 508, MGBC164599 sp910587105
2026-01-11 16:05:22.208548 INFO::Fitting model to feature number 509, MGBC164599 sp910588775
2026-01-11 16:05:22.21898 INFO::Fitting model to feature number 510, MGYG000330030
2026-01-11 16:05:22.229027 INFO::Fitting model to feature number 511, MGYG000330180
2026-01-11 16:05:22.23913 INFO::Fitting model to feature number 512, 14-2 sp910588845
2026-01-11 16:05:22.249398 INFO::Fitting model to feature number 513, 14-2 sp910577785
2026-01-11 16:05:22.260259 INFO::Fitting model to feature number 514, 14-2 sp910576385
2026-01-11 16:05:22.269957 INFO::Fitting model to feature number 515, 14-2 sp910575155
2026-01-11 16:05:22.281224 INFO::Fitting model to feature number 516, 14-2 sp910575035
2026-01-11 16:05:22.290979 INFO::Fitting model to feature number 517, 14-2 sp011960065
2026-01-11 16:05:22.301236 INFO::Fitting model to feature number 518, MGYG000409996
2026-01-11 16:05:22.310978 INFO::Fitting model to feature number 519, 14-2 sp910588285
2026-01-11 16:05:22.322467 INFO::Fitting model to feature number 520, 14-2 sp910575005
2026-01-11 16:05:22.333349 INFO::Fitting model to feature number 521, 14-2 sp910584585
2026-01-11 16:05:22.343433 INFO::Fitting model to feature number 522, 14-2 sp000403255
2026-01-11 16:05:22.353652 INFO::Fitting model to feature number 523, MGYG000411355
2026-01-11 16:05:22.364655 INFO::Fitting model to feature number 524, 14-2 sp910583835
2026-01-11 16:05:22.375602 INFO::Fitting model to feature number 525, 14-2 sp910575075
2026-01-11 16:05:22.384415 INFO::Fitting model to feature number 526, 14-2 sp000403315
2026-01-11 16:05:22.39533 INFO::Fitting model to feature number 527, 14-2 sp009774455
2026-01-11 16:05:22.40407 INFO::Fitting model to feature number 528, 14-2 sp910589635
2026-01-11 16:05:22.413069 INFO::Fitting model to feature number 529, 14-2 sp910576975
2026-01-11 16:05:22.421818 INFO::Fitting model to feature number 530, MGYG000411595
2026-01-11 16:05:22.430133 INFO::Fitting model to feature number 531, MGYG000328404
2026-01-11 16:05:22.43924 INFO::Fitting model to feature number 532, 14-2 sp910578825
2026-01-11 16:05:22.445496 INFO::Fitting model to feature number 533, MGYG000410992
2026-01-11 16:05:22.451577 INFO::Fitting model to feature number 534, MGYG000324849
2026-01-11 16:05:22.458591 INFO::Fitting model to feature number 535, 14-2 sp000403845
2026-01-11 16:05:22.464703 INFO::Fitting model to feature number 536, Eubacterium_F sp910574015
2026-01-11 16:05:22.471583 INFO::Fitting model to feature number 537, MGYG000330978
2026-01-11 16:05:22.478644 INFO::Fitting model to feature number 538, Eubacterium_F sp910575665
2026-01-11 16:05:22.484879 INFO::Fitting model to feature number 539, Eubacterium_F sp910585745
2026-01-11 16:05:22.491712 INFO::Fitting model to feature number 540, MGYG000329322
2026-01-11 16:05:22.498838 INFO::Fitting model to feature number 541, Eubacterium_F sp910579145
2026-01-11 16:05:22.506831 INFO::Fitting model to feature number 542, Caccovicinus sp910585635
2026-01-11 16:05:22.513294 INFO::Fitting model to feature number 543, Caccovicinus sp009774615
2026-01-11 16:05:22.519981 INFO::Fitting model to feature number 544, Caccovicinus sp910584785
2026-01-11 16:05:22.527004 INFO::Fitting model to feature number 545, MGYG000411451
2026-01-11 16:05:22.533419 INFO::Fitting model to feature number 546, Caccovicinus sp910575565
2026-01-11 16:05:22.540113 INFO::Fitting model to feature number 547, MGYG000322995
2026-01-11 16:05:22.546196 INFO::Fitting model to feature number 548, Caccovicinus sp910588895
2026-01-11 16:05:22.552088 INFO::Fitting model to feature number 549, Acetatifactor sp910576125
2026-01-11 16:05:22.558885 INFO::Fitting model to feature number 550, Acetatifactor sp910589035
2026-01-11 16:05:22.56494 INFO::Fitting model to feature number 551, Acetatifactor sp910579755
2026-01-11 16:05:22.57122 INFO::Fitting model to feature number 552, Acetatifactor sp910584865
2026-01-11 16:05:22.577881 INFO::Fitting model to feature number 553, Acetatifactor sp910585805
2026-01-11 16:05:22.58375 INFO::Fitting model to feature number 554, Acetatifactor sp910585425
2026-01-11 16:05:22.59047 INFO::Fitting model to feature number 555, Acetatifactor sp910585615
2026-01-11 16:05:22.596768 INFO::Fitting model to feature number 556, Acetatifactor sp910586775
2026-01-11 16:05:22.602937 INFO::Fitting model to feature number 557, Acetatifactor sp910589655
2026-01-11 16:05:22.609839 INFO::Fitting model to feature number 558, Acetatifactor sp910586835
2026-01-11 16:05:22.615551 INFO::Fitting model to feature number 559, Acetatifactor sp003612485
2026-01-11 16:05:22.621864 INFO::Fitting model to feature number 560, MGYG000329336
2026-01-11 16:05:22.628076 INFO::Fitting model to feature number 561, Acetatifactor sp910577185
2026-01-11 16:05:22.633883 INFO::Fitting model to feature number 562, MGYG000325587
2026-01-11 16:05:22.6413 INFO::Fitting model to feature number 563, Acetatifactor sp910584235
2026-01-11 16:05:22.647921 INFO::Fitting model to feature number 564, MGYG000325385
2026-01-11 16:05:22.656905 INFO::Fitting model to feature number 565, Acetatifactor sp910580225
2026-01-11 16:05:22.663305 INFO::Fitting model to feature number 566, Acetatifactor sp910577035
2026-01-11 16:05:22.672353 INFO::Fitting model to feature number 567, Acetatifactor sp910578995
2026-01-11 16:05:22.681173 INFO::Fitting model to feature number 568, Acetatifactor sp910578185
2026-01-11 16:05:22.687123 INFO::Fitting model to feature number 569, MGYG000327004
2026-01-11 16:05:22.694425 INFO::Fitting model to feature number 570, Acetatifactor sp910586485
2026-01-11 16:05:22.703273 INFO::Fitting model to feature number 571, MGYG000331015
2026-01-11 16:05:22.712301 INFO::Fitting model to feature number 572, Acetatifactor sp910587555
2026-01-11 16:05:22.721539 INFO::Fitting model to feature number 573, 1XD8-76 sp910578085
2026-01-11 16:05:22.730811 INFO::Fitting model to feature number 574, 1XD8-76 sp910573755
2026-01-11 16:05:22.740422 INFO::Fitting model to feature number 575, 1XD8-76 sp910577955
2026-01-11 16:05:22.748987 INFO::Fitting model to feature number 576, UBA3282 sp009774175
2026-01-11 16:05:22.757477 INFO::Fitting model to feature number 577, UBA3282 sp910575245
2026-01-11 16:05:22.763577 INFO::Fitting model to feature number 578, UBA3282 sp009774655
2026-01-11 16:05:22.769019 INFO::Fitting model to feature number 579, UBA3282 sp910577735
2026-01-11 16:05:22.776672 INFO::Fitting model to feature number 580, UBA3282 sp910588215
2026-01-11 16:05:22.784224 INFO::Fitting model to feature number 581, UBA3282 sp910584725
2026-01-11 16:05:22.790448 INFO::Fitting model to feature number 582, MGYG000329173
2026-01-11 16:05:22.796701 INFO::Fitting model to feature number 583, MGYG000325371
2026-01-11 16:05:22.802742 INFO::Fitting model to feature number 584, MGYG000324467
2026-01-11 16:05:22.810776 INFO::Fitting model to feature number 585, UBA3282 sp910587095
2026-01-11 16:05:22.816956 INFO::Fitting model to feature number 586, UBA3282 sp009774585
2026-01-11 16:05:22.824476 INFO::Fitting model to feature number 587, UBA3282 sp910576815
2026-01-11 16:05:22.832422 INFO::Fitting model to feature number 588, UBA3282 sp910575775
2026-01-11 16:05:22.839931 INFO::Fitting model to feature number 589, UBA3282 sp003611805
2026-01-11 16:05:22.847807 INFO::Fitting model to feature number 590, UBA3282 sp910579285
2026-01-11 16:05:22.858095 INFO::Fitting model to feature number 591, UBA3282 sp910579505
2026-01-11 16:05:22.867827 INFO::Fitting model to feature number 592, MGYG000328328
2026-01-11 16:05:22.877989 INFO::Fitting model to feature number 593, MGYG000325448
2026-01-11 16:05:22.886233 INFO::Fitting model to feature number 594, MGYG000328360
2026-01-11 16:05:22.894306 INFO::Fitting model to feature number 595, MGYG000323430
2026-01-11 16:05:22.902616 INFO::Fitting model to feature number 596, UBA3282 sp003612405
2026-01-11 16:05:22.911539 INFO::Fitting model to feature number 597, UBA3282 sp009774215
2026-01-11 16:05:22.919656 INFO::Fitting model to feature number 598, MGYG000324289
2026-01-11 16:05:22.927118 INFO::Fitting model to feature number 599, Paralachnospira sp910588815
2026-01-11 16:05:22.936197 INFO::Fitting model to feature number 600, Paralachnospira sp022800815
2026-01-11 16:05:22.946195 INFO::Fitting model to feature number 601, Paralachnospira sp910587905
2026-01-11 16:05:22.95438 INFO::Fitting model to feature number 602, COE1 sp002490665
2026-01-11 16:05:22.962724 INFO::Fitting model to feature number 603, COE1 sp009774395
2026-01-11 16:05:22.970927 INFO::Fitting model to feature number 604, COE1 sp000403335
2026-01-11 16:05:22.9786 INFO::Fitting model to feature number 605, MGYG000410938
2026-01-11 16:05:22.985218 INFO::Fitting model to feature number 606, MGYG000325626
2026-01-11 16:05:22.995624 INFO::Fitting model to feature number 607, COE1 sp002358575
2026-01-11 16:05:23.002685 INFO::Fitting model to feature number 608, MGYG000325712
2026-01-11 16:05:23.011518 INFO::Fitting model to feature number 609, COE1 sp910586585
2026-01-11 16:05:23.020308 INFO::Fitting model to feature number 610, COE1 sp910586715
2026-01-11 16:05:23.030451 INFO::Fitting model to feature number 611, COE1 sp910579275
2026-01-11 16:05:23.039488 INFO::Fitting model to feature number 612, CAG-95 sp910585005
2026-01-11 16:05:23.045886 INFO::Fitting model to feature number 613, CAG-95 sp009917455
2026-01-11 16:05:23.051646 INFO::Fitting model to feature number 614, CAG-95 sp910579685
2026-01-11 16:05:23.059908 INFO::Fitting model to feature number 615, CAG-95 sp910579425
2026-01-11 16:05:23.065714 INFO::Fitting model to feature number 616, CAG-95 sp910579495
2026-01-11 16:05:23.074873 INFO::Fitting model to feature number 617, CAG-95 sp003612395
2026-01-11 16:05:23.084508 INFO::Fitting model to feature number 618, CAG-95 sp910586025
2026-01-11 16:05:23.09379 INFO::Fitting model to feature number 619, CAG-95 sp910577275
2026-01-11 16:05:23.09984 INFO::Fitting model to feature number 620, CAG-95 sp009911035
2026-01-11 16:05:23.10847 INFO::Fitting model to feature number 621, CAG-95 sp910585075
2026-01-11 16:05:23.114511 INFO::Fitting model to feature number 622, MGYG000410775
2026-01-11 16:05:23.123449 INFO::Fitting model to feature number 623, MGYG000325648
2026-01-11 16:05:23.131197 INFO::Fitting model to feature number 624, CAG-95 sp011959285
2026-01-11 16:05:23.140184 INFO::Fitting model to feature number 625, UBA7109 sp910576335
2026-01-11 16:05:23.149062 INFO::Fitting model to feature number 626, UBA7109 sp910575605
2026-01-11 16:05:23.155 INFO::Fitting model to feature number 627, MGYG000323043
2026-01-11 16:05:23.163202 INFO::Fitting model to feature number 628, MGYG000405682
2026-01-11 16:05:23.171896 INFO::Fitting model to feature number 629, MGYG000368546
2026-01-11 16:05:23.181334 INFO::Fitting model to feature number 630, Ventrimonas sp910575255
2026-01-11 16:05:23.190715 INFO::Fitting model to feature number 631, Ventrimonas sp910577765
2026-01-11 16:05:23.199017 INFO::Fitting model to feature number 632, Ventrimonas sp910586255
2026-01-11 16:05:23.20786 INFO::Fitting model to feature number 633, Ventrimonas sp003611875
2026-01-11 16:05:23.216799 INFO::Fitting model to feature number 634, Ventrimonas sp009911065
2026-01-11 16:05:23.226696 INFO::Fitting model to feature number 635, MGYG000410706
2026-01-11 16:05:23.234807 INFO::Fitting model to feature number 636, MGYG000327273
2026-01-11 16:05:23.241976 INFO::Fitting model to feature number 637, Ventrimonas sp910577655
2026-01-11 16:05:23.249991 INFO::Fitting model to feature number 638, Ventrimonas sp022799175
2026-01-11 16:05:23.256857 INFO::Fitting model to feature number 639, MGYG000324149
2026-01-11 16:05:23.265511 INFO::Fitting model to feature number 640, UBA3402 sp910574345
2026-01-11 16:05:23.27246 INFO::Fitting model to feature number 641, UBA3402 sp910575585
2026-01-11 16:05:23.28196 INFO::Fitting model to feature number 642, MGYG000410803
2026-01-11 16:05:23.315924 INFO::Fitting model to feature number 643, UBA3402 sp910588325
2026-01-11 16:05:23.324231 INFO::Fitting model to feature number 644, UBA3402 sp022798105
2026-01-11 16:05:23.334218 INFO::Fitting model to feature number 645, UBA3402 sp022795805
2026-01-11 16:05:23.342197 INFO::Fitting model to feature number 646, UBA3402 sp002358555
2026-01-11 16:05:23.350539 INFO::Fitting model to feature number 647, UBA3402 sp910588865
2026-01-11 16:05:23.35892 INFO::Fitting model to feature number 648, UBA3402 sp022796015
2026-01-11 16:05:23.367582 INFO::Fitting model to feature number 649, UBA3402 sp910586845
2026-01-11 16:05:23.376124 INFO::Fitting model to feature number 650, UBA3402 sp910585435
2026-01-11 16:05:23.385476 INFO::Fitting model to feature number 651, UBA3402 sp910577935
2026-01-11 16:05:23.394155 INFO::Fitting model to feature number 652, UBA3402 sp910585645
2026-01-11 16:05:23.400648 INFO::Fitting model to feature number 653, UBA3402 sp021769025
2026-01-11 16:05:23.409534 INFO::Fitting model to feature number 654, 1XD42-69 sp011959925
2026-01-11 16:05:23.417984 INFO::Fitting model to feature number 655, 1XD42-69 sp009911505
2026-01-11 16:05:23.426551 INFO::Fitting model to feature number 656, 1XD42-69 sp022794015
2026-01-11 16:05:23.434359 INFO::Fitting model to feature number 657, 1XD42-69 sp910588565
2026-01-11 16:05:23.444055 INFO::Fitting model to feature number 658, 1XD42-69 sp910577065
2026-01-11 16:05:23.45411 INFO::Fitting model to feature number 659, 1XD42-69 sp910586645
2026-01-11 16:05:23.464229 INFO::Fitting model to feature number 660, Merdisoma sp009917555
2026-01-11 16:05:23.476774 INFO::Fitting model to feature number 661, Merdisoma sp910574255
2026-01-11 16:05:23.486545 INFO::Fitting model to feature number 662, Merdisoma sp011959465
2026-01-11 16:05:23.500405 INFO::Fitting model to feature number 663, Merdisoma sp910574835
2026-01-11 16:05:23.512693 INFO::Fitting model to feature number 664, Merdisoma sp910574475
2026-01-11 16:05:23.52611 INFO::Fitting model to feature number 665, MGYG000330323
2026-01-11 16:05:23.532717 INFO::Fitting model to feature number 666, Merdisoma sp022791635
2026-01-11 16:05:23.54405 INFO::Fitting model to feature number 667, Kineothrix sp011958945
2026-01-11 16:05:23.550846 INFO::Fitting model to feature number 668, Kineothrix sp910579935
2026-01-11 16:05:23.561131 INFO::Fitting model to feature number 669, Kineothrix sp910576535
2026-01-11 16:05:23.567696 INFO::Fitting model to feature number 670, MGYG000327499
2026-01-11 16:05:23.579975 INFO::Fitting model to feature number 671, Kineothrix sp000403275
2026-01-11 16:05:23.594359 INFO::Fitting model to feature number 672, Kineothrix sp910588855
2026-01-11 16:05:23.609984 INFO::Fitting model to feature number 673, Kineothrix sp910587275
2026-01-11 16:05:23.628325 INFO::Fitting model to feature number 674, MGYG000326008
2026-01-11 16:05:23.636784 INFO::Fitting model to feature number 675, Kineothrix sp910585965
2026-01-11 16:05:23.648107 INFO::Fitting model to feature number 676, Kineothrix sp009911195
2026-01-11 16:05:23.661023 INFO::Fitting model to feature number 677, RGIG4057 sp910587085
2026-01-11 16:05:23.670888 INFO::Fitting model to feature number 678, RGIG4057 sp910579615
2026-01-11 16:05:23.680768 INFO::Fitting model to feature number 679, UMGS1370 sp910577645
2026-01-11 16:05:23.690787 INFO::Fitting model to feature number 680, UMGS1370 sp910586755
2026-01-11 16:05:23.707603 INFO::Fitting model to feature number 681, UBA2882 sp910574745
2026-01-11 16:05:23.717114 INFO::Fitting model to feature number 682, Eubacterium_J sp910574915
2026-01-11 16:05:23.728389 INFO::Fitting model to feature number 683, Eubacterium_J sp910579075
2026-01-11 16:05:23.739137 INFO::Fitting model to feature number 684, Eubacterium_J sp910580075
2026-01-11 16:05:23.749004 INFO::Fitting model to feature number 685, Eubacterium_J sp910584595
2026-01-11 16:05:23.75859 INFO::Fitting model to feature number 686, MGYG000330231
2026-01-11 16:05:23.764457 INFO::Fitting model to feature number 687, MGYG000327453
2026-01-11 16:05:23.774636 INFO::Fitting model to feature number 688, Butyribacter sp910575435
2026-01-11 16:05:23.784076 INFO::Fitting model to feature number 689, Butyribacter sp910585905
2026-01-11 16:05:23.794665 INFO::Fitting model to feature number 690, MGYG000330019
2026-01-11 16:05:23.805238 INFO::Fitting model to feature number 691, Butyribacter sp009774235
2026-01-11 16:05:23.814403 INFO::Fitting model to feature number 692, VSOB01 sp009774625
2026-01-11 16:05:23.831506 INFO::Fitting model to feature number 693, VSOB01 sp910587155
2026-01-11 16:05:23.846187 INFO::Fitting model to feature number 694, VSOB01 sp910587635
2026-01-11 16:05:23.860806 INFO::Fitting model to feature number 695, Copromonas sp009917545
2026-01-11 16:05:23.873537 INFO::Fitting model to feature number 696, Copromonas sp910575275
2026-01-11 16:05:23.881857 INFO::Fitting model to feature number 697, Copromonas sp022792295
2026-01-11 16:05:23.887753 INFO::Fitting model to feature number 698, Copromonas sp910586315
2026-01-11 16:05:23.895039 INFO::Fitting model to feature number 699, Bariatricus sp022793995
2026-01-11 16:05:23.901674 INFO::Fitting model to feature number 700, Clostridium_Q sp910575795
2026-01-11 16:05:23.910629 INFO::Fitting model to feature number 701, RGIG4284 sp910576205
2026-01-11 16:05:23.917865 INFO::Fitting model to feature number 702, RGIG4284 sp022796795
2026-01-11 16:05:23.925489 INFO::Fitting model to feature number 703, RGIG7193 sp022793375
2026-01-11 16:05:23.934131 INFO::Fitting model to feature number 704, RGIG7193 sp022791755
2026-01-11 16:05:23.943088 INFO::Fitting model to feature number 705, Roseburia sp910587865
2026-01-11 16:05:23.952038 INFO::Fitting model to feature number 706, Roseburia sp910584215
2026-01-11 16:05:23.961731 INFO::Fitting model to feature number 707, MGYG000329248
2026-01-11 16:05:23.970579 INFO::Fitting model to feature number 708, Lachnospira sp910589305
2026-01-11 16:05:23.979416 INFO::Fitting model to feature number 709, Eubacterium_G sp910584795
2026-01-11 16:05:23.987601 INFO::Fitting model to feature number 710, Eubacterium_G sp910574895
2026-01-11 16:05:23.996134 INFO::Fitting model to feature number 711, Paralachnospira_A sp910588405
2026-01-11 16:05:24.002847 INFO::Fitting model to feature number 712, Paralachnospira_A sp910579325
2026-01-11 16:05:24.011038 INFO::Fitting model to feature number 713, CAG-317 sp910578495
2026-01-11 16:05:24.020885 INFO::Fitting model to feature number 714, CAG-317 sp011960265
2026-01-11 16:05:24.031946 INFO::Fitting model to feature number 715, JAAWJJ01 sp022796875
2026-01-11 16:05:24.040765 INFO::Fitting model to feature number 716, Blautia_A sp900551075
2026-01-11 16:05:24.049956 INFO::Fitting model to feature number 717, Blautia_A massiliensis
2026-01-11 16:05:24.057383 INFO::Fitting model to feature number 718, CAG-56 sp004793585
2026-01-11 16:05:24.065609 INFO::Fitting model to feature number 719, Enterocloster aldenensis
2026-01-11 16:05:24.073549 INFO::Fitting model to feature number 720, Enterocloster clostridioformis
2026-01-11 16:05:24.082429 INFO::Fitting model to feature number 721, Choladousia sp003612585
2026-01-11 16:05:24.090374 INFO::Fitting model to feature number 722, CAG-510 sp910577105
2026-01-11 16:05:24.097966 INFO::Fitting model to feature number 723, MGYG000325650
2026-01-11 16:05:24.103935 INFO::Fitting model to feature number 724, CAG-590 sp910585605
2026-01-11 16:05:24.111102 INFO::Fitting model to feature number 725, Blautia pseudococcoides
2026-01-11 16:05:24.117723 INFO::Fitting model to feature number 726, Eisenbergiella sp910585455
2026-01-11 16:05:24.124324 INFO::Fitting model to feature number 727, MGYG000392808
2026-01-11 16:05:24.131837 INFO::Fitting model to feature number 728, W0P33-017 sp910589045
2026-01-11 16:05:24.140232 INFO::Fitting model to feature number 729, SIG307 sp910579465
2026-01-11 16:05:24.147312 INFO::Fitting model to feature number 730, MGYG000326869
2026-01-11 16:05:24.15582 INFO::Fitting model to feature number 731, CAG-603 sp910583605
2026-01-11 16:05:24.164579 INFO::Fitting model to feature number 732, Marvinbryantia sp900550755
2026-01-11 16:05:24.17298 INFO::Fitting model to feature number 733, RGIG8607 sp910577045
2026-01-11 16:05:24.182159 INFO::Fitting model to feature number 734, MGYG000326584
2026-01-11 16:05:24.189922 INFO::Fitting model to feature number 735, MGBC114844 sp910585255
2026-01-11 16:05:24.196958 INFO::Fitting model to feature number 736, MGYG000325493
2026-01-11 16:05:24.205438 INFO::Fitting model to feature number 737, MGYG000329929
2026-01-11 16:05:24.215489 INFO::Fitting model to feature number 738, UBA2821 sp014799465
2026-01-11 16:05:24.222039 INFO::Fitting model to feature number 739, MGBC100174 sp910576895
2026-01-11 16:05:24.226246 WARNING::Fitting problem for feature 739 returning NA
2026-01-11 16:05:24.229538 INFO::Fitting model to feature number 740, Muricomes contortus_B
2026-01-11 16:05:24.235296 INFO::Fitting model to feature number 741, Extibacter muris
2026-01-11 16:05:24.24173 INFO::Fitting model to feature number 742, Anaerotignum sp910576545
2026-01-11 16:05:24.24785 INFO::Fitting model to feature number 743, Anaerotignum sp910578425
2026-01-11 16:05:24.253531 INFO::Fitting model to feature number 744, Coprocola sp910575055
2026-01-11 16:05:24.260853 INFO::Fitting model to feature number 745, Enterenecus sp910588495
2026-01-11 16:05:24.26643 INFO::Fitting model to feature number 746, Enterenecus sp910587285
2026-01-11 16:05:24.272059 INFO::Fitting model to feature number 747, MGYG000327450
2026-01-11 16:05:24.279165 INFO::Fitting model to feature number 748, Enterenecus sp910588625
2026-01-11 16:05:24.284999 INFO::Fitting model to feature number 749, Enterenecus sp910575695
2026-01-11 16:05:24.291737 INFO::Fitting model to feature number 750, MGYG000326888
2026-01-11 16:05:24.297101 INFO::Fitting model to feature number 751, Enterenecus sp910585155
2026-01-11 16:05:24.30226 INFO::Fitting model to feature number 752, MGYG000331159
2026-01-11 16:05:24.307937 INFO::Fitting model to feature number 753, Enterenecus sp910579595
2026-01-11 16:05:24.31358 INFO::Fitting model to feature number 754, MGYG000410353
2026-01-11 16:05:24.318553 INFO::Fitting model to feature number 755, Enterenecus sp910577525
2026-01-11 16:05:24.324433 INFO::Fitting model to feature number 756, Enterenecus sp910587395
2026-01-11 16:05:24.330454 INFO::Fitting model to feature number 757, MGYG000328307
2026-01-11 16:05:24.337229 INFO::Fitting model to feature number 758, Enterenecus sp910587255
2026-01-11 16:05:24.345356 INFO::Fitting model to feature number 759, Enterenecus sp910588105
2026-01-11 16:05:24.351208 INFO::Fitting model to feature number 760, MGYG000410945
2026-01-11 16:05:24.359174 INFO::Fitting model to feature number 761, Enterenecus sp910579155
2026-01-11 16:05:24.364935 INFO::Fitting model to feature number 762, MGYG000322966
2026-01-11 16:05:24.370472 INFO::Fitting model to feature number 763, MGYG000410761
2026-01-11 16:05:24.377667 INFO::Fitting model to feature number 764, Enterenecus sp910587205
2026-01-11 16:05:24.382823 INFO::Fitting model to feature number 765, MGYG000410914
2026-01-11 16:05:24.388035 INFO::Fitting model to feature number 766, Enterenecus sp910584285
2026-01-11 16:05:24.394583 INFO::Fitting model to feature number 767, MGYG000327286
2026-01-11 16:05:24.39992 INFO::Fitting model to feature number 768, Enterenecus sp910585265
2026-01-11 16:05:24.405377 INFO::Fitting model to feature number 769, Enterenecus sp910584835
2026-01-11 16:05:24.412423 INFO::Fitting model to feature number 770, Enterenecus sp910588135
2026-01-11 16:05:24.41865 INFO::Fitting model to feature number 771, MGYG000329348
2026-01-11 16:05:24.425695 INFO::Fitting model to feature number 772, MGYG000325584
2026-01-11 16:05:24.433799 INFO::Fitting model to feature number 773, MGYG000410874
2026-01-11 16:05:24.442432 INFO::Fitting model to feature number 774, MGYG000360698
2026-01-11 16:05:24.450521 INFO::Fitting model to feature number 775, Lawsonibacter sp003612335
2026-01-11 16:05:24.459207 INFO::Fitting model to feature number 776, Lawsonibacter sp910585815
2026-01-11 16:05:24.466009 INFO::Fitting model to feature number 777, Lawsonibacter sp910584605
2026-01-11 16:05:24.471907 INFO::Fitting model to feature number 778, Lawsonibacter sp910575265
2026-01-11 16:05:24.478579 INFO::Fitting model to feature number 779, MGYG000432202
2026-01-11 16:05:24.484305 INFO::Fitting model to feature number 780, Lawsonibacter sp022799835
2026-01-11 16:05:24.490996 INFO::Fitting model to feature number 781, MGYG000433528
2026-01-11 16:05:24.49723 INFO::Fitting model to feature number 782, Lawsonibacter sp022794495
2026-01-11 16:05:24.503925 INFO::Fitting model to feature number 783, MGYG000410681
2026-01-11 16:05:24.51092 INFO::Fitting model to feature number 784, Lawsonibacter sp910578735
2026-01-11 16:05:24.518283 INFO::Fitting model to feature number 785, MGYG000325175
2026-01-11 16:05:24.526952 INFO::Fitting model to feature number 786, Lawsonibacter sp022801435
2026-01-11 16:05:24.536506 INFO::Fitting model to feature number 787, Lawsonibacter sp009911645
2026-01-11 16:05:24.545509 INFO::Fitting model to feature number 788, Lawsonibacter sp943192995
2026-01-11 16:05:24.552998 INFO::Fitting model to feature number 789, MGYG000329509
2026-01-11 16:05:24.56107 INFO::Fitting model to feature number 790, Lawsonibacter sp022798855
2026-01-11 16:05:24.568129 INFO::Fitting model to feature number 791, Lawsonibacter sp910588455
2026-01-11 16:05:24.574637 INFO::Fitting model to feature number 792, Lawsonibacter sp910589085
2026-01-11 16:05:24.584334 INFO::Fitting model to feature number 793, Lawsonibacter sp022793355
2026-01-11 16:05:24.594208 INFO::Fitting model to feature number 794, MGYG000328991
2026-01-11 16:05:24.603214 INFO::Fitting model to feature number 795, Lawsonibacter sp022795855
2026-01-11 16:05:24.611292 INFO::Fitting model to feature number 796, Lawsonibacter sp022791995
2026-01-11 16:05:24.619056 INFO::Fitting model to feature number 797, MGYG000323117
2026-01-11 16:05:24.627693 INFO::Fitting model to feature number 798, Lawsonibacter sp000492175
2026-01-11 16:05:24.637308 INFO::Fitting model to feature number 799, MGYG000324476
2026-01-11 16:05:24.645114 INFO::Fitting model to feature number 800, MGYG000411366
2026-01-11 16:05:24.653677 INFO::Fitting model to feature number 801, MGYG000345714
2026-01-11 16:05:24.662454 INFO::Fitting model to feature number 802, MGYG000329989
2026-01-11 16:05:24.670437 INFO::Fitting model to feature number 803, Lawsonibacter sp910577805
2026-01-11 16:05:24.680596 INFO::Fitting model to feature number 804, MGYG000410703
2026-01-11 16:05:24.688038 INFO::Fitting model to feature number 805, MGYG000329873
2026-01-11 16:05:24.695487 INFO::Fitting model to feature number 806, Lawsonibacter sp022796195
2026-01-11 16:05:24.702759 INFO::Fitting model to feature number 807, MGYG000411569
2026-01-11 16:05:24.712385 INFO::Fitting model to feature number 808, MGYG000327081
2026-01-11 16:05:24.71827 INFO::Fitting model to feature number 809, Dysosmobacter sp009774015
2026-01-11 16:05:24.725666 INFO::Fitting model to feature number 810, Dysosmobacter sp910583785
2026-01-11 16:05:24.731727 INFO::Fitting model to feature number 811, Dysosmobacter sp910575815
2026-01-11 16:05:24.738397 INFO::Fitting model to feature number 812, Dysosmobacter sp910579365
2026-01-11 16:05:24.74565 INFO::Fitting model to feature number 813, Dysosmobacter sp910587705
2026-01-11 16:05:24.753955 INFO::Fitting model to feature number 814, Dysosmobacter sp910586735
2026-01-11 16:05:24.76256 INFO::Fitting model to feature number 815, Dysosmobacter sp910585385
2026-01-11 16:05:24.771836 INFO::Fitting model to feature number 816, Dysosmobacter sp022791875
2026-01-11 16:05:24.77935 INFO::Fitting model to feature number 817, Dysosmobacter sp910583695
2026-01-11 16:05:24.788032 INFO::Fitting model to feature number 818, Dysosmobacter sp000403435
2026-01-11 16:05:24.796571 INFO::Fitting model to feature number 819, Dysosmobacter sp022791135
2026-01-11 16:05:24.802847 INFO::Fitting model to feature number 820, Dysosmobacter sp910588175
2026-01-11 16:05:24.810703 INFO::Fitting model to feature number 821, Dysosmobacter sp022795445
2026-01-11 16:05:24.819857 INFO::Fitting model to feature number 822, Dysosmobacter sp910575505
2026-01-11 16:05:24.827867 INFO::Fitting model to feature number 823, Dysosmobacter sp009773995
2026-01-11 16:05:24.834547 INFO::Fitting model to feature number 824, Dysosmobacter sp022801815
2026-01-11 16:05:24.843615 INFO::Fitting model to feature number 825, Dysosmobacter sp910577405
2026-01-11 16:05:24.855284 INFO::Fitting model to feature number 826, Dysosmobacter sp910578935
2026-01-11 16:05:24.863215 INFO::Fitting model to feature number 827, Dysosmobacter sp910576865
2026-01-11 16:05:24.87029 INFO::Fitting model to feature number 828, MGYG000330291
2026-01-11 16:05:24.879083 INFO::Fitting model to feature number 829, MGYG000409008
2026-01-11 16:05:24.887705 INFO::Fitting model to feature number 830, Dysosmobacter sp910589315
2026-01-11 16:05:24.897203 INFO::Fitting model to feature number 831, Dysosmobacter sp910587525
2026-01-11 16:05:24.903944 INFO::Fitting model to feature number 832, Dysosmobacter sp910587875
2026-01-11 16:05:24.911016 INFO::Fitting model to feature number 833, Dysosmobacter sp910584995
2026-01-11 16:05:24.91693 INFO::Fitting model to feature number 834, Dysosmobacter sp910579435
2026-01-11 16:05:24.922855 INFO::Fitting model to feature number 835, MGYG000411389
2026-01-11 16:05:24.929865 INFO::Fitting model to feature number 836, MGYG000325877
2026-01-11 16:05:24.938572 INFO::Fitting model to feature number 837, Dysosmobacter sp910584075
2026-01-11 16:05:24.945487 INFO::Fitting model to feature number 838, Dysosmobacter sp910585245
2026-01-11 16:05:24.951349 INFO::Fitting model to feature number 839, MGYG000373829
2026-01-11 16:05:24.956837 INFO::Fitting model to feature number 840, Dysosmobacter sp910584465
2026-01-11 16:05:24.964528 INFO::Fitting model to feature number 841, MGYG000330443
2026-01-11 16:05:24.970969 INFO::Fitting model to feature number 842, MGYG000326793
2026-01-11 16:05:24.976939 INFO::Fitting model to feature number 843, Dysosmobacter sp910576845
2026-01-11 16:05:24.982395 INFO::Fitting model to feature number 844, MGYG000329180
2026-01-11 16:05:24.987468 INFO::Fitting model to feature number 845, Pelethomonas sp910578505
2026-01-11 16:05:24.9934 INFO::Fitting model to feature number 846, Pelethomonas sp910579965
2026-01-11 16:05:25.000417 INFO::Fitting model to feature number 847, Pelethomonas sp910579485
2026-01-11 16:05:25.006608 INFO::Fitting model to feature number 848, Pelethomonas sp910587785
2026-01-11 16:05:25.012938 INFO::Fitting model to feature number 849, Pelethomonas sp022800665
2026-01-11 16:05:25.020219 INFO::Fitting model to feature number 850, Pelethomonas sp009774055
2026-01-11 16:05:25.026236 INFO::Fitting model to feature number 851, Pelethomonas sp022804995
2026-01-11 16:05:25.032226 INFO::Fitting model to feature number 852, Pelethomonas sp014237695
2026-01-11 16:05:25.038858 INFO::Fitting model to feature number 853, Pelethomonas sp022795905
2026-01-11 16:05:25.045235 INFO::Fitting model to feature number 854, MGYG000326866
2026-01-11 16:05:25.05149 INFO::Fitting model to feature number 855, Pelethomonas sp910583885
2026-01-11 16:05:25.059617 INFO::Fitting model to feature number 856, Pelethomonas sp910588365
2026-01-11 16:05:25.06578 INFO::Fitting model to feature number 857, MGYG000410776
2026-01-11 16:05:25.072506 INFO::Fitting model to feature number 858, Pelethomonas sp910587645
2026-01-11 16:05:25.079193 INFO::Fitting model to feature number 859, Pelethomonas sp022800525
2026-01-11 16:05:25.086006 INFO::Fitting model to feature number 860, Pelethomonas sp910588045
2026-01-11 16:05:25.09253 INFO::Fitting model to feature number 861, MGYG000325557
2026-01-11 16:05:25.098524 INFO::Fitting model to feature number 862, Pelethomonas sp910579725
2026-01-11 16:05:25.103996 INFO::Fitting model to feature number 863, Pelethomonas sp910577915
2026-01-11 16:05:25.111671 INFO::Fitting model to feature number 864, Pelethomonas sp910587505
2026-01-11 16:05:25.117955 INFO::Fitting model to feature number 865, MGYG000325617
2026-01-11 16:05:25.125015 INFO::Fitting model to feature number 866, Evtepia sp910584805
2026-01-11 16:05:25.130874 INFO::Fitting model to feature number 867, Evtepia sp022792035
2026-01-11 16:05:25.136052 INFO::Fitting model to feature number 868, Evtepia sp910578575
2026-01-11 16:05:25.141537 INFO::Fitting model to feature number 869, Marseille-P3106 sp022799035
2026-01-11 16:05:25.14702 INFO::Fitting model to feature number 870, Marseille-P3106 sp910587345
2026-01-11 16:05:25.151934 INFO::Fitting model to feature number 871, Marseille-P3106 sp910588975
2026-01-11 16:05:25.157511 INFO::Fitting model to feature number 872, MGYG000410458
2026-01-11 16:05:25.163944 INFO::Fitting model to feature number 873, Marseille-P3106 sp910585735
2026-01-11 16:05:25.169653 INFO::Fitting model to feature number 874, Marseille-P3106 sp022792495
2026-01-11 16:05:25.176095 INFO::Fitting model to feature number 875, Marseille-P3106 sp022794215
2026-01-11 16:05:25.18214 INFO::Fitting model to feature number 876, Marseille-P3106 sp022800215
2026-01-11 16:05:25.188178 INFO::Fitting model to feature number 877, MGYG000326975
2026-01-11 16:05:25.195617 INFO::Fitting model to feature number 878, NSJ-51 sp910585415
2026-01-11 16:05:25.20225 INFO::Fitting model to feature number 879, MGYG000326314
2026-01-11 16:05:25.211827 INFO::Fitting model to feature number 880, MGYG000325278
2026-01-11 16:05:25.221666 INFO::Fitting model to feature number 881, CAJFPI01 sp022801715
2026-01-11 16:05:25.229185 INFO::Fitting model to feature number 882, MGYG000327336
2026-01-11 16:05:25.235153 INFO::Fitting model to feature number 883, MGYG000328896
2026-01-11 16:05:25.241643 INFO::Fitting model to feature number 884, MGYG000329428
2026-01-11 16:05:25.247629 INFO::Fitting model to feature number 885, MGYG000329835
2026-01-11 16:05:25.253233 INFO::Fitting model to feature number 886, MGYG000410456
2026-01-11 16:05:25.261364 INFO::Fitting model to feature number 887, CAKUEI01 sp022793685
2026-01-11 16:05:25.269505 INFO::Fitting model to feature number 888, Avoscillospira_A sp022792945
2026-01-11 16:05:25.27786 INFO::Fitting model to feature number 889, JAAWCD01 sp022793095
2026-01-11 16:05:25.286045 INFO::Fitting model to feature number 890, Acutalibacter sp910588935
2026-01-11 16:05:25.294608 INFO::Fitting model to feature number 891, Acutalibacter sp009936035
2026-01-11 16:05:25.30329 INFO::Fitting model to feature number 892, Acutalibacter sp910589395
2026-01-11 16:05:25.311718 INFO::Fitting model to feature number 893, Acutalibacter sp910574935
2026-01-11 16:05:25.319628 INFO::Fitting model to feature number 894, Acutalibacter sp009917445
2026-01-11 16:05:25.32733 INFO::Fitting model to feature number 895, Acutalibacter muris
2026-01-11 16:05:25.334679 INFO::Fitting model to feature number 896, Acutalibacter sp910587835
2026-01-11 16:05:25.341039 INFO::Fitting model to feature number 897, MGYG000406378
2026-01-11 16:05:25.347157 INFO::Fitting model to feature number 898, Acutalibacter sp009917525
2026-01-11 16:05:25.353155 INFO::Fitting model to feature number 899, MGYG000328916
2026-01-11 16:05:25.35934 INFO::Fitting model to feature number 900, Acutalibacter sp910574995
2026-01-11 16:05:25.365714 INFO::Fitting model to feature number 901, Acutalibacter sp910580045
2026-01-11 16:05:25.371296 INFO::Fitting model to feature number 902, Acutalibacter sp003612555
2026-01-11 16:05:25.377654 INFO::Fitting model to feature number 903, Acutalibacter sp910587995
2026-01-11 16:05:25.383116 INFO::Fitting model to feature number 904, Acutalibacter sp910588415
2026-01-11 16:05:25.389032 INFO::Fitting model to feature number 905, Acutalibacter sp910584745
2026-01-11 16:05:25.395864 INFO::Fitting model to feature number 906, MGYG000330157
2026-01-11 16:05:25.401358 INFO::Fitting model to feature number 907, MGYG000331301
2026-01-11 16:05:25.407087 INFO::Fitting model to feature number 908, MGYG000410931
2026-01-11 16:05:25.41354 INFO::Fitting model to feature number 909, MGYG000328573
2026-01-11 16:05:25.419268 INFO::Fitting model to feature number 910, Acutalibacter stercorigallinarum
2026-01-11 16:05:25.425832 INFO::Fitting model to feature number 911, Eubacterium_R sp011958665
2026-01-11 16:05:25.432209 INFO::Fitting model to feature number 912, MGYG000337810
2026-01-11 16:05:25.437581 INFO::Fitting model to feature number 913, MGYG000379997
2026-01-11 16:05:25.443846 INFO::Fitting model to feature number 914, MGYG000351739
2026-01-11 16:05:25.449697 INFO::Fitting model to feature number 915, MGYG000410251
2026-01-11 16:05:25.455323 INFO::Fitting model to feature number 916, MGYG000373138
2026-01-11 16:05:25.462589 INFO::Fitting model to feature number 917, MGYG000327182
2026-01-11 16:05:25.468083 INFO::Fitting model to feature number 918, Ruthenibacterium sp013316265
2026-01-11 16:05:25.473488 INFO::Fitting model to feature number 919, Ruminococcus sp910584195
2026-01-11 16:05:25.481683 INFO::Fitting model to feature number 920, Angelakisella sp910585525
2026-01-11 16:05:25.491097 INFO::Fitting model to feature number 921, Angelakisella sp022795575
2026-01-11 16:05:25.500921 INFO::Fitting model to feature number 922, Angelakisella sp910585535
2026-01-11 16:05:25.508096 INFO::Fitting model to feature number 923, Angelakisella sp013316495
2026-01-11 16:05:25.516483 INFO::Fitting model to feature number 924, Ruminiclostridium_E sp910588335
2026-01-11 16:05:25.525604 INFO::Fitting model to feature number 925, MGYG000410125
2026-01-11 16:05:25.534753 INFO::Fitting model to feature number 926, Ruminiclostridium_E sp910585505
2026-01-11 16:05:25.544066 INFO::Fitting model to feature number 927, UBA1405 sp022800935
2026-01-11 16:05:25.552745 INFO::Fitting model to feature number 928, MGYG000331296
2026-01-11 16:05:25.559149 INFO::Fitting model to feature number 929, MGYG000410015
2026-01-11 16:05:25.566006 INFO::Fitting model to feature number 930, UBA1394 sp910588145
2026-01-11 16:05:25.571662 INFO::Fitting model to feature number 931, Anaerotruncus sp000403395
2026-01-11 16:05:25.5783 INFO::Fitting model to feature number 932, Anaerotruncus sp003612625
2026-01-11 16:05:25.585804 INFO::Fitting model to feature number 933, Anaerotruncus colihominis_A
2026-01-11 16:05:25.593106 INFO::Fitting model to feature number 934, Anaerotruncus sp910586875
2026-01-11 16:05:25.599527 INFO::Fitting model to feature number 935, MGYG000410574
2026-01-11 16:05:25.605702 INFO::Fitting model to feature number 936, UBA3818 sp910583935
2026-01-11 16:05:25.609976 WARNING::Fitting problem for feature 936 returning NA
2026-01-11 16:05:25.613409 INFO::Fitting model to feature number 937, JAAVYW01 sp022791315
2026-01-11 16:05:25.620651 INFO::Fitting model to feature number 938, Faecivivens sp022793675
2026-01-11 16:05:25.62954 INFO::Fitting model to feature number 939, RGIG8773 sp910584715
2026-01-11 16:05:25.637638 INFO::Fitting model to feature number 940, QXXE01 sp009911355
2026-01-11 16:05:25.645434 INFO::Fitting model to feature number 941, QXXE01 sp910586575
2026-01-11 16:05:25.653574 INFO::Fitting model to feature number 942, MGYG000327912
2026-01-11 16:05:25.660531 INFO::Fitting model to feature number 943, Butyricicoccus sp910584935
2026-01-11 16:05:25.666182 INFO::Fitting model to feature number 944, Pseudobutyricicoccus sp910579575
2026-01-11 16:05:25.671396 INFO::Fitting model to feature number 945, MGYG000349368
2026-01-11 16:05:25.678158 INFO::Fitting model to feature number 946, Avispirillum sp011957885
2026-01-11 16:05:25.683647 INFO::Fitting model to feature number 947, MGYG000401352
2026-01-11 16:05:25.689408 INFO::Fitting model to feature number 948, Zhenpiania sp009911365
2026-01-11 16:05:25.696281 INFO::Fitting model to feature number 949, Zhenpiania sp910575405
2026-01-11 16:05:25.703316 INFO::Fitting model to feature number 950, Emergencia sp009936045
2026-01-11 16:05:25.712548 INFO::Fitting model to feature number 951, JAAVYD01 sp022790955
2026-01-11 16:05:25.721951 INFO::Fitting model to feature number 952, Fimisoma sp910588185
2026-01-11 16:05:25.730813 INFO::Fitting model to feature number 953, MGYG000410140
2026-01-11 16:05:25.738152 INFO::Fitting model to feature number 954, MGYG000323026
2026-01-11 16:05:25.745506 INFO::Fitting model to feature number 955, Coproplasma sp910579525
2026-01-11 16:05:25.751221 INFO::Fitting model to feature number 956, Coproplasma sp003979335
2026-01-11 16:05:25.75702 INFO::Fitting model to feature number 957, Coproplasma sp013316055
2026-01-11 16:05:25.763773 INFO::Fitting model to feature number 958, Coproplasma sp910577375
2026-01-11 16:05:25.770845 INFO::Fitting model to feature number 959, Coproplasma sp910586065
2026-01-11 16:05:25.77812 INFO::Fitting model to feature number 960, MGYG000328913
2026-01-11 16:05:25.785686 INFO::Fitting model to feature number 961, Coproplasma stercorigallinarum
2026-01-11 16:05:25.792873 INFO::Fitting model to feature number 962, MGBC120929 sp910583735
2026-01-11 16:05:25.800373 INFO::Fitting model to feature number 963, RACS-045 sp910579785
2026-01-11 16:05:25.808351 INFO::Fitting model to feature number 964, QANA01 sp910588425
2026-01-11 16:05:25.816631 INFO::Fitting model to feature number 965, MGYG000324257
2026-01-11 16:05:25.822259 INFO::Fitting model to feature number 966, HGM11386 sp022791055
2026-01-11 16:05:25.831784 INFO::Fitting model to feature number 967, RACS-047 sp013316045
2026-01-11 16:05:25.835472 WARNING::Fitting problem for feature 967 returning NA
2026-01-11 16:05:25.838017 INFO::Fitting model to feature number 968, CAG-475 sp910577815
2026-01-11 16:05:25.844643 INFO::Fitting model to feature number 969, MGYG000328446
2026-01-11 16:05:25.847917 WARNING::Fitting problem for feature 969 returning NA
2026-01-11 16:05:25.850407 INFO::Fitting model to feature number 970, Caccovivens sp910587225
2026-01-11 16:05:25.856455 INFO::Fitting model to feature number 971, CAG-41 sp910578235
2026-01-11 16:05:25.860293 WARNING::Fitting problem for feature 971 returning NA
2026-01-11 16:05:25.863432 INFO::Fitting model to feature number 972, MGYG000410260
2026-01-11 16:05:25.869097 INFO::Fitting model to feature number 973, MGYG000335786
2026-01-11 16:05:25.875573 INFO::Fitting model to feature number 974, MGYG000349464
2026-01-11 16:05:25.879082 WARNING::Fitting problem for feature 974 returning NA
2026-01-11 16:05:25.882689 INFO::Fitting model to feature number 975, CAG-269 sp022792395
2026-01-11 16:05:25.890108 INFO::Fitting model to feature number 976, MGYG000328872
2026-01-11 16:05:25.894742 WARNING::Fitting problem for feature 976 returning NA
2026-01-11 16:05:25.89773 INFO::Fitting model to feature number 977, MGYG000327552
2026-01-11 16:05:25.906877 INFO::Fitting model to feature number 978, RGIG8482 sp022796855
2026-01-11 16:05:25.916037 INFO::Fitting model to feature number 979, JAAWPK01 sp022791735
2026-01-11 16:05:25.923918 INFO::Fitting model to feature number 980, MGYG000375192
2026-01-11 16:05:25.933049 INFO::Fitting model to feature number 981, MGYG000323824
2026-01-11 16:05:25.937369 WARNING::Fitting problem for feature 981 returning NA
2026-01-11 16:05:25.94084 INFO::Fitting model to feature number 982, Akkermansia muciniphila_B
2026-01-11 16:05:25.94996 INFO::Fitting model to feature number 983, Akkermansia sp001580195
2026-01-11 16:05:25.957843 INFO::Fitting model to feature number 984, Parasutterella sp009767915
2026-01-11 16:05:25.96514 INFO::Fitting model to feature number 985, Turicimonas muris
2026-01-11 16:05:25.9705 INFO::Fitting model to feature number 986, MGYG000326933
2026-01-11 16:05:25.976754 INFO::Fitting model to feature number 987, Enterobacter hormaechei_A
2026-01-11 16:05:25.982593 INFO::Fitting model to feature number 988, Methylobacterium persicinum
2026-01-11 16:05:25.988105 INFO::Fitting model to feature number 989, MGYG000329730
2026-01-11 16:05:25.994944 INFO::Fitting model to feature number 990, MGYG000360301
2026-01-11 16:05:26.000624 INFO::Fitting model to feature number 991, Enterousia sp013316395
2026-01-11 16:05:26.006105 INFO::Fitting model to feature number 992, MGYG000410936
2026-01-11 16:05:26.012499 INFO::Fitting model to feature number 993, Scatocola sp910577205
2026-01-11 16:05:26.018183 INFO::Fitting model to feature number 994, MGYG000327352
2026-01-11 16:05:26.051377 INFO::Fitting model to feature number 995, MGBC118957 sp910584385
2026-01-11 16:05:26.057014 INFO::Fitting model to feature number 996, MGYG000391024
2026-01-11 16:05:26.063352 INFO::Fitting model to feature number 997, MGYG000323059
2026-01-11 16:05:26.068654 INFO::Fitting model to feature number 998, MGYG000328709
2026-01-11 16:05:26.074555 INFO::Fitting model to feature number 999, MGYG000411523
2026-01-11 16:05:26.080435 INFO::Fitting model to feature number 1000, MGYG000331169
2026-01-11 16:05:26.085829 INFO::Fitting model to feature number 1001, Nanosyncoccus sp003979185
2026-01-11 16:05:26.091805 INFO::Fitting model to feature number 1002, MGYG000344322
2026-01-11 16:05:26.099513 INFO::Fitting model to feature number 1003, Nanosyncoccus sp013316435
2026-01-11 16:05:26.106522 INFO::Fitting model to feature number 1004, MGYG000348936
2026-01-11 16:05:26.114755 INFO::Fitting model to feature number 1005, MGYG000341210
2026-01-11 16:05:26.122124 INFO::Fitting model to feature number 1006, MGYG000331839
2026-01-11 16:05:26.130365 INFO::Fitting model to feature number 1007, MGYG000328091
2026-01-11 16:05:26.138105 INFO::Fitting model to feature number 1008, Avidehalobacter sp022797295
2026-01-11 16:05:26.147321 INFO::Fitting model to feature number 1009, Avidehalobacter sp021771915
2026-01-11 16:05:26.155334 INFO::Fitting model to feature number 1010, MGYG000410378
2026-01-11 16:05:26.163463 INFO::Fitting model to feature number 1011, MGYG000411020
2026-01-11 16:05:26.170996 INFO::Fitting model to feature number 1012, MGBC122484 sp910587245
2026-01-11 16:05:26.180421 INFO::Fitting model to feature number 1013, MGBC122484 sp910586855
2026-01-11 16:05:26.186513 INFO::Fitting model to feature number 1014, MGBC122484 sp910578465
2026-01-11 16:05:26.194689 INFO::Fitting model to feature number 1015, MGBC122484 sp910587815
2026-01-11 16:05:26.198107 WARNING::Fitting problem for feature 1015 returning NA
2026-01-11 16:05:26.201775 INFO::Fitting model to feature number 1016, Megamonas funiformis
2026-01-11 16:05:26.211032 INFO::Fitting model to feature number 1017, MGYG000325548
2026-01-11 16:05:26.22051 INFO::Fitting model to feature number 1018, MGYG000331077
2026-01-11 16:05:26.230639 INFO::Fitting model to feature number 1019, MGYG000324324
2026-01-11 16:05:26.240207 INFO::Fitting model to feature number 1020, MGYG000333766
2026-01-11 16:05:26.24902 INFO::Fitting model to feature number 1021, UBA3282 sp910578115
2026-01-11 16:05:26.256995 INFO::Fitting model to feature number 1022, Anaerostipes hominis
2026-01-11 16:05:26.262622 INFO::Fitting model to feature number 1023, Bacteroides thetaiotaomicron
2026-01-11 16:05:26.270783 INFO::Fitting model to feature number 1024, C-19 sp910576345
2026-01-11 16:05:26.277668 INFO::Fitting model to feature number 1025, MGYG000410493
2026-01-11 16:05:26.280901 WARNING::Fitting problem for feature 1025 returning NA
2026-01-11 16:05:26.283201 INFO::Fitting model to feature number 1026, Allobaculum sp910579655
2026-01-11 16:05:26.288726 INFO::Fitting model to feature number 1027, MGBC163490 sp910588075
2026-01-11 16:05:26.29546 INFO::Fitting model to feature number 1028, Limosilactobacillus urinaemulieris
2026-01-11 16:05:26.301332 INFO::Fitting model to feature number 1029, Lactiplantibacillus plantarum
2026-01-11 16:05:26.306986 INFO::Fitting model to feature number 1030, Enterococcus_D gallinarum
2026-01-11 16:05:26.313828 INFO::Fitting model to feature number 1031, Granulicatella adiacens
2026-01-11 16:05:26.320348 INFO::Fitting model to feature number 1032, Scybalousia sp910584255
2026-01-11 16:05:26.329193 INFO::Fitting model to feature number 1033, MGYG000325543
2026-01-11 16:05:26.336356 INFO::Fitting model to feature number 1034, Paratractidigestivibacter sp003150175
2026-01-11 16:05:26.344011 INFO::Fitting model to feature number 1035, Collinsella stercoris
2026-01-11 16:05:26.352741 INFO::Fitting model to feature number 1036, Collinsella sp900545445
2026-01-11 16:05:26.360959 INFO::Fitting model to feature number 1037, Collinsella sp002232035
2026-01-11 16:05:26.369446 INFO::Fitting model to feature number 1038, MGYG000330890
2026-01-11 16:05:26.378056 INFO::Fitting model to feature number 1039, Cutibacterium acnes
2026-01-11 16:05:26.386214 INFO::Fitting model to feature number 1040, MGYG000325467
2026-01-11 16:05:26.394672 INFO::Fitting model to feature number 1041, MGYG000325647
2026-01-11 16:05:26.401338 INFO::Fitting model to feature number 1042, MGYG000325468
2026-01-11 16:05:26.408008 INFO::Fitting model to feature number 1043, MGYG000325561
2026-01-11 16:05:26.414731 INFO::Fitting model to feature number 1044, CAG-873 sp014801485
2026-01-11 16:05:26.421239 INFO::Fitting model to feature number 1045, MGYG000325408
2026-01-11 16:05:26.428001 INFO::Fitting model to feature number 1046, CAG-873 sp910579605
2026-01-11 16:05:26.43519 INFO::Fitting model to feature number 1047, CAG-485 sp014802175
2026-01-11 16:05:26.440525 INFO::Fitting model to feature number 1048, CAG-485 sp014801875
2026-01-11 16:05:26.448113 INFO::Fitting model to feature number 1049, CAG-485 sp014803765
2026-01-11 16:05:26.453873 INFO::Fitting model to feature number 1050, MGYG000325797
2026-01-11 16:05:26.46148 INFO::Fitting model to feature number 1051, MGYG000325348
2026-01-11 16:05:26.467109 INFO::Fitting model to feature number 1052, MGYG000325391
2026-01-11 16:05:26.471867 INFO::Fitting model to feature number 1053, MGYG000325606
2026-01-11 16:05:26.477555 INFO::Fitting model to feature number 1054, MGYG000325480
2026-01-11 16:05:26.482761 INFO::Fitting model to feature number 1055, CAG-485 sp014800535
2026-01-11 16:05:26.487942 INFO::Fitting model to feature number 1056, CAG-485 sp014801585
2026-01-11 16:05:26.493791 INFO::Fitting model to feature number 1057, MGYG000325583
2026-01-11 16:05:26.498967 INFO::Fitting model to feature number 1058, MGYG000325430
2026-01-11 16:05:26.503907 INFO::Fitting model to feature number 1059, MGYG000325719
2026-01-11 16:05:26.5093 INFO::Fitting model to feature number 1060, MGYG000325338
2026-01-11 16:05:26.51633 INFO::Fitting model to feature number 1061, MGYG000325306
2026-01-11 16:05:26.521678 INFO::Fitting model to feature number 1062, MGYG000325603
2026-01-11 16:05:26.529012 INFO::Fitting model to feature number 1063, UBA3263 sp014802435
2026-01-11 16:05:26.53347 INFO::Fitting model to feature number 1064, MGYG000325316
2026-01-11 16:05:26.538706 INFO::Fitting model to feature number 1065, MGYG000325659
2026-01-11 16:05:26.545661 INFO::Fitting model to feature number 1066, MGYG000325628
2026-01-11 16:05:26.554892 INFO::Fitting model to feature number 1067, MGYG000325657
2026-01-11 16:05:26.563134 INFO::Fitting model to feature number 1068, MGYG000325523
2026-01-11 16:05:26.569069 INFO::Fitting model to feature number 1069, MGYG000325354
2026-01-11 16:05:26.577759 INFO::Fitting model to feature number 1070, MGYG000325392
2026-01-11 16:05:26.584901 INFO::Fitting model to feature number 1071, JAAVFS01 sp014802385
2026-01-11 16:05:26.592715 INFO::Fitting model to feature number 1072, MGYG000327349
2026-01-11 16:05:26.600244 INFO::Fitting model to feature number 1073, Parabacteroides johnsonii
2026-01-11 16:05:26.60701 INFO::Fitting model to feature number 1074, Parabacteroides sp910577325
2026-01-11 16:05:26.615525 INFO::Fitting model to feature number 1075, Bacteroides faecis
2026-01-11 16:05:26.621088 INFO::Fitting model to feature number 1076, Bacteroides bouchesdurhonensis
2026-01-11 16:05:26.628703 INFO::Fitting model to feature number 1077, Bacteroides ovatus
2026-01-11 16:05:26.636017 INFO::Fitting model to feature number 1078, Bacteroides caccae
2026-01-11 16:05:26.644889 INFO::Fitting model to feature number 1079, MGYG000325504
2026-01-11 16:05:26.651095 INFO::Fitting model to feature number 1080, Bacteroides salyersiae
2026-01-11 16:05:26.658846 INFO::Fitting model to feature number 1081, Bacteroides stercorirosoris
2026-01-11 16:05:26.665479 INFO::Fitting model to feature number 1082, MGYG000325502
2026-01-11 16:05:26.671067 INFO::Fitting model to feature number 1083, Prevotella pectinovora
2026-01-11 16:05:26.677511 INFO::Fitting model to feature number 1084, MGYG000325596
2026-01-11 16:05:26.683383 INFO::Fitting model to feature number 1085, Tidjanibacter sp910577285
2026-01-11 16:05:26.689003 INFO::Fitting model to feature number 1086, Odoribacter sp910588375
2026-01-11 16:05:26.695897 INFO::Fitting model to feature number 1087, Odoribacter sp910578985
2026-01-11 16:05:26.702279 INFO::Fitting model to feature number 1088, Odoribacter sp009935865
2026-01-11 16:05:26.711193 INFO::Fitting model to feature number 1089, Cryptobacteroides sp000431015
2026-01-11 16:05:26.719445 INFO::Fitting model to feature number 1090, Pullibacteroides sp910578275
2026-01-11 16:05:26.727273 INFO::Fitting model to feature number 1091, MGYG000376875
2026-01-11 16:05:26.736133 INFO::Fitting model to feature number 1092, MGYG000410984
2026-01-11 16:05:26.744495 INFO::Fitting model to feature number 1093, MGYG000329711
2026-01-11 16:05:26.751932 INFO::Fitting model to feature number 1094, Sporofaciens sp910584575
2026-01-11 16:05:26.759504 INFO::Fitting model to feature number 1095, Sporofaciens sp011960625
2026-01-11 16:05:26.767656 INFO::Fitting model to feature number 1096, MD308 sp910579335
2026-01-11 16:05:26.776119 INFO::Fitting model to feature number 1097, 14-2 sp910585625
2026-01-11 16:05:26.785014 INFO::Fitting model to feature number 1098, 14-2 sp910585895
2026-01-11 16:05:26.794081 INFO::Fitting model to feature number 1099, 14-2 sp004793545
2026-01-11 16:05:26.802521 INFO::Fitting model to feature number 1100, 14-2 sp910580195
2026-01-11 16:05:26.810765 INFO::Fitting model to feature number 1101, 14-2 sp910580015
2026-01-11 16:05:26.817977 INFO::Fitting model to feature number 1102, 14-2 sp910585395
2026-01-11 16:05:26.821975 INFO::Fitting model to feature number 1103, 14-2 sp910587895
2026-01-11 16:05:26.829748 INFO::Fitting model to feature number 1104, MGYG000327388
2026-01-11 16:05:26.834929 INFO::Fitting model to feature number 1105, MGYG000410811
2026-01-11 16:05:26.840355 INFO::Fitting model to feature number 1106, MGYG000352925
2026-01-11 16:05:26.846684 INFO::Fitting model to feature number 1107, MGYG000331207
2026-01-11 16:05:26.849727 WARNING::Fitting problem for feature 1107 returning NA
2026-01-11 16:05:26.85206 INFO::Fitting model to feature number 1108, MGYG000328397
2026-01-11 16:05:26.858835 INFO::Fitting model to feature number 1109, 14-2 sp910588965
2026-01-11 16:05:26.864963 INFO::Fitting model to feature number 1110, 14-2 sp910586005
2026-01-11 16:05:26.868006 WARNING::Fitting problem for feature 1110 returning NA
2026-01-11 16:05:26.870456 INFO::Fitting model to feature number 1111, Ventrimonas sp910588875
2026-01-11 16:05:26.876723 INFO::Fitting model to feature number 1112, Ventrimonas sp910586205
2026-01-11 16:05:26.882682 INFO::Fitting model to feature number 1113, Ventrimonas sp910588125
2026-01-11 16:05:26.888393 INFO::Fitting model to feature number 1114, MGYG000329105
2026-01-11 16:05:26.895065 INFO::Fitting model to feature number 1115, Ventrimonas sp022794255
2026-01-11 16:05:26.898573 INFO::Fitting model to feature number 1116, MGYG000432287
2026-01-11 16:05:26.903302 INFO::Fitting model to feature number 1117, Ventrimonas sp910584845
2026-01-11 16:05:26.908534 INFO::Fitting model to feature number 1118, UBA3282 sp910587715
2026-01-11 16:05:26.914336 INFO::Fitting model to feature number 1119, MGYG000411593
2026-01-11 16:05:26.919307 INFO::Fitting model to feature number 1120, MGYG000323128
2026-01-11 16:05:26.924057 INFO::Fitting model to feature number 1121, UBA3282 sp910578645
2026-01-11 16:05:26.930176 INFO::Fitting model to feature number 1122, UBA3282 sp910579735
2026-01-11 16:05:26.935221 INFO::Fitting model to feature number 1123, MGYG000325815
2026-01-11 16:05:26.939991 INFO::Fitting model to feature number 1124, UBA3282 sp910579395
2026-01-11 16:05:26.945753 INFO::Fitting model to feature number 1125, UBA3282 sp009774575
2026-01-11 16:05:26.950631 INFO::Fitting model to feature number 1126, MGYG000329420
2026-01-11 16:05:26.955344 INFO::Fitting model to feature number 1127, MGYG000323012
2026-01-11 16:05:26.960707 INFO::Fitting model to feature number 1128, MGYG000325709
2026-01-11 16:05:26.965918 INFO::Fitting model to feature number 1129, MGYG000325198
2026-01-11 16:05:26.968954 INFO::Fitting model to feature number 1130, UBA3282 sp910578845
2026-01-11 16:05:26.973658 INFO::Fitting model to feature number 1131, UBA3282 sp910588955
2026-01-11 16:05:26.979316 INFO::Fitting model to feature number 1132, MGYG000325450
2026-01-11 16:05:26.984086 INFO::Fitting model to feature number 1133, MGYG000325999
2026-01-11 16:05:26.988949 INFO::Fitting model to feature number 1134, MGYG000411525
2026-01-11 16:05:26.992702 INFO::Fitting model to feature number 1135, MGYG000325558
2026-01-11 16:05:26.998126 INFO::Fitting model to feature number 1136, MGYG000322990
2026-01-11 16:05:27.002764 INFO::Fitting model to feature number 1137, MGYG000330673
2026-01-11 16:05:27.005235 WARNING::Fitting problem for feature 1137 returning NA
2026-01-11 16:05:27.00724 INFO::Fitting model to feature number 1138, MGYG000368565
2026-01-11 16:05:27.012728 INFO::Fitting model to feature number 1139, UBA7109 sp910580235
2026-01-11 16:05:27.01564 INFO::Fitting model to feature number 1140, MGYG000324764
2026-01-11 16:05:27.018584 INFO::Fitting model to feature number 1141, MGYG000324065
2026-01-11 16:05:27.023308 INFO::Fitting model to feature number 1142, Roseburia sp910577925
2026-01-11 16:05:27.029466 INFO::Fitting model to feature number 1143, MGYG000393816
2026-01-11 16:05:27.032998 INFO::Fitting model to feature number 1144, Butyribacter sp910579085
2026-01-11 16:05:27.038268 INFO::Fitting model to feature number 1145, MGYG000329302
2026-01-11 16:05:27.045394 INFO::Fitting model to feature number 1146, MGYG000348373
2026-01-11 16:05:27.053755 INFO::Fitting model to feature number 1147, MGYG000325401
2026-01-11 16:05:27.056798 WARNING::Fitting problem for feature 1147 returning NA
2026-01-11 16:05:27.059949 INFO::Fitting model to feature number 1148, Butyribacter sp910586555
2026-01-11 16:05:27.063905 WARNING::Fitting problem for feature 1148 returning NA
2026-01-11 16:05:27.066952 INFO::Fitting model to feature number 1149, Butyribacter sp910586605
2026-01-11 16:05:27.073613 INFO::Fitting model to feature number 1150, 1XD8-76 sp003611955
2026-01-11 16:05:27.081062 INFO::Fitting model to feature number 1151, 1XD8-76 sp910584915
2026-01-11 16:05:27.089257 INFO::Fitting model to feature number 1152, 1XD8-76 sp022799355
2026-01-11 16:05:27.09851 INFO::Fitting model to feature number 1153, Blautia coccoides
2026-01-11 16:05:27.103953 INFO::Fitting model to feature number 1154, Blautia hominis
2026-01-11 16:05:27.113029 INFO::Fitting model to feature number 1155, MGYG000330300
2026-01-11 16:05:27.121503 INFO::Fitting model to feature number 1156, MGYG000411610
2026-01-11 16:05:27.130636 INFO::Fitting model to feature number 1157, Acetatifactor sp910578215
2026-01-11 16:05:27.139759 INFO::Fitting model to feature number 1158, MGYG000403847
2026-01-11 16:05:27.14767 INFO::Fitting model to feature number 1159, Acetatifactor sp910585665
2026-01-11 16:05:27.156598 INFO::Fitting model to feature number 1160, MGYG000410724
2026-01-11 16:05:27.164799 INFO::Fitting model to feature number 1161, MGYG000329148
2026-01-11 16:05:27.172923 INFO::Fitting model to feature number 1162, MGYG000331408
2026-01-11 16:05:27.181004 INFO::Fitting model to feature number 1163, MGYG000331279
2026-01-11 16:05:27.185519 INFO::Fitting model to feature number 1164, Acetatifactor sp910584375
2026-01-11 16:05:27.190494 INFO::Fitting model to feature number 1165, MGYG000345025
2026-01-11 16:05:27.19696 INFO::Fitting model to feature number 1166, Acetatifactor sp910586435
2026-01-11 16:05:27.203636 INFO::Fitting model to feature number 1167, MGYG000330154
2026-01-11 16:05:27.212462 INFO::Fitting model to feature number 1168, MGYG000327196
2026-01-11 16:05:27.221832 INFO::Fitting model to feature number 1169, Acetatifactor sp910586215
2026-01-11 16:05:27.227967 INFO::Fitting model to feature number 1170, Acetatifactor sp011959105
2026-01-11 16:05:27.233814 INFO::Fitting model to feature number 1171, Acetatifactor sp910586515
2026-01-11 16:05:27.23913 INFO::Fitting model to feature number 1172, MGYG000325688
2026-01-11 16:05:27.245872 INFO::Fitting model to feature number 1173, MGYG000325419
2026-01-11 16:05:27.251533 INFO::Fitting model to feature number 1174, Acetatifactor sp910585015
2026-01-11 16:05:27.257131 INFO::Fitting model to feature number 1175, Acetatifactor sp910577665
2026-01-11 16:05:27.263881 INFO::Fitting model to feature number 1176, MGYG000329799
2026-01-11 16:05:27.269413 INFO::Fitting model to feature number 1177, Acetatifactor sp910588225
2026-01-11 16:05:27.275145 INFO::Fitting model to feature number 1178, MGYG000410939
2026-01-11 16:05:27.282274 INFO::Fitting model to feature number 1179, MGYG000327533
2026-01-11 16:05:27.287905 INFO::Fitting model to feature number 1180, Acetatifactor sp022797535
2026-01-11 16:05:27.293107 INFO::Fitting model to feature number 1181, MGYG000329051
2026-01-11 16:05:27.299309 INFO::Fitting model to feature number 1182, MGYG000324774
2026-01-11 16:05:27.304863 INFO::Fitting model to feature number 1183, Lachnospira sp910587485
2026-01-11 16:05:27.307831 WARNING::Fitting problem for feature 1183 returning NA
2026-01-11 16:05:27.311008 INFO::Fitting model to feature number 1184, Anaerostipes caccae
2026-01-11 16:05:27.316888 INFO::Fitting model to feature number 1185, 1XD42-69 sp910585825
2026-01-11 16:05:27.322714 INFO::Fitting model to feature number 1186, 1XD42-69 sp910586725
2026-01-11 16:05:27.325832 WARNING::Fitting problem for feature 1186 returning NA
2026-01-11 16:05:27.329015 INFO::Fitting model to feature number 1187, 1XD42-69 sp910586355
2026-01-11 16:05:27.33231 WARNING::Fitting problem for feature 1187 returning NA
2026-01-11 16:05:27.3349 INFO::Fitting model to feature number 1188, 1XD42-69 sp910589105
2026-01-11 16:05:27.338336 INFO::Fitting model to feature number 1189, MGYG000327486
2026-01-11 16:05:27.34451 INFO::Fitting model to feature number 1190, MGYG000331229
2026-01-11 16:05:27.350472 INFO::Fitting model to feature number 1191, UBA3402 sp910588505
2026-01-11 16:05:27.358442 INFO::Fitting model to feature number 1192, UBA3402 sp022792815
2026-01-11 16:05:27.364886 INFO::Fitting model to feature number 1193, UBA3402 sp910579515
2026-01-11 16:05:27.370928 INFO::Fitting model to feature number 1194, MGYG000410806
2026-01-11 16:05:27.378371 INFO::Fitting model to feature number 1195, MGYG000324300
2026-01-11 16:05:27.385985 INFO::Fitting model to feature number 1196, MGYG000324807
2026-01-11 16:05:27.394874 INFO::Fitting model to feature number 1197, MGYG000327237
2026-01-11 16:05:27.401374 INFO::Fitting model to feature number 1198, MGYG000327181
2026-01-11 16:05:27.407375 INFO::Fitting model to feature number 1199, CAG-95 sp910577445
2026-01-11 16:05:27.41362 INFO::Fitting model to feature number 1200, CAG-95 sp002492465
2026-01-11 16:05:27.41868 INFO::Fitting model to feature number 1201, CAG-95 sp910587305
2026-01-11 16:05:27.423386 INFO::Fitting model to feature number 1202, CAG-95 sp910587295
2026-01-11 16:05:27.428768 INFO::Fitting model to feature number 1203, MGYG000410955
2026-01-11 16:05:27.434101 INFO::Fitting model to feature number 1204, MGYG000325519
2026-01-11 16:05:27.438826 INFO::Fitting model to feature number 1205, MGYG000325286
2026-01-11 16:05:27.444361 INFO::Fitting model to feature number 1206, CAG-95 sp000403495
2026-01-11 16:05:27.450755 INFO::Fitting model to feature number 1207, CAG-95 sp014804245
2026-01-11 16:05:27.456054 INFO::Fitting model to feature number 1208, MGYG000330445
2026-01-11 16:05:27.463076 INFO::Fitting model to feature number 1209, COE1 sp014239155
2026-01-11 16:05:27.468257 INFO::Fitting model to feature number 1210, MGYG000325661
2026-01-11 16:05:27.475805 INFO::Fitting model to feature number 1211, COE1 sp011959805
2026-01-11 16:05:27.481971 INFO::Fitting model to feature number 1212, COE1 sp009774245
2026-01-11 16:05:27.487829 INFO::Fitting model to feature number 1213, MGYG000325434
2026-01-11 16:05:27.495969 INFO::Fitting model to feature number 1214, COE1 sp910577115
2026-01-11 16:05:27.503729 INFO::Fitting model to feature number 1215, COE1 sp000403215
2026-01-11 16:05:27.510736 INFO::Fitting model to feature number 1216, COE1 sp910588595
2026-01-11 16:05:27.516408 INFO::Fitting model to feature number 1217, MGYG000325380
2026-01-11 16:05:27.52187 INFO::Fitting model to feature number 1218, MGYG000328561
2026-01-11 16:05:27.527828 INFO::Fitting model to feature number 1219, COE1 sp910578795
2026-01-11 16:05:27.531262 WARNING::Fitting problem for feature 1219 returning NA
2026-01-11 16:05:27.533622 INFO::Fitting model to feature number 1220, COE1 sp003513705
2026-01-11 16:05:27.538852 INFO::Fitting model to feature number 1221, Eubacterium_F sp910577295
2026-01-11 16:05:27.542821 INFO::Fitting model to feature number 1222, Eubacterium_F sp910584065
2026-01-11 16:05:27.548462 INFO::Fitting model to feature number 1223, Eubacterium_F sp910584245
2026-01-11 16:05:27.553973 INFO::Fitting model to feature number 1224, Eubacterium_F sp910584645
2026-01-11 16:05:27.559668 INFO::Fitting model to feature number 1225, MGYG000327551
2026-01-11 16:05:27.565866 INFO::Fitting model to feature number 1226, VSOB01 sp910585345
2026-01-11 16:05:27.571926 INFO::Fitting model to feature number 1227, VSOB01 sp910589075
2026-01-11 16:05:27.577358 INFO::Fitting model to feature number 1228, Merdisoma sp910587955
2026-01-11 16:05:27.58248 INFO::Fitting model to feature number 1229, MGYG000331110
2026-01-11 16:05:27.587869 INFO::Fitting model to feature number 1230, Eubacterium_J plexicaudatum
2026-01-11 16:05:27.59415 INFO::Fitting model to feature number 1231, Eubacterium_J sp910586445
2026-01-11 16:05:27.600264 INFO::Fitting model to feature number 1232, Eubacterium_J sp910577225
2026-01-11 16:05:27.605901 INFO::Fitting model to feature number 1233, Eubacterium_J sp009774535
2026-01-11 16:05:27.610141 INFO::Fitting model to feature number 1234, Eubacterium_J sp910586225
2026-01-11 16:05:27.616191 INFO::Fitting model to feature number 1235, Eubacterium_J sp910584345
2026-01-11 16:05:27.621849 INFO::Fitting model to feature number 1236, MGYG000327547
2026-01-11 16:05:27.630049 INFO::Fitting model to feature number 1237, MGYG000325711
2026-01-11 16:05:27.634059 WARNING::Fitting problem for feature 1237 returning NA
2026-01-11 16:05:27.636622 INFO::Fitting model to feature number 1238, MGYG000324920
2026-01-11 16:05:27.64599 INFO::Fitting model to feature number 1239, Eubacterium_J sp910586045
2026-01-11 16:05:27.651921 INFO::Fitting model to feature number 1240, MGYG000331263
2026-01-11 16:05:27.660957 INFO::Fitting model to feature number 1241, Kineothrix sp910579645
2026-01-11 16:05:27.669672 INFO::Fitting model to feature number 1242, Kineothrix sp023399455
2026-01-11 16:05:27.677547 INFO::Fitting model to feature number 1243, Kineothrix sp910578405
2026-01-11 16:05:27.685895 INFO::Fitting model to feature number 1244, MGBC164599 sp910584115
2026-01-11 16:05:27.695199 INFO::Fitting model to feature number 1245, MGYG000330773
2026-01-11 16:05:27.70017 WARNING::Fitting problem for feature 1245 returning NA
2026-01-11 16:05:27.703851 INFO::Fitting model to feature number 1246, MGYG000323038
2026-01-11 16:05:27.709423 INFO::Fitting model to feature number 1247, Caccovicinus sp910589195
2026-01-11 16:05:27.718728 INFO::Fitting model to feature number 1248, Copromonas sp910585355
2026-01-11 16:05:27.727724 INFO::Fitting model to feature number 1249, MGYG000329350
2026-01-11 16:05:27.7349 INFO::Fitting model to feature number 1250, Copromonas sp900066535
2026-01-11 16:05:27.739166 INFO::Fitting model to feature number 1251, MGYG000346909
2026-01-11 16:05:27.747425 INFO::Fitting model to feature number 1252, Eisenbergiella porci
2026-01-11 16:05:27.753079 INFO::Fitting model to feature number 1253, MGYG000379181
2026-01-11 16:05:27.758846 INFO::Fitting model to feature number 1254, CAG-510 sp910578335
2026-01-11 16:05:27.7655 INFO::Fitting model to feature number 1255, CAG-510 sp910577015
2026-01-11 16:05:27.771246 INFO::Fitting model to feature number 1256, MGYG000325414
2026-01-11 16:05:27.777966 INFO::Fitting model to feature number 1257, MGYG000328974
2026-01-11 16:05:27.781376 WARNING::Fitting problem for feature 1257 returning NA
2026-01-11 16:05:27.784008 INFO::Fitting model to feature number 1258, MGYG000329478
2026-01-11 16:05:27.789961 INFO::Fitting model to feature number 1259, SIG307 sp910577175
2026-01-11 16:05:27.798127 INFO::Fitting model to feature number 1260, Clostridium_Q symbiosum
2026-01-11 16:05:27.802149 WARNING::Fitting problem for feature 1260 returning NA
2026-01-11 16:05:27.80532 INFO::Fitting model to feature number 1261, Clostridium_Q sp009911305
2026-01-11 16:05:27.812613 INFO::Fitting model to feature number 1262, Enterocloster bolteae
2026-01-11 16:05:27.818647 INFO::Fitting model to feature number 1263, MGYG000330164
2026-01-11 16:05:27.822396 INFO::Fitting model to feature number 1264, MGYG000323607
2026-01-11 16:05:27.828925 INFO::Fitting model to feature number 1265, RGIG4057 sp910577675
2026-01-11 16:05:27.835522 INFO::Fitting model to feature number 1266, RGIG8607 sp910588535
2026-01-11 16:05:27.841175 INFO::Fitting model to feature number 1267, MGBC131033 sp910585655
2026-01-11 16:05:27.845406 INFO::Fitting model to feature number 1268, MGYG000409986
2026-01-11 16:05:27.851221 INFO::Fitting model to feature number 1269, MGYG000323124
2026-01-11 16:05:27.858037 INFO::Fitting model to feature number 1270, MGYG000327294
2026-01-11 16:05:27.86499 INFO::Fitting model to feature number 1271, RUG115 sp910578885
2026-01-11 16:05:27.870662 INFO::Fitting model to feature number 1272, MGYG000410396
2026-01-11 16:05:27.877023 INFO::Fitting model to feature number 1273, RGIG7193 sp910586125
2026-01-11 16:05:27.880987 INFO::Fitting model to feature number 1274, Agathobacter sp910587655
2026-01-11 16:05:27.886771 INFO::Fitting model to feature number 1275, MGYG000410161
2026-01-11 16:05:27.889807 WARNING::Fitting problem for feature 1275 returning NA
2026-01-11 16:05:27.892797 INFO::Fitting model to feature number 1276, MGYG000327199
2026-01-11 16:05:27.899414 INFO::Fitting model to feature number 1277, RGIG3040 sp910585715
2026-01-11 16:05:27.905003 INFO::Fitting model to feature number 1278, Butyrivibrio_A sp000431815
2026-01-11 16:05:27.908448 INFO::Fitting model to feature number 1279, MGYG000325389
2026-01-11 16:05:27.915042 INFO::Fitting model to feature number 1280, CAG-303 sp910577835
2026-01-11 16:05:27.920876 INFO::Fitting model to feature number 1281, CAG-303 sp910584685
2026-01-11 16:05:27.923941 WARNING::Fitting problem for feature 1281 returning NA
2026-01-11 16:05:27.927106 INFO::Fitting model to feature number 1282, MGYG000327534
2026-01-11 16:05:27.933692 INFO::Fitting model to feature number 1283, An181 sp910585545
2026-01-11 16:05:27.937302 INFO::Fitting model to feature number 1284, RGIG3002 sp910579805
2026-01-11 16:05:27.943811 INFO::Fitting model to feature number 1285, MGYG000323516
2026-01-11 16:05:27.952244 INFO::Fitting model to feature number 1286, MGBC120314 sp910584325
2026-01-11 16:05:27.956523 INFO::Fitting model to feature number 1287, CAG-632 sp910587045
2026-01-11 16:05:27.959911 WARNING::Fitting problem for feature 1287 returning NA
2026-01-11 16:05:27.964103 INFO::Fitting model to feature number 1288, MGBC136627 sp910585935
2026-01-11 16:05:27.969379 WARNING::Fitting problem for feature 1288 returning NA
2026-01-11 16:05:27.973499 INFO::Fitting model to feature number 1289, MGBC165282 sp910589265
2026-01-11 16:05:27.979449 INFO::Fitting model to feature number 1290, Mediterraneibacter_A sp022790755
2026-01-11 16:05:27.986647 INFO::Fitting model to feature number 1291, Hungatella effluvii
2026-01-11 16:05:27.991004 INFO::Fitting model to feature number 1292, Mobilitalea sp023395555
2026-01-11 16:05:28.00034 INFO::Fitting model to feature number 1293, Fusicatenibacter saccharivorans
2026-01-11 16:05:28.003881 INFO::Fitting model to feature number 1294, CAG-411 sp014799595
2026-01-11 16:05:28.010215 INFO::Fitting model to feature number 1295, MGYG000323744
2026-01-11 16:05:28.019258 INFO::Fitting model to feature number 1296, MGBC143606 sp910587935
2026-01-11 16:05:28.02402 INFO::Fitting model to feature number 1297, Ruminococcus_B gnavus
2026-01-11 16:05:28.028367 WARNING::Fitting problem for feature 1297 returning NA
2026-01-11 16:05:28.031986 INFO::Fitting model to feature number 1298, Frisingicoccus caecimuris
2026-01-11 16:05:28.036103 WARNING::Fitting problem for feature 1298 returning NA
2026-01-11 16:05:28.039466 INFO::Fitting model to feature number 1299, Lawsonibacter sp900066645
2026-01-11 16:05:28.042856 WARNING::Fitting problem for feature 1299 returning NA
2026-01-11 16:05:28.046529 INFO::Fitting model to feature number 1300, MGYG000327494
2026-01-11 16:05:28.053855 INFO::Fitting model to feature number 1301, MGYG000325423
2026-01-11 16:05:28.059771 INFO::Fitting model to feature number 1302, Dysosmobacter sp022797935
2026-01-11 16:05:28.069124 INFO::Fitting model to feature number 1303, MGYG000327261
2026-01-11 16:05:28.074531 INFO::Fitting model to feature number 1304, Dysosmobacter sp910588005
2026-01-11 16:05:28.0839 INFO::Fitting model to feature number 1305, Dysosmobacter sp001916835
2026-01-11 16:05:28.091869 INFO::Fitting model to feature number 1306, Dysosmobacter sp910585165
2026-01-11 16:05:28.101016 INFO::Fitting model to feature number 1307, MGYG000329398
2026-01-11 16:05:28.10906 INFO::Fitting model to feature number 1308, MGYG000322989
2026-01-11 16:05:28.118216 INFO::Fitting model to feature number 1309, MGYG000323872
2026-01-11 16:05:28.126517 INFO::Fitting model to feature number 1310, Pelethomonas sp022797115
2026-01-11 16:05:28.133116 INFO::Fitting model to feature number 1311, Pelethomonas sp910584045
2026-01-11 16:05:28.138705 INFO::Fitting model to feature number 1312, MGYG000325682
2026-01-11 16:05:28.144775 INFO::Fitting model to feature number 1313, MGYG000329870
2026-01-11 16:05:28.150671 INFO::Fitting model to feature number 1314, MGYG000409933
2026-01-11 16:05:28.156114 INFO::Fitting model to feature number 1315, MGYG000325610
2026-01-11 16:05:28.159193 WARNING::Fitting problem for feature 1315 returning NA
2026-01-11 16:05:28.162123 INFO::Fitting model to feature number 1316, Faecousia sp900544705
2026-01-11 16:05:28.165868 INFO::Fitting model to feature number 1317, MGYG000327369
2026-01-11 16:05:28.171434 INFO::Fitting model to feature number 1318, MGYG000327333
2026-01-11 16:05:28.177483 INFO::Fitting model to feature number 1319, Marseille-P3106 sp905219705
2026-01-11 16:05:28.180696 WARNING::Fitting problem for feature 1319 returning NA
2026-01-11 16:05:28.183188 INFO::Fitting model to feature number 1320, Marseille-P3106 sp910577415
2026-01-11 16:05:28.186459 INFO::Fitting model to feature number 1321, MGYG000329177
2026-01-11 16:05:28.192617 INFO::Fitting model to feature number 1322, HGM13010 sp022800755
2026-01-11 16:05:28.200027 INFO::Fitting model to feature number 1323, Flavonifractor plautii
2026-01-11 16:05:28.20671 INFO::Fitting model to feature number 1324, Intestinimonas butyriciproducens
2026-01-11 16:05:28.210659 WARNING::Fitting problem for feature 1324 returning NA
2026-01-11 16:05:28.214761 INFO::Fitting model to feature number 1325, MGBC124762 sp910579775
2026-01-11 16:05:28.220381 INFO::Fitting model to feature number 1326, MGYG000329700
2026-01-11 16:05:28.228424 INFO::Fitting model to feature number 1327, MGYG000323009
2026-01-11 16:05:28.234611 INFO::Fitting model to feature number 1328, MGYG000326780
2026-01-11 16:05:28.240087 INFO::Fitting model to feature number 1329, MGYG000329402
2026-01-11 16:05:28.246286 INFO::Fitting model to feature number 1330, MGYG000411571
2026-01-11 16:05:28.250427 INFO::Fitting model to feature number 1331, MGYG000356933
2026-01-11 16:05:28.256469 INFO::Fitting model to feature number 1332, MGYG000376485
2026-01-11 16:05:28.263569 INFO::Fitting model to feature number 1333, Fimivicinus sp900544375
2026-01-11 16:05:28.270314 INFO::Fitting model to feature number 1334, Ruminococcus_E sp910585865
2026-01-11 16:05:28.276778 INFO::Fitting model to feature number 1335, MGYG000360413
2026-01-11 16:05:28.280659 WARNING::Fitting problem for feature 1335 returning NA
2026-01-11 16:05:28.284079 INFO::Fitting model to feature number 1336, Ruthenibacterium lactatiformans
2026-01-11 16:05:28.287267 WARNING::Fitting problem for feature 1336 returning NA
2026-01-11 16:05:28.289721 INFO::Fitting model to feature number 1337, MGYG000410556
2026-01-11 16:05:28.29736 INFO::Fitting model to feature number 1338, MGYG000410798
2026-01-11 16:05:28.302626 INFO::Fitting model to feature number 1339, MGYG000327515
2026-01-11 16:05:28.30576 INFO::Fitting model to feature number 1340, MGYG000325568
2026-01-11 16:05:28.311389 INFO::Fitting model to feature number 1341, MGYG000325411
2026-01-11 16:05:28.31483 INFO::Fitting model to feature number 1342, MGYG000328314
2026-01-11 16:05:28.320091 INFO::Fitting model to feature number 1343, CAG-115 sp910587135
2026-01-11 16:05:28.32567 INFO::Fitting model to feature number 1344, CAG-115 sp910577365
2026-01-11 16:05:28.33245 INFO::Fitting model to feature number 1345, CAG-115 sp910587465
2026-01-11 16:05:28.335466 WARNING::Fitting problem for feature 1345 returning NA
2026-01-11 16:05:28.338248 INFO::Fitting model to feature number 1346, Faecalibacterium sp900539945
2026-01-11 16:05:28.344641 INFO::Fitting model to feature number 1347, Faecalibacterium longum
2026-01-11 16:05:28.35006 INFO::Fitting model to feature number 1348, MGYG000325416
2026-01-11 16:05:28.35592 INFO::Fitting model to feature number 1349, UBA7177 sp910579545
2026-01-11 16:05:28.360044 WARNING::Fitting problem for feature 1349 returning NA
2026-01-11 16:05:28.364094 INFO::Fitting model to feature number 1350, UBA7177 sp910578965
2026-01-11 16:05:28.371513 INFO::Fitting model to feature number 1351, Neobittarella massiliensis
2026-01-11 16:05:28.380384 INFO::Fitting model to feature number 1352, Gemmiger formicilis
2026-01-11 16:05:28.38665 INFO::Fitting model to feature number 1353, UBA866 sp022791945
2026-01-11 16:05:28.389961 WARNING::Fitting problem for feature 1353 returning NA
2026-01-11 16:05:28.393167 INFO::Fitting model to feature number 1354, MGYG000410783
2026-01-11 16:05:28.398283 WARNING::Fitting problem for feature 1354 returning NA
2026-01-11 16:05:28.401035 INFO::Fitting model to feature number 1355, MGYG000330170
2026-01-11 16:05:28.404594 INFO::Fitting model to feature number 1356, QXXE01 sp910586105
2026-01-11 16:05:28.407606 WARNING::Fitting problem for feature 1356 returning NA
2026-01-11 16:05:28.410843 INFO::Fitting model to feature number 1357, MGYG000330847
2026-01-11 16:05:28.416085 INFO::Fitting model to feature number 1358, Coproplasma sp910586035
2026-01-11 16:05:28.421778 INFO::Fitting model to feature number 1359, Coproplasma sp910579295
2026-01-11 16:05:28.425148 INFO::Fitting model to feature number 1360, Coproplasma sp910587825
2026-01-11 16:05:28.428794 WARNING::Fitting problem for feature 1360 returning NA
2026-01-11 16:05:28.431745 INFO::Fitting model to feature number 1361, Coproplasma sp910585705
2026-01-11 16:05:28.439046 INFO::Fitting model to feature number 1362, Coproplasma sp910576655
2026-01-11 16:05:28.445595 INFO::Fitting model to feature number 1363, MGYG000410549
2026-01-11 16:05:28.45265 INFO::Fitting model to feature number 1364, Coproplasma sp910577555
2026-01-11 16:05:28.458902 INFO::Fitting model to feature number 1365, Gallimonas sp910586985
2026-01-11 16:05:28.465745 INFO::Fitting model to feature number 1366, Gallimonas sp910586365
2026-01-11 16:05:28.470211 INFO::Fitting model to feature number 1367, Gallimonas sp910589015
2026-01-11 16:05:28.497759 INFO::Fitting model to feature number 1368, Gallimonas sp910586825
2026-01-11 16:05:28.50042 WARNING::Fitting problem for feature 1368 returning NA
2026-01-11 16:05:28.502635 INFO::Fitting model to feature number 1369, Anaerocaecibacter sp910579205
2026-01-11 16:05:28.507256 INFO::Fitting model to feature number 1370, Anaerocaecibacter sp910585055
2026-01-11 16:05:28.510488 INFO::Fitting model to feature number 1371, MGYG000327384
2026-01-11 16:05:28.514562 INFO::Fitting model to feature number 1372, MGBC157735 sp910588155
2026-01-11 16:05:28.519345 INFO::Fitting model to feature number 1373, Pumilibacter sp910579245
2026-01-11 16:05:28.523942 INFO::Fitting model to feature number 1374, UBA11524 sp000437595
2026-01-11 16:05:28.529245 INFO::Fitting model to feature number 1375, MGYG000388556
2026-01-11 16:05:28.534905 INFO::Fitting model to feature number 1376, Zhenpiania sp910583765
2026-01-11 16:05:28.539749 INFO::Fitting model to feature number 1377, VUNA01 sp002299625
2026-01-11 16:05:28.545651 INFO::Fitting model to feature number 1378, Clostridioides difficile
2026-01-11 16:05:28.551559 INFO::Fitting model to feature number 1379, MGYG000369796
2026-01-11 16:05:28.558197 INFO::Fitting model to feature number 1380, MGYG000328055
2026-01-11 16:05:28.564415 INFO::Fitting model to feature number 1381, MGYG000411369
2026-01-11 16:05:28.567829 INFO::Fitting model to feature number 1382, Clostridium sp910588715
2026-01-11 16:05:28.572614 INFO::Fitting model to feature number 1383, CAG-41 sp010206265
2026-01-11 16:05:28.575266 WARNING::Fitting problem for feature 1383 returning NA
2026-01-11 16:05:28.578069 INFO::Fitting model to feature number 1384, Parasutterella excrementihominis
2026-01-11 16:05:28.583249 INFO::Fitting model to feature number 1385, Escherichia coli
2026-01-11 16:05:28.588432 INFO::Fitting model to feature number 1386, Klebsiella michiganensis
2026-01-11 16:05:28.594121 INFO::Fitting model to feature number 1387, MGYG000408998
2026-01-11 16:05:28.599956 INFO::Fitting model to feature number 1388, MGYG000324409
2026-01-11 16:05:28.605116 INFO::Fitting model to feature number 1389, MGYG000366359
2026-01-11 16:05:28.610851 INFO::Fitting model to feature number 1390, MGYG000411437
2026-01-11 16:05:28.617056 INFO::Fitting model to feature number 1391, MGYG000350430
2026-01-11 16:05:28.620809 WARNING::Fitting problem for feature 1391 returning NA
2026-01-11 16:05:28.624048 INFO::Fitting model to feature number 1392, MGYG000346441
2026-01-11 16:05:28.627614 WARNING::Fitting problem for feature 1392 returning NA
2026-01-11 16:05:28.630545 INFO::Fitting model to feature number 1393, MGYG000322940
2026-01-11 16:05:28.637864 INFO::Fitting model to feature number 1394, MGYG000410841
2026-01-11 16:05:28.644596 INFO::Fitting model to feature number 1395, Zag111 sp910584405
2026-01-11 16:05:28.651836 INFO::Fitting model to feature number 1396, Avigastranaerophilus sp910583875
2026-01-11 16:05:28.656275 INFO::Fitting model to feature number 1397, MGBC122484 sp910583725
2026-01-11 16:05:28.661783 INFO::Fitting model to feature number 1398, MGYG000326931
2026-01-11 16:05:28.665125 WARNING::Fitting problem for feature 1398 returning NA
2026-01-11 16:05:28.66748 INFO::Fitting model to feature number 1399, MGYG000405972
2026-01-11 16:05:28.672805 INFO::Fitting model to feature number 1400, MGYG000328795
2026-01-11 16:05:28.675694 WARNING::Fitting problem for feature 1400 returning NA
2026-01-11 16:05:28.67964 INFO::Fitting model to feature number 1401, HGM10857 sp910578745
2026-01-11 16:05:28.687425 INFO::Fitting model to feature number 1402, MGYG000410710
2026-01-11 16:05:28.695529 INFO::Fitting model to feature number 1403, Acetatifactor muris
2026-01-11 16:05:28.702304 INFO::Fitting model to feature number 1404, MGYG000325356
2026-01-11 16:05:28.709789 INFO::Fitting model to feature number 1405, MGYG000329400
2026-01-11 16:05:28.714756 INFO::Fitting model to feature number 1406, Coprocola sp910587735
2026-01-11 16:05:28.722117 INFO::Fitting model to feature number 1407, MGYG000387050
2026-01-11 16:05:28.728763 INFO::Fitting model to feature number 1408, MGYG000326286
2026-01-11 16:05:28.732743 INFO::Fitting model to feature number 1409, Ruminococcus sp910576995
2026-01-11 16:05:28.737499 INFO::Fitting model to feature number 1410, Ruminococcus sp910579835
2026-01-11 16:05:28.742082 INFO::Fitting model to feature number 1411, Ruminococcus sp900540005
2026-01-11 16:05:28.748657 INFO::Fitting model to feature number 1412, Ruminococcus sp002362175
2026-01-11 16:05:28.752124 INFO::Fitting model to feature number 1413, Ruminococcus sp910577575
2026-01-11 16:05:28.755371 INFO::Fitting model to feature number 1414, MGYG000410441
2026-01-11 16:05:28.758745 INFO::Fitting model to feature number 1415, MGYG000365643
2026-01-11 16:05:28.766032 INFO::Fitting model to feature number 1416, MGYG000369368
2026-01-11 16:05:28.769657 INFO::Fitting model to feature number 1417, MGYG000330830
2026-01-11 16:05:28.773921 WARNING::Fitting problem for feature 1417 returning NA
2026-01-11 16:05:28.777025 INFO::Fitting model to feature number 1418, MGYG000324069
2026-01-11 16:05:28.782413 INFO::Fitting model to feature number 1419, MGYG000392389
2026-01-11 16:05:28.787493 INFO::Fitting model to feature number 1420, Coproplasma sp910578195
2026-01-11 16:05:28.79487 INFO::Fitting model to feature number 1421, Gallimonas sp910588615
2026-01-11 16:05:28.80005 INFO::Fitting model to feature number 1422, Fimimonas sp910586905
2026-01-11 16:05:28.804724 INFO::Fitting model to feature number 1423, MGYG000329863
2026-01-11 16:05:28.81197 INFO::Fitting model to feature number 1424, Pseudomonas aeruginosa
2026-01-11 16:05:28.818368 INFO::Fitting model to feature number 1425, C-19 sp022799495
2026-01-11 16:05:28.823586 INFO::Fitting model to feature number 1426, MGBC140090 sp910586805
2026-01-11 16:05:28.830395 INFO::Fitting model to feature number 1427, MGYG000337677
2026-01-11 16:05:28.839963 INFO::Fitting model to feature number 1428, Staphylococcus nepalensis
2026-01-11 16:05:28.845163 INFO::Fitting model to feature number 1429, D16-34 sp910588485
2026-01-11 16:05:28.851969 INFO::Fitting model to feature number 1430, UMGS1502 sp900552365
2026-01-11 16:05:28.858141 INFO::Fitting model to feature number 1431, CACZQA01 sp900758075
2026-01-11 16:05:28.866157 INFO::Fitting model to feature number 1432, MGYG000325313
2026-01-11 16:05:28.871403 INFO::Fitting model to feature number 1433, Schaedlerella glycyrrhizinilytica_A
2026-01-11 16:05:28.879292 INFO::Fitting model to feature number 1434, MGYG000322968
2026-01-11 16:05:28.887676 INFO::Fitting model to feature number 1435, Butyribacter sp003612285
2026-01-11 16:05:28.892383 INFO::Fitting model to feature number 1436, Butyribacter sp910580005
2026-01-11 16:05:28.900829 INFO::Fitting model to feature number 1437, MGYG000325492
2026-01-11 16:05:28.908476 INFO::Fitting model to feature number 1438, Acetatifactor sp910578815
2026-01-11 16:05:28.916613 INFO::Fitting model to feature number 1439, Acetatifactor sp910583845
2026-01-11 16:05:28.922847 INFO::Fitting model to feature number 1440, MGYG000328399
2026-01-11 16:05:28.929149 INFO::Fitting model to feature number 1441, Acetatifactor sp910587755
2026-01-11 16:05:28.937969 INFO::Fitting model to feature number 1442, MGYG000329698
2026-01-11 16:05:28.945799 INFO::Fitting model to feature number 1443, CAG-95 sp009774465
2026-01-11 16:05:28.951935 INFO::Fitting model to feature number 1444, MGYG000410124
2026-01-11 16:05:28.957693 INFO::Fitting model to feature number 1445, UBA2882 sp002362385
2026-01-11 16:05:28.962121 INFO::Fitting model to feature number 1446, MGYG000350270
2026-01-11 16:05:28.965926 INFO::Fitting model to feature number 1447, MGYG000411484
2026-01-11 16:05:28.968698 WARNING::Fitting problem for feature 1447 returning NA
2026-01-11 16:05:28.970966 INFO::Fitting model to feature number 1448, 1XD42-69 sp003612565
2026-01-11 16:05:28.976245 INFO::Fitting model to feature number 1449, MGYG000324730
2026-01-11 16:05:28.982597 INFO::Fitting model to feature number 1450, Blautia_A wexlerae
2026-01-11 16:05:28.986099 INFO::Fitting model to feature number 1451, Bariatricus comes
2026-01-11 16:05:28.989443 INFO::Fitting model to feature number 1452, Wujia sp002493625
2026-01-11 16:05:28.992726 WARNING::Fitting problem for feature 1452 returning NA
2026-01-11 16:05:28.995677 INFO::Fitting model to feature number 1453, MGYG000322947
2026-01-11 16:05:29.00167 INFO::Fitting model to feature number 1454, MGYG000322925
2026-01-11 16:05:29.004516 WARNING::Fitting problem for feature 1454 returning NA
2026-01-11 16:05:29.006954 INFO::Fitting model to feature number 1455, MGYG000330643
2026-01-11 16:05:29.010136 WARNING::Fitting problem for feature 1455 returning NA
2026-01-11 16:05:29.013087 INFO::Fitting model to feature number 1456, MGYG000325949
2026-01-11 16:05:29.018922 INFO::Fitting model to feature number 1457, Acutalibacter ornithocaccae
2026-01-11 16:05:29.024158 INFO::Fitting model to feature number 1458, Eubacterium_R sp910577195
2026-01-11 16:05:29.028027 INFO::Fitting model to feature number 1459, Avimonas_A sp022800315
2026-01-11 16:05:29.03386 INFO::Fitting model to feature number 1460, UBA3818 sp904397845
2026-01-11 16:05:29.03939 INFO::Fitting model to feature number 1461, MGYG000354216
2026-01-11 16:05:29.046429 INFO::Fitting model to feature number 1462, MGYG000350425
2026-01-11 16:05:29.052524 INFO::Fitting model to feature number 1463, MGYG000340095
2026-01-11 16:05:29.056326 INFO::Fitting model to feature number 1464, MGYG000336507
2026-01-11 16:05:29.064297 INFO::Fitting model to feature number 1465, Agrobacterium pusense
2026-01-11 16:05:29.068942 INFO::Fitting model to feature number 1466, MGYG000325577
2026-01-11 16:05:29.076521 INFO::Fitting model to feature number 1467, MGYG000325533
2026-01-11 16:05:29.083422 INFO::Fitting model to feature number 1468, MGYG000325757
2026-01-11 16:05:29.08795 WARNING::Fitting problem for feature 1468 returning NA
2026-01-11 16:05:29.09111 INFO::Fitting model to feature number 1469, MGYG000325642
2026-01-11 16:05:29.098721 INFO::Fitting model to feature number 1470, Limisoma sp900544305
2026-01-11 16:05:29.105675 INFO::Fitting model to feature number 1471, MGYG000325491
2026-01-11 16:05:29.113183 INFO::Fitting model to feature number 1472, MGYG000325376
2026-01-11 16:05:29.117811 INFO::Fitting model to feature number 1473, Alistipes putredinis
2026-01-11 16:05:29.125124 INFO::Fitting model to feature number 1474, MGYG000325739
2026-01-11 16:05:29.129958 INFO::Fitting model to feature number 1475, MGYG000325349
2026-01-11 16:05:29.137589 INFO::Fitting model to feature number 1476, MGYG000325640
2026-01-11 16:05:29.141599 WARNING::Fitting problem for feature 1476 returning NA
2026-01-11 16:05:29.144837 INFO::Fitting model to feature number 1477, Alistipes onderdonkii
2026-01-11 16:05:29.152117 INFO::Fitting model to feature number 1478, Alistipes sp003979135
2026-01-11 16:05:29.159504 INFO::Fitting model to feature number 1479, Alistipes sp900541585
2026-01-11 16:05:29.167789 INFO::Fitting model to feature number 1480, Alistipes_A ihumii
2026-01-11 16:05:29.172201 INFO::Fitting model to feature number 1481, Bacteroides eggerthii
2026-01-11 16:05:29.17676 INFO::Fitting model to feature number 1482, Prevotella faecis
2026-01-11 16:05:29.184748 INFO::Fitting model to feature number 1483, Prevotella sp900557405
2026-01-11 16:05:29.188543 WARNING::Fitting problem for feature 1483 returning NA
2026-01-11 16:05:29.192214 INFO::Fitting model to feature number 1484, MGYG000325643
2026-01-11 16:05:29.200055 INFO::Fitting model to feature number 1485, Paraprevotella stercorigallinarum
2026-01-11 16:05:29.205632 INFO::Fitting model to feature number 1486, MGYG000325375
2026-01-11 16:05:29.212866 INFO::Fitting model to feature number 1487, C-19 sp009917405
2026-01-11 16:05:29.217543 WARNING::Fitting problem for feature 1487 returning NA
2026-01-11 16:05:29.221184 INFO::Fitting model to feature number 1488, MGYG000328692
2026-01-11 16:05:29.225559 WARNING::Fitting problem for feature 1488 returning NA
2026-01-11 16:05:29.22911 INFO::Fitting model to feature number 1489, UBA2730 sp022793235
2026-01-11 16:05:29.235177 INFO::Fitting model to feature number 1490, Bacillus licheniformis
2026-01-11 16:05:29.241691 INFO::Fitting model to feature number 1491, Mailhella sp910577155
2026-01-11 16:05:29.249894 INFO::Fitting model to feature number 1492, MGYG000403150
2026-01-11 16:05:29.256628 INFO::Fitting model to feature number 1493, COE1 sp910586405
2026-01-11 16:05:29.263335 INFO::Fitting model to feature number 1494, MGYG000329391
2026-01-11 16:05:29.268358 INFO::Fitting model to feature number 1495, MGYG000327122
2026-01-11 16:05:29.274221 INFO::Fitting model to feature number 1496, Copromonas sp000435795
2026-01-11 16:05:29.280847 INFO::Fitting model to feature number 1497, Kineothrix sp910586275
2026-01-11 16:05:29.287125 INFO::Fitting model to feature number 1498, MGYG000327375
2026-01-11 16:05:29.296566 INFO::Fitting model to feature number 1499, MGYG000331235
2026-01-11 16:05:29.30484 INFO::Fitting model to feature number 1500, MGBC111451 sp910578605
2026-01-11 16:05:29.313272 INFO::Fitting model to feature number 1501, MGYG000411179
2026-01-11 16:05:29.322535 INFO::Fitting model to feature number 1502, Faecalibacterium prausnitzii
2026-01-11 16:05:29.332052 INFO::Fitting model to feature number 1503, MGYG000325383
2026-01-11 16:05:29.337102 INFO::Fitting model to feature number 1504, MGYG000323634
2026-01-11 16:05:29.342875 INFO::Fitting model to feature number 1505, Pumilibacter muris
2026-01-11 16:05:29.350097 INFO::Fitting model to feature number 1506, SFMI01 sp004556155
2026-01-11 16:05:29.352699 WARNING::Fitting problem for feature 1506 returning NA
2026-01-11 16:05:29.355903 INFO::Fitting model to feature number 1507, Escherichia ruysiae
2026-01-11 16:05:29.363709 INFO::Fitting model to feature number 1508, Klebsiella variicola
2026-01-11 16:05:29.369655 INFO::Fitting model to feature number 1509, Citrobacter_A rodentium
2026-01-11 16:05:29.374676 INFO::Fitting model to feature number 1510, Citrobacter_A amalonaticus
2026-01-11 16:05:29.381237 INFO::Fitting model to feature number 1511, MGYG000339089
2026-01-11 16:05:29.387012 INFO::Fitting model to feature number 1512, UBA7185 sp910585405
2026-01-11 16:05:29.391519 INFO::Fitting model to feature number 1513, Helicobacter_D ganmani
2026-01-11 16:05:29.397756 INFO::Fitting model to feature number 1514, Streptococcus danieliae
2026-01-11 16:05:29.40123 INFO::Fitting model to feature number 1515, Streptococcus alactolyticus
2026-01-11 16:05:29.405216 INFO::Fitting model to feature number 1516, MGYG000325510
2026-01-11 16:05:29.410174 INFO::Fitting model to feature number 1517, MGBC107952 sp910578855
2026-01-11 16:05:29.414242 INFO::Fitting model to feature number 1518, MGYG000322996
2026-01-11 16:05:29.417706 INFO::Fitting model to feature number 1519, Niallia sp001076885
2026-01-11 16:05:29.422761 INFO::Fitting model to feature number 1520, MGYG000387335
2026-01-11 16:05:29.426098 INFO::Fitting model to feature number 1521, UBA3282 sp910586615
2026-01-11 16:05:29.430779 INFO::Fitting model to feature number 1522, MGYG000325700
2026-01-11 16:05:29.435788 INFO::Fitting model to feature number 1523, UBA3282 sp910584965
2026-01-11 16:05:29.440469 INFO::Fitting model to feature number 1524, MGYG000325483
2026-01-11 16:05:29.443194 INFO::Fitting model to feature number 1525, MGYG000325802
2026-01-11 16:05:29.448897 INFO::Fitting model to feature number 1526, UBA3282 sp910586705
2026-01-11 16:05:29.451622 INFO::Fitting model to feature number 1527, UBA3282 sp910578715
2026-01-11 16:05:29.456315 INFO::Fitting model to feature number 1528, MGYG000325820
2026-01-11 16:05:29.459015 INFO::Fitting model to feature number 1529, UBA3282 sp910578475
2026-01-11 16:05:29.46279 INFO::Fitting model to feature number 1530, MGYG000325646
2026-01-11 16:05:29.467708 INFO::Fitting model to feature number 1531, MGYG000373306
2026-01-11 16:05:29.472417 INFO::Fitting model to feature number 1532, MGYG000329401
2026-01-11 16:05:29.475072 INFO::Fitting model to feature number 1533, MGYG000327529
2026-01-11 16:05:29.478681 INFO::Fitting model to feature number 1534, MGYG000410713
2026-01-11 16:05:29.483706 INFO::Fitting model to feature number 1535, MGYG000325455
2026-01-11 16:05:29.488122 INFO::Fitting model to feature number 1536, Butyribacter sp910588655
2026-01-11 16:05:29.492874 INFO::Fitting model to feature number 1537, MGYG000330215
2026-01-11 16:05:29.498645 INFO::Fitting model to feature number 1538, Eubacterium_F sp910583555
2026-01-11 16:05:29.501631 INFO::Fitting model to feature number 1539, 14-2 sp910588885
2026-01-11 16:05:29.506129 INFO::Fitting model to feature number 1540, MGYG000325200
2026-01-11 16:05:29.50874 INFO::Fitting model to feature number 1541, MGYG000410031
2026-01-11 16:05:29.512502 INFO::Fitting model to feature number 1542, COE1 sp910588755
2026-01-11 16:05:29.516912 INFO::Fitting model to feature number 1543, COE1 sp910585765
2026-01-11 16:05:29.521434 INFO::Fitting model to feature number 1544, COE1 sp009774375
2026-01-11 16:05:29.525553 INFO::Fitting model to feature number 1545, MGYG000324875
2026-01-11 16:05:29.531568 INFO::Fitting model to feature number 1546, MGYG000328347
2026-01-11 16:05:29.534822 INFO::Fitting model to feature number 1547, MGYG000331069
2026-01-11 16:05:29.537729 INFO::Fitting model to feature number 1548, MGYG000330172
2026-01-11 16:05:29.541297 INFO::Fitting model to feature number 1549, CAG-510 sp003979355
2026-01-11 16:05:29.544883 INFO::Fitting model to feature number 1550, RGIG4057 sp910585065
2026-01-11 16:05:29.549488 INFO::Fitting model to feature number 1551, CAG-603 sp022794265
2026-01-11 16:05:29.553814 INFO::Fitting model to feature number 1552, MGYG000325692
2026-01-11 16:05:29.558864 INFO::Fitting model to feature number 1553, MGYG000328520
2026-01-11 16:05:29.565406 INFO::Fitting model to feature number 1554, MGYG000325327
2026-01-11 16:05:29.57145 INFO::Fitting model to feature number 1555, UBA7050 sp003979345
2026-01-11 16:05:29.575678 INFO::Fitting model to feature number 1556, MGYG000325605
2026-01-11 16:05:29.583922 INFO::Fitting model to feature number 1557, MGBC140009 sp910586015
2026-01-11 16:05:29.592254 INFO::Fitting model to feature number 1558, MGYG000327466
2026-01-11 16:05:29.599983 INFO::Fitting model to feature number 1559, Clostridium_AP sp000509125
2026-01-11 16:05:29.606571 INFO::Fitting model to feature number 1560, MGYG000329308
2026-01-11 16:05:29.609957 INFO::Fitting model to feature number 1561, MGYG000410975
2026-01-11 16:05:29.614041 INFO::Fitting model to feature number 1562, Dysosmobacter welbionis
2026-01-11 16:05:29.620571 INFO::Fitting model to feature number 1563, MGYG000360335
2026-01-11 16:05:29.625116 INFO::Fitting model to feature number 1564, MGYG000329306
2026-01-11 16:05:29.62954 INFO::Fitting model to feature number 1565, Avispirillum sp910586545
2026-01-11 16:05:29.63536 INFO::Fitting model to feature number 1566, Anaerocaecibacter sp910586925
2026-01-11 16:05:29.639356 INFO::Fitting model to feature number 1567, Anaerocaecibacter sp910577995
2026-01-11 16:05:29.644637 INFO::Fitting model to feature number 1568, MGBC157735 sp910585955
2026-01-11 16:05:29.649234 INFO::Fitting model to feature number 1569, Pumilibacter sp910587595
2026-01-11 16:05:29.653651 INFO::Fitting model to feature number 1570, Protoclostridium sp910587025
2026-01-11 16:05:29.658413 INFO::Fitting model to feature number 1571, Coproplasma sp910587625
2026-01-11 16:05:29.664187 INFO::Fitting model to feature number 1572, Coproplasma sp910579705
2026-01-11 16:05:29.668369 INFO::Fitting model to feature number 1573, Lentihominibacter faecis
2026-01-11 16:05:29.672659 INFO::Fitting model to feature number 1574, MGYG000324400
2026-01-11 16:05:29.677543 INFO::Fitting model to feature number 1575, MGYG000357081
2026-01-11 16:05:29.680791 INFO::Fitting model to feature number 1576, Leuconostoc citreum
2026-01-11 16:05:29.683193 WARNING::Fitting problem for feature 1576 returning NA
2026-01-11 16:05:29.685486 INFO::Fitting model to feature number 1577, Enterococcus_E cecorum
2026-01-11 16:05:29.687653 WARNING::Fitting problem for feature 1577 returning NA
2026-01-11 16:05:29.689528 INFO::Fitting model to feature number 1578, MGYG000410809
2026-01-11 16:05:29.692196 WARNING::Fitting problem for feature 1578 returning NA
2026-01-11 16:05:29.694627 INFO::Fitting model to feature number 1579, Anaerotardibacter sp000434775
2026-01-11 16:05:29.697055 WARNING::Fitting problem for feature 1579 returning NA
2026-01-11 16:05:29.700397 INFO::Fitting model to feature number 1580, MGYG000325716
2026-01-11 16:05:29.702837 WARNING::Fitting problem for feature 1580 returning NA
2026-01-11 16:05:29.704751 INFO::Fitting model to feature number 1581, Bacteroides fragilis
2026-01-11 16:05:29.712011 INFO::Fitting model to feature number 1582, Eubacterium_F sp910589595
2026-01-11 16:05:29.716055 INFO::Fitting model to feature number 1583, Acetatifactor sp910584435
2026-01-11 16:05:29.718907 WARNING::Fitting problem for feature 1583 returning NA
2026-01-11 16:05:29.721428 INFO::Fitting model to feature number 1584, Butyribacter sp003611745
2026-01-11 16:05:29.724297 INFO::Fitting model to feature number 1585, MGYG000410930
2026-01-11 16:05:29.729464 INFO::Fitting model to feature number 1586, MGYG000410149
2026-01-11 16:05:29.734628 INFO::Fitting model to feature number 1587, MGYG000328377
2026-01-11 16:05:29.737132 WARNING::Fitting problem for feature 1587 returning NA
2026-01-11 16:05:29.739264 INFO::Fitting model to feature number 1588, MGYG000324606
2026-01-11 16:05:29.74199 WARNING::Fitting problem for feature 1588 returning NA
2026-01-11 16:05:29.744042 INFO::Fitting model to feature number 1589, Dorea_A longicatena
2026-01-11 16:05:29.746606 WARNING::Fitting problem for feature 1589 returning NA
2026-01-11 16:05:29.749267 INFO::Fitting model to feature number 1590, MGYG000323390
2026-01-11 16:05:29.751779 WARNING::Fitting problem for feature 1590 returning NA
2026-01-11 16:05:29.753703 INFO::Fitting model to feature number 1591, CALWPV01 sp022794035
2026-01-11 16:05:29.756567 INFO::Fitting model to feature number 1592, Dysosmobacter sp900763685
2026-01-11 16:05:29.758784 WARNING::Fitting problem for feature 1592 returning NA
2026-01-11 16:05:29.760908 INFO::Fitting model to feature number 1593, Evtepia sp004556345
2026-01-11 16:05:29.763706 WARNING::Fitting problem for feature 1593 returning NA
2026-01-11 16:05:29.76614 INFO::Fitting model to feature number 1594, Evtepia gabavorous
2026-01-11 16:05:29.768637 WARNING::Fitting problem for feature 1594 returning NA
2026-01-11 16:05:29.771755 INFO::Fitting model to feature number 1595, MGYG000387732
2026-01-11 16:05:29.774657 WARNING::Fitting problem for feature 1595 returning NA
2026-01-11 16:05:29.776741 INFO::Fitting model to feature number 1596, Avoscillospira_A sp022795735
2026-01-11 16:05:29.780149 WARNING::Fitting problem for feature 1596 returning NA
2026-01-11 16:05:29.783095 INFO::Fitting model to feature number 1597, Eubacterium_R sp009774735
2026-01-11 16:05:29.786636 INFO::Fitting model to feature number 1598, MGYG000325665
2026-01-11 16:05:29.790282 INFO::Fitting model to feature number 1599, Eubacterium_R sp910584985
2026-01-11 16:05:29.795081 INFO::Fitting model to feature number 1600, Eubacterium_R sp910577215
2026-01-11 16:05:29.79843 INFO::Fitting model to feature number 1601, MGYG000325451
2026-01-11 16:05:29.80222 INFO::Fitting model to feature number 1602, MGYG000403628
2026-01-11 16:05:29.805199 INFO::Fitting model to feature number 1603, MGYG000327108
2026-01-11 16:05:29.808927 INFO::Fitting model to feature number 1604, Bittarella massiliensis
2026-01-11 16:05:29.812582 WARNING::Fitting problem for feature 1604 returning NA
2026-01-11 16:05:29.815975 INFO::Fitting model to feature number 1605, MGYG000327115
2026-01-11 16:05:29.818567 WARNING::Fitting problem for feature 1605 returning NA
2026-01-11 16:05:29.821293 INFO::Fitting model to feature number 1606, MGYG000358052
2026-01-11 16:05:29.825817 INFO::Fitting model to feature number 1607, MGYG000325728
2026-01-11 16:05:29.82949 WARNING::Fitting problem for feature 1607 returning NA
2026-01-11 16:05:29.832325 INFO::Fitting model to feature number 1608, MGYG000325324
2026-01-11 16:05:29.838219 INFO::Fitting model to feature number 1609, MGYG000325708
2026-01-11 16:05:29.842446 WARNING::Fitting problem for feature 1609 returning NA
2026-01-11 16:05:29.845658 INFO::Fitting model to feature number 1610, MGYG000410978
2026-01-11 16:05:29.849982 WARNING::Fitting problem for feature 1610 returning NA
2026-01-11 16:05:29.852988 INFO::Fitting model to feature number 1611, MGYG000329907
2026-01-11 16:05:29.856776 INFO::Fitting model to feature number 1612, MGYG000411499
2026-01-11 16:05:29.862489 INFO::Fitting model to feature number 1613, QAKD01 sp022793975
2026-01-11 16:05:29.866712 WARNING::Fitting problem for feature 1613 returning NA
2026-01-11 16:05:29.869794 INFO::Fitting model to feature number 1614, Reyranella aquatilis
2026-01-11 16:05:29.873945 WARNING::Fitting problem for feature 1614 returning NA
2026-01-11 16:05:29.877169 INFO::Fitting model to feature number 1615, MGYG000339341
2026-01-11 16:05:29.881474 WARNING::Fitting problem for feature 1615 returning NA
2026-01-11 16:05:29.885075 INFO::Fitting model to feature number 1616, Collinsella bouchesdurhonensis
2026-01-11 16:05:29.888793 WARNING::Fitting problem for feature 1616 returning NA
2026-01-11 16:05:29.892427 INFO::Fitting model to feature number 1617, Desulfovibrio sp900319575
2026-01-11 16:05:29.896599 WARNING::Fitting problem for feature 1617 returning NA
2026-01-11 16:05:29.90039 INFO::Fitting model to feature number 1618, MGYG000325614
2026-01-11 16:05:29.907644 INFO::Fitting model to feature number 1619, Dielma fastidiosa
2026-01-11 16:05:29.915788 INFO::Fitting model to feature number 1620, UBA1067 sp902788415
2026-01-11 16:05:29.919678 WARNING::Fitting problem for feature 1620 returning NA
2026-01-11 16:05:29.922965 INFO::Fitting model to feature number 1621, UBA3282 sp910578555
2026-01-11 16:05:29.930068 INFO::Fitting model to feature number 1622, MGYG000330584
2026-01-11 16:05:29.933835 WARNING::Fitting problem for feature 1622 returning NA
2026-01-11 16:05:29.937099 INFO::Fitting model to feature number 1623, MGYG000410602
2026-01-11 16:05:29.94049 WARNING::Fitting problem for feature 1623 returning NA
2026-01-11 16:05:29.943871 INFO::Fitting model to feature number 1624, Howiella sp022791355
2026-01-11 16:05:29.949794 INFO::Fitting model to feature number 1625, QXXE01 sp910589115
2026-01-11 16:05:29.952392 WARNING::Fitting problem for feature 1625 returning NA
2026-01-11 16:05:29.954518 INFO::Fitting model to feature number 1626, Anaerocaecibacter sp910587805
2026-01-11 16:05:29.959831 INFO::Fitting model to feature number 1627, Ventricola sp900542395
2026-01-11 16:05:29.963308 WARNING::Fitting problem for feature 1627 returning NA
2026-01-11 16:05:29.966194 INFO::Fitting model to feature number 1628, MGYG000376566
2026-01-11 16:05:29.968788 WARNING::Fitting problem for feature 1628 returning NA
2026-01-11 16:05:29.971428 INFO::Fitting model to feature number 1629, CAG-267 sp910576955
2026-01-11 16:05:29.974119 WARNING::Fitting problem for feature 1629 returning NA
2026-01-11 16:05:29.976408 INFO::Fitting model to feature number 1630, MGYG000335208
2026-01-11 16:05:29.980031 WARNING::Fitting problem for feature 1630 returning NA
2026-01-11 16:05:29.9825 INFO::Fitting model to feature number 1631, MGYG000326756
2026-01-11 16:05:29.985486 WARNING::Fitting problem for feature 1631 returning NA
2026-01-11 16:05:29.987705 INFO::Fitting model to feature number 1632, Longicatena caecimuris
2026-01-11 16:05:29.991147 INFO::Fitting model to feature number 1633, MGYG000324718
2026-01-11 16:05:29.995428 INFO::Fitting model to feature number 1634, MGYG000326954
2026-01-11 16:05:29.999721 INFO::Fitting model to feature number 1635, Coproplasma sp910578655
2026-01-11 16:05:30.00274 INFO::Fitting model to feature number 1636, Parabacteroides faecavium
2026-01-11 16:05:30.007352 INFO::Fitting model to feature number 1637, MGYG000325474
2026-01-11 16:05:30.012218 INFO::Fitting model to feature number 1638, Gallimonas sp910588465
2026-01-11 16:05:30.015809 INFO::Fitting model to feature number 1639, Ralstonia pickettii_B
2026-01-11 16:05:30.018836 INFO::Fitting model to feature number 1640, MGYG000327731
2026-01-11 16:05:30.021743 WARNING::Fitting problem for feature 1640 returning NA
2026-01-11 16:05:30.023863 INFO::Fitting model to feature number 1641, MGYG000325340
2026-01-11 16:05:30.026428 WARNING::Fitting problem for feature 1641 returning NA
2026-01-11 16:05:30.029612 INFO::Fitting model to feature number 1642, MGYG000325552
2026-01-11 16:05:30.033602 INFO::Fitting model to feature number 1643, VSOB01 sp910585205
2026-01-11 16:05:30.039946 INFO::Fitting model to feature number 1644, MGYG000330463
2026-01-11 16:05:30.042919 WARNING::Fitting problem for feature 1644 returning NA
2026-01-11 16:05:30.045564 INFO::Fitting model to feature number 1645, Robinsoniella sp900555455
2026-01-11 16:05:30.048459 WARNING::Fitting problem for feature 1645 returning NA
2026-01-11 16:05:30.051544 INFO::Fitting model to feature number 1646, Lawsonibacter asaccharolyticus
2026-01-11 16:05:30.05443 WARNING::Fitting problem for feature 1646 returning NA
2026-01-11 16:05:30.056498 INFO::Fitting model to feature number 1647, Enterenecus sp932222125
2026-01-11 16:05:30.059367 WARNING::Fitting problem for feature 1647 returning NA
2026-01-11 16:05:30.061964 INFO::Fitting model to feature number 1648, MGYG000330031
2026-01-11 16:05:30.065221 WARNING::Fitting problem for feature 1648 returning NA
2026-01-11 16:05:30.067444 INFO::Fitting model to feature number 1649, CAG-170 sp900553545
2026-01-11 16:05:30.069841 WARNING::Fitting problem for feature 1649 returning NA
2026-01-11 16:05:30.072292 INFO::Fitting model to feature number 1650, Oscillibacter sp002455655
2026-01-11 16:05:30.074781 WARNING::Fitting problem for feature 1650 returning NA
2026-01-11 16:05:30.076803 INFO::Fitting model to feature number 1651, Harryflintia sp022792175
2026-01-11 16:05:30.080406 WARNING::Fitting problem for feature 1651 returning NA
2026-01-11 16:05:30.082822 INFO::Fitting model to feature number 1652, Fimimonas sp910586625
2026-01-11 16:05:30.086277 INFO::Fitting model to feature number 1653, MGYG000344714
2026-01-11 16:05:30.090976 INFO::Fitting model to feature number 1654, MGYG000324647
2026-01-11 16:05:30.094226 WARNING::Fitting problem for feature 1654 returning NA
2026-01-11 16:05:30.096647 INFO::Fitting model to feature number 1655, MGYG000377617
2026-01-11 16:05:30.099692 WARNING::Fitting problem for feature 1655 returning NA
2026-01-11 16:05:30.102241 INFO::Fitting model to feature number 1656, Cryptobacteroides sp000434935
2026-01-11 16:05:30.10599 INFO::Fitting model to feature number 1657, MGYG000323975
2026-01-11 16:05:30.110846 INFO::Fitting model to feature number 1658, Klebsiella pneumoniae
2026-01-11 16:05:30.117825 INFO::Fitting model to feature number 1659, Citrobacter_A sedlakii
2026-01-11 16:05:30.124066 INFO::Fitting model to feature number 1660, Proteus faecis
2026-01-11 16:05:30.130755 INFO::Fitting model to feature number 1661, RUG572 sp900547945
2026-01-11 16:05:30.719447 INFO::Creating fits folder
2026-01-11 16:05:30.720785 INFO::Writing model objects to file /home/julianne/Documents/slc_si_paper/results/Bracken/SMT_Maaslin3/Ileum//Sex_Genotype/fits/models_linear.rds
2026-01-11 16:05:34.405052 INFO::Writing residuals to file /home/julianne/Documents/slc_si_paper/results/Bracken/SMT_Maaslin3/Ileum//Sex_Genotype/fits/residuals_linear.rds
2026-01-11 16:05:34.420583 INFO::Writing fitted values to file /home/julianne/Documents/slc_si_paper/results/Bracken/SMT_Maaslin3/Ileum//Sex_Genotype/fits/fitted_linear.rds
2026-01-11 16:05:34.438392 INFO::Writing model objects to file /home/julianne/Documents/slc_si_paper/results/Bracken/SMT_Maaslin3/Ileum//Sex_Genotype/fits/models_logistic.rds
2026-01-11 16:06:12.513764 INFO::Writing residuals to file /home/julianne/Documents/slc_si_paper/results/Bracken/SMT_Maaslin3/Ileum//Sex_Genotype/fits/residuals_logistic.rds
2026-01-11 16:06:12.552387 INFO::Writing fitted values to file /home/julianne/Documents/slc_si_paper/results/Bracken/SMT_Maaslin3/Ileum//Sex_Genotype/fits/fitted_logistic.rds
2026-01-11 16:06:12.60025 INFO::Writing all the results to file (ordered 
            by increasing individual q-values): /home/julianne/Documents/slc_si_paper/results/Bracken/SMT_Maaslin3/Ileum//Sex_Genotype/all_results.tsv
2026-01-11 16:06:12.658276 INFO::Writing the significant results without errors (those which have joint q-values less than or equal to the threshold of 0.250000 ) to file (ordered by increasing individual q-values): /home/julianne/Documents/slc_si_paper/results/Bracken/SMT_Maaslin3/Ileum//Sex_Genotype/significant_results.tsv
2026-01-11 16:06:12.667851 INFO::Creating output figures folder
2026-01-11 16:06:12.678915 INFO::Writing summary plot of significant
                        results to file: /home/julianne/Documents/slc_si_paper/results/Bracken/SMT_Maaslin3/Ileum//Sex_Genotype/figures/summary_plot.pdf
2026-01-11 16:06:14.713915 INFO::Writing association plots (one for each significant association) to output folder: /home/julianne/Documents/slc_si_paper/results/Bracken/SMT_Maaslin3/Ileum//Sex_Genotype/figures
2026-01-11 16:06:14.718282 INFO::Plotting associations from most to least significant, grouped by metadata
2026-01-11 16:06:14.723423 INFO::Creating box plot for categorical data (linear), 
                        Sex vs Parvibacter caecicola
2026-01-11 16:06:14.754032 INFO::Creating box plot for categorical data (linear), 
                        Genotype vs Thomasclavelia cocleata
2026-01-11 16:06:14.783371 INFO::Creating box plot for categorical data (linear), 
                        Genotype vs UBA11957 sp910588295
2026-01-11 16:06:14.806978 INFO::Creating box plot for categorical data (linear), 
                        Genotype vs Choladocola sp910574965
2026-01-11 16:06:14.83674 INFO::Creating box plot for categorical data (linear), 
                        Sex vs D16-63 sp910588095
2026-01-11 16:06:14.871418 INFO::Creating box plot for categorical data (linear), 
                        Genotype vs Lawsonibacter sp910589085
2026-01-11 16:06:14.900017 INFO::Creating box plot for categorical data (linear), 
                        Sex vs MGYG000329984
2026-01-11 16:06:14.929266 INFO::Creating box plot for categorical data (linear), 
                        Sex vs Adlercreutzia sp910585575
2026-01-11 16:06:14.955585 INFO::Creating box plot for categorical data (linear), 
                        Sex vs Muribaculum gordoncarteri
2026-01-11 16:06:14.982093 INFO::Creating box plot for categorical data (linear), 
                        Genotype vs MGYG000323047
2026-01-11 16:06:15.017055 INFO::Creating box plot for categorical data (linear), 
                        Sex vs Acutalibacter sp910588935
2026-01-11 16:06:15.052882 INFO::Creating box plot for categorical data (linear), 
                        Genotype vs MGYG000326314
2026-01-11 16:06:15.08923 INFO::Creating box plot for categorical data (linear), 
                        Genotype vs MD308 sp010206225
2026-01-11 16:06:15.118342 INFO::Creating box plot for categorical data (linear), 
                        Sex vs Enterorhabdus sp009911695
2026-01-11 16:06:15.14412 INFO::Creating box plot for categorical data (linear), 
                        Genotype vs Paramuribaculum sp001689535
2026-01-11 16:06:15.16731 INFO::Creating box plot for categorical data (linear), 
                        Sex vs Acutalibacter sp009917445
2026-01-11 16:06:15.190464 INFO::Creating box plot for categorical data (linear), 
                        Genotype vs D16-34 sp910575165
2026-01-11 16:06:15.24525 INFO::Creating box plot for categorical data (linear), 
                        Sex vs D16-34 sp910575165
2026-01-11 16:06:15.280784 INFO::Creating box plot for categorical data (linear), 
                        Genotype vs Enterenecus sp910579155
2026-01-11 16:06:15.312614 INFO::Creating box plot for categorical data (linear), 
                        Genotype vs MGYG000329984
