"feature"	"metadata"	"value"	"name"	"coef"	"null_hypothesis"	"stderr"	"pval_individual"	"qval_individual"	"pval_joint"	"qval_joint"	"error"	"model"	"N"	"N_not_zero"
"Parvibacter caecicola"	"Sex"	"M"	"SexM"	-5.19581675844347	-0.355814468385251	0.607911643237588	3.64125543050875e-08	7.31164090446157e-05	3.64125543050875e-08	6.04812527007503e-05	NA	"abundance"	30	27
"Thomasclavelia cocleata"	"Genotype"	"MUT"	"GenotypeMUT"	4.474979607986	0.280951100524579	0.418627534607173	2.86163448492971e-08	7.31164090446157e-05	5.72326888796988e-08	6.2855623924607e-05	NA	"abundance"	30	19
"UBA11957 sp910588295"	"Genotype"	"MUT"	"GenotypeMUT"	-5.02366968686646	0.280951100524579	0.627146460737028	3.47311543968942e-08	7.31164090446157e-05	3.47311543968942e-08	6.04812527007503e-05	NA	"abundance"	30	24
"Choladocola sp910574965"	"Genotype"	"MUT"	"GenotypeMUT"	4.62845204162989	0.280951100524579	0.569813997222651	7.56840745630427e-08	0.000113980216291942	7.56840745630427e-08	6.2855623924607e-05	NA	"abundance"	30	27
"D16-63 sp910588095"	"Sex"	"M"	"SexM"	-4.14791920736515	-0.355814468385251	0.529732762796659	2.30379029853012e-07	0.000203763218660669	2.30379029853012e-07	0.00011236743233578	NA	"abundance"	30	27
"Lawsonibacter sp910589085"	"Genotype"	"MUT"	"GenotypeMUT"	4.83653249706837	0.280951100524579	0.619167506614859	2.35789259228625e-07	0.000203763218660669	2.35789259228625e-07	0.00011236743233578	NA	"abundance"	30	25
"MGYG000329984"	"Sex"	"M"	"SexM"	-3.53094349246392	-0.355814468385251	0.443897941141151	2.36776648510073e-07	0.000203763218660669	2.36776648510073e-07	0.00011236743233578	NA	"abundance"	30	27
"Adlercreutzia sp910585575"	"Sex"	"M"	"SexM"	-2.20681336147384	-0.355814468385251	0.293507952990145	2.35997373587704e-06	0.0015796090872137	4.71994190227805e-06	0.00156796469993677	NA	"abundance"	30	26
"Muribaculum gordoncarteri"	"Sex"	"M"	"SexM"	-5.90849518331864	-0.355814468385251	0.915630196595508	2.12517698272574e-06	0.0015796090872137	2.12517698272574e-06	0.000882479742076864	NA	"abundance"	30	29
"MGYG000323047"	"Genotype"	"MUT"	"GenotypeMUT"	2.70621200742965	0.280951100524579	0.40561868808837	3.29598067994041e-06	0.0019854987615961	3.29598067994041e-06	0.00121658309097356	NA	"abundance"	30	28
"Acutalibacter sp910588935"	"Sex"	"M"	"SexM"	-4.81523511109357	-0.355814468385251	0.715806276735199	5.66765373166689e-06	0.00310381327996012	5.66765373166689e-06	0.0017116314269634	NA	"abundance"	30	22
"MGYG000326314"	"Genotype"	"MUT"	"GenotypeMUT"	-2.81770771867247	0.280951100524579	0.500382060534433	6.25804928056084e-06	0.00314154073884154	6.25804928056084e-06	0.00173243664250193	NA	"abundance"	30	22
"MD308 sp010206225"	"Genotype"	"MUT"	"GenotypeMUT"	2.74257476934006	0.280951100524579	0.441696887753998	6.89438863121783e-06	0.00319475362418894	6.89438863121783e-06	0.00176178146406966	NA	"abundance"	30	30
"Enterorhabdus sp009911695"	"Sex"	"M"	"SexM"	-3.95123035251943	-0.355814468385251	0.650254439080235	1.13901172438258e-05	0.0049010047340576	1.13901172438258e-05	0.00270271210599923	NA	"abundance"	30	27
"Paramuribaculum sp001689535"	"Genotype"	"MUT"	"GenotypeMUT"	-5.81633937847976	0.280951100524579	1.13287858400771	1.23895235220051e-05	0.00497563264643723	1.23895235220051e-05	0.00274386647600672	NA	"abundance"	30	29
"Acutalibacter sp009917445"	"Sex"	"M"	"SexM"	-4.08923553981163	-0.355814468385251	0.659915906786676	1.59926053577841e-05	0.00602121591720572	1.59926053577841e-05	0.00332046468740993	NA	"abundance"	30	23
"D16-34 sp910575165"	"Genotype"	"MUT"	"GenotypeMUT"	-3.06343392129444	0.280951100524579	0.633727163689114	2.12920665748628e-05	0.00610778138318922	4.25836797976266e-05	0.00572948805935482	NA	"abundance"	30	27
"D16-34 sp910575165"	"Sex"	"M"	"SexM"	-3.70261586090395	-0.355814468385251	0.633727163689114	2.12816436557794e-05	0.00610778138318922	2.12816436557794e-05	0.00372092738023681	NA	"abundance"	30	27
"Enterenecus sp910579155"	"Genotype"	"MUT"	"GenotypeMUT"	4.25830295008138	0.280951100524579	0.726557650939709	1.73961216605178e-05	0.00610778138318922	1.73961216605178e-05	0.00339940683272002	NA	"abundance"	30	25
"MGYG000329984"	"Genotype"	"MUT"	"GenotypeMUT"	-2.08608995780563	0.280951100524579	0.443897941141151	1.93031468300742e-05	0.00610778138318922	3.86059210486708e-05	0.00557603781407323	NA	"abundance"	30	27
"Muribaculum sp910587665"	"Sex"	"M"	"SexM"	-3.34851547479044	-0.355814468385251	0.565578511291564	2.08209724268382e-05	0.00610778138318922	2.08209724268382e-05	0.00372092738023681	NA	"abundance"	30	27
"Butyribacter sp910575435"	"Genotype"	"MUT"	"GenotypeMUT"	3.37818086989804	0.280951100524579	0.594682371284814	2.25405544351798e-05	0.00617201363261468	2.25405544351798e-05	0.00374398609168336	NA	"abundance"	30	28
"RACS-045 sp910579785"	"Sex"	"M"	"SexM"	3.22688180812773	-0.355814468385251	0.670380960217716	2.76511974521831e-05	0.00724220928051962	2.76511974521831e-05	0.00437415609219773	NA	"abundance"	30	24
"CAG-873 sp002490635"	"Sex"	"M"	"SexM"	-6.17593730312595	-0.355814468385251	1.16370830299799	3.73674458145068e-05	0.00937922889944121	3.73674458145068e-05	0.00557603781407323	NA	"abundance"	30	28
"UBA7173 sp001689485"	"Genotype"	"MUT"	"GenotypeMUT"	3.26078033294825	0.280951100524579	0.605716941893006	4.31177608319899e-05	0.0103896556500763	4.31177608319899e-05	0.00572948805935482	NA	"abundance"	30	29
"CAJFPI01 sp022801715"	"Genotype"	"MUT"	"GenotypeMUT"	3.4589663765305	0.280951100524579	0.611192012622992	4.49940646096714e-05	0.0104247786618715	4.49940646096714e-05	0.00574885702435878	NA	"abundance"	30	23
"MGYG000328306"	"Sex"	"M"	"SexM"	-4.28466016494315	-0.355814468385251	0.783365572694193	5.87321817648867e-05	0.0131038023315436	5.87321817648867e-05	0.00722623362307236	NA	"abundance"	30	24
"MGYG000328353"	"Sex"	"M"	"SexM"	-2.5921304571212	-0.355814468385251	0.434978255841899	6.28237629080042e-05	0.0135160838484935	6.28237629080042e-05	0.00745359072787107	NA	"abundance"	30	22
"MGYG000324148"	"Sex"	"M"	"SexM"	-4.69960842300744	-0.355814468385251	0.889334312232608	9.11399721867934e-05	0.0183009064151081	9.11399721867934e-05	0.0100922329201509	NA	"abundance"	30	23
"MGYG000410711"	"Sex"	"M"	"SexM"	-1.90836646905661	-0.355814468385251	0.318177886008492	8.98923018790576e-05	0.0183009064151081	8.98923018790576e-05	0.0100922329201509	NA	"abundance"	30	24
"NM07-P-09 sp004793665"	"Genotype"	"MUT"	"GenotypeMUT"	3.32741923429993	0.280951100524579	0.669586122371116	0.000113977658713238	0.0221484327770499	0.000113977658713238	0.0122139929756573	NA	"abundance"	30	29
"Bilophila sp910585945"	"Sex"	"M"	"SexM"	-3.72790125815972	-0.355814468385251	0.731722905054618	0.000125979134419474	0.0231277024380053	0.000125979134419474	0.0130782088919216	NA	"abundance"	30	26
"MGYG000410574"	"Sex"	"M"	"SexM"	-2.58752354894846	-0.355814468385251	0.479385563946139	0.00012669558108469	0.0231277024380053	0.000253375110399115	0.0195747003894386	NA	"abundance"	30	25
"Acetatifactor sp910585615"	"Genotype"	"MUT"	"GenotypeMUT"	3.36276182802318	0.280951100524579	0.677040053983837	0.000146063184396361	0.0251395606515337	0.000146063184396361	0.0142712323107268	NA	"abundance"	30	26
"Lachnospira sp910589305"	"Genotype"	"MUT"	"GenotypeMUT"	3.41381276678943	0.280951100524579	0.551127944278938	0.000145285905053028	0.0251395606515337	0.000145285905053028	0.0142712323107268	NA	"abundance"	30	14
"Enterorhabdus sp009911695"	"Genotype"	"MUT"	"GenotypeMUT"	-2.63461277890162	0.280951100524579	0.650254439080235	0.000157363687022238	0.0263321902950546	0.000314702610714484	0.0230758922934434	NA	"abundance"	30	27
"MGYG000411451"	"Genotype"	"MUT"	"GenotypeMUT"	-3.41370040555757	0.280951100524579	0.742214280841286	0.000169121604555955	0.0268102248906598	0.000169121604555955	0.0160520562952824	NA	"abundance"	30	18
"Parvibacter caecicola"	"Genotype"	"MUT"	"GenotypeMUT"	-2.4384751478976	0.280951100524579	0.607911643237588	0.000165598185076776	0.0268102248906598	0.000331168947394652	0.0232077372196432	NA	"abundance"	30	27
"Bacteroides caecimuris"	"Genotype"	"MUT"	"GenotypeMUT"	3.58516858489334	0.280951100524579	0.752570926093281	0.000184255807084588	0.0284604354327579	0.000184255807084588	0.0170027164204167	NA	"abundance"	30	28
"ZJ304 sp943192905"	"Sex"	"M"	"SexM"	-1.80354291899089	-0.355814468385251	0.306542155898513	0.000189394576441959	0.028522823212159	0.000378753282578333	0.0241965077831773	NA	"abundance"	30	21
"Bariatricus sp022793995"	"Genotype"	"MUT"	"GenotypeMUT"	-3.08801348886211	0.280951100524579	0.675641472889823	0.000203475403240949	0.0298959958322799	0.000203475403240949	0.0182687916099036	NA	"abundance"	30	17
"Adlercreutzia caecimuris"	"Sex"	"M"	"SexM"	-4.39195152809757	-0.355814468385251	0.93042266264946	0.000246450346182425	0.0331345832151119	0.000246450346182425	0.0195747003894386	NA	"abundance"	30	26
"Muribaculum intestinale"	"Sex"	"M"	"SexM"	-4.69425506005524	-0.355814468385251	1.02175361629204	0.000247615475209795	0.0331345832151119	0.000247615475209795	0.0195747003894386	NA	"abundance"	30	29
"UBA3282 sp910578115"	"Genotype"	"MUT"	"GenotypeMUT"	3.99964582597524	0.280951100524579	0.787151803146733	0.00023374192949932	0.0331345832151119	0.00023374192949932	0.0195747003894386	NA	"abundance"	30	19
"Zhenpiania sp910575405"	"Genotype"	"MUT"	"GenotypeMUT"	2.19020958517479	0.280951100524579	0.446708160403119	0.000241483693519395	0.0331345832151119	0.000241483693519395	0.0195747003894386	NA	"abundance"	30	29
"ZJ304 sp910584145"	"Genotype"	"MUT"	"GenotypeMUT"	-2.97687473057749	0.280951100524579	0.758301388839528	0.000253019725746206	0.0331345832151119	0.000253019725746206	0.0195747003894386	NA	"abundance"	30	27
"Paralachnospira sp910588815"	"Sex"	"M"	"SexM"	-3.86687750491328	-0.355814468385251	0.675311468974857	0.000299389816204254	0.0383728564428601	0.000299389816204254	0.0226039311234212	NA	"abundance"	30	14
"UBA3282 sp009774215"	"Sex"	"M"	"SexM"	2.62796449977164	-0.355814468385251	0.641009751723973	0.000319533728325827	0.0401014829048913	0.000319533728325827	0.0230758922934434	NA	"abundance"	30	18
"CAG-485 sp002361155"	"Sex"	"M"	"SexM"	-3.05252644440611	-0.355814468385251	0.650174273339797	0.000349303690843517	0.0412589300713989	0.000349303690843517	0.0232077372196432	NA	"abundance"	30	28
"CAG-873 sp009775265"	"Sex"	"M"	"SexM"	-4.73909534332117	-0.355814468385251	1.02580511545792	0.000340028448151841	0.0412589300713989	0.000340028448151841	0.0232077372196432	NA	"abundance"	30	24
"Dysosmobacter sp910586735"	"Sex"	"M"	"SexM"	-3.10104455949394	-0.355814468385251	0.647211981511744	0.000344998224184656	0.0412589300713989	0.000344998224184656	0.0232077372196432	NA	"abundance"	30	25
"MGBC163016 sp910589125"	"Sex"	"M"	"SexM"	-2.09949232599379	-0.355814468385251	0.401933161616042	0.000375146150305761	0.0431669965423891	0.000375146150305761	0.0241965077831773	NA	"abundance"	30	22
"QXXE01 sp009911355"	"Sex"	"M"	"SexM"	-2.92857529958765	-0.355814468385251	0.622315355056824	0.000386955148288348	0.0431669965423891	0.000386955148288348	0.0242540566530923	NA	"abundance"	30	27
"UBA1394 sp910588145"	"Sex"	"M"	"SexM"	-4.02839286620248	0	1.13492132106398	0.000385976850982064	0.0431669965423891	0.000771804723834634	0.0388475044330099	NA	"prevalence"	30	15
"CAG-95 sp910585005"	"Genotype"	"MUT"	"GenotypeMUT"	-4.43375648116243	0.280951100524579	1.08684029829036	0.000450222787634402	0.0493116740492662	0.000450222787634402	0.027697038898546	NA	"abundance"	30	20
"Adlercreutzia sp910585575"	"Genotype"	"MUT"	"GenotypeMUT"	-0.920773156005808	0.280951100524579	0.292638297884556	0.000479830500495826	0.0503434802222175	0.000479830500495826	0.0282495177048996	NA	"abundance"	30	26
"Lawsonibacter sp022794495"	"Genotype"	"MUT"	"GenotypeMUT"	2.98935651260095	0.280951100524579	0.659751405135009	0.000478671246011086	0.0503434802222175	0.000478671246011086	0.0282495177048996	NA	"abundance"	30	25
"MGYG000329046"	"Genotype"	"MUT"	"GenotypeMUT"	2.6458560614291	0.280951100524579	0.384702946223529	0.000484714783016038	0.0503434802222175	0.000484714783016038	0.0282495177048996	NA	"abundance"	30	10
"Pelethomonas sp910578505"	"Genotype"	"MUT"	"GenotypeMUT"	-2.61976205808756	0.280951100524579	0.698994984830472	0.00050642632700959	0.051706986337386	0.00050642632700959	0.0290060044538941	NA	"abundance"	30	23
"MGYG000329537"	"Sex"	"M"	"SexM"	-2.55813447812034	-0.355814468385251	0.544031244415788	0.000520615277213921	0.0522697738322776	0.000520615277213921	0.0293132873034685	NA	"abundance"	30	26
"Lawsonibacter sp910584605"	"Genotype"	"MUT"	"GenotypeMUT"	2.38769020761408	0.280951100524579	0.532102774224118	0.000538769019981067	0.0532056487928844	0.000538769019981067	0.0298298447396184	NA	"abundance"	30	29
"D16-63 sp910588095"	"Genotype"	"MUT"	"GenotypeMUT"	-1.82666474533239	0.280951100524579	0.529732762796659	0.000580023854506617	0.0563443663951893	0.00115971128134144	0.0535797001121159	NA	"abundance"	30	27
"Odoribacter sp021771575"	"Sex"	"M"	"SexM"	0.987206788255038	-0.355814468385251	0.339652815569945	0.00061731875532578	0.0563443663951893	0.00061731875532578	0.0325513159554324	NA	"abundance"	30	28
"Paramuribaculum intestinale"	"Genotype"	"MUT"	"GenotypeMUT"	-4.13427229709836	0.280951100524579	1.12666320116155	0.000614973470378533	0.0563443663951893	0.0012295687483878	0.0544616984285901	NA	"abundance"	30	28
"Paramuribaculum sp910587425"	"Genotype"	"MUT"	"GenotypeMUT"	-6.71689340913007	0.280951100524579	1.76499513857601	0.000614715723323056	0.0563443663951893	0.000614715723323056	0.0325513159554324	NA	"abundance"	30	26
"UBA3282 sp910577735"	"Sex"	"M"	"SexM"	2.48094270502431	-0.355814468385251	0.730209297096867	0.000613893855249348	0.0563443663951893	0.000613893855249348	0.0325513159554324	NA	"abundance"	30	30
"UBA2882 sp910574745"	"Sex"	"M"	"SexM"	-4.71714326154018	-0.355814468385251	0.987340312205208	0.000700242337372536	0.0629591020945098	0.000700242337372536	0.0363469538242432	NA	"abundance"	30	16
"MGYG000329032"	"Genotype"	"MUT"	"GenotypeMUT"	-3.29480161901817	0.280951100524579	0.911296682425837	0.000736877089634103	0.0652786409993505	0.000736877089634103	0.0376600875656075	NA	"abundance"	30	25
"Dysosmobacter sp022791135"	"Sex"	"M"	"SexM"	-2.79870424300315	-0.355814468385251	0.618571856867277	0.000886144903907926	0.0751850267766387	0.000886144903907926	0.0432907848644431	NA	"abundance"	30	22
"JAAVYW01 sp022791315"	"Sex"	"M"	"SexM"	4.12913903987743	-0.355814468385251	0.500704055553749	0.000874959105200634	0.0751850267766387	0.0017491526569655	0.0652885969262851	NA	"abundance"	30	7
"Pelethomonas sp022795905"	"Sex"	"M"	"SexM"	-2.92285165648515	-0.355814468385251	0.60760304527132	0.000871339963724793	0.0751850267766387	0.000871339963724793	0.0432028561118472	NA	"abundance"	30	17
"CAG-510 sp910577015"	"Genotype"	"MUT"	"GenotypeMUT"	2.89348091172932	0.280951100524579	0.432231639854351	0.000954178468507649	0.07983293186514	0.000954178468507649	0.0459388532229335	NA	"abundance"	30	9
"Parabacteroides goldsteinii"	"Genotype"	"MUT"	"GenotypeMUT"	3.65683710340171	0.280951100524579	0.87786988573599	0.0010233428435551	0.0844468121859713	0.0010233428435551	0.048564927518429	NA	"abundance"	30	23
"Adlercreutzia sp910589165"	"Sex"	"M"	"SexM"	-2.04304679967551	-0.355814468385251	0.450868581047488	0.00120510363663562	0.0916306632619206	0.00240875499849621	0.0792156489901454	NA	"abundance"	30	25
"Dysosmobacter sp910575815"	"Sex"	"M"	"SexM"	1.64393625885012	-0.355814468385251	0.547249736956434	0.00119149096524862	0.0916306632619206	0.00238156227977697	0.079115498934191	NA	"abundance"	30	29
"Enterenecus sp910588495"	"Sex"	"M"	"SexM"	-3.03820867251478	-0.355814468385251	0.728521467346318	0.00119205228789476	0.0916306632619206	0.00119205228789476	0.0535797001121159	NA	"abundance"	30	27
"MGBC118957 sp910584385"	"Genotype"	"MUT"	"GenotypeMUT"	1.82258945411375	0.280951100524579	0.405931631630821	0.00119352733542943	0.0916306632619206	0.00119352733542943	0.0535797001121159	NA	"abundance"	30	23
"MGBC163016 sp910588985"	"Sex"	"M"	"SexM"	-1.83442385359871	-0.355814468385251	0.378752998140854	0.00121687467811316	0.0916306632619206	0.00243226857224408	0.0792156489901454	NA	"abundance"	30	20
"MGYG000329834"	"Sex"	"M"	"SexM"	-2.3775569602901	-0.355814468385251	0.528960632324922	0.0011904280967171	0.0916306632619206	0.00237943907438075	0.079115498934191	NA	"abundance"	30	22
"MGYG000330291"	"Sex"	"M"	"SexM"	-2.10038853913742	-0.355814468385251	0.427373995442918	0.00118198738164121	0.0916306632619206	0.00118198738164121	0.0535797001121159	NA	"abundance"	30	17
"MGYG000326888"	"Sex"	"M"	"SexM"	-2.87263407500732	-0.355814468385251	0.686031677661714	0.00130209262967107	0.0945036867607051	0.0026024898141259	0.0823378205954879	NA	"abundance"	30	26
"UBA3282 sp009774655"	"Genotype"	"MUT"	"GenotypeMUT"	3.74535745787574	0.280951100524579	0.949856549231348	0.00129617406225124	0.0945036867607051	0.00129617406225124	0.0566564504578767	NA	"abundance"	30	27
"Alloprevotella sp002933955"	"Sex"	"M"	"SexM"	-2.99006667278444	0	0.928493367576587	0.00128037516433587	0.0945036867607051	0.0025591109681103	0.0817439099621385	NA	"prevalence"	30	15
"Desulfovibrio sp910575755"	"Sex"	"M"	"SexM"	-2.20649262001818	-0.355814468385251	0.50983819741737	0.0013422108552269	0.0951232728457276	0.0013422108552269	0.0571644161674841	NA	"abundance"	30	28
"NSJ-51 sp910585415"	"Genotype"	"MUT"	"GenotypeMUT"	2.3036853337668	0.280951100524579	0.557947739669451	0.00132960845675578	0.0951232728457276	0.00132960845675578	0.0571644161674841	NA	"abundance"	30	28
"MGBC163016 sp910585565"	"Sex"	"M"	"SexM"	-1.99963809063094	-0.355814468385251	0.441589791739477	0.00140691680125615	0.0985496140786868	0.00140691680125615	0.0591617419464929	NA	"abundance"	30	23
"MD308 sp910584615"	"Genotype"	"MUT"	"GenotypeMUT"	2.27965422513265	0.280951100524579	0.53179982623675	0.00148513166790254	0.0997211269648701	0.00148513166790254	0.0603573967138698	NA	"abundance"	30	21
"MGYG000327852"	"Sex"	"M"	"SexM"	-1.64792206233781	-0.355814468385251	0.349004720854442	0.00145820953972065	0.0997211269648701	0.00291429270437956	0.0872187420175576	NA	"abundance"	30	24
"MGYG000328306"	"Genotype"	"MUT"	"GenotypeMUT"	-2.5576288034236	0.280951100524579	0.775104896431689	0.00145831575153421	0.0997211269648701	0.00145831575153421	0.0603573967138698	NA	"abundance"	30	24
"Paramuribaculum intestinale"	"Sex"	"M"	"SexM"	-4.37871816212886	-0.355814468385251	1.12666320116155	0.00148985747457475	0.0997211269648701	0.00148985747457475	0.0603573967138698	NA	"abundance"	30	28
"MGYG000328896"	"Genotype"	"MUT"	"GenotypeMUT"	1.85731516233506	0.280951100524579	0.411033441286619	0.00153820885053402	0.101152102684267	0.00153820885053402	0.0610939381971644	NA	"abundance"	30	19
"Parasutterella sp009767915"	"Genotype"	"MUT"	"GenotypeMUT"	3.41341251327455	0.280951100524579	0.880404923506204	0.00154481962930819	0.101152102684267	0.00154481962930819	0.0610939381971644	NA	"abundance"	30	28
"Desulfovibrio sp910587035"	"Sex"	"M"	"SexM"	-2.35797440525798	-0.355814468385251	0.560504228406589	0.0015907592998714	0.102928286660599	0.0015907592998714	0.0620410030786386	NA	"abundance"	30	27
"Dysosmobacter sp910577405"	"Sex"	"M"	"SexM"	-2.15001325397783	-0.355814468385251	0.489851651937357	0.00160611868295091	0.102928286660599	0.00160611868295091	0.0620410030786386	NA	"abundance"	30	23
"Niallia sp001076885"	"Sex"	"M"	"SexM"	3.51951420410864	-0.355814468385251	0.154792935056595	0.00174745124907871	0.105266463244502	0.00349184891228952	0.0958671246828577	NA	"abundance"	30	5
"Pelethomonas sp022804995"	"Sex"	"M"	"SexM"	-2.89833072124814	-0.355814468385251	0.673644156899996	0.00170428424511471	0.105266463244502	0.00170428424511471	0.0650762328996673	NA	"abundance"	30	19
"UBA3282 sp009774655"	"Sex"	"M"	"SexM"	3.01216465781304	-0.355814468385251	0.955118952654062	0.00174417175150632	0.105266463244502	0.00174417175150632	0.0652885969262851	NA	"abundance"	30	27
"Bacteroides faecis"	"Genotype"	"MUT"	"GenotypeMUT"	3.25026419772091	0	1.03786740826431	0.00173811718587316	0.105266463244502	0.00347321332039449	0.0958671246828577	NA	"prevalence"	30	14
"MGYG000325676"	"Sex"	"M"	"SexM"	-3.26397069286576	0	1.0386931566418	0.00167579237109468	0.105266463244502	0.00334877646211833	0.0958671246828577	NA	"prevalence"	30	17
"MGYG000331169"	"Sex"	"M"	"SexM"	-3.23999356928873	0	1.03427078535761	0.00173244332170449	0.105266463244502	0.00346188528354606	0.0958671246828577	NA	"prevalence"	30	15
"Adlercreutzia hattorii"	"Sex"	"M"	"SexM"	-1.74657252108567	-0.355814468385251	0.385440092124652	0.00176554609200386	0.105303461962685	0.00352797503100472	0.0960650250245712	NA	"abundance"	30	24
"Faecalibaculum rodentium"	"Sex"	"M"	"SexM"	0.614324755631371	-0.355814468385251	0.2753508912147	0.00178640748294256	0.105503124286726	0.00178640748294256	0.0659382850926133	NA	"abundance"	30	30
"Avoscillospira_A sp022792945"	"Sex"	"M"	"SexM"	-1.80022178560771	-0.355814468385251	0.375536695463166	0.00189812045348647	0.109944977036563	0.00189812045348647	0.0685386537661094	NA	"abundance"	30	17
"Enterenecus sp910587285"	"Genotype"	"MUT"	"GenotypeMUT"	-2.26198413438557	0.280951100524579	0.719360062370783	0.00189203300423468	0.109944977036563	0.00189203300423468	0.0685386537661094	NA	"abundance"	30	25
"Choladocola sp910585995"	"Genotype"	"MUT"	"GenotypeMUT"	-3.55357044574457	0	1.15270764781925	0.00205060943410114	0.117646392676431	0.00409701386915106	0.103108182373635	NA	"prevalence"	30	18
"Parvibacter sp910588725"	"Sex"	"M"	"SexM"	-2.12269675812869	-0.355814468385251	0.473131621970975	0.00207299398744409	0.117808639437389	0.00414169067081621	0.103448845176327	NA	"abundance"	30	18
"MGYG000328991"	"Genotype"	"MUT"	"GenotypeMUT"	1.70521208476868	0.280951100524579	0.395158666269276	0.00212395901551243	0.11875832270893	0.00212395901551243	0.0752444759759176	NA	"abundance"	30	21
"MGYG000410805"	"Sex"	"M"	"SexM"	2.03361842698058	-0.355814468385251	0.53394368842315	0.00212913327565811	0.11875832270893	0.00212913327565811	0.0752444759759176	NA	"abundance"	30	11
"Acetatifactor sp910585425"	"Genotype"	"MUT"	"GenotypeMUT"	3.71275819880071	0.280951100524579	0.989806169182304	0.00221075437610163	0.120763790340728	0.00221075437610163	0.0765013128896835	NA	"abundance"	30	25
"Adlercreutzia mucosicola"	"Sex"	"M"	"SexM"	-1.81503567290059	-0.355814468385251	0.417028152525676	0.00224433357974441	0.120763790340728	0.00448363012627165	0.107977309770745	NA	"abundance"	30	24
"Parabacteroides distasonis"	"Genotype"	"MUT"	"GenotypeMUT"	3.03433316372232	0.280951100524579	0.805091830881957	0.00218560329304096	0.120763790340728	0.00218560329304096	0.0764270962050744	NA	"abundance"	30	28
"Thomasclavelia cocleata"	"Sex"	"M"	"SexM"	3.47545846849641	0	1.13736494681667	0.00224527631443584	0.120763790340728	0.00448551136314352	0.107977309770745	NA	"prevalence"	30	19
"MGYG000328238"	"Genotype"	"MUT"	"GenotypeMUT"	-4.66358939889687	0.280951100524579	1.426369337748	0.00231136382495178	0.123208537305153	0.00231136382495178	0.0790376906417863	NA	"abundance"	30	24
"MGYG000392954"	"Sex"	"M"	"SexM"	-2.91424506733142	-0.355814468385251	0.749848637355971	0.00233163566613337	0.123208537305153	0.00233163566613337	0.0790376906417863	NA	"abundance"	30	27
"Clostridioides difficile"	"Sex"	"M"	"SexM"	1.59666962701117	-0.355814468385251	0.484711207009902	0.00249302576228949	0.13059119297419	0.00249302576228949	0.0804061318672397	NA	"abundance"	30	13
"Muribaculum intestinale"	"Genotype"	"MUT"	"GenotypeMUT"	-3.11793715325345	0.280951100524579	1.02175361629204	0.00264646176392724	0.137433497119808	0.00264646176392724	0.0829391130166632	NA	"abundance"	30	29
"14-2 sp000403315"	"Sex"	"M"	"SexM"	-3.66066632037809	-0.355814468385251	0.958107045558628	0.00271594518573304	0.139763813529129	0.00271594518573304	0.0842107739538211	NA	"abundance"	30	22
"Sporofaciens sp000403455"	"Genotype"	"MUT"	"GenotypeMUT"	3.15979561729952	0.280951100524579	0.868372193924453	0.00273773738320671	0.139763813529129	0.00273773738320671	0.0842107739538211	NA	"abundance"	30	29
"Pediococcus pentosaceus"	"Sex"	"M"	"SexM"	-1.70747389514155	-0.355814468385251	0.393436256881928	0.00279438541581645	0.141456955839313	0.00558096224178077	0.131489053668055	NA	"abundance"	30	23
"CAG-873 sp002490635"	"Genotype"	"MUT"	"GenotypeMUT"	-3.56901298379728	0.280951100524579	1.16370830299799	0.00286108787506434	0.141631165045253	0.00571398992629984	0.133675172782874	NA	"abundance"	30	28
"Enterenecus sp910587285"	"Sex"	"M"	"SexM"	-2.76005824810585	-0.355814468385251	0.714733904660216	0.00286836024826043	0.141631165045253	0.00286836024826043	0.0866244794974649	NA	"abundance"	30	25
"JAAVYW01 sp022791315"	"Genotype"	"MUT"	"GenotypeMUT"	-2.99569580537936	0.280951100524579	0.50070405555375	0.00286138960231896	0.141631165045253	0.00286138960231896	0.0866244794974649	NA	"abundance"	30	7
"Acutalibacter sp910587835"	"Sex"	"M"	"SexM"	-2.81639647821405	-0.355814468385251	0.701356301132077	0.00296917078942771	0.143351796217844	0.00296917078942771	0.0874478977591987	NA	"abundance"	30	19
"Coproplasma sp910577375"	"Sex"	"M"	"SexM"	2.7106362891935	-0.355814468385251	0.852814830599245	0.0029745973650781	0.143351796217844	0.0029745973650781	0.0874478977591987	NA	"abundance"	30	17
"MGYG000325479"	"Sex"	"M"	"SexM"	-2.63712496186369	0	0.886563346403438	0.00293420833910186	0.143351796217844	0.00585980709962646	0.136127826468245	NA	"prevalence"	30	16
"MGYG000409986"	"Sex"	"M"	"SexM"	-5.82138282644434	-0.355814468385251	0.300690397944633	0.00308558650869395	0.143433346776577	0.00616165217328526	0.138867934541041	NA	"abundance"	30	5
"UBA3282 sp910588215"	"Genotype"	"MUT"	"GenotypeMUT"	2.20733513205772	0.280951100524579	0.565569437101692	0.00304191754302252	0.143433346776577	0.00304191754302252	0.088642544543165	NA	"abundance"	30	22
"Alistipes sp002358415"	"Sex"	"M"	"SexM"	-2.61781575859662	0	0.885670452777414	0.00311915146542684	0.143433346776577	0.00622857382498941	0.138867934541041	NA	"prevalence"	30	14
"Bacteroides intestinalis"	"Genotype"	"MUT"	"GenotypeMUT"	2.69678567596984	0	0.911859997163806	0.0031018917429595	0.143433346776577	0.00619416175353395	0.138867934541041	NA	"prevalence"	30	17
"Clostridioides difficile"	"Genotype"	"MUT"	"GenotypeMUT"	2.71880505539424	0	0.919646825204257	0.00311295748100374	0.143433346776577	0.00621622445772894	0.138867934541041	NA	"prevalence"	30	13
"Lachnospira sp910589305"	"Sex"	"M"	"SexM"	-2.61781575859662	0	0.885670452777414	0.00311915146542688	0.143433346776577	0.00622857382498949	0.138867934541041	NA	"prevalence"	30	14
"Limisoma sp900544305"	"Sex"	"M"	"SexM"	1.52718256969409	-0.355814468385251	0.0956981303800187	0.00320173978584659	0.146115761135908	0.00639322843403691	0.141588699052471	NA	"abundance"	30	5
"14-2 sp000403255"	"Sex"	"M"	"SexM"	-2.75290194060298	-0.355814468385251	0.676401601102009	0.00331266001014141	0.149174992088912	0.00331266001014141	0.0956926656842588	NA	"abundance"	30	17
"Scatocola sp910577205"	"Sex"	"M"	"SexM"	-2.59846208901935	0	0.884853477610743	0.00331830161685163	0.149174992088912	0.00662559210808287	0.144804059099022	NA	"prevalence"	30	12
"MGBC113645 sp910579135"	"Genotype"	"MUT"	"GenotypeMUT"	-2.91205949416941	0.280951100524579	0.877294129045284	0.00340889171561398	0.15099385069749	0.00340889171561398	0.0958671246828577	NA	"abundance"	30	15
"MGYG000327499"	"Sex"	"M"	"SexM"	-3.28105701191123	-0.355814468385251	0.785867662035026	0.00340360385051131	0.15099385069749	0.00340360385051131	0.0958671246828577	NA	"abundance"	30	14
"CAG-317 sp011960265"	"Genotype"	"MUT"	"GenotypeMUT"	1.83797307710108	0.280951100524579	0.461227205516072	0.00370450816177526	0.151626566644079	0.00370450816177526	0.0970074481625209	NA	"abundance"	30	20
"MGBC163016 sp910589135"	"Genotype"	"MUT"	"GenotypeMUT"	-3.15103389392217	0.280951100524579	1.0652748897969	0.00365706922179598	0.151626566644079	0.00730076428829896	0.152495485448599	NA	"abundance"	30	27
"MGYG000325389"	"Sex"	"M"	"SexM"	0.915939035450735	-0.355814468385251	0.334474328398031	0.00372522109284923	0.151626566644079	0.00743656491350785	0.152495485448599	NA	"abundance"	30	13
"MGYG000327551"	"Sex"	"M"	"SexM"	1.40437263699323	-0.355814468385251	0.475847568817315	0.00361416296110006	0.151626566644079	0.00361416296110006	0.0964271378142121	NA	"abundance"	30	14
"MGYG000329420"	"Sex"	"M"	"SexM"	2.62011408182506	-0.355814468385251	0.824633056190058	0.00362835407187734	0.151626566644079	0.00362835407187734	0.0964271378142121	NA	"abundance"	30	15
"Paramuribaculum sp910587425"	"Sex"	"M"	"SexM"	-5.98754602811921	-0.355814468385251	1.7439825427094	0.003708592991162	0.151626566644079	0.003708592991162	0.0970074481625209	NA	"abundance"	30	26
"Pelethomonas sp910579485"	"Sex"	"M"	"SexM"	-3.04910492817223	-0.355814468385251	0.824493135947697	0.00358824537310087	0.151626566644079	0.00358824537310087	0.0964271378142121	NA	"abundance"	30	25
"Blautia pseudococcoides"	"Genotype"	"MUT"	"GenotypeMUT"	3.03731870349381	0	1.04694891434272	0.00371837951757006	0.151626566644079	0.00742293268890343	0.152495485448599	NA	"prevalence"	30	19
"Butyricicoccus sp910584935"	"Genotype"	"MUT"	"GenotypeMUT"	-3.03731870349382	0	1.04694891434272	0.00371837951757006	0.151626566644079	0.00742293268890343	0.152495485448599	NA	"prevalence"	30	17
"MGBC122484 sp910587055"	"Sex"	"M"	"SexM"	3.38608939036387	0	1.16615056334557	0.00368843968131296	0.151626566644079	0.00736327477534324	0.152495485448599	NA	"prevalence"	30	12
"MGYG000328709"	"Sex"	"M"	"SexM"	-3.38608939036388	0	1.16615056334557	0.00368843968131302	0.151626566644079	0.00736327477534336	0.152495485448599	NA	"prevalence"	30	18
"Parvibacter sp910588725"	"Sex"	"M"	"SexM"	-3.38608939036387	0	1.16615056334557	0.00368843968131294	0.151626566644079	0.00414169067081621	0.103448845176327	NA	"prevalence"	30	18
"Lactobacillus intestinalis"	"Sex"	"M"	"SexM"	-4.19902735060937	-0.355814468385251	1.18766202063009	0.00381956908812864	0.15442338380461	0.00381956908812864	0.0991297539903386	NA	"abundance"	30	25
"M3 sp001689445"	"Sex"	"M"	"SexM"	-2.04042143630874	-0.355814468385251	0.525129407055456	0.00387765987432931	0.154695517105694	0.00774028350255763	0.155837707851494	NA	"abundance"	30	27
"Pelethomonas sp910578505"	"Sex"	"M"	"SexM"	-2.59347168888875	-0.355814468385251	0.682923986359097	0.00385219671190107	0.154695517105694	0.00385219671190107	0.0992015308289562	NA	"abundance"	30	23
"Mailhella sp910579055"	"Sex"	"M"	"SexM"	-2.01449801323804	-0.355814468385251	0.521008645455496	0.00397249231317165	0.157436142727276	0.00397249231317165	0.101512457418125	NA	"abundance"	30	28
"Angelakisella sp013316495"	"Sex"	"M"	"SexM"	-2.57683981216064	-0.355814468385251	0.617082313852428	0.0042586159511584	0.159737725845356	0.0042586159511584	0.104793497701838	NA	"abundance"	30	14
"Enterenecus sp910587205"	"Genotype"	"MUT"	"GenotypeMUT"	1.81893375719261	0.280951100524579	0.459014082199291	0.00417676838251091	0.159737725845356	0.00417676838251091	0.103546451990308	NA	"abundance"	30	19
"Paramuribaculum sp001689535"	"Sex"	"M"	"SexM"	-3.92880477075358	-0.355814468385251	1.13287858400771	0.00407171311169208	0.159737725845356	0.00407171311169208	0.103108182373635	NA	"abundance"	30	29
"UBA3282 sp910575245"	"Sex"	"M"	"SexM"	0.992002930699779	-0.355814468385251	0.426484923451806	0.0042957356552038	0.159737725845356	0.00857301796558821	0.164062269263566	NA	"abundance"	30	28
"Collinsella sp900545445"	"Sex"	"M"	"SexM"	-2.96070656026855	0	1.03538452774891	0.00424277759794937	0.159737725845356	0.00846755403415307	0.164062269263566	NA	"prevalence"	30	10
"Imtechella halotolerans"	"Sex"	"M"	"SexM"	-2.86465204797351	0	1.00255276669568	0.00427183887977327	0.159737725845356	0.0085254291521318	0.164062269263566	NA	"prevalence"	30	10
"MGYG000323059"	"Sex"	"M"	"SexM"	-4.6002528097685	0	1.60884633226554	0.0042451175017909	0.159737725845356	0.00847221398097779	0.164062269263566	NA	"prevalence"	30	16
"MGYG000325361"	"Sex"	"M"	"SexM"	-2.86465204797351	0	1.00255276669568	0.00427183887977328	0.159737725845356	0.00852542915213182	0.164062269263566	NA	"prevalence"	30	10
"MGYG000327336"	"Sex"	"M"	"SexM"	-2.96070656026855	0	1.03538452774891	0.00424277759794939	0.159737725845356	0.00846755403415311	0.164062269263566	NA	"prevalence"	30	10
"MGYG000410812"	"Sex"	"M"	"SexM"	-2.96070656026855	0	1.03538452774891	0.00424277759794937	0.159737725845356	0.00846755403415307	0.164062269263566	NA	"prevalence"	30	10
"Enterenecus sp910579155"	"Sex"	"M"	"SexM"	1.9158998159463	-0.355814468385251	0.712448392286868	0.00433070458132678	0.160050088330752	0.00864265416048284	0.164062269263566	NA	"abundance"	30	25
"MGYG000327450"	"Sex"	"M"	"SexM"	-2.52570635802096	-0.355814468385251	0.685209948037402	0.00440952214502432	0.161969276839186	0.00440952214502432	0.107709062983609	NA	"abundance"	30	26
"UBA1405 sp022800935"	"Sex"	"M"	"SexM"	1.36142836025747	-0.355814468385251	0.544252984431581	0.00453862411672601	0.165701040479742	0.00905664912457909	0.169978465490688	NA	"abundance"	30	26
"MD308 sp910575105"	"Genotype"	"MUT"	"GenotypeMUT"	-1.98704157604701	0.280951100524579	0.733588396805773	0.00478711610941651	0.173046057768566	0.00955131573818799	0.175671497630808	NA	"abundance"	30	29
"MGYG000409986"	"Genotype"	"MUT"	"GenotypeMUT"	-5.04512195960428	0.280951100524579	0.368269022759385	0.0047972595696133	0.173046057768566	0.00957150543984835	0.175671497630808	NA	"abundance"	30	5
"Acetatifactor sp910586515"	"Genotype"	"MUT"	"GenotypeMUT"	3.33207217665852	0.280951100524579	0.703168757290943	0.00491246261537792	0.17614687377998	0.00491246261537792	0.117404322361766	NA	"abundance"	30	9
"Duncaniella sp910576785"	"Genotype"	"MUT"	"GenotypeMUT"	-4.1058222050587	0.280951100524579	1.43301361778101	0.00509576301511994	0.181638321911731	0.00509576301511994	0.120915176687346	NA	"abundance"	30	29
"Enterenecus sp910588495"	"Genotype"	"MUT"	"GenotypeMUT"	-1.97688201175285	0.280951100524579	0.732557628244915	0.00515954373256289	0.182829949676228	0.0102924665735975	0.185823771508104	NA	"abundance"	30	27
"UBA7109 sp910575605"	"Sex"	"M"	"SexM"	-2.35413067160502	-0.355814468385251	0.653387057317344	0.00567741984928438	0.200004544866018	0.0113226066024237	0.203317292612171	NA	"abundance"	30	26
"Avidehalobacter sp021771915"	"Genotype"	"MUT"	"GenotypeMUT"	1.14164556008627	0.280951100524579	0.252723757549818	0.00572194699940765	0.200401213514138	0.0114111533213513	0.2038056523308	NA	"abundance"	30	15
"Gordonibacter pamelaeae"	"Sex"	"M"	"SexM"	-2.02860103768601	-0.355814468385251	0.513611512375692	0.00589445716232584	0.204148300895758	0.0117541696994132	0.206322764006031	NA	"abundance"	30	17
"MGYG000324289"	"Genotype"	"MUT"	"GenotypeMUT"	-4.5285975802079	0	1.64468734197453	0.00589671387049499	0.204148300895758	0.0117586565065195	0.206322764006031	NA	"prevalence"	30	18
"MGYG000326975"	"Sex"	"M"	"SexM"	0.546562227957544	-0.355814468385251	0.29996075149092	0.00618876803219925	0.209444599022294	0.00618876803219925	0.138867934541041	NA	"abundance"	30	30
"Parabacteroides sp900760525"	"Genotype"	"MUT"	"GenotypeMUT"	3.37240620467675	0.280951100524579	1.00893530867816	0.00613780359616212	0.209444599022294	0.0122379345593392	0.209811533747741	NA	"abundance"	30	23
"MGYG000325278"	"Genotype"	"MUT"	"GenotypeMUT"	-3.29801474884142	0	1.20346597427331	0.00613587747588467	0.209444599022294	0.0122341059593703	0.209811533747741	NA	"prevalence"	30	20
"MGYG000391024"	"Sex"	"M"	"SexM"	-4.47335776518102	0	1.63302123895306	0.00615675611326871	0.209444599022294	0.0122756065806991	0.209811533747741	NA	"prevalence"	30	17
"MGYG000373138"	"Genotype"	"MUT"	"GenotypeMUT"	-5.58266430897783	0	2.04489117820485	0.006332386108858	0.213107787261232	0.0126246731038843	0.212889157619816	NA	"prevalence"	30	21
"Choladocola sp910574965"	"Sex"	"M"	"SexM"	1.3381132312794	-0.355814468385251	0.566674502271826	0.00653118755725179	0.213462654069051	0.0130197187035956	0.215335318046535	NA	"abundance"	30	27
"Duncaniella dubosii"	"Genotype"	"MUT"	"GenotypeMUT"	-3.53112959091834	0.280951100524579	1.27609144440189	0.00643692779514304	0.213462654069051	0.00643692779514304	0.141612411493147	NA	"abundance"	30	27
"Faecivivens sp022793675"	"Genotype"	"MUT"	"GenotypeMUT"	1.39156226833693	0.280951100524579	0.248086348654339	0.00698394950289227	0.213462654069051	0.00698394950289227	0.151638432997439	NA	"abundance"	30	8
"MGYG000410015"	"Genotype"	"MUT"	"GenotypeMUT"	2.15163555747821	0.280951100524579	0.423715234618544	0.00709572051745244	0.213462654069051	0.00709572051745244	0.152176843103792	NA	"abundance"	30	8
"Paramuribaculum sp001689565"	"Genotype"	"MUT"	"GenotypeMUT"	-2.19159628276131	0.280951100524579	0.838069595290203	0.00666778892407927	0.213462654069051	0.0132911184390225	0.216179816349841	NA	"abundance"	30	29
"Paramuribaculum sp910586895"	"Sex"	"M"	"SexM"	1.71156174521616	-0.355814468385251	0.645222870262118	0.00648123981640347	0.213462654069051	0.0129204731632492	0.215335318046535	NA	"abundance"	30	17
"UBA1405 sp022800935"	"Genotype"	"MUT"	"GenotypeMUT"	1.89420532093461	0.280951100524579	0.544252984431581	0.00710036444343398	0.213462654069051	0.00710036444343398	0.152176843103792	NA	"abundance"	30	26
"Alistipes sp002428825"	"Sex"	"M"	"SexM"	-2.84394021415933	0	1.05383192970688	0.00696180443978556	0.213462654069051	0.0138751421585133	0.217296882350685	NA	"prevalence"	30	17
"Alistipes sp910587675"	"Sex"	"M"	"SexM"	-2.84394021415933	0	1.05383192970688	0.00696180443978568	0.213462654069051	0.0138751421585135	0.217296882350685	NA	"prevalence"	30	17
"Coprocola sp910575055"	"Sex"	"M"	"SexM"	-2.22730001454731	0	0.827261357591135	0.00709445544524416	0.213462654069051	0.0141385795924238	0.217296882350685	NA	"prevalence"	30	15
"Coproplasma sp910586065"	"Sex"	"M"	"SexM"	-2.36995792276892	0	0.873076222438779	0.0066377617927666	0.213462654069051	0.0132314637039157	0.216179816349841	NA	"prevalence"	30	17
"Gordonibacter pamelaeae"	"Sex"	"M"	"SexM"	-2.84394021415933	0	1.05383192970688	0.00696180443978551	0.213462654069051	0.0117541696994132	0.206322764006031	NA	"prevalence"	30	17
"Lactobacillus acidophilus"	"Sex"	"M"	"SexM"	-2.22730001454729	0	0.827261357591133	0.00709445544524444	0.213462654069051	0.0141385795924243	0.217296882350685	NA	"prevalence"	30	15
"Merdisoma sp009917555"	"Genotype"	"MUT"	"GenotypeMUT"	-2.86747793802822	0	1.06555649672329	0.00712250887580998	0.213462654069051	0.014194287618934	0.217296882350685	NA	"prevalence"	30	18
"MGBC164599 sp910588825"	"Genotype"	"MUT"	"GenotypeMUT"	-2.86747793802824	0	1.06555649672329	0.00712250887580977	0.213462654069051	0.0141942876189336	0.217296882350685	NA	"prevalence"	30	20
"MGYG000328855"	"Genotype"	"MUT"	"GenotypeMUT"	-2.35533153209127	0	0.874383899996249	0.00706628582169926	0.213462654069051	0.0140826392480846	0.217296882350685	NA	"prevalence"	30	16
"MGYG000329896"	"Sex"	"M"	"SexM"	-2.8701510899773	0	1.05770649403137	0.00665643122076605	0.213462654069051	0.0132685543649353	0.216179816349841	NA	"prevalence"	30	19
"MGYG000330231"	"Sex"	"M"	"SexM"	-2.2273000145473	0	0.827261357591134	0.00709445544524444	0.213462654069051	0.0141385795924243	0.217296882350685	NA	"prevalence"	30	15
"MGYG000405682"	"Sex"	"M"	"SexM"	-2.3499739184895	0	0.872561521691577	0.00707719364453102	0.213462654069051	0.0141043006191798	0.217296882350685	NA	"prevalence"	30	15
"MGYG000410400"	"Sex"	"M"	"SexM"	-2.2273000145473	0	0.827261357591135	0.00709445544524438	0.213462654069051	0.0141385795924242	0.217296882350685	NA	"prevalence"	30	15
"QANA01 sp910588425"	"Sex"	"M"	"SexM"	-2.50282242890759	0	0.920286790920772	0.00653586795524619	0.213462654069051	0.013029018340564	0.215335318046535	NA	"prevalence"	30	17
"CAG-485 sp002361215"	"Sex"	"M"	"SexM"	-2.86908809379746	-0.355814468385251	0.861318215937933	0.00741714171674546	0.219976324092895	0.00741714171674546	0.152495485448599	NA	"abundance"	30	28
"Desulfovibrio sp009773975"	"Sex"	"M"	"SexM"	-2.39814204479763	-0.355814468385251	0.706111258798605	0.00761316429056014	0.219976324092895	0.00761316429056014	0.154212998617322	NA	"abundance"	30	30
"Pelethomonas sp910579965"	"Sex"	"M"	"SexM"	-2.14599251597182	-0.355814468385251	0.607058663303123	0.00756992063458894	0.219976324092895	0.00756992063458894	0.154212998617322	NA	"abundance"	30	25
"Schaedlerella sp910589385"	"Genotype"	"MUT"	"GenotypeMUT"	-3.04620549389988	0.280951100524579	1.14989075455026	0.00763198069977011	0.219976324092895	0.0152057142701386	0.224503923579557	NA	"abundance"	30	29
"Evtepia sp910584805"	"Sex"	"M"	"SexM"	-4.11942097785709	0	1.54052946024405	0.00749458939830576	0.219976324092895	0.0149330099263623	0.224503923579557	NA	"prevalence"	30	15
"MGYG000325560"	"Sex"	"M"	"SexM"	-2.3316980444398	0	0.873021987314323	0.00756627351196524	0.219976324092895	0.0150752985290726	0.224503923579557	NA	"prevalence"	30	13
"MGYG000392808"	"Sex"	"M"	"SexM"	-2.20862312366565	0	0.827465118707229	0.00760449582713146	0.219976324092895	0.0151511632974781	0.224503923579557	NA	"prevalence"	30	13
"Paralachnospira_A sp910588405"	"Sex"	"M"	"SexM"	-2.33169804443981	0	0.873021987314323	0.00756627351196513	0.219976324092895	0.0150752985290724	0.224503923579557	NA	"prevalence"	30	13
"CAG-510 sp910578335"	"Genotype"	"MUT"	"GenotypeMUT"	2.6564316646596	0	1.00000474345711	0.00789754058614599	0.223355795732129	0.0157327100249822	0.228227348047994	NA	"prevalence"	30	10
"D16-34 sp910577495"	"Genotype"	"MUT"	"GenotypeMUT"	-2.65643166465961	0	1.00000474345711	0.00789754058614591	0.223355795732129	0.015732710024982	0.228227348047994	NA	"prevalence"	30	14
"Paralachnospira sp022800815"	"Genotype"	"MUT"	"GenotypeMUT"	-2.65643166465961	0	1.00000474345711	0.00789754058614587	0.223355795732129	0.0157327100249819	0.228227348047994	NA	"prevalence"	30	14
"UBA3282 sp910587715"	"Genotype"	"MUT"	"GenotypeMUT"	2.6564316646596	0	1.00000474345711	0.00789754058614589	0.223355795732129	0.015732710024982	0.228227348047994	NA	"prevalence"	30	10
"MGYG000325385"	"Sex"	"M"	"SexM"	-2.31150652594866	0	0.872647252898304	0.00807675805949585	0.225251808103718	0.0160882820982401	0.228703700657058	NA	"prevalence"	30	11
"MGYG000341210"	"Sex"	"M"	"SexM"	-2.31150652594866	0	0.872647252898304	0.00807675805949588	0.225251808103718	0.0160882820982401	0.228703700657058	NA	"prevalence"	30	11
"Paratractidigestivibacter sp900540955"	"Sex"	"M"	"SexM"	-2.31150652594866	0	0.872647252898302	0.00807675805949582	0.225251808103718	0.01608828209824	0.228703700657058	NA	"prevalence"	30	11
"MGYG000329032"	"Sex"	"M"	"SexM"	-3.02914135288064	-0.355814468385251	0.917195104407123	0.00812182969803388	0.225464986640351	0.00812182969803388	0.162534447330533	NA	"abundance"	30	25
"Acetatifactor sp910585805"	"Sex"	"M"	"SexM"	-2.65022276811458	0	1.00449215229712	0.00833054362914296	0.2281054310089	0.0165916893011289	0.228703700657058	NA	"prevalence"	30	13
"Nanosyncoccus sp013316435"	"Sex"	"M"	"SexM"	-2.65022276811457	0	1.00449215229712	0.00833054362914304	0.2281054310089	0.016591689301129	0.228703700657058	NA	"prevalence"	30	13
"QXXE01 sp910586575"	"Sex"	"M"	"SexM"	-2.65022276811457	0	1.00449215229712	0.00833054362914308	0.2281054310089	0.0165916893011291	0.228703700657058	NA	"prevalence"	30	13
"MGYG000331109"	"Sex"	"M"	"SexM"	-2.19387501759419	-0.355814468385251	0.626229361066302	0.00863337990175139	0.233217401471526	0.00863337990175139	0.164062269263566	NA	"abundance"	30	22
"Angelakisella sp910585525"	"Sex"	"M"	"SexM"	-2.76566773677423	0	1.05307537042327	0.0086324508806868	0.233217401471526	0.0171903825531661	0.234042831318106	NA	"prevalence"	30	9
"Kineothrix sp009911195"	"Sex"	"M"	"SexM"	-2.76566773677423	0	1.05307537042327	0.00863245088068679	0.233217401471526	0.0171903825531661	0.234042831318106	NA	"prevalence"	30	9
"MGYG000401219"	"Sex"	"M"	"SexM"	-1.54015994776053	-0.355814468385251	0.396573843739396	0.00870274744113253	0.234041743684743	0.0173297570692409	0.234581440446969	NA	"abundance"	30	20
"MGBC163016 sp910588435"	"Sex"	"M"	"SexM"	-1.51051385956645	-0.355814468385251	0.380625111353211	0.00876959562967894	0.234791306991937	0.0174622854518498	0.234581440446969	NA	"abundance"	30	18
"MGYG000411366"	"Genotype"	"MUT"	"GenotypeMUT"	1.93542062916483	0.280951100524579	0.553865243875661	0.00887059982003957	0.236444660689904	0.00887059982003957	0.167432571603247	NA	"abundance"	30	19
"Bacteroides nordii"	"Genotype"	"MUT"	"GenotypeMUT"	1.87114622179724	0.280951100524579	0.544669159666052	0.00896919353607972	0.238019479565393	0.0178579406394718	0.236350911571017	NA	"abundance"	30	22
"CAG-510 sp910577015"	"Sex"	"M"	"SexM"	-2.60379052242195	0	1.00067867095733	0.0092675203262901	0.240635958817123	0.018449153719582	0.23702646868264	NA	"prevalence"	30	9
"Evtepia sp910578575"	"Sex"	"M"	"SexM"	-2.60379052242195	0	1.00067867095733	0.00926752032629028	0.240635958817123	0.0184491537195823	0.23702646868264	NA	"prevalence"	30	9
"MGYG000323124"	"Sex"	"M"	"SexM"	-2.60379052242195	0	1.00067867095733	0.00926752032629025	0.240635958817123	0.0184491537195823	0.23702646868264	NA	"prevalence"	30	9
"MGYG000325400"	"Sex"	"M"	"SexM"	-2.60379052242195	0	1.00067867095733	0.00926752032629024	0.240635958817123	0.0184491537195823	0.23702646868264	NA	"prevalence"	30	9
"MGYG000330890"	"Sex"	"M"	"SexM"	-2.60379052242195	0	1.00067867095733	0.00926752032629019	0.240635958817123	0.0184491537195822	0.23702646868264	NA	"prevalence"	30	9
"MGYG000330830"	"Genotype"	"MUT"	"GenotypeMUT"	-4.38813305496168	0	1.68749946378361	0.00931216746095433	0.240757496930424	0.00931216746095433	0.173792248906125	NA	"prevalence"	30	8
"NM07-P-09 sp004793665"	"Sex"	"M"	"SexM"	-2.238835760613	-0.355814468385251	0.669586122371116	0.00941145659619247	0.24228467750198	0.00941145659619247	0.174664015712578	NA	"abundance"	30	29
"MGYG000366993"	"Genotype"	"MUT"	"GenotypeMUT"	-1.04183202969984	0.280951100524579	0.460176058643011	0.00958259801941985	0.245640725399937	0.0190733698540379	0.23997451914345	NA	"abundance"	30	23
"Eggerthella lenta"	"Sex"	"M"	"SexM"	-1.8272037253373	-0.355814468385251	0.49747917534852	0.0100381318774936	0.255685571329264	0.0199754996633972	0.244911510340574	NA	"abundance"	30	18
"MGYG000410694"	"Sex"	"M"	"SexM"	-2.22307777617128	-0.355814468385251	0.668667641283083	0.010059342696719	0.255685571329264	0.010059342696719	0.183610639771982	NA	"abundance"	30	28
"Dysosmobacter sp022797935"	"Genotype"	"MUT"	"GenotypeMUT"	2.55625504081045	0.280951100524579	0.746403196606535	0.0101657359348879	0.257304173410776	0.0101657359348879	0.18453865997649	NA	"abundance"	30	15
"UBA3818 sp910583935"	"Sex"	"M"	"SexM"	-3.82943385082757	0	1.51719927917538	0.0116022953479707	0.286649106289739	0.0116022953479707	0.206111364416892	NA	"prevalence"	30	8
"Adlercreutzia muris"	"Sex"	"M"	"SexM"	-3.68924642467491	-0.355814468385251	1.22229524935503	0.0118005193140114	0.287798900192731	0.0118005193140114	0.206322764006031	NA	"abundance"	30	27
"Eubacterium_F sp910585745"	"Genotype"	"MUT"	"GenotypeMUT"	1.90053922067025	0.280951100524579	0.586197706252349	0.0121540865535928	0.292089259935904	0.0121540865535928	0.209811533747741	NA	"abundance"	30	23
"Anaerostipes hominis"	"Genotype"	"MUT"	"GenotypeMUT"	3.8182475882219	0	1.52549114146803	0.0123158486095152	0.292089259935904	0.0123158486095152	0.209811533747741	NA	"prevalence"	30	9
"Eggerthella lenta"	"Sex"	"M"	"SexM"	-2.69255692028137	0	1.07445653339289	0.0122115632865173	0.292089259935904	0.0199754996633972	0.244911510340574	NA	"prevalence"	30	18
"CAG-873 sp009775135"	"Sex"	"M"	"SexM"	-4.68621883181804	-0.355814468385251	1.58358174589611	0.0124325714054838	0.293701216261312	0.0124325714054838	0.210719399025598	NA	"abundance"	30	24
"MGYG000410761"	"Genotype"	"MUT"	"GenotypeMUT"	1.44097135408468	0.280951100524579	0.416951693684364	0.0127100495269421	0.295619066989572	0.0127100495269421	0.213246386507584	NA	"abundance"	30	21
"RGIG4284 sp910576205"	"Sex"	"M"	"SexM"	-1.91613787109671	-0.355814468385251	0.579793895085888	0.0133404161203243	0.303255346071071	0.0133404161203243	0.216179816349841	NA	"abundance"	30	26
"MGBC163016 sp910588985"	"Sex"	"M"	"SexM"	-2.51443125504874	0	1.01557842944142	0.0132915230099529	0.303255346071071	0.00243226857224408	0.0792156489901454	NA	"prevalence"	30	20
"14-2 sp000403315"	"Genotype"	"MUT"	"GenotypeMUT"	2.8406708604237	0.280951100524579	0.974347304656267	0.0166707566783219	0.304835924468396	0.0166707566783219	0.228844023493327	NA	"abundance"	30	22
"Acutalibacter sp910574935"	"Genotype"	"MUT"	"GenotypeMUT"	1.93322525750131	0.280951100524579	0.640744149587721	0.0161768101958848	0.304835924468396	0.0161768101958848	0.228703700657058	NA	"abundance"	30	29
"Angelakisella sp910585535"	"Sex"	"M"	"SexM"	-2.20297287438795	-0.355814468385251	0.659312357167054	0.0151740696970748	0.304835924468396	0.0151740696970748	0.224503923579557	NA	"abundance"	30	16
"Caccovicinus sp910584785"	"Genotype"	"MUT"	"GenotypeMUT"	3.09660968368513	0.280951100524579	1.06085116836731	0.0161985168353966	0.304835924468396	0.0161985168353966	0.228703700657058	NA	"abundance"	30	21
"Eubacterium_G sp910584795"	"Genotype"	"MUT"	"GenotypeMUT"	1.36921172359439	0.280951100524579	0.4108157684826	0.0163236721897586	0.304835924468396	0.0163236721897586	0.228703700657058	NA	"abundance"	30	22
"Lachnospira sp910589305"	"Sex"	"M"	"SexM"	-2.2063408218427	-0.355814468385251	0.664685310055685	0.0180281355077994	0.304835924468396	0.00622857382498949	0.138867934541041	NA	"abundance"	30	14
"MGYG000322966"	"Sex"	"M"	"SexM"	-1.59235967454323	-0.355814468385251	0.455965055619663	0.0165871677548286	0.304835924468396	0.0165871677548286	0.228703700657058	NA	"abundance"	30	18
"MGYG000324467"	"Genotype"	"MUT"	"GenotypeMUT"	1.544234251883	0.280951100524579	0.481840297601109	0.0187893093490464	0.304835924468396	0.0187893093490464	0.237775992407589	NA	"abundance"	30	19
"MGYG000329398"	"Genotype"	"MUT"	"GenotypeMUT"	1.44092074768493	0.280951100524579	0.238721374638421	0.0174023721217249	0.304835924468396	0.0174023721217249	0.234581440446969	NA	"abundance"	30	6
"MGYG000329420"	"Genotype"	"MUT"	"GenotypeMUT"	2.78298980789289	0.280951100524579	0.913547811575503	0.0180793008051701	0.304835924468396	0.0180793008051701	0.23702646868264	NA	"abundance"	30	15
"MGYG000330291"	"Genotype"	"MUT"	"GenotypeMUT"	1.48763220605246	0.280951100524579	0.427373995442918	0.0139001939478161	0.304835924468396	0.0139001939478161	0.217296882350685	NA	"abundance"	30	17
"MGYG000331189"	"Sex"	"M"	"SexM"	-2.26328267057561	-0.355814468385251	0.704810977124227	0.0164274745468636	0.304835924468396	0.0164274745468636	0.228703700657058	NA	"abundance"	30	18
"MGYG000399267"	"Sex"	"M"	"SexM"	-1.9530722232	-0.355814468385251	0.59944590517402	0.0147036552190841	0.304835924468396	0.0147036552190841	0.223039007478527	NA	"abundance"	30	24
"MGYG000410251"	"Genotype"	"MUT"	"GenotypeMUT"	2.12778177562653	0.280951100524579	0.710137749600224	0.0188245292002396	0.304835924468396	0.0188245292002396	0.237775992407589	NA	"abundance"	30	20
"Muricomes contortus_B"	"Genotype"	"MUT"	"GenotypeMUT"	1.94145150377622	0.280951100524579	0.620702402497312	0.0175316109775056	0.304835924468396	0.0175316109775056	0.234581440446969	NA	"abundance"	30	18
"Paramuribaculum sp001689565"	"Sex"	"M"	"SexM"	-2.51169113279535	-0.355814468385251	0.838069595290203	0.0163231335505906	0.304835924468396	0.0163231335505906	0.228703700657058	NA	"abundance"	30	29
"Paramuribaculum sp009775605"	"Sex"	"M"	"SexM"	-1.87040214676702	-0.355814468385251	0.583774160361554	0.0176283041573839	0.304835924468396	0.0176283041573839	0.234581440446969	NA	"abundance"	30	23
"Sporofaciens sp910574715"	"Genotype"	"MUT"	"GenotypeMUT"	2.37307494663349	0.280951100524579	0.82484316696754	0.0176536303768038	0.304835924468396	0.0176536303768038	0.234581440446969	NA	"abundance"	30	29
"Sporofaciens sp910585725"	"Sex"	"M"	"SexM"	-4.13098141971118	-0.355814468385251	1.4066508965086	0.0188220402824064	0.304835924468396	0.0188220402824064	0.237775992407589	NA	"abundance"	30	16
"Ventrimonas sp022799175"	"Sex"	"M"	"SexM"	-3.05080716058693	-0.355814468385251	0.793716908744335	0.0146939234073514	0.304835924468396	0.0146939234073514	0.223039007478527	NA	"abundance"	30	9
"MGYG000330830"	"Sex"	"M"	"SexM"	2.99094425445806	0	1.2725922179754	0.0187594433687814	0.304835924468396	0.0187594433687814	0.237775992407589	NA	"prevalence"	30	8
"MGYG000393816"	"Genotype"	"MUT"	"GenotypeMUT"	3.61285944014097	0	1.53356165951968	0.0184797878954858	0.304835924468396	0.0184797878954858	0.23702646868264	NA	"prevalence"	30	8
"MGYG000411571"	"Genotype"	"MUT"	"GenotypeMUT"	4.04429047866898	0	1.71357651145205	0.018267751744063	0.304835924468396	0.018267751744063	0.23702646868264	NA	"prevalence"	30	6
"MGYG000411571"	"Sex"	"M"	"SexM"	-4.11663201615639	0	1.67217909150349	0.0138227549799705	0.304835924468396	0.0138227549799705	0.217296882350685	NA	"prevalence"	30	6
"CAG-485 sp009775365"	"Sex"	"M"	"SexM"	-3.52128809389014	-0.355814468385251	1.26447179368712	0.0192875366078571	0.307564457544924	0.0192875366078571	0.23997451914345	NA	"abundance"	30	28
"Sporofaciens sp910585725"	"Genotype"	"MUT"	"GenotypeMUT"	4.04041150160456	0.280951100524579	1.4066508965086	0.0191989167134771	0.307564457544924	0.0191989167134771	0.23997451914345	NA	"abundance"	30	16
"Alistipes sp900552955"	"Genotype"	"MUT"	"GenotypeMUT"	-3.5663588143006	0	1.52333649247084	0.019224455631975	0.307564457544924	0.019224455631975	0.23997451914345	NA	"prevalence"	30	8
"Pelethomonas sp910587645"	"Genotype"	"MUT"	"GenotypeMUT"	1.594895941293	0.280951100524579	0.505417258157933	0.0197501631630104	0.309025929594739	0.0197501631630104	0.244791679744506	NA	"abundance"	30	19
"Choladocola sp910575445"	"Sex"	"M"	"SexM"	-1.57558504648717	-0.355814468385251	0.478893917251324	0.0198220836397568	0.309347750896101	0.0198220836397568	0.244791679744506	NA	"abundance"	30	23
"1XD8-76 sp910578085"	"Sex"	"M"	"SexM"	0.497547145060108	-0.355814468385251	0.341517667341837	0.0199792351903358	0.309907779239133	0.0199792351903358	0.244911510340574	NA	"abundance"	30	30
"Enterenecus sp910587395"	"Genotype"	"MUT"	"GenotypeMUT"	1.34579050952484	0.280951100524579	0.415746880253937	0.0203121079568778	0.309907779239133	0.0203121079568778	0.246648498863014	NA	"abundance"	30	21
"Gallimonas sp910586365"	"Sex"	"M"	"SexM"	3.7906718666059	0	1.63394670970376	0.0203436751018862	0.309907779239133	0.0203436751018862	0.246648498863014	NA	"prevalence"	30	8
"MGYG000329834"	"Sex"	"M"	"SexM"	-3.79067186660589	0	1.63394670970377	0.0203436751018872	0.309907779239133	0.00237943907438075	0.079115498934191	NA	"prevalence"	30	22
"UBA7177 sp910579545"	"Sex"	"M"	"SexM"	-3.46005988243785	0	1.49054886208153	0.0202688922337248	0.309907779239133	0.0202688922337248	0.246648498863014	NA	"prevalence"	30	7
"CAG-485 sp002493045"	"Sex"	"M"	"SexM"	-2.99554126097025	-0.355814468385251	1.06851529570748	0.0204893221124636	0.310900948124636	0.0204893221124636	0.24751101111856	NA	"abundance"	30	29
"MGYG000329173"	"Genotype"	"MUT"	"GenotypeMUT"	2.21648192631087	0.280951100524579	0.766054471731753	0.020712683877662	0.312714806213123	0.020712683877662	0.249302666092729	NA	"abundance"	30	22
"Paralachnospira_A sp910588405"	"Sex"	"M"	"SexM"	-3.66013978731759	-0.355814468385251	1.2429062009642	0.0240020538829033	0.338695285182723	0.0150752985290724	0.224503923579557	NA	"abundance"	30	13
"MGYG000329896"	"Sex"	"M"	"SexM"	-1.25249308055031	-0.355814468385251	0.35823509030986	0.024736054760552	0.346534869482709	0.0132685543649353	0.216179816349841	NA	"abundance"	30	19
"Parabacteroides sp900760525"	"Genotype"	"MUT"	"GenotypeMUT"	3.44920843443761	0	1.55046192182322	0.026105899377938	0.351816415777854	0.0122379345593392	0.209811533747741	NA	"prevalence"	30	23
"ZJ304 sp943192905"	"Sex"	"M"	"SexM"	-2.23015461268521	0	0.998959016079305	0.0255833489171301	0.351816415777854	0.000378753282578333	0.0241965077831773	NA	"prevalence"	30	21
"Bacteroides nordii"	"Genotype"	"MUT"	"GenotypeMUT"	2.30998376070522	0	1.04218922041022	0.0266591583216127	0.355139165289561	0.0178579406394718	0.236350911571017	NA	"prevalence"	30	22
"Evtepia sp910584805"	"Sex"	"M"	"SexM"	-2.12120825823737	-0.355814468385251	0.705085260164848	0.0279494978152297	0.361764402238669	0.0149330099263623	0.224503923579557	NA	"abundance"	30	15
"JAAVYW01 sp022791315"	"Sex"	"M"	"SexM"	-2.43592726242742	0	1.11211028543109	0.0284977881539049	0.363836870734652	0.0017491526569655	0.0652885969262851	NA	"prevalence"	30	7
"Blautia pseudococcoides"	"Genotype"	"MUT"	"GenotypeMUT"	5.7688384559333	0.280951100524579	2.29151514290391	0.0292511804573135	0.365523995725623	0.00742293268890343	0.152495485448599	NA	"abundance"	30	19
"MGYG000325560"	"Sex"	"M"	"SexM"	1.6308568906596	-0.355814468385251	0.797166317782696	0.0320722212591782	0.375151574495708	0.0150752985290726	0.224503923579557	NA	"abundance"	30	13
"Acetatifactor sp910585805"	"Sex"	"M"	"SexM"	-3.1883123795303	-0.355814468385251	1.18135232708052	0.0375514429958552	0.385364382630213	0.0165916893011289	0.228703700657058	NA	"abundance"	30	13
"Pediococcus pentosaceus"	"Sex"	"M"	"SexM"	-3.21745881742186	0	1.56907172928074	0.0403108654455359	0.385364382630213	0.00558096224178077	0.131489053668055	NA	"prevalence"	30	23
"UBA1394 sp910588145"	"Sex"	"M"	"SexM"	2.51313877680469	-0.355814468385251	1.26193192258411	0.0423211735950306	0.391617127091343	0.000771804723834634	0.0388475044330099	NA	"abundance"	30	15
"Evtepia sp910578575"	"Sex"	"M"	"SexM"	-2.54740120573845	-0.355814468385251	0.918490095748479	0.0546697611290312	0.441780984395611	0.0184491537195823	0.23702646868264	NA	"abundance"	30	9
"MGYG000401219"	"Sex"	"M"	"SexM"	-1.65437928072672	0	0.86032975472618	0.0544851354946107	0.441780984395611	0.0173297570692409	0.234581440446969	NA	"prevalence"	30	20
"Adlercreutzia hattorii"	"Sex"	"M"	"SexM"	-3.02671263357982	0	1.58292014469403	0.0558624756899682	0.442379811191194	0.00352797503100472	0.0960650250245712	NA	"prevalence"	30	24
"Adlercreutzia mucosicola"	"Sex"	"M"	"SexM"	-3.02671263357982	0	1.58292014469403	0.0558624756899682	0.442379811191194	0.00448363012627165	0.107977309770745	NA	"prevalence"	30	24
"MGYG000327852"	"Sex"	"M"	"SexM"	-3.02671263357982	0	1.58292014469403	0.0558624756899682	0.442379811191194	0.00291429270437956	0.0872187420175576	NA	"prevalence"	30	24
"MGBC163016 sp910588435"	"Sex"	"M"	"SexM"	-1.55271629985969	0	0.827872096253457	0.0607169665331361	0.451872360942315	0.0174622854518498	0.234581440446969	NA	"prevalence"	30	18
"Bacteroides intestinalis"	"Genotype"	"MUT"	"GenotypeMUT"	3.17115182559886	0.280951100524579	1.43676136238752	0.0640232895158874	0.458592504213681	0.00619416175353395	0.138867934541041	NA	"abundance"	30	17
"Clostridioides difficile"	"Genotype"	"MUT"	"GenotypeMUT"	1.63746026061323	0.280951100524579	0.653584458200936	0.0653524456560959	0.459261205147598	0.00621622445772894	0.138867934541041	NA	"abundance"	30	13
"Adlercreutzia sp910589165"	"Sex"	"M"	"SexM"	-2.71623093577251	0	1.57832371314761	0.0852582023629456	0.466833062970249	0.00240875499849621	0.0792156489901454	NA	"prevalence"	30	25
"MGYG000410574"	"Sex"	"M"	"SexM"	-2.7162309357725	0	1.57832371314761	0.0852582023629456	0.466833062970249	0.000253375110399115	0.0195747003894386	NA	"prevalence"	30	25
"CAG-510 sp910577015"	"Sex"	"M"	"SexM"	-1.73856999232401	-0.355814468385251	0.68341822936468	0.0901721487767972	0.475772548525247	0.018449153719582	0.23702646868264	NA	"abundance"	30	9
"Lactobacillus acidophilus"	"Sex"	"M"	"SexM"	1.52541747435834	-0.355814468385251	1.07663099643221	0.106324043530531	0.512396830582337	0.0141385795924243	0.217296882350685	NA	"abundance"	30	15
"MGBC122484 sp910587055"	"Sex"	"M"	"SexM"	3.52309634266962	-0.355814468385251	2.16621002629526	0.106947276330192	0.51253014527691	0.00736327477534324	0.152495485448599	NA	"abundance"	30	12
"Adlercreutzia sp910585575"	"Sex"	"M"	"SexM"	-2.41705294682274	0	1.58503885575869	0.127279761753925	0.538250579933619	4.71994190227805e-06	0.00156796469993677	NA	"prevalence"	30	26
"UBA7109 sp910575605"	"Sex"	"M"	"SexM"	-2.41705294682274	0	1.58503885575869	0.127279761753925	0.538250579933619	0.0113226066024237	0.203317292612171	NA	"prevalence"	30	26
"MGBC164599 sp910588825"	"Genotype"	"MUT"	"GenotypeMUT"	-1.29879542760285	0.280951100524579	0.990251804794055	0.129351256487003	0.543762713941177	0.0141942876189336	0.217296882350685	NA	"abundance"	30	20
"QXXE01 sp910586575"	"Sex"	"M"	"SexM"	1.92271598755996	-0.355814468385251	1.39220061533794	0.132894180101467	0.553251237685722	0.0165916893011291	0.228703700657058	NA	"abundance"	30	13
"Choladocola sp910585995"	"Genotype"	"MUT"	"GenotypeMUT"	-1.41048786821764	0.280951100524579	1.08907048860948	0.141497830417525	0.557009763938056	0.00409701386915106	0.103108182373635	NA	"abundance"	30	18
"Alistipes sp910587675"	"Sex"	"M"	"SexM"	0.999286533596627	-0.355814468385251	0.883787035056562	0.148228406459346	0.558611823421864	0.0138751421585135	0.217296882350685	NA	"abundance"	30	17
"Limisoma sp900544305"	"Sex"	"M"	"SexM"	-1.47426495757331	0	1.02177408031531	0.149063219915371	0.558611823421864	0.00639322843403691	0.141588699052471	NA	"prevalence"	30	5
"MGYG000410400"	"Sex"	"M"	"SexM"	-2.51052820768261	-0.355814468385251	1.40276949283555	0.150548056956612	0.561383549470769	0.0141385795924242	0.217296882350685	NA	"abundance"	30	15
"Nanosyncoccus sp013316435"	"Sex"	"M"	"SexM"	0.991387194756762	-0.355814468385251	0.898621473763419	0.165074151729839	0.572042549302862	0.016591689301129	0.228703700657058	NA	"abundance"	30	13
"Enterenecus sp910588495"	"Genotype"	"MUT"	"GenotypeMUT"	-2.17261896622131	0	1.56220523178619	0.164304737281082	0.572042549302862	0.0102924665735975	0.185823771508104	NA	"prevalence"	30	27
"MGYG000328855"	"Genotype"	"MUT"	"GenotypeMUT"	2.57186922916431	0.280951100524579	1.5632666783199	0.166725136713205	0.57204653313278	0.0140826392480846	0.217296882350685	NA	"abundance"	30	16
"Thomasclavelia cocleata"	"Genotype"	"MUT"	"GenotypeMUT"	-1.43665584745199	0	1.06391044538754	0.176902421880867	0.577280709323045	5.72326888796988e-08	6.2855623924607e-05	NA	"prevalence"	30	19
"MGYG000328709"	"Sex"	"M"	"SexM"	0.755250017033995	-0.355814468385251	0.785672933484803	0.178269628146186	0.578607887905507	0.00736327477534336	0.152495485448599	NA	"abundance"	30	18
"M3 sp001689445"	"Sex"	"M"	"SexM"	-2.1076996798429	0	1.60752686932311	0.189809018912322	0.587751471981188	0.00774028350255763	0.155837707851494	NA	"prevalence"	30	27
"MGYG000409986"	"Genotype"	"MUT"	"GenotypeMUT"	1.33438406354344	0	1.02376448428217	0.192435091916231	0.589090821339738	0.00957150543984835	0.175671497630808	NA	"prevalence"	30	5
"MGYG000366993"	"Genotype"	"MUT"	"GenotypeMUT"	-1.17131872476193	0	0.924333532842054	0.205082520406396	0.611527491965208	0.0190733698540379	0.23997451914345	NA	"prevalence"	30	23
"Bacteroides faecis"	"Genotype"	"MUT"	"GenotypeMUT"	2.3909294737587	0.280951100524579	1.57387802551853	0.207073630817154	0.613546963511279	0.00347321332039449	0.0958671246828577	NA	"abundance"	30	14
"MGYG000330890"	"Sex"	"M"	"SexM"	-1.62825856920125	-0.355814468385251	0.912266874245577	0.212946570704614	0.626668364398923	0.0184491537195822	0.23702646868264	NA	"abundance"	30	9
"CAG-510 sp910578335"	"Genotype"	"MUT"	"GenotypeMUT"	2.12491708542707	0.280951100524579	1.37973174844523	0.223295154544616	0.637606005096649	0.0157327100249822	0.228227348047994	NA	"abundance"	30	10
"Imtechella halotolerans"	"Sex"	"M"	"SexM"	0.881248868345608	-0.355814468385251	1.00428293003011	0.258041129869233	0.651035370861103	0.0085254291521318	0.164062269263566	NA	"abundance"	30	10
"MGYG000325676"	"Sex"	"M"	"SexM"	-1.61763031089271	-0.355814468385251	1.03480518890539	0.243234043920408	0.651035370861103	0.00334877646211833	0.0958671246828577	NA	"abundance"	30	17
"Paratractidigestivibacter sp900540955"	"Sex"	"M"	"SexM"	-1.34644930758902	-0.355814468385251	0.802578287017818	0.252837646038221	0.651035370861103	0.01608828209824	0.228703700657058	NA	"abundance"	30	11
"MGYG000325400"	"Sex"	"M"	"SexM"	1.1112307276533	-0.355814468385251	1.20041141829192	0.267615296957214	0.655015212189245	0.0184491537195823	0.23702646868264	NA	"abundance"	30	9
"Scatocola sp910577205"	"Sex"	"M"	"SexM"	1.87860786776266	-0.355814468385251	1.91744574176539	0.273953915401059	0.655015212189245	0.00662559210808287	0.144804059099022	NA	"abundance"	30	12
"Coprocola sp910575055"	"Sex"	"M"	"SexM"	-1.42510710743433	-0.355814468385251	0.962957925499118	0.288721121285644	0.655948642479141	0.0141385795924238	0.217296882350685	NA	"abundance"	30	15
"UBA3282 sp910575245"	"Sex"	"M"	"SexM"	-1.756764401774	0	1.6605453951532	0.290080873765675	0.655948642479141	0.00857301796558821	0.164062269263566	NA	"prevalence"	30	28
"MGYG000325278"	"Genotype"	"MUT"	"GenotypeMUT"	-0.333242913700013	0.280951100524579	0.571501153391653	0.298603828233425	0.661356614732655	0.0122341059593703	0.209811533747741	NA	"abundance"	30	20
"Alistipes sp002428825"	"Sex"	"M"	"SexM"	1.0495760540062	-0.355814468385251	1.38404426732372	0.327092154742494	0.679918267829119	0.0138751421585133	0.217296882350685	NA	"abundance"	30	17
"MGYG000327336"	"Sex"	"M"	"SexM"	-1.57699898975259	-0.355814468385251	1.26543501850323	0.366743861048811	0.719630299334865	0.00846755403415311	0.164062269263566	NA	"abundance"	30	10
"Thomasclavelia cocleata"	"Sex"	"M"	"SexM"	-0.823916294685401	-0.355814468385251	0.506983121355347	0.371235301351314	0.722453145722704	0.00448551136314352	0.107977309770745	NA	"abundance"	30	19
"Coproplasma sp910586065"	"Sex"	"M"	"SexM"	-1.05640479343918	-0.355814468385251	0.789925872806221	0.390516548981399	0.739073732662252	0.0132314637039157	0.216179816349841	NA	"abundance"	30	17
"Collinsella sp900545445"	"Sex"	"M"	"SexM"	0.480438191776915	-0.355814468385251	1.07261187032793	0.461139049224413	0.791650507987422	0.00846755403415307	0.164062269263566	NA	"abundance"	30	10
"MD308 sp910575105"	"Genotype"	"MUT"	"GenotypeMUT"	1.18149620827519	0	1.68349208074163	0.482795945835811	0.793334091029713	0.00955131573818799	0.175671497630808	NA	"prevalence"	30	29
"Paramuribaculum sp001689565"	"Genotype"	"MUT"	"GenotypeMUT"	1.18149620827519	0	1.68349208074163	0.48279594583581	0.793334091029713	0.0132911184390225	0.216179816349841	NA	"prevalence"	30	29
"Schaedlerella sp910589385"	"Genotype"	"MUT"	"GenotypeMUT"	1.18149620827519	0	1.68349208074163	0.482795945835811	0.793334091029713	0.0152057142701386	0.224503923579557	NA	"prevalence"	30	29
"MGYG000331169"	"Sex"	"M"	"SexM"	0.583920012966946	-0.355814468385251	1.33657641728097	0.495523129731641	0.803346064407634	0.00346188528354606	0.0958671246828577	NA	"abundance"	30	15
"MGYG000330231"	"Sex"	"M"	"SexM"	-0.912017930939626	-0.355814468385251	0.793729757607176	0.496885542173831	0.803769738468088	0.0141385795924243	0.217296882350685	NA	"abundance"	30	15
"MGYG000325361"	"Sex"	"M"	"SexM"	0.586229074840497	-0.355814468385251	1.33316182327259	0.502678408072868	0.80500731400769	0.00852542915213182	0.164062269263566	NA	"abundance"	30	10
"Dysosmobacter sp910575815"	"Sex"	"M"	"SexM"	-1.13576412416669	0	1.72257789575865	0.509677605515492	0.80500731400769	0.00238156227977697	0.079115498934191	NA	"prevalence"	30	29
"MGYG000325389"	"Sex"	"M"	"SexM"	-0.479578910694354	0	0.719766868738024	0.505220922853104	0.80500731400769	0.00743656491350785	0.152495485448599	NA	"prevalence"	30	13
"Alistipes sp002358415"	"Sex"	"M"	"SexM"	0.313439186892653	-0.355814468385251	1.02434761930045	0.526914821045811	0.813463578159908	0.00622857382498941	0.138867934541041	NA	"abundance"	30	14
"Paralachnospira sp022800815"	"Genotype"	"MUT"	"GenotypeMUT"	-0.189183091222376	0.280951100524579	0.734054465195109	0.535580239584192	0.81949759070875	0.0157327100249819	0.228227348047994	NA	"abundance"	30	14
"Niallia sp001076885"	"Sex"	"M"	"SexM"	-0.585097746106274	0	0.945092431727249	0.535856741334953	0.81949759070875	0.00349184891228952	0.0958671246828577	NA	"prevalence"	30	5
"MGYG000324289"	"Genotype"	"MUT"	"GenotypeMUT"	-0.475893150395026	0.280951100524579	1.21960577374115	0.544185738521981	0.823538530276195	0.0117586565065195	0.206322764006031	NA	"abundance"	30	18
"D16-34 sp910575165"	"Genotype"	"MUT"	"GenotypeMUT"	0.625955472314113	0	1.13967680602609	0.582841128405679	0.842580983325129	4.25836797976266e-05	0.00572948805935482	NA	"prevalence"	30	27
"D16-63 sp910588095"	"Genotype"	"MUT"	"GenotypeMUT"	0.625955472314113	0	1.13967680602609	0.582841128405679	0.842580983325129	0.00115971128134144	0.0535797001121159	NA	"prevalence"	30	27
"Enterorhabdus sp009911695"	"Genotype"	"MUT"	"GenotypeMUT"	0.625955472314113	0	1.13967680602609	0.582841128405679	0.842580983325129	0.000314702610714484	0.0230758922934434	NA	"prevalence"	30	27
"MGBC163016 sp910589135"	"Genotype"	"MUT"	"GenotypeMUT"	0.625955472314113	0	1.13967680602609	0.582841128405679	0.842580983325129	0.00730076428829896	0.152495485448599	NA	"prevalence"	30	27
"MGYG000329984"	"Genotype"	"MUT"	"GenotypeMUT"	0.625955472314113	0	1.13967680602609	0.582841128405679	0.842580983325129	3.86059210486708e-05	0.00557603781407323	NA	"prevalence"	30	27
"Parvibacter caecicola"	"Genotype"	"MUT"	"GenotypeMUT"	0.625955472314113	0	1.13967680602609	0.582841128405679	0.842580983325129	0.000331168947394652	0.0232077372196432	NA	"prevalence"	30	27
"MGYG000405682"	"Sex"	"M"	"SexM"	-0.941251265433331	-0.355814468385251	1.13607251338196	0.615715736727318	0.863975993930601	0.0141043006191798	0.217296882350685	NA	"abundance"	30	15
"D16-34 sp910577495"	"Genotype"	"MUT"	"GenotypeMUT"	-0.0648665269463466	0.280951100524579	0.755205253398272	0.656248646589189	0.882977271034577	0.015732710024982	0.228227348047994	NA	"abundance"	30	14
"Kineothrix sp009911195"	"Sex"	"M"	"SexM"	-1.15995169246438	-0.355814468385251	1.70456828207104	0.65372206058461	0.882977271034577	0.0171903825531661	0.234042831318106	NA	"abundance"	30	9
"Choladocola sp910574965"	"Sex"	"M"	"SexM"	-0.510600380294419	0	1.14954263570512	0.656914631594338	0.882977271034577	0.0130197187035956	0.215335318046535	NA	"prevalence"	30	27
"MGYG000392808"	"Sex"	"M"	"SexM"	0.269393611275821	-0.355814468385251	1.4617619184448	0.677845489355106	0.886252821868979	0.0151511632974781	0.224503923579557	NA	"abundance"	30	13
"MGYG000325385"	"Sex"	"M"	"SexM"	-0.816778984578604	-0.355814468385251	1.16330804040506	0.702352603332556	0.888075772875514	0.0160882820982401	0.228703700657058	NA	"abundance"	30	11
"MGYG000391024"	"Sex"	"M"	"SexM"	-0.860490123054243	-0.355814468385251	1.22867434932155	0.687410013187496	0.888075772875514	0.0122756065806991	0.209811533747741	NA	"abundance"	30	17
"QANA01 sp910588425"	"Sex"	"M"	"SexM"	0.131382158947037	-0.355814468385251	1.20754527875994	0.692710367645626	0.888075772875514	0.013029018340564	0.215335318046535	NA	"abundance"	30	17
"MGYG000325479"	"Sex"	"M"	"SexM"	-0.0163298439780099	-0.355814468385251	0.8765677229875	0.70538947010829	0.888174919281039	0.00585980709962646	0.136127826468245	NA	"abundance"	30	16
"Avidehalobacter sp021771915"	"Genotype"	"MUT"	"GenotypeMUT"	-0.254344620311583	0	0.714231449933835	0.721758546454361	0.890059702874358	0.0114111533213513	0.2038056523308	NA	"prevalence"	30	15
"Alloprevotella sp002933955"	"Sex"	"M"	"SexM"	0.00420505461323636	-0.355814468385251	1.01109448340876	0.728201801057421	0.894877121495288	0.0025591109681103	0.0817439099621385	NA	"abundance"	30	15
"Enterenecus sp910579155"	"Sex"	"M"	"SexM"	-0.329716293892358	0	1.000245317784	0.74167544943328	0.900776795843972	0.00864265416048284	0.164062269263566	NA	"prevalence"	30	25
"MGYG000409986"	"Sex"	"M"	"SexM"	0.294167065760087	0	0.945346537382096	0.755668506463642	0.912436777497892	0.00616165217328526	0.138867934541041	NA	"prevalence"	30	5
"Merdisoma sp009917555"	"Genotype"	"MUT"	"GenotypeMUT"	0.498565020166126	0.280951100524579	0.74179047620383	0.773378293628197	0.922906267990543	0.014194287618934	0.217296882350685	NA	"abundance"	30	18
"MGYG000410812"	"Sex"	"M"	"SexM"	-0.0936786572785859	-0.355814468385251	0.9575171533179	0.792173828022751	0.937167152397692	0.00846755403415307	0.164062269263566	NA	"abundance"	30	10
"UBA3282 sp910587715"	"Genotype"	"MUT"	"GenotypeMUT"	1.2025980709212	0.280951100524579	3.5853551498758	0.804498433014039	0.944329415525442	0.015732710024982	0.228227348047994	NA	"abundance"	30	10
"MGYG000323124"	"Sex"	"M"	"SexM"	-0.155008597490213	-0.355814468385251	0.826091613398648	0.816250238368439	0.952924696885945	0.0184491537195823	0.23702646868264	NA	"abundance"	30	9
"MGYG000323059"	"Sex"	"M"	"SexM"	-0.132125983382459	-0.355814468385251	1.07625965701696	0.838471742870596	0.961536984399861	0.00847221398097779	0.164062269263566	NA	"abundance"	30	16
"MGYG000326888"	"Sex"	"M"	"SexM"	0.126718198851937	0	0.974250038184128	0.896513078106036	0.993628869525022	0.0026024898141259	0.0823378205954879	NA	"prevalence"	30	26
"UBA1405 sp022800935"	"Sex"	"M"	"SexM"	0.130600462448543	0	0.989113675450527	0.894954338389332	0.993628869525022	0.00905664912457909	0.169978465490688	NA	"prevalence"	30	26
"Butyricicoccus sp910584935"	"Genotype"	"MUT"	"GenotypeMUT"	0.471250152134824	0.280951100524579	1.53414465309935	0.903080562836583	0.997505858749917	0.00742293268890343	0.152495485448599	NA	"abundance"	30	17
"Angelakisella sp910585525"	"Sex"	"M"	"SexM"	-0.175359714718654	-0.355814468385251	1.5552144993803	0.911390626591784	1	0.0171903825531661	0.234042831318106	NA	"abundance"	30	9
"MGYG000341210"	"Sex"	"M"	"SexM"	-0.354851421698468	-0.355814468385251	0.76047283586246	0.999020894716474	1	0.0160882820982401	0.228703700657058	NA	"abundance"	30	11
"MGYG000373138"	"Genotype"	"MUT"	"GenotypeMUT"	0.281329867245843	0.280951100524579	0.600362981356045	0.999504472956858	1	0.0126246731038843	0.212889157619816	NA	"abundance"	30	21
"CAG-873 sp002490635"	"Genotype"	"MUT"	"GenotypeMUT"	1.71823214317704e-16	0	1.2381167423597	1	1	0.00571398992629984	0.133675172782874	NA	"prevalence"	30	28
"Paramuribaculum intestinale"	"Genotype"	"MUT"	"GenotypeMUT"	1.71823214317704e-16	0	1.2381167423597	1	1	0.0012295687483878	0.0544616984285901	NA	"prevalence"	30	28
"Paramuribaculum sp910586895"	"Sex"	"M"	"SexM"	-0.0341548278664017	0	0.715836172698436	0.961944821364419	1	0.0129204731632492	0.215335318046535	NA	"prevalence"	30	17
"MGYG000411451"	"Genotype"	"MUT"	"GenotypeMUT"	-2.34293321774883	0	0.870123364964401	0.00708877304912729	0.213462654069051	0.000169121604555955	0.0160520562952824	"Prevalence association possibly induced by stronger abundance association"	"prevalence"	30	18
"Paralachnospira sp910588815"	"Sex"	"M"	"SexM"	-3.80593928457034	0	1.5247590746014	0.0125569946550218	0.2943320459216	0.000299389816204254	0.0226039311234212	"Prevalence association possibly induced by stronger abundance association"	"prevalence"	30	14
"Dysosmobacter sp022797935"	"Genotype"	"MUT"	"GenotypeMUT"	1.91978696470553	0	0.801797618993728	0.0166496916353946	0.304835924468396	0.0101657359348879	0.18453865997649	"Prevalence association possibly induced by stronger abundance association"	"prevalence"	30	15
"MGBC113645 sp910579135"	"Genotype"	"MUT"	"GenotypeMUT"	-1.87653927718496	0	0.786356853399058	0.0170155707038736	0.304835924468396	0.00340889171561398	0.0958671246828577	"Prevalence association possibly induced by stronger abundance association"	"prevalence"	30	15
"MGYG000327499"	"Sex"	"M"	"SexM"	-2.05743157455583	0	0.857148402026785	0.0163806862583288	0.304835924468396	0.00340360385051131	0.0958671246828577	"Prevalence association possibly induced by stronger abundance association"	"prevalence"	30	14
"MGYG000329420"	"Genotype"	"MUT"	"GenotypeMUT"	1.91978696470553	0	0.801797618993727	0.0166496916353947	0.304835924468396	0.0180793008051701	0.23702646868264	"Prevalence association possibly induced by stronger abundance association"	"prevalence"	30	15
"MGYG000331189"	"Sex"	"M"	"SexM"	-2.14793998150836	0	0.873429670882409	0.0139246250660688	0.304835924468396	0.0164274745468636	0.228703700657058	"Prevalence association possibly induced by stronger abundance association"	"prevalence"	30	18
"Sporofaciens sp910585725"	"Sex"	"M"	"SexM"	-2.46503315824051	0	1.01166136259353	0.014825296199685	0.304835924468396	0.0188220402824064	0.237775992407589	"Prevalence association possibly induced by stronger abundance association"	"prevalence"	30	16
"UBA2882 sp910574745"	"Sex"	"M"	"SexM"	-1.9307017449329	0	0.8019343424257	0.0160597040851555	0.304835924468396	0.000700242337372536	0.0363469538242432	"Prevalence association possibly induced by stronger abundance association"	"prevalence"	30	16
"Parabacteroides goldsteinii"	"Genotype"	"MUT"	"GenotypeMUT"	3.44920843443761	0	1.55046192182322	0.026105899377938	0.351816415777854	0.0010233428435551	0.048564927518429	"Prevalence association possibly induced by stronger abundance association"	"prevalence"	30	23
"Pelethomonas sp022804995"	"Sex"	"M"	"SexM"	-1.95088173050784	0	0.882526221210194	0.0270659625843416	0.355139165289561	0.00170428424511471	0.0650762328996673	"Prevalence association possibly induced by stronger abundance association"	"prevalence"	30	19
"Sporofaciens sp910585725"	"Genotype"	"MUT"	"GenotypeMUT"	2.1720351556976	0	1.0019677500808	0.0301762264689161	0.370227267309065	0.0191989167134771	0.23997451914345	"Prevalence association possibly induced by stronger abundance association"	"prevalence"	30	16
"Avoscillospira_A sp022792945"	"Sex"	"M"	"SexM"	-1.75566907067082	0	0.818819848183326	0.0320212129213555	0.375151574495708	0.00189812045348647	0.0685386537661094	"Prevalence association possibly induced by stronger abundance association"	"prevalence"	30	17
"CAG-95 sp910585005"	"Genotype"	"MUT"	"GenotypeMUT"	-1.81609029807242	0	0.853046405648949	0.0332586735524199	0.37589165005587	0.000450222787634402	0.027697038898546	"Prevalence association possibly induced by stronger abundance association"	"prevalence"	30	20
"14-2 sp000403255"	"Sex"	"M"	"SexM"	-1.68252273615502	0	0.792774459065855	0.0338107008350673	0.377177151537862	0.00331266001014141	0.0956926656842588	"Prevalence association possibly induced by stronger abundance association"	"prevalence"	30	17
"Pelethomonas sp022795905"	"Sex"	"M"	"SexM"	-1.68252273615502	0	0.792774459065855	0.0338107008350672	0.377177151537862	0.000871339963724793	0.0432028561118472	"Prevalence association possibly induced by stronger abundance association"	"prevalence"	30	17
"Muricomes contortus_B"	"Genotype"	"MUT"	"GenotypeMUT"	1.74666244174455	0	0.824002173311806	0.0340287892628546	0.377512756021062	0.0175316109775056	0.234581440446969	"Prevalence association possibly induced by stronger abundance association"	"prevalence"	30	18
"JAAVYW01 sp022791315"	"Genotype"	"MUT"	"GenotypeMUT"	-2.30464925247659	0	1.12431500533873	0.0403814896652388	0.385364382630213	0.00286138960231896	0.0866244794974649	"Prevalence association possibly induced by stronger abundance association"	"prevalence"	30	7
"Ventrimonas sp022799175"	"Sex"	"M"	"SexM"	-1.7571042920812	0	0.858771942578641	0.0407498525457245	0.385364382630213	0.0146939234073514	0.223039007478527	"Prevalence association possibly induced by stronger abundance association"	"prevalence"	30	9
"MGYG000328353"	"Sex"	"M"	"SexM"	-2.02750431208605	0	1.01080154877381	0.0448735185296645	0.403685665856645	6.28237629080042e-05	0.00745359072787107	"Prevalence association possibly induced by stronger abundance association"	"prevalence"	30	22
"CAG-873 sp009775265"	"Sex"	"M"	"SexM"	-3.24291971326103	0	1.62165758785455	0.0455266031277774	0.406242531172458	0.000340028448151841	0.0232077372196432	"Prevalence association possibly induced by stronger abundance association"	"prevalence"	30	24
"Pelethomonas sp910578505"	"Genotype"	"MUT"	"GenotypeMUT"	-1.96480181288529	0	1.02076313552967	0.0542498563312772	0.441780984395611	0.00050642632700959	0.0290060044538941	"Prevalence association possibly induced by stronger abundance association"	"prevalence"	30	23
"CAG-873 sp009775135"	"Sex"	"M"	"SexM"	-3.02671263357982	0	1.58292014469403	0.0558624756899692	0.442379811191194	0.0124325714054838	0.210719399025598	"Prevalence association possibly induced by stronger abundance association"	"prevalence"	30	24
"MGYG000328306"	"Sex"	"M"	"SexM"	-3.02671263357982	0	1.58292014469403	0.0558624756899691	0.442379811191194	5.87321817648867e-05	0.00722623362307236	"Prevalence association possibly induced by stronger abundance association"	"prevalence"	30	24
"MD308 sp910584615"	"Genotype"	"MUT"	"GenotypeMUT"	1.6112363100756	0	0.869056356399685	0.063738201024154	0.457426590038141	0.00148513166790254	0.0603573967138698	"Prevalence association possibly induced by stronger abundance association"	"prevalence"	30	21
"Enterenecus sp910579155"	"Genotype"	"MUT"	"GenotypeMUT"	2.79564736871331	0	1.53210202422734	0.0680442629704228	0.459261205147598	1.73961216605178e-05	0.00339940683272002	"Prevalence association possibly induced by stronger abundance association"	"prevalence"	30	25
"Lawsonibacter sp910589085"	"Genotype"	"MUT"	"GenotypeMUT"	2.79564736871331	0	1.53210202422734	0.0680442629704228	0.459261205147598	2.35789259228625e-07	0.00011236743233578	"Prevalence association possibly induced by stronger abundance association"	"prevalence"	30	25
"Acutalibacter sp009917445"	"Sex"	"M"	"SexM"	-1.83260195689833	0	1.03150294290394	0.0756286761138392	0.466833062970249	1.59926053577841e-05	0.00332046468740993	"Prevalence association possibly induced by stronger abundance association"	"prevalence"	30	23
"Angelakisella sp910585535"	"Sex"	"M"	"SexM"	-1.32918074031344	0	0.753272708264854	0.0776409025863737	0.466833062970249	0.0151740696970748	0.224503923579557	"Prevalence association possibly induced by stronger abundance association"	"prevalence"	30	16
"Bariatricus sp022793995"	"Genotype"	"MUT"	"GenotypeMUT"	-1.43477713996456	0	0.798890232129407	0.0725004331632902	0.466833062970249	0.000203475403240949	0.0182687916099036	"Prevalence association possibly induced by stronger abundance association"	"prevalence"	30	17
"Dysosmobacter sp910577405"	"Sex"	"M"	"SexM"	-1.83260195689833	0	1.03150294290394	0.0756286761138395	0.466833062970249	0.00160611868295091	0.0620410030786386	"Prevalence association possibly induced by stronger abundance association"	"prevalence"	30	23
"MGBC163016 sp910585565"	"Sex"	"M"	"SexM"	-1.74956701253913	0	1.00512897067056	0.0817468200255554	0.466833062970249	0.00140691680125615	0.0591617419464929	"Prevalence association possibly induced by stronger abundance association"	"prevalence"	30	23
"MGYG000324148"	"Sex"	"M"	"SexM"	-1.83260195689833	0	1.03150294290394	0.0756286761138397	0.466833062970249	9.11399721867934e-05	0.0100922329201509	"Prevalence association possibly induced by stronger abundance association"	"prevalence"	30	23
"MGYG000329032"	"Sex"	"M"	"SexM"	-2.7162309357725	0	1.57832371314761	0.0852582023629462	0.466833062970249	0.00812182969803388	0.162534447330533	"Prevalence association possibly induced by stronger abundance association"	"prevalence"	30	25
"Paramuribaculum sp009775605"	"Sex"	"M"	"SexM"	-1.83260195689833	0	1.03150294290394	0.0756286761138392	0.466833062970249	0.0176283041573839	0.234581440446969	"Prevalence association possibly induced by stronger abundance association"	"prevalence"	30	23
"Paramuribaculum sp910587425"	"Genotype"	"MUT"	"GenotypeMUT"	-2.54986209704774	0	1.55341797671716	0.100703482688773	0.502054547048759	0.000614715723323056	0.0325513159554324	"Prevalence association possibly induced by stronger abundance association"	"prevalence"	30	26
"MGYG000328238"	"Genotype"	"MUT"	"GenotypeMUT"	-1.64829694612226	0	1.01530650424216	0.104493748174541	0.508220323680443	0.00231136382495178	0.0790376906417863	"Prevalence association possibly induced by stronger abundance association"	"prevalence"	30	24
"UBA11957 sp910588295"	"Genotype"	"MUT"	"GenotypeMUT"	-1.62368709329017	0	1.00689323997812	0.106837688217556	0.512412606546624	3.47311543968942e-08	6.04812527007503e-05	"Prevalence association possibly induced by stronger abundance association"	"prevalence"	30	24
"Acutalibacter sp910587835"	"Sex"	"M"	"SexM"	-1.35511876560034	0	0.844193905673545	0.108444922127045	0.5164552659391	0.00296917078942771	0.0874478977591987	"Prevalence association possibly induced by stronger abundance association"	"prevalence"	30	19
"MGYG000326314"	"Genotype"	"MUT"	"GenotypeMUT"	-1.35392757427236	0	0.874595908761997	0.121607677522506	0.537284071405839	6.25804928056084e-06	0.00173243664250193	"Prevalence association possibly induced by stronger abundance association"	"prevalence"	30	22
"MGYG000410015"	"Genotype"	"MUT"	"GenotypeMUT"	1.35392757427236	0	0.874595908761998	0.121607677522506	0.537284071405839	0.00709572051745244	0.152176843103792	"Prevalence association possibly induced by stronger abundance association"	"prevalence"	30	8
"14-2 sp000403315"	"Genotype"	"MUT"	"GenotypeMUT"	1.32220602945275	0	0.862183588821072	0.125139144435426	0.538250579933619	0.0166707566783219	0.228844023493327	"Prevalence association possibly induced by stronger abundance association"	"prevalence"	30	22
"Adlercreutzia caecimuris"	"Sex"	"M"	"SexM"	-2.41705294682274	0	1.58503885575869	0.127279761753925	0.538250579933619	0.000246450346182425	0.0195747003894386	"Prevalence association possibly induced by stronger abundance association"	"prevalence"	30	26
"Bilophila sp910585945"	"Sex"	"M"	"SexM"	-2.41705294682274	0	1.58503885575869	0.127279761753925	0.538250579933619	0.000125979134419474	0.0130782088919216	"Prevalence association possibly induced by stronger abundance association"	"prevalence"	30	26
"Eubacterium_G sp910584795"	"Genotype"	"MUT"	"GenotypeMUT"	1.32220602945275	0	0.862183588821073	0.125139144435425	0.538250579933619	0.0163236721897586	0.228703700657058	"Prevalence association possibly induced by stronger abundance association"	"prevalence"	30	22
"MGYG000329537"	"Sex"	"M"	"SexM"	-2.41705294682274	0	1.5850388557587	0.127279761753925	0.538250579933619	0.000520615277213921	0.0293132873034685	"Prevalence association possibly induced by stronger abundance association"	"prevalence"	30	26
"CAG-317 sp011960265"	"Genotype"	"MUT"	"GenotypeMUT"	1.1577687994135	0	0.789404788594613	0.142475336591944	0.557009763938056	0.00370450816177526	0.0970074481625209	"Prevalence association possibly induced by stronger abundance association"	"prevalence"	30	20
"MGYG000399267"	"Sex"	"M"	"SexM"	-1.48277418731766	0	1.01155821624785	0.14269411909462	0.557009763938056	0.0147036552190841	0.223039007478527	"Prevalence association possibly induced by stronger abundance association"	"prevalence"	30	24
"MGYG000410251"	"Genotype"	"MUT"	"GenotypeMUT"	1.15028200228759	0	0.786324335364558	0.143505835596258	0.557009763938056	0.0188245292002396	0.237775992407589	"Prevalence association possibly induced by stronger abundance association"	"prevalence"	30	20
"MGYG000410711"	"Sex"	"M"	"SexM"	-1.48277418731766	0	1.01155821624785	0.14269411909462	0.557009763938056	8.98923018790576e-05	0.0100922329201509	"Prevalence association possibly induced by stronger abundance association"	"prevalence"	30	24
"Coproplasma sp910577375"	"Sex"	"M"	"SexM"	1.12974998392625	0	0.790686420791371	0.153055462166535	0.56340098535978	0.0029745973650781	0.0874478977591987	"Prevalence association possibly induced by stronger abundance association"	"prevalence"	30	17
"Choladocola sp910574965"	"Genotype"	"MUT"	"GenotypeMUT"	2.17261896622131	0	1.56220523178619	0.164304737281082	0.572042549302862	7.56840745630427e-08	6.2855623924607e-05	"Prevalence association possibly induced by stronger abundance association"	"prevalence"	30	27
"MGYG000331109"	"Sex"	"M"	"SexM"	-1.24416692150312	0	0.898176863906935	0.165987124422592	0.572042549302862	0.00863337990175139	0.164062269263566	"Prevalence association possibly induced by stronger abundance association"	"prevalence"	30	22
"Acutalibacter sp910588935"	"Sex"	"M"	"SexM"	-1.16648382418038	0	0.866509450748244	0.178242191868791	0.578607887905507	5.66765373166689e-06	0.0017116314269634	"Prevalence association possibly induced by stronger abundance association"	"prevalence"	30	22
"Dysosmobacter sp022791135"	"Sex"	"M"	"SexM"	-1.16648382418039	0	0.866509450748244	0.17824219186879	0.578607887905507	0.000886144903907926	0.0432907848644431	"Prevalence association possibly induced by stronger abundance association"	"prevalence"	30	22
"MGBC163016 sp910589125"	"Sex"	"M"	"SexM"	-1.16648382418039	0	0.866509450748244	0.178242191868789	0.578607887905507	0.000375146150305761	0.0241965077831773	"Prevalence association possibly induced by stronger abundance association"	"prevalence"	30	22
"Adlercreutzia muris"	"Sex"	"M"	"SexM"	-2.1076996798429	0	1.60752686932311	0.189809018912322	0.587751471981188	0.0118005193140114	0.206322764006031	"Prevalence association possibly induced by stronger abundance association"	"prevalence"	30	27
"D16-34 sp910575165"	"Sex"	"M"	"SexM"	-2.1076996798429	0	1.60752686932311	0.189809018912322	0.587751471981188	2.12816436557794e-05	0.00372092738023681	"Prevalence association possibly induced by stronger abundance association"	"prevalence"	30	27
"D16-63 sp910588095"	"Sex"	"M"	"SexM"	-2.1076996798429	0	1.60752686932311	0.189809018912322	0.587751471981188	2.30379029853012e-07	0.00011236743233578	"Prevalence association possibly induced by stronger abundance association"	"prevalence"	30	27
"Desulfovibrio sp910587035"	"Sex"	"M"	"SexM"	-2.1076996798429	0	1.60752686932311	0.189809018912322	0.587751471981188	0.0015907592998714	0.0620410030786386	"Prevalence association possibly induced by stronger abundance association"	"prevalence"	30	27
"Enterorhabdus sp009911695"	"Sex"	"M"	"SexM"	-2.1076996798429	0	1.60752686932311	0.189809018912322	0.587751471981188	1.13901172438258e-05	0.00270271210599923	"Prevalence association possibly induced by stronger abundance association"	"prevalence"	30	27
"Lawsonibacter sp022794495"	"Genotype"	"MUT"	"GenotypeMUT"	1.34648231015236	0	1.02867270190855	0.190550900527765	0.587751471981188	0.000478671246011086	0.0282495177048996	"Prevalence association possibly induced by stronger abundance association"	"prevalence"	30	25
"MGYG000329984"	"Sex"	"M"	"SexM"	-2.1076996798429	0	1.60752686932311	0.189809018912322	0.587751471981188	2.36776648510073e-07	0.00011236743233578	"Prevalence association possibly induced by stronger abundance association"	"prevalence"	30	27
"Muribaculum sp910587665"	"Sex"	"M"	"SexM"	-2.1076996798429	0	1.60752686932311	0.189809018912322	0.587751471981188	2.08209724268382e-05	0.00372092738023681	"Prevalence association possibly induced by stronger abundance association"	"prevalence"	30	27
"Parvibacter caecicola"	"Sex"	"M"	"SexM"	-2.1076996798429	0	1.60752686932311	0.189809018912322	0.587751471981188	3.64125543050875e-08	6.04812527007503e-05	"Prevalence association possibly induced by stronger abundance association"	"prevalence"	30	27
"QXXE01 sp009911355"	"Sex"	"M"	"SexM"	-2.1076996798429	0	1.60752686932311	0.189809018912322	0.587751471981188	0.000386955148288348	0.0242540566530923	"Prevalence association possibly induced by stronger abundance association"	"prevalence"	30	27
"Acetatifactor sp910585425"	"Genotype"	"MUT"	"GenotypeMUT"	1.33438406354345	0	1.02376448428217	0.192435091916228	0.589090821339738	0.00221075437610163	0.0765013128896835	"Prevalence association possibly induced by stronger abundance association"	"prevalence"	30	25
"Enterenecus sp910587285"	"Genotype"	"MUT"	"GenotypeMUT"	-1.33438406354345	0	1.02376448428217	0.192435091916226	0.589090821339738	0.00189203300423468	0.0685386537661094	"Prevalence association possibly induced by stronger abundance association"	"prevalence"	30	25
"Dysosmobacter sp910586735"	"Sex"	"M"	"SexM"	-1.27317923786799	0	1.05836159501363	0.228987202394129	0.641435655609119	0.000344998224184656	0.0232077372196432	"Prevalence association possibly induced by stronger abundance association"	"prevalence"	30	25
"Eubacterium_F sp910585745"	"Genotype"	"MUT"	"GenotypeMUT"	1.04141129992879	0	0.86743112439164	0.22991826108047	0.641435655609119	0.0121540865535928	0.209811533747741	"Prevalence association possibly induced by stronger abundance association"	"prevalence"	30	23
"MGBC118957 sp910584385"	"Genotype"	"MUT"	"GenotypeMUT"	1.04141129992879	0	0.86743112439164	0.229918261080469	0.641435655609119	0.00119352733542943	0.0535797001121159	"Prevalence association possibly induced by stronger abundance association"	"prevalence"	30	23
"Pelethomonas sp910579485"	"Sex"	"M"	"SexM"	-1.27317923786799	0	1.05836159501363	0.228987202394129	0.641435655609119	0.00358824537310087	0.0964271378142121	"Prevalence association possibly induced by stronger abundance association"	"prevalence"	30	25
"Pelethomonas sp910579965"	"Sex"	"M"	"SexM"	-1.27317923786799	0	1.05836159501363	0.228987202394129	0.641435655609119	0.00756992063458894	0.154212998617322	"Prevalence association possibly induced by stronger abundance association"	"prevalence"	30	25
"Acetatifactor sp910586515"	"Genotype"	"MUT"	"GenotypeMUT"	0.904718078616	0	0.796007048652663	0.255717904724621	0.651035370861103	0.00491246261537792	0.117404322361766	"Prevalence association possibly induced by stronger abundance association"	"prevalence"	30	9
"Bacteroides caecimuris"	"Genotype"	"MUT"	"GenotypeMUT"	1.81289810502869	0	1.61591931188733	0.261905426720316	0.651035370861103	0.000184255807084588	0.0170027164204167	"Prevalence association possibly induced by stronger abundance association"	"prevalence"	30	28
"Enterenecus sp910587395"	"Genotype"	"MUT"	"GenotypeMUT"	0.89416950756892	0	0.790799890734445	0.258174954507388	0.651035370861103	0.0203121079568778	0.246648498863014	"Prevalence association possibly induced by stronger abundance association"	"prevalence"	30	21
"MGYG000323047"	"Genotype"	"MUT"	"GenotypeMUT"	1.81289810502869	0	1.61591931188733	0.261905426720316	0.651035370861103	3.29598067994041e-06	0.00121658309097356	"Prevalence association possibly induced by stronger abundance association"	"prevalence"	30	28
"Parabacteroides distasonis"	"Genotype"	"MUT"	"GenotypeMUT"	1.81289810502869	0	1.61591931188733	0.261905426720316	0.651035370861103	0.00218560329304096	0.0764270962050744	"Prevalence association possibly induced by stronger abundance association"	"prevalence"	30	28
"Parasutterella sp009767915"	"Genotype"	"MUT"	"GenotypeMUT"	1.81289810502869	0	1.61591931188733	0.261905426720316	0.651035370861103	0.00154481962930819	0.0610939381971644	"Prevalence association possibly induced by stronger abundance association"	"prevalence"	30	28
"Enterenecus sp910587205"	"Genotype"	"MUT"	"GenotypeMUT"	0.832107509302545	0	0.758177888974319	0.272418687860279	0.655015212189245	0.00417676838251091	0.103546451990308	"Prevalence association possibly induced by stronger abundance association"	"prevalence"	30	19
"MGYG000328896"	"Genotype"	"MUT"	"GenotypeMUT"	0.832107509302546	0	0.758177888974319	0.272418687860279	0.655015212189245	0.00153820885053402	0.0610939381971644	"Prevalence association possibly induced by stronger abundance association"	"prevalence"	30	19
"NSJ-51 sp910585415"	"Genotype"	"MUT"	"GenotypeMUT"	1.74792024402924	0	1.59341712835694	0.27265739916859	0.655015212189245	0.00132960845675578	0.0571644161674841	"Prevalence association possibly induced by stronger abundance association"	"prevalence"	30	28
"Pelethomonas sp910578505"	"Sex"	"M"	"SexM"	-1.02049639534886	0	0.934248524652289	0.274693391069999	0.655015212189245	0.00385219671190107	0.0992015308289562	"Prevalence association possibly induced by stronger abundance association"	"prevalence"	30	23
"UBA3282 sp910578115"	"Genotype"	"MUT"	"GenotypeMUT"	0.824124227099569	0	0.754107641091685	0.274461008641177	0.655015212189245	0.00023374192949932	0.0195747003894386	"Prevalence association possibly induced by stronger abundance association"	"prevalence"	30	19
"Desulfovibrio sp910575755"	"Sex"	"M"	"SexM"	-1.756764401774	0	1.66054539515319	0.290080873765675	0.655948642479141	0.0013422108552269	0.0571644161674841	"Prevalence association possibly induced by stronger abundance association"	"prevalence"	30	28
"Mailhella sp910579055"	"Sex"	"M"	"SexM"	-1.756764401774	0	1.66054539515319	0.290080873765675	0.655948642479141	0.00397249231317165	0.101512457418125	"Prevalence association possibly induced by stronger abundance association"	"prevalence"	30	28
"Angelakisella sp013316495"	"Sex"	"M"	"SexM"	-0.759752442466444	0	0.728432409730539	0.296949920997577	0.661356614732655	0.0042586159511584	0.104793497701838	"Prevalence association possibly induced by stronger abundance association"	"prevalence"	30	14
"CAG-485 sp002361155"	"Sex"	"M"	"SexM"	-1.68707830141388	0	1.63570073255562	0.302348533532302	0.661356614732655	0.000349303690843517	0.0232077372196432	"Prevalence association possibly induced by stronger abundance association"	"prevalence"	30	28
"CAG-485 sp002361215"	"Sex"	"M"	"SexM"	-1.68707830141388	0	1.63570073255562	0.302348533532302	0.661356614732655	0.00741714171674546	0.152495485448599	"Prevalence association possibly induced by stronger abundance association"	"prevalence"	30	28
"CAG-485 sp009775365"	"Sex"	"M"	"SexM"	-1.68707830141388	0	1.63570073255562	0.302348533532302	0.661356614732655	0.0192875366078571	0.23997451914345	"Prevalence association possibly induced by stronger abundance association"	"prevalence"	30	28
"CAG-873 sp002490635"	"Sex"	"M"	"SexM"	-1.68707830141388	0	1.63570073255562	0.302348533532302	0.661356614732655	3.73674458145068e-05	0.00557603781407323	"Prevalence association possibly induced by stronger abundance association"	"prevalence"	30	28
"MGYG000410694"	"Sex"	"M"	"SexM"	-1.68707830141388	0	1.63570073255562	0.302348533532301	0.661356614732655	0.010059342696719	0.183610639771982	"Prevalence association possibly induced by stronger abundance association"	"prevalence"	30	28
"Paramuribaculum intestinale"	"Sex"	"M"	"SexM"	-1.68707830141388	0	1.63570073255562	0.302348533532302	0.661356614732655	0.00148985747457475	0.0603573967138698	"Prevalence association possibly induced by stronger abundance association"	"prevalence"	30	28
"RACS-045 sp910579785"	"Sex"	"M"	"SexM"	0.917425793396782	0	0.896584002333036	0.306191654303201	0.661356614732655	2.76511974521831e-05	0.00437415609219773	"Prevalence association possibly induced by stronger abundance association"	"prevalence"	30	24
"UBA3282 sp009774215"	"Sex"	"M"	"SexM"	0.747272420580312	0	0.738702645124895	0.311728811846599	0.664491989583838	0.000319533728325827	0.0230758922934434	"Prevalence association possibly induced by stronger abundance association"	"prevalence"	30	18
"Acetatifactor sp910585615"	"Genotype"	"MUT"	"GenotypeMUT"	1.03564279256046	0	1.07047453635339	0.333313429130435	0.687159513032771	0.000146063184396361	0.0142712323107268	"Prevalence association possibly induced by stronger abundance association"	"prevalence"	30	26
"UBA1405 sp022800935"	"Genotype"	"MUT"	"GenotypeMUT"	0.996251073198942	0	1.04973569627428	0.342595468169869	0.693712638741277	0.00710036444343398	0.152176843103792	"Prevalence association possibly induced by stronger abundance association"	"prevalence"	30	26
"MGYG000328306"	"Genotype"	"MUT"	"GenotypeMUT"	-0.913761924476139	0	0.979365259694487	0.350812515354003	0.704755963628491	0.00145831575153421	0.0603573967138698	"Prevalence association possibly induced by stronger abundance association"	"prevalence"	30	24
"Clostridioides difficile"	"Sex"	"M"	"SexM"	0.823537848114122	0	0.902445367510221	0.361472656819299	0.713858828905777	0.00249302576228949	0.0804061318672397	"Prevalence association possibly induced by stronger abundance association"	"prevalence"	30	13
"MGYG000329398"	"Genotype"	"MUT"	"GenotypeMUT"	0.843918602089666	0	0.942334996333063	0.370487198915615	0.721679503001922	0.0174023721217249	0.234581440446969	"Prevalence association possibly induced by stronger abundance association"	"prevalence"	30	6
"Paramuribaculum sp910587425"	"Sex"	"M"	"SexM"	-0.987483512302243	0	1.11787015415251	0.377040958116656	0.728446033256816	0.003708592991162	0.0970074481625209	"Prevalence association possibly induced by stronger abundance association"	"prevalence"	30	26
"Lachnospira sp910589305"	"Genotype"	"MUT"	"GenotypeMUT"	0.748833648239455	0	0.885450807077929	0.397715144252924	0.743392996374481	0.000145285905053028	0.0142712323107268	"Prevalence association possibly induced by stronger abundance association"	"prevalence"	30	14
"MGYG000327450"	"Sex"	"M"	"SexM"	-0.900542356669308	0	1.07039035987607	0.400167883929331	0.743392996374481	0.00440952214502432	0.107709062983609	"Prevalence association possibly induced by stronger abundance association"	"prevalence"	30	26
"RGIG4284 sp910576205"	"Sex"	"M"	"SexM"	-0.900542356669308	0	1.07039035987607	0.400167883929331	0.743392996374481	0.0133404161203243	0.216179816349841	"Prevalence association possibly induced by stronger abundance association"	"prevalence"	30	26
"MGYG000410805"	"Sex"	"M"	"SexM"	0.618750014677767	0	0.748069828200456	0.408164126167601	0.751002045214917	0.00212913327565811	0.0752444759759176	"Prevalence association possibly induced by stronger abundance association"	"prevalence"	30	11
"UBA3282 sp910588215"	"Genotype"	"MUT"	"GenotypeMUT"	0.633118467320482	0	0.806275363392518	0.432313738814892	0.769125210460989	0.00304191754302252	0.088642544543165	"Prevalence association possibly induced by stronger abundance association"	"prevalence"	30	22
"MGYG000329173"	"Genotype"	"MUT"	"GenotypeMUT"	0.627227398397258	0	0.802327736524659	0.434355876649653	0.769361353648075	0.020712683877662	0.249302666092729	"Prevalence association possibly induced by stronger abundance association"	"prevalence"	30	22
"MGYG000329420"	"Sex"	"M"	"SexM"	0.629209411298819	0	0.803659532763061	0.433668034286746	0.769361353648075	0.00362835407187734	0.0964271378142121	"Prevalence association possibly induced by stronger abundance association"	"prevalence"	30	15
"MGYG000329046"	"Genotype"	"MUT"	"GenotypeMUT"	0.587943163750589	0	0.774319972746888	0.447671566265457	0.780542261992221	0.000484714783016038	0.0282495177048996	"Prevalence association possibly induced by stronger abundance association"	"prevalence"	30	10
"MGYG000330291"	"Sex"	"M"	"SexM"	-0.551357278769539	0	0.724707658416746	0.44677678810265	0.780542261992221	0.00118198738164121	0.0535797001121159	"Prevalence association possibly induced by stronger abundance association"	"prevalence"	30	17
"Acutalibacter sp910574935"	"Genotype"	"MUT"	"GenotypeMUT"	1.18149620827519	0	1.68349208074163	0.482795945835811	0.793334091029713	0.0161768101958848	0.228703700657058	"Prevalence association possibly induced by stronger abundance association"	"prevalence"	30	29
"Duncaniella sp910576785"	"Genotype"	"MUT"	"GenotypeMUT"	-1.1814962082752	0	1.68349208074164	0.482795945835809	0.793334091029713	0.00509576301511994	0.120915176687346	"Prevalence association possibly induced by stronger abundance association"	"prevalence"	30	29
"Lawsonibacter sp910584605"	"Genotype"	"MUT"	"GenotypeMUT"	1.18149620827519	0	1.68349208074163	0.482795945835811	0.793334091029713	0.000538769019981067	0.0298298447396184	"Prevalence association possibly induced by stronger abundance association"	"prevalence"	30	29
"Muribaculum intestinale"	"Genotype"	"MUT"	"GenotypeMUT"	-1.1814962082752	0	1.68349208074164	0.482795945835809	0.793334091029713	0.00264646176392724	0.0829391130166632	"Prevalence association possibly induced by stronger abundance association"	"prevalence"	30	29
"NM07-P-09 sp004793665"	"Genotype"	"MUT"	"GenotypeMUT"	1.18149620827519	0	1.68349208074163	0.48279594583581	0.793334091029713	0.000113977658713238	0.0122139929756573	"Prevalence association possibly induced by stronger abundance association"	"prevalence"	30	29
"Paramuribaculum sp001689535"	"Genotype"	"MUT"	"GenotypeMUT"	-1.1814962082752	0	1.68349208074164	0.482795945835809	0.793334091029713	1.23895235220051e-05	0.00274386647600672	"Prevalence association possibly induced by stronger abundance association"	"prevalence"	30	29
"Sporofaciens sp000403455"	"Genotype"	"MUT"	"GenotypeMUT"	1.18149620827519	0	1.68349208074163	0.482795945835811	0.793334091029713	0.00273773738320671	0.0842107739538211	"Prevalence association possibly induced by stronger abundance association"	"prevalence"	30	29
"Sporofaciens sp910574715"	"Genotype"	"MUT"	"GenotypeMUT"	1.18149620827519	0	1.68349208074163	0.482795945835811	0.793334091029713	0.0176536303768038	0.234581440446969	"Prevalence association possibly induced by stronger abundance association"	"prevalence"	30	29
"UBA7173 sp001689485"	"Genotype"	"MUT"	"GenotypeMUT"	1.18149620827519	0	1.68349208074163	0.48279594583581	0.793334091029713	4.31177608319899e-05	0.00572948805935482	"Prevalence association possibly induced by stronger abundance association"	"prevalence"	30	29
"Zhenpiania sp910575405"	"Genotype"	"MUT"	"GenotypeMUT"	1.18149620827519	0	1.68349208074163	0.482795945835811	0.793334091029713	0.000241483693519395	0.0195747003894386	"Prevalence association possibly induced by stronger abundance association"	"prevalence"	30	29
"CAG-485 sp002493045"	"Sex"	"M"	"SexM"	-1.13576412416669	0	1.72257789575865	0.509677605515493	0.80500731400769	0.0204893221124636	0.24751101111856	"Prevalence association possibly induced by stronger abundance association"	"prevalence"	30	29
"Muribaculum gordoncarteri"	"Sex"	"M"	"SexM"	-1.13576412416669	0	1.72257789575865	0.509677605515493	0.80500731400769	2.12517698272574e-06	0.000882479742076864	"Prevalence association possibly induced by stronger abundance association"	"prevalence"	30	29
"Muribaculum intestinale"	"Sex"	"M"	"SexM"	-1.13576412416669	0	1.72257789575865	0.509677605515493	0.80500731400769	0.000247615475209795	0.0195747003894386	"Prevalence association possibly induced by stronger abundance association"	"prevalence"	30	29
"NM07-P-09 sp004793665"	"Sex"	"M"	"SexM"	-1.13576412416669	0	1.72257789575865	0.509677605515492	0.80500731400769	0.00941145659619247	0.174664015712578	"Prevalence association possibly induced by stronger abundance association"	"prevalence"	30	29
"Paramuribaculum sp001689535"	"Sex"	"M"	"SexM"	-1.13576412416669	0	1.72257789575865	0.509677605515493	0.80500731400769	0.00407171311169208	0.103108182373635	"Prevalence association possibly induced by stronger abundance association"	"prevalence"	30	29
"Paramuribaculum sp001689565"	"Sex"	"M"	"SexM"	-1.13576412416669	0	1.72257789575865	0.509677605515492	0.80500731400769	0.0163231335505906	0.228703700657058	"Prevalence association possibly induced by stronger abundance association"	"prevalence"	30	29
"UBA3282 sp009774655"	"Sex"	"M"	"SexM"	0.701719569448455	0	1.10150871467456	0.524090239771857	0.812225264827805	0.00174417175150632	0.0652885969262851	"Prevalence association possibly induced by stronger abundance association"	"prevalence"	30	27
"14-2 sp000403315"	"Sex"	"M"	"SexM"	-0.50072601717997	0	0.835704049940528	0.549061742850374	0.823538530276195	0.00271594518573304	0.0842107739538211	"Prevalence association possibly induced by stronger abundance association"	"prevalence"	30	22
"Duncaniella dubosii"	"Genotype"	"MUT"	"GenotypeMUT"	-0.625955472314119	0	1.13967680602609	0.582841128405677	0.842580983325129	0.00643692779514304	0.141612411493147	"Prevalence association possibly induced by stronger abundance association"	"prevalence"	30	27
"ZJ304 sp910584145"	"Genotype"	"MUT"	"GenotypeMUT"	-0.625955472314119	0	1.13967680602609	0.582841128405676	0.842580983325129	0.000253019725746206	0.0195747003894386	"Prevalence association possibly induced by stronger abundance association"	"prevalence"	30	27
"UBA3282 sp009774655"	"Genotype"	"MUT"	"GenotypeMUT"	0.589894299240402	0	1.10700739944384	0.594121530815746	0.84560056842289	0.00129617406225124	0.0566564504578767	"Prevalence association possibly induced by stronger abundance association"	"prevalence"	30	27
"MGYG000329032"	"Genotype"	"MUT"	"GenotypeMUT"	-0.480876170153109	0	0.988335651278436	0.626576217631874	0.868753365699042	0.000736877089634103	0.0376600875656075	"Prevalence association possibly induced by stronger abundance association"	"prevalence"	30	25
"CAG-510 sp910577015"	"Genotype"	"MUT"	"GenotypeMUT"	0.397173182101708	0	0.895929248788173	0.657542502964988	0.882977271034577	0.000954178468507649	0.0459388532229335	"Prevalence association possibly induced by stronger abundance association"	"prevalence"	30	9
"Enterenecus sp910588495"	"Sex"	"M"	"SexM"	-0.510600380294423	0	1.14954263570512	0.656914631594336	0.882977271034577	0.00119205228789476	0.0535797001121159	"Prevalence association possibly induced by stronger abundance association"	"prevalence"	30	27
"CAJFPI01 sp022801715"	"Genotype"	"MUT"	"GenotypeMUT"	0.338530549910139	0	0.826272055115784	0.682019913349054	0.886252821868979	4.49940646096714e-05	0.00574885702435878	"Prevalence association possibly induced by stronger abundance association"	"prevalence"	30	23
"MGYG000322966"	"Sex"	"M"	"SexM"	-0.313650998789433	0	0.725395812898605	0.665460886755698	0.886252821868979	0.0165871677548286	0.228703700657058	"Prevalence association possibly induced by stronger abundance association"	"prevalence"	30	18
"MGYG000392954"	"Sex"	"M"	"SexM"	-0.474498056133724	0	1.10919040799644	0.6688056647776	0.886252821868979	0.00233163566613337	0.0790376906417863	"Prevalence association possibly induced by stronger abundance association"	"prevalence"	30	27
"Caccovicinus sp910584785"	"Genotype"	"MUT"	"GenotypeMUT"	0.295115112152001	0	0.770266032153558	0.701620405207551	0.888075772875514	0.0161985168353966	0.228703700657058	"Prevalence association possibly induced by stronger abundance association"	"prevalence"	30	21
"MGYG000327551"	"Sex"	"M"	"SexM"	0.269476105659397	0	0.712121933807345	0.705123907978675	0.888075772875514	0.00361416296110006	0.0964271378142121	"Prevalence association possibly induced by stronger abundance association"	"prevalence"	30	14
"MGYG000328991"	"Genotype"	"MUT"	"GenotypeMUT"	0.291857085842623	0	0.765945061563455	0.703172231268237	0.888075772875514	0.00212395901551243	0.0752444759759176	"Prevalence association possibly induced by stronger abundance association"	"prevalence"	30	21
"MGYG000410761"	"Genotype"	"MUT"	"GenotypeMUT"	0.291857085842623	0	0.765945061563455	0.703172231268237	0.888075772875514	0.0127100495269421	0.213246386507584	"Prevalence association possibly induced by stronger abundance association"	"prevalence"	30	21
"MGYG000324467"	"Genotype"	"MUT"	"GenotypeMUT"	0.267217597100585	0	0.732344409759087	0.715201219848897	0.889240897496345	0.0187893093490464	0.237775992407589	"Prevalence association possibly induced by stronger abundance association"	"prevalence"	30	19
"MGYG000411366"	"Genotype"	"MUT"	"GenotypeMUT"	0.26721759710058	0	0.732344409759087	0.715201219848903	0.889240897496345	0.00887059982003957	0.167432571603247	"Prevalence association possibly induced by stronger abundance association"	"prevalence"	30	19
"Pelethomonas sp910587645"	"Genotype"	"MUT"	"GenotypeMUT"	0.26721759710058	0	0.732344409759087	0.715201219848903	0.889240897496345	0.0197501631630104	0.244791679744506	"Prevalence association possibly induced by stronger abundance association"	"prevalence"	30	19
"MGYG000330291"	"Genotype"	"MUT"	"GenotypeMUT"	0.259057018410192	0	0.72090557618557	0.719333689631241	0.890059702874358	0.0139001939478161	0.217296882350685	"Prevalence association possibly induced by stronger abundance association"	"prevalence"	30	17
"Lactobacillus intestinalis"	"Sex"	"M"	"SexM"	-0.329716293892356	0	1.000245317784	0.741675449433282	0.900776795843972	0.00381956908812864	0.0991297539903386	"Prevalence association possibly induced by stronger abundance association"	"prevalence"	30	25
"Enterenecus sp910587285"	"Sex"	"M"	"SexM"	-0.294167065760089	0	0.945346537382096	0.755668506463641	0.912436777497892	0.00286836024826043	0.0866244794974649	"Prevalence association possibly induced by stronger abundance association"	"prevalence"	30	25
"Choladocola sp910575445"	"Sex"	"M"	"SexM"	-0.180254176167697	0	0.824368319399731	0.826916989851782	0.955768712457819	0.0198220836397568	0.244791679744506	"Prevalence association possibly induced by stronger abundance association"	"prevalence"	30	23
"Adlercreutzia sp910585575"	"Genotype"	"MUT"	"GenotypeMUT"	-1.998299014284e-15	0	1.0285187081262	0.999999999999998	1	0.000479830500495826	0.0282495177048996	"Prevalence association possibly induced by stronger abundance association"	"prevalence"	30	26
"Butyribacter sp910575435"	"Genotype"	"MUT"	"GenotypeMUT"	1.07743261208205e-15	0	1.21308127757238	0.999999999999999	1	2.25405544351798e-05	0.00374398609168336	"Prevalence association possibly induced by stronger abundance association"	"prevalence"	30	28
"Faecivivens sp022793675"	"Genotype"	"MUT"	"GenotypeMUT"	1.56872859536476e-15	0	0.883115689691274	0.999999999999999	1	0.00698394950289227	0.151638432997439	"Prevalence association possibly induced by stronger abundance association"	"prevalence"	30	8
"Odoribacter sp021771575"	"Sex"	"M"	"SexM"	0.0983189935936283	0	1.21351843123243	0.935426223840233	1	0.00061731875532578	0.0325513159554324	"Prevalence association possibly induced by stronger abundance association"	"prevalence"	30	28
"Alistipes sp900552955"	"Genotype"	"MUT"	"GenotypeMUT"	NA	NA	NA	NA	NA	0.019224455631975	0.23997451914345	"contrasts can be applied only to factors with 2 or more levels"	"abundance"	30	8
"Anaerostipes hominis"	"Genotype"	"MUT"	"GenotypeMUT"	NA	NA	NA	NA	NA	0.0123158486095152	0.209811533747741	"No data points have the baseline factor level"	"abundance"	30	9
"Gallimonas sp910586365"	"Sex"	"M"	"SexM"	NA	NA	NA	NA	NA	0.0203436751018862	0.246648498863014	"No data points have the baseline factor level"	"abundance"	30	8
"MGYG000330830"	"Genotype"	"MUT"	"GenotypeMUT"	NA	NA	NA	NA	NA	0.00931216746095433	0.173792248906125	"contrasts can be applied only to factors with 2 or more levels"	"abundance"	30	8
"MGYG000330830"	"Sex"	"M"	"SexM"	NA	NA	NA	NA	NA	0.0187594433687814	0.237775992407589	"contrasts can be applied only to factors with 2 or more levels"	"abundance"	30	8
"MGYG000393816"	"Genotype"	"MUT"	"GenotypeMUT"	NA	NA	NA	NA	NA	0.0184797878954858	0.23702646868264	"No data points have the baseline factor level"	"abundance"	30	8
"MGYG000411571"	"Genotype"	"MUT"	"GenotypeMUT"	NA	NA	NA	NA	NA	0.018267751744063	0.23702646868264	"No data points have the baseline factor level"	"abundance"	30	6
"MGYG000411571"	"Sex"	"M"	"SexM"	NA	NA	NA	NA	NA	0.0138227549799705	0.217296882350685	"No data points have the baseline factor level"	"abundance"	30	6
"UBA3818 sp910583935"	"Sex"	"M"	"SexM"	NA	NA	NA	NA	NA	0.0116022953479707	0.206111364416892	"contrasts can be applied only to factors with 2 or more levels"	"abundance"	30	8
"UBA7177 sp910579545"	"Sex"	"M"	"SexM"	NA	NA	NA	NA	NA	0.0202688922337248	0.246648498863014	"contrasts can be applied only to factors with 2 or more levels"	"abundance"	30	7
"1XD8-76 sp910578085"	"Sex"	"M"	"SexM"	NA	0	NA	NA	NA	0.0199792351903358	0.244911510340574	"All logistic values are the same"	"prevalence"	30	30
"Desulfovibrio sp009773975"	"Sex"	"M"	"SexM"	NA	0	NA	NA	NA	0.00761316429056014	0.154212998617322	"All logistic values are the same"	"prevalence"	30	30
"Faecalibaculum rodentium"	"Sex"	"M"	"SexM"	NA	0	NA	NA	NA	0.00178640748294256	0.0659382850926133	"All logistic values are the same"	"prevalence"	30	30
"MD308 sp010206225"	"Genotype"	"MUT"	"GenotypeMUT"	NA	0	NA	NA	NA	6.89438863121783e-06	0.00176178146406966	"All logistic values are the same"	"prevalence"	30	30
"MGYG000326975"	"Sex"	"M"	"SexM"	NA	0	NA	NA	NA	0.00618876803219925	0.138867934541041	"All logistic values are the same"	"prevalence"	30	30
"UBA3282 sp910577735"	"Sex"	"M"	"SexM"	NA	0	NA	NA	NA	0.000613893855249348	0.0325513159554324	"All logistic values are the same"	"prevalence"	30	30
