"feature"	"metadata"	"value"	"name"	"coef"	"null_hypothesis"	"stderr"	"pval_individual"	"qval_individual"	"pval_joint"	"qval_joint"	"error"	"model"	"N"	"N_not_zero"
"GGB22635_SGB63107"	"Sex"	"M"	"SexM"	-2.24455132738853	0.650963691051005	0.394988337836074	5.60356696821529e-07	0.000391655841023297	1.12071307964343e-06	0.000526891034605286	NA	"abundance"	50	27
"GGB30045_SGB42945"	"Sex"	"M"	"SexM"	-1.50393194698001	0.650963691051005	0.309303759636733	8.78152109917707e-07	0.000391655841023297	1.75630344868429e-06	0.000526891034605286	NA	"abundance"	50	33
"GGB27876_SGB40310"	"Sex"	"M"	"SexM"	-3.60412406645129	0	0.843975397242017	1.95110742937244e-05	0.0058012927566674	3.90217679054288e-05	0.00780435358108575	NA	"prevalence"	50	27
"Parvibacter_caecicola"	"Sex"	"M"	"SexM"	-3.30969663247874	0	0.803612864818159	3.81311470029613e-05	0.00850324578166037	7.62608400215508e-05	0.0114391260032326	NA	"prevalence"	50	22
"GGB28310_SGB40880"	"Sex"	"M"	"SexM"	-1.30393760109373	0.650963691051005	0.403930384818016	5.34183448828163e-05	0.00900004098736813	0.000106833836246062	0.0128200603495275	NA	"abundance"	50	44
"GGB30046_SGB42947"	"Sex"	"M"	"SexM"	-1.23936031915438	0.650963691051005	0.349207302027679	7.06281243403328e-05	0.00900004098736813	0.000141251260348718	0.0141251260348718	NA	"abundance"	50	25
"GGB22635_SGB63107"	"Sex"	"M"	"SexM"	-4.35118781946129	0	1.09091627616092	6.64748721183104e-05	0.00900004098736813	1.12071307964343e-06	0.000526891034605286	NA	"prevalence"	50	27
"GGB75725_SGB102612"	"Sex"	"M"	"SexM"	-3.0681420760142	0	0.782025914387837	8.73350915399936e-05	0.00973786270670929	0.000174662555661773	0.0149710761995805	NA	"prevalence"	50	19
"Bacteroidales_bacterium"	"Sex"	"M"	"SexM"	-2.82358721637276	0	0.737860748307743	0.000129861563826366	0.0126094395812642	0.000259706263626973	0.0177503778952648	NA	"prevalence"	50	28
"Lactobacillus_intestinalis"	"Sex"	"M"	"SexM"	-3.52974151670498	0	0.927470084311397	0.000141361430283231	0.0126094395812642	0.00028270287751249	0.0177503778952648	NA	"prevalence"	50	21
"Coriobacteriaceae_bacterium"	"Sex"	"M"	"SexM"	-4.12783735895602	0	1.0980412236187	0.000170407419296867	0.0126669515010671	0.000340785799905183	0.0177503778952648	NA	"prevalence"	50	31
"GGB24146_SGB35950"	"Sex"	"M"	"SexM"	-3.21454456804569	0	0.852812942932807	0.000163677772766658	0.0126669515010671	0.000327328755120018	0.0177503778952648	NA	"prevalence"	50	30
"GGB27884_SGB40318"	"Sex"	"M"	"SexM"	-3.7481042079551	0	1.01562552394228	0.000223867226663668	0.0153607358603071	0.000447684336792162	0.0206623540057921	NA	"prevalence"	50	30
"GGB9439_SGB42949"	"Sex"	"M"	"SexM"	-0.6706504354032	0.650963691051005	0.276251244094963	0.000262645792797223	0.0155691741052418	0.000525222602781971	0.0212103144877238	NA	"abundance"	50	32
"Adlercreutzia_mucosicola"	"Sex"	"M"	"SexM"	-2.54288273693504	0	0.700417164608715	0.000282844193588575	0.0155691741052418	0.000565608386339303	0.0212103144877238	NA	"prevalence"	50	23
"GGB30046_SGB42947"	"Sex"	"M"	"SexM"	-2.8047025790389	0	0.775176901172576	0.000296721928014698	0.0155691741052418	0.000141251260348718	0.0141251260348718	NA	"prevalence"	50	25
"Muribaculaceae_bacterium"	"Sex"	"M"	"SexM"	-2.69872964459414	0	0.740435172142066	0.000267611725089307	0.0155691741052418	0.000535151834143209	0.0212103144877238	NA	"prevalence"	50	29
"GGB14001_SGB21428"	"Genotype"	"MUT"	"GenotypeMUT"	2.03766038579169	0.334397742924221	0.41983500199974	0.000355007557905296	0.017592596758418	0.000355007557905296	0.0177503778952648	NA	"abundance"	50	44
"Adlercreutzia_caecimuris"	"Sex"	"M"	"SexM"	-1.53863485516401	0.650963691051005	0.524935388277283	0.000417259497835776	0.0186097736034756	0.000834344890183017	0.0263477333742005	NA	"abundance"	50	32
"Adlercreutzia_aquisgranensis"	"Sex"	"M"	"SexM"	-3.34520946301332	0	0.944315255791921	0.000396396918687892	0.0186097736034756	0.000792636706858638	0.0263477333742005	NA	"prevalence"	50	29
"Muribaculum_gordoncarteri"	"Sex"	"M"	"SexM"	-1.02956974523636	0.650963691051005	0.404267085958879	0.000550226418841504	0.0216829701770935	0.00110015008857102	0.0316921907267925	NA	"abundance"	50	33
"Adlercreutzia_caecimuris"	"Sex"	"M"	"SexM"	-5.77613845537753	0	1.68341674250321	0.000600918794613543	0.0216829701770935	0.000834344890183017	0.0263477333742005	NA	"prevalence"	50	32
"GGB24132_SGB35935"	"Sex"	"M"	"SexM"	-5.86006682860142	0	1.71990542901427	0.000656323088320094	0.0216829701770935	0.00131221541664393	0.0328053854160982	NA	"prevalence"	50	33
"GGB27849_SGB40283"	"Sex"	"M"	"SexM"	-2.32651027733804	0	0.676263381410433	0.000581192388954352	0.0216829701770935	0.00116204699331572	0.0316921907267925	NA	"prevalence"	50	28
"GGB27860_SGB40294"	"Sex"	"M"	"SexM"	-2.32651027733804	0	0.676263381410433	0.000581192388954352	0.0216829701770935	0.00116204699331572	0.0316921907267925	NA	"prevalence"	50	28
"Lepagella_muris"	"Sex"	"M"	"SexM"	-2.25791425821536	0	0.658738273043787	0.000608863834770212	0.0216829701770935	0.00121735695437113	0.0317571379401165	NA	"prevalence"	50	26
"Muribaculum_gordoncarteri"	"Sex"	"M"	"SexM"	-5.86006682860142	0	1.71990542901427	0.000656323088320094	0.0216829701770935	0.00110015008857102	0.0316921907267925	NA	"prevalence"	50	33
"Caniella_muris"	"Genotype"	"MUT"	"GenotypeMUT"	2.69897664609716	0.334397742924221	0.614103306279287	0.000687712654968475	0.0219085602939957	0.000687712654968475	0.0242722113518285	NA	"abundance"	50	35
"Caniella_muris"	"Sex"	"M"	"SexM"	-1.80074994011679	0.650963691051005	0.639271924114565	0.000766000093606722	0.0227757361165732	0.00153141343107004	0.0353403099477701	NA	"abundance"	50	35
"Muribaculum_intestinale"	"Sex"	"M"	"SexM"	-5.71576596071991	0	1.69714736859555	0.000757522362119088	0.0227757361165732	0.00151447088410906	0.0353403099477701	NA	"prevalence"	50	34
"Adlercreutzia_muris"	"Sex"	"M"	"SexM"	-0.64433211759925	0.650963691051005	0.335553848489935	0.00133643795962402	0.036124323029837	0.00267108985282811	0.0534217970565621	NA	"abundance"	50	38
"GGB46159_SGB63927"	"Sex"	"M"	"SexM"	2.4749722131591	0.650963691051005	0.501765062476769	0.00129635516467286	0.036124323029837	0.00259102979263274	0.0534217970565621	NA	"abundance"	50	42
"GGB27885_SGB40319"	"Sex"	"M"	"SexM"	-2.20645576965771	0	0.686651608609504	0.00131193763396501	0.036124323029837	0.0026221540875746	0.0534217970565621	NA	"prevalence"	50	23
"GGB75879_SGB103683"	"Genotype"	"MUT"	"GenotypeMUT"	-2.85752854213628	0	0.896198498376354	0.00143013214111616	0.0375199373492829	0.00285821900429127	0.0553203678249924	NA	"prevalence"	50	27
"GGB27482_SGB39778"	"Sex"	"M"	"SexM"	-2.10861313017205	0	0.666069059500504	0.0015467967956934	0.0383261872710698	0.00309120101105963	0.0562036547465388	NA	"prevalence"	50	19
"GGB30294_SGB43258"	"Sex"	"M"	"SexM"	-2.42096990935427	0	0.763185802757746	0.00151294303810913	0.0383261872710698	0.0030235970795817	0.0562036547465388	NA	"prevalence"	50	15
"Lactobacillus_johnsonii"	"Sex"	"M"	"SexM"	-2.61068759771151	0	0.827294098159088	0.00160116363321102	0.0386010259682224	0.00319976354144172	0.0562865097237629	NA	"prevalence"	50	34
"GGB27866_SGB40300"	"Sex"	"M"	"SexM"	-2.11432623090627	0	0.672323815925629	0.00166198470143051	0.0390129040441055	0.00332120720971322	0.0562865097237629	NA	"prevalence"	50	19
"Neglectibacter_sp_X4"	"Sex"	"M"	"SexM"	-2.4582343835437	0	0.783939319032891	0.00171417745938134	0.0392063152248245	0.00342541651440043	0.0562865097237629	NA	"prevalence"	50	15
"GGB1503_SGB2082"	"Genotype"	"MUT"	"GenotypeMUT"	-3.94439022199606	0	1.27863469165079	0.0020365805126462	0.0454157454320103	0.00406901336510792	0.0642475794490724	NA	"prevalence"	50	29
"GGB28317_SGB40889"	"Sex"	"M"	"SexM"	-2.70550528617623	0	0.882969523767169	0.00218327266824186	0.0474994931724815	0.00436177865693984	0.0671042870298436	NA	"prevalence"	50	13
"GGB75074_SGB102167"	"Sex"	"M"	"SexM"	-3.72010698879629	0	1.22117117264973	0.00231642953889585	0.0480524453184907	0.00231642953889585	0.0514762119754634	NA	"prevalence"	50	13
"Turicimonas_muris"	"Sex"	"M"	"SexM"	-2.12280324884484	0	0.696107300192745	0.00229196283707454	0.0480524453184907	0.00457867258050256	0.0686800887075384	NA	"prevalence"	50	28
"Duncaniella_dubosii"	"Sex"	"M"	"SexM"	-2.2705082590645	0	0.750714636817381	0.0024907535659038	0.0504943677451407	0.00497530327848154	0.0694228364439285	NA	"prevalence"	50	24
"Limosilactobacillus_reuteri"	"Sex"	"M"	"SexM"	-1.95702124382807	0	0.65125180710296	0.00265568027556039	0.0526414845733304	0.00530430791339478	0.0694785149027347	NA	"prevalence"	50	30
"GGB27919_SGB40357"	"Genotype"	"MUT"	"GenotypeMUT"	-3.77771203521826	0	1.27299167398581	0.00300148483222555	0.0569643504328764	0.00599396075325302	0.0749245094156627	NA	"prevalence"	50	28
"GGB70852_SGB95305"	"Genotype"	"MUT"	"GenotypeMUT"	-3.77771203521826	0	1.2729916739858	0.00300148483222543	0.0569643504328764	0.00599396075325278	0.0749245094156627	NA	"prevalence"	50	28
"Caniella_muris"	"Sex"	"M"	"SexM"	-2.42921721098314	0	0.826380795969311	0.00328651317407171	0.0598279541075912	0.00153141343107004	0.0353403099477701	NA	"prevalence"	50	35
"Paramuribaculum_intestinale"	"Sex"	"M"	"SexM"	-3.70137050037025	0	1.2585058689108	0.00327066645162887	0.0598279541075912	0.00653063564421993	0.078698693008282	NA	"prevalence"	50	26
"Bacillota_unclassified_SGB63211"	"Genotype"	"MUT"	"GenotypeMUT"	2.20765604326635	0	0.759195673422399	0.00363878549482825	0.0616446586499337	0.00726433022977912	0.0807140050087797	NA	"prevalence"	50	14
"Clostridiaceae_bacterium"	"Sex"	"M"	"SexM"	-1.99678984396881	0	0.686206710299709	0.00361549577252382	0.0616446586499337	0.0072179197353665	0.0807140050087797	NA	"prevalence"	50	16
"Eubacteriaceae_bacterium"	"Sex"	"M"	"SexM"	-1.87427924417139	0	0.645005350602561	0.00366274317090413	0.0616446586499337	0.00731207065427227	0.0807140050087797	NA	"prevalence"	50	18
"GGB32371_SGB41694"	"Sex"	"M"	"SexM"	-2.91918712761263	0	0.998825505144598	0.00347100143296538	0.0616446586499337	0.00347100143296538	0.0562865097237629	NA	"prevalence"	50	10
"GGB75879_SGB103683"	"Sex"	"M"	"SexM"	-2.58331515751509	0	0.896470738410201	0.00395598533431819	0.0653470170039227	0.00789632084867104	0.0846034376643326	NA	"prevalence"	50	27
"GGB70852_SGB95305"	"Sex"	"M"	"SexM"	3.09427715805578	0.650963691051005	0.761500775438353	0.00437723616047514	0.0709908119117059	0.00873531212454571	0.090365297840128	NA	"abundance"	50	28
"Sangeribacter_muris"	"Genotype"	"MUT"	"GenotypeMUT"	-1.11477573399796	0.334397742924221	0.409992359882208	0.00489381018326096	0.0773877608558438	0.00489381018326096	0.0694228364439285	NA	"abundance"	50	17
"GGB32371_SGB41694"	"Genotype"	"MUT"	"GenotypeMUT"	-3.77628356315719	0	1.34359435719999	0.00494518202778374	0.0773877608558438	0.00494518202778374	0.0694228364439285	NA	"prevalence"	50	10
"GGB9439_SGB42949"	"Genotype"	"MUT"	"GenotypeMUT"	-0.579740433816823	0.334397742924221	0.276251244094963	0.00521768645233989	0.0791900673191391	0.0104081486527648	0.104081486527648	NA	"abundance"	50	32
"Parvibacter_caecicola"	"Genotype"	"MUT"	"GenotypeMUT"	-1.44760523157329	0.334397742924221	0.549080225294481	0.00532262609676037	0.0791900673191391	0.00532262609676037	0.0694785149027347	NA	"abundance"	50	22
"GGB30298_SGB43262"	"Sex"	"M"	"SexM"	-3.39772348858137	0	1.21931506988868	0.00532668614254299	0.0791900673191391	0.00532668614254299	0.0694785149027347	NA	"prevalence"	50	11
"GGB27919_SGB40357"	"Sex"	"M"	"SexM"	-3.52976976170536	0	1.27571537589239	0.00565930792057306	0.0814210107282447	0.0112865880750063	0.111015620409898	NA	"prevalence"	50	28
"GGB70852_SGB95305"	"Sex"	"M"	"SexM"	-3.52976976170538	0	1.27571537589238	0.00565930792057278	0.0814210107282447	0.00873531212454571	0.090365297840128	NA	"prevalence"	50	28
"Adlercreutzia_muris"	"Sex"	"M"	"SexM"	-3.51445565341226	0	1.2751734993808	0.00585021270861554	0.0828315831124614	0.00267108985282811	0.0534217970565621	NA	"prevalence"	50	38
"GGB46162_SGB63930"	"Site"	"Jejunum"	"SiteJejunum"	1.08245059512795	-0.137729730603297	0.368220628118519	0.00645291243608903	0.0883960012687646	0.0128641847932702	0.122516045650193	NA	"abundance"	50	18
"Adlercreutzia_SGB42953"	"Genotype"	"MUT"	"GenotypeMUT"	-3.52103419380114	0	1.29522076133284	0.00655822441735683	0.0883960012687646	0.00655822441735683	0.078698693008282	NA	"prevalence"	50	11
"GGB30475_SGB63182"	"Sex"	"M"	"SexM"	-3.33659404515352	0	1.23313840132775	0.00681453683369409	0.0883960012687646	0.00681453683369409	0.0801710215728716	NA	"prevalence"	50	10
"GGB42598_SGB59794"	"Sex"	"M"	"SexM"	-1.68622530267705	0	0.618194196466965	0.00637847772200005	0.0883960012687646	0.01271627046595	0.122516045650193	NA	"prevalence"	50	23
"GGB9439_SGB42949"	"Sex"	"M"	"SexM"	-1.90460921964565	0	0.704200163995416	0.00683780727303224	0.0883960012687646	0.000525222602781971	0.0212103144877238	NA	"prevalence"	50	32
"Muribaculum_intestinale"	"Genotype"	"MUT"	"GenotypeMUT"	-3.62236986112279	0	1.3349052427152	0.00665608420081727	0.0883960012687646	0.0132678649447462	0.124386233856995	NA	"prevalence"	50	34
"Paramuribaculum_intestinale"	"Genotype"	"MUT"	"GenotypeMUT"	-3.38624246148039	0	1.25623774211806	0.00702740724435671	0.089549246599517	0.0140054300361354	0.12928089264125	NA	"prevalence"	50	26
"Clostridia_bacterium"	"Sex"	"M"	"SexM"	-1.63524900182969	0	0.611180858922222	0.00746052670939637	0.0911615044490625	0.0148653939600111	0.133122930985174	NA	"prevalence"	50	23
"Duncaniella_muris"	"Sex"	"M"	"SexM"	-1.6740078092251	0	0.623560651812131	0.00726177420384006	0.0911615044490625	0.0144708150430926	0.131552864028114	NA	"prevalence"	50	23
"GGB42646_SGB59844"	"Sex"	"M"	"SexM"	-3.31337313386618	0	1.23709903339377	0.00739878379247148	0.0911615044490625	0.00739878379247148	0.0807140050087797	NA	"prevalence"	50	10
"GGB30861_SGB44083"	"Sex"	"M"	"SexM"	-0.316197089486087	0.650963691051005	0.307304400698918	0.00788951900233559	0.0938326793344446	0.015716793494583	0.136667769518113	NA	"abundance"	50	40
"GGB1503_SGB2082"	"Sex"	"M"	"SexM"	-3.40180472682998	0	1.27864668353649	0.00780310287606472	0.0938326793344446	0.015545317337635	0.136667769518113	NA	"prevalence"	50	29
"Clostridia_bacterium"	"Sex"	"M"	"SexM"	-0.32728818160779	0.650963691051005	0.295277842794578	0.00828682938577263	0.0953215717174504	0.0148653939600111	0.133122930985174	NA	"abundance"	50	23
"Bacillota_unclassified_SGB43543"	"Genotype"	"MUT"	"GenotypeMUT"	3.21546638162985	0	1.21882109863613	0.0083352943878488	0.0953215717174504	0.0083352943878488	0.0877399409247242	NA	"prevalence"	50	10
"Duncaniella_dubosii"	"Genotype"	"MUT"	"GenotypeMUT"	-1.98481850889736	0	0.751814506704903	0.00828968481240676	0.0953215717174504	0.0165106507505245	0.141519863575924	NA	"prevalence"	50	24
"GGB18828_SGB27767"	"Genotype"	"MUT"	"GenotypeMUT"	-1.25539021569476	0.334397742924221	0.506662067078181	0.00998136706806418	0.112701005376117	0.00998136706806418	0.101505427810822	NA	"abundance"	50	16
"Muricaecibacterium_torontonense"	"Sex"	"M"	"SexM"	-0.314011379412002	0.650963691051005	0.321489976796999	0.0106095448785191	0.115411146727305	0.0211065273145088	0.166630478798754	NA	"abundance"	50	40
"GGB24132_SGB35935"	"Genotype"	"MUT"	"GenotypeMUT"	-3.4329815378858	0	1.34158068166777	0.0105001525623971	0.115411146727305	0.0208900519209605	0.166630478798754	NA	"prevalence"	50	33
"Muribaculum_gordoncarteri"	"Genotype"	"MUT"	"GenotypeMUT"	-3.4329815378858	0	1.34158068166777	0.0105001525623971	0.115411146727305	0.0208900519209605	0.166630478798754	NA	"prevalence"	50	33
"Adlercreutzia_aquisgranensis"	"Genotype"	"MUT"	"GenotypeMUT"	-2.2962578886256	0	0.90919773816621	0.0115505214234257	0.121212530702303	0.0229676283016984	0.174437683304038	NA	"prevalence"	50	29
"GGB30461_SGB63209"	"Sex"	"M"	"SexM"	-2.239690248389	0	0.884152920306946	0.0113043195660483	0.121212530702303	0.0224808514912453	0.174437683304038	NA	"prevalence"	50	10
"GGB75726_SGB102611"	"Sex"	"M"	"SexM"	-2.24888478554608	0	0.889312382713021	0.0114456294372152	0.121212530702303	0.0227602564412163	0.174437683304038	NA	"prevalence"	50	10
"Adlercreutzia_aquisgranensis"	"Sex"	"M"	"SexM"	-0.487022204586111	0.650963691051005	0.391175660751504	0.0120945595861979	0.125445897103355	0.000792636706858638	0.0263477333742005	NA	"abundance"	50	29
"GGB45514_SGB63186"	"Genotype"	"MUT"	"GenotypeMUT"	2.19832760868565	0	0.880610552791289	0.0125472516549515	0.1286453847841	0.0249370697858103	0.187028023393577	NA	"prevalence"	50	10
"Lachnospiraceae_unclassified_SGB7275"	"Genotype"	"MUT"	"GenotypeMUT"	1.86128010425815	0	0.750415401195223	0.0131259723829469	0.133049629154416	0.0260796536148959	0.193182619369599	NA	"prevalence"	50	12
"GGB30045_SGB42945"	"Sex"	"M"	"SexM"	-1.69649443152239	0	0.686708730458504	0.0134935024259008	0.135238249032624	1.75630344868429e-06	0.000526891034605286	NA	"prevalence"	50	33
"Hominisplanchenecus_murintestinalis"	"Sex"	"M"	"SexM"	-1.75701182297348	0.650963691051005	0.748699589460679	0.0136458211322339	0.135245249443918	0.0271054338300949	0.195942895157312	NA	"abundance"	50	11
"Turicibacter_sp_1E2"	"Sex"	"M"	"SexM"	-1.57036394144095	0	0.642911140011964	0.0145825684185586	0.142941220102794	0.0289524855354352	0.206803468110251	NA	"prevalence"	50	16
"GGB30861_SGB44083"	"Sex"	"M"	"SexM"	-2.30483369877479	0	0.950971711540235	0.0153649119917283	0.148972842354583	0.015716793494583	0.136667769518113	NA	"prevalence"	50	40
"Clostridiales_bacterium"	"Site"	"Jejunum"	"SiteJejunum"	2.00011291525198	0	0.82993409491781	0.0159540091064554	0.15302124863396	0.031653487806342	0.223436384515355	NA	"prevalence"	50	11
"GGB27884_SGB40318"	"Genotype"	"MUT"	"GenotypeMUT"	-2.22653058177629	0	0.932890790974076	0.0170003511310209	0.161322480945432	0.0337116903234638	0.232494416023888	NA	"prevalence"	50	30
"GGB75057_SGB102223"	"Sex"	"M"	"SexM"	-2.95144069034381	0	1.24153075725048	0.0174418164762194	0.163769476808291	0.0174418164762194	0.147395632193403	NA	"prevalence"	50	8
"GGB30454_SGB43516"	"Sex"	"M"	"SexM"	-2.90414692872288	0	1.22813265372976	0.018045409563343	0.167671930526062	0.018045409563343	0.150378413027858	NA	"prevalence"	50	8
"GGB30461_SGB43529"	"Sex"	"M"	"SexM"	-2.88501185721676	0	1.22445586371383	0.0184650465591997	0.169802283822743	0.0184650465591997	0.151767505966025	NA	"prevalence"	50	8
"Adlercreutzia_caecimuris"	"Genotype"	"MUT"	"GenotypeMUT"	-3.08801001312428	0	1.31772608178425	0.0191069127443298	0.172155213817598	0.0378487513740403	0.252145553775446	NA	"prevalence"	50	32
"Duncaniella_freteri"	"Sex"	"M"	"SexM"	-2.09536157482763	0	0.894003892579665	0.0190886759651573	0.172155213817598	0.0378129743802118	0.252145553775446	NA	"prevalence"	50	9
"GGB18828_SGB27767"	"Site"	"Jejunum"	"SiteJejunum"	1.01170525882352	-0.137729730603297	0.422218389231818	0.0210463170354169	0.185874403916752	0.0416496866100786	0.268707655548894	NA	"abundance"	50	16
"Paramuribaculum_intestinale"	"Sex"	"M"	"SexM"	-0.91370940274723	0.650963691051005	0.607495142765986	0.0209746315510289	0.185874403916752	0.00653063564421993	0.078698693008282	NA	"abundance"	50	26
"Clostridiales_bacterium"	"Sex"	"M"	"SexM"	-1.96437971632965	0	0.856809288376363	0.0218670939983233	0.191229880848082	0.0432560181967152	0.27035011372947	NA	"prevalence"	50	11
"Lachnospiraceae_unclassified_SGB41405"	"Sex"	"M"	"SexM"	-2.01218058933559	0	0.881637062772238	0.0224702747163951	0.19459694220412	0.0444356361869599	0.274859605280164	NA	"prevalence"	50	9
"GGB28778_SGB41431"	"Sex"	"M"	"SexM"	-1.71477699326029	0	0.755864482193267	0.0232908233511812	0.199763600281285	0.0460391842499864	0.28187255663257	NA	"prevalence"	50	11
"Acutalibacter_muris"	"Genotype"	"MUT"	"GenotypeMUT"	1.71285576247897	0	0.761666692254602	0.0245235767330361	0.208333623293983	0.0484457476502911	0.292985526016549	NA	"prevalence"	50	11
"Muricaecibacterium_torontonense"	"Genotype"	"MUT"	"GenotypeMUT"	-1.82489066460919	0	0.821406633946939	0.0263059292454721	0.221366876292086	0.0519198565774765	0.305410921043979	NA	"prevalence"	50	40
"GGB115370_SGB161393"	"Sex"	"M"	"SexM"	-2.72386194691204	0	1.22970421261555	0.0267563185389056	0.223052674174802	0.0267563185389056	0.195777940528578	NA	"prevalence"	50	7
"Sangeribacter_muris"	"Sex"	"M"	"SexM"	-1.42904208820949	0	0.649501639672636	0.0277917714236413	0.229539445461927	0.0548111602884188	0.31207456597679	NA	"prevalence"	50	17
"Parasutterella_muris"	"Sex"	"M"	"SexM"	1.70635610746374	0.650963691051005	0.427781046754164	0.0286296818067578	0.232479429910007	0.0564397049331595	0.313791351241888	NA	"abundance"	50	29
"Coriobacteriaceae_bacterium"	"Genotype"	"MUT"	"GenotypeMUT"	-2.05310743211009	0	0.941400413101292	0.029190242320539	0.232479429910007	0.0575284143943462	0.313791351241888	NA	"prevalence"	50	31
"GGB27861_SGB40295"	"Sex"	"M"	"SexM"	-1.38282969460331	0	0.632443399917104	0.0287799459417469	0.232479429910007	0.056731606595084	0.313791351241888	NA	"prevalence"	50	17
"Lactobacillus_intestinalis"	"Genotype"	"MUT"	"GenotypeMUT"	-1.98683926170661	0	0.910533908352604	0.0291051338699567	0.232479429910007	0.0573631589223254	0.313791351241888	NA	"prevalence"	50	21
"Lachnospiraceae_unclassified_SGB41405"	"Genotype"	"MUT"	"GenotypeMUT"	-1.05655439775612	0.334397742924221	0.456679211838138	0.0319568964753068	0.24672636920757	0.06289254971828	0.314922845746312	NA	"abundance"	50	9
"Turicibacter_sp_1E2"	"Genotype"	"MUT"	"GenotypeMUT"	-1.91862478169629	0.334397742924221	0.921651447553768	0.0319638886379727	0.24672636920757	0.0629060870990847	0.314922845746312	NA	"abundance"	50	16
"GGB46162_SGB63930"	"Site"	"Jejunum"	"SiteJejunum"	1.36324303945637	0	0.635919659614667	0.0320541503244422	0.24672636920757	0.0128641847932702	0.122516045650193	NA	"prevalence"	50	18
"GGB9439_SGB42949"	"Genotype"	"MUT"	"GenotypeMUT"	-1.46148058571744	0	0.681869375521701	0.0320854919597288	0.24672636920757	0.0104081486527648	0.104081486527648	NA	"prevalence"	50	32
"Turicibacter_sp_1E2"	"Sex"	"M"	"SexM"	3.53336710347886	0.650963691051005	1.18984690246123	0.0333137793246148	0.247013231413436	0.0289524855354352	0.206803468110251	NA	"abundance"	50	16
"Bifidobacterium_pseudolongum"	"Sex"	"M"	"SexM"	-1.68858217045541	0	0.790654494747573	0.0327057966868713	0.247013231413436	0.0643419242368197	0.314922845746312	NA	"prevalence"	50	39
"Ligilactobacillus_murinus"	"Sex"	"M"	"SexM"	-1.38149238094252	0	0.649285309807895	0.0333609392317877	0.247013231413436	0.0656089261971484	0.314922845746312	NA	"prevalence"	50	34
"Oscillibacter_SGB43496"	"Genotype"	"MUT"	"GenotypeMUT"	2.72592101354839	0	1.28221296970067	0.0335074002253652	0.247013231413436	0.0335074002253652	0.232494416023888	NA	"prevalence"	50	6
"Turicimonas_muris"	"Genotype"	"MUT"	"GenotypeMUT"	-1.46810432049298	0	0.687654455827378	0.0327655174334995	0.247013231413436	0.064457455734314	0.314922845746312	NA	"prevalence"	50	28
"GGB30861_SGB44083"	"Site"	"Jejunum"	"SiteJejunum"	-1.69359808848115	0	0.798841140587802	0.0340002531444496	0.248592014793844	0.0668444890750125	0.318307090833393	NA	"prevalence"	50	40
"GGB27478_SGB39772"	"Sex"	"M"	"SexM"	2.13166139970506	0.650963691051005	0.441968039071882	0.0342926665746057	0.24869153320771	0.0674093461684144	0.318469351976761	NA	"abundance"	50	8
"Parvibacter_caecicola"	"Sex"	"M"	"SexM"	-1.1585194903137	0.650963691051005	0.779033780009328	0.0349661344992027	0.251530580429749	7.62608400215508e-05	0.0114391260032326	NA	"abundance"	50	22
"GGB70852_SGB95305"	"Site"	"Jejunum"	"SiteJejunum"	1.36817029294569	-0.137729730603297	0.668833796070588	0.0353094151802003	0.251967986725909	0.0693720755600328	0.325181604187654	NA	"abundance"	50	28
"Oscillibacter_SGB43496"	"Sex"	"M"	"SexM"	-2.68417035918069	0	1.2785670558235	0.0357853278282009	0.253337400180597	0.0357853278282009	0.243990871555915	NA	"prevalence"	50	6
"Oscillospiraceae_bacterium"	"Sex"	"M"	"SexM"	-2.60847918821502	0	1.2587662772658	0.0382420756559427	0.268597885709455	0.0382420756559427	0.252145553775446	NA	"prevalence"	50	6
"GGB18828_SGB27767"	"Site"	"Jejunum"	"SiteJejunum"	1.33339326088184	0	0.645403325334234	0.038829943974293	0.268853308434137	0.0416496866100786	0.268707655548894	NA	"prevalence"	50	16
"GGB30046_SGB42947"	"Genotype"	"MUT"	"GenotypeMUT"	-1.58055444489896	0	0.765238085377443	0.0388812520044884	0.268853308434137	0.0762507522515403	0.349240086648276	NA	"prevalence"	50	25
"GGB46162_SGB63930"	"Genotype"	"MUT"	"GenotypeMUT"	-0.693587792063618	0.334397742924221	0.440107829274334	0.041231966257674	0.280755067953017	0.080763857473874	0.367108443063064	NA	"abundance"	50	18
"Oscillospiraceae_unclassified_SGB43526"	"Sex"	"M"	"SexM"	-2.56168521491135	0	1.25401352047876	0.0410733149819033	0.280755067953017	0.0410733149819033	0.267869445534152	NA	"prevalence"	50	6
"Blautia_pseudococcoides"	"Genotype"	"MUT"	"GenotypeMUT"	2.50856374034514	0	1.23860435594372	0.0428350491920742	0.289461089994926	0.0428350491920742	0.27035011372947	NA	"prevalence"	50	6
"Acutalibacter_caecimuris"	"Sex"	"M"	"SexM"	-2.50417209852294	0	1.23877117639576	0.0432283524575423	0.289922484151337	0.0432283524575423	0.27035011372947	NA	"prevalence"	50	6
"Muricaecibacterium_torontonense"	"Sex"	"M"	"SexM"	-1.65843396671185	0	0.827973892900294	0.0451769955998297	0.300730448321255	0.0211065273145088	0.166630478798754	NA	"prevalence"	50	40
"Caniella_muris"	"Site"	"Jejunum"	"SiteJejunum"	-1.48410313045714	0	0.743030724391731	0.0457856101871802	0.302524179903443	0.089474898274148	0.39866877636067	NA	"prevalence"	50	35
"GGB27919_SGB40357"	"Site"	"Jejunum"	"SiteJejunum"	1.23680063438167	-0.137729730603297	0.649560544037629	0.0469389101641577	0.305616845740356	0.0916745590409166	0.39866877636067	NA	"abundance"	50	28
"Lactobacillus_intestinalis"	"Sex"	"M"	"SexM"	-1.02302094486051	0.650963691051005	0.76635415415591	0.046751256047818	0.305616845740356	0.00028270287751249	0.0177503778952648	NA	"abundance"	50	21
"Akkermansia_muciniphila"	"Sex"	"M"	"SexM"	2.0432451252879	0.650963691051005	0.668234316398431	0.0483021918613948	0.310922063785469	0.0942712819841747	0.39866877636067	NA	"abundance"	50	44
"Akkermansia_muciniphila"	"Sex"	"M"	"SexM"	-2.55458462086763	0	1.30787079987716	0.0507912485283157	0.310922063785469	0.0942712819841747	0.39866877636067	NA	"prevalence"	50	44
"GGB14001_SGB21428"	"Sex"	"M"	"SexM"	-2.55458462086763	0	1.30787079987716	0.0507912485283157	0.310922063785469	0.0990027461295663	0.39866877636067	NA	"prevalence"	50	44
"GGB27885_SGB40319"	"Genotype"	"MUT"	"GenotypeMUT"	-1.33787075088569	0	0.688325704019198	0.0519365330762722	0.310922063785469	0.101175662684562	0.399545168392632	NA	"prevalence"	50	23
"GGB28310_SGB40880"	"Sex"	"M"	"SexM"	-2.55458462086763	0	1.30787079987716	0.0507912485283157	0.310922063785469	0.000106833836246062	0.0128200603495275	NA	"prevalence"	50	44
"GGB28382_SGB40962"	"Sex"	"M"	"SexM"	1.81789883711348	0	0.925270652206635	0.0494465184941534	0.310922063785469	0.0964480787971141	0.39866877636067	NA	"prevalence"	50	8
"GGB28904_SGB41597"	"Genotype"	"MUT"	"GenotypeMUT"	1.37357511780962	0	0.699014465750288	0.0494123015515709	0.310922063785469	0.0963830275585184	0.39866877636067	NA	"prevalence"	50	12
"GGB30461_SGB63204"	"Genotype"	"MUT"	"GenotypeMUT"	2.52696415867383	0	1.28268059815604	0.0488309210027582	0.310922063785469	0.0488309210027582	0.292985526016549	NA	"prevalence"	50	5
"GGB42570_SGB59765"	"Sex"	"M"	"SexM"	-1.35400577035539	0	0.691762795547944	0.0503090736030361	0.310922063785469	0.0980871443192765	0.39866877636067	NA	"prevalence"	50	12
"GGB46159_SGB63927"	"Sex"	"M"	"SexM"	-1.84830993813676	0	0.948888255030608	0.0514306498226426	0.310922063785469	0.00259102979263274	0.0534217970565621	NA	"prevalence"	50	42
"GGB46162_SGB63930"	"Sex"	"M"	"SexM"	-1.24981015723773	0	0.642072310083397	0.0515916417594976	0.310922063785469	0.100521586019555	0.399545168392632	NA	"prevalence"	50	18
"GGB70518_SGB94950"	"Genotype"	"MUT"	"GenotypeMUT"	-2.50914302633698	0	1.28660508009486	0.0511517487962651	0.310922063785469	0.0511517487962651	0.303871775027318	NA	"prevalence"	50	6
"Adlercreutzia_aquisgranensis"	"Genotype"	"MUT"	"GenotypeMUT"	-0.449554237999977	0.334397742924221	0.368002723678128	0.0532228465345054	0.316498527391859	0.0229676283016984	0.174437683304038	NA	"abundance"	50	29
"GGB27919_SGB40357"	"Sex"	"M"	"SexM"	-0.86629755314751	0.650963691051005	0.739557212695947	0.0552642543549744	0.320102044705436	0.0112865880750063	0.111015620409898	NA	"abundance"	50	28
"Acutalibacter_sp_1XD8_33"	"Genotype"	"MUT"	"GenotypeMUT"	2.4814259507943	0	1.29376325877472	0.0551121852462794	0.320102044705436	0.0551121852462794	0.31207456597679	NA	"prevalence"	50	5
"Lachnospiraceae_bacterium_A2"	"Genotype"	"MUT"	"GenotypeMUT"	2.4814259507943	0	1.29376325877473	0.0551121852462796	0.320102044705436	0.0551121852462796	0.31207456597679	NA	"prevalence"	50	5
"Thomasclavelia_cocleata"	"Genotype"	"MUT"	"GenotypeMUT"	1.8122303567851	0	0.944940296038882	0.0551331733225662	0.320102044705436	0.0551331733225662	0.31207456597679	NA	"prevalence"	50	7
"GGB25041_SGB36960"	"Sex"	"M"	"SexM"	-1.23536875047019	0	0.647206694653515	0.0562917629410189	0.32395001640896	0.10941476330703	0.407756881889552	NA	"prevalence"	50	14
"Clostridiales_bacterium"	"Genotype"	"MUT"	"GenotypeMUT"	1.57416092785064	0	0.831098283590071	0.0582153036341451	0.332872120779855	0.113041585691074	0.416103996408863	NA	"prevalence"	50	11
"GGB30461_SGB63209"	"Genotype"	"MUT"	"GenotypeMUT"	-0.983017518714287	0.334397742924221	0.562193268380669	0.0617586968002071	0.336069082630691	0.119703256969954	0.430963918474017	NA	"abundance"	50	10
"Acutalibacter_sp_1XD8_33"	"Sex"	"M"	"SexM"	-2.40380527169848	0	1.28709634504293	0.0618152305229088	0.336069082630691	0.0618152305229088	0.314922845746312	NA	"prevalence"	50	5
"Bifidobacterium_pseudolongum"	"Genotype"	"MUT"	"GenotypeMUT"	-1.37635468007085	0	0.740280627309851	0.0629940218315788	0.336069082630691	0.12201979687664	0.430963918474017	NA	"prevalence"	50	39
"GGB143828_SGB43507"	"Sex"	"M"	"SexM"	-2.32251032492557	0	1.24607585216825	0.0623414363268239	0.336069082630691	0.0623414363268239	0.314922845746312	NA	"prevalence"	50	5
"GGB28946_SGB41652"	"Sex"	"M"	"SexM"	-2.32251032492557	0	1.24607585216825	0.0623414363268241	0.336069082630691	0.0623414363268241	0.314922845746312	NA	"prevalence"	50	5
"GGB28956_SGB41665"	"Genotype"	"MUT"	"GenotypeMUT"	2.3291626895605	0	1.24783854662288	0.0619633746221994	0.336069082630691	0.0619633746221994	0.314922845746312	NA	"prevalence"	50	5
"GGB30045_SGB42945"	"Genotype"	"MUT"	"GenotypeMUT"	-1.23258662250709	0	0.663070464895133	0.0630402589052388	0.336069082630691	0.122106443567638	0.430963918474017	NA	"prevalence"	50	33
"GGB30461_SGB63204"	"Sex"	"M"	"SexM"	2.46334084807653	0	1.32643785344711	0.0632955222891883	0.336069082630691	0.0632955222891883	0.314922845746312	NA	"prevalence"	50	5
"GGB46159_SGB63927"	"Genotype"	"MUT"	"GenotypeMUT"	1.75177866754921	0	0.942046358624666	0.062949765890883	0.336069082630691	0.121936858756049	0.430963918474017	NA	"prevalence"	50	42
"Lachnospiraceae_bacterium_A2"	"Sex"	"M"	"SexM"	-2.40380527169848	0	1.28709634504293	0.0618152305229092	0.336069082630691	0.0618152305229092	0.314922845746312	NA	"prevalence"	50	5
"Oscillibacter_SGB43499"	"Sex"	"M"	"SexM"	-2.32251032492557	0	1.24607585216825	0.0623414363268241	0.336069082630691	0.0623414363268241	0.314922845746312	NA	"prevalence"	50	5
"Schaedlerella_arabinosiphila"	"Sex"	"M"	"SexM"	-1.69964134850615	0	0.914073320463061	0.0629683829201602	0.336069082630691	0.121971748592741	0.430963918474017	NA	"prevalence"	50	7
"GGB22635_SGB33556"	"Sex"	"M"	"SexM"	-1.15734992698495	0.650963691051005	0.814430940384121	0.0649667138083949	0.337226023836986	0.125712753713728	0.435997989758594	NA	"abundance"	50	10
"GGB42570_SGB59765"	"Site"	"Jejunum"	"SiteJejunum"	1.05666099849392	-0.137729730603297	0.551609303807106	0.0646202629896306	0.337226023836986	0.125064747590412	0.435997989758594	NA	"abundance"	50	12
"GGB28870_SGB41546"	"Genotype"	"MUT"	"GenotypeMUT"	2.30314589364944	0	1.24874214471188	0.0651288462744976	0.337226023836986	0.0651288462744976	0.314922845746312	NA	"prevalence"	50	5
"GGB30296_SGB43260"	"Sex"	"M"	"SexM"	-2.3232161377382	0	1.25627052045098	0.0644150727657727	0.337226023836986	0.0644150727657727	0.314922845746312	NA	"prevalence"	50	5
"GGB30461_SGB102216"	"Sex"	"M"	"SexM"	-2.29354784720591	0	1.2448097409958	0.0654037019325096	0.337226023836986	0.0654037019325096	0.314922845746312	NA	"prevalence"	50	5
"Sangeribacter_muris"	"Site"	"Jejunum"	"SiteJejunum"	1.17544272686701	0	0.639242987112745	0.0659439816952005	0.338057653288039	0.127539354668584	0.439790878167531	NA	"prevalence"	50	17
"Paramuribaculum_intestinale"	"Genotype"	"MUT"	"GenotypeMUT"	1.52085836265262	0.334397742924221	0.607495142765986	0.068232665558988	0.343861794794448	0.0140054300361354	0.12928089264125	NA	"abundance"	50	26
"Sangeribacter_muris"	"Site"	"Jejunum"	"SiteJejunum"	0.593182463714686	-0.137729730603297	0.35608263554018	0.0678648199151758	0.343861794794448	0.127539354668584	0.439790878167531	NA	"abundance"	50	17
"Oscillibacter_sp_CU971"	"Genotype"	"MUT"	"GenotypeMUT"	1.65863717206799	0	0.909489215353557	0.0681971577850473	0.343861794794448	0.131743463240136	0.451691873966181	NA	"prevalence"	50	7
"Acutalibacter_muris"	"Sex"	"M"	"SexM"	1.8842473884689	0.650963691051005	0.554991480305646	0.0694722237695644	0.34814170563175	0.13411805766364	0.457220651126047	NA	"abundance"	50	11
"GGB70852_SGB95305"	"Genotype"	"MUT"	"GenotypeMUT"	1.8995111025816	0.334397742924221	0.819150761550821	0.0706695791788901	0.352163489539497	0.00599396075325278	0.0749245094156627	NA	"abundance"	50	28
"Clostridiales_bacterium"	"Sex"	"M"	"SexM"	-2.30970434030287	0.650963691051005	1.3994368931269	0.0732288067312346	0.362889420023673	0.0432560181967152	0.27035011372947	NA	"abundance"	50	11
"GGB30046_SGB42947"	"Genotype"	"MUT"	"GenotypeMUT"	-0.280333967738625	0.334397742924221	0.305315276834455	0.0749500390520448	0.369226488823226	0.0762507522515403	0.349240086648276	NA	"abundance"	50	25
"GGB22635_SGB63107"	"Genotype"	"MUT"	"GenotypeMUT"	-1.67281203921851	0	0.94097340725081	0.0754455236427946	0.369226488823226	0.145199020247854	0.484166960312231	NA	"prevalence"	50	27
"GGB30454_SGB43514"	"Genotype"	"MUT"	"GenotypeMUT"	-2.31763061556558	0	1.30546876989416	0.0758443318623422	0.369226488823226	0.0758443318623422	0.349240086648276	NA	"prevalence"	50	5
"GGB3171_SGB4185"	"Genotype"	"MUT"	"GenotypeMUT"	1.40473069503523	0	0.792113917538373	0.0761633115958224	0.369226488823226	0.0761633115958224	0.349240086648276	NA	"prevalence"	50	9
"Thomasclavelia_cocleata"	"Sex"	"M"	"SexM"	1.6942962745661	0	0.959110643210216	0.0773072264843469	0.372746194724527	0.148638045701992	0.490015535281291	NA	"prevalence"	50	7
"GGB24146_SGB35950"	"Genotype"	"MUT"	"GenotypeMUT"	-1.38541813827299	0	0.786056856322759	0.0779863749094876	0.373999174297112	0.149890875147452	0.490799967983157	NA	"prevalence"	50	30
"Bacillota_unclassified_SGB43546"	"Site"	"Jejunum"	"SiteJejunum"	-1.64323299086538	0	0.935904384827656	0.0791276615972677	0.377443177244721	0.151994136364684	0.490799967983157	NA	"prevalence"	50	9
"GGB3171_SGB4185"	"Sex"	"M"	"SexM"	-1.38582300786277	0	0.791360147496629	0.0799129630429971	0.37916150550188	0.153439844423683	0.490799967983157	NA	"prevalence"	50	9
"Lactobacillus_johnsonii"	"Genotype"	"MUT"	"GenotypeMUT"	-1.26959888005822	0	0.728789234925098	0.0814969122765041	0.384630929897575	0.156352077842404	0.490799967983157	NA	"prevalence"	50	34
"GGB29531_SGB42317"	"Sex"	"M"	"SexM"	-1.3515157031641	0	0.781063083795631	0.0835670306651335	0.392325217648943	0.16015061271608	0.490799967983157	NA	"prevalence"	50	9
"GGB1503_SGB2082"	"Sex"	"M"	"SexM"	-0.15906132853154	0.650963691051005	0.428694768741838	0.0843987179020017	0.394155268945474	0.015545317337635	0.136667769518113	NA	"abundance"	50	29
"Neglectibacter_sp_X4"	"Genotype"	"MUT"	"GenotypeMUT"	1.23703502437949	0	0.720334929246341	0.0859233959051699	0.399185776809435	0.164463961846463	0.490799967983157	NA	"prevalence"	50	15
"Duncaniella_muricolitica"	"Genotype"	"MUT"	"GenotypeMUT"	1.37450809182734	0.334397742924221	0.578160711106873	0.0877163563356094	0.405404092494112	0.0877163563356094	0.395712885724554	NA	"abundance"	50	33
"GGB28898_SGB41580"	"Site"	"Jejunum"	"SiteJejunum"	-1.5713936158354	0	0.929104704823831	0.0907797607309821	0.417399724598124	0.17331855650359	0.492848975839592	NA	"prevalence"	50	9
"GGB28904_SGB41597"	"Sex"	"M"	"SexM"	2.88464429352124	0.650963691051005	1.18229441065815	0.0978747180563841	0.420111379594127	0.186169975678152	0.50773629730405	NA	"abundance"	50	12
"Ligilactobacillus_murinus"	"Genotype"	"MUT"	"GenotypeMUT"	-1.07671451397776	0.334397742924221	0.808970553195758	0.0934294529755828	0.420111379594127	0.178129843267849	0.497274851151842	NA	"abundance"	50	34
"Muribaculum_intestinale"	"Site"	"Jejunum"	"SiteJejunum"	0.598815610862019	-0.137729730603297	0.422736711624264	0.09767484474328	0.420111379594127	0.185809314190936	0.50773629730405	NA	"abundance"	50	34
"Bacteroides_caecimuris"	"Genotype"	"MUT"	"GenotypeMUT"	2.09858856361943	0	1.26693727551127	0.0976354643911838	0.420111379594127	0.0976354643911838	0.39866877636067	NA	"prevalence"	50	4
"Flintibacter_SGB43538"	"Sex"	"M"	"SexM"	-2.08940414822902	0	1.26134731966808	0.0976234423863061	0.420111379594127	0.0976234423863061	0.39866877636067	NA	"prevalence"	50	4
"GGB22635_SGB63107"	"Site"	"Jejunum"	"SiteJejunum"	-1.58521861031975	0	0.944591176858008	0.093306884703179	0.420111379594127	0.177907594673346	0.497274851151842	NA	"prevalence"	50	27
"GGB27894_SGB40329"	"Genotype"	"MUT"	"GenotypeMUT"	2.12324855841786	0	1.2848762734968	0.0984341685371875	0.420111379594127	0.0984341685371875	0.39866877636067	NA	"prevalence"	50	4
"GGB28765_SGB41414"	"Genotype"	"MUT"	"GenotypeMUT"	2.12324855841784	0	1.28487627349679	0.098434168537189	0.420111379594127	0.098434168537189	0.39866877636067	NA	"prevalence"	50	4
"GGB28990_SGB41704"	"Genotype"	"MUT"	"GenotypeMUT"	2.12324855841784	0	1.28487627349679	0.0984341685371889	0.420111379594127	0.0984341685371889	0.39866877636067	NA	"prevalence"	50	4
"GGB30461_SGB63208"	"Sex"	"M"	"SexM"	-2.08940414822903	0	1.26134731966808	0.0976234423863055	0.420111379594127	0.0976234423863055	0.39866877636067	NA	"prevalence"	50	4
"GGB42322_SGB59489"	"Genotype"	"MUT"	"GenotypeMUT"	2.09858856361943	0	1.26693727551127	0.0976354643911834	0.420111379594127	0.0976354643911834	0.39866877636067	NA	"prevalence"	50	4
"GGB74395_SGB43523"	"Sex"	"M"	"SexM"	-2.0982670435191	0	1.26939359038736	0.0983373668565084	0.420111379594127	0.0983373668565084	0.39866877636067	NA	"prevalence"	50	4
"Parasutterella_muris"	"Genotype"	"MUT"	"GenotypeMUT"	0.986187473325192	0	0.594667170140653	0.0972396606951131	0.420111379594127	0.185023769778125	0.50773629730405	NA	"prevalence"	50	29
"Parasutterella_muris"	"Sex"	"M"	"SexM"	-1.00257468606079	0	0.595152115514231	0.0920717948129933	0.420111379594127	0.0564397049331595	0.313791351241888	NA	"prevalence"	50	29
"Pseudoflavonifractor_sp_524_17"	"Genotype"	"MUT"	"GenotypeMUT"	2.09858856361943	0	1.26693727551127	0.0976354643911834	0.420111379594127	0.0976354643911834	0.39866877636067	NA	"prevalence"	50	4
"GGB30294_SGB43258"	"Genotype"	"MUT"	"GenotypeMUT"	-0.541347011600298	0.334397742924221	0.475047558702712	0.100733007958913	0.427875443330242	0.191318877025376	0.519417765679755	NA	"abundance"	50	15
"Anaerostipes_hominis_ex_Lee_et_al_2021"	"Genotype"	"MUT"	"GenotypeMUT"	2.07323510440672	0	1.26568124908642	0.101413582046771	0.428724716519997	0.101413582046771	0.399545168392632	NA	"prevalence"	50	4
"GGB27894_SGB40329"	"Sex"	"M"	"SexM"	-2.09218405805581	0	1.2839744602253	0.103215835168096	0.430226752195992	0.103215835168096	0.399545168392632	NA	"prevalence"	50	4
"GGB28765_SGB41414"	"Sex"	"M"	"SexM"	-2.0921840580558	0	1.28397446022531	0.103215835168097	0.430226752195992	0.103215835168097	0.399545168392632	NA	"prevalence"	50	4
"GGB28990_SGB41704"	"Sex"	"M"	"SexM"	-2.09218405805581	0	1.2839744602253	0.103215835168096	0.430226752195992	0.103215835168096	0.399545168392632	NA	"prevalence"	50	4
"GGB28925_SGB41622"	"Genotype"	"MUT"	"GenotypeMUT"	-2.14544507339004	0	1.32395402404726	0.10512854950306	0.434141972947821	0.10512854950306	0.401765157336534	NA	"prevalence"	50	4
"GGB28949_SGB41656"	"Genotype"	"MUT"	"GenotypeMUT"	1.52555449700334	0	0.940749724561303	0.104881110031951	0.434141972947821	0.104881110031951	0.401765157336534	NA	"prevalence"	50	6
"GGB28380_SGB40960"	"Sex"	"M"	"SexM"	-2.04068594271371	0	1.26372399104567	0.106349823408747	0.436273163561009	0.106349823408747	0.402350239683137	NA	"prevalence"	50	4
"GGB45515_SGB63187"	"Genotype"	"MUT"	"GenotypeMUT"	-2.12211947679875	0	1.31517821393016	0.106622813516031	0.436273163561009	0.106622813516031	0.402350239683137	NA	"prevalence"	50	4
"Turicibacter_sp_1E2"	"Site"	"Jejunum"	"SiteJejunum"	1.63073442476377	-0.137729730603297	1.01892401300792	0.108915612900323	0.441603303214039	0.205968615067194	0.549249640179183	NA	"abundance"	50	16
"Oscillospiraceae_unclassified_SGB43526"	"Genotype"	"MUT"	"GenotypeMUT"	1.54108909766747	0	0.961038914310779	0.108809802993029	0.441603303214039	0.108809802993029	0.407756881889552	NA	"prevalence"	50	6
"GGB28382_SGB40962"	"Genotype"	"MUT"	"GenotypeMUT"	1.30837764379771	0	0.820330987459304	0.1107259430181	0.443949462035277	0.209191651578952	0.55537606613881	NA	"prevalence"	50	8
"Oscillospiraceae_bacterium"	"Genotype"	"MUT"	"GenotypeMUT"	1.53047665294321	0	0.960286504858963	0.110987365508819	0.443949462035277	0.110987365508819	0.411064316699331	NA	"prevalence"	50	6
"GGB28803_SGB41457"	"Sex"	"M"	"SexM"	-1.44880661910473	0	0.91142029472042	0.111921800108516	0.445688596860699	0.211317110877501	0.556097660203951	NA	"prevalence"	50	6
"Acutalibacter_muris"	"Site"	"Jejunum"	"SiteJejunum"	-1.15670938111574	-0.137729730603297	0.554991480305645	0.112893242826436	0.447558989338581	0.213041601377003	0.55759470652364	NA	"abundance"	50	11
"GGB24146_SGB35950"	"Sex"	"M"	"SexM"	-0.255556433861977	0.650963691051005	0.536525466351875	0.114277477981317	0.451042081235993	0.000327328755120018	0.0177503778952648	NA	"abundance"	50	30
"GGB22635_SGB63107"	"Genotype"	"MUT"	"GenotypeMUT"	-0.203057680805261	0.334397742924221	0.309854344964265	0.115687509744849	0.454595853270507	0.145199020247854	0.484166960312231	NA	"abundance"	50	27
"Bifidobacterium_pseudolongum"	"Site"	"Jejunum"	"SiteJejunum"	-1.15664382781069	-0.137729730603297	0.629492096432174	0.117673189319801	0.458360195953112	0.221499399154908	0.570384718853841	NA	"abundance"	50	39
"GGB28769_SGB41421"	"Sex"	"M"	"SexM"	-1.42716862064073	0	0.910923243743311	0.117178368100933	0.458360195953112	0.220625966251067	0.570384718853841	NA	"prevalence"	50	6
"Alistipes_timonensis"	"Genotype"	"MUT"	"GenotypeMUT"	1.42081695988016	0	0.914793790644786	0.120386001993933	0.462206311992518	0.226279214511783	0.575286138589278	NA	"prevalence"	50	6
"Duncaniella_muris"	"Site"	"Jejunum"	"SiteJejunum"	0.978503974385682	0	0.629989768355518	0.120373895682121	0.462206311992518	0.226257916602552	0.575286138589278	NA	"prevalence"	50	23
"GGB28898_SGB41580"	"Sex"	"M"	"SexM"	1.2320479204469	0	0.793151632836797	0.120337785578063	0.462206311992518	0.226194388518294	0.575286138589278	NA	"prevalence"	50	9
"GGB73359_SGB46611"	"Genotype"	"MUT"	"GenotypeMUT"	-2.02088517762254	0	1.30236582140457	0.120733263110153	0.462206311992518	0.120733263110153	0.430963918474017	NA	"prevalence"	50	4
"Clostridia_bacterium"	"Genotype"	"MUT"	"GenotypeMUT"	0.799732988585406	0.334397742924221	0.263760932851415	0.12180407155932	0.46233715672729	0.12180407155932	0.430963918474017	NA	"abundance"	50	23
"Oscillospiraceae_unclassified_SGB102175"	"Genotype"	"MUT"	"GenotypeMUT"	1.42109518644623	0	0.917328514694842	0.121341547796008	0.46233715672729	0.227959324370484	0.577112213596162	NA	"prevalence"	50	6
"GGB75057_SGB102223"	"Genotype"	"MUT"	"GenotypeMUT"	1.31352000514896	0	0.853375479095713	0.123754199921574	0.467748925127305	0.123754199921574	0.434225262882716	NA	"prevalence"	50	8
"GGB27480_SGB39776"	"Sex"	"M"	"SexM"	-1.19776674532955	0	0.78190379428001	0.125557112669841	0.472560947263705	0.235349636797695	0.593318412095029	NA	"prevalence"	50	8
"GGB27478_SGB39772"	"Sex"	"M"	"SexM"	-1.16746773848343	0	0.777387362784237	0.133152956514133	0.499043853826077	0.0674093461684144	0.318469351976761	NA	"prevalence"	50	8
"Limosilactobacillus_reuteri"	"Genotype"	"MUT"	"GenotypeMUT"	-0.806815929476615	0.334397742924221	0.733231765082285	0.134494822383935	0.501963939608661	0.250900787519784	0.605155069852716	NA	"abundance"	50	30
"GGB27929_SGB40368"	"Genotype"	"MUT"	"GenotypeMUT"	1.23574147794979	0.334397742924221	0.574722303392018	0.135125033479759	0.502214707766439	0.251991292286613	0.605155069852716	NA	"abundance"	50	30
"GGB42646_SGB59844"	"Genotype"	"MUT"	"GenotypeMUT"	1.18997332963173	0	0.800762227956355	0.137265691124677	0.506183334487931	0.137265691124677	0.465307427541277	NA	"prevalence"	50	10
"Lachnospiraceae_bacterium"	"Sex"	"M"	"SexM"	-1.39515991438915	0	0.938985583406219	0.137327765634618	0.506183334487931	0.25579661605504	0.605155069852716	NA	"prevalence"	50	44
"Adlercreutzia_mucosicola"	"Genotype"	"MUT"	"GenotypeMUT"	-1.03617720363841	0	0.699377590518802	0.138454614340202	0.508236691322881	0.25773954844831	0.605155069852716	NA	"prevalence"	50	23
"GGB28949_SGB41656"	"Sex"	"M"	"SexM"	1.40935331924187	0	0.953718631335415	0.139475937912992	0.509887445157331	0.259498338569275	0.605155069852716	NA	"prevalence"	50	6
"Lachnospiraceae_bacterium"	"Genotype"	"MUT"	"GenotypeMUT"	1.00245540590661	0.334397742924221	0.429602031936208	0.141016021867561	0.513413434717814	0.26214652531177	0.605155069852716	NA	"abundance"	50	44
"GGB29531_SGB42317"	"Sex"	"M"	"SexM"	-1.05572318831124	0.650963691051005	0.971951053384294	0.142708529410132	0.517262034399697	0.16015061271608	0.490799967983157	NA	"abundance"	50	9
"GGB30460_SGB43527"	"Sex"	"M"	"SexM"	-1.90283377416887	0	1.29987632183442	0.143232872754176	0.517262034399697	0.143232872754176	0.482807436250032	NA	"prevalence"	50	3
"GGB24146_SGB35950"	"Genotype"	"MUT"	"GenotypeMUT"	-0.409038790100753	0.334397742924221	0.4832664363357	0.144752139001654	0.520333648913867	0.149890875147452	0.490799967983157	NA	"abundance"	50	30
"GGB28927_SGB41625"	"Genotype"	"MUT"	"GenotypeMUT"	1.8960193738345	0	1.30174996247228	0.145250088093669	0.520333648913867	0.145250088093669	0.484166960312231	NA	"prevalence"	50	3
"Oscillibacter_SGB43502"	"Sex"	"M"	"SexM"	-1.8799772345565	0	1.296349816485	0.147000447456263	0.524497596523945	0.147000447456263	0.487294300959987	NA	"prevalence"	50	3
"Thomasclavelia_cocleata"	"Sex"	"M"	"SexM"	2.37546746275616	0.650963691051005	0.953573729420169	0.148533984667015	0.527857825987956	0.148638045701992	0.490015535281291	NA	"abundance"	50	7
"GGB18828_SGB27767"	"Sex"	"M"	"SexM"	-0.937196848473788	0	0.651417125937306	0.150234221179431	0.531781449571638	0.277898121145472	0.605155069852716	NA	"prevalence"	50	16
"Muribaculum_gordoncarteri"	"Genotype"	"MUT"	"GenotypeMUT"	0.909288819185819	0.334397742924221	0.373428281678436	0.151113451398983	0.53277944129602	0.0208900519209605	0.166630478798754	NA	"abundance"	50	33
"GGB24132_SGB35935"	"Sex"	"M"	"SexM"	-0.46587821259627	0.650963691051005	0.763119310031927	0.159172247501841	0.536455533317687	0.00131221541664393	0.0328053854160982	NA	"abundance"	50	33
"Schaedlerella_arabinosiphila"	"Genotype"	"MUT"	"GenotypeMUT"	3.85353369202251	0.334397742924221	1.89076267269386	0.159904860013979	0.536455533317687	0.294240155771867	0.605155069852716	NA	"abundance"	50	7
"Acutalibacter_intestini"	"Genotype"	"MUT"	"GenotypeMUT"	1.01064909298328	0	0.716223520841393	0.15822085886839	0.536455533317687	0.291407877555729	0.605155069852716	NA	"prevalence"	50	10
"Acutalibacter_intestini"	"Sex"	"M"	"SexM"	-1.0104167402983	0	0.716571078254782	0.158518454184688	0.536455533317687	0.291908808052273	0.605155069852716	NA	"prevalence"	50	10
"Adlercreutzia_SGB42953"	"Sex"	"M"	"SexM"	-1.11820706294705	0	0.789264602739651	0.156549941986134	0.536455533317687	0.156549941986134	0.490799967983157	NA	"prevalence"	50	11
"Alistipes_finegoldii"	"Genotype"	"MUT"	"GenotypeMUT"	1.79282149422201	0	1.28323435069308	0.162380038111856	0.536455533317687	0.162380038111856	0.490799967983157	NA	"prevalence"	50	3
"GGB22635_SGB33556"	"Genotype"	"MUT"	"GenotypeMUT"	1.01064909298328	0	0.716223520841393	0.158220858868391	0.536455533317687	0.158220858868391	0.490799967983157	NA	"prevalence"	50	10
"GGB22635_SGB33556"	"Sex"	"M"	"SexM"	-1.0104167402983	0	0.716571078254782	0.158518454184688	0.536455533317687	0.125712753713728	0.435997989758594	NA	"prevalence"	50	10
"GGB27866_SGB40300"	"Site"	"Jejunum"	"SiteJejunum"	0.93143586792467	0	0.665025182012508	0.161333002002309	0.536455533317687	0.296637666469541	0.605155069852716	NA	"prevalence"	50	19
"GGB28456_SGB41039"	"Genotype"	"MUT"	"GenotypeMUT"	1.85817250879472	0	1.31297731435099	0.156999369257242	0.536455533317687	0.156999369257242	0.490799967983157	NA	"prevalence"	50	3
"GGB28793_SGB41446"	"Genotype"	"MUT"	"GenotypeMUT"	1.82861052146375	0	1.30773894753703	0.162023192727934	0.536455533317687	0.162023192727934	0.490799967983157	NA	"prevalence"	50	3
"GGB28870_SGB41545"	"Genotype"	"MUT"	"GenotypeMUT"	1.82126514754763	0	1.29039980785839	0.158127877112534	0.536455533317687	0.158127877112534	0.490799967983157	NA	"prevalence"	50	3
"GGB28925_SGB41622"	"Site"	"Jejunum"	"SiteJejunum"	-2.03630749480317	0	1.43017319465715	0.154498929442502	0.536455533317687	0.154498929442502	0.490799967983157	NA	"prevalence"	50	4
"GGB28934_SGB41635"	"Genotype"	"MUT"	"GenotypeMUT"	1.82861052146376	0	1.30773894753703	0.162023192727933	0.536455533317687	0.162023192727933	0.490799967983157	NA	"prevalence"	50	3
"GGB45515_SGB63187"	"Site"	"Jejunum"	"SiteJejunum"	-2.00453325564368	0	1.4205700120362	0.158221997149014	0.536455533317687	0.158221997149014	0.490799967983157	NA	"prevalence"	50	4
"GGB75104_SGB102231"	"Genotype"	"MUT"	"GenotypeMUT"	1.82861052146375	0	1.30773894753703	0.162023192727933	0.536455533317687	0.162023192727933	0.490799967983157	NA	"prevalence"	50	3
"Muribaculaceae_bacterium"	"Genotype"	"MUT"	"GenotypeMUT"	-1.00588824155379	0	0.708980531367269	0.155962818406341	0.536455533317687	0.287601236087433	0.605155069852716	NA	"prevalence"	50	29
"GGB28949_SGB41656"	"Sex"	"M"	"SexM"	3.22989331659323	0.650963691051005	1.40652234848837	0.165333403988517	0.539153736395965	0.259498338569275	0.605155069852716	NA	"abundance"	50	6
"GGB141797_SGB41693"	"Sex"	"M"	"SexM"	-1.80076802844012	0	1.30075440526412	0.166235154968361	0.539153736395965	0.166235154968361	0.490799967983157	NA	"prevalence"	50	3
"GGB1690_SGB40190"	"Sex"	"M"	"SexM"	-1.77256035174966	0	1.28215678732191	0.166823353413998	0.539153736395965	0.166823353413998	0.490799967983157	NA	"prevalence"	50	3
"GGB30468_SGB43552"	"Sex"	"M"	"SexM"	-1.77256035174966	0	1.28215678732191	0.166823353413998	0.539153736395965	0.166823353413998	0.490799967983157	NA	"prevalence"	50	3
"GGB45656_SGB63370"	"Sex"	"M"	"SexM"	-1.80076802844012	0	1.30075440526412	0.166235154968362	0.539153736395965	0.166235154968362	0.490799967983157	NA	"prevalence"	50	3
"Oscillibacter_SGB94990"	"Sex"	"M"	"SexM"	-1.77256035174966	0	1.28215678732191	0.166823353413998	0.539153736395965	0.166823353413998	0.490799967983157	NA	"prevalence"	50	3
"Bacillota_unclassified_SGB43550"	"Genotype"	"MUT"	"GenotypeMUT"	1.75371937199821	0	1.28091056960752	0.170961988847466	0.540773383162908	0.170961988847466	0.490799967983157	NA	"prevalence"	50	3
"Enterococcus_gallinarum"	"Genotype"	"MUT"	"GenotypeMUT"	1.75371937199821	0	1.28091056960752	0.170961988847466	0.540773383162908	0.170961988847466	0.490799967983157	NA	"prevalence"	50	3
"GGB141797_SGB41693"	"Genotype"	"MUT"	"GenotypeMUT"	1.78007033656753	0	1.29781265943283	0.17019027555514	0.540773383162908	0.17019027555514	0.490799967983157	NA	"prevalence"	50	3
"GGB28869_SGB41543"	"Genotype"	"MUT"	"GenotypeMUT"	1.75371937199821	0	1.28091056960752	0.170961988847466	0.540773383162908	0.170961988847466	0.490799967983157	NA	"prevalence"	50	3
"GGB30460_SGB43527"	"Genotype"	"MUT"	"GenotypeMUT"	-1.84142902756181	0	1.34130287497534	0.169794027886446	0.540773383162908	0.169794027886446	0.490799967983157	NA	"prevalence"	50	3
"GGB45656_SGB63370"	"Genotype"	"MUT"	"GenotypeMUT"	1.78007033656753	0	1.29781265943283	0.170190275555141	0.540773383162908	0.170190275555141	0.490799967983157	NA	"prevalence"	50	3
"Adlercreutzia_caecimuris"	"Site"	"Jejunum"	"SiteJejunum"	-0.724136485629731	-0.137729730603297	0.414010732786653	0.176396978361534	0.54217104530333	0.321678062747988	0.626805054365961	NA	"abundance"	50	32
"GGB22635_SGB63107"	"Site"	"Jejunum"	"SiteJejunum"	-0.576150975062186	-0.137729730603297	0.299397227857017	0.175566286014246	0.54217104530333	0.177907594673346	0.497274851151842	NA	"abundance"	50	27
"GGB30861_SGB44083"	"Genotype"	"MUT"	"GenotypeMUT"	0.778429084277963	0.334397742924221	0.300108242506704	0.173794153586048	0.54217104530333	0.317383899351405	0.624361769215879	NA	"abundance"	50	40
"Parvibacter_caecicola"	"Site"	"Jejunum"	"SiteJejunum"	-0.869946262050823	-0.137729730603297	0.514093753541464	0.176863116135296	0.54217104530333	0.322445670421506	0.626805054365961	NA	"abundance"	50	22
"Akkermansia_muciniphila"	"Genotype"	"MUT"	"GenotypeMUT"	1.3148212799964	0	0.977523834211725	0.178608147954333	0.54217104530333	0.325315425392988	0.626805054365961	NA	"prevalence"	50	44
"GGB28310_SGB40880"	"Genotype"	"MUT"	"GenotypeMUT"	1.3148212799964	0	0.977523834211725	0.178608147954333	0.54217104530333	0.325315425392988	0.626805054365961	NA	"prevalence"	50	44
"GGB28793_SGB41446"	"Sex"	"M"	"SexM"	-1.752839596525	0	1.30440787029144	0.179018946414663	0.54217104530333	0.179018946414663	0.497274851151842	NA	"prevalence"	50	3
"GGB28927_SGB41625"	"Sex"	"M"	"SexM"	1.8311477678985	0	1.34197490734126	0.172404862203664	0.54217104530333	0.172404862203664	0.492585320581898	NA	"prevalence"	50	3
"GGB28934_SGB41635"	"Sex"	"M"	"SexM"	-1.752839596525	0	1.30440787029144	0.179018946414663	0.54217104530333	0.179018946414663	0.497274851151842	NA	"prevalence"	50	3
"GGB75104_SGB102231"	"Sex"	"M"	"SexM"	-1.752839596525	0	1.30440787029144	0.179018946414663	0.54217104530333	0.179018946414663	0.497274851151842	NA	"prevalence"	50	3
"Lachnospiraceae_bacterium"	"Site"	"Jejunum"	"SiteJejunum"	-1.12801583005157	0	0.83904112404149	0.178815629084714	0.54217104530333	0.325656228964466	0.626805054365961	NA	"prevalence"	50	44
"Lactobacillus_johnsonii"	"Site"	"Jejunum"	"SiteJejunum"	-0.974686253606659	0	0.725808844168707	0.179305446596953	0.54217104530333	0.326460450014574	0.626805054365961	NA	"prevalence"	50	34
"GGB28456_SGB41039"	"Sex"	"M"	"SexM"	1.80700319894223	0	1.35416871709611	0.182072688093672	0.548678506012011	0.182072688093672	0.503426787355774	NA	"prevalence"	50	3
"GGB42598_SGB59794"	"Genotype"	"MUT"	"GenotypeMUT"	-0.821309826309678	0	0.61908921276641	0.184627095431906	0.554312615807121	0.33516702649619	0.63211931784123	NA	"prevalence"	50	23
"GGB46159_SGB63927"	"Site"	"Jejunum"	"SiteJejunum"	-1.08147448085461	0	0.816233166606194	0.185185156401931	0.554312615807121	0.336076770652254	0.63211931784123	NA	"prevalence"	50	42
"GGB27866_SGB40300"	"Genotype"	"MUT"	"GenotypeMUT"	-0.448996607207319	0.334397742924221	0.55956387137135	0.187897664199287	0.554982504853522	0.340489796187025	0.632488785486734	NA	"abundance"	50	19
"Akkermansia_muciniphila"	"Site"	"Jejunum"	"SiteJejunum"	-1.17451104041207	0	0.891419418002122	0.187646296954561	0.554982504853522	0.340081461148363	0.632488785486734	NA	"prevalence"	50	44
"GGB14001_SGB21428"	"Site"	"Jejunum"	"SiteJejunum"	-1.17451104041207	0	0.891419418002122	0.187646296954561	0.554982504853522	0.340081461148363	0.632488785486734	NA	"prevalence"	50	44
"GGB28310_SGB40880"	"Site"	"Jejunum"	"SiteJejunum"	-1.17451104041207	0	0.891419418002122	0.187646296954561	0.554982504853522	0.340081461148363	0.632488785486734	NA	"prevalence"	50	44
"Bacillota_unclassified_SGB43549"	"Sex"	"M"	"SexM"	-1.2330083508154	0	0.937908297850356	0.18863214405687	0.555313110556859	0.341682202342249	0.632744819152313	NA	"prevalence"	50	5
"GGB28439_SGB41022"	"Site"	"Jejunum"	"SiteJejunum"	-0.997442377994711	-0.137729730603297	0.248508757832925	0.191012909614242	0.559798531364181	0.345539887589185	0.637919792472342	NA	"abundance"	50	4
"Neglectibacter_caecimuris"	"Sex"	"M"	"SexM"	-1.21138391059958	0	0.930536884933706	0.19298072406051	0.562545117195996	0.348719888262101	0.64181574526767	NA	"prevalence"	50	5
"GGB31108_SGB44379"	"Genotype"	"MUT"	"GenotypeMUT"	-1.70391137547749	0	1.32116296479394	0.197152867889182	0.572835042857166	0.197152867889182	0.53284558888968	NA	"prevalence"	50	3
"Bacillota_unclassified_SGB63211"	"Site"	"Jejunum"	"SiteJejunum"	-0.773988337892589	-0.137729730603297	0.456698833979585	0.201013678750413	0.579322259106273	0.361620858456052	0.65334266172602	NA	"abundance"	50	14
"Bacteroidales_bacterium"	"Site"	"Jejunum"	"SiteJejunum"	0.604558164785058	-0.137729730603297	0.563391508442097	0.203678388191411	0.579322259106273	0.365871890566571	0.65334266172602	NA	"abundance"	50	28
"GGB42598_SGB59794"	"Genotype"	"MUT"	"GenotypeMUT"	-0.764051429983971	0.334397742924221	0.831356479824733	0.203412784287268	0.579322259106273	0.33516702649619	0.63211931784123	NA	"abundance"	50	23
"GGB24148_SGB35952"	"Genotype"	"MUT"	"GenotypeMUT"	0.787894706218832	0	0.618263371063625	0.202533227790017	0.579322259106273	0.364046747220991	0.65334266172602	NA	"prevalence"	50	35
"GGB29003_SGB41719"	"Site"	"Jejunum"	"SiteJejunum"	1.65309546079402	0	1.29335663139745	0.201198809120964	0.579322259106273	0.201198809120964	0.541342087320978	NA	"prevalence"	50	2
"GGB30296_SGB43260"	"Genotype"	"MUT"	"GenotypeMUT"	1.22757946115639	0	0.966271530467856	0.203931826636065	0.579322259106273	0.203931826636065	0.546245964203745	NA	"prevalence"	50	5
"Oscillibacter_sp_CU971"	"Site"	"Jejunum"	"SiteJejunum"	-1.21348079099593	0	0.954352686021955	0.203542873673829	0.579322259106273	0.365656045924257	0.65334266172602	NA	"prevalence"	50	7
"Ligilactobacillus_murinus"	"Site"	"Jejunum"	"SiteJejunum"	1.02977547441289	-0.137729730603297	0.910211393243024	0.208986258460292	0.589923235906899	0.374297260695352	0.660564357556597	NA	"abundance"	50	34
"Sangeribacter_muris"	"Sex"	"M"	"SexM"	0.0162113875301441	0.650963691051005	0.456802019510005	0.208949161425644	0.589923235906899	0.0548111602884188	0.31207456597679	NA	"abundance"	50	17
"Acutalibacter_muris"	"Genotype"	"MUT"	"GenotypeMUT"	1.3471663038345	0.334397742924221	0.728921677576161	0.211433922532834	0.591219620373944	0.0484457476502911	0.292985526016549	NA	"abundance"	50	11
"GGB29531_SGB42317"	"Genotype"	"MUT"	"GenotypeMUT"	1.63381867570157	0.334397742924221	0.901932406241362	0.211062286636858	0.591219620373944	0.377577284433337	0.662416288479539	NA	"abundance"	50	9
"GGB28796_SGB41449"	"Site"	"Jejunum"	"SiteJejunum"	1.57560197007462	0	1.26026793487425	0.211222150697841	0.591219620373944	0.211222150697841	0.556097660203951	NA	"prevalence"	50	2
"GGB75879_SGB103683"	"Sex"	"M"	"SexM"	1.80955662000554	0.650963691051005	0.897207532794215	0.212322233779709	0.591696431031143	0.00789632084867104	0.0846034376643326	NA	"abundance"	50	27
"GGB27861_SGB40295"	"Site"	"Jejunum"	"SiteJejunum"	0.777414615492264	0	0.624155679951183	0.212931114754481	0.591696431031143	0.380522569878376	0.665637148475293	NA	"prevalence"	50	17
"Adlercreutzia_SGB42953"	"Site"	"Jejunum"	"SiteJejunum"	-1.01538937048759	0	0.816666361708643	0.213744637500729	0.591838519169584	0.213744637500729	0.55759470652364	NA	"prevalence"	50	11
"Thomasclavelia_cocleata"	"Site"	"Jejunum"	"SiteJejunum"	-1.22713326127479	0	0.98818670782065	0.214309239564771	0.591838519169584	0.382690028966711	0.667482608662869	NA	"prevalence"	50	7
"GGB24148_SGB35952"	"Site"	"Jejunum"	"SiteJejunum"	0.572959970715969	-0.137729730603297	0.559333405518715	0.216963722921266	0.595481971833137	0.386854188778677	0.67084541406707	NA	"abundance"	50	35
"Bacillota_unclassified_SGB43546"	"Sex"	"M"	"SexM"	-0.930929946484818	0	0.75293707016992	0.216310630169962	0.595481971833137	0.385830971615398	0.67084541406707	NA	"prevalence"	50	9
"GGB27873_SGB41457"	"Site"	"Jejunum"	"SiteJejunum"	1.56491155491684	0	1.27120920869843	0.218307265632026	0.597331536637321	0.218307265632026	0.567031858784482	NA	"prevalence"	50	2
"GGB24148_SGB35952"	"Sex"	"M"	"SexM"	1.35144184136985	0.650963691051005	0.549057749266694	0.223487584717312	0.609635858005634	0.397028468911847	0.680620232420308	NA	"abundance"	50	35
"GGB28901_SGB41592"	"Site"	"Jejunum"	"SiteJejunum"	-0.98182457694533	-0.137729730603297	0.479687583557884	0.226188716781102	0.613253298993141	0.401216097963123	0.68490467306499	NA	"abundance"	50	5
"GGB28949_SGB41655"	"Sex"	"M"	"SexM"	-0.972514196500095	0	0.806800406045727	0.228050362464198	0.616427040357772	0.404093757108344	0.68490467306499	NA	"prevalence"	50	7
"Turicimonas_muris"	"Genotype"	"MUT"	"GenotypeMUT"	1.34611149486686	0.334397742924221	0.83099406112567	0.237712146371459	0.638672393263076	0.064457455734314	0.314922845746312	NA	"abundance"	50	28
"Oscillibacter_SGB43502"	"Site"	"Jejunum"	"SiteJejunum"	-1.70196598334432	0	1.44004792021246	0.237252727010518	0.638672393263076	0.237252727010518	0.595613540612179	NA	"prevalence"	50	3
"Bacillota_unclassified_SGB43546"	"Genotype"	"MUT"	"GenotypeMUT"	0.892765797680232	0.334397742924221	0.421023311004345	0.255652751374975	0.644795413250009	0.445947173464355	0.721671475629311	NA	"abundance"	50	9
"Eubacteriaceae_bacterium"	"Sex"	"M"	"SexM"	0.0380995572790323	0.650963691051005	0.532848062129466	0.278750160517899	0.644795413250009	0.00731207065427227	0.0807140050087797	NA	"abundance"	50	18
"Eubacteriaceae_bacterium"	"Site"	"Jejunum"	"SiteJejunum"	0.343953954556688	-0.137729730603297	0.429595841756915	0.286888366526489	0.644795413250009	0.491471798204741	0.771476047152475	NA	"abundance"	50	18
"GGB14001_SGB21428"	"Site"	"Jejunum"	"SiteJejunum"	0.349406200066323	-0.137729730603297	0.438594400128334	0.278602145454853	0.644795413250009	0.340081461148363	0.632488785486734	NA	"abundance"	50	44
"GGB24148_SGB35952"	"Genotype"	"MUT"	"GenotypeMUT"	-0.255322617703989	0.334397742924221	0.549813507021899	0.295289184092354	0.644795413250009	0.364046747220991	0.65334266172602	NA	"abundance"	50	35
"GGB25041_SGB36960"	"Site"	"Jejunum"	"SiteJejunum"	0.761780812903608	-0.137729730603297	0.724455830383562	0.24450352556656	0.644795413250009	0.429225077118642	0.71536895447103	NA	"abundance"	50	14
"GGB27478_SGB39772"	"Genotype"	"MUT"	"GenotypeMUT"	0.875984467389138	0.334397742924221	0.391762794774328	0.253603103455913	0.644795413250009	0.442891672829356	0.720252137391258	NA	"abundance"	50	8
"GGB27849_SGB40283"	"Genotype"	"MUT"	"GenotypeMUT"	-0.711837914855068	0.334397742924221	0.901053147409903	0.2577923677087	0.644795413250009	0.449127830568542	0.722457636303284	NA	"abundance"	50	28
"GGB27876_SGB40310"	"Sex"	"M"	"SexM"	-0.240440681717687	0.650963691051005	0.753466420260345	0.254086577705792	0.644795413250009	3.90217679054288e-05	0.00780435358108575	NA	"abundance"	50	27
"GGB28439_SGB41022"	"Genotype"	"MUT"	"GenotypeMUT"	-0.312820571623383	0.334397742924221	0.248508757832925	0.256803919842746	0.644795413250009	0.447659586438892	0.722031591030472	NA	"abundance"	50	4
"GGB28898_SGB41580"	"Sex"	"M"	"SexM"	-1.97429223056453	0.650963691051005	2.15278692658458	0.276716917129302	0.644795413250009	0.226194388518294	0.575286138589278	NA	"abundance"	50	9
"GGB30045_SGB42945"	"Genotype"	"MUT"	"GenotypeMUT"	-0.0295109597796872	0.334397742924221	0.308131706313247	0.270728023887841	0.644795413250009	0.122106443567638	0.430963918474017	NA	"abundance"	50	33
"GGB30461_SGB63209"	"Sex"	"M"	"SexM"	-0.421444476419534	0.650963691051005	0.936988780634448	0.297472601106737	0.644795413250009	0.0224808514912453	0.174437683304038	NA	"abundance"	50	10
"GGB42570_SGB59765"	"Sex"	"M"	"SexM"	1.59705086530474	0.650963691051005	0.78009335857519	0.265259822120985	0.644795413250009	0.0980871443192765	0.39866877636067	NA	"abundance"	50	12
"GGB75726_SGB102611"	"Genotype"	"MUT"	"GenotypeMUT"	1.81977958236828	0.334397742924221	1.2504424008699	0.279979262807856	0.644795413250009	0.481570138013282	0.764397044465527	NA	"abundance"	50	10
"Lactobacillus_johnsonii"	"Site"	"Jejunum"	"SiteJejunum"	-0.994944548719453	-0.137729730603297	0.760994760256776	0.271163247599063	0.644795413250009	0.326460450014574	0.626805054365961	NA	"abundance"	50	34
"Neglectibacter_sp_X4"	"Genotype"	"MUT"	"GenotypeMUT"	-0.493473631043053	0.334397742924221	0.710030413967653	0.270490135291678	0.644795413250009	0.164463961846463	0.490799967983157	NA	"abundance"	50	15
"Schaedlerella_arabinosiphila"	"Site"	"Jejunum"	"SiteJejunum"	-2.14367689382727	-0.137729730603297	1.49477914013501	0.272095160613155	0.644795413250009	0.470154544797211	0.750246614038103	NA	"abundance"	50	7
"Acetatifactor_aquisgranensis"	"Genotype"	"MUT"	"GenotypeMUT"	1.40324485409195	0	1.32851876097932	0.290855074162911	0.644795413250009	0.290855074162911	0.605155069852716	NA	"prevalence"	50	2
"Acetatifactor_aquisgranensis"	"Sex"	"M"	"SexM"	-1.38169505791591	0	1.32911195471753	0.298543167794006	0.644795413250009	0.298543167794006	0.605155069852716	NA	"prevalence"	50	2
"Acutalibacter_muris"	"Sex"	"M"	"SexM"	-0.762136918599369	0	0.704297431971931	0.279197581496603	0.644795413250009	0.13411805766364	0.457220651126047	NA	"prevalence"	50	11
"Adlercreutzia_muris"	"Site"	"Jejunum"	"SiteJejunum"	-0.811283146585549	0	0.765445353650086	0.289197456738064	0.644795413250009	0.494759744492364	0.771476047152475	NA	"prevalence"	50	38
"Anaerostipes_hominis"	"Genotype"	"MUT"	"GenotypeMUT"	1.43249360451504	0	1.3195778039264	0.277669436814221	0.644795413250009	0.277669436814221	0.605155069852716	NA	"prevalence"	50	2
"Atopobiaceae_bacterium_FL090493"	"Genotype"	"MUT"	"GenotypeMUT"	1.43249360451504	0	1.3195778039264	0.277669436814221	0.644795413250009	0.277669436814221	0.605155069852716	NA	"prevalence"	50	2
"Bacillota_unclassified_SGB43546"	"Genotype"	"MUT"	"GenotypeMUT"	0.815315790916975	0	0.74999531977405	0.276995046069504	0.644795413250009	0.445947173464355	0.721671475629311	NA	"prevalence"	50	9
"Bacteroidales_bacterium"	"Genotype"	"MUT"	"GenotypeMUT"	-0.809969432343567	0	0.712834158235045	0.255845129759576	0.644795413250009	0.446233529097457	0.721671475629311	NA	"prevalence"	50	28
"Bacteroides_intestinalis"	"Genotype"	"MUT"	"GenotypeMUT"	1.43249360451503	0	1.3195778039264	0.277669436814222	0.644795413250009	0.277669436814222	0.605155069852716	NA	"prevalence"	50	2
"Cutibacterium_acnes"	"Genotype"	"MUT"	"GenotypeMUT"	-1.43566671773658	0	1.3771456097692	0.297182476168232	0.644795413250009	0.297182476168232	0.605155069852716	NA	"prevalence"	50	2
"Duncaniella_freteri"	"Genotype"	"MUT"	"GenotypeMUT"	-0.813035127292827	0	0.76740135837347	0.289387914252442	0.644795413250009	0.495030463589505	0.771476047152475	NA	"prevalence"	50	9
"GGB27849_SGB40283"	"Genotype"	"MUT"	"GenotypeMUT"	-0.696915843003981	0	0.661954578268551	0.292425696265155	0.644795413250009	0.449127830568542	0.722457636303284	NA	"prevalence"	50	28
"GGB27860_SGB40294"	"Genotype"	"MUT"	"GenotypeMUT"	-0.696915843003981	0	0.661954578268551	0.292425696265155	0.644795413250009	0.49933860469415	0.774168379370775	NA	"prevalence"	50	28
"GGB27873_SGB41457"	"Sex"	"M"	"SexM"	-1.40571625840183	0	1.33493737671993	0.292331653516337	0.644795413250009	0.292331653516337	0.605155069852716	NA	"prevalence"	50	2
"GGB27884_SGB40318"	"Site"	"Jejunum"	"SiteJejunum"	-0.887898924999967	0	0.790557077867926	0.261381988925342	0.644795413250009	0.454443433716117	0.727109493945787	NA	"prevalence"	50	30
"GGB28317_SGB40889"	"Genotype"	"MUT"	"GenotypeMUT"	0.789297318019671	0	0.724978044484395	0.27627785311737	0.644795413250009	0.476226254111597	0.757919767816866	NA	"prevalence"	50	13
"GGB28394_SGB40975"	"Genotype"	"MUT"	"GenotypeMUT"	1.44136308128239	0	1.33696417635951	0.280995138387109	0.644795413250009	0.280995138387109	0.605155069852716	NA	"prevalence"	50	2
"GGB28419_SGB41002"	"Genotype"	"MUT"	"GenotypeMUT"	1.44136308128239	0	1.33696417635951	0.280995138387109	0.644795413250009	0.280995138387109	0.605155069852716	NA	"prevalence"	50	2
"GGB28421_SGB41004"	"Genotype"	"MUT"	"GenotypeMUT"	1.44136308128239	0	1.33696417635951	0.280995138387109	0.644795413250009	0.280995138387109	0.605155069852716	NA	"prevalence"	50	2
"GGB28814_SGB41469"	"Genotype"	"MUT"	"GenotypeMUT"	1.40324485409195	0	1.32851876097932	0.290855074162911	0.644795413250009	0.290855074162911	0.605155069852716	NA	"prevalence"	50	2
"GGB28814_SGB41469"	"Sex"	"M"	"SexM"	-1.38169505791591	0	1.32911195471753	0.298543167794006	0.644795413250009	0.298543167794006	0.605155069852716	NA	"prevalence"	50	2
"GGB28845_SGB41512"	"Genotype"	"MUT"	"GenotypeMUT"	-1.430917512494	0	1.36832077617506	0.295677800898954	0.644795413250009	0.295677800898954	0.605155069852716	NA	"prevalence"	50	2
"GGB28845_SGB41512"	"Sex"	"M"	"SexM"	-1.49251622996389	0	1.32997885116958	0.261772949758451	0.644795413250009	0.261772949758451	0.605155069852716	NA	"prevalence"	50	2
"GGB28865_SGB41537"	"Genotype"	"MUT"	"GenotypeMUT"	1.40324485409195	0	1.32851876097932	0.290855074162911	0.644795413250009	0.290855074162911	0.605155069852716	NA	"prevalence"	50	2
"GGB28865_SGB41537"	"Sex"	"M"	"SexM"	-1.38169505791591	0	1.32911195471753	0.298543167794006	0.644795413250009	0.298543167794006	0.605155069852716	NA	"prevalence"	50	2
"GGB28904_SGB41597"	"Site"	"Jejunum"	"SiteJejunum"	-0.77185379358956	0	0.720901919666682	0.284314258072569	0.644795413250009	0.487793918801782	0.768179399687846	NA	"prevalence"	50	12
"GGB28928_SGB41627"	"Genotype"	"MUT"	"GenotypeMUT"	1.40324485409195	0	1.32851876097932	0.290855074162911	0.644795413250009	0.290855074162911	0.605155069852716	NA	"prevalence"	50	2
"GGB28928_SGB41627"	"Sex"	"M"	"SexM"	-1.38169505791591	0	1.32911195471753	0.298543167794006	0.644795413250009	0.298543167794006	0.605155069852716	NA	"prevalence"	50	2
"GGB28942_SGB41646"	"Genotype"	"MUT"	"GenotypeMUT"	1.40324485409195	0	1.32851876097932	0.290855074162911	0.644795413250009	0.290855074162911	0.605155069852716	NA	"prevalence"	50	2
"GGB28942_SGB41646"	"Sex"	"M"	"SexM"	-1.38169505791591	0	1.32911195471753	0.298543167794006	0.644795413250009	0.298543167794006	0.605155069852716	NA	"prevalence"	50	2
"GGB28948_SGB41654"	"Genotype"	"MUT"	"GenotypeMUT"	1.40324485409195	0	1.32851876097932	0.290855074162911	0.644795413250009	0.290855074162911	0.605155069852716	NA	"prevalence"	50	2
"GGB28948_SGB41654"	"Sex"	"M"	"SexM"	-1.38169505791591	0	1.32911195471753	0.298543167794006	0.644795413250009	0.298543167794006	0.605155069852716	NA	"prevalence"	50	2
"GGB28949_SGB41655"	"Genotype"	"MUT"	"GenotypeMUT"	0.931463763625753	0	0.804606886209748	0.247001516774116	0.644795413250009	0.432993284259519	0.71536895447103	NA	"prevalence"	50	7
"GGB28957_SGB41666"	"Genotype"	"MUT"	"GenotypeMUT"	1.40324485409195	0	1.32851876097932	0.290855074162911	0.644795413250009	0.290855074162911	0.605155069852716	NA	"prevalence"	50	2
"GGB28957_SGB41666"	"Sex"	"M"	"SexM"	-1.38169505791591	0	1.32911195471753	0.298543167794006	0.644795413250009	0.298543167794006	0.605155069852716	NA	"prevalence"	50	2
"GGB28961_SGB41670"	"Genotype"	"MUT"	"GenotypeMUT"	1.40324485409195	0	1.32851876097932	0.290855074162911	0.644795413250009	0.290855074162911	0.605155069852716	NA	"prevalence"	50	2
"GGB28961_SGB41670"	"Sex"	"M"	"SexM"	-1.38169505791591	0	1.32911195471753	0.298543167794006	0.644795413250009	0.298543167794006	0.605155069852716	NA	"prevalence"	50	2
"GGB29003_SGB41719"	"Genotype"	"MUT"	"GenotypeMUT"	1.49811345378468	0	1.3548090619591	0.268824089835191	0.644795413250009	0.268824089835191	0.605155069852716	NA	"prevalence"	50	2
"GGB29531_SGB42317"	"Genotype"	"MUT"	"GenotypeMUT"	0.859450653906324	0	0.74694023352935	0.249885139620084	0.644795413250009	0.377577284433337	0.662416288479539	NA	"prevalence"	50	9
"GGB30147_SGB43074"	"Genotype"	"MUT"	"GenotypeMUT"	1.40324485409195	0	1.32851876097932	0.290855074162911	0.644795413250009	0.290855074162911	0.605155069852716	NA	"prevalence"	50	2
"GGB30147_SGB43074"	"Sex"	"M"	"SexM"	-1.38169505791591	0	1.32911195471753	0.298543167794006	0.644795413250009	0.298543167794006	0.605155069852716	NA	"prevalence"	50	2
"GGB30414_SGB43453"	"Genotype"	"MUT"	"GenotypeMUT"	1.43249360451503	0	1.3195778039264	0.277669436814222	0.644795413250009	0.277669436814222	0.605155069852716	NA	"prevalence"	50	2
"GGB30454_SGB43514"	"Sex"	"M"	"SexM"	1.1055174524236	0	0.982166555112801	0.260338844253802	0.644795413250009	0.260338844253802	0.605155069852716	NA	"prevalence"	50	5
"GGB30455_SGB43519"	"Genotype"	"MUT"	"GenotypeMUT"	0.818145599043023	0	0.716703842974852	0.253645569783112	0.644795413250009	0.442955064495624	0.720252137391258	NA	"prevalence"	50	9
"GGB30472_SGB43556"	"Genotype"	"MUT"	"GenotypeMUT"	1.40324485409195	0	1.32851876097932	0.290855074162911	0.644795413250009	0.290855074162911	0.605155069852716	NA	"prevalence"	50	2
"GGB30472_SGB43556"	"Sex"	"M"	"SexM"	-1.38169505791591	0	1.32911195471753	0.298543167794006	0.644795413250009	0.298543167794006	0.605155069852716	NA	"prevalence"	50	2
"GGB30667_SGB43809"	"Site"	"Jejunum"	"SiteJejunum"	-1.58486150117833	0	1.42322901484346	0.265464798083502	0.644795413250009	0.265464798083502	0.605155069852716	NA	"prevalence"	50	3
"GGB30861_SGB44083"	"Genotype"	"MUT"	"GenotypeMUT"	0.845984878819753	0	0.796502532692344	0.28817915507195	0.644795413250009	0.317383899351405	0.624361769215879	NA	"prevalence"	50	40
"GGB74408_SGB43542"	"Genotype"	"MUT"	"GenotypeMUT"	1.40324485409195	0	1.32851876097932	0.290855074162911	0.644795413250009	0.290855074162911	0.605155069852716	NA	"prevalence"	50	2
"GGB74408_SGB43542"	"Sex"	"M"	"SexM"	-1.38169505791591	0	1.32911195471753	0.298543167794006	0.644795413250009	0.298543167794006	0.605155069852716	NA	"prevalence"	50	2
"GGB75094_SGB102310"	"Genotype"	"MUT"	"GenotypeMUT"	1.40324485409195	0	1.32851876097932	0.290855074162911	0.644795413250009	0.290855074162911	0.605155069852716	NA	"prevalence"	50	2
"GGB75094_SGB102310"	"Sex"	"M"	"SexM"	-1.38169505791591	0	1.32911195471753	0.298543167794006	0.644795413250009	0.298543167794006	0.605155069852716	NA	"prevalence"	50	2
"GGB79741_SGB1950"	"Genotype"	"MUT"	"GenotypeMUT"	1.43249360451504	0	1.3195778039264	0.277669436814221	0.644795413250009	0.277669436814221	0.605155069852716	NA	"prevalence"	50	2
"GGB80032_SGB42945"	"Genotype"	"MUT"	"GenotypeMUT"	1.43249360451504	0	1.3195778039264	0.277669436814221	0.644795413250009	0.277669436814221	0.605155069852716	NA	"prevalence"	50	2
"Lachnospiraceae_bacterium_MD308"	"Genotype"	"MUT"	"GenotypeMUT"	1.43249360451504	0	1.3195778039264	0.277669436814221	0.644795413250009	0.277669436814221	0.605155069852716	NA	"prevalence"	50	2
"Lepagella_muris"	"Genotype"	"MUT"	"GenotypeMUT"	-0.704473751171266	0	0.655838833637587	0.282752404984375	0.644795413250009	0.485555887444302	0.766667190701529	NA	"prevalence"	50	26
"Ligilactobacillus_murinus"	"Site"	"Jejunum"	"SiteJejunum"	-0.661089314203515	0	0.629777094828613	0.293847083130764	0.644795413250009	0.374297260695352	0.660564357556597	NA	"prevalence"	50	34
"Oscillospiraceae_unclassified_SGB102175"	"Site"	"Jejunum"	"SiteJejunum"	-1.01205123068936	0	0.96081587636822	0.292192137404917	0.644795413250009	0.49900802964858	0.774168379370775	NA	"prevalence"	50	6
"Parabacteroides_distasonis"	"Genotype"	"MUT"	"GenotypeMUT"	1.43249360451503	0	1.3195778039264	0.277669436814222	0.644795413250009	0.277669436814222	0.605155069852716	NA	"prevalence"	50	2
"Parabacteroides_goldsteinii"	"Genotype"	"MUT"	"GenotypeMUT"	1.44136308128239	0	1.33696417635952	0.28099513838711	0.644795413250009	0.28099513838711	0.605155069852716	NA	"prevalence"	50	2
"Parabacteroides_SGB1950"	"Genotype"	"MUT"	"GenotypeMUT"	1.44136308128239	0	1.33696417635951	0.28099513838711	0.644795413250009	0.28099513838711	0.605155069852716	NA	"prevalence"	50	2
"Parasutterella_sp_NM82_D38"	"Genotype"	"MUT"	"GenotypeMUT"	1.43249360451504	0	1.3195778039264	0.277669436814221	0.644795413250009	0.277669436814221	0.605155069852716	NA	"prevalence"	50	2
"Schaedlerella_arabinosiphila"	"Genotype"	"MUT"	"GenotypeMUT"	0.960969548643026	0	0.82515813677414	0.244185663903946	0.644795413250009	0.294240155771867	0.605155069852716	NA	"prevalence"	50	7
"GGB28456_SGB41039"	"Site"	"Jejunum"	"SiteJejunum"	-1.51199386352997	0	1.45764816146613	0.299603920406104	0.645523422710737	0.299603920406104	0.605260445264857	NA	"prevalence"	50	3
"Clostridia_bacterium"	"Site"	"Jejunum"	"SiteJejunum"	-0.444208628515214	-0.137729730603297	0.280656507743018	0.308993973118107	0.656143126644519	0.5225106708129	0.805929055238407	NA	"abundance"	50	23
"Lachnospiraceae_unclassified_SGB41405"	"Sex"	"M"	"SexM"	-0.2473867116056	0.650963691051005	0.782153425320314	0.306503317458353	0.656143126644519	0.0444356361869599	0.274859605280164	NA	"abundance"	50	9
"GGB28394_SGB40975"	"Sex"	"M"	"SexM"	1.39466573884663	0	1.37494028798069	0.310417488165904	0.656143126644519	0.310417488165904	0.616723486422327	NA	"prevalence"	50	2
"GGB28419_SGB41002"	"Sex"	"M"	"SexM"	1.39466573884663	0	1.37494028798069	0.310417488165904	0.656143126644519	0.310417488165904	0.616723486422327	NA	"prevalence"	50	2
"GGB28421_SGB41004"	"Sex"	"M"	"SexM"	1.39466573884663	0	1.37494028798069	0.310417488165904	0.656143126644519	0.310417488165904	0.616723486422327	NA	"prevalence"	50	2
"Parabacteroides_goldsteinii"	"Sex"	"M"	"SexM"	1.39466573884663	0	1.37494028798069	0.310417488165905	0.656143126644519	0.310417488165905	0.616723486422327	NA	"prevalence"	50	2
"Parabacteroides_SGB1950"	"Sex"	"M"	"SexM"	1.39466573884663	0	1.37494028798069	0.310417488165903	0.656143126644519	0.310417488165903	0.616723486422327	NA	"prevalence"	50	2
"GGB28778_SGB41431"	"Site"	"Jejunum"	"SiteJejunum"	0.564053579128399	-0.137729730603297	0.642678350303114	0.312690023605845	0.656281178956268	0.527604996349067	0.810054604630067	NA	"abundance"	50	11
"Ligilactobacillus_murinus"	"Sex"	"M"	"SexM"	1.56711030521931	0.650963691051005	0.883822828930428	0.312544170743524	0.656281178956268	0.0656089261971484	0.314922845746312	NA	"abundance"	50	34
"GGB70518_SGB94950"	"Sex"	"M"	"SexM"	-0.869839824432104	0	0.860686458057919	0.312191176680572	0.656281178956268	0.312191176680572	0.618200349862518	NA	"prevalence"	50	6
"Bacteroidales_bacterium"	"Sex"	"M"	"SexM"	1.42219915260087	0.650963691051005	0.743322611130419	0.316241204348826	0.659082136166245	0.000259706263626973	0.0177503778952648	NA	"abundance"	50	28
"Lachnospiraceae_unclassified_SGB7275"	"Site"	"Jejunum"	"SiteJejunum"	-1.48518230648855	-0.137729730603297	1.2574358714868	0.314859280009537	0.659082136166245	0.53058219381095	0.810054604630067	NA	"abundance"	50	12
"GGB29003_SGB41719"	"Sex"	"M"	"SexM"	-1.3564970491637	0	1.35188196216665	0.315661236930268	0.659082136166245	0.315661236930268	0.623015599204475	NA	"prevalence"	50	2
"Bacillota_unclassified_SGB43549"	"Site"	"Jejunum"	"SiteJejunum"	-0.718679873347198	-0.137729730603297	0.310070076646894	0.325470568010734	0.661283112297472	0.545010045380239	0.812880523061346	NA	"abundance"	50	5
"GGB27480_SGB39776"	"Site"	"Jejunum"	"SiteJejunum"	0.562418194505983	-0.137729730603297	0.62449067454826	0.326193463465121	0.661283112297472	0.54598475132287	0.812880523061346	NA	"abundance"	50	8
"GGB30046_SGB42947"	"Site"	"Jejunum"	"SiteJejunum"	-0.437309029258305	-0.137729730603297	0.284250601191401	0.325591865784682	0.661283112297472	0.545173668504213	0.812880523061346	NA	"abundance"	50	25
"GGB30294_SGB43258"	"Sex"	"M"	"SexM"	-0.0576312460953499	0.650963691051005	0.677214921116142	0.323483515374866	0.661283112297472	0.0030235970795817	0.0562036547465388	NA	"abundance"	50	15
"GGB42570_SGB59765"	"Genotype"	"MUT"	"GenotypeMUT"	1.04278766519001	0.334397742924221	0.662951876299838	0.319993692298284	0.661283112297472	0.537591421485879	0.810439328873184	NA	"abundance"	50	12
"GGB75725_SGB102612"	"Site"	"Jejunum"	"SiteJejunum"	-0.667711980863247	-0.137729730603297	0.515134180189577	0.323968836867837	0.661283112297472	0.542981866474175	0.812880523061346	NA	"abundance"	50	19
"Lachnospiraceae_bacterium"	"Site"	"Jejunum"	"SiteJejunum"	0.310878400375927	-0.137729730603297	0.446877149895419	0.326029126608508	0.661283112297472	0.325656228964466	0.626805054365961	NA	"abundance"	50	44
"GGB28949_SGB41656"	"Site"	"Jejunum"	"SiteJejunum"	-0.978587726571671	0	0.981201276982493	0.318601262250504	0.661283112297472	0.535695760193394	0.810439328873184	NA	"prevalence"	50	6
"GGB29531_SGB42317"	"Site"	"Jejunum"	"SiteJejunum"	0.730687299032826	0	0.73440613741661	0.319767263773842	0.661283112297472	0.537283424566274	0.810439328873184	NA	"prevalence"	50	9
"GGB30454_SGB43514"	"Site"	"Jejunum"	"SiteJejunum"	-0.992981491633816	0	1.01071511933816	0.325876049278559	0.661283112297472	0.325876049278559	0.626805054365961	NA	"prevalence"	50	5
"GGB46162_SGB63930"	"Genotype"	"MUT"	"GenotypeMUT"	-0.630988461973384	0	0.636131089158458	0.321238613427567	0.661283112297472	0.080763857473874	0.367108443063064	NA	"prevalence"	50	18
"Muricaecibacterium_torontonense"	"Site"	"Jejunum"	"SiteJejunum"	-0.753832167215371	0	0.763467581674682	0.323456676386007	0.661283112297472	0.542289131273332	0.812880523061346	NA	"prevalence"	50	40
"Cutibacterium_acnes"	"Sex"	"M"	"SexM"	1.3473706491213	0	1.37457582772904	0.32698330336091	0.661381194099618	0.32698330336091	0.626805054365961	NA	"prevalence"	50	2
"GGB30045_SGB42945"	"Site"	"Jejunum"	"SiteJejunum"	-0.640672761456112	0	0.655792691252063	0.328596857051239	0.661871149676824	0.549217819638525	0.815670029166127	NA	"prevalence"	50	33
"Pseudomonas_aeruginosa"	"Sex"	"M"	"SexM"	1.33092417829795	0	1.3626515488481	0.328709550792414	0.661871149676824	0.328709550792414	0.628107421896332	NA	"prevalence"	50	2
"GGB27885_SGB40319"	"Site"	"Jejunum"	"SiteJejunum"	0.31632809892123	-0.137729730603297	0.449897686356187	0.331538464687601	0.663523833809204	0.55315917580779	0.8194950752708	NA	"abundance"	50	23
"Alistipes_muris"	"Sex"	"M"	"SexM"	-0.931349779285538	0	0.961066936149484	0.332505777704837	0.663523833809204	0.332505777704837	0.63134008424969	NA	"prevalence"	50	4
"Bacillota_unclassified_SGB63211"	"Site"	"Jejunum"	"SiteJejunum"	-0.701440673646017	0	0.722968564304313	0.33193538702365	0.663523833809204	0.361620858456052	0.65334266172602	NA	"prevalence"	50	14
"bacterium_1xD42_67"	"Sex"	"M"	"SexM"	-0.931349779285539	0	0.961066936149484	0.332505777704836	0.663523833809204	0.332505777704836	0.63134008424969	NA	"prevalence"	50	4
"Duncaniella_muricolitica"	"Site"	"Jejunum"	"SiteJejunum"	0.433394857301381	-0.137729730603297	0.585009445182128	0.339227733836738	0.667971608349604	0.563380012269468	0.820456328547769	NA	"abundance"	50	33
"GGB27849_SGB40283"	"Site"	"Jejunum"	"SiteJejunum"	0.59920955407114	-0.137729730603297	0.755648281208288	0.338669867881038	0.667971608349604	0.562642456351516	0.820456328547769	NA	"abundance"	50	28
"GGB28803_SGB41457"	"Site"	"Jejunum"	"SiteJejunum"	0.809282004777709	-0.137729730603297	0.754306029605029	0.33758293297331	0.667971608349604	0.561203629311757	0.820456328547769	NA	"abundance"	50	6
"GGB28439_SGB41022"	"Genotype"	"MUT"	"GenotypeMUT"	0.927525325713142	0	0.967435371209295	0.337686441037784	0.667971608349604	0.447659586438892	0.722031591030472	NA	"prevalence"	50	4
"GGB30294_SGB43258"	"Genotype"	"MUT"	"GenotypeMUT"	-0.662128383676768	0	0.692286646049577	0.338851629767547	0.667971608349604	0.191318877025376	0.519417765679755	NA	"prevalence"	50	15
"Pseudomonas_aeruginosa"	"Genotype"	"MUT"	"GenotypeMUT"	-1.31273638207767	0	1.36462455647733	0.336061545792349	0.667971608349604	0.336061545792349	0.63211931784123	NA	"prevalence"	50	2
"GGB1503_SGB2082"	"Genotype"	"MUT"	"GenotypeMUT"	-0.133990013047759	0.334397742924221	0.476142759636709	0.342624297845628	0.671694227864396	0.00406901336510792	0.0642475794490724	NA	"abundance"	50	29
"GGB30046_SGB42947"	"Site"	"Jejunum"	"SiteJejunum"	-0.672536224865126	0	0.7085010443205	0.342499499411813	0.671694227864396	0.545173668504213	0.812880523061346	NA	"prevalence"	50	25
"Parasutterella_muris"	"Genotype"	"MUT"	"GenotypeMUT"	0.756590612892193	0.334397742924221	0.426333391005993	0.345451931036219	0.675752461588392	0.185023769778125	0.50773629730405	NA	"abundance"	50	29
"GGB27929_SGB40368"	"Sex"	"M"	"SexM"	1.2078004307148	0.650963691051005	0.566046751811822	0.346857923440971	0.677018091267715	0.573405427828159	0.830551776413153	NA	"abundance"	50	30
"GGB27876_SGB40310"	"Genotype"	"MUT"	"GenotypeMUT"	-0.755543762893224	0	0.804523813767596	0.347669545924586	0.677120600359674	0.574464978685764	0.830551776413153	NA	"prevalence"	50	27
"GGB27884_SGB40318"	"Site"	"Jejunum"	"SiteJejunum"	0.444780457095894	-0.137729730603297	0.610505073461247	0.34940797550577	0.679023778107074	0.454443433716117	0.727109493945787	NA	"abundance"	50	30
"GGB25041_SGB36960"	"Sex"	"M"	"SexM"	-0.124078004700281	0.650963691051005	0.790678564349817	0.351834073228201	0.682252159390338	0.10941476330703	0.407756881889552	NA	"abundance"	50	14
"GGB28380_SGB40960"	"Genotype"	"MUT"	"GenotypeMUT"	0.909113460262802	0	0.988567358946002	0.357767592926049	0.692253129913309	0.357767592926049	0.65334266172602	NA	"prevalence"	50	4
"Clostridiaceae_bacterium"	"Sex"	"M"	"SexM"	0.0395110904228121	0.650963691051005	0.62814893357083	0.36407112694219	0.694094249565622	0.0072179197353665	0.0807140050087797	NA	"abundance"	50	16
"GGB27860_SGB40294"	"Genotype"	"MUT"	"GenotypeMUT"	-0.240085327226687	0.334397742924221	0.612949308656012	0.360498575678112	0.694094249565622	0.49933860469415	0.774168379370775	NA	"abundance"	50	28
"Turicimonas_muris"	"Sex"	"M"	"SexM"	1.4532544291446	0.650963691051005	0.859363758360512	0.364284631030845	0.694094249565622	0.00457867258050256	0.0686800887075384	NA	"abundance"	50	28
"Acutalibacter_sp_1XD8_33"	"Site"	"Jejunum"	"SiteJejunum"	0.880906320272695	0	0.972319654095565	0.364944173818696	0.694094249565622	0.364944173818696	0.65334266172602	NA	"prevalence"	50	5
"Cutibacterium_acnes"	"Site"	"Jejunum"	"SiteJejunum"	-1.34593340095574	0	1.47496765537939	0.361496502974632	0.694094249565622	0.361496502974632	0.65334266172602	NA	"prevalence"	50	2
"GGB30475_SGB63182"	"Site"	"Jejunum"	"SiteJejunum"	-0.732661537212679	0	0.808098228518887	0.364592384409696	0.694094249565622	0.364592384409696	0.65334266172602	NA	"prevalence"	50	10
"GGB74395_SGB43523"	"Genotype"	"MUT"	"GenotypeMUT"	0.902364819069257	0	0.992465473957786	0.363236476023509	0.694094249565622	0.363236476023509	0.65334266172602	NA	"prevalence"	50	4
"Lachnospiraceae_bacterium_A2"	"Site"	"Jejunum"	"SiteJejunum"	0.8809063202727	0	0.972319654095567	0.364944173818695	0.694094249565622	0.364944173818695	0.65334266172602	NA	"prevalence"	50	5
"GGB75879_SGB103683"	"Site"	"Jejunum"	"SiteJejunum"	-0.647419171264914	0	0.71682070914166	0.366429598481144	0.695436599670596	0.598588546319235	0.859218009070672	NA	"prevalence"	50	27
"GGB75879_SGB103683"	"Genotype"	"MUT"	"GenotypeMUT"	-0.545528793499687	0.334397742924221	0.966170094853548	0.371271513102971	0.703129914411572	0.00285821900429127	0.0553203678249924	NA	"abundance"	50	27
"Clostridiaceae_bacterium"	"Site"	"Jejunum"	"SiteJejunum"	0.280999772564447	-0.137729730603297	0.447736045269913	0.372841771059083	0.703505846870593	0.606672555871692	0.864965530538354	NA	"abundance"	50	16
"Lactobacillus_intestinalis"	"Genotype"	"MUT"	"GenotypeMUT"	0.856344316622574	0.334397742924221	0.569785746883959	0.376990801349936	0.703505846870593	0.0573631589223254	0.313791351241888	NA	"abundance"	50	21
"Anaerostipes_hominis_ex_Lee_et_al_2021"	"Sex"	"M"	"SexM"	-0.877800309835251	0	0.98987479234197	0.375197824427023	0.703505846870593	0.375197824427023	0.660564357556597	NA	"prevalence"	50	4
"Bacillota_unclassified_SGB43549"	"Site"	"Jejunum"	"SiteJejunum"	-0.862703098416555	0	0.976108571593319	0.376794040495493	0.703505846870593	0.545010045380239	0.812880523061346	NA	"prevalence"	50	5
"Bacteroides_caecimuris"	"Sex"	"M"	"SexM"	0.886833818284795	0	1.00052865016936	0.375420743211333	0.703505846870593	0.375420743211333	0.660564357556597	NA	"prevalence"	50	4
"GGB42322_SGB59489"	"Sex"	"M"	"SexM"	0.886833818284795	0	1.00052865016936	0.375420743211333	0.703505846870593	0.375420743211333	0.660564357556597	NA	"prevalence"	50	4
"Pseudoflavonifractor_sp_524_17"	"Sex"	"M"	"SexM"	0.886833818284795	0	1.00052865016936	0.375420743211333	0.703505846870593	0.375420743211333	0.660564357556597	NA	"prevalence"	50	4
"GGB28949_SGB41656"	"Site"	"Jejunum"	"SiteJejunum"	-1.58513249087828	-0.137729730603297	1.40652234848837	0.378625942026076	0.705082130036033	0.535695760193394	0.810439328873184	NA	"abundance"	50	6
"Coriobacteriaceae_bacterium"	"Genotype"	"MUT"	"GenotypeMUT"	1.06863856787499	0.334397742924221	0.834514997514308	0.387405640061596	0.716941557956315	0.0575284143943462	0.313791351241888	NA	"abundance"	50	31
"GGB27929_SGB40368"	"Genotype"	"MUT"	"GenotypeMUT"	0.494317306542603	0	0.570918455734823	0.386584374759167	0.716941557956315	0.251991292286613	0.605155069852716	NA	"prevalence"	50	30
"GGB27929_SGB40368"	"Sex"	"M"	"SexM"	-0.493522189787485	0	0.570395003687408	0.386913216015228	0.716941557956315	0.573405427828159	0.830551776413153	NA	"prevalence"	50	30
"Muribaculum_intestinale"	"Sex"	"M"	"SexM"	0.185868797449504	0.650963691051005	0.519419785587154	0.388295196296227	0.717100031255144	0.00151447088410906	0.0353403099477701	NA	"abundance"	50	34
"GGB46162_SGB63930"	"Sex"	"M"	"SexM"	1.07700506239534	0.650963691051005	0.46018810521876	0.389346552513182	0.717556043061484	0.100521586019555	0.399545168392632	NA	"abundance"	50	18
"GGB28870_SGB41545"	"Site"	"Jejunum"	"SiteJejunum"	0.885334330072587	0	1.03211057755584	0.391008326766421	0.719132840155974	0.391008326766421	0.67607189061979	NA	"prevalence"	50	3
"GGB27770_SGB40184"	"Site"	"Jejunum"	"SiteJejunum"	-1.23993786219273	0	1.44890470408134	0.392121696559478	0.719696611792293	0.392121696559478	0.67607189061979	NA	"prevalence"	50	2
"GGB28901_SGB41592"	"Site"	"Jejunum"	"SiteJejunum"	0.725816972873441	0	0.851233282408361	0.393845010225867	0.721375254869555	0.401216097963123	0.68490467306499	NA	"prevalence"	50	5
"Alistipes_timonensis"	"Sex"	"M"	"SexM"	-0.709297565388875	0	0.836339651689532	0.396383675373595	0.724095350569193	0.63564733264451	0.886949766480712	NA	"prevalence"	50	6
"Blautia_pseudococcoides"	"Sex"	"M"	"SexM"	-0.732958975575665	0	0.865282812846389	0.396953617072125	0.724095350569193	0.396953617072125	0.680620232420308	NA	"prevalence"	50	6
"GGB42598_SGB59794"	"Site"	"Jejunum"	"SiteJejunum"	0.570659584277302	-0.137729730603297	0.823851261565949	0.400246100478094	0.728611268625428	0.640295260008267	0.888181773973081	NA	"abundance"	50	23
"Acutalibacter_caecimuris"	"Genotype"	"MUT"	"GenotypeMUT"	0.723107874650254	0	0.863973788046078	0.402617412205548	0.731383066815608	0.402617412205548	0.68490467306499	NA	"prevalence"	50	6
"GGB28439_SGB41022"	"Sex"	"M"	"SexM"	0.8161319129822	0	0.976761131766486	0.403408597391569	0.731383066815608	0.403408597391569	0.68490467306499	NA	"prevalence"	50	4
"GGB30461_SGB63209"	"Site"	"Jejunum"	"SiteJejunum"	-0.634543989250514	0	0.767065959467098	0.408103744189054	0.73839460409054	0.649658822356983	0.890288729220012	NA	"prevalence"	50	10
"GGB27482_SGB39778"	"Genotype"	"MUT"	"GenotypeMUT"	-0.538236803997693	0	0.651976225514264	0.409061296196637	0.738628899205264	0.650791448347201	0.890288729220012	NA	"prevalence"	50	19
"Muribaculaceae_bacterium"	"Genotype"	"MUT"	"GenotypeMUT"	-0.148567977596515	0.334397742924221	0.5761139599596	0.411207987323337	0.74100510038872	0.287601236087433	0.605155069852716	NA	"abundance"	50	29
"GGB75725_SGB102612"	"Site"	"Jejunum"	"SiteJejunum"	0.605203628158814	0	0.739706071046248	0.413261425633226	0.741708635140518	0.542981866474175	0.812880523061346	NA	"prevalence"	50	19
"GGB75726_SGB102611"	"Site"	"Jejunum"	"SiteJejunum"	-0.633614924019219	0	0.773518420779071	0.41271019703908	0.741708635140518	0.655090687338124	0.890288729220012	NA	"prevalence"	50	10
"Turicimonas_muris"	"Site"	"Jejunum"	"SiteJejunum"	0.441155584716177	-0.137729730603297	0.696809703590855	0.414592120088368	0.742602753250652	0.657297614137369	0.890288729220012	NA	"abundance"	50	28
"GGB28793_SGB41446"	"Site"	"Jejunum"	"SiteJejunum"	0.860629239903994	0	1.06056819764408	0.417090420787575	0.742604102480075	0.417090420787575	0.700992303844665	NA	"prevalence"	50	3
"GGB28934_SGB41635"	"Site"	"Jejunum"	"SiteJejunum"	0.860629239903992	0	1.06056819764408	0.417090420787576	0.742604102480075	0.417090420787576	0.700992303844665	NA	"prevalence"	50	3
"GGB75104_SGB102231"	"Site"	"Jejunum"	"SiteJejunum"	0.860629239903993	0	1.06056819764408	0.417090420787575	0.742604102480075	0.417090420787575	0.700992303844665	NA	"prevalence"	50	3
"Bacillota_unclassified_SGB63211"	"Genotype"	"MUT"	"GenotypeMUT"	0.853956568850037	0.334397742924221	0.613670618815137	0.420110950936011	0.746491968595462	0.00726433022977912	0.0807140050087797	NA	"abundance"	50	14
"GGB28925_SGB41622"	"Sex"	"M"	"SexM"	0.823193075928237	0	1.02583938143766	0.422288041750646	0.748868654555818	0.422288041750646	0.707745321369798	NA	"prevalence"	50	4
"Duncaniella_dubosii"	"Site"	"Jejunum"	"SiteJejunum"	0.441553487949827	-0.137729730603297	0.708532919503726	0.423284592046935	0.749109272847877	0.66739933822953	0.890288729220012	NA	"abundance"	50	24
"GGB28898_SGB41580"	"Genotype"	"MUT"	"GenotypeMUT"	-0.896709164099857	0.334397742924221	1.42393470836346	0.425712110229427	0.749109272847877	0.670193419662862	0.890288729220012	NA	"abundance"	50	9
"Neglectibacter_caecimuris"	"Genotype"	"MUT"	"GenotypeMUT"	-1.24736346247476	0.334397742924221	1.24978239549565	0.425704479495447	0.749109272847877	0.670184655128405	0.890288729220012	NA	"abundance"	50	5
"Adlercreutzia_aquisgranensis"	"Site"	"Jejunum"	"SiteJejunum"	-0.593504019364786	0	0.745206814929972	0.42578296113663	0.749109272847877	0.670274792278983	0.890288729220012	NA	"prevalence"	50	29
"Acutalibacter_intestini"	"Genotype"	"MUT"	"GenotypeMUT"	-0.381044513276884	0.334397742924221	0.844196146806431	0.428471778815863	0.749993363211516	0.291407877555729	0.605155069852716	NA	"abundance"	50	10
"Bacillota_unclassified_SGB43549"	"Genotype"	"MUT"	"GenotypeMUT"	-0.0228514611657185	0.334397742924221	0.268528563329598	0.432205849046222	0.749993363211516	0.677609802142679	0.890288729220012	NA	"abundance"	50	5
"Clostridiales_bacterium"	"Genotype"	"MUT"	"GenotypeMUT"	-0.709916610849786	0.334397742924221	1.26895997538013	0.435948408083086	0.749993363211516	0.113041585691074	0.416103996408863	NA	"abundance"	50	11
"GGB28310_SGB40880"	"Site"	"Jejunum"	"SiteJejunum"	0.193737730740136	-0.137729730603297	0.417835198773155	0.43628105145752	0.749993363211516	0.340081461148363	0.632488785486734	NA	"abundance"	50	44
"Bacillota_unclassified_SGB63211"	"Sex"	"M"	"SexM"	-0.540279622131756	0	0.688533974502526	0.432640544941665	0.749993363211516	0.67810324875591	0.890288729220012	NA	"prevalence"	50	14
"Clostridia_bacterium"	"Site"	"Jejunum"	"SiteJejunum"	-0.48831038835072	0	0.6246201291107	0.434348710183961	0.749993363211516	0.5225106708129	0.805929055238407	NA	"prevalence"	50	23
"GGB28394_SGB40975"	"Site"	"Jejunum"	"SiteJejunum"	-1.14655436791024	0	1.47241105963672	0.436161307819469	0.749993363211516	0.436161307819469	0.71536895447103	NA	"prevalence"	50	2
"GGB28419_SGB41002"	"Site"	"Jejunum"	"SiteJejunum"	-1.14655436791024	0	1.47241105963672	0.436161307819469	0.749993363211516	0.436161307819469	0.71536895447103	NA	"prevalence"	50	2
"GGB28421_SGB41004"	"Site"	"Jejunum"	"SiteJejunum"	-1.14655436791024	0	1.47241105963672	0.436161307819469	0.749993363211516	0.436161307819469	0.71536895447103	NA	"prevalence"	50	2
"GGB30454_SGB43516"	"Genotype"	"MUT"	"GenotypeMUT"	0.622161979789017	0	0.799355993541139	0.436375062227328	0.749993363211516	0.436375062227328	0.71536895447103	NA	"prevalence"	50	8
"Parabacteroides_goldsteinii"	"Site"	"Jejunum"	"SiteJejunum"	-1.14655436791023	0	1.47241105963672	0.43616130781947	0.749993363211516	0.43616130781947	0.71536895447103	NA	"prevalence"	50	2
"Parabacteroides_SGB1950"	"Site"	"Jejunum"	"SiteJejunum"	-1.14655436791024	0	1.47241105963671	0.436161307819469	0.749993363211516	0.436161307819469	0.71536895447103	NA	"prevalence"	50	2
"GGB30475_SGB63182"	"Genotype"	"MUT"	"GenotypeMUT"	-0.604536749233203	0	0.78210165472136	0.439543439854919	0.753986054520361	0.439543439854919	0.718599629190603	NA	"prevalence"	50	10
"Acutalibacter_intestini"	"Sex"	"M"	"SexM"	1.34714064675394	0.650963691051005	0.84419614680643	0.444576662171694	0.759172225921542	0.291908808052273	0.605155069852716	NA	"abundance"	50	10
"GGB28898_SGB41580"	"Site"	"Jejunum"	"SiteJejunum"	-2.32049073513503	-0.137729730603297	2.63661474753332	0.445120038292563	0.759172225921542	0.17331855650359	0.492848975839592	NA	"abundance"	50	9
"GGB9439_SGB42949"	"Site"	"Jejunum"	"SiteJejunum"	-0.507501791920017	0	0.663718025698631	0.444489137581656	0.759172225921542	0.691407681735227	0.90380089115716	NA	"prevalence"	50	32
"GGB24132_SGB35935"	"Site"	"Jejunum"	"SiteJejunum"	-0.71215784181999	0	0.94261461681334	0.4499410793511	0.764471319583202	0.697435183814567	0.904473768638085	NA	"prevalence"	50	33
"Muribaculum_gordoncarteri"	"Site"	"Jejunum"	"SiteJejunum"	-0.71215784181999	0	0.94261461681334	0.4499410793511	0.764471319583202	0.697435183814567	0.904473768638085	NA	"prevalence"	50	33
"GGB28870_SGB41546"	"Site"	"Jejunum"	"SiteJejunum"	-0.751806414581488	0	0.997319234855302	0.450952959956112	0.764733916883749	0.450952959956112	0.723453946453656	NA	"prevalence"	50	5
"GGB27482_SGB39778"	"Site"	"Jejunum"	"SiteJejunum"	0.491119404240702	0	0.652755158480611	0.45182305116587	0.764755524933504	0.699502032766904	0.904473768638085	NA	"prevalence"	50	19
"GGB27861_SGB40295"	"Genotype"	"MUT"	"GenotypeMUT"	-0.468915162700305	0	0.625184193198062	0.45322867741754	0.765681780788723	0.701041120801428	0.904473768638085	NA	"prevalence"	50	17
"GGB27876_SGB40310"	"Genotype"	"MUT"	"GenotypeMUT"	-0.11324295379425	0.334397742924221	0.589213063693117	0.458030954383406	0.770874738320751	0.574464978685764	0.830551776413153	NA	"abundance"	50	27
"GGB28382_SGB40962"	"Site"	"Jejunum"	"SiteJejunum"	-0.626763149194421	0	0.843045699507492	0.457208690871545	0.770874738320751	0.705377594734618	0.904473768638085	NA	"prevalence"	50	8
"GGB45514_SGB63186"	"Sex"	"M"	"SexM"	-0.540813209494191	0	0.732036768490318	0.460041356821545	0.771573085367642	0.708444663656881	0.904473768638085	NA	"prevalence"	50	10
"GGB75726_SGB102611"	"Genotype"	"MUT"	"GenotypeMUT"	0.543497172091833	0	0.737693590519125	0.461273224256384	0.771961943783668	0.481570138013282	0.764397044465527	NA	"prevalence"	50	10
"GGB42570_SGB59765"	"Site"	"Jejunum"	"SiteJejunum"	0.487719216170108	0	0.664568633328189	0.463016752723967	0.773428733014566	0.125064747590412	0.435997989758594	NA	"prevalence"	50	12
"Limosilactobacillus_reuteri"	"Site"	"Jejunum"	"SiteJejunum"	-0.469692385266779	0	0.641323372176503	0.463936687326535	0.773516869336951	0.712636124805551	0.904473768638085	NA	"prevalence"	50	30
"Clostridiaceae_bacterium"	"Genotype"	"MUT"	"GenotypeMUT"	0.47545132722078	0	0.651956565799719	0.465837492762447	0.7737933771771	0.714670415861691	0.904473768638085	NA	"prevalence"	50	16
"GGB25041_SGB36960"	"Genotype"	"MUT"	"GenotypeMUT"	0.462294279429301	0	0.632778235708775	0.465036546830472	0.7737933771771	0.713814103772935	0.904473768638085	NA	"prevalence"	50	14
"Coriobacteriaceae_bacterium"	"Site"	"Jejunum"	"SiteJejunum"	-0.582387937046522	0	0.81359026706683	0.47409965328598	0.786053700243669	0.723428825326073	0.911885073940429	NA	"prevalence"	50	31
"Faecalibaculum_rodentium"	"Sex"	"M"	"SexM"	0.428188203200026	0.650963691051005	0.287624167984192	0.483176924116618	0.799617469966648	0.483176924116618	0.764923890422086	NA	"abundance"	50	50
"GGB28949_SGB41655"	"Site"	"Jejunum"	"SiteJejunum"	-0.621835287914629	-0.137729730603297	0.607592739929012	0.48475869771887	0.800749552528208	0.734526400423645	0.92393257914924	NA	"abundance"	50	7
"Muribaculum_gordoncarteri"	"Site"	"Jejunum"	"SiteJejunum"	0.0975036840967571	-0.137729730603297	0.32682067879259	0.486304885147584	0.801818775511359	0.697435183814567	0.904473768638085	NA	"abundance"	50	33
"Bacillota_unclassified_SGB63211"	"Sex"	"M"	"SexM"	0.974368022647509	0.650963691051005	0.430579789955939	0.489232910947145	0.803939235132987	0.67810324875591	0.890288729220012	NA	"abundance"	50	14
"GGB27860_SGB40294"	"Sex"	"M"	"SexM"	1.12972421166996	0.650963691051005	0.672885523546672	0.489393503001359	0.803939235132987	0.00116204699331572	0.0316921907267925	NA	"abundance"	50	28
"Lactobacillus_johnsonii"	"Sex"	"M"	"SexM"	0.118177545878582	0.650963691051005	0.766300388719208	0.493188099006935	0.807712105456043	0.00319976354144172	0.0562865097237629	NA	"abundance"	50	34
"Limosilactobacillus_reuteri"	"Site"	"Jejunum"	"SiteJejunum"	0.435116226934183	-0.137729730603297	0.826696115744405	0.494173478767736	0.807712105456043	0.712636124805551	0.904473768638085	NA	"abundance"	50	30
"GGB30461_SGB63204"	"Site"	"Jejunum"	"SiteJejunum"	-0.726223198102669	0	1.06279150940309	0.494406737196188	0.807712105456043	0.494406737196188	0.771476047152475	NA	"prevalence"	50	5
"GGB27480_SGB39776"	"Genotype"	"MUT"	"GenotypeMUT"	-0.510697771751281	0	0.750494747358848	0.496199648448081	0.807976367340554	0.746185205776162	0.934678754625673	NA	"prevalence"	50	8
"Schaedlerella_arabinosiphila"	"Site"	"Jejunum"	"SiteJejunum"	-0.578553934889882	0	0.850568923285531	0.496380100115049	0.807976367340554	0.470154544797211	0.750246614038103	NA	"prevalence"	50	7
"GGB75726_SGB102611"	"Site"	"Jejunum"	"SiteJejunum"	-1.03033204826326	-0.137729730603297	1.2504424008699	0.500977636677875	0.812078073503398	0.655090687338124	0.890288729220012	NA	"abundance"	50	10
"GGB9439_SGB42949"	"Site"	"Jejunum"	"SiteJejunum"	-0.330076036501611	-0.137729730603297	0.271273336476619	0.501587113628615	0.812078073503398	0.691407681735227	0.90380089115716	NA	"abundance"	50	32
"Duncaniella_muricolitica"	"Sex"	"M"	"SexM"	-0.389803847842143	0	0.582607067453025	0.503451989514999	0.812078073503398	0.753440073283387	0.936010790858648	NA	"prevalence"	50	33
"Duncaniella_muris"	"Genotype"	"MUT"	"GenotypeMUT"	-0.41360517489003	0	0.61771523676465	0.503130308670454	0.812078073503398	0.753120509838082	0.936010790858648	NA	"prevalence"	50	23
"GGB24148_SGB35952"	"Sex"	"M"	"SexM"	-0.409302054186816	0	0.610307919361508	0.502444516026511	0.812078073503398	0.397028468911847	0.680620232420308	NA	"prevalence"	50	35
"Duncaniella_dubosii"	"Site"	"Jejunum"	"SiteJejunum"	0.447641600512677	0	0.671648838369425	0.505103313057471	0.813271038352462	0.66739933822953	0.890288729220012	NA	"prevalence"	50	24
"GGB27919_SGB40357"	"Genotype"	"MUT"	"GenotypeMUT"	-0.194889471050993	0.334397742924221	0.795545944968417	0.511026833465505	0.821326009822037	0.00599396075325302	0.0749245094156627	NA	"abundance"	50	28
"Adlercreutzia_muris"	"Genotype"	"MUT"	"GenotypeMUT"	0.556906258667847	0.334397742924221	0.321644925034734	0.51304625073436	0.823088589307642	0.762876046076136	0.936010790858648	NA	"abundance"	50	38
"Coriobacteriaceae_bacterium"	"Site"	"Jejunum"	"SiteJejunum"	0.388708665793466	-0.137729730603297	0.802511917489493	0.517500466682779	0.827258810539496	0.723428825326073	0.911885073940429	NA	"abundance"	50	31
"Lactobacillus_intestinalis"	"Site"	"Jejunum"	"SiteJejunum"	-0.489006127428907	-0.137729730603297	0.529983001594195	0.517386674955239	0.827258810539496	0.76708437848924	0.936010790858648	NA	"abundance"	50	21
"GGB27876_SGB40310"	"Site"	"Jejunum"	"SiteJejunum"	0.506050012133619	0	0.78645455092044	0.519927338756126	0.828169975304401	0.769530239926225	0.936010790858648	NA	"prevalence"	50	27
"GGB73359_SGB46611"	"Site"	"Jejunum"	"SiteJejunum"	-0.651807034997474	0	1.01093956705575	0.519086804926449	0.828169975304401	0.519086804926449	0.802711554009972	NA	"prevalence"	50	4
"Lachnospiraceae_unclassified_SGB7275"	"Sex"	"M"	"SexM"	-0.132521235309642	0.650963691051005	1.17060908993917	0.52116443408947	0.828660740120868	0.770716500819142	0.936010790858648	NA	"abundance"	50	12
"Duncaniella_muris"	"Site"	"Jejunum"	"SiteJejunum"	0.216220702396724	-0.137729730603297	0.553102375685122	0.531413218684394	0.830975104168208	0.226257916602552	0.575286138589278	NA	"abundance"	50	23
"Faecalibaculum_rodentium"	"Site"	"Jejunum"	"SiteJejunum"	-0.330961837127207	-0.137729730603297	0.29345613981393	0.530194888300143	0.830975104168208	0.530194888300143	0.810054604630067	NA	"abundance"	50	50
"GGB29531_SGB42317"	"Site"	"Jejunum"	"SiteJejunum"	-0.677594658890256	-0.137729730603297	0.793594711917378	0.526364528781712	0.830975104168208	0.537283424566274	0.810439328873184	NA	"abundance"	50	9
"GGB45514_SGB63186"	"Site"	"Jejunum"	"SiteJejunum"	-1.54231525453616	-0.137729730603297	2.11821251562375	0.530969506278595	0.830975104168208	0.780010395959455	0.938084082204886	NA	"abundance"	50	10
"Lepagella_muris"	"Genotype"	"MUT"	"GenotypeMUT"	-0.148673011317776	0.334397742924221	0.758847725509806	0.530369932337195	0.830975104168208	0.485555887444302	0.766667190701529	NA	"abundance"	50	26
"Flintibacter_SGB43538"	"Site"	"Jejunum"	"SiteJejunum"	-0.634556492632692	0	1.01520326797436	0.531935857040411	0.830975104168208	0.531935857040411	0.810054604630067	NA	"prevalence"	50	4
"GGB28949_SGB41655"	"Site"	"Jejunum"	"SiteJejunum"	-0.518768643399862	0	0.829115351024466	0.531518721368021	0.830975104168208	0.734526400423645	0.92393257914924	NA	"prevalence"	50	7
"GGB30461_SGB63208"	"Site"	"Jejunum"	"SiteJejunum"	-0.634556492632693	0	1.01520326797436	0.531935857040411	0.830975104168208	0.531935857040411	0.810054604630067	NA	"prevalence"	50	4
"Neglectibacter_sp_X4"	"Site"	"Jejunum"	"SiteJejunum"	0.448153169973768	0	0.714016244049932	0.530232444112134	0.830975104168208	0.779318443435141	0.938084082204886	NA	"prevalence"	50	15
"Parvibacter_caecicola"	"Site"	"Jejunum"	"SiteJejunum"	0.480635865612133	0	0.755583232998715	0.524703162316347	0.830975104168208	0.322445670421506	0.626805054365961	NA	"prevalence"	50	22
"GGB27478_SGB39772"	"Site"	"Jejunum"	"SiteJejunum"	-0.368801303747016	-0.137729730603297	0.334096433949451	0.535892282927359	0.834233710944511	0.784604026953622	0.940131507454892	NA	"abundance"	50	8
"GGB74395_SGB43523"	"Site"	"Jejunum"	"SiteJejunum"	-0.636781580154896	0	1.02817473052287	0.535697624232403	0.834233710944511	0.535697624232403	0.810439328873184	NA	"prevalence"	50	4
"Bifidobacterium_pseudolongum"	"Sex"	"M"	"SexM"	1.04499629323496	0.650963691051005	0.626601187485412	0.539743220381454	0.837306004487404	0.0643419242368197	0.314922845746312	NA	"abundance"	50	39
"Duncaniella_freteri"	"Site"	"Jejunum"	"SiteJejunum"	0.524669269095681	-0.137729730603297	1.00843674061484	0.539100793938976	0.837306004487404	0.787571921852317	0.941321022134244	NA	"abundance"	50	9
"GGB28317_SGB40889"	"Sex"	"M"	"SexM"	0.0229346426874384	0.650963691051005	1.00419400713565	0.550797616343536	0.852971308643114	0.00436177865693984	0.0671042870298436	NA	"abundance"	50	13
"GGB30667_SGB43809"	"Sex"	"M"	"SexM"	-0.603328833730509	0	1.02439334679382	0.555886713113248	0.859360395315454	0.555886713113248	0.820456328547769	NA	"prevalence"	50	3
"Lepagella_muris"	"Site"	"Jejunum"	"SiteJejunum"	0.248674928080039	-0.137729730603297	0.648296638186683	0.556902249699599	0.859440842096959	0.803664383678724	0.943858764156814	NA	"abundance"	50	26
"Bacillota_unclassified_SGB43543"	"Site"	"Jejunum"	"SiteJejunum"	-0.468994954953928	0	0.801074273647943	0.558240124308374	0.860017600834316	0.558240124308374	0.820456328547769	NA	"prevalence"	50	10
"Alistipes_muris"	"Site"	"Jejunum"	"SiteJejunum"	-0.577418027013303	0	0.993661146007511	0.561172017526079	0.860824287769751	0.561172017526079	0.820456328547769	NA	"prevalence"	50	4
"bacterium_1xD42_67"	"Site"	"Jejunum"	"SiteJejunum"	-0.5774180270133	0	0.993661146007509	0.561172017526081	0.860824287769751	0.561172017526081	0.820456328547769	NA	"prevalence"	50	4
"Lactobacillus_intestinalis"	"Site"	"Jejunum"	"SiteJejunum"	-0.443798147738584	0	0.7646692214728	0.561658896280263	0.860824287769751	0.76708437848924	0.936010790858648	NA	"prevalence"	50	21
"GGB28904_SGB41597"	"Genotype"	"MUT"	"GenotypeMUT"	-0.44336973706429	0.334397742924221	1.29513863665949	0.563139056057335	0.861612415099731	0.0963830275585184	0.39866877636067	NA	"abundance"	50	12
"GGB75726_SGB102611"	"Sex"	"M"	"SexM"	1.72562777228746	0.650963691051005	1.76839260227658	0.564700465413976	0.862361604021714	0.0227602564412163	0.174437683304038	NA	"abundance"	50	10
"Muribaculum_intestinale"	"Genotype"	"MUT"	"GenotypeMUT"	0.624660510031259	0.334397742924221	0.495201770643146	0.56723369262047	0.862361604021714	0.0132678649447462	0.124386233856995	NA	"abundance"	50	34
"GGB27919_SGB40357"	"Site"	"Jejunum"	"SiteJejunum"	-0.43082913240094	0	0.754913928975973	0.568203240504437	0.862361604021714	0.0916745590409166	0.39866877636067	NA	"prevalence"	50	28
"GGB70852_SGB95305"	"Site"	"Jejunum"	"SiteJejunum"	-0.430829132400947	0	0.754913928975973	0.568203240504431	0.862361604021714	0.0693720755600328	0.325181604187654	NA	"prevalence"	50	28
"GGB75057_SGB102223"	"Site"	"Jejunum"	"SiteJejunum"	0.472545897512171	0	0.828566810806713	0.568462582023282	0.862361604021714	0.568462582023282	0.825853630058037	NA	"prevalence"	50	8
"Muricaecibacterium_torontonense"	"Site"	"Jejunum"	"SiteJejunum"	0.0493170936985561	-0.137729730603297	0.321846989651921	0.573107199967022	0.867931447148699	0.542289131273332	0.812880523061346	NA	"abundance"	50	40
"GGB28317_SGB40889"	"Genotype"	"MUT"	"GenotypeMUT"	0.0186944664232461	0.334397742924221	0.532554294054382	0.57770429645344	0.873410563451641	0.476226254111597	0.757919767816866	NA	"abundance"	50	13
"Coriobacteriaceae_bacterium"	"Sex"	"M"	"SexM"	0.123513343073173	0.650963691051005	0.94092318908148	0.580054558404812	0.87481205153629	0.000340785799905183	0.0177503778952648	NA	"abundance"	50	31
"Hominisplanchenecus_murintestinalis"	"Site"	"Jejunum"	"SiteJejunum"	0.291996077271995	-0.137729730603297	0.748699589460679	0.580592751692246	0.87481205153629	0.824097560066918	0.943858764156814	NA	"abundance"	50	11
"Escherichia_coli"	"Site"	"Jejunum"	"SiteJejunum"	-0.538800302880994	0	0.985611038649988	0.584608036401128	0.87937667532851	0.827449516577474	0.943858764156814	NA	"prevalence"	50	4
"Adlercreutzia_aquisgranensis"	"Site"	"Jejunum"	"SiteJejunum"	-0.320079552211027	-0.137729730603297	0.322337371494883	0.58713547228934	0.881691651990053	0.670274792278983	0.890288729220012	NA	"abundance"	50	29
"Bacillota_unclassified_SGB43546"	"Site"	"Jejunum"	"SiteJejunum"	-0.515290732587485	-0.137729730603297	0.652246508753974	0.588572453823313	0.882364082034277	0.151994136364684	0.490799967983157	NA	"abundance"	50	9
"Oscillibacter_SGB43502"	"Genotype"	"MUT"	"GenotypeMUT"	-0.565964352426849	0	1.0596785593885	0.593278856296287	0.88792741579914	0.593278856296287	0.855690658119644	NA	"prevalence"	50	3
"GGB28904_SGB41597"	"Sex"	"M"	"SexM"	0.357227565424946	0	0.673223935235102	0.595680608814297	0.889027053198919	0.186169975678152	0.50773629730405	NA	"prevalence"	50	12
"GGB30461_SGB43529"	"Site"	"Jejunum"	"SiteJejunum"	0.420180044493001	0	0.792566049629726	0.596006925799275	0.889027053198919	0.596006925799275	0.857563922013346	NA	"prevalence"	50	8
"GGB28901_SGB41592"	"Genotype"	"MUT"	"GenotypeMUT"	0.447625561300178	0	0.855914528916681	0.600988674534658	0.894961431861294	0.600988674534658	0.860604307209535	NA	"prevalence"	50	5
"Lachnospiraceae_bacterium"	"Sex"	"M"	"SexM"	0.41886040491093	0.650963691051005	0.429602031936208	0.604036423762999	0.898000816660992	0.25579661605504	0.605155069852716	NA	"abundance"	50	44
"Bacillota_unclassified_SGB43550"	"Sex"	"M"	"SexM"	-0.526191140173963	0	1.03102366279814	0.609800699029539	0.902060072196267	0.609800699029539	0.864965530538354	NA	"prevalence"	50	3
"Enterococcus_gallinarum"	"Sex"	"M"	"SexM"	-0.526191140173963	0	1.03102366279814	0.60980069902954	0.902060072196267	0.60980069902954	0.864965530538354	NA	"prevalence"	50	3
"GGB28869_SGB41543"	"Sex"	"M"	"SexM"	-0.526191140173964	0	1.03102366279814	0.609800699029539	0.902060072196267	0.609800699029539	0.864965530538354	NA	"prevalence"	50	3
"Oscillibacter_SGB43496"	"Site"	"Jejunum"	"SiteJejunum"	0.48086111596149	0	0.948402957709831	0.612139418136965	0.90402046519565	0.612139418136965	0.866235025665516	NA	"prevalence"	50	6
"Alistipes_timonensis"	"Site"	"Jejunum"	"SiteJejunum"	-2.08435686031703	-0.137729730603297	3.34039302324859	0.618392213084372	0.905947291492321	0.854375496965357	0.969045932285849	NA	"abundance"	50	6
"Clostridiales_bacterium"	"Site"	"Jejunum"	"SiteJejunum"	0.523513655494516	-0.137729730603297	1.26895997538013	0.617388349961029	0.905947291492321	0.031653487806342	0.223436384515355	NA	"abundance"	50	11
"Lepagella_muris"	"Sex"	"M"	"SexM"	1.07901603893257	0.650963691051005	0.840743060147979	0.617033710428555	0.905947291492321	0.00121735695437113	0.0317571379401165	NA	"abundance"	50	26
"GGB1690_SGB40190"	"Genotype"	"MUT"	"GenotypeMUT"	0.51097754507703	0	1.0291482099485	0.61953794597569	0.905947291492321	0.61953794597569	0.870545123150853	NA	"prevalence"	50	3
"GGB30468_SGB43552"	"Genotype"	"MUT"	"GenotypeMUT"	0.510977545077031	0	1.0291482099485	0.61953794597569	0.905947291492321	0.61953794597569	0.870545123150853	NA	"prevalence"	50	3
"Oscillibacter_SGB94990"	"Genotype"	"MUT"	"GenotypeMUT"	0.510977545077031	0	1.0291482099485	0.61953794597569	0.905947291492321	0.61953794597569	0.870545123150853	NA	"prevalence"	50	3
"GGB30455_SGB43519"	"Sex"	"M"	"SexM"	1.40608741593137	0.650963691051005	1.44052555058004	0.621785427810667	0.906262420926658	0.85695373738364	0.970136306472045	NA	"abundance"	50	9
"Alistipes_finegoldii"	"Sex"	"M"	"SexM"	0.51200982234749	0	1.03786434598263	0.621779294981186	0.906262420926658	0.621779294981186	0.871653217263345	NA	"prevalence"	50	3
"GGB18828_SGB27767"	"Sex"	"M"	"SexM"	0.906188096499557	0.650963691051005	0.494794798209892	0.625066484300091	0.908077042338242	0.277898121145472	0.605155069852716	NA	"abundance"	50	16
"GGB30667_SGB43809"	"Genotype"	"MUT"	"GenotypeMUT"	0.501483856875225	0	1.0237249358922	0.624231614954812	0.908077042338242	0.624231614954812	0.87305120972701	NA	"prevalence"	50	3
"GGB28310_SGB40880"	"Genotype"	"MUT"	"GenotypeMUT"	0.136614393684126	0.334397742924221	0.399963705558393	0.628625296049024	0.911762218009315	0.325315425392988	0.626805054365961	NA	"abundance"	50	44
"GGB28769_SGB41421"	"Site"	"Jejunum"	"SiteJejunum"	0.567531981135446	-0.137729730603297	1.25749921825588	0.630196278400861	0.912556948593455	0.863245207491427	0.972125019490369	NA	"abundance"	50	6
"GGB27884_SGB40318"	"Sex"	"M"	"SexM"	1.01676652134855	0.650963691051005	0.748742157007944	0.631291786430628	0.912661707449141	0.000447684336792162	0.0206623540057921	NA	"abundance"	50	30
"GGB27860_SGB40294"	"Site"	"Jejunum"	"SiteJejunum"	0.110843864883114	-0.137729730603297	0.514036372754624	0.633927289938592	0.914988903924311	0.865990770948297	0.972125019490369	NA	"abundance"	50	28
"Oscillospiraceae_unclassified_SGB102175"	"Site"	"Jejunum"	"SiteJejunum"	-0.625571924313263	-0.137729730603297	0.891549129839927	0.638532015181053	0.917669985068176	0.49900802964858	0.774168379370775	NA	"abundance"	50	6
"GGB28317_SGB40889"	"Site"	"Jejunum"	"SiteJejunum"	0.343624592099924	0	0.729677681835799	0.637693188719526	0.917669985068176	0.868733774499775	0.972125019490369	NA	"prevalence"	50	13
"GGB28439_SGB41022"	"Site"	"Jejunum"	"SiteJejunum"	-0.467826370570429	0	0.999505048893085	0.639743087205378	0.917669985068176	0.345539887589185	0.637919792472342	NA	"prevalence"	50	4
"Hominisplanchenecus_murintestinalis"	"Genotype"	"MUT"	"GenotypeMUT"	0.305303607310298	0	0.652583012809606	0.639899922323325	0.917669985068176	0.639899922323325	0.888181773973081	NA	"prevalence"	50	11
"Oscillospiraceae_unclassified_SGB43526"	"Site"	"Jejunum"	"SiteJejunum"	0.412599736923584	0	0.884759051811895	0.64097118021724	0.917730806988408	0.64097118021724	0.888181773973081	NA	"prevalence"	50	6
"Adlercreutzia_mucosicola"	"Site"	"Jejunum"	"SiteJejunum"	0.143975757178645	-0.137729730603297	0.637204812910632	0.663663006469173	0.921847081495078	0.886877426782644	0.979975057218392	NA	"abundance"	50	23
"GGB22635_SGB33556"	"Site"	"Jejunum"	"SiteJejunum"	-0.492146122189414	-0.137729730603297	0.761830386026373	0.655025235768508	0.921847081495078	0.880992412043426	0.979126939146476	NA	"abundance"	50	10
"GGB28382_SGB40962"	"Sex"	"M"	"SexM"	-0.558984895802917	0.650963691051005	2.5533740951329	0.659269762784094	0.921847081495078	0.0964480787971141	0.39866877636067	NA	"abundance"	50	8
"GGB75725_SGB102612"	"Sex"	"M"	"SexM"	0.248973017356057	0.650963691051005	0.884980265119828	0.656505825848183	0.921847081495078	0.000174662555661773	0.0149710761995805	NA	"abundance"	50	19
"Lachnospiraceae_unclassified_SGB7275"	"Genotype"	"MUT"	"GenotypeMUT"	1.00269099933289	0.334397742924221	1.48781818756946	0.663899823524994	0.921847081495078	0.0260796536148959	0.193182619369599	NA	"abundance"	50	12
"Acutalibacter_caecimuris"	"Site"	"Jejunum"	"SiteJejunum"	0.375446707125169	0	0.852931770077333	0.659804026367718	0.921847081495078	0.659804026367718	0.890288729220012	NA	"prevalence"	50	6
"Adlercreutzia_muris"	"Genotype"	"MUT"	"GenotypeMUT"	-0.326747488116432	0	0.749202299746933	0.66274445615885	0.921847081495078	0.762876046076136	0.936010790858648	NA	"prevalence"	50	38
"Bacillota_unclassified_SGB43549"	"Genotype"	"MUT"	"GenotypeMUT"	0.378455223869355	0	0.867886474643662	0.662789312422109	0.921847081495078	0.677609802142679	0.890288729220012	NA	"prevalence"	50	5
"GGB143828_SGB43507"	"Genotype"	"MUT"	"GenotypeMUT"	-0.389990249113782	0	0.889028622575871	0.6609006161776	0.921847081495078	0.6609006161776	0.890288729220012	NA	"prevalence"	50	5
"GGB28769_SGB41421"	"Site"	"Jejunum"	"SiteJejunum"	0.356866350770433	0	0.814281763270905	0.66119850829455	0.921847081495078	0.863245207491427	0.972125019490369	NA	"prevalence"	50	6
"GGB28870_SGB41545"	"Sex"	"M"	"SexM"	-0.464718225092629	0	1.03991653888888	0.654961481473808	0.921847081495078	0.654961481473808	0.890288729220012	NA	"prevalence"	50	3
"GGB28898_SGB41580"	"Genotype"	"MUT"	"GenotypeMUT"	0.319655560460416	0	0.737064138546251	0.664515328925263	0.921847081495078	0.670193419662862	0.890288729220012	NA	"prevalence"	50	9
"GGB28901_SGB41592"	"Sex"	"M"	"SexM"	-0.383778490364146	0	0.854574846279145	0.65336886726943	0.921847081495078	0.879846857821922	0.979126939146476	NA	"prevalence"	50	5
"GGB28946_SGB41652"	"Genotype"	"MUT"	"GenotypeMUT"	-0.389990249113781	0	0.889028622575871	0.660900616177601	0.921847081495078	0.660900616177601	0.890288729220012	NA	"prevalence"	50	5
"GGB28956_SGB41665"	"Sex"	"M"	"SexM"	0.398491947947931	0	0.89185715533248	0.655011236446971	0.921847081495078	0.655011236446971	0.890288729220012	NA	"prevalence"	50	5
"GGB30461_SGB102216"	"Genotype"	"MUT"	"GenotypeMUT"	0.386575088327051	0	0.885405463232619	0.662395676383462	0.921847081495078	0.662395676383462	0.890288729220012	NA	"prevalence"	50	5
"GGB70518_SGB94950"	"Site"	"Jejunum"	"SiteJejunum"	-0.401906752138664	0	0.878413941385863	0.647285218346362	0.921847081495078	0.647285218346362	0.890288729220012	NA	"prevalence"	50	6
"GGB75074_SGB102167"	"Site"	"Jejunum"	"SiteJejunum"	0.338899299772648	0	0.767279116830858	0.658713748209035	0.921847081495078	0.658713748209035	0.890288729220012	NA	"prevalence"	50	13
"Hominisplanchenecus_murintestinalis"	"Sex"	"M"	"SexM"	-0.282756958614053	0	0.651929389922276	0.664489393345391	0.921847081495078	0.0271054338300949	0.195942895157312	NA	"prevalence"	50	11
"Oscillibacter_SGB43499"	"Genotype"	"MUT"	"GenotypeMUT"	-0.389990249113781	0	0.889028622575871	0.660900616177601	0.921847081495078	0.660900616177601	0.890288729220012	NA	"prevalence"	50	5
"Muricaecibacterium_torontonense"	"Genotype"	"MUT"	"GenotypeMUT"	0.48253579766267	0.334397742924221	0.326364672150848	0.665889625631429	0.922319170905644	0.0519198565774765	0.305410921043979	NA	"abundance"	50	40
"Akkermansia_muciniphila"	"Genotype"	"MUT"	"GenotypeMUT"	0.619587438545089	0.334397742924221	0.66167211829932	0.669357452917158	0.922494865161465	0.325315425392988	0.626805054365961	NA	"abundance"	50	44
"Bifidobacterium_pseudolongum"	"Genotype"	"MUT"	"GenotypeMUT"	0.0596696324642973	0.334397742924221	0.632818247050911	0.667480030064291	0.922494865161465	0.12201979687664	0.430963918474017	NA	"abundance"	50	39
"GGB14001_SGB21428"	"Sex"	"M"	"SexM"	0.840783591346945	0.650963691051005	0.423998756789867	0.670862449344216	0.922494865161465	0.0990027461295663	0.39866877636067	NA	"abundance"	50	44
"Anaerostipes_hominis_ex_Lee_et_al_2021"	"Site"	"Jejunum"	"SiteJejunum"	0.397854323685066	0	0.953086891731836	0.676358342842599	0.922494865161465	0.676358342842599	0.890288729220012	NA	"prevalence"	50	4
"Bacteroides_caecimuris"	"Site"	"Jejunum"	"SiteJejunum"	-0.431461041134774	0	1.02608386305422	0.674125370964741	0.922494865161465	0.674125370964741	0.890288729220012	NA	"prevalence"	50	4
"GGB24146_SGB35950"	"Site"	"Jejunum"	"SiteJejunum"	0.307719443960635	0	0.73471823215197	0.675342957873283	0.922494865161465	0.894597804997531	0.986688755511983	NA	"prevalence"	50	30
"GGB42322_SGB59489"	"Site"	"Jejunum"	"SiteJejunum"	-0.431461041134775	0	1.02608386305422	0.674125370964741	0.922494865161465	0.674125370964741	0.890288729220012	NA	"prevalence"	50	4
"Lachnospiraceae_unclassified_SGB7275"	"Site"	"Jejunum"	"SiteJejunum"	-0.295600042087135	0	0.707155303453922	0.675937682533855	0.922494865161465	0.53058219381095	0.810054604630067	NA	"prevalence"	50	12
"Oscillospiraceae_bacterium"	"Site"	"Jejunum"	"SiteJejunum"	-0.386868044590535	0	0.914709499199541	0.672338392444144	0.922494865161465	0.672338392444144	0.890288729220012	NA	"prevalence"	50	6
"Pseudoflavonifractor_sp_524_17"	"Site"	"Jejunum"	"SiteJejunum"	-0.431461041134775	0	1.02608386305422	0.674125370964741	0.922494865161465	0.674125370964741	0.890288729220012	NA	"prevalence"	50	4
"Adlercreutzia_mucosicola"	"Genotype"	"MUT"	"GenotypeMUT"	0.0407345205268413	0.334397742924221	0.687895605662815	0.679647117429358	0.924154312114311	0.25773954844831	0.605155069852716	NA	"abundance"	50	23
"GGB30455_SGB43519"	"Sex"	"M"	"SexM"	-0.290859468438228	0	0.702037383289423	0.678648801659179	0.924154312114311	0.85695373738364	0.970136306472045	NA	"prevalence"	50	9
"GGB30861_SGB44083"	"Site"	"Jejunum"	"SiteJejunum"	0.00153455748641534	-0.137729730603297	0.32438970359157	0.68285071868066	0.927097170567958	0.0668444890750125	0.318307090833393	NA	"abundance"	50	40
"Eubacteriaceae_bacterium"	"Site"	"Jejunum"	"SiteJejunum"	0.259190005175241	0	0.639112964187951	0.685075869046383	0.928704673540082	0.491471798204741	0.771476047152475	NA	"prevalence"	50	18
"Hominisplanchenecus_murintestinalis"	"Site"	"Jejunum"	"SiteJejunum"	0.265749403376314	0	0.658083351355521	0.686342647117719	0.929010077737489	0.824097560066918	0.943858764156814	NA	"prevalence"	50	11
"GGB115370_SGB161393"	"Genotype"	"MUT"	"GenotypeMUT"	-0.327407521338578	0	0.813734005076789	0.687424974966335	0.929065269196926	0.687424974966335	0.900556735763758	NA	"prevalence"	50	7
"Lachnospiraceae_unclassified_SGB41405"	"Genotype"	"MUT"	"GenotypeMUT"	0.295813413702497	0	0.738410884975405	0.688708649166097	0.929392004623538	0.06289254971828	0.314922845746312	NA	"prevalence"	50	9
"Neglectibacter_caecimuris"	"Genotype"	"MUT"	"GenotypeMUT"	-0.340237824033117	0	0.863792513183773	0.693663457977565	0.934664357274906	0.670184655128405	0.890288729220012	NA	"prevalence"	50	5
"GGB28949_SGB41655"	"Sex"	"M"	"SexM"	0.914643674279504	0.650963691051005	0.607592739929012	0.697161359973196	0.93596159880911	0.404093757108344	0.68490467306499	NA	"abundance"	50	7
"Muribaculaceae_bacterium"	"Site"	"Jejunum"	"SiteJejunum"	0.055489406795275	-0.137729730603297	0.493183306015889	0.699826587193986	0.93596159880911	0.90989592224439	0.996236411216486	NA	"abundance"	50	29
"GGB28778_SGB41431"	"Genotype"	"MUT"	"GenotypeMUT"	0.265763510009621	0	0.688438747509939	0.699468533810728	0.93596159880911	0.909680837830127	0.996236411216486	NA	"prevalence"	50	11
"GGB28803_SGB41457"	"Site"	"Jejunum"	"SiteJejunum"	-0.325402236792114	0	0.847233368634141	0.700921914803235	0.93596159880911	0.561203629311757	0.820456328547769	NA	"prevalence"	50	6
"GGB28870_SGB41546"	"Sex"	"M"	"SexM"	0.346109881847821	0	0.897278436644965	0.699694437860225	0.93596159880911	0.699694437860225	0.904473768638085	NA	"prevalence"	50	5
"GGB31108_SGB44379"	"Sex"	"M"	"SexM"	0.396831650142611	0	1.031519051313	0.700455190459567	0.93596159880911	0.700455190459567	0.904473768638085	NA	"prevalence"	50	3
"GGB46159_SGB63927"	"Genotype"	"MUT"	"GenotypeMUT"	0.529981519428382	0.334397742924221	0.500333490194228	0.702103114922181	0.936137486562908	0.121936858756049	0.430963918474017	NA	"abundance"	50	42
"Oscillospiraceae_unclassified_SGB102175"	"Sex"	"M"	"SexM"	0.972017672189925	0.650963691051005	0.72794681624339	0.704176518816694	0.937500678782823	0.91248846798059	0.996448396707589	NA	"abundance"	50	6
"GGB75725_SGB102612"	"Genotype"	"MUT"	"GenotypeMUT"	0.544789172013867	0.334397742924221	0.544693332422612	0.705739962474157	0.938181887521532	0.91341103031529	0.996448396707589	NA	"abundance"	50	19
"GGB28949_SGB41655"	"Genotype"	"MUT"	"GenotypeMUT"	0.583841055666228	0.334397742924221	0.607592739929012	0.70962276935354	0.939403274031145	0.432993284259519	0.71536895447103	NA	"abundance"	50	7
"GGB30298_SGB43262"	"Genotype"	"MUT"	"GenotypeMUT"	-0.282118205768069	0	0.7565568338293	0.709224679801171	0.939403274031145	0.709224679801171	0.904473768638085	NA	"prevalence"	50	11
"GGB75074_SGB102167"	"Genotype"	"MUT"	"GenotypeMUT"	-0.281970969356041	0	0.757782149718904	0.709818168942816	0.939403274031145	0.709818168942816	0.904473768638085	NA	"prevalence"	50	13
"GGB28803_SGB41457"	"Sex"	"M"	"SexM"	1.10068973140847	0.650963691051005	1.06674981724723	0.714134597433599	0.942049006322411	0.211317110877501	0.556097660203951	NA	"abundance"	50	6
"GGB27894_SGB40329"	"Site"	"Jejunum"	"SiteJejunum"	0.360589512475478	0	0.991300539546722	0.716041733505149	0.942049006322411	0.716041733505149	0.904473768638085	NA	"prevalence"	50	4
"GGB28765_SGB41414"	"Site"	"Jejunum"	"SiteJejunum"	0.360589512475476	0	0.99130053954672	0.71604173350515	0.942049006322411	0.71604173350515	0.904473768638085	NA	"prevalence"	50	4
"GGB28990_SGB41704"	"Site"	"Jejunum"	"SiteJejunum"	0.360589512475475	0	0.99130053954672	0.716041733505151	0.942049006322411	0.716041733505151	0.904473768638085	NA	"prevalence"	50	4
"Adlercreutzia_caecimuris"	"Site"	"Jejunum"	"SiteJejunum"	-0.329472383471525	0	0.913713920480629	0.718409009161171	0.943771481843542	0.321678062747988	0.626805054365961	NA	"prevalence"	50	32
"Eubacteriaceae_bacterium"	"Genotype"	"MUT"	"GenotypeMUT"	0.175932474758067	0.334397742924221	0.433252042506566	0.723319019052526	0.947431079287596	0.923447634781943	0.996749592920958	NA	"abundance"	50	18
"Adlercreutzia_mucosicola"	"Site"	"Jejunum"	"SiteJejunum"	-0.241083072758026	0	0.678858614818408	0.72249218858193	0.947431079287596	0.886877426782644	0.979975057218392	NA	"prevalence"	50	23
"GGB28778_SGB41431"	"Site"	"Jejunum"	"SiteJejunum"	-0.249710770569124	0	0.709589975371107	0.724906856132748	0.948118644678022	0.527604996349067	0.810054604630067	NA	"prevalence"	50	11
"GGB28317_SGB40889"	"Site"	"Jejunum"	"SiteJejunum"	-0.315141034040965	-0.137729730603297	0.502097003567824	0.733458869011124	0.957899430685099	0.868733774499775	0.972125019490369	NA	"abundance"	50	13
"Turicibacter_sp_1E2"	"Site"	"Jejunum"	"SiteJejunum"	-0.216817088069711	0	0.640755025948213	0.735078722534749	0.958611433480989	0.205968615067194	0.549249640179183	NA	"prevalence"	50	16
"GGB27482_SGB39778"	"Sex"	"M"	"SexM"	0.867616647839667	0.650963691051005	0.627983113175322	0.737622148653096	0.959414676134933	0.00309120101105963	0.0562036547465388	NA	"abundance"	50	19
"GGB28380_SGB40960"	"Site"	"Jejunum"	"SiteJejunum"	0.317906792235162	0	0.949805079698328	0.737845815951305	0.959414676134933	0.737845815951305	0.926166296173186	NA	"prevalence"	50	4
"Adlercreutzia_muris"	"Site"	"Jejunum"	"SiteJejunum"	-0.232228675921096	-0.137729730603297	0.335025500109157	0.78375299052845	0.959635369711334	0.494759744492364	0.771476047152475	NA	"abundance"	50	38
"Alistipes_timonensis"	"Sex"	"M"	"SexM"	-0.615181891891079	0.650963691051005	3.34039302324859	0.740329054118539	0.959635369711334	0.63564733264451	0.886949766480712	NA	"abundance"	50	6
"Bacteroidales_bacterium"	"Genotype"	"MUT"	"GenotypeMUT"	0.537612844578582	0.334397742924221	0.650548478116388	0.758016774843637	0.959635369711334	0.446233529097457	0.721671475629311	NA	"abundance"	50	28
"Caniella_muris"	"Site"	"Jejunum"	"SiteJejunum"	-0.319256473908996	-0.137729730603297	0.661199289181926	0.784658854836571	0.959635369711334	0.089474898274148	0.39866877636067	NA	"abundance"	50	35
"Duncaniella_dubosii"	"Sex"	"M"	"SexM"	0.374213708083248	0.650963691051005	0.851684261461616	0.748905836884275	0.959635369711334	0.00497530327848154	0.0694228364439285	NA	"abundance"	50	24
"Duncaniella_muricolitica"	"Sex"	"M"	"SexM"	0.793073982940544	0.650963691051005	0.578160711106873	0.810387545238022	0.959635369711334	0.753440073283387	0.936010790858648	NA	"abundance"	50	33
"Duncaniella_muris"	"Sex"	"M"	"SexM"	0.868215774564001	0.650963691051005	0.73664630542016	0.772249048845864	0.959635369711334	0.0144708150430926	0.131552864028114	NA	"abundance"	50	23
"Escherichia_coli"	"Sex"	"M"	"SexM"	2.83853084990015	0.650963691051005	7.29821931785547	0.81439833041957	0.959635369711334	0.965552020248957	0.996749592920958	NA	"abundance"	50	4
"GGB1503_SGB2082"	"Site"	"Jejunum"	"SiteJejunum"	-0.0497107660062276	-0.137729730603297	0.377549238516384	0.819461705323431	0.959635369711334	0.967405924155276	0.996749592920958	NA	"abundance"	50	29
"GGB24132_SGB35935"	"Site"	"Jejunum"	"SiteJejunum"	0.0299299577833502	-0.137729730603297	0.616926728805562	0.790386994933056	0.959635369711334	0.697435183814567	0.904473768638085	NA	"abundance"	50	33
"GGB25041_SGB36960"	"Genotype"	"MUT"	"GenotypeMUT"	0.14401751109385	0.334397742924221	0.708294931315876	0.793049888275285	0.959635369711334	0.713814103772935	0.904473768638085	NA	"abundance"	50	14
"GGB27480_SGB39776"	"Genotype"	"MUT"	"GenotypeMUT"	0.527413055972738	0.334397742924221	0.690400417517508	0.79376406062622	0.959635369711334	0.746185205776162	0.934678754625673	NA	"abundance"	50	8
"GGB27482_SGB39778"	"Genotype"	"MUT"	"GenotypeMUT"	0.173579649748559	0.334397742924221	0.518872280497749	0.762212403156988	0.959635369711334	0.650791448347201	0.890288729220012	NA	"abundance"	50	19
"GGB27866_SGB40300"	"Sex"	"M"	"SexM"	0.454715022427043	0.650963691051005	0.677231517604148	0.776982640952747	0.959635369711334	0.00332120720971322	0.0562865097237629	NA	"abundance"	50	19
"GGB27885_SGB40319"	"Genotype"	"MUT"	"GenotypeMUT"	0.4612956586816	0.334397742924221	0.518142477483217	0.810144146216859	0.959635369711334	0.101175662684562	0.399545168392632	NA	"abundance"	50	23
"GGB28769_SGB41421"	"Genotype"	"MUT"	"GenotypeMUT"	-0.000903522926684057	0.334397742924221	1.25749921825588	0.815397987670899	0.959635369711334	0.965922097044047	0.996749592920958	NA	"abundance"	50	6
"GGB28778_SGB41431"	"Genotype"	"MUT"	"GenotypeMUT"	0.557071150071064	0.334397742924221	0.677442463279135	0.752265704639466	0.959635369711334	0.909680837830127	0.996236411216486	NA	"abundance"	50	11
"GGB28778_SGB41431"	"Sex"	"M"	"SexM"	0.853235921367146	0.650963691051005	0.889747886801445	0.826233143428593	0.959635369711334	0.0460391842499864	0.28187255663257	NA	"abundance"	50	11
"GGB28803_SGB41457"	"Genotype"	"MUT"	"GenotypeMUT"	0.590459793793137	0.334397742924221	0.754306029605029	0.766180220496979	0.959635369711334	0.945328310713159	0.996749592920958	NA	"abundance"	50	6
"GGB28901_SGB41592"	"Sex"	"M"	"SexM"	0.522551624800647	0.650963691051005	0.479687583557884	0.818834228175434	0.959635369711334	0.879846857821922	0.979126939146476	NA	"abundance"	50	5
"GGB30045_SGB42945"	"Site"	"Jejunum"	"SiteJejunum"	-0.0473328127409971	-0.137729730603297	0.311169862598012	0.77898610471271	0.959635369711334	0.549217819638525	0.815670029166127	NA	"abundance"	50	33
"GGB45514_SGB63186"	"Sex"	"M"	"SexM"	1.23262448272486	0.650963691051005	2.11821251562375	0.791928160563395	0.959635369711334	0.708444663656881	0.904473768638085	NA	"abundance"	50	10
"GGB46159_SGB63927"	"Site"	"Jejunum"	"SiteJejunum"	-0.00968893567166113	-0.137729730603297	0.520476574644835	0.81055184867303	0.959635369711334	0.336076770652254	0.63211931784123	NA	"abundance"	50	42
"Lactobacillus_johnsonii"	"Genotype"	"MUT"	"GenotypeMUT"	0.51834585984407	0.334397742924221	0.712603909436635	0.797927570293855	0.959635369711334	0.156352077842404	0.490799967983157	NA	"abundance"	50	34
"Neglectibacter_caecimuris"	"Site"	"Jejunum"	"SiteJejunum"	0.348706542070914	-0.137729730603297	1.24978239549565	0.763200169932339	0.959635369711334	0.943925840479927	0.996749592920958	NA	"abundance"	50	5
"Neglectibacter_sp_X4"	"Sex"	"M"	"SexM"	0.922564572633755	0.650963691051005	1.05371502608418	0.800543487415957	0.959635369711334	0.00342541651440043	0.0562865097237629	NA	"abundance"	50	15
"Paramuribaculum_intestinale"	"Site"	"Jejunum"	"SiteJejunum"	-0.0171684196322095	-0.137729730603297	0.507061047892644	0.817705350305665	0.959635369711334	0.96676866069282	0.996749592920958	NA	"abundance"	50	26
"Parasutterella_muris"	"Site"	"Jejunum"	"SiteJejunum"	-0.276463013230595	-0.137729730603297	0.439815725931602	0.75699171382407	0.959635369711334	0.935034694272328	0.996749592920958	NA	"abundance"	50	29
"Schaedlerella_arabinosiphila"	"Sex"	"M"	"SexM"	1.37061862381973	0.650963691051005	2.31570188640046	0.775647432757881	0.959635369711334	0.121971748592741	0.430963918474017	NA	"abundance"	50	7
"Acetatifactor_aquisgranensis"	"Site"	"Jejunum"	"SiteJejunum"	0.252219526763097	0	1.1467084616938	0.825909415701654	0.959635369711334	0.825909415701654	0.943858764156814	NA	"prevalence"	50	2
"Acutalibacter_muris"	"Site"	"Jejunum"	"SiteJejunum"	-0.158325714412527	0	0.719280661416869	0.825780237798946	0.959635369711334	0.213041601377003	0.55759470652364	NA	"prevalence"	50	11
"Alistipes_timonensis"	"Site"	"Jejunum"	"SiteJejunum"	-0.255868667612772	0	0.855612919361329	0.76490401436223	0.959635369711334	0.854375496965357	0.969045932285849	NA	"prevalence"	50	6
"Anaerostipes_hominis"	"Site"	"Jejunum"	"SiteJejunum"	0.325087756542526	0	1.13094256152143	0.773768920443149	0.959635369711334	0.773768920443149	0.936010790858648	NA	"prevalence"	50	2
"Atopobiaceae_bacterium_FL090493"	"Site"	"Jejunum"	"SiteJejunum"	0.325087756542526	0	1.13094256152143	0.773768920443149	0.959635369711334	0.773768920443149	0.936010790858648	NA	"prevalence"	50	2
"Bacteroidales_bacterium"	"Site"	"Jejunum"	"SiteJejunum"	0.222013164408192	0	0.700735024041897	0.75137337169138	0.959635369711334	0.365871890566571	0.65334266172602	NA	"prevalence"	50	28
"Bacteroides_intestinalis"	"Site"	"Jejunum"	"SiteJejunum"	0.325087756542526	0	1.13094256152143	0.773768920443149	0.959635369711334	0.773768920443149	0.936010790858648	NA	"prevalence"	50	2
"Blautia_pseudococcoides"	"Site"	"Jejunum"	"SiteJejunum"	-0.247662005813189	0	0.887380845534496	0.780173261700397	0.959635369711334	0.780173261700397	0.938084082204886	NA	"prevalence"	50	6
"Clostridiaceae_bacterium"	"Site"	"Jejunum"	"SiteJejunum"	0.204083315080669	0	0.661344713829627	0.757634636755026	0.959635369711334	0.606672555871692	0.864965530538354	NA	"prevalence"	50	16
"GGB141797_SGB41693"	"Site"	"Jejunum"	"SiteJejunum"	-0.256517490205027	0	1.08584288831146	0.813247895539609	0.959635369711334	0.813247895539609	0.943858764156814	NA	"prevalence"	50	3
"GGB1690_SGB40190"	"Site"	"Jejunum"	"SiteJejunum"	-0.261072696336086	0	1.05462639196357	0.804482650028143	0.959635369711334	0.804482650028143	0.943858764156814	NA	"prevalence"	50	3
"GGB27480_SGB39776"	"Site"	"Jejunum"	"SiteJejunum"	-0.169375990550755	0	0.758070212559918	0.823200485180784	0.959635369711334	0.54598475132287	0.812880523061346	NA	"prevalence"	50	8
"GGB27849_SGB40283"	"Site"	"Jejunum"	"SiteJejunum"	0.214215197079818	0	0.660595455958378	0.745729151057763	0.959635369711334	0.562642456351516	0.820456328547769	NA	"prevalence"	50	28
"GGB27860_SGB40294"	"Site"	"Jejunum"	"SiteJejunum"	0.214215197079818	0	0.660595455958378	0.745729151057763	0.959635369711334	0.865990770948297	0.972125019490369	NA	"prevalence"	50	28
"GGB27885_SGB40319"	"Site"	"Jejunum"	"SiteJejunum"	0.197182552755183	0	0.65435104280094	0.763154764819513	0.959635369711334	0.55315917580779	0.8194950752708	NA	"prevalence"	50	23
"GGB28772_SGB41425"	"Site"	"Jejunum"	"SiteJejunum"	0.252165620052746	0	1.11380086376016	0.820889556730106	0.959635369711334	0.820889556730106	0.943858764156814	NA	"prevalence"	50	2
"GGB28814_SGB41469"	"Site"	"Jejunum"	"SiteJejunum"	0.252219526763098	0	1.1467084616938	0.825909415701654	0.959635369711334	0.825909415701654	0.943858764156814	NA	"prevalence"	50	2
"GGB28865_SGB41537"	"Site"	"Jejunum"	"SiteJejunum"	0.252219526763097	0	1.1467084616938	0.825909415701654	0.959635369711334	0.825909415701654	0.943858764156814	NA	"prevalence"	50	2
"GGB28879_SGB43526"	"Site"	"Jejunum"	"SiteJejunum"	0.252165620052746	0	1.11380086376016	0.820889556730106	0.959635369711334	0.820889556730106	0.943858764156814	NA	"prevalence"	50	2
"GGB28928_SGB41627"	"Site"	"Jejunum"	"SiteJejunum"	0.252219526763097	0	1.1467084616938	0.825909415701654	0.959635369711334	0.825909415701654	0.943858764156814	NA	"prevalence"	50	2
"GGB28942_SGB41646"	"Site"	"Jejunum"	"SiteJejunum"	0.252219526763097	0	1.1467084616938	0.825909415701654	0.959635369711334	0.825909415701654	0.943858764156814	NA	"prevalence"	50	2
"GGB28948_SGB41654"	"Site"	"Jejunum"	"SiteJejunum"	0.252219526763097	0	1.1467084616938	0.825909415701654	0.959635369711334	0.825909415701654	0.943858764156814	NA	"prevalence"	50	2
"GGB28957_SGB41666"	"Site"	"Jejunum"	"SiteJejunum"	0.252219526763097	0	1.1467084616938	0.825909415701654	0.959635369711334	0.825909415701654	0.943858764156814	NA	"prevalence"	50	2
"GGB28961_SGB41670"	"Site"	"Jejunum"	"SiteJejunum"	0.252219526763097	0	1.1467084616938	0.825909415701654	0.959635369711334	0.825909415701654	0.943858764156814	NA	"prevalence"	50	2
"GGB28988_SGB41701"	"Site"	"Jejunum"	"SiteJejunum"	0.252165620052746	0	1.11380086376016	0.820889556730106	0.959635369711334	0.820889556730106	0.943858764156814	NA	"prevalence"	50	2
"GGB30147_SGB43074"	"Site"	"Jejunum"	"SiteJejunum"	0.252219526763097	0	1.1467084616938	0.825909415701654	0.959635369711334	0.825909415701654	0.943858764156814	NA	"prevalence"	50	2
"GGB30298_SGB43262"	"Site"	"Jejunum"	"SiteJejunum"	0.240304773253841	0	0.763698868401502	0.753020526546825	0.959635369711334	0.753020526546825	0.936010790858648	NA	"prevalence"	50	11
"GGB30414_SGB43453"	"Site"	"Jejunum"	"SiteJejunum"	0.325087756542527	0	1.13094256152143	0.773768920443149	0.959635369711334	0.773768920443149	0.936010790858648	NA	"prevalence"	50	2
"GGB30454_SGB43516"	"Site"	"Jejunum"	"SiteJejunum"	-0.211199701182709	0	0.813793195053395	0.795230174329717	0.959635369711334	0.795230174329717	0.943858764156814	NA	"prevalence"	50	8
"GGB30455_SGB43519"	"Site"	"Jejunum"	"SiteJejunum"	0.230042155874301	0	0.709709638676972	0.745835379649708	0.959635369711334	0.935400345762192	0.996749592920958	NA	"prevalence"	50	9
"GGB30460_SGB43527"	"Site"	"Jejunum"	"SiteJejunum"	-0.314194125257668	0	1.08355837064387	0.771842927399404	0.959635369711334	0.771842927399404	0.936010790858648	NA	"prevalence"	50	3
"GGB30468_SGB43552"	"Site"	"Jejunum"	"SiteJejunum"	-0.261072696336086	0	1.05462639196357	0.804482650028143	0.959635369711334	0.804482650028143	0.943858764156814	NA	"prevalence"	50	3
"GGB30472_SGB43556"	"Site"	"Jejunum"	"SiteJejunum"	0.252219526763097	0	1.1467084616938	0.825909415701654	0.959635369711334	0.825909415701654	0.943858764156814	NA	"prevalence"	50	2
"GGB31108_SGB44379"	"Site"	"Jejunum"	"SiteJejunum"	-0.28640375966628	0	1.04988141792359	0.785009808724835	0.959635369711334	0.785009808724835	0.940131507454892	NA	"prevalence"	50	3
"GGB3171_SGB4185"	"Site"	"Jejunum"	"SiteJejunum"	0.222844673181491	0	0.752420205415043	0.767099871517236	0.959635369711334	0.945757530152712	0.996749592920958	NA	"prevalence"	50	9
"GGB42598_SGB59794"	"Site"	"Jejunum"	"SiteJejunum"	-0.17652522228655	0	0.61900095119137	0.775508060161976	0.959635369711334	0.640295260008267	0.888181773973081	NA	"prevalence"	50	23
"GGB45656_SGB63370"	"Site"	"Jejunum"	"SiteJejunum"	-0.256517490205026	0	1.08584288831146	0.813247895539609	0.959635369711334	0.813247895539609	0.943858764156814	NA	"prevalence"	50	3
"GGB74408_SGB43542"	"Site"	"Jejunum"	"SiteJejunum"	0.252219526763097	0	1.1467084616938	0.825909415701654	0.959635369711334	0.825909415701654	0.943858764156814	NA	"prevalence"	50	2
"GGB75094_SGB102310"	"Site"	"Jejunum"	"SiteJejunum"	0.252219526763098	0	1.1467084616938	0.825909415701654	0.959635369711334	0.825909415701654	0.943858764156814	NA	"prevalence"	50	2
"GGB75725_SGB102612"	"Genotype"	"MUT"	"GenotypeMUT"	-0.200430862401441	0	0.722788040718649	0.78154791259778	0.959635369711334	0.91341103031529	0.996448396707589	NA	"prevalence"	50	19
"GGB79741_SGB1950"	"Site"	"Jejunum"	"SiteJejunum"	0.325087756542526	0	1.13094256152143	0.773768920443149	0.959635369711334	0.773768920443149	0.936010790858648	NA	"prevalence"	50	2
"GGB80032_SGB42945"	"Site"	"Jejunum"	"SiteJejunum"	0.325087756542526	0	1.13094256152143	0.773768920443149	0.959635369711334	0.773768920443149	0.936010790858648	NA	"prevalence"	50	2
"Lachnospiraceae_bacterium"	"Genotype"	"MUT"	"GenotypeMUT"	-0.216078795699848	0	0.828476847698213	0.794235542517452	0.959635369711334	0.26214652531177	0.605155069852716	NA	"prevalence"	50	44
"Lachnospiraceae_bacterium_MD308"	"Site"	"Jejunum"	"SiteJejunum"	0.325087756542526	0	1.13094256152143	0.773768920443149	0.959635369711334	0.773768920443149	0.936010790858648	NA	"prevalence"	50	2
"Lachnospiraceae_unclassified_SGB41405"	"Site"	"Jejunum"	"SiteJejunum"	0.164259470479672	0	0.746090519195029	0.825746357956361	0.959635369711334	0.969635668234527	0.996749592920958	NA	"prevalence"	50	9
"Ligilactobacillus_murinus"	"Genotype"	"MUT"	"GenotypeMUT"	0.166002761059704	0	0.621557901668451	0.789411187267025	0.959635369711334	0.178129843267849	0.497274851151842	NA	"prevalence"	50	34
"Muribaculum_intestinale"	"Site"	"Jejunum"	"SiteJejunum"	-0.229283873415525	0	0.951967830538299	0.809669404162405	0.959635369711334	0.185809314190936	0.50773629730405	NA	"prevalence"	50	34
"Oscillibacter_SGB94990"	"Site"	"Jejunum"	"SiteJejunum"	-0.261072696336086	0	1.05462639196357	0.804482650028143	0.959635369711334	0.804482650028143	0.943858764156814	NA	"prevalence"	50	3
"Oscillibacter_sp_CU971"	"Sex"	"M"	"SexM"	0.226802906004159	0	0.801424080173615	0.777176940960564	0.959635369711334	0.950349884360308	0.996749592920958	NA	"prevalence"	50	7
"Parabacteroides_distasonis"	"Site"	"Jejunum"	"SiteJejunum"	0.325087756542526	0	1.13094256152143	0.773768920443149	0.959635369711334	0.773768920443149	0.936010790858648	NA	"prevalence"	50	2
"Parasutterella_muris"	"Site"	"Jejunum"	"SiteJejunum"	-0.195504658222297	0	0.601396321088587	0.745117074468156	0.959635369711334	0.935034694272328	0.996749592920958	NA	"prevalence"	50	29
"Parasutterella_sp_NM82_D38"	"Site"	"Jejunum"	"SiteJejunum"	0.325087756542526	0	1.13094256152143	0.773768920443149	0.959635369711334	0.773768920443149	0.936010790858648	NA	"prevalence"	50	2
"Turicimonas_muris"	"Site"	"Jejunum"	"SiteJejunum"	0.178930517339222	0	0.655550871683971	0.784894105172663	0.959635369711334	0.657297614137369	0.890288729220012	NA	"prevalence"	50	28
"GGB25041_SGB36960"	"Site"	"Jejunum"	"SiteJejunum"	0.139675299313715	0	0.641955763370869	0.827758111516875	0.960156353020875	0.429225077118642	0.71536895447103	NA	"prevalence"	50	14
"GGB42598_SGB59794"	"Sex"	"M"	"SexM"	0.461246236073556	0.650963691051005	0.879542563107465	0.831311234842983	0.961776422152971	0.01271627046595	0.122516045650193	NA	"abundance"	50	23
"Neglectibacter_sp_X4"	"Site"	"Jejunum"	"SiteJejunum"	-0.288942039668173	-0.137729730603297	0.692918732786709	0.830889212666167	0.961776422152971	0.779318443435141	0.938084082204886	NA	"abundance"	50	15
"Muribaculaceae_bacterium"	"Sex"	"M"	"SexM"	0.787754763978614	0.650963691051005	0.635590572497592	0.832922292064349	0.962392078395595	0.000535151834143209	0.0212103144877238	NA	"abundance"	50	29
"Escherichia_coli"	"Site"	"Jejunum"	"SiteJejunum"	-2.34590159919063	-0.137729730603297	8.42725777553756	0.836696887099963	0.963554060022399	0.827449516577474	0.943858764156814	NA	"abundance"	50	4
"Oscillospiraceae_unclassified_SGB102175"	"Genotype"	"MUT"	"GenotypeMUT"	0.54334243715886	0.334397742924221	0.891549129839927	0.835828117500939	0.963554060022399	0.227959324370484	0.577112213596162	NA	"abundance"	50	6
"Thomasclavelia_cocleata"	"Site"	"Jejunum"	"SiteJejunum"	-0.345941660118761	-0.137729730603297	0.953573729420168	0.837168605961165	0.963554060022399	0.382690028966711	0.667482608662869	NA	"abundance"	50	7
"GGB27861_SGB40295"	"Site"	"Jejunum"	"SiteJejunum"	-0.299778112137521	-0.137729730603297	0.795896070626103	0.841270519433992	0.966696321195416	0.380522569878376	0.665637148475293	NA	"abundance"	50	17
"GGB27478_SGB39772"	"Site"	"Jejunum"	"SiteJejunum"	-0.150367393817731	0	0.754662132941305	0.842066190099595	0.966696321195416	0.784604026953622	0.940131507454892	NA	"prevalence"	50	8
"Lepagella_muris"	"Site"	"Jejunum"	"SiteJejunum"	0.127641828173247	0	0.65263052313135	0.844938495293994	0.967999459773088	0.803664383678724	0.943858764156814	NA	"prevalence"	50	26
"Limosilactobacillus_reuteri"	"Genotype"	"MUT"	"GenotypeMUT"	0.121967012909982	0	0.625384921143696	0.845371725519322	0.967999459773088	0.250900787519784	0.605155069852716	NA	"prevalence"	50	30
"Limosilactobacillus_reuteri"	"Sex"	"M"	"SexM"	0.813615182357877	0.650963691051005	0.843067925198416	0.848866074101232	0.968271787849487	0.00530430791339478	0.0694785149027347	NA	"abundance"	50	30
"Duncaniella_freteri"	"Site"	"Jejunum"	"SiteJejunum"	0.144303548382761	0	0.754957022046102	0.848414806545811	0.968271787849487	0.787571921852317	0.941321022134244	NA	"prevalence"	50	9
"GGB32371_SGB41694"	"Site"	"Jejunum"	"SiteJejunum"	-0.17816909627949	0	0.925081848023221	0.847273656846673	0.968271787849487	0.847273656846673	0.964637939483878	NA	"prevalence"	50	10
"Duncaniella_muris"	"Genotype"	"MUT"	"GenotypeMUT"	0.204638294175016	0.334397742924221	0.67902026171946	0.850142378474051	0.968489146358689	0.753120509838082	0.936010790858648	NA	"abundance"	50	23
"Pseudomonas_aeruginosa"	"Site"	"Jejunum"	"SiteJejunum"	0.213566019693293	0	1.14100828352969	0.851524941202844	0.968826846368542	0.851524941202844	0.967641978639595	NA	"prevalence"	50	2
"GGB30455_SGB43519"	"Genotype"	"MUT"	"GenotypeMUT"	0.0519053248566199	0.334397742924221	1.44052555058004	0.852658915448209	0.968881213477455	0.442955064495624	0.720252137391258	NA	"abundance"	50	9
"GGB27849_SGB40283"	"Sex"	"M"	"SexM"	0.832998212199419	0.650963691051005	0.989161110512891	0.854984770003359	0.970288059596687	0.00116204699331572	0.0316921907267925	NA	"abundance"	50	28
"Bacillota_unclassified_SGB43550"	"Site"	"Jejunum"	"SiteJejunum"	-0.172934340132039	0	1.0571038635488	0.87005189244388	0.981145749759724	0.87005189244388	0.972125019490369	NA	"prevalence"	50	3
"Enterococcus_gallinarum"	"Site"	"Jejunum"	"SiteJejunum"	-0.172934340132039	0	1.0571038635488	0.87005189244388	0.981145749759724	0.87005189244388	0.972125019490369	NA	"prevalence"	50	3
"GGB27866_SGB40300"	"Genotype"	"MUT"	"GenotypeMUT"	-0.10800163404191	0	0.650030116577882	0.868039959679236	0.981145749759724	0.340489796187025	0.632488785486734	NA	"prevalence"	50	19
"GGB28845_SGB41512"	"Site"	"Jejunum"	"SiteJejunum"	0.192004114859856	0	1.14452083013112	0.866772572719294	0.981145749759724	0.866772572719294	0.972125019490369	NA	"prevalence"	50	2
"GGB28869_SGB41543"	"Site"	"Jejunum"	"SiteJejunum"	-0.172934340132039	0	1.0571038635488	0.87005189244388	0.981145749759724	0.87005189244388	0.972125019490369	NA	"prevalence"	50	3
"GGB30294_SGB43258"	"Site"	"Jejunum"	"SiteJejunum"	-0.107189476815315	0	0.694093983590643	0.877270084081402	0.988036508839155	0.984937367738614	0.996749592920958	NA	"prevalence"	50	15
"Akkermansia_muciniphila"	"Site"	"Jejunum"	"SiteJejunum"	-0.242401259541841	-0.137729730603297	0.691237472875866	0.880091633520169	0.988717553022659	0.340081461148363	0.632488785486734	NA	"abundance"	50	44
"Oscillibacter_sp_CU971"	"Site"	"Jejunum"	"SiteJejunum"	-0.619779589868955	-0.137729730603297	2.93167370860796	0.879515718413153	0.988717553022659	0.365656045924257	0.65334266172602	NA	"abundance"	50	7
"GGB45515_SGB63187"	"Sex"	"M"	"SexM"	-0.143950182032084	0	0.963327746989665	0.881214245231828	0.988733467606026	0.881214245231828	0.979126939146476	NA	"prevalence"	50	4
"GGB28956_SGB41665"	"Site"	"Jejunum"	"SiteJejunum"	0.131460106228939	0	0.903489411553478	0.884314021346601	0.990127162077191	0.884314021346601	0.979346567490677	NA	"prevalence"	50	5
"GGB73359_SGB46611"	"Sex"	"M"	"SexM"	-0.135429623726392	0	0.93371624962448	0.884676399299912	0.990127162077191	0.884676399299912	0.979346567490677	NA	"prevalence"	50	4
"GGB1503_SGB2082"	"Site"	"Jejunum"	"SiteJejunum"	-0.109622877995383	0	0.767464879407985	0.886418403430849	0.990833603834984	0.967405924155276	0.996749592920958	NA	"prevalence"	50	29
"GGB3171_SGB4185"	"Site"	"Jejunum"	"SiteJejunum"	-0.185614974155467	-0.137729730603297	0.332777575239535	0.891981964099329	0.994559889970752	0.945757530152712	0.996749592920958	NA	"abundance"	50	9
"Duncaniella_muricolitica"	"Site"	"Jejunum"	"SiteJejunum"	-0.0808664657770799	0	0.590895517575318	0.891146131605547	0.994559889970752	0.563380012269468	0.820456328547769	NA	"prevalence"	50	33
"GGB27884_SGB40318"	"Genotype"	"MUT"	"GenotypeMUT"	0.42680979233803	0.334397742924221	0.687063431056043	0.893663428607773	0.995190734479568	0.0337116903234638	0.232494416023888	NA	"abundance"	50	30
"Adlercreutzia_mucosicola"	"Sex"	"M"	"SexM"	0.543407990376043	0.650963691051005	0.828699012976133	0.898220257080937	0.998569582921769	0.000565608386339303	0.0212103144877238	NA	"abundance"	50	23
"GGB27929_SGB40368"	"Site"	"Jejunum"	"SiteJejunum"	-0.0625996622176974	-0.137729730603297	0.585738076011594	0.898936519154911	0.998569582921769	0.989786172839474	0.996749592920958	NA	"abundance"	50	30
"Acutalibacter_intestini"	"Site"	"Jejunum"	"SiteJejunum"	-0.213804118576275	-0.137729730603297	0.716324184070057	0.91866488716403	1	0.99338459941996	0.996749592920958	NA	"abundance"	50	10
"Adlercreutzia_caecimuris"	"Genotype"	"MUT"	"GenotypeMUT"	0.334397742924221	0.334397742924221	0.469262897691467	1	1	0.0378487513740403	0.252145553775446	NA	"abundance"	50	32
"Alistipes_timonensis"	"Genotype"	"MUT"	"GenotypeMUT"	0.49731323528679	0.334397742924221	3.85715362234345	0.970068854729153	1	0.226279214511783	0.575286138589278	NA	"abundance"	50	6
"Bacillota_unclassified_SGB43546"	"Sex"	"M"	"SexM"	0.69809389171265	0.650963691051005	0.421023311004345	0.918153043737107	1	0.385830971615398	0.67084541406707	NA	"abundance"	50	9
"Bacillota_unclassified_SGB43549"	"Sex"	"M"	"SexM"	0.644258064274027	0.650963691051005	0.310070076646894	0.987284181996574	1	0.341682202342249	0.632744819152313	NA	"abundance"	50	5
"Clostridiaceae_bacterium"	"Genotype"	"MUT"	"GenotypeMUT"	0.367907025169843	0.334397742924221	0.491766092187203	0.947261706153942	1	0.714670415861691	0.904473768638085	NA	"abundance"	50	16
"Duncaniella_dubosii"	"Genotype"	"MUT"	"GenotypeMUT"	0.265604975578746	0.334397742924221	0.851684261461616	0.936230867018416	1	0.0165106507505245	0.141519863575924	NA	"abundance"	50	24
"Duncaniella_freteri"	"Genotype"	"MUT"	"GenotypeMUT"	0.365741004461052	0.334397742924221	1.04150898722799	0.977046397826913	1	0.495030463589505	0.771476047152475	NA	"abundance"	50	9
"Duncaniella_freteri"	"Sex"	"M"	"SexM"	0.860376662146308	0.650963691051005	1.62605538513818	0.902131463036285	1	0.0378129743802118	0.252145553775446	NA	"abundance"	50	9
"Faecalibaculum_rodentium"	"Genotype"	"MUT"	"GenotypeMUT"	0.349212330137317	0.334397742924221	0.2878166231198	0.961092087848899	1	0.961092087848899	0.996749592920958	NA	"abundance"	50	50
"GGB24132_SGB35935"	"Genotype"	"MUT"	"GenotypeMUT"	0.344402120305901	0.334397742924221	0.704906094407703	0.988750649532439	1	0.0208900519209605	0.166630478798754	NA	"abundance"	50	33
"GGB24146_SGB35950"	"Site"	"Jejunum"	"SiteJejunum"	-0.120325527979103	-0.137729730603297	0.416895680209772	0.967229976431724	1	0.894597804997531	0.986688755511983	NA	"abundance"	50	30
"GGB27480_SGB39776"	"Sex"	"M"	"SexM"	0.650963691051005	0.650963691051005	0.778876715131646	1	1	0.235349636797695	0.593318412095029	NA	"abundance"	50	8
"GGB27482_SGB39778"	"Site"	"Jejunum"	"SiteJejunum"	-0.189006889182182	-0.137729730603297	0.46081362268138	0.91328108280874	1	0.699502032766904	0.904473768638085	NA	"abundance"	50	19
"GGB27861_SGB40295"	"Genotype"	"MUT"	"GenotypeMUT"	0.324623881424252	0.334397742924221	0.955075284751323	0.991963546877028	1	0.701041120801428	0.904473768638085	NA	"abundance"	50	17
"GGB27861_SGB40295"	"Sex"	"M"	"SexM"	0.730596316278932	0.650963691051005	1.02101842689	0.938896190887442	1	0.056731606595084	0.313791351241888	NA	"abundance"	50	17
"GGB27866_SGB40300"	"Site"	"Jejunum"	"SiteJejunum"	-0.192556508423107	-0.137729730603297	0.487997246756563	0.912317314231708	1	0.296637666469541	0.605155069852716	NA	"abundance"	50	19
"GGB27876_SGB40310"	"Site"	"Jejunum"	"SiteJejunum"	-0.17511571452918	-0.137729730603297	0.533448442994543	0.944728319412843	1	0.769530239926225	0.936010790858648	NA	"abundance"	50	27
"GGB27885_SGB40319"	"Sex"	"M"	"SexM"	0.718206723524089	0.650963691051005	0.561538346022025	0.907320514513658	1	0.0026221540875746	0.0534217970565621	NA	"abundance"	50	23
"GGB28382_SGB40962"	"Genotype"	"MUT"	"GenotypeMUT"	0.471862700137205	0.334397742924221	1.56361591387908	0.933822223604011	1	0.209191651578952	0.55537606613881	NA	"abundance"	50	8
"GGB28382_SGB40962"	"Site"	"Jejunum"	"SiteJejunum"	-0.21196892605458	-0.137729730603297	1.56361591387908	0.964271442231089	1	0.705377594734618	0.904473768638085	NA	"abundance"	50	8
"GGB28769_SGB41421"	"Sex"	"M"	"SexM"	0.623421796007332	0.650963691051005	1.77837244913103	0.988988831555621	1	0.220625966251067	0.570384718853841	NA	"abundance"	50	6
"GGB28904_SGB41597"	"Site"	"Jejunum"	"SiteJejunum"	-0.146106062390267	-0.137729730603297	0.989178472992336	0.993421326407816	1	0.487793918801782	0.768179399687846	NA	"abundance"	50	12
"GGB30294_SGB43258"	"Site"	"Jejunum"	"SiteJejunum"	-0.174353962072326	-0.137729730603297	0.451476614077428	0.936993153282151	1	0.984937367738614	0.996749592920958	NA	"abundance"	50	15
"GGB30455_SGB43519"	"Site"	"Jejunum"	"SiteJejunum"	-0.0866951195133721	-0.137729730603297	1.13004121419024	0.965566038956699	1	0.935400345762192	0.996749592920958	NA	"abundance"	50	9
"GGB30461_SGB63209"	"Site"	"Jejunum"	"SiteJejunum"	-0.122916994965914	-0.137729730603297	0.592603737765745	0.980824468948001	1	0.649658822356983	0.890288729220012	NA	"abundance"	50	10
"GGB3171_SGB4185"	"Sex"	"M"	"SexM"	0.63008488425184	0.650963691051005	0.397745278471222	0.961549698483796	1	0.153439844423683	0.490799967983157	NA	"abundance"	50	9
"GGB45514_SGB63186"	"Genotype"	"MUT"	"GenotypeMUT"	0.326300078061785	0.334397742924221	3.48057832919068	0.998213981116135	1	0.0249370697858103	0.187028023393577	NA	"abundance"	50	10
"GGB75879_SGB103683"	"Site"	"Jejunum"	"SiteJejunum"	-0.137729730603297	-0.137729730603297	0.797553328416868	1	1	0.598588546319235	0.859218009070672	NA	"abundance"	50	27
"Lachnospiraceae_unclassified_SGB41405"	"Site"	"Jejunum"	"SiteJejunum"	-0.0793347549876228	-0.137729730603297	0.456679211838138	0.903599366892077	1	0.969635668234527	0.996749592920958	NA	"abundance"	50	9
"Neglectibacter_caecimuris"	"Sex"	"M"	"SexM"	0.824564287902585	0.650963691051005	1.65330670571403	0.933146246939	1	0.348719888262101	0.64181574526767	NA	"abundance"	50	5
"Oscillibacter_sp_CU971"	"Genotype"	"MUT"	"GenotypeMUT"	0.0970634074908133	0.334397742924221	2.93167370860796	0.940645090035912	1	0.131743463240136	0.451691873966181	NA	"abundance"	50	7
"Oscillibacter_sp_CU971"	"Sex"	"M"	"SexM"	0.758682447712763	0.650963691051005	2.31769156890848	0.965722720311063	1	0.950349884360308	0.996749592920958	NA	"abundance"	50	7
"Acutalibacter_intestini"	"Site"	"Jejunum"	"SiteJejunum"	0.00278764926671817	0	0.711521605794419	0.996873999886224	1	0.99338459941996	0.996749592920958	NA	"prevalence"	50	10
"Alistipes_finegoldii"	"Site"	"Jejunum"	"SiteJejunum"	-0.102031270070478	0	1.0567293710249	0.923080721907236	1	0.923080721907236	0.996749592920958	NA	"prevalence"	50	3
"Alistipes_muris"	"Genotype"	"MUT"	"GenotypeMUT"	0.0145107248404615	0	0.913146141583227	0.987321420382889	1	0.987321420382889	0.996749592920958	NA	"prevalence"	50	4
"Anaerostipes_hominis"	"Sex"	"M"	"SexM"	0.0203375616891964	0	1.12483266248296	0.985574616612786	1	0.985574616612786	0.996749592920958	NA	"prevalence"	50	2
"Atopobiaceae_bacterium_FL090493"	"Sex"	"M"	"SexM"	0.0203375616891964	0	1.12483266248296	0.985574616612786	1	0.985574616612786	0.996749592920958	NA	"prevalence"	50	2
"Bacillota_unclassified_SGB43543"	"Sex"	"M"	"SexM"	-0.0341251322854656	0	0.764615901842535	0.964401891563555	1	0.964401891563555	0.996749592920958	NA	"prevalence"	50	10
"bacterium_1xD42_67"	"Genotype"	"MUT"	"GenotypeMUT"	0.0145107248404616	0	0.913146141583227	0.987321420382889	1	0.987321420382889	0.996749592920958	NA	"prevalence"	50	4
"Bacteroides_intestinalis"	"Sex"	"M"	"SexM"	0.0203375616891946	0	1.12483266248296	0.985574616612787	1	0.985574616612787	0.996749592920958	NA	"prevalence"	50	2
"Bifidobacterium_pseudolongum"	"Site"	"Jejunum"	"SiteJejunum"	0.0506681930185038	0	0.728989813279447	0.944587919220903	1	0.221499399154908	0.570384718853841	NA	"prevalence"	50	39
"Escherichia_coli"	"Genotype"	"MUT"	"GenotypeMUT"	0.0384755762311626	0	0.904868723809331	0.966083676807021	1	0.966083676807021	0.996749592920958	NA	"prevalence"	50	4
"Escherichia_coli"	"Sex"	"M"	"SexM"	-0.0806256308487765	0	0.90451206031566	0.928972910250688	1	0.965552020248957	0.996749592920958	NA	"prevalence"	50	4
"Eubacteriaceae_bacterium"	"Genotype"	"MUT"	"GenotypeMUT"	0.0707022557014925	0	0.629747523139702	0.910608696795296	1	0.923447634781943	0.996749592920958	NA	"prevalence"	50	18
"Flintibacter_SGB43538"	"Genotype"	"MUT"	"GenotypeMUT"	-0.00910319839542306	0	0.938025917965968	0.992256943751125	1	0.992256943751125	0.996749592920958	NA	"prevalence"	50	4
"GGB115370_SGB161393"	"Site"	"Jejunum"	"SiteJejunum"	0.0523054338898644	0	0.820372303790187	0.949162788791509	1	0.949162788791509	0.996749592920958	NA	"prevalence"	50	7
"GGB143828_SGB43507"	"Site"	"Jejunum"	"SiteJejunum"	-0.0723438849324331	0	0.897835883155823	0.93577927664807	1	0.93577927664807	0.996749592920958	NA	"prevalence"	50	5
"GGB22635_SGB33556"	"Site"	"Jejunum"	"SiteJejunum"	0.002787649266719	0	0.711521605794419	0.996873999886223	1	0.880992412043426	0.979126939146476	NA	"prevalence"	50	10
"GGB24148_SGB35952"	"Site"	"Jejunum"	"SiteJejunum"	0.0291557437669541	0	0.619533287506179	0.962464754807535	1	0.386854188778677	0.67084541406707	NA	"prevalence"	50	35
"GGB27478_SGB39772"	"Genotype"	"MUT"	"GenotypeMUT"	0.0367071046911779	0	0.734095630163421	0.960119866422786	1	0.442891672829356	0.720252137391258	NA	"prevalence"	50	8
"GGB27770_SGB40184"	"Genotype"	"MUT"	"GenotypeMUT"	-0.00150662103634754	0	1.1160063800621	0.998922847288141	1	0.998922847288141	0.998922847288141	NA	"prevalence"	50	2
"GGB27770_SGB40184"	"Sex"	"M"	"SexM"	-0.0830661944215332	0	1.11570525648847	0.94065094275445	1	0.94065094275445	0.996749592920958	NA	"prevalence"	50	2
"GGB27873_SGB41457"	"Genotype"	"MUT"	"GenotypeMUT"	0.0366545944152193	0	1.14845634321699	0.9745387183393	1	0.9745387183393	0.996749592920958	NA	"prevalence"	50	2
"GGB27929_SGB40368"	"Site"	"Jejunum"	"SiteJejunum"	0.00954369631100485	0	0.580814260109683	0.986890085495776	1	0.989786172839474	0.996749592920958	NA	"prevalence"	50	30
"GGB28769_SGB41421"	"Genotype"	"MUT"	"GenotypeMUT"	0.0349338284915575	0	0.812711704479557	0.96571406400688	1	0.965922097044047	0.996749592920958	NA	"prevalence"	50	6
"GGB28772_SGB41425"	"Genotype"	"MUT"	"GenotypeMUT"	0.0597230554553728	0	1.10946715358545	0.957070292668944	1	0.957070292668944	0.996749592920958	NA	"prevalence"	50	2
"GGB28772_SGB41425"	"Sex"	"M"	"SexM"	-0.0381929537748044	0	1.10875318724991	0.972520897327857	1	0.972520897327857	0.996749592920958	NA	"prevalence"	50	2
"GGB28796_SGB41449"	"Genotype"	"MUT"	"GenotypeMUT"	0.128044934766571	0	1.13076285154249	0.909842142502341	1	0.909842142502341	0.996236411216486	NA	"prevalence"	50	2
"GGB28796_SGB41449"	"Sex"	"M"	"SexM"	0.00930780011265714	0	1.12986041783482	0.993427094277888	1	0.993427094277888	0.996749592920958	NA	"prevalence"	50	2
"GGB28803_SGB41457"	"Genotype"	"MUT"	"GenotypeMUT"	0.0172162528294065	0	0.811885072849666	0.983081899912034	1	0.945328310713159	0.996749592920958	NA	"prevalence"	50	6
"GGB28879_SGB43526"	"Genotype"	"MUT"	"GenotypeMUT"	0.0597230554553728	0	1.10946715358545	0.957070292668944	1	0.957070292668944	0.996749592920958	NA	"prevalence"	50	2
"GGB28879_SGB43526"	"Sex"	"M"	"SexM"	-0.0381929537748044	0	1.10875318724991	0.972520897327857	1	0.972520897327857	0.996749592920958	NA	"prevalence"	50	2
"GGB28927_SGB41625"	"Site"	"Jejunum"	"SiteJejunum"	-0.0295632441828565	0	1.0884307461147	0.97833104568009	1	0.97833104568009	0.996749592920958	NA	"prevalence"	50	3
"GGB28946_SGB41652"	"Site"	"Jejunum"	"SiteJejunum"	-0.0723438849324316	0	0.897835883155823	0.935779276648071	1	0.935779276648071	0.996749592920958	NA	"prevalence"	50	5
"GGB28988_SGB41701"	"Genotype"	"MUT"	"GenotypeMUT"	0.0597230554553728	0	1.10946715358545	0.957070292668944	1	0.957070292668944	0.996749592920958	NA	"prevalence"	50	2
"GGB28988_SGB41701"	"Sex"	"M"	"SexM"	-0.0381929537748044	0	1.10875318724991	0.972520897327857	1	0.972520897327857	0.996749592920958	NA	"prevalence"	50	2
"GGB30296_SGB43260"	"Site"	"Jejunum"	"SiteJejunum"	-0.0529694522525766	0	0.920412339382148	0.954107318323421	1	0.954107318323421	0.996749592920958	NA	"prevalence"	50	5
"GGB30414_SGB43453"	"Sex"	"M"	"SexM"	0.0203375616891969	0	1.12483266248296	0.985574616612786	1	0.985574616612786	0.996749592920958	NA	"prevalence"	50	2
"GGB30461_SGB102216"	"Site"	"Jejunum"	"SiteJejunum"	-0.0614019877858244	0	0.898347865311648	0.945507101605911	1	0.945507101605911	0.996749592920958	NA	"prevalence"	50	5
"GGB30461_SGB43529"	"Genotype"	"MUT"	"GenotypeMUT"	0.00484900366333577	0	0.789069068331724	0.995096854049041	1	0.995096854049041	0.996758117578338	NA	"prevalence"	50	8
"GGB30461_SGB63208"	"Genotype"	"MUT"	"GenotypeMUT"	-0.00910319839542119	0	0.938025917965968	0.992256943751126	1	0.992256943751126	0.996749592920958	NA	"prevalence"	50	4
"GGB30461_SGB63209"	"Genotype"	"MUT"	"GenotypeMUT"	0.00826834868000018	0	0.729113164864236	0.990951958250333	1	0.119703256969954	0.430963918474017	NA	"prevalence"	50	10
"GGB42570_SGB59765"	"Genotype"	"MUT"	"GenotypeMUT"	0.0674485412692241	0	0.661868324926584	0.918831062287999	1	0.537591421485879	0.810439328873184	NA	"prevalence"	50	12
"GGB42646_SGB59844"	"Site"	"Jejunum"	"SiteJejunum"	-0.0942970067833384	0	0.803133927958811	0.906534121785278	1	0.906534121785278	0.996236411216486	NA	"prevalence"	50	10
"GGB45514_SGB63186"	"Site"	"Jejunum"	"SiteJejunum"	0.0764851928266262	0	0.746663807199121	0.918410674849852	1	0.780010395959455	0.938084082204886	NA	"prevalence"	50	10
"GGB79741_SGB1950"	"Sex"	"M"	"SexM"	0.0203375616891964	0	1.12483266248296	0.985574616612786	1	0.985574616612786	0.996749592920958	NA	"prevalence"	50	2
"GGB80032_SGB42945"	"Sex"	"M"	"SexM"	0.0203375616891964	0	1.12483266248296	0.985574616612786	1	0.985574616612786	0.996749592920958	NA	"prevalence"	50	2
"Lachnospiraceae_bacterium_MD308"	"Sex"	"M"	"SexM"	0.0203375616891964	0	1.12483266248296	0.985574616612786	1	0.985574616612786	0.996749592920958	NA	"prevalence"	50	2
"Lachnospiraceae_unclassified_SGB7275"	"Sex"	"M"	"SexM"	-0.0520656558078612	0	0.680804116996305	0.939039846185099	1	0.770716500819142	0.936010790858648	NA	"prevalence"	50	12
"Muribaculaceae_bacterium"	"Site"	"Jejunum"	"SiteJejunum"	0.0174371279875668	0	0.690232215117616	0.97984542712706	1	0.90989592224439	0.996236411216486	NA	"prevalence"	50	29
"Neglectibacter_caecimuris"	"Site"	"Jejunum"	"SiteJejunum"	-0.0487409900475425	0	0.87156118928908	0.955402532400089	1	0.943925840479927	0.996749592920958	NA	"prevalence"	50	5
"Oscillibacter_SGB43499"	"Site"	"Jejunum"	"SiteJejunum"	-0.0723438849324316	0	0.897835883155823	0.935779276648071	1	0.935779276648071	0.996749592920958	NA	"prevalence"	50	5
"Oscillospiraceae_unclassified_SGB102175"	"Sex"	"M"	"SexM"	-0.079559546412442	0	0.8227449319655	0.922964532213735	1	0.91248846798059	0.996448396707589	NA	"prevalence"	50	6
"Parabacteroides_distasonis"	"Sex"	"M"	"SexM"	0.0203375616891946	0	1.12483266248296	0.985574616612787	1	0.985574616612787	0.996749592920958	NA	"prevalence"	50	2
"Paramuribaculum_intestinale"	"Site"	"Jejunum"	"SiteJejunum"	0.048213982849101	0	0.739861676280382	0.948041662840824	1	0.96676866069282	0.996749592920958	NA	"prevalence"	50	26
"Parasutterella_sp_NM82_D38"	"Sex"	"M"	"SexM"	0.0203375616891964	0	1.12483266248296	0.985574616612786	1	0.985574616612786	0.996749592920958	NA	"prevalence"	50	2
"Turicibacter_sp_1E2"	"Genotype"	"MUT"	"GenotypeMUT"	0.052163652991515	0	0.624347433952069	0.93341495449011	1	0.0629060870990847	0.314922845746312	NA	"prevalence"	50	16
"GGB18828_SGB27767"	"Genotype"	"MUT"	"GenotypeMUT"	-1.05911999350043	0	0.66165521830586	0.109440539324833	0.441723805781678	0.00998136706806418	0.101505427810822	"Prevalence association possibly induced by stronger abundance association"	"prevalence"	50	16
"GGB14001_SGB21428"	"Genotype"	"MUT"	"GenotypeMUT"	1.3148212799964	0	0.977523834211725	0.178608147954333	0.54217104530333	0.000355007557905296	0.0177503778952648	"Prevalence association possibly induced by stronger abundance association"	"prevalence"	50	44
"Parvibacter_caecicola"	"Genotype"	"MUT"	"GenotypeMUT"	-1.03257718591398	0	0.790388921128843	0.191410932809501	0.559798531364181	0.00532262609676037	0.0694785149027347	"Prevalence association possibly induced by stronger abundance association"	"prevalence"	50	22
"Caniella_muris"	"Genotype"	"MUT"	"GenotypeMUT"	0.867022672876942	0	0.715510198472633	0.225606386078079	0.613253298993141	0.000687712654968475	0.0242722113518285	"Prevalence association possibly induced by stronger abundance association"	"prevalence"	50	35
"Clostridia_bacterium"	"Genotype"	"MUT"	"GenotypeMUT"	0.616470920562385	0	0.606543186093392	0.309454307084855	0.656143126644519	0.12180407155932	0.430963918474017	"Prevalence association possibly induced by stronger abundance association"	"prevalence"	50	23
"Sangeribacter_muris"	"Genotype"	"MUT"	"GenotypeMUT"	-0.471315929691403	0	0.638157588535777	0.460175876026441	0.771573085367642	0.00489381018326096	0.0694228364439285	"Prevalence association possibly induced by stronger abundance association"	"prevalence"	50	17
"Duncaniella_muricolitica"	"Genotype"	"MUT"	"GenotypeMUT"	0.034570374629699	0	0.58079065656513	0.952535584480238	1	0.0877163563356094	0.395712885724554	"Prevalence association possibly induced by stronger abundance association"	"prevalence"	50	33
"Acetatifactor_aquisgranensis"	"Genotype"	"MUT"	"GenotypeMUT"	NA	NA	NA	NA	NA	0.290855074162911	0.605155069852716	"No data points have the baseline factor level"	"abundance"	50	2
"Acetatifactor_aquisgranensis"	"Sex"	"M"	"SexM"	NA	NA	NA	NA	NA	0.298543167794006	0.605155069852716	"No data points have the baseline factor level"	"abundance"	50	2
"Acetatifactor_aquisgranensis"	"Site"	"Jejunum"	"SiteJejunum"	NA	NA	NA	NA	NA	0.825909415701654	0.943858764156814	"No data points have the baseline factor level"	"abundance"	50	2
"Acutalibacter_caecimuris"	"Genotype"	"MUT"	"GenotypeMUT"	NA	NA	NA	NA	NA	0.402617412205548	0.68490467306499	"contrasts can be applied only to factors with 2 or more levels"	"abundance"	50	6
"Acutalibacter_caecimuris"	"Sex"	"M"	"SexM"	NA	NA	NA	NA	NA	0.0432283524575423	0.27035011372947	"contrasts can be applied only to factors with 2 or more levels"	"abundance"	50	6
"Acutalibacter_caecimuris"	"Site"	"Jejunum"	"SiteJejunum"	NA	NA	NA	NA	NA	0.659804026367718	0.890288729220012	"contrasts can be applied only to factors with 2 or more levels"	"abundance"	50	6
"Acutalibacter_sp_1XD8_33"	"Genotype"	"MUT"	"GenotypeMUT"	NA	NA	NA	NA	NA	0.0551121852462794	0.31207456597679	"No data points have the baseline factor level"	"abundance"	50	5
"Acutalibacter_sp_1XD8_33"	"Sex"	"M"	"SexM"	NA	NA	NA	NA	NA	0.0618152305229088	0.314922845746312	"No data points have the baseline factor level"	"abundance"	50	5
"Acutalibacter_sp_1XD8_33"	"Site"	"Jejunum"	"SiteJejunum"	NA	NA	NA	NA	NA	0.364944173818696	0.65334266172602	"No data points have the baseline factor level"	"abundance"	50	5
"Adlercreutzia_SGB42953"	"Genotype"	"MUT"	"GenotypeMUT"	NA	NA	NA	NA	NA	0.00655822441735683	0.078698693008282	"contrasts can be applied only to factors with 2 or more levels"	"abundance"	50	11
"Adlercreutzia_SGB42953"	"Sex"	"M"	"SexM"	NA	NA	NA	NA	NA	0.156549941986134	0.490799967983157	"contrasts can be applied only to factors with 2 or more levels"	"abundance"	50	11
"Adlercreutzia_SGB42953"	"Site"	"Jejunum"	"SiteJejunum"	NA	NA	NA	NA	NA	0.213744637500729	0.55759470652364	"contrasts can be applied only to factors with 2 or more levels"	"abundance"	50	11
"Alistipes_finegoldii"	"Genotype"	"MUT"	"GenotypeMUT"	NA	NA	NA	NA	NA	0.162380038111856	0.490799967983157	"No data points have the baseline factor level"	"abundance"	50	3
"Alistipes_finegoldii"	"Sex"	"M"	"SexM"	NA	NA	NA	NA	NA	0.621779294981186	0.871653217263345	"No data points have the baseline factor level"	"abundance"	50	3
"Alistipes_finegoldii"	"Site"	"Jejunum"	"SiteJejunum"	NA	NA	NA	NA	NA	0.923080721907236	0.996749592920958	"No data points have the baseline factor level"	"abundance"	50	3
"Alistipes_muris"	"Genotype"	"MUT"	"GenotypeMUT"	-0.263080125061746	NA	NA	NA	NA	0.987321420382889	0.996749592920958	"Fitting error (NA p-value returned from fitting procedure)"	"abundance"	50	4
"Alistipes_muris"	"Sex"	"M"	"SexM"	0.893600279556441	NA	NA	NA	NA	0.332505777704837	0.63134008424969	"Fitting error (NA p-value returned from fitting procedure)"	"abundance"	50	4
"Alistipes_muris"	"Site"	"Jejunum"	"SiteJejunum"	-0.0267505548183742	NA	NA	NA	NA	0.561172017526079	0.820456328547769	"Fitting error (NA p-value returned from fitting procedure)"	"abundance"	50	4
"Anaerostipes_hominis"	"Genotype"	"MUT"	"GenotypeMUT"	NA	NA	NA	NA	NA	0.277669436814221	0.605155069852716	"No data points have the baseline factor level"	"abundance"	50	2
"Anaerostipes_hominis"	"Sex"	"M"	"SexM"	NA	NA	NA	NA	NA	0.985574616612786	0.996749592920958	"No data points have the baseline factor level"	"abundance"	50	2
"Anaerostipes_hominis"	"Site"	"Jejunum"	"SiteJejunum"	NA	NA	NA	NA	NA	0.773768920443149	0.936010790858648	"No data points have the baseline factor level"	"abundance"	50	2
"Anaerostipes_hominis_ex_Lee_et_al_2021"	"Genotype"	"MUT"	"GenotypeMUT"	NA	NA	NA	NA	NA	0.101413582046771	0.399545168392632	"No data points have the baseline factor level"	"abundance"	50	4
"Anaerostipes_hominis_ex_Lee_et_al_2021"	"Sex"	"M"	"SexM"	NA	NA	NA	NA	NA	0.375197824427023	0.660564357556597	"No data points have the baseline factor level"	"abundance"	50	4
"Anaerostipes_hominis_ex_Lee_et_al_2021"	"Site"	"Jejunum"	"SiteJejunum"	NA	NA	NA	NA	NA	0.676358342842599	0.890288729220012	"No data points have the baseline factor level"	"abundance"	50	4
"Atopobiaceae_bacterium_FL090493"	"Genotype"	"MUT"	"GenotypeMUT"	NA	NA	NA	NA	NA	0.277669436814221	0.605155069852716	"No data points have the baseline factor level"	"abundance"	50	2
"Atopobiaceae_bacterium_FL090493"	"Sex"	"M"	"SexM"	NA	NA	NA	NA	NA	0.985574616612786	0.996749592920958	"No data points have the baseline factor level"	"abundance"	50	2
"Atopobiaceae_bacterium_FL090493"	"Site"	"Jejunum"	"SiteJejunum"	NA	NA	NA	NA	NA	0.773768920443149	0.936010790858648	"No data points have the baseline factor level"	"abundance"	50	2
"Bacillota_unclassified_SGB43543"	"Genotype"	"MUT"	"GenotypeMUT"	NA	NA	NA	NA	NA	0.0083352943878488	0.0877399409247242	"No data points have the baseline factor level"	"abundance"	50	10
"Bacillota_unclassified_SGB43543"	"Sex"	"M"	"SexM"	NA	NA	NA	NA	NA	0.964401891563555	0.996749592920958	"No data points have the baseline factor level"	"abundance"	50	10
"Bacillota_unclassified_SGB43543"	"Site"	"Jejunum"	"SiteJejunum"	NA	NA	NA	NA	NA	0.558240124308374	0.820456328547769	"No data points have the baseline factor level"	"abundance"	50	10
"Bacillota_unclassified_SGB43550"	"Genotype"	"MUT"	"GenotypeMUT"	NA	NA	NA	NA	NA	0.170961988847466	0.490799967983157	"No data points have the baseline factor level"	"abundance"	50	3
"Bacillota_unclassified_SGB43550"	"Sex"	"M"	"SexM"	NA	NA	NA	NA	NA	0.609800699029539	0.864965530538354	"No data points have the baseline factor level"	"abundance"	50	3
"Bacillota_unclassified_SGB43550"	"Site"	"Jejunum"	"SiteJejunum"	NA	NA	NA	NA	NA	0.87005189244388	0.972125019490369	"No data points have the baseline factor level"	"abundance"	50	3
"bacterium_1xD42_67"	"Genotype"	"MUT"	"GenotypeMUT"	0.508588662593206	NA	NA	NA	NA	0.987321420382889	0.996749592920958	"Fitting error (NA p-value returned from fitting procedure)"	"abundance"	50	4
"bacterium_1xD42_67"	"Sex"	"M"	"SexM"	1.10896465504863	NA	NA	NA	NA	0.332505777704836	0.63134008424969	"Fitting error (NA p-value returned from fitting procedure)"	"abundance"	50	4
"bacterium_1xD42_67"	"Site"	"Jejunum"	"SiteJejunum"	-0.377331751425979	NA	NA	NA	NA	0.561172017526081	0.820456328547769	"Fitting error (NA p-value returned from fitting procedure)"	"abundance"	50	4
"Bacteroides_caecimuris"	"Genotype"	"MUT"	"GenotypeMUT"	NA	NA	NA	NA	NA	0.0976354643911838	0.39866877636067	"No data points have the baseline factor level"	"abundance"	50	4
"Bacteroides_caecimuris"	"Sex"	"M"	"SexM"	NA	NA	NA	NA	NA	0.375420743211333	0.660564357556597	"No data points have the baseline factor level"	"abundance"	50	4
"Bacteroides_caecimuris"	"Site"	"Jejunum"	"SiteJejunum"	NA	NA	NA	NA	NA	0.674125370964741	0.890288729220012	"No data points have the baseline factor level"	"abundance"	50	4
"Bacteroides_intestinalis"	"Genotype"	"MUT"	"GenotypeMUT"	NA	NA	NA	NA	NA	0.277669436814222	0.605155069852716	"No data points have the baseline factor level"	"abundance"	50	2
"Bacteroides_intestinalis"	"Sex"	"M"	"SexM"	NA	NA	NA	NA	NA	0.985574616612787	0.996749592920958	"No data points have the baseline factor level"	"abundance"	50	2
"Bacteroides_intestinalis"	"Site"	"Jejunum"	"SiteJejunum"	NA	NA	NA	NA	NA	0.773768920443149	0.936010790858648	"No data points have the baseline factor level"	"abundance"	50	2
"Blautia_pseudococcoides"	"Genotype"	"MUT"	"GenotypeMUT"	NA	NA	NA	NA	NA	0.0428350491920742	0.27035011372947	"No data points have the baseline factor level"	"abundance"	50	6
"Blautia_pseudococcoides"	"Sex"	"M"	"SexM"	NA	NA	NA	NA	NA	0.396953617072125	0.680620232420308	"No data points have the baseline factor level"	"abundance"	50	6
"Blautia_pseudococcoides"	"Site"	"Jejunum"	"SiteJejunum"	NA	NA	NA	NA	NA	0.780173261700397	0.938084082204886	"No data points have the baseline factor level"	"abundance"	50	6
"Cutibacterium_acnes"	"Genotype"	"MUT"	"GenotypeMUT"	NA	NA	NA	NA	NA	0.297182476168232	0.605155069852716	"No data points have the baseline factor level"	"abundance"	50	2
"Cutibacterium_acnes"	"Sex"	"M"	"SexM"	NA	NA	NA	NA	NA	0.32698330336091	0.626805054365961	"No data points have the baseline factor level"	"abundance"	50	2
"Cutibacterium_acnes"	"Site"	"Jejunum"	"SiteJejunum"	NA	NA	NA	NA	NA	0.361496502974632	0.65334266172602	"No data points have the baseline factor level"	"abundance"	50	2
"Enterococcus_gallinarum"	"Genotype"	"MUT"	"GenotypeMUT"	NA	NA	NA	NA	NA	0.170961988847466	0.490799967983157	"No data points have the baseline factor level"	"abundance"	50	3
"Enterococcus_gallinarum"	"Sex"	"M"	"SexM"	NA	NA	NA	NA	NA	0.60980069902954	0.864965530538354	"No data points have the baseline factor level"	"abundance"	50	3
"Enterococcus_gallinarum"	"Site"	"Jejunum"	"SiteJejunum"	NA	NA	NA	NA	NA	0.87005189244388	0.972125019490369	"No data points have the baseline factor level"	"abundance"	50	3
"Escherichia_coli"	"Genotype"	"MUT"	"GenotypeMUT"	NA	NA	NA	NA	NA	0.966083676807021	0.996749592920958	"Fitting error (NA p-value returned from fitting procedure)"	"abundance"	50	4
"Flintibacter_SGB43538"	"Genotype"	"MUT"	"GenotypeMUT"	NA	NA	NA	NA	NA	0.992256943751125	0.996749592920958	"contrasts can be applied only to factors with 2 or more levels"	"abundance"	50	4
"Flintibacter_SGB43538"	"Sex"	"M"	"SexM"	NA	NA	NA	NA	NA	0.0976234423863061	0.39866877636067	"contrasts can be applied only to factors with 2 or more levels"	"abundance"	50	4
"Flintibacter_SGB43538"	"Site"	"Jejunum"	"SiteJejunum"	NA	NA	NA	NA	NA	0.531935857040411	0.810054604630067	"contrasts can be applied only to factors with 2 or more levels"	"abundance"	50	4
"GGB115370_SGB161393"	"Genotype"	"MUT"	"GenotypeMUT"	NA	NA	NA	NA	NA	0.687424974966335	0.900556735763758	"contrasts can be applied only to factors with 2 or more levels"	"abundance"	50	7
"GGB115370_SGB161393"	"Sex"	"M"	"SexM"	NA	NA	NA	NA	NA	0.0267563185389056	0.195777940528578	"contrasts can be applied only to factors with 2 or more levels"	"abundance"	50	7
"GGB115370_SGB161393"	"Site"	"Jejunum"	"SiteJejunum"	NA	NA	NA	NA	NA	0.949162788791509	0.996749592920958	"contrasts can be applied only to factors with 2 or more levels"	"abundance"	50	7
"GGB141797_SGB41693"	"Genotype"	"MUT"	"GenotypeMUT"	NA	NA	NA	NA	NA	0.17019027555514	0.490799967983157	"No data points have the baseline factor level"	"abundance"	50	3
"GGB141797_SGB41693"	"Sex"	"M"	"SexM"	NA	NA	NA	NA	NA	0.166235154968361	0.490799967983157	"No data points have the baseline factor level"	"abundance"	50	3
"GGB141797_SGB41693"	"Site"	"Jejunum"	"SiteJejunum"	NA	NA	NA	NA	NA	0.813247895539609	0.943858764156814	"No data points have the baseline factor level"	"abundance"	50	3
"GGB143828_SGB43507"	"Genotype"	"MUT"	"GenotypeMUT"	NA	NA	NA	NA	NA	0.6609006161776	0.890288729220012	"contrasts can be applied only to factors with 2 or more levels"	"abundance"	50	5
"GGB143828_SGB43507"	"Sex"	"M"	"SexM"	NA	NA	NA	NA	NA	0.0623414363268239	0.314922845746312	"contrasts can be applied only to factors with 2 or more levels"	"abundance"	50	5
"GGB143828_SGB43507"	"Site"	"Jejunum"	"SiteJejunum"	NA	NA	NA	NA	NA	0.93577927664807	0.996749592920958	"contrasts can be applied only to factors with 2 or more levels"	"abundance"	50	5
"GGB1690_SGB40190"	"Genotype"	"MUT"	"GenotypeMUT"	NA	NA	NA	NA	NA	0.61953794597569	0.870545123150853	"contrasts can be applied only to factors with 2 or more levels"	"abundance"	50	3
"GGB1690_SGB40190"	"Sex"	"M"	"SexM"	NA	NA	NA	NA	NA	0.166823353413998	0.490799967983157	"contrasts can be applied only to factors with 2 or more levels"	"abundance"	50	3
"GGB1690_SGB40190"	"Site"	"Jejunum"	"SiteJejunum"	NA	NA	NA	NA	NA	0.804482650028143	0.943858764156814	"contrasts can be applied only to factors with 2 or more levels"	"abundance"	50	3
"GGB22635_SGB33556"	"Genotype"	"MUT"	"GenotypeMUT"	NA	NA	NA	NA	NA	0.158220858868391	0.490799967983157	"Fitting error (NA p-value returned from fitting procedure)"	"abundance"	50	10
"GGB27770_SGB40184"	"Genotype"	"MUT"	"GenotypeMUT"	NA	NA	NA	NA	NA	0.998922847288141	0.998922847288141	"contrasts can be applied only to factors with 2 or more levels"	"abundance"	50	2
"GGB27770_SGB40184"	"Sex"	"M"	"SexM"	NA	NA	NA	NA	NA	0.94065094275445	0.996749592920958	"contrasts can be applied only to factors with 2 or more levels"	"abundance"	50	2
"GGB27770_SGB40184"	"Site"	"Jejunum"	"SiteJejunum"	NA	NA	NA	NA	NA	0.392121696559478	0.67607189061979	"contrasts can be applied only to factors with 2 or more levels"	"abundance"	50	2
"GGB27873_SGB41457"	"Genotype"	"MUT"	"GenotypeMUT"	NA	NA	NA	NA	NA	0.9745387183393	0.996749592920958	"No data points have the baseline factor level"	"abundance"	50	2
"GGB27873_SGB41457"	"Sex"	"M"	"SexM"	NA	NA	NA	NA	NA	0.292331653516337	0.605155069852716	"No data points have the baseline factor level"	"abundance"	50	2
"GGB27873_SGB41457"	"Site"	"Jejunum"	"SiteJejunum"	NA	NA	NA	NA	NA	0.218307265632026	0.567031858784482	"No data points have the baseline factor level"	"abundance"	50	2
"GGB27894_SGB40329"	"Genotype"	"MUT"	"GenotypeMUT"	NA	NA	NA	NA	NA	0.0984341685371875	0.39866877636067	"No data points have the baseline factor level"	"abundance"	50	4
"GGB27894_SGB40329"	"Sex"	"M"	"SexM"	NA	NA	NA	NA	NA	0.103215835168096	0.399545168392632	"No data points have the baseline factor level"	"abundance"	50	4
"GGB27894_SGB40329"	"Site"	"Jejunum"	"SiteJejunum"	NA	NA	NA	NA	NA	0.716041733505149	0.904473768638085	"No data points have the baseline factor level"	"abundance"	50	4
"GGB28380_SGB40960"	"Genotype"	"MUT"	"GenotypeMUT"	NA	NA	NA	NA	NA	0.357767592926049	0.65334266172602	"contrasts can be applied only to factors with 2 or more levels"	"abundance"	50	4
"GGB28380_SGB40960"	"Sex"	"M"	"SexM"	NA	NA	NA	NA	NA	0.106349823408747	0.402350239683137	"contrasts can be applied only to factors with 2 or more levels"	"abundance"	50	4
"GGB28380_SGB40960"	"Site"	"Jejunum"	"SiteJejunum"	NA	NA	NA	NA	NA	0.737845815951305	0.926166296173186	"contrasts can be applied only to factors with 2 or more levels"	"abundance"	50	4
"GGB28394_SGB40975"	"Genotype"	"MUT"	"GenotypeMUT"	NA	NA	NA	NA	NA	0.280995138387109	0.605155069852716	"No data points have the baseline factor level"	"abundance"	50	2
"GGB28394_SGB40975"	"Sex"	"M"	"SexM"	NA	NA	NA	NA	NA	0.310417488165904	0.616723486422327	"No data points have the baseline factor level"	"abundance"	50	2
"GGB28394_SGB40975"	"Site"	"Jejunum"	"SiteJejunum"	NA	NA	NA	NA	NA	0.436161307819469	0.71536895447103	"No data points have the baseline factor level"	"abundance"	50	2
"GGB28419_SGB41002"	"Genotype"	"MUT"	"GenotypeMUT"	NA	NA	NA	NA	NA	0.280995138387109	0.605155069852716	"No data points have the baseline factor level"	"abundance"	50	2
"GGB28419_SGB41002"	"Sex"	"M"	"SexM"	NA	NA	NA	NA	NA	0.310417488165904	0.616723486422327	"No data points have the baseline factor level"	"abundance"	50	2
"GGB28419_SGB41002"	"Site"	"Jejunum"	"SiteJejunum"	NA	NA	NA	NA	NA	0.436161307819469	0.71536895447103	"No data points have the baseline factor level"	"abundance"	50	2
"GGB28421_SGB41004"	"Genotype"	"MUT"	"GenotypeMUT"	NA	NA	NA	NA	NA	0.280995138387109	0.605155069852716	"No data points have the baseline factor level"	"abundance"	50	2
"GGB28421_SGB41004"	"Sex"	"M"	"SexM"	NA	NA	NA	NA	NA	0.310417488165904	0.616723486422327	"No data points have the baseline factor level"	"abundance"	50	2
"GGB28421_SGB41004"	"Site"	"Jejunum"	"SiteJejunum"	NA	NA	NA	NA	NA	0.436161307819469	0.71536895447103	"No data points have the baseline factor level"	"abundance"	50	2
"GGB28439_SGB41022"	"Sex"	"M"	"SexM"	NA	NA	NA	NA	NA	0.403408597391569	0.68490467306499	"Fitting error (NA p-value returned from fitting procedure)"	"abundance"	50	4
"GGB28456_SGB41039"	"Genotype"	"MUT"	"GenotypeMUT"	NA	NA	NA	NA	NA	0.156999369257242	0.490799967983157	"No data points have the baseline factor level"	"abundance"	50	3
"GGB28456_SGB41039"	"Sex"	"M"	"SexM"	NA	NA	NA	NA	NA	0.182072688093672	0.503426787355774	"No data points have the baseline factor level"	"abundance"	50	3
"GGB28456_SGB41039"	"Site"	"Jejunum"	"SiteJejunum"	NA	NA	NA	NA	NA	0.299603920406104	0.605260445264857	"No data points have the baseline factor level"	"abundance"	50	3
"GGB28765_SGB41414"	"Genotype"	"MUT"	"GenotypeMUT"	NA	NA	NA	NA	NA	0.098434168537189	0.39866877636067	"No data points have the baseline factor level"	"abundance"	50	4
"GGB28765_SGB41414"	"Sex"	"M"	"SexM"	NA	NA	NA	NA	NA	0.103215835168097	0.399545168392632	"No data points have the baseline factor level"	"abundance"	50	4
"GGB28765_SGB41414"	"Site"	"Jejunum"	"SiteJejunum"	NA	NA	NA	NA	NA	0.71604173350515	0.904473768638085	"No data points have the baseline factor level"	"abundance"	50	4
"GGB28772_SGB41425"	"Genotype"	"MUT"	"GenotypeMUT"	NA	NA	NA	NA	NA	0.957070292668944	0.996749592920958	"Fitting error (NA p-value returned from fitting procedure)"	"abundance"	50	2
"GGB28772_SGB41425"	"Sex"	"M"	"SexM"	NA	NA	NA	NA	NA	0.972520897327857	0.996749592920958	"Fitting error (NA p-value returned from fitting procedure)"	"abundance"	50	2
"GGB28772_SGB41425"	"Site"	"Jejunum"	"SiteJejunum"	2.87469126469063	NA	NA	NA	NA	0.820889556730106	0.943858764156814	"Fitting error (NA p-value returned from fitting procedure)"	"abundance"	50	2
"GGB28793_SGB41446"	"Genotype"	"MUT"	"GenotypeMUT"	NA	NA	NA	NA	NA	0.162023192727934	0.490799967983157	"No data points have the baseline factor level"	"abundance"	50	3
"GGB28793_SGB41446"	"Sex"	"M"	"SexM"	NA	NA	NA	NA	NA	0.179018946414663	0.497274851151842	"No data points have the baseline factor level"	"abundance"	50	3
"GGB28793_SGB41446"	"Site"	"Jejunum"	"SiteJejunum"	NA	NA	NA	NA	NA	0.417090420787575	0.700992303844665	"No data points have the baseline factor level"	"abundance"	50	3
"GGB28796_SGB41449"	"Genotype"	"MUT"	"GenotypeMUT"	NA	NA	NA	NA	NA	0.909842142502341	0.996236411216486	"No data points have the baseline factor level"	"abundance"	50	2
"GGB28796_SGB41449"	"Sex"	"M"	"SexM"	NA	NA	NA	NA	NA	0.993427094277888	0.996749592920958	"No data points have the baseline factor level"	"abundance"	50	2
"GGB28796_SGB41449"	"Site"	"Jejunum"	"SiteJejunum"	NA	NA	NA	NA	NA	0.211222150697841	0.556097660203951	"No data points have the baseline factor level"	"abundance"	50	2
"GGB28814_SGB41469"	"Genotype"	"MUT"	"GenotypeMUT"	NA	NA	NA	NA	NA	0.290855074162911	0.605155069852716	"No data points have the baseline factor level"	"abundance"	50	2
"GGB28814_SGB41469"	"Sex"	"M"	"SexM"	NA	NA	NA	NA	NA	0.298543167794006	0.605155069852716	"No data points have the baseline factor level"	"abundance"	50	2
"GGB28814_SGB41469"	"Site"	"Jejunum"	"SiteJejunum"	NA	NA	NA	NA	NA	0.825909415701654	0.943858764156814	"No data points have the baseline factor level"	"abundance"	50	2
"GGB28845_SGB41512"	"Genotype"	"MUT"	"GenotypeMUT"	NA	NA	NA	NA	NA	0.295677800898954	0.605155069852716	"contrasts can be applied only to factors with 2 or more levels"	"abundance"	50	2
"GGB28845_SGB41512"	"Sex"	"M"	"SexM"	NA	NA	NA	NA	NA	0.261772949758451	0.605155069852716	"contrasts can be applied only to factors with 2 or more levels"	"abundance"	50	2
"GGB28845_SGB41512"	"Site"	"Jejunum"	"SiteJejunum"	NA	NA	NA	NA	NA	0.866772572719294	0.972125019490369	"contrasts can be applied only to factors with 2 or more levels"	"abundance"	50	2
"GGB28865_SGB41537"	"Genotype"	"MUT"	"GenotypeMUT"	NA	NA	NA	NA	NA	0.290855074162911	0.605155069852716	"No data points have the baseline factor level"	"abundance"	50	2
"GGB28865_SGB41537"	"Sex"	"M"	"SexM"	NA	NA	NA	NA	NA	0.298543167794006	0.605155069852716	"No data points have the baseline factor level"	"abundance"	50	2
"GGB28865_SGB41537"	"Site"	"Jejunum"	"SiteJejunum"	NA	NA	NA	NA	NA	0.825909415701654	0.943858764156814	"No data points have the baseline factor level"	"abundance"	50	2
"GGB28869_SGB41543"	"Genotype"	"MUT"	"GenotypeMUT"	NA	NA	NA	NA	NA	0.170961988847466	0.490799967983157	"No data points have the baseline factor level"	"abundance"	50	3
"GGB28869_SGB41543"	"Sex"	"M"	"SexM"	NA	NA	NA	NA	NA	0.609800699029539	0.864965530538354	"No data points have the baseline factor level"	"abundance"	50	3
"GGB28869_SGB41543"	"Site"	"Jejunum"	"SiteJejunum"	NA	NA	NA	NA	NA	0.87005189244388	0.972125019490369	"No data points have the baseline factor level"	"abundance"	50	3
"GGB28870_SGB41545"	"Genotype"	"MUT"	"GenotypeMUT"	NA	NA	NA	NA	NA	0.158127877112534	0.490799967983157	"No data points have the baseline factor level"	"abundance"	50	3
"GGB28870_SGB41545"	"Sex"	"M"	"SexM"	NA	NA	NA	NA	NA	0.654961481473808	0.890288729220012	"No data points have the baseline factor level"	"abundance"	50	3
"GGB28870_SGB41545"	"Site"	"Jejunum"	"SiteJejunum"	NA	NA	NA	NA	NA	0.391008326766421	0.67607189061979	"No data points have the baseline factor level"	"abundance"	50	3
"GGB28870_SGB41546"	"Genotype"	"MUT"	"GenotypeMUT"	NA	NA	NA	NA	NA	0.0651288462744976	0.314922845746312	"No data points have the baseline factor level"	"abundance"	50	5
"GGB28870_SGB41546"	"Sex"	"M"	"SexM"	NA	NA	NA	NA	NA	0.699694437860225	0.904473768638085	"No data points have the baseline factor level"	"abundance"	50	5
"GGB28870_SGB41546"	"Site"	"Jejunum"	"SiteJejunum"	NA	NA	NA	NA	NA	0.450952959956112	0.723453946453656	"No data points have the baseline factor level"	"abundance"	50	5
"GGB28879_SGB43526"	"Genotype"	"MUT"	"GenotypeMUT"	NA	NA	NA	NA	NA	0.957070292668944	0.996749592920958	"Fitting error (NA p-value returned from fitting procedure)"	"abundance"	50	2
"GGB28879_SGB43526"	"Sex"	"M"	"SexM"	NA	NA	NA	NA	NA	0.972520897327857	0.996749592920958	"Fitting error (NA p-value returned from fitting procedure)"	"abundance"	50	2
"GGB28879_SGB43526"	"Site"	"Jejunum"	"SiteJejunum"	2.76933872384937	NA	NA	NA	NA	0.820889556730106	0.943858764156814	"Fitting error (NA p-value returned from fitting procedure)"	"abundance"	50	2
"GGB28901_SGB41592"	"Genotype"	"MUT"	"GenotypeMUT"	NA	NA	NA	NA	NA	0.600988674534658	0.860604307209535	"Fitting error (NA p-value returned from fitting procedure)"	"abundance"	50	5
"GGB28925_SGB41622"	"Genotype"	"MUT"	"GenotypeMUT"	NA	NA	NA	NA	NA	0.10512854950306	0.401765157336534	"contrasts can be applied only to factors with 2 or more levels"	"abundance"	50	4
"GGB28925_SGB41622"	"Sex"	"M"	"SexM"	NA	NA	NA	NA	NA	0.422288041750646	0.707745321369798	"contrasts can be applied only to factors with 2 or more levels"	"abundance"	50	4
"GGB28925_SGB41622"	"Site"	"Jejunum"	"SiteJejunum"	NA	NA	NA	NA	NA	0.154498929442502	0.490799967983157	"contrasts can be applied only to factors with 2 or more levels"	"abundance"	50	4
"GGB28927_SGB41625"	"Genotype"	"MUT"	"GenotypeMUT"	NA	NA	NA	NA	NA	0.145250088093669	0.484166960312231	"No data points have the baseline factor level"	"abundance"	50	3
"GGB28927_SGB41625"	"Sex"	"M"	"SexM"	NA	NA	NA	NA	NA	0.172404862203664	0.492585320581898	"No data points have the baseline factor level"	"abundance"	50	3
"GGB28927_SGB41625"	"Site"	"Jejunum"	"SiteJejunum"	NA	NA	NA	NA	NA	0.97833104568009	0.996749592920958	"No data points have the baseline factor level"	"abundance"	50	3
"GGB28928_SGB41627"	"Genotype"	"MUT"	"GenotypeMUT"	NA	NA	NA	NA	NA	0.290855074162911	0.605155069852716	"No data points have the baseline factor level"	"abundance"	50	2
"GGB28928_SGB41627"	"Sex"	"M"	"SexM"	NA	NA	NA	NA	NA	0.298543167794006	0.605155069852716	"No data points have the baseline factor level"	"abundance"	50	2
"GGB28928_SGB41627"	"Site"	"Jejunum"	"SiteJejunum"	NA	NA	NA	NA	NA	0.825909415701654	0.943858764156814	"No data points have the baseline factor level"	"abundance"	50	2
"GGB28934_SGB41635"	"Genotype"	"MUT"	"GenotypeMUT"	NA	NA	NA	NA	NA	0.162023192727933	0.490799967983157	"No data points have the baseline factor level"	"abundance"	50	3
"GGB28934_SGB41635"	"Sex"	"M"	"SexM"	NA	NA	NA	NA	NA	0.179018946414663	0.497274851151842	"No data points have the baseline factor level"	"abundance"	50	3
"GGB28934_SGB41635"	"Site"	"Jejunum"	"SiteJejunum"	NA	NA	NA	NA	NA	0.417090420787576	0.700992303844665	"No data points have the baseline factor level"	"abundance"	50	3
"GGB28942_SGB41646"	"Genotype"	"MUT"	"GenotypeMUT"	NA	NA	NA	NA	NA	0.290855074162911	0.605155069852716	"No data points have the baseline factor level"	"abundance"	50	2
"GGB28942_SGB41646"	"Sex"	"M"	"SexM"	NA	NA	NA	NA	NA	0.298543167794006	0.605155069852716	"No data points have the baseline factor level"	"abundance"	50	2
"GGB28942_SGB41646"	"Site"	"Jejunum"	"SiteJejunum"	NA	NA	NA	NA	NA	0.825909415701654	0.943858764156814	"No data points have the baseline factor level"	"abundance"	50	2
"GGB28946_SGB41652"	"Genotype"	"MUT"	"GenotypeMUT"	NA	NA	NA	NA	NA	0.660900616177601	0.890288729220012	"contrasts can be applied only to factors with 2 or more levels"	"abundance"	50	5
"GGB28946_SGB41652"	"Sex"	"M"	"SexM"	NA	NA	NA	NA	NA	0.0623414363268241	0.314922845746312	"contrasts can be applied only to factors with 2 or more levels"	"abundance"	50	5
"GGB28946_SGB41652"	"Site"	"Jejunum"	"SiteJejunum"	NA	NA	NA	NA	NA	0.935779276648071	0.996749592920958	"contrasts can be applied only to factors with 2 or more levels"	"abundance"	50	5
"GGB28948_SGB41654"	"Genotype"	"MUT"	"GenotypeMUT"	NA	NA	NA	NA	NA	0.290855074162911	0.605155069852716	"No data points have the baseline factor level"	"abundance"	50	2
"GGB28948_SGB41654"	"Sex"	"M"	"SexM"	NA	NA	NA	NA	NA	0.298543167794006	0.605155069852716	"No data points have the baseline factor level"	"abundance"	50	2
"GGB28948_SGB41654"	"Site"	"Jejunum"	"SiteJejunum"	NA	NA	NA	NA	NA	0.825909415701654	0.943858764156814	"No data points have the baseline factor level"	"abundance"	50	2
"GGB28949_SGB41656"	"Genotype"	"MUT"	"GenotypeMUT"	NA	NA	NA	NA	NA	0.104881110031951	0.401765157336534	"Fitting error (NA p-value returned from fitting procedure)"	"abundance"	50	6
"GGB28956_SGB41665"	"Genotype"	"MUT"	"GenotypeMUT"	NA	NA	NA	NA	NA	0.0619633746221994	0.314922845746312	"No data points have the baseline factor level"	"abundance"	50	5
"GGB28956_SGB41665"	"Sex"	"M"	"SexM"	NA	NA	NA	NA	NA	0.655011236446971	0.890288729220012	"No data points have the baseline factor level"	"abundance"	50	5
"GGB28956_SGB41665"	"Site"	"Jejunum"	"SiteJejunum"	NA	NA	NA	NA	NA	0.884314021346601	0.979346567490677	"No data points have the baseline factor level"	"abundance"	50	5
"GGB28957_SGB41666"	"Genotype"	"MUT"	"GenotypeMUT"	NA	NA	NA	NA	NA	0.290855074162911	0.605155069852716	"No data points have the baseline factor level"	"abundance"	50	2
"GGB28957_SGB41666"	"Sex"	"M"	"SexM"	NA	NA	NA	NA	NA	0.298543167794006	0.605155069852716	"No data points have the baseline factor level"	"abundance"	50	2
"GGB28957_SGB41666"	"Site"	"Jejunum"	"SiteJejunum"	NA	NA	NA	NA	NA	0.825909415701654	0.943858764156814	"No data points have the baseline factor level"	"abundance"	50	2
"GGB28961_SGB41670"	"Genotype"	"MUT"	"GenotypeMUT"	NA	NA	NA	NA	NA	0.290855074162911	0.605155069852716	"No data points have the baseline factor level"	"abundance"	50	2
"GGB28961_SGB41670"	"Sex"	"M"	"SexM"	NA	NA	NA	NA	NA	0.298543167794006	0.605155069852716	"No data points have the baseline factor level"	"abundance"	50	2
"GGB28961_SGB41670"	"Site"	"Jejunum"	"SiteJejunum"	NA	NA	NA	NA	NA	0.825909415701654	0.943858764156814	"No data points have the baseline factor level"	"abundance"	50	2
"GGB28988_SGB41701"	"Genotype"	"MUT"	"GenotypeMUT"	NA	NA	NA	NA	NA	0.957070292668944	0.996749592920958	"Fitting error (NA p-value returned from fitting procedure)"	"abundance"	50	2
"GGB28988_SGB41701"	"Sex"	"M"	"SexM"	NA	NA	NA	NA	NA	0.972520897327857	0.996749592920958	"Fitting error (NA p-value returned from fitting procedure)"	"abundance"	50	2
"GGB28988_SGB41701"	"Site"	"Jejunum"	"SiteJejunum"	-3.37545496497546	NA	NA	NA	NA	0.820889556730106	0.943858764156814	"Fitting error (NA p-value returned from fitting procedure)"	"abundance"	50	2
"GGB28990_SGB41704"	"Genotype"	"MUT"	"GenotypeMUT"	NA	NA	NA	NA	NA	0.0984341685371889	0.39866877636067	"No data points have the baseline factor level"	"abundance"	50	4
"GGB28990_SGB41704"	"Sex"	"M"	"SexM"	NA	NA	NA	NA	NA	0.103215835168096	0.399545168392632	"No data points have the baseline factor level"	"abundance"	50	4
"GGB28990_SGB41704"	"Site"	"Jejunum"	"SiteJejunum"	NA	NA	NA	NA	NA	0.716041733505151	0.904473768638085	"No data points have the baseline factor level"	"abundance"	50	4
"GGB29003_SGB41719"	"Genotype"	"MUT"	"GenotypeMUT"	NA	NA	NA	NA	NA	0.268824089835191	0.605155069852716	"No data points have the baseline factor level"	"abundance"	50	2
"GGB29003_SGB41719"	"Sex"	"M"	"SexM"	NA	NA	NA	NA	NA	0.315661236930268	0.623015599204475	"No data points have the baseline factor level"	"abundance"	50	2
"GGB29003_SGB41719"	"Site"	"Jejunum"	"SiteJejunum"	NA	NA	NA	NA	NA	0.201198809120964	0.541342087320978	"No data points have the baseline factor level"	"abundance"	50	2
"GGB30147_SGB43074"	"Genotype"	"MUT"	"GenotypeMUT"	NA	NA	NA	NA	NA	0.290855074162911	0.605155069852716	"No data points have the baseline factor level"	"abundance"	50	2
"GGB30147_SGB43074"	"Sex"	"M"	"SexM"	NA	NA	NA	NA	NA	0.298543167794006	0.605155069852716	"No data points have the baseline factor level"	"abundance"	50	2
"GGB30147_SGB43074"	"Site"	"Jejunum"	"SiteJejunum"	NA	NA	NA	NA	NA	0.825909415701654	0.943858764156814	"No data points have the baseline factor level"	"abundance"	50	2
"GGB30296_SGB43260"	"Genotype"	"MUT"	"GenotypeMUT"	NA	NA	NA	NA	NA	0.203931826636065	0.546245964203745	"contrasts can be applied only to factors with 2 or more levels"	"abundance"	50	5
"GGB30296_SGB43260"	"Sex"	"M"	"SexM"	NA	NA	NA	NA	NA	0.0644150727657727	0.314922845746312	"contrasts can be applied only to factors with 2 or more levels"	"abundance"	50	5
"GGB30296_SGB43260"	"Site"	"Jejunum"	"SiteJejunum"	NA	NA	NA	NA	NA	0.954107318323421	0.996749592920958	"contrasts can be applied only to factors with 2 or more levels"	"abundance"	50	5
"GGB30298_SGB43262"	"Genotype"	"MUT"	"GenotypeMUT"	NA	NA	NA	NA	NA	0.709224679801171	0.904473768638085	"contrasts can be applied only to factors with 2 or more levels"	"abundance"	50	11
"GGB30298_SGB43262"	"Sex"	"M"	"SexM"	NA	NA	NA	NA	NA	0.00532668614254299	0.0694785149027347	"contrasts can be applied only to factors with 2 or more levels"	"abundance"	50	11
"GGB30298_SGB43262"	"Site"	"Jejunum"	"SiteJejunum"	NA	NA	NA	NA	NA	0.753020526546825	0.936010790858648	"contrasts can be applied only to factors with 2 or more levels"	"abundance"	50	11
"GGB30414_SGB43453"	"Genotype"	"MUT"	"GenotypeMUT"	NA	NA	NA	NA	NA	0.277669436814222	0.605155069852716	"No data points have the baseline factor level"	"abundance"	50	2
"GGB30414_SGB43453"	"Sex"	"M"	"SexM"	NA	NA	NA	NA	NA	0.985574616612786	0.996749592920958	"No data points have the baseline factor level"	"abundance"	50	2
"GGB30414_SGB43453"	"Site"	"Jejunum"	"SiteJejunum"	NA	NA	NA	NA	NA	0.773768920443149	0.936010790858648	"No data points have the baseline factor level"	"abundance"	50	2
"GGB30454_SGB43514"	"Genotype"	"MUT"	"GenotypeMUT"	NA	NA	NA	NA	NA	0.0758443318623422	0.349240086648276	"contrasts can be applied only to factors with 2 or more levels"	"abundance"	50	5
"GGB30454_SGB43514"	"Sex"	"M"	"SexM"	NA	NA	NA	NA	NA	0.260338844253802	0.605155069852716	"contrasts can be applied only to factors with 2 or more levels"	"abundance"	50	5
"GGB30454_SGB43514"	"Site"	"Jejunum"	"SiteJejunum"	NA	NA	NA	NA	NA	0.325876049278559	0.626805054365961	"contrasts can be applied only to factors with 2 or more levels"	"abundance"	50	5
"GGB30454_SGB43516"	"Genotype"	"MUT"	"GenotypeMUT"	NA	NA	NA	NA	NA	0.436375062227328	0.71536895447103	"contrasts can be applied only to factors with 2 or more levels"	"abundance"	50	8
"GGB30454_SGB43516"	"Sex"	"M"	"SexM"	NA	NA	NA	NA	NA	0.018045409563343	0.150378413027858	"contrasts can be applied only to factors with 2 or more levels"	"abundance"	50	8
"GGB30454_SGB43516"	"Site"	"Jejunum"	"SiteJejunum"	NA	NA	NA	NA	NA	0.795230174329717	0.943858764156814	"contrasts can be applied only to factors with 2 or more levels"	"abundance"	50	8
"GGB30460_SGB43527"	"Genotype"	"MUT"	"GenotypeMUT"	NA	NA	NA	NA	NA	0.169794027886446	0.490799967983157	"contrasts can be applied only to factors with 2 or more levels"	"abundance"	50	3
"GGB30460_SGB43527"	"Sex"	"M"	"SexM"	NA	NA	NA	NA	NA	0.143232872754176	0.482807436250032	"contrasts can be applied only to factors with 2 or more levels"	"abundance"	50	3
"GGB30460_SGB43527"	"Site"	"Jejunum"	"SiteJejunum"	NA	NA	NA	NA	NA	0.771842927399404	0.936010790858648	"contrasts can be applied only to factors with 2 or more levels"	"abundance"	50	3
"GGB30461_SGB102216"	"Genotype"	"MUT"	"GenotypeMUT"	NA	NA	NA	NA	NA	0.662395676383462	0.890288729220012	"contrasts can be applied only to factors with 2 or more levels"	"abundance"	50	5
"GGB30461_SGB102216"	"Sex"	"M"	"SexM"	NA	NA	NA	NA	NA	0.0654037019325096	0.314922845746312	"contrasts can be applied only to factors with 2 or more levels"	"abundance"	50	5
"GGB30461_SGB102216"	"Site"	"Jejunum"	"SiteJejunum"	NA	NA	NA	NA	NA	0.945507101605911	0.996749592920958	"contrasts can be applied only to factors with 2 or more levels"	"abundance"	50	5
"GGB30461_SGB43529"	"Genotype"	"MUT"	"GenotypeMUT"	NA	NA	NA	NA	NA	0.995096854049041	0.996758117578338	"contrasts can be applied only to factors with 2 or more levels"	"abundance"	50	8
"GGB30461_SGB43529"	"Sex"	"M"	"SexM"	NA	NA	NA	NA	NA	0.0184650465591997	0.151767505966025	"contrasts can be applied only to factors with 2 or more levels"	"abundance"	50	8
"GGB30461_SGB43529"	"Site"	"Jejunum"	"SiteJejunum"	NA	NA	NA	NA	NA	0.596006925799275	0.857563922013346	"contrasts can be applied only to factors with 2 or more levels"	"abundance"	50	8
"GGB30461_SGB63204"	"Genotype"	"MUT"	"GenotypeMUT"	NA	NA	NA	NA	NA	0.0488309210027582	0.292985526016549	"No data points have the baseline factor level"	"abundance"	50	5
"GGB30461_SGB63204"	"Sex"	"M"	"SexM"	NA	NA	NA	NA	NA	0.0632955222891883	0.314922845746312	"No data points have the baseline factor level"	"abundance"	50	5
"GGB30461_SGB63204"	"Site"	"Jejunum"	"SiteJejunum"	NA	NA	NA	NA	NA	0.494406737196188	0.771476047152475	"No data points have the baseline factor level"	"abundance"	50	5
"GGB30461_SGB63208"	"Genotype"	"MUT"	"GenotypeMUT"	NA	NA	NA	NA	NA	0.992256943751126	0.996749592920958	"contrasts can be applied only to factors with 2 or more levels"	"abundance"	50	4
"GGB30461_SGB63208"	"Sex"	"M"	"SexM"	NA	NA	NA	NA	NA	0.0976234423863055	0.39866877636067	"contrasts can be applied only to factors with 2 or more levels"	"abundance"	50	4
"GGB30461_SGB63208"	"Site"	"Jejunum"	"SiteJejunum"	NA	NA	NA	NA	NA	0.531935857040411	0.810054604630067	"contrasts can be applied only to factors with 2 or more levels"	"abundance"	50	4
"GGB30468_SGB43552"	"Genotype"	"MUT"	"GenotypeMUT"	NA	NA	NA	NA	NA	0.61953794597569	0.870545123150853	"contrasts can be applied only to factors with 2 or more levels"	"abundance"	50	3
"GGB30468_SGB43552"	"Sex"	"M"	"SexM"	NA	NA	NA	NA	NA	0.166823353413998	0.490799967983157	"contrasts can be applied only to factors with 2 or more levels"	"abundance"	50	3
"GGB30468_SGB43552"	"Site"	"Jejunum"	"SiteJejunum"	NA	NA	NA	NA	NA	0.804482650028143	0.943858764156814	"contrasts can be applied only to factors with 2 or more levels"	"abundance"	50	3
"GGB30472_SGB43556"	"Genotype"	"MUT"	"GenotypeMUT"	NA	NA	NA	NA	NA	0.290855074162911	0.605155069852716	"No data points have the baseline factor level"	"abundance"	50	2
"GGB30472_SGB43556"	"Sex"	"M"	"SexM"	NA	NA	NA	NA	NA	0.298543167794006	0.605155069852716	"No data points have the baseline factor level"	"abundance"	50	2
"GGB30472_SGB43556"	"Site"	"Jejunum"	"SiteJejunum"	NA	NA	NA	NA	NA	0.825909415701654	0.943858764156814	"No data points have the baseline factor level"	"abundance"	50	2
"GGB30475_SGB63182"	"Genotype"	"MUT"	"GenotypeMUT"	NA	NA	NA	NA	NA	0.439543439854919	0.718599629190603	"contrasts can be applied only to factors with 2 or more levels"	"abundance"	50	10
"GGB30475_SGB63182"	"Sex"	"M"	"SexM"	NA	NA	NA	NA	NA	0.00681453683369409	0.0801710215728716	"contrasts can be applied only to factors with 2 or more levels"	"abundance"	50	10
"GGB30475_SGB63182"	"Site"	"Jejunum"	"SiteJejunum"	NA	NA	NA	NA	NA	0.364592384409696	0.65334266172602	"contrasts can be applied only to factors with 2 or more levels"	"abundance"	50	10
"GGB30667_SGB43809"	"Genotype"	"MUT"	"GenotypeMUT"	NA	NA	NA	NA	NA	0.624231614954812	0.87305120972701	"contrasts can be applied only to factors with 2 or more levels"	"abundance"	50	3
"GGB30667_SGB43809"	"Sex"	"M"	"SexM"	NA	NA	NA	NA	NA	0.555886713113248	0.820456328547769	"contrasts can be applied only to factors with 2 or more levels"	"abundance"	50	3
"GGB30667_SGB43809"	"Site"	"Jejunum"	"SiteJejunum"	NA	NA	NA	NA	NA	0.265464798083502	0.605155069852716	"contrasts can be applied only to factors with 2 or more levels"	"abundance"	50	3
"GGB31108_SGB44379"	"Genotype"	"MUT"	"GenotypeMUT"	NA	NA	NA	NA	NA	0.197152867889182	0.53284558888968	"contrasts can be applied only to factors with 2 or more levels"	"abundance"	50	3
"GGB31108_SGB44379"	"Sex"	"M"	"SexM"	NA	NA	NA	NA	NA	0.700455190459567	0.904473768638085	"contrasts can be applied only to factors with 2 or more levels"	"abundance"	50	3
"GGB31108_SGB44379"	"Site"	"Jejunum"	"SiteJejunum"	NA	NA	NA	NA	NA	0.785009808724835	0.940131507454892	"contrasts can be applied only to factors with 2 or more levels"	"abundance"	50	3
"GGB3171_SGB4185"	"Genotype"	"MUT"	"GenotypeMUT"	NA	NA	NA	NA	NA	0.0761633115958224	0.349240086648276	"Fitting error (NA p-value returned from fitting procedure)"	"abundance"	50	9
"GGB32371_SGB41694"	"Genotype"	"MUT"	"GenotypeMUT"	NA	NA	NA	NA	NA	0.00494518202778374	0.0694228364439285	"contrasts can be applied only to factors with 2 or more levels"	"abundance"	50	10
"GGB32371_SGB41694"	"Sex"	"M"	"SexM"	NA	NA	NA	NA	NA	0.00347100143296538	0.0562865097237629	"contrasts can be applied only to factors with 2 or more levels"	"abundance"	50	10
"GGB32371_SGB41694"	"Site"	"Jejunum"	"SiteJejunum"	NA	NA	NA	NA	NA	0.847273656846673	0.964637939483878	"contrasts can be applied only to factors with 2 or more levels"	"abundance"	50	10
"GGB42322_SGB59489"	"Genotype"	"MUT"	"GenotypeMUT"	NA	NA	NA	NA	NA	0.0976354643911834	0.39866877636067	"No data points have the baseline factor level"	"abundance"	50	4
"GGB42322_SGB59489"	"Sex"	"M"	"SexM"	NA	NA	NA	NA	NA	0.375420743211333	0.660564357556597	"No data points have the baseline factor level"	"abundance"	50	4
"GGB42322_SGB59489"	"Site"	"Jejunum"	"SiteJejunum"	NA	NA	NA	NA	NA	0.674125370964741	0.890288729220012	"No data points have the baseline factor level"	"abundance"	50	4
"GGB42646_SGB59844"	"Genotype"	"MUT"	"GenotypeMUT"	NA	NA	NA	NA	NA	0.137265691124677	0.465307427541277	"contrasts can be applied only to factors with 2 or more levels"	"abundance"	50	10
"GGB42646_SGB59844"	"Sex"	"M"	"SexM"	NA	NA	NA	NA	NA	0.00739878379247148	0.0807140050087797	"contrasts can be applied only to factors with 2 or more levels"	"abundance"	50	10
"GGB42646_SGB59844"	"Site"	"Jejunum"	"SiteJejunum"	NA	NA	NA	NA	NA	0.906534121785278	0.996236411216486	"contrasts can be applied only to factors with 2 or more levels"	"abundance"	50	10
"GGB45515_SGB63187"	"Genotype"	"MUT"	"GenotypeMUT"	NA	NA	NA	NA	NA	0.106622813516031	0.402350239683137	"contrasts can be applied only to factors with 2 or more levels"	"abundance"	50	4
"GGB45515_SGB63187"	"Sex"	"M"	"SexM"	NA	NA	NA	NA	NA	0.881214245231828	0.979126939146476	"contrasts can be applied only to factors with 2 or more levels"	"abundance"	50	4
"GGB45515_SGB63187"	"Site"	"Jejunum"	"SiteJejunum"	NA	NA	NA	NA	NA	0.158221997149014	0.490799967983157	"contrasts can be applied only to factors with 2 or more levels"	"abundance"	50	4
"GGB45656_SGB63370"	"Genotype"	"MUT"	"GenotypeMUT"	NA	NA	NA	NA	NA	0.170190275555141	0.490799967983157	"No data points have the baseline factor level"	"abundance"	50	3
"GGB45656_SGB63370"	"Sex"	"M"	"SexM"	NA	NA	NA	NA	NA	0.166235154968362	0.490799967983157	"No data points have the baseline factor level"	"abundance"	50	3
"GGB45656_SGB63370"	"Site"	"Jejunum"	"SiteJejunum"	NA	NA	NA	NA	NA	0.813247895539609	0.943858764156814	"No data points have the baseline factor level"	"abundance"	50	3
"GGB70518_SGB94950"	"Genotype"	"MUT"	"GenotypeMUT"	NA	NA	NA	NA	NA	0.0511517487962651	0.303871775027318	"contrasts can be applied only to factors with 2 or more levels"	"abundance"	50	6
"GGB70518_SGB94950"	"Sex"	"M"	"SexM"	NA	NA	NA	NA	NA	0.312191176680572	0.618200349862518	"contrasts can be applied only to factors with 2 or more levels"	"abundance"	50	6
"GGB70518_SGB94950"	"Site"	"Jejunum"	"SiteJejunum"	NA	NA	NA	NA	NA	0.647285218346362	0.890288729220012	"contrasts can be applied only to factors with 2 or more levels"	"abundance"	50	6
"GGB73359_SGB46611"	"Genotype"	"MUT"	"GenotypeMUT"	NA	NA	NA	NA	NA	0.120733263110153	0.430963918474017	"contrasts can be applied only to factors with 2 or more levels"	"abundance"	50	4
"GGB73359_SGB46611"	"Sex"	"M"	"SexM"	NA	NA	NA	NA	NA	0.884676399299912	0.979346567490677	"contrasts can be applied only to factors with 2 or more levels"	"abundance"	50	4
"GGB73359_SGB46611"	"Site"	"Jejunum"	"SiteJejunum"	NA	NA	NA	NA	NA	0.519086804926449	0.802711554009972	"contrasts can be applied only to factors with 2 or more levels"	"abundance"	50	4
"GGB74395_SGB43523"	"Genotype"	"MUT"	"GenotypeMUT"	NA	NA	NA	NA	NA	0.363236476023509	0.65334266172602	"contrasts can be applied only to factors with 2 or more levels"	"abundance"	50	4
"GGB74395_SGB43523"	"Sex"	"M"	"SexM"	NA	NA	NA	NA	NA	0.0983373668565084	0.39866877636067	"contrasts can be applied only to factors with 2 or more levels"	"abundance"	50	4
"GGB74395_SGB43523"	"Site"	"Jejunum"	"SiteJejunum"	NA	NA	NA	NA	NA	0.535697624232403	0.810439328873184	"contrasts can be applied only to factors with 2 or more levels"	"abundance"	50	4
"GGB74408_SGB43542"	"Genotype"	"MUT"	"GenotypeMUT"	NA	NA	NA	NA	NA	0.290855074162911	0.605155069852716	"No data points have the baseline factor level"	"abundance"	50	2
"GGB74408_SGB43542"	"Sex"	"M"	"SexM"	NA	NA	NA	NA	NA	0.298543167794006	0.605155069852716	"No data points have the baseline factor level"	"abundance"	50	2
"GGB74408_SGB43542"	"Site"	"Jejunum"	"SiteJejunum"	NA	NA	NA	NA	NA	0.825909415701654	0.943858764156814	"No data points have the baseline factor level"	"abundance"	50	2
"GGB75057_SGB102223"	"Genotype"	"MUT"	"GenotypeMUT"	NA	NA	NA	NA	NA	0.123754199921574	0.434225262882716	"contrasts can be applied only to factors with 2 or more levels"	"abundance"	50	8
"GGB75057_SGB102223"	"Sex"	"M"	"SexM"	NA	NA	NA	NA	NA	0.0174418164762194	0.147395632193403	"contrasts can be applied only to factors with 2 or more levels"	"abundance"	50	8
"GGB75057_SGB102223"	"Site"	"Jejunum"	"SiteJejunum"	NA	NA	NA	NA	NA	0.568462582023282	0.825853630058037	"contrasts can be applied only to factors with 2 or more levels"	"abundance"	50	8
"GGB75074_SGB102167"	"Genotype"	"MUT"	"GenotypeMUT"	NA	NA	NA	NA	NA	0.709818168942816	0.904473768638085	"contrasts can be applied only to factors with 2 or more levels"	"abundance"	50	13
"GGB75074_SGB102167"	"Sex"	"M"	"SexM"	NA	NA	NA	NA	NA	0.00231642953889585	0.0514762119754634	"contrasts can be applied only to factors with 2 or more levels"	"abundance"	50	13
"GGB75074_SGB102167"	"Site"	"Jejunum"	"SiteJejunum"	NA	NA	NA	NA	NA	0.658713748209035	0.890288729220012	"contrasts can be applied only to factors with 2 or more levels"	"abundance"	50	13
"GGB75094_SGB102310"	"Genotype"	"MUT"	"GenotypeMUT"	NA	NA	NA	NA	NA	0.290855074162911	0.605155069852716	"No data points have the baseline factor level"	"abundance"	50	2
"GGB75094_SGB102310"	"Sex"	"M"	"SexM"	NA	NA	NA	NA	NA	0.298543167794006	0.605155069852716	"No data points have the baseline factor level"	"abundance"	50	2
"GGB75094_SGB102310"	"Site"	"Jejunum"	"SiteJejunum"	NA	NA	NA	NA	NA	0.825909415701654	0.943858764156814	"No data points have the baseline factor level"	"abundance"	50	2
"GGB75104_SGB102231"	"Genotype"	"MUT"	"GenotypeMUT"	NA	NA	NA	NA	NA	0.162023192727933	0.490799967983157	"No data points have the baseline factor level"	"abundance"	50	3
"GGB75104_SGB102231"	"Sex"	"M"	"SexM"	NA	NA	NA	NA	NA	0.179018946414663	0.497274851151842	"No data points have the baseline factor level"	"abundance"	50	3
"GGB75104_SGB102231"	"Site"	"Jejunum"	"SiteJejunum"	NA	NA	NA	NA	NA	0.417090420787575	0.700992303844665	"No data points have the baseline factor level"	"abundance"	50	3
"GGB79741_SGB1950"	"Genotype"	"MUT"	"GenotypeMUT"	NA	NA	NA	NA	NA	0.277669436814221	0.605155069852716	"No data points have the baseline factor level"	"abundance"	50	2
"GGB79741_SGB1950"	"Sex"	"M"	"SexM"	NA	NA	NA	NA	NA	0.985574616612786	0.996749592920958	"No data points have the baseline factor level"	"abundance"	50	2
"GGB79741_SGB1950"	"Site"	"Jejunum"	"SiteJejunum"	NA	NA	NA	NA	NA	0.773768920443149	0.936010790858648	"No data points have the baseline factor level"	"abundance"	50	2
"GGB80032_SGB42945"	"Genotype"	"MUT"	"GenotypeMUT"	NA	NA	NA	NA	NA	0.277669436814221	0.605155069852716	"No data points have the baseline factor level"	"abundance"	50	2
"GGB80032_SGB42945"	"Sex"	"M"	"SexM"	NA	NA	NA	NA	NA	0.985574616612786	0.996749592920958	"No data points have the baseline factor level"	"abundance"	50	2
"GGB80032_SGB42945"	"Site"	"Jejunum"	"SiteJejunum"	NA	NA	NA	NA	NA	0.773768920443149	0.936010790858648	"No data points have the baseline factor level"	"abundance"	50	2
"Hominisplanchenecus_murintestinalis"	"Genotype"	"MUT"	"GenotypeMUT"	NA	NA	NA	NA	NA	0.639899922323325	0.888181773973081	"Fitting error (NA p-value returned from fitting procedure)"	"abundance"	50	11
"Lachnospiraceae_bacterium_A2"	"Genotype"	"MUT"	"GenotypeMUT"	NA	NA	NA	NA	NA	0.0551121852462796	0.31207456597679	"No data points have the baseline factor level"	"abundance"	50	5
"Lachnospiraceae_bacterium_A2"	"Sex"	"M"	"SexM"	NA	NA	NA	NA	NA	0.0618152305229092	0.314922845746312	"No data points have the baseline factor level"	"abundance"	50	5
"Lachnospiraceae_bacterium_A2"	"Site"	"Jejunum"	"SiteJejunum"	NA	NA	NA	NA	NA	0.364944173818695	0.65334266172602	"No data points have the baseline factor level"	"abundance"	50	5
"Lachnospiraceae_bacterium_MD308"	"Genotype"	"MUT"	"GenotypeMUT"	NA	NA	NA	NA	NA	0.277669436814221	0.605155069852716	"No data points have the baseline factor level"	"abundance"	50	2
"Lachnospiraceae_bacterium_MD308"	"Sex"	"M"	"SexM"	NA	NA	NA	NA	NA	0.985574616612786	0.996749592920958	"No data points have the baseline factor level"	"abundance"	50	2
"Lachnospiraceae_bacterium_MD308"	"Site"	"Jejunum"	"SiteJejunum"	NA	NA	NA	NA	NA	0.773768920443149	0.936010790858648	"No data points have the baseline factor level"	"abundance"	50	2
"Oscillibacter_SGB43496"	"Genotype"	"MUT"	"GenotypeMUT"	NA	NA	NA	NA	NA	0.0335074002253652	0.232494416023888	"No data points have the baseline factor level"	"abundance"	50	6
"Oscillibacter_SGB43496"	"Sex"	"M"	"SexM"	NA	NA	NA	NA	NA	0.0357853278282009	0.243990871555915	"No data points have the baseline factor level"	"abundance"	50	6
"Oscillibacter_SGB43496"	"Site"	"Jejunum"	"SiteJejunum"	NA	NA	NA	NA	NA	0.612139418136965	0.866235025665516	"No data points have the baseline factor level"	"abundance"	50	6
"Oscillibacter_SGB43499"	"Genotype"	"MUT"	"GenotypeMUT"	NA	NA	NA	NA	NA	0.660900616177601	0.890288729220012	"contrasts can be applied only to factors with 2 or more levels"	"abundance"	50	5
"Oscillibacter_SGB43499"	"Sex"	"M"	"SexM"	NA	NA	NA	NA	NA	0.0623414363268241	0.314922845746312	"contrasts can be applied only to factors with 2 or more levels"	"abundance"	50	5
"Oscillibacter_SGB43499"	"Site"	"Jejunum"	"SiteJejunum"	NA	NA	NA	NA	NA	0.935779276648071	0.996749592920958	"contrasts can be applied only to factors with 2 or more levels"	"abundance"	50	5
"Oscillibacter_SGB43502"	"Genotype"	"MUT"	"GenotypeMUT"	NA	NA	NA	NA	NA	0.593278856296287	0.855690658119644	"contrasts can be applied only to factors with 2 or more levels"	"abundance"	50	3
"Oscillibacter_SGB43502"	"Sex"	"M"	"SexM"	NA	NA	NA	NA	NA	0.147000447456263	0.487294300959987	"contrasts can be applied only to factors with 2 or more levels"	"abundance"	50	3
"Oscillibacter_SGB43502"	"Site"	"Jejunum"	"SiteJejunum"	NA	NA	NA	NA	NA	0.237252727010518	0.595613540612179	"contrasts can be applied only to factors with 2 or more levels"	"abundance"	50	3
"Oscillibacter_SGB94990"	"Genotype"	"MUT"	"GenotypeMUT"	NA	NA	NA	NA	NA	0.61953794597569	0.870545123150853	"contrasts can be applied only to factors with 2 or more levels"	"abundance"	50	3
"Oscillibacter_SGB94990"	"Sex"	"M"	"SexM"	NA	NA	NA	NA	NA	0.166823353413998	0.490799967983157	"contrasts can be applied only to factors with 2 or more levels"	"abundance"	50	3
"Oscillibacter_SGB94990"	"Site"	"Jejunum"	"SiteJejunum"	NA	NA	NA	NA	NA	0.804482650028143	0.943858764156814	"contrasts can be applied only to factors with 2 or more levels"	"abundance"	50	3
"Oscillospiraceae_bacterium"	"Genotype"	"MUT"	"GenotypeMUT"	NA	NA	NA	NA	NA	0.110987365508819	0.411064316699331	"contrasts can be applied only to factors with 2 or more levels"	"abundance"	50	6
"Oscillospiraceae_bacterium"	"Sex"	"M"	"SexM"	NA	NA	NA	NA	NA	0.0382420756559427	0.252145553775446	"contrasts can be applied only to factors with 2 or more levels"	"abundance"	50	6
"Oscillospiraceae_bacterium"	"Site"	"Jejunum"	"SiteJejunum"	NA	NA	NA	NA	NA	0.672338392444144	0.890288729220012	"contrasts can be applied only to factors with 2 or more levels"	"abundance"	50	6
"Oscillospiraceae_unclassified_SGB43526"	"Genotype"	"MUT"	"GenotypeMUT"	NA	NA	NA	NA	NA	0.108809802993029	0.407756881889552	"contrasts can be applied only to factors with 2 or more levels"	"abundance"	50	6
"Oscillospiraceae_unclassified_SGB43526"	"Sex"	"M"	"SexM"	NA	NA	NA	NA	NA	0.0410733149819033	0.267869445534152	"contrasts can be applied only to factors with 2 or more levels"	"abundance"	50	6
"Oscillospiraceae_unclassified_SGB43526"	"Site"	"Jejunum"	"SiteJejunum"	NA	NA	NA	NA	NA	0.64097118021724	0.888181773973081	"contrasts can be applied only to factors with 2 or more levels"	"abundance"	50	6
"Parabacteroides_distasonis"	"Genotype"	"MUT"	"GenotypeMUT"	NA	NA	NA	NA	NA	0.277669436814222	0.605155069852716	"No data points have the baseline factor level"	"abundance"	50	2
"Parabacteroides_distasonis"	"Sex"	"M"	"SexM"	NA	NA	NA	NA	NA	0.985574616612787	0.996749592920958	"No data points have the baseline factor level"	"abundance"	50	2
"Parabacteroides_distasonis"	"Site"	"Jejunum"	"SiteJejunum"	NA	NA	NA	NA	NA	0.773768920443149	0.936010790858648	"No data points have the baseline factor level"	"abundance"	50	2
"Parabacteroides_goldsteinii"	"Genotype"	"MUT"	"GenotypeMUT"	NA	NA	NA	NA	NA	0.28099513838711	0.605155069852716	"No data points have the baseline factor level"	"abundance"	50	2
"Parabacteroides_goldsteinii"	"Sex"	"M"	"SexM"	NA	NA	NA	NA	NA	0.310417488165905	0.616723486422327	"No data points have the baseline factor level"	"abundance"	50	2
"Parabacteroides_goldsteinii"	"Site"	"Jejunum"	"SiteJejunum"	NA	NA	NA	NA	NA	0.43616130781947	0.71536895447103	"No data points have the baseline factor level"	"abundance"	50	2
"Parabacteroides_SGB1950"	"Genotype"	"MUT"	"GenotypeMUT"	NA	NA	NA	NA	NA	0.28099513838711	0.605155069852716	"No data points have the baseline factor level"	"abundance"	50	2
"Parabacteroides_SGB1950"	"Sex"	"M"	"SexM"	NA	NA	NA	NA	NA	0.310417488165903	0.616723486422327	"No data points have the baseline factor level"	"abundance"	50	2
"Parabacteroides_SGB1950"	"Site"	"Jejunum"	"SiteJejunum"	NA	NA	NA	NA	NA	0.436161307819469	0.71536895447103	"No data points have the baseline factor level"	"abundance"	50	2
"Parasutterella_sp_NM82_D38"	"Genotype"	"MUT"	"GenotypeMUT"	NA	NA	NA	NA	NA	0.277669436814221	0.605155069852716	"No data points have the baseline factor level"	"abundance"	50	2
"Parasutterella_sp_NM82_D38"	"Sex"	"M"	"SexM"	NA	NA	NA	NA	NA	0.985574616612786	0.996749592920958	"No data points have the baseline factor level"	"abundance"	50	2
"Parasutterella_sp_NM82_D38"	"Site"	"Jejunum"	"SiteJejunum"	NA	NA	NA	NA	NA	0.773768920443149	0.936010790858648	"No data points have the baseline factor level"	"abundance"	50	2
"Pseudoflavonifractor_sp_524_17"	"Genotype"	"MUT"	"GenotypeMUT"	NA	NA	NA	NA	NA	0.0976354643911834	0.39866877636067	"No data points have the baseline factor level"	"abundance"	50	4
"Pseudoflavonifractor_sp_524_17"	"Sex"	"M"	"SexM"	NA	NA	NA	NA	NA	0.375420743211333	0.660564357556597	"No data points have the baseline factor level"	"abundance"	50	4
"Pseudoflavonifractor_sp_524_17"	"Site"	"Jejunum"	"SiteJejunum"	NA	NA	NA	NA	NA	0.674125370964741	0.890288729220012	"No data points have the baseline factor level"	"abundance"	50	4
"Pseudomonas_aeruginosa"	"Genotype"	"MUT"	"GenotypeMUT"	NA	NA	NA	NA	NA	0.336061545792349	0.63211931784123	"No data points have the baseline factor level"	"abundance"	50	2
"Pseudomonas_aeruginosa"	"Sex"	"M"	"SexM"	NA	NA	NA	NA	NA	0.328709550792414	0.628107421896332	"No data points have the baseline factor level"	"abundance"	50	2
"Pseudomonas_aeruginosa"	"Site"	"Jejunum"	"SiteJejunum"	NA	NA	NA	NA	NA	0.851524941202844	0.967641978639595	"No data points have the baseline factor level"	"abundance"	50	2
"Thomasclavelia_cocleata"	"Genotype"	"MUT"	"GenotypeMUT"	NA	NA	NA	NA	NA	0.0551331733225662	0.31207456597679	"Fitting error (NA p-value returned from fitting procedure)"	"abundance"	50	7
"Faecalibaculum_rodentium"	"Genotype"	"MUT"	"GenotypeMUT"	NA	0	NA	NA	NA	0.961092087848899	0.996749592920958	"All logistic values are the same"	"prevalence"	50	50
"Faecalibaculum_rodentium"	"Sex"	"M"	"SexM"	NA	0	NA	NA	NA	0.483176924116618	0.764923890422086	"All logistic values are the same"	"prevalence"	50	50
"Faecalibaculum_rodentium"	"Site"	"Jejunum"	"SiteJejunum"	NA	0	NA	NA	NA	0.530194888300143	0.810054604630067	"All logistic values are the same"	"prevalence"	50	50
