2026-01-11 15:28:14.546051 INFO::Writing function arguments to log file
2026-01-11 15:28:14.552118 DEBUG::Function arguments
2026-01-11 15:28:14.558382 DEBUG::Output folder: /home/julianne/Documents/slc_si_paper/results/Bracken/SMT_Maaslin3/Full//Sequencing_Depth_Site_Sex_Genotype
2026-01-11 15:28:14.559056 DEBUG::Formula:
2026-01-11 15:28:14.559301 DEBUG::Fixed effects: Sequencing_Depth,Site,Sex,Genotype
2026-01-11 15:28:14.559527 DEBUG::Reference:
2026-01-11 15:28:14.559743 DEBUG::Random effects:
2026-01-11 15:28:14.559943 DEBUG::Group effects:
2026-01-11 15:28:14.560138 DEBUG::Ordered effects:
2026-01-11 15:28:14.560329 DEBUG::Strata effects:
2026-01-11 15:28:14.560515 DEBUG::Min Abundance: 0.000000
2026-01-11 15:28:14.5607 DEBUG::Min Prevalence: 0.000000
2026-01-11 15:28:14.560906 DEBUG::Max Prevalence: 1.000000
2026-01-11 15:28:14.56109 DEBUG::Zero Threshold: 0.000000
2026-01-11 15:28:14.561276 DEBUG::Min variance: 0.000000
2026-01-11 15:28:14.56146 DEBUG::Max significance: 0.250000
2026-01-11 15:28:14.561642 DEBUG::Normalization: TSS
2026-01-11 15:28:14.561827 DEBUG::Transform: LOG
2026-01-11 15:28:14.562009 DEBUG::Correction method: BH
2026-01-11 15:28:14.562192 DEBUG::Standardize: TRUE
2026-01-11 15:28:14.562375 DEBUG::Abundance median comparison: TRUE
2026-01-11 15:28:14.562561 DEBUG::Prevalence median comparison: FALSE
2026-01-11 15:28:14.562747 DEBUG::Abundance median comparison threshold: 0
2026-01-11 15:28:14.562931 DEBUG::Prevalence median comparison threshold: 0
2026-01-11 15:28:14.563116 DEBUG::Subtract median: FALSE
2026-01-11 15:28:14.563298 DEBUG::Warn prevalence: TRUE
2026-01-11 15:28:14.563476 DEBUG::Small random effects: FALSE
2026-01-11 15:28:14.56366 DEBUG::Augment: TRUE
2026-01-11 15:28:14.563861 DEBUG::Evaluate only:
2026-01-11 15:28:14.564068 DEBUG::Cores: 1
2026-01-11 15:28:14.564258 DEBUG::Balanced Summary plot: FALSE
2026-01-11 15:28:14.564693 INFO::Verifying options selected are valid
2026-01-11 15:28:14.566254 INFO::Determining format of input files
2026-01-11 15:28:14.566866 INFO::Input format is data samples as columns and metadata samples as rows
2026-01-11 15:28:14.572089 DEBUG::Transformed data so samples are rows
2026-01-11 15:28:14.572521 DEBUG::A total of 47 samples were found in both the data and metadata
2026-01-11 15:28:14.572785 DEBUG::Reordering data/metadata to use same sample ordering
2026-01-11 15:28:14.585667 INFO::Formula for fixed effects: expr ~  Sequencing_Depth + Site + Sex + Genotype
2026-01-11 15:28:14.586737 INFO::Running selected normalization method: TSS
2026-01-11 15:28:14.623818 INFO::Creating output feature tables folder
2026-01-11 15:28:14.624841 INFO::Writing normalized data to file /home/julianne/Documents/slc_si_paper/results/Bracken/SMT_Maaslin3/Full//Sequencing_Depth_Site_Sex_Genotype/features/data_norm.tsv
2026-01-11 15:28:14.67928 INFO::Filter data based on min abundance, min prevalence, and max prevalence
2026-01-11 15:28:14.680075 INFO::Total samples in data: 47
2026-01-11 15:28:14.680591 INFO::Min samples required with min abundance for a feature not to be filtered: 0.000000
2026-01-11 15:28:14.681354 INFO::Max samples allowed with min abundance for a feature not to be filtered: 47.000000
2026-01-11 15:28:15.434465 INFO::Total filtered features: 277
2026-01-11 15:28:15.436258 INFO::Filtered feature names from abundance, min prevalence, and max prevalence filtering: Brachyspira sp910578695, MGYG000325459, MGYG000325725, Alistipes sp910586375, Alistipes sp014796635, Alistipes sp910584485, MGYG000325702, MGYG000329018, MGYG000325591, Alistipes sp902363575, Alistipes sp017442365, MGYG000340909, Butyricimonas sp900184685, CAG-273 sp910589185, MGYG000327606, MGYG000375485, JAAWPK01 sp022799935, MGYG000388007, CAKPSH01 sp022795675, Coproplasma sp910577055, Coproplasma sp910578565, Coproplasma sp910583855, Pumilibacter sp022791915, MGYG000327260, Streptococcus danieliae_A, MGYG000325460, MGYG000330364, MGYG000409929, MGBC122484 sp910577395, MGYG000326706, Alistipes sp904502285, MGYG000325317, MGYG000323691, Tidjanibacter inops, Prevotella sp002265625, Prevotella sp900552515, Phocaeicola coprophilus, Paraprevotella sp003477995, MGYG000326974, Cryptobacteroides sp000432515, Butyricimonas sp003479425, Faecousia sp000434635, MGBC124762 sp910584395, Vescimonas sp900551995, Vescimonas sp900545585, Ruminiclostridium_E sp910579265, MGYG000323133, CAG-115 sp910579125, MGYG000327681, RGIG8773 sp910586535, MGYG000325664, MGYG000325398, Faecalibacterium sp900540455, MGYG000323027, MGYG000326165, MGYG000325440, MGYG000350587, Lachnospira sp910585095, MGYG000323782, MGYG000329879, Coprocola sp910586765, MGYG000410417, MGYG000327215, MGYG000351753, MGYG000403946, MGYG000340871, MGYG000330483, MGYG000375087, MGYG000380654, MGYG000433109, MGYG000329231, MGYG000410463, MGYG000325858, MGYG000410524, MGYG000329904, MGYG000328992, MGYG000328749, CAG-273 sp022797215, MGYG000329641, MGYG000365455, MGYG000410067, CAG-269 sp022791675, MGYG000328621, MGYG000329059, CAG-269 sp022794095, CAG-269 sp022795075, MGYG000342663, CAG-269 sp022794055, MGYG000365232, MGYG000328829, MGYG000332630, MGYG000330993, MGYG000329131, MGYG000329360, MGYG000329624, MGYG000326992, MGYG000411110, MGYG000323120, MGYG000329191, JAAWPK01 sp022792975, MGYG000328409, MGYG000331294, RGIG8482 sp022799315, MGYG000381662, MGYG000410934, MGYG000392056, MGYG000331304, MGYG000392748, UMGS1663 sp022791325, MGYG000331248, MGYG000330612, MGYG000410581, MGYG000324615, MGYG000324828, Anaerocaecibacter muris, MGYG000368690, Coproplasma sp910577875, Coproplasma sp910583545, Coproplasma sp910579585, MGYG000328739, Coproplasma sp910587365, Coproplasma sp910587015, Coproplasma sp910588685, Gallimonas sp910586655, Gallimonas sp910586245, Limiplasma sp900548145, MGBC101980 sp910576875, Caccovivens sp022793335, MGYG000330827, Caccovivens sp910584295, MGYG000322927, Dwaynesavagella sp000270205, Caloranaerobacter azorensis, MGYG000325321, MGYG000411329, MGYG000411579, MGYG000382271, Holdemanella sp900556915, MGYG000326094, MGYG000329498, MGYG000410618, MGBC162581 sp910587725, MGYG000324636, MGYG000393403, MGYG000326232, MGBC108787 sp910587325, MGYG000332018, MGYG000382898, Caccenecus sp910587745, MGBC162267 sp910588025, MGYG000339283, MGYG000411598, MGYG000326177, MGYG000411458, MGYG000352855, MGYG000333853, MGYG000326629, MGYG000388827, MGYG000328000, MGYG000388416, UBA7185 sp002491065, MGYG000358274, MGYG000331915, Stercorousia sp910588555, Prevotella sp900553595, Rikenella sp910577125, Alistipes_A indistinctus, MGYG000325402, MGYG000410739, Coproplasma sp910588645, MGYG000325461, MGYG000328716, Emergencia sp022767345, MGYG000377252, MGYG000413576, Rikenella sp910579375, MGYG000326979, Faecousia sp900544975, Vescimonas sp003539495, MGYG000323103, MGYG000325742, MGYG000323031, MGYG000327114, MGYG000325704, CAG-590 sp910584695, SIG299 sp910583815, MGYG000401852, MGBC114079 sp910579745, Coproplasma sp910585785, MGYG000410802, Coproplasma sp910578145, MGYG000325961, Coproplasma sp910587005, MGYG000323619, MGYG000325462, MGYG000325588, Coproplasma sp910586345, MGYG000410533, Gallimonas sp910588695, Gallimonas sp910585235, MGYG000324646, Gallimonas sp910585595, MGBC157735 sp022793815, Anaerocaecibacter sp910587455, Anaerocaecibacter sp910577435, Anaerocaecibacter sp910588315, MGYG000410645, Anaerocaecibacter sp910577945, MGYG000325722, MGYG000324927, MGYG000331340, MGYG000325536, RACS-045 sp910584635, MGYG000326065, MGYG000325675, MGYG000325553, MGYG000325718, MGYG000325353, RACS-045 sp910578245, MGBC100798 sp910577845, MGBC100798 sp910588545, CAG-475 sp910584155, MGYG000376978, Fimimonas sp910587795, MGYG000410634, MGYG000368618, MGBC116941 sp910585035, CAG-269 sp900556945, MGYG000331161, CAG-41 sp900066215, MGBC122484 sp910577515, MGYG000410279, MGBC122484 sp910587175, MGYG000329677, MGBC122484 sp910587375, MGYG000372439, MGYG000326479, MGYG000342110, Muribacter muris, MGYG000336045, Phocaeicola sp000434735, Prevotella sp002299635, Prevotella sp000434975, Prevotella sp002251385, Prevotella sp900552675, Prevotella sp900543975, Prevotella sp000436035, Prevotella copri_B, Prevotella sp003447235, Alloprevotella sp900539625, UBA4372 sp900543815, UBA6398 sp003150315, MGYG000325629, MGYG000325649, MGYG000325521, MGBC100798 sp910584035, Enterobacter roggenkampii, Kosakonia cowanii, Morganella morganii, Enterococcus_B faecium, Enterococcus_B hirae, Enterococcus_A avium, Catenibacterium sp000437715, Mammaliicoccus sciuri, MGYG000330358, Kosmotoga_B pacifica, UBA3818 sp910587335, MGYG000325420, Massiliimalia sp910579175, Phocea massiliensis, MGYG000329752, MGYG000325714, Enterocloster lavalensis, MGYG000331096, MGYG000358607, Coprovivens sp910577505, Aneurinibacillus aneurinilyticus
2026-01-11 15:28:15.480108 INFO::Total features filtered by non-zero variance filtering: 134
2026-01-11 15:28:15.481004 INFO::Filtered feature names from variance filtering: Barnesiella intestinihominis, Merdisoma sp910586955, MGYG000325314, MGYG000329160, MGYG000325472, RACS-045 sp013316135, MGYG000410782, Gallimonas sp910578065, Comamonas acidovorans, MGYG000330427, MGYG000324401, Alistipes communis, MGYG000330701, MGYG000325578, MGYG000331358, MGYG000325311, MGYG000329762, Dielma sp001305055, CAG-582 sp910587065, MGBC119817 sp910586195, MGYG000329305, UBA3282 sp910585555, Acetatifactor sp910577235, MGYG000325498, CAG-317 sp000433535, MGYG000325599, CAG-603 sp910578175, Coprocola sp910583755, Scatomorpha sp900545405, MGYG000327368, Lacticaseibacillus paracasei, MGYG000331430, Sediminibacterium magnilacihabitans, CAG-303 sp910585215, MGYG000324871, MGYG000330606, MGYG000378024, MGBC157735 sp910587445, Heteroclostridium sp910585195, Oliverpabstia intestinalis, Methylovirgula sp021780015, MGYG000325635, Lacrimispora indica, RACS-045 sp910588015, MGYG000325793, Coproplasma sp910578765, MGYG000352721, Helicobacter_C sp910577135, Lysinibacillus sp023337795, 51-20 sp910577095, MGYG000325751, Absicoccus sp000434355, Eubacterium_F sp003491505, Eubacterium_F sp900539115, Eubacterium_F sp910584875, Choladousia sp902363135, MGYG000325445, Lacrimispora celerecrescens_B, CAG-632 sp000431515, MGYG000329422, Faecousia sp910589155, Vescimonas coprocola, UMGS1668 sp900553955, Pseudobutyricicoccus sp910585875, MGYG000403771, MGYG000357633, Treponema_D sp014804085, MGYG000324383, Parabacteroides gordonii, MGBC139354 sp910586295, Coprosoma sp902783895, MGYG000327915, Bacillus spizizenii, Allobacillus halotolerans, Caccosoma sp905197115, MGYG000325901, Alistipes_A sp910583985, MGYG000325656, MGYG000325417, Acetatifactor intestinalis, MGYG000329006, Blautia_A faecis, Hominisplanchenecus faecis, Fimenecus sp900540295, Clostridium_AM scatologenes, MGYG000374388, MGYG000323085, Coprocola sp910587195, MGYG000410940, Ruminococcus sp002362135, MGYG000325359, MGYG000325563, Prevotella sp900313215, MGYG000325556, Alloprevotella sp900542795, Alistipes sp910580175, MGYG000325594, MGYG000325683, CAG-170 sp900548625, Vescimonas sp000435975, MGYG000325673, CAG-41 sp910585795, Massiliimalia timonensis, Klebsiella quasipneumoniae, Klebsiella oxytoca, Proteus mirabilis, MGYG000387283, Eisenbergiella tayi, Blautia sp000432195, Lachnospira eligens_A, Choladousia sp902363665, MGYG000328544, JAAWTG01 sp022801925, MGYG000325579, Butyricimonas synergistica, MGYG000329735, MGYG000410947, Corynebacterium mastitidis, CAG-177 sp003514385, Clostridium_AQ innocuum, Parolsenella catena, MGYG000330619, Salinibacter ruber, Anaerostipes hadrus, UBA1417 sp003531055, Flemingibacterium sp900546315, Firm-10 sp934636425, Faecivicinus sp900553265, 51-20 sp910587405, MGYG000362033, MGYG000325516, Streptococcus salivarius, MGYG000366009, Parasutterella gallistercoris
2026-01-11 15:28:15.481667 INFO::Writing filtered data to file /home/julianne/Documents/slc_si_paper/results/Bracken/SMT_Maaslin3/Full//Sequencing_Depth_Site_Sex_Genotype/features/filtered_data.tsv
2026-01-11 15:28:15.53671 INFO::Running selected transform method: LOG
2026-01-11 15:28:15.559925 INFO::Writing normalized, filtered, transformed data to file /home/julianne/Documents/slc_si_paper/results/Bracken/SMT_Maaslin3/Full//Sequencing_Depth_Site_Sex_Genotype/features/data_transformed.tsv
2026-01-11 15:28:15.632894 INFO::Factor detected for categorial metadata 'Genotype'. Using as-is.
2026-01-11 15:28:15.63358 INFO::Applying z-score to standardize continuous metadata
2026-01-11 15:28:15.642118 INFO::Running the linear model component
2026-01-11 15:28:15.64914 DEBUG::Object: augment, Size: 56
2026-01-11 15:28:15.649586 DEBUG::Object: cluster, Size: 0
2026-01-11 15:28:15.649978 DEBUG::Object: cores, Size: 56
2026-01-11 15:28:15.650263 DEBUG::Object: correction, Size: 112
2026-01-11 15:28:15.650525 DEBUG::Object: extract_out, Size: 1976
2026-01-11 15:28:15.651151 DEBUG::Object: feature_specific_covariate, Size: 0
2026-01-11 15:28:15.651405 DEBUG::Object: feature_specific_covariate_name, Size: 0
2026-01-11 15:28:15.65164 DEBUG::Object: feature_specific_covariate_record, Size: 0
2026-01-11 15:28:15.652064 DEBUG::Object: features, Size: 913256
2026-01-11 15:28:15.652342 DEBUG::Object: formula, Size: 1568
2026-01-11 15:28:15.652604 DEBUG::Object: fun_list, Size: 58768
2026-01-11 15:28:15.652941 DEBUG::Object: func_to_run, Size: 435336
2026-01-11 15:28:15.653198 DEBUG::Object: groups, Size: 48
2026-01-11 15:28:15.653441 DEBUG::Object: median_comparison, Size: 56
2026-01-11 15:28:15.653664 DEBUG::Object: median_comparison_threshold, Size: 56
2026-01-11 15:28:15.653899 DEBUG::Object: metadata, Size: 13664
2026-01-11 15:28:15.654157 DEBUG::Object: model, Size: 112
2026-01-11 15:28:15.654391 DEBUG::Object: model_function, Size: 8864
2026-01-11 15:28:15.654607 DEBUG::Object: ordereds, Size: 48
2026-01-11 15:28:15.654856 DEBUG::Object: random_effects_formula, Size: 0
2026-01-11 15:28:15.655072 DEBUG::Object: ranef_function, Size: 0
2026-01-11 15:28:15.65528 DEBUG::Object: save_models, Size: 56
2026-01-11 15:28:15.655482 DEBUG::Object: small_random_effects, Size: 56
2026-01-11 15:28:15.655706 DEBUG::Object: strata, Size: 48
2026-01-11 15:28:15.655921 DEBUG::Object: subtract_median, Size: 56
2026-01-11 15:28:15.656146 DEBUG::Object: summary_function, Size: 49424
2026-01-11 15:28:15.656469 DEBUG::Object: func_to_run, Size: 435336
2026-01-11 15:28:15.66437 INFO::Fitting model to feature number 1, Akkermansia muciniphila_A
2026-01-11 15:28:15.674943 INFO::Fitting model to feature number 2, Akkermansia muciniphila
2026-01-11 15:28:15.680911 INFO::Fitting model to feature number 3, Faecalibaculum rodentium
2026-01-11 15:28:15.687005 INFO::Fitting model to feature number 4, Pelethenecus sp910579215
2026-01-11 15:28:15.692548 INFO::Fitting model to feature number 5, MGYG000325581
2026-01-11 15:28:15.697381 INFO::Fitting model to feature number 6, Alistipes finegoldii
2026-01-11 15:28:15.702487 INFO::Fitting model to feature number 7, MGYG000325477
2026-01-11 15:28:15.707257 INFO::Fitting model to feature number 8, Paramuribaculum sp001689535
2026-01-11 15:28:15.71312 INFO::Fitting model to feature number 9, Paramuribaculum sp910587425
2026-01-11 15:28:15.718964 INFO::Fitting model to feature number 10, Muribaculum intestinale
2026-01-11 15:28:15.724958 INFO::Fitting model to feature number 11, NM07-P-09 sp004793925
2026-01-11 15:28:15.730779 INFO::Fitting model to feature number 12, ZJ304 sp910584145
2026-01-11 15:28:15.735325 INFO::Fitting model to feature number 13, Bifidobacterium globosum
2026-01-11 15:28:15.740185 INFO::Fitting model to feature number 14, MGYG000333678
2026-01-11 15:28:15.745834 INFO::Fitting model to feature number 15, Schaedlerella sp910575475
2026-01-11 15:28:15.750118 INFO::Fitting model to feature number 16, Lawsonibacter sp910588635
2026-01-11 15:28:15.754908 INFO::Fitting model to feature number 17, MGBC122484 sp910587055
2026-01-11 15:28:15.76106 INFO::Fitting model to feature number 18, Desulfovibrio sp009773975
2026-01-11 15:28:15.766673 INFO::Fitting model to feature number 19, NM07-P-09 sp004793665
2026-01-11 15:28:15.770903 INFO::Fitting model to feature number 20, MGBC105563 sp910579165
2026-01-11 15:28:15.776308 INFO::Fitting model to feature number 21, MGYG000327895
2026-01-11 15:28:15.781116 INFO::Fitting model to feature number 22, Paratractidigestivibacter faecalis
2026-01-11 15:28:15.785492 INFO::Fitting model to feature number 23, Paratractidigestivibacter sp900540955
2026-01-11 15:28:15.79027 INFO::Fitting model to feature number 24, MGYG000330582
2026-01-11 15:28:15.796283 INFO::Fitting model to feature number 25, MGYG000329032
2026-01-11 15:28:15.800477 INFO::Fitting model to feature number 26, Adlercreutzia muris
2026-01-11 15:28:15.805148 INFO::Fitting model to feature number 27, Adlercreutzia caecimuris
2026-01-11 15:28:15.811393 INFO::Fitting model to feature number 28, Adlercreutzia mucosicola
2026-01-11 15:28:15.817341 INFO::Fitting model to feature number 29, MGYG000329825
2026-01-11 15:28:15.821342 INFO::Fitting model to feature number 30, Adlercreutzia hattorii
2026-01-11 15:28:15.826527 INFO::Fitting model to feature number 31, Adlercreutzia sp910589165
2026-01-11 15:28:15.830884 INFO::Fitting model to feature number 32, MGYG000329537
2026-01-11 15:28:15.834665 INFO::Fitting model to feature number 33, MGYG000327852
2026-01-11 15:28:15.838946 INFO::Fitting model to feature number 34, Adlercreutzia sp910585575
2026-01-11 15:28:15.843553 INFO::Fitting model to feature number 35, MGBC163016 sp910588205
2026-01-11 15:28:15.848072 INFO::Fitting model to feature number 36, MGBC163016 sp910589135
2026-01-11 15:28:15.852496 INFO::Fitting model to feature number 37, MGBC163016 sp910588945
2026-01-11 15:28:15.856359 INFO::Fitting model to feature number 38, MGBC163016 sp910588905
2026-01-11 15:28:15.861371 INFO::Fitting model to feature number 39, MGYG000329984
2026-01-11 15:28:15.865215 INFO::Fitting model to feature number 40, MGYG000328464
2026-01-11 15:28:15.869606 INFO::Fitting model to feature number 41, MGYG000366993
2026-01-11 15:28:15.873798 INFO::Fitting model to feature number 42, MGBC163016 sp910585565
2026-01-11 15:28:15.878683 INFO::Fitting model to feature number 43, MGBC163016 sp910589125
2026-01-11 15:28:15.884013 INFO::Fitting model to feature number 44, MGYG000328353
2026-01-11 15:28:15.890131 INFO::Fitting model to feature number 45, MGBC163016 sp910580205
2026-01-11 15:28:15.89666 INFO::Fitting model to feature number 46, MGBC163016 sp910588985
2026-01-11 15:28:15.9017 INFO::Fitting model to feature number 47, MGBC163016 sp910588435
2026-01-11 15:28:15.906979 INFO::Fitting model to feature number 48, D16-63 sp910588095
2026-01-11 15:28:15.912633 INFO::Fitting model to feature number 49, MGYG000328321
2026-01-11 15:28:15.917923 INFO::Fitting model to feature number 50, MGYG000410711
2026-01-11 15:28:15.922659 INFO::Fitting model to feature number 51, Enterorhabdus sp009911695
2026-01-11 15:28:15.929189 INFO::Fitting model to feature number 52, MGYG000329834
2026-01-11 15:28:15.935812 INFO::Fitting model to feature number 53, Enterorhabdus sp910589695
2026-01-11 15:28:15.941788 INFO::Fitting model to feature number 54, D16-34 sp910575165
2026-01-11 15:28:15.948319 INFO::Fitting model to feature number 55, D16-34 sp003612515
2026-01-11 15:28:15.955086 INFO::Fitting model to feature number 56, D16-34 sp910577495
2026-01-11 15:28:15.96264 INFO::Fitting model to feature number 57, ZJ304 sp943192905
2026-01-11 15:28:15.970478 INFO::Fitting model to feature number 58, MGYG000401219
2026-01-11 15:28:15.977791 INFO::Fitting model to feature number 59, Parvibacter caecicola
2026-01-11 15:28:15.984632 INFO::Fitting model to feature number 60, Parvibacter sp910587945
2026-01-11 15:28:15.991044 INFO::Fitting model to feature number 61, MGYG000329896
2026-01-11 15:28:15.997606 INFO::Fitting model to feature number 62, Parvibacter sp910588725
2026-01-11 15:28:16.003916 INFO::Fitting model to feature number 63, MGYG000328306
2026-01-11 15:28:16.010402 INFO::Fitting model to feature number 64, MGYG000328451
2026-01-11 15:28:16.016726 INFO::Fitting model to feature number 65, Anaerotardibacter sp000435675
2026-01-11 15:28:16.022463 INFO::Fitting model to feature number 66, Anaerotardibacter sp900753095
2026-01-11 15:28:16.028687 INFO::Fitting model to feature number 67, Gordonibacter pamelaeae
2026-01-11 15:28:16.034031 INFO::Fitting model to feature number 68, Eggerthella lenta
2026-01-11 15:28:16.038982 INFO::Fitting model to feature number 69, Ellagibacter isourolithinifaciens
2026-01-11 15:28:16.044412 INFO::Fitting model to feature number 70, Senegalimassilia faecalis
2026-01-11 15:28:16.049386 INFO::Fitting model to feature number 71, Slackia_A isoflavoniconvertens
2026-01-11 15:28:16.054777 INFO::Fitting model to feature number 72, Collinsella aerofaciens_J
2026-01-11 15:28:16.060846 INFO::Fitting model to feature number 73, Enorma burkinafasonensis
2026-01-11 15:28:16.065588 INFO::Fitting model to feature number 74, MGYG000410812
2026-01-11 15:28:16.070302 INFO::Fitting model to feature number 75, UMGS124 sp900555105
2026-01-11 15:28:16.075575 INFO::Fitting model to feature number 76, Bifidobacterium animalis
2026-01-11 15:28:16.080525 INFO::Fitting model to feature number 77, Bifidobacterium adolescentis
2026-01-11 15:28:16.085881 INFO::Fitting model to feature number 78, Bifidobacterium pseudocatenulatum
2026-01-11 15:28:16.091007 INFO::Fitting model to feature number 79, Bifidobacterium bifidum
2026-01-11 15:28:16.0966 INFO::Fitting model to feature number 80, Bifidobacterium longum
2026-01-11 15:28:16.101472 INFO::Fitting model to feature number 81, MGYG000329693
2026-01-11 15:28:16.106651 INFO::Fitting model to feature number 82, Paramuribaculum intestinale
2026-01-11 15:28:16.112639 INFO::Fitting model to feature number 83, Paramuribaculum sp001689565
2026-01-11 15:28:16.118073 INFO::Fitting model to feature number 84, Paramuribaculum sp910579675
2026-01-11 15:28:16.122878 INFO::Fitting model to feature number 85, MGYG000329858
2026-01-11 15:28:16.128542 INFO::Fitting model to feature number 86, Paramuribaculum sp910578805
2026-01-11 15:28:16.133642 INFO::Fitting model to feature number 87, MGYG000325717
2026-01-11 15:28:16.1382 INFO::Fitting model to feature number 88, Paramuribaculum sp910579185
2026-01-11 15:28:16.144131 INFO::Fitting model to feature number 89, MGYG000329300
2026-01-11 15:28:16.149549 INFO::Fitting model to feature number 90, Paramuribaculum sp009775605
2026-01-11 15:28:16.154892 INFO::Fitting model to feature number 91, Paramuribaculum sp910586475
2026-01-11 15:28:16.160991 INFO::Fitting model to feature number 92, MGYG000325727
2026-01-11 15:28:16.168607 INFO::Fitting model to feature number 93, Paramuribaculum sp910588065
2026-01-11 15:28:16.173616 INFO::Fitting model to feature number 94, Paramuribaculum sp910578305
2026-01-11 15:28:16.180369 INFO::Fitting model to feature number 95, Paramuribaculum sp910587185
2026-01-11 15:28:16.186464 INFO::Fitting model to feature number 96, Paramuribaculum sp910577465
2026-01-11 15:28:16.193492 INFO::Fitting model to feature number 97, Paramuribaculum sp910586895
2026-01-11 15:28:16.200212 INFO::Fitting model to feature number 98, Paramuribaculum sp910589095
2026-01-11 15:28:16.207193 INFO::Fitting model to feature number 99, Paramuribaculum sp014800945
2026-01-11 15:28:16.2152 INFO::Fitting model to feature number 100, MGYG000325457
2026-01-11 15:28:16.222588 INFO::Fitting model to feature number 101, Paramuribaculum sp014802045
2026-01-11 15:28:16.230339 INFO::Fitting model to feature number 102, MGYG000325750
2026-01-11 15:28:16.238098 INFO::Fitting model to feature number 103, MGYG000325361
2026-01-11 15:28:16.246224 INFO::Fitting model to feature number 104, Paramuribaculum sp014801865
2026-01-11 15:28:16.253937 INFO::Fitting model to feature number 105, Paramuribaculum sp014801655
2026-01-11 15:28:16.262264 INFO::Fitting model to feature number 106, MGYG000325540
2026-01-11 15:28:16.267977 INFO::Fitting model to feature number 107, Duncaniella sp910576785
2026-01-11 15:28:16.274555 INFO::Fitting model to feature number 108, Duncaniella dubosii
2026-01-11 15:28:16.282254 INFO::Fitting model to feature number 109, Duncaniella sp910589485
2026-01-11 15:28:16.290781 INFO::Fitting model to feature number 110, Duncaniella sp001689575
2026-01-11 15:28:16.298299 INFO::Fitting model to feature number 111, Duncaniella muris
2026-01-11 15:28:16.305681 INFO::Fitting model to feature number 112, Duncaniella sp910578445
2026-01-11 15:28:16.31362 INFO::Fitting model to feature number 113, Duncaniella freteri
2026-01-11 15:28:16.321991 INFO::Fitting model to feature number 114, Duncaniella sp910578515
2026-01-11 15:28:16.331454 INFO::Fitting model to feature number 115, Duncaniella sp910577255
2026-01-11 15:28:16.340929 INFO::Fitting model to feature number 116, Duncaniella sp910577345
2026-01-11 15:28:16.350482 INFO::Fitting model to feature number 117, Duncaniella sp910577335
2026-01-11 15:28:16.361378 INFO::Fitting model to feature number 118, MGYG000325799
2026-01-11 15:28:16.372866 INFO::Fitting model to feature number 119, Duncaniella sp014802345
2026-01-11 15:28:16.383296 INFO::Fitting model to feature number 120, Duncaniella sp910578615
2026-01-11 15:28:16.391323 INFO::Fitting model to feature number 121, MGYG000325465
2026-01-11 15:28:16.400008 INFO::Fitting model to feature number 122, Duncaniella sp910586305
2026-01-11 15:28:16.407344 INFO::Fitting model to feature number 123, Duncaniella sp001689495
2026-01-11 15:28:16.41573 INFO::Fitting model to feature number 124, MGYG000327170
2026-01-11 15:28:16.424324 INFO::Fitting model to feature number 125, Duncaniella sp910584825
2026-01-11 15:28:16.432359 INFO::Fitting model to feature number 126, Duncaniella sp910587165
2026-01-11 15:28:16.44048 INFO::Fitting model to feature number 127, MGYG000325518
2026-01-11 15:28:16.448978 INFO::Fitting model to feature number 128, Duncaniella sp002494015
2026-01-11 15:28:16.457821 INFO::Fitting model to feature number 129, Duncaniella sp910587515
2026-01-11 15:28:16.467023 INFO::Fitting model to feature number 130, Duncaniella sp910586665
2026-01-11 15:28:16.476005 INFO::Fitting model to feature number 131, Duncaniella sp014801945
2026-01-11 15:28:16.48309 INFO::Fitting model to feature number 132, Duncaniella sp910588795
2026-01-11 15:28:16.48892 INFO::Fitting model to feature number 133, Duncaniella sp001701225
2026-01-11 15:28:16.496143 INFO::Fitting model to feature number 134, Duncaniella sp014802325
2026-01-11 15:28:16.504018 INFO::Fitting model to feature number 135, Duncaniella sp014802015
2026-01-11 15:28:16.511556 INFO::Fitting model to feature number 136, MGYG000325456
2026-01-11 15:28:16.519323 INFO::Fitting model to feature number 137, MGYG000325723
2026-01-11 15:28:16.528735 INFO::Fitting model to feature number 138, MGYG000325575
2026-01-11 15:28:16.536505 INFO::Fitting model to feature number 139, MGYG000325671
2026-01-11 15:28:16.544089 INFO::Fitting model to feature number 140, CAG-873 sp009775135
2026-01-11 15:28:16.549781 INFO::Fitting model to feature number 141, CAG-873 sp002490635
2026-01-11 15:28:16.555326 INFO::Fitting model to feature number 142, MGYG000328238
2026-01-11 15:28:16.563426 INFO::Fitting model to feature number 143, CAG-873 sp009775265
2026-01-11 15:28:16.569987 INFO::Fitting model to feature number 144, CAG-873 sp011959565
2026-01-11 15:28:16.576102 INFO::Fitting model to feature number 145, CAG-873 sp910578365
2026-01-11 15:28:16.584227 INFO::Fitting model to feature number 146, CAG-873 sp910587235
2026-01-11 15:28:16.592688 INFO::Fitting model to feature number 147, CAG-873 sp009775225
2026-01-11 15:28:16.601084 INFO::Fitting model to feature number 148, CAG-873 sp009775535
2026-01-11 15:28:16.608852 INFO::Fitting model to feature number 149, CAG-873 sp910577315
2026-01-11 15:28:16.616583 INFO::Fitting model to feature number 150, CAG-873 sp910584905
2026-01-11 15:28:16.622137 INFO::Fitting model to feature number 151, CAG-873 sp910587545
2026-01-11 15:28:16.629896 INFO::Fitting model to feature number 152, CAG-873 sp910586455
2026-01-11 15:28:16.638164 INFO::Fitting model to feature number 153, MGYG000324412
2026-01-11 15:28:16.644316 INFO::Fitting model to feature number 154, CAG-873 sp910587915
2026-01-11 15:28:16.650016 INFO::Fitting model to feature number 155, CAG-873 sp001689665
2026-01-11 15:28:16.655434 INFO::Fitting model to feature number 156, CAG-873 sp017624155
2026-01-11 15:28:16.662662 INFO::Fitting model to feature number 157, MGYG000329414
2026-01-11 15:28:16.669266 INFO::Fitting model to feature number 158, CAG-873 sp910578095
2026-01-11 15:28:16.676547 INFO::Fitting model to feature number 159, CAG-873 sp910586975
2026-01-11 15:28:16.683766 INFO::Fitting model to feature number 160, CAG-873 sp001689415
2026-01-11 15:28:16.690754 INFO::Fitting model to feature number 161, MGYG000325453
2026-01-11 15:28:16.697392 INFO::Fitting model to feature number 162, CAG-873 sp910587475
2026-01-11 15:28:16.70538 INFO::Fitting model to feature number 163, CAG-873 sp900550395
2026-01-11 15:28:16.713366 INFO::Fitting model to feature number 164, MGYG000325639
2026-01-11 15:28:16.720686 INFO::Fitting model to feature number 165, CAG-873 sp910576935
2026-01-11 15:28:16.728649 INFO::Fitting model to feature number 166, MGYG000328998
2026-01-11 15:28:16.737095 INFO::Fitting model to feature number 167, CAG-873 sp910578035
2026-01-11 15:28:16.744712 INFO::Fitting model to feature number 168, MGYG000322997
2026-01-11 15:28:16.752053 INFO::Fitting model to feature number 169, MGYG000325431
2026-01-11 15:28:16.758723 INFO::Fitting model to feature number 170, CAG-873 sp905202215
2026-01-11 15:28:16.765114 INFO::Fitting model to feature number 171, CAG-873 sp009775195
2026-01-11 15:28:16.769912 INFO::Fitting model to feature number 172, CAG-873 sp910586995
2026-01-11 15:28:16.775283 INFO::Fitting model to feature number 173, CAG-873 sp910577355
2026-01-11 15:28:16.781363 INFO::Fitting model to feature number 174, MGYG000325570
2026-01-11 15:28:16.786909 INFO::Fitting model to feature number 175, MGYG000325620
2026-01-11 15:28:16.793151 INFO::Fitting model to feature number 176, CAG-873 sp001701165
2026-01-11 15:28:16.798988 INFO::Fitting model to feature number 177, MGYG000325469
2026-01-11 15:28:16.804704 INFO::Fitting model to feature number 178, CAG-873 sp003979155
2026-01-11 15:28:16.813075 INFO::Fitting model to feature number 179, MGYG000325729
2026-01-11 15:28:16.819585 INFO::Fitting model to feature number 180, CAG-873 sp910576775
2026-01-11 15:28:16.827211 INFO::Fitting model to feature number 181, MGYG000325342
2026-01-11 15:28:16.832802 INFO::Fitting model to feature number 182, MGYG000325463
2026-01-11 15:28:16.838396 INFO::Fitting model to feature number 183, CAG-873 sp910587355
2026-01-11 15:28:16.844585 INFO::Fitting model to feature number 184, CAG-873 sp910583525
2026-01-11 15:28:16.851213 INFO::Fitting model to feature number 185, MGYG000328958
2026-01-11 15:28:16.858276 INFO::Fitting model to feature number 186, MGYG000325379
2026-01-11 15:28:16.865473 INFO::Fitting model to feature number 187, CAG-873 sp910584495
2026-01-11 15:28:16.871681 INFO::Fitting model to feature number 188, CAG-873 sp910589055
2026-01-11 15:28:16.878572 INFO::Fitting model to feature number 189, CAG-873 sp910586595
2026-01-11 15:28:16.884751 INFO::Fitting model to feature number 190, MGYG000325473
2026-01-11 15:28:16.89158 INFO::Fitting model to feature number 191, CAG-873 sp910587925
2026-01-11 15:28:16.898874 INFO::Fitting model to feature number 192, CAG-873 sp900555715
2026-01-11 15:28:16.90584 INFO::Fitting model to feature number 193, CAG-873 sp002493945
2026-01-11 15:28:16.9126 INFO::Fitting model to feature number 194, CAG-873 sp002491245
2026-01-11 15:28:16.933642 INFO::Fitting model to feature number 195, MGYG000329571
2026-01-11 15:28:16.939557 INFO::Fitting model to feature number 196, MGYG000325537
2026-01-11 15:28:16.945922 INFO::Fitting model to feature number 197, CAG-485 sp009775365
2026-01-11 15:28:16.95144 INFO::Fitting model to feature number 198, CAG-485 sp002493045
2026-01-11 15:28:16.956773 INFO::Fitting model to feature number 199, CAG-485 sp009775355
2026-01-11 15:28:16.962518 INFO::Fitting model to feature number 200, CAG-485 sp002362485
2026-01-11 15:28:16.967592 INFO::Fitting model to feature number 201, CAG-485 sp002361215
2026-01-11 15:28:16.974561 INFO::Fitting model to feature number 202, CAG-485 sp002491945
2026-01-11 15:28:16.981406 INFO::Fitting model to feature number 203, CAG-485 sp002361155
2026-01-11 15:28:16.987935 INFO::Fitting model to feature number 204, MGYG000410771
2026-01-11 15:28:16.994816 INFO::Fitting model to feature number 205, MGYG000325582
2026-01-11 15:28:17.00228 INFO::Fitting model to feature number 206, CAG-485 sp002493515
2026-01-11 15:28:17.010419 INFO::Fitting model to feature number 207, CAG-485 sp003979075
2026-01-11 15:28:17.018939 INFO::Fitting model to feature number 208, CAG-485 sp001701295
2026-01-11 15:28:17.026823 INFO::Fitting model to feature number 209, MGYG000325475
2026-01-11 15:28:17.033187 INFO::Fitting model to feature number 210, MGYG000327930
2026-01-11 15:28:17.039433 INFO::Fitting model to feature number 211, CAG-485 sp910584055
2026-01-11 15:28:17.045968 INFO::Fitting model to feature number 212, MGYG000325569
2026-01-11 15:28:17.052014 INFO::Fitting model to feature number 213, CAG-485 sp910579845
2026-01-11 15:28:17.058609 INFO::Fitting model to feature number 214, CAG-485 sp910584125
2026-01-11 15:28:17.066246 INFO::Fitting model to feature number 215, CAG-485 sp910578385
2026-01-11 15:28:17.073689 INFO::Fitting model to feature number 216, MGYG000325346
2026-01-11 15:28:17.080961 INFO::Fitting model to feature number 217, MGYG000324474
2026-01-11 15:28:17.087591 INFO::Fitting model to feature number 218, CAG-485 sp910586175
2026-01-11 15:28:17.094438 INFO::Fitting model to feature number 219, MGYG000329437
2026-01-11 15:28:17.099863 INFO::Fitting model to feature number 220, MGYG000325442
2026-01-11 15:28:17.10603 INFO::Fitting model to feature number 221, CAG-485 sp910577585
2026-01-11 15:28:17.113445 INFO::Fitting model to feature number 222, CAG-485 sp009775375
2026-01-11 15:28:17.11831 INFO::Fitting model to feature number 223, MGYG000347897
2026-01-11 15:28:17.123165 INFO::Fitting model to feature number 224, CAG-485 sp910578075
2026-01-11 15:28:17.128476 INFO::Fitting model to feature number 225, CAG-485 sp900554845
2026-01-11 15:28:17.13325 INFO::Fitting model to feature number 226, CAG-485 sp910583775
2026-01-11 15:28:17.138001 INFO::Fitting model to feature number 227, MGYG000325760
2026-01-11 15:28:17.143127 INFO::Fitting model to feature number 228, MGYG000325660
2026-01-11 15:28:17.148346 INFO::Fitting model to feature number 229, CAG-485 sp910584545
2026-01-11 15:28:17.153111 INFO::Fitting model to feature number 230, MGYG000325658
2026-01-11 15:28:17.158014 INFO::Fitting model to feature number 231, CAG-485 sp910584525
2026-01-11 15:28:17.164152 INFO::Fitting model to feature number 232, CAG-485 sp910583795
2026-01-11 15:28:17.16851 INFO::Fitting model to feature number 233, CAG-485 sp910585275
2026-01-11 15:28:17.173051 INFO::Fitting model to feature number 234, MGYG000325481
2026-01-11 15:28:17.178174 INFO::Fitting model to feature number 235, CAG-485 sp910589425
2026-01-11 15:28:17.182469 INFO::Fitting model to feature number 236, CAG-485 sp910588245
2026-01-11 15:28:17.18706 INFO::Fitting model to feature number 237, CAG-485 sp014801815
2026-01-11 15:28:17.191428 INFO::Fitting model to feature number 238, MGYG000329106
2026-01-11 15:28:17.196354 INFO::Fitting model to feature number 239, MGYG000325458
2026-01-11 15:28:17.20053 INFO::Fitting model to feature number 240, MGYG000325710
2026-01-11 15:28:17.204918 INFO::Fitting model to feature number 241, MGYG000325738
2026-01-11 15:28:17.209143 INFO::Fitting model to feature number 242, MGYG000325560
2026-01-11 15:28:17.214369 INFO::Fitting model to feature number 243, CAG-485 sp910579305
2026-01-11 15:28:17.219205 INFO::Fitting model to feature number 244, MGYG000325644
2026-01-11 15:28:17.224316 INFO::Fitting model to feature number 245, CAG-485 sp900760815
2026-01-11 15:28:17.231004 INFO::Fitting model to feature number 246, MGYG000325315
2026-01-11 15:28:17.235911 INFO::Fitting model to feature number 247, MGYG000325633
2026-01-11 15:28:17.240758 INFO::Fitting model to feature number 248, MGYG000325436
2026-01-11 15:28:17.247172 INFO::Fitting model to feature number 249, MGYG000325715
2026-01-11 15:28:17.251662 INFO::Fitting model to feature number 250, MGYG000325350
2026-01-11 15:28:17.256361 INFO::Fitting model to feature number 251, MGYG000325747
2026-01-11 15:28:17.262854 INFO::Fitting model to feature number 252, MGYG000325437
2026-01-11 15:28:17.267915 INFO::Fitting model to feature number 253, CAG-485 sp014800895
2026-01-11 15:28:17.273882 INFO::Fitting model to feature number 254, MGYG000325541
2026-01-11 15:28:17.279316 INFO::Fitting model to feature number 255, MGYG000325479
2026-01-11 15:28:17.285063 INFO::Fitting model to feature number 256, CAG-485 sp910585285
2026-01-11 15:28:17.29025 INFO::Fitting model to feature number 257, CAG-485 sp910584185
2026-01-11 15:28:17.295795 INFO::Fitting model to feature number 258, MGYG000325680
2026-01-11 15:28:17.300615 INFO::Fitting model to feature number 259, MGYG000325622
2026-01-11 15:28:17.307407 INFO::Fitting model to feature number 260, MGYG000325425
2026-01-11 15:28:17.314949 INFO::Fitting model to feature number 261, MGYG000325415
2026-01-11 15:28:17.322621 INFO::Fitting model to feature number 262, CAG-485 sp900550645
2026-01-11 15:28:17.330452 INFO::Fitting model to feature number 263, MGYG000325597
2026-01-11 15:28:17.338494 INFO::Fitting model to feature number 264, MGYG000325446
2026-01-11 15:28:17.345294 INFO::Fitting model to feature number 265, MGYG000325721
2026-01-11 15:28:17.35149 INFO::Fitting model to feature number 266, Muribaculum gordoncarteri
2026-01-11 15:28:17.357787 INFO::Fitting model to feature number 267, Muribaculum sp009775095
2026-01-11 15:28:17.364299 INFO::Fitting model to feature number 268, Muribaculum sp002473395
2026-01-11 15:28:17.369721 INFO::Fitting model to feature number 269, Muribaculum faecis
2026-01-11 15:28:17.374362 INFO::Fitting model to feature number 270, MGYG000325310
2026-01-11 15:28:17.379456 INFO::Fitting model to feature number 271, Muribaculum sp910587665
2026-01-11 15:28:17.385521 INFO::Fitting model to feature number 272, Muribaculum sp001701195
2026-01-11 15:28:17.391661 INFO::Fitting model to feature number 273, Muribaculum sp910578785
2026-01-11 15:28:17.398201 INFO::Fitting model to feature number 274, Muribaculum sp910589555
2026-01-11 15:28:17.405544 INFO::Fitting model to feature number 275, Muribaculum arabinoxylanisolvens
2026-01-11 15:28:17.411589 INFO::Fitting model to feature number 276, Muribaculum sp003150235
2026-01-11 15:28:17.416916 INFO::Fitting model to feature number 277, MGYG000328540
2026-01-11 15:28:17.422275 INFO::Fitting model to feature number 278, Muribaculum sp910583865
2026-01-11 15:28:17.428087 INFO::Fitting model to feature number 279, Muribaculum sp910578835
2026-01-11 15:28:17.433177 INFO::Fitting model to feature number 280, Muribaculum sp001701065
2026-01-11 15:28:17.438274 INFO::Fitting model to feature number 281, MGYG000328957
2026-01-11 15:28:17.444161 INFO::Fitting model to feature number 282, UBA7173 sp001689485
2026-01-11 15:28:17.449494 INFO::Fitting model to feature number 283, UBA7173 sp001689685
2026-01-11 15:28:17.454874 INFO::Fitting model to feature number 284, UBA7173 sp002491305
2026-01-11 15:28:17.460544 INFO::Fitting model to feature number 285, UBA7173 sp013316675
2026-01-11 15:28:17.466896 INFO::Fitting model to feature number 286, MGYG000329847
2026-01-11 15:28:17.473519 INFO::Fitting model to feature number 287, UBA7173 sp013316535
2026-01-11 15:28:17.480871 INFO::Fitting model to feature number 288, UBA7173 sp910584365
2026-01-11 15:28:17.487756 INFO::Fitting model to feature number 289, UBA7173 sp910583675
2026-01-11 15:28:17.495444 INFO::Fitting model to feature number 290, MGYG000325674
2026-01-11 15:28:17.500664 INFO::Fitting model to feature number 291, UBA7173 sp910584735
2026-01-11 15:28:17.507789 INFO::Fitting model to feature number 292, UBA7173 sp900548705
2026-01-11 15:28:17.514974 INFO::Fitting model to feature number 293, UBA7173 sp910585755
2026-01-11 15:28:17.521606 INFO::Fitting model to feature number 294, UBA7173 sp910579105
2026-01-11 15:28:17.527632 INFO::Fitting model to feature number 295, UBA7173 sp910586565
2026-01-11 15:28:17.532536 INFO::Fitting model to feature number 296, UBA7173 sp900555165
2026-01-11 15:28:17.538312 INFO::Fitting model to feature number 297, UBA7173 sp910587075
2026-01-11 15:28:17.544514 INFO::Fitting model to feature number 298, MGYG000410332
2026-01-11 15:28:17.550029 INFO::Fitting model to feature number 299, MGYG000325632
2026-01-11 15:28:17.555697 INFO::Fitting model to feature number 300, MGYG000325803
2026-01-11 15:28:17.56265 INFO::Fitting model to feature number 301, JAFLTL01 sp910578395
2026-01-11 15:28:17.567477 INFO::Fitting model to feature number 302, MGYG000325590
2026-01-11 15:28:17.572489 INFO::Fitting model to feature number 303, UBA3263 sp001689615
2026-01-11 15:28:17.578278 INFO::Fitting model to feature number 304, MGYG000325470
2026-01-11 15:28:17.583986 INFO::Fitting model to feature number 305, UBA3263 sp002490725
2026-01-11 15:28:17.588487 INFO::Fitting model to feature number 306, MGYG000331010
2026-01-11 15:28:17.593297 INFO::Fitting model to feature number 307, UBA3263 sp014801955
2026-01-11 15:28:17.598093 INFO::Fitting model to feature number 308, MGYG000325619
2026-01-11 15:28:17.602534 INFO::Fitting model to feature number 309, MGYG000325600
2026-01-11 15:28:17.607132 INFO::Fitting model to feature number 310, MGYG000325598
2026-01-11 15:28:17.612399 INFO::Fitting model to feature number 311, JAGBWK01 sp001915385
2026-01-11 15:28:17.616797 INFO::Fitting model to feature number 312, JAGBWK01 sp004102805
2026-01-11 15:28:17.621145 INFO::Fitting model to feature number 313, MGYG000325382
2026-01-11 15:28:17.625427 INFO::Fitting model to feature number 314, MGYG000327564
2026-01-11 15:28:17.6304 INFO::Fitting model to feature number 315, MGYG000328504
2026-01-11 15:28:17.634736 INFO::Fitting model to feature number 316, JAAVFS01 sp910584665
2026-01-11 15:28:17.639019 INFO::Fitting model to feature number 317, MGYG000325322
2026-01-11 15:28:17.644179 INFO::Fitting model to feature number 318, MGYG000325435
2026-01-11 15:28:17.648632 INFO::Fitting model to feature number 319, CAJUPY01 sp910588035
2026-01-11 15:28:17.653024 INFO::Fitting model to feature number 320, MGYG000325343
2026-01-11 15:28:17.657252 INFO::Fitting model to feature number 321, CAJUPY01 sp014802535
2026-01-11 15:28:17.662314 INFO::Fitting model to feature number 322, MGYG000325663
2026-01-11 15:28:17.666699 INFO::Fitting model to feature number 323, M3 sp001689445
2026-01-11 15:28:17.670989 INFO::Fitting model to feature number 324, MGYG000328741
2026-01-11 15:28:17.675194 INFO::Fitting model to feature number 325, CAG-1031 sp000431215
2026-01-11 15:28:17.680236 INFO::Fitting model to feature number 326, Amulumruptor sp001689515
2026-01-11 15:28:17.684905 INFO::Fitting model to feature number 327, Amulumruptor sp900539915
2026-01-11 15:28:17.689857 INFO::Fitting model to feature number 328, Sodaliphilus sp004557565
2026-01-11 15:28:17.695538 INFO::Fitting model to feature number 329, Limisoma sp000437795
2026-01-11 15:28:17.701421 INFO::Fitting model to feature number 330, Bacteroides sp002491635
2026-01-11 15:28:17.70776 INFO::Fitting model to feature number 331, Bacteroides sp910578895
2026-01-11 15:28:17.713655 INFO::Fitting model to feature number 332, Bacteroides acidifaciens
2026-01-11 15:28:17.720669 INFO::Fitting model to feature number 333, Bacteroides caecimuris
2026-01-11 15:28:17.728227 INFO::Fitting model to feature number 334, Bacteroides sp910586915
2026-01-11 15:28:17.735711 INFO::Fitting model to feature number 335, Bacteroides uniformis
2026-01-11 15:28:17.74331 INFO::Fitting model to feature number 336, Bacteroides sp910585845
2026-01-11 15:28:17.750605 INFO::Fitting model to feature number 337, Bacteroides sp900765785
2026-01-11 15:28:17.75728 INFO::Fitting model to feature number 338, Bacteroides stercoris
2026-01-11 15:28:17.763822 INFO::Fitting model to feature number 339, MGYG000325585
2026-01-11 15:28:17.77045 INFO::Fitting model to feature number 340, Bacteroides nordii
2026-01-11 15:28:17.77729 INFO::Fitting model to feature number 341, Bacteroides congonensis
2026-01-11 15:28:17.784154 INFO::Fitting model to feature number 342, Bacteroides xylanisolvens
2026-01-11 15:28:17.790932 INFO::Fitting model to feature number 343, Bacteroides intestinalis
2026-01-11 15:28:17.79806 INFO::Fitting model to feature number 344, Bacteroides cellulosilyticus
2026-01-11 15:28:17.8043 INFO::Fitting model to feature number 345, Prevotella sp002933775
2026-01-11 15:28:17.811722 INFO::Fitting model to feature number 346, Prevotella muris
2026-01-11 15:28:17.818503 INFO::Fitting model to feature number 347, MGYG000325010
2026-01-11 15:28:17.82403 INFO::Fitting model to feature number 348, MGYG000325676
2026-01-11 15:28:17.829996 INFO::Fitting model to feature number 349, Prevotella sp013166515
2026-01-11 15:28:17.835007 INFO::Fitting model to feature number 350, Prevotella rodentium
2026-01-11 15:28:17.839381 INFO::Fitting model to feature number 351, Prevotella sp900545525
2026-01-11 15:28:17.844248 INFO::Fitting model to feature number 352, MGYG000325400
2026-01-11 15:28:17.848716 INFO::Fitting model to feature number 353, Prevotella intestinalis
2026-01-11 15:28:17.853228 INFO::Fitting model to feature number 354, Phocaeicola vulgatus
2026-01-11 15:28:17.857517 INFO::Fitting model to feature number 355, Phocaeicola sartorii
2026-01-11 15:28:17.862418 INFO::Fitting model to feature number 356, Phocaeicola sp011959205
2026-01-11 15:28:17.866743 INFO::Fitting model to feature number 357, Phocaeicola faecalis
2026-01-11 15:28:17.870966 INFO::Fitting model to feature number 358, Phocaeicola plebeius_A
2026-01-11 15:28:17.875302 INFO::Fitting model to feature number 359, Phocaeicola massiliensis
2026-01-11 15:28:17.880399 INFO::Fitting model to feature number 360, UBA4372 sp023665805
2026-01-11 15:28:17.884705 INFO::Fitting model to feature number 361, MGYG000325572
2026-01-11 15:28:17.88903 INFO::Fitting model to feature number 362, Alloprevotella sp009775705
2026-01-11 15:28:17.893595 INFO::Fitting model to feature number 363, Alloprevotella sp002933955
2026-01-11 15:28:17.898221 INFO::Fitting model to feature number 364, Paraprevotella sp900548345
2026-01-11 15:28:17.902675 INFO::Fitting model to feature number 365, Paraprevotella sp910586505
2026-01-11 15:28:17.907207 INFO::Fitting model to feature number 366, Alistipes sp002428825
2026-01-11 15:28:17.912251 INFO::Fitting model to feature number 367, Alistipes sp910587675
2026-01-11 15:28:17.916832 INFO::Fitting model to feature number 368, Alistipes timonensis
2026-01-11 15:28:17.921282 INFO::Fitting model to feature number 369, Alistipes sp910576555
2026-01-11 15:28:17.928183 INFO::Fitting model to feature number 370, Alistipes sp009774895
2026-01-11 15:28:17.932953 INFO::Fitting model to feature number 371, Alistipes sp002362235
2026-01-11 15:28:17.937567 INFO::Fitting model to feature number 372, Alistipes sp900552955
2026-01-11 15:28:17.94002 WARNING::Fitting problem for feature 372 returning NA
2026-01-11 15:28:17.941922 INFO::Fitting model to feature number 373, Alistipes sp910575495
2026-01-11 15:28:17.947042 INFO::Fitting model to feature number 374, Alistipes sp910577475
2026-01-11 15:28:17.951806 INFO::Fitting model to feature number 375, Alistipes sp002358415
2026-01-11 15:28:17.956803 INFO::Fitting model to feature number 376, Avirikenella sp910588925
2026-01-11 15:28:17.962857 INFO::Fitting model to feature number 377, MGYG000325667
2026-01-11 15:28:17.968339 INFO::Fitting model to feature number 378, Rikenella sp910577885
2026-01-11 15:28:17.973952 INFO::Fitting model to feature number 379, Parabacteroides distasonis
2026-01-11 15:28:17.979756 INFO::Fitting model to feature number 380, Parabacteroides goldsteinii
2026-01-11 15:28:17.985846 INFO::Fitting model to feature number 381, Parabacteroides sp900760525
2026-01-11 15:28:17.990695 INFO::Fitting model to feature number 382, Parabacteroides merdae
2026-01-11 15:28:17.99629 INFO::Fitting model to feature number 383, Odoribacter sp021771575
2026-01-11 15:28:18.001078 INFO::Fitting model to feature number 384, Odoribacter sp910578105
2026-01-11 15:28:18.006011 INFO::Fitting model to feature number 385, Odoribacter sp910589025
2026-01-11 15:28:18.013462 INFO::Fitting model to feature number 386, Butyricimonas virosa
2026-01-11 15:28:18.019312 INFO::Fitting model to feature number 387, Pullibacteroides sp910586395
2026-01-11 15:28:18.0259 INFO::Fitting model to feature number 388, Cryptobacteroides sp009774765
2026-01-11 15:28:18.032916 INFO::Fitting model to feature number 389, Cryptobacteroides sp910585445
2026-01-11 15:28:18.03969 INFO::Fitting model to feature number 390, Imtechella halotolerans
2026-01-11 15:28:18.046758 INFO::Fitting model to feature number 391, Faecalibaculum sp910588395
2026-01-11 15:28:18.0534 INFO::Fitting model to feature number 392, C-19 sp910576855
2026-01-11 15:28:18.060269 INFO::Fitting model to feature number 393, MGYG000329824
2026-01-11 15:28:18.065201 INFO::Fitting model to feature number 394, Ileibacterium valens
2026-01-11 15:28:18.069849 INFO::Fitting model to feature number 395, Dubosiella sp004793885
2026-01-11 15:28:18.075613 INFO::Fitting model to feature number 396, CAJTFG01 sp910575705
2026-01-11 15:28:18.082698 INFO::Fitting model to feature number 397, Thomasclavelia cocleata
2026-01-11 15:28:18.088614 INFO::Fitting model to feature number 398, Thomasclavelia ramosa
2026-01-11 15:28:18.094853 INFO::Fitting model to feature number 399, MGBC113645 sp910579135
2026-01-11 15:28:18.100856 INFO::Fitting model to feature number 400, Fimiplasma sp910588165
2026-01-11 15:28:18.120301 INFO::Fitting model to feature number 401, Lactobacillus intestinalis
2026-01-11 15:28:18.127791 INFO::Fitting model to feature number 402, Lactobacillus sp910589675
2026-01-11 15:28:18.132854 INFO::Fitting model to feature number 403, MGYG000329195
2026-01-11 15:28:18.137659 INFO::Fitting model to feature number 404, Lactobacillus taiwanensis
2026-01-11 15:28:18.142867 INFO::Fitting model to feature number 405, Lactobacillus amylovorus
2026-01-11 15:28:18.148425 INFO::Fitting model to feature number 406, MGYG000325525
2026-01-11 15:28:18.153445 INFO::Fitting model to feature number 407, MGYG000326943
2026-01-11 15:28:18.159182 INFO::Fitting model to feature number 408, Lactobacillus hominis
2026-01-11 15:28:18.166205 INFO::Fitting model to feature number 409, Lactobacillus acidophilus
2026-01-11 15:28:18.171575 INFO::Fitting model to feature number 410, MGYG000326944
2026-01-11 15:28:18.177516 INFO::Fitting model to feature number 411, Lactobacillus delbrueckii
2026-01-11 15:28:18.182735 INFO::Fitting model to feature number 412, Limosilactobacillus reuteri
2026-01-11 15:28:18.187833 INFO::Fitting model to feature number 413, Limosilactobacillus sp009663775
2026-01-11 15:28:18.193061 INFO::Fitting model to feature number 414, Limosilactobacillus fermentum
2026-01-11 15:28:18.198896 INFO::Fitting model to feature number 415, Limosilactobacillus equigenerosi
2026-01-11 15:28:18.206672 INFO::Fitting model to feature number 416, Limosilactobacillus portuensis
2026-01-11 15:28:18.213897 INFO::Fitting model to feature number 417, Ligilactobacillus murinus
2026-01-11 15:28:18.219878 INFO::Fitting model to feature number 418, Ligilactobacillus animalis
2026-01-11 15:28:18.227992 INFO::Fitting model to feature number 419, Ligilactobacillus sp910587695
2026-01-11 15:28:18.234999 INFO::Fitting model to feature number 420, Ligilactobacillus agilis
2026-01-11 15:28:18.239452 INFO::Fitting model to feature number 421, Pediococcus pentosaceus
2026-01-11 15:28:18.243886 INFO::Fitting model to feature number 422, Enterococcus faecalis
2026-01-11 15:28:18.248716 INFO::Fitting model to feature number 423, Turicibacter sp002311155
2026-01-11 15:28:18.253236 INFO::Fitting model to feature number 424, MGYG000380869
2026-01-11 15:28:18.257763 INFO::Fitting model to feature number 425, CAG-582 sp910577075
2026-01-11 15:28:18.263101 INFO::Fitting model to feature number 426, UBA5026 sp910576795
2026-01-11 15:28:18.268008 INFO::Fitting model to feature number 427, UBA5026 sp910586425
2026-01-11 15:28:18.272859 INFO::Fitting model to feature number 428, MGYG000330354
2026-01-11 15:28:18.278066 INFO::Fitting model to feature number 429, MGYG000338472
2026-01-11 15:28:18.284128 INFO::Fitting model to feature number 430, MGYG000329046
2026-01-11 15:28:18.289961 INFO::Fitting model to feature number 431, MGYG000331189
2026-01-11 15:28:18.296524 INFO::Fitting model to feature number 432, Mammaliicoccus lentus
2026-01-11 15:28:18.301999 INFO::Fitting model to feature number 433, Staphylococcus xylosus
2026-01-11 15:28:18.307318 INFO::Fitting model to feature number 434, MGYG000410805
2026-01-11 15:28:18.315586 INFO::Fitting model to feature number 435, Desulfovibrio sp910575755
2026-01-11 15:28:18.324629 INFO::Fitting model to feature number 436, Desulfovibrio sp910587035
2026-01-11 15:28:18.332378 INFO::Fitting model to feature number 437, Desulfovibrio sp910584445
2026-01-11 15:28:18.337537 INFO::Fitting model to feature number 438, MGYG000325668
2026-01-11 15:28:18.342709 INFO::Fitting model to feature number 439, Desulfovibrio sp900556755
2026-01-11 15:28:18.348958 INFO::Fitting model to feature number 440, Desulfovibrio sp905215675
2026-01-11 15:28:18.355085 INFO::Fitting model to feature number 441, MGYG000325515
2026-01-11 15:28:18.363172 INFO::Fitting model to feature number 442, Bilophila sp910585945
2026-01-11 15:28:18.368516 INFO::Fitting model to feature number 443, Bilophila faecipullorum
2026-01-11 15:28:18.377808 INFO::Fitting model to feature number 444, Bilophila sp902373525
2026-01-11 15:28:18.385711 INFO::Fitting model to feature number 445, Mailhella sp910579055
2026-01-11 15:28:18.393724 INFO::Fitting model to feature number 446, Mailhella excrementigallinarum
2026-01-11 15:28:18.400836 INFO::Fitting model to feature number 447, MGYG000399267
2026-01-11 15:28:18.408026 INFO::Fitting model to feature number 448, MGYG000410288
2026-01-11 15:28:18.415032 INFO::Fitting model to feature number 449, Schaedlerella sp910589385
2026-01-11 15:28:18.420353 INFO::Fitting model to feature number 450, Schaedlerella arabinosiphila
2026-01-11 15:28:18.426505 INFO::Fitting model to feature number 451, Schaedlerella sp009911175
2026-01-11 15:28:18.433665 INFO::Fitting model to feature number 452, MGYG000410694
2026-01-11 15:28:18.439676 INFO::Fitting model to feature number 453, Schaedlerella sp000403295
2026-01-11 15:28:18.447317 INFO::Fitting model to feature number 454, Schaedlerella sp910574865
2026-01-11 15:28:18.454271 INFO::Fitting model to feature number 455, Schaedlerella sp910574195
2026-01-11 15:28:18.462299 INFO::Fitting model to feature number 456, Schaedlerella sp943193195
2026-01-11 15:28:18.470121 INFO::Fitting model to feature number 457, Schaedlerella sp009774255
2026-01-11 15:28:18.477134 INFO::Fitting model to feature number 458, MGYG000328305
2026-01-11 15:28:18.484596 INFO::Fitting model to feature number 459, MD308 sp910575105
2026-01-11 15:28:18.493153 INFO::Fitting model to feature number 460, MD308 sp010206225
2026-01-11 15:28:18.50143 INFO::Fitting model to feature number 461, MGYG000323047
2026-01-11 15:28:18.508968 INFO::Fitting model to feature number 462, MD308 sp000403475
2026-01-11 15:28:18.516807 INFO::Fitting model to feature number 463, MGYG000326632
2026-01-11 15:28:18.523473 INFO::Fitting model to feature number 464, MD308 sp910578455
2026-01-11 15:28:18.530845 INFO::Fitting model to feature number 465, MD308 sp910586965
2026-01-11 15:28:18.53845 INFO::Fitting model to feature number 466, MD308 sp910584615
2026-01-11 15:28:18.545321 INFO::Fitting model to feature number 467, MGYG000410877
2026-01-11 15:28:18.552911 INFO::Fitting model to feature number 468, MGYG000324148
2026-01-11 15:28:18.55985 INFO::Fitting model to feature number 469, Sporofaciens sp910574715
2026-01-11 15:28:18.566878 INFO::Fitting model to feature number 470, Sporofaciens sp910579015
2026-01-11 15:28:18.571834 INFO::Fitting model to feature number 471, MGYG000353267
2026-01-11 15:28:18.577363 INFO::Fitting model to feature number 472, Sporofaciens sp910575835
2026-01-11 15:28:18.584461 INFO::Fitting model to feature number 473, Sporofaciens musculi
2026-01-11 15:28:18.591197 INFO::Fitting model to feature number 474, Sporofaciens sp009774295
2026-01-11 15:28:18.597023 INFO::Fitting model to feature number 475, Sporofaciens sp910574885
2026-01-11 15:28:18.601477 INFO::Fitting model to feature number 476, Sporofaciens sp000403455
2026-01-11 15:28:18.606117 INFO::Fitting model to feature number 477, Sporofaciens sp910577685
2026-01-11 15:28:18.611466 INFO::Fitting model to feature number 478, Sporofaciens sp910587575
2026-01-11 15:28:18.617305 INFO::Fitting model to feature number 479, Sporofaciens sp910585725
2026-01-11 15:28:18.622142 INFO::Fitting model to feature number 480, Sporofaciens sp910579925
2026-01-11 15:28:18.627228 INFO::Fitting model to feature number 481, MGYG000402809
2026-01-11 15:28:18.632378 INFO::Fitting model to feature number 482, UBA11957 sp910588295
2026-01-11 15:28:18.637776 INFO::Fitting model to feature number 483, MGYG000410400
2026-01-11 15:28:18.643714 INFO::Fitting model to feature number 484, Choladocola sp009774135
2026-01-11 15:28:18.649799 INFO::Fitting model to feature number 485, Choladocola sp910583615
2026-01-11 15:28:18.655072 INFO::Fitting model to feature number 486, Choladocola sp910585995
2026-01-11 15:28:18.660211 INFO::Fitting model to feature number 487, Choladocola sp009774145
2026-01-11 15:28:18.665341 INFO::Fitting model to feature number 488, Choladocola sp910584945
2026-01-11 15:28:18.670264 INFO::Fitting model to feature number 489, Choladocola sp910579225
2026-01-11 15:28:18.675554 INFO::Fitting model to feature number 490, Choladocola sp910584205
2026-01-11 15:28:18.681756 INFO::Fitting model to feature number 491, Choladocola sp910574965
2026-01-11 15:28:18.687574 INFO::Fitting model to feature number 492, Choladocola sp910575445
2026-01-11 15:28:18.692943 INFO::Fitting model to feature number 493, Choladocola sp910583895
2026-01-11 15:28:18.698317 INFO::Fitting model to feature number 494, Choladocola sp009774155
2026-01-11 15:28:18.703149 INFO::Fitting model to feature number 495, Choladocola sp910587495
2026-01-11 15:28:18.708076 INFO::Fitting model to feature number 496, Choladocola sp910585465
2026-01-11 15:28:18.713297 INFO::Fitting model to feature number 497, Choladocola sp910587765
2026-01-11 15:28:18.717999 INFO::Fitting model to feature number 498, MGYG000392954
2026-01-11 15:28:18.722685 INFO::Fitting model to feature number 499, Lachnoclostridium_B sp910584095
2026-01-11 15:28:18.727917 INFO::Fitting model to feature number 500, Lachnoclostridium_B sp910574185
2026-01-11 15:28:18.732751 INFO::Fitting model to feature number 501, MGYG000331109
2026-01-11 15:28:18.737635 INFO::Fitting model to feature number 502, Lachnoclostridium_B sp910584265
2026-01-11 15:28:18.742444 INFO::Fitting model to feature number 503, Lachnoclostridium_B sp910588745
2026-01-11 15:28:18.747633 INFO::Fitting model to feature number 504, Lachnoclostridium_B sp910589275
2026-01-11 15:28:18.752141 INFO::Fitting model to feature number 505, MGYG000328855
2026-01-11 15:28:18.756656 INFO::Fitting model to feature number 506, MGBC164599 sp910588825
2026-01-11 15:28:18.762002 INFO::Fitting model to feature number 507, MGBC164599 sp910575625
2026-01-11 15:28:18.766929 INFO::Fitting model to feature number 508, MGBC164599 sp910587105
2026-01-11 15:28:18.771816 INFO::Fitting model to feature number 509, MGBC164599 sp910588775
2026-01-11 15:28:18.776447 INFO::Fitting model to feature number 510, MGYG000330030
2026-01-11 15:28:18.781915 INFO::Fitting model to feature number 511, MGYG000330180
2026-01-11 15:28:18.786456 INFO::Fitting model to feature number 512, 14-2 sp910588845
2026-01-11 15:28:18.792388 INFO::Fitting model to feature number 513, 14-2 sp910577785
2026-01-11 15:28:18.799433 INFO::Fitting model to feature number 514, 14-2 sp910576385
2026-01-11 15:28:18.806295 INFO::Fitting model to feature number 515, 14-2 sp910575155
2026-01-11 15:28:18.813629 INFO::Fitting model to feature number 516, 14-2 sp910575035
2026-01-11 15:28:18.821355 INFO::Fitting model to feature number 517, 14-2 sp011960065
2026-01-11 15:28:18.82966 INFO::Fitting model to feature number 518, MGYG000409996
2026-01-11 15:28:18.83822 INFO::Fitting model to feature number 519, 14-2 sp910588285
2026-01-11 15:28:18.845255 INFO::Fitting model to feature number 520, 14-2 sp910575005
2026-01-11 15:28:18.851734 INFO::Fitting model to feature number 521, 14-2 sp910584585
2026-01-11 15:28:18.858661 INFO::Fitting model to feature number 522, 14-2 sp000403255
2026-01-11 15:28:18.86602 INFO::Fitting model to feature number 523, MGYG000411355
2026-01-11 15:28:18.871918 INFO::Fitting model to feature number 524, 14-2 sp910583835
2026-01-11 15:28:18.8771 INFO::Fitting model to feature number 525, 14-2 sp910575075
2026-01-11 15:28:18.884083 INFO::Fitting model to feature number 526, 14-2 sp000403315
2026-01-11 15:28:18.888844 INFO::Fitting model to feature number 527, 14-2 sp009774455
2026-01-11 15:28:18.895602 INFO::Fitting model to feature number 528, 14-2 sp910589635
2026-01-11 15:28:18.900731 INFO::Fitting model to feature number 529, 14-2 sp910576975
2026-01-11 15:28:18.907893 INFO::Fitting model to feature number 530, MGYG000411595
2026-01-11 15:28:18.915041 INFO::Fitting model to feature number 531, MGYG000328404
2026-01-11 15:28:18.92048 INFO::Fitting model to feature number 532, 14-2 sp910578825
2026-01-11 15:28:18.926066 INFO::Fitting model to feature number 533, MGYG000410992
2026-01-11 15:28:18.933218 INFO::Fitting model to feature number 534, MGYG000324849
2026-01-11 15:28:18.938811 INFO::Fitting model to feature number 535, 14-2 sp000403845
2026-01-11 15:28:18.94328 INFO::Fitting model to feature number 536, Eubacterium_F sp910574015
2026-01-11 15:28:18.948929 INFO::Fitting model to feature number 537, MGYG000330978
2026-01-11 15:28:18.954687 INFO::Fitting model to feature number 538, Eubacterium_F sp910575665
2026-01-11 15:28:18.960708 INFO::Fitting model to feature number 539, Eubacterium_F sp910585745
2026-01-11 15:28:18.966529 INFO::Fitting model to feature number 540, MGYG000329322
2026-01-11 15:28:18.971417 INFO::Fitting model to feature number 541, Eubacterium_F sp910579145
2026-01-11 15:28:18.976181 INFO::Fitting model to feature number 542, Caccovicinus sp910585635
2026-01-11 15:28:18.981647 INFO::Fitting model to feature number 543, Caccovicinus sp009774615
2026-01-11 15:28:18.98637 INFO::Fitting model to feature number 544, Caccovicinus sp910584785
2026-01-11 15:28:18.992301 INFO::Fitting model to feature number 545, MGYG000411451
2026-01-11 15:28:18.997773 INFO::Fitting model to feature number 546, Caccovicinus sp910575565
2026-01-11 15:28:19.002303 INFO::Fitting model to feature number 547, MGYG000322995
2026-01-11 15:28:19.007112 INFO::Fitting model to feature number 548, Caccovicinus sp910588895
2026-01-11 15:28:19.012569 INFO::Fitting model to feature number 549, Acetatifactor sp910576125
2026-01-11 15:28:19.017557 INFO::Fitting model to feature number 550, Acetatifactor sp910589035
2026-01-11 15:28:19.022205 INFO::Fitting model to feature number 551, Acetatifactor sp910579755
2026-01-11 15:28:19.026935 INFO::Fitting model to feature number 552, Acetatifactor sp910584865
2026-01-11 15:28:19.032129 INFO::Fitting model to feature number 553, Acetatifactor sp910585805
2026-01-11 15:28:19.03686 INFO::Fitting model to feature number 554, Acetatifactor sp910585425
2026-01-11 15:28:19.041647 INFO::Fitting model to feature number 555, Acetatifactor sp910585615
2026-01-11 15:28:19.047158 INFO::Fitting model to feature number 556, Acetatifactor sp910586775
2026-01-11 15:28:19.052071 INFO::Fitting model to feature number 557, Acetatifactor sp910589655
2026-01-11 15:28:19.056926 INFO::Fitting model to feature number 558, Acetatifactor sp910586835
2026-01-11 15:28:19.062454 INFO::Fitting model to feature number 559, Acetatifactor sp003612485
2026-01-11 15:28:19.067612 INFO::Fitting model to feature number 560, MGYG000329336
2026-01-11 15:28:19.072903 INFO::Fitting model to feature number 561, Acetatifactor sp910577185
2026-01-11 15:28:19.078973 INFO::Fitting model to feature number 562, MGYG000325587
2026-01-11 15:28:19.084287 INFO::Fitting model to feature number 563, Acetatifactor sp910584235
2026-01-11 15:28:19.089413 INFO::Fitting model to feature number 564, MGYG000325385
2026-01-11 15:28:19.094965 INFO::Fitting model to feature number 565, Acetatifactor sp910580225
2026-01-11 15:28:19.101396 INFO::Fitting model to feature number 566, Acetatifactor sp910577035
2026-01-11 15:28:19.107538 INFO::Fitting model to feature number 567, Acetatifactor sp910578995
2026-01-11 15:28:19.113721 INFO::Fitting model to feature number 568, Acetatifactor sp910578185
2026-01-11 15:28:19.118927 INFO::Fitting model to feature number 569, MGYG000327004
2026-01-11 15:28:19.124192 INFO::Fitting model to feature number 570, Acetatifactor sp910586485
2026-01-11 15:28:19.13041 INFO::Fitting model to feature number 571, MGYG000331015
2026-01-11 15:28:19.135803 INFO::Fitting model to feature number 572, Acetatifactor sp910587555
2026-01-11 15:28:19.141676 INFO::Fitting model to feature number 573, 1XD8-76 sp910578085
2026-01-11 15:28:19.14839 INFO::Fitting model to feature number 574, 1XD8-76 sp910573755
2026-01-11 15:28:19.155491 INFO::Fitting model to feature number 575, 1XD8-76 sp910577955
2026-01-11 15:28:19.163257 INFO::Fitting model to feature number 576, UBA3282 sp009774175
2026-01-11 15:28:19.171253 INFO::Fitting model to feature number 577, UBA3282 sp910575245
2026-01-11 15:28:19.177958 INFO::Fitting model to feature number 578, UBA3282 sp009774655
2026-01-11 15:28:19.185291 INFO::Fitting model to feature number 579, UBA3282 sp910577735
2026-01-11 15:28:19.192044 INFO::Fitting model to feature number 580, UBA3282 sp910588215
2026-01-11 15:28:19.198344 INFO::Fitting model to feature number 581, UBA3282 sp910584725
2026-01-11 15:28:19.203117 INFO::Fitting model to feature number 582, MGYG000329173
2026-01-11 15:28:19.207932 INFO::Fitting model to feature number 583, MGYG000325371
2026-01-11 15:28:19.213797 INFO::Fitting model to feature number 584, MGYG000324467
2026-01-11 15:28:19.220755 INFO::Fitting model to feature number 585, UBA3282 sp910587095
2026-01-11 15:28:19.225773 INFO::Fitting model to feature number 586, UBA3282 sp009774585
2026-01-11 15:28:19.23152 INFO::Fitting model to feature number 587, UBA3282 sp910576815
2026-01-11 15:28:19.238193 INFO::Fitting model to feature number 588, UBA3282 sp910575775
2026-01-11 15:28:19.244083 INFO::Fitting model to feature number 589, UBA3282 sp003611805
2026-01-11 15:28:19.250596 INFO::Fitting model to feature number 590, UBA3282 sp910579285
2026-01-11 15:28:19.256349 INFO::Fitting model to feature number 591, UBA3282 sp910579505
2026-01-11 15:28:19.26181 INFO::Fitting model to feature number 592, MGYG000328328
2026-01-11 15:28:19.267483 INFO::Fitting model to feature number 593, MGYG000325448
2026-01-11 15:28:19.274192 INFO::Fitting model to feature number 594, MGYG000328360
2026-01-11 15:28:19.281106 INFO::Fitting model to feature number 595, MGYG000323430
2026-01-11 15:28:19.288228 INFO::Fitting model to feature number 596, UBA3282 sp003612405
2026-01-11 15:28:19.298395 INFO::Fitting model to feature number 597, UBA3282 sp009774215
2026-01-11 15:28:19.30532 INFO::Fitting model to feature number 598, MGYG000324289
2026-01-11 15:28:19.3142 INFO::Fitting model to feature number 599, Paralachnospira sp910588815
2026-01-11 15:28:19.321694 INFO::Fitting model to feature number 600, Paralachnospira sp022800815
2026-01-11 15:28:19.328753 INFO::Fitting model to feature number 601, Paralachnospira sp910587905
2026-01-11 15:28:19.335902 INFO::Fitting model to feature number 602, COE1 sp002490665
2026-01-11 15:28:19.341844 INFO::Fitting model to feature number 603, COE1 sp009774395
2026-01-11 15:28:19.347541 INFO::Fitting model to feature number 604, COE1 sp000403335
2026-01-11 15:28:19.35468 INFO::Fitting model to feature number 605, MGYG000410938
2026-01-11 15:28:19.375894 INFO::Fitting model to feature number 606, MGYG000325626
2026-01-11 15:28:19.381482 INFO::Fitting model to feature number 607, COE1 sp002358575
2026-01-11 15:28:19.387205 INFO::Fitting model to feature number 608, MGYG000325712
2026-01-11 15:28:19.392553 INFO::Fitting model to feature number 609, COE1 sp910586585
2026-01-11 15:28:19.399825 INFO::Fitting model to feature number 610, COE1 sp910586715
2026-01-11 15:28:19.407258 INFO::Fitting model to feature number 611, COE1 sp910579275
2026-01-11 15:28:19.414813 INFO::Fitting model to feature number 612, CAG-95 sp910585005
2026-01-11 15:28:19.422475 INFO::Fitting model to feature number 613, CAG-95 sp009917455
2026-01-11 15:28:19.426996 INFO::Fitting model to feature number 614, CAG-95 sp910579685
2026-01-11 15:28:19.432425 INFO::Fitting model to feature number 615, CAG-95 sp910579425
2026-01-11 15:28:19.439106 INFO::Fitting model to feature number 616, CAG-95 sp910579495
2026-01-11 15:28:19.444084 INFO::Fitting model to feature number 617, CAG-95 sp003612395
2026-01-11 15:28:19.450852 INFO::Fitting model to feature number 618, CAG-95 sp910586025
2026-01-11 15:28:19.456298 INFO::Fitting model to feature number 619, CAG-95 sp910577275
2026-01-11 15:28:19.462893 INFO::Fitting model to feature number 620, CAG-95 sp009911035
2026-01-11 15:28:19.469141 INFO::Fitting model to feature number 621, CAG-95 sp910585075
2026-01-11 15:28:19.473126 INFO::Fitting model to feature number 622, MGYG000410775
2026-01-11 15:28:19.477034 INFO::Fitting model to feature number 623, MGYG000325648
2026-01-11 15:28:19.481838 INFO::Fitting model to feature number 624, CAG-95 sp011959285
2026-01-11 15:28:19.487068 INFO::Fitting model to feature number 625, UBA7109 sp910576335
2026-01-11 15:28:19.491165 INFO::Fitting model to feature number 626, UBA7109 sp910575605
2026-01-11 15:28:19.495941 INFO::Fitting model to feature number 627, MGYG000323043
2026-01-11 15:28:19.501037 INFO::Fitting model to feature number 628, MGYG000405682
2026-01-11 15:28:19.505043 INFO::Fitting model to feature number 629, MGYG000368546
2026-01-11 15:28:19.508776 INFO::Fitting model to feature number 630, Ventrimonas sp910575255
2026-01-11 15:28:19.514681 INFO::Fitting model to feature number 631, Ventrimonas sp910577765
2026-01-11 15:28:19.519513 INFO::Fitting model to feature number 632, Ventrimonas sp910586255
2026-01-11 15:28:19.52419 INFO::Fitting model to feature number 633, Ventrimonas sp003611875
2026-01-11 15:28:19.530523 INFO::Fitting model to feature number 634, Ventrimonas sp009911065
2026-01-11 15:28:19.535451 INFO::Fitting model to feature number 635, MGYG000410706
2026-01-11 15:28:19.539879 INFO::Fitting model to feature number 636, MGYG000327273
2026-01-11 15:28:19.545799 INFO::Fitting model to feature number 637, Ventrimonas sp910577655
2026-01-11 15:28:19.549951 INFO::Fitting model to feature number 638, Ventrimonas sp022799175
2026-01-11 15:28:19.554406 INFO::Fitting model to feature number 639, MGYG000324149
2026-01-11 15:28:19.560103 INFO::Fitting model to feature number 640, UBA3402 sp910574345
2026-01-11 15:28:19.565108 INFO::Fitting model to feature number 641, UBA3402 sp910575585
2026-01-11 15:28:19.570848 INFO::Fitting model to feature number 642, MGYG000410803
2026-01-11 15:28:19.575288 INFO::Fitting model to feature number 643, UBA3402 sp910588325
2026-01-11 15:28:19.581391 INFO::Fitting model to feature number 644, UBA3402 sp022798105
2026-01-11 15:28:19.585978 INFO::Fitting model to feature number 645, UBA3402 sp022795805
2026-01-11 15:28:19.592204 INFO::Fitting model to feature number 646, UBA3402 sp002358555
2026-01-11 15:28:19.598545 INFO::Fitting model to feature number 647, UBA3402 sp910588865
2026-01-11 15:28:19.604403 INFO::Fitting model to feature number 648, UBA3402 sp022796015
2026-01-11 15:28:19.61059 INFO::Fitting model to feature number 649, UBA3402 sp910586845
2026-01-11 15:28:19.617692 INFO::Fitting model to feature number 650, UBA3402 sp910585435
2026-01-11 15:28:19.623596 INFO::Fitting model to feature number 651, UBA3402 sp910577935
2026-01-11 15:28:19.629822 INFO::Fitting model to feature number 652, UBA3402 sp910585645
2026-01-11 15:28:19.635697 INFO::Fitting model to feature number 653, UBA3402 sp021769025
2026-01-11 15:28:19.64133 INFO::Fitting model to feature number 654, 1XD42-69 sp011959925
2026-01-11 15:28:19.64664 INFO::Fitting model to feature number 655, 1XD42-69 sp009911505
2026-01-11 15:28:19.650777 INFO::Fitting model to feature number 656, 1XD42-69 sp022794015
2026-01-11 15:28:19.655185 INFO::Fitting model to feature number 657, 1XD42-69 sp910588565
2026-01-11 15:28:19.659698 INFO::Fitting model to feature number 658, 1XD42-69 sp910577065
2026-01-11 15:28:19.665077 INFO::Fitting model to feature number 659, 1XD42-69 sp910586645
2026-01-11 15:28:19.66966 INFO::Fitting model to feature number 660, Merdisoma sp009917555
2026-01-11 15:28:19.674428 INFO::Fitting model to feature number 661, Merdisoma sp910574255
2026-01-11 15:28:19.679765 INFO::Fitting model to feature number 662, Merdisoma sp011959465
2026-01-11 15:28:19.684698 INFO::Fitting model to feature number 663, Merdisoma sp910574835
2026-01-11 15:28:19.690134 INFO::Fitting model to feature number 664, Merdisoma sp910574475
2026-01-11 15:28:19.696178 INFO::Fitting model to feature number 665, MGYG000330323
2026-01-11 15:28:19.701951 INFO::Fitting model to feature number 666, Merdisoma sp022791635
2026-01-11 15:28:19.707065 INFO::Fitting model to feature number 667, Kineothrix sp011958945
2026-01-11 15:28:19.712171 INFO::Fitting model to feature number 668, Kineothrix sp910579935
2026-01-11 15:28:19.717076 INFO::Fitting model to feature number 669, Kineothrix sp910576535
2026-01-11 15:28:19.723686 INFO::Fitting model to feature number 670, MGYG000327499
2026-01-11 15:28:19.730068 INFO::Fitting model to feature number 671, Kineothrix sp000403275
2026-01-11 15:28:19.735101 INFO::Fitting model to feature number 672, Kineothrix sp910588855
2026-01-11 15:28:19.74018 INFO::Fitting model to feature number 673, Kineothrix sp910587275
2026-01-11 15:28:19.745003 INFO::Fitting model to feature number 674, MGYG000326008
2026-01-11 15:28:19.750729 INFO::Fitting model to feature number 675, Kineothrix sp910585965
2026-01-11 15:28:19.754957 INFO::Fitting model to feature number 676, Kineothrix sp009911195
2026-01-11 15:28:19.759098 INFO::Fitting model to feature number 677, RGIG4057 sp910587085
2026-01-11 15:28:19.764177 INFO::Fitting model to feature number 678, RGIG4057 sp910579615
2026-01-11 15:28:19.768623 INFO::Fitting model to feature number 679, UMGS1370 sp910577645
2026-01-11 15:28:19.773072 INFO::Fitting model to feature number 680, UMGS1370 sp910586755
2026-01-11 15:28:19.777649 INFO::Fitting model to feature number 681, UBA2882 sp910574745
2026-01-11 15:28:19.782793 INFO::Fitting model to feature number 682, Eubacterium_J sp910574915
2026-01-11 15:28:19.78739 INFO::Fitting model to feature number 683, Eubacterium_J sp910579075
2026-01-11 15:28:19.791903 INFO::Fitting model to feature number 684, Eubacterium_J sp910580075
2026-01-11 15:28:19.797059 INFO::Fitting model to feature number 685, Eubacterium_J sp910584595
2026-01-11 15:28:19.801578 INFO::Fitting model to feature number 686, MGYG000330231
2026-01-11 15:28:19.806147 INFO::Fitting model to feature number 687, MGYG000327453
2026-01-11 15:28:19.812714 INFO::Fitting model to feature number 688, Butyribacter sp910575435
2026-01-11 15:28:19.820317 INFO::Fitting model to feature number 689, Butyribacter sp910585905
2026-01-11 15:28:19.826605 INFO::Fitting model to feature number 690, MGYG000330019
2026-01-11 15:28:19.831463 INFO::Fitting model to feature number 691, Butyribacter sp009774235
2026-01-11 15:28:19.835439 INFO::Fitting model to feature number 692, VSOB01 sp009774625
2026-01-11 15:28:19.839333 INFO::Fitting model to feature number 693, VSOB01 sp910587155
2026-01-11 15:28:19.843246 INFO::Fitting model to feature number 694, VSOB01 sp910587635
2026-01-11 15:28:19.847807 INFO::Fitting model to feature number 695, Copromonas sp009917545
2026-01-11 15:28:19.851757 INFO::Fitting model to feature number 696, Copromonas sp910575275
2026-01-11 15:28:19.85573 INFO::Fitting model to feature number 697, Copromonas sp022792295
2026-01-11 15:28:19.859614 INFO::Fitting model to feature number 698, Copromonas sp910586315
2026-01-11 15:28:19.864184 INFO::Fitting model to feature number 699, Bariatricus sp022793995
2026-01-11 15:28:19.868226 INFO::Fitting model to feature number 700, Clostridium_Q sp910575795
2026-01-11 15:28:19.872141 INFO::Fitting model to feature number 701, RGIG4284 sp910576205
2026-01-11 15:28:19.876014 INFO::Fitting model to feature number 702, RGIG4284 sp022796795
2026-01-11 15:28:19.880644 INFO::Fitting model to feature number 703, RGIG7193 sp022793375
2026-01-11 15:28:19.884615 INFO::Fitting model to feature number 704, RGIG7193 sp022791755
2026-01-11 15:28:19.88852 INFO::Fitting model to feature number 705, Roseburia sp910587865
2026-01-11 15:28:19.892501 INFO::Fitting model to feature number 706, Roseburia sp910584215
2026-01-11 15:28:19.897157 INFO::Fitting model to feature number 707, MGYG000329248
2026-01-11 15:28:19.901138 INFO::Fitting model to feature number 708, Lachnospira sp910589305
2026-01-11 15:28:19.905028 INFO::Fitting model to feature number 709, Eubacterium_G sp910584795
2026-01-11 15:28:19.909126 INFO::Fitting model to feature number 710, Eubacterium_G sp910574895
2026-01-11 15:28:19.913716 INFO::Fitting model to feature number 711, Paralachnospira_A sp910588405
2026-01-11 15:28:19.917742 INFO::Fitting model to feature number 712, Paralachnospira_A sp910579325
2026-01-11 15:28:19.921582 INFO::Fitting model to feature number 713, CAG-317 sp910578495
2026-01-11 15:28:19.925461 INFO::Fitting model to feature number 714, CAG-317 sp011960265
2026-01-11 15:28:19.930761 INFO::Fitting model to feature number 715, JAAWJJ01 sp022796875
2026-01-11 15:28:19.936611 INFO::Fitting model to feature number 716, Blautia_A sp900551075
2026-01-11 15:28:19.942403 INFO::Fitting model to feature number 717, Blautia_A massiliensis
2026-01-11 15:28:19.948221 INFO::Fitting model to feature number 718, CAG-56 sp004793585
2026-01-11 15:28:19.953857 INFO::Fitting model to feature number 719, Enterocloster aldenensis
2026-01-11 15:28:19.959399 INFO::Fitting model to feature number 720, Enterocloster clostridioformis
2026-01-11 15:28:19.967092 INFO::Fitting model to feature number 721, Choladousia sp003612585
2026-01-11 15:28:19.973813 INFO::Fitting model to feature number 722, CAG-510 sp910577105
2026-01-11 15:28:19.980608 INFO::Fitting model to feature number 723, MGYG000325650
2026-01-11 15:28:19.988023 INFO::Fitting model to feature number 724, CAG-590 sp910585605
2026-01-11 15:28:19.995191 INFO::Fitting model to feature number 725, Blautia pseudococcoides
2026-01-11 15:28:20.002254 INFO::Fitting model to feature number 726, Eisenbergiella sp910585455
2026-01-11 15:28:20.010377 INFO::Fitting model to feature number 727, MGYG000392808
2026-01-11 15:28:20.0186 INFO::Fitting model to feature number 728, W0P33-017 sp910589045
2026-01-11 15:28:20.023655 INFO::Fitting model to feature number 729, SIG307 sp910579465
2026-01-11 15:28:20.028831 INFO::Fitting model to feature number 730, MGYG000326869
2026-01-11 15:28:20.033654 INFO::Fitting model to feature number 731, CAG-603 sp910583605
2026-01-11 15:28:20.038289 INFO::Fitting model to feature number 732, Marvinbryantia sp900550755
2026-01-11 15:28:20.043234 INFO::Fitting model to feature number 733, RGIG8607 sp910577045
2026-01-11 15:28:20.048584 INFO::Fitting model to feature number 734, MGYG000326584
2026-01-11 15:28:20.053269 INFO::Fitting model to feature number 735, MGBC114844 sp910585255
2026-01-11 15:28:20.057935 INFO::Fitting model to feature number 736, MGYG000325493
2026-01-11 15:28:20.063048 INFO::Fitting model to feature number 737, MGYG000329929
2026-01-11 15:28:20.067585 INFO::Fitting model to feature number 738, UBA2821 sp014799465
2026-01-11 15:28:20.072931 INFO::Fitting model to feature number 739, MGBC100174 sp910576895
2026-01-11 15:28:20.076938 INFO::Fitting model to feature number 740, Muricomes contortus_B
2026-01-11 15:28:20.081452 INFO::Fitting model to feature number 741, Extibacter muris
2026-01-11 15:28:20.085363 INFO::Fitting model to feature number 742, Anaerotignum sp910576545
2026-01-11 15:28:20.089297 INFO::Fitting model to feature number 743, Anaerotignum sp910578425
2026-01-11 15:28:20.093538 INFO::Fitting model to feature number 744, Coprocola sp910575055
2026-01-11 15:28:20.098594 INFO::Fitting model to feature number 745, Enterenecus sp910588495
2026-01-11 15:28:20.103404 INFO::Fitting model to feature number 746, Enterenecus sp910587285
2026-01-11 15:28:20.107914 INFO::Fitting model to feature number 747, MGYG000327450
2026-01-11 15:28:20.112762 INFO::Fitting model to feature number 748, Enterenecus sp910588625
2026-01-11 15:28:20.120623 INFO::Fitting model to feature number 749, Enterenecus sp910575695
2026-01-11 15:28:20.126705 INFO::Fitting model to feature number 750, MGYG000326888
2026-01-11 15:28:20.132591 INFO::Fitting model to feature number 751, Enterenecus sp910585155
2026-01-11 15:28:20.137567 INFO::Fitting model to feature number 752, MGYG000331159
2026-01-11 15:28:20.143428 INFO::Fitting model to feature number 753, Enterenecus sp910579595
2026-01-11 15:28:20.150174 INFO::Fitting model to feature number 754, MGYG000410353
2026-01-11 15:28:20.157541 INFO::Fitting model to feature number 755, Enterenecus sp910577525
2026-01-11 15:28:20.16385 INFO::Fitting model to feature number 756, Enterenecus sp910587395
2026-01-11 15:28:20.168611 INFO::Fitting model to feature number 757, MGYG000328307
2026-01-11 15:28:20.174953 INFO::Fitting model to feature number 758, Enterenecus sp910587255
2026-01-11 15:28:20.182303 INFO::Fitting model to feature number 759, Enterenecus sp910588105
2026-01-11 15:28:20.189471 INFO::Fitting model to feature number 760, MGYG000410945
2026-01-11 15:28:20.196851 INFO::Fitting model to feature number 761, Enterenecus sp910579155
2026-01-11 15:28:20.20101 INFO::Fitting model to feature number 762, MGYG000322966
2026-01-11 15:28:20.205194 INFO::Fitting model to feature number 763, MGYG000410761
2026-01-11 15:28:20.211562 INFO::Fitting model to feature number 764, Enterenecus sp910587205
2026-01-11 15:28:20.216707 INFO::Fitting model to feature number 765, MGYG000410914
2026-01-11 15:28:20.22161 INFO::Fitting model to feature number 766, Enterenecus sp910584285
2026-01-11 15:28:20.229147 INFO::Fitting model to feature number 767, MGYG000327286
2026-01-11 15:28:20.236722 INFO::Fitting model to feature number 768, Enterenecus sp910585265
2026-01-11 15:28:20.243532 INFO::Fitting model to feature number 769, Enterenecus sp910584835
2026-01-11 15:28:20.250367 INFO::Fitting model to feature number 770, Enterenecus sp910588135
2026-01-11 15:28:20.25595 INFO::Fitting model to feature number 771, MGYG000329348
2026-01-11 15:28:20.263432 INFO::Fitting model to feature number 772, MGYG000325584
2026-01-11 15:28:20.271264 INFO::Fitting model to feature number 773, MGYG000410874
2026-01-11 15:28:20.279154 INFO::Fitting model to feature number 774, MGYG000360698
2026-01-11 15:28:20.28729 INFO::Fitting model to feature number 775, Lawsonibacter sp003612335
2026-01-11 15:28:20.295125 INFO::Fitting model to feature number 776, Lawsonibacter sp910585815
2026-01-11 15:28:20.30201 INFO::Fitting model to feature number 777, Lawsonibacter sp910584605
2026-01-11 15:28:20.309589 INFO::Fitting model to feature number 778, Lawsonibacter sp910575265
2026-01-11 15:28:20.316815 INFO::Fitting model to feature number 779, MGYG000432202
2026-01-11 15:28:20.325722 INFO::Fitting model to feature number 780, Lawsonibacter sp022799835
2026-01-11 15:28:20.335124 INFO::Fitting model to feature number 781, MGYG000433528
2026-01-11 15:28:20.342186 INFO::Fitting model to feature number 782, Lawsonibacter sp022794495
2026-01-11 15:28:20.350246 INFO::Fitting model to feature number 783, MGYG000410681
2026-01-11 15:28:20.356363 INFO::Fitting model to feature number 784, Lawsonibacter sp910578735
2026-01-11 15:28:20.366108 INFO::Fitting model to feature number 785, MGYG000325175
2026-01-11 15:28:20.372752 INFO::Fitting model to feature number 786, Lawsonibacter sp022801435
2026-01-11 15:28:20.380274 INFO::Fitting model to feature number 787, Lawsonibacter sp009911645
2026-01-11 15:28:20.385272 INFO::Fitting model to feature number 788, Lawsonibacter sp943192995
2026-01-11 15:28:20.390936 INFO::Fitting model to feature number 789, MGYG000329509
2026-01-11 15:28:20.398206 INFO::Fitting model to feature number 790, Lawsonibacter sp022798855
2026-01-11 15:28:20.404167 INFO::Fitting model to feature number 791, Lawsonibacter sp910588455
2026-01-11 15:28:20.410353 INFO::Fitting model to feature number 792, Lawsonibacter sp910589085
2026-01-11 15:28:20.417669 INFO::Fitting model to feature number 793, Lawsonibacter sp022793355
2026-01-11 15:28:20.423018 INFO::Fitting model to feature number 794, MGYG000328991
2026-01-11 15:28:20.428413 INFO::Fitting model to feature number 795, Lawsonibacter sp022795855
2026-01-11 15:28:20.433446 INFO::Fitting model to feature number 796, Lawsonibacter sp022791995
2026-01-11 15:28:20.438949 INFO::Fitting model to feature number 797, MGYG000323117
2026-01-11 15:28:20.444796 INFO::Fitting model to feature number 798, Lawsonibacter sp000492175
2026-01-11 15:28:20.45097 INFO::Fitting model to feature number 799, MGYG000324476
2026-01-11 15:28:20.457231 INFO::Fitting model to feature number 800, MGYG000411366
2026-01-11 15:28:20.463981 INFO::Fitting model to feature number 801, MGYG000345714
2026-01-11 15:28:20.468791 INFO::Fitting model to feature number 802, MGYG000329989
2026-01-11 15:28:20.473788 INFO::Fitting model to feature number 803, Lawsonibacter sp910577805
2026-01-11 15:28:20.479874 INFO::Fitting model to feature number 804, MGYG000410703
2026-01-11 15:28:20.486424 INFO::Fitting model to feature number 805, MGYG000329873
2026-01-11 15:28:20.492426 INFO::Fitting model to feature number 806, Lawsonibacter sp022796195
2026-01-11 15:28:20.499817 INFO::Fitting model to feature number 807, MGYG000411569
2026-01-11 15:28:20.50641 INFO::Fitting model to feature number 808, MGYG000327081
2026-01-11 15:28:20.528054 INFO::Fitting model to feature number 809, Dysosmobacter sp009774015
2026-01-11 15:28:20.536897 INFO::Fitting model to feature number 810, Dysosmobacter sp910583785
2026-01-11 15:28:20.543304 INFO::Fitting model to feature number 811, Dysosmobacter sp910575815
2026-01-11 15:28:20.54851 INFO::Fitting model to feature number 812, Dysosmobacter sp910579365
2026-01-11 15:28:20.553074 INFO::Fitting model to feature number 813, Dysosmobacter sp910587705
2026-01-11 15:28:20.557523 INFO::Fitting model to feature number 814, Dysosmobacter sp910586735
2026-01-11 15:28:20.562541 INFO::Fitting model to feature number 815, Dysosmobacter sp910585385
2026-01-11 15:28:20.567153 INFO::Fitting model to feature number 816, Dysosmobacter sp022791875
2026-01-11 15:28:20.571488 INFO::Fitting model to feature number 817, Dysosmobacter sp910583695
2026-01-11 15:28:20.575957 INFO::Fitting model to feature number 818, Dysosmobacter sp000403435
2026-01-11 15:28:20.581338 INFO::Fitting model to feature number 819, Dysosmobacter sp022791135
2026-01-11 15:28:20.586371 INFO::Fitting model to feature number 820, Dysosmobacter sp910588175
2026-01-11 15:28:20.590389 INFO::Fitting model to feature number 821, Dysosmobacter sp022795445
2026-01-11 15:28:20.594184 INFO::Fitting model to feature number 822, Dysosmobacter sp910575505
2026-01-11 15:28:20.598737 INFO::Fitting model to feature number 823, Dysosmobacter sp009773995
2026-01-11 15:28:20.602532 INFO::Fitting model to feature number 824, Dysosmobacter sp022801815
2026-01-11 15:28:20.606441 INFO::Fitting model to feature number 825, Dysosmobacter sp910577405
2026-01-11 15:28:20.61021 INFO::Fitting model to feature number 826, Dysosmobacter sp910578935
2026-01-11 15:28:20.614599 INFO::Fitting model to feature number 827, Dysosmobacter sp910576865
2026-01-11 15:28:20.618529 INFO::Fitting model to feature number 828, MGYG000330291
2026-01-11 15:28:20.622355 INFO::Fitting model to feature number 829, MGYG000409008
2026-01-11 15:28:20.626683 INFO::Fitting model to feature number 830, Dysosmobacter sp910589315
2026-01-11 15:28:20.632193 INFO::Fitting model to feature number 831, Dysosmobacter sp910587525
2026-01-11 15:28:20.636019 INFO::Fitting model to feature number 832, Dysosmobacter sp910587875
2026-01-11 15:28:20.639789 INFO::Fitting model to feature number 833, Dysosmobacter sp910584995
2026-01-11 15:28:20.643704 INFO::Fitting model to feature number 834, Dysosmobacter sp910579435
2026-01-11 15:28:20.648518 INFO::Fitting model to feature number 835, MGYG000411389
2026-01-11 15:28:20.652416 INFO::Fitting model to feature number 836, MGYG000325877
2026-01-11 15:28:20.656223 INFO::Fitting model to feature number 837, Dysosmobacter sp910584075
2026-01-11 15:28:20.660025 INFO::Fitting model to feature number 838, Dysosmobacter sp910585245
2026-01-11 15:28:20.665413 INFO::Fitting model to feature number 839, MGYG000373829
2026-01-11 15:28:20.669296 INFO::Fitting model to feature number 840, Dysosmobacter sp910584465
2026-01-11 15:28:20.673233 INFO::Fitting model to feature number 841, MGYG000330443
2026-01-11 15:28:20.677038 INFO::Fitting model to feature number 842, MGYG000326793
2026-01-11 15:28:20.681604 INFO::Fitting model to feature number 843, Dysosmobacter sp910576845
2026-01-11 15:28:20.685849 INFO::Fitting model to feature number 844, MGYG000329180
2026-01-11 15:28:20.690272 INFO::Fitting model to feature number 845, Pelethomonas sp910578505
2026-01-11 15:28:20.694916 INFO::Fitting model to feature number 846, Pelethomonas sp910579965
2026-01-11 15:28:20.700439 INFO::Fitting model to feature number 847, Pelethomonas sp910579485
2026-01-11 15:28:20.70566 INFO::Fitting model to feature number 848, Pelethomonas sp910587785
2026-01-11 15:28:20.710037 INFO::Fitting model to feature number 849, Pelethomonas sp022800665
2026-01-11 15:28:20.716053 INFO::Fitting model to feature number 850, Pelethomonas sp009774055
2026-01-11 15:28:20.720469 INFO::Fitting model to feature number 851, Pelethomonas sp022804995
2026-01-11 15:28:20.724782 INFO::Fitting model to feature number 852, Pelethomonas sp014237695
2026-01-11 15:28:20.729904 INFO::Fitting model to feature number 853, Pelethomonas sp022795905
2026-01-11 15:28:20.736304 INFO::Fitting model to feature number 854, MGYG000326866
2026-01-11 15:28:20.742537 INFO::Fitting model to feature number 855, Pelethomonas sp910583885
2026-01-11 15:28:20.749319 INFO::Fitting model to feature number 856, Pelethomonas sp910588365
2026-01-11 15:28:20.755723 INFO::Fitting model to feature number 857, MGYG000410776
2026-01-11 15:28:20.762244 INFO::Fitting model to feature number 858, Pelethomonas sp910587645
2026-01-11 15:28:20.768925 INFO::Fitting model to feature number 859, Pelethomonas sp022800525
2026-01-11 15:28:20.77485 INFO::Fitting model to feature number 860, Pelethomonas sp910588045
2026-01-11 15:28:20.781594 INFO::Fitting model to feature number 861, MGYG000325557
2026-01-11 15:28:20.788418 INFO::Fitting model to feature number 862, Pelethomonas sp910579725
2026-01-11 15:28:20.794629 INFO::Fitting model to feature number 863, Pelethomonas sp910577915
2026-01-11 15:28:20.799865 INFO::Fitting model to feature number 864, Pelethomonas sp910587505
2026-01-11 15:28:20.8044 INFO::Fitting model to feature number 865, MGYG000325617
2026-01-11 15:28:20.8089 INFO::Fitting model to feature number 866, Evtepia sp910584805
2026-01-11 15:28:20.815239 INFO::Fitting model to feature number 867, Evtepia sp022792035
2026-01-11 15:28:20.821426 INFO::Fitting model to feature number 868, Evtepia sp910578575
2026-01-11 15:28:20.82899 INFO::Fitting model to feature number 869, Marseille-P3106 sp022799035
2026-01-11 15:28:20.835921 INFO::Fitting model to feature number 870, Marseille-P3106 sp910587345
2026-01-11 15:28:20.840458 INFO::Fitting model to feature number 871, Marseille-P3106 sp910588975
2026-01-11 15:28:20.845221 INFO::Fitting model to feature number 872, MGYG000410458
2026-01-11 15:28:20.850497 INFO::Fitting model to feature number 873, Marseille-P3106 sp910585735
2026-01-11 15:28:20.855313 INFO::Fitting model to feature number 874, Marseille-P3106 sp022792495
2026-01-11 15:28:20.860136 INFO::Fitting model to feature number 875, Marseille-P3106 sp022794215
2026-01-11 15:28:20.865907 INFO::Fitting model to feature number 876, Marseille-P3106 sp022800215
2026-01-11 15:28:20.870683 INFO::Fitting model to feature number 877, MGYG000326975
2026-01-11 15:28:20.875258 INFO::Fitting model to feature number 878, NSJ-51 sp910585415
2026-01-11 15:28:20.880478 INFO::Fitting model to feature number 879, MGYG000326314
2026-01-11 15:28:20.88533 INFO::Fitting model to feature number 880, MGYG000325278
2026-01-11 15:28:20.890347 INFO::Fitting model to feature number 881, CAJFPI01 sp022801715
2026-01-11 15:28:20.895287 INFO::Fitting model to feature number 882, MGYG000327336
2026-01-11 15:28:20.900743 INFO::Fitting model to feature number 883, MGYG000328896
2026-01-11 15:28:20.906079 INFO::Fitting model to feature number 884, MGYG000329428
2026-01-11 15:28:20.912052 INFO::Fitting model to feature number 885, MGYG000329835
2026-01-11 15:28:20.918206 INFO::Fitting model to feature number 886, MGYG000410456
2026-01-11 15:28:20.92377 INFO::Fitting model to feature number 887, CAKUEI01 sp022793685
2026-01-11 15:28:20.928722 INFO::Fitting model to feature number 888, Avoscillospira_A sp022792945
2026-01-11 15:28:20.934042 INFO::Fitting model to feature number 889, JAAWCD01 sp022793095
2026-01-11 15:28:20.939023 INFO::Fitting model to feature number 890, Acutalibacter sp910588935
2026-01-11 15:28:20.944291 INFO::Fitting model to feature number 891, Acutalibacter sp009936035
2026-01-11 15:28:20.950497 INFO::Fitting model to feature number 892, Acutalibacter sp910589395
2026-01-11 15:28:20.956367 INFO::Fitting model to feature number 893, Acutalibacter sp910574935
2026-01-11 15:28:20.961859 INFO::Fitting model to feature number 894, Acutalibacter sp009917445
2026-01-11 15:28:20.967206 INFO::Fitting model to feature number 895, Acutalibacter muris
2026-01-11 15:28:20.972622 INFO::Fitting model to feature number 896, Acutalibacter sp910587835
2026-01-11 15:28:20.978345 INFO::Fitting model to feature number 897, MGYG000406378
2026-01-11 15:28:20.984007 INFO::Fitting model to feature number 898, Acutalibacter sp009917525
2026-01-11 15:28:20.991471 INFO::Fitting model to feature number 899, MGYG000328916
2026-01-11 15:28:20.997492 INFO::Fitting model to feature number 900, Acutalibacter sp910574995
2026-01-11 15:28:21.004039 INFO::Fitting model to feature number 901, Acutalibacter sp910580045
2026-01-11 15:28:21.009107 INFO::Fitting model to feature number 902, Acutalibacter sp003612555
2026-01-11 15:28:21.015691 INFO::Fitting model to feature number 903, Acutalibacter sp910587995
2026-01-11 15:28:21.020694 INFO::Fitting model to feature number 904, Acutalibacter sp910588415
2026-01-11 15:28:21.025524 INFO::Fitting model to feature number 905, Acutalibacter sp910584745
2026-01-11 15:28:21.032187 INFO::Fitting model to feature number 906, MGYG000330157
2026-01-11 15:28:21.038868 INFO::Fitting model to feature number 907, MGYG000331301
2026-01-11 15:28:21.043973 INFO::Fitting model to feature number 908, MGYG000410931
2026-01-11 15:28:21.05438 INFO::Fitting model to feature number 909, MGYG000328573
2026-01-11 15:28:21.060112 INFO::Fitting model to feature number 910, Acutalibacter stercorigallinarum
2026-01-11 15:28:21.067331 INFO::Fitting model to feature number 911, Eubacterium_R sp011958665
2026-01-11 15:28:21.073921 INFO::Fitting model to feature number 912, MGYG000337810
2026-01-11 15:28:21.081793 INFO::Fitting model to feature number 913, MGYG000379997
2026-01-11 15:28:21.090897 INFO::Fitting model to feature number 914, MGYG000351739
2026-01-11 15:28:21.099093 INFO::Fitting model to feature number 915, MGYG000410251
2026-01-11 15:28:21.105173 INFO::Fitting model to feature number 916, MGYG000373138
2026-01-11 15:28:21.109914 INFO::Fitting model to feature number 917, MGYG000327182
2026-01-11 15:28:21.115159 INFO::Fitting model to feature number 918, Ruthenibacterium sp013316265
2026-01-11 15:28:21.120118 INFO::Fitting model to feature number 919, Ruminococcus sp910584195
2026-01-11 15:28:21.124509 INFO::Fitting model to feature number 920, Angelakisella sp910585525
2026-01-11 15:28:21.129577 INFO::Fitting model to feature number 921, Angelakisella sp022795575
2026-01-11 15:28:21.134256 INFO::Fitting model to feature number 922, Angelakisella sp910585535
2026-01-11 15:28:21.138971 INFO::Fitting model to feature number 923, Angelakisella sp013316495
2026-01-11 15:28:21.143548 INFO::Fitting model to feature number 924, Ruminiclostridium_E sp910588335
2026-01-11 15:28:21.148891 INFO::Fitting model to feature number 925, MGYG000410125
2026-01-11 15:28:21.153355 INFO::Fitting model to feature number 926, Ruminiclostridium_E sp910585505
2026-01-11 15:28:21.157771 INFO::Fitting model to feature number 927, UBA1405 sp022800935
2026-01-11 15:28:21.162216 INFO::Fitting model to feature number 928, MGYG000331296
2026-01-11 15:28:21.167302 INFO::Fitting model to feature number 929, MGYG000410015
2026-01-11 15:28:21.172162 INFO::Fitting model to feature number 930, UBA1394 sp910588145
2026-01-11 15:28:21.176945 INFO::Fitting model to feature number 931, Anaerotruncus sp000403395
2026-01-11 15:28:21.182133 INFO::Fitting model to feature number 932, Anaerotruncus sp003612625
2026-01-11 15:28:21.187233 INFO::Fitting model to feature number 933, Anaerotruncus colihominis_A
2026-01-11 15:28:21.192596 INFO::Fitting model to feature number 934, Anaerotruncus sp910586875
2026-01-11 15:28:21.198483 INFO::Fitting model to feature number 935, MGYG000410574
2026-01-11 15:28:21.205119 INFO::Fitting model to feature number 936, UBA3818 sp910583935
2026-01-11 15:28:21.209626 WARNING::Fitting problem for feature 936 returning NA
2026-01-11 15:28:21.213029 INFO::Fitting model to feature number 937, JAAVYW01 sp022791315
2026-01-11 15:28:21.221906 INFO::Fitting model to feature number 938, Faecivivens sp022793675
2026-01-11 15:28:21.231563 INFO::Fitting model to feature number 939, RGIG8773 sp910584715
2026-01-11 15:28:21.240636 INFO::Fitting model to feature number 940, QXXE01 sp009911355
2026-01-11 15:28:21.249406 INFO::Fitting model to feature number 941, QXXE01 sp910586575
2026-01-11 15:28:21.257725 INFO::Fitting model to feature number 942, MGYG000327912
2026-01-11 15:28:21.265862 INFO::Fitting model to feature number 943, Butyricicoccus sp910584935
2026-01-11 15:28:21.274322 INFO::Fitting model to feature number 944, Pseudobutyricicoccus sp910579575
2026-01-11 15:28:21.28042 INFO::Fitting model to feature number 945, MGYG000349368
2026-01-11 15:28:21.286103 INFO::Fitting model to feature number 946, Avispirillum sp011957885
2026-01-11 15:28:21.292232 INFO::Fitting model to feature number 947, MGYG000401352
2026-01-11 15:28:21.300251 INFO::Fitting model to feature number 948, Zhenpiania sp009911365
2026-01-11 15:28:21.307026 INFO::Fitting model to feature number 949, Zhenpiania sp910575405
2026-01-11 15:28:21.315217 INFO::Fitting model to feature number 950, Emergencia sp009936045
2026-01-11 15:28:21.323476 INFO::Fitting model to feature number 951, JAAVYD01 sp022790955
2026-01-11 15:28:21.333314 INFO::Fitting model to feature number 952, Fimisoma sp910588185
2026-01-11 15:28:21.343013 INFO::Fitting model to feature number 953, MGYG000410140
2026-01-11 15:28:21.350155 INFO::Fitting model to feature number 954, MGYG000323026
2026-01-11 15:28:21.358099 INFO::Fitting model to feature number 955, Coproplasma sp910579525
2026-01-11 15:28:21.365161 INFO::Fitting model to feature number 956, Coproplasma sp003979335
2026-01-11 15:28:21.370466 INFO::Fitting model to feature number 957, Coproplasma sp013316055
2026-01-11 15:28:21.375742 INFO::Fitting model to feature number 958, Coproplasma sp910577375
2026-01-11 15:28:21.382701 INFO::Fitting model to feature number 959, Coproplasma sp910586065
2026-01-11 15:28:21.390676 INFO::Fitting model to feature number 960, MGYG000328913
2026-01-11 15:28:21.397966 INFO::Fitting model to feature number 961, Coproplasma stercorigallinarum
2026-01-11 15:28:21.404784 INFO::Fitting model to feature number 962, MGBC120929 sp910583735
2026-01-11 15:28:21.411473 INFO::Fitting model to feature number 963, RACS-045 sp910579785
2026-01-11 15:28:21.418099 INFO::Fitting model to feature number 964, QANA01 sp910588425
2026-01-11 15:28:21.423241 INFO::Fitting model to feature number 965, MGYG000324257
2026-01-11 15:28:21.429414 INFO::Fitting model to feature number 966, HGM11386 sp022791055
2026-01-11 15:28:21.437402 INFO::Fitting model to feature number 967, RACS-047 sp013316045
2026-01-11 15:28:21.440308 WARNING::Fitting problem for feature 967 returning NA
2026-01-11 15:28:21.442453 INFO::Fitting model to feature number 968, CAG-475 sp910577815
2026-01-11 15:28:21.448715 INFO::Fitting model to feature number 969, MGYG000328446
2026-01-11 15:28:21.451329 WARNING::Fitting problem for feature 969 returning NA
2026-01-11 15:28:21.45367 INFO::Fitting model to feature number 970, Caccovivens sp910587225
2026-01-11 15:28:21.458796 INFO::Fitting model to feature number 971, CAG-41 sp910578235
2026-01-11 15:28:21.461257 WARNING::Fitting problem for feature 971 returning NA
2026-01-11 15:28:21.463777 INFO::Fitting model to feature number 972, MGYG000410260
2026-01-11 15:28:21.469746 INFO::Fitting model to feature number 973, MGYG000335786
2026-01-11 15:28:21.476325 INFO::Fitting model to feature number 974, MGYG000349464
2026-01-11 15:28:21.4836 INFO::Fitting model to feature number 975, CAG-269 sp022792395
2026-01-11 15:28:21.489663 INFO::Fitting model to feature number 976, MGYG000328872
2026-01-11 15:28:21.492493 WARNING::Fitting problem for feature 976 returning NA
2026-01-11 15:28:21.494551 INFO::Fitting model to feature number 977, MGYG000327552
2026-01-11 15:28:21.500798 INFO::Fitting model to feature number 978, RGIG8482 sp022796855
2026-01-11 15:28:21.506462 INFO::Fitting model to feature number 979, JAAWPK01 sp022791735
2026-01-11 15:28:21.512869 INFO::Fitting model to feature number 980, MGYG000375192
2026-01-11 15:28:21.519825 INFO::Fitting model to feature number 981, MGYG000323824
2026-01-11 15:28:21.523185 WARNING::Fitting problem for feature 981 returning NA
2026-01-11 15:28:21.525847 INFO::Fitting model to feature number 982, Akkermansia muciniphila_B
2026-01-11 15:28:21.532208 INFO::Fitting model to feature number 983, Akkermansia sp001580195
2026-01-11 15:28:21.537926 INFO::Fitting model to feature number 984, Parasutterella sp009767915
2026-01-11 15:28:21.543655 INFO::Fitting model to feature number 985, Turicimonas muris
2026-01-11 15:28:21.550303 INFO::Fitting model to feature number 986, MGYG000326933
2026-01-11 15:28:21.557145 INFO::Fitting model to feature number 987, Enterobacter hormaechei_A
2026-01-11 15:28:21.564132 INFO::Fitting model to feature number 988, Methylobacterium persicinum
2026-01-11 15:28:21.570337 INFO::Fitting model to feature number 989, MGYG000329730
2026-01-11 15:28:21.57624 INFO::Fitting model to feature number 990, MGYG000360301
2026-01-11 15:28:21.582614 INFO::Fitting model to feature number 991, Enterousia sp013316395
2026-01-11 15:28:21.588279 INFO::Fitting model to feature number 992, MGYG000410936
2026-01-11 15:28:21.594817 INFO::Fitting model to feature number 993, Scatocola sp910577205
2026-01-11 15:28:21.601995 INFO::Fitting model to feature number 994, MGYG000327352
2026-01-11 15:28:21.608707 INFO::Fitting model to feature number 995, MGBC118957 sp910584385
2026-01-11 15:28:21.614949 INFO::Fitting model to feature number 996, MGYG000391024
2026-01-11 15:28:21.62065 INFO::Fitting model to feature number 997, MGYG000323059
2026-01-11 15:28:21.626267 INFO::Fitting model to feature number 998, MGYG000328709
2026-01-11 15:28:21.634653 INFO::Fitting model to feature number 999, MGYG000411523
2026-01-11 15:28:21.640002 INFO::Fitting model to feature number 1000, MGYG000331169
2026-01-11 15:28:21.645662 INFO::Fitting model to feature number 1001, Nanosyncoccus sp003979185
2026-01-11 15:28:21.652013 INFO::Fitting model to feature number 1002, MGYG000344322
2026-01-11 15:28:21.657534 INFO::Fitting model to feature number 1003, Nanosyncoccus sp013316435
2026-01-11 15:28:21.664074 INFO::Fitting model to feature number 1004, MGYG000348936
2026-01-11 15:28:21.671893 INFO::Fitting model to feature number 1005, MGYG000341210
2026-01-11 15:28:21.678764 INFO::Fitting model to feature number 1006, MGYG000331839
2026-01-11 15:28:21.686844 INFO::Fitting model to feature number 1007, MGYG000328091
2026-01-11 15:28:21.694997 INFO::Fitting model to feature number 1008, Avidehalobacter sp022797295
2026-01-11 15:28:21.703167 INFO::Fitting model to feature number 1009, Avidehalobacter sp021771915
2026-01-11 15:28:21.709875 INFO::Fitting model to feature number 1010, MGYG000410378
2026-01-11 15:28:21.719549 INFO::Fitting model to feature number 1011, MGYG000411020
2026-01-11 15:28:21.725214 INFO::Fitting model to feature number 1012, MGBC122484 sp910587245
2026-01-11 15:28:21.748872 INFO::Fitting model to feature number 1013, MGBC122484 sp910586855
2026-01-11 15:28:21.755743 INFO::Fitting model to feature number 1014, MGBC122484 sp910578465
2026-01-11 15:28:21.763617 INFO::Fitting model to feature number 1015, MGBC122484 sp910587815
2026-01-11 15:28:21.770132 INFO::Fitting model to feature number 1016, Megamonas funiformis
2026-01-11 15:28:21.776176 INFO::Fitting model to feature number 1017, MGYG000325548
2026-01-11 15:28:21.782629 INFO::Fitting model to feature number 1018, UBA1436 sp910576915
2026-01-11 15:28:21.789135 INFO::Fitting model to feature number 1019, MGYG000331077
2026-01-11 15:28:21.795351 INFO::Fitting model to feature number 1020, MGYG000324324
2026-01-11 15:28:21.801427 INFO::Fitting model to feature number 1021, MGYG000333766
2026-01-11 15:28:21.807102 INFO::Fitting model to feature number 1022, UBA3282 sp910578115
2026-01-11 15:28:21.813167 INFO::Fitting model to feature number 1023, Anaerostipes hominis
2026-01-11 15:28:21.816735 INFO::Fitting model to feature number 1024, Bacteroides thetaiotaomicron
2026-01-11 15:28:21.824596 INFO::Fitting model to feature number 1025, C-19 sp910576345
2026-01-11 15:28:21.832749 INFO::Fitting model to feature number 1026, MGYG000327462
2026-01-11 15:28:21.838457 INFO::Fitting model to feature number 1027, MGYG000410493
2026-01-11 15:28:21.840889 WARNING::Fitting problem for feature 1027 returning NA
2026-01-11 15:28:21.842754 INFO::Fitting model to feature number 1028, Allobaculum sp910579655
2026-01-11 15:28:21.849324 INFO::Fitting model to feature number 1029, MGBC163490 sp910588075
2026-01-11 15:28:21.855502 INFO::Fitting model to feature number 1030, Limosilactobacillus urinaemulieris
2026-01-11 15:28:21.86177 INFO::Fitting model to feature number 1031, Lactiplantibacillus plantarum
2026-01-11 15:28:21.867481 INFO::Fitting model to feature number 1032, Enterococcus_D gallinarum
2026-01-11 15:28:21.872205 INFO::Fitting model to feature number 1033, Lactococcus lactis
2026-01-11 15:28:21.877382 INFO::Fitting model to feature number 1034, Granulicatella adiacens
2026-01-11 15:28:21.88331 INFO::Fitting model to feature number 1035, Scybalousia sp910584255
2026-01-11 15:28:21.889225 INFO::Fitting model to feature number 1036, CAG-710 sp000432595
2026-01-11 15:28:21.895051 INFO::Fitting model to feature number 1037, MGYG000325543
2026-01-11 15:28:21.901861 INFO::Fitting model to feature number 1038, MGYG000326942
2026-01-11 15:28:21.906226 INFO::Fitting model to feature number 1039, Paratractidigestivibacter sp003150175
2026-01-11 15:28:21.911585 INFO::Fitting model to feature number 1040, Collinsella stercoris
2026-01-11 15:28:21.917603 INFO::Fitting model to feature number 1041, Collinsella sp900545445
2026-01-11 15:28:21.922398 INFO::Fitting model to feature number 1042, Collinsella sp002232035
2026-01-11 15:28:21.927837 INFO::Fitting model to feature number 1043, MGYG000330890
2026-01-11 15:28:21.934686 INFO::Fitting model to feature number 1044, Cutibacterium acnes
2026-01-11 15:28:21.94111 INFO::Fitting model to feature number 1045, MGYG000325467
2026-01-11 15:28:21.947771 INFO::Fitting model to feature number 1046, MGYG000325647
2026-01-11 15:28:21.95316 INFO::Fitting model to feature number 1047, MGYG000325468
2026-01-11 15:28:21.958056 INFO::Fitting model to feature number 1048, MGYG000325561
2026-01-11 15:28:21.963971 INFO::Fitting model to feature number 1049, CAG-873 sp014801485
2026-01-11 15:28:21.969407 INFO::Fitting model to feature number 1050, MGYG000325408
2026-01-11 15:28:21.975782 INFO::Fitting model to feature number 1051, CAG-873 sp910579605
2026-01-11 15:28:21.982454 INFO::Fitting model to feature number 1052, CAG-485 sp014802175
2026-01-11 15:28:21.988572 INFO::Fitting model to feature number 1053, CAG-485 sp014801875
2026-01-11 15:28:21.996416 INFO::Fitting model to feature number 1054, CAG-485 sp014803765
2026-01-11 15:28:22.004546 INFO::Fitting model to feature number 1055, MGYG000325797
2026-01-11 15:28:22.009516 INFO::Fitting model to feature number 1056, MGYG000325348
2026-01-11 15:28:22.016381 INFO::Fitting model to feature number 1057, MGYG000325391
2026-01-11 15:28:22.02162 INFO::Fitting model to feature number 1058, MGYG000325606
2026-01-11 15:28:22.02919 INFO::Fitting model to feature number 1059, MGYG000325480
2026-01-11 15:28:22.037644 INFO::Fitting model to feature number 1060, CAG-485 sp014800535
2026-01-11 15:28:22.047354 INFO::Fitting model to feature number 1061, CAG-485 sp014801585
2026-01-11 15:28:22.054372 INFO::Fitting model to feature number 1062, MGYG000325583
2026-01-11 15:28:22.060252 INFO::Fitting model to feature number 1063, MGYG000325430
2026-01-11 15:28:22.068514 INFO::Fitting model to feature number 1064, MGYG000325719
2026-01-11 15:28:22.073861 INFO::Fitting model to feature number 1065, MGYG000325338
2026-01-11 15:28:22.081652 INFO::Fitting model to feature number 1066, MGYG000325306
2026-01-11 15:28:22.086694 INFO::Fitting model to feature number 1067, MGYG000325603
2026-01-11 15:28:22.093742 INFO::Fitting model to feature number 1068, UBA3263 sp014802435
2026-01-11 15:28:22.102319 INFO::Fitting model to feature number 1069, MGYG000325316
2026-01-11 15:28:22.110113 INFO::Fitting model to feature number 1070, MGYG000325659
2026-01-11 15:28:22.119129 INFO::Fitting model to feature number 1071, MGYG000325628
2026-01-11 15:28:22.124694 INFO::Fitting model to feature number 1072, MGYG000325657
2026-01-11 15:28:22.135064 INFO::Fitting model to feature number 1073, MGYG000325523
2026-01-11 15:28:22.143112 INFO::Fitting model to feature number 1074, MGYG000325354
2026-01-11 15:28:22.151456 INFO::Fitting model to feature number 1075, MGYG000325392
2026-01-11 15:28:22.158532 INFO::Fitting model to feature number 1076, JAAVFS01 sp014802385
2026-01-11 15:28:22.166526 INFO::Fitting model to feature number 1077, MGYG000327349
2026-01-11 15:28:22.174441 INFO::Fitting model to feature number 1078, Parabacteroides johnsonii
2026-01-11 15:28:22.181735 INFO::Fitting model to feature number 1079, Parabacteroides sp910577325
2026-01-11 15:28:22.188838 INFO::Fitting model to feature number 1080, Bacteroides faecis
2026-01-11 15:28:22.195163 INFO::Fitting model to feature number 1081, Bacteroides bouchesdurhonensis
2026-01-11 15:28:22.202618 INFO::Fitting model to feature number 1082, Bacteroides ovatus
2026-01-11 15:28:22.209424 INFO::Fitting model to feature number 1083, Bacteroides caccae
2026-01-11 15:28:22.216947 INFO::Fitting model to feature number 1084, MGYG000325504
2026-01-11 15:28:22.22393 INFO::Fitting model to feature number 1085, Bacteroides salyersiae
2026-01-11 15:28:22.231171 INFO::Fitting model to feature number 1086, Bacteroides stercorirosoris
2026-01-11 15:28:22.238314 INFO::Fitting model to feature number 1087, MGYG000325502
2026-01-11 15:28:22.245071 INFO::Fitting model to feature number 1088, Prevotella pectinovora
2026-01-11 15:28:22.251098 INFO::Fitting model to feature number 1089, Prevotella sp000436915
2026-01-11 15:28:22.256193 INFO::Fitting model to feature number 1090, MGYG000325596
2026-01-11 15:28:22.260871 INFO::Fitting model to feature number 1091, Tidjanibacter sp910577285
2026-01-11 15:28:22.266733 INFO::Fitting model to feature number 1092, Odoribacter sp910588375
2026-01-11 15:28:22.272089 INFO::Fitting model to feature number 1093, Odoribacter sp910578985
2026-01-11 15:28:22.277526 INFO::Fitting model to feature number 1094, Odoribacter sp009935865
2026-01-11 15:28:22.283172 INFO::Fitting model to feature number 1095, Cryptobacteroides sp000431015
2026-01-11 15:28:22.28817 INFO::Fitting model to feature number 1096, MGYG000325795
2026-01-11 15:28:22.291757 INFO::Fitting model to feature number 1097, MGYG000326972
2026-01-11 15:28:22.295854 INFO::Fitting model to feature number 1098, Pullibacteroides sp910578275
2026-01-11 15:28:22.303345 INFO::Fitting model to feature number 1099, MGYG000376875
2026-01-11 15:28:22.310371 INFO::Fitting model to feature number 1100, MGYG000410984
2026-01-11 15:28:22.319965 INFO::Fitting model to feature number 1101, MGYG000329711
2026-01-11 15:28:22.32868 INFO::Fitting model to feature number 1102, Sporofaciens sp910584575
2026-01-11 15:28:22.337466 INFO::Fitting model to feature number 1103, Sporofaciens sp011960625
2026-01-11 15:28:22.346014 INFO::Fitting model to feature number 1104, MD308 sp910579335
2026-01-11 15:28:22.352916 INFO::Fitting model to feature number 1105, 14-2 sp910585625
2026-01-11 15:28:22.358355 INFO::Fitting model to feature number 1106, 14-2 sp910585895
2026-01-11 15:28:22.367244 INFO::Fitting model to feature number 1107, 14-2 sp004793545
2026-01-11 15:28:22.375339 INFO::Fitting model to feature number 1108, 14-2 sp910580195
2026-01-11 15:28:22.384958 INFO::Fitting model to feature number 1109, 14-2 sp910580015
2026-01-11 15:28:22.391583 INFO::Fitting model to feature number 1110, 14-2 sp910585395
2026-01-11 15:28:22.395556 INFO::Fitting model to feature number 1111, 14-2 sp910587895
2026-01-11 15:28:22.404305 INFO::Fitting model to feature number 1112, MGYG000327388
2026-01-11 15:28:22.41617 INFO::Fitting model to feature number 1113, MGYG000410811
2026-01-11 15:28:22.422423 INFO::Fitting model to feature number 1114, MGYG000352925
2026-01-11 15:28:22.430104 INFO::Fitting model to feature number 1115, MGYG000331207
2026-01-11 15:28:22.437678 INFO::Fitting model to feature number 1116, MGYG000328397
2026-01-11 15:28:22.446826 INFO::Fitting model to feature number 1117, 14-2 sp910588965
2026-01-11 15:28:22.456125 INFO::Fitting model to feature number 1118, 14-2 sp910586005
2026-01-11 15:28:22.465192 INFO::Fitting model to feature number 1119, 14-2 sp022790855
2026-01-11 15:28:22.468853 WARNING::Fitting problem for feature 1119 returning NA
2026-01-11 15:28:22.47133 INFO::Fitting model to feature number 1120, Ventrimonas sp910588875
2026-01-11 15:28:22.47718 INFO::Fitting model to feature number 1121, Ventrimonas sp910586205
2026-01-11 15:28:22.484223 INFO::Fitting model to feature number 1122, Ventrimonas sp910588125
2026-01-11 15:28:22.48945 INFO::Fitting model to feature number 1123, MGYG000329105
2026-01-11 15:28:22.49633 INFO::Fitting model to feature number 1124, Ventrimonas sp022794255
2026-01-11 15:28:22.500606 INFO::Fitting model to feature number 1125, MGYG000432287
2026-01-11 15:28:22.505783 INFO::Fitting model to feature number 1126, Ventrimonas sp910584845
2026-01-11 15:28:22.514693 INFO::Fitting model to feature number 1127, UBA3282 sp910587715
2026-01-11 15:28:22.523565 INFO::Fitting model to feature number 1128, MGYG000411593
2026-01-11 15:28:22.533512 INFO::Fitting model to feature number 1129, MGYG000323128
2026-01-11 15:28:22.540264 INFO::Fitting model to feature number 1130, UBA3282 sp910578645
2026-01-11 15:28:22.547918 INFO::Fitting model to feature number 1131, UBA3282 sp910579735
2026-01-11 15:28:22.555481 INFO::Fitting model to feature number 1132, MGYG000325815
2026-01-11 15:28:22.562659 INFO::Fitting model to feature number 1133, UBA3282 sp910579395
2026-01-11 15:28:22.56821 INFO::Fitting model to feature number 1134, UBA3282 sp009774575
2026-01-11 15:28:22.573772 INFO::Fitting model to feature number 1135, MGYG000329420
2026-01-11 15:28:22.579895 INFO::Fitting model to feature number 1136, MGYG000323012
2026-01-11 15:28:22.585258 INFO::Fitting model to feature number 1137, MGYG000325709
2026-01-11 15:28:22.59183 INFO::Fitting model to feature number 1138, MGYG000325198
2026-01-11 15:28:22.595366 INFO::Fitting model to feature number 1139, UBA3282 sp910578845
2026-01-11 15:28:22.60199 INFO::Fitting model to feature number 1140, MGYG000325513
2026-01-11 15:28:22.606345 INFO::Fitting model to feature number 1141, UBA3282 sp910588955
2026-01-11 15:28:22.611329 INFO::Fitting model to feature number 1142, MGYG000325450
2026-01-11 15:28:22.618172 INFO::Fitting model to feature number 1143, MGYG000325999
2026-01-11 15:28:22.624602 INFO::Fitting model to feature number 1144, MGYG000411525
2026-01-11 15:28:22.631271 INFO::Fitting model to feature number 1145, MGYG000325558
2026-01-11 15:28:22.636925 INFO::Fitting model to feature number 1146, MGYG000322990
2026-01-11 15:28:22.643311 INFO::Fitting model to feature number 1147, MGYG000330673
2026-01-11 15:28:22.646616 WARNING::Fitting problem for feature 1147 returning NA
2026-01-11 15:28:22.649024 INFO::Fitting model to feature number 1148, MGYG000368565
2026-01-11 15:28:22.653962 INFO::Fitting model to feature number 1149, UBA7109 sp910580235
2026-01-11 15:28:22.656898 INFO::Fitting model to feature number 1150, MGYG000324764
2026-01-11 15:28:22.660026 INFO::Fitting model to feature number 1151, MGYG000324065
2026-01-11 15:28:22.666395 INFO::Fitting model to feature number 1152, Roseburia sp910577925
2026-01-11 15:28:22.672207 INFO::Fitting model to feature number 1153, Roseburia intestinalis
2026-01-11 15:28:22.675827 INFO::Fitting model to feature number 1154, MGYG000328589
2026-01-11 15:28:22.679614 INFO::Fitting model to feature number 1155, MGYG000393816
2026-01-11 15:28:22.685002 INFO::Fitting model to feature number 1156, Butyribacter sp910579085
2026-01-11 15:28:22.690231 INFO::Fitting model to feature number 1157, MGYG000329302
2026-01-11 15:28:22.695575 INFO::Fitting model to feature number 1158, MGYG000348373
2026-01-11 15:28:22.702116 INFO::Fitting model to feature number 1159, MGYG000325401
2026-01-11 15:28:22.705071 WARNING::Fitting problem for feature 1159 returning NA
2026-01-11 15:28:22.707758 INFO::Fitting model to feature number 1160, Butyribacter sp910586555
2026-01-11 15:28:22.710686 WARNING::Fitting problem for feature 1160 returning NA
2026-01-11 15:28:22.713012 INFO::Fitting model to feature number 1161, Butyribacter sp910586605
2026-01-11 15:28:22.719106 INFO::Fitting model to feature number 1162, 1XD8-76 sp003611955
2026-01-11 15:28:22.724388 INFO::Fitting model to feature number 1163, 1XD8-76 sp910584915
2026-01-11 15:28:22.729582 INFO::Fitting model to feature number 1164, 1XD8-76 sp022799355
2026-01-11 15:28:22.735064 INFO::Fitting model to feature number 1165, Blautia coccoides
2026-01-11 15:28:22.738338 INFO::Fitting model to feature number 1166, Blautia hominis
2026-01-11 15:28:22.744574 INFO::Fitting model to feature number 1167, MGYG000330300
2026-01-11 15:28:22.751806 INFO::Fitting model to feature number 1168, Blautia sp001304935
2026-01-11 15:28:22.755735 INFO::Fitting model to feature number 1169, MGYG000411610
2026-01-11 15:28:22.76213 INFO::Fitting model to feature number 1170, Acetatifactor sp910578215
2026-01-11 15:28:22.769167 INFO::Fitting model to feature number 1171, MGYG000403847
2026-01-11 15:28:22.775335 INFO::Fitting model to feature number 1172, Acetatifactor sp910585665
2026-01-11 15:28:22.782896 INFO::Fitting model to feature number 1173, MGYG000410724
2026-01-11 15:28:22.789773 INFO::Fitting model to feature number 1174, MGYG000329148
2026-01-11 15:28:22.79543 INFO::Fitting model to feature number 1175, MGYG000331408
2026-01-11 15:28:22.801633 INFO::Fitting model to feature number 1176, MGYG000331279
2026-01-11 15:28:22.806053 INFO::Fitting model to feature number 1177, Acetatifactor sp910584375
2026-01-11 15:28:22.810983 INFO::Fitting model to feature number 1178, MGYG000345025
2026-01-11 15:28:22.817862 INFO::Fitting model to feature number 1179, Acetatifactor sp910586435
2026-01-11 15:28:22.824129 INFO::Fitting model to feature number 1180, MGYG000330154
2026-01-11 15:28:22.831696 INFO::Fitting model to feature number 1181, MGYG000327196
2026-01-11 15:28:22.838301 INFO::Fitting model to feature number 1182, Acetatifactor sp910586215
2026-01-11 15:28:22.844683 INFO::Fitting model to feature number 1183, Acetatifactor sp011959105
2026-01-11 15:28:22.850596 INFO::Fitting model to feature number 1184, Acetatifactor sp910586515
2026-01-11 15:28:22.856076 INFO::Fitting model to feature number 1185, MGYG000325688
2026-01-11 15:28:22.861835 INFO::Fitting model to feature number 1186, MGYG000325419
2026-01-11 15:28:22.867635 INFO::Fitting model to feature number 1187, Acetatifactor sp910585015
2026-01-11 15:28:22.873096 INFO::Fitting model to feature number 1188, Acetatifactor sp910577665
2026-01-11 15:28:22.87703 INFO::Fitting model to feature number 1189, MGYG000329799
2026-01-11 15:28:22.88209 INFO::Fitting model to feature number 1190, Acetatifactor sp910588225
2026-01-11 15:28:22.88612 INFO::Fitting model to feature number 1191, MGYG000410939
2026-01-11 15:28:22.890453 INFO::Fitting model to feature number 1192, MGYG000327533
2026-01-11 15:28:22.894803 INFO::Fitting model to feature number 1193, Acetatifactor sp022797535
2026-01-11 15:28:22.897311 INFO::Fitting model to feature number 1194, Acetatifactor sp022793065
2026-01-11 15:28:22.902173 INFO::Fitting model to feature number 1195, MGYG000329051
2026-01-11 15:28:22.906129 INFO::Fitting model to feature number 1196, MGYG000324774
2026-01-11 15:28:22.910746 INFO::Fitting model to feature number 1197, Lachnospira sp910587485
2026-01-11 15:28:22.912813 WARNING::Fitting problem for feature 1197 returning NA
2026-01-11 15:28:22.915024 INFO::Fitting model to feature number 1198, Anaerostipes caccae
2026-01-11 15:28:22.919533 INFO::Fitting model to feature number 1199, 1XD42-69 sp910585825
2026-01-11 15:28:22.923847 INFO::Fitting model to feature number 1200, 1XD42-69 sp910586725
2026-01-11 15:28:22.925892 WARNING::Fitting problem for feature 1200 returning NA
2026-01-11 15:28:22.927468 INFO::Fitting model to feature number 1201, MGYG000325395
2026-01-11 15:28:22.930321 INFO::Fitting model to feature number 1202, 1XD42-69 sp910586355
2026-01-11 15:28:22.932864 WARNING::Fitting problem for feature 1202 returning NA
2026-01-11 15:28:22.934498 INFO::Fitting model to feature number 1203, MGYG000330490
2026-01-11 15:28:22.936501 WARNING::Fitting problem for feature 1203 returning NA
2026-01-11 15:28:22.938431 INFO::Fitting model to feature number 1204, 1XD42-69 sp910589105
2026-01-11 15:28:22.940679 INFO::Fitting model to feature number 1205, MGYG000327486
2026-01-11 15:28:22.945071 INFO::Fitting model to feature number 1206, MGYG000331229
2026-01-11 15:28:22.949831 INFO::Fitting model to feature number 1207, UBA3402 sp910588505
2026-01-11 15:28:22.954191 INFO::Fitting model to feature number 1208, UBA3402 sp022792815
2026-01-11 15:28:22.958222 INFO::Fitting model to feature number 1209, UBA3402 sp910579515
2026-01-11 15:28:22.96251 INFO::Fitting model to feature number 1210, MGYG000410806
2026-01-11 15:28:22.96755 INFO::Fitting model to feature number 1211, MGYG000324300
2026-01-11 15:28:22.973672 INFO::Fitting model to feature number 1212, MGYG000324807
2026-01-11 15:28:22.978252 INFO::Fitting model to feature number 1213, MGYG000327237
2026-01-11 15:28:22.983886 INFO::Fitting model to feature number 1214, MGYG000327181
2026-01-11 15:28:22.990808 INFO::Fitting model to feature number 1215, CAG-95 sp910577445
2026-01-11 15:28:22.997973 INFO::Fitting model to feature number 1216, CAG-95 sp002492465
2026-01-11 15:28:23.005027 INFO::Fitting model to feature number 1217, CAG-95 sp910587305
2026-01-11 15:28:23.011077 INFO::Fitting model to feature number 1218, CAG-95 sp910587295
2026-01-11 15:28:23.017348 INFO::Fitting model to feature number 1219, MGYG000410955
2026-01-11 15:28:23.022032 INFO::Fitting model to feature number 1220, MGYG000325519
2026-01-11 15:28:23.02749 INFO::Fitting model to feature number 1221, MGYG000325286
2026-01-11 15:28:23.034682 INFO::Fitting model to feature number 1222, CAG-95 sp000403495
2026-01-11 15:28:23.060622 INFO::Fitting model to feature number 1223, CAG-95 sp014804245
2026-01-11 15:28:23.06744 INFO::Fitting model to feature number 1224, MGYG000324752
2026-01-11 15:28:23.072326 INFO::Fitting model to feature number 1225, MGYG000330445
2026-01-11 15:28:23.081465 INFO::Fitting model to feature number 1226, COE1 sp014239155
2026-01-11 15:28:23.088803 INFO::Fitting model to feature number 1227, MGYG000325661
2026-01-11 15:28:23.094347 INFO::Fitting model to feature number 1228, COE1 sp011959805
2026-01-11 15:28:23.100435 INFO::Fitting model to feature number 1229, COE1 sp009774245
2026-01-11 15:28:23.107918 INFO::Fitting model to feature number 1230, MGYG000325434
2026-01-11 15:28:23.114603 INFO::Fitting model to feature number 1231, COE1 sp910577115
2026-01-11 15:28:23.120335 INFO::Fitting model to feature number 1232, COE1 sp000403215
2026-01-11 15:28:23.126957 INFO::Fitting model to feature number 1233, COE1 sp910588595
2026-01-11 15:28:23.134375 INFO::Fitting model to feature number 1234, COE1 sp910586095
2026-01-11 15:28:23.138874 INFO::Fitting model to feature number 1235, MGYG000325380
2026-01-11 15:28:23.143962 INFO::Fitting model to feature number 1236, MGYG000328561
2026-01-11 15:28:23.150348 INFO::Fitting model to feature number 1237, COE1 sp910578795
2026-01-11 15:28:23.153964 WARNING::Fitting problem for feature 1237 returning NA
2026-01-11 15:28:23.15634 INFO::Fitting model to feature number 1238, COE1 sp003513705
2026-01-11 15:28:23.162896 INFO::Fitting model to feature number 1239, Eubacterium_F sp910577295
2026-01-11 15:28:23.168778 INFO::Fitting model to feature number 1240, Eubacterium_F sp910584065
2026-01-11 15:28:23.175364 INFO::Fitting model to feature number 1241, Eubacterium_F sp910584245
2026-01-11 15:28:23.183307 INFO::Fitting model to feature number 1242, Eubacterium_F sp910589665
2026-01-11 15:28:23.186954 WARNING::Fitting problem for feature 1242 returning NA
2026-01-11 15:28:23.190068 INFO::Fitting model to feature number 1243, Eubacterium_F sp910584645
2026-01-11 15:28:23.196575 INFO::Fitting model to feature number 1244, MGYG000327551
2026-01-11 15:28:23.203426 INFO::Fitting model to feature number 1245, VSOB01 sp910585345
2026-01-11 15:28:23.210744 INFO::Fitting model to feature number 1246, VSOB01 sp910589075
2026-01-11 15:28:23.217047 INFO::Fitting model to feature number 1247, Merdisoma sp910587955
2026-01-11 15:28:23.224924 INFO::Fitting model to feature number 1248, MGYG000331110
2026-01-11 15:28:23.230093 INFO::Fitting model to feature number 1249, Eubacterium_J plexicaudatum
2026-01-11 15:28:23.238066 INFO::Fitting model to feature number 1250, Eubacterium_J sp910586445
2026-01-11 15:28:23.244627 INFO::Fitting model to feature number 1251, Eubacterium_J sp910577225
2026-01-11 15:28:23.250881 INFO::Fitting model to feature number 1252, Eubacterium_J sp009774535
2026-01-11 15:28:23.25503 INFO::Fitting model to feature number 1253, Eubacterium_J sp910586225
2026-01-11 15:28:23.262447 INFO::Fitting model to feature number 1254, Eubacterium_J sp910584345
2026-01-11 15:28:23.268449 INFO::Fitting model to feature number 1255, MGYG000327547
2026-01-11 15:28:23.273357 INFO::Fitting model to feature number 1256, MGYG000325711
2026-01-11 15:28:23.275645 WARNING::Fitting problem for feature 1256 returning NA
2026-01-11 15:28:23.27791 INFO::Fitting model to feature number 1257, MGYG000324920
2026-01-11 15:28:23.284708 INFO::Fitting model to feature number 1258, Eubacterium_J sp910586045
2026-01-11 15:28:23.291213 INFO::Fitting model to feature number 1259, MGYG000331263
2026-01-11 15:28:23.297823 INFO::Fitting model to feature number 1260, Kineothrix sp910579645
2026-01-11 15:28:23.302854 INFO::Fitting model to feature number 1261, Kineothrix sp023399455
2026-01-11 15:28:23.308166 INFO::Fitting model to feature number 1262, Kineothrix sp910578405
2026-01-11 15:28:23.314367 INFO::Fitting model to feature number 1263, MGBC164599 sp910584115
2026-01-11 15:28:23.322064 INFO::Fitting model to feature number 1264, MGYG000330773
2026-01-11 15:28:23.329943 INFO::Fitting model to feature number 1265, MGYG000323038
2026-01-11 15:28:23.334328 INFO::Fitting model to feature number 1266, Caccovicinus sp910589195
2026-01-11 15:28:23.342331 INFO::Fitting model to feature number 1267, Copromonas sp910585355
2026-01-11 15:28:23.347354 INFO::Fitting model to feature number 1268, MGYG000329350
2026-01-11 15:28:23.352646 INFO::Fitting model to feature number 1269, Copromonas sp900066535
2026-01-11 15:28:23.355991 INFO::Fitting model to feature number 1270, MGYG000346909
2026-01-11 15:28:23.360815 INFO::Fitting model to feature number 1271, Eisenbergiella porci
2026-01-11 15:28:23.366574 INFO::Fitting model to feature number 1272, MGYG000379181
2026-01-11 15:28:23.372425 INFO::Fitting model to feature number 1273, CAG-510 sp910578335
2026-01-11 15:28:23.378726 INFO::Fitting model to feature number 1274, CAG-510 sp910577015
2026-01-11 15:28:23.385654 INFO::Fitting model to feature number 1275, MGYG000325414
2026-01-11 15:28:23.391321 INFO::Fitting model to feature number 1276, MGYG000328974
2026-01-11 15:28:23.393759 WARNING::Fitting problem for feature 1276 returning NA
2026-01-11 15:28:23.39563 INFO::Fitting model to feature number 1277, MGYG000329478
2026-01-11 15:28:23.401386 INFO::Fitting model to feature number 1278, SIG307 sp910577175
2026-01-11 15:28:23.406621 INFO::Fitting model to feature number 1279, Clostridium_Q symbiosum
2026-01-11 15:28:23.408964 WARNING::Fitting problem for feature 1279 returning NA
2026-01-11 15:28:23.411334 INFO::Fitting model to feature number 1280, Clostridium_Q sp009911305
2026-01-11 15:28:23.417218 INFO::Fitting model to feature number 1281, Enterocloster bolteae
2026-01-11 15:28:23.423188 INFO::Fitting model to feature number 1282, MGYG000330164
2026-01-11 15:28:23.425967 INFO::Fitting model to feature number 1283, MGYG000323607
2026-01-11 15:28:23.431183 INFO::Fitting model to feature number 1284, RGIG4057 sp910577675
2026-01-11 15:28:23.436376 INFO::Fitting model to feature number 1285, RGIG8607 sp910588535
2026-01-11 15:28:23.442259 INFO::Fitting model to feature number 1286, MGYG000325404
2026-01-11 15:28:23.444803 WARNING::Fitting problem for feature 1286 returning NA
2026-01-11 15:28:23.446892 INFO::Fitting model to feature number 1287, MGBC131033 sp910585655
2026-01-11 15:28:23.450217 INFO::Fitting model to feature number 1288, MGYG000409986
2026-01-11 15:28:23.456008 INFO::Fitting model to feature number 1289, MGYG000323124
2026-01-11 15:28:23.460722 INFO::Fitting model to feature number 1290, MGYG000327294
2026-01-11 15:28:23.467891 INFO::Fitting model to feature number 1291, RUG115 sp910578885
2026-01-11 15:28:23.47556 INFO::Fitting model to feature number 1292, MGYG000328329
2026-01-11 15:28:23.479215 INFO::Fitting model to feature number 1293, MGYG000410396
2026-01-11 15:28:23.485734 INFO::Fitting model to feature number 1294, RGIG7193 sp910586125
2026-01-11 15:28:23.49025 INFO::Fitting model to feature number 1295, MGYG000325636
2026-01-11 15:28:23.495363 INFO::Fitting model to feature number 1296, Agathobacter sp910587655
2026-01-11 15:28:23.5017 INFO::Fitting model to feature number 1297, MGYG000410161
2026-01-11 15:28:23.504797 WARNING::Fitting problem for feature 1297 returning NA
2026-01-11 15:28:23.507897 INFO::Fitting model to feature number 1298, MGYG000327199
2026-01-11 15:28:23.515906 INFO::Fitting model to feature number 1299, RGIG3040 sp910585715
2026-01-11 15:28:23.522521 INFO::Fitting model to feature number 1300, Butyrivibrio_A sp000431815
2026-01-11 15:28:23.528024 INFO::Fitting model to feature number 1301, Butyrivibrio_A sp910577605
2026-01-11 15:28:23.531232 INFO::Fitting model to feature number 1302, MGYG000325389
2026-01-11 15:28:23.536026 INFO::Fitting model to feature number 1303, MGBC114844 sp910579865
2026-01-11 15:28:23.539255 WARNING::Fitting problem for feature 1303 returning NA
2026-01-11 15:28:23.541414 INFO::Fitting model to feature number 1304, CAG-303 sp910577835
2026-01-11 15:28:23.545981 INFO::Fitting model to feature number 1305, CAG-303 sp910584685
2026-01-11 15:28:23.552775 INFO::Fitting model to feature number 1306, MGYG000327534
2026-01-11 15:28:23.559168 INFO::Fitting model to feature number 1307, An181 sp910585545
2026-01-11 15:28:23.562225 INFO::Fitting model to feature number 1308, RGIG3002 sp910579805
2026-01-11 15:28:23.567523 INFO::Fitting model to feature number 1309, MGYG000323516
2026-01-11 15:28:23.573377 INFO::Fitting model to feature number 1310, MGBC120314 sp910584325
2026-01-11 15:28:23.576122 INFO::Fitting model to feature number 1311, MGYG000328392
2026-01-11 15:28:23.578998 INFO::Fitting model to feature number 1312, CAG-632 sp910587045
2026-01-11 15:28:23.581896 WARNING::Fitting problem for feature 1312 returning NA
2026-01-11 15:28:23.583875 INFO::Fitting model to feature number 1313, MGBC136627 sp910585935
2026-01-11 15:28:23.586519 WARNING::Fitting problem for feature 1313 returning NA
2026-01-11 15:28:23.58933 INFO::Fitting model to feature number 1314, MGBC165282 sp910589265
2026-01-11 15:28:23.597128 INFO::Fitting model to feature number 1315, Mediterraneibacter_A sp022790755
2026-01-11 15:28:23.604414 INFO::Fitting model to feature number 1316, Hungatella effluvii
2026-01-11 15:28:23.610538 INFO::Fitting model to feature number 1317, Mobilitalea sp023395555
2026-01-11 15:28:23.61641 INFO::Fitting model to feature number 1318, Fusicatenibacter saccharivorans
2026-01-11 15:28:23.61936 INFO::Fitting model to feature number 1319, CAG-411 sp014799595
2026-01-11 15:28:23.624939 INFO::Fitting model to feature number 1320, MGYG000323744
2026-01-11 15:28:23.629207 INFO::Fitting model to feature number 1321, MGBC143606 sp910587935
2026-01-11 15:28:23.632258 INFO::Fitting model to feature number 1322, C-53 sp003612525
2026-01-11 15:28:23.634842 INFO::Fitting model to feature number 1323, Ruminococcus_B gnavus
2026-01-11 15:28:23.637255 WARNING::Fitting problem for feature 1323 returning NA
2026-01-11 15:28:23.63979 INFO::Fitting model to feature number 1324, Frisingicoccus caecimuris
2026-01-11 15:28:23.641991 WARNING::Fitting problem for feature 1324 returning NA
2026-01-11 15:28:23.643533 INFO::Fitting model to feature number 1325, MGYG000326088
2026-01-11 15:28:23.646804 INFO::Fitting model to feature number 1326, Lawsonibacter sp900066645
2026-01-11 15:28:23.649634 WARNING::Fitting problem for feature 1326 returning NA
2026-01-11 15:28:23.651358 INFO::Fitting model to feature number 1327, MGYG000327494
2026-01-11 15:28:23.656905 INFO::Fitting model to feature number 1328, MGYG000325423
2026-01-11 15:28:23.661064 INFO::Fitting model to feature number 1329, Dysosmobacter sp022797935
2026-01-11 15:28:23.665849 INFO::Fitting model to feature number 1330, MGYG000327261
2026-01-11 15:28:23.66833 INFO::Fitting model to feature number 1331, Dysosmobacter sp910588005
2026-01-11 15:28:23.673824 INFO::Fitting model to feature number 1332, Dysosmobacter sp001916835
2026-01-11 15:28:23.677868 INFO::Fitting model to feature number 1333, Dysosmobacter sp910585165
2026-01-11 15:28:23.682571 INFO::Fitting model to feature number 1334, MGYG000329398
2026-01-11 15:28:23.687178 INFO::Fitting model to feature number 1335, MGYG000322989
2026-01-11 15:28:23.692246 INFO::Fitting model to feature number 1336, MGYG000323872
2026-01-11 15:28:23.69712 INFO::Fitting model to feature number 1337, Pelethomonas sp022797115
2026-01-11 15:28:23.703182 INFO::Fitting model to feature number 1338, Pelethomonas sp910584045
2026-01-11 15:28:23.710195 INFO::Fitting model to feature number 1339, MGYG000325682
2026-01-11 15:28:23.718489 INFO::Fitting model to feature number 1340, MGYG000329870
2026-01-11 15:28:23.726589 INFO::Fitting model to feature number 1341, MGYG000409933
2026-01-11 15:28:23.73475 INFO::Fitting model to feature number 1342, MGYG000325610
2026-01-11 15:28:23.740106 WARNING::Fitting problem for feature 1342 returning NA
2026-01-11 15:28:23.743068 INFO::Fitting model to feature number 1343, Faecousia sp900544705
2026-01-11 15:28:23.746739 INFO::Fitting model to feature number 1344, MGYG000327369
2026-01-11 15:28:23.753862 INFO::Fitting model to feature number 1345, MGYG000327333
2026-01-11 15:28:23.760648 INFO::Fitting model to feature number 1346, Marseille-P3106 sp905219705
2026-01-11 15:28:23.764198 WARNING::Fitting problem for feature 1346 returning NA
2026-01-11 15:28:23.766979 INFO::Fitting model to feature number 1347, Marseille-P3106 sp910577415
2026-01-11 15:28:23.770638 INFO::Fitting model to feature number 1348, MGYG000329177
2026-01-11 15:28:23.776765 INFO::Fitting model to feature number 1349, HGM13010 sp022800755
2026-01-11 15:28:23.782619 INFO::Fitting model to feature number 1350, Flavonifractor plautii
2026-01-11 15:28:23.790163 INFO::Fitting model to feature number 1351, Intestinimonas butyriciproducens
2026-01-11 15:28:23.793439 WARNING::Fitting problem for feature 1351 returning NA
2026-01-11 15:28:23.795289 INFO::Fitting model to feature number 1352, MGBC124762 sp910579775
2026-01-11 15:28:23.799374 INFO::Fitting model to feature number 1353, MGYG000329700
2026-01-11 15:28:23.807193 INFO::Fitting model to feature number 1354, MGYG000323009
2026-01-11 15:28:23.815202 INFO::Fitting model to feature number 1355, MGYG000326780
2026-01-11 15:28:23.822972 INFO::Fitting model to feature number 1356, MGYG000329402
2026-01-11 15:28:23.831522 INFO::Fitting model to feature number 1357, MGYG000411571
2026-01-11 15:28:23.836551 INFO::Fitting model to feature number 1358, MGYG000356933
2026-01-11 15:28:23.843411 INFO::Fitting model to feature number 1359, MGYG000376485
2026-01-11 15:28:23.850278 INFO::Fitting model to feature number 1360, Fimivicinus sp900544375
2026-01-11 15:28:23.857819 INFO::Fitting model to feature number 1361, Ruminococcus_E sp910585865
2026-01-11 15:28:23.863479 INFO::Fitting model to feature number 1362, UBA1417 sp900549945
2026-01-11 15:28:23.868549 INFO::Fitting model to feature number 1363, MGYG000360413
2026-01-11 15:28:23.870992 WARNING::Fitting problem for feature 1363 returning NA
2026-01-11 15:28:23.872952 INFO::Fitting model to feature number 1364, Ruthenibacterium lactatiformans
2026-01-11 15:28:23.875454 WARNING::Fitting problem for feature 1364 returning NA
2026-01-11 15:28:23.87744 INFO::Fitting model to feature number 1365, MGYG000410556
2026-01-11 15:28:23.882661 INFO::Fitting model to feature number 1366, UBA1394 sp900066845
2026-01-11 15:28:23.886239 INFO::Fitting model to feature number 1367, MGYG000410798
2026-01-11 15:28:23.891001 INFO::Fitting model to feature number 1368, MGYG000327515
2026-01-11 15:28:23.893741 INFO::Fitting model to feature number 1369, MGYG000325568
2026-01-11 15:28:23.899209 INFO::Fitting model to feature number 1370, MGYG000325411
2026-01-11 15:28:23.904066 INFO::Fitting model to feature number 1371, MGYG000328314
2026-01-11 15:28:23.909255 INFO::Fitting model to feature number 1372, UBA1405 sp910589145
2026-01-11 15:28:23.912103 INFO::Fitting model to feature number 1373, CAG-115 sp910587135
2026-01-11 15:28:23.918236 INFO::Fitting model to feature number 1374, CAG-115 sp910577365
2026-01-11 15:28:23.924055 INFO::Fitting model to feature number 1375, CAG-115 sp910587465
2026-01-11 15:28:23.930014 INFO::Fitting model to feature number 1376, Faecalibacterium sp900539945
2026-01-11 15:28:23.935627 INFO::Fitting model to feature number 1377, Faecalibacterium longum
2026-01-11 15:28:23.938591 INFO::Fitting model to feature number 1378, Faecalibacterium prausnitzii_F
2026-01-11 15:28:23.942331 INFO::Fitting model to feature number 1379, MGYG000325416
2026-01-11 15:28:23.949456 INFO::Fitting model to feature number 1380, UBA7177 sp910579545
2026-01-11 15:28:23.952361 WARNING::Fitting problem for feature 1380 returning NA
2026-01-11 15:28:23.955072 INFO::Fitting model to feature number 1381, UBA7177 sp910578965
2026-01-11 15:28:23.960223 INFO::Fitting model to feature number 1382, Neobittarella massiliensis
2026-01-11 15:28:23.967653 INFO::Fitting model to feature number 1383, Gemmiger formicilis
2026-01-11 15:28:23.973728 INFO::Fitting model to feature number 1384, MGYG000328468
2026-01-11 15:28:23.97791 INFO::Fitting model to feature number 1385, UBA866 sp022791945
2026-01-11 15:28:23.981708 WARNING::Fitting problem for feature 1385 returning NA
2026-01-11 15:28:23.984357 INFO::Fitting model to feature number 1386, UMGS1601 sp900545345
2026-01-11 15:28:23.988328 INFO::Fitting model to feature number 1387, MGYG000410783
2026-01-11 15:28:23.991731 WARNING::Fitting problem for feature 1387 returning NA
2026-01-11 15:28:23.994235 INFO::Fitting model to feature number 1388, MGYG000330170
2026-01-11 15:28:23.998202 INFO::Fitting model to feature number 1389, MGYG000330888
2026-01-11 15:28:24.00202 INFO::Fitting model to feature number 1390, QXXE01 sp910586105
2026-01-11 15:28:24.004361 WARNING::Fitting problem for feature 1390 returning NA
2026-01-11 15:28:24.006141 INFO::Fitting model to feature number 1391, MGYG000330847
2026-01-11 15:28:24.010535 INFO::Fitting model to feature number 1392, MGBC161649 sp910587685
2026-01-11 15:28:24.014212 INFO::Fitting model to feature number 1393, Coproplasma sp910586035
2026-01-11 15:28:24.019333 INFO::Fitting model to feature number 1394, Coproplasma sp910579295
2026-01-11 15:28:24.022964 INFO::Fitting model to feature number 1395, Coproplasma sp910587825
2026-01-11 15:28:24.02786 INFO::Fitting model to feature number 1396, Coproplasma sp910585705
2026-01-11 15:28:24.033794 INFO::Fitting model to feature number 1397, Coproplasma sp910576655
2026-01-11 15:28:24.038787 INFO::Fitting model to feature number 1398, MGYG000410549
2026-01-11 15:28:24.044537 INFO::Fitting model to feature number 1399, Coproplasma sp910577555
2026-01-11 15:28:24.050036 INFO::Fitting model to feature number 1400, Gallimonas sp910586985
2026-01-11 15:28:24.055887 INFO::Fitting model to feature number 1401, Gallimonas sp910586365
2026-01-11 15:28:24.060311 INFO::Fitting model to feature number 1402, Gallimonas sp910589015
2026-01-11 15:28:24.066683 INFO::Fitting model to feature number 1403, Gallimonas sp910586825
2026-01-11 15:28:24.070864 INFO::Fitting model to feature number 1404, Gallimonas sp910586675
2026-01-11 15:28:24.074263 INFO::Fitting model to feature number 1405, Anaerocaecibacter sp910578545
2026-01-11 15:28:24.076573 INFO::Fitting model to feature number 1406, Anaerocaecibacter sp910579205
2026-01-11 15:28:24.081016 INFO::Fitting model to feature number 1407, Anaerocaecibacter sp910585055
2026-01-11 15:28:24.085566 INFO::Fitting model to feature number 1408, MGYG000327384
2026-01-11 15:28:24.088475 INFO::Fitting model to feature number 1409, MGBC157735 sp910588155
2026-01-11 15:28:24.092491 INFO::Fitting model to feature number 1410, Pumilibacter sp910579245
2026-01-11 15:28:24.096848 INFO::Fitting model to feature number 1411, UBA11524 sp000437595
2026-01-11 15:28:24.101824 INFO::Fitting model to feature number 1412, MGYG000388556
2026-01-11 15:28:24.105832 INFO::Fitting model to feature number 1413, Zhenpiania sp910583765
2026-01-11 15:28:24.110375 INFO::Fitting model to feature number 1414, RGIG7179 sp022793795
2026-01-11 15:28:24.112413 WARNING::Fitting problem for feature 1414 returning NA
2026-01-11 15:28:24.114091 INFO::Fitting model to feature number 1415, VUNA01 sp002299625
2026-01-11 15:28:24.118881 INFO::Fitting model to feature number 1416, MGYG000327020
2026-01-11 15:28:24.121455 INFO::Fitting model to feature number 1417, Clostridioides difficile
2026-01-11 15:28:24.125764 INFO::Fitting model to feature number 1418, MGYG000369796
2026-01-11 15:28:24.129731 INFO::Fitting model to feature number 1419, MGYG000411069
2026-01-11 15:28:24.132944 INFO::Fitting model to feature number 1420, MGYG000328055
2026-01-11 15:28:24.137052 INFO::Fitting model to feature number 1421, MGYG000411369
2026-01-11 15:28:24.139747 INFO::Fitting model to feature number 1422, Clostridium sp910588715
2026-01-11 15:28:24.142068 INFO::Fitting model to feature number 1423, CAG-41 sp010206265
2026-01-11 15:28:24.144126 WARNING::Fitting problem for feature 1423 returning NA
2026-01-11 15:28:24.146083 INFO::Fitting model to feature number 1424, Parasutterella excrementihominis
2026-01-11 15:28:24.150618 INFO::Fitting model to feature number 1425, Escherichia coli
2026-01-11 15:28:24.155003 INFO::Fitting model to feature number 1426, Klebsiella michiganensis
2026-01-11 15:28:24.159482 INFO::Fitting model to feature number 1427, MGYG000408998
2026-01-11 15:28:24.163536 INFO::Fitting model to feature number 1428, MGYG000324409
2026-01-11 15:28:24.169183 INFO::Fitting model to feature number 1429, MGYG000366359
2026-01-11 15:28:24.175511 INFO::Fitting model to feature number 1430, MGYG000411437
2026-01-11 15:28:24.17984 INFO::Fitting model to feature number 1431, MGYG000350430
2026-01-11 15:28:24.186368 INFO::Fitting model to feature number 1432, MGYG000346441
2026-01-11 15:28:24.189889 WARNING::Fitting problem for feature 1432 returning NA
2026-01-11 15:28:24.191594 INFO::Fitting model to feature number 1433, MGYG000322940
2026-01-11 15:28:24.19621 INFO::Fitting model to feature number 1434, MGYG000410841
2026-01-11 15:28:24.203297 INFO::Fitting model to feature number 1435, Zag111 sp910584405
2026-01-11 15:28:24.208585 INFO::Fitting model to feature number 1436, Avigastranaerophilus sp910583875
2026-01-11 15:28:24.21189 INFO::Fitting model to feature number 1437, MGBC122484 sp910583725
2026-01-11 15:28:24.215748 INFO::Fitting model to feature number 1438, MGYG000326931
2026-01-11 15:28:24.224619 INFO::Fitting model to feature number 1439, MGYG000405972
2026-01-11 15:28:24.231573 INFO::Fitting model to feature number 1440, MGYG000328795
2026-01-11 15:28:24.235703 WARNING::Fitting problem for feature 1440 returning NA
2026-01-11 15:28:24.238765 INFO::Fitting model to feature number 1441, HGM10857 sp910578745
2026-01-11 15:28:24.246569 INFO::Fitting model to feature number 1442, MGYG000410710
2026-01-11 15:28:24.254278 INFO::Fitting model to feature number 1443, Acetatifactor muris
2026-01-11 15:28:24.262247 INFO::Fitting model to feature number 1444, MGYG000325356
2026-01-11 15:28:24.27024 INFO::Fitting model to feature number 1445, MGYG000329400
2026-01-11 15:28:24.273434 INFO::Fitting model to feature number 1446, Coprocola sp910587735
2026-01-11 15:28:24.300591 INFO::Fitting model to feature number 1447, MGYG000387050
2026-01-11 15:28:24.308134 INFO::Fitting model to feature number 1448, MGYG000326286
2026-01-11 15:28:24.312591 INFO::Fitting model to feature number 1449, Ruminococcus sp910576995
2026-01-11 15:28:24.317532 INFO::Fitting model to feature number 1450, Ruminococcus sp910579835
2026-01-11 15:28:24.32237 INFO::Fitting model to feature number 1451, Ruminococcus sp900540005
2026-01-11 15:28:24.33088 INFO::Fitting model to feature number 1452, Ruminococcus sp002362175
2026-01-11 15:28:24.336021 INFO::Fitting model to feature number 1453, Ruminococcus sp910577575
2026-01-11 15:28:24.341241 INFO::Fitting model to feature number 1454, MGYG000410441
2026-01-11 15:28:24.34421 INFO::Fitting model to feature number 1455, MGYG000365643
2026-01-11 15:28:24.355325 INFO::Fitting model to feature number 1456, MGYG000369368
2026-01-11 15:28:24.360826 INFO::Fitting model to feature number 1457, MGYG000330830
2026-01-11 15:28:24.364431 WARNING::Fitting problem for feature 1457 returning NA
2026-01-11 15:28:24.367837 INFO::Fitting model to feature number 1458, MGYG000324069
2026-01-11 15:28:24.371843 INFO::Fitting model to feature number 1459, MGYG000392389
2026-01-11 15:28:24.376638 INFO::Fitting model to feature number 1460, Coproplasma sp910578195
2026-01-11 15:28:24.383144 INFO::Fitting model to feature number 1461, Gallimonas sp910588615
2026-01-11 15:28:24.386401 INFO::Fitting model to feature number 1462, Fimimonas sp910586905
2026-01-11 15:28:24.389989 INFO::Fitting model to feature number 1463, MGYG000329863
2026-01-11 15:28:24.394655 INFO::Fitting model to feature number 1464, Pseudomonas aeruginosa
2026-01-11 15:28:24.402486 INFO::Fitting model to feature number 1465, C-19 sp022799495
2026-01-11 15:28:24.409319 INFO::Fitting model to feature number 1466, MGBC140090 sp910586805
2026-01-11 15:28:24.415847 INFO::Fitting model to feature number 1467, MGYG000337677
2026-01-11 15:28:24.42235 INFO::Fitting model to feature number 1468, Staphylococcus nepalensis
2026-01-11 15:28:24.426402 INFO::Fitting model to feature number 1469, D16-34 sp910588485
2026-01-11 15:28:24.432357 INFO::Fitting model to feature number 1470, UMGS1502 sp900552365
2026-01-11 15:28:24.437306 INFO::Fitting model to feature number 1471, CACZQA01 sp900758075
2026-01-11 15:28:24.44236 INFO::Fitting model to feature number 1472, MGYG000325313
2026-01-11 15:28:24.447853 INFO::Fitting model to feature number 1473, Schaedlerella glycyrrhizinilytica_A
2026-01-11 15:28:24.455484 INFO::Fitting model to feature number 1474, MGYG000322968
2026-01-11 15:28:24.46185 INFO::Fitting model to feature number 1475, Butyribacter sp003612285
2026-01-11 15:28:24.464882 WARNING::Fitting problem for feature 1475 returning NA
2026-01-11 15:28:24.467507 INFO::Fitting model to feature number 1476, Butyribacter sp910580005
2026-01-11 15:28:24.473804 INFO::Fitting model to feature number 1477, MGYG000325492
2026-01-11 15:28:24.48086 INFO::Fitting model to feature number 1478, Acetatifactor sp910578815
2026-01-11 15:28:24.488317 INFO::Fitting model to feature number 1479, Acetatifactor sp910583845
2026-01-11 15:28:24.49382 INFO::Fitting model to feature number 1480, MGYG000328399
2026-01-11 15:28:24.501244 INFO::Fitting model to feature number 1481, Acetatifactor sp910587755
2026-01-11 15:28:24.507128 INFO::Fitting model to feature number 1482, MGYG000329698
2026-01-11 15:28:24.514572 INFO::Fitting model to feature number 1483, CAG-95 sp009774465
2026-01-11 15:28:24.521126 INFO::Fitting model to feature number 1484, MGYG000410124
2026-01-11 15:28:24.526276 INFO::Fitting model to feature number 1485, UBA2882 sp002362385
2026-01-11 15:28:24.530936 INFO::Fitting model to feature number 1486, MGYG000350270
2026-01-11 15:28:24.53582 INFO::Fitting model to feature number 1487, MGYG000411484
2026-01-11 15:28:24.538217 WARNING::Fitting problem for feature 1487 returning NA
2026-01-11 15:28:24.540556 INFO::Fitting model to feature number 1488, 1XD42-69 sp003612565
2026-01-11 15:28:24.547544 INFO::Fitting model to feature number 1489, MGYG000324730
2026-01-11 15:28:24.553845 INFO::Fitting model to feature number 1490, Blautia_A wexlerae
2026-01-11 15:28:24.557377 INFO::Fitting model to feature number 1491, Bariatricus comes
2026-01-11 15:28:24.561911 INFO::Fitting model to feature number 1492, Wujia sp002493625
2026-01-11 15:28:24.56475 WARNING::Fitting problem for feature 1492 returning NA
2026-01-11 15:28:24.567534 INFO::Fitting model to feature number 1493, MGYG000322947
2026-01-11 15:28:24.574443 INFO::Fitting model to feature number 1494, MGYG000322925
2026-01-11 15:28:24.578124 WARNING::Fitting problem for feature 1494 returning NA
2026-01-11 15:28:24.580665 INFO::Fitting model to feature number 1495, MGYG000330643
2026-01-11 15:28:24.584507 WARNING::Fitting problem for feature 1495 returning NA
2026-01-11 15:28:24.587133 INFO::Fitting model to feature number 1496, MGYG000325949
2026-01-11 15:28:24.594111 INFO::Fitting model to feature number 1497, Acutalibacter ornithocaccae
2026-01-11 15:28:24.601396 INFO::Fitting model to feature number 1498, Eubacterium_R sp910577195
2026-01-11 15:28:24.605543 INFO::Fitting model to feature number 1499, Avimonas_A sp022800315
2026-01-11 15:28:24.610124 INFO::Fitting model to feature number 1500, UBA3818 sp904397845
2026-01-11 15:28:24.616259 INFO::Fitting model to feature number 1501, MGYG000354216
2026-01-11 15:28:24.623503 INFO::Fitting model to feature number 1502, MGYG000350425
2026-01-11 15:28:24.630054 INFO::Fitting model to feature number 1503, MGYG000340095
2026-01-11 15:28:24.635013 INFO::Fitting model to feature number 1504, MGYG000336507
2026-01-11 15:28:24.641865 INFO::Fitting model to feature number 1505, Agrobacterium pusense
2026-01-11 15:28:24.648726 INFO::Fitting model to feature number 1506, MGYG000325577
2026-01-11 15:28:24.654847 INFO::Fitting model to feature number 1507, MGYG000325533
2026-01-11 15:28:24.659998 INFO::Fitting model to feature number 1508, MGYG000325757
2026-01-11 15:28:24.662919 WARNING::Fitting problem for feature 1508 returning NA
2026-01-11 15:28:24.666131 INFO::Fitting model to feature number 1509, MGYG000325642
2026-01-11 15:28:24.674632 INFO::Fitting model to feature number 1510, Limisoma sp900544305
2026-01-11 15:28:24.680097 INFO::Fitting model to feature number 1511, MGYG000325491
2026-01-11 15:28:24.686412 INFO::Fitting model to feature number 1512, MGYG000325376
2026-01-11 15:28:24.690261 INFO::Fitting model to feature number 1513, Alistipes putredinis
2026-01-11 15:28:24.698298 INFO::Fitting model to feature number 1514, MGYG000325739
2026-01-11 15:28:24.702593 INFO::Fitting model to feature number 1515, MGYG000325349
2026-01-11 15:28:24.709267 INFO::Fitting model to feature number 1516, MGYG000325640
2026-01-11 15:28:24.713042 WARNING::Fitting problem for feature 1516 returning NA
2026-01-11 15:28:24.71619 INFO::Fitting model to feature number 1517, Alistipes onderdonkii
2026-01-11 15:28:24.722844 INFO::Fitting model to feature number 1518, Alistipes sp003979135
2026-01-11 15:28:24.730398 INFO::Fitting model to feature number 1519, Alistipes sp900541585
2026-01-11 15:28:24.737039 INFO::Fitting model to feature number 1520, Alistipes_A ihumii
2026-01-11 15:28:24.740274 INFO::Fitting model to feature number 1521, Bacteroides eggerthii
2026-01-11 15:28:24.747471 INFO::Fitting model to feature number 1522, Prevotella faecis
2026-01-11 15:28:24.751363 WARNING::Fitting problem for feature 1522 returning NA
2026-01-11 15:28:24.754714 INFO::Fitting model to feature number 1523, Prevotella sp900557405
2026-01-11 15:28:24.758858 WARNING::Fitting problem for feature 1523 returning NA
2026-01-11 15:28:24.762315 INFO::Fitting model to feature number 1524, MGYG000325643
2026-01-11 15:28:24.770341 INFO::Fitting model to feature number 1525, Paraprevotella stercorigallinarum
2026-01-11 15:28:24.776736 INFO::Fitting model to feature number 1526, MGYG000325375
2026-01-11 15:28:24.783536 INFO::Fitting model to feature number 1527, C-19 sp009917405
2026-01-11 15:28:24.787326 WARNING::Fitting problem for feature 1527 returning NA
2026-01-11 15:28:24.790031 INFO::Fitting model to feature number 1528, MGYG000328692
2026-01-11 15:28:24.792877 WARNING::Fitting problem for feature 1528 returning NA
2026-01-11 15:28:24.79495 INFO::Fitting model to feature number 1529, UBA2730 sp022793235
2026-01-11 15:28:24.801154 INFO::Fitting model to feature number 1530, Bacillus licheniformis
2026-01-11 15:28:24.808232 INFO::Fitting model to feature number 1531, Mailhella sp910577155
2026-01-11 15:28:24.816966 INFO::Fitting model to feature number 1532, MGYG000403150
2026-01-11 15:28:24.82091 WARNING::Fitting problem for feature 1532 returning NA
2026-01-11 15:28:24.823842 INFO::Fitting model to feature number 1533, COE1 sp910586405
2026-01-11 15:28:24.831961 INFO::Fitting model to feature number 1534, COE1 sp009774345
2026-01-11 15:28:24.839878 INFO::Fitting model to feature number 1535, MGYG000329391
2026-01-11 15:28:24.847317 INFO::Fitting model to feature number 1536, MGYG000327122
2026-01-11 15:28:24.855053 INFO::Fitting model to feature number 1537, MGYG000326060
2026-01-11 15:28:24.859598 INFO::Fitting model to feature number 1538, MGYG000324350
2026-01-11 15:28:24.866227 INFO::Fitting model to feature number 1539, Copromonas sp000435795
2026-01-11 15:28:24.872055 INFO::Fitting model to feature number 1540, Kineothrix sp910586275
2026-01-11 15:28:24.877527 INFO::Fitting model to feature number 1541, MGYG000327375
2026-01-11 15:28:24.883476 INFO::Fitting model to feature number 1542, MGYG000331235
2026-01-11 15:28:24.888996 INFO::Fitting model to feature number 1543, MGBC111451 sp910578605
2026-01-11 15:28:24.894623 INFO::Fitting model to feature number 1544, MGYG000411179
2026-01-11 15:28:24.900651 INFO::Fitting model to feature number 1545, Faecalibacterium prausnitzii
2026-01-11 15:28:24.905886 INFO::Fitting model to feature number 1546, MGYG000325383
2026-01-11 15:28:24.909073 INFO::Fitting model to feature number 1547, MGYG000323634
2026-01-11 15:28:24.914255 INFO::Fitting model to feature number 1548, Pumilibacter muris
2026-01-11 15:28:24.920246 INFO::Fitting model to feature number 1549, SFMI01 sp004556155
2026-01-11 15:28:24.922989 WARNING::Fitting problem for feature 1549 returning NA
2026-01-11 15:28:24.925082 INFO::Fitting model to feature number 1550, Escherichia ruysiae
2026-01-11 15:28:24.930571 INFO::Fitting model to feature number 1551, Klebsiella variicola
2026-01-11 15:28:24.936482 INFO::Fitting model to feature number 1552, Citrobacter_A rodentium
2026-01-11 15:28:24.941632 INFO::Fitting model to feature number 1553, Citrobacter_A amalonaticus
2026-01-11 15:28:24.94688 INFO::Fitting model to feature number 1554, MGYG000339089
2026-01-11 15:28:24.949758 WARNING::Fitting problem for feature 1554 returning NA
2026-01-11 15:28:24.952267 INFO::Fitting model to feature number 1555, UBA7185 sp910585405
2026-01-11 15:28:24.955539 INFO::Fitting model to feature number 1556, Helicobacter_D ganmani
2026-01-11 15:28:24.961495 INFO::Fitting model to feature number 1557, URXU01 sp900541915
2026-01-11 15:28:24.96602 INFO::Fitting model to feature number 1558, Streptococcus danieliae
2026-01-11 15:28:24.972034 INFO::Fitting model to feature number 1559, Streptococcus alactolyticus
2026-01-11 15:28:24.977012 INFO::Fitting model to feature number 1560, MGYG000325510
2026-01-11 15:28:24.983834 INFO::Fitting model to feature number 1561, MGBC107952 sp910578855
2026-01-11 15:28:24.990255 INFO::Fitting model to feature number 1562, MGYG000322996
2026-01-11 15:28:24.996664 INFO::Fitting model to feature number 1563, Niallia sp001076885
2026-01-11 15:28:25.003058 INFO::Fitting model to feature number 1564, MGYG000387335
2026-01-11 15:28:25.007673 INFO::Fitting model to feature number 1565, UBA3282 sp910586615
2026-01-11 15:28:25.012492 INFO::Fitting model to feature number 1566, MGYG000325700
2026-01-11 15:28:25.018519 INFO::Fitting model to feature number 1567, UBA3282 sp910584965
2026-01-11 15:28:25.02527 INFO::Fitting model to feature number 1568, MGYG000325483
2026-01-11 15:28:25.032791 INFO::Fitting model to feature number 1569, MGYG000325802
2026-01-11 15:28:25.039896 INFO::Fitting model to feature number 1570, MGYG000329183
2026-01-11 15:28:25.043475 INFO::Fitting model to feature number 1571, UBA3282 sp910586705
2026-01-11 15:28:25.046338 INFO::Fitting model to feature number 1572, UBA3282 sp910578715
2026-01-11 15:28:25.052804 INFO::Fitting model to feature number 1573, MGYG000325820
2026-01-11 15:28:25.056874 INFO::Fitting model to feature number 1574, UBA3282 sp910578475
2026-01-11 15:28:25.06096 INFO::Fitting model to feature number 1575, MGYG000325646
2026-01-11 15:28:25.066205 INFO::Fitting model to feature number 1576, MGYG000373306
2026-01-11 15:28:25.069972 WARNING::Fitting problem for feature 1576 returning NA
2026-01-11 15:28:25.072662 INFO::Fitting model to feature number 1577, MGYG000329401
2026-01-11 15:28:25.075928 INFO::Fitting model to feature number 1578, MGYG000327529
2026-01-11 15:28:25.078974 INFO::Fitting model to feature number 1579, MGYG000410713
2026-01-11 15:28:25.082115 WARNING::Fitting problem for feature 1579 returning NA
2026-01-11 15:28:25.084765 INFO::Fitting model to feature number 1580, MGYG000325455
2026-01-11 15:28:25.089195 INFO::Fitting model to feature number 1581, Butyribacter sp910588655
2026-01-11 15:28:25.092063 INFO::Fitting model to feature number 1582, MGYG000330215
2026-01-11 15:28:25.096393 INFO::Fitting model to feature number 1583, Eubacterium_F sp910583555
2026-01-11 15:28:25.101532 INFO::Fitting model to feature number 1584, 14-2 sp910588885
2026-01-11 15:28:25.105908 INFO::Fitting model to feature number 1585, MGYG000325200
2026-01-11 15:28:25.110208 INFO::Fitting model to feature number 1586, MGYG000410031
2026-01-11 15:28:25.112775 INFO::Fitting model to feature number 1587, COE1 sp910588755
2026-01-11 15:28:25.117917 INFO::Fitting model to feature number 1588, COE1 sp910585765
2026-01-11 15:28:25.1202 WARNING::Fitting problem for feature 1588 returning NA
2026-01-11 15:28:25.122043 INFO::Fitting model to feature number 1589, COE1 sp009774375
2026-01-11 15:28:25.126357 INFO::Fitting model to feature number 1590, MGYG000324875
2026-01-11 15:28:25.133298 INFO::Fitting model to feature number 1591, MGYG000328347
2026-01-11 15:28:25.135998 INFO::Fitting model to feature number 1592, MGYG000331069
2026-01-11 15:28:25.138445 INFO::Fitting model to feature number 1593, MGYG000330172
2026-01-11 15:28:25.140714 INFO::Fitting model to feature number 1594, CAG-510 sp003979355
2026-01-11 15:28:25.143145 INFO::Fitting model to feature number 1595, RGIG4057 sp910585065
2026-01-11 15:28:25.145451 INFO::Fitting model to feature number 1596, CAG-603 sp022794265
2026-01-11 15:28:25.149679 INFO::Fitting model to feature number 1597, MGYG000325692
2026-01-11 15:28:25.152328 INFO::Fitting model to feature number 1598, MGYG000328520
2026-01-11 15:28:25.156215 INFO::Fitting model to feature number 1599, MGYG000325327
2026-01-11 15:28:25.160151 INFO::Fitting model to feature number 1600, UBA7050 sp003979345
2026-01-11 15:28:25.162545 INFO::Fitting model to feature number 1601, MGYG000325605
2026-01-11 15:28:25.16701 INFO::Fitting model to feature number 1602, MGBC140009 sp910586015
2026-01-11 15:28:25.170986 INFO::Fitting model to feature number 1603, MGYG000327466
2026-01-11 15:28:25.172999 WARNING::Fitting problem for feature 1603 returning NA
2026-01-11 15:28:25.174595 INFO::Fitting model to feature number 1604, Clostridium_AP sp000509125
2026-01-11 15:28:25.176523 WARNING::Fitting problem for feature 1604 returning NA
2026-01-11 15:28:25.17809 INFO::Fitting model to feature number 1605, MGYG000329308
2026-01-11 15:28:25.181053 INFO::Fitting model to feature number 1606, MGYG000410975
2026-01-11 15:28:25.184084 INFO::Fitting model to feature number 1607, Dysosmobacter welbionis
2026-01-11 15:28:25.188041 INFO::Fitting model to feature number 1608, MGYG000360335
2026-01-11 15:28:25.192576 INFO::Fitting model to feature number 1609, MGYG000329306
2026-01-11 15:28:25.195292 INFO::Fitting model to feature number 1610, Avispirillum sp910586545
2026-01-11 15:28:25.199873 INFO::Fitting model to feature number 1611, Anaerocaecibacter sp910586925
2026-01-11 15:28:25.203001 INFO::Fitting model to feature number 1612, Anaerocaecibacter sp910577995
2026-01-11 15:28:25.205913 INFO::Fitting model to feature number 1613, MGBC157735 sp910585955
2026-01-11 15:28:25.208807 INFO::Fitting model to feature number 1614, Pumilibacter sp910587595
2026-01-11 15:28:25.211738 INFO::Fitting model to feature number 1615, Protoclostridium sp910587025
2026-01-11 15:28:25.21467 INFO::Fitting model to feature number 1616, Coproplasma sp910587625
2026-01-11 15:28:25.219207 INFO::Fitting model to feature number 1617, Coproplasma sp910579705
2026-01-11 15:28:25.221578 INFO::Fitting model to feature number 1618, MGYG000327859
2026-01-11 15:28:25.225908 INFO::Fitting model to feature number 1619, Lentihominibacter faecis
2026-01-11 15:28:25.229109 INFO::Fitting model to feature number 1620, MGYG000324400
2026-01-11 15:28:25.234986 INFO::Fitting model to feature number 1621, MGYG000357081
2026-01-11 15:28:25.238015 INFO::Fitting model to feature number 1622, Leuconostoc citreum
2026-01-11 15:28:25.240916 WARNING::Fitting problem for feature 1622 returning NA
2026-01-11 15:28:25.243312 INFO::Fitting model to feature number 1623, Enterococcus_E cecorum
2026-01-11 15:28:25.245848 WARNING::Fitting problem for feature 1623 returning NA
2026-01-11 15:28:25.248345 INFO::Fitting model to feature number 1624, MGYG000410809
2026-01-11 15:28:25.252218 WARNING::Fitting problem for feature 1624 returning NA
2026-01-11 15:28:25.25428 INFO::Fitting model to feature number 1625, Anaerotardibacter sp000434775
2026-01-11 15:28:25.256891 WARNING::Fitting problem for feature 1625 returning NA
2026-01-11 15:28:25.258878 INFO::Fitting model to feature number 1626, MGYG000325716
2026-01-11 15:28:25.26475 INFO::Fitting model to feature number 1627, Bacteroides fragilis
2026-01-11 15:28:25.268672 WARNING::Fitting problem for feature 1627 returning NA
2026-01-11 15:28:25.270721 INFO::Fitting model to feature number 1628, Eubacterium_F sp910589595
2026-01-11 15:28:25.273968 INFO::Fitting model to feature number 1629, Acetatifactor sp910584435
2026-01-11 15:28:25.276597 WARNING::Fitting problem for feature 1629 returning NA
2026-01-11 15:28:25.278699 INFO::Fitting model to feature number 1630, Butyribacter sp003611745
2026-01-11 15:28:25.283192 INFO::Fitting model to feature number 1631, MGYG000410930
2026-01-11 15:28:25.29136 INFO::Fitting model to feature number 1632, MGYG000410149
2026-01-11 15:28:25.297531 INFO::Fitting model to feature number 1633, MGYG000328377
2026-01-11 15:28:25.301075 WARNING::Fitting problem for feature 1633 returning NA
2026-01-11 15:28:25.303119 INFO::Fitting model to feature number 1634, MGYG000324606
2026-01-11 15:28:25.305629 WARNING::Fitting problem for feature 1634 returning NA
2026-01-11 15:28:25.308272 INFO::Fitting model to feature number 1635, Dorea_A longicatena
2026-01-11 15:28:25.31179 WARNING::Fitting problem for feature 1635 returning NA
2026-01-11 15:28:25.314205 INFO::Fitting model to feature number 1636, MGYG000323390
2026-01-11 15:28:25.317431 WARNING::Fitting problem for feature 1636 returning NA
2026-01-11 15:28:25.320136 INFO::Fitting model to feature number 1637, CALWPV01 sp022794035
2026-01-11 15:28:25.325469 INFO::Fitting model to feature number 1638, Dysosmobacter sp900763685
2026-01-11 15:28:25.330048 WARNING::Fitting problem for feature 1638 returning NA
2026-01-11 15:28:25.333579 INFO::Fitting model to feature number 1639, Evtepia sp004556345
2026-01-11 15:28:25.336866 WARNING::Fitting problem for feature 1639 returning NA
2026-01-11 15:28:25.339724 INFO::Fitting model to feature number 1640, Evtepia gabavorous
2026-01-11 15:28:25.343901 WARNING::Fitting problem for feature 1640 returning NA
2026-01-11 15:28:25.346905 INFO::Fitting model to feature number 1641, MGYG000387732
2026-01-11 15:28:25.35065 WARNING::Fitting problem for feature 1641 returning NA
2026-01-11 15:28:25.352976 INFO::Fitting model to feature number 1642, Avoscillospira_A sp022795735
2026-01-11 15:28:25.356486 WARNING::Fitting problem for feature 1642 returning NA
2026-01-11 15:28:25.358508 INFO::Fitting model to feature number 1643, Eubacterium_R sp009774735
2026-01-11 15:28:25.361554 INFO::Fitting model to feature number 1644, MGYG000325665
2026-01-11 15:28:25.367281 INFO::Fitting model to feature number 1645, Eubacterium_R sp910584985
2026-01-11 15:28:25.370207 INFO::Fitting model to feature number 1646, MGYG000325508
2026-01-11 15:28:25.372983 INFO::Fitting model to feature number 1647, Eubacterium_R sp910577215
2026-01-11 15:28:25.375849 INFO::Fitting model to feature number 1648, MGYG000325451
2026-01-11 15:28:25.379023 INFO::Fitting model to feature number 1649, MGYG000403628
2026-01-11 15:28:25.383444 INFO::Fitting model to feature number 1650, MGYG000327108
2026-01-11 15:28:25.387593 INFO::Fitting model to feature number 1651, Bittarella massiliensis
2026-01-11 15:28:25.390883 WARNING::Fitting problem for feature 1651 returning NA
2026-01-11 15:28:25.393502 INFO::Fitting model to feature number 1652, MGYG000327115
2026-01-11 15:28:25.39676 WARNING::Fitting problem for feature 1652 returning NA
2026-01-11 15:28:25.399357 INFO::Fitting model to feature number 1653, MGYG000358052
2026-01-11 15:28:25.405587 INFO::Fitting model to feature number 1654, MGYG000325728
2026-01-11 15:28:25.408641 WARNING::Fitting problem for feature 1654 returning NA
2026-01-11 15:28:25.411117 INFO::Fitting model to feature number 1655, Brachyspira sp910588665
2026-01-11 15:28:25.416154 INFO::Fitting model to feature number 1656, MGYG000410730
2026-01-11 15:28:25.418869 WARNING::Fitting problem for feature 1656 returning NA
2026-01-11 15:28:25.420722 INFO::Fitting model to feature number 1657, MGYG000325324
2026-01-11 15:28:25.423508 INFO::Fitting model to feature number 1658, MGYG000325708
2026-01-11 15:28:25.425896 WARNING::Fitting problem for feature 1658 returning NA
2026-01-11 15:28:25.428238 INFO::Fitting model to feature number 1659, MGYG000383351
2026-01-11 15:28:25.431727 WARNING::Fitting problem for feature 1659 returning NA
2026-01-11 15:28:25.434779 INFO::Fitting model to feature number 1660, MGYG000328450
2026-01-11 15:28:25.438569 INFO::Fitting model to feature number 1661, MGYG000410978
2026-01-11 15:28:25.441683 WARNING::Fitting problem for feature 1661 returning NA
2026-01-11 15:28:25.444084 INFO::Fitting model to feature number 1662, MGYG000325740
2026-01-11 15:28:25.447691 INFO::Fitting model to feature number 1663, MGYG000329907
2026-01-11 15:28:25.451749 INFO::Fitting model to feature number 1664, Agathobacter rectalis
2026-01-11 15:28:25.455479 INFO::Fitting model to feature number 1665, MGBC114844 sp910585855
2026-01-11 15:28:25.459345 INFO::Fitting model to feature number 1666, Oliverpabstia sp002361775
2026-01-11 15:28:25.46279 INFO::Fitting model to feature number 1667, Dorea_A longicatena_B
2026-01-11 15:28:25.46727 INFO::Fitting model to feature number 1668, JAAVZI01 sp022791575
2026-01-11 15:28:25.470312 WARNING::Fitting problem for feature 1668 returning NA
2026-01-11 15:28:25.472323 INFO::Fitting model to feature number 1669, MGYG000411499
2026-01-11 15:28:25.479696 INFO::Fitting model to feature number 1670, CAJFUH01 sp022799115
2026-01-11 15:28:25.484712 INFO::Fitting model to feature number 1671, QAKD01 sp022793975
2026-01-11 15:28:25.488612 WARNING::Fitting problem for feature 1671 returning NA
2026-01-11 15:28:25.491883 INFO::Fitting model to feature number 1672, Reyranella aquatilis
2026-01-11 15:28:25.495842 WARNING::Fitting problem for feature 1672 returning NA
2026-01-11 15:28:25.498563 INFO::Fitting model to feature number 1673, MGYG000339341
2026-01-11 15:28:25.503033 WARNING::Fitting problem for feature 1673 returning NA
2026-01-11 15:28:25.506349 INFO::Fitting model to feature number 1674, Collinsella bouchesdurhonensis
2026-01-11 15:28:25.510735 WARNING::Fitting problem for feature 1674 returning NA
2026-01-11 15:28:25.514154 INFO::Fitting model to feature number 1675, Desulfovibrio sp900319575
2026-01-11 15:28:25.518603 WARNING::Fitting problem for feature 1675 returning NA
2026-01-11 15:28:25.52112 INFO::Fitting model to feature number 1676, MGYG000325614
2026-01-11 15:28:25.52706 INFO::Fitting model to feature number 1677, Dielma fastidiosa
2026-01-11 15:28:25.535406 INFO::Fitting model to feature number 1678, UBA1067 sp902788415
2026-01-11 15:28:25.539666 WARNING::Fitting problem for feature 1678 returning NA
2026-01-11 15:28:25.543027 INFO::Fitting model to feature number 1679, UBA3282 sp910578555
2026-01-11 15:28:25.54646 WARNING::Fitting problem for feature 1679 returning NA
2026-01-11 15:28:25.54931 INFO::Fitting model to feature number 1680, MGYG000330584
2026-01-11 15:28:25.553175 WARNING::Fitting problem for feature 1680 returning NA
2026-01-11 15:28:25.556107 INFO::Fitting model to feature number 1681, MGYG000410602
2026-01-11 15:28:25.559135 WARNING::Fitting problem for feature 1681 returning NA
2026-01-11 15:28:25.561792 INFO::Fitting model to feature number 1682, Howiella sp022791355
2026-01-11 15:28:25.567413 INFO::Fitting model to feature number 1683, QXXE01 sp910589115
2026-01-11 15:28:25.569873 WARNING::Fitting problem for feature 1683 returning NA
2026-01-11 15:28:25.572659 INFO::Fitting model to feature number 1684, Anaerocaecibacter sp910587805
2026-01-11 15:28:25.578706 INFO::Fitting model to feature number 1685, Ventricola sp900542395
2026-01-11 15:28:25.59452 WARNING::Fitting problem for feature 1685 returning NA
2026-01-11 15:28:25.598581 INFO::Fitting model to feature number 1686, MGYG000330825
2026-01-11 15:28:25.601522 WARNING::Fitting problem for feature 1686 returning NA
2026-01-11 15:28:25.603343 INFO::Fitting model to feature number 1687, MGYG000376566
2026-01-11 15:28:25.607879 INFO::Fitting model to feature number 1688, CAG-267 sp910576955
2026-01-11 15:28:25.612457 INFO::Fitting model to feature number 1689, MGYG000335208
2026-01-11 15:28:25.614791 WARNING::Fitting problem for feature 1689 returning NA
2026-01-11 15:28:25.617563 INFO::Fitting model to feature number 1690, MGYG000326756
2026-01-11 15:28:25.620112 WARNING::Fitting problem for feature 1690 returning NA
2026-01-11 15:28:25.622108 INFO::Fitting model to feature number 1691, Longicatena caecimuris
2026-01-11 15:28:25.625772 INFO::Fitting model to feature number 1692, MGYG000324718
2026-01-11 15:28:25.629127 INFO::Fitting model to feature number 1693, MGYG000326954
2026-01-11 15:28:25.632696 INFO::Fitting model to feature number 1694, Coproplasma sp910578655
2026-01-11 15:28:25.636299 INFO::Fitting model to feature number 1695, Parabacteroides faecavium
2026-01-11 15:28:25.642047 INFO::Fitting model to feature number 1696, MGYG000325474
2026-01-11 15:28:25.64762 INFO::Fitting model to feature number 1697, Gallimonas sp910588465
2026-01-11 15:28:25.653652 INFO::Fitting model to feature number 1698, Ralstonia pickettii_B
2026-01-11 15:28:25.656389 WARNING::Fitting problem for feature 1698 returning NA
2026-01-11 15:28:25.658523 INFO::Fitting model to feature number 1699, MGYG000327731
2026-01-11 15:28:25.661235 WARNING::Fitting problem for feature 1699 returning NA
2026-01-11 15:28:25.663544 INFO::Fitting model to feature number 1700, MGYG000325340
2026-01-11 15:28:25.66691 WARNING::Fitting problem for feature 1700 returning NA
2026-01-11 15:28:25.669086 INFO::Fitting model to feature number 1701, MGYG000325552
2026-01-11 15:28:25.672093 INFO::Fitting model to feature number 1702, MGYG000374819
2026-01-11 15:28:25.675272 INFO::Fitting model to feature number 1703, MGYG000325616
2026-01-11 15:28:25.677862 WARNING::Fitting problem for feature 1703 returning NA
2026-01-11 15:28:25.680053 INFO::Fitting model to feature number 1704, Butyribacter sp910577825
2026-01-11 15:28:25.683973 INFO::Fitting model to feature number 1705, MGYG000328455
2026-01-11 15:28:25.688882 INFO::Fitting model to feature number 1706, MGYG000329982
2026-01-11 15:28:25.693635 INFO::Fitting model to feature number 1707, MGYG000329041
2026-01-11 15:28:25.698266 INFO::Fitting model to feature number 1708, MGYG000331355
2026-01-11 15:28:25.702682 INFO::Fitting model to feature number 1709, VSOB01 sp910585205
2026-01-11 15:28:25.708634 INFO::Fitting model to feature number 1710, MGYG000324619
2026-01-11 15:28:25.712322 INFO::Fitting model to feature number 1711, MGYG000325654
2026-01-11 15:28:25.71621 INFO::Fitting model to feature number 1712, MGYG000330463
2026-01-11 15:28:25.719478 WARNING::Fitting problem for feature 1712 returning NA
2026-01-11 15:28:25.721709 INFO::Fitting model to feature number 1713, MGYG000322973
2026-01-11 15:28:25.724711 INFO::Fitting model to feature number 1714, Robinsoniella sp900555455
2026-01-11 15:28:25.727144 WARNING::Fitting problem for feature 1714 returning NA
2026-01-11 15:28:25.729052 INFO::Fitting model to feature number 1715, Lawsonibacter asaccharolyticus
2026-01-11 15:28:25.731357 WARNING::Fitting problem for feature 1715 returning NA
2026-01-11 15:28:25.733618 INFO::Fitting model to feature number 1716, Enterenecus sp932222125
2026-01-11 15:28:25.736512 WARNING::Fitting problem for feature 1716 returning NA
2026-01-11 15:28:25.7391 INFO::Fitting model to feature number 1717, MGYG000330031
2026-01-11 15:28:25.742966 WARNING::Fitting problem for feature 1717 returning NA
2026-01-11 15:28:25.745768 INFO::Fitting model to feature number 1718, MGYG000327784
2026-01-11 15:28:25.748534 INFO::Fitting model to feature number 1719, MGYG000336017
2026-01-11 15:28:25.752713 INFO::Fitting model to feature number 1720, MGYG000410450
2026-01-11 15:28:25.755864 INFO::Fitting model to feature number 1721, MGYG000390383
2026-01-11 15:28:25.759548 INFO::Fitting model to feature number 1722, MGYG000322982
2026-01-11 15:28:25.763774 INFO::Fitting model to feature number 1723, CAG-170 sp900553545
2026-01-11 15:28:25.76728 WARNING::Fitting problem for feature 1723 returning NA
2026-01-11 15:28:25.769954 INFO::Fitting model to feature number 1724, Oscillibacter sp002455655
2026-01-11 15:28:25.773124 WARNING::Fitting problem for feature 1724 returning NA
2026-01-11 15:28:25.775533 INFO::Fitting model to feature number 1725, MGYG000325106
2026-01-11 15:28:25.778792 INFO::Fitting model to feature number 1726, Angelakisella sp022794295
2026-01-11 15:28:25.782603 INFO::Fitting model to feature number 1727, UBA3818 sp910578255
2026-01-11 15:28:25.785551 WARNING::Fitting problem for feature 1727 returning NA
2026-01-11 15:28:25.787395 INFO::Fitting model to feature number 1728, MGYG000325720
2026-01-11 15:28:25.790314 INFO::Fitting model to feature number 1729, MGYG000326653
2026-01-11 15:28:25.793127 INFO::Fitting model to feature number 1730, Ruminococcus_C sp000433635
2026-01-11 15:28:25.795953 INFO::Fitting model to feature number 1731, Harryflintia sp022792175
2026-01-11 15:28:25.798306 WARNING::Fitting problem for feature 1731 returning NA
2026-01-11 15:28:25.800859 INFO::Fitting model to feature number 1732, MGYG000410206
2026-01-11 15:28:25.803882 INFO::Fitting model to feature number 1733, MGYG000410157
2026-01-11 15:28:25.807386 INFO::Fitting model to feature number 1734, Fimimonas sp910586625
2026-01-11 15:28:25.811647 INFO::Fitting model to feature number 1735, MGYG000344714
2026-01-11 15:28:25.817754 INFO::Fitting model to feature number 1736, MGYG000324647
2026-01-11 15:28:25.821144 WARNING::Fitting problem for feature 1736 returning NA
2026-01-11 15:28:25.824434 INFO::Fitting model to feature number 1737, MGYG000409944
2026-01-11 15:28:25.82939 INFO::Fitting model to feature number 1738, MGYG000377617
2026-01-11 15:28:25.833302 WARNING::Fitting problem for feature 1738 returning NA
2026-01-11 15:28:25.836932 INFO::Fitting model to feature number 1739, MGYG000325091
2026-01-11 15:28:25.840914 INFO::Fitting model to feature number 1740, Atopostipes sp910588235
2026-01-11 15:28:25.847667 INFO::Fitting model to feature number 1741, MGYG000325609
2026-01-11 15:28:25.85191 INFO::Fitting model to feature number 1742, Cryptobacteroides sp000434935
2026-01-11 15:28:25.855705 INFO::Fitting model to feature number 1743, MGBC119817 sp910585335
2026-01-11 15:28:25.859803 INFO::Fitting model to feature number 1744, MGYG000325369
2026-01-11 15:28:25.863332 WARNING::Fitting problem for feature 1744 returning NA
2026-01-11 15:28:25.865391 INFO::Fitting model to feature number 1745, MGYG000325412
2026-01-11 15:28:25.871022 INFO::Fitting model to feature number 1746, MGYG000329682
2026-01-11 15:28:25.874017 INFO::Fitting model to feature number 1747, MGYG000323975
2026-01-11 15:28:25.876811 INFO::Fitting model to feature number 1748, MGYG000330936
2026-01-11 15:28:25.880245 INFO::Fitting model to feature number 1749, Alistipes shahii
2026-01-11 15:28:25.88417 INFO::Fitting model to feature number 1750, Eisenbergiella sp900066775
2026-01-11 15:28:25.887743 INFO::Fitting model to feature number 1751, Murimonas intestini
2026-01-11 15:28:25.891274 INFO::Fitting model to feature number 1752, Mediterraneibacter torques
2026-01-11 15:28:25.894901 INFO::Fitting model to feature number 1753, Caccousia sp900752115
2026-01-11 15:28:25.897905 INFO::Fitting model to feature number 1754, MGYG000327130
2026-01-11 15:28:25.901431 INFO::Fitting model to feature number 1755, Klebsiella pneumoniae
2026-01-11 15:28:25.90621 INFO::Fitting model to feature number 1756, Citrobacter_A sedlakii
2026-01-11 15:28:25.911349 INFO::Fitting model to feature number 1757, Proteus faecis
2026-01-11 15:28:25.916398 INFO::Fitting model to feature number 1758, Paraprevotella sp910584955
2026-01-11 15:28:25.919542 WARNING::Fitting problem for feature 1758 returning NA
2026-01-11 15:28:25.921892 INFO::Fitting model to feature number 1759, Paraprevotella clara
2026-01-11 15:28:25.92487 WARNING::Fitting problem for feature 1759 returning NA
2026-01-11 15:28:25.927263 INFO::Fitting model to feature number 1760, RUG572 sp900547945
2026-01-11 15:28:25.930159 WARNING::Fitting problem for feature 1760 returning NA
2026-01-11 15:28:25.932546 INFO::Fitting model to feature number 1761, Streptococcus thermophilus
2026-01-11 15:28:25.935932 INFO::Fitting model to feature number 1762, MGYG000392040
2026-01-11 15:28:25.938906 INFO::Fitting model to feature number 1763, MGYG000336888
2026-01-11 15:28:25.9418 INFO::Fitting model to feature number 1764, MGYG000323672
2026-01-11 15:28:25.944712 INFO::Fitting model to feature number 1765, Streptococcus sp000187445
2026-01-11 15:28:25.947655 INFO::Fitting model to feature number 1766, Mycobacterium aubagnense
2026-01-11 15:28:25.951222 INFO::Fitting model to feature number 1767, Pseudomonas_E shahriarae
2026-01-11 15:28:26.117581 INFO::Performing tests against medians
2026-01-11 15:28:46.341313 INFO::Counting total values for each feature
2026-01-11 15:28:46.500596 INFO::Running the logistic model component
2026-01-11 15:28:46.506182 DEBUG::Object: augment, Size: 56
2026-01-11 15:28:46.506786 DEBUG::Object: cluster, Size: 0
2026-01-11 15:28:46.507211 DEBUG::Object: cores, Size: 56
2026-01-11 15:28:46.50757 DEBUG::Object: correction, Size: 112
2026-01-11 15:28:46.507911 DEBUG::Object: extract_out, Size: 1976
2026-01-11 15:28:46.50824 DEBUG::Object: feature_specific_covariate, Size: 0
2026-01-11 15:28:46.508557 DEBUG::Object: feature_specific_covariate_name, Size: 0
2026-01-11 15:28:46.508871 DEBUG::Object: feature_specific_covariate_record, Size: 0
2026-01-11 15:28:46.509284 DEBUG::Object: features, Size: 814192
2026-01-11 15:28:46.509606 DEBUG::Object: formula, Size: 1568
2026-01-11 15:28:46.509939 DEBUG::Object: fun_list, Size: 70920
2026-01-11 15:28:46.510413 DEBUG::Object: func_to_run, Size: 435336
2026-01-11 15:28:46.510759 DEBUG::Object: groups, Size: 48
2026-01-11 15:28:46.511097 DEBUG::Object: median_comparison, Size: 56
2026-01-11 15:28:46.511335 DEBUG::Object: median_comparison_threshold, Size: 56
2026-01-11 15:28:46.511564 DEBUG::Object: metadata, Size: 13664
2026-01-11 15:28:46.5118 DEBUG::Object: model, Size: 120
2026-01-11 15:28:46.512034 DEBUG::Object: model_function, Size: 21016
2026-01-11 15:28:46.512267 DEBUG::Object: ordereds, Size: 48
2026-01-11 15:28:46.512478 DEBUG::Object: random_effects_formula, Size: 0
2026-01-11 15:28:46.512741 DEBUG::Object: ranef_function, Size: 0
2026-01-11 15:28:46.512989 DEBUG::Object: save_models, Size: 56
2026-01-11 15:28:46.513202 DEBUG::Object: small_random_effects, Size: 56
2026-01-11 15:28:46.513413 DEBUG::Object: strata, Size: 48
2026-01-11 15:28:46.513636 DEBUG::Object: subtract_median, Size: 56
2026-01-11 15:28:46.513865 DEBUG::Object: summary_function, Size: 49424
2026-01-11 15:28:46.514195 DEBUG::Object: func_to_run, Size: 435336
2026-01-11 15:28:46.514494 INFO::Fitting model to feature number 1, Akkermansia muciniphila_A
2026-01-11 15:28:46.516646 INFO::Fitting model to feature number 2, Akkermansia muciniphila
2026-01-11 15:28:46.518876 INFO::Fitting model to feature number 3, Faecalibaculum rodentium
2026-01-11 15:28:46.52089 INFO::Fitting model to feature number 4, Pelethenecus sp910579215
2026-01-11 15:28:46.534526 INFO::Fitting model to feature number 5, MGYG000325581
2026-01-11 15:28:46.541968 INFO::Fitting model to feature number 6, Alistipes finegoldii
2026-01-11 15:28:46.543831 INFO::Fitting model to feature number 7, MGYG000325477
2026-01-11 15:28:46.551183 INFO::Fitting model to feature number 8, Paramuribaculum sp001689535
2026-01-11 15:28:46.559813 INFO::Fitting model to feature number 9, Paramuribaculum sp910587425
2026-01-11 15:28:46.569005 INFO::Fitting model to feature number 10, Muribaculum intestinale
2026-01-11 15:28:46.577831 INFO::Fitting model to feature number 11, NM07-P-09 sp004793925
2026-01-11 15:28:46.579653 INFO::Fitting model to feature number 12, ZJ304 sp910584145
2026-01-11 15:28:46.589096 INFO::Fitting model to feature number 13, Bifidobacterium globosum
2026-01-11 15:28:46.598461 INFO::Fitting model to feature number 14, MGYG000333678
2026-01-11 15:28:46.601519 INFO::Fitting model to feature number 15, Schaedlerella sp910575475
2026-01-11 15:28:46.612132 INFO::Fitting model to feature number 16, Lawsonibacter sp910588635
2026-01-11 15:28:46.614788 INFO::Fitting model to feature number 17, MGBC122484 sp910587055
2026-01-11 15:28:46.625521 INFO::Fitting model to feature number 18, Desulfovibrio sp009773975
2026-01-11 15:28:46.628221 INFO::Fitting model to feature number 19, NM07-P-09 sp004793665
2026-01-11 15:28:46.63741 INFO::Fitting model to feature number 20, MGBC105563 sp910579165
2026-01-11 15:28:46.646535 INFO::Fitting model to feature number 21, MGYG000327895
2026-01-11 15:28:46.654857 INFO::Fitting model to feature number 22, Paratractidigestivibacter faecalis
2026-01-11 15:28:46.661736 INFO::Fitting model to feature number 23, Paratractidigestivibacter sp900540955
2026-01-11 15:28:46.669191 INFO::Fitting model to feature number 24, MGYG000330582
2026-01-11 15:28:46.675926 INFO::Fitting model to feature number 25, MGYG000329032
2026-01-11 15:28:46.682802 INFO::Fitting model to feature number 26, Adlercreutzia muris
2026-01-11 15:28:46.689896 INFO::Fitting model to feature number 27, Adlercreutzia caecimuris
2026-01-11 15:28:46.696455 INFO::Fitting model to feature number 28, Adlercreutzia mucosicola
2026-01-11 15:28:46.703788 INFO::Fitting model to feature number 29, MGYG000329825
2026-01-11 15:28:46.710348 INFO::Fitting model to feature number 30, Adlercreutzia hattorii
2026-01-11 15:28:46.71779 INFO::Fitting model to feature number 31, Adlercreutzia sp910589165
2026-01-11 15:28:46.724441 INFO::Fitting model to feature number 32, MGYG000329537
2026-01-11 15:28:46.731551 INFO::Fitting model to feature number 33, MGYG000327852
2026-01-11 15:28:46.740136 INFO::Fitting model to feature number 34, Adlercreutzia sp910585575
2026-01-11 15:28:46.748744 INFO::Fitting model to feature number 35, MGBC163016 sp910588205
2026-01-11 15:28:46.757667 INFO::Fitting model to feature number 36, MGBC163016 sp910589135
2026-01-11 15:28:46.765164 INFO::Fitting model to feature number 37, MGBC163016 sp910588945
2026-01-11 15:28:46.773182 INFO::Fitting model to feature number 38, MGBC163016 sp910588905
2026-01-11 15:28:46.780619 INFO::Fitting model to feature number 39, MGYG000329984
2026-01-11 15:28:46.78878 INFO::Fitting model to feature number 40, MGYG000328464
2026-01-11 15:28:46.796459 INFO::Fitting model to feature number 41, MGYG000366993
2026-01-11 15:28:46.804803 INFO::Fitting model to feature number 42, MGBC163016 sp910585565
2026-01-11 15:28:46.812288 INFO::Fitting model to feature number 43, MGBC163016 sp910589125
2026-01-11 15:28:46.82059 INFO::Fitting model to feature number 44, MGYG000328353
2026-01-11 15:28:46.829027 INFO::Fitting model to feature number 45, MGBC163016 sp910580205
2026-01-11 15:28:46.836683 INFO::Fitting model to feature number 46, MGBC163016 sp910588985
2026-01-11 15:28:46.844633 INFO::Fitting model to feature number 47, MGBC163016 sp910588435
2026-01-11 15:28:46.856345 INFO::Fitting model to feature number 48, D16-63 sp910588095
2026-01-11 15:28:46.865674 INFO::Fitting model to feature number 49, MGYG000328321
2026-01-11 15:28:46.874767 INFO::Fitting model to feature number 50, MGYG000410711
2026-01-11 15:28:46.88338 INFO::Fitting model to feature number 51, Enterorhabdus sp009911695
2026-01-11 15:28:46.891508 INFO::Fitting model to feature number 52, MGYG000329834
2026-01-11 15:28:46.903053 INFO::Fitting model to feature number 53, Enterorhabdus sp910589695
2026-01-11 15:28:46.911368 INFO::Fitting model to feature number 54, D16-34 sp910575165
2026-01-11 15:28:46.92084 INFO::Fitting model to feature number 55, D16-34 sp003612515
2026-01-11 15:28:46.932042 INFO::Fitting model to feature number 56, D16-34 sp910577495
2026-01-11 15:28:46.940453 INFO::Fitting model to feature number 57, ZJ304 sp943192905
2026-01-11 15:28:46.948391 INFO::Fitting model to feature number 58, MGYG000401219
2026-01-11 15:28:46.957357 INFO::Fitting model to feature number 59, Parvibacter caecicola
2026-01-11 15:28:46.989694 INFO::Fitting model to feature number 60, Parvibacter sp910587945
2026-01-11 15:28:47.002172 INFO::Fitting model to feature number 61, MGYG000329896
2026-01-11 15:28:47.013722 INFO::Fitting model to feature number 62, Parvibacter sp910588725
2026-01-11 15:28:47.024192 INFO::Fitting model to feature number 63, MGYG000328306
2026-01-11 15:28:47.032965 INFO::Fitting model to feature number 64, MGYG000328451
2026-01-11 15:28:47.0431 INFO::Fitting model to feature number 65, Anaerotardibacter sp000435675
2026-01-11 15:28:47.052907 INFO::Fitting model to feature number 66, Anaerotardibacter sp900753095
2026-01-11 15:28:47.061412 INFO::Fitting model to feature number 67, Gordonibacter pamelaeae
2026-01-11 15:28:47.070911 INFO::Fitting model to feature number 68, Eggerthella lenta
2026-01-11 15:28:47.080343 INFO::Fitting model to feature number 69, Ellagibacter isourolithinifaciens
2026-01-11 15:28:47.088941 INFO::Fitting model to feature number 70, Senegalimassilia faecalis
2026-01-11 15:28:47.097023 INFO::Fitting model to feature number 71, Slackia_A isoflavoniconvertens
2026-01-11 15:28:47.105642 INFO::Fitting model to feature number 72, Collinsella aerofaciens_J
2026-01-11 15:28:47.112663 INFO::Fitting model to feature number 73, Enorma burkinafasonensis
2026-01-11 15:28:47.120345 INFO::Fitting model to feature number 74, MGYG000410812
2026-01-11 15:28:47.127447 INFO::Fitting model to feature number 75, UMGS124 sp900555105
2026-01-11 15:28:47.135168 INFO::Fitting model to feature number 76, Bifidobacterium animalis
2026-01-11 15:28:47.142135 INFO::Fitting model to feature number 77, Bifidobacterium adolescentis
2026-01-11 15:28:47.14928 INFO::Fitting model to feature number 78, Bifidobacterium pseudocatenulatum
2026-01-11 15:28:47.156551 INFO::Fitting model to feature number 79, Bifidobacterium bifidum
2026-01-11 15:28:47.163378 INFO::Fitting model to feature number 80, Bifidobacterium longum
2026-01-11 15:28:47.170871 INFO::Fitting model to feature number 81, MGYG000329693
2026-01-11 15:28:47.177601 INFO::Fitting model to feature number 82, Paramuribaculum intestinale
2026-01-11 15:28:47.185155 INFO::Fitting model to feature number 83, Paramuribaculum sp001689565
2026-01-11 15:28:47.192111 INFO::Fitting model to feature number 84, Paramuribaculum sp910579675
2026-01-11 15:28:47.198999 INFO::Fitting model to feature number 85, MGYG000329858
2026-01-11 15:28:47.206235 INFO::Fitting model to feature number 86, Paramuribaculum sp910578805
2026-01-11 15:28:47.213053 INFO::Fitting model to feature number 87, MGYG000325717
2026-01-11 15:28:47.220468 INFO::Fitting model to feature number 88, Paramuribaculum sp910579185
2026-01-11 15:28:47.227773 INFO::Fitting model to feature number 89, MGYG000329300
2026-01-11 15:28:47.236657 INFO::Fitting model to feature number 90, Paramuribaculum sp009775605
2026-01-11 15:28:47.244888 INFO::Fitting model to feature number 91, Paramuribaculum sp910586475
2026-01-11 15:28:47.254077 INFO::Fitting model to feature number 92, MGYG000325727
2026-01-11 15:28:47.265015 INFO::Fitting model to feature number 93, Paramuribaculum sp910588065
2026-01-11 15:28:47.277975 INFO::Fitting model to feature number 94, Paramuribaculum sp910578305
2026-01-11 15:28:47.287844 INFO::Fitting model to feature number 95, Paramuribaculum sp910587185
2026-01-11 15:28:47.299 INFO::Fitting model to feature number 96, Paramuribaculum sp910577465
2026-01-11 15:28:47.308217 INFO::Fitting model to feature number 97, Paramuribaculum sp910586895
2026-01-11 15:28:47.319219 INFO::Fitting model to feature number 98, Paramuribaculum sp910589095
2026-01-11 15:28:47.32701 INFO::Fitting model to feature number 99, Paramuribaculum sp014800945
2026-01-11 15:28:47.33674 INFO::Fitting model to feature number 100, MGYG000325457
2026-01-11 15:28:47.346102 INFO::Fitting model to feature number 101, Paramuribaculum sp014802045
2026-01-11 15:28:47.356519 INFO::Fitting model to feature number 102, MGYG000325750
2026-01-11 15:28:47.367097 INFO::Fitting model to feature number 103, MGYG000325361
2026-01-11 15:28:47.374841 INFO::Fitting model to feature number 104, Paramuribaculum sp014801865
2026-01-11 15:28:47.38333 INFO::Fitting model to feature number 105, Paramuribaculum sp014801655
2026-01-11 15:28:47.390945 INFO::Fitting model to feature number 106, MGYG000325540
2026-01-11 15:28:47.397899 INFO::Fitting model to feature number 107, Duncaniella sp910576785
2026-01-11 15:28:47.40544 INFO::Fitting model to feature number 108, Duncaniella dubosii
2026-01-11 15:28:47.412093 INFO::Fitting model to feature number 109, Duncaniella sp910589485
2026-01-11 15:28:47.419682 INFO::Fitting model to feature number 110, Duncaniella sp001689575
2026-01-11 15:28:47.426464 INFO::Fitting model to feature number 111, Duncaniella muris
2026-01-11 15:28:47.433485 INFO::Fitting model to feature number 112, Duncaniella sp910578445
2026-01-11 15:28:47.44068 INFO::Fitting model to feature number 113, Duncaniella freteri
2026-01-11 15:28:47.447651 INFO::Fitting model to feature number 114, Duncaniella sp910578515
2026-01-11 15:28:47.454978 INFO::Fitting model to feature number 115, Duncaniella sp910577255
2026-01-11 15:28:47.461758 INFO::Fitting model to feature number 116, Duncaniella sp910577345
2026-01-11 15:28:47.469234 INFO::Fitting model to feature number 117, Duncaniella sp910577335
2026-01-11 15:28:47.476037 INFO::Fitting model to feature number 118, MGYG000325799
2026-01-11 15:28:47.482919 INFO::Fitting model to feature number 119, Duncaniella sp014802345
2026-01-11 15:28:47.490884 INFO::Fitting model to feature number 120, Duncaniella sp910578615
2026-01-11 15:28:47.500072 INFO::Fitting model to feature number 121, MGYG000325465
2026-01-11 15:28:47.510453 INFO::Fitting model to feature number 122, Duncaniella sp910586305
2026-01-11 15:28:47.524466 INFO::Fitting model to feature number 123, Duncaniella sp001689495
2026-01-11 15:28:47.534745 INFO::Fitting model to feature number 124, MGYG000327170
2026-01-11 15:28:47.546049 INFO::Fitting model to feature number 125, Duncaniella sp910584825
2026-01-11 15:28:47.557802 INFO::Fitting model to feature number 126, Duncaniella sp910587165
2026-01-11 15:28:47.569328 INFO::Fitting model to feature number 127, MGYG000325518
2026-01-11 15:28:47.580993 INFO::Fitting model to feature number 128, Duncaniella sp002494015
2026-01-11 15:28:47.592676 INFO::Fitting model to feature number 129, Duncaniella sp910587515
2026-01-11 15:28:47.601798 INFO::Fitting model to feature number 130, Duncaniella sp910586665
2026-01-11 15:28:47.613141 INFO::Fitting model to feature number 131, Duncaniella sp014801945
2026-01-11 15:28:47.623775 INFO::Fitting model to feature number 132, Duncaniella sp910588795
2026-01-11 15:28:47.635414 INFO::Fitting model to feature number 133, Duncaniella sp001701225
2026-01-11 15:28:47.645982 INFO::Fitting model to feature number 134, Duncaniella sp014802325
2026-01-11 15:28:47.656979 INFO::Fitting model to feature number 135, Duncaniella sp014802015
2026-01-11 15:28:47.665298 INFO::Fitting model to feature number 136, MGYG000325456
2026-01-11 15:28:47.67563 INFO::Fitting model to feature number 137, MGYG000325723
2026-01-11 15:28:47.687782 INFO::Fitting model to feature number 138, MGYG000325575
2026-01-11 15:28:47.698303 INFO::Fitting model to feature number 139, MGYG000325671
2026-01-11 15:28:47.707037 INFO::Fitting model to feature number 140, CAG-873 sp009775135
2026-01-11 15:28:47.715059 INFO::Fitting model to feature number 141, CAG-873 sp002490635
2026-01-11 15:28:47.725824 INFO::Fitting model to feature number 142, MGYG000328238
2026-01-11 15:28:47.7374 INFO::Fitting model to feature number 143, CAG-873 sp009775265
2026-01-11 15:28:47.748086 INFO::Fitting model to feature number 144, CAG-873 sp011959565
2026-01-11 15:28:47.758833 INFO::Fitting model to feature number 145, CAG-873 sp910578365
2026-01-11 15:28:47.766356 INFO::Fitting model to feature number 146, CAG-873 sp910587235
2026-01-11 15:28:47.774648 INFO::Fitting model to feature number 147, CAG-873 sp009775225
2026-01-11 15:28:47.782739 INFO::Fitting model to feature number 148, CAG-873 sp009775535
2026-01-11 15:28:47.791678 INFO::Fitting model to feature number 149, CAG-873 sp910577315
2026-01-11 15:28:47.800766 INFO::Fitting model to feature number 150, CAG-873 sp910584905
2026-01-11 15:28:47.809201 INFO::Fitting model to feature number 151, CAG-873 sp910587545
2026-01-11 15:28:47.819263 INFO::Fitting model to feature number 152, CAG-873 sp910586455
2026-01-11 15:28:47.8275 INFO::Fitting model to feature number 153, MGYG000324412
2026-01-11 15:28:47.836626 INFO::Fitting model to feature number 154, CAG-873 sp910587915
2026-01-11 15:28:47.845399 INFO::Fitting model to feature number 155, CAG-873 sp001689665
2026-01-11 15:28:47.857191 INFO::Fitting model to feature number 156, CAG-873 sp017624155
2026-01-11 15:28:47.868687 INFO::Fitting model to feature number 157, MGYG000329414
2026-01-11 15:28:47.877157 INFO::Fitting model to feature number 158, CAG-873 sp910578095
2026-01-11 15:28:47.885859 INFO::Fitting model to feature number 159, CAG-873 sp910586975
2026-01-11 15:28:47.893903 INFO::Fitting model to feature number 160, CAG-873 sp001689415
2026-01-11 15:28:47.902599 INFO::Fitting model to feature number 161, MGYG000325453
2026-01-11 15:28:47.911208 INFO::Fitting model to feature number 162, CAG-873 sp910587475
2026-01-11 15:28:47.921117 INFO::Fitting model to feature number 163, CAG-873 sp900550395
2026-01-11 15:28:47.93156 INFO::Fitting model to feature number 164, MGYG000325639
2026-01-11 15:28:47.940889 INFO::Fitting model to feature number 165, CAG-873 sp910576935
2026-01-11 15:28:47.949244 INFO::Fitting model to feature number 166, MGYG000328998
2026-01-11 15:28:47.958816 INFO::Fitting model to feature number 167, CAG-873 sp910578035
2026-01-11 15:28:47.970006 INFO::Fitting model to feature number 168, MGYG000322997
2026-01-11 15:28:47.981943 INFO::Fitting model to feature number 169, MGYG000325431
2026-01-11 15:28:47.995009 INFO::Fitting model to feature number 170, CAG-873 sp905202215
2026-01-11 15:28:48.007916 INFO::Fitting model to feature number 171, CAG-873 sp009775195
2026-01-11 15:28:48.020347 INFO::Fitting model to feature number 172, CAG-873 sp910586995
2026-01-11 15:28:48.032336 INFO::Fitting model to feature number 173, CAG-873 sp910577355
2026-01-11 15:28:48.044876 INFO::Fitting model to feature number 174, MGYG000325570
2026-01-11 15:28:48.057552 INFO::Fitting model to feature number 175, MGYG000325620
2026-01-11 15:28:48.069911 INFO::Fitting model to feature number 176, CAG-873 sp001701165
2026-01-11 15:28:48.08182 INFO::Fitting model to feature number 177, MGYG000325469
2026-01-11 15:28:48.093139 INFO::Fitting model to feature number 178, CAG-873 sp003979155
2026-01-11 15:28:48.104573 INFO::Fitting model to feature number 179, MGYG000325729
2026-01-11 15:28:48.113232 INFO::Fitting model to feature number 180, CAG-873 sp910576775
2026-01-11 15:28:48.123306 INFO::Fitting model to feature number 181, MGYG000325342
2026-01-11 15:28:48.130888 INFO::Fitting model to feature number 182, MGYG000325463
2026-01-11 15:28:48.139156 INFO::Fitting model to feature number 183, CAG-873 sp910587355
2026-01-11 15:28:48.147562 INFO::Fitting model to feature number 184, CAG-873 sp910583525
2026-01-11 15:28:48.156709 INFO::Fitting model to feature number 185, MGYG000328958
2026-01-11 15:28:48.165289 INFO::Fitting model to feature number 186, MGYG000325379
2026-01-11 15:28:48.174441 INFO::Fitting model to feature number 187, CAG-873 sp910584495
2026-01-11 15:28:48.182632 INFO::Fitting model to feature number 188, CAG-873 sp910589055
2026-01-11 15:28:48.191647 INFO::Fitting model to feature number 189, CAG-873 sp910586595
2026-01-11 15:28:48.200412 INFO::Fitting model to feature number 190, MGYG000325473
2026-01-11 15:28:48.231606 INFO::Fitting model to feature number 191, CAG-873 sp910587925
2026-01-11 15:28:48.241935 INFO::Fitting model to feature number 192, CAG-873 sp900555715
2026-01-11 15:28:48.250456 INFO::Fitting model to feature number 193, CAG-873 sp002493945
2026-01-11 15:28:48.260224 INFO::Fitting model to feature number 194, CAG-873 sp002491245
2026-01-11 15:28:48.269497 INFO::Fitting model to feature number 195, MGYG000329571
2026-01-11 15:28:48.278756 INFO::Fitting model to feature number 196, MGYG000325537
2026-01-11 15:28:48.290987 INFO::Fitting model to feature number 197, CAG-485 sp009775365
2026-01-11 15:28:48.301188 INFO::Fitting model to feature number 198, CAG-485 sp002493045
2026-01-11 15:28:48.312814 INFO::Fitting model to feature number 199, CAG-485 sp009775355
2026-01-11 15:28:48.325539 INFO::Fitting model to feature number 200, CAG-485 sp002362485
2026-01-11 15:28:48.33573 INFO::Fitting model to feature number 201, CAG-485 sp002361215
2026-01-11 15:28:48.3474 INFO::Fitting model to feature number 202, CAG-485 sp002491945
2026-01-11 15:28:48.361046 INFO::Fitting model to feature number 203, CAG-485 sp002361155
2026-01-11 15:28:48.375356 INFO::Fitting model to feature number 204, MGYG000410771
2026-01-11 15:28:48.388352 INFO::Fitting model to feature number 205, MGYG000325582
2026-01-11 15:28:48.401889 INFO::Fitting model to feature number 206, CAG-485 sp002493515
2026-01-11 15:28:48.412116 INFO::Fitting model to feature number 207, CAG-485 sp003979075
2026-01-11 15:28:48.422749 INFO::Fitting model to feature number 208, CAG-485 sp001701295
2026-01-11 15:28:48.433062 INFO::Fitting model to feature number 209, MGYG000325475
2026-01-11 15:28:48.444396 INFO::Fitting model to feature number 210, MGYG000327930
2026-01-11 15:28:48.454273 INFO::Fitting model to feature number 211, CAG-485 sp910584055
2026-01-11 15:28:48.463201 INFO::Fitting model to feature number 212, MGYG000325569
2026-01-11 15:28:48.473649 INFO::Fitting model to feature number 213, CAG-485 sp910579845
2026-01-11 15:28:48.485035 INFO::Fitting model to feature number 214, CAG-485 sp910584125
2026-01-11 15:28:48.493963 INFO::Fitting model to feature number 215, CAG-485 sp910578385
2026-01-11 15:28:48.50384 INFO::Fitting model to feature number 216, MGYG000325346
2026-01-11 15:28:48.519764 INFO::Fitting model to feature number 217, MGYG000324474
2026-01-11 15:28:48.536777 INFO::Fitting model to feature number 218, CAG-485 sp910586175
2026-01-11 15:28:48.5515 INFO::Fitting model to feature number 219, MGYG000329437
2026-01-11 15:28:48.568671 INFO::Fitting model to feature number 220, MGYG000325442
2026-01-11 15:28:48.585849 INFO::Fitting model to feature number 221, CAG-485 sp910577585
2026-01-11 15:28:48.604739 INFO::Fitting model to feature number 222, CAG-485 sp009775375
2026-01-11 15:28:48.623802 INFO::Fitting model to feature number 223, MGYG000347897
2026-01-11 15:28:48.637127 INFO::Fitting model to feature number 224, CAG-485 sp910578075
2026-01-11 15:28:48.649278 INFO::Fitting model to feature number 225, CAG-485 sp900554845
2026-01-11 15:28:48.661629 INFO::Fitting model to feature number 226, CAG-485 sp910583775
2026-01-11 15:28:48.673315 INFO::Fitting model to feature number 227, MGYG000325760
2026-01-11 15:28:48.686769 INFO::Fitting model to feature number 228, MGYG000325660
2026-01-11 15:28:48.695196 INFO::Fitting model to feature number 229, CAG-485 sp910584545
2026-01-11 15:28:48.70445 INFO::Fitting model to feature number 230, MGYG000325658
2026-01-11 15:28:48.713207 INFO::Fitting model to feature number 231, CAG-485 sp910584525
2026-01-11 15:28:48.722649 INFO::Fitting model to feature number 232, CAG-485 sp910583795
2026-01-11 15:28:48.731511 INFO::Fitting model to feature number 233, CAG-485 sp910585275
2026-01-11 15:28:48.740891 INFO::Fitting model to feature number 234, MGYG000325481
2026-01-11 15:28:48.749861 INFO::Fitting model to feature number 235, CAG-485 sp910589425
2026-01-11 15:28:48.759329 INFO::Fitting model to feature number 236, CAG-485 sp910588245
2026-01-11 15:28:48.768284 INFO::Fitting model to feature number 237, CAG-485 sp014801815
2026-01-11 15:28:48.777039 INFO::Fitting model to feature number 238, MGYG000329106
2026-01-11 15:28:48.786265 INFO::Fitting model to feature number 239, MGYG000325458
2026-01-11 15:28:48.795216 INFO::Fitting model to feature number 240, MGYG000325710
2026-01-11 15:28:48.804504 INFO::Fitting model to feature number 241, MGYG000325738
2026-01-11 15:28:48.812862 INFO::Fitting model to feature number 242, MGYG000325560
2026-01-11 15:28:48.82238 INFO::Fitting model to feature number 243, CAG-485 sp910579305
2026-01-11 15:28:48.831286 INFO::Fitting model to feature number 244, MGYG000325644
2026-01-11 15:28:48.840368 INFO::Fitting model to feature number 245, CAG-485 sp900760815
2026-01-11 15:28:48.849064 INFO::Fitting model to feature number 246, MGYG000325315
2026-01-11 15:28:48.861837 INFO::Fitting model to feature number 247, MGYG000325633
2026-01-11 15:28:48.872103 INFO::Fitting model to feature number 248, MGYG000325436
2026-01-11 15:28:48.882643 INFO::Fitting model to feature number 249, MGYG000325715
2026-01-11 15:28:48.895274 INFO::Fitting model to feature number 250, MGYG000325350
2026-01-11 15:28:48.905694 INFO::Fitting model to feature number 251, MGYG000325747
2026-01-11 15:28:48.914165 INFO::Fitting model to feature number 252, MGYG000325437
2026-01-11 15:28:48.923345 INFO::Fitting model to feature number 253, CAG-485 sp014800895
2026-01-11 15:28:48.930852 INFO::Fitting model to feature number 254, MGYG000325541
2026-01-11 15:28:48.939343 INFO::Fitting model to feature number 255, MGYG000325479
2026-01-11 15:28:48.946775 INFO::Fitting model to feature number 256, CAG-485 sp910585285
2026-01-11 15:28:48.954566 INFO::Fitting model to feature number 257, CAG-485 sp910584185
2026-01-11 15:28:48.961912 INFO::Fitting model to feature number 258, MGYG000325680
2026-01-11 15:28:48.969773 INFO::Fitting model to feature number 259, MGYG000325622
2026-01-11 15:28:48.977646 INFO::Fitting model to feature number 260, MGYG000325425
2026-01-11 15:28:48.987764 INFO::Fitting model to feature number 261, MGYG000325415
2026-01-11 15:28:48.999048 INFO::Fitting model to feature number 262, CAG-485 sp900550645
2026-01-11 15:28:49.010232 INFO::Fitting model to feature number 263, MGYG000325597
2026-01-11 15:28:49.021144 INFO::Fitting model to feature number 264, MGYG000325446
2026-01-11 15:28:49.028888 INFO::Fitting model to feature number 265, MGYG000325721
2026-01-11 15:28:49.037856 INFO::Fitting model to feature number 266, Muribaculum gordoncarteri
2026-01-11 15:28:49.047131 INFO::Fitting model to feature number 267, Muribaculum sp009775095
2026-01-11 15:28:49.056668 INFO::Fitting model to feature number 268, Muribaculum sp002473395
2026-01-11 15:28:49.06631 INFO::Fitting model to feature number 269, Muribaculum faecis
2026-01-11 15:28:49.076493 INFO::Fitting model to feature number 270, MGYG000325310
2026-01-11 15:28:49.087009 INFO::Fitting model to feature number 271, Muribaculum sp910587665
2026-01-11 15:28:49.09931 INFO::Fitting model to feature number 272, Muribaculum sp001701195
2026-01-11 15:28:49.112034 INFO::Fitting model to feature number 273, Muribaculum sp910578785
2026-01-11 15:28:49.122261 INFO::Fitting model to feature number 274, Muribaculum sp910589555
2026-01-11 15:28:49.130743 INFO::Fitting model to feature number 275, Muribaculum arabinoxylanisolvens
2026-01-11 15:28:49.141357 INFO::Fitting model to feature number 276, Muribaculum sp003150235
2026-01-11 15:28:49.150038 INFO::Fitting model to feature number 277, MGYG000328540
2026-01-11 15:28:49.161655 INFO::Fitting model to feature number 278, Muribaculum sp910583865
2026-01-11 15:28:49.17105 INFO::Fitting model to feature number 279, Muribaculum sp910578835
2026-01-11 15:28:49.180043 INFO::Fitting model to feature number 280, Muribaculum sp001701065
2026-01-11 15:28:49.191271 INFO::Fitting model to feature number 281, MGYG000328957
2026-01-11 15:28:49.202874 INFO::Fitting model to feature number 282, UBA7173 sp001689485
2026-01-11 15:28:49.212413 INFO::Fitting model to feature number 283, UBA7173 sp001689685
2026-01-11 15:28:49.221787 INFO::Fitting model to feature number 284, UBA7173 sp002491305
2026-01-11 15:28:49.230606 INFO::Fitting model to feature number 285, UBA7173 sp013316675
2026-01-11 15:28:49.240488 INFO::Fitting model to feature number 286, MGYG000329847
2026-01-11 15:28:49.250939 INFO::Fitting model to feature number 287, UBA7173 sp013316535
2026-01-11 15:28:49.260577 INFO::Fitting model to feature number 288, UBA7173 sp910584365
2026-01-11 15:28:49.270674 INFO::Fitting model to feature number 289, UBA7173 sp910583675
2026-01-11 15:28:49.278539 INFO::Fitting model to feature number 290, MGYG000325674
2026-01-11 15:28:49.290301 INFO::Fitting model to feature number 291, UBA7173 sp910584735
2026-01-11 15:28:49.301663 INFO::Fitting model to feature number 292, UBA7173 sp900548705
2026-01-11 15:28:49.311167 INFO::Fitting model to feature number 293, UBA7173 sp910585755
2026-01-11 15:28:49.320493 INFO::Fitting model to feature number 294, UBA7173 sp910579105
2026-01-11 15:28:49.32985 INFO::Fitting model to feature number 295, UBA7173 sp910586565
2026-01-11 15:28:49.339852 INFO::Fitting model to feature number 296, UBA7173 sp900555165
2026-01-11 15:28:49.350758 INFO::Fitting model to feature number 297, UBA7173 sp910587075
2026-01-11 15:28:49.364239 INFO::Fitting model to feature number 298, MGYG000410332
2026-01-11 15:28:49.376398 INFO::Fitting model to feature number 299, MGYG000325632
2026-01-11 15:28:49.388705 INFO::Fitting model to feature number 300, MGYG000325803
2026-01-11 15:28:49.399867 INFO::Fitting model to feature number 301, JAFLTL01 sp910578395
2026-01-11 15:28:49.411389 INFO::Fitting model to feature number 302, MGYG000325590
2026-01-11 15:28:49.421552 INFO::Fitting model to feature number 303, UBA3263 sp001689615
2026-01-11 15:28:49.43169 INFO::Fitting model to feature number 304, MGYG000325470
2026-01-11 15:28:49.442992 INFO::Fitting model to feature number 305, UBA3263 sp002490725
2026-01-11 15:28:49.452523 INFO::Fitting model to feature number 306, MGYG000331010
2026-01-11 15:28:49.463756 INFO::Fitting model to feature number 307, UBA3263 sp014801955
2026-01-11 15:28:49.473759 INFO::Fitting model to feature number 308, MGYG000325619
2026-01-11 15:28:49.484734 INFO::Fitting model to feature number 309, MGYG000325600
2026-01-11 15:28:49.49781 INFO::Fitting model to feature number 310, MGYG000325598
2026-01-11 15:28:49.511278 INFO::Fitting model to feature number 311, JAGBWK01 sp001915385
2026-01-11 15:28:49.514627 INFO::Fitting model to feature number 312, JAGBWK01 sp004102805
2026-01-11 15:28:49.527431 INFO::Fitting model to feature number 313, MGYG000325382
2026-01-11 15:28:49.540493 INFO::Fitting model to feature number 314, MGYG000327564
2026-01-11 15:28:49.552839 INFO::Fitting model to feature number 315, MGYG000328504
2026-01-11 15:28:49.564026 INFO::Fitting model to feature number 316, JAAVFS01 sp910584665
2026-01-11 15:28:49.574458 INFO::Fitting model to feature number 317, MGYG000325322
2026-01-11 15:28:49.584059 INFO::Fitting model to feature number 318, MGYG000325435
2026-01-11 15:28:49.598159 INFO::Fitting model to feature number 319, CAJUPY01 sp910588035
2026-01-11 15:28:49.612394 INFO::Fitting model to feature number 320, MGYG000325343
2026-01-11 15:28:49.654708 INFO::Fitting model to feature number 321, CAJUPY01 sp014802535
2026-01-11 15:28:49.671364 INFO::Fitting model to feature number 322, MGYG000325663
2026-01-11 15:28:49.684096 INFO::Fitting model to feature number 323, M3 sp001689445
2026-01-11 15:28:49.697255 INFO::Fitting model to feature number 324, MGYG000328741
2026-01-11 15:28:49.709199 INFO::Fitting model to feature number 325, CAG-1031 sp000431215
2026-01-11 15:28:49.720423 INFO::Fitting model to feature number 326, Amulumruptor sp001689515
2026-01-11 15:28:49.728711 INFO::Fitting model to feature number 327, Amulumruptor sp900539915
2026-01-11 15:28:49.737847 INFO::Fitting model to feature number 328, Sodaliphilus sp004557565
2026-01-11 15:28:49.746945 INFO::Fitting model to feature number 329, Limisoma sp000437795
2026-01-11 15:28:49.756805 INFO::Fitting model to feature number 330, Bacteroides sp002491635
2026-01-11 15:28:49.766079 INFO::Fitting model to feature number 331, Bacteroides sp910578895
2026-01-11 15:28:49.776221 INFO::Fitting model to feature number 332, Bacteroides acidifaciens
2026-01-11 15:28:49.786883 INFO::Fitting model to feature number 333, Bacteroides caecimuris
2026-01-11 15:28:49.795924 INFO::Fitting model to feature number 334, Bacteroides sp910586915
2026-01-11 15:28:49.806084 INFO::Fitting model to feature number 335, Bacteroides uniformis
2026-01-11 15:28:49.817447 INFO::Fitting model to feature number 336, Bacteroides sp910585845
2026-01-11 15:28:49.82847 INFO::Fitting model to feature number 337, Bacteroides sp900765785
2026-01-11 15:28:49.838003 INFO::Fitting model to feature number 338, Bacteroides stercoris
2026-01-11 15:28:49.847609 INFO::Fitting model to feature number 339, MGYG000325585
2026-01-11 15:28:49.860088 INFO::Fitting model to feature number 340, Bacteroides nordii
2026-01-11 15:28:49.871572 INFO::Fitting model to feature number 341, Bacteroides congonensis
2026-01-11 15:28:49.88063 INFO::Fitting model to feature number 342, Bacteroides xylanisolvens
2026-01-11 15:28:49.890321 INFO::Fitting model to feature number 343, Bacteroides intestinalis
2026-01-11 15:28:49.901444 INFO::Fitting model to feature number 344, Bacteroides cellulosilyticus
2026-01-11 15:28:49.912702 INFO::Fitting model to feature number 345, Prevotella sp002933775
2026-01-11 15:28:49.923328 INFO::Fitting model to feature number 346, Prevotella muris
2026-01-11 15:28:49.934379 INFO::Fitting model to feature number 347, MGYG000325010
2026-01-11 15:28:49.946581 INFO::Fitting model to feature number 348, MGYG000325676
2026-01-11 15:28:49.959131 INFO::Fitting model to feature number 349, Prevotella sp013166515
2026-01-11 15:28:49.972342 INFO::Fitting model to feature number 350, Prevotella rodentium
2026-01-11 15:28:49.981506 INFO::Fitting model to feature number 351, Prevotella sp900545525
2026-01-11 15:28:49.990737 INFO::Fitting model to feature number 352, MGYG000325400
2026-01-11 15:28:49.999596 INFO::Fitting model to feature number 353, Prevotella intestinalis
2026-01-11 15:28:50.011523 INFO::Fitting model to feature number 354, Phocaeicola vulgatus
2026-01-11 15:28:50.021796 INFO::Fitting model to feature number 355, Phocaeicola sartorii
2026-01-11 15:28:50.033971 INFO::Fitting model to feature number 356, Phocaeicola sp011959205
2026-01-11 15:28:50.044409 INFO::Fitting model to feature number 357, Phocaeicola faecalis
2026-01-11 15:28:50.054604 INFO::Fitting model to feature number 358, Phocaeicola plebeius_A
2026-01-11 15:28:50.062896 INFO::Fitting model to feature number 359, Phocaeicola massiliensis
2026-01-11 15:28:50.072204 INFO::Fitting model to feature number 360, UBA4372 sp023665805
2026-01-11 15:28:50.080928 INFO::Fitting model to feature number 361, MGYG000325572
2026-01-11 15:28:50.090103 INFO::Fitting model to feature number 362, Alloprevotella sp009775705
2026-01-11 15:28:50.098528 INFO::Fitting model to feature number 363, Alloprevotella sp002933955
2026-01-11 15:28:50.108659 INFO::Fitting model to feature number 364, Paraprevotella sp900548345
2026-01-11 15:28:50.117625 INFO::Fitting model to feature number 365, Paraprevotella sp910586505
2026-01-11 15:28:50.126659 INFO::Fitting model to feature number 366, Alistipes sp002428825
2026-01-11 15:28:50.134911 INFO::Fitting model to feature number 367, Alistipes sp910587675
2026-01-11 15:28:50.143856 INFO::Fitting model to feature number 368, Alistipes timonensis
2026-01-11 15:28:50.153414 INFO::Fitting model to feature number 369, Alistipes sp910576555
2026-01-11 15:28:50.161897 INFO::Fitting model to feature number 370, Alistipes sp009774895
2026-01-11 15:28:50.170957 INFO::Fitting model to feature number 371, Alistipes sp002362235
2026-01-11 15:28:50.179464 INFO::Fitting model to feature number 372, Alistipes sp900552955
2026-01-11 15:28:50.188961 INFO::Fitting model to feature number 373, Alistipes sp910575495
2026-01-11 15:28:50.197455 INFO::Fitting model to feature number 374, Alistipes sp910577475
2026-01-11 15:28:50.206273 INFO::Fitting model to feature number 375, Alistipes sp002358415
2026-01-11 15:28:50.214763 INFO::Fitting model to feature number 376, Avirikenella sp910588925
2026-01-11 15:28:50.224185 INFO::Fitting model to feature number 377, MGYG000325667
2026-01-11 15:28:50.232713 INFO::Fitting model to feature number 378, Rikenella sp910577885
2026-01-11 15:28:50.243179 INFO::Fitting model to feature number 379, Parabacteroides distasonis
2026-01-11 15:28:50.255685 INFO::Fitting model to feature number 380, Parabacteroides goldsteinii
2026-01-11 15:28:50.270242 INFO::Fitting model to feature number 381, Parabacteroides sp900760525
2026-01-11 15:28:50.283455 INFO::Fitting model to feature number 382, Parabacteroides merdae
2026-01-11 15:28:50.29536 INFO::Fitting model to feature number 383, Odoribacter sp021771575
2026-01-11 15:28:50.308521 INFO::Fitting model to feature number 384, Odoribacter sp910578105
2026-01-11 15:28:50.323019 INFO::Fitting model to feature number 385, Odoribacter sp910589025
2026-01-11 15:28:50.334629 INFO::Fitting model to feature number 386, Butyricimonas virosa
2026-01-11 15:28:50.344624 INFO::Fitting model to feature number 387, Pullibacteroides sp910586395
2026-01-11 15:28:50.358079 INFO::Fitting model to feature number 388, Cryptobacteroides sp009774765
2026-01-11 15:28:50.372231 INFO::Fitting model to feature number 389, Cryptobacteroides sp910585445
2026-01-11 15:28:50.386282 INFO::Fitting model to feature number 390, Imtechella halotolerans
2026-01-11 15:28:50.399204 INFO::Fitting model to feature number 391, Faecalibaculum sp910588395
2026-01-11 15:28:50.412154 INFO::Fitting model to feature number 392, C-19 sp910576855
2026-01-11 15:28:50.426284 INFO::Fitting model to feature number 393, MGYG000329824
2026-01-11 15:28:50.439466 INFO::Fitting model to feature number 394, Ileibacterium valens
2026-01-11 15:28:50.45206 INFO::Fitting model to feature number 395, Dubosiella sp004793885
2026-01-11 15:28:50.464811 INFO::Fitting model to feature number 396, CAJTFG01 sp910575705
2026-01-11 15:28:50.477661 INFO::Fitting model to feature number 397, Thomasclavelia cocleata
2026-01-11 15:28:50.490721 INFO::Fitting model to feature number 398, Thomasclavelia ramosa
2026-01-11 15:28:50.503089 INFO::Fitting model to feature number 399, MGBC113645 sp910579135
2026-01-11 15:28:50.515814 INFO::Fitting model to feature number 400, Fimiplasma sp910588165
2026-01-11 15:28:50.528731 INFO::Fitting model to feature number 401, Lactobacillus intestinalis
2026-01-11 15:28:50.54189 INFO::Fitting model to feature number 402, Lactobacillus sp910589675
2026-01-11 15:28:50.545612 INFO::Fitting model to feature number 403, MGYG000329195
2026-01-11 15:28:50.558398 INFO::Fitting model to feature number 404, Lactobacillus taiwanensis
2026-01-11 15:28:50.569058 INFO::Fitting model to feature number 405, Lactobacillus amylovorus
2026-01-11 15:28:50.578762 INFO::Fitting model to feature number 406, MGYG000325525
2026-01-11 15:28:50.59155 INFO::Fitting model to feature number 407, MGYG000326943
2026-01-11 15:28:50.60493 INFO::Fitting model to feature number 408, Lactobacillus hominis
2026-01-11 15:28:50.615717 INFO::Fitting model to feature number 409, Lactobacillus acidophilus
2026-01-11 15:28:50.626703 INFO::Fitting model to feature number 410, MGYG000326944
2026-01-11 15:28:50.639585 INFO::Fitting model to feature number 411, Lactobacillus delbrueckii
2026-01-11 15:28:50.651047 INFO::Fitting model to feature number 412, Limosilactobacillus reuteri
2026-01-11 15:28:50.654464 INFO::Fitting model to feature number 413, Limosilactobacillus sp009663775
2026-01-11 15:28:50.657903 INFO::Fitting model to feature number 414, Limosilactobacillus fermentum
2026-01-11 15:28:50.67138 INFO::Fitting model to feature number 415, Limosilactobacillus equigenerosi
2026-01-11 15:28:50.685678 INFO::Fitting model to feature number 416, Limosilactobacillus portuensis
2026-01-11 15:28:50.699012 INFO::Fitting model to feature number 417, Ligilactobacillus murinus
2026-01-11 15:28:50.701711 INFO::Fitting model to feature number 418, Ligilactobacillus animalis
2026-01-11 15:28:50.713027 INFO::Fitting model to feature number 419, Ligilactobacillus sp910587695
2026-01-11 15:28:50.722003 INFO::Fitting model to feature number 420, Ligilactobacillus agilis
2026-01-11 15:28:50.732221 INFO::Fitting model to feature number 421, Pediococcus pentosaceus
2026-01-11 15:28:50.741377 INFO::Fitting model to feature number 422, Enterococcus faecalis
2026-01-11 15:28:50.750481 INFO::Fitting model to feature number 423, Turicibacter sp002311155
2026-01-11 15:28:50.759968 INFO::Fitting model to feature number 424, MGYG000380869
2026-01-11 15:28:50.768954 INFO::Fitting model to feature number 425, CAG-582 sp910577075
2026-01-11 15:28:50.777134 INFO::Fitting model to feature number 426, UBA5026 sp910576795
2026-01-11 15:28:50.784843 INFO::Fitting model to feature number 427, UBA5026 sp910586425
2026-01-11 15:28:50.793099 INFO::Fitting model to feature number 428, MGYG000330354
2026-01-11 15:28:50.801118 INFO::Fitting model to feature number 429, MGYG000338472
2026-01-11 15:28:50.809276 INFO::Fitting model to feature number 430, MGYG000329046
2026-01-11 15:28:50.818068 INFO::Fitting model to feature number 431, MGYG000331189
2026-01-11 15:28:50.827057 INFO::Fitting model to feature number 432, Mammaliicoccus lentus
2026-01-11 15:28:50.837736 INFO::Fitting model to feature number 433, Staphylococcus xylosus
2026-01-11 15:28:50.846199 INFO::Fitting model to feature number 434, MGYG000410805
2026-01-11 15:28:50.859249 INFO::Fitting model to feature number 435, Desulfovibrio sp910575755
2026-01-11 15:28:50.869584 INFO::Fitting model to feature number 436, Desulfovibrio sp910587035
2026-01-11 15:28:50.878281 INFO::Fitting model to feature number 437, Desulfovibrio sp910584445
2026-01-11 15:28:50.887322 INFO::Fitting model to feature number 438, MGYG000325668
2026-01-11 15:28:50.895528 INFO::Fitting model to feature number 439, Desulfovibrio sp900556755
2026-01-11 15:28:50.906165 INFO::Fitting model to feature number 440, Desulfovibrio sp905215675
2026-01-11 15:28:50.917964 INFO::Fitting model to feature number 441, MGYG000325515
2026-01-11 15:28:50.929833 INFO::Fitting model to feature number 442, Bilophila sp910585945
2026-01-11 15:28:50.940716 INFO::Fitting model to feature number 443, Bilophila faecipullorum
2026-01-11 15:28:50.950448 INFO::Fitting model to feature number 444, Bilophila sp902373525
2026-01-11 15:28:50.962023 INFO::Fitting model to feature number 445, Mailhella sp910579055
2026-01-11 15:28:50.973446 INFO::Fitting model to feature number 446, Mailhella excrementigallinarum
2026-01-11 15:28:50.9833 INFO::Fitting model to feature number 447, MGYG000399267
2026-01-11 15:28:50.992939 INFO::Fitting model to feature number 448, MGYG000410288
2026-01-11 15:28:51.001449 INFO::Fitting model to feature number 449, Schaedlerella sp910589385
2026-01-11 15:28:51.012087 INFO::Fitting model to feature number 450, Schaedlerella arabinosiphila
2026-01-11 15:28:51.015255 INFO::Fitting model to feature number 451, Schaedlerella sp009911175
2026-01-11 15:28:51.025543 INFO::Fitting model to feature number 452, MGYG000410694
2026-01-11 15:28:51.059637 INFO::Fitting model to feature number 453, Schaedlerella sp000403295
2026-01-11 15:28:51.071286 INFO::Fitting model to feature number 454, Schaedlerella sp910574865
2026-01-11 15:28:51.080353 INFO::Fitting model to feature number 455, Schaedlerella sp910574195
2026-01-11 15:28:51.089719 INFO::Fitting model to feature number 456, Schaedlerella sp943193195
2026-01-11 15:28:51.099682 INFO::Fitting model to feature number 457, Schaedlerella sp009774255
2026-01-11 15:28:51.111022 INFO::Fitting model to feature number 458, MGYG000328305
2026-01-11 15:28:51.12103 INFO::Fitting model to feature number 459, MD308 sp910575105
2026-01-11 15:28:51.129884 INFO::Fitting model to feature number 460, MD308 sp010206225
2026-01-11 15:28:51.139724 INFO::Fitting model to feature number 461, MGYG000323047
2026-01-11 15:28:51.150659 INFO::Fitting model to feature number 462, MD308 sp000403475
2026-01-11 15:28:51.160865 INFO::Fitting model to feature number 463, MGYG000326632
2026-01-11 15:28:51.169876 INFO::Fitting model to feature number 464, MD308 sp910578455
2026-01-11 15:28:51.179955 INFO::Fitting model to feature number 465, MD308 sp910586965
2026-01-11 15:28:51.191026 INFO::Fitting model to feature number 466, MD308 sp910584615
2026-01-11 15:28:51.200303 INFO::Fitting model to feature number 467, MGYG000410877
2026-01-11 15:28:51.209495 INFO::Fitting model to feature number 468, MGYG000324148
2026-01-11 15:28:51.219524 INFO::Fitting model to feature number 469, Sporofaciens sp910574715
2026-01-11 15:28:51.230496 INFO::Fitting model to feature number 470, Sporofaciens sp910579015
2026-01-11 15:28:51.241974 INFO::Fitting model to feature number 471, MGYG000353267
2026-01-11 15:28:51.251299 INFO::Fitting model to feature number 472, Sporofaciens sp910575835
2026-01-11 15:28:51.263722 INFO::Fitting model to feature number 473, Sporofaciens musculi
2026-01-11 15:28:51.277283 INFO::Fitting model to feature number 474, Sporofaciens sp009774295
2026-01-11 15:28:51.289161 INFO::Fitting model to feature number 475, Sporofaciens sp910574885
2026-01-11 15:28:51.304138 INFO::Fitting model to feature number 476, Sporofaciens sp000403455
2026-01-11 15:28:51.317573 INFO::Fitting model to feature number 477, Sporofaciens sp910577685
2026-01-11 15:28:51.335438 INFO::Fitting model to feature number 478, Sporofaciens sp910587575
2026-01-11 15:28:51.348028 INFO::Fitting model to feature number 479, Sporofaciens sp910585725
2026-01-11 15:28:51.36184 INFO::Fitting model to feature number 480, Sporofaciens sp910579925
2026-01-11 15:28:51.37363 INFO::Fitting model to feature number 481, MGYG000402809
2026-01-11 15:28:51.386043 INFO::Fitting model to feature number 482, UBA11957 sp910588295
2026-01-11 15:28:51.400158 INFO::Fitting model to feature number 483, MGYG000410400
2026-01-11 15:28:51.413573 INFO::Fitting model to feature number 484, Choladocola sp009774135
2026-01-11 15:28:51.425744 INFO::Fitting model to feature number 485, Choladocola sp910583615
2026-01-11 15:28:51.439005 INFO::Fitting model to feature number 486, Choladocola sp910585995
2026-01-11 15:28:51.453016 INFO::Fitting model to feature number 487, Choladocola sp009774145
2026-01-11 15:28:51.465479 INFO::Fitting model to feature number 488, Choladocola sp910584945
2026-01-11 15:28:51.475261 INFO::Fitting model to feature number 489, Choladocola sp910579225
2026-01-11 15:28:51.48334 INFO::Fitting model to feature number 490, Choladocola sp910584205
2026-01-11 15:28:51.493118 INFO::Fitting model to feature number 491, Choladocola sp910574965
2026-01-11 15:28:51.50177 INFO::Fitting model to feature number 492, Choladocola sp910575445
2026-01-11 15:28:51.51147 INFO::Fitting model to feature number 493, Choladocola sp910583895
2026-01-11 15:28:51.521297 INFO::Fitting model to feature number 494, Choladocola sp009774155
2026-01-11 15:28:51.529794 INFO::Fitting model to feature number 495, Choladocola sp910587495
2026-01-11 15:28:51.538982 INFO::Fitting model to feature number 496, Choladocola sp910585465
2026-01-11 15:28:51.548185 INFO::Fitting model to feature number 497, Choladocola sp910587765
2026-01-11 15:28:51.557386 INFO::Fitting model to feature number 498, MGYG000392954
2026-01-11 15:28:51.565866 INFO::Fitting model to feature number 499, Lachnoclostridium_B sp910584095
2026-01-11 15:28:51.575132 INFO::Fitting model to feature number 500, Lachnoclostridium_B sp910574185
2026-01-11 15:28:51.584288 INFO::Fitting model to feature number 501, MGYG000331109
2026-01-11 15:28:51.594754 INFO::Fitting model to feature number 502, Lachnoclostridium_B sp910584265
2026-01-11 15:28:51.604337 INFO::Fitting model to feature number 503, Lachnoclostridium_B sp910588745
2026-01-11 15:28:51.613556 INFO::Fitting model to feature number 504, Lachnoclostridium_B sp910589275
2026-01-11 15:28:51.622997 INFO::Fitting model to feature number 505, MGYG000328855
2026-01-11 15:28:51.632726 INFO::Fitting model to feature number 506, MGBC164599 sp910588825
2026-01-11 15:28:51.64203 INFO::Fitting model to feature number 507, MGBC164599 sp910575625
2026-01-11 15:28:51.650481 INFO::Fitting model to feature number 508, MGBC164599 sp910587105
2026-01-11 15:28:51.659738 INFO::Fitting model to feature number 509, MGBC164599 sp910588775
2026-01-11 15:28:51.668329 INFO::Fitting model to feature number 510, MGYG000330030
2026-01-11 15:28:51.677909 INFO::Fitting model to feature number 511, MGYG000330180
2026-01-11 15:28:51.688115 INFO::Fitting model to feature number 512, 14-2 sp910588845
2026-01-11 15:28:51.700723 INFO::Fitting model to feature number 513, 14-2 sp910577785
2026-01-11 15:28:51.711654 INFO::Fitting model to feature number 514, 14-2 sp910576385
2026-01-11 15:28:51.723364 INFO::Fitting model to feature number 515, 14-2 sp910575155
2026-01-11 15:28:51.734967 INFO::Fitting model to feature number 516, 14-2 sp910575035
2026-01-11 15:28:51.747836 INFO::Fitting model to feature number 517, 14-2 sp011960065
2026-01-11 15:28:51.76022 INFO::Fitting model to feature number 518, MGYG000409996
2026-01-11 15:28:51.771664 INFO::Fitting model to feature number 519, 14-2 sp910588285
2026-01-11 15:28:51.78186 INFO::Fitting model to feature number 520, 14-2 sp910575005
2026-01-11 15:28:51.790071 INFO::Fitting model to feature number 521, 14-2 sp910584585
2026-01-11 15:28:51.797985 INFO::Fitting model to feature number 522, 14-2 sp000403255
2026-01-11 15:28:51.806865 INFO::Fitting model to feature number 523, MGYG000411355
2026-01-11 15:28:51.815256 INFO::Fitting model to feature number 524, 14-2 sp910583835
2026-01-11 15:28:51.824687 INFO::Fitting model to feature number 525, 14-2 sp910575075
2026-01-11 15:28:51.833787 INFO::Fitting model to feature number 526, 14-2 sp000403315
2026-01-11 15:28:51.843255 INFO::Fitting model to feature number 527, 14-2 sp009774455
2026-01-11 15:28:51.851963 INFO::Fitting model to feature number 528, 14-2 sp910589635
2026-01-11 15:28:51.867148 INFO::Fitting model to feature number 529, 14-2 sp910576975
2026-01-11 15:28:51.877074 INFO::Fitting model to feature number 530, MGYG000411595
2026-01-11 15:28:51.88555 INFO::Fitting model to feature number 531, MGYG000328404
2026-01-11 15:28:51.894853 INFO::Fitting model to feature number 532, 14-2 sp910578825
2026-01-11 15:28:51.904021 INFO::Fitting model to feature number 533, MGYG000410992
2026-01-11 15:28:51.912443 INFO::Fitting model to feature number 534, MGYG000324849
2026-01-11 15:28:51.922836 INFO::Fitting model to feature number 535, 14-2 sp000403845
2026-01-11 15:28:51.931311 INFO::Fitting model to feature number 536, Eubacterium_F sp910574015
2026-01-11 15:28:51.941051 INFO::Fitting model to feature number 537, MGYG000330978
2026-01-11 15:28:51.94916 INFO::Fitting model to feature number 538, Eubacterium_F sp910575665
2026-01-11 15:28:51.958175 INFO::Fitting model to feature number 539, Eubacterium_F sp910585745
2026-01-11 15:28:51.966883 INFO::Fitting model to feature number 540, MGYG000329322
2026-01-11 15:28:51.976477 INFO::Fitting model to feature number 541, Eubacterium_F sp910579145
2026-01-11 15:28:51.98468 INFO::Fitting model to feature number 542, Caccovicinus sp910585635
2026-01-11 15:28:51.994497 INFO::Fitting model to feature number 543, Caccovicinus sp009774615
2026-01-11 15:28:52.007937 INFO::Fitting model to feature number 544, Caccovicinus sp910584785
2026-01-11 15:28:52.021135 INFO::Fitting model to feature number 545, MGYG000411451
2026-01-11 15:28:52.033711 INFO::Fitting model to feature number 546, Caccovicinus sp910575565
2026-01-11 15:28:52.044492 INFO::Fitting model to feature number 547, MGYG000322995
2026-01-11 15:28:52.056982 INFO::Fitting model to feature number 548, Caccovicinus sp910588895
2026-01-11 15:28:52.066039 INFO::Fitting model to feature number 549, Acetatifactor sp910576125
2026-01-11 15:28:52.075738 INFO::Fitting model to feature number 550, Acetatifactor sp910589035
2026-01-11 15:28:52.084321 INFO::Fitting model to feature number 551, Acetatifactor sp910579755
2026-01-11 15:28:52.096939 INFO::Fitting model to feature number 552, Acetatifactor sp910584865
2026-01-11 15:28:52.106528 INFO::Fitting model to feature number 553, Acetatifactor sp910585805
2026-01-11 15:28:52.115867 INFO::Fitting model to feature number 554, Acetatifactor sp910585425
2026-01-11 15:28:52.12552 INFO::Fitting model to feature number 555, Acetatifactor sp910585615
2026-01-11 15:28:52.133252 INFO::Fitting model to feature number 556, Acetatifactor sp910586775
2026-01-11 15:28:52.142236 INFO::Fitting model to feature number 557, Acetatifactor sp910589655
2026-01-11 15:28:52.151459 INFO::Fitting model to feature number 558, Acetatifactor sp910586835
2026-01-11 15:28:52.160602 INFO::Fitting model to feature number 559, Acetatifactor sp003612485
2026-01-11 15:28:52.16914 INFO::Fitting model to feature number 560, MGYG000329336
2026-01-11 15:28:52.178107 INFO::Fitting model to feature number 561, Acetatifactor sp910577185
2026-01-11 15:28:52.186564 INFO::Fitting model to feature number 562, MGYG000325587
2026-01-11 15:28:52.195945 INFO::Fitting model to feature number 563, Acetatifactor sp910584235
2026-01-11 15:28:52.204954 INFO::Fitting model to feature number 564, MGYG000325385
2026-01-11 15:28:52.213325 INFO::Fitting model to feature number 565, Acetatifactor sp910580225
2026-01-11 15:28:52.222406 INFO::Fitting model to feature number 566, Acetatifactor sp910577035
2026-01-11 15:28:52.231089 INFO::Fitting model to feature number 567, Acetatifactor sp910578995
2026-01-11 15:28:52.242758 INFO::Fitting model to feature number 568, Acetatifactor sp910578185
2026-01-11 15:28:52.253438 INFO::Fitting model to feature number 569, MGYG000327004
2026-01-11 15:28:52.266777 INFO::Fitting model to feature number 570, Acetatifactor sp910586485
2026-01-11 15:28:52.280416 INFO::Fitting model to feature number 571, MGYG000331015
2026-01-11 15:28:52.294533 INFO::Fitting model to feature number 572, Acetatifactor sp910587555
2026-01-11 15:28:52.308375 INFO::Fitting model to feature number 573, 1XD8-76 sp910578085
2026-01-11 15:28:52.322337 INFO::Fitting model to feature number 574, 1XD8-76 sp910573755
2026-01-11 15:28:52.335377 INFO::Fitting model to feature number 575, 1XD8-76 sp910577955
2026-01-11 15:28:52.34708 INFO::Fitting model to feature number 576, UBA3282 sp009774175
2026-01-11 15:28:52.360594 INFO::Fitting model to feature number 577, UBA3282 sp910575245
2026-01-11 15:28:52.371628 INFO::Fitting model to feature number 578, UBA3282 sp009774655
2026-01-11 15:28:52.401599 INFO::Fitting model to feature number 579, UBA3282 sp910577735
2026-01-11 15:28:52.416033 INFO::Fitting model to feature number 580, UBA3282 sp910588215
2026-01-11 15:28:52.425135 INFO::Fitting model to feature number 581, UBA3282 sp910584725
2026-01-11 15:28:52.433599 INFO::Fitting model to feature number 582, MGYG000329173
2026-01-11 15:28:52.443734 INFO::Fitting model to feature number 583, MGYG000325371
2026-01-11 15:28:52.455183 INFO::Fitting model to feature number 584, MGYG000324467
2026-01-11 15:28:52.465588 INFO::Fitting model to feature number 585, UBA3282 sp910587095
2026-01-11 15:28:52.475948 INFO::Fitting model to feature number 586, UBA3282 sp009774585
2026-01-11 15:28:52.485157 INFO::Fitting model to feature number 587, UBA3282 sp910576815
2026-01-11 15:28:52.495168 INFO::Fitting model to feature number 588, UBA3282 sp910575775
2026-01-11 15:28:52.504868 INFO::Fitting model to feature number 589, UBA3282 sp003611805
2026-01-11 15:28:52.513592 INFO::Fitting model to feature number 590, UBA3282 sp910579285
2026-01-11 15:28:52.522933 INFO::Fitting model to feature number 591, UBA3282 sp910579505
2026-01-11 15:28:52.535188 INFO::Fitting model to feature number 592, MGYG000328328
2026-01-11 15:28:52.54441 INFO::Fitting model to feature number 593, MGYG000325448
2026-01-11 15:28:52.552575 INFO::Fitting model to feature number 594, MGYG000328360
2026-01-11 15:28:52.562034 INFO::Fitting model to feature number 595, MGYG000323430
2026-01-11 15:28:52.570361 INFO::Fitting model to feature number 596, UBA3282 sp003612405
2026-01-11 15:28:52.579364 INFO::Fitting model to feature number 597, UBA3282 sp009774215
2026-01-11 15:28:52.587891 INFO::Fitting model to feature number 598, MGYG000324289
2026-01-11 15:28:52.596684 INFO::Fitting model to feature number 599, Paralachnospira sp910588815
2026-01-11 15:28:52.605824 INFO::Fitting model to feature number 600, Paralachnospira sp022800815
2026-01-11 15:28:52.615019 INFO::Fitting model to feature number 601, Paralachnospira sp910587905
2026-01-11 15:28:52.623139 INFO::Fitting model to feature number 602, COE1 sp002490665
2026-01-11 15:28:52.630993 INFO::Fitting model to feature number 603, COE1 sp009774395
2026-01-11 15:28:52.642556 INFO::Fitting model to feature number 604, COE1 sp000403335
2026-01-11 15:28:52.65439 INFO::Fitting model to feature number 605, MGYG000410938
2026-01-11 15:28:52.662918 INFO::Fitting model to feature number 606, MGYG000325626
2026-01-11 15:28:52.672068 INFO::Fitting model to feature number 607, COE1 sp002358575
2026-01-11 15:28:52.680535 INFO::Fitting model to feature number 608, MGYG000325712
2026-01-11 15:28:52.689248 INFO::Fitting model to feature number 609, COE1 sp910586585
2026-01-11 15:28:52.697404 INFO::Fitting model to feature number 610, COE1 sp910586715
2026-01-11 15:28:52.706142 INFO::Fitting model to feature number 611, COE1 sp910579275
2026-01-11 15:28:52.714818 INFO::Fitting model to feature number 612, CAG-95 sp910585005
2026-01-11 15:28:52.723515 INFO::Fitting model to feature number 613, CAG-95 sp009917455
2026-01-11 15:28:52.731657 INFO::Fitting model to feature number 614, CAG-95 sp910579685
2026-01-11 15:28:52.743478 INFO::Fitting model to feature number 615, CAG-95 sp910579425
2026-01-11 15:28:52.754376 INFO::Fitting model to feature number 616, CAG-95 sp910579495
2026-01-11 15:28:52.762552 INFO::Fitting model to feature number 617, CAG-95 sp003612395
2026-01-11 15:28:52.770797 INFO::Fitting model to feature number 618, CAG-95 sp910586025
2026-01-11 15:28:52.779512 INFO::Fitting model to feature number 619, CAG-95 sp910577275
2026-01-11 15:28:52.78772 INFO::Fitting model to feature number 620, CAG-95 sp009911035
2026-01-11 15:28:52.795949 INFO::Fitting model to feature number 621, CAG-95 sp910585075
2026-01-11 15:28:52.804805 INFO::Fitting model to feature number 622, MGYG000410775
2026-01-11 15:28:52.813333 INFO::Fitting model to feature number 623, MGYG000325648
2026-01-11 15:28:52.82207 INFO::Fitting model to feature number 624, CAG-95 sp011959285
2026-01-11 15:28:52.829515 INFO::Fitting model to feature number 625, UBA7109 sp910576335
2026-01-11 15:28:52.836894 INFO::Fitting model to feature number 626, UBA7109 sp910575605
2026-01-11 15:28:52.845071 INFO::Fitting model to feature number 627, MGYG000323043
2026-01-11 15:28:52.853057 INFO::Fitting model to feature number 628, MGYG000405682
2026-01-11 15:28:52.862865 INFO::Fitting model to feature number 629, MGYG000368546
2026-01-11 15:28:52.872296 INFO::Fitting model to feature number 630, Ventrimonas sp910575255
2026-01-11 15:28:52.881512 INFO::Fitting model to feature number 631, Ventrimonas sp910577765
2026-01-11 15:28:52.891273 INFO::Fitting model to feature number 632, Ventrimonas sp910586255
2026-01-11 15:28:52.900448 INFO::Fitting model to feature number 633, Ventrimonas sp003611875
2026-01-11 15:28:52.908754 INFO::Fitting model to feature number 634, Ventrimonas sp009911065
2026-01-11 15:28:52.916917 INFO::Fitting model to feature number 635, MGYG000410706
2026-01-11 15:28:52.926 INFO::Fitting model to feature number 636, MGYG000327273
2026-01-11 15:28:52.934214 INFO::Fitting model to feature number 637, Ventrimonas sp910577655
2026-01-11 15:28:52.944392 INFO::Fitting model to feature number 638, Ventrimonas sp022799175
2026-01-11 15:28:52.95422 INFO::Fitting model to feature number 639, MGYG000324149
2026-01-11 15:28:52.966082 INFO::Fitting model to feature number 640, UBA3402 sp910574345
2026-01-11 15:28:52.97867 INFO::Fitting model to feature number 641, UBA3402 sp910575585
2026-01-11 15:28:52.990229 INFO::Fitting model to feature number 642, MGYG000410803
2026-01-11 15:28:52.998899 INFO::Fitting model to feature number 643, UBA3402 sp910588325
2026-01-11 15:28:53.008534 INFO::Fitting model to feature number 644, UBA3402 sp022798105
2026-01-11 15:28:53.018791 INFO::Fitting model to feature number 645, UBA3402 sp022795805
2026-01-11 15:28:53.028062 INFO::Fitting model to feature number 646, UBA3402 sp002358555
2026-01-11 15:28:53.039739 INFO::Fitting model to feature number 647, UBA3402 sp910588865
2026-01-11 15:28:53.052052 INFO::Fitting model to feature number 648, UBA3402 sp022796015
2026-01-11 15:28:53.064933 INFO::Fitting model to feature number 649, UBA3402 sp910586845
2026-01-11 15:28:53.076898 INFO::Fitting model to feature number 650, UBA3402 sp910585435
2026-01-11 15:28:53.088394 INFO::Fitting model to feature number 651, UBA3402 sp910577935
2026-01-11 15:28:53.100121 INFO::Fitting model to feature number 652, UBA3402 sp910585645
2026-01-11 15:28:53.112127 INFO::Fitting model to feature number 653, UBA3402 sp021769025
2026-01-11 15:28:53.124897 INFO::Fitting model to feature number 654, 1XD42-69 sp011959925
2026-01-11 15:28:53.137197 INFO::Fitting model to feature number 655, 1XD42-69 sp009911505
2026-01-11 15:28:53.149113 INFO::Fitting model to feature number 656, 1XD42-69 sp022794015
2026-01-11 15:28:53.160747 INFO::Fitting model to feature number 657, 1XD42-69 sp910588565
2026-01-11 15:28:53.172243 INFO::Fitting model to feature number 658, 1XD42-69 sp910577065
2026-01-11 15:28:53.185068 INFO::Fitting model to feature number 659, 1XD42-69 sp910586645
2026-01-11 15:28:53.196455 INFO::Fitting model to feature number 660, Merdisoma sp009917555
2026-01-11 15:28:53.207843 INFO::Fitting model to feature number 661, Merdisoma sp910574255
2026-01-11 15:28:53.215714 INFO::Fitting model to feature number 662, Merdisoma sp011959465
2026-01-11 15:28:53.225234 INFO::Fitting model to feature number 663, Merdisoma sp910574835
2026-01-11 15:28:53.236448 INFO::Fitting model to feature number 664, Merdisoma sp910574475
2026-01-11 15:28:53.247687 INFO::Fitting model to feature number 665, MGYG000330323
2026-01-11 15:28:53.256901 INFO::Fitting model to feature number 666, Merdisoma sp022791635
2026-01-11 15:28:53.266603 INFO::Fitting model to feature number 667, Kineothrix sp011958945
2026-01-11 15:28:53.27944 INFO::Fitting model to feature number 668, Kineothrix sp910579935
2026-01-11 15:28:53.292113 INFO::Fitting model to feature number 669, Kineothrix sp910576535
2026-01-11 15:28:53.302193 INFO::Fitting model to feature number 670, MGYG000327499
2026-01-11 15:28:53.315684 INFO::Fitting model to feature number 671, Kineothrix sp000403275
2026-01-11 15:28:53.328333 INFO::Fitting model to feature number 672, Kineothrix sp910588855
2026-01-11 15:28:53.336306 INFO::Fitting model to feature number 673, Kineothrix sp910587275
2026-01-11 15:28:53.346305 INFO::Fitting model to feature number 674, MGYG000326008
2026-01-11 15:28:53.356042 INFO::Fitting model to feature number 675, Kineothrix sp910585965
2026-01-11 15:28:53.369022 INFO::Fitting model to feature number 676, Kineothrix sp009911195
2026-01-11 15:28:53.379007 INFO::Fitting model to feature number 677, RGIG4057 sp910587085
2026-01-11 15:28:53.389239 INFO::Fitting model to feature number 678, RGIG4057 sp910579615
2026-01-11 15:28:53.39919 INFO::Fitting model to feature number 679, UMGS1370 sp910577645
2026-01-11 15:28:53.407415 INFO::Fitting model to feature number 680, UMGS1370 sp910586755
2026-01-11 15:28:53.414776 INFO::Fitting model to feature number 681, UBA2882 sp910574745
2026-01-11 15:28:53.4229 INFO::Fitting model to feature number 682, Eubacterium_J sp910574915
2026-01-11 15:28:53.43041 INFO::Fitting model to feature number 683, Eubacterium_J sp910579075
2026-01-11 15:28:53.437905 INFO::Fitting model to feature number 684, Eubacterium_J sp910580075
2026-01-11 15:28:53.44592 INFO::Fitting model to feature number 685, Eubacterium_J sp910584595
2026-01-11 15:28:53.453499 INFO::Fitting model to feature number 686, MGYG000330231
2026-01-11 15:28:53.461235 INFO::Fitting model to feature number 687, MGYG000327453
2026-01-11 15:28:53.468459 INFO::Fitting model to feature number 688, Butyribacter sp910575435
2026-01-11 15:28:53.476564 INFO::Fitting model to feature number 689, Butyribacter sp910585905
2026-01-11 15:28:53.483639 INFO::Fitting model to feature number 690, MGYG000330019
2026-01-11 15:28:53.491533 INFO::Fitting model to feature number 691, Butyribacter sp009774235
2026-01-11 15:28:53.499735 INFO::Fitting model to feature number 692, VSOB01 sp009774625
2026-01-11 15:28:53.509012 INFO::Fitting model to feature number 693, VSOB01 sp910587155
2026-01-11 15:28:53.518971 INFO::Fitting model to feature number 694, VSOB01 sp910587635
2026-01-11 15:28:53.528007 INFO::Fitting model to feature number 695, Copromonas sp009917545
2026-01-11 15:28:53.539843 INFO::Fitting model to feature number 696, Copromonas sp910575275
2026-01-11 15:28:53.553431 INFO::Fitting model to feature number 697, Copromonas sp022792295
2026-01-11 15:28:53.566727 INFO::Fitting model to feature number 698, Copromonas sp910586315
2026-01-11 15:28:53.5813 INFO::Fitting model to feature number 699, Bariatricus sp022793995
2026-01-11 15:28:53.593601 INFO::Fitting model to feature number 700, Clostridium_Q sp910575795
2026-01-11 15:28:53.605842 INFO::Fitting model to feature number 701, RGIG4284 sp910576205
2026-01-11 15:28:53.61756 INFO::Fitting model to feature number 702, RGIG4284 sp022796795
2026-01-11 15:28:53.629473 INFO::Fitting model to feature number 703, RGIG7193 sp022793375
2026-01-11 15:28:53.638375 INFO::Fitting model to feature number 704, RGIG7193 sp022791755
2026-01-11 15:28:53.677781 INFO::Fitting model to feature number 705, Roseburia sp910587865
2026-01-11 15:28:53.686745 INFO::Fitting model to feature number 706, Roseburia sp910584215
2026-01-11 15:28:53.695718 INFO::Fitting model to feature number 707, MGYG000329248
2026-01-11 15:28:53.704099 INFO::Fitting model to feature number 708, Lachnospira sp910589305
2026-01-11 15:28:53.715253 INFO::Fitting model to feature number 709, Eubacterium_G sp910584795
2026-01-11 15:28:53.724941 INFO::Fitting model to feature number 710, Eubacterium_G sp910574895
2026-01-11 15:28:53.733649 INFO::Fitting model to feature number 711, Paralachnospira_A sp910588405
2026-01-11 15:28:53.742468 INFO::Fitting model to feature number 712, Paralachnospira_A sp910579325
2026-01-11 15:28:53.753926 INFO::Fitting model to feature number 713, CAG-317 sp910578495
2026-01-11 15:28:53.765488 INFO::Fitting model to feature number 714, CAG-317 sp011960265
2026-01-11 15:28:53.777337 INFO::Fitting model to feature number 715, JAAWJJ01 sp022796875
2026-01-11 15:28:53.789068 INFO::Fitting model to feature number 716, Blautia_A sp900551075
2026-01-11 15:28:53.800294 INFO::Fitting model to feature number 717, Blautia_A massiliensis
2026-01-11 15:28:53.814282 INFO::Fitting model to feature number 718, CAG-56 sp004793585
2026-01-11 15:28:53.826159 INFO::Fitting model to feature number 719, Enterocloster aldenensis
2026-01-11 15:28:53.83575 INFO::Fitting model to feature number 720, Enterocloster clostridioformis
2026-01-11 15:28:53.848449 INFO::Fitting model to feature number 721, Choladousia sp003612585
2026-01-11 15:28:53.860249 INFO::Fitting model to feature number 722, CAG-510 sp910577105
2026-01-11 15:28:53.86983 INFO::Fitting model to feature number 723, MGYG000325650
2026-01-11 15:28:53.878869 INFO::Fitting model to feature number 724, CAG-590 sp910585605
2026-01-11 15:28:53.887334 INFO::Fitting model to feature number 725, Blautia pseudococcoides
2026-01-11 15:28:53.896426 INFO::Fitting model to feature number 726, Eisenbergiella sp910585455
2026-01-11 15:28:53.904993 INFO::Fitting model to feature number 727, MGYG000392808
2026-01-11 15:28:53.913722 INFO::Fitting model to feature number 728, W0P33-017 sp910589045
2026-01-11 15:28:53.922891 INFO::Fitting model to feature number 729, SIG307 sp910579465
2026-01-11 15:28:53.931724 INFO::Fitting model to feature number 730, MGYG000326869
2026-01-11 15:28:53.940893 INFO::Fitting model to feature number 731, CAG-603 sp910583605
2026-01-11 15:28:53.949177 INFO::Fitting model to feature number 732, Marvinbryantia sp900550755
2026-01-11 15:28:53.959277 INFO::Fitting model to feature number 733, RGIG8607 sp910577045
2026-01-11 15:28:53.9678 INFO::Fitting model to feature number 734, MGYG000326584
2026-01-11 15:28:53.97704 INFO::Fitting model to feature number 735, MGBC114844 sp910585255
2026-01-11 15:28:53.985323 INFO::Fitting model to feature number 736, MGYG000325493
2026-01-11 15:28:53.994691 INFO::Fitting model to feature number 737, MGYG000329929
2026-01-11 15:28:54.003453 INFO::Fitting model to feature number 738, UBA2821 sp014799465
2026-01-11 15:28:54.012622 INFO::Fitting model to feature number 739, MGBC100174 sp910576895
2026-01-11 15:28:54.020961 INFO::Fitting model to feature number 740, Muricomes contortus_B
2026-01-11 15:28:54.03001 INFO::Fitting model to feature number 741, Extibacter muris
2026-01-11 15:28:54.038978 INFO::Fitting model to feature number 742, Anaerotignum sp910576545
2026-01-11 15:28:54.047946 INFO::Fitting model to feature number 743, Anaerotignum sp910578425
2026-01-11 15:28:54.057566 INFO::Fitting model to feature number 744, Coprocola sp910575055
2026-01-11 15:28:54.067121 INFO::Fitting model to feature number 745, Enterenecus sp910588495
2026-01-11 15:28:54.080151 INFO::Fitting model to feature number 746, Enterenecus sp910587285
2026-01-11 15:28:54.093134 INFO::Fitting model to feature number 747, MGYG000327450
2026-01-11 15:28:54.10567 INFO::Fitting model to feature number 748, Enterenecus sp910588625
2026-01-11 15:28:54.116521 INFO::Fitting model to feature number 749, Enterenecus sp910575695
2026-01-11 15:28:54.126352 INFO::Fitting model to feature number 750, MGYG000326888
2026-01-11 15:28:54.137154 INFO::Fitting model to feature number 751, Enterenecus sp910585155
2026-01-11 15:28:54.14682 INFO::Fitting model to feature number 752, MGYG000331159
2026-01-11 15:28:54.156064 INFO::Fitting model to feature number 753, Enterenecus sp910579595
2026-01-11 15:28:54.164897 INFO::Fitting model to feature number 754, MGYG000410353
2026-01-11 15:28:54.178705 INFO::Fitting model to feature number 755, Enterenecus sp910577525
2026-01-11 15:28:54.192417 INFO::Fitting model to feature number 756, Enterenecus sp910587395
2026-01-11 15:28:54.204072 INFO::Fitting model to feature number 757, MGYG000328307
2026-01-11 15:28:54.216639 INFO::Fitting model to feature number 758, Enterenecus sp910587255
2026-01-11 15:28:54.22716 INFO::Fitting model to feature number 759, Enterenecus sp910588105
2026-01-11 15:28:54.235739 INFO::Fitting model to feature number 760, MGYG000410945
2026-01-11 15:28:54.246708 INFO::Fitting model to feature number 761, Enterenecus sp910579155
2026-01-11 15:28:54.258414 INFO::Fitting model to feature number 762, MGYG000322966
2026-01-11 15:28:54.27039 INFO::Fitting model to feature number 763, MGYG000410761
2026-01-11 15:28:54.282919 INFO::Fitting model to feature number 764, Enterenecus sp910587205
2026-01-11 15:28:54.293533 INFO::Fitting model to feature number 765, MGYG000410914
2026-01-11 15:28:54.304181 INFO::Fitting model to feature number 766, Enterenecus sp910584285
2026-01-11 15:28:54.316857 INFO::Fitting model to feature number 767, MGYG000327286
2026-01-11 15:28:54.328367 INFO::Fitting model to feature number 768, Enterenecus sp910585265
2026-01-11 15:28:54.337166 INFO::Fitting model to feature number 769, Enterenecus sp910584835
2026-01-11 15:28:54.346734 INFO::Fitting model to feature number 770, Enterenecus sp910588135
2026-01-11 15:28:54.355561 INFO::Fitting model to feature number 771, MGYG000329348
2026-01-11 15:28:54.369741 INFO::Fitting model to feature number 772, MGYG000325584
2026-01-11 15:28:54.38199 INFO::Fitting model to feature number 773, MGYG000410874
2026-01-11 15:28:54.392723 INFO::Fitting model to feature number 774, MGYG000360698
2026-01-11 15:28:54.404998 INFO::Fitting model to feature number 775, Lawsonibacter sp003612335
2026-01-11 15:28:54.417274 INFO::Fitting model to feature number 776, Lawsonibacter sp910585815
2026-01-11 15:28:54.430172 INFO::Fitting model to feature number 777, Lawsonibacter sp910584605
2026-01-11 15:28:54.440137 INFO::Fitting model to feature number 778, Lawsonibacter sp910575265
2026-01-11 15:28:54.44877 INFO::Fitting model to feature number 779, MGYG000432202
2026-01-11 15:28:54.459366 INFO::Fitting model to feature number 780, Lawsonibacter sp022799835
2026-01-11 15:28:54.469278 INFO::Fitting model to feature number 781, MGYG000433528
2026-01-11 15:28:54.479578 INFO::Fitting model to feature number 782, Lawsonibacter sp022794495
2026-01-11 15:28:54.488833 INFO::Fitting model to feature number 783, MGYG000410681
2026-01-11 15:28:54.498205 INFO::Fitting model to feature number 784, Lawsonibacter sp910578735
2026-01-11 15:28:54.508477 INFO::Fitting model to feature number 785, MGYG000325175
2026-01-11 15:28:54.516135 INFO::Fitting model to feature number 786, Lawsonibacter sp022801435
2026-01-11 15:28:54.524002 INFO::Fitting model to feature number 787, Lawsonibacter sp009911645
2026-01-11 15:28:54.531552 INFO::Fitting model to feature number 788, Lawsonibacter sp943192995
2026-01-11 15:28:54.538949 INFO::Fitting model to feature number 789, MGYG000329509
2026-01-11 15:28:54.547191 INFO::Fitting model to feature number 790, Lawsonibacter sp022798855
2026-01-11 15:28:54.555003 INFO::Fitting model to feature number 791, Lawsonibacter sp910588455
2026-01-11 15:28:54.563987 INFO::Fitting model to feature number 792, Lawsonibacter sp910589085
2026-01-11 15:28:54.574063 INFO::Fitting model to feature number 793, Lawsonibacter sp022793355
2026-01-11 15:28:54.583586 INFO::Fitting model to feature number 794, MGYG000328991
2026-01-11 15:28:54.593212 INFO::Fitting model to feature number 795, Lawsonibacter sp022795855
2026-01-11 15:28:54.601765 INFO::Fitting model to feature number 796, Lawsonibacter sp022791995
2026-01-11 15:28:54.611235 INFO::Fitting model to feature number 797, MGYG000323117
2026-01-11 15:28:54.621214 INFO::Fitting model to feature number 798, Lawsonibacter sp000492175
2026-01-11 15:28:54.63343 INFO::Fitting model to feature number 799, MGYG000324476
2026-01-11 15:28:54.644853 INFO::Fitting model to feature number 800, MGYG000411366
2026-01-11 15:28:54.656651 INFO::Fitting model to feature number 801, MGYG000345714
2026-01-11 15:28:54.668629 INFO::Fitting model to feature number 802, MGYG000329989
2026-01-11 15:28:54.679722 INFO::Fitting model to feature number 803, Lawsonibacter sp910577805
2026-01-11 15:28:54.688908 INFO::Fitting model to feature number 804, MGYG000410703
2026-01-11 15:28:54.701197 INFO::Fitting model to feature number 805, MGYG000329873
2026-01-11 15:28:54.710462 INFO::Fitting model to feature number 806, Lawsonibacter sp022796195
2026-01-11 15:28:54.719101 INFO::Fitting model to feature number 807, MGYG000411569
2026-01-11 15:28:54.728105 INFO::Fitting model to feature number 808, MGYG000327081
2026-01-11 15:28:54.740536 INFO::Fitting model to feature number 809, Dysosmobacter sp009774015
2026-01-11 15:28:54.751785 INFO::Fitting model to feature number 810, Dysosmobacter sp910583785
2026-01-11 15:28:54.763027 INFO::Fitting model to feature number 811, Dysosmobacter sp910575815
2026-01-11 15:28:54.771461 INFO::Fitting model to feature number 812, Dysosmobacter sp910579365
2026-01-11 15:28:54.780815 INFO::Fitting model to feature number 813, Dysosmobacter sp910587705
2026-01-11 15:28:54.794549 INFO::Fitting model to feature number 814, Dysosmobacter sp910586735
2026-01-11 15:28:54.806353 INFO::Fitting model to feature number 815, Dysosmobacter sp910585385
2026-01-11 15:28:54.818478 INFO::Fitting model to feature number 816, Dysosmobacter sp022791875
2026-01-11 15:28:54.829435 INFO::Fitting model to feature number 817, Dysosmobacter sp910583695
2026-01-11 15:28:54.841546 INFO::Fitting model to feature number 818, Dysosmobacter sp000403435
2026-01-11 15:28:54.851688 INFO::Fitting model to feature number 819, Dysosmobacter sp022791135
2026-01-11 15:28:54.863427 INFO::Fitting model to feature number 820, Dysosmobacter sp910588175
2026-01-11 15:28:54.875254 INFO::Fitting model to feature number 821, Dysosmobacter sp022795445
2026-01-11 15:28:54.883469 INFO::Fitting model to feature number 822, Dysosmobacter sp910575505
2026-01-11 15:28:54.892267 INFO::Fitting model to feature number 823, Dysosmobacter sp009773995
2026-01-11 15:28:54.900503 INFO::Fitting model to feature number 824, Dysosmobacter sp022801815
2026-01-11 15:28:54.909007 INFO::Fitting model to feature number 825, Dysosmobacter sp910577405
2026-01-11 15:28:54.918337 INFO::Fitting model to feature number 826, Dysosmobacter sp910578935
2026-01-11 15:28:54.92651 INFO::Fitting model to feature number 827, Dysosmobacter sp910576865
2026-01-11 15:28:54.952455 INFO::Fitting model to feature number 828, MGYG000330291
2026-01-11 15:28:54.964127 INFO::Fitting model to feature number 829, MGYG000409008
2026-01-11 15:28:54.971255 INFO::Fitting model to feature number 830, Dysosmobacter sp910589315
2026-01-11 15:28:54.979223 INFO::Fitting model to feature number 831, Dysosmobacter sp910587525
2026-01-11 15:28:54.987378 INFO::Fitting model to feature number 832, Dysosmobacter sp910587875
2026-01-11 15:28:54.995414 INFO::Fitting model to feature number 833, Dysosmobacter sp910584995
2026-01-11 15:28:55.002595 INFO::Fitting model to feature number 834, Dysosmobacter sp910579435
2026-01-11 15:28:55.010193 INFO::Fitting model to feature number 835, MGYG000411389
2026-01-11 15:28:55.017375 INFO::Fitting model to feature number 836, MGYG000325877
2026-01-11 15:28:55.025563 INFO::Fitting model to feature number 837, Dysosmobacter sp910584075
2026-01-11 15:28:55.034286 INFO::Fitting model to feature number 838, Dysosmobacter sp910585245
2026-01-11 15:28:55.045189 INFO::Fitting model to feature number 839, MGYG000373829
2026-01-11 15:28:55.055924 INFO::Fitting model to feature number 840, Dysosmobacter sp910584465
2026-01-11 15:28:55.069162 INFO::Fitting model to feature number 841, MGYG000330443
2026-01-11 15:28:55.079659 INFO::Fitting model to feature number 842, MGYG000326793
2026-01-11 15:28:55.090354 INFO::Fitting model to feature number 843, Dysosmobacter sp910576845
2026-01-11 15:28:55.101124 INFO::Fitting model to feature number 844, MGYG000329180
2026-01-11 15:28:55.112787 INFO::Fitting model to feature number 845, Pelethomonas sp910578505
2026-01-11 15:28:55.124017 INFO::Fitting model to feature number 846, Pelethomonas sp910579965
2026-01-11 15:28:55.133854 INFO::Fitting model to feature number 847, Pelethomonas sp910579485
2026-01-11 15:28:55.14486 INFO::Fitting model to feature number 848, Pelethomonas sp910587785
2026-01-11 15:28:55.156362 INFO::Fitting model to feature number 849, Pelethomonas sp022800665
2026-01-11 15:28:55.166793 INFO::Fitting model to feature number 850, Pelethomonas sp009774055
2026-01-11 15:28:55.175927 INFO::Fitting model to feature number 851, Pelethomonas sp022804995
2026-01-11 15:28:55.185539 INFO::Fitting model to feature number 852, Pelethomonas sp014237695
2026-01-11 15:28:55.195248 INFO::Fitting model to feature number 853, Pelethomonas sp022795905
2026-01-11 15:28:55.203516 INFO::Fitting model to feature number 854, MGYG000326866
2026-01-11 15:28:55.212679 INFO::Fitting model to feature number 855, Pelethomonas sp910583885
2026-01-11 15:28:55.221359 INFO::Fitting model to feature number 856, Pelethomonas sp910588365
2026-01-11 15:28:55.230969 INFO::Fitting model to feature number 857, MGYG000410776
2026-01-11 15:28:55.239839 INFO::Fitting model to feature number 858, Pelethomonas sp910587645
2026-01-11 15:28:55.249553 INFO::Fitting model to feature number 859, Pelethomonas sp022800525
2026-01-11 15:28:55.257559 INFO::Fitting model to feature number 860, Pelethomonas sp910588045
2026-01-11 15:28:55.267044 INFO::Fitting model to feature number 861, MGYG000325557
2026-01-11 15:28:55.276348 INFO::Fitting model to feature number 862, Pelethomonas sp910579725
2026-01-11 15:28:55.285996 INFO::Fitting model to feature number 863, Pelethomonas sp910577915
2026-01-11 15:28:55.294661 INFO::Fitting model to feature number 864, Pelethomonas sp910587505
2026-01-11 15:28:55.304693 INFO::Fitting model to feature number 865, MGYG000325617
2026-01-11 15:28:55.314235 INFO::Fitting model to feature number 866, Evtepia sp910584805
2026-01-11 15:28:55.324865 INFO::Fitting model to feature number 867, Evtepia sp022792035
2026-01-11 15:28:55.334484 INFO::Fitting model to feature number 868, Evtepia sp910578575
2026-01-11 15:28:55.342993 INFO::Fitting model to feature number 869, Marseille-P3106 sp022799035
2026-01-11 15:28:55.351629 INFO::Fitting model to feature number 870, Marseille-P3106 sp910587345
2026-01-11 15:28:55.365134 INFO::Fitting model to feature number 871, Marseille-P3106 sp910588975
2026-01-11 15:28:55.378838 INFO::Fitting model to feature number 872, MGYG000410458
2026-01-11 15:28:55.391104 INFO::Fitting model to feature number 873, Marseille-P3106 sp910585735
2026-01-11 15:28:55.398555 INFO::Fitting model to feature number 874, Marseille-P3106 sp022792495
2026-01-11 15:28:55.405925 INFO::Fitting model to feature number 875, Marseille-P3106 sp022794215
2026-01-11 15:28:55.413908 INFO::Fitting model to feature number 876, Marseille-P3106 sp022800215
2026-01-11 15:28:55.421059 INFO::Fitting model to feature number 877, MGYG000326975
2026-01-11 15:28:55.428673 INFO::Fitting model to feature number 878, NSJ-51 sp910585415
2026-01-11 15:28:55.435936 INFO::Fitting model to feature number 879, MGYG000326314
2026-01-11 15:28:55.444406 INFO::Fitting model to feature number 880, MGYG000325278
2026-01-11 15:28:55.452689 INFO::Fitting model to feature number 881, CAJFPI01 sp022801715
2026-01-11 15:28:55.461838 INFO::Fitting model to feature number 882, MGYG000327336
2026-01-11 15:28:55.470265 INFO::Fitting model to feature number 883, MGYG000328896
2026-01-11 15:28:55.479178 INFO::Fitting model to feature number 884, MGYG000329428
2026-01-11 15:28:55.488579 INFO::Fitting model to feature number 885, MGYG000329835
2026-01-11 15:28:55.499705 INFO::Fitting model to feature number 886, MGYG000410456
2026-01-11 15:28:55.508686 INFO::Fitting model to feature number 887, CAKUEI01 sp022793685
2026-01-11 15:28:55.516922 INFO::Fitting model to feature number 888, Avoscillospira_A sp022792945
2026-01-11 15:28:55.526185 INFO::Fitting model to feature number 889, JAAWCD01 sp022793095
2026-01-11 15:28:55.536928 INFO::Fitting model to feature number 890, Acutalibacter sp910588935
2026-01-11 15:28:55.547355 INFO::Fitting model to feature number 891, Acutalibacter sp009936035
2026-01-11 15:28:55.560162 INFO::Fitting model to feature number 892, Acutalibacter sp910589395
2026-01-11 15:28:55.572279 INFO::Fitting model to feature number 893, Acutalibacter sp910574935
2026-01-11 15:28:55.586154 INFO::Fitting model to feature number 894, Acutalibacter sp009917445
2026-01-11 15:28:55.598537 INFO::Fitting model to feature number 895, Acutalibacter muris
2026-01-11 15:28:55.608024 INFO::Fitting model to feature number 896, Acutalibacter sp910587835
2026-01-11 15:28:55.619469 INFO::Fitting model to feature number 897, MGYG000406378
2026-01-11 15:28:55.629444 INFO::Fitting model to feature number 898, Acutalibacter sp009917525
2026-01-11 15:28:55.637845 INFO::Fitting model to feature number 899, MGYG000328916
2026-01-11 15:28:55.647455 INFO::Fitting model to feature number 900, Acutalibacter sp910574995
2026-01-11 15:28:55.657239 INFO::Fitting model to feature number 901, Acutalibacter sp910580045
2026-01-11 15:28:55.666262 INFO::Fitting model to feature number 902, Acutalibacter sp003612555
2026-01-11 15:28:55.677078 INFO::Fitting model to feature number 903, Acutalibacter sp910587995
2026-01-11 15:28:55.687985 INFO::Fitting model to feature number 904, Acutalibacter sp910588415
2026-01-11 15:28:55.697416 INFO::Fitting model to feature number 905, Acutalibacter sp910584745
2026-01-11 15:28:55.706521 INFO::Fitting model to feature number 906, MGYG000330157
2026-01-11 15:28:55.716397 INFO::Fitting model to feature number 907, MGYG000331301
2026-01-11 15:28:55.725661 INFO::Fitting model to feature number 908, MGYG000410931
2026-01-11 15:28:55.734295 INFO::Fitting model to feature number 909, MGYG000328573
2026-01-11 15:28:55.743585 INFO::Fitting model to feature number 910, Acutalibacter stercorigallinarum
2026-01-11 15:28:55.754281 INFO::Fitting model to feature number 911, Eubacterium_R sp011958665
2026-01-11 15:28:55.763664 INFO::Fitting model to feature number 912, MGYG000337810
2026-01-11 15:28:55.772256 INFO::Fitting model to feature number 913, MGYG000379997
2026-01-11 15:28:55.781919 INFO::Fitting model to feature number 914, MGYG000351739
2026-01-11 15:28:55.792671 INFO::Fitting model to feature number 915, MGYG000410251
2026-01-11 15:28:55.801943 INFO::Fitting model to feature number 916, MGYG000373138
2026-01-11 15:28:55.81139 INFO::Fitting model to feature number 917, MGYG000327182
2026-01-11 15:28:55.820156 INFO::Fitting model to feature number 918, Ruthenibacterium sp013316265
2026-01-11 15:28:55.830394 INFO::Fitting model to feature number 919, Ruminococcus sp910584195
2026-01-11 15:28:55.833556 INFO::Fitting model to feature number 920, Angelakisella sp910585525
2026-01-11 15:28:55.845728 INFO::Fitting model to feature number 921, Angelakisella sp022795575
2026-01-11 15:28:55.859742 INFO::Fitting model to feature number 922, Angelakisella sp910585535
2026-01-11 15:28:55.873256 INFO::Fitting model to feature number 923, Angelakisella sp013316495
2026-01-11 15:28:55.883357 INFO::Fitting model to feature number 924, Ruminiclostridium_E sp910588335
2026-01-11 15:28:55.893821 INFO::Fitting model to feature number 925, MGYG000410125
2026-01-11 15:28:55.906711 INFO::Fitting model to feature number 926, Ruminiclostridium_E sp910585505
2026-01-11 15:28:55.919196 INFO::Fitting model to feature number 927, UBA1405 sp022800935
2026-01-11 15:28:55.92889 INFO::Fitting model to feature number 928, MGYG000331296
2026-01-11 15:28:55.93752 INFO::Fitting model to feature number 929, MGYG000410015
2026-01-11 15:28:55.949471 INFO::Fitting model to feature number 930, UBA1394 sp910588145
2026-01-11 15:28:55.959424 INFO::Fitting model to feature number 931, Anaerotruncus sp000403395
2026-01-11 15:28:55.968528 INFO::Fitting model to feature number 932, Anaerotruncus sp003612625
2026-01-11 15:28:55.980358 INFO::Fitting model to feature number 933, Anaerotruncus colihominis_A
2026-01-11 15:28:55.993449 INFO::Fitting model to feature number 934, Anaerotruncus sp910586875
2026-01-11 15:28:56.002654 INFO::Fitting model to feature number 935, MGYG000410574
2026-01-11 15:28:56.013887 INFO::Fitting model to feature number 936, UBA3818 sp910583935
2026-01-11 15:28:56.025777 INFO::Fitting model to feature number 937, JAAVYW01 sp022791315
2026-01-11 15:28:56.037841 INFO::Fitting model to feature number 938, Faecivivens sp022793675
2026-01-11 15:28:56.050088 INFO::Fitting model to feature number 939, RGIG8773 sp910584715
2026-01-11 15:28:56.061116 INFO::Fitting model to feature number 940, QXXE01 sp009911355
2026-01-11 15:28:56.072771 INFO::Fitting model to feature number 941, QXXE01 sp910586575
2026-01-11 15:28:56.083942 INFO::Fitting model to feature number 942, MGYG000327912
2026-01-11 15:28:56.096069 INFO::Fitting model to feature number 943, Butyricicoccus sp910584935
2026-01-11 15:28:56.10678 INFO::Fitting model to feature number 944, Pseudobutyricicoccus sp910579575
2026-01-11 15:28:56.119964 INFO::Fitting model to feature number 945, MGYG000349368
2026-01-11 15:28:56.130146 INFO::Fitting model to feature number 946, Avispirillum sp011957885
2026-01-11 15:28:56.138862 INFO::Fitting model to feature number 947, MGYG000401352
2026-01-11 15:28:56.148308 INFO::Fitting model to feature number 948, Zhenpiania sp009911365
2026-01-11 15:28:56.157977 INFO::Fitting model to feature number 949, Zhenpiania sp910575405
2026-01-11 15:28:56.166618 INFO::Fitting model to feature number 950, Emergencia sp009936045
2026-01-11 15:28:56.177568 INFO::Fitting model to feature number 951, JAAVYD01 sp022790955
2026-01-11 15:28:56.217202 INFO::Fitting model to feature number 952, Fimisoma sp910588185
2026-01-11 15:28:56.228681 INFO::Fitting model to feature number 953, MGYG000410140
2026-01-11 15:28:56.242434 INFO::Fitting model to feature number 954, MGYG000323026
2026-01-11 15:28:56.254265 INFO::Fitting model to feature number 955, Coproplasma sp910579525
2026-01-11 15:28:56.266875 INFO::Fitting model to feature number 956, Coproplasma sp003979335
2026-01-11 15:28:56.279315 INFO::Fitting model to feature number 957, Coproplasma sp013316055
2026-01-11 15:28:56.292203 INFO::Fitting model to feature number 958, Coproplasma sp910577375
2026-01-11 15:28:56.305063 INFO::Fitting model to feature number 959, Coproplasma sp910586065
2026-01-11 15:28:56.317772 INFO::Fitting model to feature number 960, MGYG000328913
2026-01-11 15:28:56.329108 INFO::Fitting model to feature number 961, Coproplasma stercorigallinarum
2026-01-11 15:28:56.337158 INFO::Fitting model to feature number 962, MGBC120929 sp910583735
2026-01-11 15:28:56.346196 INFO::Fitting model to feature number 963, RACS-045 sp910579785
2026-01-11 15:28:56.354922 INFO::Fitting model to feature number 964, QANA01 sp910588425
2026-01-11 15:28:56.366222 INFO::Fitting model to feature number 965, MGYG000324257
2026-01-11 15:28:56.378539 INFO::Fitting model to feature number 966, HGM11386 sp022791055
2026-01-11 15:28:56.390341 INFO::Fitting model to feature number 967, RACS-047 sp013316045
2026-01-11 15:28:56.402904 INFO::Fitting model to feature number 968, CAG-475 sp910577815
2026-01-11 15:28:56.415292 INFO::Fitting model to feature number 969, MGYG000328446
2026-01-11 15:28:56.427343 INFO::Fitting model to feature number 970, Caccovivens sp910587225
2026-01-11 15:28:56.436546 INFO::Fitting model to feature number 971, CAG-41 sp910578235
2026-01-11 15:28:56.448028 INFO::Fitting model to feature number 972, MGYG000410260
2026-01-11 15:28:56.460346 INFO::Fitting model to feature number 973, MGYG000335786
2026-01-11 15:28:56.470947 INFO::Fitting model to feature number 974, MGYG000349464
2026-01-11 15:28:56.483181 INFO::Fitting model to feature number 975, CAG-269 sp022792395
2026-01-11 15:28:56.495685 INFO::Fitting model to feature number 976, MGYG000328872
2026-01-11 15:28:56.508624 INFO::Fitting model to feature number 977, MGYG000327552
2026-01-11 15:28:56.521374 INFO::Fitting model to feature number 978, RGIG8482 sp022796855
2026-01-11 15:28:56.534221 INFO::Fitting model to feature number 979, JAAWPK01 sp022791735
2026-01-11 15:28:56.545714 INFO::Fitting model to feature number 980, MGYG000375192
2026-01-11 15:28:56.554523 INFO::Fitting model to feature number 981, MGYG000323824
2026-01-11 15:28:56.564315 INFO::Fitting model to feature number 982, Akkermansia muciniphila_B
2026-01-11 15:28:56.574174 INFO::Fitting model to feature number 983, Akkermansia sp001580195
2026-01-11 15:28:56.585693 INFO::Fitting model to feature number 984, Parasutterella sp009767915
2026-01-11 15:28:56.597651 INFO::Fitting model to feature number 985, Turicimonas muris
2026-01-11 15:28:56.608402 INFO::Fitting model to feature number 986, MGYG000326933
2026-01-11 15:28:56.616637 INFO::Fitting model to feature number 987, Enterobacter hormaechei_A
2026-01-11 15:28:56.624976 INFO::Fitting model to feature number 988, Methylobacterium persicinum
2026-01-11 15:28:56.632707 INFO::Fitting model to feature number 989, MGYG000329730
2026-01-11 15:28:56.640371 INFO::Fitting model to feature number 990, MGYG000360301
2026-01-11 15:28:56.64898 INFO::Fitting model to feature number 991, Enterousia sp013316395
2026-01-11 15:28:56.656474 INFO::Fitting model to feature number 992, MGYG000410936
2026-01-11 15:28:56.664725 INFO::Fitting model to feature number 993, Scatocola sp910577205
2026-01-11 15:28:56.672128 INFO::Fitting model to feature number 994, MGYG000327352
2026-01-11 15:28:56.680098 INFO::Fitting model to feature number 995, MGBC118957 sp910584385
2026-01-11 15:28:56.68759 INFO::Fitting model to feature number 996, MGYG000391024
2026-01-11 15:28:56.695834 INFO::Fitting model to feature number 997, MGYG000323059
2026-01-11 15:28:56.703119 INFO::Fitting model to feature number 998, MGYG000328709
2026-01-11 15:28:56.711204 INFO::Fitting model to feature number 999, MGYG000411523
2026-01-11 15:28:56.718537 INFO::Fitting model to feature number 1000, MGYG000331169
2026-01-11 15:28:56.727161 INFO::Fitting model to feature number 1001, Nanosyncoccus sp003979185
2026-01-11 15:28:56.734444 INFO::Fitting model to feature number 1002, MGYG000344322
2026-01-11 15:28:56.742049 INFO::Fitting model to feature number 1003, Nanosyncoccus sp013316435
2026-01-11 15:28:56.749241 INFO::Fitting model to feature number 1004, MGYG000348936
2026-01-11 15:28:56.756714 INFO::Fitting model to feature number 1005, MGYG000341210
2026-01-11 15:28:56.764304 INFO::Fitting model to feature number 1006, MGYG000331839
2026-01-11 15:28:56.771647 INFO::Fitting model to feature number 1007, MGYG000328091
2026-01-11 15:28:56.779565 INFO::Fitting model to feature number 1008, Avidehalobacter sp022797295
2026-01-11 15:28:56.786644 INFO::Fitting model to feature number 1009, Avidehalobacter sp021771915
2026-01-11 15:28:56.795282 INFO::Fitting model to feature number 1010, MGYG000410378
2026-01-11 15:28:56.803431 INFO::Fitting model to feature number 1011, MGYG000411020
2026-01-11 15:28:56.812872 INFO::Fitting model to feature number 1012, MGBC122484 sp910587245
2026-01-11 15:28:56.821387 INFO::Fitting model to feature number 1013, MGBC122484 sp910586855
2026-01-11 15:28:56.830151 INFO::Fitting model to feature number 1014, MGBC122484 sp910578465
2026-01-11 15:28:56.838259 INFO::Fitting model to feature number 1015, MGBC122484 sp910587815
2026-01-11 15:28:56.850341 INFO::Fitting model to feature number 1016, Megamonas funiformis
2026-01-11 15:28:56.862251 INFO::Fitting model to feature number 1017, MGYG000325548
2026-01-11 15:28:56.8737 INFO::Fitting model to feature number 1018, UBA1436 sp910576915
2026-01-11 15:28:56.882514 INFO::Fitting model to feature number 1019, MGYG000331077
2026-01-11 15:28:56.891129 INFO::Fitting model to feature number 1020, MGYG000324324
2026-01-11 15:28:56.903058 INFO::Fitting model to feature number 1021, MGYG000333766
2026-01-11 15:28:56.913099 INFO::Fitting model to feature number 1022, UBA3282 sp910578115
2026-01-11 15:28:56.921608 INFO::Fitting model to feature number 1023, Anaerostipes hominis
2026-01-11 15:28:56.930615 INFO::Fitting model to feature number 1024, Bacteroides thetaiotaomicron
2026-01-11 15:28:56.941901 INFO::Fitting model to feature number 1025, C-19 sp910576345
2026-01-11 15:28:56.95296 INFO::Fitting model to feature number 1026, MGYG000327462
2026-01-11 15:28:56.964167 INFO::Fitting model to feature number 1027, MGYG000410493
2026-01-11 15:28:56.973552 INFO::Fitting model to feature number 1028, Allobaculum sp910579655
2026-01-11 15:28:56.981874 INFO::Fitting model to feature number 1029, MGBC163490 sp910588075
2026-01-11 15:28:56.989701 INFO::Fitting model to feature number 1030, Limosilactobacillus urinaemulieris
2026-01-11 15:28:56.998613 INFO::Fitting model to feature number 1031, Lactiplantibacillus plantarum
2026-01-11 15:28:57.00708 INFO::Fitting model to feature number 1032, Enterococcus_D gallinarum
2026-01-11 15:28:57.016315 INFO::Fitting model to feature number 1033, Lactococcus lactis
2026-01-11 15:28:57.025328 INFO::Fitting model to feature number 1034, Granulicatella adiacens
2026-01-11 15:28:57.033733 INFO::Fitting model to feature number 1035, Scybalousia sp910584255
2026-01-11 15:28:57.04272 INFO::Fitting model to feature number 1036, CAG-710 sp000432595
2026-01-11 15:28:57.051823 INFO::Fitting model to feature number 1037, MGYG000325543
2026-01-11 15:28:57.061926 INFO::Fitting model to feature number 1038, MGYG000326942
2026-01-11 15:28:57.072923 INFO::Fitting model to feature number 1039, Paratractidigestivibacter sp003150175
2026-01-11 15:28:57.082356 INFO::Fitting model to feature number 1040, Collinsella stercoris
2026-01-11 15:28:57.091116 INFO::Fitting model to feature number 1041, Collinsella sp900545445
2026-01-11 15:28:57.100842 INFO::Fitting model to feature number 1042, Collinsella sp002232035
2026-01-11 15:28:57.113104 INFO::Fitting model to feature number 1043, MGYG000330890
2026-01-11 15:28:57.124099 INFO::Fitting model to feature number 1044, Cutibacterium acnes
2026-01-11 15:28:57.137223 INFO::Fitting model to feature number 1045, MGYG000325467
2026-01-11 15:28:57.15102 INFO::Fitting model to feature number 1046, MGYG000325647
2026-01-11 15:28:57.16511 INFO::Fitting model to feature number 1047, MGYG000325468
2026-01-11 15:28:57.177111 INFO::Fitting model to feature number 1048, MGYG000325561
2026-01-11 15:28:57.186541 INFO::Fitting model to feature number 1049, CAG-873 sp014801485
2026-01-11 15:28:57.199073 INFO::Fitting model to feature number 1050, MGYG000325408
2026-01-11 15:28:57.210563 INFO::Fitting model to feature number 1051, CAG-873 sp910579605
2026-01-11 15:28:57.221831 INFO::Fitting model to feature number 1052, CAG-485 sp014802175
2026-01-11 15:28:57.233815 INFO::Fitting model to feature number 1053, CAG-485 sp014801875
2026-01-11 15:28:57.245647 INFO::Fitting model to feature number 1054, CAG-485 sp014803765
2026-01-11 15:28:57.25692 INFO::Fitting model to feature number 1055, MGYG000325797
2026-01-11 15:28:57.269089 INFO::Fitting model to feature number 1056, MGYG000325348
2026-01-11 15:28:57.281674 INFO::Fitting model to feature number 1057, MGYG000325391
2026-01-11 15:28:57.295033 INFO::Fitting model to feature number 1058, MGYG000325606
2026-01-11 15:28:57.307958 INFO::Fitting model to feature number 1059, MGYG000325480
2026-01-11 15:28:57.319927 INFO::Fitting model to feature number 1060, CAG-485 sp014800535
2026-01-11 15:28:57.331983 INFO::Fitting model to feature number 1061, CAG-485 sp014801585
2026-01-11 15:28:57.345371 INFO::Fitting model to feature number 1062, MGYG000325583
2026-01-11 15:28:57.357898 INFO::Fitting model to feature number 1063, MGYG000325430
2026-01-11 15:28:57.370715 INFO::Fitting model to feature number 1064, MGYG000325719
2026-01-11 15:28:57.387554 INFO::Fitting model to feature number 1065, MGYG000325338
2026-01-11 15:28:57.400394 INFO::Fitting model to feature number 1066, MGYG000325306
2026-01-11 15:28:57.414758 INFO::Fitting model to feature number 1067, MGYG000325603
2026-01-11 15:28:57.428964 INFO::Fitting model to feature number 1068, UBA3263 sp014802435
2026-01-11 15:28:57.442801 INFO::Fitting model to feature number 1069, MGYG000325316
2026-01-11 15:28:57.457369 INFO::Fitting model to feature number 1070, MGYG000325659
2026-01-11 15:28:57.469868 INFO::Fitting model to feature number 1071, MGYG000325628
2026-01-11 15:28:57.48179 INFO::Fitting model to feature number 1072, MGYG000325657
2026-01-11 15:28:57.523461 INFO::Fitting model to feature number 1073, MGYG000325523
2026-01-11 15:28:57.536916 INFO::Fitting model to feature number 1074, MGYG000325354
2026-01-11 15:28:57.550858 INFO::Fitting model to feature number 1075, MGYG000325392
2026-01-11 15:28:57.563569 INFO::Fitting model to feature number 1076, JAAVFS01 sp014802385
2026-01-11 15:28:57.571883 INFO::Fitting model to feature number 1077, MGYG000327349
2026-01-11 15:28:57.582161 INFO::Fitting model to feature number 1078, Parabacteroides johnsonii
2026-01-11 15:28:57.593585 INFO::Fitting model to feature number 1079, Parabacteroides sp910577325
2026-01-11 15:28:57.603685 INFO::Fitting model to feature number 1080, Bacteroides faecis
2026-01-11 15:28:57.613721 INFO::Fitting model to feature number 1081, Bacteroides bouchesdurhonensis
2026-01-11 15:28:57.622222 INFO::Fitting model to feature number 1082, Bacteroides ovatus
2026-01-11 15:28:57.63175 INFO::Fitting model to feature number 1083, Bacteroides caccae
2026-01-11 15:28:57.642174 INFO::Fitting model to feature number 1084, MGYG000325504
2026-01-11 15:28:57.652065 INFO::Fitting model to feature number 1085, Bacteroides salyersiae
2026-01-11 15:28:57.661117 INFO::Fitting model to feature number 1086, Bacteroides stercorirosoris
2026-01-11 15:28:57.673155 INFO::Fitting model to feature number 1087, MGYG000325502
2026-01-11 15:28:57.683156 INFO::Fitting model to feature number 1088, Prevotella pectinovora
2026-01-11 15:28:57.693143 INFO::Fitting model to feature number 1089, Prevotella sp000436915
2026-01-11 15:28:57.701761 INFO::Fitting model to feature number 1090, MGYG000325596
2026-01-11 15:28:57.712138 INFO::Fitting model to feature number 1091, Tidjanibacter sp910577285
2026-01-11 15:28:57.720704 INFO::Fitting model to feature number 1092, Odoribacter sp910588375
2026-01-11 15:28:57.730223 INFO::Fitting model to feature number 1093, Odoribacter sp910578985
2026-01-11 15:28:57.738657 INFO::Fitting model to feature number 1094, Odoribacter sp009935865
2026-01-11 15:28:57.747676 INFO::Fitting model to feature number 1095, Cryptobacteroides sp000431015
2026-01-11 15:28:57.755957 INFO::Fitting model to feature number 1096, MGYG000325795
2026-01-11 15:28:57.765285 INFO::Fitting model to feature number 1097, MGYG000326972
2026-01-11 15:28:57.773854 INFO::Fitting model to feature number 1098, Pullibacteroides sp910578275
2026-01-11 15:28:57.783112 INFO::Fitting model to feature number 1099, MGYG000376875
2026-01-11 15:28:57.795176 INFO::Fitting model to feature number 1100, MGYG000410984
2026-01-11 15:28:57.808711 INFO::Fitting model to feature number 1101, MGYG000329711
2026-01-11 15:28:57.817519 INFO::Fitting model to feature number 1102, Sporofaciens sp910584575
2026-01-11 15:28:57.828012 INFO::Fitting model to feature number 1103, Sporofaciens sp011960625
2026-01-11 15:28:57.839651 INFO::Fitting model to feature number 1104, MD308 sp910579335
2026-01-11 15:28:57.851289 INFO::Fitting model to feature number 1105, 14-2 sp910585625
2026-01-11 15:28:57.862828 INFO::Fitting model to feature number 1106, 14-2 sp910585895
2026-01-11 15:28:57.873094 INFO::Fitting model to feature number 1107, 14-2 sp004793545
2026-01-11 15:28:57.881811 INFO::Fitting model to feature number 1108, 14-2 sp910580195
2026-01-11 15:28:57.890429 INFO::Fitting model to feature number 1109, 14-2 sp910580015
2026-01-11 15:28:57.899302 INFO::Fitting model to feature number 1110, 14-2 sp910585395
2026-01-11 15:28:57.907602 INFO::Fitting model to feature number 1111, 14-2 sp910587895
2026-01-11 15:28:57.916755 INFO::Fitting model to feature number 1112, MGYG000327388
2026-01-11 15:28:57.924243 INFO::Fitting model to feature number 1113, MGYG000410811
2026-01-11 15:28:57.932314 INFO::Fitting model to feature number 1114, MGYG000352925
2026-01-11 15:28:57.939586 INFO::Fitting model to feature number 1115, MGYG000331207
2026-01-11 15:28:57.947889 INFO::Fitting model to feature number 1116, MGYG000328397
2026-01-11 15:28:57.954932 INFO::Fitting model to feature number 1117, 14-2 sp910588965
2026-01-11 15:28:57.962753 INFO::Fitting model to feature number 1118, 14-2 sp910586005
2026-01-11 15:28:57.97009 INFO::Fitting model to feature number 1119, 14-2 sp022790855
2026-01-11 15:28:57.978105 INFO::Fitting model to feature number 1120, Ventrimonas sp910588875
2026-01-11 15:28:57.985179 INFO::Fitting model to feature number 1121, Ventrimonas sp910586205
2026-01-11 15:28:57.993168 INFO::Fitting model to feature number 1122, Ventrimonas sp910588125
2026-01-11 15:28:58.003345 INFO::Fitting model to feature number 1123, MGYG000329105
2026-01-11 15:28:58.013418 INFO::Fitting model to feature number 1124, Ventrimonas sp022794255
2026-01-11 15:28:58.02157 INFO::Fitting model to feature number 1125, MGYG000432287
2026-01-11 15:28:58.030739 INFO::Fitting model to feature number 1126, Ventrimonas sp910584845
2026-01-11 15:28:58.038652 INFO::Fitting model to feature number 1127, UBA3282 sp910587715
2026-01-11 15:28:58.047521 INFO::Fitting model to feature number 1128, MGYG000411593
2026-01-11 15:28:58.058029 INFO::Fitting model to feature number 1129, MGYG000323128
2026-01-11 15:28:58.070091 INFO::Fitting model to feature number 1130, UBA3282 sp910578645
2026-01-11 15:28:58.080734 INFO::Fitting model to feature number 1131, UBA3282 sp910579735
2026-01-11 15:28:58.090751 INFO::Fitting model to feature number 1132, MGYG000325815
2026-01-11 15:28:58.103694 INFO::Fitting model to feature number 1133, UBA3282 sp910579395
2026-01-11 15:28:58.114593 INFO::Fitting model to feature number 1134, UBA3282 sp009774575
2026-01-11 15:28:58.123051 INFO::Fitting model to feature number 1135, MGYG000329420
2026-01-11 15:28:58.132651 INFO::Fitting model to feature number 1136, MGYG000323012
2026-01-11 15:28:58.141038 INFO::Fitting model to feature number 1137, MGYG000325709
2026-01-11 15:28:58.152676 INFO::Fitting model to feature number 1138, MGYG000325198
2026-01-11 15:28:58.164132 INFO::Fitting model to feature number 1139, UBA3282 sp910578845
2026-01-11 15:28:58.174656 INFO::Fitting model to feature number 1140, MGYG000325513
2026-01-11 15:28:58.183414 INFO::Fitting model to feature number 1141, UBA3282 sp910588955
2026-01-11 15:28:58.192079 INFO::Fitting model to feature number 1142, MGYG000325450
2026-01-11 15:28:58.20431 INFO::Fitting model to feature number 1143, MGYG000325999
2026-01-11 15:28:58.215411 INFO::Fitting model to feature number 1144, MGYG000411525
2026-01-11 15:28:58.226078 INFO::Fitting model to feature number 1145, MGYG000325558
2026-01-11 15:28:58.234131 INFO::Fitting model to feature number 1146, MGYG000322990
2026-01-11 15:28:58.242466 INFO::Fitting model to feature number 1147, MGYG000330673
2026-01-11 15:28:58.251008 INFO::Fitting model to feature number 1148, MGYG000368565
2026-01-11 15:28:58.259966 INFO::Fitting model to feature number 1149, UBA7109 sp910580235
2026-01-11 15:28:58.26856 INFO::Fitting model to feature number 1150, MGYG000324764
2026-01-11 15:28:58.277717 INFO::Fitting model to feature number 1151, MGYG000324065
2026-01-11 15:28:58.28609 INFO::Fitting model to feature number 1152, Roseburia sp910577925
2026-01-11 15:28:58.295536 INFO::Fitting model to feature number 1153, Roseburia intestinalis
2026-01-11 15:28:58.304097 INFO::Fitting model to feature number 1154, MGYG000328589
2026-01-11 15:28:58.313328 INFO::Fitting model to feature number 1155, MGYG000393816
2026-01-11 15:28:58.321389 INFO::Fitting model to feature number 1156, Butyribacter sp910579085
2026-01-11 15:28:58.33107 INFO::Fitting model to feature number 1157, MGYG000329302
2026-01-11 15:28:58.34037 INFO::Fitting model to feature number 1158, MGYG000348373
2026-01-11 15:28:58.352678 INFO::Fitting model to feature number 1159, MGYG000325401
2026-01-11 15:28:58.365139 INFO::Fitting model to feature number 1160, Butyribacter sp910586555
2026-01-11 15:28:58.377842 INFO::Fitting model to feature number 1161, Butyribacter sp910586605
2026-01-11 15:28:58.39035 INFO::Fitting model to feature number 1162, 1XD8-76 sp003611955
2026-01-11 15:28:58.403238 INFO::Fitting model to feature number 1163, 1XD8-76 sp910584915
2026-01-11 15:28:58.415643 INFO::Fitting model to feature number 1164, 1XD8-76 sp022799355
2026-01-11 15:28:58.426957 INFO::Fitting model to feature number 1165, Blautia coccoides
2026-01-11 15:28:58.435819 INFO::Fitting model to feature number 1166, Blautia hominis
2026-01-11 15:28:58.445143 INFO::Fitting model to feature number 1167, MGYG000330300
2026-01-11 15:28:58.453574 INFO::Fitting model to feature number 1168, Blautia sp001304935
2026-01-11 15:28:58.46391 INFO::Fitting model to feature number 1169, MGYG000411610
2026-01-11 15:28:58.477248 INFO::Fitting model to feature number 1170, Acetatifactor sp910578215
2026-01-11 15:28:58.490548 INFO::Fitting model to feature number 1171, MGYG000403847
2026-01-11 15:28:58.502717 INFO::Fitting model to feature number 1172, Acetatifactor sp910585665
2026-01-11 15:28:58.514593 INFO::Fitting model to feature number 1173, MGYG000410724
2026-01-11 15:28:58.526375 INFO::Fitting model to feature number 1174, MGYG000329148
2026-01-11 15:28:58.539328 INFO::Fitting model to feature number 1175, MGYG000331408
2026-01-11 15:28:58.551324 INFO::Fitting model to feature number 1176, MGYG000331279
2026-01-11 15:28:58.563457 INFO::Fitting model to feature number 1177, Acetatifactor sp910584375
2026-01-11 15:28:58.572574 INFO::Fitting model to feature number 1178, MGYG000345025
2026-01-11 15:28:58.582811 INFO::Fitting model to feature number 1179, Acetatifactor sp910586435
2026-01-11 15:28:58.594933 INFO::Fitting model to feature number 1180, MGYG000330154
2026-01-11 15:28:58.605998 INFO::Fitting model to feature number 1181, MGYG000327196
2026-01-11 15:28:58.618099 INFO::Fitting model to feature number 1182, Acetatifactor sp910586215
2026-01-11 15:28:58.627846 INFO::Fitting model to feature number 1183, Acetatifactor sp011959105
2026-01-11 15:28:58.636347 INFO::Fitting model to feature number 1184, Acetatifactor sp910586515
2026-01-11 15:28:58.646703 INFO::Fitting model to feature number 1185, MGYG000325688
2026-01-11 15:28:58.657722 INFO::Fitting model to feature number 1186, MGYG000325419
2026-01-11 15:28:58.669362 INFO::Fitting model to feature number 1187, Acetatifactor sp910585015
2026-01-11 15:28:58.680876 INFO::Fitting model to feature number 1188, Acetatifactor sp910577665
2026-01-11 15:28:58.69335 INFO::Fitting model to feature number 1189, MGYG000329799
2026-01-11 15:28:58.705327 INFO::Fitting model to feature number 1190, Acetatifactor sp910588225
2026-01-11 15:28:58.717171 INFO::Fitting model to feature number 1191, MGYG000410939
2026-01-11 15:28:58.757699 INFO::Fitting model to feature number 1192, MGYG000327533
2026-01-11 15:28:58.770126 INFO::Fitting model to feature number 1193, Acetatifactor sp022797535
2026-01-11 15:28:58.783344 INFO::Fitting model to feature number 1194, Acetatifactor sp022793065
2026-01-11 15:28:58.793831 INFO::Fitting model to feature number 1195, MGYG000329051
2026-01-11 15:28:58.806658 INFO::Fitting model to feature number 1196, MGYG000324774
2026-01-11 15:28:58.816384 INFO::Fitting model to feature number 1197, Lachnospira sp910587485
2026-01-11 15:28:58.824934 INFO::Fitting model to feature number 1198, Anaerostipes caccae
2026-01-11 15:28:58.834589 INFO::Fitting model to feature number 1199, 1XD42-69 sp910585825
2026-01-11 15:28:58.847255 INFO::Fitting model to feature number 1200, 1XD42-69 sp910586725
2026-01-11 15:28:58.859742 INFO::Fitting model to feature number 1201, MGYG000325395
2026-01-11 15:28:58.875887 INFO::Fitting model to feature number 1202, 1XD42-69 sp910586355
2026-01-11 15:28:58.888268 INFO::Fitting model to feature number 1203, MGYG000330490
2026-01-11 15:28:58.900798 INFO::Fitting model to feature number 1204, 1XD42-69 sp910589105
2026-01-11 15:28:58.915171 INFO::Fitting model to feature number 1205, MGYG000327486
2026-01-11 15:28:58.928987 INFO::Fitting model to feature number 1206, MGYG000331229
2026-01-11 15:28:58.939638 INFO::Fitting model to feature number 1207, UBA3402 sp910588505
2026-01-11 15:28:58.952643 INFO::Fitting model to feature number 1208, UBA3402 sp022792815
2026-01-11 15:28:58.96414 INFO::Fitting model to feature number 1209, UBA3402 sp910579515
2026-01-11 15:28:58.975432 INFO::Fitting model to feature number 1210, MGYG000410806
2026-01-11 15:28:58.9893 INFO::Fitting model to feature number 1211, MGYG000324300
2026-01-11 15:28:59.003798 INFO::Fitting model to feature number 1212, MGYG000324807
2026-01-11 15:28:59.017399 INFO::Fitting model to feature number 1213, MGYG000327237
2026-01-11 15:28:59.02823 INFO::Fitting model to feature number 1214, MGYG000327181
2026-01-11 15:28:59.037145 INFO::Fitting model to feature number 1215, CAG-95 sp910577445
2026-01-11 15:28:59.046955 INFO::Fitting model to feature number 1216, CAG-95 sp002492465
2026-01-11 15:28:59.058104 INFO::Fitting model to feature number 1217, CAG-95 sp910587305
2026-01-11 15:28:59.068988 INFO::Fitting model to feature number 1218, CAG-95 sp910587295
2026-01-11 15:28:59.080111 INFO::Fitting model to feature number 1219, MGYG000410955
2026-01-11 15:28:59.092942 INFO::Fitting model to feature number 1220, MGYG000325519
2026-01-11 15:28:59.104878 INFO::Fitting model to feature number 1221, MGYG000325286
2026-01-11 15:28:59.115934 INFO::Fitting model to feature number 1222, CAG-95 sp000403495
2026-01-11 15:28:59.124554 INFO::Fitting model to feature number 1223, CAG-95 sp014804245
2026-01-11 15:28:59.134555 INFO::Fitting model to feature number 1224, MGYG000324752
2026-01-11 15:28:59.146257 INFO::Fitting model to feature number 1225, MGYG000330445
2026-01-11 15:28:59.155884 INFO::Fitting model to feature number 1226, COE1 sp014239155
2026-01-11 15:28:59.168167 INFO::Fitting model to feature number 1227, MGYG000325661
2026-01-11 15:28:59.180726 INFO::Fitting model to feature number 1228, COE1 sp011959805
2026-01-11 15:28:59.191946 INFO::Fitting model to feature number 1229, COE1 sp009774245
2026-01-11 15:28:59.204528 INFO::Fitting model to feature number 1230, MGYG000325434
2026-01-11 15:28:59.21868 INFO::Fitting model to feature number 1231, COE1 sp910577115
2026-01-11 15:28:59.228181 INFO::Fitting model to feature number 1232, COE1 sp000403215
2026-01-11 15:28:59.237798 INFO::Fitting model to feature number 1233, COE1 sp910588595
2026-01-11 15:28:59.249418 INFO::Fitting model to feature number 1234, COE1 sp910586095
2026-01-11 15:28:59.261053 INFO::Fitting model to feature number 1235, MGYG000325380
2026-01-11 15:28:59.273699 INFO::Fitting model to feature number 1236, MGYG000328561
2026-01-11 15:28:59.28628 INFO::Fitting model to feature number 1237, COE1 sp910578795
2026-01-11 15:28:59.298631 INFO::Fitting model to feature number 1238, COE1 sp003513705
2026-01-11 15:28:59.31058 INFO::Fitting model to feature number 1239, Eubacterium_F sp910577295
2026-01-11 15:28:59.322634 INFO::Fitting model to feature number 1240, Eubacterium_F sp910584065
2026-01-11 15:28:59.332726 INFO::Fitting model to feature number 1241, Eubacterium_F sp910584245
2026-01-11 15:28:59.345012 INFO::Fitting model to feature number 1242, Eubacterium_F sp910589665
2026-01-11 15:28:59.355586 INFO::Fitting model to feature number 1243, Eubacterium_F sp910584645
2026-01-11 15:28:59.369806 INFO::Fitting model to feature number 1244, MGYG000327551
2026-01-11 15:28:59.384206 INFO::Fitting model to feature number 1245, VSOB01 sp910585345
2026-01-11 15:28:59.39669 INFO::Fitting model to feature number 1246, VSOB01 sp910589075
2026-01-11 15:28:59.407307 INFO::Fitting model to feature number 1247, Merdisoma sp910587955
2026-01-11 15:28:59.419968 INFO::Fitting model to feature number 1248, MGYG000331110
2026-01-11 15:28:59.433171 INFO::Fitting model to feature number 1249, Eubacterium_J plexicaudatum
2026-01-11 15:28:59.442327 INFO::Fitting model to feature number 1250, Eubacterium_J sp910586445
2026-01-11 15:28:59.451877 INFO::Fitting model to feature number 1251, Eubacterium_J sp910577225
2026-01-11 15:28:59.461228 INFO::Fitting model to feature number 1252, Eubacterium_J sp009774535
2026-01-11 15:28:59.469867 INFO::Fitting model to feature number 1253, Eubacterium_J sp910586225
2026-01-11 15:28:59.479226 INFO::Fitting model to feature number 1254, Eubacterium_J sp910584345
2026-01-11 15:28:59.488079 INFO::Fitting model to feature number 1255, MGYG000327547
2026-01-11 15:28:59.497277 INFO::Fitting model to feature number 1256, MGYG000325711
2026-01-11 15:28:59.505958 INFO::Fitting model to feature number 1257, MGYG000324920
2026-01-11 15:28:59.517953 INFO::Fitting model to feature number 1258, Eubacterium_J sp910586045
2026-01-11 15:28:59.531846 INFO::Fitting model to feature number 1259, MGYG000331263
2026-01-11 15:28:59.545331 INFO::Fitting model to feature number 1260, Kineothrix sp910579645
2026-01-11 15:28:59.558877 INFO::Fitting model to feature number 1261, Kineothrix sp023399455
2026-01-11 15:28:59.572754 INFO::Fitting model to feature number 1262, Kineothrix sp910578405
2026-01-11 15:28:59.587639 INFO::Fitting model to feature number 1263, MGBC164599 sp910584115
2026-01-11 15:28:59.601684 INFO::Fitting model to feature number 1264, MGYG000330773
2026-01-11 15:28:59.622603 INFO::Fitting model to feature number 1265, MGYG000323038
2026-01-11 15:28:59.637116 INFO::Fitting model to feature number 1266, Caccovicinus sp910589195
2026-01-11 15:28:59.651399 INFO::Fitting model to feature number 1267, Copromonas sp910585355
2026-01-11 15:28:59.668641 INFO::Fitting model to feature number 1268, MGYG000329350
2026-01-11 15:28:59.683108 INFO::Fitting model to feature number 1269, Copromonas sp900066535
2026-01-11 15:28:59.698567 INFO::Fitting model to feature number 1270, MGYG000346909
2026-01-11 15:28:59.712879 INFO::Fitting model to feature number 1271, Eisenbergiella porci
2026-01-11 15:28:59.725296 INFO::Fitting model to feature number 1272, MGYG000379181
2026-01-11 15:28:59.750601 INFO::Fitting model to feature number 1273, CAG-510 sp910578335
2026-01-11 15:28:59.775785 INFO::Fitting model to feature number 1274, CAG-510 sp910577015
2026-01-11 15:28:59.785914 INFO::Fitting model to feature number 1275, MGYG000325414
2026-01-11 15:28:59.796099 INFO::Fitting model to feature number 1276, MGYG000328974
2026-01-11 15:28:59.805765 INFO::Fitting model to feature number 1277, MGYG000329478
2026-01-11 15:28:59.815777 INFO::Fitting model to feature number 1278, SIG307 sp910577175
2026-01-11 15:28:59.824975 INFO::Fitting model to feature number 1279, Clostridium_Q symbiosum
2026-01-11 15:28:59.835235 INFO::Fitting model to feature number 1280, Clostridium_Q sp009911305
2026-01-11 15:28:59.845098 INFO::Fitting model to feature number 1281, Enterocloster bolteae
2026-01-11 15:28:59.858462 INFO::Fitting model to feature number 1282, MGYG000330164
2026-01-11 15:28:59.875901 INFO::Fitting model to feature number 1283, MGYG000323607
2026-01-11 15:28:59.89064 INFO::Fitting model to feature number 1284, RGIG4057 sp910577675
2026-01-11 15:28:59.905218 INFO::Fitting model to feature number 1285, RGIG8607 sp910588535
2026-01-11 15:28:59.918803 INFO::Fitting model to feature number 1286, MGYG000325404
2026-01-11 15:28:59.932915 INFO::Fitting model to feature number 1287, MGBC131033 sp910585655
2026-01-11 15:28:59.946242 INFO::Fitting model to feature number 1288, MGYG000409986
2026-01-11 15:28:59.95822 INFO::Fitting model to feature number 1289, MGYG000323124
2026-01-11 15:28:59.970495 INFO::Fitting model to feature number 1290, MGYG000327294
2026-01-11 15:28:59.982315 INFO::Fitting model to feature number 1291, RUG115 sp910578885
2026-01-11 15:28:59.997283 INFO::Fitting model to feature number 1292, MGYG000328329
2026-01-11 15:29:00.010807 INFO::Fitting model to feature number 1293, MGYG000410396
2026-01-11 15:29:00.020385 INFO::Fitting model to feature number 1294, RGIG7193 sp910586125
2026-01-11 15:29:00.030106 INFO::Fitting model to feature number 1295, MGYG000325636
2026-01-11 15:29:00.038801 INFO::Fitting model to feature number 1296, Agathobacter sp910587655
2026-01-11 15:29:00.048473 INFO::Fitting model to feature number 1297, MGYG000410161
2026-01-11 15:29:00.059356 INFO::Fitting model to feature number 1298, MGYG000327199
2026-01-11 15:29:00.071041 INFO::Fitting model to feature number 1299, RGIG3040 sp910585715
2026-01-11 15:29:00.081616 INFO::Fitting model to feature number 1300, Butyrivibrio_A sp000431815
2026-01-11 15:29:00.090331 INFO::Fitting model to feature number 1301, Butyrivibrio_A sp910577605
2026-01-11 15:29:00.100098 INFO::Fitting model to feature number 1302, MGYG000325389
2026-01-11 15:29:00.108159 INFO::Fitting model to feature number 1303, MGBC114844 sp910579865
2026-01-11 15:29:00.11732 INFO::Fitting model to feature number 1304, CAG-303 sp910577835
2026-01-11 15:29:00.125707 INFO::Fitting model to feature number 1305, CAG-303 sp910584685
2026-01-11 15:29:00.134672 INFO::Fitting model to feature number 1306, MGYG000327534
2026-01-11 15:29:00.143265 INFO::Fitting model to feature number 1307, An181 sp910585545
2026-01-11 15:29:00.152891 INFO::Fitting model to feature number 1308, RGIG3002 sp910579805
2026-01-11 15:29:00.161844 INFO::Fitting model to feature number 1309, MGYG000323516
2026-01-11 15:29:00.189426 INFO::Fitting model to feature number 1310, MGBC120314 sp910584325
2026-01-11 15:29:00.202351 INFO::Fitting model to feature number 1311, MGYG000328392
2026-01-11 15:29:00.210181 INFO::Fitting model to feature number 1312, CAG-632 sp910587045
2026-01-11 15:29:00.220584 INFO::Fitting model to feature number 1313, MGBC136627 sp910585935
2026-01-11 15:29:00.228814 INFO::Fitting model to feature number 1314, MGBC165282 sp910589265
2026-01-11 15:29:00.236328 INFO::Fitting model to feature number 1315, Mediterraneibacter_A sp022790755
2026-01-11 15:29:00.24418 INFO::Fitting model to feature number 1316, Hungatella effluvii
2026-01-11 15:29:00.252147 INFO::Fitting model to feature number 1317, Mobilitalea sp023395555
2026-01-11 15:29:00.259686 INFO::Fitting model to feature number 1318, Fusicatenibacter saccharivorans
2026-01-11 15:29:00.267613 INFO::Fitting model to feature number 1319, CAG-411 sp014799595
2026-01-11 15:29:00.275603 INFO::Fitting model to feature number 1320, MGYG000323744
2026-01-11 15:29:00.284911 INFO::Fitting model to feature number 1321, MGBC143606 sp910587935
2026-01-11 15:29:00.29348 INFO::Fitting model to feature number 1322, C-53 sp003612525
2026-01-11 15:29:00.304108 INFO::Fitting model to feature number 1323, Ruminococcus_B gnavus
2026-01-11 15:29:00.315176 INFO::Fitting model to feature number 1324, Frisingicoccus caecimuris
2026-01-11 15:29:00.327034 INFO::Fitting model to feature number 1325, MGYG000326088
2026-01-11 15:29:00.33902 INFO::Fitting model to feature number 1326, Lawsonibacter sp900066645
2026-01-11 15:29:00.351328 INFO::Fitting model to feature number 1327, MGYG000327494
2026-01-11 15:29:00.366762 INFO::Fitting model to feature number 1328, MGYG000325423
2026-01-11 15:29:00.382027 INFO::Fitting model to feature number 1329, Dysosmobacter sp022797935
2026-01-11 15:29:00.394521 INFO::Fitting model to feature number 1330, MGYG000327261
2026-01-11 15:29:00.405776 INFO::Fitting model to feature number 1331, Dysosmobacter sp910588005
2026-01-11 15:29:00.416639 INFO::Fitting model to feature number 1332, Dysosmobacter sp001916835
2026-01-11 15:29:00.426406 INFO::Fitting model to feature number 1333, Dysosmobacter sp910585165
2026-01-11 15:29:00.438636 INFO::Fitting model to feature number 1334, MGYG000329398
2026-01-11 15:29:00.448706 INFO::Fitting model to feature number 1335, MGYG000322989
2026-01-11 15:29:00.459686 INFO::Fitting model to feature number 1336, MGYG000323872
2026-01-11 15:29:00.469354 INFO::Fitting model to feature number 1337, Pelethomonas sp022797115
2026-01-11 15:29:00.479867 INFO::Fitting model to feature number 1338, Pelethomonas sp910584045
2026-01-11 15:29:00.490321 INFO::Fitting model to feature number 1339, MGYG000325682
2026-01-11 15:29:00.499726 INFO::Fitting model to feature number 1340, MGYG000329870
2026-01-11 15:29:00.510503 INFO::Fitting model to feature number 1341, MGYG000409933
2026-01-11 15:29:00.522093 INFO::Fitting model to feature number 1342, MGYG000325610
2026-01-11 15:29:00.532907 INFO::Fitting model to feature number 1343, Faecousia sp900544705
2026-01-11 15:29:00.542173 INFO::Fitting model to feature number 1344, MGYG000327369
2026-01-11 15:29:00.552938 INFO::Fitting model to feature number 1345, MGYG000327333
2026-01-11 15:29:00.564535 INFO::Fitting model to feature number 1346, Marseille-P3106 sp905219705
2026-01-11 15:29:00.578042 INFO::Fitting model to feature number 1347, Marseille-P3106 sp910577415
2026-01-11 15:29:00.590812 INFO::Fitting model to feature number 1348, MGYG000329177
2026-01-11 15:29:00.602724 INFO::Fitting model to feature number 1349, HGM13010 sp022800755
2026-01-11 15:29:00.613355 INFO::Fitting model to feature number 1350, Flavonifractor plautii
2026-01-11 15:29:00.623083 INFO::Fitting model to feature number 1351, Intestinimonas butyriciproducens
2026-01-11 15:29:00.634805 INFO::Fitting model to feature number 1352, MGBC124762 sp910579775
2026-01-11 15:29:00.645283 INFO::Fitting model to feature number 1353, MGYG000329700
2026-01-11 15:29:00.656716 INFO::Fitting model to feature number 1354, MGYG000323009
2026-01-11 15:29:00.667897 INFO::Fitting model to feature number 1355, MGYG000326780
2026-01-11 15:29:00.679529 INFO::Fitting model to feature number 1356, MGYG000329402
2026-01-11 15:29:00.691529 INFO::Fitting model to feature number 1357, MGYG000411571
2026-01-11 15:29:00.704373 INFO::Fitting model to feature number 1358, MGYG000356933
2026-01-11 15:29:00.715443 INFO::Fitting model to feature number 1359, MGYG000376485
2026-01-11 15:29:00.723661 INFO::Fitting model to feature number 1360, Fimivicinus sp900544375
2026-01-11 15:29:00.73285 INFO::Fitting model to feature number 1361, Ruminococcus_E sp910585865
2026-01-11 15:29:00.741603 INFO::Fitting model to feature number 1362, UBA1417 sp900549945
2026-01-11 15:29:00.750695 INFO::Fitting model to feature number 1363, MGYG000360413
2026-01-11 15:29:00.759629 INFO::Fitting model to feature number 1364, Ruthenibacterium lactatiformans
2026-01-11 15:29:00.768854 INFO::Fitting model to feature number 1365, MGYG000410556
2026-01-11 15:29:00.778003 INFO::Fitting model to feature number 1366, UBA1394 sp900066845
2026-01-11 15:29:00.786737 INFO::Fitting model to feature number 1367, MGYG000410798
2026-01-11 15:29:00.79584 INFO::Fitting model to feature number 1368, MGYG000327515
2026-01-11 15:29:00.80437 INFO::Fitting model to feature number 1369, MGYG000325568
2026-01-11 15:29:00.815017 INFO::Fitting model to feature number 1370, MGYG000325411
2026-01-11 15:29:00.825422 INFO::Fitting model to feature number 1371, MGYG000328314
2026-01-11 15:29:00.838142 INFO::Fitting model to feature number 1372, UBA1405 sp910589145
2026-01-11 15:29:00.851115 INFO::Fitting model to feature number 1373, CAG-115 sp910587135
2026-01-11 15:29:00.863725 INFO::Fitting model to feature number 1374, CAG-115 sp910577365
2026-01-11 15:29:00.877678 INFO::Fitting model to feature number 1375, CAG-115 sp910587465
2026-01-11 15:29:00.889895 INFO::Fitting model to feature number 1376, Faecalibacterium sp900539945
2026-01-11 15:29:00.901847 INFO::Fitting model to feature number 1377, Faecalibacterium longum
2026-01-11 15:29:00.914855 INFO::Fitting model to feature number 1378, Faecalibacterium prausnitzii_F
2026-01-11 15:29:00.927845 INFO::Fitting model to feature number 1379, MGYG000325416
2026-01-11 15:29:00.94002 INFO::Fitting model to feature number 1380, UBA7177 sp910579545
2026-01-11 15:29:00.951245 INFO::Fitting model to feature number 1381, UBA7177 sp910578965
2026-01-11 15:29:00.959523 INFO::Fitting model to feature number 1382, Neobittarella massiliensis
2026-01-11 15:29:00.968712 INFO::Fitting model to feature number 1383, Gemmiger formicilis
2026-01-11 15:29:00.97728 INFO::Fitting model to feature number 1384, MGYG000328468
2026-01-11 15:29:00.986736 INFO::Fitting model to feature number 1385, UBA866 sp022791945
2026-01-11 15:29:00.996596 INFO::Fitting model to feature number 1386, UMGS1601 sp900545345
2026-01-11 15:29:01.007079 INFO::Fitting model to feature number 1387, MGYG000410783
2026-01-11 15:29:01.018474 INFO::Fitting model to feature number 1388, MGYG000330170
2026-01-11 15:29:01.02736 INFO::Fitting model to feature number 1389, MGYG000330888
2026-01-11 15:29:01.036725 INFO::Fitting model to feature number 1390, QXXE01 sp910586105
2026-01-11 15:29:01.04687 INFO::Fitting model to feature number 1391, MGYG000330847
2026-01-11 15:29:01.057915 INFO::Fitting model to feature number 1392, MGBC161649 sp910587685
2026-01-11 15:29:01.067874 INFO::Fitting model to feature number 1393, Coproplasma sp910586035
2026-01-11 15:29:01.076562 INFO::Fitting model to feature number 1394, Coproplasma sp910579295
2026-01-11 15:29:01.087704 INFO::Fitting model to feature number 1395, Coproplasma sp910587825
2026-01-11 15:29:01.099191 INFO::Fitting model to feature number 1396, Coproplasma sp910585705
2026-01-11 15:29:01.108671 INFO::Fitting model to feature number 1397, Coproplasma sp910576655
2026-01-11 15:29:01.118012 INFO::Fitting model to feature number 1398, MGYG000410549
2026-01-11 15:29:01.127199 INFO::Fitting model to feature number 1399, Coproplasma sp910577555
2026-01-11 15:29:01.136012 INFO::Fitting model to feature number 1400, Gallimonas sp910586985
2026-01-11 15:29:01.145156 INFO::Fitting model to feature number 1401, Gallimonas sp910586365
2026-01-11 15:29:01.15445 INFO::Fitting model to feature number 1402, Gallimonas sp910589015
2026-01-11 15:29:01.167538 INFO::Fitting model to feature number 1403, Gallimonas sp910586825
2026-01-11 15:29:01.176954 INFO::Fitting model to feature number 1404, Gallimonas sp910586675
2026-01-11 15:29:01.188722 INFO::Fitting model to feature number 1405, Anaerocaecibacter sp910578545
2026-01-11 15:29:01.198992 INFO::Fitting model to feature number 1406, Anaerocaecibacter sp910579205
2026-01-11 15:29:01.207471 INFO::Fitting model to feature number 1407, Anaerocaecibacter sp910585055
2026-01-11 15:29:01.21665 INFO::Fitting model to feature number 1408, MGYG000327384
2026-01-11 15:29:01.229593 INFO::Fitting model to feature number 1409, MGBC157735 sp910588155
2026-01-11 15:29:01.241019 INFO::Fitting model to feature number 1410, Pumilibacter sp910579245
2026-01-11 15:29:01.254002 INFO::Fitting model to feature number 1411, UBA11524 sp000437595
2026-01-11 15:29:01.263965 INFO::Fitting model to feature number 1412, MGYG000388556
2026-01-11 15:29:01.276453 INFO::Fitting model to feature number 1413, Zhenpiania sp910583765
2026-01-11 15:29:01.290436 INFO::Fitting model to feature number 1414, RGIG7179 sp022793795
2026-01-11 15:29:01.3037 INFO::Fitting model to feature number 1415, VUNA01 sp002299625
2026-01-11 15:29:01.314407 INFO::Fitting model to feature number 1416, MGYG000327020
2026-01-11 15:29:01.322458 INFO::Fitting model to feature number 1417, Clostridioides difficile
2026-01-11 15:29:01.331003 INFO::Fitting model to feature number 1418, MGYG000369796
2026-01-11 15:29:01.33928 INFO::Fitting model to feature number 1419, MGYG000411069
2026-01-11 15:29:01.348604 INFO::Fitting model to feature number 1420, MGYG000328055
2026-01-11 15:29:01.357443 INFO::Fitting model to feature number 1421, MGYG000411369
2026-01-11 15:29:01.368298 INFO::Fitting model to feature number 1422, Clostridium sp910588715
2026-01-11 15:29:01.37737 INFO::Fitting model to feature number 1423, CAG-41 sp010206265
2026-01-11 15:29:01.387178 INFO::Fitting model to feature number 1424, Parasutterella excrementihominis
2026-01-11 15:29:01.39663 INFO::Fitting model to feature number 1425, Escherichia coli
2026-01-11 15:29:01.40631 INFO::Fitting model to feature number 1426, Klebsiella michiganensis
2026-01-11 15:29:01.443719 INFO::Fitting model to feature number 1427, MGYG000408998
2026-01-11 15:29:01.45533 INFO::Fitting model to feature number 1428, MGYG000324409
2026-01-11 15:29:01.465791 INFO::Fitting model to feature number 1429, MGYG000366359
2026-01-11 15:29:01.47443 INFO::Fitting model to feature number 1430, MGYG000411437
2026-01-11 15:29:01.486984 INFO::Fitting model to feature number 1431, MGYG000350430
2026-01-11 15:29:01.496106 INFO::Fitting model to feature number 1432, MGYG000346441
2026-01-11 15:29:01.506207 INFO::Fitting model to feature number 1433, MGYG000322940
2026-01-11 15:29:01.516903 INFO::Fitting model to feature number 1434, MGYG000410841
2026-01-11 15:29:01.526717 INFO::Fitting model to feature number 1435, Zag111 sp910584405
2026-01-11 15:29:01.53893 INFO::Fitting model to feature number 1436, Avigastranaerophilus sp910583875
2026-01-11 15:29:01.549195 INFO::Fitting model to feature number 1437, MGBC122484 sp910583725
2026-01-11 15:29:01.559102 INFO::Fitting model to feature number 1438, MGYG000326931
2026-01-11 15:29:01.569773 INFO::Fitting model to feature number 1439, MGYG000405972
2026-01-11 15:29:01.577483 INFO::Fitting model to feature number 1440, MGYG000328795
2026-01-11 15:29:01.586196 INFO::Fitting model to feature number 1441, HGM10857 sp910578745
2026-01-11 15:29:01.594647 INFO::Fitting model to feature number 1442, MGYG000410710
2026-01-11 15:29:01.602905 INFO::Fitting model to feature number 1443, Acetatifactor muris
2026-01-11 15:29:01.610017 INFO::Fitting model to feature number 1444, MGYG000325356
2026-01-11 15:29:01.618527 INFO::Fitting model to feature number 1445, MGYG000329400
2026-01-11 15:29:01.627411 INFO::Fitting model to feature number 1446, Coprocola sp910587735
2026-01-11 15:29:01.638235 INFO::Fitting model to feature number 1447, MGYG000387050
2026-01-11 15:29:01.650754 INFO::Fitting model to feature number 1448, MGYG000326286
2026-01-11 15:29:01.662217 INFO::Fitting model to feature number 1449, Ruminococcus sp910576995
2026-01-11 15:29:01.671303 INFO::Fitting model to feature number 1450, Ruminococcus sp910579835
2026-01-11 15:29:01.680889 INFO::Fitting model to feature number 1451, Ruminococcus sp900540005
2026-01-11 15:29:01.688593 INFO::Fitting model to feature number 1452, Ruminococcus sp002362175
2026-01-11 15:29:01.699432 INFO::Fitting model to feature number 1453, Ruminococcus sp910577575
2026-01-11 15:29:01.70849 INFO::Fitting model to feature number 1454, MGYG000410441
2026-01-11 15:29:01.718225 INFO::Fitting model to feature number 1455, MGYG000365643
2026-01-11 15:29:01.727553 INFO::Fitting model to feature number 1456, MGYG000369368
2026-01-11 15:29:01.737165 INFO::Fitting model to feature number 1457, MGYG000330830
2026-01-11 15:29:01.747763 INFO::Fitting model to feature number 1458, MGYG000324069
2026-01-11 15:29:01.760262 INFO::Fitting model to feature number 1459, MGYG000392389
2026-01-11 15:29:01.771773 INFO::Fitting model to feature number 1460, Coproplasma sp910578195
2026-01-11 15:29:01.784624 INFO::Fitting model to feature number 1461, Gallimonas sp910588615
2026-01-11 15:29:01.796485 INFO::Fitting model to feature number 1462, Fimimonas sp910586905
2026-01-11 15:29:01.805175 INFO::Fitting model to feature number 1463, MGYG000329863
2026-01-11 15:29:01.81479 INFO::Fitting model to feature number 1464, Pseudomonas aeruginosa
2026-01-11 15:29:01.824249 INFO::Fitting model to feature number 1465, C-19 sp022799495
2026-01-11 15:29:01.8342 INFO::Fitting model to feature number 1466, MGBC140090 sp910586805
2026-01-11 15:29:01.843258 INFO::Fitting model to feature number 1467, MGYG000337677
2026-01-11 15:29:01.852301 INFO::Fitting model to feature number 1468, Staphylococcus nepalensis
2026-01-11 15:29:01.862108 INFO::Fitting model to feature number 1469, D16-34 sp910588485
2026-01-11 15:29:01.871349 INFO::Fitting model to feature number 1470, UMGS1502 sp900552365
2026-01-11 15:29:01.879347 INFO::Fitting model to feature number 1471, CACZQA01 sp900758075
2026-01-11 15:29:01.886605 INFO::Fitting model to feature number 1472, MGYG000325313
2026-01-11 15:29:01.893612 INFO::Fitting model to feature number 1473, Schaedlerella glycyrrhizinilytica_A
2026-01-11 15:29:01.901335 INFO::Fitting model to feature number 1474, MGYG000322968
2026-01-11 15:29:01.909952 INFO::Fitting model to feature number 1475, Butyribacter sp003612285
2026-01-11 15:29:01.918871 INFO::Fitting model to feature number 1476, Butyribacter sp910580005
2026-01-11 15:29:01.929081 INFO::Fitting model to feature number 1477, MGYG000325492
2026-01-11 15:29:01.939334 INFO::Fitting model to feature number 1478, Acetatifactor sp910578815
2026-01-11 15:29:01.948965 INFO::Fitting model to feature number 1479, Acetatifactor sp910583845
2026-01-11 15:29:01.960412 INFO::Fitting model to feature number 1480, MGYG000328399
2026-01-11 15:29:01.969232 INFO::Fitting model to feature number 1481, Acetatifactor sp910587755
2026-01-11 15:29:01.977241 INFO::Fitting model to feature number 1482, MGYG000329698
2026-01-11 15:29:01.988595 INFO::Fitting model to feature number 1483, CAG-95 sp009774465
2026-01-11 15:29:02.000753 INFO::Fitting model to feature number 1484, MGYG000410124
2026-01-11 15:29:02.012456 INFO::Fitting model to feature number 1485, UBA2882 sp002362385
2026-01-11 15:29:02.022699 INFO::Fitting model to feature number 1486, MGYG000350270
2026-01-11 15:29:02.034191 INFO::Fitting model to feature number 1487, MGYG000411484
2026-01-11 15:29:02.043577 INFO::Fitting model to feature number 1488, 1XD42-69 sp003612565
2026-01-11 15:29:02.055193 INFO::Fitting model to feature number 1489, MGYG000324730
2026-01-11 15:29:02.066202 INFO::Fitting model to feature number 1490, Blautia_A wexlerae
2026-01-11 15:29:02.07584 INFO::Fitting model to feature number 1491, Bariatricus comes
2026-01-11 15:29:02.086392 INFO::Fitting model to feature number 1492, Wujia sp002493625
2026-01-11 15:29:02.098032 INFO::Fitting model to feature number 1493, MGYG000322947
2026-01-11 15:29:02.109661 INFO::Fitting model to feature number 1494, MGYG000322925
2026-01-11 15:29:02.121633 INFO::Fitting model to feature number 1495, MGYG000330643
2026-01-11 15:29:02.132889 INFO::Fitting model to feature number 1496, MGYG000325949
2026-01-11 15:29:02.141496 INFO::Fitting model to feature number 1497, Acutalibacter ornithocaccae
2026-01-11 15:29:02.151657 INFO::Fitting model to feature number 1498, Eubacterium_R sp910577195
2026-01-11 15:29:02.165145 INFO::Fitting model to feature number 1499, Avimonas_A sp022800315
2026-01-11 15:29:02.177031 INFO::Fitting model to feature number 1500, UBA3818 sp904397845
2026-01-11 15:29:02.18689 INFO::Fitting model to feature number 1501, MGYG000354216
2026-01-11 15:29:02.197663 INFO::Fitting model to feature number 1502, MGYG000350425
2026-01-11 15:29:02.208537 INFO::Fitting model to feature number 1503, MGYG000340095
2026-01-11 15:29:02.220906 INFO::Fitting model to feature number 1504, MGYG000336507
2026-01-11 15:29:02.232435 INFO::Fitting model to feature number 1505, Agrobacterium pusense
2026-01-11 15:29:02.242103 INFO::Fitting model to feature number 1506, MGYG000325577
2026-01-11 15:29:02.252447 INFO::Fitting model to feature number 1507, MGYG000325533
2026-01-11 15:29:02.263705 INFO::Fitting model to feature number 1508, MGYG000325757
2026-01-11 15:29:02.272961 INFO::Fitting model to feature number 1509, MGYG000325642
2026-01-11 15:29:02.282386 INFO::Fitting model to feature number 1510, Limisoma sp900544305
2026-01-11 15:29:02.292294 INFO::Fitting model to feature number 1511, MGYG000325491
2026-01-11 15:29:02.303679 INFO::Fitting model to feature number 1512, MGYG000325376
2026-01-11 15:29:02.316921 INFO::Fitting model to feature number 1513, Alistipes putredinis
2026-01-11 15:29:02.328141 INFO::Fitting model to feature number 1514, MGYG000325739
2026-01-11 15:29:02.339512 INFO::Fitting model to feature number 1515, MGYG000325349
2026-01-11 15:29:02.351915 INFO::Fitting model to feature number 1516, MGYG000325640
2026-01-11 15:29:02.364835 INFO::Fitting model to feature number 1517, Alistipes onderdonkii
2026-01-11 15:29:02.377233 INFO::Fitting model to feature number 1518, Alistipes sp003979135
2026-01-11 15:29:02.389446 INFO::Fitting model to feature number 1519, Alistipes sp900541585
2026-01-11 15:29:02.400382 INFO::Fitting model to feature number 1520, Alistipes_A ihumii
2026-01-11 15:29:02.411037 INFO::Fitting model to feature number 1521, Bacteroides eggerthii
2026-01-11 15:29:02.420291 INFO::Fitting model to feature number 1522, Prevotella faecis
2026-01-11 15:29:02.42928 INFO::Fitting model to feature number 1523, Prevotella sp900557405
2026-01-11 15:29:02.437992 INFO::Fitting model to feature number 1524, MGYG000325643
2026-01-11 15:29:02.446862 INFO::Fitting model to feature number 1525, Paraprevotella stercorigallinarum
2026-01-11 15:29:02.455239 INFO::Fitting model to feature number 1526, MGYG000325375
2026-01-11 15:29:02.465159 INFO::Fitting model to feature number 1527, C-19 sp009917405
2026-01-11 15:29:02.472762 INFO::Fitting model to feature number 1528, MGYG000328692
2026-01-11 15:29:02.481126 INFO::Fitting model to feature number 1529, UBA2730 sp022793235
2026-01-11 15:29:02.488542 INFO::Fitting model to feature number 1530, Bacillus licheniformis
2026-01-11 15:29:02.496458 INFO::Fitting model to feature number 1531, Mailhella sp910577155
2026-01-11 15:29:02.504746 INFO::Fitting model to feature number 1532, MGYG000403150
2026-01-11 15:29:02.51455 INFO::Fitting model to feature number 1533, COE1 sp910586405
2026-01-11 15:29:02.522809 INFO::Fitting model to feature number 1534, COE1 sp009774345
2026-01-11 15:29:02.530788 INFO::Fitting model to feature number 1535, MGYG000329391
2026-01-11 15:29:02.537965 INFO::Fitting model to feature number 1536, MGYG000327122
2026-01-11 15:29:02.545106 INFO::Fitting model to feature number 1537, MGYG000326060
2026-01-11 15:29:02.552948 INFO::Fitting model to feature number 1538, MGYG000324350
2026-01-11 15:29:02.560085 INFO::Fitting model to feature number 1539, Copromonas sp000435795
2026-01-11 15:29:02.568474 INFO::Fitting model to feature number 1540, Kineothrix sp910586275
2026-01-11 15:29:02.576883 INFO::Fitting model to feature number 1541, MGYG000327375
2026-01-11 15:29:02.586936 INFO::Fitting model to feature number 1542, MGYG000331235
2026-01-11 15:29:02.622334 INFO::Fitting model to feature number 1543, MGBC111451 sp910578605
2026-01-11 15:29:02.631028 INFO::Fitting model to feature number 1544, MGYG000411179
2026-01-11 15:29:02.638997 INFO::Fitting model to feature number 1545, Faecalibacterium prausnitzii
2026-01-11 15:29:02.647914 INFO::Fitting model to feature number 1546, MGYG000325383
2026-01-11 15:29:02.655997 INFO::Fitting model to feature number 1547, MGYG000323634
2026-01-11 15:29:02.664454 INFO::Fitting model to feature number 1548, Pumilibacter muris
2026-01-11 15:29:02.673471 INFO::Fitting model to feature number 1549, SFMI01 sp004556155
2026-01-11 15:29:02.681775 INFO::Fitting model to feature number 1550, Escherichia ruysiae
2026-01-11 15:29:02.68885 INFO::Fitting model to feature number 1551, Klebsiella variicola
2026-01-11 15:29:02.696063 INFO::Fitting model to feature number 1552, Citrobacter_A rodentium
2026-01-11 15:29:02.703296 INFO::Fitting model to feature number 1553, Citrobacter_A amalonaticus
2026-01-11 15:29:02.71029 INFO::Fitting model to feature number 1554, MGYG000339089
2026-01-11 15:29:02.71869 INFO::Fitting model to feature number 1555, UBA7185 sp910585405
2026-01-11 15:29:02.72585 INFO::Fitting model to feature number 1556, Helicobacter_D ganmani
2026-01-11 15:29:02.733478 INFO::Fitting model to feature number 1557, URXU01 sp900541915
2026-01-11 15:29:02.740448 INFO::Fitting model to feature number 1558, Streptococcus danieliae
2026-01-11 15:29:02.748013 INFO::Fitting model to feature number 1559, Streptococcus alactolyticus
2026-01-11 15:29:02.755323 INFO::Fitting model to feature number 1560, MGYG000325510
2026-01-11 15:29:02.762286 INFO::Fitting model to feature number 1561, MGBC107952 sp910578855
2026-01-11 15:29:02.769736 INFO::Fitting model to feature number 1562, MGYG000322996
2026-01-11 15:29:02.776496 INFO::Fitting model to feature number 1563, Niallia sp001076885
2026-01-11 15:29:02.783717 INFO::Fitting model to feature number 1564, MGYG000387335
2026-01-11 15:29:02.790454 INFO::Fitting model to feature number 1565, UBA3282 sp910586615
2026-01-11 15:29:02.797945 INFO::Fitting model to feature number 1566, MGYG000325700
2026-01-11 15:29:02.805454 INFO::Fitting model to feature number 1567, UBA3282 sp910584965
2026-01-11 15:29:02.814144 INFO::Fitting model to feature number 1568, MGYG000325483
2026-01-11 15:29:02.822056 INFO::Fitting model to feature number 1569, MGYG000325802
2026-01-11 15:29:02.832669 INFO::Fitting model to feature number 1570, MGYG000329183
2026-01-11 15:29:02.844698 INFO::Fitting model to feature number 1571, UBA3282 sp910586705
2026-01-11 15:29:02.85623 INFO::Fitting model to feature number 1572, UBA3282 sp910578715
2026-01-11 15:29:02.868245 INFO::Fitting model to feature number 1573, MGYG000325820
2026-01-11 15:29:02.880729 INFO::Fitting model to feature number 1574, UBA3282 sp910578475
2026-01-11 15:29:02.892328 INFO::Fitting model to feature number 1575, MGYG000325646
2026-01-11 15:29:02.903115 INFO::Fitting model to feature number 1576, MGYG000373306
2026-01-11 15:29:02.914607 INFO::Fitting model to feature number 1577, MGYG000329401
2026-01-11 15:29:02.927183 INFO::Fitting model to feature number 1578, MGYG000327529
2026-01-11 15:29:02.939374 INFO::Fitting model to feature number 1579, MGYG000410713
2026-01-11 15:29:02.950783 INFO::Fitting model to feature number 1580, MGYG000325455
2026-01-11 15:29:02.960996 INFO::Fitting model to feature number 1581, Butyribacter sp910588655
2026-01-11 15:29:02.970063 INFO::Fitting model to feature number 1582, MGYG000330215
2026-01-11 15:29:02.982222 INFO::Fitting model to feature number 1583, Eubacterium_F sp910583555
2026-01-11 15:29:02.99077 INFO::Fitting model to feature number 1584, 14-2 sp910588885
2026-01-11 15:29:03.001185 INFO::Fitting model to feature number 1585, MGYG000325200
2026-01-11 15:29:03.011685 INFO::Fitting model to feature number 1586, MGYG000410031
2026-01-11 15:29:03.02208 INFO::Fitting model to feature number 1587, COE1 sp910588755
2026-01-11 15:29:03.031243 INFO::Fitting model to feature number 1588, COE1 sp910585765
2026-01-11 15:29:03.040318 INFO::Fitting model to feature number 1589, COE1 sp009774375
2026-01-11 15:29:03.049098 INFO::Fitting model to feature number 1590, MGYG000324875
2026-01-11 15:29:03.056614 INFO::Fitting model to feature number 1591, MGYG000328347
2026-01-11 15:29:03.067249 INFO::Fitting model to feature number 1592, MGYG000331069
2026-01-11 15:29:03.077804 INFO::Fitting model to feature number 1593, MGYG000330172
2026-01-11 15:29:03.090364 INFO::Fitting model to feature number 1594, CAG-510 sp003979355
2026-01-11 15:29:03.101713 INFO::Fitting model to feature number 1595, RGIG4057 sp910585065
2026-01-11 15:29:03.114498 INFO::Fitting model to feature number 1596, CAG-603 sp022794265
2026-01-11 15:29:03.126943 INFO::Fitting model to feature number 1597, MGYG000325692
2026-01-11 15:29:03.136904 INFO::Fitting model to feature number 1598, MGYG000328520
2026-01-11 15:29:03.149094 INFO::Fitting model to feature number 1599, MGYG000325327
2026-01-11 15:29:03.159345 INFO::Fitting model to feature number 1600, UBA7050 sp003979345
2026-01-11 15:29:03.17148 INFO::Fitting model to feature number 1601, MGYG000325605
2026-01-11 15:29:03.181687 INFO::Fitting model to feature number 1602, MGBC140009 sp910586015
2026-01-11 15:29:03.192583 INFO::Fitting model to feature number 1603, MGYG000327466
2026-01-11 15:29:03.204041 INFO::Fitting model to feature number 1604, Clostridium_AP sp000509125
2026-01-11 15:29:03.2151 INFO::Fitting model to feature number 1605, MGYG000329308
2026-01-11 15:29:03.224647 INFO::Fitting model to feature number 1606, MGYG000410975
2026-01-11 15:29:03.233634 INFO::Fitting model to feature number 1607, Dysosmobacter welbionis
2026-01-11 15:29:03.242154 INFO::Fitting model to feature number 1608, MGYG000360335
2026-01-11 15:29:03.25105 INFO::Fitting model to feature number 1609, MGYG000329306
2026-01-11 15:29:03.260168 INFO::Fitting model to feature number 1610, Avispirillum sp910586545
2026-01-11 15:29:03.269221 INFO::Fitting model to feature number 1611, Anaerocaecibacter sp910586925
2026-01-11 15:29:03.278044 INFO::Fitting model to feature number 1612, Anaerocaecibacter sp910577995
2026-01-11 15:29:03.290715 INFO::Fitting model to feature number 1613, MGBC157735 sp910585955
2026-01-11 15:29:03.302245 INFO::Fitting model to feature number 1614, Pumilibacter sp910587595
2026-01-11 15:29:03.313547 INFO::Fitting model to feature number 1615, Protoclostridium sp910587025
2026-01-11 15:29:03.325655 INFO::Fitting model to feature number 1616, Coproplasma sp910587625
2026-01-11 15:29:03.337139 INFO::Fitting model to feature number 1617, Coproplasma sp910579705
2026-01-11 15:29:03.351668 INFO::Fitting model to feature number 1618, MGYG000327859
2026-01-11 15:29:03.363284 INFO::Fitting model to feature number 1619, Lentihominibacter faecis
2026-01-11 15:29:03.376946 INFO::Fitting model to feature number 1620, MGYG000324400
2026-01-11 15:29:03.387246 INFO::Fitting model to feature number 1621, MGYG000357081
2026-01-11 15:29:03.396071 INFO::Fitting model to feature number 1622, Leuconostoc citreum
2026-01-11 15:29:03.405234 INFO::Fitting model to feature number 1623, Enterococcus_E cecorum
2026-01-11 15:29:03.417329 INFO::Fitting model to feature number 1624, MGYG000410809
2026-01-11 15:29:03.428357 INFO::Fitting model to feature number 1625, Anaerotardibacter sp000434775
2026-01-11 15:29:03.440758 INFO::Fitting model to feature number 1626, MGYG000325716
2026-01-11 15:29:03.452978 INFO::Fitting model to feature number 1627, Bacteroides fragilis
2026-01-11 15:29:03.46449 INFO::Fitting model to feature number 1628, Eubacterium_F sp910589595
2026-01-11 15:29:03.475569 INFO::Fitting model to feature number 1629, Acetatifactor sp910584435
2026-01-11 15:29:03.484769 INFO::Fitting model to feature number 1630, Butyribacter sp003611745
2026-01-11 15:29:03.494029 INFO::Fitting model to feature number 1631, MGYG000410930
2026-01-11 15:29:03.505325 INFO::Fitting model to feature number 1632, MGYG000410149
2026-01-11 15:29:03.515959 INFO::Fitting model to feature number 1633, MGYG000328377
2026-01-11 15:29:03.524795 INFO::Fitting model to feature number 1634, MGYG000324606
2026-01-11 15:29:03.534581 INFO::Fitting model to feature number 1635, Dorea_A longicatena
2026-01-11 15:29:03.545601 INFO::Fitting model to feature number 1636, MGYG000323390
2026-01-11 15:29:03.555974 INFO::Fitting model to feature number 1637, CALWPV01 sp022794035
2026-01-11 15:29:03.565185 INFO::Fitting model to feature number 1638, Dysosmobacter sp900763685
2026-01-11 15:29:03.57519 INFO::Fitting model to feature number 1639, Evtepia sp004556345
2026-01-11 15:29:03.587438 INFO::Fitting model to feature number 1640, Evtepia gabavorous
2026-01-11 15:29:03.599125 INFO::Fitting model to feature number 1641, MGYG000387732
2026-01-11 15:29:03.609578 INFO::Fitting model to feature number 1642, Avoscillospira_A sp022795735
2026-01-11 15:29:03.622755 INFO::Fitting model to feature number 1643, Eubacterium_R sp009774735
2026-01-11 15:29:03.634871 INFO::Fitting model to feature number 1644, MGYG000325665
2026-01-11 15:29:03.643694 INFO::Fitting model to feature number 1645, Eubacterium_R sp910584985
2026-01-11 15:29:03.652809 INFO::Fitting model to feature number 1646, MGYG000325508
2026-01-11 15:29:03.661179 INFO::Fitting model to feature number 1647, Eubacterium_R sp910577215
2026-01-11 15:29:03.670057 INFO::Fitting model to feature number 1648, MGYG000325451
2026-01-11 15:29:03.678145 INFO::Fitting model to feature number 1649, MGYG000403628
2026-01-11 15:29:03.687199 INFO::Fitting model to feature number 1650, MGYG000327108
2026-01-11 15:29:03.695543 INFO::Fitting model to feature number 1651, Bittarella massiliensis
2026-01-11 15:29:03.704087 INFO::Fitting model to feature number 1652, MGYG000327115
2026-01-11 15:29:03.711581 INFO::Fitting model to feature number 1653, MGYG000358052
2026-01-11 15:29:03.719762 INFO::Fitting model to feature number 1654, MGYG000325728
2026-01-11 15:29:03.728199 INFO::Fitting model to feature number 1655, Brachyspira sp910588665
2026-01-11 15:29:03.756106 INFO::Fitting model to feature number 1656, MGYG000410730
2026-01-11 15:29:03.768895 INFO::Fitting model to feature number 1657, MGYG000325324
2026-01-11 15:29:03.776087 INFO::Fitting model to feature number 1658, MGYG000325708
2026-01-11 15:29:03.784 INFO::Fitting model to feature number 1659, MGYG000383351
2026-01-11 15:29:03.791382 INFO::Fitting model to feature number 1660, MGYG000328450
2026-01-11 15:29:03.799683 INFO::Fitting model to feature number 1661, MGYG000410978
2026-01-11 15:29:03.807914 INFO::Fitting model to feature number 1662, MGYG000325740
2026-01-11 15:29:03.818702 INFO::Fitting model to feature number 1663, MGYG000329907
2026-01-11 15:29:03.828995 INFO::Fitting model to feature number 1664, Agathobacter rectalis
2026-01-11 15:29:03.841655 INFO::Fitting model to feature number 1665, MGBC114844 sp910585855
2026-01-11 15:29:03.854789 INFO::Fitting model to feature number 1666, Oliverpabstia sp002361775
2026-01-11 15:29:03.863681 INFO::Fitting model to feature number 1667, Dorea_A longicatena_B
2026-01-11 15:29:03.87754 INFO::Fitting model to feature number 1668, JAAVZI01 sp022791575
2026-01-11 15:29:03.890501 INFO::Fitting model to feature number 1669, MGYG000411499
2026-01-11 15:29:03.901843 INFO::Fitting model to feature number 1670, CAJFUH01 sp022799115
2026-01-11 15:29:03.91277 INFO::Fitting model to feature number 1671, QAKD01 sp022793975
2026-01-11 15:29:03.923373 INFO::Fitting model to feature number 1672, Reyranella aquatilis
2026-01-11 15:29:03.935448 INFO::Fitting model to feature number 1673, MGYG000339341
2026-01-11 15:29:03.947873 INFO::Fitting model to feature number 1674, Collinsella bouchesdurhonensis
2026-01-11 15:29:03.959515 INFO::Fitting model to feature number 1675, Desulfovibrio sp900319575
2026-01-11 15:29:03.969231 INFO::Fitting model to feature number 1676, MGYG000325614
2026-01-11 15:29:03.978135 INFO::Fitting model to feature number 1677, Dielma fastidiosa
2026-01-11 15:29:03.986559 INFO::Fitting model to feature number 1678, UBA1067 sp902788415
2026-01-11 15:29:03.995046 INFO::Fitting model to feature number 1679, UBA3282 sp910578555
2026-01-11 15:29:04.004152 INFO::Fitting model to feature number 1680, MGYG000330584
2026-01-11 15:29:04.012712 INFO::Fitting model to feature number 1681, MGYG000410602
2026-01-11 15:29:04.022081 INFO::Fitting model to feature number 1682, Howiella sp022791355
2026-01-11 15:29:04.031902 INFO::Fitting model to feature number 1683, QXXE01 sp910589115
2026-01-11 15:29:04.042898 INFO::Fitting model to feature number 1684, Anaerocaecibacter sp910587805
2026-01-11 15:29:04.054943 INFO::Fitting model to feature number 1685, Ventricola sp900542395
2026-01-11 15:29:04.067482 INFO::Fitting model to feature number 1686, MGYG000330825
2026-01-11 15:29:04.079167 INFO::Fitting model to feature number 1687, MGYG000376566
2026-01-11 15:29:04.091044 INFO::Fitting model to feature number 1688, CAG-267 sp910576955
2026-01-11 15:29:04.102289 INFO::Fitting model to feature number 1689, MGYG000335208
2026-01-11 15:29:04.113847 INFO::Fitting model to feature number 1690, MGYG000326756
2026-01-11 15:29:04.125956 INFO::Fitting model to feature number 1691, Longicatena caecimuris
2026-01-11 15:29:04.138238 INFO::Fitting model to feature number 1692, MGYG000324718
2026-01-11 15:29:04.150037 INFO::Fitting model to feature number 1693, MGYG000326954
2026-01-11 15:29:04.160953 INFO::Fitting model to feature number 1694, Coproplasma sp910578655
2026-01-11 15:29:04.172776 INFO::Fitting model to feature number 1695, Parabacteroides faecavium
2026-01-11 15:29:04.18316 INFO::Fitting model to feature number 1696, MGYG000325474
2026-01-11 15:29:04.191808 INFO::Fitting model to feature number 1697, Gallimonas sp910588465
2026-01-11 15:29:04.201262 INFO::Fitting model to feature number 1698, Ralstonia pickettii_B
2026-01-11 15:29:04.210133 INFO::Fitting model to feature number 1699, MGYG000327731
2026-01-11 15:29:04.2189 INFO::Fitting model to feature number 1700, MGYG000325340
2026-01-11 15:29:04.228446 INFO::Fitting model to feature number 1701, MGYG000325552
2026-01-11 15:29:04.23636 INFO::Fitting model to feature number 1702, MGYG000374819
2026-01-11 15:29:04.24398 INFO::Fitting model to feature number 1703, MGYG000325616
2026-01-11 15:29:04.251983 INFO::Fitting model to feature number 1704, Butyribacter sp910577825
2026-01-11 15:29:04.259295 INFO::Fitting model to feature number 1705, MGYG000328455
2026-01-11 15:29:04.267284 INFO::Fitting model to feature number 1706, MGYG000329982
2026-01-11 15:29:04.274457 INFO::Fitting model to feature number 1707, MGYG000329041
2026-01-11 15:29:04.283425 INFO::Fitting model to feature number 1708, MGYG000331355
2026-01-11 15:29:04.291473 INFO::Fitting model to feature number 1709, VSOB01 sp910585205
2026-01-11 15:29:04.299536 INFO::Fitting model to feature number 1710, MGYG000324619
2026-01-11 15:29:04.306963 INFO::Fitting model to feature number 1711, MGYG000325654
2026-01-11 15:29:04.314522 INFO::Fitting model to feature number 1712, MGYG000330463
2026-01-11 15:29:04.321875 INFO::Fitting model to feature number 1713, MGYG000322973
2026-01-11 15:29:04.329336 INFO::Fitting model to feature number 1714, Robinsoniella sp900555455
2026-01-11 15:29:04.337952 INFO::Fitting model to feature number 1715, Lawsonibacter asaccharolyticus
2026-01-11 15:29:04.348027 INFO::Fitting model to feature number 1716, Enterenecus sp932222125
2026-01-11 15:29:04.358289 INFO::Fitting model to feature number 1717, MGYG000330031
2026-01-11 15:29:04.369862 INFO::Fitting model to feature number 1718, MGYG000327784
2026-01-11 15:29:04.382465 INFO::Fitting model to feature number 1719, MGYG000336017
2026-01-11 15:29:04.393352 INFO::Fitting model to feature number 1720, MGYG000410450
2026-01-11 15:29:04.403679 INFO::Fitting model to feature number 1721, MGYG000390383
2026-01-11 15:29:04.412526 INFO::Fitting model to feature number 1722, MGYG000322982
2026-01-11 15:29:04.422586 INFO::Fitting model to feature number 1723, CAG-170 sp900553545
2026-01-11 15:29:04.434823 INFO::Fitting model to feature number 1724, Oscillibacter sp002455655
2026-01-11 15:29:04.446217 INFO::Fitting model to feature number 1725, MGYG000325106
2026-01-11 15:29:04.456913 INFO::Fitting model to feature number 1726, Angelakisella sp022794295
2026-01-11 15:29:04.467409 INFO::Fitting model to feature number 1727, UBA3818 sp910578255
2026-01-11 15:29:04.475913 INFO::Fitting model to feature number 1728, MGYG000325720
2026-01-11 15:29:04.487046 INFO::Fitting model to feature number 1729, MGYG000326653
2026-01-11 15:29:04.496045 INFO::Fitting model to feature number 1730, Ruminococcus_C sp000433635
2026-01-11 15:29:04.505421 INFO::Fitting model to feature number 1731, Harryflintia sp022792175
2026-01-11 15:29:04.513925 INFO::Fitting model to feature number 1732, MGYG000410206
2026-01-11 15:29:04.524887 INFO::Fitting model to feature number 1733, MGYG000410157
2026-01-11 15:29:04.534726 INFO::Fitting model to feature number 1734, Fimimonas sp910586625
2026-01-11 15:29:04.543684 INFO::Fitting model to feature number 1735, MGYG000344714
2026-01-11 15:29:04.554862 INFO::Fitting model to feature number 1736, MGYG000324647
2026-01-11 15:29:04.566791 INFO::Fitting model to feature number 1737, MGYG000409944
2026-01-11 15:29:04.57938 INFO::Fitting model to feature number 1738, MGYG000377617
2026-01-11 15:29:04.591986 INFO::Fitting model to feature number 1739, MGYG000325091
2026-01-11 15:29:04.604438 INFO::Fitting model to feature number 1740, Atopostipes sp910588235
2026-01-11 15:29:04.616557 INFO::Fitting model to feature number 1741, MGYG000325609
2026-01-11 15:29:04.628935 INFO::Fitting model to feature number 1742, Cryptobacteroides sp000434935
2026-01-11 15:29:04.641672 INFO::Fitting model to feature number 1743, MGBC119817 sp910585335
2026-01-11 15:29:04.652254 INFO::Fitting model to feature number 1744, MGYG000325369
2026-01-11 15:29:04.664419 INFO::Fitting model to feature number 1745, MGYG000325412
2026-01-11 15:29:04.676469 INFO::Fitting model to feature number 1746, MGYG000329682
2026-01-11 15:29:04.688947 INFO::Fitting model to feature number 1747, MGYG000323975
2026-01-11 15:29:04.70154 INFO::Fitting model to feature number 1748, MGYG000330936
2026-01-11 15:29:04.712692 INFO::Fitting model to feature number 1749, Alistipes shahii
2026-01-11 15:29:04.721697 INFO::Fitting model to feature number 1750, Eisenbergiella sp900066775
2026-01-11 15:29:04.7304 INFO::Fitting model to feature number 1751, Murimonas intestini
2026-01-11 15:29:04.739308 INFO::Fitting model to feature number 1752, Mediterraneibacter torques
2026-01-11 15:29:04.748737 INFO::Fitting model to feature number 1753, Caccousia sp900752115
2026-01-11 15:29:04.757161 INFO::Fitting model to feature number 1754, MGYG000327130
2026-01-11 15:29:04.767343 INFO::Fitting model to feature number 1755, Klebsiella pneumoniae
2026-01-11 15:29:04.776051 INFO::Fitting model to feature number 1756, Citrobacter_A sedlakii
2026-01-11 15:29:04.785149 INFO::Fitting model to feature number 1757, Proteus faecis
2026-01-11 15:29:04.793585 INFO::Fitting model to feature number 1758, Paraprevotella sp910584955
2026-01-11 15:29:04.804532 INFO::Fitting model to feature number 1759, Paraprevotella clara
2026-01-11 15:29:04.817198 INFO::Fitting model to feature number 1760, RUG572 sp900547945
2026-01-11 15:29:04.829561 INFO::Fitting model to feature number 1761, Streptococcus thermophilus
2026-01-11 15:29:04.842336 INFO::Fitting model to feature number 1762, MGYG000392040
2026-01-11 15:29:04.854743 INFO::Fitting model to feature number 1763, MGYG000336888
2026-01-11 15:29:04.867803 INFO::Fitting model to feature number 1764, MGYG000323672
2026-01-11 15:29:04.882092 INFO::Fitting model to feature number 1765, Streptococcus sp000187445
2026-01-11 15:29:04.894693 INFO::Fitting model to feature number 1766, Mycobacterium aubagnense
2026-01-11 15:29:04.907644 INFO::Fitting model to feature number 1767, Pseudomonas_E shahriarae
2026-01-11 15:29:05.41854 INFO::Counting total values for each feature
2026-01-11 15:29:05.680227 INFO::Re-running abundances for warn_prevalence
2026-01-11 15:29:05.681639 INFO::Running selected normalization method: TSS
2026-01-11 15:29:05.769542 INFO::Running selected transform method: LOG
2026-01-11 15:29:05.79385 DEBUG::Object: augment, Size: 56
2026-01-11 15:29:05.794316 DEBUG::Object: cluster, Size: 0
2026-01-11 15:29:05.794641 DEBUG::Object: cores, Size: 56
2026-01-11 15:29:05.794964 DEBUG::Object: correction, Size: 112
2026-01-11 15:29:05.795283 DEBUG::Object: extract_out, Size: 1976
2026-01-11 15:29:05.795565 DEBUG::Object: feature_specific_covariate, Size: 0
2026-01-11 15:29:05.795838 DEBUG::Object: feature_specific_covariate_name, Size: 0
2026-01-11 15:29:05.796096 DEBUG::Object: feature_specific_covariate_record, Size: 0
2026-01-11 15:29:05.796568 DEBUG::Object: features, Size: 913256
2026-01-11 15:29:05.79685 DEBUG::Object: formula, Size: 1568
2026-01-11 15:29:05.797162 DEBUG::Object: fun_list, Size: 58768
2026-01-11 15:29:05.797575 DEBUG::Object: func_to_run, Size: 435336
2026-01-11 15:29:05.797827 DEBUG::Object: groups, Size: 48
2026-01-11 15:29:05.798112 DEBUG::Object: median_comparison, Size: 56
2026-01-11 15:29:05.798437 DEBUG::Object: median_comparison_threshold, Size: 56
2026-01-11 15:29:05.799021 DEBUG::Object: metadata, Size: 13664
2026-01-11 15:29:05.799501 DEBUG::Object: model, Size: 112
2026-01-11 15:29:05.799815 DEBUG::Object: model_function, Size: 8864
2026-01-11 15:29:05.800063 DEBUG::Object: ordereds, Size: 48
2026-01-11 15:29:05.800294 DEBUG::Object: random_effects_formula, Size: 0
2026-01-11 15:29:05.800521 DEBUG::Object: ranef_function, Size: 0
2026-01-11 15:29:05.800748 DEBUG::Object: save_models, Size: 56
2026-01-11 15:29:05.801003 DEBUG::Object: small_random_effects, Size: 56
2026-01-11 15:29:05.80124 DEBUG::Object: strata, Size: 48
2026-01-11 15:29:05.801487 DEBUG::Object: subtract_median, Size: 56
2026-01-11 15:29:05.801733 DEBUG::Object: summary_function, Size: 49424
2026-01-11 15:29:05.802082 DEBUG::Object: func_to_run, Size: 435336
2026-01-11 15:29:05.802425 INFO::Fitting model to feature number 1, Akkermansia muciniphila_A
2026-01-11 15:29:05.807514 INFO::Fitting model to feature number 2, Akkermansia muciniphila
2026-01-11 15:29:05.81269 INFO::Fitting model to feature number 3, Faecalibaculum rodentium
2026-01-11 15:29:05.819094 INFO::Fitting model to feature number 4, Pelethenecus sp910579215
2026-01-11 15:29:05.826194 INFO::Fitting model to feature number 5, MGYG000325581
2026-01-11 15:29:05.832278 INFO::Fitting model to feature number 6, Alistipes finegoldii
2026-01-11 15:29:05.838816 INFO::Fitting model to feature number 7, MGYG000325477
2026-01-11 15:29:05.846201 INFO::Fitting model to feature number 8, Paramuribaculum sp001689535
2026-01-11 15:29:05.854016 INFO::Fitting model to feature number 9, Paramuribaculum sp910587425
2026-01-11 15:29:05.862434 INFO::Fitting model to feature number 10, Muribaculum intestinale
2026-01-11 15:29:05.871004 INFO::Fitting model to feature number 11, NM07-P-09 sp004793925
2026-01-11 15:29:05.878628 INFO::Fitting model to feature number 12, ZJ304 sp910584145
2026-01-11 15:29:05.886777 INFO::Fitting model to feature number 13, Bifidobacterium globosum
2026-01-11 15:29:05.894991 INFO::Fitting model to feature number 14, MGYG000333678
2026-01-11 15:29:05.901371 INFO::Fitting model to feature number 15, Schaedlerella sp910575475
2026-01-11 15:29:05.906936 INFO::Fitting model to feature number 16, Lawsonibacter sp910588635
2026-01-11 15:29:05.913295 INFO::Fitting model to feature number 17, MGBC122484 sp910587055
2026-01-11 15:29:05.92036 INFO::Fitting model to feature number 18, Desulfovibrio sp009773975
2026-01-11 15:29:05.928714 INFO::Fitting model to feature number 19, NM07-P-09 sp004793665
2026-01-11 15:29:05.937406 INFO::Fitting model to feature number 20, MGBC105563 sp910579165
2026-01-11 15:29:05.943003 INFO::Fitting model to feature number 21, MGYG000327895
2026-01-11 15:29:05.951424 INFO::Fitting model to feature number 22, Paratractidigestivibacter faecalis
2026-01-11 15:29:05.95952 INFO::Fitting model to feature number 23, Paratractidigestivibacter sp900540955
2026-01-11 15:29:05.967412 INFO::Fitting model to feature number 24, MGYG000330582
2026-01-11 15:29:05.972947 INFO::Fitting model to feature number 25, MGYG000329032
2026-01-11 15:29:05.981737 INFO::Fitting model to feature number 26, Adlercreutzia muris
2026-01-11 15:29:05.989242 INFO::Fitting model to feature number 27, Adlercreutzia caecimuris
2026-01-11 15:29:05.99528 INFO::Fitting model to feature number 28, Adlercreutzia mucosicola
2026-01-11 15:29:06.001608 INFO::Fitting model to feature number 29, MGYG000329825
2026-01-11 15:29:06.007152 INFO::Fitting model to feature number 30, Adlercreutzia hattorii
2026-01-11 15:29:06.012574 INFO::Fitting model to feature number 31, Adlercreutzia sp910589165
2026-01-11 15:29:06.020386 INFO::Fitting model to feature number 32, MGYG000329537
2026-01-11 15:29:06.027465 INFO::Fitting model to feature number 33, MGYG000327852
2026-01-11 15:29:06.034024 INFO::Fitting model to feature number 34, Adlercreutzia sp910585575
2026-01-11 15:29:06.039847 INFO::Fitting model to feature number 35, MGBC163016 sp910588205
2026-01-11 15:29:06.04539 INFO::Fitting model to feature number 36, MGBC163016 sp910589135
2026-01-11 15:29:06.051598 INFO::Fitting model to feature number 37, MGBC163016 sp910588945
2026-01-11 15:29:06.057653 INFO::Fitting model to feature number 38, MGBC163016 sp910588905
2026-01-11 15:29:06.065805 INFO::Fitting model to feature number 39, MGYG000329984
2026-01-11 15:29:06.072153 INFO::Fitting model to feature number 40, MGYG000328464
2026-01-11 15:29:06.078082 INFO::Fitting model to feature number 41, MGYG000366993
2026-01-11 15:29:06.085134 INFO::Fitting model to feature number 42, MGBC163016 sp910585565
2026-01-11 15:29:06.093504 INFO::Fitting model to feature number 43, MGBC163016 sp910589125
2026-01-11 15:29:06.102299 INFO::Fitting model to feature number 44, MGYG000328353
2026-01-11 15:29:06.109607 INFO::Fitting model to feature number 45, MGBC163016 sp910580205
2026-01-11 15:29:06.116769 INFO::Fitting model to feature number 46, MGBC163016 sp910588985
2026-01-11 15:29:06.124397 INFO::Fitting model to feature number 47, MGBC163016 sp910588435
2026-01-11 15:29:06.131863 INFO::Fitting model to feature number 48, D16-63 sp910588095
2026-01-11 15:29:06.139661 INFO::Fitting model to feature number 49, MGYG000328321
2026-01-11 15:29:06.147256 INFO::Fitting model to feature number 50, MGYG000410711
2026-01-11 15:29:06.155416 INFO::Fitting model to feature number 51, Enterorhabdus sp009911695
2026-01-11 15:29:06.163103 INFO::Fitting model to feature number 52, MGYG000329834
2026-01-11 15:29:06.171847 INFO::Fitting model to feature number 53, Enterorhabdus sp910589695
2026-01-11 15:29:06.178698 INFO::Fitting model to feature number 54, D16-34 sp910575165
2026-01-11 15:29:06.185391 INFO::Fitting model to feature number 55, D16-34 sp003612515
2026-01-11 15:29:06.191519 INFO::Fitting model to feature number 56, D16-34 sp910577495
2026-01-11 15:29:06.200894 INFO::Fitting model to feature number 57, ZJ304 sp943192905
2026-01-11 15:29:06.208212 INFO::Fitting model to feature number 58, MGYG000401219
2026-01-11 15:29:06.216389 INFO::Fitting model to feature number 59, Parvibacter caecicola
2026-01-11 15:29:06.223594 INFO::Fitting model to feature number 60, Parvibacter sp910587945
2026-01-11 15:29:06.229101 INFO::Fitting model to feature number 61, MGYG000329896
2026-01-11 15:29:06.235399 INFO::Fitting model to feature number 62, Parvibacter sp910588725
2026-01-11 15:29:06.241248 INFO::Fitting model to feature number 63, MGYG000328306
2026-01-11 15:29:06.246965 INFO::Fitting model to feature number 64, MGYG000328451
2026-01-11 15:29:06.253028 INFO::Fitting model to feature number 65, Anaerotardibacter sp000435675
2026-01-11 15:29:06.258545 INFO::Fitting model to feature number 66, Anaerotardibacter sp900753095
2026-01-11 15:29:06.264253 INFO::Fitting model to feature number 67, Gordonibacter pamelaeae
2026-01-11 15:29:06.270437 INFO::Fitting model to feature number 68, Eggerthella lenta
2026-01-11 15:29:06.276269 INFO::Fitting model to feature number 69, Ellagibacter isourolithinifaciens
2026-01-11 15:29:06.282468 INFO::Fitting model to feature number 70, Senegalimassilia faecalis
2026-01-11 15:29:06.288194 INFO::Fitting model to feature number 71, Slackia_A isoflavoniconvertens
2026-01-11 15:29:06.293921 INFO::Fitting model to feature number 72, Collinsella aerofaciens_J
2026-01-11 15:29:06.300114 INFO::Fitting model to feature number 73, Enorma burkinafasonensis
2026-01-11 15:29:06.305731 INFO::Fitting model to feature number 74, MGYG000410812
2026-01-11 15:29:06.311641 INFO::Fitting model to feature number 75, UMGS124 sp900555105
2026-01-11 15:29:06.318515 INFO::Fitting model to feature number 76, Bifidobacterium animalis
2026-01-11 15:29:06.326504 INFO::Fitting model to feature number 77, Bifidobacterium adolescentis
2026-01-11 15:29:06.334807 INFO::Fitting model to feature number 78, Bifidobacterium pseudocatenulatum
2026-01-11 15:29:06.343501 INFO::Fitting model to feature number 79, Bifidobacterium bifidum
2026-01-11 15:29:06.352112 INFO::Fitting model to feature number 80, Bifidobacterium longum
2026-01-11 15:29:06.359957 INFO::Fitting model to feature number 81, MGYG000329693
2026-01-11 15:29:06.368032 INFO::Fitting model to feature number 82, Paramuribaculum intestinale
2026-01-11 15:29:06.377015 INFO::Fitting model to feature number 83, Paramuribaculum sp001689565
2026-01-11 15:29:06.386921 INFO::Fitting model to feature number 84, Paramuribaculum sp910579675
2026-01-11 15:29:06.394592 INFO::Fitting model to feature number 85, MGYG000329858
2026-01-11 15:29:06.403403 INFO::Fitting model to feature number 86, Paramuribaculum sp910578805
2026-01-11 15:29:06.411666 INFO::Fitting model to feature number 87, MGYG000325717
2026-01-11 15:29:06.421056 INFO::Fitting model to feature number 88, Paramuribaculum sp910579185
2026-01-11 15:29:06.428344 INFO::Fitting model to feature number 89, MGYG000329300
2026-01-11 15:29:06.436703 INFO::Fitting model to feature number 90, Paramuribaculum sp009775605
2026-01-11 15:29:06.444461 INFO::Fitting model to feature number 91, Paramuribaculum sp910586475
2026-01-11 15:29:06.453613 INFO::Fitting model to feature number 92, MGYG000325727
2026-01-11 15:29:06.461888 INFO::Fitting model to feature number 93, Paramuribaculum sp910588065
2026-01-11 15:29:06.470377 INFO::Fitting model to feature number 94, Paramuribaculum sp910578305
2026-01-11 15:29:06.477765 INFO::Fitting model to feature number 95, Paramuribaculum sp910587185
2026-01-11 15:29:06.485372 INFO::Fitting model to feature number 96, Paramuribaculum sp910577465
2026-01-11 15:29:06.492207 INFO::Fitting model to feature number 97, Paramuribaculum sp910586895
2026-01-11 15:29:06.498077 INFO::Fitting model to feature number 98, Paramuribaculum sp910589095
2026-01-11 15:29:06.50451 INFO::Fitting model to feature number 99, Paramuribaculum sp014800945
2026-01-11 15:29:06.510479 INFO::Fitting model to feature number 100, MGYG000325457
2026-01-11 15:29:06.518162 INFO::Fitting model to feature number 101, Paramuribaculum sp014802045
2026-01-11 15:29:06.525367 INFO::Fitting model to feature number 102, MGYG000325750
2026-01-11 15:29:06.532473 INFO::Fitting model to feature number 103, MGYG000325361
2026-01-11 15:29:06.538526 INFO::Fitting model to feature number 104, Paramuribaculum sp014801865
2026-01-11 15:29:06.544242 INFO::Fitting model to feature number 105, Paramuribaculum sp014801655
2026-01-11 15:29:06.55106 INFO::Fitting model to feature number 106, MGYG000325540
2026-01-11 15:29:06.557855 INFO::Fitting model to feature number 107, Duncaniella sp910576785
2026-01-11 15:29:06.565111 INFO::Fitting model to feature number 108, Duncaniella dubosii
2026-01-11 15:29:06.57265 INFO::Fitting model to feature number 109, Duncaniella sp910589485
2026-01-11 15:29:06.578502 INFO::Fitting model to feature number 110, Duncaniella sp001689575
2026-01-11 15:29:06.584951 INFO::Fitting model to feature number 111, Duncaniella muris
2026-01-11 15:29:06.591109 INFO::Fitting model to feature number 112, Duncaniella sp910578445
2026-01-11 15:29:06.597376 INFO::Fitting model to feature number 113, Duncaniella freteri
2026-01-11 15:29:06.604481 INFO::Fitting model to feature number 114, Duncaniella sp910578515
2026-01-11 15:29:06.610776 INFO::Fitting model to feature number 115, Duncaniella sp910577255
2026-01-11 15:29:06.616981 INFO::Fitting model to feature number 116, Duncaniella sp910577345
2026-01-11 15:29:06.622674 INFO::Fitting model to feature number 117, Duncaniella sp910577335
2026-01-11 15:29:06.628464 INFO::Fitting model to feature number 118, MGYG000325799
2026-01-11 15:29:06.635688 INFO::Fitting model to feature number 119, Duncaniella sp014802345
2026-01-11 15:29:06.642773 INFO::Fitting model to feature number 120, Duncaniella sp910578615
2026-01-11 15:29:06.650147 INFO::Fitting model to feature number 121, MGYG000325465
2026-01-11 15:29:06.655731 INFO::Fitting model to feature number 122, Duncaniella sp910586305
2026-01-11 15:29:06.663868 INFO::Fitting model to feature number 123, Duncaniella sp001689495
2026-01-11 15:29:06.670284 INFO::Fitting model to feature number 124, MGYG000327170
2026-01-11 15:29:06.677094 INFO::Fitting model to feature number 125, Duncaniella sp910584825
2026-01-11 15:29:06.683908 INFO::Fitting model to feature number 126, Duncaniella sp910587165
2026-01-11 15:29:06.690149 INFO::Fitting model to feature number 127, MGYG000325518
2026-01-11 15:29:06.694964 INFO::Fitting model to feature number 128, Duncaniella sp002494015
2026-01-11 15:29:06.700526 INFO::Fitting model to feature number 129, Duncaniella sp910587515
2026-01-11 15:29:06.705373 INFO::Fitting model to feature number 130, Duncaniella sp910586665
2026-01-11 15:29:06.710102 INFO::Fitting model to feature number 131, Duncaniella sp014801945
2026-01-11 15:29:06.714854 INFO::Fitting model to feature number 132, Duncaniella sp910588795
2026-01-11 15:29:06.720116 INFO::Fitting model to feature number 133, Duncaniella sp001701225
2026-01-11 15:29:06.72524 INFO::Fitting model to feature number 134, Duncaniella sp014802325
2026-01-11 15:29:06.730571 INFO::Fitting model to feature number 135, Duncaniella sp014802015
2026-01-11 15:29:06.73749 INFO::Fitting model to feature number 136, MGYG000325456
2026-01-11 15:29:06.745053 INFO::Fitting model to feature number 137, MGYG000325723
2026-01-11 15:29:06.751698 INFO::Fitting model to feature number 138, MGYG000325575
2026-01-11 15:29:06.758027 INFO::Fitting model to feature number 139, MGYG000325671
2026-01-11 15:29:06.763246 INFO::Fitting model to feature number 140, CAG-873 sp009775135
2026-01-11 15:29:06.769092 INFO::Fitting model to feature number 141, CAG-873 sp002490635
2026-01-11 15:29:06.774305 INFO::Fitting model to feature number 142, MGYG000328238
2026-01-11 15:29:06.781322 INFO::Fitting model to feature number 143, CAG-873 sp009775265
2026-01-11 15:29:06.787886 INFO::Fitting model to feature number 144, CAG-873 sp011959565
2026-01-11 15:29:06.793255 INFO::Fitting model to feature number 145, CAG-873 sp910578365
2026-01-11 15:29:06.799537 INFO::Fitting model to feature number 146, CAG-873 sp910587235
2026-01-11 15:29:06.805814 INFO::Fitting model to feature number 147, CAG-873 sp009775225
2026-01-11 15:29:06.812473 INFO::Fitting model to feature number 148, CAG-873 sp009775535
2026-01-11 15:29:06.818641 INFO::Fitting model to feature number 149, CAG-873 sp910577315
2026-01-11 15:29:06.825475 INFO::Fitting model to feature number 150, CAG-873 sp910584905
2026-01-11 15:29:06.8309 INFO::Fitting model to feature number 151, CAG-873 sp910587545
2026-01-11 15:29:06.83819 INFO::Fitting model to feature number 152, CAG-873 sp910586455
2026-01-11 15:29:06.8602 INFO::Fitting model to feature number 153, MGYG000324412
2026-01-11 15:29:06.864799 INFO::Fitting model to feature number 154, CAG-873 sp910587915
2026-01-11 15:29:06.872751 INFO::Fitting model to feature number 155, CAG-873 sp001689665
2026-01-11 15:29:06.880323 INFO::Fitting model to feature number 156, CAG-873 sp017624155
2026-01-11 15:29:06.887536 INFO::Fitting model to feature number 157, MGYG000329414
2026-01-11 15:29:06.894817 INFO::Fitting model to feature number 158, CAG-873 sp910578095
2026-01-11 15:29:06.902678 INFO::Fitting model to feature number 159, CAG-873 sp910586975
2026-01-11 15:29:06.910899 INFO::Fitting model to feature number 160, CAG-873 sp001689415
2026-01-11 15:29:06.918642 INFO::Fitting model to feature number 161, MGYG000325453
2026-01-11 15:29:06.925834 INFO::Fitting model to feature number 162, CAG-873 sp910587475
2026-01-11 15:29:06.932356 INFO::Fitting model to feature number 163, CAG-873 sp900550395
2026-01-11 15:29:06.939732 INFO::Fitting model to feature number 164, MGYG000325639
2026-01-11 15:29:06.945065 INFO::Fitting model to feature number 165, CAG-873 sp910576935
2026-01-11 15:29:06.951146 INFO::Fitting model to feature number 166, MGYG000328998
2026-01-11 15:29:06.956431 INFO::Fitting model to feature number 167, CAG-873 sp910578035
2026-01-11 15:29:06.961464 INFO::Fitting model to feature number 168, MGYG000322997
2026-01-11 15:29:06.967695 INFO::Fitting model to feature number 169, MGYG000325431
2026-01-11 15:29:06.972869 INFO::Fitting model to feature number 170, CAG-873 sp905202215
2026-01-11 15:29:06.978033 INFO::Fitting model to feature number 171, CAG-873 sp009775195
2026-01-11 15:29:06.983858 INFO::Fitting model to feature number 172, CAG-873 sp910586995
2026-01-11 15:29:06.989373 INFO::Fitting model to feature number 173, CAG-873 sp910577355
2026-01-11 15:29:06.994855 INFO::Fitting model to feature number 174, MGYG000325570
2026-01-11 15:29:07.001608 INFO::Fitting model to feature number 175, MGYG000325620
2026-01-11 15:29:07.006381 INFO::Fitting model to feature number 176, CAG-873 sp001701165
2026-01-11 15:29:07.011156 INFO::Fitting model to feature number 177, MGYG000325469
2026-01-11 15:29:07.016291 INFO::Fitting model to feature number 178, CAG-873 sp003979155
2026-01-11 15:29:07.021453 INFO::Fitting model to feature number 179, MGYG000325729
2026-01-11 15:29:07.026356 INFO::Fitting model to feature number 180, CAG-873 sp910576775
2026-01-11 15:29:07.031096 INFO::Fitting model to feature number 181, MGYG000325342
2026-01-11 15:29:07.03639 INFO::Fitting model to feature number 182, MGYG000325463
2026-01-11 15:29:07.04105 INFO::Fitting model to feature number 183, CAG-873 sp910587355
2026-01-11 15:29:07.04569 INFO::Fitting model to feature number 184, CAG-873 sp910583525
2026-01-11 15:29:07.050976 INFO::Fitting model to feature number 185, MGYG000328958
2026-01-11 15:29:07.055619 INFO::Fitting model to feature number 186, MGYG000325379
2026-01-11 15:29:07.06003 INFO::Fitting model to feature number 187, CAG-873 sp910584495
2026-01-11 15:29:07.064495 INFO::Fitting model to feature number 188, CAG-873 sp910589055
2026-01-11 15:29:07.069779 INFO::Fitting model to feature number 189, CAG-873 sp910586595
2026-01-11 15:29:07.07425 INFO::Fitting model to feature number 190, MGYG000325473
2026-01-11 15:29:07.078693 INFO::Fitting model to feature number 191, CAG-873 sp910587925
2026-01-11 15:29:07.083735 INFO::Fitting model to feature number 192, CAG-873 sp900555715
2026-01-11 15:29:07.08834 INFO::Fitting model to feature number 193, CAG-873 sp002493945
2026-01-11 15:29:07.092808 INFO::Fitting model to feature number 194, CAG-873 sp002491245
2026-01-11 15:29:07.097359 INFO::Fitting model to feature number 195, MGYG000329571
2026-01-11 15:29:07.103046 INFO::Fitting model to feature number 196, MGYG000325537
2026-01-11 15:29:07.108099 INFO::Fitting model to feature number 197, CAG-485 sp009775365
2026-01-11 15:29:07.11356 INFO::Fitting model to feature number 198, CAG-485 sp002493045
2026-01-11 15:29:07.120683 INFO::Fitting model to feature number 199, CAG-485 sp009775355
2026-01-11 15:29:07.125663 INFO::Fitting model to feature number 200, CAG-485 sp002362485
2026-01-11 15:29:07.131378 INFO::Fitting model to feature number 201, CAG-485 sp002361215
2026-01-11 15:29:07.138627 INFO::Fitting model to feature number 202, CAG-485 sp002491945
2026-01-11 15:29:07.14571 INFO::Fitting model to feature number 203, CAG-485 sp002361155
2026-01-11 15:29:07.153655 INFO::Fitting model to feature number 204, MGYG000410771
2026-01-11 15:29:07.161692 INFO::Fitting model to feature number 205, MGYG000325582
2026-01-11 15:29:07.169895 INFO::Fitting model to feature number 206, CAG-485 sp002493515
2026-01-11 15:29:07.178157 INFO::Fitting model to feature number 207, CAG-485 sp003979075
2026-01-11 15:29:07.186396 INFO::Fitting model to feature number 208, CAG-485 sp001701295
2026-01-11 15:29:07.194296 INFO::Fitting model to feature number 209, MGYG000325475
2026-01-11 15:29:07.20243 INFO::Fitting model to feature number 210, MGYG000327930
2026-01-11 15:29:07.210604 INFO::Fitting model to feature number 211, CAG-485 sp910584055
2026-01-11 15:29:07.219004 INFO::Fitting model to feature number 212, MGYG000325569
2026-01-11 15:29:07.227325 INFO::Fitting model to feature number 213, CAG-485 sp910579845
2026-01-11 15:29:07.235315 INFO::Fitting model to feature number 214, CAG-485 sp910584125
2026-01-11 15:29:07.244117 INFO::Fitting model to feature number 215, CAG-485 sp910578385
2026-01-11 15:29:07.25228 INFO::Fitting model to feature number 216, MGYG000325346
2026-01-11 15:29:07.259903 INFO::Fitting model to feature number 217, MGYG000324474
2026-01-11 15:29:07.267966 INFO::Fitting model to feature number 218, CAG-485 sp910586175
2026-01-11 15:29:07.275506 INFO::Fitting model to feature number 219, MGYG000329437
2026-01-11 15:29:07.288285 INFO::Fitting model to feature number 220, MGYG000325442
2026-01-11 15:29:07.295231 INFO::Fitting model to feature number 221, CAG-485 sp910577585
2026-01-11 15:29:07.302981 INFO::Fitting model to feature number 222, CAG-485 sp009775375
2026-01-11 15:29:07.309822 INFO::Fitting model to feature number 223, MGYG000347897
2026-01-11 15:29:07.319575 INFO::Fitting model to feature number 224, CAG-485 sp910578075
2026-01-11 15:29:07.327759 INFO::Fitting model to feature number 225, CAG-485 sp900554845
2026-01-11 15:29:07.337804 INFO::Fitting model to feature number 226, CAG-485 sp910583775
2026-01-11 15:29:07.355126 INFO::Fitting model to feature number 227, MGYG000325760
2026-01-11 15:29:07.385854 INFO::Fitting model to feature number 228, MGYG000325660
2026-01-11 15:29:07.397883 INFO::Fitting model to feature number 229, CAG-485 sp910584545
2026-01-11 15:29:07.406872 INFO::Fitting model to feature number 230, MGYG000325658
2026-01-11 15:29:07.416013 INFO::Fitting model to feature number 231, CAG-485 sp910584525
2026-01-11 15:29:07.424693 INFO::Fitting model to feature number 232, CAG-485 sp910583795
2026-01-11 15:29:07.433497 INFO::Fitting model to feature number 233, CAG-485 sp910585275
2026-01-11 15:29:07.439056 INFO::Fitting model to feature number 234, MGYG000325481
2026-01-11 15:29:07.444588 INFO::Fitting model to feature number 235, CAG-485 sp910589425
2026-01-11 15:29:07.451355 INFO::Fitting model to feature number 236, CAG-485 sp910588245
2026-01-11 15:29:07.457312 INFO::Fitting model to feature number 237, CAG-485 sp014801815
2026-01-11 15:29:07.463986 INFO::Fitting model to feature number 238, MGYG000329106
2026-01-11 15:29:07.470807 INFO::Fitting model to feature number 239, MGYG000325458
2026-01-11 15:29:07.476454 INFO::Fitting model to feature number 240, MGYG000325710
2026-01-11 15:29:07.48267 INFO::Fitting model to feature number 241, MGYG000325738
2026-01-11 15:29:07.491116 INFO::Fitting model to feature number 242, MGYG000325560
2026-01-11 15:29:07.498453 INFO::Fitting model to feature number 243, CAG-485 sp910579305
2026-01-11 15:29:07.505501 INFO::Fitting model to feature number 244, MGYG000325644
2026-01-11 15:29:07.511317 INFO::Fitting model to feature number 245, CAG-485 sp900760815
2026-01-11 15:29:07.518438 INFO::Fitting model to feature number 246, MGYG000325315
2026-01-11 15:29:07.526665 INFO::Fitting model to feature number 247, MGYG000325633
2026-01-11 15:29:07.535071 INFO::Fitting model to feature number 248, MGYG000325436
2026-01-11 15:29:07.543152 INFO::Fitting model to feature number 249, MGYG000325715
2026-01-11 15:29:07.551856 INFO::Fitting model to feature number 250, MGYG000325350
2026-01-11 15:29:07.558469 INFO::Fitting model to feature number 251, MGYG000325747
2026-01-11 15:29:07.564276 INFO::Fitting model to feature number 252, MGYG000325437
2026-01-11 15:29:07.570963 INFO::Fitting model to feature number 253, CAG-485 sp014800895
2026-01-11 15:29:07.577703 INFO::Fitting model to feature number 254, MGYG000325541
2026-01-11 15:29:07.586728 INFO::Fitting model to feature number 255, MGYG000325479
2026-01-11 15:29:07.595543 INFO::Fitting model to feature number 256, CAG-485 sp910585285
2026-01-11 15:29:07.604006 INFO::Fitting model to feature number 257, CAG-485 sp910584185
2026-01-11 15:29:07.612077 INFO::Fitting model to feature number 258, MGYG000325680
2026-01-11 15:29:07.619914 INFO::Fitting model to feature number 259, MGYG000325622
2026-01-11 15:29:07.626506 INFO::Fitting model to feature number 260, MGYG000325425
2026-01-11 15:29:07.63597 INFO::Fitting model to feature number 261, MGYG000325415
2026-01-11 15:29:07.642275 INFO::Fitting model to feature number 262, CAG-485 sp900550645
2026-01-11 15:29:07.652412 INFO::Fitting model to feature number 263, MGYG000325597
2026-01-11 15:29:07.658728 INFO::Fitting model to feature number 264, MGYG000325446
2026-01-11 15:29:07.667991 INFO::Fitting model to feature number 265, MGYG000325721
2026-01-11 15:29:07.676561 INFO::Fitting model to feature number 266, Muribaculum gordoncarteri
2026-01-11 15:29:07.682692 INFO::Fitting model to feature number 267, Muribaculum sp009775095
2026-01-11 15:29:07.691339 INFO::Fitting model to feature number 268, Muribaculum sp002473395
2026-01-11 15:29:07.698065 INFO::Fitting model to feature number 269, Muribaculum faecis
2026-01-11 15:29:07.705733 INFO::Fitting model to feature number 270, MGYG000325310
2026-01-11 15:29:07.713561 INFO::Fitting model to feature number 271, Muribaculum sp910587665
2026-01-11 15:29:07.719992 INFO::Fitting model to feature number 272, Muribaculum sp001701195
2026-01-11 15:29:07.726584 INFO::Fitting model to feature number 273, Muribaculum sp910578785
2026-01-11 15:29:07.7356 INFO::Fitting model to feature number 274, Muribaculum sp910589555
2026-01-11 15:29:07.74328 INFO::Fitting model to feature number 275, Muribaculum arabinoxylanisolvens
2026-01-11 15:29:07.751313 INFO::Fitting model to feature number 276, Muribaculum sp003150235
2026-01-11 15:29:07.759253 INFO::Fitting model to feature number 277, MGYG000328540
2026-01-11 15:29:07.766759 INFO::Fitting model to feature number 278, Muribaculum sp910583865
2026-01-11 15:29:07.77514 INFO::Fitting model to feature number 279, Muribaculum sp910578835
2026-01-11 15:29:07.784069 INFO::Fitting model to feature number 280, Muribaculum sp001701065
2026-01-11 15:29:07.793212 INFO::Fitting model to feature number 281, MGYG000328957
2026-01-11 15:29:07.801791 INFO::Fitting model to feature number 282, UBA7173 sp001689485
2026-01-11 15:29:07.810578 INFO::Fitting model to feature number 283, UBA7173 sp001689685
2026-01-11 15:29:07.818988 INFO::Fitting model to feature number 284, UBA7173 sp002491305
2026-01-11 15:29:07.827854 INFO::Fitting model to feature number 285, UBA7173 sp013316675
2026-01-11 15:29:07.836848 INFO::Fitting model to feature number 286, MGYG000329847
2026-01-11 15:29:07.845456 INFO::Fitting model to feature number 287, UBA7173 sp013316535
2026-01-11 15:29:07.854889 INFO::Fitting model to feature number 288, UBA7173 sp910584365
2026-01-11 15:29:07.863107 INFO::Fitting model to feature number 289, UBA7173 sp910583675
2026-01-11 15:29:07.872576 INFO::Fitting model to feature number 290, MGYG000325674
2026-01-11 15:29:07.883001 INFO::Fitting model to feature number 291, UBA7173 sp910584735
2026-01-11 15:29:07.892062 INFO::Fitting model to feature number 292, UBA7173 sp900548705
2026-01-11 15:29:07.898311 INFO::Fitting model to feature number 293, UBA7173 sp910585755
2026-01-11 15:29:07.906538 INFO::Fitting model to feature number 294, UBA7173 sp910579105
2026-01-11 15:29:07.91413 INFO::Fitting model to feature number 295, UBA7173 sp910586565
2026-01-11 15:29:07.922077 INFO::Fitting model to feature number 296, UBA7173 sp900555165
2026-01-11 15:29:07.928658 INFO::Fitting model to feature number 297, UBA7173 sp910587075
2026-01-11 15:29:07.935077 INFO::Fitting model to feature number 298, MGYG000410332
2026-01-11 15:29:07.941208 INFO::Fitting model to feature number 299, MGYG000325632
2026-01-11 15:29:07.94749 INFO::Fitting model to feature number 300, MGYG000325803
2026-01-11 15:29:07.955323 INFO::Fitting model to feature number 301, JAFLTL01 sp910578395
2026-01-11 15:29:07.962749 INFO::Fitting model to feature number 302, MGYG000325590
2026-01-11 15:29:07.96993 INFO::Fitting model to feature number 303, UBA3263 sp001689615
2026-01-11 15:29:07.975666 INFO::Fitting model to feature number 304, MGYG000325470
2026-01-11 15:29:07.98162 INFO::Fitting model to feature number 305, UBA3263 sp002490725
2026-01-11 15:29:07.988317 INFO::Fitting model to feature number 306, MGYG000331010
2026-01-11 15:29:07.995878 INFO::Fitting model to feature number 307, UBA3263 sp014801955
2026-01-11 15:29:08.003433 INFO::Fitting model to feature number 308, MGYG000325619
2026-01-11 15:29:08.009955 INFO::Fitting model to feature number 309, MGYG000325600
2026-01-11 15:29:08.01579 INFO::Fitting model to feature number 310, MGYG000325598
2026-01-11 15:29:08.022238 INFO::Fitting model to feature number 311, JAGBWK01 sp001915385
2026-01-11 15:29:08.028122 INFO::Fitting model to feature number 312, JAGBWK01 sp004102805
2026-01-11 15:29:08.035463 INFO::Fitting model to feature number 313, MGYG000325382
2026-01-11 15:29:08.041218 INFO::Fitting model to feature number 314, MGYG000327564
2026-01-11 15:29:08.047629 INFO::Fitting model to feature number 315, MGYG000328504
2026-01-11 15:29:08.05413 INFO::Fitting model to feature number 316, JAAVFS01 sp910584665
2026-01-11 15:29:08.207425 INFO::Fitting model to feature number 317, MGYG000325322
2026-01-11 15:29:08.216578 INFO::Fitting model to feature number 318, MGYG000325435
2026-01-11 15:29:08.224798 INFO::Fitting model to feature number 319, CAJUPY01 sp910588035
2026-01-11 15:29:08.23314 INFO::Fitting model to feature number 320, MGYG000325343
2026-01-11 15:29:08.239529 INFO::Fitting model to feature number 321, CAJUPY01 sp014802535
2026-01-11 15:29:08.245101 INFO::Fitting model to feature number 322, MGYG000325663
2026-01-11 15:29:08.251731 INFO::Fitting model to feature number 323, M3 sp001689445
2026-01-11 15:29:08.259415 INFO::Fitting model to feature number 324, MGYG000328741
2026-01-11 15:29:08.265109 INFO::Fitting model to feature number 325, CAG-1031 sp000431215
2026-01-11 15:29:08.27366 INFO::Fitting model to feature number 326, Amulumruptor sp001689515
2026-01-11 15:29:08.279175 INFO::Fitting model to feature number 327, Amulumruptor sp900539915
2026-01-11 15:29:08.2861 INFO::Fitting model to feature number 328, Sodaliphilus sp004557565
2026-01-11 15:29:08.293948 INFO::Fitting model to feature number 329, Limisoma sp000437795
2026-01-11 15:29:08.302031 INFO::Fitting model to feature number 330, Bacteroides sp002491635
2026-01-11 15:29:08.310091 INFO::Fitting model to feature number 331, Bacteroides sp910578895
2026-01-11 15:29:08.318205 INFO::Fitting model to feature number 332, Bacteroides acidifaciens
2026-01-11 15:29:08.326329 INFO::Fitting model to feature number 333, Bacteroides caecimuris
2026-01-11 15:29:08.3334 INFO::Fitting model to feature number 334, Bacteroides sp910586915
2026-01-11 15:29:08.341953 INFO::Fitting model to feature number 335, Bacteroides uniformis
2026-01-11 15:29:08.350933 INFO::Fitting model to feature number 336, Bacteroides sp910585845
2026-01-11 15:29:08.359148 INFO::Fitting model to feature number 337, Bacteroides sp900765785
2026-01-11 15:29:08.368258 INFO::Fitting model to feature number 338, Bacteroides stercoris
2026-01-11 15:29:08.375476 INFO::Fitting model to feature number 339, MGYG000325585
2026-01-11 15:29:08.381387 INFO::Fitting model to feature number 340, Bacteroides nordii
2026-01-11 15:29:08.387294 INFO::Fitting model to feature number 341, Bacteroides congonensis
2026-01-11 15:29:08.393596 INFO::Fitting model to feature number 342, Bacteroides xylanisolvens
2026-01-11 15:29:08.399822 INFO::Fitting model to feature number 343, Bacteroides intestinalis
2026-01-11 15:29:08.406471 INFO::Fitting model to feature number 344, Bacteroides cellulosilyticus
2026-01-11 15:29:08.412767 INFO::Fitting model to feature number 345, Prevotella sp002933775
2026-01-11 15:29:08.419558 INFO::Fitting model to feature number 346, Prevotella muris
2026-01-11 15:29:08.426232 INFO::Fitting model to feature number 347, MGYG000325010
2026-01-11 15:29:08.432131 INFO::Fitting model to feature number 348, MGYG000325676
2026-01-11 15:29:08.43962 INFO::Fitting model to feature number 349, Prevotella sp013166515
2026-01-11 15:29:08.445198 INFO::Fitting model to feature number 350, Prevotella rodentium
2026-01-11 15:29:08.452508 INFO::Fitting model to feature number 351, Prevotella sp900545525
2026-01-11 15:29:08.459202 INFO::Fitting model to feature number 352, MGYG000325400
2026-01-11 15:29:08.465138 INFO::Fitting model to feature number 353, Prevotella intestinalis
2026-01-11 15:29:08.471232 INFO::Fitting model to feature number 354, Phocaeicola vulgatus
2026-01-11 15:29:08.476278 INFO::Fitting model to feature number 355, Phocaeicola sartorii
2026-01-11 15:29:08.483226 INFO::Fitting model to feature number 356, Phocaeicola sp011959205
2026-01-11 15:29:08.490623 INFO::Fitting model to feature number 357, Phocaeicola faecalis
2026-01-11 15:29:08.496137 INFO::Fitting model to feature number 358, Phocaeicola plebeius_A
2026-01-11 15:29:08.503466 INFO::Fitting model to feature number 359, Phocaeicola massiliensis
2026-01-11 15:29:08.508899 INFO::Fitting model to feature number 360, UBA4372 sp023665805
2026-01-11 15:29:08.515855 INFO::Fitting model to feature number 361, MGYG000325572
2026-01-11 15:29:08.522356 INFO::Fitting model to feature number 362, Alloprevotella sp009775705
2026-01-11 15:29:08.528842 INFO::Fitting model to feature number 363, Alloprevotella sp002933955
2026-01-11 15:29:08.535114 INFO::Fitting model to feature number 364, Paraprevotella sp900548345
2026-01-11 15:29:08.541451 INFO::Fitting model to feature number 365, Paraprevotella sp910586505
2026-01-11 15:29:08.547444 INFO::Fitting model to feature number 366, Alistipes sp002428825
2026-01-11 15:29:08.555799 INFO::Fitting model to feature number 367, Alistipes sp910587675
2026-01-11 15:29:08.561277 INFO::Fitting model to feature number 368, Alistipes timonensis
2026-01-11 15:29:08.566003 INFO::Fitting model to feature number 369, Alistipes sp910576555
2026-01-11 15:29:08.571286 INFO::Fitting model to feature number 370, Alistipes sp009774895
2026-01-11 15:29:08.57661 INFO::Fitting model to feature number 371, Alistipes sp002362235
2026-01-11 15:29:08.58203 INFO::Fitting model to feature number 372, Alistipes sp900552955
2026-01-11 15:29:08.585862 WARNING::Fitting problem for feature 372 returning NA
2026-01-11 15:29:08.58878 INFO::Fitting model to feature number 373, Alistipes sp910575495
2026-01-11 15:29:08.594675 INFO::Fitting model to feature number 374, Alistipes sp910577475
2026-01-11 15:29:08.601357 INFO::Fitting model to feature number 375, Alistipes sp002358415
2026-01-11 15:29:08.610052 INFO::Fitting model to feature number 376, Avirikenella sp910588925
2026-01-11 15:29:08.617433 INFO::Fitting model to feature number 377, MGYG000325667
2026-01-11 15:29:08.624944 INFO::Fitting model to feature number 378, Rikenella sp910577885
2026-01-11 15:29:08.632969 INFO::Fitting model to feature number 379, Parabacteroides distasonis
2026-01-11 15:29:08.640216 INFO::Fitting model to feature number 380, Parabacteroides goldsteinii
2026-01-11 15:29:08.647376 INFO::Fitting model to feature number 381, Parabacteroides sp900760525
2026-01-11 15:29:08.654691 INFO::Fitting model to feature number 382, Parabacteroides merdae
2026-01-11 15:29:08.660843 INFO::Fitting model to feature number 383, Odoribacter sp021771575
2026-01-11 15:29:08.668375 INFO::Fitting model to feature number 384, Odoribacter sp910578105
2026-01-11 15:29:08.673618 INFO::Fitting model to feature number 385, Odoribacter sp910589025
2026-01-11 15:29:08.678809 INFO::Fitting model to feature number 386, Butyricimonas virosa
2026-01-11 15:29:08.685532 INFO::Fitting model to feature number 387, Pullibacteroides sp910586395
2026-01-11 15:29:08.690915 INFO::Fitting model to feature number 388, Cryptobacteroides sp009774765
2026-01-11 15:29:08.696283 INFO::Fitting model to feature number 389, Cryptobacteroides sp910585445
2026-01-11 15:29:08.702327 INFO::Fitting model to feature number 390, Imtechella halotolerans
2026-01-11 15:29:08.707634 INFO::Fitting model to feature number 391, Faecalibaculum sp910588395
2026-01-11 15:29:08.712984 INFO::Fitting model to feature number 392, C-19 sp910576855
2026-01-11 15:29:08.71934 INFO::Fitting model to feature number 393, MGYG000329824
2026-01-11 15:29:08.725201 INFO::Fitting model to feature number 394, Ileibacterium valens
2026-01-11 15:29:08.731597 INFO::Fitting model to feature number 395, Dubosiella sp004793885
2026-01-11 15:29:08.737523 INFO::Fitting model to feature number 396, CAJTFG01 sp910575705
2026-01-11 15:29:08.742335 INFO::Fitting model to feature number 397, Thomasclavelia cocleata
2026-01-11 15:29:08.747274 INFO::Fitting model to feature number 398, Thomasclavelia ramosa
2026-01-11 15:29:08.752813 INFO::Fitting model to feature number 399, MGBC113645 sp910579135
2026-01-11 15:29:08.757558 INFO::Fitting model to feature number 400, Fimiplasma sp910588165
2026-01-11 15:29:08.762406 INFO::Fitting model to feature number 401, Lactobacillus intestinalis
2026-01-11 15:29:08.767361 INFO::Fitting model to feature number 402, Lactobacillus sp910589675
2026-01-11 15:29:08.772789 INFO::Fitting model to feature number 403, MGYG000329195
2026-01-11 15:29:08.777567 INFO::Fitting model to feature number 404, Lactobacillus taiwanensis
2026-01-11 15:29:08.782277 INFO::Fitting model to feature number 405, Lactobacillus amylovorus
2026-01-11 15:29:08.78759 INFO::Fitting model to feature number 406, MGYG000325525
2026-01-11 15:29:08.792374 INFO::Fitting model to feature number 407, MGYG000326943
2026-01-11 15:29:08.796983 INFO::Fitting model to feature number 408, Lactobacillus hominis
2026-01-11 15:29:08.802248 INFO::Fitting model to feature number 409, Lactobacillus acidophilus
2026-01-11 15:29:08.807007 INFO::Fitting model to feature number 410, MGYG000326944
2026-01-11 15:29:08.811733 INFO::Fitting model to feature number 411, Lactobacillus delbrueckii
2026-01-11 15:29:08.816592 INFO::Fitting model to feature number 412, Limosilactobacillus reuteri
2026-01-11 15:29:08.822077 INFO::Fitting model to feature number 413, Limosilactobacillus sp009663775
2026-01-11 15:29:08.826725 INFO::Fitting model to feature number 414, Limosilactobacillus fermentum
2026-01-11 15:29:08.831407 INFO::Fitting model to feature number 415, Limosilactobacillus equigenerosi
2026-01-11 15:29:08.837296 INFO::Fitting model to feature number 416, Limosilactobacillus portuensis
2026-01-11 15:29:08.842604 INFO::Fitting model to feature number 417, Ligilactobacillus murinus
2026-01-11 15:29:08.849245 INFO::Fitting model to feature number 418, Ligilactobacillus animalis
2026-01-11 15:29:08.856792 INFO::Fitting model to feature number 419, Ligilactobacillus sp910587695
2026-01-11 15:29:08.862973 INFO::Fitting model to feature number 420, Ligilactobacillus agilis
2026-01-11 15:29:08.870728 INFO::Fitting model to feature number 421, Pediococcus pentosaceus
2026-01-11 15:29:08.879731 INFO::Fitting model to feature number 422, Enterococcus faecalis
2026-01-11 15:29:08.889057 INFO::Fitting model to feature number 423, Turicibacter sp002311155
2026-01-11 15:29:08.894844 INFO::Fitting model to feature number 424, MGYG000380869
2026-01-11 15:29:08.900979 INFO::Fitting model to feature number 425, CAG-582 sp910577075
2026-01-11 15:29:08.908958 INFO::Fitting model to feature number 426, UBA5026 sp910576795
2026-01-11 15:29:08.915759 INFO::Fitting model to feature number 427, UBA5026 sp910586425
2026-01-11 15:29:08.923008 INFO::Fitting model to feature number 428, MGYG000330354
2026-01-11 15:29:08.929765 INFO::Fitting model to feature number 429, MGYG000338472
2026-01-11 15:29:08.939031 INFO::Fitting model to feature number 430, MGYG000329046
2026-01-11 15:29:08.946431 INFO::Fitting model to feature number 431, MGYG000331189
2026-01-11 15:29:08.954604 INFO::Fitting model to feature number 432, Mammaliicoccus lentus
2026-01-11 15:29:08.96033 INFO::Fitting model to feature number 433, Staphylococcus xylosus
2026-01-11 15:29:08.966727 INFO::Fitting model to feature number 434, MGYG000410805
2026-01-11 15:29:08.975094 INFO::Fitting model to feature number 435, Desulfovibrio sp910575755
2026-01-11 15:29:08.981228 INFO::Fitting model to feature number 436, Desulfovibrio sp910587035
2026-01-11 15:29:08.989463 INFO::Fitting model to feature number 437, Desulfovibrio sp910584445
2026-01-11 15:29:08.996306 INFO::Fitting model to feature number 438, MGYG000325668
2026-01-11 15:29:09.002987 INFO::Fitting model to feature number 439, Desulfovibrio sp900556755
2026-01-11 15:29:09.008661 INFO::Fitting model to feature number 440, Desulfovibrio sp905215675
2026-01-11 15:29:09.014263 INFO::Fitting model to feature number 441, MGYG000325515
2026-01-11 15:29:09.020733 INFO::Fitting model to feature number 442, Bilophila sp910585945
2026-01-11 15:29:09.028142 INFO::Fitting model to feature number 443, Bilophila faecipullorum
2026-01-11 15:29:09.035872 INFO::Fitting model to feature number 444, Bilophila sp902373525
2026-01-11 15:29:09.041994 INFO::Fitting model to feature number 445, Mailhella sp910579055
2026-01-11 15:29:09.048369 INFO::Fitting model to feature number 446, Mailhella excrementigallinarum
2026-01-11 15:29:09.054852 INFO::Fitting model to feature number 447, MGYG000399267
2026-01-11 15:29:09.06047 INFO::Fitting model to feature number 448, MGYG000410288
2026-01-11 15:29:09.068113 INFO::Fitting model to feature number 449, Schaedlerella sp910589385
2026-01-11 15:29:09.075463 INFO::Fitting model to feature number 450, Schaedlerella arabinosiphila
2026-01-11 15:29:09.081534 INFO::Fitting model to feature number 451, Schaedlerella sp009911175
2026-01-11 15:29:09.08913 INFO::Fitting model to feature number 452, MGYG000410694
2026-01-11 15:29:09.097409 INFO::Fitting model to feature number 453, Schaedlerella sp000403295
2026-01-11 15:29:09.106019 INFO::Fitting model to feature number 454, Schaedlerella sp910574865
2026-01-11 15:29:09.112458 INFO::Fitting model to feature number 455, Schaedlerella sp910574195
2026-01-11 15:29:09.118856 INFO::Fitting model to feature number 456, Schaedlerella sp943193195
2026-01-11 15:29:09.124437 INFO::Fitting model to feature number 457, Schaedlerella sp009774255
2026-01-11 15:29:09.130007 INFO::Fitting model to feature number 458, MGYG000328305
2026-01-11 15:29:09.13639 INFO::Fitting model to feature number 459, MD308 sp910575105
2026-01-11 15:29:09.142165 INFO::Fitting model to feature number 460, MD308 sp010206225
2026-01-11 15:29:09.148036 INFO::Fitting model to feature number 461, MGYG000323047
2026-01-11 15:29:09.154414 INFO::Fitting model to feature number 462, MD308 sp000403475
2026-01-11 15:29:09.159951 INFO::Fitting model to feature number 463, MGYG000326632
2026-01-11 15:29:09.165582 INFO::Fitting model to feature number 464, MD308 sp910578455
2026-01-11 15:29:09.171922 INFO::Fitting model to feature number 465, MD308 sp910586965
2026-01-11 15:29:09.177814 INFO::Fitting model to feature number 466, MD308 sp910584615
2026-01-11 15:29:09.184 INFO::Fitting model to feature number 467, MGYG000410877
2026-01-11 15:29:09.190878 INFO::Fitting model to feature number 468, MGYG000324148
2026-01-11 15:29:09.196454 INFO::Fitting model to feature number 469, Sporofaciens sp910574715
2026-01-11 15:29:09.202575 INFO::Fitting model to feature number 470, Sporofaciens sp910579015
2026-01-11 15:29:09.208056 INFO::Fitting model to feature number 471, MGYG000353267
2026-01-11 15:29:09.213874 INFO::Fitting model to feature number 472, Sporofaciens sp910575835
2026-01-11 15:29:09.220181 INFO::Fitting model to feature number 473, Sporofaciens musculi
2026-01-11 15:29:09.227303 INFO::Fitting model to feature number 474, Sporofaciens sp009774295
2026-01-11 15:29:09.23437 INFO::Fitting model to feature number 475, Sporofaciens sp910574885
2026-01-11 15:29:09.241318 INFO::Fitting model to feature number 476, Sporofaciens sp000403455
2026-01-11 15:29:09.247012 INFO::Fitting model to feature number 477, Sporofaciens sp910577685
2026-01-11 15:29:09.253741 INFO::Fitting model to feature number 478, Sporofaciens sp910587575
2026-01-11 15:29:09.26095 INFO::Fitting model to feature number 479, Sporofaciens sp910585725
2026-01-11 15:29:09.268413 INFO::Fitting model to feature number 480, Sporofaciens sp910579925
2026-01-11 15:29:09.296126 INFO::Fitting model to feature number 481, MGYG000402809
2026-01-11 15:29:09.302557 INFO::Fitting model to feature number 482, UBA11957 sp910588295
2026-01-11 15:29:09.308002 INFO::Fitting model to feature number 483, MGYG000410400
2026-01-11 15:29:09.316097 INFO::Fitting model to feature number 484, Choladocola sp009774135
2026-01-11 15:29:09.323404 INFO::Fitting model to feature number 485, Choladocola sp910583615
2026-01-11 15:29:09.328866 INFO::Fitting model to feature number 486, Choladocola sp910585995
2026-01-11 15:29:09.334333 INFO::Fitting model to feature number 487, Choladocola sp009774145
2026-01-11 15:29:09.33987 INFO::Fitting model to feature number 488, Choladocola sp910584945
2026-01-11 15:29:09.344925 INFO::Fitting model to feature number 489, Choladocola sp910579225
2026-01-11 15:29:09.350258 INFO::Fitting model to feature number 490, Choladocola sp910584205
2026-01-11 15:29:09.356153 INFO::Fitting model to feature number 491, Choladocola sp910574965
2026-01-11 15:29:09.361435 INFO::Fitting model to feature number 492, Choladocola sp910575445
2026-01-11 15:29:09.36756 INFO::Fitting model to feature number 493, Choladocola sp910583895
2026-01-11 15:29:09.375541 INFO::Fitting model to feature number 494, Choladocola sp009774155
2026-01-11 15:29:09.382218 INFO::Fitting model to feature number 495, Choladocola sp910587495
2026-01-11 15:29:09.390301 INFO::Fitting model to feature number 496, Choladocola sp910585465
2026-01-11 15:29:09.396966 INFO::Fitting model to feature number 497, Choladocola sp910587765
2026-01-11 15:29:09.402867 INFO::Fitting model to feature number 498, MGYG000392954
2026-01-11 15:29:09.408876 INFO::Fitting model to feature number 499, Lachnoclostridium_B sp910584095
2026-01-11 15:29:09.413622 INFO::Fitting model to feature number 500, Lachnoclostridium_B sp910574185
2026-01-11 15:29:09.41902 INFO::Fitting model to feature number 501, MGYG000331109
2026-01-11 15:29:09.423819 INFO::Fitting model to feature number 502, Lachnoclostridium_B sp910584265
2026-01-11 15:29:09.428469 INFO::Fitting model to feature number 503, Lachnoclostridium_B sp910588745
2026-01-11 15:29:09.433424 INFO::Fitting model to feature number 504, Lachnoclostridium_B sp910589275
2026-01-11 15:29:09.438554 INFO::Fitting model to feature number 505, MGYG000328855
2026-01-11 15:29:09.44324 INFO::Fitting model to feature number 506, MGBC164599 sp910588825
2026-01-11 15:29:09.447825 INFO::Fitting model to feature number 507, MGBC164599 sp910575625
2026-01-11 15:29:09.453528 INFO::Fitting model to feature number 508, MGBC164599 sp910587105
2026-01-11 15:29:09.458722 INFO::Fitting model to feature number 509, MGBC164599 sp910588775
2026-01-11 15:29:09.463836 INFO::Fitting model to feature number 510, MGYG000330030
2026-01-11 15:29:09.470681 INFO::Fitting model to feature number 511, MGYG000330180
2026-01-11 15:29:09.477766 INFO::Fitting model to feature number 512, 14-2 sp910588845
2026-01-11 15:29:09.484281 INFO::Fitting model to feature number 513, 14-2 sp910577785
2026-01-11 15:29:09.490728 INFO::Fitting model to feature number 514, 14-2 sp910576385
2026-01-11 15:29:09.496198 INFO::Fitting model to feature number 515, 14-2 sp910575155
2026-01-11 15:29:09.501628 INFO::Fitting model to feature number 516, 14-2 sp910575035
2026-01-11 15:29:09.509073 INFO::Fitting model to feature number 517, 14-2 sp011960065
2026-01-11 15:29:09.516478 INFO::Fitting model to feature number 518, MGYG000409996
2026-01-11 15:29:09.524524 INFO::Fitting model to feature number 519, 14-2 sp910588285
2026-01-11 15:29:09.53221 INFO::Fitting model to feature number 520, 14-2 sp910575005
2026-01-11 15:29:09.54019 INFO::Fitting model to feature number 521, 14-2 sp910584585
2026-01-11 15:29:09.547897 INFO::Fitting model to feature number 522, 14-2 sp000403255
2026-01-11 15:29:09.556068 INFO::Fitting model to feature number 523, MGYG000411355
2026-01-11 15:29:09.563442 INFO::Fitting model to feature number 524, 14-2 sp910583835
2026-01-11 15:29:09.57088 INFO::Fitting model to feature number 525, 14-2 sp910575075
2026-01-11 15:29:09.580022 INFO::Fitting model to feature number 526, 14-2 sp000403315
2026-01-11 15:29:09.587171 INFO::Fitting model to feature number 527, 14-2 sp009774455
2026-01-11 15:29:09.592896 INFO::Fitting model to feature number 528, 14-2 sp910589635
2026-01-11 15:29:09.598695 INFO::Fitting model to feature number 529, 14-2 sp910576975
2026-01-11 15:29:09.604793 INFO::Fitting model to feature number 530, MGYG000411595
2026-01-11 15:29:09.610146 INFO::Fitting model to feature number 531, MGYG000328404
2026-01-11 15:29:09.617136 INFO::Fitting model to feature number 532, 14-2 sp910578825
2026-01-11 15:29:09.624638 INFO::Fitting model to feature number 533, MGYG000410992
2026-01-11 15:29:09.632216 INFO::Fitting model to feature number 534, MGYG000324849
2026-01-11 15:29:09.639416 INFO::Fitting model to feature number 535, 14-2 sp000403845
2026-01-11 15:29:09.646153 INFO::Fitting model to feature number 536, Eubacterium_F sp910574015
2026-01-11 15:29:09.653703 INFO::Fitting model to feature number 537, MGYG000330978
2026-01-11 15:29:09.661702 INFO::Fitting model to feature number 538, Eubacterium_F sp910575665
2026-01-11 15:29:09.668222 INFO::Fitting model to feature number 539, Eubacterium_F sp910585745
2026-01-11 15:29:09.676005 INFO::Fitting model to feature number 540, MGYG000329322
2026-01-11 15:29:09.68178 INFO::Fitting model to feature number 541, Eubacterium_F sp910579145
2026-01-11 15:29:09.689674 INFO::Fitting model to feature number 542, Caccovicinus sp910585635
2026-01-11 15:29:09.697415 INFO::Fitting model to feature number 543, Caccovicinus sp009774615
2026-01-11 15:29:09.705601 INFO::Fitting model to feature number 544, Caccovicinus sp910584785
2026-01-11 15:29:09.713392 INFO::Fitting model to feature number 545, MGYG000411451
2026-01-11 15:29:09.720702 INFO::Fitting model to feature number 546, Caccovicinus sp910575565
2026-01-11 15:29:09.728292 INFO::Fitting model to feature number 547, MGYG000322995
2026-01-11 15:29:09.735041 INFO::Fitting model to feature number 548, Caccovicinus sp910588895
2026-01-11 15:29:09.742777 INFO::Fitting model to feature number 549, Acetatifactor sp910576125
2026-01-11 15:29:09.750769 INFO::Fitting model to feature number 550, Acetatifactor sp910589035
2026-01-11 15:29:09.759082 INFO::Fitting model to feature number 551, Acetatifactor sp910579755
2026-01-11 15:29:09.767823 INFO::Fitting model to feature number 552, Acetatifactor sp910584865
2026-01-11 15:29:09.774125 INFO::Fitting model to feature number 553, Acetatifactor sp910585805
2026-01-11 15:29:09.779654 INFO::Fitting model to feature number 554, Acetatifactor sp910585425
2026-01-11 15:29:09.785912 INFO::Fitting model to feature number 555, Acetatifactor sp910585615
2026-01-11 15:29:09.792704 INFO::Fitting model to feature number 556, Acetatifactor sp910586775
2026-01-11 15:29:09.799589 INFO::Fitting model to feature number 557, Acetatifactor sp910589655
2026-01-11 15:29:09.806306 INFO::Fitting model to feature number 558, Acetatifactor sp910586835
2026-01-11 15:29:09.811853 INFO::Fitting model to feature number 559, Acetatifactor sp003612485
2026-01-11 15:29:09.817715 INFO::Fitting model to feature number 560, MGYG000329336
2026-01-11 15:29:09.823999 INFO::Fitting model to feature number 561, Acetatifactor sp910577185
2026-01-11 15:29:09.829597 INFO::Fitting model to feature number 562, MGYG000325587
2026-01-11 15:29:09.835945 INFO::Fitting model to feature number 563, Acetatifactor sp910584235
2026-01-11 15:29:09.841657 INFO::Fitting model to feature number 564, MGYG000325385
2026-01-11 15:29:09.847196 INFO::Fitting model to feature number 565, Acetatifactor sp910580225
2026-01-11 15:29:09.853381 INFO::Fitting model to feature number 566, Acetatifactor sp910577035
2026-01-11 15:29:09.860524 INFO::Fitting model to feature number 567, Acetatifactor sp910578995
2026-01-11 15:29:09.870177 INFO::Fitting model to feature number 568, Acetatifactor sp910578185
2026-01-11 15:29:09.879365 INFO::Fitting model to feature number 569, MGYG000327004
2026-01-11 15:29:09.888457 INFO::Fitting model to feature number 570, Acetatifactor sp910586485
2026-01-11 15:29:09.895247 INFO::Fitting model to feature number 571, MGYG000331015
2026-01-11 15:29:09.90088 INFO::Fitting model to feature number 572, Acetatifactor sp910587555
2026-01-11 15:29:09.908561 INFO::Fitting model to feature number 573, 1XD8-76 sp910578085
2026-01-11 15:29:09.91436 INFO::Fitting model to feature number 574, 1XD8-76 sp910573755
2026-01-11 15:29:09.921365 INFO::Fitting model to feature number 575, 1XD8-76 sp910577955
2026-01-11 15:29:09.930844 INFO::Fitting model to feature number 576, UBA3282 sp009774175
2026-01-11 15:29:09.93867 INFO::Fitting model to feature number 577, UBA3282 sp910575245
2026-01-11 15:29:09.945273 INFO::Fitting model to feature number 578, UBA3282 sp009774655
2026-01-11 15:29:09.951713 INFO::Fitting model to feature number 579, UBA3282 sp910577735
2026-01-11 15:29:09.959084 INFO::Fitting model to feature number 580, UBA3282 sp910588215
2026-01-11 15:29:09.96745 INFO::Fitting model to feature number 581, UBA3282 sp910584725
2026-01-11 15:29:09.97452 INFO::Fitting model to feature number 582, MGYG000329173
2026-01-11 15:29:09.98208 INFO::Fitting model to feature number 583, MGYG000325371
2026-01-11 15:29:09.992661 INFO::Fitting model to feature number 584, MGYG000324467
2026-01-11 15:29:10.001314 INFO::Fitting model to feature number 585, UBA3282 sp910587095
2026-01-11 15:29:10.009318 INFO::Fitting model to feature number 586, UBA3282 sp009774585
2026-01-11 15:29:10.016174 INFO::Fitting model to feature number 587, UBA3282 sp910576815
2026-01-11 15:29:10.022918 INFO::Fitting model to feature number 588, UBA3282 sp910575775
2026-01-11 15:29:10.028784 INFO::Fitting model to feature number 589, UBA3282 sp003611805
2026-01-11 15:29:10.034405 INFO::Fitting model to feature number 590, UBA3282 sp910579285
2026-01-11 15:29:10.041088 INFO::Fitting model to feature number 591, UBA3282 sp910579505
2026-01-11 15:29:10.046896 INFO::Fitting model to feature number 592, MGYG000328328
2026-01-11 15:29:10.053896 INFO::Fitting model to feature number 593, MGYG000325448
2026-01-11 15:29:10.059758 INFO::Fitting model to feature number 594, MGYG000328360
2026-01-11 15:29:10.066014 INFO::Fitting model to feature number 595, MGYG000323430
2026-01-11 15:29:10.073749 INFO::Fitting model to feature number 596, UBA3282 sp003612405
2026-01-11 15:29:10.081042 INFO::Fitting model to feature number 597, UBA3282 sp009774215
2026-01-11 15:29:10.08874 INFO::Fitting model to feature number 598, MGYG000324289
2026-01-11 15:29:10.094531 INFO::Fitting model to feature number 599, Paralachnospira sp910588815
2026-01-11 15:29:10.100363 INFO::Fitting model to feature number 600, Paralachnospira sp022800815
2026-01-11 15:29:10.106946 INFO::Fitting model to feature number 601, Paralachnospira sp910587905
2026-01-11 15:29:10.113825 INFO::Fitting model to feature number 602, COE1 sp002490665
2026-01-11 15:29:10.122193 INFO::Fitting model to feature number 603, COE1 sp009774395
2026-01-11 15:29:10.130657 INFO::Fitting model to feature number 604, COE1 sp000403335
2026-01-11 15:29:10.13856 INFO::Fitting model to feature number 605, MGYG000410938
2026-01-11 15:29:10.146729 INFO::Fitting model to feature number 606, MGYG000325626
2026-01-11 15:29:10.154586 INFO::Fitting model to feature number 607, COE1 sp002358575
2026-01-11 15:29:10.16092 INFO::Fitting model to feature number 608, MGYG000325712
2026-01-11 15:29:10.166167 INFO::Fitting model to feature number 609, COE1 sp910586585
2026-01-11 15:29:10.17227 INFO::Fitting model to feature number 610, COE1 sp910586715
2026-01-11 15:29:10.177673 INFO::Fitting model to feature number 611, COE1 sp910579275
2026-01-11 15:29:10.183334 INFO::Fitting model to feature number 612, CAG-95 sp910585005
2026-01-11 15:29:10.189536 INFO::Fitting model to feature number 613, CAG-95 sp009917455
2026-01-11 15:29:10.195081 INFO::Fitting model to feature number 614, CAG-95 sp910579685
2026-01-11 15:29:10.200495 INFO::Fitting model to feature number 615, CAG-95 sp910579425
2026-01-11 15:29:10.207115 INFO::Fitting model to feature number 616, CAG-95 sp910579495
2026-01-11 15:29:10.212593 INFO::Fitting model to feature number 617, CAG-95 sp003612395
2026-01-11 15:29:10.218486 INFO::Fitting model to feature number 618, CAG-95 sp910586025
2026-01-11 15:29:10.224277 INFO::Fitting model to feature number 619, CAG-95 sp910577275
2026-01-11 15:29:10.231588 INFO::Fitting model to feature number 620, CAG-95 sp009911035
2026-01-11 15:29:10.237355 INFO::Fitting model to feature number 621, CAG-95 sp910585075
2026-01-11 15:29:10.242291 INFO::Fitting model to feature number 622, MGYG000410775
2026-01-11 15:29:10.24719 INFO::Fitting model to feature number 623, MGYG000325648
2026-01-11 15:29:10.252889 INFO::Fitting model to feature number 624, CAG-95 sp011959285
2026-01-11 15:29:10.257862 INFO::Fitting model to feature number 625, UBA7109 sp910576335
2026-01-11 15:29:10.262852 INFO::Fitting model to feature number 626, UBA7109 sp910575605
2026-01-11 15:29:10.267861 INFO::Fitting model to feature number 627, MGYG000323043
2026-01-11 15:29:10.273251 INFO::Fitting model to feature number 628, MGYG000405682
2026-01-11 15:29:10.279096 INFO::Fitting model to feature number 629, MGYG000368546
2026-01-11 15:29:10.284086 INFO::Fitting model to feature number 630, Ventrimonas sp910575255
2026-01-11 15:29:10.289514 INFO::Fitting model to feature number 631, Ventrimonas sp910577765
2026-01-11 15:29:10.29434 INFO::Fitting model to feature number 632, Ventrimonas sp910586255
2026-01-11 15:29:10.299082 INFO::Fitting model to feature number 633, Ventrimonas sp003611875
2026-01-11 15:29:10.304546 INFO::Fitting model to feature number 634, Ventrimonas sp009911065
2026-01-11 15:29:10.309321 INFO::Fitting model to feature number 635, MGYG000410706
2026-01-11 15:29:10.314029 INFO::Fitting model to feature number 636, MGYG000327273
2026-01-11 15:29:10.319284 INFO::Fitting model to feature number 637, Ventrimonas sp910577655
2026-01-11 15:29:10.324265 INFO::Fitting model to feature number 638, Ventrimonas sp022799175
2026-01-11 15:29:10.329209 INFO::Fitting model to feature number 639, MGYG000324149
2026-01-11 15:29:10.336657 INFO::Fitting model to feature number 640, UBA3402 sp910574345
2026-01-11 15:29:10.34217 INFO::Fitting model to feature number 641, UBA3402 sp910575585
2026-01-11 15:29:10.348385 INFO::Fitting model to feature number 642, MGYG000410803
2026-01-11 15:29:10.372727 INFO::Fitting model to feature number 643, UBA3402 sp910588325
2026-01-11 15:29:10.386446 INFO::Fitting model to feature number 644, UBA3402 sp022798105
2026-01-11 15:29:10.394374 INFO::Fitting model to feature number 645, UBA3402 sp022795805
2026-01-11 15:29:10.401588 INFO::Fitting model to feature number 646, UBA3402 sp002358555
2026-01-11 15:29:10.409534 INFO::Fitting model to feature number 647, UBA3402 sp910588865
2026-01-11 15:29:10.417094 INFO::Fitting model to feature number 648, UBA3402 sp022796015
2026-01-11 15:29:10.423495 INFO::Fitting model to feature number 649, UBA3402 sp910586845
2026-01-11 15:29:10.430806 INFO::Fitting model to feature number 650, UBA3402 sp910585435
2026-01-11 15:29:10.438043 INFO::Fitting model to feature number 651, UBA3402 sp910577935
2026-01-11 15:29:10.444813 INFO::Fitting model to feature number 652, UBA3402 sp910585645
2026-01-11 15:29:10.452288 INFO::Fitting model to feature number 653, UBA3402 sp021769025
2026-01-11 15:29:10.460091 INFO::Fitting model to feature number 654, 1XD42-69 sp011959925
2026-01-11 15:29:10.466783 INFO::Fitting model to feature number 655, 1XD42-69 sp009911505
2026-01-11 15:29:10.474211 INFO::Fitting model to feature number 656, 1XD42-69 sp022794015
2026-01-11 15:29:10.481082 INFO::Fitting model to feature number 657, 1XD42-69 sp910588565
2026-01-11 15:29:10.489276 INFO::Fitting model to feature number 658, 1XD42-69 sp910577065
2026-01-11 15:29:10.496558 INFO::Fitting model to feature number 659, 1XD42-69 sp910586645
2026-01-11 15:29:10.504102 INFO::Fitting model to feature number 660, Merdisoma sp009917555
2026-01-11 15:29:10.510639 INFO::Fitting model to feature number 661, Merdisoma sp910574255
2026-01-11 15:29:10.516054 INFO::Fitting model to feature number 662, Merdisoma sp011959465
2026-01-11 15:29:10.522125 INFO::Fitting model to feature number 663, Merdisoma sp910574835
2026-01-11 15:29:10.529055 INFO::Fitting model to feature number 664, Merdisoma sp910574475
2026-01-11 15:29:10.537254 INFO::Fitting model to feature number 665, MGYG000330323
2026-01-11 15:29:10.544412 INFO::Fitting model to feature number 666, Merdisoma sp022791635
2026-01-11 15:29:10.551685 INFO::Fitting model to feature number 667, Kineothrix sp011958945
2026-01-11 15:29:10.558355 INFO::Fitting model to feature number 668, Kineothrix sp910579935
2026-01-11 15:29:10.563825 INFO::Fitting model to feature number 669, Kineothrix sp910576535
2026-01-11 15:29:10.569914 INFO::Fitting model to feature number 670, MGYG000327499
2026-01-11 15:29:10.576565 INFO::Fitting model to feature number 671, Kineothrix sp000403275
2026-01-11 15:29:10.586034 INFO::Fitting model to feature number 672, Kineothrix sp910588855
2026-01-11 15:29:10.593615 INFO::Fitting model to feature number 673, Kineothrix sp910587275
2026-01-11 15:29:10.602541 INFO::Fitting model to feature number 674, MGYG000326008
2026-01-11 15:29:10.609452 INFO::Fitting model to feature number 675, Kineothrix sp910585965
2026-01-11 15:29:10.617064 INFO::Fitting model to feature number 676, Kineothrix sp009911195
2026-01-11 15:29:10.624692 INFO::Fitting model to feature number 677, RGIG4057 sp910587085
2026-01-11 15:29:10.632888 INFO::Fitting model to feature number 678, RGIG4057 sp910579615
2026-01-11 15:29:10.641327 INFO::Fitting model to feature number 679, UMGS1370 sp910577645
2026-01-11 15:29:10.649227 INFO::Fitting model to feature number 680, UMGS1370 sp910586755
2026-01-11 15:29:10.657148 INFO::Fitting model to feature number 681, UBA2882 sp910574745
2026-01-11 15:29:10.665203 INFO::Fitting model to feature number 682, Eubacterium_J sp910574915
2026-01-11 15:29:10.674003 INFO::Fitting model to feature number 683, Eubacterium_J sp910579075
2026-01-11 15:29:10.68189 INFO::Fitting model to feature number 684, Eubacterium_J sp910580075
2026-01-11 15:29:10.689289 INFO::Fitting model to feature number 685, Eubacterium_J sp910584595
2026-01-11 15:29:10.69476 INFO::Fitting model to feature number 686, MGYG000330231
2026-01-11 15:29:10.700307 INFO::Fitting model to feature number 687, MGYG000327453
2026-01-11 15:29:10.706725 INFO::Fitting model to feature number 688, Butyribacter sp910575435
2026-01-11 15:29:10.712277 INFO::Fitting model to feature number 689, Butyribacter sp910585905
2026-01-11 15:29:10.720303 INFO::Fitting model to feature number 690, MGYG000330019
2026-01-11 15:29:10.728684 INFO::Fitting model to feature number 691, Butyribacter sp009774235
2026-01-11 15:29:10.736426 INFO::Fitting model to feature number 692, VSOB01 sp009774625
2026-01-11 15:29:10.742712 INFO::Fitting model to feature number 693, VSOB01 sp910587155
2026-01-11 15:29:10.748722 INFO::Fitting model to feature number 694, VSOB01 sp910587635
2026-01-11 15:29:10.755282 INFO::Fitting model to feature number 695, Copromonas sp009917545
2026-01-11 15:29:10.761323 INFO::Fitting model to feature number 696, Copromonas sp910575275
2026-01-11 15:29:10.768755 INFO::Fitting model to feature number 697, Copromonas sp022792295
2026-01-11 15:29:10.776063 INFO::Fitting model to feature number 698, Copromonas sp910586315
2026-01-11 15:29:10.782443 INFO::Fitting model to feature number 699, Bariatricus sp022793995
2026-01-11 15:29:10.788605 INFO::Fitting model to feature number 700, Clostridium_Q sp910575795
2026-01-11 15:29:10.796104 INFO::Fitting model to feature number 701, RGIG4284 sp910576205
2026-01-11 15:29:10.80178 INFO::Fitting model to feature number 702, RGIG4284 sp022796795
2026-01-11 15:29:10.807724 INFO::Fitting model to feature number 703, RGIG7193 sp022793375
2026-01-11 15:29:10.813191 INFO::Fitting model to feature number 704, RGIG7193 sp022791755
2026-01-11 15:29:10.819143 INFO::Fitting model to feature number 705, Roseburia sp910587865
2026-01-11 15:29:10.824936 INFO::Fitting model to feature number 706, Roseburia sp910584215
2026-01-11 15:29:10.830636 INFO::Fitting model to feature number 707, MGYG000329248
2026-01-11 15:29:10.836759 INFO::Fitting model to feature number 708, Lachnospira sp910589305
2026-01-11 15:29:10.843831 INFO::Fitting model to feature number 709, Eubacterium_G sp910584795
2026-01-11 15:29:10.850821 INFO::Fitting model to feature number 710, Eubacterium_G sp910574895
2026-01-11 15:29:10.85731 INFO::Fitting model to feature number 711, Paralachnospira_A sp910588405
2026-01-11 15:29:10.862717 INFO::Fitting model to feature number 712, Paralachnospira_A sp910579325
2026-01-11 15:29:10.868881 INFO::Fitting model to feature number 713, CAG-317 sp910578495
2026-01-11 15:29:10.877691 INFO::Fitting model to feature number 714, CAG-317 sp011960265
2026-01-11 15:29:10.886636 INFO::Fitting model to feature number 715, JAAWJJ01 sp022796875
2026-01-11 15:29:10.896159 INFO::Fitting model to feature number 716, Blautia_A sp900551075
2026-01-11 15:29:10.902762 INFO::Fitting model to feature number 717, Blautia_A massiliensis
2026-01-11 15:29:10.910131 INFO::Fitting model to feature number 718, CAG-56 sp004793585
2026-01-11 15:29:10.917577 INFO::Fitting model to feature number 719, Enterocloster aldenensis
2026-01-11 15:29:10.924107 INFO::Fitting model to feature number 720, Enterocloster clostridioformis
2026-01-11 15:29:10.930248 INFO::Fitting model to feature number 721, Choladousia sp003612585
2026-01-11 15:29:10.936472 INFO::Fitting model to feature number 722, CAG-510 sp910577105
2026-01-11 15:29:10.942177 INFO::Fitting model to feature number 723, MGYG000325650
2026-01-11 15:29:10.947779 INFO::Fitting model to feature number 724, CAG-590 sp910585605
2026-01-11 15:29:10.956031 INFO::Fitting model to feature number 725, Blautia pseudococcoides
2026-01-11 15:29:10.964073 INFO::Fitting model to feature number 726, Eisenbergiella sp910585455
2026-01-11 15:29:10.972387 INFO::Fitting model to feature number 727, MGYG000392808
2026-01-11 15:29:10.980963 INFO::Fitting model to feature number 728, W0P33-017 sp910589045
2026-01-11 15:29:10.988394 INFO::Fitting model to feature number 729, SIG307 sp910579465
2026-01-11 15:29:10.996446 INFO::Fitting model to feature number 730, MGYG000326869
2026-01-11 15:29:11.004083 INFO::Fitting model to feature number 731, CAG-603 sp910583605
2026-01-11 15:29:11.009592 INFO::Fitting model to feature number 732, Marvinbryantia sp900550755
2026-01-11 15:29:11.014763 INFO::Fitting model to feature number 733, RGIG8607 sp910577045
2026-01-11 15:29:11.021131 INFO::Fitting model to feature number 734, MGYG000326584
2026-01-11 15:29:11.029725 INFO::Fitting model to feature number 735, MGBC114844 sp910585255
2026-01-11 15:29:11.036711 INFO::Fitting model to feature number 736, MGYG000325493
2026-01-11 15:29:11.044598 INFO::Fitting model to feature number 737, MGYG000329929
2026-01-11 15:29:11.051397 INFO::Fitting model to feature number 738, UBA2821 sp014799465
2026-01-11 15:29:11.059759 INFO::Fitting model to feature number 739, MGBC100174 sp910576895
2026-01-11 15:29:11.066444 INFO::Fitting model to feature number 740, Muricomes contortus_B
2026-01-11 15:29:11.07358 INFO::Fitting model to feature number 741, Extibacter muris
2026-01-11 15:29:11.081241 INFO::Fitting model to feature number 742, Anaerotignum sp910576545
2026-01-11 15:29:11.089313 INFO::Fitting model to feature number 743, Anaerotignum sp910578425
2026-01-11 15:29:11.097382 INFO::Fitting model to feature number 744, Coprocola sp910575055
2026-01-11 15:29:11.105669 INFO::Fitting model to feature number 745, Enterenecus sp910588495
2026-01-11 15:29:11.11125 INFO::Fitting model to feature number 746, Enterenecus sp910587285
2026-01-11 15:29:11.117124 INFO::Fitting model to feature number 747, MGYG000327450
2026-01-11 15:29:11.123526 INFO::Fitting model to feature number 748, Enterenecus sp910588625
2026-01-11 15:29:11.129337 INFO::Fitting model to feature number 749, Enterenecus sp910575695
2026-01-11 15:29:11.135497 INFO::Fitting model to feature number 750, MGYG000326888
2026-01-11 15:29:11.141506 INFO::Fitting model to feature number 751, Enterenecus sp910585155
2026-01-11 15:29:11.147071 INFO::Fitting model to feature number 752, MGYG000331159
2026-01-11 15:29:11.153423 INFO::Fitting model to feature number 753, Enterenecus sp910579595
2026-01-11 15:29:11.160855 INFO::Fitting model to feature number 754, MGYG000410353
2026-01-11 15:29:11.168675 INFO::Fitting model to feature number 755, Enterenecus sp910577525
2026-01-11 15:29:11.176879 INFO::Fitting model to feature number 756, Enterenecus sp910587395
2026-01-11 15:29:11.185801 INFO::Fitting model to feature number 757, MGYG000328307
2026-01-11 15:29:11.193886 INFO::Fitting model to feature number 758, Enterenecus sp910587255
2026-01-11 15:29:11.202449 INFO::Fitting model to feature number 759, Enterenecus sp910588105
2026-01-11 15:29:11.208905 INFO::Fitting model to feature number 760, MGYG000410945
2026-01-11 15:29:11.214587 INFO::Fitting model to feature number 761, Enterenecus sp910579155
2026-01-11 15:29:11.220926 INFO::Fitting model to feature number 762, MGYG000322966
2026-01-11 15:29:11.229064 INFO::Fitting model to feature number 763, MGYG000410761
2026-01-11 15:29:11.23674 INFO::Fitting model to feature number 764, Enterenecus sp910587205
2026-01-11 15:29:11.243671 INFO::Fitting model to feature number 765, MGYG000410914
2026-01-11 15:29:11.250101 INFO::Fitting model to feature number 766, Enterenecus sp910584285
2026-01-11 15:29:11.256371 INFO::Fitting model to feature number 767, MGYG000327286
2026-01-11 15:29:11.261856 INFO::Fitting model to feature number 768, Enterenecus sp910585265
2026-01-11 15:29:11.26742 INFO::Fitting model to feature number 769, Enterenecus sp910584835
2026-01-11 15:29:11.274027 INFO::Fitting model to feature number 770, Enterenecus sp910588135
2026-01-11 15:29:11.279541 INFO::Fitting model to feature number 771, MGYG000329348
2026-01-11 15:29:11.285772 INFO::Fitting model to feature number 772, MGYG000325584
2026-01-11 15:29:11.291125 INFO::Fitting model to feature number 773, MGYG000410874
2026-01-11 15:29:11.296056 INFO::Fitting model to feature number 774, MGYG000360698
2026-01-11 15:29:11.302363 INFO::Fitting model to feature number 775, Lawsonibacter sp003612335
2026-01-11 15:29:11.307923 INFO::Fitting model to feature number 776, Lawsonibacter sp910585815
2026-01-11 15:29:11.312801 INFO::Fitting model to feature number 777, Lawsonibacter sp910584605
2026-01-11 15:29:11.317992 INFO::Fitting model to feature number 778, Lawsonibacter sp910575265
2026-01-11 15:29:11.32384 INFO::Fitting model to feature number 779, MGYG000432202
2026-01-11 15:29:11.328891 INFO::Fitting model to feature number 780, Lawsonibacter sp022799835
2026-01-11 15:29:11.334393 INFO::Fitting model to feature number 781, MGYG000433528
2026-01-11 15:29:11.340358 INFO::Fitting model to feature number 782, Lawsonibacter sp022794495
2026-01-11 15:29:11.345869 INFO::Fitting model to feature number 783, MGYG000410681
2026-01-11 15:29:11.353935 INFO::Fitting model to feature number 784, Lawsonibacter sp910578735
2026-01-11 15:29:11.359407 INFO::Fitting model to feature number 785, MGYG000325175
2026-01-11 15:29:11.365564 INFO::Fitting model to feature number 786, Lawsonibacter sp022801435
2026-01-11 15:29:11.37396 INFO::Fitting model to feature number 787, Lawsonibacter sp009911645
2026-01-11 15:29:11.383044 INFO::Fitting model to feature number 788, Lawsonibacter sp943192995
2026-01-11 15:29:11.391912 INFO::Fitting model to feature number 789, MGYG000329509
2026-01-11 15:29:11.399693 INFO::Fitting model to feature number 790, Lawsonibacter sp022798855
2026-01-11 15:29:11.406665 INFO::Fitting model to feature number 791, Lawsonibacter sp910588455
2026-01-11 15:29:11.412964 INFO::Fitting model to feature number 792, Lawsonibacter sp910589085
2026-01-11 15:29:11.418706 INFO::Fitting model to feature number 793, Lawsonibacter sp022793355
2026-01-11 15:29:11.42625 INFO::Fitting model to feature number 794, MGYG000328991
2026-01-11 15:29:11.431928 INFO::Fitting model to feature number 795, Lawsonibacter sp022795855
2026-01-11 15:29:11.439395 INFO::Fitting model to feature number 796, Lawsonibacter sp022791995
2026-01-11 15:29:11.445206 INFO::Fitting model to feature number 797, MGYG000323117
2026-01-11 15:29:11.453783 INFO::Fitting model to feature number 798, Lawsonibacter sp000492175
2026-01-11 15:29:11.461802 INFO::Fitting model to feature number 799, MGYG000324476
2026-01-11 15:29:11.470611 INFO::Fitting model to feature number 800, MGYG000411366
2026-01-11 15:29:11.476444 INFO::Fitting model to feature number 801, MGYG000345714
2026-01-11 15:29:11.483554 INFO::Fitting model to feature number 802, MGYG000329989
2026-01-11 15:29:11.49128 INFO::Fitting model to feature number 803, Lawsonibacter sp910577805
2026-01-11 15:29:11.498932 INFO::Fitting model to feature number 804, MGYG000410703
2026-01-11 15:29:11.528549 INFO::Fitting model to feature number 805, MGYG000329873
2026-01-11 15:29:11.535837 INFO::Fitting model to feature number 806, Lawsonibacter sp022796195
2026-01-11 15:29:11.543443 INFO::Fitting model to feature number 807, MGYG000411569
2026-01-11 15:29:11.550702 INFO::Fitting model to feature number 808, MGYG000327081
2026-01-11 15:29:11.556972 INFO::Fitting model to feature number 809, Dysosmobacter sp009774015
2026-01-11 15:29:11.562824 INFO::Fitting model to feature number 810, Dysosmobacter sp910583785
2026-01-11 15:29:11.568865 INFO::Fitting model to feature number 811, Dysosmobacter sp910575815
2026-01-11 15:29:11.576376 INFO::Fitting model to feature number 812, Dysosmobacter sp910579365
2026-01-11 15:29:11.58365 INFO::Fitting model to feature number 813, Dysosmobacter sp910587705
2026-01-11 15:29:11.592309 INFO::Fitting model to feature number 814, Dysosmobacter sp910586735
2026-01-11 15:29:11.60124 INFO::Fitting model to feature number 815, Dysosmobacter sp910585385
2026-01-11 15:29:11.609722 INFO::Fitting model to feature number 816, Dysosmobacter sp022791875
2026-01-11 15:29:11.617379 INFO::Fitting model to feature number 817, Dysosmobacter sp910583695
2026-01-11 15:29:11.625762 INFO::Fitting model to feature number 818, Dysosmobacter sp000403435
2026-01-11 15:29:11.632931 INFO::Fitting model to feature number 819, Dysosmobacter sp022791135
2026-01-11 15:29:11.640288 INFO::Fitting model to feature number 820, Dysosmobacter sp910588175
2026-01-11 15:29:11.647848 INFO::Fitting model to feature number 821, Dysosmobacter sp022795445
2026-01-11 15:29:11.654221 INFO::Fitting model to feature number 822, Dysosmobacter sp910575505
2026-01-11 15:29:11.661604 INFO::Fitting model to feature number 823, Dysosmobacter sp009773995
2026-01-11 15:29:11.669032 INFO::Fitting model to feature number 824, Dysosmobacter sp022801815
2026-01-11 15:29:11.676916 INFO::Fitting model to feature number 825, Dysosmobacter sp910577405
2026-01-11 15:29:11.684657 INFO::Fitting model to feature number 826, Dysosmobacter sp910578935
2026-01-11 15:29:11.692792 INFO::Fitting model to feature number 827, Dysosmobacter sp910576865
2026-01-11 15:29:11.700477 INFO::Fitting model to feature number 828, MGYG000330291
2026-01-11 15:29:11.708888 INFO::Fitting model to feature number 829, MGYG000409008
2026-01-11 15:29:11.716797 INFO::Fitting model to feature number 830, Dysosmobacter sp910589315
2026-01-11 15:29:11.724495 INFO::Fitting model to feature number 831, Dysosmobacter sp910587525
2026-01-11 15:29:11.732529 INFO::Fitting model to feature number 832, Dysosmobacter sp910587875
2026-01-11 15:29:11.740843 INFO::Fitting model to feature number 833, Dysosmobacter sp910584995
2026-01-11 15:29:11.748976 INFO::Fitting model to feature number 834, Dysosmobacter sp910579435
2026-01-11 15:29:11.756274 INFO::Fitting model to feature number 835, MGYG000411389
2026-01-11 15:29:11.76203 INFO::Fitting model to feature number 836, MGYG000325877
2026-01-11 15:29:11.768993 INFO::Fitting model to feature number 837, Dysosmobacter sp910584075
2026-01-11 15:29:11.777088 INFO::Fitting model to feature number 838, Dysosmobacter sp910585245
2026-01-11 15:29:11.782742 INFO::Fitting model to feature number 839, MGYG000373829
2026-01-11 15:29:11.78939 INFO::Fitting model to feature number 840, Dysosmobacter sp910584465
2026-01-11 15:29:11.795 INFO::Fitting model to feature number 841, MGYG000330443
2026-01-11 15:29:11.80055 INFO::Fitting model to feature number 842, MGYG000326793
2026-01-11 15:29:11.808543 INFO::Fitting model to feature number 843, Dysosmobacter sp910576845
2026-01-11 15:29:11.815605 INFO::Fitting model to feature number 844, MGYG000329180
2026-01-11 15:29:11.822486 INFO::Fitting model to feature number 845, Pelethomonas sp910578505
2026-01-11 15:29:11.828312 INFO::Fitting model to feature number 846, Pelethomonas sp910579965
2026-01-11 15:29:11.835069 INFO::Fitting model to feature number 847, Pelethomonas sp910579485
2026-01-11 15:29:11.842602 INFO::Fitting model to feature number 848, Pelethomonas sp910587785
2026-01-11 15:29:11.850047 INFO::Fitting model to feature number 849, Pelethomonas sp022800665
2026-01-11 15:29:11.857614 INFO::Fitting model to feature number 850, Pelethomonas sp009774055
2026-01-11 15:29:11.864861 INFO::Fitting model to feature number 851, Pelethomonas sp022804995
2026-01-11 15:29:11.87271 INFO::Fitting model to feature number 852, Pelethomonas sp014237695
2026-01-11 15:29:11.880718 INFO::Fitting model to feature number 853, Pelethomonas sp022795905
2026-01-11 15:29:11.886987 INFO::Fitting model to feature number 854, MGYG000326866
2026-01-11 15:29:11.894494 INFO::Fitting model to feature number 855, Pelethomonas sp910583885
2026-01-11 15:29:11.904539 INFO::Fitting model to feature number 856, Pelethomonas sp910588365
2026-01-11 15:29:11.912407 INFO::Fitting model to feature number 857, MGYG000410776
2026-01-11 15:29:11.921111 INFO::Fitting model to feature number 858, Pelethomonas sp910587645
2026-01-11 15:29:11.927776 INFO::Fitting model to feature number 859, Pelethomonas sp022800525
2026-01-11 15:29:11.936199 INFO::Fitting model to feature number 860, Pelethomonas sp910588045
2026-01-11 15:29:11.943712 INFO::Fitting model to feature number 861, MGYG000325557
2026-01-11 15:29:11.951646 INFO::Fitting model to feature number 862, Pelethomonas sp910579725
2026-01-11 15:29:11.959833 INFO::Fitting model to feature number 863, Pelethomonas sp910577915
2026-01-11 15:29:11.967696 INFO::Fitting model to feature number 864, Pelethomonas sp910587505
2026-01-11 15:29:11.976682 INFO::Fitting model to feature number 865, MGYG000325617
2026-01-11 15:29:11.98521 INFO::Fitting model to feature number 866, Evtepia sp910584805
2026-01-11 15:29:11.99347 INFO::Fitting model to feature number 867, Evtepia sp022792035
2026-01-11 15:29:12.001549 INFO::Fitting model to feature number 868, Evtepia sp910578575
2026-01-11 15:29:12.008637 INFO::Fitting model to feature number 869, Marseille-P3106 sp022799035
2026-01-11 15:29:12.013763 INFO::Fitting model to feature number 870, Marseille-P3106 sp910587345
2026-01-11 15:29:12.019008 INFO::Fitting model to feature number 871, Marseille-P3106 sp910588975
2026-01-11 15:29:12.02461 INFO::Fitting model to feature number 872, MGYG000410458
2026-01-11 15:29:12.030155 INFO::Fitting model to feature number 873, Marseille-P3106 sp910585735
2026-01-11 15:29:12.035739 INFO::Fitting model to feature number 874, Marseille-P3106 sp022792495
2026-01-11 15:29:12.041854 INFO::Fitting model to feature number 875, Marseille-P3106 sp022794215
2026-01-11 15:29:12.047454 INFO::Fitting model to feature number 876, Marseille-P3106 sp022800215
2026-01-11 15:29:12.053766 INFO::Fitting model to feature number 877, MGYG000326975
2026-01-11 15:29:12.059626 INFO::Fitting model to feature number 878, NSJ-51 sp910585415
2026-01-11 15:29:12.066969 INFO::Fitting model to feature number 879, MGYG000326314
2026-01-11 15:29:12.074593 INFO::Fitting model to feature number 880, MGYG000325278
2026-01-11 15:29:12.081244 INFO::Fitting model to feature number 881, CAJFPI01 sp022801715
2026-01-11 15:29:12.087102 INFO::Fitting model to feature number 882, MGYG000327336
2026-01-11 15:29:12.093087 INFO::Fitting model to feature number 883, MGYG000328896
2026-01-11 15:29:12.098834 INFO::Fitting model to feature number 884, MGYG000329428
2026-01-11 15:29:12.106836 INFO::Fitting model to feature number 885, MGYG000329835
2026-01-11 15:29:12.116303 INFO::Fitting model to feature number 886, MGYG000410456
2026-01-11 15:29:12.124691 INFO::Fitting model to feature number 887, CAKUEI01 sp022793685
2026-01-11 15:29:12.132476 INFO::Fitting model to feature number 888, Avoscillospira_A sp022792945
2026-01-11 15:29:12.140493 INFO::Fitting model to feature number 889, JAAWCD01 sp022793095
2026-01-11 15:29:12.148126 INFO::Fitting model to feature number 890, Acutalibacter sp910588935
2026-01-11 15:29:12.155851 INFO::Fitting model to feature number 891, Acutalibacter sp009936035
2026-01-11 15:29:12.163479 INFO::Fitting model to feature number 892, Acutalibacter sp910589395
2026-01-11 15:29:12.169332 INFO::Fitting model to feature number 893, Acutalibacter sp910574935
2026-01-11 15:29:12.175528 INFO::Fitting model to feature number 894, Acutalibacter sp009917445
2026-01-11 15:29:12.180803 INFO::Fitting model to feature number 895, Acutalibacter muris
2026-01-11 15:29:12.187775 INFO::Fitting model to feature number 896, Acutalibacter sp910587835
2026-01-11 15:29:12.193671 INFO::Fitting model to feature number 897, MGYG000406378
2026-01-11 15:29:12.199269 INFO::Fitting model to feature number 898, Acutalibacter sp009917525
2026-01-11 15:29:12.205237 INFO::Fitting model to feature number 899, MGYG000328916
2026-01-11 15:29:12.211775 INFO::Fitting model to feature number 900, Acutalibacter sp910574995
2026-01-11 15:29:12.217459 INFO::Fitting model to feature number 901, Acutalibacter sp910580045
2026-01-11 15:29:12.224081 INFO::Fitting model to feature number 902, Acutalibacter sp003612555
2026-01-11 15:29:12.229048 INFO::Fitting model to feature number 903, Acutalibacter sp910587995
2026-01-11 15:29:12.234051 INFO::Fitting model to feature number 904, Acutalibacter sp910588415
2026-01-11 15:29:12.239755 INFO::Fitting model to feature number 905, Acutalibacter sp910584745
2026-01-11 15:29:12.244673 INFO::Fitting model to feature number 906, MGYG000330157
2026-01-11 15:29:12.249718 INFO::Fitting model to feature number 907, MGYG000331301
2026-01-11 15:29:12.255559 INFO::Fitting model to feature number 908, MGYG000410931
2026-01-11 15:29:12.260658 INFO::Fitting model to feature number 909, MGYG000328573
2026-01-11 15:29:12.265723 INFO::Fitting model to feature number 910, Acutalibacter stercorigallinarum
2026-01-11 15:29:12.2712 INFO::Fitting model to feature number 911, Eubacterium_R sp011958665
2026-01-11 15:29:12.276073 INFO::Fitting model to feature number 912, MGYG000337810
2026-01-11 15:29:12.280859 INFO::Fitting model to feature number 913, MGYG000379997
2026-01-11 15:29:12.2858 INFO::Fitting model to feature number 914, MGYG000351739
2026-01-11 15:29:12.29118 INFO::Fitting model to feature number 915, MGYG000410251
2026-01-11 15:29:12.296124 INFO::Fitting model to feature number 916, MGYG000373138
2026-01-11 15:29:12.301038 INFO::Fitting model to feature number 917, MGYG000327182
2026-01-11 15:29:12.306528 INFO::Fitting model to feature number 918, Ruthenibacterium sp013316265
2026-01-11 15:29:12.31136 INFO::Fitting model to feature number 919, Ruminococcus sp910584195
2026-01-11 15:29:12.316389 INFO::Fitting model to feature number 920, Angelakisella sp910585525
2026-01-11 15:29:12.322699 INFO::Fitting model to feature number 921, Angelakisella sp022795575
2026-01-11 15:29:12.327688 INFO::Fitting model to feature number 922, Angelakisella sp910585535
2026-01-11 15:29:12.332429 INFO::Fitting model to feature number 923, Angelakisella sp013316495
2026-01-11 15:29:12.337746 INFO::Fitting model to feature number 924, Ruminiclostridium_E sp910588335
2026-01-11 15:29:12.342495 INFO::Fitting model to feature number 925, MGYG000410125
2026-01-11 15:29:12.347139 INFO::Fitting model to feature number 926, Ruminiclostridium_E sp910585505
2026-01-11 15:29:12.352754 INFO::Fitting model to feature number 927, UBA1405 sp022800935
2026-01-11 15:29:12.360026 INFO::Fitting model to feature number 928, MGYG000331296
2026-01-11 15:29:12.366869 INFO::Fitting model to feature number 929, MGYG000410015
2026-01-11 15:29:12.374644 INFO::Fitting model to feature number 930, UBA1394 sp910588145
2026-01-11 15:29:12.38278 INFO::Fitting model to feature number 931, Anaerotruncus sp000403395
2026-01-11 15:29:12.39184 INFO::Fitting model to feature number 932, Anaerotruncus sp003612625
2026-01-11 15:29:12.400094 INFO::Fitting model to feature number 933, Anaerotruncus colihominis_A
2026-01-11 15:29:12.407935 INFO::Fitting model to feature number 934, Anaerotruncus sp910586875
2026-01-11 15:29:12.415488 INFO::Fitting model to feature number 935, MGYG000410574
2026-01-11 15:29:12.423161 INFO::Fitting model to feature number 936, UBA3818 sp910583935
2026-01-11 15:29:12.426449 WARNING::Fitting problem for feature 936 returning NA
2026-01-11 15:29:12.428602 INFO::Fitting model to feature number 937, JAAVYW01 sp022791315
2026-01-11 15:29:12.434204 INFO::Fitting model to feature number 938, Faecivivens sp022793675
2026-01-11 15:29:12.440608 INFO::Fitting model to feature number 939, RGIG8773 sp910584715
2026-01-11 15:29:12.44876 INFO::Fitting model to feature number 940, QXXE01 sp009911355
2026-01-11 15:29:12.457074 INFO::Fitting model to feature number 941, QXXE01 sp910586575
2026-01-11 15:29:12.465161 INFO::Fitting model to feature number 942, MGYG000327912
2026-01-11 15:29:12.47319 INFO::Fitting model to feature number 943, Butyricicoccus sp910584935
2026-01-11 15:29:12.481504 INFO::Fitting model to feature number 944, Pseudobutyricicoccus sp910579575
2026-01-11 15:29:12.489929 INFO::Fitting model to feature number 945, MGYG000349368
2026-01-11 15:29:12.497697 INFO::Fitting model to feature number 946, Avispirillum sp011957885
2026-01-11 15:29:12.506077 INFO::Fitting model to feature number 947, MGYG000401352
2026-01-11 15:29:12.511993 INFO::Fitting model to feature number 948, Zhenpiania sp009911365
2026-01-11 15:29:12.517514 INFO::Fitting model to feature number 949, Zhenpiania sp910575405
2026-01-11 15:29:12.523639 INFO::Fitting model to feature number 950, Emergencia sp009936045
2026-01-11 15:29:12.532154 INFO::Fitting model to feature number 951, JAAVYD01 sp022790955
2026-01-11 15:29:12.540183 INFO::Fitting model to feature number 952, Fimisoma sp910588185
2026-01-11 15:29:12.547448 INFO::Fitting model to feature number 953, MGYG000410140
2026-01-11 15:29:12.554981 INFO::Fitting model to feature number 954, MGYG000323026
2026-01-11 15:29:12.560571 INFO::Fitting model to feature number 955, Coproplasma sp910579525
2026-01-11 15:29:12.566084 INFO::Fitting model to feature number 956, Coproplasma sp003979335
2026-01-11 15:29:12.572547 INFO::Fitting model to feature number 957, Coproplasma sp013316055
2026-01-11 15:29:12.580983 INFO::Fitting model to feature number 958, Coproplasma sp910577375
2026-01-11 15:29:12.588527 INFO::Fitting model to feature number 959, Coproplasma sp910586065
2026-01-11 15:29:12.595989 INFO::Fitting model to feature number 960, MGYG000328913
2026-01-11 15:29:12.60337 INFO::Fitting model to feature number 961, Coproplasma stercorigallinarum
2026-01-11 15:29:12.610512 INFO::Fitting model to feature number 962, MGBC120929 sp910583735
2026-01-11 15:29:12.617035 INFO::Fitting model to feature number 963, RACS-045 sp910579785
2026-01-11 15:29:12.624264 INFO::Fitting model to feature number 964, QANA01 sp910588425
2026-01-11 15:29:12.633778 INFO::Fitting model to feature number 965, MGYG000324257
2026-01-11 15:29:12.663253 INFO::Fitting model to feature number 966, HGM11386 sp022791055
2026-01-11 15:29:12.668913 INFO::Fitting model to feature number 967, RACS-047 sp013316045
2026-01-11 15:29:12.673026 WARNING::Fitting problem for feature 967 returning NA
2026-01-11 15:29:12.675147 INFO::Fitting model to feature number 968, CAG-475 sp910577815
2026-01-11 15:29:12.681334 INFO::Fitting model to feature number 969, MGYG000328446
2026-01-11 15:29:12.685404 WARNING::Fitting problem for feature 969 returning NA
2026-01-11 15:29:12.688931 INFO::Fitting model to feature number 970, Caccovivens sp910587225
2026-01-11 15:29:12.695049 INFO::Fitting model to feature number 971, CAG-41 sp910578235
2026-01-11 15:29:12.699114 WARNING::Fitting problem for feature 971 returning NA
2026-01-11 15:29:12.702196 INFO::Fitting model to feature number 972, MGYG000410260
2026-01-11 15:29:12.710834 INFO::Fitting model to feature number 973, MGYG000335786
2026-01-11 15:29:12.716965 INFO::Fitting model to feature number 974, MGYG000349464
2026-01-11 15:29:12.724972 INFO::Fitting model to feature number 975, CAG-269 sp022792395
2026-01-11 15:29:12.733207 INFO::Fitting model to feature number 976, MGYG000328872
2026-01-11 15:29:12.737082 WARNING::Fitting problem for feature 976 returning NA
2026-01-11 15:29:12.739639 INFO::Fitting model to feature number 977, MGYG000327552
2026-01-11 15:29:12.746258 INFO::Fitting model to feature number 978, RGIG8482 sp022796855
2026-01-11 15:29:12.754629 INFO::Fitting model to feature number 979, JAAWPK01 sp022791735
2026-01-11 15:29:12.762597 INFO::Fitting model to feature number 980, MGYG000375192
2026-01-11 15:29:12.77007 INFO::Fitting model to feature number 981, MGYG000323824
2026-01-11 15:29:12.774255 WARNING::Fitting problem for feature 981 returning NA
2026-01-11 15:29:12.776581 INFO::Fitting model to feature number 982, Akkermansia muciniphila_B
2026-01-11 15:29:12.78204 INFO::Fitting model to feature number 983, Akkermansia sp001580195
2026-01-11 15:29:12.788243 INFO::Fitting model to feature number 984, Parasutterella sp009767915
2026-01-11 15:29:12.793915 INFO::Fitting model to feature number 985, Turicimonas muris
2026-01-11 15:29:12.799611 INFO::Fitting model to feature number 986, MGYG000326933
2026-01-11 15:29:12.806123 INFO::Fitting model to feature number 987, Enterobacter hormaechei_A
2026-01-11 15:29:12.814471 INFO::Fitting model to feature number 988, Methylobacterium persicinum
2026-01-11 15:29:12.822031 INFO::Fitting model to feature number 989, MGYG000329730
2026-01-11 15:29:12.82911 INFO::Fitting model to feature number 990, MGYG000360301
2026-01-11 15:29:12.836246 INFO::Fitting model to feature number 991, Enterousia sp013316395
2026-01-11 15:29:12.842357 INFO::Fitting model to feature number 992, MGYG000410936
2026-01-11 15:29:12.847839 INFO::Fitting model to feature number 993, Scatocola sp910577205
2026-01-11 15:29:12.853436 INFO::Fitting model to feature number 994, MGYG000327352
2026-01-11 15:29:12.861413 INFO::Fitting model to feature number 995, MGBC118957 sp910584385
2026-01-11 15:29:12.869402 INFO::Fitting model to feature number 996, MGYG000391024
2026-01-11 15:29:12.878263 INFO::Fitting model to feature number 997, MGYG000323059
2026-01-11 15:29:12.887968 INFO::Fitting model to feature number 998, MGYG000328709
2026-01-11 15:29:12.895758 INFO::Fitting model to feature number 999, MGYG000411523
2026-01-11 15:29:12.905635 INFO::Fitting model to feature number 1000, MGYG000331169
2026-01-11 15:29:12.911305 INFO::Fitting model to feature number 1001, Nanosyncoccus sp003979185
2026-01-11 15:29:12.917056 INFO::Fitting model to feature number 1002, MGYG000344322
2026-01-11 15:29:12.923636 INFO::Fitting model to feature number 1003, Nanosyncoccus sp013316435
2026-01-11 15:29:12.931869 INFO::Fitting model to feature number 1004, MGYG000348936
2026-01-11 15:29:12.940097 INFO::Fitting model to feature number 1005, MGYG000341210
2026-01-11 15:29:12.947994 INFO::Fitting model to feature number 1006, MGYG000331839
2026-01-11 15:29:12.956535 INFO::Fitting model to feature number 1007, MGYG000328091
2026-01-11 15:29:12.965219 INFO::Fitting model to feature number 1008, Avidehalobacter sp022797295
2026-01-11 15:29:12.973818 INFO::Fitting model to feature number 1009, Avidehalobacter sp021771915
2026-01-11 15:29:12.98183 INFO::Fitting model to feature number 1010, MGYG000410378
2026-01-11 15:29:12.989277 INFO::Fitting model to feature number 1011, MGYG000411020
2026-01-11 15:29:12.997264 INFO::Fitting model to feature number 1012, MGBC122484 sp910587245
2026-01-11 15:29:13.004683 INFO::Fitting model to feature number 1013, MGBC122484 sp910586855
2026-01-11 15:29:13.012196 INFO::Fitting model to feature number 1014, MGBC122484 sp910578465
2026-01-11 15:29:13.021207 INFO::Fitting model to feature number 1015, MGBC122484 sp910587815
2026-01-11 15:29:13.028725 INFO::Fitting model to feature number 1016, Megamonas funiformis
2026-01-11 15:29:13.036134 INFO::Fitting model to feature number 1017, MGYG000325548
2026-01-11 15:29:13.043698 INFO::Fitting model to feature number 1018, UBA1436 sp910576915
2026-01-11 15:29:13.049564 INFO::Fitting model to feature number 1019, MGYG000331077
2026-01-11 15:29:13.055395 INFO::Fitting model to feature number 1020, MGYG000324324
2026-01-11 15:29:13.060688 INFO::Fitting model to feature number 1021, MGYG000333766
2026-01-11 15:29:13.06571 INFO::Fitting model to feature number 1022, UBA3282 sp910578115
2026-01-11 15:29:13.071856 INFO::Fitting model to feature number 1023, Anaerostipes hominis
2026-01-11 15:29:13.07528 INFO::Fitting model to feature number 1024, Bacteroides thetaiotaomicron
2026-01-11 15:29:13.08073 INFO::Fitting model to feature number 1025, C-19 sp910576345
2026-01-11 15:29:13.086361 INFO::Fitting model to feature number 1026, MGYG000327462
2026-01-11 15:29:13.091452 INFO::Fitting model to feature number 1027, MGYG000410493
2026-01-11 15:29:13.094339 WARNING::Fitting problem for feature 1027 returning NA
2026-01-11 15:29:13.09735 INFO::Fitting model to feature number 1028, Allobaculum sp910579655
2026-01-11 15:29:13.105674 INFO::Fitting model to feature number 1029, MGBC163490 sp910588075
2026-01-11 15:29:13.113733 INFO::Fitting model to feature number 1030, Limosilactobacillus urinaemulieris
2026-01-11 15:29:13.122009 INFO::Fitting model to feature number 1031, Lactiplantibacillus plantarum
2026-01-11 15:29:13.132169 INFO::Fitting model to feature number 1032, Enterococcus_D gallinarum
2026-01-11 15:29:13.139654 INFO::Fitting model to feature number 1033, Lactococcus lactis
2026-01-11 15:29:13.145194 INFO::Fitting model to feature number 1034, Granulicatella adiacens
2026-01-11 15:29:13.15084 INFO::Fitting model to feature number 1035, Scybalousia sp910584255
2026-01-11 15:29:13.158708 INFO::Fitting model to feature number 1036, CAG-710 sp000432595
2026-01-11 15:29:13.166543 INFO::Fitting model to feature number 1037, MGYG000325543
2026-01-11 15:29:13.174633 INFO::Fitting model to feature number 1038, MGYG000326942
2026-01-11 15:29:13.179312 INFO::Fitting model to feature number 1039, Paratractidigestivibacter sp003150175
2026-01-11 15:29:13.185835 INFO::Fitting model to feature number 1040, Collinsella stercoris
2026-01-11 15:29:13.193815 INFO::Fitting model to feature number 1041, Collinsella sp900545445
2026-01-11 15:29:13.201625 INFO::Fitting model to feature number 1042, Collinsella sp002232035
2026-01-11 15:29:13.209936 INFO::Fitting model to feature number 1043, MGYG000330890
2026-01-11 15:29:13.217781 INFO::Fitting model to feature number 1044, Cutibacterium acnes
2026-01-11 15:29:13.226547 INFO::Fitting model to feature number 1045, MGYG000325467
2026-01-11 15:29:13.234347 INFO::Fitting model to feature number 1046, MGYG000325647
2026-01-11 15:29:13.242149 INFO::Fitting model to feature number 1047, MGYG000325468
2026-01-11 15:29:13.249442 INFO::Fitting model to feature number 1048, MGYG000325561
2026-01-11 15:29:13.256869 INFO::Fitting model to feature number 1049, CAG-873 sp014801485
2026-01-11 15:29:13.262408 INFO::Fitting model to feature number 1050, MGYG000325408
2026-01-11 15:29:13.268037 INFO::Fitting model to feature number 1051, CAG-873 sp910579605
2026-01-11 15:29:13.275496 INFO::Fitting model to feature number 1052, CAG-485 sp014802175
2026-01-11 15:29:13.282951 INFO::Fitting model to feature number 1053, CAG-485 sp014801875
2026-01-11 15:29:13.290612 INFO::Fitting model to feature number 1054, CAG-485 sp014803765
2026-01-11 15:29:13.297988 INFO::Fitting model to feature number 1055, MGYG000325797
2026-01-11 15:29:13.304169 INFO::Fitting model to feature number 1056, MGYG000325348
2026-01-11 15:29:13.310413 INFO::Fitting model to feature number 1057, MGYG000325391
2026-01-11 15:29:13.316709 INFO::Fitting model to feature number 1058, MGYG000325606
2026-01-11 15:29:13.32199 INFO::Fitting model to feature number 1059, MGYG000325480
2026-01-11 15:29:13.327015 INFO::Fitting model to feature number 1060, CAG-485 sp014800535
2026-01-11 15:29:13.331757 INFO::Fitting model to feature number 1061, CAG-485 sp014801585
2026-01-11 15:29:13.338526 INFO::Fitting model to feature number 1062, MGYG000325583
2026-01-11 15:29:13.343547 INFO::Fitting model to feature number 1063, MGYG000325430
2026-01-11 15:29:13.348594 INFO::Fitting model to feature number 1064, MGYG000325719
2026-01-11 15:29:13.353743 INFO::Fitting model to feature number 1065, MGYG000325338
2026-01-11 15:29:13.358971 INFO::Fitting model to feature number 1066, MGYG000325306
2026-01-11 15:29:13.363735 INFO::Fitting model to feature number 1067, MGYG000325603
2026-01-11 15:29:13.368846 INFO::Fitting model to feature number 1068, UBA3263 sp014802435
2026-01-11 15:29:13.37479 INFO::Fitting model to feature number 1069, MGYG000325316
2026-01-11 15:29:13.3808 INFO::Fitting model to feature number 1070, MGYG000325659
2026-01-11 15:29:13.389559 INFO::Fitting model to feature number 1071, MGYG000325628
2026-01-11 15:29:13.395427 INFO::Fitting model to feature number 1072, MGYG000325657
2026-01-11 15:29:13.402024 INFO::Fitting model to feature number 1073, MGYG000325523
2026-01-11 15:29:13.408503 INFO::Fitting model to feature number 1074, MGYG000325354
2026-01-11 15:29:13.4144 INFO::Fitting model to feature number 1075, MGYG000325392
2026-01-11 15:29:13.4197 INFO::Fitting model to feature number 1076, JAAVFS01 sp014802385
2026-01-11 15:29:13.427433 INFO::Fitting model to feature number 1077, MGYG000327349
2026-01-11 15:29:13.435715 INFO::Fitting model to feature number 1078, Parabacteroides johnsonii
2026-01-11 15:29:13.444227 INFO::Fitting model to feature number 1079, Parabacteroides sp910577325
2026-01-11 15:29:13.452104 INFO::Fitting model to feature number 1080, Bacteroides faecis
2026-01-11 15:29:13.459835 INFO::Fitting model to feature number 1081, Bacteroides bouchesdurhonensis
2026-01-11 15:29:13.465137 INFO::Fitting model to feature number 1082, Bacteroides ovatus
2026-01-11 15:29:13.470551 INFO::Fitting model to feature number 1083, Bacteroides caccae
2026-01-11 15:29:13.476392 INFO::Fitting model to feature number 1084, MGYG000325504
2026-01-11 15:29:13.481804 INFO::Fitting model to feature number 1085, Bacteroides salyersiae
2026-01-11 15:29:13.487067 INFO::Fitting model to feature number 1086, Bacteroides stercorirosoris
2026-01-11 15:29:13.493686 INFO::Fitting model to feature number 1087, MGYG000325502
2026-01-11 15:29:13.499062 INFO::Fitting model to feature number 1088, Prevotella pectinovora
2026-01-11 15:29:13.504091 INFO::Fitting model to feature number 1089, Prevotella sp000436915
2026-01-11 15:29:13.509638 INFO::Fitting model to feature number 1090, MGYG000325596
2026-01-11 15:29:13.515138 INFO::Fitting model to feature number 1091, Tidjanibacter sp910577285
2026-01-11 15:29:13.520645 INFO::Fitting model to feature number 1092, Odoribacter sp910588375
2026-01-11 15:29:13.526771 INFO::Fitting model to feature number 1093, Odoribacter sp910578985
2026-01-11 15:29:13.53248 INFO::Fitting model to feature number 1094, Odoribacter sp009935865
2026-01-11 15:29:13.538808 INFO::Fitting model to feature number 1095, Cryptobacteroides sp000431015
2026-01-11 15:29:13.545086 INFO::Fitting model to feature number 1096, MGYG000325795
2026-01-11 15:29:13.549433 INFO::Fitting model to feature number 1097, MGYG000326972
2026-01-11 15:29:13.553767 INFO::Fitting model to feature number 1098, Pullibacteroides sp910578275
2026-01-11 15:29:13.562103 INFO::Fitting model to feature number 1099, MGYG000376875
2026-01-11 15:29:13.570171 INFO::Fitting model to feature number 1100, MGYG000410984
2026-01-11 15:29:13.576284 INFO::Fitting model to feature number 1101, MGYG000329711
2026-01-11 15:29:13.582153 INFO::Fitting model to feature number 1102, Sporofaciens sp910584575
2026-01-11 15:29:13.588189 INFO::Fitting model to feature number 1103, Sporofaciens sp011960625
2026-01-11 15:29:13.593994 INFO::Fitting model to feature number 1104, MD308 sp910579335
2026-01-11 15:29:13.601209 INFO::Fitting model to feature number 1105, 14-2 sp910585625
2026-01-11 15:29:13.610253 INFO::Fitting model to feature number 1106, 14-2 sp910585895
2026-01-11 15:29:13.618269 INFO::Fitting model to feature number 1107, 14-2 sp004793545
2026-01-11 15:29:13.625903 INFO::Fitting model to feature number 1108, 14-2 sp910580195
2026-01-11 15:29:13.632966 INFO::Fitting model to feature number 1109, 14-2 sp910580015
2026-01-11 15:29:13.641171 INFO::Fitting model to feature number 1110, 14-2 sp910585395
2026-01-11 15:29:13.645873 INFO::Fitting model to feature number 1111, 14-2 sp910587895
2026-01-11 15:29:13.655268 INFO::Fitting model to feature number 1112, MGYG000327388
2026-01-11 15:29:13.660889 INFO::Fitting model to feature number 1113, MGYG000410811
2026-01-11 15:29:13.670202 INFO::Fitting model to feature number 1114, MGYG000352925
2026-01-11 15:29:13.677843 INFO::Fitting model to feature number 1115, MGYG000331207
2026-01-11 15:29:13.686368 INFO::Fitting model to feature number 1116, MGYG000328397
2026-01-11 15:29:13.694471 INFO::Fitting model to feature number 1117, 14-2 sp910588965
2026-01-11 15:29:13.702854 INFO::Fitting model to feature number 1118, 14-2 sp910586005
2026-01-11 15:29:13.711514 INFO::Fitting model to feature number 1119, 14-2 sp022790855
2026-01-11 15:29:13.715172 WARNING::Fitting problem for feature 1119 returning NA
2026-01-11 15:29:13.717513 INFO::Fitting model to feature number 1120, Ventrimonas sp910588875
2026-01-11 15:29:13.724881 INFO::Fitting model to feature number 1121, Ventrimonas sp910586205
2026-01-11 15:29:13.732853 INFO::Fitting model to feature number 1122, Ventrimonas sp910588125
2026-01-11 15:29:13.741374 INFO::Fitting model to feature number 1123, MGYG000329105
2026-01-11 15:29:13.749889 INFO::Fitting model to feature number 1124, Ventrimonas sp022794255
2026-01-11 15:29:13.753505 INFO::Fitting model to feature number 1125, MGYG000432287
2026-01-11 15:29:13.759637 INFO::Fitting model to feature number 1126, Ventrimonas sp910584845
2026-01-11 15:29:13.76554 INFO::Fitting model to feature number 1127, UBA3282 sp910587715
2026-01-11 15:29:13.771842 INFO::Fitting model to feature number 1128, MGYG000411593
2026-01-11 15:29:13.792983 INFO::Fitting model to feature number 1129, MGYG000323128
2026-01-11 15:29:13.802427 INFO::Fitting model to feature number 1130, UBA3282 sp910578645
2026-01-11 15:29:13.80887 INFO::Fitting model to feature number 1131, UBA3282 sp910579735
2026-01-11 15:29:13.814714 INFO::Fitting model to feature number 1132, MGYG000325815
2026-01-11 15:29:13.821075 INFO::Fitting model to feature number 1133, UBA3282 sp910579395
2026-01-11 15:29:13.828539 INFO::Fitting model to feature number 1134, UBA3282 sp009774575
2026-01-11 15:29:13.834883 INFO::Fitting model to feature number 1135, MGYG000329420
2026-01-11 15:29:13.841223 INFO::Fitting model to feature number 1136, MGYG000323012
2026-01-11 15:29:13.846909 INFO::Fitting model to feature number 1137, MGYG000325709
2026-01-11 15:29:13.854943 INFO::Fitting model to feature number 1138, MGYG000325198
2026-01-11 15:29:13.859185 INFO::Fitting model to feature number 1139, UBA3282 sp910578845
2026-01-11 15:29:13.866787 INFO::Fitting model to feature number 1140, MGYG000325513
2026-01-11 15:29:13.871026 INFO::Fitting model to feature number 1141, UBA3282 sp910588955
2026-01-11 15:29:13.880188 INFO::Fitting model to feature number 1142, MGYG000325450
2026-01-11 15:29:13.88825 INFO::Fitting model to feature number 1143, MGYG000325999
2026-01-11 15:29:13.894789 INFO::Fitting model to feature number 1144, MGYG000411525
2026-01-11 15:29:13.900208 INFO::Fitting model to feature number 1145, MGYG000325558
2026-01-11 15:29:13.905776 INFO::Fitting model to feature number 1146, MGYG000322990
2026-01-11 15:29:13.91121 INFO::Fitting model to feature number 1147, MGYG000330673
2026-01-11 15:29:13.913898 WARNING::Fitting problem for feature 1147 returning NA
2026-01-11 15:29:13.916197 INFO::Fitting model to feature number 1148, MGYG000368565
2026-01-11 15:29:13.922256 INFO::Fitting model to feature number 1149, UBA7109 sp910580235
2026-01-11 15:29:13.92662 INFO::Fitting model to feature number 1150, MGYG000324764
2026-01-11 15:29:13.930498 INFO::Fitting model to feature number 1151, MGYG000324065
2026-01-11 15:29:13.936135 INFO::Fitting model to feature number 1152, Roseburia sp910577925
2026-01-11 15:29:13.942281 INFO::Fitting model to feature number 1153, Roseburia intestinalis
2026-01-11 15:29:13.9455 INFO::Fitting model to feature number 1154, MGYG000328589
2026-01-11 15:29:13.949646 INFO::Fitting model to feature number 1155, MGYG000393816
2026-01-11 15:29:13.955361 INFO::Fitting model to feature number 1156, Butyribacter sp910579085
2026-01-11 15:29:13.960932 INFO::Fitting model to feature number 1157, MGYG000329302
2026-01-11 15:29:13.966191 INFO::Fitting model to feature number 1158, MGYG000348373
2026-01-11 15:29:13.972153 INFO::Fitting model to feature number 1159, MGYG000325401
2026-01-11 15:29:13.975582 WARNING::Fitting problem for feature 1159 returning NA
2026-01-11 15:29:13.977706 INFO::Fitting model to feature number 1160, Butyribacter sp910586555
2026-01-11 15:29:13.980132 WARNING::Fitting problem for feature 1160 returning NA
2026-01-11 15:29:13.982117 INFO::Fitting model to feature number 1161, Butyribacter sp910586605
2026-01-11 15:29:13.986832 INFO::Fitting model to feature number 1162, 1XD8-76 sp003611955
2026-01-11 15:29:13.992402 INFO::Fitting model to feature number 1163, 1XD8-76 sp910584915
2026-01-11 15:29:13.997284 INFO::Fitting model to feature number 1164, 1XD8-76 sp022799355
2026-01-11 15:29:14.00208 INFO::Fitting model to feature number 1165, Blautia coccoides
2026-01-11 15:29:14.00533 INFO::Fitting model to feature number 1166, Blautia hominis
2026-01-11 15:29:14.01019 INFO::Fitting model to feature number 1167, MGYG000330300
2026-01-11 15:29:14.014859 INFO::Fitting model to feature number 1168, Blautia sp001304935
2026-01-11 15:29:14.01793 INFO::Fitting model to feature number 1169, MGYG000411610
2026-01-11 15:29:14.023624 INFO::Fitting model to feature number 1170, Acetatifactor sp910578215
2026-01-11 15:29:14.029297 INFO::Fitting model to feature number 1171, MGYG000403847
2026-01-11 15:29:14.034031 INFO::Fitting model to feature number 1172, Acetatifactor sp910585665
2026-01-11 15:29:14.039276 INFO::Fitting model to feature number 1173, MGYG000410724
2026-01-11 15:29:14.044041 INFO::Fitting model to feature number 1174, MGYG000329148
2026-01-11 15:29:14.048684 INFO::Fitting model to feature number 1175, MGYG000331408
2026-01-11 15:29:14.05351 INFO::Fitting model to feature number 1176, MGYG000331279
2026-01-11 15:29:14.059058 INFO::Fitting model to feature number 1177, Acetatifactor sp910584375
2026-01-11 15:29:14.063895 INFO::Fitting model to feature number 1178, MGYG000345025
2026-01-11 15:29:14.068989 INFO::Fitting model to feature number 1179, Acetatifactor sp910586435
2026-01-11 15:29:14.075249 INFO::Fitting model to feature number 1180, MGYG000330154
2026-01-11 15:29:14.080522 INFO::Fitting model to feature number 1181, MGYG000327196
2026-01-11 15:29:14.0859 INFO::Fitting model to feature number 1182, Acetatifactor sp910586215
2026-01-11 15:29:14.092072 INFO::Fitting model to feature number 1183, Acetatifactor sp011959105
2026-01-11 15:29:14.09753 INFO::Fitting model to feature number 1184, Acetatifactor sp910586515
2026-01-11 15:29:14.102617 INFO::Fitting model to feature number 1185, MGYG000325688
2026-01-11 15:29:14.108427 INFO::Fitting model to feature number 1186, MGYG000325419
2026-01-11 15:29:14.113884 INFO::Fitting model to feature number 1187, Acetatifactor sp910585015
2026-01-11 15:29:14.12247 INFO::Fitting model to feature number 1188, Acetatifactor sp910577665
2026-01-11 15:29:14.128623 INFO::Fitting model to feature number 1189, MGYG000329799
2026-01-11 15:29:14.136687 INFO::Fitting model to feature number 1190, Acetatifactor sp910588225
2026-01-11 15:29:14.143112 INFO::Fitting model to feature number 1191, MGYG000410939
2026-01-11 15:29:14.151585 INFO::Fitting model to feature number 1192, MGYG000327533
2026-01-11 15:29:14.15968 INFO::Fitting model to feature number 1193, Acetatifactor sp022797535
2026-01-11 15:29:14.164433 INFO::Fitting model to feature number 1194, Acetatifactor sp022793065
2026-01-11 15:29:14.173128 INFO::Fitting model to feature number 1195, MGYG000329051
2026-01-11 15:29:14.180613 INFO::Fitting model to feature number 1196, MGYG000324774
2026-01-11 15:29:14.186074 INFO::Fitting model to feature number 1197, Lachnospira sp910587485
2026-01-11 15:29:14.18948 WARNING::Fitting problem for feature 1197 returning NA
2026-01-11 15:29:14.192352 INFO::Fitting model to feature number 1198, Anaerostipes caccae
2026-01-11 15:29:14.198779 INFO::Fitting model to feature number 1199, 1XD42-69 sp910585825
2026-01-11 15:29:14.206567 INFO::Fitting model to feature number 1200, 1XD42-69 sp910586725
2026-01-11 15:29:14.210594 WARNING::Fitting problem for feature 1200 returning NA
2026-01-11 15:29:14.213325 INFO::Fitting model to feature number 1201, MGYG000325395
2026-01-11 15:29:14.216697 INFO::Fitting model to feature number 1202, 1XD42-69 sp910586355
2026-01-11 15:29:14.220277 WARNING::Fitting problem for feature 1202 returning NA
2026-01-11 15:29:14.223809 INFO::Fitting model to feature number 1203, MGYG000330490
2026-01-11 15:29:14.2277 WARNING::Fitting problem for feature 1203 returning NA
2026-01-11 15:29:14.231302 INFO::Fitting model to feature number 1204, 1XD42-69 sp910589105
2026-01-11 15:29:14.234744 INFO::Fitting model to feature number 1205, MGYG000327486
2026-01-11 15:29:14.24169 INFO::Fitting model to feature number 1206, MGYG000331229
2026-01-11 15:29:14.248301 INFO::Fitting model to feature number 1207, UBA3402 sp910588505
2026-01-11 15:29:14.25655 INFO::Fitting model to feature number 1208, UBA3402 sp022792815
2026-01-11 15:29:14.265119 INFO::Fitting model to feature number 1209, UBA3402 sp910579515
2026-01-11 15:29:14.274022 INFO::Fitting model to feature number 1210, MGYG000410806
2026-01-11 15:29:14.281617 INFO::Fitting model to feature number 1211, MGYG000324300
2026-01-11 15:29:14.289186 INFO::Fitting model to feature number 1212, MGYG000324807
2026-01-11 15:29:14.296771 INFO::Fitting model to feature number 1213, MGYG000327237
2026-01-11 15:29:14.302375 INFO::Fitting model to feature number 1214, MGYG000327181
2026-01-11 15:29:14.308458 INFO::Fitting model to feature number 1215, CAG-95 sp910577445
2026-01-11 15:29:14.314185 INFO::Fitting model to feature number 1216, CAG-95 sp002492465
2026-01-11 15:29:14.320073 INFO::Fitting model to feature number 1217, CAG-95 sp910587305
2026-01-11 15:29:14.327408 INFO::Fitting model to feature number 1218, CAG-95 sp910587295
2026-01-11 15:29:14.33442 INFO::Fitting model to feature number 1219, MGYG000410955
2026-01-11 15:29:14.341233 INFO::Fitting model to feature number 1220, MGYG000325519
2026-01-11 15:29:14.346634 INFO::Fitting model to feature number 1221, MGYG000325286
2026-01-11 15:29:14.352473 INFO::Fitting model to feature number 1222, CAG-95 sp000403495
2026-01-11 15:29:14.360029 INFO::Fitting model to feature number 1223, CAG-95 sp014804245
2026-01-11 15:29:14.367066 INFO::Fitting model to feature number 1224, MGYG000324752
2026-01-11 15:29:14.37155 INFO::Fitting model to feature number 1225, MGYG000330445
2026-01-11 15:29:14.37966 INFO::Fitting model to feature number 1226, COE1 sp014239155
2026-01-11 15:29:14.388269 INFO::Fitting model to feature number 1227, MGYG000325661
2026-01-11 15:29:14.397335 INFO::Fitting model to feature number 1228, COE1 sp011959805
2026-01-11 15:29:14.405064 INFO::Fitting model to feature number 1229, COE1 sp009774245
2026-01-11 15:29:14.413076 INFO::Fitting model to feature number 1230, MGYG000325434
2026-01-11 15:29:14.419628 INFO::Fitting model to feature number 1231, COE1 sp910577115
2026-01-11 15:29:14.425262 INFO::Fitting model to feature number 1232, COE1 sp000403215
2026-01-11 15:29:14.432239 INFO::Fitting model to feature number 1233, COE1 sp910588595
2026-01-11 15:29:14.437755 INFO::Fitting model to feature number 1234, COE1 sp910586095
2026-01-11 15:29:14.441728 INFO::Fitting model to feature number 1235, MGYG000325380
2026-01-11 15:29:14.449017 INFO::Fitting model to feature number 1236, MGYG000328561
2026-01-11 15:29:14.454849 INFO::Fitting model to feature number 1237, COE1 sp910578795
2026-01-11 15:29:14.459023 WARNING::Fitting problem for feature 1237 returning NA
2026-01-11 15:29:14.461635 INFO::Fitting model to feature number 1238, COE1 sp003513705
2026-01-11 15:29:14.467506 INFO::Fitting model to feature number 1239, Eubacterium_F sp910577295
2026-01-11 15:29:14.474727 INFO::Fitting model to feature number 1240, Eubacterium_F sp910584065
2026-01-11 15:29:14.480281 INFO::Fitting model to feature number 1241, Eubacterium_F sp910584245
2026-01-11 15:29:14.485713 INFO::Fitting model to feature number 1242, Eubacterium_F sp910589665
2026-01-11 15:29:14.489103 WARNING::Fitting problem for feature 1242 returning NA
2026-01-11 15:29:14.491433 INFO::Fitting model to feature number 1243, Eubacterium_F sp910584645
2026-01-11 15:29:14.497532 INFO::Fitting model to feature number 1244, MGYG000327551
2026-01-11 15:29:14.502472 INFO::Fitting model to feature number 1245, VSOB01 sp910585345
2026-01-11 15:29:14.508045 INFO::Fitting model to feature number 1246, VSOB01 sp910589075
2026-01-11 15:29:14.512845 INFO::Fitting model to feature number 1247, Merdisoma sp910587955
2026-01-11 15:29:14.517768 INFO::Fitting model to feature number 1248, MGYG000331110
2026-01-11 15:29:14.523283 INFO::Fitting model to feature number 1249, Eubacterium_J plexicaudatum
2026-01-11 15:29:14.528218 INFO::Fitting model to feature number 1250, Eubacterium_J sp910586445
2026-01-11 15:29:14.533021 INFO::Fitting model to feature number 1251, Eubacterium_J sp910577225
2026-01-11 15:29:14.537803 INFO::Fitting model to feature number 1252, Eubacterium_J sp009774535
2026-01-11 15:29:14.541341 INFO::Fitting model to feature number 1253, Eubacterium_J sp910586225
2026-01-11 15:29:14.546181 INFO::Fitting model to feature number 1254, Eubacterium_J sp910584345
2026-01-11 15:29:14.551112 INFO::Fitting model to feature number 1255, MGYG000327547
2026-01-11 15:29:14.556355 INFO::Fitting model to feature number 1256, MGYG000325711
2026-01-11 15:29:14.558917 WARNING::Fitting problem for feature 1256 returning NA
2026-01-11 15:29:14.560808 INFO::Fitting model to feature number 1257, MGYG000324920
2026-01-11 15:29:14.56541 INFO::Fitting model to feature number 1258, Eubacterium_J sp910586045
2026-01-11 15:29:14.570024 INFO::Fitting model to feature number 1259, MGYG000331263
2026-01-11 15:29:14.575305 INFO::Fitting model to feature number 1260, Kineothrix sp910579645
2026-01-11 15:29:14.579923 INFO::Fitting model to feature number 1261, Kineothrix sp023399455
2026-01-11 15:29:14.584596 INFO::Fitting model to feature number 1262, Kineothrix sp910578405
2026-01-11 15:29:14.590635 INFO::Fitting model to feature number 1263, MGBC164599 sp910584115
2026-01-11 15:29:14.595831 INFO::Fitting model to feature number 1264, MGYG000330773
2026-01-11 15:29:14.601007 INFO::Fitting model to feature number 1265, MGYG000323038
2026-01-11 15:29:14.604286 INFO::Fitting model to feature number 1266, Caccovicinus sp910589195
2026-01-11 15:29:14.610649 INFO::Fitting model to feature number 1267, Copromonas sp910585355
2026-01-11 15:29:14.616721 INFO::Fitting model to feature number 1268, MGYG000329350
2026-01-11 15:29:14.623963 INFO::Fitting model to feature number 1269, Copromonas sp900066535
2026-01-11 15:29:14.628501 INFO::Fitting model to feature number 1270, MGYG000346909
2026-01-11 15:29:14.635846 INFO::Fitting model to feature number 1271, Eisenbergiella porci
2026-01-11 15:29:14.644444 INFO::Fitting model to feature number 1272, MGYG000379181
2026-01-11 15:29:14.650361 INFO::Fitting model to feature number 1273, CAG-510 sp910578335
2026-01-11 15:29:14.657691 INFO::Fitting model to feature number 1274, CAG-510 sp910577015
2026-01-11 15:29:14.664539 INFO::Fitting model to feature number 1275, MGYG000325414
2026-01-11 15:29:14.671946 INFO::Fitting model to feature number 1276, MGYG000328974
2026-01-11 15:29:14.675838 WARNING::Fitting problem for feature 1276 returning NA
2026-01-11 15:29:14.678429 INFO::Fitting model to feature number 1277, MGYG000329478
2026-01-11 15:29:14.684663 INFO::Fitting model to feature number 1278, SIG307 sp910577175
2026-01-11 15:29:14.692739 INFO::Fitting model to feature number 1279, Clostridium_Q symbiosum
2026-01-11 15:29:14.695618 WARNING::Fitting problem for feature 1279 returning NA
2026-01-11 15:29:14.698478 INFO::Fitting model to feature number 1280, Clostridium_Q sp009911305
2026-01-11 15:29:14.707321 INFO::Fitting model to feature number 1281, Enterocloster bolteae
2026-01-11 15:29:14.714493 INFO::Fitting model to feature number 1282, MGYG000330164
2026-01-11 15:29:14.717899 INFO::Fitting model to feature number 1283, MGYG000323607
2026-01-11 15:29:14.726184 INFO::Fitting model to feature number 1284, RGIG4057 sp910577675
2026-01-11 15:29:14.734972 INFO::Fitting model to feature number 1285, RGIG8607 sp910588535
2026-01-11 15:29:14.742194 INFO::Fitting model to feature number 1286, MGYG000325404
2026-01-11 15:29:14.74528 WARNING::Fitting problem for feature 1286 returning NA
2026-01-11 15:29:14.747615 INFO::Fitting model to feature number 1287, MGBC131033 sp910585655
2026-01-11 15:29:14.750971 INFO::Fitting model to feature number 1288, MGYG000409986
2026-01-11 15:29:14.757162 INFO::Fitting model to feature number 1289, MGYG000323124
2026-01-11 15:29:14.76339 INFO::Fitting model to feature number 1290, MGYG000327294
2026-01-11 15:29:14.770134 INFO::Fitting model to feature number 1291, RUG115 sp910578885
2026-01-11 15:29:14.778706 INFO::Fitting model to feature number 1292, MGYG000328329
2026-01-11 15:29:14.783107 INFO::Fitting model to feature number 1293, MGYG000410396
2026-01-11 15:29:14.790618 INFO::Fitting model to feature number 1294, RGIG7193 sp910586125
2026-01-11 15:29:14.795071 INFO::Fitting model to feature number 1295, MGYG000325636
2026-01-11 15:29:14.800157 INFO::Fitting model to feature number 1296, Agathobacter sp910587655
2026-01-11 15:29:14.806021 INFO::Fitting model to feature number 1297, MGYG000410161
2026-01-11 15:29:14.80903 WARNING::Fitting problem for feature 1297 returning NA
2026-01-11 15:29:14.811262 INFO::Fitting model to feature number 1298, MGYG000327199
2026-01-11 15:29:14.817615 INFO::Fitting model to feature number 1299, RGIG3040 sp910585715
2026-01-11 15:29:14.847975 INFO::Fitting model to feature number 1300, Butyrivibrio_A sp000431815
2026-01-11 15:29:14.853515 INFO::Fitting model to feature number 1301, Butyrivibrio_A sp910577605
2026-01-11 15:29:14.857291 INFO::Fitting model to feature number 1302, MGYG000325389
2026-01-11 15:29:14.862737 INFO::Fitting model to feature number 1303, MGBC114844 sp910579865
2026-01-11 15:29:14.865857 WARNING::Fitting problem for feature 1303 returning NA
2026-01-11 15:29:14.869115 INFO::Fitting model to feature number 1304, CAG-303 sp910577835
2026-01-11 15:29:14.877225 INFO::Fitting model to feature number 1305, CAG-303 sp910584685
2026-01-11 15:29:14.885759 INFO::Fitting model to feature number 1306, MGYG000327534
2026-01-11 15:29:14.894623 INFO::Fitting model to feature number 1307, An181 sp910585545
2026-01-11 15:29:14.899869 INFO::Fitting model to feature number 1308, RGIG3002 sp910579805
2026-01-11 15:29:14.908982 INFO::Fitting model to feature number 1309, MGYG000323516
2026-01-11 15:29:14.914104 INFO::Fitting model to feature number 1310, MGBC120314 sp910584325
2026-01-11 15:29:14.917424 INFO::Fitting model to feature number 1311, MGYG000328392
2026-01-11 15:29:14.920521 INFO::Fitting model to feature number 1312, CAG-632 sp910587045
2026-01-11 15:29:14.924035 WARNING::Fitting problem for feature 1312 returning NA
2026-01-11 15:29:14.926248 INFO::Fitting model to feature number 1313, MGBC136627 sp910585935
2026-01-11 15:29:14.928937 WARNING::Fitting problem for feature 1313 returning NA
2026-01-11 15:29:14.931153 INFO::Fitting model to feature number 1314, MGBC165282 sp910589265
2026-01-11 15:29:14.937458 INFO::Fitting model to feature number 1315, Mediterraneibacter_A sp022790755
2026-01-11 15:29:14.943623 INFO::Fitting model to feature number 1316, Hungatella effluvii
2026-01-11 15:29:14.949321 INFO::Fitting model to feature number 1317, Mobilitalea sp023395555
2026-01-11 15:29:14.955061 INFO::Fitting model to feature number 1318, Fusicatenibacter saccharivorans
2026-01-11 15:29:14.958892 INFO::Fitting model to feature number 1319, CAG-411 sp014799595
2026-01-11 15:29:14.964325 INFO::Fitting model to feature number 1320, MGYG000323744
2026-01-11 15:29:14.969664 INFO::Fitting model to feature number 1321, MGBC143606 sp910587935
2026-01-11 15:29:14.973603 INFO::Fitting model to feature number 1322, C-53 sp003612525
2026-01-11 15:29:14.976851 INFO::Fitting model to feature number 1323, Ruminococcus_B gnavus
2026-01-11 15:29:14.979628 WARNING::Fitting problem for feature 1323 returning NA
2026-01-11 15:29:14.981931 INFO::Fitting model to feature number 1324, Frisingicoccus caecimuris
2026-01-11 15:29:14.984949 WARNING::Fitting problem for feature 1324 returning NA
2026-01-11 15:29:14.987203 INFO::Fitting model to feature number 1325, MGYG000326088
2026-01-11 15:29:14.992128 INFO::Fitting model to feature number 1326, Lawsonibacter sp900066645
2026-01-11 15:29:14.994914 WARNING::Fitting problem for feature 1326 returning NA
2026-01-11 15:29:14.997095 INFO::Fitting model to feature number 1327, MGYG000327494
2026-01-11 15:29:15.002485 INFO::Fitting model to feature number 1328, MGYG000325423
2026-01-11 15:29:15.008471 INFO::Fitting model to feature number 1329, Dysosmobacter sp022797935
2026-01-11 15:29:15.013922 INFO::Fitting model to feature number 1330, MGYG000327261
2026-01-11 15:29:15.017518 INFO::Fitting model to feature number 1331, Dysosmobacter sp910588005
2026-01-11 15:29:15.023738 INFO::Fitting model to feature number 1332, Dysosmobacter sp001916835
2026-01-11 15:29:15.029316 INFO::Fitting model to feature number 1333, Dysosmobacter sp910585165
2026-01-11 15:29:15.034684 INFO::Fitting model to feature number 1334, MGYG000329398
2026-01-11 15:29:15.04159 INFO::Fitting model to feature number 1335, MGYG000322989
2026-01-11 15:29:15.047704 INFO::Fitting model to feature number 1336, MGYG000323872
2026-01-11 15:29:15.053909 INFO::Fitting model to feature number 1337, Pelethomonas sp022797115
2026-01-11 15:29:15.060017 INFO::Fitting model to feature number 1338, Pelethomonas sp910584045
2026-01-11 15:29:15.065584 INFO::Fitting model to feature number 1339, MGYG000325682
2026-01-11 15:29:15.07123 INFO::Fitting model to feature number 1340, MGYG000329870
2026-01-11 15:29:15.077291 INFO::Fitting model to feature number 1341, MGYG000409933
2026-01-11 15:29:15.082942 INFO::Fitting model to feature number 1342, MGYG000325610
2026-01-11 15:29:15.085848 WARNING::Fitting problem for feature 1342 returning NA
2026-01-11 15:29:15.088167 INFO::Fitting model to feature number 1343, Faecousia sp900544705
2026-01-11 15:29:15.092165 INFO::Fitting model to feature number 1344, MGYG000327369
2026-01-11 15:29:15.097384 INFO::Fitting model to feature number 1345, MGYG000327333
2026-01-11 15:29:15.102846 INFO::Fitting model to feature number 1346, Marseille-P3106 sp905219705
2026-01-11 15:29:15.106027 WARNING::Fitting problem for feature 1346 returning NA
2026-01-11 15:29:15.108383 INFO::Fitting model to feature number 1347, Marseille-P3106 sp910577415
2026-01-11 15:29:15.111706 INFO::Fitting model to feature number 1348, MGYG000329177
2026-01-11 15:29:15.120158 INFO::Fitting model to feature number 1349, HGM13010 sp022800755
2026-01-11 15:29:15.129254 INFO::Fitting model to feature number 1350, Flavonifractor plautii
2026-01-11 15:29:15.135101 INFO::Fitting model to feature number 1351, Intestinimonas butyriciproducens
2026-01-11 15:29:15.137856 WARNING::Fitting problem for feature 1351 returning NA
2026-01-11 15:29:15.141122 INFO::Fitting model to feature number 1352, MGBC124762 sp910579775
2026-01-11 15:29:15.145571 INFO::Fitting model to feature number 1353, MGYG000329700
2026-01-11 15:29:15.15234 INFO::Fitting model to feature number 1354, MGYG000323009
2026-01-11 15:29:15.160524 INFO::Fitting model to feature number 1355, MGYG000326780
2026-01-11 15:29:15.166502 INFO::Fitting model to feature number 1356, MGYG000329402
2026-01-11 15:29:15.175332 INFO::Fitting model to feature number 1357, MGYG000411571
2026-01-11 15:29:15.180897 INFO::Fitting model to feature number 1358, MGYG000356933
2026-01-11 15:29:15.189295 INFO::Fitting model to feature number 1359, MGYG000376485
2026-01-11 15:29:15.195975 INFO::Fitting model to feature number 1360, Fimivicinus sp900544375
2026-01-11 15:29:15.203373 INFO::Fitting model to feature number 1361, Ruminococcus_E sp910585865
2026-01-11 15:29:15.212121 INFO::Fitting model to feature number 1362, UBA1417 sp900549945
2026-01-11 15:29:15.218672 INFO::Fitting model to feature number 1363, MGYG000360413
2026-01-11 15:29:15.223212 WARNING::Fitting problem for feature 1363 returning NA
2026-01-11 15:29:15.2266 INFO::Fitting model to feature number 1364, Ruthenibacterium lactatiformans
2026-01-11 15:29:15.23053 WARNING::Fitting problem for feature 1364 returning NA
2026-01-11 15:29:15.233576 INFO::Fitting model to feature number 1365, MGYG000410556
2026-01-11 15:29:15.241185 INFO::Fitting model to feature number 1366, UBA1394 sp900066845
2026-01-11 15:29:15.246682 INFO::Fitting model to feature number 1367, MGYG000410798
2026-01-11 15:29:15.254384 INFO::Fitting model to feature number 1368, MGYG000327515
2026-01-11 15:29:15.258458 INFO::Fitting model to feature number 1369, MGYG000325568
2026-01-11 15:29:15.264109 INFO::Fitting model to feature number 1370, MGYG000325411
2026-01-11 15:29:15.270023 INFO::Fitting model to feature number 1371, MGYG000328314
2026-01-11 15:29:15.277637 INFO::Fitting model to feature number 1372, UBA1405 sp910589145
2026-01-11 15:29:15.28111 INFO::Fitting model to feature number 1373, CAG-115 sp910587135
2026-01-11 15:29:15.288547 INFO::Fitting model to feature number 1374, CAG-115 sp910577365
2026-01-11 15:29:15.296285 INFO::Fitting model to feature number 1375, CAG-115 sp910587465
2026-01-11 15:29:15.305185 INFO::Fitting model to feature number 1376, Faecalibacterium sp900539945
2026-01-11 15:29:15.311777 INFO::Fitting model to feature number 1377, Faecalibacterium longum
2026-01-11 15:29:15.315562 INFO::Fitting model to feature number 1378, Faecalibacterium prausnitzii_F
2026-01-11 15:29:15.321803 INFO::Fitting model to feature number 1379, MGYG000325416
2026-01-11 15:29:15.33039 INFO::Fitting model to feature number 1380, UBA7177 sp910579545
2026-01-11 15:29:15.334794 WARNING::Fitting problem for feature 1380 returning NA
2026-01-11 15:29:15.338241 INFO::Fitting model to feature number 1381, UBA7177 sp910578965
2026-01-11 15:29:15.347028 INFO::Fitting model to feature number 1382, Neobittarella massiliensis
2026-01-11 15:29:15.355102 INFO::Fitting model to feature number 1383, Gemmiger formicilis
2026-01-11 15:29:15.362379 INFO::Fitting model to feature number 1384, MGYG000328468
2026-01-11 15:29:15.367452 INFO::Fitting model to feature number 1385, UBA866 sp022791945
2026-01-11 15:29:15.37189 WARNING::Fitting problem for feature 1385 returning NA
2026-01-11 15:29:15.375368 INFO::Fitting model to feature number 1386, UMGS1601 sp900545345
2026-01-11 15:29:15.381073 INFO::Fitting model to feature number 1387, MGYG000410783
2026-01-11 15:29:15.38582 WARNING::Fitting problem for feature 1387 returning NA
2026-01-11 15:29:15.389396 INFO::Fitting model to feature number 1388, MGYG000330170
2026-01-11 15:29:15.395094 INFO::Fitting model to feature number 1389, MGYG000330888
2026-01-11 15:29:15.39976 INFO::Fitting model to feature number 1390, QXXE01 sp910586105
2026-01-11 15:29:15.40346 WARNING::Fitting problem for feature 1390 returning NA
2026-01-11 15:29:15.406739 INFO::Fitting model to feature number 1391, MGYG000330847
2026-01-11 15:29:15.410988 INFO::Fitting model to feature number 1392, MGBC161649 sp910587685
2026-01-11 15:29:15.414458 INFO::Fitting model to feature number 1393, Coproplasma sp910586035
2026-01-11 15:29:15.422685 INFO::Fitting model to feature number 1394, Coproplasma sp910579295
2026-01-11 15:29:15.426895 INFO::Fitting model to feature number 1395, Coproplasma sp910587825
2026-01-11 15:29:15.432977 INFO::Fitting model to feature number 1396, Coproplasma sp910585705
2026-01-11 15:29:15.441495 INFO::Fitting model to feature number 1397, Coproplasma sp910576655
2026-01-11 15:29:15.447373 INFO::Fitting model to feature number 1398, MGYG000410549
2026-01-11 15:29:15.455185 INFO::Fitting model to feature number 1399, Coproplasma sp910577555
2026-01-11 15:29:15.462808 INFO::Fitting model to feature number 1400, Gallimonas sp910586985
2026-01-11 15:29:15.470057 INFO::Fitting model to feature number 1401, Gallimonas sp910586365
2026-01-11 15:29:15.478473 INFO::Fitting model to feature number 1402, Gallimonas sp910589015
2026-01-11 15:29:15.48631 INFO::Fitting model to feature number 1403, Gallimonas sp910586825
2026-01-11 15:29:15.494379 INFO::Fitting model to feature number 1404, Gallimonas sp910586675
2026-01-11 15:29:15.5007 INFO::Fitting model to feature number 1405, Anaerocaecibacter sp910578545
2026-01-11 15:29:15.505677 INFO::Fitting model to feature number 1406, Anaerocaecibacter sp910579205
2026-01-11 15:29:15.514124 INFO::Fitting model to feature number 1407, Anaerocaecibacter sp910585055
2026-01-11 15:29:15.521008 INFO::Fitting model to feature number 1408, MGYG000327384
2026-01-11 15:29:15.525782 INFO::Fitting model to feature number 1409, MGBC157735 sp910588155
2026-01-11 15:29:15.534478 INFO::Fitting model to feature number 1410, Pumilibacter sp910579245
2026-01-11 15:29:15.543422 INFO::Fitting model to feature number 1411, UBA11524 sp000437595
2026-01-11 15:29:15.551305 INFO::Fitting model to feature number 1412, MGYG000388556
2026-01-11 15:29:15.559636 INFO::Fitting model to feature number 1413, Zhenpiania sp910583765
2026-01-11 15:29:15.56717 INFO::Fitting model to feature number 1414, RGIG7179 sp022793795
2026-01-11 15:29:15.570594 WARNING::Fitting problem for feature 1414 returning NA
2026-01-11 15:29:15.574077 INFO::Fitting model to feature number 1415, VUNA01 sp002299625
2026-01-11 15:29:15.582415 INFO::Fitting model to feature number 1416, MGYG000327020
2026-01-11 15:29:15.587248 INFO::Fitting model to feature number 1417, Clostridioides difficile
2026-01-11 15:29:15.595292 INFO::Fitting model to feature number 1418, MGYG000369796
2026-01-11 15:29:15.602831 INFO::Fitting model to feature number 1419, MGYG000411069
2026-01-11 15:29:15.607648 INFO::Fitting model to feature number 1420, MGYG000328055
2026-01-11 15:29:15.615056 INFO::Fitting model to feature number 1421, MGYG000411369
2026-01-11 15:29:15.618778 INFO::Fitting model to feature number 1422, Clostridium sp910588715
2026-01-11 15:29:15.622275 INFO::Fitting model to feature number 1423, CAG-41 sp010206265
2026-01-11 15:29:15.627207 WARNING::Fitting problem for feature 1423 returning NA
2026-01-11 15:29:15.630927 INFO::Fitting model to feature number 1424, Parasutterella excrementihominis
2026-01-11 15:29:15.63718 INFO::Fitting model to feature number 1425, Escherichia coli
2026-01-11 15:29:15.645008 INFO::Fitting model to feature number 1426, Klebsiella michiganensis
2026-01-11 15:29:15.652236 INFO::Fitting model to feature number 1427, MGYG000408998
2026-01-11 15:29:15.659275 INFO::Fitting model to feature number 1428, MGYG000324409
2026-01-11 15:29:15.664951 INFO::Fitting model to feature number 1429, MGYG000366359
2026-01-11 15:29:15.670817 INFO::Fitting model to feature number 1430, MGYG000411437
2026-01-11 15:29:15.677126 INFO::Fitting model to feature number 1431, MGYG000350430
2026-01-11 15:29:15.684456 INFO::Fitting model to feature number 1432, MGYG000346441
2026-01-11 15:29:15.688409 WARNING::Fitting problem for feature 1432 returning NA
2026-01-11 15:29:15.691979 INFO::Fitting model to feature number 1433, MGYG000322940
2026-01-11 15:29:15.698901 INFO::Fitting model to feature number 1434, MGYG000410841
2026-01-11 15:29:15.7045 INFO::Fitting model to feature number 1435, Zag111 sp910584405
2026-01-11 15:29:15.710991 INFO::Fitting model to feature number 1436, Avigastranaerophilus sp910583875
2026-01-11 15:29:15.714531 INFO::Fitting model to feature number 1437, MGBC122484 sp910583725
2026-01-11 15:29:15.718301 INFO::Fitting model to feature number 1438, MGYG000326931
2026-01-11 15:29:15.725832 INFO::Fitting model to feature number 1439, MGYG000405972
2026-01-11 15:29:15.733008 INFO::Fitting model to feature number 1440, MGYG000328795
2026-01-11 15:29:15.736553 WARNING::Fitting problem for feature 1440 returning NA
2026-01-11 15:29:15.738914 INFO::Fitting model to feature number 1441, HGM10857 sp910578745
2026-01-11 15:29:15.744752 INFO::Fitting model to feature number 1442, MGYG000410710
2026-01-11 15:29:15.750553 INFO::Fitting model to feature number 1443, Acetatifactor muris
2026-01-11 15:29:15.75643 INFO::Fitting model to feature number 1444, MGYG000325356
2026-01-11 15:29:15.762225 INFO::Fitting model to feature number 1445, MGYG000329400
2026-01-11 15:29:15.765901 INFO::Fitting model to feature number 1446, Coprocola sp910587735
2026-01-11 15:29:15.771352 INFO::Fitting model to feature number 1447, MGYG000387050
2026-01-11 15:29:15.777716 INFO::Fitting model to feature number 1448, MGYG000326286
2026-01-11 15:29:15.781551 INFO::Fitting model to feature number 1449, Ruminococcus sp910576995
2026-01-11 15:29:15.786852 INFO::Fitting model to feature number 1450, Ruminococcus sp910579835
2026-01-11 15:29:15.791089 INFO::Fitting model to feature number 1451, Ruminococcus sp900540005
2026-01-11 15:29:15.798028 INFO::Fitting model to feature number 1452, Ruminococcus sp002362175
2026-01-11 15:29:15.802801 INFO::Fitting model to feature number 1453, Ruminococcus sp910577575
2026-01-11 15:29:15.806789 INFO::Fitting model to feature number 1454, MGYG000410441
2026-01-11 15:29:15.812055 INFO::Fitting model to feature number 1455, MGYG000365643
2026-01-11 15:29:15.818973 INFO::Fitting model to feature number 1456, MGYG000369368
2026-01-11 15:29:15.822988 INFO::Fitting model to feature number 1457, MGYG000330830
2026-01-11 15:29:15.826181 WARNING::Fitting problem for feature 1457 returning NA
2026-01-11 15:29:15.828142 INFO::Fitting model to feature number 1458, MGYG000324069
2026-01-11 15:29:15.831025 INFO::Fitting model to feature number 1459, MGYG000392389
2026-01-11 15:29:15.833994 INFO::Fitting model to feature number 1460, Coproplasma sp910578195
2026-01-11 15:29:15.838766 INFO::Fitting model to feature number 1461, Gallimonas sp910588615
2026-01-11 15:29:15.842223 INFO::Fitting model to feature number 1462, Fimimonas sp910586905
2026-01-11 15:29:15.845124 INFO::Fitting model to feature number 1463, MGYG000329863
2026-01-11 15:29:15.849945 INFO::Fitting model to feature number 1464, Pseudomonas aeruginosa
2026-01-11 15:29:15.85464 INFO::Fitting model to feature number 1465, C-19 sp022799495
2026-01-11 15:29:15.860656 INFO::Fitting model to feature number 1466, MGBC140090 sp910586805
2026-01-11 15:29:15.865473 INFO::Fitting model to feature number 1467, MGYG000337677
2026-01-11 15:29:15.870269 INFO::Fitting model to feature number 1468, Staphylococcus nepalensis
2026-01-11 15:29:15.87394 INFO::Fitting model to feature number 1469, D16-34 sp910588485
2026-01-11 15:29:15.881539 INFO::Fitting model to feature number 1470, UMGS1502 sp900552365
2026-01-11 15:29:15.889869 INFO::Fitting model to feature number 1471, CACZQA01 sp900758075
2026-01-11 15:29:15.897844 INFO::Fitting model to feature number 1472, MGYG000325313
2026-01-11 15:29:15.904194 INFO::Fitting model to feature number 1473, Schaedlerella glycyrrhizinilytica_A
2026-01-11 15:29:15.911412 INFO::Fitting model to feature number 1474, MGYG000322968
2026-01-11 15:29:15.919262 INFO::Fitting model to feature number 1475, Butyribacter sp003612285
2026-01-11 15:29:15.922028 WARNING::Fitting problem for feature 1475 returning NA
2026-01-11 15:29:15.924774 INFO::Fitting model to feature number 1476, Butyribacter sp910580005
2026-01-11 15:29:15.929974 INFO::Fitting model to feature number 1477, MGYG000325492
2026-01-11 15:29:15.935137 INFO::Fitting model to feature number 1478, Acetatifactor sp910578815
2026-01-11 15:29:15.940988 INFO::Fitting model to feature number 1479, Acetatifactor sp910583845
2026-01-11 15:29:15.946708 INFO::Fitting model to feature number 1480, MGYG000328399
2026-01-11 15:29:15.951936 INFO::Fitting model to feature number 1481, Acetatifactor sp910587755
2026-01-11 15:29:15.975582 INFO::Fitting model to feature number 1482, MGYG000329698
2026-01-11 15:29:15.980963 INFO::Fitting model to feature number 1483, CAG-95 sp009774465
2026-01-11 15:29:15.986548 INFO::Fitting model to feature number 1484, MGYG000410124
2026-01-11 15:29:15.99353 INFO::Fitting model to feature number 1485, UBA2882 sp002362385
2026-01-11 15:29:15.998775 INFO::Fitting model to feature number 1486, MGYG000350270
2026-01-11 15:29:16.002875 INFO::Fitting model to feature number 1487, MGYG000411484
2026-01-11 15:29:16.00602 WARNING::Fitting problem for feature 1487 returning NA
2026-01-11 15:29:16.008926 INFO::Fitting model to feature number 1488, 1XD42-69 sp003612565
2026-01-11 15:29:16.014225 INFO::Fitting model to feature number 1489, MGYG000324730
2026-01-11 15:29:16.021015 INFO::Fitting model to feature number 1490, Blautia_A wexlerae
2026-01-11 15:29:16.026347 INFO::Fitting model to feature number 1491, Bariatricus comes
2026-01-11 15:29:16.031007 INFO::Fitting model to feature number 1492, Wujia sp002493625
2026-01-11 15:29:16.034311 WARNING::Fitting problem for feature 1492 returning NA
2026-01-11 15:29:16.036587 INFO::Fitting model to feature number 1493, MGYG000322947
2026-01-11 15:29:16.045273 INFO::Fitting model to feature number 1494, MGYG000322925
2026-01-11 15:29:16.048276 WARNING::Fitting problem for feature 1494 returning NA
2026-01-11 15:29:16.050637 INFO::Fitting model to feature number 1495, MGYG000330643
2026-01-11 15:29:16.05475 WARNING::Fitting problem for feature 1495 returning NA
2026-01-11 15:29:16.057975 INFO::Fitting model to feature number 1496, MGYG000325949
2026-01-11 15:29:16.065799 INFO::Fitting model to feature number 1497, Acutalibacter ornithocaccae
2026-01-11 15:29:16.074223 INFO::Fitting model to feature number 1498, Eubacterium_R sp910577195
2026-01-11 15:29:16.079608 INFO::Fitting model to feature number 1499, Avimonas_A sp022800315
2026-01-11 15:29:16.087764 INFO::Fitting model to feature number 1500, UBA3818 sp904397845
2026-01-11 15:29:16.096143 INFO::Fitting model to feature number 1501, MGYG000354216
2026-01-11 15:29:16.10351 INFO::Fitting model to feature number 1502, MGYG000350425
2026-01-11 15:29:16.10974 INFO::Fitting model to feature number 1503, MGYG000340095
2026-01-11 15:29:16.1132 INFO::Fitting model to feature number 1504, MGYG000336507
2026-01-11 15:29:16.118773 INFO::Fitting model to feature number 1505, Agrobacterium pusense
2026-01-11 15:29:16.127524 INFO::Fitting model to feature number 1506, MGYG000325577
2026-01-11 15:29:16.134983 INFO::Fitting model to feature number 1507, MGYG000325533
2026-01-11 15:29:16.142582 INFO::Fitting model to feature number 1508, MGYG000325757
2026-01-11 15:29:16.146484 WARNING::Fitting problem for feature 1508 returning NA
2026-01-11 15:29:16.149655 INFO::Fitting model to feature number 1509, MGYG000325642
2026-01-11 15:29:16.15612 INFO::Fitting model to feature number 1510, Limisoma sp900544305
2026-01-11 15:29:16.162984 INFO::Fitting model to feature number 1511, MGYG000325491
2026-01-11 15:29:16.171404 INFO::Fitting model to feature number 1512, MGYG000325376
2026-01-11 15:29:16.176908 INFO::Fitting model to feature number 1513, Alistipes putredinis
2026-01-11 15:29:16.185905 INFO::Fitting model to feature number 1514, MGYG000325739
2026-01-11 15:29:16.19009 INFO::Fitting model to feature number 1515, MGYG000325349
2026-01-11 15:29:16.198432 INFO::Fitting model to feature number 1516, MGYG000325640
2026-01-11 15:29:16.201462 WARNING::Fitting problem for feature 1516 returning NA
2026-01-11 15:29:16.20418 INFO::Fitting model to feature number 1517, Alistipes onderdonkii
2026-01-11 15:29:16.21255 INFO::Fitting model to feature number 1518, Alistipes sp003979135
2026-01-11 15:29:16.220777 INFO::Fitting model to feature number 1519, Alistipes sp900541585
2026-01-11 15:29:16.229428 INFO::Fitting model to feature number 1520, Alistipes_A ihumii
2026-01-11 15:29:16.234367 INFO::Fitting model to feature number 1521, Bacteroides eggerthii
2026-01-11 15:29:16.242511 INFO::Fitting model to feature number 1522, Prevotella faecis
2026-01-11 15:29:16.246431 WARNING::Fitting problem for feature 1522 returning NA
2026-01-11 15:29:16.249673 INFO::Fitting model to feature number 1523, Prevotella sp900557405
2026-01-11 15:29:16.253475 WARNING::Fitting problem for feature 1523 returning NA
2026-01-11 15:29:16.256857 INFO::Fitting model to feature number 1524, MGYG000325643
2026-01-11 15:29:16.265543 INFO::Fitting model to feature number 1525, Paraprevotella stercorigallinarum
2026-01-11 15:29:16.273544 INFO::Fitting model to feature number 1526, MGYG000325375
2026-01-11 15:29:16.281791 INFO::Fitting model to feature number 1527, C-19 sp009917405
2026-01-11 15:29:16.286344 WARNING::Fitting problem for feature 1527 returning NA
2026-01-11 15:29:16.289416 INFO::Fitting model to feature number 1528, MGYG000328692
2026-01-11 15:29:16.293532 WARNING::Fitting problem for feature 1528 returning NA
2026-01-11 15:29:16.29599 INFO::Fitting model to feature number 1529, UBA2730 sp022793235
2026-01-11 15:29:16.301726 INFO::Fitting model to feature number 1530, Bacillus licheniformis
2026-01-11 15:29:16.30796 INFO::Fitting model to feature number 1531, Mailhella sp910577155
2026-01-11 15:29:16.314888 INFO::Fitting model to feature number 1532, MGYG000403150
2026-01-11 15:29:16.318225 WARNING::Fitting problem for feature 1532 returning NA
2026-01-11 15:29:16.321219 INFO::Fitting model to feature number 1533, COE1 sp910586405
2026-01-11 15:29:16.327673 INFO::Fitting model to feature number 1534, COE1 sp009774345
2026-01-11 15:29:16.333296 INFO::Fitting model to feature number 1535, MGYG000329391
2026-01-11 15:29:16.338955 INFO::Fitting model to feature number 1536, MGYG000327122
2026-01-11 15:29:16.345539 INFO::Fitting model to feature number 1537, MGYG000326060
2026-01-11 15:29:16.349205 INFO::Fitting model to feature number 1538, MGYG000324350
2026-01-11 15:29:16.355373 INFO::Fitting model to feature number 1539, Copromonas sp000435795
2026-01-11 15:29:16.363021 INFO::Fitting model to feature number 1540, Kineothrix sp910586275
2026-01-11 15:29:16.370399 INFO::Fitting model to feature number 1541, MGYG000327375
2026-01-11 15:29:16.379222 INFO::Fitting model to feature number 1542, MGYG000331235
2026-01-11 15:29:16.386604 INFO::Fitting model to feature number 1543, MGBC111451 sp910578605
2026-01-11 15:29:16.39514 INFO::Fitting model to feature number 1544, MGYG000411179
2026-01-11 15:29:16.402268 INFO::Fitting model to feature number 1545, Faecalibacterium prausnitzii
2026-01-11 15:29:16.409938 INFO::Fitting model to feature number 1546, MGYG000325383
2026-01-11 15:29:16.414587 INFO::Fitting model to feature number 1547, MGYG000323634
2026-01-11 15:29:16.420857 INFO::Fitting model to feature number 1548, Pumilibacter muris
2026-01-11 15:29:16.429221 INFO::Fitting model to feature number 1549, SFMI01 sp004556155
2026-01-11 15:29:16.433299 WARNING::Fitting problem for feature 1549 returning NA
2026-01-11 15:29:16.436479 INFO::Fitting model to feature number 1550, Escherichia ruysiae
2026-01-11 15:29:16.444609 INFO::Fitting model to feature number 1551, Klebsiella variicola
2026-01-11 15:29:16.452286 INFO::Fitting model to feature number 1552, Citrobacter_A rodentium
2026-01-11 15:29:16.461008 INFO::Fitting model to feature number 1553, Citrobacter_A amalonaticus
2026-01-11 15:29:16.468909 INFO::Fitting model to feature number 1554, MGYG000339089
2026-01-11 15:29:16.472892 WARNING::Fitting problem for feature 1554 returning NA
2026-01-11 15:29:16.475856 INFO::Fitting model to feature number 1555, UBA7185 sp910585405
2026-01-11 15:29:16.47927 INFO::Fitting model to feature number 1556, Helicobacter_D ganmani
2026-01-11 15:29:16.487311 INFO::Fitting model to feature number 1557, URXU01 sp900541915
2026-01-11 15:29:16.49307 INFO::Fitting model to feature number 1558, Streptococcus danieliae
2026-01-11 15:29:16.50207 INFO::Fitting model to feature number 1559, Streptococcus alactolyticus
2026-01-11 15:29:16.508444 INFO::Fitting model to feature number 1560, MGYG000325510
2026-01-11 15:29:16.51482 INFO::Fitting model to feature number 1561, MGBC107952 sp910578855
2026-01-11 15:29:16.522377 INFO::Fitting model to feature number 1562, MGYG000322996
2026-01-11 15:29:16.530667 INFO::Fitting model to feature number 1563, Niallia sp001076885
2026-01-11 15:29:16.537847 INFO::Fitting model to feature number 1564, MGYG000387335
2026-01-11 15:29:16.546374 INFO::Fitting model to feature number 1565, UBA3282 sp910586615
2026-01-11 15:29:16.553845 INFO::Fitting model to feature number 1566, MGYG000325700
2026-01-11 15:29:16.561492 INFO::Fitting model to feature number 1567, UBA3282 sp910584965
2026-01-11 15:29:16.568706 INFO::Fitting model to feature number 1568, MGYG000325483
2026-01-11 15:29:16.575126 INFO::Fitting model to feature number 1569, MGYG000325802
2026-01-11 15:29:16.580295 INFO::Fitting model to feature number 1570, MGYG000329183
2026-01-11 15:29:16.583643 INFO::Fitting model to feature number 1571, UBA3282 sp910586705
2026-01-11 15:29:16.58669 INFO::Fitting model to feature number 1572, UBA3282 sp910578715
2026-01-11 15:29:16.592954 INFO::Fitting model to feature number 1573, MGYG000325820
2026-01-11 15:29:16.596627 INFO::Fitting model to feature number 1574, UBA3282 sp910578475
2026-01-11 15:29:16.601113 INFO::Fitting model to feature number 1575, MGYG000325646
2026-01-11 15:29:16.607254 INFO::Fitting model to feature number 1576, MGYG000373306
2026-01-11 15:29:16.610222 WARNING::Fitting problem for feature 1576 returning NA
2026-01-11 15:29:16.612475 INFO::Fitting model to feature number 1577, MGYG000329401
2026-01-11 15:29:16.616106 INFO::Fitting model to feature number 1578, MGYG000327529
2026-01-11 15:29:16.619704 INFO::Fitting model to feature number 1579, MGYG000410713
2026-01-11 15:29:16.622597 WARNING::Fitting problem for feature 1579 returning NA
2026-01-11 15:29:16.62585 INFO::Fitting model to feature number 1580, MGYG000325455
2026-01-11 15:29:16.634146 INFO::Fitting model to feature number 1581, Butyribacter sp910588655
2026-01-11 15:29:16.639042 INFO::Fitting model to feature number 1582, MGYG000330215
2026-01-11 15:29:16.646599 INFO::Fitting model to feature number 1583, Eubacterium_F sp910583555
2026-01-11 15:29:16.654254 INFO::Fitting model to feature number 1584, 14-2 sp910588885
2026-01-11 15:29:16.662967 INFO::Fitting model to feature number 1585, MGYG000325200
2026-01-11 15:29:16.671541 INFO::Fitting model to feature number 1586, MGYG000410031
2026-01-11 15:29:16.676175 INFO::Fitting model to feature number 1587, COE1 sp910588755
2026-01-11 15:29:16.684369 INFO::Fitting model to feature number 1588, COE1 sp910585765
2026-01-11 15:29:16.688643 WARNING::Fitting problem for feature 1588 returning NA
2026-01-11 15:29:16.692017 INFO::Fitting model to feature number 1589, COE1 sp009774375
2026-01-11 15:29:16.699516 INFO::Fitting model to feature number 1590, MGYG000324875
2026-01-11 15:29:16.705504 INFO::Fitting model to feature number 1591, MGYG000328347
2026-01-11 15:29:16.710758 INFO::Fitting model to feature number 1592, MGYG000331069
2026-01-11 15:29:16.714874 INFO::Fitting model to feature number 1593, MGYG000330172
2026-01-11 15:29:16.718518 INFO::Fitting model to feature number 1594, CAG-510 sp003979355
2026-01-11 15:29:16.723578 INFO::Fitting model to feature number 1595, RGIG4057 sp910585065
2026-01-11 15:29:16.728416 INFO::Fitting model to feature number 1596, CAG-603 sp022794265
2026-01-11 15:29:16.734274 INFO::Fitting model to feature number 1597, MGYG000325692
2026-01-11 15:29:16.739448 INFO::Fitting model to feature number 1598, MGYG000328520
2026-01-11 15:29:16.746766 INFO::Fitting model to feature number 1599, MGYG000325327
2026-01-11 15:29:16.753928 INFO::Fitting model to feature number 1600, UBA7050 sp003979345
2026-01-11 15:29:16.759172 INFO::Fitting model to feature number 1601, MGYG000325605
2026-01-11 15:29:16.765373 INFO::Fitting model to feature number 1602, MGBC140009 sp910586015
2026-01-11 15:29:16.774283 INFO::Fitting model to feature number 1603, MGYG000327466
2026-01-11 15:29:16.778595 WARNING::Fitting problem for feature 1603 returning NA
2026-01-11 15:29:16.782128 INFO::Fitting model to feature number 1604, Clostridium_AP sp000509125
2026-01-11 15:29:16.786568 WARNING::Fitting problem for feature 1604 returning NA
2026-01-11 15:29:16.790314 INFO::Fitting model to feature number 1605, MGYG000329308
2026-01-11 15:29:16.795506 INFO::Fitting model to feature number 1606, MGYG000410975
2026-01-11 15:29:16.799382 INFO::Fitting model to feature number 1607, Dysosmobacter welbionis
2026-01-11 15:29:16.806471 INFO::Fitting model to feature number 1608, MGYG000360335
2026-01-11 15:29:16.812902 INFO::Fitting model to feature number 1609, MGYG000329306
2026-01-11 15:29:16.816553 INFO::Fitting model to feature number 1610, Avispirillum sp910586545
2026-01-11 15:29:16.822397 INFO::Fitting model to feature number 1611, Anaerocaecibacter sp910586925
2026-01-11 15:29:16.827546 INFO::Fitting model to feature number 1612, Anaerocaecibacter sp910577995
2026-01-11 15:29:16.833588 INFO::Fitting model to feature number 1613, MGBC157735 sp910585955
2026-01-11 15:29:16.840374 INFO::Fitting model to feature number 1614, Pumilibacter sp910587595
2026-01-11 15:29:16.845651 INFO::Fitting model to feature number 1615, Protoclostridium sp910587025
2026-01-11 15:29:16.850293 INFO::Fitting model to feature number 1616, Coproplasma sp910587625
2026-01-11 15:29:16.858034 INFO::Fitting model to feature number 1617, Coproplasma sp910579705
2026-01-11 15:29:16.863319 INFO::Fitting model to feature number 1618, MGYG000327859
2026-01-11 15:29:16.869637 INFO::Fitting model to feature number 1619, Lentihominibacter faecis
2026-01-11 15:29:16.875757 INFO::Fitting model to feature number 1620, MGYG000324400
2026-01-11 15:29:16.884797 INFO::Fitting model to feature number 1621, MGYG000357081
2026-01-11 15:29:16.890328 INFO::Fitting model to feature number 1622, Leuconostoc citreum
2026-01-11 15:29:16.895237 WARNING::Fitting problem for feature 1622 returning NA
2026-01-11 15:29:16.899267 INFO::Fitting model to feature number 1623, Enterococcus_E cecorum
2026-01-11 15:29:16.903708 WARNING::Fitting problem for feature 1623 returning NA
2026-01-11 15:29:16.907338 INFO::Fitting model to feature number 1624, MGYG000410809
2026-01-11 15:29:16.911695 WARNING::Fitting problem for feature 1624 returning NA
2026-01-11 15:29:16.915044 INFO::Fitting model to feature number 1625, Anaerotardibacter sp000434775
2026-01-11 15:29:16.919301 WARNING::Fitting problem for feature 1625 returning NA
2026-01-11 15:29:16.9226 INFO::Fitting model to feature number 1626, MGYG000325716
2026-01-11 15:29:16.929788 INFO::Fitting model to feature number 1627, Bacteroides fragilis
2026-01-11 15:29:16.933224 WARNING::Fitting problem for feature 1627 returning NA
2026-01-11 15:29:16.936611 INFO::Fitting model to feature number 1628, Eubacterium_F sp910589595
2026-01-11 15:29:16.941664 INFO::Fitting model to feature number 1629, Acetatifactor sp910584435
2026-01-11 15:29:16.945849 WARNING::Fitting problem for feature 1629 returning NA
2026-01-11 15:29:16.949212 INFO::Fitting model to feature number 1630, Butyribacter sp003611745
2026-01-11 15:29:16.954621 INFO::Fitting model to feature number 1631, MGYG000410930
2026-01-11 15:29:16.963618 INFO::Fitting model to feature number 1632, MGYG000410149
2026-01-11 15:29:16.971873 INFO::Fitting model to feature number 1633, MGYG000328377
2026-01-11 15:29:16.97634 WARNING::Fitting problem for feature 1633 returning NA
2026-01-11 15:29:16.97964 INFO::Fitting model to feature number 1634, MGYG000324606
2026-01-11 15:29:16.983118 WARNING::Fitting problem for feature 1634 returning NA
2026-01-11 15:29:16.986449 INFO::Fitting model to feature number 1635, Dorea_A longicatena
2026-01-11 15:29:16.990299 WARNING::Fitting problem for feature 1635 returning NA
2026-01-11 15:29:16.993202 INFO::Fitting model to feature number 1636, MGYG000323390
2026-01-11 15:29:16.995985 WARNING::Fitting problem for feature 1636 returning NA
2026-01-11 15:29:16.998194 INFO::Fitting model to feature number 1637, CALWPV01 sp022794035
2026-01-11 15:29:17.001628 INFO::Fitting model to feature number 1638, Dysosmobacter sp900763685
2026-01-11 15:29:17.004429 WARNING::Fitting problem for feature 1638 returning NA
2026-01-11 15:29:17.006754 INFO::Fitting model to feature number 1639, Evtepia sp004556345
2026-01-11 15:29:17.010241 WARNING::Fitting problem for feature 1639 returning NA
2026-01-11 15:29:17.012552 INFO::Fitting model to feature number 1640, Evtepia gabavorous
2026-01-11 15:29:17.015452 WARNING::Fitting problem for feature 1640 returning NA
2026-01-11 15:29:17.017926 INFO::Fitting model to feature number 1641, MGYG000387732
2026-01-11 15:29:17.02085 WARNING::Fitting problem for feature 1641 returning NA
2026-01-11 15:29:17.023247 INFO::Fitting model to feature number 1642, Avoscillospira_A sp022795735
2026-01-11 15:29:17.026934 WARNING::Fitting problem for feature 1642 returning NA
2026-01-11 15:29:17.029319 INFO::Fitting model to feature number 1643, Eubacterium_R sp009774735
2026-01-11 15:29:17.032949 INFO::Fitting model to feature number 1644, MGYG000325665
2026-01-11 15:29:17.039231 INFO::Fitting model to feature number 1645, Eubacterium_R sp910584985
2026-01-11 15:29:17.043946 INFO::Fitting model to feature number 1646, MGYG000325508
2026-01-11 15:29:17.048618 INFO::Fitting model to feature number 1647, Eubacterium_R sp910577215
2026-01-11 15:29:17.052324 INFO::Fitting model to feature number 1648, MGYG000325451
2026-01-11 15:29:17.055926 INFO::Fitting model to feature number 1649, MGYG000403628
2026-01-11 15:29:17.060768 INFO::Fitting model to feature number 1650, MGYG000327108
2026-01-11 15:29:17.064314 INFO::Fitting model to feature number 1651, Bittarella massiliensis
2026-01-11 15:29:17.0673 WARNING::Fitting problem for feature 1651 returning NA
2026-01-11 15:29:17.06961 INFO::Fitting model to feature number 1652, MGYG000327115
2026-01-11 15:29:17.072603 WARNING::Fitting problem for feature 1652 returning NA
2026-01-11 15:29:17.075717 INFO::Fitting model to feature number 1653, MGYG000358052
2026-01-11 15:29:17.08142 INFO::Fitting model to feature number 1654, MGYG000325728
2026-01-11 15:29:17.084341 WARNING::Fitting problem for feature 1654 returning NA
2026-01-11 15:29:17.086622 INFO::Fitting model to feature number 1655, Brachyspira sp910588665
2026-01-11 15:29:17.092813 INFO::Fitting model to feature number 1656, MGYG000410730
2026-01-11 15:29:17.095688 WARNING::Fitting problem for feature 1656 returning NA
2026-01-11 15:29:17.097964 INFO::Fitting model to feature number 1657, MGYG000325324
2026-01-11 15:29:17.101481 INFO::Fitting model to feature number 1658, MGYG000325708
2026-01-11 15:29:17.10436 WARNING::Fitting problem for feature 1658 returning NA
2026-01-11 15:29:17.106924 INFO::Fitting model to feature number 1659, MGYG000383351
2026-01-11 15:29:17.110293 WARNING::Fitting problem for feature 1659 returning NA
2026-01-11 15:29:17.112682 INFO::Fitting model to feature number 1660, MGYG000328450
2026-01-11 15:29:17.116287 INFO::Fitting model to feature number 1661, MGYG000410978
2026-01-11 15:29:17.119144 WARNING::Fitting problem for feature 1661 returning NA
2026-01-11 15:29:17.121438 INFO::Fitting model to feature number 1662, MGYG000325740
2026-01-11 15:29:17.125484 INFO::Fitting model to feature number 1663, MGYG000329907
2026-01-11 15:29:17.128961 INFO::Fitting model to feature number 1664, Agathobacter rectalis
2026-01-11 15:29:17.132381 INFO::Fitting model to feature number 1665, MGBC114844 sp910585855
2026-01-11 15:29:17.135863 INFO::Fitting model to feature number 1666, Oliverpabstia sp002361775
2026-01-11 15:29:17.139338 INFO::Fitting model to feature number 1667, Dorea_A longicatena_B
2026-01-11 15:29:17.144122 INFO::Fitting model to feature number 1668, JAAVZI01 sp022791575
2026-01-11 15:29:17.148337 WARNING::Fitting problem for feature 1668 returning NA
2026-01-11 15:29:17.151582 INFO::Fitting model to feature number 1669, MGYG000411499
2026-01-11 15:29:17.160614 INFO::Fitting model to feature number 1670, CAJFUH01 sp022799115
2026-01-11 15:29:17.18651 INFO::Fitting model to feature number 1671, QAKD01 sp022793975
2026-01-11 15:29:17.189498 WARNING::Fitting problem for feature 1671 returning NA
2026-01-11 15:29:17.192915 INFO::Fitting model to feature number 1672, Reyranella aquatilis
2026-01-11 15:29:17.196976 WARNING::Fitting problem for feature 1672 returning NA
2026-01-11 15:29:17.200271 INFO::Fitting model to feature number 1673, MGYG000339341
2026-01-11 15:29:17.204508 WARNING::Fitting problem for feature 1673 returning NA
2026-01-11 15:29:17.208033 INFO::Fitting model to feature number 1674, Collinsella bouchesdurhonensis
2026-01-11 15:29:17.212613 WARNING::Fitting problem for feature 1674 returning NA
2026-01-11 15:29:17.216446 INFO::Fitting model to feature number 1675, Desulfovibrio sp900319575
2026-01-11 15:29:17.220161 WARNING::Fitting problem for feature 1675 returning NA
2026-01-11 15:29:17.223451 INFO::Fitting model to feature number 1676, MGYG000325614
2026-01-11 15:29:17.231678 INFO::Fitting model to feature number 1677, Dielma fastidiosa
2026-01-11 15:29:17.239503 INFO::Fitting model to feature number 1678, UBA1067 sp902788415
2026-01-11 15:29:17.244375 WARNING::Fitting problem for feature 1678 returning NA
2026-01-11 15:29:17.247758 INFO::Fitting model to feature number 1679, UBA3282 sp910578555
2026-01-11 15:29:17.252073 WARNING::Fitting problem for feature 1679 returning NA
2026-01-11 15:29:17.255409 INFO::Fitting model to feature number 1680, MGYG000330584
2026-01-11 15:29:17.259822 WARNING::Fitting problem for feature 1680 returning NA
2026-01-11 15:29:17.263237 INFO::Fitting model to feature number 1681, MGYG000410602
2026-01-11 15:29:17.26722 WARNING::Fitting problem for feature 1681 returning NA
2026-01-11 15:29:17.270281 INFO::Fitting model to feature number 1682, Howiella sp022791355
2026-01-11 15:29:17.277397 INFO::Fitting model to feature number 1683, QXXE01 sp910589115
2026-01-11 15:29:17.280286 WARNING::Fitting problem for feature 1683 returning NA
2026-01-11 15:29:17.282745 INFO::Fitting model to feature number 1684, Anaerocaecibacter sp910587805
2026-01-11 15:29:17.288298 INFO::Fitting model to feature number 1685, Ventricola sp900542395
2026-01-11 15:29:17.291713 WARNING::Fitting problem for feature 1685 returning NA
2026-01-11 15:29:17.295386 INFO::Fitting model to feature number 1686, MGYG000330825
2026-01-11 15:29:17.30002 WARNING::Fitting problem for feature 1686 returning NA
2026-01-11 15:29:17.303874 INFO::Fitting model to feature number 1687, MGYG000376566
2026-01-11 15:29:17.310477 INFO::Fitting model to feature number 1688, CAG-267 sp910576955
2026-01-11 15:29:17.316322 INFO::Fitting model to feature number 1689, MGYG000335208
2026-01-11 15:29:17.319865 WARNING::Fitting problem for feature 1689 returning NA
2026-01-11 15:29:17.322316 INFO::Fitting model to feature number 1690, MGYG000326756
2026-01-11 15:29:17.325705 WARNING::Fitting problem for feature 1690 returning NA
2026-01-11 15:29:17.327857 INFO::Fitting model to feature number 1691, Longicatena caecimuris
2026-01-11 15:29:17.331692 INFO::Fitting model to feature number 1692, MGYG000324718
2026-01-11 15:29:17.336093 INFO::Fitting model to feature number 1693, MGYG000326954
2026-01-11 15:29:17.340837 INFO::Fitting model to feature number 1694, Coproplasma sp910578655
2026-01-11 15:29:17.34547 INFO::Fitting model to feature number 1695, Parabacteroides faecavium
2026-01-11 15:29:17.352724 INFO::Fitting model to feature number 1696, MGYG000325474
2026-01-11 15:29:17.360554 INFO::Fitting model to feature number 1697, Gallimonas sp910588465
2026-01-11 15:29:17.366575 INFO::Fitting model to feature number 1698, Ralstonia pickettii_B
2026-01-11 15:29:17.370369 WARNING::Fitting problem for feature 1698 returning NA
2026-01-11 15:29:17.372682 INFO::Fitting model to feature number 1699, MGYG000327731
2026-01-11 15:29:17.377393 WARNING::Fitting problem for feature 1699 returning NA
2026-01-11 15:29:17.380928 INFO::Fitting model to feature number 1700, MGYG000325340
2026-01-11 15:29:17.385326 WARNING::Fitting problem for feature 1700 returning NA
2026-01-11 15:29:17.388117 INFO::Fitting model to feature number 1701, MGYG000325552
2026-01-11 15:29:17.393852 INFO::Fitting model to feature number 1702, MGYG000374819
2026-01-11 15:29:17.39825 INFO::Fitting model to feature number 1703, MGYG000325616
2026-01-11 15:29:17.401215 WARNING::Fitting problem for feature 1703 returning NA
2026-01-11 15:29:17.405097 INFO::Fitting model to feature number 1704, Butyribacter sp910577825
2026-01-11 15:29:17.410428 INFO::Fitting model to feature number 1705, MGYG000328455
2026-01-11 15:29:17.414669 INFO::Fitting model to feature number 1706, MGYG000329982
2026-01-11 15:29:17.419631 INFO::Fitting model to feature number 1707, MGYG000329041
2026-01-11 15:29:17.424373 INFO::Fitting model to feature number 1708, MGYG000331355
2026-01-11 15:29:17.42923 INFO::Fitting model to feature number 1709, VSOB01 sp910585205
2026-01-11 15:29:17.436971 INFO::Fitting model to feature number 1710, MGYG000324619
2026-01-11 15:29:17.441965 INFO::Fitting model to feature number 1711, MGYG000325654
2026-01-11 15:29:17.44694 INFO::Fitting model to feature number 1712, MGYG000330463
2026-01-11 15:29:17.451029 WARNING::Fitting problem for feature 1712 returning NA
2026-01-11 15:29:17.454283 INFO::Fitting model to feature number 1713, MGYG000322973
2026-01-11 15:29:17.459553 INFO::Fitting model to feature number 1714, Robinsoniella sp900555455
2026-01-11 15:29:17.463953 WARNING::Fitting problem for feature 1714 returning NA
2026-01-11 15:29:17.466732 INFO::Fitting model to feature number 1715, Lawsonibacter asaccharolyticus
2026-01-11 15:29:17.469674 WARNING::Fitting problem for feature 1715 returning NA
2026-01-11 15:29:17.471979 INFO::Fitting model to feature number 1716, Enterenecus sp932222125
2026-01-11 15:29:17.476416 WARNING::Fitting problem for feature 1716 returning NA
2026-01-11 15:29:17.478981 INFO::Fitting model to feature number 1717, MGYG000330031
2026-01-11 15:29:17.483021 WARNING::Fitting problem for feature 1717 returning NA
2026-01-11 15:29:17.486483 INFO::Fitting model to feature number 1718, MGYG000327784
2026-01-11 15:29:17.490847 INFO::Fitting model to feature number 1719, MGYG000336017
2026-01-11 15:29:17.495842 INFO::Fitting model to feature number 1720, MGYG000410450
2026-01-11 15:29:17.500784 INFO::Fitting model to feature number 1721, MGYG000390383
2026-01-11 15:29:17.505395 INFO::Fitting model to feature number 1722, MGYG000322982
2026-01-11 15:29:17.51035 INFO::Fitting model to feature number 1723, CAG-170 sp900553545
2026-01-11 15:29:17.514114 WARNING::Fitting problem for feature 1723 returning NA
2026-01-11 15:29:17.516476 INFO::Fitting model to feature number 1724, Oscillibacter sp002455655
2026-01-11 15:29:17.51931 WARNING::Fitting problem for feature 1724 returning NA
2026-01-11 15:29:17.521696 INFO::Fitting model to feature number 1725, MGYG000325106
2026-01-11 15:29:17.525914 INFO::Fitting model to feature number 1726, Angelakisella sp022794295
2026-01-11 15:29:17.529485 INFO::Fitting model to feature number 1727, UBA3818 sp910578255
2026-01-11 15:29:17.532799 WARNING::Fitting problem for feature 1727 returning NA
2026-01-11 15:29:17.535846 INFO::Fitting model to feature number 1728, MGYG000325720
2026-01-11 15:29:17.54026 INFO::Fitting model to feature number 1729, MGYG000326653
2026-01-11 15:29:17.544252 INFO::Fitting model to feature number 1730, Ruminococcus_C sp000433635
2026-01-11 15:29:17.547647 INFO::Fitting model to feature number 1731, Harryflintia sp022792175
2026-01-11 15:29:17.550455 WARNING::Fitting problem for feature 1731 returning NA
2026-01-11 15:29:17.552798 INFO::Fitting model to feature number 1732, MGYG000410206
2026-01-11 15:29:17.556219 INFO::Fitting model to feature number 1733, MGYG000410157
2026-01-11 15:29:17.560639 INFO::Fitting model to feature number 1734, Fimimonas sp910586625
2026-01-11 15:29:17.564152 INFO::Fitting model to feature number 1735, MGYG000344714
2026-01-11 15:29:17.569842 INFO::Fitting model to feature number 1736, MGYG000324647
2026-01-11 15:29:17.572542 WARNING::Fitting problem for feature 1736 returning NA
2026-01-11 15:29:17.575172 INFO::Fitting model to feature number 1737, MGYG000409944
2026-01-11 15:29:17.579559 INFO::Fitting model to feature number 1738, MGYG000377617
2026-01-11 15:29:17.583028 WARNING::Fitting problem for feature 1738 returning NA
2026-01-11 15:29:17.585157 INFO::Fitting model to feature number 1739, MGYG000325091
2026-01-11 15:29:17.588064 INFO::Fitting model to feature number 1740, Atopostipes sp910588235
2026-01-11 15:29:17.593678 INFO::Fitting model to feature number 1741, MGYG000325609
2026-01-11 15:29:17.596623 INFO::Fitting model to feature number 1742, Cryptobacteroides sp000434935
2026-01-11 15:29:17.600316 INFO::Fitting model to feature number 1743, MGBC119817 sp910585335
2026-01-11 15:29:17.603261 INFO::Fitting model to feature number 1744, MGYG000325369
2026-01-11 15:29:17.605718 WARNING::Fitting problem for feature 1744 returning NA
2026-01-11 15:29:17.607782 INFO::Fitting model to feature number 1745, MGYG000325412
2026-01-11 15:29:17.612557 INFO::Fitting model to feature number 1746, MGYG000329682
2026-01-11 15:29:17.617275 INFO::Fitting model to feature number 1747, MGYG000323975
2026-01-11 15:29:17.620672 INFO::Fitting model to feature number 1748, MGYG000330936
2026-01-11 15:29:17.624349 INFO::Fitting model to feature number 1749, Alistipes shahii
2026-01-11 15:29:17.629098 INFO::Fitting model to feature number 1750, Eisenbergiella sp900066775
2026-01-11 15:29:17.633399 INFO::Fitting model to feature number 1751, Murimonas intestini
2026-01-11 15:29:17.636755 INFO::Fitting model to feature number 1752, Mediterraneibacter torques
2026-01-11 15:29:17.639977 INFO::Fitting model to feature number 1753, Caccousia sp900752115
2026-01-11 15:29:17.644766 INFO::Fitting model to feature number 1754, MGYG000327130
2026-01-11 15:29:17.648273 INFO::Fitting model to feature number 1755, Klebsiella pneumoniae
2026-01-11 15:29:17.65382 INFO::Fitting model to feature number 1756, Citrobacter_A sedlakii
2026-01-11 15:29:17.65985 INFO::Fitting model to feature number 1757, Proteus faecis
2026-01-11 15:29:17.665006 INFO::Fitting model to feature number 1758, Paraprevotella sp910584955
2026-01-11 15:29:17.668199 WARNING::Fitting problem for feature 1758 returning NA
2026-01-11 15:29:17.67064 INFO::Fitting model to feature number 1759, Paraprevotella clara
2026-01-11 15:29:17.673595 WARNING::Fitting problem for feature 1759 returning NA
2026-01-11 15:29:17.676476 INFO::Fitting model to feature number 1760, RUG572 sp900547945
2026-01-11 15:29:17.679371 WARNING::Fitting problem for feature 1760 returning NA
2026-01-11 15:29:17.681884 INFO::Fitting model to feature number 1761, Streptococcus thermophilus
2026-01-11 15:29:17.685428 INFO::Fitting model to feature number 1762, MGYG000392040
2026-01-11 15:29:17.68872 INFO::Fitting model to feature number 1763, MGYG000336888
2026-01-11 15:29:17.692733 INFO::Fitting model to feature number 1764, MGYG000323672
2026-01-11 15:29:17.696223 INFO::Fitting model to feature number 1765, Streptococcus sp000187445
2026-01-11 15:29:17.69947 INFO::Fitting model to feature number 1766, Mycobacterium aubagnense
2026-01-11 15:29:17.702631 INFO::Fitting model to feature number 1767, Pseudomonas_E shahriarae
2026-01-11 15:29:18.554703 INFO::Creating fits folder
2026-01-11 15:29:18.556433 INFO::Writing model objects to file /home/julianne/Documents/slc_si_paper/results/Bracken/SMT_Maaslin3/Full//Sequencing_Depth_Site_Sex_Genotype/fits/models_linear.rds
2026-01-11 15:29:23.183974 INFO::Writing residuals to file /home/julianne/Documents/slc_si_paper/results/Bracken/SMT_Maaslin3/Full//Sequencing_Depth_Site_Sex_Genotype/fits/residuals_linear.rds
2026-01-11 15:29:23.209654 INFO::Writing fitted values to file /home/julianne/Documents/slc_si_paper/results/Bracken/SMT_Maaslin3/Full//Sequencing_Depth_Site_Sex_Genotype/fits/fitted_linear.rds
2026-01-11 15:29:23.235867 INFO::Writing model objects to file /home/julianne/Documents/slc_si_paper/results/Bracken/SMT_Maaslin3/Full//Sequencing_Depth_Site_Sex_Genotype/fits/models_logistic.rds
2026-01-11 15:30:08.548696 INFO::Writing residuals to file /home/julianne/Documents/slc_si_paper/results/Bracken/SMT_Maaslin3/Full//Sequencing_Depth_Site_Sex_Genotype/fits/residuals_logistic.rds
2026-01-11 15:30:08.635488 INFO::Writing fitted values to file /home/julianne/Documents/slc_si_paper/results/Bracken/SMT_Maaslin3/Full//Sequencing_Depth_Site_Sex_Genotype/fits/fitted_logistic.rds
2026-01-11 15:30:08.739547 INFO::Writing all the results to file (ordered 
            by increasing individual q-values): /home/julianne/Documents/slc_si_paper/results/Bracken/SMT_Maaslin3/Full//Sequencing_Depth_Site_Sex_Genotype/all_results.tsv
2026-01-11 15:30:08.859498 INFO::Writing the significant results without errors (those which have joint q-values less than or equal to the threshold of 0.250000 ) to file (ordered by increasing individual q-values): /home/julianne/Documents/slc_si_paper/results/Bracken/SMT_Maaslin3/Full//Sequencing_Depth_Site_Sex_Genotype/significant_results.tsv
2026-01-11 15:30:08.891869 INFO::Creating output figures folder
2026-01-11 15:30:08.906113 INFO::Writing summary plot of significant
                        results to file: /home/julianne/Documents/slc_si_paper/results/Bracken/SMT_Maaslin3/Full//Sequencing_Depth_Site_Sex_Genotype/figures/summary_plot.pdf
2026-01-11 15:30:12.460683 INFO::Writing association plots (one for each significant association) to output folder: /home/julianne/Documents/slc_si_paper/results/Bracken/SMT_Maaslin3/Full//Sequencing_Depth_Site_Sex_Genotype/figures
2026-01-11 15:30:12.465841 INFO::Plotting associations from most to least significant, grouped by metadata
2026-01-11 15:30:12.474838 INFO::Creating box plot for categorical data (linear), 
                        Genotype vs UBA11957 sp910588295
2026-01-11 15:30:12.512021 INFO::Creating box plot for categorical data (linear), 
                        Genotype vs Choladocola sp910574965
2026-01-11 15:30:12.547624 INFO::Creating box plot for categorical data (linear), 
                        Sex vs Parvibacter caecicola
2026-01-11 15:30:12.578254 INFO::Creating box plot for categorical data (linear), 
                        Genotype vs Lawsonibacter sp910589085
2026-01-11 15:30:12.606503 INFO::Creating box plot for categorical data (linear), 
                        Genotype vs MGYG000323047
2026-01-11 15:30:12.630065 INFO::Creating box plot for categorical data (linear), 
                        Sex vs MGYG000329984
2026-01-11 15:30:12.6566 INFO::Creating box plot for categorical data (linear), 
                        Sex vs Muribaculum gordoncarteri
2026-01-11 15:30:12.679501 INFO::Creating box plot for categorical data (linear), 
                        Genotype vs MD308 sp010206225
2026-01-11 15:30:12.702251 INFO::Creating box plot for categorical data (linear), 
                        Genotype vs Thomasclavelia cocleata
2026-01-11 15:30:12.724551 INFO::Creating box plot for categorical data (linear), 
                        Genotype vs Enterenecus sp910579155
2026-01-11 15:30:12.748893 INFO::Creating box plot for categorical data (linear), 
                        Sex vs D16-63 sp910588095
2026-01-11 15:30:12.778475 INFO::Creating box plot for categorical data (linear), 
                        Genotype vs Paramuribaculum sp001689535
2026-01-11 15:30:12.812583 INFO::Creating box plot for categorical data (linear), 
                        Sex vs Acutalibacter sp910588935
2026-01-11 15:30:12.846503 INFO::Creating box plot for categorical data (linear), 
                        Sex vs MGYG000328306
2026-01-11 15:30:12.88021 INFO::Creating box plot for categorical data (linear), 
                        Genotype vs NM07-P-09 sp004793665
2026-01-11 15:30:12.915013 INFO::Creating box plot for categorical data (linear), 
                        Genotype vs Zhenpiania sp910575405
2026-01-11 15:30:12.947682 INFO::Creating box plot for categorical data (linear), 
                        Genotype vs Bariatricus sp022793995
2026-01-11 15:30:12.977827 INFO::Creating box plot for categorical data (linear), 
                        Genotype vs MGYG000326314
2026-01-11 15:30:13.007206 INFO::Creating box plot for categorical data (linear), 
                        Genotype vs Bacteroides caecimuris
2026-01-11 15:30:13.04376 INFO::Creating box plot for categorical data (linear), 
                        Sex vs MGYG000410711
