"feature"	"metadata"	"value"	"name"	"coef"	"null_hypothesis"	"stderr"	"pval_individual"	"qval_individual"	"pval_joint"	"qval_joint"	"error"	"model"	"N"	"N_not_zero"
"UBA11957 sp910588295"	"Genotype"	"MUT"	"GenotypeMUT"	-5.24421329566738	0.195151488441185	0.515144962813455	3.05222513929948e-12	3.86350658132528e-08	3.05222513929948e-12	2.15731272845687e-08	NA	"abundance"	47	39
"Choladocola sp910574965"	"Genotype"	"MUT"	"GenotypeMUT"	4.53909917969564	0.195151488441185	0.447819652411789	1.54565249488314e-11	9.78243464011541e-08	1.54565249488314e-11	5.46233591691703e-08	NA	"abundance"	47	41
"Parvibacter caecicola"	"Sex"	"M"	"SexM"	-4.65150326132292	-0.415249466173014	0.577424847498809	1.29769740508934e-08	5.47541791787361e-05	1.29769740508934e-08	3.05737508639048e-05	NA	"abundance"	47	41
"Lawsonibacter sp910589085"	"Genotype"	"MUT"	"GenotypeMUT"	4.13546959551538	0.195151488441185	0.534749488028322	2.36538819642362e-08	5.98821675806604e-05	2.36538819642362e-08	3.34371275446443e-05	NA	"abundance"	47	37
"MGYG000323047"	"Genotype"	"MUT"	"GenotypeMUT"	2.74607177991545	0.195151488441185	0.360875543508721	2.26419936133482e-08	5.98821675806604e-05	2.26419936133482e-08	3.34371275446443e-05	NA	"abundance"	47	43
"MGYG000329984"	"Sex"	"M"	"SexM"	-3.36401909162842	-0.415249466173014	0.419729818721563	3.01675753267006e-08	6.27598069959299e-05	3.01675753267006e-08	3.50439497430268e-05	NA	"abundance"	47	42
"Muribaculum gordoncarteri"	"Sex"	"M"	"SexM"	-5.51485127727668	-0.415249466173014	0.751445397078672	3.47067979911131e-08	6.27598069959299e-05	3.47067979911131e-08	3.50439497430268e-05	NA	"abundance"	47	46
"MD308 sp010206225"	"Genotype"	"MUT"	"GenotypeMUT"	2.96856771319338	0.195151488441185	0.410543470809501	3.98329770279204e-08	6.30257279024271e-05	3.98329770279204e-08	3.51924352041677e-05	NA	"abundance"	47	46
"Thomasclavelia cocleata"	"Genotype"	"MUT"	"GenotypeMUT"	4.63502472879028	0.195151488441185	0.551380733197447	5.51565504380847e-08	7.75746239383639e-05	1.10313097833924e-07	8.66325528322416e-05	NA	"abundance"	47	27
"Enterenecus sp910579155"	"Genotype"	"MUT"	"GenotypeMUT"	3.79592626395902	0.195151488441185	0.544888165757977	1.97389113720803e-07	0.000249855140147792	1.97389113720803e-07	0.000139514625577863	NA	"abundance"	47	37
"D16-63 sp910588095"	"Sex"	"M"	"SexM"	-3.83268971171597	-0.415249466173014	0.537878025708956	2.20650854476645e-07	0.000253908955996852	2.20650854476645e-07	0.000141778203585539	NA	"abundance"	47	42
"Paramuribaculum sp001689535"	"Genotype"	"MUT"	"GenotypeMUT"	-5.89485802268724	0.195151488441185	0.983259520041829	2.5753930454897e-07	0.000271661043081739	2.5753930454897e-07	0.000151690650379344	NA	"abundance"	47	45
"Acutalibacter sp910588935"	"Sex"	"M"	"SexM"	-4.4947288862562	-0.415249466173014	0.674479982502284	1.27820098105857e-06	0.00106786501429137	1.27820098105857e-06	0.000596276656739725	NA	"abundance"	47	35
"MGYG000328306"	"Sex"	"M"	"SexM"	-3.94424044994173	-0.415249466173014	0.593981854841937	1.34980567456644e-06	0.00106786501429137	1.34980567456644e-06	0.000596276656739725	NA	"abundance"	47	37
"NM07-P-09 sp004793665"	"Genotype"	"MUT"	"GenotypeMUT"	3.38088266683046	0.195151488441185	0.561310695605979	1.32124175955539e-06	0.00106786501429137	1.32124175955539e-06	0.000596276656739725	NA	"abundance"	47	46
"Zhenpiania sp910575405"	"Genotype"	"MUT"	"GenotypeMUT"	2.2631365475166	0.195151488441185	0.360580422219212	1.2703629268529e-06	0.00106786501429137	1.2703629268529e-06	0.000596276656739725	NA	"abundance"	47	45
"Bariatricus sp022793995"	"Genotype"	"MUT"	"GenotypeMUT"	-3.08155908453792	0.195151488441185	0.532586340753056	2.91135530916531e-06	0.0020789637846734	2.91135530916531e-06	0.00116085606178477	NA	"abundance"	47	28
"MGYG000326314"	"Genotype"	"MUT"	"GenotypeMUT"	-2.81547582195669	0.195151488441185	0.531144598435987	2.95633971592046e-06	0.0020789637846734	2.95633971592046e-06	0.00116085606178477	NA	"abundance"	47	37
"Bacteroides caecimuris"	"Genotype"	"MUT"	"GenotypeMUT"	3.05430785788664	0.195151488441185	0.533938685386557	4.57360083250258e-06	0.00275679234941989	4.57360083250258e-06	0.00153934336591087	NA	"abundance"	47	43
"MGYG000410711"	"Sex"	"M"	"SexM"	-1.76060130966003	-0.415249466173014	0.236510243932945	4.16488804333426e-06	0.00275679234941989	4.16488804333426e-06	0.00153934336591087	NA	"abundance"	47	36
"Muribaculum sp910587665"	"Sex"	"M"	"SexM"	-2.94372169902286	-0.415249466173014	0.466294397902521	4.49879677766329e-06	0.00275679234941989	4.49879677766329e-06	0.00153934336591087	NA	"abundance"	47	41
"ZJ304 sp943192905"	"Sex"	"M"	"SexM"	-1.76500895544061	-0.415249466173014	0.236645984946486	5.49940940608451e-06	0.00316416019373717	1.09987885686652e-05	0.00310957750413303	NA	"abundance"	47	33
"Parabacteroides goldsteinii"	"Genotype"	"MUT"	"GenotypeMUT"	3.17429186685897	0.195151488441185	0.548109619392413	5.81973665214619e-06	0.00320287941490724	5.81973665214619e-06	0.00186972266624406	NA	"abundance"	47	37
"Adlercreutzia sp910585575"	"Sex"	"M"	"SexM"	-1.98852391155872	-0.415249466173014	0.293991476930502	7.29338857308193e-06	0.00384665468991963	1.4586723952647e-05	0.0036821058891896	NA	"abundance"	47	39
"Lachnospira sp910589305"	"Genotype"	"MUT"	"GenotypeMUT"	3.30657604405754	0.195151488441185	0.497849838709454	9.1688149808089e-06	0.00464235440108316	9.1688149808089e-06	0.00281761670801554	NA	"abundance"	47	22
"MD308 sp910584615"	"Genotype"	"MUT"	"GenotypeMUT"	2.18599519092625	0.195151488441185	0.367414227107209	9.69484181467806e-06	0.00471989644962288	9.69484181467806e-06	0.00285513091442269	NA	"abundance"	47	33
"MGYG000328353"	"Sex"	"M"	"SexM"	-2.39104294555189	-0.415249466173014	0.37143037926484	1.17364774201434e-05	0.00550223448830278	1.17364774201434e-05	0.00319051624636821	NA	"abundance"	47	34
"CAG-873 sp002490635"	"Sex"	"M"	"SexM"	-5.67568575528299	-0.415249466173014	1.04891660768474	1.28256185206732e-05	0.00579809568695291	1.28256185206732e-05	0.00335746191496734	NA	"abundance"	47	43
"Enterorhabdus sp009911695"	"Sex"	"M"	"SexM"	-3.50789317810127	-0.415249466173014	0.624876707621313	1.7073303656634e-05	0.0074522026788163	1.7073303656634e-05	0.00416117621534789	NA	"abundance"	47	42
"Adlercreutzia caecimuris"	"Sex"	"M"	"SexM"	-3.97499796266135	-0.415249466173014	0.719400642494572	1.81983875907621e-05	0.00767850633746222	1.81983875907621e-05	0.00428754011638355	NA	"abundance"	47	41
"Enterenecus sp910587285"	"Genotype"	"MUT"	"GenotypeMUT"	-2.71385368367461	0.195151488441185	0.584361555685196	2.02033668488255e-05	0.00812194738655121	2.02033668488255e-05	0.00453514963881687	NA	"abundance"	47	38
"Muribaculum intestinale"	"Sex"	"M"	"SexM"	-4.46033374407559	-0.415249466173014	0.841374369427355	2.11742979741025e-05	0.00812194738655121	2.11742979741025e-05	0.00453514963881687	NA	"abundance"	47	46
"UBA7173 sp001689485"	"Genotype"	"MUT"	"GenotypeMUT"	2.60515363285304	0.195151488441185	0.496169489544045	2.08462039110735e-05	0.00812194738655121	2.08462039110735e-05	0.00453514963881687	NA	"abundance"	47	44
"Dysosmobacter sp910586735"	"Sex"	"M"	"SexM"	-3.26814647252575	-0.415249466173014	0.579221397953505	2.22205649890173e-05	0.00827258563620531	2.22205649890173e-05	0.00461926333359923	NA	"abundance"	47	39
"CAJFPI01 sp022801715"	"Genotype"	"MUT"	"GenotypeMUT"	2.88657608076342	0.195151488441185	0.54354579616355	3.01831661126961e-05	0.0109159576187002	3.01831661126961e-05	0.00609527480241532	NA	"abundance"	47	34
"Odoribacter sp021771575"	"Sex"	"M"	"SexM"	0.769183780039198	-0.415249466173014	0.251817866959058	4.57598926175695e-05	0.0160896866875887	9.15176912673667e-05	0.0152775294853067	NA	"abundance"	47	42
"MGYG000326888"	"Sex"	"M"	"SexM"	-3.02682566047676	-0.415249466173014	0.56247817680855	4.8670701126019e-05	0.0166506414825175	4.8670701126019e-05	0.00955568098774173	NA	"abundance"	47	40
"MGYG000411523"	"Sex"	"M"	"SexM"	3.71390835277793	-0.415249466173014	0.760373257247215	5.64342121815997e-05	0.0187985330998602	0.000112865239542895	0.0166194065226913	NA	"abundance"	47	21
"UBA1394 sp910588145"	"Sex"	"M"	"SexM"	-3.9472226398423	0	0.983021020240721	5.93450488044243e-05	0.0192612725068308	0.000118686575774031	0.0169827941297058	NA	"prevalence"	47	27
"NSJ-51 sp910585415"	"Genotype"	"MUT"	"GenotypeMUT"	2.39800701898818	0.195151488441185	0.492060422230809	6.55226782431129e-05	0.0207346515300331	6.55226782431129e-05	0.0125166024276303	NA	"abundance"	47	44
"Butyribacter sp910575435"	"Genotype"	"MUT"	"GenotypeMUT"	2.99620232050366	0.195151488441185	0.628327346146766	7.06046775695857e-05	0.0217979026506296	7.06046775695857e-05	0.0131324700279429	NA	"abundance"	47	44
"MGBC163016 sp910589125"	"Sex"	"M"	"SexM"	-1.91871633310033	-0.415249466173014	0.322134086450622	7.27018035402427e-05	0.0219109387907712	7.27018035402427e-05	0.0131758037800624	NA	"abundance"	47	34
"Paramuribaculum sp910587425"	"Genotype"	"MUT"	"GenotypeMUT"	-6.94933689984835	0.195151488441185	1.60753665205615	7.75822910584756e-05	0.0228380614004229	7.75822910584756e-05	0.0137087908300326	NA	"abundance"	47	42
"D16-34 sp910575165"	"Sex"	"M"	"SexM"	-3.2422723624289	-0.415249466173014	0.640735381292291	8.91980722057539e-05	0.0255759812556149	8.91980722057539e-05	0.0152775294853067	NA	"abundance"	47	42
"Lawsonibacter sp910584605"	"Genotype"	"MUT"	"GenotypeMUT"	2.23299239574645	0.195151488441185	0.467285370075362	9.29447888891044e-05	0.0255759812556149	9.29447888891044e-05	0.0152775294853067	NA	"abundance"	47	45
"MGYG000325434"	"Genotype"	"MUT"	"GenotypeMUT"	-1.16802546238008	0.195151488441185	0.224494013168004	9.15287177665203e-05	0.0255759812556149	0.000183049058026865	0.0223067369333427	NA	"abundance"	47	16
"MGBC163016 sp910588985"	"Sex"	"M"	"SexM"	-1.67673190476984	-0.415249466173014	0.270784102603008	9.93529272981242e-05	0.026757645824248	0.000198695983592086	0.0230226756070305	NA	"abundance"	47	31
"Enterenecus sp910587285"	"Sex"	"M"	"SexM"	-3.00078963795269	-0.415249466173014	0.591788464427889	0.000121481218028352	0.0276987292141255	0.000121481218028352	0.0169827941297058	NA	"abundance"	47	38
"MGYG000324148"	"Sex"	"M"	"SexM"	-4.1474423604035	-0.415249466173014	0.842927433776444	0.000106813140206441	0.0276987292141255	0.000106813140206441	0.0166194065226913	NA	"abundance"	47	37
"MGYG000328896"	"Genotype"	"MUT"	"GenotypeMUT"	1.71766318206519	0.195151488441185	0.327957178754859	0.000122541383788199	0.0276987292141255	0.000122541383788199	0.0169827941297058	NA	"abundance"	47	28
"MGYG000329032"	"Genotype"	"MUT"	"GenotypeMUT"	-2.93985593134531	0.195151488441185	0.717313256338769	0.000111708703842694	0.0276987292141255	0.000111708703842694	0.0166194065226913	NA	"abundance"	47	39
"Parabacteroides sp900760525"	"Genotype"	"MUT"	"GenotypeMUT"	3.01396107388449	0.195151488441185	0.645553488623184	0.000120312789713584	0.0276987292141255	0.000240611104259799	0.0261636813062809	NA	"abundance"	47	38
"Paralachnospira sp910588815"	"Sex"	"M"	"SexM"	-3.39645266935769	-0.415249466173014	0.617862544792523	0.000122329672456623	0.0276987292141255	0.000244644380364482	0.0261991890972145	NA	"abundance"	47	24
"Paramuribaculum intestinale"	"Genotype"	"MUT"	"GenotypeMUT"	-4.25564854483893	0.195151488441185	1.0343183441198	0.00011107566609514	0.0276987292141255	0.00011107566609514	0.0166194065226913	NA	"abundance"	47	44
"Pelethomonas sp910578505"	"Sex"	"M"	"SexM"	-2.69553554960601	-0.415249466173014	0.515562378482284	0.000111705836080334	0.0276987292141255	0.000111705836080334	0.0166194065226913	NA	"abundance"	47	37
"UBA3282 sp910577735"	"Sex"	"M"	"SexM"	2.11077187797408	-0.415249466173014	0.590774592542233	0.000115929401625969	0.0276987292141255	0.000231845363625777	0.0256044223454218	NA	"abundance"	47	46
"MGYG000329984"	"Genotype"	"MUT"	"GenotypeMUT"	-1.60312359736787	0.195151488441185	0.418071406138871	0.000125274039534551	0.0278196279373394	0.000125274039534551	0.0170276329121193	NA	"abundance"	47	42
"MGYG000401219"	"Sex"	"M"	"SexM"	-1.54383717545151	-0.415249466173014	0.248571128098679	0.000136993660013407	0.0293909448889781	0.00027396855276393	0.0289016377751561	NA	"abundance"	47	31
"QXXE01 sp009911355"	"Sex"	"M"	"SexM"	-2.62251006840132	-0.415249466173014	0.516508651685818	0.000136293859941183	0.0293909448889781	0.000136293859941183	0.0181759434351752	NA	"abundance"	47	42
"CAG-317 sp011960265"	"Genotype"	"MUT"	"GenotypeMUT"	1.83273275517301	0.195151488441185	0.369778941378112	0.00014039712285463	0.0296191130182317	0.000280774534357154	0.0291840354240642	NA	"abundance"	47	33
"UBA1394 sp910588145"	"Genotype"	"MUT"	"GenotypeMUT"	2.79843084877315	0.195151488441185	0.570708693201281	0.000157204683432499	0.0326212603752225	0.000314384653552505	0.0317438675901301	NA	"abundance"	47	27
"Parvibacter caecicola"	"Genotype"	"MUT"	"GenotypeMUT"	-2.19747786275335	0.195151488441185	0.567528066797075	0.000166267369440698	0.0337080264641737	0.000166267369440698	0.0215596961405264	NA	"abundance"	47	41
"RACS-045 sp910579785"	"Sex"	"M"	"SexM"	2.25278203042302	-0.415249466173014	0.624563524104259	0.000167767867533808	0.0337080264641737	0.000167767867533808	0.0215596961405264	NA	"abundance"	47	37
"Faecalibaculum rodentium"	"Sequencing_Depth"	"Sequencing_Depth"	"Sequencing_Depth"	0.10332492161424	-0.534932639053454	0.154308098413648	0.000179111010413568	0.0353834625946058	0.000179111010413568	0.0223067369333427	NA	"abundance"	47	47
"ZJ304 sp910584145"	"Genotype"	"MUT"	"GenotypeMUT"	-2.63836971765437	0.195151488441185	0.681943395067591	0.000181697350975618	0.0353834625946058	0.000181697350975618	0.0223067369333427	NA	"abundance"	47	43
"Acetatifactor sp910585615"	"Genotype"	"MUT"	"GenotypeMUT"	2.82069358491954	0.195151488441185	0.629677686722836	0.000195399324112944	0.03637300947973	0.000195399324112944	0.0230180403805048	NA	"abundance"	47	40
"Muricomes contortus_B"	"Genotype"	"MUT"	"GenotypeMUT"	2.00902177168867	0.195151488441185	0.400895969836209	0.000194620930836775	0.03637300947973	0.000194620930836775	0.0230180403805048	NA	"abundance"	47	26
"UBA3282 sp910575245"	"Sex"	"M"	"SexM"	0.974613370279585	-0.415249466173014	0.334154861407569	0.000190011656169164	0.03637300947973	0.000379987207908849	0.036313798061797	NA	"abundance"	47	44
"MGYG000411451"	"Genotype"	"MUT"	"GenotypeMUT"	-3.24393139026539	0.195151488441185	0.790377594414889	0.000203153370710529	0.0372683386442591	0.000203153370710529	0.0231594842610003	NA	"abundance"	47	30
"CAG-485 sp002361155"	"Sex"	"M"	"SexM"	-2.84882768092715	-0.415249466173014	0.593783518807556	0.000214020728107389	0.0387010625197619	0.000214020728107389	0.0240110874010004	NA	"abundance"	47	44
"MGYG000327182"	"Sequencing_Depth"	"Sequencing_Depth"	"Sequencing_Depth"	0.192955564028328	-0.534932639053454	0.143107026079045	0.000221644765931006	0.0395152034810518	0.000443240405459748	0.0401643998178141	NA	"abundance"	47	18
"Thomasclavelia cocleata"	"Sex"	"M"	"SexM"	3.08092420343164	0	0.841313012825532	0.000250212109806209	0.0439886789712083	0.000500361613512525	0.0421018557655539	NA	"prevalence"	47	27
"MGYG000323059"	"Sex"	"M"	"SexM"	-3.31186078952171	0	0.909626771126002	0.000271685866572533	0.0471095849188372	0.00054329791993497	0.0451768199776514	NA	"prevalence"	47	26
"MGYG000410400"	"Sex"	"M"	"SexM"	-3.05256628081588	0	0.840312122242259	0.000280517057757649	0.0479835799607612	0.000560955425695605	0.0461027087071691	NA	"prevalence"	47	25
"MGBC163016 sp910588435"	"Sex"	"M"	"SexM"	-1.58343575248056	-0.415249466173014	0.272665249224398	0.000300052453164334	0.0506408526953886	0.00060001487485402	0.0481921038121388	NA	"abundance"	47	29
"UBA3282 sp009774215"	"Sex"	"M"	"SexM"	2.41948012477618	-0.415249466173014	0.67503805577836	0.0003041567924571	0.0506581141963417	0.0003041567924571	0.0311562349143012	NA	"abundance"	47	30
"Ellagibacter isourolithinifaciens"	"Sequencing_Depth"	"Sequencing_Depth"	"Sequencing_Depth"	3.77978646835894	0	1.05466172684487	0.000338521023044669	0.0556493390870055	0.000676927449606295	0.0525771781738164	NA	"prevalence"	47	28
"D16-34 sp910575165"	"Genotype"	"MUT"	"GenotypeMUT"	-2.32430091427603	0.195151488441185	0.638203744103044	0.000345492279462345	0.0560671958132611	0.000345492279462345	0.0343935131160543	NA	"abundance"	47	42
"MGYG000328306"	"Genotype"	"MUT"	"GenotypeMUT"	-2.19748602856911	0.195151488441185	0.598514608071551	0.000359934548986862	0.0576715382414646	0.000359934548986862	0.0353335748922103	NA	"abundance"	47	37
"Dysosmobacter sp910575815"	"Sex"	"M"	"SexM"	1.40839362128376	-0.415249466173014	0.467555133775072	0.000381701032272863	0.0596490329198753	0.000763256368867688	0.056786273843756	NA	"abundance"	47	45
"Enterenecus sp910579155"	"Sex"	"M"	"SexM"	1.87226894393014	-0.415249466173014	0.574238671990021	0.000380195395666805	0.0596490329198753	0.000380195395666805	0.036313798061797	NA	"abundance"	47	37
"1XD8-76 sp003611955"	"Site"	"Jejunum"	"SiteJejunum"	-0.937787022137811	0.0793922236573236	0.184488151690404	0.000403858728391771	0.0605961322603523	0.000403858728391771	0.0380596465636404	NA	"abundance"	47	14
"Avoscillospira_A sp022792945"	"Sex"	"M"	"SexM"	-1.58331417817181	-0.415249466173014	0.280715487836548	0.000402958890399097	0.0605961322603523	0.000805755404930842	0.0580900449669826	NA	"abundance"	47	29
"MD308 sp910575105"	"Genotype"	"MUT"	"GenotypeMUT"	-2.10197818504246	0.195151488441185	0.594296807809737	0.000406910352514611	0.0605961322603523	0.000813655128994239	0.0580900449669826	NA	"abundance"	47	45
"Pelethomonas sp910578505"	"Genotype"	"MUT"	"GenotypeMUT"	-1.99766378012309	0.195151488441185	0.55410955236957	0.00040352168717428	0.0605961322603523	0.00080688054459654	0.0580900449669826	NA	"abundance"	47	37
"Sporofaciens sp000403455"	"Genotype"	"MUT"	"GenotypeMUT"	2.86200138416506	0.195151488441185	0.690737126111123	0.000421162022216759	0.0619891729909271	0.000421162022216759	0.0391680680661586	NA	"abundance"	47	44
"MGBC163016 sp910585565"	"Sex"	"M"	"SexM"	-1.72151842590821	-0.415249466173014	0.327875290921911	0.000430351585934741	0.0626136824685281	0.000430351585934741	0.0395029221998279	NA	"abundance"	47	36
"CAG-873 sp009775265"	"Sex"	"M"	"SexM"	-3.70392303642547	-0.415249466173014	0.842051484352523	0.000465344654134392	0.0633369100218616	0.000465344654134392	0.0406056298200232	NA	"abundance"	47	37
"MGYG000328238"	"Genotype"	"MUT"	"GenotypeMUT"	-4.52774803347334	0.195151488441185	1.21691013859151	0.000456277725799481	0.0633369100218616	0.000456277725799481	0.0406056298200232	NA	"abundance"	47	39
"NM07-P-09 sp004793665"	"Sex"	"M"	"SexM"	-2.61597548049913	-0.415249466173014	0.576203579790966	0.000465094510710973	0.0633369100218616	0.000465094510710973	0.0406056298200232	NA	"abundance"	47	46
"Paramuribaculum sp001689565"	"Genotype"	"MUT"	"GenotypeMUT"	-2.58136517168611	0.195151488441185	0.724645185455318	0.000448586720148025	0.0633369100218616	0.000896972210250558	0.0601090157435563	NA	"abundance"	47	45
"Lactobacillus acidophilus"	"Sex"	"M"	"SexM"	-2.62343202854615	0	0.748868041071185	0.000459709904285745	0.0633369100218616	0.000919208475375392	0.0602444073596697	NA	"prevalence"	47	26
"MGBC122484 sp910587055"	"Sex"	"M"	"SexM"	3.02965676541479	0	0.863547129847673	0.000450834199932663	0.0633369100218616	0.000901465148389497	0.0601090157435563	NA	"prevalence"	47	18
"Blautia_A sp900551075"	"Sex"	"M"	"SexM"	0.997037646451812	-0.415249466173014	0.366761924011481	0.000478035497468055	0.0638394793739982	0.00095584247699927	0.0610103866648535	NA	"abundance"	47	43
"Eubacterium_F sp910585745"	"Genotype"	"MUT"	"GenotypeMUT"	1.75734666714677	0.195151488441185	0.398460673829273	0.000480583535589219	0.0638394793739982	0.000480583535589219	0.0414239564578609	NA	"abundance"	47	36
"Lachnospira sp910589305"	"Sex"	"M"	"SexM"	-3.15247808373421	-0.415249466173014	0.635520158995578	0.000489210736236201	0.0638394793739982	0.000489210736236201	0.0416595359484032	NA	"abundance"	47	22
"MGYG000331169"	"Sex"	"M"	"SexM"	-2.71265223068771	0	0.777648977954002	0.000486150732452927	0.0638394793739982	0.000972065122371189	0.0610103866648535	NA	"prevalence"	47	25
"CAG-95 sp910587295"	"Sequencing_Depth"	"Sequencing_Depth"	"Sequencing_Depth"	2.19805093617907	0	0.6322153397313	0.000507542033619118	0.065555786342355	0.00101482646832235	0.0610103866648535	NA	"prevalence"	47	20
"Dysosmobacter sp910587705"	"Sex"	"M"	"SexM"	1.71835261068139	-0.415249466173014	0.564801983032208	0.000548277009161713	0.0667316382881631	0.00109625341064465	0.0610103866648535	NA	"abundance"	47	44
"MGYG000410574"	"Sex"	"M"	"SexM"	-1.95612755348401	-0.415249466173014	0.399871724661076	0.000529102464370657	0.0667316382881631	0.00105792497932351	0.0610103866648535	NA	"abundance"	47	39
"COE1 sp910586585"	"Sequencing_Depth"	"Sequencing_Depth"	"Sequencing_Depth"	3.13722942106897	0	0.90723032912288	0.000544141398307837	0.0667316382881631	0.00108798670675432	0.0610103866648535	NA	"prevalence"	47	28
"Lawsonibacter sp943192995"	"Sequencing_Depth"	"Sequencing_Depth"	"Sequencing_Depth"	3.22704644382403	0	0.93252408205138	0.000539072616254507	0.0667316382881631	0.00107785463322342	0.0610103866648535	NA	"prevalence"	47	29
"MGYG000330582"	"Sequencing_Depth"	"Sequencing_Depth"	"Sequencing_Depth"	2.85533414867428	0	0.825686281635115	0.000543929928077559	0.0667316382881631	0.00108756399638846	0.0610103866648535	NA	"prevalence"	47	27
"MGYG000391024"	"Sex"	"M"	"SexM"	-3.16164319575178	0	0.912631364679382	0.000531582187382291	0.0667316382881631	0.00106288179514264	0.0610103866648535	NA	"prevalence"	47	27
"Muribaculum intestinale"	"Genotype"	"MUT"	"GenotypeMUT"	-2.89930380008678	0.195151488441185	0.829159250619939	0.000582683999544198	0.0702439434879091	0.000582683999544198	0.047338051825039	NA	"abundance"	47	46
"MGYG000330019"	"Sequencing_Depth"	"Sequencing_Depth"	"Sequencing_Depth"	3.40658862554626	0	0.992853702514152	0.000601120458392816	0.0717828562484553	0.00120187957098013	0.0653452677514429	NA	"prevalence"	47	29
"Imtechella halotolerans"	"Genotype"	"MUT"	"GenotypeMUT"	1.28630223522412	0.195151488441185	0.25087960848447	0.000631870197316253	0.071969988593403	0.00126334113468625	0.0666590057074523	NA	"abundance"	47	20
"MGYG000327375"	"Genotype"	"MUT"	"GenotypeMUT"	2.15305762692069	0.195151488441185	0.332240143756415	0.000625108905251581	0.071969988593403	0.00124982704935974	0.0666590057074523	NA	"abundance"	47	12
"Parabacteroides distasonis"	"Genotype"	"MUT"	"GenotypeMUT"	2.48900134317612	0.195151488441185	0.614007575611979	0.000625898733035091	0.071969988593403	0.000625898733035091	0.0497062050010339	NA	"abundance"	47	43
"CAG-115 sp910587135"	"Sequencing_Depth"	"Sequencing_Depth"	"Sequencing_Depth"	1.77756670188091	0	0.520073639489293	0.000631031636665802	0.071969988593403	0.00126166507240513	0.0666590057074523	NA	"prevalence"	47	18
"Eubacterium_J sp910580075"	"Sequencing_Depth"	"Sequencing_Depth"	"Sequencing_Depth"	2.98973551590893	0	0.875360060952792	0.000636801921509017	0.071969988593403	0.0012731983263308	0.0666590057074523	NA	"prevalence"	47	28
"MGYG000323516"	"Sequencing_Depth"	"Sequencing_Depth"	"Sequencing_Depth"	2.67834047501099	0	0.783982517524421	0.000634720287566262	0.071969988593403	0.00126903770528908	0.0666590057074523	NA	"prevalence"	47	24
"MGYG000346909"	"Genotype"	"MUT"	"GenotypeMUT"	1.68299224793343	0.195151488441185	0.3901212584901	0.000667969754939879	0.0731175232664482	0.000667969754939879	0.0524578914212785	NA	"abundance"	47	35
"Enterocloster clostridioformis"	"Sequencing_Depth"	"Sequencing_Depth"	"Sequencing_Depth"	2.93431235088114	0	0.861187734287605	0.000656124931698304	0.0731175232664482	0.00131181936347061	0.0681760239780169	NA	"prevalence"	47	29
"MGYG000410812"	"Sex"	"M"	"SexM"	-3.52597065811392	0	1.03657917044062	0.000670061044312529	0.0731175232664482	0.00133967310682195	0.068573706357638	NA	"prevalence"	47	19
"Parvibacter sp910588725"	"Sex"	"M"	"SexM"	-3.46111848916782	0	1.01657443340751	0.000662397554906923	0.0731175232664482	0.0013243563392931	0.0683251869060118	NA	"prevalence"	47	28
"MGYG000325361"	"Sex"	"M"	"SexM"	-2.78383993705012	0	0.819805258000344	0.000684450392862134	0.073756285554471	0.00136843231338398	0.068573706357638	NA	"prevalence"	47	20
"MGYG000328360"	"Sequencing_Depth"	"Sequencing_Depth"	"Sequencing_Depth"	2.94221998846101	0	0.866763787870579	0.000687568470171242	0.073756285554471	0.00137466418994131	0.068573706357638	NA	"prevalence"	47	24
"Evtepia sp910584805"	"Sex"	"M"	"SexM"	-3.00231453886325	0	0.886788288553244	0.000710216277076951	0.075545526346555	0.00141992814699368	0.069214152710009	NA	"prevalence"	47	27
"MGBC118957 sp910584385"	"Genotype"	"MUT"	"GenotypeMUT"	1.42047637818233	0.195151488441185	0.32243128074408	0.00071639222107367	0.0755674394529209	0.00071639222107367	0.0549421937109584	NA	"abundance"	47	35
"Paramuribaculum intestinale"	"Sex"	"M"	"SexM"	-4.19211641282857	-0.415249466173014	1.0277752758577	0.000722923601459979	0.07562617311802	0.000722923601459979	0.0549421937109584	NA	"abundance"	47	44
"14-2 sp000403315"	"Sex"	"M"	"SexM"	-3.49274770828322	-0.415249466173014	0.814217668891362	0.000736886265924164	0.076454970115312	0.000736886265924164	0.0554075758250212	NA	"abundance"	47	34
"14-2 sp000403315"	"Genotype"	"MUT"	"GenotypeMUT"	2.99650995608331	0.195151488441185	0.752016080666071	0.000847722582514088	0.0779876517156063	0.000847722582514088	0.0593237941901938	NA	"abundance"	47	34
"Acutalibacter sp009917445"	"Sex"	"M"	"SexM"	-3.07285337991398	-0.415249466173014	0.711365932853435	0.000774923010524731	0.0779876517156063	0.000774923010524731	0.0570537066498833	NA	"abundance"	47	36
"CAG-485 sp001701295"	"Genotype"	"MUT"	"GenotypeMUT"	-1.85650518046153	0.195151488441185	0.563657153534823	0.00103985115664695	0.0779876517156063	0.00103985115664695	0.0610103866648535	NA	"abundance"	47	35
"Duncaniella sp910576785"	"Genotype"	"MUT"	"GenotypeMUT"	-4.1878518576632	0.195151488441185	1.23412511560378	0.000983243002536494	0.0779876517156063	0.000983243002536494	0.0610103866648535	NA	"abundance"	47	46
"Dysosmobacter sp022791135"	"Sex"	"M"	"SexM"	-2.49359939881084	-0.415249466173014	0.553370706518455	0.000832077066388992	0.0779876517156063	0.000832077066388992	0.058811207052374	NA	"abundance"	47	33
"Lawsonibacter sp022794495"	"Genotype"	"MUT"	"GenotypeMUT"	2.24919542985546	0.195151488441185	0.570856094869525	0.00103527969661044	0.0779876517156063	0.00103527969661044	0.0610103866648535	NA	"abundance"	47	39
"MGBC113645 sp910579135"	"Genotype"	"MUT"	"GenotypeMUT"	-2.33995753000213	0.195151488441185	0.671092643175504	0.000993726195697597	0.0779876517156063	0.00198646489964318	0.0784376196127262	NA	"abundance"	47	28
"MGYG000327551"	"Sex"	"M"	"SexM"	1.08578217075998	-0.415249466173014	0.361434663422868	0.000901228206956706	0.0779876517156063	0.000901228206956706	0.0601090157435563	NA	"abundance"	47	20
"MGYG000328404"	"Site"	"Jejunum"	"SiteJejunum"	1.88244390082282	0.0793922236573236	0.444313599719549	0.00104549362368012	0.0779876517156063	0.00104549362368012	0.0610103866648535	NA	"abundance"	47	20
"MGYG000330291"	"Sex"	"M"	"SexM"	-2.39507204147869	-0.415249466173014	0.526119722956272	0.00103991093099776	0.0779876517156063	0.00103991093099776	0.0610103866648535	NA	"abundance"	47	28
"Paramuribaculum sp910587425"	"Sex"	"M"	"SexM"	-5.98235132523478	-0.415249466173014	1.54014654397815	0.000895370807613816	0.0779876517156063	0.000895370807613816	0.0601090157435563	NA	"abundance"	47	42
"Parasutterella sp009767915"	"Genotype"	"MUT"	"GenotypeMUT"	2.73286821598728	0.195151488441185	0.711117443832601	0.00102904789058789	0.0779876517156063	0.00102904789058789	0.0610103866648535	NA	"abundance"	47	42
"Pelethomonas sp022795905"	"Sex"	"M"	"SexM"	-2.6980315744982	-0.415249466173014	0.594774906344215	0.000920542727057772	0.0779876517156063	0.000920542727057772	0.0602444073596697	NA	"abundance"	47	27
"Ruminococcus sp900540005"	"Sex"	"M"	"SexM"	0.593294308476971	-0.415249466173014	0.243594608400165	0.00102710777700188	0.0779876517156063	0.00205316060361818	0.0792179785671185	NA	"abundance"	47	20
"UBA11957 sp910588295"	"Sex"	"M"	"SexM"	-2.22801781296994	-0.415249466173014	0.502938549846043	0.00103490505520609	0.0779876517156063	0.00103490505520609	0.0610103866648535	NA	"abundance"	47	39
"UBA1405 sp022800935"	"Genotype"	"MUT"	"GenotypeMUT"	1.81468175819917	0.195151488441185	0.442344647102952	0.000860195503944894	0.0779876517156063	0.000860195503944894	0.0596064884498285	NA	"abundance"	47	40
"UBA1405 sp022800935"	"Sex"	"M"	"SexM"	1.27787357931898	-0.415249466173014	0.471635439677189	0.00105219623605146	0.0779876517156063	0.00210328535518376	0.0792179785671185	NA	"abundance"	47	40
"UBA2882 sp910574745"	"Sex"	"M"	"SexM"	-4.19520871640906	-0.415249466173014	1.00084460309858	0.000989384165748008	0.0779876517156063	0.000989384165748008	0.0610103866648535	NA	"abundance"	47	28
"1XD42-69 sp910577065"	"Sequencing_Depth"	"Sequencing_Depth"	"Sequencing_Depth"	2.68772817778555	0	0.811348327906409	0.000924103885356351	0.0779876517156063	0.00184735380272177	0.0767121323328136	NA	"prevalence"	47	27
"Alloprevotella sp002933955"	"Sex"	"M"	"SexM"	-2.5046012294384	0	0.755538964840768	0.000916476543612322	0.0779876517156063	0.00183211315796965	0.0766235254469202	NA	"prevalence"	47	27
"Anaerostipes hominis"	"Genotype"	"MUT"	"GenotypeMUT"	3.61509810704293	0	1.09505581293714	0.000962409424372085	0.0779876517156063	0.000962409424372085	0.0610103866648535	NA	"prevalence"	47	14
"Anaerotruncus sp003612625"	"Sequencing_Depth"	"Sequencing_Depth"	"Sequencing_Depth"	3.48761556837777	0	1.04355980261143	0.000831659462863769	0.0779876517156063	0.00166262726826537	0.0752959993691244	NA	"prevalence"	47	32
"Bilophila faecipullorum"	"Sequencing_Depth"	"Sequencing_Depth"	"Sequencing_Depth"	3.12112561204918	0	0.938306579265257	0.000879948904668746	0.0779876517156063	0.00175912349926266	0.0753544538956879	NA	"prevalence"	47	25
"Butyricicoccus sp910584935"	"Genotype"	"MUT"	"GenotypeMUT"	-2.77250009022125	0	0.846517173080696	0.00105592913642706	0.0779876517156063	0.00211074328651296	0.0792179785671185	NA	"prevalence"	47	29
"CAG-485 sp014802175"	"Sequencing_Depth"	"Sequencing_Depth"	"Sequencing_Depth"	1.80786325268112	0	0.541659022938678	0.000844929018655871	0.0779876517156063	0.00168914413226518	0.0752959993691244	NA	"prevalence"	47	13
"Choladocola sp910585995"	"Genotype"	"MUT"	"GenotypeMUT"	-3.83073425907545	0	1.14950079614066	0.000860633204571637	0.0779876517156063	0.00172052571963046	0.0752959993691244	NA	"prevalence"	47	31
"Enterenecus sp910584285"	"Sequencing_Depth"	"Sequencing_Depth"	"Sequencing_Depth"	2.25893490833955	0	0.683746221333039	0.000953967204515529	0.0779876517156063	0.00190702435560377	0.0768086015760304	NA	"prevalence"	47	24
"Fimivicinus sp900544375"	"Sequencing_Depth"	"Sequencing_Depth"	"Sequencing_Depth"	1.84314867662838	0	0.557311301559745	0.000942283108283922	0.0779876517156063	0.00188367831911169	0.0767121323328136	NA	"prevalence"	47	18
"Gemmiger formicilis"	"Sequencing_Depth"	"Sequencing_Depth"	"Sequencing_Depth"	1.97192156328905	0	0.59094017148403	0.000847115614011807	0.0779876517156063	0.00169351362316011	0.0752959993691244	NA	"prevalence"	47	12
"Imtechella halotolerans"	"Sex"	"M"	"SexM"	-2.89474927250474	0	0.877359804376105	0.000968963316138956	0.0779876517156063	0.00193698774236989	0.077348188491923	NA	"prevalence"	47	20
"MGYG000323872"	"Sequencing_Depth"	"Sequencing_Depth"	"Sequencing_Depth"	1.74882589350312	0	0.528710194593273	0.000940584140453679	0.0779876517156063	0.00188028358238208	0.0767121323328136	NA	"prevalence"	47	14
"MGYG000324289"	"Genotype"	"MUT"	"GenotypeMUT"	-4.1984588925802	0	1.25613470625522	0.000830681763939001	0.0779876517156063	0.00166067349568506	0.0752959993691244	NA	"prevalence"	47	30
"MGYG000324467"	"Sequencing_Depth"	"Sequencing_Depth"	"Sequencing_Depth"	3.04132554584915	0	0.927520728485848	0.00104181575370251	0.0779876517156063	0.00208254612734036	0.0792179785671185	NA	"prevalence"	47	31
"MGYG000324849"	"Sequencing_Depth"	"Sequencing_Depth"	"Sequencing_Depth"	2.69233889326081	0	0.809340383627627	0.000879174691625741	0.0779876517156063	0.00175757643511309	0.0753544538956879	NA	"prevalence"	47	29
"MGYG000325389"	"Sequencing_Depth"	"Sequencing_Depth"	"Sequencing_Depth"	2.68452826608337	0	0.801547658311811	0.000810507999686239	0.0779876517156063	0.00162035907615492	0.0748542349690392	NA	"prevalence"	47	18
"MGYG000325479"	"Sex"	"M"	"SexM"	-2.41208218705299	0	0.730282937008853	0.00095676173424018	0.0779876517156063	0.00191260807546426	0.0768086015760304	NA	"prevalence"	47	27
"MGYG000325676"	"Sex"	"M"	"SexM"	-3.44357494771899	0	1.03841416305724	0.000912549336620845	0.0779876517156063	0.00182426592694992	0.0766235254469202	NA	"prevalence"	47	30
"MGYG000325723"	"Sequencing_Depth"	"Sequencing_Depth"	"Sequencing_Depth"	2.04719363860955	0	0.614912697764295	0.000870824698921093	0.0779876517156063	0.00174089106218594	0.0753544538956879	NA	"prevalence"	47	20
"MGYG000327237"	"Sequencing_Depth"	"Sequencing_Depth"	"Sequencing_Depth"	1.799160817881	0	0.547987908101195	0.00102631224983459	0.0779876517156063	0.00205157118283503	0.0792179785671185	NA	"prevalence"	47	13
"MGYG000327336"	"Sex"	"M"	"SexM"	-3.15577817360034	0	0.963839633520621	0.00105971528638681	0.0779876517156063	0.00211830757628543	0.0792179785671185	NA	"prevalence"	47	18
"MGYG000328709"	"Sex"	"M"	"SexM"	-3.44804815070856	0	1.02705270314034	0.000787287010202291	0.0779876517156063	0.00157395419956815	0.0739804071664297	NA	"prevalence"	47	31
"MGYG000331015"	"Sequencing_Depth"	"Sequencing_Depth"	"Sequencing_Depth"	2.69574741960922	0	0.808046045657588	0.000849531387073963	0.0779876517156063	0.0016983410705703	0.0752959993691244	NA	"prevalence"	47	24
"MGYG000410710"	"Sequencing_Depth"	"Sequencing_Depth"	"Sequencing_Depth"	1.78171304918273	0	0.536888699455973	0.000904734153209108	0.0779876517156063	0.00180864976253023	0.0765481228836149	NA	"prevalence"	47	12
"MGYG000410776"	"Sequencing_Depth"	"Sequencing_Depth"	"Sequencing_Depth"	2.81045266761772	0	0.837685610681126	0.000793590104526051	0.0779876517156063	0.0015865504237981	0.0739804071664297	NA	"prevalence"	47	25
"Odoribacter sp910578985"	"Sequencing_Depth"	"Sequencing_Depth"	"Sequencing_Depth"	1.93062511824965	0	0.585845883809986	0.00098264605752977	0.0779876517156063	0.00196432652178516	0.077999212674031	NA	"prevalence"	47	17
"Odoribacter sp910589025"	"Sequencing_Depth"	"Sequencing_Depth"	"Sequencing_Depth"	1.9628767123953	0	0.587964961075288	0.000842548817917566	0.0779876517156063	0.00168438774732456	0.0752959993691244	NA	"prevalence"	47	21
"Paramuribaculum sp910586895"	"Sequencing_Depth"	"Sequencing_Depth"	"Sequencing_Depth"	3.13679246109923	0	0.95774700030838	0.00105595199591364	0.0779876517156063	0.0021107889572096	0.0792179785671185	NA	"prevalence"	47	31
"Tidjanibacter sp910577285"	"Sequencing_Depth"	"Sequencing_Depth"	"Sequencing_Depth"	2.3849662654015	0	0.71102822375931	0.000795804901822277	0.0779876517156063	0.00159097649820279	0.0739804071664297	NA	"prevalence"	47	14
"UBA3282 sp910579285"	"Sequencing_Depth"	"Sequencing_Depth"	"Sequencing_Depth"	1.80143344797561	0	0.540387816315847	0.000857317739335053	0.0779876517156063	0.00171390048496393	0.0752959993691244	NA	"prevalence"	47	22
"VSOB01 sp910587155"	"Sequencing_Depth"	"Sequencing_Depth"	"Sequencing_Depth"	2.83770012268835	0	0.864146975415529	0.00102411568731791	0.0779876517156063	0.00204718256169481	0.0792179785671185	NA	"prevalence"	47	26
"Enterorhabdus sp009911695"	"Genotype"	"MUT"	"GenotypeMUT"	-2.01636917071656	0.195151488441185	0.622407730321327	0.0010814427147805	0.0789908110273937	0.0010814427147805	0.0610103866648535	NA	"abundance"	47	42
"MGYG000329248"	"Sequencing_Depth"	"Sequencing_Depth"	"Sequencing_Depth"	1.89564829651036	0	0.580189943503873	0.00108582723327275	0.0789908110273937	0.00217047544576499	0.0799006273472237	NA	"prevalence"	47	20
"Coproplasma sp910579525"	"Genotype"	"MUT"	"GenotypeMUT"	-1.44429045018716	0.195151488441185	0.462070693518642	0.0011384956627547	0.0795966737077329	0.0011384956627547	0.0623789716616297	NA	"abundance"	47	41
"UBA1394 sp910588145"	"Sex"	"M"	"SexM"	2.59711284576451	-0.415249466173014	0.804990865439033	0.00114446157487813	0.0795966737077329	0.000118686575774031	0.0169827941297058	NA	"abundance"	47	27
"UBA3282 sp910578115"	"Genotype"	"MUT"	"GenotypeMUT"	2.75116331135221	0.195151488441185	0.693672326247262	0.00112189949855068	0.0795966737077329	0.00112189949855068	0.0619498879355955	NA	"abundance"	47	30
"COE1 sp910577115"	"Sequencing_Depth"	"Sequencing_Depth"	"Sequencing_Depth"	1.58351577674743	0	0.485930143383726	0.00111911600553416	0.0795966737077329	0.00223697959043447	0.0815754250131121	NA	"prevalence"	47	22
"MGYG000324065"	"Sequencing_Depth"	"Sequencing_Depth"	"Sequencing_Depth"	1.90746245728552	0	0.585783318516952	0.00112890549183481	0.0795966737077329	0.00225653655606012	0.0815754250131121	NA	"prevalence"	47	12
"MGYG000325425"	"Sequencing_Depth"	"Sequencing_Depth"	"Sequencing_Depth"	2.09579857798112	0	0.643760718778951	0.00113170881072471	0.0795966737077329	0.00226213685661714	0.0815754250131121	NA	"prevalence"	47	22
"MGYG000327333"	"Sequencing_Depth"	"Sequencing_Depth"	"Sequencing_Depth"	2.61602520338543	0	0.802897281344106	0.00112108914841984	0.0795966737077329	0.00224092145596097	0.0815754250131121	NA	"prevalence"	47	20
"MGYG000325389"	"Sex"	"M"	"SexM"	0.640186969626556	-0.415249466173014	0.251498962079664	0.00119951261457496	0.0810650638408665	0.0023975863986374	0.0842360560638557	NA	"abundance"	47	18
"MGYG000329537"	"Sex"	"M"	"SexM"	-2.06478461364005	-0.415249466173014	0.465387678367967	0.00120715786628001	0.0810650638408665	0.00241285850244589	0.0842360560638557	NA	"abundance"	47	40
"Parabacteroides goldsteinii"	"Sex"	"M"	"SexM"	1.61242175654198	-0.415249466173014	0.569079592462891	0.00121040425548458	0.0810650638408665	0.00241934343250746	0.0842360560638557	NA	"abundance"	47	37
"CAG-303 sp910577835"	"Sequencing_Depth"	"Sequencing_Depth"	"Sequencing_Depth"	2.05730487492674	0	0.63478907074081	0.00119141797478233	0.0810650638408665	0.00238141647277403	0.0842360560638557	NA	"prevalence"	47	23
"CAG-95 sp003612395"	"Sequencing_Depth"	"Sequencing_Depth"	"Sequencing_Depth"	2.40408202914417	0	0.742187421621831	0.00119871983464491	0.0810650638408665	0.00239600274004785	0.0842360560638557	NA	"prevalence"	47	26
"MGYG000325515"	"Sequencing_Depth"	"Sequencing_Depth"	"Sequencing_Depth"	2.72033980711871	0	0.839513428265315	0.00119371858145733	0.0810650638408665	0.00238601219886295	0.0842360560638557	NA	"prevalence"	47	21
"MGYG000379181"	"Sequencing_Depth"	"Sequencing_Depth"	"Sequencing_Depth"	2.57789381578178	0	0.794415500093099	0.00117442567128642	0.0810650638408665	0.00234747206691547	0.0842230079642566	NA	"prevalence"	47	16
"Eubacterium_J sp910577225"	"Sequencing_Depth"	"Sequencing_Depth"	"Sequencing_Depth"	1.71271812812145	0	0.531045889808883	0.00125893864673789	0.0826922370067179	0.00251629236695953	0.0862988891295214	NA	"prevalence"	47	15
"MGYG000327081"	"Sequencing_Depth"	"Sequencing_Depth"	"Sequencing_Depth"	1.64250586635637	0	0.509343773849764	0.00126083123260361	0.0826922370067179	0.00252007276981012	0.0862988891295214	NA	"prevalence"	47	15
"MGYG000328913"	"Sequencing_Depth"	"Sequencing_Depth"	"Sequencing_Depth"	1.76518667088845	0	0.547266990145595	0.00125771304668031	0.0826922370067179	0.00251384425125283	0.0862988891295214	NA	"prevalence"	47	13
"14-2 sp004793545"	"Sequencing_Depth"	"Sequencing_Depth"	"Sequencing_Depth"	2.68974689664023	0	0.834977741556728	0.00127592843497861	0.0832510419070065	0.00255022887658604	0.0862988891295214	NA	"prevalence"	47	29
"MGBC163016 sp910588435"	"Sequencing_Depth"	"Sequencing_Depth"	"Sequencing_Depth"	2.79480424291345	0	0.868008650461637	0.00128285219253662	0.0832735541186077	0.00256405867532534	0.0862988891295214	NA	"prevalence"	47	29
"CAG-317 sp910578495"	"Sequencing_Depth"	"Sequencing_Depth"	"Sequencing_Depth"	2.7142246573062	0	0.843702097557884	0.0012951986471362	0.0836460432420921	0.00258871975473686	0.0867159773766831	NA	"prevalence"	47	26
"HGM13010 sp022800755"	"Sequencing_Depth"	"Sequencing_Depth"	"Sequencing_Depth"	1.78570880901415	0	0.555954048909624	0.00131827247145654	0.0843680525051621	0.00263480710060408	0.0871172626123329	NA	"prevalence"	47	11
"MGYG000324476"	"Sequencing_Depth"	"Sequencing_Depth"	"Sequencing_Depth"	2.51291000471697	0	0.782433609309829	0.00131970883204472	0.0843680525051621	0.00263767603268807	0.0871172626123329	NA	"prevalence"	47	30
"Duncaniella dubosii"	"Genotype"	"MUT"	"GenotypeMUT"	-3.57678337852149	0.195151488441185	1.08982632325176	0.0013814821607514	0.0844352983709969	0.0013814821607514	0.068573706357638	NA	"abundance"	47	42
"Dysosmobacter sp910583785"	"Sex"	"M"	"SexM"	-2.14214748444995	-0.415249466173014	0.491614893694942	0.00135849542337185	0.0844352983709969	0.00135849542337185	0.068573706357638	NA	"abundance"	47	38
"Paramuribaculum sp910586895"	"Sex"	"M"	"SexM"	1.49233626858631	-0.415249466173014	0.53136650303885	0.00139708739608091	0.0844352983709969	0.00139708739608091	0.068573706357638	NA	"abundance"	47	31
"Acetatifactor sp910585805"	"Sex"	"M"	"SexM"	-2.64500908706757	0	0.824718551576419	0.00134049739185449	0.0844352983709969	0.00267919785045141	0.0872724812632231	NA	"prevalence"	47	21
"Desulfovibrio sp900556755"	"Sequencing_Depth"	"Sequencing_Depth"	"Sequencing_Depth"	2.4077022257536	0	0.753705967439591	0.0014008068144975	0.0844352983709969	0.00279965136926345	0.0877522107063756	NA	"prevalence"	47	21
"Merdisoma sp009917555"	"Genotype"	"MUT"	"GenotypeMUT"	-2.69337727114372	0	0.841331482448513	0.0013679614689672	0.0844352983709969	0.00273405161935381	0.0872724812632231	NA	"prevalence"	47	31
"MGYG000325557"	"Sequencing_Depth"	"Sequencing_Depth"	"Sequencing_Depth"	2.54209756407518	0	0.793757174748591	0.00136186550763906	0.0844352983709969	0.00272187633761723	0.0872724812632231	NA	"prevalence"	47	24
"MGYG000330445"	"Sequencing_Depth"	"Sequencing_Depth"	"Sequencing_Depth"	1.66482029756886	0	0.520373015220728	0.00137770082106783	0.0844352983709969	0.0027535035825833	0.0872724812632231	NA	"prevalence"	47	16
"MGYG000373138"	"Genotype"	"MUT"	"GenotypeMUT"	-4.46969863710918	0	1.39702379611101	0.00137693195800485	0.0844352983709969	0.00275196797439272	0.0872724812632231	NA	"prevalence"	47	34
"MGYG000411571"	"Genotype"	"MUT"	"GenotypeMUT"	4.12869311862169	0	1.29156463025579	0.00139028648979353	0.0844352983709969	0.00139028648979353	0.068573706357638	NA	"prevalence"	47	11
"Paratractidigestivibacter faecalis"	"Sequencing_Depth"	"Sequencing_Depth"	"Sequencing_Depth"	2.50292489987814	0	0.781921570307482	0.00136955207658014	0.0844352983709969	0.00273722848026982	0.0872724812632231	NA	"prevalence"	47	27
"UBA7173 sp900555165"	"Sequencing_Depth"	"Sequencing_Depth"	"Sequencing_Depth"	2.3782372742583	0	0.742120157124995	0.0013522559715166	0.0844352983709969	0.00270268334682069	0.0872724812632231	NA	"prevalence"	47	22
"Kineothrix sp009911195"	"Sex"	"M"	"SexM"	-3.24946925072589	0	1.01804320662971	0.00141351245398752	0.0847973490169386	0.00282502689051746	0.0879616302298565	NA	"prevalence"	47	17
"RGIG8482 sp022796855"	"Sequencing_Depth"	"Sequencing_Depth"	"Sequencing_Depth"	2.85751766075079	0	0.895813819238697	0.00142343385016074	0.0849897437515784	0.00284484153639569	0.0881900876282665	NA	"prevalence"	47	32
"Anaerostipes caccae"	"Genotype"	"MUT"	"GenotypeMUT"	2.50146044574352	0	0.78484834358355	0.00143662587089676	0.0851198777023933	0.00287118784790059	0.0884107050452181	NA	"prevalence"	47	16
"MGBC122484 sp910587245"	"Sequencing_Depth"	"Sequencing_Depth"	"Sequencing_Depth"	1.4609460467352	0	0.458506573117263	0.00144097964876325	0.0851198777023933	0.00287988287517836	0.0884107050452181	NA	"prevalence"	47	19
"MGYG000325286"	"Sequencing_Depth"	"Sequencing_Depth"	"Sequencing_Depth"	1.8805668329947	0	0.590379850379166	0.0014457871469438	0.0851198777023933	0.00288948399341332	0.0884107050452181	NA	"prevalence"	47	16
"MGBC164599 sp910588825"	"Genotype"	"MUT"	"GenotypeMUT"	-3.2324576778477	0	1.01525746605178	0.00145315370278965	0.0851574980088488	0.00290419574989536	0.0884778256907777	NA	"prevalence"	47	34
"UBA3282 sp009774655"	"Sex"	"M"	"SexM"	2.58562868074919	-0.415249466173014	0.872195599254652	0.00147572449677469	0.0852994782717103	0.00147572449677469	0.0714412379671473	NA	"abundance"	47	42
"Acetatifactor sp011959105"	"Sequencing_Depth"	"Sequencing_Depth"	"Sequencing_Depth"	1.71875614877961	0	0.540374462274935	0.0014693179629082	0.0852994782717103	0.00293647703054028	0.0890773375616254	NA	"prevalence"	47	11
"Eubacterium_J sp910584345"	"Sequencing_Depth"	"Sequencing_Depth"	"Sequencing_Depth"	2.25117785420389	0	0.708050722467375	0.00147579283784994	0.0852994782717103	0.00294940771119963	0.0890872380459786	NA	"prevalence"	47	11
"QANA01 sp910588425"	"Sex"	"M"	"SexM"	-2.70223594511262	0	0.85075807351574	0.00149182880147841	0.0858344044050625	0.00298143204978391	0.0896713265015857	NA	"prevalence"	47	30
"Adlercreutzia sp910589165"	"Sex"	"M"	"SexM"	-1.64858516239418	-0.415249466173014	0.360071412687291	0.00174573587338056	0.0859956498019113	0.00348842415302151	0.0914858855441843	NA	"abundance"	47	39
"CAG-95 sp910585005"	"Genotype"	"MUT"	"GenotypeMUT"	-3.38371780722003	0.195151488441185	1.01285305167802	0.00150649020037541	0.0859956498019113	0.00150649020037541	0.0724345084098871	NA	"abundance"	47	32
"MGYG000325400"	"Sex"	"M"	"SexM"	1.25388144828897	-0.415249466173014	0.402786063852519	0.00170584746867619	0.0859956498019113	0.00340878502176599	0.0914858855441843	NA	"abundance"	47	16
"MGYG000327499"	"Sex"	"M"	"SexM"	-2.45047367931577	-0.415249466173014	0.561455691296672	0.00173359084288327	0.0859956498019113	0.00346417634855601	0.0914858855441843	NA	"abundance"	47	25
"MGYG000411523"	"Sequencing_Depth"	"Sequencing_Depth"	"Sequencing_Depth"	0.65844921696035	-0.534932639053454	0.319117043766602	0.00180200063745417	0.0859956498019113	0.00180200063745417	0.0765481228836149	NA	"abundance"	47	21
"Nanosyncoccus sp013316435"	"Genotype"	"MUT"	"GenotypeMUT"	-1.85894800269755	0.195151488441185	0.5494689688789	0.00153285977785989	0.0859956498019113	0.00153285977785989	0.0732044115534707	NA	"abundance"	47	23
"Parvibacter sp910588725"	"Sex"	"M"	"SexM"	-1.68040240424882	-0.415249466173014	0.349329251577444	0.00155728797829235	0.0859956498019113	0.0013243563392931	0.0683251869060118	NA	"abundance"	47	28
"Pelethomonas sp022804995"	"Sex"	"M"	"SexM"	-2.30038784120698	-0.415249466173014	0.531878399789885	0.00157115426772148	0.0859956498019113	0.00157115426772148	0.0739804071664297	NA	"abundance"	47	31
"UBA3282 sp009774655"	"Genotype"	"MUT"	"GenotypeMUT"	3.02425732710756	0.195151488441185	0.83593021110984	0.00172579964598163	0.0859956498019113	0.00172579964598163	0.0752959993691244	NA	"abundance"	47	42
"Acetatifactor sp910578215"	"Sequencing_Depth"	"Sequencing_Depth"	"Sequencing_Depth"	2.86860228462045	0	0.916528774200276	0.00174892531618312	0.0859956498019113	0.00349479189260466	0.0914858855441843	NA	"prevalence"	47	15
"Acetatifactor sp910587555"	"Sequencing_Depth"	"Sequencing_Depth"	"Sequencing_Depth"	1.81275269621344	0	0.580125654185711	0.00177950957316416	0.0859956498019113	0.00355585249200734	0.0915908324787475	NA	"prevalence"	47	20
"Amulumruptor sp001689515"	"Sequencing_Depth"	"Sequencing_Depth"	"Sequencing_Depth"	2.45599486390382	0	0.778451753728934	0.00160512535628171	0.0859956498019113	0.00320767428515405	0.0914858855441843	NA	"prevalence"	47	28
"Angelakisella sp910585525"	"Sex"	"M"	"SexM"	-2.86017900352493	0	0.910280398306704	0.00167748940157107	0.0859956498019113	0.00335216483244977	0.0914858855441843	NA	"prevalence"	47	16
"CAG-485 sp014801585"	"Sequencing_Depth"	"Sequencing_Depth"	"Sequencing_Depth"	1.7627320943128	0	0.558757555005907	0.00160643868102216	0.0859956498019113	0.00321029671680843	0.0914858855441843	NA	"prevalence"	47	15
"CAG-582 sp910577075"	"Sequencing_Depth"	"Sequencing_Depth"	"Sequencing_Depth"	2.9161457236552	0	0.933660242198296	0.00178806277695639	0.0859956498019113	0.00357292838541844	0.0915908324787475	NA	"prevalence"	47	33
"COE1 sp910579275"	"Sequencing_Depth"	"Sequencing_Depth"	"Sequencing_Depth"	2.29788612828156	0	0.731437667811461	0.00168026201287201	0.0859956498019113	0.00335770074531213	0.0914858855441843	NA	"prevalence"	47	27
"Coprocola sp910575055"	"Sex"	"M"	"SexM"	-2.24834801716896	0	0.72054627377315	0.00180643546252691	0.0859956498019113	0.00360960771597354	0.0916220770418625	NA	"prevalence"	47	26
"Dysosmobacter sp910585245"	"Sequencing_Depth"	"Sequencing_Depth"	"Sequencing_Depth"	2.24189233622958	0	0.71785365691008	0.00178987784749301	0.0859956498019113	0.00357655203227707	0.0915908324787475	NA	"prevalence"	47	26
"Dysosmobacter sp910587875"	"Sequencing_Depth"	"Sequencing_Depth"	"Sequencing_Depth"	2.12772475609041	0	0.676408662407302	0.00165735072087602	0.0859956498019113	0.00331195463034006	0.0914858855441843	NA	"prevalence"	47	28
"Eubacterium_F sp910584065"	"Sequencing_Depth"	"Sequencing_Depth"	"Sequencing_Depth"	2.4904882178482	0	0.786389066798325	0.00154024330317203	0.0859956498019113	0.0030781142569111	0.0910297555140069	NA	"prevalence"	47	16
"Evtepia sp022792035"	"Sex"	"M"	"SexM"	-2.77262500868545	0	0.883057572440499	0.00169062661570548	0.0859956498019113	0.00337839501305724	0.0914858855441843	NA	"prevalence"	47	31
"Kineothrix sp000403275"	"Sequencing_Depth"	"Sequencing_Depth"	"Sequencing_Depth"	2.71748829184832	0	0.869134979508543	0.00176805156450121	0.0859956498019113	0.00353297712266768	0.0915908324787475	NA	"prevalence"	47	30
"Mediterraneibacter_A sp022790755"	"Sex"	"M"	"SexM"	3.21116130220948	0	1.02422959583444	0.00171738884769873	0.0859956498019113	0.00343182827094327	0.0914858855441843	NA	"prevalence"	47	16
"MGBC113645 sp910579135"	"Genotype"	"MUT"	"GenotypeMUT"	-2.57303601891826	0	0.817430322687517	0.00164553193733202	0.0859956498019113	0.00198646489964318	0.0784376196127262	NA	"prevalence"	47	28
"MGYG000323009"	"Sequencing_Depth"	"Sequencing_Depth"	"Sequencing_Depth"	1.82134343522748	0	0.579266088139622	0.00166526836461606	0.0859956498019113	0.00332776361050593	0.0914858855441843	NA	"prevalence"	47	23
"MGYG000325416"	"Sequencing_Depth"	"Sequencing_Depth"	"Sequencing_Depth"	1.43682259709655	0	0.455507391224404	0.00160864688682357	0.0859956498019113	0.00321470602884066	0.0914858855441843	NA	"prevalence"	47	19
"MGYG000325540"	"Sequencing_Depth"	"Sequencing_Depth"	"Sequencing_Depth"	1.94398898352358	0	0.619239432768357	0.00169342049977505	0.0859956498019113	0.00338397332656104	0.0914858855441843	NA	"prevalence"	47	14
"MGYG000327004"	"Sequencing_Depth"	"Sequencing_Depth"	"Sequencing_Depth"	1.73314226383732	0	0.553380045478526	0.00173666942101569	0.0859956498019113	0.00347032282135349	0.0914858855441843	NA	"prevalence"	47	17
"MGYG000329148"	"Sequencing_Depth"	"Sequencing_Depth"	"Sequencing_Depth"	2.46430747193261	0	0.782481895937878	0.00163635438766988	0.0859956498019113	0.00327003111965772	0.0914858855441843	NA	"prevalence"	47	13
"MGYG000329509"	"Sequencing_Depth"	"Sequencing_Depth"	"Sequencing_Depth"	2.52835652298072	0	0.802079400087665	0.00162016293126155	0.0859956498019113	0.00323770093459927	0.0914858855441843	NA	"prevalence"	47	29
"MGYG000345025"	"Sequencing_Depth"	"Sequencing_Depth"	"Sequencing_Depth"	1.66405585402696	0	0.533313211058483	0.00180714511354941	0.0859956498019113	0.00361102445363739	0.0916220770418625	NA	"prevalence"	47	10
"MGYG000401219"	"Sequencing_Depth"	"Sequencing_Depth"	"Sequencing_Depth"	3.01787337667751	0	0.961180938594493	0.00169088750613117	0.0859956498019113	0.00337891591170396	0.0914858855441843	NA	"prevalence"	47	31
"MGYG000410288"	"Sequencing_Depth"	"Sequencing_Depth"	"Sequencing_Depth"	2.29972158997198	0	0.735984874965456	0.00177994987803632	0.0859956498019113	0.00355673153450433	0.0915908324787475	NA	"prevalence"	47	25
"MGYG000411179"	"Sequencing_Depth"	"Sequencing_Depth"	"Sequencing_Depth"	1.57194788224154	0	0.498361669129488	0.0016092159268192	0.0859956498019113	0.00321584227773928	0.0914858855441843	NA	"prevalence"	47	11
"Odoribacter sp910588375"	"Sequencing_Depth"	"Sequencing_Depth"	"Sequencing_Depth"	1.50886921058011	0	0.475663083960949	0.00151320789947531	0.0859956498019113	0.00302412600080358	0.0905700109054224	NA	"prevalence"	47	13
"Pelethomonas sp022800525"	"Sequencing_Depth"	"Sequencing_Depth"	"Sequencing_Depth"	1.66009897686631	0	0.525853182131831	0.00159421638612847	0.0859956498019113	0.00318589124637114	0.0914858855441843	NA	"prevalence"	47	24
"Pullibacteroides sp910578275"	"Sequencing_Depth"	"Sequencing_Depth"	"Sequencing_Depth"	1.69532171540632	0	0.539957766482736	0.00169103486235679	0.0859956498019113	0.00337921012580787	0.0914858855441843	NA	"prevalence"	47	11
"UBA3282 sp009774585"	"Sequencing_Depth"	"Sequencing_Depth"	"Sequencing_Depth"	3.08481426478164	0	0.985989171754337	0.00175611810184908	0.0859956498019113	0.00350915225291051	0.0915228344043229	NA	"prevalence"	47	33
"UBA3282 sp910578645"	"Sequencing_Depth"	"Sequencing_Depth"	"Sequencing_Depth"	1.6616608697317	0	0.524049494026835	0.00152015042025	0.0859956498019113	0.0030379899831998	0.0905825019991099	NA	"prevalence"	47	17
"UBA3282 sp910587715"	"Genotype"	"MUT"	"GenotypeMUT"	3.25662528954466	0	1.03003908648486	0.00156876840826985	0.0859956498019113	0.00313507578222091	0.0914858855441843	NA	"prevalence"	47	15
"UBA3402 sp002358555"	"Sequencing_Depth"	"Sequencing_Depth"	"Sequencing_Depth"	3.00028993246927	0	0.951274089933077	0.0016106564731545	0.0859956498019113	0.00321871873203448	0.0914858855441843	NA	"prevalence"	47	18
"Ventrimonas sp910586205"	"Sequencing_Depth"	"Sequencing_Depth"	"Sequencing_Depth"	1.86946430415825	0	0.589802398405109	0.00152625212201929	0.0859956498019113	0.00305017479849861	0.0905825019991099	NA	"prevalence"	47	14
"Ventrimonas sp910588125"	"Sequencing_Depth"	"Sequencing_Depth"	"Sequencing_Depth"	1.79362238918275	0	0.572203467915789	0.00172095355751006	0.0859956498019113	0.00343894543387302	0.0914858855441843	NA	"prevalence"	47	18
"VSOB01 sp910585345"	"Sequencing_Depth"	"Sequencing_Depth"	"Sequencing_Depth"	1.59998871109411	0	0.510389529858544	0.00171948788902021	0.0859956498019113	0.00343601913943993	0.0914858855441843	NA	"prevalence"	47	19
"Lawsonibacter sp022796195"	"Sequencing_Depth"	"Sequencing_Depth"	"Sequencing_Depth"	2.38989979870276	0	0.766592436828413	0.00182353305837909	0.0864275594162475	0.00364374084394318	0.0918133200197261	NA	"prevalence"	47	25
"MGYG000409933"	"Sequencing_Depth"	"Sequencing_Depth"	"Sequencing_Depth"	1.50314100045049	0	0.48231104860427	0.00182987722575085	0.0864275594162475	0.00365640600084039	0.0918133200197261	NA	"prevalence"	47	16
"Anaerocaecibacter sp910579205"	"Sex"	"M"	"SexM"	1.44695904127827	-0.415249466173014	0.254193200349018	0.00196768045055817	0.0865388480895571	0.00393148913476084	0.0924413033859377	NA	"abundance"	47	9
"CAG-873 sp002490635"	"Genotype"	"MUT"	"GenotypeMUT"	-3.30452982140413	0.195151488441185	1.04559552076244	0.00186167818673455	0.0865388480895571	0.00186167818673455	0.0767121323328136	NA	"abundance"	47	43
"CAG-873 sp011959565"	"Genotype"	"MUT"	"GenotypeMUT"	-3.09865994630068	0.195151488441185	0.981515556631399	0.00188849901328658	0.0865388480895571	0.00188849901328658	0.0767121323328136	NA	"abundance"	47	41
"Desulfovibrio sp009773975"	"Sequencing_Depth"	"Sequencing_Depth"	"Sequencing_Depth"	0.457881648106124	-0.534932639053454	0.300863247323316	0.0020004154267137	0.0865388480895571	0.0020004154267137	0.0785496457556245	NA	"abundance"	47	47
"Dysosmobacter sp910577405"	"Sex"	"M"	"SexM"	-2.23114636104663	-0.415249466173014	0.531712861738544	0.00197686015828558	0.0865388480895571	0.00394981234048574	0.0924413033859377	NA	"abundance"	47	34
"MGYG000329896"	"Sex"	"M"	"SexM"	-1.205825672774	-0.415249466173014	0.225805528875812	0.00204355891906394	0.0865388480895571	0.00408294170507219	0.0925220051811803	NA	"abundance"	47	31
"MGYG000335786"	"Sex"	"M"	"SexM"	1.35748269014249	-0.415249466173014	0.51255217964694	0.00188973722331476	0.0865388480895571	0.00377590333985634	0.0924413033859377	NA	"abundance"	47	32
"14-2 sp910576975"	"Sequencing_Depth"	"Sequencing_Depth"	"Sequencing_Depth"	2.25552349891989	0	0.725718381996871	0.00188366176242121	0.0865388480895571	0.00376377534320722	0.0924413033859377	NA	"prevalence"	47	23
"Acetatifactor sp910586835"	"Sex"	"M"	"SexM"	-2.22727284603857	0	0.721768212958718	0.00202967020563802	0.0865388480895571	0.00405522085013238	0.0925220051811803	NA	"prevalence"	47	24
"Bacteroides stercoris"	"Sequencing_Depth"	"Sequencing_Depth"	"Sequencing_Depth"	2.38485549160378	0	0.773364986893902	0.00204417092580009	0.0865388480895571	0.0040841632168263	0.0925220051811803	NA	"prevalence"	47	30
"CAG-95 sp910587305"	"Sequencing_Depth"	"Sequencing_Depth"	"Sequencing_Depth"	1.82375570801361	0	0.58730162382619	0.00190077394657403	0.0865388480895571	0.00379793495155209	0.0924413033859377	NA	"prevalence"	47	27
"Clostridioides difficile"	"Genotype"	"MUT"	"GenotypeMUT"	2.52413473674534	0	0.815718457035017	0.00197231336564472	0.0865388480895571	0.00394073671127715	0.0924413033859377	NA	"prevalence"	47	20
"Dysosmobacter sp910584995"	"Sequencing_Depth"	"Sequencing_Depth"	"Sequencing_Depth"	1.75305860147542	0	0.568157168936657	0.00203198610145491	0.0865388480895571	0.00405984323539332	0.0925220051811803	NA	"prevalence"	47	28
"Fimiplasma sp910588165"	"Genotype"	"MUT"	"GenotypeMUT"	-3.05430772286361	0	0.984879723733636	0.0019273890635922	0.0865388480895571	0.00385106329858194	0.0924413033859377	NA	"prevalence"	47	18
"MGYG000325278"	"Genotype"	"MUT"	"GenotypeMUT"	-3.25603975570593	0	1.05038795361893	0.0019362199461365	0.0865388480895571	0.00386869094459318	0.0924413033859377	NA	"prevalence"	47	32
"MGYG000325598"	"Sequencing_Depth"	"Sequencing_Depth"	"Sequencing_Depth"	1.72277957820218	0	0.554545823293249	0.00189220518538921	0.0865388480895571	0.00378082993031481	0.0924413033859377	NA	"prevalence"	47	17
"MGYG000325617"	"Sequencing_Depth"	"Sequencing_Depth"	"Sequencing_Depth"	1.77980576980981	0	0.571375873791964	0.0018397773908188	0.0865388480895571	0.00367617000078983	0.0918133200197261	NA	"prevalence"	47	23
"MGYG000325632"	"Sequencing_Depth"	"Sequencing_Depth"	"Sequencing_Depth"	2.04917999753676	0	0.661804949623421	0.00195918716725654	0.0865388480895571	0.00391453592015674	0.0924413033859377	NA	"prevalence"	47	20
"MGYG000325647"	"Sequencing_Depth"	"Sequencing_Depth"	"Sequencing_Depth"	1.46453596500413	0	0.474811788961412	0.00203924925051849	0.0865388480895571	0.00407433996353124	0.0925220051811803	NA	"prevalence"	47	13
"MGYG000325719"	"Sequencing_Depth"	"Sequencing_Depth"	"Sequencing_Depth"	1.43601067706015	0	0.464551359300288	0.00199364465052466	0.0865388480895571	0.00398331468205675	0.0925220051811803	NA	"prevalence"	47	19
"MGYG000325803"	"Sequencing_Depth"	"Sequencing_Depth"	"Sequencing_Depth"	1.5801901435927	0	0.511029891174125	0.00198700534781904	0.0865388480895571	0.00397006250538583	0.0925220051811803	NA	"prevalence"	47	25
"MGYG000325999"	"Sequencing_Depth"	"Sequencing_Depth"	"Sequencing_Depth"	1.56169435104934	0	0.503337167798603	0.00191776642258948	0.0865388480895571	0.00383185501712735	0.0924413033859377	NA	"prevalence"	47	10
"MGYG000327349"	"Sequencing_Depth"	"Sequencing_Depth"	"Sequencing_Depth"	1.46014779452559	0	0.473133853691339	0.0020278704194791	0.0865388480895571	0.00405162858052	0.0925220051811803	NA	"prevalence"	47	12
"MGYG000327453"	"Sequencing_Depth"	"Sequencing_Depth"	"Sequencing_Depth"	1.70088758743428	0	0.549132104846387	0.00195219287330413	0.0865388480895571	0.00390057468959368	0.0924413033859377	NA	"prevalence"	47	19
"MGYG000327499"	"Sex"	"M"	"SexM"	-2.51926787465569	0	0.814883597857768	0.00199102522083369	0.0865388480895571	0.00346417634855601	0.0914858855441843	NA	"prevalence"	47	25
"Pumilibacter sp910579245"	"Sequencing_Depth"	"Sequencing_Depth"	"Sequencing_Depth"	1.48609783487417	0	0.479640817740741	0.00194597747619487	0.0865388480895571	0.00388816812405187	0.0924413033859377	NA	"prevalence"	47	18
"UBA3282 sp009774575"	"Sequencing_Depth"	"Sequencing_Depth"	"Sequencing_Depth"	1.56672319248295	0	0.505143964279761	0.00192518171769537	0.0865388480895571	0.0038466571107446	0.0924413033859377	NA	"prevalence"	47	11
"UBA3282 sp910579735"	"Sequencing_Depth"	"Sequencing_Depth"	"Sequencing_Depth"	1.54183079777075	0	0.497206399254042	0.00192876473452894	0.0865388480895571	0.00385380933565673	0.0924413033859377	NA	"prevalence"	47	13
"UBA3402 sp022792815"	"Sequencing_Depth"	"Sequencing_Depth"	"Sequencing_Depth"	2.03696221968856	0	0.659281597161538	0.00200379357071927	0.0865388480895571	0.00400357195276449	0.0925220051811803	NA	"prevalence"	47	22
"Ventrimonas sp910584845"	"Sequencing_Depth"	"Sequencing_Depth"	"Sequencing_Depth"	1.55044001636858	0	0.499052567290155	0.00189145454537488	0.0865388480895571	0.00377933149045255	0.0924413033859377	NA	"prevalence"	47	14
"VSOB01 sp910587635"	"Sequencing_Depth"	"Sequencing_Depth"	"Sequencing_Depth"	1.48501283866555	0	0.479239161899155	0.0019437932950729	0.0865388480895571	0.00388380825777183	0.0924413033859377	NA	"prevalence"	47	21
"MGYG000392808"	"Sex"	"M"	"SexM"	-2.17160019349401	0	0.704470305159574	0.00205200742708802	0.0865810333736007	0.00409980411969523	0.0925796022939484	NA	"prevalence"	47	22
"Dysosmobacter sp910585165"	"Sequencing_Depth"	"Sequencing_Depth"	"Sequencing_Depth"	1.44398665692685	0	0.468984167204225	0.00207719863724238	0.0869259826370555	0.0041500825203062	0.0931199468365848	NA	"prevalence"	47	13
"MGYG000322966"	"Sequencing_Depth"	"Sequencing_Depth"	"Sequencing_Depth"	2.32356036472818	0	0.755022684348168	0.00208765197674711	0.0869259826370555	0.0041709456627182	0.0932919112154817	NA	"prevalence"	47	30
"MGYG000325469"	"Sequencing_Depth"	"Sequencing_Depth"	"Sequencing_Depth"	3.15068720231358	0	1.02296876941857	0.00207039057951407	0.0869259826370555	0.00413649464187639	0.0931106500916634	NA	"prevalence"	47	34
"MGYG000330830"	"Genotype"	"MUT"	"GenotypeMUT"	-4.33629223867307	0	1.40867750654648	0.00208204924985899	0.0869259826370555	0.00208204924985899	0.0792179785671185	NA	"prevalence"	47	12
"MGYG000410811"	"Sequencing_Depth"	"Sequencing_Depth"	"Sequencing_Depth"	1.98170021996528	0	0.644595676226636	0.0021097548919921	0.0872721484406404	0.00421505871827991	0.0939811830309223	NA	"prevalence"	47	19
"Alistipes sp002358415"	"Sex"	"M"	"SexM"	-2.25936708600628	0	0.735332822926881	0.00212218719679686	0.0873041966840063	0.00423987071509547	0.0940361982637887	NA	"prevalence"	47	26
"MGYG000329180"	"Sequencing_Depth"	"Sequencing_Depth"	"Sequencing_Depth"	2.37719139445395	0	0.77375551992792	0.00212432395154637	0.0873041966840063	0.00424413515084162	0.0940361982637887	NA	"prevalence"	47	22
"CAG-510 sp910577015"	"Genotype"	"MUT"	"GenotypeMUT"	2.20974134973653	0.195151488441185	0.472155090159569	0.00214022669867586	0.0873535341768401	0.00214022669867586	0.0794216584854363	NA	"abundance"	47	14
"MGYG000322990"	"Sequencing_Depth"	"Sequencing_Depth"	"Sequencing_Depth"	2.45005130188996	0	0.798113723839794	0.00214200548158169	0.0873535341768401	0.00427942277568026	0.0945217505578376	NA	"prevalence"	47	20
"UBA3818 sp910583935"	"Sex"	"M"	"SexM"	-3.54096201871031	0	1.15370318552077	0.00214622761328782	0.0873535341768401	0.00214622761328782	0.0794216584854363	NA	"prevalence"	47	15
"MGYG000325523"	"Sequencing_Depth"	"Sequencing_Depth"	"Sequencing_Depth"	1.36585262412231	0	0.446104183886301	0.00220058457425706	0.0891856545904278	0.00439632657604567	0.0954309539530356	NA	"prevalence"	47	14
"MGYG000329700"	"Sequencing_Depth"	"Sequencing_Depth"	"Sequencing_Depth"	1.40316343962703	0	0.458467964186211	0.0022093197606077	0.0891856545904278	0.00441375842741078	0.0954309539530356	NA	"prevalence"	47	14
"QXXE01 sp910586575"	"Sex"	"M"	"SexM"	-2.34251330191598	0	0.765493679171083	0.00221237917059522	0.0891856545904278	0.00441986371959596	0.0954309539530356	NA	"prevalence"	47	23
"MGYG000325682"	"Sequencing_Depth"	"Sequencing_Depth"	"Sequencing_Depth"	1.41939009257081	0	0.464313484936814	0.0022359034946232	0.0898478299521921	0.00446680772480914	0.09596169300593	NA	"prevalence"	47	12
"Enterenecus sp910587255"	"Sequencing_Depth"	"Sequencing_Depth"	"Sequencing_Depth"	2.50501377913964	0	0.820112357936252	0.0022545381016923	0.0898879177650241	0.00450399326133261	0.0960419925491602	NA	"prevalence"	47	32
"Eubacterium_F sp910584645"	"Sequencing_Depth"	"Sequencing_Depth"	"Sequencing_Depth"	1.39020892149387	0	0.455191445084128	0.00225722392035044	0.0898879177650241	0.00450935278087428	0.0960419925491602	NA	"prevalence"	47	13
"MGYG000325391"	"Sequencing_Depth"	"Sequencing_Depth"	"Sequencing_Depth"	1.59573084135529	0	0.522507098847353	0.00225820491778146	0.0898879177650241	0.00451131034611222	0.0960419925491602	NA	"prevalence"	47	16
"Ileibacterium valens"	"Sex"	"M"	"SexM"	0.319317077919049	-0.415249466173014	0.218525041782785	0.00229072990513157	0.0901455545204479	0.00457621236676488	0.0960930091857962	NA	"abundance"	47	41
"JAFLTL01 sp910578395"	"Sex"	"M"	"SexM"	-3.69432831600686	0	1.21187280127541	0.00230028551983763	0.0901455545204479	0.00459527972620248	0.0960930091857962	NA	"prevalence"	47	34
"MGYG000325435"	"Sequencing_Depth"	"Sequencing_Depth"	"Sequencing_Depth"	1.72146514374015	0	0.564547520777743	0.0022938830285535	0.0901455545204479	0.00458250415775832	0.0960930091857962	NA	"prevalence"	47	18
"MGYG000328561"	"Sequencing_Depth"	"Sequencing_Depth"	"Sequencing_Depth"	1.53530861262913	0	0.503140711070859	0.00227739141143304	0.0901455545204479	0.00454959631122521	0.0960930091857962	NA	"prevalence"	47	18
"MGYG000331408"	"Sequencing_Depth"	"Sequencing_Depth"	"Sequencing_Depth"	1.48910060331603	0	0.488467865549029	0.00229977016926206	0.0901455545204479	0.00459425139569268	0.0960930091857962	NA	"prevalence"	47	15
"Alistipes sp910587675"	"Sex"	"M"	"SexM"	-2.42053699961952	0	0.794449723100189	0.00231284202940384	0.0903578839759067	0.0046203348205547	0.0963319366126271	NA	"prevalence"	47	29
"Bacteroides nordii"	"Genotype"	"MUT"	"GenotypeMUT"	1.45970533180651	0.195151488441185	0.376674996459363	0.00233585153732097	0.0908384319301122	0.00466624687223753	0.0969070864510174	NA	"abundance"	47	34
"D16-34 sp910577495"	"Sequencing_Depth"	"Sequencing_Depth"	"Sequencing_Depth"	1.91925449258159	0	0.630740663293801	0.00234342615601202	0.0908384319301122	0.00468136066587536	0.0969070864510174	NA	"prevalence"	47	24
"MGYG000323012"	"Sequencing_Depth"	"Sequencing_Depth"	"Sequencing_Depth"	2.21294957740388	0	0.727798813467782	0.00236102418273084	0.0908384319301122	0.00471647393027023	0.0969070864510174	NA	"prevalence"	47	23
"MGYG000327551"	"Sequencing_Depth"	"Sequencing_Depth"	"Sequencing_Depth"	1.37146470324857	0	0.451008823893135	0.00235886101943689	0.0908384319301122	0.00471215781356475	0.0969070864510174	NA	"prevalence"	47	20
"RGIG8773 sp910584715"	"Sequencing_Depth"	"Sequencing_Depth"	"Sequencing_Depth"	2.63012230248441	0	0.864528863720191	0.00234808329192755	0.0908384319301122	0.00469065308870927	0.0969070864510174	NA	"prevalence"	47	30
"Escherichia coli"	"Sex"	"M"	"SexM"	2.75552229845131	0	0.907129565786469	0.00238447999048597	0.0911845526820538	0.00476327423614692	0.0970465968650594	NA	"prevalence"	47	24
"MGYG000325619"	"Sequencing_Depth"	"Sequencing_Depth"	"Sequencing_Depth"	1.85432996369298	0	0.610681652621637	0.00239348445819487	0.0911845526820538	0.00478124014853812	0.0970465968650594	NA	"prevalence"	47	22
"MGYG000410798"	"Sequencing_Depth"	"Sequencing_Depth"	"Sequencing_Depth"	1.55065727605226	0	0.510787173120227	0.0023988352064405	0.0911845526820538	0.00479191600253335	0.0970465968650594	NA	"prevalence"	47	20
"Thomasclavelia ramosa"	"Sequencing_Depth"	"Sequencing_Depth"	"Sequencing_Depth"	2.62397781613282	0	0.863930472048156	0.00238742780040464	0.0911845526820538	0.00476915578930712	0.0970465968650594	NA	"prevalence"	47	28
"CAG-485 sp014801875"	"Sequencing_Depth"	"Sequencing_Depth"	"Sequencing_Depth"	1.53161032957714	0	0.504731871457521	0.00240932436102774	0.0912280448023165	0.00481284387817884	0.0971187104722503	NA	"prevalence"	47	18
"MGYG000330291"	"Sequencing_Depth"	"Sequencing_Depth"	"Sequencing_Depth"	2.33077650306057	0	0.768252228322825	0.00241439366477927	0.0912280448023165	0.00482295803279002	0.0971187104722503	NA	"prevalence"	47	28
"CAG-873 sp910579605"	"Sequencing_Depth"	"Sequencing_Depth"	"Sequencing_Depth"	2.47413243635316	0	0.815828625924729	0.00242406981044981	0.0912302598872634	0.00484226350645368	0.0971466458405856	NA	"prevalence"	47	8
"MGYG000325648"	"Sequencing_Depth"	"Sequencing_Depth"	"Sequencing_Depth"	2.26316867479084	0	0.746411599603847	0.00242886692858333	0.0912302598872634	0.00485183446260989	0.0971466458405856	NA	"prevalence"	47	21
"MGYG000387050"	"Sequencing_Depth"	"Sequencing_Depth"	"Sequencing_Depth"	-1.05197328882336	-0.534932639053454	0.123062274652656	0.00243640968422765	0.0912428218430579	0.00486688327630589	0.0971726864320058	NA	"abundance"	47	14
"Lactobacillus intestinalis"	"Sex"	"M"	"SexM"	-3.76700461499179	-0.415249466173014	1.02512218667571	0.00255450560741677	0.091780744165335	0.00255450560741677	0.0862988891295214	NA	"abundance"	47	38
"Acutalibacter stercorigallinarum"	"Sequencing_Depth"	"Sequencing_Depth"	"Sequencing_Depth"	1.67265790821728	0	0.552941294979976	0.00248617530781344	0.091780744165335	0.0049661695479657	0.097327988084125	NA	"prevalence"	47	9
"Bacteroides congonensis"	"Sequencing_Depth"	"Sequencing_Depth"	"Sequencing_Depth"	2.10323525509597	0	0.69491836257119	0.00247326486296921	0.091780744165335	0.00494041268685603	0.097327988084125	NA	"prevalence"	47	28
"Choladocola sp910583895"	"Sequencing_Depth"	"Sequencing_Depth"	"Sequencing_Depth"	1.61913444507352	0	0.535617167038764	0.00250338224509502	0.091780744165335	0.00500049756752499	0.097327988084125	NA	"prevalence"	47	23
"D16-34 sp003612515"	"Sequencing_Depth"	"Sequencing_Depth"	"Sequencing_Depth"	2.49285558466626	0	0.824520195395301	0.00249950393584692	0.091780744165335	0.00499276035176852	0.097327988084125	NA	"prevalence"	47	25
"Eggerthella lenta"	"Sex"	"M"	"SexM"	-3.16358486027008	0	1.04695890757002	0.00251368149586287	0.091780744165335	0.00502104439706309	0.097327988084125	NA	"prevalence"	47	28
"Enterorhabdus sp910589695"	"Sex"	"M"	"SexM"	-3.08968728264343	0	1.02188740614228	0.0024986037390817	0.091780744165335	0.00499096445751845	0.097327988084125	NA	"prevalence"	47	33
"Eubacterium_J sp910584595"	"Sequencing_Depth"	"Sequencing_Depth"	"Sequencing_Depth"	1.69603173849794	0	0.561960922967742	0.00254398597619509	0.091780744165335	0.0050815000877431	0.0973334488351443	NA	"prevalence"	47	25
"MGBC118957 sp910584385"	"Sequencing_Depth"	"Sequencing_Depth"	"Sequencing_Depth"	3.81466294738222	0	1.26313076372604	0.00252769372726281	0.091780744165335	0.00504899821894679	0.0973334488351443	NA	"prevalence"	47	35
"MGYG000325558"	"Sequencing_Depth"	"Sequencing_Depth"	"Sequencing_Depth"	1.70793326663112	0	0.564897582300727	0.00249919575268831	0.091780744165335	0.00499214552596637	0.097327988084125	NA	"prevalence"	47	20
"MGYG000325712"	"Sequencing_Depth"	"Sequencing_Depth"	"Sequencing_Depth"	2.11616780954268	0	0.701797241574848	0.00256678649348464	0.091780744165335	0.00512698459406615	0.0974127072872568	NA	"prevalence"	47	28
"MGYG000330830"	"Sex"	"M"	"SexM"	3.75040821090584	0	1.24225825414704	0.00253589951454218	0.091780744165335	0.00253589951454218	0.0862988891295214	NA	"prevalence"	47	12
"MGYG000411437"	"Sequencing_Depth"	"Sequencing_Depth"	"Sequencing_Depth"	1.97439057972855	0	0.654190292746384	0.00254392082900471	0.091780744165335	0.00508137012482518	0.0973334488351443	NA	"prevalence"	47	24
"Odoribacter sp009935865"	"Sequencing_Depth"	"Sequencing_Depth"	"Sequencing_Depth"	1.9052515540339	0	0.629544456216487	0.00247486993085553	0.091780744165335	0.00494361488053641	0.097327988084125	NA	"prevalence"	47	9
"UBA3402 sp022798105"	"Sequencing_Depth"	"Sequencing_Depth"	"Sequencing_Depth"	1.40851922438006	0	0.466888360249012	0.00255439493103273	0.091780744165335	0.00510226492860179	0.0974127072872568	NA	"prevalence"	47	21
"VUNA01 sp002299625"	"Sequencing_Depth"	"Sequencing_Depth"	"Sequencing_Depth"	1.60826715646167	0	0.53334748350192	0.0025662285285295	0.091780744165335	0.00512587152819836	0.0974127072872568	NA	"prevalence"	47	15
"Avoscillospira_A sp022792945"	"Sequencing_Depth"	"Sequencing_Depth"	"Sequencing_Depth"	3.21556211980159	0	1.06725297199682	0.00258735697395793	0.0919965297088751	0.00516801953180518	0.0976672782106925	NA	"prevalence"	47	29
"COE1 sp014239155"	"Sequencing_Depth"	"Sequencing_Depth"	"Sequencing_Depth"	1.92073837084479	0	0.637483670831972	0.00258678823163294	0.0919965297088751	0.00516688498991056	0.0976672782106925	NA	"prevalence"	47	17
"Acetatifactor sp910585425"	"Genotype"	"MUT"	"GenotypeMUT"	2.9621192821191	0.195151488441185	0.850480552423017	0.00260335825812441	0.0923061872026297	0.00260335825812441	0.0867949819265252	NA	"abundance"	47	39
"Eisenbergiella sp910585455"	"Sequencing_Depth"	"Sequencing_Depth"	"Sequencing_Depth"	2.06417686512831	0	0.686219222621694	0.00262936012145063	0.0926396778309549	0.00525180670825299	0.0984003589832887	NA	"prevalence"	47	22
"Ruminococcus sp900540005"	"Sequencing_Depth"	"Sequencing_Depth"	"Sequencing_Depth"	1.39887415590891	0	0.465126991544003	0.00263397314023981	0.0926396778309549	0.00526100846597613	0.0984003589832887	NA	"prevalence"	47	20
"UBA3402 sp910588505"	"Sequencing_Depth"	"Sequencing_Depth"	"Sequencing_Depth"	1.38618627471591	0	0.460921462921785	0.00263471986246988	0.0926396778309549	0.00526249797618607	0.0984003589832887	NA	"prevalence"	47	13
"MGYG000327181"	"Sequencing_Depth"	"Sequencing_Depth"	"Sequencing_Depth"	1.66581440745413	0	0.554276192211792	0.00265243218603736	0.0930041180356256	0.00529782897557319	0.0987996179402408	NA	"prevalence"	47	21
"Bilophila sp910585945"	"Sex"	"M"	"SexM"	-2.69046025243668	-0.415249466173014	0.703254326173597	0.00271386702400433	0.0932801764522998	0.00271386702400433	0.0872724812632231	NA	"abundance"	47	40
"Sporofaciens sp910585725"	"Genotype"	"MUT"	"GenotypeMUT"	3.55987782869316	0.195151488441185	1.00574623746042	0.0027110943525579	0.0932801764522998	0.0027110943525579	0.0872724812632231	NA	"abundance"	47	29
"14-2 sp910580195"	"Sequencing_Depth"	"Sequencing_Depth"	"Sequencing_Depth"	2.21189598650586	0	0.736601245787476	0.00267472653206735	0.0932801764522998	0.00534229890211336	0.0992840117782243	NA	"prevalence"	47	21
"1XD8-76 sp910577955"	"Sequencing_Depth"	"Sequencing_Depth"	"Sequencing_Depth"	1.88539219760037	0	0.629889498659861	0.00276058790407716	0.0932801764522998	0.00551355496257819	0.0995165951934802	NA	"prevalence"	47	22
"Bifidobacterium adolescentis"	"Sequencing_Depth"	"Sequencing_Depth"	"Sequencing_Depth"	1.56803991052634	0	0.522987491634447	0.00271547330714788	0.0932801764522998	0.00542357281901393	0.0995165951934802	NA	"prevalence"	47	26
"Bilophila sp902373525"	"Sequencing_Depth"	"Sequencing_Depth"	"Sequencing_Depth"	2.52311823961078	0	0.840396978383006	0.0026795384980509	0.0932801764522998	0.00535189706953926	0.0992840117782243	NA	"prevalence"	47	28
"Eubacterium_G sp910574895"	"Sequencing_Depth"	"Sequencing_Depth"	"Sequencing_Depth"	1.51741780066202	0	0.506700089739577	0.00274709482918282	0.0932801764522998	0.00548664312836512	0.0995165951934802	NA	"prevalence"	47	22
"Gordonibacter pamelaeae"	"Sex"	"M"	"SexM"	-2.82179094126142	0	0.942830852267232	0.00276347496994884	0.0932801764522998	0.00551931314598815	0.0995165951934802	NA	"prevalence"	47	28
"MGYG000325322"	"Sequencing_Depth"	"Sequencing_Depth"	"Sequencing_Depth"	1.90472451905867	0	0.636156830596409	0.00275245285716161	0.0932801764522998	0.00549732971759231	0.0995165951934802	NA	"prevalence"	47	26
"MGYG000329177"	"Sequencing_Depth"	"Sequencing_Depth"	"Sequencing_Depth"	1.46694424272247	0	0.489264065364981	0.00271519791162423	0.0932801764522998	0.00542302352354918	0.0995165951934802	NA	"prevalence"	47	14
"MGYG000331189"	"Sex"	"M"	"SexM"	-2.71248361141639	0	0.905641445316569	0.0027435794031705	0.0932801764522998	0.0054796315783995	0.0995165951934802	NA	"prevalence"	47	30
"MGYG000387050"	"Sequencing_Depth"	"Sequencing_Depth"	"Sequencing_Depth"	1.38419035575325	0	0.461836907108227	0.00272524581919	0.0932801764522998	0.00486688327630589	0.0971726864320058	NA	"prevalence"	47	14
"MGYG000410775"	"Sequencing_Depth"	"Sequencing_Depth"	"Sequencing_Depth"	1.40482092457644	0	0.469073003438212	0.00274545985222831	0.0932801764522998	0.00548338215465642	0.0995165951934802	NA	"prevalence"	47	14
"Parabacteroides sp910577325"	"Sequencing_Depth"	"Sequencing_Depth"	"Sequencing_Depth"	1.551271102931	0	0.51801136444884	0.00274745367077091	0.0932801764522998	0.00548735883986878	0.0995165951934802	NA	"prevalence"	47	9
"14-2 sp000403255"	"Sex"	"M"	"SexM"	-2.05664745053409	-0.415249466173014	0.487966750346717	0.00280588562813255	0.0935507761515325	0.00280588562813255	0.0877522107063756	NA	"abundance"	47	28
"MGYG000325313"	"Site"	"Jejunum"	"SiteJejunum"	0.907845115527137	0.0793922236573236	0.208692335359354	0.00280002343189945	0.0935507761515325	0.00280002343189945	0.0877522107063756	NA	"abundance"	47	15
"MGYG000329896"	"Genotype"	"MUT"	"GenotypeMUT"	-0.519103937722466	0.195151488441185	0.213561012056216	0.00288266177545982	0.0935507761515325	0.00575701381200794	0.0997319558965519	NA	"abundance"	47	31
"Alistipes sp002362235"	"Sequencing_Depth"	"Sequencing_Depth"	"Sequencing_Depth"	2.1922888414527	0	0.734388852694703	0.0028340402043882	0.0935507761515325	0.00566004862489631	0.0997319558965519	NA	"prevalence"	47	30
"CAG-590 sp910585605"	"Sequencing_Depth"	"Sequencing_Depth"	"Sequencing_Depth"	3.4788143252937	0	1.16590507345138	0.00284703354045057	0.0935507761515325	0.00568596148092069	0.0997319558965519	NA	"prevalence"	47	35
"CAG-95 sp910577275"	"Sequencing_Depth"	"Sequencing_Depth"	"Sequencing_Depth"	1.5752398978489	0	0.528214613164482	0.00286188021865472	0.0935507761515325	0.00571557007892352	0.0997319558965519	NA	"prevalence"	47	27
"Desulfovibrio sp905215675"	"Sequencing_Depth"	"Sequencing_Depth"	"Sequencing_Depth"	2.43474750491293	0	0.817059164182609	0.00288350674315353	0.0935507761515325	0.00575869887516924	0.0997319558965519	NA	"prevalence"	47	20
"Duncaniella sp014802015"	"Sequencing_Depth"	"Sequencing_Depth"	"Sequencing_Depth"	2.09755456767909	0	0.701667166988398	0.00279538006482484	0.0935507761515325	0.00558294597994286	0.0997319558965519	NA	"prevalence"	47	26
"Kineothrix sp910585965"	"Sequencing_Depth"	"Sequencing_Depth"	"Sequencing_Depth"	1.61571086932836	0	0.540993783140061	0.00282134655503941	0.0935507761515325	0.00563473311369519	0.0997319558965519	NA	"prevalence"	47	23
"Mailhella excrementigallinarum"	"Sequencing_Depth"	"Sequencing_Depth"	"Sequencing_Depth"	2.7892300841912	0	0.932992353654452	0.00279385978711373	0.0935507761515325	0.00557991392171741	0.0997319558965519	NA	"prevalence"	47	32
"MGYG000325450"	"Sequencing_Depth"	"Sequencing_Depth"	"Sequencing_Depth"	2.60236419602564	0	0.873502408531616	0.00288974193989961	0.0935507761515325	0.00577113327131999	0.0997319558965519	NA	"prevalence"	47	20
"MGYG000410877"	"Sequencing_Depth"	"Sequencing_Depth"	"Sequencing_Depth"	2.60884166101217	0	0.873464900663627	0.00281938688851455	0.0935507761515325	0.00563082483460197	0.0997319558965519	NA	"prevalence"	47	29
"Nanosyncoccus sp013316435"	"Sex"	"M"	"SexM"	-2.26920851805711	0	0.761511750403533	0.00288367647657721	0.0935507761515325	0.00575903736313285	0.0997319558965519	NA	"prevalence"	47	23
"Paralachnospira sp910588815"	"Sex"	"M"	"SexM"	-3.39817118899909	0	1.13950222386263	0.00286227919871305	0.0935507761515325	0.000244644380364482	0.0261991890972145	NA	"prevalence"	47	24
"Pelethomonas sp910587645"	"Sequencing_Depth"	"Sequencing_Depth"	"Sequencing_Depth"	2.50680129539708	0	0.840006666239046	0.00284261788680816	0.0935507761515325	0.00567715529716592	0.0997319558965519	NA	"prevalence"	47	33
"Pelethomonas sp910588045"	"Sequencing_Depth"	"Sequencing_Depth"	"Sequencing_Depth"	1.65350542724009	0	0.554342575543688	0.00285603711179754	0.0935507761515325	0.00570391727561112	0.0997319558965519	NA	"prevalence"	47	23
"Roseburia sp910577925"	"Sequencing_Depth"	"Sequencing_Depth"	"Sequencing_Depth"	1.68795482311415	0	0.566865861815653	0.00290422859842163	0.0937799122418902	0.00580002265309137	0.0999867319806093	NA	"prevalence"	47	13
"Anaerotardibacter sp000435675"	"Genotype"	"MUT"	"GenotypeMUT"	-2.99526535340149	0	1.00724922467504	0.00294224655454573	0.0945220947753289	0.00587583629430372	0.10033536636344	NA	"prevalence"	47	26
"MGYG000325560"	"Sex"	"M"	"SexM"	-2.63090506984693	0	0.885181526852504	0.00295708244043532	0.0945220947753289	0.0059054205443111	0.10033536636344	NA	"prevalence"	47	26
"MGYG000411595"	"Sequencing_Depth"	"Sequencing_Depth"	"Sequencing_Depth"	2.68419578932655	0	0.9030402794337	0.00295482659893317	0.0945220947753289	0.00590092219763658	0.10033536636344	NA	"prevalence"	47	28
"UBA3282 sp910587095"	"Sequencing_Depth"	"Sequencing_Depth"	"Sequencing_Depth"	1.56457030908673	0	0.526161922776311	0.00294373663773464	0.0945220947753289	0.00587880769007694	0.10033536636344	NA	"prevalence"	47	18
"Choladocola sp910574965"	"Sex"	"M"	"SexM"	1.08104484190571	-0.415249466173014	0.467498747718708	0.002978140430135	0.0945816852393356	0.0059474115398484	0.10044531644164	NA	"abundance"	47	41
"MGYG000327852"	"Sex"	"M"	"SexM"	-1.36059871317184	-0.415249466173014	0.291257040116187	0.00298883505259395	0.0945816852393356	0.00596873697021629	0.10044531644164	NA	"abundance"	47	38
"MGYG000327182"	"Sex"	"M"	"SexM"	-2.4647646087562	0	0.830090097796672	0.00298504691048448	0.0945816852393356	0.00596118331591118	0.10044531644164	NA	"prevalence"	47	18
"UBA3402 sp910585645"	"Sequencing_Depth"	"Sequencing_Depth"	"Sequencing_Depth"	1.6026048825724	0	0.539623141743875	0.00297936035445227	0.0945816852393356	0.00594984412078286	0.10044531644164	NA	"prevalence"	47	22
"CAG-485 sp014800535"	"Sequencing_Depth"	"Sequencing_Depth"	"Sequencing_Depth"	1.9221474621596	0	0.648476263924398	0.0030357118921764	0.0954307313813544	0.00606220823766049	0.10094081032036	NA	"prevalence"	47	10
"MGYG000325657"	"Sequencing_Depth"	"Sequencing_Depth"	"Sequencing_Depth"	1.8488026842271	0	0.62398027591906	0.00304737273255799	0.0954307313813544	0.00608545898454485	0.10094081032036	NA	"prevalence"	47	8
"MGYG000366359"	"Sequencing_Depth"	"Sequencing_Depth"	"Sequencing_Depth"	2.20853445798345	0	0.745580331573741	0.0030548071072964	0.0954307313813544	0.00610028236813	0.10094081032036	NA	"prevalence"	47	28
"MGYG000410260"	"Sequencing_Depth"	"Sequencing_Depth"	"Sequencing_Depth"	1.69033739343487	0	0.570760130615014	0.0030609003745323	0.0954307313813544	0.0061124316379618	0.10094081032036	NA	"prevalence"	47	28
"MGYG000410332"	"Sequencing_Depth"	"Sequencing_Depth"	"Sequencing_Depth"	1.70888766139703	0	0.576899922963628	0.00305458404026502	0.0954307313813544	0.006099837596871	0.10094081032036	NA	"prevalence"	47	26
"MGYG000411593"	"Sequencing_Depth"	"Sequencing_Depth"	"Sequencing_Depth"	1.62875526017293	0	0.549622386884826	0.00304253208619636	0.0954307313813544	0.00607580717089719	0.10094081032036	NA	"prevalence"	47	18
"MGYG000328451"	"Genotype"	"MUT"	"GenotypeMUT"	-0.93508865728409	0.195151488441185	0.34933400265542	0.00307802514865552	0.0956189669861337	0.00614657605849528	0.101164333866828	NA	"abundance"	47	35
"MGYG000325502"	"Sequencing_Depth"	"Sequencing_Depth"	"Sequencing_Depth"	1.31765893811272	0	0.44524016723476	0.00308204602072543	0.0956189669861337	0.006154593033777	0.101164333866828	NA	"prevalence"	47	16
"14-2 sp000403315"	"Sequencing_Depth"	"Sequencing_Depth"	"Sequencing_Depth"	3.24138225386962	0	1.096047526913	0.00310308445246468	0.0958020560958487	0.00619653977181024	0.101382275711006	NA	"prevalence"	47	34
"UBA3402 sp022795805"	"Sequencing_Depth"	"Sequencing_Depth"	"Sequencing_Depth"	1.48571028636585	0	0.502339399947071	0.00310061628493392	0.0958020560958487	0.00619161874852144	0.101382275711006	NA	"prevalence"	47	23
"Lawsonibacter sp000492175"	"Sequencing_Depth"	"Sequencing_Depth"	"Sequencing_Depth"	2.09936907768977	0	0.710273296848029	0.0031194001198469	0.0960714518662338	0.0062290695825861	0.101444847487831	NA	"prevalence"	47	28
"MGYG000323516"	"Sex"	"M"	"SexM"	-1.34428299203299	-0.415249466173014	0.270565734045706	0.0031332416113663	0.0961504162095898	0.0031332416113663	0.0914858855441843	NA	"abundance"	47	24
"UBA3402 sp022795805"	"Genotype"	"MUT"	"GenotypeMUT"	-2.68952857855204	0	0.910479650096209	0.00313715609848006	0.0961504162095898	0.00626447044857389	0.101553387914037	NA	"prevalence"	47	23
"Acetatifactor sp910583845"	"Sequencing_Depth"	"Sequencing_Depth"	"Sequencing_Depth"	1.31839681544051	0	0.447863463980488	0.00324264754573334	0.0967452944117132	0.00647478032836082	0.102020167783013	NA	"prevalence"	47	13
"Avirikenella sp910588925"	"Sex"	"M"	"SexM"	-3.7334960016582	0	1.26649800961801	0.00319951557292031	0.0967452944117132	0.00638879424593927	0.102020167783013	NA	"prevalence"	47	35
"Bacteroides ovatus"	"Sequencing_Depth"	"Sequencing_Depth"	"Sequencing_Depth"	1.3389641370205	0	0.454933292037174	0.00324828172894439	0.0967452944117132	0.00648601212369819	0.102020167783013	NA	"prevalence"	47	16
"Blautia_A massiliensis"	"Sequencing_Depth"	"Sequencing_Depth"	"Sequencing_Depth"	1.50057468591533	0	0.509399082408823	0.00322147451397314	0.0967452944117132	0.0064325711299021	0.102020167783013	NA	"prevalence"	47	14
"Enterocloster aldenensis"	"Sequencing_Depth"	"Sequencing_Depth"	"Sequencing_Depth"	1.91859562355543	0	0.651424786357355	0.00322714990735549	0.0967452944117132	0.00644388531818643	0.102020167783013	NA	"prevalence"	47	27
"Ligilactobacillus agilis"	"Sequencing_Depth"	"Sequencing_Depth"	"Sequencing_Depth"	2.00514414595072	0	0.680144615673861	0.00319718709219535	0.0967452944117132	0.0063841521790882	0.102020167783013	NA	"prevalence"	47	23
"MGYG000325338"	"Sequencing_Depth"	"Sequencing_Depth"	"Sequencing_Depth"	1.249726781074	0	0.424300412727924	0.00322556198290408	0.0967452944117132	0.00644071971570261	0.102020167783013	NA	"prevalence"	47	15
"MGYG000326632"	"Sequencing_Depth"	"Sequencing_Depth"	"Sequencing_Depth"	2.68232550725567	0	0.910219033330378	0.0032097580176604	0.0967452944117132	0.00640921348878886	0.102020167783013	NA	"prevalence"	47	34
"MGYG000411571"	"Sex"	"M"	"SexM"	-3.84131066324991	0	1.30464131045721	0.0032364178094879	0.0967452944117132	0.0032364178094879	0.0914858855441843	NA	"prevalence"	47	11
"MGYG000411610"	"Sequencing_Depth"	"Sequencing_Depth"	"Sequencing_Depth"	1.53883624489553	0	0.521815651168319	0.00318800240567168	0.0967452944117132	0.0063658414520048	0.102020167783013	NA	"prevalence"	47	17
"Muribaculum sp910578785"	"Sex"	"M"	"SexM"	-3.7334960016582	0	1.26649800961801	0.00319951557292031	0.0967452944117132	0.00638879424593927	0.102020167783013	NA	"prevalence"	47	35
"UBA5026 sp910586425"	"Sequencing_Depth"	"Sequencing_Depth"	"Sequencing_Depth"	1.95868794036853	0	0.665022402130547	0.00322645645843429	0.0967452944117132	0.0064425028955904	0.102020167783013	NA	"prevalence"	47	25
"Adlercreutzia muris"	"Sex"	"M"	"SexM"	-3.2693526856371	-0.415249466173014	0.910670315597031	0.00341207383693076	0.0967669706521028	0.00341207383693076	0.0914858855441843	NA	"abundance"	47	42
"CAG-95 sp910585005"	"Sex"	"M"	"SexM"	2.35467949924822	-0.415249466173014	0.862352592889504	0.00344207147658149	0.0967669706521028	0.00344207147658149	0.0914858855441843	NA	"abundance"	47	32
"Clostridioides difficile"	"Sex"	"M"	"SexM"	1.09068647219532	-0.415249466173014	0.428353881207123	0.00326193604656666	0.0967669706521028	0.00326193604656666	0.0914858855441843	NA	"abundance"	47	20
"JAAVYW01 sp022791315"	"Sex"	"M"	"SexM"	3.80243618596283	-0.415249466173014	1.02697992522518	0.00343016612195135	0.0967669706521028	0.00684856620427852	0.102029124248726	NA	"abundance"	47	13
"Paramuribaculum sp001689535"	"Sex"	"M"	"SexM"	-3.45360811107035	-0.415249466173014	0.976792989731914	0.00347508173015787	0.0967669706521028	0.00347508173015787	0.0914858855441843	NA	"abundance"	47	45
"Anaerotignum sp910576545"	"Sequencing_Depth"	"Sequencing_Depth"	"Sequencing_Depth"	2.13284696559356	0	0.725815534980949	0.00329748935880749	0.0967669706521028	0.00658410528154353	0.102020167783013	NA	"prevalence"	47	32
"Caccovivens sp910587225"	"Sequencing_Depth"	"Sequencing_Depth"	"Sequencing_Depth"	1.50120369868294	0	0.512966717822619	0.00342785328914031	0.0967669706521028	0.00684395640010876	0.102029124248726	NA	"prevalence"	47	14
"CAG-485 sp910579305"	"Sequencing_Depth"	"Sequencing_Depth"	"Sequencing_Depth"	2.38232589620874	0	0.813044359541692	0.00338819919965781	0.0967669706521028	0.00676491850549905	0.102029124248726	NA	"prevalence"	47	32
"CAG-873 sp910587355"	"Sex"	"M"	"SexM"	-2.18922628771094	0	0.748192521922051	0.00343328857578197	0.0967669706521028	0.00685478968111934	0.102029124248726	NA	"prevalence"	47	24
"Duncaniella sp014801945"	"Sequencing_Depth"	"Sequencing_Depth"	"Sequencing_Depth"	2.15628657112838	0	0.733642336009931	0.00329111291557972	0.0967669706521028	0.00657139440693635	0.102020167783013	NA	"prevalence"	47	28
"Enterenecus sp910585265"	"Sequencing_Depth"	"Sequencing_Depth"	"Sequencing_Depth"	1.99668566656079	0	0.680298033442598	0.00333530404550516	0.0967669706521028	0.00665948383793436	0.102020167783013	NA	"prevalence"	47	28
"Limosilactobacillus equigenerosi"	"Sequencing_Depth"	"Sequencing_Depth"	"Sequencing_Depth"	1.61759913476448	0	0.553340016273113	0.00346301905767024	0.0967669706521028	0.0069140456143467	0.102029124248726	NA	"prevalence"	47	23
"Merdisoma sp910574835"	"Sequencing_Depth"	"Sequencing_Depth"	"Sequencing_Depth"	3.31474928805927	0	1.12874031306848	0.00331746056116647	0.0967669706521028	0.00662391557775804	0.102020167783013	NA	"prevalence"	47	35
"MGYG000325316"	"Sequencing_Depth"	"Sequencing_Depth"	"Sequencing_Depth"	1.67807631564184	0	0.573087364760613	0.00341003585369376	0.0967669706521028	0.00680844336286403	0.102029124248726	NA	"prevalence"	47	19
"MGYG000325448"	"Sequencing_Depth"	"Sequencing_Depth"	"Sequencing_Depth"	1.52238775818896	0	0.519707888729009	0.00339710713658504	0.0967669706521028	0.00678267393627266	0.102029124248726	NA	"prevalence"	47	25
"MGYG000325596"	"Sequencing_Depth"	"Sequencing_Depth"	"Sequencing_Depth"	1.90283706396492	0	0.650805762177042	0.00345767765151213	0.0967669706521028	0.0069033997682825	0.102029124248726	NA	"prevalence"	47	19
"MGYG000325668"	"Sequencing_Depth"	"Sequencing_Depth"	"Sequencing_Depth"	2.51743322140872	0	0.86103167235296	0.00345852875317685	0.0967669706521028	0.00690509608521715	0.102029124248726	NA	"prevalence"	47	16
"MGYG000325747"	"Sequencing_Depth"	"Sequencing_Depth"	"Sequencing_Depth"	1.4031751830776	0	0.480441609503868	0.00349364082698775	0.0967669706521028	0.00697507612774751	0.102029124248726	NA	"prevalence"	47	25
"MGYG000328328"	"Sequencing_Depth"	"Sequencing_Depth"	"Sequencing_Depth"	1.35104550120197	0	0.459917791810475	0.0033078436477808	0.0967669706521028	0.00660474546596343	0.102020167783013	NA	"prevalence"	47	18
"MGYG000329428"	"Sequencing_Depth"	"Sequencing_Depth"	"Sequencing_Depth"	1.93292426868354	0	0.660770167131295	0.00344168990368489	0.0967669706521028	0.00687153457797666	0.102029124248726	NA	"prevalence"	47	31
"MGYG000329571"	"Sequencing_Depth"	"Sequencing_Depth"	"Sequencing_Depth"	1.36359887436819	0	0.464586116469781	0.00333458335531375	0.0967669706521028	0.00665804726447397	0.102020167783013	NA	"prevalence"	47	11
"MGYG000329711"	"Sequencing_Depth"	"Sequencing_Depth"	"Sequencing_Depth"	1.46215930214044	0	0.497279515891647	0.00327876853812511	0.0967669706521028	0.00654678675312362	0.102020167783013	NA	"prevalence"	47	21
"MGYG000331110"	"Sequencing_Depth"	"Sequencing_Depth"	"Sequencing_Depth"	1.3366282252193	0	0.455681638042299	0.00335433530809822	0.0967669706521028	0.00669741905083728	0.102020167783013	NA	"prevalence"	47	11
"MGYG000331229"	"Sequencing_Depth"	"Sequencing_Depth"	"Sequencing_Depth"	1.42570298175905	0	0.484674440644752	0.00326554795598062	0.0967669706521028	0.00652043210850844	0.102020167783013	NA	"prevalence"	47	14
"MGYG000331839"	"Sequencing_Depth"	"Sequencing_Depth"	"Sequencing_Depth"	1.95545567941167	0	0.669436168316211	0.00348855240644763	0.0967669706521028	0.00696493481500272	0.102029124248726	NA	"prevalence"	47	24
"MGYG000410955"	"Sequencing_Depth"	"Sequencing_Depth"	"Sequencing_Depth"	1.22300098716101	0	0.418587055383695	0.00348086135064914	0.0967669706521028	0.00694960630555583	0.102029124248726	NA	"prevalence"	47	16
"Pelethomonas sp910579725"	"Sequencing_Depth"	"Sequencing_Depth"	"Sequencing_Depth"	1.86742472013812	0	0.635880797885823	0.00331668358583973	0.0967669706521028	0.00662236678167088	0.102020167783013	NA	"prevalence"	47	30
"UBA3282 sp910575775"	"Sequencing_Depth"	"Sequencing_Depth"	"Sequencing_Depth"	2.71849511910482	0	0.928803302110595	0.00342381774824706	0.0967669706521028	0.0068359129685209	0.102029124248726	NA	"prevalence"	47	34
"UBA3402 sp910579515"	"Sequencing_Depth"	"Sequencing_Depth"	"Sequencing_Depth"	1.6150904091929	0	0.552730335176658	0.00347766551206235	0.0967669706521028	0.00694323686671091	0.102029124248726	NA	"prevalence"	47	19
"UBA3402 sp910588325"	"Genotype"	"MUT"	"GenotypeMUT"	-2.27051031276476	0	0.776138732729617	0.00344022176631323	0.0967669706521028	0.00686860840682504	0.102029124248726	NA	"prevalence"	47	25
"UBA7173 sp910585755"	"Sequencing_Depth"	"Sequencing_Depth"	"Sequencing_Depth"	2.44974876346725	0	0.838532851600933	0.00348383567595588	0.0967669706521028	0.00695553424089469	0.102029124248726	NA	"prevalence"	47	32
"Pseudobutyricicoccus sp910579575"	"Sex"	"M"	"SexM"	-2.20140587336729	0	0.754053360828432	0.0035067233463791	0.0969172579005822	0.00700114958413017	0.102029124248726	NA	"prevalence"	47	29
"MGYG000325797"	"Sequencing_Depth"	"Sequencing_Depth"	"Sequencing_Depth"	1.33408245829308	0	0.457870124578871	0.00357207256201861	0.0980808991106975	0.00713138542164889	0.103288180656177	NA	"prevalence"	47	15
"Paratractidigestivibacter sp003150175"	"Sequencing_Depth"	"Sequencing_Depth"	"Sequencing_Depth"	2.60417279407797	0	0.893648251996006	0.00356725309238853	0.0980808991106975	0.0071217808901519	0.103288180656177	NA	"prevalence"	47	17
"Adlercreutzia hattorii"	"Sex"	"M"	"SexM"	-1.43269317616081	-0.415249466173014	0.322189535310123	0.00372233089167406	0.0981220766021028	0.00743080603608102	0.103765953329189	NA	"abundance"	47	38
"Akkermansia muciniphila_A"	"Sex"	"M"	"SexM"	1.73600386959047	-0.415249466173014	0.69646816288419	0.00361666093586299	0.0981220766021028	0.00361666093586299	0.0916220770418625	NA	"abundance"	47	47
"Enterenecus sp910588495"	"Sex"	"M"	"SexM"	-2.65492576928894	-0.415249466173014	0.721023694685634	0.00367608717755896	0.0981220766021028	0.00367608717755896	0.0918133200197261	NA	"abundance"	47	42
"MGYG000327375"	"Sex"	"M"	"SexM"	-1.85666022249611	-0.415249466173014	0.332478093119222	0.00362309031421226	0.0981220766021028	0.00723305384499959	0.103765953329189	NA	"abundance"	47	12
"MGYG000373138"	"Sequencing_Depth"	"Sequencing_Depth"	"Sequencing_Depth"	0.106217606939605	-0.534932639053454	0.202165875666308	0.0036789004380543	0.0981220766021028	0.00734426656767549	0.103765953329189	NA	"abundance"	47	34
"Anaerotruncus colihominis_A"	"Sequencing_Depth"	"Sequencing_Depth"	"Sequencing_Depth"	2.50502242326899	0	0.862302577416865	0.00367207605855218	0.0981220766021028	0.00733066797452456	0.103765953329189	NA	"prevalence"	47	23
"Butyribacter sp910585905"	"Sequencing_Depth"	"Sequencing_Depth"	"Sequencing_Depth"	1.57463242103081	0	0.540683698823546	0.00358779393247316	0.0981220766021028	0.00716271559964443	0.10352980339118	NA	"prevalence"	47	25
"CAG-485 sp001701295"	"Sex"	"M"	"SexM"	-3.32291212056778	0	1.14573155079724	0.00372860790374557	0.0981220766021028	0.00744331329059127	0.103765953329189	NA	"prevalence"	47	35
"CAG-485 sp910588245"	"Sex"	"M"	"SexM"	-3.32291212056778	0	1.14573155079724	0.00372860790374557	0.0981220766021028	0.00744331329059127	0.103765953329189	NA	"prevalence"	47	35
"CAG-873 sp910577355"	"Sex"	"M"	"SexM"	-2.41855160712214	0	0.832752049930319	0.00368089644770871	0.0981220766021028	0.00734824389675866	0.103765953329189	NA	"prevalence"	47	29
"Merdisoma sp910574475"	"Sequencing_Depth"	"Sequencing_Depth"	"Sequencing_Depth"	2.52608050388531	0	0.869042268237301	0.00365215835853868	0.0981220766021028	0.00729097845640152	0.103765953329189	NA	"prevalence"	47	34
"MGYG000322989"	"Sequencing_Depth"	"Sequencing_Depth"	"Sequencing_Depth"	1.46764642216347	0	0.50497648891506	0.00365653650997151	0.0981220766021028	0.00729970276069427	0.103765953329189	NA	"prevalence"	47	14
"MGYG000324149"	"Sequencing_Depth"	"Sequencing_Depth"	"Sequencing_Depth"	1.52560019642819	0	0.525641491992889	0.00370364109143313	0.0981220766021028	0.00739356522553211	0.103765953329189	NA	"prevalence"	47	25
"MGYG000325430"	"Sequencing_Depth"	"Sequencing_Depth"	"Sequencing_Depth"	1.75567898099832	0	0.604561338253126	0.00368364213977145	0.0981220766021028	0.007353715060129	0.103765953329189	NA	"prevalence"	47	7
"MGYG000325467"	"Sequencing_Depth"	"Sequencing_Depth"	"Sequencing_Depth"	1.39707792131455	0	0.481196891568543	0.00369206212503711	0.0981220766021028	0.00737049292733909	0.103765953329189	NA	"prevalence"	47	17
"MGYG000329730"	"Sequencing_Depth"	"Sequencing_Depth"	"Sequencing_Depth"	1.76652414656788	0	0.607213335013377	0.00362318487527409	0.0981220766021028	0.00723324228190777	0.103765953329189	NA	"prevalence"	47	20
"MGYG000405682"	"Sex"	"M"	"SexM"	-2.19935385521734	0	0.757492588078425	0.00369057226983457	0.0981220766021028	0.00736752421599027	0.103765953329189	NA	"prevalence"	47	26
"Senegalimassilia faecalis"	"Sequencing_Depth"	"Sequencing_Depth"	"Sequencing_Depth"	1.80097951547637	0	0.619744858776231	0.00366079644553528	0.0981220766021028	0.00730819146045491	0.103765953329189	NA	"prevalence"	47	23
"UBA3402 sp022796015"	"Sequencing_Depth"	"Sequencing_Depth"	"Sequencing_Depth"	1.51219256448674	0	0.521382923423743	0.00372747100845957	0.0981220766021028	0.00744104797680024	0.103765953329189	NA	"prevalence"	47	23
"W0P33-017 sp910589045"	"Sequencing_Depth"	"Sequencing_Depth"	"Sequencing_Depth"	1.2885136800436	0	0.444029404954615	0.00370947584625604	0.0981220766021028	0.00740519148145812	0.103765953329189	NA	"prevalence"	47	12
"MGYG000338472"	"Sex"	"M"	"SexM"	-2.18764788000416	0	0.754885595339195	0.00375567365034729	0.0986292885188714	0.00749724221612668	0.104144017698043	NA	"prevalence"	47	20
"MGYG000328855"	"Genotype"	"MUT"	"GenotypeMUT"	-1.98346136556948	0	0.684890397423084	0.0037791938597786	0.0986330636640775	0.00754410541332742	0.104144017698043	NA	"prevalence"	47	26
"MGYG000411366"	"Sequencing_Depth"	"Sequencing_Depth"	"Sequencing_Depth"	2.02106287670079	0	0.697860384204041	0.00377850236598832	0.0986330636640775	0.00754272765184685	0.104144017698043	NA	"prevalence"	47	31
"Paramuribaculum sp014801865"	"Sequencing_Depth"	"Sequencing_Depth"	"Sequencing_Depth"	1.60821608765769	0	0.555099764580536	0.00376550619587007	0.0986330636640775	0.00751683335482901	0.104144017698043	NA	"prevalence"	47	19
"Lawsonibacter sp022793355"	"Sequencing_Depth"	"Sequencing_Depth"	"Sequencing_Depth"	2.03470409903203	0	0.702979360319219	0.00379882791032044	0.0989414890716794	0.00758322472714866	0.104276716676044	NA	"prevalence"	47	31
"Eubacterium_F sp910579145"	"Sequencing_Depth"	"Sequencing_Depth"	"Sequencing_Depth"	1.82408312798503	0	0.63041405682921	0.00381012674495965	0.0990320006934277	0.00760573642410665	0.104383194263273	NA	"prevalence"	47	17
"C-19 sp910576855"	"Genotype"	"MUT"	"GenotypeMUT"	-1.83004839850129	0.195151488441185	0.639298192531273	0.00383499169985269	0.09906801007497	0.00383499169985269	0.0924413033859377	NA	"abundance"	47	32
"MGYG000325663"	"Sequencing_Depth"	"Sequencing_Depth"	"Sequencing_Depth"	1.72508140764498	0	0.596436216869172	0.00382414340771278	0.09906801007497	0.00763366274262281	0.104464558421264	NA	"prevalence"	47	23
"MGYG000409996"	"Sex"	"M"	"SexM"	-2.38634210247468	0	0.825214552128937	0.00383061406564413	0.09906801007497	0.00764655452716834	0.104464558421264	NA	"prevalence"	47	20
"Faecivivens sp022793675"	"Genotype"	"MUT"	"GenotypeMUT"	0.89927560775993	0.195151488441185	0.18440276449008	0.00389896368805009	0.0991025750267833	0.00778272545825946	0.104464558421264	NA	"abundance"	47	15
"MGYG000328504"	"Genotype"	"MUT"	"GenotypeMUT"	-1.38282356412059	0.195151488441185	0.508879043878945	0.00389084680960172	0.0991025750267833	0.00776655493030766	0.104464558421264	NA	"abundance"	47	40
"1XD8-76 sp910584915"	"Sequencing_Depth"	"Sequencing_Depth"	"Sequencing_Depth"	1.46476897628399	0	0.507388448602446	0.0038908402665571	0.0991025750267833	0.00776654189513433	0.104464558421264	NA	"prevalence"	47	8
"Acetatifactor sp910588225"	"Sequencing_Depth"	"Sequencing_Depth"	"Sequencing_Depth"	1.50358281777203	0	0.520230206294552	0.00384965078185249	0.0991025750267833	0.00768448175256277	0.104464558421264	NA	"prevalence"	47	8
"Eggerthella lenta"	"Sequencing_Depth"	"Sequencing_Depth"	"Sequencing_Depth"	2.33586809845239	0	0.808690992392249	0.00387138569014597	0.0991025750267833	0.00772778375313007	0.104464558421264	NA	"prevalence"	47	28
"Intestinimonas butyriciproducens"	"Sequencing_Depth"	"Sequencing_Depth"	"Sequencing_Depth"	1.62633594342032	0	0.563283275494586	0.00388633407038655	0.0991025750267833	0.00388633407038655	0.0924413033859377	NA	"prevalence"	47	6
"MGYG000328055"	"Sequencing_Depth"	"Sequencing_Depth"	"Sequencing_Depth"	1.30786405100804	0	0.452712927201414	0.00386533136312862	0.0991025750267833	0.00771572193971045	0.104464558421264	NA	"prevalence"	47	15
"MGYG000337810"	"Sex"	"M"	"SexM"	-3.75342920841932	0	1.30034888038734	0.00389579246655006	0.0991025750267833	0.00777640773415769	0.104464558421264	NA	"prevalence"	47	31
"Acutalibacter sp910574935"	"Genotype"	"MUT"	"GenotypeMUT"	1.77486807405267	0.195151488441185	0.520772791944923	0.00438631063851558	0.0992724934681975	0.00438631063851558	0.0954309539530356	NA	"abundance"	47	44
"Adlercreutzia mucosicola"	"Sex"	"M"	"SexM"	-1.74962415955923	-0.415249466173014	0.431097184087861	0.00411334838981259	0.0992724934681975	0.0082097771446492	0.104464558421264	NA	"abundance"	47	39
"MGYG000325313"	"Sex"	"M"	"SexM"	0.679457007333812	-0.415249466173014	0.295085011799389	0.00438912903722155	0.0992724934681975	0.00875899362073772	0.104464558421264	NA	"abundance"	47	15
"MGYG000325434"	"Sex"	"M"	"SexM"	-1.3686428194608	-0.415249466173014	0.26128433537244	0.00426359130613285	0.0992724934681975	0.00850900440143997	0.104464558421264	NA	"abundance"	47	16
"MGYG000325560"	"Sex"	"M"	"SexM"	1.66120044194469	-0.415249466173014	0.646675425785407	0.00427966265906576	0.0992724934681975	0.0059054205443111	0.10033536636344	NA	"abundance"	47	26
"MGYG000329173"	"Genotype"	"MUT"	"GenotypeMUT"	1.92223897015247	0.195151488441185	0.557732993040832	0.00433511458248947	0.0992724934681975	0.00433511458248947	0.0951571113945205	NA	"abundance"	47	35
"MGYG000329834"	"Sex"	"M"	"SexM"	-2.11593738891447	-0.415249466173014	0.545760117044416	0.00404971856926073	0.0992724934681975	0.00808303691803124	0.104464558421264	NA	"abundance"	47	36
"MGYG000329896"	"Site"	"Jejunum"	"SiteJejunum"	-0.583942819269506	0.0793922236573236	0.210034300313429	0.00430977337168592	0.0992724934681975	0.00430977337168592	0.0948955706887106	NA	"abundance"	47	31
"MGYG000366993"	"Genotype"	"MUT"	"GenotypeMUT"	-0.8921292384628	0.195151488441185	0.348647504203454	0.00411321167626544	0.0992724934681975	0.00820950484223711	0.104464558421264	NA	"abundance"	47	36
"1XD42-69 sp022794015"	"Sequencing_Depth"	"Sequencing_Depth"	"Sequencing_Depth"	1.30117700006387	0	0.453103437051947	0.00408270744373546	0.0992724934681975	0.0081487463873998	0.104464558421264	NA	"prevalence"	47	22
"1XD42-69 sp910585825"	"Sequencing_Depth"	"Sequencing_Depth"	"Sequencing_Depth"	1.66730461641397	0	0.580889678000911	0.00410133942478828	0.0992724934681975	0.00818585786449923	0.104464558421264	NA	"prevalence"	47	18
"Acetatifactor sp003612485"	"Genotype"	"MUT"	"GenotypeMUT"	-2.20678959159151	0	0.765798345747868	0.00395554977405831	0.0992724934681975	0.00789545317410158	0.104464558421264	NA	"prevalence"	47	21
"Acetatifactor sp910578995"	"Sequencing_Depth"	"Sequencing_Depth"	"Sequencing_Depth"	1.53411050356299	0	0.534762372888004	0.00412070714879387	0.0992724934681975	0.00822443407018161	0.104464558421264	NA	"prevalence"	47	23
"Acetatifactor sp910585665"	"Genotype"	"MUT"	"GenotypeMUT"	2.71390516156174	0	0.94960966228527	0.00426432533843531	0.0992724934681975	0.00851046620627859	0.104464558421264	NA	"prevalence"	47	21
"Acetatifactor sp910585665"	"Sequencing_Depth"	"Sequencing_Depth"	"Sequencing_Depth"	2.12316242177567	0	0.736529107232746	0.00394333791707144	0.0992724934681975	0.00787112592021466	0.104464558421264	NA	"prevalence"	47	21
"Alistipes sp900552955"	"Genotype"	"MUT"	"GenotypeMUT"	-4.71844760786224	0	1.64223056277285	0.00406344031386648	0.0992724934681975	0.00406344031386648	0.0925220051811803	NA	"prevalence"	47	13
"Anaerocaecibacter sp910579205"	"Sequencing_Depth"	"Sequencing_Depth"	"Sequencing_Depth"	1.32158008744176	0	0.460824616830232	0.00413259483412857	0.0992724934681975	0.00824811132819408	0.104464558421264	NA	"prevalence"	47	9
"Anaerotardibacter sp900753095"	"Sex"	"M"	"SexM"	-2.4276248080415	0	0.843156346731676	0.0039867183401225	0.0992724934681975	0.00795754275712152	0.104464558421264	NA	"prevalence"	47	22
"Anaerotignum sp910578425"	"Sequencing_Depth"	"Sequencing_Depth"	"Sequencing_Depth"	1.47799733745061	0	0.51538957132873	0.00413430206285498	0.0992724934681975	0.00825151167216304	0.104464558421264	NA	"prevalence"	47	25
"Anaerotruncus sp910586875"	"Sequencing_Depth"	"Sequencing_Depth"	"Sequencing_Depth"	1.3925840402818	0	0.483844353402853	0.00399995453952086	0.0992724934681975	0.0079839094427235	0.104464558421264	NA	"prevalence"	47	13
"C-19 sp910576345"	"Sequencing_Depth"	"Sequencing_Depth"	"Sequencing_Depth"	1.33793417040366	0	0.466582078837812	0.0041370061644491	0.0992724934681975	0.00825689750889351	0.104464558421264	NA	"prevalence"	47	17
"Caccovicinus sp910588895"	"Sequencing_Depth"	"Sequencing_Depth"	"Sequencing_Depth"	1.68645233858726	0	0.589050565884295	0.00419649285175226	0.0992724934681975	0.00837537515124971	0.104464558421264	NA	"prevalence"	47	17
"CAG-317 sp011960265"	"Sequencing_Depth"	"Sequencing_Depth"	"Sequencing_Depth"	2.78524997660836	0	0.977398688292133	0.00437665453474413	0.0992724934681975	0.00873415396457176	0.104464558421264	NA	"prevalence"	47	33
"CAG-873 sp009775195"	"Sequencing_Depth"	"Sequencing_Depth"	"Sequencing_Depth"	2.13723600339191	0	0.743999656309126	0.00407070090984354	0.0992724934681975	0.00812483121378967	0.104464558421264	NA	"prevalence"	47	32
"CAG-95 sp000403495"	"Sequencing_Depth"	"Sequencing_Depth"	"Sequencing_Depth"	1.66229305821711	0	0.577020303272034	0.00396638973813281	0.0992724934681975	0.00791704722871086	0.104464558421264	NA	"prevalence"	47	19
"Choladocola sp910587495"	"Sequencing_Depth"	"Sequencing_Depth"	"Sequencing_Depth"	1.84449158593434	0	0.645296717730491	0.00425834350910575	0.0992724934681975	0.00849855352876996	0.104464558421264	NA	"prevalence"	47	32
"COE1 sp003513705"	"Sequencing_Depth"	"Sequencing_Depth"	"Sequencing_Depth"	1.44779070704364	0	0.503371247053844	0.00402508969049641	0.0992724934681975	0.00803397803397629	0.104464558421264	NA	"prevalence"	47	19
"Copromonas sp910585355"	"Sequencing_Depth"	"Sequencing_Depth"	"Sequencing_Depth"	1.38733149787732	0	0.483668747364377	0.00412618136384219	0.0992724934681975	0.00823533735503706	0.104464558421264	NA	"prevalence"	47	14
"Cryptobacteroides sp000431015"	"Sequencing_Depth"	"Sequencing_Depth"	"Sequencing_Depth"	1.60982961582602	0	0.564021310157647	0.00431453616843143	0.0992724934681975	0.00861045711451417	0.104464558421264	NA	"prevalence"	47	7
"Cryptobacteroides sp910585445"	"Sequencing_Depth"	"Sequencing_Depth"	"Sequencing_Depth"	1.41206706683456	0	0.495623862433425	0.00438472351347231	0.0992724934681975	0.00875022122665502	0.104464558421264	NA	"prevalence"	47	24
"D16-34 sp910577495"	"Genotype"	"MUT"	"GenotypeMUT"	-2.98345177268503	0	1.03576955807999	0.0039714521272236	0.0992724934681975	0.00792713182244838	0.104464558421264	NA	"prevalence"	47	24
"Dysosmobacter sp022795445"	"Sequencing_Depth"	"Sequencing_Depth"	"Sequencing_Depth"	1.5284637218862	0	0.532244272994761	0.00408227039748692	0.0992724934681975	0.00814787586337563	0.104464558421264	NA	"prevalence"	47	28
"Flavonifractor plautii"	"Sequencing_Depth"	"Sequencing_Depth"	"Sequencing_Depth"	1.26897931133004	0	0.444439551779944	0.00430050109802473	0.0992724934681975	0.00858250788635535	0.104464558421264	NA	"prevalence"	47	15
"JAAWPK01 sp022791735"	"Sequencing_Depth"	"Sequencing_Depth"	"Sequencing_Depth"	1.60860533270199	0	0.561260354366987	0.00415616678629453	0.0992724934681975	0.00829505985023356	0.104464558421264	NA	"prevalence"	47	17
"Lawsonibacter sp009911645"	"Sequencing_Depth"	"Sequencing_Depth"	"Sequencing_Depth"	2.32285236390265	0	0.815450774885884	0.00439189416512803	0.0992724934681975	0.00876449959589838	0.104464558421264	NA	"prevalence"	47	34
"Lawsonibacter sp910577805"	"Sequencing_Depth"	"Sequencing_Depth"	"Sequencing_Depth"	1.48607250644484	0	0.518784182130545	0.00417629474811839	0.0992724934681975	0.00833514805841361	0.104464558421264	NA	"prevalence"	47	26
"Marvinbryantia sp900550755"	"Sex"	"M"	"SexM"	-2.60007573719075	0	0.9049870273352	0.00406525848895123	0.0992724934681975	0.00811399065132047	0.104464558421264	NA	"prevalence"	47	16
"MD308 sp910579335"	"Sequencing_Depth"	"Sequencing_Depth"	"Sequencing_Depth"	1.84157485526585	0	0.640429358306459	0.00403347773647337	0.0992724934681975	0.00805068653029611	0.104464558421264	NA	"prevalence"	47	18
"MGYG000323430"	"Sequencing_Depth"	"Sequencing_Depth"	"Sequencing_Depth"	1.71481652406173	0	0.600125709100559	0.00427088351735183	0.0992724934681975	0.00852352658868488	0.104464558421264	NA	"prevalence"	47	18
"MGYG000324257"	"Sequencing_Depth"	"Sequencing_Depth"	"Sequencing_Depth"	1.70671007689237	0	0.598413318934226	0.00434370409933419	0.0992724934681975	0.00866854043336582	0.104464558421264	NA	"prevalence"	47	25
"MGYG000325343"	"Sequencing_Depth"	"Sequencing_Depth"	"Sequencing_Depth"	2.79145185465742	0	0.972157495998296	0.00408659624931865	0.0992724934681975	0.00815649222973236	0.104464558421264	NA	"prevalence"	47	35
"MGYG000325380"	"Sequencing_Depth"	"Sequencing_Depth"	"Sequencing_Depth"	1.20157340831676	0	0.4185447419777	0.00409387563610324	0.0992724934681975	0.0081709914544826	0.104464558421264	NA	"prevalence"	47	17
"MGYG000325408"	"Sequencing_Depth"	"Sequencing_Depth"	"Sequencing_Depth"	1.85511224633311	0	0.650647851833616	0.00435577034452688	0.0992724934681975	0.0086925679537595	0.104464558421264	NA	"prevalence"	47	6
"MGYG000325456"	"Sequencing_Depth"	"Sequencing_Depth"	"Sequencing_Depth"	1.95273546277392	0	0.68528687807709	0.00437858959576581	0.0992724934681975	0.00873800714468347	0.104464558421264	NA	"prevalence"	47	29
"MGYG000325468"	"Sequencing_Depth"	"Sequencing_Depth"	"Sequencing_Depth"	1.37700205900717	0	0.481583513567619	0.00424548370573136	0.0992724934681975	0.0084729432795671	0.104464558421264	NA	"prevalence"	47	12
"MGYG000326584"	"Sequencing_Depth"	"Sequencing_Depth"	"Sequencing_Depth"	1.2865043961877	0	0.449185502840613	0.00418218898871728	0.0992724934681975	0.00834688727269722	0.104464558421264	NA	"prevalence"	47	12
"MGYG000330154"	"Sequencing_Depth"	"Sequencing_Depth"	"Sequencing_Depth"	1.40379472218483	0	0.490034327589245	0.00417422271571137	0.0992724934681975	0.00833102129614237	0.104464558421264	NA	"prevalence"	47	7
"MGYG000331010"	"Sequencing_Depth"	"Sequencing_Depth"	"Sequencing_Depth"	1.56227085370903	0	0.546757284191375	0.00427209443579485	0.0992724934681975	0.00852593808072134	0.104464558421264	NA	"prevalence"	47	24
"MGYG000337677"	"Sequencing_Depth"	"Sequencing_Depth"	"Sequencing_Depth"	1.26736401261234	0	0.444595483893046	0.00436367874185537	0.0992724934681975	0.00870831579154862	0.104464558421264	NA	"prevalence"	47	11
"MGYG000348936"	"Sequencing_Depth"	"Sequencing_Depth"	"Sequencing_Depth"	3.27523554266928	0	1.13598617579111	0.003937012031431	0.0992724934681975	0.00785852399912637	0.104464558421264	NA	"prevalence"	47	36
"MGYG000373138"	"Sex"	"M"	"SexM"	-3.76348921352817	0	1.30648566352062	0.00396893370728132	0.0992724934681975	0.00792211497978985	0.104464558421264	NA	"prevalence"	47	34
"MGYG000410724"	"Sequencing_Depth"	"Sequencing_Depth"	"Sequencing_Depth"	1.32832188198136	0	0.466149864779855	0.0043779784787823	0.0992724934681975	0.00873679026200392	0.104464558421264	NA	"prevalence"	47	17
"MGYG000410806"	"Sequencing_Depth"	"Sequencing_Depth"	"Sequencing_Depth"	1.76818091260203	0	0.618850895876497	0.00427396151968458	0.0992724934681975	0.00852965629229742	0.104464558421264	NA	"prevalence"	47	8
"Paralachnospira sp910587905"	"Genotype"	"MUT"	"GenotypeMUT"	-2.51033960502031	0	0.880106950898493	0.00434024792755354	0.0992724934681975	0.00866165810303444	0.104464558421264	NA	"prevalence"	47	20
"Parasutterella excrementihominis"	"Sequencing_Depth"	"Sequencing_Depth"	"Sequencing_Depth"	1.44718030995327	0	0.507142498204236	0.00432273293796556	0.0992724934681975	0.00862677985587815	0.104464558421264	NA	"prevalence"	47	20
"Pelethomonas sp910577915"	"Sequencing_Depth"	"Sequencing_Depth"	"Sequencing_Depth"	1.33401839954389	0	0.467511299242953	0.00432478328623897	0.0992724934681975	0.00863086282200499	0.104464558421264	NA	"prevalence"	47	19
"UBA3263 sp014801955"	"Sequencing_Depth"	"Sequencing_Depth"	"Sequencing_Depth"	1.95273546277392	0	0.68528687807709	0.00437858959576581	0.0992724934681975	0.00873800714468347	0.104464558421264	NA	"prevalence"	47	29
"UBA3282 sp003612405"	"Sequencing_Depth"	"Sequencing_Depth"	"Sequencing_Depth"	1.61728183271186	0	0.56116255538968	0.00395134373319533	0.0992724934681975	0.0078870743490928	0.104464558421264	NA	"prevalence"	47	20
"UBA3818 sp904397845"	"Sequencing_Depth"	"Sequencing_Depth"	"Sequencing_Depth"	1.26518112399377	0	0.439068997138949	0.00395776340324709	0.0992724934681975	0.0078998629153381	0.104464558421264	NA	"prevalence"	47	11
"UBA7185 sp910585405"	"Sex"	"M"	"SexM"	3.63831514212708	0	1.27705855532724	0.00438595447537966	0.0992724934681975	0.00438595447537966	0.0954309539530356	NA	"prevalence"	47	11
"UMGS124 sp900555105"	"Sequencing_Depth"	"Sequencing_Depth"	"Sequencing_Depth"	1.96069812731355	0	0.6869446872193	0.00431412869051811	0.0992724934681975	0.00860964567467786	0.104464558421264	NA	"prevalence"	47	18
"Dysosmobacter sp910584465"	"Genotype"	"MUT"	"GenotypeMUT"	1.32175387362049	0.195151488441185	0.353591633700307	0.00447028170722596	0.099273616927045	0.00892057999590997	0.104562659028731	NA	"abundance"	47	27
"MGYG000327375"	"Site"	"Jejunum"	"SiteJejunum"	-0.957736661259359	0.0793922236573236	0.252687683056654	0.00474207607368871	0.099273616927045	0.00474207607368871	0.0970465968650594	NA	"abundance"	47	12
"Pelethomonas sp910579485"	"Sex"	"M"	"SexM"	-2.7023224781443	-0.415249466173014	0.752972978618077	0.00456468342437599	0.099273616927045	0.00456468342437599	0.0960930091857962	NA	"abundance"	47	40
"14-2 sp910589635"	"Sequencing_Depth"	"Sequencing_Depth"	"Sequencing_Depth"	3.10217990835886	0	1.09090806063646	0.00445975469999394	0.099273616927045	0.00889961998800376	0.104562659028731	NA	"prevalence"	47	36
"1XD42-69 sp910588565"	"Sequencing_Depth"	"Sequencing_Depth"	"Sequencing_Depth"	1.23026665792797	0	0.434083259078367	0.00459445827848861	0.099273616927045	0.00916780751010444	0.104562659028731	NA	"prevalence"	47	19
"Acetatifactor sp910586435"	"Sequencing_Depth"	"Sequencing_Depth"	"Sequencing_Depth"	1.24614925961809	0	0.440633614585252	0.00468273900015653	0.099273616927045	0.00934354995576948	0.104562659028731	NA	"prevalence"	47	15
"Acetatifactor sp910589655"	"Sequencing_Depth"	"Sequencing_Depth"	"Sequencing_Depth"	2.68601638320439	0	0.947318948748417	0.00457701203928463	0.099273616927045	0.00913307503936151	0.104562659028731	NA	"prevalence"	47	35
"Acutalibacter sp910580045"	"Sequencing_Depth"	"Sequencing_Depth"	"Sequencing_Depth"	1.61469882562287	0	0.571743874636396	0.00474040296432017	0.099273616927045	0.00945833450837621	0.104562659028731	NA	"prevalence"	47	23
"Anaerocaecibacter sp910587805"	"Sequencing_Depth"	"Sequencing_Depth"	"Sequencing_Depth"	1.36872123398468	0	0.484368141915455	0.00471646043895492	0.099273616927045	0.00941067587883762	0.104562659028731	NA	"prevalence"	47	8
"Anaerotardibacter sp900753095"	"Sequencing_Depth"	"Sequencing_Depth"	"Sequencing_Depth"	1.78239234094551	0	0.629608593967614	0.0046409539445771	0.099273616927045	0.00926036943563851	0.104562659028731	NA	"prevalence"	47	22
"Bacteroides thetaiotaomicron"	"Sex"	"M"	"SexM"	3.17169404087469	0	1.12163527376051	0.00468777170975733	0.099273616927045	0.00935356821591185	0.104562659028731	NA	"prevalence"	47	14
"Bacteroides xylanisolvens"	"Sequencing_Depth"	"Sequencing_Depth"	"Sequencing_Depth"	1.62728514571229	0	0.575961418381855	0.00472309017133788	0.099273616927045	0.00942387276190917	0.104562659028731	NA	"prevalence"	47	27
"Blautia hominis"	"Sequencing_Depth"	"Sequencing_Depth"	"Sequencing_Depth"	1.22358871084527	0	0.431455156087842	0.00456884508274308	0.099273616927045	0.00911681582009605	0.104562659028731	NA	"prevalence"	47	14
"CAG-873 sp002493945"	"Sequencing_Depth"	"Sequencing_Depth"	"Sequencing_Depth"	1.69693833927337	0	0.598485977193364	0.00457704479805098	0.099273616927045	0.0091331402570186	0.104562659028731	NA	"prevalence"	47	24
"CAG-873 sp003979155"	"Sequencing_Depth"	"Sequencing_Depth"	"Sequencing_Depth"	1.7064183486252	0	0.599341317584074	0.00441117123245824	0.099273616927045	0.00880288403327441	0.104562659028731	NA	"prevalence"	47	28
"CAJTFG01 sp910575705"	"Sex"	"M"	"SexM"	-2.63826897549686	0	0.930347655106854	0.0045712739010377	0.099273616927045	0.0091216512569971	0.104562659028731	NA	"prevalence"	47	16
"Coproplasma sp910586065"	"Sex"	"M"	"SexM"	-2.07193268502968	0	0.73131243043752	0.00460888194090114	0.099273616927045	0.00919652208905712	0.104562659028731	NA	"prevalence"	47	29
"Dysosmobacter sp910589315"	"Genotype"	"MUT"	"GenotypeMUT"	2.36327544010846	0	0.836915991687721	0.00474593929750955	0.099273616927045	0.00946935465520344	0.104562659028731	NA	"prevalence"	47	31
"Eubacterium_F sp910577295"	"Sequencing_Depth"	"Sequencing_Depth"	"Sequencing_Depth"	1.48164673280728	0	0.523089097002206	0.00461864318365952	0.099273616927045	0.00921595450246107	0.104562659028731	NA	"prevalence"	47	10
"JAAWPK01 sp022791735"	"Genotype"	"MUT"	"GenotypeMUT"	-3.33059678357464	0	1.17893524398801	0.00472675105916022	0.099273616927045	0.00943115994274518	0.104562659028731	NA	"prevalence"	47	17
"Kineothrix sp910579645"	"Sequencing_Depth"	"Sequencing_Depth"	"Sequencing_Depth"	1.46050907084886	0	0.515609573752039	0.00461729728241681	0.099273616927045	0.0092132751306394	0.104562659028731	NA	"prevalence"	47	24
"Kineothrix sp910588855"	"Sequencing_Depth"	"Sequencing_Depth"	"Sequencing_Depth"	1.3541226463623	0	0.478628077517548	0.004666815579384	0.099273616927045	0.00931185199111601	0.104562659028731	NA	"prevalence"	47	25
"Limisoma sp000437795"	"Sex"	"M"	"SexM"	-2.25788645251093	0	0.794397082284072	0.00447943420186245	0.099273616927045	0.0089388030729561	0.104562659028731	NA	"prevalence"	47	24
"MGBC122484 sp910578465"	"Genotype"	"MUT"	"GenotypeMUT"	-2.62789753369118	0	0.927923423126935	0.00462549802021727	0.099273616927045	0.0092296008084995	0.104562659028731	NA	"prevalence"	47	19
"MGBC163016 sp910580205"	"Sex"	"M"	"SexM"	-2.48451279720891	0	0.87426063014127	0.00448533575001098	0.099273616927045	0.00895055326323163	0.104562659028731	NA	"prevalence"	47	31
"MGYG000325349"	"Genotype"	"MUT"	"GenotypeMUT"	-2.77982854663506	0	0.982628112199992	0.00466976164331744	0.099273616927045	0.00931771661282948	0.104562659028731	NA	"prevalence"	47	16
"MGYG000325419"	"Sequencing_Depth"	"Sequencing_Depth"	"Sequencing_Depth"	1.37480772710388	0	0.486853787430627	0.00474488653445614	0.099273616927045	0.00946725912068742	0.104562659028731	NA	"prevalence"	47	12
"MGYG000325661"	"Sequencing_Depth"	"Sequencing_Depth"	"Sequencing_Depth"	1.55766114079005	0	0.55098358160562	0.00469781914834953	0.099273616927045	0.00937356879194846	0.104562659028731	NA	"prevalence"	47	28
"MGYG000325715"	"Sequencing_Depth"	"Sequencing_Depth"	"Sequencing_Depth"	1.71206881531176	0	0.604898020130502	0.00464981405141704	0.099273616927045	0.00927800733212132	0.104562659028731	NA	"prevalence"	47	27
"MGYG000326943"	"Sex"	"M"	"SexM"	-2.0373944821951	0	0.719192740978515	0.00461291448608875	0.099273616927045	0.00920454999212153	0.104562659028731	NA	"prevalence"	47	27
"MGYG000329106"	"Sequencing_Depth"	"Sequencing_Depth"	"Sequencing_Depth"	2.28590179398324	0	0.809646400277979	0.00475271068555769	0.099273616927045	0.00948283311225477	0.104562659028731	NA	"prevalence"	47	34
"MGYG000329437"	"Sequencing_Depth"	"Sequencing_Depth"	"Sequencing_Depth"	2.34564562996867	0	0.826888996950738	0.00455807602414724	0.099273616927045	0.00909537599125258	0.104562659028731	NA	"prevalence"	47	34
"MGYG000329835"	"Sequencing_Depth"	"Sequencing_Depth"	"Sequencing_Depth"	1.52212283666346	0	0.536764192036638	0.00457198768049624	0.099273616927045	0.00912307228964188	0.104562659028731	NA	"prevalence"	47	18
"MGYG000330354"	"Sequencing_Depth"	"Sequencing_Depth"	"Sequencing_Depth"	1.39367957298203	0	0.48976809276005	0.0044329120846434	0.099273616927045	0.00884617345973662	0.104562659028731	NA	"prevalence"	47	22
"MGYG000409008"	"Sequencing_Depth"	"Sequencing_Depth"	"Sequencing_Depth"	1.43175011794095	0	0.505542177093732	0.00462422058547119	0.099273616927045	0.00922705775491929	0.104562659028731	NA	"prevalence"	47	25
"MGYG000410493"	"Sequencing_Depth"	"Sequencing_Depth"	"Sequencing_Depth"	1.55946729189655	0	0.547969690957837	0.00442860114552853	0.099273616927045	0.00442860114552853	0.0954309539530356	NA	"prevalence"	47	9
"MGYG000410945"	"Sequencing_Depth"	"Sequencing_Depth"	"Sequencing_Depth"	1.94560783760231	0	0.684127176073379	0.00445612376639262	0.099273616927045	0.00889239049376383	0.104562659028731	NA	"prevalence"	47	28
"Pelethomonas sp910584045"	"Sequencing_Depth"	"Sequencing_Depth"	"Sequencing_Depth"	1.38029189132564	0	0.487121373431406	0.00460314081506189	0.099273616927045	0.0091850927247605	0.104562659028731	NA	"prevalence"	47	22
"Phocaeicola faecalis"	"Sequencing_Depth"	"Sequencing_Depth"	"Sequencing_Depth"	1.71206881531176	0	0.604898020130502	0.00464981405141704	0.099273616927045	0.00927800733212132	0.104562659028731	NA	"prevalence"	47	27
"RGIG8607 sp910577045"	"Sequencing_Depth"	"Sequencing_Depth"	"Sequencing_Depth"	1.28172592421415	0	0.453272450662762	0.00468813237918425	0.099273616927045	0.00935428617316374	0.104562659028731	NA	"prevalence"	47	13
"UBA2821 sp014799465"	"Sequencing_Depth"	"Sequencing_Depth"	"Sequencing_Depth"	2.38799884786767	0	0.839434935544386	0.00444435803516014	0.099273616927045	0.00886896375197559	0.104562659028731	NA	"prevalence"	47	31
"UBA3282 sp009774215"	"Sequencing_Depth"	"Sequencing_Depth"	"Sequencing_Depth"	1.59049157598134	0	0.563092336443044	0.00473446682198613	0.099273616927045	0.00944651846788378	0.104562659028731	NA	"prevalence"	47	30
"UBA3282 sp910584725"	"Sequencing_Depth"	"Sequencing_Depth"	"Sequencing_Depth"	3.20882897809514	0	1.13031608909795	0.00452725252630023	0.099273616927045	0.00903400903716357	0.104562659028731	NA	"prevalence"	47	36
"VSOB01 sp910589075"	"Sequencing_Depth"	"Sequencing_Depth"	"Sequencing_Depth"	1.21228745474417	0	0.42785494110586	0.0046054615949549	0.099273616927045	0.0091897129134072	0.104562659028731	NA	"prevalence"	47	11
"Coproplasma sp910586035"	"Sex"	"M"	"SexM"	5.31697977488443	-0.415249466173014	1.02466900675198	0.00502613407621755	0.0994905978465519	0.00502613407621755	0.097327988084125	NA	"abundance"	47	9
"Eggerthella lenta"	"Sex"	"M"	"SexM"	-1.42820409508249	-0.415249466173014	0.322948933104963	0.00500508899061658	0.0994905978465519	0.00502104439706309	0.097327988084125	NA	"abundance"	47	28
"Enterenecus sp910587205"	"Genotype"	"MUT"	"GenotypeMUT"	1.35313034835686	0.195151488441185	0.372262289093997	0.00494381078435291	0.0994905978465519	0.00494381078435291	0.097327988084125	NA	"abundance"	47	29
"14-2 sp009774455"	"Sequencing_Depth"	"Sequencing_Depth"	"Sequencing_Depth"	2.6448184073798	0	0.943247862151698	0.00504809711637169	0.0994905978465519	0.0100707109482471	0.105260870522616	NA	"prevalence"	47	35
"14-2 sp910575075"	"Sex"	"M"	"SexM"	-2.63091742209387	0	0.935435484010919	0.00491571863502864	0.0994905978465519	0.00980727298035852	0.105076319492646	NA	"prevalence"	47	33
"Acetatifactor sp910586515"	"Sequencing_Depth"	"Sequencing_Depth"	"Sequencing_Depth"	1.20597280413801	0	0.42889478087265	0.00492628188859574	0.0994905978465519	0.00982829552394558	0.105076319492646	NA	"prevalence"	47	13
"Alistipes sp910577475"	"Sex"	"M"	"SexM"	-2.087892795399	0	0.740074575254856	0.00478454919788095	0.0994905978465519	0.00954620648473496	0.104734567039662	NA	"prevalence"	47	27
"Amulumruptor sp900539915"	"Sequencing_Depth"	"Sequencing_Depth"	"Sequencing_Depth"	1.59943543498989	0	0.568731720535712	0.00491909643336025	0.0994905978465519	0.00981399535699981	0.105076319492646	NA	"prevalence"	47	23
"Avidehalobacter sp021771915"	"Sequencing_Depth"	"Sequencing_Depth"	"Sequencing_Depth"	1.3296893903638	0	0.473737916441265	0.00500357046563774	0.0994905978465519	0.00998210521387088	0.105260870522616	NA	"prevalence"	47	23
"Bacteroides bouchesdurhonensis"	"Sequencing_Depth"	"Sequencing_Depth"	"Sequencing_Depth"	1.36406880236827	0	0.486274933954895	0.00502948786822977	0.0994905978465519	0.0100336799882429	0.105260870522616	NA	"prevalence"	47	17
"CAG-41 sp010206265"	"Sequencing_Depth"	"Sequencing_Depth"	"Sequencing_Depth"	1.57752031775346	0	0.56122005549473	0.00494067318729451	0.0994905978465519	0.00494067318729451	0.097327988084125	NA	"prevalence"	47	7
"CAG-485 sp014803765"	"Sequencing_Depth"	"Sequencing_Depth"	"Sequencing_Depth"	1.39350100547436	0	0.497043940991867	0.00505391486927894	0.0994905978465519	0.010082287683052	0.105260870522616	NA	"prevalence"	47	17
"CAG-873 sp910584495"	"Sequencing_Depth"	"Sequencing_Depth"	"Sequencing_Depth"	1.76119388323146	0	0.626747559134238	0.0049533336282008	0.0994905978465519	0.00988213174236934	0.105076319492646	NA	"prevalence"	47	26
"CAG-95 sp910586025"	"Sequencing_Depth"	"Sequencing_Depth"	"Sequencing_Depth"	1.44660420570798	0	0.515764519224391	0.00503514796327571	0.0994905978465519	0.0100449432115393	0.105260870522616	NA	"prevalence"	47	21
"Choladocola sp910585465"	"Sequencing_Depth"	"Sequencing_Depth"	"Sequencing_Depth"	1.48639621765483	0	0.527563784842394	0.00484033275604111	0.0994905978465519	0.00965723669089302	0.105011306048049	NA	"prevalence"	47	24
"Coproplasma sp910577375"	"Sequencing_Depth"	"Sequencing_Depth"	"Sequencing_Depth"	1.59466547985337	0	0.568732160838204	0.00504892847299249	0.0994905978465519	0.0100723652672596	0.105260870522616	NA	"prevalence"	47	25
"Dysosmobacter sp001916835"	"Sequencing_Depth"	"Sequencing_Depth"	"Sequencing_Depth"	1.27133213071242	0	0.451452742476753	0.00486118531046384	0.0994905978465519	0.00969873949830501	0.105076319492646	NA	"prevalence"	47	11
"Enorma burkinafasonensis"	"Sequencing_Depth"	"Sequencing_Depth"	"Sequencing_Depth"	1.54012712954643	0	0.548334732451116	0.00497365188315204	0.0994905978465519	0.00992256655324929	0.10514647735887	NA	"prevalence"	47	24
"Enterocloster bolteae"	"Sequencing_Depth"	"Sequencing_Depth"	"Sequencing_Depth"	1.34030687075864	0	0.47692517025965	0.0049494029578497	0.0994905978465519	0.00987430932606024	0.105076319492646	NA	"prevalence"	47	8
"Extibacter muris"	"Sequencing_Depth"	"Sequencing_Depth"	"Sequencing_Depth"	1.64387333128213	0	0.583421223612543	0.00483774105594359	0.0994905978465519	0.00965207837336282	0.105011306048049	NA	"prevalence"	47	17
"Kineothrix sp910587275"	"Sequencing_Depth"	"Sequencing_Depth"	"Sequencing_Depth"	1.28665140002848	0	0.457142140199379	0.00488449171384883	0.0994905978465519	0.00974512516839499	0.105076319492646	NA	"prevalence"	47	21
"MGBC140090 sp910586805"	"Sequencing_Depth"	"Sequencing_Depth"	"Sequencing_Depth"	1.13737160033289	0	0.404633887674321	0.00494083725663697	0.0994905978465519	0.00985726264047736	0.105076319492646	NA	"prevalence"	47	13
"MGBC163016 sp910588985"	"Sex"	"M"	"SexM"	-2.49475714929736	0	0.889297145898739	0.00502676864673466	0.0994905978465519	0.000198695983592086	0.0230226756070305	NA	"prevalence"	47	31
"MGBC164599 sp910588775"	"Genotype"	"MUT"	"GenotypeMUT"	-3.54738806918481	0	1.26104695096717	0.00490740266380464	0.0994905978465519	0.00979072272670457	0.105076319492646	NA	"prevalence"	47	16
"MGYG000323124"	"Sex"	"M"	"SexM"	-2.88835157690843	0	1.02491358227162	0.00483025065547355	0.0994905978465519	0.0096371699895524	0.105011306048049	NA	"prevalence"	47	16
"MGYG000325310"	"Sex"	"M"	"SexM"	-3.54228417783427	0	1.25865969376835	0.00488789695080133	0.0994905978465519	0.00975190236500101	0.105076319492646	NA	"prevalence"	47	37
"MGYG000325423"	"Sequencing_Depth"	"Sequencing_Depth"	"Sequencing_Depth"	1.45155909544984	0	0.514883558619796	0.00481436949924408	0.0994905978465519	0.00960556084481291	0.105011306048049	NA	"prevalence"	47	7
"MGYG000325480"	"Sequencing_Depth"	"Sequencing_Depth"	"Sequencing_Depth"	1.71933225306844	0	0.611879470963841	0.00495538434474752	0.0994905978465519	0.00988621285549088	0.105076319492646	NA	"prevalence"	47	10
"MGYG000325626"	"Sequencing_Depth"	"Sequencing_Depth"	"Sequencing_Depth"	2.90584319363976	0	1.03455272866677	0.00497277984912248	0.0994905978465519	0.00992083115881712	0.10514647735887	NA	"prevalence"	47	36
"MGYG000325671"	"Sequencing_Depth"	"Sequencing_Depth"	"Sequencing_Depth"	1.31007846346855	0	0.467279354435715	0.00505308408787064	0.0994905978465519	0.0100806345169422	0.105260870522616	NA	"prevalence"	47	17
"MGYG000328958"	"Sex"	"M"	"SexM"	-2.30858681333673	0	0.820310956830241	0.00488862385999778	0.0994905978465519	0.00975334907675102	0.105076319492646	NA	"prevalence"	47	31
"MGYG000329896"	"Sex"	"M"	"SexM"	-2.32667768988634	0	0.82630932790357	0.0048664031748463	0.0994905978465519	0.00408294170507219	0.0925220051811803	NA	"prevalence"	47	31
"MGYG000337810"	"Genotype"	"MUT"	"GenotypeMUT"	-3.79927096439181	0	1.34686355696536	0.00478998188521182	0.0994905978465519	0.00955701984396299	0.104734567039662	NA	"prevalence"	47	31
"MGYG000360698"	"Sequencing_Depth"	"Sequencing_Depth"	"Sequencing_Depth"	1.33335719120831	0	0.474149472993855	0.00492187281440443	0.0994905978465519	0.00981952079680768	0.105076319492646	NA	"prevalence"	47	18
"MGYG000410930"	"Sequencing_Depth"	"Sequencing_Depth"	"Sequencing_Depth"	1.23721834065408	0	0.440699400169332	0.00499435900316383	0.0994905978465519	0.00996377438447518	0.105260870522616	NA	"prevalence"	47	13
"Pelethomonas sp910587505"	"Sequencing_Depth"	"Sequencing_Depth"	"Sequencing_Depth"	1.44599042530425	0	0.514426550635713	0.0049406470669498	0.0994905978465519	0.00985688414045944	0.105076319492646	NA	"prevalence"	47	24
"Phocaeicola massiliensis"	"Sequencing_Depth"	"Sequencing_Depth"	"Sequencing_Depth"	1.40314618290204	0	0.497232600550493	0.00477384121733518	0.0994905978465519	0.00952489287470203	0.104734567039662	NA	"prevalence"	47	19
"14-2 sp910575075"	"Sex"	"M"	"SexM"	-1.81992420754969	-0.415249466173014	0.459789843735895	0.00508976845817843	0.0995769538541308	0.00980727298035852	0.105076319492646	NA	"abundance"	47	33
"Bifidobacterium longum"	"Site"	"Jejunum"	"SiteJejunum"	-1.06879480768527	0.0793922236573236	0.365847508800275	0.00506729468398892	0.0995769538541308	0.00506729468398892	0.0973334488351443	NA	"abundance"	47	26
"MGYG000325680"	"Sequencing_Depth"	"Sequencing_Depth"	"Sequencing_Depth"	1.2009376142154	0	0.428633654368032	0.00508213655630072	0.0995769538541308	0.0101384450006246	0.10559269253481	NA	"prevalence"	47	14
"MGYG000327533"	"Sequencing_Depth"	"Sequencing_Depth"	"Sequencing_Depth"	1.1065698749636	0	0.394977066694436	0.00508490309364193	0.0995769538541308	0.0101439499478121	0.10559269253481	NA	"prevalence"	47	18
"CAG-485 sp002361155"	"Genotype"	"MUT"	"GenotypeMUT"	-1.5369124245329	0.195151488441185	0.58218750368084	0.00510255675804905	0.0995937465999011	0.010179077430629	0.105725768302536	NA	"abundance"	47	44
"MGBC163016 sp910589125"	"Sequencing_Depth"	"Sequencing_Depth"	"Sequencing_Depth"	2.2816696329996	0	0.814810338363712	0.00510636289645566	0.0995937465999011	0.010186650850881	0.105725768302536	NA	"prevalence"	47	34
"MGYG000325379"	"Sequencing_Depth"	"Sequencing_Depth"	"Sequencing_Depth"	1.56123902139837	0	0.558331751562978	0.0051698285412821	0.10057330920046	0.0103129299554179	0.106621411574452	NA	"prevalence"	47	26
"MGYG000411389"	"Sequencing_Depth"	"Sequencing_Depth"	"Sequencing_Depth"	1.34693042230343	0	0.481719033604978	0.00517247782347126	0.10057330920046	0.0103182011201082	0.106621411574452	NA	"prevalence"	47	24
"CAG-603 sp910583605"	"Sequencing_Depth"	"Sequencing_Depth"	"Sequencing_Depth"	1.95189914010601	0	0.698457155937505	0.00519660901015818	0.100887541181875	0.0103662132751119	0.106961161209476	NA	"prevalence"	47	27
"Parasutterella excrementihominis"	"Sex"	"M"	"SexM"	0.908350122227442	-0.415249466173014	0.402956715816069	0.00523730674734724	0.101211952378506	0.00523730674734724	0.0984003589832887	NA	"abundance"	47	20
"Ruthenibacterium sp013316265"	"Sequencing_Depth"	"Sequencing_Depth"	"Sequencing_Depth"	1.4591463801874	0	0.522568880140406	0.0052341837561079	0.101211952378506	0.0104409708326231	0.10741504209069	NA	"prevalence"	47	16
"Sporofaciens sp011960625"	"Sequencing_Depth"	"Sequencing_Depth"	"Sequencing_Depth"	1.21117705450198	0	0.433753447952392	0.00523320865558577	0.101211952378506	0.0104390308383386	0.10741504209069	NA	"prevalence"	47	21
"CAG-873 sp900550395"	"Sequencing_Depth"	"Sequencing_Depth"	"Sequencing_Depth"	2.31921258500809	0	0.830864394196081	0.00524927290560543	0.101288561645051	0.0104709909451733	0.10741504209069	NA	"prevalence"	47	34
"CAG-873 sp002491245"	"Sequencing_Depth"	"Sequencing_Depth"	"Sequencing_Depth"	1.19139048266872	0	0.427415106239789	0.00531276266135618	0.102046964745746	0.0105972998756165	0.108185115337314	NA	"prevalence"	47	17
"Lawsonibacter sp022795855"	"Sequencing_Depth"	"Sequencing_Depth"	"Sequencing_Depth"	1.12561146457626	0	0.403720357733039	0.00530186881444832	0.102046964745746	0.010575627815971	0.108185115337314	NA	"prevalence"	47	20
"MGYG000411569"	"Sequencing_Depth"	"Sequencing_Depth"	"Sequencing_Depth"	1.39986031248944	0	0.502182110252679	0.00531074189067606	0.102046964745746	0.0105932798019227	0.108185115337314	NA	"prevalence"	47	21
"RGIG4057 sp910577675"	"Sequencing_Depth"	"Sequencing_Depth"	"Sequencing_Depth"	1.36704795113473	0	0.490675805718192	0.00533544323357839	0.102082243896787	0.010642419512658	0.108185115337314	NA	"prevalence"	47	12
"UBA3402 sp910585435"	"Sequencing_Depth"	"Sequencing_Depth"	"Sequencing_Depth"	1.28597591810451	0	0.461450209606567	0.0053229016507033	0.102082243896787	0.0106174700194235	0.108185115337314	NA	"prevalence"	47	20
"UMGS124 sp900555105"	"Sex"	"M"	"SexM"	-2.6317989918109	0	0.944703078987381	0.00533879328959338	0.102082243896787	0.0106490838653978	0.108185115337314	NA	"prevalence"	47	18
"MGYG000432287"	"Sequencing_Depth"	"Sequencing_Depth"	"Sequencing_Depth"	1.34614906002521	0	0.483346451987428	0.00535177539942818	0.10217612821412	0.0106749092989304	0.108250012804649	NA	"prevalence"	47	12
"JAAVYW01 sp022791315"	"Sex"	"M"	"SexM"	-2.83178135307707	0	1.01745947042432	0.00538275463414007	0.102556673563801	0.00684856620427852	0.102029124248726	NA	"prevalence"	47	13
"MGBC163016 sp910588985"	"Sequencing_Depth"	"Sequencing_Depth"	"Sequencing_Depth"	2.31819684040476	0	0.833313274014836	0.00540411607418671	0.102556673563801	0.0107790276778301	0.108682122149648	NA	"prevalence"	47	31
"MGYG000325620"	"Sequencing_Depth"	"Sequencing_Depth"	"Sequencing_Depth"	1.73570065503128	0	0.62391483533425	0.00540331561041321	0.102556673563801	0.0107774354012407	0.108682122149648	NA	"prevalence"	47	28
"Paralachnospira sp022800815"	"Sequencing_Depth"	"Sequencing_Depth"	"Sequencing_Depth"	1.40109387123789	0	0.503620612788751	0.0054017991325001	0.102556673563801	0.0107744188311323	0.108682122149648	NA	"prevalence"	47	25
"Cryptobacteroides sp910585445"	"Sex"	"M"	"SexM"	1.57542614251332	-0.415249466173014	0.633670699736363	0.00546877780547528	0.102600798775047	0.00546877780547528	0.0995165951934802	NA	"abundance"	47	24
"Enterorhabdus sp910589695"	"Sex"	"M"	"SexM"	-1.52461009262168	-0.415249466173014	0.365731456094325	0.00553000349894872	0.102600798775047	0.00499096445751845	0.097327988084125	NA	"abundance"	47	33
"MGBC163016 sp910580205"	"Sex"	"M"	"SexM"	-1.52885239059935	-0.415249466173014	0.364048445113602	0.00545282647197354	0.102600798775047	0.00895055326323163	0.104562659028731	NA	"abundance"	47	31
"MGBC163016 sp910589135"	"Genotype"	"MUT"	"GenotypeMUT"	-2.50204460034441	0.195151488441185	0.912457048898901	0.00542366652400705	0.102600798775047	0.00542366652400705	0.0995165951934802	NA	"abundance"	47	42
"MGYG000325585"	"Sex"	"M"	"SexM"	1.3481095893679	-0.415249466173014	0.561470496412735	0.00551198926423702	0.102600798775047	0.010993596502825	0.109111799220052	NA	"abundance"	47	24
"CAG-485 sp014801815"	"Sequencing_Depth"	"Sequencing_Depth"	"Sequencing_Depth"	1.67402650147826	0	0.603313803334973	0.00552493575625242	0.102600798775047	0.0110193465973941	0.109111799220052	NA	"prevalence"	47	28
"Collinsella sp900545445"	"Sequencing_Depth"	"Sequencing_Depth"	"Sequencing_Depth"	1.67114853451553	0	0.602419550446964	0.00553613094986233	0.102600798775047	0.0110416131538306	0.109149820659126	NA	"prevalence"	47	15
"Collinsella sp900545445"	"Sex"	"M"	"SexM"	-3.05733105959576	0	1.10152587380837	0.00551098218994802	0.102600798775047	0.0109915934551981	0.109111799220052	NA	"prevalence"	47	15
"Eubacterium_J plexicaudatum"	"Sequencing_Depth"	"Sequencing_Depth"	"Sequencing_Depth"	1.19467620406163	0	0.43057118599702	0.00552643547593816	0.102600798775047	0.0110223294628066	0.109111799220052	NA	"prevalence"	47	12
"MD308 sp910584615"	"Sequencing_Depth"	"Sequencing_Depth"	"Sequencing_Depth"	2.74036354771906	0	0.985729011776891	0.00543526333763181	0.102600798775047	0.0108409845877142	0.108985668867917	NA	"prevalence"	47	33
"MGYG000325458"	"Sequencing_Depth"	"Sequencing_Depth"	"Sequencing_Depth"	1.52383725261407	0	0.548905399041302	0.00550088187351742	0.102600798775047	0.0109715040456484	0.109111799220052	NA	"prevalence"	47	26
"MGYG000325603"	"Sequencing_Depth"	"Sequencing_Depth"	"Sequencing_Depth"	1.14245970929492	0	0.411554937795297	0.00550391175412448	0.102600798775047	0.0109775304636518	0.109111799220052	NA	"prevalence"	47	19
"MGYG000328404"	"Sequencing_Depth"	"Sequencing_Depth"	"Sequencing_Depth"	1.44938664718138	0	0.521195078349209	0.00542099529418334	0.102600798775047	0.0108126033983871	0.108865357293163	NA	"prevalence"	47	20
"MGYG000349464"	"Genotype"	"MUT"	"GenotypeMUT"	-2.86173511726919	0	1.03136126453646	0.00552498466883136	0.102600798775047	0.0110194438820719	0.109111799220052	NA	"prevalence"	47	14
"MGYG000410984"	"Sequencing_Depth"	"Sequencing_Depth"	"Sequencing_Depth"	2.33818124940809	0	0.842411892442389	0.00551034115091954	0.102600798775047	0.0109903184422396	0.109111799220052	NA	"prevalence"	47	23
"MGYG000411451"	"Sequencing_Depth"	"Sequencing_Depth"	"Sequencing_Depth"	1.49494032884835	0	0.538775641176802	0.00552527890217502	0.102600798775047	0.0110200290974032	0.109111799220052	NA	"prevalence"	47	30
"Blautia pseudococcoides"	"Genotype"	"MUT"	"GenotypeMUT"	5.32344665426715	0.195151488441185	1.69820236601863	0.00561247027640022	0.102692974924544	0.00561247027640022	0.0997319558965519	NA	"abundance"	47	31
"Schaedlerella sp910574865"	"Genotype"	"MUT"	"GenotypeMUT"	2.32484478623646	0.195151488441185	0.726614487251546	0.00555751538751825	0.102692974924544	0.00555751538751825	0.0997319558965519	NA	"abundance"	47	46
"14-2 sp910588965"	"Sequencing_Depth"	"Sequencing_Depth"	"Sequencing_Depth"	1.2510014173216	0	0.451256676053157	0.00556683312932245	0.102692974924544	0.0111026766275552	0.109299881168944	NA	"prevalence"	47	10
"Acetatifactor sp910577035"	"Sex"	"M"	"SexM"	-1.96631994917126	0	0.710109795828743	0.00562223349839696	0.102692974924544	0.0112128574872834	0.109438753402103	NA	"prevalence"	47	21
"Bifidobacterium longum"	"Sequencing_Depth"	"Sequencing_Depth"	"Sequencing_Depth"	1.43642650129109	0	0.51867767598296	0.00561594596358759	0.102692974924544	0.0112003530781092	0.109438753402103	NA	"prevalence"	47	26
"COE1 sp910588595"	"Sequencing_Depth"	"Sequencing_Depth"	"Sequencing_Depth"	1.2452958415696	0	0.449266356702689	0.00557398998306512	0.102692974924544	0.0111169106017989	0.109299881168944	NA	"prevalence"	47	10
"MGYG000325010"	"Sequencing_Depth"	"Sequencing_Depth"	"Sequencing_Depth"	1.75053540458308	0	0.631473239782263	0.00556882188835921	0.102692974924544	0.0111066319994942	0.109299881168944	NA	"prevalence"	47	29
"MGYG000329799"	"Sequencing_Depth"	"Sequencing_Depth"	"Sequencing_Depth"	1.24541754742079	0	0.449470618683029	0.00559094567915757	0.102692974924544	0.0111506326847278	0.109398964015571	NA	"prevalence"	47	8
"Prevotella sp013166515"	"Sequencing_Depth"	"Sequencing_Depth"	"Sequencing_Depth"	1.27224833879198	0	0.459228689694466	0.00559870486163607	0.102692974924544	0.0111660642271444	0.109398964015571	NA	"prevalence"	47	20
"RGIG8607 sp910588535"	"Sequencing_Depth"	"Sequencing_Depth"	"Sequencing_Depth"	1.1877775343808	0	0.42877941895068	0.00560327986805883	0.102692974924544	0.0111751629908379	0.109398964015571	NA	"prevalence"	47	10
"Fimivicinus sp900544375"	"Sex"	"M"	"SexM"	1.01992989792396	-0.415249466173014	0.431431063449112	0.00568784949166323	0.102705847169006	0.00568784949166323	0.0997319558965519	NA	"abundance"	47	18
"Desulfovibrio sp910584445"	"Sex"	"M"	"SexM"	-3.26749271323088	0	1.18131478029022	0.00567520657983871	0.102705847169006	0.0113182051899536	0.109438753402103	NA	"prevalence"	47	35
"Eubacterium_G sp910584795"	"Sequencing_Depth"	"Sequencing_Depth"	"Sequencing_Depth"	2.68475619472222	0	0.970795545033249	0.00568318149797991	0.102705847169006	0.0113340644440208	0.109438753402103	NA	"prevalence"	47	35
"MGYG000323124"	"Sequencing_Depth"	"Sequencing_Depth"	"Sequencing_Depth"	1.68409558860411	0	0.608432385639925	0.00564143290799239	0.102705847169006	0.0112510400507294	0.109438753402103	NA	"prevalence"	47	16
"MGYG000325660"	"Genotype"	"MUT"	"GenotypeMUT"	-2.95535220251957	0	1.06830434793969	0.00566797699703361	0.102705847169006	0.0113038280308283	0.109438753402103	NA	"prevalence"	47	33
"MGYG000328991"	"Sequencing_Depth"	"Sequencing_Depth"	"Sequencing_Depth"	2.01703610471629	0	0.729143789771285	0.00566950057082155	0.102705847169006	0.0113068579049205	0.109438753402103	NA	"prevalence"	47	32
"MGYG000410761"	"Sequencing_Depth"	"Sequencing_Depth"	"Sequencing_Depth"	2.01703610471629	0	0.729143789771285	0.00566950057082155	0.102705847169006	0.0113068579049205	0.109438753402103	NA	"prevalence"	47	32
"UBA7173 sp910579105"	"Sequencing_Depth"	"Sequencing_Depth"	"Sequencing_Depth"	2.00463940808623	0	0.724758281158088	0.00567586195649249	0.102705847169006	0.0113195085040358	0.109438753402103	NA	"prevalence"	47	29
"Butyrivibrio_A sp000431815"	"Genotype"	"MUT"	"GenotypeMUT"	2.63591447265344	0	0.954044185944936	0.00572929298826081	0.103013338984951	0.0114257611783763	0.109873850352059	NA	"prevalence"	47	12
"CAG-485 sp900550645"	"Sex"	"M"	"SexM"	-2.11879989061678	0	0.76685166139044	0.00572753406674366	0.103013338984951	0.0114222634870016	0.109873850352059	NA	"prevalence"	47	29
"JAAVYW01 sp022791315"	"Genotype"	"MUT"	"GenotypeMUT"	-3.58420966453998	0	1.29702377075959	0.00572007017561574	0.103013338984951	0.0114074211484175	0.109873850352059	NA	"prevalence"	47	13
"MGYG000323038"	"Sequencing_Depth"	"Sequencing_Depth"	"Sequencing_Depth"	1.53959990421617	0	0.557374254809244	0.00574067546049324	0.103071588622586	0.00574067546049324	0.0997319558965519	NA	"prevalence"	47	10
"Coproplasma sp910578195"	"Sequencing_Depth"	"Sequencing_Depth"	"Sequencing_Depth"	1.30957490153853	0	0.474223854297791	0.00575343884347684	0.103154431842394	0.0114737756284281	0.110036154873446	NA	"prevalence"	47	14
"MGYG000388556"	"Sex"	"M"	"SexM"	5.36493990279817	-0.415249466173014	1.60573001499069	0.00576376029589265	0.103193320828019	0.0114942996590368	0.110083617872726	NA	"abundance"	47	14
"CAG-485 sp910584545"	"Sex"	"M"	"SexM"	-2.41789768469773	0	0.876689639171889	0.00581587021649808	0.103979216384792	0.011597916086621	0.110775771486807	NA	"prevalence"	47	34
"RGIG8607 sp910588535"	"Sequencing_Depth"	"Sequencing_Depth"	"Sequencing_Depth"	0.153806970414883	-0.534932639053454	0.148759289973043	0.00582560776619268	0.104006407763705	0.0111751629908379	0.109398964015571	NA	"abundance"	47	10
"Desulfovibrio sp009773975"	"Sex"	"M"	"SexM"	-2.10252725310526	-0.415249466173014	0.579261819640296	0.0058487777307562	0.104039989800701	0.0058487777307562	0.10033536636344	NA	"abundance"	47	47
"UBA3282 sp910588215"	"Genotype"	"MUT"	"GenotypeMUT"	1.54624767332622	0.195151488441185	0.455176532951075	0.00587680460637552	0.104039989800701	0.00587680460637552	0.10033536636344	NA	"abundance"	47	36
"COE1 sp014239155"	"Genotype"	"MUT"	"GenotypeMUT"	2.59842500673513	0	0.943016125160799	0.00586131293066564	0.104039989800701	0.0116882708720601	0.111133925647952	NA	"prevalence"	47	17
"MGYG000327534"	"Sequencing_Depth"	"Sequencing_Depth"	"Sequencing_Depth"	1.34175712803978	0	0.486902836321373	0.00585670610433609	0.104039989800701	0.0116791112022796	0.111133925647952	NA	"prevalence"	47	12
"MGYG000329870"	"Sequencing_Depth"	"Sequencing_Depth"	"Sequencing_Depth"	1.16900874855845	0	0.424304640369886	0.00586712265413693	0.104039989800701	0.0116998221800352	0.111133925647952	NA	"prevalence"	47	16
"UBA11524 sp000437595"	"Sequencing_Depth"	"Sequencing_Depth"	"Sequencing_Depth"	1.37221234301801	0	0.498122378838866	0.0058733494581843	0.104039989800701	0.0117122026825107	0.111133925647952	NA	"prevalence"	47	27
"CAG-873 sp900555715"	"Sequencing_Depth"	"Sequencing_Depth"	"Sequencing_Depth"	1.81889172090935	0	0.660955074482861	0.00592480236360687	0.104743223908569	0.0118145014441659	0.111787009648413	NA	"prevalence"	47	27
"MGYG000329046"	"Sequencing_Depth"	"Sequencing_Depth"	"Sequencing_Depth"	1.09567805741365	0	0.398348106865148	0.00594945488769317	0.105032356999191	0.0118635137619256	0.112100688862688	NA	"prevalence"	47	15
"Kineothrix sp910586275"	"Sequencing_Depth"	"Sequencing_Depth"	"Sequencing_Depth"	1.12502119202631	0	0.409267870042982	0.00598024262744538	0.105249962545713	0.0119247219530076	0.11220699251487	NA	"prevalence"	47	17
"Lactiplantibacillus plantarum"	"Sequencing_Depth"	"Sequencing_Depth"	"Sequencing_Depth"	1.27874887112853	0	0.465329123773122	0.00599504052737079	0.105249962545713	0.0119541405438168	0.11220699251487	NA	"prevalence"	47	23
"MGYG000325650"	"Sequencing_Depth"	"Sequencing_Depth"	"Sequencing_Depth"	1.94310008037656	0	0.706962655287534	0.00598652194064535	0.105249962545713	0.0119372054363449	0.11220699251487	NA	"prevalence"	47	32
"UBA2882 sp910574745"	"Sequencing_Depth"	"Sequencing_Depth"	"Sequencing_Depth"	2.10137044874085	0	0.764667739763893	0.00599448245222947	0.105249962545713	0.0119530310845888	0.11220699251487	NA	"prevalence"	47	28
"Scatocola sp910577205"	"Sex"	"M"	"SexM"	-2.10764472986707	0	0.767173100780831	0.00600905156572096	0.105349826480465	0.0119819944307224	0.112319279358549	NA	"prevalence"	47	19
"Agrobacterium pusense"	"Genotype"	"MUT"	"GenotypeMUT"	-4.53762710537273	0.195151488441185	0.680114751532826	0.006118281425737	0.105960451959435	0.0121991294838695	0.113474699008785	NA	"abundance"	47	8
"Eisenbergiella sp910585455"	"Genotype"	"MUT"	"GenotypeMUT"	1.02000146593873	0.195151488441185	0.260253231950294	0.00607718403437518	0.105960451959435	0.00607718403437518	0.10094081032036	NA	"abundance"	47	22
"Eubacterium_F sp910575665"	"Sex"	"M"	"SexM"	1.05896662008405	-0.415249466173014	0.500665938712879	0.0060741887790553	0.105960451959435	0.0060741887790553	0.10094081032036	NA	"abundance"	47	38
"Gordonibacter pamelaeae"	"Sex"	"M"	"SexM"	-1.43278191260631	-0.415249466173014	0.333441756170004	0.00610335190218692	0.105960451959435	0.00551931314598815	0.0995165951934802	NA	"abundance"	47	28
"Anaerotardibacter sp000435675"	"Sex"	"M"	"SexM"	-2.49940957384549	0	0.911799498796431	0.00612183420579956	0.105960451959435	0.0122061915575558	0.113474699008785	NA	"prevalence"	47	26
"JAAWCD01 sp022793095"	"Sequencing_Depth"	"Sequencing_Depth"	"Sequencing_Depth"	1.65816582060195	0	0.604511601902142	0.00608836002135465	0.105960451959435	0.0121396519149597	0.113346181948395	NA	"prevalence"	47	29
"Lactobacillus hominis"	"Sequencing_Depth"	"Sequencing_Depth"	"Sequencing_Depth"	2.18025112537608	0	0.794709100239007	0.00607958046615812	0.105960451959435	0.0121221996336718	0.113346181948395	NA	"prevalence"	47	34
"MGYG000350430"	"Sequencing_Depth"	"Sequencing_Depth"	"Sequencing_Depth"	1.38218844478715	0	0.503839072505918	0.00608226181761119	0.105960451959435	0.0121275297264044	0.113346181948395	NA	"prevalence"	47	9
"Pelethomonas sp009774055"	"Sequencing_Depth"	"Sequencing_Depth"	"Sequencing_Depth"	1.27087507482235	0	0.463675038422832	0.00612759131255384	0.105960451959435	0.012217635249814	0.113474699008785	NA	"prevalence"	47	21
"RGIG7193 sp022791755"	"Sex"	"M"	"SexM"	-2.12738900201632	0	0.77578552131162	0.0061021997761978	0.105960451959435	0.012167162710287	0.11345317419038	NA	"prevalence"	47	18
"Faecivivens sp022793675"	"Sex"	"M"	"SexM"	-2.41561073715071	0	0.881658741879782	0.0061467647229981	0.106146995721296	0.0122557467294363	0.113679288561228	NA	"prevalence"	47	15
"Angelakisella sp013316495"	"Sequencing_Depth"	"Sequencing_Depth"	"Sequencing_Depth"	1.35645857887997	0	0.495249097545449	0.00616372366271464	0.10629484212894	0.012289455836039	0.113693552158539	NA	"prevalence"	47	24
"Choladocola sp910575445"	"Sequencing_Depth"	"Sequencing_Depth"	"Sequencing_Depth"	2.52235942762799	0	0.921291141931854	0.00618417705665687	0.106357762477123	0.0123301100674456	0.113771825008754	NA	"prevalence"	47	35
"MGYG000328314"	"Sequencing_Depth"	"Sequencing_Depth"	"Sequencing_Depth"	1.30030334619944	0	0.474906110213328	0.00618099534022847	0.106357762477123	0.012323785977061	0.113771825008754	NA	"prevalence"	47	7
"1XD8-76 sp003611955"	"Sex"	"M"	"SexM"	-1.2770063555557	-0.415249466173014	0.238539296890768	0.00623145619162191	0.106880450506165	0.0124240813369757	0.114431430947284	NA	"abundance"	47	14
"Enterenecus sp910588495"	"Genotype"	"MUT"	"GenotypeMUT"	-1.93405582297629	0.195151488441185	0.732552254586973	0.00622668835087203	0.106880450506165	0.00622668835087203	0.101444847487831	NA	"abundance"	47	42
"Desulfovibrio sp910575755"	"Sex"	"M"	"SexM"	-1.65499558498145	-0.415249466173014	0.425466752911561	0.00624558054870272	0.106977751807144	0.00624558054870272	0.101479915674094	NA	"abundance"	47	43
"Akkermansia muciniphila_B"	"Sex"	"M"	"SexM"	1.50258639936895	-0.415249466173014	0.658387370532725	0.0062578831988106	0.10704362909533	0.0124766052954912	0.114431430947284	NA	"abundance"	47	41
"MGBC157735 sp910588155"	"Sequencing_Depth"	"Sequencing_Depth"	"Sequencing_Depth"	1.14007333131371	0	0.417340202404104	0.00629969851998016	0.107211952512548	0.0125597108385177	0.114431430947284	NA	"prevalence"	47	19
"MGYG000327199"	"Sequencing_Depth"	"Sequencing_Depth"	"Sequencing_Depth"	1.29237111269209	0	0.472972138997124	0.006286586156029	0.107211952512548	0.0125336511465608	0.114431430947284	NA	"prevalence"	47	15
"Prevotella rodentium"	"Sequencing_Depth"	"Sequencing_Depth"	"Sequencing_Depth"	1.27018263374448	0	0.464985533574565	0.00630160314973424	0.107211952512548	0.0125634960972118	0.114431430947284	NA	"prevalence"	47	18
"Prevotella sp900545525"	"Sequencing_Depth"	"Sequencing_Depth"	"Sequencing_Depth"	1.23978800244663	0	0.453823109908337	0.00629750312383834	0.107211952512548	0.0125553477020819	0.114431430947284	NA	"prevalence"	47	15
"CAG-510 sp910578335"	"Sequencing_Depth"	"Sequencing_Depth"	"Sequencing_Depth"	1.4859011246364	0	0.544224784957826	0.0063275234978934	0.107508446223268	0.0126150094421704	0.114752749983604	NA	"prevalence"	47	18
"MGYG000329051"	"Genotype"	"MUT"	"GenotypeMUT"	-3.32174725859261	0	1.21774505236356	0.00637610605731477	0.108139270993515	0.0127115573861754	0.115293704372234	NA	"prevalence"	47	13
"MGYG000329873"	"Sequencing_Depth"	"Sequencing_Depth"	"Sequencing_Depth"	1.51876006496078	0	0.556891418480143	0.00638722984634498	0.108139270993515	0.0127336629875799	0.115293704372234	NA	"prevalence"	47	25
"MGYG000329989"	"Sequencing_Depth"	"Sequencing_Depth"	"Sequencing_Depth"	1.39713777270792	0	0.512325159567256	0.00639028082660368	0.108139270993515	0.0127397259641645	0.115293704372234	NA	"prevalence"	47	25
"Butyricimonas virosa"	"Sex"	"M"	"SexM"	-2.28676826974066	0	0.839339338461645	0.00644016623474095	0.108548101463849	0.0128388567283508	0.115598776249661	NA	"prevalence"	47	30
"CAG-95 sp910585005"	"Sequencing_Depth"	"Sequencing_Depth"	"Sequencing_Depth"	1.54113905420917	0	0.565657472912112	0.00643971137255805	0.108548101463849	0.0128379528625542	0.115598776249661	NA	"prevalence"	47	32
"Dysosmobacter sp022797935"	"Sequencing_Depth"	"Sequencing_Depth"	"Sequencing_Depth"	1.89505204138016	0	0.695486992805607	0.00643435071154182	0.108548101463849	0.0128273005540045	0.115598776249661	NA	"prevalence"	47	24
"UBA7177 sp910579545"	"Sequencing_Depth"	"Sequencing_Depth"	"Sequencing_Depth"	1.51006894007612	0	0.55439501126056	0.00645328222207203	0.108624529743335	0.00645328222207203	0.102020167783013	NA	"prevalence"	47	9
"MGYG000325477"	"Sequencing_Depth"	"Sequencing_Depth"	"Sequencing_Depth"	-1.53536089510466	-0.534932639053454	0.34167083588024	0.00650514080196363	0.108724366461588	0.0129679647470739	0.115785177293055	NA	"abundance"	47	35
"MGYG000326975"	"Sex"	"M"	"SexM"	0.368463449708423	-0.415249466173014	0.269405494928499	0.00651297706788601	0.108724366461588	0.0129835352654852	0.115785177293055	NA	"abundance"	47	46
"MGYG000328451"	"Sex"	"M"	"SexM"	-1.45500971423439	-0.415249466173014	0.352622394217779	0.00650280643746637	0.108724366461588	0.0129633263833696	0.115785177293055	NA	"abundance"	47	35
"Parabacteroides johnsonii"	"Sequencing_Depth"	"Sequencing_Depth"	"Sequencing_Depth"	-2.23027726945594	-0.534932639053454	0.325043735614716	0.00647863004359861	0.108724366461588	0.0129152874399554	0.115785177293055	NA	"abundance"	47	9
"Alistipes sp002428825"	"Sex"	"M"	"SexM"	-1.97702370476203	0	0.726041955970842	0.00646889674725073	0.108724366461588	0.0128959468693749	0.115785177293055	NA	"prevalence"	47	28
"MGYG000410711"	"Sequencing_Depth"	"Sequencing_Depth"	"Sequencing_Depth"	2.84402143614524	0	1.04536908306731	0.0065165386362999	0.108724366461588	0.0129906119968014	0.115785177293055	NA	"prevalence"	47	36
"Ruthenibacterium lactatiformans"	"Sequencing_Depth"	"Sequencing_Depth"	"Sequencing_Depth"	1.3787218236278	0	0.506799424120552	0.00651933908550684	0.108724366461588	0.00651933908550684	0.102020167783013	NA	"prevalence"	47	6
"MGYG000327895"	"Sequencing_Depth"	"Sequencing_Depth"	"Sequencing_Depth"	2.19392137419364	0	0.806618602698662	0.00653017992147892	0.108761865060632	0.013017716593151	0.115880630831727	NA	"prevalence"	47	34
"14-2 sp910584585"	"Sex"	"M"	"SexM"	-1.73231035206261	-0.415249466173014	0.448388397489544	0.00667616214933164	0.1090308916766	0.00667616214933164	0.102020167783013	NA	"abundance"	47	34
"Bacteroides intestinalis"	"Genotype"	"MUT"	"GenotypeMUT"	2.96617661665392	0.195151488441185	0.919915427672979	0.00668422177684524	0.1090308916766	0.00668422177684524	0.102020167783013	NA	"abundance"	47	26
"CAG-873 sp009775535"	"Sex"	"M"	"SexM"	2.04202467180575	-0.415249466173014	0.851812258369184	0.00665444822051409	0.1090308916766	0.0132646147599087	0.117046563199793	NA	"abundance"	47	41
"Faecivivens sp022793675"	"Sex"	"M"	"SexM"	-1.72359162289433	-0.415249466173014	0.381319712519767	0.00669276369353122	0.1090308916766	0.0122557467294363	0.113679288561228	NA	"abundance"	47	15
"MGBC163016 sp910585565"	"Genotype"	"MUT"	"GenotypeMUT"	-0.765902033743725	0.195151488441185	0.327917158645761	0.00666394416343619	0.1090308916766	0.00666394416343619	0.102020167783013	NA	"abundance"	47	36
"MGYG000329420"	"Sex"	"M"	"SexM"	2.29202322275951	-0.415249466173014	0.880381453546766	0.00658230585884401	0.1090308916766	0.00658230585884401	0.102020167783013	NA	"abundance"	47	23
"UBA3282 sp910578115"	"Sex"	"M"	"SexM"	1.92823274615589	-0.415249466173014	0.789680342578184	0.00660459553163195	0.1090308916766	0.00660459553163195	0.102020167783013	NA	"abundance"	47	30
"MGBC120929 sp910583735"	"Sex"	"M"	"SexM"	-1.85005976880826	0	0.680955987787612	0.00659051558260031	0.1090308916766	0.0131375962695561	0.116507566415587	NA	"prevalence"	47	20
"MGYG000325572"	"Sequencing_Depth"	"Sequencing_Depth"	"Sequencing_Depth"	1.20897002458573	0	0.445277019280332	0.00662564843975839	0.1090308916766	0.0132073976622695	0.116979807865816	NA	"prevalence"	47	18
"MGYG000325583"	"Sequencing_Depth"	"Sequencing_Depth"	"Sequencing_Depth"	1.66917746364204	0	0.615346960711837	0.00667617935590571	0.1090308916766	0.0133077873410192	0.117052310066257	NA	"prevalence"	47	10
"MGYG000329834"	"Sex"	"M"	"SexM"	-3.30438396575322	0	1.21772417161108	0.00665618132384284	0.1090308916766	0.00808303691803124	0.104464558421264	NA	"prevalence"	47	36
"MGYG000330231"	"Sex"	"M"	"SexM"	-1.87166903622911	0	0.68988053393918	0.00666703555498868	0.1090308916766	0.0132896217468859	0.117052310066257	NA	"prevalence"	47	22
"MGYG000330443"	"Sequencing_Depth"	"Sequencing_Depth"	"Sequencing_Depth"	1.1102037634187	0	0.40931837304578	0.00668133910062869	0.1090308916766	0.0133180379090798	0.117052310066257	NA	"prevalence"	47	17
"MGYG000330890"	"Sequencing_Depth"	"Sequencing_Depth"	"Sequencing_Depth"	1.34668817413702	0	0.495414535641492	0.00656171747949317	0.1090308916766	0.0130803788227056	0.116291971721866	NA	"prevalence"	47	16
"MGYG000331263"	"Sequencing_Depth"	"Sequencing_Depth"	"Sequencing_Depth"	1.21069708464167	0	0.445564297251185	0.00658324459224921	0.1090308916766	0.013123150075137	0.116507566415587	NA	"prevalence"	47	19
"Paraprevotella sp900548345"	"Sequencing_Depth"	"Sequencing_Depth"	"Sequencing_Depth"	1.2401091850827	0	0.45683869017527	0.00663668818276341	0.1090308916766	0.0132293307354916	0.117027421324724	NA	"prevalence"	47	17
"UBA3282 sp910578845"	"Sequencing_Depth"	"Sequencing_Depth"	"Sequencing_Depth"	1.12641136460661	0	0.41506104782617	0.00665072688831953	0.1090308916766	0.013257221608496	0.117046563199793	NA	"prevalence"	47	12
"14-2 sp000403845"	"Sequencing_Depth"	"Sequencing_Depth"	"Sequencing_Depth"	1.3074847678505	0	0.4822713168506	0.00670608173170969	0.109107432596377	0.013367191931227	0.117052310066257	NA	"prevalence"	47	17
"MD308 sp910586965"	"Sequencing_Depth"	"Sequencing_Depth"	"Sequencing_Depth"	2.63647035332771	0	0.972848085285689	0.0067272357173011	0.10917096116615	0.0134092157342061	0.117052310066257	NA	"prevalence"	47	35
"Paratractidigestivibacter sp900540955"	"Sequencing_Depth"	"Sequencing_Depth"	"Sequencing_Depth"	1.85472157076549	0	0.684286544103736	0.00671928348329516	0.10917096116615	0.0133934181960615	0.117052310066257	NA	"prevalence"	47	17
"MGYG000325457"	"Sequencing_Depth"	"Sequencing_Depth"	"Sequencing_Depth"	1.54967176682966	0	0.571973768164092	0.00674170861219874	0.109265745983626	0.0134379665893857	0.117052310066257	NA	"prevalence"	47	19
"MGYG000322995"	"Sequencing_Depth"	"Sequencing_Depth"	"Sequencing_Depth"	1.29739579655824	0	0.479011133030203	0.00675906027555693	0.109357576027576	0.0134724356553052	0.11707826070238	NA	"prevalence"	47	28
"MGYG000329824"	"Genotype"	"MUT"	"GenotypeMUT"	-3.06501832129666	0	1.13174923742363	0.00676465334409796	0.109357576027576	0.0134835461533301	0.11707826070238	NA	"prevalence"	47	12
"MGYG000410703"	"Sequencing_Depth"	"Sequencing_Depth"	"Sequencing_Depth"	1.44615156019736	0	0.534102804587773	0.00677659899549229	0.109410956740997	0.0135072756970389	0.117140398314934	NA	"prevalence"	47	27
"CAG-485 sp009775365"	"Genotype"	"MUT"	"GenotypeMUT"	-2.83638171077033	0.195151488441185	1.05865855738232	0.00681973852534445	0.10982729039925	0.00681973852534445	0.102029124248726	NA	"abundance"	47	43
"Enterococcus faecalis"	"Sequencing_Depth"	"Sequencing_Depth"	"Sequencing_Depth"	1.08487653978229	0	0.401281347570425	0.00686070599735408	0.109927615841149	0.013674342707926	0.117426217090615	NA	"prevalence"	47	18
"Limisoma sp000437795"	"Sequencing_Depth"	"Sequencing_Depth"	"Sequencing_Depth"	1.80024470905638	0	0.665856384155326	0.00685818360652504	0.109927615841149	0.0136693325306693	0.117426217090615	NA	"prevalence"	47	24
"Merdisoma sp910587955"	"Sequencing_Depth"	"Sequencing_Depth"	"Sequencing_Depth"	1.23077616759936	0	0.455235468346123	0.00685920998733701	0.109927615841149	0.0136713712130236	0.117426217090615	NA	"prevalence"	47	9
"MGYG000350425"	"Sequencing_Depth"	"Sequencing_Depth"	"Sequencing_Depth"	1.18649579200412	0	0.438700675823982	0.00683932779848526	0.109927615841149	0.0136318791922354	0.117426217090615	NA	"prevalence"	47	11
"CAG-873 sp910586595"	"Sequencing_Depth"	"Sequencing_Depth"	"Sequencing_Depth"	1.58182782459617	0	0.585270325990599	0.00687725302699782	0.110053437188038	0.0137072094447983	0.117426217090615	NA	"prevalence"	47	30
"CAG-1031 sp000431215"	"Sequencing_Depth"	"Sequencing_Depth"	"Sequencing_Depth"	2.19086495783912	0	0.811548703325473	0.00694208117105553	0.110149136250265	0.0138359698511255	0.117426217090615	NA	"prevalence"	47	34
"CAG-873 sp905202215"	"Sequencing_Depth"	"Sequencing_Depth"	"Sequencing_Depth"	1.55122710428872	0	0.574387390177844	0.00692012978403205	0.110149136250265	0.0137923713718363	0.117426217090615	NA	"prevalence"	47	27
"D16-34 sp003612515"	"Sex"	"M"	"SexM"	-2.48629601436862	0	0.920357859858665	0.00690389259350544	0.110149136250265	0.0137601214540682	0.117426217090615	NA	"prevalence"	47	25
"MGYG000325436"	"Sequencing_Depth"	"Sequencing_Depth"	"Sequencing_Depth"	2.27338043971374	0	0.842273918519218	0.00695275522602065	0.110149136250265	0.0138571696468083	0.117426217090615	NA	"prevalence"	47	33
"MGYG000345714"	"Sequencing_Depth"	"Sequencing_Depth"	"Sequencing_Depth"	1.39206533381392	0	0.515752774265633	0.00695284878053105	0.110149136250265	0.0138573554548972	0.117426217090615	NA	"prevalence"	47	28
"MGYG000410378"	"Sex"	"M"	"SexM"	-2.14264201011333	0	0.79342460304537	0.00692356335656272	0.110149136250265	0.0137991909835731	0.117426217090615	NA	"prevalence"	47	16
"UBA3282 sp910587715"	"Sequencing_Depth"	"Sequencing_Depth"	"Sequencing_Depth"	1.411476106228	0	0.522574274074366	0.00691301484557351	0.110149136250265	0.0137782399168919	0.117426217090615	NA	"prevalence"	47	15
"UBA7173 sp900548705"	"Sequencing_Depth"	"Sequencing_Depth"	"Sequencing_Depth"	2.27338043971374	0	0.842273918519218	0.00695275522602065	0.110149136250265	0.0138571696468083	0.117426217090615	NA	"prevalence"	47	33
"MGYG000325504"	"Sequencing_Depth"	"Sequencing_Depth"	"Sequencing_Depth"	1.14600824164563	0	0.424674139590522	0.00696403823604092	0.110188494989757	0.0138795786435288	0.117426217090615	NA	"prevalence"	47	11
"Ventrimonas sp022799175"	"Sex"	"M"	"SexM"	-3.25135004645425	-0.415249466173014	0.872063284823452	0.00698558065843269	0.110391360767092	0.00698558065843269	0.102029124248726	NA	"abundance"	47	17
"Adlercreutzia sp910585575"	"Genotype"	"MUT"	"GenotypeMUT"	-0.62257306627826	0.195151488441185	0.282244640792084	0.0069985256046885	0.110458026314398	0.0069985256046885	0.102029124248726	NA	"abundance"	47	39
"Dysosmobacter sp022797935"	"Genotype"	"MUT"	"GenotypeMUT"	2.34070418549638	0	0.868231583292855	0.00701893545471816	0.110642197989816	0.0139886054545188	0.117850168832316	NA	"prevalence"	47	24
"Clostridioides difficile"	"Sequencing_Depth"	"Sequencing_Depth"	"Sequencing_Depth"	1.45954639091254	0	0.541657055695644	0.00704742347140721	0.110677774567087	0.0140451807652291	0.117850168832316	NA	"prevalence"	47	20
"MGYG000325310"	"Genotype"	"MUT"	"GenotypeMUT"	-2.99581106284598	0	1.11176824819997	0.00704655029276154	0.110677774567087	0.0140434467144947	0.117850168832316	NA	"prevalence"	47	37
"MGYG000329336"	"Sequencing_Depth"	"Sequencing_Depth"	"Sequencing_Depth"	1.20577517442506	0	0.447451858289206	0.00704394393809134	0.110677774567087	0.0140382707299797	0.117850168832316	NA	"prevalence"	47	20
"MGYG000336507"	"Sequencing_Depth"	"Sequencing_Depth"	"Sequencing_Depth"	1.1524284394772	0	0.427783706905625	0.00706104977306613	0.110754359389679	0.0140722411222345	0.117850168832316	NA	"prevalence"	47	10
"Choladocola sp910575445"	"Sex"	"M"	"SexM"	-1.72974643571382	-0.415249466173014	0.452199497940611	0.00709320795118185	0.110998430825215	0.00709320795118185	0.103158011932003	NA	"abundance"	47	35
"Emergencia sp009936045"	"Sex"	"M"	"SexM"	-2.15064558061047	0	0.798786168943352	0.00709414840714166	0.110998430825215	0.0141379698726608	0.118117223475137	NA	"prevalence"	47	20
"Paratractidigestivibacter sp900540955"	"Sex"	"M"	"SexM"	-2.71272547415172	0	1.00791008829188	0.00711451521760039	0.111179671141217	0.0141784141084193	0.118315266727636	NA	"prevalence"	47	17
"Angelakisella sp910585535"	"Sex"	"M"	"SexM"	-1.94000278051183	0	0.721051508091303	0.00713409730734862	0.111348216666361	0.0142172992703065	0.118499848163357	NA	"prevalence"	47	27
"CAG-485 sp910586175"	"Sex"	"M"	"SexM"	-2.30574463616546	0	0.857441731034974	0.00716454345295698	0.111548328447146	0.0142777562230247	0.118584231473958	NA	"prevalence"	47	32
"Phocaeicola sartorii"	"Sex"	"M"	"SexM"	-2.30574463616546	0	0.857441731034974	0.00716454345295698	0.111548328447146	0.0142777562230247	0.118584231473958	NA	"prevalence"	47	32
"Gordonibacter pamelaeae"	"Sequencing_Depth"	"Sequencing_Depth"	"Sequencing_Depth"	1.76572052316748	0	0.657178071106756	0.00721353746772072	0.111871342113533	0.0143750398126432	0.11908956245033	NA	"prevalence"	47	28
"MGYG000328573"	"Sequencing_Depth"	"Sequencing_Depth"	"Sequencing_Depth"	1.09375152394454	0	0.406976195842085	0.00719875146069996	0.111871342113533	0.014345680898807	0.119008535907005	NA	"prevalence"	47	11
"Ventrimonas sp910577765"	"Sequencing_Depth"	"Sequencing_Depth"	"Sequencing_Depth"	1.81177272556443	0	0.674400639530369	0.00722064200558986	0.111871342113533	0.0143891463402068	0.11908956245033	NA	"prevalence"	47	34
"COE1 sp002358575"	"Sequencing_Depth"	"Sequencing_Depth"	"Sequencing_Depth"	3.00377882128998	0	1.11886988048896	0.00726048636843764	0.11221396392147	0.014468258074569	0.119105587561808	NA	"prevalence"	47	37
"MGYG000329402"	"Sequencing_Depth"	"Sequencing_Depth"	"Sequencing_Depth"	1.09629157620399	0	0.408327750126338	0.00725661835000961	0.11221396392147	0.0144605781901415	0.119105587561808	NA	"prevalence"	47	13
"MGYG000325431"	"Sex"	"M"	"SexM"	-2.31280726486486	0	0.861669461381097	0.00727252834573909	0.112238611109689	0.0144921670229386	0.119105587561808	NA	"prevalence"	47	32
"MGYG000328091"	"Sequencing_Depth"	"Sequencing_Depth"	"Sequencing_Depth"	1.26789656815359	0	0.472503614013005	0.00728868212451924	0.112238611109689	0.0145242393619262	0.119105587561808	NA	"prevalence"	47	16
"MGYG000329105"	"Sequencing_Depth"	"Sequencing_Depth"	"Sequencing_Depth"	1.1078054692836	0	0.412841856084178	0.00728853515212615	0.112238611109689	0.0145239475595885	0.119105587561808	NA	"prevalence"	47	12
"Coprocola sp910587735"	"Sequencing_Depth"	"Sequencing_Depth"	"Sequencing_Depth"	1.42710071264531	-0.534932639053454	0.30026544432646	0.00731756204620249	0.112275835164527	0.00731756204620249	0.103765953329189	NA	"abundance"	47	8
"Parabacteroides merdae"	"Sequencing_Depth"	"Sequencing_Depth"	"Sequencing_Depth"	1.09136700414435	0	0.406840553881	0.00730649062371242	0.112275835164527	0.0145595964421904	0.119105587561808	NA	"prevalence"	47	17
"Ruminiclostridium_E sp910585505"	"Sequencing_Depth"	"Sequencing_Depth"	"Sequencing_Depth"	1.84455743872641	0	0.687746987794623	0.00731770927561501	0.112275835164527	0.0145818696821876	0.119149890073644	NA	"prevalence"	47	31
"1XD8-76 sp003611955"	"Sequencing_Depth"	"Sequencing_Depth"	"Sequencing_Depth"	1.18940996857921	0	0.443892990800632	0.00737328483782499	0.11276100284921	0.0146922043463503	0.119543587326101	NA	"prevalence"	47	14
"Acetatifactor sp910579755"	"Sequencing_Depth"	"Sequencing_Depth"	"Sequencing_Depth"	1.38513745181689	0	0.516891870407871	0.00736786697013825	0.11276100284921	0.0146814484765868	0.119543587326101	NA	"prevalence"	47	27
"MGYG000346909"	"Sequencing_Depth"	"Sequencing_Depth"	"Sequencing_Depth"	2.97136820328693	0	1.10897963887416	0.00737605548737131	0.11276100284921	0.0146977047801898	0.119543587326101	NA	"prevalence"	47	35
"MGYG000393816"	"Genotype"	"MUT"	"GenotypeMUT"	2.13851142551511	0	0.798369481794205	0.00739309481183715	0.112885155763854	0.0147315317727775	0.119680996057461	NA	"prevalence"	47	14
"Butyribacter sp910579085"	"Sequencing_Depth"	"Sequencing_Depth"	"Sequencing_Depth"	1.23762045875775	0	0.46219097725333	0.00741239893612021	0.113043549076397	0.0147698542142522	0.119854568985459	NA	"prevalence"	47	7
"Marseille-P3106 sp910588975"	"Sequencing_Depth"	"Sequencing_Depth"	"Sequencing_Depth"	1.25074711153008	0	0.467181012911625	0.00742355119002931	0.113077389847643	0.0147919932677876	0.119896569285233	NA	"prevalence"	47	27
"Enterenecus sp910587205"	"Sequencing_Depth"	"Sequencing_Depth"	"Sequencing_Depth"	1.94225904071183	0	0.725816597854959	0.00745146625958625	0.113230083930183	0.0148474081697547	0.120070344329321	NA	"prevalence"	47	29
"MGYG000331077"	"Sequencing_Depth"	"Sequencing_Depth"	"Sequencing_Depth"	1.89746138830095	0	0.709027588936982	0.00744741813422948	0.113230083930183	0.0148393722315929	0.120070344329321	NA	"prevalence"	47	32
"Dysosmobacter sp910578935"	"Sequencing_Depth"	"Sequencing_Depth"	"Sequencing_Depth"	2.86479436362802	0	1.07113288946845	0.00748304723830162	0.113437619092721	0.0149100984806326	0.120164852977322	NA	"prevalence"	47	37
"MGYG000325350"	"Sex"	"M"	"SexM"	-2.03585639601397	0	0.761132770165393	0.00747801537608157	0.113437619092721	0.0149001100381982	0.120164852977322	NA	"prevalence"	47	24
"Choladocola sp910575445"	"Genotype"	"MUT"	"GenotypeMUT"	1.40222696104743	0.195151488441185	0.419209050836394	0.00750507087676944	0.113499626234346	0.00750507087676944	0.104144017698043	NA	"abundance"	47	35
"MGYG000411355"	"Sequencing_Depth"	"Sequencing_Depth"	"Sequencing_Depth"	1.49990373031369	0	0.560961558121918	0.00749952834158679	0.113499626234346	0.0149428137578273	0.120291352665516	NA	"prevalence"	47	32
"MGYG000325278"	"Sex"	"M"	"SexM"	-2.57935816749067	0	0.965278813256835	0.00753696528262976	0.113845950534042	0.015017124719588	0.120752033581397	NA	"prevalence"	47	32
"MGYG000410015"	"Genotype"	"MUT"	"GenotypeMUT"	1.41975687495954	0.195151488441185	0.355839498038542	0.00756355295204969	0.113913705120774	0.00756355295204969	0.104208951783796	NA	"abundance"	47	14
"CAG-510 sp910578335"	"Genotype"	"MUT"	"GenotypeMUT"	2.24442059389618	0	0.840374391838441	0.00756844888659906	0.113913705120774	0.0150796163546491	0.120979260379863	NA	"prevalence"	47	18
"MGYG000327547"	"Sequencing_Depth"	"Sequencing_Depth"	"Sequencing_Depth"	1.17705042646485	0	0.440676461230738	0.00756238070635032	0.113913705120774	0.0150675718107529	0.120979260379863	NA	"prevalence"	47	16
"JAAVYW01 sp022791315"	"Genotype"	"MUT"	"GenotypeMUT"	-2.85122964828239	0.195151488441185	0.859098554196568	0.00760844234348435	0.114327158213259	0.0114074211484175	0.109873850352059	NA	"abundance"	47	13
"MD308 sp910578455"	"Sequencing_Depth"	"Sequencing_Depth"	"Sequencing_Depth"	2.82183797520481	0	1.05758118883853	0.00762588809040853	0.114327158213259	0.0151936220116496	0.121446520888831	NA	"prevalence"	47	37
"MGYG000325306"	"Sequencing_Depth"	"Sequencing_Depth"	"Sequencing_Depth"	1.69726539069795	0	0.636165560832795	0.00763129427587556	0.114327158213259	0.0152043518994261	0.121446520888831	NA	"prevalence"	47	6
"MGYG000325481"	"Sequencing_Depth"	"Sequencing_Depth"	"Sequencing_Depth"	2.12446527669837	0	0.79637054208658	0.00763759629628262	0.114327158213259	0.0152168597153802	0.121446520888831	NA	"prevalence"	47	34
"MGYG000331109"	"Sequencing_Depth"	"Sequencing_Depth"	"Sequencing_Depth"	2.13767574685045	0	0.801368593670491	0.00764107883144389	0.114327158213259	0.0152237715771794	0.121446520888831	NA	"prevalence"	47	35
"CAG-95 sp014804245"	"Sequencing_Depth"	"Sequencing_Depth"	"Sequencing_Depth"	-1.01856340745122	-0.534932639053454	0.135909516145761	0.00772877628019764	0.114426108878451	0.0153978185776059	0.121872095975945	NA	"abundance"	47	13
"MGYG000326632"	"Sex"	"M"	"SexM"	-1.58087508861585	-0.415249466173014	0.404969936505683	0.00774426760062852	0.114426108878451	0.00774426760062852	0.104464558421264	NA	"abundance"	47	34
"MGYG000331189"	"Sex"	"M"	"SexM"	-1.78147345625758	-0.415249466173014	0.468726729626433	0.007706029026738	0.114426108878451	0.0054796315783995	0.0995165951934802	NA	"abundance"	47	30
"Bacteroides faecis"	"Sequencing_Depth"	"Sequencing_Depth"	"Sequencing_Depth"	1.29400091848041	0	0.485533709875503	0.00769630621305326	0.114426108878451	0.0153333792967814	0.121771151538934	NA	"prevalence"	47	21
"CAG-485 sp910589425"	"Sequencing_Depth"	"Sequencing_Depth"	"Sequencing_Depth"	1.63516371593811	0	0.61405461583136	0.00774713029774312	0.114426108878451	0.015434242567636	0.121887403874918	NA	"prevalence"	47	31
"Dysosmobacter sp910576845"	"Sequencing_Depth"	"Sequencing_Depth"	"Sequencing_Depth"	1.19893984953743	0	0.450051671399098	0.00772164421766847	0.114426108878451	0.0153836646459127	0.121872095975945	NA	"prevalence"	47	19
"Escherichia coli"	"Genotype"	"MUT"	"GenotypeMUT"	2.28936427032199	0	0.859162388318764	0.00770692307934105	0.114426108878451	0.0153544494953312	0.121801626299664	NA	"prevalence"	47	24
"MGYG000325738"	"Sequencing_Depth"	"Sequencing_Depth"	"Sequencing_Depth"	1.38803882787439	0	0.520655030803576	0.00767717466049584	0.114426108878451	0.0152954103102239	0.121771151538934	NA	"prevalence"	47	26
"MGYG000328353"	"Sequencing_Depth"	"Sequencing_Depth"	"Sequencing_Depth"	2.09613696723253	0	0.786310199709361	0.00768079161845547	0.114426108878451	0.0153025886770248	0.121771151538934	NA	"prevalence"	47	34
"MGYG000328741"	"Sequencing_Depth"	"Sequencing_Depth"	"Sequencing_Depth"	1.63516371593811	0	0.61405461583136	0.00774713029774312	0.114426108878451	0.015434242567636	0.121887403874918	NA	"prevalence"	47	31
"Senegalimassilia faecalis"	"Sex"	"M"	"SexM"	-2.19015692629886	0	0.821719275916579	0.00769117251308019	0.114426108878451	0.0153231908915344	0.121771151538934	NA	"prevalence"	47	23
"CAG-95 sp011959285"	"Sequencing_Depth"	"Sequencing_Depth"	"Sequencing_Depth"	1.24419579274397	0	0.467414652774599	0.00777085008132761	0.114567148251764	0.0154813140516688	0.122122687184369	NA	"prevalence"	47	8
"Marseille-P3106 sp905219705"	"Sequencing_Depth"	"Sequencing_Depth"	"Sequencing_Depth"	1.24642180135474	0	0.468280861413446	0.00777478119357445	0.114567148251764	0.00777478119357445	0.104464558421264	NA	"prevalence"	47	9
"Acetatifactor sp910578215"	"Genotype"	"MUT"	"GenotypeMUT"	3.38845731281242	0	1.27374360269239	0.00780861479168655	0.114798427448511	0.0155562551184082	0.122440546967605	NA	"prevalence"	47	15
"MGBC114844 sp910585255"	"Sequencing_Depth"	"Sequencing_Depth"	"Sequencing_Depth"	1.40288710991433	0	0.527318180422235	0.00780435828002566	0.114798427448511	0.0155478085518883	0.122440546967605	NA	"prevalence"	47	19
"Dysosmobacter sp910588005"	"Sequencing_Depth"	"Sequencing_Depth"	"Sequencing_Depth"	1.07228849236041	0	0.403219390566467	0.00782990733442146	0.114977919998964	0.0155985072199773	0.12263653952258	NA	"prevalence"	47	25
"Acetatifactor sp910586215"	"Sequencing_Depth"	"Sequencing_Depth"	"Sequencing_Depth"	1.12495361889145	0	0.42311866735188	0.00784383654860035	0.115048995402298	0.0156261473253995	0.122717343662138	NA	"prevalence"	47	10
"MGBC136627 sp910585935"	"Sequencing_Depth"	"Sequencing_Depth"	"Sequencing_Depth"	1.24809175241269	0	0.469704774865222	0.00787965526530634	0.115440597625287	0.00787965526530634	0.104464558421264	NA	"prevalence"	47	7
"Slackia_A isoflavoniconvertens"	"Sequencing_Depth"	"Sequencing_Depth"	"Sequencing_Depth"	1.19019211745276	0	0.448232067610201	0.00792371142972846	0.115951837315032	0.0157846376566353	0.123519254451311	NA	"prevalence"	47	14
"Dysosmobacter sp910584465"	"Sex"	"M"	"SexM"	-2.25887624167901	0	0.851023229493093	0.00794716733740377	0.116026809869501	0.0158311772061188	0.123519254451311	NA	"prevalence"	47	27
"MGYG000326944"	"Sex"	"M"	"SexM"	-2.07465341158248	0	0.781515537562301	0.00793897733927502	0.116026809869501	0.0158149273173565	0.123519254451311	NA	"prevalence"	47	16
"Lawsonibacter sp900066645"	"Sequencing_Depth"	"Sequencing_Depth"	"Sequencing_Depth"	1.60638989034254	0	0.605861596889372	0.00801555347286839	0.116890409976461	0.00801555347286839	0.104464558421264	NA	"prevalence"	47	5
"Marseille-P3106 sp022792495"	"Sequencing_Depth"	"Sequencing_Depth"	"Sequencing_Depth"	1.12278843751937	0	0.423633923473991	0.0080402654544348	0.117040845214877	0.0160158850402918	0.124459032721237	NA	"prevalence"	47	16
"MGYG000325606"	"Sequencing_Depth"	"Sequencing_Depth"	"Sequencing_Depth"	1.08616041527472	0	0.409840589870978	0.00804436209013609	0.117040845214877	0.016024012418835	0.124459032721237	NA	"prevalence"	47	14
"Limosilactobacillus urinaemulieris"	"Sequencing_Depth"	"Sequencing_Depth"	"Sequencing_Depth"	1.09356707396491	0	0.41270860168535	0.00805557093585324	0.117069364989702	0.0160462496486039	0.124494942388949	NA	"prevalence"	47	19
"Avidehalobacter sp022797295"	"Sequencing_Depth"	"Sequencing_Depth"	"Sequencing_Depth"	0.069645159977287	-0.534932639053454	0.213865717932464	0.00808219971358337	0.117085533621977	0.0160990774749565	0.124667977885552	NA	"abundance"	47	38
"Parabacteroides johnsonii"	"Sex"	"M"	"SexM"	2.93630338346363	-0.415249466173014	0.684042029866531	0.0080936831979167	0.117085533621977	0.0080936831979167	0.104464558421264	NA	"abundance"	47	9
"Sporofaciens sp910585725"	"Sex"	"M"	"SexM"	-3.56925730958533	-0.415249466173014	1.09094654457699	0.00808248096024267	0.117085533621977	0.00808248096024267	0.104464558421264	NA	"abundance"	47	29
"Eubacterium_J sp910579075"	"Sequencing_Depth"	"Sequencing_Depth"	"Sequencing_Depth"	2.66699375362518	0	1.00697652723424	0.00808459486804019	0.117085533621977	0.0161038290619	0.124667977885552	NA	"prevalence"	47	37
"Sporofaciens sp910574715"	"Genotype"	"MUT"	"GenotypeMUT"	2.17710435667671	0.195151488441185	0.70980038948886	0.00817372468089927	0.117484711475867	0.00817372468089927	0.104464558421264	NA	"abundance"	47	44
"Caccovicinus sp910588895"	"Sex"	"M"	"SexM"	-2.3920422163262	0	0.9048847585012	0.00820592950951938	0.117484711475867	0.0163445217399236	0.124878520185031	NA	"prevalence"	47	17
"CAG-873 sp900555715"	"Sex"	"M"	"SexM"	-2.16682077361938	0	0.819394157491737	0.00818314976668886	0.117484711475867	0.0162993355932737	0.124878520185031	NA	"prevalence"	47	27
"Dysosmobacter sp910577405"	"Sex"	"M"	"SexM"	-2.64380169730978	0	0.999694267989066	0.0081785061422908	0.117484711475867	0.00394981234048574	0.0924413033859377	NA	"prevalence"	47	34
"Enterenecus sp910588105"	"Sequencing_Depth"	"Sequencing_Depth"	"Sequencing_Depth"	1.58454261131932	0	0.599029003939327	0.00816462349079023	0.117484711475867	0.0162625859048341	0.124878520185031	NA	"prevalence"	47	31
"Gallimonas sp910586365"	"Sex"	"M"	"SexM"	4.6905535616607	0	1.77392861105726	0.00818935959251429	0.117484711475867	0.0163116535744931	0.124878520185031	NA	"prevalence"	47	11
"Marseille-P3106 sp022794215"	"Genotype"	"MUT"	"GenotypeMUT"	-2.01319257521527	0	0.761386597384184	0.00819051883931361	0.117484711475867	0.0163139530797701	0.124878520185031	NA	"prevalence"	47	25
"MGBC163016 sp910585565"	"Sequencing_Depth"	"Sequencing_Depth"	"Sequencing_Depth"	2.35645082455532	0	0.891534416181395	0.00821409145648143	0.117484711475867	0.0163607116145074	0.124878520185031	NA	"prevalence"	47	36
"MGYG000330157"	"Sex"	"M"	"SexM"	-2.02724788533045	0	0.765984037875111	0.00813071785586776	0.117484711475867	0.0161953271388838	0.124878520185031	NA	"prevalence"	47	19
"MGYG000409996"	"Sequencing_Depth"	"Sequencing_Depth"	"Sequencing_Depth"	1.49213221056987	0	0.564417393848709	0.00820130516381047	0.117484711475867	0.016335348921231	0.124878520185031	NA	"prevalence"	47	20
"UBA7173 sp910587075"	"Sequencing_Depth"	"Sequencing_Depth"	"Sequencing_Depth"	1.36984415276415	0	0.518880749220415	0.00829065105503246	0.11844589283815	0.0165125672151486	0.125901645174402	NA	"prevalence"	47	24
"Thomasclavelia ramosa"	"Sex"	"M"	"SexM"	1.08421838097846	-0.415249466173014	0.516926481263663	0.00831640491329311	0.11854623129782	0.00831640491329311	0.104464558421264	NA	"abundance"	47	28
"Collinsella aerofaciens_J"	"Sequencing_Depth"	"Sequencing_Depth"	"Sequencing_Depth"	1.24449840423688	0	0.471562370031679	0.00831274166233222	0.11854623129782	0.0165563816507198	0.126099682658715	NA	"prevalence"	47	12
"CAG-510 sp910577015"	"Sex"	"M"	"SexM"	-2.51810091404017	0	0.955021176877693	0.00837177177223913	0.118746028472468	0.0166734569818718	0.126370084185897	NA	"prevalence"	47	14
"CAG-95 sp910579495"	"Sequencing_Depth"	"Sequencing_Depth"	"Sequencing_Depth"	2.25060716388725	0	0.85336622345148	0.0083561837515501	0.118746028472468	0.0166425416962105	0.126370084185897	NA	"prevalence"	47	36
"Coproplasma sp910585705"	"Sequencing_Depth"	"Sequencing_Depth"	"Sequencing_Depth"	1.15504764597381	0	0.438103617620365	0.00837732686253071	0.118746028472468	0.0166844741196997	0.126370084185897	NA	"prevalence"	47	16
"Cryptobacteroides sp009774765"	"Sequencing_Depth"	"Sequencing_Depth"	"Sequencing_Depth"	1.22607142199739	0	0.464923171437734	0.00836062341915024	0.118746028472468	0.0166513468143436	0.126370084185897	NA	"prevalence"	47	19
"Dysosmobacter sp910587525"	"Sequencing_Depth"	"Sequencing_Depth"	"Sequencing_Depth"	1.81916980146155	0	0.689902513829445	0.00836796971408662	0.118746028472468	0.0166659165110374	0.126370084185897	NA	"prevalence"	47	33
"Eubacterium_F sp910585745"	"Sequencing_Depth"	"Sequencing_Depth"	"Sequencing_Depth"	2.48117942975288	0	0.941492187057967	0.00840458326991487	0.118866162045343	0.0167385295198888	0.126370084185897	NA	"prevalence"	47	36
"MGBC122484 sp910578465"	"Sequencing_Depth"	"Sequencing_Depth"	"Sequencing_Depth"	1.22113234805161	0	0.463331919405026	0.00840021666841538	0.118866162045343	0.0167298696967544	0.126370084185897	NA	"prevalence"	47	19
"Phocaeicola massiliensis"	"Sequencing_Depth"	"Sequencing_Depth"	"Sequencing_Depth"	0.064179138506469	-0.534932639053454	0.194861716386259	0.00843896941164413	0.11908298353376	0.00952489287470203	0.104734567039662	NA	"abundance"	47	19
"MGBC163490 sp910588075"	"Sequencing_Depth"	"Sequencing_Depth"	"Sequencing_Depth"	1.18576190125275	0	0.45037865313286	0.0084681439338572	0.11908298353376	0.0168645784060299	0.12652598317515	NA	"prevalence"	47	15
"MGBC164599 sp910587105"	"Genotype"	"MUT"	"GenotypeMUT"	-2.05604134852427	0	0.78102779984601	0.00847636025943418	0.11908298353376	0.0168808718356206	0.12652598317515	NA	"prevalence"	47	28
"MGYG000322968"	"Sequencing_Depth"	"Sequencing_Depth"	"Sequencing_Depth"	1.12030904792354	0	0.425347665538482	0.00844186255398403	0.11908298353376	0.0168124600645877	0.12652598317515	NA	"prevalence"	47	9
"MGYG000325659"	"Sequencing_Depth"	"Sequencing_Depth"	"Sequencing_Depth"	1.17248646704073	0	0.445314879429794	0.00846497987672427	0.11908298353376	0.0168583038691352	0.12652598317515	NA	"prevalence"	47	10
"Zag111 sp910584405"	"Sequencing_Depth"	"Sequencing_Depth"	"Sequencing_Depth"	1.24503484688869	0	0.472855993995266	0.00846317047263834	0.11908298353376	0.0168547156908278	0.12652598317515	NA	"prevalence"	47	19
"MGYG000328540"	"Sex"	"M"	"SexM"	0.96513839758696	-0.415249466173014	0.485290735592754	0.00851032346900638	0.119427577018495	0.0169482213324656	0.126804377030819	NA	"abundance"	47	33
"CAG-873 sp910586995"	"Sequencing_Depth"	"Sequencing_Depth"	"Sequencing_Depth"	1.71359424434998	0	0.651396321160983	0.00852223249379438	0.119462257925193	0.0169718365409105	0.126804377030819	NA	"prevalence"	47	33
"Ruminiclostridium_E sp910588335"	"Sex"	"M"	"SexM"	1.1343261204737	-0.415249466173014	0.544811956413984	0.0086023468277977	0.119818056078958	0.0171306932846497	0.127563177276579	NA	"abundance"	47	32
"An181 sp910585545"	"Genotype"	"MUT"	"GenotypeMUT"	3.18041250445477	0	1.21083086900407	0.00862334089808272	0.119818056078958	0.00862334089808272	0.104464558421264	NA	"prevalence"	47	10
"COE1 sp011959805"	"Sequencing_Depth"	"Sequencing_Depth"	"Sequencing_Depth"	1.1499506163583	0	0.437625925893964	0.00859637308844226	0.119818056078958	0.0171188485466088	0.127563177276579	NA	"prevalence"	47	11
"MGYG000325446"	"Sequencing_Depth"	"Sequencing_Depth"	"Sequencing_Depth"	1.2314506042663	0	0.468800909835358	0.00861896141360274	0.119818056078958	0.0171636363313563	0.127563177276579	NA	"prevalence"	47	24
"MGYG000325729"	"Sequencing_Depth"	"Sequencing_Depth"	"Sequencing_Depth"	1.48207288772729	0	0.563767466626437	0.0085668429875197	0.119818056078958	0.0170602951762666	0.127330693036803	NA	"prevalence"	47	27
"MGYG000346441"	"Sequencing_Depth"	"Sequencing_Depth"	"Sequencing_Depth"	1.41920195566797	0	0.540094867774325	0.00859667844096438	0.119818056078958	0.00859667844096438	0.104464558421264	NA	"prevalence"	47	6
"MGYG000388556"	"Sequencing_Depth"	"Sequencing_Depth"	"Sequencing_Depth"	1.08061596600944	0	0.411333322968198	0.00861146728632179	0.119818056078958	0.0171487772038202	0.127563177276579	NA	"prevalence"	47	14
"MGYG000410939"	"Sequencing_Depth"	"Sequencing_Depth"	"Sequencing_Depth"	1.41432925485779	0	0.53795099161876	0.00856101041995327	0.119818056078958	0.00856101041995327	0.104464558421264	NA	"prevalence"	47	5
"MGYG000329825"	"Sex"	"M"	"SexM"	-1.84884089464263	-0.415249466173014	0.512721608376212	0.00867386103777101	0.119852128186735	0.0172724862102395	0.127788036513182	NA	"abundance"	47	39
"MGYG000330019"	"Genotype"	"MUT"	"GenotypeMUT"	1.05890642402772	0.195151488441185	0.299791937542304	0.00872047796334197	0.119852128186735	0.00872047796334197	0.104464558421264	NA	"abundance"	47	29
"14-2 sp910577785"	"Sex"	"M"	"SexM"	-2.09225564949938	0	0.797405284407885	0.0086947253291543	0.119852128186735	0.0173138524097591	0.127853672612301	NA	"prevalence"	47	29
"MGYG000325570"	"Sex"	"M"	"SexM"	-2.19056518359642	0	0.834580941758751	0.00867129578920379	0.119852128186735	0.0172674002077437	0.127788036513182	NA	"prevalence"	47	28
"MGYG000325577"	"Sequencing_Depth"	"Sequencing_Depth"	"Sequencing_Depth"	1.10812823754709	0	0.422238310623447	0.00867981467534097	0.119852128186735	0.0172842901678837	0.127788036513182	NA	"prevalence"	47	12
"MGYG000325711"	"Sex"	"M"	"SexM"	-2.97389976543811	0	1.13375928336106	0.00871481795096679	0.119852128186735	0.00871481795096679	0.104464558421264	NA	"prevalence"	47	13
"MGYG000331301"	"Sex"	"M"	"SexM"	-1.87888104436133	0	0.715786917425411	0.00866701640925109	0.119852128186735	0.017258915645064	0.127788036513182	NA	"prevalence"	47	18
"Pelethomonas sp022800665"	"Genotype"	"MUT"	"GenotypeMUT"	-2.15221369532693	0	0.819704562772798	0.00864972046472421	0.119852128186735	0.0172246232653306	0.127788036513182	NA	"prevalence"	47	33
"QXXE01 sp910586105"	"Sequencing_Depth"	"Sequencing_Depth"	"Sequencing_Depth"	1.36725798782538	0	0.521035167114752	0.00868735706197211	0.119852128186735	0.00868735706197211	0.104464558421264	NA	"prevalence"	47	5
"UBA7173 sp910586565"	"Sequencing_Depth"	"Sequencing_Depth"	"Sequencing_Depth"	2.2717835315974	0	0.865928358205479	0.00870254016167242	0.119852128186735	0.0173293461180793	0.127853672612301	NA	"prevalence"	47	36
"CAG-873 sp910587545"	"Sex"	"M"	"SexM"	-2.48075998912723	0	0.946014192309757	0.0087331205808605	0.119895705328126	0.0173899737666411	0.127900452219167	NA	"prevalence"	47	32
"MGBC118957 sp910584385"	"Sex"	"M"	"SexM"	0.575947108347428	-0.415249466173014	0.350390764165708	0.00879687256286532	0.120640100650866	0.0175163601588433	0.128562444031884	NA	"abundance"	47	35
"Bacteroides sp900765785"	"Sequencing_Depth"	"Sequencing_Depth"	"Sequencing_Depth"	1.56020173351134	0	0.595786658300983	0.00882589282528093	0.120776379872871	0.0175738892663985	0.12861940368317	NA	"prevalence"	47	29
"Extibacter muris"	"Sex"	"M"	"SexM"	-2.33772794871375	0	0.892637361791255	0.00882138138102974	0.120776379872871	0.0175649459925899	0.12861940368317	NA	"prevalence"	47	17
"MGYG000411020"	"Sequencing_Depth"	"Sequencing_Depth"	"Sequencing_Depth"	2.33605238449389	0	0.892198496220748	0.00883664461609737	0.120792923920692	0.0175952029441236	0.12861940368317	NA	"prevalence"	47	36
"MGYG000325315"	"Sequencing_Depth"	"Sequencing_Depth"	"Sequencing_Depth"	1.45778334615525	0	0.556847373717301	0.00884668588463325	0.12079973023483	0.0176151079181251	0.12861940368317	NA	"prevalence"	47	30
"Paramuribaculum sp001689565"	"Sex"	"M"	"SexM"	-2.4739381200009	-0.415249466173014	0.747506457569386	0.0089552685486507	0.121679398817578	0.0089552685486507	0.104562659028731	NA	"abundance"	47	45
"UBA7109 sp910575605"	"Sex"	"M"	"SexM"	-1.97731510451031	-0.415249466173014	0.562148090059884	0.00893273543735296	0.121679398817578	0.0177856771123122	0.129367546050337	NA	"abundance"	47	40
"14-2 sp910588285"	"Sequencing_Depth"	"Sequencing_Depth"	"Sequencing_Depth"	2.19466366137671	0	0.839413833506782	0.00893531143175943	0.121679398817578	0.0177907830731363	0.129367546050337	NA	"prevalence"	47	36
"MGYG000327494"	"Sequencing_Depth"	"Sequencing_Depth"	"Sequencing_Depth"	1.18321410196177	0	0.452712889008381	0.00895917204123734	0.121679398817578	0.0178380773188102	0.129578140276825	NA	"prevalence"	47	7
"MGYG000328872"	"Genotype"	"MUT"	"GenotypeMUT"	-4.47711518201842	0	1.71288071476872	0.00895433366121571	0.121679398817578	0.00895433366121571	0.104562659028731	NA	"prevalence"	47	10
"MGYG000410140"	"Genotype"	"MUT"	"GenotypeMUT"	-2.01043460754671	0	0.76935152352141	0.008971066514221	0.121710353630235	0.0178616529940394	0.129616184149764	NA	"prevalence"	47	23
"Acutalibacter sp910587835"	"Sex"	"M"	"SexM"	-2.45640281504717	-0.415249466173014	0.727429167255093	0.0091445237336969	0.122192060343232	0.0091445237336969	0.104562659028731	NA	"abundance"	47	33
"Marseille-P3106 sp022794215"	"Sex"	"M"	"SexM"	2.1795970347044	-0.415249466173014	0.896468028135029	0.00903269775482007	0.122192060343232	0.0179838058809102	0.12986676350825	NA	"abundance"	47	25
"14-2 sp910577785"	"Genotype"	"MUT"	"GenotypeMUT"	-2.2027704215704	0	0.844261983546812	0.00907786729392081	0.122192060343232	0.0180733269132356	0.12986676350825	NA	"prevalence"	47	29
"Avoscillospira_A sp022792945"	"Sex"	"M"	"SexM"	-2.55591049792143	0	0.978823786708817	0.00902235403182892	0.122192060343232	0.000805755404930842	0.0580900449669826	NA	"prevalence"	47	29
"Coproplasma sp013316055"	"Sequencing_Depth"	"Sequencing_Depth"	"Sequencing_Depth"	1.14734029157353	0	0.439924275451313	0.00910622011861194	0.122192060343232	0.0181295169923753	0.12986676350825	NA	"prevalence"	47	17
"MGBC114844 sp910585255"	"Sex"	"M"	"SexM"	-2.04063057132257	0	0.781706613414024	0.00904148896939679	0.122192060343232	0.0180012294160098	0.12986676350825	NA	"prevalence"	47	19
"MGBC163016 sp910580205"	"Sequencing_Depth"	"Sequencing_Depth"	"Sequencing_Depth"	1.89911345821357	0	0.728694987053235	0.009155717390856	0.122192060343232	0.0182276076207708	0.129871704297992	NA	"prevalence"	47	31
"MGYG000323744"	"Sequencing_Depth"	"Sequencing_Depth"	"Sequencing_Depth"	1.15087892008541	0	0.441739101937502	0.00917841198748574	0.122192060343232	0.0182725807283595	0.129930181678113	NA	"prevalence"	47	10
"MGYG000325415"	"Sequencing_Depth"	"Sequencing_Depth"	"Sequencing_Depth"	1.15298022192228	0	0.442309936460254	0.00914128326124351	0.122192060343232	0.0181990034628247	0.129871704297992	NA	"prevalence"	47	25
"MGYG000325585"	"Sex"	"M"	"SexM"	-2.03847851376896	0	0.782445857095955	0.00918033254751255	0.122192060343232	0.010993596502825	0.109111799220052	NA	"prevalence"	47	24
"MGYG000327273"	"Sequencing_Depth"	"Sequencing_Depth"	"Sequencing_Depth"	2.99251420371798	0	1.14742668754442	0.00910670643448498	0.122192060343232	0.0181304807668861	0.12986676350825	NA	"prevalence"	47	37
"MGYG000327369"	"Sequencing_Depth"	"Sequencing_Depth"	"Sequencing_Depth"	1.0490699385397	0	0.402488493634787	0.00914836549481552	0.122192060343232	0.0182130383984043	0.129871704297992	NA	"prevalence"	47	12
"MGYG000329398"	"Sequencing_Depth"	"Sequencing_Depth"	"Sequencing_Depth"	1.12803743082557	0	0.432916637368367	0.00916950446475274	0.122192060343232	0.0182549291173763	0.129930181678113	NA	"prevalence"	47	11
"MGYG000330180"	"Sequencing_Depth"	"Sequencing_Depth"	"Sequencing_Depth"	1.14332419155364	0	0.438157274229124	0.00907032084208143	0.122192060343232	0.0180583709639846	0.12986676350825	NA	"prevalence"	47	16
"MGYG000341210"	"Sex"	"M"	"SexM"	-1.77509020787988	0	0.680538955937496	0.00909773678824387	0.122192060343232	0.0181127047618196	0.12986676350825	NA	"prevalence"	47	20
"MGYG000379997"	"Sequencing_Depth"	"Sequencing_Depth"	"Sequencing_Depth"	1.1490365764949	0	0.440259045775172	0.00905659917999405	0.122192060343232	0.018031176371281	0.12986676350825	NA	"prevalence"	47	24
"Paralachnospira sp910588815"	"Genotype"	"MUT"	"GenotypeMUT"	-3.06007013574677	0	1.17382698878805	0.00913613660209642	0.122192060343232	0.0181888042121807	0.129871704297992	NA	"prevalence"	47	24
"VSOB01 sp910585205"	"Sequencing_Depth"	"Sequencing_Depth"	"Sequencing_Depth"	1.67609730169156	0	0.642515050376225	0.00908999909571087	0.122192060343232	0.00908999909571087	0.104562659028731	NA	"prevalence"	47	4
"Prevotella pectinovora"	"Sequencing_Depth"	"Sequencing_Depth"	"Sequencing_Depth"	1.02192766135105	0	0.39233152013823	0.0091939858960326	0.122245245243677	0.0183034424154087	0.130018825117697	NA	"prevalence"	47	16
"14-2 sp910585895"	"Sequencing_Depth"	"Sequencing_Depth"	"Sequencing_Depth"	1.18974616371599	0	0.456846054068977	0.0092072728043575	0.122293451372043	0.0183297717362211	0.130047180727321	NA	"prevalence"	47	12
"MGYG000326008"	"Sequencing_Depth"	"Sequencing_Depth"	"Sequencing_Depth"	1.1675421160544	0	0.448485615944442	0.00923314140558266	0.122508494666525	0.0183810319109498	0.130047180727321	NA	"prevalence"	47	18
"MGYG000330231"	"Site"	"Jejunum"	"SiteJejunum"	-1.10464347396436	0.0793922236573236	0.402464208236057	0.00928273106127275	0.122709843438357	0.00928273106127275	0.104562659028731	NA	"abundance"	47	22
"CAG-873 sp014801485"	"Sequencing_Depth"	"Sequencing_Depth"	"Sequencing_Depth"	1.22390020864529	0	0.470689996861699	0.00931624752790184	0.122709843438357	0.0185457025878026	0.130433189800965	NA	"prevalence"	47	9
"Enterenecus sp910587395"	"Sequencing_Depth"	"Sequencing_Depth"	"Sequencing_Depth"	1.95606860139513	0	0.752063241626634	0.00929697092839475	0.122709843438357	0.0185075081883461	0.13041980844988	NA	"prevalence"	47	33
"Marseille-P3106 sp910588975"	"Genotype"	"MUT"	"GenotypeMUT"	-2.00703122769741	0	0.771302667871116	0.00926462295427146	0.122709843438357	0.0184434126700581	0.130227812939032	NA	"prevalence"	47	27
"MGYG000325717"	"Sequencing_Depth"	"Sequencing_Depth"	"Sequencing_Depth"	2.43726361935997	0	0.937455457348075	0.00932587054729807	0.122709843438357	0.0185647692331312	0.130433189800965	NA	"prevalence"	47	37
"MGYG000369368"	"Sex"	"M"	"SexM"	3.45927290692742	0	1.32957682528125	0.0092739999366502	0.122709843438357	0.0092739999366502	0.104562659028731	NA	"prevalence"	47	9
"Paramuribaculum sp910586475"	"Sequencing_Depth"	"Sequencing_Depth"	"Sequencing_Depth"	2.43726361935997	0	0.937455457348075	0.00932587054729807	0.122709843438357	0.0185647692331312	0.130433189800965	NA	"prevalence"	47	37
"MGYG000325568"	"Sequencing_Depth"	"Sequencing_Depth"	"Sequencing_Depth"	1.04608656213503	0	0.402612621558888	0.00937013873202391	0.123164294984381	0.0186524779641905	0.13070292692842	NA	"prevalence"	47	22
"Granulicatella adiacens"	"Sex"	"M"	"SexM"	2.86970926434976	-0.415249466173014	1.07847624157582	0.00942098087012422	0.123402543430045	0.0187532068596932	0.130891243058065	NA	"abundance"	47	18
"MGYG000411366"	"Genotype"	"MUT"	"GenotypeMUT"	1.56986350184182	0.195151488441185	0.489343045599848	0.00947600507299762	0.123402543430045	0.00947600507299762	0.104562659028731	NA	"abundance"	47	31
"CAG-485 sp910583775"	"Sequencing_Depth"	"Sequencing_Depth"	"Sequencing_Depth"	1.69451515382527	0	0.653100685429705	0.00947094485900748	0.123402543430045	0.0188521909214926	0.130891243058065	NA	"prevalence"	47	31
"CAG-95 sp002492465"	"Sequencing_Depth"	"Sequencing_Depth"	"Sequencing_Depth"	1.12481208927438	0	0.433502445042475	0.00946714207835488	0.123402543430045	0.018844657377578	0.130891243058065	NA	"prevalence"	47	15
"MGYG000325541"	"Sequencing_Depth"	"Sequencing_Depth"	"Sequencing_Depth"	1.34022224510028	0	0.516349182003647	0.00944332076297983	0.123402543430045	0.0187974652189271	0.130891243058065	NA	"prevalence"	47	25
"MGYG000329420"	"Sequencing_Depth"	"Sequencing_Depth"	"Sequencing_Depth"	1.22517661599913	0	0.472132431739197	0.00945950253037024	0.123402543430045	0.0188295228726184	0.130891243058065	NA	"prevalence"	47	23
"MGYG000344322"	"Sequencing_Depth"	"Sequencing_Depth"	"Sequencing_Depth"	2.37973554292855	0	0.917057621074768	0.00945996174292228	0.123402543430045	0.018830432609667	0.130891243058065	NA	"prevalence"	47	36
"MGYG000410456"	"Sequencing_Depth"	"Sequencing_Depth"	"Sequencing_Depth"	1.15272621974014	0	0.444106406987414	0.00944236753241831	0.123402543430045	0.0187955767602194	0.130891243058065	NA	"prevalence"	47	13
"Paraprevotella sp910586505"	"Sequencing_Depth"	"Sequencing_Depth"	"Sequencing_Depth"	1.34022224510028	0	0.516349182003647	0.00944332076297983	0.123402543430045	0.0187974652189271	0.130891243058065	NA	"prevalence"	47	25
"MGYG000325354"	"Sequencing_Depth"	"Sequencing_Depth"	"Sequencing_Depth"	1.13665719153117	0	0.438323988019954	0.00950903420037537	0.123705400728008	0.0189276466693268	0.131028997706956	NA	"prevalence"	47	12
"UBA3282 sp910579395"	"Sequencing_Depth"	"Sequencing_Depth"	"Sequencing_Depth"	1.27204584747115	0	0.490784216607214	0.00954575531173072	0.124055616771958	0.01900038917899	0.131403865672311	NA	"prevalence"	47	18
"Avoscillospira_A sp022795735"	"Sequencing_Depth"	"Sequencing_Depth"	"Sequencing_Depth"	1.38379976133681	0	0.533990034224047	0.00955769605837324	0.124083401750655	0.00955769605837324	0.104734567039662	NA	"prevalence"	47	5
"Eggerthella lenta"	"Genotype"	"MUT"	"GenotypeMUT"	-2.71947641280929	0	1.04969084853597	0.0095769725490372	0.124206268981263	0.0190622266948694	0.131445676370085	NA	"prevalence"	47	28
"MGYG000349368"	"Sequencing_Depth"	"Sequencing_Depth"	"Sequencing_Depth"	1.00141585246079	0	0.386640835171994	0.00959643307550906	0.124331269058131	0.0191007746232454	0.131583114071246	NA	"prevalence"	47	15
"Turicimonas muris"	"Genotype"	"MUT"	"GenotypeMUT"	-2.24267082876316	0.195151488441185	0.89357264820475	0.00965524091198289	0.124965275525439	0.00965524091198289	0.105011306048049	NA	"abundance"	47	43
"Gallimonas sp910586825"	"Sequencing_Depth"	"Sequencing_Depth"	"Sequencing_Depth"	1.94504579984399	0	0.75209039014585	0.00970444858180387	0.125069971705103	0.0193147208413309	0.132139678132694	NA	"prevalence"	47	5
"MGYG000326314"	"Sequencing_Depth"	"Sequencing_Depth"	"Sequencing_Depth"	2.55511795283562	0	0.98773416709081	0.00968583661563265	0.125069971705103	0.0192778578003206	0.132139678132694	NA	"prevalence"	47	37
"MGYG000328399"	"Sequencing_Depth"	"Sequencing_Depth"	"Sequencing_Depth"	1.21423034995474	0	0.469559561101135	0.00971273362190837	0.125069971705103	0.0193311300494066	0.132139678132694	NA	"prevalence"	47	7
"MGYG000352925"	"Sequencing_Depth"	"Sequencing_Depth"	"Sequencing_Depth"	1.08127726774745	0	0.418101769379576	0.00970524090814143	0.125069971705103	0.0193162901151978	0.132139678132694	NA	"prevalence"	47	21
"RGIG4057 sp910577675"	"Genotype"	"MUT"	"GenotypeMUT"	2.53058289677702	0	0.978330973428425	0.00969188404856639	0.125069971705103	0.0192898354807219	0.132139678132694	NA	"prevalence"	47	12
"CAG-485 sp002361215"	"Sex"	"M"	"SexM"	-2.44675002511615	-0.415249466173014	0.746483694976198	0.00981474376545544	0.126126930541254	0.00981474376545544	0.105076319492646	NA	"abundance"	47	44
"Pelethomonas sp910588365"	"Sequencing_Depth"	"Sequencing_Depth"	"Sequencing_Depth"	1.70903700411154	0	0.661755696819195	0.00980646336347734	0.126126930541254	0.0195167600032555	0.133077909706831	NA	"prevalence"	47	33
"Acetatifactor sp910580225"	"Sequencing_Depth"	"Sequencing_Depth"	"Sequencing_Depth"	1.0706174493335	0	0.414998539062952	0.00988546408037529	0.126906900942587	0.0196732057606662	0.133830816473906	NA	"prevalence"	47	17
"CAG-95 sp910579425"	"Sex"	"M"	"SexM"	1.68576831809639	-0.415249466173014	0.76282491430929	0.0099034261174058	0.127008680642475	0.0197087743859487	0.133943862846044	NA	"abundance"	47	36
"MGYG000329032"	"Sex"	"M"	"SexM"	-2.42203300847975	-0.415249466173014	0.733677006661693	0.00997176186072535	0.127755629183261	0.00997176186072535	0.105260870522616	NA	"abundance"	47	39
"Bacteroides caccae"	"Sex"	"M"	"SexM"	0.926492606279581	-0.415249466173014	0.470548294472411	0.0101470782239519	0.128204878429963	0.0201911932514208	0.135528351283041	NA	"abundance"	47	25
"14-2 sp910586005"	"Sequencing_Depth"	"Sequencing_Depth"	"Sequencing_Depth"	1.20744796805691	0	0.4691933283942	0.0100688707977511	0.128204878429963	0.0200363594363604	0.135525813476303	NA	"prevalence"	47	13
"CAJTFG01 sp910575705"	"Sequencing_Depth"	"Sequencing_Depth"	"Sequencing_Depth"	1.36554430018003	0	0.531110024620915	0.0101372017306146	0.128204878429963	0.020171640602302	0.135525813476303	NA	"prevalence"	47	16
"Duncaniella sp910586665"	"Sequencing_Depth"	"Sequencing_Depth"	"Sequencing_Depth"	2.01331844914409	0	0.782421708935948	0.0100766344431916	0.128204878429963	0.0200517303246814	0.135525813476303	NA	"prevalence"	47	35
"Eubacterium_F sp910584245"	"Sequencing_Depth"	"Sequencing_Depth"	"Sequencing_Depth"	0.989575740861948	0	0.384612043665954	0.0100844725837497	0.128204878429963	0.0200672485802069	0.135525813476303	NA	"prevalence"	47	18
"MGYG000322997"	"Sequencing_Depth"	"Sequencing_Depth"	"Sequencing_Depth"	2.01331844914409	0	0.782421708935948	0.0100766344431916	0.128204878429963	0.0200517303246814	0.135525813476303	NA	"prevalence"	47	35
"MGYG000324300"	"Sequencing_Depth"	"Sequencing_Depth"	"Sequencing_Depth"	1.06990010093041	0	0.416085951325676	0.0101304653872763	0.128204878429963	0.0201583044455898	0.135525813476303	NA	"prevalence"	47	15
"MGYG000325633"	"Sequencing_Depth"	"Sequencing_Depth"	"Sequencing_Depth"	1.48872093562902	0	0.578327687888216	0.0100477297497827	0.128204878429963	0.0199945026264407	0.135525813476303	NA	"prevalence"	47	30
"MGYG000325727"	"Sex"	"M"	"SexM"	-2.97124134592354	0	1.15595490522722	0.0101587528097055	0.128204878429963	0.0202143053607623	0.1355547535957	NA	"prevalence"	47	37
"MGYG000325949"	"Sequencing_Depth"	"Sequencing_Depth"	"Sequencing_Depth"	1.11954147997392	0	0.4352912508643	0.0101131423095666	0.128204878429963	0.0201240089717597	0.135525813476303	NA	"prevalence"	47	8
"MGYG000331207"	"Sequencing_Depth"	"Sequencing_Depth"	"Sequencing_Depth"	1.23234759501206	0	0.478747236652033	0.0100498591780882	0.128204878429963	0.019998718686677	0.135525813476303	NA	"prevalence"	47	12
"MGYG000410161"	"Sequencing_Depth"	"Sequencing_Depth"	"Sequencing_Depth"	1.28914840398581	0	0.500849497558385	0.010055243813698	0.128204878429963	0.010055243813698	0.105260870522616	NA	"prevalence"	47	6
"Phocaeicola plebeius_A"	"Sequencing_Depth"	"Sequencing_Depth"	"Sequencing_Depth"	1.10577432409579	0	0.429956455715854	0.0101162951879485	0.128204878429963	0.0201302509475673	0.135525813476303	NA	"prevalence"	47	24
"UMGS1370 sp910586755"	"Sequencing_Depth"	"Sequencing_Depth"	"Sequencing_Depth"	0.987799028017986	0	0.384167446897177	0.010132568840477	0.128204878429963	0.0201624687296469	0.135525813476303	NA	"prevalence"	47	15
"Bacteroides intestinalis"	"Sequencing_Depth"	"Sequencing_Depth"	"Sequencing_Depth"	1.63342855959475	0	0.635627641770936	0.0101760641418847	0.128295438155355	0.0202485760023497	0.135655862734225	NA	"prevalence"	47	26
"MGYG000408998"	"Sequencing_Depth"	"Sequencing_Depth"	"Sequencing_Depth"	1.03089147463978	0	0.401215235729106	0.0101868159512901	0.12830320030988	0.0202698606833546	0.135669862982908	NA	"prevalence"	47	22
"14-2 sp910575075"	"Sequencing_Depth"	"Sequencing_Depth"	"Sequencing_Depth"	2.18323528602797	0	0.850077759224249	0.0102205404067318	0.128344841734535	0.0203366213672579	0.135731104649461	NA	"prevalence"	47	33
"Enterousia sp013316395"	"Sex"	"M"	"SexM"	-1.94879480458083	0	0.758697872266483	0.0102108906408154	0.128344841734535	0.0203175189939521	0.135731104649461	NA	"prevalence"	47	23
"UBA3402 sp910585435"	"Genotype"	"MUT"	"GenotypeMUT"	-2.22302462847707	0	0.865471847780487	0.0102119219778589	0.128344841734535	0.0203195606052359	0.135731104649461	NA	"prevalence"	47	20
"MGYG000331077"	"Sex"	"M"	"SexM"	1.12049775749556	-0.415249466173014	0.554823470874257	0.0102742250952188	0.128891121164796	0.0102742250952188	0.106478332804995	NA	"abundance"	47	32
"Desulfovibrio sp910584445"	"Sequencing_Depth"	"Sequencing_Depth"	"Sequencing_Depth"	0.0795520890646484	-0.534932639053454	0.223868629714636	0.0102953431484254	0.129028171854226	0.020484692206307	0.136461644216944	NA	"abundance"	47	35
"MGYG000325587"	"Sequencing_Depth"	"Sequencing_Depth"	"Sequencing_Depth"	2.30647770264989	0	0.899368372488289	0.0103308851575171	0.129249394865109	0.0205550431268964	0.136705982945922	NA	"prevalence"	47	36
"Nanosyncoccus sp003979185"	"Sex"	"M"	"SexM"	-1.93654554080954	0	0.755145195796864	0.010333416622175	0.129249394865109	0.0205600537452625	0.136705982945922	NA	"prevalence"	47	25
"MGYG000329051"	"Sequencing_Depth"	"Sequencing_Depth"	"Sequencing_Depth"	1.40453843672953	0	0.547902903339307	0.0103628506535044	0.129361897013865	0.020618312633342	0.136964505350058	NA	"prevalence"	47	13
"MGYG000324807"	"Sequencing_Depth"	"Sequencing_Depth"	"Sequencing_Depth"	1.05937569808634	0	0.413342415943769	0.0103787172325368	0.12943231796005	0.0206497166936806	0.137044316986793	NA	"prevalence"	47	14
"CAG-873 sp009775225"	"Sex"	"M"	"SexM"	1.0034005016005	-0.415249466173014	0.524589934638592	0.0104249405955186	0.129482262179028	0.0207412018046171	0.13739345300378	NA	"abundance"	47	43
"CAG-873 sp910584905"	"Genotype"	"MUT"	"GenotypeMUT"	-1.08950668124299	0.195151488441185	0.474016183409436	0.0103949181852375	0.129482262179028	0.0206817820463973	0.137128363512135	NA	"abundance"	47	42
"Bacteroides nordii"	"Sequencing_Depth"	"Sequencing_Depth"	"Sequencing_Depth"	2.69167372392668	0	1.05150969296465	0.0104726911459153	0.129482262179028	0.0208357050319929	0.137403041654759	NA	"prevalence"	47	34
"Bacteroides uniformis"	"Sex"	"M"	"SexM"	-2.08441831739669	0	0.813914203418267	0.0104377246399459	0.129482262179028	0.0207665031842326	0.137403041654759	NA	"prevalence"	47	32
"Choladocola sp910587765"	"Sequencing_Depth"	"Sequencing_Depth"	"Sequencing_Depth"	1.30987284422816	0	0.511601782301493	0.0104570780677415	0.129482262179028	0.0208048056537682	0.137403041654759	NA	"prevalence"	47	7
"Clostridium_Q symbiosum"	"Sequencing_Depth"	"Sequencing_Depth"	"Sequencing_Depth"	1.43149824282652	0	0.55917197435935	0.0104662474364559	0.129482262179028	0.0104662474364559	0.10741504209069	NA	"prevalence"	47	5
"Dysosmobacter sp022801815"	"Sequencing_Depth"	"Sequencing_Depth"	"Sequencing_Depth"	1.22078074534277	0	0.47678701901237	0.0104542117159565	0.129482262179028	0.020799132889311	0.137403041654759	NA	"prevalence"	47	32
"Dysosmobacter sp910588175"	"Sequencing_Depth"	"Sequencing_Depth"	"Sequencing_Depth"	1.53287439130762	0	0.598837827174737	0.0104747856273759	0.129482262179028	0.0208398501208124	0.137403041654759	NA	"prevalence"	47	33
"MGYG000325415"	"Sex"	"M"	"SexM"	0.821886569460758	-0.415249466173014	0.435653949768531	0.010515800621584	0.129802821951239	0.020921019180455	0.137484176978499	NA	"abundance"	47	25
"Parabacteroides sp900760525"	"Sex"	"M"	"SexM"	1.40510396111702	-0.415249466173014	0.669025005203706	0.0105212273125274	0.129802821951239	0.0209317584008929	0.137484176978499	NA	"abundance"	47	38
"1XD8-76 sp910578085"	"Sex"	"M"	"SexM"	0.39470399959029	-0.415249466173014	0.298275788682619	0.0105672906092162	0.129862605467395	0.0210229135876128	0.137484176978499	NA	"abundance"	47	46
"MGYG000405972"	"Sex"	"M"	"SexM"	1.80128659396774	-0.415249466173014	0.688241724189174	0.0105767028512451	0.129862605467395	0.0210415390592867	0.137484176978499	NA	"abundance"	47	14
"1XD42-69 sp910586645"	"Sequencing_Depth"	"Sequencing_Depth"	"Sequencing_Depth"	1.21839724533399	0	0.476526341598977	0.0105630571489069	0.129862605467395	0.0210145361214826	0.137484176978499	NA	"prevalence"	47	11
"Alistipes sp910575495"	"Sex"	"M"	"SexM"	-1.99085087452953	0	0.778783528321613	0.0105773697453693	0.129862605467395	0.0210428587400084	0.137484176978499	NA	"prevalence"	47	28
"UBA3282 sp003611805"	"Sequencing_Depth"	"Sequencing_Depth"	"Sequencing_Depth"	1.54570472332612	0	0.604578193814829	0.0105680528224847	0.129862605467395	0.0210244219045105	0.137484176978499	NA	"prevalence"	47	34
"MGYG000325473"	"Genotype"	"MUT"	"GenotypeMUT"	-2.09845868169298	0	0.82126923285759	0.0106144793739825	0.130014845743531	0.0211162915755843	0.137811587124866	NA	"prevalence"	47	27
"M3 sp001689445"	"Sex"	"M"	"SexM"	-1.63800038592749	-0.415249466173014	0.451231582260475	0.0106569902976565	0.130208671030634	0.0212004091531087	0.138232926101635	NA	"abundance"	47	41
"MGBC122484 sp910587245"	"Genotype"	"MUT"	"GenotypeMUT"	-1.36941635628723	0.195151488441185	0.529847146106271	0.0106532032080886	0.130208671030634	0.0106532032080886	0.108185115337314	NA	"abundance"	47	19
"MGYG000331010"	"Genotype"	"MUT"	"GenotypeMUT"	-0.783564749567953	0.195151488441185	0.343872165321347	0.0107007269146431	0.130567789312227	0.0107007269146431	0.1083563579265	NA	"abundance"	47	24
"Eubacterium_F sp910579145"	"Sex"	"M"	"SexM"	-2.25842903680761	0	0.884963999332743	0.0107106202475977	0.130567789312227	0.0213065231091071	0.138765444267368	NA	"prevalence"	47	17
"Lachnoclostridium_B sp910589275"	"Sex"	"M"	"SexM"	-1.97623071777925	0	0.774654396300183	0.010737957708487	0.130567789312227	0.0213606116812247	0.138765444267368	NA	"prevalence"	47	16
"MGYG000325877"	"Sequencing_Depth"	"Sequencing_Depth"	"Sequencing_Depth"	1.02001179877652	0	0.399820711502352	0.0107361023043593	0.130567789312227	0.021356940716029	0.138765444267368	NA	"prevalence"	47	16
"MGYG000410805"	"Sequencing_Depth"	"Sequencing_Depth"	"Sequencing_Depth"	0.979432451717822	0	0.384022540874426	0.0107582216879797	0.130688646954364	0.0214007040420718	0.138898233397028	NA	"prevalence"	47	18
"MGYG000369368"	"Genotype"	"MUT"	"GenotypeMUT"	-3.2867976585682	0	1.29029646662754	0.0108553920321185	0.131742619695643	0.0108553920321185	0.108985668867917	NA	"prevalence"	47	9
"Kineothrix sp910579645"	"Sex"	"M"	"SexM"	1.26899016970947	-0.415249466173014	0.595470440379164	0.0108912245822528	0.132026606251776	0.0216638303916045	0.140477021291615	NA	"abundance"	47	24
"Pelethomonas sp910578505"	"Genotype"	"MUT"	"GenotypeMUT"	-2.24740143536386	0	0.882753357285745	0.0108996526728635	0.132026606251776	0.00080688054459654	0.0580900449669826	NA	"prevalence"	47	37
"MGBC122484 sp910586855"	"Sequencing_Depth"	"Sequencing_Depth"	"Sequencing_Depth"	1.09220311437462	0	0.429098693609122	0.010917062010857	0.132111062077847	0.0217149417787651	0.140646852811048	NA	"prevalence"	47	19
"Muribaculum gordoncarteri"	"Genotype"	"MUT"	"GenotypeMUT"	-1.78115840070006	0.195151488441185	0.740535871977676	0.0109413390700894	0.132278385815847	0.0109413390700894	0.109111799220052	NA	"abundance"	47	46
"Evtepia sp910584805"	"Sex"	"M"	"SexM"	-2.51470533650983	-0.415249466173014	0.754762345774572	0.0109962867783344	0.13256285527634	0.00141992814699368	0.069214152710009	NA	"abundance"	47	27
"MGYG000329348"	"Sequencing_Depth"	"Sequencing_Depth"	"Sequencing_Depth"	1.19052405960027	0	0.468120446958325	0.0109842242990675	0.13256285527634	0.0218477954146828	0.141151936006378	NA	"prevalence"	47	22
"MGYG000411523"	"Sex"	"M"	"SexM"	-1.81666135369631	0	0.714363856129827	0.0109890229608478	0.13256285527634	0.000112865239542895	0.0166194065226913	NA	"prevalence"	47	21
"CAG-873 sp910587235"	"Sex"	"M"	"SexM"	-2.869074134675	-0.415249466173014	0.91051928236862	0.0110549220930218	0.132687727190334	0.0219876328835609	0.141461695686579	NA	"abundance"	47	38
"Hungatella effluvii"	"Sequencing_Depth"	"Sequencing_Depth"	"Sequencing_Depth"	1.19682373401641	0	0.470905169128113	0.011036571225812	0.132687727190334	0.0219513365472016	0.141461695686579	NA	"prevalence"	47	8
"MGYG000325457"	"Sex"	"M"	"SexM"	-2.14625479771524	0	0.844596144160549	0.0110485024431701	0.132687727190334	0.0219749354801035	0.141461695686579	NA	"prevalence"	47	19
"MGYG000325548"	"Genotype"	"MUT"	"GenotypeMUT"	-3.04713971791084	0	1.19927076310378	0.0110590576857167	0.132687727190334	0.0219958126145374	0.141461695686579	NA	"prevalence"	47	12
"MGYG000325660"	"Sex"	"M"	"SexM"	-2.65686767280018	0	1.04537184090819	0.0110361293005149	0.132687727190334	0.021950462451092	0.141461695686579	NA	"prevalence"	47	33
"1XD8-76 sp022799355"	"Sequencing_Depth"	"Sequencing_Depth"	"Sequencing_Depth"	1.05492456016709	0	0.415259052217572	0.0110725398887943	0.132688856902269	0.0220224786379996	0.141472119446287	NA	"prevalence"	47	10
"MGYG000323043"	"Sequencing_Depth"	"Sequencing_Depth"	"Sequencing_Depth"	1.76971296864989	0	0.696692986802788	0.0110801170600172	0.132688856902269	0.0220374651259708	0.141472119446287	NA	"prevalence"	47	30
"MGYG000410251"	"Genotype"	"MUT"	"GenotypeMUT"	1.62903936292244	0.195151488441185	0.525093790672938	0.0111186494850695	0.133024447241975	0.0111186494850695	0.109299881168944	NA	"abundance"	47	32
"Bacteroides cellulosilyticus"	"Sex"	"M"	"SexM"	-2.1729219441975	0	0.856031268248893	0.011137096860309	0.133119331499331	0.0221501587941421	0.142066535714153	NA	"prevalence"	47	32
"Thomasclavelia ramosa"	"Sequencing_Depth"	"Sequencing_Depth"	"Sequencing_Depth"	0.173353745901711	-0.534932639053454	0.256172302796274	0.0111793370571468	0.133498158933362	0.00476915578930712	0.0970465968650594	NA	"abundance"	47	28
"Eubacterium_J sp910580075"	"Sex"	"M"	"SexM"	-1.61016520790438	-0.415249466173014	0.431184609394918	0.0112531186627753	0.133813095492446	0.0112531186627753	0.109438753402103	NA	"abundance"	47	28
"Nanosyncoccus sp013316435"	"Sex"	"M"	"SexM"	1.34132086606146	-0.415249466173014	0.620114039400985	0.0112481432666858	0.133813095492446	0.00575903736313285	0.0997319558965519	NA	"abundance"	47	23
"Alistipes onderdonkii"	"Sequencing_Depth"	"Sequencing_Depth"	"Sequencing_Depth"	1.04875081649475	0	0.413778720012168	0.0112585674434709	0.133813095492446	0.0223903795460627	0.143217377947123	NA	"prevalence"	47	11
"MGYG000326869"	"Sequencing_Depth"	"Sequencing_Depth"	"Sequencing_Depth"	1.21920050607593	0	0.480978277265028	0.0112500345530216	0.133813095492446	0.0223735058285991	0.143217377947123	NA	"prevalence"	47	25
"MGYG000376875"	"Sequencing_Depth"	"Sequencing_Depth"	"Sequencing_Depth"	1.07050428190321	0	0.422192977599818	0.0112261122949593	0.133813095492446	0.0223261989926597	0.143065797352782	NA	"prevalence"	47	11
"Dubosiella sp004793885"	"Sex"	"M"	"SexM"	0.55093934800482	-0.415249466173014	0.355214789528332	0.0113167199222157	0.134311535971686	0.0225053716946336	0.143667373804847	NA	"abundance"	47	35
"CAG-485 sp910584185"	"Sequencing_Depth"	"Sequencing_Depth"	"Sequencing_Depth"	1.24420260173311	0	0.491400524141062	0.0113429476974034	0.134311535971686	0.0225572329323408	0.143667373804847	NA	"prevalence"	47	27
"CAG-873 sp910587545"	"Sequencing_Depth"	"Sequencing_Depth"	"Sequencing_Depth"	1.74088252597097	0	0.6874591200645	0.0113302986199245	0.134311535971686	0.0225322215730323	0.143667373804847	NA	"prevalence"	47	32
"Thomasclavelia ramosa"	"Genotype"	"MUT"	"GenotypeMUT"	-1.10252707811606	0.195151488441185	0.470133865483526	0.0113558223060647	0.134338316588941	0.0225826899118825	0.143667373804847	NA	"abundance"	47	28
"MGYG000325598"	"Genotype"	"MUT"	"GenotypeMUT"	-2.67042838458357	0	1.05582586068217	0.0114312489746517	0.135104341289581	0.022731824496183	0.144285612692297	NA	"prevalence"	47	17
"Acutalibacter sp910587995"	"Sequencing_Depth"	"Sequencing_Depth"	"Sequencing_Depth"	1.19231530762478	0	0.471728447999683	0.0114862806588802	0.135123922472218	0.0228406266743859	0.144285612692297	NA	"prevalence"	47	25
"HGM11386 sp022791055"	"Sequencing_Depth"	"Sequencing_Depth"	"Sequencing_Depth"	1.45939269076131	0	0.577382026955187	0.0114844048428025	0.135123922472218	0.0228369181310117	0.144285612692297	NA	"prevalence"	47	9
"Lachnospira sp910587485"	"Sequencing_Depth"	"Sequencing_Depth"	"Sequencing_Depth"	1.1667874130565	0	0.46141423491767	0.0114479308660578	0.135123922472218	0.0114479308660578	0.109937466523501	NA	"prevalence"	47	8
"MGYG000329350"	"Sequencing_Depth"	"Sequencing_Depth"	"Sequencing_Depth"	1.43358549714595	0	0.566981578494957	0.0114566871264356	0.135123922472218	0.0227821185729582	0.144285612692297	NA	"prevalence"	47	7
"Muricomes contortus_B"	"Sequencing_Depth"	"Sequencing_Depth"	"Sequencing_Depth"	1.61276984477958	0	0.638005624487439	0.0114769864688483	0.135123922472218	0.0228222517192905	0.144285612692297	NA	"prevalence"	47	26
"CAG-873 sp910576935"	"Sex"	"M"	"SexM"	-2.01388346425686	0	0.796886160296724	0.0114978981008393	0.135134999220449	0.0228635945409413	0.144285612692297	NA	"prevalence"	47	30
"Parvibacter sp910588725"	"Sequencing_Depth"	"Sequencing_Depth"	"Sequencing_Depth"	1.79594395090866	0	0.710922244305713	0.0115298197185818	0.135384469385722	0.0229267026944206	0.144345219353961	NA	"prevalence"	47	28
"Dysosmobacter sp910584075"	"Sequencing_Depth"	"Sequencing_Depth"	"Sequencing_Depth"	1.09502397161067	0	0.433599615124594	0.0115557941103669	0.135438186897245	0.0229780518432127	0.144363440380291	NA	"prevalence"	47	19
"Mediterraneibacter_A sp022790755"	"Genotype"	"MUT"	"GenotypeMUT"	-2.17210470844476	0	0.860054663861643	0.0115519768689238	0.135438186897245	0.0229705055682674	0.144363440380291	NA	"prevalence"	47	16
"MGYG000325354"	"Genotype"	"MUT"	"GenotypeMUT"	-1.18909558089049	0.195151488441185	0.406437656430674	0.0115698094884611	0.135477010642868	0.0115698094884611	0.110656851778678	NA	"abundance"	47	12
"Duncaniella sp910587515"	"Sex"	"M"	"SexM"	-2.92019093693737	0	1.15675191770925	0.0115871348925588	0.135554485646959	0.0230400080900993	0.144367710266686	NA	"prevalence"	47	37
"Klebsiella michiganensis"	"Sequencing_Depth"	"Sequencing_Depth"	"Sequencing_Depth"	-3.42069126667782	-0.534932639053454	0.521411063981099	0.0116456490280668	0.13597016162042	0.0231556769148486	0.14467350574768	NA	"abundance"	47	8
"MGYG000325375"	"Site"	"Jejunum"	"SiteJejunum"	0.71636863303167	0.0793922236573236	0.161674897598116	0.0116969171662534	0.13597016162042	0.0232570164613127	0.144701225658942	NA	"abundance"	47	10
"MGYG000328896"	"Sex"	"M"	"SexM"	-1.41395643378015	-0.415249466173014	0.361705665472785	0.0117467359008891	0.13597016162042	0.0117467359008891	0.111294811457754	NA	"abundance"	47	28
"CAG-873 sp910576775"	"Sequencing_Depth"	"Sequencing_Depth"	"Sequencing_Depth"	2.12353510161934	0	0.84193716675809	0.0116622915387012	0.13597016162042	0.0231885740334688	0.14467350574768	NA	"prevalence"	47	35
"CAG-873 sp910587925"	"Sequencing_Depth"	"Sequencing_Depth"	"Sequencing_Depth"	1.24262989607605	0	0.49326444382411	0.0117623105525644	0.13597016162042	0.0233862691555937	0.144740937295741	NA	"prevalence"	47	29
"Dysosmobacter sp910579365"	"Sequencing_Depth"	"Sequencing_Depth"	"Sequencing_Depth"	1.56636670426413	0	0.621257693238149	0.0116927640039345	0.13597016162042	0.0232488072778172	0.144701225658942	NA	"prevalence"	47	34
"Enterousia sp013316395"	"Genotype"	"MUT"	"GenotypeMUT"	-2.00980973115118	0	0.797612869017817	0.0117427878514341	0.13597016162042	0.0233476826363443	0.144740937295741	NA	"prevalence"	47	23
"Gallimonas sp910586985"	"Sequencing_Depth"	"Sequencing_Depth"	"Sequencing_Depth"	1.32084421069922	0	0.523849609324121	0.0116882675338676	0.13597016162042	0.0232399194697919	0.144701225658942	NA	"prevalence"	47	9
"Lachnoclostridium_B sp910584265"	"Sex"	"M"	"SexM"	-2.282844316514	0	0.906111041149356	0.0117559390188525	0.13597016162042	0.0233736759354901	0.144740937295741	NA	"prevalence"	47	32
"MGYG000325392"	"Sequencing_Depth"	"Sequencing_Depth"	"Sequencing_Depth"	1.20762476597467	0	0.479131944924068	0.0117207213154785	0.13597016162042	0.0233040673228019	0.144739145727209	NA	"prevalence"	47	9
"MGYG000330673"	"Sequencing_Depth"	"Sequencing_Depth"	"Sequencing_Depth"	1.26813988157556	0	0.503101551774745	0.0117140314951506	0.13597016162042	0.0117140314951506	0.111133925647952	NA	"prevalence"	47	8
"MGYG000410396"	"Sequencing_Depth"	"Sequencing_Depth"	"Sequencing_Depth"	1.20679394331878	0	0.478475978669	0.0116635971410501	0.13597016162042	0.0231911547838315	0.14467350574768	NA	"prevalence"	47	6
"MGYG000410984"	"Sex"	"M"	"SexM"	-2.25281644816324	0	0.89367731338797	0.0117075471380874	0.13597016162042	0.0232780276161843	0.14470457272752	NA	"prevalence"	47	23
"CAG-873 sp910578095"	"Sequencing_Depth"	"Sequencing_Depth"	"Sequencing_Depth"	2.24621605441371	0	0.891943936907378	0.0117910206211782	0.136177681590213	0.0234430130750673	0.144814790470443	NA	"prevalence"	47	37
"Megamonas funiformis"	"Sex"	"M"	"SexM"	-1.74074221326762	0	0.691373322012942	0.0118089160749541	0.136260036168431	0.023478381651043	0.144814790470443	NA	"prevalence"	47	26
"Dysosmobacter sp910576865"	"Sequencing_Depth"	"Sequencing_Depth"	"Sequencing_Depth"	2.15235871203687	0	0.855121111188826	0.0118351414348993	0.136391416393994	0.0235302122970145	0.144826181438237	NA	"prevalence"	47	37
"MGYG000410251"	"Sequencing_Depth"	"Sequencing_Depth"	"Sequencing_Depth"	1.70546410672081	0	0.677625940471182	0.0118418523160846	0.136391416393994	0.0235434751658933	0.144826181438237	NA	"prevalence"	47	32
"COE1 sp000403215"	"Sequencing_Depth"	"Sequencing_Depth"	"Sequencing_Depth"	0.954608429706974	0	0.379389258507899	0.0118637446852771	0.136395349887591	0.0235867409325968	0.144840212781576	NA	"prevalence"	47	22
"MGYG000410458"	"Genotype"	"MUT"	"GenotypeMUT"	-1.82775873319465	0	0.726386688597915	0.0118616469602716	0.136395349887591	0.023582595251933	0.144840212781576	NA	"prevalence"	47	27
"D16-34 sp910577495"	"Sex"	"M"	"SexM"	-2.22058210442809	0	0.882732779536007	0.0118837781361333	0.136501691149886	0.0236263320894777	0.144957391673983	NA	"prevalence"	47	24
"MGYG000366359"	"Sex"	"M"	"SexM"	1.07409108657924	-0.415249466173014	0.543467165972371	0.0119322679162117	0.13681036891613	0.0119322679162117	0.11220699251487	NA	"abundance"	47	28
"RGIG3002 sp910579805"	"Sex"	"M"	"SexM"	-2.30196090869321	0	0.91553623966844	0.011925853395913	0.13681036891613	0.0237094808126053	0.14534137934388	NA	"prevalence"	47	14
"Caccovicinus sp910589195"	"Sequencing_Depth"	"Sequencing_Depth"	"Sequencing_Depth"	0.999647793706145	0	0.398264212782515	0.0120727195910903	0.137969765090122	0.0239996886238554	0.146060981620493	NA	"prevalence"	47	14
"JAAVFS01 sp910584665"	"Sequencing_Depth"	"Sequencing_Depth"	"Sequencing_Depth"	1.3379063398446	0	0.532871360661983	0.0120475257470816	0.137969765090122	0.0239499086175365	0.146060981620493	NA	"prevalence"	47	26
"Schaedlerella glycyrrhizinilytica_A"	"Sequencing_Depth"	"Sequencing_Depth"	"Sequencing_Depth"	1.05604355920016	0	0.420746037529074	0.0120754724649052	0.137969765090122	0.0240051278945598	0.146060981620493	NA	"prevalence"	47	14
"Scybalousia sp910584255"	"Sequencing_Depth"	"Sequencing_Depth"	"Sequencing_Depth"	1.01012207943127	0	0.402457225753943	0.0120769868636321	0.137969765090122	0.0240081201155598	0.146060981620493	NA	"prevalence"	47	16
"Eubacterium_J sp910586445"	"Sequencing_Depth"	"Sequencing_Depth"	"Sequencing_Depth"	1.00264070972036	0	0.399537343923908	0.0120900720392913	0.13799082628128	0.0240339742366673	0.146060981620493	NA	"prevalence"	47	13
"MGYG000368546"	"Sex"	"M"	"SexM"	-1.86822085644758	0	0.744549601974295	0.012100633368006	0.13799082628128	0.0240548414081052	0.146060981620493	NA	"prevalence"	47	30
"Muribaculum sp001701065"	"Sex"	"M"	"SexM"	-1.86873878338321	0	0.744896733050639	0.0121168820569317	0.138051748943872	0.0240869452830819	0.146060981620493	NA	"prevalence"	47	30
"MGYG000329730"	"Site"	"Jejunum"	"SiteJejunum"	-1.24632372298323	0.0793922236573236	0.464443819351672	0.0121611216336582	0.138182654972034	0.0241743503879278	0.146060981620493	NA	"abundance"	47	20
"Eubacterium_F sp910575665"	"Sequencing_Depth"	"Sequencing_Depth"	"Sequencing_Depth"	2.84821766640619	0	1.13589122924527	0.0121597544522732	0.138182654972034	0.0241716492762069	0.146060981620493	NA	"prevalence"	47	38
"Muribaculum sp910583865"	"Sequencing_Depth"	"Sequencing_Depth"	"Sequencing_Depth"	1.80372574914103	0	0.71922846143407	0.0121464083773675	0.138182654972034	0.0241452815182652	0.146060981620493	NA	"prevalence"	47	34
"MGYG000329847"	"Site"	"Jejunum"	"SiteJejunum"	2.37360194450635	0.0793922236573236	0.866090855690545	0.0122048980207101	0.138183899057378	0.0242608365057243	0.146060981620493	NA	"abundance"	47	39
"COE1 sp009774395"	"Sequencing_Depth"	"Sequencing_Depth"	"Sequencing_Depth"	2.61536425703167	0	1.04338275779906	0.0121891619204642	0.138183899057378	0.024229748172605	0.146060981620493	NA	"prevalence"	47	38
"MGYG000329835"	"Sex"	"M"	"SexM"	-2.1072680385301	0	0.840826417291229	0.0122041137448519	0.138183899057378	0.0242592870974066	0.146060981620493	NA	"prevalence"	47	18
"Parabacteroides sp900760525"	"Genotype"	"MUT"	"GenotypeMUT"	3.14436129150975	0	1.25463689439179	0.0122039235780083	0.138183899057378	0.000240611104259799	0.0261636813062809	NA	"prevalence"	47	38
"MGYG000410812"	"Sequencing_Depth"	"Sequencing_Depth"	"Sequencing_Depth"	1.64870478748449	0	0.658052253739249	0.0122302116141713	0.138346754791939	0.0243108451522151	0.146222374599582	NA	"prevalence"	47	19
"Avoscillospira_A sp022792945"	"Site"	"Jejunum"	"SiteJejunum"	-0.618253670031478	0.0793922236573236	0.25578971615133	0.0122428279211074	0.13836581770123	0.024335769006709	0.146222374599582	NA	"abundance"	47	29
"Enterenecus sp910588625"	"Sequencing_Depth"	"Sequencing_Depth"	"Sequencing_Depth"	-0.0800443861506775	-0.534932639053454	0.172593090383625	0.0122628285821356	0.138468228539404	0.0243752801994363	0.146251681196618	NA	"abundance"	47	45
"MGYG000328464"	"Sex"	"M"	"SexM"	-1.88683987595217	-0.415249466173014	0.553513783824966	0.0122812734081473	0.138552904456621	0.0122812734081473	0.113693552158539	NA	"abundance"	47	38
"Duncaniella dubosii"	"Sex"	"M"	"SexM"	-3.26963470974999	-0.415249466173014	1.0850222089462	0.0124459585302242	0.139251738499306	0.0124459585302242	0.114431430947284	NA	"abundance"	47	42
"Kineothrix sp011958945"	"Sex"	"M"	"SexM"	-1.95791485064067	-0.415249466173014	0.583032214979723	0.012464364912657	0.139251738499306	0.012464364912657	0.114431430947284	NA	"abundance"	47	39
"MGYG000329571"	"Genotype"	"MUT"	"GenotypeMUT"	-1.26358002690255	0.195151488441185	0.412183061204341	0.0125103040673078	0.139251738499306	0.0125103040673078	0.114431430947284	NA	"abundance"	47	11
"MGYG000410251"	"Sex"	"M"	"SexM"	1.15215985640293	-0.415249466173014	0.583466934776451	0.0124237105206394	0.139251738499306	0.0246930724581782	0.147358858898628	NA	"abundance"	47	32
"CAG-873 sp910587355"	"Sequencing_Depth"	"Sequencing_Depth"	"Sequencing_Depth"	1.35499240201919	0	0.54248327865582	0.0124981187334792	0.139251738499306	0.0248400344950822	0.147542074677314	NA	"prevalence"	47	24
"CAJUPY01 sp910588035"	"Sex"	"M"	"SexM"	-2.22746644225772	0	0.891906056371877	0.0125099732056739	0.139251738499306	0.0248634469817411	0.147542074677314	NA	"prevalence"	47	33
"Copromonas sp910575275"	"Sequencing_Depth"	"Sequencing_Depth"	"Sequencing_Depth"	1.41743849171778	0	0.567673516760647	0.0125275265321835	0.139251738499306	0.0248981141433525	0.147542074677314	NA	"prevalence"	47	34
"MGYG000324474"	"Sex"	"M"	"SexM"	-2.39404827170155	0	0.958827882387063	0.0125302362261581	0.139251738499306	0.0249034656324329	0.147542074677314	NA	"prevalence"	47	35
"MGYG000325600"	"Sequencing_Depth"	"Sequencing_Depth"	"Sequencing_Depth"	1.1899123467827	0	0.4760901497245	0.0124423991907115	0.139251738499306	0.0247299850838021	0.14737903420937	NA	"prevalence"	47	18
"MGYG000327499"	"Sequencing_Depth"	"Sequencing_Depth"	"Sequencing_Depth"	1.65191698457351	0	0.6611609941799	0.0124716821195907	0.139251738499306	0.0247878213842893	0.147475018134812	NA	"prevalence"	47	25
"MGYG000329414"	"Sex"	"M"	"SexM"	-2.22746644225772	0	0.891906056371877	0.0125099732056739	0.139251738499306	0.0248634469817411	0.147542074677314	NA	"prevalence"	47	33
"Pelethomonas sp009774055"	"Genotype"	"MUT"	"GenotypeMUT"	-2.12002866519242	0	0.847986852338911	0.012416786992629	0.139251738499306	0.0246793973860377	0.147358858898628	NA	"prevalence"	47	21
"Prevotella intestinalis"	"Sequencing_Depth"	"Sequencing_Depth"	"Sequencing_Depth"	1.13575396285556	0	0.454356343084851	0.0124298969751695	0.139251738499306	0.0247052916115257	0.147358858898628	NA	"prevalence"	47	22
"Pumilibacter muris"	"Sequencing_Depth"	"Sequencing_Depth"	"Sequencing_Depth"	1.11048068427764	0	0.443953503009045	0.0123722737299655	0.139251738499306	0.0245914743026818	0.147358858898628	NA	"prevalence"	47	10
"RGIG3002 sp910579805"	"Sequencing_Depth"	"Sequencing_Depth"	"Sequencing_Depth"	1.1611219483259	0	0.464256610602773	0.012383100286875	0.139251738499306	0.0246128594010352	0.147358858898628	NA	"prevalence"	47	14
"RUG115 sp910578885"	"Sequencing_Depth"	"Sequencing_Depth"	"Sequencing_Depth"	1.04749646565043	0	0.418977780711699	0.0124149792356182	0.139251738499306	0.0246758267618156	0.147358858898628	NA	"prevalence"	47	9
"Alistipes finegoldii"	"Sequencing_Depth"	"Sequencing_Depth"	"Sequencing_Depth"	-1.38090809993118	-0.534932639053454	0.323916880347547	0.0125590571628866	0.13926243169722	0.0125590571628866	0.114431430947284	NA	"abundance"	47	47
"Bacteroides thetaiotaomicron"	"Genotype"	"MUT"	"GenotypeMUT"	2.17347322599224	0	0.870649204467375	0.0125467314121631	0.13926243169722	0.0249360423551973	0.147611346203128	NA	"prevalence"	47	14
"Lachnoclostridium_B sp910584265"	"Sequencing_Depth"	"Sequencing_Depth"	"Sequencing_Depth"	2.01944853856463	0	0.809110036230864	0.0125642042185358	0.13926243169722	0.0249705492094265	0.147691917834499	NA	"prevalence"	47	32
"UBA3263 sp002490725"	"Sequencing_Depth"	"Sequencing_Depth"	"Sequencing_Depth"	2.27856578576114	0	0.91331105631747	0.0126013614165134	0.139552084698361	0.0250439285234772	0.148002079267506	NA	"prevalence"	47	37
"Coproplasma sp910586035"	"Sequencing_Depth"	"Sequencing_Depth"	"Sequencing_Depth"	1.8151916165718	-0.534932639053454	0.546167759136653	0.01263399776079	0.13979120948958	0.01263399776079	0.11477775857746	NA	"abundance"	47	9
"Copromonas sp910586315"	"Sequencing_Depth"	"Sequencing_Depth"	"Sequencing_Depth"	1.08065271147523	0	0.433574391779224	0.0126873250573481	0.140258655524815	0.0252136818975855	0.148632446749069	NA	"prevalence"	47	24
"Choladocola sp009774155"	"Sex"	"M"	"SexM"	-1.76469732222598	0	0.708379269078622	0.0127321089161284	0.140630920296992	0.0253021112348047	0.148947579649235	NA	"prevalence"	47	22
"Enterenecus sp910588135"	"Sequencing_Depth"	"Sequencing_Depth"	"Sequencing_Depth"	1.1296483094756	0	0.45377857537746	0.0127949451702873	0.141199699288226	0.0254261797186639	0.14926265635508	NA	"prevalence"	47	24
"MGYG000323038"	"Genotype"	"MUT"	"GenotypeMUT"	3.10738350932246	0	1.24838554914228	0.0128059136342932	0.141199699288226	0.0128059136342932	0.115598776249661	NA	"prevalence"	47	10
"Adlercreutzia sp910585575"	"Site"	"Jejunum"	"SiteJejunum"	-0.726669966728391	0.0793922236573236	0.30536501164743	0.0128357302171729	0.141405285543059	0.0255067044641377	0.149549722570158	NA	"abundance"	47	39
"MGYG000325446"	"Genotype"	"MUT"	"GenotypeMUT"	-1.08447573725396	0.195151488441185	0.464928044160638	0.0129085149540032	0.141960019363834	0.0129085149540032	0.115785177293055	NA	"abundance"	47	24
"Enterenecus sp910584835"	"Sequencing_Depth"	"Sequencing_Depth"	"Sequencing_Depth"	1.58979130845708	0	0.639512763196097	0.0129209208978298	0.141973104795773	0.0256748915988117	0.149975317206943	NA	"prevalence"	47	29
"Ruthenibacterium sp013316265"	"Sex"	"M"	"SexM"	-2.17439807010326	0	0.874954150808553	0.0129494460900185	0.142163129754947	0.0257312040259987	0.150180140425895	NA	"prevalence"	47	16
"JAAVYD01 sp022790955"	"Genotype"	"MUT"	"GenotypeMUT"	-2.04723731093622	0	0.824131655161523	0.0129874078338893	0.142332994252269	0.0258061429055349	0.150493249221387	NA	"prevalence"	47	20
"MGYG000330847"	"Sequencing_Depth"	"Sequencing_Depth"	"Sequencing_Depth"	1.31889570377572	0	0.530906006176814	0.0129829809393809	0.142332994252269	0.0129829809393809	0.115785177293055	NA	"prevalence"	47	6
"Acetatifactor sp910577185"	"Sequencing_Depth"	"Sequencing_Depth"	"Sequencing_Depth"	1.29334916087893	0	0.52085629248882	0.0130236866496967	0.142483859647244	0.025877756885444	0.150614986844321	NA	"prevalence"	47	28
"MGYG000323117"	"Sequencing_Depth"	"Sequencing_Depth"	"Sequencing_Depth"	1.63556091498605	0	0.658630717329261	0.0130180700433383	0.142483859647244	0.0258666699390234	0.150614986844321	NA	"prevalence"	47	33
"MGYG000324774"	"Sequencing_Depth"	"Sequencing_Depth"	"Sequencing_Depth"	1.05496072724928	0	0.42492960709731	0.0130401192003706	0.142540439411305	0.0259101936919813	0.150614986844321	NA	"prevalence"	47	15
"Evtepia sp910578575"	"Sex"	"M"	"SexM"	-1.9572866466113	0	0.78848879381814	0.013052760637704	0.142555516956046	0.0259351467151429	0.150624171719499	NA	"prevalence"	47	16
"ZJ304 sp943192905"	"Sequencing_Depth"	"Sequencing_Depth"	"Sequencing_Depth"	1.754470993031	0	0.70692004554436	0.0130701515106569	0.142622394674047	0.0259694741608023	0.150699707199138	NA	"prevalence"	47	33
"Kineothrix sp910578405"	"Sequencing_Depth"	"Sequencing_Depth"	"Sequencing_Depth"	1.02462998124327	0	0.412964150834973	0.0130955710770527	0.142776691380993	0.0260196481722712	0.15086700023102	NA	"prevalence"	47	11
"MGYG000325597"	"Sequencing_Depth"	"Sequencing_Depth"	"Sequencing_Depth"	1.05606750564525	0	0.42573827830948	0.0131177773403006	0.142895719082208	0.0260634785982515	0.150997267813477	NA	"prevalence"	47	14
"MGYG000331189"	"Sequencing_Depth"	"Sequencing_Depth"	"Sequencing_Depth"	1.64599985974623	0	0.663719225696861	0.0131395607051607	0.14300993930002	0.0261064733547967	0.151122484579609	NA	"prevalence"	47	30
"Coproplasma sp910577555"	"Sequencing_Depth"	"Sequencing_Depth"	"Sequencing_Depth"	0.986112422191734	0	0.397887002995478	0.0131983072341409	0.143156960556774	0.026222419154435	0.151174599170919	NA	"prevalence"	47	11
"MGYG000323043"	"Sex"	"M"	"SexM"	-2.1237933403932	0	0.856728380917424	0.0131766964668542	0.143156960556774	0.0261797676039288	0.151174599170919	NA	"prevalence"	47	30
"MGYG000328916"	"Sequencing_Depth"	"Sequencing_Depth"	"Sequencing_Depth"	1.20863022129472	0	0.48762656522115	0.0131899877367454	0.143156960556774	0.0262059996969954	0.151174599170919	NA	"prevalence"	47	30
"MGYG000401352"	"Sequencing_Depth"	"Sequencing_Depth"	"Sequencing_Depth"	1.10308573947137	0	0.44497348187202	0.0131754229920508	0.143156960556774	0.0261772542130821	0.151174599170919	NA	"prevalence"	47	17
"MGYG000405972"	"Sequencing_Depth"	"Sequencing_Depth"	"Sequencing_Depth"	0.956724453232585	0	0.386447576661914	0.0132978934565031	0.144113643298302	0.0264189529426257	0.152059576057393	NA	"prevalence"	47	14
"Bilophila sp902373525"	"Site"	"Jejunum"	"SiteJejunum"	-0.913266646731784	0.0793922236573236	0.369189877712365	0.0133701524069395	0.14464905057012	0.0265615438384942	0.15250771068276	NA	"abundance"	47	28
"Pullibacteroides sp910586395"	"Genotype"	"MUT"	"GenotypeMUT"	-1.15471714770322	0.195151488441185	0.470155041198647	0.0133634944965988	0.14464905057012	0.0133634944965988	0.117052310066257	NA	"abundance"	47	18
"Muribaculum sp910578835"	"Sequencing_Depth"	"Sequencing_Depth"	"Sequencing_Depth"	2.29026889805992	0	0.925993112499805	0.0133867612420774	0.144705058755095	0.0265943171076025	0.152571942627057	NA	"prevalence"	47	37
"MGYG000325668"	"Genotype"	"MUT"	"GenotypeMUT"	-0.873248420786006	0.195151488441185	0.360562070684546	0.0134331585617067	0.14481681057652	0.0134331585617067	0.117052310066257	NA	"abundance"	47	16
"Sporofaciens sp009774295"	"Sex"	"M"	"SexM"	-1.5345597184222	-0.415249466173014	0.429670870433678	0.0134427685210863	0.14481681057652	0.0134427685210863	0.117052310066257	NA	"abundance"	47	44
"Butyribacter sp910586555"	"Sequencing_Depth"	"Sequencing_Depth"	"Sequencing_Depth"	1.16627513561222	0	0.471852451678071	0.0134474357348331	0.14481681057652	0.0134474357348331	0.117052310066257	NA	"prevalence"	47	6
"CAG-873 sp910583525"	"Sequencing_Depth"	"Sequencing_Depth"	"Sequencing_Depth"	1.20236869005938	0	0.4864911376404	0.0134543031472577	0.14481681057652	0.0267275880213371	0.152964042214422	NA	"prevalence"	47	26
"Ventrimonas sp910588875"	"Sequencing_Depth"	"Sequencing_Depth"	"Sequencing_Depth"	1.08771246364157	0	0.439953425880102	0.0134233483217917	0.14481681057652	0.0266665103634152	0.152862039942107	NA	"prevalence"	47	13
"CAJUPY01 sp014802535"	"Sequencing_Depth"	"Sequencing_Depth"	"Sequencing_Depth"	1.00192093022387	0	0.405650795587333	0.0135147073378354	0.145231072617853	0.0268467673612435	0.153409309103273	NA	"prevalence"	47	21
"Paramuribaculum sp014802045"	"Sex"	"M"	"SexM"	-1.71747327945631	0	0.695366342516875	0.0135157373632352	0.145231072617853	0.0268487995699984	0.153409309103273	NA	"prevalence"	47	22
"CAG-475 sp910577815"	"Genotype"	"MUT"	"GenotypeMUT"	1.19691287715886	0.195151488441185	0.381329142643806	0.0135428118754972	0.145301053982115	0.0269022159974993	0.153498664982224	NA	"abundance"	47	37
"CAG-95 sp910585075"	"Sequencing_Depth"	"Sequencing_Depth"	"Sequencing_Depth"	0.986869097637396	0	0.399736308811843	0.0135566870558443	0.145301053982115	0.0269295903477585	0.153498664982224	NA	"prevalence"	47	18
"Imtechella halotolerans"	"Sequencing_Depth"	"Sequencing_Depth"	"Sequencing_Depth"	1.41176679530505	0	0.571801628264909	0.0135498783936612	0.145301053982115	0.0269161575828393	0.153498664982224	NA	"prevalence"	47	20
"MGYG000325473"	"Sex"	"M"	"SexM"	-1.90673942555693	0	0.772467788949278	0.0135728416678638	0.145351125069222	0.0269614613047868	0.153556493555385	NA	"prevalence"	47	27
"MGYG000366993"	"Sex"	"M"	"SexM"	-1.33754245575303	-0.415249466173014	0.349056255908389	0.013612421618557	0.145651760648939	0.0270395452147927	0.15387721866196	NA	"abundance"	47	36
"Paramuribaculum sp910578305"	"Sequencing_Depth"	"Sequencing_Depth"	"Sequencing_Depth"	2.33810461066486	0	0.947980114696052	0.013647623572406	0.145905083766482	0.0271089895156378	0.15402438737663	NA	"prevalence"	47	37
"CAG-873 sp910586975"	"Sex"	"M"	"SexM"	1.21479736856579	-0.415249466173014	0.621139784247469	0.0137692907520515	0.146452573085127	0.0273489881362884	0.154870243458871	NA	"abundance"	47	35
"MGYG000325543"	"Sex"	"M"	"SexM"	4.31874279313799	-0.415249466173014	1.50588495769592	0.0137962659851909	0.146452573085127	0.0274021950152477	0.154893758938883	NA	"abundance"	47	13
"MGYG000329300"	"Genotype"	"MUT"	"GenotypeMUT"	-1.38988984148403	0.195151488441185	0.609350550753723	0.0137723474269293	0.146452573085127	0.0137723474269293	0.117426217090615	NA	"abundance"	47	39
"MGYG000368565"	"Sex"	"M"	"SexM"	2.00589373854204	-0.415249466173014	0.283847220415147	0.0138029641089079	0.146452573085127	0.027415406399624	0.154893758938883	NA	"abundance"	47	7
"SIG307 sp910579465"	"Genotype"	"MUT"	"GenotypeMUT"	0.812589613481268	0.195151488441185	0.234279042801469	0.0137469086699569	0.146452573085127	0.0137469086699569	0.117426217090615	NA	"abundance"	47	39
"Kineothrix sp009911195"	"Sequencing_Depth"	"Sequencing_Depth"	"Sequencing_Depth"	1.48379501060613	0	0.602336443982603	0.0137626653789987	0.146452573085127	0.0273359197996632	0.154870243458871	NA	"prevalence"	47	17
"MGYG000325198"	"Sequencing_Depth"	"Sequencing_Depth"	"Sequencing_Depth"	1.33634449913061	0	0.542609235704148	0.0137852203558903	0.146452573085127	0.0137852203558903	0.117426217090615	NA	"prevalence"	47	9
"MGYG000328377"	"Sequencing_Depth"	"Sequencing_Depth"	"Sequencing_Depth"	1.15897831996254	0	0.470679223761085	0.0138028805841479	0.146452573085127	0.0138028805841479	0.117426217090615	NA	"prevalence"	47	6
"Nanosyncoccus sp003979185"	"Genotype"	"MUT"	"GenotypeMUT"	-1.933536388584	0	0.785038390030803	0.0137786360795737	0.146452573085127	0.027367421346934	0.154870243458871	NA	"prevalence"	47	25
"D16-63 sp910588095"	"Genotype"	"MUT"	"GenotypeMUT"	-1.19443889116944	0.195151488441185	0.535752792651875	0.0138205614078362	0.14651647093835	0.0138205614078362	0.117426217090615	NA	"abundance"	47	42
"Desulfovibrio sp910587035"	"Sex"	"M"	"SexM"	-1.67864249700584	-0.415249466173014	0.48679216235765	0.0139057362344149	0.146728444300714	0.0139057362344149	0.117426217090615	NA	"abundance"	47	42
"Mailhella sp910579055"	"Sex"	"M"	"SexM"	-1.54136481454966	-0.415249466173014	0.434029934427327	0.0138839478357694	0.146728444300714	0.0138839478357694	0.117426217090615	NA	"abundance"	47	43
"Acetatifactor sp910585015"	"Sequencing_Depth"	"Sequencing_Depth"	"Sequencing_Depth"	1.22123903691793	0	0.496488613931653	0.0139032915019067	0.146728444300714	0.0139032915019067	0.117426217090615	NA	"prevalence"	47	5
"Akkermansia sp001580195"	"Sequencing_Depth"	"Sequencing_Depth"	"Sequencing_Depth"	2.39378200415715	0	0.973249685371598	0.0139101069016319	0.146728444300714	0.027626722729249	0.15546630274708	NA	"prevalence"	47	37
"CAG-115 sp910577365"	"Sequencing_Depth"	"Sequencing_Depth"	"Sequencing_Depth"	1.15931335072874	0	0.471210614426487	0.013882594848532	0.146728444300714	0.0275724632573354	0.155284597850874	NA	"prevalence"	47	6
"Coproplasma sp910578195"	"Sex"	"M"	"SexM"	2.44033065586964	0	0.991626948670393	0.0138575005537597	0.146728444300714	0.0275229707859219	0.155132802679744	NA	"prevalence"	47	14
"MGYG000330231"	"Genotype"	"MUT"	"GenotypeMUT"	1.30015084577979	0.195151488441185	0.401593037769333	0.0139623207572377	0.147156582968455	0.0277296951135474	0.155797682879613	NA	"abundance"	47	22
"UMGS1502 sp900552365"	"Sequencing_Depth"	"Sequencing_Depth"	"Sequencing_Depth"	1.16321588637679	0	0.473448116090893	0.014014069367979	0.147579109866787	0.0278317445957075	0.156246839398301	NA	"prevalence"	47	12
"Mailhella sp910577155"	"Site"	"Jejunum"	"SiteJejunum"	1.46034770412826	0.0793922236573236	0.440680303911902	0.014069657054026	0.147949914745493	0.014069657054026	0.117850168832316	NA	"abundance"	47	13
"MGYG000325376"	"Sex"	"M"	"SexM"	3.31328253587422	0	1.34938419954358	0.0140726573987655	0.147949914745493	0.0140726573987655	0.117850168832316	NA	"prevalence"	47	8
"Duncaniella sp910584825"	"Sex"	"M"	"SexM"	0.918065950842989	-0.415249466173014	0.510169435405849	0.0141247302179528	0.148251107047136	0.0280499524321756	0.1573468760243	NA	"abundance"	47	36
"Avigastranaerophilus sp910583875"	"Genotype"	"MUT"	"GenotypeMUT"	3.13415820684815	0	1.2771127140238	0.0141238961190631	0.148251107047136	0.0141238961190631	0.118117223475137	NA	"prevalence"	47	8
"Anaerotruncus colihominis_A"	"Sex"	"M"	"SexM"	-2.19185946815207	0	0.893862217839063	0.0142016388413627	0.14893483384753	0.0282015911369448	0.158072042946809	NA	"prevalence"	47	23
"MGYG000329322"	"Genotype"	"MUT"	"GenotypeMUT"	1.17598408228976	0.195151488441185	0.377861737594346	0.0142534620757497	0.149354571982484	0.0142534620757497	0.118584231473958	NA	"abundance"	47	39
"Duncaniella sp910587165"	"Sequencing_Depth"	"Sequencing_Depth"	"Sequencing_Depth"	1.56243630153548	0	0.637813250935879	0.0142984507848624	0.149578338871726	0.0283924558748777	0.158889848078888	NA	"prevalence"	47	34
"MGBC113645 sp910579135"	"Sequencing_Depth"	"Sequencing_Depth"	"Sequencing_Depth"	1.12602846280342	0	0.459644729485339	0.0142943524832668	0.149578338871726	0.0283843764536177	0.158889848078888	NA	"prevalence"	47	28
"Bacteroides sp910586915"	"Sex"	"M"	"SexM"	-2.75843874265456	0	1.12670767519492	0.0143560260556535	0.150056629077177	0.0285059566271963	0.159398814431189	NA	"prevalence"	47	37
"Bacteroides stercorirosoris"	"Site"	"Jejunum"	"SiteJejunum"	2.23302206754023	0	0.91242459859206	0.0143911133532987	0.150175360944811	0.02857512256305	0.159407234629548	NA	"prevalence"	47	13
"Marseille-P3106 sp022800215"	"Sequencing_Depth"	"Sequencing_Depth"	"Sequencing_Depth"	1.03337044755523	0	0.422214759175256	0.0143851291144741	0.150175360944811	0.0285633262893082	0.159407234629548	NA	"prevalence"	47	15
"Fimiplasma sp910588165"	"Sex"	"M"	"SexM"	1.37719032839108	-0.415249466173014	0.634130060963233	0.0144626455656067	0.150673388946049	0.0144626455656067	0.119105587561808	NA	"abundance"	47	18
"MGYG000327930"	"Genotype"	"MUT"	"GenotypeMUT"	-1.35291593740316	0.195151488441185	0.59708423230246	0.0144561419611802	0.150673388946049	0.0144561419611802	0.119105587561808	NA	"abundance"	47	37
"Lawsonibacter sp009911645"	"Sex"	"M"	"SexM"	-1.88184813005812	-0.415249466173014	0.562772665108284	0.0145573704529969	0.151283535549843	0.0145573704529969	0.119105587561808	NA	"abundance"	47	34
"MGYG000325533"	"Sequencing_Depth"	"Sequencing_Depth"	"Sequencing_Depth"	0.409481220535929	-0.534932639053454	0.013910006685187	0.0145690179993094	0.151283535549843	0.0289257797131547	0.160476774735147	NA	"abundance"	47	6
"MGYG000325717"	"Genotype"	"MUT"	"GenotypeMUT"	-1.15989646639247	0.195151488441185	0.523140796612034	0.0145542502850735	0.151283535549843	0.0288966743687865	0.160441236793859	NA	"abundance"	47	37
"MGYG000329437"	"Genotype"	"MUT"	"GenotypeMUT"	-1.44987521348138	0.195151488441185	0.631396809884307	0.0145407245419609	0.151283535549843	0.0145407245419609	0.119105587561808	NA	"abundance"	47	34
"Agrobacterium pusense"	"Sex"	"M"	"SexM"	1.23585330050355	-0.415249466173014	0.321052646204392	0.0146130124383739	0.151491149910228	0.0146130124383739	0.1192664802707	NA	"abundance"	47	8
"Lactobacillus acidophilus"	"Sex"	"M"	"SexM"	2.06812231133136	-0.415249466173014	0.932454466614056	0.0146435484757143	0.151491149910228	0.000919208475375392	0.0602444073596697	NA	"abundance"	47	26
"CAG-873 sp001689415"	"Sex"	"M"	"SexM"	-1.8739537641995	0	0.767777802072137	0.0146567923060492	0.151491149910228	0.0290987630513958	0.160975083810983	NA	"prevalence"	47	33
"Choladocola sp910584945"	"Sequencing_Depth"	"Sequencing_Depth"	"Sequencing_Depth"	1.11696988279133	0	0.45758545168565	0.0146463183842992	0.151491149910228	0.0290781221263842	0.160975083810983	NA	"prevalence"	47	30
"Dysosmobacter sp910584465"	"Sequencing_Depth"	"Sequencing_Depth"	"Sequencing_Depth"	1.93806402172338	0	0.794027052523282	0.0146546255931093	0.151491149910228	0.0290944931349443	0.160975083810983	NA	"prevalence"	47	27
"MGYG000410914"	"Sequencing_Depth"	"Sequencing_Depth"	"Sequencing_Depth"	1.05236609667994	0	0.43118255938087	0.014660819927321	0.151491149910228	0.0291067002137007	0.160975083810983	NA	"prevalence"	47	17
"C-19 sp022799495"	"Sequencing_Depth"	"Sequencing_Depth"	"Sequencing_Depth"	1.04315012225353	0	0.427627444033674	0.0147120798689557	0.151896824617652	0.0292077144438409	0.161281348194584	NA	"prevalence"	47	12
"MGYG000329478"	"Sequencing_Depth"	"Sequencing_Depth"	"Sequencing_Depth"	1.08240705173068	0	0.443829092489418	0.0147364282178741	0.152024212210147	0.0292556941191277	0.161420176451206	NA	"prevalence"	47	17
"Kineothrix sp910576535"	"Genotype"	"MUT"	"GenotypeMUT"	-1.99119939097711	0	0.81666695299365	0.0147605035804025	0.15214857843708	0.0293031346948579	0.161429895575413	NA	"prevalence"	47	34
"C-19 sp910576855"	"Sequencing_Depth"	"Sequencing_Depth"	"Sequencing_Depth"	1.44149105342277	0	0.591430650899543	0.0147975960219736	0.152406810777984	0.0293762231959177	0.16168997854007	NA	"prevalence"	47	32
"Paramuribaculum sp009775605"	"Genotype"	"MUT"	"GenotypeMUT"	-1.03099277665667	0.195151488441185	0.4740061445579	0.0148481275832812	0.15267879687179	0.0294757882738331	0.161750676645538	NA	"abundance"	47	36
"Odoribacter sp910578105"	"Genotype"	"MUT"	"GenotypeMUT"	-1.95005403884234	0	0.800459775025819	0.0148438117648492	0.15267879687179	0.0294672847819881	0.161750676645538	NA	"prevalence"	47	28
"Pelethomonas sp014237695"	"Genotype"	"MUT"	"GenotypeMUT"	-1.89445593597657	0.195151488441185	0.809121816361468	0.0148792030153511	0.152874149162592	0.0148792030153511	0.120164852977322	NA	"abundance"	47	36
"Adlercreutzia mucosicola"	"Sequencing_Depth"	"Sequencing_Depth"	"Sequencing_Depth"	0.0129416482278185	-0.534932639053454	0.212966989336621	0.0149035413917007	0.152972216140724	0.0295849672373873	0.161987961322771	NA	"abundance"	47	39
"Merdisoma sp022791635"	"Sequencing_Depth"	"Sequencing_Depth"	"Sequencing_Depth"	0.466048484283685	-0.534932639053454	0.323885217695443	0.0149491729630333	0.152972216140724	0.029674868153788	0.161987961322771	NA	"abundance"	47	13
"14-2 sp910585625"	"Sequencing_Depth"	"Sequencing_Depth"	"Sequencing_Depth"	1.05615595805176	0	0.433987593955091	0.0149491485807975	0.152972216140724	0.0296748201183043	0.161987961322771	NA	"prevalence"	47	11
"Bacteroides caccae"	"Sequencing_Depth"	"Sequencing_Depth"	"Sequencing_Depth"	1.12545374372015	0	0.462307861533608	0.0149154769679396	0.152972216140724	0.0296084824826982	0.161987961322771	NA	"prevalence"	47	25
"MGYG000330157"	"Sequencing_Depth"	"Sequencing_Depth"	"Sequencing_Depth"	1.17355670554042	0	0.482143537418966	0.0149313406922471	0.152972216140724	0.0296397364496263	0.161987961322771	NA	"prevalence"	47	19
"Butyribacter sp910586605"	"Sequencing_Depth"	"Sequencing_Depth"	"Sequencing_Depth"	0.957200060145279	0	0.39362994454571	0.0150270818965338	0.153645236386369	0.0298283506027425	0.162299293348871	NA	"prevalence"	47	11
"Adlercreutzia sp910585575"	"Sequencing_Depth"	"Sequencing_Depth"	"Sequencing_Depth"	-0.153860905152284	-0.534932639053454	0.148089229971048	0.0151343256033897	0.154616863186204	0.0300396033953099	0.163323012921577	NA	"abundance"	47	39
"Parabacteroides sp910577325"	"Genotype"	"MUT"	"GenotypeMUT"	3.05827142718313	0.195151488441185	0.701462686268329	0.015153494403066	0.154687848511298	0.015153494403066	0.121434125216407	NA	"abundance"	47	9
"COE1 sp009774245"	"Sequencing_Depth"	"Sequencing_Depth"	"Sequencing_Depth"	0.992340481369333	0	0.408783969826319	0.0152015034713085	0.155052885527657	0.0301719212348288	0.163790429560499	NA	"prevalence"	47	13
"MGYG000330030"	"Genotype"	"MUT"	"GenotypeMUT"	-1.93764008735946	0	0.798710029644156	0.0152678737675892	0.155604465499311	0.0303026395657954	0.164247742677179	NA	"prevalence"	47	20
"Emergencia sp009936045"	"Genotype"	"MUT"	"GenotypeMUT"	-2.08149178655852	0	0.858482842746013	0.0153245595867406	0.156056536805279	0.0304142770469536	0.164726521201431	NA	"prevalence"	47	20
"CAG-95 sp910579685"	"Sequencing_Depth"	"Sequencing_Depth"	"Sequencing_Depth"	1.18173906232577	0	0.487457397854647	0.0153382676962454	0.156070572748452	0.0304412729365691	0.164746490900207	NA	"prevalence"	47	28
"MGYG000410992"	"Sex"	"M"	"SexM"	-1.65429692136721	0	0.682708488611048	0.0153870777914418	0.156315915476782	0.0305373934199237	0.164887927190237	NA	"prevalence"	47	24
"Ventrimonas sp910577655"	"Sequencing_Depth"	"Sequencing_Depth"	"Sequencing_Depth"	2.20629976225312	0	0.910491191039425	0.0153845701461725	0.156315915476782	0.0305324552937625	0.164887927190237	NA	"prevalence"	47	38
"MGYG000410125"	"Sequencing_Depth"	"Sequencing_Depth"	"Sequencing_Depth"	1.42055878433615	0	0.586688267124363	0.0154643482118826	0.15697491553008	0.0306895503581468	0.165561425954637	NA	"prevalence"	47	32
"MGYG000410938"	"Genotype"	"MUT"	"GenotypeMUT"	1.28673473615221	0.195151488441185	0.427471400549564	0.0155217983648102	0.157179938961414	0.0308026705051425	0.165561425954637	NA	"abundance"	47	40
"MGYG000325584"	"Sequencing_Depth"	"Sequencing_Depth"	"Sequencing_Depth"	1.0315469432674	0	0.426263104748921	0.0155214854141092	0.157179938961414	0.0308020543187579	0.165561425954637	NA	"prevalence"	47	13
"MGYG000410936"	"Sequencing_Depth"	"Sequencing_Depth"	"Sequencing_Depth"	0.948715661696017	0	0.391954953138105	0.0155004086049966	0.157179938961414	0.0307605545430714	0.165561425954637	NA	"prevalence"	47	12
"MGYG000328055"	"Sex"	"M"	"SexM"	1.97457763453996	-0.415249466173014	0.8202931812175	0.0156097759238176	0.157944479331482	0.0309758867432435	0.166365932751706	NA	"abundance"	47	15
"MGYG000410549"	"Sequencing_Depth"	"Sequencing_Depth"	"Sequencing_Depth"	1.03533766993197	0	0.428275684820793	0.0156294188545349	0.158016920016536	0.0310145589753394	0.166447154774259	NA	"prevalence"	47	8
"MGYG000325660"	"Sequencing_Depth"	"Sequencing_Depth"	"Sequencing_Depth"	1.63787487672954	0	0.677648974040407	0.0156491880118087	0.158090520234218	0.0310534789381885	0.166486191172393	NA	"prevalence"	47	33
"MGBC120314 sp910584325"	"Genotype"	"MUT"	"GenotypeMUT"	2.67629728013402	0	1.10743168582126	0.0156631967014033	0.158105856336813	0.0156631967014033	0.122871780561064	NA	"prevalence"	47	9
"1XD42-69 sp003612565"	"Sequencing_Depth"	"Sequencing_Depth"	"Sequencing_Depth"	0.936440389304903	0	0.387819445088257	0.0157512096354241	0.158741092010508	0.0312543186658692	0.167099488903452	NA	"prevalence"	47	12
"MGYG000324409"	"Sequencing_Depth"	"Sequencing_Depth"	"Sequencing_Depth"	0.991876271450914	0	0.410761499347817	0.0157470716706578	0.158741092010508	0.0312461730751148	0.167099488903452	NA	"prevalence"	47	16
"MGYG000325605"	"Sequencing_Depth"	"Sequencing_Depth"	"Sequencing_Depth"	1.0829623807451	0	0.448610305972463	0.0157768115474445	0.158746327955129	0.0313047153122855	0.167116108630841	NA	"prevalence"	47	6
"MGYG000410975"	"Sequencing_Depth"	"Sequencing_Depth"	"Sequencing_Depth"	1.32402466441668	0	0.548419166359054	0.0157673480443569	0.158746327955129	0.0157673480443569	0.123519254451311	NA	"prevalence"	47	8
"Pelethomonas sp910579965"	"Sex"	"M"	"SexM"	-1.82579276857763	-0.415249466173014	0.552186871122733	0.0158331132615857	0.15914088073268	0.0158331132615857	0.123519254451311	NA	"abundance"	47	38
"MGYG000323607"	"Sequencing_Depth"	"Sequencing_Depth"	"Sequencing_Depth"	0.96009836040202	0	0.397959240176574	0.0158411684091623	0.15914088073268	0.0314313942017572	0.167665731485298	NA	"prevalence"	47	13
"14-2 sp910587895"	"Sequencing_Depth"	"Sequencing_Depth"	"Sequencing_Depth"	1.05365425903425	0	0.436977255734623	0.0158986600509005	0.159491169630916	0.031544552710387	0.167916223684483	NA	"prevalence"	47	8
"MGYG000329420"	"Genotype"	"MUT"	"GenotypeMUT"	1.69803488189473	0	0.704235573223418	0.0159012368521264	0.159491169630916	0.0315496243708254	0.167916223684483	NA	"prevalence"	47	23
"MGYG000330019"	"Sex"	"M"	"SexM"	-1.25764554045232	-0.415249466173014	0.321283147857765	0.0159469325349724	0.159822859879398	0.0159469325349724	0.124270032146841	NA	"abundance"	47	29
"Faecalibaculum rodentium"	"Sex"	"M"	"SexM"	0.340788470725001	-0.415249466173014	0.297094413051615	0.0159698171677436	0.159925589959888	0.0159698171677436	0.124311308085475	NA	"abundance"	47	47
"CAG-873 sp910576935"	"Sequencing_Depth"	"Sequencing_Depth"	"Sequencing_Depth"	1.41550934079811	0	0.587788654419303	0.0160316422660151	0.160164583901515	0.0318062709782848	0.16877381627216	NA	"prevalence"	47	30
"Paralachnospira sp910587905"	"Sequencing_Depth"	"Sequencing_Depth"	"Sequencing_Depth"	1.06176292968202	0	0.440857000628977	0.0160223234627791	0.160164583901515	0.0317879320764122	0.16877381627216	NA	"prevalence"	47	20
"Roseburia sp910587865"	"Sex"	"M"	"SexM"	-2.17475201427392	0	0.903045742950912	0.0160295842971979	0.160164583901515	0.0318022210216548	0.16877381627216	NA	"prevalence"	47	35
"CAG-267 sp910576955"	"Sequencing_Depth"	"Sequencing_Depth"	"Sequencing_Depth"	1.36281557062868	0	0.566047974145256	0.0160578828721901	0.16030022192128	0.0318579101420433	0.168921011915951	NA	"prevalence"	47	7
"Paralachnospira sp022800815"	"Sex"	"M"	"SexM"	-1.5260065517056	-0.415249466173014	0.419734923780827	0.0161360271746472	0.16082663935172	0.0161360271746472	0.124780569004821	NA	"abundance"	47	25
"Dysosmobacter sp910577405"	"Sequencing_Depth"	"Sequencing_Depth"	"Sequencing_Depth"	2.3540598368441	0	0.978450449837351	0.0161324137850254	0.16082663935172	0.0320045727955195	0.169571454661718	NA	"prevalence"	47	34
"MGYG000325600"	"Sex"	"M"	"SexM"	-1.83662390031318	0	0.763533271414656	0.0161535584309569	0.16087469914953	0.0320461794119315	0.169664716167439	NA	"prevalence"	47	18
"Parabacteroides johnsonii"	"Genotype"	"MUT"	"GenotypeMUT"	3.47752940004122	0.195151488441185	0.820584990435733	0.0161731792696003	0.160943477354245	0.0161731792696003	0.124878520185031	NA	"abundance"	47	9
"Avimonas_A sp022800315"	"Sex"	"M"	"SexM"	0.707898352476169	-0.415249466173014	0.224562956287625	0.0162434370035824	0.161276499216618	0.0322230247614755	0.170238548849915	NA	"abundance"	47	8
"Duncaniella sp002494015"	"Sequencing_Depth"	"Sequencing_Depth"	"Sequencing_Depth"	2.19214503016675	0	0.912178166298334	0.0162523710526254	0.161276499216618	0.0322406025404186	0.170238548849915	NA	"prevalence"	47	37
"Lactobacillus delbrueckii"	"Sequencing_Depth"	"Sequencing_Depth"	"Sequencing_Depth"	1.11386205894361	0	0.463452015705608	0.0162432666738257	0.161276499216618	0.0322226896354145	0.170238548849915	NA	"prevalence"	47	32
"MGYG000410015"	"Sequencing_Depth"	"Sequencing_Depth"	"Sequencing_Depth"	0.946554437262737	0	0.393892107931479	0.0162576088639915	0.161276499216618	0.0322509078820086	0.170238548849915	NA	"prevalence"	47	14
"Adlercreutzia hattorii"	"Site"	"Jejunum"	"SiteJejunum"	-0.726295276599652	0.0793922236573236	0.317030044997999	0.0163059238085882	0.161603937916799	0.0163059238085882	0.124878520185031	NA	"abundance"	47	38
"CAG-485 sp002493045"	"Sex"	"M"	"SexM"	-2.65880980192755	-0.415249466173014	0.894573531279574	0.0163319336730413	0.161603937916799	0.0163319336730413	0.124878520185031	NA	"abundance"	47	46
"MGYG000325533"	"Sex"	"M"	"SexM"	1.64031534601398	-0.415249466173014	0.0231642062817395	0.0163165403193113	0.161603937916799	0.0163165403193113	0.124878520185031	NA	"abundance"	47	6
"Limisoma sp900544305"	"Sequencing_Depth"	"Sequencing_Depth"	"Sequencing_Depth"	1.18249959327497	0	0.492463228092272	0.016341684352465	0.161603937916799	0.0324163180574544	0.1709187986861	NA	"prevalence"	47	10
"Acutalibacter sp003612555"	"Sequencing_Depth"	"Sequencing_Depth"	"Sequencing_Depth"	1.17358423234172	0	0.489008330058714	0.0163983474342282	0.16165909799257	0.0325277890698827	0.170934136167979	NA	"prevalence"	47	31
"CAG-510 sp910577015"	"Sequencing_Depth"	"Sequencing_Depth"	"Sequencing_Depth"	1.06199455703235	0	0.442465193131862	0.016387168415092	0.16165909799257	0.0325057975415193	0.170934136167979	NA	"prevalence"	47	14
"Marvinbryantia sp900550755"	"Sequencing_Depth"	"Sequencing_Depth"	"Sequencing_Depth"	1.18405823743392	0	0.493359027033785	0.0163953830088347	0.16165909799257	0.0325219574336631	0.170934136167979	NA	"prevalence"	47	16
"MGYG000327552"	"Sequencing_Depth"	"Sequencing_Depth"	"Sequencing_Depth"	0.92714405931195	0	0.386204987237787	0.016365859301737	0.16165909799257	0.0324638772527897	0.170934136167979	NA	"prevalence"	47	22
"Scatocola sp910577205"	"Sequencing_Depth"	"Sequencing_Depth"	"Sequencing_Depth"	1.12087094183774	0	0.467302967331047	0.0164580700434714	0.162121595805651	0.032645272017387	0.17142405840928	NA	"prevalence"	47	19
"Choladocola sp910585995"	"Sequencing_Depth"	"Sequencing_Depth"	"Sequencing_Depth"	1.34347651165472	0	0.560391840040963	0.0165124411449461	0.162529190487643	0.0327522215773269	0.171628301359233	NA	"prevalence"	47	31
"Duncaniella sp001701225"	"Sequencing_Depth"	"Sequencing_Depth"	"Sequencing_Depth"	1.15007421868035	0	0.479776056548341	0.0165251278367512	0.162529190487643	0.0327771758234814	0.171628301359233	NA	"prevalence"	47	26
"MGYG000330890"	"Sex"	"M"	"SexM"	-1.98117695985766	0	0.826597260565786	0.0165395683562577	0.162544919451483	0.032805579391104	0.171628301359233	NA	"prevalence"	47	16
"14-2 sp011960065"	"Genotype"	"MUT"	"GenotypeMUT"	0.822145157407975	0.195151488441185	0.247417625458067	0.0166182960484884	0.162777164046642	0.0329604243334216	0.17184313946432	NA	"abundance"	47	44
"Bacteroides stercorirosoris"	"Sequencing_Depth"	"Sequencing_Depth"	"Sequencing_Depth"	1.14330784423158	0	0.477251747153587	0.01659284976629	0.162777164046642	0.0329103768692133	0.17184313946432	NA	"prevalence"	47	13
"CAG-873 sp910587235"	"Sex"	"M"	"SexM"	-3.02740714044916	0	1.26413612830259	0.0166274982708412	0.162777164046642	0.0219876328835609	0.141461695686579	NA	"prevalence"	47	38
"MGYG000338472"	"Sequencing_Depth"	"Sequencing_Depth"	"Sequencing_Depth"	1.17122423046798	0	0.489037364789405	0.0166222431127718	0.162777164046642	0.0329681872594436	0.17184313946432	NA	"prevalence"	47	20
"MGYG000393816"	"Sequencing_Depth"	"Sequencing_Depth"	"Sequencing_Depth"	1.04483935260416	0	0.436275941186496	0.016624680384727	0.162777164046642	0.0329729807715596	0.17184313946432	NA	"prevalence"	47	14
"MGYG000328306"	"Sequencing_Depth"	"Sequencing_Depth"	"Sequencing_Depth"	2.01537626495028	0	0.841819092461946	0.0166624372539076	0.162993145873232	0.0330472376925747	0.172001381451486	NA	"prevalence"	47	37
"Coproplasma sp910577375"	"Genotype"	"MUT"	"GenotypeMUT"	1.81546398411808	0	0.758606924257845	0.0167041808309916	0.163275305759608	0.0331293320047488	0.172301779697987	NA	"prevalence"	47	25
"COE1 sp009774395"	"Sex"	"M"	"SexM"	-1.52415225756701	-0.415249466173014	0.437820665529348	0.0167401784301844	0.163421463528198	0.0167401784301844	0.126370084185897	NA	"abundance"	47	38
"MGYG000410931"	"Sex"	"M"	"SexM"	-1.04147783477061	-0.415249466173014	0.184712032943128	0.0167527969556007	0.163421463528198	0.0167527969556007	0.126370084185897	NA	"abundance"	47	11
"MGYG000325570"	"Genotype"	"MUT"	"GenotypeMUT"	-2.08328283159705	0	0.870945796706534	0.0167578653546849	0.163421463528198	0.033234904658124	0.172596845057766	NA	"prevalence"	47	28
"JAAVFS01 sp014802385"	"Sequencing_Depth"	"Sequencing_Depth"	"Sequencing_Depth"	0.897033644865591	0	0.375100156982666	0.0167819239863423	0.1635300953188	0.0332822150000013	0.172715635550667	NA	"prevalence"	47	18
"Coproplasma sp910586035"	"Genotype"	"MUT"	"GenotypeMUT"	3.2548667166223	0.195151488441185	0.774367131992087	0.0168487802933033	0.164055277655871	0.0168487802933033	0.12652598317515	NA	"abundance"	47	9
"1XD42-69 sp910577065"	"Sex"	"M"	"SexM"	0.321803413203495	-0.415249466173014	0.281572384097123	0.0169039793615613	0.164332851166895	0.0335222142048665	0.173332961389619	NA	"abundance"	47	27
"Bacteroides salyersiae"	"Sequencing_Depth"	"Sequencing_Depth"	"Sequencing_Depth"	1.0119031074378	0	0.423752174103151	0.0169422002506555	0.164332851166895	0.0335973623519777	0.173332961389619	NA	"prevalence"	47	8
"CAG-873 sp910587475"	"Sequencing_Depth"	"Sequencing_Depth"	"Sequencing_Depth"	2.18515884971902	0	0.915064112524462	0.0169410596596729	0.164332851166895	0.0335951198169532	0.173332961389619	NA	"prevalence"	47	38
"MGYG000327336"	"Sequencing_Depth"	"Sequencing_Depth"	"Sequencing_Depth"	1.33418060361435	0	0.558600035419192	0.0169202411090672	0.164332851166895	0.0335541876589454	0.173332961389619	NA	"prevalence"	47	18
"Bacteroides acidifaciens"	"Genotype"	"MUT"	"GenotypeMUT"	-1.03970436423249	0.195151488441185	0.489311421412342	0.0169571943078211	0.16435234728055	0.0169571943078211	0.126804377030819	NA	"abundance"	47	38
"MGBC105563 sp910579165"	"Site"	"Jejunum"	"SiteJejunum"	-0.481256888012451	0.0793922236573236	0.221635264227794	0.016993079045566	0.16447269057023	0.0336973933556832	0.173626171234114	NA	"abundance"	47	39
"CAG-303 sp910584685"	"Sequencing_Depth"	"Sequencing_Depth"	"Sequencing_Depth"	1.02495722460558	0	0.429477390966844	0.0170085915592061	0.16447269057023	0.0337278909315843	0.173626171234114	NA	"prevalence"	47	8
"Copromonas sp000435795"	"Sequencing_Depth"	"Sequencing_Depth"	"Sequencing_Depth"	0.886352015007405	0	0.371395091121063	0.0170074115517767	0.16447269057023	0.033725571055862	0.173626171234114	NA	"prevalence"	47	13
"Paramuribaculum sp009775605"	"Sex"	"M"	"SexM"	-2.23062337150179	0	0.934875437854399	0.017032227080239	0.164575519375317	0.0337743574011652	0.173738834142238	NA	"prevalence"	47	36
"MGYG000330300"	"Sex"	"M"	"SexM"	-2.02191050364925	0	0.847718047330466	0.0170734834824013	0.164848324881949	0.0338554631265787	0.173902916699606	NA	"prevalence"	47	15
"CAG-873 sp009775265"	"Genotype"	"MUT"	"GenotypeMUT"	-1.91763690589561	0.195151488441185	0.8394400008859	0.0171205165000714	0.165050645740978	0.0339479209149136	0.173998480802472	NA	"abundance"	47	37
"MGYG000410681"	"Sequencing_Depth"	"Sequencing_Depth"	"Sequencing_Depth"	0.931712236085055	0	0.390760433291789	0.0171090123884298	0.165050645740978	0.0339253064719522	0.173998480802472	NA	"prevalence"	47	26
"MGYG000325575"	"Sequencing_Depth"	"Sequencing_Depth"	"Sequencing_Depth"	1.04157740312928	0	0.437003624740715	0.0171510954481258	0.165219608966801	0.0340080308211808	0.174180262205874	NA	"prevalence"	47	24
"Enterorhabdus sp910589695"	"Genotype"	"MUT"	"GenotypeMUT"	-2.35877168541416	0	0.989875544735235	0.0171769892673095	0.165343216840764	0.0340589295743298	0.174188505232535	NA	"prevalence"	47	33
"MGYG000325561"	"Sex"	"M"	"SexM"	-1.82381918974615	0	0.765763278124862	0.0172328818096112	0.165755180810075	0.0341687914037583	0.174473270303364	NA	"prevalence"	47	15
"CAG-485 sp910585285"	"Sequencing_Depth"	"Sequencing_Depth"	"Sequencing_Depth"	1.20670317330835	0	0.506819810200838	0.0172689300068771	0.165849860415061	0.0342396440701718	0.174473270303364	NA	"prevalence"	47	27
"Paramuribaculum sp014800945"	"Sequencing_Depth"	"Sequencing_Depth"	"Sequencing_Depth"	1.20670317330835	0	0.506819810200838	0.0172689300068771	0.165849860415061	0.0342396440701718	0.174473270303364	NA	"prevalence"	47	27
"Acetatifactor sp910577665"	"Sequencing_Depth"	"Sequencing_Depth"	"Sequencing_Depth"	0.926401871572361	0	0.389153539600974	0.0172865239535496	0.165892964521631	0.0342742239967026	0.174473270303364	NA	"prevalence"	47	14
"CAJFPI01 sp022801715"	"Sequencing_Depth"	"Sequencing_Depth"	"Sequencing_Depth"	1.67410956758802	0	0.703432986812869	0.0173167086942495	0.165946759861097	0.0343335489884975	0.174473270303364	NA	"prevalence"	47	34
"MGYG000325584"	"Sex"	"M"	"SexM"	-2.20511547128775	0	0.926566427540465	0.0173183496426378	0.165946759861097	0.0343367740509309	0.174473270303364	NA	"prevalence"	47	13
"CAG-485 sp009775365"	"Sex"	"M"	"SexM"	-3.06073986800738	-0.415249466173014	1.06259756025658	0.0173650217942496	0.166268113367331	0.0173650217942496	0.127900452219167	NA	"abundance"	47	43
"MGYG000323009"	"Genotype"	"MUT"	"GenotypeMUT"	1.17573751389878	0.195151488441185	0.372237351514519	0.0173840109264752	0.166286053631692	0.0173840109264752	0.127900452219167	NA	"abundance"	47	23
"D16-34 sp910588485"	"Sequencing_Depth"	"Sequencing_Depth"	"Sequencing_Depth"	0.975442710571966	0	0.410144665388862	0.017393169142705	0.166286053631692	0.0344838159525832	0.174968852227465	NA	"prevalence"	47	16
"CAG-510 sp910577105"	"Sequencing_Depth"	"Sequencing_Depth"	"Sequencing_Depth"	1.25197440768115	0	0.526670613434723	0.0174470492049235	0.166549584340815	0.0345896988838879	0.175155439850898	NA	"prevalence"	47	30
"UBA3282 sp910578645"	"Sex"	"M"	"SexM"	2.30468774812813	0	0.969461014162577	0.0174404791026712	0.166549584340815	0.0345767878940117	0.175155439850898	NA	"prevalence"	47	17
"MGYG000325400"	"Sex"	"M"	"SexM"	-1.72024896907436	0	0.723783527197806	0.0174661521096976	0.166606294954448	0.00340878502176599	0.0914858855441843	NA	"prevalence"	47	16
"Choladocola sp910587765"	"Genotype"	"MUT"	"GenotypeMUT"	-0.736352164101118	0.195151488441185	0.11833711240478	0.0174797310296585	0.166610267600465	0.0174797310296585	0.128426963531836	NA	"abundance"	47	7
"Coprocola sp910587735"	"Site"	"Jejunum"	"SiteJejunum"	-1.76103687241556	0.0793922236573236	0.385509323761654	0.0176067620276188	0.16709008314183	0.0176067620276188	0.12861940368317	NA	"abundance"	47	8
"Bacteroides bouchesdurhonensis"	"Genotype"	"MUT"	"GenotypeMUT"	1.79219404598565	0	0.754758146857639	0.0175714228052188	0.16709008314183	0.0348340907110378	0.175998702513728	NA	"prevalence"	47	17
"MGYG000325518"	"Sequencing_Depth"	"Sequencing_Depth"	"Sequencing_Depth"	1.99545409864577	0	0.840639610843991	0.0176092724688893	0.16709008314183	0.0349084584608951	0.17611205167852	NA	"prevalence"	47	37
"MGYG000325585"	"Genotype"	"MUT"	"GenotypeMUT"	-2.00929661833048	0	0.846331123783506	0.0175905526634084	0.16709008314183	0.0348716777838127	0.176052156125706	NA	"prevalence"	47	24
"MGYG000403847"	"Sequencing_Depth"	"Sequencing_Depth"	"Sequencing_Depth"	0.983392207355986	0	0.414146166353186	0.017572490784429	0.16709008314183	0.0348361891364892	0.175998702513728	NA	"prevalence"	47	13
"Mediterraneibacter_A sp022790755"	"Sequencing_Depth"	"Sequencing_Depth"	"Sequencing_Depth"	1.16562207404337	0	0.491312485532741	0.0176697983900279	0.167538807506347	0.0350273750049116	0.176585939040453	NA	"prevalence"	47	16
"Blautia coccoides"	"Genotype"	"MUT"	"GenotypeMUT"	2.69450833860843	0	1.13605640938171	0.0177012586863178	0.167586037734788	0.0177012586863178	0.128981955046283	NA	"prevalence"	47	9
"MGYG000324764"	"Genotype"	"MUT"	"GenotypeMUT"	2.69450833860843	0	1.13605640938171	0.0177012586863178	0.167586037734788	0.0177012586863178	0.128981955046283	NA	"prevalence"	47	9
"MGYG000324400"	"Sequencing_Depth"	"Sequencing_Depth"	"Sequencing_Depth"	1.05303266132627	0	0.444068107354935	0.0177241294721254	0.167677153107745	0.0351341141787062	0.176785277938501	NA	"prevalence"	47	6
"Ventrimonas sp910588875"	"Sex"	"M"	"SexM"	-2.18312002490953	0	0.920765816324023	0.0177408508397553	0.16770999994744	0.0351669638909921	0.176785277938501	NA	"prevalence"	47	13
"Klebsiella michiganensis"	"Site"	"Jejunum"	"SiteJejunum"	5.39653814360913	0.0793922236573236	1.12067162522906	0.0177819808760926	0.167848108821462	0.0352477629083075	0.176866538836849	NA	"abundance"	47	8
"MGYG000388556"	"Genotype"	"MUT"	"GenotypeMUT"	-2.89346272936334	0.195151488441185	1.06671426677157	0.0177786288422017	0.167848108821462	0.0352411780408947	0.176866538836849	NA	"abundance"	47	14
"MGYG000325622"	"Sex"	"M"	"SexM"	-1.79432358443522	0	0.757177868658162	0.0178000320417613	0.167893297753066	0.035283222942835	0.176866538836849	NA	"prevalence"	47	31
"MGYG000325671"	"Sex"	"M"	"SexM"	0.924286742712954	-0.415249466173014	0.486047770473085	0.0178543125968029	0.168145825794893	0.0353898487153015	0.177150811939597	NA	"abundance"	47	17
"Angelakisella sp910585535"	"Sequencing_Depth"	"Sequencing_Depth"	"Sequencing_Depth"	1.29019823852726	0	0.544779557158238	0.0178703217229285	0.168145825794893	0.0354212950473759	0.177150811939597	NA	"prevalence"	47	27
"Choladocola sp009774155"	"Sequencing_Depth"	"Sequencing_Depth"	"Sequencing_Depth"	1.06002367697805	0	0.447551738708636	0.01786066262048	0.168145825794893	0.0354023219717174	0.177150811939597	NA	"prevalence"	47	22
"UBA4372 sp023665805"	"Sequencing_Depth"	"Sequencing_Depth"	"Sequencing_Depth"	1.79169593028308	0	0.756597968632083	0.0178799400789956	0.168145825794893	0.0354401879007627	0.177150811939597	NA	"prevalence"	47	36
"Merdisoma sp910574255"	"Sequencing_Depth"	"Sequencing_Depth"	"Sequencing_Depth"	1.96912859508753	0	0.831841261495516	0.0179235958731916	0.16843123724043	0.0355259364573578	0.177453935604668	NA	"prevalence"	47	37
"Alistipes_A ihumii"	"Sex"	"M"	"SexM"	3.38836446925716	0	1.43305597957065	0.0180577062170161	0.169439914970341	0.0180577062170161	0.12986676350825	NA	"prevalence"	47	7
"MGYG000411499"	"Sequencing_Depth"	"Sequencing_Depth"	"Sequencing_Depth"	1.13751244112276	0	0.481050333417414	0.0180474445417084	0.169439914970341	0.0180474445417084	0.12986676350825	NA	"prevalence"	47	5
"MGYG000327852"	"Site"	"Jejunum"	"SiteJejunum"	-0.636608754685496	0.0793922236573236	0.286592897702712	0.0181350446494968	0.169607891542859	0.0181350446494968	0.12986676350825	NA	"abundance"	47	38
"Paralachnospira_A sp910579325"	"Genotype"	"MUT"	"GenotypeMUT"	2.41772648576036	0.195151488441185	0.822077709226594	0.0181319437067211	0.169607891542859	0.0181319437067211	0.12986676350825	NA	"abundance"	47	18
"1XD42-69 sp910586725"	"Sequencing_Depth"	"Sequencing_Depth"	"Sequencing_Depth"	1.17676885699476	0	0.497888500530448	0.0181023056474095	0.169607891542859	0.0181023056474095	0.12986676350825	NA	"prevalence"	47	9
"Dysosmobacter sp910579435"	"Sequencing_Depth"	"Sequencing_Depth"	"Sequencing_Depth"	1.11990248638473	0	0.474086926878252	0.0181653553265002	0.169607891542859	0.0360007305188624	0.179192368526281	NA	"prevalence"	47	27
"Dysosmobacter welbionis"	"Sequencing_Depth"	"Sequencing_Depth"	"Sequencing_Depth"	1.13608005152745	0	0.480952170298329	0.018169402822888	0.169607891542859	0.018169402822888	0.129871704297992	NA	"prevalence"	47	5
"MGYG000325350"	"Genotype"	"MUT"	"GenotypeMUT"	-1.92441693894602	0	0.814544347003381	0.0181487797033102	0.169607891542859	0.0359681812019011	0.179156522012006	NA	"prevalence"	47	24
"MGYG000325548"	"Sequencing_Depth"	"Sequencing_Depth"	"Sequencing_Depth"	1.26610165246475	0	0.535874339907532	0.0181431394245753	0.169607891542859	0.035957105340971	0.179156522012006	NA	"prevalence"	47	12
"Rikenella sp910577885"	"Sequencing_Depth"	"Sequencing_Depth"	"Sequencing_Depth"	1.3199739319748	0	0.55899493938489	0.018209306748822	0.169855125148555	0.0360870346453713	0.179495538967969	NA	"prevalence"	47	30
"CAG-95 sp009911035"	"Sequencing_Depth"	"Sequencing_Depth"	"Sequencing_Depth"	0.936578236439665	0	0.396749025929463	0.0182438503987522	0.170052031183656	0.0361548627201322	0.179706448457029	NA	"prevalence"	47	23
"CAG-485 sp009775355"	"Genotype"	"MUT"	"GenotypeMUT"	-2.20698846304834	0.195151488441185	0.967485783963947	0.0183755833440592	0.170233145048651	0.0183755833440592	0.130047180727321	NA	"abundance"	47	38
"Dysosmobacter sp910584075"	"Sex"	"M"	"SexM"	-1.4858239805346	-0.415249466173014	0.398828325269653	0.0184274116013756	0.170233145048651	0.0184274116013756	0.130227812939032	NA	"abundance"	47	19
"Schaedlerella sp910589385"	"Genotype"	"MUT"	"GenotypeMUT"	-2.29011438479804	0.195151488441185	1.01088598932623	0.0184381116914021	0.170233145048651	0.0365362594200596	0.180082502069725	NA	"abundance"	47	45
"Butyricimonas virosa"	"Genotype"	"MUT"	"GenotypeMUT"	-2.02462506266741	0	0.858687712676326	0.018382950037262	0.170233145048651	0.0364279672224515	0.180082502069725	NA	"prevalence"	47	30
"CAG-485 sp910585275"	"Sex"	"M"	"SexM"	-1.81437891035107	0	0.769382328613369	0.0183624135670278	0.170233145048651	0.036387648902049	0.180082502069725	NA	"prevalence"	47	33
"JAAVFS01 sp910584665"	"Sex"	"M"	"SexM"	-1.70438139806084	0	0.72264390090485	0.0183471977327088	0.170233145048651	0.0363577758007745	0.180082502069725	NA	"prevalence"	47	26
"MGBC131033 sp910585655"	"Genotype"	"MUT"	"GenotypeMUT"	2.64254425703971	0	1.12050357680509	0.0183561715913955	0.170233145048651	0.0183561715913955	0.130047180727321	NA	"prevalence"	47	9
"MGYG000325463"	"Sequencing_Depth"	"Sequencing_Depth"	"Sequencing_Depth"	1.16614077984795	0	0.494819263504842	0.018438113593119	0.170233145048651	0.0365362631533653	0.180082502069725	NA	"prevalence"	47	28
"Muribaculum sp910589555"	"Sequencing_Depth"	"Sequencing_Depth"	"Sequencing_Depth"	2.10133935329532	0	0.891526491833824	0.01842261180284	0.170233145048651	0.0365058309800418	0.180082502069725	NA	"prevalence"	47	38
"RGIG4057 sp910579615"	"Sequencing_Depth"	"Sequencing_Depth"	"Sequencing_Depth"	0.98232254387952	0	0.41666242529553	0.0183935944333721	0.170233145048651	0.0364488645505649	0.180082502069725	NA	"prevalence"	47	14
"RGIG4057 sp910587085"	"Genotype"	"MUT"	"GenotypeMUT"	-1.84857948241739	0	0.784003055380042	0.0183799895401161	0.170233145048651	0.0364221550647375	0.180082502069725	NA	"prevalence"	47	32
"UBA11957 sp910588295"	"Sequencing_Depth"	"Sequencing_Depth"	"Sequencing_Depth"	2.30199882164126	0	0.975570929803323	0.0182925440496595	0.170233145048651	0.0362504709315103	0.179855291716545	NA	"prevalence"	47	39
"MGYG000411020"	"Genotype"	"MUT"	"GenotypeMUT"	1.45104573932989	0.195151488441185	0.503445041945639	0.0184807696586291	0.170502611034203	0.0184807696586291	0.130361357232725	NA	"abundance"	47	36
"MGBC163016 sp910588945"	"Genotype"	"MUT"	"GenotypeMUT"	1.25359407715832	0.195151488441185	0.429316690256132	0.018587412015286	0.171361588703198	0.036829332145146	0.181148030342305	NA	"abundance"	47	44
"Coproplasma sp003979335"	"Sequencing_Depth"	"Sequencing_Depth"	"Sequencing_Depth"	-1.61226256745925	-0.534932639053454	0.429849555111232	0.0186706094655202	0.17139058590584	0.0369926272732265	0.181648203758545	NA	"abundance"	47	32
"Gallimonas sp910589015"	"Sex"	"M"	"SexM"	1.64423125470789	-0.415249466173014	0.281487000628225	0.0186586379839807	0.17139058590584	0.0186586379839807	0.13070292692842	NA	"abundance"	47	6
"Ruminococcus sp910584195"	"Site"	"Jejunum"	"SiteJejunum"	0.952884438972049	0.0793922236573236	0.355746351046512	0.0186441377757083	0.17139058590584	0.0186441377757083	0.13070292692842	NA	"abundance"	47	47
"Acutalibacter ornithocaccae"	"Sequencing_Depth"	"Sequencing_Depth"	"Sequencing_Depth"	0.913167199526395	0	0.388303879499692	0.0186887502062543	0.17139058590584	0.0370282310282369	0.181648203758545	NA	"prevalence"	47	10
"Adlercreutzia hattorii"	"Sex"	"M"	"SexM"	-2.63830229035259	0	1.1219750613505	0.0186988781115473	0.17139058590584	0.00743080603608102	0.103765953329189	NA	"prevalence"	47	38
"CAG-873 sp009775265"	"Genotype"	"MUT"	"GenotypeMUT"	-2.49698064420594	0	1.06107265010185	0.0186095781194933	0.17139058590584	0.0339479209149136	0.173998480802472	NA	"prevalence"	47	37
"Evtepia sp910578575"	"Sequencing_Depth"	"Sequencing_Depth"	"Sequencing_Depth"	1.01815321713272	0	0.432948014588441	0.0186890735049837	0.17139058590584	0.0370288655414927	0.181648203758545	NA	"prevalence"	47	16
"MGYG000327852"	"Sex"	"M"	"SexM"	-2.63830229035259	0	1.1219750613505	0.0186988781115473	0.17139058590584	0.00596873697021629	0.10044531644164	NA	"prevalence"	47	38
"Gordonibacter pamelaeae"	"Genotype"	"MUT"	"GenotypeMUT"	-2.25900351314534	0	0.961239605415678	0.0187686661669019	0.171664852351303	0.0371850695041192	0.181648203758545	NA	"prevalence"	47	28
"MGYG000325639"	"Sequencing_Depth"	"Sequencing_Depth"	"Sequencing_Depth"	1.08019568506456	0	0.459642516081329	0.0187694861474328	0.171664852351303	0.0371866786846268	0.181648203758545	NA	"prevalence"	47	27
"MGYG000329302"	"Sequencing_Depth"	"Sequencing_Depth"	"Sequencing_Depth"	0.985909599998966	0	0.419451573019634	0.0187495675510616	0.171664852351303	0.0371475888187714	0.181648203758545	NA	"prevalence"	47	17
"CAG-873 sp910577315"	"Genotype"	"MUT"	"GenotypeMUT"	-1.14553050679269	0.195151488441185	0.544432388141627	0.0188145125413927	0.171789441856014	0.0372750392006151	0.181858410682628	NA	"abundance"	47	42
"MGYG000325435"	"Sex"	"M"	"SexM"	0.618058399521277	-0.415249466173014	0.382229875386386	0.0188589616031321	0.171789441856014	0.0373622627735157	0.181858410682628	NA	"abundance"	47	18
"MGYG000325668"	"Site"	"Jejunum"	"SiteJejunum"	-0.822280011717161	0.0793922236573236	0.326619539346463	0.0188781097820916	0.171789441856014	0.0188781097820916	0.13094257108913	NA	"abundance"	47	16
"MGYG000325198"	"Genotype"	"MUT"	"GenotypeMUT"	2.69348668683466	0	1.14674098067722	0.0188330731913413	0.171789441856014	0.0188330731913413	0.130891243058065	NA	"prevalence"	47	9
"MGYG000325385"	"Sex"	"M"	"SexM"	-1.76224421663854	0	0.750506251114373	0.0188707716532925	0.171789441856014	0.0373854372837943	0.181858410682628	NA	"prevalence"	47	17
"MGYG000329698"	"Sequencing_Depth"	"Sequencing_Depth"	"Sequencing_Depth"	0.998790293439516	0	0.425291397244338	0.0188499790930033	0.171789441856014	0.0373446364741999	0.181858410682628	NA	"prevalence"	47	15
"MGYG000330445"	"Genotype"	"MUT"	"GenotypeMUT"	-2.18126065546171	0	0.928880206094977	0.0188608908946419	0.171789441856014	0.0373660485839443	0.181858410682628	NA	"prevalence"	47	16
"MGYG000330031"	"Sequencing_Depth"	"Sequencing_Depth"	"Sequencing_Depth"	1.26149603327756	0	0.537439494057783	0.0189133932645923	0.171986876395984	0.0189133932645923	0.131028997706956	NA	"prevalence"	47	4
"UBA3402 sp910577935"	"Sequencing_Depth"	"Sequencing_Depth"	"Sequencing_Depth"	2.52065751786313	0	1.07419396673732	0.0189477608975271	0.172175705269848	0.0375365041520243	0.182467683181918	NA	"prevalence"	47	39
"Copromonas sp022792295"	"Sex"	"M"	"SexM"	2.55327689118613	-0.415249466173014	0.868863642921755	0.0190215778322693	0.172633810564801	0.0190215778322693	0.131421810477497	NA	"abundance"	47	10
"Frisingicoccus caecimuris"	"Sequencing_Depth"	"Sequencing_Depth"	"Sequencing_Depth"	1.11418299016869	0	0.475233134817103	0.0190527281844704	0.172633810564801	0.0190527281844704	0.131445676370085	NA	"prevalence"	47	7
"Pullibacteroides sp910586395"	"Sequencing_Depth"	"Sequencing_Depth"	"Sequencing_Depth"	0.999015717205864	0	0.426100767487423	0.019049916677199	0.172633810564801	0.0377369340289899	0.182943720092969	NA	"prevalence"	47	18
"UBA5026 sp910576795"	"Sequencing_Depth"	"Sequencing_Depth"	"Sequencing_Depth"	1.05032453268532	0	0.447927182625755	0.0190344532630262	0.172633810564801	0.0377065961150301	0.182943720092969	NA	"prevalence"	47	29
"CAG-873 sp910584495"	"Sex"	"M"	"SexM"	-1.76202732154034	0	0.751819926644381	0.0190944101908162	0.172887728322856	0.0378242238810973	0.182943720092969	NA	"prevalence"	47	26
"Dysosmobacter sp910589315"	"Sex"	"M"	"SexM"	1.30423633170774	-0.415249466173014	0.686646183114823	0.019113097142301	0.172933226323979	0.037860883802231	0.182943720092969	NA	"abundance"	47	31
"UBA7177 sp910578965"	"Genotype"	"MUT"	"GenotypeMUT"	-1.35697949840845	0.195151488441185	0.025129423277181	0.0191296040256339	0.172958948397481	0.0378932663010903	0.182943720092969	NA	"abundance"	47	6
"D16-34 sp003612515"	"Genotype"	"MUT"	"GenotypeMUT"	-2.24086464943641	0	0.956553692411298	0.0191476498155763	0.172998537734164	0.0379286671376926	0.18298963776738	NA	"prevalence"	47	25
"UBA3282 sp910576815"	"Sequencing_Depth"	"Sequencing_Depth"	"Sequencing_Depth"	1.74287607931261	0	0.744080887047931	0.0191642386650236	0.173024916563387	0.0379612092864373	0.183021710256848	NA	"prevalence"	47	36
"Avirikenella sp910588925"	"Genotype"	"MUT"	"GenotypeMUT"	-2.47181034986092	0	1.0557214022297	0.0192142892205039	0.173154724538156	0.0380593895307585	0.183245071664442	NA	"prevalence"	47	35
"MGYG000325376"	"Genotype"	"MUT"	"GenotypeMUT"	-3.04327091674408	0	1.29985266523304	0.0192196546038955	0.173154724538156	0.0192196546038955	0.132139678132694	NA	"prevalence"	47	8
"Muribaculum sp910578785"	"Genotype"	"MUT"	"GenotypeMUT"	-2.47181034986092	0	1.0557214022297	0.0192142892205039	0.173154724538156	0.0380593895307585	0.183245071664442	NA	"prevalence"	47	35
"MGYG000410955"	"Sex"	"M"	"SexM"	1.33074326516469	-0.415249466173014	0.63559713868636	0.0192893606321656	0.173457913924715	0.0192893606321656	0.132139678132694	NA	"abundance"	47	16
"MGYG000325348"	"Sequencing_Depth"	"Sequencing_Depth"	"Sequencing_Depth"	0.965954654251291	0	0.412776204618875	0.0192764440613773	0.173457913924715	0.0381813068271032	0.183706927606512	NA	"prevalence"	47	15
"MGYG000325610"	"Sequencing_Depth"	"Sequencing_Depth"	"Sequencing_Depth"	1.02507077205751	0	0.438128995114773	0.019301551321022	0.173457913924715	0.019301551321022	0.132139678132694	NA	"prevalence"	47	10
"UBA3282 sp910578115"	"Sequencing_Depth"	"Sequencing_Depth"	"Sequencing_Depth"	1.15058913648785	0	0.491803949288523	0.0193081214030592	0.173457913924715	0.0382434392540031	0.183880699760064	NA	"prevalence"	47	30
"Lawsonibacter sp910588455"	"Sequencing_Depth"	"Sequencing_Depth"	"Sequencing_Depth"	0.923852581228015	0	0.394977837544125	0.0193355095919251	0.173516842219847	0.0382971572526708	0.183950833450387	NA	"prevalence"	47	20
"Paralachnospira sp022800815"	"Genotype"	"MUT"	"GenotypeMUT"	-1.88744988311761	0	0.806991778962574	0.0193420970431509	0.173516842219847	0.0383100773682752	0.183950833450387	NA	"prevalence"	47	25
"MGYG000328561"	"Sequencing_Depth"	"Sequencing_Depth"	"Sequencing_Depth"	-1.01871923238067	-0.534932639053454	0.180789592432218	0.0194529500472405	0.174072769618379	0.00454959631122521	0.0960930091857962	NA	"abundance"	47	18
"Bacteroides sp910585845"	"Sequencing_Depth"	"Sequencing_Depth"	"Sequencing_Depth"	1.53226133561621	0	0.655908668261604	0.0194865788078088	0.174072769618379	0.0385934308619846	0.184809193314707	NA	"prevalence"	47	35
"CAG-95 sp910577445"	"Sequencing_Depth"	"Sequencing_Depth"	"Sequencing_Depth"	0.872537553612082	0	0.373395756458381	0.0194514876344598	0.174072769618379	0.0385246148977261	0.184729971572	NA	"prevalence"	47	16
"Choladocola sp910584205"	"Sequencing_Depth"	"Sequencing_Depth"	"Sequencing_Depth"	2.54286516602895	0	1.08792577750462	0.0194209043468619	0.174072769618379	0.0384646371680739	0.184567586900167	NA	"prevalence"	47	39
"MGBC131033 sp910585655"	"Sequencing_Depth"	"Sequencing_Depth"	"Sequencing_Depth"	1.11961956060235	0	0.479229196140099	0.0194760038948507	0.174072769618379	0.0194760038948507	0.13300134833701	NA	"prevalence"	47	9
"UBA3282 sp910579395"	"Sex"	"M"	"SexM"	-1.82653163011185	0	0.781860548461034	0.0194842174887308	0.174072769618379	0.0385888002463134	0.184809193314707	NA	"prevalence"	47	18
"Sporofaciens sp910587575"	"Sequencing_Depth"	"Sequencing_Depth"	"Sequencing_Depth"	2.49888730025582	0	1.06986925650339	0.0195071907013713	0.174134005569787	0.038633850913683	0.184877493742662	NA	"prevalence"	47	37
"NM07-P-09 sp004793925"	"Sex"	"M"	"SexM"	-2.54075377770309	-0.415249466173014	0.87384353120447	0.0195248715854532	0.174169009533944	0.0195248715854532	0.133077909706831	NA	"abundance"	47	47
"MGYG000325688"	"Sequencing_Depth"	"Sequencing_Depth"	"Sequencing_Depth"	0.885058777279798	0	0.379065330511804	0.0195515214033249	0.174283914030484	0.0387207808174652	0.185042920093201	NA	"prevalence"	47	12
"Acutalibacter sp910584745"	"Sequencing_Depth"	"Sequencing_Depth"	"Sequencing_Depth"	1.47505418633248	0	0.632051000914839	0.0196083883327059	0.174337256405614	0.0388322877724056	0.185243298125813	NA	"prevalence"	47	32
"CAG-485 sp003979075"	"Sex"	"M"	"SexM"	-2.68957741467139	0	1.15263564699182	0.0196263699145205	0.174337256405614	0.0388675454330194	0.185243298125813	NA	"prevalence"	47	38
"CAG-485 sp900554845"	"Sex"	"M"	"SexM"	-2.68957741467139	0	1.15263564699182	0.0196263699145205	0.174337256405614	0.0388675454330194	0.185243298125813	NA	"prevalence"	47	38
"MGBC111451 sp910578605"	"Sequencing_Depth"	"Sequencing_Depth"	"Sequencing_Depth"	1.29639685303697	0	0.555543735895096	0.0196185643745671	0.174337256405614	0.0196185643745671	0.133587681116994	NA	"prevalence"	47	4
"MGYG000325385"	"Sequencing_Depth"	"Sequencing_Depth"	"Sequencing_Depth"	0.976694894532662	0	0.418424448827624	0.0195841829695635	0.174337256405614	0.0387848257165417	0.185223748759808	NA	"prevalence"	47	17
"Enterenecus sp910587285"	"Sequencing_Depth"	"Sequencing_Depth"	"Sequencing_Depth"	1.94455542185314	0	0.833464461675117	0.0196429298103028	0.174361995469013	0.0389000149290731	0.18527311692634	NA	"prevalence"	47	38
"14-2 sp910584585"	"Sequencing_Depth"	"Sequencing_Depth"	"Sequencing_Depth"	1.55368425536068	0	0.666313519828893	0.019713238064292	0.174770216025009	0.0390378643736045	0.185554058669476	NA	"prevalence"	47	34
"MGYG000325644"	"Sequencing_Depth"	"Sequencing_Depth"	"Sequencing_Depth"	1.83297076951542	0	0.78610952144361	0.0197165325077985	0.174770216025009	0.0390443233614659	0.185554058669476	NA	"prevalence"	47	36
"14-2 sp910575035"	"Sex"	"M"	"SexM"	-1.15677325040209	-0.415249466173014	0.301051280981635	0.0197533564170771	0.174974097639861	0.0391165177444141	0.185554058669476	NA	"abundance"	47	43
"CAG-95 sp009774465"	"Sequencing_Depth"	"Sequencing_Depth"	"Sequencing_Depth"	0.905825090412341	0	0.388831094033401	0.019826734310051	0.175501260766871	0.0392603692267006	0.186111528970033	NA	"prevalence"	47	10
"Choladocola sp910587765"	"Site"	"Jejunum"	"SiteJejunum"	-0.695999236998413	0.0793922236573236	0.106946843678365	0.0198578639521004	0.175653977572108	0.0393213931434607	0.186275875829746	NA	"abundance"	47	7
"Acetatifactor sp910589655"	"Sex"	"M"	"SexM"	-1.87804961385545	-0.415249466173014	0.593498012622809	0.0199723524521658	0.176420123754023	0.039545810041858	0.186963067141038	NA	"abundance"	47	35
"MGYG000325709"	"Genotype"	"MUT"	"GenotypeMUT"	1.98462249079481	0	0.852907279092444	0.0199710536583036	0.176420123754023	0.0395432643323844	0.186963067141038	NA	"prevalence"	47	10
"Odoribacter sp910578105"	"Sequencing_Depth"	"Sequencing_Depth"	"Sequencing_Depth"	1.10648175501432	0	0.475745835924152	0.0200301100833975	0.17680692708204	0.039659014856842	0.187372939176577	NA	"prevalence"	47	28
"MGYG000327182"	"Sequencing_Depth"	"Sequencing_Depth"	"Sequencing_Depth"	1.16015978448186	0	0.498944730489134	0.0200598225943529	0.176945807943776	0.000443240405459748	0.0401643998178141	NA	"prevalence"	47	18
"CAJUPY01 sp014802535"	"Genotype"	"MUT"	"GenotypeMUT"	-1.07516456507753	0.195151488441185	0.490410911498689	0.0200939826937083	0.177123699816824	0.0200939826937083	0.135525813476303	NA	"abundance"	47	21
"MGYG000369796"	"Sex"	"M"	"SexM"	-1.83085698036049	0	0.787777850356507	0.0201213268865882	0.177241305309974	0.0398377859774994	0.188091831188354	NA	"prevalence"	47	15
"RGIG4057 sp910587085"	"Sequencing_Depth"	"Sequencing_Depth"	"Sequencing_Depth"	-1.65474010347149	-0.534932639053454	0.453690418554716	0.0202552212541052	0.177555810688686	0.0401001685201576	0.188574844378226	NA	"abundance"	47	32
"Fimiplasma sp910588165"	"Sequencing_Depth"	"Sequencing_Depth"	"Sequencing_Depth"	1.08478930614761	0	0.467179338890802	0.02023306457458	0.177555810688686	0.040056752247081	0.188574844378226	NA	"prevalence"	47	18
"MGYG000325371"	"Sequencing_Depth"	"Sequencing_Depth"	"Sequencing_Depth"	1.0510128090438	0	0.452550009138183	0.0202101392889307	0.177555810688686	0.0400118288477834	0.188574844378226	NA	"prevalence"	47	26
"MGYG000329896"	"Sequencing_Depth"	"Sequencing_Depth"	"Sequencing_Depth"	1.43503721815808	0	0.618089069659905	0.0202473667250393	0.177555810688686	0.0400847775907804	0.188574844378226	NA	"prevalence"	47	31
"MGYG000373829"	"Sequencing_Depth"	"Sequencing_Depth"	"Sequencing_Depth"	0.90953864339457	0	0.39165768950321	0.020217887894877	0.177555810688686	0.0400270127988243	0.188574844378226	NA	"prevalence"	47	13
"Paramuribaculum sp910577465"	"Sequencing_Depth"	"Sequencing_Depth"	"Sequencing_Depth"	1.38700780490023	0	0.597213911217812	0.0202079650742109	0.177555810688686	0.0400075682959812	0.188574844378226	NA	"prevalence"	47	34
"ZJ304 sp943192905"	"Sex"	"M"	"SexM"	-1.86950411056057	0	0.805428649707158	0.0202798616033914	0.177648780744449	1.09987885686652e-05	0.00310957750413303	NA	"prevalence"	47	33
"Niallia sp001076885"	"Sex"	"M"	"SexM"	4.47714849919609	-0.415249466173014	1.45960107384623	0.0203300875248651	0.177965593284746	0.0402468625909615	0.189138846271886	NA	"abundance"	47	10
"QANA01 sp910588425"	"Genotype"	"MUT"	"GenotypeMUT"	2.13175499695191	0.195151488441185	0.780950183478764	0.0203557671262596	0.178045821657181	0.0402971769972208	0.189230626044062	NA	"abundance"	47	30
"MGYG000330215"	"Sequencing_Depth"	"Sequencing_Depth"	"Sequencing_Depth"	0.923332702763807	0	0.398072261075671	0.0203673842439247	0.178045821657181	0.0403199381469097	0.189230626044062	NA	"prevalence"	47	9
"MGYG000329348"	"Sex"	"M"	"SexM"	-1.74863215749903	-0.415249466173014	0.519510634741311	0.0204136086803244	0.178326748568355	0.0204136086803244	0.136116402030691	NA	"abundance"	47	22
"MGBC163016 sp910588435"	"Genotype"	"MUT"	"GenotypeMUT"	-0.493814289299726	0.195151488441185	0.274479384525548	0.0204288991003606	0.178337244698182	0.0404404582822685	0.189544535238113	NA	"abundance"	47	29
"MGYG000368565"	"Sequencing_Depth"	"Sequencing_Depth"	"Sequencing_Depth"	0.989145710422828	0	0.42670238342353	0.0204430063479442	0.17833740479137	0.0404680961873463	0.18954837896101	NA	"prevalence"	47	7
"Muribaculum sp001701065"	"Sequencing_Depth"	"Sequencing_Depth"	"Sequencing_Depth"	1.31951078069078	0	0.569518368251164	0.0205097850662487	0.178796735102325	0.0405989188490336	0.190035204254947	NA	"prevalence"	47	30
"MGYG000325760"	"Sequencing_Depth"	"Sequencing_Depth"	"Sequencing_Depth"	1.70596056818221	0	0.736491021454748	0.0205399374862267	0.178936358362462	0.0406579859405152	0.190185734366355	NA	"prevalence"	47	37
"MGBC100174 sp910576895"	"Sex"	"M"	"SexM"	-2.0500887810609	0	0.885361431349697	0.0205834615701457	0.179192198455918	0.0407432442500818	0.190458498915065	NA	"prevalence"	47	12
"MD308 sp000403475"	"Genotype"	"MUT"	"GenotypeMUT"	1.16873457183718	0.195151488441185	0.399515818847113	0.0207004680279712	0.179553310801407	0.0409724266793654	0.190986012397886	NA	"abundance"	47	39
"MGYG000325533"	"Site"	"Jejunum"	"SiteJejunum"	1.16132930531556	0.0793922236573236	0.0199279793184053	0.0206963620134268	0.179553310801407	0.0409643846262629	0.190986012397886	NA	"abundance"	47	6
"MGYG000327182"	"Sex"	"M"	"SexM"	-1.62254054673253	-0.415249466173014	0.456642471407115	0.0206728260831404	0.179553310801407	0.00596118331591118	0.10044531644164	NA	"abundance"	47	18
"Parabacteroides johnsonii"	"Site"	"Jejunum"	"SiteJejunum"	4.04473467198613	0.0793922236573236	1.06875829516547	0.02068451735153	0.179553310801407	0.0409411854449942	0.190986012397886	NA	"abundance"	47	9
"Bacteroides cellulosilyticus"	"Sequencing_Depth"	"Sequencing_Depth"	"Sequencing_Depth"	1.65212262727321	0	0.714172275759405	0.020704004269497	0.179553310801407	0.0409793527462027	0.190986012397886	NA	"prevalence"	47	32
"MGYG000368546"	"Sequencing_Depth"	"Sequencing_Depth"	"Sequencing_Depth"	1.31537621961348	0	0.568632079530376	0.0207100516487639	0.179553310801407	0.0409911970582333	0.190986012397886	NA	"prevalence"	47	30
"1XD8-76 sp910577955"	"Sex"	"M"	"SexM"	-1.8323378857586	0	0.792727532458683	0.0208088589508918	0.180286472690204	0.0411847092909454	0.191761215591833	NA	"prevalence"	47	22
"Parvibacter sp910587945"	"Sex"	"M"	"SexM"	-1.24552612439535	-0.415249466173014	0.339848539275103	0.0208328161792584	0.180347156268428	0.0412316261285579	0.191835700845874	NA	"abundance"	47	40
"CAG-485 sp014800895"	"Sequencing_Depth"	"Sequencing_Depth"	"Sequencing_Depth"	1.11446170052159	0	0.482339442159707	0.0208586061602922	0.180347156268428	0.0412821308696342	0.191835700845874	NA	"prevalence"	47	29
"MGYG000328404"	"Sex"	"M"	"SexM"	-1.71765164654551	0	0.74336898054795	0.0208532279113686	0.180347156268428	0.0412715987084137	0.191835700845874	NA	"prevalence"	47	20
"COE1 sp910578795"	"Sequencing_Depth"	"Sequencing_Depth"	"Sequencing_Depth"	1.02260277016198	0	0.442930888228866	0.0209592027786952	0.181093234657149	0.0209592027786952	0.137484176978499	NA	"prevalence"	47	9
"Sporofaciens sp011960625"	"Genotype"	"MUT"	"GenotypeMUT"	1.96475944421682	0.195151488441185	0.69068368997773	0.0210466722539242	0.181307507936007	0.0210466722539242	0.137484176978499	NA	"abundance"	47	21
"Bifidobacterium pseudocatenulatum"	"Sequencing_Depth"	"Sequencing_Depth"	"Sequencing_Depth"	0.842767436096155	0	0.36529015405137	0.021048250921477	0.181307507936007	0.0416534729761005	0.192993919992846	NA	"prevalence"	47	21
"Fimisoma sp910588185"	"Sequencing_Depth"	"Sequencing_Depth"	"Sequencing_Depth"	0.939330421634416	0	0.40716786432286	0.0210556198977666	0.181307507936007	0.041667900666254	0.192993919992846	NA	"prevalence"	47	15
"Merdisoma sp022791635"	"Sequencing_Depth"	"Sequencing_Depth"	"Sequencing_Depth"	0.934877171308301	0	0.405185571403336	0.0210391324016459	0.181307507936007	0.029674868153788	0.161987961322771	NA	"prevalence"	47	13
"MGYG000325327"	"Sequencing_Depth"	"Sequencing_Depth"	"Sequencing_Depth"	1.09212084550401	0	0.473327088438887	0.0210365415790972	0.181307507936007	0.0210365415790972	0.137484176978499	NA	"prevalence"	47	5
"Mailhella excrementigallinarum"	"Site"	"Jejunum"	"SiteJejunum"	-0.88883560564474	0.0793922236573236	0.394093217924209	0.0210866824503761	0.181328278842976	0.0417287167239893	0.193022624218034	NA	"abundance"	47	32
"MGYG000325667"	"Sex"	"M"	"SexM"	-1.7005254776699	0	0.737232489251314	0.0210752360771722	0.181328278842976	0.0417063065786359	0.193022624218034	NA	"prevalence"	47	31
"MGYG000328397"	"Sex"	"M"	"SexM"	-1.57609627424508	0	0.683452190160604	0.0211060933383144	0.181371981993471	0.0417667195006231	0.193072055873384	NA	"prevalence"	47	21
"MGYG000329322"	"Sequencing_Depth"	"Sequencing_Depth"	"Sequencing_Depth"	2.42942568074031	0	1.05486809484777	0.0212754052769808	0.182702903660802	0.0420981676842618	0.194223139159505	NA	"prevalence"	47	39
"CAG-485 sp900760815"	"Sex"	"M"	"SexM"	-1.91175275371342	0	0.830247009699569	0.0212995963679013	0.182765481691105	0.042145519930367	0.194296079326081	NA	"prevalence"	47	33
"UBA3282 sp910586615"	"Sequencing_Depth"	"Sequencing_Depth"	"Sequencing_Depth"	1.16570614409961	0	0.50629632654913	0.0213115698353667	0.182765481691105	0.0421689566618857	0.194296079326081	NA	"prevalence"	47	8
"Fusicatenibacter saccharivorans"	"Sequencing_Depth"	"Sequencing_Depth"	"Sequencing_Depth"	1.19374872443631	0	0.518577099148334	0.0213368858585797	0.182858700878742	0.0213368858585797	0.138765444267368	NA	"prevalence"	47	5
"Bacteroides uniformis"	"Sequencing_Depth"	"Sequencing_Depth"	"Sequencing_Depth"	1.45775349545116	0	0.633477282548907	0.0213807237490135	0.182986613397574	0.0423043121499953	0.194539283198547	NA	"prevalence"	47	32
"MGYG000328896"	"Sequencing_Depth"	"Sequencing_Depth"	"Sequencing_Depth"	1.19359670934162	0	0.518662331742945	0.0213747793788295	0.182986613397574	0.0422926775641654	0.194539283198547	NA	"prevalence"	47	28
"Pelethomonas sp022795905"	"Sequencing_Depth"	"Sequencing_Depth"	"Sequencing_Depth"	0.0969538348780338	-0.534932639053454	0.254674756999807	0.0214363669313202	0.18321507941705	0.0424132160354263	0.194786621792328	NA	"abundance"	47	27
"Bilophila sp902373525"	"Sex"	"M"	"SexM"	-1.93084861093812	0	0.839386428186885	0.0214306894180651	0.18321507941705	0.0424021043871965	0.194786621792328	NA	"prevalence"	47	28
"UMGS1502 sp900552365"	"Sex"	"M"	"SexM"	-2.19457508890891	0	0.954245688921197	0.0214595027671881	0.183289059397481	0.0424584952753612	0.194867951043022	NA	"prevalence"	47	12
"Acetatifactor sp910585615"	"Sex"	"M"	"SexM"	1.20563591683518	-0.415249466173014	0.672131141288492	0.0214916398714765	0.183439769044605	0.0425213891585878	0.195029966627449	NA	"abundance"	47	40
"CAG-485 sp009775355"	"Sex"	"M"	"SexM"	-2.65460640289752	0	1.15571056326362	0.021621769085314	0.184301921267276	0.0427760372722493	0.195816730207421	NA	"prevalence"	47	38
"CAG-485 sp910583795"	"Sex"	"M"	"SexM"	-2.65460640289752	0	1.15571056326362	0.021621769085314	0.184301921267276	0.0427760372722493	0.195816730207421	NA	"prevalence"	47	38
"Eubacterium_G sp910584795"	"Sex"	"M"	"SexM"	0.436892676110166	-0.415249466173014	0.348643003355903	0.0217042716172342	0.184600400188109	0.0429374678280337	0.196144737510533	NA	"abundance"	47	35
"CAG-485 sp900550645"	"Sequencing_Depth"	"Sequencing_Depth"	"Sequencing_Depth"	1.27812820738633	0	0.556842357268095	0.0217151205466973	0.184600400188109	0.042958694633037	0.196144737510533	NA	"prevalence"	47	29
"Pediococcus pentosaceus"	"Sex"	"M"	"SexM"	-2.54788230333734	0	1.1098495490784	0.0216930047034945	0.184600400188109	0.0429154229539231	0.196144737510533	NA	"prevalence"	47	38
"1XD42-69 sp910589105"	"Sequencing_Depth"	"Sequencing_Depth"	"Sequencing_Depth"	1.16795175829237	0	0.508898653017178	0.021729819364695	0.184601378200208	0.021729819364695	0.140646852811048	NA	"prevalence"	47	6
"Acetatifactor sp910584435"	"Sequencing_Depth"	"Sequencing_Depth"	"Sequencing_Depth"	1.02391363192557	0	0.446251581858888	0.0217631608512197	0.184760623779168	0.0217631608512197	0.140733779411181	NA	"prevalence"	47	8
"Desulfovibrio sp905215675"	"Sex"	"M"	"SexM"	-2.04830678433291	0	0.893393765577733	0.0218638059809894	0.185490654227456	0.0432495859500045	0.197345431565288	NA	"prevalence"	47	20
"Marseille-P3106 sp022794215"	"Sequencing_Depth"	"Sequencing_Depth"	"Sequencing_Depth"	0.94921542750427	0	0.414117119270087	0.0218974246582446	0.185651440940428	0.0433153521098256	0.19739065680996	NA	"prevalence"	47	25
"Clostridium_Q sp009911305"	"Genotype"	"MUT"	"GenotypeMUT"	2.01438678441626	0	0.87897032334105	0.0219196434098056	0.185715425891111	0.0433588160523982	0.197461412279865	NA	"prevalence"	47	10
"Enterococcus_D gallinarum"	"Genotype"	"MUT"	"GenotypeMUT"	1.48126860147777	0	0.646934231151096	0.0220402115967628	0.186559493959413	0.0435946522662955	0.198355829432343	NA	"prevalence"	47	26
"MGYG000329929"	"Sequencing_Depth"	"Sequencing_Depth"	"Sequencing_Depth"	0.921389353980929	0	0.402436532203345	0.0220487441114933	0.186559493959413	0.0436113411060924	0.198355829432343	NA	"prevalence"	47	9
"CAG-485 sp014801815"	"Genotype"	"MUT"	"GenotypeMUT"	-1.03183698139806	0.195151488441185	0.49874167260062	0.0221424045971568	0.187204089369042	0.0437945231129694	0.198784951133413	NA	"abundance"	47	28
"UBA3402 sp910586845"	"Sequencing_Depth"	"Sequencing_Depth"	"Sequencing_Depth"	0.866163417199356	0	0.378616172064448	0.0221545051252034	0.187204089369042	0.0438181881530641	0.198784951133413	NA	"prevalence"	47	15
"Bacteroides sp910585845"	"Genotype"	"MUT"	"GenotypeMUT"	-2.0516240649941	0	0.897097061461728	0.0221982250152093	0.187448387086404	0.0439036888365927	0.199045075495213	NA	"prevalence"	47	35
"Bariatricus sp022793995"	"Sequencing_Depth"	"Sequencing_Depth"	"Sequencing_Depth"	1.04944438316977	0	0.45905238218686	0.0222478060586169	0.187616741565605	0.044000647242812	0.199101520302302	NA	"prevalence"	47	28
"Mailhella sp910577155"	"Genotype"	"MUT"	"GenotypeMUT"	-2.01156382046149	0	0.879813211115805	0.0222335992506218	0.187616741565605	0.0439728655656064	0.199101520302302	NA	"prevalence"	47	13
"MGYG000328998"	"Sequencing_Depth"	"Sequencing_Depth"	"Sequencing_Depth"	1.04970571353126	0	0.459362605532736	0.0223048944778462	0.187972938948453	0.0441122806380244	0.199367555908597	NA	"prevalence"	47	30
"Marseille-P3106 sp910585735"	"Sequencing_Depth"	"Sequencing_Depth"	"Sequencing_Depth"	0.973200529169823	0	0.426056654900708	0.0223595151241891	0.188307879202918	0.0442190823317894	0.199675343163571	NA	"prevalence"	47	11
"MGYG000410288"	"Sex"	"M"	"SexM"	-1.44537190522816	-0.415249466173014	0.413289831001384	0.0224144129032759	0.188644706469193	0.0224144129032759	0.143241474141369	NA	"abundance"	47	25
"UBA2821 sp014799465"	"Genotype"	"MUT"	"GenotypeMUT"	1.16193110521309	0.195151488441185	0.396360145015223	0.0224612768969914	0.18891351691835	0.0444180448341395	0.200348909309316	NA	"abundance"	47	31
"1XD42-69 sp910586355"	"Sequencing_Depth"	"Sequencing_Depth"	"Sequencing_Depth"	1.06215001031853	0	0.465733901655009	0.0225724739526784	0.189722692757638	0.0225724739526784	0.143667373804847	NA	"prevalence"	47	7
"MGYG000324289"	"Sex"	"M"	"SexM"	-2.69655716291887	0	1.18303484670549	0.0226459323766254	0.190156540256861	0.0447790265000441	0.201535015366995	NA	"prevalence"	47	30
"MGYG000399267"	"Sequencing_Depth"	"Sequencing_Depth"	"Sequencing_Depth"	2.39012127563795	0	1.04865868652904	0.0226541367283415	0.190156540256861	0.0447950635457765	0.201535015366995	NA	"prevalence"	47	39
"MGYG000328957"	"Sequencing_Depth"	"Sequencing_Depth"	"Sequencing_Depth"	1.39831560889461	0	0.613656603695842	0.0226872016420466	0.190212665728888	0.0448596941657463	0.201601461528835	NA	"prevalence"	47	34
"MGYG000366993"	"Sequencing_Depth"	"Sequencing_Depth"	"Sequencing_Depth"	1.54954547157055	0	0.680042894238146	0.022690877330591	0.190212665728888	0.0448668787471501	0.201601461528835	NA	"prevalence"	47	36
"CAG-873 sp002493945"	"Sex"	"M"	"SexM"	-1.70804520013227	0	0.749866371100439	0.0227385297197819	0.190485975640635	0.0449600187057464	0.201690020234988	NA	"prevalence"	47	24
"VUNA01 sp002299625"	"Genotype"	"MUT"	"GenotypeMUT"	1.93735823217576	0	0.850703134834989	0.0227646706788621	0.190578836939839	0.0450111111266071	0.201736546254191	NA	"prevalence"	47	15
"MGYG000411369"	"Sequencing_Depth"	"Sequencing_Depth"	"Sequencing_Depth"	1.11996410335332	0	0.491858010833841	0.0227858112925899	0.190629741798812	0.0227858112925899	0.144285612692297	NA	"prevalence"	47	8
"Blautia coccoides"	"Sequencing_Depth"	"Sequencing_Depth"	"Sequencing_Depth"	1.02942669035924	0	0.452325796227562	0.0228548530153233	0.190954936942549	0.0228548530153233	0.144285612692297	NA	"prevalence"	47	9
"MGYG000324764"	"Sequencing_Depth"	"Sequencing_Depth"	"Sequencing_Depth"	1.02942669035924	0	0.452325796227562	0.0228548530153233	0.190954936942549	0.0228548530153233	0.144285612692297	NA	"prevalence"	47	9
"RGIG8773 sp910584715"	"Genotype"	"MUT"	"GenotypeMUT"	0.931294630407939	0.195151488441185	0.301041728570609	0.0228912395596161	0.191132790465449	0.0228912395596161	0.144331205358936	NA	"abundance"	47	30
"Evtepia sp004556345"	"Sequencing_Depth"	"Sequencing_Depth"	"Sequencing_Depth"	1.08087727624173	0	0.475209648314196	0.0229343069233868	0.191366154934891	0.0229343069233868	0.144345219353961	NA	"prevalence"	47	7
"MGYG000328055"	"Site"	"Jejunum"	"SiteJejunum"	1.98418367481065	0.0793922236573236	0.709529320878872	0.0229914150507762	0.19159531919978	0.0454542249355153	0.203078673732125	NA	"abundance"	47	15
"MGYG000325401"	"Sequencing_Depth"	"Sequencing_Depth"	"Sequencing_Depth"	1.02313875171559	0	0.450114338478358	0.0230223163614209	0.19159531919978	0.0230223163614209	0.144367710266686	NA	"prevalence"	47	6
"MGYG000360413"	"Sequencing_Depth"	"Sequencing_Depth"	"Sequencing_Depth"	1.02313875171559	0	0.450114338478358	0.0230223163614209	0.19159531919978	0.0230223163614209	0.144367710266686	NA	"prevalence"	47	6
"MGYG000411595"	"Sex"	"M"	"SexM"	-2.06981458957245	0	0.910556695008779	0.0230182908540827	0.19159531919978	0.0455067399943222	0.203184863095306	NA	"prevalence"	47	28
"Bacteroides caecimuris"	"Sex"	"M"	"SexM"	0.898852921063776	-0.415249466173014	0.55322884546483	0.0231235616267176	0.19231146062483	0.0457124241511306	0.203974377462242	NA	"abundance"	47	43
"MGYG000329509"	"Genotype"	"MUT"	"GenotypeMUT"	1.3084085284213	0.195151488441185	0.457502577450203	0.0231661073299605	0.192422474444189	0.0231661073299605	0.14467350574768	NA	"abundance"	47	29
"MGYG000329509"	"Sex"	"M"	"SexM"	-1.67302798305301	-0.415249466173014	0.516530242684975	0.0231825148939317	0.192422474444189	0.0231825148939317	0.14467350574768	NA	"abundance"	47	29
"SIG307 sp910577175"	"Genotype"	"MUT"	"GenotypeMUT"	-0.668388126688851	0.195151488441185	0.197057479337351	0.0231759493356143	0.192422474444189	0.0458147740436216	0.204302096492314	NA	"abundance"	47	8
"Acutalibacter muris"	"Sex"	"M"	"SexM"	1.26823500040187	-0.415249466173014	0.712304333894153	0.0233437978122444	0.193254842305522	0.0461426627281898	0.205144040169771	NA	"abundance"	47	45
"Ellagibacter isourolithinifaciens"	"Site"	"Jejunum"	"SiteJejunum"	-0.512500959705324	0.0793922236573236	0.242072404567082	0.0233089261948713	0.193254842305522	0.0460745463493847	0.205144040169771	NA	"abundance"	47	28
"Lachnospira sp910589305"	"Sequencing_Depth"	"Sequencing_Depth"	"Sequencing_Depth"	0.0218072644820047	-0.534932639053454	0.222912129826169	0.0233438658465115	0.193254842305522	0.0461427956203631	0.205144040169771	NA	"abundance"	47	22
"Prevotella sp000436915"	"Sequencing_Depth"	"Sequencing_Depth"	"Sequencing_Depth"	1.81607951353472	0	0.800723602180151	0.0233262851186325	0.193254842305522	0.0233262851186325	0.144740937295741	NA	"prevalence"	47	4
"CAG-510 sp910577105"	"Genotype"	"MUT"	"GenotypeMUT"	1.4502864217372	0.195151488441185	0.518511040065208	0.0234123196679771	0.193505616176281	0.0234123196679771	0.144775394062346	NA	"abundance"	47	30
"MGYG000325668"	"Sex"	"M"	"SexM"	-2.33708053733406	0	1.03113504982825	0.0234200192749298	0.193505616176281	0.0462915412470216	0.205520485888159	NA	"prevalence"	47	16
"MGYG000329478"	"Sex"	"M"	"SexM"	-1.76921150693286	0	0.780454212047022	0.023396346693246	0.193505616176281	0.0462453043479014	0.205444255896271	NA	"prevalence"	47	17
"MGYG000323430"	"Genotype"	"MUT"	"GenotypeMUT"	2.12141244523389	0	0.936193134999016	0.0234514616400442	0.19363900941923	0.0463529522270339	0.205534922422005	NA	"prevalence"	47	18
"Desulfovibrio sp910584445"	"Sequencing_Depth"	"Sequencing_Depth"	"Sequencing_Depth"	2.1793606803613	0	0.96189011969111	0.0234693603320854	0.193660471371276	0.020484692206307	0.136461644216944	NA	"prevalence"	47	35
"Dysosmobacter sp900763685"	"Sequencing_Depth"	"Sequencing_Depth"	"Sequencing_Depth"	1.13983316359929	0	0.503194024879299	0.0235006458219578	0.193666129436421	0.0235006458219578	0.144814790470443	NA	"prevalence"	47	4
"MGYG000387732"	"Sequencing_Depth"	"Sequencing_Depth"	"Sequencing_Depth"	1.13983316359929	0	0.503194024879299	0.0235006458219578	0.193666129436421	0.0235006458219578	0.144814790470443	NA	"prevalence"	47	4
"14-2 sp910578825"	"Sex"	"M"	"SexM"	-1.68588374496658	0	0.744545759419481	0.0235549446428433	0.193987305978601	0.0465550538685592	0.206172381417905	NA	"prevalence"	47	17
"MGYG000401219"	"Sex"	"M"	"SexM"	-2.00399638210346	0	0.885483772872074	0.0236254851455177	0.194441736652772	0.00027396855276393	0.0289016377751561	NA	"prevalence"	47	31
"MGYG000325379"	"Sex"	"M"	"SexM"	0.73726909103946	-0.415249466173014	0.470296041267372	0.0236594080128223	0.194468043263834	0.0467590484381274	0.206634726494618	NA	"abundance"	47	26
"RGIG4057 sp910587085"	"Sequencing_Depth"	"Sequencing_Depth"	"Sequencing_Depth"	1.13917155601772	0	0.503421649778208	0.0236444627366134	0.194468043263834	0.0401001685201576	0.188574844378226	NA	"prevalence"	47	32
"CAJUPY01 sp910588035"	"Sequencing_Depth"	"Sequencing_Depth"	"Sequencing_Depth"	1.35736601070359	0	0.600420219529725	0.0237782511944087	0.195191377184711	0.046991097158953	0.207324016678826	NA	"prevalence"	47	33
"MGYG000329414"	"Sequencing_Depth"	"Sequencing_Depth"	"Sequencing_Depth"	1.35736601070359	0	0.600420219529725	0.0237782511944087	0.195191377184711	0.046991097158953	0.207324016678826	NA	"prevalence"	47	33
"Faecousia sp900544705"	"Sequencing_Depth"	"Sequencing_Depth"	"Sequencing_Depth"	1.02971651583808	0	0.455797102164958	0.0238737157778735	0.195848019647649	0.0238737157778735	0.146060981620493	NA	"prevalence"	47	7
"CAG-95 sp011959285"	"Genotype"	"MUT"	"GenotypeMUT"	0.830158068667554	0.195151488441185	0.144261296401488	0.0239478125972027	0.195947906823136	0.0473221274662146	0.208394266000751	NA	"abundance"	47	8
"MGBC163016 sp910588905"	"Sex"	"M"	"SexM"	-2.27513380908912	-0.415249466173014	0.787501311181073	0.0239069608760722	0.195947906823136	0.0239069608760722	0.146060981620493	NA	"abundance"	47	41
"CAJUPY01 sp910588035"	"Genotype"	"MUT"	"GenotypeMUT"	-1.9995420763829	0	0.885510671151479	0.0239415071601747	0.195947906823136	0.0473098185552488	0.208394266000751	NA	"prevalence"	47	33
"MGYG000329414"	"Genotype"	"MUT"	"GenotypeMUT"	-1.9995420763829	0	0.885510671151479	0.0239415071601747	0.195947906823136	0.0473098185552488	0.208394266000751	NA	"prevalence"	47	33
"UBA7177 sp910579545"	"Sex"	"M"	"SexM"	-2.96950361788215	0	1.31533935920881	0.0239709179536647	0.196010258047473	0.0239709179536647	0.146060981620493	NA	"prevalence"	47	9
"MGBC163016 sp910588205"	"Sex"	"M"	"SexM"	-2.48979577266463	-0.415249466173014	0.88040081522967	0.02404010325803	0.196449081368717	0.02404010325803	0.146060981620493	NA	"abundance"	47	42
"Lactobacillus intestinalis"	"Genotype"	"MUT"	"GenotypeMUT"	-2.00809992932734	0	0.890050421579612	0.0240603474405446	0.196487663162847	0.0475417945621294	0.209231260252261	NA	"prevalence"	47	38
"Coproplasma sp003979335"	"Sequencing_Depth"	"Sequencing_Depth"	"Sequencing_Depth"	1.22678576897327	0	0.543863547322487	0.0240902592493536	0.196605094505685	0.0369926272732265	0.181648203758545	NA	"prevalence"	47	32
"MGYG000410353"	"Genotype"	"MUT"	"GenotypeMUT"	1.93869845794688	0.195151488441185	0.727268819712393	0.024126438424855	0.196773490709932	0.024126438424855	0.146060981620493	NA	"abundance"	47	31
"CAG-41 sp910578235"	"Sex"	"M"	"SexM"	-2.74390625756882	0	1.21708534519907	0.0241653839724171	0.196901725100841	0.0241653839724171	0.146060981620493	NA	"prevalence"	47	6
"CAG-95 sp014804245"	"Sequencing_Depth"	"Sequencing_Depth"	"Sequencing_Depth"	0.859006321471583	0	0.381067124475949	0.0241827951774223	0.196901725100841	0.0153978185776059	0.121872095975945	NA	"prevalence"	47	13
"QXXE01 sp910589115"	"Sequencing_Depth"	"Sequencing_Depth"	"Sequencing_Depth"	1.37078565833781	0	0.608125419144671	0.0241888278189135	0.196901725100841	0.0241888278189135	0.146060981620493	NA	"prevalence"	47	8
"Alistipes sp900541585"	"Sequencing_Depth"	"Sequencing_Depth"	"Sequencing_Depth"	1.21377119666504	0	0.538579745342203	0.0242180837075812	0.197013177101905	0.0242180837075812	0.146060981620493	NA	"prevalence"	47	5
"14-2 sp910583835"	"Sequencing_Depth"	"Sequencing_Depth"	"Sequencing_Depth"	1.96432337168272	0	0.871734434699293	0.0242370473214815	0.197040812456848	0.0478866601800993	0.210617868172334	NA	"prevalence"	47	38
"MGYG000353267"	"Sex"	"M"	"SexM"	-2.35624491907862	-0.415249466173014	0.827846590111398	0.0243497078245201	0.197783561629863	0.0243497078245201	0.146222374599582	NA	"abundance"	47	44
"Kineothrix sp009911195"	"Genotype"	"MUT"	"GenotypeMUT"	-2.47181838938067	0	1.09789853865456	0.0243596597077703	0.197783561629863	0.0481259263944622	0.211407114826637	NA	"prevalence"	47	17
"MGYG000410931"	"Sequencing_Depth"	"Sequencing_Depth"	"Sequencing_Depth"	0.842527260808418	0	0.374381697661534	0.0244203992800343	0.198149624414535	0.0482444426590724	0.211796099822561	NA	"prevalence"	47	11
"CAG-269 sp022792395"	"Sequencing_Depth"	"Sequencing_Depth"	"Sequencing_Depth"	0.864677407613021	0	0.384280722741049	0.0244413836900529	0.198192847372639	0.0482853861434214	0.211844263973744	NA	"prevalence"	47	22
"MGYG000325628"	"Sequencing_Depth"	"Sequencing_Depth"	"Sequencing_Depth"	0.891052634991619	0	0.396144641306958	0.0244926946861294	0.198481772943038	0.0483854972792708	0.212039774557169	NA	"prevalence"	47	14
"JAAWJJ01 sp022796875"	"Sex"	"M"	"SexM"	-1.54843872249104	0	0.688592486983639	0.024531515500205	0.198669176712473	0.0484612357476733	0.212116388257736	NA	"prevalence"	47	26
"MGYG000335786"	"Site"	"Jejunum"	"SiteJejunum"	-1.09020915679673	0.0793922236573236	0.490325762662914	0.024571818895032	0.198670321281084	0.0485398635062538	0.212234740613708	NA	"abundance"	47	32
"CAG-485 sp910583775"	"Sex"	"M"	"SexM"	-1.77910847223803	0	0.791600324700751	0.0246091597296594	0.198670321281084	0.0486127087167188	0.212234740613708	NA	"prevalence"	47	31
"Duncaniella sp910578615"	"Sequencing_Depth"	"Sequencing_Depth"	"Sequencing_Depth"	1.5750789393403	0	0.700748053273367	0.0245946394466318	0.198670321281084	0.0485843826037538	0.212234740613708	NA	"prevalence"	47	34
"MGYG000325414"	"Sequencing_Depth"	"Sequencing_Depth"	"Sequencing_Depth"	0.861436365628833	0	0.383291937009709	0.0246101330201248	0.198670321281084	0.0486146073929814	0.212234740613708	NA	"prevalence"	47	15
"MGYG000331169"	"Genotype"	"MUT"	"GenotypeMUT"	2.06239540804151	0.195151488441185	0.767580034605803	0.0246382196078156	0.198770289226087	0.0486693973501884	0.2123427780686	NA	"abundance"	47	25
"MGYG000325667"	"Sequencing_Depth"	"Sequencing_Depth"	"Sequencing_Depth"	1.23068875702668	0	0.547788896024463	0.0246625402085261	0.1988397668532	0.0487168395275151	0.21241864391146	NA	"prevalence"	47	31
"CAG-485 sp900760815"	"Sequencing_Depth"	"Sequencing_Depth"	"Sequencing_Depth"	1.60737728973408	0	0.715801621221969	0.0247320436808339	0.199048722350906	0.0488524133770372	0.212646760435212	NA	"prevalence"	47	33
"MGYG000326866"	"Sequencing_Depth"	"Sequencing_Depth"	"Sequencing_Depth"	1.27665483065656	0	0.568537569381471	0.0247356328217708	0.199048722350906	0.0488594141124482	0.212646760435212	NA	"prevalence"	47	35
"MGYG000410975"	"Genotype"	"MUT"	"GenotypeMUT"	2.72442455548276	0	1.21302652019874	0.0247057509613575	0.199048722350906	0.0247057509613575	0.147358858898628	NA	"prevalence"	47	8
"Acetatifactor sp910586515"	"Genotype"	"MUT"	"GenotypeMUT"	3.38878067868902	0.195151488441185	1.15807444960797	0.0247860152272055	0.199327433764909	0.0247860152272055	0.147475018134812	NA	"abundance"	47	13
"Acetatifactor sp910584375"	"Sequencing_Depth"	"Sequencing_Depth"	"Sequencing_Depth"	0.837422683938804	0	0.373299080814775	0.0248773276201588	0.199807876279169	0.049135773810797	0.21358650018125	NA	"prevalence"	47	14
"UBA3402 sp021769025"	"Sequencing_Depth"	"Sequencing_Depth"	"Sequencing_Depth"	0.879970447437769	0	0.392263726006372	0.0248766160502823	0.199807876279169	0.0491343860744515	0.21358650018125	NA	"prevalence"	47	13
"CAG-317 sp011960265"	"Sex"	"M"	"SexM"	0.543441176055218	-0.415249466173014	0.40139827388316	0.0249800717435177	0.20049852255598	0.0493361395027241	0.214034871641648	NA	"abundance"	47	33
"MGYG000325710"	"Sex"	"M"	"SexM"	-1.58838493916953	0	0.708632201762283	0.0249949967288147	0.20049852255598	0.0493652435961559	0.214034871641648	NA	"prevalence"	47	29
"MGYG000410874"	"Sequencing_Depth"	"Sequencing_Depth"	"Sequencing_Depth"	0.944442250358533	0	0.42143007557951	0.0250233928567151	0.200599180988157	0.0494206155233687	0.214034871641648	NA	"prevalence"	47	21
"Dysosmobacter sp910586735"	"Sequencing_Depth"	"Sequencing_Depth"	"Sequencing_Depth"	2.01626002039955	0	0.900087129946276	0.0250862458662442	0.200975759604379	0.0495431720008268	0.214434255788024	NA	"prevalence"	47	39
"MGYG000345025"	"Genotype"	"MUT"	"GenotypeMUT"	1.15424162853029	0.195151488441185	0.301115763355381	0.0251521089569793	0.20124866951798	0.0251521089569793	0.148393243829657	NA	"abundance"	47	10
"MGYG000392954"	"Sex"	"M"	"SexM"	-2.13057762402273	-0.415249466173014	0.733812584944653	0.0251379457921758	0.20124866951798	0.0251379457921758	0.148393243829657	NA	"abundance"	47	42
"MGYG000410140"	"Sequencing_Depth"	"Sequencing_Depth"	"Sequencing_Depth"	0.915476358468071	0	0.409052799616486	0.0252184737367278	0.201524899343119	0.0498009760558456	0.2152864212616	NA	"prevalence"	47	23
"Roseburia sp910577925"	"Sex"	"M"	"SexM"	-2.34927100881636	0	1.04964582537824	0.0252108896299629	0.201524899343119	0.0497861903039917	0.2152864212616	NA	"prevalence"	47	13
"MGYG000410260"	"Sequencing_Depth"	"Sequencing_Depth"	"Sequencing_Depth"	-0.878830180297528	-0.534932639053454	0.142935820830621	0.0253491472616004	0.201904942591324	0.0061124316379618	0.10094081032036	NA	"abundance"	47	28
"Anaerocaecibacter sp910586925"	"Sex"	"M"	"SexM"	3.9377560327126	0	1.76081408547192	0.0253303608854529	0.201904942591324	0.0253303608854529	0.148947579649235	NA	"prevalence"	47	6
"Bacteroides acidifaciens"	"Sex"	"M"	"SexM"	-2.52195325932257	0	1.12808558816803	0.0253776871277293	0.201904942591324	0.0501113472515056	0.215967684374172	NA	"prevalence"	47	38
"Lentihominibacter faecis"	"Sex"	"M"	"SexM"	3.9377560327126	0	1.76081408547192	0.0253303608854529	0.201904942591324	0.0253303608854529	0.148947579649235	NA	"prevalence"	47	6
"MGYG000324412"	"Sex"	"M"	"SexM"	-2.52195325932257	0	1.12808558816803	0.0253776871277293	0.201904942591324	0.0501113472515056	0.215967684374172	NA	"prevalence"	47	38
"MGYG000327170"	"Sex"	"M"	"SexM"	-2.52195325932257	0	1.12808558816803	0.0253776871277293	0.201904942591324	0.0501113472515056	0.215967684374172	NA	"prevalence"	47	38
"UBA3282 sp910588215"	"Sequencing_Depth"	"Sequencing_Depth"	"Sequencing_Depth"	1.66409333607521	0	0.744010893570804	0.0253091037591289	0.201904942591324	0.0499776567851675	0.215786242002177	NA	"prevalence"	47	36
"Dysosmobacter sp910584075"	"Genotype"	"MUT"	"GenotypeMUT"	1.00011554722848	0.195151488441185	0.319575132405754	0.0254093789285814	0.202030099546472	0.0254093789285814	0.14926265635508	NA	"abundance"	47	19
"Ventrimonas sp910588125"	"Sex"	"M"	"SexM"	0.370733714552254	-0.415249466173014	0.308119993518471	0.0254766737286378	0.202438001291336	0.0503042865530002	0.216667091624988	NA	"abundance"	47	18
"Coproplasma sp910587825"	"Sequencing_Depth"	"Sequencing_Depth"	"Sequencing_Depth"	1.47911633090257	0	0.662247807330698	0.0255173974843818	0.202634389810104	0.0255173974843818	0.149549722570158	NA	"prevalence"	47	4
"Eubacterium_J sp910586445"	"Genotype"	"MUT"	"GenotypeMUT"	1.31193100128226	0.195151488441185	0.406034002109158	0.025552103032655	0.202650193272227	0.0504512960959186	0.217035764337159	NA	"abundance"	47	13
"Acetatifactor sp910578185"	"Sequencing_Depth"	"Sequencing_Depth"	"Sequencing_Depth"	0.905261474343109	0	0.405370811967182	0.0255378109645521	0.202650193272227	0.050423442140243	0.217035764337159	NA	"prevalence"	47	18
"Anaerotardibacter sp000434775"	"Sequencing_Depth"	"Sequencing_Depth"	"Sequencing_Depth"	0.978874978028454	0	0.43847027111166	0.0255834262007441	0.202650193272227	0.0255834262007441	0.14981247422275	NA	"prevalence"	47	6
"MGBC157735 sp910588155"	"Sex"	"M"	"SexM"	2.58982554863873	-0.415249466173014	1.20303169043254	0.025628321932292	0.20270309927645	0.025628321932292	0.14986392100277	NA	"abundance"	47	19
"MGYG000399267"	"Sex"	"M"	"SexM"	-1.50367237418051	-0.415249466173014	0.463779101884777	0.0256346180662633	0.20270309927645	0.0256346180662633	0.14986392100277	NA	"abundance"	47	39
"Eubacterium_J sp910584345"	"Genotype"	"MUT"	"GenotypeMUT"	2.5453881675168	0	1.14058606887136	0.0256381467800281	0.20270309927645	0.050618978989742	0.217492366868995	NA	"prevalence"	47	11
"MGYG000405682"	"Sequencing_Depth"	"Sequencing_Depth"	"Sequencing_Depth"	1.28493668875591	0	0.576099257994151	0.0257203350009957	0.203225967816856	0.0507791343694279	0.217915556601771	NA	"prevalence"	47	26
"Dysosmobacter sp009773995"	"Sequencing_Depth"	"Sequencing_Depth"	"Sequencing_Depth"	1.81132173075652	0	0.812473473004071	0.0257878447088142	0.203505323144744	0.0509106764829024	0.218082825079487	NA	"prevalence"	47	38
"MGYG000410574"	"Sequencing_Depth"	"Sequencing_Depth"	"Sequencing_Depth"	2.32878757341889	0	1.04458202022958	0.0257875302278419	0.203505323144744	0.050910063740432	0.218082825079487	NA	"prevalence"	47	39
"Bifidobacterium longum"	"Genotype"	"MUT"	"GenotypeMUT"	-1.77871271674884	0	0.798106558829315	0.0258361557191396	0.203505948408755	0.0510048044959356	0.218221524320383	NA	"prevalence"	47	26
"Dysosmobacter sp000403435"	"Sequencing_Depth"	"Sequencing_Depth"	"Sequencing_Depth"	1.81051772871325	0	0.812248528853865	0.0258126139913964	0.203505948408755	0.050958936941724	0.218157338766872	NA	"prevalence"	47	38
"MGYG000325515"	"Site"	"Jejunum"	"SiteJejunum"	-0.835206941897698	0.0793922236573236	0.371165936386286	0.0259172892045054	0.203891265848744	0.0511628725293009	0.218593947841056	NA	"abundance"	47	21
"UBA7173 sp002491305"	"Genotype"	"MUT"	"GenotypeMUT"	-2.3141184705035	0.195151488441185	1.07641542232908	0.0259122558011735	0.203891265848744	0.0259122558011735	0.150614986844321	NA	"abundance"	47	39
"1XD42-69 sp011959925"	"Sequencing_Depth"	"Sequencing_Depth"	"Sequencing_Depth"	2.07706729983248	0	0.932653601428333	0.0259438537338519	0.203971639137187	0.0512146239211402	0.218593947841056	NA	"prevalence"	47	39
"Collinsella aerofaciens_J"	"Sex"	"M"	"SexM"	-2.1366732050083	0	0.959728087914121	0.0259919619156488	0.203971639137187	0.051308341747073	0.218593947841056	NA	"prevalence"	47	12
"MGYG000410400"	"Sequencing_Depth"	"Sequencing_Depth"	"Sequencing_Depth"	1.34307004901181	0	0.603221872958714	0.0259810917749639	0.203971639137187	0.0512871664201088	0.218593947841056	NA	"prevalence"	47	25
"MGYG000410841"	"Sequencing_Depth"	"Sequencing_Depth"	"Sequencing_Depth"	0.894958815577123	0	0.401949769310236	0.0259777704487806	0.203971639137187	0.0512806963400716	0.218593947841056	NA	"prevalence"	47	18
"Duncaniella sp910589485"	"Sex"	"M"	"SexM"	1.47049938431349	-0.415249466173014	0.81512221999453	0.0260530529498781	0.204324376852266	0.0514273443317471	0.218941207371767	NA	"abundance"	47	46
"Caccovicinus sp910585635"	"Sequencing_Depth"	"Sequencing_Depth"	"Sequencing_Depth"	0.976743989304482	0	0.438981741842127	0.0260797680050667	0.204407246692343	0.0514793817109353	0.218941207371767	NA	"prevalence"	47	25
"Prevotella rodentium"	"Sequencing_Depth"	"Sequencing_Depth"	"Sequencing_Depth"	-0.0537049605532769	-0.534932639053454	0.191099416339233	0.0261210791068942	0.204604343647937	0.0125634960972118	0.114431430947284	NA	"abundance"	47	18
"14-2 sp910588885"	"Sequencing_Depth"	"Sequencing_Depth"	"Sequencing_Depth"	0.956667085726266	0	0.430178582708176	0.0261562782256957	0.204753351750684	0.0516284055607714	0.219296616889142	NA	"prevalence"	47	7
"MGYG000325442"	"Sex"	"M"	"SexM"	-1.96079675129753	0	0.881894997367807	0.0261894956150782	0.204886672123399	0.0516931015495843	0.219439544596073	NA	"prevalence"	47	36
"Blautia_A wexlerae"	"Genotype"	"MUT"	"GenotypeMUT"	2.58884102402363	0	1.16456298998122	0.0262147868597534	0.204957857980704	0.0262147868597534	0.151174599170919	NA	"prevalence"	47	7
"Angelakisella sp022795575"	"Sequencing_Depth"	"Sequencing_Depth"	"Sequencing_Depth"	1.89731902527801	0	0.853700086393962	0.0262518602251839	0.205121016500233	0.0518145602850853	0.219559539625289	NA	"prevalence"	47	38
"Dielma fastidiosa"	"Genotype"	"MUT"	"GenotypeMUT"	-1.45311593786303	0.195151488441185	0.477484955614834	0.0263522650515647	0.205135363278642	0.0263522650515647	0.151799355651556	NA	"abundance"	47	9
"Acutalibacter sp009917525"	"Sequencing_Depth"	"Sequencing_Depth"	"Sequencing_Depth"	0.946151406522892	0	0.42610102903606	0.0263857891024843	0.205135363278642	0.0520753683384079	0.219593379002151	NA	"prevalence"	47	29
"Acutalibacter sp910589395"	"Sequencing_Depth"	"Sequencing_Depth"	"Sequencing_Depth"	1.25460129510225	0	0.564736966736393	0.0263125478368869	0.205135363278642	0.0519327455001053	0.219593379002151	NA	"prevalence"	47	33
"Adlercreutzia mucosicola"	"Sex"	"M"	"SexM"	-2.51187178967881	0	1.13051739195493	0.0262915475004993	0.205135363278642	0.0082097771446492	0.104464558421264	NA	"prevalence"	47	39
"Anaerotardibacter sp000435675"	"Sequencing_Depth"	"Sequencing_Depth"	"Sequencing_Depth"	1.0374561405374	0	0.467068720012584	0.0263369689224736	0.205135363278642	0.051980301912924	0.219593379002151	NA	"prevalence"	47	26
"MGBC105563 sp910579165"	"Sex"	"M"	"SexM"	-2.51187178967881	0	1.13051739195493	0.0262915475004993	0.205135363278642	0.0518918495310277	0.219593379002151	NA	"prevalence"	47	39
"MGYG000380869"	"Sequencing_Depth"	"Sequencing_Depth"	"Sequencing_Depth"	2.22478678894871	0	1.00178096477858	0.026362371713064	0.205135363278642	0.0520297687837903	0.219593379002151	NA	"prevalence"	47	39
"MGYG000410992"	"Sequencing_Depth"	"Sequencing_Depth"	"Sequencing_Depth"	1.04975348635269	0	0.472801618581127	0.0263995502275958	0.205135363278642	0.0521021642029722	0.219593379002151	NA	"prevalence"	47	24
"Parabacteroides faecavium"	"Sequencing_Depth"	"Sequencing_Depth"	"Sequencing_Depth"	1.21419916979515	0	0.546788232016756	0.0263779143380158	0.205135363278642	0.0520600343112079	0.219593379002151	NA	"prevalence"	47	5
"MGYG000329698"	"Sex"	"M"	"SexM"	-1.74346345273425	0	0.785482052859172	0.0264452845831245	0.205364670093981	0.0521912160895665	0.219821492852179	NA	"prevalence"	47	15
"Dysosmobacter sp910583695"	"Sex"	"M"	"SexM"	-1.62597544392781	-0.415249466173014	0.517946664937268	0.0265307171646554	0.205552528097907	0.0265307171646554	0.152454560097386	NA	"abundance"	47	36
"Kineothrix sp910576535"	"Sequencing_Depth"	"Sequencing_Depth"	"Sequencing_Depth"	-1.24738446309103	-0.534932639053454	0.304334535412601	0.0264995241946739	0.205552528097907	0.0522968236068038	0.219821492852179	NA	"abundance"	47	34
"Limosilactobacillus urinaemulieris"	"Sequencing_Depth"	"Sequencing_Depth"	"Sequencing_Depth"	-1.49620837243586	-0.534932639053454	0.387416901200047	0.0265354103504764	0.205552528097907	0.0160462496486039	0.124494942388949	NA	"abundance"	47	19
"MGYG000329984"	"Sequencing_Depth"	"Sequencing_Depth"	"Sequencing_Depth"	-0.02802451615577	-0.534932639053454	0.21890677722651	0.026554619780097	0.205552528097907	0.0524040917285285	0.219821492852179	NA	"abundance"	47	42
"Ventrimonas sp910577765"	"Sex"	"M"	"SexM"	1.54720729099995	-0.415249466173014	0.838430426998495	0.0265669091458505	0.205552528097907	0.0524280176301371	0.219821492852179	NA	"abundance"	47	34
"MGYG000410441"	"Sex"	"M"	"SexM"	3.55588863632642	0	1.60286935398133	0.0265240326692523	0.205552528097907	0.0265240326692523	0.152454560097386	NA	"prevalence"	47	6
"COE1 sp910588755"	"Sequencing_Depth"	"Sequencing_Depth"	"Sequencing_Depth"	-1.03062700448169	-0.534932639053454	0.120265185758147	0.0266153122521828	0.205801235484502	0.0525222496580845	0.220051725301328	NA	"abundance"	47	8
"Dysosmobacter sp910588175"	"Sex"	"M"	"SexM"	-2.12111619316087	-0.415249466173014	0.728097956338146	0.0267202951423795	0.206486871741294	0.0267202951423795	0.152964042214422	NA	"abundance"	47	33
"MGYG000405972"	"Sequencing_Depth"	"Sequencing_Depth"	"Sequencing_Depth"	0.16690987791719	-0.534932639053454	0.264935069551485	0.0267504833460707	0.206560098051457	0.0264189529426257	0.152059576057393	NA	"abundance"	47	14
"MGYG000347897"	"Sex"	"M"	"SexM"	-1.73313399179291	0	0.782465330174119	0.0267624080268913	0.206560098051457	0.0528085895703848	0.221120326471256	NA	"prevalence"	47	34
"MGYG000329300"	"Sequencing_Depth"	"Sequencing_Depth"	"Sequencing_Depth"	1.98264795822456	0	0.895515775193438	0.0268306201342068	0.20696038370432	0.0529413580916274	0.221422650794063	NA	"prevalence"	47	39
"MGYG000327182"	"Site"	"Jejunum"	"SiteJejunum"	-0.622105052018381	0.0793922236573236	0.279600562582055	0.0268973491857794	0.207348749082579	0.053071230978337	0.221605877534374	NA	"abundance"	47	18
"MGYG000325437"	"Sequencing_Depth"	"Sequencing_Depth"	"Sequencing_Depth"	0.858380711159898	0	0.388131358043366	0.026996204233099	0.207984146794015	0.0532636134232028	0.222235666868476	NA	"prevalence"	47	19
"MGYG000348373"	"Sequencing_Depth"	"Sequencing_Depth"	"Sequencing_Depth"	0.837922935991826	0	0.379032538086718	0.0270574039354544	0.208242738045184	0.0533827047631824	0.222601154729306	NA	"prevalence"	47	12
"MGYG000410602"	"Sequencing_Depth"	"Sequencing_Depth"	"Sequencing_Depth"	1.14296244603007	0	0.517034247092691	0.0270626721507606	0.208242738045184	0.0270626721507606	0.153884929011726	NA	"prevalence"	47	6
"Alistipes sp910575495"	"Sequencing_Depth"	"Sequencing_Depth"	"Sequencing_Depth"	1.12526163154703	0	0.509149417090467	0.0270995168932342	0.208296404206668	0.0534646499706217	0.22270475454861	NA	"prevalence"	47	28
"MGYG000335786"	"Genotype"	"MUT"	"GenotypeMUT"	-1.60188949216371	0	0.724824566036785	0.0271025578865841	0.208296404206668	0.0534705671291726	0.22270475454861	NA	"prevalence"	47	32
"MGYG000325560"	"Sequencing_Depth"	"Sequencing_Depth"	"Sequencing_Depth"	1.23469070327856	0	0.558962249852525	0.0271817229735306	0.208697326197652	0.0536245998832514	0.223000499584856	NA	"prevalence"	47	26
"Pelethomonas sp910583885"	"Sequencing_Depth"	"Sequencing_Depth"	"Sequencing_Depth"	1.8339725284	0	0.830298040100852	0.027187698759672	0.208697326197652	0.0536362265554973	0.223000499584856	NA	"prevalence"	47	39
"CAG-603 sp910583605"	"Genotype"	"MUT"	"GenotypeMUT"	1.51160513726421	0.195151488441185	0.555535629433791	0.0273608764274438	0.209127280503665	0.0273608764274438	0.154870243458871	NA	"abundance"	47	27
"Caccovicinus sp910585635"	"Sex"	"M"	"SexM"	-1.47754150964441	0	0.669489746741126	0.0273163929075866	0.209127280503665	0.0538866004936915	0.22347261507442	NA	"prevalence"	47	25
"CAG-873 sp910587915"	"Sex"	"M"	"SexM"	-1.73278175116227	0	0.785197469706415	0.0273273251866592	0.209127280503665	0.053907867671461	0.22347261507442	NA	"prevalence"	47	34
"Choladousia sp003612585"	"Sequencing_Depth"	"Sequencing_Depth"	"Sequencing_Depth"	1.29045105650602	0	0.585005101409436	0.0273924025181764	0.209127280503665	0.0540344613206349	0.223587720789239	NA	"prevalence"	47	35
"Eubacterium_J sp009774535"	"Sequencing_Depth"	"Sequencing_Depth"	"Sequencing_Depth"	1.16924170810354	0	0.52990963613762	0.0273495255145859	0.209127280503665	0.0273495255145859	0.154870243458871	NA	"prevalence"	47	7
"MGYG000324324"	"Genotype"	"MUT"	"GenotypeMUT"	1.47925086148386	0	0.670534000581052	0.0273784809126169	0.209127280503665	0.0540073806081512	0.223587720789239	NA	"prevalence"	47	24
"MGYG000330978"	"Sex"	"M"	"SexM"	-1.45709890748416	0	0.660190402509644	0.0273078492991338	0.209127280503665	0.0538699799649234	0.22347261507442	NA	"prevalence"	47	27
"MGYG000349464"	"Sequencing_Depth"	"Sequencing_Depth"	"Sequencing_Depth"	1.07432758137313	0	0.486659623157971	0.0272753524389985	0.209127280503665	0.0538067600273254	0.223446639173405	NA	"prevalence"	47	14
"MGYG000410706"	"Sequencing_Depth"	"Sequencing_Depth"	"Sequencing_Depth"	2.2389460898399	0	1.01489293086032	0.0273776336405936	0.209127280503665	0.0540057324574286	0.223587720789239	NA	"prevalence"	47	39
"Muribaculum sp910589555"	"Genotype"	"MUT"	"GenotypeMUT"	-1.23273795308826	0.195151488441185	0.617816912741835	0.0274645579803272	0.209551763059061	0.0274645579803272	0.155047520610985	NA	"abundance"	47	38
"Fimiplasma sp910588165"	"Sequencing_Depth"	"Sequencing_Depth"	"Sequencing_Depth"	0.361349586385542	-0.534932639053454	0.360883289264915	0.0275337575851066	0.209826793204262	0.040056752247081	0.188574844378226	NA	"abundance"	47	18
"UBA866 sp022791945"	"Sequencing_Depth"	"Sequencing_Depth"	"Sequencing_Depth"	0.913680889155865	0	0.414553664965479	0.027523561765761	0.209826793204262	0.027523561765761	0.155132802679744	NA	"prevalence"	47	9
"MGBC163016 sp910588435"	"Sex"	"M"	"SexM"	-1.91506671986948	0	0.869165237148612	0.0275707785931482	0.20985623297178	0.00060001487485402	0.0481921038121388	NA	"prevalence"	47	29
"MGYG000322940"	"Sequencing_Depth"	"Sequencing_Depth"	"Sequencing_Depth"	0.976731830831353	0	0.443259732409354	0.0275580958392947	0.20985623297178	0.0543567430323016	0.224543226038754	NA	"prevalence"	47	7
"MGYG000327199"	"Sex"	"M"	"SexM"	-1.83185644261047	0	0.831496001513309	0.0275887519389831	0.209866840170462	0.0544163646444156	0.224658215716547	NA	"prevalence"	47	15
"MGYG000323043"	"Sequencing_Depth"	"Sequencing_Depth"	"Sequencing_Depth"	-1.15266431128288	-0.534932639053454	0.26361857899595	0.0276185512442666	0.209967340330286	0.0220374651259708	0.141472119446287	NA	"abundance"	47	30
"Sporofaciens sp910574885"	"Genotype"	"MUT"	"GenotypeMUT"	1.13243947732607	0.195151488441185	0.408529131188976	0.0276933727547749	0.21040979131449	0.0276933727547749	0.155717389523269	NA	"abundance"	47	46
"Kineothrix sp910576535"	"Sequencing_Depth"	"Sequencing_Depth"	"Sequencing_Depth"	1.09816796184976	0	0.499474352466292	0.0279030072918218	0.211748361091056	0.0522968236068038	0.219821492852179	NA	"prevalence"	47	34
"Pelethomonas sp014237695"	"Sequencing_Depth"	"Sequencing_Depth"	"Sequencing_Depth"	1.49630876593521	0	0.680494709029754	0.0278882789134343	0.211748361091056	0.0549988017261152	0.22693025720968	NA	"prevalence"	47	36
"1XD42-69 sp910585825"	"Sex"	"M"	"SexM"	-1.8494081996842	0	0.841270824742412	0.0279241330555067	0.211781711334094	0.0550685089041117	0.227051453453501	NA	"prevalence"	47	18
"UBA3402 sp910586845"	"Sex"	"M"	"SexM"	3.58677216080169	-0.415249466173014	1.55762079092557	0.027999563114053	0.211884807258819	0.0552151506935283	0.227051453453501	NA	"abundance"	47	15
"CAG-475 sp910577815"	"Sequencing_Depth"	"Sequencing_Depth"	"Sequencing_Depth"	1.88694450762011	0	0.858786945355625	0.0280046834052776	0.211884807258819	0.0552251045179253	0.227051453453501	NA	"prevalence"	47	37
"Dubosiella sp004793885"	"Sequencing_Depth"	"Sequencing_Depth"	"Sequencing_Depth"	1.25609905284136	0	0.571652482846228	0.0279981471887007	0.211884807258819	0.0552123981314013	0.227051453453501	NA	"prevalence"	47	35
"MGYG000325342"	"Sequencing_Depth"	"Sequencing_Depth"	"Sequencing_Depth"	0.866728978212678	0	0.394343316171234	0.027955906913074	0.211884807258819	0.0551302810948155	0.227051453453501	NA	"prevalence"	47	23
"CAG-485 sp910589425"	"Genotype"	"MUT"	"GenotypeMUT"	-0.907877547681976	0.195151488441185	0.472417446434725	0.0280792064550512	0.212239948143606	0.0553699710749571	0.227051453453501	NA	"abundance"	47	31
"MGYG000324920"	"Sequencing_Depth"	"Sequencing_Depth"	"Sequencing_Depth"	-0.954821745971823	-0.534932639053454	0.123394714007427	0.0280851566709227	0.212239948143606	0.0553815373166152	0.227051453453501	NA	"abundance"	47	9
"CAG-95 sp011959285"	"Sex"	"M"	"SexM"	0.498642230206068	-0.415249466173014	0.223753369812316	0.0281750535973579	0.21253863434765	0.0555562735495019	0.227372172233862	NA	"abundance"	47	8
"MGYG000324324"	"Sequencing_Depth"	"Sequencing_Depth"	"Sequencing_Depth"	0.955351662799281	0	0.435219081257386	0.0281560532211756	0.21253863434765	0.0555193431093574	0.227372172233862	NA	"prevalence"	47	24
"SIG307 sp910579465"	"Sequencing_Depth"	"Sequencing_Depth"	"Sequencing_Depth"	2.3784899284396	0	1.08358545545433	0.0281622834576584	0.21253863434765	0.0555314527057672	0.227372172233862	NA	"prevalence"	47	39
"Collinsella stercoris"	"Sequencing_Depth"	"Sequencing_Depth"	"Sequencing_Depth"	0.940593078863936	0	0.428594522552207	0.0281923806681873	0.212542676889765	0.0555899510086346	0.227378341278374	NA	"prevalence"	47	6
"Zhenpiania sp910583765"	"Sequencing_Depth"	"Sequencing_Depth"	"Sequencing_Depth"	0.912031982448742	0	0.415676269857759	0.0282287955619822	0.212690532275935	0.0556607262250843	0.227536155557487	NA	"prevalence"	47	8
"MGYG000325437"	"Genotype"	"MUT"	"GenotypeMUT"	-0.904225945487886	0.195151488441185	0.447637172187933	0.0282518126778615	0.212737325922886	0.055705460436138	0.227587395585331	NA	"abundance"	47	19
"Bacteroides nordii"	"Genotype"	"MUT"	"GenotypeMUT"	2.23623769123466	0	1.01956692322902	0.0282842492398438	0.212854950581417	0.00466624687223753	0.0969070864510174	NA	"prevalence"	47	34
"Alistipes sp910576555"	"Sequencing_Depth"	"Sequencing_Depth"	"Sequencing_Depth"	-1.80354978044535	-0.534932639053454	0.543437968832676	0.0283639966523402	0.213328264780346	0.0559234769985865	0.228346120985563	NA	"abundance"	47	29
"Avidehalobacter sp022797295"	"Genotype"	"MUT"	"GenotypeMUT"	1.18160220742015	0.195151488441185	0.428517970972797	0.0284139793301863	0.213577286437944	0.0560206044389964	0.228478726009709	NA	"abundance"	47	38
"14-2 sp000403255"	"Sequencing_Depth"	"Sequencing_Depth"	"Sequencing_Depth"	1.06204690872373	0	0.484885576511971	0.0285021833490201	0.214113137585695	0.056191992242379	0.229045560074472	NA	"prevalence"	47	28
"MGBC163016 sp910580205"	"Genotype"	"MUT"	"GenotypeMUT"	-0.600236570927905	0.195151488441185	0.341087409847187	0.028570680170215	0.214373248129568	0.0563250765750413	0.229292961906216	NA	"abundance"	47	31
"MGYG000410441"	"Genotype"	"MUT"	"GenotypeMUT"	-3.19079566188153	0	1.45739282574334	0.0285687857468588	0.214373248129568	0.0285687857468588	0.159407234629548	NA	"prevalence"	47	6
"MGYG000356933"	"Sequencing_Depth"	"Sequencing_Depth"	"Sequencing_Depth"	0.872227066686215	0	0.39846563647337	0.0285994323988548	0.214461857408	0.056380937264173	0.229292961906216	NA	"prevalence"	47	15
"Desulfovibrio sp910575755"	"Sequencing_Depth"	"Sequencing_Depth"	"Sequencing_Depth"	-0.040558169049156	-0.534932639053454	0.216768769053116	0.0286332506549667	0.214464033800302	0.0564466382668632	0.229292961906216	NA	"abundance"	47	43
"MD308 sp910586965"	"Genotype"	"MUT"	"GenotypeMUT"	1.1761585087715	0.195151488441185	0.424490030202452	0.0286336085576324	0.214464033800302	0.0564473335762331	0.229292961906216	NA	"abundance"	47	35
"Anaerotruncus sp910586875"	"Sex"	"M"	"SexM"	0.616404563931092	-0.415249466173014	0.384499122830212	0.0286553096545985	0.214499650862157	0.0564894925377961	0.229332414277509	NA	"abundance"	47	13
"Sodaliphilus sp004557565"	"Sex"	"M"	"SexM"	0.972691252544065	-0.415249466173014	0.532442197172847	0.0288258030596495	0.21527510364042	0.0568206791972654	0.230280137939376	NA	"abundance"	47	14
"Enterenecus sp932222125"	"Sequencing_Depth"	"Sequencing_Depth"	"Sequencing_Depth"	1.22860048022023	0	0.562190600234129	0.0288609457163686	0.21527510364042	0.0288609457163686	0.160368839876803	NA	"prevalence"	47	3
"Harryflintia sp022792175"	"Sequencing_Depth"	"Sequencing_Depth"	"Sequencing_Depth"	1.22860048022023	0	0.562190600234129	0.0288609457163686	0.21527510364042	0.0288609457163686	0.160368839876803	NA	"prevalence"	47	3
"Lawsonibacter asaccharolyticus"	"Sequencing_Depth"	"Sequencing_Depth"	"Sequencing_Depth"	1.22860048022023	0	0.562190600234129	0.0288609457163686	0.21527510364042	0.0288609457163686	0.160368839876803	NA	"prevalence"	47	3
"MGYG000324647"	"Sequencing_Depth"	"Sequencing_Depth"	"Sequencing_Depth"	1.22860048022023	0	0.562190600234129	0.0288609457163686	0.21527510364042	0.0288609457163686	0.160368839876803	NA	"prevalence"	47	3
"Oscillibacter sp002455655"	"Sequencing_Depth"	"Sequencing_Depth"	"Sequencing_Depth"	1.22860048022023	0	0.562190600234129	0.0288609457163686	0.21527510364042	0.0288609457163686	0.160368839876803	NA	"prevalence"	47	3
"MGYG000330030"	"Sex"	"M"	"SexM"	-1.58841590226366	0	0.72713963412039	0.0289276096978955	0.215645278890437	0.0570184127929573	0.23094907829262	NA	"prevalence"	47	20
"MGYG000325650"	"Sex"	"M"	"SexM"	0.211244297090149	-0.415249466173014	0.267593154820055	0.029013772391417	0.216033135841504	0.0571857457944531	0.23132656178963	NA	"abundance"	47	32
"Paralachnospira_A sp910579325"	"Sequencing_Depth"	"Sequencing_Depth"	"Sequencing_Depth"	0.894903927376482	0	0.40984904951984	0.0289992732079319	0.216033135841504	0.0571575885692754	0.23132656178963	NA	"prevalence"	47	18
"MGYG000327352"	"Sequencing_Depth"	"Sequencing_Depth"	"Sequencing_Depth"	0.832183643422095	0	0.381211084306171	0.029035839690037	0.21607034614726	0.0572285993935685	0.23132656178963	NA	"prevalence"	47	15
"COE1 sp910586715"	"Genotype"	"MUT"	"GenotypeMUT"	-2.39344403326529	0	1.09736290153477	0.029176977176158	0.216993053522801	0.057502658355178	0.232112386781495	NA	"prevalence"	47	10
"MGYG000326286"	"Sex"	"M"	"SexM"	2.97367831456921	0	1.3636357846606	0.0292057346873744	0.217079383248846	0.0292057346873744	0.161281348194584	NA	"prevalence"	47	6
"Clostridioides difficile"	"Genotype"	"MUT"	"GenotypeMUT"	1.30293959276641	0.195151488441185	0.458302317943149	0.0292829495507538	0.21722913189209	0.00394073671127715	0.0924413033859377	NA	"abundance"	47	20
"COE1 sp000403215"	"Sequencing_Depth"	"Sequencing_Depth"	"Sequencing_Depth"	-1.57999687920714	-0.534932639053454	0.438757400123631	0.0292849846793726	0.21722913189209	0.0235867409325968	0.144840212781576	NA	"abundance"	47	22
"MGBC163016 sp910589125"	"Genotype"	"MUT"	"GenotypeMUT"	-0.533383504046866	0.195151488441185	0.315563891958077	0.0292945274245376	0.21722913189209	0.0577308855120483	0.232767768852914	NA	"abundance"	47	34
"RGIG7179 sp022793795"	"Sequencing_Depth"	"Sequencing_Depth"	"Sequencing_Depth"	1.49863722869704	0	0.687592505580037	0.029291375911697	0.21722913189209	0.029291375911697	0.161429895575413	NA	"prevalence"	47	3
"CAG-485 sp910578075"	"Sequencing_Depth"	"Sequencing_Depth"	"Sequencing_Depth"	1.63386170083678	0	0.749896986501156	0.0293479019544047	0.217395741094364	0.057834504559684	0.232946733262696	NA	"prevalence"	47	37
"MGYG000325483"	"Genotype"	"MUT"	"GenotypeMUT"	2.09549303498549	0	0.961793350734318	0.0293513447250962	0.217395741094364	0.0578411880130209	0.232946733262696	NA	"prevalence"	47	9
"MGYG000402809"	"Sequencing_Depth"	"Sequencing_Depth"	"Sequencing_Depth"	1.06833291695155	0	0.490436653201822	0.0293814708245659	0.217472712820541	0.057899670821317	0.23304947230357	NA	"prevalence"	47	25
"MGYG000411369"	"Genotype"	"MUT"	"GenotypeMUT"	2.45822520496688	0	1.1285925269702	0.0293960982490082	0.217472712820541	0.0293960982490082	0.16168997854007	NA	"prevalence"	47	8
"Coproplasma sp910586035"	"Site"	"Jejunum"	"SiteJejunum"	-3.04550782649022	0.0793922236573236	0.94143897454563	0.0294258674698922	0.217565788804845	0.0294258674698922	0.16172786257947	NA	"abundance"	47	9
"Evtepia sp022792035"	"Genotype"	"MUT"	"GenotypeMUT"	-1.89341373393466	0	0.869696443259654	0.0294733122929694	0.217789367778405	0.05807794844842	0.233531102981697	NA	"prevalence"	47	31
"CAG-485 sp910584525"	"Sequencing_Depth"	"Sequencing_Depth"	"Sequencing_Depth"	1.72055959741866	0	0.790416918842761	0.0294973772674936	0.217840024184326	0.0581246592693263	0.233556049866742	NA	"prevalence"	47	37
"MGYG000352925"	"Genotype"	"MUT"	"GenotypeMUT"	1.98736880743206	0.195151488441185	0.749150764360633	0.029542167421134	0.218043589047647	0.029542167421134	0.161987961322771	NA	"abundance"	47	21
"MGYG000410288"	"Genotype"	"MUT"	"GenotypeMUT"	-0.708794282191389	0.195151488441185	0.384097881463604	0.0296134059710886	0.218442012110746	0.0583498581289688	0.234327725713381	NA	"abundance"	47	25
"Alistipes_A ihumii"	"Genotype"	"MUT"	"GenotypeMUT"	-2.99375121898197	0	1.37685386051207	0.0296794581087986	0.21880173601699	0.0296794581087986	0.161987961322771	NA	"prevalence"	47	7
"Acetatifactor sp910586775"	"Genotype"	"MUT"	"GenotypeMUT"	2.15086441500684	0.195151488441185	0.823781258535906	0.0297871425700871	0.219172904187686	0.0297871425700871	0.162264863854642	NA	"abundance"	47	22
"Butyribacter sp910579085"	"Genotype"	"MUT"	"GenotypeMUT"	2.08478706910644	0.195151488441185	0.331645816828635	0.0297990652636283	0.219172904187686	0.0297990652636283	0.162264863854642	NA	"abundance"	47	7
"Dysosmobacter sp910579365"	"Sex"	"M"	"SexM"	-1.9134741071809	-0.415249466173014	0.654007866437001	0.0297930361267256	0.219172904187686	0.0297930361267256	0.162264863854642	NA	"abundance"	47	34
"UBA7173 sp910579105"	"Sex"	"M"	"SexM"	-1.86439045443443	0	0.857846210572058	0.0297548272405382	0.219172904187686	0.0586243047369621	0.235296187325865	NA	"prevalence"	47	29
"Pelethenecus sp910579215"	"Sex"	"M"	"SexM"	2.61076543213688	0	1.20249688557804	0.0299220778266932	0.219949861283556	0.0589488249119198	0.236464412302752	NA	"prevalence"	47	7
"Choladocola sp910585995"	"Sex"	"M"	"SexM"	-2.23192809409033	0	1.0282698760562	0.0299639605171608	0.220129896823112	0.0590300821044476	0.236656052362017	NA	"prevalence"	47	31
"MGYG000325671"	"Site"	"Jejunum"	"SiteJejunum"	1.65576001476697	0	0.763584020085174	0.0301278251150628	0.221205342405142	0.0593479643839617	0.237660856807842	NA	"prevalence"	47	17
"CAG-485 sp910589425"	"Site"	"Jejunum"	"SiteJejunum"	1.09841261310079	0.0793922236573236	0.443126716742749	0.0301680877939106	0.221244296231356	0.0301680877939106	0.163790429560499	NA	"abundance"	47	31
"MGYG000326780"	"Sequencing_Depth"	"Sequencing_Depth"	"Sequencing_Depth"	0.863202107749641	0	0.398144162298953	0.030153801638102	0.221244296231356	0.0593983515229741	0.23772794369444	NA	"prevalence"	47	9
"CAG-873 sp014801485"	"Genotype"	"MUT"	"GenotypeMUT"	-0.646246548143887	0.195151488441185	0.25258113674057	0.0302012518273456	0.221359262090643	0.0594903880427524	0.23796155217101	NA	"abundance"	47	9
"Paralachnospira_A sp910588405"	"Genotype"	"MUT"	"GenotypeMUT"	2.06904867939264	0.195151488441185	0.799502498335795	0.0302705486855257	0.221610529358811	0.0302705486855257	0.164199722263466	NA	"abundance"	47	24
"MGYG000331279"	"Sequencing_Depth"	"Sequencing_Depth"	"Sequencing_Depth"	0.961971381847181	0	0.443992807818496	0.0302625203216684	0.221610529358811	0.0596092205071174	0.238167309521937	NA	"prevalence"	47	7
"Megamonas funiformis"	"Sequencing_Depth"	"Sequencing_Depth"	"Sequencing_Depth"	1.03615099207522	0	0.478387708035223	0.0303170630655442	0.221822765481884	0.0597150018181683	0.238455159802719	NA	"prevalence"	47	26
"14-2 sp910586005"	"Sex"	"M"	"SexM"	-2.02908493740839	0	0.937145047753354	0.0303741301932604	0.221994883507492	0.0598256726015238	0.238639311058591	NA	"prevalence"	47	13
"Enterococcus faecalis"	"Sex"	"M"	"SexM"	1.67523270884234	0	0.773723427367191	0.0303756626824914	0.221994883507492	0.0598286444815822	0.238639311058591	NA	"prevalence"	47	18
"MGYG000325674"	"Sex"	"M"	"SexM"	0.959565202720448	-0.415249466173014	0.606324741061962	0.0304966893732221	0.222750775583523	0.0600633306837175	0.239305310751136	NA	"abundance"	47	38
"Staphylococcus nepalensis"	"Genotype"	"MUT"	"GenotypeMUT"	2.41524745124168	0	1.11658319960429	0.030535807820289	0.222907875080288	0.030535807820289	0.164887927190237	NA	"prevalence"	47	7
"Senegalimassilia faecalis"	"Genotype"	"MUT"	"GenotypeMUT"	-1.95594693656395	0	0.904412493737837	0.0305664706184679	0.223003103797445	0.0601986321108661	0.239709257329353	NA	"prevalence"	47	23
"MGYG000329858"	"Sequencing_Depth"	"Sequencing_Depth"	"Sequencing_Depth"	1.77492036262937	0	0.820897083170736	0.0306049514732002	0.223155227965304	0.0602732398917235	0.239871204704224	NA	"prevalence"	47	38
"MGYG000331109"	"Sex"	"M"	"SexM"	-1.70077590929391	-0.415249466173014	0.565038736272302	0.0307183274027545	0.223760524456439	0.0307183274027545	0.165561425954637	NA	"abundance"	47	35
"HGM11386 sp022791055"	"Genotype"	"MUT"	"GenotypeMUT"	-2.72083366091103	0	1.25927331346953	0.0307233205486878	0.223760524456439	0.0605027186718383	0.240378423593341	NA	"prevalence"	47	9
"COE1 sp002358575"	"Genotype"	"MUT"	"GenotypeMUT"	1.15752536915057	0.195151488441185	0.424070960050636	0.0307700806093107	0.223972214118836	0.0307700806093107	0.165561425954637	NA	"abundance"	47	37
"MGYG000325437"	"Sequencing_Depth"	"Sequencing_Depth"	"Sequencing_Depth"	0.015335001926944	-0.534932639053454	0.228739570484679	0.0308222261691506	0.224185465544739	0.0532636134232028	0.222235666868476	NA	"abundance"	47	19
"Acutalibacter sp003612555"	"Genotype"	"MUT"	"GenotypeMUT"	-1.61381106133043	0	0.747491265917771	0.0308525107425292	0.224185465544739	0.0607531440659405	0.241102314574996	NA	"prevalence"	47	31
"CAG-411 sp014799595"	"Sequencing_Depth"	"Sequencing_Depth"	"Sequencing_Depth"	0.867792699936147	0	0.40194517615468	0.0308515055853523	0.224185465544739	0.0607511957738217	0.241102314574996	NA	"prevalence"	47	9
"MD308 sp000403475"	"Genotype"	"MUT"	"GenotypeMUT"	2.65829102258161	0	1.23199729674886	0.0309505037236519	0.22451087457535	0.0409724266793654	0.190986012397886	NA	"prevalence"	47	39
"Schaedlerella sp943193195"	"Genotype"	"MUT"	"GenotypeMUT"	2.65829102258161	0	1.23199729674886	0.0309505037236519	0.22451087457535	0.060943073766556	0.241584770264733	NA	"prevalence"	47	39
"UBA3282 sp910579505"	"Sequencing_Depth"	"Sequencing_Depth"	"Sequencing_Depth"	0.83359040499367	0	0.386277180794987	0.0309269766150376	0.22451087457535	0.0608974753475282	0.241539481344741	NA	"prevalence"	47	18
"Avimonas_A sp022800315"	"Sequencing_Depth"	"Sequencing_Depth"	"Sequencing_Depth"	-0.93431651507976	-0.534932639053454	0.102535347720679	0.0309775074568943	0.224578058069512	0.0609954089455467	0.241656698669913	NA	"abundance"	47	8
"Duncaniella sp001701225"	"Sex"	"M"	"SexM"	0.618649724929595	-0.415249466173014	0.445598988797707	0.0311014057536805	0.225089533464887	0.0612355140675059	0.242197388171251	NA	"abundance"	47	26
"MGYG000330890"	"Site"	"Jejunum"	"SiteJejunum"	-0.603391129886077	0.0793922236573236	0.27466397676701	0.0310689425801339	0.225089533464887	0.0310689425801339	0.166486191172393	NA	"abundance"	47	16
"Avispirillum sp910586545"	"Sequencing_Depth"	"Sequencing_Depth"	"Sequencing_Depth"	0.938252814485509	0	0.435214011728345	0.0310959743278962	0.225089533464887	0.0612249890363912	0.242197388171251	NA	"prevalence"	47	6
"Sporofaciens sp910575835"	"Genotype"	"MUT"	"GenotypeMUT"	1.53625847912172	0.195151488441185	0.59884333666839	0.0311685003980564	0.225091672523069	0.0311685003980564	0.166893152131411	NA	"abundance"	47	44
"Acutalibacter sp910588415"	"Sequencing_Depth"	"Sequencing_Depth"	"Sequencing_Depth"	0.837495665681767	0	0.388654420893549	0.0311728315636704	0.225091672523069	0.0613739176996437	0.242197388171251	NA	"prevalence"	47	21
"MGYG000325596"	"Site"	"Jejunum"	"SiteJejunum"	2.11644427827945	0	0.981968514171301	0.031137765359698	0.225091672523069	0.0613059702878005	0.242197388171251	NA	"prevalence"	47	19
"Paramuribaculum sp014802045"	"Sequencing_Depth"	"Sequencing_Depth"	"Sequencing_Depth"	0.927783781428141	0	0.430483213740724	0.0311450314687736	0.225091672523069	0.0613200499523564	0.242197388171251	NA	"prevalence"	47	22
"MGYG000432202"	"Genotype"	"MUT"	"GenotypeMUT"	-0.923110278921529	0.195151488441185	0.496512614686173	0.0311943715627394	0.225118788620955	0.0614156543082846	0.242197388171251	NA	"abundance"	47	40
"JAGBWK01 sp001915385"	"Sex"	"M"	"SexM"	0.2412624231783	-0.415249466173014	0.290815209614067	0.0312853650156939	0.225605097010872	0.0312853650156939	0.167116108630841	NA	"abundance"	47	47
"MGYG000328540"	"Sequencing_Depth"	"Sequencing_Depth"	"Sequencing_Depth"	1.18204278439432	0	0.548952227667361	0.0312974048310232	0.225605097010872	0.0616152821128894	0.242616609456213	NA	"prevalence"	47	33
"Merdisoma sp910587955"	"Genotype"	"MUT"	"GenotypeMUT"	1.34293045884817	0.195151488441185	0.351022881517448	0.0313701333336078	0.226000653236658	0.0617561814018473	0.24290077359391	NA	"abundance"	47	9
"MGYG000329148"	"Genotype"	"MUT"	"GenotypeMUT"	2.75856232305256	0	1.28219417741736	0.0314415802018225	0.226386531396285	0.0618945874380574	0.243309757515122	NA	"prevalence"	47	13
"Muribaculum sp009775095"	"Sex"	"M"	"SexM"	-1.47692782734433	-0.415249466173014	0.474539391140873	0.0315483502782499	0.22667640736155	0.0315483502782499	0.167916223684483	NA	"abundance"	47	46
"Adlercreutzia sp910589165"	"Sex"	"M"	"SexM"	-2.4072229984372	0	1.11933192724308	0.0315086494983656	0.22667640736155	0.00348842415302151	0.0914858855441843	NA	"prevalence"	47	39
"Dielma fastidiosa"	"Sequencing_Depth"	"Sequencing_Depth"	"Sequencing_Depth"	0.902222046983156	0	0.419633857324911	0.0315534705143823	0.22667640736155	0.0621113195272627	0.243890448010385	NA	"prevalence"	47	9
"MGYG000324474"	"Sequencing_Depth"	"Sequencing_Depth"	"Sequencing_Depth"	1.43097589795051	0	0.665535740475301	0.0315464141587155	0.22667640736155	0.0620976520711579	0.243890448010385	NA	"prevalence"	47	35
"UBA11524 sp000437595"	"Sex"	"M"	"SexM"	0.86907292743647	-0.415249466173014	0.55727070284409	0.0316792732523004	0.227177690332944	0.0623549701508068	0.244288492492798	NA	"abundance"	47	27
"Bariatricus sp022793995"	"Sex"	"M"	"SexM"	-1.59279089848602	0	0.741302280340312	0.031663037452124	0.227177690332944	0.0623235269635535	0.244288492492798	NA	"prevalence"	47	28
"MGYG000325519"	"Sequencing_Depth"	"Sequencing_Depth"	"Sequencing_Depth"	0.849160758731451	0	0.395161599335713	0.0316427295370879	0.227177690332944	0.0622841967416186	0.244288492492798	NA	"prevalence"	47	16
"MGYG000325570"	"Sequencing_Depth"	"Sequencing_Depth"	"Sequencing_Depth"	1.09808797618792	0	0.511158060620595	0.0316950387998088	0.227177690332944	0.0623855021150962	0.244288492492798	NA	"prevalence"	47	28
"Alistipes finegoldii"	"Sex"	"M"	"SexM"	0.973918354793374	-0.415249466173014	0.623647730959617	0.0317896167901779	0.227726637990986	0.0317896167901779	0.16877381627216	NA	"abundance"	47	47
"Eisenbergiella porci"	"Sequencing_Depth"	"Sequencing_Depth"	"Sequencing_Depth"	0.827550965427853	0	0.385547817832338	0.0318387783740003	0.22794980580209	0.0626638489396519	0.245242571597707	NA	"prevalence"	47	9
"CAG-873 sp001701165"	"Sex"	"M"	"SexM"	-1.44714416749129	0	0.675001719037506	0.0320399525131386	0.22926044031165	0.0630533464692331	0.246630355752374	NA	"prevalence"	47	27
"CAG-873 sp001701165"	"Sequencing_Depth"	"Sequencing_Depth"	"Sequencing_Depth"	0.99970844954536	0	0.466402501026272	0.0320773243760695	0.229268645935792	0.0631256940130115	0.246640356707554	NA	"prevalence"	47	27
"Coproplasma sp003979335"	"Sex"	"M"	"SexM"	-1.66240492079447	0	0.775512305262744	0.0320632194391685	0.229268645935792	0.0630983888375327	0.246640356707554	NA	"prevalence"	47	32
"Phocaeicola sp011959205"	"Sequencing_Depth"	"Sequencing_Depth"	"Sequencing_Depth"	1.51753001362453	0	0.708136684878502	0.0321138810223947	0.229400398409409	0.063196460690469	0.246780433237699	NA	"prevalence"	47	35
"Avispirillum sp011957885"	"Sequencing_Depth"	"Sequencing_Depth"	"Sequencing_Depth"	1.02977102272095	0	0.481246044524734	0.0323708094681307	0.230455402838919	0.0636937496306394	0.247491711044178	NA	"prevalence"	47	31
"CAG-485 sp910585285"	"Sex"	"M"	"SexM"	-1.53980865862447	0	0.719377815471606	0.0323165753749564	0.230455402838919	0.0635887897059475	0.247491711044178	NA	"prevalence"	47	27
"MGYG000329730"	"Sex"	"M"	"SexM"	-1.68830793295797	0	0.788679668655283	0.0323001450906534	0.230455402838919	0.0635569908084296	0.247491711044178	NA	"prevalence"	47	20
"MGYG000331296"	"Sequencing_Depth"	"Sequencing_Depth"	"Sequencing_Depth"	0.92928799640825	0	0.43420223564039	0.0323370497143543	0.230455402838919	0.0636284146444799	0.247491711044178	NA	"prevalence"	47	8
"Paramuribaculum sp014800945"	"Sex"	"M"	"SexM"	-1.53980865862447	0	0.719377815471606	0.0323165753749564	0.230455402838919	0.0635887897059475	0.247491711044178	NA	"prevalence"	47	27
"Paramuribaculum sp014801655"	"Site"	"Jejunum"	"SiteJejunum"	1.52830698918881	0	0.714209980286285	0.0323663518530246	0.230455402838919	0.0636851229737754	0.247491711044178	NA	"prevalence"	47	16
"Bacteroides faecis"	"Genotype"	"MUT"	"GenotypeMUT"	2.30931649410838	0.195151488441185	0.901744958812618	0.0324281421955376	0.230626212164961	0.0324281421955376	0.1709187986861	NA	"abundance"	47	21
"CAG-873 sp910586975"	"Sequencing_Depth"	"Sequencing_Depth"	"Sequencing_Depth"	1.32263442894046	0	0.618326615450101	0.0324312417169877	0.230626212164961	0.0638106979946697	0.247809897486992	NA	"prevalence"	47	35
"Eubacterium_G sp910584795"	"Genotype"	"MUT"	"GenotypeMUT"	0.938103227941752	0.195151488441185	0.329127933183871	0.0324973631203277	0.230810597731044	0.063938647630881	0.247898168653355	NA	"abundance"	47	35
"Enterobacter hormaechei_A"	"Sequencing_Depth"	"Sequencing_Depth"	"Sequencing_Depth"	0.961344602567276	0	0.449579303923761	0.0324907469661219	0.230810597731044	0.0639258452938273	0.247898168653355	NA	"prevalence"	47	34
"MGYG000401219"	"Site"	"Jejunum"	"SiteJejunum"	-0.480521731214016	0.0793922236573236	0.246273900616355	0.032555726504954	0.230992368889971	0.0640515776816426	0.248199863516365	NA	"abundance"	47	31
"An181 sp910585545"	"Sequencing_Depth"	"Sequencing_Depth"	"Sequencing_Depth"	0.960908689930278	0	0.449846316713542	0.0326727179625559	0.231198673822544	0.0326727179625559	0.171440809620894	NA	"prevalence"	47	10
"MGYG000327122"	"Sequencing_Depth"	"Sequencing_Depth"	"Sequencing_Depth"	0.801954012194658	0	0.375354428873829	0.0326366691077555	0.231198673822544	0.0642081860450619	0.248557458210716	NA	"prevalence"	47	15
"MGYG000328307"	"Sequencing_Depth"	"Sequencing_Depth"	"Sequencing_Depth"	0.914361020663519	0	0.428063559645927	0.0326761279403169	0.231198673822544	0.0642845265434619	0.248557458210716	NA	"prevalence"	47	26
"MGYG000410353"	"Sequencing_Depth"	"Sequencing_Depth"	"Sequencing_Depth"	1.06689169659731	0	0.499405728182667	0.0326531356884086	0.231198673822544	0.0642400441065315	0.248557458210716	NA	"prevalence"	47	31
"Paratractidigestivibacter sp003150175"	"Genotype"	"MUT"	"GenotypeMUT"	2.14770652378279	0	1.00558982152857	0.0326983317349483	0.231226526872053	0.0643274825716478	0.248587559768402	NA	"prevalence"	47	17
"MGYG000350425"	"Site"	"Jejunum"	"SiteJejunum"	1.35288783955563	0.0793922236573236	0.460508660330237	0.032805122333931	0.231722789343135	0.0645340686165177	0.249168029092128	NA	"abundance"	47	11
"NM07-P-09 sp004793925"	"Genotype"	"MUT"	"GenotypeMUT"	-1.68174011834362	0.195151488441185	0.849403484298664	0.0328015359736736	0.231722789343135	0.0328015359736736	0.171628301359233	NA	"abundance"	47	47
"RGIG4284 sp910576205"	"Sex"	"M"	"SexM"	-1.59988480603423	-0.415249466173014	0.530552518705958	0.0328662663447561	0.232025208807542	0.0328662663447561	0.171818617252024	NA	"abundance"	47	39
"Thomasclavelia ramosa"	"Site"	"Jejunum"	"SiteJejunum"	2.01994621875733	0	0.947197756848508	0.032961689691304	0.232569157253359	0.0648369063953022	0.24987309400327	NA	"prevalence"	47	28
"CAG-115 sp910587465"	"Sequencing_Depth"	"Sequencing_Depth"	"Sequencing_Depth"	1.49207766054627	0	0.699791601494464	0.0329925212582176	0.232657010633158	0.0329925212582176	0.17184313946432	NA	"prevalence"	47	5
"Collinsella aerofaciens_J"	"Site"	"Jejunum"	"SiteJejunum"	-0.366250762831267	0.0793922236573236	0.166035405772794	0.0330797123635422	0.233141981680244	0.0650651573570298	0.250616093841682	NA	"abundance"	47	12
"Paralachnospira sp910588815"	"Sequencing_Depth"	"Sequencing_Depth"	"Sequencing_Depth"	0.069889649888835	-0.534932639053454	0.262772086459427	0.0331432912020962	0.233460089057392	0.0651881046524856	0.250795834004099	NA	"abundance"	47	24
"14-2 sp910580015"	"Sequencing_Depth"	"Sequencing_Depth"	"Sequencing_Depth"	0.799203899906375	0	0.375236675134181	0.0331826638663857	0.233543304909378	0.0652642385515019	0.250836127287665	NA	"prevalence"	47	14
"MGYG000324920"	"Sequencing_Depth"	"Sequencing_Depth"	"Sequencing_Depth"	0.843822417713033	0	0.396206692588953	0.0331920054931246	0.233543304909378	0.0553815373166152	0.227051453453501	NA	"prevalence"	47	9
"Butyribacter sp003612285"	"Sex"	"M"	"SexM"	-2.49698173507707	0	1.17261179592174	0.0332196171167981	0.233607729702461	0.0332196171167981	0.172596845057766	NA	"prevalence"	47	8
"JAAVYD01 sp022790955"	"Sex"	"M"	"SexM"	-1.55825018826906	0	0.731887122815483	0.0332471953987775	0.233671848616172	0.0653890147956706	0.251179106834674	NA	"prevalence"	47	20
"Ventrimonas sp022794255"	"Sequencing_Depth"	"Sequencing_Depth"	"Sequencing_Depth"	1.11228749816666	0	0.522826048481129	0.0333825176069216	0.234492734666157	0.0333825176069216	0.173109049483288	NA	"prevalence"	47	4
"MGBC164599 sp910587105"	"Genotype"	"MUT"	"GenotypeMUT"	1.70290103373589	0.195151488441185	0.665318808538286	0.0334575648182444	0.234596423775985	0.0168808718356206	0.12652598317515	NA	"abundance"	47	28
"Alloprevotella sp009775705"	"Sequencing_Depth"	"Sequencing_Depth"	"Sequencing_Depth"	1.80971025429116	0	0.851174472681778	0.0334921752275373	0.234596423775985	0.0658626246536024	0.25203954036365	NA	"prevalence"	47	38
"MGYG000325728"	"Sequencing_Depth"	"Sequencing_Depth"	"Sequencing_Depth"	1.10859706477922	0	0.521462725318856	0.0335084795534034	0.234596423775985	0.0335084795534034	0.173332961389619	NA	"prevalence"	47	7
"MGYG000406378"	"Genotype"	"MUT"	"GenotypeMUT"	-1.53082746960686	0	0.71983153196955	0.0334494356072466	0.234596423775985	0.0657800064720498	0.25203954036365	NA	"prevalence"	47	25
"Sporofaciens sp910579925"	"Sex"	"M"	"SexM"	-1.50833544416981	0	0.709125418565428	0.0334170745254064	0.234596423775985	0.0657174481809762	0.25203954036365	NA	"prevalence"	47	27
"UBA7173 sp910583675"	"Sequencing_Depth"	"Sequencing_Depth"	"Sequencing_Depth"	1.80971025429116	0	0.851174472681778	0.0334921752275373	0.234596423775985	0.0658626246536024	0.25203954036365	NA	"prevalence"	47	38
"MGYG000410378"	"Sex"	"M"	"SexM"	1.76899229423322	-0.415249466173014	0.898428152024385	0.0335897777205956	0.234786742756907	0.0137991909835731	0.117426217090615	NA	"abundance"	47	16
"Anaerocaecibacter sp910586925"	"Genotype"	"MUT"	"GenotypeMUT"	2.535747029284	0	1.19332432350568	0.0335913091430526	0.234786742756907	0.0335913091430526	0.173332961389619	NA	"prevalence"	47	6
"Lentihominibacter faecis"	"Genotype"	"MUT"	"GenotypeMUT"	2.535747029284	0	1.19332432350568	0.0335913091430526	0.234786742756907	0.0335913091430526	0.173332961389619	NA	"prevalence"	47	6
"MGYG000325431"	"Genotype"	"MUT"	"GenotypeMUT"	-0.979721336091972	0.195151488441185	0.523395869529474	0.0336104288897952	0.234790733381361	0.0660911968494343	0.252777369768291	NA	"abundance"	47	32
"MGYG000328321"	"Sex"	"M"	"SexM"	-1.85995583998099	0	0.875638512595446	0.0336606296373465	0.235011720876741	0.0661882212871103	0.253011545731366	NA	"prevalence"	47	37
"MGYG000391024"	"Genotype"	"MUT"	"GenotypeMUT"	-1.94491946130088	0	0.915964762495758	0.033724014229547	0.23532446092481	0.0663107193233393	0.25316622609639	NA	"prevalence"	47	27
"MGYG000344322"	"Genotype"	"MUT"	"GenotypeMUT"	-0.743049818299637	0.195151488441185	0.420693569691709	0.0338074298307003	0.235509799752296	0.0664719173496428	0.25316622609639	NA	"abundance"	47	36
"MGYG000376485"	"Sex"	"M"	"SexM"	5.49123189482963	-0.415249466173014	1.86238885727807	0.0338307622717661	0.235509799752296	0.0665170040676434	0.25316622609639	NA	"abundance"	47	9
"Dysosmobacter sp910575505"	"Sequencing_Depth"	"Sequencing_Depth"	"Sequencing_Depth"	1.74264820908798	0	0.821175943821907	0.0338261987960122	0.235509799752296	0.0665081858670371	0.25316622609639	NA	"prevalence"	47	39
"Marseille-P3106 sp022799035"	"Sequencing_Depth"	"Sequencing_Depth"	"Sequencing_Depth"	1.72122642973062	0	0.81115179940582	0.0338416399833958	0.235509799752296	0.0665380233700258	0.25316622609639	NA	"prevalence"	47	39
"MGYG000325491"	"Sequencing_Depth"	"Sequencing_Depth"	"Sequencing_Depth"	1.08302339028853	0	0.510395397708802	0.0338436029190572	0.235509799752296	0.0338436029190572	0.173902916699606	NA	"prevalence"	47	4
"Paramuribaculum sp910577465"	"Site"	"Jejunum"	"SiteJejunum"	1.08876483267685	0.0793922236573236	0.452414412161935	0.0338663196743854	0.235538392548555	0.0665857117404831	0.25316622609639	NA	"abundance"	47	34
"MGYG000368565"	"Sequencing_Depth"	"Sequencing_Depth"	"Sequencing_Depth"	0.167694344068008	-0.534932639053454	0.131755018051453	0.0339139832753637	0.235732829163061	0.0404680961873463	0.18954837896101	NA	"abundance"	47	7
"UBA3282 sp003612405"	"Genotype"	"MUT"	"GenotypeMUT"	1.20143156475761	0.195151488441185	0.429388870722983	0.0339315227314818	0.235732829163061	0.0339315227314818	0.173998480802472	NA	"abundance"	47	20
"Lawsonibacter sp910588635"	"Genotype"	"MUT"	"GenotypeMUT"	1.37885789636868	0.195151488441185	0.538797266219626	0.0340432969202032	0.235862097655136	0.0340432969202032	0.174188505232535	NA	"abundance"	47	47
"MGYG000328958"	"Sequencing_Depth"	"Sequencing_Depth"	"Sequencing_Depth"	1.22055028166146	0	0.575669679053704	0.0339869233197494	0.235862097655136	0.0668187356827562	0.253811461977749	NA	"prevalence"	47	31
"MGYG000329302"	"Sex"	"M"	"SexM"	-1.54471038147861	0	0.728787452867567	0.0340429779168439	0.235862097655136	0.0669270314882411	0.253913182264567	NA	"prevalence"	47	17
"MGYG000410125"	"Sex"	"M"	"SexM"	-1.68466348262324	0	0.794676987101234	0.0340115353360907	0.235862097655136	0.0668662861362632	0.253818963700917	NA	"prevalence"	47	32
"MGYG000410914"	"Sex"	"M"	"SexM"	-1.55301663799127	0	0.732497157295651	0.0339919254659418	0.235862097655136	0.0668283999350015	0.253811461977749	NA	"prevalence"	47	17
"MGYG000325457"	"Sequencing_Depth"	"Sequencing_Depth"	"Sequencing_Depth"	-0.0579194251456723	-0.534932639053454	0.20226558569502	0.0340755364132577	0.235920269180527	0.0134379665893857	0.117052310066257	NA	"abundance"	47	19
"Lactobacillus hominis"	"Sex"	"M"	"SexM"	-1.86170333420631	0	0.878569024832075	0.0340889692156095	0.235920269180527	0.0670158806090362	0.254113864884478	NA	"prevalence"	47	34
"Bacteroides salyersiae"	"Sex"	"M"	"SexM"	1.71847502496082	-0.415249466173014	0.574418164937588	0.0341933097291316	0.236315431084711	0.0672174370280309	0.254468583242701	NA	"abundance"	47	8
"Acetatifactor sp003612485"	"Sequencing_Depth"	"Sequencing_Depth"	"Sequencing_Depth"	0.840820680355879	0	0.39723378242702	0.0342861863134008	0.236315431084711	0.0673968300548844	0.254490017338587	NA	"prevalence"	47	21
"Acutalibacter sp009917445"	"Sequencing_Depth"	"Sequencing_Depth"	"Sequencing_Depth"	1.4248514497714	0	0.673099633593065	0.0342725184457176	0.236315431084711	0.0673704313708231	0.254490017338587	NA	"prevalence"	47	36
"C-19 sp910576855"	"Sex"	"M"	"SexM"	-1.68758904442285	0	0.79684306679297	0.0341883095831401	0.236315431084711	0.0672077786541275	0.254468583242701	NA	"prevalence"	47	32
"MGYG000325431"	"Sequencing_Depth"	"Sequencing_Depth"	"Sequencing_Depth"	1.19055131196122	0	0.562248172103296	0.0342188214336734	0.236315431084711	0.0672667151270372	0.254490017338587	NA	"prevalence"	47	32
"MGYG000325795"	"Sequencing_Depth"	"Sequencing_Depth"	"Sequencing_Depth"	1.17905298158306	0	0.557055442546078	0.0342954216228958	0.236315431084711	0.0342954216228958	0.174473270303364	NA	"prevalence"	47	4
"MGYG000328329"	"Sequencing_Depth"	"Sequencing_Depth"	"Sequencing_Depth"	1.17905298158306	0	0.557055442546078	0.0342954216228958	0.236315431084711	0.0342954216228958	0.174473270303364	NA	"prevalence"	47	4
"MGYG000330888"	"Sequencing_Depth"	"Sequencing_Depth"	"Sequencing_Depth"	1.17905298158306	0	0.557055442546078	0.0342954216228958	0.236315431084711	0.0342954216228958	0.174473270303364	NA	"prevalence"	47	4
"Coproplasma sp910579525"	"Sex"	"M"	"SexM"	-1.45480669870905	-0.415249466173014	0.470128466499388	0.0343770370293837	0.236491594955401	0.0675722933838477	0.254490017338587	NA	"abundance"	47	41
"Faecivivens sp022793675"	"Sequencing_Depth"	"Sequencing_Depth"	"Sequencing_Depth"	0.907454889939855	0	0.428846995455095	0.0343419027465316	0.236491594955401	0.0675044392088109	0.254490017338587	NA	"prevalence"	47	15
"UBA2730 sp022793235"	"Sequencing_Depth"	"Sequencing_Depth"	"Sequencing_Depth"	1.01890452716512	0	0.481607514073295	0.034376072288393	0.236491594955401	0.0675704302308092	0.254490017338587	NA	"prevalence"	47	7
"MGYG000325596"	"Genotype"	"MUT"	"GenotypeMUT"	1.97948426303166	0	0.935959426156003	0.0344363151341232	0.236642169906477	0.0676867704682298	0.254744458822922	NA	"prevalence"	47	19
"MGYG000326756"	"Sequencing_Depth"	"Sequencing_Depth"	"Sequencing_Depth"	1.24839009743962	0	0.590272496105202	0.0344351791906431	0.236642169906477	0.0344351791906431	0.17484759089042	NA	"prevalence"	47	3
"Sporofaciens sp910587575"	"Genotype"	"MUT"	"GenotypeMUT"	2.26588470315324	0	1.07155313935528	0.0344657704326046	0.236716072781285	0.0677436515336961	0.254822846748358	NA	"prevalence"	47	37
"1XD8-76 sp910573755"	"Genotype"	"MUT"	"GenotypeMUT"	1.1279259911754	0.195151488441185	0.42431903119043	0.0345949340735503	0.237035875421349	0.0345949340735503	0.175155439850898	NA	"abundance"	47	44
"CAG-873 sp017624155"	"Sex"	"M"	"SexM"	-1.49586332157223	0	0.707960437893777	0.0346076697688533	0.237035875421349	0.0680176487308767	0.255297780713577	NA	"prevalence"	47	32
"MGYG000323634"	"Sequencing_Depth"	"Sequencing_Depth"	"Sequencing_Depth"	0.882388951526279	0	0.417655301463937	0.0346246906031027	0.237035875421349	0.0680505120068449	0.255297780713577	NA	"prevalence"	47	7
"MGYG000328709"	"Genotype"	"MUT"	"GenotypeMUT"	-2.04773170692471	0	0.969188425720889	0.0346152038629614	0.237035875421349	0.0680321953874484	0.255297780713577	NA	"prevalence"	47	31
"Parasutterella excrementihominis"	"Genotype"	"MUT"	"GenotypeMUT"	1.54967383143775	0	0.733458501804892	0.0346152386467709	0.237035875421349	0.0680322625469689	0.255297780713577	NA	"prevalence"	47	20
"Dubosiella sp004793885"	"Sequencing_Depth"	"Sequencing_Depth"	"Sequencing_Depth"	-0.931050265674259	-0.534932639053454	0.178258438339747	0.0346702237859586	0.237219293341981	0.0552123981314013	0.227051453453501	NA	"abundance"	47	35
"Granulicatella adiacens"	"Sequencing_Depth"	"Sequencing_Depth"	"Sequencing_Depth"	0.79064006136011	0	0.37436562759542	0.0346910648339333	0.237233656762792	0.0681786596885545	0.255371895431215	NA	"prevalence"	47	18
"MGYG000368565"	"Genotype"	"MUT"	"GenotypeMUT"	1.70604206843396	0.195151488441185	0.286739547096468	0.0347127189449394	0.237253561773782	0.0347127189449394	0.175625982464447	NA	"abundance"	47	7
"CAG-485 sp910578075"	"Genotype"	"MUT"	"GenotypeMUT"	-0.894975758710779	0.195151488441185	0.492942237459955	0.0348215953259108	0.237869268016934	0.0684306471507801	0.255908896328949	NA	"abundance"	47	37
"CAG-485 sp014801585"	"Genotype"	"MUT"	"GenotypeMUT"	-0.732156566424065	0.195151488441185	0.378021911275461	0.0349890376434403	0.238437402043687	0.0687538425316665	0.256510479860968	NA	"abundance"	47	15
"CAG-873 sp910584905"	"Site"	"Jejunum"	"SiteJejunum"	1.15771763279142	0.0793922236573236	0.491493784796535	0.0349244393291799	0.238437402043687	0.0686291621959022	0.256510479860968	NA	"abundance"	47	42
"Paramuribaculum sp910579185"	"Genotype"	"MUT"	"GenotypeMUT"	-1.09470596174802	0.195151488441185	0.585966852085122	0.0349989487278536	0.238437402043687	0.0687729710436523	0.256510479860968	NA	"abundance"	47	39
"Lawsonibacter sp022798855"	"Sequencing_Depth"	"Sequencing_Depth"	"Sequencing_Depth"	1.26794667328595	0	0.601359709181033	0.0349906759112273	0.238437402043687	0.06875700442173	0.256510479860968	NA	"prevalence"	47	34
"MGYG000325710"	"Sequencing_Depth"	"Sequencing_Depth"	"Sequencing_Depth"	1.03062762421693	0	0.48868097450871	0.0349446789611719	0.238437402043687	0.0686682273346445	0.256510479860968	NA	"prevalence"	47	29
"Dysosmobacter sp910588005"	"Genotype"	"MUT"	"GenotypeMUT"	-1.60575151298571	0.195151488441185	0.795683933832621	0.0350670121081531	0.238515980260614	0.0350670121081531	0.176659758788615	NA	"abundance"	47	25
"MGYG000329825"	"Sex"	"M"	"SexM"	-2.3682804431965	0	1.1235848470655	0.0350491937786251	0.238515980260614	0.0172724862102395	0.127788036513182	NA	"prevalence"	47	39
"CAG-873 sp003979155"	"Genotype"	"MUT"	"GenotypeMUT"	-0.731642997252689	0.195151488441185	0.412028785867309	0.0351329766764656	0.238836315129271	0.0690316273027822	0.257339420767967	NA	"abundance"	47	28
"Acetatifactor muris"	"Sequencing_Depth"	"Sequencing_Depth"	"Sequencing_Depth"	0.763251276019779	0	0.36239596365357	0.0351934772852897	0.238862753607076	0.0691483737271492	0.257367406794887	NA	"prevalence"	47	14
"Roseburia sp910587865"	"Sequencing_Depth"	"Sequencing_Depth"	"Sequencing_Depth"	1.49588302604059	0	0.710221287664065	0.0351851555113541	0.238862753607076	0.06913231585435	0.257367406794887	NA	"prevalence"	47	35
"Streptococcus alactolyticus"	"Sex"	"M"	"SexM"	3.83493934540826	0	1.82049533648822	0.0351578012396593	0.238862753607076	0.0351578012396593	0.176785277938501	NA	"prevalence"	47	5
"MGYG000339089"	"Sequencing_Depth"	"Sequencing_Depth"	"Sequencing_Depth"	1.457986619638	0	0.692534117847739	0.0352658878154704	0.239097808231507	0.0352658878154704	0.176866538836849	NA	"prevalence"	47	3
"Pseudomonas aeruginosa"	"Sequencing_Depth"	"Sequencing_Depth"	"Sequencing_Depth"	0.824037087703278	0	0.391392331994254	0.0352565767098353	0.239097808231507	0.0692701272183742	0.257549320978153	NA	"prevalence"	47	14
"CAG-873 sp910577355"	"Genotype"	"MUT"	"GenotypeMUT"	-1.78059545012717	0	0.846332931061926	0.0353876249596111	0.239538265635699	0.0695229659189401	0.258082102476402	NA	"prevalence"	47	29
"MGYG000327286"	"Sequencing_Depth"	"Sequencing_Depth"	"Sequencing_Depth"	0.797007130045819	0	0.378754074903595	0.035353452964762	0.239538265635699	0.0694570392929924	0.258082102476402	NA	"prevalence"	47	19
"RGIG7193 sp022793375"	"Genotype"	"MUT"	"GenotypeMUT"	-1.52155999141571	0	0.723157019621206	0.0353739090962017	0.239538265635699	0.069496504747657	0.258082102476402	NA	"prevalence"	47	27
"Alistipes sp002362235"	"Genotype"	"MUT"	"GenotypeMUT"	-0.969368595898777	0.195151488441185	0.522396314845628	0.0354348699485332	0.239729868417174	0.0696141098887969	0.258284791965363	NA	"abundance"	47	30
"Phocaeicola massiliensis"	"Sex"	"M"	"SexM"	-1.56547812516396	0	0.744371997322793	0.0354582761597625	0.239760074588821	0.069659262971303	0.258316721238809	NA	"prevalence"	47	19
"CAG-485 sp910584125"	"Genotype"	"MUT"	"GenotypeMUT"	-1.06222968190363	0.195151488441185	0.573045017102636	0.0355460099951581	0.240224983725954	0.0698285011637403	0.258402013730532	NA	"abundance"	47	39
"Faecalibacterium longum"	"Genotype"	"MUT"	"GenotypeMUT"	2.31243819446191	0	1.10055552214435	0.0356273257738376	0.240535432155834	0.0356273257738376	0.177834702379579	NA	"prevalence"	47	7
"MGYG000410874"	"Sex"	"M"	"SexM"	-1.40950188884169	0	0.670831846239356	0.0356299522272231	0.240535432155834	0.0699904109587319	0.258865632996503	NA	"prevalence"	47	21
"UBA7173 sp013316675"	"Site"	"Jejunum"	"SiteJejunum"	1.13163007165612	0.0793922236573236	0.482271166487671	0.0356531077701256	0.240563453173907	0.0700350714465831	0.258895337334963	NA	"abundance"	47	43
"Mediterraneibacter_A sp022790755"	"Sequencing_Depth"	"Sequencing_Depth"	"Sequencing_Depth"	-2.28928642696012	-0.534932639053454	0.733154945596427	0.0357196515699432	0.240884043458892	0.0350273750049116	0.176585939040453	NA	"abundance"	47	16
"Caccovicinus sp910584785"	"Sex"	"M"	"SexM"	1.74318762742581	-0.415249466173014	0.979263116909085	0.0357571948627968	0.241008824586412	0.0702358127411376	0.259501685548542	NA	"abundance"	47	34
"MGYG000329509"	"Site"	"Jejunum"	"SiteJejunum"	-1.01626316450842	0.0793922236573236	0.492049015207913	0.0357937949692038	0.241127119063428	0.0357937949692038	0.178539550347447	NA	"abundance"	47	29
"MGYG000325382"	"Sequencing_Depth"	"Sequencing_Depth"	"Sequencing_Depth"	2.02250466577961	0	0.963551169538894	0.035815916264349	0.24114780216709	0.0703490526708432	0.259784276007064	NA	"prevalence"	47	39
"Duncaniella sp910578445"	"Site"	"Jejunum"	"SiteJejunum"	1.09674026570941	0.0793922236573236	0.465977441887379	0.0358491768956392	0.241243424319511	0.0704131903071835	0.25988534156197	NA	"abundance"	47	42
"Pelethomonas sp022804995"	"Genotype"	"MUT"	"GenotypeMUT"	-1.64787263301361	0	0.785388832743373	0.0358908788909442	0.241395719979581	0.070493602594324	0.260046337754009	NA	"prevalence"	47	31
"Duncaniella sp910577345"	"Sex"	"M"	"SexM"	0.724468371252601	-0.415249466173014	0.522051886338601	0.0359327443956596	0.241548953032533	0.0705743266715155	0.260208315552567	NA	"abundance"	47	43
"Caccovicinus sp910584785"	"Genotype"	"MUT"	"GenotypeMUT"	2.16031448421626	0.195151488441185	0.894260803136499	0.0362330129106385	0.241579255700241	0.0362330129106385	0.179855291716545	NA	"abundance"	47	34
"MGYG000325572"	"Sex"	"M"	"SexM"	1.00682265333191	-0.415249466173014	0.607152956487036	0.0362376225732883	0.241579255700241	0.0711620798568126	0.260642976337653	NA	"abundance"	47	18
"Odoribacter sp910589025"	"Genotype"	"MUT"	"GenotypeMUT"	-0.655273479558785	0.195151488441185	0.370287287672881	0.036235732424738	0.241579255700241	0.0711584365451188	0.260642976337653	NA	"abundance"	47	21
"Phocaeicola massiliensis"	"Sex"	"M"	"SexM"	0.603543130099563	-0.415249466173014	0.43745967109979	0.0362508249633418	0.241579255700241	0.069659262971303	0.258316721238809	NA	"abundance"	47	19
"Alistipes putredinis"	"Sequencing_Depth"	"Sequencing_Depth"	"Sequencing_Depth"	1.06420861087579	0	0.50793914182518	0.03615767475213	0.241579255700241	0.0710079720607792	0.260642976337653	NA	"prevalence"	47	9
"CAG-485 sp910584125"	"Sequencing_Depth"	"Sequencing_Depth"	"Sequencing_Depth"	1.86227493090562	0	0.88934674772666	0.036261698991188	0.241579255700241	0.0712084871686486	0.260642976337653	NA	"prevalence"	47	39
"CAG-873 sp001689665"	"Sequencing_Depth"	"Sequencing_Depth"	"Sequencing_Depth"	1.86227493090562	0	0.88934674772666	0.036261698991188	0.241579255700241	0.0712084871686486	0.260642976337653	NA	"prevalence"	47	39
"MGYG000322925"	"Sequencing_Depth"	"Sequencing_Depth"	"Sequencing_Depth"	0.875995902451899	0	0.418338769857557	0.0362611475234971	0.241579255700241	0.0362611475234971	0.179855291716545	NA	"prevalence"	47	7
"MGYG000325349"	"Sequencing_Depth"	"Sequencing_Depth"	"Sequencing_Depth"	0.955938523493031	0	0.456457514707034	0.036237252906552	0.241579255700241	0.0711613673148907	0.260642976337653	NA	"prevalence"	47	16
"MGYG000325540"	"Genotype"	"MUT"	"GenotypeMUT"	-2.34940307227597	0	1.12081256574011	0.0360679521354361	0.241579255700241	0.070835007099628	0.260642976337653	NA	"prevalence"	47	14
"MGYG000329847"	"Sequencing_Depth"	"Sequencing_Depth"	"Sequencing_Depth"	1.86227493090562	0	0.88934674772666	0.036261698991188	0.241579255700241	0.0712084871686486	0.260642976337653	NA	"prevalence"	47	39
"MGYG000351739"	"Sequencing_Depth"	"Sequencing_Depth"	"Sequencing_Depth"	1.80789440872159	0	0.862542378299311	0.036081616679828	0.241579255700241	0.0708613502974259	0.260642976337653	NA	"prevalence"	47	40
"MGYG000369796"	"Sequencing_Depth"	"Sequencing_Depth"	"Sequencing_Depth"	0.870843357687487	0	0.415390661524837	0.0360428018449089	0.241579255700241	0.0707865201249864	0.260642976337653	NA	"prevalence"	47	15
"Muribaculum sp003150235"	"Sequencing_Depth"	"Sequencing_Depth"	"Sequencing_Depth"	1.86227493090562	0	0.88934674772666	0.036261698991188	0.241579255700241	0.0712084871686486	0.260642976337653	NA	"prevalence"	47	39
"Paramuribaculum sp910579185"	"Sequencing_Depth"	"Sequencing_Depth"	"Sequencing_Depth"	1.86227493090562	0	0.88934674772666	0.036261698991188	0.241579255700241	0.0712084871686486	0.260642976337653	NA	"prevalence"	47	39
"Paramuribaculum sp910587185"	"Sequencing_Depth"	"Sequencing_Depth"	"Sequencing_Depth"	1.86227493090562	0	0.88934674772666	0.036261698991188	0.241579255700241	0.0712084871686486	0.260642976337653	NA	"prevalence"	47	39
"UBA7173 sp002491305"	"Sequencing_Depth"	"Sequencing_Depth"	"Sequencing_Depth"	1.86227493090562	0	0.88934674772666	0.036261698991188	0.241579255700241	0.0712084871686486	0.260642976337653	NA	"prevalence"	47	39
"MGYG000325619"	"Sequencing_Depth"	"Sequencing_Depth"	"Sequencing_Depth"	-0.126422769081101	-0.534932639053454	0.17908238839687	0.0363334710798576	0.241802631639112	0.00478124014853812	0.0970465968650594	NA	"abundance"	47	22
"CAG-873 sp905202215"	"Sex"	"M"	"SexM"	-1.53105485145376	0	0.731600133115229	0.0363716393301365	0.241802631639112	0.0714203825127116	0.261148092912491	NA	"prevalence"	47	27
"MGYG000325313"	"Sequencing_Depth"	"Sequencing_Depth"	"Sequencing_Depth"	0.823483815447597	0	0.393478539078498	0.0363643045032497	0.241802631639112	0.0714062463644942	0.261148092912491	NA	"prevalence"	47	15
"Akkermansia muciniphila"	"Sequencing_Depth"	"Sequencing_Depth"	"Sequencing_Depth"	0.52201423843016	-0.534932639053454	0.489018464591973	0.0365139381889473	0.242493929483576	0.0365139381889473	0.180082502069725	NA	"abundance"	47	47
"CAG-475 sp910577815"	"Sex"	"M"	"SexM"	0.455950642045995	-0.415249466173014	0.396581763070111	0.0365670093504988	0.242719037419305	0.0717968725281582	0.262253382443939	NA	"abundance"	47	37
"Odoribacter sp910578105"	"Sex"	"M"	"SexM"	-1.55767423771418	0	0.745477122448336	0.0366627632380269	0.243227073934457	0.0719813682678062	0.262791482911598	NA	"prevalence"	47	28
"14-2 sp910588845"	"Sex"	"M"	"SexM"	-1.64690688821908	-0.415249466173014	0.566649484945413	0.03674036971687	0.243398910966682	0.03674036971687	0.180962322758772	NA	"abundance"	47	43
"Acutalibacter sp009917525"	"Genotype"	"MUT"	"GenotypeMUT"	-1.52078797058575	0.195151488441185	0.775460519881607	0.036729903655869	0.243398910966682	0.0721107214891687	0.263058518235261	NA	"abundance"	47	29
"MGYG000328397"	"Sequencing_Depth"	"Sequencing_Depth"	"Sequencing_Depth"	-1.16034496549437	-0.534932639053454	0.274001561891298	0.0367463516240583	0.243398910966682	0.0721424088904376	0.263058518235261	NA	"abundance"	47	21
"Acutalibacter muris"	"Genotype"	"MUT"	"GenotypeMUT"	1.67653831297716	0.195151488441185	0.684602932088635	0.0368190807454017	0.243670631879252	0.0368190807454017	0.181148030342305	NA	"abundance"	47	45
"Roseburia sp910584215"	"Sequencing_Depth"	"Sequencing_Depth"	"Sequencing_Depth"	0.835538943720854	0	0.400262770967322	0.0368451247761801	0.243670631879252	0.0723326863325879	0.263393831529485	NA	"prevalence"	47	24
"UMGS1370 sp910577645"	"Sequencing_Depth"	"Sequencing_Depth"	"Sequencing_Depth"	0.98651052448016	0	0.472581866448645	0.0368437486305779	0.243670631879252	0.0723300354480026	0.263393831529485	NA	"prevalence"	47	33
"MGYG000325622"	"Sequencing_Depth"	"Sequencing_Depth"	"Sequencing_Depth"	1.06926153554	0	0.512340405607822	0.036886880290737	0.243819389409999	0.0724131186438908	0.26355093850413	NA	"prevalence"	47	31
"Dysosmobacter sp022797935"	"Genotype"	"MUT"	"GenotypeMUT"	1.21313884062227	0.195151488441185	0.452043525430156	0.0369395321659742	0.243995858236246	0.0139886054545188	0.117850168832316	NA	"abundance"	47	24
"CAG-485 sp910579305"	"Sex"	"M"	"SexM"	0.467414123424677	-0.415249466173014	0.399397145248203	0.0370111960142929	0.244064005551742	0.0726525633981775	0.264150369392139	NA	"abundance"	47	32
"CAG-485 sp910586175"	"Sequencing_Depth"	"Sequencing_Depth"	"Sequencing_Depth"	1.15845246904402	0	0.555582035326328	0.0370588575344009	0.244064005551742	0.0727443561470469	0.264212286355256	NA	"prevalence"	47	32
"MGYG000325610"	"Sex"	"M"	"SexM"	-2.43091772465531	0	1.16580784406539	0.0370530794826458	0.244064005551742	0.0370530794826458	0.181648203758545	NA	"prevalence"	47	10
"MGYG000410877"	"Sex"	"M"	"SexM"	-1.70088562799326	0	0.815487145958146	0.0370031292390857	0.244064005551742	0.0726370269046869	0.264150369392139	NA	"prevalence"	47	29
"Phocaeicola sartorii"	"Sequencing_Depth"	"Sequencing_Depth"	"Sequencing_Depth"	1.15845246904402	0	0.555582035326328	0.0370588575344009	0.244064005551742	0.0727443561470469	0.264212286355256	NA	"prevalence"	47	32
"Butyricimonas virosa"	"Genotype"	"MUT"	"GenotypeMUT"	-1.31795827190474	0.195151488441185	0.685718992164638	0.0370844728195452	0.244066589617349	0.0364279672224515	0.180082502069725	NA	"abundance"	47	30
"MGYG000410694"	"Sex"	"M"	"SexM"	-1.67765838246363	-0.415249466173014	0.58162828703803	0.0370978131161147	0.244066589617349	0.0370978131161147	0.181648203758545	NA	"abundance"	47	42
"Acutalibacter sp910589395"	"Genotype"	"MUT"	"GenotypeMUT"	-1.84415293632662	0.195151488441185	0.931212072991616	0.0371865618326765	0.24440602429354	0.0371865618326765	0.181648203758545	NA	"abundance"	47	33
"Longicatena caecimuris"	"Sex"	"M"	"SexM"	3.26391137465781	0	1.56640639306569	0.0371880236047842	0.24440602429354	0.0371880236047842	0.181648203758545	NA	"prevalence"	47	5
"MGYG000325729"	"Sex"	"M"	"SexM"	-1.46320063389767	0	0.702537102631621	0.0372751228711105	0.244724328476409	0.0731608109571646	0.265315860361847	NA	"prevalence"	47	27
"MGYG000328451"	"Sequencing_Depth"	"Sequencing_Depth"	"Sequencing_Depth"	1.21580166409418	0	0.583699223089095	0.0372580667040737	0.244724328476409	0.0731279698736222	0.265315860361847	NA	"prevalence"	47	35
"Parasutterella sp009767915"	"Sex"	"M"	"SexM"	1.1928677953672	-0.415249466173014	0.742931271382076	0.0373201104688897	0.244892668903684	0.0732474302923693	0.265493762721265	NA	"abundance"	47	42
"Neobittarella massiliensis"	"Genotype"	"MUT"	"GenotypeMUT"	1.86290655401739	0	0.894859678097334	0.0373620002422048	0.244913619402293	0.073328081422311	0.26564986134951	NA	"prevalence"	47	9
"UBA3282 sp910578715"	"Sequencing_Depth"	"Sequencing_Depth"	"Sequencing_Depth"	0.937855479120621	0	0.450472273356165	0.0373481058093958	0.244913619402293	0.0373481058093958	0.181858410682628	NA	"prevalence"	47	5
"Gordonibacter pamelaeae"	"Genotype"	"MUT"	"GenotypeMUT"	-0.523359519954809	0.195151488441185	0.322651852755951	0.0374101295806425	0.245102184384976	0.0371850695041192	0.181648203758545	NA	"abundance"	47	28
"CAG-873 sp910587915"	"Sex"	"M"	"SexM"	0.985883469227554	-0.415249466173014	0.641470509994921	0.0375702364689458	0.246023824740774	0.053907867671461	0.22347261507442	NA	"abundance"	47	34
"Acetatifactor sp910577035"	"Sequencing_Depth"	"Sequencing_Depth"	"Sequencing_Depth"	0.892159756798907	0	0.429086771745192	0.0375984276025859	0.246081125436159	0.0737832134469849	0.267160812716293	NA	"prevalence"	47	21
"Gemmiger formicilis"	"Sequencing_Depth"	"Sequencing_Depth"	"Sequencing_Depth"	-1.05111934545879	-0.534932639053454	0.201160269298047	0.0377140327838266	0.246214910503652	0.00169351362316011	0.0752959993691244	NA	"abundance"	47	12
"CAG-485 sp009775375"	"Sequencing_Depth"	"Sequencing_Depth"	"Sequencing_Depth"	2.0443905793082	0	0.983503456603996	0.0376466214888644	0.246214910503652	0.0738759748682031	0.267160812716293	NA	"prevalence"	47	40
"MGYG000410938"	"Sequencing_Depth"	"Sequencing_Depth"	"Sequencing_Depth"	2.20029253589186	0	1.0588885060231	0.0377161250961116	0.246214910503652	0.0740097440999577	0.267160812716293	NA	"prevalence"	47	40
"MGYG000411523"	"Genotype"	"MUT"	"GenotypeMUT"	-1.54512480458848	0	0.743433470695809	0.0376759148400052	0.246214910503652	0.073932355120979	0.267160812716293	NA	"prevalence"	47	21
"Slackia_A isoflavoniconvertens"	"Sex"	"M"	"SexM"	-1.72803480312702	0	0.831581684934229	0.0377084662424782	0.246214910503652	0.0739950040585963	0.267160812716293	NA	"prevalence"	47	14
"UBA1405 sp022800935"	"Sequencing_Depth"	"Sequencing_Depth"	"Sequencing_Depth"	2.15848191456626	0	1.03887946928887	0.0377368179762073	0.246223011310738	0.0740495685214452	0.267168121648583	NA	"prevalence"	47	40
"Dysosmobacter sp910585385"	"Sex"	"M"	"SexM"	-2.31546086001207	-0.415249466173014	0.869275800302805	0.0378482740107566	0.246357148208732	0.0378482740107566	0.182943720092969	NA	"abundance"	47	32
"MGYG000325617"	"Sex"	"M"	"SexM"	-1.24560713123992	-0.415249466173014	0.367514751801295	0.0378388888072176	0.246357148208732	0.0378388888072176	0.182943720092969	NA	"abundance"	47	23
"MGYG000325999"	"Site"	"Jejunum"	"SiteJejunum"	-0.796542985003491	0.0793922236573236	0.311111818337432	0.0378111541285607	0.246357148208732	0.0378111541285607	0.182943720092969	NA	"abundance"	47	10
"CAG-41 sp910578235"	"Genotype"	"MUT"	"GenotypeMUT"	-2.50448141793014	0	1.20595484997775	0.0378235148520809	0.246357148208732	0.0378235148520809	0.182943720092969	NA	"prevalence"	47	6
"MGYG000327294"	"Genotype"	"MUT"	"GenotypeMUT"	1.83331701321203	0	0.88292005741597	0.0378546889924146	0.246357148208732	0.0742764005061167	0.267849795294506	NA	"prevalence"	47	9
"MGBC124762 sp910579775"	"Sequencing_Depth"	"Sequencing_Depth"	"Sequencing_Depth"	0.972694294929144	0	0.468499702721022	0.0378764020899921	0.246371787078684	0.0378764020899921	0.182943720092969	NA	"prevalence"	47	6
"14-2 sp910576385"	"Sex"	"M"	"SexM"	-1.40414943136881	-0.415249466173014	0.456763063490249	0.0379370396071557	0.246512857981199	0.0744348602401564	0.268147600498178	NA	"abundance"	47	42
"MGYG000330180"	"Sex"	"M"	"SexM"	-1.6152368988457	0	0.778205178768356	0.0379316477965466	0.246512857981199	0.0744244856885319	0.268147600498178	NA	"prevalence"	47	16
"CAG-873 sp910587235"	"Sequencing_Depth"	"Sequencing_Depth"	"Sequencing_Depth"	1.6761719587624	0	0.80769216405868	0.0379623621145139	0.246550836144442	0.0744835832917144	0.26818643235142	NA	"prevalence"	47	38
"Avidehalobacter sp022797295"	"Genotype"	"MUT"	"GenotypeMUT"	-1.74761159181042	0	0.842572241833416	0.038066442615375	0.247100015705342	0.0560206044389964	0.228478726009709	NA	"prevalence"	47	38
"MGYG000326943"	"Sequencing_Depth"	"Sequencing_Depth"	"Sequencing_Depth"	0.982412949332551	0	0.473814893566083	0.0381340584477617	0.247412051169537	0.0748139104818261	0.269021459964324	NA	"prevalence"	47	27
"Muribaculum sp910578785"	"Site"	"Jejunum"	"SiteJejunum"	1.36601135293655	0.0793922236573236	0.592876897352815	0.0381713308907528	0.247527001237269	0.0748856112795342	0.269021459964324	NA	"abundance"	47	35
"Acetatifactor sp910586485"	"Site"	"Jejunum"	"SiteJejunum"	-0.718723154485076	0.0793922236573236	0.320768414503749	0.0382348720317668	0.247812089184897	0.075007838624248	0.269055851965819	NA	"abundance"	47	13
"Duncaniella sp014802325"	"Sequencing_Depth"	"Sequencing_Depth"	"Sequencing_Depth"	1.06953073423462	0	0.51623826479402	0.038286211724059	0.247850425384981	0.0751065894399387	0.269055851965819	NA	"prevalence"	47	30
"MGYG000328397"	"Sequencing_Depth"	"Sequencing_Depth"	"Sequencing_Depth"	0.842146215326925	0	0.406512908261526	0.0382995285237023	0.247850425384981	0.0721424088904376	0.263058518235261	NA	"prevalence"	47	21
"MGYG000326975"	"Sequencing_Depth"	"Sequencing_Depth"	"Sequencing_Depth"	-0.234723140646659	-0.534932639053454	0.139467547161419	0.0384345808223925	0.248388937299099	0.0753919446417919	0.269583126311072	NA	"abundance"	47	46
"CAG-873 sp910587545"	"Genotype"	"MUT"	"GenotypeMUT"	-1.8904174687755	0	0.91312301550072	0.0384264232599726	0.248388937299099	0.0753762565153906	0.269583126311072	NA	"prevalence"	47	32
"Limosilactobacillus portuensis"	"Sequencing_Depth"	"Sequencing_Depth"	"Sequencing_Depth"	0.800135809228788	0	0.386517636360698	0.0384416122743667	0.248388937299099	0.0754054669944808	0.269583126311072	NA	"prevalence"	47	22
"MGBC164599 sp910584115"	"Sequencing_Depth"	"Sequencing_Depth"	"Sequencing_Depth"	0.895130560903524	0	0.432821744786672	0.0386280336787158	0.249338934372863	0.0757639423715476	0.270454315496009	NA	"prevalence"	47	6
"UBA3282 sp910588955"	"Sequencing_Depth"	"Sequencing_Depth"	"Sequencing_Depth"	0.895130560903524	0	0.432821744786672	0.0386280336787158	0.249338934372863	0.0757639423715476	0.270454315496009	NA	"prevalence"	47	6
"MGYG000322947"	"Sex"	"M"	"SexM"	1.13930389323666	-0.415249466173014	0.640997194692557	0.0386635153411341	0.249345936646835	0.0758321632637341	0.270516974298655	NA	"abundance"	47	14
"Ruminococcus_B gnavus"	"Sequencing_Depth"	"Sequencing_Depth"	"Sequencing_Depth"	0.97822664428238	0	0.473099589689349	0.0386685158506665	0.249345936646835	0.0386685158506665	0.184918179994933	NA	"prevalence"	47	9
"Anaerotruncus sp910586875"	"Sequencing_Depth"	"Sequencing_Depth"	"Sequencing_Depth"	-0.105745358840617	-0.534932639053454	0.173241752177938	0.0389167021520804	0.250690898646837	0.0079839094427235	0.104464558421264	NA	"abundance"	47	13
"Bifidobacterium animalis"	"Site"	"Jejunum"	"SiteJejunum"	-1.04958975596199	0.0793922236573236	0.522940739189427	0.0390737825230749	0.251015787591768	0.0390737825230749	0.185554058669476	NA	"abundance"	47	36
"Choladocola sp910587765"	"Sex"	"M"	"SexM"	-1.22871041519291	-0.415249466173014	0.159027599126834	0.0391007979449673	0.251015787591768	0.0391007979449673	0.185554058669476	NA	"abundance"	47	7
"UBA3282 sp910578645"	"Genotype"	"MUT"	"GenotypeMUT"	2.10448834661224	0.195151488441185	0.823813210256004	0.0390286846033132	0.251015787591768	0.0390286846033132	0.185554058669476	NA	"abundance"	47	17
"Dysosmobacter sp910584465"	"Genotype"	"MUT"	"GenotypeMUT"	1.79953857383763	0	0.872350621061716	0.0391257820286426	0.251015787591768	0.00892057999590997	0.104562659028731	NA	"prevalence"	47	27
"NM07-P-09 sp004793925"	"Sequencing_Depth"	"Sequencing_Depth"	"Sequencing_Depth"	0.430201067544608	-0.534932639053454	0.453866271755849	0.0394653454339118	0.252087353961692	0.0394653454339118	0.186832593119148	NA	"abundance"	47	47
"Acetatifactor sp011959105"	"Sequencing_Depth"	"Sequencing_Depth"	"Sequencing_Depth"	-1.33267979581681	-0.534932639053454	0.304001591402032	0.0395705357741709	0.25246161382533	0.00293647703054028	0.0890773375616254	NA	"abundance"	47	11
"Mailhella excrementigallinarum"	"Sequencing_Depth"	"Sequencing_Depth"	"Sequencing_Depth"	-0.0997760975887469	-0.534932639053454	0.200852400760583	0.0399336726932655	0.253119894317153	0.00557991392171741	0.0997319558965519	NA	"abundance"	47	32
"Acutalibacter stercorigallinarum"	"Sequencing_Depth"	"Sequencing_Depth"	"Sequencing_Depth"	-0.905778830821162	-0.534932639053454	0.12270121206888	0.0400568977190834	0.253393408959599	0.0049661695479657	0.097327988084125	NA	"abundance"	47	9
"Adlercreutzia sp910585575"	"Sex"	"M"	"SexM"	-2.32252349502045	0	1.13143047800799	0.0400985812615427	0.25353039041389	1.4586723952647e-05	0.0036821058891896	NA	"prevalence"	47	39
"Turicimonas muris"	"Sex"	"M"	"SexM"	-2.32004359554578	-0.415249466173014	0.896410870420843	0.0404262267261571	0.254331599353726	0.0404262267261571	0.189544535238113	NA	"abundance"	47	43
"Zhenpiania sp910583765"	"Sequencing_Depth"	"Sequencing_Depth"	"Sequencing_Depth"	-1.14288034056414	-0.534932639053454	0.174634766253513	0.0404769990308738	0.25439813988719	0.0556607262250843	0.227536155557487	NA	"abundance"	47	8
"CAG-317 sp011960265"	"Genotype"	"MUT"	"GenotypeMUT"	1.92431032900987	0	0.939549399828865	0.0405481996902717	0.254455356158214	0.000280774534357154	0.0291840354240642	NA	"prevalence"	47	33
"COE1 sp910586715"	"Genotype"	"MUT"	"GenotypeMUT"	-1.16199456262907	0.195151488441185	0.495449790039592	0.0412589472528887	0.256595226038421	0.057502658355178	0.232112386781495	NA	"abundance"	47	10
"Lawsonibacter sp022801435"	"Sex"	"M"	"SexM"	-1.75185129628397	-0.415249466173014	0.627950445443337	0.0414114746564547	0.256737032942443	0.0414114746564547	0.192209921682542	NA	"abundance"	47	38
"MGYG000325643"	"Sequencing_Depth"	"Sequencing_Depth"	"Sequencing_Depth"	1.04892497174905	0	0.514347700942989	0.0414170501871125	0.256737032942443	0.0414170501871125	0.192209921682542	NA	"prevalence"	47	5
"14-2 sp910585395"	"Sequencing_Depth"	"Sequencing_Depth"	"Sequencing_Depth"	0.984656042560968	0	0.483350572113067	0.0416353391569479	0.257459757229432	0.0416353391569479	0.192993919992846	NA	"prevalence"	47	5
"Lachnoclostridium_B sp910588745"	"Sex"	"M"	"SexM"	-1.55145648201968	-0.415249466173014	0.520802669716633	0.0420265748702371	0.258598915389039	0.0420265748702371	0.194019484769978	NA	"abundance"	47	25
"MGYG000324606"	"Sequencing_Depth"	"Sequencing_Depth"	"Sequencing_Depth"	0.966807706826848	0	0.475419523155767	0.0419930955267365	0.258598915389039	0.0419930955267365	0.193991633452924	NA	"prevalence"	47	4
"MGYG000410149"	"Sequencing_Depth"	"Sequencing_Depth"	"Sequencing_Depth"	0.9067215822958	0	0.446379503200637	0.0422266387635968	0.259216679665183	0.0422266387635968	0.194435102788992	NA	"prevalence"	47	5
"MGYG000328855"	"Genotype"	"MUT"	"GenotypeMUT"	3.04348615991504	0.195151488441185	1.3185907280777	0.0425665867057599	0.260782189169935	0.00754410541332742	0.104144017698043	NA	"abundance"	47	26
"Clostridium sp910588715"	"Genotype"	"MUT"	"GenotypeMUT"	2.45404231351796	0	1.21022281316068	0.0425846725402318	0.260782189169935	0.0425846725402318	0.195193557402308	NA	"prevalence"	47	6
"MGYG000330170"	"Sequencing_Depth"	"Sequencing_Depth"	"Sequencing_Depth"	1.00501369139811	0	0.49641229737726	0.0429131426044021	0.261906730514234	0.0429131426044021	0.196144737510533	NA	"prevalence"	47	4
"CAG-475 sp910577815"	"Genotype"	"MUT"	"GenotypeMUT"	1.93143319981708	0	0.95576797017836	0.0432985999259994	0.263750566825457	0.0269022159974993	0.153498664982224	NA	"prevalence"	47	37
"Prevotella faecis"	"Sequencing_Depth"	"Sequencing_Depth"	"Sequencing_Depth"	1.19824057377836	0	0.592890410445532	0.0432781842557823	0.263750566825457	0.0432781842557823	0.197348520206367	NA	"prevalence"	47	4
"Bariatricus sp022793995"	"Sex"	"M"	"SexM"	-1.513647978637	-0.415249466173014	0.511529112690255	0.043345109427305	0.263779997659051	0.0623235269635535	0.244288492492798	NA	"abundance"	47	28
"MGYG000325650"	"Sex"	"M"	"SexM"	-1.63655060940759	0	0.811230855692706	0.043657196040356	0.264661296685262	0.0571857457944531	0.23132656178963	NA	"prevalence"	47	32
"Acetatifactor sp910585805"	"Genotype"	"MUT"	"GenotypeMUT"	2.24316861867298	0.195151488441185	0.934852151571952	0.0437953186953517	0.264864378426069	0.0437953186953517	0.198784951133413	NA	"abundance"	47	21
"Avigastranaerophilus sp910583875"	"Sex"	"M"	"SexM"	-2.60658021559989	0	1.29254203303288	0.0437340449003952	0.264864378426069	0.0437340449003952	0.198784951133413	NA	"prevalence"	47	8
"Acutalibacter sp009936035"	"Sex"	"M"	"SexM"	-2.03402157395395	-0.415249466173014	0.77432984018046	0.0439396153464702	0.265610148546141	0.0439396153464702	0.199080257223623	NA	"abundance"	47	42
"Faecousia sp900544705"	"Genotype"	"MUT"	"GenotypeMUT"	2.44122316654431	0	1.21273585990431	0.0441158541936962	0.266293983015645	0.0441158541936962	0.199367555908597	NA	"prevalence"	47	7
"MGYG000325747"	"Site"	"Jejunum"	"SiteJejunum"	0.964507101328099	0.0793922236573236	0.411524451092093	0.0442404622798743	0.266791696778775	0.0442404622798743	0.199675343163571	NA	"abundance"	47	25
"UBA866 sp022791945"	"Sex"	"M"	"SexM"	-2.36276167805755	0	1.17605974924659	0.0445319361322365	0.267870878829617	0.0445319361322365	0.200734518228729	NA	"prevalence"	47	9
"QAKD01 sp022793975"	"Sequencing_Depth"	"Sequencing_Depth"	"Sequencing_Depth"	0.999092990410557	0	0.497593715832482	0.0446593516584127	0.268422636890878	0.0446593516584127	0.201180559287228	NA	"prevalence"	47	7
"CAG-873 sp009775135"	"Sex"	"M"	"SexM"	-3.11888843081243	-0.415249466173014	1.29513314544376	0.0449434802173398	0.269746122613128	0.0449434802173398	0.201690020234988	NA	"abundance"	47	37
"UBA3282 sp009774575"	"Site"	"Jejunum"	"SiteJejunum"	-1.1868470790217	0.0793922236573236	0.500432217811872	0.0449721946647341	0.269790540315737	0.0449721946647341	0.201690020234988	NA	"abundance"	47	11
"1XD8-76 sp003611955"	"Sequencing_Depth"	"Sequencing_Depth"	"Sequencing_Depth"	-0.742105297155571	-0.534932639053454	0.0875170569570353	0.0450248951505829	0.269978741267683	0.0146922043463503	0.119543587326101	NA	"abundance"	47	14
"MGYG000323824"	"Sequencing_Depth"	"Sequencing_Depth"	"Sequencing_Depth"	0.839362882482876	0	0.418808189092943	0.0450518340515604	0.270012365257884	0.0450518340515604	0.201791104611172	NA	"prevalence"	47	8
"Coproplasma sp910578195"	"Sex"	"M"	"SexM"	1.43313049859226	-0.415249466173014	0.793483879268764	0.0451992785780966	0.270632512361264	0.0275229707859219	0.155132802679744	NA	"abundance"	47	14
"Eubacterium_R sp910577195"	"Genotype"	"MUT"	"GenotypeMUT"	2.28648616890216	0	1.14232169210133	0.0453263490445473	0.270632512361264	0.0453263490445473	0.202635442787388	NA	"prevalence"	47	6
"MGYG000340095"	"Genotype"	"MUT"	"GenotypeMUT"	2.28648616890216	0	1.14232169210133	0.0453263490445473	0.270632512361264	0.0453263490445473	0.202635442787388	NA	"prevalence"	47	6
"MGYG000350270"	"Genotype"	"MUT"	"GenotypeMUT"	2.28648616890216	0	1.14232169210133	0.0453263490445473	0.270632512361264	0.0453263490445473	0.202635442787388	NA	"prevalence"	47	6
"Paramuribaculum sp009775605"	"Genotype"	"MUT"	"GenotypeMUT"	-1.77674818138855	0	0.890006130339471	0.0458977404942966	0.272796854835312	0.0294757882738331	0.161750676645538	NA	"prevalence"	47	36
"Marseille-P3106 sp905219705"	"Sex"	"M"	"SexM"	-2.54006077239139	0	1.27368994096811	0.0461243452994861	0.273718688608015	0.0461243452994861	0.205144040169771	NA	"prevalence"	47	9
"CAG-590 sp910585605"	"Sex"	"M"	"SexM"	-1.11268520447563	-0.415249466173014	0.331531965170962	0.0461487017359842	0.273734895301822	0.0461487017359842	0.205144040169771	NA	"abundance"	47	35
"Gallimonas sp910586365"	"Genotype"	"MUT"	"GenotypeMUT"	3.54055018950369	0.195151488441185	1.3359643361023	0.0463420503050789	0.274367480244008	0.0463420503050789	0.205534922422005	NA	"abundance"	47	11
"MGYG000327261"	"Sequencing_Depth"	"Sequencing_Depth"	"Sequencing_Depth"	0.961866119293335	0	0.483189230760301	0.046518132181374	0.275176858328466	0.046518132181374	0.206138030255769	NA	"prevalence"	47	5
"MGYG000410574"	"Sex"	"M"	"SexM"	-2.30437447694938	0	1.15785125902238	0.0465671108065371	0.275313633157004	0.00105792497932351	0.0610103866648535	NA	"prevalence"	47	39
"Acetatifactor sp910586775"	"Sex"	"M"	"SexM"	-2.39887438661881	-0.415249466173014	0.923202729788626	0.046599822960073	0.275378412244913	0.046599822960073	0.206241420589728	NA	"abundance"	47	22
"Butyribacter sp009774235"	"Genotype"	"MUT"	"GenotypeMUT"	2.6261292438105	0.195151488441185	1.09595063296242	0.0467259401621574	0.275866115005871	0.0467259401621574	0.206634726494618	NA	"abundance"	47	17
"RACS-047 sp013316045"	"Genotype"	"MUT"	"GenotypeMUT"	-2.7154725501393	0	1.36571256240424	0.0467763953581478	0.27603525055638	0.0467763953581478	0.206634726494618	NA	"prevalence"	47	5
"MGYG000328451"	"Sex"	"M"	"SexM"	-1.59957526353839	0	0.805337484697144	0.0470091980872102	0.276368092024243	0.0129633263833696	0.115785177293055	NA	"prevalence"	47	35
"CAG-115 sp910587135"	"Sequencing_Depth"	"Sequencing_Depth"	"Sequencing_Depth"	-0.0335682267547133	-0.534932639053454	0.228417001978972	0.0474551243726401	0.278290449224057	0.00126166507240513	0.0666590057074523	NA	"abundance"	47	18
"Lactobacillus sp910589675"	"Sex"	"M"	"SexM"	-1.96631227068157	-0.415249466173014	0.760088415032117	0.0481097592020288	0.280891758293026	0.0481097592020288	0.211407114826637	NA	"abundance"	47	47
"Acetatifactor sp011959105"	"Genotype"	"MUT"	"GenotypeMUT"	1.47350347900868	0.195151488441185	0.51588200986051	0.0483899485513177	0.281747915714158	0.0483899485513177	0.212039774557169	NA	"abundance"	47	11
"MGBC164599 sp910588775"	"Sex"	"M"	"SexM"	-3.06096772305451	-0.415249466173014	1.19178566678452	0.0484674543062031	0.28193981461761	0.0484674543062031	0.212116388257736	NA	"abundance"	47	16
"MGYG000327450"	"Sex"	"M"	"SexM"	-1.92410717828009	-0.415249466173014	0.738319707119001	0.0488028119975814	0.283287146586375	0.0488028119975814	0.212646760435212	NA	"abundance"	47	41
"RUG572 sp900547945"	"Sequencing_Depth"	"Sequencing_Depth"	"Sequencing_Depth"	1.3434366545735	0	0.682990574657309	0.0491841907794911	0.284099476824676	0.0491841907794911	0.213665556502424	NA	"prevalence"	47	2
"Kineothrix sp910576535"	"Sex"	"M"	"SexM"	-1.63543124061088	-0.415249466173014	0.59261467783116	0.0492750058485892	0.284156275185167	0.0492750058485892	0.213928588045349	NA	"abundance"	47	34
"QXXE01 sp910589115"	"Genotype"	"MUT"	"GenotypeMUT"	-2.60393394061919	0	1.32517069567779	0.0494165500418015	0.284842755204519	0.0494165500418015	0.214034871641648	NA	"prevalence"	47	8
"CAG-873 sp011959565"	"Sex"	"M"	"SexM"	-2.44372278776366	-0.415249466173014	0.998631616237302	0.0499167374908698	0.286576587254059	0.0499167374908698	0.21565495145811	NA	"abundance"	47	41
"CAG-485 sp900554845"	"Sex"	"M"	"SexM"	-1.35005309919282	-0.415249466173014	0.45729869953451	0.0502713938272721	0.287662301382366	0.0388675454330194	0.185243298125813	NA	"abundance"	47	38
"Coproplasma sp013316055"	"Sequencing_Depth"	"Sequencing_Depth"	"Sequencing_Depth"	0.24523382860617	-0.534932639053454	0.358571817202072	0.0504978356283263	0.288060481435478	0.0181295169923753	0.12986676350825	NA	"abundance"	47	17
"Duncaniella sp001689575"	"Genotype"	"MUT"	"GenotypeMUT"	1.67989501237482	0.195151488441185	0.735404603848173	0.0505353969512636	0.288060481435478	0.0505353969512636	0.217265319739374	NA	"abundance"	47	45
"Agrobacterium pusense"	"Genotype"	"MUT"	"GenotypeMUT"	1.68165620550133	0	0.860035468735032	0.050543713799036	0.288060481435478	0.0121991294838695	0.113474699008785	NA	"prevalence"	47	8
"Paralachnospira_A sp910588405"	"Sex"	"M"	"SexM"	-2.44738692176774	-0.415249466173014	0.973511379114455	0.0507276120938807	0.28871042139738	0.0507276120938807	0.217826708553796	NA	"abundance"	47	24
"Clostridium_AP sp000509125"	"Sequencing_Depth"	"Sequencing_Depth"	"Sequencing_Depth"	0.906484335823477	0	0.464219860766042	0.0508545883194881	0.289181212465445	0.0508545883194881	0.218082825079487	NA	"prevalence"	47	5
"Enterenecus sp910575695"	"Sex"	"M"	"SexM"	-1.3238912800326	-0.415249466173014	0.448891982335776	0.0510481279470838	0.28989107382422	0.0510481279470838	0.218274753980634	NA	"abundance"	47	44
"MGYG000324467"	"Genotype"	"MUT"	"GenotypeMUT"	1.05050531251077	0.195151488441185	0.416460196687901	0.0512166002866432	0.290613070077633	0.0512166002866432	0.218593947841056	NA	"abundance"	47	31
"CAG-170 sp900553545"	"Sequencing_Depth"	"Sequencing_Depth"	"Sequencing_Depth"	1.00937818455153	0	0.51843421817591	0.0515377960956068	0.29129998165909	0.0515377960956068	0.219043381120715	NA	"prevalence"	47	3
"Marseille-P3106 sp910577415"	"Sequencing_Depth"	"Sequencing_Depth"	"Sequencing_Depth"	0.927582604027563	0	0.476310273241077	0.0514827796621218	0.29129998165909	0.0514827796621218	0.218941207371767	NA	"prevalence"	47	5
"Odoribacter sp009935865"	"Sequencing_Depth"	"Sequencing_Depth"	"Sequencing_Depth"	0.48029174327201	-0.534932639053454	0.369895070797893	0.0517620671263002	0.291612415925949	0.00494361488053641	0.097327988084125	NA	"abundance"	47	9
"Bacteroides fragilis"	"Sequencing_Depth"	"Sequencing_Depth"	"Sequencing_Depth"	0.992164281686703	0	0.510134047612254	0.0517859360641406	0.291612415925949	0.0517859360641406	0.219559539625289	NA	"prevalence"	47	4
"Eubacterium_J sp009774535"	"Genotype"	"MUT"	"GenotypeMUT"	2.20449551303226	0	1.13381893671212	0.0518580777570953	0.291612415925949	0.0518580777570953	0.219593379002151	NA	"prevalence"	47	7
"MGYG000411484"	"Sex"	"M"	"SexM"	-2.28033732571579	0	1.17223800073665	0.051740652945411	0.291612415925949	0.051740652945411	0.219509564836834	NA	"prevalence"	47	7
"MGYG000325423"	"Genotype"	"MUT"	"GenotypeMUT"	1.40765516122779	0.195151488441185	0.285671922514853	0.0520800733662822	0.291884183986017	0.0520800733662822	0.219593379002151	NA	"abundance"	47	7
"Ruthenibacterium sp013316265"	"Sex"	"M"	"SexM"	-1.81004354927203	-0.415249466173014	0.638941516081037	0.0520848745062104	0.291884183986017	0.0257312040259987	0.150180140425895	NA	"abundance"	47	16
"MGYG000325434"	"Sex"	"M"	"SexM"	-1.40138686558549	0	0.72176164994861	0.0521831180565931	0.291884183986017	0.00850900440143997	0.104464558421264	NA	"prevalence"	47	16
"MGYG000411069"	"Sequencing_Depth"	"Sequencing_Depth"	"Sequencing_Depth"	1.07685373889488	0	0.554749583615414	0.0522397394289009	0.292071829368828	0.0522397394289009	0.219821492852179	NA	"prevalence"	47	3
"Lachnoclostridium_B sp910588745"	"Genotype"	"MUT"	"GenotypeMUT"	1.11520930602388	0.195151488441185	0.44387646374954	0.052323130103898	0.292408909869819	0.052323130103898	0.219821492852179	NA	"abundance"	47	25
"COE1 sp910586095"	"Sequencing_Depth"	"Sequencing_Depth"	"Sequencing_Depth"	1.02678515178376	0	0.529397520111322	0.052436196512277	0.292629358483938	0.052436196512277	0.219821492852179	NA	"prevalence"	47	4
"MGYG000324752"	"Sequencing_Depth"	"Sequencing_Depth"	"Sequencing_Depth"	1.02678515178376	0	0.529397520111322	0.052436196512277	0.292629358483938	0.052436196512277	0.219821492852179	NA	"prevalence"	47	4
"UBA1405 sp910589145"	"Sequencing_Depth"	"Sequencing_Depth"	"Sequencing_Depth"	1.02678515178376	0	0.529397520111322	0.052436196512277	0.292629358483938	0.052436196512277	0.219821492852179	NA	"prevalence"	47	4
"MGYG000328991"	"Genotype"	"MUT"	"GenotypeMUT"	1.05171388140662	0.195151488441185	0.421418298833095	0.052993076787972	0.294075565972008	0.052993076787972	0.221499152417142	NA	"abundance"	47	32
"MGYG000328974"	"Sex"	"M"	"SexM"	-2.33819736268167	0	1.20813227634542	0.0529434464971656	0.294075565972008	0.0529434464971656	0.221422650794063	NA	"prevalence"	47	8
"UBA7177 sp910579545"	"Site"	"Jejunum"	"SiteJejunum"	-2.46112413129564	0	1.27238616869518	0.0530813172984855	0.294436158792388	0.0530813172984855	0.221605877534374	NA	"prevalence"	47	9
"MGYG000325711"	"Sequencing_Depth"	"Sequencing_Depth"	"Sequencing_Depth"	0.851882089936623	0	0.4413812227471	0.0536022537388694	0.295530445398449	0.0536022537388694	0.223000499584856	NA	"prevalence"	47	13
"Alistipes sp900552955"	"Sequencing_Depth"	"Sequencing_Depth"	"Sequencing_Depth"	1.20003750079149	0	0.622014919361437	0.0536967980175442	0.295575288405678	0.0536967980175442	0.223121086647856	NA	"prevalence"	47	13
"MGYG000325286"	"Sequencing_Depth"	"Sequencing_Depth"	"Sequencing_Depth"	-0.930621852213729	-0.534932639053454	0.182707204528969	0.053763331304713	0.295756735182554	0.00288948399341332	0.0884107050452181	NA	"abundance"	47	16
"MGYG000327196"	"Sequencing_Depth"	"Sequencing_Depth"	"Sequencing_Depth"	1.05419702863484	0	0.547254411046756	0.0540621696135836	0.297142398162719	0.0540621696135836	0.223587720789239	NA	"prevalence"	47	3
"Duncaniella sp910578615"	"Sex"	"M"	"SexM"	-2.48008690482995	-0.415249466173014	1.02839493736209	0.0542541737866227	0.297680681313858	0.0542541737866227	0.224250584984707	NA	"abundance"	47	34
"UBA3282 sp910578845"	"Sequencing_Depth"	"Sequencing_Depth"	"Sequencing_Depth"	-0.944698280962598	-0.534932639053454	0.176777632911758	0.0543294568120716	0.297889181523887	0.013257221608496	0.117046563199793	NA	"abundance"	47	12
"MGYG000324412"	"Sex"	"M"	"SexM"	0.47381541335409	-0.415249466173014	0.444402499621096	0.054854037051961	0.299156570876227	0.0501113472515056	0.215967684374172	NA	"abundance"	47	38
"Dysosmobacter sp022797935"	"Sex"	"M"	"SexM"	-1.3416519806571	-0.415249466173014	0.450906904289177	0.0551070424725935	0.300019330588425	0.0551070424725935	0.227051453453501	NA	"abundance"	47	24
"MGYG000323824"	"Sex"	"M"	"SexM"	-2.23069325411747	0	1.16388157633367	0.0552890056230834	0.300622093289085	0.0552890056230834	0.227051453453501	NA	"prevalence"	47	8
"MGYG000325515"	"Sex"	"M"	"SexM"	-1.28235331132415	-0.415249466173014	0.417056044238475	0.0553489848249704	0.300692437876424	0.0553489848249704	0.227051453453501	NA	"abundance"	47	21
"QXXE01 sp910589115"	"Sex"	"M"	"SexM"	-2.36973571660707	0	1.23673471529709	0.0553494533300734	0.300692437876424	0.0553494533300734	0.227051453453501	NA	"prevalence"	47	8
"1XD8-76 sp003611955"	"Sex"	"M"	"SexM"	-1.5640587597748	0	0.817609573740591	0.0557524923155484	0.301974774381777	0.0124240813369757	0.114431430947284	NA	"prevalence"	47	14
"Pelethomonas sp910577915"	"Sequencing_Depth"	"Sequencing_Depth"	"Sequencing_Depth"	-0.09733968621883	-0.534932639053454	0.209307404216191	0.055899836659144	0.302596914541859	0.00863086282200499	0.104464558421264	NA	"abundance"	47	19
"Bacteroides eggerthii"	"Sequencing_Depth"	"Sequencing_Depth"	"Sequencing_Depth"	1.10158575097789	0	0.576346996717207	0.0559629781120629	0.302596914541859	0.0559629781120629	0.228375478808349	NA	"prevalence"	47	4
"Paramuribaculum sp014800945"	"Sex"	"M"	"SexM"	0.430406422585924	-0.415249466173014	0.416503019984189	0.0561643176553246	0.303426347793896	0.0635887897059475	0.247491711044178	NA	"abundance"	47	27
"MGYG000325692"	"Sequencing_Depth"	"Sequencing_Depth"	"Sequencing_Depth"	0.849459965855151	0	0.444962905826669	0.0562546184674783	0.303654993842789	0.0562546184674783	0.229168670506131	NA	"prevalence"	47	6
"MGYG000345025"	"Sequencing_Depth"	"Sequencing_Depth"	"Sequencing_Depth"	-0.129531705312046	-0.534932639053454	0.163106729876426	0.0563043209564194	0.30379373174184	0.00361102445363739	0.0916220770418625	NA	"abundance"	47	10
"UBA3282 sp910578555"	"Sequencing_Depth"	"Sequencing_Depth"	"Sequencing_Depth"	0.878909017859795	0	0.46067486704784	0.0564076671934952	0.303887660381325	0.0564076671934952	0.229292961906216	NA	"prevalence"	47	6
"MGYG000325739"	"Sex"	"M"	"SexM"	2.58005650456446	0	1.35312547872271	0.0565544531383653	0.304494371682445	0.0565544531383653	0.229464336843838	NA	"prevalence"	47	5
"Lawsonibacter sp910578735"	"Genotype"	"MUT"	"GenotypeMUT"	1.1982121621123	0.195151488441185	0.507651058654329	0.0567189836966482	0.305120652627358	0.0567189836966482	0.229999871926511	NA	"abundance"	47	40
"Kineothrix sp910586275"	"Sequencing_Depth"	"Sequencing_Depth"	"Sequencing_Depth"	-1.07961775198312	-0.534932639053454	0.258130067326221	0.0570428862973448	0.306342322762745	0.0119247219530076	0.11220699251487	NA	"abundance"	47	17
"CAG-510 sp910577105"	"Sex"	"M"	"SexM"	-1.48946321156291	-0.415249466173014	0.536880082237217	0.0572425235667888	0.307153820817471	0.0572425235667888	0.23132656178963	NA	"abundance"	47	30
"MGYG000410809"	"Sex"	"M"	"SexM"	-2.18324565478142	0	1.14838746138644	0.0572836414279975	0.307244208981183	0.0572836414279975	0.231360444350335	NA	"prevalence"	47	8
"CAG-873 sp910586975"	"Sex"	"M"	"SexM"	-1.49727601389774	0	0.787911273540234	0.0573923929310783	0.307697123982037	0.0273489881362884	0.154870243458871	NA	"prevalence"	47	35
"MGYG000324257"	"Genotype"	"MUT"	"GenotypeMUT"	2.10384337585566	0.195151488441185	0.946468788940854	0.0576211636767192	0.308484276931997	0.0576211636767192	0.232457982230052	NA	"abundance"	47	25
"MGYG000324807"	"Sequencing_Depth"	"Sequencing_Depth"	"Sequencing_Depth"	-0.850256336511078	-0.534932639053454	0.144187686591112	0.0579664864908633	0.309594846414071	0.0206497166936806	0.137044316986793	NA	"abundance"	47	14
"CAG-95 sp011959285"	"Site"	"Jejunum"	"SiteJejunum"	0.557503346621399	0.0793922236573236	0.156894160909505	0.058085410164378	0.309707296487235	0.058085410164378	0.233531102981697	NA	"abundance"	47	8
"Anaerotardibacter sp000435675"	"Sex"	"M"	"SexM"	-1.62150435319862	-0.415249466173014	0.60249766331474	0.0591191203718763	0.313068234017183	0.0122061915575558	0.113474699008785	NA	"abundance"	47	26
"MGYG000328974"	"Sequencing_Depth"	"Sequencing_Depth"	"Sequencing_Depth"	0.803003012516783	0	0.425452031281023	0.0591050134483942	0.313068234017183	0.0591050134483942	0.236822128714994	NA	"prevalence"	47	8
"Parvibacter sp910587945"	"Sex"	"M"	"SexM"	-2.12165131659367	0	1.12561182922878	0.0594450701012243	0.313802942885278	0.0412316261285579	0.191835700845874	NA	"prevalence"	47	40
"Lawsonibacter sp910588635"	"Sex"	"M"	"SexM"	0.661870369167717	-0.415249466173014	0.554300181739216	0.0595583953286387	0.313881489352818	0.0595583953286387	0.238098833813811	NA	"abundance"	47	47
"UMGS124 sp900555105"	"Sequencing_Depth"	"Sequencing_Depth"	"Sequencing_Depth"	-0.896119773860873	-0.534932639053454	0.174593603653406	0.0600127723485925	0.314812131118311	0.00860964567467786	0.104464558421264	NA	"abundance"	47	18
"Eubacterium_F sp910589665"	"Sequencing_Depth"	"Sequencing_Depth"	"Sequencing_Depth"	0.963058111850153	0	0.512000747638015	0.0599759824694712	0.314812131118311	0.0599759824694712	0.239092072247164	NA	"prevalence"	47	5
"COE1 sp910578795"	"Sex"	"M"	"SexM"	-2.21638155657081	0	1.18030824853482	0.0604086778225649	0.315556151745585	0.0604086778225649	0.240161567662478	NA	"prevalence"	47	9
"MGYG000327466"	"Sequencing_Depth"	"Sequencing_Depth"	"Sequencing_Depth"	0.851989341483257	0	0.453726700711002	0.0604141577962487	0.315556151745585	0.0604141577962487	0.240161567662478	NA	"prevalence"	47	5
"COE1 sp003513705"	"Sequencing_Depth"	"Sequencing_Depth"	"Sequencing_Depth"	-0.896570584350303	-0.534932639053454	0.17674965060645	0.0609081152964777	0.317534976698029	0.00803397803397629	0.104464558421264	NA	"abundance"	47	19
"Acutalibacter ornithocaccae"	"Sequencing_Depth"	"Sequencing_Depth"	"Sequencing_Depth"	-0.978311595373722	-0.534932639053454	0.18345773382633	0.0610922249972943	0.318232668319239	0.0370282310282369	0.181648203758545	NA	"abundance"	47	10
"MGYG000327388"	"Genotype"	"MUT"	"GenotypeMUT"	2.23221407155342	0	1.19272569300151	0.0612725663958358	0.318909599275695	0.0612725663958358	0.242197388171251	NA	"prevalence"	47	6
"Acutalibacter ornithocaccae"	"Genotype"	"MUT"	"GenotypeMUT"	1.24222901484737	0.195151488441185	0.434814287505537	0.061681935391952	0.319202754779774	0.061681935391952	0.242743830373228	NA	"abundance"	47	10
"UBA7173 sp001689685"	"Sex"	"M"	"SexM"	-1.94966957891315	-0.415249466173014	0.795547353993161	0.061423728182757	0.319202754779774	0.061423728182757	0.242197388171251	NA	"abundance"	47	44
"Blautia_A wexlerae"	"Sex"	"M"	"SexM"	-2.24902373511372	0	1.20298983365575	0.0615493274398614	0.319202754779774	0.0615493274398614	0.242491999077447	NA	"prevalence"	47	7
"MGBC120314 sp910584325"	"Sequencing_Depth"	"Sequencing_Depth"	"Sequencing_Depth"	0.788866876205366	0	0.421783212015258	0.0614402825397641	0.319202754779774	0.0614402825397641	0.242197388171251	NA	"prevalence"	47	9
"Acutalibacter sp009936035"	"Genotype"	"MUT"	"GenotypeMUT"	1.64372463644085	0.195151488441185	0.752723226379042	0.0622822073443423	0.321520465156886	0.0622822073443423	0.244288492492798	NA	"abundance"	47	42
"MGYG000325435"	"Sequencing_Depth"	"Sequencing_Depth"	"Sequencing_Depth"	-0.169899042056817	-0.534932639053454	0.178413900508937	0.062598137050614	0.3222556818449	0.00458250415775832	0.0960930091857962	NA	"abundance"	47	18
"UBA3282 sp009774575"	"Sequencing_Depth"	"Sequencing_Depth"	"Sequencing_Depth"	-1.28527458192824	-0.534932639053454	0.328339163419489	0.062594260029794	0.3222556818449	0.0038466571107446	0.0924413033859377	NA	"abundance"	47	11
"Acetatifactor sp910584435"	"Sex"	"M"	"SexM"	-2.19343096348193	0	1.18135330330326	0.0633523671817725	0.324661645257845	0.0633523671817725	0.24725264011086	NA	"prevalence"	47	8
"COE1 sp910588755"	"Sequencing_Depth"	"Sequencing_Depth"	"Sequencing_Depth"	0.727556976633608	0	0.391982329318988	0.0634398237701198	0.324978263570286	0.0525222496580845	0.220051725301328	NA	"prevalence"	47	8
"SFMI01 sp004556155"	"Sequencing_Depth"	"Sequencing_Depth"	"Sequencing_Depth"	1.2215079981199	0	0.65847119132463	0.0635866984026221	0.325335662239446	0.0635866984026221	0.247491711044178	NA	"prevalence"	47	3
"MGYG000325310"	"Sex"	"M"	"SexM"	-1.77101153849479	-0.415249466173014	0.703834495917664	0.0636643874083656	0.325470038697533	0.00975190236500101	0.105076319492646	NA	"abundance"	47	37
"MGYG000327388"	"Sequencing_Depth"	"Sequencing_Depth"	"Sequencing_Depth"	0.840708622343459	0	0.453377327937459	0.0636927694174327	0.32548367997007	0.0636927694174327	0.247491711044178	NA	"prevalence"	47	6
"CAJUPY01 sp910588035"	"Genotype"	"MUT"	"GenotypeMUT"	-1.1529682436845	0.195151488441185	0.697141157718766	0.0637433487452531	0.325548587505482	0.0473098185552488	0.208394266000751	NA	"abundance"	47	33
"Dysosmobacter sp910584465"	"Sex"	"M"	"SexM"	-1.20401336480066	-0.415249466173014	0.401507256385673	0.0637569085500149	0.325548587505482	0.0158311772061188	0.123519254451311	NA	"abundance"	47	27
"UBA7109 sp910576335"	"Sex"	"M"	"SexM"	-1.27317654144004	-0.415249466173014	0.447982386756995	0.063863684782999	0.325830923814269	0.063863684782999	0.24787947503912	NA	"abundance"	47	46
"Lawsonibacter sp022799835"	"Genotype"	"MUT"	"GenotypeMUT"	1.33695205006943	0.195151488441185	0.595791454934639	0.0642637880169086	0.327607423338376	0.0642637880169086	0.248557458210716	NA	"abundance"	47	39
"MGYG000402809"	"Genotype"	"MUT"	"GenotypeMUT"	1.61207863726866	0.195151488441185	0.723414090200986	0.0645770886374244	0.328576092649279	0.0645770886374244	0.249168029092128	NA	"abundance"	47	25
"MGYG000328446"	"Genotype"	"MUT"	"GenotypeMUT"	-2.66085842193285	0	1.43975669702512	0.0645834506645131	0.328576092649279	0.0645834506645131	0.249168029092128	NA	"prevalence"	47	5
"MGYG000410706"	"Genotype"	"MUT"	"GenotypeMUT"	0.870195493652937	0.195151488441185	0.351580043699221	0.0647994901950804	0.329410420437481	0.0647994901950804	0.249865137315236	NA	"abundance"	47	39
"Merdisoma sp910587955"	"Genotype"	"MUT"	"GenotypeMUT"	1.7951147302196	0	0.972454344452997	0.0648975793004967	0.329623119442072	0.0617561814018473	0.24290077359391	NA	"prevalence"	47	9
"MGYG000399267"	"Sequencing_Depth"	"Sequencing_Depth"	"Sequencing_Depth"	-0.0765470040499072	-0.534932639053454	0.240047181685915	0.0650297004763358	0.329653964208834	0.0447950635457765	0.201535015366995	NA	"abundance"	47	39
"MGYG000329537"	"Sex"	"M"	"SexM"	-2.09013580275186	0	1.13298867579714	0.0650668566082364	0.329710276600102	0.00241285850244589	0.0842360560638557	NA	"prevalence"	47	40
"Alistipes onderdonkii"	"Sequencing_Depth"	"Sequencing_Depth"	"Sequencing_Depth"	-1.330945595711	-0.534932639053454	0.353784288324584	0.0656422442755999	0.330709757179775	0.0223903795460627	0.143217377947123	NA	"abundance"	47	11
"MGBC105563 sp910579165"	"Sex"	"M"	"SexM"	0.0273690619283315	-0.415249466173014	0.228003515200531	0.065936007038855	0.331104727195172	0.0518918495310277	0.219593379002151	NA	"abundance"	47	39
"Kineothrix sp910587275"	"Sequencing_Depth"	"Sequencing_Depth"	"Sequencing_Depth"	-0.819206449871093	-0.534932639053454	0.143430394271667	0.066462541379801	0.332522865132617	0.00974512516839499	0.105076319492646	NA	"abundance"	47	21
"MGYG000330231"	"Sex"	"M"	"SexM"	-1.33697189497502	-0.415249466173014	0.470726499378027	0.0680884764163376	0.336594155053611	0.0132896217468859	0.117052310066257	NA	"abundance"	47	22
"MGBC164599 sp910588775"	"Genotype"	"MUT"	"GenotypeMUT"	-2.85444908604765	0.195151488441185	1.52004016216286	0.0701562848328963	0.341816109859431	0.00979072272670457	0.105076319492646	NA	"abundance"	47	16
"Enterorhabdus sp910589695"	"Genotype"	"MUT"	"GenotypeMUT"	-0.478966180447729	0.195151488441185	0.357165278224377	0.0710082858965697	0.344640675950452	0.0340589295743298	0.174188505232535	NA	"abundance"	47	33
"Bilophila faecipullorum"	"Sequencing_Depth"	"Sequencing_Depth"	"Sequencing_Depth"	-0.108795707064905	-0.534932639053454	0.223464540175492	0.0715488173575544	0.346293508764997	0.00175912349926266	0.0753544538956879	NA	"abundance"	47	25
"MGYG000325379"	"Sex"	"M"	"SexM"	-1.25789335109541	0	0.698108888777832	0.0715676899138279	0.346293508764997	0.0467590484381274	0.206634726494618	NA	"prevalence"	47	26
"MGYG000325457"	"Sex"	"M"	"SexM"	0.589864797902722	-0.415249466173014	0.514154071269278	0.0718440539625782	0.346515377438447	0.0219749354801035	0.141461695686579	NA	"abundance"	47	19
"MGYG000325533"	"Sequencing_Depth"	"Sequencing_Depth"	"Sequencing_Depth"	0.833581729829588	0	0.463050360047827	0.0718295848209208	0.346515377438447	0.0289257797131547	0.160476774735147	NA	"prevalence"	47	6
"MGYG000328540"	"Sex"	"M"	"SexM"	-1.31106895164971	0	0.728192853656398	0.0717908840482093	0.346515377438447	0.0169482213324656	0.126804377030819	NA	"prevalence"	47	33
"Emergencia sp009936045"	"Sex"	"M"	"SexM"	0.690900299878075	-0.415249466173014	0.569448234632584	0.0721611405606084	0.347198532574517	0.0141379698726608	0.118117223475137	NA	"abundance"	47	20
"UBA2821 sp014799465"	"Genotype"	"MUT"	"GenotypeMUT"	1.53295559361135	0	0.852406305771421	0.0721158547653402	0.347198532574517	0.0444180448341395	0.200348909309316	NA	"prevalence"	47	31
"QANA01 sp910588425"	"Genotype"	"MUT"	"GenotypeMUT"	-1.50238077480517	0	0.836294803400794	0.0724193723590545	0.34782505612195	0.0402971769972208	0.189230626044062	NA	"prevalence"	47	30
"MGYG000328709"	"Sex"	"M"	"SexM"	0.640229268419156	-0.415249466173014	0.564973739896147	0.0738671604711194	0.351034026886758	0.00157395419956815	0.0739804071664297	NA	"abundance"	47	31
"14-2 sp910577785"	"Sex"	"M"	"SexM"	-2.08553102049387	-0.415249466173014	0.892468501267114	0.073943537634684	0.351075822052423	0.0173138524097591	0.127853672612301	NA	"abundance"	47	29
"MGYG000328055"	"Sequencing_Depth"	"Sequencing_Depth"	"Sequencing_Depth"	-1.22615507037788	-0.534932639053454	0.347198706181871	0.0747434630287094	0.353155190376037	0.00771572193971045	0.104464558421264	NA	"abundance"	47	15
"UBA3282 sp910578645"	"Sequencing_Depth"	"Sequencing_Depth"	"Sequencing_Depth"	-1.45585746668749	-0.534932639053454	0.472687221620214	0.0753273601084796	0.353615604918373	0.0030379899831998	0.0905825019991099	NA	"abundance"	47	17
"Duncaniella sp001701225"	"Sex"	"M"	"SexM"	-1.17798527166396	0	0.663265258911951	0.0757264135854965	0.353615604918373	0.0612355140675059	0.242197388171251	NA	"prevalence"	47	26
"MGYG000325803"	"Sequencing_Depth"	"Sequencing_Depth"	"Sequencing_Depth"	-0.0447617173377076	-0.534932639053454	0.261465133495918	0.0760266535141838	0.353629395271875	0.00397006250538583	0.0925220051811803	NA	"abundance"	47	25
"UBA7109 sp910575605"	"Sex"	"M"	"SexM"	-2.02522343670227	0	1.1414023659605	0.0760087292648341	0.353629395271875	0.0177856771123122	0.129367546050337	NA	"prevalence"	47	40
"Eubacterium_G sp910584795"	"Sequencing_Depth"	"Sequencing_Depth"	"Sequencing_Depth"	-0.211744728902709	-0.534932639053454	0.17517407479515	0.0760986887084878	0.353714315183285	0.0113340644440208	0.109438753402103	NA	"abundance"	47	35
"Ruminiclostridium_E sp910588335"	"Sex"	"M"	"SexM"	-1.19668591557016	0	0.67562647258503	0.0765234370653512	0.354421392745414	0.0171306932846497	0.127563177276579	NA	"prevalence"	47	32
"Thomasclavelia cocleata"	"Sex"	"M"	"SexM"	-1.59740624080893	-0.415249466173014	0.636697145121492	0.0776262476418565	0.357282487816723	0.000500361613512525	0.0421018557655539	NA	"abundance"	47	27
"1XD8-76 sp910577955"	"Sequencing_Depth"	"Sequencing_Depth"	"Sequencing_Depth"	-0.0855836899681929	-0.534932639053454	0.238844119952628	0.0778780383723254	0.357745749921523	0.00551355496257819	0.0995165951934802	NA	"abundance"	47	22
"Avimonas_A sp022800315"	"Sequencing_Depth"	"Sequencing_Depth"	"Sequencing_Depth"	0.669218005571967	0	0.37965372028411	0.0779500372151025	0.357745749921523	0.0609954089455467	0.241656698669913	NA	"prevalence"	47	8
"Eubacterium_J sp910586445"	"Genotype"	"MUT"	"GenotypeMUT"	1.32993575980805	0	0.754368902516793	0.0779042045319418	0.357745749921523	0.0504512960959186	0.217035764337159	NA	"prevalence"	47	13
"Butyribacter sp910586605"	"Sequencing_Depth"	"Sequencing_Depth"	"Sequencing_Depth"	-0.830794642953837	-0.534932639053454	0.138571036362916	0.0782939248756591	0.358684220440135	0.0298283506027425	0.162299293348871	NA	"abundance"	47	11
"Thomasclavelia ramosa"	"Genotype"	"MUT"	"GenotypeMUT"	1.6195042878085	0	0.922667602605597	0.0792180412896521	0.36030972570766	0.0225826899118825	0.143667373804847	NA	"prevalence"	47	28
"MGYG000325313"	"Sex"	"M"	"SexM"	-1.28106721452565	0	0.731589817428282	0.0799333273801666	0.362520981002561	0.00875899362073772	0.104464558421264	NA	"prevalence"	47	15
"Enterococcus faecalis"	"Sequencing_Depth"	"Sequencing_Depth"	"Sequencing_Depth"	-2.40414177185027	-0.534932639053454	0.987168041530248	0.080734017854788	0.364975427859252	0.013674342707926	0.117426217090615	NA	"abundance"	47	18
"MGYG000410711"	"Sequencing_Depth"	"Sequencing_Depth"	"Sequencing_Depth"	-0.310169368928615	-0.534932639053454	0.123390083824126	0.0808657360151874	0.365303849246747	0.0129906119968014	0.115785177293055	NA	"abundance"	47	36
"QANA01 sp910588425"	"Sex"	"M"	"SexM"	1.19358948916465	-0.415249466173014	0.887186177859362	0.0821139079642788	0.367947950040715	0.00298143204978391	0.0896713265015857	NA	"abundance"	47	30
"Nanosyncoccus sp003979185"	"Sex"	"M"	"SexM"	1.55983830117073	-0.415249466173014	1.07905772897562	0.0824047056693433	0.368105520936378	0.0205600537452625	0.136705982945922	NA	"abundance"	47	25
"Marvinbryantia sp900550755"	"Sequencing_Depth"	"Sequencing_Depth"	"Sequencing_Depth"	-0.216324188690714	-0.534932639053454	0.166056935911003	0.0827934040695298	0.369013700250743	0.0325219574336631	0.170934136167979	NA	"abundance"	47	16
"Kineothrix sp009911195"	"Sequencing_Depth"	"Sequencing_Depth"	"Sequencing_Depth"	-1.14574567728748	-0.534932639053454	0.324963060490829	0.084981537953172	0.374016609667418	0.0273359197996632	0.154870243458871	NA	"abundance"	47	17
"Dysosmobacter sp910589315"	"Genotype"	"MUT"	"GenotypeMUT"	1.35780052401429	0.195151488441185	0.650631757086476	0.0860166479004776	0.377007870195376	0.00946935465520344	0.104562659028731	NA	"abundance"	47	31
"HGM11386 sp022791055"	"Sequencing_Depth"	"Sequencing_Depth"	"Sequencing_Depth"	0.19856072326506	-0.534932639053454	0.325026529064651	0.0872346930170287	0.380370907409421	0.0228369181310117	0.144285612692297	NA	"abundance"	47	9
"Eisenbergiella porci"	"Sequencing_Depth"	"Sequencing_Depth"	"Sequencing_Depth"	-2.55212846445313	-0.534932639053454	0.898591869442101	0.0881299508147588	0.382299149216318	0.0626638489396519	0.245242571597707	NA	"abundance"	47	9
"Desulfovibrio sp910584445"	"Sex"	"M"	"SexM"	-1.24759436695708	-0.415249466173014	0.470093073824134	0.088327844456165	0.382764072278719	0.0113182051899536	0.109438753402103	NA	"abundance"	47	35
"Adlercreutzia sp910585575"	"Sequencing_Depth"	"Sequencing_Depth"	"Sequencing_Depth"	1.34057562336955	0	0.786979554726	0.0884850040451552	0.383010098322187	0.0300396033953099	0.163323012921577	NA	"prevalence"	47	39
"Marseille-P3106 sp022800215"	"Sequencing_Depth"	"Sequencing_Depth"	"Sequencing_Depth"	0.23730808456329	-0.534932639053454	0.409589580938323	0.0888825057843923	0.383984559119057	0.0285633262893082	0.159407234629548	NA	"abundance"	47	15
"Klebsiella michiganensis"	"Sequencing_Depth"	"Sequencing_Depth"	"Sequencing_Depth"	0.64110993957453	0	0.378823065911034	0.0905748714679709	0.387329974000532	0.0231556769148486	0.14467350574768	NA	"prevalence"	47	8
"Choladocola sp910584205"	"Sequencing_Depth"	"Sequencing_Depth"	"Sequencing_Depth"	-0.205985499354169	-0.534932639053454	0.188175275789098	0.0906601341521148	0.387432808270584	0.0384646371680739	0.184567586900167	NA	"abundance"	47	39
"MGYG000380869"	"Sequencing_Depth"	"Sequencing_Depth"	"Sequencing_Depth"	-0.126684166535402	-0.534932639053454	0.234342112900396	0.0909603014322191	0.38779485846706	0.0520297687837903	0.219593379002151	NA	"abundance"	47	39
"MGYG000330030"	"Genotype"	"MUT"	"GenotypeMUT"	1.36027230140061	0.195151488441185	0.646558757625132	0.0922209340269886	0.390935225356203	0.0303026395657954	0.164247742677179	NA	"abundance"	47	20
"Choladocola sp910587765"	"Sequencing_Depth"	"Sequencing_Depth"	"Sequencing_Depth"	-0.339423524829496	-0.534932639053454	0.0616555076773985	0.0924028382373669	0.391157988676783	0.0208048056537682	0.137403041654759	NA	"abundance"	47	7
"CAG-510 sp910578335"	"Genotype"	"MUT"	"GenotypeMUT"	1.43903900109967	0.195151488441185	0.688053427990623	0.0941941359672587	0.395459161881778	0.0150796163546491	0.120979260379863	NA	"abundance"	47	18
"MGYG000330215"	"Sequencing_Depth"	"Sequencing_Depth"	"Sequencing_Depth"	-1.2990393486041	-0.534932639053454	0.349473800123482	0.0943926958466879	0.395654657578386	0.0403199381469097	0.189230626044062	NA	"abundance"	47	9
"MGYG000325877"	"Sequencing_Depth"	"Sequencing_Depth"	"Sequencing_Depth"	-0.14441455867678	-0.534932639053454	0.213243775412924	0.0950097811510709	0.396516257767971	0.021356940716029	0.138765444267368	NA	"abundance"	47	16
"Bacteroides thetaiotaomicron"	"Genotype"	"MUT"	"GenotypeMUT"	3.9076144203669	0.195151488441185	1.99736465082323	0.0960152987238927	0.399921570005605	0.0249360423551973	0.147611346203128	NA	"abundance"	47	14
"Bacteroides acidifaciens"	"Sex"	"M"	"SexM"	-1.2603775234821	-0.415249466173014	0.493625681063476	0.0975481388271093	0.403228319368696	0.0501113472515056	0.215967684374172	NA	"abundance"	47	38
"Eubacterium_F sp910579145"	"Sex"	"M"	"SexM"	-1.75705782256871	-0.415249466173014	0.745462376160204	0.0974349688518652	0.403228319368696	0.0213065231091071	0.138765444267368	NA	"abundance"	47	17
"Pediococcus pentosaceus"	"Sex"	"M"	"SexM"	-1.09231209088316	-0.415249466173014	0.394004054829844	0.0975268309672496	0.403228319368696	0.0429154229539231	0.196144737510533	NA	"abundance"	47	38
"MGYG000329420"	"Genotype"	"MUT"	"GenotypeMUT"	1.55539096178749	0.195151488441185	0.777458313000252	0.097683218120855	0.40341734909422	0.0315496243708254	0.167916223684483	NA	"abundance"	47	23
"MGYG000366993"	"Sex"	"M"	"SexM"	-1.34106359191128	0	0.810930643234085	0.098181567314878	0.405078969710471	0.0270395452147927	0.15387721866196	NA	"prevalence"	47	36
"CAG-95 sp910579425"	"Sex"	"M"	"SexM"	-1.26890800286365	0	0.768744943408382	0.0988156012058766	0.406899115180217	0.0197087743859487	0.133943862846044	NA	"prevalence"	47	36
"Paralachnospira sp022800815"	"Genotype"	"MUT"	"GenotypeMUT"	-0.63281706924113	0.195151488441185	0.479294157866034	0.100626997335696	0.410485508306555	0.0383100773682752	0.183950833450387	NA	"abundance"	47	25
"MGYG000329984"	"Sequencing_Depth"	"Sequencing_Depth"	"Sequencing_Depth"	1.60811649282535	0	0.981961994622814	0.101493359181058	0.411150964224956	0.0524040917285285	0.219821492852179	NA	"prevalence"	47	42
"MGYG000325558"	"Sequencing_Depth"	"Sequencing_Depth"	"Sequencing_Depth"	-0.821052413788913	-0.534932639053454	0.163575854645764	0.102221518338375	0.412662715019708	0.00499214552596637	0.097327988084125	NA	"abundance"	47	20
"MGYG000330019"	"Sequencing_Depth"	"Sequencing_Depth"	"Sequencing_Depth"	-0.251707681120925	-0.534932639053454	0.16596144589888	0.102395794159017	0.412662715019708	0.00120187957098013	0.0653452677514429	NA	"abundance"	47	29
"Lachnospira sp910589305"	"Sequencing_Depth"	"Sequencing_Depth"	"Sequencing_Depth"	0.701030870091255	0	0.42999034906533	0.103029459345775	0.414222285797403	0.0461427956203631	0.205144040169771	NA	"prevalence"	47	22
"MGYG000325504"	"Sequencing_Depth"	"Sequencing_Depth"	"Sequencing_Depth"	-1.29573687923166	-0.534932639053454	0.396504691874397	0.103676070088901	0.415426304268852	0.0138795786435288	0.117426217090615	NA	"abundance"	47	11
"Choladocola sp910585995"	"Genotype"	"MUT"	"GenotypeMUT"	-1.56404303759182	0.195151488441185	1.04366013609825	0.103916723463357	0.416127138753296	0.00172052571963046	0.0752959993691244	NA	"abundance"	47	31
"MGYG000325435"	"Sex"	"M"	"SexM"	-1.25865574910167	0	0.774405210927503	0.104094537356752	0.416707354162482	0.0373622627735157	0.181858410682628	NA	"prevalence"	47	18
"MGYG000325597"	"Sequencing_Depth"	"Sequencing_Depth"	"Sequencing_Depth"	-0.00429903770265846	-0.534932639053454	0.293684306963328	0.104568281564117	0.417837558248258	0.0260634785982515	0.150997267813477	NA	"abundance"	47	14
"CAG-485 sp910589425"	"Genotype"	"MUT"	"GenotypeMUT"	-1.25464200453257	0	0.774413629578795	0.105206780681543	0.419058229933591	0.0553699710749571	0.227051453453501	NA	"prevalence"	47	31
"Scatocola sp910577205"	"Sex"	"M"	"SexM"	2.17305309593911	-0.415249466173014	1.49495042532934	0.105499905478165	0.419678756613016	0.0119819944307224	0.112319279358549	NA	"abundance"	47	19
"Eisenbergiella sp910585455"	"Sequencing_Depth"	"Sequencing_Depth"	"Sequencing_Depth"	-0.762699785662146	-0.534932639053454	0.132747190680419	0.106412872457866	0.421800801680627	0.00525180670825299	0.0984003589832887	NA	"abundance"	47	22
"1XD8-76 sp910584915"	"Sequencing_Depth"	"Sequencing_Depth"	"Sequencing_Depth"	-0.969314661330608	-0.534932639053454	0.189373890801004	0.106497448935932	0.421923226488585	0.00776654189513433	0.104464558421264	NA	"abundance"	47	8
"Parabacteroides johnsonii"	"Sequencing_Depth"	"Sequencing_Depth"	"Sequencing_Depth"	0.626251070751531	0	0.388494462515213	0.106963061571042	0.422577538503821	0.0129152874399554	0.115785177293055	NA	"prevalence"	47	9
"MGYG000328451"	"Genotype"	"MUT"	"GenotypeMUT"	-1.27927530130372	0	0.795083836217926	0.107620354497316	0.423851414818615	0.00614657605849528	0.101164333866828	NA	"prevalence"	47	35
"Emergencia sp009936045"	"Genotype"	"MUT"	"GenotypeMUT"	1.05705788296517	0.195151488441185	0.502847438728125	0.108189953517668	0.425036757177728	0.0304142770469536	0.164726521201431	NA	"abundance"	47	20
"Acetatifactor sp910579755"	"Sequencing_Depth"	"Sequencing_Depth"	"Sequencing_Depth"	-1.12902536106898	-0.534932639053454	0.35568192624091	0.109413972395216	0.428040832444911	0.0146814484765868	0.119543587326101	NA	"abundance"	47	27
"CAG-485 sp910588245"	"Sex"	"M"	"SexM"	-1.11081645073671	-0.415249466173014	0.419135650631192	0.109710554215214	0.428614120533127	0.00744331329059127	0.103765953329189	NA	"abundance"	47	35
"MGYG000327336"	"Sex"	"M"	"SexM"	-1.80667683942945	-0.415249466173014	0.810366383063999	0.11008948472231	0.429160349587261	0.00211830757628543	0.0792179785671185	NA	"abundance"	47	18
"Angelakisella sp910585535"	"Sex"	"M"	"SexM"	-1.50246742589124	-0.415249466173014	0.65211331060521	0.110401482829808	0.429633293596185	0.0142172992703065	0.118499848163357	NA	"abundance"	47	27
"MGYG000325647"	"Sequencing_Depth"	"Sequencing_Depth"	"Sequencing_Depth"	-0.257609166630698	-0.534932639053454	0.154196750955368	0.111383354201662	0.431375906068716	0.00407433996353124	0.0925220051811803	NA	"abundance"	47	13
"MGYG000360698"	"Sequencing_Depth"	"Sequencing_Depth"	"Sequencing_Depth"	-0.20057772413783	-0.534932639053454	0.194986305900489	0.11126726156544	0.431375906068716	0.00981952079680768	0.105076319492646	NA	"abundance"	47	18
"MD308 sp910586965"	"Genotype"	"MUT"	"GenotypeMUT"	1.42108352081395	0	0.894921659909	0.112299497903798	0.433116101299902	0.0564473335762331	0.229292961906216	NA	"prevalence"	47	35
"MGYG000325717"	"Genotype"	"MUT"	"GenotypeMUT"	-1.42335622650282	0	0.897577359421516	0.112790235016696	0.433687361737953	0.0288966743687865	0.160441236793859	NA	"prevalence"	47	37
"D16-34 sp910588485"	"Sequencing_Depth"	"Sequencing_Depth"	"Sequencing_Depth"	-0.922542272619952	-0.534932639053454	0.224582693925118	0.113200911840366	0.434738210581114	0.0344838159525832	0.174968852227465	NA	"abundance"	47	16
"Choladocola sp009774155"	"Sex"	"M"	"SexM"	-1.19233370854146	-0.415249466173014	0.463725036282785	0.113634916283301	0.43562965060251	0.0253021112348047	0.148947579649235	NA	"abundance"	47	22
"Dielma fastidiosa"	"Sequencing_Depth"	"Sequencing_Depth"	"Sequencing_Depth"	-0.0402680746228508	-0.534932639053454	0.245314991543851	0.11439501863622	0.437106104879678	0.0621113195272627	0.243890448010385	NA	"abundance"	47	9
"MGYG000328896"	"Sequencing_Depth"	"Sequencing_Depth"	"Sequencing_Depth"	-0.266624883824868	-0.534932639053454	0.163117641776696	0.115248373162155	0.437735322862745	0.0422926775641654	0.194539283198547	NA	"abundance"	47	28
"MGYG000329336"	"Sequencing_Depth"	"Sequencing_Depth"	"Sequencing_Depth"	-1.20419107497722	-0.534932639053454	0.399613408587451	0.115021230499201	0.437735322862745	0.0140382707299797	0.117850168832316	NA	"abundance"	47	20
"M3 sp001689445"	"Sex"	"M"	"SexM"	-1.80242333677463	0	1.14593316248449	0.115744993333987	0.437735322862745	0.0212004091531087	0.138232926101635	NA	"prevalence"	47	41
"ZJ304 sp943192905"	"Sequencing_Depth"	"Sequencing_Depth"	"Sequencing_Depth"	-0.343483765358398	-0.534932639053454	0.11736788514306	0.116890846264816	0.439008454987108	0.0259694741608023	0.150699707199138	NA	"abundance"	47	33
"Bacteroides sp910585845"	"Genotype"	"MUT"	"GenotypeMUT"	-0.442103517782409	0.195151488441185	0.397383860589302	0.120927025949119	0.447120755415577	0.0439036888365927	0.199045075495213	NA	"abundance"	47	35
"MGYG000369796"	"Sex"	"M"	"SexM"	0.370100958528116	-0.415249466173014	0.462335882258922	0.121598410025444	0.448316496452263	0.0398377859774994	0.188091831188354	NA	"abundance"	47	15
"MGBC114844 sp910585255"	"Sequencing_Depth"	"Sequencing_Depth"	"Sequencing_Depth"	-0.816934949954247	-0.534932639053454	0.170488013906421	0.121886040621458	0.448628526369997	0.0155478085518883	0.122440546967605	NA	"abundance"	47	19
"14-2 sp910584585"	"Sequencing_Depth"	"Sequencing_Depth"	"Sequencing_Depth"	-0.890433331520187	-0.534932639053454	0.222473647006296	0.121924357529863	0.448639103957268	0.0390378643736045	0.185554058669476	NA	"abundance"	47	34
"Pelethomonas sp022795905"	"Sequencing_Depth"	"Sequencing_Depth"	"Sequencing_Depth"	0.651843076223874	0	0.422737622022103	0.123084134685157	0.450499441923245	0.0424132160354263	0.194786621792328	NA	"prevalence"	47	27
"Acetatifactor sp910578215"	"Genotype"	"MUT"	"GenotypeMUT"	1.24652890696345	0.195151488441185	0.624011488434872	0.123348940335821	0.450866556965297	0.0155562551184082	0.122440546967605	NA	"abundance"	47	15
"MGYG000349368"	"Sequencing_Depth"	"Sequencing_Depth"	"Sequencing_Depth"	-0.990984628210529	-0.534932639053454	0.270841930700569	0.123844758105419	0.451068953887951	0.0191007746232454	0.131583114071246	NA	"abundance"	47	15
"HGM13010 sp022800755"	"Sequencing_Depth"	"Sequencing_Depth"	"Sequencing_Depth"	0.564981466852884	-0.534932639053454	0.616682264290288	0.124902311077488	0.452617134430575	0.00263480710060408	0.0871172626123329	NA	"abundance"	47	11
"MGYG000331169"	"Genotype"	"MUT"	"GenotypeMUT"	-1.20993142804113	0	0.788547760346282	0.124936346002562	0.452617134430575	0.0486693973501884	0.2123427780686	NA	"prevalence"	47	25
"MGYG000329571"	"Sequencing_Depth"	"Sequencing_Depth"	"Sequencing_Depth"	-0.155794295706677	-0.534932639053454	0.212773801451246	0.125824992287379	0.454170991671294	0.00665804726447397	0.102020167783013	NA	"abundance"	47	11
"Anaerotardibacter sp000435675"	"Sequencing_Depth"	"Sequencing_Depth"	"Sequencing_Depth"	-0.95971815866919	-0.534932639053454	0.266421038649993	0.12643418516832	0.455615524224483	0.051980301912924	0.219593379002151	NA	"abundance"	47	26
"CAG-269 sp022792395"	"Sequencing_Depth"	"Sequencing_Depth"	"Sequencing_Depth"	-1.46030410479712	-0.534932639053454	0.575878901904827	0.12667151104814	0.455914316790571	0.0482853861434214	0.211844263973744	NA	"abundance"	47	22
"MGBC163016 sp910588435"	"Genotype"	"MUT"	"GenotypeMUT"	-1.32936320162062	0	0.872133840400101	0.12744249408034	0.457246907615914	0.0404404582822685	0.189544535238113	NA	"prevalence"	47	29
"Collinsella sp900545445"	"Sequencing_Depth"	"Sequencing_Depth"	"Sequencing_Depth"	-0.779073596882907	-0.534932639053454	0.14612886699704	0.127919525541402	0.458348997634561	0.0110416131538306	0.109149820659126	NA	"abundance"	47	15
"Roseburia sp910587865"	"Sex"	"M"	"SexM"	-1.75173296411879	-0.415249466173014	0.853909733741469	0.128322923223853	0.459104455106707	0.0318022210216548	0.16877381627216	NA	"abundance"	47	35
"CAG-873 sp910577355"	"Sex"	"M"	"SexM"	0.497719591197626	-0.415249466173014	0.579825338891693	0.129319423945702	0.460799742280807	0.00734824389675866	0.103765953329189	NA	"abundance"	47	29
"MGYG000410931"	"Sequencing_Depth"	"Sequencing_Depth"	"Sequencing_Depth"	-0.663474880753197	-0.534932639053454	0.0711398589063121	0.129175666210874	0.460799742280807	0.0482444426590724	0.211796099822561	NA	"abundance"	47	11
"Thomasclavelia cocleata"	"Genotype"	"MUT"	"GenotypeMUT"	-1.19933271871416	0	0.790703299059994	0.129319117957112	0.460799742280807	1.10313097833924e-07	8.66325528322416e-05	NA	"prevalence"	47	27
"Collinsella aerofaciens_J"	"Sequencing_Depth"	"Sequencing_Depth"	"Sequencing_Depth"	-0.398048049744895	-0.534932639053454	0.0780160654847133	0.129688103808223	0.461510266517988	0.0165563816507198	0.126099682658715	NA	"abundance"	47	12
"MGYG000329051"	"Sequencing_Depth"	"Sequencing_Depth"	"Sequencing_Depth"	-1.46183688536446	-0.534932639053454	0.551294708886166	0.131319777771818	0.465093941532087	0.020618312633342	0.136964505350058	NA	"abundance"	47	13
"C-19 sp910576345"	"Sequencing_Depth"	"Sequencing_Depth"	"Sequencing_Depth"	-0.7804791004472	-0.534932639053454	0.150966621336326	0.131898901255968	0.465581788092036	0.00825689750889351	0.104464558421264	NA	"abundance"	47	17
"MGYG000350425"	"Sequencing_Depth"	"Sequencing_Depth"	"Sequencing_Depth"	-0.967074431339503	-0.534932639053454	0.24736508987876	0.131606035707033	0.465581788092036	0.0136318791922354	0.117426217090615	NA	"abundance"	47	11
"Avidehalobacter sp021771915"	"Sequencing_Depth"	"Sequencing_Depth"	"Sequencing_Depth"	-0.260245574573473	-0.534932639053454	0.174026840206983	0.133342756049592	0.467808371972211	0.00998210521387088	0.105260870522616	NA	"abundance"	47	23
"MGYG000325416"	"Sequencing_Depth"	"Sequencing_Depth"	"Sequencing_Depth"	-0.982829908022021	-0.534932639053454	0.28084208193828	0.133578652497301	0.468376338867269	0.00321470602884066	0.0914858855441843	NA	"abundance"	47	19
"CAG-303 sp910584685"	"Sequencing_Depth"	"Sequencing_Depth"	"Sequencing_Depth"	-0.941331247198451	-0.534932639053454	0.19850774477706	0.134042339082241	0.468945318015996	0.0337278909315843	0.173626171234114	NA	"abundance"	47	8
"MGYG000410938"	"Genotype"	"MUT"	"GenotypeMUT"	1.49903556252951	0	1.00225800794497	0.134742708119211	0.470293730946078	0.0308026705051425	0.165561425954637	NA	"prevalence"	47	40
"MGYG000325540"	"Sequencing_Depth"	"Sequencing_Depth"	"Sequencing_Depth"	-0.150739175328901	-0.534932639053454	0.233179966491512	0.134916000075771	0.470653188080279	0.00338397332656104	0.0914858855441843	NA	"abundance"	47	14
"Paratractidigestivibacter sp900540955"	"Sex"	"M"	"SexM"	-1.13894354933271	-0.415249466173014	0.451230751590053	0.136315879677699	0.473904533084403	0.0141784141084193	0.118315266727636	NA	"abundance"	47	17
"Eubacterium_J sp910586445"	"Sequencing_Depth"	"Sequencing_Depth"	"Sequencing_Depth"	-0.801231911069355	-0.534932639053454	0.160203792998666	0.136933665076699	0.475008586610263	0.0240339742366673	0.146060981620493	NA	"abundance"	47	13
"MGYG000325650"	"Sequencing_Depth"	"Sequencing_Depth"	"Sequencing_Depth"	-0.741489447400188	-0.534932639053454	0.133913485934004	0.137256432274995	0.475216608243131	0.0119372054363449	0.11220699251487	NA	"abundance"	47	32
"CAG-95 sp910579495"	"Sequencing_Depth"	"Sequencing_Depth"	"Sequencing_Depth"	-0.925273387341718	-0.534932639053454	0.255461061055239	0.13748210394025	0.475296123492683	0.0166425416962105	0.126370084185897	NA	"abundance"	47	36
"COE1 sp014239155"	"Sequencing_Depth"	"Sequencing_Depth"	"Sequencing_Depth"	-0.190070895537308	-0.534932639053454	0.216220434134974	0.137579054074667	0.475296123492683	0.00516688498991056	0.0976672782106925	NA	"abundance"	47	17
"Ruminococcus sp900540005"	"Sequencing_Depth"	"Sequencing_Depth"	"Sequencing_Depth"	-0.737193894264396	-0.534932639053454	0.128279794585418	0.138559729122362	0.476859448404258	0.00526100846597613	0.0984003589832887	NA	"abundance"	47	20
"Bacteroides caccae"	"Sex"	"M"	"SexM"	-0.961018180605982	0	0.652286820815884	0.140668504820005	0.47975920656548	0.0201911932514208	0.135528351283041	NA	"prevalence"	47	25
"MGBC163016 sp910580205"	"Genotype"	"MUT"	"GenotypeMUT"	-1.24274292579469	0	0.850184494115983	0.143814327714754	0.484278201706135	0.0563250765750413	0.229292961906216	NA	"prevalence"	47	31
"MGYG000410140"	"Sequencing_Depth"	"Sequencing_Depth"	"Sequencing_Depth"	0.0369472117429927	-0.534932639053454	0.374249752306571	0.14427607243215	0.484834725465187	0.0498009760558456	0.2152864212616	NA	"abundance"	47	23
"MGYG000410805"	"Sequencing_Depth"	"Sequencing_Depth"	"Sequencing_Depth"	-1.44006119287659	-0.534932639053454	0.582460186826144	0.14432247147254	0.484834725465187	0.0214007040420718	0.138898233397028	NA	"abundance"	47	18
"Collinsella aerofaciens_J"	"Sex"	"M"	"SexM"	-0.845273796476953	-0.415249466173014	0.258198223260014	0.144763584509294	0.485210688986632	0.051308341747073	0.218593947841056	NA	"abundance"	47	12
"MGYG000409996"	"Sex"	"M"	"SexM"	-2.27175147896999	-0.415249466173014	1.20602051823936	0.144818516851762	0.485210688986632	0.00764655452716834	0.104464558421264	NA	"abundance"	47	20
"MGYG000329402"	"Sequencing_Depth"	"Sequencing_Depth"	"Sequencing_Depth"	-0.961720794113881	-0.534932639053454	0.264532393558959	0.14569933268612	0.486677602298664	0.0144605781901415	0.119105587561808	NA	"abundance"	47	13
"Blautia_A massiliensis"	"Sequencing_Depth"	"Sequencing_Depth"	"Sequencing_Depth"	-0.858209650641039	-0.534932639053454	0.203662167681075	0.14802185053005	0.4918186104068	0.0064325711299021	0.102020167783013	NA	"abundance"	47	14
"MGYG000410251"	"Sequencing_Depth"	"Sequencing_Depth"	"Sequencing_Depth"	-0.129734914479908	-0.534932639053454	0.272174946796802	0.148580176627446	0.491919488291916	0.0235434751658933	0.144826181438237	NA	"abundance"	47	32
"Dysosmobacter sp910579365"	"Sequencing_Depth"	"Sequencing_Depth"	"Sequencing_Depth"	-0.0381080408242274	-0.534932639053454	0.335954948824893	0.150465685112744	0.495085688109467	0.0232488072778172	0.144701225658942	NA	"abundance"	47	34
"1XD42-69 sp003612565"	"Sequencing_Depth"	"Sequencing_Depth"	"Sequencing_Depth"	-0.975410361058787	-0.534932639053454	0.274038088700928	0.152257731237312	0.497530880711074	0.0312543186658692	0.167099488903452	NA	"abundance"	47	12
"Angelakisella sp910585535"	"Sequencing_Depth"	"Sequencing_Depth"	"Sequencing_Depth"	-0.102311186078488	-0.534932639053454	0.291189278288216	0.152180253806649	0.497530880711074	0.0354212950473759	0.177150811939597	NA	"abundance"	47	27
"MGYG000328504"	"Genotype"	"MUT"	"GenotypeMUT"	1.36235663340009	0	0.952657297343881	0.1526999382129	0.497530880711074	0.00776655493030766	0.104464558421264	NA	"prevalence"	47	40
"MGYG000325568"	"Sequencing_Depth"	"Sequencing_Depth"	"Sequencing_Depth"	-0.910072568140518	-0.534932639053454	0.250881231671226	0.153860906673139	0.499249258310329	0.0186524779641905	0.13070292692842	NA	"abundance"	47	22
"Lactobacillus delbrueckii"	"Sequencing_Depth"	"Sequencing_Depth"	"Sequencing_Depth"	-0.961947516375455	-0.534932639053454	0.291313155603489	0.154720762967465	0.500060807814708	0.0322226896354145	0.170238548849915	NA	"abundance"	47	32
"Acetatifactor sp910585665"	"Genotype"	"MUT"	"GenotypeMUT"	1.60941091539045	0.195151488441185	0.9473481156118	0.155257658500995	0.500864549256719	0.00851046620627859	0.104464558421264	NA	"abundance"	47	21
"Imtechella halotolerans"	"Sex"	"M"	"SexM"	0.21126632355467	-0.415249466173014	0.416359466692441	0.155379034823493	0.500864549256719	0.00193698774236989	0.077348188491923	NA	"abundance"	47	20
"MGYG000338472"	"Sequencing_Depth"	"Sequencing_Depth"	"Sequencing_Depth"	-0.11117135717273	-0.534932639053454	0.282761166458541	0.15547319001614	0.500864549256719	0.0329681872594436	0.17184313946432	NA	"abundance"	47	20
"Desulfovibrio sp905215675"	"Sex"	"M"	"SexM"	-1.30213023397242	-0.415249466173014	0.593525463208182	0.157083918375125	0.503384364251225	0.0432495859500045	0.197345431565288	NA	"abundance"	47	20
"MGYG000325949"	"Sequencing_Depth"	"Sequencing_Depth"	"Sequencing_Depth"	0.295892762087579	-0.534932639053454	0.445697191163863	0.159470554750181	0.506925736320389	0.0201240089717597	0.135525813476303	NA	"abundance"	47	8
"CAG-873 sp910587925"	"Sequencing_Depth"	"Sequencing_Depth"	"Sequencing_Depth"	-0.974163077502996	-0.534932639053454	0.302860173992488	0.160514325124758	0.508456037895192	0.0233862691555937	0.144740937295741	NA	"abundance"	47	29
"14-2 sp910587895"	"Sequencing_Depth"	"Sequencing_Depth"	"Sequencing_Depth"	0.0700052641019207	-0.534932639053454	0.325853928903921	0.16081543785342	0.509104651572694	0.031544552710387	0.167916223684483	NA	"abundance"	47	8
"MGBC118957 sp910584385"	"Sequencing_Depth"	"Sequencing_Depth"	"Sequencing_Depth"	-0.281627618348292	-0.534932639053454	0.175718686896784	0.161410478127526	0.510014483267156	0.00504899821894679	0.0973334488351443	NA	"abundance"	47	35
"MGYG000410458"	"Genotype"	"MUT"	"GenotypeMUT"	1.77325791132169	0.195151488441185	1.09081716095746	0.162298651523329	0.510496655161302	0.023582595251933	0.144840212781576	NA	"abundance"	47	27
"Paramuribaculum sp009775605"	"Sex"	"M"	"SexM"	-1.10724052339581	-0.415249466173014	0.482036240987371	0.162332763646744	0.510496655161302	0.0337743574011652	0.173738834142238	NA	"abundance"	47	36
"UMGS1502 sp900552365"	"Sequencing_Depth"	"Sequencing_Depth"	"Sequencing_Depth"	-0.781343159235256	-0.534932639053454	0.157228216862289	0.16300651502358	0.511986107847022	0.0278317445957075	0.156246839398301	NA	"abundance"	47	12
"Bacteroides bouchesdurhonensis"	"Genotype"	"MUT"	"GenotypeMUT"	1.03047635803909	0.195151488441185	0.561520126965525	0.163524195744366	0.512042666873009	0.0348340907110378	0.175998702513728	NA	"abundance"	47	17
"CAG-485 sp014801875"	"Sequencing_Depth"	"Sequencing_Depth"	"Sequencing_Depth"	-0.231489949156935	-0.534932639053454	0.204708985623675	0.163289179372538	0.512042666873009	0.00481284387817884	0.0971187104722503	NA	"abundance"	47	18
"MGYG000325661"	"Sequencing_Depth"	"Sequencing_Depth"	"Sequencing_Depth"	-0.736196726650747	-0.534932639053454	0.138933556120725	0.163987781851414	0.512042666873009	0.00937356879194846	0.104562659028731	NA	"abundance"	47	28
"Pullibacteroides sp910586395"	"Sequencing_Depth"	"Sequencing_Depth"	"Sequencing_Depth"	-0.218858908236976	-0.534932639053454	0.213476375055542	0.163317628561715	0.512042666873009	0.0377369340289899	0.182943720092969	NA	"abundance"	47	18
"Eubacterium_G sp910584795"	"Genotype"	"MUT"	"GenotypeMUT"	1.21870477605059	0	0.876156105573435	0.164235244788917	0.512042666873009	0.063938647630881	0.247898168653355	NA	"prevalence"	47	35
"CAG-485 sp014802175"	"Sequencing_Depth"	"Sequencing_Depth"	"Sequencing_Depth"	-0.152933829594889	-0.534932639053454	0.249404429484896	0.16495941251808	0.51363327163928	0.00168914413226518	0.0752959993691244	NA	"abundance"	47	13
"MGYG000323124"	"Sequencing_Depth"	"Sequencing_Depth"	"Sequencing_Depth"	-0.227799040994473	-0.534932639053454	0.206853367699748	0.166632185979818	0.517475517696894	0.0112510400507294	0.109438753402103	NA	"abundance"	47	16
"MGYG000410400"	"Sex"	"M"	"SexM"	-2.518805480548	-0.415249466173014	1.47046723654022	0.168146085583035	0.519442375744232	0.000560955425695605	0.0461027087071691	NA	"abundance"	47	25
"Ruthenibacterium sp013316265"	"Sequencing_Depth"	"Sequencing_Depth"	"Sequencing_Depth"	-0.223169445798773	-0.534932639053454	0.210863847099075	0.168388027399613	0.519740465941063	0.0104409708326231	0.10741504209069	NA	"abundance"	47	16
"Bifidobacterium longum"	"Genotype"	"MUT"	"GenotypeMUT"	-0.366069004983984	0.195151488441185	0.394266730713947	0.171088294388308	0.524993163947838	0.0510048044959356	0.218221524320383	NA	"abundance"	47	26
"MGYG000325584"	"Sex"	"M"	"SexM"	-2.30880255320145	-0.415249466173014	1.25889840000456	0.171256537003728	0.525009747007313	0.0343367740509309	0.174473270303364	NA	"abundance"	47	13
"Slackia_A isoflavoniconvertens"	"Sequencing_Depth"	"Sequencing_Depth"	"Sequencing_Depth"	-0.707878704748805	-0.534932639053454	0.115336276823587	0.171345621160833	0.525155659238214	0.0157846376566353	0.123519254451311	NA	"abundance"	47	14
"Pelethomonas sp009774055"	"Genotype"	"MUT"	"GenotypeMUT"	-1.09314774960342	0.195151488441185	0.899410377723127	0.171529663187352	0.525338126451851	0.0246793973860377	0.147358858898628	NA	"abundance"	47	21
"Merdisoma sp910587955"	"Sequencing_Depth"	"Sequencing_Depth"	"Sequencing_Depth"	-0.881609733755728	-0.534932639053454	0.208428015109651	0.172746961903519	0.527407391166123	0.0136713712130236	0.117426217090615	NA	"abundance"	47	9
"Evtepia sp910578575"	"Sex"	"M"	"SexM"	-1.78972405742202	-0.415249466173014	0.942671580439858	0.173145056356825	0.528147373120818	0.0259351467151429	0.150624171719499	NA	"abundance"	47	16
"MGYG000410574"	"Sequencing_Depth"	"Sequencing_Depth"	"Sequencing_Depth"	-0.247820164385489	-0.534932639053454	0.206052908180379	0.173607455198048	0.528250761513675	0.050910063740432	0.218082825079487	NA	"abundance"	47	39
"Prevotella sp900545525"	"Sequencing_Depth"	"Sequencing_Depth"	"Sequencing_Depth"	-0.220099058501225	-0.534932639053454	0.214438072937008	0.173527583553797	0.528250761513675	0.0125553477020819	0.114431430947284	NA	"abundance"	47	15
"Anaerotruncus colihominis_A"	"Sex"	"M"	"SexM"	-1.0319765412005	-0.415249466173014	0.434260643587783	0.174936235915785	0.530165689473886	0.0282015911369448	0.158072042946809	NA	"abundance"	47	23
"Granulicatella adiacens"	"Sex"	"M"	"SexM"	-0.901546500690433	0	0.664625610634246	0.174948813788309	0.530165689473886	0.0187532068596932	0.130891243058065	NA	"prevalence"	47	18
"Caccovicinus sp910585635"	"Sex"	"M"	"SexM"	-2.48666147154515	-0.415249466173014	1.47439107151863	0.175462609796869	0.531468225606311	0.0538866004936915	0.22347261507442	NA	"abundance"	47	25
"MGYG000325348"	"Sequencing_Depth"	"Sequencing_Depth"	"Sequencing_Depth"	-0.177601721050492	-0.534932639053454	0.244812190103235	0.175641470412264	0.531741175332835	0.0381813068271032	0.183706927606512	NA	"abundance"	47	15
"1XD42-69 sp910585825"	"Sex"	"M"	"SexM"	-1.20471588435417	-0.415249466173014	0.550903702836507	0.176498126009856	0.533014500689115	0.0550685089041117	0.227051453453501	NA	"abundance"	47	18
"Evtepia sp022792035"	"Sex"	"M"	"SexM"	-1.62293026432357	-0.415249466173014	0.871408894669742	0.178213395602824	0.536080123940243	0.00337839501305724	0.0914858855441843	NA	"abundance"	47	31
"MGYG000329730"	"Site"	"Jejunum"	"SiteJejunum"	1.13759191303443	0	0.846730222541684	0.179106358321064	0.537962012528398	0.0241743503879278	0.146060981620493	NA	"prevalence"	47	20
"MGYG000325477"	"Sequencing_Depth"	"Sequencing_Depth"	"Sequencing_Depth"	0.59696509077249	0	0.445091392121026	0.179849316334418	0.539207163941512	0.0129679647470739	0.115785177293055	NA	"prevalence"	47	35
"MGYG000325423"	"Sequencing_Depth"	"Sequencing_Depth"	"Sequencing_Depth"	0.465922359055204	-0.534932639053454	0.493486094357463	0.179959080695963	0.539280786801492	0.00960556084481291	0.105011306048049	NA	"abundance"	47	7
"MGYG000325548"	"Sequencing_Depth"	"Sequencing_Depth"	"Sequencing_Depth"	0.200722838619224	-0.534932639053454	0.494879610826582	0.180905776772766	0.54090141889473	0.035957105340971	0.179156522012006	NA	"abundance"	47	12
"MGYG000366993"	"Genotype"	"MUT"	"GenotypeMUT"	-1.08052740957053	0	0.807626040875037	0.180927208690179	0.54090141889473	0.00820950484223711	0.104464558421264	NA	"prevalence"	47	36
"Dubosiella sp004793885"	"Sex"	"M"	"SexM"	-0.999506412550844	0	0.748697873521422	0.181878640874893	0.542144319159539	0.0225053716946336	0.143667373804847	NA	"prevalence"	47	35
"MGYG000325606"	"Sequencing_Depth"	"Sequencing_Depth"	"Sequencing_Depth"	-0.292451466081709	-0.534932639053454	0.167685560563093	0.184046549546959	0.545077497464999	0.016024012418835	0.124459032721237	NA	"abundance"	47	14
"MGYG000331010"	"Sequencing_Depth"	"Sequencing_Depth"	"Sequencing_Depth"	-0.295364768006371	-0.534932639053454	0.173530660157581	0.184903522784815	0.546328593234464	0.00852593808072134	0.104464558421264	NA	"abundance"	47	24
"UBA3282 sp910579285"	"Sequencing_Depth"	"Sequencing_Depth"	"Sequencing_Depth"	-1.03048262851677	-0.534932639053454	0.359499125097989	0.186257946656613	0.548418955287138	0.00171390048496393	0.0752959993691244	NA	"abundance"	47	22
"MGYG000325446"	"Sequencing_Depth"	"Sequencing_Depth"	"Sequencing_Depth"	-0.208334768438541	-0.534932639053454	0.237988989860669	0.186613570950687	0.548817586869797	0.0171636363313563	0.127563177276579	NA	"abundance"	47	24
"CAG-485 sp910585285"	"Sex"	"M"	"SexM"	0.218327308116616	-0.415249466173014	0.463114285943044	0.186969038803507	0.549617764322991	0.0635887897059475	0.247491711044178	NA	"abundance"	47	27
"MGYG000325310"	"Genotype"	"MUT"	"GenotypeMUT"	-0.768417450992419	0.195151488441185	0.713996966691844	0.187142804893006	0.549860511854098	0.0140434467144947	0.117850168832316	NA	"abundance"	47	37
"MGYG000341210"	"Sex"	"M"	"SexM"	0.365522588854998	-0.415249466173014	0.563698907699656	0.187569563917155	0.549925531417323	0.0181127047618196	0.12986676350825	NA	"abundance"	47	20
"QXXE01 sp910586575"	"Sex"	"M"	"SexM"	1.22653506953865	-0.415249466173014	1.19800156349882	0.18762454001273	0.549925531417323	0.00441986371959596	0.0954309539530356	NA	"abundance"	47	23
"CAG-510 sp910577015"	"Sex"	"M"	"SexM"	-1.65661958557178	-0.415249466173014	0.87017343803754	0.187902590424763	0.550003182898158	0.0166734569818718	0.126370084185897	NA	"abundance"	47	14
"Parasutterella excrementihominis"	"Sequencing_Depth"	"Sequencing_Depth"	"Sequencing_Depth"	-0.781287831131829	-0.534932639053454	0.177771975959031	0.187921724903397	0.550003182898158	0.00862677985587815	0.104464558421264	NA	"abundance"	47	20
"MGYG000327375"	"Genotype"	"MUT"	"GenotypeMUT"	-0.927015029654595	0	0.704501994243465	0.188226261165918	0.550628152031014	0.00124982704935974	0.0666590057074523	NA	"prevalence"	47	12
"Enterousia sp013316395"	"Sex"	"M"	"SexM"	0.595419803595623	-0.415249466173014	0.737768065955339	0.188292498588773	0.550654917026676	0.0203175189939521	0.135731104649461	NA	"abundance"	47	23
"MGYG000411610"	"Sequencing_Depth"	"Sequencing_Depth"	"Sequencing_Depth"	-0.238088644368391	-0.534932639053454	0.213506677205838	0.190395909794673	0.55441256640924	0.0063658414520048	0.102020167783013	NA	"abundance"	47	17
"CAG-485 sp009775355"	"Sex"	"M"	"SexM"	-1.72195080160237	-0.415249466173014	0.97693146301225	0.190558477862023	0.554630768631291	0.0427760372722493	0.195816730207421	NA	"abundance"	47	38
"MGYG000328353"	"Sequencing_Depth"	"Sequencing_Depth"	"Sequencing_Depth"	-0.281909106008792	-0.534932639053454	0.188383298884824	0.19103222465803	0.555116138595351	0.0153025886770248	0.121771151538934	NA	"abundance"	47	34
"Avoscillospira_A sp022792945"	"Sequencing_Depth"	"Sequencing_Depth"	"Sequencing_Depth"	-0.357803777406876	-0.534932639053454	0.131033049355486	0.191951149698749	0.557019177644835	0.00516801953180518	0.0976672782106925	NA	"abundance"	47	29
"COE1 sp910577115"	"Sequencing_Depth"	"Sequencing_Depth"	"Sequencing_Depth"	-1.26161162957916	-0.534932639053454	0.535367544581429	0.192518359835148	0.558153320841342	0.00223697959043447	0.0815754250131121	NA	"abundance"	47	22
"MGBC164599 sp910588825"	"Genotype"	"MUT"	"GenotypeMUT"	-1.22361130243086	0.195151488441185	1.06399048006684	0.192954407758476	0.558820948195523	0.00290419574989536	0.0884778256907777	NA	"abundance"	47	34
"CAG-95 sp000403495"	"Sequencing_Depth"	"Sequencing_Depth"	"Sequencing_Depth"	-0.816573599864844	-0.534932639053454	0.206102027103605	0.194772496373459	0.560962516290156	0.00791704722871086	0.104464558421264	NA	"abundance"	47	19
"MGYG000410456"	"Sequencing_Depth"	"Sequencing_Depth"	"Sequencing_Depth"	0.0771601812923759	-0.534932639053454	0.432816429969966	0.195179471026414	0.561495850966444	0.0187955767602194	0.130891243058065	NA	"abundance"	47	13
"D16-34 sp910577495"	"Sequencing_Depth"	"Sequencing_Depth"	"Sequencing_Depth"	-0.816165049536679	-0.534932639053454	0.208957371349783	0.195372178033081	0.561501505999329	0.00468136066587536	0.0969070864510174	NA	"abundance"	47	24
"CAG-95 sp002492465"	"Sequencing_Depth"	"Sequencing_Depth"	"Sequencing_Depth"	-1.2095070160546	-0.534932639053454	0.486652384024691	0.196018257105251	0.562502629435108	0.018844657377578	0.130891243058065	NA	"abundance"	47	15
"Evtepia sp022792035"	"Genotype"	"MUT"	"GenotypeMUT"	1.30891524876335	0.195151488441185	0.839889434427887	0.196698962956477	0.563200889906075	0.05807794844842	0.233531102981697	NA	"abundance"	47	31
"Anaerotruncus sp910586875"	"Sex"	"M"	"SexM"	-1.06459457461996	0	0.824701753585013	0.196743788178638	0.563200889906075	0.0564894925377961	0.229332414277509	NA	"prevalence"	47	13
"Choladocola sp910585465"	"Sequencing_Depth"	"Sequencing_Depth"	"Sequencing_Depth"	-0.792294800248224	-0.534932639053454	0.192278750366823	0.197737057736172	0.564688071257321	0.00965723669089302	0.105011306048049	NA	"abundance"	47	24
"MGYG000323009"	"Sequencing_Depth"	"Sequencing_Depth"	"Sequencing_Depth"	-0.256765375337844	-0.534932639053454	0.207827362767778	0.198185028588378	0.564724243037915	0.00332776361050593	0.0914858855441843	NA	"abundance"	47	23
"MGYG000336507"	"Sequencing_Depth"	"Sequencing_Depth"	"Sequencing_Depth"	-0.825057561788781	-0.534932639053454	0.196655223080098	0.200966336633032	0.568962623373053	0.0140722411222345	0.117850168832316	NA	"abundance"	47	10
"CAG-485 sp003979075"	"Sex"	"M"	"SexM"	-1.62852332105165	-0.415249466173014	0.929791437569976	0.201349037583155	0.569663861807683	0.0388675454330194	0.185243298125813	NA	"abundance"	47	38
"MGYG000328397"	"Sex"	"M"	"SexM"	0.525876087690545	-0.415249466173014	0.705667836175963	0.201425442229239	0.569726363102228	0.0417667195006231	0.193072055873384	NA	"abundance"	47	21
"MGYG000335786"	"Genotype"	"MUT"	"GenotypeMUT"	-0.492705846352642	0.195151488441185	0.526818529848446	0.203814309062915	0.573189840420071	0.0534705671291726	0.22270475454861	NA	"abundance"	47	32
"Eubacterium_J sp910580075"	"Sequencing_Depth"	"Sequencing_Depth"	"Sequencing_Depth"	-0.822710610602	-0.534932639053454	0.220336014840416	0.205589264250667	0.574525771361727	0.0012731983263308	0.0666590057074523	NA	"abundance"	47	28
"MGYG000329870"	"Sequencing_Depth"	"Sequencing_Depth"	"Sequencing_Depth"	-0.285913662562501	-0.534932639053454	0.184741755960901	0.206213436491703	0.575325033967816	0.0116998221800352	0.111133925647952	NA	"abundance"	47	16
"Anaerotruncus colihominis_A"	"Sequencing_Depth"	"Sequencing_Depth"	"Sequencing_Depth"	-0.312590710397957	-0.534932639053454	0.16903900117874	0.206538320636298	0.575343763779546	0.00733066797452456	0.103765953329189	NA	"abundance"	47	23
"Alistipes sp910576555"	"Sequencing_Depth"	"Sequencing_Depth"	"Sequencing_Depth"	0.450515368611739	0	0.356591726995335	0.206448102586013	0.575343763779546	0.0559234769985865	0.228346120985563	NA	"prevalence"	47	29
"Marseille-P3106 sp022794215"	"Sex"	"M"	"SexM"	-0.869599671020883	0	0.688226203470341	0.206396050285569	0.575343763779546	0.0179838058809102	0.12986676350825	NA	"prevalence"	47	25
"Odoribacter sp910578105"	"Genotype"	"MUT"	"GenotypeMUT"	-0.754860649528277	0.195151488441185	0.730179662339265	0.206715647366622	0.575711037264401	0.0294672847819881	0.161750676645538	NA	"abundance"	47	28
"MGYG000324400"	"Sequencing_Depth"	"Sequencing_Depth"	"Sequencing_Depth"	-1.39142009573433	-0.534932639053454	0.288429148913943	0.207095842327548	0.576136081798263	0.0351341141787062	0.176785277938501	NA	"abundance"	47	6
"Coprocola sp910575055"	"Sex"	"M"	"SexM"	-1.21891621531251	-0.415249466173014	0.61624696050859	0.207534551077198	0.576481912691938	0.00360960771597354	0.0916220770418625	NA	"abundance"	47	26
"W0P33-017 sp910589045"	"Sequencing_Depth"	"Sequencing_Depth"	"Sequencing_Depth"	-0.899465172460761	-0.534932639053454	0.262053347968252	0.207441531331183	0.576481912691938	0.00740519148145812	0.103765953329189	NA	"abundance"	47	12
"Avirikenella sp910588925"	"Sex"	"M"	"SexM"	0.557980752854266	-0.415249466173014	0.757232376981099	0.209470283382785	0.579503902955612	0.00638879424593927	0.102020167783013	NA	"abundance"	47	35
"MGYG000325626"	"Sequencing_Depth"	"Sequencing_Depth"	"Sequencing_Depth"	-0.796109669931922	-0.534932639053454	0.203149078217483	0.20951306516735	0.579503902955612	0.00992083115881712	0.10514647735887	NA	"abundance"	47	36
"Dysosmobacter sp910578935"	"Sequencing_Depth"	"Sequencing_Depth"	"Sequencing_Depth"	-0.29516767753722	-0.534932639053454	0.186719851273253	0.209766593260026	0.579617013203537	0.0149100984806326	0.120164852977322	NA	"abundance"	47	37
"MGBC122484 sp910578465"	"Genotype"	"MUT"	"GenotypeMUT"	-1.48956167157416	0.195151488441185	1.28238723632284	0.210203949397547	0.579812942138624	0.0092296008084995	0.104562659028731	NA	"abundance"	47	19
"Enterobacter hormaechei_A"	"Sequencing_Depth"	"Sequencing_Depth"	"Sequencing_Depth"	-0.902113380287728	-0.534932639053454	0.286316542596527	0.210418027081833	0.579846306085419	0.0639258452938273	0.247898168653355	NA	"abundance"	47	34
"MGYG000410798"	"Sequencing_Depth"	"Sequencing_Depth"	"Sequencing_Depth"	-0.868058752259147	-0.534932639053454	0.254182343337051	0.210512372443745	0.579846306085419	0.00479191600253335	0.0970465968650594	NA	"abundance"	47	20
"UBA3282 sp003612405"	"Sequencing_Depth"	"Sequencing_Depth"	"Sequencing_Depth"	-0.794810570326837	-0.534932639053454	0.198067619463218	0.210455073172919	0.579846306085419	0.0078870743490928	0.104464558421264	NA	"abundance"	47	20
"UBA3282 sp910579735"	"Sequencing_Depth"	"Sequencing_Depth"	"Sequencing_Depth"	-0.259553319830796	-0.534932639053454	0.201828621121096	0.210372022955657	0.579846306085419	0.00385380933565673	0.0924413033859377	NA	"abundance"	47	13
"14-2 sp000403845"	"Sequencing_Depth"	"Sequencing_Depth"	"Sequencing_Depth"	-0.903532597628249	-0.534932639053454	0.279751693271855	0.212909676453763	0.583966030590408	0.013367191931227	0.117052310066257	NA	"abundance"	47	17
"MGYG000325467"	"Sequencing_Depth"	"Sequencing_Depth"	"Sequencing_Depth"	-0.30882860017556	-0.534932639053454	0.171523055567906	0.213782524154107	0.585074296663339	0.00737049292733909	0.103765953329189	NA	"abundance"	47	17
"MGYG000325688"	"Sequencing_Depth"	"Sequencing_Depth"	"Sequencing_Depth"	-0.867711698719428	-0.534932639053454	0.243603923363186	0.214712508327866	0.58586568881529	0.0387207808174652	0.185042920093201	NA	"abundance"	47	12
"Dysosmobacter sp022797935"	"Sequencing_Depth"	"Sequencing_Depth"	"Sequencing_Depth"	-0.796472344950629	-0.534932639053454	0.203564921287799	0.215626420521148	0.587055174251924	0.0128273005540045	0.115598776249661	NA	"abundance"	47	24
"MGYG000328404"	"Sex"	"M"	"SexM"	0.400120839362093	-0.415249466173014	0.629507204357414	0.215841526107482	0.587174304205568	0.0412715987084137	0.191835700845874	NA	"abundance"	47	20
"JAAVFS01 sp014802385"	"Sequencing_Depth"	"Sequencing_Depth"	"Sequencing_Depth"	-0.864031093695782	-0.534932639053454	0.253627282129811	0.217516422307584	0.589448364490036	0.0332822150000013	0.172715635550667	NA	"abundance"	47	18
"MGYG000324149"	"Sequencing_Depth"	"Sequencing_Depth"	"Sequencing_Depth"	-0.923024617456251	-0.534932639053454	0.30466784292395	0.217827530640518	0.589788424138542	0.00739356522553211	0.103765953329189	NA	"abundance"	47	25
"Eubacterium_F sp910584245"	"Sequencing_Depth"	"Sequencing_Depth"	"Sequencing_Depth"	-1.52562961195904	-0.534932639053454	0.76520783437359	0.218004357966021	0.589860737390337	0.0200672485802069	0.135525813476303	NA	"abundance"	47	18
"Odoribacter sp910589025"	"Sequencing_Depth"	"Sequencing_Depth"	"Sequencing_Depth"	-0.278807698002852	-0.534932639053454	0.199219193064853	0.218024894862086	0.589860737390337	0.00168438774732456	0.0752959993691244	NA	"abundance"	47	21
"UBA3402 sp910588325"	"Genotype"	"MUT"	"GenotypeMUT"	-0.640633383654233	0.195151488441185	0.656084027695573	0.217997013494384	0.589860737390337	0.00686860840682504	0.102029124248726	NA	"abundance"	47	25
"MGYG000432202"	"Genotype"	"MUT"	"GenotypeMUT"	-1.10129304836173	0	0.894084534596343	0.218040637561178	0.589860737390337	0.0614156543082846	0.242197388171251	NA	"prevalence"	47	40
"MGYG000329835"	"Sex"	"M"	"SexM"	-2.04025759017445	-0.415249466173014	1.25855670023983	0.219393549508274	0.591303175920306	0.0242592870974066	0.146060981620493	NA	"abundance"	47	18
"Alistipes sp910587675"	"Sex"	"M"	"SexM"	0.675519885442378	-0.415249466173014	0.86485656977725	0.21982620146212	0.591656401894007	0.0046203348205547	0.0963319366126271	NA	"abundance"	47	29
"CAG-485 sp910583795"	"Sex"	"M"	"SexM"	-1.11255483619286	-0.415249466173014	0.557100942410579	0.220918975170255	0.593210094973502	0.0427760372722493	0.195816730207421	NA	"abundance"	47	38
"MGYG000327547"	"Sequencing_Depth"	"Sequencing_Depth"	"Sequencing_Depth"	-0.864182691638134	-0.534932639053454	0.253429265669951	0.221123168794446	0.593413397656705	0.0150675718107529	0.120979260379863	NA	"abundance"	47	16
"Acetatifactor sp910585805"	"Sex"	"M"	"SexM"	-1.83039081006491	-0.415249466173014	1.11407219076812	0.222284939952528	0.595395081007812	0.00267919785045141	0.0872724812632231	NA	"abundance"	47	21
"MGYG000346909"	"Sequencing_Depth"	"Sequencing_Depth"	"Sequencing_Depth"	-0.266748821272018	-0.534932639053454	0.215045524191972	0.223307359380191	0.596992320603307	0.0146977047801898	0.119543587326101	NA	"abundance"	47	35
"JAAWPK01 sp022791735"	"Sequencing_Depth"	"Sequencing_Depth"	"Sequencing_Depth"	-0.931857425877174	-0.534932639053454	0.309145360872378	0.223809378779795	0.597674919112795	0.00829505985023356	0.104464558421264	NA	"abundance"	47	17
"1XD42-69 sp910585825"	"Sequencing_Depth"	"Sequencing_Depth"	"Sequencing_Depth"	-0.798915535370135	-0.534932639053454	0.20676278108559	0.225190919474315	0.597799284265385	0.00818585786449923	0.104464558421264	NA	"abundance"	47	18
"Bacteroides uniformis"	"Sex"	"M"	"SexM"	-1.14465175823072	-0.415249466173014	0.587761540472185	0.226311294399214	0.599800746336946	0.0207665031842326	0.137403041654759	NA	"abundance"	47	32
"1XD42-69 sp910586645"	"Sequencing_Depth"	"Sequencing_Depth"	"Sequencing_Depth"	-0.91012673150862	-0.534932639053454	0.278448926566412	0.227059361245145	0.600651493132926	0.0210145361214826	0.137484176978499	NA	"abundance"	47	11
"MGYG000410811"	"Sequencing_Depth"	"Sequencing_Depth"	"Sequencing_Depth"	-0.84499902250111	-0.534932639053454	0.245337860177381	0.227852704606126	0.600991776391821	0.00421505871827991	0.0939811830309223	NA	"abundance"	47	19
"MGYG000325480"	"Sequencing_Depth"	"Sequencing_Depth"	"Sequencing_Depth"	-0.106452775429882	-0.534932639053454	0.311601800840655	0.227986784760409	0.601080984613549	0.00988621285549088	0.105076319492646	NA	"abundance"	47	10
"MGYG000373138"	"Sex"	"M"	"SexM"	-0.981339994354007	-0.415249466173014	0.457933453714051	0.228123957187825	0.601080984613549	0.00792211497978985	0.104464558421264	NA	"abundance"	47	34
"VUNA01 sp002299625"	"Sequencing_Depth"	"Sequencing_Depth"	"Sequencing_Depth"	-0.852848513702249	-0.534932639053454	0.247125525355792	0.228061228162487	0.601080984613549	0.00512587152819836	0.0974127072872568	NA	"abundance"	47	15
"MGYG000324476"	"Sequencing_Depth"	"Sequencing_Depth"	"Sequencing_Depth"	-0.247914103307416	-0.534932639053454	0.231730031416973	0.228189477123054	0.601124725558014	0.00263767603268807	0.0871172626123329	NA	"abundance"	47	30
"Alistipes sp002362235"	"Sequencing_Depth"	"Sequencing_Depth"	"Sequencing_Depth"	-0.192214956925242	-0.534932639053454	0.277310840155974	0.228728047044868	0.601295871130622	0.00566004862489631	0.0997319558965519	NA	"abundance"	47	30
"MGYG000329896"	"Genotype"	"MUT"	"GenotypeMUT"	-0.966289189199046	0	0.802790880078617	0.22872009456143	0.601295871130622	0.00575701381200794	0.0997319558965519	NA	"prevalence"	47	31
"MGYG000329711"	"Sequencing_Depth"	"Sequencing_Depth"	"Sequencing_Depth"	-1.00232258674795	-0.534932639053454	0.373796780022346	0.229455831069943	0.602458392384017	0.00654678675312362	0.102020167783013	NA	"abundance"	47	21
"Anaerotruncus sp003612625"	"Sequencing_Depth"	"Sequencing_Depth"	"Sequencing_Depth"	-0.292109024680275	-0.534932639053454	0.199050583957145	0.234345343545921	0.607392222734517	0.00166262726826537	0.0752959993691244	NA	"abundance"	47	32
"MGYG000325596"	"Site"	"Jejunum"	"SiteJejunum"	-0.356421859250186	0.0793922236573236	0.349594857680368	0.23435777485886	0.607392222734517	0.0613059702878005	0.242197388171251	NA	"abundance"	47	19
"14-2 sp910575035"	"Sex"	"M"	"SexM"	-1.3856347227938	0	1.16614159916696	0.234746086889351	0.607392222734517	0.0391165177444141	0.185554058669476	NA	"prevalence"	47	43
"Bacteroides caecimuris"	"Sex"	"M"	"SexM"	-1.40103098092412	0	1.18275893377177	0.236197461033196	0.607392222734517	0.0457124241511306	0.203974377462242	NA	"prevalence"	47	43
"CAG-873 sp009775225"	"Sex"	"M"	"SexM"	-1.40103098092412	0	1.18275893377177	0.236197461033196	0.607392222734517	0.0207412018046171	0.13739345300378	NA	"prevalence"	47	43
"MGYG000331408"	"Sequencing_Depth"	"Sequencing_Depth"	"Sequencing_Depth"	-0.817437667922776	-0.534932639053454	0.224849312678568	0.238591269105115	0.611106492175747	0.00459425139569268	0.0960930091857962	NA	"abundance"	47	15
"MGYG000325600"	"Sex"	"M"	"SexM"	0.339934714815885	-0.415249466173014	0.609869149602867	0.238678197830291	0.611205467961931	0.0320461794119315	0.169664716167439	NA	"abundance"	47	18
"MGYG000410877"	"Sequencing_Depth"	"Sequencing_Depth"	"Sequencing_Depth"	-0.74607782309813	-0.534932639053454	0.175020218077296	0.241002127394097	0.613680331634375	0.00563082483460197	0.0997319558965519	NA	"abundance"	47	29
"Prevotella sp013166515"	"Sequencing_Depth"	"Sequencing_Depth"	"Sequencing_Depth"	-0.266939532526716	-0.534932639053454	0.21935275505447	0.241273623061536	0.613877692605613	0.0111660642271444	0.109398964015571	NA	"abundance"	47	20
"Alistipes sp002428825"	"Sex"	"M"	"SexM"	1.00549271001345	-0.415249466173014	1.18272294676921	0.24206601607869	0.614905003316087	0.0128959468693749	0.115785177293055	NA	"abundance"	47	28
"UBA3402 sp002358555"	"Sequencing_Depth"	"Sequencing_Depth"	"Sequencing_Depth"	-0.0556482354389557	-0.534932639053454	0.391199319236261	0.242416456848176	0.615301285499141	0.00321871873203448	0.0914858855441843	NA	"abundance"	47	18
"Butyribacter sp910585905"	"Sequencing_Depth"	"Sequencing_Depth"	"Sequencing_Depth"	-0.72427427260534	-0.534932639053454	0.156389004431259	0.24252317055491	0.615308424442826	0.00716271559964443	0.10352980339118	NA	"abundance"	47	25
"RGIG4057 sp910577675"	"Genotype"	"MUT"	"GenotypeMUT"	1.27598452315819	0.195151488441185	0.847205947099703	0.243007231304815	0.616182999570582	0.0192898354807219	0.132139678132694	NA	"abundance"	47	12
"MGYG000331015"	"Sequencing_Depth"	"Sequencing_Depth"	"Sequencing_Depth"	-0.769621344448916	-0.534932639053454	0.194147953521786	0.243122531476883	0.616228474856706	0.0016983410705703	0.0752959993691244	NA	"abundance"	47	24
"MGYG000325668"	"Sex"	"M"	"SexM"	-1.06126976780072	-0.415249466173014	0.522073388716607	0.243442436087494	0.616545489394857	0.0462915412470216	0.205520485888159	NA	"abundance"	47	16
"Acetatifactor sp910578215"	"Sequencing_Depth"	"Sequencing_Depth"	"Sequencing_Depth"	-0.853248162078155	-0.534932639053454	0.257157923735464	0.244877293935719	0.618941051645033	0.00349479189260466	0.0914858855441843	NA	"abundance"	47	15
"UBA3282 sp910587715"	"Sequencing_Depth"	"Sequencing_Depth"	"Sequencing_Depth"	-1.73331697761588	-0.534932639053454	0.973094365269452	0.246323894464093	0.620758809320389	0.0137782399168919	0.117426217090615	NA	"abundance"	47	15
"MGYG000326943"	"Sex"	"M"	"SexM"	0.603550562422917	-0.415249466173014	0.855468308949223	0.246876331283949	0.62163528971399	0.00920454999212153	0.104562659028731	NA	"abundance"	47	27
"Bacteroides cellulosilyticus"	"Sequencing_Depth"	"Sequencing_Depth"	"Sequencing_Depth"	-0.844192063142347	-0.534932639053454	0.261575974930284	0.247977156927172	0.622600527739856	0.0409793527462027	0.190986012397886	NA	"abundance"	47	32
"UBA3282 sp910579395"	"Sequencing_Depth"	"Sequencing_Depth"	"Sequencing_Depth"	-0.798240530876047	-0.534932639053454	0.217340567712136	0.248468742896178	0.622884406065471	0.01900038917899	0.131403865672311	NA	"abundance"	47	18
"MGYG000324474"	"Sex"	"M"	"SexM"	-1.0919234000926	-0.415249466173014	0.575013117482966	0.249449358760788	0.62377123334533	0.0249034656324329	0.147542074677314	NA	"abundance"	47	35
"MGYG000329730"	"Sequencing_Depth"	"Sequencing_Depth"	"Sequencing_Depth"	-0.850647578822311	-0.534932639053454	0.263406500972169	0.24994493285081	0.62427051302793	0.00723324228190777	0.103765953329189	NA	"abundance"	47	20
"MGYG000325371"	"Sequencing_Depth"	"Sequencing_Depth"	"Sequencing_Depth"	-0.794081136941559	-0.534932639053454	0.219300319655845	0.251282569084461	0.625774463583213	0.0400118288477834	0.188574844378226	NA	"abundance"	47	26
"MGYG000331077"	"Sequencing_Depth"	"Sequencing_Depth"	"Sequencing_Depth"	-0.205387598931974	-0.534932639053454	0.280589340783417	0.251035948624311	0.625774463583213	0.0148393722315929	0.120070344329321	NA	"abundance"	47	32
"UBA5026 sp910576795"	"Sequencing_Depth"	"Sequencing_Depth"	"Sequencing_Depth"	-0.895591614639415	-0.534932639053454	0.30630211713779	0.251181089024943	0.625774463583213	0.0377065961150301	0.182943720092969	NA	"abundance"	47	29
"MGYG000344322"	"Sequencing_Depth"	"Sequencing_Depth"	"Sequencing_Depth"	-0.27396312056956	-0.534932639053454	0.222882196756249	0.251490442336502	0.625855245253944	0.018830432609667	0.130891243058065	NA	"abundance"	47	36
"MGYG000331169"	"Sex"	"M"	"SexM"	0.724441050513008	-0.415249466173014	0.965101005091653	0.251875186289293	0.626301221593914	0.000972065122371189	0.0610103866648535	NA	"abundance"	47	25
"14-2 sp910586005"	"Sex"	"M"	"SexM"	-1.78273404708582	-0.415249466173014	1.11428046184542	0.255020411626101	0.628788563634433	0.0598256726015238	0.238639311058591	NA	"abundance"	47	13
"MGYG000325391"	"Sequencing_Depth"	"Sequencing_Depth"	"Sequencing_Depth"	-0.175679192608233	-0.534932639053454	0.298996582288281	0.255606128628652	0.629327381774473	0.00451131034611222	0.0960419925491602	NA	"abundance"	47	16
"Adlercreutzia mucosicola"	"Sequencing_Depth"	"Sequencing_Depth"	"Sequencing_Depth"	0.662686100622699	0	0.582972797688803	0.25564871204648	0.629327381774473	0.0295849672373873	0.161987961322771	NA	"prevalence"	47	39
"RGIG4057 sp910579615"	"Sequencing_Depth"	"Sequencing_Depth"	"Sequencing_Depth"	-0.826309467845111	-0.534932639053454	0.239674017984604	0.255723168693208	0.629388269360028	0.0364488645505649	0.180082502069725	NA	"abundance"	47	14
"MGYG000325543"	"Sex"	"M"	"SexM"	-0.839838154463145	0	0.739535959278055	0.25611205196437	0.629752362637011	0.0274021950152477	0.154893758938883	NA	"prevalence"	47	13
"CAG-95 sp910577275"	"Sequencing_Depth"	"Sequencing_Depth"	"Sequencing_Depth"	-0.920241169665978	-0.534932639053454	0.331273559434551	0.25757591253072	0.631444080113273	0.00571557007892352	0.0997319558965519	NA	"abundance"	47	27
"MGYG000323043"	"Sex"	"M"	"SexM"	-1.05955068646863	-0.415249466173014	0.555004229681975	0.258016270638166	0.631444080113273	0.0261797676039288	0.151174599170919	NA	"abundance"	47	30
"Desulfovibrio sp910575755"	"Sequencing_Depth"	"Sequencing_Depth"	"Sequencing_Depth"	1.1061106784117	0	0.978710944301605	0.258404197739513	0.631444080113273	0.0564466382668632	0.229292961906216	NA	"prevalence"	47	43
"Marseille-P3106 sp022794215"	"Sequencing_Depth"	"Sequencing_Depth"	"Sequencing_Depth"	-0.0868257743133667	-0.534932639053454	0.385977371486938	0.259665417383667	0.632981156174853	0.0433153521098256	0.19739065680996	NA	"abundance"	47	25
"SIG307 sp910577175"	"Genotype"	"MUT"	"GenotypeMUT"	0.933856457805248	0	0.828186322200748	0.259492171747872	0.632981156174853	0.0458147740436216	0.204302096492314	NA	"prevalence"	47	8
"Avispirillum sp910586545"	"Sequencing_Depth"	"Sequencing_Depth"	"Sequencing_Depth"	-0.874352802340971	-0.534932639053454	0.146196697317436	0.260313744483276	0.633420103358191	0.0612249890363912	0.242197388171251	NA	"abundance"	47	6
"MGYG000325587"	"Sequencing_Depth"	"Sequencing_Depth"	"Sequencing_Depth"	-0.337674517618385	-0.534932639053454	0.1715860874103	0.260881074364477	0.63385095024424	0.0205550431268964	0.136705982945922	NA	"abundance"	47	36
"MGYG000325570"	"Genotype"	"MUT"	"GenotypeMUT"	-0.538870857131234	0.195151488441185	0.636616798315916	0.261487381542568	0.634324889912961	0.033234904658124	0.172596845057766	NA	"abundance"	47	28
"MGYG000410706"	"Sequencing_Depth"	"Sequencing_Depth"	"Sequencing_Depth"	-0.746602357136572	-0.534932639053454	0.185334564420938	0.262769740259768	0.635908214981666	0.0540057324574286	0.223587720789239	NA	"abundance"	47	39
"1XD42-69 sp011959925"	"Sequencing_Depth"	"Sequencing_Depth"	"Sequencing_Depth"	-1.00222180583754	-0.534932639053454	0.411432233506538	0.264350024710829	0.637714519195822	0.0512146239211402	0.218593947841056	NA	"abundance"	47	39
"MGYG000328306"	"Sequencing_Depth"	"Sequencing_Depth"	"Sequencing_Depth"	-0.88010850584938	-0.534932639053454	0.304447195068711	0.26551819418432	0.639327481284653	0.0330472376925747	0.172001381451486	NA	"abundance"	47	37
"Eubacterium_F sp910584645"	"Sequencing_Depth"	"Sequencing_Depth"	"Sequencing_Depth"	-0.855964426517534	-0.534932639053454	0.267870658241292	0.265777295925266	0.639705079258798	0.00450935278087428	0.0960419925491602	NA	"abundance"	47	13
"Mediterraneibacter_A sp022790755"	"Genotype"	"MUT"	"GenotypeMUT"	-0.933504013480015	0.195151488441185	0.962763352440926	0.266254487110702	0.639859274100172	0.0229705055682674	0.144363440380291	NA	"abundance"	47	16
"CAJTFG01 sp910575705"	"Sequencing_Depth"	"Sequencing_Depth"	"Sequencing_Depth"	-0.2362081010028	-0.534932639053454	0.255030305757592	0.266571817798893	0.64003529394886	0.020171640602302	0.135525813476303	NA	"abundance"	47	16
"MGYG000325999"	"Sequencing_Depth"	"Sequencing_Depth"	"Sequencing_Depth"	-0.79639601909588	-0.534932639053454	0.208748445902528	0.266995461727611	0.640566443242626	0.00383185501712735	0.0924413033859377	NA	"abundance"	47	10
"Acetatifactor sp910577185"	"Sequencing_Depth"	"Sequencing_Depth"	"Sequencing_Depth"	-0.83840724669967	-0.534932639053454	0.266680748260864	0.267539571004185	0.64090005483932	0.025877756885444	0.150614986844321	NA	"abundance"	47	28
"Dysosmobacter sp001916835"	"Sequencing_Depth"	"Sequencing_Depth"	"Sequencing_Depth"	-1.20302728294736	-0.534932639053454	0.548885541559511	0.26925213886812	0.643541082664779	0.00969873949830501	0.105076319492646	NA	"abundance"	47	11
"Acetatifactor sp910580225"	"Sequencing_Depth"	"Sequencing_Depth"	"Sequencing_Depth"	-0.991820944470937	-0.534932639053454	0.394974076953609	0.270187666630791	0.644438568722923	0.0196732057606662	0.133830816473906	NA	"abundance"	47	17
"Ventrimonas sp910577655"	"Sequencing_Depth"	"Sequencing_Depth"	"Sequencing_Depth"	-0.885908793583268	-0.534932639053454	0.312552304264671	0.270118681639845	0.644438568722923	0.0305324552937625	0.164887927190237	NA	"abundance"	47	38
"MGYG000329322"	"Sequencing_Depth"	"Sequencing_Depth"	"Sequencing_Depth"	-0.310604116560314	-0.534932639053454	0.200017461500058	0.271105729194539	0.645533544045237	0.0420981676842618	0.194223139159505	NA	"abundance"	47	39
"Gordonibacter pamelaeae"	"Sequencing_Depth"	"Sequencing_Depth"	"Sequencing_Depth"	-0.703055476531699	-0.534932639053454	0.148577106973703	0.272212257379161	0.646824687108629	0.0143750398126432	0.11908956245033	NA	"abundance"	47	28
"Ventrimonas sp910586205"	"Sequencing_Depth"	"Sequencing_Depth"	"Sequencing_Depth"	-0.757940703011149	-0.534932639053454	0.190339942712059	0.272717945773654	0.647342448155188	0.00305017479849861	0.0905825019991099	NA	"abundance"	47	14
"MGYG000325560"	"Sequencing_Depth"	"Sequencing_Depth"	"Sequencing_Depth"	-0.238763447274142	-0.534932639053454	0.2630821764252	0.273363460460906	0.647499004961479	0.0536245998832514	0.223000499584856	NA	"abundance"	47	26
"14-2 sp910578825"	"Sex"	"M"	"SexM"	0.72686697275388	-0.415249466173014	0.994912965469351	0.273759981854454	0.648074406267754	0.0465550538685592	0.206172381417905	NA	"abundance"	47	17
"MGBC122484 sp910587055"	"Sex"	"M"	"SexM"	1.54695313636293	-0.415249466173014	1.71794288845164	0.274083470949307	0.648718880941721	0.000901465148389497	0.0601090157435563	NA	"abundance"	47	18
"Adlercreutzia sp910585575"	"Site"	"Jejunum"	"SiteJejunum"	-0.984961682761808	0	0.901535060679358	0.274596516766873	0.649083605832882	0.0255067044641377	0.149549722570158	NA	"prevalence"	47	39
"Cryptobacteroides sp000431015"	"Sequencing_Depth"	"Sequencing_Depth"	"Sequencing_Depth"	-0.139270463261605	-0.534932639053454	0.265304462497043	0.274720286034855	0.649179287547242	0.00861045711451417	0.104464558421264	NA	"abundance"	47	7
"Alloprevotella sp002933955"	"Sex"	"M"	"SexM"	0.292854229852766	-0.415249466173014	0.632422131748552	0.27568108279199	0.650069140458459	0.00183211315796965	0.0766235254469202	NA	"abundance"	47	27
"COE1 sp002358575"	"Sequencing_Depth"	"Sequencing_Depth"	"Sequencing_Depth"	-0.274610699105239	-0.534932639053454	0.234405907933719	0.275999303804033	0.650447983749024	0.014468258074569	0.119105587561808	NA	"abundance"	47	37
"MGYG000411437"	"Sequencing_Depth"	"Sequencing_Depth"	"Sequencing_Depth"	-1.05694338471233	-0.534932639053454	0.46577159976171	0.276592361431492	0.650963276913883	0.00508137012482518	0.0973334488351443	NA	"abundance"	47	24
"Pelethomonas sp910588365"	"Sequencing_Depth"	"Sequencing_Depth"	"Sequencing_Depth"	-0.964562528882721	-0.534932639053454	0.387420613000859	0.277103457574835	0.651128724095376	0.0195167600032555	0.133077909706831	NA	"abundance"	47	33
"Dysosmobacter sp910589315"	"Sex"	"M"	"SexM"	-0.810491891883371	0	0.74687194738236	0.277841115138585	0.651996310712081	0.037860883802231	0.182943720092969	NA	"prevalence"	47	31
"CAG-873 sp014801485"	"Sequencing_Depth"	"Sequencing_Depth"	"Sequencing_Depth"	-0.380155671434954	-0.534932639053454	0.122391713445636	0.278313967438987	0.652147019593242	0.0185457025878026	0.130433189800965	NA	"abundance"	47	9
"Acetatifactor sp910586515"	"Sequencing_Depth"	"Sequencing_Depth"	"Sequencing_Depth"	0.0961966251036252	-0.534932639053454	0.542878969669966	0.278603954575979	0.652464173362209	0.00982829552394558	0.105076319492646	NA	"abundance"	47	13
"CAG-95 sp009911035"	"Sequencing_Depth"	"Sequencing_Depth"	"Sequencing_Depth"	-0.803313604172055	-0.534932639053454	0.240632020002863	0.28025420433028	0.652490467677902	0.0361548627201322	0.179706448457029	NA	"abundance"	47	23
"MGYG000329106"	"Sequencing_Depth"	"Sequencing_Depth"	"Sequencing_Depth"	-0.816968646930092	-0.534932639053454	0.25587496413647	0.280396515176774	0.652490467677902	0.00948283311225477	0.104562659028731	NA	"abundance"	47	34
"MGYG000329414"	"Sex"	"M"	"SexM"	-1.0282766682599	-0.415249466173014	0.554969190449326	0.279844150319459	0.652490467677902	0.0248634469817411	0.147542074677314	NA	"abundance"	47	33
"CAG-873 sp009775535"	"Sex"	"M"	"SexM"	-1.03114188914649	0	0.95403350772159	0.279775607648239	0.652490467677902	0.0132646147599087	0.117046563199793	NA	"prevalence"	47	41
"MGYG000325548"	"Genotype"	"MUT"	"GenotypeMUT"	-1.01768355245176	0.195151488441185	1.04102617623849	0.282277820374784	0.654648856115685	0.0219958126145374	0.141461695686579	NA	"abundance"	47	12
"MGYG000325682"	"Sequencing_Depth"	"Sequencing_Depth"	"Sequencing_Depth"	-0.794623135405098	-0.534932639053454	0.223155749889098	0.283623081587503	0.656308418261895	0.00446680772480914	0.09596169300593	NA	"abundance"	47	12
"MGYG000325385"	"Sequencing_Depth"	"Sequencing_Depth"	"Sequencing_Depth"	-0.818544719544245	-0.534932639053454	0.252600601793993	0.284083276994487	0.656403423690805	0.0387848257165417	0.185223748759808	NA	"abundance"	47	17
"MGYG000326632"	"Sequencing_Depth"	"Sequencing_Depth"	"Sequencing_Depth"	-0.76220359151726	-0.534932639053454	0.207822375476409	0.284781618733273	0.656403423690805	0.00640921348878886	0.102020167783013	NA	"abundance"	47	34
"MGYG000411366"	"Sequencing_Depth"	"Sequencing_Depth"	"Sequencing_Depth"	-0.815164570507637	-0.534932639053454	0.255906171231656	0.284246138088866	0.656403423690805	0.00754272765184685	0.104144017698043	NA	"abundance"	47	31
"Bacteroides intestinalis"	"Sequencing_Depth"	"Sequencing_Depth"	"Sequencing_Depth"	-1.00481337656416	-0.534932639053454	0.428194007531009	0.285010292531298	0.656654583702433	0.0202485760023497	0.135655862734225	NA	"abundance"	47	26
"Desulfovibrio sp900556755"	"Sequencing_Depth"	"Sequencing_Depth"	"Sequencing_Depth"	-0.785521613675244	-0.534932639053454	0.226241811164637	0.285142040605178	0.656771999123488	0.00279965136926345	0.0877522107063756	NA	"abundance"	47	21
"Bilophila sp902373525"	"Sequencing_Depth"	"Sequencing_Depth"	"Sequencing_Depth"	-0.325078138997051	-0.534932639053454	0.191629677512381	0.285994501907929	0.657936297982061	0.00535189706953926	0.0992840117782243	NA	"abundance"	47	28
"MGYG000331296"	"Sequencing_Depth"	"Sequencing_Depth"	"Sequencing_Depth"	0.698407016031056	-0.534932639053454	0.952507620835683	0.286034400995045	0.657936297982061	0.0636284146444799	0.247491711044178	NA	"abundance"	47	8
"MGYG000335786"	"Sex"	"M"	"SexM"	-0.740843594566949	0	0.697752904630262	0.288346299202731	0.660613114082926	0.00377590333985634	0.0924413033859377	NA	"prevalence"	47	32
"MGBC163016 sp910588945"	"Genotype"	"MUT"	"GenotypeMUT"	1.31079855053129	0	1.23545799541961	0.288698134581415	0.660701679177645	0.036829332145146	0.181148030342305	NA	"prevalence"	47	44
"MGYG000329478"	"Sex"	"M"	"SexM"	0.177380161658083	-0.415249466173014	0.532509395656985	0.289065923935276	0.661065305360925	0.0462453043479014	0.205444255896271	NA	"abundance"	47	17
"UBA3282 sp910586615"	"Sequencing_Depth"	"Sequencing_Depth"	"Sequencing_Depth"	-1.54748327437686	-0.534932639053454	0.789120582442018	0.289629689042808	0.661869899834892	0.0421689566618857	0.194296079326081	NA	"abundance"	47	8
"MGYG000325437"	"Genotype"	"MUT"	"GenotypeMUT"	-0.737140089937453	0	0.69723036778507	0.290401901170636	0.663042435970041	0.055705460436138	0.227587395585331	NA	"prevalence"	47	19
"MGBC122484 sp910587245"	"Sequencing_Depth"	"Sequencing_Depth"	"Sequencing_Depth"	-0.202516396838101	-0.534932639053454	0.302863104723913	0.291295193637429	0.664362983975239	0.00287988287517836	0.0884107050452181	NA	"abundance"	47	19
"MGYG000325633"	"Sequencing_Depth"	"Sequencing_Depth"	"Sequencing_Depth"	-0.840865534096983	-0.534932639053454	0.283496305608288	0.291365425981756	0.664403452004516	0.0199945026264407	0.135525813476303	NA	"abundance"	47	30
"MGYG000330890"	"Sex"	"M"	"SexM"	-0.866662885237797	-0.415249466173014	0.406038284671287	0.292669467358203	0.665840220019196	0.032805579391104	0.171628301359233	NA	"abundance"	47	16
"MGYG000325674"	"Sex"	"M"	"SexM"	-0.859775389707955	0	0.817073445779317	0.292679331978733	0.665840220019196	0.0600633306837175	0.239305310751136	NA	"prevalence"	47	38
"Niallia sp001076885"	"Sex"	"M"	"SexM"	-0.779789872393561	0	0.741549421938303	0.292997653498908	0.666444617787812	0.0402468625909615	0.189138846271886	NA	"prevalence"	47	10
"MGYG000325338"	"Sequencing_Depth"	"Sequencing_Depth"	"Sequencing_Depth"	-0.31858436481615	-0.534932639053454	0.194533185488042	0.293295071037559	0.666721122467589	0.00644071971570261	0.102020167783013	NA	"abundance"	47	15
"Acutalibacter sp003612555"	"Genotype"	"MUT"	"GenotypeMUT"	1.32965620721247	0.195151488441185	1.05867510922967	0.294001147707664	0.667371566437589	0.0607531440659405	0.241102314574996	NA	"abundance"	47	31
"Coproplasma sp910577375"	"Genotype"	"MUT"	"GenotypeMUT"	0.964304416592781	0.195151488441185	0.71545758401782	0.295662698917543	0.669738447190097	0.0331293320047488	0.172301779697987	NA	"abundance"	47	25
"MGYG000329148"	"Sequencing_Depth"	"Sequencing_Depth"	"Sequencing_Depth"	-0.823289725750925	-0.534932639053454	0.257863561262383	0.296440950919187	0.670901047154491	0.00327003111965772	0.0914858855441843	NA	"abundance"	47	13
"CAG-873 sp001701165"	"Sex"	"M"	"SexM"	0.259742220237056	-0.415249466173014	0.630226802000575	0.296845631589645	0.67093259596589	0.0630533464692331	0.246630355752374	NA	"abundance"	47	27
"MGYG000327453"	"Sequencing_Depth"	"Sequencing_Depth"	"Sequencing_Depth"	-0.703284153289964	-0.534932639053454	0.15472648492645	0.297093094719193	0.671063161223139	0.00390057468959368	0.0924413033859377	NA	"abundance"	47	19
"Bacteroides nordii"	"Sequencing_Depth"	"Sequencing_Depth"	"Sequencing_Depth"	-0.330508407148131	-0.534932639053454	0.192460140160398	0.297854064131008	0.672296138332793	0.0208357050319929	0.137403041654759	NA	"abundance"	47	34
"Bilophila sp902373525"	"Sex"	"M"	"SexM"	-0.853756248695169	-0.415249466173014	0.410580072351778	0.299046046879073	0.674036103960987	0.0424021043871965	0.194786621792328	NA	"abundance"	47	28
"MGYG000325596"	"Sequencing_Depth"	"Sequencing_Depth"	"Sequencing_Depth"	-0.336032247936195	-0.534932639053454	0.183792914937573	0.299050936944612	0.674036103960987	0.0069033997682825	0.102029124248726	NA	"abundance"	47	19
"MGYG000329698"	"Sequencing_Depth"	"Sequencing_Depth"	"Sequencing_Depth"	-0.742127176011296	-0.534932639053454	0.189253700869488	0.300693358072886	0.675632964694176	0.0373446364741999	0.181858410682628	NA	"abundance"	47	15
"MGYG000410955"	"Sequencing_Depth"	"Sequencing_Depth"	"Sequencing_Depth"	-0.859898374288003	-0.534932639053454	0.299484386048314	0.301645600651942	0.676133331557397	0.00694960630555583	0.102029124248726	NA	"abundance"	47	16
"MGYG000325663"	"Sequencing_Depth"	"Sequencing_Depth"	"Sequencing_Depth"	-0.279779798309528	-0.534932639053454	0.24099601958622	0.30444793656637	0.679501054972457	0.00763366274262281	0.104464558421264	NA	"abundance"	47	23
"MGYG000327237"	"Sequencing_Depth"	"Sequencing_Depth"	"Sequencing_Depth"	-0.174211262182202	-0.534932639053454	0.328366779082839	0.304481749391987	0.679501054972457	0.00205157118283503	0.0792179785671185	NA	"abundance"	47	13
"MGYG000327333"	"Sequencing_Depth"	"Sequencing_Depth"	"Sequencing_Depth"	-0.196770529874527	-0.534932639053454	0.318333809226865	0.305274877637072	0.680168334576353	0.00224092145596097	0.0815754250131121	NA	"abundance"	47	20
"MGYG000330030"	"Sex"	"M"	"SexM"	0.302339708314246	-0.415249466173014	0.678937771695891	0.307748599558653	0.681757689549043	0.0570184127929573	0.23094907829262	NA	"abundance"	47	20
"MGYG000379997"	"Sequencing_Depth"	"Sequencing_Depth"	"Sequencing_Depth"	-0.806295378214166	-0.534932639053454	0.258659026856354	0.30798448730635	0.681907930789537	0.018031176371281	0.12986676350825	NA	"abundance"	47	24
"Bilophila sp902373525"	"Site"	"Jejunum"	"SiteJejunum"	0.951657982650457	0	0.935093318118237	0.308813677780658	0.682311665796398	0.0265615438384942	0.15250771068276	NA	"prevalence"	47	28
"MGYG000327552"	"Sequencing_Depth"	"Sequencing_Depth"	"Sequencing_Depth"	-1.14334167987546	-0.534932639053454	0.580544940512774	0.309423576131224	0.683182212919768	0.0324638772527897	0.170934136167979	NA	"abundance"	47	22
"MGYG000327352"	"Sequencing_Depth"	"Sequencing_Depth"	"Sequencing_Depth"	-0.0585705576254887	-0.534932639053454	0.444952452804048	0.309710206757005	0.683576599325225	0.0572285993935685	0.23132656178963	NA	"abundance"	47	15
"CAG-411 sp014799595"	"Sequencing_Depth"	"Sequencing_Depth"	"Sequencing_Depth"	-0.263194182514223	-0.534932639053454	0.233980619112205	0.310786690020865	0.684775756672609	0.0607511957738217	0.241102314574996	NA	"abundance"	47	9
"Fimivicinus sp900544375"	"Sequencing_Depth"	"Sequencing_Depth"	"Sequencing_Depth"	-0.780249394431827	-0.534932639053454	0.23310244781508	0.312593947533634	0.686856460496529	0.00188367831911169	0.0767121323328136	NA	"abundance"	47	18
"Lawsonibacter sp022796195"	"Sequencing_Depth"	"Sequencing_Depth"	"Sequencing_Depth"	-0.314350199562837	-0.534932639053454	0.212502310185187	0.312572389790185	0.686856460496529	0.00364374084394318	0.0918133200197261	NA	"abundance"	47	25
"Parabacteroides sp900760525"	"Sex"	"M"	"SexM"	-0.927995033928075	0	0.919057269595618	0.312627096700489	0.686856460496529	0.0209317584008929	0.137484176978499	NA	"prevalence"	47	38
"MGYG000325361"	"Sex"	"M"	"SexM"	0.48340996915237	-0.415249466173014	0.862058830405826	0.314218062955445	0.687716596358328	0.00136843231338398	0.068573706357638	NA	"abundance"	47	20
"MGYG000331263"	"Sequencing_Depth"	"Sequencing_Depth"	"Sequencing_Depth"	-0.802986849159138	-0.534932639053454	0.257176027425219	0.315747991066743	0.688818340626331	0.013123150075137	0.116507566415587	NA	"abundance"	47	19
"Acetatifactor sp910586835"	"Sex"	"M"	"SexM"	-1.08143583366957	-0.415249466173014	0.646457377876984	0.31687453202297	0.690387048129983	0.00405522085013238	0.0925220051811803	NA	"abundance"	47	24
"MGYG000325483"	"Genotype"	"MUT"	"GenotypeMUT"	-0.902789363630361	0.195151488441185	0.962330055218458	0.317722551321699	0.691256798664501	0.0578411880130209	0.232946733262696	NA	"abundance"	47	9
"Bacteroides faecis"	"Sequencing_Depth"	"Sequencing_Depth"	"Sequencing_Depth"	-0.948666902217703	-0.534932639053454	0.40148126701334	0.318181042947195	0.691323668899248	0.0153333792967814	0.121771151538934	NA	"abundance"	47	21
"C-19 sp022799495"	"Sequencing_Depth"	"Sequencing_Depth"	"Sequencing_Depth"	-0.906694253959418	-0.534932639053454	0.345496017428976	0.31785338365743	0.691323668899248	0.0292077144438409	0.161281348194584	NA	"abundance"	47	12
"Eubacterium_G sp910584795"	"Sex"	"M"	"SexM"	-0.810237895862352	0	0.812494682664031	0.318656571386836	0.691323668899248	0.0429374678280337	0.196144737510533	NA	"prevalence"	47	35
"Acetatifactor sp910586215"	"Sequencing_Depth"	"Sequencing_Depth"	"Sequencing_Depth"	-0.105915331212535	-0.534932639053454	0.388851887383362	0.320500536070973	0.691955482404818	0.0156261473253995	0.122717343662138	NA	"abundance"	47	10
"Pelethomonas sp910584045"	"Sequencing_Depth"	"Sequencing_Depth"	"Sequencing_Depth"	-0.8473275126838	-0.534932639053454	0.304827799754505	0.320475525455464	0.691955482404818	0.0091850927247605	0.104562659028731	NA	"abundance"	47	22
"MGYG000325350"	"Genotype"	"MUT"	"GenotypeMUT"	-0.531733673416196	0.195151488441185	0.713410261060361	0.32147071876021	0.692764052830684	0.0359681812019011	0.179156522012006	NA	"abundance"	47	24
"D16-34 sp003612515"	"Genotype"	"MUT"	"GenotypeMUT"	-0.122210543038072	0.195151488441185	0.310559295499074	0.321847576495704	0.692965916530467	0.0379286671376926	0.18298963776738	NA	"abundance"	47	25
"Anaerostipes caccae"	"Genotype"	"MUT"	"GenotypeMUT"	2.58831032333914	0.195151488441185	2.30893528754821	0.322187241212567	0.693102669247516	0.00287118784790059	0.0884107050452181	NA	"abundance"	47	16
"Caccovicinus sp910585635"	"Sequencing_Depth"	"Sequencing_Depth"	"Sequencing_Depth"	0.148158958432235	-0.534932639053454	0.673663949838384	0.322806969061973	0.693102669247516	0.0514793817109353	0.218941207371767	NA	"abundance"	47	25
"CAG-873 sp910584495"	"Sex"	"M"	"SexM"	0.0118125398052288	-0.415249466173014	0.418780536681101	0.322944811521475	0.693102669247516	0.0378242238810973	0.182943720092969	NA	"abundance"	47	26
"Coproplasma sp003979335"	"Sex"	"M"	"SexM"	-1.30593413536062	-0.415249466173014	0.885172919164136	0.323744450998024	0.693102669247516	0.0630983888375327	0.246640356707554	NA	"abundance"	47	32
"MGBC163016 sp910589125"	"Sequencing_Depth"	"Sequencing_Depth"	"Sequencing_Depth"	-0.365473562088207	-0.534932639053454	0.167728293462133	0.322394895837483	0.693102669247516	0.010186650850881	0.105725768302536	NA	"abundance"	47	34
"Dysosmobacter sp910587705"	"Sex"	"M"	"SexM"	-1.21301701288447	0	1.23043804410076	0.3242108472598	0.693102669247516	0.00109625341064465	0.0610103866648535	NA	"prevalence"	47	44
"UBA1394 sp910588145"	"Genotype"	"MUT"	"GenotypeMUT"	-0.940798668151137	0	0.951218640845906	0.322640802499943	0.693102669247516	0.000314384653552505	0.0317438675901301	NA	"prevalence"	47	27
"Ligilactobacillus agilis"	"Sequencing_Depth"	"Sequencing_Depth"	"Sequencing_Depth"	-1.03727437123406	-0.534932639053454	0.496411080746251	0.325036862632945	0.694048010662586	0.0063841521790882	0.102020167783013	NA	"abundance"	47	23
"MGYG000325415"	"Sequencing_Depth"	"Sequencing_Depth"	"Sequencing_Depth"	-0.326405366601633	-0.534932639053454	0.207124193872283	0.327646487964291	0.697678883807645	0.0181990034628247	0.129871704297992	NA	"abundance"	47	25
"MGYG000328573"	"Sequencing_Depth"	"Sequencing_Depth"	"Sequencing_Depth"	-0.891380911196016	-0.534932639053454	0.335402769153106	0.329173207926539	0.698989173953049	0.014345680898807	0.119008535907005	NA	"abundance"	47	11
"Marseille-P3106 sp910588975"	"Genotype"	"MUT"	"GenotypeMUT"	-0.979840727379508	0.195151488441185	1.179263887754	0.329958348959832	0.699713892650761	0.0184434126700581	0.130227812939032	NA	"abundance"	47	27
"MGYG000327551"	"Sequencing_Depth"	"Sequencing_Depth"	"Sequencing_Depth"	-0.721494580482203	-0.534932639053454	0.18495580478202	0.330925395143025	0.70082958153436	0.00471215781356475	0.0969070864510174	NA	"abundance"	47	20
"UMGS124 sp900555105"	"Sex"	"M"	"SexM"	-0.957157238609833	-0.415249466173014	0.535269321471525	0.331319774749715	0.70107751734903	0.0106490838653978	0.108185115337314	NA	"abundance"	47	18
"Pelethomonas sp910588045"	"Sequencing_Depth"	"Sequencing_Depth"	"Sequencing_Depth"	-0.328157148639814	-0.534932639053454	0.206637610611175	0.331737436982675	0.701492228086653	0.00570391727561112	0.0997319558965519	NA	"abundance"	47	23
"VUNA01 sp002299625"	"Genotype"	"MUT"	"GenotypeMUT"	-0.405034507204635	0.195151488441185	0.587426430376729	0.331927215046069	0.701776296651602	0.0450111111266071	0.201736546254191	NA	"abundance"	47	15
"UBA3402 sp910577935"	"Sequencing_Depth"	"Sequencing_Depth"	"Sequencing_Depth"	-0.257692616015478	-0.534932639053454	0.282612503591912	0.334304561048399	0.704283845865406	0.0375365041520243	0.182467683181918	NA	"abundance"	47	39
"MGYG000393816"	"Genotype"	"MUT"	"GenotypeMUT"	1.25142231580231	0.195151488441185	1.03683948533487	0.335035119138092	0.704626573962833	0.0147315317727775	0.119680996057461	NA	"abundance"	47	14
"MGYG000329799"	"Sequencing_Depth"	"Sequencing_Depth"	"Sequencing_Depth"	-0.0707799472109462	-0.534932639053454	0.405543952101131	0.335890581657564	0.705338109641539	0.0111506326847278	0.109398964015571	NA	"abundance"	47	8
"Anaerotignum sp910578425"	"Sequencing_Depth"	"Sequencing_Depth"	"Sequencing_Depth"	-0.323670107346695	-0.534932639053454	0.214232873969665	0.336673310605406	0.7059420116998	0.00825151167216304	0.104464558421264	NA	"abundance"	47	25
"CAG-510 sp910577105"	"Sequencing_Depth"	"Sequencing_Depth"	"Sequencing_Depth"	-0.270618592029242	-0.534932639053454	0.269855571080098	0.337423276652724	0.707019340485049	0.0345896988838879	0.175155439850898	NA	"abundance"	47	30
"Enterococcus_D gallinarum"	"Genotype"	"MUT"	"GenotypeMUT"	1.39928249291379	0.195151488441185	1.22882952921555	0.338355900580427	0.707918841247445	0.0435946522662955	0.198355829432343	NA	"abundance"	47	26
"UBA3282 sp910575245"	"Sex"	"M"	"SexM"	-1.1384553856683	0	1.19149615463583	0.339333046330385	0.709161935746535	0.000379987207908849	0.036313798061797	NA	"prevalence"	47	44
"Butyribacter sp910579085"	"Sequencing_Depth"	"Sequencing_Depth"	"Sequencing_Depth"	-0.262746922571058	-0.534932639053454	0.218505112170539	0.340128742231931	0.709634023268796	0.0147698542142522	0.119854568985459	NA	"abundance"	47	7
"MGYG000325322"	"Sequencing_Depth"	"Sequencing_Depth"	"Sequencing_Depth"	-0.74838865781398	-0.534932639053454	0.218790344026935	0.341336434949641	0.710951174547638	0.00549732971759231	0.0995165951934802	NA	"abundance"	47	26
"Pseudobutyricicoccus sp910579575"	"Sex"	"M"	"SexM"	-1.29257489517566	-0.415249466173014	0.905621451610936	0.342896315825073	0.712390468205602	0.00700114958413017	0.102029124248726	NA	"abundance"	47	29
"MGYG000325660"	"Genotype"	"MUT"	"GenotypeMUT"	-0.246611721507236	0.195151488441185	0.456707623918525	0.343058942012774	0.712576319001918	0.0113038280308283	0.109438753402103	NA	"abundance"	47	33
"MD308 sp910578455"	"Sequencing_Depth"	"Sequencing_Depth"	"Sequencing_Depth"	-0.814222448536836	-0.534932639053454	0.290164588415793	0.34350298165736	0.712917490514161	0.0151936220116496	0.121446520888831	NA	"abundance"	47	37
"MGYG000324849"	"Sequencing_Depth"	"Sequencing_Depth"	"Sequencing_Depth"	-0.704992272715093	-0.534932639053454	0.176044321671939	0.3452678891327	0.714117800758451	0.00175757643511309	0.0753544538956879	NA	"abundance"	47	29
"CAG-873 sp001689415"	"Sex"	"M"	"SexM"	0.0371856437620586	-0.415249466173014	0.471407242792199	0.347363274326913	0.716122524880795	0.0290987630513958	0.160975083810983	NA	"abundance"	47	33
"MGYG000325572"	"Sequencing_Depth"	"Sequencing_Depth"	"Sequencing_Depth"	-0.297565223616444	-0.534932639053454	0.243148789267451	0.347735643775822	0.716122524880795	0.0132073976622695	0.116979807865816	NA	"abundance"	47	18
"MGYG000325622"	"Sex"	"M"	"SexM"	0.104778991305712	-0.415249466173014	0.541779396033367	0.347187256498454	0.716122524880795	0.035283222942835	0.176866538836849	NA	"abundance"	47	31
"RGIG3002 sp910579805"	"Sequencing_Depth"	"Sequencing_Depth"	"Sequencing_Depth"	-0.73862356232719	-0.534932639053454	0.205652972420267	0.348872308192321	0.717469646969683	0.0246128594010352	0.147358858898628	NA	"abundance"	47	14
"Sporofaciens sp011960625"	"Sequencing_Depth"	"Sequencing_Depth"	"Sequencing_Depth"	-0.8662365328028	-0.534932639053454	0.343515096195998	0.349524530129108	0.717994401553757	0.0104390308383386	0.10741504209069	NA	"abundance"	47	21
"MGYG000402809"	"Sequencing_Depth"	"Sequencing_Depth"	"Sequencing_Depth"	-0.825063072410523	-0.534932639053454	0.302932200911929	0.350101298819332	0.718161445656962	0.057899670821317	0.23304947230357	NA	"abundance"	47	25
"MGYG000337677"	"Sequencing_Depth"	"Sequencing_Depth"	"Sequencing_Depth"	-0.882648156484151	-0.534932639053454	0.342949992249322	0.350195715818339	0.718207610309225	0.00870831579154862	0.104464558421264	NA	"abundance"	47	11
"RUG115 sp910578885"	"Sequencing_Depth"	"Sequencing_Depth"	"Sequencing_Depth"	-0.84041344092339	-0.534932639053454	0.289721170518507	0.351551131918461	0.71860774412914	0.0246758267618156	0.147358858898628	NA	"abundance"	47	9
"Sodaliphilus sp004557565"	"Sex"	"M"	"SexM"	-0.654320800230809	0	0.701901892673508	0.351227392443918	0.71860774412914	0.0568206791972654	0.230280137939376	NA	"prevalence"	47	14
"Acetatifactor sp910584375"	"Sequencing_Depth"	"Sequencing_Depth"	"Sequencing_Depth"	-0.268197953976388	-0.534932639053454	0.271969290369444	0.352619583787764	0.719332585267609	0.049135773810797	0.21358650018125	NA	"abundance"	47	14
"MGYG000405682"	"Sequencing_Depth"	"Sequencing_Depth"	"Sequencing_Depth"	-0.822557482970546	-0.534932639053454	0.302362797201175	0.352920554884318	0.719714577690623	0.0507791343694279	0.217915556601771	NA	"abundance"	47	26
"MGYG000411179"	"Sequencing_Depth"	"Sequencing_Depth"	"Sequencing_Depth"	-0.177247425173269	-0.534932639053454	0.355253806133382	0.353225374116854	0.720055895987066	0.00321584227773928	0.0914858855441843	NA	"abundance"	47	11
"Enterenecus sp910587205"	"Sequencing_Depth"	"Sequencing_Depth"	"Sequencing_Depth"	-0.359948932798554	-0.534932639053454	0.18464587647339	0.354234119414623	0.721556430502967	0.0148474081697547	0.120070344329321	NA	"abundance"	47	29
"MGYG000325479"	"Sex"	"M"	"SexM"	0.133114499997097	-0.415249466173014	0.579394996775943	0.355489772669645	0.722895516172198	0.00191260807546426	0.0768086015760304	NA	"abundance"	47	27
"MGYG000329509"	"Sequencing_Depth"	"Sequencing_Depth"	"Sequencing_Depth"	-0.308154851597261	-0.534932639053454	0.240310384776303	0.35566834211683	0.722895516172198	0.00323770093459927	0.0914858855441843	NA	"abundance"	47	29
"MGYG000325415"	"Sex"	"M"	"SexM"	-0.600394940719694	0	0.65019365750197	0.355793890484499	0.722895516172198	0.020921019180455	0.137484176978499	NA	"prevalence"	47	25
"Eubacterium_J sp910584595"	"Sequencing_Depth"	"Sequencing_Depth"	"Sequencing_Depth"	-0.721545351268267	-0.534932639053454	0.196918428250352	0.35618974249528	0.722988582277509	0.0050815000877431	0.0973334488351443	NA	"abundance"	47	25
"CAJFPI01 sp022801715"	"Sequencing_Depth"	"Sequencing_Depth"	"Sequencing_Depth"	-0.7893380141957	-0.534932639053454	0.271687955148816	0.357351028507137	0.723691733410881	0.0343335489884975	0.174473270303364	NA	"abundance"	47	34
"MGYG000330445"	"Genotype"	"MUT"	"GenotypeMUT"	2.02993125906059	0.195151488441185	1.90863647718803	0.357041044103896	0.723691733410881	0.0373660485839443	0.181858410682628	NA	"abundance"	47	16
"MGYG000330445"	"Sequencing_Depth"	"Sequencing_Depth"	"Sequencing_Depth"	0.428406845818058	-0.534932639053454	1.00241019526312	0.357160708745597	0.723691733410881	0.0027535035825833	0.0872724812632231	NA	"abundance"	47	16
"Acutalibacter sp910584745"	"Sequencing_Depth"	"Sequencing_Depth"	"Sequencing_Depth"	-0.755513677713927	-0.534932639053454	0.235317138227872	0.357474229063841	0.723711525792347	0.0388322877724056	0.185243298125813	NA	"abundance"	47	32
"MGBC163016 sp910588435"	"Sequencing_Depth"	"Sequencing_Depth"	"Sequencing_Depth"	-0.399893600147684	-0.534932639053454	0.143184266607079	0.357922641844737	0.724314116781883	0.00256405867532534	0.0862988891295214	NA	"abundance"	47	29
"MGYG000330300"	"Sex"	"M"	"SexM"	-0.905899331956136	-0.415249466173014	0.507390898580898	0.358342403297062	0.724544469525642	0.0338554631265787	0.173902916699606	NA	"abundance"	47	15
"MGYG000368565"	"Sex"	"M"	"SexM"	-0.923883610045841	0	1.00590784593827	0.358379396953166	0.724544469525642	0.027415406399624	0.154893758938883	NA	"prevalence"	47	7
"JAAWJJ01 sp022796875"	"Sex"	"M"	"SexM"	-1.12913822894334	-0.415249466173014	0.759442496040013	0.358685627656786	0.72465352951467	0.0484612357476733	0.212116388257736	NA	"abundance"	47	26
"Klebsiella michiganensis"	"Site"	"Jejunum"	"SiteJejunum"	-0.788928421237566	0	0.860042542153441	0.358978515074608	0.725059844233985	0.0352477629083075	0.176866538836849	NA	"prevalence"	47	8
"UBA5026 sp910586425"	"Sequencing_Depth"	"Sequencing_Depth"	"Sequencing_Depth"	-0.346110156412229	-0.534932639053454	0.200986907052332	0.360188057356247	0.726112506771042	0.0064425028955904	0.102020167783013	NA	"abundance"	47	25
"MGYG000328958"	"Sex"	"M"	"SexM"	-0.831723064436016	-0.415249466173014	0.446141981277139	0.361487353850343	0.72664870970901	0.00975334907675102	0.105076319492646	NA	"abundance"	47	31
"Phocaeicola sartorii"	"Sex"	"M"	"SexM"	-0.915930789713834	-0.415249466173014	0.537321184495904	0.361128168299955	0.72664870970901	0.0142777562230247	0.118584231473958	NA	"abundance"	47	32
"Thomasclavelia ramosa"	"Site"	"Jejunum"	"SiteJejunum"	0.532191596575841	0.0793922236573236	0.48576453918593	0.361280826571199	0.72664870970901	0.0648369063953022	0.24987309400327	NA	"abundance"	47	28
"VSOB01 sp910587635"	"Sequencing_Depth"	"Sequencing_Depth"	"Sequencing_Depth"	-1.07388632481325	-0.534932639053454	0.573609278177166	0.361370439962946	0.72664870970901	0.00388380825777183	0.0924413033859377	NA	"abundance"	47	21
"MGYG000323059"	"Sex"	"M"	"SexM"	0.366050947585424	-0.415249466173014	0.837674232172208	0.361741879400006	0.726929466493933	0.00054329791993497	0.0451768199776514	NA	"abundance"	47	26
"Collinsella stercoris"	"Sequencing_Depth"	"Sequencing_Depth"	"Sequencing_Depth"	-1.35202447098641	-0.534932639053454	0.522137075982826	0.362065485196812	0.727233403938629	0.0555899510086346	0.227378341278374	NA	"abundance"	47	6
"MGYG000410332"	"Sequencing_Depth"	"Sequencing_Depth"	"Sequencing_Depth"	-0.328890521893268	-0.534932639053454	0.220746959856701	0.362150002575629	0.72725995052749	0.006099837596871	0.10094081032036	NA	"abundance"	47	26
"Scybalousia sp910584255"	"Sequencing_Depth"	"Sequencing_Depth"	"Sequencing_Depth"	-0.844162996924112	-0.534932639053454	0.325511388174953	0.36276911212145	0.727492303744187	0.0240081201155598	0.146060981620493	NA	"abundance"	47	16
"MGYG000323516"	"Sequencing_Depth"	"Sequencing_Depth"	"Sequencing_Depth"	-0.673055474535927	-0.534932639053454	0.147788985329339	0.363791080878602	0.72806168024088	0.00126903770528908	0.0666590057074523	NA	"abundance"	47	24
"MGBC118957 sp910584385"	"Sex"	"M"	"SexM"	-0.793121690014121	0	0.873506339217912	0.363891568309765	0.72806168024088	0.0175163601588433	0.128562444031884	NA	"prevalence"	47	35
"MGYG000331839"	"Sequencing_Depth"	"Sequencing_Depth"	"Sequencing_Depth"	-0.337715192993952	-0.534932639053454	0.211609439934768	0.36423324430144	0.728121352869178	0.00696493481500272	0.102029124248726	NA	"abundance"	47	24
"CAG-303 sp910577835"	"Sequencing_Depth"	"Sequencing_Depth"	"Sequencing_Depth"	-0.867391299997973	-0.534932639053454	0.357229377986874	0.364513655749528	0.728566848962185	0.00238141647277403	0.0842360560638557	NA	"abundance"	47	23
"JAAVYD01 sp022790955"	"Genotype"	"MUT"	"GenotypeMUT"	0.846547827666961	0.195151488441185	0.695929368154146	0.364637161107644	0.728698639927465	0.0258061429055349	0.150493249221387	NA	"abundance"	47	20
"Choladocola sp910585995"	"Sex"	"M"	"SexM"	-1.25813900638977	-0.415249466173014	0.913315072955104	0.364797921031729	0.728904827848402	0.0590300821044476	0.236656052362017	NA	"abundance"	47	31
"Ruminiclostridium_E sp910585505"	"Sequencing_Depth"	"Sequencing_Depth"	"Sequencing_Depth"	-0.788389043697123	-0.534932639053454	0.274584234004158	0.364873835110163	0.728941446468505	0.0145818696821876	0.119149890073644	NA	"abundance"	47	31
"MGYG000325278"	"Sex"	"M"	"SexM"	0.126359504384993	-0.415249466173014	0.58973494099611	0.367690252741244	0.731017872897615	0.015017124719588	0.120752033581397	NA	"abundance"	47	32
"Avoscillospira_A sp022792945"	"Site"	"Jejunum"	"SiteJejunum"	0.968694087513033	0	1.07526660666714	0.367648215949467	0.731017872897615	0.024335769006709	0.146222374599582	NA	"prevalence"	47	29
"CAG-873 sp001701165"	"Sequencing_Depth"	"Sequencing_Depth"	"Sequencing_Depth"	-0.78461042069483	-0.534932639053454	0.272757853220219	0.370746840485739	0.732101978776457	0.0631256940130115	0.246640356707554	NA	"abundance"	47	27
"MGYG000410806"	"Sequencing_Depth"	"Sequencing_Depth"	"Sequencing_Depth"	-0.76394469539991	-0.534932639053454	0.217559051604964	0.370717344130389	0.732101978776457	0.00852965629229742	0.104464558421264	NA	"abundance"	47	8
"MGYG000328399"	"Sequencing_Depth"	"Sequencing_Depth"	"Sequencing_Depth"	-0.0488848446237309	-0.534932639053454	0.426052003348346	0.372214913731225	0.733396209730744	0.0193311300494066	0.132139678132694	NA	"abundance"	47	7
"Choladocola sp910587495"	"Sequencing_Depth"	"Sequencing_Depth"	"Sequencing_Depth"	-0.781308703062452	-0.534932639053454	0.272165917372835	0.373897813665046	0.734596280012504	0.00849855352876996	0.104464558421264	NA	"abundance"	47	32
"MGYG000401219"	"Site"	"Jejunum"	"SiteJejunum"	-0.86549011140886	0	0.974071958645451	0.374256855244757	0.735155691137202	0.0640515776816426	0.248199863516365	NA	"prevalence"	47	31
"Pelethomonas sp009774055"	"Sequencing_Depth"	"Sequencing_Depth"	"Sequencing_Depth"	-0.124726850824648	-0.534932639053454	0.450298608794292	0.37577809586934	0.736087765013015	0.012217635249814	0.113474699008785	NA	"abundance"	47	21
"Copromonas sp910586315"	"Sequencing_Depth"	"Sequencing_Depth"	"Sequencing_Depth"	-0.890949911931715	-0.534932639053454	0.393696827127029	0.377326065428449	0.736173857002923	0.0252136818975855	0.148632446749069	NA	"abundance"	47	24
"MGBC122484 sp910578465"	"Sequencing_Depth"	"Sequencing_Depth"	"Sequencing_Depth"	0.0519488375507472	-0.534932639053454	0.642690712468743	0.37667274365348	0.736173857002923	0.0167298696967544	0.126370084185897	NA	"abundance"	47	19
"MGYG000324289"	"Sex"	"M"	"SexM"	0.336077031692913	-0.415249466173014	0.834591745632894	0.376608885195691	0.736173857002923	0.0447790265000441	0.201535015366995	NA	"abundance"	47	30
"MGYG000327081"	"Sequencing_Depth"	"Sequencing_Depth"	"Sequencing_Depth"	-0.281144521113988	-0.534932639053454	0.27421888780929	0.37712094598991	0.736173857002923	0.00252007276981012	0.0862988891295214	NA	"abundance"	47	15
"MGYG000329730"	"Sex"	"M"	"SexM"	-0.975302471734653	-0.415249466173014	0.612613895396546	0.376488953336058	0.736173857002923	0.0635569908084296	0.247491711044178	NA	"abundance"	47	20
"MGYG000410914"	"Sequencing_Depth"	"Sequencing_Depth"	"Sequencing_Depth"	-0.151380368902777	-0.534932639053454	0.417097453791133	0.376060800726747	0.736173857002923	0.0291067002137007	0.160975083810983	NA	"abundance"	47	17
"14-2 sp011960065"	"Genotype"	"MUT"	"GenotypeMUT"	1.09209297955752	0	1.23901465587015	0.378090238930005	0.736173857002923	0.0329604243334216	0.17184313946432	NA	"prevalence"	47	44
"MGYG000327273"	"Sequencing_Depth"	"Sequencing_Depth"	"Sequencing_Depth"	-0.349011609723495	-0.534932639053454	0.207810200871677	0.378815048807817	0.736791777475315	0.0181304807668861	0.12986676350825	NA	"abundance"	47	37
"CAG-873 sp910586975"	"Sequencing_Depth"	"Sequencing_Depth"	"Sequencing_Depth"	-0.806484005672617	-0.534932639053454	0.304149935410215	0.379469983131012	0.736844999990997	0.0638106979946697	0.247809897486992	NA	"abundance"	47	35
"Kineothrix sp009911195"	"Sex"	"M"	"SexM"	-1.54151525403028	-0.415249466173014	1.2344620637831	0.379618316812756	0.736844999990997	0.00282502689051746	0.0879616302298565	NA	"abundance"	47	17
"CAG-95 sp910587295"	"Sequencing_Depth"	"Sequencing_Depth"	"Sequencing_Depth"	-0.747591314697766	-0.534932639053454	0.234789702087464	0.380422704519781	0.737312906723532	0.00101482646832235	0.0610103866648535	NA	"abundance"	47	20
"CAG-873 sp910586595"	"Sequencing_Depth"	"Sequencing_Depth"	"Sequencing_Depth"	-0.756302298127826	-0.534932639053454	0.247885010585869	0.381283089741917	0.737745603908181	0.0137072094447983	0.117426217090615	NA	"abundance"	47	30
"Hungatella effluvii"	"Sequencing_Depth"	"Sequencing_Depth"	"Sequencing_Depth"	-0.801729776177566	-0.534932639053454	0.260314795787209	0.381456953055945	0.737745603908181	0.0219513365472016	0.141461695686579	NA	"abundance"	47	8
"Lachnoclostridium_B sp910584265"	"Sequencing_Depth"	"Sequencing_Depth"	"Sequencing_Depth"	-0.775502924764348	-0.534932639053454	0.270366685399758	0.381775860142451	0.737745603908181	0.0249705492094265	0.147691917834499	NA	"abundance"	47	32
"MGYG000348936"	"Sequencing_Depth"	"Sequencing_Depth"	"Sequencing_Depth"	-0.317952818507095	-0.534932639053454	0.244836962521071	0.383154205371009	0.739274090436038	0.00785852399912637	0.104464558421264	NA	"abundance"	47	36
"Eggerthella lenta"	"Genotype"	"MUT"	"GenotypeMUT"	-0.0771230564365993	0.195151488441185	0.305368321792661	0.384608239173956	0.739986486010631	0.0190622266948694	0.131445676370085	NA	"abundance"	47	28
"Acetatifactor sp910587555"	"Sequencing_Depth"	"Sequencing_Depth"	"Sequencing_Depth"	-0.797953271177323	-0.534932639053454	0.293828642560361	0.385468559162881	0.74043246162468	0.00355585249200734	0.0915908324787475	NA	"abundance"	47	20
"MGYG000324324"	"Genotype"	"MUT"	"GenotypeMUT"	1.10239883363324	0.195151488441185	1.02240444341643	0.385942537922753	0.740671565991247	0.0540073806081512	0.223587720789239	NA	"abundance"	47	24
"MGYG000325585"	"Genotype"	"MUT"	"GenotypeMUT"	-0.262477967887303	0.195151488441185	0.518992363471153	0.389674069312328	0.7430693536239	0.0348716777838127	0.176052156125706	NA	"abundance"	47	24
"14-2 sp910577785"	"Genotype"	"MUT"	"GenotypeMUT"	-0.585479104560287	0.195151488441185	0.894948505695279	0.391706686165537	0.744524839169354	0.0180733269132356	0.12986676350825	NA	"abundance"	47	29
"Avimonas_A sp022800315"	"Sex"	"M"	"SexM"	-0.732523852522175	0	0.855856999426549	0.392055779433638	0.744809167051567	0.0322230247614755	0.170238548849915	NA	"prevalence"	47	8
"MGYG000410775"	"Sequencing_Depth"	"Sequencing_Depth"	"Sequencing_Depth"	-0.785139372126153	-0.534932639053454	0.279851690102995	0.395208011765614	0.747893970893575	0.00548338215465642	0.0995165951934802	NA	"abundance"	47	14
"CAG-873 sp003979155"	"Sequencing_Depth"	"Sequencing_Depth"	"Sequencing_Depth"	-0.345785347753063	-0.534932639053454	0.218745621038681	0.39679575620674	0.748764523636065	0.00880288403327441	0.104562659028731	NA	"abundance"	47	28
"Bifidobacterium adolescentis"	"Sequencing_Depth"	"Sequencing_Depth"	"Sequencing_Depth"	-0.80881776516768	-0.534932639053454	0.316627319567602	0.397145336986901	0.749078479448695	0.00542357281901393	0.0995165951934802	NA	"abundance"	47	26
"UBA3402 sp022798105"	"Sequencing_Depth"	"Sequencing_Depth"	"Sequencing_Depth"	-0.0836186965547732	-0.534932639053454	0.518649467043507	0.397124207821562	0.749078479448695	0.00510226492860179	0.0974127072872568	NA	"abundance"	47	21
"Ileibacterium valens"	"Sex"	"M"	"SexM"	-0.804353674732313	0	0.953602614265073	0.398954804608964	0.750032662518976	0.00457621236676488	0.0960930091857962	NA	"prevalence"	47	41
"MGYG000325425"	"Sequencing_Depth"	"Sequencing_Depth"	"Sequencing_Depth"	-0.313037189602467	-0.534932639053454	0.256872617617735	0.400419689504143	0.751113282416041	0.00226213685661714	0.0815754250131121	NA	"abundance"	47	22
"MGBC163016 sp910589125"	"Genotype"	"MUT"	"GenotypeMUT"	-0.678604878920911	0	0.808529437738898	0.401296735475482	0.752069931393693	0.0577308855120483	0.232767768852914	NA	"prevalence"	47	34
"Kineothrix sp910579645"	"Sequencing_Depth"	"Sequencing_Depth"	"Sequencing_Depth"	-0.760321415677854	-0.534932639053454	0.262387355544092	0.401604098927525	0.752331609327307	0.0092132751306394	0.104562659028731	NA	"abundance"	47	24
"Bacteroides bouchesdurhonensis"	"Sequencing_Depth"	"Sequencing_Depth"	"Sequencing_Depth"	-0.312983425028657	-0.534932639053454	0.254948146664634	0.401912948176301	0.752404644235199	0.0100336799882429	0.105260870522616	NA	"abundance"	47	17
"MGYG000328055"	"Sex"	"M"	"SexM"	-0.640446455438835	0	0.764370327740396	0.402101155470903	0.752404644235199	0.0309758867432435	0.166365932751706	NA	"prevalence"	47	15
"MGBC163016 sp910580205"	"Sequencing_Depth"	"Sequencing_Depth"	"Sequencing_Depth"	-0.38832070708467	-0.534932639053454	0.171862220898247	0.402699423815324	0.753046137783184	0.0182276076207708	0.129871704297992	NA	"abundance"	47	31
"Collinsella sp900545445"	"Sex"	"M"	"SexM"	0.0664656573566705	-0.415249466173014	0.552523537841776	0.405117175541172	0.754824507813485	0.0109915934551981	0.109111799220052	NA	"abundance"	47	15
"CAG-317 sp011960265"	"Sex"	"M"	"SexM"	-0.675258303158981	0	0.81451644845348	0.407087617944538	0.757002360502713	0.0493361395027241	0.214034871641648	NA	"prevalence"	47	33
"CAG-873 sp002493945"	"Sex"	"M"	"SexM"	-0.0140748941196749	-0.415249466173014	0.471370799838439	0.408147251960914	0.757725372567863	0.0449600187057464	0.201690020234988	NA	"abundance"	47	24
"MGYG000330978"	"Sex"	"M"	"SexM"	-0.960010671578478	-0.415249466173014	0.646539671664607	0.409304889902495	0.757725372567863	0.0538699799649234	0.22347261507442	NA	"abundance"	47	27
"MGYG000331279"	"Sequencing_Depth"	"Sequencing_Depth"	"Sequencing_Depth"	0.215178735805233	-0.534932639053454	0.723133732491238	0.408598407877863	0.757725372567863	0.0596092205071174	0.238167309521937	NA	"abundance"	47	7
"MGYG000410400"	"Sequencing_Depth"	"Sequencing_Depth"	"Sequencing_Depth"	-0.0767089546013857	-0.534932639053454	0.543411818436205	0.40905729438087	0.757725372567863	0.0512871664201088	0.218593947841056	NA	"abundance"	47	25
"Sporofaciens sp910587575"	"Sequencing_Depth"	"Sequencing_Depth"	"Sequencing_Depth"	-0.714243157860581	-0.534932639053454	0.214444061886449	0.41014348324818	0.758672542884036	0.038633850913683	0.184877493742662	NA	"abundance"	47	37
"Lachnoclostridium_B sp910584265"	"Sex"	"M"	"SexM"	-0.885345695161547	-0.415249466173014	0.56153164735827	0.411018088230926	0.759513424938258	0.0233736759354901	0.144740937295741	NA	"abundance"	47	32
"MGYG000325502"	"Sequencing_Depth"	"Sequencing_Depth"	"Sequencing_Depth"	-0.259894517523545	-0.534932639053454	0.321806872538544	0.411362177445757	0.759816495273368	0.006154593033777	0.101164333866828	NA	"abundance"	47	16
"HGM11386 sp022791055"	"Genotype"	"MUT"	"GenotypeMUT"	0.759934462137655	0.195151488441185	0.616217742180477	0.411648661914629	0.759942283970485	0.0605027186718383	0.240378423593341	NA	"abundance"	47	9
"MGYG000350425"	"Site"	"Jejunum"	"SiteJejunum"	-0.752251175058025	0	0.917156349549859	0.412102389617632	0.760175212030764	0.0645340686165177	0.249168029092128	NA	"prevalence"	47	11
"MGYG000325738"	"Sequencing_Depth"	"Sequencing_Depth"	"Sequencing_Depth"	-0.353559081111313	-0.534932639053454	0.216546385668353	0.41266455362202	0.760225283037043	0.0152954103102239	0.121771151538934	NA	"abundance"	47	26
"MGYG000329698"	"Sex"	"M"	"SexM"	-0.819955299521751	-0.415249466173014	0.472872251375581	0.413415829734094	0.760998987103492	0.0521912160895665	0.219821492852179	NA	"abundance"	47	15
"D16-34 sp003612515"	"Sex"	"M"	"SexM"	-0.686876076989103	-0.415249466173014	0.323383575856492	0.415129507463689	0.762852404283589	0.0137601214540682	0.117426217090615	NA	"abundance"	47	25
"MGYG000350430"	"Sequencing_Depth"	"Sequencing_Depth"	"Sequencing_Depth"	-0.124441450867886	-0.534932639053454	0.451738604642867	0.415175399992862	0.762852404283589	0.0121275297264044	0.113346181948395	NA	"abundance"	47	9
"MGYG000326944"	"Sex"	"M"	"SexM"	-1.29137779606831	-0.415249466173014	1.03734208269923	0.416403032397338	0.763492590158008	0.0158149273173565	0.123519254451311	NA	"abundance"	47	16
"Dysosmobacter sp910588175"	"Sequencing_Depth"	"Sequencing_Depth"	"Sequencing_Depth"	-0.829168051134169	-0.534932639053454	0.358352724319244	0.418642262587593	0.766662870346318	0.0208398501208124	0.137403041654759	NA	"abundance"	47	33
"CAG-873 sp910578095"	"Sequencing_Depth"	"Sequencing_Depth"	"Sequencing_Depth"	-0.753519832067498	-0.534932639053454	0.268901955110617	0.422935707559819	0.769032786828764	0.0234430130750673	0.144814790470443	NA	"abundance"	47	37
"Dysosmobacter sp910584075"	"Sequencing_Depth"	"Sequencing_Depth"	"Sequencing_Depth"	-0.395964333005267	-0.534932639053454	0.167493756330466	0.422326316279226	0.769032786828764	0.0229780518432127	0.144363440380291	NA	"abundance"	47	19
"Evtepia sp910578575"	"Sequencing_Depth"	"Sequencing_Depth"	"Sequencing_Depth"	-0.264903988825888	-0.534932639053454	0.323642018811777	0.422117951242605	0.769032786828764	0.0370288655414927	0.181648203758545	NA	"abundance"	47	16
"MGYG000327336"	"Sequencing_Depth"	"Sequencing_Depth"	"Sequencing_Depth"	-0.685068609989725	-0.534932639053454	0.180464215691695	0.421806598761139	0.769032786828764	0.0335541876589454	0.173332961389619	NA	"abundance"	47	18
"Pelethomonas sp022800665"	"Genotype"	"MUT"	"GenotypeMUT"	-0.406921879528421	0.195151488441185	0.740605197003103	0.423304190170649	0.769032786828764	0.0172246232653306	0.127788036513182	NA	"abundance"	47	33
"Schaedlerella sp943193195"	"Genotype"	"MUT"	"GenotypeMUT"	0.706738012545824	0.195151488441185	0.628675997961333	0.422181147893126	0.769032786828764	0.060943073766556	0.241584770264733	NA	"abundance"	47	39
"UBA7173 sp900548705"	"Sequencing_Depth"	"Sequencing_Depth"	"Sequencing_Depth"	-0.362776540875992	-0.534932639053454	0.211313716511437	0.423078689290581	0.769032786828764	0.0138571696468083	0.117426217090615	NA	"abundance"	47	33
"Paramuribaculum sp910586895"	"Sequencing_Depth"	"Sequencing_Depth"	"Sequencing_Depth"	-0.304369452951756	-0.534932639053454	0.283881823738516	0.424571624202501	0.769366592476042	0.0021107889572096	0.0792179785671185	NA	"abundance"	47	31
"CAJUPY01 sp910588035"	"Sex"	"M"	"SexM"	-0.985525437514884	-0.415249466173014	0.706195013704351	0.426629512644311	0.77117387174006	0.0248634469817411	0.147542074677314	NA	"abundance"	47	33
"D16-34 sp003612515"	"Sequencing_Depth"	"Sequencing_Depth"	"Sequencing_Depth"	-0.65795678406983	-0.534932639053454	0.150819951879793	0.426509364737841	0.77117387174006	0.00499276035176852	0.097327988084125	NA	"abundance"	47	25
"Acutalibacter muris"	"Sex"	"M"	"SexM"	-1.06052884987117	0	1.33400195988238	0.426614683091665	0.77117387174006	0.0461426627281898	0.205144040169771	NA	"prevalence"	47	45
"Limisoma sp000437795"	"Sequencing_Depth"	"Sequencing_Depth"	"Sequencing_Depth"	-0.667672367155868	-0.534932639053454	0.164286205730133	0.430971829377073	0.771931910958181	0.0136693325306693	0.117426217090615	NA	"abundance"	47	24
"MGYG000325380"	"Sequencing_Depth"	"Sequencing_Depth"	"Sequencing_Depth"	-0.740587551477365	-0.534932639053454	0.251343413810084	0.429595083631845	0.771931910958181	0.0081709914544826	0.104464558421264	NA	"abundance"	47	17
"MGYG000327181"	"Sequencing_Depth"	"Sequencing_Depth"	"Sequencing_Depth"	-0.754929209983837	-0.534932639053454	0.271462621538906	0.43028309781796	0.771931910958181	0.00529782897557319	0.0987996179402408	NA	"abundance"	47	21
"MGYG000330180"	"Sequencing_Depth"	"Sequencing_Depth"	"Sequencing_Depth"	-0.726842939091736	-0.534932639053454	0.234442077568002	0.431136623966037	0.771931910958181	0.0180583709639846	0.12986676350825	NA	"abundance"	47	16
"MGYG000410992"	"Sex"	"M"	"SexM"	-0.927900216002767	-0.415249466173014	0.632945548177786	0.428700383120408	0.771931910958181	0.0305373934199237	0.164887927190237	NA	"abundance"	47	24
"Paratractidigestivibacter sp900540955"	"Sequencing_Depth"	"Sequencing_Depth"	"Sequencing_Depth"	-0.650352049972068	-0.534932639053454	0.139940488914102	0.428616486403654	0.771931910958181	0.0133934181960615	0.117052310066257	NA	"abundance"	47	17
"Phocaeicola plebeius_A"	"Sequencing_Depth"	"Sequencing_Depth"	"Sequencing_Depth"	-0.753134722991485	-0.534932639053454	0.271379255364003	0.431932931371265	0.772164240054325	0.0201302509475673	0.135525813476303	NA	"abundance"	47	24
"UBA3402 sp910585435"	"Sequencing_Depth"	"Sequencing_Depth"	"Sequencing_Depth"	-0.809426609151656	-0.534932639053454	0.340631741635097	0.432996077596584	0.773277937716568	0.0106174700194235	0.108185115337314	NA	"abundance"	47	20
"1XD42-69 sp022794015"	"Sequencing_Depth"	"Sequencing_Depth"	"Sequencing_Depth"	-0.785437245509719	-0.534932639053454	0.312359474945902	0.434175352944535	0.773360025366275	0.0081487463873998	0.104464558421264	NA	"abundance"	47	22
"Bacteroides thetaiotaomicron"	"Sex"	"M"	"SexM"	1.5141933032832	-0.415249466173014	2.36111065907841	0.434909722579528	0.773360025366275	0.00935356821591185	0.104562659028731	NA	"abundance"	47	14
"Fimiplasma sp910588165"	"Genotype"	"MUT"	"GenotypeMUT"	-0.436133375526133	0.195151488441185	0.779862638032703	0.433247502151996	0.773360025366275	0.00385106329858194	0.0924413033859377	NA	"abundance"	47	18
"MGYG000325468"	"Sequencing_Depth"	"Sequencing_Depth"	"Sequencing_Depth"	-0.351149811475565	-0.534932639053454	0.221200961871274	0.434450278213756	0.773360025366275	0.0084729432795671	0.104464558421264	NA	"abundance"	47	12
"Paramuribaculum sp014802045"	"Sequencing_Depth"	"Sequencing_Depth"	"Sequencing_Depth"	-0.733005672643794	-0.534932639053454	0.247015366033304	0.434803381286653	0.773360025366275	0.0613200499523564	0.242197388171251	NA	"abundance"	47	22
"Eubacterium_J sp910577225"	"Sequencing_Depth"	"Sequencing_Depth"	"Sequencing_Depth"	-0.76821340114042	-0.534932639053454	0.287506234393716	0.436299912240147	0.773668118591648	0.00251629236695953	0.0862988891295214	NA	"abundance"	47	15
"MGYG000331301"	"Sex"	"M"	"SexM"	-1.06276675173799	-0.415249466173014	0.805996214397131	0.436553393086093	0.773717845097138	0.017258915645064	0.127788036513182	NA	"abundance"	47	18
"MGYG000329046"	"Sequencing_Depth"	"Sequencing_Depth"	"Sequencing_Depth"	-0.851798739056945	-0.534932639053454	0.393105673506375	0.439146374057761	0.776031663105282	0.0118635137619256	0.112100688862688	NA	"abundance"	47	15
"MGYG000325570"	"Sex"	"M"	"SexM"	0.121675178204536	-0.415249466173014	0.682352680904024	0.440127977216136	0.777115348807623	0.0172674002077437	0.127788036513182	NA	"abundance"	47	28
"Megamonas funiformis"	"Sex"	"M"	"SexM"	0.175041647479736	-0.415249466173014	0.750235095531042	0.440560906855254	0.777280363610477	0.023478381651043	0.144814790470443	NA	"abundance"	47	26
"Eubacterium_G sp910574895"	"Sequencing_Depth"	"Sequencing_Depth"	"Sequencing_Depth"	-0.374308352916788	-0.534932639053454	0.203935259171187	0.443016555016841	0.779822493867775	0.00548664312836512	0.0995165951934802	NA	"abundance"	47	22
"CAG-95 sp009774465"	"Sequencing_Depth"	"Sequencing_Depth"	"Sequencing_Depth"	-0.746509802579316	-0.534932639053454	0.254464305182544	0.44418818393126	0.780365583928091	0.0392603692267006	0.186111528970033	NA	"abundance"	47	10
"Alistipes sp910577475"	"Sex"	"M"	"SexM"	0.0702839816134506	-0.415249466173014	0.623378050007823	0.444983720508319	0.780568168919664	0.00954620648473496	0.104734567039662	NA	"abundance"	47	27
"Alistipes sp910575495"	"Sex"	"M"	"SexM"	0.0644488713048503	-0.415249466173014	0.616360329249541	0.445167813408191	0.78056991025362	0.0210428587400084	0.137484176978499	NA	"abundance"	47	28
"Angelakisella sp022795575"	"Sequencing_Depth"	"Sequencing_Depth"	"Sequencing_Depth"	-0.335175311116604	-0.534932639053454	0.258581048247163	0.445870841530124	0.781153371915337	0.0518145602850853	0.219559539625289	NA	"abundance"	47	38
"MGYG000326869"	"Sequencing_Depth"	"Sequencing_Depth"	"Sequencing_Depth"	-0.673087289031541	-0.534932639053454	0.177191518927402	0.446212674148613	0.781427784916041	0.0223735058285991	0.143217377947123	NA	"abundance"	47	25
"MGYG000366359"	"Sequencing_Depth"	"Sequencing_Depth"	"Sequencing_Depth"	-0.33465385413495	-0.534932639053454	0.258677674942532	0.447210665782232	0.781600550473286	0.00610028236813	0.10094081032036	NA	"abundance"	47	28
"CAG-873 sp002493945"	"Sequencing_Depth"	"Sequencing_Depth"	"Sequencing_Depth"	-0.69857693879214	-0.534932639053454	0.211762545422705	0.450118840235975	0.783391211289286	0.0091331402570186	0.104562659028731	NA	"abundance"	47	24
"14-2 sp910585895"	"Sequencing_Depth"	"Sequencing_Depth"	"Sequencing_Depth"	-0.106263262184126	-0.534932639053454	0.537942344907125	0.451771188732804	0.784097232831222	0.0183297717362211	0.130047180727321	NA	"abundance"	47	12
"Odoribacter sp910578105"	"Sequencing_Depth"	"Sequencing_Depth"	"Sequencing_Depth"	-0.792448818897623	-0.534932639053454	0.337077846884669	0.453021371986651	0.785010680263359	0.039659014856842	0.187372939176577	NA	"abundance"	47	28
"UBA3282 sp910584725"	"Sequencing_Depth"	"Sequencing_Depth"	"Sequencing_Depth"	-0.395873269121572	-0.534932639053454	0.182349042799219	0.452838363454488	0.785010680263359	0.00903400903716357	0.104562659028731	NA	"abundance"	47	36
"UBA3402 sp022796015"	"Sequencing_Depth"	"Sequencing_Depth"	"Sequencing_Depth"	-0.83623306796985	-0.534932639053454	0.392758494917684	0.453182026789292	0.785010680263359	0.00744104797680024	0.103765953329189	NA	"abundance"	47	23
"MGYG000323012"	"Sequencing_Depth"	"Sequencing_Depth"	"Sequencing_Depth"	-0.711567598323542	-0.534932639053454	0.230266049684793	0.454146186973317	0.785377114865462	0.00471647393027023	0.0969070864510174	NA	"abundance"	47	23
"MGYG000325600"	"Sequencing_Depth"	"Sequencing_Depth"	"Sequencing_Depth"	-0.353988021779624	-0.534932639053454	0.234431604284974	0.454810189226174	0.785484494901571	0.0247299850838021	0.14737903420937	NA	"abundance"	47	18
"MGYG000327369"	"Sequencing_Depth"	"Sequencing_Depth"	"Sequencing_Depth"	-0.721744651326191	-0.534932639053454	0.235846773038424	0.454909451408815	0.785484494901571	0.0182130383984043	0.129871704297992	NA	"abundance"	47	12
"Nanosyncoccus sp003979185"	"Genotype"	"MUT"	"GenotypeMUT"	0.960119606556817	0.195151488441185	1.00896570960282	0.457329321612922	0.786745658191949	0.027367421346934	0.154870243458871	NA	"abundance"	47	25
"MGYG000403847"	"Sequencing_Depth"	"Sequencing_Depth"	"Sequencing_Depth"	-0.715840021578653	-0.534932639053454	0.231845129684166	0.458361430257153	0.787557891162624	0.0348361891364892	0.175998702513728	NA	"abundance"	47	13
"Acetatifactor sp910585615"	"Sex"	"M"	"SexM"	0.586111822004319	0	0.793153688343673	0.459929011073501	0.789180076205555	0.0425213891585878	0.195029966627449	NA	"prevalence"	47	40
"Paratractidigestivibacter sp003150175"	"Sequencing_Depth"	"Sequencing_Depth"	"Sequencing_Depth"	-0.822417199139286	-0.534932639053454	0.376510293034368	0.460319242000224	0.789234165491503	0.0071217808901519	0.103288180656177	NA	"abundance"	47	17
"Paratractidigestivibacter faecalis"	"Sequencing_Depth"	"Sequencing_Depth"	"Sequencing_Depth"	-0.718149567207238	-0.534932639053454	0.243813563549746	0.461034768412616	0.789792678111638	0.00273722848026982	0.0872724812632231	NA	"abundance"	47	27
"Ellagibacter isourolithinifaciens"	"Sequencing_Depth"	"Sequencing_Depth"	"Sequencing_Depth"	-0.430487075622889	-0.534932639053454	0.138391044258393	0.461117148632856	0.789826910337577	0.000676927449606295	0.0525771781738164	NA	"abundance"	47	28
"Limosilactobacillus equigenerosi"	"Sequencing_Depth"	"Sequencing_Depth"	"Sequencing_Depth"	-0.814516541439706	-0.534932639053454	0.375062804290882	0.465760357951029	0.793474375643693	0.0069140456143467	0.102029124248726	NA	"abundance"	47	23
"14-2 sp910588965"	"Sequencing_Depth"	"Sequencing_Depth"	"Sequencing_Depth"	-0.798651707938401	-0.534932639053454	0.335019393022032	0.46706302995353	0.79452813239508	0.0111026766275552	0.109299881168944	NA	"abundance"	47	10
"MGYG000410776"	"Sequencing_Depth"	"Sequencing_Depth"	"Sequencing_Depth"	-0.380795184787167	-0.534932639053454	0.207550736082478	0.467006517963233	0.79452813239508	0.0015865504237981	0.0739804071664297	NA	"abundance"	47	25
"Extibacter muris"	"Sequencing_Depth"	"Sequencing_Depth"	"Sequencing_Depth"	-0.681031912924709	-0.534932639053454	0.194104300328796	0.467449165348998	0.794651025381092	0.00965207837336282	0.105011306048049	NA	"abundance"	47	17
"Choladocola sp910587765"	"Site"	"Jejunum"	"SiteJejunum"	0.654091986023522	0	0.906905087710221	0.47076474094959	0.797726055174454	0.0393213931434607	0.186275875829746	NA	"prevalence"	47	7
"Bacteroides salyersiae"	"Sequencing_Depth"	"Sequencing_Depth"	"Sequencing_Depth"	-0.764045028039924	-0.534932639053454	0.278903991637481	0.471784158974752	0.798502733125734	0.0335973623519777	0.173332961389619	NA	"abundance"	47	8
"COE1 sp910579275"	"Sequencing_Depth"	"Sequencing_Depth"	"Sequencing_Depth"	-0.709251049619754	-0.534932639053454	0.241358173385843	0.478224884838691	0.799053836045286	0.00335770074531213	0.0914858855441843	NA	"abundance"	47	27
"COE1 sp910586585"	"Sequencing_Depth"	"Sequencing_Depth"	"Sequencing_Depth"	-0.686504920008895	-0.534932639053454	0.207984077613427	0.474190416850591	0.799053836045286	0.00108798670675432	0.0610103866648535	NA	"abundance"	47	28
"Eubacterium_F sp910585745"	"Sequencing_Depth"	"Sequencing_Depth"	"Sequencing_Depth"	-0.381820745356666	-0.534932639053454	0.212438006865822	0.476937899081431	0.799053836045286	0.0167385295198888	0.126370084185897	NA	"abundance"	47	36
"Kineothrix sp910578405"	"Sequencing_Depth"	"Sequencing_Depth"	"Sequencing_Depth"	-0.738906725646523	-0.534932639053454	0.268030714056954	0.47615827735461	0.799053836045286	0.0260196481722712	0.15086700023102	NA	"abundance"	47	11
"MGBC140090 sp910586805"	"Sequencing_Depth"	"Sequencing_Depth"	"Sequencing_Depth"	-0.687068041204417	-0.534932639053454	0.20250508545106	0.475094795386446	0.799053836045286	0.00985726264047736	0.105076319492646	NA	"abundance"	47	13
"MGYG000323744"	"Sequencing_Depth"	"Sequencing_Depth"	"Sequencing_Depth"	-0.721826656250777	-0.534932639053454	0.242576438500927	0.476368096399206	0.799053836045286	0.0182725807283595	0.129930181678113	NA	"abundance"	47	10
"MGYG000325570"	"Sequencing_Depth"	"Sequencing_Depth"	"Sequencing_Depth"	-0.747780255364474	-0.534932639053454	0.294032253110801	0.476882384246214	0.799053836045286	0.0623855021150962	0.244288492492798	NA	"abundance"	47	28
"MGYG000325628"	"Sequencing_Depth"	"Sequencing_Depth"	"Sequencing_Depth"	-0.747937593506634	-0.534932639053454	0.287255172451771	0.477616093762129	0.799053836045286	0.0483854972792708	0.212039774557169	NA	"abundance"	47	14
"UBA11524 sp000437595"	"Sequencing_Depth"	"Sequencing_Depth"	"Sequencing_Depth"	-0.337286386451084	-0.534932639053454	0.270978097073318	0.474006272574918	0.799053836045286	0.0117122026825107	0.111133925647952	NA	"abundance"	47	27
"CAG-873 sp910577315"	"Genotype"	"MUT"	"GenotypeMUT"	0.710375033862927	0	0.995283824819433	0.475387248392728	0.799053836045286	0.0372750392006151	0.181858410682628	NA	"prevalence"	47	42
"CAG-873 sp910584905"	"Genotype"	"MUT"	"GenotypeMUT"	0.710375033862927	0	0.995283824819433	0.475387248392728	0.799053836045286	0.0206817820463973	0.137128363512135	NA	"prevalence"	47	42
"Dysosmobacter sp910575815"	"Sex"	"M"	"SexM"	-0.881306552408761	0	1.24377112051373	0.478587540834553	0.799053836045286	0.000763256368867688	0.056786273843756	NA	"prevalence"	47	45
"Merdisoma sp910574835"	"Sequencing_Depth"	"Sequencing_Depth"	"Sequencing_Depth"	-0.393252041707949	-0.534932639053454	0.197551822776204	0.479858255834614	0.800164115709992	0.00662391557775804	0.102020167783013	NA	"abundance"	47	35
"Eubacterium_F sp910579145"	"Sequencing_Depth"	"Sequencing_Depth"	"Sequencing_Depth"	-0.739345980139897	-0.534932639053454	0.281625423568565	0.482215946288915	0.800198687645129	0.00760573642410665	0.104383194263273	NA	"abundance"	47	17
"Gallimonas sp910586825"	"Sequencing_Depth"	"Sequencing_Depth"	"Sequencing_Depth"	1.27561895221513	-0.534932639053454	1.70014841278436	0.479970443717519	0.800198687645129	0.0193147208413309	0.132139678132694	NA	"abundance"	47	5
"Imtechella halotolerans"	"Sequencing_Depth"	"Sequencing_Depth"	"Sequencing_Depth"	-0.624051687775792	-0.534932639053454	0.122751807444736	0.481728125856294	0.800198687645129	0.0269161575828393	0.153498664982224	NA	"abundance"	47	20
"MGYG000325648"	"Sequencing_Depth"	"Sequencing_Depth"	"Sequencing_Depth"	-0.722760541235427	-0.534932639053454	0.260308531348238	0.481767059945561	0.800198687645129	0.00485183446260989	0.0971466458405856	NA	"abundance"	47	21
"MGYG000325680"	"Sequencing_Depth"	"Sequencing_Depth"	"Sequencing_Depth"	-0.755105835173929	-0.534932639053454	0.298839032679117	0.480392766882249	0.800198687645129	0.0101384450006246	0.10559269253481	NA	"abundance"	47	14
"MGYG000328328"	"Sequencing_Depth"	"Sequencing_Depth"	"Sequencing_Depth"	-0.73133254425592	-0.534932639053454	0.272876458366343	0.48505640990266	0.800198687645129	0.00660474546596343	0.102020167783013	NA	"abundance"	47	18
"MGYG000379181"	"Sequencing_Depth"	"Sequencing_Depth"	"Sequencing_Depth"	-0.38000385344604	-0.534932639053454	0.211859433221628	0.480692964165195	0.800198687645129	0.00234747206691547	0.0842230079642566	NA	"abundance"	47	16
"Muribaculum sp910578785"	"Genotype"	"MUT"	"GenotypeMUT"	-0.252934384231903	0.195151488441185	0.629554636749706	0.482506348565321	0.800198687645129	0.0380593895307585	0.183245071664442	NA	"abundance"	47	35
"Paraprevotella sp900548345"	"Sequencing_Depth"	"Sequencing_Depth"	"Sequencing_Depth"	-0.312934449637446	-0.534932639053454	0.304538958290294	0.480389354337532	0.800198687645129	0.0132293307354916	0.117027421324724	NA	"abundance"	47	17
"MD308 sp910575105"	"Genotype"	"MUT"	"GenotypeMUT"	0.880222253953954	0	1.26091547747577	0.485125985857853	0.800198687645129	0.000813655128994239	0.0580900449669826	NA	"prevalence"	47	45
"Paramuribaculum sp001689565"	"Genotype"	"MUT"	"GenotypeMUT"	0.883166860405964	0	1.26070685649535	0.483594452306347	0.800198687645129	0.000896972210250558	0.0601090157435563	NA	"prevalence"	47	45
"Schaedlerella sp910589385"	"Genotype"	"MUT"	"GenotypeMUT"	0.880222253953954	0	1.26091547747577	0.485125985857853	0.800198687645129	0.0365362594200596	0.180082502069725	NA	"prevalence"	47	45
"Eggerthella lenta"	"Sequencing_Depth"	"Sequencing_Depth"	"Sequencing_Depth"	-0.637938714393504	-0.534932639053454	0.144488400750117	0.485423224116462	0.800345823579585	0.00772778375313007	0.104464558421264	NA	"abundance"	47	28
"MGYG000368546"	"Sex"	"M"	"SexM"	-0.724211526388434	-0.415249466173014	0.434800562793909	0.485634882298829	0.800345823579585	0.0240548414081052	0.146060981620493	NA	"abundance"	47	30
"UBA7173 sp910579105"	"Sex"	"M"	"SexM"	-0.0878300009392547	-0.415249466173014	0.464968158293441	0.489675549826612	0.802266775783751	0.0586243047369621	0.235296187325865	NA	"abundance"	47	29
"MGYG000325667"	"Sequencing_Depth"	"Sequencing_Depth"	"Sequencing_Depth"	-0.733830026326776	-0.534932639053454	0.283700615917074	0.49013530781621	0.802708335662775	0.0487168395275151	0.21241864391146	NA	"abundance"	47	31
"RGIG3002 sp910579805"	"Sex"	"M"	"SexM"	-1.02824120365649	-0.415249466173014	0.851924678852276	0.49032060686787	0.80271396776079	0.0237094808126053	0.14534137934388	NA	"abundance"	47	14
"CAG-95 sp910579685"	"Sequencing_Depth"	"Sequencing_Depth"	"Sequencing_Depth"	-0.763800520033131	-0.534932639053454	0.326472012182893	0.490670082683655	0.802725271525916	0.0304412729365691	0.164746490900207	NA	"abundance"	47	28
"MGYG000325523"	"Sequencing_Depth"	"Sequencing_Depth"	"Sequencing_Depth"	-0.384397215975809	-0.534932639053454	0.208970158321616	0.490595970833857	0.802725271525916	0.00439632657604567	0.0954309539530356	NA	"abundance"	47	14
"MGYG000329148"	"Genotype"	"MUT"	"GenotypeMUT"	0.620692139024543	0.195151488441185	0.592826708883509	0.493911916687148	0.805039536624507	0.0618945874380574	0.243309757515122	NA	"abundance"	47	13
"MGYG000327182"	"Site"	"Jejunum"	"SiteJejunum"	0.559155951373366	0	0.819147524318099	0.494855119186178	0.805954207238631	0.053071230978337	0.221605877534374	NA	"prevalence"	47	18
"RGIG8773 sp910584715"	"Sequencing_Depth"	"Sequencing_Depth"	"Sequencing_Depth"	-0.644084211475029	-0.534932639053454	0.157280740872045	0.495974002509286	0.806280530361236	0.00469065308870927	0.0969070864510174	NA	"abundance"	47	30
"RGIG4057 sp910577675"	"Sequencing_Depth"	"Sequencing_Depth"	"Sequencing_Depth"	-0.260899418449022	-0.534932639053454	0.384763873053066	0.499577091735789	0.807824070923814	0.010642419512658	0.108185115337314	NA	"abundance"	47	12
"Paramuribaculum sp910577465"	"Sequencing_Depth"	"Sequencing_Depth"	"Sequencing_Depth"	-0.690718832614958	-0.534932639053454	0.227558666744119	0.499703140810067	0.807861648343169	0.0400075682959812	0.188574844378226	NA	"abundance"	47	34
"UBA3402 sp910585645"	"Sequencing_Depth"	"Sequencing_Depth"	"Sequencing_Depth"	-0.401634629812706	-0.534932639053454	0.19348488899773	0.501239129472815	0.808961481686459	0.00594984412078286	0.10044531644164	NA	"abundance"	47	22
"Pelethomonas sp910583885"	"Sequencing_Depth"	"Sequencing_Depth"	"Sequencing_Depth"	-0.673759332704322	-0.534932639053454	0.204280154198157	0.502100875640858	0.809526542333713	0.0536362265554973	0.223000499584856	NA	"abundance"	47	39
"CAJUPY01 sp910588035"	"Sequencing_Depth"	"Sequencing_Depth"	"Sequencing_Depth"	-0.758423972585453	-0.534932639053454	0.328652638154206	0.502713907845413	0.809614601259539	0.046991097158953	0.207324016678826	NA	"abundance"	47	33
"MGYG000328991"	"Sequencing_Depth"	"Sequencing_Depth"	"Sequencing_Depth"	-0.385308061327082	-0.534932639053454	0.2198276333725	0.502841050757627	0.809614601259539	0.0113068579049205	0.109438753402103	NA	"abundance"	47	32
"MGYG000329420"	"Sequencing_Depth"	"Sequencing_Depth"	"Sequencing_Depth"	-0.772655651399195	-0.534932639053454	0.347711703972161	0.503144226780608	0.809614601259539	0.0188295228726184	0.130891243058065	NA	"abundance"	47	23
"MGYG000329858"	"Sequencing_Depth"	"Sequencing_Depth"	"Sequencing_Depth"	-0.355192097725101	-0.534932639053454	0.265475237225931	0.503522248480948	0.809614601259539	0.0602732398917235	0.239871204704224	NA	"abundance"	47	38
"RGIG8482 sp022796855"	"Sequencing_Depth"	"Sequencing_Depth"	"Sequencing_Depth"	-0.780354747065687	-0.534932639053454	0.362451884007673	0.504122198520921	0.809614601259539	0.00284484153639569	0.0881900876282665	NA	"abundance"	47	32
"Enterenecus sp910588625"	"Sequencing_Depth"	"Sequencing_Depth"	"Sequencing_Depth"	0.599587941830647	0	0.897910445249378	0.504287327523157	0.809614601259539	0.0243752801994363	0.146251681196618	NA	"prevalence"	47	45
"CAG-873 sp002491245"	"Sequencing_Depth"	"Sequencing_Depth"	"Sequencing_Depth"	-0.365746183925128	-0.534932639053454	0.245489631925514	0.504525127492127	0.809619556769186	0.0105972998756165	0.108185115337314	NA	"abundance"	47	17
"MGYG000330443"	"Sequencing_Depth"	"Sequencing_Depth"	"Sequencing_Depth"	-0.796122687355559	-0.534932639053454	0.379881278969749	0.505053895135946	0.809947537059449	0.0133180379090798	0.117052310066257	NA	"abundance"	47	17
"Dysosmobacter sp910584995"	"Sequencing_Depth"	"Sequencing_Depth"	"Sequencing_Depth"	-0.770332260542502	-0.534932639053454	0.3476399775232	0.505345353244484	0.81021678041402	0.00405984323539332	0.0925220051811803	NA	"abundance"	47	28
"CAG-485 sp910578075"	"Sequencing_Depth"	"Sequencing_Depth"	"Sequencing_Depth"	-0.70481687509026	-0.534932639053454	0.25227232643585	0.506076570833274	0.810670366186736	0.057834504559684	0.232946733262696	NA	"abundance"	47	37
"Limisoma sp900544305"	"Sequencing_Depth"	"Sequencing_Depth"	"Sequencing_Depth"	-0.717746444858181	-0.534932639053454	0.256005753872074	0.507467416787562	0.811928872942884	0.0324163180574544	0.1709187986861	NA	"abundance"	47	10
"MGYG000328957"	"Sequencing_Depth"	"Sequencing_Depth"	"Sequencing_Depth"	-0.703574015863266	-0.534932639053454	0.250885256808554	0.507503653240962	0.811928872942884	0.0448596941657463	0.201601461528835	NA	"abundance"	47	34
"MGYG000327122"	"Sequencing_Depth"	"Sequencing_Depth"	"Sequencing_Depth"	-0.685734455906785	-0.534932639053454	0.21952909563777	0.508414192288075	0.812659565882322	0.0642081860450619	0.248557458210716	NA	"abundance"	47	15
"Bifidobacterium pseudocatenulatum"	"Sequencing_Depth"	"Sequencing_Depth"	"Sequencing_Depth"	-0.732852573405673	-0.534932639053454	0.294026583956537	0.511067473695859	0.814226338132011	0.0416534729761005	0.192993919992846	NA	"abundance"	47	21
"MGYG000325519"	"Sequencing_Depth"	"Sequencing_Depth"	"Sequencing_Depth"	-0.659231542038051	-0.534932639053454	0.182304711501154	0.510897267482173	0.814226338132011	0.0622841967416186	0.244288492492798	NA	"abundance"	47	16
"UBA3282 sp910575775"	"Sequencing_Depth"	"Sequencing_Depth"	"Sequencing_Depth"	-0.666246043384953	-0.534932639053454	0.196643458962977	0.510588488598061	0.814226338132011	0.0068359129685209	0.102029124248726	NA	"abundance"	47	34
"Lactobacillus intestinalis"	"Genotype"	"MUT"	"GenotypeMUT"	-0.474780551024569	0.195151488441185	1.00917902268564	0.511675660114729	0.814654735691898	0.0475417945621294	0.209231260252261	NA	"abundance"	47	38
"MGYG000391024"	"Sex"	"M"	"SexM"	0.217245837230266	-0.415249466173014	0.950064665918399	0.512547232300361	0.814654735691898	0.00106288179514264	0.0610103866648535	NA	"abundance"	47	27
"Paralachnospira sp022800815"	"Sequencing_Depth"	"Sequencing_Depth"	"Sequencing_Depth"	-0.679615111802928	-0.534932639053454	0.217170342791427	0.513807709142148	0.815710821320898	0.0107744188311323	0.108682122149648	NA	"abundance"	47	25
"CAG-873 sp910587545"	"Sex"	"M"	"SexM"	-0.865170194576397	-0.415249466173014	0.680781525604118	0.51455586208464	0.816008939062064	0.0173899737666411	0.127900452219167	NA	"abundance"	47	32
"Copromonas sp000435795"	"Sequencing_Depth"	"Sequencing_Depth"	"Sequencing_Depth"	-0.727955137277654	-0.534932639053454	0.283193729546354	0.514877257989348	0.816092703685095	0.033725571055862	0.173626171234114	NA	"abundance"	47	13
"Alistipes sp002358415"	"Sex"	"M"	"SexM"	0.0930658695544006	-0.415249466173014	0.767342840771306	0.515196758029966	0.816395872438615	0.00423987071509547	0.0940361982637887	NA	"abundance"	47	26
"MGYG000410288"	"Genotype"	"MUT"	"GenotypeMUT"	0.510406378748982	0	0.784556938022517	0.515326429186785	0.816466088371679	0.0583498581289688	0.234327725713381	NA	"prevalence"	47	25
"Parabacteroides sp910577325"	"Sequencing_Depth"	"Sequencing_Depth"	"Sequencing_Depth"	-0.734561750978679	-0.534932639053454	0.280376039689981	0.516027679626586	0.816791092748946	0.00548735883986878	0.0995165951934802	NA	"abundance"	47	9
"Bacteroides congonensis"	"Sequencing_Depth"	"Sequencing_Depth"	"Sequencing_Depth"	-0.389570204879315	-0.534932639053454	0.220456748253448	0.516777509872668	0.816900214803669	0.00494041268685603	0.097327988084125	NA	"abundance"	47	28
"MGYG000329414"	"Sequencing_Depth"	"Sequencing_Depth"	"Sequencing_Depth"	-0.704553554778393	-0.534932639053454	0.258274393044403	0.517064664323511	0.816900214803669	0.046991097158953	0.207324016678826	NA	"abundance"	47	33
"MGYG000410984"	"Sequencing_Depth"	"Sequencing_Depth"	"Sequencing_Depth"	-0.679709804968532	-0.534932639053454	0.219272828625511	0.518089029827469	0.818039971925565	0.0109903184422396	0.109111799220052	NA	"abundance"	47	23
"MGYG000325723"	"Sequencing_Depth"	"Sequencing_Depth"	"Sequencing_Depth"	-0.385379745218861	-0.534932639053454	0.226144876597167	0.519088582066022	0.818423751073549	0.00174089106218594	0.0753544538956879	NA	"abundance"	47	20
"MGYG000411595"	"Sex"	"M"	"SexM"	-0.678220552657447	-0.415249466173014	0.400273931285469	0.520272974529715	0.81865683291578	0.0455067399943222	0.203184863095306	NA	"abundance"	47	28
"Kineothrix sp910588855"	"Sequencing_Depth"	"Sequencing_Depth"	"Sequencing_Depth"	-0.695298526008887	-0.534932639053454	0.246027877864949	0.522592980427778	0.819910891009545	0.00931185199111601	0.104562659028731	NA	"abundance"	47	25
"MGYG000325316"	"Sequencing_Depth"	"Sequencing_Depth"	"Sequencing_Depth"	-0.34451188365079	-0.534932639053454	0.289947142774547	0.52241950996	0.819910891009545	0.00680844336286403	0.102029124248726	NA	"abundance"	47	19
"Kineothrix sp910585965"	"Sequencing_Depth"	"Sequencing_Depth"	"Sequencing_Depth"	-0.695366160134483	-0.534932639053454	0.245912090555677	0.523085950309106	0.820235151316644	0.00563473311369519	0.0997319558965519	NA	"abundance"	47	23
"CAG-873 sp910576935"	"Sex"	"M"	"SexM"	-0.0803805086629836	-0.415249466173014	0.516608323429346	0.523827690935126	0.820504476756879	0.0228635945409413	0.144285612692297	NA	"abundance"	47	30
"MGYG000410125"	"Sequencing_Depth"	"Sequencing_Depth"	"Sequencing_Depth"	-0.3552883257983	-0.534932639053454	0.278292177389204	0.524125095005489	0.820679793738183	0.0306895503581468	0.165561425954637	NA	"abundance"	47	32
"14-2 sp910576975"	"Sequencing_Depth"	"Sequencing_Depth"	"Sequencing_Depth"	-0.350613660233845	-0.534932639053454	0.286033100713053	0.527600324631868	0.821313918406638	0.00376377534320722	0.0924413033859377	NA	"abundance"	47	23
"Bacteroides xylanisolvens"	"Sequencing_Depth"	"Sequencing_Depth"	"Sequencing_Depth"	-0.360280907955791	-0.534932639053454	0.273431868850152	0.529791637109959	0.821313918406638	0.00942387276190917	0.104562659028731	NA	"abundance"	47	27
"Desulfovibrio sp905215675"	"Sequencing_Depth"	"Sequencing_Depth"	"Sequencing_Depth"	-0.693270495596863	-0.534932639053454	0.244989746557513	0.528641234145226	0.821313918406638	0.00575869887516924	0.0997319558965519	NA	"abundance"	47	20
"Dysosmobacter sp910588005"	"Sequencing_Depth"	"Sequencing_Depth"	"Sequencing_Depth"	-0.808124299684394	-0.534932639053454	0.422899239058345	0.525823334578189	0.821313918406638	0.0155985072199773	0.12263653952258	NA	"abundance"	47	25
"Fimisoma sp910588185"	"Sequencing_Depth"	"Sequencing_Depth"	"Sequencing_Depth"	-0.669451372036978	-0.534932639053454	0.20546050892363	0.528186471705872	0.821313918406638	0.041667900666254	0.192993919992846	NA	"abundance"	47	15
"MGYG000325473"	"Sex"	"M"	"SexM"	0.0592275741552642	-0.415249466173014	0.733714127909082	0.525015936345067	0.821313918406638	0.0269614613047868	0.153556493555385	NA	"abundance"	47	27
"MGYG000325639"	"Sequencing_Depth"	"Sequencing_Depth"	"Sequencing_Depth"	-0.404504666416845	-0.534932639053454	0.204221519736255	0.53042819414481	0.821313918406638	0.0371866786846268	0.181648203758545	NA	"abundance"	47	27
"MGYG000328913"	"Sequencing_Depth"	"Sequencing_Depth"	"Sequencing_Depth"	-0.274414734547454	-0.534932639053454	0.396475681892352	0.529725951516239	0.821313918406638	0.00251384425125283	0.0862988891295214	NA	"abundance"	47	13
"UBA3402 sp021769025"	"Sequencing_Depth"	"Sequencing_Depth"	"Sequencing_Depth"	-0.408641647872283	-0.534932639053454	0.192207011504075	0.530579306395839	0.821313918406638	0.0491343860744515	0.21358650018125	NA	"abundance"	47	13
"Blautia hominis"	"Sequencing_Depth"	"Sequencing_Depth"	"Sequencing_Depth"	-0.914498982289653	-0.534932639053454	0.582560550235425	0.531076448630181	0.821493742944668	0.00911681582009605	0.104562659028731	NA	"abundance"	47	14
"UBA7173 sp910587075"	"Sequencing_Depth"	"Sequencing_Depth"	"Sequencing_Depth"	-0.391169693064833	-0.534932639053454	0.225130820621531	0.531278423396992	0.821587727854227	0.0165125672151486	0.125901645174402	NA	"abundance"	47	24
"Acetatifactor sp910577035"	"Sex"	"M"	"SexM"	-0.697498937274667	-0.415249466173014	0.441678506812159	0.533680128120549	0.822151808502556	0.0112128574872834	0.109438753402103	NA	"abundance"	47	21
"Paralachnospira sp910588815"	"Genotype"	"MUT"	"GenotypeMUT"	-0.165556538345657	0.195151488441185	0.5684785273501	0.533917678298143	0.822281296008991	0.0181888042121807	0.129871704297992	NA	"abundance"	47	24
"14-2 sp004793545"	"Sequencing_Depth"	"Sequencing_Depth"	"Sequencing_Depth"	-0.687409303047218	-0.534932639053454	0.241829543725228	0.534985997508206	0.822837651265943	0.00255022887658604	0.0862988891295214	NA	"abundance"	47	29
"MD308 sp910586965"	"Sequencing_Depth"	"Sequencing_Depth"	"Sequencing_Depth"	-0.676136197852325	-0.534932639053454	0.22463026718931	0.535105555708041	0.822837651265943	0.0134092157342061	0.117052310066257	NA	"abundance"	47	35
"MGYG000323117"	"Sequencing_Depth"	"Sequencing_Depth"	"Sequencing_Depth"	-0.684335855870828	-0.534932639053454	0.237352555427379	0.53468700063334	0.822837651265943	0.0258666699390234	0.150614986844321	NA	"abundance"	47	33
"Paramuribaculum sp014801655"	"Site"	"Jejunum"	"SiteJejunum"	-0.202113756488402	0.0793922236573236	0.439573138940953	0.535573212459606	0.823028496213876	0.0636851229737754	0.247491711044178	NA	"abundance"	47	16
"UBA7173 sp900555165"	"Sequencing_Depth"	"Sequencing_Depth"	"Sequencing_Depth"	-0.380561831268558	-0.534932639053454	0.245085380500557	0.537812094212439	0.824794610568083	0.00270268334682069	0.0872724812632231	NA	"abundance"	47	22
"Enterenecus sp910588135"	"Sequencing_Depth"	"Sequencing_Depth"	"Sequencing_Depth"	-0.689751897455656	-0.534932639053454	0.246494520181648	0.538013490814839	0.824975744001724	0.0254261797186639	0.14926265635508	NA	"abundance"	47	24
"MGYG000349464"	"Sequencing_Depth"	"Sequencing_Depth"	"Sequencing_Depth"	-1.16382273169723	-0.534932639053454	0.983751731830881	0.538570524723122	0.825320654472126	0.0538067600273254	0.223446639173405	NA	"abundance"	47	14
"Amulumruptor sp001689515"	"Sequencing_Depth"	"Sequencing_Depth"	"Sequencing_Depth"	-0.417137204513298	-0.534932639053454	0.188169874517375	0.538829040730808	0.825371513586465	0.00320767428515405	0.0914858855441843	NA	"abundance"	47	28
"MGYG000410936"	"Sequencing_Depth"	"Sequencing_Depth"	"Sequencing_Depth"	-0.134127255439036	-0.534932639053454	0.62147885831255	0.539582057425377	0.825801153939186	0.0307605545430714	0.165561425954637	NA	"abundance"	47	12
"UBA3402 sp910588505"	"Sequencing_Depth"	"Sequencing_Depth"	"Sequencing_Depth"	-0.416532782634199	-0.534932639053454	0.184315215260533	0.539688933316495	0.825801153939186	0.00526249797618607	0.0984003589832887	NA	"abundance"	47	13
"Escherichia coli"	"Sex"	"M"	"SexM"	-1.97396901293222	-0.415249466173014	2.50581906063323	0.541267830689091	0.827260106358672	0.00476327423614692	0.0970465968650594	NA	"abundance"	47	24
"MGYG000325385"	"Sex"	"M"	"SexM"	-0.829300037057386	-0.415249466173014	0.657929731670266	0.541525747195764	0.827480095839557	0.0373854372837943	0.181858410682628	NA	"abundance"	47	17
"Odoribacter sp910588375"	"Sequencing_Depth"	"Sequencing_Depth"	"Sequencing_Depth"	-0.379671480865151	-0.534932639053454	0.243204991128386	0.541542511766068	0.827480095839557	0.00302412600080358	0.0905700109054224	NA	"abundance"	47	13
"1XD42-69 sp910588565"	"Sequencing_Depth"	"Sequencing_Depth"	"Sequencing_Depth"	-0.324539998469768	-0.534932639053454	0.336349180432487	0.541767421840489	0.827689353719501	0.00916780751010444	0.104562659028731	NA	"abundance"	47	19
"MGYG000325660"	"Sex"	"M"	"SexM"	-0.686025598707381	-0.415249466173014	0.439047319711689	0.54411873694662	0.829414134425616	0.021950462451092	0.141461695686579	NA	"abundance"	47	33
"Caccovicinus sp910588895"	"Sequencing_Depth"	"Sequencing_Depth"	"Sequencing_Depth"	-0.361425257523896	-0.534932639053454	0.277946163374141	0.544537206191538	0.829452702283091	0.00837537515124971	0.104464558421264	NA	"abundance"	47	17
"MGYG000325343"	"Sequencing_Depth"	"Sequencing_Depth"	"Sequencing_Depth"	-0.677701043037765	-0.534932639053454	0.232740473654384	0.544872300466998	0.829464050428293	0.00815649222973236	0.104464558421264	NA	"abundance"	47	35
"MGYG000324324"	"Sequencing_Depth"	"Sequencing_Depth"	"Sequencing_Depth"	-0.778291869556179	-0.534932639053454	0.395099855913554	0.545378809248768	0.829736173974869	0.0555193431093574	0.227372172233862	NA	"abundance"	47	24
"MGYG000329824"	"Genotype"	"MUT"	"GenotypeMUT"	1.9721825832737	0.195151488441185	2.80096941593515	0.545889440193539	0.829933163604729	0.0134835461533301	0.11707826070238	NA	"abundance"	47	12
"Avidehalobacter sp022797295"	"Sequencing_Depth"	"Sequencing_Depth"	"Sequencing_Depth"	0.259217047404616	0	0.429182047224176	0.545857443382657	0.829933163604729	0.0160990774749565	0.124667977885552	NA	"prevalence"	47	38
"Dysosmobacter sp910587875"	"Sequencing_Depth"	"Sequencing_Depth"	"Sequencing_Depth"	-0.673843015576099	-0.534932639053454	0.227180060314144	0.547625649907745	0.831256202965851	0.00331195463034006	0.0914858855441843	NA	"abundance"	47	28
"MGYG000327170"	"Sex"	"M"	"SexM"	-0.127128234385894	-0.415249466173014	0.475896212666788	0.550306844350866	0.833526867990099	0.0501113472515056	0.215967684374172	NA	"abundance"	47	38
"Anaerocaecibacter sp910579205"	"Sequencing_Depth"	"Sequencing_Depth"	"Sequencing_Depth"	-0.591061842418452	-0.534932639053454	0.085024401451679	0.551133460531832	0.834080265831173	0.00824811132819408	0.104464558421264	NA	"abundance"	47	9
"Bacteroides sp910586915"	"Sex"	"M"	"SexM"	-0.656737580876761	-0.415249466173014	0.399828013727486	0.552193673112249	0.834786517885447	0.0285059566271963	0.159398814431189	NA	"abundance"	47	37
"MGYG000349464"	"Genotype"	"MUT"	"GenotypeMUT"	-1.40347386195525	0.195151488441185	2.58936142987491	0.552172408776747	0.834786517885447	0.0110194438820719	0.109111799220052	NA	"abundance"	47	14
"Enterocloster bolteae"	"Sequencing_Depth"	"Sequencing_Depth"	"Sequencing_Depth"	-0.709561024895657	-0.534932639053454	0.261482333030101	0.552415208923998	0.834921995768354	0.00987430932606024	0.105076319492646	NA	"abundance"	47	8
"MGBC163016 sp910585565"	"Sequencing_Depth"	"Sequencing_Depth"	"Sequencing_Depth"	-0.431991742376709	-0.534932639053454	0.171322673133265	0.553993328844161	0.836308593501418	0.0163607116145074	0.124878520185031	NA	"abundance"	47	36
"Caccovivens sp910587225"	"Sequencing_Depth"	"Sequencing_Depth"	"Sequencing_Depth"	-0.744097652636593	-0.534932639053454	0.341013904651798	0.555153612272594	0.83746090145948	0.00684395640010876	0.102029124248726	NA	"abundance"	47	14
"MGYG000324774"	"Sequencing_Depth"	"Sequencing_Depth"	"Sequencing_Depth"	-0.690028818600285	-0.534932639053454	0.254315991300348	0.55615712296478	0.837561893668691	0.0259101936919813	0.150614986844321	NA	"abundance"	47	15
"CAG-485 sp900760815"	"Sequencing_Depth"	"Sequencing_Depth"	"Sequencing_Depth"	-0.674547125920255	-0.534932639053454	0.235105955947338	0.557819178420327	0.838285071879912	0.0488524133770372	0.212646760435212	NA	"abundance"	47	33
"MGYG000325671"	"Site"	"Jejunum"	"SiteJejunum"	-0.180478364928652	0.0793922236573236	0.431018565088396	0.558160960096313	0.838431689630116	0.0593479643839617	0.237660856807842	NA	"abundance"	47	17
"MGYG000325010"	"Sequencing_Depth"	"Sequencing_Depth"	"Sequencing_Depth"	-0.66319636685073	-0.534932639053454	0.215978195866268	0.558935439301565	0.838767610039028	0.0111066319994942	0.109299881168944	NA	"abundance"	47	29
"Ventrimonas sp910588875"	"Sequencing_Depth"	"Sequencing_Depth"	"Sequencing_Depth"	-0.324014223218889	-0.534932639053454	0.345577014258103	0.558858847424396	0.838767610039028	0.0266665103634152	0.152862039942107	NA	"abundance"	47	13
"RGIG7193 sp022791755"	"Sex"	"M"	"SexM"	0.0802484689476671	-0.415249466173014	0.826121778980882	0.559557417351488	0.839021403238595	0.012167162710287	0.11345317419038	NA	"abundance"	47	18
"MGYG000329348"	"Sequencing_Depth"	"Sequencing_Depth"	"Sequencing_Depth"	-0.408979685557825	-0.534932639053454	0.211267861914872	0.559955810017971	0.839204433247393	0.0218477954146828	0.141151936006378	NA	"abundance"	47	22
"UBA3402 sp022792815"	"Sequencing_Depth"	"Sequencing_Depth"	"Sequencing_Depth"	-0.421102467497407	-0.534932639053454	0.191217259032897	0.560353505061157	0.83950226856008	0.00400357195276449	0.0925220051811803	NA	"abundance"	47	22
"MGYG000329177"	"Sequencing_Depth"	"Sequencing_Depth"	"Sequencing_Depth"	-0.35328502319939	-0.534932639053454	0.300868480108977	0.561113007770736	0.839509119643967	0.00542302352354918	0.0995165951934802	NA	"abundance"	47	14
"MGYG000324300"	"Sequencing_Depth"	"Sequencing_Depth"	"Sequencing_Depth"	-0.433575769453933	-0.534932639053454	0.168613476343815	0.562353963635394	0.840212048122854	0.0201583044455898	0.135525813476303	NA	"abundance"	47	15
"Pelethenecus sp910579215"	"Sex"	"M"	"SexM"	-20.358465376705	-0.415249466173014	30.7056946057177	0.56230443776323	0.840212048122854	0.0589488249119198	0.236464412302752	NA	"abundance"	47	7
"MGYG000352925"	"Sequencing_Depth"	"Sequencing_Depth"	"Sequencing_Depth"	-0.781127047007181	-0.534932639053454	0.41779498425774	0.564020418318212	0.840808396210015	0.0193162901151978	0.132139678132694	NA	"abundance"	47	21
"14-2 sp000403315"	"Sequencing_Depth"	"Sequencing_Depth"	"Sequencing_Depth"	-0.302022518302233	-0.534932639053454	0.399697559835392	0.564562808130807	0.841030484326203	0.00619653977181024	0.101382275711006	NA	"abundance"	47	34
"Paramuribaculum sp014802045"	"Sex"	"M"	"SexM"	-0.0666609868287094	-0.415249466173014	0.592980182361007	0.564919521286938	0.84136956021008	0.0268487995699984	0.153409309103273	NA	"abundance"	47	22
"MGYG000326780"	"Sequencing_Depth"	"Sequencing_Depth"	"Sequencing_Depth"	-0.384349990191221	-0.534932639053454	0.240385919751789	0.565404791948869	0.84172376922154	0.0593983515229741	0.23772794369444	NA	"abundance"	47	9
"MGYG000325278"	"Genotype"	"MUT"	"GenotypeMUT"	-0.158381677105985	0.195151488441185	0.608029835920421	0.565974193655801	0.841845046215644	0.00386869094459318	0.0924413033859377	NA	"abundance"	47	32
"Prevotella intestinalis"	"Sequencing_Depth"	"Sequencing_Depth"	"Sequencing_Depth"	-0.381534413323696	-0.534932639053454	0.263082463531989	0.567737104555796	0.843301318125836	0.0247052916115257	0.147358858898628	NA	"abundance"	47	22
"UBA3282 sp910579505"	"Sequencing_Depth"	"Sequencing_Depth"	"Sequencing_Depth"	-0.404725165554932	-0.534932639053454	0.223533504143054	0.571056661411193	0.844111805152836	0.0608974753475282	0.241539481344741	NA	"abundance"	47	18
"Escherichia coli"	"Genotype"	"MUT"	"GenotypeMUT"	-1.16130943635504	0.195151488441185	2.35531145684209	0.571398204919057	0.844261839343218	0.0153544494953312	0.121801626299664	NA	"abundance"	47	24
"Anaerocaecibacter sp910579205"	"Sex"	"M"	"SexM"	-0.511525575132245	0	0.904937741646428	0.571896580263616	0.844402999297429	0.00393148913476084	0.0924413033859377	NA	"prevalence"	47	9
"Dysosmobacter sp910586735"	"Sequencing_Depth"	"Sequencing_Depth"	"Sequencing_Depth"	-0.361451570486246	-0.534932639053454	0.304354078348157	0.572670802713699	0.844954775702296	0.0495431720008268	0.214434255788024	NA	"abundance"	47	39
"Muribaculum sp910583865"	"Sequencing_Depth"	"Sequencing_Depth"	"Sequencing_Depth"	-0.403893841132143	-0.534932639053454	0.229318396842974	0.572833436460857	0.844979303583924	0.0241452815182652	0.146060981620493	NA	"abundance"	47	34
"MGYG000410251"	"Sex"	"M"	"SexM"	-0.400589427505223	0	0.710512155943931	0.572887690263646	0.844979303583924	0.0246930724581782	0.147358858898628	NA	"prevalence"	47	32
"Extibacter muris"	"Sex"	"M"	"SexM"	-0.785525744754272	-0.415249466173014	0.640866478186206	0.574831066343263	0.845920113075193	0.0175649459925899	0.12861940368317	NA	"abundance"	47	17
"MGBC113645 sp910579135"	"Sequencing_Depth"	"Sequencing_Depth"	"Sequencing_Depth"	-0.752538022816751	-0.534932639053454	0.381886530688311	0.57468027482166	0.845920113075193	0.0283843764536177	0.158889848078888	NA	"abundance"	47	28
"UBA3402 sp910586845"	"Sex"	"M"	"SexM"	-0.387993090397138	0	0.692884236832225	0.575501176158754	0.846368524203265	0.0552151506935283	0.227051453453501	NA	"prevalence"	47	15
"CAG-873 sp910584495"	"Sequencing_Depth"	"Sequencing_Depth"	"Sequencing_Depth"	-0.642687613154293	-0.534932639053454	0.189081914268544	0.576025877884986	0.846746668478475	0.00988213174236934	0.105076319492646	NA	"abundance"	47	26
"Acetatifactor sp910578995"	"Sequencing_Depth"	"Sequencing_Depth"	"Sequencing_Depth"	-0.671257760359623	-0.534932639053454	0.24022371399803	0.577544790326519	0.847370044601277	0.00822443407018161	0.104464558421264	NA	"abundance"	47	23
"Avirikenella sp910588925"	"Genotype"	"MUT"	"GenotypeMUT"	-0.221784324063272	0.195151488441185	0.73940210708688	0.577132163827531	0.847370044601277	0.0380593895307585	0.183245071664442	NA	"abundance"	47	35
"MGYG000325712"	"Sequencing_Depth"	"Sequencing_Depth"	"Sequencing_Depth"	-0.662055578355736	-0.534932639053454	0.224034359634177	0.576602354117284	0.847370044601277	0.00512698459406615	0.0974127072872568	NA	"abundance"	47	28
"MGYG000325389"	"Sex"	"M"	"SexM"	-0.489199465432115	0	0.87724994299077	0.577082601019405	0.847370044601277	0.0023975863986374	0.0842360560638557	NA	"prevalence"	47	18
"MGYG000410288"	"Sequencing_Depth"	"Sequencing_Depth"	"Sequencing_Depth"	-0.421265152288706	-0.534932639053454	0.200938027668654	0.578916217511156	0.848040907447774	0.00355673153450433	0.0915908324787475	NA	"abundance"	47	25
"MGYG000322968"	"Sequencing_Depth"	"Sequencing_Depth"	"Sequencing_Depth"	-0.600617183331282	-0.534932639053454	0.108930131736617	0.582555638097822	0.850320644816501	0.0168124600645877	0.12652598317515	NA	"abundance"	47	9
"MGYG000348373"	"Sequencing_Depth"	"Sequencing_Depth"	"Sequencing_Depth"	-0.695610197341623	-0.534932639053454	0.279742778668192	0.583921486351314	0.851529743575453	0.0533827047631824	0.222601154729306	NA	"abundance"	47	12
"Acetatifactor sp910586435"	"Sequencing_Depth"	"Sequencing_Depth"	"Sequencing_Depth"	-0.694922144414624	-0.534932639053454	0.282633285018986	0.584181852242224	0.851582551585614	0.00934354995576948	0.104562659028731	NA	"abundance"	47	15
"UBA3263 sp002490725"	"Sequencing_Depth"	"Sequencing_Depth"	"Sequencing_Depth"	-0.402794689713647	-0.534932639053454	0.238848809319547	0.584736157251872	0.851981875086985	0.0250439285234772	0.148002079267506	NA	"abundance"	47	37
"CAG-485 sp910584525"	"Sequencing_Depth"	"Sequencing_Depth"	"Sequencing_Depth"	-0.658262097981375	-0.534932639053454	0.222989587344047	0.585041096864129	0.85198460700715	0.0581246592693263	0.233556049866742	NA	"abundance"	47	37
"MGYG000329428"	"Sequencing_Depth"	"Sequencing_Depth"	"Sequencing_Depth"	-0.362787195395517	-0.534932639053454	0.31367831164028	0.587820433048328	0.854263035766445	0.00687153457797666	0.102029124248726	NA	"abundance"	47	31
"MGYG000325408"	"Sequencing_Depth"	"Sequencing_Depth"	"Sequencing_Depth"	1.0707763901606	-0.534932639053454	2.12480970545041	0.587987993594389	0.854279679431393	0.0086925679537595	0.104464558421264	NA	"abundance"	47	6
"Enorma burkinafasonensis"	"Sequencing_Depth"	"Sequencing_Depth"	"Sequencing_Depth"	-0.628729854783047	-0.534932639053454	0.170921746681316	0.590533464430586	0.85526002205519	0.00992256655324929	0.10514647735887	NA	"abundance"	47	24
"CAG-317 sp910578495"	"Sequencing_Depth"	"Sequencing_Depth"	"Sequencing_Depth"	-0.657619023956026	-0.534932639053454	0.22473611157181	0.591374408014284	0.855799111884145	0.00258871975473686	0.0867159773766831	NA	"abundance"	47	26
"Gallimonas sp910586985"	"Sequencing_Depth"	"Sequencing_Depth"	"Sequencing_Depth"	-0.299254182485421	-0.534932639053454	0.40495430305329	0.591875065560382	0.855799111884145	0.0232399194697919	0.144701225658942	NA	"abundance"	47	9
"Muribaculum sp910589555"	"Sequencing_Depth"	"Sequencing_Depth"	"Sequencing_Depth"	-0.708038715913016	-0.534932639053454	0.319171511412181	0.591520548690776	0.855799111884145	0.0365058309800418	0.180082502069725	NA	"abundance"	47	38
"MGYG000325561"	"Sex"	"M"	"SexM"	0.0286948454851243	-0.415249466173014	0.805570423112162	0.594269178800849	0.856481206168237	0.0341687914037583	0.174473270303364	NA	"abundance"	47	15
"MGYG000328307"	"Sequencing_Depth"	"Sequencing_Depth"	"Sequencing_Depth"	-0.411345449481993	-0.534932639053454	0.228169592658772	0.594427752992592	0.856481206168237	0.0642845265434619	0.248557458210716	NA	"abundance"	47	26
"Muribaculum sp910578785"	"Sex"	"M"	"SexM"	-0.762933973331069	-0.415249466173014	0.644735996092365	0.59406849275593	0.856481206168237	0.00638879424593927	0.102020167783013	NA	"abundance"	47	35
"Odoribacter sp021771575"	"Sex"	"M"	"SexM"	-0.518132492027509	0	0.970112642205162	0.593275680242047	0.856481206168237	9.15176912673667e-05	0.0152775294853067	NA	"prevalence"	47	42
"MGYG000410703"	"Sequencing_Depth"	"Sequencing_Depth"	"Sequencing_Depth"	-0.666789517148204	-0.534932639053454	0.244163226317095	0.595026723247433	0.856575745367084	0.0135072756970389	0.117140398314934	NA	"abundance"	47	27
"Anaerocaecibacter sp910587805"	"Sequencing_Depth"	"Sequencing_Depth"	"Sequencing_Depth"	-0.934096482562477	-0.534932639053454	0.674342067575694	0.595540624259827	0.856874040188948	0.00941067587883762	0.104562659028731	NA	"abundance"	47	8
"MGYG000410984"	"Sex"	"M"	"SexM"	-0.109117442627439	-0.415249466173014	0.565864039259597	0.595957828152008	0.856874040188948	0.0232780276161843	0.14470457272752	NA	"abundance"	47	23
"MGYG000411593"	"Sequencing_Depth"	"Sequencing_Depth"	"Sequencing_Depth"	-0.412106905025577	-0.534932639053454	0.226315840754526	0.597009620359721	0.856874040188948	0.00607580717089719	0.10094081032036	NA	"abundance"	47	18
"Dysosmobacter sp910576845"	"Sequencing_Depth"	"Sequencing_Depth"	"Sequencing_Depth"	-0.413687711726191	-0.534932639053454	0.224202847623769	0.597947951912506	0.857191737285966	0.0153836646459127	0.121872095975945	NA	"abundance"	47	19
"MGYG000325598"	"Sequencing_Depth"	"Sequencing_Depth"	"Sequencing_Depth"	-0.725883625752901	-0.534932639053454	0.353656695425152	0.599252593721734	0.857790002265167	0.00378082993031481	0.0924413033859377	NA	"abundance"	47	17
"Paramuribaculum sp014800945"	"Sequencing_Depth"	"Sequencing_Depth"	"Sequencing_Depth"	-0.432871427293505	-0.534932639053454	0.191098704880252	0.599463608787934	0.857790002265167	0.0342396440701718	0.174473270303364	NA	"abundance"	47	27
"Caccovicinus sp910588895"	"Sex"	"M"	"SexM"	-0.837467530772406	-0.415249466173014	0.783407265192811	0.600135267786425	0.858450119114806	0.0163445217399236	0.124878520185031	NA	"abundance"	47	17
"Pumilibacter sp910579245"	"Sequencing_Depth"	"Sequencing_Depth"	"Sequencing_Depth"	-0.402649805140501	-0.534932639053454	0.247981698445302	0.602836271273251	0.859965502263949	0.00388816812405187	0.0924413033859377	NA	"abundance"	47	18
"Senegalimassilia faecalis"	"Sequencing_Depth"	"Sequencing_Depth"	"Sequencing_Depth"	-0.44883468303335	-0.534932639053454	0.162259211378889	0.603513565644264	0.860179011866577	0.00730819146045491	0.103765953329189	NA	"abundance"	47	23
"CAG-485 sp001701295"	"Sex"	"M"	"SexM"	-0.726671541383685	-0.415249466173014	0.593934229495003	0.604859888468974	0.86045363769839	0.00744331329059127	0.103765953329189	NA	"abundance"	47	35
"CAG-485 sp910583775"	"Sex"	"M"	"SexM"	-0.722509156116093	-0.415249466173014	0.586157809502736	0.605302213593051	0.860599283349528	0.0486127087167188	0.212234740613708	NA	"abundance"	47	31
"MGYG000330157"	"Sex"	"M"	"SexM"	-0.854499971585351	-0.415249466173014	0.830680655011777	0.605505281633018	0.860694649625014	0.0161953271388838	0.124878520185031	NA	"abundance"	47	19
"UBA7173 sp910586565"	"Sequencing_Depth"	"Sequencing_Depth"	"Sequencing_Depth"	-0.669877268807109	-0.534932639053454	0.258608525058241	0.60585700175307	0.860815843829892	0.0173293461180793	0.127853672612301	NA	"abundance"	47	36
"Caccovicinus sp910589195"	"Sequencing_Depth"	"Sequencing_Depth"	"Sequencing_Depth"	-0.639080650874263	-0.534932639053454	0.194943760406475	0.607101893917105	0.860890191047242	0.0239996886238554	0.146060981620493	NA	"abundance"	47	14
"UBA3282 sp910588215"	"Sequencing_Depth"	"Sequencing_Depth"	"Sequencing_Depth"	-0.657210979324025	-0.534932639053454	0.23481542207911	0.60686325169648	0.860890191047242	0.0499776567851675	0.215786242002177	NA	"abundance"	47	36
"Kineothrix sp910579645"	"Sex"	"M"	"SexM"	-0.348994640664018	0	0.679536007065833	0.607547169902434	0.860890191047242	0.0216638303916045	0.140477021291615	NA	"prevalence"	47	24
"Lactobacillus hominis"	"Sequencing_Depth"	"Sequencing_Depth"	"Sequencing_Depth"	-0.740083396178634	-0.534932639053454	0.396856621833565	0.609164766727719	0.861927969733899	0.0121221996336718	0.113346181948395	NA	"abundance"	47	34
"MGYG000411569"	"Sequencing_Depth"	"Sequencing_Depth"	"Sequencing_Depth"	-0.387047833408203	-0.534932639053454	0.284002372591319	0.609911664135124	0.862180487921651	0.0105932798019227	0.108185115337314	NA	"abundance"	47	21
"MGYG000388556"	"Sex"	"M"	"SexM"	-0.376497774166774	0	0.740612657236276	0.611200971473495	0.862850695572983	0.0114942996590368	0.110083617872726	NA	"prevalence"	47	14
"Dysosmobacter sp910585245"	"Sequencing_Depth"	"Sequencing_Depth"	"Sequencing_Depth"	-0.703398059341229	-0.534932639053454	0.327020463953765	0.612202784530104	0.863523829572327	0.00357655203227707	0.0915908324787475	NA	"abundance"	47	26
"Dysosmobacter sp910576865"	"Sequencing_Depth"	"Sequencing_Depth"	"Sequencing_Depth"	-0.429619040881322	-0.534932639053454	0.205762636766231	0.613519636594497	0.864006540633401	0.0235302122970145	0.144826181438237	NA	"abundance"	47	37
"MGYG000331109"	"Sequencing_Depth"	"Sequencing_Depth"	"Sequencing_Depth"	-0.683268063080624	-0.534932639053454	0.290441067125676	0.613464441906277	0.864006540633401	0.0152237715771794	0.121446520888831	NA	"abundance"	47	35
"MGYG000337810"	"Sex"	"M"	"SexM"	-0.115179212164157	-0.415249466173014	0.585514283828118	0.613568872946251	0.864006540633401	0.00777640773415769	0.104464558421264	NA	"abundance"	47	31
"MGYG000327494"	"Sequencing_Depth"	"Sequencing_Depth"	"Sequencing_Depth"	-0.287890319960034	-0.534932639053454	0.421210169078271	0.617104480329709	0.866046214394839	0.0178380773188102	0.129578140276825	NA	"abundance"	47	7
"Acutalibacter sp003612555"	"Sequencing_Depth"	"Sequencing_Depth"	"Sequencing_Depth"	-0.804030465838674	-0.534932639053454	0.532393220932834	0.61747534252309	0.866423111147021	0.0325277890698827	0.170934136167979	NA	"abundance"	47	31
"CAG-873 sp910579605"	"Sequencing_Depth"	"Sequencing_Depth"	"Sequencing_Depth"	-0.116270590011547	-0.534932639053454	0.756568087729317	0.618543512052333	0.866577064256606	0.00484226350645368	0.0971466458405856	NA	"abundance"	47	8
"MD308 sp910579335"	"Sequencing_Depth"	"Sequencing_Depth"	"Sequencing_Depth"	-0.627116894568576	-0.534932639053454	0.180006123527626	0.618343303057055	0.866577064256606	0.00805068653029611	0.104464558421264	NA	"abundance"	47	18
"MGYG000329896"	"Sequencing_Depth"	"Sequencing_Depth"	"Sequencing_Depth"	-0.481610579180272	-0.534932639053454	0.105189060129693	0.619958113019421	0.867193981576055	0.0400847775907804	0.188574844378226	NA	"abundance"	47	31
"MGYG000324467"	"Sequencing_Depth"	"Sequencing_Depth"	"Sequencing_Depth"	-0.648451919588789	-0.534932639053454	0.226062305243243	0.620472616554234	0.867367079175331	0.00208254612734036	0.0792179785671185	NA	"abundance"	47	31
"Bifidobacterium longum"	"Sequencing_Depth"	"Sequencing_Depth"	"Sequencing_Depth"	-0.631257536158839	-0.534932639053454	0.191543377897222	0.621244165452241	0.867400431554386	0.0112003530781092	0.109438753402103	NA	"abundance"	47	26
"MGYG000411020"	"Sequencing_Depth"	"Sequencing_Depth"	"Sequencing_Depth"	-0.397922385942799	-0.534932639053454	0.27494791475811	0.622091840673084	0.867549475265565	0.0175952029441236	0.12861940368317	NA	"abundance"	47	36
"Roseburia sp910577925"	"Sex"	"M"	"SexM"	-0.754178692688873	-0.415249466173014	0.659821920000432	0.62189796609886	0.867549475265565	0.0497861903039917	0.2152864212616	NA	"abundance"	47	13
"MGYG000325515"	"Site"	"Jejunum"	"SiteJejunum"	0.441785280032253	0	0.89802937161519	0.622754902511115	0.868134476080124	0.0511628725293009	0.218593947841056	NA	"prevalence"	47	21
"Acutalibacter sp910589395"	"Sequencing_Depth"	"Sequencing_Depth"	"Sequencing_Depth"	-0.301752579214573	-0.534932639053454	0.46935889887522	0.623303168989947	0.868248213169885	0.0519327455001053	0.219593379002151	NA	"abundance"	47	33
"MGYG000410874"	"Sequencing_Depth"	"Sequencing_Depth"	"Sequencing_Depth"	-0.660943768663166	-0.534932639053454	0.251212567410112	0.62321577456091	0.868248213169885	0.0494206155233687	0.214034871641648	NA	"abundance"	47	21
"Bacteroides stercorirosoris"	"Site"	"Jejunum"	"SiteJejunum"	-0.139605139188044	0.0793922236573236	0.429650589102251	0.624146315019407	0.868466973234654	0.02857512256305	0.159407234629548	NA	"abundance"	47	13
"Senegalimassilia faecalis"	"Sex"	"M"	"SexM"	-0.604133524324939	-0.415249466173014	0.37644757923645	0.624145262380991	0.868466973234654	0.0153231908915344	0.121771151538934	NA	"abundance"	47	23
"MGYG000328998"	"Sequencing_Depth"	"Sequencing_Depth"	"Sequencing_Depth"	-0.662647714160851	-0.534932639053454	0.257305860951929	0.62449909268488	0.868619789439415	0.0441122806380244	0.199367555908597	NA	"abundance"	47	30
"MGYG000325760"	"Sequencing_Depth"	"Sequencing_Depth"	"Sequencing_Depth"	-0.660502857695625	-0.534932639053454	0.25473106752371	0.625689528375877	0.869026680087728	0.0406579859405152	0.190185734366355	NA	"abundance"	47	37
"CAG-485 sp014800895"	"Sequencing_Depth"	"Sequencing_Depth"	"Sequencing_Depth"	-0.656954842755777	-0.534932639053454	0.247283955269573	0.62669663879984	0.869911838351614	0.0412821308696342	0.191835700845874	NA	"abundance"	47	29
"RGIG4057 sp910587085"	"Genotype"	"MUT"	"GenotypeMUT"	0.651621459866182	0.195151488441185	0.927465533497254	0.626657376936824	0.869911838351614	0.0364221550647375	0.180082502069725	NA	"abundance"	47	32
"Lawsonibacter sp910577805"	"Sequencing_Depth"	"Sequencing_Depth"	"Sequencing_Depth"	-0.709520150018123	-0.534932639053454	0.353850431981781	0.627075289530597	0.870010324062101	0.00833514805841361	0.104464558421264	NA	"abundance"	47	26
"Parabacteroides goldsteinii"	"Sex"	"M"	"SexM"	-0.414388100489737	0	0.854827906692724	0.627845168685515	0.870010324062101	0.00241934343250746	0.0842360560638557	NA	"prevalence"	47	37
"CAG-95 sp910587305"	"Sequencing_Depth"	"Sequencing_Depth"	"Sequencing_Depth"	-0.670157902453981	-0.534932639053454	0.276128845089437	0.629564196042935	0.870360811873249	0.00379793495155209	0.0924413033859377	NA	"abundance"	47	27
"Eubacterium_J sp910584345"	"Genotype"	"MUT"	"GenotypeMUT"	0.475499959458045	0.195151488441185	0.552846135363711	0.630455839275526	0.871152946370206	0.050618978989742	0.217492366868995	NA	"abundance"	47	11
"CAG-873 sp910587355"	"Sequencing_Depth"	"Sequencing_Depth"	"Sequencing_Depth"	-0.445121223032762	-0.534932639053454	0.183353061546449	0.630869493336816	0.871403977155981	0.0248400344950822	0.147542074677314	NA	"abundance"	47	24
"MGYG000325729"	"Sequencing_Depth"	"Sequencing_Depth"	"Sequencing_Depth"	-0.423748166649618	-0.534932639053454	0.228786417572125	0.632190176459603	0.872371443761654	0.0170602951762666	0.127330693036803	NA	"abundance"	47	27
"MGYG000331207"	"Sequencing_Depth"	"Sequencing_Depth"	"Sequencing_Depth"	-0.409251888625009	-0.534932639053454	0.25067887176251	0.631925156813392	0.872371443761654	0.019998718686677	0.135525813476303	NA	"abundance"	47	12
"JAFLTL01 sp910578395"	"Sex"	"M"	"SexM"	-0.910223211997526	-0.415249466173014	1.02330951842503	0.632339971094795	0.872387940503314	0.00459527972620248	0.0960930091857962	NA	"abundance"	47	34
"Roseburia sp910577925"	"Sequencing_Depth"	"Sequencing_Depth"	"Sequencing_Depth"	-0.628768978508686	-0.534932639053454	0.188313281683957	0.632650010221194	0.872625458143171	0.00580002265309137	0.0999867319806093	NA	"abundance"	47	13
"Lawsonibacter sp022795855"	"Sequencing_Depth"	"Sequencing_Depth"	"Sequencing_Depth"	-0.280533287291807	-0.534932639053454	0.527870635514411	0.636868202205202	0.87571965569321	0.010575627815971	0.108185115337314	NA	"abundance"	47	20
"MGYG000410812"	"Sequencing_Depth"	"Sequencing_Depth"	"Sequencing_Depth"	-0.468012847527057	-0.534932639053454	0.138525455194694	0.638134629187959	0.876370634291113	0.0243108451522151	0.146222374599582	NA	"abundance"	47	19
"MGYG000327499"	"Sequencing_Depth"	"Sequencing_Depth"	"Sequencing_Depth"	-0.637232516286174	-0.534932639053454	0.213853946522695	0.638333878297269	0.876549168093603	0.0247878213842893	0.147475018134812	NA	"abundance"	47	25
"JAAVFS01 sp910584665"	"Sex"	"M"	"SexM"	-0.220503629798982	-0.415249466173014	0.408189403977406	0.63993568258058	0.877560738781401	0.0363577758007745	0.180082502069725	NA	"abundance"	47	26
"CAJTFG01 sp910575705"	"Sex"	"M"	"SexM"	0.0928604188842135	-0.415249466173014	1.05865682047846	0.640609362052888	0.877769355365388	0.0091216512569971	0.104562659028731	NA	"abundance"	47	16
"MGYG000325379"	"Sequencing_Depth"	"Sequencing_Depth"	"Sequencing_Depth"	-0.431058464709887	-0.534932639053454	0.219534283379258	0.641368496038458	0.877950407943035	0.0103129299554179	0.106621411574452	NA	"abundance"	47	26
"MGYG000330157"	"Sequencing_Depth"	"Sequencing_Depth"	"Sequencing_Depth"	-0.660246630826409	-0.534932639053454	0.262618925655671	0.641022745107731	0.877950407943035	0.0296397364496263	0.161987961322771	NA	"abundance"	47	19
"Dysosmobacter sp910585165"	"Sequencing_Depth"	"Sequencing_Depth"	"Sequencing_Depth"	-0.664630263716484	-0.534932639053454	0.269353382138574	0.643621077280342	0.879136246489109	0.0041500825203062	0.0931199468365848	NA	"abundance"	47	13
"MGYG000368546"	"Sequencing_Depth"	"Sequencing_Depth"	"Sequencing_Depth"	-0.437695698876489	-0.534932639053454	0.207964610522389	0.644561663084477	0.879669671197057	0.0409911970582333	0.190986012397886	NA	"abundance"	47	30
"MGYG000411355"	"Sequencing_Depth"	"Sequencing_Depth"	"Sequencing_Depth"	-0.757175564316009	-0.534932639053454	0.479844101417399	0.64699010007025	0.880412888270182	0.0149428137578273	0.120291352665516	NA	"abundance"	47	32
"Copromonas sp910575275"	"Sequencing_Depth"	"Sequencing_Depth"	"Sequencing_Depth"	-0.642420385351877	-0.534932639053454	0.23370703687733	0.649301744532438	0.882230730172993	0.0248981141433525	0.147542074677314	NA	"abundance"	47	34
"Dysosmobacter sp910579435"	"Sequencing_Depth"	"Sequencing_Depth"	"Sequencing_Depth"	-0.420923711855317	-0.534932639053454	0.247959758689107	0.650411932620972	0.882385832414228	0.0360007305188624	0.179192368526281	NA	"abundance"	47	27
"MGYG000401352"	"Sequencing_Depth"	"Sequencing_Depth"	"Sequencing_Depth"	-0.709948989518572	-0.534932639053454	0.376177571600201	0.650306389683193	0.882385832414228	0.0261772542130821	0.151174599170919	NA	"abundance"	47	17
"MGYG000409008"	"Sequencing_Depth"	"Sequencing_Depth"	"Sequencing_Depth"	-0.40518507590009	-0.534932639053454	0.281189058813526	0.64975602172714	0.882385832414228	0.00922705775491929	0.104562659028731	NA	"abundance"	47	25
"MGYG000325458"	"Sequencing_Depth"	"Sequencing_Depth"	"Sequencing_Depth"	-0.42464529215244	-0.534932639053454	0.240523907562581	0.651688844521606	0.882550699943562	0.0109715040456484	0.109111799220052	NA	"abundance"	47	26
"1XD8-76 sp910578085"	"Sex"	"M"	"SexM"	-0.619958891341701	0	1.37458086834715	0.651977531614176	0.882550699943562	0.0210229135876128	0.137484176978499	NA	"prevalence"	47	46
"MGYG000326975"	"Sex"	"M"	"SexM"	-0.619958891341701	0	1.37458086834715	0.651977531614176	0.882550699943562	0.0129835352654852	0.115785177293055	NA	"prevalence"	47	46
"UBA3282 sp910577735"	"Sex"	"M"	"SexM"	-0.619958891341701	0	1.37458086834715	0.651977531614176	0.882550699943562	0.000231845363625777	0.0256044223454218	NA	"prevalence"	47	46
"MGYG000411451"	"Sequencing_Depth"	"Sequencing_Depth"	"Sequencing_Depth"	-0.350907672408521	-0.534932639053454	0.403876987418614	0.652573360762952	0.882790809077423	0.0110200290974032	0.109111799220052	NA	"abundance"	47	30
"MGYG000322995"	"Sequencing_Depth"	"Sequencing_Depth"	"Sequencing_Depth"	-0.701406927226631	-0.534932639053454	0.365242497287446	0.652843286656378	0.883061586075704	0.0134724356553052	0.11707826070238	NA	"abundance"	47	28
"Acetatifactor sp910589655"	"Sex"	"M"	"SexM"	0.355728114100812	0	0.791185944679085	0.652988940345013	0.883164227683211	0.039545810041858	0.186963067141038	NA	"prevalence"	47	35
"CAG-485 sp900550645"	"Sequencing_Depth"	"Sequencing_Depth"	"Sequencing_Depth"	-0.42450595773009	-0.534932639053454	0.242674992488836	0.653548336855865	0.883231126546266	0.042958694633037	0.196144737510533	NA	"abundance"	47	29
"MGYG000325349"	"Genotype"	"MUT"	"GenotypeMUT"	0.560904101115113	0.195151488441185	0.792000694025512	0.653338191791254	0.883231126546266	0.00931771661282948	0.104562659028731	NA	"abundance"	47	16
"MGYG000432287"	"Sequencing_Depth"	"Sequencing_Depth"	"Sequencing_Depth"	-0.40827864392585	-0.534932639053454	0.271511431500764	0.655391358927509	0.884334700064429	0.0106749092989304	0.108250012804649	NA	"abundance"	47	12
"Anaerotardibacter sp900753095"	"Sequencing_Depth"	"Sequencing_Depth"	"Sequencing_Depth"	-0.439860548703106	-0.534932639053454	0.209647309450235	0.656526839230094	0.885189894888284	0.00926036943563851	0.104562659028731	NA	"abundance"	47	22
"MGYG000410549"	"Sequencing_Depth"	"Sequencing_Depth"	"Sequencing_Depth"	-0.630886437935179	-0.534932639053454	0.194638054922458	0.656740622282199	0.885305942156344	0.0310145589753394	0.166447154774259	NA	"abundance"	47	8
"MGYG000325671"	"Sequencing_Depth"	"Sequencing_Depth"	"Sequencing_Depth"	-0.433659251802384	-0.534932639053454	0.222089762343871	0.656987395306104	0.885450005300752	0.0100806345169422	0.105260870522616	NA	"abundance"	47	17
"MD308 sp910584615"	"Sequencing_Depth"	"Sequencing_Depth"	"Sequencing_Depth"	-0.619991257365413	-0.534932639053454	0.190318699508557	0.658933821516507	0.886063416301526	0.0108409845877142	0.108985668867917	NA	"abundance"	47	33
"Pumilibacter muris"	"Sequencing_Depth"	"Sequencing_Depth"	"Sequencing_Depth"	-0.34669366070017	-0.534932639053454	0.401333639278937	0.658902933626561	0.886063416301526	0.0245914743026818	0.147358858898628	NA	"abundance"	47	10
"CAG-873 sp014801485"	"Genotype"	"MUT"	"GenotypeMUT"	-0.39701098336518	0	0.904875059695925	0.660845055069267	0.886308191043312	0.0594903880427524	0.23796155217101	NA	"prevalence"	47	9
"MGYG000327375"	"Sex"	"M"	"SexM"	0.310657636739133	0	0.706381868819315	0.660091308336668	0.886308191043312	0.00723305384499959	0.103765953329189	NA	"prevalence"	47	12
"CAG-873 sp900550395"	"Sequencing_Depth"	"Sequencing_Depth"	"Sequencing_Depth"	-0.415362529265323	-0.534932639053454	0.270100984658657	0.661582488899564	0.886372685342829	0.0104709909451733	0.10741504209069	NA	"abundance"	47	34
"MGYG000325719"	"Sequencing_Depth"	"Sequencing_Depth"	"Sequencing_Depth"	-0.628379059195649	-0.534932639053454	0.208281717469803	0.661166737627446	0.886372685342829	0.00398331468205675	0.0925220051811803	NA	"abundance"	47	19
"Muricomes contortus_B"	"Sequencing_Depth"	"Sequencing_Depth"	"Sequencing_Depth"	-0.621092143629101	-0.534932639053454	0.193587777091043	0.661593390039425	0.886372685342829	0.0228222517192905	0.144285612692297	NA	"abundance"	47	26
"Acetatifactor sp910588225"	"Sequencing_Depth"	"Sequencing_Depth"	"Sequencing_Depth"	-0.891887959009929	-0.534932639053454	0.738636338589691	0.661946238318259	0.886400207549291	0.00768448175256277	0.104464558421264	NA	"abundance"	47	8
"MGYG000327534"	"Sequencing_Depth"	"Sequencing_Depth"	"Sequencing_Depth"	-0.644606194983994	-0.534932639053454	0.240333321992035	0.662392813967483	0.886599158210891	0.0116791112022796	0.111133925647952	NA	"abundance"	47	12
"MGYG000411595"	"Sequencing_Depth"	"Sequencing_Depth"	"Sequencing_Depth"	-0.62041907359199	-0.534932639053454	0.193297903055518	0.663014283576969	0.887055787075074	0.00590092219763658	0.10033536636344	NA	"abundance"	47	28
"MGYG000329478"	"Sequencing_Depth"	"Sequencing_Depth"	"Sequencing_Depth"	-0.618432792982629	-0.534932639053454	0.186738463800275	0.663641587648175	0.887449394285577	0.0292556941191277	0.161420176451206	NA	"abundance"	47	17
"Paraprevotella sp910586505"	"Sequencing_Depth"	"Sequencing_Depth"	"Sequencing_Depth"	-0.45827115434217	-0.534932639053454	0.173997103708436	0.664932197604522	0.887802824272953	0.0187974652189271	0.130891243058065	NA	"abundance"	47	25
"SIG307 sp910579465"	"Sequencing_Depth"	"Sequencing_Depth"	"Sequencing_Depth"	-0.480842396170454	-0.534932639053454	0.123631974750078	0.667000707509042	0.889287440030488	0.0555314527057672	0.227372172233862	NA	"abundance"	47	39
"MGYG000325577"	"Sequencing_Depth"	"Sequencing_Depth"	"Sequencing_Depth"	-0.393344089502067	-0.534932639053454	0.315430828475453	0.667262819546489	0.889355877626562	0.0172842901678837	0.127788036513182	NA	"abundance"	47	12
"14-2 sp910586005"	"Sequencing_Depth"	"Sequencing_Depth"	"Sequencing_Depth"	-0.401488155202596	-0.534932639053454	0.29880184322214	0.667454174676659	0.889357414221065	0.0200363594363604	0.135525813476303	NA	"abundance"	47	13
"CAG-485 sp014801585"	"Sequencing_Depth"	"Sequencing_Depth"	"Sequencing_Depth"	-0.443553108757124	-0.534932639053454	0.20745029218543	0.669607154216696	0.890698545405101	0.00321029671680843	0.0914858855441843	NA	"abundance"	47	15
"CAG-475 sp910577815"	"Sequencing_Depth"	"Sequencing_Depth"	"Sequencing_Depth"	-0.449726035747286	-0.534932639053454	0.198131199106559	0.670798321099143	0.891289434068998	0.0552251045179253	0.227051453453501	NA	"abundance"	47	37
"UBA7177 sp910578965"	"Genotype"	"MUT"	"GenotypeMUT"	0.367305063577095	0	0.863889272579536	0.670708312402044	0.891289434068998	0.0378932663010903	0.182943720092969	NA	"prevalence"	47	6
"Duncaniella sp002494015"	"Sequencing_Depth"	"Sequencing_Depth"	"Sequencing_Depth"	-0.439573870452957	-0.534932639053454	0.224539586332124	0.674405788813593	0.893271066926875	0.0322406025404186	0.170238548849915	NA	"abundance"	47	37
"MGYG000325715"	"Sequencing_Depth"	"Sequencing_Depth"	"Sequencing_Depth"	-0.642120523759328	-0.534932639053454	0.255124665395773	0.67866793353926	0.896583026054173	0.00927800733212132	0.104562659028731	NA	"abundance"	47	27
"Merdisoma sp910574255"	"Sequencing_Depth"	"Sequencing_Depth"	"Sequencing_Depth"	-0.441427412058208	-0.534932639053454	0.224281015128061	0.67987235407154	0.896813699232759	0.0355259364573578	0.177453935604668	NA	"abundance"	47	37
"MGYG000410930"	"Sequencing_Depth"	"Sequencing_Depth"	"Sequencing_Depth"	-0.684059684785944	-0.534932639053454	0.349483198159463	0.680954729852522	0.897493228912247	0.00996377438447518	0.105260870522616	NA	"abundance"	47	13
"MGYG000326314"	"Sequencing_Depth"	"Sequencing_Depth"	"Sequencing_Depth"	-0.415111261918899	-0.534932639053454	0.289365675944704	0.681599235035699	0.897529367054911	0.0192778578003206	0.132139678132694	NA	"abundance"	47	37
"MGYG000325709"	"Genotype"	"MUT"	"GenotypeMUT"	0.569359475407255	0.195151488441185	0.864655837105859	0.683184423074369	0.897534865311403	0.0395432643323844	0.186963067141038	NA	"abundance"	47	10
"14-2 sp910575075"	"Sequencing_Depth"	"Sequencing_Depth"	"Sequencing_Depth"	-0.624963098777016	-0.534932639053454	0.218712117625391	0.684463570855571	0.898133386393836	0.0203366213672579	0.135731104649461	NA	"abundance"	47	33
"CAG-873 sp910587355"	"Sex"	"M"	"SexM"	-0.599065304102311	-0.415249466173014	0.443672324155537	0.684451253438687	0.898133386393836	0.00685478968111934	0.102029124248726	NA	"abundance"	47	24
"MGYG000329300"	"Sequencing_Depth"	"Sequencing_Depth"	"Sequencing_Depth"	-0.663109555983048	-0.534932639053454	0.313332389252179	0.685307664313933	0.898253056485526	0.0529413580916274	0.221422650794063	NA	"abundance"	47	39
"MGYG000410396"	"Sequencing_Depth"	"Sequencing_Depth"	"Sequencing_Depth"	0.301074352366838	-0.534932639053454	1.5509987633679	0.685273321517452	0.898253056485526	0.0231911547838315	0.14467350574768	NA	"abundance"	47	6
"Phocaeicola faecalis"	"Sequencing_Depth"	"Sequencing_Depth"	"Sequencing_Depth"	-0.456590839201746	-0.534932639053454	0.191408941962545	0.686865574442252	0.899104906027925	0.00927800733212132	0.104562659028731	NA	"abundance"	47	27
"CAJUPY01 sp014802535"	"Sequencing_Depth"	"Sequencing_Depth"	"Sequencing_Depth"	-0.636082806130337	-0.534932639053454	0.246265806452359	0.687197871257009	0.899186803703308	0.0268467673612435	0.153409309103273	NA	"abundance"	47	21
"MGYG000410992"	"Sequencing_Depth"	"Sequencing_Depth"	"Sequencing_Depth"	-0.647485861778441	-0.534932639053454	0.274788270199026	0.687149749505734	0.899186803703308	0.0521021642029722	0.219593379002151	NA	"abundance"	47	24
"MGBC114844 sp910585255"	"Sex"	"M"	"SexM"	-0.207846420839749	-0.415249466173014	0.50389956678506	0.687611968130369	0.899420128512832	0.0180012294160098	0.12986676350825	NA	"abundance"	47	19
"MGYG000325434"	"Genotype"	"MUT"	"GenotypeMUT"	0.285080494641374	0	0.708879009666263	0.68756865319708	0.899420128512832	0.000183049058026865	0.0223067369333427	NA	"prevalence"	47	16
"Ruminococcus sp900540005"	"Sex"	"M"	"SexM"	-0.275636284145657	0	0.685994717171365	0.687827352408996	0.899526668746055	0.00205316060361818	0.0792179785671185	NA	"prevalence"	47	20
"CAG-873 sp009775195"	"Sequencing_Depth"	"Sequencing_Depth"	"Sequencing_Depth"	-0.643427284459274	-0.534932639053454	0.267524327471619	0.688692150546461	0.899892062890387	0.00812483121378967	0.104464558421264	NA	"abundance"	47	32
"Choladocola sp910575445"	"Sequencing_Depth"	"Sequencing_Depth"	"Sequencing_Depth"	-0.445158156566795	-0.534932639053454	0.223207947926837	0.6907703955856	0.899892062890387	0.0123301100674456	0.113771825008754	NA	"abundance"	47	35
"JAAVFS01 sp910584665"	"Sequencing_Depth"	"Sequencing_Depth"	"Sequencing_Depth"	-0.461600628121722	-0.534932639053454	0.182050778849171	0.691829524939819	0.899892062890387	0.0239499086175365	0.146060981620493	NA	"abundance"	47	26
"Marseille-P3106 sp022794215"	"Genotype"	"MUT"	"GenotypeMUT"	0.549349470217814	0.195151488441185	0.884716998050884	0.693284414922732	0.899892062890387	0.0163139530797701	0.124878520185031	NA	"abundance"	47	25
"MGYG000329873"	"Sequencing_Depth"	"Sequencing_Depth"	"Sequencing_Depth"	-0.648873394477084	-0.534932639053454	0.280179995357571	0.688815467543729	0.899892062890387	0.0127336629875799	0.115293704372234	NA	"abundance"	47	25
"Duncaniella sp910589485"	"Sex"	"M"	"SexM"	-0.516987805498227	0	1.30317499559943	0.691578352277444	0.899892062890387	0.0514273443317471	0.218941207371767	NA	"prevalence"	47	46
"MGYG000405972"	"Sex"	"M"	"SexM"	-0.286785332865391	0	0.71556877923826	0.688582436856725	0.899892062890387	0.0210415390592867	0.137484176978499	NA	"prevalence"	47	14
"MGYG000325617"	"Sequencing_Depth"	"Sequencing_Depth"	"Sequencing_Depth"	-0.464181364577419	-0.534932639053454	0.177045225724176	0.694827601181887	0.90040210644557	0.00367617000078983	0.0918133200197261	NA	"abundance"	47	23
"Enterenecus sp910588105"	"Sequencing_Depth"	"Sequencing_Depth"	"Sequencing_Depth"	-0.615180186905995	-0.534932639053454	0.202503519490846	0.695892828933098	0.90083878371302	0.0162625859048341	0.124878520185031	NA	"abundance"	47	31
"MGYG000327895"	"Sequencing_Depth"	"Sequencing_Depth"	"Sequencing_Depth"	-0.48227304827509	-0.534932639053454	0.132560616664053	0.696013391899759	0.90083878371302	0.013017716593151	0.115880630831727	NA	"abundance"	47	34
"MGYG000327004"	"Sequencing_Depth"	"Sequencing_Depth"	"Sequencing_Depth"	-0.667752837713767	-0.534932639053454	0.332014905330859	0.696358993948428	0.901187214538309	0.00347032282135349	0.0914858855441843	NA	"abundance"	47	17
"14-2 sp000403255"	"Sequencing_Depth"	"Sequencing_Depth"	"Sequencing_Depth"	-0.622344983372073	-0.534932639053454	0.225187628382314	0.701881087324445	0.904679423465707	0.056191992242379	0.229045560074472	NA	"abundance"	47	28
"Dysosmobacter sp009773995"	"Sequencing_Depth"	"Sequencing_Depth"	"Sequencing_Depth"	-0.459705466563117	-0.534932639053454	0.193714196353333	0.701087038831372	0.904679423465707	0.0509106764829024	0.218082825079487	NA	"abundance"	47	38
"MGYG000329847"	"Site"	"Jejunum"	"SiteJejunum"	-0.365731901986237	0	0.95694358441176	0.702322272916679	0.904679423465707	0.0242608365057243	0.146060981620493	NA	"prevalence"	47	39
"MGYG000410812"	"Sex"	"M"	"SexM"	-0.183359721556916	-0.415249466173014	0.597026481601161	0.704039871619962	0.905480257566092	0.00133967310682195	0.068573706357638	NA	"abundance"	47	19
"MGYG000324474"	"Sequencing_Depth"	"Sequencing_Depth"	"Sequencing_Depth"	-0.430189302338994	-0.534932639053454	0.275459630156063	0.706568600898719	0.906356654969318	0.0620976520711579	0.243890448010385	NA	"abundance"	47	35
"Tidjanibacter sp910577285"	"Sequencing_Depth"	"Sequencing_Depth"	"Sequencing_Depth"	-0.66115723605978	-0.534932639053454	0.32475018679323	0.706654592186143	0.906356654969318	0.00159097649820279	0.0739804071664297	NA	"abundance"	47	14
"MGYG000325603"	"Sequencing_Depth"	"Sequencing_Depth"	"Sequencing_Depth"	-0.62232141328099	-0.534932639053454	0.227037830560452	0.706748630401692	0.906364238672845	0.0109775304636518	0.109111799220052	NA	"abundance"	47	19
"Senegalimassilia faecalis"	"Genotype"	"MUT"	"GenotypeMUT"	0.0691149347904682	0.195151488441185	0.328315759694727	0.706946921189524	0.906364238672845	0.0601986321108661	0.239709257329353	NA	"abundance"	47	23
"Eubacterium_J sp910579075"	"Sequencing_Depth"	"Sequencing_Depth"	"Sequencing_Depth"	-0.602643616866345	-0.534932639053454	0.178069180051461	0.707118534024679	0.906425625347573	0.0161038290619	0.124667977885552	NA	"abundance"	47	37
"MGYG000325797"	"Sequencing_Depth"	"Sequencing_Depth"	"Sequencing_Depth"	-0.432116921041451	-0.534932639053454	0.266607613200684	0.708173610372577	0.906860882955977	0.00713138542164889	0.103288180656177	NA	"abundance"	47	15
"UBA11524 sp000437595"	"Sex"	"M"	"SexM"	0.250415682600434	0	0.668982708164981	0.70816394634642	0.906860882955977	0.0623549701508068	0.244288492492798	NA	"prevalence"	47	27
"Muribaculum sp001701065"	"Sex"	"M"	"SexM"	-0.255199056413625	-0.415249466173014	0.422442587565366	0.70951259455484	0.907343807323081	0.0240869452830819	0.146060981620493	NA	"abundance"	47	30
"Duncaniella sp910587165"	"Sequencing_Depth"	"Sequencing_Depth"	"Sequencing_Depth"	-0.635009752883721	-0.534932639053454	0.266466720068381	0.710054076765944	0.907432523604437	0.0283924558748777	0.158889848078888	NA	"abundance"	47	34
"MGYG000326584"	"Sequencing_Depth"	"Sequencing_Depth"	"Sequencing_Depth"	-0.699790421527365	-0.534932639053454	0.427411686030651	0.7111870098446	0.908212789609861	0.00834688727269722	0.104464558421264	NA	"abundance"	47	12
"Dysosmobacter sp910577405"	"Sequencing_Depth"	"Sequencing_Depth"	"Sequencing_Depth"	-0.443865910171659	-0.534932639053454	0.243699613254975	0.711817865120691	0.908560102520692	0.0320045727955195	0.169571454661718	NA	"abundance"	47	34
"CAG-485 sp910579305"	"Sequencing_Depth"	"Sequencing_Depth"	"Sequencing_Depth"	-0.458685131294859	-0.534932639053454	0.204451492470217	0.712783317910424	0.909242289439701	0.00676491850549905	0.102029124248726	NA	"abundance"	47	32
"CAG-873 sp910576935"	"Sequencing_Depth"	"Sequencing_Depth"	"Sequencing_Depth"	-0.621376855384587	-0.534932639053454	0.232313638021967	0.713373709453315	0.909353918858012	0.0318062709782848	0.16877381627216	NA	"abundance"	47	30
"MGYG000325473"	"Genotype"	"MUT"	"GenotypeMUT"	-0.0637097144723286	0.195151488441185	0.694632571139645	0.713311915796575	0.909353918858012	0.0211162915755843	0.137811587124866	NA	"abundance"	47	27
"MGYG000330890"	"Sequencing_Depth"	"Sequencing_Depth"	"Sequencing_Depth"	-0.588423368763482	-0.534932639053454	0.140900215627306	0.713138348993279	0.909353918858012	0.0130803788227056	0.116291971721866	NA	"abundance"	47	16
"Parabacteroides johnsonii"	"Site"	"Jejunum"	"SiteJejunum"	-0.314020472157342	0	0.85844613900676	0.71451355966679	0.909616075456323	0.0409411854449942	0.190986012397886	NA	"prevalence"	47	9
"MGYG000330354"	"Sequencing_Depth"	"Sequencing_Depth"	"Sequencing_Depth"	-0.679253895670434	-0.534932639053454	0.389057766819385	0.715315930119629	0.910088354955701	0.00884617345973662	0.104562659028731	NA	"abundance"	47	22
"1XD8-76 sp910577955"	"Sex"	"M"	"SexM"	-0.592014922715859	-0.415249466173014	0.475235559904565	0.7153959188556	0.910097595378035	0.0411847092909454	0.191761215591833	NA	"abundance"	47	22
"14-2 sp009774455"	"Sequencing_Depth"	"Sequencing_Depth"	"Sequencing_Depth"	-0.463290715660855	-0.534932639053454	0.194431224310848	0.715912786654103	0.910193891942047	0.0100707109482471	0.105260870522616	NA	"abundance"	47	35
"CAG-485 sp900550645"	"Sex"	"M"	"SexM"	-0.610597179301309	-0.415249466173014	0.532062701126301	0.717264194116821	0.910828771524534	0.0114222634870016	0.109873850352059	NA	"abundance"	47	29
"UBA3402 sp022795805"	"Genotype"	"MUT"	"GenotypeMUT"	-0.259130619737049	0.195151488441185	1.24133774826537	0.718690983430791	0.911346120823082	0.00626447044857389	0.101553387914037	NA	"abundance"	47	23
"Dysosmobacter sp022801815"	"Sequencing_Depth"	"Sequencing_Depth"	"Sequencing_Depth"	-0.426184848896811	-0.534932639053454	0.299135646350958	0.719066053386705	0.911561152105048	0.020799132889311	0.137403041654759	NA	"abundance"	47	32
"Muribaculum sp001701065"	"Sequencing_Depth"	"Sequencing_Depth"	"Sequencing_Depth"	-0.602973162074836	-0.534932639053454	0.187735176441937	0.720845306484229	0.912848492711681	0.0405989188490336	0.190035204254947	NA	"abundance"	47	30
"MGYG000401219"	"Sequencing_Depth"	"Sequencing_Depth"	"Sequencing_Depth"	-0.488521773413926	-0.534932639053454	0.128113380980376	0.721564026776101	0.913114770615028	0.00337891591170396	0.0914858855441843	NA	"abundance"	47	31
"14-2 sp910583835"	"Sequencing_Depth"	"Sequencing_Depth"	"Sequencing_Depth"	-0.603837751313404	-0.534932639053454	0.191631095242438	0.722082786155293	0.913447933051888	0.0478866601800993	0.210617868172334	NA	"abundance"	47	38
"14-2 sp910588885"	"Sequencing_Depth"	"Sequencing_Depth"	"Sequencing_Depth"	-0.686246339315524	-0.534932639053454	0.370891390991563	0.723022842968201	0.913447933051888	0.0516284055607714	0.219296616889142	NA	"abundance"	47	7
"MGYG000325644"	"Sequencing_Depth"	"Sequencing_Depth"	"Sequencing_Depth"	-0.619433438564374	-0.534932639053454	0.235395623797202	0.7223527534313	0.913447933051888	0.0390443233614659	0.185554058669476	NA	"abundance"	47	36
"UBA3282 sp910587715"	"Genotype"	"MUT"	"GenotypeMUT"	1.39668243373185	0.195151488441185	3.29410014260116	0.722873924318437	0.913447933051888	0.00313507578222091	0.0914858855441843	NA	"abundance"	47	15
"MGYG000410015"	"Sequencing_Depth"	"Sequencing_Depth"	"Sequencing_Depth"	-0.475671138164681	-0.534932639053454	0.16328673421696	0.726056241187599	0.914431278542934	0.0322509078820086	0.170238548849915	NA	"abundance"	47	14
"Enterenecus sp910584285"	"Sequencing_Depth"	"Sequencing_Depth"	"Sequencing_Depth"	-0.465268513427179	-0.534932639053454	0.195824619611676	0.726656601913496	0.914861673664316	0.00190702435560377	0.0768086015760304	NA	"abundance"	47	24
"D16-34 sp910577495"	"Genotype"	"MUT"	"GenotypeMUT"	0.354734871660343	0.195151488441185	0.454060097127994	0.72986151984517	0.91547519860287	0.00792713182244838	0.104464558421264	NA	"abundance"	47	24
"MGYG000366993"	"Sequencing_Depth"	"Sequencing_Depth"	"Sequencing_Depth"	-0.472477994248523	-0.534932639053454	0.178119664647152	0.728920146685988	0.91547519860287	0.0448668787471501	0.201601461528835	NA	"abundance"	47	36
"MGYG000325481"	"Sequencing_Depth"	"Sequencing_Depth"	"Sequencing_Depth"	-0.611388779800397	-0.534932639053454	0.219606212090761	0.730618849952166	0.915660732940052	0.0152168597153802	0.121446520888831	NA	"abundance"	47	34
"Choladousia sp003612585"	"Sequencing_Depth"	"Sequencing_Depth"	"Sequencing_Depth"	-0.655626926072588	-0.534932639053454	0.349194953532202	0.732143345902404	0.917026565647401	0.0540344613206349	0.223587720789239	NA	"abundance"	47	35
"Coproplasma sp910578195"	"Sequencing_Depth"	"Sequencing_Depth"	"Sequencing_Depth"	-0.388543271776886	-0.534932639053454	0.415370829860723	0.732741623525831	0.917334765317438	0.0114737756284281	0.110036154873446	NA	"abundance"	47	14
"MGYG000324065"	"Sequencing_Depth"	"Sequencing_Depth"	"Sequencing_Depth"	-0.631782372588869	-0.534932639053454	0.272594971478928	0.733124473754665	0.917334765317438	0.00225653655606012	0.0815754250131121	NA	"abundance"	47	12
"Paramuribaculum sp910586475"	"Sequencing_Depth"	"Sequencing_Depth"	"Sequencing_Depth"	-0.616653653992738	-0.534932639053454	0.237462613956665	0.733330471139147	0.917334765317438	0.0185647692331312	0.130433189800965	NA	"abundance"	47	37
"UMGS1502 sp900552365"	"Sex"	"M"	"SexM"	-0.596085257486051	-0.415249466173014	0.509499385503353	0.733498509107253	0.917334765317438	0.0424584952753612	0.194867951043022	NA	"abundance"	47	12
"CAG-115 sp910577365"	"Sequencing_Depth"	"Sequencing_Depth"	"Sequencing_Depth"	-0.65034612207982	-0.534932639053454	0.261083420777343	0.735395925996432	0.918059971349842	0.0275724632573354	0.155284597850874	NA	"abundance"	47	6
"Choladocola sp009774155"	"Sequencing_Depth"	"Sequencing_Depth"	"Sequencing_Depth"	-0.462098715154211	-0.534932639053454	0.211938488949993	0.73581736490652	0.918059971349842	0.0354023219717174	0.177150811939597	NA	"abundance"	47	22
"MGYG000329350"	"Sequencing_Depth"	"Sequencing_Depth"	"Sequencing_Depth"	-0.48521222103278	-0.534932639053454	0.127082387612139	0.735203952808485	0.918059971349842	0.0227821185729582	0.144285612692297	NA	"abundance"	47	7
"MGYG000330291"	"Sequencing_Depth"	"Sequencing_Depth"	"Sequencing_Depth"	-0.616167148636343	-0.534932639053454	0.237126902921005	0.735390252635083	0.918059971349842	0.00482295803279002	0.0971187104722503	NA	"abundance"	47	28
"D16-34 sp910577495"	"Sex"	"M"	"SexM"	-0.261485770323023	-0.415249466173014	0.447713114105893	0.736143929205713	0.91813083613025	0.0236263320894777	0.144957391673983	NA	"abundance"	47	24
"Eubacterium_J plexicaudatum"	"Sequencing_Depth"	"Sequencing_Depth"	"Sequencing_Depth"	-0.455166048496854	-0.534932639053454	0.227642686574364	0.736739541462084	0.918240361936497	0.0110223294628066	0.109111799220052	NA	"abundance"	47	12
"Alistipes sp910575495"	"Sequencing_Depth"	"Sequencing_Depth"	"Sequencing_Depth"	-0.439609548410516	-0.534932639053454	0.280372104559395	0.73697171057724	0.918348878961086	0.0534646499706217	0.22270475454861	NA	"abundance"	47	28
"MGYG000325463"	"Sequencing_Depth"	"Sequencing_Depth"	"Sequencing_Depth"	-0.467313921036018	-0.534932639053454	0.198630850183232	0.736906925706729	0.918348878961086	0.0365362631533653	0.180082502069725	NA	"abundance"	47	28
"Imtechella halotolerans"	"Genotype"	"MUT"	"GenotypeMUT"	-0.289121768778956	0	0.865614550648921	0.738373884581641	0.918829790703344	0.00126334113468625	0.0666590057074523	NA	"prevalence"	47	20
"MGBC122484 sp910586855"	"Sequencing_Depth"	"Sequencing_Depth"	"Sequencing_Depth"	-0.391108367604261	-0.534932639053454	0.423448373795215	0.739177128731434	0.919418904850825	0.0217149417787651	0.140646852811048	NA	"abundance"	47	19
"MGYG000325419"	"Sequencing_Depth"	"Sequencing_Depth"	"Sequencing_Depth"	-0.63334976711664	-0.534932639053454	0.284357920367103	0.739488334608649	0.919418904850825	0.00946725912068742	0.104562659028731	NA	"abundance"	47	12
"Blautia_A sp900551075"	"Sex"	"M"	"SexM"	-0.319491394946793	0	0.971031423132815	0.74213851914575	0.921611829230541	0.00095584247699927	0.0610103866648535	NA	"prevalence"	47	43
"MGYG000325668"	"Sequencing_Depth"	"Sequencing_Depth"	"Sequencing_Depth"	-0.596271095629493	-0.534932639053454	0.181628939800176	0.742714027523937	0.921779905438768	0.00690509608521715	0.102029124248726	NA	"abundance"	47	16
"VSOB01 sp910585345"	"Sequencing_Depth"	"Sequencing_Depth"	"Sequencing_Depth"	-0.618185445769932	-0.534932639053454	0.249355032271033	0.743707838381387	0.922113215616769	0.00343601913943993	0.0914858855441843	NA	"abundance"	47	19
"MGYG000373829"	"Sequencing_Depth"	"Sequencing_Depth"	"Sequencing_Depth"	-0.444302015356244	-0.534932639053454	0.268074594096494	0.744160647439967	0.922132694595703	0.0400270127988243	0.188574844378226	NA	"abundance"	47	13
"MGYG000330231"	"Genotype"	"MUT"	"GenotypeMUT"	-0.224724772935569	0	0.687993343755531	0.743941695369528	0.922132694595703	0.0277296951135474	0.155797682879613	NA	"prevalence"	47	22
"Schaedlerella glycyrrhizinilytica_A"	"Sequencing_Depth"	"Sequencing_Depth"	"Sequencing_Depth"	-0.599172699704318	-0.534932639053454	0.19150889065342	0.745505655089559	0.922981661565055	0.0240051278945598	0.146060981620493	NA	"abundance"	47	14
"Lawsonibacter sp943192995"	"Sequencing_Depth"	"Sequencing_Depth"	"Sequencing_Depth"	-0.438210745731301	-0.534932639053454	0.295014751127117	0.746169897311791	0.923086254903504	0.00107785463322342	0.0610103866648535	NA	"abundance"	47	29
"UBA3818 sp904397845"	"Sequencing_Depth"	"Sequencing_Depth"	"Sequencing_Depth"	-0.591631501413057	-0.534932639053454	0.166587243944613	0.746094971470109	0.923086254903504	0.0078998629153381	0.104464558421264	NA	"abundance"	47	11
"MGYG000325450"	"Sequencing_Depth"	"Sequencing_Depth"	"Sequencing_Depth"	-0.596295926380498	-0.534932639053454	0.185947029591718	0.746479681129933	0.923104335115594	0.00577113327131999	0.0997319558965519	NA	"abundance"	47	20
"Lawsonibacter sp022793355"	"Sequencing_Depth"	"Sequencing_Depth"	"Sequencing_Depth"	-0.423851047956842	-0.534932639053454	0.340719762875773	0.747177494385714	0.92312949033746	0.00758322472714866	0.104276716676044	NA	"abundance"	47	31
"Duncaniella sp014801945"	"Sequencing_Depth"	"Sequencing_Depth"	"Sequencing_Depth"	-0.450200592062561	-0.534932639053454	0.260958109613541	0.748663383000901	0.923417210334264	0.00657139440693635	0.102020167783013	NA	"abundance"	47	28
"MGYG000325315"	"Sequencing_Depth"	"Sequencing_Depth"	"Sequencing_Depth"	-0.610312089389143	-0.534932639053454	0.232770687706075	0.749245923536057	0.923417210334264	0.0176151079181251	0.12861940368317	NA	"abundance"	47	30
"Paralachnospira sp910587905"	"Genotype"	"MUT"	"GenotypeMUT"	-0.0053771790384627	0.195151488441185	0.617017594819029	0.750175563648233	0.923620855424218	0.00866165810303444	0.104464558421264	NA	"abundance"	47	20
"COE1 sp910588595"	"Sequencing_Depth"	"Sequencing_Depth"	"Sequencing_Depth"	-0.37867424707594	-0.534932639053454	0.465178049937926	0.750611310710619	0.923747521152947	0.0111169106017989	0.109299881168944	NA	"abundance"	47	10
"Anaerotardibacter sp900753095"	"Sex"	"M"	"SexM"	-0.579011794291115	-0.415249466173014	0.51666366939919	0.755831552043532	0.926706294630669	0.00795754275712152	0.104464558421264	NA	"abundance"	47	22
"UBA3282 sp910578645"	"Sex"	"M"	"SexM"	-0.786909780318343	-0.415249466173014	1.16944427483545	0.756152498136498	0.926715458897969	0.0345767878940117	0.175155439850898	NA	"abundance"	47	17
"UBA3402 sp910586845"	"Sequencing_Depth"	"Sequencing_Depth"	"Sequencing_Depth"	-0.324314937416394	-0.534932639053454	0.660074301558157	0.756151438938382	0.926715458897969	0.0438181881530641	0.198784951133413	NA	"abundance"	47	15
"MGYG000328540"	"Sequencing_Depth"	"Sequencing_Depth"	"Sequencing_Depth"	-0.606552084097279	-0.534932639053454	0.228994451069254	0.757094543726519	0.927266834493496	0.0616152821128894	0.242616609456213	NA	"abundance"	47	33
"MGYG000411389"	"Sequencing_Depth"	"Sequencing_Depth"	"Sequencing_Depth"	-0.43791373982545	-0.534932639053454	0.309423933464193	0.757393380232023	0.927273953668338	0.0103182011201082	0.106621411574452	NA	"abundance"	47	24
"CAG-510 sp910577015"	"Sequencing_Depth"	"Sequencing_Depth"	"Sequencing_Depth"	-0.602385327574205	-0.534932639053454	0.212889964565777	0.758969027514302	0.928574323436694	0.0325057975415193	0.170934136167979	NA	"abundance"	47	14
"Parabacteroides merdae"	"Sequencing_Depth"	"Sequencing_Depth"	"Sequencing_Depth"	-0.635153704057804	-0.534932639053454	0.319135487191367	0.759065192454654	0.928602223455205	0.0145595964421904	0.119105587561808	NA	"abundance"	47	17
"Cryptobacteroides sp009774765"	"Sequencing_Depth"	"Sequencing_Depth"	"Sequencing_Depth"	-0.633004884539152	-0.534932639053454	0.31436934344254	0.759764423333829	0.928911945754929	0.0166513468143436	0.126370084185897	NA	"abundance"	47	19
"Duncaniella sp910587515"	"Sex"	"M"	"SexM"	-0.566814167062749	-0.415249466173014	0.489905789223879	0.759680260311499	0.928911945754929	0.0230400080900993	0.144367710266686	NA	"abundance"	47	37
"Zag111 sp910584405"	"Sequencing_Depth"	"Sequencing_Depth"	"Sequencing_Depth"	-0.646094810893634	-0.534932639053454	0.356480013784021	0.759841104988006	0.928911945754929	0.0168547156908278	0.12652598317515	NA	"abundance"	47	19
"MGYG000373138"	"Genotype"	"MUT"	"GenotypeMUT"	0.340937628879964	0.195151488441185	0.472888634586453	0.760518434915145	0.929122898287414	0.00275196797439272	0.0872724812632231	NA	"abundance"	47	34
"COE1 sp009774245"	"Sequencing_Depth"	"Sequencing_Depth"	"Sequencing_Depth"	-0.580541446307407	-0.534932639053454	0.144604197423816	0.761651371204692	0.929775117108066	0.0301719212348288	0.163790429560499	NA	"abundance"	47	13
"MGYG000325557"	"Sequencing_Depth"	"Sequencing_Depth"	"Sequencing_Depth"	-0.590469646116733	-0.534932639053454	0.180167378666642	0.761809163168341	0.929775117108066	0.00272187633761723	0.0872724812632231	NA	"abundance"	47	24
"CAG-485 sp910584545"	"Sex"	"M"	"SexM"	-0.283311867784813	-0.415249466173014	0.430082798288136	0.762130606107578	0.929853443552983	0.011597916086621	0.110775771486807	NA	"abundance"	47	34
"VSOB01 sp910587155"	"Sequencing_Depth"	"Sequencing_Depth"	"Sequencing_Depth"	-0.599496373858602	-0.534932639053454	0.211876767729924	0.764008628834116	0.930660751383741	0.00204718256169481	0.0792179785671185	NA	"abundance"	47	26
"CAG-485 sp014803765"	"Sequencing_Depth"	"Sequencing_Depth"	"Sequencing_Depth"	-0.440611729109809	-0.534932639053454	0.307829747815399	0.764722155773393	0.931292384816203	0.010082287683052	0.105260870522616	NA	"abundance"	47	17
"UBA3402 sp910579515"	"Sequencing_Depth"	"Sequencing_Depth"	"Sequencing_Depth"	-0.620357220228501	-0.534932639053454	0.279751511940306	0.764947008954761	0.931386998783125	0.00694323686671091	0.102029124248726	NA	"abundance"	47	19
"Phocaeicola sp011959205"	"Sequencing_Depth"	"Sequencing_Depth"	"Sequencing_Depth"	-0.475293634800463	-0.534932639053454	0.197646442165537	0.765518889127284	0.931807976928774	0.063196460690469	0.246780433237699	NA	"abundance"	47	35
"Clostridium_Q sp009911305"	"Genotype"	"MUT"	"GenotypeMUT"	0.644385445068518	0.195151488441185	1.4347696988763	0.766767413777014	0.932292648561716	0.0433588160523982	0.197461412279865	NA	"abundance"	47	10
"UBA2821 sp014799465"	"Sequencing_Depth"	"Sequencing_Depth"	"Sequencing_Depth"	-0.596488656503699	-0.534932639053454	0.205075462558485	0.766795604690791	0.932292648561716	0.00886896375197559	0.104562659028731	NA	"abundance"	47	31
"Pullibacteroides sp910578275"	"Sequencing_Depth"	"Sequencing_Depth"	"Sequencing_Depth"	-0.451592816529512	-0.534932639053454	0.27159492005431	0.769529082174855	0.932558969251047	0.00337921012580787	0.0914858855441843	NA	"abundance"	47	11
"MGBC120929 sp910583735"	"Sex"	"M"	"SexM"	0.15457512699603	-0.415249466173014	1.92216810633114	0.770929546784233	0.933195582212377	0.0131375962695561	0.116507566415587	NA	"abundance"	47	20
"Acutalibacter sp009917525"	"Sequencing_Depth"	"Sequencing_Depth"	"Sequencing_Depth"	-0.666385454381799	-0.534932639053454	0.45004320336562	0.772691712889185	0.933529490660953	0.0520753683384079	0.219593379002151	NA	"abundance"	47	29
"Duncaniella sp910586665"	"Sequencing_Depth"	"Sequencing_Depth"	"Sequencing_Depth"	-0.600930081986343	-0.534932639053454	0.227268751019889	0.773933905865943	0.933529490660953	0.0200517303246814	0.135525813476303	NA	"abundance"	47	35
"MGYG000323430"	"Sequencing_Depth"	"Sequencing_Depth"	"Sequencing_Depth"	-0.60928092770464	-0.534932639053454	0.25411761040673	0.774700814739083	0.933529490660953	0.00852352658868488	0.104464558421264	NA	"abundance"	47	18
"MGYG000324289"	"Genotype"	"MUT"	"GenotypeMUT"	-0.0798608041461971	0.195151488441185	0.947207958586041	0.773941279709328	0.933529490660953	0.00166067349568506	0.0752959993691244	NA	"abundance"	47	30
"MGYG000329180"	"Sequencing_Depth"	"Sequencing_Depth"	"Sequencing_Depth"	-0.463067916476867	-0.534932639053454	0.244265439513706	0.772509003691889	0.933529490660953	0.00424413515084162	0.0940361982637887	NA	"abundance"	47	22
"MGYG000337810"	"Genotype"	"MUT"	"GenotypeMUT"	0.0243135792422237	0.195151488441185	0.585045810353634	0.77302111142953	0.933529490660953	0.00955701984396299	0.104734567039662	NA	"abundance"	47	31
"UBA3282 sp910578115"	"Sequencing_Depth"	"Sequencing_Depth"	"Sequencing_Depth"	-0.63890516620075	-0.534932639053454	0.358004962665272	0.773919213907447	0.933529490660953	0.0382434392540031	0.183880699760064	NA	"abundance"	47	30
"Clostridioides difficile"	"Sequencing_Depth"	"Sequencing_Depth"	"Sequencing_Depth"	-0.480088097011799	-0.534932639053454	0.188152607029999	0.775383856078388	0.933676641004588	0.0140451807652291	0.117850168832316	NA	"abundance"	47	20
"Duncaniella sp910584825"	"Sex"	"M"	"SexM"	-0.208845718559581	0	0.731815483206419	0.775352802360814	0.933676641004588	0.0280499524321756	0.1573468760243	NA	"prevalence"	47	36
"MGYG000325469"	"Sequencing_Depth"	"Sequencing_Depth"	"Sequencing_Depth"	-0.473511661332104	-0.534932639053454	0.213771180941964	0.776280880219722	0.933833629812331	0.00413649464187639	0.0931106500916634	NA	"abundance"	47	34
"Limisoma sp000437795"	"Sex"	"M"	"SexM"	-0.528983460412605	-0.415249466173014	0.397946047975054	0.779284224563097	0.935436672785176	0.0089388030729561	0.104562659028731	NA	"abundance"	47	24
"Rikenella sp910577885"	"Sequencing_Depth"	"Sequencing_Depth"	"Sequencing_Depth"	-0.473286722852672	-0.534932639053454	0.217248617777648	0.779532870357565	0.935469005781765	0.0360870346453713	0.179495538967969	NA	"abundance"	47	30
"MGYG000410710"	"Sequencing_Depth"	"Sequencing_Depth"	"Sequencing_Depth"	-0.694720312014934	-0.534932639053454	0.55006117070876	0.779877215217315	0.935692091571503	0.00180864976253023	0.0765481228836149	NA	"abundance"	47	12
"MGYG000325605"	"Sequencing_Depth"	"Sequencing_Depth"	"Sequencing_Depth"	-0.648360951061861	-0.534932639053454	0.317396393650741	0.781636782768593	0.936370083306077	0.0313047153122855	0.167116108630841	NA	"abundance"	47	6
"MGYG000325392"	"Sequencing_Depth"	"Sequencing_Depth"	"Sequencing_Depth"	-0.684193037598461	-0.534932639053454	0.509715538670232	0.784176531398548	0.937486450174048	0.0233040673228019	0.144739145727209	NA	"abundance"	47	9
"Acetatifactor sp910578185"	"Sequencing_Depth"	"Sequencing_Depth"	"Sequencing_Depth"	-0.465333944153886	-0.534932639053454	0.250714693702631	0.78590575745674	0.937653102086984	0.050423442140243	0.217035764337159	NA	"abundance"	47	18
"CAG-582 sp910577075"	"Sequencing_Depth"	"Sequencing_Depth"	"Sequencing_Depth"	-0.630735394038294	-0.534932639053454	0.348625374527337	0.785528215073445	0.937653102086984	0.00357292838541844	0.0915908324787475	NA	"abundance"	47	33
"CAG-873 sp900555715"	"Sex"	"M"	"SexM"	-0.525948198850218	-0.415249466173014	0.400177049868619	0.785676317487173	0.937653102086984	0.0162993355932737	0.124878520185031	NA	"abundance"	47	27
"Enterococcus faecalis"	"Sex"	"M"	"SexM"	-0.970825212171853	-0.415249466173014	2.00568258548377	0.78608841370496	0.937653102086984	0.0598286444815822	0.238639311058591	NA	"abundance"	47	18
"MGYG000325515"	"Sequencing_Depth"	"Sequencing_Depth"	"Sequencing_Depth"	-0.589467240314505	-0.534932639053454	0.1975565778836	0.78639005622969	0.937653102086984	0.00238601219886295	0.0842360560638557	NA	"abundance"	47	21
"MGYG000328314"	"Sequencing_Depth"	"Sequencing_Depth"	"Sequencing_Depth"	-0.701461287940209	-0.534932639053454	0.534899649243867	0.785057598347976	0.937653102086984	0.012323785977061	0.113771825008754	NA	"abundance"	47	7
"Pelethomonas sp910587505"	"Sequencing_Depth"	"Sequencing_Depth"	"Sequencing_Depth"	-0.48035759852239	-0.534932639053454	0.19927669835304	0.787601607122079	0.938390544328998	0.00985688414045944	0.105076319492646	NA	"abundance"	47	24
"MGYG000410841"	"Sequencing_Depth"	"Sequencing_Depth"	"Sequencing_Depth"	-0.657933546471508	-0.534932639053454	0.448256055102751	0.788137318992138	0.938498794337017	0.0512806963400716	0.218593947841056	NA	"abundance"	47	18
"Anaerotignum sp910576545"	"Sequencing_Depth"	"Sequencing_Depth"	"Sequencing_Depth"	-0.457261444944552	-0.534932639053454	0.288039418813721	0.789643989732047	0.939050240789516	0.00658410528154353	0.102020167783013	NA	"abundance"	47	32
"Marseille-P3106 sp910588975"	"Sequencing_Depth"	"Sequencing_Depth"	"Sequencing_Depth"	-0.690731645756559	-0.534932639053454	0.575943487503217	0.789297685023708	0.939050240789516	0.0147919932677876	0.119896569285233	NA	"abundance"	47	27
"Mediterraneibacter_A sp022790755"	"Sex"	"M"	"SexM"	-0.846258919496952	-0.415249466173014	1.57352209764768	0.789219096941229	0.939050240789516	0.00343182827094327	0.0914858855441843	NA	"abundance"	47	16
"VSOB01 sp910589075"	"Sequencing_Depth"	"Sequencing_Depth"	"Sequencing_Depth"	-0.45220162460696	-0.534932639053454	0.296365928332226	0.789742250524252	0.939050240789516	0.0091897129134072	0.104562659028731	NA	"abundance"	47	11
"CAG-485 sp014801815"	"Sequencing_Depth"	"Sequencing_Depth"	"Sequencing_Depth"	-0.46739149856115	-0.534932639053454	0.25433150183804	0.793228716836402	0.939329113539853	0.0110193465973941	0.109111799220052	NA	"abundance"	47	28
"MGYG000327199"	"Sex"	"M"	"SexM"	-0.62437169284738	-0.415249466173014	0.777525317209114	0.793611595044101	0.939329113539853	0.0544163646444156	0.224658215716547	NA	"abundance"	47	15
"UBA3282 sp009774215"	"Sequencing_Depth"	"Sequencing_Depth"	"Sequencing_Depth"	-0.443549534599356	-0.534932639053454	0.342386385617125	0.791800100291348	0.939329113539853	0.00944651846788378	0.104562659028731	NA	"abundance"	47	30
"Acetatifactor sp910585665"	"Sequencing_Depth"	"Sequencing_Depth"	"Sequencing_Depth"	-0.647377937065911	-0.534932639053454	0.426333306113707	0.795363474968599	0.940067568044689	0.00787112592021466	0.104464558421264	NA	"abundance"	47	21
"Angelakisella sp013316495"	"Sequencing_Depth"	"Sequencing_Depth"	"Sequencing_Depth"	-0.435600111881319	-0.534932639053454	0.378399760842404	0.795708185901632	0.940179103239491	0.012289455836039	0.113693552158539	NA	"abundance"	47	24
"Bacteroides sp900765785"	"Sequencing_Depth"	"Sequencing_Depth"	"Sequencing_Depth"	-0.46009806681683	-0.534932639053454	0.285612910273079	0.795713282746458	0.940179103239491	0.0175738892663985	0.12861940368317	NA	"abundance"	47	29
"CAG-485 sp910584185"	"Sequencing_Depth"	"Sequencing_Depth"	"Sequencing_Depth"	-0.60797341136373	-0.534932639053454	0.279894816570123	0.796738745552651	0.940600544786929	0.0225572329323408	0.143667373804847	NA	"abundance"	47	27
"MGYG000322989"	"Sequencing_Depth"	"Sequencing_Depth"	"Sequencing_Depth"	-0.603958352511333	-0.534932639053454	0.259472423875766	0.796523190887517	0.940600544786929	0.00729970276069427	0.103765953329189	NA	"abundance"	47	14
"Parabacteroides faecavium"	"Sequencing_Depth"	"Sequencing_Depth"	"Sequencing_Depth"	-0.70563206564735	-0.534932639053454	0.518208036025173	0.797445391786949	0.940963627148966	0.0520600343112079	0.219593379002151	NA	"abundance"	47	5
"MGYG000328404"	"Sequencing_Depth"	"Sequencing_Depth"	"Sequencing_Depth"	-0.471768648673928	-0.534932639053454	0.24353863324251	0.799123727772139	0.941835022918039	0.0108126033983871	0.108865357293163	NA	"abundance"	47	20
"MGYG000329414"	"Genotype"	"MUT"	"GenotypeMUT"	0.054717941669447	0.195151488441185	0.54785414286437	0.800048316352114	0.942240226610329	0.0473098185552488	0.208394266000751	NA	"abundance"	47	33
"MGYG000322997"	"Sequencing_Depth"	"Sequencing_Depth"	"Sequencing_Depth"	-0.602588630002859	-0.534932639053454	0.265486254424606	0.800771084215066	0.942634893584388	0.0200517303246814	0.135525813476303	NA	"abundance"	47	35
"MGYG000388556"	"Sequencing_Depth"	"Sequencing_Depth"	"Sequencing_Depth"	-0.363613938473211	-0.534932639053454	0.659313645140885	0.800852200794382	0.942634893584388	0.0171487772038202	0.127563177276579	NA	"abundance"	47	14
"Anaerotardibacter sp000435675"	"Genotype"	"MUT"	"GenotypeMUT"	0.350029044918255	0.195151488441185	0.608850332443354	0.801833411068887	0.942668255489198	0.00587583629430372	0.10033536636344	NA	"abundance"	47	26
"CAG-485 sp900760815"	"Sex"	"M"	"SexM"	-0.288935901947432	-0.415249466173014	0.495789884337663	0.801419632719047	0.942668255489198	0.042145519930367	0.194296079326081	NA	"abundance"	47	33
"MGBC163490 sp910588075"	"Sequencing_Depth"	"Sequencing_Depth"	"Sequencing_Depth"	-0.74974562661471	-0.534932639053454	0.833399098951529	0.80180614519941	0.942668255489198	0.0168645784060299	0.12652598317515	NA	"abundance"	47	15
"UBA3263 sp014801955"	"Sequencing_Depth"	"Sequencing_Depth"	"Sequencing_Depth"	-0.594729180864409	-0.534932639053454	0.235757723595617	0.80216583133113	0.942668255489198	0.00873800714468347	0.104464558421264	NA	"abundance"	47	29
"Ventrimonas sp910588875"	"Sex"	"M"	"SexM"	-0.0459398684556811	-0.415249466173014	1.43117698764027	0.803036078462624	0.94293420048051	0.0351669638909921	0.176785277938501	NA	"abundance"	47	13
"MGYG000410724"	"Sequencing_Depth"	"Sequencing_Depth"	"Sequencing_Depth"	-0.440178757175159	-0.534932639053454	0.373432300951331	0.804162130567949	0.94320647226919	0.00873679026200392	0.104464558421264	NA	"abundance"	47	17
"Pelethomonas sp910579725"	"Sequencing_Depth"	"Sequencing_Depth"	"Sequencing_Depth"	-0.469716985205829	-0.534932639053454	0.259943373801131	0.804007350411725	0.94320647226919	0.00662236678167088	0.102020167783013	NA	"abundance"	47	30
"14-2 sp910580195"	"Sequencing_Depth"	"Sequencing_Depth"	"Sequencing_Depth"	-0.480778580095842	-0.534932639053454	0.215261906562548	0.804899978223992	0.943722112297082	0.00534229890211336	0.0992840117782243	NA	"abundance"	47	21
"UBA1405 sp022800935"	"Sex"	"M"	"SexM"	-0.215562106608103	0	0.873649196341196	0.805111304830527	0.943762296365959	0.00210328535518376	0.0792179785671185	NA	"prevalence"	47	40
"CAG-1031 sp000431215"	"Sequencing_Depth"	"Sequencing_Depth"	"Sequencing_Depth"	-0.48880856076724	-0.534932639053454	0.187616173353866	0.807967419584971	0.944296144728826	0.0138359698511255	0.117426217090615	NA	"abundance"	47	34
"Duncaniella sp910578615"	"Sequencing_Depth"	"Sequencing_Depth"	"Sequencing_Depth"	-0.414115122848309	-0.534932639053454	0.497514587557758	0.809876292797399	0.944296144728826	0.0485843826037538	0.212234740613708	NA	"abundance"	47	34
"Dysosmobacter sp000403435"	"Sequencing_Depth"	"Sequencing_Depth"	"Sequencing_Depth"	-0.472646708665256	-0.534932639053454	0.256431942532004	0.80961411739746	0.944296144728826	0.050958936941724	0.218157338766872	NA	"abundance"	47	38
"Eubacterium_F sp910575665"	"Sequencing_Depth"	"Sequencing_Depth"	"Sequencing_Depth"	-0.596229777841978	-0.534932639053454	0.25919403179392	0.814698821300776	0.944296144728826	0.0241716492762069	0.146060981620493	NA	"abundance"	47	38
"MGYG000322940"	"Sequencing_Depth"	"Sequencing_Depth"	"Sequencing_Depth"	-0.409961705230555	-0.534932639053454	0.470966222108512	0.815583801318626	0.944296144728826	0.0543567430323016	0.224543226038754	NA	"abundance"	47	7
"MGYG000326866"	"Sequencing_Depth"	"Sequencing_Depth"	"Sequencing_Depth"	-0.490574902184272	-0.534932639053454	0.186740854246182	0.81432755630977	0.944296144728826	0.0488594141124482	0.212646760435212	NA	"abundance"	47	35
"MGYG000328916"	"Sequencing_Depth"	"Sequencing_Depth"	"Sequencing_Depth"	-0.627076959937915	-0.534932639053454	0.376680428382384	0.808818013780695	0.944296144728826	0.0262059996969954	0.151174599170919	NA	"abundance"	47	30
"Paralachnospira sp910587905"	"Sequencing_Depth"	"Sequencing_Depth"	"Sequencing_Depth"	-0.457621188191324	-0.534932639053454	0.319418810346294	0.812088075887446	0.944296144728826	0.0317879320764122	0.16877381627216	NA	"abundance"	47	20
"UBA11957 sp910588295"	"Sequencing_Depth"	"Sequencing_Depth"	"Sequencing_Depth"	-0.599353005188853	-0.534932639053454	0.274716410896744	0.816201767279914	0.944296144728826	0.0362504709315103	0.179855291716545	NA	"abundance"	47	39
"UBA3282 sp910579395"	"Sex"	"M"	"SexM"	-0.247343780669544	-0.415249466173014	0.685264738328475	0.810543961697758	0.944296144728826	0.0385888002463134	0.184809193314707	NA	"abundance"	47	18
"Ventrimonas sp910584845"	"Sequencing_Depth"	"Sequencing_Depth"	"Sequencing_Depth"	-0.609787995441019	-0.534932639053454	0.299164230776895	0.808202611637751	0.944296144728826	0.00377933149045255	0.0924413033859377	NA	"abundance"	47	14
"MGYG000373138"	"Sequencing_Depth"	"Sequencing_Depth"	"Sequencing_Depth"	0.118655100530149	0	0.493506016635916	0.809994647650838	0.944296144728826	0.00734426656767549	0.103765953329189	NA	"prevalence"	47	34
"Ventrimonas sp910588125"	"Sex"	"M"	"SexM"	-0.182297873271497	0	0.771449380982188	0.813195477005404	0.944296144728826	0.0503042865530002	0.216667091624988	NA	"prevalence"	47	18
"Muribaculum sp910578835"	"Sequencing_Depth"	"Sequencing_Depth"	"Sequencing_Depth"	-0.579992736352082	-0.534932639053454	0.192561334161847	0.816936893580558	0.944397113267804	0.0265943171076025	0.152571942627057	NA	"abundance"	47	37
"MGYG000325431"	"Sex"	"M"	"SexM"	-0.540821994933938	-0.415249466173014	0.538501899008598	0.817777155935576	0.944751904051086	0.0144921670229386	0.119105587561808	NA	"abundance"	47	32
"Paralachnospira_A sp910579325"	"Sequencing_Depth"	"Sequencing_Depth"	"Sequencing_Depth"	-0.610737679341055	-0.534932639053454	0.325900416746192	0.819727957228378	0.944751904051086	0.0571575885692754	0.23132656178963	NA	"abundance"	47	18
"Pelethomonas sp014237695"	"Sequencing_Depth"	"Sequencing_Depth"	"Sequencing_Depth"	-0.440295644441401	-0.534932639053454	0.411392929204934	0.819673271725784	0.944751904051086	0.0549988017261152	0.22693025720968	NA	"abundance"	47	36
"Enterousia sp013316395"	"Genotype"	"MUT"	"GenotypeMUT"	0.0394495867457726	0.195151488441185	0.674749035446502	0.82048678157788	0.945101618091984	0.0233476826363443	0.144740937295741	NA	"abundance"	47	23
"MGYG000323872"	"Sequencing_Depth"	"Sequencing_Depth"	"Sequencing_Depth"	-0.60162740230072	-0.534932639053454	0.2857588226388	0.820830625731352	0.945126162565599	0.00188028358238208	0.0767121323328136	NA	"abundance"	47	14
"MGYG000325583"	"Sequencing_Depth"	"Sequencing_Depth"	"Sequencing_Depth"	-0.421967743745779	-0.534932639053454	0.473003787927373	0.820755080809013	0.945126162565599	0.0133077873410192	0.117052310066257	NA	"abundance"	47	10
"MGYG000327533"	"Sequencing_Depth"	"Sequencing_Depth"	"Sequencing_Depth"	-0.706092948000495	-0.534932639053454	0.740965257411006	0.820881421334033	0.945126162565599	0.0101439499478121	0.10559269253481	NA	"abundance"	47	18
"MGYG000325584"	"Sequencing_Depth"	"Sequencing_Depth"	"Sequencing_Depth"	-0.604342420255486	-0.534932639053454	0.30332377107122	0.824783413865966	0.946561527604279	0.0308020543187579	0.165561425954637	NA	"abundance"	47	13
"Pelethomonas sp910587645"	"Sequencing_Depth"	"Sequencing_Depth"	"Sequencing_Depth"	-0.479310745317059	-0.534932639053454	0.251610010436158	0.826839217152829	0.946561527604279	0.00567715529716592	0.0997319558965519	NA	"abundance"	47	33
"UBA3282 sp910587095"	"Sequencing_Depth"	"Sequencing_Depth"	"Sequencing_Depth"	-0.48581627161869	-0.534932639053454	0.215810675336384	0.823777986821554	0.946561527604279	0.00587880769007694	0.10033536636344	NA	"abundance"	47	18
"MGBC105563 sp910579165"	"Site"	"Jejunum"	"SiteJejunum"	0.197732796507451	0	0.903708867755905	0.826804729491277	0.946561527604279	0.0336973933556832	0.173626171234114	NA	"prevalence"	47	39
"MGYG000325375"	"Site"	"Jejunum"	"SiteJejunum"	-0.165962104726884	0	0.753710803929976	0.825720577665788	0.946561527604279	0.0232570164613127	0.144701225658942	NA	"prevalence"	47	10
"MGYG000335786"	"Site"	"Jejunum"	"SiteJejunum"	0.160261612097034	0	0.729359667111633	0.826082066405062	0.946561527604279	0.0485398635062538	0.212234740613708	NA	"prevalence"	47	32
"UBA7173 sp910585755"	"Sequencing_Depth"	"Sequencing_Depth"	"Sequencing_Depth"	-0.586341922005024	-0.534932639053454	0.236116207740991	0.829577537526652	0.947569063362588	0.00695553424089469	0.102029124248726	NA	"abundance"	47	32
"Coproplasma sp910577375"	"Sequencing_Depth"	"Sequencing_Depth"	"Sequencing_Depth"	-0.613208706411045	-0.534932639053454	0.359611977006098	0.829949578417686	0.947893328846979	0.0100723652672596	0.105260870522616	NA	"abundance"	47	25
"Kineothrix sp910576535"	"Genotype"	"MUT"	"GenotypeMUT"	0.0662584814294738	0.195151488441185	0.602711992402655	0.832387403010317	0.949563784003658	0.0293031346948579	0.161429895575413	NA	"abundance"	47	34
"Acetatifactor sp910589655"	"Sequencing_Depth"	"Sequencing_Depth"	"Sequencing_Depth"	-0.599713734805233	-0.534932639053454	0.305032018203114	0.83336249796759	0.950247950569656	0.00913307503936151	0.104562659028731	NA	"abundance"	47	35
"Bariatricus sp022793995"	"Sequencing_Depth"	"Sequencing_Depth"	"Sequencing_Depth"	-0.589110321958809	-0.534932639053454	0.256738233417528	0.834839419211231	0.951242576232562	0.044000647242812	0.199101520302302	NA	"abundance"	47	28
"MGYG000325575"	"Sequencing_Depth"	"Sequencing_Depth"	"Sequencing_Depth"	-0.477366952652053	-0.534932639053454	0.273248579722664	0.835423903751046	0.951519704487651	0.0340080308211808	0.174180262205874	NA	"abundance"	47	24
"UBA2882 sp910574745"	"Sequencing_Depth"	"Sequencing_Depth"	"Sequencing_Depth"	-0.628698090633564	-0.534932639053454	0.445710553782289	0.83523457043658	0.951519704487651	0.0119530310845888	0.11220699251487	NA	"abundance"	47	28
"Enterenecus sp910587255"	"Sequencing_Depth"	"Sequencing_Depth"	"Sequencing_Depth"	-0.486629299666377	-0.534932639053454	0.236067478201852	0.839550849025854	0.953439318766308	0.00450399326133261	0.0960419925491602	NA	"abundance"	47	32
"MGYG000331229"	"Sequencing_Depth"	"Sequencing_Depth"	"Sequencing_Depth"	-0.457529689293282	-0.534932639053454	0.372764863545034	0.840110332227039	0.953796171215469	0.00652043210850844	0.102020167783013	NA	"abundance"	47	14
"CAG-873 sp910583525"	"Sequencing_Depth"	"Sequencing_Depth"	"Sequencing_Depth"	-0.578534365461705	-0.534932639053454	0.213947524085226	0.840770635702543	0.954026814729724	0.0267275880213371	0.152964042214422	NA	"abundance"	47	26
"MGBC157735 sp910588155"	"Sequencing_Depth"	"Sequencing_Depth"	"Sequencing_Depth"	-0.429664463449994	-0.534932639053454	0.515288502075074	0.841024428350777	0.954067736876945	0.0125597108385177	0.114431430947284	NA	"abundance"	47	19
"MGYG000323124"	"Sex"	"M"	"SexM"	-0.578590071022242	-0.415249466173014	0.806010350714263	0.84320239044914	0.955357667231043	0.0096371699895524	0.105011306048049	NA	"abundance"	47	16
"MGYG000325620"	"Sequencing_Depth"	"Sequencing_Depth"	"Sequencing_Depth"	-0.58354995096998	-0.534932639053454	0.243297508937689	0.843635911707796	0.955677767173553	0.0107774354012407	0.108682122149648	NA	"abundance"	47	28
"CAG-510 sp910578335"	"Sequencing_Depth"	"Sequencing_Depth"	"Sequencing_Depth"	-0.593254673730789	-0.534932639053454	0.295058508297932	0.846437369788504	0.956950249426655	0.0126150094421704	0.114752749983604	NA	"abundance"	47	18
"Angelakisella sp910585525"	"Sex"	"M"	"SexM"	-0.0958487745728506	-0.415249466173014	1.6186546565855	0.847207857302729	0.957581664232337	0.00335216483244977	0.0914858855441843	NA	"abundance"	47	16
"CAG-873 sp910586995"	"Sequencing_Depth"	"Sequencing_Depth"	"Sequencing_Depth"	-0.577438332929802	-0.534932639053454	0.219349021970286	0.847919829643821	0.95787319978862	0.0169718365409105	0.126804377030819	NA	"abundance"	47	33
"MGYG000410353"	"Sequencing_Depth"	"Sequencing_Depth"	"Sequencing_Depth"	-0.607573891571373	-0.534932639053454	0.374635964580261	0.847805684497145	0.95787319978862	0.0642400441065315	0.248557458210716	NA	"abundance"	47	31
"Duncaniella sp001701225"	"Sequencing_Depth"	"Sequencing_Depth"	"Sequencing_Depth"	-0.573552396481868	-0.534932639053454	0.199225969240613	0.84854375476673	0.958406964204271	0.0327771758234814	0.171628301359233	NA	"abundance"	47	26
"Butyricimonas virosa"	"Sex"	"M"	"SexM"	-0.555356265942215	-0.415249466173014	0.72625517575401	0.848780704163461	0.958503537630572	0.0128388567283508	0.115598776249661	NA	"abundance"	47	30
"MGYG000330582"	"Sequencing_Depth"	"Sequencing_Depth"	"Sequencing_Depth"	-0.511839883250708	-0.534932639053454	0.119374231385141	0.849468169033885	0.959018283071783	0.00108756399638846	0.0610103866648535	NA	"abundance"	47	27
"UBA7173 sp910579105"	"Sequencing_Depth"	"Sequencing_Depth"	"Sequencing_Depth"	-0.578837926230186	-0.534932639053454	0.228870571779411	0.849732058061641	0.959031603427476	0.0113195085040358	0.109438753402103	NA	"abundance"	47	29
"Choladocola sp910585995"	"Sequencing_Depth"	"Sequencing_Depth"	"Sequencing_Depth"	-0.6271730187034	-0.534932639053454	0.483261552748875	0.850122060838194	0.959077098581984	0.0327522215773269	0.171628301359233	NA	"abundance"	47	31
"14-2 sp910585625"	"Sequencing_Depth"	"Sequencing_Depth"	"Sequencing_Depth"	-0.298080641240001	-0.534932639053454	1.21289138707223	0.851605014018403	0.959215653031148	0.0296748201183043	0.161987961322771	NA	"abundance"	47	11
"CAG-317 sp011960265"	"Sequencing_Depth"	"Sequencing_Depth"	"Sequencing_Depth"	-0.571377836765973	-0.534932639053454	0.19298065395063	0.851813845433939	0.959215653031148	0.00873415396457176	0.104464558421264	NA	"abundance"	47	33
"Lactiplantibacillus plantarum"	"Sequencing_Depth"	"Sequencing_Depth"	"Sequencing_Depth"	-0.494532498396352	-0.534932639053454	0.212612158502597	0.85162488685223	0.959215653031148	0.0119541405438168	0.11220699251487	NA	"abundance"	47	23
"Marseille-P3106 sp022792495"	"Sequencing_Depth"	"Sequencing_Depth"	"Sequencing_Depth"	-0.481388955358699	-0.534932639053454	0.280834979567293	0.852366698158821	0.959215653031148	0.0160158850402918	0.124459032721237	NA	"abundance"	47	16
"MGYG000322990"	"Sequencing_Depth"	"Sequencing_Depth"	"Sequencing_Depth"	-0.491583324398359	-0.534932639053454	0.225650198386895	0.850438377010566	0.959215653031148	0.00427942277568026	0.0945217505578376	NA	"abundance"	47	20
"MGYG000325436"	"Sequencing_Depth"	"Sequencing_Depth"	"Sequencing_Depth"	-0.574129235459229	-0.534932639053454	0.207364507893279	0.851634795432822	0.959215653031148	0.0138571696468083	0.117426217090615	NA	"abundance"	47	33
"MGYG000356933"	"Sequencing_Depth"	"Sequencing_Depth"	"Sequencing_Depth"	-0.577725032113605	-0.534932639053454	0.223231524720285	0.852053595924943	0.959215653031148	0.056380937264173	0.229292961906216	NA	"abundance"	47	15
"UBA4372 sp023665805"	"Sequencing_Depth"	"Sequencing_Depth"	"Sequencing_Depth"	-0.455164957824384	-0.534932639053454	0.419691916371043	0.850524477315954	0.959215653031148	0.0354401879007627	0.177150811939597	NA	"abundance"	47	36
"MGYG000329929"	"Sequencing_Depth"	"Sequencing_Depth"	"Sequencing_Depth"	-0.578987613729939	-0.534932639053454	0.222142254761456	0.852553439842455	0.959255239246738	0.0436113411060924	0.198355829432343	NA	"abundance"	47	9
"MGYG000376875"	"Sequencing_Depth"	"Sequencing_Depth"	"Sequencing_Depth"	-0.65972440099194	-0.534932639053454	0.644191842124339	0.852796001003684	0.959314293464408	0.0223261989926597	0.143065797352782	NA	"abundance"	47	11
"Megamonas funiformis"	"Sequencing_Depth"	"Sequencing_Depth"	"Sequencing_Depth"	-0.474357737416272	-0.534932639053454	0.325268018213774	0.854149861065743	0.959723780076357	0.0597150018181683	0.238455159802719	NA	"abundance"	47	26
"MGYG000410945"	"Sequencing_Depth"	"Sequencing_Depth"	"Sequencing_Depth"	-0.585112185821945	-0.534932639053454	0.271170343964808	0.854886477892275	0.960002930904934	0.00889239049376383	0.104562659028731	NA	"abundance"	47	28
"Butyricicoccus sp910584935"	"Genotype"	"MUT"	"GenotypeMUT"	0.0382832782719708	0.195151488441185	0.884054145366495	0.860800903296162	0.960230577171209	0.00211074328651296	0.0792179785671185	NA	"abundance"	47	29
"CAG-95 sp910577445"	"Sequencing_Depth"	"Sequencing_Depth"	"Sequencing_Depth"	-0.45850514784196	-0.534932639053454	0.440222699607944	0.865295513602087	0.960230577171209	0.0385246148977261	0.184729971572	NA	"abundance"	47	16
"CAG-95 sp910585005"	"Sequencing_Depth"	"Sequencing_Depth"	"Sequencing_Depth"	-0.448599474421544	-0.534932639053454	0.496721348217432	0.863337764274839	0.960230577171209	0.0128379528625542	0.115598776249661	NA	"abundance"	47	32
"Copromonas sp910585355"	"Sequencing_Depth"	"Sequencing_Depth"	"Sequencing_Depth"	-0.569780858785683	-0.534932639053454	0.187156969730858	0.856678346491355	0.960230577171209	0.00823533735503706	0.104464558421264	NA	"abundance"	47	14
"Duncaniella sp014802015"	"Sequencing_Depth"	"Sequencing_Depth"	"Sequencing_Depth"	-0.486574331858527	-0.534932639053454	0.268968167518191	0.859258026206273	0.960230577171209	0.00558294597994286	0.0997319558965519	NA	"abundance"	47	26
"Dysosmobacter sp022795445"	"Sequencing_Depth"	"Sequencing_Depth"	"Sequencing_Depth"	-0.465562416501222	-0.534932639053454	0.382558385985418	0.857776042923825	0.960230577171209	0.00814787586337563	0.104464558421264	NA	"abundance"	47	28
"Enterocloster aldenensis"	"Sequencing_Depth"	"Sequencing_Depth"	"Sequencing_Depth"	-0.501190494966899	-0.534932639053454	0.195439866027508	0.864861599189297	0.960230577171209	0.00644388531818643	0.102020167783013	NA	"abundance"	47	27
"Kineothrix sp000403275"	"Sequencing_Depth"	"Sequencing_Depth"	"Sequencing_Depth"	-0.494472102712696	-0.534932639053454	0.223796547558056	0.858172689722093	0.960230577171209	0.00353297712266768	0.0915908324787475	NA	"abundance"	47	30
"Lawsonibacter sp000492175"	"Sequencing_Depth"	"Sequencing_Depth"	"Sequencing_Depth"	-0.48825596427434	-0.534932639053454	0.265147379328069	0.861902639351425	0.960230577171209	0.0062290695825861	0.101444847487831	NA	"abundance"	47	28
"Marvinbryantia sp900550755"	"Sex"	"M"	"SexM"	-0.288956507847542	-0.415249466173014	0.676808615208763	0.855501803010826	0.960230577171209	0.00811399065132047	0.104464558421264	NA	"abundance"	47	16
"MGYG000324257"	"Sequencing_Depth"	"Sequencing_Depth"	"Sequencing_Depth"	-0.44567313667142	-0.534932639053454	0.48610004156308	0.856196216679757	0.960230577171209	0.00866854043336582	0.104464558421264	NA	"abundance"	47	25
"MGYG000326008"	"Sequencing_Depth"	"Sequencing_Depth"	"Sequencing_Depth"	-0.582485476568463	-0.534932639053454	0.259027044496647	0.857445900860979	0.960230577171209	0.0183810319109498	0.130047180727321	NA	"abundance"	47	18
"MGYG000329398"	"Sequencing_Depth"	"Sequencing_Depth"	"Sequencing_Depth"	-0.487147170871246	-0.534932639053454	0.252828804769156	0.856449611585087	0.960230577171209	0.0182549291173763	0.129930181678113	NA	"abundance"	47	11
"MGYG000331110"	"Sequencing_Depth"	"Sequencing_Depth"	"Sequencing_Depth"	-0.57679516845768	-0.534932639053454	0.226655062284054	0.859738760739739	0.960230577171209	0.00669741905083728	0.102020167783013	NA	"abundance"	47	11
"MGYG000345714"	"Sequencing_Depth"	"Sequencing_Depth"	"Sequencing_Depth"	-0.572115125584171	-0.534932639053454	0.21639783266574	0.8653662074688	0.960230577171209	0.0138573554548972	0.117426217090615	NA	"abundance"	47	28
"Paramuribaculum sp910578305"	"Sequencing_Depth"	"Sequencing_Depth"	"Sequencing_Depth"	-0.494121954159626	-0.534932639053454	0.229918781352709	0.86047020261277	0.960230577171209	0.0271089895156378	0.15402438737663	NA	"abundance"	47	37
"UBA3402 sp910585435"	"Genotype"	"MUT"	"GenotypeMUT"	0.0734599918744028	0.195151488441185	0.673084449639426	0.859039888484855	0.960230577171209	0.0203195606052359	0.135731104649461	NA	"abundance"	47	20
"MGYG000325533"	"Site"	"Jejunum"	"SiteJejunum"	-0.148566459430392	0	0.857453029082045	0.862443261534801	0.960230577171209	0.0409643846262629	0.190986012397886	NA	"prevalence"	47	6
"CAG-485 sp910589425"	"Sequencing_Depth"	"Sequencing_Depth"	"Sequencing_Depth"	-0.494422611110062	-0.534932639053454	0.23890636303735	0.866798382304261	0.960512468108845	0.015434242567636	0.121887403874918	NA	"abundance"	47	31
"CAG-873 sp910576775"	"Sequencing_Depth"	"Sequencing_Depth"	"Sequencing_Depth"	-0.574501569658138	-0.534932639053454	0.235558374224917	0.868081637386843	0.961021300641701	0.0231885740334688	0.14467350574768	NA	"abundance"	47	35
"MGYG000409996"	"Sequencing_Depth"	"Sequencing_Depth"	"Sequencing_Depth"	-0.4527187556144	-0.534932639053454	0.484271578699386	0.867504313683324	0.961021300641701	0.016335348921231	0.124878520185031	NA	"abundance"	47	20
"MGYG000323430"	"Genotype"	"MUT"	"GenotypeMUT"	0.294762293029331	0.195151488441185	0.594159167098048	0.86948090531765	0.961632966318113	0.0463529522270339	0.205534922422005	NA	"abundance"	47	18
"MGYG000325710"	"Sex"	"M"	"SexM"	-0.504654114580254	-0.415249466173014	0.538508084596933	0.869743055566647	0.961742358798838	0.0493652435961559	0.214034871641648	NA	"abundance"	47	29
"Akkermansia muciniphila_B"	"Sex"	"M"	"SexM"	-0.14584640618731	0	0.890158944653444	0.869854656626209	0.961742358798838	0.0124766052954912	0.114431430947284	NA	"prevalence"	47	41
"Enterenecus sp910584835"	"Sequencing_Depth"	"Sequencing_Depth"	"Sequencing_Depth"	-0.496005965926019	-0.534932639053454	0.235269972270365	0.870106338177903	0.96190445665117	0.0256748915988117	0.149975317206943	NA	"abundance"	47	29
"MGYG000410140"	"Genotype"	"MUT"	"GenotypeMUT"	0.295939150071142	0.195151488441185	0.609373951061099	0.870606023689059	0.962247781711422	0.0178616529940394	0.129616184149764	NA	"abundance"	47	23
"Acutalibacter sp910588415"	"Sequencing_Depth"	"Sequencing_Depth"	"Sequencing_Depth"	-0.58339108713577	-0.534932639053454	0.293386027105981	0.870916068362597	0.962275097019235	0.0613739176996437	0.242197388171251	NA	"abundance"	47	21
"CAG-485 sp014801815"	"Genotype"	"MUT"	"GenotypeMUT"	0.118225648524285	0	0.733321710541969	0.871920642436582	0.962649061662647	0.0437945231129694	0.198784951133413	NA	"prevalence"	47	28
"Coproplasma sp910586065"	"Sex"	"M"	"SexM"	-0.32343455463023	-0.415249466173014	0.567256831290124	0.873039122388032	0.962765330363573	0.00919652208905712	0.104562659028731	NA	"abundance"	47	29
"Coproplasma sp910577555"	"Sequencing_Depth"	"Sequencing_Depth"	"Sequencing_Depth"	-0.473785060281339	-0.534932639053454	0.368381832736087	0.873661272773713	0.962858986694606	0.026222419154435	0.151174599170919	NA	"abundance"	47	11
"MGYG000329051"	"Genotype"	"MUT"	"GenotypeMUT"	0.433061374207077	0.195151488441185	1.45146447041685	0.87387752998454	0.962858986694606	0.0127115573861754	0.115293704372234	NA	"abundance"	47	13
"Ventrimonas sp910588125"	"Sequencing_Depth"	"Sequencing_Depth"	"Sequencing_Depth"	-0.562884571173407	-0.534932639053454	0.172327030891104	0.873918904807592	0.962858986694606	0.00343894543387302	0.0914858855441843	NA	"abundance"	47	18
"Avispirillum sp011957885"	"Sequencing_Depth"	"Sequencing_Depth"	"Sequencing_Depth"	-0.599962464363045	-0.534932639053454	0.407585347754892	0.874470497456799	0.963112116663026	0.0636937496306394	0.247491711044178	NA	"abundance"	47	31
"Odoribacter sp910578985"	"Sequencing_Depth"	"Sequencing_Depth"	"Sequencing_Depth"	-0.580614516294378	-0.534932639053454	0.286577024022387	0.87608731562953	0.964049797646188	0.00196432652178516	0.077999212674031	NA	"abundance"	47	17
"COE1 sp014239155"	"Genotype"	"MUT"	"GenotypeMUT"	0.279292670176099	0.195151488441185	0.5332744600141	0.877509290562716	0.964515282693794	0.0116882708720601	0.111133925647952	NA	"abundance"	47	17
"CAG-485 sp910585275"	"Sex"	"M"	"SexM"	-0.484718894723424	-0.415249466173014	0.447625352323743	0.878340305008759	0.964972347884453	0.036387648902049	0.180082502069725	NA	"abundance"	47	33
"Lawsonibacter sp009911645"	"Sequencing_Depth"	"Sequencing_Depth"	"Sequencing_Depth"	-0.57776057887752	-0.534932639053454	0.283875520284369	0.8811743108265	0.966369685443258	0.00876449959589838	0.104464558421264	NA	"abundance"	47	34
"MGYG000329105"	"Sequencing_Depth"	"Sequencing_Depth"	"Sequencing_Depth"	-0.582250995808728	-0.534932639053454	0.305270568144705	0.881258202228927	0.966369685443258	0.0145239475595885	0.119105587561808	NA	"abundance"	47	12
"Flavonifractor plautii"	"Sequencing_Depth"	"Sequencing_Depth"	"Sequencing_Depth"	-0.596086505090872	-0.534932639053454	0.40253521435551	0.88227329559903	0.966679352203453	0.00858250788635535	0.104464558421264	NA	"abundance"	47	15
"MGYG000325747"	"Sequencing_Depth"	"Sequencing_Depth"	"Sequencing_Depth"	-0.499731236310196	-0.534932639053454	0.234852801794025	0.882541071509218	0.966679352203453	0.00697507612774751	0.102029124248726	NA	"abundance"	47	25
"MGYG000325342"	"Sequencing_Depth"	"Sequencing_Depth"	"Sequencing_Depth"	-0.495824809130743	-0.534932639053454	0.261789070876894	0.882990427274408	0.966859241214486	0.0551302810948155	0.227051453453501	NA	"abundance"	47	23
"Choladocola sp910583895"	"Sequencing_Depth"	"Sequencing_Depth"	"Sequencing_Depth"	-0.564830449903442	-0.534932639053454	0.205094755344599	0.885847665253884	0.96862313147171	0.00500049756752499	0.097327988084125	NA	"abundance"	47	23
"MGYG000325657"	"Sequencing_Depth"	"Sequencing_Depth"	"Sequencing_Depth"	-0.591629277210801	-0.534932639053454	0.37096891847751	0.888288361547721	0.969812323302484	0.00608545898454485	0.10094081032036	NA	"abundance"	47	8
"Ventrimonas sp910577765"	"Sequencing_Depth"	"Sequencing_Depth"	"Sequencing_Depth"	-0.596306012904996	-0.534932639053454	0.434455031192024	0.888652265009364	0.970025209889906	0.0143891463402068	0.11908956245033	NA	"abundance"	47	34
"MGYG000325676"	"Sex"	"M"	"SexM"	-0.32934542433702	-0.415249466173014	0.609045937385549	0.889187726711604	0.970082150836808	0.00182426592694992	0.0766235254469202	NA	"abundance"	47	30
"MGYG000393816"	"Sequencing_Depth"	"Sequencing_Depth"	"Sequencing_Depth"	-0.485090092216282	-0.534932639053454	0.348472127163393	0.88943549469864	0.970082150836808	0.0329729807715596	0.17184313946432	NA	"abundance"	47	14
"MGYG000325671"	"Sex"	"M"	"SexM"	0.104514872259906	0	0.752491988761517	0.889535750099766	0.970082150836808	0.0353898487153015	0.177150811939597	NA	"prevalence"	47	17
"Mailhella excrementigallinarum"	"Site"	"Jejunum"	"SiteJejunum"	0.124862018437994	0	0.920729893603706	0.892128021811727	0.971319155349461	0.0417287167239893	0.193022624218034	NA	"prevalence"	47	32
"CAG-267 sp910576955"	"Sequencing_Depth"	"Sequencing_Depth"	"Sequencing_Depth"	-0.493740999415373	-0.534932639053454	0.270247330045353	0.892980120612268	0.971912499287196	0.0318579101420433	0.168921011915951	NA	"abundance"	47	7
"Ventrimonas sp910577765"	"Sex"	"M"	"SexM"	-0.100342206928457	0	0.748875526854454	0.893410085911732	0.972213279528087	0.0524280176301371	0.219821492852179	NA	"prevalence"	47	34
"Bacteroides uniformis"	"Sequencing_Depth"	"Sequencing_Depth"	"Sequencing_Depth"	-0.499057801056802	-0.534932639053454	0.268563736635629	0.89489778806636	0.972737906293091	0.0423043121499953	0.194539283198547	NA	"abundance"	47	32
"Bacteroides sp910585845"	"Sequencing_Depth"	"Sequencing_Depth"	"Sequencing_Depth"	-0.508702738199961	-0.534932639053454	0.198990793897924	0.896213612079617	0.973255997057635	0.0385934308619846	0.184809193314707	NA	"abundance"	47	35
"MGYG000388556"	"Genotype"	"MUT"	"GenotypeMUT"	0.0942237696116605	0	0.730239956099806	0.897332926706717	0.973804993183145	0.0352411780408947	0.176866538836849	NA	"prevalence"	47	14
"CAG-485 sp910583775"	"Sequencing_Depth"	"Sequencing_Depth"	"Sequencing_Depth"	-0.498783966080981	-0.534932639053454	0.278020752250461	0.897624288847748	0.973916709934419	0.0188521909214926	0.130891243058065	NA	"abundance"	47	31
"Eubacterium_F sp910577295"	"Sequencing_Depth"	"Sequencing_Depth"	"Sequencing_Depth"	-0.468925531837563	-0.534932639053454	0.50488935153602	0.901067185817277	0.975062365391887	0.00921595450246107	0.104562659028731	NA	"abundance"	47	10
"MGYG000330154"	"Sequencing_Depth"	"Sequencing_Depth"	"Sequencing_Depth"	-0.584965831232443	-0.534932639053454	0.354727598444842	0.900803696364695	0.975062365391887	0.00833102129614237	0.104464558421264	NA	"abundance"	47	7
"MGYG000347897"	"Sex"	"M"	"SexM"	-0.480549907982498	-0.415249466173014	0.519624693057822	0.901035591334739	0.975062365391887	0.0528085895703848	0.221120326471256	NA	"abundance"	47	34
"MGYG000409933"	"Sequencing_Depth"	"Sequencing_Depth"	"Sequencing_Depth"	-0.508823595672993	-0.534932639053454	0.203816491695147	0.900628667222434	0.975062365391887	0.00365640600084039	0.0918133200197261	NA	"abundance"	47	16
"1XD8-76 sp022799355"	"Sequencing_Depth"	"Sequencing_Depth"	"Sequencing_Depth"	-0.50073334175395	-0.534932639053454	0.26604149894728	0.902800774448484	0.975371608211953	0.0220224786379996	0.141472119446287	NA	"abundance"	47	10
"UBA3282 sp009774585"	"Sequencing_Depth"	"Sequencing_Depth"	"Sequencing_Depth"	-0.563100498114659	-0.534932639053454	0.228688610427994	0.902994359062265	0.975371608211953	0.00350915225291051	0.0915228344043229	NA	"abundance"	47	33
"MGYG000325430"	"Sequencing_Depth"	"Sequencing_Depth"	"Sequencing_Depth"	-0.484013817105635	-0.534932639053454	0.388459805664244	0.907730499334787	0.976796111585457	0.007353715060129	0.103765953329189	NA	"abundance"	47	7
"MGYG000325306"	"Sequencing_Depth"	"Sequencing_Depth"	"Sequencing_Depth"	-0.444471786267255	-0.534932639053454	0.622919189653352	0.908204860698729	0.976937811099213	0.0152043518994261	0.121446520888831	NA	"abundance"	47	6
"MGYG000328091"	"Sequencing_Depth"	"Sequencing_Depth"	"Sequencing_Depth"	-0.568687734566694	-0.534932639053454	0.285934066490957	0.908222557121649	0.976937811099213	0.0145242393619262	0.119105587561808	NA	"abundance"	47	16
"UBA3282 sp003611805"	"Sequencing_Depth"	"Sequencing_Depth"	"Sequencing_Depth"	-0.556385751688191	-0.534932639053454	0.185410936448148	0.909016344649819	0.976937811099213	0.0210244219045105	0.137484176978499	NA	"abundance"	47	34
"Choladocola sp910574965"	"Sex"	"M"	"SexM"	-0.101899273340758	0	0.889737268573108	0.908819747470374	0.976937811099213	0.0059474115398484	0.10044531644164	NA	"prevalence"	47	41
"MGBC163016 sp910588985"	"Sequencing_Depth"	"Sequencing_Depth"	"Sequencing_Depth"	-0.519728265538746	-0.534932639053454	0.131348002471468	0.909351994649608	0.977004794616171	0.0107790276778301	0.108682122149648	NA	"abundance"	47	31
"Coproplasma sp910585705"	"Sequencing_Depth"	"Sequencing_Depth"	"Sequencing_Depth"	-0.556337702716733	-0.534932639053454	0.18515240028581	0.910314090882883	0.977084351937211	0.0166844741196997	0.126370084185897	NA	"abundance"	47	16
"Bacteroides ovatus"	"Sequencing_Depth"	"Sequencing_Depth"	"Sequencing_Depth"	-0.566093135975299	-0.534932639053454	0.283955964187953	0.914669787130029	0.977907423539739	0.00648601212369819	0.102020167783013	NA	"abundance"	47	16
"MGYG000329700"	"Sequencing_Depth"	"Sequencing_Depth"	"Sequencing_Depth"	-0.507338553986761	-0.534932639053454	0.246575391335799	0.913458774563663	0.977907423539739	0.00441375842741078	0.0954309539530356	NA	"abundance"	47	14
"1XD42-69 sp910577065"	"Sex"	"M"	"SexM"	0.0849505616739409	0	0.771090603210672	0.912275057991169	0.977907423539739	0.0335222142048665	0.173332961389619	NA	"prevalence"	47	27
"Lawsonibacter sp910588455"	"Sequencing_Depth"	"Sequencing_Depth"	"Sequencing_Depth"	-0.593134395510629	-0.534932639053454	0.535893793066699	0.914951880917975	0.977998725608827	0.0382971572526708	0.183950833450387	NA	"abundance"	47	20
"MGYG000325632"	"Sequencing_Depth"	"Sequencing_Depth"	"Sequencing_Depth"	-0.563447415599933	-0.534932639053454	0.263092360460664	0.915239405780784	0.978223456757002	0.00391453592015674	0.0924413033859377	NA	"abundance"	47	20
"MGYG000328360"	"Sequencing_Depth"	"Sequencing_Depth"	"Sequencing_Depth"	-0.519063850589246	-0.534932639053454	0.147705476575808	0.915982030798693	0.978493616840926	0.00137466418994131	0.068573706357638	NA	"abundance"	47	24
"CAG-95 sp011959285"	"Genotype"	"MUT"	"GenotypeMUT"	-0.0929679456050441	0	0.884932756538666	0.916330969502253	0.97862853563533	0.0473221274662146	0.208394266000751	NA	"prevalence"	47	8
"Acetatifactor sp910577665"	"Sequencing_Depth"	"Sequencing_Depth"	"Sequencing_Depth"	-0.559903651553143	-0.534932639053454	0.240305329671663	0.919598589214234	0.978674738693671	0.0342742239967026	0.174473270303364	NA	"abundance"	47	14
"CAG-873 sp900555715"	"Sequencing_Depth"	"Sequencing_Depth"	"Sequencing_Depth"	-0.516509673542331	-0.534932639053454	0.180027807992155	0.919704197328062	0.978674738693671	0.0118145014441659	0.111787009648413	NA	"abundance"	47	27
"MGYG000323607"	"Sequencing_Depth"	"Sequencing_Depth"	"Sequencing_Depth"	-0.498362336451248	-0.534932639053454	0.351377810380663	0.919686466378741	0.978674738693671	0.0314313942017572	0.167665731485298	NA	"abundance"	47	13
"MGYG000410761"	"Sequencing_Depth"	"Sequencing_Depth"	"Sequencing_Depth"	-0.557125391728297	-0.534932639053454	0.216539883361202	0.919247414047214	0.978674738693671	0.0113068579049205	0.109438753402103	NA	"abundance"	47	32
"Paratractidigestivibacter sp003150175"	"Genotype"	"MUT"	"GenotypeMUT"	0.293554604719883	0.195151488441185	0.959943822849376	0.920038503179849	0.978674738693671	0.0643274825716478	0.248587559768402	NA	"abundance"	47	17
"Acetatifactor sp910583845"	"Sequencing_Depth"	"Sequencing_Depth"	"Sequencing_Depth"	-0.569699515593293	-0.534932639053454	0.338428743168497	0.920754477198546	0.978870539289657	0.00647478032836082	0.102020167783013	NA	"abundance"	47	13
"Bacteroides cellulosilyticus"	"Sex"	"M"	"SexM"	-0.470868217074004	-0.415249466173014	0.553634667444803	0.920886201837274	0.978870539289657	0.0221501587941421	0.142066535714153	NA	"abundance"	47	32
"Marseille-P3106 sp910585735"	"Sequencing_Depth"	"Sequencing_Depth"	"Sequencing_Depth"	-0.584691067296531	-0.534932639053454	0.487777180106336	0.922067712315256	0.97907332459412	0.0442190823317894	0.199675343163571	NA	"abundance"	47	11
"MGYG000322966"	"Sequencing_Depth"	"Sequencing_Depth"	"Sequencing_Depth"	-0.55957632787596	-0.534932639053454	0.24888472634688	0.921992418871639	0.97907332459412	0.0041709456627182	0.0932919112154817	NA	"abundance"	47	30
"MGYG000327199"	"Sequencing_Depth"	"Sequencing_Depth"	"Sequencing_Depth"	-0.560910254984394	-0.534932639053454	0.258260854338647	0.921963246488821	0.97907332459412	0.0125336511465608	0.114431430947284	NA	"abundance"	47	15
"Faecivivens sp022793675"	"Genotype"	"MUT"	"GenotypeMUT"	-0.0766823339062054	0	0.789688432686326	0.922643373586694	0.979189245887973	0.00778272545825946	0.104464558421264	NA	"prevalence"	47	15
"COE1 sp009774395"	"Sequencing_Depth"	"Sequencing_Depth"	"Sequencing_Depth"	-0.512359635239631	-0.534932639053454	0.234407172673382	0.923975690817977	0.979720317904268	0.024229748172605	0.146060981620493	NA	"abundance"	47	38
"Akkermansia sp001580195"	"Sequencing_Depth"	"Sequencing_Depth"	"Sequencing_Depth"	-0.498646888402101	-0.534932639053454	0.38123910337014	0.924796094657792	0.979848072647909	0.027626722729249	0.15546630274708	NA	"abundance"	47	37
"MGYG000338472"	"Sex"	"M"	"SexM"	-0.503959637474396	-0.415249466173014	0.927337008151658	0.925101664770957	0.979848072647909	0.00749724221612668	0.104144017698043	NA	"abundance"	47	20
"MGYG000392808"	"Sex"	"M"	"SexM"	-0.508759729014108	-0.415249466173014	0.980929076959927	0.925223224632048	0.979875801321324	0.00409980411969523	0.0925796022939484	NA	"abundance"	47	22
"MGYG000325456"	"Sequencing_Depth"	"Sequencing_Depth"	"Sequencing_Depth"	-0.511636039362032	-0.534932639053454	0.249098662954716	0.926328396121543	0.980390036630978	0.00873800714468347	0.104464558421264	NA	"abundance"	47	29
"MGYG000410681"	"Sequencing_Depth"	"Sequencing_Depth"	"Sequencing_Depth"	-0.49383076129419	-0.534932639053454	0.4619913394279	0.929952173309411	0.981158701285187	0.0339253064719522	0.173998480802472	NA	"abundance"	47	26
"1XD42-69 sp910577065"	"Sequencing_Depth"	"Sequencing_Depth"	"Sequencing_Depth"	-0.521939711246567	-0.534932639053454	0.145766852842071	0.93008892642189	0.981170566767921	0.00184735380272177	0.0767121323328136	NA	"abundance"	47	27
"14-2 sp910588285"	"Sequencing_Depth"	"Sequencing_Depth"	"Sequencing_Depth"	-0.506221980976228	-0.534932639053454	0.328539435899445	0.930985734234973	0.981544013322196	0.0177907830731363	0.129367546050337	NA	"abundance"	47	36
"Amulumruptor sp900539915"	"Sequencing_Depth"	"Sequencing_Depth"	"Sequencing_Depth"	-0.550259745465277	-0.534932639053454	0.175314168281014	0.931595302102538	0.981679573131384	0.00981399535699981	0.105076319492646	NA	"abundance"	47	23
"Bacteroides caccae"	"Sequencing_Depth"	"Sequencing_Depth"	"Sequencing_Depth"	-0.516670987428204	-0.534932639053454	0.209730608186445	0.93163082469922	0.981679573131384	0.0296084824826982	0.161987961322771	NA	"abundance"	47	25
"Enterenecus sp910585265"	"Sequencing_Depth"	"Sequencing_Depth"	"Sequencing_Depth"	-0.519345403140397	-0.534932639053454	0.181317938278738	0.932457515267652	0.98217982636034	0.00665948383793436	0.102020167783013	NA	"abundance"	47	28
"MGYG000325350"	"Sex"	"M"	"SexM"	-0.35177464831904	-0.415249466173014	0.743334714195315	0.932901298085184	0.98217982636034	0.0149001100381982	0.120164852977322	NA	"abundance"	47	24
"Merdisoma sp009917555"	"Genotype"	"MUT"	"GenotypeMUT"	0.144410065075436	0.195151488441185	0.601546884292871	0.933519524150048	0.98234609955294	0.00273405161935381	0.0872724812632231	NA	"abundance"	47	31
"CAG-485 sp002361155"	"Genotype"	"MUT"	"GenotypeMUT"	0.085997481773992	0	1.03337660691979	0.933676702112301	0.98234609955294	0.010179077430629	0.105725768302536	NA	"prevalence"	47	44
"MGYG000328741"	"Sequencing_Depth"	"Sequencing_Depth"	"Sequencing_Depth"	-0.560890221047794	-0.534932639053454	0.312002587479069	0.934387516201282	0.982593435247639	0.015434242567636	0.121887403874918	NA	"abundance"	47	31
"JAAWCD01 sp022793095"	"Sequencing_Depth"	"Sequencing_Depth"	"Sequencing_Depth"	-0.561694585983393	-0.534932639053454	0.329672273635868	0.936024417398991	0.983186363729577	0.0121396519149597	0.113346181948395	NA	"abundance"	47	29
"MGYG000325659"	"Sequencing_Depth"	"Sequencing_Depth"	"Sequencing_Depth"	-0.519709618272036	-0.534932639053454	0.187770739963908	0.938704040601179	0.983186363729577	0.0168583038691352	0.12652598317515	NA	"abundance"	47	10
"MGYG000325667"	"Sex"	"M"	"SexM"	-0.367192792207611	-0.415249466173014	0.608294565943539	0.937745032941782	0.983186363729577	0.0417063065786359	0.193022624218034	NA	"abundance"	47	31
"MGYG000329437"	"Sequencing_Depth"	"Sequencing_Depth"	"Sequencing_Depth"	-0.509118452091204	-0.534932639053454	0.328628042271492	0.93795287996319	0.983186363729577	0.00909537599125258	0.104562659028731	NA	"abundance"	47	34
"Pelethomonas sp022800525"	"Sequencing_Depth"	"Sequencing_Depth"	"Sequencing_Depth"	-0.551337572644061	-0.534932639053454	0.202638935595974	0.936433470261114	0.983186363729577	0.00318589124637114	0.0914858855441843	NA	"abundance"	47	24
"UBA3402 sp022795805"	"Sequencing_Depth"	"Sequencing_Depth"	"Sequencing_Depth"	-0.576576077543092	-0.534932639053454	0.526677133875213	0.937827831088218	0.983186363729577	0.00619161874852144	0.101382275711006	NA	"abundance"	47	23
"Acetatifactor sp003612485"	"Genotype"	"MUT"	"GenotypeMUT"	0.301747239633525	0.195151488441185	1.38113041099748	0.939432523564338	0.983486633303895	0.00789545317410158	0.104464558421264	NA	"abundance"	47	21
"MGYG000325598"	"Genotype"	"MUT"	"GenotypeMUT"	0.252042790626784	0.195151488441185	0.74033660518862	0.9400372920431	0.983794298692151	0.022731824496183	0.144285612692297	NA	"abundance"	47	17
"Scatocola sp910577205"	"Sequencing_Depth"	"Sequencing_Depth"	"Sequencing_Depth"	-0.570936078623732	-0.534932639053454	0.471461230608893	0.940204781403721	0.983833805318237	0.032645272017387	0.17142405840928	NA	"abundance"	47	19
"Kineothrix sp009911195"	"Genotype"	"MUT"	"GenotypeMUT"	0.247405697413613	0.195151488441185	0.688837983699333	0.940816036834412	0.984084149338155	0.0481259263944622	0.211407114826637	NA	"abundance"	47	17
"Cryptobacteroides sp910585445"	"Sequencing_Depth"	"Sequencing_Depth"	"Sequencing_Depth"	-0.513015410671325	-0.534932639053454	0.298448562464445	0.942225464615204	0.984843647930266	0.00875022122665502	0.104464558421264	NA	"abundance"	47	24
"Eubacterium_J sp910584345"	"Sequencing_Depth"	"Sequencing_Depth"	"Sequencing_Depth"	-0.516171745337909	-0.534932639053454	0.250873205111224	0.942882327340078	0.984843647930266	0.00294940771119963	0.0890872380459786	NA	"abundance"	47	11
"Acutalibacter sp910580045"	"Sequencing_Depth"	"Sequencing_Depth"	"Sequencing_Depth"	-0.553021906065403	-0.534932639053454	0.253968413708802	0.944078905661007	0.985509634457969	0.00945833450837621	0.104562659028731	NA	"abundance"	47	23
"Mailhella sp910577155"	"Genotype"	"MUT"	"GenotypeMUT"	0.145556848701058	0.195151488441185	0.69384832240917	0.944774788818976	0.985588922447518	0.0439728655656064	0.199101520302302	NA	"abundance"	47	13
"COE1 sp011959805"	"Sequencing_Depth"	"Sequencing_Depth"	"Sequencing_Depth"	-0.515857284724417	-0.534932639053454	0.270118106910095	0.946063844954098	0.986194604080362	0.0171188485466088	0.127563177276579	NA	"abundance"	47	11
"Prevotella pectinovora"	"Sequencing_Depth"	"Sequencing_Depth"	"Sequencing_Depth"	-0.547956564887017	-0.534932639053454	0.194911840166761	0.948028031635763	0.987074971786853	0.0183034424154087	0.130018825117697	NA	"abundance"	47	16
"CAG-95 sp011959285"	"Sequencing_Depth"	"Sequencing_Depth"	"Sequencing_Depth"	-0.528820513430898	-0.534932639053454	0.0887826533966367	0.950149415382616	0.987843227918945	0.0154813140516688	0.122122687184369	NA	"abundance"	47	8
"Gallimonas sp910586365"	"Sex"	"M"	"SexM"	-0.24614258027535	-0.415249466173014	2.65606584034184	0.951289930121747	0.988538234480751	0.0163116535744931	0.124878520185031	NA	"abundance"	47	11
"MGYG000405682"	"Sex"	"M"	"SexM"	-0.370475781299623	-0.415249466173014	0.77028035274233	0.954224208015734	0.989641132737662	0.00736752421599027	0.103765953329189	NA	"abundance"	47	26
"Enterenecus sp910587395"	"Sequencing_Depth"	"Sequencing_Depth"	"Sequencing_Depth"	-0.547217064748157	-0.534932639053454	0.21208731580424	0.954335664063802	0.989675637860036	0.0185075081883461	0.13041980844988	NA	"abundance"	47	33
"MGYG000325448"	"Sequencing_Depth"	"Sequencing_Depth"	"Sequencing_Depth"	-0.545116008980585	-0.534932639053454	0.179414108717451	0.955385472967379	0.990091570737394	0.00678267393627266	0.102029124248726	NA	"abundance"	47	25
"Butyrivibrio_A sp000431815"	"Genotype"	"MUT"	"GenotypeMUT"	0.274226945153712	0.195151488441185	1.37330593695268	0.955692600697039	0.990190467350669	0.0114257611783763	0.109873850352059	NA	"abundance"	47	12
"Enterocloster clostridioformis"	"Sequencing_Depth"	"Sequencing_Depth"	"Sequencing_Depth"	-0.547128823755529	-0.534932639053454	0.221291299001564	0.956571569931059	0.990776772128905	0.00131181936347061	0.0681760239780169	NA	"abundance"	47	29
"CAG-485 sp910585285"	"Sequencing_Depth"	"Sequencing_Depth"	"Sequencing_Depth"	-0.546434258913921	-0.534932639053454	0.212484750431384	0.957396095595225	0.991144170936809	0.0342396440701718	0.174473270303364	NA	"abundance"	47	27
"MGYG000324409"	"Sequencing_Depth"	"Sequencing_Depth"	"Sequencing_Depth"	-0.524138962653374	-0.534932639053454	0.206932229856356	0.959430619265244	0.99233029324627	0.0312461730751148	0.167099488903452	NA	"abundance"	47	16
"Paramuribaculum sp014801865"	"Sequencing_Depth"	"Sequencing_Depth"	"Sequencing_Depth"	-0.522812285577861	-0.534932639053454	0.238487704794545	0.960226572232723	0.992923133212917	0.00751683335482901	0.104144017698043	NA	"abundance"	47	19
"MGYG000325389"	"Sequencing_Depth"	"Sequencing_Depth"	"Sequencing_Depth"	-0.528721260583293	-0.534932639053454	0.124975104305358	0.9613612469507	0.993380462359344	0.00162035907615492	0.0748542349690392	NA	"abundance"	47	18
"MGYG000329835"	"Sequencing_Depth"	"Sequencing_Depth"	"Sequencing_Depth"	-0.559974631911246	-0.534932639053454	0.51453015963211	0.961934540181725	0.993567599687779	0.00912307228964188	0.104562659028731	NA	"abundance"	47	18
"MGYG000325717"	"Sequencing_Depth"	"Sequencing_Depth"	"Sequencing_Depth"	-0.54779518575143	-0.534932639053454	0.273249290842662	0.9627950353692	0.99393748566014	0.0185647692331312	0.130433189800965	NA	"abundance"	47	37
"CAG-95 sp910586025"	"Sequencing_Depth"	"Sequencing_Depth"	"Sequencing_Depth"	-0.524340181748877	-0.534932639053454	0.224383362489102	0.962986410436605	0.994004891405573	0.0100449432115393	0.105260870522616	NA	"abundance"	47	21
"MGYG000325354"	"Sequencing_Depth"	"Sequencing_Depth"	"Sequencing_Depth"	-0.525857575740345	-0.534932639053454	0.191862316014844	0.96365174478566	0.994155984762436	0.0189276466693268	0.131028997706956	NA	"abundance"	47	12
"14-2 sp910589635"	"Sequencing_Depth"	"Sequencing_Depth"	"Sequencing_Depth"	-0.528321352237944	-0.534932639053454	0.155746870294378	0.966542168802085	0.994299047908971	0.00889961998800376	0.104562659028731	NA	"abundance"	47	36
"Acutalibacter sp910587995"	"Sequencing_Depth"	"Sequencing_Depth"	"Sequencing_Depth"	-0.544276326163288	-0.534932639053454	0.244808650478163	0.969971862514544	0.994299047908971	0.0228406266743859	0.144285612692297	NA	"abundance"	47	25
"Bacteroides stercoris"	"Sequencing_Depth"	"Sequencing_Depth"	"Sequencing_Depth"	-0.543567549757949	-0.534932639053454	0.247185286252777	0.97244776660752	0.994299047908971	0.0040841632168263	0.0925220051811803	NA	"abundance"	47	30
"CAG-590 sp910585605"	"Sequencing_Depth"	"Sequencing_Depth"	"Sequencing_Depth"	-0.529855449255064	-0.534932639053454	0.17301895074197	0.976846753057898	0.994299047908971	0.00568596148092069	0.0997319558965519	NA	"abundance"	47	35
"CAG-95 sp003612395"	"Sequencing_Depth"	"Sequencing_Depth"	"Sequencing_Depth"	-0.525558462844282	-0.534932639053454	0.307800335240435	0.975988607876972	0.994299047908971	0.00239600274004785	0.0842360560638557	NA	"abundance"	47	26
"Dysosmobacter sp910584465"	"Sequencing_Depth"	"Sequencing_Depth"	"Sequencing_Depth"	-0.529968042991243	-0.534932639053454	0.163720003367301	0.976178865992471	0.994299047908971	0.0290944931349443	0.160975083810983	NA	"abundance"	47	27
"Dysosmobacter sp910587525"	"Sequencing_Depth"	"Sequencing_Depth"	"Sequencing_Depth"	-0.543044213295248	-0.534932639053454	0.182673034943228	0.965014821598133	0.994299047908971	0.0166659165110374	0.126370084185897	NA	"abundance"	47	33
"Enterenecus sp910587285"	"Sequencing_Depth"	"Sequencing_Depth"	"Sequencing_Depth"	-0.523407535038275	-0.534932639053454	0.305656188701659	0.970168875154796	0.994299047908971	0.0389000149290731	0.18527311692634	NA	"abundance"	47	38
"Eubacterium_F sp910584065"	"Sequencing_Depth"	"Sequencing_Depth"	"Sequencing_Depth"	-0.530599333312587	-0.534932639053454	0.142958903571514	0.976472072704083	0.994299047908971	0.0030781142569111	0.0910297555140069	NA	"abundance"	47	16
"JAAWPK01 sp022791735"	"Genotype"	"MUT"	"GenotypeMUT"	0.174556797641405	0.195151488441185	0.591380436327306	0.972825600323187	0.994299047908971	0.00943115994274518	0.104562659028731	NA	"abundance"	47	17
"Lachnoclostridium_B sp910589275"	"Sex"	"M"	"SexM"	-0.385097680287661	-0.415249466173014	0.729090344161825	0.967801127465666	0.994299047908971	0.0213606116812247	0.138765444267368	NA	"abundance"	47	16
"MGBC100174 sp910576895"	"Sex"	"M"	"SexM"	-0.368545180702894	-0.415249466173014	1.18286760090422	0.969623756220928	0.994299047908971	0.0407432442500818	0.190458498915065	NA	"abundance"	47	12
"MGYG000325442"	"Sex"	"M"	"SexM"	-0.435521515350269	-0.415249466173014	0.510252019370977	0.968661536855399	0.994299047908971	0.0516931015495843	0.219439544596073	NA	"abundance"	47	36
"MGYG000325660"	"Sequencing_Depth"	"Sequencing_Depth"	"Sequencing_Depth"	-0.544707329168308	-0.534932639053454	0.216006297123139	0.964296821281466	0.994299047908971	0.0310534789381885	0.166486191172393	NA	"abundance"	47	33
"MGYG000327349"	"Sequencing_Depth"	"Sequencing_Depth"	"Sequencing_Depth"	-0.539474352815267	-0.534932639053454	0.138230511591747	0.974834750365769	0.994299047908971	0.00405162858052	0.0925220051811803	NA	"abundance"	47	12
"MGYG000329248"	"Sequencing_Depth"	"Sequencing_Depth"	"Sequencing_Depth"	-0.526621250494864	-0.534932639053454	0.269727300027226	0.975843648786968	0.994299047908971	0.00217047544576499	0.0799006273472237	NA	"abundance"	47	20
"MGYG000408998"	"Sequencing_Depth"	"Sequencing_Depth"	"Sequencing_Depth"	-0.544254726594995	-0.534932639053454	0.250578270706455	0.970766617036159	0.994299047908971	0.0202698606833546	0.135669862982908	NA	"abundance"	47	22
"UBA3282 sp910576815"	"Sequencing_Depth"	"Sequencing_Depth"	"Sequencing_Depth"	-0.540624892907836	-0.534932639053454	0.181097870274876	0.975199735518252	0.994299047908971	0.0379612092864373	0.183021710256848	NA	"abundance"	47	36
"CAG-95 sp011959285"	"Sex"	"M"	"SexM"	-0.0278967565324644	0	0.932909808912427	0.976144452149767	0.994299047908971	0.0555562735495019	0.227372172233862	NA	"prevalence"	47	8
"MGYG000328055"	"Site"	"Jejunum"	"SiteJejunum"	-0.0231381916601657	0	0.799908261714961	0.976923564145249	0.994299047908971	0.0454542249355153	0.203078673732125	NA	"prevalence"	47	15
"C-19 sp910576855"	"Sequencing_Depth"	"Sequencing_Depth"	"Sequencing_Depth"	-0.544724843365402	-0.534932639053454	0.341533413977813	0.977347587486824	0.99438851066675	0.0293762231959177	0.16168997854007	NA	"abundance"	47	32
"CAG-485 sp910586175"	"Sex"	"M"	"SexM"	-0.432317847272275	-0.415249466173014	0.609688136341621	0.977902450265676	0.994399840573822	0.0142777562230247	0.118584231473958	NA	"abundance"	47	32
"MGYG000325518"	"Sequencing_Depth"	"Sequencing_Depth"	"Sequencing_Depth"	-0.540882105027993	-0.534932639053454	0.244767729504177	0.980784516353244	0.995001627089644	0.0349084584608951	0.17611205167852	NA	"abundance"	47	37
"Ellagibacter isourolithinifaciens"	"Site"	"Jejunum"	"SiteJejunum"	0.0211471375641954	0	0.97548953231078	0.982704424284355	0.995125125260117	0.0460745463493847	0.205144040169771	NA	"prevalence"	47	28
"CAG-873 sp905202215"	"Sequencing_Depth"	"Sequencing_Depth"	"Sequencing_Depth"	-0.530460041982822	-0.534932639053454	0.224359610425016	0.9843100675908	0.995570349644474	0.0137923713718363	0.117426217090615	NA	"abundance"	47	27
"Parvibacter sp910588725"	"Sequencing_Depth"	"Sequencing_Depth"	"Sequencing_Depth"	-0.537466821521998	-0.534932639053454	0.142227682592112	0.98599778306303	0.996149727672746	0.0229267026944206	0.144345219353961	NA	"abundance"	47	28
"UMGS1370 sp910586755"	"Sequencing_Depth"	"Sequencing_Depth"	"Sequencing_Depth"	-0.54105934205368	-0.534932639053454	0.349370924501723	0.986363462982232	0.996439642013495	0.0201624687296469	0.135525813476303	NA	"abundance"	47	15
"Bacteroides stercorirosoris"	"Sequencing_Depth"	"Sequencing_Depth"	"Sequencing_Depth"	-0.538684904067835	-0.534932639053454	0.216476341048626	0.986606115200505	0.996531546078457	0.0329103768692133	0.17184313946432	NA	"abundance"	47	13
"CAG-603 sp910583605"	"Sequencing_Depth"	"Sequencing_Depth"	"Sequencing_Depth"	-0.530216551768712	-0.534932639053454	0.278281376408719	0.986639280342178	0.996531546078457	0.0103662132751119	0.106961161209476	NA	"abundance"	47	27
"Merdisoma sp910574475"	"Sequencing_Depth"	"Sequencing_Depth"	"Sequencing_Depth"	-0.537419108836662	-0.534932639053454	0.210887739659961	0.99068287783197	0.997602591805357	0.00729097845640152	0.103765953329189	NA	"abundance"	47	34
"MGYG000325727"	"Sex"	"M"	"SexM"	-0.420324270144127	-0.415249466173014	0.426800129036647	0.990615844725783	0.997602591805357	0.0202143053607623	0.1355547535957	NA	"abundance"	47	37
"MGYG000329989"	"Sequencing_Depth"	"Sequencing_Depth"	"Sequencing_Depth"	-0.530901286161912	-0.534932639053454	0.32003451504156	0.990080808823308	0.997602591805357	0.0127397259641645	0.115293704372234	NA	"abundance"	47	25
"CAG-485 sp014800535"	"Sequencing_Depth"	"Sequencing_Depth"	"Sequencing_Depth"	-0.530840371806806	-0.534932639053454	0.388209511705157	0.992001474478327	0.998222327806122	0.00606220823766049	0.10094081032036	NA	"abundance"	47	10
"MGYG000329302"	"Sequencing_Depth"	"Sequencing_Depth"	"Sequencing_Depth"	-0.536800705303513	-0.534932639053454	0.186672458283571	0.992200217540024	0.998222327806122	0.0371475888187714	0.181648203758545	NA	"abundance"	47	17
"CAG-873 sp910587475"	"Sequencing_Depth"	"Sequencing_Depth"	"Sequencing_Depth"	-0.535432301962468	-0.534932639053454	0.230910350649549	0.998289314898587	0.999334658637878	0.0335951198169532	0.173332961389619	NA	"abundance"	47	38
"CAG-873 sp910587545"	"Sequencing_Depth"	"Sequencing_Depth"	"Sequencing_Depth"	-0.533467913641856	-0.534932639053454	0.338082296705186	0.996576670378033	0.999334658637878	0.0225322215730323	0.143667373804847	NA	"abundance"	47	32
"Choladocola sp910584945"	"Sequencing_Depth"	"Sequencing_Depth"	"Sequencing_Depth"	-0.533822523018463	-0.534932639053454	0.339441428589762	0.99741858776337	0.999334658637878	0.0290781221263842	0.160975083810983	NA	"abundance"	47	30
"RGIG8607 sp910577045"	"Sequencing_Depth"	"Sequencing_Depth"	"Sequencing_Depth"	-0.533966500566832	-0.534932639053454	0.441502688488219	0.998308323469424	0.999334658637878	0.00935428617316374	0.104562659028731	NA	"abundance"	47	13
"MGYG000325414"	"Sequencing_Depth"	"Sequencing_Depth"	"Sequencing_Depth"	-0.53534157623559	-0.534932639053454	0.313611311119604	0.998985975959252	0.999829139430826	0.0486146073929814	0.212234740613708	NA	"abundance"	47	15
"MGYG000325541"	"Sequencing_Depth"	"Sequencing_Depth"	"Sequencing_Depth"	-0.535070606594713	-0.534932639053454	0.22420324234396	0.999515885926962	0.999979100114372	0.0187974652189271	0.130891243058065	NA	"abundance"	47	25
"MGYG000331189"	"Sequencing_Depth"	"Sequencing_Depth"	"Sequencing_Depth"	-0.535078622277554	-0.534932639053454	0.207012573172898	0.99944409344983	0.999979100114372	0.0261064733547967	0.151122484579609	NA	"abundance"	47	30
"CAG-95 sp910585075"	"Sequencing_Depth"	"Sequencing_Depth"	"Sequencing_Depth"	-0.534932639053454	-0.534932639053454	0.155820861514714	1	1	0.0269295903477585	0.153498664982224	NA	"abundance"	47	18
"MGYG000411451"	"Genotype"	"MUT"	"GenotypeMUT"	-2.91035808222858	0	0.894686344844446	0.00114218921978706	0.0795966737077329	0.000203153370710529	0.0231594842610003	"Prevalence association possibly induced by stronger abundance association"	"prevalence"	47	30
"CAG-95 sp910585005"	"Genotype"	"MUT"	"GenotypeMUT"	-3.06496052530588	0	0.949939622678977	0.00125323298365341	0.0826922370067179	0.00150649020037541	0.0724345084098871	"Prevalence association possibly induced by stronger abundance association"	"prevalence"	47	32
"Bacteroides intestinalis"	"Genotype"	"MUT"	"GenotypeMUT"	2.91739028853774	0	0.926569943914854	0.00164059330062641	0.0859956498019113	0.00668422177684524	0.102020167783013	"Prevalence association possibly induced by stronger abundance association"	"prevalence"	47	26
"Paralachnospira_A sp910588405"	"Sex"	"M"	"SexM"	-2.17732004064054	0	0.689842560960398	0.00159808279231008	0.0859956498019113	0.0507276120938807	0.217826708553796	"Prevalence association possibly induced by stronger abundance association"	"prevalence"	47	24
"Lachnospira sp910589305"	"Sex"	"M"	"SexM"	-2.25315623234571	0	0.732822683732896	0.00210766136321527	0.0872721484406404	0.000489210736236201	0.0416595359484032	"Prevalence association possibly induced by stronger abundance association"	"prevalence"	47	22
"Bacteroides faecis"	"Genotype"	"MUT"	"GenotypeMUT"	2.22863685437151	0	0.761517071606672	0.00342716816542082	0.0967669706521028	0.0324281421955376	0.1709187986861	"Prevalence association possibly induced by stronger abundance association"	"prevalence"	47	21
"Pelethomonas sp022795905"	"Sex"	"M"	"SexM"	-2.04848753102948	0	0.702192690748998	0.00353106964148072	0.0973775152981763	0.000920542727057772	0.0602444073596697	"Prevalence association possibly induced by stronger abundance association"	"prevalence"	47	27
"UBA2882 sp910574745"	"Sex"	"M"	"SexM"	-2.48883415819419	0	0.866685520192952	0.00408310069313739	0.0992724934681975	0.000989384165748008	0.0610103866648535	"Prevalence association possibly induced by stronger abundance association"	"prevalence"	47	28
"Blautia pseudococcoides"	"Genotype"	"MUT"	"GenotypeMUT"	2.3148772160063	0	0.817050030328325	0.00460825891439371	0.099273616927045	0.00561247027640022	0.0997319558965519	"Prevalence association possibly induced by stronger abundance association"	"prevalence"	47	31
"Ventrimonas sp022799175"	"Sex"	"M"	"SexM"	-2.22434118968177	0	0.784108884172527	0.0045571585144508	0.099273616927045	0.00698558065843269	0.102029124248726	"Prevalence association possibly induced by stronger abundance association"	"prevalence"	47	17
"Sporofaciens sp910585725"	"Sex"	"M"	"SexM"	-2.44444698725101	0	0.903438162214177	0.00681573305017657	0.10982729039925	0.00808248096024267	0.104464558421264	"Prevalence association possibly induced by stronger abundance association"	"prevalence"	47	29
"CAG-873 sp009775265"	"Sex"	"M"	"SexM"	-3.29694180649571	0	1.22708913921921	0.00721403610385735	0.111871342113533	0.000465344654134392	0.0406056298200232	"Prevalence association possibly induced by stronger abundance association"	"prevalence"	47	37
"Acetatifactor sp910586775"	"Sex"	"M"	"SexM"	-1.98672565524036	0	0.763846216624365	0.00929660599929662	0.122709843438357	0.046599822960073	0.206241420589728	"Prevalence association possibly induced by stronger abundance association"	"prevalence"	47	22
"CAG-873 sp009775135"	"Sex"	"M"	"SexM"	-2.97124134592354	0	1.15595490522722	0.0101587528097055	0.128204878429963	0.0449434802173398	0.201690020234988	"Prevalence association possibly induced by stronger abundance association"	"prevalence"	47	37
"Coproplasma sp910586035"	"Sequencing_Depth"	"Sequencing_Depth"	"Sequencing_Depth"	1.12067483441271	0	0.437087913273002	0.0103486214729872	0.12931179724094	0.01263399776079	0.11477775857746	"Prevalence association possibly induced by stronger abundance association"	"prevalence"	47	9
"Pelethomonas sp022804995"	"Sex"	"M"	"SexM"	-1.96512719881433	0	0.767171875139393	0.0104214811585733	0.129482262179028	0.00157115426772148	0.0739804071664297	"Prevalence association possibly induced by stronger abundance association"	"prevalence"	47	31
"Parabacteroides goldsteinii"	"Genotype"	"MUT"	"GenotypeMUT"	3.15263821369497	0	1.23344698598125	0.0105896017592001	0.129886801422437	5.81973665214619e-06	0.00186972266624406	"Prevalence association possibly induced by stronger abundance association"	"prevalence"	47	37
"14-2 sp000403255"	"Sex"	"M"	"SexM"	-1.83040411356566	0	0.716417407683216	0.0106205838599156	0.130014845743531	0.00280588562813255	0.0877522107063756	"Prevalence association possibly induced by stronger abundance association"	"prevalence"	47	28
"Coprocola sp910587735"	"Sequencing_Depth"	"Sequencing_Depth"	"Sequencing_Depth"	1.12187197667266	0	0.439731307749252	0.0107332062823361	0.130567789312227	0.00731756204620249	0.103765953329189	"Prevalence association possibly induced by stronger abundance association"	"prevalence"	47	8
"Sporofaciens sp910585725"	"Genotype"	"MUT"	"GenotypeMUT"	2.41107326499398	0	0.952247818760348	0.0113420177461198	0.134311535971686	0.0027110943525579	0.0872724812632231	"Prevalence association possibly induced by stronger abundance association"	"prevalence"	47	29
"Bariatricus sp022793995"	"Genotype"	"MUT"	"GenotypeMUT"	-2.0076246316065	0	0.802390347097498	0.0123474805727271	0.139175787256972	2.91135530916531e-06	0.00116085606178477	"Prevalence association possibly induced by stronger abundance association"	"prevalence"	47	28
"Butyribacter sp009774235"	"Genotype"	"MUT"	"GenotypeMUT"	1.90107312777068	0	0.764520195516923	0.0128962158249637	0.141948086880339	0.0467259401621574	0.206634726494618	"Prevalence association possibly induced by stronger abundance association"	"prevalence"	47	17
"Gallimonas sp910586365"	"Genotype"	"MUT"	"GenotypeMUT"	2.279839378159	0	0.954717630470523	0.0169416127366909	0.164332851166895	0.0463420503050789	0.205534922422005	"Prevalence association possibly induced by stronger abundance association"	"prevalence"	47	11
"Acetatifactor sp910585805"	"Genotype"	"MUT"	"GenotypeMUT"	1.84493638770407	0	0.777187017755114	0.0176030264233609	0.16709008314183	0.0437953186953517	0.198784951133413	"Prevalence association possibly induced by stronger abundance association"	"prevalence"	47	21
"Acutalibacter sp009917445"	"Sex"	"M"	"SexM"	-2.25655262304636	0	0.956399514135392	0.0183032957511918	0.170233145048651	0.000774923010524731	0.0570537066498833	"Prevalence association possibly induced by stronger abundance association"	"prevalence"	47	36
"Lawsonibacter sp910589085"	"Genotype"	"MUT"	"GenotypeMUT"	2.78178420947994	0	1.1974051876825	0.0201696450224855	0.177543370441323	2.36538819642362e-08	3.34371275446443e-05	"Prevalence association possibly induced by stronger abundance association"	"prevalence"	47	37
"Dysosmobacter sp910585385"	"Sex"	"M"	"SexM"	-1.6750662114798	0	0.729647645625861	0.0216919339091621	0.184600400188109	0.0378482740107566	0.182943720092969	"Prevalence association possibly induced by stronger abundance association"	"prevalence"	47	32
"Acetatifactor sp910586775"	"Genotype"	"MUT"	"GenotypeMUT"	1.70570487741952	0	0.758926906135269	0.0246066896043584	0.198670321281084	0.0297871425700871	0.162264863854642	"Prevalence association possibly induced by stronger abundance association"	"prevalence"	47	22
"Paramuribaculum sp910587425"	"Genotype"	"MUT"	"GenotypeMUT"	-2.74694162927659	0	1.2303488297195	0.0255718563067517	0.202650193272227	7.75822910584756e-05	0.0137087908300326	"Prevalence association possibly induced by stronger abundance association"	"prevalence"	47	42
"MGBC164599 sp910588775"	"Sex"	"M"	"SexM"	-2.01778137015499	0	0.905319540048019	0.0258268341379065	0.203505948408755	0.0484674543062031	0.212116388257736	"Prevalence association possibly induced by stronger abundance association"	"prevalence"	47	16
"Lachnoclostridium_B sp910588745"	"Sex"	"M"	"SexM"	-1.4182552811609	0	0.663337454945467	0.0325118735783261	0.230810597731044	0.0420265748702371	0.194019484769978	"Prevalence association possibly induced by stronger abundance association"	"prevalence"	47	25
"Nanosyncoccus sp013316435"	"Genotype"	"MUT"	"GenotypeMUT"	-1.68381012125457	0	0.796699219021334	0.0345594629566221	0.237035875421349	0.00153285977785989	0.0732044115534707	"Prevalence association possibly induced by stronger abundance association"	"prevalence"	47	23
"MGYG000329032"	"Sex"	"M"	"SexM"	-2.3682804431965	0	1.1235848470655	0.0350491937786251	0.238515980260614	0.00997176186072535	0.105260870522616	"Prevalence association possibly induced by stronger abundance association"	"prevalence"	47	39
"14-2 sp910584585"	"Sex"	"M"	"SexM"	-1.67026455129159	0	0.798096156170769	0.0363660141984341	0.241802631639112	0.00667616214933164	0.102020167783013	"Prevalence association possibly induced by stronger abundance association"	"prevalence"	47	34
"MGBC157735 sp910588155"	"Sex"	"M"	"SexM"	1.62685011171108	0	0.777681583738319	0.0364453904550837	0.242165749281076	0.025628321932292	0.14986392100277	"Prevalence association possibly induced by stronger abundance association"	"prevalence"	47	19
"MGYG000328353"	"Sex"	"M"	"SexM"	-1.73112898835364	0	0.829763293392227	0.0369521298972099	0.243995858236246	1.17364774201434e-05	0.00319051624636821	"Prevalence association possibly induced by stronger abundance association"	"prevalence"	47	34
"Duncaniella sp910578615"	"Sex"	"M"	"SexM"	-1.6802031374058	0	0.810960275940151	0.0382776963187828	0.247850425384981	0.0542541737866227	0.224250584984707	"Prevalence association possibly induced by stronger abundance association"	"prevalence"	47	34
"MGYG000324257"	"Genotype"	"MUT"	"GenotypeMUT"	1.60182018721243	0	0.775605777471405	0.0388993084915873	0.250690898646837	0.0576211636767192	0.232457982230052	"Prevalence association possibly induced by stronger abundance association"	"prevalence"	47	25
"UBA11957 sp910588295"	"Genotype"	"MUT"	"GenotypeMUT"	-1.89712791475277	0	0.92378749685337	0.0400104470543428	0.253393408959599	3.05222513929948e-12	2.15731272845687e-08	"Prevalence association possibly induced by stronger abundance association"	"prevalence"	47	39
"Parabacteroides johnsonii"	"Genotype"	"MUT"	"GenotypeMUT"	1.76441735850653	0	0.862055018357889	0.0406819250410448	0.254800498352076	0.0161731792696003	0.124878520185031	"Prevalence association possibly induced by stronger abundance association"	"prevalence"	47	9
"Muricomes contortus_B"	"Genotype"	"MUT"	"GenotypeMUT"	1.53445247514415	0	0.750591107760603	0.0409214104636187	0.255415785822724	0.000194620930836775	0.0230180403805048	"Prevalence association possibly induced by stronger abundance association"	"prevalence"	47	26
"MGYG000324148"	"Sex"	"M"	"SexM"	-1.79916833701472	0	0.885177782983409	0.0420979806344202	0.258623073137647	0.000106813140206441	0.0166194065226913	"Prevalence association possibly induced by stronger abundance association"	"prevalence"	47	37
"MGYG000326314"	"Genotype"	"MUT"	"GenotypeMUT"	-1.74345575273255	0	0.877687804976826	0.0469868160119417	0.276368092024243	2.95633971592046e-06	0.00116085606178477	"Prevalence association possibly induced by stronger abundance association"	"prevalence"	47	37
"Dysosmobacter sp022791135"	"Sex"	"M"	"SexM"	-1.42011660568996	0	0.719284933746661	0.0483425284265305	0.281601345983904	0.000832077066388992	0.058811207052374	"Prevalence association possibly induced by stronger abundance association"	"prevalence"	47	33
"MGYG000328238"	"Genotype"	"MUT"	"GenotypeMUT"	-1.70740923980044	0	0.868094849120571	0.0492009199876475	0.284099476824676	0.000456277725799481	0.0406056298200232	"Prevalence association possibly induced by stronger abundance association"	"prevalence"	47	39
"MGYG000328306"	"Sex"	"M"	"SexM"	-1.82075258588908	0	0.92589233057253	0.0492427122889349	0.284099476824676	1.34980567456644e-06	0.000596276656739725	"Prevalence association possibly induced by stronger abundance association"	"prevalence"	47	37
"C-19 sp910576855"	"Genotype"	"MUT"	"GenotypeMUT"	-1.56077945534856	0	0.806165002709834	0.0528610151145133	0.29398713941982	0.00383499169985269	0.0924413033859377	"Prevalence association possibly induced by stronger abundance association"	"prevalence"	47	32
"MGYG000331109"	"Sex"	"M"	"SexM"	-1.67709588400233	0	0.880323597821826	0.0567683433990847	0.305173504969891	0.0307183274027545	0.165561425954637	"Prevalence association possibly induced by stronger abundance association"	"prevalence"	47	35
"MD308 sp910584615"	"Genotype"	"MUT"	"GenotypeMUT"	1.72328617526422	0	0.925138048560626	0.0624996880176763	0.3222556818449	9.69484181467806e-06	0.00285513091442269	"Prevalence association possibly induced by stronger abundance association"	"prevalence"	47	33
"Enterenecus sp910579155"	"Genotype"	"MUT"	"GenotypeMUT"	1.68315089848196	0	0.90825192654501	0.0638571007477868	0.325830923814269	1.97389113720803e-07	0.000139514625577863	"Prevalence association possibly induced by stronger abundance association"	"prevalence"	47	37
"MGYG000328464"	"Sex"	"M"	"SexM"	-1.60085860477635	0	0.882477272383431	0.069669904674887	0.340596431833162	0.0122812734081473	0.113693552158539	"Prevalence association possibly induced by stronger abundance association"	"prevalence"	47	38
"MGYG000329348"	"Sex"	"M"	"SexM"	-1.23295812110345	0	0.679847043645992	0.0697421581086957	0.340596431833162	0.0204136086803244	0.136116402030691	"Prevalence association possibly induced by stronger abundance association"	"prevalence"	47	22
"Bilophila sp910585945"	"Sex"	"M"	"SexM"	-2.07140113645922	0	1.15032626355288	0.0717489940107427	0.346508495302549	0.00271386702400433	0.0872724812632231	"Prevalence association possibly induced by stronger abundance association"	"prevalence"	47	40
"Enterenecus sp910588495"	"Genotype"	"MUT"	"GenotypeMUT"	-1.86588543820685	0	1.03939865218398	0.072628433089071	0.348231328046008	0.00622668835087203	0.101444847487831	"Prevalence association possibly induced by stronger abundance association"	"prevalence"	47	42
"Lawsonibacter sp022801435"	"Sex"	"M"	"SexM"	-1.55619282815449	0	0.893388238195387	0.0815259721655215	0.366620079448899	0.0414114746564547	0.192209921682542	"Prevalence association possibly induced by stronger abundance association"	"prevalence"	47	38
"Adlercreutzia caecimuris"	"Sex"	"M"	"SexM"	-1.95030344892018	0	1.13151970658344	0.0847775109300793	0.373776988280371	1.81983875907621e-05	0.00428754011638355	"Prevalence association possibly induced by stronger abundance association"	"prevalence"	47	41
"MGBC163016 sp910588905"	"Sex"	"M"	"SexM"	-1.95030344892018	0	1.13151970658344	0.0847775109300793	0.373776988280371	0.0239069608760722	0.146060981620493	"Prevalence association possibly induced by stronger abundance association"	"prevalence"	47	41
"MGYG000330291"	"Sex"	"M"	"SexM"	-1.30737356919139	0	0.763077500781679	0.0866590763905383	0.378643627528973	0.00103991093099776	0.0610103866648535	"Prevalence association possibly induced by stronger abundance association"	"prevalence"	47	28
"Acetatifactor sp910586515"	"Genotype"	"MUT"	"GenotypeMUT"	1.33387783881005	0	0.789016813358086	0.0909214571984002	0.38779485846706	0.0247860152272055	0.147475018134812	"Prevalence association possibly induced by stronger abundance association"	"prevalence"	47	13
"Choladocola sp910574965"	"Genotype"	"MUT"	"GenotypeMUT"	1.93968962250496	0	1.18533140308742	0.101753549872122	0.411763565946714	1.54565249488314e-11	5.46233591691703e-08	"Prevalence association possibly induced by stronger abundance association"	"prevalence"	47	41
"14-2 sp000403315"	"Genotype"	"MUT"	"GenotypeMUT"	1.51521964213219	0	0.945255940612037	0.108940640641912	0.426995052640399	0.000847722582514088	0.0593237941901938	"Prevalence association possibly induced by stronger abundance association"	"prevalence"	47	34
"CAG-485 sp001701295"	"Genotype"	"MUT"	"GenotypeMUT"	-1.38221501227184	0	0.87014183546581	0.112174695566304	0.432898565999476	0.00103985115664695	0.0610103866648535	"Prevalence association possibly induced by stronger abundance association"	"prevalence"	47	35
"Paralachnospira sp022800815"	"Sex"	"M"	"SexM"	-1.13889591317631	0	0.718128904462653	0.112757167322935	0.433687361737953	0.0161360271746472	0.124780569004821	"Prevalence association possibly induced by stronger abundance association"	"prevalence"	47	25
"Lawsonibacter sp022794495"	"Genotype"	"MUT"	"GenotypeMUT"	1.44814012335306	0	0.91727695840384	0.114396131673035	0.437106104879678	0.00103527969661044	0.0610103866648535	"Prevalence association possibly induced by stronger abundance association"	"prevalence"	47	39
"CAG-873 sp011959565"	"Sex"	"M"	"SexM"	-1.80242333677463	0	1.14593316248449	0.115744993333987	0.437735322862745	0.0499167374908698	0.21565495145811	"Prevalence association possibly induced by stronger abundance association"	"prevalence"	47	41
"Muribaculum sp910587665"	"Sex"	"M"	"SexM"	-1.80242333677463	0	1.14593316248449	0.115744993333987	0.437735322862745	4.49879677766329e-06	0.00153934336591087	"Prevalence association possibly induced by stronger abundance association"	"prevalence"	47	41
"Parvibacter caecicola"	"Sex"	"M"	"SexM"	-1.80242333677463	0	1.14593316248449	0.115744993333987	0.437735322862745	1.29769740508934e-08	3.05737508639048e-05	"Prevalence association possibly induced by stronger abundance association"	"prevalence"	47	41
"MGYG000402809"	"Genotype"	"MUT"	"GenotypeMUT"	1.14645468607259	0	0.731369522251282	0.116987340994758	0.439008454987108	0.0645770886374244	0.249168029092128	"Prevalence association possibly induced by stronger abundance association"	"prevalence"	47	25
"RACS-045 sp910579785"	"Sex"	"M"	"SexM"	1.19698223518142	0	0.772335265212917	0.121184229628424	0.447607230416281	0.000167767867533808	0.0215596961405264	"Prevalence association possibly induced by stronger abundance association"	"prevalence"	47	37
"Dysosmobacter sp910586735"	"Sex"	"M"	"SexM"	-1.48516376360265	0	0.962495699110659	0.122822482582694	0.449981761080098	2.22205649890173e-05	0.00461926333359923	"Prevalence association possibly induced by stronger abundance association"	"prevalence"	47	39
"MGBC163016 sp910585565"	"Sex"	"M"	"SexM"	-1.26155377503028	0	0.835399273243812	0.131012616324093	0.464395882786438	0.000430351585934741	0.0395029221998279	"Prevalence association possibly induced by stronger abundance association"	"prevalence"	47	36
"Duncaniella dubosii"	"Sex"	"M"	"SexM"	-1.7440891418703	0	1.16062773276062	0.132913344625305	0.466839934977455	0.0124459585302242	0.114431430947284	"Prevalence association possibly induced by stronger abundance association"	"prevalence"	47	42
"RGIG4284 sp910576205"	"Sex"	"M"	"SexM"	-1.37801405409296	0	0.919126478590364	0.133804928236675	0.468871213517004	0.0328662663447561	0.171818617252024	"Prevalence association possibly induced by stronger abundance association"	"prevalence"	47	39
"Acutalibacter sp910587835"	"Sex"	"M"	"SexM"	-1.02944784915277	0	0.702613602537737	0.142874745299377	0.482172316537543	0.0091445237336969	0.104562659028731	"Prevalence association possibly induced by stronger abundance association"	"prevalence"	47	33
"MGYG000399267"	"Sex"	"M"	"SexM"	-1.38888069480786	0	0.952109729777843	0.144636639549894	0.485210688986632	0.0256346180662633	0.14986392100277	"Prevalence association possibly induced by stronger abundance association"	"prevalence"	47	39
"MGYG000329509"	"Sex"	"M"	"SexM"	-1.11183369994306	0	0.768257809742349	0.147836908455294	0.491676192124831	0.0231825148939317	0.14467350574768	"Prevalence association possibly induced by stronger abundance association"	"prevalence"	47	29
"MGYG000410711"	"Sex"	"M"	"SexM"	-1.2203749173259	0	0.849909900250389	0.151034384265776	0.495668456322582	4.16488804333426e-06	0.00153934336591087	"Prevalence association possibly induced by stronger abundance association"	"prevalence"	47	36
"MGYG000329300"	"Genotype"	"MUT"	"GenotypeMUT"	-1.28993654407543	0	0.901882224176851	0.152639078628658	0.497530880711074	0.0137723474269293	0.117426217090615	"Prevalence association possibly induced by stronger abundance association"	"prevalence"	47	39
"Paralachnospira_A sp910579325"	"Genotype"	"MUT"	"GenotypeMUT"	1.01767705733397	0	0.712555284583875	0.153232039263049	0.497990117116513	0.0181319437067211	0.12986676350825	"Prevalence association possibly induced by stronger abundance association"	"prevalence"	47	18
"Paramuribaculum sp001689535"	"Genotype"	"MUT"	"GenotypeMUT"	-1.86630073243579	0	1.30925504842754	0.154022061538092	0.499377059628769	2.5753930454897e-07	0.000151690650379344	"Prevalence association possibly induced by stronger abundance association"	"prevalence"	47	45
"Acutalibacter sp910588935"	"Sex"	"M"	"SexM"	-1.03600151859327	0	0.733527982175133	0.157845617780157	0.50395199195468	1.27820098105857e-06	0.000596276656739725	"Prevalence association possibly induced by stronger abundance association"	"prevalence"	47	35
"Pelethomonas sp910579485"	"Sex"	"M"	"SexM"	-1.32808800963325	0	0.942080895402519	0.158616817618437	0.505250855282364	0.00456468342437599	0.0960930091857962	"Prevalence association possibly induced by stronger abundance association"	"prevalence"	47	40
"MGYG000410251"	"Genotype"	"MUT"	"GenotypeMUT"	1.06997294449969	0	0.759224500741835	0.158747313654361	0.505286635008399	0.0111186494850695	0.109299881168944	"Prevalence association possibly induced by stronger abundance association"	"prevalence"	47	32
"Enterenecus sp910587285"	"Genotype"	"MUT"	"GenotypeMUT"	-1.23573413661515	0	0.877094792333683	0.158866329796106	0.505435281229155	2.02033668488255e-05	0.00453514963881687	"Prevalence association possibly induced by stronger abundance association"	"prevalence"	47	38
"MGBC163016 sp910589125"	"Sex"	"M"	"SexM"	-1.10138800520595	0	0.783198367556157	0.159644102548605	0.507057025017579	7.27018035402427e-05	0.0131758037800624	"Prevalence association possibly induced by stronger abundance association"	"prevalence"	47	34
"Pelethomonas sp910579965"	"Sex"	"M"	"SexM"	-1.1555170321584	0	0.823498203940836	0.160562872280819	0.508482571261096	0.0158331132615857	0.123519254451311	"Prevalence association possibly induced by stronger abundance association"	"prevalence"	47	38
"Acutalibacter sp009936035"	"Sex"	"M"	"SexM"	-1.61019146358655	0	1.14842177552771	0.160888171017255	0.509104651572694	0.0439396153464702	0.199080257223623	"Prevalence association possibly induced by stronger abundance association"	"prevalence"	47	42
"Adlercreutzia muris"	"Sex"	"M"	"SexM"	-1.61090951346622	0	1.15213338479575	0.162053898854519	0.510014483267156	0.00341207383693076	0.0914858855441843	"Prevalence association possibly induced by stronger abundance association"	"prevalence"	47	42
"D16-34 sp910575165"	"Sex"	"M"	"SexM"	-1.61090951346622	0	1.15213338479575	0.162053898854519	0.510014483267156	8.91980722057539e-05	0.0152775294853067	"Prevalence association possibly induced by stronger abundance association"	"prevalence"	47	42
"D16-63 sp910588095"	"Sex"	"M"	"SexM"	-1.61090951346622	0	1.15213338479575	0.162053898854519	0.510014483267156	2.20650854476645e-07	0.000141778203585539	"Prevalence association possibly induced by stronger abundance association"	"prevalence"	47	42
"Enterorhabdus sp009911695"	"Sex"	"M"	"SexM"	-1.61090951346622	0	1.15213338479575	0.162053898854519	0.510014483267156	1.7073303656634e-05	0.00416117621534789	"Prevalence association possibly induced by stronger abundance association"	"prevalence"	47	42
"MGBC163016 sp910588205"	"Sex"	"M"	"SexM"	-1.61090951346622	0	1.15213338479575	0.162053898854519	0.510014483267156	0.02404010325803	0.146060981620493	"Prevalence association possibly induced by stronger abundance association"	"prevalence"	47	42
"MGYG000329984"	"Sex"	"M"	"SexM"	-1.61090951346622	0	1.15213338479575	0.162053898854519	0.510014483267156	3.01675753267006e-08	3.50439497430268e-05	"Prevalence association possibly induced by stronger abundance association"	"prevalence"	47	42
"QXXE01 sp009911355"	"Sex"	"M"	"SexM"	-1.61090951346622	0	1.15213338479575	0.162053898854519	0.510014483267156	0.000136293859941183	0.0181759434351752	"Prevalence association possibly induced by stronger abundance association"	"prevalence"	47	42
"Desulfovibrio sp910587035"	"Sex"	"M"	"SexM"	-1.59988032358004	0	1.15052401989214	0.164356877508693	0.512042666873009	0.0139057362344149	0.117426217090615	"Prevalence association possibly induced by stronger abundance association"	"prevalence"	47	42
"UBA3282 sp009774215"	"Sex"	"M"	"SexM"	0.987274792884306	0	0.711675150694831	0.165364070318943	0.514547296484065	0.0003041567924571	0.0311562349143012	"Prevalence association possibly induced by stronger abundance association"	"prevalence"	47	30
"Dysosmobacter sp910584075"	"Sex"	"M"	"SexM"	-0.960200819362755	0	0.692653509498218	0.165666219463296	0.515156777689916	0.0184274116013756	0.130227812939032	"Prevalence association possibly induced by stronger abundance association"	"prevalence"	47	19
"MGYG000410694"	"Sex"	"M"	"SexM"	-1.61107384376039	0	1.16894542632072	0.168132765822359	0.519442375744232	0.0370978131161147	0.181648203758545	"Prevalence association possibly induced by stronger abundance association"	"prevalence"	47	42
"Parasutterella sp009767915"	"Genotype"	"MUT"	"GenotypeMUT"	1.69826015278779	0	1.2343451140462	0.168871482768438	0.52094217402934	0.00102904789058789	0.0610103866648535	"Prevalence association possibly induced by stronger abundance association"	"prevalence"	47	42
"Enterenecus sp910587205"	"Genotype"	"MUT"	"GenotypeMUT"	1.05646078077778	0	0.769781357357656	0.169933758057767	0.522839865994157	0.00494381078435291	0.097327988084125	"Prevalence association possibly induced by stronger abundance association"	"prevalence"	47	29
"MGYG000330019"	"Sex"	"M"	"SexM"	-1.17591164754064	0	0.861334462627426	0.172183690736275	0.526195354258756	0.0159469325349724	0.124270032146841	"Prevalence association possibly induced by stronger abundance association"	"prevalence"	47	29
"MGYG000368565"	"Genotype"	"MUT"	"GenotypeMUT"	1.30898541067204	0	0.96134771743619	0.173319439119271	0.528170398939221	0.0347127189449394	0.175625982464447	"Prevalence association possibly induced by stronger abundance association"	"prevalence"	47	7
"MGYG000328896"	"Sex"	"M"	"SexM"	-0.900782197654934	0	0.67676624453001	0.183185935181558	0.543951055799188	0.0117467359008891	0.111294811457754	"Prevalence association possibly induced by stronger abundance association"	"prevalence"	47	28
"UBA1405 sp022800935"	"Genotype"	"MUT"	"GenotypeMUT"	1.25674305877504	0	0.968782286355804	0.194548648076936	0.560445331669971	0.000860195503944894	0.0596064884498285	"Prevalence association possibly induced by stronger abundance association"	"prevalence"	47	40
"14-2 sp000403315"	"Sex"	"M"	"SexM"	-1.10363081232441	0	0.85161537889153	0.1950008589815	0.561492464282945	0.000736886265924164	0.0554075758250212	"Prevalence association possibly induced by stronger abundance association"	"prevalence"	47	34
"MGBC118957 sp910584385"	"Genotype"	"MUT"	"GenotypeMUT"	1.24037489673648	0	0.958770155434365	0.195764038909723	0.561982914516725	0.00071639222107367	0.0549421937109584	"Prevalence association possibly induced by stronger abundance association"	"prevalence"	47	35
"14-2 sp910588845"	"Sex"	"M"	"SexM"	-1.55884224264101	0	1.20623649270241	0.196246722100582	0.562623926598168	0.03674036971687	0.180962322758772	"Prevalence association possibly induced by stronger abundance association"	"prevalence"	47	43
"CAG-485 sp009775355"	"Genotype"	"MUT"	"GenotypeMUT"	-1.15208944849756	0	0.89511431838978	0.198064181838	0.564688071257321	0.0183755833440592	0.130047180727321	"Prevalence association possibly induced by stronger abundance association"	"prevalence"	47	38
"CAJFPI01 sp022801715"	"Genotype"	"MUT"	"GenotypeMUT"	0.988203016803348	0	0.771857381913198	0.200442375664215	0.568406043627671	3.01831661126961e-05	0.00609527480241532	"Prevalence association possibly induced by stronger abundance association"	"prevalence"	47	34
"UBA3282 sp910578115"	"Genotype"	"MUT"	"GenotypeMUT"	0.865914687551084	0	0.680159733439044	0.202980821396233	0.572184664620448	0.00112189949855068	0.0619498879355955	"Prevalence association possibly induced by stronger abundance association"	"prevalence"	47	30
"Muribaculum sp910589555"	"Genotype"	"MUT"	"GenotypeMUT"	-1.13772870625762	0	0.897630213936756	0.204983566098304	0.573790796035457	0.0274645579803272	0.155047520610985	"Prevalence association possibly induced by stronger abundance association"	"prevalence"	47	38
"MGYG000410288"	"Sex"	"M"	"SexM"	-0.955795036450369	0	0.75479841124556	0.205408632739838	0.574472486350171	0.0224144129032759	0.143241474141369	"Prevalence association possibly induced by stronger abundance association"	"prevalence"	47	25
"CAG-510 sp910577105"	"Sex"	"M"	"SexM"	-0.848714848531614	0	0.670910455540175	0.205864316630335	0.574984668999731	0.0572425235667888	0.23132656178963	"Prevalence association possibly induced by stronger abundance association"	"prevalence"	47	30
"ZJ304 sp910584145"	"Genotype"	"MUT"	"GenotypeMUT"	-1.25659136527385	0	0.999040226388153	0.208464614036379	0.577777380469369	0.000181697350975618	0.0223067369333427	"Prevalence association possibly induced by stronger abundance association"	"prevalence"	47	43
"MGYG000411020"	"Genotype"	"MUT"	"GenotypeMUT"	1.03985196705901	0	0.845167885300254	0.218566219123562	0.590525336534908	0.0184807696586291	0.130361357232725	"Prevalence association possibly induced by stronger abundance association"	"prevalence"	47	36
"MGYG000330231"	"Site"	"Jejunum"	"SiteJejunum"	-0.91070519434345	0	0.741952105315394	0.219655486862053	0.591322661144166	0.00928273106127275	0.104562659028731	"Prevalence association possibly induced by stronger abundance association"	"prevalence"	47	22
"CAG-485 sp009775365"	"Sex"	"M"	"SexM"	-1.43615450542317	0	1.17059905184521	0.219877349610185	0.591668259218905	0.0173650217942496	0.127900452219167	"Prevalence association possibly induced by stronger abundance association"	"prevalence"	47	43
"Bacteroides caecimuris"	"Genotype"	"MUT"	"GenotypeMUT"	1.48456214346014	0	1.22391620920847	0.225144883358267	0.597799284265385	4.57360083250258e-06	0.00153934336591087	"Prevalence association possibly induced by stronger abundance association"	"prevalence"	47	43
"MGYG000323047"	"Genotype"	"MUT"	"GenotypeMUT"	1.48456214346014	0	1.22391620920847	0.225144883358267	0.597799284265385	2.26419936133482e-08	3.34371275446443e-05	"Prevalence association possibly induced by stronger abundance association"	"prevalence"	47	43
"Parabacteroides distasonis"	"Genotype"	"MUT"	"GenotypeMUT"	1.48456214346014	0	1.22391620920847	0.225144883358267	0.597799284265385	0.000625898733035091	0.0497062050010339	"Prevalence association possibly induced by stronger abundance association"	"prevalence"	47	43
"CAG-873 sp002490635"	"Sex"	"M"	"SexM"	-1.41158188881167	0	1.1726416793016	0.228681450492077	0.601295871130622	1.28256185206732e-05	0.00335746191496734	"Prevalence association possibly induced by stronger abundance association"	"prevalence"	47	43
"Turicimonas muris"	"Sex"	"M"	"SexM"	-1.41158188881167	0	1.1726416793016	0.228681450492077	0.601295871130622	0.0404262267261571	0.189544535238113	"Prevalence association possibly induced by stronger abundance association"	"prevalence"	47	43
"Coproplasma sp910586035"	"Genotype"	"MUT"	"GenotypeMUT"	0.991137011096629	0	0.824087568179571	0.229089196031373	0.601995234246443	0.0168487802933033	0.12652598317515	"Prevalence association possibly induced by stronger abundance association"	"prevalence"	47	9
"Desulfovibrio sp910575755"	"Sex"	"M"	"SexM"	-1.40103098092412	0	1.18275893377177	0.236197461033196	0.607392222734517	0.00624558054870272	0.101479915674094	"Prevalence association possibly induced by stronger abundance association"	"prevalence"	47	43
"Mailhella sp910579055"	"Sex"	"M"	"SexM"	-1.40103098092412	0	1.18275893377177	0.236197461033196	0.607392222734517	0.0138839478357694	0.117426217090615	"Prevalence association possibly induced by stronger abundance association"	"prevalence"	47	43
"MGYG000411523"	"Sequencing_Depth"	"Sequencing_Depth"	"Sequencing_Depth"	0.444401232035064	0	0.373715469684797	0.23438329755431	0.607392222734517	0.00180200063745417	0.0765481228836149	"Prevalence association possibly induced by stronger abundance association"	"prevalence"	47	21
"Dysosmobacter sp910588175"	"Sex"	"M"	"SexM"	-0.862302455290278	0	0.729863714120825	0.237421301353075	0.609514154274133	0.0267202951423795	0.152964042214422	"Prevalence association possibly induced by stronger abundance association"	"prevalence"	47	33
"MGYG000329437"	"Genotype"	"MUT"	"GenotypeMUT"	-0.971960202928048	0	0.82710395367138	0.23994003371701	0.612454314738841	0.0145407245419609	0.119105587561808	"Prevalence association possibly induced by stronger abundance association"	"prevalence"	47	34
"Kineothrix sp910576535"	"Sex"	"M"	"SexM"	-0.869094225978757	0	0.747646939532158	0.245057045247069	0.619024561711713	0.0492750058485892	0.213928588045349	"Prevalence association possibly induced by stronger abundance association"	"prevalence"	47	34
"Dysosmobacter sp910583695"	"Sex"	"M"	"SexM"	-0.872332509301704	0	0.756286292197734	0.248728937170673	0.622889425161375	0.0265307171646554	0.152454560097386	"Prevalence association possibly induced by stronger abundance association"	"prevalence"	47	36
"MGYG000366359"	"Sex"	"M"	"SexM"	0.891226798908252	0	0.779535651012609	0.252922739547539	0.626957862877689	0.0119322679162117	0.11220699251487	"Prevalence association possibly induced by stronger abundance association"	"prevalence"	47	28
"UBA3282 sp910578645"	"Genotype"	"MUT"	"GenotypeMUT"	0.844915917343016	0	0.739568923552161	0.253269601767914	0.627247073761266	0.0390286846033132	0.185554058669476	"Prevalence association possibly induced by stronger abundance association"	"prevalence"	47	17
"UBA3282 sp910588215"	"Genotype"	"MUT"	"GenotypeMUT"	0.910832176290561	0	0.79846115416706	0.253980429871617	0.627784472039626	0.00587680460637552	0.10033536636344	"Prevalence association possibly induced by stronger abundance association"	"prevalence"	47	36
"MGYG000325515"	"Sex"	"M"	"SexM"	-0.947256399301065	0	0.83529016868947	0.256775792996851	0.630229661175621	0.0553489848249704	0.227051453453501	"Prevalence association possibly induced by stronger abundance association"	"prevalence"	47	21
"CAJUPY01 sp014802535"	"Genotype"	"MUT"	"GenotypeMUT"	-0.773248573939001	0	0.691620279456885	0.263556432898603	0.636781318501721	0.0200939826937083	0.135525813476303	"Prevalence association possibly induced by stronger abundance association"	"prevalence"	47	21
"Duncaniella dubosii"	"Genotype"	"MUT"	"GenotypeMUT"	-1.08546224287146	0	0.972763708502697	0.264484648964842	0.637714519195822	0.0013814821607514	0.068573706357638	"Prevalence association possibly induced by stronger abundance association"	"prevalence"	47	42
"MGYG000328306"	"Genotype"	"MUT"	"GenotypeMUT"	-0.966807550690696	0	0.880013243814943	0.271930180556762	0.646523708769252	0.000359934548986862	0.0353335748922103	"Prevalence association possibly induced by stronger abundance association"	"prevalence"	47	37
"NSJ-51 sp910585415"	"Genotype"	"MUT"	"GenotypeMUT"	1.33779681212847	0	1.23033009853384	0.276883100245248	0.650963276913883	6.55226782431129e-05	0.0125166024276303	"Prevalence association possibly induced by stronger abundance association"	"prevalence"	47	44
"Lawsonibacter sp910578735"	"Genotype"	"MUT"	"GenotypeMUT"	1.03159295145407	0	0.955534891029855	0.280321514909536	0.652490467677902	0.0567189836966482	0.229999871926511	"Prevalence association possibly induced by stronger abundance association"	"prevalence"	47	40
"MGYG000327450"	"Sex"	"M"	"SexM"	-1.01159559845252	0	0.935381097731619	0.279483819388966	0.652490467677902	0.0488028119975814	0.212646760435212	"Prevalence association possibly induced by stronger abundance association"	"prevalence"	47	41
"MGYG000329420"	"Sex"	"M"	"SexM"	0.781842444114249	0	0.73004706331319	0.2841928104061	0.656403423690805	0.00658230585884401	0.102020167783013	"Prevalence association possibly induced by stronger abundance association"	"prevalence"	47	23
"CAG-95 sp910585005"	"Sex"	"M"	"SexM"	0.85860171804181	0	0.8154741271444	0.292393003697494	0.665705910567542	0.00344207147658149	0.0914858855441843	"Prevalence association possibly induced by stronger abundance association"	"prevalence"	47	32
"Enterenecus sp910587285"	"Sex"	"M"	"SexM"	-0.878986413346997	0	0.842610737526632	0.29686947156999	0.67093259596589	0.000121481218028352	0.0169827941297058	"Prevalence association possibly induced by stronger abundance association"	"prevalence"	47	38
"Paramuribaculum intestinale"	"Sex"	"M"	"SexM"	-1.21981280953406	0	1.18979411198512	0.305254599846545	0.680168334576353	0.000722923601459979	0.0549421937109584	"Prevalence association possibly induced by stronger abundance association"	"prevalence"	47	44
"Choladocola sp910575445"	"Sex"	"M"	"SexM"	-0.805405190769088	0	0.787030421845328	0.306143827129543	0.680876410632358	0.00709320795118185	0.103158011932003	"Prevalence association possibly induced by stronger abundance association"	"prevalence"	47	35
"CAG-603 sp910583605"	"Genotype"	"MUT"	"GenotypeMUT"	0.808244663646797	0	0.791430167125673	0.30713804036869	0.681599189696965	0.0273608764274438	0.154870243458871	"Prevalence association possibly induced by stronger abundance association"	"prevalence"	47	27
"Lachnospira sp910589305"	"Genotype"	"MUT"	"GenotypeMUT"	0.74495427366423	0	0.73189225946374	0.308750715630913	0.682311665796398	9.1688149808089e-06	0.00281761670801554	"Prevalence association possibly induced by stronger abundance association"	"prevalence"	47	22
"Eubacterium_F sp910585745"	"Genotype"	"MUT"	"GenotypeMUT"	0.850958307742719	0	0.844268928597335	0.313491294610205	0.687242770297604	0.000480583535589219	0.0414239564578609	"Prevalence association possibly induced by stronger abundance association"	"prevalence"	47	36
"Pelethomonas sp910578505"	"Sex"	"M"	"SexM"	-0.8111767578869	0	0.804885738648071	0.313542784031622	0.687242770297604	0.000111705836080334	0.0166194065226913	"Prevalence association possibly induced by stronger abundance association"	"prevalence"	47	37
"MGYG000353267"	"Sex"	"M"	"SexM"	-1.21301701288447	0	1.23043804410076	0.3242108472598	0.693102669247516	0.0243497078245201	0.146222374599582	"Prevalence association possibly induced by stronger abundance association"	"prevalence"	47	44
"Sporofaciens sp009774295"	"Sex"	"M"	"SexM"	-1.21301701288447	0	1.23043804410076	0.3242108472598	0.693102669247516	0.0134427685210863	0.117052310066257	"Prevalence association possibly induced by stronger abundance association"	"prevalence"	47	44
"Coprocola sp910587735"	"Site"	"Jejunum"	"SiteJejunum"	-0.88685135787414	0	0.907096352541159	0.32823185515675	0.697926897795085	0.0176067620276188	0.12861940368317	"Prevalence association possibly induced by stronger abundance association"	"prevalence"	47	8
"Parasutterella excrementihominis"	"Sex"	"M"	"SexM"	0.743479497444368	0	0.760394755180263	0.328195692105107	0.697926897795085	0.00523730674734724	0.0984003589832887	"Prevalence association possibly induced by stronger abundance association"	"prevalence"	47	20
"CAG-485 sp002361155"	"Sex"	"M"	"SexM"	-1.15042312641773	0	1.17776779125399	0.328676774771558	0.698187222741024	0.000214020728107389	0.0240110874010004	"Prevalence association possibly induced by stronger abundance association"	"prevalence"	47	44
"CAG-485 sp002361215"	"Sex"	"M"	"SexM"	-1.15042312641773	0	1.17776779125399	0.328676774771558	0.698187222741024	0.00981474376545544	0.105076319492646	"Prevalence association possibly induced by stronger abundance association"	"prevalence"	47	44
"UBA7173 sp001689685"	"Sex"	"M"	"SexM"	-1.15042312641773	0	1.17776779125399	0.328676774771558	0.698187222741024	0.061423728182757	0.242197388171251	"Prevalence association possibly induced by stronger abundance association"	"prevalence"	47	44
"Acetatifactor sp910585425"	"Genotype"	"MUT"	"GenotypeMUT"	0.767951900200339	0	0.787640075173747	0.32955847964395	0.699220790367603	0.00260335825812441	0.0867949819265252	"Prevalence association possibly induced by stronger abundance association"	"prevalence"	47	39
"COE1 sp009774395"	"Sex"	"M"	"SexM"	-0.847849308471845	0	0.877403693402643	0.333886035999713	0.704036222502809	0.0167401784301844	0.126370084185897	"Prevalence association possibly induced by stronger abundance association"	"prevalence"	47	38
"Paramuribaculum sp910587425"	"Sex"	"M"	"SexM"	-0.980069175848398	0	1.01857768233565	0.335952240719611	0.705338109641539	0.000895370807613816	0.0601090157435563	"Prevalence association possibly induced by stronger abundance association"	"prevalence"	47	42
"Dysosmobacter sp910588005"	"Genotype"	"MUT"	"GenotypeMUT"	-0.631322677775623	0	0.659773272902066	0.338628723437967	0.708001259324284	0.0350670121081531	0.176659758788615	"Prevalence association possibly induced by stronger abundance association"	"prevalence"	47	25
"Enterenecus sp910575695"	"Sex"	"M"	"SexM"	-1.15881968495908	0	1.21113129926384	0.338664353346717	0.708001259324284	0.0510481279470838	0.218274753980634	"Prevalence association possibly induced by stronger abundance association"	"prevalence"	47	44
"Eubacterium_J sp910580075"	"Sex"	"M"	"SexM"	-0.767821862304187	0	0.811241479785495	0.343905058724628	0.713023960843532	0.0112531186627753	0.109438753402103	"Prevalence association possibly induced by stronger abundance association"	"prevalence"	47	28
"MGYG000331010"	"Genotype"	"MUT"	"GenotypeMUT"	-0.703257779076029	0	0.749259758958276	0.347934391532382	0.716122524880795	0.0107007269146431	0.1083563579265	"Prevalence association possibly induced by stronger abundance association"	"prevalence"	47	24
"UBA7173 sp002491305"	"Genotype"	"MUT"	"GenotypeMUT"	-0.868406878593697	0	0.925104694285697	0.347878630203103	0.716122524880795	0.0259122558011735	0.150614986844321	"Prevalence association possibly induced by stronger abundance association"	"prevalence"	47	39
"Dielma fastidiosa"	"Genotype"	"MUT"	"GenotypeMUT"	-0.80155389251329	0	0.86163558604431	0.352231212898986	0.719195881368128	0.0263522650515647	0.151799355651556	"Prevalence association possibly induced by stronger abundance association"	"prevalence"	47	9
"Paramuribaculum intestinale"	"Genotype"	"MUT"	"GenotypeMUT"	-0.975239758119345	0	1.05405976608217	0.354850208570712	0.722369562574474	0.00011107566609514	0.0166194065226913	"Prevalence association possibly induced by stronger abundance association"	"prevalence"	47	44
"Dysosmobacter sp910579365"	"Sex"	"M"	"SexM"	-0.672748262138883	0	0.73575420343078	0.360524822256841	0.726356373112817	0.0297930361267256	0.162264863854642	"Prevalence association possibly induced by stronger abundance association"	"prevalence"	47	34
"MGYG000328896"	"Genotype"	"MUT"	"GenotypeMUT"	0.621881900993904	0	0.682244952211472	0.362019922497431	0.727233403938629	0.000122541383788199	0.0169827941297058	"Prevalence association possibly induced by stronger abundance association"	"prevalence"	47	28
"Clostridioides difficile"	"Sex"	"M"	"SexM"	0.739383847515505	0	0.814483262044195	0.363986531055316	0.72806168024088	0.00326193604656666	0.0914858855441843	"Prevalence association possibly induced by stronger abundance association"	"prevalence"	47	20
"Acutalibacter sp910589395"	"Genotype"	"MUT"	"GenotypeMUT"	-0.656904849851894	0	0.730760120717439	0.368688012281064	0.731566153078194	0.0371865618326765	0.181648203758545	"Prevalence association possibly induced by stronger abundance association"	"prevalence"	47	33
"Lactobacillus intestinalis"	"Sex"	"M"	"SexM"	-0.71882680445108	0	0.800221008948434	0.36903344391997	0.732003763512373	0.00255450560741677	0.0862988891295214	"Prevalence association possibly induced by stronger abundance association"	"prevalence"	47	38
"UBA3282 sp003612405"	"Genotype"	"MUT"	"GenotypeMUT"	0.688762439267272	0	0.767294092117824	0.369371549880702	0.732086318078679	0.0339315227314818	0.173998480802472	"Prevalence association possibly induced by stronger abundance association"	"prevalence"	47	20
"Acutalibacter ornithocaccae"	"Genotype"	"MUT"	"GenotypeMUT"	0.70633726888015	0	0.79438204601805	0.373914033190122	0.734596280012504	0.061681935391952	0.242743830373228	"Prevalence association possibly induced by stronger abundance association"	"prevalence"	47	10
"1XD8-76 sp910573755"	"Genotype"	"MUT"	"GenotypeMUT"	1.09209297955752	0	1.23901465587015	0.378090238930005	0.736173857002923	0.0345949340735503	0.175155439850898	"Prevalence association possibly induced by stronger abundance association"	"prevalence"	47	44
"Acutalibacter sp910574935"	"Genotype"	"MUT"	"GenotypeMUT"	1.09209297955752	0	1.23901465587015	0.378090238930005	0.736173857002923	0.00438631063851558	0.0954309539530356	"Prevalence association possibly induced by stronger abundance association"	"prevalence"	47	44
"Sporofaciens sp000403455"	"Genotype"	"MUT"	"GenotypeMUT"	1.09209297955752	0	1.23901465587015	0.378090238930005	0.736173857002923	0.000421162022216759	0.0391680680661586	"Prevalence association possibly induced by stronger abundance association"	"prevalence"	47	44
"Sporofaciens sp910574715"	"Genotype"	"MUT"	"GenotypeMUT"	1.09209297955752	0	1.23901465587015	0.378090238930005	0.736173857002923	0.00817372468089927	0.104464558421264	"Prevalence association possibly induced by stronger abundance association"	"prevalence"	47	44
"Sporofaciens sp910575835"	"Genotype"	"MUT"	"GenotypeMUT"	1.09209297955752	0	1.23901465587015	0.378090238930005	0.736173857002923	0.0311685003980564	0.166893152131411	"Prevalence association possibly induced by stronger abundance association"	"prevalence"	47	44
"UBA7173 sp001689485"	"Genotype"	"MUT"	"GenotypeMUT"	1.09480264315395	0	1.23874831523155	0.376805545332143	0.736173857002923	2.08462039110735e-05	0.00453514963881687	"Prevalence association possibly induced by stronger abundance association"	"prevalence"	47	44
"Acetatifactor sp011959105"	"Genotype"	"MUT"	"GenotypeMUT"	0.736459635736859	0	0.835804666554728	0.378242883580676	0.736357800732728	0.0483899485513177	0.212039774557169	"Prevalence association possibly induced by stronger abundance association"	"prevalence"	47	11
"MGYG000329322"	"Genotype"	"MUT"	"GenotypeMUT"	0.78375562334502	0	0.892089715436763	0.379639111927296	0.736844999990997	0.0142534620757497	0.118584231473958	"Prevalence association possibly induced by stronger abundance association"	"prevalence"	47	39
"Pullibacteroides sp910586395"	"Genotype"	"MUT"	"GenotypeMUT"	-0.651988853164827	0	0.752032572865002	0.385959049555875	0.740671565991247	0.0133634944965988	0.117052310066257	"Prevalence association possibly induced by stronger abundance association"	"prevalence"	47	18
"Lawsonibacter sp022799835"	"Genotype"	"MUT"	"GenotypeMUT"	0.705153729057904	0	0.81865742364186	0.389043181879142	0.742405387091231	0.0642637880169086	0.248557458210716	"Prevalence association possibly induced by stronger abundance association"	"prevalence"	47	39
"Enterenecus sp910588495"	"Sex"	"M"	"SexM"	-0.831564232731479	0	0.97025488763813	0.391413105079463	0.744431808092253	0.00367608717755896	0.0918133200197261	"Prevalence association possibly induced by stronger abundance association"	"prevalence"	47	42
"MGYG000410706"	"Genotype"	"MUT"	"GenotypeMUT"	0.773912920620145	0	0.906588198503263	0.393296558451947	0.746160396326479	0.0647994901950804	0.249865137315236	"Prevalence association possibly induced by stronger abundance association"	"prevalence"	47	39
"Gallimonas sp910589015"	"Sex"	"M"	"SexM"	0.836712893057819	0	0.984473858283515	0.39537585052556	0.747893970893575	0.0186586379839807	0.13070292692842	"Prevalence association possibly induced by stronger abundance association"	"prevalence"	47	6
"MGYG000329032"	"Genotype"	"MUT"	"GenotypeMUT"	-0.721925032007963	0	0.859757728358917	0.401085441446224	0.751805052247342	0.000111708703842694	0.0166194065226913	"Prevalence association possibly induced by stronger abundance association"	"prevalence"	47	39
"Eisenbergiella sp910585455"	"Genotype"	"MUT"	"GenotypeMUT"	0.649333131929572	0	0.783524817484261	0.40725532072211	0.757180368042673	0.00607718403437518	0.10094081032036	"Prevalence association possibly induced by stronger abundance association"	"prevalence"	47	22
"MGYG000410015"	"Genotype"	"MUT"	"GenotypeMUT"	0.595973462770862	0	0.727588484358207	0.412724865002789	0.760225748138141	0.00756355295204969	0.104208951783796	"Prevalence association possibly induced by stronger abundance association"	"prevalence"	47	14
"Coproplasma sp910586035"	"Sex"	"M"	"SexM"	0.742031388641721	0	0.908198894564296	0.413907731557435	0.761518032856687	0.00502613407621755	0.097327988084125	"Prevalence association possibly induced by stronger abundance association"	"prevalence"	47	9
"Paramuribaculum sp001689535"	"Sex"	"M"	"SexM"	-0.990572345252063	0	1.25947546932979	0.431576995726065	0.772140815275118	0.00347508173015787	0.0914858855441843	"Prevalence association possibly induced by stronger abundance association"	"prevalence"	47	45
"Lachnoclostridium_B sp910588745"	"Genotype"	"MUT"	"GenotypeMUT"	0.535402850240082	0	0.680960476390419	0.431723038010119	0.772144743602454	0.052323130103898	0.219821492852179	"Prevalence association possibly induced by stronger abundance association"	"prevalence"	47	25
"MGYG000410955"	"Sex"	"M"	"SexM"	0.582338787359954	0	0.744303793239151	0.433983086213876	0.773360025366275	0.0192893606321656	0.132139678132694	"Prevalence association possibly induced by stronger abundance association"	"prevalence"	47	16
"CAG-510 sp910577015"	"Genotype"	"MUT"	"GenotypeMUT"	0.627592360111341	0	0.815518794231269	0.441559691081067	0.778340421905605	0.00214022669867586	0.0794216584854363	"Prevalence association possibly induced by stronger abundance association"	"prevalence"	47	14
"MGYG000346909"	"Genotype"	"MUT"	"GenotypeMUT"	0.667781257495338	0	0.871903747690027	0.443742509894778	0.780051356591895	0.000667969754939879	0.0524578914212785	"Prevalence association possibly induced by stronger abundance association"	"prevalence"	47	35
"MGYG000392954"	"Sex"	"M"	"SexM"	-0.689077644953475	0	0.925832629458013	0.456707793707709	0.786401838623221	0.0251379457921758	0.148393243829657	"Prevalence association possibly induced by stronger abundance association"	"prevalence"	47	42
"Dysosmobacter sp910583785"	"Sex"	"M"	"SexM"	-0.549416163631972	0	0.753680735178625	0.466015535026955	0.793474375643693	0.00135849542337185	0.068573706357638	"Prevalence association possibly induced by stronger abundance association"	"prevalence"	47	38
"Acutalibacter sp009936035"	"Genotype"	"MUT"	"GenotypeMUT"	0.706373306774578	0	0.990746600044733	0.475863881984609	0.799053836045286	0.0622822073443423	0.244288492492798	"Prevalence association possibly induced by stronger abundance association"	"prevalence"	47	42
"Eubacterium_F sp910575665"	"Sex"	"M"	"SexM"	0.603222595505687	0	0.839495761345749	0.472416089068112	0.799053836045286	0.0060741887790553	0.10094081032036	"Prevalence association possibly induced by stronger abundance association"	"prevalence"	47	38
"Paramuribaculum sp001689565"	"Sex"	"M"	"SexM"	-0.889149648860333	0	1.24465933799257	0.474997246642005	0.799053836045286	0.0089552685486507	0.104562659028731	"Prevalence association possibly induced by stronger abundance association"	"prevalence"	47	45
"CAG-873 sp002490635"	"Genotype"	"MUT"	"GenotypeMUT"	-0.704541431241299	0	1.00649835691966	0.483931907521273	0.800198687645129	0.00186167818673455	0.0767121323328136	"Prevalence association possibly induced by stronger abundance association"	"prevalence"	47	43
"Duncaniella sp001689575"	"Genotype"	"MUT"	"GenotypeMUT"	0.883166860405964	0	1.26070685649535	0.483594452306347	0.800198687645129	0.0505353969512636	0.217265319739374	"Prevalence association possibly induced by stronger abundance association"	"prevalence"	47	45
"Duncaniella sp910576785"	"Genotype"	"MUT"	"GenotypeMUT"	-0.906894026810433	0	1.28608692740183	0.480712137328791	0.800198687645129	0.000983243002536494	0.0610103866648535	"Prevalence association possibly induced by stronger abundance association"	"prevalence"	47	46
"Lawsonibacter sp910584605"	"Genotype"	"MUT"	"GenotypeMUT"	0.880222253953954	0	1.26091547747577	0.485125985857853	0.800198687645129	9.29447888891044e-05	0.0152775294853067	"Prevalence association possibly induced by stronger abundance association"	"prevalence"	47	45
"MGYG000325533"	"Sex"	"M"	"SexM"	0.652266966571975	0	0.934330000889905	0.485107166793351	0.800198687645129	0.0163165403193113	0.124878520185031	"Prevalence association possibly induced by stronger abundance association"	"prevalence"	47	6
"Muribaculum gordoncarteri"	"Genotype"	"MUT"	"GenotypeMUT"	-0.906894026810433	0	1.28608692740183	0.480712137328791	0.800198687645129	0.0109413390700894	0.109111799220052	"Prevalence association possibly induced by stronger abundance association"	"prevalence"	47	46
"Muribaculum intestinale"	"Genotype"	"MUT"	"GenotypeMUT"	-0.906894026810433	0	1.28608692740183	0.480712137328791	0.800198687645129	0.000582683999544198	0.047338051825039	"Prevalence association possibly induced by stronger abundance association"	"prevalence"	47	46
"Thomasclavelia ramosa"	"Sex"	"M"	"SexM"	0.576321238719639	0	0.823285296172318	0.483910971827252	0.800198687645129	0.00831640491329311	0.104464558421264	"Prevalence association possibly induced by stronger abundance association"	"prevalence"	47	28
"Turicimonas muris"	"Genotype"	"MUT"	"GenotypeMUT"	-0.704541431241299	0	1.00649835691966	0.483931907521273	0.800198687645129	0.00965524091198289	0.105011306048049	"Prevalence association possibly induced by stronger abundance association"	"prevalence"	47	43
"Zhenpiania sp910575405"	"Genotype"	"MUT"	"GenotypeMUT"	0.880222253953954	0	1.26091547747577	0.485125985857853	0.800198687645129	1.2703629268529e-06	0.000596276656739725	"Prevalence association possibly induced by stronger abundance association"	"prevalence"	47	45
"MGYG000329173"	"Genotype"	"MUT"	"GenotypeMUT"	0.476420868827146	0	0.685072948246477	0.486785327165223	0.800952641525723	0.00433511458248947	0.0951571113945205	"Prevalence association possibly induced by stronger abundance association"	"prevalence"	47	35
"MGYG000410931"	"Sex"	"M"	"SexM"	-0.533445141273591	0	0.775006208499012	0.491257083769159	0.802883430129117	0.0167527969556007	0.126370084185897	"Prevalence association possibly induced by stronger abundance association"	"prevalence"	47	11
"CAG-485 sp009775365"	"Genotype"	"MUT"	"GenotypeMUT"	-0.686354368480034	0	0.999035594103871	0.492072058771995	0.803201830100916	0.00681973852534445	0.102029124248726	"Prevalence association possibly induced by stronger abundance association"	"prevalence"	47	43
"Dysosmobacter sp910584075"	"Genotype"	"MUT"	"GenotypeMUT"	0.4677410315105	0	0.706289632959797	0.507810359896569	0.812316888104482	0.0254093789285814	0.14926265635508	"Prevalence association possibly induced by stronger abundance association"	"prevalence"	47	19
"Lawsonibacter sp009911645"	"Sex"	"M"	"SexM"	-0.502502736184529	0	0.760214184714815	0.508611334935319	0.812776452166553	0.0145573704529969	0.119105587561808	"Prevalence association possibly induced by stronger abundance association"	"prevalence"	47	34
"Acetatifactor sp910585615"	"Genotype"	"MUT"	"GenotypeMUT"	0.531048727344514	0	0.810232201576381	0.512192343296651	0.814654735691898	0.000195399324112944	0.0230180403805048	"Prevalence association possibly induced by stronger abundance association"	"prevalence"	47	40
"MGYG000325617"	"Sex"	"M"	"SexM"	-0.45736323618285	0	0.700774754420542	0.513979557780824	0.815710821320898	0.0378388888072176	0.182943720092969	"Prevalence association possibly induced by stronger abundance association"	"prevalence"	47	23
"MGYG000352925"	"Genotype"	"MUT"	"GenotypeMUT"	0.429483093281039	0	0.657934387889077	0.513901369187227	0.815710821320898	0.029542167421134	0.161987961322771	"Prevalence association possibly induced by stronger abundance association"	"prevalence"	47	21
"MGBC163016 sp910585565"	"Genotype"	"MUT"	"GenotypeMUT"	-0.545300214940904	0	0.838281640423995	0.515370836316141	0.816466088371679	0.00666394416343619	0.102020167783013	"Prevalence association possibly induced by stronger abundance association"	"prevalence"	47	36
"SIG307 sp910579465"	"Genotype"	"MUT"	"GenotypeMUT"	0.610245709180439	0	0.978841102241899	0.532997424366382	0.821937431875411	0.0137469086699569	0.117426217090615	"Prevalence association possibly induced by stronger abundance association"	"prevalence"	47	39
"UBA3282 sp910578115"	"Sex"	"M"	"SexM"	0.407202385084461	0	0.670797563579379	0.543822950100908	0.829162961018705	0.00660459553163195	0.102020167783013	"Prevalence association possibly induced by stronger abundance association"	"prevalence"	47	30
"Pelethomonas sp014237695"	"Genotype"	"MUT"	"GenotypeMUT"	-0.464022242369326	0	0.775123332420998	0.549410901682093	0.832867448322387	0.0148792030153511	0.120164852977322	"Prevalence association possibly induced by stronger abundance association"	"prevalence"	47	36
"MGYG000325747"	"Site"	"Jejunum"	"SiteJejunum"	0.416533733445025	0	0.698389548237058	0.550894454191621	0.833935009566069	0.0442404622798743	0.199675343163571	"Prevalence association possibly induced by stronger abundance association"	"prevalence"	47	25
"MGYG000325354"	"Genotype"	"MUT"	"GenotypeMUT"	-0.467850458284816	0	0.792533765620134	0.554974504565291	0.837334053081022	0.0115698094884611	0.110656851778678	"Prevalence association possibly induced by stronger abundance association"	"prevalence"	47	12
"Bifidobacterium longum"	"Site"	"Jejunum"	"SiteJejunum"	-0.443036132572803	0	0.76453388220031	0.562261774553089	0.840212048122854	0.00506729468398892	0.0973334488351443	"Prevalence association possibly induced by stronger abundance association"	"prevalence"	47	26
"MGYG000326632"	"Sex"	"M"	"SexM"	-0.449198126776166	0	0.778890514096905	0.564131751457751	0.840808396210015	0.00774426760062852	0.104464558421264	"Prevalence association possibly induced by stronger abundance association"	"prevalence"	47	34
"CAG-485 sp910589425"	"Site"	"Jejunum"	"SiteJejunum"	0.434536058380889	0	0.795654252464748	0.584971913128534	0.851981875086985	0.0301680877939106	0.163790429560499	"Prevalence association possibly induced by stronger abundance association"	"prevalence"	47	31
"Choladocola sp910587765"	"Genotype"	"MUT"	"GenotypeMUT"	-0.531850767639677	0	0.987254058852143	0.59008198600138	0.854899596978994	0.0174797310296585	0.128426963531836	"Prevalence association possibly induced by stronger abundance association"	"prevalence"	47	7
"UBA3282 sp009774655"	"Sex"	"M"	"SexM"	0.466588783239262	0	0.868197757581341	0.590975984740139	0.855705103504996	0.00147572449677469	0.0714412379671473	"Prevalence association possibly induced by stronger abundance association"	"prevalence"	47	42
"MGYG000323009"	"Genotype"	"MUT"	"GenotypeMUT"	0.382775156661685	0	0.724008340103086	0.597021294116978	0.856874040188948	0.0173840109264752	0.127900452219167	"Prevalence association possibly induced by stronger abundance association"	"prevalence"	47	23
"MGYG000328991"	"Genotype"	"MUT"	"GenotypeMUT"	0.397371561255592	0	0.752397625562256	0.597401912203149	0.856874040188948	0.052993076787972	0.221499152417142	"Prevalence association possibly induced by stronger abundance association"	"prevalence"	47	32
"MGYG000345025"	"Genotype"	"MUT"	"GenotypeMUT"	0.507104171750038	0	0.959947559427594	0.597317246349794	0.856874040188948	0.0251521089569793	0.148393243829657	"Prevalence association possibly induced by stronger abundance association"	"prevalence"	47	10
"Acutalibacter muris"	"Genotype"	"MUT"	"GenotypeMUT"	0.686688636665702	0	1.31307494216805	0.601000517999709	0.85892114224233	0.0368190807454017	0.181148030342305	"Prevalence association possibly induced by stronger abundance association"	"prevalence"	47	45
"Coproplasma sp910586035"	"Site"	"Jejunum"	"SiteJejunum"	-0.463091842424548	0	0.892259959752739	0.603753767239364	0.860179011866577	0.0294258674698922	0.16172786257947	"Prevalence association possibly induced by stronger abundance association"	"prevalence"	47	9
"Bifidobacterium animalis"	"Site"	"Jejunum"	"SiteJejunum"	-0.378444484131787	0	0.736628432133973	0.607425244966897	0.860890191047242	0.0390737825230749	0.185554058669476	"Prevalence association possibly induced by stronger abundance association"	"prevalence"	47	36
"MGYG000329571"	"Genotype"	"MUT"	"GenotypeMUT"	-0.416317079290083	0	0.816463799251726	0.610119644359454	0.862180487921651	0.0125103040673078	0.114431430947284	"Prevalence association possibly induced by stronger abundance association"	"prevalence"	47	11
"NM07-P-09 sp004793665"	"Genotype"	"MUT"	"GenotypeMUT"	0.661947529909951	0	1.30908408854652	0.613097461210056	0.864006540633401	1.32124175955539e-06	0.000596276656739725	"Prevalence association possibly induced by stronger abundance association"	"prevalence"	47	46
"RGIG8773 sp910584715"	"Genotype"	"MUT"	"GenotypeMUT"	0.408253749635299	0	0.818156940905269	0.61778503595478	0.866503444829433	0.0228912395596161	0.144331205358936	"Prevalence association possibly induced by stronger abundance association"	"prevalence"	47	30
"Bacteroides acidifaciens"	"Genotype"	"MUT"	"GenotypeMUT"	-0.417194510814689	0	0.85455418803827	0.625407226296641	0.869026680087728	0.0169571943078211	0.126804377030819	"Prevalence association possibly induced by stronger abundance association"	"prevalence"	47	38
"Kineothrix sp011958945"	"Sex"	"M"	"SexM"	-0.370375587590397	0	0.765951634268704	0.628705568185711	0.870010324062101	0.012464364912657	0.114431430947284	"Prevalence association possibly induced by stronger abundance association"	"prevalence"	47	39
"MGYG000326888"	"Sex"	"M"	"SexM"	-0.377016998709716	0	0.829551528537455	0.649481284513469	0.882379961293495	4.8670701126019e-05	0.00955568098774173	"Prevalence association possibly induced by stronger abundance association"	"prevalence"	47	40
"UBA7109 sp910576335"	"Sex"	"M"	"SexM"	-0.619958891341701	0	1.37458086834715	0.651977531614176	0.882550699943562	0.063863684782999	0.24787947503912	"Prevalence association possibly induced by stronger abundance association"	"prevalence"	47	46
"CAG-95 sp011959285"	"Site"	"Jejunum"	"SiteJejunum"	0.38479972940441	0	0.858832891677605	0.654117404110503	0.883651878466462	0.058085410164378	0.233531102981697	"Prevalence association possibly induced by stronger abundance association"	"prevalence"	47	8
"CAG-485 sp002493045"	"Sex"	"M"	"SexM"	-0.560465724509762	0	1.29450471885418	0.665045534820362	0.887802824272953	0.0163319336730413	0.124878520185031	"Prevalence association possibly induced by stronger abundance association"	"prevalence"	47	46
"MGYG000323516"	"Sex"	"M"	"SexM"	-0.341877134601077	0	0.78943895445734	0.66496869569155	0.887802824272953	0.0031332416113663	0.0914858855441843	"Prevalence association possibly induced by stronger abundance association"	"prevalence"	47	24
"Muribaculum gordoncarteri"	"Sex"	"M"	"SexM"	-0.560465724509762	0	1.29450471885418	0.665045534820362	0.887802824272953	3.47067979911131e-08	3.50439497430268e-05	"Prevalence association possibly induced by stronger abundance association"	"prevalence"	47	46
"Muribaculum intestinale"	"Sex"	"M"	"SexM"	-0.560465724509762	0	1.29450471885418	0.665045534820362	0.887802824272953	2.11742979741025e-05	0.00453514963881687	"Prevalence association possibly induced by stronger abundance association"	"prevalence"	47	46
"Choladocola sp910587765"	"Sex"	"M"	"SexM"	-0.441807555872793	0	1.02275000675076	0.665755943583888	0.88837642145107	0.0391007979449673	0.185554058669476	"Prevalence association possibly induced by stronger abundance association"	"prevalence"	47	7
"MGBC122484 sp910587245"	"Genotype"	"MUT"	"GenotypeMUT"	-0.305659741594056	0	0.707452595129235	0.665700093201945	0.88837642145107	0.0106532032080886	0.108185115337314	"Prevalence association possibly induced by stronger abundance association"	"prevalence"	47	19
"MGYG000324467"	"Genotype"	"MUT"	"GenotypeMUT"	0.363593481879995	0	0.844948606398748	0.666967014411267	0.889287440030488	0.0512166002866432	0.218593947841056	"Prevalence association possibly induced by stronger abundance association"	"prevalence"	47	31
"MGYG000330019"	"Genotype"	"MUT"	"GenotypeMUT"	0.373766093588175	0	0.903666627408416	0.679159310934567	0.896583026054173	0.00872047796334197	0.104464558421264	"Prevalence association possibly induced by stronger abundance association"	"prevalence"	47	29
"Butyribacter sp910579085"	"Genotype"	"MUT"	"GenotypeMUT"	0.369570444622906	0	0.937761359715415	0.693508240155168	0.899892062890387	0.0297990652636283	0.162264863854642	"Prevalence association possibly induced by stronger abundance association"	"prevalence"	47	7
"Muribaculum sp009775095"	"Sex"	"M"	"SexM"	-0.516987805498227	0	1.30317499559943	0.691578352277444	0.899892062890387	0.0315483502782499	0.167916223684483	"Prevalence association possibly induced by stronger abundance association"	"prevalence"	47	46
"NM07-P-09 sp004793665"	"Sex"	"M"	"SexM"	-0.516987805498227	0	1.30317499559943	0.691578352277444	0.899892062890387	0.000465094510710973	0.0406056298200232	"Prevalence association possibly induced by stronger abundance association"	"prevalence"	47	46
"Parabacteroides johnsonii"	"Sex"	"M"	"SexM"	0.329268568268307	0	0.830224462519593	0.691661078767933	0.899892062890387	0.0080936831979167	0.104464558421264	"Prevalence association possibly induced by stronger abundance association"	"prevalence"	47	9
"MGYG000411366"	"Genotype"	"MUT"	"GenotypeMUT"	0.287635381574356	0	0.743808587154663	0.698973736299873	0.903185948763148	0.00947600507299762	0.104562659028731	"Prevalence association possibly induced by stronger abundance association"	"prevalence"	47	31
"Caccovicinus sp910584785"	"Genotype"	"MUT"	"GenotypeMUT"	0.252415335596779	0	0.661609756706085	0.702819697293064	0.904783727638997	0.0362330129106385	0.179855291716545	"Prevalence association possibly induced by stronger abundance association"	"prevalence"	47	34
"Sporofaciens sp011960625"	"Genotype"	"MUT"	"GenotypeMUT"	0.251709691198113	0	0.663650775544549	0.704479698021157	0.905810596308461	0.0210466722539242	0.137484176978499	"Prevalence association possibly induced by stronger abundance association"	"prevalence"	47	21
"Choladocola sp910575445"	"Genotype"	"MUT"	"GenotypeMUT"	0.304921689730846	0	0.824202458794962	0.711412522233908	0.908317501153602	0.00750507087676944	0.104144017698043	"Prevalence association possibly induced by stronger abundance association"	"prevalence"	47	35
"MGYG000325313"	"Site"	"Jejunum"	"SiteJejunum"	0.258691131128391	0	0.708188527484803	0.714898163194833	0.909926283311174	0.00280002343189945	0.0877522107063756	"Prevalence association possibly induced by stronger abundance association"	"prevalence"	47	15
"MGYG000327375"	"Site"	"Jejunum"	"SiteJejunum"	-0.247088009071754	0	0.682332868398522	0.717260572696306	0.910828771524534	0.00474207607368871	0.0970465968650594	"Prevalence association possibly induced by stronger abundance association"	"prevalence"	47	12
"MGYG000325668"	"Genotype"	"MUT"	"GenotypeMUT"	-0.332739744931515	0	0.959825457505893	0.72884155711488	0.91547519860287	0.0134331585617067	0.117052310066257	"Prevalence association possibly induced by stronger abundance association"	"prevalence"	47	16
"Agrobacterium pusense"	"Sex"	"M"	"SexM"	0.278507793041529	0	0.808540455030376	0.730502281264416	0.915660732940052	0.0146130124383739	0.1192664802707	"Prevalence association possibly induced by stronger abundance association"	"prevalence"	47	8
"Mailhella sp910577155"	"Site"	"Jejunum"	"SiteJejunum"	0.23233044434729	0	0.71725605806357	0.74600191416061	0.923086254903504	0.014069657054026	0.117850168832316	"Prevalence association possibly induced by stronger abundance association"	"prevalence"	47	13
"Schaedlerella sp910574865"	"Genotype"	"MUT"	"GenotypeMUT"	0.441527906662698	0	1.37030902457116	0.747293257733909	0.92312949033746	0.00555751538751825	0.0997319558965519	"Prevalence association possibly induced by stronger abundance association"	"prevalence"	47	46
"MGYG000328404"	"Site"	"Jejunum"	"SiteJejunum"	0.234804180092862	0	0.780558517922749	0.763555110828954	0.930408220338169	0.00104549362368012	0.0610103866648535	"Prevalence association possibly induced by stronger abundance association"	"prevalence"	47	20
"Adlercreutzia hattorii"	"Site"	"Jejunum"	"SiteJejunum"	-0.251105584461179	0	0.864338533089921	0.771420263262007	0.933336923875144	0.0163059238085882	0.124878520185031	"Prevalence association possibly induced by stronger abundance association"	"prevalence"	47	38
"MGYG000327852"	"Site"	"Jejunum"	"SiteJejunum"	-0.251105584461179	0	0.864338533089921	0.771420263262007	0.933336923875144	0.0181350446494968	0.12986676350825	"Prevalence association possibly induced by stronger abundance association"	"prevalence"	47	38
"MD308 sp010206225"	"Genotype"	"MUT"	"GenotypeMUT"	0.390540888645441	0	1.3624581106423	0.774384669687366	0.933529490660953	3.98329770279204e-08	3.51924352041677e-05	"Prevalence association possibly induced by stronger abundance association"	"prevalence"	47	46
"Sporofaciens sp910574885"	"Genotype"	"MUT"	"GenotypeMUT"	0.390540888645441	0	1.3624581106423	0.774384669687366	0.933529490660953	0.0276933727547749	0.155717389523269	"Prevalence association possibly induced by stronger abundance association"	"prevalence"	47	46
"UBA3282 sp009774575"	"Site"	"Jejunum"	"SiteJejunum"	-0.246248642011863	0	0.891681509741611	0.782423562257493	0.936512275982433	0.0449721946647341	0.201690020234988	"Prevalence association possibly induced by stronger abundance association"	"prevalence"	47	11
"Dysosmobacter sp022797935"	"Sex"	"M"	"SexM"	-0.201561981205673	0	0.768939428053623	0.793221329910084	0.939329113539853	0.0551070424725935	0.227051453453501	"Prevalence association possibly induced by stronger abundance association"	"prevalence"	47	24
"Adlercreutzia sp910585575"	"Genotype"	"MUT"	"GenotypeMUT"	-0.22754983028985	0	0.885459914300358	0.797190427363157	0.940963627148966	0.0069985256046885	0.102029124248726	"Prevalence association possibly induced by stronger abundance association"	"prevalence"	47	39
"MGYG000325423"	"Genotype"	"MUT"	"GenotypeMUT"	0.223759936907173	0	0.949043480316779	0.813607914111481	0.944296144728826	0.0520800733662822	0.219593379002151	"Prevalence association possibly induced by stronger abundance association"	"prevalence"	47	7
"Cryptobacteroides sp910585445"	"Sex"	"M"	"SexM"	0.154992272789362	0	0.678831352325664	0.819395761488656	0.944751904051086	0.00546877780547528	0.0995165951934802	"Prevalence association possibly induced by stronger abundance association"	"prevalence"	47	24
"D16-34 sp910575165"	"Genotype"	"MUT"	"GenotypeMUT"	-0.217229976992271	0	0.950852823543476	0.819290169052564	0.944751904051086	0.000345492279462345	0.0343935131160543	"Prevalence association possibly induced by stronger abundance association"	"prevalence"	47	42
"D16-63 sp910588095"	"Genotype"	"MUT"	"GenotypeMUT"	-0.217229976992271	0	0.950852823543476	0.819290169052564	0.944751904051086	0.0138205614078362	0.117426217090615	"Prevalence association possibly induced by stronger abundance association"	"prevalence"	47	42
"Enterorhabdus sp009911695"	"Genotype"	"MUT"	"GenotypeMUT"	-0.217229976992271	0	0.950852823543476	0.819290169052564	0.944751904051086	0.0010814427147805	0.0610103866648535	"Prevalence association possibly induced by stronger abundance association"	"prevalence"	47	42
"MGBC163016 sp910589135"	"Genotype"	"MUT"	"GenotypeMUT"	-0.217229976992271	0	0.950852823543476	0.819290169052564	0.944751904051086	0.00542366652400705	0.0995165951934802	"Prevalence association possibly induced by stronger abundance association"	"prevalence"	47	42
"MGYG000329984"	"Genotype"	"MUT"	"GenotypeMUT"	-0.217229976992271	0	0.950852823543476	0.819290169052564	0.944751904051086	0.000125274039534551	0.0170276329121193	"Prevalence association possibly induced by stronger abundance association"	"prevalence"	47	42
"Parabacteroides sp910577325"	"Genotype"	"MUT"	"GenotypeMUT"	0.194345948543945	0	0.859942823714905	0.821202441996992	0.945323800545465	0.015153494403066	0.121434125216407	"Prevalence association possibly induced by stronger abundance association"	"prevalence"	47	9
"Fimivicinus sp900544375"	"Sex"	"M"	"SexM"	0.172725917040631	0	0.787783109925696	0.826450888494773	0.946561527604279	0.00568784949166323	0.0997319558965519	"Prevalence association possibly induced by stronger abundance association"	"prevalence"	47	18
"MGYG000325999"	"Site"	"Jejunum"	"SiteJejunum"	-0.178421241027224	0	0.914710968846721	0.845347928209621	0.956038926738813	0.0378111541285607	0.182943720092969	"Prevalence association possibly induced by stronger abundance association"	"prevalence"	47	10
"Butyribacter sp910575435"	"Genotype"	"MUT"	"GenotypeMUT"	0.18395950962189	0	1.00298712873542	0.854475046952377	0.959723780076357	7.06046775695857e-05	0.0131324700279429	"Prevalence association possibly induced by stronger abundance association"	"prevalence"	47	44
"MGYG000325668"	"Site"	"Jejunum"	"SiteJejunum"	-0.166295045210476	0	0.983441400675698	0.86572190047529	0.960230577171209	0.0188781097820916	0.13094257108913	"Prevalence association possibly induced by stronger abundance association"	"prevalence"	47	16
"MGYG000331077"	"Sex"	"M"	"SexM"	0.127546637028584	0	0.720928548959085	0.859571274303046	0.960230577171209	0.0102742250952188	0.106478332804995	"Prevalence association possibly induced by stronger abundance association"	"prevalence"	47	32
"Paralachnospira_A sp910588405"	"Genotype"	"MUT"	"GenotypeMUT"	0.121243493991401	0	0.695279968306082	0.861566183424289	0.960230577171209	0.0302705486855257	0.164199722263466	"Prevalence association possibly induced by stronger abundance association"	"prevalence"	47	24
"Fimiplasma sp910588165"	"Sex"	"M"	"SexM"	0.120258602759343	0	0.743571871292577	0.871517712152746	0.9625400227231	0.0144626455656067	0.119105587561808	"Prevalence association possibly induced by stronger abundance association"	"prevalence"	47	18
"UBA3282 sp009774655"	"Genotype"	"MUT"	"GenotypeMUT"	0.130222583508544	0	0.854779417450644	0.8789137148993	0.965317987262069	0.00172579964598163	0.0752959993691244	"Prevalence association possibly induced by stronger abundance association"	"prevalence"	47	42
"CAG-590 sp910585605"	"Sex"	"M"	"SexM"	-0.117003270938417	0	0.834524042898829	0.888499131553932	0.969954463752451	0.0461487017359842	0.205144040169771	"Prevalence association possibly induced by stronger abundance association"	"prevalence"	47	35
"MGYG000325446"	"Genotype"	"MUT"	"GenotypeMUT"	-0.0910591296529372	0	0.686858718112617	0.894530846332615	0.972529218075595	0.0129085149540032	0.115785177293055	"Prevalence association possibly induced by stronger abundance association"	"prevalence"	47	24
"Copromonas sp022792295"	"Sex"	"M"	"SexM"	0.0958483845769149	0	0.779698539375268	0.902162485421784	0.975062365391887	0.0190215778322693	0.131421810477497	"Prevalence association possibly induced by stronger abundance association"	"prevalence"	47	10
"Enterenecus sp910579155"	"Sex"	"M"	"SexM"	0.0918905013450979	0	0.781060044030144	0.90634621616294	0.97623320145096	0.000380195395666805	0.036313798061797	"Prevalence association possibly induced by stronger abundance association"	"prevalence"	47	37
"MGYG000329509"	"Genotype"	"MUT"	"GenotypeMUT"	0.087680738979841	0	0.794540519560501	0.912128618466426	0.977907423539739	0.0231661073299605	0.14467350574768	"Prevalence association possibly induced by stronger abundance association"	"prevalence"	47	29
"MGYG000330890"	"Site"	"Jejunum"	"SiteJejunum"	-0.0835736775818885	0	0.825781212424606	0.919387256666603	0.978674738693671	0.0310689425801339	0.166486191172393	"Prevalence association possibly induced by stronger abundance association"	"prevalence"	47	16
"COE1 sp002358575"	"Genotype"	"MUT"	"GenotypeMUT"	0.0839512736304783	0	0.842942095275631	0.920667318078775	0.978870539289657	0.0307700806093107	0.165561425954637	"Prevalence association possibly induced by stronger abundance association"	"prevalence"	47	37
"MGYG000329509"	"Site"	"Jejunum"	"SiteJejunum"	-0.0818423209127802	0	0.849732905773409	0.923270121455107	0.979528388012634	0.0357937949692038	0.178539550347447	"Prevalence association possibly induced by stronger abundance association"	"prevalence"	47	29
"MGYG000410353"	"Genotype"	"MUT"	"GenotypeMUT"	0.0636564414193545	0	0.681035902107785	0.92553016361044	0.980110322387611	0.024126438424855	0.146060981620493	"Prevalence association possibly induced by stronger abundance association"	"prevalence"	47	31
"1XD8-76 sp003611955"	"Site"	"Jejunum"	"SiteJejunum"	-0.0682324369538937	0	0.80808576116211	0.932708892632396	0.98217982636034	0.000403858728391771	0.0380596465636404	"Prevalence association possibly induced by stronger abundance association"	"prevalence"	47	14
"MGYG000329896"	"Site"	"Jejunum"	"SiteJejunum"	-0.0638306540152114	0	0.828565369551122	0.938593665519733	0.983186363729577	0.00430977337168592	0.0948955706887106	"Prevalence association possibly induced by stronger abundance association"	"prevalence"	47	31
"CAG-873 sp011959565"	"Genotype"	"MUT"	"GenotypeMUT"	-0.0271865625781188	0	0.948872771566479	0.977142593032367	0.994299047908971	0.00188849901328658	0.0767121323328136	"Prevalence association possibly induced by stronger abundance association"	"prevalence"	47	41
"Coproplasma sp910579525"	"Genotype"	"MUT"	"GenotypeMUT"	-0.0271865625781188	0	0.948872771566479	0.977142593032367	0.994299047908971	0.0011384956627547	0.0623789716616297	"Prevalence association possibly induced by stronger abundance association"	"prevalence"	47	41
"MGYG000327551"	"Sex"	"M"	"SexM"	0.0232018469387597	0	0.693960318048092	0.973328522396831	0.994299047908971	0.000901228206956706	0.0601090157435563	"Prevalence association possibly induced by stronger abundance association"	"prevalence"	47	20
"Parvibacter caecicola"	"Genotype"	"MUT"	"GenotypeMUT"	-0.0271865625781188	0	0.948872771566479	0.977142593032367	0.994299047908971	0.000166267369440698	0.0215596961405264	"Prevalence association possibly induced by stronger abundance association"	"prevalence"	47	41
"UBA11957 sp910588295"	"Sex"	"M"	"SexM"	-0.0216201691780661	0	0.878955569859658	0.980375959369014	0.995001627089644	0.00103490505520609	0.0610103866648535	"Prevalence association possibly induced by stronger abundance association"	"prevalence"	47	39
"Paramuribaculum sp910586895"	"Sex"	"M"	"SexM"	0.0187096147260641	0	0.845469272930961	0.982344841022521	0.995125125260117	0.00139708739608091	0.068573706357638	"Prevalence association possibly induced by stronger abundance association"	"prevalence"	47	31
"MGYG000327930"	"Genotype"	"MUT"	"GenotypeMUT"	-0.0123017217272788	0	0.7791941179469	0.98740372151748	0.996531546078457	0.0144561419611802	0.119105587561808	"Prevalence association possibly induced by stronger abundance association"	"prevalence"	47	37
"CAG-510 sp910577105"	"Genotype"	"MUT"	"GenotypeMUT"	0.0071438744000968	0	0.687709207074727	0.991711780912933	0.998222327806122	0.0234123196679771	0.144775394062346	"Prevalence association possibly induced by stronger abundance association"	"prevalence"	47	30
"14-2 sp910585395"	"Sequencing_Depth"	"Sequencing_Depth"	"Sequencing_Depth"	NA	NA	NA	NA	NA	0.0416353391569479	0.192993919992846	"No data points have the baseline factor level"	"abundance"	47	5
"1XD42-69 sp910586355"	"Sequencing_Depth"	"Sequencing_Depth"	"Sequencing_Depth"	NA	NA	NA	NA	NA	0.0225724739526784	0.143667373804847	"contrasts can be applied only to factors with 2 or more levels"	"abundance"	47	7
"1XD42-69 sp910586725"	"Sequencing_Depth"	"Sequencing_Depth"	"Sequencing_Depth"	NA	NA	NA	NA	NA	0.0181023056474095	0.12986676350825	"contrasts can be applied only to factors with 2 or more levels"	"abundance"	47	9
"1XD42-69 sp910589105"	"Sequencing_Depth"	"Sequencing_Depth"	"Sequencing_Depth"	NA	NA	NA	NA	NA	0.021729819364695	0.140646852811048	"No data points have the baseline factor level"	"abundance"	47	6
"Acetatifactor sp910584435"	"Sequencing_Depth"	"Sequencing_Depth"	"Sequencing_Depth"	NA	NA	NA	NA	NA	0.0217631608512197	0.140733779411181	"contrasts can be applied only to factors with 2 or more levels"	"abundance"	47	8
"Acetatifactor sp910584435"	"Sex"	"M"	"SexM"	NA	NA	NA	NA	NA	0.0633523671817725	0.24725264011086	"contrasts can be applied only to factors with 2 or more levels"	"abundance"	47	8
"Acetatifactor sp910585015"	"Sequencing_Depth"	"Sequencing_Depth"	"Sequencing_Depth"	-0.420134357101608	NA	NA	NA	NA	0.0139032915019067	0.117426217090615	"Fitting error (NA p-value returned from fitting procedure)"	"abundance"	47	5
"Alistipes sp900541585"	"Sequencing_Depth"	"Sequencing_Depth"	"Sequencing_Depth"	-0.636043776822576	NA	NA	NA	NA	0.0242180837075812	0.146060981620493	"Fitting error (NA p-value returned from fitting procedure)"	"abundance"	47	5
"Alistipes sp900552955"	"Genotype"	"MUT"	"GenotypeMUT"	NA	NA	NA	NA	NA	0.00406344031386648	0.0925220051811803	"contrasts can be applied only to factors with 2 or more levels"	"abundance"	47	13
"Alistipes sp900552955"	"Sequencing_Depth"	"Sequencing_Depth"	"Sequencing_Depth"	NA	NA	NA	NA	NA	0.0536967980175442	0.223121086647856	"contrasts can be applied only to factors with 2 or more levels"	"abundance"	47	13
"Alistipes_A ihumii"	"Genotype"	"MUT"	"GenotypeMUT"	NA	NA	NA	NA	NA	0.0296794581087986	0.161987961322771	"No data points have the baseline factor level"	"abundance"	47	7
"Alistipes_A ihumii"	"Sex"	"M"	"SexM"	NA	NA	NA	NA	NA	0.0180577062170161	0.12986676350825	"No data points have the baseline factor level"	"abundance"	47	7
"An181 sp910585545"	"Genotype"	"MUT"	"GenotypeMUT"	NA	NA	NA	NA	NA	0.00862334089808272	0.104464558421264	"No data points have the baseline factor level"	"abundance"	47	10
"An181 sp910585545"	"Sequencing_Depth"	"Sequencing_Depth"	"Sequencing_Depth"	NA	NA	NA	NA	NA	0.0326727179625559	0.171440809620894	"No data points have the baseline factor level"	"abundance"	47	10
"Anaerocaecibacter sp910586925"	"Genotype"	"MUT"	"GenotypeMUT"	NA	NA	NA	NA	NA	0.0335913091430526	0.173332961389619	"No data points have the baseline factor level"	"abundance"	47	6
"Anaerocaecibacter sp910586925"	"Sex"	"M"	"SexM"	NA	NA	NA	NA	NA	0.0253303608854529	0.148947579649235	"No data points have the baseline factor level"	"abundance"	47	6
"Anaerostipes hominis"	"Genotype"	"MUT"	"GenotypeMUT"	NA	NA	NA	NA	NA	0.000962409424372085	0.0610103866648535	"No data points have the baseline factor level"	"abundance"	47	14
"Anaerotardibacter sp000434775"	"Sequencing_Depth"	"Sequencing_Depth"	"Sequencing_Depth"	NA	NA	NA	NA	NA	0.0255834262007441	0.14981247422275	"contrasts can be applied only to factors with 2 or more levels"	"abundance"	47	6
"Avigastranaerophilus sp910583875"	"Genotype"	"MUT"	"GenotypeMUT"	NA	NA	NA	NA	NA	0.0141238961190631	0.118117223475137	"No data points have the baseline factor level"	"abundance"	47	8
"Avigastranaerophilus sp910583875"	"Sex"	"M"	"SexM"	NA	NA	NA	NA	NA	0.0437340449003952	0.198784951133413	"No data points have the baseline factor level"	"abundance"	47	8
"Avoscillospira_A sp022795735"	"Sequencing_Depth"	"Sequencing_Depth"	"Sequencing_Depth"	NA	NA	NA	NA	NA	0.00955769605837324	0.104734567039662	"contrasts can be applied only to factors with 2 or more levels"	"abundance"	47	5
"Bacteroides eggerthii"	"Sequencing_Depth"	"Sequencing_Depth"	"Sequencing_Depth"	-0.682593353631781	NA	NA	NA	NA	0.0559629781120629	0.228375478808349	"Fitting error (NA p-value returned from fitting procedure)"	"abundance"	47	4
"Bacteroides fragilis"	"Sequencing_Depth"	"Sequencing_Depth"	"Sequencing_Depth"	NA	NA	NA	NA	NA	0.0517859360641406	0.219559539625289	"contrasts can be applied only to factors with 2 or more levels"	"abundance"	47	4
"Blautia coccoides"	"Genotype"	"MUT"	"GenotypeMUT"	NA	NA	NA	NA	NA	0.0177012586863178	0.128981955046283	"No data points have the baseline factor level"	"abundance"	47	9
"Blautia coccoides"	"Sequencing_Depth"	"Sequencing_Depth"	"Sequencing_Depth"	NA	NA	NA	NA	NA	0.0228548530153233	0.144285612692297	"No data points have the baseline factor level"	"abundance"	47	9
"Blautia_A wexlerae"	"Genotype"	"MUT"	"GenotypeMUT"	NA	NA	NA	NA	NA	0.0262147868597534	0.151174599170919	"No data points have the baseline factor level"	"abundance"	47	7
"Blautia_A wexlerae"	"Sex"	"M"	"SexM"	NA	NA	NA	NA	NA	0.0615493274398614	0.242491999077447	"No data points have the baseline factor level"	"abundance"	47	7
"Butyribacter sp003612285"	"Sex"	"M"	"SexM"	NA	NA	NA	NA	NA	0.0332196171167981	0.172596845057766	"contrasts can be applied only to factors with 2 or more levels"	"abundance"	47	8
"Butyribacter sp910586555"	"Sequencing_Depth"	"Sequencing_Depth"	"Sequencing_Depth"	NA	NA	NA	NA	NA	0.0134474357348331	0.117052310066257	"contrasts can be applied only to factors with 2 or more levels"	"abundance"	47	6
"CAG-115 sp910587465"	"Sequencing_Depth"	"Sequencing_Depth"	"Sequencing_Depth"	-1.00867676847961	NA	NA	NA	NA	0.0329925212582176	0.17184313946432	"Fitting error (NA p-value returned from fitting procedure)"	"abundance"	47	5
"CAG-170 sp900553545"	"Sequencing_Depth"	"Sequencing_Depth"	"Sequencing_Depth"	NA	NA	NA	NA	NA	0.0515377960956068	0.219043381120715	"contrasts can be applied only to factors with 2 or more levels"	"abundance"	47	3
"CAG-41 sp010206265"	"Sequencing_Depth"	"Sequencing_Depth"	"Sequencing_Depth"	NA	NA	NA	NA	NA	0.00494067318729451	0.097327988084125	"contrasts can be applied only to factors with 2 or more levels"	"abundance"	47	7
"CAG-41 sp910578235"	"Genotype"	"MUT"	"GenotypeMUT"	NA	NA	NA	NA	NA	0.0378235148520809	0.182943720092969	"contrasts can be applied only to factors with 2 or more levels"	"abundance"	47	6
"CAG-41 sp910578235"	"Sex"	"M"	"SexM"	NA	NA	NA	NA	NA	0.0241653839724171	0.146060981620493	"contrasts can be applied only to factors with 2 or more levels"	"abundance"	47	6
"Clostridium sp910588715"	"Genotype"	"MUT"	"GenotypeMUT"	NA	NA	NA	NA	NA	0.0425846725402318	0.195193557402308	"No data points have the baseline factor level"	"abundance"	47	6
"Clostridium_AP sp000509125"	"Sequencing_Depth"	"Sequencing_Depth"	"Sequencing_Depth"	NA	NA	NA	NA	NA	0.0508545883194881	0.218082825079487	"contrasts can be applied only to factors with 2 or more levels"	"abundance"	47	5
"Clostridium_Q symbiosum"	"Sequencing_Depth"	"Sequencing_Depth"	"Sequencing_Depth"	NA	NA	NA	NA	NA	0.0104662474364559	0.10741504209069	"contrasts can be applied only to factors with 2 or more levels"	"abundance"	47	5
"COE1 sp910578795"	"Sequencing_Depth"	"Sequencing_Depth"	"Sequencing_Depth"	NA	NA	NA	NA	NA	0.0209592027786952	0.137484176978499	"contrasts can be applied only to factors with 2 or more levels"	"abundance"	47	9
"COE1 sp910578795"	"Sex"	"M"	"SexM"	NA	NA	NA	NA	NA	0.0604086778225649	0.240161567662478	"contrasts can be applied only to factors with 2 or more levels"	"abundance"	47	9
"COE1 sp910586095"	"Sequencing_Depth"	"Sequencing_Depth"	"Sequencing_Depth"	NA	NA	NA	NA	NA	0.052436196512277	0.219821492852179	"No data points have the baseline factor level"	"abundance"	47	4
"Coproplasma sp910587825"	"Sequencing_Depth"	"Sequencing_Depth"	"Sequencing_Depth"	-6.59478725469694	NA	NA	NA	NA	0.0255173974843818	0.149549722570158	"Fitting error (NA p-value returned from fitting procedure)"	"abundance"	47	4
"Dysosmobacter sp900763685"	"Sequencing_Depth"	"Sequencing_Depth"	"Sequencing_Depth"	NA	NA	NA	NA	NA	0.0235006458219578	0.144814790470443	"contrasts can be applied only to factors with 2 or more levels"	"abundance"	47	4
"Dysosmobacter welbionis"	"Sequencing_Depth"	"Sequencing_Depth"	"Sequencing_Depth"	0.342089715267146	NA	NA	NA	NA	0.018169402822888	0.129871704297992	"Fitting error (NA p-value returned from fitting procedure)"	"abundance"	47	5
"Enterenecus sp932222125"	"Sequencing_Depth"	"Sequencing_Depth"	"Sequencing_Depth"	NA	NA	NA	NA	NA	0.0288609457163686	0.160368839876803	"contrasts can be applied only to factors with 2 or more levels"	"abundance"	47	3
"Eubacterium_F sp910589665"	"Sequencing_Depth"	"Sequencing_Depth"	"Sequencing_Depth"	NA	NA	NA	NA	NA	0.0599759824694712	0.239092072247164	"contrasts can be applied only to factors with 2 or more levels"	"abundance"	47	5
"Eubacterium_J sp009774535"	"Genotype"	"MUT"	"GenotypeMUT"	NA	NA	NA	NA	NA	0.0518580777570953	0.219593379002151	"No data points have the baseline factor level"	"abundance"	47	7
"Eubacterium_J sp009774535"	"Sequencing_Depth"	"Sequencing_Depth"	"Sequencing_Depth"	NA	NA	NA	NA	NA	0.0273495255145859	0.154870243458871	"No data points have the baseline factor level"	"abundance"	47	7
"Eubacterium_R sp910577195"	"Genotype"	"MUT"	"GenotypeMUT"	NA	NA	NA	NA	NA	0.0453263490445473	0.202635442787388	"No data points have the baseline factor level"	"abundance"	47	6
"Evtepia sp004556345"	"Sequencing_Depth"	"Sequencing_Depth"	"Sequencing_Depth"	NA	NA	NA	NA	NA	0.0229343069233868	0.144345219353961	"contrasts can be applied only to factors with 2 or more levels"	"abundance"	47	7
"Faecalibacterium longum"	"Genotype"	"MUT"	"GenotypeMUT"	NA	NA	NA	NA	NA	0.0356273257738376	0.177834702379579	"No data points have the baseline factor level"	"abundance"	47	7
"Faecousia sp900544705"	"Genotype"	"MUT"	"GenotypeMUT"	NA	NA	NA	NA	NA	0.0441158541936962	0.199367555908597	"No data points have the baseline factor level"	"abundance"	47	7
"Faecousia sp900544705"	"Sequencing_Depth"	"Sequencing_Depth"	"Sequencing_Depth"	NA	NA	NA	NA	NA	0.0238737157778735	0.146060981620493	"No data points have the baseline factor level"	"abundance"	47	7
"Frisingicoccus caecimuris"	"Sequencing_Depth"	"Sequencing_Depth"	"Sequencing_Depth"	NA	NA	NA	NA	NA	0.0190527281844704	0.131445676370085	"contrasts can be applied only to factors with 2 or more levels"	"abundance"	47	7
"Fusicatenibacter saccharivorans"	"Sequencing_Depth"	"Sequencing_Depth"	"Sequencing_Depth"	NA	NA	NA	NA	NA	0.0213368858585797	0.138765444267368	"No data points have the baseline factor level"	"abundance"	47	5
"Harryflintia sp022792175"	"Sequencing_Depth"	"Sequencing_Depth"	"Sequencing_Depth"	NA	NA	NA	NA	NA	0.0288609457163686	0.160368839876803	"contrasts can be applied only to factors with 2 or more levels"	"abundance"	47	3
"Intestinimonas butyriciproducens"	"Sequencing_Depth"	"Sequencing_Depth"	"Sequencing_Depth"	NA	NA	NA	NA	NA	0.00388633407038655	0.0924413033859377	"contrasts can be applied only to factors with 2 or more levels"	"abundance"	47	6
"Lachnospira sp910587485"	"Sequencing_Depth"	"Sequencing_Depth"	"Sequencing_Depth"	NA	NA	NA	NA	NA	0.0114479308660578	0.109937466523501	"contrasts can be applied only to factors with 2 or more levels"	"abundance"	47	8
"Lawsonibacter asaccharolyticus"	"Sequencing_Depth"	"Sequencing_Depth"	"Sequencing_Depth"	NA	NA	NA	NA	NA	0.0288609457163686	0.160368839876803	"contrasts can be applied only to factors with 2 or more levels"	"abundance"	47	3
"Lawsonibacter sp900066645"	"Sequencing_Depth"	"Sequencing_Depth"	"Sequencing_Depth"	NA	NA	NA	NA	NA	0.00801555347286839	0.104464558421264	"contrasts can be applied only to factors with 2 or more levels"	"abundance"	47	5
"Lentihominibacter faecis"	"Genotype"	"MUT"	"GenotypeMUT"	NA	NA	NA	NA	NA	0.0335913091430526	0.173332961389619	"No data points have the baseline factor level"	"abundance"	47	6
"Lentihominibacter faecis"	"Sex"	"M"	"SexM"	NA	NA	NA	NA	NA	0.0253303608854529	0.148947579649235	"No data points have the baseline factor level"	"abundance"	47	6
"Longicatena caecimuris"	"Sex"	"M"	"SexM"	NA	NA	NA	NA	NA	0.0371880236047842	0.181648203758545	"No data points have the baseline factor level"	"abundance"	47	5
"Marseille-P3106 sp905219705"	"Sequencing_Depth"	"Sequencing_Depth"	"Sequencing_Depth"	NA	NA	NA	NA	NA	0.00777478119357445	0.104464558421264	"contrasts can be applied only to factors with 2 or more levels"	"abundance"	47	9
"Marseille-P3106 sp905219705"	"Sex"	"M"	"SexM"	NA	NA	NA	NA	NA	0.0461243452994861	0.205144040169771	"contrasts can be applied only to factors with 2 or more levels"	"abundance"	47	9
"Marseille-P3106 sp910577415"	"Sequencing_Depth"	"Sequencing_Depth"	"Sequencing_Depth"	NA	NA	NA	NA	NA	0.0514827796621218	0.218941207371767	"No data points have the baseline factor level"	"abundance"	47	5
"MGBC111451 sp910578605"	"Sequencing_Depth"	"Sequencing_Depth"	"Sequencing_Depth"	-1.99236374903526	NA	NA	NA	NA	0.0196185643745671	0.133587681116994	"Fitting error (NA p-value returned from fitting procedure)"	"abundance"	47	4
"MGBC120314 sp910584325"	"Genotype"	"MUT"	"GenotypeMUT"	NA	NA	NA	NA	NA	0.0156631967014033	0.122871780561064	"No data points have the baseline factor level"	"abundance"	47	9
"MGBC120314 sp910584325"	"Sequencing_Depth"	"Sequencing_Depth"	"Sequencing_Depth"	NA	NA	NA	NA	NA	0.0614402825397641	0.242197388171251	"No data points have the baseline factor level"	"abundance"	47	9
"MGBC124762 sp910579775"	"Sequencing_Depth"	"Sequencing_Depth"	"Sequencing_Depth"	NA	NA	NA	NA	NA	0.0378764020899921	0.182943720092969	"No data points have the baseline factor level"	"abundance"	47	6
"MGBC131033 sp910585655"	"Genotype"	"MUT"	"GenotypeMUT"	NA	NA	NA	NA	NA	0.0183561715913955	0.130047180727321	"No data points have the baseline factor level"	"abundance"	47	9
"MGBC131033 sp910585655"	"Sequencing_Depth"	"Sequencing_Depth"	"Sequencing_Depth"	NA	NA	NA	NA	NA	0.0194760038948507	0.13300134833701	"No data points have the baseline factor level"	"abundance"	47	9
"MGBC136627 sp910585935"	"Sequencing_Depth"	"Sequencing_Depth"	"Sequencing_Depth"	NA	NA	NA	NA	NA	0.00787965526530634	0.104464558421264	"contrasts can be applied only to factors with 2 or more levels"	"abundance"	47	7
"MGYG000322925"	"Sequencing_Depth"	"Sequencing_Depth"	"Sequencing_Depth"	NA	NA	NA	NA	NA	0.0362611475234971	0.179855291716545	"contrasts can be applied only to factors with 2 or more levels"	"abundance"	47	7
"MGYG000323038"	"Genotype"	"MUT"	"GenotypeMUT"	NA	NA	NA	NA	NA	0.0128059136342932	0.115598776249661	"No data points have the baseline factor level"	"abundance"	47	10
"MGYG000323038"	"Sequencing_Depth"	"Sequencing_Depth"	"Sequencing_Depth"	NA	NA	NA	NA	NA	0.00574067546049324	0.0997319558965519	"No data points have the baseline factor level"	"abundance"	47	10
"MGYG000323824"	"Sequencing_Depth"	"Sequencing_Depth"	"Sequencing_Depth"	NA	NA	NA	NA	NA	0.0450518340515604	0.201791104611172	"contrasts can be applied only to factors with 2 or more levels"	"abundance"	47	8
"MGYG000323824"	"Sex"	"M"	"SexM"	NA	NA	NA	NA	NA	0.0552890056230834	0.227051453453501	"contrasts can be applied only to factors with 2 or more levels"	"abundance"	47	8
"MGYG000324606"	"Sequencing_Depth"	"Sequencing_Depth"	"Sequencing_Depth"	NA	NA	NA	NA	NA	0.0419930955267365	0.193991633452924	"contrasts can be applied only to factors with 2 or more levels"	"abundance"	47	4
"MGYG000324647"	"Sequencing_Depth"	"Sequencing_Depth"	"Sequencing_Depth"	NA	NA	NA	NA	NA	0.0288609457163686	0.160368839876803	"contrasts can be applied only to factors with 2 or more levels"	"abundance"	47	3
"MGYG000324752"	"Sequencing_Depth"	"Sequencing_Depth"	"Sequencing_Depth"	NA	NA	NA	NA	NA	0.052436196512277	0.219821492852179	"No data points have the baseline factor level"	"abundance"	47	4
"MGYG000324764"	"Genotype"	"MUT"	"GenotypeMUT"	NA	NA	NA	NA	NA	0.0177012586863178	0.128981955046283	"No data points have the baseline factor level"	"abundance"	47	9
"MGYG000324764"	"Sequencing_Depth"	"Sequencing_Depth"	"Sequencing_Depth"	NA	NA	NA	NA	NA	0.0228548530153233	0.144285612692297	"No data points have the baseline factor level"	"abundance"	47	9
"MGYG000325198"	"Genotype"	"MUT"	"GenotypeMUT"	NA	NA	NA	NA	NA	0.0188330731913413	0.130891243058065	"No data points have the baseline factor level"	"abundance"	47	9
"MGYG000325198"	"Sequencing_Depth"	"Sequencing_Depth"	"Sequencing_Depth"	NA	NA	NA	NA	NA	0.0137852203558903	0.117426217090615	"No data points have the baseline factor level"	"abundance"	47	9
"MGYG000325327"	"Sequencing_Depth"	"Sequencing_Depth"	"Sequencing_Depth"	-0.0125468913955797	NA	NA	NA	NA	0.0210365415790972	0.137484176978499	"Fitting error (NA p-value returned from fitting procedure)"	"abundance"	47	5
"MGYG000325376"	"Genotype"	"MUT"	"GenotypeMUT"	NA	NA	NA	NA	NA	0.0192196546038955	0.132139678132694	"No data points have the baseline factor level"	"abundance"	47	8
"MGYG000325376"	"Sex"	"M"	"SexM"	NA	NA	NA	NA	NA	0.0140726573987655	0.117850168832316	"No data points have the baseline factor level"	"abundance"	47	8
"MGYG000325401"	"Sequencing_Depth"	"Sequencing_Depth"	"Sequencing_Depth"	NA	NA	NA	NA	NA	0.0230223163614209	0.144367710266686	"contrasts can be applied only to factors with 2 or more levels"	"abundance"	47	6
"MGYG000325491"	"Sequencing_Depth"	"Sequencing_Depth"	"Sequencing_Depth"	-0.799863862746253	NA	NA	NA	NA	0.0338436029190572	0.173902916699606	"Fitting error (NA p-value returned from fitting procedure)"	"abundance"	47	4
"MGYG000325610"	"Sequencing_Depth"	"Sequencing_Depth"	"Sequencing_Depth"	NA	NA	NA	NA	NA	0.019301551321022	0.132139678132694	"contrasts can be applied only to factors with 2 or more levels"	"abundance"	47	10
"MGYG000325610"	"Sex"	"M"	"SexM"	NA	NA	NA	NA	NA	0.0370530794826458	0.181648203758545	"contrasts can be applied only to factors with 2 or more levels"	"abundance"	47	10
"MGYG000325643"	"Sequencing_Depth"	"Sequencing_Depth"	"Sequencing_Depth"	-1.37951992823336	NA	NA	NA	NA	0.0414170501871125	0.192209921682542	"Fitting error (NA p-value returned from fitting procedure)"	"abundance"	47	5
"MGYG000325692"	"Sequencing_Depth"	"Sequencing_Depth"	"Sequencing_Depth"	NA	NA	NA	NA	NA	0.0562546184674783	0.229168670506131	"No data points have the baseline factor level"	"abundance"	47	6
"MGYG000325711"	"Sequencing_Depth"	"Sequencing_Depth"	"Sequencing_Depth"	NA	NA	NA	NA	NA	0.0536022537388694	0.223000499584856	"contrasts can be applied only to factors with 2 or more levels"	"abundance"	47	13
"MGYG000325711"	"Sex"	"M"	"SexM"	NA	NA	NA	NA	NA	0.00871481795096679	0.104464558421264	"contrasts can be applied only to factors with 2 or more levels"	"abundance"	47	13
"MGYG000325728"	"Sequencing_Depth"	"Sequencing_Depth"	"Sequencing_Depth"	NA	NA	NA	NA	NA	0.0335084795534034	0.173332961389619	"contrasts can be applied only to factors with 2 or more levels"	"abundance"	47	7
"MGYG000325739"	"Sex"	"M"	"SexM"	NA	NA	NA	NA	NA	0.0565544531383653	0.229464336843838	"No data points have the baseline factor level"	"abundance"	47	5
"MGYG000325795"	"Sequencing_Depth"	"Sequencing_Depth"	"Sequencing_Depth"	NA	NA	NA	NA	NA	0.0342954216228958	0.174473270303364	"No data points have the baseline factor level"	"abundance"	47	4
"MGYG000326286"	"Sex"	"M"	"SexM"	NA	NA	NA	NA	NA	0.0292057346873744	0.161281348194584	"No data points have the baseline factor level"	"abundance"	47	6
"MGYG000326756"	"Sequencing_Depth"	"Sequencing_Depth"	"Sequencing_Depth"	NA	NA	NA	NA	NA	0.0344351791906431	0.17484759089042	"contrasts can be applied only to factors with 2 or more levels"	"abundance"	47	3
"MGYG000327196"	"Sequencing_Depth"	"Sequencing_Depth"	"Sequencing_Depth"	-0.758035985113249	NA	NA	NA	NA	0.0540621696135836	0.223587720789239	"Fitting error (NA p-value returned from fitting procedure)"	"abundance"	47	3
"MGYG000327261"	"Sequencing_Depth"	"Sequencing_Depth"	"Sequencing_Depth"	NA	NA	NA	NA	NA	0.046518132181374	0.206138030255769	"No data points have the baseline factor level"	"abundance"	47	5
"MGYG000327388"	"Genotype"	"MUT"	"GenotypeMUT"	NA	NA	NA	NA	NA	0.0612725663958358	0.242197388171251	"No data points have the baseline factor level"	"abundance"	47	6
"MGYG000327388"	"Sequencing_Depth"	"Sequencing_Depth"	"Sequencing_Depth"	NA	NA	NA	NA	NA	0.0636927694174327	0.247491711044178	"No data points have the baseline factor level"	"abundance"	47	6
"MGYG000327466"	"Sequencing_Depth"	"Sequencing_Depth"	"Sequencing_Depth"	NA	NA	NA	NA	NA	0.0604141577962487	0.240161567662478	"contrasts can be applied only to factors with 2 or more levels"	"abundance"	47	5
"MGYG000328329"	"Sequencing_Depth"	"Sequencing_Depth"	"Sequencing_Depth"	NA	NA	NA	NA	NA	0.0342954216228958	0.174473270303364	"No data points have the baseline factor level"	"abundance"	47	4
"MGYG000328377"	"Sequencing_Depth"	"Sequencing_Depth"	"Sequencing_Depth"	NA	NA	NA	NA	NA	0.0138028805841479	0.117426217090615	"contrasts can be applied only to factors with 2 or more levels"	"abundance"	47	6
"MGYG000328446"	"Genotype"	"MUT"	"GenotypeMUT"	NA	NA	NA	NA	NA	0.0645834506645131	0.249168029092128	"contrasts can be applied only to factors with 2 or more levels"	"abundance"	47	5
"MGYG000328872"	"Genotype"	"MUT"	"GenotypeMUT"	NA	NA	NA	NA	NA	0.00895433366121571	0.104562659028731	"contrasts can be applied only to factors with 2 or more levels"	"abundance"	47	10
"MGYG000328974"	"Sequencing_Depth"	"Sequencing_Depth"	"Sequencing_Depth"	NA	NA	NA	NA	NA	0.0591050134483942	0.236822128714994	"contrasts can be applied only to factors with 2 or more levels"	"abundance"	47	8
"MGYG000328974"	"Sex"	"M"	"SexM"	NA	NA	NA	NA	NA	0.0529434464971656	0.221422650794063	"contrasts can be applied only to factors with 2 or more levels"	"abundance"	47	8
"MGYG000330031"	"Sequencing_Depth"	"Sequencing_Depth"	"Sequencing_Depth"	NA	NA	NA	NA	NA	0.0189133932645923	0.131028997706956	"contrasts can be applied only to factors with 2 or more levels"	"abundance"	47	4
"MGYG000330170"	"Sequencing_Depth"	"Sequencing_Depth"	"Sequencing_Depth"	NA	NA	NA	NA	NA	0.0429131426044021	0.196144737510533	"No data points have the baseline factor level"	"abundance"	47	4
"MGYG000330673"	"Sequencing_Depth"	"Sequencing_Depth"	"Sequencing_Depth"	NA	NA	NA	NA	NA	0.0117140314951506	0.111133925647952	"contrasts can be applied only to factors with 2 or more levels"	"abundance"	47	8
"MGYG000330830"	"Genotype"	"MUT"	"GenotypeMUT"	NA	NA	NA	NA	NA	0.00208204924985899	0.0792179785671185	"contrasts can be applied only to factors with 2 or more levels"	"abundance"	47	12
"MGYG000330830"	"Sex"	"M"	"SexM"	NA	NA	NA	NA	NA	0.00253589951454218	0.0862988891295214	"contrasts can be applied only to factors with 2 or more levels"	"abundance"	47	12
"MGYG000330847"	"Sequencing_Depth"	"Sequencing_Depth"	"Sequencing_Depth"	NA	NA	NA	NA	NA	0.0129829809393809	0.115785177293055	"No data points have the baseline factor level"	"abundance"	47	6
"MGYG000330888"	"Sequencing_Depth"	"Sequencing_Depth"	"Sequencing_Depth"	NA	NA	NA	NA	NA	0.0342954216228958	0.174473270303364	"No data points have the baseline factor level"	"abundance"	47	4
"MGYG000339089"	"Sequencing_Depth"	"Sequencing_Depth"	"Sequencing_Depth"	NA	NA	NA	NA	NA	0.0352658878154704	0.176866538836849	"contrasts can be applied only to factors with 2 or more levels"	"abundance"	47	3
"MGYG000340095"	"Genotype"	"MUT"	"GenotypeMUT"	NA	NA	NA	NA	NA	0.0453263490445473	0.202635442787388	"No data points have the baseline factor level"	"abundance"	47	6
"MGYG000346441"	"Sequencing_Depth"	"Sequencing_Depth"	"Sequencing_Depth"	NA	NA	NA	NA	NA	0.00859667844096438	0.104464558421264	"contrasts can be applied only to factors with 2 or more levels"	"abundance"	47	6
"MGYG000350270"	"Genotype"	"MUT"	"GenotypeMUT"	NA	NA	NA	NA	NA	0.0453263490445473	0.202635442787388	"No data points have the baseline factor level"	"abundance"	47	6
"MGYG000360413"	"Sequencing_Depth"	"Sequencing_Depth"	"Sequencing_Depth"	NA	NA	NA	NA	NA	0.0230223163614209	0.144367710266686	"contrasts can be applied only to factors with 2 or more levels"	"abundance"	47	6
"MGYG000369368"	"Genotype"	"MUT"	"GenotypeMUT"	NA	NA	NA	NA	NA	0.0108553920321185	0.108985668867917	"No data points have the baseline factor level"	"abundance"	47	9
"MGYG000369368"	"Sex"	"M"	"SexM"	NA	NA	NA	NA	NA	0.0092739999366502	0.104562659028731	"No data points have the baseline factor level"	"abundance"	47	9
"MGYG000387732"	"Sequencing_Depth"	"Sequencing_Depth"	"Sequencing_Depth"	NA	NA	NA	NA	NA	0.0235006458219578	0.144814790470443	"contrasts can be applied only to factors with 2 or more levels"	"abundance"	47	4
"MGYG000410149"	"Sequencing_Depth"	"Sequencing_Depth"	"Sequencing_Depth"	-0.433623486237531	NA	NA	NA	NA	0.0422266387635968	0.194435102788992	"Fitting error (NA p-value returned from fitting procedure)"	"abundance"	47	5
"MGYG000410161"	"Sequencing_Depth"	"Sequencing_Depth"	"Sequencing_Depth"	NA	NA	NA	NA	NA	0.010055243813698	0.105260870522616	"contrasts can be applied only to factors with 2 or more levels"	"abundance"	47	6
"MGYG000410441"	"Genotype"	"MUT"	"GenotypeMUT"	NA	NA	NA	NA	NA	0.0285687857468588	0.159407234629548	"No data points have the baseline factor level"	"abundance"	47	6
"MGYG000410441"	"Sex"	"M"	"SexM"	NA	NA	NA	NA	NA	0.0265240326692523	0.152454560097386	"No data points have the baseline factor level"	"abundance"	47	6
"MGYG000410493"	"Sequencing_Depth"	"Sequencing_Depth"	"Sequencing_Depth"	NA	NA	NA	NA	NA	0.00442860114552853	0.0954309539530356	"contrasts can be applied only to factors with 2 or more levels"	"abundance"	47	9
"MGYG000410602"	"Sequencing_Depth"	"Sequencing_Depth"	"Sequencing_Depth"	NA	NA	NA	NA	NA	0.0270626721507606	0.153884929011726	"contrasts can be applied only to factors with 2 or more levels"	"abundance"	47	6
"MGYG000410809"	"Sex"	"M"	"SexM"	NA	NA	NA	NA	NA	0.0572836414279975	0.231360444350335	"contrasts can be applied only to factors with 2 or more levels"	"abundance"	47	8
"MGYG000410939"	"Sequencing_Depth"	"Sequencing_Depth"	"Sequencing_Depth"	-387.914674033715	NA	NA	NA	NA	0.00856101041995327	0.104464558421264	"Fitting error (NA p-value returned from fitting procedure)"	"abundance"	47	5
"MGYG000410975"	"Genotype"	"MUT"	"GenotypeMUT"	NA	NA	NA	NA	NA	0.0247057509613575	0.147358858898628	"No data points have the baseline factor level"	"abundance"	47	8
"MGYG000410975"	"Sequencing_Depth"	"Sequencing_Depth"	"Sequencing_Depth"	NA	NA	NA	NA	NA	0.0157673480443569	0.123519254451311	"No data points have the baseline factor level"	"abundance"	47	8
"MGYG000411069"	"Sequencing_Depth"	"Sequencing_Depth"	"Sequencing_Depth"	NA	NA	NA	NA	NA	0.0522397394289009	0.219821492852179	"No data points have the baseline factor level"	"abundance"	47	3
"MGYG000411369"	"Genotype"	"MUT"	"GenotypeMUT"	NA	NA	NA	NA	NA	0.0293960982490082	0.16168997854007	"No data points have the baseline factor level"	"abundance"	47	8
"MGYG000411369"	"Sequencing_Depth"	"Sequencing_Depth"	"Sequencing_Depth"	NA	NA	NA	NA	NA	0.0227858112925899	0.144285612692297	"No data points have the baseline factor level"	"abundance"	47	8
"MGYG000411484"	"Sex"	"M"	"SexM"	NA	NA	NA	NA	NA	0.051740652945411	0.219509564836834	"contrasts can be applied only to factors with 2 or more levels"	"abundance"	47	7
"MGYG000411499"	"Sequencing_Depth"	"Sequencing_Depth"	"Sequencing_Depth"	-0.463785107704196	NA	NA	NA	NA	0.0180474445417084	0.12986676350825	"Fitting error (NA p-value returned from fitting procedure)"	"abundance"	47	5
"MGYG000411571"	"Genotype"	"MUT"	"GenotypeMUT"	NA	NA	NA	NA	NA	0.00139028648979353	0.068573706357638	"No data points have the baseline factor level"	"abundance"	47	11
"MGYG000411571"	"Sex"	"M"	"SexM"	NA	NA	NA	NA	NA	0.0032364178094879	0.0914858855441843	"No data points have the baseline factor level"	"abundance"	47	11
"Oscillibacter sp002455655"	"Sequencing_Depth"	"Sequencing_Depth"	"Sequencing_Depth"	NA	NA	NA	NA	NA	0.0288609457163686	0.160368839876803	"contrasts can be applied only to factors with 2 or more levels"	"abundance"	47	3
"Prevotella faecis"	"Sequencing_Depth"	"Sequencing_Depth"	"Sequencing_Depth"	NA	NA	NA	NA	NA	0.0432781842557823	0.197348520206367	"contrasts can be applied only to factors with 2 or more levels"	"abundance"	47	4
"Prevotella sp000436915"	"Sequencing_Depth"	"Sequencing_Depth"	"Sequencing_Depth"	276.713172579611	NA	NA	NA	NA	0.0233262851186325	0.144740937295741	"Fitting error (NA p-value returned from fitting procedure)"	"abundance"	47	4
"QAKD01 sp022793975"	"Sequencing_Depth"	"Sequencing_Depth"	"Sequencing_Depth"	NA	NA	NA	NA	NA	0.0446593516584127	0.201180559287228	"contrasts can be applied only to factors with 2 or more levels"	"abundance"	47	7
"QXXE01 sp910586105"	"Sequencing_Depth"	"Sequencing_Depth"	"Sequencing_Depth"	NA	NA	NA	NA	NA	0.00868735706197211	0.104464558421264	"contrasts can be applied only to factors with 2 or more levels"	"abundance"	47	5
"QXXE01 sp910589115"	"Genotype"	"MUT"	"GenotypeMUT"	NA	NA	NA	NA	NA	0.0494165500418015	0.214034871641648	"contrasts can be applied only to factors with 2 or more levels"	"abundance"	47	8
"QXXE01 sp910589115"	"Sequencing_Depth"	"Sequencing_Depth"	"Sequencing_Depth"	NA	NA	NA	NA	NA	0.0241888278189135	0.146060981620493	"contrasts can be applied only to factors with 2 or more levels"	"abundance"	47	8
"QXXE01 sp910589115"	"Sex"	"M"	"SexM"	NA	NA	NA	NA	NA	0.0553494533300734	0.227051453453501	"contrasts can be applied only to factors with 2 or more levels"	"abundance"	47	8
"RACS-047 sp013316045"	"Genotype"	"MUT"	"GenotypeMUT"	NA	NA	NA	NA	NA	0.0467763953581478	0.206634726494618	"contrasts can be applied only to factors with 2 or more levels"	"abundance"	47	5
"RGIG7179 sp022793795"	"Sequencing_Depth"	"Sequencing_Depth"	"Sequencing_Depth"	NA	NA	NA	NA	NA	0.029291375911697	0.161429895575413	"contrasts can be applied only to factors with 2 or more levels"	"abundance"	47	3
"RUG572 sp900547945"	"Sequencing_Depth"	"Sequencing_Depth"	"Sequencing_Depth"	NA	NA	NA	NA	NA	0.0491841907794911	0.213665556502424	"contrasts can be applied only to factors with 2 or more levels"	"abundance"	47	2
"Ruminococcus_B gnavus"	"Sequencing_Depth"	"Sequencing_Depth"	"Sequencing_Depth"	NA	NA	NA	NA	NA	0.0386685158506665	0.184918179994933	"contrasts can be applied only to factors with 2 or more levels"	"abundance"	47	9
"Ruthenibacterium lactatiformans"	"Sequencing_Depth"	"Sequencing_Depth"	"Sequencing_Depth"	NA	NA	NA	NA	NA	0.00651933908550684	0.102020167783013	"contrasts can be applied only to factors with 2 or more levels"	"abundance"	47	6
"SFMI01 sp004556155"	"Sequencing_Depth"	"Sequencing_Depth"	"Sequencing_Depth"	NA	NA	NA	NA	NA	0.0635866984026221	0.247491711044178	"contrasts can be applied only to factors with 2 or more levels"	"abundance"	47	3
"Staphylococcus nepalensis"	"Genotype"	"MUT"	"GenotypeMUT"	NA	NA	NA	NA	NA	0.030535807820289	0.164887927190237	"No data points have the baseline factor level"	"abundance"	47	7
"Streptococcus alactolyticus"	"Sex"	"M"	"SexM"	NA	NA	NA	NA	NA	0.0351578012396593	0.176785277938501	"No data points have the baseline factor level"	"abundance"	47	5
"UBA1405 sp910589145"	"Sequencing_Depth"	"Sequencing_Depth"	"Sequencing_Depth"	NA	NA	NA	NA	NA	0.052436196512277	0.219821492852179	"No data points have the baseline factor level"	"abundance"	47	4
"UBA3282 sp910578555"	"Sequencing_Depth"	"Sequencing_Depth"	"Sequencing_Depth"	NA	NA	NA	NA	NA	0.0564076671934952	0.229292961906216	"contrasts can be applied only to factors with 2 or more levels"	"abundance"	47	6
"UBA3282 sp910578715"	"Sequencing_Depth"	"Sequencing_Depth"	"Sequencing_Depth"	-0.383162454920743	NA	NA	NA	NA	0.0373481058093958	0.181858410682628	"Fitting error (NA p-value returned from fitting procedure)"	"abundance"	47	5
"UBA3818 sp910583935"	"Sex"	"M"	"SexM"	NA	NA	NA	NA	NA	0.00214622761328782	0.0794216584854363	"contrasts can be applied only to factors with 2 or more levels"	"abundance"	47	15
"UBA7177 sp910579545"	"Sequencing_Depth"	"Sequencing_Depth"	"Sequencing_Depth"	NA	NA	NA	NA	NA	0.00645328222207203	0.102020167783013	"contrasts can be applied only to factors with 2 or more levels"	"abundance"	47	9
"UBA7177 sp910579545"	"Sex"	"M"	"SexM"	NA	NA	NA	NA	NA	0.0239709179536647	0.146060981620493	"contrasts can be applied only to factors with 2 or more levels"	"abundance"	47	9
"UBA7177 sp910579545"	"Site"	"Jejunum"	"SiteJejunum"	NA	NA	NA	NA	NA	0.0530813172984855	0.221605877534374	"contrasts can be applied only to factors with 2 or more levels"	"abundance"	47	9
"UBA7185 sp910585405"	"Sex"	"M"	"SexM"	NA	NA	NA	NA	NA	0.00438595447537966	0.0954309539530356	"No data points have the baseline factor level"	"abundance"	47	11
"UBA866 sp022791945"	"Sequencing_Depth"	"Sequencing_Depth"	"Sequencing_Depth"	NA	NA	NA	NA	NA	0.027523561765761	0.155132802679744	"contrasts can be applied only to factors with 2 or more levels"	"abundance"	47	9
"UBA866 sp022791945"	"Sex"	"M"	"SexM"	NA	NA	NA	NA	NA	0.0445319361322365	0.200734518228729	"contrasts can be applied only to factors with 2 or more levels"	"abundance"	47	9
"Ventrimonas sp022794255"	"Sequencing_Depth"	"Sequencing_Depth"	"Sequencing_Depth"	NA	NA	NA	NA	NA	0.0333825176069216	0.173109049483288	"No data points have the baseline factor level"	"abundance"	47	4
"VSOB01 sp910585205"	"Sequencing_Depth"	"Sequencing_Depth"	"Sequencing_Depth"	-0.484791859814298	NA	NA	NA	NA	0.00908999909571087	0.104562659028731	"Fitting error (NA p-value returned from fitting procedure)"	"abundance"	47	4
"Akkermansia muciniphila"	"Sequencing_Depth"	"Sequencing_Depth"	"Sequencing_Depth"	NA	0	NA	NA	NA	0.0365139381889473	0.180082502069725	"All logistic values are the same"	"prevalence"	47	47
"Akkermansia muciniphila_A"	"Sex"	"M"	"SexM"	NA	0	NA	NA	NA	0.00361666093586299	0.0916220770418625	"All logistic values are the same"	"prevalence"	47	47
"Alistipes finegoldii"	"Sequencing_Depth"	"Sequencing_Depth"	"Sequencing_Depth"	NA	0	NA	NA	NA	0.0125590571628866	0.114431430947284	"All logistic values are the same"	"prevalence"	47	47
"Alistipes finegoldii"	"Sex"	"M"	"SexM"	NA	0	NA	NA	NA	0.0317896167901779	0.16877381627216	"All logistic values are the same"	"prevalence"	47	47
"Desulfovibrio sp009773975"	"Sequencing_Depth"	"Sequencing_Depth"	"Sequencing_Depth"	NA	0	NA	NA	NA	0.0020004154267137	0.0785496457556245	"All logistic values are the same"	"prevalence"	47	47
"Desulfovibrio sp009773975"	"Sex"	"M"	"SexM"	NA	0	NA	NA	NA	0.0058487777307562	0.10033536636344	"All logistic values are the same"	"prevalence"	47	47
"Faecalibaculum rodentium"	"Sequencing_Depth"	"Sequencing_Depth"	"Sequencing_Depth"	NA	0	NA	NA	NA	0.000179111010413568	0.0223067369333427	"All logistic values are the same"	"prevalence"	47	47
"Faecalibaculum rodentium"	"Sex"	"M"	"SexM"	NA	0	NA	NA	NA	0.0159698171677436	0.124311308085475	"All logistic values are the same"	"prevalence"	47	47
"JAGBWK01 sp001915385"	"Sex"	"M"	"SexM"	NA	0	NA	NA	NA	0.0312853650156939	0.167116108630841	"All logistic values are the same"	"prevalence"	47	47
"Lactobacillus sp910589675"	"Sex"	"M"	"SexM"	NA	0	NA	NA	NA	0.0481097592020288	0.211407114826637	"All logistic values are the same"	"prevalence"	47	47
"Lawsonibacter sp910588635"	"Genotype"	"MUT"	"GenotypeMUT"	NA	0	NA	NA	NA	0.0340432969202032	0.174188505232535	"All logistic values are the same"	"prevalence"	47	47
"Lawsonibacter sp910588635"	"Sex"	"M"	"SexM"	NA	0	NA	NA	NA	0.0595583953286387	0.238098833813811	"All logistic values are the same"	"prevalence"	47	47
"NM07-P-09 sp004793925"	"Genotype"	"MUT"	"GenotypeMUT"	NA	0	NA	NA	NA	0.0328015359736736	0.171628301359233	"All logistic values are the same"	"prevalence"	47	47
"NM07-P-09 sp004793925"	"Sequencing_Depth"	"Sequencing_Depth"	"Sequencing_Depth"	NA	0	NA	NA	NA	0.0394653454339118	0.186832593119148	"All logistic values are the same"	"prevalence"	47	47
"NM07-P-09 sp004793925"	"Sex"	"M"	"SexM"	NA	0	NA	NA	NA	0.0195248715854532	0.133077909706831	"All logistic values are the same"	"prevalence"	47	47
"Ruminococcus sp910584195"	"Site"	"Jejunum"	"SiteJejunum"	NA	0	NA	NA	NA	0.0186441377757083	0.13070292692842	"All logistic values are the same"	"prevalence"	47	47
